tree
version=v4
num_class=1
num_tree_per_iteration=1
label_index=0
max_feature_idx=45
objective=binary sigmoid:1
feature_names=latitude longitude is_ocean elev_proxy_m coastal region_id season_id lead_days lead_bucket_id regime_id mae7_climatology mae7_persistence mae7_recent3 mae7_anom_persistence rmse30_climatology rmse30_persistence rmse30_recent3 rmse30_anom_persistence regmae_climatology regmae_persistence regmae_recent3 regmae_anom_persistence now_tp_mm now_t2m_C_mean now_t2m_C_max now_wind_speed_mean now_wind_speed_max now_msl_hPa_mean now_msl_hPa_min now_tcc_mean now_cape_max now_rh_pct_mean now_blh_mean now_ssrd_MJ now_msl_anom now_tp3 now_tp7 now_target_tendency now_anomaly expert_spread expert_range exp_climatology exp_persistence exp_recent3 exp_anom_persistence blend_pred
feature_infos=[7:37] [68:97] [0:1] [0:5388.1943359375] [0:1] -1:305:505:603:308:902:801:707:703:202:704:904:306:2:407:501:804:605:102:905:104:800:100:7:803:300:906:303:304:400:900:608:504:5:201:106:600:500:101:901:3:502:702:705:807:105:404:302:706:8:503:700:903:4:406:808:806:108:301:1:307:701:408:506:103:401:601:907:208:204:207:205:403:107:203:602:802:0:708:206:402:200:508:908:405:6:507:607:606:604:805:909:109:709:609:809:309:209:409:9:509:1002:1007:1004:1005:1003:1008:1001:1006:1000 -1:2:1:3:0 [1:3] -1:1:2 -1:5:4:2:3:0:1 [0:70.620429992675781] [0:110.42812347412109] [0:110.34774780273438] [0:110.73817443847656] [0:101.24715423583984] [0:126.24263000488281] [0:113.39291381835938] [0:125.84156799316406] [0.00012477797281462699:16.375064849853516] [0.00010276662942487746:21.473657608032227] [0.00011037896911147982:19.080720901489258] [0.0001088123390218243:21.834386825561523] [0:393.65960693359375] [-36.222400665283203:41.265533447265625] [-32.310256958007812:48.153472900390625] [0.11583654582500458:16.9716796875] [0.16163851320743561:20.725681304931641] [991.2779541015625:1049.922607421875] [986.6312255859375:1047.76123046875] [0:1] [0:6924.375] [4.3088536262512207:99.99932861328125] [9.003265380859375:3558.749267578125] [0.60633599758148193:35.698558807373047] [-30.140869140625:29.3524169921875] [0:160.36891174316406] [0:594.80096435546875] [-294.02734375:387.42257690429688] [-47.725894927978516:392.55328369140625] [0:169.31253051757812] [0:392.55328369140625] [0:54.329784393310547] [0:393.65960693359375] [0:160.36891174316406] [0:393.74172973632812] [0:52.323982238769531]
tree_sizes=3411 3473 3905 3496 3470 3897 3881 3879 3484 3999 3487 3495 4009 4045 4186 3530 3506 4155 3515 3500 4299 4257 4149 4302 4345 4099 3524 4243 3505 4343 4282 3516 3529 3539 3528 4321 4182 4225 3539 4360 4342 3518 4368 4305 3556 4326 4266 3537 3536 4277 3530 4203

Tree=0
num_leaves=31
num_cat=0
split_feature=44 21 10 10 35 1 28 1 24 41 33 25 0 28 22 22 21 0 10 10 24 41 29 1 10 12 19 28 41 41
split_gain=11000.6 3379.94 1827.76 1016.6 717.839 608.274 591.67 524.876 502.144 563.703 462.188 411.603 402.992 279.652 269.932 263.671 256.165 223.939 184.57 178.984 173.767 161.053 159.63 147.191 178.796 169.403 160.802 144.393 141.288 140.586
threshold=19.319719314575199 10.555268764495851 9.842412471771242 4.6129870414733896 7.3981285095214853 90.250000000000014 1002.1090698242189 86.750000000000014 29.338562011718754 13.215741634368898 12.717887878417971 10.34456253051758 19.250000000000004 1002.9103088378907 4.2014122009277353 3.1542778015136723 4.7059535980224618 12.750000000000002 7.1815533638000497 6.7502784729003915 17.063598632812504 8.3953261375427264 0.38432693481445318 90.750000000000014 6.0312166213989267 6.0714311599731454 8.9103631973266619 1011.3296813964845 10.283183574676515 3.8036607503890996
decision_type=2 2 2 2 2 2 2 2 2 2 2 2 2 2 2 2 2 2 2 2 2 2 2 2 2 2 2 2 2 2
left_child=1 3 19 -1 13 10 15 8 9 22 11 16 -7 18 29 -5 -4 -16 -3 -2 -18 -14 -6 24 -19 26 -26 -24 -20 -8
right_child=2 4 5 6 7 12 14 -9 -10 -11 -12 -13 21 -15 17 -17 20 23 28 -21 -22 -23 27 -25 25 -27 -28 -29 -30 -31
leaf_value=-5.4253445764250978 -5.3605442086408663 -5.3455064562763175 -5.2693626275936332 -5.3470439325506023 -5.378031169418815 -5.3094885279158417 -5.3609268591458399 -5.2921596252455405 -5.3123504027539195 -5.3342013286442098 -5.2147988115595565 -5.2517442621409627 -5.359131651242941 -5.3619217555560859 -5.3957366745268418 -5.2022491095951304 -5.3604688165791154 -5.3805212607566917 -5.1213500938104319 -5.2275403315315074 -4.7991974025767687 -5.0223603017791563 -4.9347413555023838 -5.3761711959810414 -5.1200159816304609 -5.3156886814264359 -5.3851002801514607 -5.3835317727475545 -5.3221142086402047 -5.4136350500167731
leaf_weight=3499.938713519834 39.941041365265846 42.277628794312477 8.9219305152073485 70.143259344622493 2.3913511969149104 39.530313106253743 156.35055726394057 109.86068199109286 31.854258310049772 16.456512244418263 26.606063889339566 14.603671431541441 5.4079220769926932 210.39326885528862 138.90829719789326 56.990827761590481 2.1403505941852918 35.906777132302523 21.042977803386748 79.361826935783029 74.013232273980975 25.885007612407207 40.616461168974638 66.186577116139233 22.841054848395292 61.768966508097947 6.5077610816806546 1.7159313932061184 22.722400018014014 547.71526068728417
leaf_count=766917 8752 9264 1955 15370 524 8662 34260 24073 6980 3606 5830 3200 1185 46102 30438 12488 469 7868 4611 17390 16218 5672 8900 14503 5005 13535 1426 376 4979 120017
internal_value=-5.38085 -5.39862 -5.09934 -5.41192 -5.27625 -5.00818 -5.37148 -5.20567 -5.12202 -5.0464 -4.93721 -4.88497 -5.17391 -5.32869 -5.38436 -5.27388 -4.84217 -5.3478 -5.25781 -5.26709 -4.81082 -5.0613 -4.96831 -5.31428 -5.2847 -5.25066 -5.16504 -4.95005 -5.19535 -5.40182
internal_weight=5479 5162.59 316.411 4663.26 499.331 197.108 1163.32 202.895 93.0345 61.1803 126.285 99.6792 70.8232 296.436 1036.19 127.134 85.0755 332.119 86.043 119.303 76.1536 31.2929 44.7237 193.211 127.025 91.1178 29.3488 42.3324 43.7654 704.066
internal_count=1200575 1131242 69333 1021827 109415 43191 254910 44459 20386 13406 27672 21842 15519 64956 227052 27858 18642 72775 18854 26142 16687 6857 9800 42337 27834 19966 6431 9276 9590 154277
is_linear=0
shrinkage=1


Tree=1
num_leaves=31
num_cat=0
split_feature=18 38 18 44 29 10 41 38 19 10 18 34 25 25 24 29 3 41 18 16 33 10 34 25 43 10 10 10 33 3
split_gain=8410.01 4745.83 2109.74 939.403 582.838 511.529 601.37 430.713 382.35 353.658 311.639 293.897 202.332 199.673 197.506 197.485 180.808 153.676 275.075 267.078 153.618 149.868 131.712 125.157 120.377 111.805 109.919 108.385 96.8236 94.4544
threshold=8.2605919837951678 2.1798181533813481 11.181046009063722 14.538993358612062 0.76147842407226574 6.9274637699127206 10.456557273864748 -6.6398389339447013 8.7593588829040545 3.2400245666503911 10.88958787918091 -6.2722778320312491 9.0147752761840838 9.6006021499633807 28.132019042968754 0.71184158325195324 36.853872299194343 2.9105161428451543 3.684299230575562 3.6761901378631596 19.567679405212406 10.473347187042238 -6.5455017089843741 8.231814384460451 7.3981285095214853 4.2550110816955575 7.2716150283813485 8.1797809600830096 15.457727909088137 3707.784057617188
decision_type=2 2 2 2 2 2 2 2 2 2 2 2 2 2 2 2 2 2 2 10 2 2 2 2 2 2 2 2 2 2
left_child=3 4 8 9 24 -4 15 16 12 -1 26 23 28 20 -8 -7 -6 18 -11 -20 25 -18 29 27 -2 -12 -9 -10 -3 -5
right_child=1 2 5 22 7 6 14 10 11 17 13 -13 -14 -15 -16 -17 21 -19 19 -21 -22 -23 -24 -25 -26 -27 -28 -29 -30 -31
leaf_value=-0.04813952430352926 -0.017843568370646917 0.34350718688916415 0.10211429487437317 0.14896413255859772 -0.011932827043261998 0.037518219205953773 0.28129220633841873 0.024617921406461473 0.054007210158570074 -0.032587601159241829 0.026840593197697021 0.034807497819191249 0.029150330253512487 0.00090408783523322582 0.047797453319728053 0.53047710005004056 0.0065326852796332574 -0.025786660746560042 0.19774588309923211 0.027840482503508401 -0.0016360931350279204 0.13273891217874823 0.038112501816148094 0.016987474067117578 0.060914166156453564 0.24915866066928694 0.11149364787070803 0.23294382767809041 0.060295042987530557 -0.016686989704141949
leaf_weight=2850.7147610629909 275.68044890416786 30.889363640919328 20.860891581978649 45.719118121080101 123.20124991983175 3.6995010394603005 32.829402170609683 76.86210117675364 18.79605186637491 146.02144708763808 8.8423735969699901 90.525503914803267 10.177474770229308 12.527651692274956 17.550457650329918 84.700908692553639 42.880642241798341 922.96071677142754 19.447795691434294 130.28378482349217 7.5371550521813324 45.208556301891804 182.37313829455525 13.825667428784071 48.490409480873495 74.169848902150989 74.40511048398912 44.727240062784404 8.5671590021811408 7.9532304485328487
leaf_count=653037 60539 5262 4033 7960 26220 683 5177 16254 3638 32381 1872 17305 1850 2499 2866 13463 8917 205408 4323 28420 1581 9275 35213 2505 9679 14357 14869 6931 1754 1672
internal_value=-0.000547146 0.117927 0.261468 -0.0328573 0.046971 0.396522 0.430938 0.0822109 0.149273 -0.0385169 0.124906 0.102361 0.264169 0.189862 0.221339 0.515756 0.0274947 -0.0157999 0.01519 0.0609069 0.213315 0.0782326 0.0623153 0.168386 -0.00459245 0.230909 0.071614 0.194545 0.306639 0.125652
internal_weight=5472.43 1166.96 377.15 4305.47 789.806 159.641 138.78 465.635 217.508 4069.43 254.344 167.874 49.634 103.077 50.3799 88.4004 211.29 1218.71 295.753 149.732 90.5494 88.0892 236.045 77.349 324.171 83.0122 151.267 63.5233 39.4565 53.6723
internal_count=1199943 231529 65467 968414 166062 26222 22189 95844 39245 923569 51432 30379 8866 20309 8043 14146 44412 270532 65124 32743 17810 18192 44845 13074 70218 16229 31123 10569 7016 9632
is_linear=0
shrinkage=0.05


Tree=2
num_leaves=31
num_cat=5
split_feature=10 5 22 10 5 14 5 22 29 40 12 15 14 14 29 14 29 5 24 34 23 5 29 26 14 20 13 10 34 37
split_gain=6968.47 2892.23 2133.87 836.116 837.352 813.025 558.315 561.153 472.297 385.565 384.253 237.392 410.634 227.446 225.594 186.169 165.276 159.436 165.168 157.173 139.631 113.103 105.806 132.731 105.201 101.304 99.4823 87.7739 73.6903 67.0553
threshold=7.4519176483154306 0 5.737781524658204 3.9693466424942021 1 12.470624446868898 2 9.1309547424316424 0.72740173339843761 5.6972937583923349 7.3746955394744882 4.3545768260955819 5.0882892608642587 8.3571496009826678 0.66899490356445324 10.420276165008547 0.57343673706054699 3 29.266784667968754 -5.8388061523437491 14.452636718750002 4 0.94717788696289074 10.78614664077759 9.3409719467163104 14.948499202728273 25.687336921691898 11.19305467605591 -8.9264526367187482 17.044544219970707
decision_type=2 9 2 2 9 2 9 2 2 2 2 8 2 2 2 2 2 9 2 2 2 9 2 2 2 2 2 2 2 2
left_child=3 2 9 -1 8 24 7 19 -5 10 15 12 -10 -13 -7 -2 -11 18 -15 -3 -16 -6 -9 26 -4 28 -24 -26 -18 -8
right_child=1 6 5 4 21 14 29 22 11 16 -12 13 -14 17 20 -17 25 -19 -20 -21 -22 -23 23 -25 27 -27 -28 -29 -30 -31
leaf_value=-0.045660880826750266 0.024129745123296364 0.079869470660977882 0.016572272993534126 0.0063700107713280099 0.0052690897858229469 0.046072034782546775 -0.01776185587864584 0.057610995175818761 0.0025619940736408076 -0.01689084777374034 0.021020323453336168 0.0088332835614868127 0.44554722817762693 0.28117736550635541 0.032400720989692662 0.43292301150407414 0.11868312162731774 0.012487624823487611 0.080844977890522474 -0.0074910829773049796 0.32980628697503545 -0.034870010753895807 0.1886764463064951 0.029209716375484685 0.18456374227940175 0.17186586018594815 0.017410182169919738 0.035926510142560451 0.024772263535975041 0.040203347235673766
leaf_weight=3056.2102890256792 4.8219767292030173 63.785012217238545 25.161790404003114 123.43589765345678 265.60803931299597 11.303598903119562 339.3858210244216 53.486512782983482 8.0365915414877218 78.551072681322694 16.691969324834645 46.736670726444572 5.6360118929296723 28.171010175719857 6.358981024939566 6.9760508881881833 19.60802155546844 33.478482154197991 29.682081600185484 165.50551552465186 225.51992472494021 494.55991352209821 111.30808305786923 22.724479700438678 35.34616467775777 13.195329683832822 11.432763200253246 20.153390061110258 99.991650099400431 48.574890131130815
leaf_count=730358 968 12111 3874 27460 56363 2038 69522 8726 1688 17297 3357 9480 1031 4960 1068 1370 3551 6962 5839 35604 29338 108784 15196 3603 5185 2441 1411 2618 20238 7788
internal_value=0.000246552 0.0970027 0.181984 -0.0325416 0.00625141 0.267259 0.0342048 0.0724005 0.0778269 0.0680348 0.21481 0.136779 0.296241 0.102047 0.312768 0.353563 0.0394382 0.144168 0.179067 0.0191334 0.323327 -0.0210696 0.133402 0.155771 0.11069 0.0716075 0.175237 0.144315 0.0481384 -0.00943923
internal_weight=5471.44 1379.88 563.68 4091.55 1035.34 323.844 816.203 428.242 275.177 239.836 28.49 151.741 13.6726 138.068 243.183 11.798 211.346 91.3316 57.8531 229.291 231.879 760.168 198.952 145.465 80.6613 132.795 122.741 55.4996 119.6 387.961
internal_count=1200229 247304 93343 952925 222567 44121 153961 76651 57420 49222 5695 29960 2719 27241 32444 2338 43527 17761 10799 47715 30406 165147 28936 20210 11677 26230 16607 7803 23789 77310
cat_boundaries=0 26 52 81 104 136
cat_threshold=24 0 0 512 0 0 13312 0 0 139264 0 0 20119552 0 0 110100480 0 0 3758096384 3 0 2147483648 35 0 0 4 8 0 0 16 0 0 194048 0 0 3284992 0 0 3735552 0 0 3145728 0 0 4043309056 0 0 0 2 0 0 5 256 0 0 3344 0 0 17152 0 0 868352 0 0 42729472 0 0 408944640 0 0 369098752 0 0 0 16 0 0 10 0 0 32 0 0 0 0 0 0 28672 0 0 131072 0 0 3670016 0 0 3145728 0 0 4026531840 0 0 0 2 272 0 0 1056 0 0 65536 0 0 98304 0 0 29753344 0 0 12582912 0 0 167772160 3 0 2147483648 33 0 0 10 0 0 0 0 0 44800
is_linear=0
shrinkage=0.05


Tree=3
num_leaves=31
num_cat=1
split_feature=18 22 10 18 41 14 32 34 34 6 0 41 14 41 10 14 16 21 32 41 31 15 34 22 32 14 17 41 22 14
split_gain=6349.34 1674.78 829.425 598.509 414.1 412.34 386.05 363.546 298.952 263.899 381.411 261.034 242.88 227.36 405.49 212.679 593.72 190.644 167.454 139.352 135.869 147.369 142.08 135.663 130.629 126.584 268.848 187.615 126.156 125.455
threshold=8.2605919837951678 3.2229423522949223 5.3220548629760751 11.437390327453615 10.283183574676515 8.1655902862548846 236.04627227783206 -8.9264526367187482 -5.2911071777343741 0 9.2500000000000018 11.160614490509035 8.8260250091552752 3.4880741834640507 3.2891840934753422 7.1674523353576669 6.2731509208679208 11.449033737182619 832.66842651367199 9.26983690261841 88.275985717773452 15.333420753479006 -0.50729370117187489 16.57819747924805 832.66842651367199 10.901266574859621 14.111464500427248 12.19239664077759 9.7117424011230487 11.497786998748781
decision_type=2 2 2 2 2 2 2 2 2 1 2 2 2 2 2 2 10 2 2 2 2 10 2 2 2 2 10 2 2 2
left_child=2 13 -1 7 5 -5 -6 12 15 10 -9 18 -3 14 -2 -4 19 -15 -12 -17 21 22 24 -10 -7 -19 27 -27 -18 -11
right_child=1 3 8 4 6 20 -8 9 23 29 11 -13 -14 17 -16 16 28 25 -20 -21 -22 -23 -24 -25 -26 26 -28 -29 -30 -31
leaf_value=-0.043694645003424182 -0.03276304181039022 -0.015739114292544206 -0.02869769308920932 0.0022655220815161951 0.22949408090542064 0.38302473469580856 0.052385332761068652 -0.011564727192735921 -0.017882586086161334 -0.012416982921388355 0.25550885222592806 0.0057112729939800214 0.20085487403318958 -0.019952147090592204 0.22246135776072784 0.38467493770293637 0.0051820089949551028 -0.012489867162540042 -0.0023346333221352074 -0.0086374460396681334 0.15092747955891173 0.15998698810949133 0.036056375894457815 0.037785318745265112 0.086368403877778055 0.29594593102291639 0.033254532688622246 -0.0094285619934502112 0.090748526824249026 0.058648780391667203
leaf_weight=3186.0241728932597 24.509024752303958 13.236256147269158 48.114651105832309 19.513066668529063 36.446027097292244 61.159888517577201 118.43712183553725 28.804747859947383 506.3850418352522 78.526824546512216 58.652735745999962 15.927038407418875 91.878476087469608 282.30209990078583 24.108437491115183 8.3985309805721027 84.766280113253742 61.556463573127985 6.7344841631129375 2.0747743663378051 74.587700754404068 51.51850639982149 6.230098627973347 129.07284423429519 11.219065486919133 9.3589628245681507 101.98138424800709 5.9844458950683466 80.374642643146217 240.01125180907547
leaf_count=791171 5866 2371 9968 2886 3961 6219 16266 5288 113611 14357 8058 2599 11202 61225 4595 1439 17845 12366 1094 402 5973 5074 766 21648 1151 1686 20021 1230 11935 37701
internal_value=4.03781e-07 0.0904825 -0.0319664 0.130676 0.179221 0.223498 0.105452 0.0935361 0.0115262 0.0701351 0.132199 0.193293 0.174583 0.0173793 0.110158 0.0598893 0.0843987 0.00546836 0.232166 0.340598 0.243497 0.282 0.334885 -0.00616522 0.353108 0.0445182 0.0730603 0.220116 0.0496311 0.0400653
internal_weight=5467.9 1422.68 4045.21 912.883 379.111 224.228 154.883 533.772 859.187 428.657 110.119 81.3143 105.115 509.801 48.6175 223.729 175.614 461.183 65.3872 10.4733 204.715 130.128 78.6091 635.458 72.379 178.881 117.325 15.3434 165.141 318.538
internal_count=1199974 231955 968019 124966 42296 22069 20227 82670 176848 69097 17039 11751 13573 106989 10461 41589 31621 96528 9152 1841 19183 13210 8136 135259 7370 35303 22937 2916 29780 52058
cat_boundaries=0 1
cat_threshold=10
is_linear=0
shrinkage=0.05


Tree=4
num_leaves=31
num_cat=0
split_feature=45 45 18 38 10 12 7 38 14 3 41 18 41 14 30 14 31 21 32 29 20 3 20 14 28 14 41 38 18 18
split_gain=6023.74 1737.69 1293.86 483.892 412.491 608.618 320.399 302.018 290.985 262.447 402.902 282.725 259.202 252.312 237.699 223.185 189.339 136.678 132.141 128.02 110.221 125.25 96.8693 93.5555 89.9359 84.3456 97.7734 73.0667 82.2986 209.379
threshold=9.0313634872436541 20.510025024414066 7.6391022205352792 -4.8927717208862296 4.6722826957702646 3.8644926548004155 1.5000000000000002 19.38310527801514 6.8028786182403573 431.57551574707037 8.9905261993408221 10.88958787918091 5.4131693840026864 11.898815631866457 147.18750000000003 4.8780632019042978 87.751720428466811 10.869293212890627 878.31469726562511 0.88928222656250011 14.948499202728273 36.853872299194343 11.205887794494631 9.7709031105041522 1004.3953247070314 10.782790184020998 10.456557273864748 -1.8695439696311948 3.684299230575562 4.6072523593902597
decision_type=2 2 2 2 2 2 2 2 2 2 2 2 2 2 2 2 2 2 2 2 2 2 2 2 2 2 2 2 2 2
left_child=2 9 15 17 -5 6 -6 -3 -8 10 11 -2 14 -11 -10 -1 18 -4 -13 -9 21 -12 -7 -21 27 -19 -27 -17 -29 -30
right_child=1 7 3 4 5 22 8 19 12 13 20 16 -14 -15 -16 24 -18 25 -20 23 -22 -23 -24 -25 -26 26 -28 28 29 -31
leaf_value=-0.048203899109893873 0.060331081289510403 0.10952939960644173 -0.02552413504684474 -0.0041029236166047305 0.040265836900095359 0.032372516010071413 0.00095590028997155803 0.030372382023349961 0.014245341124734148 0.032633524340542078 -0.0057835941347150876 0.21785083619876233 0.10133789184187592 0.16153741352930995 0.5207165551600158 -0.019432239827345779 0.057303370105435993 -0.019146572564605689 0.017913927580782446 0.041120228605853161 0.09838685353124621 0.05682562398760567 0.11311995852143589 0.31882014331467889 -0.027029403444369854 0.094612759718767481 0.00813281837351283 -0.020634172377545754 0.18237091738532862 0.0012241652368829177
leaf_weight=2378.7892755051143 231.174171021441 47.176212372258306 283.4840895421803 119.03678370919079 18.727327274158597 136.91666723974049 6.6413853289559475 6.7424523406662038 3.2122681336477461 58.729147008154541 242.50352747319266 75.285138254053891 14.742280512116848 140.9309502185788 13.205882733687757 90.76329641439952 47.421206266153604 57.574729242827743 11.245955307967959 6.4190695504657915 35.031352640129626 107.97252615960315 49.030566843692213 102.2964303093031 960.65738965966739 55.225149778649211 69.673586618620902 30.621204520110041 16.44693918642588 40.541994259925559
leaf_count=621090 35184 4543 62427 26878 3024 22827 1199 629 526 9602 39912 6207 2302 16773 1813 21248 3423 11510 1068 664 4024 14716 6759 7745 232021 9499 13712 6930 3358 8140
internal_value=0.000354967 0.10361 -0.0262683 0.0297209 0.0722883 0.108467 0.239773 0.250521 0.30951 0.0761211 0.0611 0.0981023 0.359064 0.126986 0.464525 -0.0394851 0.154568 -0.00412988 0.196414 0.294808 0.0244597 0.014546 0.0583504 0.307268 -0.0210155 0.0287067 0.0505498 0.0110885 0.0414592 0.0729229
internal_weight=5458.22 1112.93 4345.29 827.471 361.513 242.476 56.5291 162.634 37.8018 950.294 750.634 365.126 31.1604 199.66 16.4182 3517.82 133.952 465.958 86.5311 115.458 385.507 350.476 185.947 108.715 1139.03 182.473 124.899 178.373 87.6101 56.9889
internal_count=1199753 144490 1055263 162476 65328 38450 8864 13581 5840 130909 104534 45882 4641 26375 2339 892787 10698 97148 7275 9038 58652 54628 29586 8409 271697 34721 23211 39676 18428 11498
is_linear=0
shrinkage=0.05


Tree=5
num_leaves=31
num_cat=6
split_feature=45 5 10 45 5 38 12 45 14 6 25 14 16 5 5 38 38 21 21 5 28 24 28 16 16 14 14 40 27 10
split_gain=5064.01 1519.17 801.365 662.539 633.051 673.817 894.483 324.113 247.267 195.069 244.061 193.521 264.118 186.801 158.613 156.984 141.163 113.115 103.362 94.2296 85.1179 80.3351 70.368 74.6318 66.5201 81.669 66.3332 89.1129 83.6219 64.9353
threshold=7.301884889602662 0 3.8583635091781621 14.827395439147951 1 -3.9699018001556392 3.8644926548004155 19.181313514709476 6.3072714805603036 2 8.8405385017395037 11.497786998748781 9.7432136535644549 3 4 -8.257295608520506 12.562215328216555 10.637273311614992 2.6438707113265996 5 1010.7734375000001 29.134826660156254 1010.9265747070314 29.650229454040531 21.403621673583988 6.5554301738739023 8.6400084495544451 8.6338067054748553 1009.1286010742189 19.498194694519047
decision_type=2 9 2 2 9 2 2 2 2 1 2 2 8 9 9 2 2 2 2 9 2 2 2 10 10 2 2 2 2 2
left_child=2 3 -1 9 5 17 8 14 -7 10 13 -11 -13 15 -3 -2 -5 -4 -10 -6 21 -18 23 -20 25 -17 -19 28 -28 -27
right_child=1 7 4 16 19 6 -8 -9 18 11 -12 12 -14 -15 -16 24 20 26 22 -21 -22 -23 -24 -25 -26 29 27 -29 -30 -31
leaf_value=-0.045930398935376288 0.018555482136876928 0.031826359513375972 -0.018116786388132449 0.11254306389104146 -0.0026532178472009008 0.055993951133199597 0.035072497548201978 0.11042027867704284 -0.0042654851796598099 0.0096402421270606192 -0.0061752242581786104 0.28192250879033748 0.068537868256651577 0.0065461819641877868 -0.017014313754389689 -0.00092754583274903292 0.22561085447576962 -0.028878152851728907 0.37647335671667959 -0.037179759724235241 0.029197431153020193 0.079956061806637765 0.047960603146856545 -0.0012956698516309497 0.073846645471831771 0.31897724727834614 0.14506034934107742 0.010073906456936774 -0.020370141417416183 0.018194330923429741
leaf_weight=2622.8408577737864 8.9194514947012049 335.68442321824841 206.50839795498177 105.56293808249757 333.12842562934384 15.904964736197142 111.24508764897473 80.97233827598393 2.016356775071471 129.19956528674811 19.364447264233604 7.1577752786688498 238.23162944382057 24.912752865813673 295.75074077909812 2.2085853382013729 183.7818425889127 18.183419907931238 32.398568180389702 509.44961510505527 10.089857703540472 25.2398726711981 5.2939919459167859 1.2783808163367201 12.541883464902638 41.824183486169204 26.861075356602669 42.24183941539377 6.8077288549393407 3.1594541496597222
leaf_count=715004 1486 48457 47073 9979 73298 3294 20653 7442 481 21007 1865 686 28386 3703 55967 313 11040 3673 4218 120012 752 1955 939 147 1277 3971 4168 8126 1256 254
internal_value=-4.0251e-05 0.0770245 -0.0300247 0.122819 0.00189613 0.0473199 0.125367 0.0218363 0.270287 0.0845787 0.142083 0.058776 0.0855573 0.184119 0.00927273 0.211774 0.179665 0.00255846 0.326151 -0.0239071 0.205679 0.212476 0.340627 0.36512 0.264196 0.293027 0.0453157 0.0643807 0.114606 0.305003
internal_weight=5458.76 1524.6 3934.16 812.194 1311.32 468.74 168.137 712.408 56.8923 487.52 112.931 374.589 245.389 93.5663 631.435 68.6536 324.675 300.602 40.9873 842.578 219.112 209.022 38.9709 33.6769 59.7341 47.1922 94.0941 75.9106 33.6688 44.9836
internal_count=1200882 198540 1002342 86674 287338 94028 29732 111866 9079 62948 12869 50079 29072 11004 104424 7301 23726 64296 5785 193310 13747 12995 5304 4365 5815 4538 17223 13550 5424 4225
cat_boundaries=0 26 52 53 76 105 137
cat_threshold=24 0 0 3584 0 0 29696 0 0 155648 0 0 3866624 0 0 103809024 0 0 3758096384 3 0 2147483648 35 0 0 12 8 0 0 16 0 0 176640 0 0 1253376 0 0 2293760 0 0 82837504 0 0 3539992576 0 0 2147483648 32 0 0 14 8 24 0 0 1536 0 0 13312 0 0 139264 0 0 65536 0 0 1048576 0 0 3758096384 0 0 0 2 256 0 0 272 0 0 768 0 0 2953216 0 0 63176704 0 0 415236096 0 0 251658240 0 0 0 20 0 0 2 0 0 48 784 0 0 256 0 0 66560 0 0 819200 0 0 56360960 0 0 50331648 0 0 738197504 1 0 0 0 0 0 1 0 0 1056 0 0 44800
is_linear=0
shrinkage=0.05


Tree=6
num_leaves=31
num_cat=6
split_feature=45 5 21 45 5 41 45 23 25 34 6 26 23 41 34 5 29 29 5 34 20 12 5 23 38 21 41 39 41 20
split_gain=4334.13 1188.08 643.591 367.369 338.512 417.314 324.592 324.341 208.728 185.303 151.408 217.453 219.473 446.471 148.715 140.417 140.11 138.061 132.03 194.981 109.659 127.172 107.886 107.291 105.274 100.005 86.2178 83.2243 78.9581 73.1429
threshold=6.4750568866729745 0 7.1648700237274179 25.545130729675297 1 4.2001323699951181 16.506466865539554 27.427089691162113 8.365270137786867 -8.6690368652343732 2 9.6601853370666522 26.564960479736332 12.943024158477785 -6.4525756835937491 3 0.43508911132812506 0.73738479614257824 4 -4.2457885742187491 5.2533814907073983 1.2634140849113467 5 27.643493652343754 23.315155029296879 5.0031216144561776 7.3172156810760507 3.526411890983582 2.4460009336471562 12.52142381668091
decision_type=2 9 2 2 9 2 2 2 2 2 1 2 2 2 2 9 2 2 9 2 2 2 9 2 2 2 2 2 2 2
left_child=2 3 18 10 5 7 9 -4 16 -3 11 12 29 -14 23 -8 -9 -7 19 20 21 -1 28 -12 -17 -21 -25 -19 -11 -2
right_child=1 6 4 -5 -6 17 15 8 -10 22 14 -13 13 -15 -16 24 -18 27 -20 25 -22 -23 -24 26 -26 -27 -28 -29 -30 -31
leaf_value=-0.0096702251530709701 0.10165669234530535 0.063355553582113255 0.014708744132099567 0.21050267251606092 -0.014853529344815179 -0.021242445528941889 -0.0051076825662422394 0.010435997080353632 -0.012560882602792121 0.097421342552190135 0.12771809017346289 0.030499260851629746 0.25459365490474578 -0.00024447783624130688 0.04741186724826308 0.052903840002702866 0.3195121050650459 0.096142225966178455 -0.043581825171866408 -0.042506399907855853 0.0014471967390602262 0.24315857796064466 -0.019922251972536179 0.11013315901081544 0.15880033889917533 0.025033815452090016 0.0254459501468026 -0.0039317978470654194 0.011396556813483189 -0.011268336602462351
leaf_weight=6.0878597870469111 47.112338278908283 116.93373641790822 25.390753428218886 72.696268904954195 358.74811498494819 93.554163966327906 41.864276694599539 4.863997605629268 5.965247099986299 20.464413760229945 162.83549584611319 42.322792841121554 84.774530818220228 20.971062052063644 301.41222885390744 57.660213435534388 25.264256617752835 52.47337552299723 2790.5042587846983 165.99441510764882 17.118177003925666 6.3661232984159142 367.02149743027985 43.495160878868774 60.131885638460517 71.750037025660276 88.140045811422169 29.986888932297006 249.09499691869132 16.676935612689704
leaf_count=1672 4289 14313 4876 3043 79955 20869 4881 913 1034 2865 13381 3321 6565 2913 37842 5797 2990 8836 774612 45562 3755 1376 70603 3946 4257 17503 10546 6116 40451 1148
internal_value=4.00911e-05 0.0634898 -0.0311926 0.104236 0.0161091 0.0597745 0.0221318 0.164267 0.24346 0.00818883 0.0934895 0.134662 0.165019 0.2084 0.0734356 0.0848802 0.284649 0.0196187 -0.0404385 -0.00546832 0.0976251 0.170303 -0.00276789 0.100053 0.106802 -0.0219354 0.0592286 0.0632608 0.0204472 0.0746077
internal_weight=5447.68 1793.61 3654.07 880.437 596.247 237.499 913.171 61.4843 36.0935 753.515 807.741 211.858 169.535 105.746 595.883 159.656 30.1283 176.014 3057.82 267.317 29.5722 12.454 636.581 294.471 117.792 237.744 131.635 82.4603 269.559 63.7893
internal_count=1200230 230161 970069 86994 125589 45634 143167 9813 4937 128232 83951 18236 14915 9478 65715 14935 3903 35821 844480 69868 6803 3048 113919 27873 10054 63065 14492 14952 43316 5437
cat_boundaries=0 26 49 50 79 102 131
cat_threshold=24 0 0 1536 0 0 29696 0 0 155648 0 0 18022400 0 0 103809024 0 0 3758096384 3 0 2147483648 3 0 0 12 8 0 0 304 0 0 45056 0 0 270336 0 0 5439488 0 0 11534336 0 0 1342177280 1 0 0 32 8 615 0 0 8384 0 0 199424 0 0 561152 0 0 37748736 0 0 553648128 0 0 16777216 0 0 0 4 0 0 0 0 0 96 8 0 0 0 0 0 148992 0 0 1056768 0 0 0 0 0 1048576 0 0 2147483648 0 0 0 32 0 0 0 2320 0 0 33536 0 0 2686976 0 0 44826624 0 0 268435456 0 0 318767104 0 0 0 52 0 0 18 0 0 48
is_linear=0
shrinkage=0.05


Tree=7
num_leaves=31
num_cat=6
split_feature=14 16 5 29 38 6 38 14 43 27 5 14 16 5 38 41 18 10 5 23 25 28 43 5 18 27 15 32 23 10
split_gain=4083.65 1652.97 1231.94 655.716 396.741 391.975 350.861 294.071 253.2 301.527 234.738 218.258 488.535 261.511 310.236 213.497 186.744 179.525 175.537 160.353 314.658 178.728 133.392 113.406 107.245 109.806 98.2549 180.738 96.1455 81.5567
threshold=8.1655902862548846 7.1247429847717294 0 0.67470932006835949 -6.7984819412231436 1 8.5362057685852069 13.256599903106691 18.209934234619144 1011.6297607421876 2 4.8780632019042978 4.0992953777313241 3 -4.4106047153472892 11.541320323944094 8.2605919837951678 1.761542081832886 4 27.296077728271488 8.097837448120119 1008.5540771484376 2.6259422302246098 5 10.638608455657961 1012.961395263672 15.938272953033449 306.40626525878912 15.666198730468752 3.2891840934753422
decision_type=2 8 9 2 2 1 2 2 2 2 9 2 10 9 2 2 2 2 9 2 2 2 2 9 2 2 8 2 2 2
left_child=11 4 3 -3 -2 15 18 -7 9 29 -8 -1 13 14 -13 16 -5 -16 22 -18 21 -21 -4 -14 25 -19 -9 28 -28 -6
right_child=1 2 6 5 8 7 10 26 -10 -11 -12 12 23 -15 17 -17 19 24 -20 20 -22 -23 -24 -25 -26 -27 27 -29 -30 -31
leaf_value=-0.047624524219218298 0.024285569356383874 -0.00043790834509818368 -0.02628584788884308 0.022725387679829134 -0.0021238862364809643 0.021523687622516743 0.075433314742550439 0.15042387709990501 0.04490787303800084 0.0027742759737481642 -0.0026112753673903379 -0.016339886891478164 0.025354908305714591 -0.022407965925745284 -0.013641994753629802 0.048649945745882925 0.1462599304278879 0.39916417378399727 -0.026736460970556278 0.38394757170842331 0.046776192209458979 -0.0039657212955912192 0.041526080405505379 -0.035212495251434904 0.035068656691880577 0.00040959918079821268 -0.0082499824050703777 0.038154901015083398 0.12329722063702436 0.35888625710601774
leaf_weight=2150.6283479356207 20.199589732568711 216.73366732615978 100.77992630656809 20.828969075577334 1.4814776754938055 214.22637896961533 221.36490202392451 70.682633967837319 13.544133152114226 7.0144301392137995 167.11569327139296 10.722354328026993 75.961794446455315 28.647134038386866 3.7330593012739 49.015731064137071 140.51184495794587 12.251915778731929 611.53535313578323 28.166229031048719 14.655733885709195 2.9996700920164576 206.60311966319568 636.32489391160198 5.2288103536702684 1.893958315020426 13.774581649107857 165.57281972281635 164.87682685116306 57.591963725630194
leaf_count=637129 3770 45089 23564 3395 393 29725 20112 5429 935 1501 21976 2467 17548 6355 1021 5934 6859 2037 135236 1569 1110 391 34114 155768 466 454 1579 16936 12308 4764
internal_value=0.000640102 0.0473377 0.0385152 0.0768858 0.237376 0.0964676 0.00521023 0.0693655 0.282689 0.319113 0.0444648 -0.0394399 -0.0164032 0.10769 0.165245 0.14969 0.177149 0.2789 -0.0116289 0.192374 0.282249 0.354718 0.0185799 -0.0286282 0.320722 0.368056 0.0946119 0.0792285 0.113255 0.350836
internal_weight=5434.67 2509.28 2409.44 1102.05 99.8316 885.311 1307.4 629.133 79.632 66.0879 388.481 2925.39 774.764 62.4772 33.8301 256.178 207.162 23.1077 918.918 186.333 45.8216 31.1659 307.383 712.287 19.3747 14.1459 414.907 344.224 178.651 59.0734
internal_count=1199934 376689 365326 130324 11363 85235 235002 65977 7593 6658 42088 823245 186116 12800 6445 19258 13324 3978 192914 9929 3070 1960 57678 173316 2957 2491 36252 30823 13887 5157
cat_boundaries=0 26 27 56 82 111 137
cat_threshold=280 0 0 1536 0 0 12288 0 0 139264 0 0 3342336 0 0 3145728 0 0 4026531840 3 0 2147483648 51 0 0 12 8 192 0 0 6144 0 0 17408 0 0 2375680 0 0 30146560 0 0 247463936 0 0 33554432 0 0 0 0 0 0 2 0 0 32 218 0 0 1552 0 0 50688 0 0 286720 0 0 327680 0 0 141557760 0 0 3405774848 3 0 0 32 0 0 3 0 0 0 256 0 0 16384 0 0 2719744 0 0 38535168 0 0 473956352 0 0 0 0 0 0 0 0 0 16 0 0 64 0 0 0 112 0 0 213760 0 0 1048576 0 0 0 0 0 33554432 0 0 1073741824 0 0 0 1 0 0 8
is_linear=0
shrinkage=0.05


Tree=8
num_leaves=31
num_cat=0
split_feature=45 45 18 18 20 29 0 41 18 41 41 23 3 0 41 28 18 21 20 29 45 26 18 28 3 40 18 28 13 35
split_gain=3415.36 887.727 500.881 237.285 230.651 223.507 199.548 186.61 190.526 143.025 132.528 130.325 125.264 122.801 138.845 112.612 107.524 102.606 97.9329 97.5564 87.2517 77.2777 74.7603 83.6691 80.4622 70.6459 68.7818 61.4186 61.3246 60.403
threshold=5.3749022483825692 17.226707458496097 4.3493545055389413 8.2605919837951678 7.6338629722595224 0.47967529296875006 19.750000000000004 3.8036607503890996 7.7979071140289316 8.9905261993408221 13.515281677246096 27.44821929931641 183.73673248291018 12.750000000000002 2.6942971944808964 1004.8584594726564 15.146757125854494 10.555268764495851 3.7801579236984257 0.94179153442382824 12.551996707916262 2.2313472032547002 12.673958778381349 1007.2515563964845 25.195231437683109 22.444461822509769 3.0940723419189458 1009.2328186035157 6.0176410675048837 0.12063980102539064
decision_type=2 2 2 2 2 2 2 2 2 2 2 2 2 2 2 2 2 2 2 2 2 2 2 2 2 2 2 2 2 2
left_child=2 3 -1 13 6 -4 -5 8 18 22 -3 -10 16 -2 26 -13 -11 -9 29 -14 -16 -12 27 -24 28 -8 -15 -6 -25 -7
right_child=1 10 5 4 9 7 25 17 11 12 21 15 19 14 20 -17 -18 -19 -20 -21 -22 -23 23 24 -26 -27 -28 -29 -30 -31
leaf_value=-0.045769390375419577 -0.025100595128493122 0.12853207119307739 -0.032095043508657495 0.013356375725233556 0.052192844962082867 -0.015274391998728688 0.23571787154894761 -0.020482372626809207 0.0039624670487288334 -0.0036445450794352512 0.09582920132206435 0.057278199310645685 0.0045691355445729963 -0.0069660653262892643 -0.0045899133659273953 0.22277752305077808 0.10257376986260075 0.039829206503261161 -0.0010333419250806142 0.076076192997212744 0.057711975599949311 0.027747764557137011 0.053621614199248685 -0.006557049503509234 -0.013826440179118108 0.024395932778533479 0.11150859400286833 -0.019543875622046805 0.22461363365583581 0.12963538845277525
leaf_weight=2208.412996227853 206.83656977955252 299.89767975220457 390.53815191728063 22.900355549296364 398.66366323828697 7.2372938438784358 23.682033222867179 287.71172476978973 21.30865294742398 358.91398913646117 100.6617430774495 30.225968995131552 74.567831302527338 14.312863139901308 274.48272800678387 20.340935264248401 15.481389543507246 82.593434003414586 139.49573272652924 129.3343395953998 60.27821428142488 84.892643017694354 57.742411397863179 2.6056773420423331 3.7094257096759966 7.3258319124579421 44.997444421285763 27.182757187401876 15.591776337474583 16.411162862787023
leaf_count=678928 46063 14872 102862 2568 41774 2068 1720 71915 3512 55887 5735 3390 9734 3069 54257 2093 1578 14116 36902 12984 7256 6628 3006 202 242 313 7215 3239 790 3932
internal_value=0.000459954 0.0479434 -0.0325445 0.030904 0.0442348 -0.00305384 0.137722 0.0158998 0.0497652 0.0383681 0.107113 0.112212 0.0208324 0.0053539 0.0215642 0.149642 0.0033018 -0.0063368 0.0173616 0.0513619 0.00797696 0.0676931 0.057636 0.101602 0.171626 0.203915 0.086038 0.0472704 0.200926 0.093928
internal_weight=5428.34 2224.06 3204.28 1738.61 1137.7 995.863 53.9082 605.325 235.02 1083.79 485.452 71.8756 578.298 600.908 394.071 50.5669 374.395 370.305 163.144 203.902 334.761 185.554 505.496 79.6493 21.9069 31.0079 59.3103 425.846 18.1975 23.6485
internal_count=1198850 279132 919718 251897 134037 240790 4601 137928 51897 129436 27235 8995 80183 117860 71797 5483 57465 86031 42902 22718 61513 12363 49253 4240 1234 2033 10284 45013 992 6000
is_linear=0
shrinkage=0.05


Tree=9
num_leaves=31
num_cat=8
split_feature=10 5 29 10 5 6 5 34 45 5 5 5 23 0 23 29 29 25 30 34 3 34 0 3 29 0 18 21 34 5
split_gain=3160.09 710.107 350.621 334.38 450.495 305.741 245.344 244.438 186.053 185.141 178.201 175.293 135.905 132.508 294.058 112.192 111.6 104.888 96.2242 93.753 89.2033 80.0144 138.17 74.7026 72.6976 70.4638 67.6489 62.3065 60.9366 58.5596
threshold=5.9579041004180917 0 0.49007034301757818 3.2400245666503911 1 2 3 -6.2722778320312491 20.510025024414066 4 5 6 27.039123535156254 14.250000000000002 27.340564727783207 0.67470932006835949 0.72740173339843761 9.6006021499633807 1356.1875000000002 -0.55615234374999989 191.45398712158206 -1.9775085449218748 10.250000000000002 42.437471389770515 0.93925857543945324 9.7500000000000018 3.684299230575562 9.6487517356872576 -8.4067077636718732 7
decision_type=2 9 2 2 9 1 9 2 2 9 9 9 2 2 2 2 2 2 2 2 2 2 2 2 2 2 2 2 2 9
left_child=3 2 -2 -1 12 11 8 9 15 -7 20 -4 -5 19 27 -3 -14 -16 23 21 -9 -13 -23 26 -22 -21 -18 -15 -17 -30
right_child=1 6 5 4 -6 7 -8 10 -10 -11 -12 13 16 14 17 28 18 -19 -20 25 24 22 -24 -25 -26 -27 -28 -29 29 -31
leaf_value=-0.046648890100433112 -0.015473212565075577 -0.022361109001324375 -0.0076617632525880696 0.0047385836242486573 -0.028542956028448287 0.02348859618853073 -0.021945640603544165 0.014571101003338374 0.10312097277459825 0.094900889376090702 -0.013443612427237109 0.066812900361956404 0.026154391141412627 0.1229595831902522 0.26458956753854868 0.059580884524583905 -0.010121903570621534 0.021238741944526445 0.021760624194260662 0.0644754588806669 0.0060555034245108365 0.041505540064249981 0.21735237399684856 0.038217831193853746 0.106013762777632 -0.032821880631540276 0.22128771540997874 0.039211280868303292 0.037833583274200805 0.00043566088869735717
leaf_weight=2057.5959930061363 123.73305387073196 128.12112240446731 36.369874654803425 73.660507282940671 655.82222516462207 164.89905379503034 382.46652816631831 84.067909422563389 62.911546404473484 336.1561936289072 190.79292676015757 97.068999899784103 48.274078773800284 82.05790828471072 50.449087069369853 113.88211835920811 2.5258312139194485 6.7663906388916066 19.147052956512198 34.234010636806488 24.525692867813632 24.181567289866507 27.394667444052175 14.865254239644853 77.931793489959091 23.946378382155672 26.794107431080192 46.266216248972341 184.39704959886149 226.00025834445842
leaf_count=666909 27151 28734 6042 15988 166541 12948 80508 8052 3276 23359 28145 6517 11337 5347 3654 11851 669 573 3204 3339 2740 2693 1370 2328 5165 2791 3594 2195 27421 35787
internal_value=-0.000253501 0.0405111 0.0634275 -0.0358308 -0.00912896 0.0714387 0.00967905 0.0514379 0.0267253 0.0746349 0.0208302 0.106704 0.0561241 0.117163 0.152787 0.0183163 0.0914753 0.243252 0.130909 0.0850359 0.0527864 0.105267 0.155036 0.165462 0.0847525 0.0254886 0.203848 0.0977825 0.0284893 0.0186496
internal_weight=5427.31 2528.62 1430.84 2898.69 841.089 1307.11 1097.78 878.374 715.312 501.055 377.318 428.735 185.267 392.365 185.54 652.401 111.606 57.2155 63.3322 206.826 186.525 148.645 51.5762 44.1852 102.457 58.1804 29.3199 128.324 524.279 410.397
internal_count=1200228 329658 142081 870570 203661 114930 187577 80409 107069 36307 44102 34521 37120 28479 11769 103793 21132 4227 9795 16710 15957 10580 4063 6591 7905 6130 4263 7542 75059 63208
cat_boundaries=0 26 49 50 79 102 128 154 183
cat_threshold=280 0 0 2560 0 0 13312 0 0 204800 0 0 20119552 0 0 112197632 0 0 3758096384 3 0 2147483648 35 0 0 12 24 0 0 16 0 0 189952 0 0 1056768 0 0 589824 0 0 7340032 0 0 1358954496 0 0 0 33 10 0 0 0 1296 0 0 49920 0 0 3981312 0 0 42729472 0 0 423624704 0 0 520093696 0 0 0 20 0 0 19 0 0 32 0 0 0 512 0 0 13312 0 0 196608 0 0 0 0 0 0 0 0 3758096384 1 0 0 2 0 0 0 0 0 0 8192 0 0 8192 0 0 16777216 0 0 0 0 0 3221225472 3 0 2147483648 2 0 0 8 0 0 0 0 0 0 0 0 0 0 0 0 17825792 0 0 111149056 0 0 0 3 0 2147483648 33 0 0 12 0 0 0 1296 0 0 16896 0 0 802816 0 0 33554432 0 0 0 0 0 268435456 0 0 0 4 0 0 2 0 0 32
is_linear=0
shrinkage=0.05


Tree=10
num_leaves=31
num_cat=0
split_feature=14 15 45 21 14 15 45 41 27 29 36 41 0 29 38 10 14 27 1 1 15 36 14 0 39 14 17 10 41 0
split_gain=2935.1 758.375 768.317 265.522 225.409 430.087 203.301 178.981 168.38 163.633 158.518 182.868 127.441 146.1 122.13 96.354 95.1093 102.606 124.48 105.277 98.4608 134.829 86.6376 84.6672 81.0773 114.485 245.86 74.6414 72.5318 100.291
threshold=8.1655902862548846 7.2679765224456796 12.005669593811037 10.555268764495851 4.7388491630554208 4.2882936000823983 25.545130729675297 3.0045292377471928 1012.0466918945314 0.47967529296875006 64.732074737548842 9.4100995063781756 15.750000000000002 0.35083389282226568 -7.4763259887695304 2.0271297693252568 14.540517807006838 1007.9272766113282 91.250000000000014 83.250000000000014 14.246519565582277 170.36676788330081 18.81732273101807 9.2500000000000018 7.7546184062957773 11.768770694732668 15.375464439392092 6.6625261306762704 2.0152252912521367 23.750000000000004
decision_type=2 8 2 2 2 10 2 2 2 2 2 2 2 2 2 2 2 2 2 2 8 2 2 2 2 2 10 2 2 2
left_child=4 9 3 12 -1 7 16 8 15 -2 11 23 -3 -14 -5 -6 17 -4 19 -19 21 -18 -22 -11 25 -16 -27 -17 -15 -30
right_child=1 2 6 14 5 -7 -8 -9 -10 10 -12 -13 13 28 24 27 20 18 -20 -21 22 -23 -24 -25 -26 26 -28 -29 29 -31
leaf_value=-0.047228028930786009 -0.010580204275454716 -0.030008939618794174 0.010080538447472538 0.0010725728361366492 -0.011585582428128563 -0.027768008262636801 0.11718503240630262 -0.0011739363697135785 -0.016704202238275699 0.0020371634788603227 0.051677055044469872 0.017155041704292964 -0.039547229675035461 0.073531056692825406 0.018403981374035212 0.24897472435417012 0.16214326227860598 0.028379015053425272 0.0021063823685522594 0.14791698415584859 0.026339197154699585 0.00075553191239202775 0.071773644355030447 0.23337551950681512 -0.0011877124089866465 0.18000717612366868 0.048353202870640766 0.030384910433906231 -0.0082459251862966008 0.040496407287390089
leaf_weight=1855.6042524690274 14.01150798355229 400.26076353574172 229.84867375344038 197.2224296014756 4.2990563092753282 695.82325065531768 142.0417322027497 33.812377519672737 10.955308367963879 4.3391001443378618 35.199675686657429 14.449579754378645 126.42469614814036 44.756219313945621 121.90241417661309 21.883147775894034 44.57277128030546 37.768932934850454 50.913787682540715 41.47169002937153 180.80073355999775 17.087595422752202 311.91651674872264 72.927360117435455 66.606187296565622 40.054659638553858 167.90319208637811 7.9628892415203145 251.18477471126243 168.71218911674805
leaf_count=627806 3309 95660 18396 33898 1333 180283 4291 7238 2959 666 2226 2088 34860 6821 15232 2872 2376 2437 6906 2840 14093 969 20732 4065 5081 3715 19275 897 46447 30246
internal_value=-2.7075e-07 0.0357365 0.0293825 0.00725646 -0.0377949 -0.0148872 0.0622005 0.0890396 0.144612 0.144994 0.161688 0.194678 -0.00858544 0.00617982 0.0334132 0.188429 0.0524838 0.0311221 0.0649104 0.100505 0.0655585 0.123765 0.0559572 0.222106 0.0490789 0.0589652 0.0808064 0.212917 0.0191925 0.0118249
internal_weight=5412.72 2782.38 2641.45 1585.03 2630.34 774.736 1056.42 78.9128 45.1004 140.927 126.916 91.716 991.339 591.078 593.689 34.1451 914.381 360.003 130.154 79.2406 554.378 61.6604 492.717 77.2665 396.466 329.86 207.958 29.846 464.653 419.897
internal_count=1200017 376629 364275 291235 823388 195582 73040 15299 8061 12354 9045 6819 214034 118374 77201 5102 68749 30579 12183 5277 38170 3345 34825 4731 43303 38222 22990 3769 83514 76693
is_linear=0
shrinkage=0.05


Tree=11
num_leaves=31
num_cat=0
split_feature=10 38 18 0 1 10 13 45 41 45 45 32 45 18 41 13 18 3 18 22 28 13 10 19 3 41 18 0 41 30
split_gain=2676.34 569.258 280.816 234.334 198.376 193.227 159.943 128.43 118.033 101.423 85.9302 96.2896 81.6088 75.7546 75.1007 120.429 67.8545 67.7346 87.6495 67.5377 66.1544 71.3432 84.8519 64.4439 62.205 62.1025 102.287 58.7501 57.0003 55.9777
threshold=5.0559325218200692 -5.3264582157135001 8.2605919837951678 12.750000000000002 74.750000000000014 3.2400245666503911 7.6530137062072763 4.6035959720611581 3.1402328014373784 13.576252937316896 25.545130729675297 860.19274902343761 6.4750568866729745 3.684299230575562 1.6853955984115603 2.8447880744934086 7.6391022205352792 686.48953247070324 12.54332494735718 9.1309547424316424 1001.3309326171876 7.7913429737091073 9.3969774246215838 16.9137077331543 36.853872299194343 2.9105161428451543 6.1381676197052011 18.750000000000004 10.976830005645754 256.93750000000006
decision_type=2 2 2 2 2 2 2 2 2 2 2 2 2 2 2 2 2 2 2 2 2 2 2 2 2 2 2 2 2 2
left_child=5 7 3 -3 6 -1 13 -2 27 25 11 17 -8 -5 15 -7 -16 18 20 29 21 22 -10 24 -9 26 -6 -4 -14 -20
right_child=1 2 8 4 9 14 12 23 10 -11 -12 -13 28 -15 16 -17 -18 -19 19 -21 -22 -23 -24 -25 -26 -27 -28 -29 -30 -31
leaf_value=-0.046284550506755881 -0.030307402993947435 -0.022643534784905314 0.057338603130182721 -0.0052571001480402431 0.0052093210366763202 0.10517897459918622 -0.026906392839712818 -0.0134574909866893 0.041153754911800372 0.06604117592310163 0.091052929408548644 -0.0033488284754511523 0.10268676804596502 0.17978356772881654 -0.03155105084989436 -0.015916995296382783 0.0089424401509886169 0.085476369283374765 -0.0084622258609419517 0.054158505985325692 0.023116829309956861 0.037704867399315417 0.16239779304691349 0.072356590057212664 0.022351723003673024 -0.0079163803821954183 0.12576564704024781 0.12735891660539303 -0.022469848096580057 0.14558427679447195
leaf_weight=1882.2513019384351 291.15647571487352 225.42643318022601 87.896822937764227 5.6155903879553071 59.434613528428599 23.762806620448828 26.530554065713659 219.42306679557078 43.898699767654762 81.650522351730615 125.55145453894511 88.252090585650876 27.531034315936267 38.38238159311004 333.72447193739936 46.863493466749787 142.68806966557167 126.51460516918451 5.550349627621471 186.85625312523916 450.67895709699951 217.36348605365492 22.311069008894265 29.450807520654052 248.36572708305903 222.37304827012122 15.563944484572856 84.376518748234957 7.8966766013763836 36.013416057918221
leaf_count=666802 71485 50646 4756 1340 12514 5136 6138 43842 3995 6713 3239 8871 2701 4498 99634 12843 27277 7364 551 7651 46779 13098 1027 2634 36798 43183 2325 3288 585 2307
internal_value=0.000143121 0.0318995 0.0449865 0.0188008 0.0381332 -0.0387061 0.0955978 -0.00449061 0.0573846 0.0200244 0.0514842 0.0465337 0.0343102 0.159566 -0.0122674 0.0328186 -0.0194885 0.0505692 0.0451501 0.0722619 0.0358582 0.0546306 0.0979583 0.0109258 0.00562479 0.00565186 0.0420804 0.0967391 0.0759846 0.127362
internal_weight=5403.35 2974.06 2185.67 710.405 484.978 2429.29 105.956 788.396 1475.26 379.022 1302.99 1177.44 61.9583 43.998 547.039 70.6263 476.413 1089.19 962.672 228.42 734.252 283.573 66.2098 497.24 467.789 297.372 74.9986 172.273 35.4277 41.5638
internal_count=1200020 388328 233569 130643 79997 811692 15262 154759 102926 64735 94882 91643 9424 5838 144890 17979 126911 82772 75408 10509 64899 18120 5022 83274 80640 58022 14839 8044 3286 2858
is_linear=0
shrinkage=0.05


Tree=12
num_leaves=31
num_cat=6
split_feature=14 16 45 5 5 41 38 21 14 16 5 38 14 16 5 5 17 21 45 14 16 14 20 30 14 16 33 5 28 35
split_gain=2509.81 700.858 652.118 469.129 238.052 168.398 142.856 134.086 126.763 293.426 177.422 124.285 112.502 180.874 158.585 158.473 133.086 105.437 93.8249 82.9514 118.567 64.7255 63.9616 65.5887 62.4623 96.1574 57.8097 55.7468 55.0957 54.8647
threshold=7.0744469165802011 5.7288782596588144 12.005669593811037 0 1 9.4100995063781756 -6.6398389339447013 5.0031216144561776 4.6109631061553964 3.7952378988265996 2 -4.8927717208862296 16.659728050231937 17.062197685241703 3 4 12.852659225463869 9.365939140319826 0.40634255111217504 9.2358012199401873 10.174297332763674 9.9767141342163104 8.4386968612670916 1.2812500000000002 12.176833629608156 15.137768268585207 13.857984066009523 5 1008.9309387207032 40.900707244873054
decision_type=2 8 2 9 9 2 2 2 2 10 9 2 2 8 9 9 8 2 2 2 8 2 2 2 2 8 2 9 2 2
left_child=8 5 3 6 -4 18 26 -8 -1 10 11 -10 15 29 -15 16 21 -5 -2 -9 -21 -6 23 -13 -22 28 -3 -11 -26 -14
right_child=1 2 4 17 12 -7 7 19 9 27 -12 22 13 14 -16 -17 -18 -19 -20 20 24 -23 -24 -25 25 -27 -28 -29 -30 -31
leaf_value=-0.04760158912665767 -0.0078155729041618285 0.043421443180810051 -0.012452348217833024 -0.031026196292253918 0.033288424574605277 -0.0012137791391404168 -0.005695902576644477 0.010182649086289811 -0.019822946627507027 0.0073792720619385108 -0.026550235920710465 -0.0065610579174630815 0.16357069640702826 0.079841669460220269 0.012846697501604663 0.017268151963433787 0.028153089277910943 0.0027023081861678143 0.17622097892674266 0.1333858492400091 0.012820776789869877 0.12943645936710621 -0.010573377737107474 0.2296605637556958 0.12815631994666896 0.04156397074554484 -0.010693350551819202 -0.039184419431847722 0.0074921522425864988 0.053732335012888356
leaf_weight=1666.7593810388353 6.5235888077877453 53.44878621888347 129.99352666828781 627.74335853592493 31.52849367284216 17.497052948456258 103.31981625547633 84.827527151908726 6.5229533577803513 75.55976025457494 26.584625257644802 2.6426469562575283 64.498295791447163 299.76912813866511 150.27786402357742 330.52632248774171 96.245851254323497 361.57604226842523 95.903419437818229 50.651611508568749 83.139542856719345 91.948631607461721 2.6354934426490209 21.21426376956515 60.082082487642765 188.61476413463242 212.26439501531422 407.04804821498692 12.430964533938093 29.27539703482762
leaf_count=618143 1403 7866 17067 158851 2413 3045 24641 13972 1660 20260 6197 628 2554 14564 8503 21198 6033 57644 5375 4245 11546 4037 333 2400 5187 18684 42236 117237 1504 888
internal_value=7.71334e-05 0.0284684 0.0235579 0.00465598 0.0516741 0.14239 0.0315239 0.0455414 -0.0407654 -0.0192694 0.0774105 0.124956 0.0589163 0.075863 0.0602513 0.042164 0.0732906 -0.0186092 0.164847 0.056467 0.0659118 0.109219 0.190509 0.209285 0.0524995 0.0641938 0.00137203 -0.032538 0.110886 0.137762
internal_weight=5391.05 3182.09 3062.16 1838.1 1224.06 119.924 848.779 583.066 2208.97 542.208 59.6 33.0154 1094.07 543.821 450.047 550.249 219.723 989.319 102.427 479.746 394.919 123.477 26.4924 23.8569 344.267 261.128 265.713 482.608 72.513 93.7737
internal_count=1200314 433456 423633 346376 77257 9823 129881 79779 766858 148715 11218 5021 60190 26509 23067 33681 12483 216495 6778 55138 41166 6450 3361 3028 36921 25375 50102 137497 6691 3442
cat_boundaries=0 29 58 84 110 133 165
cat_threshold=280 0 0 0 0 0 13312 0 0 1253376 0 0 41877504 0 0 3145728 0 0 4026531840 3 0 2147483648 32 0 0 12 0 0 48 551 0 0 8384 0 0 199424 0 0 1576960 0 0 37748736 0 0 553648128 0 0 83886080 0 0 1073741824 0 0 0 2 0 0 96 114 0 0 1808 0 0 50688 0 0 286720 0 0 65536 0 0 208666624 0 0 1124073472 0 0 0 36 0 0 3 24 0 0 512 0 0 28672 0 0 352256 0 0 26411008 0 0 402653184 0 0 3221225472 2 0 0 50 0 0 4 128 0 0 3584 0 0 58368 0 0 2228224 0 0 1769472 0 0 34603008 0 0 536870912 0 0 0 2 0 0 0 112 0 0 131584 0 0 1056768 0 0 33554432 0 0 113246208 0 0 150994944 1 0 0 1 0 0 8 0 0 0 0 0 42240
is_linear=0
shrinkage=0.05


Tree=13
num_leaves=31
num_cat=10
split_feature=14 5 29 38 6 34 5 5 5 15 41 5 5 38 5 43 14 45 18 34 25 15 34 5 0 14 5 28 1 14
split_gain=2358.72 585.796 305.507 268.157 240.048 211.451 178.919 152.433 147.067 144.327 128.151 134.967 111.508 125.679 106.61 101.141 96.8689 86.9042 83.4278 82.3899 81.5126 74.2301 69.4606 65.0825 58.7243 55.3915 69.9558 54.3883 129.523 53.8658
threshold=6.8874225616455087 0 0.51697158813476574 -0.7063995599746703 1 -6.3612365722656241 2 3 4 9.6965341567993182 11.541320323944094 5 6 0.10213232040405275 7 14.717578887939455 12.033744812011721 13.576252937316896 3.2792773246765141 -6.7395324707031241 7.4897520542144784 3.9465509653091435 -2.0613708496093746 8 8.2500000000000018 5.0882892608642587 9 1008.4309387207032 86.250000000000014 10.544393539428713
decision_type=2 9 2 2 1 2 9 9 9 8 2 9 9 2 9 2 2 2 2 2 2 10 2 9 2 2 9 2 2 2
left_child=12 2 23 19 10 8 -5 -7 -6 16 11 15 13 -1 -12 20 22 -11 -15 -3 24 -20 -8 -2 -4 -14 -27 -26 -29 -17
right_child=1 3 4 6 5 7 9 -9 -10 17 14 -13 25 18 -16 29 -18 -19 21 -21 -22 -23 -24 -25 27 26 -28 28 -30 -31
leaf_value=-0.02453100201004985 0.042464004692944507 0.016664058454818213 6.1991419831609388e-05 -0.021654696826153719 0.010475501939732922 0.03553562771808929 0.020281545313300547 -0.019836606561856644 0.069878104723649692 0.0024120147262982373 0.069452454101350231 0.030667467902752002 -0.048375404150394659 -0.024765871691261626 -0.026728368409830797 0.00090962186129369847 0.16245633347563992 0.044259659287692307 0.16546759292889368 -0.027299100070986338 0.024736609368737447 0.0052821749739446304 0.10135014402422014 -0.026422779323586151 0.18413236655473472 0.018995093333452603 -0.034930797258969179 -0.017448135183989629 0.1431216989678917 0.086825978541206564
leaf_weight=112.91204245691188 24.270130234304816 123.52821686654352 5.9035525827202937 166.80726279434748 157.1051258679945 270.47275149449706 77.313079922925681 201.53927427134477 473.45511316298507 267.90712672029622 33.713573730317876 113.5330070189666 1584.0792557441164 11.726440723054109 47.452530831098557 20.697099162265658 21.084148939466104 223.04731592489406 12.683731108671056 568.14075403776951 17.740472575183958 11.616786104859782 36.341079936828464 158.47265835572034 94.98822921840474 64.534806211246178 284.44708045083098 18.661930978763849 19.144311513518915 158.50214773439802
leaf_count=39807 5791 21798 779 33808 11629 21695 9035 30477 27193 38716 2769 11524 610604 4258 5511 1075 899 15143 2239 146408 1421 2077 5418 38199 4236 16518 81510 1927 2113 4900
internal_value=0.000532367 0.0267988 0.0456512 0.00325721 0.052733 0.0376497 0.0229994 0.0122975 0.0567269 0.0348498 0.0806253 0.0924349 -0.0410271 0.00186089 0.0211443 0.10783 0.0795735 0.021928 0.0723387 -0.0193219 0.142335 0.112756 0.0523033 -0.0147132 0.154701 -0.0441067 -0.0251512 0.16109 0.0767909 0.0774754
internal_weight=5381.82 3299.82 1815.65 1484.17 1632.91 1102.57 792.5 472.012 630.56 625.693 530.337 449.171 2082 148.939 81.1661 335.638 134.738 490.954 36.027 691.669 156.438 24.3005 113.654 182.743 138.698 1933.06 348.982 132.794 37.8062 179.199
internal_count=1199477 442464 171239 271225 127249 90994 103019 52172 38822 69211 36255 27975 757013 48381 8280 16451 15352 53859 8574 168206 10476 4316 14453 43990 9055 708632 98028 8276 4040 5975
cat_boundaries=0 26 27 59 85 104 127 137 160 179 205
cat_threshold=280 0 0 528 0 0 13312 0 0 139264 0 0 20643840 0 0 11534336 0 0 4060086272 3 0 2147483648 35 0 0 12 10 551 0 0 8416 0 0 198656 0 0 4096 0 0 0 0 0 553648128 0 0 0 0 0 1879048192 8 0 0 993 0 0 14464 0 0 1024 0 0 0 0 0 0 8192 0 0 139264 0 0 16777216 0 0 0 0 0 3489660928 3 0 0 3 0 0 12 0 0 0 512 0 0 13312 0 0 131072 0 0 0 0 0 0 0 0 4026531840 256 0 0 528 0 0 13312 0 0 139264 0 0 196608 0 0 1048576 0 0 3758096384 0 0 0 32 16 0 0 784 0 0 49664 0 0 8192 24 0 0 0 0 0 4096 0 0 0 0 0 0 0 0 0 0 0 3221225472 0 0 0 2 8 0 0 0 0 0 0 0 0 0 0 0 2097152 0 0 8388608 0 0 1073741824 0 0 0 96 0 0 131072 0 0 1048576 0 0 34603008 0 0 249561088 0 0 1124073472 1 0 0 0 0 0 3
is_linear=0
shrinkage=0.05


Tree=14
num_leaves=31
num_cat=10
split_feature=14 29 5 17 14 17 5 5 5 35 6 5 10 41 5 10 28 17 19 41 14 14 37 41 38 14 5 17 5 5
split_gain=2139.89 510.998 384.401 239.245 224.215 342.953 235.837 211.89 149.118 127.994 122.936 117.54 173.208 182.085 100.166 97.9072 95.054 92.4741 80.5252 114.419 73.7677 67.7955 62.0983 58.6525 57.7077 54.6702 62.6842 49.0268 49.5968 47.4976
threshold=6.8874225616455087 0.73248672485351574 0 6.8857300281524667 10.544393539428713 10.931335449218752 1 2 3 21.998405456542972 4 5 1.9123621582984927 2.9563426971435551 6 7.9654617309570321 1011.3296813964845 4.4157025814056405 5.0559549331665048 5.5574922561645517 13.596874713897707 3.1289939880371098 -3.0484199523925777 8.0503706932067889 -10.049818038940428 4.7388491630554208 7 13.454404830932619 8 9
decision_type=2 2 9 8 2 8 9 9 9 2 1 9 2 2 9 2 2 10 2 2 2 2 2 2 2 2 9 8 9 9
left_child=11 7 -3 14 8 9 27 16 10 20 -5 12 -1 17 -4 -16 18 21 -2 -20 -6 -14 -21 -12 29 -13 -27 -7 -29 -8
right_child=1 2 3 4 5 6 24 -9 -10 -11 23 25 13 -15 15 -17 -18 -19 19 22 -22 -23 -24 -25 -26 26 -28 28 -30 -31
leaf_value=-0.040064732566057769 -0.017077442209175391 -0.020028896279542768 0.001293753122016547 -0.0044251018361884577 0.094716831481315072 0.042071362027921944 0.037336696710219386 -0.028415881468351056 -0.024213912126070877 0.046775349387922771 0.10544624270579293 -0.048181176460724395 -0.0085867130324218163 -0.027024101450102912 0.18665425232497998 0.076668669736859985 -0.028718789357429789 -0.00040551519279254648 0.13932823139619574 0.089860090389888223 0.21339540855308764 0.20886463790755183 -0.00094516200028374638 0.011315025078462257 0.054811462272830083 0.0046221589897614676 -0.037918666628811146 0.01799547843177551 -0.012490975711773626 -0.021957373522989553
leaf_weight=74.590730464551598 27.804868878098205 279.32273702067323 32.666673867730424 104.10795959481038 74.034515513572842 93.501931237289682 58.008733718423173 527.84884089953266 217.23461311194114 67.591296209720895 58.001086241332814 1457.1366821057163 3.2689568528439912 24.525070243515074 40.487450239947066 79.520585128571838 38.923300539143384 9.1010340740904194 32.126905594253913 18.512759432662278 28.971018876647577 15.994442675495518 54.826422434533015 25.338515776442364 972.03045990900137 121.27012392855249 294.03660409338772 270.01248287432827 228.85737281828187 43.543884055921808
leaf_count=29572 8014 64387 2672 18408 5417 8938 5921 128905 32506 2254 6249 593990 1182 6278 2552 3054 9890 2151 4557 2710 1218 1734 11092 2340 58262 32015 90374 27345 29420 6697
internal_value=0.000584252 0.0248584 0.0347904 0.0411556 0.0368645 0.0442521 0.0368797 -0.0130244 0.00307886 0.110218 0.0338453 -0.040279 0.00668241 0.0695605 0.10054 0.11633 0.032882 0.138348 0.053917 0.0724919 0.144026 0.181639 0.0300085 0.0732567 0.0506078 -0.0433002 -0.026463 0.0105572 0.00414731 0.0136019
internal_weight=5373.2 3373.27 2673.23 2393.91 2241.23 1836.55 1665.95 700.043 404.682 170.597 187.448 1999.92 127.48 52.8895 152.675 120.008 172.194 28.3644 133.271 105.466 103.006 19.2634 73.3392 83.3396 1073.58 1872.44 415.307 592.372 498.87 101.553
internal_count=1200104 442808 277640 213253 204975 145472 136583 165168 59503 8889 26997 757296 40917 11345 8278 5606 36263 5067 26373 18359 6635 2916 13802 8589 70880 716379 122389 65703 56765 12618
cat_boundaries=0 29 55 84 113 114 130 159 191 217 243
cat_threshold=231 0 0 12512 0 0 198656 0 0 4096 0 0 0 0 0 536870912 0 0 0 0 0 1879048192 8 0 0 993 0 0 14784 512 0 0 3344 0 0 33536 0 0 3768320 0 0 65798144 0 0 130023424 0 0 251658240 0 0 0 4 0 0 18 24 0 0 256 0 0 200704 0 0 1245184 0 0 2293760 0 0 1048576 0 0 0 1 0 0 32 0 0 4 0 0 64 784 0 0 1536 0 0 5888 0 0 3145728 0 0 40370176 0 0 5242880 0 0 4060086272 0 0 0 32 0 0 12 0 0 16 4 0 0 0 528 0 0 49664 0 0 8192 0 0 0 0 0 2097152 272 0 0 1536 0 0 12288 0 0 704512 0 0 2359296 0 0 138412032 0 0 1610612736 1 0 0 39 0 0 8 0 0 32 16 0 0 1120 0 0 197632 0 0 1310720 0 0 1114112 0 0 247463936 0 0 1291845632 3 0 0 1 0 0 11 0 0 0 0 0 44800 0 0 0 0 0 0 0 0 0 2719744 0 0 61603840 0 0 8388608 0 0 33554432 0 0 0 4 0 0 18 8 0 0 0 0 0 1024 0 0 8192 0 0 0 0 0 402653184 0 0 2684354560 3 0 2147483648 3 0 0 12
is_linear=0
shrinkage=0.05


Tree=15
num_leaves=31
num_cat=1
split_feature=14 29 15 14 17 6 18 12 14 15 3 41 10 10 12 18 27 0 18 41 18 0 31 27 29 41 18 41 35 27
split_gain=2022.5 419.993 328.084 264.795 302.479 206.276 134.166 130.946 114.795 206.01 105.883 100.023 91.7193 119.157 89.8409 82.3123 77.7121 87.6065 79.7427 76.65 83.9909 71.3633 64.9539 67.1138 64.7005 83.4263 73.3916 58.5089 64.2826 56.1266
threshold=6.8874225616455087 0.66899490356445324 6.0079500675201425 13.078275203704836 13.454404830932619 0 9.0503840446472186 13.387816429138185 4.1653075218200692 4.2210941314697275 686.48953247070324 2.9563426971435551 2.5209167003631596 5.3220548629760751 11.582238197326662 12.772656917572023 1010.4973754882814 25.250000000000004 3.8738049268722539 8.9905261993408221 10.185426235198976 13.250000000000002 85.053596496582045 1007.6919250488282 0.34580993652343756 3.2398447990417485 5.3565595149993905 6.0356762409210214 17.208576202392582 1013.026336669922
decision_type=2 2 8 2 8 1 2 2 2 10 2 2 2 2 2 2 2 2 2 2 2 2 2 2 2 2 2 2 2 2
left_child=8 24 6 5 7 21 27 -5 -1 11 15 12 -10 29 16 19 18 -18 -7 20 -6 -4 -20 -24 -2 26 -26 28 -3 -14
right_child=1 2 3 4 10 14 -8 -9 9 -11 -12 -13 13 -15 -16 -17 17 -19 22 -21 -22 -23 23 -25 25 -27 -28 -29 -30 -31
leaf_value=-0.048043076158938061 -0.034191244897075951 0.20531670154120465 -0.039180653045022572 0.12001541415225497 0.010791944185750017 -0.019156635899832151 0.058091593741094898 0.031517974276475527 -0.021177727239828418 -0.034347465985111812 0.059695093815244883 -0.019593670440305418 0.17699452299504406 -0.0029943063067245485 -0.010990208838704215 0.053210416245118144 -0.031513468655585304 0.064190299814293236 0.092998713800862901 0.0041735273766827247 0.05402864949199522 -0.00047594109370152491 -0.0072778256671774998 0.065396006716408481 -0.0068787727447915462 -0.012550528060794415 0.093358575759353774 0.019249358430794745 0.0079385111096271482 -0.0068577638489899151
leaf_weight=1364.021388471825 240.15107429306954 35.254733659559861 143.80885570077226 146.27357732830569 232.01722165057436 25.320651541464031 97.290884742513299 69.39717522310093 14.2082422664389 460.81845623138361 260.02997011365369 35.727264724206179 24.679620656417686 16.234072924824432 81.228245593374595 195.48585201264359 56.143463081913069 27.480131048010662 120.64636887516826 498.85618668585084 219.76560431416146 528.76598419458605 50.089251493569463 68.982001416618004 31.580728443106636 281.2529877719935 29.512199416989461 8.6816785994451475 5.4477797490544608 3.8903239145874968
leaf_count=585364 71008 2092 36645 8097 29794 5134 3526 3380 5052 150742 15493 9341 3279 1928 10178 8807 11115 4356 14236 52342 12146 69446 3574 5164 8985 62084 4058 1018 451 1204
internal_value=0.000793369 0.0236465 0.031484 0.0273189 0.040115 0.00830335 0.102164 0.0941977 -0.0402305 -0.0205386 0.0312134 0.0434951 0.0789949 0.108829 0.0344972 0.024291 0.0460672 0.00343344 0.0589049 0.0178522 0.0325386 -0.00907159 0.0675873 0.0366293 -0.0148618 -0.000716911 0.0478638 0.164586 0.185675 0.156672
internal_weight=5373.04 3453.46 2870.97 2724.29 1621.83 1102.46 146.675 215.671 1919.58 555.558 1406.15 94.7395 59.0123 44.804 429.89 1146.12 348.662 83.6236 265.038 950.639 451.783 672.575 239.718 119.071 582.497 342.346 61.0929 49.3842 40.7025 28.5699
internal_count=1200039 443129 296994 289907 130059 159848 7087 11477 756910 171546 118582 20804 11463 6411 53757 103089 43579 15471 28108 94282 41940 106091 22974 8738 146135 75127 13043 3561 2543 4483
cat_boundaries=0 1
cat_threshold=4
is_linear=0
shrinkage=0.05


Tree=16
num_leaves=31
num_cat=2
split_feature=14 29 15 14 17 6 14 15 43 27 14 14 20 7 10 27 12 10 10 12 25 23 14 10 1 10 10 6 20 25
split_gain=1910.91 377.595 273.094 241.453 232.515 183.306 129.484 228.252 104.691 142.739 94.8225 81.4245 81.1586 72.2304 69.8566 99.5272 59.4878 54.6116 52.8587 71.7874 51.9056 47.5735 47.5424 46.3084 57.0713 46.1716 42.9294 42.6186 50.1925 68.0155
threshold=7.2549736499786386 0.66899490356445324 6.7438485622406015 11.634850502014162 13.454404830932619 0 4.1653075218200692 3.7452403306961064 22.785663604736332 1006.3090209960939 20.88103008270264 13.955346107482912 5.1375460624694833 2.5000000000000004 5.4656434059143075 1012.3126831054689 10.004316329956056 5.1232981681823739 16.404257774353031 19.259384155273441 0.87690275907516491 26.251071929931644 13.078275203704836 5.6720652580261239 79.250000000000014 1.761542081832886 7.9654617309570321 1 4.7387847900390634 6.9941751956939706
decision_type=2 2 8 2 8 1 2 10 2 2 2 2 2 2 2 2 2 2 2 2 2 2 2 2 2 2 2 1 2 2
left_child=6 13 12 5 8 -4 -1 14 9 11 27 -5 -3 -2 15 25 23 -15 20 -20 -12 -21 26 -7 -25 -8 -14 28 -6 -30
right_child=1 2 3 4 10 16 7 -9 -10 -11 18 -13 22 17 -16 -17 -18 -19 19 21 -22 -23 -24 24 -26 -27 -28 -29 29 -31
leaf_value=-0.047861934072950238 -0.027656932592340325 0.15855031664064628 -0.018705429126255183 0.076624538892487382 -0.019754387891136253 0.0029346213336547819 -0.014395844147656775 -0.031559700383165225 0.036300616602186024 0.04936004560930931 0.071415516501644224 0.19151359875053586 0.080210461095976585 -0.030812499980547067 -0.0086674056989585468 -0.021011951211530995 -0.0036660972581837761 0.026264327732917831 0.095934163697115452 0.061075844697536588 0.012492759707795901 0.018206649868067533 0.11551320018388211 0.0023740716531239089 0.072402775072547901 0.13196540747297397 0.01965190068090138 0.010615709205861613 0.066729546183279378 0.0025549100765250238
leaf_weight=1301.2252002547029 358.85330113046803 29.174168352968991 438.04871658282354 57.571212282637134 27.591718204552308 51.929054667009041 4.0268821483477941 542.89232404902577 158.94016681984067 116.99371779011562 36.881257227854803 38.781223414232954 45.087671502493322 49.472816477296874 28.178969549946487 14.064285229193045 85.147639246890321 135.44792656390928 77.281822759890929 129.86064210836776 218.2583131971769 143.29829597868957 32.408210263587534 37.867239898070693 126.35817100014538 35.30806753761135 82.285176193108782 779.70227094157599 123.00761264981702 61.063421305734664
leaf_count=585801 92420 2130 76040 4078 4349 11802 1464 175262 6108 11423 1728 1561 2664 15802 4917 4675 10962 29170 3828 5247 20374 8971 660 4345 12331 4468 3811 80728 8723 4628
internal_value=0.000882299 0.0231826 0.0303433 0.0260732 0.0351808 0.00166981 -0.0388833 -0.0197149 0.0704209 0.0930766 0.0265784 0.136526 0.0871652 -0.0148323 0.0539497 0.0831482 0.0305609 0.0101969 0.042084 0.0546732 0.0233825 0.040024 0.0655603 0.0449608 0.0573186 0.117101 0.0453669 0.016781 0.0358905 0.046669
internal_weight=5367.01 3441.31 2897.54 2708.58 1969.23 739.351 1925.7 624.471 372.286 213.346 1596.95 96.3524 188.955 543.774 81.5782 53.3992 301.302 184.921 605.58 350.441 255.14 273.159 159.781 216.154 164.225 39.3349 127.373 991.365 211.663 184.071
internal_count=1200470 423883 286491 277226 161746 115480 776587 190786 23170 17062 138576 5639 9265 137392 15524 10607 39440 44972 40148 18046 22102 14218 7135 28478 16676 5932 6475 98428 17700 13351
cat_boundaries=0 1 2
cat_threshold=4 8
is_linear=0
shrinkage=0.05


Tree=17
num_leaves=31
num_cat=8
split_feature=14 5 16 42 14 16 5 5 18 5 5 14 16 27 18 41 34 41 14 29 5 14 5 5 17 15 41 14 19 37
split_gain=1704.32 390.145 322.223 294.613 145.282 187.309 186.896 139.975 139.55 110.681 94.9509 111.2 187.22 94.2891 90.0539 76.0585 73.2328 71.9169 65.5621 58.1647 57.4499 55.3285 70.8631 69.3257 66.19 55.2563 48.8018 69.7634 50.1917 48.6582
threshold=6.2286229133605966 0 5.8790349960327157 1.7552375793457033 10.544393539428713 11.228313446044924 1 2 9.7352457046508807 3 4 3.1289939880371098 2.6234781742095952 1011.0805053710939 10.485202312469484 11.955618858337404 -2.2197570800781246 3.2889237403869633 10.187408447265627 0.31336593627929693 5 13.955346107482912 6 7 17.972510337829593 6.9100642204284677 12.19239664077759 10.782790184020998 5.3289420604705819 34.955978393554695
decision_type=2 9 10 2 2 10 9 9 2 9 9 2 10 2 2 2 2 2 2 2 9 2 9 9 10 8 2 2 2 2
left_child=10 25 8 9 7 14 29 16 13 19 11 -1 17 15 20 -3 -5 -13 -10 -4 -6 23 -23 -8 -24 -2 27 -21 -29 -7
right_child=1 2 3 4 5 6 21 -9 18 -11 -12 12 -14 -15 -16 -17 -18 -19 -20 26 -22 22 24 -25 -26 -27 -28 28 -30 -31
leaf_value=-0.040287210224128032 0.025767022333842506 0.16206107460556418 -0.024041162612995048 0.014923547715759839 -0.0063522191038701287 -0.017565055924907848 -0.015635536197294114 -0.01921184388457562 0.00095873054638640008 -0.028763787461148008 -0.045349515951236007 0.19441805699632381 -0.01034851167048746 0.0096620719625328724 0.048300057618108169 -0.0093269438244394983 0.085801318142375405 -0.010989374809515416 0.075116577666394416 -0.0013188114122339796 0.12199094962114815 0.054733445805590399 0.053468748902314102 0.033055615527892983 0.016725764461941687 -0.026606027030860901 -0.01801918546120438 -0.016251650540012857 0.076469873160144947 0.041424676592977647
leaf_weight=71.537598568014801 48.358334642136469 70.208826456684619 68.466112352441996 118.68285082723014 16.440076438942924 244.43907968560234 107.03467335691676 267.54774813307449 54.737735551316291 324.92103045713156 1509.2508424266707 10.781369454227386 48.849755933508277 15.760558503447099 193.10251747607253 5.8962613071780643 46.484502528561279 4.0748201932292423 56.125432402594015 67.562833320116624 75.367628194857389 509.92565064691007 166.81246963283047 166.67024575639516 453.68066601129249 465.8222660231404 42.725248740520328 13.57609676895663 84.251869100844488 30.879166682716459
leaf_count=32420 9604 5528 20139 15201 2137 28302 9751 40260 4148 85383 670812 1102 14691 3038 6539 879 5361 1300 1698 15243 4556 25335 8973 14293 30043 120146 7907 3312 11369 1282
internal_value=0.000308197 0.0190617 0.0255084 0.0212864 0.0291132 0.0348645 0.0281883 0.00280661 0.0852191 -0.00987032 -0.0419216 -5.36561e-05 0.0444549 0.128595 0.0719282 0.149242 0.0365445 0.156323 0.0416105 0.0131009 0.112 0.035389 0.0405237 0.0147486 0.0268689 -0.0208844 0.0264626 0.0383258 0.0632886 -0.00939945
internal_weight=5359.97 3715.48 3201.3 2998.57 2397.07 1964.35 1679.44 432.715 202.729 601.503 1644.49 135.244 63.7059 91.8656 284.91 76.1051 165.167 14.8562 110.863 276.582 91.8077 1404.12 1130.42 273.705 620.493 514.181 208.116 165.391 97.828 275.318
internal_count=1200752 480427 350677 335386 192033 131211 117979 60822 15291 143353 720325 49513 17093 9445 13232 6407 20562 2402 5846 57970 6693 88395 64351 24044 39016 129750 37831 29924 14681 29584
cat_boundaries=0 29 48 77 109 128 157 186 215
cat_threshold=743 0 0 12512 0 0 198656 0 0 4096 0 0 0 0 0 553648128 0 0 67108864 0 0 1879048192 8 0 0 993 0 0 6272 0 0 0 3344 0 0 33536 0 0 3145728 0 0 0 0 0 239075328 0 0 285212672 16 0 0 1024 0 0 4864 0 0 3244032 0 0 38273024 0 0 5242880 0 0 4060086272 0 0 0 32 0 0 14 0 0 16 264 0 0 256 0 0 12288 0 0 1253376 0 0 16973824 0 0 70254592 0 0 3489660928 3 0 2147483648 32 0 0 16 0 0 9808 0 0 3328 16 0 0 784 0 0 49664 0 0 8192 0 0 0 0 0 0 0 0 1073741824 24 0 0 1792 0 0 20736 0 0 2883584 0 0 58720256 0 0 2097152 0 0 285212672 3 0 0 36 0 0 4 0 0 64 24 0 0 512 0 0 12288 0 0 344064 0 0 1114112 0 0 268435456 0 0 1073741824 2 0 0 51 0 0 4 0 0 32 280 0 0 512 0 0 4096 0 0 466944 0 0 51183616 0 0 279969792 0 0 167772160 0 0 0 16 0 0 4 0 0 48
is_linear=0
shrinkage=0.05


Tree=18
num_leaves=31
num_cat=1
split_feature=10 29 6 0 7 23 1 32 0 23 0 27 1 1 0 39 29 25 31 18 36 18 12 10 7 37 29 18 19 29
split_gain=1611.26 269.967 147.635 248.408 121.579 94.0173 110.87 111.242 91.1035 86.4674 81.1526 115.88 63.6327 105.781 61.9303 61.2859 62.3569 60.9152 72.5696 60.1282 57.9788 57.514 68.0585 55.001 50.4285 121.797 48.6644 48.3988 50.3642 44.2237
threshold=3.8583635091781621 0.77634048461914074 0 14.750000000000002 2.5000000000000004 27.318439483642582 85.750000000000014 925.61953735351574 9.7500000000000018 15.069210052490236 26.750000000000004 1006.5372619628907 83.250000000000014 90.750000000000014 8.7500000000000018 0.87118732929229747 0.32894515991210943 9.0147752761840838 95.04693984985353 3.4791257381439213 25.607585906982425 6.8686904907226571 10.358674049377443 1.9499508142471316 1.5000000000000002 8.9707374572753924 0.87722396850585949 6.9206445217132577 8.1067748069763201 0.89306640625000011
decision_type=2 2 1 2 2 2 2 2 2 2 2 2 2 2 2 2 2 2 2 2 2 2 2 2 2 2 2 2 2 2
left_child=23 4 3 -3 -2 12 7 8 -7 -5 11 -11 24 14 -14 20 -17 18 29 -10 -6 -8 -23 -1 25 -4 -12 -18 -29 -16
right_child=1 2 5 9 15 6 21 -9 19 10 26 -13 13 -15 17 16 27 -19 -20 -21 -22 22 -24 -25 -26 -27 -28 28 -30 -31
leaf_value=-0.048536136489874163 -0.020320518331850938 -0.026854195162109431 -0.0093635128089515456 -0.028411111576026452 0.12633060546588165 -0.0049820581391841218 -0.023677688334728837 -0.023275001143275298 -0.013208379286261241 0.028704254251196007 0.00025656257587959076 -0.0064629456652828578 -0.020680593761962008 0.008521753483791061 0.027027639177012414 -0.02768773973890501 -0.0091055454099103622 -0.003329578463229991 -0.020710688218760542 0.11540380572228189 -0.015798841167019032 0.075855267628127818 -0.019054663566737372 -0.02709958143292452 -3.9288315441959372e-05 0.081723556192594721 0.059159347571870392 0.10179482348950915 0.023984243605134743 0.10975452600254641
leaf_weight=1075.3725375204813 554.52601201017387 268.89661334245466 67.586990558309481 67.240354973822832 13.149607273517178 18.605571064632386 38.775095481192693 17.382716648979113 7.5713374284096053 1073.9113922424149 40.957825631834567 294.6889280884061 13.688381304731591 118.05165265058167 27.688663571840152 67.864330223063007 66.564173844875768 20.145138260908425 10.999214321374891 153.50785412825644 7.4909103983081868 47.236748874653131 23.149178060237318 480.05421193013899 218.18251424445771 65.786331558367237 237.40865082340315 18.863770618801937 114.52438813541085 113.98231646139175
leaf_count=528229 131013 54809 5956 14095 1907 3781 8811 1959 1355 77949 3810 37202 2404 14392 2312 20333 18235 1004 402 8336 2184 5668 3163 193098 17184 2770 12875 3330 16887 4986
internal_value=0.00055301 0.0181446 0.025266 0.0170282 -0.00674285 0.0412923 0.0645504 0.08624 0.097503 0.0241263 0.0264298 0.0211401 0.0302508 0.0467082 0.0692154 0.019165 0.0110568 0.0770777 0.08724 0.10894 0.086427 0.0214431 0.0461531 -0.0421355 0.0150961 0.0381315 0.0508021 0.0248992 0.04132 0.0964341
internal_weight=5343.85 3788.43 2945.44 1983.1 842.983 962.34 306.229 197.067 179.685 1714.21 1646.97 1368.6 656.111 304.555 186.504 288.457 267.817 172.815 152.67 161.079 20.6405 109.161 70.3859 1555.43 351.556 133.373 278.366 199.952 133.388 141.671
internal_count=1200439 479112 285223 200740 193889 84483 33073 15431 13472 145931 131836 115151 51410 25500 11108 62876 58785 8704 7700 9691 4091 17642 8831 721327 25910 8726 16685 38452 20217 7298
cat_boundaries=0 1
cat_threshold=4
is_linear=0
shrinkage=0.05


Tree=19
num_leaves=31
num_cat=0
split_feature=10 33 41 18 0 28 41 18 28 28 1 18 1 12 7 10 41 34 23 23 31 12 10 25 19 28 39 1 31 1
split_gain=1495.02 233.091 134.745 103.064 90.2749 102.529 84.2784 88.9423 179.032 89.8721 83.8792 86.9408 80.3617 74.2542 70.5213 68.0609 69.4769 65.9855 68.9562 63.197 62.8375 61.3498 63.3636 60.2745 66.8335 52.8018 80.1709 53.8871 56.2832 52.3631
threshold=3.9143499135971074 18.933312416076664 2.0542695522308354 3.8738049268722539 25.750000000000004 1008.8840637207032 10.976830005645754 10.88958787918091 1007.2515563964845 999.17718505859386 75.250000000000014 5.6144938468933114 79.750000000000014 6.0714311599731454 1.5000000000000002 2.694736242294312 0.60901209712028515 -3.3947143554687496 25.988357543945316 15.069210052490236 88.100028991699233 8.7714195251464862 8.0709471702575701 1.1144180297851565 8.7593588829040545 1007.0084228515626 2.2601957321166997 74.750000000000014 81.421699523925795 81.750000000000014
decision_type=2 2 2 2 2 2 2 2 2 2 2 2 2 2 2 2 2 2 2 2 2 2 2 2 2 2 2 2 2 2
left_child=15 2 13 -4 5 6 7 9 -9 21 11 -11 -10 17 -3 -1 -17 -2 -19 -6 -8 22 -5 -21 -25 26 27 28 -16 -7
right_child=1 14 3 4 19 29 20 8 12 10 -12 -13 -14 -15 25 16 -18 18 -20 23 -22 -23 -24 24 -26 -27 -28 -29 -30 -31
leaf_value=-0.046855579854085658 0.045977945003681013 -0.035655641852640085 -0.02753521932753647 0.015021701702947053 -0.005102359638200128 0.018289663564557253 -0.012014245146312637 0.027442118681974898 -0.012008012923095605 0.13907468511387364 -0.0027827640943103651 0.021859880489246929 0.11196848661376189 0.029077100909803984 0.1190921569981319 0.058777857397753611 -0.025858950312061414 0.01707730640099183 0.15672929594108945 0.060104805019535426 0.022695495986143639 0.016410130224230459 0.13440054597218939 0.05732926596059449 0.0043085692502076167 -0.019156085352747682 -0.0046374620860588165 0.0082012691759592547 -0.0093982618969858447 -0.02637436674787438
leaf_weight=1207.1668184287846 88.106694150483236 190.32325200201012 106.50434809015132 20.525941253174096 72.315655558370054 89.230883597396314 299.32874130387791 607.49546176730655 12.924687767866997 10.371119528543202 509.12639268510975 97.252444517333061 90.820931608323008 173.49368395190686 27.320479909190908 17.041902662022039 282.0900252450956 14.4739803369157 33.297728551086038 273.4466036693193 215.58786204271019 60.858654257375747 24.590655190171674 86.780889746500179 158.70640612835996 181.22007959638722 158.1502909346018 36.941210216609761 9.2542873455677164 189.91832389775664
leaf_count=611148 5138 49961 28338 2291 9944 11404 38898 25647 802 686 79628 11714 2755 15124 3328 5581 108743 2870 3737 14821 13357 3405 978 9342 11962 53120 31041 8592 1329 34373
internal_value=0.00050615 0.0170735 0.0223847 0.0189359 0.0207825 0.0160444 0.020096 0.0262903 0.0387649 0.0136523 0.00595617 0.0440187 0.0968256 0.0533866 -0.0113124 -0.0415451 -0.0192917 0.0803047 0.124697 0.0380736 0.00267371 0.0540663 0.0926682 0.0440731 0.0245619 0.000486604 0.0160089 0.0556612 0.0915436 -0.0119586
internal_weight=5344.67 3838.37 3235.16 2925.79 2819.28 2228.03 1948.88 1433.97 711.241 722.725 616.75 107.624 103.746 309.372 603.21 1506.3 299.132 135.878 47.7717 591.25 514.917 105.975 45.1166 518.934 245.487 412.886 231.666 73.516 36.5748 279.149
internal_count=1200057 474585 327214 300345 272007 225938 180161 127906 29204 98702 92028 12400 3557 26869 147371 725472 114324 11745 6607 46069 52255 6674 3269 36125 21304 97410 44290 13249 4657 45777
is_linear=0
shrinkage=0.05


Tree=20
num_leaves=31
num_cat=10
split_feature=10 5 29 41 5 14 16 5 5 5 18 14 5 12 18 14 41 5 5 10 39 5 45 5 16 29 41 23 7 14
split_gain=1372.32 376.981 201.209 168.723 216.122 197.181 220.63 198.035 122.601 114.327 87.2832 81.5219 101.348 79.9049 85.1407 76.369 72.7592 128.337 67.6096 63.7823 63.7721 80.8521 68.9188 63.7115 63.2763 58.962 53.2759 53.8748 52.3738 51.1225
threshold=3.2400245666503911 0 0.47967529296875006 3.8036607503890996 1 10.072250366210939 9.5384345054626483 2 3 4 3.0940723419189458 14.540517807006838 5 6.0714311599731454 10.638608455657961 13.596874713897707 10.112149238586428 6 7 12.615166187286379 9.1747012138366717 8 14.827395439147951 9 11.616271495819094 0.99729537963867199 5.6353960037231454 27.039123535156254 1.5000000000000002 4.422377586364747
decision_type=2 9 2 2 9 2 8 9 9 9 2 2 9 2 2 2 2 9 9 2 2 9 2 9 10 2 2 2 2 2
left_child=-1 -2 8 4 -4 9 11 24 26 -5 -6 12 -7 14 29 18 20 -18 -9 -14 21 -17 -22 -15 -8 -19 27 -3 -29 -12
right_child=1 2 3 5 10 6 7 15 -10 -11 13 -13 19 23 -16 16 17 25 -20 -21 22 -23 -24 -25 -26 -27 -28 28 -30 -31
leaf_value=-0.044555093482835796 -0.02777823565188425 -0.010292736985278493 -0.021885660031339158 0.023758649829117642 -0.014117726764864995 -0.0074985042962405282 0.032740035097627185 0.036789753234259294 -0.032362341887045766 -0.026919002738798527 -0.0035526355368256041 0.13705155374541533 0.10639360286766564 0.061693683042022211 0.043747310615243853 0.0042089986050114275 -0.022113693817554046 0.02305070822159732 -0.0076319930596739543 0.0093173264653991297 -0.0053542690577704473 0.083038306056060746 0.051363131756293728 0.0066146694624071717 -0.011776042835712916 0.059334446355085557 -0.0085136674589339142 -0.0043782439821495557 0.13943677683274203 0.12038833055724643
leaf_weight=1279.1691419011913 449.08539442368783 11.345572670688851 90.307602465385571 147.66534220729955 32.972710060421377 53.648008783813566 84.5583497940097 113.26183415739797 254.75654982961714 322.85335070034489 8.2609571998473239 36.82924350653775 70.083407814614475 147.27665141201578 91.970033269142732 52.846032609930262 111.1495060606394 382.14838408515789 228.01019597309642 24.053621428087354 84.496478881919757 179.16395974904299 128.50992937665433 98.098377296701074 507.4928714199923 165.07283953460865 28.420023964019492 7.4815719097387072 17.148378903511912 126.11942106951028
leaf_count=666380 127659 3523 14640 26410 9161 3241 7358 8636 76494 56175 2420 737 2678 8014 2364 5096 12228 23859 25256 1143 4297 14444 2626 7626 56459 6129 7681 1934 3973 11461
internal_value=0.000395552 0.0146499 0.0200175 0.0237539 0.0477078 0.0183021 0.0245125 0.0195396 -0.0174072 -0.0109169 0.0596107 0.0755516 0.0525107 0.0661878 0.087934 0.0293515 0.0359086 0.0247272 0.00856845 0.0774302 0.0515436 0.0696039 0.029633 0.0434698 -0.00489857 0.0342497 0.0374681 0.0758934 0.107102 0.113051
internal_weight=5334.26 4055.09 3606 3286.85 595.006 2691.84 2221.32 2036.71 319.152 470.519 504.698 184.614 147.785 471.725 226.35 1444.66 1103.39 658.371 341.272 94.137 445.016 232.01 213.006 245.375 592.051 547.221 64.3955 35.9755 24.63 134.38
internal_count=1200102 533722 406063 312458 55686 256772 174187 166388 93605 82585 41046 7799 7062 31885 16245 102571 68679 42216 33892 3821 26463 19540 6923 15640 63817 29988 17111 9430 5907 13881
cat_boundaries=0 29 61 90 116 142 165 194 217 246 272
cat_threshold=231 0 0 8384 0 0 67584 0 0 4096 0 0 0 0 0 553648128 0 0 67108864 0 0 1879048192 8 0 0 992 0 0 16320 768 0 0 4864 0 0 12288 0 0 655360 0 0 11534336 0 0 369098752 0 0 671088640 2 0 0 22 0 0 1 0 0 0 0 0 44800 512 0 0 3376 0 0 165632 0 0 3145728 0 0 5177344 0 0 113246208 0 0 419430400 0 0 0 0 0 0 19 0 0 16 24 0 0 256 0 0 131072 0 0 1048576 0 0 0 0 0 69206016 0 0 1207959552 0 0 0 0 0 0 3 784 0 0 1072 0 0 1536 0 0 2293760 0 0 1048576 0 0 1048576 0 0 939524096 0 0 0 4 0 0 2 768 0 0 48 0 0 172288 0 0 2957312 0 0 8519680 0 0 12582912 0 0 2550136832 3 0 0 51 256 0 0 4096 0 0 24576 0 0 950272 0 0 33554432 0 0 3145728 0 0 570425344 0 0 0 4 0 0 8 0 0 32 0 0 0 0 0 0 28672 0 0 0 0 0 16777216 0 0 1048576 0 0 2684354560 1 0 2147483648 2 0 0 0 512 0 0 0 0 0 8192 0 0 51380224 0 0 402653184 0 0 0 2 0 0 53 0 0 0 0 0 32 8 0 0 2080 0 0 34048 0 0 1114112 0 0 34275328 0 0 13631488 0 0 3221225472 0 0 2147483648 0 0 0 14
is_linear=0
shrinkage=0.05


Tree=21
num_leaves=31
num_cat=9
split_feature=10 5 38 5 36 5 14 15 5 5 5 12 14 5 10 15 14 7 15 45 14 5 5 43 12 14 41 20 20 28
split_gain=1298.87 336.42 209.442 165.315 113.438 194.073 117.496 125.693 122.509 121.549 113.904 81.7122 74.1075 67.5948 79.2367 96.5381 63.3563 60.3464 87.6806 56.4836 50.3679 73.9272 56.917 66.5705 38.9436 48.4808 35.5223 32.9601 31.5717 31.3683
threshold=3.6409914493560795 0 -4.5034668445587149 1 23.8795280456543 2 9.3409719467163104 11.103891849517824 3 4 5 12.826170444488527 8.6400084495544451 6 1.7259721159935 3.879761934280396 3.1289939880371098 1.5000000000000002 13.013978481292726 25.545130729675297 18.81732273101807 7 8 20.60794830322266 6.6345078945159921 5.5292270183563241 5.8746118545532235 7.3509168624877939 14.405819892883303 1005.0072021484376
decision_type=2 9 2 9 2 9 2 8 9 9 9 2 2 9 2 10 2 2 8 2 2 9 9 2 2 2 2 2 2 2
left_child=13 -2 3 12 5 -4 8 10 24 19 11 -8 -3 14 -1 16 -16 -14 -19 -9 22 -22 -11 -24 25 -6 -27 -18 -23 -25
right_child=1 2 4 -5 6 -7 7 9 -10 20 -12 -13 17 -15 15 -17 27 18 -20 -21 21 28 23 29 -26 26 -28 -29 -30 -31
leaf_value=-0.036707463293892545 -0.02563439421069379 -0.02981092894054678 0.077263181020548535 -0.023931726945889402 -0.014978353681590071 -0.016162945689587604 0.09146952937323842 -0.0096904674403830073 -0.024625639104997449 0.0043631611613711985 0.016937553953853129 0.00080221195106885176 -0.0026714406702628376 -0.045162065817949397 -0.01135693036105723 -0.013680129394857094 0.18600732609782514 0.089819767183593094 0.023031934827299396 0.05515694175673206 0.0054234072071640054 0.058590972307664774 0.050848806757677792 -0.013362131425240212 0.0022184094134648775 0.087800130832710349 0.007810009504451417 -0.0046068291350120439 0.021012246939052712 0.033889303473485032
leaf_weight=53.542947827023454 442.37318361317739 61.134645125479437 215.23674005630892 405.50694333692081 18.225901074940339 70.823443734669127 183.75152874970809 344.44532842491753 227.60325860150624 341.08849125681445 166.306784192333 28.710086580133066 131.90742589626461 1226.0669514578767 5.5114577709464347 27.059085443383083 6.9217433595331368 54.984244991093874 254.6012376009021 27.131291092373431 135.64696685108356 330.2076038857922 214.86831901432015 81.029405173147097 68.539526837761514 50.437257799319923 20.738452574238181 2.0722327724797651 85.048084544483572 47.500996006187052
leaf_count=28095 121975 16534 16979 89649 4455 16880 5871 33745 39212 21607 8159 1212 19295 658913 2706 10855 1447 7030 32035 629 5880 12359 16096 3669 11645 5420 3104 438 2147 2106
internal_value=0.000588788 0.0147696 0.0198565 -0.000818676 0.0269731 0.0564316 0.0231973 0.0280793 -0.00202118 0.0217257 0.0537827 0.0763714 0.0180462 -0.0422173 0.000663011 0.0467146 0.118985 0.0255863 0.0373332 -0.00354131 0.0290878 0.0406031 0.0197874 0.0334801 0.0297735 0.0515453 0.0683267 0.162786 0.0503848 0.00528636
internal_weight=5329.02 4007.85 3565.47 908.134 2657.34 286.06 2371.28 1985.73 385.544 1606.97 378.768 212.462 502.628 1321.17 95.1075 41.5645 14.5054 441.493 309.585 371.577 1235.39 550.903 684.487 343.399 157.941 89.4016 71.1757 8.99398 415.256 128.53
internal_count=1200147 497693 375718 164543 211175 33859 177316 113480 63836 98238 15242 7083 74894 702454 43541 15446 4591 58360 39065 34374 63864 20386 43478 21871 24624 12979 8524 1885 14506 5775
cat_boundaries=0 29 61 90 116 145 174 193 219 248
cat_threshold=231 0 0 12480 0 0 67584 0 0 4096 0 0 0 0 0 536870912 0 0 67108864 0 0 1879048192 24 0 0 992 0 0 15296 280 0 0 256 0 0 12288 0 0 196608 0 0 3145728 0 0 528482304 0 0 4026531840 3 0 2147483648 35 0 0 29 0 0 0 0 0 1024 24 0 0 16 0 0 180736 0 0 3153920 0 0 19070976 0 0 250609664 0 0 4076863488 0 0 0 32 0 0 7 0 0 32 512 0 0 3104 0 0 50944 0 0 1138688 0 0 34144256 0 0 201326592 0 0 536870912 0 0 2147483648 5 0 0 8 512 0 0 3376 0 0 168704 0 0 3145728 0 0 524288 0 0 256901120 0 0 50331648 0 0 0 0 0 0 9 0 0 16 16 0 0 3840 0 0 58880 0 0 131072 0 0 8323072 0 0 112197632 0 0 2147483648 0 0 0 0 0 0 12 0 0 32 80 0 0 768 0 0 49664 0 0 8192 0 0 0 0 0 0 0 0 1073741824 0 0 0 0 0 0 1024 0 0 557056 0 0 36044800 0 0 270532608 0 0 805306368 1 0 2147483648 0 0 0 2 16 0 0 512 0 0 0 0 0 417792 0 0 64028672 0 0 8388608 0 0 1207959552 3 0 0 33 0 0 4 0 0 32
is_linear=0
shrinkage=0.05


Tree=22
num_leaves=31
num_cat=11
split_feature=14 5 29 6 5 5 5 14 5 23 32 5 14 17 5 17 35 25 23 5 23 7 37 5 41 45 14 35 32 5
split_gain=1199.97 265.971 210.21 148.461 166.269 128.173 116.958 110.692 96.3522 94.9291 93.6318 87.0468 86.6415 121.836 89.3204 85.0667 77.3424 75.4803 69.151 88.6983 68.0903 63.2703 62.6132 77.7152 59.769 52.1737 50.7656 45.1891 76.395 67.7772
threshold=6.1493103504180917 0 0.51697158813476574 1 2 3 4 3.1289939880371098 5 27.40543365478516 950.89440917968761 6 10.420276165008547 10.931335449218752 7 3.4399098157882695 22.785663604736332 1.6571780443191531 26.251071929931644 8 26.831439971923832 1.5000000000000002 17.044544219970707 9 12.19239664077759 13.955331802368166 14.954246044158937 20.60794830322266 710.10980224609386 10
decision_type=2 9 2 1 9 9 9 2 9 2 2 9 2 8 9 10 2 2 2 9 2 2 2 9 2 2 2 2 2 9
left_child=6 -2 8 5 26 -4 7 -1 20 17 11 -11 14 16 -6 -9 -14 -7 -15 27 -3 -22 23 -19 -13 -24 -5 28 29 -20
right_child=1 2 3 4 12 9 -8 15 -10 10 -12 24 13 18 -16 -17 -18 22 19 -21 21 -23 25 -25 -26 -27 -28 -29 -30 -31
leaf_value=-0.037990641170979778 -0.019827341803709278 -0.031380498630444759 -0.017729974409069288 -0.031621326540165619 0.034632589843666066 0.074831947048582939 -0.044020282451889978 0.1148765688109593 -0.032381962678858595 -0.0017869385227506742 -0.029216110636782863 0.095676234913914526 0.080199081191861102 0.034044245477157398 -0.023172934499752676 -0.0021294152416407855 -0.0033388098455348716 0.039519222010397946 -0.007332818927444658 -0.0039560054103555944 -0.018649901288582817 0.099161485936111335 -0.0069189668226802394 -0.0050328694751642644 0.0054258456156931383 0.058131097984384351 0.0089466678319666364 0.0034202956355892955 0.090586393592853059 0.049825489368501445
leaf_weight=47.919168921071105 487.02739983482752 19.334804415237159 87.38955883809831 212.38599884917494 78.935022313031368 85.230048836674541 1252.6965421589557 22.100537002901547 251.81374809192494 41.558550376212224 18.22798024630174 213.60255304398015 136.71453136554919 541.32899458589964 187.86817731230985 29.408855545334518 33.19783647172153 143.12340816063806 94.275591515703127 455.11728658829816 12.2101729568094 28.805588504648767 34.78499872260727 240.28205608739518 21.339359190315008 170.3111911972519 112.45434957672842 114.75175667693838 51.871026252163574 91.756780820898712
leaf_count=26679 130011 6113 17616 42033 9929 6879 677008 2942 76462 5127 2097 10802 5228 25581 25495 9190 756 8225 11376 37948 3273 6402 1682 14324 2761 3571 11939 6092 5017 7549
internal_value=0.000402299 0.0142779 0.019098 0.0230146 0.0149939 0.0382576 -0.0401 0.0117501 -0.0195199 0.0435661 0.0676956 0.0748812 0.0209785 0.0256858 -0.00502357 0.0585875 0.0645989 0.032812 0.0203456 0.0108614 0.0312787 0.0673087 0.0255778 0.0130566 0.084582 0.0472896 -0.0172155 0.0288785 0.0416898 0.0241306
internal_weight=5317.82 3965.7 3478.67 3166.51 2110.66 1055.85 1352.13 99.4286 312.164 968.46 294.728 276.5 1785.82 1519.01 266.803 51.5094 169.912 673.732 1349.1 807.772 60.3506 41.0158 588.502 383.405 234.942 205.096 324.84 352.655 237.903 186.032
internal_count=1200107 484288 354277 262027 188943 73084 715819 38811 92250 55468 20787 18690 134971 99547 35424 12132 5984 34681 93563 67982 15788 9675 27802 22549 13563 5253 53972 30034 23942 18925
cat_boundaries=0 29 30 59 88 98 124 143 169 198 217 233
cat_threshold=743 0 0 12480 0 0 198656 0 0 4096 0 0 0 0 0 553648128 0 0 201326592 0 0 1879048192 8 0 0 992 0 0 6272 10 264 0 0 3888 0 0 38144 0 0 1146880 0 0 0 0 0 4194304 0 0 536870912 0 0 0 0 0 0 1 0 0 10000 0 0 0 0 0 0 0 0 0 2883584 0 0 30670848 0 0 513802240 0 0 50331648 3 0 2147483648 17 0 0 15 0 0 96 16 0 0 528 0 0 49664 0 0 8192 8 0 0 256 0 0 0 0 0 1114112 0 0 2097152 0 0 10485760 0 0 1073741824 0 0 0 0 0 0 3 16 0 0 2048 0 0 49152 0 0 0 0 0 34078720 0 0 4194304 0 0 2147483648 16 0 0 0 0 0 512 0 0 0 0 0 38862848 0 0 1048576 0 0 285212672 0 0 2147483648 5 0 0 10 0 0 0 0 0 0 24576 0 0 2883584 0 0 41943040 0 0 405798912 0 0 0 3 0 2147483648 32 0 0 0 0 0 32 8 0 0 3328 0 0 17664 0 0 0 0 0 524288 0 0 0 0 0 4026531840 0 0 0 0 0 0 24576 0 0 786432 0 0 41943040 0 0 134217728
is_linear=0
shrinkage=0.05


Tree=23
num_leaves=31
num_cat=12
split_feature=45 5 5 21 41 45 5 34 40 24 12 5 8 41 5 23 34 32 19 29 5 5 41 5 5 5 5 41 25 30
split_gain=903.324 269.893 185.687 157.326 158.609 85.1429 109.538 75.4297 69.9206 79.3971 71.3049 67.034 63.2877 58.8195 71.076 57.8775 54.4992 79.6321 100.805 72.8346 51.9841 49.9361 56.1152 56.4543 49.5665 49.4561 47.1028 43.6818 44.1887 36.1271
threshold=3.9390628337860112 0 1 2.8020811080932622 5.3380939960479745 17.226707458496097 2 1.7406311035156252 13.602467536926271 29.266784667968754 3.9896965026855473 3 4 8.9905261993408221 5 27.296077728271488 -5.9246520996093741 710.10980224609386 11.242961406707765 0.98535537719726574 6 7 13.515281677246096 8 9 10 11 0.16131855547428134 8.365270137786867 1244.3125000000002
decision_type=2 9 9 2 2 2 9 2 2 2 2 9 1 2 9 2 2 2 2 2 9 9 2 9 9 9 9 2 2 2
left_child=1 3 -2 -1 7 6 8 12 9 10 25 -10 27 24 -15 20 -17 29 -19 -20 -12 -7 -23 -24 -8 -4 -11 -5 -29 -18
right_child=2 -3 5 4 -6 21 13 -9 11 26 15 -13 -14 14 -16 16 17 18 19 -21 -22 22 23 -25 -26 -27 -28 28 -30 -31
leaf_value=-0.041263271771957197 -0.019500896006064763 -0.040206914624589842 0.038647636043991934 -0.023574473889021508 -0.027605467496861477 -0.00066103224595073567 0.021935794630722465 -0.029037684210705995 0.029594517480707891 -0.0087436137625603438 -0.002204631755313392 -0.0062205262147827451 0.0025205773145498002 0.015118780376409378 -0.028689277755097831 0.02068796840233952 0.081642528430741351 0.011174444956296475 0.26591283922935288 -0.0086573152099122183 0.051161388448429039 0.047663447984528033 -0.027034418088424651 0.027369441039707332 -0.0061427975071635362 -0.019066606093493841 0.029360119809072095 0.075799705042620139 -0.017815683458323531 0.00141403472782983
leaf_weight=137.25495912623592 335.69536076299846 1295.0006485367194 49.852794213569723 8.8638469516299647 115.70605376525782 111.81697924807668 361.84454992774408 27.921262609888799 202.78202130727004 143.14483224286232 65.476812864537351 306.10543251235504 55.333742927527055 127.90046678623185 249.62767483398784 31.53500244859606 43.670075125992298 7.8519974362570819 9.5413983308244479 2.0547267496585837 186.66047303716186 466.1348242345266 42.455958260688931 260.03624868346378 259.0402475586161 62.111206665751524 152.1462111187866 157.87769009324256 9.9517158339731377 19.482963128713891
leaf_count=77478 89652 673077 4789 4764 31517 3950 42351 11338 12686 17015 7627 21319 12671 12731 40143 2070 2673 1146 523 189 16003 9807 2058 8067 36468 9986 18668 25431 2194 1890
internal_value=0.00031316 -0.0282908 0.0151397 0.00270601 0.0194949 0.0188701 0.0137277 0.0407058 0.0232531 0.0328266 0.0452501 0.00879686 0.0499515 0.00114161 -0.0141908 0.0557008 0.0851819 0.104911 0.179687 0.235781 0.0396151 0.0320998 0.0363546 0.0191236 0.0105597 0.00929834 0.0118829 0.0638744 0.0695589 0.0604684
internal_weight=5304.88 1807.91 3496.97 512.909 375.654 3161.27 2280.83 259.948 1282.42 773.528 478.237 508.887 232.027 998.413 377.528 366.273 114.136 82.6012 19.4481 11.5961 252.137 880.444 768.627 302.492 620.885 111.964 295.291 176.693 167.829 63.153
internal_count=1200281 838470 361811 165393 87915 272159 248277 56398 116584 82579 46896 34005 45060 131693 52874 32121 8491 6421 1858 712 23630 23882 19932 10125 78819 14775 35683 32389 27625 4563
cat_boundaries=0 23 52 81 110 111 134 160 186 202 221 247 276
cat_threshold=24 0 0 784 0 0 246272 0 0 1056768 0 0 33751040 0 0 15728640 0 0 3221225472 0 0 0 32 743 0 0 8256 0 0 198656 0 0 4096 0 0 0 0 0 553648128 0 0 67108864 0 0 1073741824 8 0 0 1009 0 0 15168 24 0 0 256 0 0 30208 0 0 245760 0 0 3997696 0 0 204472320 0 0 3758096384 1 0 2147483648 3 0 0 14 0 0 32 24 0 0 0 0 0 1024 0 0 16384 0 0 1638400 0 0 1048576 0 0 2147483648 0 0 0 3 0 0 14 0 0 32 2 0 0 0 128 0 0 0 0 0 2105344 0 0 33554432 0 0 301989888 0 0 134217728 2 0 0 36 0 0 0 0 0 0 21504 0 0 180224 0 0 65536 0 0 202375168 0 0 0 1 0 0 0 0 0 2 0 0 0 384 0 0 4864 0 0 2981888 0 0 33816576 0 0 0 0 0 671088640 0 0 2147483648 4 0 0 8 256 0 0 7680 0 0 25600 0 0 147456 0 0 7929856 0 0 79691776 256 0 0 7168 0 0 33024 0 0 1835008 0 0 54657024 0 0 8388608 0 0 318767104 24 0 0 256 0 0 512 0 0 32768 0 0 1114112 0 0 135266304 0 0 1610612736 1 0 0 0 0 0 4 8 0 0 256 0 0 28672 0 0 212992 0 0 1835008 0 0 0 0 0 3221225472 0 0 0 1 0 0 4 0 0 32
is_linear=0
shrinkage=0.05


Tree=24
num_leaves=31
num_cat=13
split_feature=14 16 5 29 6 14 5 5 10 16 5 16 19 5 40 5 5 5 5 41 14 41 5 42 35 14 5 5 35 42
split_gain=1076.45 221.242 230.246 141.204 130.151 179.505 122.676 104.958 98.3437 98.3587 95.4824 94.2148 94.0282 85.4606 73.1382 72.4481 69.4532 64.0709 61.4003 59.6025 45.5393 40.2665 39.4316 38.7291 38.4344 38.4136 62.1223 56.4646 43.4236 38.2264
threshold=6.1493103504180917 5.3446521759033212 0 0.51697158813476574 1 11.634850502014162 2 3 1.5845757722854616 3.7952378988265996 4 11.616271495819094 4.2106308937072763 5 7.776020050048829 6 7 8 9 2.9563426971435551 2.9706124067306523 13.215741634368898 10 1.7924308776855471 24.548053741455082 19.765616416931156 11 12 20.60794830322266 8.9392662048339862
decision_type=2 10 9 2 1 2 9 9 2 10 9 10 2 9 2 9 9 9 9 2 2 2 9 2 2 2 9 9 2 2
left_child=6 12 -3 13 7 10 8 -5 -1 19 -6 16 -2 -4 18 -14 24 -13 -9 20 -10 -16 -23 -19 -7 26 -25 -27 -28 -20
right_child=1 2 3 4 5 11 -8 14 9 -11 -12 17 15 -15 21 -17 -18 23 29 -21 -22 22 -24 25 -26 27 28 -29 -30 -31
leaf_value=-0.037675838148141787 0.12132555030965651 -0.020258850539633361 0.04256391813610385 -0.017672032766073733 0.01992942628533774 0.094751597600308435 -0.04453349347787653 -0.0013256563684624213 -0.0094035180146881964 -0.024258413028480714 -0.030105504781782606 -0.018409512595438941 -0.013487340062039008 -0.029997440584156057 0.033466500180736887 0.055074048765520411 -8.0503923875679245e-05 -0.0090477453684655526 0.097164623264766131 -0.011549573011636187 0.13764041610311614 0.036458303608668398 -0.02690050619257707 -0.0067351935489311015 0.015785955148178373 0.0068508258566472892 0.037628340660003867 0.042136144940173113 0.0021202091446077781 0.037592340507392887
leaf_weight=50.495920588029549 41.545633330126293 528.34672039700672 31.214480536291376 87.297044826555066 116.93633573036641 79.946231789654121 1147.1591327026254 39.703449926688336 4.7675393952522453 24.735115987481549 333.05360127193853 124.52256362093613 47.125236220657825 232.23398394684773 642.29216489521787 143.30512206361163 53.886932399123907 119.40904283104464 106.00037203310058 9.4061128123430517 24.727873550378717 18.376276712631807 49.77270121127367 266.65761463495437 24.08473858749494 198.10258607240394 232.89477338362485 328.2676132589113 135.32137770624831 59.813275862718001
leaf_count=29620 3422 139949 8421 18567 15664 2674 670578 4932 2480 7924 58061 16658 4529 72938 25420 7557 3257 18658 10098 2785 2154 1088 5802 17210 437 9765 16988 14182 5861 2798
internal_value=0.000272288 0.012871 0.00989658 0.0148177 0.0179365 0.0103338 -0.039867 0.0325162 0.00965542 0.0485403 -0.0171738 0.0183773 0.0592717 -0.0196984 0.0375749 0.0403558 0.0539231 0.0140297 0.0641083 0.0903236 0.11751 0.0296376 -0.0061138 0.0173106 0.0730512 0.0202229 0.0116568 0.0301449 0.0243365 0.0747823
internal_weight=5301.4 4040.11 3808.13 3279.79 3016.34 2013.08 1261.29 1003.26 114.133 63.6366 449.99 1563.09 231.976 263.448 915.958 190.43 157.918 1405.18 205.517 38.9015 29.4954 710.441 68.149 1280.65 104.031 1161.24 634.874 526.37 368.216 165.814
internal_count=1200477 484936 469428 329479 248120 179415 715541 68705 44963 15343 73725 105690 15508 81359 50138 12086 6368 99322 17828 7419 4634 32310 6890 82664 3111 64006 40059 23947 22849 12896
cat_boundaries=0 29 30 40 69 101 130 156 182 198 227 250 273 302
cat_threshold=743 0 0 12480 0 0 166656 0 0 4096 0 0 0 0 0 553648128 0 0 218103808 0 0 1879048192 8 0 0 419 0 0 4096 10 16 0 0 784 0 0 49664 0 0 8192 0 0 0 0 0 0 65536 0 0 2883584 0 0 30670848 0 0 513802240 0 0 33554432 3 0 2147483648 17 0 0 8 0 0 96 0 0 0 0 0 0 81920 0 0 2097152 0 0 22544384 0 0 1048576 0 0 301989888 1 0 2147483648 3 0 0 12 0 0 32 0 0 1024 8 0 0 256 0 0 65536 0 0 1048576 0 0 0 0 0 8388608 0 0 0 0 0 0 0 0 0 0 0 0 64 865 0 0 7392 0 0 29184 0 0 356352 0 0 262144 0 0 4194304 0 0 536870912 2 0 0 35 0 0 8 0 0 0 0 0 0 8192 0 0 131072 0 0 16646144 0 0 510656512 0 0 0 0 0 2147483648 1 0 0 8 280 0 0 3872 0 0 69632 0 0 1048576 0 0 65536 0 0 37748736 0 0 0 2048 0 0 17408 0 0 1073152 0 0 33554432 0 0 5242880 0 0 0 0 0 0 4 0 0 0 0 0 16 8 0 0 0 0 0 0 0 0 65536 0 0 524288 0 0 0 0 0 3221225472 0 0 0 2 0 0 0 16 0 0 1024 0 0 188416 0 0 63176704 0 0 142606336 0 0 1342177280 2 0 0 33 0 0 0 0 0 0 17408 0 0 2719744 0 0 36306944 0 0 70254592 0 0 2986344448 1 0 2147483648 0 0 0 0 0 0 64
is_linear=0
shrinkage=0.05


Tree=25
num_leaves=31
num_cat=9
split_feature=10 5 41 5 14 15 5 5 5 45 5 14 40 9 41 10 41 34 13 36 29 5 45 41 41 40 5 41 25 36
split_gain=1026.4 229.966 142.736 182.441 145.76 138.646 119.464 99.6445 97.1705 94.2402 69.2694 59.0055 59.6971 61.7802 57.2864 55.294 75.5857 49.1051 78.6202 46.6668 46.5567 54.3563 42.3257 40.9223 39.6146 39.191 35.5765 46.8617 37.2628 36.1387
threshold=3.6409914493560795 0 2.1687176227569585 1 8.7270727157592791 8.8572115898132342 2 3 4 12.881942272186281 5 10.782790184020998 8.6338067054748553 6 3.9101886749267583 1.7259721159935 1.6170825362205508 -3.1133117675781246 12.618992328643801 41.197299957275398 0.80047607421875011 7 20.510025024414066 0.23976472765207293 12.943024158477785 26.69121074676514 8 17.113668441772464 9.6006021499633807 76.702594757080092
decision_type=2 9 2 9 2 10 9 9 9 2 9 2 2 1 2 2 2 2 2 2 2 9 2 2 2 2 9 2 2 2
left_child=10 -2 3 17 8 7 11 24 14 -8 15 -7 20 26 19 -1 -17 -3 23 -4 21 -13 -15 -19 25 -6 27 28 29 -14
right_child=1 2 4 -5 5 6 9 -9 -10 -11 -12 12 13 22 -16 16 -18 18 -20 -21 -22 -23 -24 -25 -26 -27 -28 -29 -30 -31
leaf_value=-0.031468762355377621 -0.023368020323275993 0.045750473193676672 0.091509941841650178 -0.017399238332600552 0.11600420104884804 -0.0065272144699489044 -0.013929508387996614 0.019617156268092024 -0.029875517443697389 0.016913926138191919 -0.044541970239618249 0.041070238593031771 0.011531887145348011 -0.016571664314886977 -0.0044301938275486093 0.10770509630312626 -0.01126218499152733 -0.0078993946425155413 -0.0039696808451960032 -0.011008146655831745 0.051469374070287434 -0.023586712686559385 0.045964610180979276 0.12142569728187434 -0.0061862299746742724 0.016210168215423693 0.014839267375257068 -0.011706801240650086 -0.021491885791269743 0.056261626723715145
leaf_weight=43.744032114627771 396.58087781933136 217.56152756081428 28.652891440666281 92.297743084374815 74.874510899186134 170.90335022914223 579.13041365612298 165.95645018829964 290.69604904751759 417.30192299536429 1053.299825972179 43.190346515970305 62.847694163443521 172.86324530607089 73.2913247308461 13.359939435147679 27.285843480029143 5.3429844432976088 16.604690428357571 12.817422969383186 277.17459699790925 49.074525649426505 21.95116506703198 71.036781839909963 7.9540337440557769 15.189871474169193 599.34194068610668 39.468388724140823 15.402918007224796 233.16006914456375
leaf_count=25406 121462 8252 4053 15882 2593 22577 95033 9439 69811 20613 663499 6227 4000 23156 15611 3526 10758 924 1555 2339 18474 9494 475 6194 897 271 24825 2864 1124 9036
internal_value=0.000560678 0.0121069 0.0159263 0.0437703 0.0125064 0.0163755 0.012858 0.0503367 -0.0153211 -0.000963118 -0.0413022 0.0208695 0.0241205 0.0182024 0.0216453 0.00387783 0.0413868 0.0605791 0.0933455 0.0638416 0.0414999 0.00944607 -0.00727012 0.112512 0.0859448 0.102475 0.0232794 0.0361185 0.0434793 0.0474519
internal_weight=5288.36 4150.67 3754.09 402.844 3351.24 2945.79 2681.81 263.975 405.458 996.432 1137.69 1685.38 1514.47 1145.04 114.762 84.3898 40.6458 310.546 92.9845 41.4703 369.439 92.2649 194.814 76.3798 98.0184 90.0644 950.221 350.879 311.411 296.008
internal_count=1200370 497181 375719 32807 342912 251098 237898 13200 91814 115646 703189 122252 99675 65480 22003 39690 14284 16925 8673 6392 34195 15721 23631 7118 3761 2864 41849 17024 14160 13036
cat_boundaries=0 29 58 84 110 142 152 153 179 205
cat_threshold=743 0 0 8416 0 0 67584 0 0 4096 0 0 0 0 0 536870912 0 0 67108864 0 0 1879048192 8 0 0 992 0 0 15296 0 0 0 2048 0 0 165632 0 0 3252224 0 0 51052544 0 0 217055232 0 0 3238002688 0 0 0 32 0 0 14 0 0 48 280 0 0 4608 0 0 28672 0 0 458752 0 0 20185088 0 0 270532608 0 0 4060086272 3 0 2147483648 51 0 0 28 24 0 0 272 0 0 1024 0 0 0 0 0 3735552 0 0 112197632 0 0 2415919104 0 0 0 0 0 0 12 24 0 0 1040 0 0 132096 0 0 1048576 0 0 0 0 0 135266304 0 0 1090519040 0 0 0 36 0 0 7 0 0 0 0 0 2048 80 0 0 768 0 0 49664 0 0 8192 12 24 0 0 0 0 0 12288 0 0 65536 0 0 2097152 0 0 2097152 0 0 3254779904 1 0 0 34 0 0 16 264 0 0 4608 0 0 24576 0 0 131072 0 0 1048576 0 0 0 0 0 0 0 0 2147483648 34 0 0 12
is_linear=0
shrinkage=0.05


Tree=26
num_leaves=31
num_cat=1
split_feature=10 29 6 0 7 34 0 10 25 29 19 32 10 1 32 12 7 29 0 3 40 29 31 30 32 34 37 10 1 12
split_gain=937.349 165.742 93.5309 166.756 89.3974 65.0174 62.464 53.9273 86.7009 111.457 113.435 83.1312 56.2016 51.2563 50.112 46.6297 69.3502 94.0711 50.8813 49.3494 45.0653 41.6187 40.3924 49.1995 56.3 46.1518 40.1079 39.4232 38.8549 37.1684
threshold=3.2400245666503911 0.73738479614257824 0 13.250000000000002 2.5000000000000004 -7.4155883789062491 17.750000000000004 19.498194694519047 6.9018399715423593 0.95859146118164074 9.9366722106933612 713.75805664062511 12.884856700897219 83.250000000000014 236.04627227783206 10.004316329956056 1.5000000000000002 0.99239730834960949 8.2500000000000018 7.7909035682678232 2.2124360799789433 0.32894515991210943 82.011775970458999 52.812500000000007 531.21496582031261 -1.6117858886718748 -2.1243095397949214 6.8377485275268564 78.750000000000014 4.2600631713867196
decision_type=2 2 1 2 2 2 2 2 2 2 2 2 2 2 2 2 2 2 2 2 2 2 2 2 2 2 2 2 2 2
left_child=-1 4 3 -3 -2 6 -5 8 14 10 -10 -12 13 -13 -7 18 17 -17 -4 26 29 -22 23 -20 -25 -24 -19 -23 -27 -6
right_child=1 2 15 5 20 7 -8 -9 9 -11 11 12 -14 -15 -16 16 -18 19 22 -21 21 27 25 24 -26 28 -28 -29 -30 -31
leaf_value=-0.043148582379270162 -0.022923206989533176 -0.037907401359014423 -0.0054286147554382033 -0.01863318453089333 0.087742933232389242 0.013553413658111269 0.024911689315956002 0.029836370614423388 0.0015638872884627183 -0.00011066073998934319 -0.0075328828067688647 -0.007680228225731201 0.0051182893901810774 0.23178178445570646 -0.015263477697548706 -0.0020644806799934817 -0.0012429489805555261 0.01168680463641998 -0.011943143610480333 -0.00026690201457497037 -0.027007846330729297 -0.012109568669963809 0.01601321116556292 0.022528687896006979 0.089448570026938887 -0.017659308011726837 0.098039756725368826 0.033693660313901259 0.054718148484233009 -0.01663430685909147
leaf_weight=1006.0543994017644 501.89758623740636 167.2292633879697 69.992840181221254 82.738663110299967 20.886631512665193 195.64714968029875 972.30834659119137 158.14359013782814 23.296385853551328 94.504283464048058 6.3716868567280498 1.7865293694194431 4.4274097110610446 12.475156339351086 566.62563909566961 90.110586508642882 300.80175738187972 19.949505226919428 18.593306792667136 22.944161381339654 67.782491373713128 69.727843872737139 278.5055585388327 56.045091414940543 99.636694613960572 15.90382395708002 65.767953561153263 111.86167068418581 178.61004206596408 7.9341383763821787
leaf_count=666785 141091 47654 10296 6016 3004 11847 57856 7797 3271 10242 819 183 395 1206 77676 6517 21612 779 4388 936 24117 20511 20947 6759 9846 2634 1619 17510 13171 2873
internal_value=3.61274e-05 0.010258 0.0148945 0.0087342 -0.0104834 0.0126181 0.0213539 0.00383175 -0.000988115 0.0334279 0.0877595 0.144587 0.180997 0.210983 -0.00778752 0.0260161 0.0140833 0.0362252 0.0343769 0.065476 0.0119764 0.00400875 0.0386982 0.0594397 0.0681714 0.029984 0.081263 0.0163918 0.0482263 0.0621256
internal_weight=5288.56 4282.51 3502.42 2285.55 780.09 2118.32 1055.05 1063.28 905.134 142.861 48.3572 25.0608 18.6891 14.2617 762.273 1216.86 499.574 198.772 717.287 108.662 278.193 249.372 647.295 174.275 155.682 473.019 85.7175 181.59 194.514 28.8208
internal_count=1200357 533572 324466 224962 209106 177308 63872 113436 105639 16116 5874 2603 1784 1389 89523 99504 31463 9851 68041 3334 68015 62138 57745 20993 16605 36752 2398 38021 15805 5877
cat_boundaries=0 1
cat_threshold=4
is_linear=0
shrinkage=0.05


Tree=27
num_leaves=31
num_cat=12
split_feature=18 29 5 41 14 16 5 5 5 19 5 5 44 14 5 5 28 14 41 6 28 16 5 5 5 38 41 28 25 25
split_gain=884.606 213.926 165.329 92.9542 126.858 108.673 101.926 84.5596 77.0949 63.1336 61.0546 58.0617 48.7168 44.9054 51.6039 48.2993 58.1291 43.3549 42.0746 41.2924 40.726 40.4962 40.0203 39.9217 39.8816 70.1704 37.4081 44.7017 36.9301 44.8935
threshold=3.684299230575562 0.36236190795898443 0 3.8036607503890996 8.4479918479919451 9.1169281005859393 1 2 3 4.1452262401580819 4 5 0.066143944859504714 13.596874713897707 6 7 1008.8415527343751 13.596874713897707 11.955618858337404 8 1002.1090698242189 8.209297180175783 9 10 11 0.033013045787811286 8.9905261993408221 1010.1353149414064 11.16663694381714 6.6459600925445566
decision_type=2 2 9 2 2 8 9 9 9 2 9 9 2 2 9 9 2 2 2 1 2 10 9 9 9 2 2 2 2 2
left_child=24 11 19 6 -5 7 -4 -6 20 12 -11 -2 -8 14 -10 28 -17 18 -9 22 -7 -14 -3 -21 25 -1 27 -24 29 -15
right_child=1 2 3 4 5 8 9 17 13 10 -12 -13 21 15 -16 16 -18 -19 -20 23 -22 -23 26 -25 -26 -27 -28 -29 -30 -31
leaf_value=-0.032799259812048696 0.037481957735766097 -0.02191968146350802 -0.016884877897430813 -0.025526992975280823 3.0086116617474625e-05 0.011203595850608353 -0.0038668073854800271 0.054981065012700781 0.021695750427560761 0.0062997093337299167 0.045644985201706872 -0.037281931721247795 0.11231975875132832 0.028319430079051723 -0.010824174259737911 0.019382185295006515 -0.020193495739423487 0.10568763214294084 -0.018289328325831872 -3.9124491634783719e-05 -0.017066090464460889 0.024421884588051293 0.040738243820712644 -0.033671963198568293 -0.045166051465604803 0.053715455851342936 -0.011695346786399481 -0.022666411887810562 -0.024991909814671226 0.066723541980173759
leaf_weight=65.229678781237453 14.81584353582002 89.081341235549189 79.626763909589499 186.58096410008147 87.10424190456979 215.46902159810998 14.748765035998074 133.1168888801476 201.3709250719985 167.12543698726222 304.74058685463388 259.34350272279698 57.49995814578142 315.94367889803834 253.80637896386907 713.90274530695751 98.15281091525685 45.095022294204682 17.778811228461564 152.06998431659304 284.46763741201721 24.605009943246841 127.35885401722044 213.12749657896347 903.19845294416882 24.148074814351276 81.162102180998772 27.932649142225273 16.986957956338301 107.52122620423324
leaf_count=40495 3928 24954 15635 45767 5517 10854 5593 5438 18767 13606 17022 113848 7633 17534 24688 38725 6220 605 1616 27534 37567 2757 23048 69950 586229 7824 13960 8018 992 5171
internal_value=7.28079e-05 0.00993267 0.0128715 0.0174565 0.0133043 0.0163037 0.034405 0.0449914 0.0124386 0.0413314 0.0332076 -0.0320577 0.0779664 0.0174126 0.0039535 0.0223716 0.014238 0.0610375 0.045748 -0.009255 -0.00480702 0.0914902 0.00370081 -0.0203963 -0.0422217 -0.0057891 0.0143098 0.0286522 0.0356118 0.0393849
internal_weight=5283.11 4290.54 4016.38 3325.64 2677.3 2490.72 648.347 283.095 2207.62 568.72 471.866 274.159 96.8537 1707.68 455.177 1252.51 812.056 195.991 150.896 690.732 499.937 82.105 325.535 365.197 992.576 89.3778 236.454 155.292 440.452 423.465
internal_count=1201495 566947 449171 281707 219461 173694 62246 13176 160518 46611 30628 117776 15983 112097 43455 68642 44945 7659 7054 167464 48421 10390 69980 97484 634548 48319 45026 31066 23697 22705
cat_boundaries=0 29 52 75 104 130 140 163 189 190 206 232 258
cat_threshold=999 0 0 12736 0 0 198912 0 0 1085440 0 0 33816576 0 0 536870912 0 0 201326592 0 0 1073741824 12 0 0 776 0 0 64 0 0 0 1024 0 0 12288 0 0 671744 0 0 11534336 0 0 385875968 0 0 805306368 3 0 0 19 8 0 0 2096 0 0 40960 0 0 2908160 0 0 4325376 0 0 406847488 0 0 2684354560 3 0 0 18 0 0 0 3120 0 0 33280 0 0 2097152 0 0 4915200 0 0 48234496 0 0 16777216 0 0 0 0 0 0 2 0 0 48 24 0 0 512 0 0 1536 0 0 2170880 0 0 16777216 0 0 138412032 0 0 33554432 0 0 0 0 0 0 6 8 0 0 256 0 0 0 0 0 1048576 0 0 0 0 0 0 20480 0 0 524288 0 0 19922944 0 0 1048576 0 0 2952790016 1 0 2147483648 2 24 0 0 0 0 0 8192 0 0 475136 0 0 0 0 0 402653184 0 0 1073741824 0 0 0 18 0 0 4 10 39 0 0 8320 0 0 256 0 0 4096 0 0 262144 0 0 536870912 544 0 0 0 0 0 0 0 0 32768 0 0 33816576 0 0 0 0 0 201326592 0 0 0 0 0 0 8 0 0 0 8448 0 0 0 0 0 16384 0 0 0 0 0 67108864 0 0 536870912 0 0 0 4 0 0 12
is_linear=0
shrinkage=0.05


Tree=28
num_leaves=31
num_cat=0
split_feature=10 38 21 36 18 41 32 7 19 34 27 26 11 1 19 1 34 18 32 28 28 1 34 1 19 1 25 34 32 41
split_gain=828.902 139.05 136.405 93.4517 87.0701 57.0616 51.5133 47.0674 46.1 58.4701 37.5516 32.1836 31.4612 30.8828 32.006 56.3447 55.2469 42.4794 53.4558 67.1581 35.4153 44.0425 36.7048 48.021 40.3592 35.22 33.0939 32.2897 43.7966 74.3345
threshold=3.1468644142150883 -3.3833227157592769 9.365939140319826 18.354892730712894 2.9351860284805302 4.1371583938598642 903.89282226562511 1.5000000000000002 16.9137077331543 -8.9264526367187482 1009.2522277832032 8.1671352386474627 18.990039825439457 93.250000000000014 4.0728235244750985 77.750000000000014 -4.2457885742187491 6.9206445217132577 461.80395507812506 1007.7603149414064 1007.1553344726564 77.750000000000014 -0.15371704101562497 90.750000000000014 6.1404812335968026 80.250000000000014 6.2598907947540292 -6.4525756835937491 635.67166137695324 7.3172156810760507
decision_type=2 2 2 2 2 2 2 2 2 2 2 2 2 2 2 2 2 2 2 2 2 2 2 2 2 2 2 2 2 2
left_child=-1 2 -2 7 -5 -4 13 -3 9 -7 12 -11 -10 14 15 16 -6 18 19 -16 27 -22 23 -23 -24 26 -26 -19 -29 -30
right_child=1 3 5 4 6 8 -8 -9 10 11 -12 -13 -14 -15 17 -17 -18 20 -20 -21 21 22 24 -25 25 -27 -28 28 29 -31
leaf_value=-0.042931923822675966 -0.023911139650999207 0.0065544824823524101 0.06795435316013286 -0.032323338594423899 0.098861583936826411 0.030816466484664597 -0.016027949452519355 0.057326854327720639 0.078500848649356289 -0.011295222372224273 -0.02038295087341525 0.023423490503309323 -0.0081885386857745105 0.001600870479424698 0.057079372258038621 0.0052350457806772466 0.010586541137225618 0.020682773747009619 -0.02450768240151921 -0.016820238488519646 -0.011432178701302267 0.05788351324262863 0.069537699006366638 0.0029658651382863427 -0.016790909335920368 -0.012991056344546212 0.084260712200388277 -0.0038548785373356885 -0.0057334515012479039 0.052817753171087445
leaf_weight=913.31452446733601 528.35519347770605 64.487031375174411 29.270272850524634 96.360458259470761 42.741185683640651 124.43736916023772 128.84966611303389 173.69202557986137 38.579064616002142 437.22026301675942 13.156971953576429 68.893502826336771 11.095269104931502 351.68371488235425 52.234470883617178 66.988568045431748 30.692309616366401 866.22798252361827 130.73091870837379 53.835122312535532 49.715450434130616 202.12571478134487 16.217528031673282 50.376768815214746 8.6762872980907577 94.531635282677598 10.836295362561939 410.5420587597182 104.035757317557 99.312111023813486
leaf_count=658081 159209 10535 1972 36736 3045 12216 14428 20720 1658 67101 1240 10778 486 39690 5562 13609 5638 36568 32316 10977 4340 7225 478 4781 243 5461 196 23602 5237 6518
internal_value=0.000109841 0.0092122 -0.00483419 0.014869 0.0122698 0.00924958 0.0139316 0.0443982 0.00584056 0.00146654 0.0435081 -0.00620695 0.0610105 0.0154479 0.0175584 0.0402062 0.0676571 0.0158995 -0.00393195 0.0213543 0.0183625 0.0309216 0.0365738 0.0474573 0.0135976 0.000678088 0.0488635 0.0145099 0.00560782 0.0239974
internal_weight=5269.22 4355.9 1251.01 3104.89 2866.71 722.653 2770.35 238.179 693.382 630.551 62.8313 506.114 49.6743 2641.5 2289.82 140.422 73.4335 2149.4 236.801 106.07 1912.6 432.48 382.764 252.502 130.262 114.044 19.5126 1480.12 613.89 203.348
internal_count=1200646 542565 254660 287905 256650 95451 219914 31255 93479 90095 3384 77879 2144 205486 165796 22292 8683 143504 48855 16539 94649 22724 18384 12006 6378 5900 439 71925 35357 11755
is_linear=0
shrinkage=0.05


Tree=29
num_leaves=31
num_cat=11
split_feature=14 5 16 14 16 5 5 19 14 5 5 5 16 14 5 35 14 5 5 27 40 16 32 14 33 35 5 5 14 16
split_gain=808.287 176.527 107.682 143.862 112.345 154.199 95.3824 91.2092 80.8239 57.3081 52.4037 52.0194 44.701 78.4732 85.7406 54.5023 44.2425 97.5155 86.8275 56.7755 54.1112 39.9931 41.6444 39.6941 39.5703 38.6353 35.8516 35.5593 35.7241 62.1718
threshold=4.8780632019042978 0 5.1252529621124276 8.1655902862548846 9.1169281005859393 1 2 4.2837035655975351 10.782790184020998 3 4 5 12.585620880126955 14.954246044158937 6 34.135341644287116 18.360197067260746 7 8 1009.875946044922 8.5006270408630389 18.32174110412598 866.33996582031261 11.768770694732668 13.349567890167238 0.010013580322265627 9 10 2.3221092224121098 2.6234781742095952
decision_type=2 9 10 2 10 9 9 2 2 9 9 9 10 2 9 2 2 9 9 2 2 10 2 2 2 2 9 9 2 10
left_child=27 -2 7 11 5 -5 24 9 26 25 -9 -4 13 14 -10 -15 18 21 -14 20 -20 -18 -23 -7 -6 -3 -8 28 -1 -30
right_child=1 2 3 4 6 23 8 10 12 -11 -12 -13 16 15 -16 -17 17 -19 19 -21 -22 22 -24 -25 -26 -27 -28 -29 29 -31
leaf_value=-0.036962715637188587 -0.023072305411998482 0.0026333874423332885 0.018110755135525371 0.079891443874857915 0.002495955092028252 0.0021864436413617286 0.012920184985360059 -0.016717080069586072 0.057746382904457376 -0.0082835909551787386 0.034943936380009581 -0.029532357474978885 -0.011181903263880057 0.11049569077448736 0.0017906754253193505 0.0030254225083441925 0.069596949937586181 0.00094091002279764408 0.054914373209913173 -0.01805022155151596 0.014260932655266257 0.03183380483195055 -0.023330077641830566 0.040346564654808743 -0.024171928744724881 0.13116900974409479 -0.025302395772060435 -0.046151105857810321 0.096823742807671712 -0.018493296993841387
leaf_weight=28.200469359755516 370.38467302918434 6.987798008020035 59.694322962546721 121.90728120179847 310.99163674423471 209.25102870643605 79.751498577184975 55.368509083986282 85.595574419014156 19.135549767175689 176.24824889097363 273.60853471118025 412.45033328584395 38.027654953533784 210.4058391546132 16.401150825433433 64.380328513216227 390.65640392480418 118.0724384826608 73.143545146565884 256.76085105608217 483.27203939203173 29.750444531440735 91.961525422870182 239.24584874266293 46.245241307537071 162.9720598339336 795.94296415220015 9.3634110350394604 23.155493923579343
leaf_count=20564 130905 1643 17821 6707 24897 19675 13088 6663 5614 4988 9668 85986 38573 1264 15452 254 2157 25059 10203 9997 16950 24782 2479 1993 54996 2469 28426 603469 2872 10447
internal_value=0.000523132 0.00919251 0.0122328 0.00986402 0.0129522 0.0367805 0.00944772 0.0404348 0.0136775 0.0861759 0.0231679 -0.0210532 0.0167829 0.033008 0.0212755 0.0836074 0.0135107 0.0207946 0.00517091 0.0199508 0.028161 0.0333979 0.0282499 0.0142995 -0.00916035 0.101353 -0.0132193 -0.0436237 -0.00186212 0.0296735
internal_weight=5259.33 4402.67 4032.29 3728.3 3395 423.12 2971.88 303.985 2421.64 72.3686 231.617 333.303 2178.92 350.43 296.001 54.4288 1828.49 968.059 860.427 447.977 374.833 577.403 513.022 301.213 550.237 53.233 242.724 856.662 60.7194 32.5189
internal_count=1200061 562709 431804 406373 302566 28375 274191 25431 194298 9100 16331 103807 152784 22584 21066 1518 130200 54477 75723 37150 27153 29418 27261 21668 79893 4112 41514 637352 33883 13319
cat_boundaries=0 29 58 87 113 139 171 197 223 249 281 291
cat_threshold=231 0 0 8384 0 0 67840 0 0 4096 0 0 0 0 0 553648128 0 0 0 0 0 1879048192 8 0 0 992 0 0 16064 16 0 0 1024 0 0 1024 0 0 1179648 0 0 2621440 0 0 101711872 0 0 3523215360 0 0 0 0 0 0 12 0 0 32 512 0 0 3120 0 0 164352 0 0 3178496 0 0 524288 0 0 46137344 0 0 218103808 0 0 0 4 0 0 1 0 0 16 16 0 0 3072 0 0 5632 0 0 24576 0 0 0 0 0 208666624 0 0 788529152 0 0 0 4 0 0 11 784 0 0 7712 0 0 13824 0 0 1564672 0 0 262144 0 0 4194304 0 0 536870912 0 0 2147483648 19 0 0 8 512 0 0 48 0 0 131584 0 0 1048576 0 0 0 0 0 167772160 0 0 0 0 0 0 33 0 0 8 0 0 16 0 0 8192 0 0 0 0 0 0 5120 0 0 65536 0 0 7340032 0 0 405798912 0 0 2684354560 0 0 2147483648 0 0 0 2 24 0 0 4864 0 0 0 0 0 483328 0 0 42008576 0 0 402653184 0 0 3221225472 2 0 0 51 0 0 4 0 0 0 768 0 0 0 0 0 352256 0 0 64290816 0 0 201326592 0 0 3221225472 2 0 0 33 0 0 14 264 0 0 256 0 0 4096 0 0 0 0 0 6291456 0 0 68157440 0 0 805306368 0 0 0 34 0 0 4 0 0 0 0 0 1024 896 0 0 2832 0 0 16896 0 0 8192
is_linear=0
shrinkage=0.05


Tree=30
num_leaves=31
num_cat=11
split_feature=18 5 38 5 10 41 5 14 5 5 18 12 41 32 5 43 30 5 43 14 15 43 5 5 23 30 32 15 5 5
split_gain=756.635 132.257 129.579 113.307 94.9655 78.8871 117.541 83.5059 79.0915 75.6352 72.9364 72.4509 63.1383 61.609 61.3018 41.0263 40.7824 47.9298 47.0093 40.6112 43.2156 34.1068 35.9273 34.0618 33.2848 32.113 31.8258 31.1673 38.0112 35.2864
threshold=3.684299230575562 0 -5.2144358158111563 1 1.9123621582984927 3.0487018823623662 2 8.4479918479919451 3 4 9.946421146392824 11.371407985687258 10.976830005645754 860.19274902343761 5 0.063419342041015639 393.06250000000006 6 1.9583702087402346 14.150036811828615 18.125780105590824 1.8401145935058596 7 8 25.988357543945316 478.56250000000006 736.55303955078136 11.103891849517824 9 10
decision_type=2 9 2 9 2 2 9 2 9 9 2 2 2 2 9 2 2 9 2 2 8 2 9 9 2 2 2 10 9 9
left_child=-1 -2 3 21 -4 6 -6 8 25 12 11 15 13 16 -14 -8 17 -9 -18 23 -21 22 -3 -20 -17 -7 -23 28 -11 -29
right_child=1 2 4 -5 5 7 10 9 -10 27 -12 -13 14 -15 -16 24 18 -19 19 20 -22 26 -24 -25 -26 -27 -28 29 -30 -31
leaf_value=-0.04198799116365267 -0.023338280774297615 0.024147430485055431 -0.037134242216382472 -0.023977986238222393 -0.018248455566253607 -0.015838980982391417 0.0062536386562408721 -0.016678952168014134 -0.029981484837350483 0.045713078946425519 0.02022586625746076 0.00059109066136284725 0.019824985852625744 -0.011378768845087261 -0.025713000622561773 0.026654407638051471 0.10523605653931045 0.032286690239522318 0.039326230246006053 0.071534118116633474 0.028133499767668851 0.014103535684993472 -0.028650267996427448 0.0057600640391067513 0.086153500399608188 0.064612578855553313 0.062895504847759728 0.0086057381468074724 0.004263373899049766 -0.011749287929082012
leaf_weight=884.23916362191085 286.81188986834604 33.032956715323962 75.01900292490609 430.04281409329269 89.622771647293121 13.117101141018791 24.9362266700482 70.610409399261698 178.50758167542517 83.521960313548334 231.54877045366447 44.950649464037269 193.89369614981115 71.525421645841561 93.525405891705304 40.223174286074936 21.124154776916839 101.21574008220341 160.20219630852807 136.75023187568877 128.868129833485 264.6665955191711 69.739088178845122 160.96238737064414 171.91021619667299 30.264722101041116 30.399964367272332 701.37065164884552 143.77691702730954 283.07416986417957
leaf_count=633249 108811 6896 51649 98955 18124 2648 6903 3713 50804 3968 4993 3532 6588 5864 6438 7503 2557 6340 9818 3188 5916 24701 15076 7298 16942 5499 3284 39028 9247 30964
internal_value=-7.95385e-05 0.00848621 0.0108065 -0.00676326 0.0153216 0.0166735 0.0328558 0.0127663 -0.0160253 0.0155407 0.041508 0.0591118 0.0246876 0.0316788 0.00444276 0.0697348 0.0357225 0.0132124 0.0417683 0.0377583 0.0522625 0.0122638 -0.0114429 0.0245468 0.0765795 0.0352697 0.0210274 0.00655783 0.0228849 0.00266181
internal_weight=5249.45 4365.21 4078.4 827.881 3250.52 3175.5 603.192 2572.31 221.889 2350.42 513.569 282.02 1138.68 851.259 287.419 237.07 779.733 171.826 607.907 586.783 265.618 397.839 102.772 321.165 212.133 43.3818 295.067 1211.74 227.299 984.445
internal_count=1200496 567247 458436 148912 309524 257875 57997 199878 58951 140927 39873 34880 57720 44694 13026 31348 38830 10053 28777 26220 9104 49957 21972 17116 24445 8147 27985 83207 13215 69992
cat_boundaries=0 29 55 81 107 133 159 185 205 231 250 273
cat_threshold=231 0 0 8384 0 0 2048 0 0 4096 0 0 0 0 0 536870912 0 0 0 0 0 1073741824 28 0 0 768 0 0 64 24 0 0 256 0 0 12288 0 0 65536 0 0 35127296 0 0 494927872 0 0 3523215360 3 0 2147483648 3 0 0 12 776 0 0 5408 0 0 12288 0 0 671744 0 0 3145728 0 0 369098752 0 0 939524096 1 0 2147483648 3 0 0 12 536 0 0 48 0 0 69632 0 0 8192 0 0 1048576 0 0 1048576 0 0 0 0 0 0 0 0 0 2 280 0 0 5632 0 0 29696 0 0 933888 0 0 2097152 0 0 70254592 0 0 3523215360 0 0 0 34 0 0 12 24 0 0 0 0 0 20480 0 0 0 0 0 2097152 0 0 2097152 0 0 3221225472 0 0 0 34 0 0 8 24 0 0 0 0 0 0 0 0 917504 0 0 2097152 0 0 3145728 0 0 0 0 0 0 2 0 0 4 0 0 0 0 0 0 0 0 0 0 0 0 0 0 0 83886080 0 0 3489660928 1 272 0 0 1536 0 0 17408 0 0 524288 0 0 2097152 0 0 1048576 0 0 2415919104 0 0 0 0 0 0 8 0 0 0 2320 0 0 512 0 0 0 0 0 5832704 0 0 33554432 0 0 536870912 0 0 0 256 0 0 0 0 0 2170880 0 0 64749568 0 0 406847488 0 0 671088640 3 0 2147483648 1
is_linear=0
shrinkage=0.05


Tree=31
num_leaves=31
num_cat=2
split_feature=10 38 21 18 12 8 41 22 24 34 33 18 34 6 34 3 3 1 23 35 25 18 34 41 41 28 1 28 23 10
split_gain=710.552 126.698 88.2239 77.5974 72.5563 58.7998 44.1338 44.2953 35.599 45.3293 33.6554 30.4418 31.919 29.5757 57.373 29.8445 33.4911 31.5156 28.6168 28.5043 28.8016 32.9353 31.043 38.0945 30.8171 28.6973 28.4332 30.9092 50.6867 52.7229
threshold=3.1468644142150883 -3.3833227157592769 9.365939140319826 2.895679354667664 2.5392941236495976 0 3.9101886749267583 0.48780441284179693 28.178482055664066 -2.6810607910156246 8.9838724136352557 15.146757125854494 -8.8017883300781232 1 -3.1606140136718746 3707.784057617188 217.21657562255862 74.250000000000014 27.273361206054691 15.488147735595705 6.118969440460206 7.6391022205352792 -5.7521057128906241 6.5496206283569345 7.8403289318084726 1002.3996887207032 95.250000000000014 1015.0722045898439 26.150871276855472 24.478977203369144
decision_type=2 2 2 2 2 1 2 2 2 2 2 2 2 1 2 2 2 2 2 2 2 2 2 2 2 2 2 2 2 2
left_child=-1 2 10 -3 5 8 -4 -8 -5 -10 -2 12 -9 14 15 16 19 -18 -13 20 25 -22 24 -24 -23 -6 27 28 -15 -30
right_child=1 3 6 4 13 -7 7 11 9 -11 -12 18 -14 26 -16 -17 17 -19 -20 -21 21 22 23 -25 -26 -27 -28 -29 29 -31
leaf_value=-0.042472080532333582 0.031621585004846568 -0.029915689977683901 0.058608360350555992 0.019519868482636649 0.017282110635338414 0.0016310074288842875 -0.024050007563031248 0.02718386481266314 0.043397875329721725 0.1191556414847753 -0.024043539663476127 -0.0070001233366050438 -0.001096713814028096 -0.0031968015882547583 -0.017325024246844435 -0.032992282092607808 0.053587622052593098 0.01631109896863869 0.077923500896011355 -0.0036051706344391501 -0.019744777058623562 0.042778027092924831 -0.010895132416391524 0.10783498053720098 -0.023442823845127442 -0.021308239828674302 -0.01964013170054495 0.072655787250146361 0.027981128803711126 -0.011283673615043734
leaf_weight=811.84231355506927 20.329892509966157 91.233456413727254 27.441508513409644 59.438372740172781 132.14382673054934 71.150859045679681 116.82708624436054 118.92460777121596 84.584894764586352 29.531063783797435 485.89685166312847 12.850476181833075 438.11751552706119 210.83372316684108 188.73208391712978 27.832564958021976 54.931372983846813 695.68320453434717 18.60087273735553 430.71072687173728 16.308799607562833 40.021961106685922 6.4494952228851643 21.118305004900321 19.227086687227711 63.154018012923189 38.871176031418145 18.687102473108098 797.11486029031221 90.232106236508116
leaf_count=657512 2619 39434 1465 7120 9860 8547 24213 9395 4166 3400 156388 960 58460 16732 32965 11138 3461 35290 890 22251 4407 2120 603 2122 1386 8289 7802 3518 59820 3118
internal_value=0.000232814 0.00814233 -0.00539469 0.0134038 0.0147722 0.0404504 0.00568975 0.00284033 0.055409 0.0710234 -0.0212388 0.00849121 0.00531391 0.0124354 0.00799349 0.011309 0.0123582 0.0197077 0.0499073 0.00462779 0.0162419 0.0363457 0.0478336 0.0845517 0.0210064 0.00437297 0.0186023 0.0202609 0.0187217 0.0239071
internal_weight=5238.82 4426.98 1238.99 3187.99 3096.76 244.705 732.762 705.321 173.554 114.116 506.227 588.493 557.042 2852.05 1696.31 1507.58 1479.75 750.615 31.4513 729.134 298.423 103.126 86.8168 27.5678 59.249 195.298 1155.74 1116.87 1098.18 887.347
internal_count=1199451 541939 254390 287549 248115 23233 95383 93918 14686 7566 159007 69705 67855 224882 133892 100927 89789 38751 1850 51038 28787 10638 6231 2725 3506 18149 90990 83188 79670 62938
cat_boundaries=0 1 2
cat_threshold=2 4
is_linear=0
shrinkage=0.05


Tree=32
num_leaves=31
num_cat=2
split_feature=14 30 16 14 16 14 16 20 18 14 14 14 6 16 35 45 18 18 6 41 35 34 1 18 22 41 18 18 41 32
split_gain=686.576 112.804 116.466 146.763 89.1685 118.6 93.8361 83.9825 51.703 51.4774 49.7898 42.3033 40.2281 37.4414 37.2761 36.6751 43.1049 36.0942 34.8836 33.8787 32.5853 30.7382 30.2003 33.6562 40.2792 29.3086 28.41 30.395 28.6762 26.785
threshold=4.6109631061553964 12.062500000000002 4.8372514247894296 7.9770910739898691 8.907377243041994 13.078275203704836 12.849433898925783 3.9560220241546635 11.599833488464357 9.3409719467163104 17.945972442626957 15.175014495849611 0 15.137768268585207 23.585319519042972 14.370518684387209 15.938302993774416 2.3885242938995366 1 13.515281677246096 28.298854827880863 0.46041870117187506 77.250000000000014 3.9538285732269292 7.0710182189941415 9.6791167259216326 6.099673032760621 8.2605919837951678 4.2001323699951181 236.04627227783206
decision_type=2 2 10 2 10 2 10 2 2 2 2 2 1 10 2 2 2 2 1 2 2 2 2 2 2 2 2 2 2 2
left_child=-1 -2 7 12 8 18 11 17 9 -5 13 -7 -4 25 19 16 29 -3 21 -11 -13 22 -6 -24 -25 -8 -14 28 -28 -12
right_child=1 2 3 4 5 6 10 -9 -10 14 15 20 26 -15 -16 -17 -18 -19 -20 -21 -22 -23 23 24 -26 -27 27 -29 -30 -31
leaf_value=-0.04382538592106372 -0.033081481976967586 -0.014659057001795504 -0.037077775897022686 0.018468343883565847 -0.017505951899518955 0.0242225201336023 0.026518988670972188 0.02342451064600938 0.011078434375482626 0.081456432840015941 0.030960156814792718 0.093462179300867421 -0.019740687032705564 -0.0078667934377885714 -0.0019722675754572454 0.024294588443715685 0.076877168177494293 0.095868582411562528 -0.015188834561292412 -0.0035882597284283301 0.026945681954330288 -0.026612862889247104 -0.026359377150544983 0.050062355322073815 0.0078083006757036196 -0.0066646514440690799 0.068314043414896483 -0.01187050353281531 -0.0065996866608907471 -0.00048232640195129662
leaf_weight=726.58729875355493 149.89336346427444 5.536566356313414 181.92401987407357 118.11362196190748 69.754673250718042 168.55647580581717 174.69508943753317 240.47006359079387 202.56978260003962 112.96122645842843 68.811695945332758 48.166706720949151 122.95948818617035 509.75845018506516 17.97101183142513 647.69788945931941 11.112014262005685 59.607945412164554 548.35956920613535 12.033600979833862 43.399137399159372 58.500688362983055 29.897471079486422 83.12467783910688 154.79127959348261 98.736945095122792 24.954560668673366 45.430522726848722 17.573571291519329 479.75471699552145
leaf_count=618400 62088 2697 70881 20143 10013 8672 12565 18569 5899 7830 3924 2012 50994 55231 886 18472 833 6242 90184 1088 898 13793 9487 15795 9449 10026 5531 7107 5941 54347
internal_value=0.000937547 0.00823478 0.0097286 0.00742916 0.0105589 0.00753024 0.0137525 0.0390115 0.0308303 0.0451816 0.00994205 0.041464 -0.0212582 0.000106407 0.0646011 0.0162689 0.00671753 0.0857742 -0.00728687 0.0736096 0.0676927 0.00403281 0.0100726 0.0176273 0.0239951 0.0147239 -0.00466308 0.0158018 0.0419948 0.00394546
internal_weight=5233.7 4507.12 4357.22 4051.61 3658.77 3195.12 2250.69 305.615 463.649 261.079 1990.57 260.122 392.842 783.19 142.966 1207.38 559.678 65.1445 944.428 124.995 91.5658 396.069 337.568 267.813 237.916 273.432 210.918 87.9587 42.5281 548.566
internal_count=1199997 581597 519509 492001 351547 315701 166980 27508 35846 29947 155398 11582 140454 77822 9804 77576 59104 8939 148721 8918 2910 58537 44744 34731 25244 22591 69573 18579 11472 58271
cat_boundaries=0 1 2
cat_threshold=4 10
is_linear=0
shrinkage=0.05


Tree=33
num_leaves=31
num_cat=1
split_feature=14 29 16 14 16 6 35 14 14 34 10 18 24 14 16 34 41 29 18 21 7 32 15 35 1 34 18 14 34 1
split_gain=637.831 135.097 100.552 117.563 129.192 109.792 57.6263 49.8725 47.8749 45.4447 57.0241 49.964 52.6295 42.3631 46.6761 46.3488 39.8991 38.7166 38.0972 34.0182 33.3441 45.4947 32.4845 38.8403 31.1896 31.0652 30.1711 29.2899 42.5282 38.9678
threshold=4.6766157150268564 0.34580993652343756 5.1252529621124276 13.078275203704836 12.585620880126955 0 26.876926422119144 20.88103008270264 14.540517807006838 0.36300659179687506 10.156319141387941 3.8738049268722539 27.965133666992191 8.8260250091552752 9.0108828544616717 3.4091796875000004 10.283183574676515 0.99783706665039074 9.0503840446472186 4.3917198181152353 1.5000000000000002 615.63043212890636 17.84707069396973 21.320343017578129 85.250000000000014 -6.7395324707031241 2.3885242938995366 10.072250366210939 -8.5344543457031232 87.250000000000014
decision_type=2 2 10 2 10 1 2 2 2 2 2 2 2 2 10 2 2 2 2 2 2 2 10 2 2 2 2 2 2 2
left_child=-1 -2 19 5 6 9 8 16 -5 10 11 -4 -13 15 25 -7 18 -9 -6 26 -19 -22 23 -20 -12 -15 -3 29 -29 -21
right_child=1 2 3 4 7 13 -8 17 -10 -11 24 12 -14 14 -16 -17 -18 20 22 27 21 -23 -24 -25 -26 -27 -28 28 -30 -31
leaf_value=-0.043345696796114185 -0.027878645201766441 -0.019258532581608343 -0.015464586827363623 0.031664557022674046 -0.0071628885286468269 -0.035031945289667035 0.010865053292553457 0.011142562142318079 0.082844444896301772 -0.018053029126195979 -0.019956019861900005 0.0093425448893579722 0.046983512007873561 0.036032370822944054 -0.014365024500143212 0.075032730402774028 -0.0084737568816875605 0.054399944667116222 0.04999326753535227 -0.00341993677850148 0.035233779899144897 -0.017301025356784829 0.0040952353945264619 0.010375182480830761 0.018155169570555602 -0.016994716778850498 0.070888554688619571 0.068188241066151914 0.00034373750014579483 0.051198759736957894
leaf_weight=703.79915549082216 245.37157399044372 6.2317305224714792 58.271583180408925 114.03873726702295 209.1636892639799 255.60347797407303 98.45595540641807 587.77147883037105 99.035585932084359 108.2019158299081 131.41585485113319 161.99011092318688 228.39434342971072 78.589058224810287 494.13961628067773 0.79555123171303321 457.98329017334618 109.99727945285849 117.40868895687163 125.32319495640695 112.67981847329065 54.631564971175976 228.19477992551401 133.26570344436914 77.087053126655519 33.035529586137272 75.144907141919248 59.285828224150464 34.803307836176828 33.649844230385497
leaf_count=622941 108014 3105 19185 5158 31741 89121 2325 39318 2706 25216 8398 19449 29390 3341 77211 265 41694 2773 6637 11923 3818 2190 14371 3857 6802 5582 8097 954 1278 3267
internal_value=0.000591995 0.00749883 0.00958504 0.00730495 0.014502 -0.0029918 0.0439741 0.00974167 0.0581 0.0106661 0.0157543 0.0256219 0.0319878 -0.0150492 -0.00776479 -0.0318867 0.00285119 0.018733 0.010403 0.0355218 0.0338734 0.0180715 0.0180651 0.0301372 -0.00567964 0.0202319 0.0626331 0.0247542 0.0455367 0.010487
internal_weight=5233.76 4529.96 4284.59 3950.15 2322.63 1627.52 311.53 2011.1 213.074 765.361 657.159 448.656 390.384 862.163 605.764 256.399 1146.02 865.08 688.033 334.439 277.309 167.311 478.869 250.674 208.503 111.625 81.3766 253.062 94.0891 158.973
internal_count=1200127 577186 469172 440548 156588 283960 10189 146399 7864 108440 83224 68024 48839 175520 86134 89386 98300 48099 56606 28624 8781 6008 24865 10494 15200 8923 11202 17422 2232 15190
cat_boundaries=0 1
cat_threshold=10
is_linear=0
shrinkage=0.05


Tree=34
num_leaves=31
num_cat=1
split_feature=14 16 14 16 6 14 16 18 18 18 0 1 41 27 12 14 14 25 0 27 41 41 0 0 43 41 27 27 41 14
split_gain=585.484 91.6273 125.851 131.15 77.5098 53.4866 75.6095 42.5443 41.5919 39.8473 51.6691 68.6711 59.5685 46.0363 45.8595 39.8287 35.8712 35.1873 34.8794 31.8964 35.8615 30.8323 47.9646 46.9736 43.4714 32.0665 31.4522 30.2549 29.3471 27.8862
threshold=4.9496531486511239 5.1252529621124276 10.544393539428713 10.740425586700441 0 14.540517807006838 14.924850463867189 9.0503840446472186 9.946421146392824 6.099673032760621 14.250000000000002 91.750000000000014 3.9630957841873173 1010.1631469726564 0.77976500988006603 18.360197067260746 10.072250366210939 8.8405385017395037 25.250000000000004 1010.8064270019532 6.2037434577941903 8.0503706932067889 11.250000000000002 8.2500000000000018 15.488147735595705 2.2849092483520512 1006.5372619628907 1009.875946044922 11.737564086914064 3.2440551519393925
decision_type=2 10 2 10 1 2 10 2 2 2 2 2 2 2 2 2 2 2 2 2 2 2 2 2 2 2 2 2 2 2
left_child=29 7 4 8 -3 18 17 19 -4 -6 13 -12 14 21 -13 -8 -9 27 -5 20 -2 22 23 -11 25 -25 -27 -7 -10 -1
right_child=1 2 3 5 9 6 15 16 28 10 11 12 -14 -15 -16 -17 -18 -19 -20 -21 -22 -23 -24 24 -26 26 -28 -29 -30 -31
leaf_value=-0.047880713610099886 0.063648686742516405 -0.025635065638898669 0.055958501498123127 -0.01122250692148292 -0.013411709933565323 0.050011596810658282 -0.0062923350453850529 -0.014940419168300308 0.027512454869315996 -0.0083190935211584684 0.017331712581710592 -0.010623566412630667 -0.016503042671146547 -0.039452062452352374 0.17682620792354825 0.010697718260048528 0.030855396523141933 -0.0038966628106859025 0.013703049930944297 0.004619796579320253 -0.0054927947938028434 -0.019232754280988959 -0.011325358019252149 -0.013375939013427617 -0.00119731199831075 -0.0095177471158936298 0.12588304506760201 0.00074353691538817318 -0.021349343545531588 -0.023537488551925254
leaf_weight=519.82563722319901 138.75846742803697 446.51208111410961 145.62700030149426 607.25864313007332 237.61797337571625 183.72929069784004 480.06163934676442 70.800678431638516 270.15217647270765 23.063062637578696 93.959381276741624 2.6449011052027371 4.8829718970227978 49.50241104059387 8.6930604004301113 1167.900294241379 82.933378990855999 48.859209700487554 172.49476406234317 40.566072467016056 19.727815676829778 50.322860587155446 51.811526840319857 3.5949678994948036 14.460573169635607 3.3514843033626702 25.879836557549424 37.496249667950906 27.129561787704006 192.69552407995798
leaf_count=511685 9833 123422 11836 84027 89616 8205 50213 6568 7081 4372 10307 346 1108 14162 809 77146 1730 1985 19804 10147 3380 5726 3670 983 896 279 3416 3945 2720 129666
internal_value=7.86471e-05 0.00675935 0.0046441 0.00958802 -0.0105789 0.00538645 0.0098607 0.0308691 0.0344962 0.00186845 0.0129263 0.0393348 0.11157 -0.00131174 0.148613 0.00574031 0.0101402 0.0338993 -0.00560486 0.0456278 0.055227 0.0111965 0.0242382 0.04858 0.0729391 0.0982514 0.11189 0.0420543 0.0225037 -0.0417142
internal_weight=5222.31 4509.79 4157.01 3140.71 1016.3 2697.8 1918.05 352.786 442.909 569.785 332.167 110.18 16.2209 221.987 11.338 1647.96 153.734 270.085 779.753 199.052 158.486 172.484 122.161 70.3499 47.2869 32.8263 29.2313 221.226 297.282 712.521
internal_count=1199083 557732 526074 266962 259112 245325 141494 31658 21637 135690 46074 12570 2263 33504 1155 127359 8298 14135 103831 23360 13213 19342 13616 9946 5574 4678 3695 12150 9801 641351
cat_boundaries=0 1
cat_threshold=4
is_linear=0
shrinkage=0.05


Tree=35
num_leaves=31
num_cat=12
split_feature=14 5 30 38 16 5 32 5 10 5 5 5 14 16 6 35 5 14 5 5 10 25 34 14 5 5 3 34 23 3
split_gain=564.133 156.172 96.6703 62.7124 72.9888 72.1774 69.2424 66.0294 66.1973 64.1506 55.7639 51.7748 38.4614 98.2617 36.4423 60.0772 69.0629 58.1439 52.3976 40.8643 34.6245 33.0079 40.4419 32.4097 31.3661 31.0711 30.6405 30.2832 29.5032 29.0489
threshold=4.1653075218200692 0 19.062500000000004 -6.6398389339447013 5.1252529621124276 1 878.31469726562511 2 5.3220548629760751 3 4 5 17.945972442626957 17.062197685241703 6 11.102676391601564 7 10.544393539428713 8 9 24.478977203369144 1.7579660415649416 -0.50729370117187489 10.544393539428713 10 11 93.640502929687514 -1.4098815917968748 27.22788238525391 3.3835405111312871
decision_type=2 9 2 2 10 9 2 9 2 9 9 9 2 8 1 2 9 2 9 9 2 2 2 2 9 9 2 2 2 2
left_child=-1 -2 -3 5 10 -4 7 12 9 -9 -5 -8 -6 20 17 16 -16 24 26 21 -14 -17 -23 -7 -10 -12 -19 -25 29 -18
right_child=1 2 3 4 6 23 11 8 14 -11 25 -13 13 -15 15 19 28 18 -20 -21 -22 22 -24 27 -26 -27 -28 -29 -30 -31
leaf_value=-0.045213688110353166 -0.02159292044695835 -0.028839081095809384 -0.026522896921595138 0.064966550977027068 -0.0083157157447270782 -0.024698922862191695 0.01802541587621985 0.028274106076087546 0.014831583553680298 -0.025889468380295357 0.025541437292889747 -0.034405797020570929 0.10303442794495384 0.0023100023526546054 -0.00044989674377415834 0.072817367018411322 -0.0015654080992758637 -0.018660172051965046 0.025669058118583821 0.0043830429691198367 -0.0042059285839215945 0.032836415515747369 -0.014052941491490648 0.0078659219912881953 -0.029828309068982803 -0.019330043184544479 0.012790103644387258 0.048173025351107769 0.083998985100291954 0.056015159449522116
leaf_weight=589.10346140689217 434.02923333749641 150.21011762344278 208.20817123283632 94.872139238752425 488.61219180666376 50.5894258817425 57.687048681080341 62.879884555703029 47.966685277642682 147.06701938819606 193.96725161198992 122.54433936392888 26.940727407461964 262.06682783074211 66.199636233155616 35.34380272985436 32.002479983959347 118.12605084502138 656.78750143374782 286.04570893605705 8.4966415204107744 236.33303810493089 50.546838042093441 265.39075509214308 92.492117655347101 34.040137139614671 185.78790584974922 48.141837914008647 99.282428544247523 55.940325198927894
leaf_count=586180 166682 59404 47680 6643 61055 11818 4580 16368 5446 44286 12580 19742 528 9853 8250 1425 2017 9966 29292 10236 190 6102 1857 26930 15503 8790 7296 8877 7087 4145
internal_value=0.00044121 0.00634961 0.00932167 0.0108333 0.0133628 -0.00443419 0.0109594 0.0128049 0.0172411 -0.00901091 0.0356984 -0.0184197 0.000261164 0.0141684 0.0201678 0.0279573 0.048472 0.0135024 0.0180136 0.0192166 0.0820552 0.0307975 0.0243797 0.00903509 -0.0156016 0.0178238 0.000349764 0.0153526 0.0618048 0.0370411
internal_weight=5207.7 4618.6 4184.57 4034.36 3462.03 572.33 3139.15 2958.92 2172.8 209.947 322.88 180.231 786.116 297.504 1962.85 861.694 253.425 1101.16 960.701 608.269 35.4374 322.224 286.88 364.122 140.459 228.007 303.914 313.533 187.225 87.9428
internal_count=1200808 614628 447946 388542 293237 95305 265224 240902 169276 60654 28013 24322 71626 10571 108622 41119 21499 67503 46554 19620 718 9384 7959 47625 20949 21370 17262 35807 13249 6162
cat_boundaries=0 29 58 90 113 139 155 156 182 201 227 253 279
cat_threshold=231 0 0 12480 0 0 67584 0 0 528384 0 0 0 0 0 553648128 0 0 0 0 0 1879048192 8 0 0 992 0 0 16064 256 0 0 3632 0 0 180480 0 0 1490944 0 0 48431104 0 0 7340032 0 0 1023410176 0 0 0 0 0 0 2 0 0 32 512 0 0 272 0 0 164352 0 0 0 0 0 327680 0 0 448790528 0 0 83886080 3 0 0 1 0 0 3 0 0 272 0 0 3840 8 0 0 544 0 0 8192 0 0 1048576 0 0 4718592 0 0 3145728 0 0 436207616 0 0 0 2 16 0 0 16 0 0 34304 0 0 0 0 0 0 0 0 75497472 0 0 1157627904 0 0 0 4 0 0 7 8 0 0 256 0 0 4096 0 0 393216 0 0 35586048 0 0 8388608 4 0 0 0 2560 0 0 25600 0 0 344064 0 0 63963136 0 0 3145728 0 0 167772160 0 0 2147483648 16 0 0 8 280 0 0 3616 0 0 5120 0 0 1114112 0 0 4718592 0 0 0 0 0 4026531840 16 0 0 3584 0 0 25600 0 0 1245184 0 0 0 0 0 1048576 0 0 3221225472 0 0 0 16 0 0 8 0 0 0 0 0 0 0 0 0 2162688 0 0 40370176 0 0 1048576 0 0 2449473536 0 0 2147483648 0 0 0 12 8 0 0 2816 0 0 147712 0 0 1073152 0 0 5439488 0 0 175112192 0 0 2852126720 2 0 2147483648 33 0 0 8
is_linear=0
shrinkage=0.05


Tree=36
num_leaves=31
num_cat=9
split_feature=14 5 28 5 38 5 32 15 18 5 5 5 34 5 33 5 14 34 12 35 14 13 15 14 14 28 0 18 13 5
split_gain=526.529 124.253 70.7598 100.06 60.8997 80.3916 60.0213 47.1602 56.8249 57.3922 51.8957 41.7402 38.0578 46.7035 37.8484 33.2575 30.6755 27.9745 27.1996 29.1594 26.9669 31.6002 26.4859 30.2101 26.4773 25.3892 44.7053 27.5185 24.0123 26.8885
threshold=4.7388491630554208 0 1010.7734375000001 1 -6.6398389339447013 2 903.89282226562511 5.845691680908204 10.485202312469484 3 4 5 -6.8323974609374991 6 21.417023658752445 7 7.7844095230102548 -0.050048828124999993 10.358674049377443 1.6503334045410158 10.544393539428713 19.584981918334964 1.5088645815849306 2.3221092224121098 10.072250366210939 1009.6503295898439 14.250000000000002 7.7979071140289316 27.934992790222172 8
decision_type=2 9 2 9 2 9 2 8 2 9 9 9 2 9 2 9 2 2 2 2 2 2 10 2 2 2 2 2 2 9
left_child=11 -2 4 17 5 20 7 8 9 -6 16 14 28 25 22 -8 -9 -4 19 -19 -3 -22 23 -1 -10 -14 -27 -28 29 -12
right_child=1 2 3 -5 6 -7 15 10 24 -11 12 -13 13 -15 -16 -17 -18 18 -20 -21 21 -23 -24 -25 -26 26 27 -29 -30 -31
leaf_value=-0.010426793851409141 -0.021674888706143251 -0.019785642002631845 -0.0074102630111877819 -0.032038294962234586 0.063610108998618631 -0.021267443479450848 0.025919050424982767 -0.010460752972046884 -0.016579251650649558 -0.0018099647048670832 -0.0070794204292675524 -0.044690588118839164 0.0031196652516892057 -0.0180646456317325 -0.027339633757802812 -0.025442569681554207 0.020993354445265438 0.0030991644973283961 -0.010873406339574527 0.07866174559560693 0.03322514534502307 -0.010643522149325143 -0.0043365221360197005 0.14490114980316243 0.024779223882209316 -0.018135180682197643 -0.016190517391221609 0.085831524391831338 -0.0095301226552837112 0.022428409687834459
leaf_weight=2.6312645351281412 355.50000675732736 35.952574332128279 39.930545939248987 217.1335208871169 134.34422030695714 309.18835242220666 23.92139004485216 76.521739338990301 59.155184497125447 50.749962516361848 86.844633051776327 603.52709966071416 497.3339382117847 268.2981614000164 14.217770209710578 133.56359257560689 1313.5493791277986 18.965948367374949 15.583293748553841 35.25635584036354 162.42595412093215 48.543987484183162 7.4680824684910476 1.029384820256382 79.336556715425104 17.958728550700471 4.7064793726895031 24.164494212716818 84.688534593442455 476.91023742221296
leaf_count=2555 129316 8756 5562 61379 7132 61786 2413 23972 2365 8564 7960 610839 49241 37056 11179 20552 80119 7106 976 2419 20156 4730 3134 325 689 3734 1510 874 2380 21386
internal_value=4.62001e-05 0.00597701 0.00838643 -0.0136427 0.0102901 -0.00495386 0.0128415 0.014346 0.0322464 0.0496673 0.0122087 -0.0424766 0.00543456 -0.00174846 0.0160676 -0.0165307 0.0190633 0.0231357 0.0422469 0.0568294 0.015722 0.0231061 0.0658211 0.10735 0.00718659 0.00668239 0.0384878 0.0693135 0.0144069 0.0181062
internal_weight=5199.4 4570.53 4215.03 326.87 3888.16 556.111 3332.05 3174.56 323.586 185.094 2850.98 628.874 1460.91 812.462 25.3465 157.485 1390.07 109.736 69.8056 54.2223 246.923 210.97 11.1287 3.66065 138.492 544.164 46.8297 28.871 648.443 563.755
internal_count=1200165 572133 442817 77442 365375 95428 269947 246982 18750 15696 228232 628032 124141 92415 17193 22965 104091 16063 10501 9525 33642 24886 6014 2880 3054 55359 6118 2384 31726 29346
cat_boundaries=0 29 58 87 113 142 152 181 207 236
cat_threshold=231 0 0 8384 0 0 2048 0 0 528384 0 0 0 0 0 553648128 0 0 67108864 0 0 1879048192 8 0 0 992 0 0 14464 16 0 0 256 0 0 0 0 0 262144 0 0 16777216 0 0 0 0 0 3489660928 0 0 2147483648 4 0 0 8 0 0 16 536 0 0 0 0 0 13824 0 0 73728 0 0 34340864 0 0 503316480 0 0 1107296256 3 0 2147483648 34 0 0 4 0 0 80 0 0 0 2064 0 0 231168 0 0 1073152 0 0 4194304 0 0 250609664 0 0 3405774848 3 0 0 0 0 0 7 24 0 0 3616 0 0 28672 0 0 3653632 0 0 52559872 0 0 3145728 0 0 805306368 0 0 0 51 0 0 12 0 0 96 128 0 0 768 0 0 16384 0 0 8192 768 0 0 4112 0 0 230400 0 0 8192 0 0 8454144 0 0 67108864 0 0 3221225472 1 0 0 0 0 0 18 0 0 16 8 0 0 256 0 0 0 0 0 0 0 0 39124992 0 0 8388608 0 0 1342177280 0 0 0 0 0 0 3 0 0 0 256 0 0 98304 0 0 0 0 0 0 0 0 0 0 0 3372220416 0 0 0 4 0 0 3 0 0 1808
is_linear=0
shrinkage=0.05


Tree=37
num_leaves=31
num_cat=8
split_feature=10 5 38 5 18 16 5 18 5 14 10 5 12 5 5 14 16 5 14 7 17 22 30 14 26 16 10 14 16 14
split_gain=511.682 136.351 68.5319 111.431 54.6729 49.4799 56.3191 45.2516 42.5452 41.6442 33.9742 71.1886 50.9548 67.3598 48.9147 38.8444 46.8612 41.6662 33.7162 33.7686 41.7906 32.2744 63.7999 41.1865 31.0333 30.9585 28.5906 33.3535 32.9715 28.4062
threshold=2.694736242294312 0 -5.108325481414794 1 2.3885242938995366 5.1252529621124276 2 9.0503840446472186 3 3.8626278638839726 5.5998270511627206 4 9.3505721092224139 5 6 16.659728050231937 15.815764904022219 7 9.2358012199401873 1.5000000000000002 13.14388942718506 4.868030548095704 256.93750000000006 15.175014495849611 12.458848476409914 9.0108828544616717 7.6508994102478036 9.3409719467163104 13.646430015563967 10.187408447265627
decision_type=2 9 2 9 2 10 9 2 9 2 2 9 2 9 9 2 10 9 2 2 8 2 2 2 2 10 2 2 10 2
left_child=-1 -2 3 18 -4 6 -6 9 21 -8 11 -10 13 -12 15 17 -17 -14 -3 -20 -21 22 -7 25 -25 -23 -15 -28 -29 -9
right_child=1 2 4 -5 5 8 7 29 10 -11 12 -13 14 26 -16 16 -18 -19 19 20 -22 23 -24 24 -26 -27 27 28 -30 -31
leaf_value=-0.043373708632234997 -0.026775252618236014 -0.022694064437859415 -0.038968132993909776 -0.022713104151582862 -0.01803577926317607 -0.010125730780729064 -0.018517008789885128 -0.012065362348387579 0.026056494090330257 0.060967290798547874 0.00062763237712396686 -0.028398110867084859 -0.024236492882050913 0.012443722156324579 -0.010387403622852827 0.053065509792110846 0.011356409576967007 0.010446667570153518 -0.0047350524071902269 0.066849798012220435 0.016979958454789962 0.024293321356334736 0.065024741825609578 0.031710481248442106 -0.022244234300857035 -0.0067845580621394555 -0.00074004617482558571 0.061726697293858268 0.021868590031223198 0.033499292440124825
leaf_weight=581.09536943113199 278.07840710680466 49.924359072814696 43.698421297769528 407.38298714021221 45.760454809234943 36.860448200721294 13.76511865184875 55.437447607866488 72.269814348663203 160.91770213423297 319.88245392369572 161.42610921064625 125.97365924855694 147.49551369866822 460.63694173004478 71.709465526277199 441.49745513661765 194.99205629224889 114.75840556365438 44.746801690896973 237.31266506551765 107.81767370988382 84.282848407397978 315.04465487436391 22.083292281022295 241.55838571046479 41.959925391129218 149.33781509392429 100.77838102425449 65.199866863898933
leaf_count=611073 123413 15245 21532 99145 17183 9733 8247 3252 17902 12086 21359 47491 8537 16605 35159 1285 12608 10648 15527 4729 26854 7483 13398 9894 899 12869 3624 5683 4933 527
internal_value=0.000430941 0.00603136 0.00823551 -0.00439599 0.0113627 0.0121139 0.0299758 0.0371367 0.0100557 0.0540404 0.0064228 -0.0112761 0.00851224 0.018705 0.00243624 0.00956646 0.0180872 -0.00390354 0.012659 0.0178666 0.0269095 0.0198217 0.0431301 0.015433 0.0276372 0.00321521 0.0308534 0.0404518 0.047125 0.0132398
internal_weight=5193.68 4612.59 4334.51 854.125 3480.39 3436.69 341.081 295.32 3095.61 174.683 2287.96 233.696 2054.26 759.454 1294.81 834.173 513.207 320.966 446.742 396.818 282.059 807.647 121.143 686.504 337.128 349.376 439.572 292.076 250.116 120.637
internal_count=1198923 587850 464437 161500 302937 281405 41295 24112 240110 20333 185834 65393 120441 52204 68237 33078 13893 19185 62355 47110 31583 54276 23131 31145 10793 20352 30845 14240 10616 3779
cat_boundaries=0 29 61 93 122 151 180 206 229
cat_threshold=103 0 0 8384 0 0 2048 0 0 4096 0 0 0 0 0 536870912 0 0 67108864 0 0 1879048192 8 0 0 992 0 0 16320 280 0 0 256 0 0 12800 0 0 163840 0 0 3670016 0 0 486539264 0 0 3254779904 3 0 2147483648 3 0 0 29 0 0 0 0 0 1024 768 0 0 5152 0 0 77824 0 0 2981888 0 0 33816576 0 0 285212672 0 0 2415919104 0 0 0 50 0 0 24 0 0 48 0 0 768 8 0 0 544 0 0 8192 0 0 1458176 0 0 33554432 0 0 3145728 0 0 1342177280 0 0 0 2 0 0 12 0 0 32 512 0 0 16 0 0 212992 0 0 0 0 0 23855104 0 0 41943040 0 0 33554432 0 0 0 33 0 0 0 0 0 16 768 0 0 4096 0 0 4864 0 0 532480 0 0 18677760 0 0 297795584 0 0 150994944 0 0 0 53 0 0 17 0 0 16 272 0 0 4096 0 0 5120 0 0 598016 0 0 18808832 0 0 415236096 0 0 2281701376 2 0 2147483648 21 0 0 16 16 0 0 4096 0 0 0 0 0 8192 0 0 65536 0 0 411041792 0 0 134217728 2 0 0 17
is_linear=0
shrinkage=0.05


Tree=38
num_leaves=31
num_cat=1
split_feature=20 30 33 45 8 41 25 0 34 36 19 0 41 23 0 0 41 30 45 19 35 0 34 34 23 20 34 33 19 0
split_gain=358.66 107.395 62.8946 41.2089 40.1086 37.325 36.9572 41.3612 39.5345 53.6549 45.5389 41.831 75.246 55.8186 63.9108 48.9691 37.1309 35.2394 34.8635 33.4224 29.5794 26.2804 27.1475 29.2424 54.3888 34.9836 26.2231 23.8495 28.965 23.5058
threshold=2.4756861925125127 62.562500000000007 19.406399726867679 7.5535311698913583 0 3.0045292377471928 9.4038457870483416 20.750000000000004 -6.3612365722656241 48.902034759521491 7.7564866542816171 16.750000000000004 12.430740833282472 27.013271331787113 13.750000000000002 25.750000000000004 7.219449758529664 668.56250000000011 25.545130729675297 12.293813705444338 24.548053741455082 9.2500000000000018 -2.7689819335937496 0.21044921875000003 25.988357543945316 7.9226653575897226 0.93325805664062511 16.799807548522953 9.8891835212707537 11.250000000000002
decision_type=2 2 2 2 1 2 2 2 2 2 2 2 2 2 2 2 2 2 2 2 2 2 2 2 2 2 2 2 2 2
left_child=3 -2 5 -1 -4 21 8 18 10 26 17 12 13 -11 19 -13 -16 -7 27 -15 -18 -3 -23 24 -24 -26 -10 -8 -29 -28
right_child=1 2 4 -5 -6 6 7 -9 9 11 -12 15 -14 14 16 -17 20 -19 -20 -21 -22 22 23 -25 25 -27 29 28 -30 -31
leaf_value=-0.044220175853350259 -0.021420348529078943 -0.021407646497387908 -0.0006495562650423131 0.024743139425793821 -0.031232382384935711 0.011929638867508989 -0.030573235848932276 0.050299142989084167 -0.015286018259598674 0.0080658148163091532 0.011194789272389939 -0.015536714873704919 -0.022208908839257357 0.0026612787150341708 0.012228362391240439 0.013754900835186892 0.097954596801069035 0.06148134949248274 0.030319478951221696 0.04239981054149497 -0.0085233662691898953 0.014862612947495114 -0.010986972110368932 0.0065719298675279095 0.082059460786072083 0.0056447993713263029 0.051202456428692991 -0.027457432305735288 0.055925805310031954 -0.0037051033740892383
leaf_weight=444.17421537311748 359.09579736791784 28.920059505791869 356.59107964439318 16.642634113144595 143.56458462629234 70.707017526263371 182.26737752003828 15.020146550377829 422.3670733939507 308.6554595377529 1096.9488400791306 288.04424199415371 98.097535041393712 115.05385339818895 24.257185952621512 263.82607845851453 60.530696925474331 77.785423719091341 24.709094475954771 90.289234931697138 5.5091065715532741 427.97237989824498 24.652286335127428 54.332575307635125 73.278020987287164 20.154534810746554 19.873183031566441 11.896479278686458 11.143112891353665 52.611040495452471
leaf_count=479195 165620 8107 128357 3207 60332 7535 17866 690 88043 19228 52368 27907 13259 17327 2360 13580 4095 7028 344 2571 639 32692 4933 12683 11709 914 3099 2830 1228 10719
internal_value=0.000364982 0.00450006 0.00667453 -0.0412569 -0.00986818 0.00883303 0.00662858 -0.0117088 0.00816305 0.00328251 0.0149366 0.00876865 0.0167745 0.0233614 0.0385439 -0.00153804 0.0717422 0.0401279 -0.0176849 0.0212918 0.0891193 0.0199 0.0222079 0.0386259 0.0517098 0.0677153 -0.0105211 -0.0246021 0.0175918 0.0157315
internal_weight=5188.97 4728.15 4369.06 460.817 500.156 3868.9 3239.59 245.036 2994.56 1749.11 1245.44 1254.26 702.393 604.296 295.64 551.87 90.297 148.492 230.016 205.343 66.0398 629.31 600.39 172.417 118.085 93.4326 494.851 205.307 23.0396 72.4842
internal_count=1200465 718063 552443 482402 188689 363754 292716 22958 269758 202827 66931 100966 59479 46220 26992 41487 7094 14563 22268 19898 4734 71038 62931 30239 17556 12623 101861 21924 4058 13818
cat_boundaries=0 1
cat_threshold=2
is_linear=0
shrinkage=0.05


Tree=39
num_leaves=31
num_cat=12
split_feature=14 5 29 6 5 14 5 5 5 17 23 40 5 5 39 26 41 41 14 5 31 29 29 5 5 23 36 14 5 32
split_gain=466.596 113.472 92.1575 62.6841 107.802 107.633 103.554 65.8133 62.5032 57.6595 50.9318 47.2554 76.7774 50.5703 44.1274 31.7341 29.3296 29.0574 27.8394 27.2201 26.9144 27.3914 26.0133 29.1199 25.8189 25.6235 33.1112 42.8947 37.854 35.2404
threshold=4.1653075218200692 0 0.30820083618164068 1 2 11.634850502014162 3 4 5 13.616702556610109 27.889812469482425 3.2518570423126225 6 7 5.0153434276580819 9.1629090309143084 8.279755115509035 14.578907966613771 18.360197067260746 8 95.04693984985353 0.82421875000000011 0.99000930786132824 9 10 26.04264068603516 222.58042907714847 15.175014495849611 11 605.01510620117199
decision_type=2 9 2 1 9 2 9 9 9 10 2 2 9 9 2 2 2 2 2 9 2 2 2 9 9 2 2 2 9 2
left_child=-1 -2 8 5 10 6 16 9 -3 14 20 12 -6 -13 -7 -12 -4 25 -9 -11 21 -5 23 -20 -24 -15 27 28 29 -27
right_child=1 2 3 4 11 7 -8 18 -10 19 15 13 -14 17 -16 -17 -18 -19 22 -21 -22 -23 24 -25 -26 26 -28 -29 -30 -31
leaf_value=-0.045145429671903173 -0.024966346463590392 0.030537433173669894 0.026023579423083299 0.0081046400173193818 0.057872040992335276 0.065842765522272709 -0.026888489867718576 -0.0086991866070952224 -0.037103993312109979 -0.0017269580804650166 0.096606524910761493 -0.023021372701808207 -0.020741520460269672 -0.01004124046818654 0.020330066444325445 -0.015362855746871257 -0.01341735560371677 -0.020461104375141828 0.026473984760089411 0.017714221667306705 -0.018951050833427477 0.046641281771511056 0.032434837959157754 -0.012225717973695939 -0.0034340839385806829 0.038783812822693615 -0.018001007807740388 0.034639840359445499 -0.001146577617525136 -0.0011700297056067334
leaf_weight=500.01250999968033 273.58134693431202 28.306905185105279 154.83213407098083 68.045945677324198 87.900265287724324 89.307470928411931 439.46739192400128 466.41768826020416 159.52195842150832 264.14333381259348 46.836351013218518 111.60705434117699 35.832592212187592 108.34386118868133 145.14342449698597 4.2980418386869124 58.781675807666034 64.106157425616402 44.551735694985837 558.67226478212979 17.86938565375749 173.51053083268926 131.87945173494518 179.69153002114035 77.011523437220603 153.38217912067194 62.591036311816424 249.42537260742392 342.25246121553937 82.479853216034826
leaf_count=584568 128210 11223 19234 11615 10349 4114 92047 42939 78002 18761 3879 26662 14788 9692 3768 416 10223 8028 4393 33198 512 8191 3927 11182 4549 8111 1993 10937 27827 5469
internal_value=0.000273691 0.00521241 0.00717878 0.00874108 0.0164444 0.00387133 -0.0135545 0.00974617 -0.0262136 0.0180575 0.0421546 0.00974621 0.0380337 0.00655165 0.0396511 0.0862216 0.0144112 0.00996522 -0.000308669 0.0117193 0.0321556 0.0365393 0.00871205 -0.00312679 0.0209832 0.0122011 0.0149898 0.0176702 0.00988418 0.0243427
internal_weight=5179.8 4679.79 4406.21 4218.38 1608.48 2609.9 653.081 1956.82 187.829 1057.27 310.56 1297.92 123.733 1174.19 234.451 51.1344 213.614 1062.58 899.552 822.816 259.426 241.556 433.134 224.243 208.891 998.475 890.131 827.54 578.114 235.862
internal_count=1198807 614239 486029 396804 148469 248335 121504 126831 89225 59841 24613 123856 25137 98719 7882 4295 29457 72057 66990 51959 20318 19806 24051 15575 8476 64029 54337 52344 41407 13580
cat_boundaries=0 29 30 56 88 117 143 172 201 230 253 276 295
cat_threshold=231 0 0 8384 0 0 2048 0 0 4096 0 0 0 0 0 536870912 0 0 0 0 0 1879048192 8 0 0 992 0 0 14480 4 0 0 0 48 0 0 1024 0 0 1245184 0 0 2097152 0 0 0 0 0 3758096384 0 0 0 5 0 0 12 512 0 0 0 0 0 82432 0 0 2097152 0 0 58261504 0 0 17825792 0 0 318767104 1 0 0 0 0 0 2 0 0 32 0 0 8704 0 0 0 0 0 0 24576 0 0 843776 0 0 37617664 0 0 506462208 0 0 234881024 2 0 2147483648 50 0 0 20 0 0 96 8 0 0 0 0 0 65536 0 0 1048576 0 0 0 0 0 79691776 0 0 134217728 0 0 0 0 0 0 1 16 0 0 512 0 0 258560 0 0 2367488 0 0 17498112 0 0 174063616 0 0 402653184 2 0 0 32 0 0 0 0 0 96 0 0 0 0 0 0 196608 0 0 786432 0 0 30670848 0 0 287309824 0 0 234881024 3 0 0 32 0 0 3 0 0 96 0 0 0 0 0 0 24576 0 0 0 0 0 3145728 0 0 102760448 0 0 201326592 0 0 0 0 0 0 0 0 0 64 0 0 0 0 0 0 32768 0 0 2228224 0 0 12582912 0 0 16777216 0 0 268435456 0 0 0 1 0 0 0 0 0 0 131072 0 0 65536 0 0 25165824 0 0 12582912 0 0 3221225472 0 0 0 1 0 0 0 3072 0 0 12800 0 0 2146304 0 0 34078720 0 0 101711872 0 0 268435456
is_linear=0
shrinkage=0.05


Tree=40
num_leaves=31
num_cat=11
split_feature=10 5 41 5 5 16 34 45 5 41 5 18 31 30 40 5 34 45 5 5 36 18 5 32 10 41 5 41 5 10
split_gain=444.888 118.248 70.3624 111.16 101.486 55.5284 53.4214 49.0033 49.088 39.0392 35.4851 34.4987 39.4104 39.2054 31.6939 66.0335 40.1876 34.2346 48.1642 29.9588 32.113 29.1525 29.0793 42.9738 32.034 47.8698 34.2586 26.2684 25.4632 27.7442
threshold=2.694736242294312 0 3.8036607503890996 1 2 25.835703849792484 -6.9331665039062491 3.6095304489135747 3 9.6791167259216326 4 2.3885242938995366 81.525585174560561 11.281250000000002 9.93426561355591 5 -9.0523681640624982 11.018178939819338 6 7 45.666217803955085 9.1747832298278826 8 860.19274902343761 16.404257774353031 10.800702571868898 9 7.729943275451661 10 1.5488964319229128
decision_type=2 9 2 9 9 8 2 2 9 2 9 2 2 2 2 9 2 2 9 9 2 2 9 2 2 2 9 2 9 2
left_child=28 21 3 11 6 10 9 8 27 -4 -5 -3 13 -13 15 -9 -17 18 -16 -15 -21 -2 -19 24 25 26 -24 -6 29 -1
right_child=1 2 4 5 7 -7 -8 14 -10 -11 -12 12 -14 19 17 16 -18 22 -20 20 -22 -23 23 -25 -26 -27 -28 -29 -30 -31
leaf_value=-0.025094207566861967 -0.028555721951400811 -0.02692423528376351 0.013137048817336487 0.0067735236989696947 0.052892676456006642 0.075587367035358052 -0.023947120396046958 0.03081840220517644 -0.031795037714984729 -0.027756267868798448 -0.025381299192230939 -0.011029609381926242 0.025227042646696198 0.015233065981387543 0.018357860863469876 0.035255488592695533 -0.0043624287568549899 0.0018646446099437307 -0.019904066867078213 0.089904930711838152 0.0092090157073976258 0.0038081112029958934 -0.0093982836175464744 -0.027499106633741829 0.033782462263739148 -0.010859797083732609 0.031265921328075201 -0.01948231208438627 -0.044660992630562071 0.053007986401982024
leaf_weight=18.056239147495948 285.21752088854555 15.894280692737082 238.89767816761741 175.26446782244602 25.785737528232858 10.984578024595974 394.95698349643499 474.06245427526301 114.68794701021397 66.37150725821266 139.07932640088256 17.865733153594192 376.7700284224702 58.058165868977085 106.69327554805204 68.833793272497132 332.14328123425366 585.83727995248046 223.01897719298722 98.891699498111848 16.659406867926009 88.202030021406244 60.938786167185754 42.154351036762819 260.55214377469383 150.95889932743739 222.62498114700429 12.838052062666973 490.60526603099424 9.3947977881180105
leaf_count=17740 135298 8469 13654 17844 7074 1193 83399 45280 42433 5328 32961 5530 18142 6925 10849 5309 43471 20101 30483 9776 1969 15744 2238 2116 6216 7849 5264 3599 587643 5315
internal_value=0.000932939 0.0058457 0.00820734 0.020499 0.00487481 -0.0032689 -0.0118679 0.00928493 -0.0173566 0.00364765 -0.00837078 0.0330669 0.0357533 0.054186 0.0109993 0.0186579 0.00305658 0.00685682 -0.00739228 0.0611324 0.0740341 -0.0204773 0.0104366 0.0168812 0.020164 0.0114218 0.0232495 0.0246976 -0.0425714 0.00682873
internal_weight=5182.3 4664.24 4290.82 909.468 3381.36 325.328 700.226 2681.13 153.312 305.269 314.344 584.139 568.245 191.475 2527.82 875.04 400.977 1652.78 329.712 173.609 115.551 373.42 1323.07 737.229 695.075 434.523 283.564 38.6238 518.056 27.451
internal_count=1199212 588514 437472 102809 334663 51998 102381 232282 53106 18982 50805 50811 42342 24200 179176 94060 48780 85116 41332 18670 11745 151042 43784 23683 21567 15351 7502 10673 610698 23055
cat_boundaries=0 29 58 87 113 142 168 194 220 243 269 279
cat_threshold=231 0 0 12480 0 0 2048 0 0 4096 0 0 262144 0 0 536870912 0 0 67108864 0 0 1879048192 8 0 0 992 0 0 16320 8 0 0 2064 0 0 230912 0 0 1097728 0 0 38469632 0 0 82837504 0 0 3238002688 1 0 0 33 0 0 15 0 0 32 0 0 0 2096 0 0 230144 0 0 1343488 0 0 38469632 0 0 12582912 0 0 150994944 0 0 0 0 0 0 16 0 0 48 8 0 0 0 0 0 0 0 0 0 0 0 2097152 0 0 17825792 0 0 1375731712 0 0 0 0 0 0 3 0 0 0 32 0 0 16640 0 0 2170880 0 0 16777216 0 0 134217728 0 0 268435456 2 0 2147483648 0 0 0 16 0 0 16 528 0 0 256 0 0 28672 0 0 2686976 0 0 3145728 0 0 2097152 0 0 1879048192 2 0 2147483648 7 0 0 4 24 0 0 256 0 0 5120 0 0 73728 0 0 16777216 0 0 67108864 0 0 570425344 0 0 2147483648 0 0 0 14 0 0 0 0 0 0 34304 0 0 49152 0 0 4718592 0 0 1048576 0 0 2147483648 1 0 0 1 0 0 2 528 0 0 256 0 0 4096 0 0 2686976 0 0 1048576 0 0 19922944 0 0 1879048192 3 0 2147483648 33 8 0 0 0 0 0 0 0 0 8192 0 0 18874368 0 0 402653184 0 0 0 0 0 0 0 0 0 4 0 0 0 768 0 0 16896 0 0 8192
is_linear=0
shrinkage=0.05


Tree=41
num_leaves=31
num_cat=0
split_feature=14 16 14 19 16 45 14 16 36 12 19 39 14 16 14 16 36 3 3 1 15 35 35 13 32 14 3 28 28 35
split_gain=404.712 62.196 125.865 63.693 49.4622 59.6431 43.4908 82.2562 85.3942 48.3482 43.2593 70.134 33.908 54.4636 31.0958 28.024 50.7471 31.4921 26.5757 25.9663 25.088 21.8599 24.524 21.6726 21.4477 20.1895 20.1619 20.0952 28.2853 20.8834
threshold=4.1653075218200692 4.2895412445068368 6.8874225616455087 4.2106308937072763 6.1925518512725839 4.6035959720611581 14.540517807006838 14.341140747070314 143.77783966064456 12.282576084136965 5.0559549331665048 2.5694659948349003 9.2358012199401873 11.228313446044924 18.360197067260746 18.32174110412598 222.58042907714847 637.32192993164074 896.22906494140636 90.750000000000014 6.5787916183471689 0.0061988830566406259 4.4054985046386728 10.456314086914064 713.75805664062511 8.9275898933410662 2188.236450195313 1007.4428100585939 1008.7990722656251 20.60794830322266
decision_type=2 10 2 2 10 2 2 10 2 2 2 2 2 10 2 10 2 2 2 2 10 2 2 2 2 2 2 2 2 2
left_child=-1 3 -3 19 20 10 9 8 26 12 -6 24 -7 27 -9 16 23 -17 -15 21 -4 -2 25 -16 -12 -23 -8 29 -29 -14
right_child=1 2 4 -5 5 6 7 14 -10 -11 11 -13 13 18 15 17 -18 -19 -20 -21 -22 22 -24 -25 -26 -27 -28 28 -30 -31
leaf_value=-0.043993970620380567 -0.0036208624343282135 -0.029116878644459721 0.0198809008984418 0.010387739171164947 -0.030897357109675106 -0.011315051353897251 0.057399139445695385 -0.0037278012668220833 -0.00057925978761459674 -0.017668304850195618 0.026463469782880129 -0.026626097413173955 0.020179460751425283 -0.0077603771119370921 0.0025633266340613307 0.0026337066268745878 -0.01970549033101766 0.021603148783612122 0.028827005243230227 -0.016906419354836128 0.069769118805124833 0.1197093868596826 0.033384786086178828 0.061472374476770508 -0.010346703420302328 0.016502699898692172 -0.0149465257416745 0.051473755635087631 0.0069229698843919375 -0.0064278336635892669
leaf_weight=461.05344359908486 9.1710351945366693 274.87025484465994 136.3190604589181 224.46062942274148 176.85314880131045 255.98891504935455 184.76614429615438 479.63583715155255 108.56095175049268 295.32284914865158 153.45735853677616 143.46334119816311 255.57937338005286 414.53195630805567 20.380260426318273 718.10685965570156 28.897622818592936 306.83030119643081 46.320776241482235 6.5198128074989645 26.11341061652638 25.935564750165213 39.367054834030569 72.200391467777081 46.195354973431677 9.5972110737347958 6.2710322085767976 89.542424741201103 60.972351981676184 96.539729576790705
leaf_count=585573 3187 146371 6294 18848 83236 45364 5235 37735 3147 27534 26951 43250 17371 48567 1592 42633 888 9396 4249 2406 2454 5539 2508 2160 12691 195 176 5204 5935 3250
internal_value=0.00020038 0.00460794 0.0030406 0.0257195 0.0052498 0.00409732 0.00648706 0.0114529 0.0351021 0.000140613 -0.0115388 -0.000968287 0.00456206 0.00885335 0.00690768 0.0113511 0.0331951 0.00846636 -0.00354881 0.0588984 0.0314822 0.0659495 0.0738911 0.0500185 0.0178591 0.10158 0.054399 0.020072 0.0349822 0.0129085
internal_weight=5173.82 4712.77 4397.72 315.051 4122.85 3960.42 3440.45 1925.65 299.598 1514.8 519.969 343.116 1219.48 963.487 1626.05 1146.42 121.478 1024.94 460.853 90.5907 162.432 84.0709 74.8998 92.5807 199.653 35.5328 191.037 502.634 150.515 352.119
internal_count=1199939 614366 581683 32683 435312 426564 260436 102962 8558 157474 166128 82892 129940 84576 94404 56669 4640 52029 52816 13835 8748 11429 8242 3752 39642 5734 5411 31760 11139 20621
is_linear=0
shrinkage=0.05


Tree=42
num_leaves=31
num_cat=12
split_feature=18 29 5 5 41 5 14 5 31 5 5 5 12 5 5 14 41 18 27 14 14 18 41 3 5 14 8 35 14 5
split_gain=399.19 117.469 75.4922 65.455 57.6008 99.3162 79.9118 87.859 69.9865 53.5398 40.3224 40.3116 36.5282 80.9449 78.1054 35.4401 32.9769 40.0348 32.5682 30.2935 28.4652 33.4996 28.3344 28.4508 27.0273 26.4398 26.337 27.2906 25.881 43.3047
threshold=2.9351860284805302 0.35083389282226568 0 1 3.8036607503890996 2 8.4479918479919451 3 81.121669769287124 4 5 6 10.737691879272463 7 8 6.5554301738739023 9.6791167259216326 9.946421146392824 1006.6767883300782 12.777190685272219 3.6884715557098393 6.7720243930816659 9.6791167259216326 103.50020980834962 9 21.477835655212406 10 0.0081062316894531267 10.187408447265627 11
decision_type=2 2 9 9 2 9 2 9 2 9 9 9 2 9 9 2 2 2 2 2 2 2 2 2 9 2 1 2 2 9
left_child=-1 3 -3 26 5 -4 11 16 9 18 15 -6 13 22 25 -10 17 -8 -7 24 -11 -22 -9 -24 -16 -14 27 -2 29 -15
right_child=1 2 4 -5 6 8 7 12 10 20 -12 -13 14 28 19 -17 -18 -19 -20 -21 21 -23 23 -25 -26 -27 -28 -29 -30 -31
leaf_value=-0.043351188939199148 -0.0081137180185625116 -0.022048250743926009 -0.017471897589287268 -0.038636801488392325 0.022584256985357806 0.0072170363431115995 -0.03561576688245989 0.0091069963493877575 -0.021792947960073202 -0.027697859492734352 0.0037690393833878497 -0.030270839519468847 -0.017565563049342127 0.02478764113817002 0.019282527258017042 0.040121425959396065 -0.029561714305287951 0.0053743185745041529 0.12495107812653856 0.019422583068688555 0.058865165913075806 0.014254675674471346 -0.034256494647325685 0.0058816636747242371 -0.025779820995230858 0.0044770486776746048 -0.023096242133929183 0.075072162275447482 0.029077943850310286 -0.023828269992472777
leaf_weight=458.96449699078221 12.396943483559882 196.83899729413679 142.0903612311231 201.88281769264722 30.656167648849078 8.1781863846117613 64.104617058415897 231.11929179681465 19.803405393031426 12.384115264227146 312.53704613423906 195.65085056627868 340.43319072225131 93.829800019273534 38.240083463257179 188.53861022240017 159.4981000716798 294.80338169669267 36.816380029369611 664.23319633945357 75.269438247312792 100.33280329528498 92.985416517709382 72.825045340228826 63.160857402719557 216.83725901169237 12.161445231409742 18.307842966809403 755.01962635992095 57.734827689942904
leaf_count=545356 5597 95290 40265 131752 11156 1053 16273 18819 6386 12984 16949 59871 22565 7733 3508 8087 27191 13909 4315 29112 11742 5030 10310 5206 6224 9361 5972 5935 53542 8943
internal_value=0.00064635 0.00501767 0.00688837 -0.0280326 0.00830377 0.0195271 0.00529655 0.00738306 0.0265198 0.0491936 0.0161421 -0.0227835 0.0110731 0.0170303 0.00520255 0.0320403 -0.011166 -0.00271391 0.0920223 0.0153691 0.0287142 0.0355177 -0.00202648 -0.0172957 -0.0091638 -0.00890396 0.0227716 0.047744 0.0250538 0.00599937
internal_weight=5167.63 4708.67 4463.92 244.749 4267.08 895.95 3371.13 3144.82 753.86 232.981 520.879 226.307 2626.42 1303.51 1322.9 208.342 518.406 358.908 44.9946 765.634 187.986 175.602 396.93 165.81 101.401 557.27 42.8662 30.7048 906.584 151.565
internal_count=1200436 655080 505824 149256 410534 106811 303723 232696 66546 35124 31422 71027 175323 104553 70770 14473 57373 30182 5368 38844 29756 16772 34335 15516 9732 31926 17504 11532 70218 16676
cat_boundaries=0 29 48 80 109 135 161 187 216 245 274 275 301
cat_threshold=231 0 0 8320 0 0 2048 0 0 4096 0 0 0 0 0 536870912 0 0 0 0 0 1073741824 8 0 0 896 0 0 2048 520 0 0 4480 0 0 0 0 0 1048576 0 0 0 0 0 73400320 0 0 134217728 784 0 0 5376 0 0 12288 0 0 737280 0 0 11534336 0 0 318767104 0 0 671088640 2 0 0 22 0 0 0 0 0 64 0 0 512 512 0 0 2160 0 0 229632 0 0 1048576 0 0 720896 0 0 12582912 0 0 83886080 0 0 0 0 0 0 2 0 0 16 0 0 0 560 0 0 212992 0 0 1048576 0 0 65536 0 0 0 0 0 1073741824 0 0 0 1 0 0 4 8 0 0 2112 0 0 66816 0 0 1310720 0 0 55181312 0 0 9437184 0 0 2415919104 0 0 0 32 0 0 8 512 0 0 96 0 0 1024 0 0 8192 0 0 0 0 0 134217728 0 0 134217728 0 0 0 4 0 0 2 256 0 0 512 0 0 0 0 0 925696 0 0 51642368 0 0 16777216 0 0 2281701376 0 0 0 0 0 0 4 0 0 32 0 0 0 1280 0 0 26112 0 0 2138112 0 0 12582912 0 0 238026752 0 0 805306368 3 0 0 0 0 0 0 0 0 64 256 0 0 512 0 0 0 0 0 524288 0 0 3145728 0 0 16777216 0 0 2147483648 0 0 2147483648 2 0 0 4 0 0 32 2 16 0 0 1024 0 0 5632 0 0 2162688 0 0 6291456 0 0 1048576 0 0 1879048192 0 0 0 33 0 0 8
is_linear=0
shrinkage=0.05


Tree=43
num_leaves=31
num_cat=12
split_feature=14 5 29 6 14 5 5 5 41 5 22 7 19 29 5 32 17 35 5 5 5 5 18 32 11 41 28 5 1 12
split_gain=350.6 100.662 72.1417 51.1543 87.0369 67.6676 65.0744 63.9766 50.0584 69.4912 44.5888 90.9023 57.0006 50.8231 41.9624 41.1559 40.8787 60.4141 48.8565 40.2625 36.5159 34.7887 39.3004 31.996 31.8097 29.8694 28.0336 51.4688 47.8442 37.6048
threshold=3.6884715557098393 0 0.30820083618164068 1 10.420276165008547 2 3 4 2.1687176227569585 5 8.5673332214355487 1.5000000000000002 16.9137077331543 0.96834182739257824 6 843.26040649414074 13.295858860015871 19.964694976806644 7 8 9 10 10.185426235198976 231.23356628417972 2.5125912427902226 14.995697975158693 1008.4309387207032 11 86.750000000000014 6.2595775127410898
decision_type=2 9 2 1 2 9 9 9 2 9 2 2 2 2 9 2 10 2 9 9 9 9 2 2 2 2 2 9 2 2
left_child=-1 -2 14 4 5 -4 10 23 21 -10 11 -5 13 19 -3 26 17 18 -9 -12 -15 -8 24 -6 -23 -20 28 -28 -13 -29
right_child=1 2 3 6 7 -7 8 16 9 -11 12 15 -14 20 -16 -17 -18 -19 25 -21 -22 22 -24 -25 -26 -27 27 29 -30 -31
leaf_value=-0.045264969310041619 -0.023651505577932233 0.029040989337289564 0.0074242478335990363 -0.003827742791001316 0.016042559708402251 -0.030829729286333835 -0.025621932836059947 -0.0024041263660901507 0.0055848126893127291 -0.033453952036703143 0.029056329795013769 0.091239073829859921 -0.028208825475693245 -0.012454838853023746 -0.032227002746657567 -0.011545889709029471 0.0074455972724823856 -0.0048137829208527248 0.058318997383088704 -0.014772674542278161 0.040086206215403021 0.082104536616769586 0.0051820288876691673 -0.013183934464359649 0.025790453577236978 -0.011138318558841013 -0.023315488732356879 0.079031447931242213 0.00073333417702248075 -0.0026000816810759814
leaf_weight=388.09717661119066 298.00466700294055 19.113942948810291 178.82731111318571 88.004853777587414 107.35012546926737 289.72335845290218 24.517898050544318 62.127151352469809 390.0792443639366 139.01178431755397 60.510646828974131 95.457144901913125 60.007183323614299 34.031923144008033 160.80966144578997 17.788415030576289 1238.0267590015428 106.02071014582179 174.36454283818603 130.10422213294078 233.09817416768055 31.34439165960066 131.22572435403708 470.20061607717071 107.48749869776657 13.712855025427414 22.41136087058112 44.199209057085682 17.138080167293083 18.232369500445202
leaf_count=548827 152706 9219 28986 16292 2758 75444 8793 3664 29845 34561 3151 8129 1215 1551 88278 3540 79737 2703 7337 7587 6367 3386 1867 46977 5888 1112 4556 8145 3405 3669
internal_value=-0.00018516 0.00357521 0.00548181 0.00681643 0.00244453 -0.0168687 0.0136805 0.00668065 0.00353986 -0.00561938 0.0235282 0.0388433 0.0144383 0.0205127 -0.0246996 0.0556864 0.0117851 0.0265735 0.0395473 0.000607647 0.0341817 0.0197515 0.0246725 -0.00744428 0.0431669 0.0504035 0.0620084 0.0339635 0.0786467 0.0510731
internal_weight=5151.03 4762.93 4464.93 4285 2640.35 468.551 1644.65 2171.8 823.667 529.091 820.984 303.231 517.752 457.745 179.924 215.227 1594.25 356.225 250.205 190.615 267.13 294.576 270.058 577.551 138.832 188.077 197.438 84.8429 112.595 62.4316
internal_count=1199695 650868 498162 400665 248718 104430 151947 144288 84340 64406 67607 47736 19871 18656 97497 31444 94553 14816 12113 10738 7918 19934 11141 49735 9274 8449 27904 16370 11534 11814
cat_boundaries=0 29 30 62 88 114 146 172 195 218 241 267 283
cat_threshold=231 0 0 8384 0 0 133120 0 0 4096 0 0 0 0 0 536870912 0 0 0 0 0 1342177280 8 0 0 992 0 0 16064 4 528 0 0 0 0 0 66048 0 0 3670016 0 0 41746432 0 0 22020096 0 0 419430400 1 0 536870912 0 0 0 3 0 0 16 0 0 60928 16 0 0 5680 0 0 78848 0 0 1294336 0 0 2621440 0 0 33554432 0 0 3758096384 0 0 2147483648 37 0 0 12 536 0 0 7984 0 0 104192 0 0 1245184 0 0 4259840 0 0 4194304 0 0 3774873600 0 0 536870912 0 0 0 1 776 0 0 2304 0 0 16384 0 0 8192 0 0 65536 0 0 0 0 0 285212672 0 0 0 2 0 0 2 0 0 0 0 0 256 8 0 0 0 0 0 0 0 0 0 0 0 0 0 0 79691776 0 0 0 0 0 536870912 0 0 0 1 0 0 0 0 0 0 0 0 0 286720 0 0 58851328 0 0 1048576 0 0 268435456 3 0 0 53 0 0 0 4096 0 0 1024 0 0 1179648 0 0 2097152 0 0 0 0 0 2684354560 0 0 0 4 0 0 0 0 0 0 65536 0 0 65536 0 0 2097152 0 0 0 0 0 536870912 0 0 0 32 776 0 0 0 0 0 0 0 0 524288 0 0 13893632 0 0 293601280 0 0 369098752 3 0 0 2 0 0 3 0 0 0 1072 0 0 13312 0 0 212992 0 0 2621440 0 0 33554432
is_linear=0
shrinkage=0.05


Tree=44
num_leaves=31
num_cat=1
split_feature=14 29 16 10 14 16 18 14 16 6 12 0 34 40 34 36 34 0 18 26 14 10 18 43 16 14 29 15 36 16
split_gain=343.476 82.3975 50.3424 92.1749 91.4349 49.5933 41.6514 37.5706 77.1403 50.8447 35.235 35.6022 43.7586 33.7252 30.774 30.1073 29.1902 27.5738 25.2585 23.7196 22.9282 32.1133 22.7299 26.1153 21.2869 20.4379 35.4842 32.3771 43.0498 23.2412
threshold=3.6884715557098393 0.36772537231445318 3.6761901378631596 4.0283563137054452 6.8874225616455087 6.6918256282806405 11.8972544670105 13.078275203704836 11.887029170989992 0 12.282576084136965 25.250000000000004 0.31350708007812506 11.367841243743898 -2.8141784667968746 143.77783966064456 4.1520385742187509 13.250000000000002 13.017503261566164 8.3485565185546893 7.0744469165802011 9.5395026206970233 6.099673032760621 4.3253898620605478 3.2419924736022954 19.765616416931156 0.99081802368164074 22.823873519897464 222.58042907714847 15.357681751251222
decision_type=2 2 10 2 2 10 2 2 10 1 2 2 2 2 2 2 2 2 2 2 2 2 2 2 8 2 2 10 2 10
left_child=-1 19 3 22 16 6 13 9 15 10 11 12 14 -6 -7 18 -4 -11 -9 24 -5 -22 23 -3 -2 29 -27 28 -28 -10
right_child=1 2 4 20 5 7 -8 8 25 17 -12 -13 -14 -15 -16 -17 -18 -19 -20 -21 21 -23 -24 -25 -26 26 27 -29 -30 -31
leaf_value=-0.045316225104533772 0.015673795053866398 0.14334048739924424 -0.027658867812846627 -0.011337952121878599 0.059049171191962103 -0.0034447759784213086 -0.0023406374064448322 0.050878089554570155 0.0092964219178286161 -0.03392415641815507 -0.021316068833298313 0.041443461788573444 -0.031976911511806497 0.013622039745104767 0.023482107740923533 0.00054901034442302033 0.051221299291178468 -0.0070454037888655306 0.0039140976128427011 0.034914588165243475 0.041946142514373945 -0.0054738173011785627 0.023593291879560045 0.019383121774579581 -0.031279173730967808 0.0010086898709482518 0.055615440564002562 0.011097450721277831 -0.0020370611863464358 -0.0051292079097373516
leaf_weight=371.38381997402757 20.920687351375818 13.827997440064793 244.22663806081982 66.638025576947257 94.653246868518181 176.6440863921307 82.339199713314883 159.40202375070658 450.33797505323309 106.68492965615587 80.038921187864617 79.752844854607247 53.865325007063802 79.598301305784844 247.42538195452653 53.566555451485328 3.3328951300936742 574.87052282498917 36.56482421758119 8.2225128633435798 77.398035085992888 56.855196820222773 17.028242714412045 9.5186003285343741 220.2181687077973 536.4072189675644 99.419708351022564 386.47879318706691 45.012038686661981 699.69698675302789
leaf_count=549528 8148 3744 127959 7310 7144 15954 2201 4234 29608 44937 10605 8689 12186 3932 24576 1461 2176 77819 738 2922 1548 1911 2181 1311 128677 38617 2906 13113 1107 63021
internal_value=0.000351739 0.00398641 0.00554406 0.0273124 0.00425925 0.00608594 0.0269479 0.00460485 0.00823604 -0.0021959 0.00784539 0.0124706 0.00688561 0.0401636 0.0124449 0.0340457 -0.0246494 -0.011516 0.0427307 -0.0234428 0.0115279 0.0228768 0.0879712 0.11377 -0.0267437 0.00519169 0.0101404 0.0191774 0.0386796 0.000551115
internal_weight=5152.33 4780.95 4531.58 241.266 4290.32 4042.76 256.591 3786.17 2466.89 1319.28 637.727 557.688 477.935 174.252 424.069 249.533 247.56 681.555 195.967 249.361 200.891 134.253 40.3748 23.3466 241.139 2217.35 1067.32 530.911 144.432 1150.03
internal_count=1200263 650735 510988 18005 492983 362848 13277 349571 154805 194766 72010 61405 52716 11076 40530 6433 130135 122756 4972 139747 10769 3459 7236 5055 136825 148372 55743 17126 4013 92629
cat_boundaries=0 1
cat_threshold=10
is_linear=0
shrinkage=0.05


Tree=45
num_leaves=31
num_cat=12
split_feature=14 5 29 5 6 14 5 31 5 5 5 12 5 41 7 5 31 3 5 29 36 13 21 27 45 29 5 29 38 5
split_gain=328.054 85.4148 62.385 41.7188 36.4802 94.8419 74.4923 57.4372 76.2757 67.1245 49.6122 39.9853 36.0325 31.5283 30.8767 38.5599 30.0096 29.3918 45.9719 31.9583 61.7801 54.1388 33.2862 28.2191 27.7371 26.983 40.079 26.6649 25.6544 24.6685
threshold=3.6884715557098393 0 0.31861495971679693 1 2 11.768770694732668 3 81.917297363281264 4 5 6 13.701847553253176 7 13.215741634368898 1.5000000000000002 8 95.04693984985353 97.473678588867202 9 0.95415115356445324 53.196430206298835 12.06181859970093 8.6578354835510272 1001.3155517578126 25.545130729675297 0.99631118774414074 10 0.99631118774414074 -8.701197147369383 11
decision_type=2 9 2 9 1 2 9 2 9 9 9 2 9 2 2 9 2 2 9 2 2 2 2 2 2 2 9 2 2 9
left_child=29 -2 3 -3 5 6 -4 9 24 -6 -7 14 16 -14 15 -11 -10 18 19 20 -12 22 -22 -24 -9 -19 -27 -17 -25 -1
right_child=1 2 4 -5 7 10 -8 8 12 11 17 -13 13 -15 -16 27 -18 25 -20 -21 21 -23 23 28 -26 26 -28 -29 -30 -31
leaf_value=0.018846034635524221 -0.021832094130068837 0.020669393666719039 0.0087853021451912913 -0.032636711770512881 -0.012320168666623884 0.025458132844186673 -0.025287145196280048 -0.026349346623587247 0.038872113121503314 0.04331605831852664 -0.014052440951204045 -0.0076522192156659799 0.010548263813671027 -0.024951982578972961 0.051644363127940129 -0.029322949972455298 -0.019882952222489061 0.003828134978350742 -0.02034594849509801 -0.0025728633094920725 -0.00085975413223631316 0.0095392009908906814 -0.0033380804778514227 -0.0064953789787139532 0.023302368066838049 0.043557808623677051 0.0079010663312436853 0.045913339492987953 0.13383707011895155 -0.046741422325155657
leaf_weight=9.7658552946522814 281.71514382882742 35.003455368161667 243.57316186797107 145.28320006880676 82.302450123301242 342.05187097238377 418.55945198045811 190.23668890155386 177.43880892515881 36.681900819647126 56.665279088832904 41.666850154171698 741.33710034925025 58.770095042476896 242.71091232594335 46.837168573576491 18.418741741741542 593.89257339574397 227.97707089292817 321.63490247284062 8.6484701164299604 47.211169699439779 4.5851231631822911 2.6222134954296079 24.812125933822244 111.17094122001436 252.0692113218829 5.4325971070211372 22.662176154786721 344.6484745448106
leaf_count=9710 149492 16196 33667 86236 26509 20060 91864 28970 9396 6509 7650 4615 32931 4874 27966 7681 446 35405 24057 18957 747 4362 181 577 302 3006 7535 248 1331 538932
internal_value=0.000501938 0.00397882 0.00567522 -0.0223737 0.00690787 0.00319932 -0.0130545 0.012663 0.00693321 0.0276882 0.00865843 0.0359823 0.0127273 0.00757139 0.0425808 0.0151303 0.0311367 0.00485879 -0.00294148 0.00615746 0.0251561 0.0498328 0.087075 0.106365 -0.0189956 0.0105207 0.0210673 -0.0132569 0.121567 -0.0452321
internal_weight=5136.39 4781.97 4500.26 180.287 4319.97 2653.32 662.133 1666.65 1211.01 455.632 1991.19 373.329 995.965 800.107 331.663 88.9517 195.858 1649.14 692.006 464.029 142.394 85.7292 38.518 29.8695 215.049 957.133 363.24 52.2698 25.2844 354.414
internal_count=1200412 651770 502278 102432 399846 249399 125531 150447 76919 73528 123868 47019 47647 37805 42404 14438 9842 103808 57862 33805 14848 7198 2836 2089 29272 45946 10541 7929 1908 548642
cat_boundaries=0 29 61 62 94 123 155 184 210 239 259 282 289
cat_threshold=743 0 0 8384 0 0 2048 0 0 4096 0 0 0 0 0 536870912 0 0 0 0 0 1342177280 8 0 0 992 0 0 16256 8 0 0 4096 0 0 65536 0 0 1048576 0 0 33554432 0 0 79691776 0 0 134217728 0 0 536870912 0 0 0 1 0 0 0 0 0 26880 4 16 0 0 0 0 0 82432 0 0 2097152 0 0 56164352 0 0 202375168 0 0 318767104 1 0 2684354560 0 0 0 7 0 0 48 0 0 60928 0 0 0 304 0 0 229376 0 0 3940352 0 0 30670848 0 0 497025024 0 0 201326592 3 0 0 0 0 0 6 0 0 96 16 0 0 7168 0 0 1280 0 0 524288 0 0 66846720 0 0 328204288 0 0 117440512 3 0 0 16 0 0 3 0 0 32 0 0 768 0 0 0 0 0 0 0 0 0 573440 0 0 1310720 0 0 271581184 0 0 33554432 0 0 0 18 0 0 28 0 0 32 0 0 0 4096 0 0 1024 0 0 65536 0 0 2097152 0 0 0 0 0 3758096384 0 0 0 4 0 0 8 8 0 0 272 0 0 238080 0 0 1048576 0 0 65536 0 0 2097152 0 0 134217728 0 0 2147483648 6 0 0 4 0 0 80 0 0 0 16 0 0 58880 0 0 2490368 0 0 12779520 0 0 201326592 0 0 268435456 1 0 0 0 0 0 0 0 0 0 73728 0 0 17301504 0 0 0 0 0 3288334336 0 0 0 1 0 0 0 768 0 0 16384
is_linear=0
shrinkage=0.05


Tree=46
num_leaves=31
num_cat=10
split_feature=10 5 39 5 22 5 5 28 5 16 43 5 10 32 5 38 7 5 28 5 5 32 19 1 1 39 15 1 39 1
split_gain=317.197 85.0449 47.2813 66.7065 48.569 55.6062 41.9184 36.1698 40.2444 29.669 40.6225 32.5024 30.8012 30.3544 29.8782 28.5138 27.5819 23.3941 22.956 72.5869 36.9992 34.8953 28.9481 25.4378 24.689 28.1687 25.8513 23.8543 22.8509 21.5026
threshold=2.1044660806655888 0 0.47636073827743536 1 0.024318695068359378 2 3 1010.1353149414064 4 9.8526749610900897 17.208576202392582 5 4.3126955032348642 262.33525085449224 6 -4.3224215507507315 1.5000000000000002 7 1007.3946838378907 8 9 690.18719482421886 3.564171671867371 73.750000000000014 90.750000000000014 3.3204261064529423 11.22474527359009 93.750000000000014 3.5765897035598759 91.250000000000014
decision_type=2 9 2 9 2 9 9 2 9 10 2 9 2 2 9 2 2 9 2 9 9 2 2 2 2 2 8 2 2 2
left_child=-1 -2 3 -3 5 16 9 18 -9 10 11 12 -6 17 -15 -13 -4 -11 20 21 22 24 23 -8 25 -20 -27 -26 -18 -16
right_child=1 2 4 -5 6 -7 7 8 -10 13 -12 15 -14 14 29 -17 28 -19 19 -21 -22 -23 -24 -25 27 26 -28 -29 -30 -31
leaf_value=-0.044786725310365955 -0.027295793739435366 0.073227250204563582 -0.024894700720516364 -0.014980027193754273 -0.004207038169781332 -0.033546222545850567 0.051246930568559369 0.016653643584686847 -0.032445771663589522 -0.013448753117022365 -0.0072544208121338551 -0.02232975560830688 0.053357911135488691 -0.0097018963076774874 0.0062767065010390245 0.020903118554397686 0.063401702671328455 0.026980013713329937 0.0067253326039321036 -0.019284501125511219 0.0059880135326438868 -0.01082590252189488 -0.01093416523608708 -0.024118149929572088 -0.0067725243285641588 0.076968986069553783 0.027063985090564846 0.036401937136955671 -0.014583540200473975 0.039450202175908326
leaf_weight=351.76627189008286 191.42249581823125 36.879881739383563 12.372716455894986 30.668627663864754 25.419254258507863 141.89596858806908 26.050286966201384 46.779529868508689 127.80019072274445 33.160196200245991 97.110281065688469 37.612015488266479 155.0660634242231 297.39386447682045 701.54117008112371 208.83409583155299 26.836520770331845 230.20336270239204 44.357685106166173 116.49090557155432 1167.2969157120679 53.100747559394222 670.20811908214819 9.2346725888201018 68.846660435840022 59.822454824345186 68.503263903665356 45.906348090153188 8.2906797128380258 43.232113956066314
leaf_count=546212 119124 5745 4456 9046 11702 68418 533 6455 38600 2603 3487 9787 16485 28107 50644 33036 5937 10135 6927 30687 83772 11006 60572 4397 8918 2831 4672 7669 2736 5277
internal_value=0.000359859 0.00376716 0.00516696 0.0439227 0.004504 -0.0196554 0.00560259 0.00135573 -0.0199554 0.0113081 0.021333 0.0278527 0.0431881 0.00723843 0.00331395 0.0131777 0.022397 0.0220788 0.00303689 0.0129546 0.000560659 0.0240817 -0.0083446 0.0305523 0.0314873 0.0430491 0.054211 0.0120326 0.0458428 0.00858575
internal_weight=5134.1 4782.34 4590.91 67.5485 4523.37 189.396 4333.97 2504.4 174.58 1829.57 524.042 426.931 180.485 1305.53 1042.17 246.446 47.4999 263.364 2329.82 457.028 1872.79 340.537 705.493 35.285 287.436 172.683 128.326 114.753 35.1272 744.773
internal_count=1199976 653764 534640 14791 519849 81547 438302 267039 45055 171263 74497 71010 28187 96766 84028 42823 13129 12738 221984 72710 149274 42023 65502 4930 31017 14430 7503 16587 8673 55921
cat_boundaries=0 29 55 84 110 139 165 191 207 236 265
cat_threshold=103 0 0 8192 0 0 2304 0 0 4096 0 0 0 0 0 0 0 0 0 0 0 1879048192 8 0 0 992 0 0 16256 16 0 0 896 0 0 254464 0 0 3416064 0 0 54132736 0 0 31457280 0 0 1275068416 0 0 2147483648 0 0 0 6 8 0 0 4096 0 0 0 0 0 8192 0 0 65536 0 0 1048576 0 0 3221225472 2 0 0 1 0 0 0 0 0 16 24 0 0 304 0 0 21504 0 0 1294336 0 0 39911424 0 0 470810624 0 0 1879048192 0 0 2147483648 38 0 0 15 512 0 0 128 0 0 0 0 0 262144 0 0 0 0 0 4194304 0 0 2147483648 0 0 0 0 0 0 0 0 0 16 16 0 0 304 0 0 4096 0 0 1245184 0 0 2097152 0 0 201326592 0 0 268435456 0 0 0 0 0 0 5 0 0 0 48 0 0 0 0 0 1048576 0 0 2097152 0 0 68157440 0 0 1342177280 0 0 0 38 0 0 13 8 0 0 0 0 0 4096 0 0 1294336 0 0 4194304 0 0 469762048 384 0 0 3584 0 0 238080 0 0 2105344 0 0 0 0 0 4194304 0 0 2281701376 1 0 0 17 0 0 16 0 0 64 128 0 0 7808 0 0 229888 0 0 8192 0 0 0 0 0 12582912 0 0 2348810240 0 0 0 0 0 0 16 0 0 16
is_linear=0
shrinkage=0.05


Tree=47
num_leaves=31
num_cat=2
split_feature=14 14 16 6 1 37 27 27 13 33 31 38 41 10 33 10 14 16 1 14 27 41 6 27 32 16 40 14 16 10
split_gain=299.252 43.7813 129.372 80.2317 63.6884 55.58 55.2482 50.3233 48.834 39.0049 30.8327 27.6335 27.4899 37.5956 25.8907 25.285 26.7233 38.242 23.9934 23.1599 21.7321 24.8594 30.9128 34.1306 25.1305 20.5727 19.9746 20.3899 38.3719 51.2483
threshold=4.1653075218200692 13.078275203704836 11.74850368499756 0 81.750000000000014 0.31900405883789068 1007.9839172363282 1010.5889892578126 9.6638875007629412 16.799807548522953 82.110492706298842 -11.142808914184569 7.6257028579711923 5.5998270511627206 19.670975685119632 12.345773220062258 7.1674523353576669 9.2224397659301776 87.250000000000014 8.8260250091552752 1011.4725036621095 4.2001323699951181 1 1003.6727905273439 303.17889404296881 4.0992953777313241 1.9776309728622439 18.81732273101807 16.526888847351078 24.478977203369144
decision_type=2 2 8 1 2 2 2 2 2 2 2 2 2 2 2 2 2 10 2 2 2 2 1 2 2 10 2 2 8 2
left_child=-1 3 10 4 5 -2 -6 8 12 15 11 -3 13 25 26 16 -5 19 -15 -18 21 22 -11 -24 -23 -8 -4 -28 29 -29
right_child=1 2 14 9 6 -7 7 -9 -10 20 -12 -13 -14 18 -16 -17 17 -19 -20 -21 -22 24 23 -25 -26 -27 27 28 -30 -31
leaf_value=-0.04290093414417645 0.015027913648961567 -0.007210241656599412 0.040826842915680589 -0.017886240224766242 -0.034759092379731862 0.089620584306988771 0.049559284113796509 -0.014208658815471484 -0.017600499013010893 0.023447966774348614 0.026233286422471986 0.072964063223469766 -0.018036993363329274 -0.0065160012885075074 -0.018377232840809714 -0.019605638058352942 0.00082674578912394256 -0.0043316639850096358 0.11008563007019329 0.024423899474619752 -0.039936362052058201 0.028337317558521081 0.014329479202595556 -0.038765595945826979 -0.024733943243642212 -0.010654015504411495 -0.00097803031273076485 0.072039837698130285 0.0062407833695098964 -0.0087870083328367484
leaf_weight=361.29096682131058 56.686482733639423 10.461834947578607 28.260728729888797 139.99562976899324 53.586724586493801 42.887192629859783 21.616307588119525 64.157121948082931 24.406064807146322 75.485234577558003 253.68119822489098 69.666067959158681 7.1471429625526062 3.7567338736262164 116.0244329975103 148.20433405833319 167.33691379416268 519.87333656457486 29.425018545065541 267.80292847170494 78.01205736992415 15.978089297830591 47.477215622377116 57.593382963037584 276.97379412554437 20.425678961386438 994.12206628627609 41.607909289305098 1107.2888732220745 28.457371432683431
leaf_count=585488 23326 1021 3105 49170 9790 8513 796 20595 6114 12395 4769 1851 2262 1006 30670 9266 23720 69218 3689 10854 52881 2849 6811 34204 74722 11410 78250 1470 59343 674
internal_value=0.00033936 0.00369851 0.00797088 -0.0016564 0.0205072 0.0524025 0.00560495 0.0194805 0.0392061 -0.0058315 0.0365972 0.0628576 0.0561208 0.0644564 0.00370489 -0.000916161 0.00176791 0.0048045 0.0984325 0.0155718 -0.0168017 -0.012243 0.00232087 -0.0143653 -0.0209995 0.0238793 0.00494749 0.00429553 0.0087191 0.0422143
internal_weight=5129.69 4768.4 2649.57 2118.83 324.094 99.5737 224.521 170.934 106.777 1794.73 333.809 80.1279 82.3709 75.2237 2315.76 1243.21 1095.01 955.013 33.1818 435.14 551.52 473.508 180.556 105.071 292.952 42.042 2199.74 2171.48 1177.35 70.0653
internal_count=1200232 614744 181153 433591 87501 31839 55662 45872 25277 346090 7641 2872 19163 16901 173512 162228 152962 103792 4695 34574 183862 130981 53410 41015 77571 12206 142842 139737 61487 2144
cat_boundaries=0 1 2
cat_threshold=3 8
is_linear=0
shrinkage=0.05


Tree=48
num_leaves=31
num_cat=1
split_feature=14 30 16 14 19 35 41 29 0 1 34 26 0 40 1 34 41 1 6 24 7 23 33 41 1 41 29 24 36 14
split_gain=276.324 62.6496 49.468 74.6633 54.2606 28.4595 27.926 38.3157 38.0253 42.5106 29.5116 29.0375 47.6416 28.9756 31.2233 44.3751 29.9405 27.2778 27.0387 26.1137 23.5191 25.747 35.299 27.4317 23.4512 23.4343 24.0334 26.5722 30.2214 22.6791
threshold=4.1653075218200692 9.1875000000000018 4.2895412445068368 6.8874225616455087 4.2106308937072763 5.7930946350097665 3.8036607503890996 0.70127105712890636 15.250000000000002 91.750000000000014 0.51031494140625011 8.3485565185546893 11.250000000000002 8.6338067054748553 78.250000000000014 -5.8388061523437491 6.6370487213134775 82.250000000000014 0 30.943328857421879 1.5000000000000002 27.77475738525391 13.46246385574341 5.1911523342132577 83.750000000000014 10.283183574676515 0.98649215698242199 30.245117187500004 29.412747383117679 9.7709031105041522
decision_type=2 2 10 2 2 2 2 2 2 2 2 2 2 2 2 2 2 2 1 2 2 2 2 2 2 2 2 2 2 2
left_child=-1 -2 4 -4 5 -3 8 11 18 -10 19 -8 17 14 15 16 -9 -13 -5 -11 -16 24 -23 -24 -22 26 27 28 -25 -15
right_child=1 2 3 6 -6 -7 7 13 9 10 -12 12 -14 29 20 -17 -18 -19 -20 -21 21 22 23 25 -26 -27 -28 -29 -30 -31
leaf_value=-0.04231841195863735 -0.032172491608933138 0.073717935069733134 -0.025105293374864286 0.0057117109360105989 0.0091017958687439546 0.013053439222098149 -0.018420139351406142 0.043052069699661452 0.016066752817639033 0.10426785307287434 -0.016693723670142109 0.11039213112473351 -0.015695444468082933 -0.017261926911892975 0.0030010267247135309 -0.031997766382075521 -0.0090907517164610895 -0.011031628728862009 -0.032621061722453416 -0.0067712893793663012 0.032516928620832636 0.0054171165467278909 -0.011467258105987605 0.0083070671029141646 0.0016210214477087202 0.0058749757163260455 0.0078383651943904134 0.028475235976906446 0.11451547637357953 0.0025712516887977754
leaf_weight=346.31049544876441 111.31634709605714 54.845800289942417 217.20721059280913 162.98641604394652 228.90164511650801 34.792079871578608 302.90610286203446 41.981242595531512 462.32570021809079 20.905012570961851 4.9630409189267075 6.7793354230234382 25.73178448312683 144.77236472157529 217.07080519205192 80.104398431314621 52.538079675636254 4.0866077529499307 42.119064967846498 4.9844434122205703 83.438714174204506 66.47356693452457 12.838250971923115 9.6531480261473899 182.53971314686351 20.783101768814959 17.247657640837133 31.675758656812832 39.524676871718839 2095.953336976585
leaf_count=585658 64637 7102 121142 14987 16302 2742 86108 3683 34802 2417 2117 1316 4724 19758 25879 16410 3760 1593 19543 1440 5613 6879 2532 2386 21452 2211 2665 3747 4323 112267
internal_value=0.000162383 0.00332108 0.00423403 0.00281466 0.0229483 0.0538449 0.00433853 0.00246709 0.0133826 0.0207876 0.0702808 -0.0132407 0.0243806 0.00422634 0.0119952 -0.00657422 0.015972 0.0813243 -0.0045616 0.0869597 0.0167813 0.0230265 0.036351 0.0504779 0.0121403 0.0575381 0.0669271 0.0772818 0.0985944 0.00121884
internal_weight=5127.76 4781.45 4670.13 4351.59 318.54 89.6379 4134.38 3436.1 698.284 493.178 30.8525 339.504 36.5977 3096.59 855.869 174.624 94.5193 10.8659 205.105 25.8895 681.245 464.175 198.196 131.723 265.978 118.884 98.1012 80.8536 49.1778 2240.73
internal_count=1200195 614537 549900 523754 26146 9844 402612 327306 75306 40776 5974 93741 7633 233565 101540 23853 7443 2909 34530 3857 77687 51808 24743 17864 27065 15332 13121 10456 6709 132025
cat_boundaries=0 1
cat_threshold=10
is_linear=0
shrinkage=0.05


Tree=49
num_leaves=31
num_cat=11
split_feature=20 5 30 5 27 5 34 5 5 37 5 32 12 35 24 5 5 26 33 34 13 28 27 12 45 5 5 5 36 20
split_gain=193.312 88.9006 54.8005 39.3291 42.1447 93.4011 47.0072 114.894 45.4845 38.9712 37.0138 35.726 34.2595 30.1908 31.0401 45.6682 40.6026 40.0979 59.3136 37.1298 28.7366 28.4591 26.4158 26.0731 39.5543 33.5685 25.5859 25.1007 28.3608 25.0969
threshold=2.2973366975784306 0 12.062500000000002 1 1010.5417785644532 2 -1.4902648925781248 3 4 27.28986740112305 5 624.12799072265636 7.6024873256683358 25.6037712097168 28.926223754882816 6 7 8.3485565185546893 17.10278415679932 -4.2999572753906241 16.941937446594242 1009.6028137207032 1012.2069702148439 11.147567272186281 22.402622222900394 8 9 10 222.58042907714847 4.0125150680542001
decision_type=2 9 2 9 2 9 2 9 9 2 9 2 2 2 2 9 9 2 2 2 2 2 2 2 2 9 9 9 2 2
left_child=10 -2 26 13 6 12 8 11 9 -5 -1 -8 22 14 16 -16 17 21 -19 -20 -11 -4 -6 -10 25 -25 -3 -26 -29 -23
right_child=1 2 3 4 5 -7 7 -9 23 20 -12 -13 -14 -15 15 -17 -18 18 19 -21 -22 29 -24 24 27 -27 -28 28 -30 -31
leaf_value=0.020967165548945073 -0.027946213308373158 0.020418591951109812 0.038496678613110132 -0.011686748150424846 0.072874237320568511 -0.031532327311997337 0.055172621542165824 -0.022446699340623308 0.011778510983482531 -0.0047954741279478711 -0.042754200171840243 0.0049834191544997457 -0.010285594848825618 -0.0023153017495374738 -0.018185763346042556 0.01630474155876023 0.010932963259796825 0.02262644858176964 -0.0097616179227297574 0.1637566967885675 0.043271925719877563 0.044418386724174953 0.0083710957220143635 -0.029418887364094478 -0.0043609872844022927 -0.00057845787328064571 -0.034015725743223153 0.049369565967268658 -0.0025033311296741891 -0.022696667711560065
leaf_weight=17.294204533740412 206.66780945006758 15.348274828516876 155.13745347590884 745.73935137200169 30.13458104711026 223.47586873621913 152.53634276689263 88.35114097094629 997.41958853695542 60.031832414679229 267.56573216622928 48.061310689081438 38.860472152940929 264.70469992014114 121.32095934054814 286.98357552749803 337.54163992212852 27.462095533730462 2.3563543747295617 10.868176868534645 50.764045632444322 9.5118979062535782 31.113667863945011 110.33660729177063 77.778081763535738 462.22866315906867 109.33856803033268 77.026214525103569 36.459555729757994 39.097551904793363
leaf_count=19582 147002 9146 11907 94876 5986 64922 13075 19339 101557 1674 437030 9487 2903 7496 16801 46577 43331 1544 223 1230 1007 3913 8850 9971 1269 26164 84184 989 591 7513
internal_value=0.000257982 0.00265844 0.00413951 0.00508167 0.00211719 -0.0147218 0.00404305 0.0228292 0.00189047 -0.00745959 -0.0390446 0.0419628 0.0230323 0.0125195 0.0165935 0.00582174 0.0239248 0.0387769 0.0817636 0.141948 0.0189869 0.0285832 0.045881 0.0064597 -0.000464667 -0.00706068 -0.0273062 0.0186508 0.0313153 -0.00422566
internal_weight=5101.52 4816.66 4609.99 4485.3 3230.32 323.585 2906.73 288.949 2617.78 856.535 284.86 200.598 100.109 1254.98 990.28 408.305 581.975 244.434 40.6866 13.2245 110.796 203.747 61.2482 1761.25 763.829 572.565 124.687 191.264 113.486 48.6094
internal_count=1200139 743527 596525 503195 362660 82661 279999 41901 238098 97557 456612 22562 17739 140535 133039 63378 69661 26330 2997 1453 2681 23333 14836 140541 38984 36135 93330 2849 1580 11426
cat_boundaries=0 29 58 87 106 135 158 184 210 229 261 284
cat_threshold=39 0 0 8320 0 0 133120 0 0 4096 0 0 0 0 0 536870912 0 0 0 0 0 1073741824 12 0 0 992 0 0 16256 24 0 0 48 0 0 16384 0 0 65536 0 0 36700160 0 0 353370112 0 0 1342177280 0 0 2147483648 34 0 0 14 0 0 96 0 0 0 256 0 0 65536 0 0 1310720 0 0 16777216 0 0 12582912 0 0 2281701376 0 0 0 0 0 0 16 0 0 16 640 0 0 7936 0 0 45056 0 0 3448832 0 0 0 0 0 8388608 0 0 536870912 640 0 0 6912 0 0 102400 0 0 1351680 0 0 0 0 0 12582912 0 0 2281701376 0 0 536870912 0 0 0 16 0 0 16 0 0 0 256 0 0 0 0 0 16384 0 0 0 0 0 0 0 0 0 0 0 2147483648 4 8 0 0 0 0 0 16384 0 0 65536 0 0 1048576 0 0 0 0 0 0 0 0 0 2 0 0 4 8 0 0 0 0 0 16384 0 0 65536 0 0 1048576 0 0 0 0 0 0 0 0 0 2 0 0 12 0 0 0 1088 0 0 8704 0 0 0 0 0 0 0 0 167772160 0 0 67108864 88 0 0 768 0 0 0 0 0 0 0 0 0 0 0 0 0 0 1140850688 0 0 0 1 0 0 0 0 0 0 0 0 1024 0 0 0 0 0 0 1536 0 0 2637824 0 0 4980736 0 0 2097152 0 0 536870912 2 0 0 1
is_linear=0
shrinkage=0.05


Tree=50
num_leaves=31
num_cat=1
split_feature=10 18 6 36 29 10 20 27 16 32 0 33 27 27 13 19 37 15 33 18 43 30 43 0 0 15 36 18 36 19
split_gain=254.733 58.0017 57.745 69.8602 80.6464 64.4507 47.3561 40.454 32.8207 28.3242 26.7788 25.7135 29.7817 25.2714 27.3418 24.6326 23.9748 23.6328 22.0526 21.4876 22.1621 30.0575 18.9687 18.8561 18.4622 17.0216 16.7719 16.5799 15.4316 15.3327
threshold=1.9123621582984927 2.3885242938995366 0 18.7067985534668 0.87722396850585949 3.9693466424942021 4.4037487506866464 1010.2041320800782 13.002878189086916 903.89282226562511 34.250000000000007 19.512383460998539 1001.3155517578126 1008.2589721679689 11.33493757247925 10.143204212188722 -5.6920051574707022 2.5378260612487797 15.586368083953859 7.1623642444610605 0.029087066650390628 1444.0625000000002 4.2490959167480478 10.250000000000002 23.250000000000004 3.4052482843399052 10.289669036865236 5.0767147541046151 23.8795280456543 1.7374165654182436
decision_type=2 2 1 2 2 2 2 2 10 2 2 2 2 2 2 2 2 10 2 2 2 2 2 2 2 10 2 2 2 2
left_child=28 -2 3 8 -5 -4 16 13 10 11 19 -7 24 -8 25 -11 -6 -18 -17 20 -3 22 29 -19 -13 -15 -20 -27 -1 -22
right_child=1 2 5 4 6 9 7 -9 -10 15 -12 12 -14 14 -16 18 17 23 26 -21 21 -23 -24 -25 -26 27 -28 -29 -30 -31
leaf_value=-0.046444533220539354 -0.040805302720850839 0.005927688597861169 -0.027242308996816473 -0.01793141256494651 -0.0050598330117846164 0.0049875777029994434 -0.017428926833158772 -0.026388227428884539 -0.012541373552299992 -0.030707001094448114 -0.010062168303328581 0.0557390459340837 -0.017778543797442915 -0.0031298875757168367 -0.0071970395725749446 -0.012996328124470003 -0.0060010043879907297 -0.0016586547040185922 -0.014407624026397975 0.0078784757850743296 -0.0060290929232241748 0.0044660399107702593 0.0027037409546074326 0.093222346437738704 -0.0018311124131393155 -0.0067338952321365168 0.053897952792497018 0.087342214166317295 0.024388718631191412 0.12648477663374488
leaf_weight=282.79492240463151 65.297790264565265 8.7179934421437775 174.23454685736215 139.95613677432993 9.9611075979191792 3715.2702509866212 15.211617430963086 40.162514593219385 11.299423998512792 103.75096563022817 7.5082837931404347 14.354702356737105 232.88648693665164 7.0142043009400359 15.795794419595039 57.172781685134396 6.879767350445035 5.4331626392086028 7.9697945375810404 11.973658380273262 1.3622824607009523 8.2876788411231228 4.1104309349902897 42.448382639093325 31.100550988689065 3.8022304026526426 18.882967187615577 27.091457835922483 2.0922787401650558 36.760224238416413
leaf_count=520878 61702 6487 121300 41189 1256 287206 1568 5463 5146 22580 6230 915 67755 156 1201 4275 386 1025 1845 1285 807 4865 1502 3156 4197 1179 2306 2411 2125 17367
internal_value=8.77092e-07 0.00275266 0.00343457 0.0210578 0.00962833 0.00170423 0.0315895 0.00961296 0.058054 0.00297659 0.0684585 0.00388253 -0.0105289 0.031279 0.0456457 -0.0155131 0.0623838 0.0735388 0.00451825 0.076957 0.0877651 0.0985743 0.112651 0.0840296 0.0231222 0.0645709 0.0352166 0.0769485 -0.0451149 0.121481
internal_weight=5109.58 4824.7 4759.4 403.776 313.756 4355.62 173.8 109.078 90.02 4181.39 78.7206 3993.61 278.342 68.9153 53.7037 187.777 64.7224 54.7613 84.0255 71.2123 59.2386 50.5206 42.2329 47.8815 45.4553 37.9079 26.8528 30.8937 284.887 38.1225
internal_count=1199763 676760 615058 102679 58990 512379 17801 11978 43689 391079 38543 360073 72867 6515 4947 31006 5823 4567 8426 32313 31028 24541 19676 4181 5112 3746 4151 3590 523003 18174
cat_boundaries=0 1
cat_threshold=3
is_linear=0
shrinkage=0.05


Tree=51
num_leaves=31
num_cat=10
split_feature=20 5 36 29 5 16 5 5 29 5 5 7 16 20 22 32 23 25 12 12 36 5 5 9 28 34 32 0 5 35
split_gain=172.967 83.8554 56.4528 56.2814 47.2613 28.572 66.6086 31.835 28.9688 67.6044 53.3213 37.2427 39.6897 37.0338 28.8927 38.2707 36.0289 33.3955 26.9002 23.969 43.5993 55.041 45.4113 28.2362 37.0279 33.2062 37.6925 34.5251 27.9567 22.9122
threshold=1.8550804853439333 0 107.39421844482423 0.23741912841796878 1 1.0720095038414004 2 3 0.99528121948242199 4 5 1.5000000000000002 10.740425586700441 3.4844613075256352 26.689052581787113 236.04627227783206 0.53282546997070324 5.7846815586090097 1.8977437615394595 10.737691879272463 56.930065155029304 6 7 8 1007.1553344726564 -5.5936584472656241 677.17141723632824 13.250000000000002 9 0.077724456787109389
decision_type=2 9 2 2 9 10 9 9 2 9 9 2 10 2 2 2 2 2 2 2 2 9 9 1 2 2 2 2 9 2
left_child=-1 2 -2 4 18 6 29 14 10 13 11 -9 -13 -10 15 16 -7 -17 -3 20 22 -22 -12 24 -23 -25 -27 -28 -21 -5
right_child=1 3 -4 5 -6 7 -8 8 9 -11 19 12 -14 -15 -16 17 -18 -19 -20 28 21 23 -24 25 -26 26 27 -29 -30 -31
leaf_value=-0.043108992710824252 -0.035675222568797446 -0.010687121651723523 0.019531488636653094 -0.007055253403970764 -0.035531900539364447 -0.023134751334091482 -0.018555162732366196 -0.026055363202657153 0.082239623326329961 -0.0032308282388993068 -0.019725644580912013 0.0090855669840694472 -0.017090236375058545 0.018912773534585269 -0.0016140997961921065 0.0063404982584710588 0.045126511599190129 0.03857864350283155 0.083484597497465091 0.019575824819178998 -0.0097937291024242316 -0.029887680320847383 0.0099271569112200191 0.023180800933671551 0.034118810179397718 0.030079324182279595 -0.0023191685352152631 0.12618062134702973 -0.010087589338575564 0.10686905537783863
leaf_weight=213.09559116893797 220.60564124074881 10.186792195716409 51.068625172134489 3.746827375842261 127.07573385210708 15.921714716037966 28.478700896142982 284.58936018976965 15.791309000895124 567.50515456861467 165.33483225383679 281.58731080620782 278.61339387699263 431.09614307258744 330.70217173872516 643.92238870370784 141.98785000582575 82.943490483274218 6.8297756580868727 79.322152865293901 85.195364455052186 30.823544029146433 405.97055196764995 74.632261635386385 41.049752833729144 40.771585303125903 5.6712904901942229 27.037870948552154 394.29230254120193 21.975216275517596
leaf_count=396078 174067 6698 7557 2927 115261 8786 19736 37809 874 30404 38358 42459 32790 20100 8240 90138 9791 13466 1793 6338 8537 1885 73868 3574 3404 5292 1674 1070 34467 2884
internal_value=-5.17333e-05 0.00190687 -0.0241164 0.00352932 -0.0261959 0.00454969 0.0377043 0.00405946 0.00141266 0.00836134 -0.0018157 -0.0115159 -0.00400427 0.022411 0.0108791 0.0156361 0.037276 0.0104929 0.0321285 0.00434672 0.0092391 0.0241687 0.000985416 0.0360344 0.00567777 0.0483373 0.0738409 0.108574 -0.00462124 0.0726165
internal_weight=5107.82 4894.73 271.674 4623.05 144.092 4478.96 54.2007 4424.76 3209.28 1014.39 2194.89 844.79 560.201 446.887 1215.48 884.775 157.91 726.866 17.0166 1350.1 876.487 305.182 571.305 219.986 71.8733 148.113 73.4807 32.7092 473.614 25.722
internal_count=1200325 804247 181624 622623 123752 498871 25547 473324 342903 51378 291525 113058 75249 20974 130421 122181 18577 103604 8491 178467 137662 25436 112226 16899 5289 11610 8036 2744 40805 5811
cat_boundaries=0 29 45 71 100 123 155 184 210 211 240
cat_threshold=39 0 0 8320 0 0 2048 0 0 544768 0 0 0 0 0 536870912 0 0 0 0 0 1342177280 24 0 0 992 0 0 16256 8 0 0 0 0 0 0 0 0 1048576 0 0 0 0 0 79691776 144 0 0 3840 0 0 49152 0 0 262144 0 0 131072 0 0 6291456 0 0 16777216 0 0 2147483648 0 0 0 3 8 0 0 48 0 0 1024 0 0 98304 0 0 3145728 0 0 68157440 0 0 1912602624 0 0 2147483648 38 0 0 14 0 0 48 64 0 0 1856 0 0 4608 0 0 270336 0 0 55050240 0 0 274726912 0 0 2214592512 0 0 0 1 64 0 0 3904 0 0 4608 0 0 270336 0 0 17301504 0 0 314572800 0 0 16777216 0 0 0 1 0 0 0 0 0 0 0 0 34560 272 0 0 0 0 0 65536 0 0 0 0 0 37748736 0 0 136314880 0 0 2348810240 0 0 0 0 0 0 16 0 0 64 128 0 0 4096 0 0 24832 0 0 131072 0 0 42205184 0 0 16777216 0 0 0 0 0 0 0 0 0 16 8 272 0 0 0 0 0 0 0 0 131072 0 0 33554432 0 0 16777216 0 0 0 0 0 0 0 0 0 16 0 0 64
is_linear=0
shrinkage=0.05


end of trees

feature_importances:
region_id=265
rmse30_climatology=154
exp_climatology=102
mae7_climatology=76
regmae_climatology=76
rmse30_recent3=63
now_tcc_mean=59
now_msl_anom=55
latitude=43
longitude=40
blend_pred=36
now_msl_hPa_min=35
now_blh_mean=35
mae7_recent3=32
now_anomaly=30
season_id=29
now_t2m_C_mean=29
now_msl_hPa_mean=29
rmse30_persistence=27
now_tp3=27
regmae_persistence=25
now_wind_speed_mean=25
now_tp7=22
elev_proxy_m=21
regmae_recent3=20
lead_days=18
regmae_anom_persistence=18
now_cape_max=17
now_ssrd_MJ=16
rmse30_anom_persistence=15
now_tp_mm=14
expert_range=14
exp_recent3=14
mae7_anom_persistence=13
now_rh_pct_mean=13
now_t2m_C_max=11
expert_spread=10
now_wind_speed_max=9
now_target_tendency=9
lead_bucket_id=4
exp_persistence=3
exp_anom_persistence=3
regime_id=2
mae7_persistence=2

parameters:
[boosting: gbdt]
[objective: binary]
[metric: binary_logloss]
[tree_learner: serial]
[device_type: cpu]
[data_sample_strategy: bagging]
[data: ]
[valid: ]
[num_iterations: 1000]
[learning_rate: 0.05]
[num_leaves: 31]
[num_threads: 16]
[seed: 42]
[deterministic: 0]
[force_col_wise: 0]
[force_row_wise: 0]
[histogram_pool_size: -1]
[max_depth: -1]
[min_data_in_leaf: 100]
[min_sum_hessian_in_leaf: 0.001]
[bagging_fraction: 0.8]
[pos_bagging_fraction: 1]
[neg_bagging_fraction: 1]
[bagging_freq: 1]
[bagging_seed: 400]
[bagging_by_query: 0]
[feature_fraction: 0.6]
[feature_fraction_bynode: 1]
[feature_fraction_seed: 30056]
[extra_trees: 0]
[extra_seed: 12879]
[early_stopping_round: 0]
[early_stopping_min_delta: 0]
[first_metric_only: 0]
[max_delta_step: 0]
[lambda_l1: 0]
[lambda_l2: 10]
[linear_lambda: 0]
[min_gain_to_split: 0]
[drop_rate: 0.1]
[max_drop: 50]
[skip_drop: 0.5]
[xgboost_dart_mode: 0]
[uniform_drop: 0]
[drop_seed: 17869]
[top_rate: 0.2]
[other_rate: 0.1]
[min_data_per_group: 100]
[max_cat_threshold: 32]
[cat_l2: 10]
[cat_smooth: 10]
[max_cat_to_onehot: 4]
[top_k: 20]
[monotone_constraints: ]
[monotone_constraints_method: basic]
[monotone_penalty: 0]
[feature_contri: ]
[forcedsplits_filename: ]
[refit_decay_rate: 0.9]
[cegb_tradeoff: 1]
[cegb_penalty_split: 0]
[cegb_penalty_feature_lazy: ]
[cegb_penalty_feature_coupled: ]
[path_smooth: 0]
[interaction_constraints: ]
[verbosity: -1]
[saved_feature_importance_type: 0]
[use_quantized_grad: 0]
[num_grad_quant_bins: 4]
[quant_train_renew_leaf: 0]
[stochastic_rounding: 1]
[linear_tree: 0]
[max_bin: 255]
[max_bin_by_feature: ]
[min_data_in_bin: 3]
[bin_construct_sample_cnt: 200000]
[data_random_seed: 175]
[is_enable_sparse: 1]
[enable_bundle: 1]
[use_missing: 1]
[zero_as_missing: 0]
[feature_pre_filter: 1]
[pre_partition: 0]
[two_round: 0]
[header: 0]
[label_column: ]
[weight_column: ]
[group_column: ]
[ignore_column: ]
[categorical_feature: 5,6,8,9]
[forcedbins_filename: ]
[precise_float_parser: 0]
[parser_config_file: ]
[objective_seed: 16083]
[num_class: 1]
[is_unbalance: 0]
[scale_pos_weight: 1]
[sigmoid: 1]
[boost_from_average: 1]
[reg_sqrt: 0]
[alpha: 0.9]
[fair_c: 1]
[poisson_max_delta_step: 0.7]
[tweedie_variance_power: 1.5]
[lambdarank_truncation_level: 30]
[lambdarank_norm: 1]
[label_gain: ]
[lambdarank_position_bias_regularization: 0]
[eval_at: ]
[multi_error_top_k: 1]
[auc_mu_weights: ]
[num_machines: 1]
[local_listen_port: 12400]
[time_out: 120]
[machine_list_filename: ]
[machines: ]
[gpu_platform_id: -1]
[gpu_device_id: -1]
[gpu_device_id_list: ]
[gpu_use_dp: 0]
[num_gpu: 1]

end of parameters

pandas_categorical:[]
