region_id,season,lead_days,target,expert,mae
0,winter,1,tp_mm,climatology,5.735987663269043
1,winter,1,tp_mm,climatology,2.720583200454712
2,winter,1,tp_mm,climatology,1.7136739492416382
3,winter,1,tp_mm,climatology,3.5670902729034424
4,winter,1,tp_mm,climatology,5.760868549346924
5,winter,1,tp_mm,climatology,5.246205806732178
6,winter,1,tp_mm,climatology,4.42901086807251
7,winter,1,tp_mm,climatology,6.677835464477539
8,winter,1,tp_mm,climatology,5.004727840423584
9,winter,1,tp_mm,climatology,2.186034917831421
100,winter,1,tp_mm,climatology,0.7377721071243286
101,winter,1,tp_mm,climatology,0.19638961553573608
102,winter,1,tp_mm,climatology,0.36692553758621216
103,winter,1,tp_mm,climatology,0.8338217735290527
104,winter,1,tp_mm,climatology,3.330765962600708
105,winter,1,tp_mm,climatology,3.9157299995422363
106,winter,1,tp_mm,climatology,4.5411057472229
107,winter,1,tp_mm,climatology,5.102780818939209
108,winter,1,tp_mm,climatology,1.732237458229065
109,winter,1,tp_mm,climatology,0.26633420586586
200,winter,1,tp_mm,climatology,0.06972520053386688
201,winter,1,tp_mm,climatology,0.012119606137275696
202,winter,1,tp_mm,climatology,0.026386871933937073
203,winter,1,tp_mm,climatology,0.057652268558740616
204,winter,1,tp_mm,climatology,0.2915118932723999
205,winter,1,tp_mm,climatology,0.40800055861473083
206,winter,1,tp_mm,climatology,0.3469938337802887
207,winter,1,tp_mm,climatology,0.37374693155288696
208,winter,1,tp_mm,climatology,0.13945576548576355
209,winter,1,tp_mm,climatology,0.08419851958751678
300,winter,1,tp_mm,climatology,0.054609350860118866
301,winter,1,tp_mm,climatology,0.0017541737761348486
302,winter,1,tp_mm,climatology,0.004640578757971525
303,winter,1,tp_mm,climatology,0.0010143215768039227
304,winter,1,tp_mm,climatology,0.018880954012274742
305,winter,1,tp_mm,climatology,0.04685378074645996
306,winter,1,tp_mm,climatology,0.03353419154882431
307,winter,1,tp_mm,climatology,0.06406140327453613
308,winter,1,tp_mm,climatology,0.042172808200120926
309,winter,1,tp_mm,climatology,0.021446188911795616
400,winter,1,tp_mm,climatology,0.019559714943170547
401,winter,1,tp_mm,climatology,0.000124777972814627
402,winter,1,tp_mm,climatology,0.009228486567735672
403,winter,1,tp_mm,climatology,0.01166961807757616
404,winter,1,tp_mm,climatology,0.00020601444703061134
405,winter,1,tp_mm,climatology,0.012326258234679699
406,winter,1,tp_mm,climatology,0.04004136472940445
407,winter,1,tp_mm,climatology,0.061484768986701965
408,winter,1,tp_mm,climatology,0.04839016869664192
409,winter,1,tp_mm,climatology,0.0033724051900207996
500,winter,1,tp_mm,climatology,0.0010212642373517156
501,winter,1,tp_mm,climatology,0.0032736845314502716
502,winter,1,tp_mm,climatology,0.00279989093542099
503,winter,1,tp_mm,climatology,0.08465847373008728
504,winter,1,tp_mm,climatology,0.053686127066612244
505,winter,1,tp_mm,climatology,0.014101918786764145
506,winter,1,tp_mm,climatology,0.03259792923927307
507,winter,1,tp_mm,climatology,0.17857426404953003
508,winter,1,tp_mm,climatology,0.2499612420797348
509,winter,1,tp_mm,climatology,0.04563191160559654
600,winter,1,tp_mm,climatology,0.0422782264649868
601,winter,1,tp_mm,climatology,0.1752540022134781
602,winter,1,tp_mm,climatology,0.2972427308559418
603,winter,1,tp_mm,climatology,0.31975775957107544
604,winter,1,tp_mm,climatology,0.24439308047294617
605,winter,1,tp_mm,climatology,0.23632685840129852
606,winter,1,tp_mm,climatology,0.9013891220092773
607,winter,1,tp_mm,climatology,1.3829879760742188
608,winter,1,tp_mm,climatology,2.255863666534424
609,winter,1,tp_mm,climatology,1.7932451963424683
700,winter,1,tp_mm,climatology,0.1753491759300232
701,winter,1,tp_mm,climatology,0.38173729181289673
702,winter,1,tp_mm,climatology,1.7236400842666626
703,winter,1,tp_mm,climatology,2.670867919921875
704,winter,1,tp_mm,climatology,3.0955991744995117
705,winter,1,tp_mm,climatology,1.4436230659484863
706,winter,1,tp_mm,climatology,0.3150586783885956
707,winter,1,tp_mm,climatology,0.5446884632110596
708,winter,1,tp_mm,climatology,2.5249805450439453
709,winter,1,tp_mm,climatology,4.7924275398254395
800,winter,1,tp_mm,climatology,1.454520344734192
801,winter,1,tp_mm,climatology,0.8374693989753723
802,winter,1,tp_mm,climatology,3.739125967025757
803,winter,1,tp_mm,climatology,3.249660015106201
804,winter,1,tp_mm,climatology,0.5281636714935303
805,winter,1,tp_mm,climatology,0.18746531009674072
806,winter,1,tp_mm,climatology,0.18590883910655975
807,winter,1,tp_mm,climatology,0.2030201554298401
808,winter,1,tp_mm,climatology,0.4817506968975067
809,winter,1,tp_mm,climatology,0.6968604922294617
900,winter,1,tp_mm,climatology,2.8459386825561523
901,winter,1,tp_mm,climatology,3.2091777324676514
902,winter,1,tp_mm,climatology,2.92867112159729
903,winter,1,tp_mm,climatology,0.9518938064575195
904,winter,1,tp_mm,climatology,0.4398733377456665
905,winter,1,tp_mm,climatology,0.4015856981277466
906,winter,1,tp_mm,climatology,0.3620361387729645
907,winter,1,tp_mm,climatology,0.4019840657711029
908,winter,1,tp_mm,climatology,0.26910197734832764
909,winter,1,tp_mm,climatology,0.31820550560951233
1000,winter,1,tp_mm,climatology,2.2006571292877197
1001,winter,1,tp_mm,climatology,1.8609391450881958
1002,winter,1,tp_mm,climatology,1.1111266613006592
1003,winter,1,tp_mm,climatology,0.4939192235469818
1004,winter,1,tp_mm,climatology,0.08959254622459412
1005,winter,1,tp_mm,climatology,0.33991730213165283
1006,winter,1,tp_mm,climatology,0.5544005036354065
1007,winter,1,tp_mm,climatology,0.6234543919563293
1008,winter,1,tp_mm,climatology,0.14174722135066986
1009,winter,1,tp_mm,climatology,0.06024126708507538
0,pre_monsoon,1,tp_mm,climatology,1.5089404582977295
1,pre_monsoon,1,tp_mm,climatology,2.8583292961120605
2,pre_monsoon,1,tp_mm,climatology,3.6471617221832275
3,pre_monsoon,1,tp_mm,climatology,4.391479969024658
4,pre_monsoon,1,tp_mm,climatology,3.0240836143493652
5,pre_monsoon,1,tp_mm,climatology,4.0025315284729
6,pre_monsoon,1,tp_mm,climatology,6.757936000823975
7,pre_monsoon,1,tp_mm,climatology,7.182138442993164
8,pre_monsoon,1,tp_mm,climatology,6.883351802825928
9,pre_monsoon,1,tp_mm,climatology,6.154263019561768
100,pre_monsoon,1,tp_mm,climatology,0.198446586728096
101,pre_monsoon,1,tp_mm,climatology,2.0922369956970215
102,pre_monsoon,1,tp_mm,climatology,3.90910005569458
103,pre_monsoon,1,tp_mm,climatology,2.6214449405670166
104,pre_monsoon,1,tp_mm,climatology,3.5269107818603516
105,pre_monsoon,1,tp_mm,climatology,2.656630516052246
106,pre_monsoon,1,tp_mm,climatology,5.36339807510376
107,pre_monsoon,1,tp_mm,climatology,8.798813819885254
108,pre_monsoon,1,tp_mm,climatology,3.9296481609344482
109,pre_monsoon,1,tp_mm,climatology,4.614834308624268
200,pre_monsoon,1,tp_mm,climatology,0.44886651635169983
201,pre_monsoon,1,tp_mm,climatology,3.729938507080078
202,pre_monsoon,1,tp_mm,climatology,4.597414493560791
203,pre_monsoon,1,tp_mm,climatology,1.808218002319336
204,pre_monsoon,1,tp_mm,climatology,2.4761462211608887
205,pre_monsoon,1,tp_mm,climatology,2.150841236114502
206,pre_monsoon,1,tp_mm,climatology,6.085525035858154
207,pre_monsoon,1,tp_mm,climatology,8.929122924804688
208,pre_monsoon,1,tp_mm,climatology,2.8985555171966553
209,pre_monsoon,1,tp_mm,climatology,2.5361008644104004
300,pre_monsoon,1,tp_mm,climatology,1.0419121980667114
301,pre_monsoon,1,tp_mm,climatology,4.545407295227051
302,pre_monsoon,1,tp_mm,climatology,2.4297568798065186
303,pre_monsoon,1,tp_mm,climatology,1.40060555934906
304,pre_monsoon,1,tp_mm,climatology,1.5003236532211304
305,pre_monsoon,1,tp_mm,climatology,1.6137961149215698
306,pre_monsoon,1,tp_mm,climatology,4.910399913787842
307,pre_monsoon,1,tp_mm,climatology,3.6249923706054688
308,pre_monsoon,1,tp_mm,climatology,1.9497617483139038
309,pre_monsoon,1,tp_mm,climatology,2.473860502243042
400,pre_monsoon,1,tp_mm,climatology,1.0706255435943604
401,pre_monsoon,1,tp_mm,climatology,2.04970645904541
402,pre_monsoon,1,tp_mm,climatology,0.8513802886009216
403,pre_monsoon,1,tp_mm,climatology,0.6466893553733826
404,pre_monsoon,1,tp_mm,climatology,0.6176888942718506
405,pre_monsoon,1,tp_mm,climatology,0.9711574912071228
406,pre_monsoon,1,tp_mm,climatology,1.2489819526672363
407,pre_monsoon,1,tp_mm,climatology,1.8172852993011475
408,pre_monsoon,1,tp_mm,climatology,1.9544097185134888
409,pre_monsoon,1,tp_mm,climatology,2.0028843879699707
500,pre_monsoon,1,tp_mm,climatology,0.5438798069953918
501,pre_monsoon,1,tp_mm,climatology,2.075690269470215
502,pre_monsoon,1,tp_mm,climatology,1.5942565202713013
503,pre_monsoon,1,tp_mm,climatology,0.4736240804195404
504,pre_monsoon,1,tp_mm,climatology,0.5381234884262085
505,pre_monsoon,1,tp_mm,climatology,1.4816499948501587
506,pre_monsoon,1,tp_mm,climatology,3.2764344215393066
507,pre_monsoon,1,tp_mm,climatology,4.0845046043396
508,pre_monsoon,1,tp_mm,climatology,2.52704119682312
509,pre_monsoon,1,tp_mm,climatology,3.4273264408111572
600,pre_monsoon,1,tp_mm,climatology,0.07126335054636002
601,pre_monsoon,1,tp_mm,climatology,0.6503190994262695
602,pre_monsoon,1,tp_mm,climatology,1.1496855020523071
603,pre_monsoon,1,tp_mm,climatology,0.5314679741859436
604,pre_monsoon,1,tp_mm,climatology,0.9502957463264465
605,pre_monsoon,1,tp_mm,climatology,2.5463833808898926
606,pre_monsoon,1,tp_mm,climatology,5.088328838348389
607,pre_monsoon,1,tp_mm,climatology,5.5471391677856445
608,pre_monsoon,1,tp_mm,climatology,5.612752437591553
609,pre_monsoon,1,tp_mm,climatology,4.960114479064941
700,pre_monsoon,1,tp_mm,climatology,0.3896082639694214
701,pre_monsoon,1,tp_mm,climatology,0.3174557089805603
702,pre_monsoon,1,tp_mm,climatology,1.1642131805419922
703,pre_monsoon,1,tp_mm,climatology,2.2771880626678467
704,pre_monsoon,1,tp_mm,climatology,2.2296853065490723
705,pre_monsoon,1,tp_mm,climatology,1.5117517709732056
706,pre_monsoon,1,tp_mm,climatology,1.3740018606185913
707,pre_monsoon,1,tp_mm,climatology,1.7354854345321655
708,pre_monsoon,1,tp_mm,climatology,3.4080004692077637
709,pre_monsoon,1,tp_mm,climatology,6.347074031829834
800,pre_monsoon,1,tp_mm,climatology,2.15966796875
801,pre_monsoon,1,tp_mm,climatology,1.6189935207366943
802,pre_monsoon,1,tp_mm,climatology,3.092545509338379
803,pre_monsoon,1,tp_mm,climatology,1.9711549282073975
804,pre_monsoon,1,tp_mm,climatology,0.7856104373931885
805,pre_monsoon,1,tp_mm,climatology,0.6784397959709167
806,pre_monsoon,1,tp_mm,climatology,0.8528978228569031
807,pre_monsoon,1,tp_mm,climatology,0.9607520699501038
808,pre_monsoon,1,tp_mm,climatology,1.630294680595398
809,pre_monsoon,1,tp_mm,climatology,1.618537187576294
900,pre_monsoon,1,tp_mm,climatology,4.207074165344238
901,pre_monsoon,1,tp_mm,climatology,5.6747660636901855
902,pre_monsoon,1,tp_mm,climatology,4.52031135559082
903,pre_monsoon,1,tp_mm,climatology,1.5212593078613281
904,pre_monsoon,1,tp_mm,climatology,0.7838671207427979
905,pre_monsoon,1,tp_mm,climatology,0.7303254008293152
906,pre_monsoon,1,tp_mm,climatology,0.6906746625900269
907,pre_monsoon,1,tp_mm,climatology,1.0350689888000488
908,pre_monsoon,1,tp_mm,climatology,1.0641207695007324
909,pre_monsoon,1,tp_mm,climatology,0.91556715965271
1000,pre_monsoon,1,tp_mm,climatology,2.9152421951293945
1001,pre_monsoon,1,tp_mm,climatology,3.2262134552001953
1002,pre_monsoon,1,tp_mm,climatology,1.737603783607483
1003,pre_monsoon,1,tp_mm,climatology,1.825995922088623
1004,pre_monsoon,1,tp_mm,climatology,0.18725423514842987
1005,pre_monsoon,1,tp_mm,climatology,0.5975529551506042
1006,pre_monsoon,1,tp_mm,climatology,0.6814293265342712
1007,pre_monsoon,1,tp_mm,climatology,1.0999618768692017
1008,pre_monsoon,1,tp_mm,climatology,0.3825584948062897
1009,pre_monsoon,1,tp_mm,climatology,0.18783366680145264
0,monsoon,1,tp_mm,climatology,1.208150029182434
1,monsoon,1,tp_mm,climatology,2.105919599533081
2,monsoon,1,tp_mm,climatology,3.6041171550750732
3,monsoon,1,tp_mm,climatology,1.4818648099899292
4,monsoon,1,tp_mm,climatology,1.554751992225647
5,monsoon,1,tp_mm,climatology,2.532815456390381
6,monsoon,1,tp_mm,climatology,5.06510066986084
7,monsoon,1,tp_mm,climatology,6.889974117279053
8,monsoon,1,tp_mm,climatology,7.880043983459473
9,monsoon,1,tp_mm,climatology,7.030158519744873
100,monsoon,1,tp_mm,climatology,1.1339282989501953
101,monsoon,1,tp_mm,climatology,2.892803192138672
102,monsoon,1,tp_mm,climatology,5.756378650665283
103,monsoon,1,tp_mm,climatology,3.435056447982788
104,monsoon,1,tp_mm,climatology,4.307229042053223
105,monsoon,1,tp_mm,climatology,5.3497209548950195
106,monsoon,1,tp_mm,climatology,6.854029178619385
107,monsoon,1,tp_mm,climatology,7.142590045928955
108,monsoon,1,tp_mm,climatology,8.233136177062988
109,monsoon,1,tp_mm,climatology,9.157283782958984
200,monsoon,1,tp_mm,climatology,0.9806340336799622
201,monsoon,1,tp_mm,climatology,6.085730075836182
202,monsoon,1,tp_mm,climatology,7.933626651763916
203,monsoon,1,tp_mm,climatology,4.683053970336914
204,monsoon,1,tp_mm,climatology,6.122072219848633
205,monsoon,1,tp_mm,climatology,12.802779197692871
206,monsoon,1,tp_mm,climatology,11.17690658569336
207,monsoon,1,tp_mm,climatology,9.957681655883789
208,monsoon,1,tp_mm,climatology,10.313475608825684
209,monsoon,1,tp_mm,climatology,10.86796760559082
300,monsoon,1,tp_mm,climatology,3.333993911743164
301,monsoon,1,tp_mm,climatology,13.232227325439453
302,monsoon,1,tp_mm,climatology,7.505800724029541
303,monsoon,1,tp_mm,climatology,6.909661769866943
304,monsoon,1,tp_mm,climatology,8.51862621307373
305,monsoon,1,tp_mm,climatology,12.063773155212402
306,monsoon,1,tp_mm,climatology,10.543840408325195
307,monsoon,1,tp_mm,climatology,9.522994041442871
308,monsoon,1,tp_mm,climatology,10.788735389709473
309,monsoon,1,tp_mm,climatology,8.907109260559082
400,monsoon,1,tp_mm,climatology,11.561713218688965
401,monsoon,1,tp_mm,climatology,12.087627410888672
402,monsoon,1,tp_mm,climatology,9.429078102111816
403,monsoon,1,tp_mm,climatology,11.566758155822754
404,monsoon,1,tp_mm,climatology,10.42656421661377
405,monsoon,1,tp_mm,climatology,9.712835311889648
406,monsoon,1,tp_mm,climatology,9.935160636901855
407,monsoon,1,tp_mm,climatology,11.42943000793457
408,monsoon,1,tp_mm,climatology,10.811293601989746
409,monsoon,1,tp_mm,climatology,6.501187801361084
500,monsoon,1,tp_mm,climatology,7.647133827209473
501,monsoon,1,tp_mm,climatology,12.605382919311523
502,monsoon,1,tp_mm,climatology,12.267369270324707
503,monsoon,1,tp_mm,climatology,11.730735778808594
504,monsoon,1,tp_mm,climatology,8.166626930236816
505,monsoon,1,tp_mm,climatology,9.608597755432129
506,monsoon,1,tp_mm,climatology,9.550122261047363
507,monsoon,1,tp_mm,climatology,10.181740760803223
508,monsoon,1,tp_mm,climatology,8.811902046203613
509,monsoon,1,tp_mm,climatology,7.25553560256958
600,monsoon,1,tp_mm,climatology,4.48023796081543
601,monsoon,1,tp_mm,climatology,4.145560264587402
602,monsoon,1,tp_mm,climatology,7.292142868041992
603,monsoon,1,tp_mm,climatology,7.768205642700195
604,monsoon,1,tp_mm,climatology,8.197147369384766
605,monsoon,1,tp_mm,climatology,9.75765609741211
606,monsoon,1,tp_mm,climatology,11.446354866027832
607,monsoon,1,tp_mm,climatology,11.632908821105957
608,monsoon,1,tp_mm,climatology,11.242511749267578
609,monsoon,1,tp_mm,climatology,14.756401062011719
700,monsoon,1,tp_mm,climatology,2.140669107437134
701,monsoon,1,tp_mm,climatology,2.448669672012329
702,monsoon,1,tp_mm,climatology,4.7029547691345215
703,monsoon,1,tp_mm,climatology,9.142086029052734
704,monsoon,1,tp_mm,climatology,8.573585510253906
705,monsoon,1,tp_mm,climatology,6.521139144897461
706,monsoon,1,tp_mm,climatology,3.9299049377441406
707,monsoon,1,tp_mm,climatology,3.8385097980499268
708,monsoon,1,tp_mm,climatology,5.7245073318481445
709,monsoon,1,tp_mm,climatology,7.264502048492432
800,monsoon,1,tp_mm,climatology,2.3977646827697754
801,monsoon,1,tp_mm,climatology,4.689765930175781
802,monsoon,1,tp_mm,climatology,8.9586820602417
803,monsoon,1,tp_mm,climatology,4.426234245300293
804,monsoon,1,tp_mm,climatology,2.6089928150177
805,monsoon,1,tp_mm,climatology,2.8441460132598877
806,monsoon,1,tp_mm,climatology,2.706143379211426
807,monsoon,1,tp_mm,climatology,3.2821202278137207
808,monsoon,1,tp_mm,climatology,3.73724102973938
809,monsoon,1,tp_mm,climatology,3.7388720512390137
900,monsoon,1,tp_mm,climatology,0.6691521406173706
901,monsoon,1,tp_mm,climatology,4.158967971801758
902,monsoon,1,tp_mm,climatology,3.6151533126831055
903,monsoon,1,tp_mm,climatology,2.2881574630737305
904,monsoon,1,tp_mm,climatology,2.19008469581604
905,monsoon,1,tp_mm,climatology,2.367079734802246
906,monsoon,1,tp_mm,climatology,2.5389676094055176
907,monsoon,1,tp_mm,climatology,2.9469869136810303
908,monsoon,1,tp_mm,climatology,2.743642568588257
909,monsoon,1,tp_mm,climatology,2.853576183319092
1000,monsoon,1,tp_mm,climatology,0.016789358109235764
1001,monsoon,1,tp_mm,climatology,0.7036994099617004
1002,monsoon,1,tp_mm,climatology,2.0506720542907715
1003,monsoon,1,tp_mm,climatology,1.6357054710388184
1004,monsoon,1,tp_mm,climatology,0.2269478589296341
1005,monsoon,1,tp_mm,climatology,1.0888303518295288
1006,monsoon,1,tp_mm,climatology,1.914039134979248
1007,monsoon,1,tp_mm,climatology,2.219397783279419
1008,monsoon,1,tp_mm,climatology,0.6450223922729492
1009,monsoon,1,tp_mm,climatology,0.5650420784950256
0,post_monsoon,1,tp_mm,climatology,5.818601608276367
1,post_monsoon,1,tp_mm,climatology,5.71491813659668
2,post_monsoon,1,tp_mm,climatology,7.6038031578063965
3,post_monsoon,1,tp_mm,climatology,16.375064849853516
4,post_monsoon,1,tp_mm,climatology,12.55324935913086
5,post_monsoon,1,tp_mm,climatology,8.756494522094727
6,post_monsoon,1,tp_mm,climatology,9.192282676696777
7,post_monsoon,1,tp_mm,climatology,10.290449142456055
8,post_monsoon,1,tp_mm,climatology,14.014123916625977
9,post_monsoon,1,tp_mm,climatology,11.297900199890137
100,post_monsoon,1,tp_mm,climatology,8.853130340576172
101,post_monsoon,1,tp_mm,climatology,8.033254623413086
102,post_monsoon,1,tp_mm,climatology,7.399962425231934
103,post_monsoon,1,tp_mm,climatology,6.646112442016602
104,post_monsoon,1,tp_mm,climatology,12.533400535583496
105,post_monsoon,1,tp_mm,climatology,14.791973114013672
106,post_monsoon,1,tp_mm,climatology,12.742534637451172
107,post_monsoon,1,tp_mm,climatology,11.483036041259766
108,post_monsoon,1,tp_mm,climatology,10.911208152770996
109,post_monsoon,1,tp_mm,climatology,6.725057601928711
200,post_monsoon,1,tp_mm,climatology,7.502286434173584
201,post_monsoon,1,tp_mm,climatology,10.733376502990723
202,post_monsoon,1,tp_mm,climatology,5.616235256195068
203,post_monsoon,1,tp_mm,climatology,4.5292558670043945
204,post_monsoon,1,tp_mm,climatology,15.501541137695312
205,post_monsoon,1,tp_mm,climatology,11.185185432434082
206,post_monsoon,1,tp_mm,climatology,7.631070613861084
207,post_monsoon,1,tp_mm,climatology,6.7861127853393555
208,post_monsoon,1,tp_mm,climatology,7.878505229949951
209,post_monsoon,1,tp_mm,climatology,7.827608585357666
300,post_monsoon,1,tp_mm,climatology,9.257722854614258
301,post_monsoon,1,tp_mm,climatology,12.482222557067871
302,post_monsoon,1,tp_mm,climatology,3.3447561264038086
303,post_monsoon,1,tp_mm,climatology,6.377265930175781
304,post_monsoon,1,tp_mm,climatology,6.93162727355957
305,post_monsoon,1,tp_mm,climatology,8.320369720458984
306,post_monsoon,1,tp_mm,climatology,3.529348611831665
307,post_monsoon,1,tp_mm,climatology,3.838507652282715
308,post_monsoon,1,tp_mm,climatology,7.316334247589111
309,post_monsoon,1,tp_mm,climatology,5.38154411315918
400,post_monsoon,1,tp_mm,climatology,14.100939750671387
401,post_monsoon,1,tp_mm,climatology,10.189111709594727
402,post_monsoon,1,tp_mm,climatology,3.736517906188965
403,post_monsoon,1,tp_mm,climatology,4.59967041015625
404,post_monsoon,1,tp_mm,climatology,3.4552958011627197
405,post_monsoon,1,tp_mm,climatology,4.060708045959473
406,post_monsoon,1,tp_mm,climatology,4.658370018005371
407,post_monsoon,1,tp_mm,climatology,3.218329429626465
408,post_monsoon,1,tp_mm,climatology,3.7408735752105713
409,post_monsoon,1,tp_mm,climatology,3.4707369804382324
500,post_monsoon,1,tp_mm,climatology,3.7214367389678955
501,post_monsoon,1,tp_mm,climatology,6.113615989685059
502,post_monsoon,1,tp_mm,climatology,3.7943453788757324
503,post_monsoon,1,tp_mm,climatology,2.908064603805542
504,post_monsoon,1,tp_mm,climatology,3.4201719760894775
505,post_monsoon,1,tp_mm,climatology,2.90726375579834
506,post_monsoon,1,tp_mm,climatology,2.888397216796875
507,post_monsoon,1,tp_mm,climatology,3.428922176361084
508,post_monsoon,1,tp_mm,climatology,2.379283905029297
509,post_monsoon,1,tp_mm,climatology,3.9285695552825928
600,post_monsoon,1,tp_mm,climatology,0.3127836287021637
601,post_monsoon,1,tp_mm,climatology,0.821222722530365
602,post_monsoon,1,tp_mm,climatology,2.8687751293182373
603,post_monsoon,1,tp_mm,climatology,3.6115612983703613
604,post_monsoon,1,tp_mm,climatology,4.816558361053467
605,post_monsoon,1,tp_mm,climatology,9.638814926147461
606,post_monsoon,1,tp_mm,climatology,11.445350646972656
607,post_monsoon,1,tp_mm,climatology,8.288047790527344
608,post_monsoon,1,tp_mm,climatology,4.292428493499756
609,post_monsoon,1,tp_mm,climatology,4.759785175323486
700,post_monsoon,1,tp_mm,climatology,0.3131151497364044
701,post_monsoon,1,tp_mm,climatology,0.2918880581855774
702,post_monsoon,1,tp_mm,climatology,0.5969641208648682
703,post_monsoon,1,tp_mm,climatology,0.8849769830703735
704,post_monsoon,1,tp_mm,climatology,1.788228154182434
705,post_monsoon,1,tp_mm,climatology,3.977752208709717
706,post_monsoon,1,tp_mm,climatology,2.9417009353637695
707,post_monsoon,1,tp_mm,climatology,2.628932476043701
708,post_monsoon,1,tp_mm,climatology,3.4875144958496094
709,post_monsoon,1,tp_mm,climatology,5.249025821685791
800,post_monsoon,1,tp_mm,climatology,0.7946860790252686
801,post_monsoon,1,tp_mm,climatology,1.2358366250991821
802,post_monsoon,1,tp_mm,climatology,0.925541877746582
803,post_monsoon,1,tp_mm,climatology,0.43599870800971985
804,post_monsoon,1,tp_mm,climatology,0.16832168400287628
805,post_monsoon,1,tp_mm,climatology,0.3842303156852722
806,post_monsoon,1,tp_mm,climatology,0.6632270216941833
807,post_monsoon,1,tp_mm,climatology,1.091721773147583
808,post_monsoon,1,tp_mm,climatology,1.7015161514282227
809,post_monsoon,1,tp_mm,climatology,1.577020287513733
900,post_monsoon,1,tp_mm,climatology,0.7157363891601562
901,post_monsoon,1,tp_mm,climatology,1.4815928936004639
902,post_monsoon,1,tp_mm,climatology,1.830364465713501
903,post_monsoon,1,tp_mm,climatology,0.5438214540481567
904,post_monsoon,1,tp_mm,climatology,0.35844501852989197
905,post_monsoon,1,tp_mm,climatology,0.30462396144866943
906,post_monsoon,1,tp_mm,climatology,0.2913248836994171
907,post_monsoon,1,tp_mm,climatology,0.396698921918869
908,post_monsoon,1,tp_mm,climatology,0.4584771394729614
909,post_monsoon,1,tp_mm,climatology,0.7384249567985535
1000,post_monsoon,1,tp_mm,climatology,0.38871362805366516
1001,post_monsoon,1,tp_mm,climatology,0.8374460339546204
1002,post_monsoon,1,tp_mm,climatology,0.8243185877799988
1003,post_monsoon,1,tp_mm,climatology,0.8485329747200012
1004,post_monsoon,1,tp_mm,climatology,0.015630299225449562
1005,post_monsoon,1,tp_mm,climatology,0.15445910394191742
1006,post_monsoon,1,tp_mm,climatology,0.22520212829113007
1007,post_monsoon,1,tp_mm,climatology,0.25615188479423523
1008,post_monsoon,1,tp_mm,climatology,0.0958479642868042
1009,post_monsoon,1,tp_mm,climatology,0.022924138233065605
0,winter,1,tp_mm,persistence,3.617154359817505
1,winter,1,tp_mm,persistence,1.4837651252746582
2,winter,1,tp_mm,persistence,0.4843500852584839
3,winter,1,tp_mm,persistence,1.2413126230239868
4,winter,1,tp_mm,persistence,4.092133522033691
5,winter,1,tp_mm,persistence,3.2459778785705566
6,winter,1,tp_mm,persistence,3.7178523540496826
7,winter,1,tp_mm,persistence,5.195230007171631
8,winter,1,tp_mm,persistence,3.199917793273926
9,winter,1,tp_mm,persistence,1.9513702392578125
100,winter,1,tp_mm,persistence,0.6799108982086182
101,winter,1,tp_mm,persistence,0.11120513826608658
102,winter,1,tp_mm,persistence,0.11774657666683197
103,winter,1,tp_mm,persistence,0.32003992795944214
104,winter,1,tp_mm,persistence,2.4340591430664062
105,winter,1,tp_mm,persistence,3.1588754653930664
106,winter,1,tp_mm,persistence,3.3149518966674805
107,winter,1,tp_mm,persistence,3.7114338874816895
108,winter,1,tp_mm,persistence,1.3979947566986084
109,winter,1,tp_mm,persistence,0.13964569568634033
200,winter,1,tp_mm,persistence,0.06934349238872528
201,winter,1,tp_mm,persistence,0.013442560099065304
202,winter,1,tp_mm,persistence,0.005202046595513821
203,winter,1,tp_mm,persistence,0.0359957255423069
204,winter,1,tp_mm,persistence,0.15217751264572144
205,winter,1,tp_mm,persistence,0.2069980353116989
206,winter,1,tp_mm,persistence,0.2687121331691742
207,winter,1,tp_mm,persistence,0.2877616286277771
208,winter,1,tp_mm,persistence,0.14194948971271515
209,winter,1,tp_mm,persistence,0.053921882063150406
300,winter,1,tp_mm,persistence,0.052644602954387665
301,winter,1,tp_mm,persistence,0.00203135353513062
302,winter,1,tp_mm,persistence,0.0023108788300305605
303,winter,1,tp_mm,persistence,0.0008570736972615123
304,winter,1,tp_mm,persistence,0.01626247726380825
305,winter,1,tp_mm,persistence,0.040380433201789856
306,winter,1,tp_mm,persistence,0.026525437831878662
307,winter,1,tp_mm,persistence,0.05972590669989586
308,winter,1,tp_mm,persistence,0.04583186283707619
309,winter,1,tp_mm,persistence,0.031774528324604034
400,winter,1,tp_mm,persistence,0.02300259657204151
401,winter,1,tp_mm,persistence,0.00014729883696418256
402,winter,1,tp_mm,persistence,0.005078041926026344
403,winter,1,tp_mm,persistence,0.006868236698210239
404,winter,1,tp_mm,persistence,0.00010276662942487746
405,winter,1,tp_mm,persistence,0.011382431723177433
406,winter,1,tp_mm,persistence,0.04399576410651207
407,winter,1,tp_mm,persistence,0.06036580353975296
408,winter,1,tp_mm,persistence,0.055147312581539154
409,winter,1,tp_mm,persistence,0.0030565080232918262
500,winter,1,tp_mm,persistence,0.0013818686129525304
501,winter,1,tp_mm,persistence,0.0038982806727290154
502,winter,1,tp_mm,persistence,0.0018833697540685534
503,winter,1,tp_mm,persistence,0.04810917004942894
504,winter,1,tp_mm,persistence,0.03080189973115921
505,winter,1,tp_mm,persistence,0.00409490754827857
506,winter,1,tp_mm,persistence,0.03066076524555683
507,winter,1,tp_mm,persistence,0.15254266560077667
508,winter,1,tp_mm,persistence,0.1812296360731125
509,winter,1,tp_mm,persistence,0.0548371858894825
600,winter,1,tp_mm,persistence,0.04637104272842407
601,winter,1,tp_mm,persistence,0.18777380883693695
602,winter,1,tp_mm,persistence,0.3572229743003845
603,winter,1,tp_mm,persistence,0.26028597354888916
604,winter,1,tp_mm,persistence,0.08034706115722656
605,winter,1,tp_mm,persistence,0.11340846121311188
606,winter,1,tp_mm,persistence,0.6312090754508972
607,winter,1,tp_mm,persistence,0.8814643025398254
608,winter,1,tp_mm,persistence,1.5432498455047607
609,winter,1,tp_mm,persistence,1.4500535726547241
700,winter,1,tp_mm,persistence,0.3493955731391907
701,winter,1,tp_mm,persistence,0.3394710421562195
702,winter,1,tp_mm,persistence,1.2963401079177856
703,winter,1,tp_mm,persistence,1.3005883693695068
704,winter,1,tp_mm,persistence,1.911683440208435
705,winter,1,tp_mm,persistence,0.9940423965454102
706,winter,1,tp_mm,persistence,0.25116369128227234
707,winter,1,tp_mm,persistence,0.4119701683521271
708,winter,1,tp_mm,persistence,1.9533600807189941
709,winter,1,tp_mm,persistence,3.493180274963379
800,winter,1,tp_mm,persistence,1.0993247032165527
801,winter,1,tp_mm,persistence,0.5280971527099609
802,winter,1,tp_mm,persistence,2.4287850856781006
803,winter,1,tp_mm,persistence,1.7354947328567505
804,winter,1,tp_mm,persistence,0.4080328345298767
805,winter,1,tp_mm,persistence,0.17431960999965668
806,winter,1,tp_mm,persistence,0.18189214169979095
807,winter,1,tp_mm,persistence,0.15690751373767853
808,winter,1,tp_mm,persistence,0.33266380429267883
809,winter,1,tp_mm,persistence,0.5936814546585083
900,winter,1,tp_mm,persistence,1.9259226322174072
901,winter,1,tp_mm,persistence,2.424973249435425
902,winter,1,tp_mm,persistence,2.5332746505737305
903,winter,1,tp_mm,persistence,0.5833404064178467
904,winter,1,tp_mm,persistence,0.3480212390422821
905,winter,1,tp_mm,persistence,0.35611996054649353
906,winter,1,tp_mm,persistence,0.2907254099845886
907,winter,1,tp_mm,persistence,0.3231064975261688
908,winter,1,tp_mm,persistence,0.24285191297531128
909,winter,1,tp_mm,persistence,0.2654822766780853
1000,winter,1,tp_mm,persistence,1.1071912050247192
1001,winter,1,tp_mm,persistence,1.0351887941360474
1002,winter,1,tp_mm,persistence,0.8682218194007874
1003,winter,1,tp_mm,persistence,0.35849931836128235
1004,winter,1,tp_mm,persistence,0.03637116402387619
1005,winter,1,tp_mm,persistence,0.23110158741474152
1006,winter,1,tp_mm,persistence,0.41576090455055237
1007,winter,1,tp_mm,persistence,0.4113871157169342
1008,winter,1,tp_mm,persistence,0.15807151794433594
1009,winter,1,tp_mm,persistence,0.05009530484676361
0,pre_monsoon,1,tp_mm,persistence,1.5137181282043457
1,pre_monsoon,1,tp_mm,persistence,3.1607260704040527
2,pre_monsoon,1,tp_mm,persistence,3.880068063735962
3,pre_monsoon,1,tp_mm,persistence,5.3294172286987305
4,pre_monsoon,1,tp_mm,persistence,3.6652188301086426
5,pre_monsoon,1,tp_mm,persistence,4.665095806121826
6,pre_monsoon,1,tp_mm,persistence,5.672504901885986
7,pre_monsoon,1,tp_mm,persistence,6.256969928741455
8,pre_monsoon,1,tp_mm,persistence,7.849503517150879
9,pre_monsoon,1,tp_mm,persistence,6.568847179412842
100,pre_monsoon,1,tp_mm,persistence,0.1631692796945572
101,pre_monsoon,1,tp_mm,persistence,1.9983659982681274
102,pre_monsoon,1,tp_mm,persistence,3.9243414402008057
103,pre_monsoon,1,tp_mm,persistence,2.775416374206543
104,pre_monsoon,1,tp_mm,persistence,3.1247153282165527
105,pre_monsoon,1,tp_mm,persistence,2.334721326828003
106,pre_monsoon,1,tp_mm,persistence,3.679962158203125
107,pre_monsoon,1,tp_mm,persistence,5.328466892242432
108,pre_monsoon,1,tp_mm,persistence,4.224267482757568
109,pre_monsoon,1,tp_mm,persistence,4.4614787101745605
200,pre_monsoon,1,tp_mm,persistence,0.2983829379081726
201,pre_monsoon,1,tp_mm,persistence,3.1117117404937744
202,pre_monsoon,1,tp_mm,persistence,4.244225025177002
203,pre_monsoon,1,tp_mm,persistence,1.9609875679016113
204,pre_monsoon,1,tp_mm,persistence,1.2902731895446777
205,pre_monsoon,1,tp_mm,persistence,1.4530425071716309
206,pre_monsoon,1,tp_mm,persistence,3.680936098098755
207,pre_monsoon,1,tp_mm,persistence,5.02690315246582
208,pre_monsoon,1,tp_mm,persistence,2.6752049922943115
209,pre_monsoon,1,tp_mm,persistence,2.5459060668945312
300,pre_monsoon,1,tp_mm,persistence,0.7112972736358643
301,pre_monsoon,1,tp_mm,persistence,2.618595838546753
302,pre_monsoon,1,tp_mm,persistence,1.3793768882751465
303,pre_monsoon,1,tp_mm,persistence,1.137661337852478
304,pre_monsoon,1,tp_mm,persistence,1.2588229179382324
305,pre_monsoon,1,tp_mm,persistence,1.1875613927841187
306,pre_monsoon,1,tp_mm,persistence,2.7418100833892822
307,pre_monsoon,1,tp_mm,persistence,2.3305819034576416
308,pre_monsoon,1,tp_mm,persistence,1.7383469343185425
309,pre_monsoon,1,tp_mm,persistence,2.1361000537872314
400,pre_monsoon,1,tp_mm,persistence,0.29065683484077454
401,pre_monsoon,1,tp_mm,persistence,0.8064325451850891
402,pre_monsoon,1,tp_mm,persistence,0.6674402356147766
403,pre_monsoon,1,tp_mm,persistence,0.6676739454269409
404,pre_monsoon,1,tp_mm,persistence,0.7101877927780151
405,pre_monsoon,1,tp_mm,persistence,0.8527166247367859
406,pre_monsoon,1,tp_mm,persistence,1.071507453918457
407,pre_monsoon,1,tp_mm,persistence,1.4439162015914917
408,pre_monsoon,1,tp_mm,persistence,1.3002716302871704
409,pre_monsoon,1,tp_mm,persistence,1.6142430305480957
500,pre_monsoon,1,tp_mm,persistence,0.20967136323451996
501,pre_monsoon,1,tp_mm,persistence,0.9283261895179749
502,pre_monsoon,1,tp_mm,persistence,0.7121505737304688
503,pre_monsoon,1,tp_mm,persistence,0.3148641586303711
504,pre_monsoon,1,tp_mm,persistence,0.3859128952026367
505,pre_monsoon,1,tp_mm,persistence,1.1387875080108643
506,pre_monsoon,1,tp_mm,persistence,3.00307297706604
507,pre_monsoon,1,tp_mm,persistence,3.8914566040039062
508,pre_monsoon,1,tp_mm,persistence,2.1076035499572754
509,pre_monsoon,1,tp_mm,persistence,3.0817112922668457
600,pre_monsoon,1,tp_mm,persistence,0.09468616545200348
601,pre_monsoon,1,tp_mm,persistence,0.3949429988861084
602,pre_monsoon,1,tp_mm,persistence,0.6230478882789612
603,pre_monsoon,1,tp_mm,persistence,0.336107462644577
604,pre_monsoon,1,tp_mm,persistence,0.815219521522522
605,pre_monsoon,1,tp_mm,persistence,2.871217966079712
606,pre_monsoon,1,tp_mm,persistence,4.817943096160889
607,pre_monsoon,1,tp_mm,persistence,5.3550801277160645
608,pre_monsoon,1,tp_mm,persistence,5.29239559173584
609,pre_monsoon,1,tp_mm,persistence,4.257192611694336
700,pre_monsoon,1,tp_mm,persistence,0.3939976692199707
701,pre_monsoon,1,tp_mm,persistence,0.33440089225769043
702,pre_monsoon,1,tp_mm,persistence,1.1207544803619385
703,pre_monsoon,1,tp_mm,persistence,2.5422184467315674
704,pre_monsoon,1,tp_mm,persistence,2.6851348876953125
705,pre_monsoon,1,tp_mm,persistence,1.7466717958450317
706,pre_monsoon,1,tp_mm,persistence,1.3207061290740967
707,pre_monsoon,1,tp_mm,persistence,1.7269436120986938
708,pre_monsoon,1,tp_mm,persistence,3.270677328109741
709,pre_monsoon,1,tp_mm,persistence,5.514493465423584
800,pre_monsoon,1,tp_mm,persistence,1.4805585145950317
801,pre_monsoon,1,tp_mm,persistence,1.9754886627197266
802,pre_monsoon,1,tp_mm,persistence,3.4839725494384766
803,pre_monsoon,1,tp_mm,persistence,2.2946460247039795
804,pre_monsoon,1,tp_mm,persistence,0.7135151624679565
805,pre_monsoon,1,tp_mm,persistence,0.5761552453041077
806,pre_monsoon,1,tp_mm,persistence,0.7988637685775757
807,pre_monsoon,1,tp_mm,persistence,0.9298989176750183
808,pre_monsoon,1,tp_mm,persistence,1.6680171489715576
809,pre_monsoon,1,tp_mm,persistence,1.4092679023742676
900,pre_monsoon,1,tp_mm,persistence,2.768044948577881
901,pre_monsoon,1,tp_mm,persistence,4.352724075317383
902,pre_monsoon,1,tp_mm,persistence,4.112093925476074
903,pre_monsoon,1,tp_mm,persistence,1.4331272840499878
904,pre_monsoon,1,tp_mm,persistence,0.8057235479354858
905,pre_monsoon,1,tp_mm,persistence,0.9048722386360168
906,pre_monsoon,1,tp_mm,persistence,0.8311548829078674
907,pre_monsoon,1,tp_mm,persistence,1.276869535446167
908,pre_monsoon,1,tp_mm,persistence,1.377422571182251
909,pre_monsoon,1,tp_mm,persistence,1.0822516679763794
1000,pre_monsoon,1,tp_mm,persistence,2.60196852684021
1001,pre_monsoon,1,tp_mm,persistence,2.594012975692749
1002,pre_monsoon,1,tp_mm,persistence,1.4957314729690552
1003,pre_monsoon,1,tp_mm,persistence,1.7409952878952026
1004,pre_monsoon,1,tp_mm,persistence,0.19537775218486786
1005,pre_monsoon,1,tp_mm,persistence,0.6719074845314026
1006,pre_monsoon,1,tp_mm,persistence,0.7564268708229065
1007,pre_monsoon,1,tp_mm,persistence,1.1522833108901978
1008,pre_monsoon,1,tp_mm,persistence,0.4221828281879425
1009,pre_monsoon,1,tp_mm,persistence,0.17796064913272858
0,monsoon,1,tp_mm,persistence,1.2047940492630005
1,monsoon,1,tp_mm,persistence,2.1786365509033203
2,monsoon,1,tp_mm,persistence,3.64770770072937
3,monsoon,1,tp_mm,persistence,1.0619988441467285
4,monsoon,1,tp_mm,persistence,1.429685115814209
5,monsoon,1,tp_mm,persistence,2.1186037063598633
6,monsoon,1,tp_mm,persistence,4.717103958129883
7,monsoon,1,tp_mm,persistence,6.28024959564209
8,monsoon,1,tp_mm,persistence,8.179265975952148
9,monsoon,1,tp_mm,persistence,8.446728706359863
100,monsoon,1,tp_mm,persistence,0.9763100147247314
101,monsoon,1,tp_mm,persistence,2.649244546890259
102,monsoon,1,tp_mm,persistence,4.592230319976807
103,monsoon,1,tp_mm,persistence,3.0418477058410645
104,monsoon,1,tp_mm,persistence,2.9951047897338867
105,monsoon,1,tp_mm,persistence,4.319183826446533
106,monsoon,1,tp_mm,persistence,6.546531677246094
107,monsoon,1,tp_mm,persistence,7.515589237213135
108,monsoon,1,tp_mm,persistence,9.02573299407959
109,monsoon,1,tp_mm,persistence,9.883564949035645
200,monsoon,1,tp_mm,persistence,0.9158780574798584
201,monsoon,1,tp_mm,persistence,4.477963924407959
202,monsoon,1,tp_mm,persistence,5.611242294311523
203,monsoon,1,tp_mm,persistence,3.891368865966797
204,monsoon,1,tp_mm,persistence,4.329160213470459
205,monsoon,1,tp_mm,persistence,8.937481880187988
206,monsoon,1,tp_mm,persistence,8.316902160644531
207,monsoon,1,tp_mm,persistence,9.100285530090332
208,monsoon,1,tp_mm,persistence,9.035908699035645
209,monsoon,1,tp_mm,persistence,9.994518280029297
300,monsoon,1,tp_mm,persistence,2.1187517642974854
301,monsoon,1,tp_mm,persistence,6.672038555145264
302,monsoon,1,tp_mm,persistence,6.1392292976379395
303,monsoon,1,tp_mm,persistence,6.453949928283691
304,monsoon,1,tp_mm,persistence,7.725052833557129
305,monsoon,1,tp_mm,persistence,7.854135513305664
306,monsoon,1,tp_mm,persistence,7.581465721130371
307,monsoon,1,tp_mm,persistence,8.349939346313477
308,monsoon,1,tp_mm,persistence,9.917003631591797
309,monsoon,1,tp_mm,persistence,9.926897048950195
400,monsoon,1,tp_mm,persistence,8.376505851745605
401,monsoon,1,tp_mm,persistence,10.017842292785645
402,monsoon,1,tp_mm,persistence,8.904797554016113
403,monsoon,1,tp_mm,persistence,10.664523124694824
404,monsoon,1,tp_mm,persistence,10.542221069335938
405,monsoon,1,tp_mm,persistence,9.955653190612793
406,monsoon,1,tp_mm,persistence,8.6428861618042
407,monsoon,1,tp_mm,persistence,9.669294357299805
408,monsoon,1,tp_mm,persistence,10.596192359924316
409,monsoon,1,tp_mm,persistence,8.050942420959473
500,monsoon,1,tp_mm,persistence,5.459085464477539
501,monsoon,1,tp_mm,persistence,9.066987037658691
502,monsoon,1,tp_mm,persistence,8.762890815734863
503,monsoon,1,tp_mm,persistence,11.189217567443848
504,monsoon,1,tp_mm,persistence,8.995529174804688
505,monsoon,1,tp_mm,persistence,8.725788116455078
506,monsoon,1,tp_mm,persistence,9.332149505615234
507,monsoon,1,tp_mm,persistence,11.041454315185547
508,monsoon,1,tp_mm,persistence,10.275593757629395
509,monsoon,1,tp_mm,persistence,9.032819747924805
600,monsoon,1,tp_mm,persistence,3.082695245742798
601,monsoon,1,tp_mm,persistence,3.256040096282959
602,monsoon,1,tp_mm,persistence,5.854768753051758
603,monsoon,1,tp_mm,persistence,7.09733772277832
604,monsoon,1,tp_mm,persistence,9.330556869506836
605,monsoon,1,tp_mm,persistence,10.188525199890137
606,monsoon,1,tp_mm,persistence,12.28757381439209
607,monsoon,1,tp_mm,persistence,12.832444190979004
608,monsoon,1,tp_mm,persistence,12.927311897277832
609,monsoon,1,tp_mm,persistence,17.001422882080078
700,monsoon,1,tp_mm,persistence,1.7371631860733032
701,monsoon,1,tp_mm,persistence,1.9680238962173462
702,monsoon,1,tp_mm,persistence,4.6325788497924805
703,monsoon,1,tp_mm,persistence,10.531126022338867
704,monsoon,1,tp_mm,persistence,10.10430908203125
705,monsoon,1,tp_mm,persistence,6.779993057250977
706,monsoon,1,tp_mm,persistence,4.318927764892578
707,monsoon,1,tp_mm,persistence,3.847324848175049
708,monsoon,1,tp_mm,persistence,5.579311370849609
709,monsoon,1,tp_mm,persistence,7.102043628692627
800,monsoon,1,tp_mm,persistence,1.987263560295105
801,monsoon,1,tp_mm,persistence,3.293510913848877
802,monsoon,1,tp_mm,persistence,8.594587326049805
803,monsoon,1,tp_mm,persistence,4.434171676635742
804,monsoon,1,tp_mm,persistence,2.767977714538574
805,monsoon,1,tp_mm,persistence,2.8043887615203857
806,monsoon,1,tp_mm,persistence,2.8737194538116455
807,monsoon,1,tp_mm,persistence,3.485935688018799
808,monsoon,1,tp_mm,persistence,3.961516857147217
809,monsoon,1,tp_mm,persistence,3.867957830429077
900,monsoon,1,tp_mm,persistence,0.5617929100990295
901,monsoon,1,tp_mm,persistence,3.7245750427246094
902,monsoon,1,tp_mm,persistence,3.3598146438598633
903,monsoon,1,tp_mm,persistence,1.9941109418869019
904,monsoon,1,tp_mm,persistence,2.145613670349121
905,monsoon,1,tp_mm,persistence,2.301279306411743
906,monsoon,1,tp_mm,persistence,2.6180896759033203
907,monsoon,1,tp_mm,persistence,3.2142162322998047
908,monsoon,1,tp_mm,persistence,3.0179104804992676
909,monsoon,1,tp_mm,persistence,2.711344003677368
1000,monsoon,1,tp_mm,persistence,0.006648210342973471
1001,monsoon,1,tp_mm,persistence,0.5337366461753845
1002,monsoon,1,tp_mm,persistence,2.1490867137908936
1003,monsoon,1,tp_mm,persistence,1.5604357719421387
1004,monsoon,1,tp_mm,persistence,0.1447659283876419
1005,monsoon,1,tp_mm,persistence,0.9589791297912598
1006,monsoon,1,tp_mm,persistence,1.6920887231826782
1007,monsoon,1,tp_mm,persistence,2.182483673095703
1008,monsoon,1,tp_mm,persistence,0.6381227374076843
1009,monsoon,1,tp_mm,persistence,0.4812570810317993
0,post_monsoon,1,tp_mm,persistence,4.576425075531006
1,post_monsoon,1,tp_mm,persistence,5.459746837615967
2,post_monsoon,1,tp_mm,persistence,6.391211032867432
3,post_monsoon,1,tp_mm,persistence,10.489115715026855
4,post_monsoon,1,tp_mm,persistence,8.14823055267334
5,post_monsoon,1,tp_mm,persistence,6.259178638458252
6,post_monsoon,1,tp_mm,persistence,6.830773830413818
7,post_monsoon,1,tp_mm,persistence,6.645628452301025
8,post_monsoon,1,tp_mm,persistence,8.664398193359375
9,post_monsoon,1,tp_mm,persistence,9.511977195739746
100,post_monsoon,1,tp_mm,persistence,7.105685234069824
101,post_monsoon,1,tp_mm,persistence,6.099870681762695
102,post_monsoon,1,tp_mm,persistence,5.855190277099609
103,post_monsoon,1,tp_mm,persistence,4.551847457885742
104,post_monsoon,1,tp_mm,persistence,8.916540145874023
105,post_monsoon,1,tp_mm,persistence,12.678791999816895
106,post_monsoon,1,tp_mm,persistence,9.187649726867676
107,post_monsoon,1,tp_mm,persistence,8.60158920288086
108,post_monsoon,1,tp_mm,persistence,9.05424976348877
109,post_monsoon,1,tp_mm,persistence,5.848148345947266
200,post_monsoon,1,tp_mm,persistence,4.622561931610107
201,post_monsoon,1,tp_mm,persistence,4.702746868133545
202,post_monsoon,1,tp_mm,persistence,3.8860723972320557
203,post_monsoon,1,tp_mm,persistence,3.4101145267486572
204,post_monsoon,1,tp_mm,persistence,12.178485870361328
205,post_monsoon,1,tp_mm,persistence,10.722980499267578
206,post_monsoon,1,tp_mm,persistence,7.597322940826416
207,post_monsoon,1,tp_mm,persistence,5.935129642486572
208,post_monsoon,1,tp_mm,persistence,6.142999649047852
209,post_monsoon,1,tp_mm,persistence,4.654377460479736
300,post_monsoon,1,tp_mm,persistence,4.688399791717529
301,post_monsoon,1,tp_mm,persistence,4.522934436798096
302,post_monsoon,1,tp_mm,persistence,2.2072019577026367
303,post_monsoon,1,tp_mm,persistence,4.1797285079956055
304,post_monsoon,1,tp_mm,persistence,5.608401298522949
305,post_monsoon,1,tp_mm,persistence,7.161092758178711
306,post_monsoon,1,tp_mm,persistence,3.1319212913513184
307,post_monsoon,1,tp_mm,persistence,3.6688432693481445
308,post_monsoon,1,tp_mm,persistence,4.023573398590088
309,post_monsoon,1,tp_mm,persistence,2.7883458137512207
400,post_monsoon,1,tp_mm,persistence,8.027016639709473
401,post_monsoon,1,tp_mm,persistence,5.176206111907959
402,post_monsoon,1,tp_mm,persistence,2.338085889816284
403,post_monsoon,1,tp_mm,persistence,3.069347381591797
404,post_monsoon,1,tp_mm,persistence,2.798386812210083
405,post_monsoon,1,tp_mm,persistence,3.2553672790527344
406,post_monsoon,1,tp_mm,persistence,3.4966468811035156
407,post_monsoon,1,tp_mm,persistence,2.58431339263916
408,post_monsoon,1,tp_mm,persistence,2.68762469291687
409,post_monsoon,1,tp_mm,persistence,2.3432111740112305
500,post_monsoon,1,tp_mm,persistence,2.4916629791259766
501,post_monsoon,1,tp_mm,persistence,3.5780513286590576
502,post_monsoon,1,tp_mm,persistence,2.366264581680298
503,post_monsoon,1,tp_mm,persistence,2.036299705505371
504,post_monsoon,1,tp_mm,persistence,2.7324044704437256
505,post_monsoon,1,tp_mm,persistence,2.382967948913574
506,post_monsoon,1,tp_mm,persistence,2.0673153400421143
507,post_monsoon,1,tp_mm,persistence,2.180870771408081
508,post_monsoon,1,tp_mm,persistence,1.86161208152771
509,post_monsoon,1,tp_mm,persistence,2.8035571575164795
600,post_monsoon,1,tp_mm,persistence,0.1867654025554657
601,post_monsoon,1,tp_mm,persistence,0.6520936489105225
602,post_monsoon,1,tp_mm,persistence,2.063384771347046
603,post_monsoon,1,tp_mm,persistence,2.941718101501465
604,post_monsoon,1,tp_mm,persistence,3.8547732830047607
605,post_monsoon,1,tp_mm,persistence,7.895692825317383
606,post_monsoon,1,tp_mm,persistence,8.688301086425781
607,post_monsoon,1,tp_mm,persistence,5.589013576507568
608,post_monsoon,1,tp_mm,persistence,2.76735258102417
609,post_monsoon,1,tp_mm,persistence,2.7404284477233887
700,post_monsoon,1,tp_mm,persistence,0.15187107026576996
701,post_monsoon,1,tp_mm,persistence,0.1141015961766243
702,post_monsoon,1,tp_mm,persistence,0.4428243339061737
703,post_monsoon,1,tp_mm,persistence,0.6762377023696899
704,post_monsoon,1,tp_mm,persistence,1.4645934104919434
705,post_monsoon,1,tp_mm,persistence,3.006307601928711
706,post_monsoon,1,tp_mm,persistence,2.0293526649475098
707,post_monsoon,1,tp_mm,persistence,1.6210179328918457
708,post_monsoon,1,tp_mm,persistence,2.188995838165283
709,post_monsoon,1,tp_mm,persistence,2.7590794563293457
800,post_monsoon,1,tp_mm,persistence,0.4716661870479584
801,post_monsoon,1,tp_mm,persistence,0.7108612060546875
802,post_monsoon,1,tp_mm,persistence,0.45345959067344666
803,post_monsoon,1,tp_mm,persistence,0.208490252494812
804,post_monsoon,1,tp_mm,persistence,0.07398348301649094
805,post_monsoon,1,tp_mm,persistence,0.23758673667907715
806,post_monsoon,1,tp_mm,persistence,0.5293859839439392
807,post_monsoon,1,tp_mm,persistence,0.9897921085357666
808,post_monsoon,1,tp_mm,persistence,1.669400691986084
809,post_monsoon,1,tp_mm,persistence,1.709526777267456
900,post_monsoon,1,tp_mm,persistence,0.5205796360969543
901,post_monsoon,1,tp_mm,persistence,0.988341212272644
902,post_monsoon,1,tp_mm,persistence,1.0989298820495605
903,post_monsoon,1,tp_mm,persistence,0.324927419424057
904,post_monsoon,1,tp_mm,persistence,0.23096591234207153
905,post_monsoon,1,tp_mm,persistence,0.18822886049747467
906,post_monsoon,1,tp_mm,persistence,0.18795853853225708
907,post_monsoon,1,tp_mm,persistence,0.36607760190963745
908,post_monsoon,1,tp_mm,persistence,0.438287615776062
909,post_monsoon,1,tp_mm,persistence,0.6999892592430115
1000,post_monsoon,1,tp_mm,persistence,0.31737276911735535
1001,post_monsoon,1,tp_mm,persistence,0.7313992381095886
1002,post_monsoon,1,tp_mm,persistence,0.4498080313205719
1003,post_monsoon,1,tp_mm,persistence,0.4129598140716553
1004,post_monsoon,1,tp_mm,persistence,0.01646343059837818
1005,post_monsoon,1,tp_mm,persistence,0.11213202029466629
1006,post_monsoon,1,tp_mm,persistence,0.14790108799934387
1007,post_monsoon,1,tp_mm,persistence,0.2200666218996048
1008,post_monsoon,1,tp_mm,persistence,0.11142303794622421
1009,post_monsoon,1,tp_mm,persistence,0.020646212622523308
0,winter,1,tp_mm,recent3,3.8844804763793945
1,winter,1,tp_mm,recent3,1.7048861980438232
2,winter,1,tp_mm,recent3,0.47201284766197205
3,winter,1,tp_mm,recent3,1.3729307651519775
4,winter,1,tp_mm,recent3,3.3589887619018555
5,winter,1,tp_mm,recent3,3.2310402393341064
6,winter,1,tp_mm,recent3,3.856106996536255
7,winter,1,tp_mm,recent3,6.192405700683594
8,winter,1,tp_mm,recent3,4.699535369873047
9,winter,1,tp_mm,recent3,2.2083983421325684
100,winter,1,tp_mm,recent3,0.7625435590744019
101,winter,1,tp_mm,recent3,0.11982005089521408
102,winter,1,tp_mm,recent3,0.1298341155052185
103,winter,1,tp_mm,recent3,0.34394800662994385
104,winter,1,tp_mm,recent3,2.156503200531006
105,winter,1,tp_mm,recent3,2.892350196838379
106,winter,1,tp_mm,recent3,4.201240539550781
107,winter,1,tp_mm,recent3,5.43438196182251
108,winter,1,tp_mm,recent3,2.2467799186706543
109,winter,1,tp_mm,recent3,0.4736369848251343
200,winter,1,tp_mm,recent3,0.07412634789943695
201,winter,1,tp_mm,recent3,0.01182354986667633
202,winter,1,tp_mm,recent3,0.005147093906998634
203,winter,1,tp_mm,recent3,0.03373107686638832
204,winter,1,tp_mm,recent3,0.1519131064414978
205,winter,1,tp_mm,recent3,0.2311948984861374
206,winter,1,tp_mm,recent3,0.26145637035369873
207,winter,1,tp_mm,recent3,0.3990209698677063
208,winter,1,tp_mm,recent3,0.25885340571403503
209,winter,1,tp_mm,recent3,0.06820733100175858
300,winter,1,tp_mm,recent3,0.04597039148211479
301,winter,1,tp_mm,recent3,0.0014935501385480165
302,winter,1,tp_mm,recent3,0.0024187711533159018
303,winter,1,tp_mm,recent3,0.0008648805669508874
304,winter,1,tp_mm,recent3,0.014018620364367962
305,winter,1,tp_mm,recent3,0.04533681273460388
306,winter,1,tp_mm,recent3,0.027291322126984596
307,winter,1,tp_mm,recent3,0.07339367270469666
308,winter,1,tp_mm,recent3,0.06262853741645813
309,winter,1,tp_mm,recent3,0.07806655019521713
400,winter,1,tp_mm,recent3,0.019848592579364777
401,winter,1,tp_mm,recent3,0.00012583202624227852
402,winter,1,tp_mm,recent3,0.005258944816887379
403,winter,1,tp_mm,recent3,0.00737797562032938
404,winter,1,tp_mm,recent3,0.00011037896911147982
405,winter,1,tp_mm,recent3,0.014610742218792439
406,winter,1,tp_mm,recent3,0.05083589255809784
407,winter,1,tp_mm,recent3,0.06647585332393646
408,winter,1,tp_mm,recent3,0.05334640294313431
409,winter,1,tp_mm,recent3,0.024243799969553947
500,winter,1,tp_mm,recent3,0.001240414334461093
501,winter,1,tp_mm,recent3,0.003156838472932577
502,winter,1,tp_mm,recent3,0.001833517337217927
503,winter,1,tp_mm,recent3,0.05110570788383484
504,winter,1,tp_mm,recent3,0.03299717977643013
505,winter,1,tp_mm,recent3,0.004461272619664669
506,winter,1,tp_mm,recent3,0.03549542278051376
507,winter,1,tp_mm,recent3,0.19152027368545532
508,winter,1,tp_mm,recent3,0.22292454540729523
509,winter,1,tp_mm,recent3,0.07163579016923904
600,winter,1,tp_mm,recent3,0.036970578134059906
601,winter,1,tp_mm,recent3,0.14144697785377502
602,winter,1,tp_mm,recent3,0.2896084189414978
603,winter,1,tp_mm,recent3,0.22713515162467957
604,winter,1,tp_mm,recent3,0.08622584491968155
605,winter,1,tp_mm,recent3,0.12527865171432495
606,winter,1,tp_mm,recent3,0.8035581707954407
607,winter,1,tp_mm,recent3,1.1840368509292603
608,winter,1,tp_mm,recent3,2.159747362136841
609,winter,1,tp_mm,recent3,1.7643531560897827
700,winter,1,tp_mm,recent3,0.18212014436721802
701,winter,1,tp_mm,recent3,0.2531804144382477
702,winter,1,tp_mm,recent3,1.1541136503219604
703,winter,1,tp_mm,recent3,1.6341261863708496
704,winter,1,tp_mm,recent3,2.2224044799804688
705,winter,1,tp_mm,recent3,1.0351624488830566
706,winter,1,tp_mm,recent3,0.27050673961639404
707,winter,1,tp_mm,recent3,0.4588770270347595
708,winter,1,tp_mm,recent3,2.4775214195251465
709,winter,1,tp_mm,recent3,4.731678485870361
800,winter,1,tp_mm,recent3,1.3953242301940918
801,winter,1,tp_mm,recent3,0.45204654335975647
802,winter,1,tp_mm,recent3,2.5020298957824707
803,winter,1,tp_mm,recent3,2.4128427505493164
804,winter,1,tp_mm,recent3,0.4723690450191498
805,winter,1,tp_mm,recent3,0.1774793267250061
806,winter,1,tp_mm,recent3,0.16466261446475983
807,winter,1,tp_mm,recent3,0.15082500874996185
808,winter,1,tp_mm,recent3,0.3398225009441376
809,winter,1,tp_mm,recent3,0.588645339012146
900,winter,1,tp_mm,recent3,2.4415431022644043
901,winter,1,tp_mm,recent3,2.760026693344116
902,winter,1,tp_mm,recent3,2.4639127254486084
903,winter,1,tp_mm,recent3,0.7348232269287109
904,winter,1,tp_mm,recent3,0.4085012674331665
905,winter,1,tp_mm,recent3,0.41208910942077637
906,winter,1,tp_mm,recent3,0.3398330807685852
907,winter,1,tp_mm,recent3,0.35755330324172974
908,winter,1,tp_mm,recent3,0.2544495165348053
909,winter,1,tp_mm,recent3,0.29736027121543884
1000,winter,1,tp_mm,recent3,1.4742422103881836
1001,winter,1,tp_mm,recent3,1.0801862478256226
1002,winter,1,tp_mm,recent3,1.0405381917953491
1003,winter,1,tp_mm,recent3,0.49709978699684143
1004,winter,1,tp_mm,recent3,0.03549199178814888
1005,winter,1,tp_mm,recent3,0.2440640926361084
1006,winter,1,tp_mm,recent3,0.47469139099121094
1007,winter,1,tp_mm,recent3,0.49996376037597656
1008,winter,1,tp_mm,recent3,0.14383409917354584
1009,winter,1,tp_mm,recent3,0.04040360823273659
0,pre_monsoon,1,tp_mm,recent3,1.5932849645614624
1,pre_monsoon,1,tp_mm,recent3,3.173231840133667
2,pre_monsoon,1,tp_mm,recent3,4.087361812591553
3,pre_monsoon,1,tp_mm,recent3,4.9641876220703125
4,pre_monsoon,1,tp_mm,recent3,3.697896718978882
5,pre_monsoon,1,tp_mm,recent3,5.106496810913086
6,pre_monsoon,1,tp_mm,recent3,6.227262020111084
7,pre_monsoon,1,tp_mm,recent3,7.038994789123535
8,pre_monsoon,1,tp_mm,recent3,7.618315696716309
9,pre_monsoon,1,tp_mm,recent3,6.498711109161377
100,pre_monsoon,1,tp_mm,recent3,0.17048269510269165
101,pre_monsoon,1,tp_mm,recent3,1.9396955966949463
102,pre_monsoon,1,tp_mm,recent3,4.079950332641602
103,pre_monsoon,1,tp_mm,recent3,3.016505002975464
104,pre_monsoon,1,tp_mm,recent3,3.0222713947296143
105,pre_monsoon,1,tp_mm,recent3,2.4598333835601807
106,pre_monsoon,1,tp_mm,recent3,3.856001615524292
107,pre_monsoon,1,tp_mm,recent3,6.313032150268555
108,pre_monsoon,1,tp_mm,recent3,4.737374305725098
109,pre_monsoon,1,tp_mm,recent3,4.740195274353027
200,pre_monsoon,1,tp_mm,recent3,0.32000863552093506
201,pre_monsoon,1,tp_mm,recent3,2.6856577396392822
202,pre_monsoon,1,tp_mm,recent3,3.7865219116210938
203,pre_monsoon,1,tp_mm,recent3,1.7599951028823853
204,pre_monsoon,1,tp_mm,recent3,1.268911600112915
205,pre_monsoon,1,tp_mm,recent3,1.3458658456802368
206,pre_monsoon,1,tp_mm,recent3,4.046416282653809
207,pre_monsoon,1,tp_mm,recent3,6.097446441650391
208,pre_monsoon,1,tp_mm,recent3,3.0036258697509766
209,pre_monsoon,1,tp_mm,recent3,2.664677858352661
300,pre_monsoon,1,tp_mm,recent3,0.7539076209068298
301,pre_monsoon,1,tp_mm,recent3,3.0308308601379395
302,pre_monsoon,1,tp_mm,recent3,1.3553824424743652
303,pre_monsoon,1,tp_mm,recent3,1.0869479179382324
304,pre_monsoon,1,tp_mm,recent3,1.1583112478256226
305,pre_monsoon,1,tp_mm,recent3,1.157549262046814
306,pre_monsoon,1,tp_mm,recent3,3.5204577445983887
307,pre_monsoon,1,tp_mm,recent3,2.309499740600586
308,pre_monsoon,1,tp_mm,recent3,1.8077327013015747
309,pre_monsoon,1,tp_mm,recent3,2.2634003162384033
400,pre_monsoon,1,tp_mm,recent3,0.30776387453079224
401,pre_monsoon,1,tp_mm,recent3,0.7714611887931824
402,pre_monsoon,1,tp_mm,recent3,0.5574438571929932
403,pre_monsoon,1,tp_mm,recent3,0.6397479772567749
404,pre_monsoon,1,tp_mm,recent3,0.8464183807373047
405,pre_monsoon,1,tp_mm,recent3,1.0538634061813354
406,pre_monsoon,1,tp_mm,recent3,1.1402767896652222
407,pre_monsoon,1,tp_mm,recent3,1.4074229001998901
408,pre_monsoon,1,tp_mm,recent3,1.460655927658081
409,pre_monsoon,1,tp_mm,recent3,1.7481919527053833
500,pre_monsoon,1,tp_mm,recent3,0.21741962432861328
501,pre_monsoon,1,tp_mm,recent3,0.7628015875816345
502,pre_monsoon,1,tp_mm,recent3,0.65666264295578
503,pre_monsoon,1,tp_mm,recent3,0.2589021921157837
504,pre_monsoon,1,tp_mm,recent3,0.48101717233657837
505,pre_monsoon,1,tp_mm,recent3,1.3606188297271729
506,pre_monsoon,1,tp_mm,recent3,3.273205041885376
507,pre_monsoon,1,tp_mm,recent3,3.63702130317688
508,pre_monsoon,1,tp_mm,recent3,2.1806318759918213
509,pre_monsoon,1,tp_mm,recent3,3.334834098815918
600,pre_monsoon,1,tp_mm,recent3,0.11400452256202698
601,pre_monsoon,1,tp_mm,recent3,0.380596399307251
602,pre_monsoon,1,tp_mm,recent3,0.5834118723869324
603,pre_monsoon,1,tp_mm,recent3,0.33722373843193054
604,pre_monsoon,1,tp_mm,recent3,0.7951916456222534
605,pre_monsoon,1,tp_mm,recent3,2.7916433811187744
606,pre_monsoon,1,tp_mm,recent3,5.202433109283447
607,pre_monsoon,1,tp_mm,recent3,5.1200761795043945
608,pre_monsoon,1,tp_mm,recent3,5.120275497436523
609,pre_monsoon,1,tp_mm,recent3,4.378444671630859
700,pre_monsoon,1,tp_mm,recent3,0.49990102648735046
701,pre_monsoon,1,tp_mm,recent3,0.38501080870628357
702,pre_monsoon,1,tp_mm,recent3,1.1407315731048584
703,pre_monsoon,1,tp_mm,recent3,2.5912225246429443
704,pre_monsoon,1,tp_mm,recent3,2.612210273742676
705,pre_monsoon,1,tp_mm,recent3,1.6895054578781128
706,pre_monsoon,1,tp_mm,recent3,1.3215051889419556
707,pre_monsoon,1,tp_mm,recent3,1.717743158340454
708,pre_monsoon,1,tp_mm,recent3,3.6292850971221924
709,pre_monsoon,1,tp_mm,recent3,6.502011299133301
800,pre_monsoon,1,tp_mm,recent3,1.6053693294525146
801,pre_monsoon,1,tp_mm,recent3,2.183800220489502
802,pre_monsoon,1,tp_mm,recent3,4.332418441772461
803,pre_monsoon,1,tp_mm,recent3,2.705965757369995
804,pre_monsoon,1,tp_mm,recent3,0.7833189964294434
805,pre_monsoon,1,tp_mm,recent3,0.6332751512527466
806,pre_monsoon,1,tp_mm,recent3,0.7946676015853882
807,pre_monsoon,1,tp_mm,recent3,0.888215184211731
808,pre_monsoon,1,tp_mm,recent3,1.5320578813552856
809,pre_monsoon,1,tp_mm,recent3,1.5664784908294678
900,pre_monsoon,1,tp_mm,recent3,3.115291118621826
901,pre_monsoon,1,tp_mm,recent3,5.452106952667236
902,pre_monsoon,1,tp_mm,recent3,4.92527961730957
903,pre_monsoon,1,tp_mm,recent3,1.6761566400527954
904,pre_monsoon,1,tp_mm,recent3,0.9234970808029175
905,pre_monsoon,1,tp_mm,recent3,0.8268734812736511
906,pre_monsoon,1,tp_mm,recent3,0.7046251893043518
907,pre_monsoon,1,tp_mm,recent3,1.0367745161056519
908,pre_monsoon,1,tp_mm,recent3,1.1113944053649902
909,pre_monsoon,1,tp_mm,recent3,0.900995671749115
1000,pre_monsoon,1,tp_mm,recent3,2.6721391677856445
1001,pre_monsoon,1,tp_mm,recent3,2.7469875812530518
1002,pre_monsoon,1,tp_mm,recent3,1.9890131950378418
1003,pre_monsoon,1,tp_mm,recent3,1.869730830192566
1004,pre_monsoon,1,tp_mm,recent3,0.19256693124771118
1005,pre_monsoon,1,tp_mm,recent3,0.6864781975746155
1006,pre_monsoon,1,tp_mm,recent3,0.7017035484313965
1007,pre_monsoon,1,tp_mm,recent3,1.0246750116348267
1008,pre_monsoon,1,tp_mm,recent3,0.3742418587207794
1009,pre_monsoon,1,tp_mm,recent3,0.16995757818222046
0,monsoon,1,tp_mm,recent3,1.500645637512207
1,monsoon,1,tp_mm,recent3,2.849376916885376
2,monsoon,1,tp_mm,recent3,4.526565074920654
3,monsoon,1,tp_mm,recent3,1.5558269023895264
4,monsoon,1,tp_mm,recent3,1.5339328050613403
5,monsoon,1,tp_mm,recent3,2.343632459640503
6,monsoon,1,tp_mm,recent3,5.509965896606445
7,monsoon,1,tp_mm,recent3,6.70836067199707
8,monsoon,1,tp_mm,recent3,7.858113765716553
9,monsoon,1,tp_mm,recent3,7.754820823669434
100,monsoon,1,tp_mm,recent3,1.264747977256775
101,monsoon,1,tp_mm,recent3,3.4314072132110596
102,monsoon,1,tp_mm,recent3,6.199923038482666
103,monsoon,1,tp_mm,recent3,3.2614543437957764
104,monsoon,1,tp_mm,recent3,3.1274614334106445
105,monsoon,1,tp_mm,recent3,4.8291707038879395
106,monsoon,1,tp_mm,recent3,7.132080078125
107,monsoon,1,tp_mm,recent3,7.547096252441406
108,monsoon,1,tp_mm,recent3,8.654508590698242
109,monsoon,1,tp_mm,recent3,9.65394401550293
200,monsoon,1,tp_mm,recent3,1.235703945159912
201,monsoon,1,tp_mm,recent3,5.266653060913086
202,monsoon,1,tp_mm,recent3,6.480013847351074
203,monsoon,1,tp_mm,recent3,3.958672046661377
204,monsoon,1,tp_mm,recent3,4.643526077270508
205,monsoon,1,tp_mm,recent3,10.296319007873535
206,monsoon,1,tp_mm,recent3,9.688483238220215
207,monsoon,1,tp_mm,recent3,9.772485733032227
208,monsoon,1,tp_mm,recent3,9.332715034484863
209,monsoon,1,tp_mm,recent3,10.69395637512207
300,monsoon,1,tp_mm,recent3,3.1280832290649414
301,monsoon,1,tp_mm,recent3,8.47049617767334
302,monsoon,1,tp_mm,recent3,6.263981342315674
303,monsoon,1,tp_mm,recent3,6.733285903930664
304,monsoon,1,tp_mm,recent3,7.711737632751465
305,monsoon,1,tp_mm,recent3,8.815911293029785
306,monsoon,1,tp_mm,recent3,8.198812484741211
307,monsoon,1,tp_mm,recent3,8.397878646850586
308,monsoon,1,tp_mm,recent3,9.945991516113281
309,monsoon,1,tp_mm,recent3,9.82619571685791
400,monsoon,1,tp_mm,recent3,7.284792423248291
401,monsoon,1,tp_mm,recent3,10.475732803344727
402,monsoon,1,tp_mm,recent3,9.257465362548828
403,monsoon,1,tp_mm,recent3,10.142011642456055
404,monsoon,1,tp_mm,recent3,10.345279693603516
405,monsoon,1,tp_mm,recent3,9.880843162536621
406,monsoon,1,tp_mm,recent3,9.319377899169922
407,monsoon,1,tp_mm,recent3,10.723155975341797
408,monsoon,1,tp_mm,recent3,11.548351287841797
409,monsoon,1,tp_mm,recent3,7.89918851852417
500,monsoon,1,tp_mm,recent3,5.707043647766113
501,monsoon,1,tp_mm,recent3,10.204438209533691
502,monsoon,1,tp_mm,recent3,8.433965682983398
503,monsoon,1,tp_mm,recent3,10.411383628845215
504,monsoon,1,tp_mm,recent3,8.748516082763672
505,monsoon,1,tp_mm,recent3,9.310367584228516
506,monsoon,1,tp_mm,recent3,9.611653327941895
507,monsoon,1,tp_mm,recent3,11.098301887512207
508,monsoon,1,tp_mm,recent3,10.117670059204102
509,monsoon,1,tp_mm,recent3,8.327014923095703
600,monsoon,1,tp_mm,recent3,3.168025016784668
601,monsoon,1,tp_mm,recent3,3.48378849029541
602,monsoon,1,tp_mm,recent3,5.638134956359863
603,monsoon,1,tp_mm,recent3,6.920938014984131
604,monsoon,1,tp_mm,recent3,9.143172264099121
605,monsoon,1,tp_mm,recent3,9.84622859954834
606,monsoon,1,tp_mm,recent3,12.392022132873535
607,monsoon,1,tp_mm,recent3,13.021202087402344
608,monsoon,1,tp_mm,recent3,12.951196670532227
609,monsoon,1,tp_mm,recent3,16.88062286376953
700,monsoon,1,tp_mm,recent3,1.8121778964996338
701,monsoon,1,tp_mm,recent3,2.3037357330322266
702,monsoon,1,tp_mm,recent3,5.017050266265869
703,monsoon,1,tp_mm,recent3,10.040483474731445
704,monsoon,1,tp_mm,recent3,8.840812683105469
705,monsoon,1,tp_mm,recent3,6.01799201965332
706,monsoon,1,tp_mm,recent3,4.11122465133667
707,monsoon,1,tp_mm,recent3,3.91680908203125
708,monsoon,1,tp_mm,recent3,5.545882225036621
709,monsoon,1,tp_mm,recent3,8.02866268157959
800,monsoon,1,tp_mm,recent3,1.8536616563796997
801,monsoon,1,tp_mm,recent3,3.5370395183563232
802,monsoon,1,tp_mm,recent3,8.86762809753418
803,monsoon,1,tp_mm,recent3,4.4585466384887695
804,monsoon,1,tp_mm,recent3,2.7459909915924072
805,monsoon,1,tp_mm,recent3,2.7517213821411133
806,monsoon,1,tp_mm,recent3,2.818718910217285
807,monsoon,1,tp_mm,recent3,3.4793143272399902
808,monsoon,1,tp_mm,recent3,3.8633553981781006
809,monsoon,1,tp_mm,recent3,3.90320086479187
900,monsoon,1,tp_mm,recent3,0.6117465496063232
901,monsoon,1,tp_mm,recent3,3.9697189331054688
902,monsoon,1,tp_mm,recent3,3.5582313537597656
903,monsoon,1,tp_mm,recent3,2.162443161010742
904,monsoon,1,tp_mm,recent3,2.139549493789673
905,monsoon,1,tp_mm,recent3,2.3392767906188965
906,monsoon,1,tp_mm,recent3,2.603686809539795
907,monsoon,1,tp_mm,recent3,2.8946263790130615
908,monsoon,1,tp_mm,recent3,2.573375701904297
909,monsoon,1,tp_mm,recent3,2.290937662124634
1000,monsoon,1,tp_mm,recent3,0.017140155658125877
1001,monsoon,1,tp_mm,recent3,0.685459554195404
1002,monsoon,1,tp_mm,recent3,2.0891001224517822
1003,monsoon,1,tp_mm,recent3,1.545984148979187
1004,monsoon,1,tp_mm,recent3,0.22102929651737213
1005,monsoon,1,tp_mm,recent3,0.962122917175293
1006,monsoon,1,tp_mm,recent3,1.7180014848709106
1007,monsoon,1,tp_mm,recent3,2.065009117126465
1008,monsoon,1,tp_mm,recent3,0.5580248236656189
1009,monsoon,1,tp_mm,recent3,0.4420504570007324
0,post_monsoon,1,tp_mm,recent3,4.817250728607178
1,post_monsoon,1,tp_mm,recent3,6.117519378662109
2,post_monsoon,1,tp_mm,recent3,6.432186126708984
3,post_monsoon,1,tp_mm,recent3,11.369013786315918
4,post_monsoon,1,tp_mm,recent3,9.487074851989746
5,post_monsoon,1,tp_mm,recent3,6.92057466506958
6,post_monsoon,1,tp_mm,recent3,7.382872581481934
7,post_monsoon,1,tp_mm,recent3,7.755594730377197
8,post_monsoon,1,tp_mm,recent3,10.31494426727295
9,post_monsoon,1,tp_mm,recent3,10.040618896484375
100,post_monsoon,1,tp_mm,recent3,7.647034645080566
101,post_monsoon,1,tp_mm,recent3,6.319397449493408
102,post_monsoon,1,tp_mm,recent3,5.710673809051514
103,post_monsoon,1,tp_mm,recent3,4.863908767700195
104,post_monsoon,1,tp_mm,recent3,9.72525691986084
105,post_monsoon,1,tp_mm,recent3,13.215303421020508
106,post_monsoon,1,tp_mm,recent3,10.586294174194336
107,post_monsoon,1,tp_mm,recent3,9.846914291381836
108,post_monsoon,1,tp_mm,recent3,10.542041778564453
109,post_monsoon,1,tp_mm,recent3,6.575396537780762
200,post_monsoon,1,tp_mm,recent3,4.4013142585754395
201,post_monsoon,1,tp_mm,recent3,5.302403926849365
202,post_monsoon,1,tp_mm,recent3,3.7626850605010986
203,post_monsoon,1,tp_mm,recent3,3.5252528190612793
204,post_monsoon,1,tp_mm,recent3,15.223756790161133
205,post_monsoon,1,tp_mm,recent3,12.920659065246582
206,post_monsoon,1,tp_mm,recent3,8.420588493347168
207,post_monsoon,1,tp_mm,recent3,7.398674964904785
208,post_monsoon,1,tp_mm,recent3,6.932986259460449
209,post_monsoon,1,tp_mm,recent3,4.73240327835083
300,post_monsoon,1,tp_mm,recent3,5.186025142669678
301,post_monsoon,1,tp_mm,recent3,6.045999526977539
302,post_monsoon,1,tp_mm,recent3,2.1836960315704346
303,post_monsoon,1,tp_mm,recent3,4.982545852661133
304,post_monsoon,1,tp_mm,recent3,6.317549228668213
305,post_monsoon,1,tp_mm,recent3,8.643035888671875
306,post_monsoon,1,tp_mm,recent3,3.6169705390930176
307,post_monsoon,1,tp_mm,recent3,3.9776339530944824
308,post_monsoon,1,tp_mm,recent3,4.278863430023193
309,post_monsoon,1,tp_mm,recent3,3.3266611099243164
400,post_monsoon,1,tp_mm,recent3,9.27787971496582
401,post_monsoon,1,tp_mm,recent3,6.891753196716309
402,post_monsoon,1,tp_mm,recent3,2.473801612854004
403,post_monsoon,1,tp_mm,recent3,3.3469157218933105
404,post_monsoon,1,tp_mm,recent3,2.7100014686584473
405,post_monsoon,1,tp_mm,recent3,3.2841227054595947
406,post_monsoon,1,tp_mm,recent3,3.6483218669891357
407,post_monsoon,1,tp_mm,recent3,2.5735199451446533
408,post_monsoon,1,tp_mm,recent3,3.1026229858398438
409,post_monsoon,1,tp_mm,recent3,2.6970856189727783
500,post_monsoon,1,tp_mm,recent3,2.713850498199463
501,post_monsoon,1,tp_mm,recent3,3.604389190673828
502,post_monsoon,1,tp_mm,recent3,2.5607054233551025
503,post_monsoon,1,tp_mm,recent3,2.1828010082244873
504,post_monsoon,1,tp_mm,recent3,2.588357448577881
505,post_monsoon,1,tp_mm,recent3,2.100947380065918
506,post_monsoon,1,tp_mm,recent3,1.7998430728912354
507,post_monsoon,1,tp_mm,recent3,2.0030415058135986
508,post_monsoon,1,tp_mm,recent3,1.9538211822509766
509,post_monsoon,1,tp_mm,recent3,3.1600587368011475
600,post_monsoon,1,tp_mm,recent3,0.16682694852352142
601,post_monsoon,1,tp_mm,recent3,0.5845537185668945
602,post_monsoon,1,tp_mm,recent3,2.0123043060302734
603,post_monsoon,1,tp_mm,recent3,2.8757410049438477
604,post_monsoon,1,tp_mm,recent3,3.4629392623901367
605,post_monsoon,1,tp_mm,recent3,6.866639137268066
606,post_monsoon,1,tp_mm,recent3,7.539046287536621
607,post_monsoon,1,tp_mm,recent3,5.129953384399414
608,post_monsoon,1,tp_mm,recent3,2.7781198024749756
609,post_monsoon,1,tp_mm,recent3,2.9439656734466553
700,post_monsoon,1,tp_mm,recent3,0.14014899730682373
701,post_monsoon,1,tp_mm,recent3,0.1153886690735817
702,post_monsoon,1,tp_mm,recent3,0.41136807203292847
703,post_monsoon,1,tp_mm,recent3,0.6921207904815674
704,post_monsoon,1,tp_mm,recent3,1.3613979816436768
705,post_monsoon,1,tp_mm,recent3,2.5135698318481445
706,post_monsoon,1,tp_mm,recent3,1.7880431413650513
707,post_monsoon,1,tp_mm,recent3,1.5691075325012207
708,post_monsoon,1,tp_mm,recent3,2.344967842102051
709,post_monsoon,1,tp_mm,recent3,2.8177356719970703
800,post_monsoon,1,tp_mm,recent3,0.4778136610984802
801,post_monsoon,1,tp_mm,recent3,0.6832203269004822
802,post_monsoon,1,tp_mm,recent3,0.4780944287776947
803,post_monsoon,1,tp_mm,recent3,0.21871191263198853
804,post_monsoon,1,tp_mm,recent3,0.06713888049125671
805,post_monsoon,1,tp_mm,recent3,0.21400420367717743
806,post_monsoon,1,tp_mm,recent3,0.4807378053665161
807,post_monsoon,1,tp_mm,recent3,0.844196617603302
808,post_monsoon,1,tp_mm,recent3,1.3940304517745972
809,post_monsoon,1,tp_mm,recent3,1.4225958585739136
900,post_monsoon,1,tp_mm,recent3,0.5376722812652588
901,post_monsoon,1,tp_mm,recent3,1.0270823240280151
902,post_monsoon,1,tp_mm,recent3,1.201586365699768
903,post_monsoon,1,tp_mm,recent3,0.36949217319488525
904,post_monsoon,1,tp_mm,recent3,0.23622557520866394
905,post_monsoon,1,tp_mm,recent3,0.17893488705158234
906,post_monsoon,1,tp_mm,recent3,0.18839477002620697
907,post_monsoon,1,tp_mm,recent3,0.33613187074661255
908,post_monsoon,1,tp_mm,recent3,0.3772360384464264
909,post_monsoon,1,tp_mm,recent3,0.6359585523605347
1000,post_monsoon,1,tp_mm,recent3,0.27554914355278015
1001,post_monsoon,1,tp_mm,recent3,0.6214212775230408
1002,post_monsoon,1,tp_mm,recent3,0.5419233441352844
1003,post_monsoon,1,tp_mm,recent3,0.39873623847961426
1004,post_monsoon,1,tp_mm,recent3,0.013177854008972645
1005,post_monsoon,1,tp_mm,recent3,0.10739084333181381
1006,post_monsoon,1,tp_mm,recent3,0.13130798935890198
1007,post_monsoon,1,tp_mm,recent3,0.17522509396076202
1008,post_monsoon,1,tp_mm,recent3,0.0983915850520134
1009,post_monsoon,1,tp_mm,recent3,0.021281994879245758
0,winter,1,tp_mm,anom_persistence,3.688676118850708
1,winter,1,tp_mm,anom_persistence,1.5295777320861816
2,winter,1,tp_mm,anom_persistence,0.5214741230010986
3,winter,1,tp_mm,anom_persistence,1.364580512046814
4,winter,1,tp_mm,anom_persistence,4.140769004821777
5,winter,1,tp_mm,anom_persistence,3.2888994216918945
6,winter,1,tp_mm,anom_persistence,3.6890552043914795
7,winter,1,tp_mm,anom_persistence,5.14426851272583
8,winter,1,tp_mm,anom_persistence,3.2200164794921875
9,winter,1,tp_mm,anom_persistence,1.9579668045043945
100,winter,1,tp_mm,anom_persistence,0.6987504959106445
101,winter,1,tp_mm,anom_persistence,0.12011774629354477
102,winter,1,tp_mm,anom_persistence,0.13646316528320312
103,winter,1,tp_mm,anom_persistence,0.3560551702976227
104,winter,1,tp_mm,anom_persistence,2.475890874862671
105,winter,1,tp_mm,anom_persistence,3.2109601497650146
106,winter,1,tp_mm,anom_persistence,3.3388559818267822
107,winter,1,tp_mm,anom_persistence,3.714787483215332
108,winter,1,tp_mm,anom_persistence,1.4181044101715088
109,winter,1,tp_mm,anom_persistence,0.1510094404220581
200,winter,1,tp_mm,anom_persistence,0.06966152042150497
201,winter,1,tp_mm,anom_persistence,0.013539429754018784
202,winter,1,tp_mm,anom_persistence,0.007621457800269127
203,winter,1,tp_mm,anom_persistence,0.03848143294453621
204,winter,1,tp_mm,anom_persistence,0.1626255065202713
205,winter,1,tp_mm,anom_persistence,0.21841701865196228
206,winter,1,tp_mm,anom_persistence,0.2687437832355499
207,winter,1,tp_mm,anom_persistence,0.2909814119338989
208,winter,1,tp_mm,anom_persistence,0.14539512991905212
209,winter,1,tp_mm,anom_persistence,0.060716815292835236
300,winter,1,tp_mm,anom_persistence,0.05272645503282547
301,winter,1,tp_mm,anom_persistence,0.0020410658325999975
302,winter,1,tp_mm,anom_persistence,0.0023670350201427937
303,winter,1,tp_mm,anom_persistence,0.000880449777469039
304,winter,1,tp_mm,anom_persistence,0.01725597493350506
305,winter,1,tp_mm,anom_persistence,0.04231933131814003
306,winter,1,tp_mm,anom_persistence,0.02685331366956234
307,winter,1,tp_mm,anom_persistence,0.05996343120932579
308,winter,1,tp_mm,anom_persistence,0.046991076320409775
309,winter,1,tp_mm,anom_persistence,0.0330614410340786
400,winter,1,tp_mm,anom_persistence,0.023117518052458763
401,winter,1,tp_mm,anom_persistence,0.00014885894779581577
402,winter,1,tp_mm,anom_persistence,0.00512721249833703
403,winter,1,tp_mm,anom_persistence,0.006953837815672159
404,winter,1,tp_mm,anom_persistence,0.00011224615445826203
405,winter,1,tp_mm,anom_persistence,0.01193145103752613
406,winter,1,tp_mm,anom_persistence,0.044798269867897034
407,winter,1,tp_mm,anom_persistence,0.06182493269443512
408,winter,1,tp_mm,anom_persistence,0.055661268532276154
409,winter,1,tp_mm,anom_persistence,0.0031523671932518482
500,winter,1,tp_mm,anom_persistence,0.0013909121043980122
501,winter,1,tp_mm,anom_persistence,0.003960368223488331
502,winter,1,tp_mm,anom_persistence,0.0019033931894227862
503,winter,1,tp_mm,anom_persistence,0.04874929040670395
504,winter,1,tp_mm,anom_persistence,0.031176725402474403
505,winter,1,tp_mm,anom_persistence,0.004266140982508659
506,winter,1,tp_mm,anom_persistence,0.03204937279224396
507,winter,1,tp_mm,anom_persistence,0.1566430628299713
508,winter,1,tp_mm,anom_persistence,0.1831941455602646
509,winter,1,tp_mm,anom_persistence,0.05528732016682625
600,winter,1,tp_mm,anom_persistence,0.046632952988147736
601,winter,1,tp_mm,anom_persistence,0.1887153685092926
602,winter,1,tp_mm,anom_persistence,0.35939183831214905
603,winter,1,tp_mm,anom_persistence,0.2619748115539551
604,winter,1,tp_mm,anom_persistence,0.08222051709890366
605,winter,1,tp_mm,anom_persistence,0.11391127109527588
606,winter,1,tp_mm,anom_persistence,0.6259656548500061
607,winter,1,tp_mm,anom_persistence,0.8694290518760681
608,winter,1,tp_mm,anom_persistence,1.552031397819519
609,winter,1,tp_mm,anom_persistence,1.4757766723632812
700,winter,1,tp_mm,anom_persistence,0.35476887226104736
701,winter,1,tp_mm,anom_persistence,0.34205323457717896
702,winter,1,tp_mm,anom_persistence,1.2984638214111328
703,winter,1,tp_mm,anom_persistence,1.3078176975250244
704,winter,1,tp_mm,anom_persistence,1.9115530252456665
705,winter,1,tp_mm,anom_persistence,0.9929921627044678
706,winter,1,tp_mm,anom_persistence,0.24806053936481476
707,winter,1,tp_mm,anom_persistence,0.40217676758766174
708,winter,1,tp_mm,anom_persistence,1.9287891387939453
709,winter,1,tp_mm,anom_persistence,3.5082244873046875
800,winter,1,tp_mm,anom_persistence,1.1490639448165894
801,winter,1,tp_mm,anom_persistence,0.5519912838935852
802,winter,1,tp_mm,anom_persistence,2.415679693222046
803,winter,1,tp_mm,anom_persistence,1.7147111892700195
804,winter,1,tp_mm,anom_persistence,0.40253275632858276
805,winter,1,tp_mm,anom_persistence,0.1724022477865219
806,winter,1,tp_mm,anom_persistence,0.17778709530830383
807,winter,1,tp_mm,anom_persistence,0.15273481607437134
808,winter,1,tp_mm,anom_persistence,0.3270508944988251
809,winter,1,tp_mm,anom_persistence,0.5994068384170532
900,winter,1,tp_mm,anom_persistence,2.015524387359619
901,winter,1,tp_mm,anom_persistence,2.4737131595611572
902,winter,1,tp_mm,anom_persistence,2.55078125
903,winter,1,tp_mm,anom_persistence,0.581890881061554
904,winter,1,tp_mm,anom_persistence,0.343151330947876
905,winter,1,tp_mm,anom_persistence,0.34778234362602234
906,winter,1,tp_mm,anom_persistence,0.28788188099861145
907,winter,1,tp_mm,anom_persistence,0.32197272777557373
908,winter,1,tp_mm,anom_persistence,0.2425895482301712
909,winter,1,tp_mm,anom_persistence,0.26680484414100647
1000,winter,1,tp_mm,anom_persistence,1.1504119634628296
1001,winter,1,tp_mm,anom_persistence,1.0863122940063477
1002,winter,1,tp_mm,anom_persistence,0.8969640135765076
1003,winter,1,tp_mm,anom_persistence,0.37236151099205017
1004,winter,1,tp_mm,anom_persistence,0.042806223034858704
1005,winter,1,tp_mm,anom_persistence,0.23323677480220795
1006,winter,1,tp_mm,anom_persistence,0.41077956557273865
1007,winter,1,tp_mm,anom_persistence,0.41368988156318665
1008,winter,1,tp_mm,anom_persistence,0.15962068736553192
1009,winter,1,tp_mm,anom_persistence,0.053484294563531876
0,pre_monsoon,1,tp_mm,anom_persistence,1.5344913005828857
1,pre_monsoon,1,tp_mm,anom_persistence,3.1852521896362305
2,pre_monsoon,1,tp_mm,anom_persistence,3.903348207473755
3,pre_monsoon,1,tp_mm,anom_persistence,5.407144069671631
4,pre_monsoon,1,tp_mm,anom_persistence,3.705005645751953
5,pre_monsoon,1,tp_mm,anom_persistence,4.753904819488525
6,pre_monsoon,1,tp_mm,anom_persistence,5.842645645141602
7,pre_monsoon,1,tp_mm,anom_persistence,6.268327713012695
8,pre_monsoon,1,tp_mm,anom_persistence,7.874796390533447
9,pre_monsoon,1,tp_mm,anom_persistence,6.6693501472473145
100,pre_monsoon,1,tp_mm,anom_persistence,0.1657765507698059
101,pre_monsoon,1,tp_mm,anom_persistence,2.077183961868286
102,pre_monsoon,1,tp_mm,anom_persistence,4.021338939666748
103,pre_monsoon,1,tp_mm,anom_persistence,2.81551194190979
104,pre_monsoon,1,tp_mm,anom_persistence,3.2206640243530273
105,pre_monsoon,1,tp_mm,anom_persistence,2.3734500408172607
106,pre_monsoon,1,tp_mm,anom_persistence,3.7836015224456787
107,pre_monsoon,1,tp_mm,anom_persistence,5.520942211151123
108,pre_monsoon,1,tp_mm,anom_persistence,4.244275093078613
109,pre_monsoon,1,tp_mm,anom_persistence,4.528980731964111
200,pre_monsoon,1,tp_mm,anom_persistence,0.3173363506793976
201,pre_monsoon,1,tp_mm,anom_persistence,3.2718560695648193
202,pre_monsoon,1,tp_mm,anom_persistence,4.354935646057129
203,pre_monsoon,1,tp_mm,anom_persistence,1.998079776763916
204,pre_monsoon,1,tp_mm,anom_persistence,1.385666012763977
205,pre_monsoon,1,tp_mm,anom_persistence,1.5266485214233398
206,pre_monsoon,1,tp_mm,anom_persistence,3.9383676052093506
207,pre_monsoon,1,tp_mm,anom_persistence,5.391132831573486
208,pre_monsoon,1,tp_mm,anom_persistence,2.772005796432495
209,pre_monsoon,1,tp_mm,anom_persistence,2.5678906440734863
300,pre_monsoon,1,tp_mm,anom_persistence,0.7583218812942505
301,pre_monsoon,1,tp_mm,anom_persistence,2.8038601875305176
302,pre_monsoon,1,tp_mm,anom_persistence,1.4685750007629395
303,pre_monsoon,1,tp_mm,anom_persistence,1.1720107793807983
304,pre_monsoon,1,tp_mm,anom_persistence,1.3109139204025269
305,pre_monsoon,1,tp_mm,anom_persistence,1.2470213174819946
306,pre_monsoon,1,tp_mm,anom_persistence,2.988582134246826
307,pre_monsoon,1,tp_mm,anom_persistence,2.4866554737091064
308,pre_monsoon,1,tp_mm,anom_persistence,1.7946486473083496
309,pre_monsoon,1,tp_mm,anom_persistence,2.2329530715942383
400,pre_monsoon,1,tp_mm,anom_persistence,0.35650384426116943
401,pre_monsoon,1,tp_mm,anom_persistence,0.965921938419342
402,pre_monsoon,1,tp_mm,anom_persistence,0.7444953322410583
403,pre_monsoon,1,tp_mm,anom_persistence,0.7084084749221802
404,pre_monsoon,1,tp_mm,anom_persistence,0.743034839630127
405,pre_monsoon,1,tp_mm,anom_persistence,0.9569681882858276
406,pre_monsoon,1,tp_mm,anom_persistence,1.1467291116714478
407,pre_monsoon,1,tp_mm,anom_persistence,1.5379185676574707
408,pre_monsoon,1,tp_mm,anom_persistence,1.363105297088623
409,pre_monsoon,1,tp_mm,anom_persistence,1.6661216020584106
500,pre_monsoon,1,tp_mm,anom_persistence,0.22705596685409546
501,pre_monsoon,1,tp_mm,anom_persistence,0.9859029054641724
502,pre_monsoon,1,tp_mm,anom_persistence,0.8028758764266968
503,pre_monsoon,1,tp_mm,anom_persistence,0.4034487307071686
504,pre_monsoon,1,tp_mm,anom_persistence,0.4438991844654083
505,pre_monsoon,1,tp_mm,anom_persistence,1.3654745817184448
506,pre_monsoon,1,tp_mm,anom_persistence,3.150660991668701
507,pre_monsoon,1,tp_mm,anom_persistence,4.0125250816345215
508,pre_monsoon,1,tp_mm,anom_persistence,2.1892025470733643
509,pre_monsoon,1,tp_mm,anom_persistence,3.1554861068725586
600,pre_monsoon,1,tp_mm,anom_persistence,0.09767333418130875
601,pre_monsoon,1,tp_mm,anom_persistence,0.4111635982990265
602,pre_monsoon,1,tp_mm,anom_persistence,0.7332174777984619
603,pre_monsoon,1,tp_mm,anom_persistence,0.41006219387054443
604,pre_monsoon,1,tp_mm,anom_persistence,0.8784109354019165
605,pre_monsoon,1,tp_mm,anom_persistence,2.9925153255462646
606,pre_monsoon,1,tp_mm,anom_persistence,4.892738342285156
607,pre_monsoon,1,tp_mm,anom_persistence,5.374284267425537
608,pre_monsoon,1,tp_mm,anom_persistence,5.3562469482421875
609,pre_monsoon,1,tp_mm,anom_persistence,4.303581714630127
700,pre_monsoon,1,tp_mm,anom_persistence,0.40393882989883423
701,pre_monsoon,1,tp_mm,anom_persistence,0.3476467728614807
702,pre_monsoon,1,tp_mm,anom_persistence,1.172006368637085
703,pre_monsoon,1,tp_mm,anom_persistence,2.633127212524414
704,pre_monsoon,1,tp_mm,anom_persistence,2.7608249187469482
705,pre_monsoon,1,tp_mm,anom_persistence,1.757237195968628
706,pre_monsoon,1,tp_mm,anom_persistence,1.361960768699646
707,pre_monsoon,1,tp_mm,anom_persistence,1.7528785467147827
708,pre_monsoon,1,tp_mm,anom_persistence,3.279437303543091
709,pre_monsoon,1,tp_mm,anom_persistence,5.563876628875732
800,pre_monsoon,1,tp_mm,anom_persistence,1.512143611907959
801,pre_monsoon,1,tp_mm,anom_persistence,2.006992816925049
802,pre_monsoon,1,tp_mm,anom_persistence,3.5388524532318115
803,pre_monsoon,1,tp_mm,anom_persistence,2.323273181915283
804,pre_monsoon,1,tp_mm,anom_persistence,0.7389292120933533
805,pre_monsoon,1,tp_mm,anom_persistence,0.5888969898223877
806,pre_monsoon,1,tp_mm,anom_persistence,0.8048489689826965
807,pre_monsoon,1,tp_mm,anom_persistence,0.9522638320922852
808,pre_monsoon,1,tp_mm,anom_persistence,1.6560466289520264
809,pre_monsoon,1,tp_mm,anom_persistence,1.4334231615066528
900,pre_monsoon,1,tp_mm,anom_persistence,2.801480531692505
901,pre_monsoon,1,tp_mm,anom_persistence,4.3503031730651855
902,pre_monsoon,1,tp_mm,anom_persistence,4.0664801597595215
903,pre_monsoon,1,tp_mm,anom_persistence,1.4254604578018188
904,pre_monsoon,1,tp_mm,anom_persistence,0.8078120946884155
905,pre_monsoon,1,tp_mm,anom_persistence,0.9175317287445068
906,pre_monsoon,1,tp_mm,anom_persistence,0.8221637606620789
907,pre_monsoon,1,tp_mm,anom_persistence,1.2671781778335571
908,pre_monsoon,1,tp_mm,anom_persistence,1.382166862487793
909,pre_monsoon,1,tp_mm,anom_persistence,1.0915311574935913
1000,pre_monsoon,1,tp_mm,anom_persistence,2.624699831008911
1001,pre_monsoon,1,tp_mm,anom_persistence,2.5812535285949707
1002,pre_monsoon,1,tp_mm,anom_persistence,1.4994527101516724
1003,pre_monsoon,1,tp_mm,anom_persistence,1.7323981523513794
1004,pre_monsoon,1,tp_mm,anom_persistence,0.19986824691295624
1005,pre_monsoon,1,tp_mm,anom_persistence,0.6841021180152893
1006,pre_monsoon,1,tp_mm,anom_persistence,0.7675694823265076
1007,pre_monsoon,1,tp_mm,anom_persistence,1.1414364576339722
1008,pre_monsoon,1,tp_mm,anom_persistence,0.41867563128471375
1009,pre_monsoon,1,tp_mm,anom_persistence,0.18444114923477173
0,monsoon,1,tp_mm,anom_persistence,1.2113746404647827
1,monsoon,1,tp_mm,anom_persistence,2.1702017784118652
2,monsoon,1,tp_mm,anom_persistence,3.7032690048217773
3,monsoon,1,tp_mm,anom_persistence,1.0803232192993164
4,monsoon,1,tp_mm,anom_persistence,1.4687572717666626
5,monsoon,1,tp_mm,anom_persistence,2.1340079307556152
6,monsoon,1,tp_mm,anom_persistence,4.748048782348633
7,monsoon,1,tp_mm,anom_persistence,6.272761344909668
8,monsoon,1,tp_mm,anom_persistence,8.164190292358398
9,monsoon,1,tp_mm,anom_persistence,8.45570182800293
100,monsoon,1,tp_mm,anom_persistence,1.0508068799972534
101,monsoon,1,tp_mm,anom_persistence,2.6909921169281006
102,monsoon,1,tp_mm,anom_persistence,4.704351425170898
103,monsoon,1,tp_mm,anom_persistence,3.1019983291625977
104,monsoon,1,tp_mm,anom_persistence,3.084577798843384
105,monsoon,1,tp_mm,anom_persistence,4.355440616607666
106,monsoon,1,tp_mm,anom_persistence,6.631516933441162
107,monsoon,1,tp_mm,anom_persistence,7.473062515258789
108,monsoon,1,tp_mm,anom_persistence,8.941420555114746
109,monsoon,1,tp_mm,anom_persistence,9.934943199157715
200,monsoon,1,tp_mm,anom_persistence,0.9219294786453247
201,monsoon,1,tp_mm,anom_persistence,4.608821392059326
202,monsoon,1,tp_mm,anom_persistence,5.847860336303711
203,monsoon,1,tp_mm,anom_persistence,3.966398000717163
204,monsoon,1,tp_mm,anom_persistence,4.428295135498047
205,monsoon,1,tp_mm,anom_persistence,9.13432502746582
206,monsoon,1,tp_mm,anom_persistence,8.356250762939453
207,monsoon,1,tp_mm,anom_persistence,9.126923561096191
208,monsoon,1,tp_mm,anom_persistence,8.994409561157227
209,monsoon,1,tp_mm,anom_persistence,9.990828514099121
300,monsoon,1,tp_mm,anom_persistence,2.212000608444214
301,monsoon,1,tp_mm,anom_persistence,6.9892683029174805
302,monsoon,1,tp_mm,anom_persistence,6.225125312805176
303,monsoon,1,tp_mm,anom_persistence,6.61142635345459
304,monsoon,1,tp_mm,anom_persistence,7.931266784667969
305,monsoon,1,tp_mm,anom_persistence,7.914392471313477
306,monsoon,1,tp_mm,anom_persistence,7.572880268096924
307,monsoon,1,tp_mm,anom_persistence,8.418110847473145
308,monsoon,1,tp_mm,anom_persistence,9.98830795288086
309,monsoon,1,tp_mm,anom_persistence,9.975244522094727
400,monsoon,1,tp_mm,anom_persistence,8.666010856628418
401,monsoon,1,tp_mm,anom_persistence,10.326207160949707
402,monsoon,1,tp_mm,anom_persistence,8.98793888092041
403,monsoon,1,tp_mm,anom_persistence,10.77005672454834
404,monsoon,1,tp_mm,anom_persistence,10.518436431884766
405,monsoon,1,tp_mm,anom_persistence,9.844181060791016
406,monsoon,1,tp_mm,anom_persistence,8.604660987854004
407,monsoon,1,tp_mm,anom_persistence,9.754682540893555
408,monsoon,1,tp_mm,anom_persistence,10.683746337890625
409,monsoon,1,tp_mm,anom_persistence,8.076298713684082
500,monsoon,1,tp_mm,anom_persistence,5.773104667663574
501,monsoon,1,tp_mm,anom_persistence,9.480838775634766
502,monsoon,1,tp_mm,anom_persistence,8.953242301940918
503,monsoon,1,tp_mm,anom_persistence,11.22083854675293
504,monsoon,1,tp_mm,anom_persistence,9.021976470947266
505,monsoon,1,tp_mm,anom_persistence,8.848983764648438
506,monsoon,1,tp_mm,anom_persistence,9.500231742858887
507,monsoon,1,tp_mm,anom_persistence,11.228357315063477
508,monsoon,1,tp_mm,anom_persistence,10.305633544921875
509,monsoon,1,tp_mm,anom_persistence,9.031484603881836
600,monsoon,1,tp_mm,anom_persistence,3.245905876159668
601,monsoon,1,tp_mm,anom_persistence,3.3814306259155273
602,monsoon,1,tp_mm,anom_persistence,5.9927473068237305
603,monsoon,1,tp_mm,anom_persistence,7.229639053344727
604,monsoon,1,tp_mm,anom_persistence,9.424471855163574
605,monsoon,1,tp_mm,anom_persistence,10.266971588134766
606,monsoon,1,tp_mm,anom_persistence,12.45913314819336
607,monsoon,1,tp_mm,anom_persistence,12.998101234436035
608,monsoon,1,tp_mm,anom_persistence,13.013823509216309
609,monsoon,1,tp_mm,anom_persistence,17.15692901611328
700,monsoon,1,tp_mm,anom_persistence,1.819779872894287
701,monsoon,1,tp_mm,anom_persistence,2.05312442779541
702,monsoon,1,tp_mm,anom_persistence,4.715913772583008
703,monsoon,1,tp_mm,anom_persistence,10.563802719116211
704,monsoon,1,tp_mm,anom_persistence,10.168571472167969
705,monsoon,1,tp_mm,anom_persistence,6.874227523803711
706,monsoon,1,tp_mm,anom_persistence,4.352560997009277
707,monsoon,1,tp_mm,anom_persistence,3.875033140182495
708,monsoon,1,tp_mm,anom_persistence,5.645458698272705
709,monsoon,1,tp_mm,anom_persistence,7.211175918579102
800,monsoon,1,tp_mm,anom_persistence,2.020904064178467
801,monsoon,1,tp_mm,anom_persistence,3.3749563694000244
802,monsoon,1,tp_mm,anom_persistence,8.691347122192383
803,monsoon,1,tp_mm,anom_persistence,4.500269412994385
804,monsoon,1,tp_mm,anom_persistence,2.8026816844940186
805,monsoon,1,tp_mm,anom_persistence,2.828188419342041
806,monsoon,1,tp_mm,anom_persistence,2.901543378829956
807,monsoon,1,tp_mm,anom_persistence,3.538546085357666
808,monsoon,1,tp_mm,anom_persistence,4.017179012298584
809,monsoon,1,tp_mm,anom_persistence,3.925293207168579
900,monsoon,1,tp_mm,anom_persistence,0.5740596055984497
901,monsoon,1,tp_mm,anom_persistence,3.799224853515625
902,monsoon,1,tp_mm,anom_persistence,3.3980672359466553
903,monsoon,1,tp_mm,anom_persistence,2.030249834060669
904,monsoon,1,tp_mm,anom_persistence,2.175090789794922
905,monsoon,1,tp_mm,anom_persistence,2.3380417823791504
906,monsoon,1,tp_mm,anom_persistence,2.6375207901000977
907,monsoon,1,tp_mm,anom_persistence,3.2462499141693115
908,monsoon,1,tp_mm,anom_persistence,3.044617176055908
909,monsoon,1,tp_mm,anom_persistence,2.7308802604675293
1000,monsoon,1,tp_mm,anom_persistence,0.008875570259988308
1001,monsoon,1,tp_mm,anom_persistence,0.558284342288971
1002,monsoon,1,tp_mm,anom_persistence,2.185723304748535
1003,monsoon,1,tp_mm,anom_persistence,1.5761338472366333
1004,monsoon,1,tp_mm,anom_persistence,0.15119361877441406
1005,monsoon,1,tp_mm,anom_persistence,0.9752943515777588
1006,monsoon,1,tp_mm,anom_persistence,1.7130597829818726
1007,monsoon,1,tp_mm,anom_persistence,2.201700448989868
1008,monsoon,1,tp_mm,anom_persistence,0.6494249701499939
1009,monsoon,1,tp_mm,anom_persistence,0.49177661538124084
0,post_monsoon,1,tp_mm,anom_persistence,4.617955207824707
1,post_monsoon,1,tp_mm,anom_persistence,5.476057529449463
2,post_monsoon,1,tp_mm,anom_persistence,6.47476053237915
3,post_monsoon,1,tp_mm,anom_persistence,10.706671714782715
4,post_monsoon,1,tp_mm,anom_persistence,8.162418365478516
5,post_monsoon,1,tp_mm,anom_persistence,6.303333759307861
6,post_monsoon,1,tp_mm,anom_persistence,6.8899431228637695
7,post_monsoon,1,tp_mm,anom_persistence,6.698902130126953
8,post_monsoon,1,tp_mm,anom_persistence,8.658487319946289
9,post_monsoon,1,tp_mm,anom_persistence,9.440439224243164
100,post_monsoon,1,tp_mm,anom_persistence,7.193184852600098
101,post_monsoon,1,tp_mm,anom_persistence,6.214905738830566
102,post_monsoon,1,tp_mm,anom_persistence,5.998936653137207
103,post_monsoon,1,tp_mm,anom_persistence,4.658726692199707
104,post_monsoon,1,tp_mm,anom_persistence,8.922110557556152
105,post_monsoon,1,tp_mm,anom_persistence,12.9052095413208
106,post_monsoon,1,tp_mm,anom_persistence,9.359092712402344
107,post_monsoon,1,tp_mm,anom_persistence,8.777655601501465
108,post_monsoon,1,tp_mm,anom_persistence,9.068180084228516
109,post_monsoon,1,tp_mm,anom_persistence,5.832535743713379
200,post_monsoon,1,tp_mm,anom_persistence,4.776546955108643
201,post_monsoon,1,tp_mm,anom_persistence,4.8903961181640625
202,post_monsoon,1,tp_mm,anom_persistence,3.983153820037842
203,post_monsoon,1,tp_mm,anom_persistence,3.4426076412200928
204,post_monsoon,1,tp_mm,anom_persistence,12.393804550170898
205,post_monsoon,1,tp_mm,anom_persistence,10.810291290283203
206,post_monsoon,1,tp_mm,anom_persistence,7.536349773406982
207,post_monsoon,1,tp_mm,anom_persistence,5.836823463439941
208,post_monsoon,1,tp_mm,anom_persistence,6.140079975128174
209,post_monsoon,1,tp_mm,anom_persistence,4.707555770874023
300,post_monsoon,1,tp_mm,anom_persistence,4.924496650695801
301,post_monsoon,1,tp_mm,anom_persistence,4.769162654876709
302,post_monsoon,1,tp_mm,anom_persistence,2.2390565872192383
303,post_monsoon,1,tp_mm,anom_persistence,4.287430286407471
304,post_monsoon,1,tp_mm,anom_persistence,5.744950771331787
305,post_monsoon,1,tp_mm,anom_persistence,7.159731388092041
306,post_monsoon,1,tp_mm,anom_persistence,3.103306293487549
307,post_monsoon,1,tp_mm,anom_persistence,3.6648826599121094
308,post_monsoon,1,tp_mm,anom_persistence,4.098629951477051
309,post_monsoon,1,tp_mm,anom_persistence,2.845824718475342
400,post_monsoon,1,tp_mm,anom_persistence,8.282007217407227
401,post_monsoon,1,tp_mm,anom_persistence,5.4294257164001465
402,post_monsoon,1,tp_mm,anom_persistence,2.394118070602417
403,post_monsoon,1,tp_mm,anom_persistence,3.1720683574676514
404,post_monsoon,1,tp_mm,anom_persistence,2.823612928390503
405,post_monsoon,1,tp_mm,anom_persistence,3.2497670650482178
406,post_monsoon,1,tp_mm,anom_persistence,3.5074384212493896
407,post_monsoon,1,tp_mm,anom_persistence,2.597292900085449
408,post_monsoon,1,tp_mm,anom_persistence,2.713324785232544
409,post_monsoon,1,tp_mm,anom_persistence,2.3757660388946533
500,post_monsoon,1,tp_mm,anom_persistence,2.511958122253418
501,post_monsoon,1,tp_mm,anom_persistence,3.679471254348755
502,post_monsoon,1,tp_mm,anom_persistence,2.4262726306915283
503,post_monsoon,1,tp_mm,anom_persistence,2.0866034030914307
504,post_monsoon,1,tp_mm,anom_persistence,2.743276357650757
505,post_monsoon,1,tp_mm,anom_persistence,2.402311086654663
506,post_monsoon,1,tp_mm,anom_persistence,2.068723678588867
507,post_monsoon,1,tp_mm,anom_persistence,2.188035726547241
508,post_monsoon,1,tp_mm,anom_persistence,1.8810935020446777
509,post_monsoon,1,tp_mm,anom_persistence,2.84302020072937
600,post_monsoon,1,tp_mm,anom_persistence,0.1885751187801361
601,post_monsoon,1,tp_mm,anom_persistence,0.6567272543907166
602,post_monsoon,1,tp_mm,anom_persistence,2.097073554992676
603,post_monsoon,1,tp_mm,anom_persistence,2.971378803253174
604,post_monsoon,1,tp_mm,anom_persistence,3.86069917678833
605,post_monsoon,1,tp_mm,anom_persistence,7.906933307647705
606,post_monsoon,1,tp_mm,anom_persistence,8.736519813537598
607,post_monsoon,1,tp_mm,anom_persistence,5.612185478210449
608,post_monsoon,1,tp_mm,anom_persistence,2.8004300594329834
609,post_monsoon,1,tp_mm,anom_persistence,2.7876389026641846
700,post_monsoon,1,tp_mm,anom_persistence,0.15428799390792847
701,post_monsoon,1,tp_mm,anom_persistence,0.11467519402503967
702,post_monsoon,1,tp_mm,anom_persistence,0.4382774233818054
703,post_monsoon,1,tp_mm,anom_persistence,0.6463037133216858
704,post_monsoon,1,tp_mm,anom_persistence,1.46157968044281
705,post_monsoon,1,tp_mm,anom_persistence,3.011267900466919
706,post_monsoon,1,tp_mm,anom_persistence,2.040393590927124
707,post_monsoon,1,tp_mm,anom_persistence,1.6240814924240112
708,post_monsoon,1,tp_mm,anom_persistence,2.180088996887207
709,post_monsoon,1,tp_mm,anom_persistence,2.740374803543091
800,post_monsoon,1,tp_mm,anom_persistence,0.48256731033325195
801,post_monsoon,1,tp_mm,anom_persistence,0.7172787189483643
802,post_monsoon,1,tp_mm,anom_persistence,0.4532819986343384
803,post_monsoon,1,tp_mm,anom_persistence,0.20888584852218628
804,post_monsoon,1,tp_mm,anom_persistence,0.07441285252571106
805,post_monsoon,1,tp_mm,anom_persistence,0.23642031848430634
806,post_monsoon,1,tp_mm,anom_persistence,0.5247949957847595
807,post_monsoon,1,tp_mm,anom_persistence,0.9824273586273193
808,post_monsoon,1,tp_mm,anom_persistence,1.6618099212646484
809,post_monsoon,1,tp_mm,anom_persistence,1.6983129978179932
900,post_monsoon,1,tp_mm,anom_persistence,0.5369648337364197
901,post_monsoon,1,tp_mm,anom_persistence,1.014923095703125
902,post_monsoon,1,tp_mm,anom_persistence,1.1274363994598389
903,post_monsoon,1,tp_mm,anom_persistence,0.3276297152042389
904,post_monsoon,1,tp_mm,anom_persistence,0.23209960758686066
905,post_monsoon,1,tp_mm,anom_persistence,0.1880057454109192
906,post_monsoon,1,tp_mm,anom_persistence,0.1880267709493637
907,post_monsoon,1,tp_mm,anom_persistence,0.3659398555755615
908,post_monsoon,1,tp_mm,anom_persistence,0.4384165406227112
909,post_monsoon,1,tp_mm,anom_persistence,0.6983521580696106
1000,post_monsoon,1,tp_mm,anom_persistence,0.3296826183795929
1001,post_monsoon,1,tp_mm,anom_persistence,0.7388470768928528
1002,post_monsoon,1,tp_mm,anom_persistence,0.4480436146259308
1003,post_monsoon,1,tp_mm,anom_persistence,0.40974661707878113
1004,post_monsoon,1,tp_mm,anom_persistence,0.01661154069006443
1005,post_monsoon,1,tp_mm,anom_persistence,0.11201704293489456
1006,post_monsoon,1,tp_mm,anom_persistence,0.1487649530172348
1007,post_monsoon,1,tp_mm,anom_persistence,0.22232063114643097
1008,post_monsoon,1,tp_mm,anom_persistence,0.11362254619598389
1009,post_monsoon,1,tp_mm,anom_persistence,0.021141501143574715
0,winter,2,tp_mm,climatology,5.735987663269043
1,winter,2,tp_mm,climatology,2.720583200454712
2,winter,2,tp_mm,climatology,1.7136739492416382
3,winter,2,tp_mm,climatology,3.5670902729034424
4,winter,2,tp_mm,climatology,5.760868549346924
5,winter,2,tp_mm,climatology,5.246205806732178
6,winter,2,tp_mm,climatology,4.42901086807251
7,winter,2,tp_mm,climatology,6.677835464477539
8,winter,2,tp_mm,climatology,5.004727840423584
9,winter,2,tp_mm,climatology,2.186034917831421
100,winter,2,tp_mm,climatology,0.7377721071243286
101,winter,2,tp_mm,climatology,0.19638961553573608
102,winter,2,tp_mm,climatology,0.36692553758621216
103,winter,2,tp_mm,climatology,0.8338217735290527
104,winter,2,tp_mm,climatology,3.330765962600708
105,winter,2,tp_mm,climatology,3.9157299995422363
106,winter,2,tp_mm,climatology,4.5411057472229
107,winter,2,tp_mm,climatology,5.102780818939209
108,winter,2,tp_mm,climatology,1.732237458229065
109,winter,2,tp_mm,climatology,0.26633420586586
200,winter,2,tp_mm,climatology,0.06972520053386688
201,winter,2,tp_mm,climatology,0.012119606137275696
202,winter,2,tp_mm,climatology,0.026386871933937073
203,winter,2,tp_mm,climatology,0.057652268558740616
204,winter,2,tp_mm,climatology,0.2915118932723999
205,winter,2,tp_mm,climatology,0.40800055861473083
206,winter,2,tp_mm,climatology,0.3469938337802887
207,winter,2,tp_mm,climatology,0.37374693155288696
208,winter,2,tp_mm,climatology,0.13945576548576355
209,winter,2,tp_mm,climatology,0.08419851958751678
300,winter,2,tp_mm,climatology,0.054609350860118866
301,winter,2,tp_mm,climatology,0.0017541737761348486
302,winter,2,tp_mm,climatology,0.004640578757971525
303,winter,2,tp_mm,climatology,0.0010143215768039227
304,winter,2,tp_mm,climatology,0.018880954012274742
305,winter,2,tp_mm,climatology,0.04685378074645996
306,winter,2,tp_mm,climatology,0.03353419154882431
307,winter,2,tp_mm,climatology,0.06406140327453613
308,winter,2,tp_mm,climatology,0.042172808200120926
309,winter,2,tp_mm,climatology,0.021446188911795616
400,winter,2,tp_mm,climatology,0.019559714943170547
401,winter,2,tp_mm,climatology,0.000124777972814627
402,winter,2,tp_mm,climatology,0.009228486567735672
403,winter,2,tp_mm,climatology,0.01166961807757616
404,winter,2,tp_mm,climatology,0.00020601444703061134
405,winter,2,tp_mm,climatology,0.012326258234679699
406,winter,2,tp_mm,climatology,0.04004136472940445
407,winter,2,tp_mm,climatology,0.061484768986701965
408,winter,2,tp_mm,climatology,0.04839016869664192
409,winter,2,tp_mm,climatology,0.0033724051900207996
500,winter,2,tp_mm,climatology,0.0010212642373517156
501,winter,2,tp_mm,climatology,0.0032736845314502716
502,winter,2,tp_mm,climatology,0.00279989093542099
503,winter,2,tp_mm,climatology,0.08465847373008728
504,winter,2,tp_mm,climatology,0.053686127066612244
505,winter,2,tp_mm,climatology,0.014101918786764145
506,winter,2,tp_mm,climatology,0.03259792923927307
507,winter,2,tp_mm,climatology,0.17857426404953003
508,winter,2,tp_mm,climatology,0.2499612420797348
509,winter,2,tp_mm,climatology,0.04563191160559654
600,winter,2,tp_mm,climatology,0.0422782264649868
601,winter,2,tp_mm,climatology,0.1752540022134781
602,winter,2,tp_mm,climatology,0.2972427308559418
603,winter,2,tp_mm,climatology,0.31975775957107544
604,winter,2,tp_mm,climatology,0.24439308047294617
605,winter,2,tp_mm,climatology,0.23632685840129852
606,winter,2,tp_mm,climatology,0.9013891220092773
607,winter,2,tp_mm,climatology,1.3829879760742188
608,winter,2,tp_mm,climatology,2.255863666534424
609,winter,2,tp_mm,climatology,1.7932451963424683
700,winter,2,tp_mm,climatology,0.1753491759300232
701,winter,2,tp_mm,climatology,0.38173729181289673
702,winter,2,tp_mm,climatology,1.7236400842666626
703,winter,2,tp_mm,climatology,2.670867919921875
704,winter,2,tp_mm,climatology,3.0955991744995117
705,winter,2,tp_mm,climatology,1.4436230659484863
706,winter,2,tp_mm,climatology,0.3150586783885956
707,winter,2,tp_mm,climatology,0.5446884632110596
708,winter,2,tp_mm,climatology,2.5249805450439453
709,winter,2,tp_mm,climatology,4.7924275398254395
800,winter,2,tp_mm,climatology,1.454520344734192
801,winter,2,tp_mm,climatology,0.8374693989753723
802,winter,2,tp_mm,climatology,3.739125967025757
803,winter,2,tp_mm,climatology,3.249660015106201
804,winter,2,tp_mm,climatology,0.5281636714935303
805,winter,2,tp_mm,climatology,0.18746531009674072
806,winter,2,tp_mm,climatology,0.18590883910655975
807,winter,2,tp_mm,climatology,0.2030201554298401
808,winter,2,tp_mm,climatology,0.4817506968975067
809,winter,2,tp_mm,climatology,0.6968604922294617
900,winter,2,tp_mm,climatology,2.8459386825561523
901,winter,2,tp_mm,climatology,3.2091777324676514
902,winter,2,tp_mm,climatology,2.92867112159729
903,winter,2,tp_mm,climatology,0.9518938064575195
904,winter,2,tp_mm,climatology,0.4398733377456665
905,winter,2,tp_mm,climatology,0.4015856981277466
906,winter,2,tp_mm,climatology,0.3620361387729645
907,winter,2,tp_mm,climatology,0.4019840657711029
908,winter,2,tp_mm,climatology,0.26910197734832764
909,winter,2,tp_mm,climatology,0.31820550560951233
1000,winter,2,tp_mm,climatology,2.2006571292877197
1001,winter,2,tp_mm,climatology,1.8609391450881958
1002,winter,2,tp_mm,climatology,1.1111266613006592
1003,winter,2,tp_mm,climatology,0.4939192235469818
1004,winter,2,tp_mm,climatology,0.08959254622459412
1005,winter,2,tp_mm,climatology,0.33991730213165283
1006,winter,2,tp_mm,climatology,0.5544005036354065
1007,winter,2,tp_mm,climatology,0.6234543919563293
1008,winter,2,tp_mm,climatology,0.14174722135066986
1009,winter,2,tp_mm,climatology,0.06024126708507538
0,pre_monsoon,2,tp_mm,climatology,1.5089404582977295
1,pre_monsoon,2,tp_mm,climatology,2.8583292961120605
2,pre_monsoon,2,tp_mm,climatology,3.6471617221832275
3,pre_monsoon,2,tp_mm,climatology,4.391479969024658
4,pre_monsoon,2,tp_mm,climatology,3.0240836143493652
5,pre_monsoon,2,tp_mm,climatology,4.0025315284729
6,pre_monsoon,2,tp_mm,climatology,6.757936000823975
7,pre_monsoon,2,tp_mm,climatology,7.182138442993164
8,pre_monsoon,2,tp_mm,climatology,6.883351802825928
9,pre_monsoon,2,tp_mm,climatology,6.154263019561768
100,pre_monsoon,2,tp_mm,climatology,0.198446586728096
101,pre_monsoon,2,tp_mm,climatology,2.0922369956970215
102,pre_monsoon,2,tp_mm,climatology,3.90910005569458
103,pre_monsoon,2,tp_mm,climatology,2.6214449405670166
104,pre_monsoon,2,tp_mm,climatology,3.5269107818603516
105,pre_monsoon,2,tp_mm,climatology,2.656630516052246
106,pre_monsoon,2,tp_mm,climatology,5.36339807510376
107,pre_monsoon,2,tp_mm,climatology,8.798813819885254
108,pre_monsoon,2,tp_mm,climatology,3.9296481609344482
109,pre_monsoon,2,tp_mm,climatology,4.614834308624268
200,pre_monsoon,2,tp_mm,climatology,0.44886651635169983
201,pre_monsoon,2,tp_mm,climatology,3.729938507080078
202,pre_monsoon,2,tp_mm,climatology,4.597414493560791
203,pre_monsoon,2,tp_mm,climatology,1.808218002319336
204,pre_monsoon,2,tp_mm,climatology,2.4761462211608887
205,pre_monsoon,2,tp_mm,climatology,2.150841236114502
206,pre_monsoon,2,tp_mm,climatology,6.085525035858154
207,pre_monsoon,2,tp_mm,climatology,8.929122924804688
208,pre_monsoon,2,tp_mm,climatology,2.8985555171966553
209,pre_monsoon,2,tp_mm,climatology,2.5361008644104004
300,pre_monsoon,2,tp_mm,climatology,1.0419121980667114
301,pre_monsoon,2,tp_mm,climatology,4.545407295227051
302,pre_monsoon,2,tp_mm,climatology,2.4297568798065186
303,pre_monsoon,2,tp_mm,climatology,1.40060555934906
304,pre_monsoon,2,tp_mm,climatology,1.5003236532211304
305,pre_monsoon,2,tp_mm,climatology,1.6137961149215698
306,pre_monsoon,2,tp_mm,climatology,4.910399913787842
307,pre_monsoon,2,tp_mm,climatology,3.6249923706054688
308,pre_monsoon,2,tp_mm,climatology,1.9497617483139038
309,pre_monsoon,2,tp_mm,climatology,2.473860502243042
400,pre_monsoon,2,tp_mm,climatology,1.0706255435943604
401,pre_monsoon,2,tp_mm,climatology,2.04970645904541
402,pre_monsoon,2,tp_mm,climatology,0.8513802886009216
403,pre_monsoon,2,tp_mm,climatology,0.6466893553733826
404,pre_monsoon,2,tp_mm,climatology,0.6176888942718506
405,pre_monsoon,2,tp_mm,climatology,0.9711574912071228
406,pre_monsoon,2,tp_mm,climatology,1.2489819526672363
407,pre_monsoon,2,tp_mm,climatology,1.8172852993011475
408,pre_monsoon,2,tp_mm,climatology,1.9544097185134888
409,pre_monsoon,2,tp_mm,climatology,2.0028843879699707
500,pre_monsoon,2,tp_mm,climatology,0.5438798069953918
501,pre_monsoon,2,tp_mm,climatology,2.075690269470215
502,pre_monsoon,2,tp_mm,climatology,1.5942565202713013
503,pre_monsoon,2,tp_mm,climatology,0.4736240804195404
504,pre_monsoon,2,tp_mm,climatology,0.5381234884262085
505,pre_monsoon,2,tp_mm,climatology,1.4816499948501587
506,pre_monsoon,2,tp_mm,climatology,3.2764344215393066
507,pre_monsoon,2,tp_mm,climatology,4.0845046043396
508,pre_monsoon,2,tp_mm,climatology,2.52704119682312
509,pre_monsoon,2,tp_mm,climatology,3.4273264408111572
600,pre_monsoon,2,tp_mm,climatology,0.07126335054636002
601,pre_monsoon,2,tp_mm,climatology,0.6503190994262695
602,pre_monsoon,2,tp_mm,climatology,1.1496855020523071
603,pre_monsoon,2,tp_mm,climatology,0.5314679741859436
604,pre_monsoon,2,tp_mm,climatology,0.9502957463264465
605,pre_monsoon,2,tp_mm,climatology,2.5463833808898926
606,pre_monsoon,2,tp_mm,climatology,5.088328838348389
607,pre_monsoon,2,tp_mm,climatology,5.5471391677856445
608,pre_monsoon,2,tp_mm,climatology,5.612752437591553
609,pre_monsoon,2,tp_mm,climatology,4.960114479064941
700,pre_monsoon,2,tp_mm,climatology,0.3896082639694214
701,pre_monsoon,2,tp_mm,climatology,0.3174557089805603
702,pre_monsoon,2,tp_mm,climatology,1.1642131805419922
703,pre_monsoon,2,tp_mm,climatology,2.2771880626678467
704,pre_monsoon,2,tp_mm,climatology,2.2296853065490723
705,pre_monsoon,2,tp_mm,climatology,1.5117517709732056
706,pre_monsoon,2,tp_mm,climatology,1.3740018606185913
707,pre_monsoon,2,tp_mm,climatology,1.7354854345321655
708,pre_monsoon,2,tp_mm,climatology,3.4080004692077637
709,pre_monsoon,2,tp_mm,climatology,6.347074031829834
800,pre_monsoon,2,tp_mm,climatology,2.15966796875
801,pre_monsoon,2,tp_mm,climatology,1.6189935207366943
802,pre_monsoon,2,tp_mm,climatology,3.092545509338379
803,pre_monsoon,2,tp_mm,climatology,1.9711549282073975
804,pre_monsoon,2,tp_mm,climatology,0.7856104373931885
805,pre_monsoon,2,tp_mm,climatology,0.6784397959709167
806,pre_monsoon,2,tp_mm,climatology,0.8528978228569031
807,pre_monsoon,2,tp_mm,climatology,0.9607520699501038
808,pre_monsoon,2,tp_mm,climatology,1.630294680595398
809,pre_monsoon,2,tp_mm,climatology,1.618537187576294
900,pre_monsoon,2,tp_mm,climatology,4.207074165344238
901,pre_monsoon,2,tp_mm,climatology,5.6747660636901855
902,pre_monsoon,2,tp_mm,climatology,4.52031135559082
903,pre_monsoon,2,tp_mm,climatology,1.5212593078613281
904,pre_monsoon,2,tp_mm,climatology,0.7838671207427979
905,pre_monsoon,2,tp_mm,climatology,0.7303254008293152
906,pre_monsoon,2,tp_mm,climatology,0.6906746625900269
907,pre_monsoon,2,tp_mm,climatology,1.0350689888000488
908,pre_monsoon,2,tp_mm,climatology,1.0641207695007324
909,pre_monsoon,2,tp_mm,climatology,0.91556715965271
1000,pre_monsoon,2,tp_mm,climatology,2.9152421951293945
1001,pre_monsoon,2,tp_mm,climatology,3.2262134552001953
1002,pre_monsoon,2,tp_mm,climatology,1.737603783607483
1003,pre_monsoon,2,tp_mm,climatology,1.825995922088623
1004,pre_monsoon,2,tp_mm,climatology,0.18725423514842987
1005,pre_monsoon,2,tp_mm,climatology,0.5975529551506042
1006,pre_monsoon,2,tp_mm,climatology,0.6814293265342712
1007,pre_monsoon,2,tp_mm,climatology,1.0999618768692017
1008,pre_monsoon,2,tp_mm,climatology,0.3825584948062897
1009,pre_monsoon,2,tp_mm,climatology,0.18783366680145264
0,monsoon,2,tp_mm,climatology,1.208150029182434
1,monsoon,2,tp_mm,climatology,2.105919599533081
2,monsoon,2,tp_mm,climatology,3.6041171550750732
3,monsoon,2,tp_mm,climatology,1.4818648099899292
4,monsoon,2,tp_mm,climatology,1.554751992225647
5,monsoon,2,tp_mm,climatology,2.532815456390381
6,monsoon,2,tp_mm,climatology,5.06510066986084
7,monsoon,2,tp_mm,climatology,6.889974117279053
8,monsoon,2,tp_mm,climatology,7.880043983459473
9,monsoon,2,tp_mm,climatology,7.030158519744873
100,monsoon,2,tp_mm,climatology,1.1339282989501953
101,monsoon,2,tp_mm,climatology,2.892803192138672
102,monsoon,2,tp_mm,climatology,5.756378650665283
103,monsoon,2,tp_mm,climatology,3.435056447982788
104,monsoon,2,tp_mm,climatology,4.307229042053223
105,monsoon,2,tp_mm,climatology,5.3497209548950195
106,monsoon,2,tp_mm,climatology,6.854029178619385
107,monsoon,2,tp_mm,climatology,7.142590045928955
108,monsoon,2,tp_mm,climatology,8.233136177062988
109,monsoon,2,tp_mm,climatology,9.157283782958984
200,monsoon,2,tp_mm,climatology,0.9806340336799622
201,monsoon,2,tp_mm,climatology,6.085730075836182
202,monsoon,2,tp_mm,climatology,7.933626651763916
203,monsoon,2,tp_mm,climatology,4.683053970336914
204,monsoon,2,tp_mm,climatology,6.122072219848633
205,monsoon,2,tp_mm,climatology,12.802779197692871
206,monsoon,2,tp_mm,climatology,11.17690658569336
207,monsoon,2,tp_mm,climatology,9.957681655883789
208,monsoon,2,tp_mm,climatology,10.313475608825684
209,monsoon,2,tp_mm,climatology,10.86796760559082
300,monsoon,2,tp_mm,climatology,3.333993911743164
301,monsoon,2,tp_mm,climatology,13.232227325439453
302,monsoon,2,tp_mm,climatology,7.505800724029541
303,monsoon,2,tp_mm,climatology,6.909661769866943
304,monsoon,2,tp_mm,climatology,8.51862621307373
305,monsoon,2,tp_mm,climatology,12.063773155212402
306,monsoon,2,tp_mm,climatology,10.543840408325195
307,monsoon,2,tp_mm,climatology,9.522994041442871
308,monsoon,2,tp_mm,climatology,10.788735389709473
309,monsoon,2,tp_mm,climatology,8.907109260559082
400,monsoon,2,tp_mm,climatology,11.561713218688965
401,monsoon,2,tp_mm,climatology,12.087627410888672
402,monsoon,2,tp_mm,climatology,9.429078102111816
403,monsoon,2,tp_mm,climatology,11.566758155822754
404,monsoon,2,tp_mm,climatology,10.42656421661377
405,monsoon,2,tp_mm,climatology,9.712835311889648
406,monsoon,2,tp_mm,climatology,9.935160636901855
407,monsoon,2,tp_mm,climatology,11.42943000793457
408,monsoon,2,tp_mm,climatology,10.811293601989746
409,monsoon,2,tp_mm,climatology,6.501187801361084
500,monsoon,2,tp_mm,climatology,7.647133827209473
501,monsoon,2,tp_mm,climatology,12.605382919311523
502,monsoon,2,tp_mm,climatology,12.267369270324707
503,monsoon,2,tp_mm,climatology,11.730735778808594
504,monsoon,2,tp_mm,climatology,8.166626930236816
505,monsoon,2,tp_mm,climatology,9.608597755432129
506,monsoon,2,tp_mm,climatology,9.550122261047363
507,monsoon,2,tp_mm,climatology,10.181740760803223
508,monsoon,2,tp_mm,climatology,8.811902046203613
509,monsoon,2,tp_mm,climatology,7.25553560256958
600,monsoon,2,tp_mm,climatology,4.48023796081543
601,monsoon,2,tp_mm,climatology,4.145560264587402
602,monsoon,2,tp_mm,climatology,7.292142868041992
603,monsoon,2,tp_mm,climatology,7.768205642700195
604,monsoon,2,tp_mm,climatology,8.197147369384766
605,monsoon,2,tp_mm,climatology,9.75765609741211
606,monsoon,2,tp_mm,climatology,11.446354866027832
607,monsoon,2,tp_mm,climatology,11.632908821105957
608,monsoon,2,tp_mm,climatology,11.242511749267578
609,monsoon,2,tp_mm,climatology,14.756401062011719
700,monsoon,2,tp_mm,climatology,2.140669107437134
701,monsoon,2,tp_mm,climatology,2.448669672012329
702,monsoon,2,tp_mm,climatology,4.7029547691345215
703,monsoon,2,tp_mm,climatology,9.142086029052734
704,monsoon,2,tp_mm,climatology,8.573585510253906
705,monsoon,2,tp_mm,climatology,6.521139144897461
706,monsoon,2,tp_mm,climatology,3.9299049377441406
707,monsoon,2,tp_mm,climatology,3.8385097980499268
708,monsoon,2,tp_mm,climatology,5.7245073318481445
709,monsoon,2,tp_mm,climatology,7.264502048492432
800,monsoon,2,tp_mm,climatology,2.3977646827697754
801,monsoon,2,tp_mm,climatology,4.689765930175781
802,monsoon,2,tp_mm,climatology,8.9586820602417
803,monsoon,2,tp_mm,climatology,4.426234245300293
804,monsoon,2,tp_mm,climatology,2.6089928150177
805,monsoon,2,tp_mm,climatology,2.8441460132598877
806,monsoon,2,tp_mm,climatology,2.706143379211426
807,monsoon,2,tp_mm,climatology,3.2821202278137207
808,monsoon,2,tp_mm,climatology,3.73724102973938
809,monsoon,2,tp_mm,climatology,3.7388720512390137
900,monsoon,2,tp_mm,climatology,0.6691521406173706
901,monsoon,2,tp_mm,climatology,4.158967971801758
902,monsoon,2,tp_mm,climatology,3.6151533126831055
903,monsoon,2,tp_mm,climatology,2.2881574630737305
904,monsoon,2,tp_mm,climatology,2.19008469581604
905,monsoon,2,tp_mm,climatology,2.367079734802246
906,monsoon,2,tp_mm,climatology,2.5389676094055176
907,monsoon,2,tp_mm,climatology,2.9469869136810303
908,monsoon,2,tp_mm,climatology,2.743642568588257
909,monsoon,2,tp_mm,climatology,2.853576183319092
1000,monsoon,2,tp_mm,climatology,0.016789358109235764
1001,monsoon,2,tp_mm,climatology,0.7036994099617004
1002,monsoon,2,tp_mm,climatology,2.0506720542907715
1003,monsoon,2,tp_mm,climatology,1.6357054710388184
1004,monsoon,2,tp_mm,climatology,0.2269478589296341
1005,monsoon,2,tp_mm,climatology,1.0888303518295288
1006,monsoon,2,tp_mm,climatology,1.914039134979248
1007,monsoon,2,tp_mm,climatology,2.219397783279419
1008,monsoon,2,tp_mm,climatology,0.6450223922729492
1009,monsoon,2,tp_mm,climatology,0.5650420784950256
0,post_monsoon,2,tp_mm,climatology,5.818601608276367
1,post_monsoon,2,tp_mm,climatology,5.71491813659668
2,post_monsoon,2,tp_mm,climatology,7.6038031578063965
3,post_monsoon,2,tp_mm,climatology,16.375064849853516
4,post_monsoon,2,tp_mm,climatology,12.55324935913086
5,post_monsoon,2,tp_mm,climatology,8.756494522094727
6,post_monsoon,2,tp_mm,climatology,9.192282676696777
7,post_monsoon,2,tp_mm,climatology,10.290449142456055
8,post_monsoon,2,tp_mm,climatology,14.014123916625977
9,post_monsoon,2,tp_mm,climatology,11.297900199890137
100,post_monsoon,2,tp_mm,climatology,8.853130340576172
101,post_monsoon,2,tp_mm,climatology,8.033254623413086
102,post_monsoon,2,tp_mm,climatology,7.399962425231934
103,post_monsoon,2,tp_mm,climatology,6.646112442016602
104,post_monsoon,2,tp_mm,climatology,12.533400535583496
105,post_monsoon,2,tp_mm,climatology,14.791973114013672
106,post_monsoon,2,tp_mm,climatology,12.742534637451172
107,post_monsoon,2,tp_mm,climatology,11.483036041259766
108,post_monsoon,2,tp_mm,climatology,10.911208152770996
109,post_monsoon,2,tp_mm,climatology,6.725057601928711
200,post_monsoon,2,tp_mm,climatology,7.502286434173584
201,post_monsoon,2,tp_mm,climatology,10.733376502990723
202,post_monsoon,2,tp_mm,climatology,5.616235256195068
203,post_monsoon,2,tp_mm,climatology,4.5292558670043945
204,post_monsoon,2,tp_mm,climatology,15.501541137695312
205,post_monsoon,2,tp_mm,climatology,11.185185432434082
206,post_monsoon,2,tp_mm,climatology,7.631070613861084
207,post_monsoon,2,tp_mm,climatology,6.7861127853393555
208,post_monsoon,2,tp_mm,climatology,7.878505229949951
209,post_monsoon,2,tp_mm,climatology,7.827608585357666
300,post_monsoon,2,tp_mm,climatology,9.257722854614258
301,post_monsoon,2,tp_mm,climatology,12.482222557067871
302,post_monsoon,2,tp_mm,climatology,3.3447561264038086
303,post_monsoon,2,tp_mm,climatology,6.377265930175781
304,post_monsoon,2,tp_mm,climatology,6.93162727355957
305,post_monsoon,2,tp_mm,climatology,8.320369720458984
306,post_monsoon,2,tp_mm,climatology,3.529348611831665
307,post_monsoon,2,tp_mm,climatology,3.838507652282715
308,post_monsoon,2,tp_mm,climatology,7.316334247589111
309,post_monsoon,2,tp_mm,climatology,5.38154411315918
400,post_monsoon,2,tp_mm,climatology,14.100939750671387
401,post_monsoon,2,tp_mm,climatology,10.189111709594727
402,post_monsoon,2,tp_mm,climatology,3.736517906188965
403,post_monsoon,2,tp_mm,climatology,4.59967041015625
404,post_monsoon,2,tp_mm,climatology,3.4552958011627197
405,post_monsoon,2,tp_mm,climatology,4.060708045959473
406,post_monsoon,2,tp_mm,climatology,4.658370018005371
407,post_monsoon,2,tp_mm,climatology,3.218329429626465
408,post_monsoon,2,tp_mm,climatology,3.7408735752105713
409,post_monsoon,2,tp_mm,climatology,3.4707369804382324
500,post_monsoon,2,tp_mm,climatology,3.7214367389678955
501,post_monsoon,2,tp_mm,climatology,6.113615989685059
502,post_monsoon,2,tp_mm,climatology,3.7943453788757324
503,post_monsoon,2,tp_mm,climatology,2.908064603805542
504,post_monsoon,2,tp_mm,climatology,3.4201719760894775
505,post_monsoon,2,tp_mm,climatology,2.90726375579834
506,post_monsoon,2,tp_mm,climatology,2.888397216796875
507,post_monsoon,2,tp_mm,climatology,3.428922176361084
508,post_monsoon,2,tp_mm,climatology,2.379283905029297
509,post_monsoon,2,tp_mm,climatology,3.9285695552825928
600,post_monsoon,2,tp_mm,climatology,0.3127836287021637
601,post_monsoon,2,tp_mm,climatology,0.821222722530365
602,post_monsoon,2,tp_mm,climatology,2.8687751293182373
603,post_monsoon,2,tp_mm,climatology,3.6115612983703613
604,post_monsoon,2,tp_mm,climatology,4.816558361053467
605,post_monsoon,2,tp_mm,climatology,9.638814926147461
606,post_monsoon,2,tp_mm,climatology,11.445350646972656
607,post_monsoon,2,tp_mm,climatology,8.288047790527344
608,post_monsoon,2,tp_mm,climatology,4.292428493499756
609,post_monsoon,2,tp_mm,climatology,4.759785175323486
700,post_monsoon,2,tp_mm,climatology,0.3131151497364044
701,post_monsoon,2,tp_mm,climatology,0.2918880581855774
702,post_monsoon,2,tp_mm,climatology,0.5969641208648682
703,post_monsoon,2,tp_mm,climatology,0.8849769830703735
704,post_monsoon,2,tp_mm,climatology,1.788228154182434
705,post_monsoon,2,tp_mm,climatology,3.977752208709717
706,post_monsoon,2,tp_mm,climatology,2.9417009353637695
707,post_monsoon,2,tp_mm,climatology,2.628932476043701
708,post_monsoon,2,tp_mm,climatology,3.4875144958496094
709,post_monsoon,2,tp_mm,climatology,5.249025821685791
800,post_monsoon,2,tp_mm,climatology,0.7946860790252686
801,post_monsoon,2,tp_mm,climatology,1.2358366250991821
802,post_monsoon,2,tp_mm,climatology,0.925541877746582
803,post_monsoon,2,tp_mm,climatology,0.43599870800971985
804,post_monsoon,2,tp_mm,climatology,0.16832168400287628
805,post_monsoon,2,tp_mm,climatology,0.3842303156852722
806,post_monsoon,2,tp_mm,climatology,0.6632270216941833
807,post_monsoon,2,tp_mm,climatology,1.091721773147583
808,post_monsoon,2,tp_mm,climatology,1.7015161514282227
809,post_monsoon,2,tp_mm,climatology,1.577020287513733
900,post_monsoon,2,tp_mm,climatology,0.7157363891601562
901,post_monsoon,2,tp_mm,climatology,1.4815928936004639
902,post_monsoon,2,tp_mm,climatology,1.830364465713501
903,post_monsoon,2,tp_mm,climatology,0.5438214540481567
904,post_monsoon,2,tp_mm,climatology,0.35844501852989197
905,post_monsoon,2,tp_mm,climatology,0.30462396144866943
906,post_monsoon,2,tp_mm,climatology,0.2913248836994171
907,post_monsoon,2,tp_mm,climatology,0.396698921918869
908,post_monsoon,2,tp_mm,climatology,0.4584771394729614
909,post_monsoon,2,tp_mm,climatology,0.7384249567985535
1000,post_monsoon,2,tp_mm,climatology,0.38871362805366516
1001,post_monsoon,2,tp_mm,climatology,0.8374460339546204
1002,post_monsoon,2,tp_mm,climatology,0.8243185877799988
1003,post_monsoon,2,tp_mm,climatology,0.8485329747200012
1004,post_monsoon,2,tp_mm,climatology,0.015630299225449562
1005,post_monsoon,2,tp_mm,climatology,0.15445910394191742
1006,post_monsoon,2,tp_mm,climatology,0.22520212829113007
1007,post_monsoon,2,tp_mm,climatology,0.25615188479423523
1008,post_monsoon,2,tp_mm,climatology,0.0958479642868042
1009,post_monsoon,2,tp_mm,climatology,0.022924138233065605
0,winter,2,tp_mm,persistence,4.422784805297852
1,winter,2,tp_mm,persistence,1.8184335231781006
2,winter,2,tp_mm,persistence,0.5180183053016663
3,winter,2,tp_mm,persistence,1.4561868906021118
4,winter,2,tp_mm,persistence,3.59775710105896
5,winter,2,tp_mm,persistence,3.8344883918762207
6,winter,2,tp_mm,persistence,4.217813014984131
7,winter,2,tp_mm,persistence,6.987856864929199
8,winter,2,tp_mm,persistence,4.981767654418945
9,winter,2,tp_mm,persistence,2.065626382827759
100,winter,2,tp_mm,persistence,0.823374330997467
101,winter,2,tp_mm,persistence,0.12781363725662231
102,winter,2,tp_mm,persistence,0.13426513969898224
103,winter,2,tp_mm,persistence,0.3828917443752289
104,winter,2,tp_mm,persistence,2.0674564838409424
105,winter,2,tp_mm,persistence,3.155278205871582
106,winter,2,tp_mm,persistence,5.11098575592041
107,winter,2,tp_mm,persistence,6.177577018737793
108,winter,2,tp_mm,persistence,2.3810794353485107
109,winter,2,tp_mm,persistence,0.26620474457740784
200,winter,2,tp_mm,persistence,0.07987377047538757
201,winter,2,tp_mm,persistence,0.012888085097074509
202,winter,2,tp_mm,persistence,0.004727925639599562
203,winter,2,tp_mm,persistence,0.040342409163713455
204,winter,2,tp_mm,persistence,0.17023369669914246
205,winter,2,tp_mm,persistence,0.24872946739196777
206,winter,2,tp_mm,persistence,0.30464714765548706
207,winter,2,tp_mm,persistence,0.4691360890865326
208,winter,2,tp_mm,persistence,0.23226724565029144
209,winter,2,tp_mm,persistence,0.07360416650772095
300,winter,2,tp_mm,persistence,0.0446162074804306
301,winter,2,tp_mm,persistence,0.0011083625722676516
302,winter,2,tp_mm,persistence,0.0023018745705485344
303,winter,2,tp_mm,persistence,0.00082453089999035
304,winter,2,tp_mm,persistence,0.0191643126308918
305,winter,2,tp_mm,persistence,0.051770180463790894
306,winter,2,tp_mm,persistence,0.02759624272584915
307,winter,2,tp_mm,persistence,0.07392324507236481
308,winter,2,tp_mm,persistence,0.05535071715712547
309,winter,2,tp_mm,persistence,0.05820062384009361
400,winter,2,tp_mm,persistence,0.022727109491825104
401,winter,2,tp_mm,persistence,0.00010572728206170723
402,winter,2,tp_mm,persistence,0.005046526435762644
403,winter,2,tp_mm,persistence,0.00711494917050004
404,winter,2,tp_mm,persistence,0.00010643686255207285
405,winter,2,tp_mm,persistence,0.016969583928585052
406,winter,2,tp_mm,persistence,0.05313257500529289
407,winter,2,tp_mm,persistence,0.07095294445753098
408,winter,2,tp_mm,persistence,0.05343698337674141
409,winter,2,tp_mm,persistence,0.018063046038150787
500,winter,2,tp_mm,persistence,0.0013567152200266719
501,winter,2,tp_mm,persistence,0.0025530655402690172
502,winter,2,tp_mm,persistence,0.0017349208937957883
503,winter,2,tp_mm,persistence,0.04938457906246185
504,winter,2,tp_mm,persistence,0.031960152089595795
505,winter,2,tp_mm,persistence,0.00445757620036602
506,winter,2,tp_mm,persistence,0.03462887927889824
507,winter,2,tp_mm,persistence,0.20120754837989807
508,winter,2,tp_mm,persistence,0.2564120888710022
509,winter,2,tp_mm,persistence,0.0717725083231926
600,winter,2,tp_mm,persistence,0.039969172328710556
601,winter,2,tp_mm,persistence,0.10766656696796417
602,winter,2,tp_mm,persistence,0.23832491040229797
603,winter,2,tp_mm,persistence,0.2015736848115921
604,winter,2,tp_mm,persistence,0.0835302323102951
605,winter,2,tp_mm,persistence,0.12833517789840698
606,winter,2,tp_mm,persistence,0.9133871793746948
607,winter,2,tp_mm,persistence,1.343152403831482
608,winter,2,tp_mm,persistence,2.487645149230957
609,winter,2,tp_mm,persistence,1.9822688102722168
700,winter,2,tp_mm,persistence,0.1203552633523941
701,winter,2,tp_mm,persistence,0.21223299205303192
702,winter,2,tp_mm,persistence,1.1245217323303223
703,winter,2,tp_mm,persistence,1.7426410913467407
704,winter,2,tp_mm,persistence,2.359402894973755
705,winter,2,tp_mm,persistence,1.077862024307251
706,winter,2,tp_mm,persistence,0.27613839507102966
707,winter,2,tp_mm,persistence,0.5087674856185913
708,winter,2,tp_mm,persistence,2.8461294174194336
709,winter,2,tp_mm,persistence,5.45954704284668
800,winter,2,tp_mm,persistence,1.3098503351211548
801,winter,2,tp_mm,persistence,0.38195791840553284
802,winter,2,tp_mm,persistence,2.8818747997283936
803,winter,2,tp_mm,persistence,2.7446937561035156
804,winter,2,tp_mm,persistence,0.5011956095695496
805,winter,2,tp_mm,persistence,0.1765865683555603
806,winter,2,tp_mm,persistence,0.15863138437271118
807,winter,2,tp_mm,persistence,0.15559720993041992
808,winter,2,tp_mm,persistence,0.375835657119751
809,winter,2,tp_mm,persistence,0.6749374270439148
900,winter,2,tp_mm,persistence,2.7438578605651855
901,winter,2,tp_mm,persistence,3.4009926319122314
902,winter,2,tp_mm,persistence,3.1687042713165283
903,winter,2,tp_mm,persistence,0.8901528120040894
904,winter,2,tp_mm,persistence,0.4353175759315491
905,winter,2,tp_mm,persistence,0.44263756275177
906,winter,2,tp_mm,persistence,0.3847082555294037
907,winter,2,tp_mm,persistence,0.40792638063430786
908,winter,2,tp_mm,persistence,0.29480740427970886
909,winter,2,tp_mm,persistence,0.36236217617988586
1000,winter,2,tp_mm,persistence,1.5666145086288452
1001,winter,2,tp_mm,persistence,1.2572152614593506
1002,winter,2,tp_mm,persistence,1.1566792726516724
1003,winter,2,tp_mm,persistence,0.5384258031845093
1004,winter,2,tp_mm,persistence,0.03619704768061638
1005,winter,2,tp_mm,persistence,0.26525768637657166
1006,winter,2,tp_mm,persistence,0.5058901906013489
1007,winter,2,tp_mm,persistence,0.5454421043395996
1008,winter,2,tp_mm,persistence,0.16954965889453888
1009,winter,2,tp_mm,persistence,0.05098751559853554
0,pre_monsoon,2,tp_mm,persistence,1.8108553886413574
1,pre_monsoon,2,tp_mm,persistence,3.6536941528320312
2,pre_monsoon,2,tp_mm,persistence,4.907715797424316
3,pre_monsoon,2,tp_mm,persistence,5.068871021270752
4,pre_monsoon,2,tp_mm,persistence,4.142590522766113
5,pre_monsoon,2,tp_mm,persistence,6.254779815673828
6,pre_monsoon,2,tp_mm,persistence,6.942014694213867
7,pre_monsoon,2,tp_mm,persistence,7.529520511627197
8,pre_monsoon,2,tp_mm,persistence,7.899086952209473
9,pre_monsoon,2,tp_mm,persistence,7.198465347290039
100,pre_monsoon,2,tp_mm,persistence,0.19987371563911438
101,pre_monsoon,2,tp_mm,persistence,2.3587100505828857
102,pre_monsoon,2,tp_mm,persistence,4.758078575134277
103,pre_monsoon,2,tp_mm,persistence,3.312532424926758
104,pre_monsoon,2,tp_mm,persistence,3.287721633911133
105,pre_monsoon,2,tp_mm,persistence,3.0260112285614014
106,pre_monsoon,2,tp_mm,persistence,4.291874885559082
107,pre_monsoon,2,tp_mm,persistence,6.907723903656006
108,pre_monsoon,2,tp_mm,persistence,5.0870041847229
109,pre_monsoon,2,tp_mm,persistence,5.145605564117432
200,pre_monsoon,2,tp_mm,persistence,0.3524867296218872
201,pre_monsoon,2,tp_mm,persistence,2.7021305561065674
202,pre_monsoon,2,tp_mm,persistence,3.7614452838897705
203,pre_monsoon,2,tp_mm,persistence,1.9080731868743896
204,pre_monsoon,2,tp_mm,persistence,1.351597547531128
205,pre_monsoon,2,tp_mm,persistence,1.4875400066375732
206,pre_monsoon,2,tp_mm,persistence,4.5788164138793945
207,pre_monsoon,2,tp_mm,persistence,7.146211624145508
208,pre_monsoon,2,tp_mm,persistence,3.59380841255188
209,pre_monsoon,2,tp_mm,persistence,3.022383451461792
300,pre_monsoon,2,tp_mm,persistence,0.7704606056213379
301,pre_monsoon,2,tp_mm,persistence,3.5317022800445557
302,pre_monsoon,2,tp_mm,persistence,1.5015826225280762
303,pre_monsoon,2,tp_mm,persistence,1.2863017320632935
304,pre_monsoon,2,tp_mm,persistence,1.3257118463516235
305,pre_monsoon,2,tp_mm,persistence,1.333160400390625
306,pre_monsoon,2,tp_mm,persistence,4.009564399719238
307,pre_monsoon,2,tp_mm,persistence,2.6119565963745117
308,pre_monsoon,2,tp_mm,persistence,2.0751352310180664
309,pre_monsoon,2,tp_mm,persistence,2.430253028869629
400,pre_monsoon,2,tp_mm,persistence,0.3155762553215027
401,pre_monsoon,2,tp_mm,persistence,0.8276418447494507
402,pre_monsoon,2,tp_mm,persistence,0.5877347588539124
403,pre_monsoon,2,tp_mm,persistence,0.7229248881340027
404,pre_monsoon,2,tp_mm,persistence,0.9899401068687439
405,pre_monsoon,2,tp_mm,persistence,1.2263498306274414
406,pre_monsoon,2,tp_mm,persistence,1.218862771987915
407,pre_monsoon,2,tp_mm,persistence,1.6428744792938232
408,pre_monsoon,2,tp_mm,persistence,1.6787198781967163
409,pre_monsoon,2,tp_mm,persistence,2.00138258934021
500,pre_monsoon,2,tp_mm,persistence,0.2423482984304428
501,pre_monsoon,2,tp_mm,persistence,0.8022853136062622
502,pre_monsoon,2,tp_mm,persistence,0.7236616015434265
503,pre_monsoon,2,tp_mm,persistence,0.2593011260032654
504,pre_monsoon,2,tp_mm,persistence,0.44394898414611816
505,pre_monsoon,2,tp_mm,persistence,1.404708981513977
506,pre_monsoon,2,tp_mm,persistence,3.690967559814453
507,pre_monsoon,2,tp_mm,persistence,4.172793865203857
508,pre_monsoon,2,tp_mm,persistence,2.480593204498291
509,pre_monsoon,2,tp_mm,persistence,3.9513278007507324
600,pre_monsoon,2,tp_mm,persistence,0.11220104247331619
601,pre_monsoon,2,tp_mm,persistence,0.422245591878891
602,pre_monsoon,2,tp_mm,persistence,0.727659285068512
603,pre_monsoon,2,tp_mm,persistence,0.3843945264816284
604,pre_monsoon,2,tp_mm,persistence,0.8602455854415894
605,pre_monsoon,2,tp_mm,persistence,3.0846011638641357
606,pre_monsoon,2,tp_mm,persistence,6.141733169555664
607,pre_monsoon,2,tp_mm,persistence,6.025277137756348
608,pre_monsoon,2,tp_mm,persistence,5.824267864227295
609,pre_monsoon,2,tp_mm,persistence,5.146851539611816
700,pre_monsoon,2,tp_mm,persistence,0.6774532794952393
701,pre_monsoon,2,tp_mm,persistence,0.4701991081237793
702,pre_monsoon,2,tp_mm,persistence,1.2590911388397217
703,pre_monsoon,2,tp_mm,persistence,2.8888964653015137
704,pre_monsoon,2,tp_mm,persistence,2.9351277351379395
705,pre_monsoon,2,tp_mm,persistence,1.9950354099273682
706,pre_monsoon,2,tp_mm,persistence,1.5878238677978516
707,pre_monsoon,2,tp_mm,persistence,1.9859447479248047
708,pre_monsoon,2,tp_mm,persistence,4.182344913482666
709,pre_monsoon,2,tp_mm,persistence,7.640397071838379
800,pre_monsoon,2,tp_mm,persistence,1.8750100135803223
801,pre_monsoon,2,tp_mm,persistence,2.429579019546509
802,pre_monsoon,2,tp_mm,persistence,5.479488849639893
803,pre_monsoon,2,tp_mm,persistence,3.4744749069213867
804,pre_monsoon,2,tp_mm,persistence,0.859853982925415
805,pre_monsoon,2,tp_mm,persistence,0.7206023335456848
806,pre_monsoon,2,tp_mm,persistence,0.936604917049408
807,pre_monsoon,2,tp_mm,persistence,1.0480196475982666
808,pre_monsoon,2,tp_mm,persistence,1.7376699447631836
809,pre_monsoon,2,tp_mm,persistence,1.8655786514282227
900,pre_monsoon,2,tp_mm,persistence,3.534796953201294
901,pre_monsoon,2,tp_mm,persistence,6.057784557342529
902,pre_monsoon,2,tp_mm,persistence,5.868012428283691
903,pre_monsoon,2,tp_mm,persistence,2.069293975830078
904,pre_monsoon,2,tp_mm,persistence,1.052377462387085
905,pre_monsoon,2,tp_mm,persistence,1.0066016912460327
906,pre_monsoon,2,tp_mm,persistence,0.8246767520904541
907,pre_monsoon,2,tp_mm,persistence,1.100021481513977
908,pre_monsoon,2,tp_mm,persistence,1.1719108819961548
909,pre_monsoon,2,tp_mm,persistence,1.0538115501403809
1000,pre_monsoon,2,tp_mm,persistence,3.0092504024505615
1001,pre_monsoon,2,tp_mm,persistence,2.9862616062164307
1002,pre_monsoon,2,tp_mm,persistence,2.2395660877227783
1003,pre_monsoon,2,tp_mm,persistence,2.171635627746582
1004,pre_monsoon,2,tp_mm,persistence,0.21233056485652924
1005,pre_monsoon,2,tp_mm,persistence,0.9008896946907043
1006,pre_monsoon,2,tp_mm,persistence,0.8772611618041992
1007,pre_monsoon,2,tp_mm,persistence,1.111639142036438
1008,pre_monsoon,2,tp_mm,persistence,0.42439761757850647
1009,pre_monsoon,2,tp_mm,persistence,0.17551790177822113
0,monsoon,2,tp_mm,persistence,1.749090313911438
1,monsoon,2,tp_mm,persistence,3.2532613277435303
2,monsoon,2,tp_mm,persistence,4.750474452972412
3,monsoon,2,tp_mm,persistence,1.63828444480896
4,monsoon,2,tp_mm,persistence,1.6542716026306152
5,monsoon,2,tp_mm,persistence,2.622969388961792
6,monsoon,2,tp_mm,persistence,6.4341139793396
7,monsoon,2,tp_mm,persistence,8.065319061279297
8,monsoon,2,tp_mm,persistence,9.712581634521484
9,monsoon,2,tp_mm,persistence,9.669023513793945
100,monsoon,2,tp_mm,persistence,1.2941452264785767
101,monsoon,2,tp_mm,persistence,4.002933025360107
102,monsoon,2,tp_mm,persistence,6.937925815582275
103,monsoon,2,tp_mm,persistence,3.5817041397094727
104,monsoon,2,tp_mm,persistence,3.634821653366089
105,monsoon,2,tp_mm,persistence,5.449362277984619
106,monsoon,2,tp_mm,persistence,8.596261024475098
107,monsoon,2,tp_mm,persistence,9.097789764404297
108,monsoon,2,tp_mm,persistence,10.477961540222168
109,monsoon,2,tp_mm,persistence,11.83268928527832
200,monsoon,2,tp_mm,persistence,1.3135288953781128
201,monsoon,2,tp_mm,persistence,6.235644340515137
202,monsoon,2,tp_mm,persistence,7.663981914520264
203,monsoon,2,tp_mm,persistence,4.701104640960693
204,monsoon,2,tp_mm,persistence,5.353822708129883
205,monsoon,2,tp_mm,persistence,12.209039688110352
206,monsoon,2,tp_mm,persistence,11.360568046569824
207,monsoon,2,tp_mm,persistence,11.562997817993164
208,monsoon,2,tp_mm,persistence,10.798025131225586
209,monsoon,2,tp_mm,persistence,12.533077239990234
300,monsoon,2,tp_mm,persistence,3.815599203109741
301,monsoon,2,tp_mm,persistence,10.077672004699707
302,monsoon,2,tp_mm,persistence,7.240541934967041
303,monsoon,2,tp_mm,persistence,7.411478042602539
304,monsoon,2,tp_mm,persistence,8.755826950073242
305,monsoon,2,tp_mm,persistence,9.908817291259766
306,monsoon,2,tp_mm,persistence,9.639261245727539
307,monsoon,2,tp_mm,persistence,9.936728477478027
308,monsoon,2,tp_mm,persistence,11.758525848388672
309,monsoon,2,tp_mm,persistence,11.462274551391602
400,monsoon,2,tp_mm,persistence,8.02467155456543
401,monsoon,2,tp_mm,persistence,12.797467231750488
402,monsoon,2,tp_mm,persistence,10.628894805908203
403,monsoon,2,tp_mm,persistence,11.462566375732422
404,monsoon,2,tp_mm,persistence,12.055109024047852
405,monsoon,2,tp_mm,persistence,10.844640731811523
406,monsoon,2,tp_mm,persistence,10.9474515914917
407,monsoon,2,tp_mm,persistence,12.771615028381348
408,monsoon,2,tp_mm,persistence,13.443883895874023
409,monsoon,2,tp_mm,persistence,9.08217716217041
500,monsoon,2,tp_mm,persistence,6.371278285980225
501,monsoon,2,tp_mm,persistence,11.710599899291992
502,monsoon,2,tp_mm,persistence,9.825825691223145
503,monsoon,2,tp_mm,persistence,11.451900482177734
504,monsoon,2,tp_mm,persistence,10.194706916809082
505,monsoon,2,tp_mm,persistence,10.665839195251465
506,monsoon,2,tp_mm,persistence,11.446364402770996
507,monsoon,2,tp_mm,persistence,12.947171211242676
508,monsoon,2,tp_mm,persistence,11.802082061767578
509,monsoon,2,tp_mm,persistence,9.936615943908691
600,monsoon,2,tp_mm,persistence,3.5972230434417725
601,monsoon,2,tp_mm,persistence,3.7859582901000977
602,monsoon,2,tp_mm,persistence,6.558564186096191
603,monsoon,2,tp_mm,persistence,7.847218036651611
604,monsoon,2,tp_mm,persistence,10.776241302490234
605,monsoon,2,tp_mm,persistence,11.741803169250488
606,monsoon,2,tp_mm,persistence,14.72464370727539
607,monsoon,2,tp_mm,persistence,14.563108444213867
608,monsoon,2,tp_mm,persistence,14.77200984954834
609,monsoon,2,tp_mm,persistence,19.562284469604492
700,monsoon,2,tp_mm,persistence,2.0257303714752197
701,monsoon,2,tp_mm,persistence,2.6012794971466064
702,monsoon,2,tp_mm,persistence,5.516777992248535
703,monsoon,2,tp_mm,persistence,11.884114265441895
704,monsoon,2,tp_mm,persistence,10.080658912658691
705,monsoon,2,tp_mm,persistence,6.88786506652832
706,monsoon,2,tp_mm,persistence,4.847402572631836
707,monsoon,2,tp_mm,persistence,4.7237443923950195
708,monsoon,2,tp_mm,persistence,6.804231643676758
709,monsoon,2,tp_mm,persistence,9.339835166931152
800,monsoon,2,tp_mm,persistence,2.006768226623535
801,monsoon,2,tp_mm,persistence,4.016702651977539
802,monsoon,2,tp_mm,persistence,10.015137672424316
803,monsoon,2,tp_mm,persistence,5.2683000564575195
804,monsoon,2,tp_mm,persistence,3.283757209777832
805,monsoon,2,tp_mm,persistence,3.183380365371704
806,monsoon,2,tp_mm,persistence,3.335118055343628
807,monsoon,2,tp_mm,persistence,4.072486400604248
808,monsoon,2,tp_mm,persistence,4.483335494995117
809,monsoon,2,tp_mm,persistence,4.529775142669678
900,monsoon,2,tp_mm,persistence,0.6902539134025574
901,monsoon,2,tp_mm,persistence,4.654090881347656
902,monsoon,2,tp_mm,persistence,4.224897861480713
903,monsoon,2,tp_mm,persistence,2.502664089202881
904,monsoon,2,tp_mm,persistence,2.4578375816345215
905,monsoon,2,tp_mm,persistence,2.7850446701049805
906,monsoon,2,tp_mm,persistence,3.080479621887207
907,monsoon,2,tp_mm,persistence,3.3934240341186523
908,monsoon,2,tp_mm,persistence,2.919985294342041
909,monsoon,2,tp_mm,persistence,2.684823513031006
1000,monsoon,2,tp_mm,persistence,0.01683143526315689
1001,monsoon,2,tp_mm,persistence,0.7025783061981201
1002,monsoon,2,tp_mm,persistence,2.5344536304473877
1003,monsoon,2,tp_mm,persistence,1.7380164861679077
1004,monsoon,2,tp_mm,persistence,0.19188569486141205
1005,monsoon,2,tp_mm,persistence,1.1425155401229858
1006,monsoon,2,tp_mm,persistence,2.0577266216278076
1007,monsoon,2,tp_mm,persistence,2.4672470092773438
1008,monsoon,2,tp_mm,persistence,0.6244136691093445
1009,monsoon,2,tp_mm,persistence,0.49943801760673523
0,post_monsoon,2,tp_mm,persistence,5.82625150680542
1,post_monsoon,2,tp_mm,persistence,7.094322681427002
2,post_monsoon,2,tp_mm,persistence,8.02253532409668
3,post_monsoon,2,tp_mm,persistence,13.216009140014648
4,post_monsoon,2,tp_mm,persistence,11.043753623962402
5,post_monsoon,2,tp_mm,persistence,8.216734886169434
6,post_monsoon,2,tp_mm,persistence,8.450091361999512
7,post_monsoon,2,tp_mm,persistence,8.785364151000977
8,post_monsoon,2,tp_mm,persistence,11.618866920471191
9,post_monsoon,2,tp_mm,persistence,12.156811714172363
100,post_monsoon,2,tp_mm,persistence,9.183134078979492
101,post_monsoon,2,tp_mm,persistence,7.714546203613281
102,post_monsoon,2,tp_mm,persistence,6.902468681335449
103,post_monsoon,2,tp_mm,persistence,5.664060592651367
104,post_monsoon,2,tp_mm,persistence,11.3169527053833
105,post_monsoon,2,tp_mm,persistence,14.578018188476562
106,post_monsoon,2,tp_mm,persistence,11.850862503051758
107,post_monsoon,2,tp_mm,persistence,11.29670524597168
108,post_monsoon,2,tp_mm,persistence,12.300053596496582
109,post_monsoon,2,tp_mm,persistence,7.709680080413818
200,post_monsoon,2,tp_mm,persistence,4.960254669189453
201,post_monsoon,2,tp_mm,persistence,5.811589241027832
202,post_monsoon,2,tp_mm,persistence,4.311093807220459
203,post_monsoon,2,tp_mm,persistence,4.155297756195068
204,post_monsoon,2,tp_mm,persistence,17.813121795654297
205,post_monsoon,2,tp_mm,persistence,14.94599723815918
206,post_monsoon,2,tp_mm,persistence,9.640151977539062
207,post_monsoon,2,tp_mm,persistence,8.53626537322998
208,post_monsoon,2,tp_mm,persistence,8.26636028289795
209,post_monsoon,2,tp_mm,persistence,5.72465705871582
300,post_monsoon,2,tp_mm,persistence,6.031556606292725
301,post_monsoon,2,tp_mm,persistence,6.64995813369751
302,post_monsoon,2,tp_mm,persistence,2.5232419967651367
303,post_monsoon,2,tp_mm,persistence,5.846618175506592
304,post_monsoon,2,tp_mm,persistence,7.423803329467773
305,post_monsoon,2,tp_mm,persistence,9.89480209350586
306,post_monsoon,2,tp_mm,persistence,4.341606140136719
307,post_monsoon,2,tp_mm,persistence,4.628210067749023
308,post_monsoon,2,tp_mm,persistence,5.155020713806152
309,post_monsoon,2,tp_mm,persistence,3.9796054363250732
400,post_monsoon,2,tp_mm,persistence,12.449915885925293
401,post_monsoon,2,tp_mm,persistence,7.850595951080322
402,post_monsoon,2,tp_mm,persistence,2.568937063217163
403,post_monsoon,2,tp_mm,persistence,3.962998628616333
404,post_monsoon,2,tp_mm,persistence,3.053212881088257
405,post_monsoon,2,tp_mm,persistence,4.080199241638184
406,post_monsoon,2,tp_mm,persistence,4.24966287612915
407,post_monsoon,2,tp_mm,persistence,3.2065765857696533
408,post_monsoon,2,tp_mm,persistence,3.622469663619995
409,post_monsoon,2,tp_mm,persistence,2.9716923236846924
500,post_monsoon,2,tp_mm,persistence,3.5477044582366943
501,post_monsoon,2,tp_mm,persistence,4.50183629989624
502,post_monsoon,2,tp_mm,persistence,3.0000762939453125
503,post_monsoon,2,tp_mm,persistence,2.5264945030212402
504,post_monsoon,2,tp_mm,persistence,2.8220455646514893
505,post_monsoon,2,tp_mm,persistence,2.506927490234375
506,post_monsoon,2,tp_mm,persistence,2.073366403579712
507,post_monsoon,2,tp_mm,persistence,2.328976631164551
508,post_monsoon,2,tp_mm,persistence,2.2787139415740967
509,post_monsoon,2,tp_mm,persistence,3.701957941055298
600,post_monsoon,2,tp_mm,persistence,0.19486954808235168
601,post_monsoon,2,tp_mm,persistence,0.718217134475708
602,post_monsoon,2,tp_mm,persistence,2.5538837909698486
603,post_monsoon,2,tp_mm,persistence,3.4423465728759766
604,post_monsoon,2,tp_mm,persistence,4.150402069091797
605,post_monsoon,2,tp_mm,persistence,6.843539714813232
606,post_monsoon,2,tp_mm,persistence,8.214885711669922
607,post_monsoon,2,tp_mm,persistence,5.409195899963379
608,post_monsoon,2,tp_mm,persistence,3.239562511444092
609,post_monsoon,2,tp_mm,persistence,3.4988651275634766
700,post_monsoon,2,tp_mm,persistence,0.1498507857322693
701,post_monsoon,2,tp_mm,persistence,0.1198435127735138
702,post_monsoon,2,tp_mm,persistence,0.4120599627494812
703,post_monsoon,2,tp_mm,persistence,0.727548360824585
704,post_monsoon,2,tp_mm,persistence,1.464842677116394
705,post_monsoon,2,tp_mm,persistence,2.6457607746124268
706,post_monsoon,2,tp_mm,persistence,1.9438010454177856
707,post_monsoon,2,tp_mm,persistence,1.7811044454574585
708,post_monsoon,2,tp_mm,persistence,2.762681007385254
709,post_monsoon,2,tp_mm,persistence,3.52109432220459
800,post_monsoon,2,tp_mm,persistence,0.5126893520355225
801,post_monsoon,2,tp_mm,persistence,0.7100209593772888
802,post_monsoon,2,tp_mm,persistence,0.5106993913650513
803,post_monsoon,2,tp_mm,persistence,0.24839608371257782
804,post_monsoon,2,tp_mm,persistence,0.07051438838243484
805,post_monsoon,2,tp_mm,persistence,0.23687982559204102
806,post_monsoon,2,tp_mm,persistence,0.5559147596359253
807,post_monsoon,2,tp_mm,persistence,0.9748721718788147
808,post_monsoon,2,tp_mm,persistence,1.6962629556655884
809,post_monsoon,2,tp_mm,persistence,1.7067368030548096
900,post_monsoon,2,tp_mm,persistence,0.6023843884468079
901,post_monsoon,2,tp_mm,persistence,1.2074222564697266
902,post_monsoon,2,tp_mm,persistence,1.3814516067504883
903,post_monsoon,2,tp_mm,persistence,0.4207633137702942
904,post_monsoon,2,tp_mm,persistence,0.270158588886261
905,post_monsoon,2,tp_mm,persistence,0.19681192934513092
906,post_monsoon,2,tp_mm,persistence,0.20904916524887085
907,post_monsoon,2,tp_mm,persistence,0.3939438462257385
908,post_monsoon,2,tp_mm,persistence,0.43448910117149353
909,post_monsoon,2,tp_mm,persistence,0.737487256526947
1000,post_monsoon,2,tp_mm,persistence,0.3032119572162628
1001,post_monsoon,2,tp_mm,persistence,0.7566840648651123
1002,post_monsoon,2,tp_mm,persistence,0.7065157890319824
1003,post_monsoon,2,tp_mm,persistence,0.4787570536136627
1004,post_monsoon,2,tp_mm,persistence,0.011500559747219086
1005,post_monsoon,2,tp_mm,persistence,0.12515093386173248
1006,post_monsoon,2,tp_mm,persistence,0.1593702733516693
1007,post_monsoon,2,tp_mm,persistence,0.2162519246339798
1008,post_monsoon,2,tp_mm,persistence,0.11414603143930435
1009,post_monsoon,2,tp_mm,persistence,0.025690646842122078
0,winter,2,tp_mm,recent3,4.478933811187744
1,winter,2,tp_mm,recent3,2.0699191093444824
2,winter,2,tp_mm,recent3,0.5406790971755981
3,winter,2,tp_mm,recent3,1.60590660572052
4,winter,2,tp_mm,recent3,3.763211965560913
5,winter,2,tp_mm,recent3,3.7309978008270264
6,winter,2,tp_mm,recent3,4.17216682434082
7,winter,2,tp_mm,recent3,7.207995891571045
8,winter,2,tp_mm,recent3,6.073155403137207
9,winter,2,tp_mm,recent3,2.9421932697296143
100,winter,2,tp_mm,recent3,0.8300820589065552
101,winter,2,tp_mm,recent3,0.1312076449394226
102,winter,2,tp_mm,recent3,0.14965146780014038
103,winter,2,tp_mm,recent3,0.380485475063324
104,winter,2,tp_mm,recent3,2.196899890899658
105,winter,2,tp_mm,recent3,2.980358600616455
106,winter,2,tp_mm,recent3,4.43239688873291
107,winter,2,tp_mm,recent3,6.3740434646606445
108,winter,2,tp_mm,recent3,2.8929688930511475
109,winter,2,tp_mm,recent3,0.8179000616073608
200,winter,2,tp_mm,recent3,0.07949145883321762
201,winter,2,tp_mm,recent3,0.01019596029073
202,winter,2,tp_mm,recent3,0.004713861271739006
203,winter,2,tp_mm,recent3,0.03539242222905159
204,winter,2,tp_mm,recent3,0.16481779515743256
205,winter,2,tp_mm,recent3,0.26633545756340027
206,winter,2,tp_mm,recent3,0.2860431969165802
207,winter,2,tp_mm,recent3,0.4351065158843994
208,winter,2,tp_mm,recent3,0.3395712375640869
209,winter,2,tp_mm,recent3,0.13723909854888916
300,winter,2,tp_mm,recent3,0.042031463235616684
301,winter,2,tp_mm,recent3,0.0011936211958527565
302,winter,2,tp_mm,recent3,0.002478941809386015
303,winter,2,tp_mm,recent3,0.000781737850047648
304,winter,2,tp_mm,recent3,0.014981906861066818
305,winter,2,tp_mm,recent3,0.05513225868344307
306,winter,2,tp_mm,recent3,0.029174692928791046
307,winter,2,tp_mm,recent3,0.0830605998635292
308,winter,2,tp_mm,recent3,0.07464590668678284
309,winter,2,tp_mm,recent3,0.1395784616470337
400,winter,2,tp_mm,recent3,0.017444036900997162
401,winter,2,tp_mm,recent3,0.00011386015830794349
402,winter,2,tp_mm,recent3,0.005433702375739813
403,winter,2,tp_mm,recent3,0.007662253454327583
404,winter,2,tp_mm,recent3,0.0001146243084804155
405,winter,2,tp_mm,recent3,0.019262999296188354
406,winter,2,tp_mm,recent3,0.060269467532634735
407,winter,2,tp_mm,recent3,0.07122576981782913
408,winter,2,tp_mm,recent3,0.054417259991168976
409,winter,2,tp_mm,recent3,0.04884626343846321
500,winter,2,tp_mm,recent3,0.0010606569703668356
501,winter,2,tp_mm,recent3,0.002741304226219654
502,winter,2,tp_mm,recent3,0.0018607346573844552
503,winter,2,tp_mm,recent3,0.053176768124103546
504,winter,2,tp_mm,recent3,0.0340808667242527
505,winter,2,tp_mm,recent3,0.00425307173281908
506,winter,2,tp_mm,recent3,0.04032203182578087
507,winter,2,tp_mm,recent3,0.22996465861797333
508,winter,2,tp_mm,recent3,0.2527845799922943
509,winter,2,tp_mm,recent3,0.08154560625553131
600,winter,2,tp_mm,recent3,0.0328635536134243
601,winter,2,tp_mm,recent3,0.11579450219869614
602,winter,2,tp_mm,recent3,0.255023330450058
603,winter,2,tp_mm,recent3,0.2166547328233719
604,winter,2,tp_mm,recent3,0.0891774594783783
605,winter,2,tp_mm,recent3,0.1358410269021988
606,winter,2,tp_mm,recent3,0.9610219597816467
607,winter,2,tp_mm,recent3,1.4430338144302368
608,winter,2,tp_mm,recent3,2.6976685523986816
609,winter,2,tp_mm,recent3,2.10435152053833
700,winter,2,tp_mm,recent3,0.1277969479560852
701,winter,2,tp_mm,recent3,0.2272261530160904
702,winter,2,tp_mm,recent3,1.1991287469863892
703,winter,2,tp_mm,recent3,1.8734616041183472
704,winter,2,tp_mm,recent3,2.498082399368286
705,winter,2,tp_mm,recent3,1.1220701932907104
706,winter,2,tp_mm,recent3,0.289684921503067
707,winter,2,tp_mm,recent3,0.5213114023208618
708,winter,2,tp_mm,recent3,2.952012062072754
709,winter,2,tp_mm,recent3,5.753845691680908
800,winter,2,tp_mm,recent3,1.6255584955215454
801,winter,2,tp_mm,recent3,0.42822879552841187
802,winter,2,tp_mm,recent3,3.0914270877838135
803,winter,2,tp_mm,recent3,3.0027029514312744
804,winter,2,tp_mm,recent3,0.5315295457839966
805,winter,2,tp_mm,recent3,0.18234334886074066
806,winter,2,tp_mm,recent3,0.157487690448761
807,winter,2,tp_mm,recent3,0.15638577938079834
808,winter,2,tp_mm,recent3,0.3601450026035309
809,winter,2,tp_mm,recent3,0.6279571652412415
900,winter,2,tp_mm,recent3,2.7264151573181152
901,winter,2,tp_mm,recent3,3.0471277236938477
902,winter,2,tp_mm,recent3,2.874061107635498
903,winter,2,tp_mm,recent3,0.9146949052810669
904,winter,2,tp_mm,recent3,0.4550093412399292
905,winter,2,tp_mm,recent3,0.45566654205322266
906,winter,2,tp_mm,recent3,0.38931334018707275
907,winter,2,tp_mm,recent3,0.4028346836566925
908,winter,2,tp_mm,recent3,0.27691352367401123
909,winter,2,tp_mm,recent3,0.33043864369392395
1000,winter,2,tp_mm,recent3,1.802111268043518
1001,winter,2,tp_mm,recent3,1.2614513635635376
1002,winter,2,tp_mm,recent3,1.0665348768234253
1003,winter,2,tp_mm,recent3,0.5528804659843445
1004,winter,2,tp_mm,recent3,0.035249270498752594
1005,winter,2,tp_mm,recent3,0.2692020833492279
1006,winter,2,tp_mm,recent3,0.5325353741645813
1007,winter,2,tp_mm,recent3,0.5558882355690002
1008,winter,2,tp_mm,recent3,0.1438886672258377
1009,winter,2,tp_mm,recent3,0.03723405301570892
0,pre_monsoon,2,tp_mm,recent3,1.8447901010513306
1,pre_monsoon,2,tp_mm,recent3,3.3839025497436523
2,pre_monsoon,2,tp_mm,recent3,4.49826192855835
3,pre_monsoon,2,tp_mm,recent3,5.4166789054870605
4,pre_monsoon,2,tp_mm,recent3,4.020802021026611
5,pre_monsoon,2,tp_mm,recent3,5.811971187591553
6,pre_monsoon,2,tp_mm,recent3,7.288275718688965
7,pre_monsoon,2,tp_mm,recent3,8.602764129638672
8,pre_monsoon,2,tp_mm,recent3,7.964273452758789
9,pre_monsoon,2,tp_mm,recent3,7.031290531158447
100,pre_monsoon,2,tp_mm,recent3,0.1965271532535553
101,pre_monsoon,2,tp_mm,recent3,1.9875006675720215
102,pre_monsoon,2,tp_mm,recent3,4.3828229904174805
103,pre_monsoon,2,tp_mm,recent3,3.421304941177368
104,pre_monsoon,2,tp_mm,recent3,3.24882173538208
105,pre_monsoon,2,tp_mm,recent3,2.6886744499206543
106,pre_monsoon,2,tp_mm,recent3,4.631326198577881
107,pre_monsoon,2,tp_mm,recent3,7.921061038970947
108,pre_monsoon,2,tp_mm,recent3,5.644615173339844
109,pre_monsoon,2,tp_mm,recent3,5.435406684875488
200,pre_monsoon,2,tp_mm,recent3,0.36724773049354553
201,pre_monsoon,2,tp_mm,recent3,2.7643237113952637
202,pre_monsoon,2,tp_mm,recent3,3.7651519775390625
203,pre_monsoon,2,tp_mm,recent3,1.9568792581558228
204,pre_monsoon,2,tp_mm,recent3,1.4928590059280396
205,pre_monsoon,2,tp_mm,recent3,1.4581503868103027
206,pre_monsoon,2,tp_mm,recent3,4.774507999420166
207,pre_monsoon,2,tp_mm,recent3,7.259706974029541
208,pre_monsoon,2,tp_mm,recent3,3.6058926582336426
209,pre_monsoon,2,tp_mm,recent3,3.3536901473999023
300,pre_monsoon,2,tp_mm,recent3,0.7796362042427063
301,pre_monsoon,2,tp_mm,recent3,3.4422550201416016
302,pre_monsoon,2,tp_mm,recent3,1.5817492008209229
303,pre_monsoon,2,tp_mm,recent3,1.1833776235580444
304,pre_monsoon,2,tp_mm,recent3,1.2739923000335693
305,pre_monsoon,2,tp_mm,recent3,1.2485320568084717
306,pre_monsoon,2,tp_mm,recent3,4.229776382446289
307,pre_monsoon,2,tp_mm,recent3,2.701418399810791
308,pre_monsoon,2,tp_mm,recent3,2.232053518295288
309,pre_monsoon,2,tp_mm,recent3,2.7480525970458984
400,pre_monsoon,2,tp_mm,recent3,0.31667792797088623
401,pre_monsoon,2,tp_mm,recent3,0.8245678544044495
402,pre_monsoon,2,tp_mm,recent3,0.5912256240844727
403,pre_monsoon,2,tp_mm,recent3,0.6766693592071533
404,pre_monsoon,2,tp_mm,recent3,0.9532344341278076
405,pre_monsoon,2,tp_mm,recent3,1.1685711145401
406,pre_monsoon,2,tp_mm,recent3,1.1820377111434937
407,pre_monsoon,2,tp_mm,recent3,1.526503086090088
408,pre_monsoon,2,tp_mm,recent3,1.7313402891159058
409,pre_monsoon,2,tp_mm,recent3,2.166293144226074
500,pre_monsoon,2,tp_mm,recent3,0.23559501767158508
501,pre_monsoon,2,tp_mm,recent3,0.7991675734519958
502,pre_monsoon,2,tp_mm,recent3,0.7149667739868164
503,pre_monsoon,2,tp_mm,recent3,0.2558165192604065
504,pre_monsoon,2,tp_mm,recent3,0.5846192836761475
505,pre_monsoon,2,tp_mm,recent3,1.6632261276245117
506,pre_monsoon,2,tp_mm,recent3,3.7317521572113037
507,pre_monsoon,2,tp_mm,recent3,3.9159016609191895
508,pre_monsoon,2,tp_mm,recent3,2.4868829250335693
509,pre_monsoon,2,tp_mm,recent3,4.050004959106445
600,pre_monsoon,2,tp_mm,recent3,0.13465595245361328
601,pre_monsoon,2,tp_mm,recent3,0.3777029514312744
602,pre_monsoon,2,tp_mm,recent3,0.5518940091133118
603,pre_monsoon,2,tp_mm,recent3,0.3679516911506653
604,pre_monsoon,2,tp_mm,recent3,0.8193695545196533
605,pre_monsoon,2,tp_mm,recent3,2.8039391040802
606,pre_monsoon,2,tp_mm,recent3,5.858833312988281
607,pre_monsoon,2,tp_mm,recent3,5.528319358825684
608,pre_monsoon,2,tp_mm,recent3,5.713990211486816
609,pre_monsoon,2,tp_mm,recent3,4.774588108062744
700,pre_monsoon,2,tp_mm,recent3,0.5679104328155518
701,pre_monsoon,2,tp_mm,recent3,0.40608957409858704
702,pre_monsoon,2,tp_mm,recent3,1.2089773416519165
703,pre_monsoon,2,tp_mm,recent3,2.7102174758911133
704,pre_monsoon,2,tp_mm,recent3,2.7206332683563232
705,pre_monsoon,2,tp_mm,recent3,1.850176453590393
706,pre_monsoon,2,tp_mm,recent3,1.4130890369415283
707,pre_monsoon,2,tp_mm,recent3,1.8884596824645996
708,pre_monsoon,2,tp_mm,recent3,4.424703598022461
709,pre_monsoon,2,tp_mm,recent3,7.692555904388428
800,pre_monsoon,2,tp_mm,recent3,1.9323046207427979
801,pre_monsoon,2,tp_mm,recent3,2.3442542552948
802,pre_monsoon,2,tp_mm,recent3,4.8642096519470215
803,pre_monsoon,2,tp_mm,recent3,2.9812982082366943
804,pre_monsoon,2,tp_mm,recent3,0.8269259333610535
805,pre_monsoon,2,tp_mm,recent3,0.7000016570091248
806,pre_monsoon,2,tp_mm,recent3,0.8501541614532471
807,pre_monsoon,2,tp_mm,recent3,0.9713793992996216
808,pre_monsoon,2,tp_mm,recent3,1.677291989326477
809,pre_monsoon,2,tp_mm,recent3,1.8802424669265747
900,pre_monsoon,2,tp_mm,recent3,3.622896432876587
901,pre_monsoon,2,tp_mm,recent3,6.229100227355957
902,pre_monsoon,2,tp_mm,recent3,5.681122303009033
903,pre_monsoon,2,tp_mm,recent3,1.9057210683822632
904,pre_monsoon,2,tp_mm,recent3,0.9917996525764465
905,pre_monsoon,2,tp_mm,recent3,0.8052079081535339
906,pre_monsoon,2,tp_mm,recent3,0.6859821677207947
907,pre_monsoon,2,tp_mm,recent3,1.0091681480407715
908,pre_monsoon,2,tp_mm,recent3,1.018437385559082
909,pre_monsoon,2,tp_mm,recent3,0.8654259443283081
1000,pre_monsoon,2,tp_mm,recent3,3.0335209369659424
1001,pre_monsoon,2,tp_mm,recent3,3.042386293411255
1002,pre_monsoon,2,tp_mm,recent3,2.2159481048583984
1003,pre_monsoon,2,tp_mm,recent3,2.016515016555786
1004,pre_monsoon,2,tp_mm,recent3,0.19875116646289825
1005,pre_monsoon,2,tp_mm,recent3,0.718250572681427
1006,pre_monsoon,2,tp_mm,recent3,0.6614275574684143
1007,pre_monsoon,2,tp_mm,recent3,1.027295470237732
1008,pre_monsoon,2,tp_mm,recent3,0.3572242259979248
1009,pre_monsoon,2,tp_mm,recent3,0.1653258502483368
0,monsoon,2,tp_mm,recent3,1.9717382192611694
1,monsoon,2,tp_mm,recent3,3.616610288619995
2,monsoon,2,tp_mm,recent3,5.908788681030273
3,monsoon,2,tp_mm,recent3,2.1879334449768066
4,monsoon,2,tp_mm,recent3,1.7838867902755737
5,monsoon,2,tp_mm,recent3,2.6487646102905273
6,monsoon,2,tp_mm,recent3,6.057011127471924
7,monsoon,2,tp_mm,recent3,7.32189416885376
8,monsoon,2,tp_mm,recent3,8.43813419342041
9,monsoon,2,tp_mm,recent3,8.314724922180176
100,monsoon,2,tp_mm,recent3,1.6991944313049316
101,monsoon,2,tp_mm,recent3,4.570765495300293
102,monsoon,2,tp_mm,recent3,8.268600463867188
103,monsoon,2,tp_mm,recent3,3.892118215560913
104,monsoon,2,tp_mm,recent3,3.560487985610962
105,monsoon,2,tp_mm,recent3,5.419039249420166
106,monsoon,2,tp_mm,recent3,7.788340091705322
107,monsoon,2,tp_mm,recent3,8.038020133972168
108,monsoon,2,tp_mm,recent3,9.441219329833984
109,monsoon,2,tp_mm,recent3,10.60879898071289
200,monsoon,2,tp_mm,recent3,1.6590313911437988
201,monsoon,2,tp_mm,recent3,6.6712846755981445
202,monsoon,2,tp_mm,recent3,7.5993828773498535
203,monsoon,2,tp_mm,recent3,4.192923545837402
204,monsoon,2,tp_mm,recent3,5.206171989440918
205,monsoon,2,tp_mm,recent3,11.510159492492676
206,monsoon,2,tp_mm,recent3,11.539491653442383
207,monsoon,2,tp_mm,recent3,11.050847053527832
208,monsoon,2,tp_mm,recent3,10.547628402709961
209,monsoon,2,tp_mm,recent3,12.091205596923828
300,monsoon,2,tp_mm,recent3,3.9846372604370117
301,monsoon,2,tp_mm,recent3,10.592947959899902
302,monsoon,2,tp_mm,recent3,6.853003025054932
303,monsoon,2,tp_mm,recent3,7.379939556121826
304,monsoon,2,tp_mm,recent3,8.45294189453125
305,monsoon,2,tp_mm,recent3,10.02751636505127
306,monsoon,2,tp_mm,recent3,10.129119873046875
307,monsoon,2,tp_mm,recent3,9.445934295654297
308,monsoon,2,tp_mm,recent3,11.59060287475586
309,monsoon,2,tp_mm,recent3,10.652253150939941
400,monsoon,2,tp_mm,recent3,7.564046382904053
401,monsoon,2,tp_mm,recent3,11.720520973205566
402,monsoon,2,tp_mm,recent3,10.104257583618164
403,monsoon,2,tp_mm,recent3,10.529781341552734
404,monsoon,2,tp_mm,recent3,10.940195083618164
405,monsoon,2,tp_mm,recent3,10.795117378234863
406,monsoon,2,tp_mm,recent3,11.107085227966309
407,monsoon,2,tp_mm,recent3,12.988805770874023
408,monsoon,2,tp_mm,recent3,13.243169784545898
409,monsoon,2,tp_mm,recent3,8.187397956848145
500,monsoon,2,tp_mm,recent3,6.215500831604004
501,monsoon,2,tp_mm,recent3,11.735519409179688
502,monsoon,2,tp_mm,recent3,9.143978118896484
503,monsoon,2,tp_mm,recent3,11.233474731445312
504,monsoon,2,tp_mm,recent3,9.146025657653809
505,monsoon,2,tp_mm,recent3,10.571786880493164
506,monsoon,2,tp_mm,recent3,10.797122955322266
507,monsoon,2,tp_mm,recent3,12.421442985534668
508,monsoon,2,tp_mm,recent3,11.155821800231934
509,monsoon,2,tp_mm,recent3,8.561922073364258
600,monsoon,2,tp_mm,recent3,3.445962905883789
601,monsoon,2,tp_mm,recent3,3.8111343383789062
602,monsoon,2,tp_mm,recent3,5.936595439910889
603,monsoon,2,tp_mm,recent3,7.620691299438477
604,monsoon,2,tp_mm,recent3,9.432624816894531
605,monsoon,2,tp_mm,recent3,10.15231704711914
606,monsoon,2,tp_mm,recent3,13.232804298400879
607,monsoon,2,tp_mm,recent3,14.789886474609375
608,monsoon,2,tp_mm,recent3,14.593046188354492
609,monsoon,2,tp_mm,recent3,18.68402671813965
700,monsoon,2,tp_mm,recent3,1.9378161430358887
701,monsoon,2,tp_mm,recent3,2.6380300521850586
702,monsoon,2,tp_mm,recent3,5.714925765991211
703,monsoon,2,tp_mm,recent3,11.076150894165039
704,monsoon,2,tp_mm,recent3,9.449138641357422
705,monsoon,2,tp_mm,recent3,6.266935348510742
706,monsoon,2,tp_mm,recent3,4.328862190246582
707,monsoon,2,tp_mm,recent3,4.298774242401123
708,monsoon,2,tp_mm,recent3,6.043209075927734
709,monsoon,2,tp_mm,recent3,9.45206356048584
800,monsoon,2,tp_mm,recent3,1.9229191541671753
801,monsoon,2,tp_mm,recent3,3.8786230087280273
802,monsoon,2,tp_mm,recent3,9.438404083251953
803,monsoon,2,tp_mm,recent3,4.973185062408447
804,monsoon,2,tp_mm,recent3,2.9130380153656006
805,monsoon,2,tp_mm,recent3,2.9532251358032227
806,monsoon,2,tp_mm,recent3,3.0049166679382324
807,monsoon,2,tp_mm,recent3,3.7445383071899414
808,monsoon,2,tp_mm,recent3,4.006998062133789
809,monsoon,2,tp_mm,recent3,4.189149379730225
900,monsoon,2,tp_mm,recent3,0.7378152012825012
901,monsoon,2,tp_mm,recent3,4.251506328582764
902,monsoon,2,tp_mm,recent3,3.7906503677368164
903,monsoon,2,tp_mm,recent3,2.437605857849121
904,monsoon,2,tp_mm,recent3,2.3883261680603027
905,monsoon,2,tp_mm,recent3,2.618356227874756
906,monsoon,2,tp_mm,recent3,2.8345375061035156
907,monsoon,2,tp_mm,recent3,3.1279280185699463
908,monsoon,2,tp_mm,recent3,2.677281379699707
909,monsoon,2,tp_mm,recent3,2.4757840633392334
1000,monsoon,2,tp_mm,recent3,0.02842835895717144
1001,monsoon,2,tp_mm,recent3,0.88557368516922
1002,monsoon,2,tp_mm,recent3,2.25280499458313
1003,monsoon,2,tp_mm,recent3,1.6314860582351685
1004,monsoon,2,tp_mm,recent3,0.27566689252853394
1005,monsoon,2,tp_mm,recent3,1.0342613458633423
1006,monsoon,2,tp_mm,recent3,1.8725104331970215
1007,monsoon,2,tp_mm,recent3,2.1372361183166504
1008,monsoon,2,tp_mm,recent3,0.5583793520927429
1009,monsoon,2,tp_mm,recent3,0.43559685349464417
0,post_monsoon,2,tp_mm,recent3,5.240109920501709
1,post_monsoon,2,tp_mm,recent3,6.752265930175781
2,post_monsoon,2,tp_mm,recent3,7.132906436920166
3,post_monsoon,2,tp_mm,recent3,12.578781127929688
4,post_monsoon,2,tp_mm,recent3,11.074155807495117
5,post_monsoon,2,tp_mm,recent3,8.143916130065918
6,post_monsoon,2,tp_mm,recent3,8.68893051147461
7,post_monsoon,2,tp_mm,recent3,9.164897918701172
8,post_monsoon,2,tp_mm,recent3,12.528260231018066
9,post_monsoon,2,tp_mm,recent3,11.140892028808594
100,post_monsoon,2,tp_mm,recent3,8.435839653015137
101,post_monsoon,2,tp_mm,recent3,6.795060634613037
102,post_monsoon,2,tp_mm,recent3,6.165761947631836
103,post_monsoon,2,tp_mm,recent3,5.4639363288879395
104,post_monsoon,2,tp_mm,recent3,11.363970756530762
105,post_monsoon,2,tp_mm,recent3,15.107111930847168
106,post_monsoon,2,tp_mm,recent3,12.472146987915039
107,post_monsoon,2,tp_mm,recent3,11.344047546386719
108,post_monsoon,2,tp_mm,recent3,11.931182861328125
109,post_monsoon,2,tp_mm,recent3,7.240636825561523
200,post_monsoon,2,tp_mm,recent3,5.03924560546875
201,post_monsoon,2,tp_mm,recent3,6.667897701263428
202,post_monsoon,2,tp_mm,recent3,4.306326866149902
203,post_monsoon,2,tp_mm,recent3,4.027134418487549
204,post_monsoon,2,tp_mm,recent3,18.304250717163086
205,post_monsoon,2,tp_mm,recent3,15.485587120056152
206,post_monsoon,2,tp_mm,recent3,9.960893630981445
207,post_monsoon,2,tp_mm,recent3,8.521907806396484
208,post_monsoon,2,tp_mm,recent3,7.927480220794678
209,post_monsoon,2,tp_mm,recent3,5.687289237976074
300,post_monsoon,2,tp_mm,recent3,5.855095386505127
301,post_monsoon,2,tp_mm,recent3,7.827278137207031
302,post_monsoon,2,tp_mm,recent3,2.784897565841675
303,post_monsoon,2,tp_mm,recent3,5.877913475036621
304,post_monsoon,2,tp_mm,recent3,7.143970012664795
305,post_monsoon,2,tp_mm,recent3,9.810871124267578
306,post_monsoon,2,tp_mm,recent3,4.231415748596191
307,post_monsoon,2,tp_mm,recent3,4.395017623901367
308,post_monsoon,2,tp_mm,recent3,4.878969669342041
309,post_monsoon,2,tp_mm,recent3,3.7554407119750977
400,post_monsoon,2,tp_mm,recent3,10.459187507629395
401,post_monsoon,2,tp_mm,recent3,8.1951265335083
402,post_monsoon,2,tp_mm,recent3,3.103510856628418
403,post_monsoon,2,tp_mm,recent3,3.7080371379852295
404,post_monsoon,2,tp_mm,recent3,2.812425374984741
405,post_monsoon,2,tp_mm,recent3,3.6007168292999268
406,post_monsoon,2,tp_mm,recent3,3.953372001647949
407,post_monsoon,2,tp_mm,recent3,2.578514337539673
408,post_monsoon,2,tp_mm,recent3,3.403428077697754
409,post_monsoon,2,tp_mm,recent3,3.131537437438965
500,post_monsoon,2,tp_mm,recent3,2.7391891479492188
501,post_monsoon,2,tp_mm,recent3,4.028785228729248
502,post_monsoon,2,tp_mm,recent3,2.9179024696350098
503,post_monsoon,2,tp_mm,recent3,2.3170270919799805
504,post_monsoon,2,tp_mm,recent3,2.4708330631256104
505,post_monsoon,2,tp_mm,recent3,2.1166088581085205
506,post_monsoon,2,tp_mm,recent3,1.8523962497711182
507,post_monsoon,2,tp_mm,recent3,2.060412645339966
508,post_monsoon,2,tp_mm,recent3,2.1772403717041016
509,post_monsoon,2,tp_mm,recent3,3.5138871669769287
600,post_monsoon,2,tp_mm,recent3,0.15894362330436707
601,post_monsoon,2,tp_mm,recent3,0.5843198299407959
602,post_monsoon,2,tp_mm,recent3,2.3369133472442627
603,post_monsoon,2,tp_mm,recent3,3.317711114883423
604,post_monsoon,2,tp_mm,recent3,3.385180950164795
605,post_monsoon,2,tp_mm,recent3,6.648993015289307
606,post_monsoon,2,tp_mm,recent3,7.2000732421875
607,post_monsoon,2,tp_mm,recent3,5.145138740539551
608,post_monsoon,2,tp_mm,recent3,3.0419468879699707
609,post_monsoon,2,tp_mm,recent3,3.268397569656372
700,post_monsoon,2,tp_mm,recent3,0.13722069561481476
701,post_monsoon,2,tp_mm,recent3,0.1177932396531105
702,post_monsoon,2,tp_mm,recent3,0.3877904415130615
703,post_monsoon,2,tp_mm,recent3,0.718227744102478
704,post_monsoon,2,tp_mm,recent3,1.3522701263427734
705,post_monsoon,2,tp_mm,recent3,2.5261268615722656
706,post_monsoon,2,tp_mm,recent3,1.8564993143081665
707,post_monsoon,2,tp_mm,recent3,1.6791661977767944
708,post_monsoon,2,tp_mm,recent3,2.703608512878418
709,post_monsoon,2,tp_mm,recent3,3.300661087036133
800,post_monsoon,2,tp_mm,recent3,0.5138493776321411
801,post_monsoon,2,tp_mm,recent3,0.6910205483436584
802,post_monsoon,2,tp_mm,recent3,0.5108921527862549
803,post_monsoon,2,tp_mm,recent3,0.24350221455097198
804,post_monsoon,2,tp_mm,recent3,0.06779191642999649
805,post_monsoon,2,tp_mm,recent3,0.21589429676532745
806,post_monsoon,2,tp_mm,recent3,0.4947955906391144
807,post_monsoon,2,tp_mm,recent3,0.8331152200698853
808,post_monsoon,2,tp_mm,recent3,1.3626478910446167
809,post_monsoon,2,tp_mm,recent3,1.4179695844650269
900,post_monsoon,2,tp_mm,recent3,0.5904906392097473
901,post_monsoon,2,tp_mm,recent3,1.1067898273468018
902,post_monsoon,2,tp_mm,recent3,1.3322778940200806
903,post_monsoon,2,tp_mm,recent3,0.41459667682647705
904,post_monsoon,2,tp_mm,recent3,0.2673066258430481
905,post_monsoon,2,tp_mm,recent3,0.1917852759361267
906,post_monsoon,2,tp_mm,recent3,0.2017352283000946
907,post_monsoon,2,tp_mm,recent3,0.34994131326675415
908,post_monsoon,2,tp_mm,recent3,0.37023040652275085
909,post_monsoon,2,tp_mm,recent3,0.6206967234611511
1000,post_monsoon,2,tp_mm,recent3,0.313990980386734
1001,post_monsoon,2,tp_mm,recent3,0.6945509910583496
1002,post_monsoon,2,tp_mm,recent3,0.5727902054786682
1003,post_monsoon,2,tp_mm,recent3,0.4882519543170929
1004,post_monsoon,2,tp_mm,recent3,0.011893740855157375
1005,post_monsoon,2,tp_mm,recent3,0.11155898123979568
1006,post_monsoon,2,tp_mm,recent3,0.1485786885023117
1007,post_monsoon,2,tp_mm,recent3,0.1888107806444168
1008,post_monsoon,2,tp_mm,recent3,0.08767738938331604
1009,post_monsoon,2,tp_mm,recent3,0.02361040934920311
0,winter,2,tp_mm,anom_persistence,4.501165866851807
1,winter,2,tp_mm,anom_persistence,1.9209870100021362
2,winter,2,tp_mm,anom_persistence,0.6055065393447876
3,winter,2,tp_mm,anom_persistence,1.6671013832092285
4,winter,2,tp_mm,anom_persistence,3.663166046142578
5,winter,2,tp_mm,anom_persistence,3.900524139404297
6,winter,2,tp_mm,anom_persistence,4.2334418296813965
7,winter,2,tp_mm,anom_persistence,6.8961639404296875
8,winter,2,tp_mm,anom_persistence,5.022738933563232
9,winter,2,tp_mm,anom_persistence,2.0475714206695557
100,winter,2,tp_mm,anom_persistence,0.854670524597168
101,winter,2,tp_mm,anom_persistence,0.14278873801231384
102,winter,2,tp_mm,anom_persistence,0.17437858879566193
103,winter,2,tp_mm,anom_persistence,0.45624738931655884
104,winter,2,tp_mm,anom_persistence,2.154684066772461
105,winter,2,tp_mm,anom_persistence,3.2610127925872803
106,winter,2,tp_mm,anom_persistence,5.152016639709473
107,winter,2,tp_mm,anom_persistence,6.174344539642334
108,winter,2,tp_mm,anom_persistence,2.4010603427886963
109,winter,2,tp_mm,anom_persistence,0.28756242990493774
200,winter,2,tp_mm,anom_persistence,0.07917828112840652
201,winter,2,tp_mm,anom_persistence,0.013097860850393772
202,winter,2,tp_mm,anom_persistence,0.009732733480632305
203,winter,2,tp_mm,anom_persistence,0.044367823749780655
204,winter,2,tp_mm,anom_persistence,0.19042305648326874
205,winter,2,tp_mm,anom_persistence,0.27003949880599976
206,winter,2,tp_mm,anom_persistence,0.3108762502670288
207,winter,2,tp_mm,anom_persistence,0.4764706790447235
208,winter,2,tp_mm,anom_persistence,0.23725369572639465
209,winter,2,tp_mm,anom_persistence,0.08509620279073715
300,winter,2,tp_mm,anom_persistence,0.04500770568847656
301,winter,2,tp_mm,anom_persistence,0.0011312454007565975
302,winter,2,tp_mm,anom_persistence,0.0024108446668833494
303,winter,2,tp_mm,anom_persistence,0.0008630489464849234
304,winter,2,tp_mm,anom_persistence,0.02104760706424713
305,winter,2,tp_mm,anom_persistence,0.05476098135113716
306,winter,2,tp_mm,anom_persistence,0.027643561363220215
307,winter,2,tp_mm,anom_persistence,0.07420258224010468
308,winter,2,tp_mm,anom_persistence,0.057041242718696594
309,winter,2,tp_mm,anom_persistence,0.06087833270430565
400,winter,2,tp_mm,anom_persistence,0.02296478860080242
401,winter,2,tp_mm,anom_persistence,0.0001088123390218243
402,winter,2,tp_mm,anom_persistence,0.005195715930312872
403,winter,2,tp_mm,anom_persistence,0.007235577329993248
404,winter,2,tp_mm,anom_persistence,0.00012482418969739228
405,winter,2,tp_mm,anom_persistence,0.017947951331734657
406,winter,2,tp_mm,anom_persistence,0.05486959591507912
407,winter,2,tp_mm,anom_persistence,0.07328736782073975
408,winter,2,tp_mm,anom_persistence,0.054047103971242905
409,winter,2,tp_mm,anom_persistence,0.018268542364239693
500,winter,2,tp_mm,anom_persistence,0.0013737338595092297
501,winter,2,tp_mm,anom_persistence,0.0026729099918156862
502,winter,2,tp_mm,anom_persistence,0.0017777406610548496
503,winter,2,tp_mm,anom_persistence,0.0505104586482048
504,winter,2,tp_mm,anom_persistence,0.032663002610206604
505,winter,2,tp_mm,anom_persistence,0.005153676029294729
506,winter,2,tp_mm,anom_persistence,0.037364646792411804
507,winter,2,tp_mm,anom_persistence,0.20694059133529663
508,winter,2,tp_mm,anom_persistence,0.25414741039276123
509,winter,2,tp_mm,anom_persistence,0.07238267362117767
600,winter,2,tp_mm,anom_persistence,0.04051690921187401
601,winter,2,tp_mm,anom_persistence,0.10964526981115341
602,winter,2,tp_mm,anom_persistence,0.24072697758674622
603,winter,2,tp_mm,anom_persistence,0.20466722548007965
604,winter,2,tp_mm,anom_persistence,0.0912301167845726
605,winter,2,tp_mm,anom_persistence,0.13332484662532806
606,winter,2,tp_mm,anom_persistence,0.9072673320770264
607,winter,2,tp_mm,anom_persistence,1.3257901668548584
608,winter,2,tp_mm,anom_persistence,2.422542095184326
609,winter,2,tp_mm,anom_persistence,1.9536263942718506
700,winter,2,tp_mm,anom_persistence,0.13009563088417053
701,winter,2,tp_mm,anom_persistence,0.21782106161117554
702,winter,2,tp_mm,anom_persistence,1.1312025785446167
703,winter,2,tp_mm,anom_persistence,1.7473751306533813
704,winter,2,tp_mm,anom_persistence,2.338761329650879
705,winter,2,tp_mm,anom_persistence,1.0708482265472412
706,winter,2,tp_mm,anom_persistence,0.2698907256126404
707,winter,2,tp_mm,anom_persistence,0.49452289938926697
708,winter,2,tp_mm,anom_persistence,2.7817389965057373
709,winter,2,tp_mm,anom_persistence,5.317134380340576
800,winter,2,tp_mm,anom_persistence,1.4011706113815308
801,winter,2,tp_mm,anom_persistence,0.42819780111312866
802,winter,2,tp_mm,anom_persistence,2.867504119873047
803,winter,2,tp_mm,anom_persistence,2.688610792160034
804,winter,2,tp_mm,anom_persistence,0.48770326375961304
805,winter,2,tp_mm,anom_persistence,0.16809338331222534
806,winter,2,tp_mm,anom_persistence,0.154590904712677
807,winter,2,tp_mm,anom_persistence,0.15301670134067535
808,winter,2,tp_mm,anom_persistence,0.3720000982284546
809,winter,2,tp_mm,anom_persistence,0.6755387783050537
900,winter,2,tp_mm,anom_persistence,2.8921403884887695
901,winter,2,tp_mm,anom_persistence,3.515123128890991
902,winter,2,tp_mm,anom_persistence,3.2143118381500244
903,winter,2,tp_mm,anom_persistence,0.8761417865753174
904,winter,2,tp_mm,anom_persistence,0.420539528131485
905,winter,2,tp_mm,anom_persistence,0.4193297326564789
906,winter,2,tp_mm,anom_persistence,0.3723410367965698
907,winter,2,tp_mm,anom_persistence,0.4044826626777649
908,winter,2,tp_mm,anom_persistence,0.29958397150039673
909,winter,2,tp_mm,anom_persistence,0.36563318967819214
1000,winter,2,tp_mm,anom_persistence,1.671209454536438
1001,winter,2,tp_mm,anom_persistence,1.3616904020309448
1002,winter,2,tp_mm,anom_persistence,1.1872471570968628
1003,winter,2,tp_mm,anom_persistence,0.5530765056610107
1004,winter,2,tp_mm,anom_persistence,0.04920331761240959
1005,winter,2,tp_mm,anom_persistence,0.2822208106517792
1006,winter,2,tp_mm,anom_persistence,0.5053392052650452
1007,winter,2,tp_mm,anom_persistence,0.5450061559677124
1008,winter,2,tp_mm,anom_persistence,0.1705757975578308
1009,winter,2,tp_mm,anom_persistence,0.05725698173046112
0,pre_monsoon,2,tp_mm,anom_persistence,1.854418396949768
1,pre_monsoon,2,tp_mm,anom_persistence,3.7048466205596924
2,pre_monsoon,2,tp_mm,anom_persistence,4.924392223358154
3,pre_monsoon,2,tp_mm,anom_persistence,5.176424026489258
4,pre_monsoon,2,tp_mm,anom_persistence,4.17971134185791
5,pre_monsoon,2,tp_mm,anom_persistence,6.348368167877197
6,pre_monsoon,2,tp_mm,anom_persistence,7.196132183074951
7,pre_monsoon,2,tp_mm,anom_persistence,7.454074382781982
8,pre_monsoon,2,tp_mm,anom_persistence,8.001311302185059
9,pre_monsoon,2,tp_mm,anom_persistence,7.369199752807617
100,pre_monsoon,2,tp_mm,anom_persistence,0.21288329362869263
101,pre_monsoon,2,tp_mm,anom_persistence,2.5020816326141357
102,pre_monsoon,2,tp_mm,anom_persistence,4.933505535125732
103,pre_monsoon,2,tp_mm,anom_persistence,3.3759353160858154
104,pre_monsoon,2,tp_mm,anom_persistence,3.4625959396362305
105,pre_monsoon,2,tp_mm,anom_persistence,3.100539445877075
106,pre_monsoon,2,tp_mm,anom_persistence,4.425084590911865
107,pre_monsoon,2,tp_mm,anom_persistence,7.269095420837402
108,pre_monsoon,2,tp_mm,anom_persistence,5.209644794464111
109,pre_monsoon,2,tp_mm,anom_persistence,5.298187255859375
200,pre_monsoon,2,tp_mm,anom_persistence,0.3901728391647339
201,pre_monsoon,2,tp_mm,anom_persistence,3.001255750656128
202,pre_monsoon,2,tp_mm,anom_persistence,3.9508678913116455
203,pre_monsoon,2,tp_mm,anom_persistence,1.9814714193344116
204,pre_monsoon,2,tp_mm,anom_persistence,1.5349699258804321
205,pre_monsoon,2,tp_mm,anom_persistence,1.626694679260254
206,pre_monsoon,2,tp_mm,anom_persistence,5.0073041915893555
207,pre_monsoon,2,tp_mm,anom_persistence,7.847786903381348
208,pre_monsoon,2,tp_mm,anom_persistence,3.7747209072113037
209,pre_monsoon,2,tp_mm,anom_persistence,3.0975983142852783
300,pre_monsoon,2,tp_mm,anom_persistence,0.8643365502357483
301,pre_monsoon,2,tp_mm,anom_persistence,3.8719706535339355
302,pre_monsoon,2,tp_mm,anom_persistence,1.6615352630615234
303,pre_monsoon,2,tp_mm,anom_persistence,1.3688292503356934
304,pre_monsoon,2,tp_mm,anom_persistence,1.4221415519714355
305,pre_monsoon,2,tp_mm,anom_persistence,1.4293875694274902
306,pre_monsoon,2,tp_mm,anom_persistence,4.480509281158447
307,pre_monsoon,2,tp_mm,anom_persistence,2.8796355724334717
308,pre_monsoon,2,tp_mm,anom_persistence,2.2418899536132812
309,pre_monsoon,2,tp_mm,anom_persistence,2.5715229511260986
400,pre_monsoon,2,tp_mm,anom_persistence,0.5138280987739563
401,pre_monsoon,2,tp_mm,anom_persistence,1.1720999479293823
402,pre_monsoon,2,tp_mm,anom_persistence,0.7246734499931335
403,pre_monsoon,2,tp_mm,anom_persistence,0.7956860065460205
404,pre_monsoon,2,tp_mm,anom_persistence,1.0559381246566772
405,pre_monsoon,2,tp_mm,anom_persistence,1.48069429397583
406,pre_monsoon,2,tp_mm,anom_persistence,1.3977291584014893
407,pre_monsoon,2,tp_mm,anom_persistence,1.80765700340271
408,pre_monsoon,2,tp_mm,anom_persistence,1.8954838514328003
409,pre_monsoon,2,tp_mm,anom_persistence,2.0917928218841553
500,pre_monsoon,2,tp_mm,anom_persistence,0.2925073206424713
501,pre_monsoon,2,tp_mm,anom_persistence,0.9928566813468933
502,pre_monsoon,2,tp_mm,anom_persistence,0.9119012355804443
503,pre_monsoon,2,tp_mm,anom_persistence,0.37519800662994385
504,pre_monsoon,2,tp_mm,anom_persistence,0.5755563378334045
505,pre_monsoon,2,tp_mm,anom_persistence,1.8843165636062622
506,pre_monsoon,2,tp_mm,anom_persistence,3.997342348098755
507,pre_monsoon,2,tp_mm,anom_persistence,4.336256504058838
508,pre_monsoon,2,tp_mm,anom_persistence,2.68510365486145
509,pre_monsoon,2,tp_mm,anom_persistence,4.099154472351074
600,pre_monsoon,2,tp_mm,anom_persistence,0.11811615526676178
601,pre_monsoon,2,tp_mm,anom_persistence,0.46637630462646484
602,pre_monsoon,2,tp_mm,anom_persistence,0.9029800891876221
603,pre_monsoon,2,tp_mm,anom_persistence,0.5017940998077393
604,pre_monsoon,2,tp_mm,anom_persistence,0.9903160929679871
605,pre_monsoon,2,tp_mm,anom_persistence,3.281235933303833
606,pre_monsoon,2,tp_mm,anom_persistence,6.221038341522217
607,pre_monsoon,2,tp_mm,anom_persistence,6.0042195320129395
608,pre_monsoon,2,tp_mm,anom_persistence,5.951137065887451
609,pre_monsoon,2,tp_mm,anom_persistence,5.269320011138916
700,pre_monsoon,2,tp_mm,anom_persistence,0.6950972676277161
701,pre_monsoon,2,tp_mm,anom_persistence,0.49824804067611694
702,pre_monsoon,2,tp_mm,anom_persistence,1.3845995664596558
703,pre_monsoon,2,tp_mm,anom_persistence,3.073312759399414
704,pre_monsoon,2,tp_mm,anom_persistence,3.061795234680176
705,pre_monsoon,2,tp_mm,anom_persistence,2.0036001205444336
706,pre_monsoon,2,tp_mm,anom_persistence,1.6652737855911255
707,pre_monsoon,2,tp_mm,anom_persistence,2.0441019535064697
708,pre_monsoon,2,tp_mm,anom_persistence,4.200521469116211
709,pre_monsoon,2,tp_mm,anom_persistence,7.679434299468994
800,pre_monsoon,2,tp_mm,anom_persistence,1.9101881980895996
801,pre_monsoon,2,tp_mm,anom_persistence,2.45963454246521
802,pre_monsoon,2,tp_mm,anom_persistence,5.56311559677124
803,pre_monsoon,2,tp_mm,anom_persistence,3.528414011001587
804,pre_monsoon,2,tp_mm,anom_persistence,0.907339334487915
805,pre_monsoon,2,tp_mm,anom_persistence,0.7570693492889404
806,pre_monsoon,2,tp_mm,anom_persistence,0.9565086364746094
807,pre_monsoon,2,tp_mm,anom_persistence,1.0899051427841187
808,pre_monsoon,2,tp_mm,anom_persistence,1.752814769744873
809,pre_monsoon,2,tp_mm,anom_persistence,1.9311158657073975
900,pre_monsoon,2,tp_mm,anom_persistence,3.5343263149261475
901,pre_monsoon,2,tp_mm,anom_persistence,6.024264812469482
902,pre_monsoon,2,tp_mm,anom_persistence,5.774866580963135
903,pre_monsoon,2,tp_mm,anom_persistence,2.063084602355957
904,pre_monsoon,2,tp_mm,anom_persistence,1.0587964057922363
905,pre_monsoon,2,tp_mm,anom_persistence,1.0185065269470215
906,pre_monsoon,2,tp_mm,anom_persistence,0.8093831539154053
907,pre_monsoon,2,tp_mm,anom_persistence,1.0912281274795532
908,pre_monsoon,2,tp_mm,anom_persistence,1.1727677583694458
909,pre_monsoon,2,tp_mm,anom_persistence,1.0648322105407715
1000,pre_monsoon,2,tp_mm,anom_persistence,2.9969568252563477
1001,pre_monsoon,2,tp_mm,anom_persistence,2.980973958969116
1002,pre_monsoon,2,tp_mm,anom_persistence,2.2326440811157227
1003,pre_monsoon,2,tp_mm,anom_persistence,2.1524667739868164
1004,pre_monsoon,2,tp_mm,anom_persistence,0.21846123039722443
1005,pre_monsoon,2,tp_mm,anom_persistence,0.9193556308746338
1006,pre_monsoon,2,tp_mm,anom_persistence,0.8892664313316345
1007,pre_monsoon,2,tp_mm,anom_persistence,1.1095858812332153
1008,pre_monsoon,2,tp_mm,anom_persistence,0.42001283168792725
1009,pre_monsoon,2,tp_mm,anom_persistence,0.18587356805801392
0,monsoon,2,tp_mm,anom_persistence,1.7715975046157837
1,monsoon,2,tp_mm,anom_persistence,3.2596516609191895
2,monsoon,2,tp_mm,anom_persistence,4.784463405609131
3,monsoon,2,tp_mm,anom_persistence,1.6568925380706787
4,monsoon,2,tp_mm,anom_persistence,1.6982134580612183
5,monsoon,2,tp_mm,anom_persistence,2.656094789505005
6,monsoon,2,tp_mm,anom_persistence,6.476466655731201
7,monsoon,2,tp_mm,anom_persistence,8.077862739562988
8,monsoon,2,tp_mm,anom_persistence,9.706436157226562
9,monsoon,2,tp_mm,anom_persistence,9.634139060974121
100,monsoon,2,tp_mm,anom_persistence,1.424226999282837
101,monsoon,2,tp_mm,anom_persistence,4.080183029174805
102,monsoon,2,tp_mm,anom_persistence,7.109895706176758
103,monsoon,2,tp_mm,anom_persistence,3.6190185546875
104,monsoon,2,tp_mm,anom_persistence,3.7670059204101562
105,monsoon,2,tp_mm,anom_persistence,5.5682692527771
106,monsoon,2,tp_mm,anom_persistence,8.810073852539062
107,monsoon,2,tp_mm,anom_persistence,9.028812408447266
108,monsoon,2,tp_mm,anom_persistence,10.314319610595703
109,monsoon,2,tp_mm,anom_persistence,11.837544441223145
200,monsoon,2,tp_mm,anom_persistence,1.3430792093276978
201,monsoon,2,tp_mm,anom_persistence,6.428178310394287
202,monsoon,2,tp_mm,anom_persistence,8.068477630615234
203,monsoon,2,tp_mm,anom_persistence,4.84807014465332
204,monsoon,2,tp_mm,anom_persistence,5.522023677825928
205,monsoon,2,tp_mm,anom_persistence,12.373268127441406
206,monsoon,2,tp_mm,anom_persistence,11.277368545532227
207,monsoon,2,tp_mm,anom_persistence,11.443886756896973
208,monsoon,2,tp_mm,anom_persistence,10.666316986083984
209,monsoon,2,tp_mm,anom_persistence,12.38239860534668
300,monsoon,2,tp_mm,anom_persistence,3.9845902919769287
301,monsoon,2,tp_mm,anom_persistence,10.631366729736328
302,monsoon,2,tp_mm,anom_persistence,7.414968490600586
303,monsoon,2,tp_mm,anom_persistence,7.637007713317871
304,monsoon,2,tp_mm,anom_persistence,8.975729942321777
305,monsoon,2,tp_mm,anom_persistence,9.778120040893555
306,monsoon,2,tp_mm,anom_persistence,9.370024681091309
307,monsoon,2,tp_mm,anom_persistence,9.804224967956543
308,monsoon,2,tp_mm,anom_persistence,11.80521297454834
309,monsoon,2,tp_mm,anom_persistence,11.498404502868652
400,monsoon,2,tp_mm,anom_persistence,8.595647811889648
401,monsoon,2,tp_mm,anom_persistence,13.293968200683594
402,monsoon,2,tp_mm,anom_persistence,10.74872875213623
403,monsoon,2,tp_mm,anom_persistence,11.689294815063477
404,monsoon,2,tp_mm,anom_persistence,11.934906959533691
405,monsoon,2,tp_mm,anom_persistence,10.778240203857422
406,monsoon,2,tp_mm,anom_persistence,10.913147926330566
407,monsoon,2,tp_mm,anom_persistence,12.640595436096191
408,monsoon,2,tp_mm,anom_persistence,13.384964942932129
409,monsoon,2,tp_mm,anom_persistence,9.087449073791504
500,monsoon,2,tp_mm,anom_persistence,6.948686599731445
501,monsoon,2,tp_mm,anom_persistence,12.447369575500488
502,monsoon,2,tp_mm,anom_persistence,10.200372695922852
503,monsoon,2,tp_mm,anom_persistence,11.511205673217773
504,monsoon,2,tp_mm,anom_persistence,10.214422225952148
505,monsoon,2,tp_mm,anom_persistence,10.881667137145996
506,monsoon,2,tp_mm,anom_persistence,11.7230806350708
507,monsoon,2,tp_mm,anom_persistence,12.977585792541504
508,monsoon,2,tp_mm,anom_persistence,11.649863243103027
509,monsoon,2,tp_mm,anom_persistence,9.936844825744629
600,monsoon,2,tp_mm,anom_persistence,3.9124691486358643
601,monsoon,2,tp_mm,anom_persistence,4.006681442260742
602,monsoon,2,tp_mm,anom_persistence,6.813967704772949
603,monsoon,2,tp_mm,anom_persistence,8.081244468688965
604,monsoon,2,tp_mm,anom_persistence,10.987224578857422
605,monsoon,2,tp_mm,anom_persistence,11.903229713439941
606,monsoon,2,tp_mm,anom_persistence,14.946282386779785
607,monsoon,2,tp_mm,anom_persistence,14.915830612182617
608,monsoon,2,tp_mm,anom_persistence,14.889205932617188
609,monsoon,2,tp_mm,anom_persistence,19.79584503173828
700,monsoon,2,tp_mm,anom_persistence,2.1835861206054688
701,monsoon,2,tp_mm,anom_persistence,2.741765260696411
702,monsoon,2,tp_mm,anom_persistence,5.645455360412598
703,monsoon,2,tp_mm,anom_persistence,11.902908325195312
704,monsoon,2,tp_mm,anom_persistence,10.257322311401367
705,monsoon,2,tp_mm,anom_persistence,7.112640380859375
706,monsoon,2,tp_mm,anom_persistence,4.88829231262207
707,monsoon,2,tp_mm,anom_persistence,4.7853851318359375
708,monsoon,2,tp_mm,anom_persistence,6.95380973815918
709,monsoon,2,tp_mm,anom_persistence,9.554091453552246
800,monsoon,2,tp_mm,anom_persistence,2.073662281036377
801,monsoon,2,tp_mm,anom_persistence,4.161365032196045
802,monsoon,2,tp_mm,anom_persistence,10.166799545288086
803,monsoon,2,tp_mm,anom_persistence,5.363018989562988
804,monsoon,2,tp_mm,anom_persistence,3.3190131187438965
805,monsoon,2,tp_mm,anom_persistence,3.2200777530670166
806,monsoon,2,tp_mm,anom_persistence,3.371760368347168
807,monsoon,2,tp_mm,anom_persistence,4.130082130432129
808,monsoon,2,tp_mm,anom_persistence,4.601701736450195
809,monsoon,2,tp_mm,anom_persistence,4.67169713973999
900,monsoon,2,tp_mm,anom_persistence,0.7093842625617981
901,monsoon,2,tp_mm,anom_persistence,4.796117782592773
902,monsoon,2,tp_mm,anom_persistence,4.279636859893799
903,monsoon,2,tp_mm,anom_persistence,2.546069622039795
904,monsoon,2,tp_mm,anom_persistence,2.482679605484009
905,monsoon,2,tp_mm,anom_persistence,2.839491844177246
906,monsoon,2,tp_mm,anom_persistence,3.1169893741607666
907,monsoon,2,tp_mm,anom_persistence,3.4613306522369385
908,monsoon,2,tp_mm,anom_persistence,2.9598565101623535
909,monsoon,2,tp_mm,anom_persistence,2.7306506633758545
1000,monsoon,2,tp_mm,anom_persistence,0.020457619801163673
1001,monsoon,2,tp_mm,anom_persistence,0.7510992884635925
1002,monsoon,2,tp_mm,anom_persistence,2.5876219272613525
1003,monsoon,2,tp_mm,anom_persistence,1.777541160583496
1004,monsoon,2,tp_mm,anom_persistence,0.20418453216552734
1005,monsoon,2,tp_mm,anom_persistence,1.1703006029129028
1006,monsoon,2,tp_mm,anom_persistence,2.0948269367218018
1007,monsoon,2,tp_mm,anom_persistence,2.515958070755005
1008,monsoon,2,tp_mm,anom_persistence,0.6463878750801086
1009,monsoon,2,tp_mm,anom_persistence,0.5184739828109741
0,post_monsoon,2,tp_mm,anom_persistence,5.9275803565979
1,post_monsoon,2,tp_mm,anom_persistence,7.089790344238281
2,post_monsoon,2,tp_mm,anom_persistence,8.09386920928955
3,post_monsoon,2,tp_mm,anom_persistence,13.547477722167969
4,post_monsoon,2,tp_mm,anom_persistence,10.94309139251709
5,post_monsoon,2,tp_mm,anom_persistence,8.187308311462402
6,post_monsoon,2,tp_mm,anom_persistence,8.602202415466309
7,post_monsoon,2,tp_mm,anom_persistence,8.901476860046387
8,post_monsoon,2,tp_mm,anom_persistence,11.743293762207031
9,post_monsoon,2,tp_mm,anom_persistence,12.143961906433105
100,post_monsoon,2,tp_mm,anom_persistence,9.414505958557129
101,post_monsoon,2,tp_mm,anom_persistence,8.020004272460938
102,post_monsoon,2,tp_mm,anom_persistence,7.1630401611328125
103,post_monsoon,2,tp_mm,anom_persistence,5.908319473266602
104,post_monsoon,2,tp_mm,anom_persistence,11.459392547607422
105,post_monsoon,2,tp_mm,anom_persistence,15.17177677154541
106,post_monsoon,2,tp_mm,anom_persistence,12.579570770263672
107,post_monsoon,2,tp_mm,anom_persistence,11.678669929504395
108,post_monsoon,2,tp_mm,anom_persistence,12.40692138671875
109,post_monsoon,2,tp_mm,anom_persistence,7.768867015838623
200,post_monsoon,2,tp_mm,anom_persistence,5.39393949508667
201,post_monsoon,2,tp_mm,anom_persistence,6.467833518981934
202,post_monsoon,2,tp_mm,anom_persistence,4.6027140617370605
203,post_monsoon,2,tp_mm,anom_persistence,4.324638366699219
204,post_monsoon,2,tp_mm,anom_persistence,18.305347442626953
205,post_monsoon,2,tp_mm,anom_persistence,15.137335777282715
206,post_monsoon,2,tp_mm,anom_persistence,9.737303733825684
207,post_monsoon,2,tp_mm,anom_persistence,8.354522705078125
208,post_monsoon,2,tp_mm,anom_persistence,8.29755687713623
209,post_monsoon,2,tp_mm,anom_persistence,5.927518844604492
300,post_monsoon,2,tp_mm,anom_persistence,6.609441757202148
301,post_monsoon,2,tp_mm,anom_persistence,7.370308876037598
302,post_monsoon,2,tp_mm,anom_persistence,2.62973690032959
303,post_monsoon,2,tp_mm,anom_persistence,6.151823043823242
304,post_monsoon,2,tp_mm,anom_persistence,7.73655366897583
305,post_monsoon,2,tp_mm,anom_persistence,9.970094680786133
306,post_monsoon,2,tp_mm,anom_persistence,4.321268558502197
307,post_monsoon,2,tp_mm,anom_persistence,4.6051859855651855
308,post_monsoon,2,tp_mm,anom_persistence,5.373244762420654
309,post_monsoon,2,tp_mm,anom_persistence,4.152698993682861
400,post_monsoon,2,tp_mm,anom_persistence,13.148317337036133
401,post_monsoon,2,tp_mm,anom_persistence,8.47434139251709
402,post_monsoon,2,tp_mm,anom_persistence,2.7247495651245117
403,post_monsoon,2,tp_mm,anom_persistence,4.191976547241211
404,post_monsoon,2,tp_mm,anom_persistence,3.138331890106201
405,post_monsoon,2,tp_mm,anom_persistence,4.095602512359619
406,post_monsoon,2,tp_mm,anom_persistence,4.339583396911621
407,post_monsoon,2,tp_mm,anom_persistence,3.2408411502838135
408,post_monsoon,2,tp_mm,anom_persistence,3.7081472873687744
409,post_monsoon,2,tp_mm,anom_persistence,3.0725862979888916
500,post_monsoon,2,tp_mm,anom_persistence,3.6314098834991455
501,post_monsoon,2,tp_mm,anom_persistence,4.800363063812256
502,post_monsoon,2,tp_mm,anom_persistence,3.179138660430908
503,post_monsoon,2,tp_mm,anom_persistence,2.660374641418457
504,post_monsoon,2,tp_mm,anom_persistence,2.877690076828003
505,post_monsoon,2,tp_mm,anom_persistence,2.557802677154541
506,post_monsoon,2,tp_mm,anom_persistence,2.100526809692383
507,post_monsoon,2,tp_mm,anom_persistence,2.380309820175171
508,post_monsoon,2,tp_mm,anom_persistence,2.3270864486694336
509,post_monsoon,2,tp_mm,anom_persistence,3.794243335723877
600,post_monsoon,2,tp_mm,anom_persistence,0.19914500415325165
601,post_monsoon,2,tp_mm,anom_persistence,0.7349138855934143
602,post_monsoon,2,tp_mm,anom_persistence,2.6502206325531006
603,post_monsoon,2,tp_mm,anom_persistence,3.492502450942993
604,post_monsoon,2,tp_mm,anom_persistence,4.207087993621826
605,post_monsoon,2,tp_mm,anom_persistence,6.931580066680908
606,post_monsoon,2,tp_mm,anom_persistence,8.36745834350586
607,post_monsoon,2,tp_mm,anom_persistence,5.520147323608398
608,post_monsoon,2,tp_mm,anom_persistence,3.3348283767700195
609,post_monsoon,2,tp_mm,anom_persistence,3.5952939987182617
700,post_monsoon,2,tp_mm,anom_persistence,0.15454965829849243
701,post_monsoon,2,tp_mm,anom_persistence,0.11989393830299377
702,post_monsoon,2,tp_mm,anom_persistence,0.40115848183631897
703,post_monsoon,2,tp_mm,anom_persistence,0.6716693043708801
704,post_monsoon,2,tp_mm,anom_persistence,1.455073356628418
705,post_monsoon,2,tp_mm,anom_persistence,2.6961493492126465
706,post_monsoon,2,tp_mm,anom_persistence,1.9891223907470703
707,post_monsoon,2,tp_mm,anom_persistence,1.81364107131958
708,post_monsoon,2,tp_mm,anom_persistence,2.797935724258423
709,post_monsoon,2,tp_mm,anom_persistence,3.5710926055908203
800,post_monsoon,2,tp_mm,anom_persistence,0.5351499319076538
801,post_monsoon,2,tp_mm,anom_persistence,0.7228548526763916
802,post_monsoon,2,tp_mm,anom_persistence,0.535897970199585
803,post_monsoon,2,tp_mm,anom_persistence,0.2465275675058365
804,post_monsoon,2,tp_mm,anom_persistence,0.07032386213541031
805,post_monsoon,2,tp_mm,anom_persistence,0.2341933250427246
806,post_monsoon,2,tp_mm,anom_persistence,0.547888994216919
807,post_monsoon,2,tp_mm,anom_persistence,0.9703800678253174
808,post_monsoon,2,tp_mm,anom_persistence,1.7091766595840454
809,post_monsoon,2,tp_mm,anom_persistence,1.697611927986145
900,post_monsoon,2,tp_mm,anom_persistence,0.6323182582855225
901,post_monsoon,2,tp_mm,anom_persistence,1.2581219673156738
902,post_monsoon,2,tp_mm,anom_persistence,1.4446470737457275
903,post_monsoon,2,tp_mm,anom_persistence,0.4286360740661621
904,post_monsoon,2,tp_mm,anom_persistence,0.27766889333724976
905,post_monsoon,2,tp_mm,anom_persistence,0.2040066421031952
906,post_monsoon,2,tp_mm,anom_persistence,0.21658912301063538
907,post_monsoon,2,tp_mm,anom_persistence,0.3970850706100464
908,post_monsoon,2,tp_mm,anom_persistence,0.43652793765068054
909,post_monsoon,2,tp_mm,anom_persistence,0.7331148982048035
1000,post_monsoon,2,tp_mm,anom_persistence,0.32715147733688354
1001,post_monsoon,2,tp_mm,anom_persistence,0.7744371294975281
1002,post_monsoon,2,tp_mm,anom_persistence,0.7079882621765137
1003,post_monsoon,2,tp_mm,anom_persistence,0.4764014780521393
1004,post_monsoon,2,tp_mm,anom_persistence,0.011809864081442356
1005,post_monsoon,2,tp_mm,anom_persistence,0.12499174475669861
1006,post_monsoon,2,tp_mm,anom_persistence,0.1578177809715271
1007,post_monsoon,2,tp_mm,anom_persistence,0.22022497653961182
1008,post_monsoon,2,tp_mm,anom_persistence,0.11848516017198563
1009,post_monsoon,2,tp_mm,anom_persistence,0.02660294994711876
0,winter,3,tp_mm,climatology,5.735987663269043
1,winter,3,tp_mm,climatology,2.720583200454712
2,winter,3,tp_mm,climatology,1.7136739492416382
3,winter,3,tp_mm,climatology,3.5670902729034424
4,winter,3,tp_mm,climatology,5.760868549346924
5,winter,3,tp_mm,climatology,5.246205806732178
6,winter,3,tp_mm,climatology,4.42901086807251
7,winter,3,tp_mm,climatology,6.677835464477539
8,winter,3,tp_mm,climatology,5.004727840423584
9,winter,3,tp_mm,climatology,2.186034917831421
100,winter,3,tp_mm,climatology,0.7377721071243286
101,winter,3,tp_mm,climatology,0.19638961553573608
102,winter,3,tp_mm,climatology,0.36692553758621216
103,winter,3,tp_mm,climatology,0.8338217735290527
104,winter,3,tp_mm,climatology,3.330765962600708
105,winter,3,tp_mm,climatology,3.9157299995422363
106,winter,3,tp_mm,climatology,4.5411057472229
107,winter,3,tp_mm,climatology,5.102780818939209
108,winter,3,tp_mm,climatology,1.732237458229065
109,winter,3,tp_mm,climatology,0.26633420586586
200,winter,3,tp_mm,climatology,0.06972520053386688
201,winter,3,tp_mm,climatology,0.012119606137275696
202,winter,3,tp_mm,climatology,0.026386871933937073
203,winter,3,tp_mm,climatology,0.057652268558740616
204,winter,3,tp_mm,climatology,0.2915118932723999
205,winter,3,tp_mm,climatology,0.40800055861473083
206,winter,3,tp_mm,climatology,0.3469938337802887
207,winter,3,tp_mm,climatology,0.37374693155288696
208,winter,3,tp_mm,climatology,0.13945576548576355
209,winter,3,tp_mm,climatology,0.08419851958751678
300,winter,3,tp_mm,climatology,0.054609350860118866
301,winter,3,tp_mm,climatology,0.0017541737761348486
302,winter,3,tp_mm,climatology,0.004640578757971525
303,winter,3,tp_mm,climatology,0.0010143215768039227
304,winter,3,tp_mm,climatology,0.018880954012274742
305,winter,3,tp_mm,climatology,0.04685378074645996
306,winter,3,tp_mm,climatology,0.03353419154882431
307,winter,3,tp_mm,climatology,0.06406140327453613
308,winter,3,tp_mm,climatology,0.042172808200120926
309,winter,3,tp_mm,climatology,0.021446188911795616
400,winter,3,tp_mm,climatology,0.019559714943170547
401,winter,3,tp_mm,climatology,0.000124777972814627
402,winter,3,tp_mm,climatology,0.009228486567735672
403,winter,3,tp_mm,climatology,0.01166961807757616
404,winter,3,tp_mm,climatology,0.00020601444703061134
405,winter,3,tp_mm,climatology,0.012326258234679699
406,winter,3,tp_mm,climatology,0.04004136472940445
407,winter,3,tp_mm,climatology,0.061484768986701965
408,winter,3,tp_mm,climatology,0.04839016869664192
409,winter,3,tp_mm,climatology,0.0033724051900207996
500,winter,3,tp_mm,climatology,0.0010212642373517156
501,winter,3,tp_mm,climatology,0.0032736845314502716
502,winter,3,tp_mm,climatology,0.00279989093542099
503,winter,3,tp_mm,climatology,0.08465847373008728
504,winter,3,tp_mm,climatology,0.053686127066612244
505,winter,3,tp_mm,climatology,0.014101918786764145
506,winter,3,tp_mm,climatology,0.03259792923927307
507,winter,3,tp_mm,climatology,0.17857426404953003
508,winter,3,tp_mm,climatology,0.2499612420797348
509,winter,3,tp_mm,climatology,0.04563191160559654
600,winter,3,tp_mm,climatology,0.0422782264649868
601,winter,3,tp_mm,climatology,0.1752540022134781
602,winter,3,tp_mm,climatology,0.2972427308559418
603,winter,3,tp_mm,climatology,0.31975775957107544
604,winter,3,tp_mm,climatology,0.24439308047294617
605,winter,3,tp_mm,climatology,0.23632685840129852
606,winter,3,tp_mm,climatology,0.9013891220092773
607,winter,3,tp_mm,climatology,1.3829879760742188
608,winter,3,tp_mm,climatology,2.255863666534424
609,winter,3,tp_mm,climatology,1.7932451963424683
700,winter,3,tp_mm,climatology,0.1753491759300232
701,winter,3,tp_mm,climatology,0.38173729181289673
702,winter,3,tp_mm,climatology,1.7236400842666626
703,winter,3,tp_mm,climatology,2.670867919921875
704,winter,3,tp_mm,climatology,3.0955991744995117
705,winter,3,tp_mm,climatology,1.4436230659484863
706,winter,3,tp_mm,climatology,0.3150586783885956
707,winter,3,tp_mm,climatology,0.5446884632110596
708,winter,3,tp_mm,climatology,2.5249805450439453
709,winter,3,tp_mm,climatology,4.7924275398254395
800,winter,3,tp_mm,climatology,1.454520344734192
801,winter,3,tp_mm,climatology,0.8374693989753723
802,winter,3,tp_mm,climatology,3.739125967025757
803,winter,3,tp_mm,climatology,3.249660015106201
804,winter,3,tp_mm,climatology,0.5281636714935303
805,winter,3,tp_mm,climatology,0.18746531009674072
806,winter,3,tp_mm,climatology,0.18590883910655975
807,winter,3,tp_mm,climatology,0.2030201554298401
808,winter,3,tp_mm,climatology,0.4817506968975067
809,winter,3,tp_mm,climatology,0.6968604922294617
900,winter,3,tp_mm,climatology,2.8459386825561523
901,winter,3,tp_mm,climatology,3.2091777324676514
902,winter,3,tp_mm,climatology,2.92867112159729
903,winter,3,tp_mm,climatology,0.9518938064575195
904,winter,3,tp_mm,climatology,0.4398733377456665
905,winter,3,tp_mm,climatology,0.4015856981277466
906,winter,3,tp_mm,climatology,0.3620361387729645
907,winter,3,tp_mm,climatology,0.4019840657711029
908,winter,3,tp_mm,climatology,0.26910197734832764
909,winter,3,tp_mm,climatology,0.31820550560951233
1000,winter,3,tp_mm,climatology,2.2006571292877197
1001,winter,3,tp_mm,climatology,1.8609391450881958
1002,winter,3,tp_mm,climatology,1.1111266613006592
1003,winter,3,tp_mm,climatology,0.4939192235469818
1004,winter,3,tp_mm,climatology,0.08959254622459412
1005,winter,3,tp_mm,climatology,0.33991730213165283
1006,winter,3,tp_mm,climatology,0.5544005036354065
1007,winter,3,tp_mm,climatology,0.6234543919563293
1008,winter,3,tp_mm,climatology,0.14174722135066986
1009,winter,3,tp_mm,climatology,0.06024126708507538
0,pre_monsoon,3,tp_mm,climatology,1.5089404582977295
1,pre_monsoon,3,tp_mm,climatology,2.8583292961120605
2,pre_monsoon,3,tp_mm,climatology,3.6471617221832275
3,pre_monsoon,3,tp_mm,climatology,4.391479969024658
4,pre_monsoon,3,tp_mm,climatology,3.0240836143493652
5,pre_monsoon,3,tp_mm,climatology,4.0025315284729
6,pre_monsoon,3,tp_mm,climatology,6.757936000823975
7,pre_monsoon,3,tp_mm,climatology,7.182138442993164
8,pre_monsoon,3,tp_mm,climatology,6.883351802825928
9,pre_monsoon,3,tp_mm,climatology,6.154263019561768
100,pre_monsoon,3,tp_mm,climatology,0.198446586728096
101,pre_monsoon,3,tp_mm,climatology,2.0922369956970215
102,pre_monsoon,3,tp_mm,climatology,3.90910005569458
103,pre_monsoon,3,tp_mm,climatology,2.6214449405670166
104,pre_monsoon,3,tp_mm,climatology,3.5269107818603516
105,pre_monsoon,3,tp_mm,climatology,2.656630516052246
106,pre_monsoon,3,tp_mm,climatology,5.36339807510376
107,pre_monsoon,3,tp_mm,climatology,8.798813819885254
108,pre_monsoon,3,tp_mm,climatology,3.9296481609344482
109,pre_monsoon,3,tp_mm,climatology,4.614834308624268
200,pre_monsoon,3,tp_mm,climatology,0.44886651635169983
201,pre_monsoon,3,tp_mm,climatology,3.729938507080078
202,pre_monsoon,3,tp_mm,climatology,4.597414493560791
203,pre_monsoon,3,tp_mm,climatology,1.808218002319336
204,pre_monsoon,3,tp_mm,climatology,2.4761462211608887
205,pre_monsoon,3,tp_mm,climatology,2.150841236114502
206,pre_monsoon,3,tp_mm,climatology,6.085525035858154
207,pre_monsoon,3,tp_mm,climatology,8.929122924804688
208,pre_monsoon,3,tp_mm,climatology,2.8985555171966553
209,pre_monsoon,3,tp_mm,climatology,2.5361008644104004
300,pre_monsoon,3,tp_mm,climatology,1.0419121980667114
301,pre_monsoon,3,tp_mm,climatology,4.545407295227051
302,pre_monsoon,3,tp_mm,climatology,2.4297568798065186
303,pre_monsoon,3,tp_mm,climatology,1.40060555934906
304,pre_monsoon,3,tp_mm,climatology,1.5003236532211304
305,pre_monsoon,3,tp_mm,climatology,1.6137961149215698
306,pre_monsoon,3,tp_mm,climatology,4.910399913787842
307,pre_monsoon,3,tp_mm,climatology,3.6249923706054688
308,pre_monsoon,3,tp_mm,climatology,1.9497617483139038
309,pre_monsoon,3,tp_mm,climatology,2.473860502243042
400,pre_monsoon,3,tp_mm,climatology,1.0706255435943604
401,pre_monsoon,3,tp_mm,climatology,2.04970645904541
402,pre_monsoon,3,tp_mm,climatology,0.8513802886009216
403,pre_monsoon,3,tp_mm,climatology,0.6466893553733826
404,pre_monsoon,3,tp_mm,climatology,0.6176888942718506
405,pre_monsoon,3,tp_mm,climatology,0.9711574912071228
406,pre_monsoon,3,tp_mm,climatology,1.2489819526672363
407,pre_monsoon,3,tp_mm,climatology,1.8172852993011475
408,pre_monsoon,3,tp_mm,climatology,1.9544097185134888
409,pre_monsoon,3,tp_mm,climatology,2.0028843879699707
500,pre_monsoon,3,tp_mm,climatology,0.5438798069953918
501,pre_monsoon,3,tp_mm,climatology,2.075690269470215
502,pre_monsoon,3,tp_mm,climatology,1.5942565202713013
503,pre_monsoon,3,tp_mm,climatology,0.4736240804195404
504,pre_monsoon,3,tp_mm,climatology,0.5381234884262085
505,pre_monsoon,3,tp_mm,climatology,1.4816499948501587
506,pre_monsoon,3,tp_mm,climatology,3.2764344215393066
507,pre_monsoon,3,tp_mm,climatology,4.0845046043396
508,pre_monsoon,3,tp_mm,climatology,2.52704119682312
509,pre_monsoon,3,tp_mm,climatology,3.4273264408111572
600,pre_monsoon,3,tp_mm,climatology,0.07126335054636002
601,pre_monsoon,3,tp_mm,climatology,0.6503190994262695
602,pre_monsoon,3,tp_mm,climatology,1.1496855020523071
603,pre_monsoon,3,tp_mm,climatology,0.5314679741859436
604,pre_monsoon,3,tp_mm,climatology,0.9502957463264465
605,pre_monsoon,3,tp_mm,climatology,2.5463833808898926
606,pre_monsoon,3,tp_mm,climatology,5.088328838348389
607,pre_monsoon,3,tp_mm,climatology,5.5471391677856445
608,pre_monsoon,3,tp_mm,climatology,5.612752437591553
609,pre_monsoon,3,tp_mm,climatology,4.960114479064941
700,pre_monsoon,3,tp_mm,climatology,0.3896082639694214
701,pre_monsoon,3,tp_mm,climatology,0.3174557089805603
702,pre_monsoon,3,tp_mm,climatology,1.1642131805419922
703,pre_monsoon,3,tp_mm,climatology,2.2771880626678467
704,pre_monsoon,3,tp_mm,climatology,2.2296853065490723
705,pre_monsoon,3,tp_mm,climatology,1.5117517709732056
706,pre_monsoon,3,tp_mm,climatology,1.3740018606185913
707,pre_monsoon,3,tp_mm,climatology,1.7354854345321655
708,pre_monsoon,3,tp_mm,climatology,3.4080004692077637
709,pre_monsoon,3,tp_mm,climatology,6.347074031829834
800,pre_monsoon,3,tp_mm,climatology,2.15966796875
801,pre_monsoon,3,tp_mm,climatology,1.6189935207366943
802,pre_monsoon,3,tp_mm,climatology,3.092545509338379
803,pre_monsoon,3,tp_mm,climatology,1.9711549282073975
804,pre_monsoon,3,tp_mm,climatology,0.7856104373931885
805,pre_monsoon,3,tp_mm,climatology,0.6784397959709167
806,pre_monsoon,3,tp_mm,climatology,0.8528978228569031
807,pre_monsoon,3,tp_mm,climatology,0.9607520699501038
808,pre_monsoon,3,tp_mm,climatology,1.630294680595398
809,pre_monsoon,3,tp_mm,climatology,1.618537187576294
900,pre_monsoon,3,tp_mm,climatology,4.207074165344238
901,pre_monsoon,3,tp_mm,climatology,5.6747660636901855
902,pre_monsoon,3,tp_mm,climatology,4.52031135559082
903,pre_monsoon,3,tp_mm,climatology,1.5212593078613281
904,pre_monsoon,3,tp_mm,climatology,0.7838671207427979
905,pre_monsoon,3,tp_mm,climatology,0.7303254008293152
906,pre_monsoon,3,tp_mm,climatology,0.6906746625900269
907,pre_monsoon,3,tp_mm,climatology,1.0350689888000488
908,pre_monsoon,3,tp_mm,climatology,1.0641207695007324
909,pre_monsoon,3,tp_mm,climatology,0.91556715965271
1000,pre_monsoon,3,tp_mm,climatology,2.9152421951293945
1001,pre_monsoon,3,tp_mm,climatology,3.2262134552001953
1002,pre_monsoon,3,tp_mm,climatology,1.737603783607483
1003,pre_monsoon,3,tp_mm,climatology,1.825995922088623
1004,pre_monsoon,3,tp_mm,climatology,0.18725423514842987
1005,pre_monsoon,3,tp_mm,climatology,0.5975529551506042
1006,pre_monsoon,3,tp_mm,climatology,0.6814293265342712
1007,pre_monsoon,3,tp_mm,climatology,1.0999618768692017
1008,pre_monsoon,3,tp_mm,climatology,0.3825584948062897
1009,pre_monsoon,3,tp_mm,climatology,0.18783366680145264
0,monsoon,3,tp_mm,climatology,1.208150029182434
1,monsoon,3,tp_mm,climatology,2.105919599533081
2,monsoon,3,tp_mm,climatology,3.6041171550750732
3,monsoon,3,tp_mm,climatology,1.4818648099899292
4,monsoon,3,tp_mm,climatology,1.554751992225647
5,monsoon,3,tp_mm,climatology,2.532815456390381
6,monsoon,3,tp_mm,climatology,5.06510066986084
7,monsoon,3,tp_mm,climatology,6.889974117279053
8,monsoon,3,tp_mm,climatology,7.880043983459473
9,monsoon,3,tp_mm,climatology,7.030158519744873
100,monsoon,3,tp_mm,climatology,1.1339282989501953
101,monsoon,3,tp_mm,climatology,2.892803192138672
102,monsoon,3,tp_mm,climatology,5.756378650665283
103,monsoon,3,tp_mm,climatology,3.435056447982788
104,monsoon,3,tp_mm,climatology,4.307229042053223
105,monsoon,3,tp_mm,climatology,5.3497209548950195
106,monsoon,3,tp_mm,climatology,6.854029178619385
107,monsoon,3,tp_mm,climatology,7.142590045928955
108,monsoon,3,tp_mm,climatology,8.233136177062988
109,monsoon,3,tp_mm,climatology,9.157283782958984
200,monsoon,3,tp_mm,climatology,0.9806340336799622
201,monsoon,3,tp_mm,climatology,6.085730075836182
202,monsoon,3,tp_mm,climatology,7.933626651763916
203,monsoon,3,tp_mm,climatology,4.683053970336914
204,monsoon,3,tp_mm,climatology,6.122072219848633
205,monsoon,3,tp_mm,climatology,12.802779197692871
206,monsoon,3,tp_mm,climatology,11.17690658569336
207,monsoon,3,tp_mm,climatology,9.957681655883789
208,monsoon,3,tp_mm,climatology,10.313475608825684
209,monsoon,3,tp_mm,climatology,10.86796760559082
300,monsoon,3,tp_mm,climatology,3.333993911743164
301,monsoon,3,tp_mm,climatology,13.232227325439453
302,monsoon,3,tp_mm,climatology,7.505800724029541
303,monsoon,3,tp_mm,climatology,6.909661769866943
304,monsoon,3,tp_mm,climatology,8.51862621307373
305,monsoon,3,tp_mm,climatology,12.063773155212402
306,monsoon,3,tp_mm,climatology,10.543840408325195
307,monsoon,3,tp_mm,climatology,9.522994041442871
308,monsoon,3,tp_mm,climatology,10.788735389709473
309,monsoon,3,tp_mm,climatology,8.907109260559082
400,monsoon,3,tp_mm,climatology,11.561713218688965
401,monsoon,3,tp_mm,climatology,12.087627410888672
402,monsoon,3,tp_mm,climatology,9.429078102111816
403,monsoon,3,tp_mm,climatology,11.566758155822754
404,monsoon,3,tp_mm,climatology,10.42656421661377
405,monsoon,3,tp_mm,climatology,9.712835311889648
406,monsoon,3,tp_mm,climatology,9.935160636901855
407,monsoon,3,tp_mm,climatology,11.42943000793457
408,monsoon,3,tp_mm,climatology,10.811293601989746
409,monsoon,3,tp_mm,climatology,6.501187801361084
500,monsoon,3,tp_mm,climatology,7.647133827209473
501,monsoon,3,tp_mm,climatology,12.605382919311523
502,monsoon,3,tp_mm,climatology,12.267369270324707
503,monsoon,3,tp_mm,climatology,11.730735778808594
504,monsoon,3,tp_mm,climatology,8.166626930236816
505,monsoon,3,tp_mm,climatology,9.608597755432129
506,monsoon,3,tp_mm,climatology,9.550122261047363
507,monsoon,3,tp_mm,climatology,10.181740760803223
508,monsoon,3,tp_mm,climatology,8.811902046203613
509,monsoon,3,tp_mm,climatology,7.25553560256958
600,monsoon,3,tp_mm,climatology,4.48023796081543
601,monsoon,3,tp_mm,climatology,4.145560264587402
602,monsoon,3,tp_mm,climatology,7.292142868041992
603,monsoon,3,tp_mm,climatology,7.768205642700195
604,monsoon,3,tp_mm,climatology,8.197147369384766
605,monsoon,3,tp_mm,climatology,9.75765609741211
606,monsoon,3,tp_mm,climatology,11.446354866027832
607,monsoon,3,tp_mm,climatology,11.632908821105957
608,monsoon,3,tp_mm,climatology,11.242511749267578
609,monsoon,3,tp_mm,climatology,14.756401062011719
700,monsoon,3,tp_mm,climatology,2.140669107437134
701,monsoon,3,tp_mm,climatology,2.448669672012329
702,monsoon,3,tp_mm,climatology,4.7029547691345215
703,monsoon,3,tp_mm,climatology,9.142086029052734
704,monsoon,3,tp_mm,climatology,8.573585510253906
705,monsoon,3,tp_mm,climatology,6.521139144897461
706,monsoon,3,tp_mm,climatology,3.9299049377441406
707,monsoon,3,tp_mm,climatology,3.8385097980499268
708,monsoon,3,tp_mm,climatology,5.7245073318481445
709,monsoon,3,tp_mm,climatology,7.264502048492432
800,monsoon,3,tp_mm,climatology,2.3977646827697754
801,monsoon,3,tp_mm,climatology,4.689765930175781
802,monsoon,3,tp_mm,climatology,8.9586820602417
803,monsoon,3,tp_mm,climatology,4.426234245300293
804,monsoon,3,tp_mm,climatology,2.6089928150177
805,monsoon,3,tp_mm,climatology,2.8441460132598877
806,monsoon,3,tp_mm,climatology,2.706143379211426
807,monsoon,3,tp_mm,climatology,3.2821202278137207
808,monsoon,3,tp_mm,climatology,3.73724102973938
809,monsoon,3,tp_mm,climatology,3.7388720512390137
900,monsoon,3,tp_mm,climatology,0.6691521406173706
901,monsoon,3,tp_mm,climatology,4.158967971801758
902,monsoon,3,tp_mm,climatology,3.6151533126831055
903,monsoon,3,tp_mm,climatology,2.2881574630737305
904,monsoon,3,tp_mm,climatology,2.19008469581604
905,monsoon,3,tp_mm,climatology,2.367079734802246
906,monsoon,3,tp_mm,climatology,2.5389676094055176
907,monsoon,3,tp_mm,climatology,2.9469869136810303
908,monsoon,3,tp_mm,climatology,2.743642568588257
909,monsoon,3,tp_mm,climatology,2.853576183319092
1000,monsoon,3,tp_mm,climatology,0.016789358109235764
1001,monsoon,3,tp_mm,climatology,0.7036994099617004
1002,monsoon,3,tp_mm,climatology,2.0506720542907715
1003,monsoon,3,tp_mm,climatology,1.6357054710388184
1004,monsoon,3,tp_mm,climatology,0.2269478589296341
1005,monsoon,3,tp_mm,climatology,1.0888303518295288
1006,monsoon,3,tp_mm,climatology,1.914039134979248
1007,monsoon,3,tp_mm,climatology,2.219397783279419
1008,monsoon,3,tp_mm,climatology,0.6450223922729492
1009,monsoon,3,tp_mm,climatology,0.5650420784950256
0,post_monsoon,3,tp_mm,climatology,5.818601608276367
1,post_monsoon,3,tp_mm,climatology,5.71491813659668
2,post_monsoon,3,tp_mm,climatology,7.6038031578063965
3,post_monsoon,3,tp_mm,climatology,16.375064849853516
4,post_monsoon,3,tp_mm,climatology,12.55324935913086
5,post_monsoon,3,tp_mm,climatology,8.756494522094727
6,post_monsoon,3,tp_mm,climatology,9.192282676696777
7,post_monsoon,3,tp_mm,climatology,10.290449142456055
8,post_monsoon,3,tp_mm,climatology,14.014123916625977
9,post_monsoon,3,tp_mm,climatology,11.297900199890137
100,post_monsoon,3,tp_mm,climatology,8.853130340576172
101,post_monsoon,3,tp_mm,climatology,8.033254623413086
102,post_monsoon,3,tp_mm,climatology,7.399962425231934
103,post_monsoon,3,tp_mm,climatology,6.646112442016602
104,post_monsoon,3,tp_mm,climatology,12.533400535583496
105,post_monsoon,3,tp_mm,climatology,14.791973114013672
106,post_monsoon,3,tp_mm,climatology,12.742534637451172
107,post_monsoon,3,tp_mm,climatology,11.483036041259766
108,post_monsoon,3,tp_mm,climatology,10.911208152770996
109,post_monsoon,3,tp_mm,climatology,6.725057601928711
200,post_monsoon,3,tp_mm,climatology,7.502286434173584
201,post_monsoon,3,tp_mm,climatology,10.733376502990723
202,post_monsoon,3,tp_mm,climatology,5.616235256195068
203,post_monsoon,3,tp_mm,climatology,4.5292558670043945
204,post_monsoon,3,tp_mm,climatology,15.501541137695312
205,post_monsoon,3,tp_mm,climatology,11.185185432434082
206,post_monsoon,3,tp_mm,climatology,7.631070613861084
207,post_monsoon,3,tp_mm,climatology,6.7861127853393555
208,post_monsoon,3,tp_mm,climatology,7.878505229949951
209,post_monsoon,3,tp_mm,climatology,7.827608585357666
300,post_monsoon,3,tp_mm,climatology,9.257722854614258
301,post_monsoon,3,tp_mm,climatology,12.482222557067871
302,post_monsoon,3,tp_mm,climatology,3.3447561264038086
303,post_monsoon,3,tp_mm,climatology,6.377265930175781
304,post_monsoon,3,tp_mm,climatology,6.93162727355957
305,post_monsoon,3,tp_mm,climatology,8.320369720458984
306,post_monsoon,3,tp_mm,climatology,3.529348611831665
307,post_monsoon,3,tp_mm,climatology,3.838507652282715
308,post_monsoon,3,tp_mm,climatology,7.316334247589111
309,post_monsoon,3,tp_mm,climatology,5.38154411315918
400,post_monsoon,3,tp_mm,climatology,14.100939750671387
401,post_monsoon,3,tp_mm,climatology,10.189111709594727
402,post_monsoon,3,tp_mm,climatology,3.736517906188965
403,post_monsoon,3,tp_mm,climatology,4.59967041015625
404,post_monsoon,3,tp_mm,climatology,3.4552958011627197
405,post_monsoon,3,tp_mm,climatology,4.060708045959473
406,post_monsoon,3,tp_mm,climatology,4.658370018005371
407,post_monsoon,3,tp_mm,climatology,3.218329429626465
408,post_monsoon,3,tp_mm,climatology,3.7408735752105713
409,post_monsoon,3,tp_mm,climatology,3.4707369804382324
500,post_monsoon,3,tp_mm,climatology,3.7214367389678955
501,post_monsoon,3,tp_mm,climatology,6.113615989685059
502,post_monsoon,3,tp_mm,climatology,3.7943453788757324
503,post_monsoon,3,tp_mm,climatology,2.908064603805542
504,post_monsoon,3,tp_mm,climatology,3.4201719760894775
505,post_monsoon,3,tp_mm,climatology,2.90726375579834
506,post_monsoon,3,tp_mm,climatology,2.888397216796875
507,post_monsoon,3,tp_mm,climatology,3.428922176361084
508,post_monsoon,3,tp_mm,climatology,2.379283905029297
509,post_monsoon,3,tp_mm,climatology,3.9285695552825928
600,post_monsoon,3,tp_mm,climatology,0.3127836287021637
601,post_monsoon,3,tp_mm,climatology,0.821222722530365
602,post_monsoon,3,tp_mm,climatology,2.8687751293182373
603,post_monsoon,3,tp_mm,climatology,3.6115612983703613
604,post_monsoon,3,tp_mm,climatology,4.816558361053467
605,post_monsoon,3,tp_mm,climatology,9.638814926147461
606,post_monsoon,3,tp_mm,climatology,11.445350646972656
607,post_monsoon,3,tp_mm,climatology,8.288047790527344
608,post_monsoon,3,tp_mm,climatology,4.292428493499756
609,post_monsoon,3,tp_mm,climatology,4.759785175323486
700,post_monsoon,3,tp_mm,climatology,0.3131151497364044
701,post_monsoon,3,tp_mm,climatology,0.2918880581855774
702,post_monsoon,3,tp_mm,climatology,0.5969641208648682
703,post_monsoon,3,tp_mm,climatology,0.8849769830703735
704,post_monsoon,3,tp_mm,climatology,1.788228154182434
705,post_monsoon,3,tp_mm,climatology,3.977752208709717
706,post_monsoon,3,tp_mm,climatology,2.9417009353637695
707,post_monsoon,3,tp_mm,climatology,2.628932476043701
708,post_monsoon,3,tp_mm,climatology,3.4875144958496094
709,post_monsoon,3,tp_mm,climatology,5.249025821685791
800,post_monsoon,3,tp_mm,climatology,0.7946860790252686
801,post_monsoon,3,tp_mm,climatology,1.2358366250991821
802,post_monsoon,3,tp_mm,climatology,0.925541877746582
803,post_monsoon,3,tp_mm,climatology,0.43599870800971985
804,post_monsoon,3,tp_mm,climatology,0.16832168400287628
805,post_monsoon,3,tp_mm,climatology,0.3842303156852722
806,post_monsoon,3,tp_mm,climatology,0.6632270216941833
807,post_monsoon,3,tp_mm,climatology,1.091721773147583
808,post_monsoon,3,tp_mm,climatology,1.7015161514282227
809,post_monsoon,3,tp_mm,climatology,1.577020287513733
900,post_monsoon,3,tp_mm,climatology,0.7157363891601562
901,post_monsoon,3,tp_mm,climatology,1.4815928936004639
902,post_monsoon,3,tp_mm,climatology,1.830364465713501
903,post_monsoon,3,tp_mm,climatology,0.5438214540481567
904,post_monsoon,3,tp_mm,climatology,0.35844501852989197
905,post_monsoon,3,tp_mm,climatology,0.30462396144866943
906,post_monsoon,3,tp_mm,climatology,0.2913248836994171
907,post_monsoon,3,tp_mm,climatology,0.396698921918869
908,post_monsoon,3,tp_mm,climatology,0.4584771394729614
909,post_monsoon,3,tp_mm,climatology,0.7384249567985535
1000,post_monsoon,3,tp_mm,climatology,0.38871362805366516
1001,post_monsoon,3,tp_mm,climatology,0.8374460339546204
1002,post_monsoon,3,tp_mm,climatology,0.8243185877799988
1003,post_monsoon,3,tp_mm,climatology,0.8485329747200012
1004,post_monsoon,3,tp_mm,climatology,0.015630299225449562
1005,post_monsoon,3,tp_mm,climatology,0.15445910394191742
1006,post_monsoon,3,tp_mm,climatology,0.22520212829113007
1007,post_monsoon,3,tp_mm,climatology,0.25615188479423523
1008,post_monsoon,3,tp_mm,climatology,0.0958479642868042
1009,post_monsoon,3,tp_mm,climatology,0.022924138233065605
0,winter,3,tp_mm,persistence,5.043038845062256
1,winter,3,tp_mm,persistence,2.335585832595825
2,winter,3,tp_mm,persistence,0.5708153247833252
3,winter,3,tp_mm,persistence,1.6805647611618042
4,winter,3,tp_mm,persistence,4.073160648345947
5,winter,3,tp_mm,persistence,3.988154172897339
6,winter,3,tp_mm,persistence,4.775095462799072
7,winter,3,tp_mm,persistence,7.7843475341796875
8,winter,3,tp_mm,persistence,6.599977970123291
9,winter,3,tp_mm,persistence,2.9912750720977783
100,winter,3,tp_mm,persistence,0.8679466247558594
101,winter,3,tp_mm,persistence,0.13648948073387146
102,winter,3,tp_mm,persistence,0.15225012600421906
103,winter,3,tp_mm,persistence,0.37595298886299133
104,winter,3,tp_mm,persistence,2.172959327697754
105,winter,3,tp_mm,persistence,2.7301032543182373
106,winter,3,tp_mm,persistence,4.4096245765686035
107,winter,3,tp_mm,persistence,7.078899383544922
108,winter,3,tp_mm,persistence,3.381441354751587
109,winter,3,tp_mm,persistence,1.0506292581558228
200,winter,3,tp_mm,persistence,0.08471144735813141
201,winter,3,tp_mm,persistence,0.009107736870646477
202,winter,3,tp_mm,persistence,0.005339398514479399
203,winter,3,tp_mm,persistence,0.03594895824790001
204,winter,3,tp_mm,persistence,0.17554377019405365
205,winter,3,tp_mm,persistence,0.2622920870780945
206,winter,3,tp_mm,persistence,0.28237736225128174
207,winter,3,tp_mm,persistence,0.564163863658905
208,winter,3,tp_mm,persistence,0.4457610547542572
209,winter,3,tp_mm,persistence,0.09013203531503677
300,winter,3,tp_mm,persistence,0.0381271056830883
301,winter,3,tp_mm,persistence,0.0011494130594655871
302,winter,3,tp_mm,persistence,0.0023871292360126972
303,winter,3,tp_mm,persistence,0.0008513897773809731
304,winter,3,tp_mm,persistence,0.020041143521666527
305,winter,3,tp_mm,persistence,0.057849619537591934
306,winter,3,tp_mm,persistence,0.028797874227166176
307,winter,3,tp_mm,persistence,0.0976221039891243
308,winter,3,tp_mm,persistence,0.08996474742889404
309,winter,3,tp_mm,persistence,0.14466612040996552
400,winter,3,tp_mm,persistence,0.013416196219623089
401,winter,3,tp_mm,persistence,0.00010964310786221176
402,winter,3,tp_mm,persistence,0.005233434960246086
403,winter,3,tp_mm,persistence,0.007378466427326202
404,winter,3,tp_mm,persistence,0.00011037896911147982
405,winter,3,tp_mm,persistence,0.01776880770921707
406,winter,3,tp_mm,persistence,0.052988529205322266
407,winter,3,tp_mm,persistence,0.06903322041034698
408,winter,3,tp_mm,persistence,0.05185309797525406
409,winter,3,tp_mm,persistence,0.05133063718676567
500,winter,3,tp_mm,persistence,0.0008344650268554688
501,winter,3,tp_mm,persistence,0.0026358498726040125
502,winter,3,tp_mm,persistence,0.0017991771455854177
503,winter,3,tp_mm,persistence,0.05121363699436188
504,winter,3,tp_mm,persistence,0.0329643115401268
505,winter,3,tp_mm,persistence,0.004736729897558689
506,winter,3,tp_mm,persistence,0.04262320697307587
507,winter,3,tp_mm,persistence,0.2481282502412796
508,winter,3,tp_mm,persistence,0.24949254095554352
509,winter,3,tp_mm,persistence,0.0839223563671112
600,winter,3,tp_mm,persistence,0.02677058055996895
601,winter,3,tp_mm,persistence,0.11142463237047195
602,winter,3,tp_mm,persistence,0.24415606260299683
603,winter,3,tp_mm,persistence,0.20833663642406464
604,winter,3,tp_mm,persistence,0.08688076585531235
605,winter,3,tp_mm,persistence,0.1346314400434494
606,winter,3,tp_mm,persistence,1.0864933729171753
607,winter,3,tp_mm,persistence,1.5862988233566284
608,winter,3,tp_mm,persistence,2.89547061920166
609,winter,3,tp_mm,persistence,2.1431543827056885
700,winter,3,tp_mm,persistence,0.12156551331281662
701,winter,3,tp_mm,persistence,0.2209441065788269
702,winter,3,tp_mm,persistence,1.144629955291748
703,winter,3,tp_mm,persistence,1.825654149055481
704,winter,3,tp_mm,persistence,2.472660541534424
705,winter,3,tp_mm,persistence,1.1278156042099
706,winter,3,tp_mm,persistence,0.31021788716316223
707,winter,3,tp_mm,persistence,0.5431168079376221
708,winter,3,tp_mm,persistence,3.1589248180389404
709,winter,3,tp_mm,persistence,6.309014797210693
800,winter,3,tp_mm,persistence,2.1543548107147217
801,winter,3,tp_mm,persistence,0.6082690358161926
802,winter,3,tp_mm,persistence,3.112734079360962
803,winter,3,tp_mm,persistence,3.0928761959075928
804,winter,3,tp_mm,persistence,0.5307595133781433
805,winter,3,tp_mm,persistence,0.19064801931381226
806,winter,3,tp_mm,persistence,0.1705244779586792
807,winter,3,tp_mm,persistence,0.15894350409507751
808,winter,3,tp_mm,persistence,0.38255733251571655
809,winter,3,tp_mm,persistence,0.6751759052276611
900,winter,3,tp_mm,persistence,3.418121814727783
901,winter,3,tp_mm,persistence,3.462024688720703
902,winter,3,tp_mm,persistence,3.148233413696289
903,winter,3,tp_mm,persistence,1.0897495746612549
904,winter,3,tp_mm,persistence,0.49126073718070984
905,winter,3,tp_mm,persistence,0.4978599548339844
906,winter,3,tp_mm,persistence,0.4214659333229065
907,winter,3,tp_mm,persistence,0.4419596195220947
908,winter,3,tp_mm,persistence,0.3069278597831726
909,winter,3,tp_mm,persistence,0.36226868629455566
1000,winter,3,tp_mm,persistence,2.0822064876556396
1001,winter,3,tp_mm,persistence,1.427456259727478
1002,winter,3,tp_mm,persistence,1.2953016757965088
1003,winter,3,tp_mm,persistence,0.6187138557434082
1004,winter,3,tp_mm,persistence,0.03690189868211746
1005,winter,3,tp_mm,persistence,0.3003367483615875
1006,winter,3,tp_mm,persistence,0.5501818060874939
1007,winter,3,tp_mm,persistence,0.6106606125831604
1008,winter,3,tp_mm,persistence,0.15868963301181793
1009,winter,3,tp_mm,persistence,0.03404970467090607
0,pre_monsoon,3,tp_mm,persistence,1.979256272315979
1,pre_monsoon,3,tp_mm,persistence,3.5043020248413086
2,pre_monsoon,3,tp_mm,persistence,4.83428955078125
3,pre_monsoon,3,tp_mm,persistence,5.834205627441406
4,pre_monsoon,3,tp_mm,persistence,4.167405128479004
5,pre_monsoon,3,tp_mm,persistence,5.807773113250732
6,pre_monsoon,3,tp_mm,persistence,7.995772361755371
7,pre_monsoon,3,tp_mm,persistence,9.60163402557373
8,pre_monsoon,3,tp_mm,persistence,8.945680618286133
9,pre_monsoon,3,tp_mm,persistence,7.527672290802002
100,pre_monsoon,3,tp_mm,persistence,0.21472102403640747
101,pre_monsoon,3,tp_mm,persistence,1.9253493547439575
102,pre_monsoon,3,tp_mm,persistence,4.609487533569336
103,pre_monsoon,3,tp_mm,persistence,3.739095449447632
104,pre_monsoon,3,tp_mm,persistence,3.4900481700897217
105,pre_monsoon,3,tp_mm,persistence,3.0780465602874756
106,pre_monsoon,3,tp_mm,persistence,4.922659397125244
107,pre_monsoon,3,tp_mm,persistence,8.539306640625
108,pre_monsoon,3,tp_mm,persistence,6.309849262237549
109,pre_monsoon,3,tp_mm,persistence,5.898505210876465
200,pre_monsoon,3,tp_mm,persistence,0.3672278821468353
201,pre_monsoon,3,tp_mm,persistence,2.79162859916687
202,pre_monsoon,3,tp_mm,persistence,3.99969220161438
203,pre_monsoon,3,tp_mm,persistence,2.241518497467041
204,pre_monsoon,3,tp_mm,persistence,1.5239380598068237
205,pre_monsoon,3,tp_mm,persistence,1.5477935075759888
206,pre_monsoon,3,tp_mm,persistence,5.165402889251709
207,pre_monsoon,3,tp_mm,persistence,7.850443363189697
208,pre_monsoon,3,tp_mm,persistence,3.8509504795074463
209,pre_monsoon,3,tp_mm,persistence,3.3100130558013916
300,pre_monsoon,3,tp_mm,persistence,0.782013475894928
301,pre_monsoon,3,tp_mm,persistence,3.441556930541992
302,pre_monsoon,3,tp_mm,persistence,1.6337449550628662
303,pre_monsoon,3,tp_mm,persistence,1.3492337465286255
304,pre_monsoon,3,tp_mm,persistence,1.5457684993743896
305,pre_monsoon,3,tp_mm,persistence,1.2954285144805908
306,pre_monsoon,3,tp_mm,persistence,4.603743076324463
307,pre_monsoon,3,tp_mm,persistence,2.8645071983337402
308,pre_monsoon,3,tp_mm,persistence,2.4058446884155273
309,pre_monsoon,3,tp_mm,persistence,2.9679062366485596
400,pre_monsoon,3,tp_mm,persistence,0.3171934187412262
401,pre_monsoon,3,tp_mm,persistence,0.8425644636154175
402,pre_monsoon,3,tp_mm,persistence,0.6568876504898071
403,pre_monsoon,3,tp_mm,persistence,0.7311283946037292
404,pre_monsoon,3,tp_mm,persistence,1.0739789009094238
405,pre_monsoon,3,tp_mm,persistence,1.2784119844436646
406,pre_monsoon,3,tp_mm,persistence,1.3203051090240479
407,pre_monsoon,3,tp_mm,persistence,1.620892882347107
408,pre_monsoon,3,tp_mm,persistence,1.9112396240234375
409,pre_monsoon,3,tp_mm,persistence,2.2299840450286865
500,pre_monsoon,3,tp_mm,persistence,0.23745550215244293
501,pre_monsoon,3,tp_mm,persistence,0.8311026096343994
502,pre_monsoon,3,tp_mm,persistence,0.7994363307952881
503,pre_monsoon,3,tp_mm,persistence,0.27061188220977783
504,pre_monsoon,3,tp_mm,persistence,0.6780760288238525
505,pre_monsoon,3,tp_mm,persistence,1.8125014305114746
506,pre_monsoon,3,tp_mm,persistence,3.9037065505981445
507,pre_monsoon,3,tp_mm,persistence,4.20344877243042
508,pre_monsoon,3,tp_mm,persistence,2.6437578201293945
509,pre_monsoon,3,tp_mm,persistence,4.461214065551758
600,pre_monsoon,3,tp_mm,persistence,0.14806054532527924
601,pre_monsoon,3,tp_mm,persistence,0.41253942251205444
602,pre_monsoon,3,tp_mm,persistence,0.5326213240623474
603,pre_monsoon,3,tp_mm,persistence,0.37910905480384827
604,pre_monsoon,3,tp_mm,persistence,0.8607245683670044
605,pre_monsoon,3,tp_mm,persistence,2.9206109046936035
606,pre_monsoon,3,tp_mm,persistence,6.724118709564209
607,pre_monsoon,3,tp_mm,persistence,6.148710250854492
608,pre_monsoon,3,tp_mm,persistence,6.205587387084961
609,pre_monsoon,3,tp_mm,persistence,5.34204626083374
700,pre_monsoon,3,tp_mm,persistence,0.5765076279640198
701,pre_monsoon,3,tp_mm,persistence,0.4176309406757355
702,pre_monsoon,3,tp_mm,persistence,1.2889347076416016
703,pre_monsoon,3,tp_mm,persistence,2.9751343727111816
704,pre_monsoon,3,tp_mm,persistence,3.0252327919006348
705,pre_monsoon,3,tp_mm,persistence,2.0776376724243164
706,pre_monsoon,3,tp_mm,persistence,1.5526450872421265
707,pre_monsoon,3,tp_mm,persistence,2.1310176849365234
708,pre_monsoon,3,tp_mm,persistence,4.8456711769104
709,pre_monsoon,3,tp_mm,persistence,8.406510353088379
800,pre_monsoon,3,tp_mm,persistence,1.7889372110366821
801,pre_monsoon,3,tp_mm,persistence,2.432515859603882
802,pre_monsoon,3,tp_mm,persistence,5.38652229309082
803,pre_monsoon,3,tp_mm,persistence,3.4484713077545166
804,pre_monsoon,3,tp_mm,persistence,0.9465813040733337
805,pre_monsoon,3,tp_mm,persistence,0.7954108715057373
806,pre_monsoon,3,tp_mm,persistence,0.9196975231170654
807,pre_monsoon,3,tp_mm,persistence,1.0119781494140625
808,pre_monsoon,3,tp_mm,persistence,1.7774784564971924
809,pre_monsoon,3,tp_mm,persistence,2.0131688117980957
900,pre_monsoon,3,tp_mm,persistence,3.7853288650512695
901,pre_monsoon,3,tp_mm,persistence,6.778571605682373
902,pre_monsoon,3,tp_mm,persistence,6.328790664672852
903,pre_monsoon,3,tp_mm,persistence,2.149045944213867
904,pre_monsoon,3,tp_mm,persistence,1.1421409845352173
905,pre_monsoon,3,tp_mm,persistence,0.9114401936531067
906,pre_monsoon,3,tp_mm,persistence,0.7779180407524109
907,pre_monsoon,3,tp_mm,persistence,1.1189836263656616
908,pre_monsoon,3,tp_mm,persistence,1.1119831800460815
909,pre_monsoon,3,tp_mm,persistence,0.9377790093421936
1000,pre_monsoon,3,tp_mm,persistence,3.2886016368865967
1001,pre_monsoon,3,tp_mm,persistence,3.440053939819336
1002,pre_monsoon,3,tp_mm,persistence,2.4527688026428223
1003,pre_monsoon,3,tp_mm,persistence,2.188506841659546
1004,pre_monsoon,3,tp_mm,persistence,0.21668483316898346
1005,pre_monsoon,3,tp_mm,persistence,0.7877349853515625
1006,pre_monsoon,3,tp_mm,persistence,0.7736871242523193
1007,pre_monsoon,3,tp_mm,persistence,1.2612906694412231
1008,pre_monsoon,3,tp_mm,persistence,0.4088188409805298
1009,pre_monsoon,3,tp_mm,persistence,0.15984083712100983
0,monsoon,3,tp_mm,persistence,2.096632957458496
1,monsoon,3,tp_mm,persistence,3.7984135150909424
2,monsoon,3,tp_mm,persistence,6.443127632141113
3,monsoon,3,tp_mm,persistence,2.3292367458343506
4,monsoon,3,tp_mm,persistence,1.933857798576355
5,monsoon,3,tp_mm,persistence,3.105684280395508
6,monsoon,3,tp_mm,persistence,7.429152488708496
7,monsoon,3,tp_mm,persistence,8.655782699584961
8,monsoon,3,tp_mm,persistence,9.905714988708496
9,monsoon,3,tp_mm,persistence,9.479357719421387
100,monsoon,3,tp_mm,persistence,1.9224228858947754
101,monsoon,3,tp_mm,persistence,5.108761787414551
102,monsoon,3,tp_mm,persistence,9.021807670593262
103,monsoon,3,tp_mm,persistence,4.306178092956543
104,monsoon,3,tp_mm,persistence,4.02699089050293
105,monsoon,3,tp_mm,persistence,6.476458549499512
106,monsoon,3,tp_mm,persistence,9.391424179077148
107,monsoon,3,tp_mm,persistence,9.553413391113281
108,monsoon,3,tp_mm,persistence,10.5748929977417
109,monsoon,3,tp_mm,persistence,12.44282054901123
200,monsoon,3,tp_mm,persistence,1.8853765726089478
201,monsoon,3,tp_mm,persistence,6.828737258911133
202,monsoon,3,tp_mm,persistence,8.213297843933105
203,monsoon,3,tp_mm,persistence,4.844442844390869
204,monsoon,3,tp_mm,persistence,5.913438320159912
205,monsoon,3,tp_mm,persistence,13.124604225158691
206,monsoon,3,tp_mm,persistence,12.678701400756836
207,monsoon,3,tp_mm,persistence,12.498458862304688
208,monsoon,3,tp_mm,persistence,12.258474349975586
209,monsoon,3,tp_mm,persistence,14.281018257141113
300,monsoon,3,tp_mm,persistence,4.2822723388671875
301,monsoon,3,tp_mm,persistence,11.35556411743164
302,monsoon,3,tp_mm,persistence,7.57877254486084
303,monsoon,3,tp_mm,persistence,8.631366729736328
304,monsoon,3,tp_mm,persistence,9.536794662475586
305,monsoon,3,tp_mm,persistence,11.368606567382812
306,monsoon,3,tp_mm,persistence,11.062583923339844
307,monsoon,3,tp_mm,persistence,10.857398986816406
308,monsoon,3,tp_mm,persistence,13.216278076171875
309,monsoon,3,tp_mm,persistence,12.269157409667969
400,monsoon,3,tp_mm,persistence,7.77727746963501
401,monsoon,3,tp_mm,persistence,12.455521583557129
402,monsoon,3,tp_mm,persistence,11.035614967346191
403,monsoon,3,tp_mm,persistence,12.186738967895508
404,monsoon,3,tp_mm,persistence,12.497459411621094
405,monsoon,3,tp_mm,persistence,12.717909812927246
406,monsoon,3,tp_mm,persistence,12.249058723449707
407,monsoon,3,tp_mm,persistence,14.163459777832031
408,monsoon,3,tp_mm,persistence,14.987537384033203
409,monsoon,3,tp_mm,persistence,9.501378059387207
500,monsoon,3,tp_mm,persistence,6.541670322418213
501,monsoon,3,tp_mm,persistence,12.57711410522461
502,monsoon,3,tp_mm,persistence,10.428585052490234
503,monsoon,3,tp_mm,persistence,12.98489761352539
504,monsoon,3,tp_mm,persistence,10.712864875793457
505,monsoon,3,tp_mm,persistence,12.049285888671875
506,monsoon,3,tp_mm,persistence,12.080799102783203
507,monsoon,3,tp_mm,persistence,13.757019996643066
508,monsoon,3,tp_mm,persistence,12.742186546325684
509,monsoon,3,tp_mm,persistence,10.094353675842285
600,monsoon,3,tp_mm,persistence,3.5502920150756836
601,monsoon,3,tp_mm,persistence,4.173442840576172
602,monsoon,3,tp_mm,persistence,6.611877918243408
603,monsoon,3,tp_mm,persistence,8.79488754272461
604,monsoon,3,tp_mm,persistence,10.612927436828613
605,monsoon,3,tp_mm,persistence,11.69970703125
606,monsoon,3,tp_mm,persistence,15.020967483520508
607,monsoon,3,tp_mm,persistence,16.8897705078125
608,monsoon,3,tp_mm,persistence,16.768766403198242
609,monsoon,3,tp_mm,persistence,21.473657608032227
700,monsoon,3,tp_mm,persistence,2.093599796295166
701,monsoon,3,tp_mm,persistence,2.823687791824341
702,monsoon,3,tp_mm,persistence,6.3733038902282715
703,monsoon,3,tp_mm,persistence,12.199642181396484
704,monsoon,3,tp_mm,persistence,10.710819244384766
705,monsoon,3,tp_mm,persistence,7.391661643981934
706,monsoon,3,tp_mm,persistence,4.944643974304199
707,monsoon,3,tp_mm,persistence,4.829239845275879
708,monsoon,3,tp_mm,persistence,6.74910831451416
709,monsoon,3,tp_mm,persistence,10.321162223815918
800,monsoon,3,tp_mm,persistence,2.050464391708374
801,monsoon,3,tp_mm,persistence,4.147861957550049
802,monsoon,3,tp_mm,persistence,10.578075408935547
803,monsoon,3,tp_mm,persistence,5.472188949584961
804,monsoon,3,tp_mm,persistence,3.380733013153076
805,monsoon,3,tp_mm,persistence,3.4910666942596436
806,monsoon,3,tp_mm,persistence,3.5096428394317627
807,monsoon,3,tp_mm,persistence,4.285134792327881
808,monsoon,3,tp_mm,persistence,4.794100284576416
809,monsoon,3,tp_mm,persistence,4.8462347984313965
900,monsoon,3,tp_mm,persistence,0.7738077640533447
901,monsoon,3,tp_mm,persistence,5.093305587768555
902,monsoon,3,tp_mm,persistence,4.278209686279297
903,monsoon,3,tp_mm,persistence,2.7971673011779785
904,monsoon,3,tp_mm,persistence,2.7700979709625244
905,monsoon,3,tp_mm,persistence,2.9013166427612305
906,monsoon,3,tp_mm,persistence,3.2141098976135254
907,monsoon,3,tp_mm,persistence,3.432173728942871
908,monsoon,3,tp_mm,persistence,3.0479516983032227
909,monsoon,3,tp_mm,persistence,2.771606206893921
1000,monsoon,3,tp_mm,persistence,0.030205801129341125
1001,monsoon,3,tp_mm,persistence,0.9883596301078796
1002,monsoon,3,tp_mm,persistence,2.3684959411621094
1003,monsoon,3,tp_mm,persistence,1.79177987575531
1004,monsoon,3,tp_mm,persistence,0.32657384872436523
1005,monsoon,3,tp_mm,persistence,1.131993055343628
1006,monsoon,3,tp_mm,persistence,1.9943485260009766
1007,monsoon,3,tp_mm,persistence,2.2681262493133545
1008,monsoon,3,tp_mm,persistence,0.606802761554718
1009,monsoon,3,tp_mm,persistence,0.41650503873825073
0,post_monsoon,3,tp_mm,persistence,5.942037582397461
1,post_monsoon,3,tp_mm,persistence,7.66127872467041
2,post_monsoon,3,tp_mm,persistence,8.321210861206055
3,post_monsoon,3,tp_mm,persistence,14.387089729309082
4,post_monsoon,3,tp_mm,persistence,12.518704414367676
5,post_monsoon,3,tp_mm,persistence,8.915928840637207
6,post_monsoon,3,tp_mm,persistence,9.795426368713379
7,post_monsoon,3,tp_mm,persistence,10.182099342346191
8,post_monsoon,3,tp_mm,persistence,13.914044380187988
9,post_monsoon,3,tp_mm,persistence,13.191398620605469
100,post_monsoon,3,tp_mm,persistence,9.382447242736816
101,post_monsoon,3,tp_mm,persistence,7.735695838928223
102,post_monsoon,3,tp_mm,persistence,7.129401206970215
103,post_monsoon,3,tp_mm,persistence,6.069221019744873
104,post_monsoon,3,tp_mm,persistence,13.35250186920166
105,post_monsoon,3,tp_mm,persistence,16.05792999267578
106,post_monsoon,3,tp_mm,persistence,13.73789119720459
107,post_monsoon,3,tp_mm,persistence,12.31427001953125
108,post_monsoon,3,tp_mm,persistence,13.134065628051758
109,post_monsoon,3,tp_mm,persistence,8.213658332824707
200,post_monsoon,3,tp_mm,persistence,5.578213214874268
201,post_monsoon,3,tp_mm,persistence,7.429726600646973
202,post_monsoon,3,tp_mm,persistence,4.609659194946289
203,post_monsoon,3,tp_mm,persistence,4.399688243865967
204,post_monsoon,3,tp_mm,persistence,19.20316505432129
205,post_monsoon,3,tp_mm,persistence,16.937644958496094
206,post_monsoon,3,tp_mm,persistence,11.073846817016602
207,post_monsoon,3,tp_mm,persistence,9.499089241027832
208,post_monsoon,3,tp_mm,persistence,8.535886764526367
209,post_monsoon,3,tp_mm,persistence,6.110660076141357
300,post_monsoon,3,tp_mm,persistence,6.283818244934082
301,post_monsoon,3,tp_mm,persistence,8.456008911132812
302,post_monsoon,3,tp_mm,persistence,2.7513949871063232
303,post_monsoon,3,tp_mm,persistence,6.165058135986328
304,post_monsoon,3,tp_mm,persistence,8.01125717163086
305,post_monsoon,3,tp_mm,persistence,11.388427734375
306,post_monsoon,3,tp_mm,persistence,4.8485283851623535
307,post_monsoon,3,tp_mm,persistence,4.653733253479004
308,post_monsoon,3,tp_mm,persistence,5.38496208190918
309,post_monsoon,3,tp_mm,persistence,4.268920421600342
400,post_monsoon,3,tp_mm,persistence,11.418578147888184
401,post_monsoon,3,tp_mm,persistence,9.70191764831543
402,post_monsoon,3,tp_mm,persistence,3.4289710521698
403,post_monsoon,3,tp_mm,persistence,3.986177682876587
404,post_monsoon,3,tp_mm,persistence,3.1739492416381836
405,post_monsoon,3,tp_mm,persistence,3.906588315963745
406,post_monsoon,3,tp_mm,persistence,4.4538140296936035
407,post_monsoon,3,tp_mm,persistence,3.030202865600586
408,post_monsoon,3,tp_mm,persistence,3.878736734390259
409,post_monsoon,3,tp_mm,persistence,3.528470039367676
500,post_monsoon,3,tp_mm,persistence,2.8987584114074707
501,post_monsoon,3,tp_mm,persistence,4.475205898284912
502,post_monsoon,3,tp_mm,persistence,3.0551369190216064
503,post_monsoon,3,tp_mm,persistence,2.5346133708953857
504,post_monsoon,3,tp_mm,persistence,2.844097375869751
505,post_monsoon,3,tp_mm,persistence,2.057346820831299
506,post_monsoon,3,tp_mm,persistence,2.0030884742736816
507,post_monsoon,3,tp_mm,persistence,2.4625251293182373
508,post_monsoon,3,tp_mm,persistence,2.504326343536377
509,post_monsoon,3,tp_mm,persistence,4.024497985839844
600,post_monsoon,3,tp_mm,persistence,0.16747911274433136
601,post_monsoon,3,tp_mm,persistence,0.6289706826210022
602,post_monsoon,3,tp_mm,persistence,2.567009925842285
603,post_monsoon,3,tp_mm,persistence,3.5951461791992188
604,post_monsoon,3,tp_mm,persistence,3.5008788108825684
605,post_monsoon,3,tp_mm,persistence,6.9651312828063965
606,post_monsoon,3,tp_mm,persistence,7.183928489685059
607,post_monsoon,3,tp_mm,persistence,5.519216060638428
608,post_monsoon,3,tp_mm,persistence,3.5236544609069824
609,post_monsoon,3,tp_mm,persistence,3.6841228008270264
700,post_monsoon,3,tp_mm,persistence,0.12626564502716064
701,post_monsoon,3,tp_mm,persistence,0.11918628215789795
702,post_monsoon,3,tp_mm,persistence,0.4465334117412567
703,post_monsoon,3,tp_mm,persistence,0.8351640701293945
704,post_monsoon,3,tp_mm,persistence,1.5733885765075684
705,post_monsoon,3,tp_mm,persistence,2.7237565517425537
706,post_monsoon,3,tp_mm,persistence,1.8360928297042847
707,post_monsoon,3,tp_mm,persistence,1.791384220123291
708,post_monsoon,3,tp_mm,persistence,3.0230231285095215
709,post_monsoon,3,tp_mm,persistence,3.6145873069763184
800,post_monsoon,3,tp_mm,persistence,0.5112593173980713
801,post_monsoon,3,tp_mm,persistence,0.6735649108886719
802,post_monsoon,3,tp_mm,persistence,0.5238553285598755
803,post_monsoon,3,tp_mm,persistence,0.2636517286300659
804,post_monsoon,3,tp_mm,persistence,0.0727328285574913
805,post_monsoon,3,tp_mm,persistence,0.2303714156150818
806,post_monsoon,3,tp_mm,persistence,0.5070086121559143
807,post_monsoon,3,tp_mm,persistence,0.9487051367759705
808,post_monsoon,3,tp_mm,persistence,1.5212799310684204
809,post_monsoon,3,tp_mm,persistence,1.5566586256027222
900,post_monsoon,3,tp_mm,persistence,0.5895464420318604
901,post_monsoon,3,tp_mm,persistence,1.1075588464736938
902,post_monsoon,3,tp_mm,persistence,1.3437825441360474
903,post_monsoon,3,tp_mm,persistence,0.4364173710346222
904,post_monsoon,3,tp_mm,persistence,0.28978264331817627
905,post_monsoon,3,tp_mm,persistence,0.2123221904039383
906,post_monsoon,3,tp_mm,persistence,0.21120278537273407
907,post_monsoon,3,tp_mm,persistence,0.39449021220207214
908,post_monsoon,3,tp_mm,persistence,0.42811140418052673
909,post_monsoon,3,tp_mm,persistence,0.7205685377120972
1000,post_monsoon,3,tp_mm,persistence,0.2597319483757019
1001,post_monsoon,3,tp_mm,persistence,0.7054491639137268
1002,post_monsoon,3,tp_mm,persistence,0.6276808381080627
1003,post_monsoon,3,tp_mm,persistence,0.5256313681602478
1004,post_monsoon,3,tp_mm,persistence,0.011569575406610966
1005,post_monsoon,3,tp_mm,persistence,0.11229515075683594
1006,post_monsoon,3,tp_mm,persistence,0.1540372222661972
1007,post_monsoon,3,tp_mm,persistence,0.17940370738506317
1008,post_monsoon,3,tp_mm,persistence,0.079192616045475
1009,post_monsoon,3,tp_mm,persistence,0.02339848317205906
0,winter,3,tp_mm,recent3,4.783997058868408
1,winter,3,tp_mm,recent3,1.9377329349517822
2,winter,3,tp_mm,recent3,0.584244966506958
3,winter,3,tp_mm,recent3,1.756279706954956
4,winter,3,tp_mm,recent3,4.108560562133789
5,winter,3,tp_mm,recent3,4.018032073974609
6,winter,3,tp_mm,recent3,4.603540897369385
7,winter,3,tp_mm,recent3,7.534023761749268
8,winter,3,tp_mm,recent3,6.429502010345459
9,winter,3,tp_mm,recent3,3.2809998989105225
100,winter,3,tp_mm,recent3,0.8323870897293091
101,winter,3,tp_mm,recent3,0.13813787698745728
102,winter,3,tp_mm,recent3,0.1734699159860611
103,winter,3,tp_mm,recent3,0.4000091552734375
104,winter,3,tp_mm,recent3,2.313701868057251
105,winter,3,tp_mm,recent3,2.949004888534546
106,winter,3,tp_mm,recent3,3.989307403564453
107,winter,3,tp_mm,recent3,5.955181121826172
108,winter,3,tp_mm,recent3,2.7900843620300293
109,winter,3,tp_mm,recent3,0.9324663877487183
200,winter,3,tp_mm,recent3,0.06669601052999496
201,winter,3,tp_mm,recent3,0.010136498138308525
202,winter,3,tp_mm,recent3,0.006984340026974678
203,winter,3,tp_mm,recent3,0.03360006585717201
204,winter,3,tp_mm,recent3,0.17129871249198914
205,winter,3,tp_mm,recent3,0.27914178371429443
206,winter,3,tp_mm,recent3,0.2910219430923462
207,winter,3,tp_mm,recent3,0.43924012780189514
208,winter,3,tp_mm,recent3,0.3538876175880432
209,winter,3,tp_mm,recent3,0.15253525972366333
300,winter,3,tp_mm,recent3,0.03960847854614258
301,winter,3,tp_mm,recent3,0.0012172593269497156
302,winter,3,tp_mm,recent3,0.0025780994910746813
303,winter,3,tp_mm,recent3,0.0007078382768668234
304,winter,3,tp_mm,recent3,0.015731122344732285
305,winter,3,tp_mm,recent3,0.06267467886209488
306,winter,3,tp_mm,recent3,0.029556486755609512
307,winter,3,tp_mm,recent3,0.0755225270986557
308,winter,3,tp_mm,recent3,0.06804493069648743
309,winter,3,tp_mm,recent3,0.15202558040618896
400,winter,3,tp_mm,recent3,0.014484193176031113
401,winter,3,tp_mm,recent3,0.00011841455852845684
402,winter,3,tp_mm,recent3,0.0056510502472519875
403,winter,3,tp_mm,recent3,0.007968743331730366
404,winter,3,tp_mm,recent3,0.00011920928955078125
405,winter,3,tp_mm,recent3,0.02651214599609375
406,winter,3,tp_mm,recent3,0.11604176461696625
407,winter,3,tp_mm,recent3,0.06932682543992996
408,winter,3,tp_mm,recent3,0.05107058584690094
409,winter,3,tp_mm,recent3,0.05251283943653107
500,winter,3,tp_mm,recent3,0.0008969836635515094
501,winter,3,tp_mm,recent3,0.0028467178344726562
502,winter,3,tp_mm,recent3,0.001935164094902575
503,winter,3,tp_mm,recent3,0.0553017184138298
504,winter,3,tp_mm,recent3,0.035207271575927734
505,winter,3,tp_mm,recent3,0.004989570938050747
506,winter,3,tp_mm,recent3,0.11602481454610825
507,winter,3,tp_mm,recent3,0.27371644973754883
508,winter,3,tp_mm,recent3,0.24344179034233093
509,winter,3,tp_mm,recent3,0.07800137251615524
600,winter,3,tp_mm,recent3,0.02890613302588463
601,winter,3,tp_mm,recent3,0.12034919857978821
602,winter,3,tp_mm,recent3,0.24543496966362
603,winter,3,tp_mm,recent3,0.2214328497648239
604,winter,3,tp_mm,recent3,0.09216970950365067
605,winter,3,tp_mm,recent3,0.1372387707233429
606,winter,3,tp_mm,recent3,1.006304144859314
607,winter,3,tp_mm,recent3,1.5092730522155762
608,winter,3,tp_mm,recent3,2.7501442432403564
609,winter,3,tp_mm,recent3,2.173816442489624
700,winter,3,tp_mm,recent3,0.12914630770683289
701,winter,3,tp_mm,recent3,0.23631678521633148
702,winter,3,tp_mm,recent3,1.2164177894592285
703,winter,3,tp_mm,recent3,1.9144282341003418
704,winter,3,tp_mm,recent3,2.522637367248535
705,winter,3,tp_mm,recent3,1.1460648775100708
706,winter,3,tp_mm,recent3,0.2880742847919464
707,winter,3,tp_mm,recent3,0.5254268646240234
708,winter,3,tp_mm,recent3,2.961211681365967
709,winter,3,tp_mm,recent3,5.894293785095215
800,winter,3,tp_mm,recent3,1.6598992347717285
801,winter,3,tp_mm,recent3,0.44052812457084656
802,winter,3,tp_mm,recent3,3.163407564163208
803,winter,3,tp_mm,recent3,3.067323684692383
804,winter,3,tp_mm,recent3,0.5330531001091003
805,winter,3,tp_mm,recent3,0.1723143756389618
806,winter,3,tp_mm,recent3,0.15933115780353546
807,winter,3,tp_mm,recent3,0.16596025228500366
808,winter,3,tp_mm,recent3,0.35817092657089233
809,winter,3,tp_mm,recent3,0.6209496855735779
900,winter,3,tp_mm,recent3,2.7428653240203857
901,winter,3,tp_mm,recent3,3.029282331466675
902,winter,3,tp_mm,recent3,3.0821683406829834
903,winter,3,tp_mm,recent3,1.023980736732483
904,winter,3,tp_mm,recent3,0.4481090307235718
905,winter,3,tp_mm,recent3,0.4546409249305725
906,winter,3,tp_mm,recent3,0.38787999749183655
907,winter,3,tp_mm,recent3,0.4101679027080536
908,winter,3,tp_mm,recent3,0.2756214141845703
909,winter,3,tp_mm,recent3,0.32062211632728577
1000,winter,3,tp_mm,recent3,1.881233811378479
1001,winter,3,tp_mm,recent3,1.3385995626449585
1002,winter,3,tp_mm,recent3,1.0390058755874634
1003,winter,3,tp_mm,recent3,0.5057048797607422
1004,winter,3,tp_mm,recent3,0.03488858416676521
1005,winter,3,tp_mm,recent3,0.2742544710636139
1006,winter,3,tp_mm,recent3,0.5486266016960144
1007,winter,3,tp_mm,recent3,0.5968157649040222
1008,winter,3,tp_mm,recent3,0.14708201587200165
1009,winter,3,tp_mm,recent3,0.03364139050245285
0,pre_monsoon,3,tp_mm,recent3,1.92555570602417
1,pre_monsoon,3,tp_mm,recent3,3.3666698932647705
2,pre_monsoon,3,tp_mm,recent3,4.406183242797852
3,pre_monsoon,3,tp_mm,recent3,5.906105995178223
4,pre_monsoon,3,tp_mm,recent3,4.436850547790527
5,pre_monsoon,3,tp_mm,recent3,6.0160956382751465
6,pre_monsoon,3,tp_mm,recent3,8.27098560333252
7,pre_monsoon,3,tp_mm,recent3,9.851985931396484
8,pre_monsoon,3,tp_mm,recent3,8.503132820129395
9,pre_monsoon,3,tp_mm,recent3,7.8826165199279785
100,pre_monsoon,3,tp_mm,recent3,0.20482979714870453
101,pre_monsoon,3,tp_mm,recent3,1.827951192855835
102,pre_monsoon,3,tp_mm,recent3,4.234387397766113
103,pre_monsoon,3,tp_mm,recent3,3.4815523624420166
104,pre_monsoon,3,tp_mm,recent3,3.3469367027282715
105,pre_monsoon,3,tp_mm,recent3,2.809870719909668
106,pre_monsoon,3,tp_mm,recent3,5.40698766708374
107,pre_monsoon,3,tp_mm,recent3,9.520329475402832
108,pre_monsoon,3,tp_mm,recent3,6.550233364105225
109,pre_monsoon,3,tp_mm,recent3,6.091424942016602
200,pre_monsoon,3,tp_mm,recent3,0.3520801067352295
201,pre_monsoon,3,tp_mm,recent3,2.7572216987609863
202,pre_monsoon,3,tp_mm,recent3,3.8630893230438232
203,pre_monsoon,3,tp_mm,recent3,2.1537089347839355
204,pre_monsoon,3,tp_mm,recent3,1.677325963973999
205,pre_monsoon,3,tp_mm,recent3,1.595138669013977
206,pre_monsoon,3,tp_mm,recent3,5.289146423339844
207,pre_monsoon,3,tp_mm,recent3,7.924269676208496
208,pre_monsoon,3,tp_mm,recent3,4.294450759887695
209,pre_monsoon,3,tp_mm,recent3,4.096332550048828
300,pre_monsoon,3,tp_mm,recent3,0.7844712138175964
301,pre_monsoon,3,tp_mm,recent3,3.4210588932037354
302,pre_monsoon,3,tp_mm,recent3,1.7139371633529663
303,pre_monsoon,3,tp_mm,recent3,1.2314200401306152
304,pre_monsoon,3,tp_mm,recent3,1.294429063796997
305,pre_monsoon,3,tp_mm,recent3,1.3374738693237305
306,pre_monsoon,3,tp_mm,recent3,4.58320951461792
307,pre_monsoon,3,tp_mm,recent3,3.0804433822631836
308,pre_monsoon,3,tp_mm,recent3,2.64603590965271
309,pre_monsoon,3,tp_mm,recent3,3.383631944656372
400,pre_monsoon,3,tp_mm,recent3,0.3171200752258301
401,pre_monsoon,3,tp_mm,recent3,0.8235995769500732
402,pre_monsoon,3,tp_mm,recent3,0.6544501185417175
403,pre_monsoon,3,tp_mm,recent3,0.6978909373283386
404,pre_monsoon,3,tp_mm,recent3,0.8851789832115173
405,pre_monsoon,3,tp_mm,recent3,1.0906745195388794
406,pre_monsoon,3,tp_mm,recent3,1.1956909894943237
407,pre_monsoon,3,tp_mm,recent3,1.6246709823608398
408,pre_monsoon,3,tp_mm,recent3,1.9653337001800537
409,pre_monsoon,3,tp_mm,recent3,2.5886127948760986
500,pre_monsoon,3,tp_mm,recent3,0.23722177743911743
501,pre_monsoon,3,tp_mm,recent3,0.8151323795318604
502,pre_monsoon,3,tp_mm,recent3,0.7554786205291748
503,pre_monsoon,3,tp_mm,recent3,0.2801887094974518
504,pre_monsoon,3,tp_mm,recent3,0.6684092879295349
505,pre_monsoon,3,tp_mm,recent3,1.7561596632003784
506,pre_monsoon,3,tp_mm,recent3,3.789151906967163
507,pre_monsoon,3,tp_mm,recent3,3.9255599975585938
508,pre_monsoon,3,tp_mm,recent3,2.5685558319091797
509,pre_monsoon,3,tp_mm,recent3,4.566612243652344
600,pre_monsoon,3,tp_mm,recent3,0.15012963116168976
601,pre_monsoon,3,tp_mm,recent3,0.35291561484336853
602,pre_monsoon,3,tp_mm,recent3,0.47885239124298096
603,pre_monsoon,3,tp_mm,recent3,0.3732217848300934
604,pre_monsoon,3,tp_mm,recent3,0.8240478038787842
605,pre_monsoon,3,tp_mm,recent3,2.664480209350586
606,pre_monsoon,3,tp_mm,recent3,6.128769874572754
607,pre_monsoon,3,tp_mm,recent3,5.469519138336182
608,pre_monsoon,3,tp_mm,recent3,5.95937967300415
609,pre_monsoon,3,tp_mm,recent3,4.720766544342041
700,pre_monsoon,3,tp_mm,recent3,0.5676884055137634
701,pre_monsoon,3,tp_mm,recent3,0.3850744068622589
702,pre_monsoon,3,tp_mm,recent3,1.204358458518982
703,pre_monsoon,3,tp_mm,recent3,2.791584014892578
704,pre_monsoon,3,tp_mm,recent3,2.812509536743164
705,pre_monsoon,3,tp_mm,recent3,1.8770283460617065
706,pre_monsoon,3,tp_mm,recent3,1.4528782367706299
707,pre_monsoon,3,tp_mm,recent3,1.9662401676177979
708,pre_monsoon,3,tp_mm,recent3,4.833929538726807
709,pre_monsoon,3,tp_mm,recent3,8.330842018127441
800,pre_monsoon,3,tp_mm,recent3,1.9708595275878906
801,pre_monsoon,3,tp_mm,recent3,2.4062440395355225
802,pre_monsoon,3,tp_mm,recent3,4.850627899169922
803,pre_monsoon,3,tp_mm,recent3,3.0578014850616455
804,pre_monsoon,3,tp_mm,recent3,0.8160769939422607
805,pre_monsoon,3,tp_mm,recent3,0.7035171389579773
806,pre_monsoon,3,tp_mm,recent3,0.843330979347229
807,pre_monsoon,3,tp_mm,recent3,0.9634678363800049
808,pre_monsoon,3,tp_mm,recent3,1.7759008407592773
809,pre_monsoon,3,tp_mm,recent3,2.0226290225982666
900,pre_monsoon,3,tp_mm,recent3,3.785661458969116
901,pre_monsoon,3,tp_mm,recent3,6.270438194274902
902,pre_monsoon,3,tp_mm,recent3,5.365495681762695
903,pre_monsoon,3,tp_mm,recent3,1.8803735971450806
904,pre_monsoon,3,tp_mm,recent3,1.018679141998291
905,pre_monsoon,3,tp_mm,recent3,0.7255228757858276
906,pre_monsoon,3,tp_mm,recent3,0.6497976779937744
907,pre_monsoon,3,tp_mm,recent3,1.013100028038025
908,pre_monsoon,3,tp_mm,recent3,1.024632215499878
909,pre_monsoon,3,tp_mm,recent3,0.8373696804046631
1000,pre_monsoon,3,tp_mm,recent3,3.0366852283477783
1001,pre_monsoon,3,tp_mm,recent3,3.2752456665039062
1002,pre_monsoon,3,tp_mm,recent3,2.0546786785125732
1003,pre_monsoon,3,tp_mm,recent3,1.995872974395752
1004,pre_monsoon,3,tp_mm,recent3,0.19793343544006348
1005,pre_monsoon,3,tp_mm,recent3,0.616523265838623
1006,pre_monsoon,3,tp_mm,recent3,0.6572091579437256
1007,pre_monsoon,3,tp_mm,recent3,0.9940088391304016
1008,pre_monsoon,3,tp_mm,recent3,0.3441823422908783
1009,pre_monsoon,3,tp_mm,recent3,0.1617286652326584
0,monsoon,3,tp_mm,recent3,2.465449810028076
1,monsoon,3,tp_mm,recent3,4.3599042892456055
2,monsoon,3,tp_mm,recent3,7.198817729949951
3,monsoon,3,tp_mm,recent3,2.6332688331604004
4,monsoon,3,tp_mm,recent3,1.9338291883468628
5,monsoon,3,tp_mm,recent3,2.725766181945801
6,monsoon,3,tp_mm,recent3,5.641606330871582
7,monsoon,3,tp_mm,recent3,7.167160987854004
8,monsoon,3,tp_mm,recent3,8.274645805358887
9,monsoon,3,tp_mm,recent3,8.43925952911377
100,monsoon,3,tp_mm,recent3,2.205549478530884
101,monsoon,3,tp_mm,recent3,5.621385097503662
102,monsoon,3,tp_mm,recent3,10.334138870239258
103,monsoon,3,tp_mm,recent3,4.374709129333496
104,monsoon,3,tp_mm,recent3,3.7746543884277344
105,monsoon,3,tp_mm,recent3,5.398401260375977
106,monsoon,3,tp_mm,recent3,7.49351692199707
107,monsoon,3,tp_mm,recent3,7.910547733306885
108,monsoon,3,tp_mm,recent3,9.390356063842773
109,monsoon,3,tp_mm,recent3,11.197105407714844
200,monsoon,3,tp_mm,recent3,2.006381034851074
201,monsoon,3,tp_mm,recent3,8.083614349365234
202,monsoon,3,tp_mm,recent3,8.72633171081543
203,monsoon,3,tp_mm,recent3,4.060458183288574
204,monsoon,3,tp_mm,recent3,5.225526809692383
205,monsoon,3,tp_mm,recent3,11.926851272583008
206,monsoon,3,tp_mm,recent3,11.979795455932617
207,monsoon,3,tp_mm,recent3,11.460624694824219
208,monsoon,3,tp_mm,recent3,11.04958724975586
209,monsoon,3,tp_mm,recent3,12.731551170349121
300,monsoon,3,tp_mm,recent3,4.167123794555664
301,monsoon,3,tp_mm,recent3,12.048245429992676
302,monsoon,3,tp_mm,recent3,7.15842866897583
303,monsoon,3,tp_mm,recent3,7.99772310256958
304,monsoon,3,tp_mm,recent3,8.80158805847168
305,monsoon,3,tp_mm,recent3,10.811625480651855
306,monsoon,3,tp_mm,recent3,11.309809684753418
307,monsoon,3,tp_mm,recent3,9.951803207397461
308,monsoon,3,tp_mm,recent3,12.51458740234375
309,monsoon,3,tp_mm,recent3,10.876972198486328
400,monsoon,3,tp_mm,recent3,7.533788681030273
401,monsoon,3,tp_mm,recent3,12.057233810424805
402,monsoon,3,tp_mm,recent3,10.416543960571289
403,monsoon,3,tp_mm,recent3,11.094746589660645
404,monsoon,3,tp_mm,recent3,11.019767761230469
405,monsoon,3,tp_mm,recent3,11.801738739013672
406,monsoon,3,tp_mm,recent3,12.085186958312988
407,monsoon,3,tp_mm,recent3,14.21859359741211
408,monsoon,3,tp_mm,recent3,14.200687408447266
409,monsoon,3,tp_mm,recent3,8.149292945861816
500,monsoon,3,tp_mm,recent3,6.2988810539245605
501,monsoon,3,tp_mm,recent3,12.104132652282715
502,monsoon,3,tp_mm,recent3,9.668012619018555
503,monsoon,3,tp_mm,recent3,11.59709358215332
504,monsoon,3,tp_mm,recent3,8.88763427734375
505,monsoon,3,tp_mm,recent3,11.186739921569824
506,monsoon,3,tp_mm,recent3,11.214670181274414
507,monsoon,3,tp_mm,recent3,13.114978790283203
508,monsoon,3,tp_mm,recent3,11.519989967346191
509,monsoon,3,tp_mm,recent3,8.499207496643066
600,monsoon,3,tp_mm,recent3,3.501782178878784
601,monsoon,3,tp_mm,recent3,3.986355781555176
602,monsoon,3,tp_mm,recent3,6.281736373901367
603,monsoon,3,tp_mm,recent3,8.273921966552734
604,monsoon,3,tp_mm,recent3,9.258392333984375
605,monsoon,3,tp_mm,recent3,10.176111221313477
606,monsoon,3,tp_mm,recent3,13.118024826049805
607,monsoon,3,tp_mm,recent3,15.798126220703125
608,monsoon,3,tp_mm,recent3,15.307706832885742
609,monsoon,3,tp_mm,recent3,18.987991333007812
700,monsoon,3,tp_mm,recent3,1.9713711738586426
701,monsoon,3,tp_mm,recent3,2.7791552543640137
702,monsoon,3,tp_mm,recent3,6.213632583618164
703,monsoon,3,tp_mm,recent3,11.392828941345215
704,monsoon,3,tp_mm,recent3,9.895061492919922
705,monsoon,3,tp_mm,recent3,6.547663688659668
706,monsoon,3,tp_mm,recent3,4.525251388549805
707,monsoon,3,tp_mm,recent3,4.5243000984191895
708,monsoon,3,tp_mm,recent3,6.391772270202637
709,monsoon,3,tp_mm,recent3,10.085198402404785
800,monsoon,3,tp_mm,recent3,1.9757109880447388
801,monsoon,3,tp_mm,recent3,3.935426950454712
802,monsoon,3,tp_mm,recent3,9.762357711791992
803,monsoon,3,tp_mm,recent3,5.195487022399902
804,monsoon,3,tp_mm,recent3,2.9399235248565674
805,monsoon,3,tp_mm,recent3,3.09774112701416
806,monsoon,3,tp_mm,recent3,3.066519021987915
807,monsoon,3,tp_mm,recent3,3.8271548748016357
808,monsoon,3,tp_mm,recent3,3.9769248962402344
809,monsoon,3,tp_mm,recent3,4.239332675933838
900,monsoon,3,tp_mm,recent3,0.8310123085975647
901,monsoon,3,tp_mm,recent3,4.387367248535156
902,monsoon,3,tp_mm,recent3,3.826388120651245
903,monsoon,3,tp_mm,recent3,2.4702308177948
904,monsoon,3,tp_mm,recent3,2.475588321685791
905,monsoon,3,tp_mm,recent3,2.760744333267212
906,monsoon,3,tp_mm,recent3,2.9704067707061768
907,monsoon,3,tp_mm,recent3,3.2476089000701904
908,monsoon,3,tp_mm,recent3,2.8633618354797363
909,monsoon,3,tp_mm,recent3,2.663273811340332
1000,monsoon,3,tp_mm,recent3,0.037303339689970016
1001,monsoon,3,tp_mm,recent3,1.1128339767456055
1002,monsoon,3,tp_mm,recent3,2.313476324081421
1003,monsoon,3,tp_mm,recent3,1.6819056272506714
1004,monsoon,3,tp_mm,recent3,0.3145398199558258
1005,monsoon,3,tp_mm,recent3,1.0754129886627197
1006,monsoon,3,tp_mm,recent3,1.83971107006073
1007,monsoon,3,tp_mm,recent3,2.04414439201355
1008,monsoon,3,tp_mm,recent3,0.6282176375389099
1009,monsoon,3,tp_mm,recent3,0.44441020488739014
0,post_monsoon,3,tp_mm,recent3,5.294145107269287
1,post_monsoon,3,tp_mm,recent3,6.716905117034912
2,post_monsoon,3,tp_mm,recent3,7.505973815917969
3,post_monsoon,3,tp_mm,recent3,12.607318878173828
4,post_monsoon,3,tp_mm,recent3,11.6363525390625
5,post_monsoon,3,tp_mm,recent3,8.702363014221191
6,post_monsoon,3,tp_mm,recent3,9.576233863830566
7,post_monsoon,3,tp_mm,recent3,9.843103408813477
8,post_monsoon,3,tp_mm,recent3,13.701586723327637
9,post_monsoon,3,tp_mm,recent3,11.350756645202637
100,post_monsoon,3,tp_mm,recent3,8.410673141479492
101,post_monsoon,3,tp_mm,recent3,6.644689559936523
102,post_monsoon,3,tp_mm,recent3,6.21166467666626
103,post_monsoon,3,tp_mm,recent3,5.740853309631348
104,post_monsoon,3,tp_mm,recent3,12.266494750976562
105,post_monsoon,3,tp_mm,recent3,16.569063186645508
106,post_monsoon,3,tp_mm,recent3,14.022648811340332
107,post_monsoon,3,tp_mm,recent3,12.285069465637207
108,post_monsoon,3,tp_mm,recent3,11.936392784118652
109,post_monsoon,3,tp_mm,recent3,7.247694969177246
200,post_monsoon,3,tp_mm,recent3,5.56293249130249
201,post_monsoon,3,tp_mm,recent3,7.98679256439209
202,post_monsoon,3,tp_mm,recent3,4.751157760620117
203,post_monsoon,3,tp_mm,recent3,4.2845001220703125
204,post_monsoon,3,tp_mm,recent3,19.080720901489258
205,post_monsoon,3,tp_mm,recent3,15.750337600708008
206,post_monsoon,3,tp_mm,recent3,10.813658714294434
207,post_monsoon,3,tp_mm,recent3,8.591585159301758
208,post_monsoon,3,tp_mm,recent3,8.038778305053711
209,post_monsoon,3,tp_mm,recent3,6.735423564910889
300,post_monsoon,3,tp_mm,recent3,5.838812828063965
301,post_monsoon,3,tp_mm,recent3,9.271249771118164
302,post_monsoon,3,tp_mm,recent3,3.4851341247558594
303,post_monsoon,3,tp_mm,recent3,5.934022903442383
304,post_monsoon,3,tp_mm,recent3,6.924594402313232
305,post_monsoon,3,tp_mm,recent3,9.279952049255371
306,post_monsoon,3,tp_mm,recent3,4.285262584686279
307,post_monsoon,3,tp_mm,recent3,4.128628730773926
308,post_monsoon,3,tp_mm,recent3,5.15278434753418
309,post_monsoon,3,tp_mm,recent3,3.8958256244659424
400,post_monsoon,3,tp_mm,recent3,10.39907455444336
401,post_monsoon,3,tp_mm,recent3,8.811508178710938
402,post_monsoon,3,tp_mm,recent3,3.6375067234039307
403,post_monsoon,3,tp_mm,recent3,3.6503100395202637
404,post_monsoon,3,tp_mm,recent3,2.649656057357788
405,post_monsoon,3,tp_mm,recent3,3.526156187057495
406,post_monsoon,3,tp_mm,recent3,3.867299795150757
407,post_monsoon,3,tp_mm,recent3,2.2613236904144287
408,post_monsoon,3,tp_mm,recent3,3.2970986366271973
409,post_monsoon,3,tp_mm,recent3,3.559720277786255
500,post_monsoon,3,tp_mm,recent3,2.550992488861084
501,post_monsoon,3,tp_mm,recent3,4.159091472625732
502,post_monsoon,3,tp_mm,recent3,3.0490570068359375
503,post_monsoon,3,tp_mm,recent3,2.4123973846435547
504,post_monsoon,3,tp_mm,recent3,2.3292369842529297
505,post_monsoon,3,tp_mm,recent3,1.9301047325134277
506,post_monsoon,3,tp_mm,recent3,1.843630075454712
507,post_monsoon,3,tp_mm,recent3,2.0267293453216553
508,post_monsoon,3,tp_mm,recent3,2.1383352279663086
509,post_monsoon,3,tp_mm,recent3,3.5811312198638916
600,post_monsoon,3,tp_mm,recent3,0.1475600153207779
601,post_monsoon,3,tp_mm,recent3,0.5691460967063904
602,post_monsoon,3,tp_mm,recent3,2.3606808185577393
603,post_monsoon,3,tp_mm,recent3,3.421227216720581
604,post_monsoon,3,tp_mm,recent3,3.1444759368896484
605,post_monsoon,3,tp_mm,recent3,6.5033183097839355
606,post_monsoon,3,tp_mm,recent3,6.929098129272461
607,post_monsoon,3,tp_mm,recent3,5.112458229064941
608,post_monsoon,3,tp_mm,recent3,3.109189510345459
609,post_monsoon,3,tp_mm,recent3,3.38858962059021
700,post_monsoon,3,tp_mm,recent3,0.13203683495521545
701,post_monsoon,3,tp_mm,recent3,0.1153370812535286
702,post_monsoon,3,tp_mm,recent3,0.37724146246910095
703,post_monsoon,3,tp_mm,recent3,0.7059552669525146
704,post_monsoon,3,tp_mm,recent3,1.3335188627243042
705,post_monsoon,3,tp_mm,recent3,2.644667625427246
706,post_monsoon,3,tp_mm,recent3,1.8895087242126465
707,post_monsoon,3,tp_mm,recent3,1.711160659790039
708,post_monsoon,3,tp_mm,recent3,2.8297135829925537
709,post_monsoon,3,tp_mm,recent3,3.53140926361084
800,post_monsoon,3,tp_mm,recent3,0.5182420015335083
801,post_monsoon,3,tp_mm,recent3,0.6921461820602417
802,post_monsoon,3,tp_mm,recent3,0.5243780016899109
803,post_monsoon,3,tp_mm,recent3,0.2530401945114136
804,post_monsoon,3,tp_mm,recent3,0.06858507543802261
805,post_monsoon,3,tp_mm,recent3,0.20957446098327637
806,post_monsoon,3,tp_mm,recent3,0.4787861406803131
807,post_monsoon,3,tp_mm,recent3,0.8200393319129944
808,post_monsoon,3,tp_mm,recent3,1.3212074041366577
809,post_monsoon,3,tp_mm,recent3,1.3416622877120972
900,post_monsoon,3,tp_mm,recent3,0.5935057401657104
901,post_monsoon,3,tp_mm,recent3,1.1125860214233398
902,post_monsoon,3,tp_mm,recent3,1.3666106462478638
903,post_monsoon,3,tp_mm,recent3,0.417451947927475
904,post_monsoon,3,tp_mm,recent3,0.2726893424987793
905,post_monsoon,3,tp_mm,recent3,0.20376789569854736
906,post_monsoon,3,tp_mm,recent3,0.21067680418491364
907,post_monsoon,3,tp_mm,recent3,0.34038206934928894
908,post_monsoon,3,tp_mm,recent3,0.35928547382354736
909,post_monsoon,3,tp_mm,recent3,0.5753186345100403
1000,post_monsoon,3,tp_mm,recent3,0.3242032527923584
1001,post_monsoon,3,tp_mm,recent3,0.7530722618103027
1002,post_monsoon,3,tp_mm,recent3,0.522331178188324
1003,post_monsoon,3,tp_mm,recent3,0.5248492360115051
1004,post_monsoon,3,tp_mm,recent3,0.011511016637086868
1005,post_monsoon,3,tp_mm,recent3,0.10873769968748093
1006,post_monsoon,3,tp_mm,recent3,0.14636600017547607
1007,post_monsoon,3,tp_mm,recent3,0.17795854806900024
1008,post_monsoon,3,tp_mm,recent3,0.075858935713768
1009,post_monsoon,3,tp_mm,recent3,0.024873610585927963
0,winter,3,tp_mm,anom_persistence,5.065020561218262
1,winter,3,tp_mm,anom_persistence,2.4742395877838135
2,winter,3,tp_mm,anom_persistence,0.737079381942749
3,winter,3,tp_mm,anom_persistence,2.0593347549438477
4,winter,3,tp_mm,anom_persistence,4.187978267669678
5,winter,3,tp_mm,anom_persistence,4.030442237854004
6,winter,3,tp_mm,anom_persistence,4.813093662261963
7,winter,3,tp_mm,anom_persistence,7.756227493286133
8,winter,3,tp_mm,anom_persistence,6.661357879638672
9,winter,3,tp_mm,anom_persistence,3.0084075927734375
100,winter,3,tp_mm,anom_persistence,0.8826050162315369
101,winter,3,tp_mm,anom_persistence,0.15999054908752441
102,winter,3,tp_mm,anom_persistence,0.21513208746910095
103,winter,3,tp_mm,anom_persistence,0.49595361948013306
104,winter,3,tp_mm,anom_persistence,2.2896151542663574
105,winter,3,tp_mm,anom_persistence,2.847670316696167
106,winter,3,tp_mm,anom_persistence,4.541142463684082
107,winter,3,tp_mm,anom_persistence,7.096173286437988
108,winter,3,tp_mm,anom_persistence,3.407050848007202
109,winter,3,tp_mm,anom_persistence,1.080777645111084
200,winter,3,tp_mm,anom_persistence,0.08278807252645493
201,winter,3,tp_mm,anom_persistence,0.009470666758716106
202,winter,3,tp_mm,anom_persistence,0.012961393222212791
203,winter,3,tp_mm,anom_persistence,0.04136420786380768
204,winter,3,tp_mm,anom_persistence,0.2040933519601822
205,winter,3,tp_mm,anom_persistence,0.2928796708583832
206,winter,3,tp_mm,anom_persistence,0.29953861236572266
207,winter,3,tp_mm,anom_persistence,0.5782616138458252
208,winter,3,tp_mm,anom_persistence,0.4509750008583069
209,winter,3,tp_mm,anom_persistence,0.10430391877889633
300,winter,3,tp_mm,anom_persistence,0.038824744522571564
301,winter,3,tp_mm,anom_persistence,0.0011849215952679515
302,winter,3,tp_mm,anom_persistence,0.0025507700629532337
303,winter,3,tp_mm,anom_persistence,0.0009053340181708336
304,winter,3,tp_mm,anom_persistence,0.022604310885071754
305,winter,3,tp_mm,anom_persistence,0.061320286244153976
306,winter,3,tp_mm,anom_persistence,0.028731562197208405
307,winter,3,tp_mm,anom_persistence,0.09808017313480377
308,winter,3,tp_mm,anom_persistence,0.09171343594789505
309,winter,3,tp_mm,anom_persistence,0.14780333638191223
400,winter,3,tp_mm,anom_persistence,0.013785721734166145
401,winter,3,tp_mm,anom_persistence,0.00011416614142945036
402,winter,3,tp_mm,anom_persistence,0.005469105206429958
403,winter,3,tp_mm,anom_persistence,0.007574149407446384
404,winter,3,tp_mm,anom_persistence,0.00013730180216953158
405,winter,3,tp_mm,anom_persistence,0.019220255315303802
406,winter,3,tp_mm,anom_persistence,0.05515219643712044
407,winter,3,tp_mm,anom_persistence,0.07173053920269012
408,winter,3,tp_mm,anom_persistence,0.05284702777862549
409,winter,3,tp_mm,anom_persistence,0.05166046693921089
500,winter,3,tp_mm,anom_persistence,0.0008598010172136128
501,winter,3,tp_mm,anom_persistence,0.0027980422601103783
502,winter,3,tp_mm,anom_persistence,0.0018655674066394567
503,winter,3,tp_mm,anom_persistence,0.053067054599523544
504,winter,3,tp_mm,anom_persistence,0.03411664068698883
505,winter,3,tp_mm,anom_persistence,0.005855195689946413
506,winter,3,tp_mm,anom_persistence,0.0466160923242569
507,winter,3,tp_mm,anom_persistence,0.25647762417793274
508,winter,3,tp_mm,anom_persistence,0.24962827563285828
509,winter,3,tp_mm,anom_persistence,0.08499756455421448
600,winter,3,tp_mm,anom_persistence,0.027932818979024887
601,winter,3,tp_mm,anom_persistence,0.11525475978851318
602,winter,3,tp_mm,anom_persistence,0.24660716950893402
603,winter,3,tp_mm,anom_persistence,0.213496133685112
604,winter,3,tp_mm,anom_persistence,0.10089371353387833
605,winter,3,tp_mm,anom_persistence,0.14577972888946533
606,winter,3,tp_mm,anom_persistence,1.0819333791732788
607,winter,3,tp_mm,anom_persistence,1.5774446725845337
608,winter,3,tp_mm,anom_persistence,2.8415019512176514
609,winter,3,tp_mm,anom_persistence,2.157975435256958
700,winter,3,tp_mm,anom_persistence,0.1357594132423401
701,winter,3,tp_mm,anom_persistence,0.23408998548984528
702,winter,3,tp_mm,anom_persistence,1.1727209091186523
703,winter,3,tp_mm,anom_persistence,1.8663376569747925
704,winter,3,tp_mm,anom_persistence,2.4572556018829346
705,winter,3,tp_mm,anom_persistence,1.1340340375900269
706,winter,3,tp_mm,anom_persistence,0.30319976806640625
707,winter,3,tp_mm,anom_persistence,0.5298494696617126
708,winter,3,tp_mm,anom_persistence,3.08716082572937
709,winter,3,tp_mm,anom_persistence,6.134419918060303
800,winter,3,tp_mm,anom_persistence,2.286562919616699
801,winter,3,tp_mm,anom_persistence,0.6677002906799316
802,winter,3,tp_mm,anom_persistence,3.1223268508911133
803,winter,3,tp_mm,anom_persistence,3.031451463699341
804,winter,3,tp_mm,anom_persistence,0.5134196877479553
805,winter,3,tp_mm,anom_persistence,0.1813855618238449
806,winter,3,tp_mm,anom_persistence,0.16684997081756592
807,winter,3,tp_mm,anom_persistence,0.1560867875814438
808,winter,3,tp_mm,anom_persistence,0.3809792995452881
809,winter,3,tp_mm,anom_persistence,0.6707602143287659
900,winter,3,tp_mm,anom_persistence,3.616727590560913
901,winter,3,tp_mm,anom_persistence,3.5653915405273438
902,winter,3,tp_mm,anom_persistence,3.179832935333252
903,winter,3,tp_mm,anom_persistence,1.0723216533660889
904,winter,3,tp_mm,anom_persistence,0.461899071931839
905,winter,3,tp_mm,anom_persistence,0.4639364778995514
906,winter,3,tp_mm,anom_persistence,0.39593586325645447
907,winter,3,tp_mm,anom_persistence,0.43388667702674866
908,winter,3,tp_mm,anom_persistence,0.3111487030982971
909,winter,3,tp_mm,anom_persistence,0.3660959303379059
1000,winter,3,tp_mm,anom_persistence,2.194308042526245
1001,winter,3,tp_mm,anom_persistence,1.533812403678894
1002,winter,3,tp_mm,anom_persistence,1.3197710514068604
1003,winter,3,tp_mm,anom_persistence,0.6057733297348022
1004,winter,3,tp_mm,anom_persistence,0.054131995886564255
1005,winter,3,tp_mm,anom_persistence,0.3106127083301544
1006,winter,3,tp_mm,anom_persistence,0.5476711392402649
1007,winter,3,tp_mm,anom_persistence,0.5959259271621704
1008,winter,3,tp_mm,anom_persistence,0.15708108246326447
1009,winter,3,tp_mm,anom_persistence,0.04306742176413536
0,pre_monsoon,3,tp_mm,anom_persistence,2.041227340698242
1,pre_monsoon,3,tp_mm,anom_persistence,3.5757670402526855
2,pre_monsoon,3,tp_mm,anom_persistence,4.890106678009033
3,pre_monsoon,3,tp_mm,anom_persistence,5.957345485687256
4,pre_monsoon,3,tp_mm,anom_persistence,4.2005615234375
5,pre_monsoon,3,tp_mm,anom_persistence,5.85763692855835
6,pre_monsoon,3,tp_mm,anom_persistence,8.15886116027832
7,pre_monsoon,3,tp_mm,anom_persistence,9.466113090515137
8,pre_monsoon,3,tp_mm,anom_persistence,8.97964096069336
9,pre_monsoon,3,tp_mm,anom_persistence,7.671572685241699
100,pre_monsoon,3,tp_mm,anom_persistence,0.24189983308315277
101,pre_monsoon,3,tp_mm,anom_persistence,2.122330665588379
102,pre_monsoon,3,tp_mm,anom_persistence,4.807824611663818
103,pre_monsoon,3,tp_mm,anom_persistence,3.84246826171875
104,pre_monsoon,3,tp_mm,anom_persistence,3.723912477493286
105,pre_monsoon,3,tp_mm,anom_persistence,3.1784791946411133
106,pre_monsoon,3,tp_mm,anom_persistence,5.138120651245117
107,pre_monsoon,3,tp_mm,anom_persistence,9.027557373046875
108,pre_monsoon,3,tp_mm,anom_persistence,6.408133506774902
109,pre_monsoon,3,tp_mm,anom_persistence,5.979805946350098
200,pre_monsoon,3,tp_mm,anom_persistence,0.4222289025783539
201,pre_monsoon,3,tp_mm,anom_persistence,3.223346471786499
202,pre_monsoon,3,tp_mm,anom_persistence,4.285938262939453
203,pre_monsoon,3,tp_mm,anom_persistence,2.3442704677581787
204,pre_monsoon,3,tp_mm,anom_persistence,1.7909467220306396
205,pre_monsoon,3,tp_mm,anom_persistence,1.7324843406677246
206,pre_monsoon,3,tp_mm,anom_persistence,5.822206497192383
207,pre_monsoon,3,tp_mm,anom_persistence,8.947994232177734
208,pre_monsoon,3,tp_mm,anom_persistence,4.07135534286499
209,pre_monsoon,3,tp_mm,anom_persistence,3.402296304702759
300,pre_monsoon,3,tp_mm,anom_persistence,0.9120341539382935
301,pre_monsoon,3,tp_mm,anom_persistence,3.9350128173828125
302,pre_monsoon,3,tp_mm,anom_persistence,1.8733092546463013
303,pre_monsoon,3,tp_mm,anom_persistence,1.4706043004989624
304,pre_monsoon,3,tp_mm,anom_persistence,1.681213140487671
305,pre_monsoon,3,tp_mm,anom_persistence,1.4419834613800049
306,pre_monsoon,3,tp_mm,anom_persistence,5.268939971923828
307,pre_monsoon,3,tp_mm,anom_persistence,3.257801055908203
308,pre_monsoon,3,tp_mm,anom_persistence,2.773339033126831
309,pre_monsoon,3,tp_mm,anom_persistence,3.2201318740844727
400,pre_monsoon,3,tp_mm,anom_persistence,0.6453312039375305
401,pre_monsoon,3,tp_mm,anom_persistence,1.3193069696426392
402,pre_monsoon,3,tp_mm,anom_persistence,0.8387388586997986
403,pre_monsoon,3,tp_mm,anom_persistence,0.8268618583679199
404,pre_monsoon,3,tp_mm,anom_persistence,1.1726629734039307
405,pre_monsoon,3,tp_mm,anom_persistence,1.6203407049179077
406,pre_monsoon,3,tp_mm,anom_persistence,1.5827043056488037
407,pre_monsoon,3,tp_mm,anom_persistence,1.7936511039733887
408,pre_monsoon,3,tp_mm,anom_persistence,2.3530044555664062
409,pre_monsoon,3,tp_mm,anom_persistence,2.436957836151123
500,pre_monsoon,3,tp_mm,anom_persistence,0.3161489963531494
501,pre_monsoon,3,tp_mm,anom_persistence,1.1603525876998901
502,pre_monsoon,3,tp_mm,anom_persistence,1.0691134929656982
503,pre_monsoon,3,tp_mm,anom_persistence,0.40093910694122314
504,pre_monsoon,3,tp_mm,anom_persistence,0.8698561191558838
505,pre_monsoon,3,tp_mm,anom_persistence,2.435645818710327
506,pre_monsoon,3,tp_mm,anom_persistence,4.3583550453186035
507,pre_monsoon,3,tp_mm,anom_persistence,4.438773155212402
508,pre_monsoon,3,tp_mm,anom_persistence,3.0064659118652344
509,pre_monsoon,3,tp_mm,anom_persistence,4.7270379066467285
600,pre_monsoon,3,tp_mm,anom_persistence,0.15632599592208862
601,pre_monsoon,3,tp_mm,anom_persistence,0.48974609375
602,pre_monsoon,3,tp_mm,anom_persistence,0.7643597722053528
603,pre_monsoon,3,tp_mm,anom_persistence,0.5235792398452759
604,pre_monsoon,3,tp_mm,anom_persistence,1.0519452095031738
605,pre_monsoon,3,tp_mm,anom_persistence,3.1140472888946533
606,pre_monsoon,3,tp_mm,anom_persistence,6.8157124519348145
607,pre_monsoon,3,tp_mm,anom_persistence,6.198828220367432
608,pre_monsoon,3,tp_mm,anom_persistence,6.479271411895752
609,pre_monsoon,3,tp_mm,anom_persistence,5.655710697174072
700,pre_monsoon,3,tp_mm,anom_persistence,0.6026087999343872
701,pre_monsoon,3,tp_mm,anom_persistence,0.46322181820869446
702,pre_monsoon,3,tp_mm,anom_persistence,1.492624282836914
703,pre_monsoon,3,tp_mm,anom_persistence,3.2237091064453125
704,pre_monsoon,3,tp_mm,anom_persistence,3.2351503372192383
705,pre_monsoon,3,tp_mm,anom_persistence,2.0703840255737305
706,pre_monsoon,3,tp_mm,anom_persistence,1.6584192514419556
707,pre_monsoon,3,tp_mm,anom_persistence,2.2347633838653564
708,pre_monsoon,3,tp_mm,anom_persistence,4.9349846839904785
709,pre_monsoon,3,tp_mm,anom_persistence,8.627723693847656
800,pre_monsoon,3,tp_mm,anom_persistence,1.8329473733901978
801,pre_monsoon,3,tp_mm,anom_persistence,2.473348617553711
802,pre_monsoon,3,tp_mm,anom_persistence,5.482913970947266
803,pre_monsoon,3,tp_mm,anom_persistence,3.582554817199707
804,pre_monsoon,3,tp_mm,anom_persistence,1.0206677913665771
805,pre_monsoon,3,tp_mm,anom_persistence,0.8529744744300842
806,pre_monsoon,3,tp_mm,anom_persistence,0.9693824052810669
807,pre_monsoon,3,tp_mm,anom_persistence,1.1004010438919067
808,pre_monsoon,3,tp_mm,anom_persistence,1.8736531734466553
809,pre_monsoon,3,tp_mm,anom_persistence,2.169471263885498
900,pre_monsoon,3,tp_mm,anom_persistence,3.800269603729248
901,pre_monsoon,3,tp_mm,anom_persistence,6.733150005340576
902,pre_monsoon,3,tp_mm,anom_persistence,6.157888412475586
903,pre_monsoon,3,tp_mm,anom_persistence,2.1369123458862305
904,pre_monsoon,3,tp_mm,anom_persistence,1.1603530645370483
905,pre_monsoon,3,tp_mm,anom_persistence,0.9434130191802979
906,pre_monsoon,3,tp_mm,anom_persistence,0.7926380634307861
907,pre_monsoon,3,tp_mm,anom_persistence,1.1454052925109863
908,pre_monsoon,3,tp_mm,anom_persistence,1.1672511100769043
909,pre_monsoon,3,tp_mm,anom_persistence,0.9706496596336365
1000,pre_monsoon,3,tp_mm,anom_persistence,3.265442132949829
1001,pre_monsoon,3,tp_mm,anom_persistence,3.429349660873413
1002,pre_monsoon,3,tp_mm,anom_persistence,2.407294988632202
1003,pre_monsoon,3,tp_mm,anom_persistence,2.1069204807281494
1004,pre_monsoon,3,tp_mm,anom_persistence,0.22586238384246826
1005,pre_monsoon,3,tp_mm,anom_persistence,0.8156778812408447
1006,pre_monsoon,3,tp_mm,anom_persistence,0.8093569278717041
1007,pre_monsoon,3,tp_mm,anom_persistence,1.2837274074554443
1008,pre_monsoon,3,tp_mm,anom_persistence,0.4035468101501465
1009,pre_monsoon,3,tp_mm,anom_persistence,0.1749444603919983
0,monsoon,3,tp_mm,anom_persistence,2.153573751449585
1,monsoon,3,tp_mm,anom_persistence,3.8070123195648193
2,monsoon,3,tp_mm,anom_persistence,6.515287399291992
3,monsoon,3,tp_mm,anom_persistence,2.3513917922973633
4,monsoon,3,tp_mm,anom_persistence,1.9982656240463257
5,monsoon,3,tp_mm,anom_persistence,3.1567065715789795
6,monsoon,3,tp_mm,anom_persistence,7.416484355926514
7,monsoon,3,tp_mm,anom_persistence,8.672642707824707
8,monsoon,3,tp_mm,anom_persistence,9.988496780395508
9,monsoon,3,tp_mm,anom_persistence,9.544793128967285
100,monsoon,3,tp_mm,anom_persistence,2.062352180480957
101,monsoon,3,tp_mm,anom_persistence,5.147356033325195
102,monsoon,3,tp_mm,anom_persistence,9.227005004882812
103,monsoon,3,tp_mm,anom_persistence,4.328598976135254
104,monsoon,3,tp_mm,anom_persistence,4.239503860473633
105,monsoon,3,tp_mm,anom_persistence,6.568864822387695
106,monsoon,3,tp_mm,anom_persistence,9.36185359954834
107,monsoon,3,tp_mm,anom_persistence,9.356029510498047
108,monsoon,3,tp_mm,anom_persistence,10.40988540649414
109,monsoon,3,tp_mm,anom_persistence,12.478894233703613
200,monsoon,3,tp_mm,anom_persistence,1.9406236410140991
201,monsoon,3,tp_mm,anom_persistence,7.085506916046143
202,monsoon,3,tp_mm,anom_persistence,8.79895305633545
203,monsoon,3,tp_mm,anom_persistence,5.026557445526123
204,monsoon,3,tp_mm,anom_persistence,6.102056980133057
205,monsoon,3,tp_mm,anom_persistence,13.187119483947754
206,monsoon,3,tp_mm,anom_persistence,12.444010734558105
207,monsoon,3,tp_mm,anom_persistence,12.27311897277832
208,monsoon,3,tp_mm,anom_persistence,12.041654586791992
209,monsoon,3,tp_mm,anom_persistence,13.927962303161621
300,monsoon,3,tp_mm,anom_persistence,4.545228481292725
301,monsoon,3,tp_mm,anom_persistence,12.031631469726562
302,monsoon,3,tp_mm,anom_persistence,7.849138259887695
303,monsoon,3,tp_mm,anom_persistence,9.002037048339844
304,monsoon,3,tp_mm,anom_persistence,9.814814567565918
305,monsoon,3,tp_mm,anom_persistence,11.248948097229004
306,monsoon,3,tp_mm,anom_persistence,10.702454566955566
307,monsoon,3,tp_mm,anom_persistence,10.564373016357422
308,monsoon,3,tp_mm,anom_persistence,13.169878005981445
309,monsoon,3,tp_mm,anom_persistence,12.226935386657715
400,monsoon,3,tp_mm,anom_persistence,8.585269927978516
401,monsoon,3,tp_mm,anom_persistence,13.02829360961914
402,monsoon,3,tp_mm,anom_persistence,11.203052520751953
403,monsoon,3,tp_mm,anom_persistence,12.60154914855957
404,monsoon,3,tp_mm,anom_persistence,12.408787727355957
405,monsoon,3,tp_mm,anom_persistence,12.563033103942871
406,monsoon,3,tp_mm,anom_persistence,12.211058616638184
407,monsoon,3,tp_mm,anom_persistence,13.991381645202637
408,monsoon,3,tp_mm,anom_persistence,14.778118133544922
409,monsoon,3,tp_mm,anom_persistence,9.511604309082031
500,monsoon,3,tp_mm,anom_persistence,7.3222222328186035
501,monsoon,3,tp_mm,anom_persistence,13.587477684020996
502,monsoon,3,tp_mm,anom_persistence,11.002171516418457
503,monsoon,3,tp_mm,anom_persistence,13.16670036315918
504,monsoon,3,tp_mm,anom_persistence,10.738479614257812
505,monsoon,3,tp_mm,anom_persistence,12.27767562866211
506,monsoon,3,tp_mm,anom_persistence,12.463102340698242
507,monsoon,3,tp_mm,anom_persistence,13.684301376342773
508,monsoon,3,tp_mm,anom_persistence,12.496243476867676
509,monsoon,3,tp_mm,anom_persistence,10.106439590454102
600,monsoon,3,tp_mm,anom_persistence,3.997974395751953
601,monsoon,3,tp_mm,anom_persistence,4.490608215332031
602,monsoon,3,tp_mm,anom_persistence,7.009072303771973
603,monsoon,3,tp_mm,anom_persistence,9.130504608154297
604,monsoon,3,tp_mm,anom_persistence,10.900402069091797
605,monsoon,3,tp_mm,anom_persistence,11.884705543518066
606,monsoon,3,tp_mm,anom_persistence,15.34580135345459
607,monsoon,3,tp_mm,anom_persistence,17.267030715942383
608,monsoon,3,tp_mm,anom_persistence,16.908002853393555
609,monsoon,3,tp_mm,anom_persistence,21.834386825561523
700,monsoon,3,tp_mm,anom_persistence,2.319308280944824
701,monsoon,3,tp_mm,anom_persistence,3.020679235458374
702,monsoon,3,tp_mm,anom_persistence,6.522485733032227
703,monsoon,3,tp_mm,anom_persistence,12.286184310913086
704,monsoon,3,tp_mm,anom_persistence,10.856919288635254
705,monsoon,3,tp_mm,anom_persistence,7.672357559204102
706,monsoon,3,tp_mm,anom_persistence,4.998939037322998
707,monsoon,3,tp_mm,anom_persistence,4.911500453948975
708,monsoon,3,tp_mm,anom_persistence,6.907100677490234
709,monsoon,3,tp_mm,anom_persistence,10.644250869750977
800,monsoon,3,tp_mm,anom_persistence,2.1392664909362793
801,monsoon,3,tp_mm,anom_persistence,4.324128150939941
802,monsoon,3,tp_mm,anom_persistence,10.73744010925293
803,monsoon,3,tp_mm,anom_persistence,5.612972259521484
804,monsoon,3,tp_mm,anom_persistence,3.4386584758758545
805,monsoon,3,tp_mm,anom_persistence,3.5581982135772705
806,monsoon,3,tp_mm,anom_persistence,3.5546014308929443
807,monsoon,3,tp_mm,anom_persistence,4.331867218017578
808,monsoon,3,tp_mm,anom_persistence,4.856637001037598
809,monsoon,3,tp_mm,anom_persistence,4.985412120819092
900,monsoon,3,tp_mm,anom_persistence,0.796160101890564
901,monsoon,3,tp_mm,anom_persistence,5.241821765899658
902,monsoon,3,tp_mm,anom_persistence,4.351433753967285
903,monsoon,3,tp_mm,anom_persistence,2.857863664627075
904,monsoon,3,tp_mm,anom_persistence,2.789161443710327
905,monsoon,3,tp_mm,anom_persistence,2.9755055904388428
906,monsoon,3,tp_mm,anom_persistence,3.260727882385254
907,monsoon,3,tp_mm,anom_persistence,3.514462471008301
908,monsoon,3,tp_mm,anom_persistence,3.135763168334961
909,monsoon,3,tp_mm,anom_persistence,2.825793981552124
1000,monsoon,3,tp_mm,anom_persistence,0.0346747562289238
1001,monsoon,3,tp_mm,anom_persistence,1.0449517965316772
1002,monsoon,3,tp_mm,anom_persistence,2.453721761703491
1003,monsoon,3,tp_mm,anom_persistence,1.8538117408752441
1004,monsoon,3,tp_mm,anom_persistence,0.3444669246673584
1005,monsoon,3,tp_mm,anom_persistence,1.1728485822677612
1006,monsoon,3,tp_mm,anom_persistence,2.057008981704712
1007,monsoon,3,tp_mm,anom_persistence,2.3405773639678955
1008,monsoon,3,tp_mm,anom_persistence,0.6376550197601318
1009,monsoon,3,tp_mm,anom_persistence,0.4333603084087372
0,post_monsoon,3,tp_mm,anom_persistence,6.124544143676758
1,post_monsoon,3,tp_mm,anom_persistence,7.70564603805542
2,post_monsoon,3,tp_mm,anom_persistence,8.52885627746582
3,post_monsoon,3,tp_mm,anom_persistence,14.884490966796875
4,post_monsoon,3,tp_mm,anom_persistence,12.355671882629395
5,post_monsoon,3,tp_mm,anom_persistence,8.89205551147461
6,post_monsoon,3,tp_mm,anom_persistence,10.194851875305176
7,post_monsoon,3,tp_mm,anom_persistence,10.546734809875488
8,post_monsoon,3,tp_mm,anom_persistence,14.345827102661133
9,post_monsoon,3,tp_mm,anom_persistence,13.127938270568848
100,post_monsoon,3,tp_mm,anom_persistence,9.66336441040039
101,post_monsoon,3,tp_mm,anom_persistence,8.23377513885498
102,post_monsoon,3,tp_mm,anom_persistence,7.548437118530273
103,post_monsoon,3,tp_mm,anom_persistence,6.497255802154541
104,post_monsoon,3,tp_mm,anom_persistence,13.514843940734863
105,post_monsoon,3,tp_mm,anom_persistence,17.035768508911133
106,post_monsoon,3,tp_mm,anom_persistence,14.935891151428223
107,post_monsoon,3,tp_mm,anom_persistence,13.071670532226562
108,post_monsoon,3,tp_mm,anom_persistence,13.404287338256836
109,post_monsoon,3,tp_mm,anom_persistence,8.340836524963379
200,post_monsoon,3,tp_mm,anom_persistence,6.271956443786621
201,post_monsoon,3,tp_mm,anom_persistence,8.566316604614258
202,post_monsoon,3,tp_mm,anom_persistence,5.1075263023376465
203,post_monsoon,3,tp_mm,anom_persistence,4.693155288696289
204,post_monsoon,3,tp_mm,anom_persistence,19.79664421081543
205,post_monsoon,3,tp_mm,anom_persistence,17.067157745361328
206,post_monsoon,3,tp_mm,anom_persistence,11.137002944946289
207,post_monsoon,3,tp_mm,anom_persistence,9.311263084411621
208,post_monsoon,3,tp_mm,anom_persistence,8.657183647155762
209,post_monsoon,3,tp_mm,anom_persistence,6.5517578125
300,post_monsoon,3,tp_mm,anom_persistence,7.185518741607666
301,post_monsoon,3,tp_mm,anom_persistence,9.697580337524414
302,post_monsoon,3,tp_mm,anom_persistence,2.9628796577453613
303,post_monsoon,3,tp_mm,anom_persistence,6.658608913421631
304,post_monsoon,3,tp_mm,anom_persistence,8.353132247924805
305,post_monsoon,3,tp_mm,anom_persistence,11.454180717468262
306,post_monsoon,3,tp_mm,anom_persistence,4.852231502532959
307,post_monsoon,3,tp_mm,anom_persistence,4.630735397338867
308,post_monsoon,3,tp_mm,anom_persistence,5.7019267082214355
309,post_monsoon,3,tp_mm,anom_persistence,4.522948741912842
400,post_monsoon,3,tp_mm,anom_persistence,12.506464958190918
401,post_monsoon,3,tp_mm,anom_persistence,10.643179893493652
402,post_monsoon,3,tp_mm,anom_persistence,3.729374885559082
403,post_monsoon,3,tp_mm,anom_persistence,4.335508346557617
404,post_monsoon,3,tp_mm,anom_persistence,3.2770590782165527
405,post_monsoon,3,tp_mm,anom_persistence,3.9574084281921387
406,post_monsoon,3,tp_mm,anom_persistence,4.589022159576416
407,post_monsoon,3,tp_mm,anom_persistence,3.086890935897827
408,post_monsoon,3,tp_mm,anom_persistence,3.9804115295410156
409,post_monsoon,3,tp_mm,anom_persistence,3.7105467319488525
500,post_monsoon,3,tp_mm,anom_persistence,3.0482687950134277
501,post_monsoon,3,tp_mm,anom_persistence,4.932188034057617
502,post_monsoon,3,tp_mm,anom_persistence,3.338406562805176
503,post_monsoon,3,tp_mm,anom_persistence,2.738614559173584
504,post_monsoon,3,tp_mm,anom_persistence,2.9620254039764404
505,post_monsoon,3,tp_mm,anom_persistence,2.137347459793091
506,post_monsoon,3,tp_mm,anom_persistence,2.075389862060547
507,post_monsoon,3,tp_mm,anom_persistence,2.5463943481445312
508,post_monsoon,3,tp_mm,anom_persistence,2.5700523853302
509,post_monsoon,3,tp_mm,anom_persistence,4.172222137451172
600,post_monsoon,3,tp_mm,anom_persistence,0.17318156361579895
601,post_monsoon,3,tp_mm,anom_persistence,0.6545093059539795
602,post_monsoon,3,tp_mm,anom_persistence,2.7186615467071533
603,post_monsoon,3,tp_mm,anom_persistence,3.7007505893707275
604,post_monsoon,3,tp_mm,anom_persistence,3.620252847671509
605,post_monsoon,3,tp_mm,anom_persistence,7.1666998863220215
606,post_monsoon,3,tp_mm,anom_persistence,7.500041484832764
607,post_monsoon,3,tp_mm,anom_persistence,5.730711936950684
608,post_monsoon,3,tp_mm,anom_persistence,3.656998872756958
609,post_monsoon,3,tp_mm,anom_persistence,3.832101821899414
700,post_monsoon,3,tp_mm,anom_persistence,0.13422636687755585
701,post_monsoon,3,tp_mm,anom_persistence,0.11849398165941238
702,post_monsoon,3,tp_mm,anom_persistence,0.43402984738349915
703,post_monsoon,3,tp_mm,anom_persistence,0.7572336792945862
704,post_monsoon,3,tp_mm,anom_persistence,1.5632137060165405
705,post_monsoon,3,tp_mm,anom_persistence,2.8226213455200195
706,post_monsoon,3,tp_mm,anom_persistence,1.9226425886154175
707,post_monsoon,3,tp_mm,anom_persistence,1.864856481552124
708,post_monsoon,3,tp_mm,anom_persistence,3.122591018676758
709,post_monsoon,3,tp_mm,anom_persistence,3.732102632522583
800,post_monsoon,3,tp_mm,anom_persistence,0.5454156398773193
801,post_monsoon,3,tp_mm,anom_persistence,0.6944578886032104
802,post_monsoon,3,tp_mm,anom_persistence,0.5657349824905396
803,post_monsoon,3,tp_mm,anom_persistence,0.2649047374725342
804,post_monsoon,3,tp_mm,anom_persistence,0.07451160997152328
805,post_monsoon,3,tp_mm,anom_persistence,0.23196929693222046
806,post_monsoon,3,tp_mm,anom_persistence,0.500935435295105
807,post_monsoon,3,tp_mm,anom_persistence,0.9641117453575134
808,post_monsoon,3,tp_mm,anom_persistence,1.569887638092041
809,post_monsoon,3,tp_mm,anom_persistence,1.580540657043457
900,post_monsoon,3,tp_mm,anom_persistence,0.6307433843612671
901,post_monsoon,3,tp_mm,anom_persistence,1.186607837677002
902,post_monsoon,3,tp_mm,anom_persistence,1.4451508522033691
903,post_monsoon,3,tp_mm,anom_persistence,0.44848284125328064
904,post_monsoon,3,tp_mm,anom_persistence,0.30138182640075684
905,post_monsoon,3,tp_mm,anom_persistence,0.22101324796676636
906,post_monsoon,3,tp_mm,anom_persistence,0.22312262654304504
907,post_monsoon,3,tp_mm,anom_persistence,0.40638411045074463
908,post_monsoon,3,tp_mm,anom_persistence,0.43278828263282776
909,post_monsoon,3,tp_mm,anom_persistence,0.7205713987350464
1000,post_monsoon,3,tp_mm,anom_persistence,0.29543182253837585
1001,post_monsoon,3,tp_mm,anom_persistence,0.7342696785926819
1002,post_monsoon,3,tp_mm,anom_persistence,0.6373865604400635
1003,post_monsoon,3,tp_mm,anom_persistence,0.5328430533409119
1004,post_monsoon,3,tp_mm,anom_persistence,0.012063211761415005
1005,post_monsoon,3,tp_mm,anom_persistence,0.11157772690057755
1006,post_monsoon,3,tp_mm,anom_persistence,0.1514870673418045
1007,post_monsoon,3,tp_mm,anom_persistence,0.18298228085041046
1008,post_monsoon,3,tp_mm,anom_persistence,0.08610734343528748
1009,post_monsoon,3,tp_mm,anom_persistence,0.024811483919620514
0,winter,1,t2m_C_mean,climatology,0.5714878439903259
1,winter,1,t2m_C_mean,climatology,0.4196563959121704
2,winter,1,t2m_C_mean,climatology,0.34452521800994873
3,winter,1,t2m_C_mean,climatology,0.4938594400882721
4,winter,1,t2m_C_mean,climatology,0.54506516456604
5,winter,1,t2m_C_mean,climatology,0.4054960608482361
6,winter,1,t2m_C_mean,climatology,0.44351691007614136
7,winter,1,t2m_C_mean,climatology,0.48782336711883545
8,winter,1,t2m_C_mean,climatology,0.42251238226890564
9,winter,1,t2m_C_mean,climatology,0.3726634681224823
100,winter,1,t2m_C_mean,climatology,0.3884933888912201
101,winter,1,t2m_C_mean,climatology,0.4099959135055542
102,winter,1,t2m_C_mean,climatology,0.8048399686813354
103,winter,1,t2m_C_mean,climatology,1.286057949066162
104,winter,1,t2m_C_mean,climatology,0.4873003363609314
105,winter,1,t2m_C_mean,climatology,0.4634600877761841
106,winter,1,t2m_C_mean,climatology,0.4546401798725128
107,winter,1,t2m_C_mean,climatology,0.43576157093048096
108,winter,1,t2m_C_mean,climatology,0.47607338428497314
109,winter,1,t2m_C_mean,climatology,0.5129260420799255
200,winter,1,t2m_C_mean,climatology,0.5025355815887451
201,winter,1,t2m_C_mean,climatology,0.49993929266929626
202,winter,1,t2m_C_mean,climatology,1.2490595579147339
203,winter,1,t2m_C_mean,climatology,1.7440929412841797
204,winter,1,t2m_C_mean,climatology,0.6098646521568298
205,winter,1,t2m_C_mean,climatology,0.5633718967437744
206,winter,1,t2m_C_mean,climatology,0.5997833013534546
207,winter,1,t2m_C_mean,climatology,0.5282130837440491
208,winter,1,t2m_C_mean,climatology,0.5920854210853577
209,winter,1,t2m_C_mean,climatology,0.6407957673072815
300,winter,1,t2m_C_mean,climatology,0.68162602186203
301,winter,1,t2m_C_mean,climatology,0.7700912356376648
302,winter,1,t2m_C_mean,climatology,1.7376879453659058
303,winter,1,t2m_C_mean,climatology,1.9491053819656372
304,winter,1,t2m_C_mean,climatology,1.700696349143982
305,winter,1,t2m_C_mean,climatology,0.896571159362793
306,winter,1,t2m_C_mean,climatology,0.7329877614974976
307,winter,1,t2m_C_mean,climatology,0.6845851540565491
308,winter,1,t2m_C_mean,climatology,0.6886739134788513
309,winter,1,t2m_C_mean,climatology,1.1315290927886963
400,winter,1,t2m_C_mean,climatology,0.8495190143585205
401,winter,1,t2m_C_mean,climatology,1.1534342765808105
402,winter,1,t2m_C_mean,climatology,2.1010684967041016
403,winter,1,t2m_C_mean,climatology,2.6098427772521973
404,winter,1,t2m_C_mean,climatology,3.0657739639282227
405,winter,1,t2m_C_mean,climatology,2.9323716163635254
406,winter,1,t2m_C_mean,climatology,1.7731804847717285
407,winter,1,t2m_C_mean,climatology,1.152848720550537
408,winter,1,t2m_C_mean,climatology,1.082433819770813
409,winter,1,t2m_C_mean,climatology,1.3088144063949585
500,winter,1,t2m_C_mean,climatology,1.8515101671218872
501,winter,1,t2m_C_mean,climatology,2.006056547164917
502,winter,1,t2m_C_mean,climatology,2.3840439319610596
503,winter,1,t2m_C_mean,climatology,2.9557204246520996
504,winter,1,t2m_C_mean,climatology,3.614863395690918
505,winter,1,t2m_C_mean,climatology,3.509361982345581
506,winter,1,t2m_C_mean,climatology,2.6579666137695312
507,winter,1,t2m_C_mean,climatology,2.088768243789673
508,winter,1,t2m_C_mean,climatology,1.3613026142120361
509,winter,1,t2m_C_mean,climatology,1.405714988708496
600,winter,1,t2m_C_mean,climatology,2.5279312133789062
601,winter,1,t2m_C_mean,climatology,2.357492446899414
602,winter,1,t2m_C_mean,climatology,2.485217332839966
603,winter,1,t2m_C_mean,climatology,3.1102705001831055
604,winter,1,t2m_C_mean,climatology,3.179011344909668
605,winter,1,t2m_C_mean,climatology,2.451856851577759
606,winter,1,t2m_C_mean,climatology,1.8809466361999512
607,winter,1,t2m_C_mean,climatology,1.506338357925415
608,winter,1,t2m_C_mean,climatology,1.2346843481063843
609,winter,1,t2m_C_mean,climatology,1.3500300645828247
700,winter,1,t2m_C_mean,climatology,2.2037835121154785
701,winter,1,t2m_C_mean,climatology,2.268263816833496
702,winter,1,t2m_C_mean,climatology,2.1757609844207764
703,winter,1,t2m_C_mean,climatology,2.0881340503692627
704,winter,1,t2m_C_mean,climatology,1.9315009117126465
705,winter,1,t2m_C_mean,climatology,1.9408812522888184
706,winter,1,t2m_C_mean,climatology,2.1570448875427246
707,winter,1,t2m_C_mean,climatology,2.877863645553589
708,winter,1,t2m_C_mean,climatology,2.9616200923919678
709,winter,1,t2m_C_mean,climatology,2.603062629699707
800,winter,1,t2m_C_mean,climatology,2.0892257690429688
801,winter,1,t2m_C_mean,climatology,1.824608325958252
802,winter,1,t2m_C_mean,climatology,1.84706449508667
803,winter,1,t2m_C_mean,climatology,2.615138053894043
804,winter,1,t2m_C_mean,climatology,2.0286266803741455
805,winter,1,t2m_C_mean,climatology,2.264941453933716
806,winter,1,t2m_C_mean,climatology,2.774928569793701
807,winter,1,t2m_C_mean,climatology,3.365208625793457
808,winter,1,t2m_C_mean,climatology,3.319413661956787
809,winter,1,t2m_C_mean,climatology,3.1392672061920166
900,winter,1,t2m_C_mean,climatology,2.8281338214874268
901,winter,1,t2m_C_mean,climatology,2.447234869003296
902,winter,1,t2m_C_mean,climatology,2.9362401962280273
903,winter,1,t2m_C_mean,climatology,2.735126256942749
904,winter,1,t2m_C_mean,climatology,2.269770622253418
905,winter,1,t2m_C_mean,climatology,3.0013391971588135
906,winter,1,t2m_C_mean,climatology,3.247269630432129
907,winter,1,t2m_C_mean,climatology,3.4042279720306396
908,winter,1,t2m_C_mean,climatology,3.1233386993408203
909,winter,1,t2m_C_mean,climatology,2.8993988037109375
1000,winter,1,t2m_C_mean,climatology,3.01151180267334
1001,winter,1,t2m_C_mean,climatology,3.6420297622680664
1002,winter,1,t2m_C_mean,climatology,2.295527219772339
1003,winter,1,t2m_C_mean,climatology,2.092609167098999
1004,winter,1,t2m_C_mean,climatology,2.991166830062866
1005,winter,1,t2m_C_mean,climatology,2.7458696365356445
1006,winter,1,t2m_C_mean,climatology,3.0273334980010986
1007,winter,1,t2m_C_mean,climatology,3.005791664123535
1008,winter,1,t2m_C_mean,climatology,2.6473381519317627
1009,winter,1,t2m_C_mean,climatology,2.4155466556549072
0,pre_monsoon,1,t2m_C_mean,climatology,0.399309366941452
1,pre_monsoon,1,t2m_C_mean,climatology,0.5134986042976379
2,pre_monsoon,1,t2m_C_mean,climatology,0.5490339398384094
3,pre_monsoon,1,t2m_C_mean,climatology,0.5657923221588135
4,pre_monsoon,1,t2m_C_mean,climatology,0.43637707829475403
5,pre_monsoon,1,t2m_C_mean,climatology,0.446340411901474
6,pre_monsoon,1,t2m_C_mean,climatology,0.460379958152771
7,pre_monsoon,1,t2m_C_mean,climatology,0.44793403148651123
8,pre_monsoon,1,t2m_C_mean,climatology,0.44719770550727844
9,pre_monsoon,1,t2m_C_mean,climatology,0.4965117871761322
100,pre_monsoon,1,t2m_C_mean,climatology,0.44832122325897217
101,pre_monsoon,1,t2m_C_mean,climatology,0.46260473132133484
102,pre_monsoon,1,t2m_C_mean,climatology,0.7774782180786133
103,pre_monsoon,1,t2m_C_mean,climatology,1.1588393449783325
104,pre_monsoon,1,t2m_C_mean,climatology,0.48307234048843384
105,pre_monsoon,1,t2m_C_mean,climatology,0.47849220037460327
106,pre_monsoon,1,t2m_C_mean,climatology,0.5639998912811279
107,pre_monsoon,1,t2m_C_mean,climatology,0.5340774059295654
108,pre_monsoon,1,t2m_C_mean,climatology,0.46624866127967834
109,pre_monsoon,1,t2m_C_mean,climatology,0.5830864906311035
200,pre_monsoon,1,t2m_C_mean,climatology,0.4646073877811432
201,pre_monsoon,1,t2m_C_mean,climatology,0.44670140743255615
202,pre_monsoon,1,t2m_C_mean,climatology,0.9748455882072449
203,pre_monsoon,1,t2m_C_mean,climatology,1.3039485216140747
204,pre_monsoon,1,t2m_C_mean,climatology,0.5983535051345825
205,pre_monsoon,1,t2m_C_mean,climatology,0.5949984788894653
206,pre_monsoon,1,t2m_C_mean,climatology,0.6790268421173096
207,pre_monsoon,1,t2m_C_mean,climatology,0.6296958327293396
208,pre_monsoon,1,t2m_C_mean,climatology,0.5484945774078369
209,pre_monsoon,1,t2m_C_mean,climatology,0.6497374773025513
300,pre_monsoon,1,t2m_C_mean,climatology,0.5831796526908875
301,pre_monsoon,1,t2m_C_mean,climatology,0.665851891040802
302,pre_monsoon,1,t2m_C_mean,climatology,1.2358118295669556
303,pre_monsoon,1,t2m_C_mean,climatology,1.0635864734649658
304,pre_monsoon,1,t2m_C_mean,climatology,0.9424661993980408
305,pre_monsoon,1,t2m_C_mean,climatology,0.588304877281189
306,pre_monsoon,1,t2m_C_mean,climatology,0.6022557020187378
307,pre_monsoon,1,t2m_C_mean,climatology,0.6063089966773987
308,pre_monsoon,1,t2m_C_mean,climatology,0.6481339931488037
309,pre_monsoon,1,t2m_C_mean,climatology,1.1495275497436523
400,pre_monsoon,1,t2m_C_mean,climatology,0.728304386138916
401,pre_monsoon,1,t2m_C_mean,climatology,1.1434921026229858
402,pre_monsoon,1,t2m_C_mean,climatology,1.6382232904434204
403,pre_monsoon,1,t2m_C_mean,climatology,1.5084128379821777
404,pre_monsoon,1,t2m_C_mean,climatology,1.4391310214996338
405,pre_monsoon,1,t2m_C_mean,climatology,1.1962151527404785
406,pre_monsoon,1,t2m_C_mean,climatology,0.6892590522766113
407,pre_monsoon,1,t2m_C_mean,climatology,0.6571171283721924
408,pre_monsoon,1,t2m_C_mean,climatology,0.9703389406204224
409,pre_monsoon,1,t2m_C_mean,climatology,1.1915396451950073
500,pre_monsoon,1,t2m_C_mean,climatology,1.3388745784759521
501,pre_monsoon,1,t2m_C_mean,climatology,2.336531162261963
502,pre_monsoon,1,t2m_C_mean,climatology,2.4358413219451904
503,pre_monsoon,1,t2m_C_mean,climatology,2.0835671424865723
504,pre_monsoon,1,t2m_C_mean,climatology,1.8688774108886719
505,pre_monsoon,1,t2m_C_mean,climatology,1.8445286750793457
506,pre_monsoon,1,t2m_C_mean,climatology,1.6422003507614136
507,pre_monsoon,1,t2m_C_mean,climatology,1.3301305770874023
508,pre_monsoon,1,t2m_C_mean,climatology,1.222974419593811
509,pre_monsoon,1,t2m_C_mean,climatology,1.3757140636444092
600,pre_monsoon,1,t2m_C_mean,climatology,1.98995041847229
601,pre_monsoon,1,t2m_C_mean,climatology,2.843825101852417
602,pre_monsoon,1,t2m_C_mean,climatology,2.696167469024658
603,pre_monsoon,1,t2m_C_mean,climatology,2.032294273376465
604,pre_monsoon,1,t2m_C_mean,climatology,1.8737672567367554
605,pre_monsoon,1,t2m_C_mean,climatology,1.8813124895095825
606,pre_monsoon,1,t2m_C_mean,climatology,1.6620914936065674
607,pre_monsoon,1,t2m_C_mean,climatology,1.2607101202011108
608,pre_monsoon,1,t2m_C_mean,climatology,1.0336427688598633
609,pre_monsoon,1,t2m_C_mean,climatology,1.0017123222351074
700,pre_monsoon,1,t2m_C_mean,climatology,2.4926109313964844
701,pre_monsoon,1,t2m_C_mean,climatology,2.409724235534668
702,pre_monsoon,1,t2m_C_mean,climatology,2.410735607147217
703,pre_monsoon,1,t2m_C_mean,climatology,1.7300655841827393
704,pre_monsoon,1,t2m_C_mean,climatology,1.514663815498352
705,pre_monsoon,1,t2m_C_mean,climatology,1.4670352935791016
706,pre_monsoon,1,t2m_C_mean,climatology,1.7431780099868774
707,pre_monsoon,1,t2m_C_mean,climatology,2.1297130584716797
708,pre_monsoon,1,t2m_C_mean,climatology,1.6779553890228271
709,pre_monsoon,1,t2m_C_mean,climatology,1.4630483388900757
800,pre_monsoon,1,t2m_C_mean,climatology,2.663625955581665
801,pre_monsoon,1,t2m_C_mean,climatology,2.1039953231811523
802,pre_monsoon,1,t2m_C_mean,climatology,1.8050017356872559
803,pre_monsoon,1,t2m_C_mean,climatology,1.7444138526916504
804,pre_monsoon,1,t2m_C_mean,climatology,1.3849881887435913
805,pre_monsoon,1,t2m_C_mean,climatology,1.403774380683899
806,pre_monsoon,1,t2m_C_mean,climatology,1.7547329664230347
807,pre_monsoon,1,t2m_C_mean,climatology,1.8496458530426025
808,pre_monsoon,1,t2m_C_mean,climatology,2.2189621925354004
809,pre_monsoon,1,t2m_C_mean,climatology,2.5733885765075684
900,pre_monsoon,1,t2m_C_mean,climatology,3.01778507232666
901,pre_monsoon,1,t2m_C_mean,climatology,2.1008999347686768
902,pre_monsoon,1,t2m_C_mean,climatology,1.7437160015106201
903,pre_monsoon,1,t2m_C_mean,climatology,1.924864411354065
904,pre_monsoon,1,t2m_C_mean,climatology,2.1998276710510254
905,pre_monsoon,1,t2m_C_mean,climatology,1.8582903146743774
906,pre_monsoon,1,t2m_C_mean,climatology,1.7476582527160645
907,pre_monsoon,1,t2m_C_mean,climatology,1.9200148582458496
908,pre_monsoon,1,t2m_C_mean,climatology,2.0327305793762207
909,pre_monsoon,1,t2m_C_mean,climatology,2.220898151397705
1000,pre_monsoon,1,t2m_C_mean,climatology,4.336090564727783
1001,pre_monsoon,1,t2m_C_mean,climatology,2.3393666744232178
1002,pre_monsoon,1,t2m_C_mean,climatology,2.0163707733154297
1003,pre_monsoon,1,t2m_C_mean,climatology,3.1214418411254883
1004,pre_monsoon,1,t2m_C_mean,climatology,3.43831467628479
1005,pre_monsoon,1,t2m_C_mean,climatology,2.4281222820281982
1006,pre_monsoon,1,t2m_C_mean,climatology,1.8760782480239868
1007,pre_monsoon,1,t2m_C_mean,climatology,2.145225763320923
1008,pre_monsoon,1,t2m_C_mean,climatology,1.886857509613037
1009,pre_monsoon,1,t2m_C_mean,climatology,2.2938215732574463
0,monsoon,1,t2m_C_mean,climatology,0.4801235795021057
1,monsoon,1,t2m_C_mean,climatology,0.5140773057937622
2,monsoon,1,t2m_C_mean,climatology,0.5305296182632446
3,monsoon,1,t2m_C_mean,climatology,0.49219152331352234
4,monsoon,1,t2m_C_mean,climatology,0.4155343174934387
5,monsoon,1,t2m_C_mean,climatology,0.26390203833580017
6,monsoon,1,t2m_C_mean,climatology,0.42999643087387085
7,monsoon,1,t2m_C_mean,climatology,0.42046767473220825
8,monsoon,1,t2m_C_mean,climatology,0.42174094915390015
9,monsoon,1,t2m_C_mean,climatology,0.47993412613868713
100,monsoon,1,t2m_C_mean,climatology,0.3747393488883972
101,monsoon,1,t2m_C_mean,climatology,0.5155239701271057
102,monsoon,1,t2m_C_mean,climatology,0.5799639821052551
103,monsoon,1,t2m_C_mean,climatology,0.915663480758667
104,monsoon,1,t2m_C_mean,climatology,0.3833559453487396
105,monsoon,1,t2m_C_mean,climatology,0.3312883973121643
106,monsoon,1,t2m_C_mean,climatology,0.39131391048431396
107,monsoon,1,t2m_C_mean,climatology,0.4098134934902191
108,monsoon,1,t2m_C_mean,climatology,0.37226831912994385
109,monsoon,1,t2m_C_mean,climatology,0.3711802065372467
200,monsoon,1,t2m_C_mean,climatology,0.37855494022369385
201,monsoon,1,t2m_C_mean,climatology,0.3745465576648712
202,monsoon,1,t2m_C_mean,climatology,0.6651306748390198
203,monsoon,1,t2m_C_mean,climatology,1.1567857265472412
204,monsoon,1,t2m_C_mean,climatology,0.7040731906890869
205,monsoon,1,t2m_C_mean,climatology,0.4651152789592743
206,monsoon,1,t2m_C_mean,climatology,0.38846540451049805
207,monsoon,1,t2m_C_mean,climatology,0.40321433544158936
208,monsoon,1,t2m_C_mean,climatology,0.4070175290107727
209,monsoon,1,t2m_C_mean,climatology,0.46654012799263
300,monsoon,1,t2m_C_mean,climatology,0.34197673201560974
301,monsoon,1,t2m_C_mean,climatology,0.36561381816864014
302,monsoon,1,t2m_C_mean,climatology,0.7725514769554138
303,monsoon,1,t2m_C_mean,climatology,1.140259027481079
304,monsoon,1,t2m_C_mean,climatology,1.2524610757827759
305,monsoon,1,t2m_C_mean,climatology,0.6139005422592163
306,monsoon,1,t2m_C_mean,climatology,0.49768146872520447
307,monsoon,1,t2m_C_mean,climatology,0.4307715892791748
308,monsoon,1,t2m_C_mean,climatology,0.43473780155181885
309,monsoon,1,t2m_C_mean,climatology,0.6208570003509521
400,monsoon,1,t2m_C_mean,climatology,0.39244818687438965
401,monsoon,1,t2m_C_mean,climatology,0.6412217617034912
402,monsoon,1,t2m_C_mean,climatology,1.0955712795257568
403,monsoon,1,t2m_C_mean,climatology,1.3441561460494995
404,monsoon,1,t2m_C_mean,climatology,1.2913202047348022
405,monsoon,1,t2m_C_mean,climatology,1.1098151206970215
406,monsoon,1,t2m_C_mean,climatology,0.6885560750961304
407,monsoon,1,t2m_C_mean,climatology,0.49607712030410767
408,monsoon,1,t2m_C_mean,climatology,0.6649925112724304
409,monsoon,1,t2m_C_mean,climatology,0.6450942158699036
500,monsoon,1,t2m_C_mean,climatology,0.8263158798217773
501,monsoon,1,t2m_C_mean,climatology,1.3547176122665405
502,monsoon,1,t2m_C_mean,climatology,1.375508427619934
503,monsoon,1,t2m_C_mean,climatology,1.2765495777130127
504,monsoon,1,t2m_C_mean,climatology,1.0956555604934692
505,monsoon,1,t2m_C_mean,climatology,1.0438934564590454
506,monsoon,1,t2m_C_mean,climatology,1.0451698303222656
507,monsoon,1,t2m_C_mean,climatology,0.9763163328170776
508,monsoon,1,t2m_C_mean,climatology,0.9077038168907166
509,monsoon,1,t2m_C_mean,climatology,0.7681052684783936
600,monsoon,1,t2m_C_mean,climatology,1.4790867567062378
601,monsoon,1,t2m_C_mean,climatology,1.4968104362487793
602,monsoon,1,t2m_C_mean,climatology,1.2764372825622559
603,monsoon,1,t2m_C_mean,climatology,1.1313337087631226
604,monsoon,1,t2m_C_mean,climatology,1.0688445568084717
605,monsoon,1,t2m_C_mean,climatology,1.116134762763977
606,monsoon,1,t2m_C_mean,climatology,0.9688682556152344
607,monsoon,1,t2m_C_mean,climatology,1.0253071784973145
608,monsoon,1,t2m_C_mean,climatology,1.0378944873809814
609,monsoon,1,t2m_C_mean,climatology,1.0392731428146362
700,monsoon,1,t2m_C_mean,climatology,1.972068190574646
701,monsoon,1,t2m_C_mean,climatology,2.41481876373291
702,monsoon,1,t2m_C_mean,climatology,1.6411209106445312
703,monsoon,1,t2m_C_mean,climatology,1.2682349681854248
704,monsoon,1,t2m_C_mean,climatology,1.6340380907058716
705,monsoon,1,t2m_C_mean,climatology,1.8010213375091553
706,monsoon,1,t2m_C_mean,climatology,1.327134370803833
707,monsoon,1,t2m_C_mean,climatology,1.135123610496521
708,monsoon,1,t2m_C_mean,climatology,1.1202393770217896
709,monsoon,1,t2m_C_mean,climatology,1.2092485427856445
800,monsoon,1,t2m_C_mean,climatology,2.157841682434082
801,monsoon,1,t2m_C_mean,climatology,2.6980042457580566
802,monsoon,1,t2m_C_mean,climatology,2.262281656265259
803,monsoon,1,t2m_C_mean,climatology,3.4075000286102295
804,monsoon,1,t2m_C_mean,climatology,2.6774609088897705
805,monsoon,1,t2m_C_mean,climatology,1.96291983127594
806,monsoon,1,t2m_C_mean,climatology,1.5021697282791138
807,monsoon,1,t2m_C_mean,climatology,1.3115442991256714
808,monsoon,1,t2m_C_mean,climatology,1.3820099830627441
809,monsoon,1,t2m_C_mean,climatology,1.4758116006851196
900,monsoon,1,t2m_C_mean,climatology,1.684391736984253
901,monsoon,1,t2m_C_mean,climatology,2.47373628616333
902,monsoon,1,t2m_C_mean,climatology,3.269016742706299
903,monsoon,1,t2m_C_mean,climatology,3.104980945587158
904,monsoon,1,t2m_C_mean,climatology,2.566631317138672
905,monsoon,1,t2m_C_mean,climatology,2.1388814449310303
906,monsoon,1,t2m_C_mean,climatology,1.801912546157837
907,monsoon,1,t2m_C_mean,climatology,1.617496132850647
908,monsoon,1,t2m_C_mean,climatology,1.5972058773040771
909,monsoon,1,t2m_C_mean,climatology,1.8532034158706665
1000,monsoon,1,t2m_C_mean,climatology,1.4678386449813843
1001,monsoon,1,t2m_C_mean,climatology,2.4823415279388428
1002,monsoon,1,t2m_C_mean,climatology,2.7852821350097656
1003,monsoon,1,t2m_C_mean,climatology,2.7585928440093994
1004,monsoon,1,t2m_C_mean,climatology,2.887608528137207
1005,monsoon,1,t2m_C_mean,climatology,2.3907015323638916
1006,monsoon,1,t2m_C_mean,climatology,1.8129645586013794
1007,monsoon,1,t2m_C_mean,climatology,1.747328758239746
1008,monsoon,1,t2m_C_mean,climatology,1.9119277000427246
1009,monsoon,1,t2m_C_mean,climatology,1.8992947340011597
0,post_monsoon,1,t2m_C_mean,climatology,0.3626044988632202
1,post_monsoon,1,t2m_C_mean,climatology,0.4340495467185974
2,post_monsoon,1,t2m_C_mean,climatology,0.6048010587692261
3,post_monsoon,1,t2m_C_mean,climatology,0.8855483531951904
4,post_monsoon,1,t2m_C_mean,climatology,0.9885890483856201
5,post_monsoon,1,t2m_C_mean,climatology,0.7022364139556885
6,post_monsoon,1,t2m_C_mean,climatology,0.5376009345054626
7,post_monsoon,1,t2m_C_mean,climatology,0.4830099642276764
8,post_monsoon,1,t2m_C_mean,climatology,0.523903489112854
9,post_monsoon,1,t2m_C_mean,climatology,0.45889678597450256
100,post_monsoon,1,t2m_C_mean,climatology,0.3261198103427887
101,post_monsoon,1,t2m_C_mean,climatology,0.40060335397720337
102,post_monsoon,1,t2m_C_mean,climatology,0.600778341293335
103,post_monsoon,1,t2m_C_mean,climatology,1.1450529098510742
104,post_monsoon,1,t2m_C_mean,climatology,0.8634650707244873
105,post_monsoon,1,t2m_C_mean,climatology,0.5928710103034973
106,post_monsoon,1,t2m_C_mean,climatology,0.5188401341438293
107,post_monsoon,1,t2m_C_mean,climatology,0.4695514142513275
108,post_monsoon,1,t2m_C_mean,climatology,0.4355584383010864
109,post_monsoon,1,t2m_C_mean,climatology,0.3499952554702759
200,post_monsoon,1,t2m_C_mean,climatology,0.3907146155834198
201,post_monsoon,1,t2m_C_mean,climatology,0.45730555057525635
202,post_monsoon,1,t2m_C_mean,climatology,0.9494194388389587
203,post_monsoon,1,t2m_C_mean,climatology,1.1957379579544067
204,post_monsoon,1,t2m_C_mean,climatology,0.8306979537010193
205,post_monsoon,1,t2m_C_mean,climatology,0.5945952534675598
206,post_monsoon,1,t2m_C_mean,climatology,0.5393986701965332
207,post_monsoon,1,t2m_C_mean,climatology,0.5227367877960205
208,post_monsoon,1,t2m_C_mean,climatology,0.5054422616958618
209,post_monsoon,1,t2m_C_mean,climatology,0.5837998390197754
300,post_monsoon,1,t2m_C_mean,climatology,0.702205240726471
301,post_monsoon,1,t2m_C_mean,climatology,0.9264791011810303
302,post_monsoon,1,t2m_C_mean,climatology,1.46323823928833
303,post_monsoon,1,t2m_C_mean,climatology,1.7054842710494995
304,post_monsoon,1,t2m_C_mean,climatology,1.4985668659210205
305,post_monsoon,1,t2m_C_mean,climatology,1.0233914852142334
306,post_monsoon,1,t2m_C_mean,climatology,0.8547173142433167
307,post_monsoon,1,t2m_C_mean,climatology,0.7646492123603821
308,post_monsoon,1,t2m_C_mean,climatology,0.7694061994552612
309,post_monsoon,1,t2m_C_mean,climatology,1.119856595993042
400,post_monsoon,1,t2m_C_mean,climatology,1.1126073598861694
401,post_monsoon,1,t2m_C_mean,climatology,1.57905912399292
402,post_monsoon,1,t2m_C_mean,climatology,2.2563772201538086
403,post_monsoon,1,t2m_C_mean,climatology,2.3208978176116943
404,post_monsoon,1,t2m_C_mean,climatology,2.3747854232788086
405,post_monsoon,1,t2m_C_mean,climatology,2.133124589920044
406,post_monsoon,1,t2m_C_mean,climatology,1.5917803049087524
407,post_monsoon,1,t2m_C_mean,climatology,1.3070789575576782
408,post_monsoon,1,t2m_C_mean,climatology,1.3676772117614746
409,post_monsoon,1,t2m_C_mean,climatology,1.3651080131530762
500,post_monsoon,1,t2m_C_mean,climatology,2.0175492763519287
501,post_monsoon,1,t2m_C_mean,climatology,2.393458366394043
502,post_monsoon,1,t2m_C_mean,climatology,2.4263885021209717
503,post_monsoon,1,t2m_C_mean,climatology,2.4569408893585205
504,post_monsoon,1,t2m_C_mean,climatology,2.6909751892089844
505,post_monsoon,1,t2m_C_mean,climatology,2.840839385986328
506,post_monsoon,1,t2m_C_mean,climatology,2.636894941329956
507,post_monsoon,1,t2m_C_mean,climatology,2.5031321048736572
508,post_monsoon,1,t2m_C_mean,climatology,2.007375717163086
509,post_monsoon,1,t2m_C_mean,climatology,1.8785752058029175
600,post_monsoon,1,t2m_C_mean,climatology,2.5262787342071533
601,post_monsoon,1,t2m_C_mean,climatology,2.2186801433563232
602,post_monsoon,1,t2m_C_mean,climatology,2.3646609783172607
603,post_monsoon,1,t2m_C_mean,climatology,2.6298646926879883
604,post_monsoon,1,t2m_C_mean,climatology,2.77862548828125
605,post_monsoon,1,t2m_C_mean,climatology,2.6814374923706055
606,post_monsoon,1,t2m_C_mean,climatology,2.2948901653289795
607,post_monsoon,1,t2m_C_mean,climatology,1.9786219596862793
608,post_monsoon,1,t2m_C_mean,climatology,1.8351789712905884
609,post_monsoon,1,t2m_C_mean,climatology,1.9114229679107666
700,post_monsoon,1,t2m_C_mean,climatology,2.461454391479492
701,post_monsoon,1,t2m_C_mean,climatology,2.696049690246582
702,post_monsoon,1,t2m_C_mean,climatology,2.651186943054199
703,post_monsoon,1,t2m_C_mean,climatology,2.274217367172241
704,post_monsoon,1,t2m_C_mean,climatology,2.0756943225860596
705,post_monsoon,1,t2m_C_mean,climatology,3.3635127544403076
706,post_monsoon,1,t2m_C_mean,climatology,3.395948886871338
707,post_monsoon,1,t2m_C_mean,climatology,2.6718931198120117
708,post_monsoon,1,t2m_C_mean,climatology,2.496849298477173
709,post_monsoon,1,t2m_C_mean,climatology,2.3349802494049072
800,post_monsoon,1,t2m_C_mean,climatology,2.1734910011291504
801,post_monsoon,1,t2m_C_mean,climatology,2.8368451595306396
802,post_monsoon,1,t2m_C_mean,climatology,2.3803858757019043
803,post_monsoon,1,t2m_C_mean,climatology,2.2954561710357666
804,post_monsoon,1,t2m_C_mean,climatology,1.7243174314498901
805,post_monsoon,1,t2m_C_mean,climatology,2.1446449756622314
806,post_monsoon,1,t2m_C_mean,climatology,2.9667210578918457
807,post_monsoon,1,t2m_C_mean,climatology,2.856682062149048
808,post_monsoon,1,t2m_C_mean,climatology,3.16558837890625
809,post_monsoon,1,t2m_C_mean,climatology,3.548798084259033
900,post_monsoon,1,t2m_C_mean,climatology,2.3464956283569336
901,post_monsoon,1,t2m_C_mean,climatology,2.243337631225586
902,post_monsoon,1,t2m_C_mean,climatology,2.444037437438965
903,post_monsoon,1,t2m_C_mean,climatology,2.1177971363067627
904,post_monsoon,1,t2m_C_mean,climatology,2.2231380939483643
905,post_monsoon,1,t2m_C_mean,climatology,2.1418330669403076
906,post_monsoon,1,t2m_C_mean,climatology,2.3207688331604004
907,post_monsoon,1,t2m_C_mean,climatology,2.4426145553588867
908,post_monsoon,1,t2m_C_mean,climatology,2.2711782455444336
909,post_monsoon,1,t2m_C_mean,climatology,2.534881591796875
1000,post_monsoon,1,t2m_C_mean,climatology,3.1496827602386475
1001,post_monsoon,1,t2m_C_mean,climatology,2.624190092086792
1002,post_monsoon,1,t2m_C_mean,climatology,1.9226598739624023
1003,post_monsoon,1,t2m_C_mean,climatology,2.2232203483581543
1004,post_monsoon,1,t2m_C_mean,climatology,2.8793818950653076
1005,post_monsoon,1,t2m_C_mean,climatology,2.1413261890411377
1006,post_monsoon,1,t2m_C_mean,climatology,2.091132402420044
1007,post_monsoon,1,t2m_C_mean,climatology,2.1385741233825684
1008,post_monsoon,1,t2m_C_mean,climatology,2.4008100032806396
1009,post_monsoon,1,t2m_C_mean,climatology,2.5756802558898926
0,winter,1,t2m_C_mean,persistence,0.38020312786102295
1,winter,1,t2m_C_mean,persistence,0.266122967004776
2,winter,1,t2m_C_mean,persistence,0.281509667634964
3,winter,1,t2m_C_mean,persistence,0.28096020221710205
4,winter,1,t2m_C_mean,persistence,0.40705376863479614
5,winter,1,t2m_C_mean,persistence,0.36851656436920166
6,winter,1,t2m_C_mean,persistence,0.3934338092803955
7,winter,1,t2m_C_mean,persistence,0.42937254905700684
8,winter,1,t2m_C_mean,persistence,0.4089788794517517
9,winter,1,t2m_C_mean,persistence,0.2895331084728241
100,winter,1,t2m_C_mean,persistence,0.2341940701007843
101,winter,1,t2m_C_mean,persistence,0.2027093917131424
102,winter,1,t2m_C_mean,persistence,0.3085530400276184
103,winter,1,t2m_C_mean,persistence,0.43813490867614746
104,winter,1,t2m_C_mean,persistence,0.32343876361846924
105,winter,1,t2m_C_mean,persistence,0.3451193571090698
106,winter,1,t2m_C_mean,persistence,0.38748639822006226
107,winter,1,t2m_C_mean,persistence,0.38643184304237366
108,winter,1,t2m_C_mean,persistence,0.30290621519088745
109,winter,1,t2m_C_mean,persistence,0.25063809752464294
200,winter,1,t2m_C_mean,persistence,0.21272844076156616
201,winter,1,t2m_C_mean,persistence,0.23891764879226685
202,winter,1,t2m_C_mean,persistence,0.4764494299888611
203,winter,1,t2m_C_mean,persistence,0.5505169034004211
204,winter,1,t2m_C_mean,persistence,0.31507888436317444
205,winter,1,t2m_C_mean,persistence,0.31921008229255676
206,winter,1,t2m_C_mean,persistence,0.37162113189697266
207,winter,1,t2m_C_mean,persistence,0.31832003593444824
208,winter,1,t2m_C_mean,persistence,0.31685125827789307
209,winter,1,t2m_C_mean,persistence,0.3492911756038666
300,winter,1,t2m_C_mean,persistence,0.3774103820323944
301,winter,1,t2m_C_mean,persistence,0.3870292007923126
302,winter,1,t2m_C_mean,persistence,0.5251681208610535
303,winter,1,t2m_C_mean,persistence,0.5870043039321899
304,winter,1,t2m_C_mean,persistence,0.4836942255496979
305,winter,1,t2m_C_mean,persistence,0.3191072344779968
306,winter,1,t2m_C_mean,persistence,0.3393220007419586
307,winter,1,t2m_C_mean,persistence,0.38227176666259766
308,winter,1,t2m_C_mean,persistence,0.4264734983444214
309,winter,1,t2m_C_mean,persistence,0.5367993712425232
400,winter,1,t2m_C_mean,persistence,0.5155818462371826
401,winter,1,t2m_C_mean,persistence,0.5584540367126465
402,winter,1,t2m_C_mean,persistence,0.8564115762710571
403,winter,1,t2m_C_mean,persistence,0.8607663512229919
404,winter,1,t2m_C_mean,persistence,0.8305108547210693
405,winter,1,t2m_C_mean,persistence,0.7700839042663574
406,winter,1,t2m_C_mean,persistence,0.5406678318977356
407,winter,1,t2m_C_mean,persistence,0.432440847158432
408,winter,1,t2m_C_mean,persistence,0.571120023727417
409,winter,1,t2m_C_mean,persistence,0.5725887417793274
500,winter,1,t2m_C_mean,persistence,0.6446568965911865
501,winter,1,t2m_C_mean,persistence,0.9580181837081909
502,winter,1,t2m_C_mean,persistence,1.2261971235275269
503,winter,1,t2m_C_mean,persistence,1.272974967956543
504,winter,1,t2m_C_mean,persistence,1.2334482669830322
505,winter,1,t2m_C_mean,persistence,1.0898513793945312
506,winter,1,t2m_C_mean,persistence,1.0510865449905396
507,winter,1,t2m_C_mean,persistence,0.9992893934249878
508,winter,1,t2m_C_mean,persistence,0.7424045205116272
509,winter,1,t2m_C_mean,persistence,0.5821194052696228
600,winter,1,t2m_C_mean,persistence,0.8061049580574036
601,winter,1,t2m_C_mean,persistence,1.1459354162216187
602,winter,1,t2m_C_mean,persistence,1.2748311758041382
603,winter,1,t2m_C_mean,persistence,0.9938745498657227
604,winter,1,t2m_C_mean,persistence,0.9592196941375732
605,winter,1,t2m_C_mean,persistence,1.0760828256607056
606,winter,1,t2m_C_mean,persistence,0.897139310836792
607,winter,1,t2m_C_mean,persistence,0.7601984739303589
608,winter,1,t2m_C_mean,persistence,0.640702486038208
609,winter,1,t2m_C_mean,persistence,0.7163241505622864
700,winter,1,t2m_C_mean,persistence,0.9381555914878845
701,winter,1,t2m_C_mean,persistence,0.9534896016120911
702,winter,1,t2m_C_mean,persistence,0.9290004372596741
703,winter,1,t2m_C_mean,persistence,0.9314100742340088
704,winter,1,t2m_C_mean,persistence,1.304632306098938
705,winter,1,t2m_C_mean,persistence,1.261040210723877
706,winter,1,t2m_C_mean,persistence,1.3373528718948364
707,winter,1,t2m_C_mean,persistence,1.405967116355896
708,winter,1,t2m_C_mean,persistence,1.3519121408462524
709,winter,1,t2m_C_mean,persistence,1.2802278995513916
800,winter,1,t2m_C_mean,persistence,1.2857413291931152
801,winter,1,t2m_C_mean,persistence,0.8185282945632935
802,winter,1,t2m_C_mean,persistence,1.1334091424942017
803,winter,1,t2m_C_mean,persistence,2.1764369010925293
804,winter,1,t2m_C_mean,persistence,1.39201021194458
805,winter,1,t2m_C_mean,persistence,1.336429238319397
806,winter,1,t2m_C_mean,persistence,1.5770069360733032
807,winter,1,t2m_C_mean,persistence,1.8094781637191772
808,winter,1,t2m_C_mean,persistence,2.037611961364746
809,winter,1,t2m_C_mean,persistence,1.9926789999008179
900,winter,1,t2m_C_mean,persistence,1.804704189300537
901,winter,1,t2m_C_mean,persistence,1.3529267311096191
902,winter,1,t2m_C_mean,persistence,1.8246283531188965
903,winter,1,t2m_C_mean,persistence,2.094588041305542
904,winter,1,t2m_C_mean,persistence,1.6960015296936035
905,winter,1,t2m_C_mean,persistence,2.0522027015686035
906,winter,1,t2m_C_mean,persistence,2.1553542613983154
907,winter,1,t2m_C_mean,persistence,2.1192805767059326
908,winter,1,t2m_C_mean,persistence,1.8499581813812256
909,winter,1,t2m_C_mean,persistence,1.7877366542816162
1000,winter,1,t2m_C_mean,persistence,1.621163249015808
1001,winter,1,t2m_C_mean,persistence,1.8920572996139526
1002,winter,1,t2m_C_mean,persistence,1.5878182649612427
1003,winter,1,t2m_C_mean,persistence,1.5439435243606567
1004,winter,1,t2m_C_mean,persistence,1.2774707078933716
1005,winter,1,t2m_C_mean,persistence,2.087989568710327
1006,winter,1,t2m_C_mean,persistence,2.10073184967041
1007,winter,1,t2m_C_mean,persistence,1.964189052581787
1008,winter,1,t2m_C_mean,persistence,1.2758827209472656
1009,winter,1,t2m_C_mean,persistence,1.3686082363128662
0,pre_monsoon,1,t2m_C_mean,persistence,0.3678981065750122
1,pre_monsoon,1,t2m_C_mean,persistence,0.45285797119140625
2,pre_monsoon,1,t2m_C_mean,persistence,0.4887104034423828
3,pre_monsoon,1,t2m_C_mean,persistence,0.4501762390136719
4,pre_monsoon,1,t2m_C_mean,persistence,0.42160218954086304
5,pre_monsoon,1,t2m_C_mean,persistence,0.41344407200813293
6,pre_monsoon,1,t2m_C_mean,persistence,0.4155961275100708
7,pre_monsoon,1,t2m_C_mean,persistence,0.41512468457221985
8,pre_monsoon,1,t2m_C_mean,persistence,0.42408525943756104
9,pre_monsoon,1,t2m_C_mean,persistence,0.40944522619247437
100,pre_monsoon,1,t2m_C_mean,persistence,0.278023362159729
101,pre_monsoon,1,t2m_C_mean,persistence,0.330251008272171
102,pre_monsoon,1,t2m_C_mean,persistence,0.509615421295166
103,pre_monsoon,1,t2m_C_mean,persistence,0.6191313862800598
104,pre_monsoon,1,t2m_C_mean,persistence,0.33791229128837585
105,pre_monsoon,1,t2m_C_mean,persistence,0.33050575852394104
106,pre_monsoon,1,t2m_C_mean,persistence,0.37853753566741943
107,pre_monsoon,1,t2m_C_mean,persistence,0.37481987476348877
108,pre_monsoon,1,t2m_C_mean,persistence,0.40282896161079407
109,pre_monsoon,1,t2m_C_mean,persistence,0.44076037406921387
200,pre_monsoon,1,t2m_C_mean,persistence,0.23572206497192383
201,pre_monsoon,1,t2m_C_mean,persistence,0.2695960998535156
202,pre_monsoon,1,t2m_C_mean,persistence,0.5955488681793213
203,pre_monsoon,1,t2m_C_mean,persistence,0.7240538001060486
204,pre_monsoon,1,t2m_C_mean,persistence,0.29851603507995605
205,pre_monsoon,1,t2m_C_mean,persistence,0.29692351818084717
206,pre_monsoon,1,t2m_C_mean,persistence,0.3270195722579956
207,pre_monsoon,1,t2m_C_mean,persistence,0.3480425775051117
208,pre_monsoon,1,t2m_C_mean,persistence,0.3641895055770874
209,pre_monsoon,1,t2m_C_mean,persistence,0.39069992303848267
300,pre_monsoon,1,t2m_C_mean,persistence,0.2598801851272583
301,pre_monsoon,1,t2m_C_mean,persistence,0.35423916578292847
302,pre_monsoon,1,t2m_C_mean,persistence,0.6446351408958435
303,pre_monsoon,1,t2m_C_mean,persistence,0.7241095900535583
304,pre_monsoon,1,t2m_C_mean,persistence,0.6541974544525146
305,pre_monsoon,1,t2m_C_mean,persistence,0.3723103702068329
306,pre_monsoon,1,t2m_C_mean,persistence,0.3415125906467438
307,pre_monsoon,1,t2m_C_mean,persistence,0.38210147619247437
308,pre_monsoon,1,t2m_C_mean,persistence,0.4203438460826874
309,pre_monsoon,1,t2m_C_mean,persistence,0.6162002682685852
400,pre_monsoon,1,t2m_C_mean,persistence,0.34913018345832825
401,pre_monsoon,1,t2m_C_mean,persistence,0.6242315769195557
402,pre_monsoon,1,t2m_C_mean,persistence,0.820317268371582
403,pre_monsoon,1,t2m_C_mean,persistence,0.8315972089767456
404,pre_monsoon,1,t2m_C_mean,persistence,0.9007840752601624
405,pre_monsoon,1,t2m_C_mean,persistence,0.7959325313568115
406,pre_monsoon,1,t2m_C_mean,persistence,0.44178715348243713
407,pre_monsoon,1,t2m_C_mean,persistence,0.3655747175216675
408,pre_monsoon,1,t2m_C_mean,persistence,0.6322370767593384
409,pre_monsoon,1,t2m_C_mean,persistence,0.7767996191978455
500,pre_monsoon,1,t2m_C_mean,persistence,0.6858925819396973
501,pre_monsoon,1,t2m_C_mean,persistence,1.0027153491973877
502,pre_monsoon,1,t2m_C_mean,persistence,1.067657232284546
503,pre_monsoon,1,t2m_C_mean,persistence,0.9593570232391357
504,pre_monsoon,1,t2m_C_mean,persistence,1.0722589492797852
505,pre_monsoon,1,t2m_C_mean,persistence,1.2273825407028198
506,pre_monsoon,1,t2m_C_mean,persistence,1.1567292213439941
507,pre_monsoon,1,t2m_C_mean,persistence,0.9239144921302795
508,pre_monsoon,1,t2m_C_mean,persistence,0.7870290279388428
509,pre_monsoon,1,t2m_C_mean,persistence,0.857742965221405
600,pre_monsoon,1,t2m_C_mean,persistence,1.1307188272476196
601,pre_monsoon,1,t2m_C_mean,persistence,1.1422185897827148
602,pre_monsoon,1,t2m_C_mean,persistence,1.1909421682357788
603,pre_monsoon,1,t2m_C_mean,persistence,1.1072134971618652
604,pre_monsoon,1,t2m_C_mean,persistence,1.316662311553955
605,pre_monsoon,1,t2m_C_mean,persistence,1.404242992401123
606,pre_monsoon,1,t2m_C_mean,persistence,1.2541770935058594
607,pre_monsoon,1,t2m_C_mean,persistence,1.0510162115097046
608,pre_monsoon,1,t2m_C_mean,persistence,0.9644510746002197
609,pre_monsoon,1,t2m_C_mean,persistence,0.8676108717918396
700,pre_monsoon,1,t2m_C_mean,persistence,1.1813124418258667
701,pre_monsoon,1,t2m_C_mean,persistence,1.3011935949325562
702,pre_monsoon,1,t2m_C_mean,persistence,1.1915686130523682
703,pre_monsoon,1,t2m_C_mean,persistence,1.1424418687820435
704,pre_monsoon,1,t2m_C_mean,persistence,1.2640337944030762
705,pre_monsoon,1,t2m_C_mean,persistence,1.2329431772232056
706,pre_monsoon,1,t2m_C_mean,persistence,1.3118706941604614
707,pre_monsoon,1,t2m_C_mean,persistence,1.4321092367172241
708,pre_monsoon,1,t2m_C_mean,persistence,1.4213387966156006
709,pre_monsoon,1,t2m_C_mean,persistence,1.2476005554199219
800,pre_monsoon,1,t2m_C_mean,persistence,1.2429900169372559
801,pre_monsoon,1,t2m_C_mean,persistence,1.287386178970337
802,pre_monsoon,1,t2m_C_mean,persistence,1.1976962089538574
803,pre_monsoon,1,t2m_C_mean,persistence,1.737198829650879
804,pre_monsoon,1,t2m_C_mean,persistence,1.312779188156128
805,pre_monsoon,1,t2m_C_mean,persistence,1.372309684753418
806,pre_monsoon,1,t2m_C_mean,persistence,1.6477415561676025
807,pre_monsoon,1,t2m_C_mean,persistence,1.8299397230148315
808,pre_monsoon,1,t2m_C_mean,persistence,1.9416923522949219
809,pre_monsoon,1,t2m_C_mean,persistence,2.0420267581939697
900,pre_monsoon,1,t2m_C_mean,persistence,1.658108115196228
901,pre_monsoon,1,t2m_C_mean,persistence,1.335491418838501
902,pre_monsoon,1,t2m_C_mean,persistence,1.5546983480453491
903,pre_monsoon,1,t2m_C_mean,persistence,1.825244426727295
904,pre_monsoon,1,t2m_C_mean,persistence,1.7516205310821533
905,pre_monsoon,1,t2m_C_mean,persistence,1.8955105543136597
906,pre_monsoon,1,t2m_C_mean,persistence,2.0583622455596924
907,pre_monsoon,1,t2m_C_mean,persistence,2.168766975402832
908,pre_monsoon,1,t2m_C_mean,persistence,2.1210713386535645
909,pre_monsoon,1,t2m_C_mean,persistence,2.2835237979888916
1000,pre_monsoon,1,t2m_C_mean,persistence,2.223273515701294
1001,pre_monsoon,1,t2m_C_mean,persistence,1.547625184059143
1002,pre_monsoon,1,t2m_C_mean,persistence,1.4680181741714478
1003,pre_monsoon,1,t2m_C_mean,persistence,1.796488881111145
1004,pre_monsoon,1,t2m_C_mean,persistence,2.104706048965454
1005,pre_monsoon,1,t2m_C_mean,persistence,2.0280182361602783
1006,pre_monsoon,1,t2m_C_mean,persistence,1.8536990880966187
1007,pre_monsoon,1,t2m_C_mean,persistence,2.1239705085754395
1008,pre_monsoon,1,t2m_C_mean,persistence,1.9002412557601929
1009,pre_monsoon,1,t2m_C_mean,persistence,2.18534255027771
0,monsoon,1,t2m_C_mean,persistence,0.3198529779911041
1,monsoon,1,t2m_C_mean,persistence,0.3472100496292114
2,monsoon,1,t2m_C_mean,persistence,0.3655765652656555
3,monsoon,1,t2m_C_mean,persistence,0.2623462677001953
4,monsoon,1,t2m_C_mean,persistence,0.2726808190345764
5,monsoon,1,t2m_C_mean,persistence,0.19368714094161987
6,monsoon,1,t2m_C_mean,persistence,0.32917502522468567
7,monsoon,1,t2m_C_mean,persistence,0.4091687500476837
8,monsoon,1,t2m_C_mean,persistence,0.4663501977920532
9,monsoon,1,t2m_C_mean,persistence,0.4805681109428406
100,monsoon,1,t2m_C_mean,persistence,0.2538961172103882
101,monsoon,1,t2m_C_mean,persistence,0.3666648864746094
102,monsoon,1,t2m_C_mean,persistence,0.4001205861568451
103,monsoon,1,t2m_C_mean,persistence,0.5896960496902466
104,monsoon,1,t2m_C_mean,persistence,0.21189677715301514
105,monsoon,1,t2m_C_mean,persistence,0.22841493785381317
106,monsoon,1,t2m_C_mean,persistence,0.2985236644744873
107,monsoon,1,t2m_C_mean,persistence,0.3841681182384491
108,monsoon,1,t2m_C_mean,persistence,0.41924843192100525
109,monsoon,1,t2m_C_mean,persistence,0.37644508481025696
200,monsoon,1,t2m_C_mean,persistence,0.23151370882987976
201,monsoon,1,t2m_C_mean,persistence,0.3024282157421112
202,monsoon,1,t2m_C_mean,persistence,0.49828973412513733
203,monsoon,1,t2m_C_mean,persistence,0.6856639385223389
204,monsoon,1,t2m_C_mean,persistence,0.37788140773773193
205,monsoon,1,t2m_C_mean,persistence,0.32271191477775574
206,monsoon,1,t2m_C_mean,persistence,0.3302365243434906
207,monsoon,1,t2m_C_mean,persistence,0.34263309836387634
208,monsoon,1,t2m_C_mean,persistence,0.35527485609054565
209,monsoon,1,t2m_C_mean,persistence,0.3386218845844269
300,monsoon,1,t2m_C_mean,persistence,0.1630386859178543
301,monsoon,1,t2m_C_mean,persistence,0.2941192388534546
302,monsoon,1,t2m_C_mean,persistence,0.6031243205070496
303,monsoon,1,t2m_C_mean,persistence,0.7067766785621643
304,monsoon,1,t2m_C_mean,persistence,0.6806861162185669
305,monsoon,1,t2m_C_mean,persistence,0.397056519985199
306,monsoon,1,t2m_C_mean,persistence,0.31901878118515015
307,monsoon,1,t2m_C_mean,persistence,0.3473578691482544
308,monsoon,1,t2m_C_mean,persistence,0.33511534333229065
309,monsoon,1,t2m_C_mean,persistence,0.47456303238868713
400,monsoon,1,t2m_C_mean,persistence,0.1818271279335022
401,monsoon,1,t2m_C_mean,persistence,0.3876282870769501
402,monsoon,1,t2m_C_mean,persistence,0.7489444017410278
403,monsoon,1,t2m_C_mean,persistence,0.82010418176651
404,monsoon,1,t2m_C_mean,persistence,0.796858549118042
405,monsoon,1,t2m_C_mean,persistence,0.7008175253868103
406,monsoon,1,t2m_C_mean,persistence,0.4411006271839142
407,monsoon,1,t2m_C_mean,persistence,0.34959307312965393
408,monsoon,1,t2m_C_mean,persistence,0.5308660268783569
409,monsoon,1,t2m_C_mean,persistence,0.5768539309501648
500,monsoon,1,t2m_C_mean,persistence,0.4823351502418518
501,monsoon,1,t2m_C_mean,persistence,0.6784632205963135
502,monsoon,1,t2m_C_mean,persistence,0.7005391120910645
503,monsoon,1,t2m_C_mean,persistence,0.76350337266922
504,monsoon,1,t2m_C_mean,persistence,0.82962965965271
505,monsoon,1,t2m_C_mean,persistence,0.8397270441055298
506,monsoon,1,t2m_C_mean,persistence,0.7964189648628235
507,monsoon,1,t2m_C_mean,persistence,0.6389754414558411
508,monsoon,1,t2m_C_mean,persistence,0.6771502494812012
509,monsoon,1,t2m_C_mean,persistence,0.7350907921791077
600,monsoon,1,t2m_C_mean,persistence,0.8019858002662659
601,monsoon,1,t2m_C_mean,persistence,0.8881576657295227
602,monsoon,1,t2m_C_mean,persistence,0.8905646204948425
603,monsoon,1,t2m_C_mean,persistence,0.9183099269866943
604,monsoon,1,t2m_C_mean,persistence,0.965815007686615
605,monsoon,1,t2m_C_mean,persistence,0.920680046081543
606,monsoon,1,t2m_C_mean,persistence,0.7779380679130554
607,monsoon,1,t2m_C_mean,persistence,0.6739630103111267
608,monsoon,1,t2m_C_mean,persistence,0.7259043455123901
609,monsoon,1,t2m_C_mean,persistence,0.7455226182937622
700,monsoon,1,t2m_C_mean,persistence,0.8676051497459412
701,monsoon,1,t2m_C_mean,persistence,1.0776325464248657
702,monsoon,1,t2m_C_mean,persistence,1.0835309028625488
703,monsoon,1,t2m_C_mean,persistence,0.9875958561897278
704,monsoon,1,t2m_C_mean,persistence,0.8187916874885559
705,monsoon,1,t2m_C_mean,persistence,0.7353208065032959
706,monsoon,1,t2m_C_mean,persistence,0.7580502033233643
707,monsoon,1,t2m_C_mean,persistence,0.7712839841842651
708,monsoon,1,t2m_C_mean,persistence,0.8219921588897705
709,monsoon,1,t2m_C_mean,persistence,0.8637527227401733
800,monsoon,1,t2m_C_mean,persistence,0.8667614459991455
801,monsoon,1,t2m_C_mean,persistence,1.2874717712402344
802,monsoon,1,t2m_C_mean,persistence,1.1017438173294067
803,monsoon,1,t2m_C_mean,persistence,1.013960599899292
804,monsoon,1,t2m_C_mean,persistence,0.8890191316604614
805,monsoon,1,t2m_C_mean,persistence,0.9493342638015747
806,monsoon,1,t2m_C_mean,persistence,0.9515940546989441
807,monsoon,1,t2m_C_mean,persistence,0.9052272439002991
808,monsoon,1,t2m_C_mean,persistence,0.9827841520309448
809,monsoon,1,t2m_C_mean,persistence,1.036790370941162
900,monsoon,1,t2m_C_mean,persistence,0.8229756951332092
901,monsoon,1,t2m_C_mean,persistence,1.0821460485458374
902,monsoon,1,t2m_C_mean,persistence,1.2196325063705444
903,monsoon,1,t2m_C_mean,persistence,1.0060245990753174
904,monsoon,1,t2m_C_mean,persistence,1.0623787641525269
905,monsoon,1,t2m_C_mean,persistence,1.1041990518569946
906,monsoon,1,t2m_C_mean,persistence,1.0798684358596802
907,monsoon,1,t2m_C_mean,persistence,1.05885648727417
908,monsoon,1,t2m_C_mean,persistence,1.2814775705337524
909,monsoon,1,t2m_C_mean,persistence,1.4218846559524536
1000,monsoon,1,t2m_C_mean,persistence,0.6543248891830444
1001,monsoon,1,t2m_C_mean,persistence,1.087207317352295
1002,monsoon,1,t2m_C_mean,persistence,0.937178373336792
1003,monsoon,1,t2m_C_mean,persistence,1.0882043838500977
1004,monsoon,1,t2m_C_mean,persistence,1.2118476629257202
1005,monsoon,1,t2m_C_mean,persistence,1.1109917163848877
1006,monsoon,1,t2m_C_mean,persistence,1.0129972696304321
1007,monsoon,1,t2m_C_mean,persistence,1.1689027547836304
1008,monsoon,1,t2m_C_mean,persistence,1.4711474180221558
1009,monsoon,1,t2m_C_mean,persistence,1.6289849281311035
0,post_monsoon,1,t2m_C_mean,persistence,0.45534706115722656
1,post_monsoon,1,t2m_C_mean,persistence,0.4812995195388794
2,post_monsoon,1,t2m_C_mean,persistence,0.4629654884338379
3,post_monsoon,1,t2m_C_mean,persistence,0.46109384298324585
4,post_monsoon,1,t2m_C_mean,persistence,0.3969847857952118
5,post_monsoon,1,t2m_C_mean,persistence,0.40068599581718445
6,post_monsoon,1,t2m_C_mean,persistence,0.47781991958618164
7,post_monsoon,1,t2m_C_mean,persistence,0.5004110336303711
8,post_monsoon,1,t2m_C_mean,persistence,0.4623161554336548
9,post_monsoon,1,t2m_C_mean,persistence,0.4961073696613312
100,post_monsoon,1,t2m_C_mean,persistence,0.37225043773651123
101,post_monsoon,1,t2m_C_mean,persistence,0.43393054604530334
102,post_monsoon,1,t2m_C_mean,persistence,0.5151711106300354
103,post_monsoon,1,t2m_C_mean,persistence,0.6706297993659973
104,post_monsoon,1,t2m_C_mean,persistence,0.3478281497955322
105,post_monsoon,1,t2m_C_mean,persistence,0.4302680790424347
106,post_monsoon,1,t2m_C_mean,persistence,0.43507295846939087
107,post_monsoon,1,t2m_C_mean,persistence,0.46686410903930664
108,post_monsoon,1,t2m_C_mean,persistence,0.4453147351741791
109,post_monsoon,1,t2m_C_mean,persistence,0.35864198207855225
200,post_monsoon,1,t2m_C_mean,persistence,0.31063225865364075
201,post_monsoon,1,t2m_C_mean,persistence,0.3330506980419159
202,post_monsoon,1,t2m_C_mean,persistence,0.5248216986656189
203,post_monsoon,1,t2m_C_mean,persistence,0.6563416123390198
204,post_monsoon,1,t2m_C_mean,persistence,0.3798282742500305
205,post_monsoon,1,t2m_C_mean,persistence,0.4016411304473877
206,post_monsoon,1,t2m_C_mean,persistence,0.4501676559448242
207,post_monsoon,1,t2m_C_mean,persistence,0.4112548232078552
208,post_monsoon,1,t2m_C_mean,persistence,0.4175812602043152
209,post_monsoon,1,t2m_C_mean,persistence,0.34675535559654236
300,post_monsoon,1,t2m_C_mean,persistence,0.29018455743789673
301,post_monsoon,1,t2m_C_mean,persistence,0.3271769881248474
302,post_monsoon,1,t2m_C_mean,persistence,0.5560187697410583
303,post_monsoon,1,t2m_C_mean,persistence,0.6487714648246765
304,post_monsoon,1,t2m_C_mean,persistence,0.6982529163360596
305,post_monsoon,1,t2m_C_mean,persistence,0.39746996760368347
306,post_monsoon,1,t2m_C_mean,persistence,0.3624582588672638
307,post_monsoon,1,t2m_C_mean,persistence,0.4276241064071655
308,post_monsoon,1,t2m_C_mean,persistence,0.4281021058559418
309,post_monsoon,1,t2m_C_mean,persistence,0.49457859992980957
400,post_monsoon,1,t2m_C_mean,persistence,0.3253355324268341
401,post_monsoon,1,t2m_C_mean,persistence,0.4497555196285248
402,post_monsoon,1,t2m_C_mean,persistence,0.6078643798828125
403,post_monsoon,1,t2m_C_mean,persistence,0.654254674911499
404,post_monsoon,1,t2m_C_mean,persistence,0.5721383094787598
405,post_monsoon,1,t2m_C_mean,persistence,0.5531817674636841
406,post_monsoon,1,t2m_C_mean,persistence,0.4327410161495209
407,post_monsoon,1,t2m_C_mean,persistence,0.40788599848747253
408,post_monsoon,1,t2m_C_mean,persistence,0.5064347386360168
409,post_monsoon,1,t2m_C_mean,persistence,0.46987441182136536
500,post_monsoon,1,t2m_C_mean,persistence,0.5241925716400146
501,post_monsoon,1,t2m_C_mean,persistence,0.6435701847076416
502,post_monsoon,1,t2m_C_mean,persistence,0.6630499362945557
503,post_monsoon,1,t2m_C_mean,persistence,0.6662154197692871
504,post_monsoon,1,t2m_C_mean,persistence,0.6641383171081543
505,post_monsoon,1,t2m_C_mean,persistence,0.6321201920509338
506,post_monsoon,1,t2m_C_mean,persistence,0.6321218013763428
507,post_monsoon,1,t2m_C_mean,persistence,0.5554976463317871
508,post_monsoon,1,t2m_C_mean,persistence,0.5241761207580566
509,post_monsoon,1,t2m_C_mean,persistence,0.5051366686820984
600,post_monsoon,1,t2m_C_mean,persistence,0.594025194644928
601,post_monsoon,1,t2m_C_mean,persistence,0.6729041337966919
602,post_monsoon,1,t2m_C_mean,persistence,0.7195801734924316
603,post_monsoon,1,t2m_C_mean,persistence,0.6788749098777771
604,post_monsoon,1,t2m_C_mean,persistence,0.7407640218734741
605,post_monsoon,1,t2m_C_mean,persistence,0.7284480333328247
606,post_monsoon,1,t2m_C_mean,persistence,0.691027820110321
607,post_monsoon,1,t2m_C_mean,persistence,0.6490414142608643
608,post_monsoon,1,t2m_C_mean,persistence,0.5519332885742188
609,post_monsoon,1,t2m_C_mean,persistence,0.6422348022460938
700,post_monsoon,1,t2m_C_mean,persistence,0.5609781742095947
701,post_monsoon,1,t2m_C_mean,persistence,0.6350013017654419
702,post_monsoon,1,t2m_C_mean,persistence,0.5898540019989014
703,post_monsoon,1,t2m_C_mean,persistence,0.5881618857383728
704,post_monsoon,1,t2m_C_mean,persistence,0.8765133619308472
705,post_monsoon,1,t2m_C_mean,persistence,1.262622356414795
706,post_monsoon,1,t2m_C_mean,persistence,1.2708067893981934
707,post_monsoon,1,t2m_C_mean,persistence,1.2063031196594238
708,post_monsoon,1,t2m_C_mean,persistence,1.2464138269424438
709,post_monsoon,1,t2m_C_mean,persistence,1.089198112487793
800,post_monsoon,1,t2m_C_mean,persistence,0.7561447620391846
801,post_monsoon,1,t2m_C_mean,persistence,0.6801273226737976
802,post_monsoon,1,t2m_C_mean,persistence,0.7210690975189209
803,post_monsoon,1,t2m_C_mean,persistence,1.032264232635498
804,post_monsoon,1,t2m_C_mean,persistence,0.8554012179374695
805,post_monsoon,1,t2m_C_mean,persistence,1.038375735282898
806,post_monsoon,1,t2m_C_mean,persistence,1.2103229761123657
807,post_monsoon,1,t2m_C_mean,persistence,1.415775179862976
808,post_monsoon,1,t2m_C_mean,persistence,1.9462465047836304
809,post_monsoon,1,t2m_C_mean,persistence,1.9496902227401733
900,post_monsoon,1,t2m_C_mean,persistence,1.0773940086364746
901,post_monsoon,1,t2m_C_mean,persistence,0.8786094784736633
902,post_monsoon,1,t2m_C_mean,persistence,1.463766098022461
903,post_monsoon,1,t2m_C_mean,persistence,1.137526273727417
904,post_monsoon,1,t2m_C_mean,persistence,1.1317819356918335
905,post_monsoon,1,t2m_C_mean,persistence,1.2017625570297241
906,post_monsoon,1,t2m_C_mean,persistence,1.2651621103286743
907,post_monsoon,1,t2m_C_mean,persistence,1.2285574674606323
908,post_monsoon,1,t2m_C_mean,persistence,1.1905471086502075
909,post_monsoon,1,t2m_C_mean,persistence,1.2872897386550903
1000,post_monsoon,1,t2m_C_mean,persistence,1.1105893850326538
1001,post_monsoon,1,t2m_C_mean,persistence,1.3385318517684937
1002,post_monsoon,1,t2m_C_mean,persistence,1.2695555686950684
1003,post_monsoon,1,t2m_C_mean,persistence,1.0904489755630493
1004,post_monsoon,1,t2m_C_mean,persistence,1.2314618825912476
1005,post_monsoon,1,t2m_C_mean,persistence,1.2138164043426514
1006,post_monsoon,1,t2m_C_mean,persistence,1.1949536800384521
1007,post_monsoon,1,t2m_C_mean,persistence,1.1638480424880981
1008,post_monsoon,1,t2m_C_mean,persistence,1.1119786500930786
1009,post_monsoon,1,t2m_C_mean,persistence,1.0675926208496094
0,winter,1,t2m_C_mean,recent3,0.4245070219039917
1,winter,1,t2m_C_mean,recent3,0.28096911311149597
2,winter,1,t2m_C_mean,recent3,0.2597375810146332
3,winter,1,t2m_C_mean,recent3,0.32514941692352295
4,winter,1,t2m_C_mean,recent3,0.4074432849884033
5,winter,1,t2m_C_mean,recent3,0.3183540105819702
6,winter,1,t2m_C_mean,recent3,0.38719668984413147
7,winter,1,t2m_C_mean,recent3,0.454180508852005
8,winter,1,t2m_C_mean,recent3,0.4336124360561371
9,winter,1,t2m_C_mean,recent3,0.31421372294425964
100,winter,1,t2m_C_mean,recent3,0.29352545738220215
101,winter,1,t2m_C_mean,recent3,0.23975732922554016
102,winter,1,t2m_C_mean,recent3,0.34877413511276245
103,winter,1,t2m_C_mean,recent3,0.5239317417144775
104,winter,1,t2m_C_mean,recent3,0.35940152406692505
105,winter,1,t2m_C_mean,recent3,0.34361732006073
106,winter,1,t2m_C_mean,recent3,0.40190306305885315
107,winter,1,t2m_C_mean,recent3,0.42722365260124207
108,winter,1,t2m_C_mean,recent3,0.3459777235984802
109,winter,1,t2m_C_mean,recent3,0.3267229199409485
200,winter,1,t2m_C_mean,recent3,0.2851305603981018
201,winter,1,t2m_C_mean,recent3,0.2939174175262451
202,winter,1,t2m_C_mean,recent3,0.5158325433731079
203,winter,1,t2m_C_mean,recent3,0.6382527947425842
204,winter,1,t2m_C_mean,recent3,0.3816125690937042
205,winter,1,t2m_C_mean,recent3,0.353230357170105
206,winter,1,t2m_C_mean,recent3,0.41914305090904236
207,winter,1,t2m_C_mean,recent3,0.3884073495864868
208,winter,1,t2m_C_mean,recent3,0.38039252161979675
209,winter,1,t2m_C_mean,recent3,0.45246684551239014
300,winter,1,t2m_C_mean,recent3,0.5371823906898499
301,winter,1,t2m_C_mean,recent3,0.484836220741272
302,winter,1,t2m_C_mean,recent3,0.5980749726295471
303,winter,1,t2m_C_mean,recent3,0.6356995105743408
304,winter,1,t2m_C_mean,recent3,0.578364372253418
305,winter,1,t2m_C_mean,recent3,0.4158734977245331
306,winter,1,t2m_C_mean,recent3,0.44070249795913696
307,winter,1,t2m_C_mean,recent3,0.5160951614379883
308,winter,1,t2m_C_mean,recent3,0.5215790271759033
309,winter,1,t2m_C_mean,recent3,0.6709374785423279
400,winter,1,t2m_C_mean,recent3,0.6670491695404053
401,winter,1,t2m_C_mean,recent3,0.7147111296653748
402,winter,1,t2m_C_mean,recent3,1.2105770111083984
403,winter,1,t2m_C_mean,recent3,1.1504286527633667
404,winter,1,t2m_C_mean,recent3,1.1589133739471436
405,winter,1,t2m_C_mean,recent3,1.0305724143981934
406,winter,1,t2m_C_mean,recent3,0.7264323830604553
407,winter,1,t2m_C_mean,recent3,0.580984354019165
408,winter,1,t2m_C_mean,recent3,0.7914972901344299
409,winter,1,t2m_C_mean,recent3,0.6545906066894531
500,winter,1,t2m_C_mean,recent3,0.9244750142097473
501,winter,1,t2m_C_mean,recent3,1.2791720628738403
502,winter,1,t2m_C_mean,recent3,1.7459282875061035
503,winter,1,t2m_C_mean,recent3,1.7200183868408203
504,winter,1,t2m_C_mean,recent3,1.7695012092590332
505,winter,1,t2m_C_mean,recent3,1.5608773231506348
506,winter,1,t2m_C_mean,recent3,1.4847251176834106
507,winter,1,t2m_C_mean,recent3,1.4250677824020386
508,winter,1,t2m_C_mean,recent3,1.0445199012756348
509,winter,1,t2m_C_mean,recent3,0.6864453554153442
600,winter,1,t2m_C_mean,recent3,1.0225461721420288
601,winter,1,t2m_C_mean,recent3,1.512143850326538
602,winter,1,t2m_C_mean,recent3,1.5825673341751099
603,winter,1,t2m_C_mean,recent3,1.3013100624084473
604,winter,1,t2m_C_mean,recent3,1.335852026939392
605,winter,1,t2m_C_mean,recent3,1.3465962409973145
606,winter,1,t2m_C_mean,recent3,1.2038886547088623
607,winter,1,t2m_C_mean,recent3,1.0100014209747314
608,winter,1,t2m_C_mean,recent3,0.8783494234085083
609,winter,1,t2m_C_mean,recent3,0.9513105750083923
700,winter,1,t2m_C_mean,recent3,1.182846188545227
701,winter,1,t2m_C_mean,recent3,1.1321138143539429
702,winter,1,t2m_C_mean,recent3,1.1528807878494263
703,winter,1,t2m_C_mean,recent3,1.1176234483718872
704,winter,1,t2m_C_mean,recent3,1.487922191619873
705,winter,1,t2m_C_mean,recent3,1.4674139022827148
706,winter,1,t2m_C_mean,recent3,1.5389944314956665
707,winter,1,t2m_C_mean,recent3,1.7134943008422852
708,winter,1,t2m_C_mean,recent3,1.891990065574646
709,winter,1,t2m_C_mean,recent3,1.721840500831604
800,winter,1,t2m_C_mean,recent3,1.8296655416488647
801,winter,1,t2m_C_mean,recent3,0.8750879168510437
802,winter,1,t2m_C_mean,recent3,1.45137357711792
803,winter,1,t2m_C_mean,recent3,2.738917589187622
804,winter,1,t2m_C_mean,recent3,1.719631314277649
805,winter,1,t2m_C_mean,recent3,1.6304593086242676
806,winter,1,t2m_C_mean,recent3,1.852827548980713
807,winter,1,t2m_C_mean,recent3,2.1701500415802
808,winter,1,t2m_C_mean,recent3,2.379755973815918
809,winter,1,t2m_C_mean,recent3,2.4927327632904053
900,winter,1,t2m_C_mean,recent3,2.4692254066467285
901,winter,1,t2m_C_mean,recent3,1.814157247543335
902,winter,1,t2m_C_mean,recent3,2.507103443145752
903,winter,1,t2m_C_mean,recent3,2.848637580871582
904,winter,1,t2m_C_mean,recent3,2.2803049087524414
905,winter,1,t2m_C_mean,recent3,2.8981289863586426
906,winter,1,t2m_C_mean,recent3,2.922257900238037
907,winter,1,t2m_C_mean,recent3,2.792818069458008
908,winter,1,t2m_C_mean,recent3,2.385150671005249
909,winter,1,t2m_C_mean,recent3,2.3081507682800293
1000,winter,1,t2m_C_mean,recent3,2.228982925415039
1001,winter,1,t2m_C_mean,recent3,2.5753250122070312
1002,winter,1,t2m_C_mean,recent3,2.0399670600891113
1003,winter,1,t2m_C_mean,recent3,1.9674643278121948
1004,winter,1,t2m_C_mean,recent3,1.3471277952194214
1005,winter,1,t2m_C_mean,recent3,2.7043449878692627
1006,winter,1,t2m_C_mean,recent3,2.8995978832244873
1007,winter,1,t2m_C_mean,recent3,2.529780626296997
1008,winter,1,t2m_C_mean,recent3,1.7237006425857544
1009,winter,1,t2m_C_mean,recent3,1.829620599746704
0,pre_monsoon,1,t2m_C_mean,recent3,0.3888966143131256
1,pre_monsoon,1,t2m_C_mean,recent3,0.47923529148101807
2,pre_monsoon,1,t2m_C_mean,recent3,0.5635546445846558
3,pre_monsoon,1,t2m_C_mean,recent3,0.5041137933731079
4,pre_monsoon,1,t2m_C_mean,recent3,0.460854172706604
5,pre_monsoon,1,t2m_C_mean,recent3,0.4441326856613159
6,pre_monsoon,1,t2m_C_mean,recent3,0.4207984209060669
7,pre_monsoon,1,t2m_C_mean,recent3,0.4420967102050781
8,pre_monsoon,1,t2m_C_mean,recent3,0.457333505153656
9,pre_monsoon,1,t2m_C_mean,recent3,0.4679330289363861
100,pre_monsoon,1,t2m_C_mean,recent3,0.33288148045539856
101,pre_monsoon,1,t2m_C_mean,recent3,0.3541213572025299
102,pre_monsoon,1,t2m_C_mean,recent3,0.5451022982597351
103,pre_monsoon,1,t2m_C_mean,recent3,0.7184949517250061
104,pre_monsoon,1,t2m_C_mean,recent3,0.351946622133255
105,pre_monsoon,1,t2m_C_mean,recent3,0.3878060579299927
106,pre_monsoon,1,t2m_C_mean,recent3,0.4246465861797333
107,pre_monsoon,1,t2m_C_mean,recent3,0.45993348956108093
108,pre_monsoon,1,t2m_C_mean,recent3,0.5093043446540833
109,pre_monsoon,1,t2m_C_mean,recent3,0.5425982475280762
200,pre_monsoon,1,t2m_C_mean,recent3,0.27161964774131775
201,pre_monsoon,1,t2m_C_mean,recent3,0.30369362235069275
202,pre_monsoon,1,t2m_C_mean,recent3,0.6499857902526855
203,pre_monsoon,1,t2m_C_mean,recent3,0.815964937210083
204,pre_monsoon,1,t2m_C_mean,recent3,0.36455729603767395
205,pre_monsoon,1,t2m_C_mean,recent3,0.3565136194229126
206,pre_monsoon,1,t2m_C_mean,recent3,0.4390237629413605
207,pre_monsoon,1,t2m_C_mean,recent3,0.43337321281433105
208,pre_monsoon,1,t2m_C_mean,recent3,0.48478221893310547
209,pre_monsoon,1,t2m_C_mean,recent3,0.5198797583580017
300,pre_monsoon,1,t2m_C_mean,recent3,0.35902729630470276
301,pre_monsoon,1,t2m_C_mean,recent3,0.439167320728302
302,pre_monsoon,1,t2m_C_mean,recent3,0.8950626850128174
303,pre_monsoon,1,t2m_C_mean,recent3,0.844438910484314
304,pre_monsoon,1,t2m_C_mean,recent3,0.8272382020950317
305,pre_monsoon,1,t2m_C_mean,recent3,0.4563242197036743
306,pre_monsoon,1,t2m_C_mean,recent3,0.46275532245635986
307,pre_monsoon,1,t2m_C_mean,recent3,0.4635937511920929
308,pre_monsoon,1,t2m_C_mean,recent3,0.5258064866065979
309,pre_monsoon,1,t2m_C_mean,recent3,0.8036007285118103
400,pre_monsoon,1,t2m_C_mean,recent3,0.4527668356895447
401,pre_monsoon,1,t2m_C_mean,recent3,0.8409507274627686
402,pre_monsoon,1,t2m_C_mean,recent3,1.2291072607040405
403,pre_monsoon,1,t2m_C_mean,recent3,1.1063979864120483
404,pre_monsoon,1,t2m_C_mean,recent3,1.250342845916748
405,pre_monsoon,1,t2m_C_mean,recent3,1.1253502368927002
406,pre_monsoon,1,t2m_C_mean,recent3,0.6030557155609131
407,pre_monsoon,1,t2m_C_mean,recent3,0.4546067416667938
408,pre_monsoon,1,t2m_C_mean,recent3,0.7938641309738159
409,pre_monsoon,1,t2m_C_mean,recent3,0.9282622933387756
500,pre_monsoon,1,t2m_C_mean,recent3,0.9018873572349548
501,pre_monsoon,1,t2m_C_mean,recent3,1.431758999824524
502,pre_monsoon,1,t2m_C_mean,recent3,1.5644986629486084
503,pre_monsoon,1,t2m_C_mean,recent3,1.3966020345687866
504,pre_monsoon,1,t2m_C_mean,recent3,1.4241178035736084
505,pre_monsoon,1,t2m_C_mean,recent3,1.6175832748413086
506,pre_monsoon,1,t2m_C_mean,recent3,1.5590490102767944
507,pre_monsoon,1,t2m_C_mean,recent3,1.1932969093322754
508,pre_monsoon,1,t2m_C_mean,recent3,0.940532386302948
509,pre_monsoon,1,t2m_C_mean,recent3,1.1068766117095947
600,pre_monsoon,1,t2m_C_mean,recent3,1.4735198020935059
601,pre_monsoon,1,t2m_C_mean,recent3,1.7451053857803345
602,pre_monsoon,1,t2m_C_mean,recent3,1.7167375087738037
603,pre_monsoon,1,t2m_C_mean,recent3,1.4503216743469238
604,pre_monsoon,1,t2m_C_mean,recent3,1.558074951171875
605,pre_monsoon,1,t2m_C_mean,recent3,1.6006406545639038
606,pre_monsoon,1,t2m_C_mean,recent3,1.4124778509140015
607,pre_monsoon,1,t2m_C_mean,recent3,1.115405797958374
608,pre_monsoon,1,t2m_C_mean,recent3,0.9386563897132874
609,pre_monsoon,1,t2m_C_mean,recent3,0.9293903112411499
700,pre_monsoon,1,t2m_C_mean,recent3,1.5973577499389648
701,pre_monsoon,1,t2m_C_mean,recent3,1.729506015777588
702,pre_monsoon,1,t2m_C_mean,recent3,1.678847074508667
703,pre_monsoon,1,t2m_C_mean,recent3,1.405946135520935
704,pre_monsoon,1,t2m_C_mean,recent3,1.3783447742462158
705,pre_monsoon,1,t2m_C_mean,recent3,1.4025996923446655
706,pre_monsoon,1,t2m_C_mean,recent3,1.5524063110351562
707,pre_monsoon,1,t2m_C_mean,recent3,1.6784861087799072
708,pre_monsoon,1,t2m_C_mean,recent3,1.630098819732666
709,pre_monsoon,1,t2m_C_mean,recent3,1.4104315042495728
800,pre_monsoon,1,t2m_C_mean,recent3,1.7417733669281006
801,pre_monsoon,1,t2m_C_mean,recent3,1.6024343967437744
802,pre_monsoon,1,t2m_C_mean,recent3,1.4949448108673096
803,pre_monsoon,1,t2m_C_mean,recent3,2.0911343097686768
804,pre_monsoon,1,t2m_C_mean,recent3,1.6693367958068848
805,pre_monsoon,1,t2m_C_mean,recent3,1.6835365295410156
806,pre_monsoon,1,t2m_C_mean,recent3,1.8394508361816406
807,pre_monsoon,1,t2m_C_mean,recent3,1.9455591440200806
808,pre_monsoon,1,t2m_C_mean,recent3,2.1189167499542236
809,pre_monsoon,1,t2m_C_mean,recent3,2.286226987838745
900,pre_monsoon,1,t2m_C_mean,recent3,2.2681593894958496
901,pre_monsoon,1,t2m_C_mean,recent3,1.8451218605041504
902,pre_monsoon,1,t2m_C_mean,recent3,2.069817304611206
903,pre_monsoon,1,t2m_C_mean,recent3,2.415400743484497
904,pre_monsoon,1,t2m_C_mean,recent3,2.3450634479522705
905,pre_monsoon,1,t2m_C_mean,recent3,2.371138334274292
906,pre_monsoon,1,t2m_C_mean,recent3,2.3863635063171387
907,pre_monsoon,1,t2m_C_mean,recent3,2.5630507469177246
908,pre_monsoon,1,t2m_C_mean,recent3,2.5014514923095703
909,pre_monsoon,1,t2m_C_mean,recent3,2.5557565689086914
1000,pre_monsoon,1,t2m_C_mean,recent3,3.185978889465332
1001,pre_monsoon,1,t2m_C_mean,recent3,2.1586222648620605
1002,pre_monsoon,1,t2m_C_mean,recent3,1.967018723487854
1003,pre_monsoon,1,t2m_C_mean,recent3,2.6788852214813232
1004,pre_monsoon,1,t2m_C_mean,recent3,2.7997305393218994
1005,pre_monsoon,1,t2m_C_mean,recent3,2.6175267696380615
1006,pre_monsoon,1,t2m_C_mean,recent3,2.422126054763794
1007,pre_monsoon,1,t2m_C_mean,recent3,2.7031595706939697
1008,pre_monsoon,1,t2m_C_mean,recent3,2.2878921031951904
1009,pre_monsoon,1,t2m_C_mean,recent3,2.660940647125244
0,monsoon,1,t2m_C_mean,recent3,0.3578043282032013
1,monsoon,1,t2m_C_mean,recent3,0.3766305446624756
2,monsoon,1,t2m_C_mean,recent3,0.3843787610530853
3,monsoon,1,t2m_C_mean,recent3,0.30518248677253723
4,monsoon,1,t2m_C_mean,recent3,0.3229431211948395
5,monsoon,1,t2m_C_mean,recent3,0.19282472133636475
6,monsoon,1,t2m_C_mean,recent3,0.362299382686615
7,monsoon,1,t2m_C_mean,recent3,0.44632530212402344
8,monsoon,1,t2m_C_mean,recent3,0.4408992528915405
9,monsoon,1,t2m_C_mean,recent3,0.48123928904533386
100,monsoon,1,t2m_C_mean,recent3,0.2989443838596344
101,monsoon,1,t2m_C_mean,recent3,0.4009628891944885
102,monsoon,1,t2m_C_mean,recent3,0.4497700333595276
103,monsoon,1,t2m_C_mean,recent3,0.6356256604194641
104,monsoon,1,t2m_C_mean,recent3,0.22811287641525269
105,monsoon,1,t2m_C_mean,recent3,0.24289648234844208
106,monsoon,1,t2m_C_mean,recent3,0.32302847504615784
107,monsoon,1,t2m_C_mean,recent3,0.3899531960487366
108,monsoon,1,t2m_C_mean,recent3,0.38783004879951477
109,monsoon,1,t2m_C_mean,recent3,0.38260969519615173
200,monsoon,1,t2m_C_mean,recent3,0.2523004710674286
201,monsoon,1,t2m_C_mean,recent3,0.34694749116897583
202,monsoon,1,t2m_C_mean,recent3,0.6153565049171448
203,monsoon,1,t2m_C_mean,recent3,0.8642955422401428
204,monsoon,1,t2m_C_mean,recent3,0.45195552706718445
205,monsoon,1,t2m_C_mean,recent3,0.39605802297592163
206,monsoon,1,t2m_C_mean,recent3,0.3958808481693268
207,monsoon,1,t2m_C_mean,recent3,0.38489529490470886
208,monsoon,1,t2m_C_mean,recent3,0.3697420060634613
209,monsoon,1,t2m_C_mean,recent3,0.3484809696674347
300,monsoon,1,t2m_C_mean,recent3,0.18597042560577393
301,monsoon,1,t2m_C_mean,recent3,0.2973066568374634
302,monsoon,1,t2m_C_mean,recent3,0.7179946899414062
303,monsoon,1,t2m_C_mean,recent3,0.8675539493560791
304,monsoon,1,t2m_C_mean,recent3,0.8328211307525635
305,monsoon,1,t2m_C_mean,recent3,0.4857090413570404
306,monsoon,1,t2m_C_mean,recent3,0.38298937678337097
307,monsoon,1,t2m_C_mean,recent3,0.3842736482620239
308,monsoon,1,t2m_C_mean,recent3,0.36048996448516846
309,monsoon,1,t2m_C_mean,recent3,0.5028916001319885
400,monsoon,1,t2m_C_mean,recent3,0.21047115325927734
401,monsoon,1,t2m_C_mean,recent3,0.42080914974212646
402,monsoon,1,t2m_C_mean,recent3,0.7684400081634521
403,monsoon,1,t2m_C_mean,recent3,0.9556669592857361
404,monsoon,1,t2m_C_mean,recent3,0.9338840842247009
405,monsoon,1,t2m_C_mean,recent3,0.9484646320343018
406,monsoon,1,t2m_C_mean,recent3,0.5540876388549805
407,monsoon,1,t2m_C_mean,recent3,0.39997515082359314
408,monsoon,1,t2m_C_mean,recent3,0.5838443636894226
409,monsoon,1,t2m_C_mean,recent3,0.632803201675415
500,monsoon,1,t2m_C_mean,recent3,0.5691559314727783
501,monsoon,1,t2m_C_mean,recent3,0.7926740646362305
502,monsoon,1,t2m_C_mean,recent3,0.8031110763549805
503,monsoon,1,t2m_C_mean,recent3,0.8977155685424805
504,monsoon,1,t2m_C_mean,recent3,0.9786471128463745
505,monsoon,1,t2m_C_mean,recent3,1.0600794553756714
506,monsoon,1,t2m_C_mean,recent3,1.0700855255126953
507,monsoon,1,t2m_C_mean,recent3,0.7946889996528625
508,monsoon,1,t2m_C_mean,recent3,0.7729339599609375
509,monsoon,1,t2m_C_mean,recent3,0.7866938710212708
600,monsoon,1,t2m_C_mean,recent3,1.0374445915222168
601,monsoon,1,t2m_C_mean,recent3,0.9564957022666931
602,monsoon,1,t2m_C_mean,recent3,0.9627010822296143
603,monsoon,1,t2m_C_mean,recent3,1.049134373664856
604,monsoon,1,t2m_C_mean,recent3,1.0451825857162476
605,monsoon,1,t2m_C_mean,recent3,0.9610617160797119
606,monsoon,1,t2m_C_mean,recent3,0.8170912265777588
607,monsoon,1,t2m_C_mean,recent3,0.7282312512397766
608,monsoon,1,t2m_C_mean,recent3,0.7858069539070129
609,monsoon,1,t2m_C_mean,recent3,0.8768841624259949
700,monsoon,1,t2m_C_mean,recent3,1.074822187423706
701,monsoon,1,t2m_C_mean,recent3,1.2701579332351685
702,monsoon,1,t2m_C_mean,recent3,1.1207499504089355
703,monsoon,1,t2m_C_mean,recent3,1.0265229940414429
704,monsoon,1,t2m_C_mean,recent3,0.849868893623352
705,monsoon,1,t2m_C_mean,recent3,0.7893021106719971
706,monsoon,1,t2m_C_mean,recent3,0.8662898540496826
707,monsoon,1,t2m_C_mean,recent3,0.8975334167480469
708,monsoon,1,t2m_C_mean,recent3,0.8838154077529907
709,monsoon,1,t2m_C_mean,recent3,0.9785341620445251
800,monsoon,1,t2m_C_mean,recent3,1.0419197082519531
801,monsoon,1,t2m_C_mean,recent3,1.5026075839996338
802,monsoon,1,t2m_C_mean,recent3,1.192960262298584
803,monsoon,1,t2m_C_mean,recent3,1.2461433410644531
804,monsoon,1,t2m_C_mean,recent3,1.1528633832931519
805,monsoon,1,t2m_C_mean,recent3,1.117827296257019
806,monsoon,1,t2m_C_mean,recent3,1.0817286968231201
807,monsoon,1,t2m_C_mean,recent3,1.0880770683288574
808,monsoon,1,t2m_C_mean,recent3,1.1725372076034546
809,monsoon,1,t2m_C_mean,recent3,1.2359215021133423
900,monsoon,1,t2m_C_mean,recent3,1.049670934677124
901,monsoon,1,t2m_C_mean,recent3,1.396697759628296
902,monsoon,1,t2m_C_mean,recent3,1.6151295900344849
903,monsoon,1,t2m_C_mean,recent3,1.361203670501709
904,monsoon,1,t2m_C_mean,recent3,1.3820061683654785
905,monsoon,1,t2m_C_mean,recent3,1.3354439735412598
906,monsoon,1,t2m_C_mean,recent3,1.2624397277832031
907,monsoon,1,t2m_C_mean,recent3,1.26313316822052
908,monsoon,1,t2m_C_mean,recent3,1.4471555948257446
909,monsoon,1,t2m_C_mean,recent3,1.4531936645507812
1000,monsoon,1,t2m_C_mean,recent3,0.9158906936645508
1001,monsoon,1,t2m_C_mean,recent3,1.5628138780593872
1002,monsoon,1,t2m_C_mean,recent3,1.3129748106002808
1003,monsoon,1,t2m_C_mean,recent3,1.5204159021377563
1004,monsoon,1,t2m_C_mean,recent3,1.712356686592102
1005,monsoon,1,t2m_C_mean,recent3,1.3522366285324097
1006,monsoon,1,t2m_C_mean,recent3,1.26089608669281
1007,monsoon,1,t2m_C_mean,recent3,1.3748842477798462
1008,monsoon,1,t2m_C_mean,recent3,1.6420162916183472
1009,monsoon,1,t2m_C_mean,recent3,1.5255764722824097
0,post_monsoon,1,t2m_C_mean,recent3,0.44673559069633484
1,post_monsoon,1,t2m_C_mean,recent3,0.5010390281677246
2,post_monsoon,1,t2m_C_mean,recent3,0.47637563943862915
3,post_monsoon,1,t2m_C_mean,recent3,0.5376797318458557
4,post_monsoon,1,t2m_C_mean,recent3,0.48199933767318726
5,post_monsoon,1,t2m_C_mean,recent3,0.4651334583759308
6,post_monsoon,1,t2m_C_mean,recent3,0.5249168276786804
7,post_monsoon,1,t2m_C_mean,recent3,0.5439391136169434
8,post_monsoon,1,t2m_C_mean,recent3,0.5292112827301025
9,post_monsoon,1,t2m_C_mean,recent3,0.5158445835113525
100,post_monsoon,1,t2m_C_mean,recent3,0.4044071435928345
101,post_monsoon,1,t2m_C_mean,recent3,0.44973933696746826
102,post_monsoon,1,t2m_C_mean,recent3,0.5556566715240479
103,post_monsoon,1,t2m_C_mean,recent3,0.8145358562469482
104,post_monsoon,1,t2m_C_mean,recent3,0.39721882343292236
105,post_monsoon,1,t2m_C_mean,recent3,0.43801209330558777
106,post_monsoon,1,t2m_C_mean,recent3,0.48310646414756775
107,post_monsoon,1,t2m_C_mean,recent3,0.5024216175079346
108,post_monsoon,1,t2m_C_mean,recent3,0.4752289056777954
109,post_monsoon,1,t2m_C_mean,recent3,0.3952617645263672
200,post_monsoon,1,t2m_C_mean,recent3,0.3377230763435364
201,post_monsoon,1,t2m_C_mean,recent3,0.39573949575424194
202,post_monsoon,1,t2m_C_mean,recent3,0.6685560941696167
203,post_monsoon,1,t2m_C_mean,recent3,0.8036399483680725
204,post_monsoon,1,t2m_C_mean,recent3,0.42193353176116943
205,post_monsoon,1,t2m_C_mean,recent3,0.4048003852367401
206,post_monsoon,1,t2m_C_mean,recent3,0.44238999485969543
207,post_monsoon,1,t2m_C_mean,recent3,0.4670478105545044
208,post_monsoon,1,t2m_C_mean,recent3,0.49312257766723633
209,post_monsoon,1,t2m_C_mean,recent3,0.4671506881713867
300,post_monsoon,1,t2m_C_mean,recent3,0.3499368727207184
301,post_monsoon,1,t2m_C_mean,recent3,0.44548988342285156
302,post_monsoon,1,t2m_C_mean,recent3,0.7877652049064636
303,post_monsoon,1,t2m_C_mean,recent3,0.8899140954017639
304,post_monsoon,1,t2m_C_mean,recent3,0.8672819137573242
305,post_monsoon,1,t2m_C_mean,recent3,0.484382688999176
306,post_monsoon,1,t2m_C_mean,recent3,0.42950811982154846
307,post_monsoon,1,t2m_C_mean,recent3,0.4703834354877472
308,post_monsoon,1,t2m_C_mean,recent3,0.5247186422348022
309,post_monsoon,1,t2m_C_mean,recent3,0.633356511592865
400,post_monsoon,1,t2m_C_mean,recent3,0.41533640027046204
401,post_monsoon,1,t2m_C_mean,recent3,0.59733647108078
402,post_monsoon,1,t2m_C_mean,recent3,0.8043440580368042
403,post_monsoon,1,t2m_C_mean,recent3,0.828226625919342
404,post_monsoon,1,t2m_C_mean,recent3,0.7455829381942749
405,post_monsoon,1,t2m_C_mean,recent3,0.6935184001922607
406,post_monsoon,1,t2m_C_mean,recent3,0.5619958639144897
407,post_monsoon,1,t2m_C_mean,recent3,0.5290039777755737
408,post_monsoon,1,t2m_C_mean,recent3,0.6385825872421265
409,post_monsoon,1,t2m_C_mean,recent3,0.6102059483528137
500,post_monsoon,1,t2m_C_mean,recent3,0.7601702809333801
501,post_monsoon,1,t2m_C_mean,recent3,0.9048557281494141
502,post_monsoon,1,t2m_C_mean,recent3,0.9362189769744873
503,post_monsoon,1,t2m_C_mean,recent3,0.8666958212852478
504,post_monsoon,1,t2m_C_mean,recent3,0.8938471674919128
505,post_monsoon,1,t2m_C_mean,recent3,0.8447598814964294
506,post_monsoon,1,t2m_C_mean,recent3,0.8130343556404114
507,post_monsoon,1,t2m_C_mean,recent3,0.6521146297454834
508,post_monsoon,1,t2m_C_mean,recent3,0.6574078798294067
509,post_monsoon,1,t2m_C_mean,recent3,0.670530378818512
600,post_monsoon,1,t2m_C_mean,recent3,0.7056428790092468
601,post_monsoon,1,t2m_C_mean,recent3,0.8699701428413391
602,post_monsoon,1,t2m_C_mean,recent3,0.9237469434738159
603,post_monsoon,1,t2m_C_mean,recent3,0.9417593479156494
604,post_monsoon,1,t2m_C_mean,recent3,1.0107403993606567
605,post_monsoon,1,t2m_C_mean,recent3,0.9982598423957825
606,post_monsoon,1,t2m_C_mean,recent3,0.9124148488044739
607,post_monsoon,1,t2m_C_mean,recent3,0.7711640000343323
608,post_monsoon,1,t2m_C_mean,recent3,0.6950232982635498
609,post_monsoon,1,t2m_C_mean,recent3,0.8097060322761536
700,post_monsoon,1,t2m_C_mean,recent3,0.6563716530799866
701,post_monsoon,1,t2m_C_mean,recent3,0.7236954569816589
702,post_monsoon,1,t2m_C_mean,recent3,0.730273962020874
703,post_monsoon,1,t2m_C_mean,recent3,0.7728145122528076
704,post_monsoon,1,t2m_C_mean,recent3,1.0830034017562866
705,post_monsoon,1,t2m_C_mean,recent3,1.5561318397521973
706,post_monsoon,1,t2m_C_mean,recent3,1.6376709938049316
707,post_monsoon,1,t2m_C_mean,recent3,1.4271118640899658
708,post_monsoon,1,t2m_C_mean,recent3,1.4642319679260254
709,post_monsoon,1,t2m_C_mean,recent3,1.256384015083313
800,post_monsoon,1,t2m_C_mean,recent3,0.9830184578895569
801,post_monsoon,1,t2m_C_mean,recent3,0.7884732484817505
802,post_monsoon,1,t2m_C_mean,recent3,0.8887695670127869
803,post_monsoon,1,t2m_C_mean,recent3,1.397585391998291
804,post_monsoon,1,t2m_C_mean,recent3,1.233214020729065
805,post_monsoon,1,t2m_C_mean,recent3,1.323793888092041
806,post_monsoon,1,t2m_C_mean,recent3,1.4307482242584229
807,post_monsoon,1,t2m_C_mean,recent3,1.6018309593200684
808,post_monsoon,1,t2m_C_mean,recent3,1.9790022373199463
809,post_monsoon,1,t2m_C_mean,recent3,2.01497745513916
900,post_monsoon,1,t2m_C_mean,recent3,1.3722038269042969
901,post_monsoon,1,t2m_C_mean,recent3,1.1129839420318604
902,post_monsoon,1,t2m_C_mean,recent3,1.6839303970336914
903,post_monsoon,1,t2m_C_mean,recent3,1.396490216255188
904,post_monsoon,1,t2m_C_mean,recent3,1.3929753303527832
905,post_monsoon,1,t2m_C_mean,recent3,1.325661301612854
906,post_monsoon,1,t2m_C_mean,recent3,1.2905879020690918
907,post_monsoon,1,t2m_C_mean,recent3,1.3102909326553345
908,post_monsoon,1,t2m_C_mean,recent3,1.3291540145874023
909,post_monsoon,1,t2m_C_mean,recent3,1.478217601776123
1000,post_monsoon,1,t2m_C_mean,recent3,1.4779354333877563
1001,post_monsoon,1,t2m_C_mean,recent3,1.619066596031189
1002,post_monsoon,1,t2m_C_mean,recent3,1.6044950485229492
1003,post_monsoon,1,t2m_C_mean,recent3,1.4394985437393188
1004,post_monsoon,1,t2m_C_mean,recent3,1.636315941810608
1005,post_monsoon,1,t2m_C_mean,recent3,1.4849557876586914
1006,post_monsoon,1,t2m_C_mean,recent3,1.3304952383041382
1007,post_monsoon,1,t2m_C_mean,recent3,1.408695101737976
1008,post_monsoon,1,t2m_C_mean,recent3,1.3674496412277222
1009,post_monsoon,1,t2m_C_mean,recent3,1.3542202711105347
0,winter,1,t2m_C_mean,anom_persistence,0.3902936577796936
1,winter,1,t2m_C_mean,anom_persistence,0.27367791533470154
2,winter,1,t2m_C_mean,anom_persistence,0.2858559787273407
3,winter,1,t2m_C_mean,anom_persistence,0.292849600315094
4,winter,1,t2m_C_mean,anom_persistence,0.4092341661453247
5,winter,1,t2m_C_mean,anom_persistence,0.37044012546539307
6,winter,1,t2m_C_mean,anom_persistence,0.4031499922275543
7,winter,1,t2m_C_mean,anom_persistence,0.43391144275665283
8,winter,1,t2m_C_mean,anom_persistence,0.4059939980506897
9,winter,1,t2m_C_mean,anom_persistence,0.2889309823513031
100,winter,1,t2m_C_mean,anom_persistence,0.23635870218276978
101,winter,1,t2m_C_mean,anom_persistence,0.2113381177186966
102,winter,1,t2m_C_mean,anom_persistence,0.3460965156555176
103,winter,1,t2m_C_mean,anom_persistence,0.48584529757499695
104,winter,1,t2m_C_mean,anom_persistence,0.324365496635437
105,winter,1,t2m_C_mean,anom_persistence,0.3433113396167755
106,winter,1,t2m_C_mean,anom_persistence,0.38722407817840576
107,winter,1,t2m_C_mean,anom_persistence,0.38363611698150635
108,winter,1,t2m_C_mean,anom_persistence,0.2993035614490509
109,winter,1,t2m_C_mean,anom_persistence,0.26692911982536316
200,winter,1,t2m_C_mean,anom_persistence,0.2409386932849884
201,winter,1,t2m_C_mean,anom_persistence,0.26113754510879517
202,winter,1,t2m_C_mean,anom_persistence,0.528538703918457
203,winter,1,t2m_C_mean,anom_persistence,0.6175180673599243
204,winter,1,t2m_C_mean,anom_persistence,0.3403412699699402
205,winter,1,t2m_C_mean,anom_persistence,0.33876660466194153
206,winter,1,t2m_C_mean,anom_persistence,0.3807150721549988
207,winter,1,t2m_C_mean,anom_persistence,0.3203490078449249
208,winter,1,t2m_C_mean,anom_persistence,0.3128337860107422
209,winter,1,t2m_C_mean,anom_persistence,0.369088351726532
300,winter,1,t2m_C_mean,anom_persistence,0.416823148727417
301,winter,1,t2m_C_mean,anom_persistence,0.4268985092639923
302,winter,1,t2m_C_mean,anom_persistence,0.5693175792694092
303,winter,1,t2m_C_mean,anom_persistence,0.6077824234962463
304,winter,1,t2m_C_mean,anom_persistence,0.5309689044952393
305,winter,1,t2m_C_mean,anom_persistence,0.3343532383441925
306,winter,1,t2m_C_mean,anom_persistence,0.3552023768424988
307,winter,1,t2m_C_mean,anom_persistence,0.3818453848361969
308,winter,1,t2m_C_mean,anom_persistence,0.4221605062484741
309,winter,1,t2m_C_mean,anom_persistence,0.579357922077179
400,winter,1,t2m_C_mean,anom_persistence,0.5558583736419678
401,winter,1,t2m_C_mean,anom_persistence,0.6060894727706909
402,winter,1,t2m_C_mean,anom_persistence,0.8343864679336548
403,winter,1,t2m_C_mean,anom_persistence,0.7952927947044373
404,winter,1,t2m_C_mean,anom_persistence,0.8023293018341064
405,winter,1,t2m_C_mean,anom_persistence,0.7372377514839172
406,winter,1,t2m_C_mean,anom_persistence,0.5016549229621887
407,winter,1,t2m_C_mean,anom_persistence,0.43924540281295776
408,winter,1,t2m_C_mean,anom_persistence,0.5610553026199341
409,winter,1,t2m_C_mean,anom_persistence,0.6238144040107727
500,winter,1,t2m_C_mean,anom_persistence,0.7429913878440857
501,winter,1,t2m_C_mean,anom_persistence,1.0032932758331299
502,winter,1,t2m_C_mean,anom_persistence,1.2363654375076294
503,winter,1,t2m_C_mean,anom_persistence,1.2327547073364258
504,winter,1,t2m_C_mean,anom_persistence,1.2167524099349976
505,winter,1,t2m_C_mean,anom_persistence,1.05475652217865
506,winter,1,t2m_C_mean,anom_persistence,0.9631113409996033
507,winter,1,t2m_C_mean,anom_persistence,0.937073826789856
508,winter,1,t2m_C_mean,anom_persistence,0.6899969577789307
509,winter,1,t2m_C_mean,anom_persistence,0.5747907161712646
600,winter,1,t2m_C_mean,anom_persistence,0.9680877327919006
601,winter,1,t2m_C_mean,anom_persistence,1.2531325817108154
602,winter,1,t2m_C_mean,anom_persistence,1.384893536567688
603,winter,1,t2m_C_mean,anom_persistence,1.0993839502334595
604,winter,1,t2m_C_mean,anom_persistence,0.9902365207672119
605,winter,1,t2m_C_mean,anom_persistence,1.0201233625411987
606,winter,1,t2m_C_mean,anom_persistence,0.7957717180252075
607,winter,1,t2m_C_mean,anom_persistence,0.7055299878120422
608,winter,1,t2m_C_mean,anom_persistence,0.6059305667877197
609,winter,1,t2m_C_mean,anom_persistence,0.6738964319229126
700,winter,1,t2m_C_mean,anom_persistence,1.0859215259552002
701,winter,1,t2m_C_mean,anom_persistence,1.1112267971038818
702,winter,1,t2m_C_mean,anom_persistence,1.0321087837219238
703,winter,1,t2m_C_mean,anom_persistence,0.9667274951934814
704,winter,1,t2m_C_mean,anom_persistence,1.2940020561218262
705,winter,1,t2m_C_mean,anom_persistence,1.2520344257354736
706,winter,1,t2m_C_mean,anom_persistence,1.349376916885376
707,winter,1,t2m_C_mean,anom_persistence,1.4850895404815674
708,winter,1,t2m_C_mean,anom_persistence,1.413255214691162
709,winter,1,t2m_C_mean,anom_persistence,1.3056528568267822
800,winter,1,t2m_C_mean,anom_persistence,1.3526079654693604
801,winter,1,t2m_C_mean,anom_persistence,0.9103267192840576
802,winter,1,t2m_C_mean,anom_persistence,1.1427772045135498
803,winter,1,t2m_C_mean,anom_persistence,2.1255435943603516
804,winter,1,t2m_C_mean,anom_persistence,1.4040120840072632
805,winter,1,t2m_C_mean,anom_persistence,1.371110439300537
806,winter,1,t2m_C_mean,anom_persistence,1.6197843551635742
807,winter,1,t2m_C_mean,anom_persistence,1.8785555362701416
808,winter,1,t2m_C_mean,anom_persistence,2.085862159729004
809,winter,1,t2m_C_mean,anom_persistence,1.974548578262329
900,winter,1,t2m_C_mean,anom_persistence,1.809949278831482
901,winter,1,t2m_C_mean,anom_persistence,1.3844581842422485
902,winter,1,t2m_C_mean,anom_persistence,1.7811980247497559
903,winter,1,t2m_C_mean,anom_persistence,2.005953311920166
904,winter,1,t2m_C_mean,anom_persistence,1.6617077589035034
905,winter,1,t2m_C_mean,anom_persistence,2.053591251373291
906,winter,1,t2m_C_mean,anom_persistence,2.1581268310546875
907,winter,1,t2m_C_mean,anom_persistence,2.1344213485717773
908,winter,1,t2m_C_mean,anom_persistence,1.8801130056381226
909,winter,1,t2m_C_mean,anom_persistence,1.7860512733459473
1000,winter,1,t2m_C_mean,anom_persistence,1.6159205436706543
1001,winter,1,t2m_C_mean,anom_persistence,1.9182435274124146
1002,winter,1,t2m_C_mean,anom_persistence,1.6354469060897827
1003,winter,1,t2m_C_mean,anom_persistence,1.505479335784912
1004,winter,1,t2m_C_mean,anom_persistence,1.3195815086364746
1005,winter,1,t2m_C_mean,anom_persistence,2.0410659313201904
1006,winter,1,t2m_C_mean,anom_persistence,2.1015379428863525
1007,winter,1,t2m_C_mean,anom_persistence,1.9572707414627075
1008,winter,1,t2m_C_mean,anom_persistence,1.4251028299331665
1009,winter,1,t2m_C_mean,anom_persistence,1.4582875967025757
0,pre_monsoon,1,t2m_C_mean,anom_persistence,0.3679097890853882
1,pre_monsoon,1,t2m_C_mean,anom_persistence,0.4533636271953583
2,pre_monsoon,1,t2m_C_mean,anom_persistence,0.4916980564594269
3,pre_monsoon,1,t2m_C_mean,anom_persistence,0.4581199884414673
4,pre_monsoon,1,t2m_C_mean,anom_persistence,0.4255931079387665
5,pre_monsoon,1,t2m_C_mean,anom_persistence,0.40736767649650574
6,pre_monsoon,1,t2m_C_mean,anom_persistence,0.4178643524646759
7,pre_monsoon,1,t2m_C_mean,anom_persistence,0.4108079969882965
8,pre_monsoon,1,t2m_C_mean,anom_persistence,0.4275081753730774
9,pre_monsoon,1,t2m_C_mean,anom_persistence,0.416392058134079
100,pre_monsoon,1,t2m_C_mean,anom_persistence,0.2851230204105377
101,pre_monsoon,1,t2m_C_mean,anom_persistence,0.3343316614627838
102,pre_monsoon,1,t2m_C_mean,anom_persistence,0.5193657279014587
103,pre_monsoon,1,t2m_C_mean,anom_persistence,0.6579564809799194
104,pre_monsoon,1,t2m_C_mean,anom_persistence,0.34323441982269287
105,pre_monsoon,1,t2m_C_mean,anom_persistence,0.31912440061569214
106,pre_monsoon,1,t2m_C_mean,anom_persistence,0.36889946460723877
107,pre_monsoon,1,t2m_C_mean,anom_persistence,0.3668000102043152
108,pre_monsoon,1,t2m_C_mean,anom_persistence,0.4015313684940338
109,pre_monsoon,1,t2m_C_mean,anom_persistence,0.43916773796081543
200,pre_monsoon,1,t2m_C_mean,anom_persistence,0.24366071820259094
201,pre_monsoon,1,t2m_C_mean,anom_persistence,0.2708449959754944
202,pre_monsoon,1,t2m_C_mean,anom_persistence,0.5906256437301636
203,pre_monsoon,1,t2m_C_mean,anom_persistence,0.7282405495643616
204,pre_monsoon,1,t2m_C_mean,anom_persistence,0.29726287722587585
205,pre_monsoon,1,t2m_C_mean,anom_persistence,0.29469019174575806
206,pre_monsoon,1,t2m_C_mean,anom_persistence,0.320539265871048
207,pre_monsoon,1,t2m_C_mean,anom_persistence,0.34489163756370544
208,pre_monsoon,1,t2m_C_mean,anom_persistence,0.3465377688407898
209,pre_monsoon,1,t2m_C_mean,anom_persistence,0.3793956935405731
300,pre_monsoon,1,t2m_C_mean,anom_persistence,0.26447707414627075
301,pre_monsoon,1,t2m_C_mean,anom_persistence,0.35218849778175354
302,pre_monsoon,1,t2m_C_mean,anom_persistence,0.6126258373260498
303,pre_monsoon,1,t2m_C_mean,anom_persistence,0.7074865698814392
304,pre_monsoon,1,t2m_C_mean,anom_persistence,0.6450819373130798
305,pre_monsoon,1,t2m_C_mean,anom_persistence,0.3634374439716339
306,pre_monsoon,1,t2m_C_mean,anom_persistence,0.3482188582420349
307,pre_monsoon,1,t2m_C_mean,anom_persistence,0.3782115876674652
308,pre_monsoon,1,t2m_C_mean,anom_persistence,0.4081248342990875
309,pre_monsoon,1,t2m_C_mean,anom_persistence,0.5990272760391235
400,pre_monsoon,1,t2m_C_mean,anom_persistence,0.3526175022125244
401,pre_monsoon,1,t2m_C_mean,anom_persistence,0.6171392798423767
402,pre_monsoon,1,t2m_C_mean,anom_persistence,0.7930405735969543
403,pre_monsoon,1,t2m_C_mean,anom_persistence,0.8170385360717773
404,pre_monsoon,1,t2m_C_mean,anom_persistence,0.8864924311637878
405,pre_monsoon,1,t2m_C_mean,anom_persistence,0.7901979088783264
406,pre_monsoon,1,t2m_C_mean,anom_persistence,0.44167158007621765
407,pre_monsoon,1,t2m_C_mean,anom_persistence,0.381347119808197
408,pre_monsoon,1,t2m_C_mean,anom_persistence,0.6422873139381409
409,pre_monsoon,1,t2m_C_mean,anom_persistence,0.7860163450241089
500,pre_monsoon,1,t2m_C_mean,anom_persistence,0.6601710319519043
501,pre_monsoon,1,t2m_C_mean,anom_persistence,0.9757652282714844
502,pre_monsoon,1,t2m_C_mean,anom_persistence,1.0050384998321533
503,pre_monsoon,1,t2m_C_mean,anom_persistence,0.9303706288337708
504,pre_monsoon,1,t2m_C_mean,anom_persistence,1.0514006614685059
505,pre_monsoon,1,t2m_C_mean,anom_persistence,1.215219497680664
506,pre_monsoon,1,t2m_C_mean,anom_persistence,1.1165660619735718
507,pre_monsoon,1,t2m_C_mean,anom_persistence,0.8852739334106445
508,pre_monsoon,1,t2m_C_mean,anom_persistence,0.7984653115272522
509,pre_monsoon,1,t2m_C_mean,anom_persistence,0.8841806054115295
600,pre_monsoon,1,t2m_C_mean,anom_persistence,1.1294727325439453
601,pre_monsoon,1,t2m_C_mean,anom_persistence,1.1405600309371948
602,pre_monsoon,1,t2m_C_mean,anom_persistence,1.1880102157592773
603,pre_monsoon,1,t2m_C_mean,anom_persistence,1.061182975769043
604,pre_monsoon,1,t2m_C_mean,anom_persistence,1.2487804889678955
605,pre_monsoon,1,t2m_C_mean,anom_persistence,1.3560073375701904
606,pre_monsoon,1,t2m_C_mean,anom_persistence,1.2307573556900024
607,pre_monsoon,1,t2m_C_mean,anom_persistence,1.0223023891448975
608,pre_monsoon,1,t2m_C_mean,anom_persistence,0.9457576274871826
609,pre_monsoon,1,t2m_C_mean,anom_persistence,0.8546060919761658
700,pre_monsoon,1,t2m_C_mean,anom_persistence,1.2254457473754883
701,pre_monsoon,1,t2m_C_mean,anom_persistence,1.2999505996704102
702,pre_monsoon,1,t2m_C_mean,anom_persistence,1.1542454957962036
703,pre_monsoon,1,t2m_C_mean,anom_persistence,1.0945405960083008
704,pre_monsoon,1,t2m_C_mean,anom_persistence,1.2443795204162598
705,pre_monsoon,1,t2m_C_mean,anom_persistence,1.22960364818573
706,pre_monsoon,1,t2m_C_mean,anom_persistence,1.3248223066329956
707,pre_monsoon,1,t2m_C_mean,anom_persistence,1.4131063222885132
708,pre_monsoon,1,t2m_C_mean,anom_persistence,1.377435564994812
709,pre_monsoon,1,t2m_C_mean,anom_persistence,1.2102586030960083
800,pre_monsoon,1,t2m_C_mean,anom_persistence,1.3028063774108887
801,pre_monsoon,1,t2m_C_mean,anom_persistence,1.2719813585281372
802,pre_monsoon,1,t2m_C_mean,anom_persistence,1.1813174486160278
803,pre_monsoon,1,t2m_C_mean,anom_persistence,1.7213960886001587
804,pre_monsoon,1,t2m_C_mean,anom_persistence,1.3150359392166138
805,pre_monsoon,1,t2m_C_mean,anom_persistence,1.37330162525177
806,pre_monsoon,1,t2m_C_mean,anom_persistence,1.631809949874878
807,pre_monsoon,1,t2m_C_mean,anom_persistence,1.8233097791671753
808,pre_monsoon,1,t2m_C_mean,anom_persistence,1.9363551139831543
809,pre_monsoon,1,t2m_C_mean,anom_persistence,1.9992820024490356
900,pre_monsoon,1,t2m_C_mean,anom_persistence,1.7267394065856934
901,pre_monsoon,1,t2m_C_mean,anom_persistence,1.322287678718567
902,pre_monsoon,1,t2m_C_mean,anom_persistence,1.5151259899139404
903,pre_monsoon,1,t2m_C_mean,anom_persistence,1.8030908107757568
904,pre_monsoon,1,t2m_C_mean,anom_persistence,1.7477316856384277
905,pre_monsoon,1,t2m_C_mean,anom_persistence,1.8714383840560913
906,pre_monsoon,1,t2m_C_mean,anom_persistence,1.990761399269104
907,pre_monsoon,1,t2m_C_mean,anom_persistence,2.130425453186035
908,pre_monsoon,1,t2m_C_mean,anom_persistence,2.108353853225708
909,pre_monsoon,1,t2m_C_mean,anom_persistence,2.2701504230499268
1000,pre_monsoon,1,t2m_C_mean,anom_persistence,2.2690412998199463
1001,pre_monsoon,1,t2m_C_mean,anom_persistence,1.5733798742294312
1002,pre_monsoon,1,t2m_C_mean,anom_persistence,1.4307368993759155
1003,pre_monsoon,1,t2m_C_mean,anom_persistence,1.7978428602218628
1004,pre_monsoon,1,t2m_C_mean,anom_persistence,2.1567413806915283
1005,pre_monsoon,1,t2m_C_mean,anom_persistence,2.0576446056365967
1006,pre_monsoon,1,t2m_C_mean,anom_persistence,1.852950930595398
1007,pre_monsoon,1,t2m_C_mean,anom_persistence,2.1391656398773193
1008,pre_monsoon,1,t2m_C_mean,anom_persistence,1.8357185125350952
1009,pre_monsoon,1,t2m_C_mean,anom_persistence,2.1832406520843506
0,monsoon,1,t2m_C_mean,anom_persistence,0.32609453797340393
1,monsoon,1,t2m_C_mean,anom_persistence,0.35400861501693726
2,monsoon,1,t2m_C_mean,anom_persistence,0.37541890144348145
3,monsoon,1,t2m_C_mean,anom_persistence,0.2802480459213257
4,monsoon,1,t2m_C_mean,anom_persistence,0.2887188196182251
5,monsoon,1,t2m_C_mean,anom_persistence,0.20510007441043854
6,monsoon,1,t2m_C_mean,anom_persistence,0.3390534818172455
7,monsoon,1,t2m_C_mean,anom_persistence,0.41856086254119873
8,monsoon,1,t2m_C_mean,anom_persistence,0.4639480412006378
9,monsoon,1,t2m_C_mean,anom_persistence,0.4805641770362854
100,monsoon,1,t2m_C_mean,anom_persistence,0.2681225538253784
101,monsoon,1,t2m_C_mean,anom_persistence,0.3781569302082062
102,monsoon,1,t2m_C_mean,anom_persistence,0.41355520486831665
103,monsoon,1,t2m_C_mean,anom_persistence,0.6216447949409485
104,monsoon,1,t2m_C_mean,anom_persistence,0.2390529066324234
105,monsoon,1,t2m_C_mean,anom_persistence,0.2410517781972885
106,monsoon,1,t2m_C_mean,anom_persistence,0.30051106214523315
107,monsoon,1,t2m_C_mean,anom_persistence,0.3777358829975128
108,monsoon,1,t2m_C_mean,anom_persistence,0.418416827917099
109,monsoon,1,t2m_C_mean,anom_persistence,0.3812513053417206
200,monsoon,1,t2m_C_mean,anom_persistence,0.2600691616535187
201,monsoon,1,t2m_C_mean,anom_persistence,0.31183922290802
202,monsoon,1,t2m_C_mean,anom_persistence,0.5173513889312744
203,monsoon,1,t2m_C_mean,anom_persistence,0.739432156085968
204,monsoon,1,t2m_C_mean,anom_persistence,0.41916346549987793
205,monsoon,1,t2m_C_mean,anom_persistence,0.3429868519306183
206,monsoon,1,t2m_C_mean,anom_persistence,0.33049237728118896
207,monsoon,1,t2m_C_mean,anom_persistence,0.3356266915798187
208,monsoon,1,t2m_C_mean,anom_persistence,0.35408294200897217
209,monsoon,1,t2m_C_mean,anom_persistence,0.33886319398880005
300,monsoon,1,t2m_C_mean,anom_persistence,0.1941785365343094
301,monsoon,1,t2m_C_mean,anom_persistence,0.30546700954437256
302,monsoon,1,t2m_C_mean,anom_persistence,0.6040529012680054
303,monsoon,1,t2m_C_mean,anom_persistence,0.7391340732574463
304,monsoon,1,t2m_C_mean,anom_persistence,0.7151427268981934
305,monsoon,1,t2m_C_mean,anom_persistence,0.4177747964859009
306,monsoon,1,t2m_C_mean,anom_persistence,0.32725629210472107
307,monsoon,1,t2m_C_mean,anom_persistence,0.34955352544784546
308,monsoon,1,t2m_C_mean,anom_persistence,0.33726972341537476
309,monsoon,1,t2m_C_mean,anom_persistence,0.4826115369796753
400,monsoon,1,t2m_C_mean,anom_persistence,0.21617378294467926
401,monsoon,1,t2m_C_mean,anom_persistence,0.40323540568351746
402,monsoon,1,t2m_C_mean,anom_persistence,0.7460798025131226
403,monsoon,1,t2m_C_mean,anom_persistence,0.8168678879737854
404,monsoon,1,t2m_C_mean,anom_persistence,0.7998349070549011
405,monsoon,1,t2m_C_mean,anom_persistence,0.7046563625335693
406,monsoon,1,t2m_C_mean,anom_persistence,0.4471474289894104
407,monsoon,1,t2m_C_mean,anom_persistence,0.35096681118011475
408,monsoon,1,t2m_C_mean,anom_persistence,0.5553215742111206
409,monsoon,1,t2m_C_mean,anom_persistence,0.5815068483352661
500,monsoon,1,t2m_C_mean,anom_persistence,0.5159624218940735
501,monsoon,1,t2m_C_mean,anom_persistence,0.7215497493743896
502,monsoon,1,t2m_C_mean,anom_persistence,0.726266622543335
503,monsoon,1,t2m_C_mean,anom_persistence,0.7693622708320618
504,monsoon,1,t2m_C_mean,anom_persistence,0.8389618396759033
505,monsoon,1,t2m_C_mean,anom_persistence,0.8555579781532288
506,monsoon,1,t2m_C_mean,anom_persistence,0.7792324423789978
507,monsoon,1,t2m_C_mean,anom_persistence,0.6469071507453918
508,monsoon,1,t2m_C_mean,anom_persistence,0.6941768527030945
509,monsoon,1,t2m_C_mean,anom_persistence,0.7353907823562622
600,monsoon,1,t2m_C_mean,anom_persistence,0.8415223956108093
601,monsoon,1,t2m_C_mean,anom_persistence,0.9196848273277283
602,monsoon,1,t2m_C_mean,anom_persistence,0.91074138879776
603,monsoon,1,t2m_C_mean,anom_persistence,0.9028424024581909
604,monsoon,1,t2m_C_mean,anom_persistence,0.9532255530357361
605,monsoon,1,t2m_C_mean,anom_persistence,0.9166650772094727
606,monsoon,1,t2m_C_mean,anom_persistence,0.7814091444015503
607,monsoon,1,t2m_C_mean,anom_persistence,0.6829715371131897
608,monsoon,1,t2m_C_mean,anom_persistence,0.7356011271476746
609,monsoon,1,t2m_C_mean,anom_persistence,0.7603462934494019
700,monsoon,1,t2m_C_mean,anom_persistence,0.937301516532898
701,monsoon,1,t2m_C_mean,anom_persistence,1.142529845237732
702,monsoon,1,t2m_C_mean,anom_persistence,1.0975961685180664
703,monsoon,1,t2m_C_mean,anom_persistence,0.9832439422607422
704,monsoon,1,t2m_C_mean,anom_persistence,0.8428580164909363
705,monsoon,1,t2m_C_mean,anom_persistence,0.7681900262832642
706,monsoon,1,t2m_C_mean,anom_persistence,0.7759308815002441
707,monsoon,1,t2m_C_mean,anom_persistence,0.7888656258583069
708,monsoon,1,t2m_C_mean,anom_persistence,0.8426393270492554
709,monsoon,1,t2m_C_mean,anom_persistence,0.8762237429618835
800,monsoon,1,t2m_C_mean,anom_persistence,0.9255301356315613
801,monsoon,1,t2m_C_mean,anom_persistence,1.3523863554000854
802,monsoon,1,t2m_C_mean,anom_persistence,1.1208274364471436
803,monsoon,1,t2m_C_mean,anom_persistence,1.0451436042785645
804,monsoon,1,t2m_C_mean,anom_persistence,0.9239280223846436
805,monsoon,1,t2m_C_mean,anom_persistence,0.9884448647499084
806,monsoon,1,t2m_C_mean,anom_persistence,0.9710986614227295
807,monsoon,1,t2m_C_mean,anom_persistence,0.9173129200935364
808,monsoon,1,t2m_C_mean,anom_persistence,0.994889497756958
809,monsoon,1,t2m_C_mean,anom_persistence,1.0719984769821167
900,monsoon,1,t2m_C_mean,anom_persistence,0.8609215021133423
901,monsoon,1,t2m_C_mean,anom_persistence,1.1262106895446777
902,monsoon,1,t2m_C_mean,anom_persistence,1.2997715473175049
903,monsoon,1,t2m_C_mean,anom_persistence,1.0724538564682007
904,monsoon,1,t2m_C_mean,anom_persistence,1.1183769702911377
905,monsoon,1,t2m_C_mean,anom_persistence,1.140217900276184
906,monsoon,1,t2m_C_mean,anom_persistence,1.1313714981079102
907,monsoon,1,t2m_C_mean,anom_persistence,1.108544111251831
908,monsoon,1,t2m_C_mean,anom_persistence,1.3060264587402344
909,monsoon,1,t2m_C_mean,anom_persistence,1.4578168392181396
1000,monsoon,1,t2m_C_mean,anom_persistence,0.6897146105766296
1001,monsoon,1,t2m_C_mean,anom_persistence,1.1957861185073853
1002,monsoon,1,t2m_C_mean,anom_persistence,1.0266424417495728
1003,monsoon,1,t2m_C_mean,anom_persistence,1.1727908849716187
1004,monsoon,1,t2m_C_mean,anom_persistence,1.311178207397461
1005,monsoon,1,t2m_C_mean,anom_persistence,1.158553957939148
1006,monsoon,1,t2m_C_mean,anom_persistence,1.0323971509933472
1007,monsoon,1,t2m_C_mean,anom_persistence,1.1763689517974854
1008,monsoon,1,t2m_C_mean,anom_persistence,1.5085817575454712
1009,monsoon,1,t2m_C_mean,anom_persistence,1.6469024419784546
0,post_monsoon,1,t2m_C_mean,anom_persistence,0.4511853754520416
1,post_monsoon,1,t2m_C_mean,anom_persistence,0.47811782360076904
2,post_monsoon,1,t2m_C_mean,anom_persistence,0.46712154150009155
3,post_monsoon,1,t2m_C_mean,anom_persistence,0.47092267870903015
4,post_monsoon,1,t2m_C_mean,anom_persistence,0.4035244286060333
5,post_monsoon,1,t2m_C_mean,anom_persistence,0.39996039867401123
6,post_monsoon,1,t2m_C_mean,anom_persistence,0.47552523016929626
7,post_monsoon,1,t2m_C_mean,anom_persistence,0.4980165660381317
8,post_monsoon,1,t2m_C_mean,anom_persistence,0.46109580993652344
9,post_monsoon,1,t2m_C_mean,anom_persistence,0.49203819036483765
100,post_monsoon,1,t2m_C_mean,anom_persistence,0.37182727456092834
101,post_monsoon,1,t2m_C_mean,anom_persistence,0.4366144835948944
102,post_monsoon,1,t2m_C_mean,anom_persistence,0.5269079804420471
103,post_monsoon,1,t2m_C_mean,anom_persistence,0.6823766827583313
104,post_monsoon,1,t2m_C_mean,anom_persistence,0.35330671072006226
105,post_monsoon,1,t2m_C_mean,anom_persistence,0.43103790283203125
106,post_monsoon,1,t2m_C_mean,anom_persistence,0.4395313262939453
107,post_monsoon,1,t2m_C_mean,anom_persistence,0.4675194025039673
108,post_monsoon,1,t2m_C_mean,anom_persistence,0.44230136275291443
109,post_monsoon,1,t2m_C_mean,anom_persistence,0.35693302750587463
200,post_monsoon,1,t2m_C_mean,anom_persistence,0.3133014440536499
201,post_monsoon,1,t2m_C_mean,anom_persistence,0.3357677757740021
202,post_monsoon,1,t2m_C_mean,anom_persistence,0.5413454174995422
203,post_monsoon,1,t2m_C_mean,anom_persistence,0.6646868586540222
204,post_monsoon,1,t2m_C_mean,anom_persistence,0.39083752036094666
205,post_monsoon,1,t2m_C_mean,anom_persistence,0.40481093525886536
206,post_monsoon,1,t2m_C_mean,anom_persistence,0.4512573778629303
207,post_monsoon,1,t2m_C_mean,anom_persistence,0.4070032835006714
208,post_monsoon,1,t2m_C_mean,anom_persistence,0.4137815833091736
209,post_monsoon,1,t2m_C_mean,anom_persistence,0.3451366126537323
300,post_monsoon,1,t2m_C_mean,anom_persistence,0.30457940697669983
301,post_monsoon,1,t2m_C_mean,anom_persistence,0.345466285943985
302,post_monsoon,1,t2m_C_mean,anom_persistence,0.5960010886192322
303,post_monsoon,1,t2m_C_mean,anom_persistence,0.6954858303070068
304,post_monsoon,1,t2m_C_mean,anom_persistence,0.7335798144340515
305,post_monsoon,1,t2m_C_mean,anom_persistence,0.4122523069381714
306,post_monsoon,1,t2m_C_mean,anom_persistence,0.36877647042274475
307,post_monsoon,1,t2m_C_mean,anom_persistence,0.4276639223098755
308,post_monsoon,1,t2m_C_mean,anom_persistence,0.43651166558265686
309,post_monsoon,1,t2m_C_mean,anom_persistence,0.5086749196052551
400,post_monsoon,1,t2m_C_mean,anom_persistence,0.35655200481414795
401,post_monsoon,1,t2m_C_mean,anom_persistence,0.5072770118713379
402,post_monsoon,1,t2m_C_mean,anom_persistence,0.681749701499939
403,post_monsoon,1,t2m_C_mean,anom_persistence,0.7263956665992737
404,post_monsoon,1,t2m_C_mean,anom_persistence,0.6360341906547546
405,post_monsoon,1,t2m_C_mean,anom_persistence,0.6017783880233765
406,post_monsoon,1,t2m_C_mean,anom_persistence,0.46126115322113037
407,post_monsoon,1,t2m_C_mean,anom_persistence,0.4138107895851135
408,post_monsoon,1,t2m_C_mean,anom_persistence,0.5155007243156433
409,post_monsoon,1,t2m_C_mean,anom_persistence,0.47962772846221924
500,post_monsoon,1,t2m_C_mean,anom_persistence,0.5651547312736511
501,post_monsoon,1,t2m_C_mean,anom_persistence,0.7419689893722534
502,post_monsoon,1,t2m_C_mean,anom_persistence,0.764475405216217
503,post_monsoon,1,t2m_C_mean,anom_persistence,0.7571300864219666
504,post_monsoon,1,t2m_C_mean,anom_persistence,0.7447437047958374
505,post_monsoon,1,t2m_C_mean,anom_persistence,0.7094232439994812
506,post_monsoon,1,t2m_C_mean,anom_persistence,0.6895014643669128
507,post_monsoon,1,t2m_C_mean,anom_persistence,0.5733851790428162
508,post_monsoon,1,t2m_C_mean,anom_persistence,0.5396293997764587
509,post_monsoon,1,t2m_C_mean,anom_persistence,0.5252764821052551
600,post_monsoon,1,t2m_C_mean,anom_persistence,0.6363953948020935
601,post_monsoon,1,t2m_C_mean,anom_persistence,0.7442320585250854
602,post_monsoon,1,t2m_C_mean,anom_persistence,0.8032407760620117
603,post_monsoon,1,t2m_C_mean,anom_persistence,0.7779459357261658
604,post_monsoon,1,t2m_C_mean,anom_persistence,0.8401191234588623
605,post_monsoon,1,t2m_C_mean,anom_persistence,0.8034315705299377
606,post_monsoon,1,t2m_C_mean,anom_persistence,0.7105129361152649
607,post_monsoon,1,t2m_C_mean,anom_persistence,0.656728982925415
608,post_monsoon,1,t2m_C_mean,anom_persistence,0.5705085396766663
609,post_monsoon,1,t2m_C_mean,anom_persistence,0.6646770238876343
700,post_monsoon,1,t2m_C_mean,anom_persistence,0.5938066244125366
701,post_monsoon,1,t2m_C_mean,anom_persistence,0.7080779671669006
702,post_monsoon,1,t2m_C_mean,anom_persistence,0.6674028038978577
703,post_monsoon,1,t2m_C_mean,anom_persistence,0.6232603192329407
704,post_monsoon,1,t2m_C_mean,anom_persistence,0.8860465288162231
705,post_monsoon,1,t2m_C_mean,anom_persistence,1.2794156074523926
706,post_monsoon,1,t2m_C_mean,anom_persistence,1.2728327512741089
707,post_monsoon,1,t2m_C_mean,anom_persistence,1.2074114084243774
708,post_monsoon,1,t2m_C_mean,anom_persistence,1.2258644104003906
709,post_monsoon,1,t2m_C_mean,anom_persistence,1.1171526908874512
800,post_monsoon,1,t2m_C_mean,anom_persistence,0.6891897320747375
801,post_monsoon,1,t2m_C_mean,anom_persistence,0.7201639413833618
802,post_monsoon,1,t2m_C_mean,anom_persistence,0.724740743637085
803,post_monsoon,1,t2m_C_mean,anom_persistence,1.0122761726379395
804,post_monsoon,1,t2m_C_mean,anom_persistence,0.8405696153640747
805,post_monsoon,1,t2m_C_mean,anom_persistence,1.0162521600723267
806,post_monsoon,1,t2m_C_mean,anom_persistence,1.2152466773986816
807,post_monsoon,1,t2m_C_mean,anom_persistence,1.4024226665496826
808,post_monsoon,1,t2m_C_mean,anom_persistence,1.9151082038879395
809,post_monsoon,1,t2m_C_mean,anom_persistence,1.9636791944503784
900,post_monsoon,1,t2m_C_mean,anom_persistence,1.0076508522033691
901,post_monsoon,1,t2m_C_mean,anom_persistence,0.8484941124916077
902,post_monsoon,1,t2m_C_mean,anom_persistence,1.4810032844543457
903,post_monsoon,1,t2m_C_mean,anom_persistence,1.1108295917510986
904,post_monsoon,1,t2m_C_mean,anom_persistence,1.1298010349273682
905,post_monsoon,1,t2m_C_mean,anom_persistence,1.2168482542037964
906,post_monsoon,1,t2m_C_mean,anom_persistence,1.2932820320129395
907,post_monsoon,1,t2m_C_mean,anom_persistence,1.2352163791656494
908,post_monsoon,1,t2m_C_mean,anom_persistence,1.1796839237213135
909,post_monsoon,1,t2m_C_mean,anom_persistence,1.2802551984786987
1000,post_monsoon,1,t2m_C_mean,anom_persistence,1.034390926361084
1001,post_monsoon,1,t2m_C_mean,anom_persistence,1.3025087118148804
1002,post_monsoon,1,t2m_C_mean,anom_persistence,1.2350573539733887
1003,post_monsoon,1,t2m_C_mean,anom_persistence,1.063560128211975
1004,post_monsoon,1,t2m_C_mean,anom_persistence,1.2280851602554321
1005,post_monsoon,1,t2m_C_mean,anom_persistence,1.1953109502792358
1006,post_monsoon,1,t2m_C_mean,anom_persistence,1.1985479593276978
1007,post_monsoon,1,t2m_C_mean,anom_persistence,1.0886114835739136
1008,post_monsoon,1,t2m_C_mean,anom_persistence,1.0715503692626953
1009,post_monsoon,1,t2m_C_mean,anom_persistence,1.0528010129928589
0,winter,2,t2m_C_mean,climatology,0.5714878439903259
1,winter,2,t2m_C_mean,climatology,0.4196563959121704
2,winter,2,t2m_C_mean,climatology,0.34452521800994873
3,winter,2,t2m_C_mean,climatology,0.4938594400882721
4,winter,2,t2m_C_mean,climatology,0.54506516456604
5,winter,2,t2m_C_mean,climatology,0.4054960608482361
6,winter,2,t2m_C_mean,climatology,0.44351691007614136
7,winter,2,t2m_C_mean,climatology,0.48782336711883545
8,winter,2,t2m_C_mean,climatology,0.42251238226890564
9,winter,2,t2m_C_mean,climatology,0.3726634681224823
100,winter,2,t2m_C_mean,climatology,0.3884933888912201
101,winter,2,t2m_C_mean,climatology,0.4099959135055542
102,winter,2,t2m_C_mean,climatology,0.8048399686813354
103,winter,2,t2m_C_mean,climatology,1.286057949066162
104,winter,2,t2m_C_mean,climatology,0.4873003363609314
105,winter,2,t2m_C_mean,climatology,0.4634600877761841
106,winter,2,t2m_C_mean,climatology,0.4546401798725128
107,winter,2,t2m_C_mean,climatology,0.43576157093048096
108,winter,2,t2m_C_mean,climatology,0.47607338428497314
109,winter,2,t2m_C_mean,climatology,0.5129260420799255
200,winter,2,t2m_C_mean,climatology,0.5025355815887451
201,winter,2,t2m_C_mean,climatology,0.49993929266929626
202,winter,2,t2m_C_mean,climatology,1.2490595579147339
203,winter,2,t2m_C_mean,climatology,1.7440929412841797
204,winter,2,t2m_C_mean,climatology,0.6098646521568298
205,winter,2,t2m_C_mean,climatology,0.5633718967437744
206,winter,2,t2m_C_mean,climatology,0.5997833013534546
207,winter,2,t2m_C_mean,climatology,0.5282130837440491
208,winter,2,t2m_C_mean,climatology,0.5920854210853577
209,winter,2,t2m_C_mean,climatology,0.6407957673072815
300,winter,2,t2m_C_mean,climatology,0.68162602186203
301,winter,2,t2m_C_mean,climatology,0.7700912356376648
302,winter,2,t2m_C_mean,climatology,1.7376879453659058
303,winter,2,t2m_C_mean,climatology,1.9491053819656372
304,winter,2,t2m_C_mean,climatology,1.700696349143982
305,winter,2,t2m_C_mean,climatology,0.896571159362793
306,winter,2,t2m_C_mean,climatology,0.7329877614974976
307,winter,2,t2m_C_mean,climatology,0.6845851540565491
308,winter,2,t2m_C_mean,climatology,0.6886739134788513
309,winter,2,t2m_C_mean,climatology,1.1315290927886963
400,winter,2,t2m_C_mean,climatology,0.8495190143585205
401,winter,2,t2m_C_mean,climatology,1.1534342765808105
402,winter,2,t2m_C_mean,climatology,2.1010684967041016
403,winter,2,t2m_C_mean,climatology,2.6098427772521973
404,winter,2,t2m_C_mean,climatology,3.0657739639282227
405,winter,2,t2m_C_mean,climatology,2.9323716163635254
406,winter,2,t2m_C_mean,climatology,1.7731804847717285
407,winter,2,t2m_C_mean,climatology,1.152848720550537
408,winter,2,t2m_C_mean,climatology,1.082433819770813
409,winter,2,t2m_C_mean,climatology,1.3088144063949585
500,winter,2,t2m_C_mean,climatology,1.8515101671218872
501,winter,2,t2m_C_mean,climatology,2.006056547164917
502,winter,2,t2m_C_mean,climatology,2.3840439319610596
503,winter,2,t2m_C_mean,climatology,2.9557204246520996
504,winter,2,t2m_C_mean,climatology,3.614863395690918
505,winter,2,t2m_C_mean,climatology,3.509361982345581
506,winter,2,t2m_C_mean,climatology,2.6579666137695312
507,winter,2,t2m_C_mean,climatology,2.088768243789673
508,winter,2,t2m_C_mean,climatology,1.3613026142120361
509,winter,2,t2m_C_mean,climatology,1.405714988708496
600,winter,2,t2m_C_mean,climatology,2.5279312133789062
601,winter,2,t2m_C_mean,climatology,2.357492446899414
602,winter,2,t2m_C_mean,climatology,2.485217332839966
603,winter,2,t2m_C_mean,climatology,3.1102705001831055
604,winter,2,t2m_C_mean,climatology,3.179011344909668
605,winter,2,t2m_C_mean,climatology,2.451856851577759
606,winter,2,t2m_C_mean,climatology,1.8809466361999512
607,winter,2,t2m_C_mean,climatology,1.506338357925415
608,winter,2,t2m_C_mean,climatology,1.2346843481063843
609,winter,2,t2m_C_mean,climatology,1.3500300645828247
700,winter,2,t2m_C_mean,climatology,2.2037835121154785
701,winter,2,t2m_C_mean,climatology,2.268263816833496
702,winter,2,t2m_C_mean,climatology,2.1757609844207764
703,winter,2,t2m_C_mean,climatology,2.0881340503692627
704,winter,2,t2m_C_mean,climatology,1.9315009117126465
705,winter,2,t2m_C_mean,climatology,1.9408812522888184
706,winter,2,t2m_C_mean,climatology,2.1570448875427246
707,winter,2,t2m_C_mean,climatology,2.877863645553589
708,winter,2,t2m_C_mean,climatology,2.9616200923919678
709,winter,2,t2m_C_mean,climatology,2.603062629699707
800,winter,2,t2m_C_mean,climatology,2.0892257690429688
801,winter,2,t2m_C_mean,climatology,1.824608325958252
802,winter,2,t2m_C_mean,climatology,1.84706449508667
803,winter,2,t2m_C_mean,climatology,2.615138053894043
804,winter,2,t2m_C_mean,climatology,2.0286266803741455
805,winter,2,t2m_C_mean,climatology,2.264941453933716
806,winter,2,t2m_C_mean,climatology,2.774928569793701
807,winter,2,t2m_C_mean,climatology,3.365208625793457
808,winter,2,t2m_C_mean,climatology,3.319413661956787
809,winter,2,t2m_C_mean,climatology,3.1392672061920166
900,winter,2,t2m_C_mean,climatology,2.8281338214874268
901,winter,2,t2m_C_mean,climatology,2.447234869003296
902,winter,2,t2m_C_mean,climatology,2.9362401962280273
903,winter,2,t2m_C_mean,climatology,2.735126256942749
904,winter,2,t2m_C_mean,climatology,2.269770622253418
905,winter,2,t2m_C_mean,climatology,3.0013391971588135
906,winter,2,t2m_C_mean,climatology,3.247269630432129
907,winter,2,t2m_C_mean,climatology,3.4042279720306396
908,winter,2,t2m_C_mean,climatology,3.1233386993408203
909,winter,2,t2m_C_mean,climatology,2.8993988037109375
1000,winter,2,t2m_C_mean,climatology,3.01151180267334
1001,winter,2,t2m_C_mean,climatology,3.6420297622680664
1002,winter,2,t2m_C_mean,climatology,2.295527219772339
1003,winter,2,t2m_C_mean,climatology,2.092609167098999
1004,winter,2,t2m_C_mean,climatology,2.991166830062866
1005,winter,2,t2m_C_mean,climatology,2.7458696365356445
1006,winter,2,t2m_C_mean,climatology,3.0273334980010986
1007,winter,2,t2m_C_mean,climatology,3.005791664123535
1008,winter,2,t2m_C_mean,climatology,2.6473381519317627
1009,winter,2,t2m_C_mean,climatology,2.4155466556549072
0,pre_monsoon,2,t2m_C_mean,climatology,0.399309366941452
1,pre_monsoon,2,t2m_C_mean,climatology,0.5134986042976379
2,pre_monsoon,2,t2m_C_mean,climatology,0.5490339398384094
3,pre_monsoon,2,t2m_C_mean,climatology,0.5657923221588135
4,pre_monsoon,2,t2m_C_mean,climatology,0.43637707829475403
5,pre_monsoon,2,t2m_C_mean,climatology,0.446340411901474
6,pre_monsoon,2,t2m_C_mean,climatology,0.460379958152771
7,pre_monsoon,2,t2m_C_mean,climatology,0.44793403148651123
8,pre_monsoon,2,t2m_C_mean,climatology,0.44719770550727844
9,pre_monsoon,2,t2m_C_mean,climatology,0.4965117871761322
100,pre_monsoon,2,t2m_C_mean,climatology,0.44832122325897217
101,pre_monsoon,2,t2m_C_mean,climatology,0.46260473132133484
102,pre_monsoon,2,t2m_C_mean,climatology,0.7774782180786133
103,pre_monsoon,2,t2m_C_mean,climatology,1.1588393449783325
104,pre_monsoon,2,t2m_C_mean,climatology,0.48307234048843384
105,pre_monsoon,2,t2m_C_mean,climatology,0.47849220037460327
106,pre_monsoon,2,t2m_C_mean,climatology,0.5639998912811279
107,pre_monsoon,2,t2m_C_mean,climatology,0.5340774059295654
108,pre_monsoon,2,t2m_C_mean,climatology,0.46624866127967834
109,pre_monsoon,2,t2m_C_mean,climatology,0.5830864906311035
200,pre_monsoon,2,t2m_C_mean,climatology,0.4646073877811432
201,pre_monsoon,2,t2m_C_mean,climatology,0.44670140743255615
202,pre_monsoon,2,t2m_C_mean,climatology,0.9748455882072449
203,pre_monsoon,2,t2m_C_mean,climatology,1.3039485216140747
204,pre_monsoon,2,t2m_C_mean,climatology,0.5983535051345825
205,pre_monsoon,2,t2m_C_mean,climatology,0.5949984788894653
206,pre_monsoon,2,t2m_C_mean,climatology,0.6790268421173096
207,pre_monsoon,2,t2m_C_mean,climatology,0.6296958327293396
208,pre_monsoon,2,t2m_C_mean,climatology,0.5484945774078369
209,pre_monsoon,2,t2m_C_mean,climatology,0.6497374773025513
300,pre_monsoon,2,t2m_C_mean,climatology,0.5831796526908875
301,pre_monsoon,2,t2m_C_mean,climatology,0.665851891040802
302,pre_monsoon,2,t2m_C_mean,climatology,1.2358118295669556
303,pre_monsoon,2,t2m_C_mean,climatology,1.0635864734649658
304,pre_monsoon,2,t2m_C_mean,climatology,0.9424661993980408
305,pre_monsoon,2,t2m_C_mean,climatology,0.588304877281189
306,pre_monsoon,2,t2m_C_mean,climatology,0.6022557020187378
307,pre_monsoon,2,t2m_C_mean,climatology,0.6063089966773987
308,pre_monsoon,2,t2m_C_mean,climatology,0.6481339931488037
309,pre_monsoon,2,t2m_C_mean,climatology,1.1495275497436523
400,pre_monsoon,2,t2m_C_mean,climatology,0.728304386138916
401,pre_monsoon,2,t2m_C_mean,climatology,1.1434921026229858
402,pre_monsoon,2,t2m_C_mean,climatology,1.6382232904434204
403,pre_monsoon,2,t2m_C_mean,climatology,1.5084128379821777
404,pre_monsoon,2,t2m_C_mean,climatology,1.4391310214996338
405,pre_monsoon,2,t2m_C_mean,climatology,1.1962151527404785
406,pre_monsoon,2,t2m_C_mean,climatology,0.6892590522766113
407,pre_monsoon,2,t2m_C_mean,climatology,0.6571171283721924
408,pre_monsoon,2,t2m_C_mean,climatology,0.9703389406204224
409,pre_monsoon,2,t2m_C_mean,climatology,1.1915396451950073
500,pre_monsoon,2,t2m_C_mean,climatology,1.3388745784759521
501,pre_monsoon,2,t2m_C_mean,climatology,2.336531162261963
502,pre_monsoon,2,t2m_C_mean,climatology,2.4358413219451904
503,pre_monsoon,2,t2m_C_mean,climatology,2.0835671424865723
504,pre_monsoon,2,t2m_C_mean,climatology,1.8688774108886719
505,pre_monsoon,2,t2m_C_mean,climatology,1.8445286750793457
506,pre_monsoon,2,t2m_C_mean,climatology,1.6422003507614136
507,pre_monsoon,2,t2m_C_mean,climatology,1.3301305770874023
508,pre_monsoon,2,t2m_C_mean,climatology,1.222974419593811
509,pre_monsoon,2,t2m_C_mean,climatology,1.3757140636444092
600,pre_monsoon,2,t2m_C_mean,climatology,1.98995041847229
601,pre_monsoon,2,t2m_C_mean,climatology,2.843825101852417
602,pre_monsoon,2,t2m_C_mean,climatology,2.696167469024658
603,pre_monsoon,2,t2m_C_mean,climatology,2.032294273376465
604,pre_monsoon,2,t2m_C_mean,climatology,1.8737672567367554
605,pre_monsoon,2,t2m_C_mean,climatology,1.8813124895095825
606,pre_monsoon,2,t2m_C_mean,climatology,1.6620914936065674
607,pre_monsoon,2,t2m_C_mean,climatology,1.2607101202011108
608,pre_monsoon,2,t2m_C_mean,climatology,1.0336427688598633
609,pre_monsoon,2,t2m_C_mean,climatology,1.0017123222351074
700,pre_monsoon,2,t2m_C_mean,climatology,2.4926109313964844
701,pre_monsoon,2,t2m_C_mean,climatology,2.409724235534668
702,pre_monsoon,2,t2m_C_mean,climatology,2.410735607147217
703,pre_monsoon,2,t2m_C_mean,climatology,1.7300655841827393
704,pre_monsoon,2,t2m_C_mean,climatology,1.514663815498352
705,pre_monsoon,2,t2m_C_mean,climatology,1.4670352935791016
706,pre_monsoon,2,t2m_C_mean,climatology,1.7431780099868774
707,pre_monsoon,2,t2m_C_mean,climatology,2.1297130584716797
708,pre_monsoon,2,t2m_C_mean,climatology,1.6779553890228271
709,pre_monsoon,2,t2m_C_mean,climatology,1.4630483388900757
800,pre_monsoon,2,t2m_C_mean,climatology,2.663625955581665
801,pre_monsoon,2,t2m_C_mean,climatology,2.1039953231811523
802,pre_monsoon,2,t2m_C_mean,climatology,1.8050017356872559
803,pre_monsoon,2,t2m_C_mean,climatology,1.7444138526916504
804,pre_monsoon,2,t2m_C_mean,climatology,1.3849881887435913
805,pre_monsoon,2,t2m_C_mean,climatology,1.403774380683899
806,pre_monsoon,2,t2m_C_mean,climatology,1.7547329664230347
807,pre_monsoon,2,t2m_C_mean,climatology,1.8496458530426025
808,pre_monsoon,2,t2m_C_mean,climatology,2.2189621925354004
809,pre_monsoon,2,t2m_C_mean,climatology,2.5733885765075684
900,pre_monsoon,2,t2m_C_mean,climatology,3.01778507232666
901,pre_monsoon,2,t2m_C_mean,climatology,2.1008999347686768
902,pre_monsoon,2,t2m_C_mean,climatology,1.7437160015106201
903,pre_monsoon,2,t2m_C_mean,climatology,1.924864411354065
904,pre_monsoon,2,t2m_C_mean,climatology,2.1998276710510254
905,pre_monsoon,2,t2m_C_mean,climatology,1.8582903146743774
906,pre_monsoon,2,t2m_C_mean,climatology,1.7476582527160645
907,pre_monsoon,2,t2m_C_mean,climatology,1.9200148582458496
908,pre_monsoon,2,t2m_C_mean,climatology,2.0327305793762207
909,pre_monsoon,2,t2m_C_mean,climatology,2.220898151397705
1000,pre_monsoon,2,t2m_C_mean,climatology,4.336090564727783
1001,pre_monsoon,2,t2m_C_mean,climatology,2.3393666744232178
1002,pre_monsoon,2,t2m_C_mean,climatology,2.0163707733154297
1003,pre_monsoon,2,t2m_C_mean,climatology,3.1214418411254883
1004,pre_monsoon,2,t2m_C_mean,climatology,3.43831467628479
1005,pre_monsoon,2,t2m_C_mean,climatology,2.4281222820281982
1006,pre_monsoon,2,t2m_C_mean,climatology,1.8760782480239868
1007,pre_monsoon,2,t2m_C_mean,climatology,2.145225763320923
1008,pre_monsoon,2,t2m_C_mean,climatology,1.886857509613037
1009,pre_monsoon,2,t2m_C_mean,climatology,2.2938215732574463
0,monsoon,2,t2m_C_mean,climatology,0.4801235795021057
1,monsoon,2,t2m_C_mean,climatology,0.5140773057937622
2,monsoon,2,t2m_C_mean,climatology,0.5305296182632446
3,monsoon,2,t2m_C_mean,climatology,0.49219152331352234
4,monsoon,2,t2m_C_mean,climatology,0.4155343174934387
5,monsoon,2,t2m_C_mean,climatology,0.26390203833580017
6,monsoon,2,t2m_C_mean,climatology,0.42999643087387085
7,monsoon,2,t2m_C_mean,climatology,0.42046767473220825
8,monsoon,2,t2m_C_mean,climatology,0.42174094915390015
9,monsoon,2,t2m_C_mean,climatology,0.47993412613868713
100,monsoon,2,t2m_C_mean,climatology,0.3747393488883972
101,monsoon,2,t2m_C_mean,climatology,0.5155239701271057
102,monsoon,2,t2m_C_mean,climatology,0.5799639821052551
103,monsoon,2,t2m_C_mean,climatology,0.915663480758667
104,monsoon,2,t2m_C_mean,climatology,0.3833559453487396
105,monsoon,2,t2m_C_mean,climatology,0.3312883973121643
106,monsoon,2,t2m_C_mean,climatology,0.39131391048431396
107,monsoon,2,t2m_C_mean,climatology,0.4098134934902191
108,monsoon,2,t2m_C_mean,climatology,0.37226831912994385
109,monsoon,2,t2m_C_mean,climatology,0.3711802065372467
200,monsoon,2,t2m_C_mean,climatology,0.37855494022369385
201,monsoon,2,t2m_C_mean,climatology,0.3745465576648712
202,monsoon,2,t2m_C_mean,climatology,0.6651306748390198
203,monsoon,2,t2m_C_mean,climatology,1.1567857265472412
204,monsoon,2,t2m_C_mean,climatology,0.7040731906890869
205,monsoon,2,t2m_C_mean,climatology,0.4651152789592743
206,monsoon,2,t2m_C_mean,climatology,0.38846540451049805
207,monsoon,2,t2m_C_mean,climatology,0.40321433544158936
208,monsoon,2,t2m_C_mean,climatology,0.4070175290107727
209,monsoon,2,t2m_C_mean,climatology,0.46654012799263
300,monsoon,2,t2m_C_mean,climatology,0.34197673201560974
301,monsoon,2,t2m_C_mean,climatology,0.36561381816864014
302,monsoon,2,t2m_C_mean,climatology,0.7725514769554138
303,monsoon,2,t2m_C_mean,climatology,1.140259027481079
304,monsoon,2,t2m_C_mean,climatology,1.2524610757827759
305,monsoon,2,t2m_C_mean,climatology,0.6139005422592163
306,monsoon,2,t2m_C_mean,climatology,0.49768146872520447
307,monsoon,2,t2m_C_mean,climatology,0.4307715892791748
308,monsoon,2,t2m_C_mean,climatology,0.43473780155181885
309,monsoon,2,t2m_C_mean,climatology,0.6208570003509521
400,monsoon,2,t2m_C_mean,climatology,0.39244818687438965
401,monsoon,2,t2m_C_mean,climatology,0.6412217617034912
402,monsoon,2,t2m_C_mean,climatology,1.0955712795257568
403,monsoon,2,t2m_C_mean,climatology,1.3441561460494995
404,monsoon,2,t2m_C_mean,climatology,1.2913202047348022
405,monsoon,2,t2m_C_mean,climatology,1.1098151206970215
406,monsoon,2,t2m_C_mean,climatology,0.6885560750961304
407,monsoon,2,t2m_C_mean,climatology,0.49607712030410767
408,monsoon,2,t2m_C_mean,climatology,0.6649925112724304
409,monsoon,2,t2m_C_mean,climatology,0.6450942158699036
500,monsoon,2,t2m_C_mean,climatology,0.8263158798217773
501,monsoon,2,t2m_C_mean,climatology,1.3547176122665405
502,monsoon,2,t2m_C_mean,climatology,1.375508427619934
503,monsoon,2,t2m_C_mean,climatology,1.2765495777130127
504,monsoon,2,t2m_C_mean,climatology,1.0956555604934692
505,monsoon,2,t2m_C_mean,climatology,1.0438934564590454
506,monsoon,2,t2m_C_mean,climatology,1.0451698303222656
507,monsoon,2,t2m_C_mean,climatology,0.9763163328170776
508,monsoon,2,t2m_C_mean,climatology,0.9077038168907166
509,monsoon,2,t2m_C_mean,climatology,0.7681052684783936
600,monsoon,2,t2m_C_mean,climatology,1.4790867567062378
601,monsoon,2,t2m_C_mean,climatology,1.4968104362487793
602,monsoon,2,t2m_C_mean,climatology,1.2764372825622559
603,monsoon,2,t2m_C_mean,climatology,1.1313337087631226
604,monsoon,2,t2m_C_mean,climatology,1.0688445568084717
605,monsoon,2,t2m_C_mean,climatology,1.116134762763977
606,monsoon,2,t2m_C_mean,climatology,0.9688682556152344
607,monsoon,2,t2m_C_mean,climatology,1.0253071784973145
608,monsoon,2,t2m_C_mean,climatology,1.0378944873809814
609,monsoon,2,t2m_C_mean,climatology,1.0392731428146362
700,monsoon,2,t2m_C_mean,climatology,1.972068190574646
701,monsoon,2,t2m_C_mean,climatology,2.41481876373291
702,monsoon,2,t2m_C_mean,climatology,1.6411209106445312
703,monsoon,2,t2m_C_mean,climatology,1.2682349681854248
704,monsoon,2,t2m_C_mean,climatology,1.6340380907058716
705,monsoon,2,t2m_C_mean,climatology,1.8010213375091553
706,monsoon,2,t2m_C_mean,climatology,1.327134370803833
707,monsoon,2,t2m_C_mean,climatology,1.135123610496521
708,monsoon,2,t2m_C_mean,climatology,1.1202393770217896
709,monsoon,2,t2m_C_mean,climatology,1.2092485427856445
800,monsoon,2,t2m_C_mean,climatology,2.157841682434082
801,monsoon,2,t2m_C_mean,climatology,2.6980042457580566
802,monsoon,2,t2m_C_mean,climatology,2.262281656265259
803,monsoon,2,t2m_C_mean,climatology,3.4075000286102295
804,monsoon,2,t2m_C_mean,climatology,2.6774609088897705
805,monsoon,2,t2m_C_mean,climatology,1.96291983127594
806,monsoon,2,t2m_C_mean,climatology,1.5021697282791138
807,monsoon,2,t2m_C_mean,climatology,1.3115442991256714
808,monsoon,2,t2m_C_mean,climatology,1.3820099830627441
809,monsoon,2,t2m_C_mean,climatology,1.4758116006851196
900,monsoon,2,t2m_C_mean,climatology,1.684391736984253
901,monsoon,2,t2m_C_mean,climatology,2.47373628616333
902,monsoon,2,t2m_C_mean,climatology,3.269016742706299
903,monsoon,2,t2m_C_mean,climatology,3.104980945587158
904,monsoon,2,t2m_C_mean,climatology,2.566631317138672
905,monsoon,2,t2m_C_mean,climatology,2.1388814449310303
906,monsoon,2,t2m_C_mean,climatology,1.801912546157837
907,monsoon,2,t2m_C_mean,climatology,1.617496132850647
908,monsoon,2,t2m_C_mean,climatology,1.5972058773040771
909,monsoon,2,t2m_C_mean,climatology,1.8532034158706665
1000,monsoon,2,t2m_C_mean,climatology,1.4678386449813843
1001,monsoon,2,t2m_C_mean,climatology,2.4823415279388428
1002,monsoon,2,t2m_C_mean,climatology,2.7852821350097656
1003,monsoon,2,t2m_C_mean,climatology,2.7585928440093994
1004,monsoon,2,t2m_C_mean,climatology,2.887608528137207
1005,monsoon,2,t2m_C_mean,climatology,2.3907015323638916
1006,monsoon,2,t2m_C_mean,climatology,1.8129645586013794
1007,monsoon,2,t2m_C_mean,climatology,1.747328758239746
1008,monsoon,2,t2m_C_mean,climatology,1.9119277000427246
1009,monsoon,2,t2m_C_mean,climatology,1.8992947340011597
0,post_monsoon,2,t2m_C_mean,climatology,0.3626044988632202
1,post_monsoon,2,t2m_C_mean,climatology,0.4340495467185974
2,post_monsoon,2,t2m_C_mean,climatology,0.6048010587692261
3,post_monsoon,2,t2m_C_mean,climatology,0.8855483531951904
4,post_monsoon,2,t2m_C_mean,climatology,0.9885890483856201
5,post_monsoon,2,t2m_C_mean,climatology,0.7022364139556885
6,post_monsoon,2,t2m_C_mean,climatology,0.5376009345054626
7,post_monsoon,2,t2m_C_mean,climatology,0.4830099642276764
8,post_monsoon,2,t2m_C_mean,climatology,0.523903489112854
9,post_monsoon,2,t2m_C_mean,climatology,0.45889678597450256
100,post_monsoon,2,t2m_C_mean,climatology,0.3261198103427887
101,post_monsoon,2,t2m_C_mean,climatology,0.40060335397720337
102,post_monsoon,2,t2m_C_mean,climatology,0.600778341293335
103,post_monsoon,2,t2m_C_mean,climatology,1.1450529098510742
104,post_monsoon,2,t2m_C_mean,climatology,0.8634650707244873
105,post_monsoon,2,t2m_C_mean,climatology,0.5928710103034973
106,post_monsoon,2,t2m_C_mean,climatology,0.5188401341438293
107,post_monsoon,2,t2m_C_mean,climatology,0.4695514142513275
108,post_monsoon,2,t2m_C_mean,climatology,0.4355584383010864
109,post_monsoon,2,t2m_C_mean,climatology,0.3499952554702759
200,post_monsoon,2,t2m_C_mean,climatology,0.3907146155834198
201,post_monsoon,2,t2m_C_mean,climatology,0.45730555057525635
202,post_monsoon,2,t2m_C_mean,climatology,0.9494194388389587
203,post_monsoon,2,t2m_C_mean,climatology,1.1957379579544067
204,post_monsoon,2,t2m_C_mean,climatology,0.8306979537010193
205,post_monsoon,2,t2m_C_mean,climatology,0.5945952534675598
206,post_monsoon,2,t2m_C_mean,climatology,0.5393986701965332
207,post_monsoon,2,t2m_C_mean,climatology,0.5227367877960205
208,post_monsoon,2,t2m_C_mean,climatology,0.5054422616958618
209,post_monsoon,2,t2m_C_mean,climatology,0.5837998390197754
300,post_monsoon,2,t2m_C_mean,climatology,0.702205240726471
301,post_monsoon,2,t2m_C_mean,climatology,0.9264791011810303
302,post_monsoon,2,t2m_C_mean,climatology,1.46323823928833
303,post_monsoon,2,t2m_C_mean,climatology,1.7054842710494995
304,post_monsoon,2,t2m_C_mean,climatology,1.4985668659210205
305,post_monsoon,2,t2m_C_mean,climatology,1.0233914852142334
306,post_monsoon,2,t2m_C_mean,climatology,0.8547173142433167
307,post_monsoon,2,t2m_C_mean,climatology,0.7646492123603821
308,post_monsoon,2,t2m_C_mean,climatology,0.7694061994552612
309,post_monsoon,2,t2m_C_mean,climatology,1.119856595993042
400,post_monsoon,2,t2m_C_mean,climatology,1.1126073598861694
401,post_monsoon,2,t2m_C_mean,climatology,1.57905912399292
402,post_monsoon,2,t2m_C_mean,climatology,2.2563772201538086
403,post_monsoon,2,t2m_C_mean,climatology,2.3208978176116943
404,post_monsoon,2,t2m_C_mean,climatology,2.3747854232788086
405,post_monsoon,2,t2m_C_mean,climatology,2.133124589920044
406,post_monsoon,2,t2m_C_mean,climatology,1.5917803049087524
407,post_monsoon,2,t2m_C_mean,climatology,1.3070789575576782
408,post_monsoon,2,t2m_C_mean,climatology,1.3676772117614746
409,post_monsoon,2,t2m_C_mean,climatology,1.3651080131530762
500,post_monsoon,2,t2m_C_mean,climatology,2.0175492763519287
501,post_monsoon,2,t2m_C_mean,climatology,2.393458366394043
502,post_monsoon,2,t2m_C_mean,climatology,2.4263885021209717
503,post_monsoon,2,t2m_C_mean,climatology,2.4569408893585205
504,post_monsoon,2,t2m_C_mean,climatology,2.6909751892089844
505,post_monsoon,2,t2m_C_mean,climatology,2.840839385986328
506,post_monsoon,2,t2m_C_mean,climatology,2.636894941329956
507,post_monsoon,2,t2m_C_mean,climatology,2.5031321048736572
508,post_monsoon,2,t2m_C_mean,climatology,2.007375717163086
509,post_monsoon,2,t2m_C_mean,climatology,1.8785752058029175
600,post_monsoon,2,t2m_C_mean,climatology,2.5262787342071533
601,post_monsoon,2,t2m_C_mean,climatology,2.2186801433563232
602,post_monsoon,2,t2m_C_mean,climatology,2.3646609783172607
603,post_monsoon,2,t2m_C_mean,climatology,2.6298646926879883
604,post_monsoon,2,t2m_C_mean,climatology,2.77862548828125
605,post_monsoon,2,t2m_C_mean,climatology,2.6814374923706055
606,post_monsoon,2,t2m_C_mean,climatology,2.2948901653289795
607,post_monsoon,2,t2m_C_mean,climatology,1.9786219596862793
608,post_monsoon,2,t2m_C_mean,climatology,1.8351789712905884
609,post_monsoon,2,t2m_C_mean,climatology,1.9114229679107666
700,post_monsoon,2,t2m_C_mean,climatology,2.461454391479492
701,post_monsoon,2,t2m_C_mean,climatology,2.696049690246582
702,post_monsoon,2,t2m_C_mean,climatology,2.651186943054199
703,post_monsoon,2,t2m_C_mean,climatology,2.274217367172241
704,post_monsoon,2,t2m_C_mean,climatology,2.0756943225860596
705,post_monsoon,2,t2m_C_mean,climatology,3.3635127544403076
706,post_monsoon,2,t2m_C_mean,climatology,3.395948886871338
707,post_monsoon,2,t2m_C_mean,climatology,2.6718931198120117
708,post_monsoon,2,t2m_C_mean,climatology,2.496849298477173
709,post_monsoon,2,t2m_C_mean,climatology,2.3349802494049072
800,post_monsoon,2,t2m_C_mean,climatology,2.1734910011291504
801,post_monsoon,2,t2m_C_mean,climatology,2.8368451595306396
802,post_monsoon,2,t2m_C_mean,climatology,2.3803858757019043
803,post_monsoon,2,t2m_C_mean,climatology,2.2954561710357666
804,post_monsoon,2,t2m_C_mean,climatology,1.7243174314498901
805,post_monsoon,2,t2m_C_mean,climatology,2.1446449756622314
806,post_monsoon,2,t2m_C_mean,climatology,2.9667210578918457
807,post_monsoon,2,t2m_C_mean,climatology,2.856682062149048
808,post_monsoon,2,t2m_C_mean,climatology,3.16558837890625
809,post_monsoon,2,t2m_C_mean,climatology,3.548798084259033
900,post_monsoon,2,t2m_C_mean,climatology,2.3464956283569336
901,post_monsoon,2,t2m_C_mean,climatology,2.243337631225586
902,post_monsoon,2,t2m_C_mean,climatology,2.444037437438965
903,post_monsoon,2,t2m_C_mean,climatology,2.1177971363067627
904,post_monsoon,2,t2m_C_mean,climatology,2.2231380939483643
905,post_monsoon,2,t2m_C_mean,climatology,2.1418330669403076
906,post_monsoon,2,t2m_C_mean,climatology,2.3207688331604004
907,post_monsoon,2,t2m_C_mean,climatology,2.4426145553588867
908,post_monsoon,2,t2m_C_mean,climatology,2.2711782455444336
909,post_monsoon,2,t2m_C_mean,climatology,2.534881591796875
1000,post_monsoon,2,t2m_C_mean,climatology,3.1496827602386475
1001,post_monsoon,2,t2m_C_mean,climatology,2.624190092086792
1002,post_monsoon,2,t2m_C_mean,climatology,1.9226598739624023
1003,post_monsoon,2,t2m_C_mean,climatology,2.2232203483581543
1004,post_monsoon,2,t2m_C_mean,climatology,2.8793818950653076
1005,post_monsoon,2,t2m_C_mean,climatology,2.1413261890411377
1006,post_monsoon,2,t2m_C_mean,climatology,2.091132402420044
1007,post_monsoon,2,t2m_C_mean,climatology,2.1385741233825684
1008,post_monsoon,2,t2m_C_mean,climatology,2.4008100032806396
1009,post_monsoon,2,t2m_C_mean,climatology,2.5756802558898926
0,winter,2,t2m_C_mean,persistence,0.5039358735084534
1,winter,2,t2m_C_mean,persistence,0.31801068782806396
2,winter,2,t2m_C_mean,persistence,0.30343496799468994
3,winter,2,t2m_C_mean,persistence,0.37574559450149536
4,winter,2,t2m_C_mean,persistence,0.4723106026649475
5,winter,2,t2m_C_mean,persistence,0.3790307343006134
6,winter,2,t2m_C_mean,persistence,0.4504075050354004
7,winter,2,t2m_C_mean,persistence,0.5291125178337097
8,winter,2,t2m_C_mean,persistence,0.5063647031784058
9,winter,2,t2m_C_mean,persistence,0.37877628207206726
100,winter,2,t2m_C_mean,persistence,0.33833399415016174
101,winter,2,t2m_C_mean,persistence,0.27254152297973633
102,winter,2,t2m_C_mean,persistence,0.3993804156780243
103,winter,2,t2m_C_mean,persistence,0.6370665431022644
104,winter,2,t2m_C_mean,persistence,0.4424186050891876
105,winter,2,t2m_C_mean,persistence,0.42244753241539
106,winter,2,t2m_C_mean,persistence,0.48157480359077454
107,winter,2,t2m_C_mean,persistence,0.5182052850723267
108,winter,2,t2m_C_mean,persistence,0.4124813973903656
109,winter,2,t2m_C_mean,persistence,0.3824765980243683
200,winter,2,t2m_C_mean,persistence,0.31453031301498413
201,winter,2,t2m_C_mean,persistence,0.34121638536453247
202,winter,2,t2m_C_mean,persistence,0.6170161962509155
203,winter,2,t2m_C_mean,persistence,0.7911474108695984
204,winter,2,t2m_C_mean,persistence,0.47813165187835693
205,winter,2,t2m_C_mean,persistence,0.44995084404945374
206,winter,2,t2m_C_mean,persistence,0.5269783735275269
207,winter,2,t2m_C_mean,persistence,0.4754955470561981
208,winter,2,t2m_C_mean,persistence,0.4550516903400421
209,winter,2,t2m_C_mean,persistence,0.5340031385421753
300,winter,2,t2m_C_mean,persistence,0.5950802564620972
301,winter,2,t2m_C_mean,persistence,0.5663278698921204
302,winter,2,t2m_C_mean,persistence,0.7235435843467712
303,winter,2,t2m_C_mean,persistence,0.7838348746299744
304,winter,2,t2m_C_mean,persistence,0.6934403777122498
305,winter,2,t2m_C_mean,persistence,0.4886847138404846
306,winter,2,t2m_C_mean,persistence,0.5146612524986267
307,winter,2,t2m_C_mean,persistence,0.5956659913063049
308,winter,2,t2m_C_mean,persistence,0.6177011132240295
309,winter,2,t2m_C_mean,persistence,0.7786852717399597
400,winter,2,t2m_C_mean,persistence,0.7595999240875244
401,winter,2,t2m_C_mean,persistence,0.8325005173683167
402,winter,2,t2m_C_mean,persistence,1.3937993049621582
403,winter,2,t2m_C_mean,persistence,1.3495101928710938
404,winter,2,t2m_C_mean,persistence,1.3079506158828735
405,winter,2,t2m_C_mean,persistence,1.1566789150238037
406,winter,2,t2m_C_mean,persistence,0.8269138932228088
407,winter,2,t2m_C_mean,persistence,0.6711120009422302
408,winter,2,t2m_C_mean,persistence,0.912602424621582
409,winter,2,t2m_C_mean,persistence,0.7765764594078064
500,winter,2,t2m_C_mean,persistence,1.0512146949768066
501,winter,2,t2m_C_mean,persistence,1.4752650260925293
502,winter,2,t2m_C_mean,persistence,2.0359177589416504
503,winter,2,t2m_C_mean,persistence,2.016172409057617
504,winter,2,t2m_C_mean,persistence,2.0269663333892822
505,winter,2,t2m_C_mean,persistence,1.7541050910949707
506,winter,2,t2m_C_mean,persistence,1.6655102968215942
507,winter,2,t2m_C_mean,persistence,1.623935341835022
508,winter,2,t2m_C_mean,persistence,1.209144115447998
509,winter,2,t2m_C_mean,persistence,0.8255598545074463
600,winter,2,t2m_C_mean,persistence,1.123176097869873
601,winter,2,t2m_C_mean,persistence,1.8383265733718872
602,winter,2,t2m_C_mean,persistence,1.9517720937728882
603,winter,2,t2m_C_mean,persistence,1.5064654350280762
604,winter,2,t2m_C_mean,persistence,1.538443922996521
605,winter,2,t2m_C_mean,persistence,1.5760853290557861
606,winter,2,t2m_C_mean,persistence,1.4138035774230957
607,winter,2,t2m_C_mean,persistence,1.197289228439331
608,winter,2,t2m_C_mean,persistence,1.0071874856948853
609,winter,2,t2m_C_mean,persistence,1.1178733110427856
700,winter,2,t2m_C_mean,persistence,1.359269380569458
701,winter,2,t2m_C_mean,persistence,1.4440221786499023
702,winter,2,t2m_C_mean,persistence,1.4855796098709106
703,winter,2,t2m_C_mean,persistence,1.337697148323059
704,winter,2,t2m_C_mean,persistence,1.7453821897506714
705,winter,2,t2m_C_mean,persistence,1.791943073272705
706,winter,2,t2m_C_mean,persistence,1.8552570343017578
707,winter,2,t2m_C_mean,persistence,2.0591697692871094
708,winter,2,t2m_C_mean,persistence,2.1812915802001953
709,winter,2,t2m_C_mean,persistence,1.9453071355819702
800,winter,2,t2m_C_mean,persistence,2.0929298400878906
801,winter,2,t2m_C_mean,persistence,1.1068530082702637
802,winter,2,t2m_C_mean,persistence,1.756262183189392
803,winter,2,t2m_C_mean,persistence,3.355041742324829
804,winter,2,t2m_C_mean,persistence,2.1096267700195312
805,winter,2,t2m_C_mean,persistence,1.9758516550064087
806,winter,2,t2m_C_mean,persistence,2.2191343307495117
807,winter,2,t2m_C_mean,persistence,2.562995672225952
808,winter,2,t2m_C_mean,persistence,2.800450325012207
809,winter,2,t2m_C_mean,persistence,2.910080909729004
900,winter,2,t2m_C_mean,persistence,2.8174116611480713
901,winter,2,t2m_C_mean,persistence,2.1016108989715576
902,winter,2,t2m_C_mean,persistence,2.888413906097412
903,winter,2,t2m_C_mean,persistence,3.383779764175415
904,winter,2,t2m_C_mean,persistence,2.6535181999206543
905,winter,2,t2m_C_mean,persistence,3.379105567932129
906,winter,2,t2m_C_mean,persistence,3.360325813293457
907,winter,2,t2m_C_mean,persistence,3.210951328277588
908,winter,2,t2m_C_mean,persistence,2.801589012145996
909,winter,2,t2m_C_mean,persistence,2.7821216583251953
1000,winter,2,t2m_C_mean,persistence,2.6946194171905518
1001,winter,2,t2m_C_mean,persistence,2.9570367336273193
1002,winter,2,t2m_C_mean,persistence,2.423166036605835
1003,winter,2,t2m_C_mean,persistence,2.2468984127044678
1004,winter,2,t2m_C_mean,persistence,1.618728518486023
1005,winter,2,t2m_C_mean,persistence,3.1125495433807373
1006,winter,2,t2m_C_mean,persistence,3.39729380607605
1007,winter,2,t2m_C_mean,persistence,3.048046350479126
1008,winter,2,t2m_C_mean,persistence,1.9629267454147339
1009,winter,2,t2m_C_mean,persistence,2.1522250175476074
0,pre_monsoon,2,t2m_C_mean,persistence,0.4698851406574249
1,pre_monsoon,2,t2m_C_mean,persistence,0.5786773562431335
2,pre_monsoon,2,t2m_C_mean,persistence,0.6973153948783875
3,pre_monsoon,2,t2m_C_mean,persistence,0.5893645286560059
4,pre_monsoon,2,t2m_C_mean,persistence,0.5518546104431152
5,pre_monsoon,2,t2m_C_mean,persistence,0.5179548859596252
6,pre_monsoon,2,t2m_C_mean,persistence,0.493696004152298
7,pre_monsoon,2,t2m_C_mean,persistence,0.5078151226043701
8,pre_monsoon,2,t2m_C_mean,persistence,0.5625417828559875
9,pre_monsoon,2,t2m_C_mean,persistence,0.5621548891067505
100,pre_monsoon,2,t2m_C_mean,persistence,0.39914989471435547
101,pre_monsoon,2,t2m_C_mean,persistence,0.4283215403556824
102,pre_monsoon,2,t2m_C_mean,persistence,0.6395115852355957
103,pre_monsoon,2,t2m_C_mean,persistence,0.822943389415741
104,pre_monsoon,2,t2m_C_mean,persistence,0.4104366898536682
105,pre_monsoon,2,t2m_C_mean,persistence,0.44376254081726074
106,pre_monsoon,2,t2m_C_mean,persistence,0.4711167514324188
107,pre_monsoon,2,t2m_C_mean,persistence,0.5168733596801758
108,pre_monsoon,2,t2m_C_mean,persistence,0.5808557868003845
109,pre_monsoon,2,t2m_C_mean,persistence,0.6103169918060303
200,pre_monsoon,2,t2m_C_mean,persistence,0.3290027379989624
201,pre_monsoon,2,t2m_C_mean,persistence,0.373641699552536
202,pre_monsoon,2,t2m_C_mean,persistence,0.7530627250671387
203,pre_monsoon,2,t2m_C_mean,persistence,0.9065375924110413
204,pre_monsoon,2,t2m_C_mean,persistence,0.4084104299545288
205,pre_monsoon,2,t2m_C_mean,persistence,0.4128153324127197
206,pre_monsoon,2,t2m_C_mean,persistence,0.49981772899627686
207,pre_monsoon,2,t2m_C_mean,persistence,0.4741297960281372
208,pre_monsoon,2,t2m_C_mean,persistence,0.5548154711723328
209,pre_monsoon,2,t2m_C_mean,persistence,0.5747328400611877
300,pre_monsoon,2,t2m_C_mean,persistence,0.4180860221385956
301,pre_monsoon,2,t2m_C_mean,persistence,0.5194734334945679
302,pre_monsoon,2,t2m_C_mean,persistence,1.011795997619629
303,pre_monsoon,2,t2m_C_mean,persistence,0.9628812074661255
304,pre_monsoon,2,t2m_C_mean,persistence,0.9577232003211975
305,pre_monsoon,2,t2m_C_mean,persistence,0.5189862251281738
306,pre_monsoon,2,t2m_C_mean,persistence,0.5270516872406006
307,pre_monsoon,2,t2m_C_mean,persistence,0.5193547010421753
308,pre_monsoon,2,t2m_C_mean,persistence,0.6251223087310791
309,pre_monsoon,2,t2m_C_mean,persistence,0.942415714263916
400,pre_monsoon,2,t2m_C_mean,persistence,0.5036922693252563
401,pre_monsoon,2,t2m_C_mean,persistence,0.9453131556510925
402,pre_monsoon,2,t2m_C_mean,persistence,1.3488292694091797
403,pre_monsoon,2,t2m_C_mean,persistence,1.231048345565796
404,pre_monsoon,2,t2m_C_mean,persistence,1.419981837272644
405,pre_monsoon,2,t2m_C_mean,persistence,1.2785148620605469
406,pre_monsoon,2,t2m_C_mean,persistence,0.6600126028060913
407,pre_monsoon,2,t2m_C_mean,persistence,0.5315812826156616
408,pre_monsoon,2,t2m_C_mean,persistence,0.9280895590782166
409,pre_monsoon,2,t2m_C_mean,persistence,1.0775471925735474
500,pre_monsoon,2,t2m_C_mean,persistence,1.0217156410217285
501,pre_monsoon,2,t2m_C_mean,persistence,1.6082569360733032
502,pre_monsoon,2,t2m_C_mean,persistence,1.730158805847168
503,pre_monsoon,2,t2m_C_mean,persistence,1.562748670578003
504,pre_monsoon,2,t2m_C_mean,persistence,1.6502890586853027
505,pre_monsoon,2,t2m_C_mean,persistence,1.8495936393737793
506,pre_monsoon,2,t2m_C_mean,persistence,1.7422155141830444
507,pre_monsoon,2,t2m_C_mean,persistence,1.3271745443344116
508,pre_monsoon,2,t2m_C_mean,persistence,1.0689523220062256
509,pre_monsoon,2,t2m_C_mean,persistence,1.2556378841400146
600,pre_monsoon,2,t2m_C_mean,persistence,1.7254657745361328
601,pre_monsoon,2,t2m_C_mean,persistence,1.952898621559143
602,pre_monsoon,2,t2m_C_mean,persistence,1.891329288482666
603,pre_monsoon,2,t2m_C_mean,persistence,1.678442358970642
604,pre_monsoon,2,t2m_C_mean,persistence,1.8618005514144897
605,pre_monsoon,2,t2m_C_mean,persistence,1.8843296766281128
606,pre_monsoon,2,t2m_C_mean,persistence,1.635426640510559
607,pre_monsoon,2,t2m_C_mean,persistence,1.308090090751648
608,pre_monsoon,2,t2m_C_mean,persistence,1.1027143001556396
609,pre_monsoon,2,t2m_C_mean,persistence,1.096588373184204
700,pre_monsoon,2,t2m_C_mean,persistence,1.8218214511871338
701,pre_monsoon,2,t2m_C_mean,persistence,1.964119791984558
702,pre_monsoon,2,t2m_C_mean,persistence,1.905993103981018
703,pre_monsoon,2,t2m_C_mean,persistence,1.6235579252243042
704,pre_monsoon,2,t2m_C_mean,persistence,1.6392556428909302
705,pre_monsoon,2,t2m_C_mean,persistence,1.637640118598938
706,pre_monsoon,2,t2m_C_mean,persistence,1.8642046451568604
707,pre_monsoon,2,t2m_C_mean,persistence,1.9764512777328491
708,pre_monsoon,2,t2m_C_mean,persistence,1.9162774085998535
709,pre_monsoon,2,t2m_C_mean,persistence,1.715269684791565
800,pre_monsoon,2,t2m_C_mean,persistence,2.0114059448242188
801,pre_monsoon,2,t2m_C_mean,persistence,1.9243638515472412
802,pre_monsoon,2,t2m_C_mean,persistence,1.743533730506897
803,pre_monsoon,2,t2m_C_mean,persistence,2.5163698196411133
804,pre_monsoon,2,t2m_C_mean,persistence,1.9625808000564575
805,pre_monsoon,2,t2m_C_mean,persistence,2.064037799835205
806,pre_monsoon,2,t2m_C_mean,persistence,2.3526737689971924
807,pre_monsoon,2,t2m_C_mean,persistence,2.4238123893737793
808,pre_monsoon,2,t2m_C_mean,persistence,2.6052608489990234
809,pre_monsoon,2,t2m_C_mean,persistence,2.8050057888031006
900,pre_monsoon,2,t2m_C_mean,persistence,2.6241984367370605
901,pre_monsoon,2,t2m_C_mean,persistence,2.092059373855591
902,pre_monsoon,2,t2m_C_mean,persistence,2.3552465438842773
903,pre_monsoon,2,t2m_C_mean,persistence,2.8200793266296387
904,pre_monsoon,2,t2m_C_mean,persistence,2.7533202171325684
905,pre_monsoon,2,t2m_C_mean,persistence,2.8849427700042725
906,pre_monsoon,2,t2m_C_mean,persistence,2.963857650756836
907,pre_monsoon,2,t2m_C_mean,persistence,3.146794319152832
908,pre_monsoon,2,t2m_C_mean,persistence,3.073080539703369
909,pre_monsoon,2,t2m_C_mean,persistence,3.117748975753784
1000,pre_monsoon,2,t2m_C_mean,persistence,3.536623239517212
1001,pre_monsoon,2,t2m_C_mean,persistence,2.329807996749878
1002,pre_monsoon,2,t2m_C_mean,persistence,2.2326183319091797
1003,pre_monsoon,2,t2m_C_mean,persistence,3.04705548286438
1004,pre_monsoon,2,t2m_C_mean,persistence,3.1908204555511475
1005,pre_monsoon,2,t2m_C_mean,persistence,3.069798707962036
1006,pre_monsoon,2,t2m_C_mean,persistence,2.841308832168579
1007,pre_monsoon,2,t2m_C_mean,persistence,3.210232973098755
1008,pre_monsoon,2,t2m_C_mean,persistence,2.7282097339630127
1009,pre_monsoon,2,t2m_C_mean,persistence,3.263223648071289
0,monsoon,2,t2m_C_mean,persistence,0.41998958587646484
1,monsoon,2,t2m_C_mean,persistence,0.4459161162376404
2,monsoon,2,t2m_C_mean,persistence,0.44338998198509216
3,monsoon,2,t2m_C_mean,persistence,0.349868506193161
4,monsoon,2,t2m_C_mean,persistence,0.3745501637458801
5,monsoon,2,t2m_C_mean,persistence,0.23641890287399292
6,monsoon,2,t2m_C_mean,persistence,0.45203644037246704
7,monsoon,2,t2m_C_mean,persistence,0.5509412288665771
8,monsoon,2,t2m_C_mean,persistence,0.5310770273208618
9,monsoon,2,t2m_C_mean,persistence,0.5921445488929749
100,monsoon,2,t2m_C_mean,persistence,0.3651110827922821
101,monsoon,2,t2m_C_mean,persistence,0.48510849475860596
102,monsoon,2,t2m_C_mean,persistence,0.5208219885826111
103,monsoon,2,t2m_C_mean,persistence,0.7436488270759583
104,monsoon,2,t2m_C_mean,persistence,0.28186941146850586
105,monsoon,2,t2m_C_mean,persistence,0.29027295112609863
106,monsoon,2,t2m_C_mean,persistence,0.3951069116592407
107,monsoon,2,t2m_C_mean,persistence,0.47621583938598633
108,monsoon,2,t2m_C_mean,persistence,0.48659548163414
109,monsoon,2,t2m_C_mean,persistence,0.4970027506351471
200,monsoon,2,t2m_C_mean,persistence,0.31841957569122314
201,monsoon,2,t2m_C_mean,persistence,0.4159201681613922
202,monsoon,2,t2m_C_mean,persistence,0.7418529987335205
203,monsoon,2,t2m_C_mean,persistence,0.9911727905273438
204,monsoon,2,t2m_C_mean,persistence,0.543012261390686
205,monsoon,2,t2m_C_mean,persistence,0.47114297747612
206,monsoon,2,t2m_C_mean,persistence,0.46153953671455383
207,monsoon,2,t2m_C_mean,persistence,0.4475831389427185
208,monsoon,2,t2m_C_mean,persistence,0.44491302967071533
209,monsoon,2,t2m_C_mean,persistence,0.41731321811676025
300,monsoon,2,t2m_C_mean,persistence,0.22211815416812897
301,monsoon,2,t2m_C_mean,persistence,0.38169482350349426
302,monsoon,2,t2m_C_mean,persistence,0.8772791624069214
303,monsoon,2,t2m_C_mean,persistence,1.042431354522705
304,monsoon,2,t2m_C_mean,persistence,0.978165328502655
305,monsoon,2,t2m_C_mean,persistence,0.5682536363601685
306,monsoon,2,t2m_C_mean,persistence,0.4452337622642517
307,monsoon,2,t2m_C_mean,persistence,0.46185240149497986
308,monsoon,2,t2m_C_mean,persistence,0.4220215678215027
309,monsoon,2,t2m_C_mean,persistence,0.599440336227417
400,monsoon,2,t2m_C_mean,persistence,0.2524976134300232
401,monsoon,2,t2m_C_mean,persistence,0.5008189678192139
402,monsoon,2,t2m_C_mean,persistence,0.9269684553146362
403,monsoon,2,t2m_C_mean,persistence,1.159949541091919
404,monsoon,2,t2m_C_mean,persistence,1.1141184568405151
405,monsoon,2,t2m_C_mean,persistence,1.1128588914871216
406,monsoon,2,t2m_C_mean,persistence,0.6568444967269897
407,monsoon,2,t2m_C_mean,persistence,0.48886898159980774
408,monsoon,2,t2m_C_mean,persistence,0.669867992401123
409,monsoon,2,t2m_C_mean,persistence,0.7296532988548279
500,monsoon,2,t2m_C_mean,persistence,0.6644786596298218
501,monsoon,2,t2m_C_mean,persistence,0.9086186289787292
502,monsoon,2,t2m_C_mean,persistence,0.915253221988678
503,monsoon,2,t2m_C_mean,persistence,1.008054494857788
504,monsoon,2,t2m_C_mean,persistence,1.1592479944229126
505,monsoon,2,t2m_C_mean,persistence,1.236685872077942
506,monsoon,2,t2m_C_mean,persistence,1.23333740234375
507,monsoon,2,t2m_C_mean,persistence,0.9107233881950378
508,monsoon,2,t2m_C_mean,persistence,0.9152718782424927
509,monsoon,2,t2m_C_mean,persistence,0.947403073310852
600,monsoon,2,t2m_C_mean,persistence,1.1916675567626953
601,monsoon,2,t2m_C_mean,persistence,1.1231452226638794
602,monsoon,2,t2m_C_mean,persistence,1.1415717601776123
603,monsoon,2,t2m_C_mean,persistence,1.213550329208374
604,monsoon,2,t2m_C_mean,persistence,1.2441703081130981
605,monsoon,2,t2m_C_mean,persistence,1.1345536708831787
606,monsoon,2,t2m_C_mean,persistence,0.9748769402503967
607,monsoon,2,t2m_C_mean,persistence,0.8642208576202393
608,monsoon,2,t2m_C_mean,persistence,0.9154549837112427
609,monsoon,2,t2m_C_mean,persistence,1.0245028734207153
700,monsoon,2,t2m_C_mean,persistence,1.2726783752441406
701,monsoon,2,t2m_C_mean,persistence,1.4903720617294312
702,monsoon,2,t2m_C_mean,persistence,1.326688289642334
703,monsoon,2,t2m_C_mean,persistence,1.2201225757598877
704,monsoon,2,t2m_C_mean,persistence,1.0169357061386108
705,monsoon,2,t2m_C_mean,persistence,0.9071384072303772
706,monsoon,2,t2m_C_mean,persistence,1.0021729469299316
707,monsoon,2,t2m_C_mean,persistence,1.0662261247634888
708,monsoon,2,t2m_C_mean,persistence,1.0635062456130981
709,monsoon,2,t2m_C_mean,persistence,1.1808990240097046
800,monsoon,2,t2m_C_mean,persistence,1.243638277053833
801,monsoon,2,t2m_C_mean,persistence,1.867948055267334
802,monsoon,2,t2m_C_mean,persistence,1.4262771606445312
803,monsoon,2,t2m_C_mean,persistence,1.3975766897201538
804,monsoon,2,t2m_C_mean,persistence,1.371712565422058
805,monsoon,2,t2m_C_mean,persistence,1.3306517601013184
806,monsoon,2,t2m_C_mean,persistence,1.2930070161819458
807,monsoon,2,t2m_C_mean,persistence,1.3123968839645386
808,monsoon,2,t2m_C_mean,persistence,1.3779940605163574
809,monsoon,2,t2m_C_mean,persistence,1.483526587486267
900,monsoon,2,t2m_C_mean,persistence,1.211761236190796
901,monsoon,2,t2m_C_mean,persistence,1.6031794548034668
902,monsoon,2,t2m_C_mean,persistence,1.8560926914215088
903,monsoon,2,t2m_C_mean,persistence,1.5638989210128784
904,monsoon,2,t2m_C_mean,persistence,1.6322656869888306
905,monsoon,2,t2m_C_mean,persistence,1.5631870031356812
906,monsoon,2,t2m_C_mean,persistence,1.511845588684082
907,monsoon,2,t2m_C_mean,persistence,1.5274678468704224
908,monsoon,2,t2m_C_mean,persistence,1.686567783355713
909,monsoon,2,t2m_C_mean,persistence,1.7687283754348755
1000,monsoon,2,t2m_C_mean,persistence,1.028450846672058
1001,monsoon,2,t2m_C_mean,persistence,1.7009087800979614
1002,monsoon,2,t2m_C_mean,persistence,1.4540611505508423
1003,monsoon,2,t2m_C_mean,persistence,1.7223347425460815
1004,monsoon,2,t2m_C_mean,persistence,2.026822328567505
1005,monsoon,2,t2m_C_mean,persistence,1.6625546216964722
1006,monsoon,2,t2m_C_mean,persistence,1.4766744375228882
1007,monsoon,2,t2m_C_mean,persistence,1.5688644647598267
1008,monsoon,2,t2m_C_mean,persistence,1.8671568632125854
1009,monsoon,2,t2m_C_mean,persistence,1.945731282234192
0,post_monsoon,2,t2m_C_mean,persistence,0.5661877393722534
1,post_monsoon,2,t2m_C_mean,persistence,0.5958216786384583
2,post_monsoon,2,t2m_C_mean,persistence,0.6159988045692444
3,post_monsoon,2,t2m_C_mean,persistence,0.6564871072769165
4,post_monsoon,2,t2m_C_mean,persistence,0.5598703622817993
5,post_monsoon,2,t2m_C_mean,persistence,0.5555202960968018
6,post_monsoon,2,t2m_C_mean,persistence,0.6370256543159485
7,post_monsoon,2,t2m_C_mean,persistence,0.6633124351501465
8,post_monsoon,2,t2m_C_mean,persistence,0.6183447241783142
9,post_monsoon,2,t2m_C_mean,persistence,0.6153989434242249
100,post_monsoon,2,t2m_C_mean,persistence,0.5061396956443787
101,post_monsoon,2,t2m_C_mean,persistence,0.5432929992675781
102,post_monsoon,2,t2m_C_mean,persistence,0.693314790725708
103,post_monsoon,2,t2m_C_mean,persistence,0.9782845377922058
104,post_monsoon,2,t2m_C_mean,persistence,0.46778324246406555
105,post_monsoon,2,t2m_C_mean,persistence,0.5389005541801453
106,post_monsoon,2,t2m_C_mean,persistence,0.5757340788841248
107,post_monsoon,2,t2m_C_mean,persistence,0.6136699318885803
108,post_monsoon,2,t2m_C_mean,persistence,0.560187578201294
109,post_monsoon,2,t2m_C_mean,persistence,0.47667747735977173
200,post_monsoon,2,t2m_C_mean,persistence,0.4233735501766205
201,post_monsoon,2,t2m_C_mean,persistence,0.48288047313690186
202,post_monsoon,2,t2m_C_mean,persistence,0.7702669501304626
203,post_monsoon,2,t2m_C_mean,persistence,0.94325190782547
204,post_monsoon,2,t2m_C_mean,persistence,0.5150944590568542
205,post_monsoon,2,t2m_C_mean,persistence,0.47437170147895813
206,post_monsoon,2,t2m_C_mean,persistence,0.5224888920783997
207,post_monsoon,2,t2m_C_mean,persistence,0.5952304601669312
208,post_monsoon,2,t2m_C_mean,persistence,0.5956995487213135
209,post_monsoon,2,t2m_C_mean,persistence,0.5386164784431458
300,post_monsoon,2,t2m_C_mean,persistence,0.42462703585624695
301,post_monsoon,2,t2m_C_mean,persistence,0.5068936347961426
302,post_monsoon,2,t2m_C_mean,persistence,0.8978235721588135
303,post_monsoon,2,t2m_C_mean,persistence,1.0045249462127686
304,post_monsoon,2,t2m_C_mean,persistence,1.0151067972183228
305,post_monsoon,2,t2m_C_mean,persistence,0.5750119090080261
306,post_monsoon,2,t2m_C_mean,persistence,0.5059559345245361
307,post_monsoon,2,t2m_C_mean,persistence,0.5529499053955078
308,post_monsoon,2,t2m_C_mean,persistence,0.6277552247047424
309,post_monsoon,2,t2m_C_mean,persistence,0.7357425093650818
400,post_monsoon,2,t2m_C_mean,persistence,0.4826614558696747
401,post_monsoon,2,t2m_C_mean,persistence,0.7058084011077881
402,post_monsoon,2,t2m_C_mean,persistence,0.9409930109977722
403,post_monsoon,2,t2m_C_mean,persistence,0.9817607402801514
404,post_monsoon,2,t2m_C_mean,persistence,0.8508331775665283
405,post_monsoon,2,t2m_C_mean,persistence,0.8157901763916016
406,post_monsoon,2,t2m_C_mean,persistence,0.6501020789146423
407,post_monsoon,2,t2m_C_mean,persistence,0.6360058784484863
408,post_monsoon,2,t2m_C_mean,persistence,0.7655094861984253
409,post_monsoon,2,t2m_C_mean,persistence,0.7205760478973389
500,post_monsoon,2,t2m_C_mean,persistence,0.8488543033599854
501,post_monsoon,2,t2m_C_mean,persistence,1.0451347827911377
502,post_monsoon,2,t2m_C_mean,persistence,1.0803302526474
503,post_monsoon,2,t2m_C_mean,persistence,1.000423550605774
504,post_monsoon,2,t2m_C_mean,persistence,1.009417176246643
505,post_monsoon,2,t2m_C_mean,persistence,0.9487006068229675
506,post_monsoon,2,t2m_C_mean,persistence,0.9382867813110352
507,post_monsoon,2,t2m_C_mean,persistence,0.784561276435852
508,post_monsoon,2,t2m_C_mean,persistence,0.7835147380828857
509,post_monsoon,2,t2m_C_mean,persistence,0.7968289852142334
600,post_monsoon,2,t2m_C_mean,persistence,0.8228635191917419
601,post_monsoon,2,t2m_C_mean,persistence,1.0168037414550781
602,post_monsoon,2,t2m_C_mean,persistence,1.0698158740997314
603,post_monsoon,2,t2m_C_mean,persistence,1.1089255809783936
604,post_monsoon,2,t2m_C_mean,persistence,1.1382262706756592
605,post_monsoon,2,t2m_C_mean,persistence,1.101298451423645
606,post_monsoon,2,t2m_C_mean,persistence,1.009284496307373
607,post_monsoon,2,t2m_C_mean,persistence,0.9184548258781433
608,post_monsoon,2,t2m_C_mean,persistence,0.8014281392097473
609,post_monsoon,2,t2m_C_mean,persistence,0.9387562274932861
700,post_monsoon,2,t2m_C_mean,persistence,0.7421498894691467
701,post_monsoon,2,t2m_C_mean,persistence,0.8283858895301819
702,post_monsoon,2,t2m_C_mean,persistence,0.8451738953590393
703,post_monsoon,2,t2m_C_mean,persistence,0.8629252314567566
704,post_monsoon,2,t2m_C_mean,persistence,1.2384757995605469
705,post_monsoon,2,t2m_C_mean,persistence,1.7757169008255005
706,post_monsoon,2,t2m_C_mean,persistence,1.8429524898529053
707,post_monsoon,2,t2m_C_mean,persistence,1.6390786170959473
708,post_monsoon,2,t2m_C_mean,persistence,1.7148051261901855
709,post_monsoon,2,t2m_C_mean,persistence,1.5196998119354248
800,post_monsoon,2,t2m_C_mean,persistence,1.0819458961486816
801,post_monsoon,2,t2m_C_mean,persistence,0.8528357744216919
802,post_monsoon,2,t2m_C_mean,persistence,0.9687449932098389
803,post_monsoon,2,t2m_C_mean,persistence,1.5748302936553955
804,post_monsoon,2,t2m_C_mean,persistence,1.3844568729400635
805,post_monsoon,2,t2m_C_mean,persistence,1.5484668016433716
806,post_monsoon,2,t2m_C_mean,persistence,1.6581146717071533
807,post_monsoon,2,t2m_C_mean,persistence,1.8589558601379395
808,post_monsoon,2,t2m_C_mean,persistence,2.4290659427642822
809,post_monsoon,2,t2m_C_mean,persistence,2.4543187618255615
900,post_monsoon,2,t2m_C_mean,persistence,1.5661879777908325
901,post_monsoon,2,t2m_C_mean,persistence,1.2256524562835693
902,post_monsoon,2,t2m_C_mean,persistence,1.9252954721450806
903,post_monsoon,2,t2m_C_mean,persistence,1.5691741704940796
904,post_monsoon,2,t2m_C_mean,persistence,1.602536678314209
905,post_monsoon,2,t2m_C_mean,persistence,1.5306648015975952
906,post_monsoon,2,t2m_C_mean,persistence,1.4734066724777222
907,post_monsoon,2,t2m_C_mean,persistence,1.5940066576004028
908,post_monsoon,2,t2m_C_mean,persistence,1.692197322845459
909,post_monsoon,2,t2m_C_mean,persistence,1.8350625038146973
1000,post_monsoon,2,t2m_C_mean,persistence,1.715336799621582
1001,post_monsoon,2,t2m_C_mean,persistence,1.8013797998428345
1002,post_monsoon,2,t2m_C_mean,persistence,1.9130395650863647
1003,post_monsoon,2,t2m_C_mean,persistence,1.6657334566116333
1004,post_monsoon,2,t2m_C_mean,persistence,1.8824620246887207
1005,post_monsoon,2,t2m_C_mean,persistence,1.716799259185791
1006,post_monsoon,2,t2m_C_mean,persistence,1.5759477615356445
1007,post_monsoon,2,t2m_C_mean,persistence,1.6570382118225098
1008,post_monsoon,2,t2m_C_mean,persistence,1.6341923475265503
1009,post_monsoon,2,t2m_C_mean,persistence,1.6163620948791504
0,winter,2,t2m_C_mean,recent3,0.48261260986328125
1,winter,2,t2m_C_mean,recent3,0.3015926480293274
2,winter,2,t2m_C_mean,recent3,0.2907485365867615
3,winter,2,t2m_C_mean,recent3,0.39712658524513245
4,winter,2,t2m_C_mean,recent3,0.46148866415023804
5,winter,2,t2m_C_mean,recent3,0.32774752378463745
6,winter,2,t2m_C_mean,recent3,0.41669273376464844
7,winter,2,t2m_C_mean,recent3,0.5410674810409546
8,winter,2,t2m_C_mean,recent3,0.526739776134491
9,winter,2,t2m_C_mean,recent3,0.36640238761901855
100,winter,2,t2m_C_mean,recent3,0.3464934229850769
101,winter,2,t2m_C_mean,recent3,0.2880076766014099
102,winter,2,t2m_C_mean,recent3,0.43652021884918213
103,winter,2,t2m_C_mean,recent3,0.6546099185943604
104,winter,2,t2m_C_mean,recent3,0.4082777798175812
105,winter,2,t2m_C_mean,recent3,0.3770712614059448
106,winter,2,t2m_C_mean,recent3,0.44883453845977783
107,winter,2,t2m_C_mean,recent3,0.4763108491897583
108,winter,2,t2m_C_mean,recent3,0.39632856845855713
109,winter,2,t2m_C_mean,recent3,0.36701980233192444
200,winter,2,t2m_C_mean,recent3,0.3580417335033417
201,winter,2,t2m_C_mean,recent3,0.3424471914768219
202,winter,2,t2m_C_mean,recent3,0.5865824818611145
203,winter,2,t2m_C_mean,recent3,0.7557587623596191
204,winter,2,t2m_C_mean,recent3,0.42603957653045654
205,winter,2,t2m_C_mean,recent3,0.40069830417633057
206,winter,2,t2m_C_mean,recent3,0.48319870233535767
207,winter,2,t2m_C_mean,recent3,0.43339186906814575
208,winter,2,t2m_C_mean,recent3,0.41802284121513367
209,winter,2,t2m_C_mean,recent3,0.5052742958068848
300,winter,2,t2m_C_mean,recent3,0.6724069118499756
301,winter,2,t2m_C_mean,recent3,0.5811362862586975
302,winter,2,t2m_C_mean,recent3,0.6734614968299866
303,winter,2,t2m_C_mean,recent3,0.747733473777771
304,winter,2,t2m_C_mean,recent3,0.7101036906242371
305,winter,2,t2m_C_mean,recent3,0.5150442123413086
306,winter,2,t2m_C_mean,recent3,0.5249038338661194
307,winter,2,t2m_C_mean,recent3,0.6361028552055359
308,winter,2,t2m_C_mean,recent3,0.6166706681251526
309,winter,2,t2m_C_mean,recent3,0.7942444086074829
400,winter,2,t2m_C_mean,recent3,0.8358579874038696
401,winter,2,t2m_C_mean,recent3,0.8678669929504395
402,winter,2,t2m_C_mean,recent3,1.4569435119628906
403,winter,2,t2m_C_mean,recent3,1.4059803485870361
404,winter,2,t2m_C_mean,recent3,1.4656412601470947
405,winter,2,t2m_C_mean,recent3,1.3187305927276611
406,winter,2,t2m_C_mean,recent3,0.9007431864738464
407,winter,2,t2m_C_mean,recent3,0.7091638445854187
408,winter,2,t2m_C_mean,recent3,0.9635130763053894
409,winter,2,t2m_C_mean,recent3,0.7907737493515015
500,winter,2,t2m_C_mean,recent3,1.1825156211853027
501,winter,2,t2m_C_mean,recent3,1.5295522212982178
502,winter,2,t2m_C_mean,recent3,2.017184257507324
503,winter,2,t2m_C_mean,recent3,2.126296043395996
504,winter,2,t2m_C_mean,recent3,2.212496757507324
505,winter,2,t2m_C_mean,recent3,1.9458794593811035
506,winter,2,t2m_C_mean,recent3,1.826729416847229
507,winter,2,t2m_C_mean,recent3,1.749075174331665
508,winter,2,t2m_C_mean,recent3,1.277208924293518
509,winter,2,t2m_C_mean,recent3,0.7936267852783203
600,winter,2,t2m_C_mean,recent3,1.2693856954574585
601,winter,2,t2m_C_mean,recent3,1.6939958333969116
602,winter,2,t2m_C_mean,recent3,1.7489466667175293
603,winter,2,t2m_C_mean,recent3,1.5979822874069214
604,winter,2,t2m_C_mean,recent3,1.647921085357666
605,winter,2,t2m_C_mean,recent3,1.5923329591751099
606,winter,2,t2m_C_mean,recent3,1.4621119499206543
607,winter,2,t2m_C_mean,recent3,1.2394495010375977
608,winter,2,t2m_C_mean,recent3,1.073852777481079
609,winter,2,t2m_C_mean,recent3,1.1321139335632324
700,winter,2,t2m_C_mean,recent3,1.4190067052841187
701,winter,2,t2m_C_mean,recent3,1.2579503059387207
702,winter,2,t2m_C_mean,recent3,1.2705988883972168
703,winter,2,t2m_C_mean,recent3,1.305829405784607
704,winter,2,t2m_C_mean,recent3,1.7310723066329956
705,winter,2,t2m_C_mean,recent3,1.7792165279388428
706,winter,2,t2m_C_mean,recent3,1.8205933570861816
707,winter,2,t2m_C_mean,recent3,2.2058656215667725
708,winter,2,t2m_C_mean,recent3,2.4601430892944336
709,winter,2,t2m_C_mean,recent3,2.2481367588043213
800,winter,2,t2m_C_mean,recent3,2.168370485305786
801,winter,2,t2m_C_mean,recent3,1.0564405918121338
802,winter,2,t2m_C_mean,recent3,1.78555166721344
803,winter,2,t2m_C_mean,recent3,3.3523848056793213
804,winter,2,t2m_C_mean,recent3,2.162871837615967
805,winter,2,t2m_C_mean,recent3,2.0678253173828125
806,winter,2,t2m_C_mean,recent3,2.395496368408203
807,winter,2,t2m_C_mean,recent3,2.82405686378479
808,winter,2,t2m_C_mean,recent3,3.092602252960205
809,winter,2,t2m_C_mean,recent3,3.119466781616211
900,winter,2,t2m_C_mean,recent3,3.0858347415924072
901,winter,2,t2m_C_mean,recent3,2.3210556507110596
902,winter,2,t2m_C_mean,recent3,3.2883501052856445
903,winter,2,t2m_C_mean,recent3,3.5115160942077637
904,winter,2,t2m_C_mean,recent3,2.8304336071014404
905,winter,2,t2m_C_mean,recent3,3.6185922622680664
906,winter,2,t2m_C_mean,recent3,3.5129034519195557
907,winter,2,t2m_C_mean,recent3,3.50940203666687
908,winter,2,t2m_C_mean,recent3,3.095142126083374
909,winter,2,t2m_C_mean,recent3,2.987534761428833
1000,winter,2,t2m_C_mean,recent3,2.767756700515747
1001,winter,2,t2m_C_mean,recent3,3.295957565307617
1002,winter,2,t2m_C_mean,recent3,2.4543683528900146
1003,winter,2,t2m_C_mean,recent3,2.4316248893737793
1004,winter,2,t2m_C_mean,recent3,1.6900444030761719
1005,winter,2,t2m_C_mean,recent3,3.1255083084106445
1006,winter,2,t2m_C_mean,recent3,3.5480196475982666
1007,winter,2,t2m_C_mean,recent3,3.290208101272583
1008,winter,2,t2m_C_mean,recent3,2.2399606704711914
1009,winter,2,t2m_C_mean,recent3,2.325645923614502
0,pre_monsoon,2,t2m_C_mean,recent3,0.4365786910057068
1,pre_monsoon,2,t2m_C_mean,recent3,0.5472788214683533
2,pre_monsoon,2,t2m_C_mean,recent3,0.6547571420669556
3,pre_monsoon,2,t2m_C_mean,recent3,0.6007430553436279
4,pre_monsoon,2,t2m_C_mean,recent3,0.531033992767334
5,pre_monsoon,2,t2m_C_mean,recent3,0.5201921463012695
6,pre_monsoon,2,t2m_C_mean,recent3,0.5171144604682922
7,pre_monsoon,2,t2m_C_mean,recent3,0.5568408370018005
8,pre_monsoon,2,t2m_C_mean,recent3,0.5531004071235657
9,pre_monsoon,2,t2m_C_mean,recent3,0.5456992387771606
100,pre_monsoon,2,t2m_C_mean,recent3,0.41691863536834717
101,pre_monsoon,2,t2m_C_mean,recent3,0.4192453920841217
102,pre_monsoon,2,t2m_C_mean,recent3,0.643470823764801
103,pre_monsoon,2,t2m_C_mean,recent3,0.8993861675262451
104,pre_monsoon,2,t2m_C_mean,recent3,0.4008943438529968
105,pre_monsoon,2,t2m_C_mean,recent3,0.4805182218551636
106,pre_monsoon,2,t2m_C_mean,recent3,0.5614787340164185
107,pre_monsoon,2,t2m_C_mean,recent3,0.6086853742599487
108,pre_monsoon,2,t2m_C_mean,recent3,0.6353709101676941
109,pre_monsoon,2,t2m_C_mean,recent3,0.6700401902198792
200,pre_monsoon,2,t2m_C_mean,recent3,0.34065330028533936
201,pre_monsoon,2,t2m_C_mean,recent3,0.36534634232521057
202,pre_monsoon,2,t2m_C_mean,recent3,0.7757065296173096
203,pre_monsoon,2,t2m_C_mean,recent3,1.0022445917129517
204,pre_monsoon,2,t2m_C_mean,recent3,0.4502936899662018
205,pre_monsoon,2,t2m_C_mean,recent3,0.4211098849773407
206,pre_monsoon,2,t2m_C_mean,recent3,0.5693390369415283
207,pre_monsoon,2,t2m_C_mean,recent3,0.5819565653800964
208,pre_monsoon,2,t2m_C_mean,recent3,0.6230483055114746
209,pre_monsoon,2,t2m_C_mean,recent3,0.661774218082428
300,pre_monsoon,2,t2m_C_mean,recent3,0.439090758562088
301,pre_monsoon,2,t2m_C_mean,recent3,0.5293464064598083
302,pre_monsoon,2,t2m_C_mean,recent3,1.1809661388397217
303,pre_monsoon,2,t2m_C_mean,recent3,1.0394965410232544
304,pre_monsoon,2,t2m_C_mean,recent3,1.0172688961029053
305,pre_monsoon,2,t2m_C_mean,recent3,0.5550997257232666
306,pre_monsoon,2,t2m_C_mean,recent3,0.5798229575157166
307,pre_monsoon,2,t2m_C_mean,recent3,0.5934279561042786
308,pre_monsoon,2,t2m_C_mean,recent3,0.6594077944755554
309,pre_monsoon,2,t2m_C_mean,recent3,1.0244739055633545
400,pre_monsoon,2,t2m_C_mean,recent3,0.5777244567871094
401,pre_monsoon,2,t2m_C_mean,recent3,1.0737942457199097
402,pre_monsoon,2,t2m_C_mean,recent3,1.6734986305236816
403,pre_monsoon,2,t2m_C_mean,recent3,1.4810274839401245
404,pre_monsoon,2,t2m_C_mean,recent3,1.5894582271575928
405,pre_monsoon,2,t2m_C_mean,recent3,1.4099302291870117
406,pre_monsoon,2,t2m_C_mean,recent3,0.7530792951583862
407,pre_monsoon,2,t2m_C_mean,recent3,0.5697025656700134
408,pre_monsoon,2,t2m_C_mean,recent3,0.983835756778717
409,pre_monsoon,2,t2m_C_mean,recent3,1.1767457723617554
500,pre_monsoon,2,t2m_C_mean,recent3,1.1542414426803589
501,pre_monsoon,2,t2m_C_mean,recent3,1.8799092769622803
502,pre_monsoon,2,t2m_C_mean,recent3,2.12115740776062
503,pre_monsoon,2,t2m_C_mean,recent3,1.8691043853759766
504,pre_monsoon,2,t2m_C_mean,recent3,1.8464840650558472
505,pre_monsoon,2,t2m_C_mean,recent3,2.054776430130005
506,pre_monsoon,2,t2m_C_mean,recent3,1.9322106838226318
507,pre_monsoon,2,t2m_C_mean,recent3,1.4701824188232422
508,pre_monsoon,2,t2m_C_mean,recent3,1.1852670907974243
509,pre_monsoon,2,t2m_C_mean,recent3,1.4106500148773193
600,pre_monsoon,2,t2m_C_mean,recent3,1.8845419883728027
601,pre_monsoon,2,t2m_C_mean,recent3,2.332475185394287
602,pre_monsoon,2,t2m_C_mean,recent3,2.318758726119995
603,pre_monsoon,2,t2m_C_mean,recent3,1.8489854335784912
604,pre_monsoon,2,t2m_C_mean,recent3,1.9067378044128418
605,pre_monsoon,2,t2m_C_mean,recent3,1.9166158437728882
606,pre_monsoon,2,t2m_C_mean,recent3,1.6472538709640503
607,pre_monsoon,2,t2m_C_mean,recent3,1.2776193618774414
608,pre_monsoon,2,t2m_C_mean,recent3,1.0448923110961914
609,pre_monsoon,2,t2m_C_mean,recent3,1.0713788270950317
700,pre_monsoon,2,t2m_C_mean,recent3,2.081491470336914
701,pre_monsoon,2,t2m_C_mean,recent3,2.2285337448120117
702,pre_monsoon,2,t2m_C_mean,recent3,2.227903127670288
703,pre_monsoon,2,t2m_C_mean,recent3,1.7477394342422485
704,pre_monsoon,2,t2m_C_mean,recent3,1.641086220741272
705,pre_monsoon,2,t2m_C_mean,recent3,1.6982228755950928
706,pre_monsoon,2,t2m_C_mean,recent3,1.8992987871170044
707,pre_monsoon,2,t2m_C_mean,recent3,2.0885725021362305
708,pre_monsoon,2,t2m_C_mean,recent3,2.0120720863342285
709,pre_monsoon,2,t2m_C_mean,recent3,1.7170881032943726
800,pre_monsoon,2,t2m_C_mean,recent3,2.196361541748047
801,pre_monsoon,2,t2m_C_mean,recent3,1.9924101829528809
802,pre_monsoon,2,t2m_C_mean,recent3,1.9289016723632812
803,pre_monsoon,2,t2m_C_mean,recent3,2.592634677886963
804,pre_monsoon,2,t2m_C_mean,recent3,2.109487771987915
805,pre_monsoon,2,t2m_C_mean,recent3,2.012373685836792
806,pre_monsoon,2,t2m_C_mean,recent3,2.1917226314544678
807,pre_monsoon,2,t2m_C_mean,recent3,2.32088565826416
808,pre_monsoon,2,t2m_C_mean,recent3,2.5678813457489014
809,pre_monsoon,2,t2m_C_mean,recent3,2.720128059387207
900,pre_monsoon,2,t2m_C_mean,recent3,2.8728742599487305
901,pre_monsoon,2,t2m_C_mean,recent3,2.3828320503234863
902,pre_monsoon,2,t2m_C_mean,recent3,2.598471164703369
903,pre_monsoon,2,t2m_C_mean,recent3,3.0782434940338135
904,pre_monsoon,2,t2m_C_mean,recent3,3.0410189628601074
905,pre_monsoon,2,t2m_C_mean,recent3,2.9239017963409424
906,pre_monsoon,2,t2m_C_mean,recent3,2.874840497970581
907,pre_monsoon,2,t2m_C_mean,recent3,3.069777727127075
908,pre_monsoon,2,t2m_C_mean,recent3,3.0514895915985107
909,pre_monsoon,2,t2m_C_mean,recent3,3.0405712127685547
1000,pre_monsoon,2,t2m_C_mean,recent3,3.8397490978240967
1001,pre_monsoon,2,t2m_C_mean,recent3,2.938447952270508
1002,pre_monsoon,2,t2m_C_mean,recent3,2.7031490802764893
1003,pre_monsoon,2,t2m_C_mean,recent3,3.633415460586548
1004,pre_monsoon,2,t2m_C_mean,recent3,3.5786075592041016
1005,pre_monsoon,2,t2m_C_mean,recent3,3.392122268676758
1006,pre_monsoon,2,t2m_C_mean,recent3,3.046698570251465
1007,pre_monsoon,2,t2m_C_mean,recent3,3.336322069168091
1008,pre_monsoon,2,t2m_C_mean,recent3,2.853822946548462
1009,pre_monsoon,2,t2m_C_mean,recent3,3.2185592651367188
0,monsoon,2,t2m_C_mean,recent3,0.43405234813690186
1,monsoon,2,t2m_C_mean,recent3,0.43715813755989075
2,monsoon,2,t2m_C_mean,recent3,0.43754804134368896
3,monsoon,2,t2m_C_mean,recent3,0.36914366483688354
4,monsoon,2,t2m_C_mean,recent3,0.38680562376976013
5,monsoon,2,t2m_C_mean,recent3,0.21454250812530518
6,monsoon,2,t2m_C_mean,recent3,0.376947283744812
7,monsoon,2,t2m_C_mean,recent3,0.4878123700618744
8,monsoon,2,t2m_C_mean,recent3,0.4944778084754944
9,monsoon,2,t2m_C_mean,recent3,0.5340689420700073
100,monsoon,2,t2m_C_mean,recent3,0.3553844094276428
101,monsoon,2,t2m_C_mean,recent3,0.44816651940345764
102,monsoon,2,t2m_C_mean,recent3,0.5334551930427551
103,monsoon,2,t2m_C_mean,recent3,0.7467089295387268
104,monsoon,2,t2m_C_mean,recent3,0.2612720727920532
105,monsoon,2,t2m_C_mean,recent3,0.27957332134246826
106,monsoon,2,t2m_C_mean,recent3,0.3637953996658325
107,monsoon,2,t2m_C_mean,recent3,0.42597898840904236
108,monsoon,2,t2m_C_mean,recent3,0.42270514369010925
109,monsoon,2,t2m_C_mean,recent3,0.42436712980270386
200,monsoon,2,t2m_C_mean,recent3,0.28048714995384216
201,monsoon,2,t2m_C_mean,recent3,0.42310479283332825
202,monsoon,2,t2m_C_mean,recent3,0.7204124927520752
203,monsoon,2,t2m_C_mean,recent3,1.0480924844741821
204,monsoon,2,t2m_C_mean,recent3,0.5298788547515869
205,monsoon,2,t2m_C_mean,recent3,0.4786511957645416
206,monsoon,2,t2m_C_mean,recent3,0.4877319931983948
207,monsoon,2,t2m_C_mean,recent3,0.45811790227890015
208,monsoon,2,t2m_C_mean,recent3,0.41008007526397705
209,monsoon,2,t2m_C_mean,recent3,0.39367878437042236
300,monsoon,2,t2m_C_mean,recent3,0.21876169741153717
301,monsoon,2,t2m_C_mean,recent3,0.3575040102005005
302,monsoon,2,t2m_C_mean,recent3,0.8081767559051514
303,monsoon,2,t2m_C_mean,recent3,1.049846887588501
304,monsoon,2,t2m_C_mean,recent3,1.0545966625213623
305,monsoon,2,t2m_C_mean,recent3,0.5923594236373901
306,monsoon,2,t2m_C_mean,recent3,0.47887182235717773
307,monsoon,2,t2m_C_mean,recent3,0.451004296541214
308,monsoon,2,t2m_C_mean,recent3,0.427409291267395
309,monsoon,2,t2m_C_mean,recent3,0.5835282206535339
400,monsoon,2,t2m_C_mean,recent3,0.2627266049385071
401,monsoon,2,t2m_C_mean,recent3,0.5320203304290771
402,monsoon,2,t2m_C_mean,recent3,0.9010446071624756
403,monsoon,2,t2m_C_mean,recent3,1.1571776866912842
404,monsoon,2,t2m_C_mean,recent3,1.1341142654418945
405,monsoon,2,t2m_C_mean,recent3,1.1362446546554565
406,monsoon,2,t2m_C_mean,recent3,0.6725150942802429
407,monsoon,2,t2m_C_mean,recent3,0.4656482934951782
408,monsoon,2,t2m_C_mean,recent3,0.6812368631362915
409,monsoon,2,t2m_C_mean,recent3,0.7180724740028381
500,monsoon,2,t2m_C_mean,recent3,0.6633229851722717
501,monsoon,2,t2m_C_mean,recent3,0.9596655368804932
502,monsoon,2,t2m_C_mean,recent3,1.019965410232544
503,monsoon,2,t2m_C_mean,recent3,1.1652302742004395
504,monsoon,2,t2m_C_mean,recent3,1.1890144348144531
505,monsoon,2,t2m_C_mean,recent3,1.2799510955810547
506,monsoon,2,t2m_C_mean,recent3,1.3409581184387207
507,monsoon,2,t2m_C_mean,recent3,0.9953684210777283
508,monsoon,2,t2m_C_mean,recent3,0.9047987461090088
509,monsoon,2,t2m_C_mean,recent3,0.8378381133079529
600,monsoon,2,t2m_C_mean,recent3,1.2699968814849854
601,monsoon,2,t2m_C_mean,recent3,1.1327967643737793
602,monsoon,2,t2m_C_mean,recent3,1.1707683801651
603,monsoon,2,t2m_C_mean,recent3,1.3283588886260986
604,monsoon,2,t2m_C_mean,recent3,1.275360345840454
605,monsoon,2,t2m_C_mean,recent3,1.1373745203018188
606,monsoon,2,t2m_C_mean,recent3,0.9496724605560303
607,monsoon,2,t2m_C_mean,recent3,0.8809489607810974
608,monsoon,2,t2m_C_mean,recent3,0.9588057994842529
609,monsoon,2,t2m_C_mean,recent3,1.069385051727295
700,monsoon,2,t2m_C_mean,recent3,1.3357475996017456
701,monsoon,2,t2m_C_mean,recent3,1.5623416900634766
702,monsoon,2,t2m_C_mean,recent3,1.3776582479476929
703,monsoon,2,t2m_C_mean,recent3,1.2351754903793335
704,monsoon,2,t2m_C_mean,recent3,1.0559715032577515
705,monsoon,2,t2m_C_mean,recent3,0.9758994579315186
706,monsoon,2,t2m_C_mean,recent3,1.0699479579925537
707,monsoon,2,t2m_C_mean,recent3,1.090657114982605
708,monsoon,2,t2m_C_mean,recent3,1.023276448249817
709,monsoon,2,t2m_C_mean,recent3,1.1487716436386108
800,monsoon,2,t2m_C_mean,recent3,1.2735635042190552
801,monsoon,2,t2m_C_mean,recent3,1.7394217252731323
802,monsoon,2,t2m_C_mean,recent3,1.4239572286605835
803,monsoon,2,t2m_C_mean,recent3,1.6098954677581787
804,monsoon,2,t2m_C_mean,recent3,1.4841349124908447
805,monsoon,2,t2m_C_mean,recent3,1.3304144144058228
806,monsoon,2,t2m_C_mean,recent3,1.295426607131958
807,monsoon,2,t2m_C_mean,recent3,1.3385168313980103
808,monsoon,2,t2m_C_mean,recent3,1.4347810745239258
809,monsoon,2,t2m_C_mean,recent3,1.508502721786499
900,monsoon,2,t2m_C_mean,recent3,1.3024805784225464
901,monsoon,2,t2m_C_mean,recent3,1.718701958656311
902,monsoon,2,t2m_C_mean,recent3,2.013709545135498
903,monsoon,2,t2m_C_mean,recent3,1.7553277015686035
904,monsoon,2,t2m_C_mean,recent3,1.7395453453063965
905,monsoon,2,t2m_C_mean,recent3,1.6042125225067139
906,monsoon,2,t2m_C_mean,recent3,1.5094072818756104
907,monsoon,2,t2m_C_mean,recent3,1.5063215494155884
908,monsoon,2,t2m_C_mean,recent3,1.6905088424682617
909,monsoon,2,t2m_C_mean,recent3,1.7068629264831543
1000,monsoon,2,t2m_C_mean,recent3,1.1416664123535156
1001,monsoon,2,t2m_C_mean,recent3,2.0848758220672607
1002,monsoon,2,t2m_C_mean,recent3,1.7306190729141235
1003,monsoon,2,t2m_C_mean,recent3,1.9627233743667603
1004,monsoon,2,t2m_C_mean,recent3,2.205582857131958
1005,monsoon,2,t2m_C_mean,recent3,1.6682395935058594
1006,monsoon,2,t2m_C_mean,recent3,1.5348161458969116
1007,monsoon,2,t2m_C_mean,recent3,1.6844507455825806
1008,monsoon,2,t2m_C_mean,recent3,1.9210858345031738
1009,monsoon,2,t2m_C_mean,recent3,1.824819803237915
0,post_monsoon,2,t2m_C_mean,recent3,0.4922563135623932
1,post_monsoon,2,t2m_C_mean,recent3,0.5510264039039612
2,post_monsoon,2,t2m_C_mean,recent3,0.5011844038963318
3,post_monsoon,2,t2m_C_mean,recent3,0.6023141145706177
4,post_monsoon,2,t2m_C_mean,recent3,0.5921754240989685
5,post_monsoon,2,t2m_C_mean,recent3,0.5375176668167114
6,post_monsoon,2,t2m_C_mean,recent3,0.5658171772956848
7,post_monsoon,2,t2m_C_mean,recent3,0.5924823880195618
8,post_monsoon,2,t2m_C_mean,recent3,0.5859932899475098
9,post_monsoon,2,t2m_C_mean,recent3,0.5680525898933411
100,post_monsoon,2,t2m_C_mean,recent3,0.44835853576660156
101,post_monsoon,2,t2m_C_mean,recent3,0.481734961271286
102,post_monsoon,2,t2m_C_mean,recent3,0.6051934361457825
103,post_monsoon,2,t2m_C_mean,recent3,0.9489448070526123
104,post_monsoon,2,t2m_C_mean,recent3,0.46615850925445557
105,post_monsoon,2,t2m_C_mean,recent3,0.47031253576278687
106,post_monsoon,2,t2m_C_mean,recent3,0.5305412411689758
107,post_monsoon,2,t2m_C_mean,recent3,0.5541499257087708
108,post_monsoon,2,t2m_C_mean,recent3,0.5291833281517029
109,post_monsoon,2,t2m_C_mean,recent3,0.4602288603782654
200,post_monsoon,2,t2m_C_mean,recent3,0.39451122283935547
201,post_monsoon,2,t2m_C_mean,recent3,0.47091373801231384
202,post_monsoon,2,t2m_C_mean,recent3,0.8447722792625427
203,post_monsoon,2,t2m_C_mean,recent3,0.9917951226234436
204,post_monsoon,2,t2m_C_mean,recent3,0.5010727643966675
205,post_monsoon,2,t2m_C_mean,recent3,0.4804736375808716
206,post_monsoon,2,t2m_C_mean,recent3,0.4965582489967346
207,post_monsoon,2,t2m_C_mean,recent3,0.5442667007446289
208,post_monsoon,2,t2m_C_mean,recent3,0.588441789150238
209,post_monsoon,2,t2m_C_mean,recent3,0.6071190237998962
300,post_monsoon,2,t2m_C_mean,recent3,0.4011997878551483
301,post_monsoon,2,t2m_C_mean,recent3,0.5638208389282227
302,post_monsoon,2,t2m_C_mean,recent3,1.0144578218460083
303,post_monsoon,2,t2m_C_mean,recent3,1.0993800163269043
304,post_monsoon,2,t2m_C_mean,recent3,1.0460398197174072
305,post_monsoon,2,t2m_C_mean,recent3,0.5896720290184021
306,post_monsoon,2,t2m_C_mean,recent3,0.5108100771903992
307,post_monsoon,2,t2m_C_mean,recent3,0.5272366404533386
308,post_monsoon,2,t2m_C_mean,recent3,0.6278375387191772
309,post_monsoon,2,t2m_C_mean,recent3,0.7883173823356628
400,post_monsoon,2,t2m_C_mean,recent3,0.525632917881012
401,post_monsoon,2,t2m_C_mean,recent3,0.7296323776245117
402,post_monsoon,2,t2m_C_mean,recent3,0.9709345698356628
403,post_monsoon,2,t2m_C_mean,recent3,0.9922652840614319
404,post_monsoon,2,t2m_C_mean,recent3,0.9443113803863525
405,post_monsoon,2,t2m_C_mean,recent3,0.8988503217697144
406,post_monsoon,2,t2m_C_mean,recent3,0.6971127986907959
407,post_monsoon,2,t2m_C_mean,recent3,0.6183596253395081
408,post_monsoon,2,t2m_C_mean,recent3,0.7645294666290283
409,post_monsoon,2,t2m_C_mean,recent3,0.7676029205322266
500,post_monsoon,2,t2m_C_mean,recent3,1.0136818885803223
501,post_monsoon,2,t2m_C_mean,recent3,1.18526291847229
502,post_monsoon,2,t2m_C_mean,recent3,1.1950299739837646
503,post_monsoon,2,t2m_C_mean,recent3,1.0819810628890991
504,post_monsoon,2,t2m_C_mean,recent3,1.1435751914978027
505,post_monsoon,2,t2m_C_mean,recent3,1.0906524658203125
506,post_monsoon,2,t2m_C_mean,recent3,1.0058472156524658
507,post_monsoon,2,t2m_C_mean,recent3,0.7688180804252625
508,post_monsoon,2,t2m_C_mean,recent3,0.7700973153114319
509,post_monsoon,2,t2m_C_mean,recent3,0.8239452242851257
600,post_monsoon,2,t2m_C_mean,recent3,0.8925450444221497
601,post_monsoon,2,t2m_C_mean,recent3,1.1168514490127563
602,post_monsoon,2,t2m_C_mean,recent3,1.172363519668579
603,post_monsoon,2,t2m_C_mean,recent3,1.2438186407089233
604,post_monsoon,2,t2m_C_mean,recent3,1.3268717527389526
605,post_monsoon,2,t2m_C_mean,recent3,1.3198920488357544
606,post_monsoon,2,t2m_C_mean,recent3,1.1734646558761597
607,post_monsoon,2,t2m_C_mean,recent3,0.9219492673873901
608,post_monsoon,2,t2m_C_mean,recent3,0.8581207394599915
609,post_monsoon,2,t2m_C_mean,recent3,0.9919978380203247
700,post_monsoon,2,t2m_C_mean,recent3,0.7957196235656738
701,post_monsoon,2,t2m_C_mean,recent3,0.869976818561554
702,post_monsoon,2,t2m_C_mean,recent3,0.9111993312835693
703,post_monsoon,2,t2m_C_mean,recent3,1.0007374286651611
704,post_monsoon,2,t2m_C_mean,recent3,1.3681511878967285
705,post_monsoon,2,t2m_C_mean,recent3,1.8965890407562256
706,post_monsoon,2,t2m_C_mean,recent3,2.0311248302459717
707,post_monsoon,2,t2m_C_mean,recent3,1.7039320468902588
708,post_monsoon,2,t2m_C_mean,recent3,1.7768058776855469
709,post_monsoon,2,t2m_C_mean,recent3,1.5948312282562256
800,post_monsoon,2,t2m_C_mean,recent3,1.2078118324279785
801,post_monsoon,2,t2m_C_mean,recent3,0.9694910049438477
802,post_monsoon,2,t2m_C_mean,recent3,1.1242241859436035
803,post_monsoon,2,t2m_C_mean,recent3,1.827770471572876
804,post_monsoon,2,t2m_C_mean,recent3,1.6413195133209229
805,post_monsoon,2,t2m_C_mean,recent3,1.69509756565094
806,post_monsoon,2,t2m_C_mean,recent3,1.7673672437667847
807,post_monsoon,2,t2m_C_mean,recent3,1.9568138122558594
808,post_monsoon,2,t2m_C_mean,recent3,2.3280258178710938
809,post_monsoon,2,t2m_C_mean,recent3,2.3531267642974854
900,post_monsoon,2,t2m_C_mean,recent3,1.7583510875701904
901,post_monsoon,2,t2m_C_mean,recent3,1.4310598373413086
902,post_monsoon,2,t2m_C_mean,recent3,2.048093318939209
903,post_monsoon,2,t2m_C_mean,recent3,1.7476027011871338
904,post_monsoon,2,t2m_C_mean,recent3,1.779523253440857
905,post_monsoon,2,t2m_C_mean,recent3,1.688098430633545
906,post_monsoon,2,t2m_C_mean,recent3,1.626173496246338
907,post_monsoon,2,t2m_C_mean,recent3,1.5953799486160278
908,post_monsoon,2,t2m_C_mean,recent3,1.6016446352005005
909,post_monsoon,2,t2m_C_mean,recent3,1.7971099615097046
1000,post_monsoon,2,t2m_C_mean,recent3,1.9394007921218872
1001,post_monsoon,2,t2m_C_mean,recent3,2.060427188873291
1002,post_monsoon,2,t2m_C_mean,recent3,1.9718750715255737
1003,post_monsoon,2,t2m_C_mean,recent3,1.7265208959579468
1004,post_monsoon,2,t2m_C_mean,recent3,2.064990758895874
1005,post_monsoon,2,t2m_C_mean,recent3,1.7904009819030762
1006,post_monsoon,2,t2m_C_mean,recent3,1.6476112604141235
1007,post_monsoon,2,t2m_C_mean,recent3,1.645809531211853
1008,post_monsoon,2,t2m_C_mean,recent3,1.562095284461975
1009,post_monsoon,2,t2m_C_mean,recent3,1.5910323858261108
0,winter,2,t2m_C_mean,anom_persistence,0.5333510637283325
1,winter,2,t2m_C_mean,anom_persistence,0.34304842352867126
2,winter,2,t2m_C_mean,anom_persistence,0.3185065984725952
3,winter,2,t2m_C_mean,anom_persistence,0.41273096203804016
4,winter,2,t2m_C_mean,anom_persistence,0.48060518503189087
5,winter,2,t2m_C_mean,anom_persistence,0.3875119984149933
6,winter,2,t2m_C_mean,anom_persistence,0.47170817852020264
7,winter,2,t2m_C_mean,anom_persistence,0.5380798578262329
8,winter,2,t2m_C_mean,anom_persistence,0.5022464990615845
9,winter,2,t2m_C_mean,anom_persistence,0.3841354548931122
100,winter,2,t2m_C_mean,anom_persistence,0.35170280933380127
101,winter,2,t2m_C_mean,anom_persistence,0.2849860191345215
102,winter,2,t2m_C_mean,anom_persistence,0.48552194237709045
103,winter,2,t2m_C_mean,anom_persistence,0.7387082576751709
104,winter,2,t2m_C_mean,anom_persistence,0.4536477327346802
105,winter,2,t2m_C_mean,anom_persistence,0.4187101423740387
106,winter,2,t2m_C_mean,anom_persistence,0.47853294014930725
107,winter,2,t2m_C_mean,anom_persistence,0.5016368627548218
108,winter,2,t2m_C_mean,anom_persistence,0.40075263381004333
109,winter,2,t2m_C_mean,anom_persistence,0.42064589262008667
200,winter,2,t2m_C_mean,anom_persistence,0.37201637029647827
201,winter,2,t2m_C_mean,anom_persistence,0.38898542523384094
202,winter,2,t2m_C_mean,anom_persistence,0.7345755100250244
203,winter,2,t2m_C_mean,anom_persistence,0.9304301738739014
204,winter,2,t2m_C_mean,anom_persistence,0.5131088495254517
205,winter,2,t2m_C_mean,anom_persistence,0.4763166010379791
206,winter,2,t2m_C_mean,anom_persistence,0.5257935523986816
207,winter,2,t2m_C_mean,anom_persistence,0.4674356281757355
208,winter,2,t2m_C_mean,anom_persistence,0.4307597279548645
209,winter,2,t2m_C_mean,anom_persistence,0.5697152018547058
300,winter,2,t2m_C_mean,anom_persistence,0.6784846782684326
301,winter,2,t2m_C_mean,anom_persistence,0.6508784890174866
302,winter,2,t2m_C_mean,anom_persistence,0.7515362501144409
303,winter,2,t2m_C_mean,anom_persistence,0.8270002603530884
304,winter,2,t2m_C_mean,anom_persistence,0.7693145275115967
305,winter,2,t2m_C_mean,anom_persistence,0.49951648712158203
306,winter,2,t2m_C_mean,anom_persistence,0.532346248626709
307,winter,2,t2m_C_mean,anom_persistence,0.5674746632575989
308,winter,2,t2m_C_mean,anom_persistence,0.6035814881324768
309,winter,2,t2m_C_mean,anom_persistence,0.8606940507888794
400,winter,2,t2m_C_mean,anom_persistence,0.8486045002937317
401,winter,2,t2m_C_mean,anom_persistence,0.9331250786781311
402,winter,2,t2m_C_mean,anom_persistence,1.3467689752578735
403,winter,2,t2m_C_mean,anom_persistence,1.2303194999694824
404,winter,2,t2m_C_mean,anom_persistence,1.23738694190979
405,winter,2,t2m_C_mean,anom_persistence,1.1199644804000854
406,winter,2,t2m_C_mean,anom_persistence,0.7361863851547241
407,winter,2,t2m_C_mean,anom_persistence,0.6404356360435486
408,winter,2,t2m_C_mean,anom_persistence,0.8446924090385437
409,winter,2,t2m_C_mean,anom_persistence,0.8129299283027649
500,winter,2,t2m_C_mean,anom_persistence,1.2317984104156494
501,winter,2,t2m_C_mean,anom_persistence,1.5718631744384766
502,winter,2,t2m_C_mean,anom_persistence,1.9953867197036743
503,winter,2,t2m_C_mean,anom_persistence,1.9061837196350098
504,winter,2,t2m_C_mean,anom_persistence,1.945238709449768
505,winter,2,t2m_C_mean,anom_persistence,1.6727344989776611
506,winter,2,t2m_C_mean,anom_persistence,1.473513126373291
507,winter,2,t2m_C_mean,anom_persistence,1.4812440872192383
508,winter,2,t2m_C_mean,anom_persistence,1.0811023712158203
509,winter,2,t2m_C_mean,anom_persistence,0.7591047883033752
600,winter,2,t2m_C_mean,anom_persistence,1.4480252265930176
601,winter,2,t2m_C_mean,anom_persistence,2.0663204193115234
602,winter,2,t2m_C_mean,anom_persistence,2.119467258453369
603,winter,2,t2m_C_mean,anom_persistence,1.6988238096237183
604,winter,2,t2m_C_mean,anom_persistence,1.6415088176727295
605,winter,2,t2m_C_mean,anom_persistence,1.4488773345947266
606,winter,2,t2m_C_mean,anom_persistence,1.207571029663086
607,winter,2,t2m_C_mean,anom_persistence,1.0771117210388184
608,winter,2,t2m_C_mean,anom_persistence,0.9428331851959229
609,winter,2,t2m_C_mean,anom_persistence,1.0412131547927856
700,winter,2,t2m_C_mean,anom_persistence,1.6634831428527832
701,winter,2,t2m_C_mean,anom_persistence,1.75686514377594
702,winter,2,t2m_C_mean,anom_persistence,1.6423022747039795
703,winter,2,t2m_C_mean,anom_persistence,1.3251357078552246
704,winter,2,t2m_C_mean,anom_persistence,1.7236948013305664
705,winter,2,t2m_C_mean,anom_persistence,1.8427927494049072
706,winter,2,t2m_C_mean,anom_persistence,1.9283112287521362
707,winter,2,t2m_C_mean,anom_persistence,2.2431838512420654
708,winter,2,t2m_C_mean,anom_persistence,2.330960750579834
709,winter,2,t2m_C_mean,anom_persistence,2.027989387512207
800,winter,2,t2m_C_mean,anom_persistence,2.222243070602417
801,winter,2,t2m_C_mean,anom_persistence,1.2955960035324097
802,winter,2,t2m_C_mean,anom_persistence,1.7023186683654785
803,winter,2,t2m_C_mean,anom_persistence,3.213923692703247
804,winter,2,t2m_C_mean,anom_persistence,2.135551929473877
805,winter,2,t2m_C_mean,anom_persistence,2.0399670600891113
806,winter,2,t2m_C_mean,anom_persistence,2.3452956676483154
807,winter,2,t2m_C_mean,anom_persistence,2.7247185707092285
808,winter,2,t2m_C_mean,anom_persistence,2.918344736099243
809,winter,2,t2m_C_mean,anom_persistence,2.946277141571045
900,winter,2,t2m_C_mean,anom_persistence,2.8711724281311035
901,winter,2,t2m_C_mean,anom_persistence,2.1192715167999268
902,winter,2,t2m_C_mean,anom_persistence,2.7373194694519043
903,winter,2,t2m_C_mean,anom_persistence,3.1848320960998535
904,winter,2,t2m_C_mean,anom_persistence,2.6135878562927246
905,winter,2,t2m_C_mean,anom_persistence,3.4030704498291016
906,winter,2,t2m_C_mean,anom_persistence,3.412905693054199
907,winter,2,t2m_C_mean,anom_persistence,3.268765926361084
908,winter,2,t2m_C_mean,anom_persistence,2.8688268661499023
909,winter,2,t2m_C_mean,anom_persistence,2.7905197143554688
1000,winter,2,t2m_C_mean,anom_persistence,2.677267074584961
1001,winter,2,t2m_C_mean,anom_persistence,2.9936418533325195
1002,winter,2,t2m_C_mean,anom_persistence,2.293926477432251
1003,winter,2,t2m_C_mean,anom_persistence,2.1756722927093506
1004,winter,2,t2m_C_mean,anom_persistence,1.7613177299499512
1005,winter,2,t2m_C_mean,anom_persistence,3.071347236633301
1006,winter,2,t2m_C_mean,anom_persistence,3.397578239440918
1007,winter,2,t2m_C_mean,anom_persistence,3.071479558944702
1008,winter,2,t2m_C_mean,anom_persistence,2.065239191055298
1009,winter,2,t2m_C_mean,anom_persistence,2.2146880626678467
0,pre_monsoon,2,t2m_C_mean,anom_persistence,0.4757882356643677
1,pre_monsoon,2,t2m_C_mean,anom_persistence,0.5869839191436768
2,pre_monsoon,2,t2m_C_mean,anom_persistence,0.7022860050201416
3,pre_monsoon,2,t2m_C_mean,anom_persistence,0.6190900206565857
4,pre_monsoon,2,t2m_C_mean,anom_persistence,0.5540069937705994
5,pre_monsoon,2,t2m_C_mean,anom_persistence,0.5006808042526245
6,pre_monsoon,2,t2m_C_mean,anom_persistence,0.4878672957420349
7,pre_monsoon,2,t2m_C_mean,anom_persistence,0.5011618137359619
8,pre_monsoon,2,t2m_C_mean,anom_persistence,0.564170777797699
9,pre_monsoon,2,t2m_C_mean,anom_persistence,0.5731627941131592
100,pre_monsoon,2,t2m_C_mean,anom_persistence,0.4147263467311859
101,pre_monsoon,2,t2m_C_mean,anom_persistence,0.4474203288555145
102,pre_monsoon,2,t2m_C_mean,anom_persistence,0.6791389584541321
103,pre_monsoon,2,t2m_C_mean,anom_persistence,0.9221825003623962
104,pre_monsoon,2,t2m_C_mean,anom_persistence,0.4229496121406555
105,pre_monsoon,2,t2m_C_mean,anom_persistence,0.4079664945602417
106,pre_monsoon,2,t2m_C_mean,anom_persistence,0.4494926631450653
107,pre_monsoon,2,t2m_C_mean,anom_persistence,0.5050743222236633
108,pre_monsoon,2,t2m_C_mean,anom_persistence,0.5659362077713013
109,pre_monsoon,2,t2m_C_mean,anom_persistence,0.6048174500465393
200,pre_monsoon,2,t2m_C_mean,anom_persistence,0.3413904309272766
201,pre_monsoon,2,t2m_C_mean,anom_persistence,0.3700824975967407
202,pre_monsoon,2,t2m_C_mean,anom_persistence,0.7433897852897644
203,pre_monsoon,2,t2m_C_mean,anom_persistence,0.9475552439689636
204,pre_monsoon,2,t2m_C_mean,anom_persistence,0.40710389614105225
205,pre_monsoon,2,t2m_C_mean,anom_persistence,0.40655338764190674
206,pre_monsoon,2,t2m_C_mean,anom_persistence,0.48535600304603577
207,pre_monsoon,2,t2m_C_mean,anom_persistence,0.4698079526424408
208,pre_monsoon,2,t2m_C_mean,anom_persistence,0.5223144888877869
209,pre_monsoon,2,t2m_C_mean,anom_persistence,0.5373358130455017
300,pre_monsoon,2,t2m_C_mean,anom_persistence,0.4171060621738434
301,pre_monsoon,2,t2m_C_mean,anom_persistence,0.4961819052696228
302,pre_monsoon,2,t2m_C_mean,anom_persistence,0.9206231236457825
303,pre_monsoon,2,t2m_C_mean,anom_persistence,0.9458974003791809
304,pre_monsoon,2,t2m_C_mean,anom_persistence,0.9505622386932373
305,pre_monsoon,2,t2m_C_mean,anom_persistence,0.5101925134658813
306,pre_monsoon,2,t2m_C_mean,anom_persistence,0.5471847057342529
307,pre_monsoon,2,t2m_C_mean,anom_persistence,0.5258087515830994
308,pre_monsoon,2,t2m_C_mean,anom_persistence,0.6065202355384827
309,pre_monsoon,2,t2m_C_mean,anom_persistence,0.9247038960456848
400,pre_monsoon,2,t2m_C_mean,anom_persistence,0.48514387011528015
401,pre_monsoon,2,t2m_C_mean,anom_persistence,0.8910874128341675
402,pre_monsoon,2,t2m_C_mean,anom_persistence,1.2323548793792725
403,pre_monsoon,2,t2m_C_mean,anom_persistence,1.1854733228683472
404,pre_monsoon,2,t2m_C_mean,anom_persistence,1.387424111366272
405,pre_monsoon,2,t2m_C_mean,anom_persistence,1.2741085290908813
406,pre_monsoon,2,t2m_C_mean,anom_persistence,0.669423520565033
407,pre_monsoon,2,t2m_C_mean,anom_persistence,0.5623626112937927
408,pre_monsoon,2,t2m_C_mean,anom_persistence,0.9570244550704956
409,pre_monsoon,2,t2m_C_mean,anom_persistence,1.1199356317520142
500,pre_monsoon,2,t2m_C_mean,anom_persistence,0.9636582136154175
501,pre_monsoon,2,t2m_C_mean,anom_persistence,1.5178284645080566
502,pre_monsoon,2,t2m_C_mean,anom_persistence,1.5755562782287598
503,pre_monsoon,2,t2m_C_mean,anom_persistence,1.46884024143219
504,pre_monsoon,2,t2m_C_mean,anom_persistence,1.5887820720672607
505,pre_monsoon,2,t2m_C_mean,anom_persistence,1.819814682006836
506,pre_monsoon,2,t2m_C_mean,anom_persistence,1.6673065423965454
507,pre_monsoon,2,t2m_C_mean,anom_persistence,1.2405434846878052
508,pre_monsoon,2,t2m_C_mean,anom_persistence,1.1013389825820923
509,pre_monsoon,2,t2m_C_mean,anom_persistence,1.3413580656051636
600,pre_monsoon,2,t2m_C_mean,anom_persistence,1.7082583904266357
601,pre_monsoon,2,t2m_C_mean,anom_persistence,1.9056944847106934
602,pre_monsoon,2,t2m_C_mean,anom_persistence,1.83437979221344
603,pre_monsoon,2,t2m_C_mean,anom_persistence,1.5520408153533936
604,pre_monsoon,2,t2m_C_mean,anom_persistence,1.7294707298278809
605,pre_monsoon,2,t2m_C_mean,anom_persistence,1.8026689291000366
606,pre_monsoon,2,t2m_C_mean,anom_persistence,1.5978960990905762
607,pre_monsoon,2,t2m_C_mean,anom_persistence,1.2663084268569946
608,pre_monsoon,2,t2m_C_mean,anom_persistence,1.0837770700454712
609,pre_monsoon,2,t2m_C_mean,anom_persistence,1.078865647315979
700,pre_monsoon,2,t2m_C_mean,anom_persistence,1.9055887460708618
701,pre_monsoon,2,t2m_C_mean,anom_persistence,1.9943989515304565
702,pre_monsoon,2,t2m_C_mean,anom_persistence,1.8324304819107056
703,pre_monsoon,2,t2m_C_mean,anom_persistence,1.5044169425964355
704,pre_monsoon,2,t2m_C_mean,anom_persistence,1.5871167182922363
705,pre_monsoon,2,t2m_C_mean,anom_persistence,1.6358628273010254
706,pre_monsoon,2,t2m_C_mean,anom_persistence,1.9108829498291016
707,pre_monsoon,2,t2m_C_mean,anom_persistence,1.9564039707183838
708,pre_monsoon,2,t2m_C_mean,anom_persistence,1.8097796440124512
709,pre_monsoon,2,t2m_C_mean,anom_persistence,1.6191192865371704
800,pre_monsoon,2,t2m_C_mean,anom_persistence,2.0936455726623535
801,pre_monsoon,2,t2m_C_mean,anom_persistence,1.932202696800232
802,pre_monsoon,2,t2m_C_mean,anom_persistence,1.6966139078140259
803,pre_monsoon,2,t2m_C_mean,anom_persistence,2.48634672164917
804,pre_monsoon,2,t2m_C_mean,anom_persistence,1.9339193105697632
805,pre_monsoon,2,t2m_C_mean,anom_persistence,1.9967073202133179
806,pre_monsoon,2,t2m_C_mean,anom_persistence,2.2761147022247314
807,pre_monsoon,2,t2m_C_mean,anom_persistence,2.340070962905884
808,pre_monsoon,2,t2m_C_mean,anom_persistence,2.5652260780334473
809,pre_monsoon,2,t2m_C_mean,anom_persistence,2.7238383293151855
900,pre_monsoon,2,t2m_C_mean,anom_persistence,2.7181506156921387
901,pre_monsoon,2,t2m_C_mean,anom_persistence,2.06231427192688
902,pre_monsoon,2,t2m_C_mean,anom_persistence,2.284177541732788
903,pre_monsoon,2,t2m_C_mean,anom_persistence,2.785048246383667
904,pre_monsoon,2,t2m_C_mean,anom_persistence,2.6913726329803467
905,pre_monsoon,2,t2m_C_mean,anom_persistence,2.8069043159484863
906,pre_monsoon,2,t2m_C_mean,anom_persistence,2.8204002380371094
907,pre_monsoon,2,t2m_C_mean,anom_persistence,3.0205373764038086
908,pre_monsoon,2,t2m_C_mean,anom_persistence,2.988892078399658
909,pre_monsoon,2,t2m_C_mean,anom_persistence,3.0331945419311523
1000,pre_monsoon,2,t2m_C_mean,anom_persistence,3.599635124206543
1001,pre_monsoon,2,t2m_C_mean,anom_persistence,2.3053159713745117
1002,pre_monsoon,2,t2m_C_mean,anom_persistence,2.131094217300415
1003,pre_monsoon,2,t2m_C_mean,anom_persistence,2.9961602687835693
1004,pre_monsoon,2,t2m_C_mean,anom_persistence,3.115143060684204
1005,pre_monsoon,2,t2m_C_mean,anom_persistence,3.0205297470092773
1006,pre_monsoon,2,t2m_C_mean,anom_persistence,2.7719976902008057
1007,pre_monsoon,2,t2m_C_mean,anom_persistence,3.169222116470337
1008,pre_monsoon,2,t2m_C_mean,anom_persistence,2.581033706665039
1009,pre_monsoon,2,t2m_C_mean,anom_persistence,3.1353538036346436
0,monsoon,2,t2m_C_mean,anom_persistence,0.4484851062297821
1,monsoon,2,t2m_C_mean,anom_persistence,0.46748557686805725
2,monsoon,2,t2m_C_mean,anom_persistence,0.4662092626094818
3,monsoon,2,t2m_C_mean,anom_persistence,0.3876001238822937
4,monsoon,2,t2m_C_mean,anom_persistence,0.4024425745010376
5,monsoon,2,t2m_C_mean,anom_persistence,0.25366130471229553
6,monsoon,2,t2m_C_mean,anom_persistence,0.4608393907546997
7,monsoon,2,t2m_C_mean,anom_persistence,0.5423293113708496
8,monsoon,2,t2m_C_mean,anom_persistence,0.5233542919158936
9,monsoon,2,t2m_C_mean,anom_persistence,0.5966610908508301
100,monsoon,2,t2m_C_mean,anom_persistence,0.393330454826355
101,monsoon,2,t2m_C_mean,anom_persistence,0.510491132736206
102,monsoon,2,t2m_C_mean,anom_persistence,0.5510420203208923
103,monsoon,2,t2m_C_mean,anom_persistence,0.7940402030944824
104,monsoon,2,t2m_C_mean,anom_persistence,0.32915937900543213
105,monsoon,2,t2m_C_mean,anom_persistence,0.3175547122955322
106,monsoon,2,t2m_C_mean,anom_persistence,0.40724682807922363
107,monsoon,2,t2m_C_mean,anom_persistence,0.4600875675678253
108,monsoon,2,t2m_C_mean,anom_persistence,0.4827543795108795
109,monsoon,2,t2m_C_mean,anom_persistence,0.4914047420024872
200,monsoon,2,t2m_C_mean,anom_persistence,0.3773062527179718
201,monsoon,2,t2m_C_mean,anom_persistence,0.43391814827919006
202,monsoon,2,t2m_C_mean,anom_persistence,0.7580302953720093
203,monsoon,2,t2m_C_mean,anom_persistence,1.096395492553711
204,monsoon,2,t2m_C_mean,anom_persistence,0.6247297525405884
205,monsoon,2,t2m_C_mean,anom_persistence,0.5083926916122437
206,monsoon,2,t2m_C_mean,anom_persistence,0.4649333357810974
207,monsoon,2,t2m_C_mean,anom_persistence,0.4243912994861603
208,monsoon,2,t2m_C_mean,anom_persistence,0.4293600916862488
209,monsoon,2,t2m_C_mean,anom_persistence,0.40750953555107117
300,monsoon,2,t2m_C_mean,anom_persistence,0.2977476418018341
301,monsoon,2,t2m_C_mean,anom_persistence,0.4128655791282654
302,monsoon,2,t2m_C_mean,anom_persistence,0.8900935649871826
303,monsoon,2,t2m_C_mean,anom_persistence,1.1163854598999023
304,monsoon,2,t2m_C_mean,anom_persistence,1.0513460636138916
305,monsoon,2,t2m_C_mean,anom_persistence,0.5988758206367493
306,monsoon,2,t2m_C_mean,anom_persistence,0.4497743248939514
307,monsoon,2,t2m_C_mean,anom_persistence,0.4539882242679596
308,monsoon,2,t2m_C_mean,anom_persistence,0.42228853702545166
309,monsoon,2,t2m_C_mean,anom_persistence,0.6244102716445923
400,monsoon,2,t2m_C_mean,anom_persistence,0.32738155126571655
401,monsoon,2,t2m_C_mean,anom_persistence,0.5342039465904236
402,monsoon,2,t2m_C_mean,anom_persistence,0.9342577457427979
403,monsoon,2,t2m_C_mean,anom_persistence,1.1764987707138062
404,monsoon,2,t2m_C_mean,anom_persistence,1.1182007789611816
405,monsoon,2,t2m_C_mean,anom_persistence,1.1122655868530273
406,monsoon,2,t2m_C_mean,anom_persistence,0.6637877225875854
407,monsoon,2,t2m_C_mean,anom_persistence,0.4876897633075714
408,monsoon,2,t2m_C_mean,anom_persistence,0.6971571445465088
409,monsoon,2,t2m_C_mean,anom_persistence,0.7381271123886108
500,monsoon,2,t2m_C_mean,anom_persistence,0.7264844179153442
501,monsoon,2,t2m_C_mean,anom_persistence,1.0038275718688965
502,monsoon,2,t2m_C_mean,anom_persistence,0.9602534770965576
503,monsoon,2,t2m_C_mean,anom_persistence,1.0238888263702393
504,monsoon,2,t2m_C_mean,anom_persistence,1.165647029876709
505,monsoon,2,t2m_C_mean,anom_persistence,1.2529033422470093
506,monsoon,2,t2m_C_mean,anom_persistence,1.2110525369644165
507,monsoon,2,t2m_C_mean,anom_persistence,0.9103599190711975
508,monsoon,2,t2m_C_mean,anom_persistence,0.9306319355964661
509,monsoon,2,t2m_C_mean,anom_persistence,0.9374039769172668
600,monsoon,2,t2m_C_mean,anom_persistence,1.2827926874160767
601,monsoon,2,t2m_C_mean,anom_persistence,1.193196177482605
602,monsoon,2,t2m_C_mean,anom_persistence,1.1884292364120483
603,monsoon,2,t2m_C_mean,anom_persistence,1.2104066610336304
604,monsoon,2,t2m_C_mean,anom_persistence,1.1961842775344849
605,monsoon,2,t2m_C_mean,anom_persistence,1.125348448753357
606,monsoon,2,t2m_C_mean,anom_persistence,0.9959205985069275
607,monsoon,2,t2m_C_mean,anom_persistence,0.8842034339904785
608,monsoon,2,t2m_C_mean,anom_persistence,0.9383510947227478
609,monsoon,2,t2m_C_mean,anom_persistence,1.0486364364624023
700,monsoon,2,t2m_C_mean,anom_persistence,1.4686459302902222
701,monsoon,2,t2m_C_mean,anom_persistence,1.6522655487060547
702,monsoon,2,t2m_C_mean,anom_persistence,1.3697285652160645
703,monsoon,2,t2m_C_mean,anom_persistence,1.239174485206604
704,monsoon,2,t2m_C_mean,anom_persistence,1.069881796836853
705,monsoon,2,t2m_C_mean,anom_persistence,0.9753672480583191
706,monsoon,2,t2m_C_mean,anom_persistence,1.0534939765930176
707,monsoon,2,t2m_C_mean,anom_persistence,1.1154385805130005
708,monsoon,2,t2m_C_mean,anom_persistence,1.11003577709198
709,monsoon,2,t2m_C_mean,anom_persistence,1.2056764364242554
800,monsoon,2,t2m_C_mean,anom_persistence,1.361387848854065
801,monsoon,2,t2m_C_mean,anom_persistence,2.0358805656433105
802,monsoon,2,t2m_C_mean,anom_persistence,1.5098785161972046
803,monsoon,2,t2m_C_mean,anom_persistence,1.4915980100631714
804,monsoon,2,t2m_C_mean,anom_persistence,1.4543339014053345
805,monsoon,2,t2m_C_mean,anom_persistence,1.4269133806228638
806,monsoon,2,t2m_C_mean,anom_persistence,1.3349910974502563
807,monsoon,2,t2m_C_mean,anom_persistence,1.3492189645767212
808,monsoon,2,t2m_C_mean,anom_persistence,1.435959815979004
809,monsoon,2,t2m_C_mean,anom_persistence,1.5552330017089844
900,monsoon,2,t2m_C_mean,anom_persistence,1.2773586511611938
901,monsoon,2,t2m_C_mean,anom_persistence,1.6896547079086304
902,monsoon,2,t2m_C_mean,anom_persistence,2.0318868160247803
903,monsoon,2,t2m_C_mean,anom_persistence,1.7171211242675781
904,monsoon,2,t2m_C_mean,anom_persistence,1.7563644647598267
905,monsoon,2,t2m_C_mean,anom_persistence,1.61448073387146
906,monsoon,2,t2m_C_mean,anom_persistence,1.5527105331420898
907,monsoon,2,t2m_C_mean,anom_persistence,1.5849858522415161
908,monsoon,2,t2m_C_mean,anom_persistence,1.7201281785964966
909,monsoon,2,t2m_C_mean,anom_persistence,1.8850245475769043
1000,monsoon,2,t2m_C_mean,anom_persistence,1.0902296304702759
1001,monsoon,2,t2m_C_mean,anom_persistence,1.842410683631897
1002,monsoon,2,t2m_C_mean,anom_persistence,1.6273733377456665
1003,monsoon,2,t2m_C_mean,anom_persistence,1.894680380821228
1004,monsoon,2,t2m_C_mean,anom_persistence,2.2116382122039795
1005,monsoon,2,t2m_C_mean,anom_persistence,1.7610864639282227
1006,monsoon,2,t2m_C_mean,anom_persistence,1.500165581703186
1007,monsoon,2,t2m_C_mean,anom_persistence,1.6116172075271606
1008,monsoon,2,t2m_C_mean,anom_persistence,1.8904327154159546
1009,monsoon,2,t2m_C_mean,anom_persistence,1.9785351753234863
0,post_monsoon,2,t2m_C_mean,anom_persistence,0.5615286827087402
1,post_monsoon,2,t2m_C_mean,anom_persistence,0.5851607322692871
2,post_monsoon,2,t2m_C_mean,anom_persistence,0.6286724209785461
3,post_monsoon,2,t2m_C_mean,anom_persistence,0.6971022486686707
4,post_monsoon,2,t2m_C_mean,anom_persistence,0.5904671549797058
5,post_monsoon,2,t2m_C_mean,anom_persistence,0.5564209818840027
6,post_monsoon,2,t2m_C_mean,anom_persistence,0.6323596835136414
7,post_monsoon,2,t2m_C_mean,anom_persistence,0.6652665734291077
8,post_monsoon,2,t2m_C_mean,anom_persistence,0.6148112416267395
9,post_monsoon,2,t2m_C_mean,anom_persistence,0.6090262532234192
100,post_monsoon,2,t2m_C_mean,anom_persistence,0.5031436085700989
101,post_monsoon,2,t2m_C_mean,anom_persistence,0.5500242114067078
102,post_monsoon,2,t2m_C_mean,anom_persistence,0.7090141177177429
103,post_monsoon,2,t2m_C_mean,anom_persistence,1.0238933563232422
104,post_monsoon,2,t2m_C_mean,anom_persistence,0.5068933963775635
105,post_monsoon,2,t2m_C_mean,anom_persistence,0.5455739498138428
106,post_monsoon,2,t2m_C_mean,anom_persistence,0.5867710709571838
107,post_monsoon,2,t2m_C_mean,anom_persistence,0.6163104772567749
108,post_monsoon,2,t2m_C_mean,anom_persistence,0.5557047128677368
109,post_monsoon,2,t2m_C_mean,anom_persistence,0.47137564420700073
200,post_monsoon,2,t2m_C_mean,anom_persistence,0.4295910596847534
201,post_monsoon,2,t2m_C_mean,anom_persistence,0.494049072265625
202,post_monsoon,2,t2m_C_mean,anom_persistence,0.812309980392456
203,post_monsoon,2,t2m_C_mean,anom_persistence,0.9924218058586121
204,post_monsoon,2,t2m_C_mean,anom_persistence,0.5534566044807434
205,post_monsoon,2,t2m_C_mean,anom_persistence,0.5049470663070679
206,post_monsoon,2,t2m_C_mean,anom_persistence,0.5387807488441467
207,post_monsoon,2,t2m_C_mean,anom_persistence,0.592976450920105
208,post_monsoon,2,t2m_C_mean,anom_persistence,0.5948233604431152
209,post_monsoon,2,t2m_C_mean,anom_persistence,0.5442685484886169
300,post_monsoon,2,t2m_C_mean,anom_persistence,0.47227683663368225
301,post_monsoon,2,t2m_C_mean,anom_persistence,0.5650119781494141
302,post_monsoon,2,t2m_C_mean,anom_persistence,1.016222357749939
303,post_monsoon,2,t2m_C_mean,anom_persistence,1.147060751914978
304,post_monsoon,2,t2m_C_mean,anom_persistence,1.1292258501052856
305,post_monsoon,2,t2m_C_mean,anom_persistence,0.6409709453582764
306,post_monsoon,2,t2m_C_mean,anom_persistence,0.5603989362716675
307,post_monsoon,2,t2m_C_mean,anom_persistence,0.5844983458518982
308,post_monsoon,2,t2m_C_mean,anom_persistence,0.6358197331428528
309,post_monsoon,2,t2m_C_mean,anom_persistence,0.7930882573127747
400,post_monsoon,2,t2m_C_mean,anom_persistence,0.5849590301513672
401,post_monsoon,2,t2m_C_mean,anom_persistence,0.8791699409484863
402,post_monsoon,2,t2m_C_mean,anom_persistence,1.1626372337341309
403,post_monsoon,2,t2m_C_mean,anom_persistence,1.2101644277572632
404,post_monsoon,2,t2m_C_mean,anom_persistence,1.0633490085601807
405,post_monsoon,2,t2m_C_mean,anom_persistence,0.9920341968536377
406,post_monsoon,2,t2m_C_mean,anom_persistence,0.7619268894195557
407,post_monsoon,2,t2m_C_mean,anom_persistence,0.671746551990509
408,post_monsoon,2,t2m_C_mean,anom_persistence,0.7939864993095398
409,post_monsoon,2,t2m_C_mean,anom_persistence,0.7909508347511292
500,post_monsoon,2,t2m_C_mean,anom_persistence,0.9738093614578247
501,post_monsoon,2,t2m_C_mean,anom_persistence,1.2952686548233032
502,post_monsoon,2,t2m_C_mean,anom_persistence,1.3544511795043945
503,post_monsoon,2,t2m_C_mean,anom_persistence,1.2834619283676147
504,post_monsoon,2,t2m_C_mean,anom_persistence,1.277841329574585
505,post_monsoon,2,t2m_C_mean,anom_persistence,1.212598204612732
506,post_monsoon,2,t2m_C_mean,anom_persistence,1.1428132057189941
507,post_monsoon,2,t2m_C_mean,anom_persistence,0.8874078392982483
508,post_monsoon,2,t2m_C_mean,anom_persistence,0.8771558403968811
509,post_monsoon,2,t2m_C_mean,anom_persistence,0.8919247984886169
600,post_monsoon,2,t2m_C_mean,anom_persistence,1.0088770389556885
601,post_monsoon,2,t2m_C_mean,anom_persistence,1.205989956855774
602,post_monsoon,2,t2m_C_mean,anom_persistence,1.3734822273254395
603,post_monsoon,2,t2m_C_mean,anom_persistence,1.4396426677703857
604,post_monsoon,2,t2m_C_mean,anom_persistence,1.4703717231750488
605,post_monsoon,2,t2m_C_mean,anom_persistence,1.3435473442077637
606,post_monsoon,2,t2m_C_mean,anom_persistence,1.1340277194976807
607,post_monsoon,2,t2m_C_mean,anom_persistence,0.9741562604904175
608,post_monsoon,2,t2m_C_mean,anom_persistence,0.8865978717803955
609,post_monsoon,2,t2m_C_mean,anom_persistence,1.0334904193878174
700,post_monsoon,2,t2m_C_mean,anom_persistence,0.8828330039978027
701,post_monsoon,2,t2m_C_mean,anom_persistence,1.0216377973556519
702,post_monsoon,2,t2m_C_mean,anom_persistence,1.122927188873291
703,post_monsoon,2,t2m_C_mean,anom_persistence,1.028199315071106
704,post_monsoon,2,t2m_C_mean,anom_persistence,1.3079748153686523
705,post_monsoon,2,t2m_C_mean,anom_persistence,1.8026044368743896
706,post_monsoon,2,t2m_C_mean,anom_persistence,1.811429738998413
707,post_monsoon,2,t2m_C_mean,anom_persistence,1.585185170173645
708,post_monsoon,2,t2m_C_mean,anom_persistence,1.6382925510406494
709,post_monsoon,2,t2m_C_mean,anom_persistence,1.6463186740875244
800,post_monsoon,2,t2m_C_mean,anom_persistence,0.9732131958007812
801,post_monsoon,2,t2m_C_mean,anom_persistence,1.053293228149414
802,post_monsoon,2,t2m_C_mean,anom_persistence,1.0639433860778809
803,post_monsoon,2,t2m_C_mean,anom_persistence,1.5109384059906006
804,post_monsoon,2,t2m_C_mean,anom_persistence,1.2606054544448853
805,post_monsoon,2,t2m_C_mean,anom_persistence,1.4002434015274048
806,post_monsoon,2,t2m_C_mean,anom_persistence,1.5910611152648926
807,post_monsoon,2,t2m_C_mean,anom_persistence,1.8014131784439087
808,post_monsoon,2,t2m_C_mean,anom_persistence,2.3326525688171387
809,post_monsoon,2,t2m_C_mean,anom_persistence,2.515796184539795
900,post_monsoon,2,t2m_C_mean,anom_persistence,1.4794834852218628
901,post_monsoon,2,t2m_C_mean,anom_persistence,1.241569995880127
902,post_monsoon,2,t2m_C_mean,anom_persistence,1.9256951808929443
903,post_monsoon,2,t2m_C_mean,anom_persistence,1.5414396524429321
904,post_monsoon,2,t2m_C_mean,anom_persistence,1.6019997596740723
905,post_monsoon,2,t2m_C_mean,anom_persistence,1.4994359016418457
906,post_monsoon,2,t2m_C_mean,anom_persistence,1.4280250072479248
907,post_monsoon,2,t2m_C_mean,anom_persistence,1.5109089612960815
908,post_monsoon,2,t2m_C_mean,anom_persistence,1.6042358875274658
909,post_monsoon,2,t2m_C_mean,anom_persistence,1.7952277660369873
1000,post_monsoon,2,t2m_C_mean,anom_persistence,1.5952943563461304
1001,post_monsoon,2,t2m_C_mean,anom_persistence,1.7966238260269165
1002,post_monsoon,2,t2m_C_mean,anom_persistence,1.9031964540481567
1003,post_monsoon,2,t2m_C_mean,anom_persistence,1.669679045677185
1004,post_monsoon,2,t2m_C_mean,anom_persistence,1.8156780004501343
1005,post_monsoon,2,t2m_C_mean,anom_persistence,1.6693817377090454
1006,post_monsoon,2,t2m_C_mean,anom_persistence,1.5914727449417114
1007,post_monsoon,2,t2m_C_mean,anom_persistence,1.4923244714736938
1008,post_monsoon,2,t2m_C_mean,anom_persistence,1.5424529314041138
1009,post_monsoon,2,t2m_C_mean,anom_persistence,1.5161261558532715
0,winter,3,t2m_C_mean,climatology,0.5714878439903259
1,winter,3,t2m_C_mean,climatology,0.4196563959121704
2,winter,3,t2m_C_mean,climatology,0.34452521800994873
3,winter,3,t2m_C_mean,climatology,0.4938594400882721
4,winter,3,t2m_C_mean,climatology,0.54506516456604
5,winter,3,t2m_C_mean,climatology,0.4054960608482361
6,winter,3,t2m_C_mean,climatology,0.44351691007614136
7,winter,3,t2m_C_mean,climatology,0.48782336711883545
8,winter,3,t2m_C_mean,climatology,0.42251238226890564
9,winter,3,t2m_C_mean,climatology,0.3726634681224823
100,winter,3,t2m_C_mean,climatology,0.3884933888912201
101,winter,3,t2m_C_mean,climatology,0.4099959135055542
102,winter,3,t2m_C_mean,climatology,0.8048399686813354
103,winter,3,t2m_C_mean,climatology,1.286057949066162
104,winter,3,t2m_C_mean,climatology,0.4873003363609314
105,winter,3,t2m_C_mean,climatology,0.4634600877761841
106,winter,3,t2m_C_mean,climatology,0.4546401798725128
107,winter,3,t2m_C_mean,climatology,0.43576157093048096
108,winter,3,t2m_C_mean,climatology,0.47607338428497314
109,winter,3,t2m_C_mean,climatology,0.5129260420799255
200,winter,3,t2m_C_mean,climatology,0.5025355815887451
201,winter,3,t2m_C_mean,climatology,0.49993929266929626
202,winter,3,t2m_C_mean,climatology,1.2490595579147339
203,winter,3,t2m_C_mean,climatology,1.7440929412841797
204,winter,3,t2m_C_mean,climatology,0.6098646521568298
205,winter,3,t2m_C_mean,climatology,0.5633718967437744
206,winter,3,t2m_C_mean,climatology,0.5997833013534546
207,winter,3,t2m_C_mean,climatology,0.5282130837440491
208,winter,3,t2m_C_mean,climatology,0.5920854210853577
209,winter,3,t2m_C_mean,climatology,0.6407957673072815
300,winter,3,t2m_C_mean,climatology,0.68162602186203
301,winter,3,t2m_C_mean,climatology,0.7700912356376648
302,winter,3,t2m_C_mean,climatology,1.7376879453659058
303,winter,3,t2m_C_mean,climatology,1.9491053819656372
304,winter,3,t2m_C_mean,climatology,1.700696349143982
305,winter,3,t2m_C_mean,climatology,0.896571159362793
306,winter,3,t2m_C_mean,climatology,0.7329877614974976
307,winter,3,t2m_C_mean,climatology,0.6845851540565491
308,winter,3,t2m_C_mean,climatology,0.6886739134788513
309,winter,3,t2m_C_mean,climatology,1.1315290927886963
400,winter,3,t2m_C_mean,climatology,0.8495190143585205
401,winter,3,t2m_C_mean,climatology,1.1534342765808105
402,winter,3,t2m_C_mean,climatology,2.1010684967041016
403,winter,3,t2m_C_mean,climatology,2.6098427772521973
404,winter,3,t2m_C_mean,climatology,3.0657739639282227
405,winter,3,t2m_C_mean,climatology,2.9323716163635254
406,winter,3,t2m_C_mean,climatology,1.7731804847717285
407,winter,3,t2m_C_mean,climatology,1.152848720550537
408,winter,3,t2m_C_mean,climatology,1.082433819770813
409,winter,3,t2m_C_mean,climatology,1.3088144063949585
500,winter,3,t2m_C_mean,climatology,1.8515101671218872
501,winter,3,t2m_C_mean,climatology,2.006056547164917
502,winter,3,t2m_C_mean,climatology,2.3840439319610596
503,winter,3,t2m_C_mean,climatology,2.9557204246520996
504,winter,3,t2m_C_mean,climatology,3.614863395690918
505,winter,3,t2m_C_mean,climatology,3.509361982345581
506,winter,3,t2m_C_mean,climatology,2.6579666137695312
507,winter,3,t2m_C_mean,climatology,2.088768243789673
508,winter,3,t2m_C_mean,climatology,1.3613026142120361
509,winter,3,t2m_C_mean,climatology,1.405714988708496
600,winter,3,t2m_C_mean,climatology,2.5279312133789062
601,winter,3,t2m_C_mean,climatology,2.357492446899414
602,winter,3,t2m_C_mean,climatology,2.485217332839966
603,winter,3,t2m_C_mean,climatology,3.1102705001831055
604,winter,3,t2m_C_mean,climatology,3.179011344909668
605,winter,3,t2m_C_mean,climatology,2.451856851577759
606,winter,3,t2m_C_mean,climatology,1.8809466361999512
607,winter,3,t2m_C_mean,climatology,1.506338357925415
608,winter,3,t2m_C_mean,climatology,1.2346843481063843
609,winter,3,t2m_C_mean,climatology,1.3500300645828247
700,winter,3,t2m_C_mean,climatology,2.2037835121154785
701,winter,3,t2m_C_mean,climatology,2.268263816833496
702,winter,3,t2m_C_mean,climatology,2.1757609844207764
703,winter,3,t2m_C_mean,climatology,2.0881340503692627
704,winter,3,t2m_C_mean,climatology,1.9315009117126465
705,winter,3,t2m_C_mean,climatology,1.9408812522888184
706,winter,3,t2m_C_mean,climatology,2.1570448875427246
707,winter,3,t2m_C_mean,climatology,2.877863645553589
708,winter,3,t2m_C_mean,climatology,2.9616200923919678
709,winter,3,t2m_C_mean,climatology,2.603062629699707
800,winter,3,t2m_C_mean,climatology,2.0892257690429688
801,winter,3,t2m_C_mean,climatology,1.824608325958252
802,winter,3,t2m_C_mean,climatology,1.84706449508667
803,winter,3,t2m_C_mean,climatology,2.615138053894043
804,winter,3,t2m_C_mean,climatology,2.0286266803741455
805,winter,3,t2m_C_mean,climatology,2.264941453933716
806,winter,3,t2m_C_mean,climatology,2.774928569793701
807,winter,3,t2m_C_mean,climatology,3.365208625793457
808,winter,3,t2m_C_mean,climatology,3.319413661956787
809,winter,3,t2m_C_mean,climatology,3.1392672061920166
900,winter,3,t2m_C_mean,climatology,2.8281338214874268
901,winter,3,t2m_C_mean,climatology,2.447234869003296
902,winter,3,t2m_C_mean,climatology,2.9362401962280273
903,winter,3,t2m_C_mean,climatology,2.735126256942749
904,winter,3,t2m_C_mean,climatology,2.269770622253418
905,winter,3,t2m_C_mean,climatology,3.0013391971588135
906,winter,3,t2m_C_mean,climatology,3.247269630432129
907,winter,3,t2m_C_mean,climatology,3.4042279720306396
908,winter,3,t2m_C_mean,climatology,3.1233386993408203
909,winter,3,t2m_C_mean,climatology,2.8993988037109375
1000,winter,3,t2m_C_mean,climatology,3.01151180267334
1001,winter,3,t2m_C_mean,climatology,3.6420297622680664
1002,winter,3,t2m_C_mean,climatology,2.295527219772339
1003,winter,3,t2m_C_mean,climatology,2.092609167098999
1004,winter,3,t2m_C_mean,climatology,2.991166830062866
1005,winter,3,t2m_C_mean,climatology,2.7458696365356445
1006,winter,3,t2m_C_mean,climatology,3.0273334980010986
1007,winter,3,t2m_C_mean,climatology,3.005791664123535
1008,winter,3,t2m_C_mean,climatology,2.6473381519317627
1009,winter,3,t2m_C_mean,climatology,2.4155466556549072
0,pre_monsoon,3,t2m_C_mean,climatology,0.399309366941452
1,pre_monsoon,3,t2m_C_mean,climatology,0.5134986042976379
2,pre_monsoon,3,t2m_C_mean,climatology,0.5490339398384094
3,pre_monsoon,3,t2m_C_mean,climatology,0.5657923221588135
4,pre_monsoon,3,t2m_C_mean,climatology,0.43637707829475403
5,pre_monsoon,3,t2m_C_mean,climatology,0.446340411901474
6,pre_monsoon,3,t2m_C_mean,climatology,0.460379958152771
7,pre_monsoon,3,t2m_C_mean,climatology,0.44793403148651123
8,pre_monsoon,3,t2m_C_mean,climatology,0.44719770550727844
9,pre_monsoon,3,t2m_C_mean,climatology,0.4965117871761322
100,pre_monsoon,3,t2m_C_mean,climatology,0.44832122325897217
101,pre_monsoon,3,t2m_C_mean,climatology,0.46260473132133484
102,pre_monsoon,3,t2m_C_mean,climatology,0.7774782180786133
103,pre_monsoon,3,t2m_C_mean,climatology,1.1588393449783325
104,pre_monsoon,3,t2m_C_mean,climatology,0.48307234048843384
105,pre_monsoon,3,t2m_C_mean,climatology,0.47849220037460327
106,pre_monsoon,3,t2m_C_mean,climatology,0.5639998912811279
107,pre_monsoon,3,t2m_C_mean,climatology,0.5340774059295654
108,pre_monsoon,3,t2m_C_mean,climatology,0.46624866127967834
109,pre_monsoon,3,t2m_C_mean,climatology,0.5830864906311035
200,pre_monsoon,3,t2m_C_mean,climatology,0.4646073877811432
201,pre_monsoon,3,t2m_C_mean,climatology,0.44670140743255615
202,pre_monsoon,3,t2m_C_mean,climatology,0.9748455882072449
203,pre_monsoon,3,t2m_C_mean,climatology,1.3039485216140747
204,pre_monsoon,3,t2m_C_mean,climatology,0.5983535051345825
205,pre_monsoon,3,t2m_C_mean,climatology,0.5949984788894653
206,pre_monsoon,3,t2m_C_mean,climatology,0.6790268421173096
207,pre_monsoon,3,t2m_C_mean,climatology,0.6296958327293396
208,pre_monsoon,3,t2m_C_mean,climatology,0.5484945774078369
209,pre_monsoon,3,t2m_C_mean,climatology,0.6497374773025513
300,pre_monsoon,3,t2m_C_mean,climatology,0.5831796526908875
301,pre_monsoon,3,t2m_C_mean,climatology,0.665851891040802
302,pre_monsoon,3,t2m_C_mean,climatology,1.2358118295669556
303,pre_monsoon,3,t2m_C_mean,climatology,1.0635864734649658
304,pre_monsoon,3,t2m_C_mean,climatology,0.9424661993980408
305,pre_monsoon,3,t2m_C_mean,climatology,0.588304877281189
306,pre_monsoon,3,t2m_C_mean,climatology,0.6022557020187378
307,pre_monsoon,3,t2m_C_mean,climatology,0.6063089966773987
308,pre_monsoon,3,t2m_C_mean,climatology,0.6481339931488037
309,pre_monsoon,3,t2m_C_mean,climatology,1.1495275497436523
400,pre_monsoon,3,t2m_C_mean,climatology,0.728304386138916
401,pre_monsoon,3,t2m_C_mean,climatology,1.1434921026229858
402,pre_monsoon,3,t2m_C_mean,climatology,1.6382232904434204
403,pre_monsoon,3,t2m_C_mean,climatology,1.5084128379821777
404,pre_monsoon,3,t2m_C_mean,climatology,1.4391310214996338
405,pre_monsoon,3,t2m_C_mean,climatology,1.1962151527404785
406,pre_monsoon,3,t2m_C_mean,climatology,0.6892590522766113
407,pre_monsoon,3,t2m_C_mean,climatology,0.6571171283721924
408,pre_monsoon,3,t2m_C_mean,climatology,0.9703389406204224
409,pre_monsoon,3,t2m_C_mean,climatology,1.1915396451950073
500,pre_monsoon,3,t2m_C_mean,climatology,1.3388745784759521
501,pre_monsoon,3,t2m_C_mean,climatology,2.336531162261963
502,pre_monsoon,3,t2m_C_mean,climatology,2.4358413219451904
503,pre_monsoon,3,t2m_C_mean,climatology,2.0835671424865723
504,pre_monsoon,3,t2m_C_mean,climatology,1.8688774108886719
505,pre_monsoon,3,t2m_C_mean,climatology,1.8445286750793457
506,pre_monsoon,3,t2m_C_mean,climatology,1.6422003507614136
507,pre_monsoon,3,t2m_C_mean,climatology,1.3301305770874023
508,pre_monsoon,3,t2m_C_mean,climatology,1.222974419593811
509,pre_monsoon,3,t2m_C_mean,climatology,1.3757140636444092
600,pre_monsoon,3,t2m_C_mean,climatology,1.98995041847229
601,pre_monsoon,3,t2m_C_mean,climatology,2.843825101852417
602,pre_monsoon,3,t2m_C_mean,climatology,2.696167469024658
603,pre_monsoon,3,t2m_C_mean,climatology,2.032294273376465
604,pre_monsoon,3,t2m_C_mean,climatology,1.8737672567367554
605,pre_monsoon,3,t2m_C_mean,climatology,1.8813124895095825
606,pre_monsoon,3,t2m_C_mean,climatology,1.6620914936065674
607,pre_monsoon,3,t2m_C_mean,climatology,1.2607101202011108
608,pre_monsoon,3,t2m_C_mean,climatology,1.0336427688598633
609,pre_monsoon,3,t2m_C_mean,climatology,1.0017123222351074
700,pre_monsoon,3,t2m_C_mean,climatology,2.4926109313964844
701,pre_monsoon,3,t2m_C_mean,climatology,2.409724235534668
702,pre_monsoon,3,t2m_C_mean,climatology,2.410735607147217
703,pre_monsoon,3,t2m_C_mean,climatology,1.7300655841827393
704,pre_monsoon,3,t2m_C_mean,climatology,1.514663815498352
705,pre_monsoon,3,t2m_C_mean,climatology,1.4670352935791016
706,pre_monsoon,3,t2m_C_mean,climatology,1.7431780099868774
707,pre_monsoon,3,t2m_C_mean,climatology,2.1297130584716797
708,pre_monsoon,3,t2m_C_mean,climatology,1.6779553890228271
709,pre_monsoon,3,t2m_C_mean,climatology,1.4630483388900757
800,pre_monsoon,3,t2m_C_mean,climatology,2.663625955581665
801,pre_monsoon,3,t2m_C_mean,climatology,2.1039953231811523
802,pre_monsoon,3,t2m_C_mean,climatology,1.8050017356872559
803,pre_monsoon,3,t2m_C_mean,climatology,1.7444138526916504
804,pre_monsoon,3,t2m_C_mean,climatology,1.3849881887435913
805,pre_monsoon,3,t2m_C_mean,climatology,1.403774380683899
806,pre_monsoon,3,t2m_C_mean,climatology,1.7547329664230347
807,pre_monsoon,3,t2m_C_mean,climatology,1.8496458530426025
808,pre_monsoon,3,t2m_C_mean,climatology,2.2189621925354004
809,pre_monsoon,3,t2m_C_mean,climatology,2.5733885765075684
900,pre_monsoon,3,t2m_C_mean,climatology,3.01778507232666
901,pre_monsoon,3,t2m_C_mean,climatology,2.1008999347686768
902,pre_monsoon,3,t2m_C_mean,climatology,1.7437160015106201
903,pre_monsoon,3,t2m_C_mean,climatology,1.924864411354065
904,pre_monsoon,3,t2m_C_mean,climatology,2.1998276710510254
905,pre_monsoon,3,t2m_C_mean,climatology,1.8582903146743774
906,pre_monsoon,3,t2m_C_mean,climatology,1.7476582527160645
907,pre_monsoon,3,t2m_C_mean,climatology,1.9200148582458496
908,pre_monsoon,3,t2m_C_mean,climatology,2.0327305793762207
909,pre_monsoon,3,t2m_C_mean,climatology,2.220898151397705
1000,pre_monsoon,3,t2m_C_mean,climatology,4.336090564727783
1001,pre_monsoon,3,t2m_C_mean,climatology,2.3393666744232178
1002,pre_monsoon,3,t2m_C_mean,climatology,2.0163707733154297
1003,pre_monsoon,3,t2m_C_mean,climatology,3.1214418411254883
1004,pre_monsoon,3,t2m_C_mean,climatology,3.43831467628479
1005,pre_monsoon,3,t2m_C_mean,climatology,2.4281222820281982
1006,pre_monsoon,3,t2m_C_mean,climatology,1.8760782480239868
1007,pre_monsoon,3,t2m_C_mean,climatology,2.145225763320923
1008,pre_monsoon,3,t2m_C_mean,climatology,1.886857509613037
1009,pre_monsoon,3,t2m_C_mean,climatology,2.2938215732574463
0,monsoon,3,t2m_C_mean,climatology,0.4801235795021057
1,monsoon,3,t2m_C_mean,climatology,0.5140773057937622
2,monsoon,3,t2m_C_mean,climatology,0.5305296182632446
3,monsoon,3,t2m_C_mean,climatology,0.49219152331352234
4,monsoon,3,t2m_C_mean,climatology,0.4155343174934387
5,monsoon,3,t2m_C_mean,climatology,0.26390203833580017
6,monsoon,3,t2m_C_mean,climatology,0.42999643087387085
7,monsoon,3,t2m_C_mean,climatology,0.42046767473220825
8,monsoon,3,t2m_C_mean,climatology,0.42174094915390015
9,monsoon,3,t2m_C_mean,climatology,0.47993412613868713
100,monsoon,3,t2m_C_mean,climatology,0.3747393488883972
101,monsoon,3,t2m_C_mean,climatology,0.5155239701271057
102,monsoon,3,t2m_C_mean,climatology,0.5799639821052551
103,monsoon,3,t2m_C_mean,climatology,0.915663480758667
104,monsoon,3,t2m_C_mean,climatology,0.3833559453487396
105,monsoon,3,t2m_C_mean,climatology,0.3312883973121643
106,monsoon,3,t2m_C_mean,climatology,0.39131391048431396
107,monsoon,3,t2m_C_mean,climatology,0.4098134934902191
108,monsoon,3,t2m_C_mean,climatology,0.37226831912994385
109,monsoon,3,t2m_C_mean,climatology,0.3711802065372467
200,monsoon,3,t2m_C_mean,climatology,0.37855494022369385
201,monsoon,3,t2m_C_mean,climatology,0.3745465576648712
202,monsoon,3,t2m_C_mean,climatology,0.6651306748390198
203,monsoon,3,t2m_C_mean,climatology,1.1567857265472412
204,monsoon,3,t2m_C_mean,climatology,0.7040731906890869
205,monsoon,3,t2m_C_mean,climatology,0.4651152789592743
206,monsoon,3,t2m_C_mean,climatology,0.38846540451049805
207,monsoon,3,t2m_C_mean,climatology,0.40321433544158936
208,monsoon,3,t2m_C_mean,climatology,0.4070175290107727
209,monsoon,3,t2m_C_mean,climatology,0.46654012799263
300,monsoon,3,t2m_C_mean,climatology,0.34197673201560974
301,monsoon,3,t2m_C_mean,climatology,0.36561381816864014
302,monsoon,3,t2m_C_mean,climatology,0.7725514769554138
303,monsoon,3,t2m_C_mean,climatology,1.140259027481079
304,monsoon,3,t2m_C_mean,climatology,1.2524610757827759
305,monsoon,3,t2m_C_mean,climatology,0.6139005422592163
306,monsoon,3,t2m_C_mean,climatology,0.49768146872520447
307,monsoon,3,t2m_C_mean,climatology,0.4307715892791748
308,monsoon,3,t2m_C_mean,climatology,0.43473780155181885
309,monsoon,3,t2m_C_mean,climatology,0.6208570003509521
400,monsoon,3,t2m_C_mean,climatology,0.39244818687438965
401,monsoon,3,t2m_C_mean,climatology,0.6412217617034912
402,monsoon,3,t2m_C_mean,climatology,1.0955712795257568
403,monsoon,3,t2m_C_mean,climatology,1.3441561460494995
404,monsoon,3,t2m_C_mean,climatology,1.2913202047348022
405,monsoon,3,t2m_C_mean,climatology,1.1098151206970215
406,monsoon,3,t2m_C_mean,climatology,0.6885560750961304
407,monsoon,3,t2m_C_mean,climatology,0.49607712030410767
408,monsoon,3,t2m_C_mean,climatology,0.6649925112724304
409,monsoon,3,t2m_C_mean,climatology,0.6450942158699036
500,monsoon,3,t2m_C_mean,climatology,0.8263158798217773
501,monsoon,3,t2m_C_mean,climatology,1.3547176122665405
502,monsoon,3,t2m_C_mean,climatology,1.375508427619934
503,monsoon,3,t2m_C_mean,climatology,1.2765495777130127
504,monsoon,3,t2m_C_mean,climatology,1.0956555604934692
505,monsoon,3,t2m_C_mean,climatology,1.0438934564590454
506,monsoon,3,t2m_C_mean,climatology,1.0451698303222656
507,monsoon,3,t2m_C_mean,climatology,0.9763163328170776
508,monsoon,3,t2m_C_mean,climatology,0.9077038168907166
509,monsoon,3,t2m_C_mean,climatology,0.7681052684783936
600,monsoon,3,t2m_C_mean,climatology,1.4790867567062378
601,monsoon,3,t2m_C_mean,climatology,1.4968104362487793
602,monsoon,3,t2m_C_mean,climatology,1.2764372825622559
603,monsoon,3,t2m_C_mean,climatology,1.1313337087631226
604,monsoon,3,t2m_C_mean,climatology,1.0688445568084717
605,monsoon,3,t2m_C_mean,climatology,1.116134762763977
606,monsoon,3,t2m_C_mean,climatology,0.9688682556152344
607,monsoon,3,t2m_C_mean,climatology,1.0253071784973145
608,monsoon,3,t2m_C_mean,climatology,1.0378944873809814
609,monsoon,3,t2m_C_mean,climatology,1.0392731428146362
700,monsoon,3,t2m_C_mean,climatology,1.972068190574646
701,monsoon,3,t2m_C_mean,climatology,2.41481876373291
702,monsoon,3,t2m_C_mean,climatology,1.6411209106445312
703,monsoon,3,t2m_C_mean,climatology,1.2682349681854248
704,monsoon,3,t2m_C_mean,climatology,1.6340380907058716
705,monsoon,3,t2m_C_mean,climatology,1.8010213375091553
706,monsoon,3,t2m_C_mean,climatology,1.327134370803833
707,monsoon,3,t2m_C_mean,climatology,1.135123610496521
708,monsoon,3,t2m_C_mean,climatology,1.1202393770217896
709,monsoon,3,t2m_C_mean,climatology,1.2092485427856445
800,monsoon,3,t2m_C_mean,climatology,2.157841682434082
801,monsoon,3,t2m_C_mean,climatology,2.6980042457580566
802,monsoon,3,t2m_C_mean,climatology,2.262281656265259
803,monsoon,3,t2m_C_mean,climatology,3.4075000286102295
804,monsoon,3,t2m_C_mean,climatology,2.6774609088897705
805,monsoon,3,t2m_C_mean,climatology,1.96291983127594
806,monsoon,3,t2m_C_mean,climatology,1.5021697282791138
807,monsoon,3,t2m_C_mean,climatology,1.3115442991256714
808,monsoon,3,t2m_C_mean,climatology,1.3820099830627441
809,monsoon,3,t2m_C_mean,climatology,1.4758116006851196
900,monsoon,3,t2m_C_mean,climatology,1.684391736984253
901,monsoon,3,t2m_C_mean,climatology,2.47373628616333
902,monsoon,3,t2m_C_mean,climatology,3.269016742706299
903,monsoon,3,t2m_C_mean,climatology,3.104980945587158
904,monsoon,3,t2m_C_mean,climatology,2.566631317138672
905,monsoon,3,t2m_C_mean,climatology,2.1388814449310303
906,monsoon,3,t2m_C_mean,climatology,1.801912546157837
907,monsoon,3,t2m_C_mean,climatology,1.617496132850647
908,monsoon,3,t2m_C_mean,climatology,1.5972058773040771
909,monsoon,3,t2m_C_mean,climatology,1.8532034158706665
1000,monsoon,3,t2m_C_mean,climatology,1.4678386449813843
1001,monsoon,3,t2m_C_mean,climatology,2.4823415279388428
1002,monsoon,3,t2m_C_mean,climatology,2.7852821350097656
1003,monsoon,3,t2m_C_mean,climatology,2.7585928440093994
1004,monsoon,3,t2m_C_mean,climatology,2.887608528137207
1005,monsoon,3,t2m_C_mean,climatology,2.3907015323638916
1006,monsoon,3,t2m_C_mean,climatology,1.8129645586013794
1007,monsoon,3,t2m_C_mean,climatology,1.747328758239746
1008,monsoon,3,t2m_C_mean,climatology,1.9119277000427246
1009,monsoon,3,t2m_C_mean,climatology,1.8992947340011597
0,post_monsoon,3,t2m_C_mean,climatology,0.3626044988632202
1,post_monsoon,3,t2m_C_mean,climatology,0.4340495467185974
2,post_monsoon,3,t2m_C_mean,climatology,0.6048010587692261
3,post_monsoon,3,t2m_C_mean,climatology,0.8855483531951904
4,post_monsoon,3,t2m_C_mean,climatology,0.9885890483856201
5,post_monsoon,3,t2m_C_mean,climatology,0.7022364139556885
6,post_monsoon,3,t2m_C_mean,climatology,0.5376009345054626
7,post_monsoon,3,t2m_C_mean,climatology,0.4830099642276764
8,post_monsoon,3,t2m_C_mean,climatology,0.523903489112854
9,post_monsoon,3,t2m_C_mean,climatology,0.45889678597450256
100,post_monsoon,3,t2m_C_mean,climatology,0.3261198103427887
101,post_monsoon,3,t2m_C_mean,climatology,0.40060335397720337
102,post_monsoon,3,t2m_C_mean,climatology,0.600778341293335
103,post_monsoon,3,t2m_C_mean,climatology,1.1450529098510742
104,post_monsoon,3,t2m_C_mean,climatology,0.8634650707244873
105,post_monsoon,3,t2m_C_mean,climatology,0.5928710103034973
106,post_monsoon,3,t2m_C_mean,climatology,0.5188401341438293
107,post_monsoon,3,t2m_C_mean,climatology,0.4695514142513275
108,post_monsoon,3,t2m_C_mean,climatology,0.4355584383010864
109,post_monsoon,3,t2m_C_mean,climatology,0.3499952554702759
200,post_monsoon,3,t2m_C_mean,climatology,0.3907146155834198
201,post_monsoon,3,t2m_C_mean,climatology,0.45730555057525635
202,post_monsoon,3,t2m_C_mean,climatology,0.9494194388389587
203,post_monsoon,3,t2m_C_mean,climatology,1.1957379579544067
204,post_monsoon,3,t2m_C_mean,climatology,0.8306979537010193
205,post_monsoon,3,t2m_C_mean,climatology,0.5945952534675598
206,post_monsoon,3,t2m_C_mean,climatology,0.5393986701965332
207,post_monsoon,3,t2m_C_mean,climatology,0.5227367877960205
208,post_monsoon,3,t2m_C_mean,climatology,0.5054422616958618
209,post_monsoon,3,t2m_C_mean,climatology,0.5837998390197754
300,post_monsoon,3,t2m_C_mean,climatology,0.702205240726471
301,post_monsoon,3,t2m_C_mean,climatology,0.9264791011810303
302,post_monsoon,3,t2m_C_mean,climatology,1.46323823928833
303,post_monsoon,3,t2m_C_mean,climatology,1.7054842710494995
304,post_monsoon,3,t2m_C_mean,climatology,1.4985668659210205
305,post_monsoon,3,t2m_C_mean,climatology,1.0233914852142334
306,post_monsoon,3,t2m_C_mean,climatology,0.8547173142433167
307,post_monsoon,3,t2m_C_mean,climatology,0.7646492123603821
308,post_monsoon,3,t2m_C_mean,climatology,0.7694061994552612
309,post_monsoon,3,t2m_C_mean,climatology,1.119856595993042
400,post_monsoon,3,t2m_C_mean,climatology,1.1126073598861694
401,post_monsoon,3,t2m_C_mean,climatology,1.57905912399292
402,post_monsoon,3,t2m_C_mean,climatology,2.2563772201538086
403,post_monsoon,3,t2m_C_mean,climatology,2.3208978176116943
404,post_monsoon,3,t2m_C_mean,climatology,2.3747854232788086
405,post_monsoon,3,t2m_C_mean,climatology,2.133124589920044
406,post_monsoon,3,t2m_C_mean,climatology,1.5917803049087524
407,post_monsoon,3,t2m_C_mean,climatology,1.3070789575576782
408,post_monsoon,3,t2m_C_mean,climatology,1.3676772117614746
409,post_monsoon,3,t2m_C_mean,climatology,1.3651080131530762
500,post_monsoon,3,t2m_C_mean,climatology,2.0175492763519287
501,post_monsoon,3,t2m_C_mean,climatology,2.393458366394043
502,post_monsoon,3,t2m_C_mean,climatology,2.4263885021209717
503,post_monsoon,3,t2m_C_mean,climatology,2.4569408893585205
504,post_monsoon,3,t2m_C_mean,climatology,2.6909751892089844
505,post_monsoon,3,t2m_C_mean,climatology,2.840839385986328
506,post_monsoon,3,t2m_C_mean,climatology,2.636894941329956
507,post_monsoon,3,t2m_C_mean,climatology,2.5031321048736572
508,post_monsoon,3,t2m_C_mean,climatology,2.007375717163086
509,post_monsoon,3,t2m_C_mean,climatology,1.8785752058029175
600,post_monsoon,3,t2m_C_mean,climatology,2.5262787342071533
601,post_monsoon,3,t2m_C_mean,climatology,2.2186801433563232
602,post_monsoon,3,t2m_C_mean,climatology,2.3646609783172607
603,post_monsoon,3,t2m_C_mean,climatology,2.6298646926879883
604,post_monsoon,3,t2m_C_mean,climatology,2.77862548828125
605,post_monsoon,3,t2m_C_mean,climatology,2.6814374923706055
606,post_monsoon,3,t2m_C_mean,climatology,2.2948901653289795
607,post_monsoon,3,t2m_C_mean,climatology,1.9786219596862793
608,post_monsoon,3,t2m_C_mean,climatology,1.8351789712905884
609,post_monsoon,3,t2m_C_mean,climatology,1.9114229679107666
700,post_monsoon,3,t2m_C_mean,climatology,2.461454391479492
701,post_monsoon,3,t2m_C_mean,climatology,2.696049690246582
702,post_monsoon,3,t2m_C_mean,climatology,2.651186943054199
703,post_monsoon,3,t2m_C_mean,climatology,2.274217367172241
704,post_monsoon,3,t2m_C_mean,climatology,2.0756943225860596
705,post_monsoon,3,t2m_C_mean,climatology,3.3635127544403076
706,post_monsoon,3,t2m_C_mean,climatology,3.395948886871338
707,post_monsoon,3,t2m_C_mean,climatology,2.6718931198120117
708,post_monsoon,3,t2m_C_mean,climatology,2.496849298477173
709,post_monsoon,3,t2m_C_mean,climatology,2.3349802494049072
800,post_monsoon,3,t2m_C_mean,climatology,2.1734910011291504
801,post_monsoon,3,t2m_C_mean,climatology,2.8368451595306396
802,post_monsoon,3,t2m_C_mean,climatology,2.3803858757019043
803,post_monsoon,3,t2m_C_mean,climatology,2.2954561710357666
804,post_monsoon,3,t2m_C_mean,climatology,1.7243174314498901
805,post_monsoon,3,t2m_C_mean,climatology,2.1446449756622314
806,post_monsoon,3,t2m_C_mean,climatology,2.9667210578918457
807,post_monsoon,3,t2m_C_mean,climatology,2.856682062149048
808,post_monsoon,3,t2m_C_mean,climatology,3.16558837890625
809,post_monsoon,3,t2m_C_mean,climatology,3.548798084259033
900,post_monsoon,3,t2m_C_mean,climatology,2.3464956283569336
901,post_monsoon,3,t2m_C_mean,climatology,2.243337631225586
902,post_monsoon,3,t2m_C_mean,climatology,2.444037437438965
903,post_monsoon,3,t2m_C_mean,climatology,2.1177971363067627
904,post_monsoon,3,t2m_C_mean,climatology,2.2231380939483643
905,post_monsoon,3,t2m_C_mean,climatology,2.1418330669403076
906,post_monsoon,3,t2m_C_mean,climatology,2.3207688331604004
907,post_monsoon,3,t2m_C_mean,climatology,2.4426145553588867
908,post_monsoon,3,t2m_C_mean,climatology,2.2711782455444336
909,post_monsoon,3,t2m_C_mean,climatology,2.534881591796875
1000,post_monsoon,3,t2m_C_mean,climatology,3.1496827602386475
1001,post_monsoon,3,t2m_C_mean,climatology,2.624190092086792
1002,post_monsoon,3,t2m_C_mean,climatology,1.9226598739624023
1003,post_monsoon,3,t2m_C_mean,climatology,2.2232203483581543
1004,post_monsoon,3,t2m_C_mean,climatology,2.8793818950653076
1005,post_monsoon,3,t2m_C_mean,climatology,2.1413261890411377
1006,post_monsoon,3,t2m_C_mean,climatology,2.091132402420044
1007,post_monsoon,3,t2m_C_mean,climatology,2.1385741233825684
1008,post_monsoon,3,t2m_C_mean,climatology,2.4008100032806396
1009,post_monsoon,3,t2m_C_mean,climatology,2.5756802558898926
0,winter,3,t2m_C_mean,persistence,0.5709130764007568
1,winter,3,t2m_C_mean,persistence,0.3651592433452606
2,winter,3,t2m_C_mean,persistence,0.3458942174911499
3,winter,3,t2m_C_mean,persistence,0.4417109787464142
4,winter,3,t2m_C_mean,persistence,0.5325399041175842
5,winter,3,t2m_C_mean,persistence,0.3772960901260376
6,winter,3,t2m_C_mean,persistence,0.46967071294784546
7,winter,3,t2m_C_mean,persistence,0.6296103000640869
8,winter,3,t2m_C_mean,persistence,0.5930612683296204
9,winter,3,t2m_C_mean,persistence,0.40433183312416077
100,winter,3,t2m_C_mean,persistence,0.39573797583580017
101,winter,3,t2m_C_mean,persistence,0.34502682089805603
102,winter,3,t2m_C_mean,persistence,0.49637848138809204
103,winter,3,t2m_C_mean,persistence,0.7487829923629761
104,winter,3,t2m_C_mean,persistence,0.4857659935951233
105,winter,3,t2m_C_mean,persistence,0.43006494641304016
106,winter,3,t2m_C_mean,persistence,0.4934341609477997
107,winter,3,t2m_C_mean,persistence,0.5701053142547607
108,winter,3,t2m_C_mean,persistence,0.4704514741897583
109,winter,3,t2m_C_mean,persistence,0.4229294955730438
200,winter,3,t2m_C_mean,persistence,0.39247071743011475
201,winter,3,t2m_C_mean,persistence,0.3760976493358612
202,winter,3,t2m_C_mean,persistence,0.6695333123207092
203,winter,3,t2m_C_mean,persistence,0.886091411113739
204,winter,3,t2m_C_mean,persistence,0.5015079975128174
205,winter,3,t2m_C_mean,persistence,0.4941984713077545
206,winter,3,t2m_C_mean,persistence,0.5722828507423401
207,winter,3,t2m_C_mean,persistence,0.5241765975952148
208,winter,3,t2m_C_mean,persistence,0.4986150562763214
209,winter,3,t2m_C_mean,persistence,0.5739220976829529
300,winter,3,t2m_C_mean,persistence,0.7317550182342529
301,winter,3,t2m_C_mean,persistence,0.6335768103599548
302,winter,3,t2m_C_mean,persistence,0.7804808616638184
303,winter,3,t2m_C_mean,persistence,0.8541688919067383
304,winter,3,t2m_C_mean,persistence,0.7944836616516113
305,winter,3,t2m_C_mean,persistence,0.5589821934700012
306,winter,3,t2m_C_mean,persistence,0.5869534611701965
307,winter,3,t2m_C_mean,persistence,0.69255530834198
308,winter,3,t2m_C_mean,persistence,0.7119976282119751
309,winter,3,t2m_C_mean,persistence,0.8782956600189209
400,winter,3,t2m_C_mean,persistence,0.883583128452301
401,winter,3,t2m_C_mean,persistence,0.9525522589683533
402,winter,3,t2m_C_mean,persistence,1.6549718379974365
403,winter,3,t2m_C_mean,persistence,1.6078600883483887
404,winter,3,t2m_C_mean,persistence,1.602615237236023
405,winter,3,t2m_C_mean,persistence,1.4139589071273804
406,winter,3,t2m_C_mean,persistence,0.9531617760658264
407,winter,3,t2m_C_mean,persistence,0.7728646397590637
408,winter,3,t2m_C_mean,persistence,1.0672000646591187
409,winter,3,t2m_C_mean,persistence,0.8846107125282288
500,winter,3,t2m_C_mean,persistence,1.2745691537857056
501,winter,3,t2m_C_mean,persistence,1.7276902198791504
502,winter,3,t2m_C_mean,persistence,2.359070062637329
503,winter,3,t2m_C_mean,persistence,2.4428539276123047
504,winter,3,t2m_C_mean,persistence,2.425051212310791
505,winter,3,t2m_C_mean,persistence,2.0840485095977783
506,winter,3,t2m_C_mean,persistence,2.011099338531494
507,winter,3,t2m_C_mean,persistence,1.9432487487792969
508,winter,3,t2m_C_mean,persistence,1.4378846883773804
509,winter,3,t2m_C_mean,persistence,0.896950900554657
600,winter,3,t2m_C_mean,persistence,1.4062986373901367
601,winter,3,t2m_C_mean,persistence,1.994458556175232
602,winter,3,t2m_C_mean,persistence,2.1726765632629395
603,winter,3,t2m_C_mean,persistence,1.7605135440826416
604,winter,3,t2m_C_mean,persistence,1.76819908618927
605,winter,3,t2m_C_mean,persistence,1.735608458518982
606,winter,3,t2m_C_mean,persistence,1.6975337266921997
607,winter,3,t2m_C_mean,persistence,1.4573121070861816
608,winter,3,t2m_C_mean,persistence,1.222032904624939
609,winter,3,t2m_C_mean,persistence,1.3139863014221191
700,winter,3,t2m_C_mean,persistence,1.5616625547409058
701,winter,3,t2m_C_mean,persistence,1.5304573774337769
702,winter,3,t2m_C_mean,persistence,1.554743766784668
703,winter,3,t2m_C_mean,persistence,1.4355915784835815
704,winter,3,t2m_C_mean,persistence,1.9551048278808594
705,winter,3,t2m_C_mean,persistence,2.044292688369751
706,winter,3,t2m_C_mean,persistence,2.153921604156494
707,winter,3,t2m_C_mean,persistence,2.4766242504119873
708,winter,3,t2m_C_mean,persistence,2.7078142166137695
709,winter,3,t2m_C_mean,persistence,2.45845890045166
800,winter,3,t2m_C_mean,persistence,2.564908027648926
801,winter,3,t2m_C_mean,persistence,1.197219729423523
802,winter,3,t2m_C_mean,persistence,1.9717971086502075
803,winter,3,t2m_C_mean,persistence,3.9098994731903076
804,winter,3,t2m_C_mean,persistence,2.551837205886841
805,winter,3,t2m_C_mean,persistence,2.37475848197937
806,winter,3,t2m_C_mean,persistence,2.6745400428771973
807,winter,3,t2m_C_mean,persistence,3.038895845413208
808,winter,3,t2m_C_mean,persistence,3.3818130493164062
809,winter,3,t2m_C_mean,persistence,3.4686427116394043
900,winter,3,t2m_C_mean,persistence,3.5433804988861084
901,winter,3,t2m_C_mean,persistence,2.5730886459350586
902,winter,3,t2m_C_mean,persistence,3.667383909225464
903,winter,3,t2m_C_mean,persistence,4.048947811126709
904,winter,3,t2m_C_mean,persistence,3.2391862869262695
905,winter,3,t2m_C_mean,persistence,4.0472235679626465
906,winter,3,t2m_C_mean,persistence,3.9452409744262695
907,winter,3,t2m_C_mean,persistence,3.9323549270629883
908,winter,3,t2m_C_mean,persistence,3.4153943061828613
909,winter,3,t2m_C_mean,persistence,3.378838539123535
1000,winter,3,t2m_C_mean,persistence,3.299219846725464
1001,winter,3,t2m_C_mean,persistence,3.6705682277679443
1002,winter,3,t2m_C_mean,persistence,2.7346713542938232
1003,winter,3,t2m_C_mean,persistence,2.644526481628418
1004,winter,3,t2m_C_mean,persistence,1.893264651298523
1005,winter,3,t2m_C_mean,persistence,3.6034231185913086
1006,winter,3,t2m_C_mean,persistence,4.082568645477295
1007,winter,3,t2m_C_mean,persistence,3.6691277027130127
1008,winter,3,t2m_C_mean,persistence,2.5581560134887695
1009,winter,3,t2m_C_mean,persistence,2.5705559253692627
0,pre_monsoon,3,t2m_C_mean,persistence,0.5084885358810425
1,pre_monsoon,3,t2m_C_mean,persistence,0.6116815209388733
2,pre_monsoon,3,t2m_C_mean,persistence,0.7603416442871094
3,pre_monsoon,3,t2m_C_mean,persistence,0.6755273342132568
4,pre_monsoon,3,t2m_C_mean,persistence,0.6025084257125854
5,pre_monsoon,3,t2m_C_mean,persistence,0.5809957981109619
6,pre_monsoon,3,t2m_C_mean,persistence,0.5700293183326721
7,pre_monsoon,3,t2m_C_mean,persistence,0.6184848546981812
8,pre_monsoon,3,t2m_C_mean,persistence,0.645592451095581
9,pre_monsoon,3,t2m_C_mean,persistence,0.623863160610199
100,pre_monsoon,3,t2m_C_mean,persistence,0.4544580280780792
101,pre_monsoon,3,t2m_C_mean,persistence,0.45657750964164734
102,pre_monsoon,3,t2m_C_mean,persistence,0.7217236161231995
103,pre_monsoon,3,t2m_C_mean,persistence,0.9887303113937378
104,pre_monsoon,3,t2m_C_mean,persistence,0.45763152837753296
105,pre_monsoon,3,t2m_C_mean,persistence,0.5309046506881714
106,pre_monsoon,3,t2m_C_mean,persistence,0.613386332988739
107,pre_monsoon,3,t2m_C_mean,persistence,0.6470642685890198
108,pre_monsoon,3,t2m_C_mean,persistence,0.6994919180870056
109,pre_monsoon,3,t2m_C_mean,persistence,0.740729808807373
200,pre_monsoon,3,t2m_C_mean,persistence,0.35874804854393005
201,pre_monsoon,3,t2m_C_mean,persistence,0.417913556098938
202,pre_monsoon,3,t2m_C_mean,persistence,0.8643342852592468
203,pre_monsoon,3,t2m_C_mean,persistence,1.093527913093567
204,pre_monsoon,3,t2m_C_mean,persistence,0.5057861804962158
205,pre_monsoon,3,t2m_C_mean,persistence,0.4792000353336334
206,pre_monsoon,3,t2m_C_mean,persistence,0.6301705837249756
207,pre_monsoon,3,t2m_C_mean,persistence,0.616536021232605
208,pre_monsoon,3,t2m_C_mean,persistence,0.6792032718658447
209,pre_monsoon,3,t2m_C_mean,persistence,0.7303829193115234
300,pre_monsoon,3,t2m_C_mean,persistence,0.49105751514434814
301,pre_monsoon,3,t2m_C_mean,persistence,0.5984771847724915
302,pre_monsoon,3,t2m_C_mean,persistence,1.2660773992538452
303,pre_monsoon,3,t2m_C_mean,persistence,1.1460025310516357
304,pre_monsoon,3,t2m_C_mean,persistence,1.1283929347991943
305,pre_monsoon,3,t2m_C_mean,persistence,0.6157199144363403
306,pre_monsoon,3,t2m_C_mean,persistence,0.6497924327850342
307,pre_monsoon,3,t2m_C_mean,persistence,0.633004903793335
308,pre_monsoon,3,t2m_C_mean,persistence,0.7209733128547668
309,pre_monsoon,3,t2m_C_mean,persistence,1.1253060102462769
400,pre_monsoon,3,t2m_C_mean,persistence,0.6598501205444336
401,pre_monsoon,3,t2m_C_mean,persistence,1.175917148590088
402,pre_monsoon,3,t2m_C_mean,persistence,1.772817850112915
403,pre_monsoon,3,t2m_C_mean,persistence,1.580234169960022
404,pre_monsoon,3,t2m_C_mean,persistence,1.7502127885818481
405,pre_monsoon,3,t2m_C_mean,persistence,1.5937730073928833
406,pre_monsoon,3,t2m_C_mean,persistence,0.8347479104995728
407,pre_monsoon,3,t2m_C_mean,persistence,0.6237497329711914
408,pre_monsoon,3,t2m_C_mean,persistence,1.0746891498565674
409,pre_monsoon,3,t2m_C_mean,persistence,1.2873152494430542
500,pre_monsoon,3,t2m_C_mean,persistence,1.2352124452590942
501,pre_monsoon,3,t2m_C_mean,persistence,2.0211758613586426
502,pre_monsoon,3,t2m_C_mean,persistence,2.276931047439575
503,pre_monsoon,3,t2m_C_mean,persistence,2.005540132522583
504,pre_monsoon,3,t2m_C_mean,persistence,2.0561702251434326
505,pre_monsoon,3,t2m_C_mean,persistence,2.320831060409546
506,pre_monsoon,3,t2m_C_mean,persistence,2.1683082580566406
507,pre_monsoon,3,t2m_C_mean,persistence,1.6425246000289917
508,pre_monsoon,3,t2m_C_mean,persistence,1.2811245918273926
509,pre_monsoon,3,t2m_C_mean,persistence,1.5656211376190186
600,pre_monsoon,3,t2m_C_mean,persistence,2.02382755279541
601,pre_monsoon,3,t2m_C_mean,persistence,2.5039703845977783
602,pre_monsoon,3,t2m_C_mean,persistence,2.48578143119812
603,pre_monsoon,3,t2m_C_mean,persistence,1.9585838317871094
604,pre_monsoon,3,t2m_C_mean,persistence,2.113074779510498
605,pre_monsoon,3,t2m_C_mean,persistence,2.1795284748077393
606,pre_monsoon,3,t2m_C_mean,persistence,1.8620463609695435
607,pre_monsoon,3,t2m_C_mean,persistence,1.418296217918396
608,pre_monsoon,3,t2m_C_mean,persistence,1.2111846208572388
609,pre_monsoon,3,t2m_C_mean,persistence,1.228227972984314
700,pre_monsoon,3,t2m_C_mean,persistence,2.2121059894561768
701,pre_monsoon,3,t2m_C_mean,persistence,2.3770689964294434
702,pre_monsoon,3,t2m_C_mean,persistence,2.3729002475738525
703,pre_monsoon,3,t2m_C_mean,persistence,1.8828462362289429
704,pre_monsoon,3,t2m_C_mean,persistence,1.8485954999923706
705,pre_monsoon,3,t2m_C_mean,persistence,1.8633242845535278
706,pre_monsoon,3,t2m_C_mean,persistence,2.0387768745422363
707,pre_monsoon,3,t2m_C_mean,persistence,2.3440492153167725
708,pre_monsoon,3,t2m_C_mean,persistence,2.2686657905578613
709,pre_monsoon,3,t2m_C_mean,persistence,1.8843367099761963
800,pre_monsoon,3,t2m_C_mean,persistence,2.3843464851379395
801,pre_monsoon,3,t2m_C_mean,persistence,2.1398587226867676
802,pre_monsoon,3,t2m_C_mean,persistence,2.117558240890503
803,pre_monsoon,3,t2m_C_mean,persistence,2.84220027923584
804,pre_monsoon,3,t2m_C_mean,persistence,2.352184295654297
805,pre_monsoon,3,t2m_C_mean,persistence,2.2496449947357178
806,pre_monsoon,3,t2m_C_mean,persistence,2.4228694438934326
807,pre_monsoon,3,t2m_C_mean,persistence,2.525132179260254
808,pre_monsoon,3,t2m_C_mean,persistence,2.803084373474121
809,pre_monsoon,3,t2m_C_mean,persistence,3.0306334495544434
900,pre_monsoon,3,t2m_C_mean,persistence,3.166083574295044
901,pre_monsoon,3,t2m_C_mean,persistence,2.607081413269043
902,pre_monsoon,3,t2m_C_mean,persistence,2.891627311706543
903,pre_monsoon,3,t2m_C_mean,persistence,3.4257311820983887
904,pre_monsoon,3,t2m_C_mean,persistence,3.4230401515960693
905,pre_monsoon,3,t2m_C_mean,persistence,3.3416707515716553
906,pre_monsoon,3,t2m_C_mean,persistence,3.2299318313598633
907,pre_monsoon,3,t2m_C_mean,persistence,3.3445796966552734
908,pre_monsoon,3,t2m_C_mean,persistence,3.292879581451416
909,pre_monsoon,3,t2m_C_mean,persistence,3.339015007019043
1000,pre_monsoon,3,t2m_C_mean,persistence,4.347228527069092
1001,pre_monsoon,3,t2m_C_mean,persistence,3.249283790588379
1002,pre_monsoon,3,t2m_C_mean,persistence,2.992680311203003
1003,pre_monsoon,3,t2m_C_mean,persistence,4.023510456085205
1004,pre_monsoon,3,t2m_C_mean,persistence,3.9577925205230713
1005,pre_monsoon,3,t2m_C_mean,persistence,3.8531484603881836
1006,pre_monsoon,3,t2m_C_mean,persistence,3.381812334060669
1007,pre_monsoon,3,t2m_C_mean,persistence,3.6299915313720703
1008,pre_monsoon,3,t2m_C_mean,persistence,3.1959495544433594
1009,pre_monsoon,3,t2m_C_mean,persistence,3.6011056900024414
0,monsoon,3,t2m_C_mean,persistence,0.47535455226898193
1,monsoon,3,t2m_C_mean,persistence,0.4865102171897888
2,monsoon,3,t2m_C_mean,persistence,0.5085221529006958
3,monsoon,3,t2m_C_mean,persistence,0.42190179228782654
4,monsoon,3,t2m_C_mean,persistence,0.4405308961868286
5,monsoon,3,t2m_C_mean,persistence,0.25854766368865967
6,monsoon,3,t2m_C_mean,persistence,0.46562036871910095
7,monsoon,3,t2m_C_mean,persistence,0.5781830549240112
8,monsoon,3,t2m_C_mean,persistence,0.5807053446769714
9,monsoon,3,t2m_C_mean,persistence,0.619814395904541
100,monsoon,3,t2m_C_mean,persistence,0.40632855892181396
101,monsoon,3,t2m_C_mean,persistence,0.5320713520050049
102,monsoon,3,t2m_C_mean,persistence,0.6240469217300415
103,monsoon,3,t2m_C_mean,persistence,0.8508069515228271
104,monsoon,3,t2m_C_mean,persistence,0.29953861236572266
105,monsoon,3,t2m_C_mean,persistence,0.3378332555294037
106,monsoon,3,t2m_C_mean,persistence,0.45419761538505554
107,monsoon,3,t2m_C_mean,persistence,0.5097233057022095
108,monsoon,3,t2m_C_mean,persistence,0.5057880878448486
109,monsoon,3,t2m_C_mean,persistence,0.5055242776870728
200,monsoon,3,t2m_C_mean,persistence,0.3258746862411499
201,monsoon,3,t2m_C_mean,persistence,0.4807288944721222
202,monsoon,3,t2m_C_mean,persistence,0.845446765422821
203,monsoon,3,t2m_C_mean,persistence,1.2037991285324097
204,monsoon,3,t2m_C_mean,persistence,0.6061632037162781
205,monsoon,3,t2m_C_mean,persistence,0.5542380809783936
206,monsoon,3,t2m_C_mean,persistence,0.5489170551300049
207,monsoon,3,t2m_C_mean,persistence,0.5219479203224182
208,monsoon,3,t2m_C_mean,persistence,0.4862326383590698
209,monsoon,3,t2m_C_mean,persistence,0.4713124930858612
300,monsoon,3,t2m_C_mean,persistence,0.24463438987731934
301,monsoon,3,t2m_C_mean,persistence,0.3944004476070404
302,monsoon,3,t2m_C_mean,persistence,0.8972451090812683
303,monsoon,3,t2m_C_mean,persistence,1.1524484157562256
304,monsoon,3,t2m_C_mean,persistence,1.1502615213394165
305,monsoon,3,t2m_C_mean,persistence,0.6612904071807861
306,monsoon,3,t2m_C_mean,persistence,0.5252816677093506
307,monsoon,3,t2m_C_mean,persistence,0.5156594514846802
308,monsoon,3,t2m_C_mean,persistence,0.4860765039920807
309,monsoon,3,t2m_C_mean,persistence,0.6663453578948975
400,monsoon,3,t2m_C_mean,persistence,0.3017926514148712
401,monsoon,3,t2m_C_mean,persistence,0.6030365824699402
402,monsoon,3,t2m_C_mean,persistence,1.0209447145462036
403,monsoon,3,t2m_C_mean,persistence,1.3076661825180054
404,monsoon,3,t2m_C_mean,persistence,1.254371166229248
405,monsoon,3,t2m_C_mean,persistence,1.2917207479476929
406,monsoon,3,t2m_C_mean,persistence,0.7513368725776672
407,monsoon,3,t2m_C_mean,persistence,0.5231176018714905
408,monsoon,3,t2m_C_mean,persistence,0.7930574417114258
409,monsoon,3,t2m_C_mean,persistence,0.8192939758300781
500,monsoon,3,t2m_C_mean,persistence,0.7444424033164978
501,monsoon,3,t2m_C_mean,persistence,1.0670578479766846
502,monsoon,3,t2m_C_mean,persistence,1.0911164283752441
503,monsoon,3,t2m_C_mean,persistence,1.2622758150100708
504,monsoon,3,t2m_C_mean,persistence,1.3555879592895508
505,monsoon,3,t2m_C_mean,persistence,1.4826656579971313
506,monsoon,3,t2m_C_mean,persistence,1.499947190284729
507,monsoon,3,t2m_C_mean,persistence,1.1369906663894653
508,monsoon,3,t2m_C_mean,persistence,1.0414222478866577
509,monsoon,3,t2m_C_mean,persistence,1.0226784944534302
600,monsoon,3,t2m_C_mean,persistence,1.4367870092391968
601,monsoon,3,t2m_C_mean,persistence,1.2665385007858276
602,monsoon,3,t2m_C_mean,persistence,1.2722421884536743
603,monsoon,3,t2m_C_mean,persistence,1.44784677028656
604,monsoon,3,t2m_C_mean,persistence,1.425843358039856
605,monsoon,3,t2m_C_mean,persistence,1.2833319902420044
606,monsoon,3,t2m_C_mean,persistence,1.113413691520691
607,monsoon,3,t2m_C_mean,persistence,1.0232168436050415
608,monsoon,3,t2m_C_mean,persistence,1.103762149810791
609,monsoon,3,t2m_C_mean,persistence,1.2182215452194214
700,monsoon,3,t2m_C_mean,persistence,1.4824260473251343
701,monsoon,3,t2m_C_mean,persistence,1.7165074348449707
702,monsoon,3,t2m_C_mean,persistence,1.491194248199463
703,monsoon,3,t2m_C_mean,persistence,1.367895245552063
704,monsoon,3,t2m_C_mean,persistence,1.1602751016616821
705,monsoon,3,t2m_C_mean,persistence,1.0940470695495605
706,monsoon,3,t2m_C_mean,persistence,1.181143045425415
707,monsoon,3,t2m_C_mean,persistence,1.2044832706451416
708,monsoon,3,t2m_C_mean,persistence,1.1401517391204834
709,monsoon,3,t2m_C_mean,persistence,1.2646740674972534
800,monsoon,3,t2m_C_mean,persistence,1.3773303031921387
801,monsoon,3,t2m_C_mean,persistence,1.8969368934631348
802,monsoon,3,t2m_C_mean,persistence,1.532809853553772
803,monsoon,3,t2m_C_mean,persistence,1.7084565162658691
804,monsoon,3,t2m_C_mean,persistence,1.6628304719924927
805,monsoon,3,t2m_C_mean,persistence,1.519840121269226
806,monsoon,3,t2m_C_mean,persistence,1.4407825469970703
807,monsoon,3,t2m_C_mean,persistence,1.4766037464141846
808,monsoon,3,t2m_C_mean,persistence,1.6248186826705933
809,monsoon,3,t2m_C_mean,persistence,1.7028381824493408
900,monsoon,3,t2m_C_mean,persistence,1.4233099222183228
901,monsoon,3,t2m_C_mean,persistence,1.8639111518859863
902,monsoon,3,t2m_C_mean,persistence,2.2315518856048584
903,monsoon,3,t2m_C_mean,persistence,1.8974723815917969
904,monsoon,3,t2m_C_mean,persistence,1.9219411611557007
905,monsoon,3,t2m_C_mean,persistence,1.8037821054458618
906,monsoon,3,t2m_C_mean,persistence,1.7049516439437866
907,monsoon,3,t2m_C_mean,persistence,1.7062633037567139
908,monsoon,3,t2m_C_mean,persistence,1.9546828269958496
909,monsoon,3,t2m_C_mean,persistence,1.9620198011398315
1000,monsoon,3,t2m_C_mean,persistence,1.2589409351348877
1001,monsoon,3,t2m_C_mean,persistence,2.2176177501678467
1002,monsoon,3,t2m_C_mean,persistence,1.8496266603469849
1003,monsoon,3,t2m_C_mean,persistence,2.12943959236145
1004,monsoon,3,t2m_C_mean,persistence,2.355867624282837
1005,monsoon,3,t2m_C_mean,persistence,1.8381739854812622
1006,monsoon,3,t2m_C_mean,persistence,1.7389785051345825
1007,monsoon,3,t2m_C_mean,persistence,1.9345654249191284
1008,monsoon,3,t2m_C_mean,persistence,2.1240837574005127
1009,monsoon,3,t2m_C_mean,persistence,2.038853168487549
0,post_monsoon,3,t2m_C_mean,persistence,0.5744385719299316
1,post_monsoon,3,t2m_C_mean,persistence,0.6395592093467712
2,post_monsoon,3,t2m_C_mean,persistence,0.5930221676826477
3,post_monsoon,3,t2m_C_mean,persistence,0.6913711428642273
4,post_monsoon,3,t2m_C_mean,persistence,0.6549468636512756
5,post_monsoon,3,t2m_C_mean,persistence,0.6114177703857422
6,post_monsoon,3,t2m_C_mean,persistence,0.6583400368690491
7,post_monsoon,3,t2m_C_mean,persistence,0.6685296893119812
8,post_monsoon,3,t2m_C_mean,persistence,0.6949565410614014
9,post_monsoon,3,t2m_C_mean,persistence,0.6808081269264221
100,post_monsoon,3,t2m_C_mean,persistence,0.5260439515113831
101,post_monsoon,3,t2m_C_mean,persistence,0.5820532441139221
102,post_monsoon,3,t2m_C_mean,persistence,0.7246342897415161
103,post_monsoon,3,t2m_C_mean,persistence,1.0687239170074463
104,post_monsoon,3,t2m_C_mean,persistence,0.5647240877151489
105,post_monsoon,3,t2m_C_mean,persistence,0.5735235810279846
106,post_monsoon,3,t2m_C_mean,persistence,0.621752917766571
107,post_monsoon,3,t2m_C_mean,persistence,0.6036133170127869
108,post_monsoon,3,t2m_C_mean,persistence,0.5838843584060669
109,post_monsoon,3,t2m_C_mean,persistence,0.5291129946708679
200,post_monsoon,3,t2m_C_mean,persistence,0.45288679003715515
201,post_monsoon,3,t2m_C_mean,persistence,0.5457819104194641
202,post_monsoon,3,t2m_C_mean,persistence,0.939468502998352
203,post_monsoon,3,t2m_C_mean,persistence,1.068570852279663
204,post_monsoon,3,t2m_C_mean,persistence,0.5728521943092346
205,post_monsoon,3,t2m_C_mean,persistence,0.5852186679840088
206,post_monsoon,3,t2m_C_mean,persistence,0.6034940481185913
207,post_monsoon,3,t2m_C_mean,persistence,0.6109124422073364
208,post_monsoon,3,t2m_C_mean,persistence,0.6703971028327942
209,post_monsoon,3,t2m_C_mean,persistence,0.6652129292488098
300,post_monsoon,3,t2m_C_mean,persistence,0.4799818992614746
301,post_monsoon,3,t2m_C_mean,persistence,0.6525704860687256
302,post_monsoon,3,t2m_C_mean,persistence,1.09116792678833
303,post_monsoon,3,t2m_C_mean,persistence,1.1912821531295776
304,post_monsoon,3,t2m_C_mean,persistence,1.1942726373672485
305,post_monsoon,3,t2m_C_mean,persistence,0.6757274270057678
306,post_monsoon,3,t2m_C_mean,persistence,0.5896193385124207
307,post_monsoon,3,t2m_C_mean,persistence,0.6183380484580994
308,post_monsoon,3,t2m_C_mean,persistence,0.7124537229537964
309,post_monsoon,3,t2m_C_mean,persistence,0.8800679445266724
400,post_monsoon,3,t2m_C_mean,persistence,0.5906398296356201
401,post_monsoon,3,t2m_C_mean,persistence,0.81699538230896
402,post_monsoon,3,t2m_C_mean,persistence,1.0923430919647217
403,post_monsoon,3,t2m_C_mean,persistence,1.1281037330627441
404,post_monsoon,3,t2m_C_mean,persistence,1.0515094995498657
405,post_monsoon,3,t2m_C_mean,persistence,1.0064698457717896
406,post_monsoon,3,t2m_C_mean,persistence,0.7764942646026611
407,post_monsoon,3,t2m_C_mean,persistence,0.695760190486908
408,post_monsoon,3,t2m_C_mean,persistence,0.8550859093666077
409,post_monsoon,3,t2m_C_mean,persistence,0.8777228593826294
500,post_monsoon,3,t2m_C_mean,persistence,1.117645025253296
501,post_monsoon,3,t2m_C_mean,persistence,1.3029189109802246
502,post_monsoon,3,t2m_C_mean,persistence,1.3143492937088013
503,post_monsoon,3,t2m_C_mean,persistence,1.1990193128585815
504,post_monsoon,3,t2m_C_mean,persistence,1.2396003007888794
505,post_monsoon,3,t2m_C_mean,persistence,1.1900358200073242
506,post_monsoon,3,t2m_C_mean,persistence,1.0683002471923828
507,post_monsoon,3,t2m_C_mean,persistence,0.8556762337684631
508,post_monsoon,3,t2m_C_mean,persistence,0.884630024433136
509,post_monsoon,3,t2m_C_mean,persistence,0.9553645253181458
600,post_monsoon,3,t2m_C_mean,persistence,0.9826342463493347
601,post_monsoon,3,t2m_C_mean,persistence,1.2759164571762085
602,post_monsoon,3,t2m_C_mean,persistence,1.353211522102356
603,post_monsoon,3,t2m_C_mean,persistence,1.3915350437164307
604,post_monsoon,3,t2m_C_mean,persistence,1.4071180820465088
605,post_monsoon,3,t2m_C_mean,persistence,1.4075024127960205
606,post_monsoon,3,t2m_C_mean,persistence,1.2478883266448975
607,post_monsoon,3,t2m_C_mean,persistence,1.034994125366211
608,post_monsoon,3,t2m_C_mean,persistence,0.9612727761268616
609,post_monsoon,3,t2m_C_mean,persistence,1.0867397785186768
700,post_monsoon,3,t2m_C_mean,persistence,0.8763387799263
701,post_monsoon,3,t2m_C_mean,persistence,0.9638068079948425
702,post_monsoon,3,t2m_C_mean,persistence,1.012252926826477
703,post_monsoon,3,t2m_C_mean,persistence,1.090516209602356
704,post_monsoon,3,t2m_C_mean,persistence,1.4720900058746338
705,post_monsoon,3,t2m_C_mean,persistence,2.010631799697876
706,post_monsoon,3,t2m_C_mean,persistence,2.1704533100128174
707,post_monsoon,3,t2m_C_mean,persistence,1.9116883277893066
708,post_monsoon,3,t2m_C_mean,persistence,1.9821319580078125
709,post_monsoon,3,t2m_C_mean,persistence,1.7574470043182373
800,post_monsoon,3,t2m_C_mean,persistence,1.2987054586410522
801,post_monsoon,3,t2m_C_mean,persistence,1.0393770933151245
802,post_monsoon,3,t2m_C_mean,persistence,1.219621181488037
803,post_monsoon,3,t2m_C_mean,persistence,2.0124928951263428
804,post_monsoon,3,t2m_C_mean,persistence,1.7795681953430176
805,post_monsoon,3,t2m_C_mean,persistence,1.8274165391921997
806,post_monsoon,3,t2m_C_mean,persistence,1.8981833457946777
807,post_monsoon,3,t2m_C_mean,persistence,2.111327886581421
808,post_monsoon,3,t2m_C_mean,persistence,2.4057512283325195
809,post_monsoon,3,t2m_C_mean,persistence,2.4272279739379883
900,post_monsoon,3,t2m_C_mean,persistence,1.9035568237304688
901,post_monsoon,3,t2m_C_mean,persistence,1.555457592010498
902,post_monsoon,3,t2m_C_mean,persistence,2.314950704574585
903,post_monsoon,3,t2m_C_mean,persistence,1.9281755685806274
904,post_monsoon,3,t2m_C_mean,persistence,1.961107850074768
905,post_monsoon,3,t2m_C_mean,persistence,1.8653655052185059
906,post_monsoon,3,t2m_C_mean,persistence,1.81942617893219
907,post_monsoon,3,t2m_C_mean,persistence,1.7615067958831787
908,post_monsoon,3,t2m_C_mean,persistence,1.7495840787887573
909,post_monsoon,3,t2m_C_mean,persistence,1.9124161005020142
1000,post_monsoon,3,t2m_C_mean,persistence,2.06203293800354
1001,post_monsoon,3,t2m_C_mean,persistence,2.309377908706665
1002,post_monsoon,3,t2m_C_mean,persistence,2.225445508956909
1003,post_monsoon,3,t2m_C_mean,persistence,1.9513288736343384
1004,post_monsoon,3,t2m_C_mean,persistence,2.1627485752105713
1005,post_monsoon,3,t2m_C_mean,persistence,1.8957041501998901
1006,post_monsoon,3,t2m_C_mean,persistence,1.7819617986679077
1007,post_monsoon,3,t2m_C_mean,persistence,1.8385258913040161
1008,post_monsoon,3,t2m_C_mean,persistence,1.758181095123291
1009,post_monsoon,3,t2m_C_mean,persistence,1.7862420082092285
0,winter,3,t2m_C_mean,recent3,0.5039927363395691
1,winter,3,t2m_C_mean,recent3,0.2929794192314148
2,winter,3,t2m_C_mean,recent3,0.3168853521347046
3,winter,3,t2m_C_mean,recent3,0.457966685295105
4,winter,3,t2m_C_mean,recent3,0.5034245252609253
5,winter,3,t2m_C_mean,recent3,0.3580048382282257
6,winter,3,t2m_C_mean,recent3,0.42767593264579773
7,winter,3,t2m_C_mean,recent3,0.5768182873725891
8,winter,3,t2m_C_mean,recent3,0.5705459713935852
9,winter,3,t2m_C_mean,recent3,0.37953656911849976
100,winter,3,t2m_C_mean,recent3,0.354596883058548
101,winter,3,t2m_C_mean,recent3,0.31318286061286926
102,winter,3,t2m_C_mean,recent3,0.5084396004676819
103,winter,3,t2m_C_mean,recent3,0.7605128288269043
104,winter,3,t2m_C_mean,recent3,0.4288139343261719
105,winter,3,t2m_C_mean,recent3,0.407114714384079
106,winter,3,t2m_C_mean,recent3,0.44754594564437866
107,winter,3,t2m_C_mean,recent3,0.4647475481033325
108,winter,3,t2m_C_mean,recent3,0.3922885060310364
109,winter,3,t2m_C_mean,recent3,0.3618112802505493
200,winter,3,t2m_C_mean,recent3,0.3911265432834625
201,winter,3,t2m_C_mean,recent3,0.3632732033729553
202,winter,3,t2m_C_mean,recent3,0.646815836429596
203,winter,3,t2m_C_mean,recent3,0.8428226113319397
204,winter,3,t2m_C_mean,recent3,0.44842562079429626
205,winter,3,t2m_C_mean,recent3,0.4416273236274719
206,winter,3,t2m_C_mean,recent3,0.5094060897827148
207,winter,3,t2m_C_mean,recent3,0.4089217782020569
208,winter,3,t2m_C_mean,recent3,0.3809097111225128
209,winter,3,t2m_C_mean,recent3,0.4923069179058075
300,winter,3,t2m_C_mean,recent3,0.7048232555389404
301,winter,3,t2m_C_mean,recent3,0.5902431607246399
302,winter,3,t2m_C_mean,recent3,0.7372961044311523
303,winter,3,t2m_C_mean,recent3,0.813035249710083
304,winter,3,t2m_C_mean,recent3,0.7760246396064758
305,winter,3,t2m_C_mean,recent3,0.5711850523948669
306,winter,3,t2m_C_mean,recent3,0.565133273601532
307,winter,3,t2m_C_mean,recent3,0.6580154895782471
308,winter,3,t2m_C_mean,recent3,0.5985840559005737
309,winter,3,t2m_C_mean,recent3,0.8079481720924377
400,winter,3,t2m_C_mean,recent3,0.9013686776161194
401,winter,3,t2m_C_mean,recent3,0.9259687066078186
402,winter,3,t2m_C_mean,recent3,1.4098029136657715
403,winter,3,t2m_C_mean,recent3,1.4605038166046143
404,winter,3,t2m_C_mean,recent3,1.573735237121582
405,winter,3,t2m_C_mean,recent3,1.4663069248199463
406,winter,3,t2m_C_mean,recent3,0.9639931917190552
407,winter,3,t2m_C_mean,recent3,0.7362598776817322
408,winter,3,t2m_C_mean,recent3,0.9870984554290771
409,winter,3,t2m_C_mean,recent3,0.881507158279419
500,winter,3,t2m_C_mean,recent3,1.349855899810791
501,winter,3,t2m_C_mean,recent3,1.7129731178283691
502,winter,3,t2m_C_mean,recent3,1.9841351509094238
503,winter,3,t2m_C_mean,recent3,2.2523744106292725
504,winter,3,t2m_C_mean,recent3,2.4075927734375
505,winter,3,t2m_C_mean,recent3,2.099165201187134
506,winter,3,t2m_C_mean,recent3,1.8777716159820557
507,winter,3,t2m_C_mean,recent3,1.8173596858978271
508,winter,3,t2m_C_mean,recent3,1.2759541273117065
509,winter,3,t2m_C_mean,recent3,0.8416621088981628
600,winter,3,t2m_C_mean,recent3,1.4485499858856201
601,winter,3,t2m_C_mean,recent3,1.7605822086334229
602,winter,3,t2m_C_mean,recent3,1.7203798294067383
603,winter,3,t2m_C_mean,recent3,1.7669522762298584
604,winter,3,t2m_C_mean,recent3,1.8601564168930054
605,winter,3,t2m_C_mean,recent3,1.6382853984832764
606,winter,3,t2m_C_mean,recent3,1.4764851331710815
607,winter,3,t2m_C_mean,recent3,1.3240457773208618
608,winter,3,t2m_C_mean,recent3,1.137689232826233
609,winter,3,t2m_C_mean,recent3,1.1918959617614746
700,winter,3,t2m_C_mean,recent3,1.5653501749038696
701,winter,3,t2m_C_mean,recent3,1.278700351715088
702,winter,3,t2m_C_mean,recent3,1.2407418489456177
703,winter,3,t2m_C_mean,recent3,1.3558189868927002
704,winter,3,t2m_C_mean,recent3,1.7466543912887573
705,winter,3,t2m_C_mean,recent3,1.8613734245300293
706,winter,3,t2m_C_mean,recent3,1.930807113647461
707,winter,3,t2m_C_mean,recent3,2.5539393424987793
708,winter,3,t2m_C_mean,recent3,2.8274879455566406
709,winter,3,t2m_C_mean,recent3,2.5706095695495605
800,winter,3,t2m_C_mean,recent3,2.182678699493408
801,winter,3,t2m_C_mean,recent3,1.1450170278549194
802,winter,3,t2m_C_mean,recent3,1.8910225629806519
803,winter,3,t2m_C_mean,recent3,3.3788013458251953
804,winter,3,t2m_C_mean,recent3,2.2639849185943604
805,winter,3,t2m_C_mean,recent3,2.3018579483032227
806,winter,3,t2m_C_mean,recent3,2.7743799686431885
807,winter,3,t2m_C_mean,recent3,3.314085006713867
808,winter,3,t2m_C_mean,recent3,3.5290563106536865
809,winter,3,t2m_C_mean,recent3,3.456221103668213
900,winter,3,t2m_C_mean,recent3,3.3311400413513184
901,winter,3,t2m_C_mean,recent3,2.5923550128936768
902,winter,3,t2m_C_mean,recent3,3.791188955307007
903,winter,3,t2m_C_mean,recent3,3.6681506633758545
904,winter,3,t2m_C_mean,recent3,2.8560783863067627
905,winter,3,t2m_C_mean,recent3,3.597181558609009
906,winter,3,t2m_C_mean,recent3,3.701421022415161
907,winter,3,t2m_C_mean,recent3,3.845369577407837
908,winter,3,t2m_C_mean,recent3,3.4651505947113037
909,winter,3,t2m_C_mean,recent3,3.3866055011749268
1000,winter,3,t2m_C_mean,recent3,3.1396617889404297
1001,winter,3,t2m_C_mean,recent3,3.774247407913208
1002,winter,3,t2m_C_mean,recent3,2.6402246952056885
1003,winter,3,t2m_C_mean,recent3,2.5930254459381104
1004,winter,3,t2m_C_mean,recent3,1.9799798727035522
1005,winter,3,t2m_C_mean,recent3,3.208993911743164
1006,winter,3,t2m_C_mean,recent3,3.6489551067352295
1007,winter,3,t2m_C_mean,recent3,3.4956626892089844
1008,winter,3,t2m_C_mean,recent3,2.565584182739258
1009,winter,3,t2m_C_mean,recent3,2.5920257568359375
0,pre_monsoon,3,t2m_C_mean,recent3,0.43438005447387695
1,pre_monsoon,3,t2m_C_mean,recent3,0.5463752150535583
2,pre_monsoon,3,t2m_C_mean,recent3,0.6520979404449463
3,pre_monsoon,3,t2m_C_mean,recent3,0.6620447635650635
4,pre_monsoon,3,t2m_C_mean,recent3,0.5703389644622803
5,pre_monsoon,3,t2m_C_mean,recent3,0.5768450498580933
6,pre_monsoon,3,t2m_C_mean,recent3,0.5943667888641357
7,pre_monsoon,3,t2m_C_mean,recent3,0.6498674750328064
8,pre_monsoon,3,t2m_C_mean,recent3,0.6203624606132507
9,pre_monsoon,3,t2m_C_mean,recent3,0.5984123349189758
100,pre_monsoon,3,t2m_C_mean,recent3,0.46028104424476624
101,pre_monsoon,3,t2m_C_mean,recent3,0.4324249029159546
102,pre_monsoon,3,t2m_C_mean,recent3,0.6948143243789673
103,pre_monsoon,3,t2m_C_mean,recent3,1.0222700834274292
104,pre_monsoon,3,t2m_C_mean,recent3,0.42599594593048096
105,pre_monsoon,3,t2m_C_mean,recent3,0.5428188443183899
106,pre_monsoon,3,t2m_C_mean,recent3,0.6594705581665039
107,pre_monsoon,3,t2m_C_mean,recent3,0.7121374607086182
108,pre_monsoon,3,t2m_C_mean,recent3,0.68773353099823
109,pre_monsoon,3,t2m_C_mean,recent3,0.7253738045692444
200,pre_monsoon,3,t2m_C_mean,recent3,0.38052743673324585
201,pre_monsoon,3,t2m_C_mean,recent3,0.38507574796676636
202,pre_monsoon,3,t2m_C_mean,recent3,0.8437637090682983
203,pre_monsoon,3,t2m_C_mean,recent3,1.1587415933609009
204,pre_monsoon,3,t2m_C_mean,recent3,0.5021581649780273
205,pre_monsoon,3,t2m_C_mean,recent3,0.45726311206817627
206,pre_monsoon,3,t2m_C_mean,recent3,0.6680952906608582
207,pre_monsoon,3,t2m_C_mean,recent3,0.6892917156219482
208,pre_monsoon,3,t2m_C_mean,recent3,0.7081305980682373
209,pre_monsoon,3,t2m_C_mean,recent3,0.7348164916038513
300,pre_monsoon,3,t2m_C_mean,recent3,0.4695357084274292
301,pre_monsoon,3,t2m_C_mean,recent3,0.5540778040885925
302,pre_monsoon,3,t2m_C_mean,recent3,1.3481991291046143
303,pre_monsoon,3,t2m_C_mean,recent3,1.1778264045715332
304,pre_monsoon,3,t2m_C_mean,recent3,1.101284384727478
305,pre_monsoon,3,t2m_C_mean,recent3,0.6174454092979431
306,pre_monsoon,3,t2m_C_mean,recent3,0.6392867565155029
307,pre_monsoon,3,t2m_C_mean,recent3,0.6656866073608398
308,pre_monsoon,3,t2m_C_mean,recent3,0.7349995970726013
309,pre_monsoon,3,t2m_C_mean,recent3,1.1718376874923706
400,pre_monsoon,3,t2m_C_mean,recent3,0.6595650315284729
401,pre_monsoon,3,t2m_C_mean,recent3,1.2057214975357056
402,pre_monsoon,3,t2m_C_mean,recent3,1.9663397073745728
403,pre_monsoon,3,t2m_C_mean,recent3,1.7708512544631958
404,pre_monsoon,3,t2m_C_mean,recent3,1.800262212753296
405,pre_monsoon,3,t2m_C_mean,recent3,1.5625686645507812
406,pre_monsoon,3,t2m_C_mean,recent3,0.8487751483917236
407,pre_monsoon,3,t2m_C_mean,recent3,0.6489356756210327
408,pre_monsoon,3,t2m_C_mean,recent3,1.0779482126235962
409,pre_monsoon,3,t2m_C_mean,recent3,1.3689727783203125
500,pre_monsoon,3,t2m_C_mean,recent3,1.2972806692123413
501,pre_monsoon,3,t2m_C_mean,recent3,2.1795897483825684
502,pre_monsoon,3,t2m_C_mean,recent3,2.4903435707092285
503,pre_monsoon,3,t2m_C_mean,recent3,2.2475664615631104
504,pre_monsoon,3,t2m_C_mean,recent3,2.1555662155151367
505,pre_monsoon,3,t2m_C_mean,recent3,2.3714494705200195
506,pre_monsoon,3,t2m_C_mean,recent3,2.170179605484009
507,pre_monsoon,3,t2m_C_mean,recent3,1.6263483762741089
508,pre_monsoon,3,t2m_C_mean,recent3,1.3481491804122925
509,pre_monsoon,3,t2m_C_mean,recent3,1.6167826652526855
600,pre_monsoon,3,t2m_C_mean,recent3,2.1216506958007812
601,pre_monsoon,3,t2m_C_mean,recent3,2.7873342037200928
602,pre_monsoon,3,t2m_C_mean,recent3,2.7899787425994873
603,pre_monsoon,3,t2m_C_mean,recent3,2.147909641265869
604,pre_monsoon,3,t2m_C_mean,recent3,2.228440999984741
605,pre_monsoon,3,t2m_C_mean,recent3,2.2323946952819824
606,pre_monsoon,3,t2m_C_mean,recent3,1.8261250257492065
607,pre_monsoon,3,t2m_C_mean,recent3,1.3372694253921509
608,pre_monsoon,3,t2m_C_mean,recent3,1.0840039253234863
609,pre_monsoon,3,t2m_C_mean,recent3,1.097442388534546
700,pre_monsoon,3,t2m_C_mean,recent3,2.4361207485198975
701,pre_monsoon,3,t2m_C_mean,recent3,2.6329922676086426
702,pre_monsoon,3,t2m_C_mean,recent3,2.635280132293701
703,pre_monsoon,3,t2m_C_mean,recent3,1.9218182563781738
704,pre_monsoon,3,t2m_C_mean,recent3,1.8427881002426147
705,pre_monsoon,3,t2m_C_mean,recent3,1.9145857095718384
706,pre_monsoon,3,t2m_C_mean,recent3,2.1370296478271484
707,pre_monsoon,3,t2m_C_mean,recent3,2.3147480487823486
708,pre_monsoon,3,t2m_C_mean,recent3,2.199441909790039
709,pre_monsoon,3,t2m_C_mean,recent3,1.908463954925537
800,pre_monsoon,3,t2m_C_mean,recent3,2.5046353340148926
801,pre_monsoon,3,t2m_C_mean,recent3,2.2386302947998047
802,pre_monsoon,3,t2m_C_mean,recent3,2.2541706562042236
803,pre_monsoon,3,t2m_C_mean,recent3,2.879211664199829
804,pre_monsoon,3,t2m_C_mean,recent3,2.4348325729370117
805,pre_monsoon,3,t2m_C_mean,recent3,2.2699785232543945
806,pre_monsoon,3,t2m_C_mean,recent3,2.440375566482544
807,pre_monsoon,3,t2m_C_mean,recent3,2.4369943141937256
808,pre_monsoon,3,t2m_C_mean,recent3,2.6933751106262207
809,pre_monsoon,3,t2m_C_mean,recent3,2.8963987827301025
900,pre_monsoon,3,t2m_C_mean,recent3,3.304293632507324
901,pre_monsoon,3,t2m_C_mean,recent3,2.7504518032073975
902,pre_monsoon,3,t2m_C_mean,recent3,2.8985114097595215
903,pre_monsoon,3,t2m_C_mean,recent3,3.4768190383911133
904,pre_monsoon,3,t2m_C_mean,recent3,3.518718957901001
905,pre_monsoon,3,t2m_C_mean,recent3,3.238795042037964
906,pre_monsoon,3,t2m_C_mean,recent3,3.174518585205078
907,pre_monsoon,3,t2m_C_mean,recent3,3.3769311904907227
908,pre_monsoon,3,t2m_C_mean,recent3,3.2949509620666504
909,pre_monsoon,3,t2m_C_mean,recent3,3.280937433242798
1000,pre_monsoon,3,t2m_C_mean,recent3,4.15814733505249
1001,pre_monsoon,3,t2m_C_mean,recent3,3.593017339706421
1002,pre_monsoon,3,t2m_C_mean,recent3,3.2205049991607666
1003,pre_monsoon,3,t2m_C_mean,recent3,4.305420398712158
1004,pre_monsoon,3,t2m_C_mean,recent3,4.079373836517334
1005,pre_monsoon,3,t2m_C_mean,recent3,3.8687121868133545
1006,pre_monsoon,3,t2m_C_mean,recent3,3.44726300239563
1007,pre_monsoon,3,t2m_C_mean,recent3,3.8184328079223633
1008,pre_monsoon,3,t2m_C_mean,recent3,3.1435468196868896
1009,pre_monsoon,3,t2m_C_mean,recent3,3.466109275817871
0,monsoon,3,t2m_C_mean,recent3,0.48552268743515015
1,monsoon,3,t2m_C_mean,recent3,0.46753957867622375
2,monsoon,3,t2m_C_mean,recent3,0.48759758472442627
3,monsoon,3,t2m_C_mean,recent3,0.42376747727394104
4,monsoon,3,t2m_C_mean,recent3,0.4207039475440979
5,monsoon,3,t2m_C_mean,recent3,0.23014071583747864
6,monsoon,3,t2m_C_mean,recent3,0.3567705452442169
7,monsoon,3,t2m_C_mean,recent3,0.4885609447956085
8,monsoon,3,t2m_C_mean,recent3,0.5064544677734375
9,monsoon,3,t2m_C_mean,recent3,0.5311468839645386
100,monsoon,3,t2m_C_mean,recent3,0.3783988356590271
101,monsoon,3,t2m_C_mean,recent3,0.46776390075683594
102,monsoon,3,t2m_C_mean,recent3,0.6067748069763184
103,monsoon,3,t2m_C_mean,recent3,0.8433892726898193
104,monsoon,3,t2m_C_mean,recent3,0.2800793945789337
105,monsoon,3,t2m_C_mean,recent3,0.297477126121521
106,monsoon,3,t2m_C_mean,recent3,0.36720994114875793
107,monsoon,3,t2m_C_mean,recent3,0.42364928126335144
108,monsoon,3,t2m_C_mean,recent3,0.4045245349407196
109,monsoon,3,t2m_C_mean,recent3,0.4302416443824768
200,monsoon,3,t2m_C_mean,recent3,0.28957927227020264
201,monsoon,3,t2m_C_mean,recent3,0.44738128781318665
202,monsoon,3,t2m_C_mean,recent3,0.7440001964569092
203,monsoon,3,t2m_C_mean,recent3,1.135421633720398
204,monsoon,3,t2m_C_mean,recent3,0.5490353107452393
205,monsoon,3,t2m_C_mean,recent3,0.5096476078033447
206,monsoon,3,t2m_C_mean,recent3,0.528111457824707
207,monsoon,3,t2m_C_mean,recent3,0.48629066348075867
208,monsoon,3,t2m_C_mean,recent3,0.4227554202079773
209,monsoon,3,t2m_C_mean,recent3,0.4194093942642212
300,monsoon,3,t2m_C_mean,recent3,0.23738066852092743
301,monsoon,3,t2m_C_mean,recent3,0.37835609912872314
302,monsoon,3,t2m_C_mean,recent3,0.8429558873176575
303,monsoon,3,t2m_C_mean,recent3,1.1620798110961914
304,monsoon,3,t2m_C_mean,recent3,1.1944268941879272
305,monsoon,3,t2m_C_mean,recent3,0.6445939540863037
306,monsoon,3,t2m_C_mean,recent3,0.5357591509819031
307,monsoon,3,t2m_C_mean,recent3,0.4851643741130829
308,monsoon,3,t2m_C_mean,recent3,0.46860674023628235
309,monsoon,3,t2m_C_mean,recent3,0.6443222165107727
400,monsoon,3,t2m_C_mean,recent3,0.29220521450042725
401,monsoon,3,t2m_C_mean,recent3,0.5984339714050293
402,monsoon,3,t2m_C_mean,recent3,1.025760293006897
403,monsoon,3,t2m_C_mean,recent3,1.2669787406921387
404,monsoon,3,t2m_C_mean,recent3,1.2372219562530518
405,monsoon,3,t2m_C_mean,recent3,1.2097586393356323
406,monsoon,3,t2m_C_mean,recent3,0.7328488230705261
407,monsoon,3,t2m_C_mean,recent3,0.4814263582229614
408,monsoon,3,t2m_C_mean,recent3,0.7202654480934143
409,monsoon,3,t2m_C_mean,recent3,0.7681418657302856
500,monsoon,3,t2m_C_mean,recent3,0.7103486061096191
501,monsoon,3,t2m_C_mean,recent3,1.0753713846206665
502,monsoon,3,t2m_C_mean,recent3,1.2546944618225098
503,monsoon,3,t2m_C_mean,recent3,1.4355967044830322
504,monsoon,3,t2m_C_mean,recent3,1.333635687828064
505,monsoon,3,t2m_C_mean,recent3,1.3480010032653809
506,monsoon,3,t2m_C_mean,recent3,1.452232837677002
507,monsoon,3,t2m_C_mean,recent3,1.1024022102355957
508,monsoon,3,t2m_C_mean,recent3,0.9633632302284241
509,monsoon,3,t2m_C_mean,recent3,0.8239554166793823
600,monsoon,3,t2m_C_mean,recent3,1.41340970993042
601,monsoon,3,t2m_C_mean,recent3,1.2541308403015137
602,monsoon,3,t2m_C_mean,recent3,1.418565034866333
603,monsoon,3,t2m_C_mean,recent3,1.5909242630004883
604,monsoon,3,t2m_C_mean,recent3,1.4612404108047485
605,monsoon,3,t2m_C_mean,recent3,1.2592076063156128
606,monsoon,3,t2m_C_mean,recent3,1.0368218421936035
607,monsoon,3,t2m_C_mean,recent3,0.9737265706062317
608,monsoon,3,t2m_C_mean,recent3,1.0636135339736938
609,monsoon,3,t2m_C_mean,recent3,1.210279107093811
700,monsoon,3,t2m_C_mean,recent3,1.530806064605713
701,monsoon,3,t2m_C_mean,recent3,1.7821009159088135
702,monsoon,3,t2m_C_mean,recent3,1.6591802835464478
703,monsoon,3,t2m_C_mean,recent3,1.368431568145752
704,monsoon,3,t2m_C_mean,recent3,1.204988956451416
705,monsoon,3,t2m_C_mean,recent3,1.1291650533676147
706,monsoon,3,t2m_C_mean,recent3,1.2040406465530396
707,monsoon,3,t2m_C_mean,recent3,1.189490795135498
708,monsoon,3,t2m_C_mean,recent3,1.0941064357757568
709,monsoon,3,t2m_C_mean,recent3,1.2215027809143066
800,monsoon,3,t2m_C_mean,recent3,1.4277690649032593
801,monsoon,3,t2m_C_mean,recent3,1.8791863918304443
802,monsoon,3,t2m_C_mean,recent3,1.641977071762085
803,monsoon,3,t2m_C_mean,recent3,1.9191373586654663
804,monsoon,3,t2m_C_mean,recent3,1.7540522813796997
805,monsoon,3,t2m_C_mean,recent3,1.489702820777893
806,monsoon,3,t2m_C_mean,recent3,1.4098840951919556
807,monsoon,3,t2m_C_mean,recent3,1.4633612632751465
808,monsoon,3,t2m_C_mean,recent3,1.571669340133667
809,monsoon,3,t2m_C_mean,recent3,1.5921978950500488
900,monsoon,3,t2m_C_mean,recent3,1.4578872919082642
901,monsoon,3,t2m_C_mean,recent3,1.9609570503234863
902,monsoon,3,t2m_C_mean,recent3,2.2830095291137695
903,monsoon,3,t2m_C_mean,recent3,2.035808801651001
904,monsoon,3,t2m_C_mean,recent3,1.9714308977127075
905,monsoon,3,t2m_C_mean,recent3,1.7742483615875244
906,monsoon,3,t2m_C_mean,recent3,1.70743727684021
907,monsoon,3,t2m_C_mean,recent3,1.7027422189712524
908,monsoon,3,t2m_C_mean,recent3,1.8326189517974854
909,monsoon,3,t2m_C_mean,recent3,1.8353464603424072
1000,monsoon,3,t2m_C_mean,recent3,1.2432564496994019
1001,monsoon,3,t2m_C_mean,recent3,2.494920492172241
1002,monsoon,3,t2m_C_mean,recent3,2.066504955291748
1003,monsoon,3,t2m_C_mean,recent3,2.2460646629333496
1004,monsoon,3,t2m_C_mean,recent3,2.5716121196746826
1005,monsoon,3,t2m_C_mean,recent3,1.9492484331130981
1006,monsoon,3,t2m_C_mean,recent3,1.744408130645752
1007,monsoon,3,t2m_C_mean,recent3,1.9820927381515503
1008,monsoon,3,t2m_C_mean,recent3,2.1629955768585205
1009,monsoon,3,t2m_C_mean,recent3,1.9801220893859863
0,post_monsoon,3,t2m_C_mean,recent3,0.48084592819213867
1,post_monsoon,3,t2m_C_mean,recent3,0.5423206686973572
2,post_monsoon,3,t2m_C_mean,recent3,0.49548932909965515
3,post_monsoon,3,t2m_C_mean,recent3,0.6045095324516296
4,post_monsoon,3,t2m_C_mean,recent3,0.6781680583953857
5,post_monsoon,3,t2m_C_mean,recent3,0.5720389485359192
6,post_monsoon,3,t2m_C_mean,recent3,0.558466911315918
7,post_monsoon,3,t2m_C_mean,recent3,0.6023157238960266
8,post_monsoon,3,t2m_C_mean,recent3,0.5914402008056641
9,post_monsoon,3,t2m_C_mean,recent3,0.5413985252380371
100,post_monsoon,3,t2m_C_mean,recent3,0.44000154733657837
101,post_monsoon,3,t2m_C_mean,recent3,0.4588424861431122
102,post_monsoon,3,t2m_C_mean,recent3,0.5904706716537476
103,post_monsoon,3,t2m_C_mean,recent3,0.9812687635421753
104,post_monsoon,3,t2m_C_mean,recent3,0.5238961577415466
105,post_monsoon,3,t2m_C_mean,recent3,0.4801861345767975
106,post_monsoon,3,t2m_C_mean,recent3,0.5357230305671692
107,post_monsoon,3,t2m_C_mean,recent3,0.5322544574737549
108,post_monsoon,3,t2m_C_mean,recent3,0.5086941719055176
109,post_monsoon,3,t2m_C_mean,recent3,0.4708329737186432
200,post_monsoon,3,t2m_C_mean,recent3,0.40305033326148987
201,post_monsoon,3,t2m_C_mean,recent3,0.4979006350040436
202,post_monsoon,3,t2m_C_mean,recent3,0.9207778573036194
203,post_monsoon,3,t2m_C_mean,recent3,1.0958257913589478
204,post_monsoon,3,t2m_C_mean,recent3,0.5612465739250183
205,post_monsoon,3,t2m_C_mean,recent3,0.5177137851715088
206,post_monsoon,3,t2m_C_mean,recent3,0.528221070766449
207,post_monsoon,3,t2m_C_mean,recent3,0.546352744102478
208,post_monsoon,3,t2m_C_mean,recent3,0.5934035181999207
209,post_monsoon,3,t2m_C_mean,recent3,0.6942781805992126
300,post_monsoon,3,t2m_C_mean,recent3,0.4317340850830078
301,post_monsoon,3,t2m_C_mean,recent3,0.635882556438446
302,post_monsoon,3,t2m_C_mean,recent3,1.14240562915802
303,post_monsoon,3,t2m_C_mean,recent3,1.1778895854949951
304,post_monsoon,3,t2m_C_mean,recent3,1.0880317687988281
305,post_monsoon,3,t2m_C_mean,recent3,0.6253187656402588
306,post_monsoon,3,t2m_C_mean,recent3,0.530396044254303
307,post_monsoon,3,t2m_C_mean,recent3,0.54876309633255
308,post_monsoon,3,t2m_C_mean,recent3,0.6902565956115723
309,post_monsoon,3,t2m_C_mean,recent3,0.8982135057449341
400,post_monsoon,3,t2m_C_mean,recent3,0.6219417452812195
401,post_monsoon,3,t2m_C_mean,recent3,0.834219217300415
402,post_monsoon,3,t2m_C_mean,recent3,1.0400959253311157
403,post_monsoon,3,t2m_C_mean,recent3,1.0330904722213745
404,post_monsoon,3,t2m_C_mean,recent3,1.037569522857666
405,post_monsoon,3,t2m_C_mean,recent3,1.0107849836349487
406,post_monsoon,3,t2m_C_mean,recent3,0.7616052031517029
407,post_monsoon,3,t2m_C_mean,recent3,0.633162260055542
408,post_monsoon,3,t2m_C_mean,recent3,0.8172924518585205
409,post_monsoon,3,t2m_C_mean,recent3,0.8717624545097351
500,post_monsoon,3,t2m_C_mean,recent3,1.1682066917419434
501,post_monsoon,3,t2m_C_mean,recent3,1.42384672164917
502,post_monsoon,3,t2m_C_mean,recent3,1.3566070795059204
503,post_monsoon,3,t2m_C_mean,recent3,1.1983805894851685
504,post_monsoon,3,t2m_C_mean,recent3,1.2753902673721313
505,post_monsoon,3,t2m_C_mean,recent3,1.264156699180603
506,post_monsoon,3,t2m_C_mean,recent3,1.1682671308517456
507,post_monsoon,3,t2m_C_mean,recent3,0.8676274418830872
508,post_monsoon,3,t2m_C_mean,recent3,0.8217365145683289
509,post_monsoon,3,t2m_C_mean,recent3,0.9159927368164062
600,post_monsoon,3,t2m_C_mean,recent3,1.0070358514785767
601,post_monsoon,3,t2m_C_mean,recent3,1.2754329442977905
602,post_monsoon,3,t2m_C_mean,recent3,1.3646823167800903
603,post_monsoon,3,t2m_C_mean,recent3,1.4681432247161865
604,post_monsoon,3,t2m_C_mean,recent3,1.575491189956665
605,post_monsoon,3,t2m_C_mean,recent3,1.575074553489685
606,post_monsoon,3,t2m_C_mean,recent3,1.3932290077209473
607,post_monsoon,3,t2m_C_mean,recent3,1.0925538539886475
608,post_monsoon,3,t2m_C_mean,recent3,1.0045946836471558
609,post_monsoon,3,t2m_C_mean,recent3,1.0901696681976318
700,post_monsoon,3,t2m_C_mean,recent3,0.8958519697189331
701,post_monsoon,3,t2m_C_mean,recent3,0.9745097756385803
702,post_monsoon,3,t2m_C_mean,recent3,1.0089510679244995
703,post_monsoon,3,t2m_C_mean,recent3,1.1704522371292114
704,post_monsoon,3,t2m_C_mean,recent3,1.5538116693496704
705,post_monsoon,3,t2m_C_mean,recent3,2.0943455696105957
706,post_monsoon,3,t2m_C_mean,recent3,2.2408697605133057
707,post_monsoon,3,t2m_C_mean,recent3,1.801838994026184
708,post_monsoon,3,t2m_C_mean,recent3,1.925639033317566
709,post_monsoon,3,t2m_C_mean,recent3,1.7984403371810913
800,post_monsoon,3,t2m_C_mean,recent3,1.3303250074386597
801,post_monsoon,3,t2m_C_mean,recent3,1.1003875732421875
802,post_monsoon,3,t2m_C_mean,recent3,1.2739615440368652
803,post_monsoon,3,t2m_C_mean,recent3,2.0859193801879883
804,post_monsoon,3,t2m_C_mean,recent3,1.8598741292953491
805,post_monsoon,3,t2m_C_mean,recent3,1.8982739448547363
806,post_monsoon,3,t2m_C_mean,recent3,1.954284429550171
807,post_monsoon,3,t2m_C_mean,recent3,2.0822551250457764
808,post_monsoon,3,t2m_C_mean,recent3,2.4793272018432617
809,post_monsoon,3,t2m_C_mean,recent3,2.5260300636291504
900,post_monsoon,3,t2m_C_mean,recent3,2.0025720596313477
901,post_monsoon,3,t2m_C_mean,recent3,1.6442573070526123
902,post_monsoon,3,t2m_C_mean,recent3,2.2687976360321045
903,post_monsoon,3,t2m_C_mean,recent3,1.9909420013427734
904,post_monsoon,3,t2m_C_mean,recent3,2.00024676322937
905,post_monsoon,3,t2m_C_mean,recent3,1.9405553340911865
906,post_monsoon,3,t2m_C_mean,recent3,1.8373419046401978
907,post_monsoon,3,t2m_C_mean,recent3,1.760586142539978
908,post_monsoon,3,t2m_C_mean,recent3,1.7334233522415161
909,post_monsoon,3,t2m_C_mean,recent3,1.98850417137146
1000,post_monsoon,3,t2m_C_mean,recent3,2.216327428817749
1001,post_monsoon,3,t2m_C_mean,recent3,2.279951572418213
1002,post_monsoon,3,t2m_C_mean,recent3,2.140842914581299
1003,post_monsoon,3,t2m_C_mean,recent3,1.7872651815414429
1004,post_monsoon,3,t2m_C_mean,recent3,2.2230536937713623
1005,post_monsoon,3,t2m_C_mean,recent3,1.9457650184631348
1006,post_monsoon,3,t2m_C_mean,recent3,1.8069602251052856
1007,post_monsoon,3,t2m_C_mean,recent3,1.7107352018356323
1008,post_monsoon,3,t2m_C_mean,recent3,1.6210771799087524
1009,post_monsoon,3,t2m_C_mean,recent3,1.7703238725662231
0,winter,3,t2m_C_mean,anom_persistence,0.6004549860954285
1,winter,3,t2m_C_mean,anom_persistence,0.4146844148635864
2,winter,3,t2m_C_mean,anom_persistence,0.3720777928829193
3,winter,3,t2m_C_mean,anom_persistence,0.5067675113677979
4,winter,3,t2m_C_mean,anom_persistence,0.5590108633041382
5,winter,3,t2m_C_mean,anom_persistence,0.40680012106895447
6,winter,3,t2m_C_mean,anom_persistence,0.50406813621521
7,winter,3,t2m_C_mean,anom_persistence,0.6411012411117554
8,winter,3,t2m_C_mean,anom_persistence,0.590867817401886
9,winter,3,t2m_C_mean,anom_persistence,0.42302852869033813
100,winter,3,t2m_C_mean,anom_persistence,0.414188027381897
101,winter,3,t2m_C_mean,anom_persistence,0.3732103705406189
102,winter,3,t2m_C_mean,anom_persistence,0.6529809236526489
103,winter,3,t2m_C_mean,anom_persistence,0.9521243572235107
104,winter,3,t2m_C_mean,anom_persistence,0.5007445216178894
105,winter,3,t2m_C_mean,anom_persistence,0.4516586661338806
106,winter,3,t2m_C_mean,anom_persistence,0.4959823787212372
107,winter,3,t2m_C_mean,anom_persistence,0.5492997169494629
108,winter,3,t2m_C_mean,anom_persistence,0.457466185092926
109,winter,3,t2m_C_mean,anom_persistence,0.4743621349334717
200,winter,3,t2m_C_mean,anom_persistence,0.4655567705631256
201,winter,3,t2m_C_mean,anom_persistence,0.4463837444782257
202,winter,3,t2m_C_mean,anom_persistence,0.874305248260498
203,winter,3,t2m_C_mean,anom_persistence,1.1332188844680786
204,winter,3,t2m_C_mean,anom_persistence,0.5580565929412842
205,winter,3,t2m_C_mean,anom_persistence,0.5256202220916748
206,winter,3,t2m_C_mean,anom_persistence,0.5612237453460693
207,winter,3,t2m_C_mean,anom_persistence,0.5100967884063721
208,winter,3,t2m_C_mean,anom_persistence,0.48287656903266907
209,winter,3,t2m_C_mean,anom_persistence,0.6249387264251709
300,winter,3,t2m_C_mean,anom_persistence,0.8581337332725525
301,winter,3,t2m_C_mean,anom_persistence,0.7661921977996826
302,winter,3,t2m_C_mean,anom_persistence,0.8395259380340576
303,winter,3,t2m_C_mean,anom_persistence,0.9569945931434631
304,winter,3,t2m_C_mean,anom_persistence,0.9000267386436462
305,winter,3,t2m_C_mean,anom_persistence,0.5464420318603516
306,winter,3,t2m_C_mean,anom_persistence,0.5678366422653198
307,winter,3,t2m_C_mean,anom_persistence,0.6454315185546875
308,winter,3,t2m_C_mean,anom_persistence,0.6972381472587585
309,winter,3,t2m_C_mean,anom_persistence,0.9764933586120605
400,winter,3,t2m_C_mean,anom_persistence,1.0244392156600952
401,winter,3,t2m_C_mean,anom_persistence,1.0643953084945679
402,winter,3,t2m_C_mean,anom_persistence,1.6073079109191895
403,winter,3,t2m_C_mean,anom_persistence,1.4659037590026855
404,winter,3,t2m_C_mean,anom_persistence,1.5050462484359741
405,winter,3,t2m_C_mean,anom_persistence,1.343274474143982
406,winter,3,t2m_C_mean,anom_persistence,0.8202480673789978
407,winter,3,t2m_C_mean,anom_persistence,0.7321740984916687
408,winter,3,t2m_C_mean,anom_persistence,0.9754705429077148
409,winter,3,t2m_C_mean,anom_persistence,0.8842625021934509
500,winter,3,t2m_C_mean,anom_persistence,1.4877851009368896
501,winter,3,t2m_C_mean,anom_persistence,1.8571161031723022
502,winter,3,t2m_C_mean,anom_persistence,2.3144538402557373
503,winter,3,t2m_C_mean,anom_persistence,2.2919867038726807
504,winter,3,t2m_C_mean,anom_persistence,2.3385629653930664
505,winter,3,t2m_C_mean,anom_persistence,1.9986714124679565
506,winter,3,t2m_C_mean,anom_persistence,1.7105857133865356
507,winter,3,t2m_C_mean,anom_persistence,1.747846007347107
508,winter,3,t2m_C_mean,anom_persistence,1.2201380729675293
509,winter,3,t2m_C_mean,anom_persistence,0.7598331570625305
600,winter,3,t2m_C_mean,anom_persistence,1.8630084991455078
601,winter,3,t2m_C_mean,anom_persistence,2.287513017654419
602,winter,3,t2m_C_mean,anom_persistence,2.3073670864105225
603,winter,3,t2m_C_mean,anom_persistence,2.1196470260620117
604,winter,3,t2m_C_mean,anom_persistence,2.0171384811401367
605,winter,3,t2m_C_mean,anom_persistence,1.6153788566589355
606,winter,3,t2m_C_mean,anom_persistence,1.440011739730835
607,winter,3,t2m_C_mean,anom_persistence,1.3071556091308594
608,winter,3,t2m_C_mean,anom_persistence,1.1582865715026855
609,winter,3,t2m_C_mean,anom_persistence,1.2429720163345337
700,winter,3,t2m_C_mean,anom_persistence,2.0336694717407227
701,winter,3,t2m_C_mean,anom_persistence,2.0030150413513184
702,winter,3,t2m_C_mean,anom_persistence,1.6157360076904297
703,winter,3,t2m_C_mean,anom_persistence,1.426653504371643
704,winter,3,t2m_C_mean,anom_persistence,1.9481008052825928
705,winter,3,t2m_C_mean,anom_persistence,2.1982810497283936
706,winter,3,t2m_C_mean,anom_persistence,2.3521041870117188
707,winter,3,t2m_C_mean,anom_persistence,2.821682929992676
708,winter,3,t2m_C_mean,anom_persistence,2.951870918273926
709,winter,3,t2m_C_mean,anom_persistence,2.626706838607788
800,winter,3,t2m_C_mean,anom_persistence,2.7825803756713867
801,winter,3,t2m_C_mean,anom_persistence,1.420509696006775
802,winter,3,t2m_C_mean,anom_persistence,1.8099045753479004
803,winter,3,t2m_C_mean,anom_persistence,3.748539924621582
804,winter,3,t2m_C_mean,anom_persistence,2.641608715057373
805,winter,3,t2m_C_mean,anom_persistence,2.5820822715759277
806,winter,3,t2m_C_mean,anom_persistence,2.9455246925354004
807,winter,3,t2m_C_mean,anom_persistence,3.3913893699645996
808,winter,3,t2m_C_mean,anom_persistence,3.614326000213623
809,winter,3,t2m_C_mean,anom_persistence,3.5155582427978516
900,winter,3,t2m_C_mean,anom_persistence,3.6387743949890137
901,winter,3,t2m_C_mean,anom_persistence,2.586766242980957
902,winter,3,t2m_C_mean,anom_persistence,3.442922353744507
903,winter,3,t2m_C_mean,anom_persistence,3.806135892868042
904,winter,3,t2m_C_mean,anom_persistence,3.1849868297576904
905,winter,3,t2m_C_mean,anom_persistence,4.09423303604126
906,winter,3,t2m_C_mean,anom_persistence,4.112131118774414
907,winter,3,t2m_C_mean,anom_persistence,4.140089511871338
908,winter,3,t2m_C_mean,anom_persistence,3.602708578109741
909,winter,3,t2m_C_mean,anom_persistence,3.4071600437164307
1000,winter,3,t2m_C_mean,anom_persistence,3.3170382976531982
1001,winter,3,t2m_C_mean,anom_persistence,3.67875075340271
1002,winter,3,t2m_C_mean,anom_persistence,2.6044795513153076
1003,winter,3,t2m_C_mean,anom_persistence,2.525317907333374
1004,winter,3,t2m_C_mean,anom_persistence,2.0877747535705566
1005,winter,3,t2m_C_mean,anom_persistence,3.5951385498046875
1006,winter,3,t2m_C_mean,anom_persistence,4.15703821182251
1007,winter,3,t2m_C_mean,anom_persistence,3.7719173431396484
1008,winter,3,t2m_C_mean,anom_persistence,2.63753342628479
1009,winter,3,t2m_C_mean,anom_persistence,2.573575735092163
0,pre_monsoon,3,t2m_C_mean,anom_persistence,0.5116496682167053
1,pre_monsoon,3,t2m_C_mean,anom_persistence,0.630408763885498
2,pre_monsoon,3,t2m_C_mean,anom_persistence,0.7609042525291443
3,pre_monsoon,3,t2m_C_mean,anom_persistence,0.7040935754776001
4,pre_monsoon,3,t2m_C_mean,anom_persistence,0.6017545461654663
5,pre_monsoon,3,t2m_C_mean,anom_persistence,0.5567401051521301
6,pre_monsoon,3,t2m_C_mean,anom_persistence,0.547595739364624
7,pre_monsoon,3,t2m_C_mean,anom_persistence,0.603483259677887
8,pre_monsoon,3,t2m_C_mean,anom_persistence,0.6389608979225159
9,pre_monsoon,3,t2m_C_mean,anom_persistence,0.6279587745666504
100,pre_monsoon,3,t2m_C_mean,anom_persistence,0.4861961007118225
101,pre_monsoon,3,t2m_C_mean,anom_persistence,0.48264801502227783
102,pre_monsoon,3,t2m_C_mean,anom_persistence,0.7719557285308838
103,pre_monsoon,3,t2m_C_mean,anom_persistence,1.1244155168533325
104,pre_monsoon,3,t2m_C_mean,anom_persistence,0.4558667540550232
105,pre_monsoon,3,t2m_C_mean,anom_persistence,0.4785943627357483
106,pre_monsoon,3,t2m_C_mean,anom_persistence,0.5839215517044067
107,pre_monsoon,3,t2m_C_mean,anom_persistence,0.6303020715713501
108,pre_monsoon,3,t2m_C_mean,anom_persistence,0.6635764837265015
109,pre_monsoon,3,t2m_C_mean,anom_persistence,0.7228643894195557
200,pre_monsoon,3,t2m_C_mean,anom_persistence,0.3795214593410492
201,pre_monsoon,3,t2m_C_mean,anom_persistence,0.42921316623687744
202,pre_monsoon,3,t2m_C_mean,anom_persistence,0.8671203255653381
203,pre_monsoon,3,t2m_C_mean,anom_persistence,1.1861827373504639
204,pre_monsoon,3,t2m_C_mean,anom_persistence,0.49656474590301514
205,pre_monsoon,3,t2m_C_mean,anom_persistence,0.44598451256752014
206,pre_monsoon,3,t2m_C_mean,anom_persistence,0.6018372178077698
207,pre_monsoon,3,t2m_C_mean,anom_persistence,0.6242635250091553
208,pre_monsoon,3,t2m_C_mean,anom_persistence,0.630072832107544
209,pre_monsoon,3,t2m_C_mean,anom_persistence,0.6718132495880127
300,pre_monsoon,3,t2m_C_mean,anom_persistence,0.47382912039756775
301,pre_monsoon,3,t2m_C_mean,anom_persistence,0.5512368083000183
302,pre_monsoon,3,t2m_C_mean,anom_persistence,1.14762282371521
303,pre_monsoon,3,t2m_C_mean,anom_persistence,1.128055453300476
304,pre_monsoon,3,t2m_C_mean,anom_persistence,1.1326494216918945
305,pre_monsoon,3,t2m_C_mean,anom_persistence,0.6173765063285828
306,pre_monsoon,3,t2m_C_mean,anom_persistence,0.6601632237434387
307,pre_monsoon,3,t2m_C_mean,anom_persistence,0.6471936702728271
308,pre_monsoon,3,t2m_C_mean,anom_persistence,0.6971978545188904
309,pre_monsoon,3,t2m_C_mean,anom_persistence,1.1296558380126953
400,pre_monsoon,3,t2m_C_mean,anom_persistence,0.6084387302398682
401,pre_monsoon,3,t2m_C_mean,anom_persistence,1.0461012125015259
402,pre_monsoon,3,t2m_C_mean,anom_persistence,1.588759422302246
403,pre_monsoon,3,t2m_C_mean,anom_persistence,1.486399531364441
404,pre_monsoon,3,t2m_C_mean,anom_persistence,1.7158899307250977
405,pre_monsoon,3,t2m_C_mean,anom_persistence,1.60239839553833
406,pre_monsoon,3,t2m_C_mean,anom_persistence,0.8534347414970398
407,pre_monsoon,3,t2m_C_mean,anom_persistence,0.6408125758171082
408,pre_monsoon,3,t2m_C_mean,anom_persistence,1.12650465965271
409,pre_monsoon,3,t2m_C_mean,anom_persistence,1.4144784212112427
500,pre_monsoon,3,t2m_C_mean,anom_persistence,1.1390591859817505
501,pre_monsoon,3,t2m_C_mean,anom_persistence,1.8735498189926147
502,pre_monsoon,3,t2m_C_mean,anom_persistence,2.056013345718384
503,pre_monsoon,3,t2m_C_mean,anom_persistence,1.8351694345474243
504,pre_monsoon,3,t2m_C_mean,anom_persistence,1.9278371334075928
505,pre_monsoon,3,t2m_C_mean,anom_persistence,2.2653026580810547
506,pre_monsoon,3,t2m_C_mean,anom_persistence,2.0666110515594482
507,pre_monsoon,3,t2m_C_mean,anom_persistence,1.5577452182769775
508,pre_monsoon,3,t2m_C_mean,anom_persistence,1.359761357307434
509,pre_monsoon,3,t2m_C_mean,anom_persistence,1.7114813327789307
600,pre_monsoon,3,t2m_C_mean,anom_persistence,1.939897060394287
601,pre_monsoon,3,t2m_C_mean,anom_persistence,2.401888132095337
602,pre_monsoon,3,t2m_C_mean,anom_persistence,2.370060920715332
603,pre_monsoon,3,t2m_C_mean,anom_persistence,1.7769404649734497
604,pre_monsoon,3,t2m_C_mean,anom_persistence,1.9330743551254272
605,pre_monsoon,3,t2m_C_mean,anom_persistence,2.076681137084961
606,pre_monsoon,3,t2m_C_mean,anom_persistence,1.7651623487472534
607,pre_monsoon,3,t2m_C_mean,anom_persistence,1.376305103302002
608,pre_monsoon,3,t2m_C_mean,anom_persistence,1.195826530456543
609,pre_monsoon,3,t2m_C_mean,anom_persistence,1.217821717262268
700,pre_monsoon,3,t2m_C_mean,anom_persistence,2.3360517024993896
701,pre_monsoon,3,t2m_C_mean,anom_persistence,2.3925940990448
702,pre_monsoon,3,t2m_C_mean,anom_persistence,2.2569477558135986
703,pre_monsoon,3,t2m_C_mean,anom_persistence,1.6879122257232666
704,pre_monsoon,3,t2m_C_mean,anom_persistence,1.749470591545105
705,pre_monsoon,3,t2m_C_mean,anom_persistence,1.8241496086120605
706,pre_monsoon,3,t2m_C_mean,anom_persistence,2.110138416290283
707,pre_monsoon,3,t2m_C_mean,anom_persistence,2.346005439758301
708,pre_monsoon,3,t2m_C_mean,anom_persistence,2.103034019470215
709,pre_monsoon,3,t2m_C_mean,anom_persistence,1.7368909120559692
800,pre_monsoon,3,t2m_C_mean,anom_persistence,2.484769582748413
801,pre_monsoon,3,t2m_C_mean,anom_persistence,2.147210121154785
802,pre_monsoon,3,t2m_C_mean,anom_persistence,1.9950032234191895
803,pre_monsoon,3,t2m_C_mean,anom_persistence,2.7306125164031982
804,pre_monsoon,3,t2m_C_mean,anom_persistence,2.254512310028076
805,pre_monsoon,3,t2m_C_mean,anom_persistence,2.104646921157837
806,pre_monsoon,3,t2m_C_mean,anom_persistence,2.2497756481170654
807,pre_monsoon,3,t2m_C_mean,anom_persistence,2.373671293258667
808,pre_monsoon,3,t2m_C_mean,anom_persistence,2.7543704509735107
809,pre_monsoon,3,t2m_C_mean,anom_persistence,2.9412217140197754
900,pre_monsoon,3,t2m_C_mean,anom_persistence,3.2520155906677246
901,pre_monsoon,3,t2m_C_mean,anom_persistence,2.5689570903778076
902,pre_monsoon,3,t2m_C_mean,anom_persistence,2.771479606628418
903,pre_monsoon,3,t2m_C_mean,anom_persistence,3.309473991394043
904,pre_monsoon,3,t2m_C_mean,anom_persistence,3.2758607864379883
905,pre_monsoon,3,t2m_C_mean,anom_persistence,3.200632333755493
906,pre_monsoon,3,t2m_C_mean,anom_persistence,3.0436651706695557
907,pre_monsoon,3,t2m_C_mean,anom_persistence,3.167912483215332
908,pre_monsoon,3,t2m_C_mean,anom_persistence,3.166529655456543
909,pre_monsoon,3,t2m_C_mean,anom_persistence,3.297518491744995
1000,pre_monsoon,3,t2m_C_mean,anom_persistence,4.466749668121338
1001,pre_monsoon,3,t2m_C_mean,anom_persistence,3.1606385707855225
1002,pre_monsoon,3,t2m_C_mean,anom_persistence,2.8271522521972656
1003,pre_monsoon,3,t2m_C_mean,anom_persistence,3.8055202960968018
1004,pre_monsoon,3,t2m_C_mean,anom_persistence,3.6877129077911377
1005,pre_monsoon,3,t2m_C_mean,anom_persistence,3.6396076679229736
1006,pre_monsoon,3,t2m_C_mean,anom_persistence,3.292710542678833
1007,pre_monsoon,3,t2m_C_mean,anom_persistence,3.5784313678741455
1008,pre_monsoon,3,t2m_C_mean,anom_persistence,2.971780776977539
1009,pre_monsoon,3,t2m_C_mean,anom_persistence,3.51727294921875
0,monsoon,3,t2m_C_mean,anom_persistence,0.5167083740234375
1,monsoon,3,t2m_C_mean,anom_persistence,0.5208842754364014
2,monsoon,3,t2m_C_mean,anom_persistence,0.5290418267250061
3,monsoon,3,t2m_C_mean,anom_persistence,0.4748987555503845
4,monsoon,3,t2m_C_mean,anom_persistence,0.46945545077323914
5,monsoon,3,t2m_C_mean,anom_persistence,0.27720096707344055
6,monsoon,3,t2m_C_mean,anom_persistence,0.46109744906425476
7,monsoon,3,t2m_C_mean,anom_persistence,0.5596104264259338
8,monsoon,3,t2m_C_mean,anom_persistence,0.5678521990776062
9,monsoon,3,t2m_C_mean,anom_persistence,0.6248961091041565
100,monsoon,3,t2m_C_mean,anom_persistence,0.42715051770210266
101,monsoon,3,t2m_C_mean,anom_persistence,0.5511789321899414
102,monsoon,3,t2m_C_mean,anom_persistence,0.666761577129364
103,monsoon,3,t2m_C_mean,anom_persistence,0.91036057472229
104,monsoon,3,t2m_C_mean,anom_persistence,0.3560018241405487
105,monsoon,3,t2m_C_mean,anom_persistence,0.36028873920440674
106,monsoon,3,t2m_C_mean,anom_persistence,0.44689783453941345
107,monsoon,3,t2m_C_mean,anom_persistence,0.4755171239376068
108,monsoon,3,t2m_C_mean,anom_persistence,0.4971993863582611
109,monsoon,3,t2m_C_mean,anom_persistence,0.4913930892944336
200,monsoon,3,t2m_C_mean,anom_persistence,0.4093300998210907
201,monsoon,3,t2m_C_mean,anom_persistence,0.49947452545166016
202,monsoon,3,t2m_C_mean,anom_persistence,0.8998809456825256
203,monsoon,3,t2m_C_mean,anom_persistence,1.3123754262924194
204,monsoon,3,t2m_C_mean,anom_persistence,0.7031322121620178
205,monsoon,3,t2m_C_mean,anom_persistence,0.5896836519241333
206,monsoon,3,t2m_C_mean,anom_persistence,0.5464789271354675
207,monsoon,3,t2m_C_mean,anom_persistence,0.48227420449256897
208,monsoon,3,t2m_C_mean,anom_persistence,0.46219751238822937
209,monsoon,3,t2m_C_mean,anom_persistence,0.46340277791023254
300,monsoon,3,t2m_C_mean,anom_persistence,0.35554075241088867
301,monsoon,3,t2m_C_mean,anom_persistence,0.4462059438228607
302,monsoon,3,t2m_C_mean,anom_persistence,0.9211289882659912
303,monsoon,3,t2m_C_mean,anom_persistence,1.2382971048355103
304,monsoon,3,t2m_C_mean,anom_persistence,1.2480394840240479
305,monsoon,3,t2m_C_mean,anom_persistence,0.6910915374755859
306,monsoon,3,t2m_C_mean,anom_persistence,0.5348395109176636
307,monsoon,3,t2m_C_mean,anom_persistence,0.49818283319473267
308,monsoon,3,t2m_C_mean,anom_persistence,0.48055997490882874
309,monsoon,3,t2m_C_mean,anom_persistence,0.6820226311683655
400,monsoon,3,t2m_C_mean,anom_persistence,0.4093397855758667
401,monsoon,3,t2m_C_mean,anom_persistence,0.6655315160751343
402,monsoon,3,t2m_C_mean,anom_persistence,1.057444453239441
403,monsoon,3,t2m_C_mean,anom_persistence,1.342245101928711
404,monsoon,3,t2m_C_mean,anom_persistence,1.2631932497024536
405,monsoon,3,t2m_C_mean,anom_persistence,1.2671310901641846
406,monsoon,3,t2m_C_mean,anom_persistence,0.7593661546707153
407,monsoon,3,t2m_C_mean,anom_persistence,0.5204129815101624
408,monsoon,3,t2m_C_mean,anom_persistence,0.8050762414932251
409,monsoon,3,t2m_C_mean,anom_persistence,0.8116795420646667
500,monsoon,3,t2m_C_mean,anom_persistence,0.8296875953674316
501,monsoon,3,t2m_C_mean,anom_persistence,1.2260339260101318
502,monsoon,3,t2m_C_mean,anom_persistence,1.1796491146087646
503,monsoon,3,t2m_C_mean,anom_persistence,1.3029048442840576
504,monsoon,3,t2m_C_mean,anom_persistence,1.3831731081008911
505,monsoon,3,t2m_C_mean,anom_persistence,1.5135951042175293
506,monsoon,3,t2m_C_mean,anom_persistence,1.477677345275879
507,monsoon,3,t2m_C_mean,anom_persistence,1.1239157915115356
508,monsoon,3,t2m_C_mean,anom_persistence,1.055670142173767
509,monsoon,3,t2m_C_mean,anom_persistence,1.0163393020629883
600,monsoon,3,t2m_C_mean,anom_persistence,1.565172791481018
601,monsoon,3,t2m_C_mean,anom_persistence,1.3926305770874023
602,monsoon,3,t2m_C_mean,anom_persistence,1.375300645828247
603,monsoon,3,t2m_C_mean,anom_persistence,1.4730401039123535
604,monsoon,3,t2m_C_mean,anom_persistence,1.4041001796722412
605,monsoon,3,t2m_C_mean,anom_persistence,1.3055481910705566
606,monsoon,3,t2m_C_mean,anom_persistence,1.1380568742752075
607,monsoon,3,t2m_C_mean,anom_persistence,1.0465424060821533
608,monsoon,3,t2m_C_mean,anom_persistence,1.1350998878479004
609,monsoon,3,t2m_C_mean,anom_persistence,1.2470784187316895
700,monsoon,3,t2m_C_mean,anom_persistence,1.7386454343795776
701,monsoon,3,t2m_C_mean,anom_persistence,1.9566900730133057
702,monsoon,3,t2m_C_mean,anom_persistence,1.5959136486053467
703,monsoon,3,t2m_C_mean,anom_persistence,1.4161239862442017
704,monsoon,3,t2m_C_mean,anom_persistence,1.2471846342086792
705,monsoon,3,t2m_C_mean,anom_persistence,1.1741046905517578
706,monsoon,3,t2m_C_mean,anom_persistence,1.2283918857574463
707,monsoon,3,t2m_C_mean,anom_persistence,1.2457613945007324
708,monsoon,3,t2m_C_mean,anom_persistence,1.1727370023727417
709,monsoon,3,t2m_C_mean,anom_persistence,1.306613802909851
800,monsoon,3,t2m_C_mean,anom_persistence,1.5574688911437988
801,monsoon,3,t2m_C_mean,anom_persistence,2.1072821617126465
802,monsoon,3,t2m_C_mean,anom_persistence,1.6879804134368896
803,monsoon,3,t2m_C_mean,anom_persistence,1.9136854410171509
804,monsoon,3,t2m_C_mean,anom_persistence,1.7554152011871338
805,monsoon,3,t2m_C_mean,anom_persistence,1.5906224250793457
806,monsoon,3,t2m_C_mean,anom_persistence,1.480339527130127
807,monsoon,3,t2m_C_mean,anom_persistence,1.4892010688781738
808,monsoon,3,t2m_C_mean,anom_persistence,1.6725068092346191
809,monsoon,3,t2m_C_mean,anom_persistence,1.7496191263198853
900,monsoon,3,t2m_C_mean,anom_persistence,1.5438050031661987
901,monsoon,3,t2m_C_mean,anom_persistence,2.018211841583252
902,monsoon,3,t2m_C_mean,anom_persistence,2.494302749633789
903,monsoon,3,t2m_C_mean,anom_persistence,2.137434959411621
904,monsoon,3,t2m_C_mean,anom_persistence,2.070906639099121
905,monsoon,3,t2m_C_mean,anom_persistence,1.8120015859603882
906,monsoon,3,t2m_C_mean,anom_persistence,1.6875978708267212
907,monsoon,3,t2m_C_mean,anom_persistence,1.7218024730682373
908,monsoon,3,t2m_C_mean,anom_persistence,1.8939348459243774
909,monsoon,3,t2m_C_mean,anom_persistence,1.9251854419708252
1000,monsoon,3,t2m_C_mean,anom_persistence,1.3615339994430542
1001,monsoon,3,t2m_C_mean,anom_persistence,2.451019763946533
1002,monsoon,3,t2m_C_mean,anom_persistence,2.079866886138916
1003,monsoon,3,t2m_C_mean,anom_persistence,2.3540987968444824
1004,monsoon,3,t2m_C_mean,anom_persistence,2.687260866165161
1005,monsoon,3,t2m_C_mean,anom_persistence,2.0268876552581787
1006,monsoon,3,t2m_C_mean,anom_persistence,1.6897553205490112
1007,monsoon,3,t2m_C_mean,anom_persistence,1.9053786993026733
1008,monsoon,3,t2m_C_mean,anom_persistence,2.04034161567688
1009,monsoon,3,t2m_C_mean,anom_persistence,1.9566326141357422
0,post_monsoon,3,t2m_C_mean,anom_persistence,0.568889319896698
1,post_monsoon,3,t2m_C_mean,anom_persistence,0.6310548782348633
2,post_monsoon,3,t2m_C_mean,anom_persistence,0.6134202480316162
3,post_monsoon,3,t2m_C_mean,anom_persistence,0.7655733823776245
4,post_monsoon,3,t2m_C_mean,anom_persistence,0.7157427668571472
5,post_monsoon,3,t2m_C_mean,anom_persistence,0.6194518208503723
6,post_monsoon,3,t2m_C_mean,anom_persistence,0.6593751907348633
7,post_monsoon,3,t2m_C_mean,anom_persistence,0.6724148988723755
8,post_monsoon,3,t2m_C_mean,anom_persistence,0.690973162651062
9,post_monsoon,3,t2m_C_mean,anom_persistence,0.6691619753837585
100,post_monsoon,3,t2m_C_mean,anom_persistence,0.5234797596931458
101,post_monsoon,3,t2m_C_mean,anom_persistence,0.5905023813247681
102,post_monsoon,3,t2m_C_mean,anom_persistence,0.7410168051719666
103,post_monsoon,3,t2m_C_mean,anom_persistence,1.1510049104690552
104,post_monsoon,3,t2m_C_mean,anom_persistence,0.6496560573577881
105,post_monsoon,3,t2m_C_mean,anom_persistence,0.5883416533470154
106,post_monsoon,3,t2m_C_mean,anom_persistence,0.6410890817642212
107,post_monsoon,3,t2m_C_mean,anom_persistence,0.6115706562995911
108,post_monsoon,3,t2m_C_mean,anom_persistence,0.5798351764678955
109,post_monsoon,3,t2m_C_mean,anom_persistence,0.5240530371665955
200,post_monsoon,3,t2m_C_mean,anom_persistence,0.47101539373397827
201,post_monsoon,3,t2m_C_mean,anom_persistence,0.566760241985321
202,post_monsoon,3,t2m_C_mean,anom_persistence,1.0090296268463135
203,post_monsoon,3,t2m_C_mean,anom_persistence,1.162907600402832
204,post_monsoon,3,t2m_C_mean,anom_persistence,0.6511714458465576
205,post_monsoon,3,t2m_C_mean,anom_persistence,0.6413639783859253
206,post_monsoon,3,t2m_C_mean,anom_persistence,0.6359890103340149
207,post_monsoon,3,t2m_C_mean,anom_persistence,0.6182850003242493
208,post_monsoon,3,t2m_C_mean,anom_persistence,0.6745219826698303
209,post_monsoon,3,t2m_C_mean,anom_persistence,0.6749711632728577
300,post_monsoon,3,t2m_C_mean,anom_persistence,0.5635126829147339
301,post_monsoon,3,t2m_C_mean,anom_persistence,0.7524394392967224
302,post_monsoon,3,t2m_C_mean,anom_persistence,1.2943518161773682
303,post_monsoon,3,t2m_C_mean,anom_persistence,1.4221224784851074
304,post_monsoon,3,t2m_C_mean,anom_persistence,1.382773756980896
305,post_monsoon,3,t2m_C_mean,anom_persistence,0.7964238524436951
306,post_monsoon,3,t2m_C_mean,anom_persistence,0.6851828098297119
307,post_monsoon,3,t2m_C_mean,anom_persistence,0.6846776008605957
308,post_monsoon,3,t2m_C_mean,anom_persistence,0.7417381405830383
309,post_monsoon,3,t2m_C_mean,anom_persistence,0.9833617210388184
400,post_monsoon,3,t2m_C_mean,anom_persistence,0.7616993188858032
401,post_monsoon,3,t2m_C_mean,anom_persistence,1.0946165323257446
402,post_monsoon,3,t2m_C_mean,anom_persistence,1.46793794631958
403,post_monsoon,3,t2m_C_mean,anom_persistence,1.5179270505905151
404,post_monsoon,3,t2m_C_mean,anom_persistence,1.410008430480957
405,post_monsoon,3,t2m_C_mean,anom_persistence,1.3262262344360352
406,post_monsoon,3,t2m_C_mean,anom_persistence,0.9888104200363159
407,post_monsoon,3,t2m_C_mean,anom_persistence,0.7730843424797058
408,post_monsoon,3,t2m_C_mean,anom_persistence,0.9385416507720947
409,post_monsoon,3,t2m_C_mean,anom_persistence,1.012197494506836
500,post_monsoon,3,t2m_C_mean,anom_persistence,1.3091325759887695
501,post_monsoon,3,t2m_C_mean,anom_persistence,1.6739747524261475
502,post_monsoon,3,t2m_C_mean,anom_persistence,1.7249417304992676
503,post_monsoon,3,t2m_C_mean,anom_persistence,1.6887226104736328
504,post_monsoon,3,t2m_C_mean,anom_persistence,1.712976098060608
505,post_monsoon,3,t2m_C_mean,anom_persistence,1.6798179149627686
506,post_monsoon,3,t2m_C_mean,anom_persistence,1.4480401277542114
507,post_monsoon,3,t2m_C_mean,anom_persistence,1.0667595863342285
508,post_monsoon,3,t2m_C_mean,anom_persistence,1.0707231760025024
509,post_monsoon,3,t2m_C_mean,anom_persistence,1.1495466232299805
600,post_monsoon,3,t2m_C_mean,anom_persistence,1.193389654159546
601,post_monsoon,3,t2m_C_mean,anom_persistence,1.4928946495056152
602,post_monsoon,3,t2m_C_mean,anom_persistence,1.834378957748413
603,post_monsoon,3,t2m_C_mean,anom_persistence,1.9706196784973145
604,post_monsoon,3,t2m_C_mean,anom_persistence,1.9911997318267822
605,post_monsoon,3,t2m_C_mean,anom_persistence,1.849284291267395
606,post_monsoon,3,t2m_C_mean,anom_persistence,1.4808049201965332
607,post_monsoon,3,t2m_C_mean,anom_persistence,1.1521049737930298
608,post_monsoon,3,t2m_C_mean,anom_persistence,1.0981146097183228
609,post_monsoon,3,t2m_C_mean,anom_persistence,1.247772455215454
700,post_monsoon,3,t2m_C_mean,anom_persistence,1.107113242149353
701,post_monsoon,3,t2m_C_mean,anom_persistence,1.207063913345337
702,post_monsoon,3,t2m_C_mean,anom_persistence,1.4787861108779907
703,post_monsoon,3,t2m_C_mean,anom_persistence,1.3929928541183472
704,post_monsoon,3,t2m_C_mean,anom_persistence,1.5432395935058594
705,post_monsoon,3,t2m_C_mean,anom_persistence,1.9882807731628418
706,post_monsoon,3,t2m_C_mean,anom_persistence,2.1229772567749023
707,post_monsoon,3,t2m_C_mean,anom_persistence,1.8826541900634766
708,post_monsoon,3,t2m_C_mean,anom_persistence,1.8790946006774902
709,post_monsoon,3,t2m_C_mean,anom_persistence,2.0074830055236816
800,post_monsoon,3,t2m_C_mean,anom_persistence,1.1627521514892578
801,post_monsoon,3,t2m_C_mean,anom_persistence,1.419093132019043
802,post_monsoon,3,t2m_C_mean,anom_persistence,1.422255277633667
803,post_monsoon,3,t2m_C_mean,anom_persistence,1.8714118003845215
804,post_monsoon,3,t2m_C_mean,anom_persistence,1.5571513175964355
805,post_monsoon,3,t2m_C_mean,anom_persistence,1.5848861932754517
806,post_monsoon,3,t2m_C_mean,anom_persistence,1.8340191841125488
807,post_monsoon,3,t2m_C_mean,anom_persistence,2.089160442352295
808,post_monsoon,3,t2m_C_mean,anom_persistence,2.3200671672821045
809,post_monsoon,3,t2m_C_mean,anom_persistence,2.572287082672119
900,post_monsoon,3,t2m_C_mean,anom_persistence,1.7049556970596313
901,post_monsoon,3,t2m_C_mean,anom_persistence,1.4959136247634888
902,post_monsoon,3,t2m_C_mean,anom_persistence,2.221827268600464
903,post_monsoon,3,t2m_C_mean,anom_persistence,1.7788132429122925
904,post_monsoon,3,t2m_C_mean,anom_persistence,1.8415058851242065
905,post_monsoon,3,t2m_C_mean,anom_persistence,1.7525184154510498
906,post_monsoon,3,t2m_C_mean,anom_persistence,1.7413700819015503
907,post_monsoon,3,t2m_C_mean,anom_persistence,1.6753208637237549
908,post_monsoon,3,t2m_C_mean,anom_persistence,1.6130483150482178
909,post_monsoon,3,t2m_C_mean,anom_persistence,1.8415067195892334
1000,post_monsoon,3,t2m_C_mean,anom_persistence,1.887242317199707
1001,post_monsoon,3,t2m_C_mean,anom_persistence,2.096606492996216
1002,post_monsoon,3,t2m_C_mean,anom_persistence,2.119904041290283
1003,post_monsoon,3,t2m_C_mean,anom_persistence,1.9733015298843384
1004,post_monsoon,3,t2m_C_mean,anom_persistence,2.1562845706939697
1005,post_monsoon,3,t2m_C_mean,anom_persistence,1.8064318895339966
1006,post_monsoon,3,t2m_C_mean,anom_persistence,1.7269641160964966
1007,post_monsoon,3,t2m_C_mean,anom_persistence,1.612949013710022
1008,post_monsoon,3,t2m_C_mean,anom_persistence,1.64078950881958
1009,post_monsoon,3,t2m_C_mean,anom_persistence,1.7619389295578003
0,winter,1,wind_speed_mean,climatology,1.1616263389587402
1,winter,1,wind_speed_mean,climatology,0.9202948808670044
2,winter,1,wind_speed_mean,climatology,0.8853707909584045
3,winter,1,wind_speed_mean,climatology,1.174497127532959
4,winter,1,wind_speed_mean,climatology,0.8003497123718262
5,winter,1,wind_speed_mean,climatology,1.177188754081726
6,winter,1,wind_speed_mean,climatology,1.1208207607269287
7,winter,1,wind_speed_mean,climatology,0.9449529647827148
8,winter,1,wind_speed_mean,climatology,0.8940522074699402
9,winter,1,wind_speed_mean,climatology,1.025055170059204
100,winter,1,wind_speed_mean,climatology,1.2151336669921875
101,winter,1,wind_speed_mean,climatology,0.8999437689781189
102,winter,1,wind_speed_mean,climatology,0.4867650270462036
103,winter,1,wind_speed_mean,climatology,0.4708667993545532
104,winter,1,wind_speed_mean,climatology,1.3716505765914917
105,winter,1,wind_speed_mean,climatology,1.3219727277755737
106,winter,1,wind_speed_mean,climatology,1.162824273109436
107,winter,1,wind_speed_mean,climatology,0.9639261960983276
108,winter,1,wind_speed_mean,climatology,0.9190070629119873
109,winter,1,wind_speed_mean,climatology,0.9986410737037659
200,winter,1,wind_speed_mean,climatology,1.1601314544677734
201,winter,1,wind_speed_mean,climatology,1.1052714586257935
202,winter,1,wind_speed_mean,climatology,0.45499366521835327
203,winter,1,wind_speed_mean,climatology,0.3852633237838745
204,winter,1,wind_speed_mean,climatology,1.5439618825912476
205,winter,1,wind_speed_mean,climatology,1.873198390007019
206,winter,1,wind_speed_mean,climatology,1.6452573537826538
207,winter,1,wind_speed_mean,climatology,1.2410534620285034
208,winter,1,wind_speed_mean,climatology,0.9752767086029053
209,winter,1,wind_speed_mean,climatology,1.0861071348190308
300,winter,1,wind_speed_mean,climatology,1.0828266143798828
301,winter,1,wind_speed_mean,climatology,0.9442784190177917
302,winter,1,wind_speed_mean,climatology,0.43336835503578186
303,winter,1,wind_speed_mean,climatology,0.29659366607666016
304,winter,1,wind_speed_mean,climatology,0.5017089247703552
305,winter,1,wind_speed_mean,climatology,1.3507237434387207
306,winter,1,wind_speed_mean,climatology,1.5312187671661377
307,winter,1,wind_speed_mean,climatology,1.3153462409973145
308,winter,1,wind_speed_mean,climatology,1.1963034868240356
309,winter,1,wind_speed_mean,climatology,0.42400163412094116
400,winter,1,wind_speed_mean,climatology,1.2049767971038818
401,winter,1,wind_speed_mean,climatology,0.8739705085754395
402,winter,1,wind_speed_mean,climatology,0.3254512846469879
403,winter,1,wind_speed_mean,climatology,0.3132826089859009
404,winter,1,wind_speed_mean,climatology,0.29716503620147705
405,winter,1,wind_speed_mean,climatology,0.3661381006240845
406,winter,1,wind_speed_mean,climatology,0.9991937279701233
407,winter,1,wind_speed_mean,climatology,1.2234435081481934
408,winter,1,wind_speed_mean,climatology,0.7962167263031006
409,winter,1,wind_speed_mean,climatology,0.38259488344192505
500,winter,1,wind_speed_mean,climatology,0.8345341086387634
501,winter,1,wind_speed_mean,climatology,0.5591410994529724
502,winter,1,wind_speed_mean,climatology,0.4187706708908081
503,winter,1,wind_speed_mean,climatology,0.3863319158554077
504,winter,1,wind_speed_mean,climatology,0.4281825125217438
505,winter,1,wind_speed_mean,climatology,0.4158026874065399
506,winter,1,wind_speed_mean,climatology,0.4152357578277588
507,winter,1,wind_speed_mean,climatology,0.39315924048423767
508,winter,1,wind_speed_mean,climatology,0.27661776542663574
509,winter,1,wind_speed_mean,climatology,0.2876226603984833
600,winter,1,wind_speed_mean,climatology,0.667474627494812
601,winter,1,wind_speed_mean,climatology,0.70533287525177
602,winter,1,wind_speed_mean,climatology,0.46442094445228577
603,winter,1,wind_speed_mean,climatology,0.5385055541992188
604,winter,1,wind_speed_mean,climatology,0.775221586227417
605,winter,1,wind_speed_mean,climatology,0.5883289575576782
606,winter,1,wind_speed_mean,climatology,0.3838755786418915
607,winter,1,wind_speed_mean,climatology,0.2690883278846741
608,winter,1,wind_speed_mean,climatology,0.2813361585140228
609,winter,1,wind_speed_mean,climatology,0.20398038625717163
700,winter,1,wind_speed_mean,climatology,0.5480039119720459
701,winter,1,wind_speed_mean,climatology,0.572322428226471
702,winter,1,wind_speed_mean,climatology,0.5550402402877808
703,winter,1,wind_speed_mean,climatology,0.6418666243553162
704,winter,1,wind_speed_mean,climatology,0.3853004574775696
705,winter,1,wind_speed_mean,climatology,0.6352777481079102
706,winter,1,wind_speed_mean,climatology,0.5997809171676636
707,winter,1,wind_speed_mean,climatology,0.6171773076057434
708,winter,1,wind_speed_mean,climatology,0.29995110630989075
709,winter,1,wind_speed_mean,climatology,0.23090772330760956
800,winter,1,wind_speed_mean,climatology,0.5862306952476501
801,winter,1,wind_speed_mean,climatology,0.4178314805030823
802,winter,1,wind_speed_mean,climatology,0.33985933661460876
803,winter,1,wind_speed_mean,climatology,0.2543273866176605
804,winter,1,wind_speed_mean,climatology,0.7255933880805969
805,winter,1,wind_speed_mean,climatology,1.08125638961792
806,winter,1,wind_speed_mean,climatology,1.299085259437561
807,winter,1,wind_speed_mean,climatology,1.3626322746276855
808,winter,1,wind_speed_mean,climatology,0.8886672258377075
809,winter,1,wind_speed_mean,climatology,0.5123502016067505
900,winter,1,wind_speed_mean,climatology,0.3758448660373688
901,winter,1,wind_speed_mean,climatology,0.2620733976364136
902,winter,1,wind_speed_mean,climatology,0.21241608262062073
903,winter,1,wind_speed_mean,climatology,0.37527066469192505
904,winter,1,wind_speed_mean,climatology,0.6796953678131104
905,winter,1,wind_speed_mean,climatology,1.5289644002914429
906,winter,1,wind_speed_mean,climatology,1.5980294942855835
907,winter,1,wind_speed_mean,climatology,1.2664320468902588
908,winter,1,wind_speed_mean,climatology,0.8716562390327454
909,winter,1,wind_speed_mean,climatology,0.8246577382087708
1000,winter,1,wind_speed_mean,climatology,0.5070744156837463
1001,winter,1,wind_speed_mean,climatology,0.17285394668579102
1002,winter,1,wind_speed_mean,climatology,0.2423200160264969
1003,winter,1,wind_speed_mean,climatology,0.27333498001098633
1004,winter,1,wind_speed_mean,climatology,0.5723878741264343
1005,winter,1,wind_speed_mean,climatology,0.489111065864563
1006,winter,1,wind_speed_mean,climatology,0.8069577217102051
1007,winter,1,wind_speed_mean,climatology,0.813014566898346
1008,winter,1,wind_speed_mean,climatology,0.8062980771064758
1009,winter,1,wind_speed_mean,climatology,1.0904978513717651
0,pre_monsoon,1,wind_speed_mean,climatology,1.1198441982269287
1,pre_monsoon,1,wind_speed_mean,climatology,0.9508516788482666
2,pre_monsoon,1,wind_speed_mean,climatology,0.8333807587623596
3,pre_monsoon,1,wind_speed_mean,climatology,1.3779610395431519
4,pre_monsoon,1,wind_speed_mean,climatology,1.1265912055969238
5,pre_monsoon,1,wind_speed_mean,climatology,1.6158497333526611
6,pre_monsoon,1,wind_speed_mean,climatology,1.8601046800613403
7,pre_monsoon,1,wind_speed_mean,climatology,1.4572113752365112
8,pre_monsoon,1,wind_speed_mean,climatology,1.1243078708648682
9,pre_monsoon,1,wind_speed_mean,climatology,1.193860650062561
100,pre_monsoon,1,wind_speed_mean,climatology,0.8164057731628418
101,pre_monsoon,1,wind_speed_mean,climatology,0.784096360206604
102,pre_monsoon,1,wind_speed_mean,climatology,0.6143138408660889
103,pre_monsoon,1,wind_speed_mean,climatology,0.4484971761703491
104,pre_monsoon,1,wind_speed_mean,climatology,1.3229637145996094
105,pre_monsoon,1,wind_speed_mean,climatology,1.6714954376220703
106,pre_monsoon,1,wind_speed_mean,climatology,1.987285852432251
107,pre_monsoon,1,wind_speed_mean,climatology,2.0045151710510254
108,pre_monsoon,1,wind_speed_mean,climatology,1.276228904724121
109,pre_monsoon,1,wind_speed_mean,climatology,1.1046944856643677
200,pre_monsoon,1,wind_speed_mean,climatology,1.036117434501648
201,pre_monsoon,1,wind_speed_mean,climatology,0.9603101015090942
202,pre_monsoon,1,wind_speed_mean,climatology,0.6095054149627686
203,pre_monsoon,1,wind_speed_mean,climatology,0.46650660037994385
204,pre_monsoon,1,wind_speed_mean,climatology,1.0759944915771484
205,pre_monsoon,1,wind_speed_mean,climatology,1.2749876976013184
206,pre_monsoon,1,wind_speed_mean,climatology,1.897479772567749
207,pre_monsoon,1,wind_speed_mean,climatology,1.8239282369613647
208,pre_monsoon,1,wind_speed_mean,climatology,1.1863878965377808
209,pre_monsoon,1,wind_speed_mean,climatology,0.9786288142204285
300,pre_monsoon,1,wind_speed_mean,climatology,1.3711313009262085
301,pre_monsoon,1,wind_speed_mean,climatology,0.9696853160858154
302,pre_monsoon,1,wind_speed_mean,climatology,0.6685715913772583
303,pre_monsoon,1,wind_speed_mean,climatology,0.5431225299835205
304,pre_monsoon,1,wind_speed_mean,climatology,0.5393534302711487
305,pre_monsoon,1,wind_speed_mean,climatology,1.3469361066818237
306,pre_monsoon,1,wind_speed_mean,climatology,1.575467586517334
307,pre_monsoon,1,wind_speed_mean,climatology,1.2810463905334473
308,pre_monsoon,1,wind_speed_mean,climatology,0.9435464143753052
309,pre_monsoon,1,wind_speed_mean,climatology,0.4294397532939911
400,pre_monsoon,1,wind_speed_mean,climatology,1.0434324741363525
401,pre_monsoon,1,wind_speed_mean,climatology,0.8390134572982788
402,pre_monsoon,1,wind_speed_mean,climatology,0.5948262810707092
403,pre_monsoon,1,wind_speed_mean,climatology,0.5207072496414185
404,pre_monsoon,1,wind_speed_mean,climatology,0.49315568804740906
405,pre_monsoon,1,wind_speed_mean,climatology,0.6053467988967896
406,pre_monsoon,1,wind_speed_mean,climatology,1.4583897590637207
407,pre_monsoon,1,wind_speed_mean,climatology,1.3865962028503418
408,pre_monsoon,1,wind_speed_mean,climatology,0.6717095375061035
409,pre_monsoon,1,wind_speed_mean,climatology,0.4701455533504486
500,pre_monsoon,1,wind_speed_mean,climatology,1.2283987998962402
501,pre_monsoon,1,wind_speed_mean,climatology,0.8188560009002686
502,pre_monsoon,1,wind_speed_mean,climatology,0.6099430918693542
503,pre_monsoon,1,wind_speed_mean,climatology,0.5029861927032471
504,pre_monsoon,1,wind_speed_mean,climatology,0.4626501500606537
505,pre_monsoon,1,wind_speed_mean,climatology,0.4930455982685089
506,pre_monsoon,1,wind_speed_mean,climatology,0.5797080993652344
507,pre_monsoon,1,wind_speed_mean,climatology,0.669621467590332
508,pre_monsoon,1,wind_speed_mean,climatology,0.34174367785453796
509,pre_monsoon,1,wind_speed_mean,climatology,0.3908657729625702
600,pre_monsoon,1,wind_speed_mean,climatology,1.254317045211792
601,pre_monsoon,1,wind_speed_mean,climatology,1.157852292060852
602,pre_monsoon,1,wind_speed_mean,climatology,0.7732910513877869
603,pre_monsoon,1,wind_speed_mean,climatology,0.5763139724731445
604,pre_monsoon,1,wind_speed_mean,climatology,0.8292762637138367
605,pre_monsoon,1,wind_speed_mean,climatology,0.8222460746765137
606,pre_monsoon,1,wind_speed_mean,climatology,0.5339305400848389
607,pre_monsoon,1,wind_speed_mean,climatology,0.33143991231918335
608,pre_monsoon,1,wind_speed_mean,climatology,0.3040658235549927
609,pre_monsoon,1,wind_speed_mean,climatology,0.2165956199169159
700,pre_monsoon,1,wind_speed_mean,climatology,0.7992163300514221
701,pre_monsoon,1,wind_speed_mean,climatology,0.800216555595398
702,pre_monsoon,1,wind_speed_mean,climatology,0.7087748050689697
703,pre_monsoon,1,wind_speed_mean,climatology,0.5596433281898499
704,pre_monsoon,1,wind_speed_mean,climatology,0.32116878032684326
705,pre_monsoon,1,wind_speed_mean,climatology,0.49480950832366943
706,pre_monsoon,1,wind_speed_mean,climatology,0.6298755407333374
707,pre_monsoon,1,wind_speed_mean,climatology,0.5500485897064209
708,pre_monsoon,1,wind_speed_mean,climatology,0.2232280820608139
709,pre_monsoon,1,wind_speed_mean,climatology,0.1821918487548828
800,pre_monsoon,1,wind_speed_mean,climatology,0.793032169342041
801,pre_monsoon,1,wind_speed_mean,climatology,0.5823035836219788
802,pre_monsoon,1,wind_speed_mean,climatology,0.47683775424957275
803,pre_monsoon,1,wind_speed_mean,climatology,0.24583850800991058
804,pre_monsoon,1,wind_speed_mean,climatology,0.765911877155304
805,pre_monsoon,1,wind_speed_mean,climatology,1.134381651878357
806,pre_monsoon,1,wind_speed_mean,climatology,1.1083033084869385
807,pre_monsoon,1,wind_speed_mean,climatology,1.0135157108306885
808,pre_monsoon,1,wind_speed_mean,climatology,0.7019254565238953
809,pre_monsoon,1,wind_speed_mean,climatology,0.4595451354980469
900,pre_monsoon,1,wind_speed_mean,climatology,0.3295581042766571
901,pre_monsoon,1,wind_speed_mean,climatology,0.2391441911458969
902,pre_monsoon,1,wind_speed_mean,climatology,0.18090954422950745
903,pre_monsoon,1,wind_speed_mean,climatology,0.3737093508243561
904,pre_monsoon,1,wind_speed_mean,climatology,0.7049539089202881
905,pre_monsoon,1,wind_speed_mean,climatology,1.036055088043213
906,pre_monsoon,1,wind_speed_mean,climatology,0.9922261834144592
907,pre_monsoon,1,wind_speed_mean,climatology,0.8713584542274475
908,pre_monsoon,1,wind_speed_mean,climatology,0.7670977115631104
909,pre_monsoon,1,wind_speed_mean,climatology,0.8454529047012329
1000,pre_monsoon,1,wind_speed_mean,climatology,0.5812749862670898
1001,pre_monsoon,1,wind_speed_mean,climatology,0.16437388956546783
1002,pre_monsoon,1,wind_speed_mean,climatology,0.2828972041606903
1003,pre_monsoon,1,wind_speed_mean,climatology,0.43353918194770813
1004,pre_monsoon,1,wind_speed_mean,climatology,0.8158833384513855
1005,pre_monsoon,1,wind_speed_mean,climatology,0.5669019222259521
1006,pre_monsoon,1,wind_speed_mean,climatology,0.8002212643623352
1007,pre_monsoon,1,wind_speed_mean,climatology,0.8779416084289551
1008,pre_monsoon,1,wind_speed_mean,climatology,1.0146270990371704
1009,pre_monsoon,1,wind_speed_mean,climatology,1.2721540927886963
0,monsoon,1,wind_speed_mean,climatology,1.0169665813446045
1,monsoon,1,wind_speed_mean,climatology,0.9236417412757874
2,monsoon,1,wind_speed_mean,climatology,0.8274562954902649
3,monsoon,1,wind_speed_mean,climatology,1.0054218769073486
4,monsoon,1,wind_speed_mean,climatology,1.1481242179870605
5,monsoon,1,wind_speed_mean,climatology,1.7491579055786133
6,monsoon,1,wind_speed_mean,climatology,1.7577624320983887
7,monsoon,1,wind_speed_mean,climatology,1.6116470098495483
8,monsoon,1,wind_speed_mean,climatology,1.4325175285339355
9,monsoon,1,wind_speed_mean,climatology,1.4965046644210815
100,monsoon,1,wind_speed_mean,climatology,1.3738648891448975
101,monsoon,1,wind_speed_mean,climatology,1.3592889308929443
102,monsoon,1,wind_speed_mean,climatology,0.8586817979812622
103,monsoon,1,wind_speed_mean,climatology,0.7997520565986633
104,monsoon,1,wind_speed_mean,climatology,1.5325342416763306
105,monsoon,1,wind_speed_mean,climatology,1.9770082235336304
106,monsoon,1,wind_speed_mean,climatology,2.3009753227233887
107,monsoon,1,wind_speed_mean,climatology,2.124514579772949
108,monsoon,1,wind_speed_mean,climatology,1.862905740737915
109,monsoon,1,wind_speed_mean,climatology,1.5609359741210938
200,monsoon,1,wind_speed_mean,climatology,2.392040967941284
201,monsoon,1,wind_speed_mean,climatology,2.2928500175476074
202,monsoon,1,wind_speed_mean,climatology,1.2858915328979492
203,monsoon,1,wind_speed_mean,climatology,1.278580665588379
204,monsoon,1,wind_speed_mean,climatology,1.7482491731643677
205,monsoon,1,wind_speed_mean,climatology,2.5695371627807617
206,monsoon,1,wind_speed_mean,climatology,2.7458109855651855
207,monsoon,1,wind_speed_mean,climatology,2.434884548187256
208,monsoon,1,wind_speed_mean,climatology,1.928600549697876
209,monsoon,1,wind_speed_mean,climatology,1.4379884004592896
300,monsoon,1,wind_speed_mean,climatology,3.0573558807373047
301,monsoon,1,wind_speed_mean,climatology,2.4454197883605957
302,monsoon,1,wind_speed_mean,climatology,1.5162280797958374
303,monsoon,1,wind_speed_mean,climatology,1.3598061800003052
304,monsoon,1,wind_speed_mean,climatology,1.1506730318069458
305,monsoon,1,wind_speed_mean,climatology,2.1404926776885986
306,monsoon,1,wind_speed_mean,climatology,2.6281650066375732
307,monsoon,1,wind_speed_mean,climatology,2.5469770431518555
308,monsoon,1,wind_speed_mean,climatology,1.7658435106277466
309,monsoon,1,wind_speed_mean,climatology,0.6153525710105896
400,monsoon,1,wind_speed_mean,climatology,2.2757272720336914
401,monsoon,1,wind_speed_mean,climatology,1.7601908445358276
402,monsoon,1,wind_speed_mean,climatology,1.1250019073486328
403,monsoon,1,wind_speed_mean,climatology,0.9384610056877136
404,monsoon,1,wind_speed_mean,climatology,0.7623259425163269
405,monsoon,1,wind_speed_mean,climatology,0.8135911226272583
406,monsoon,1,wind_speed_mean,climatology,1.7211477756500244
407,monsoon,1,wind_speed_mean,climatology,2.495394229888916
408,monsoon,1,wind_speed_mean,climatology,1.122847080230713
409,monsoon,1,wind_speed_mean,climatology,0.599249005317688
500,monsoon,1,wind_speed_mean,climatology,1.5632891654968262
501,monsoon,1,wind_speed_mean,climatology,1.0194116830825806
502,monsoon,1,wind_speed_mean,climatology,0.8565306663513184
503,monsoon,1,wind_speed_mean,climatology,0.7678704261779785
504,monsoon,1,wind_speed_mean,climatology,0.7067748308181763
505,monsoon,1,wind_speed_mean,climatology,1.0001229047775269
506,monsoon,1,wind_speed_mean,climatology,0.922841489315033
507,monsoon,1,wind_speed_mean,climatology,0.9336993098258972
508,monsoon,1,wind_speed_mean,climatology,0.37968266010284424
509,monsoon,1,wind_speed_mean,climatology,0.561385989189148
600,monsoon,1,wind_speed_mean,climatology,1.5351855754852295
601,monsoon,1,wind_speed_mean,climatology,1.2880202531814575
602,monsoon,1,wind_speed_mean,climatology,0.7209441661834717
603,monsoon,1,wind_speed_mean,climatology,0.6832748651504517
604,monsoon,1,wind_speed_mean,climatology,1.000486135482788
605,monsoon,1,wind_speed_mean,climatology,1.0741143226623535
606,monsoon,1,wind_speed_mean,climatology,0.7519434094429016
607,monsoon,1,wind_speed_mean,climatology,0.3844958543777466
608,monsoon,1,wind_speed_mean,climatology,0.2840116322040558
609,monsoon,1,wind_speed_mean,climatology,0.21118946373462677
700,monsoon,1,wind_speed_mean,climatology,0.6510025262832642
701,monsoon,1,wind_speed_mean,climatology,0.8341277241706848
702,monsoon,1,wind_speed_mean,climatology,0.6900482773780823
703,monsoon,1,wind_speed_mean,climatology,0.5486167669296265
704,monsoon,1,wind_speed_mean,climatology,0.28271955251693726
705,monsoon,1,wind_speed_mean,climatology,0.3786032795906067
706,monsoon,1,wind_speed_mean,climatology,0.4663390517234802
707,monsoon,1,wind_speed_mean,climatology,0.47337234020233154
708,monsoon,1,wind_speed_mean,climatology,0.27425211668014526
709,monsoon,1,wind_speed_mean,climatology,0.21249844133853912
800,monsoon,1,wind_speed_mean,climatology,0.4286446273326874
801,monsoon,1,wind_speed_mean,climatology,0.52099609375
802,monsoon,1,wind_speed_mean,climatology,0.33574703335762024
803,monsoon,1,wind_speed_mean,climatology,0.2492879033088684
804,monsoon,1,wind_speed_mean,climatology,0.5195695161819458
805,monsoon,1,wind_speed_mean,climatology,0.6149783134460449
806,monsoon,1,wind_speed_mean,climatology,0.6230738162994385
807,monsoon,1,wind_speed_mean,climatology,0.6293125152587891
808,monsoon,1,wind_speed_mean,climatology,0.49612003564834595
809,monsoon,1,wind_speed_mean,climatology,0.3870724141597748
900,monsoon,1,wind_speed_mean,climatology,0.22739195823669434
901,monsoon,1,wind_speed_mean,climatology,0.16736723482608795
902,monsoon,1,wind_speed_mean,climatology,0.15920843183994293
903,monsoon,1,wind_speed_mean,climatology,0.2871798574924469
904,monsoon,1,wind_speed_mean,climatology,0.4214647114276886
905,monsoon,1,wind_speed_mean,climatology,0.6408298015594482
906,monsoon,1,wind_speed_mean,climatology,0.7224631905555725
907,monsoon,1,wind_speed_mean,climatology,0.5882635116577148
908,monsoon,1,wind_speed_mean,climatology,0.5193514227867126
909,monsoon,1,wind_speed_mean,climatology,0.646835207939148
1000,monsoon,1,wind_speed_mean,climatology,0.44636139273643494
1001,monsoon,1,wind_speed_mean,climatology,0.14527498185634613
1002,monsoon,1,wind_speed_mean,climatology,0.1982889324426651
1003,monsoon,1,wind_speed_mean,climatology,0.308109313249588
1004,monsoon,1,wind_speed_mean,climatology,0.7190101146697998
1005,monsoon,1,wind_speed_mean,climatology,0.49397847056388855
1006,monsoon,1,wind_speed_mean,climatology,0.510124683380127
1007,monsoon,1,wind_speed_mean,climatology,0.5881606936454773
1008,monsoon,1,wind_speed_mean,climatology,0.9115634560585022
1009,monsoon,1,wind_speed_mean,climatology,1.1283063888549805
0,post_monsoon,1,wind_speed_mean,climatology,2.9337947368621826
1,post_monsoon,1,wind_speed_mean,climatology,2.701361894607544
2,post_monsoon,1,wind_speed_mean,climatology,1.8676319122314453
3,post_monsoon,1,wind_speed_mean,climatology,1.4102345705032349
4,post_monsoon,1,wind_speed_mean,climatology,1.3600183725357056
5,post_monsoon,1,wind_speed_mean,climatology,2.2779884338378906
6,post_monsoon,1,wind_speed_mean,climatology,2.617490530014038
7,post_monsoon,1,wind_speed_mean,climatology,2.4144692420959473
8,post_monsoon,1,wind_speed_mean,climatology,1.851279616355896
9,post_monsoon,1,wind_speed_mean,climatology,1.7945441007614136
100,post_monsoon,1,wind_speed_mean,climatology,2.653172016143799
101,post_monsoon,1,wind_speed_mean,climatology,2.5916624069213867
102,post_monsoon,1,wind_speed_mean,climatology,1.1203460693359375
103,post_monsoon,1,wind_speed_mean,climatology,0.6434155106544495
104,post_monsoon,1,wind_speed_mean,climatology,1.4916038513183594
105,post_monsoon,1,wind_speed_mean,climatology,1.8462371826171875
106,post_monsoon,1,wind_speed_mean,climatology,1.7803603410720825
107,post_monsoon,1,wind_speed_mean,climatology,1.653200626373291
108,post_monsoon,1,wind_speed_mean,climatology,1.59299898147583
109,post_monsoon,1,wind_speed_mean,climatology,1.680326223373413
200,post_monsoon,1,wind_speed_mean,climatology,2.641282796859741
201,post_monsoon,1,wind_speed_mean,climatology,2.602555990219116
202,post_monsoon,1,wind_speed_mean,climatology,0.8095331788063049
203,post_monsoon,1,wind_speed_mean,climatology,0.5999813079833984
204,post_monsoon,1,wind_speed_mean,climatology,1.7327587604522705
205,post_monsoon,1,wind_speed_mean,climatology,2.113713264465332
206,post_monsoon,1,wind_speed_mean,climatology,1.9216872453689575
207,post_monsoon,1,wind_speed_mean,climatology,1.6769776344299316
208,post_monsoon,1,wind_speed_mean,climatology,1.569359302520752
209,post_monsoon,1,wind_speed_mean,climatology,1.5613133907318115
300,post_monsoon,1,wind_speed_mean,climatology,1.7524749040603638
301,post_monsoon,1,wind_speed_mean,climatology,2.1596479415893555
302,post_monsoon,1,wind_speed_mean,climatology,0.4518854320049286
303,post_monsoon,1,wind_speed_mean,climatology,0.5441874861717224
304,post_monsoon,1,wind_speed_mean,climatology,0.8332383632659912
305,post_monsoon,1,wind_speed_mean,climatology,1.8281770944595337
306,post_monsoon,1,wind_speed_mean,climatology,2.105435609817505
307,post_monsoon,1,wind_speed_mean,climatology,1.8855955600738525
308,post_monsoon,1,wind_speed_mean,climatology,1.165938377380371
309,post_monsoon,1,wind_speed_mean,climatology,0.66097092628479
400,post_monsoon,1,wind_speed_mean,climatology,1.793346881866455
401,post_monsoon,1,wind_speed_mean,climatology,1.0494797229766846
402,post_monsoon,1,wind_speed_mean,climatology,0.3809867203235626
403,post_monsoon,1,wind_speed_mean,climatology,0.4446439743041992
404,post_monsoon,1,wind_speed_mean,climatology,0.6645650267601013
405,post_monsoon,1,wind_speed_mean,climatology,0.7728440761566162
406,post_monsoon,1,wind_speed_mean,climatology,1.6744270324707031
407,post_monsoon,1,wind_speed_mean,climatology,1.992389440536499
408,post_monsoon,1,wind_speed_mean,climatology,0.6864178776741028
409,post_monsoon,1,wind_speed_mean,climatology,0.43302077054977417
500,post_monsoon,1,wind_speed_mean,climatology,1.3868986368179321
501,post_monsoon,1,wind_speed_mean,climatology,0.7696877717971802
502,post_monsoon,1,wind_speed_mean,climatology,0.6059874892234802
503,post_monsoon,1,wind_speed_mean,climatology,0.5255134105682373
504,post_monsoon,1,wind_speed_mean,climatology,0.6226577162742615
505,post_monsoon,1,wind_speed_mean,climatology,0.7725070118904114
506,post_monsoon,1,wind_speed_mean,climatology,0.6295949220657349
507,post_monsoon,1,wind_speed_mean,climatology,0.6809461116790771
508,post_monsoon,1,wind_speed_mean,climatology,0.2173512727022171
509,post_monsoon,1,wind_speed_mean,climatology,0.33757662773132324
600,post_monsoon,1,wind_speed_mean,climatology,0.9596934914588928
601,post_monsoon,1,wind_speed_mean,climatology,0.9909695386886597
602,post_monsoon,1,wind_speed_mean,climatology,0.5852234363555908
603,post_monsoon,1,wind_speed_mean,climatology,0.5435793399810791
604,post_monsoon,1,wind_speed_mean,climatology,0.7219579219818115
605,post_monsoon,1,wind_speed_mean,climatology,0.69577556848526
606,post_monsoon,1,wind_speed_mean,climatology,0.5154304504394531
607,post_monsoon,1,wind_speed_mean,climatology,0.31872230768203735
608,post_monsoon,1,wind_speed_mean,climatology,0.19817116856575012
609,post_monsoon,1,wind_speed_mean,climatology,0.15970376133918762
700,post_monsoon,1,wind_speed_mean,climatology,0.34976205229759216
701,post_monsoon,1,wind_speed_mean,climatology,0.4363286793231964
702,post_monsoon,1,wind_speed_mean,climatology,0.3907719850540161
703,post_monsoon,1,wind_speed_mean,climatology,0.34516870975494385
704,post_monsoon,1,wind_speed_mean,climatology,0.21885806322097778
705,post_monsoon,1,wind_speed_mean,climatology,0.3672851324081421
706,post_monsoon,1,wind_speed_mean,climatology,0.47612059116363525
707,post_monsoon,1,wind_speed_mean,climatology,0.485666960477829
708,post_monsoon,1,wind_speed_mean,climatology,0.3020501136779785
709,post_monsoon,1,wind_speed_mean,climatology,0.2366599142551422
800,post_monsoon,1,wind_speed_mean,climatology,0.3542523980140686
801,post_monsoon,1,wind_speed_mean,climatology,0.2932068109512329
802,post_monsoon,1,wind_speed_mean,climatology,0.22612479329109192
803,post_monsoon,1,wind_speed_mean,climatology,0.229452446103096
804,post_monsoon,1,wind_speed_mean,climatology,0.5723332762718201
805,post_monsoon,1,wind_speed_mean,climatology,0.7644979953765869
806,post_monsoon,1,wind_speed_mean,climatology,0.7924127578735352
807,post_monsoon,1,wind_speed_mean,climatology,0.7788717746734619
808,post_monsoon,1,wind_speed_mean,climatology,0.6089083552360535
809,post_monsoon,1,wind_speed_mean,climatology,0.4760829210281372
900,post_monsoon,1,wind_speed_mean,climatology,0.21108084917068481
901,post_monsoon,1,wind_speed_mean,climatology,0.15235331654548645
902,post_monsoon,1,wind_speed_mean,climatology,0.16012632846832275
903,post_monsoon,1,wind_speed_mean,climatology,0.383444607257843
904,post_monsoon,1,wind_speed_mean,climatology,0.5741424560546875
905,post_monsoon,1,wind_speed_mean,climatology,0.9952767491340637
906,post_monsoon,1,wind_speed_mean,climatology,1.0763980150222778
907,post_monsoon,1,wind_speed_mean,climatology,0.9089540839195251
908,post_monsoon,1,wind_speed_mean,climatology,0.6133670210838318
909,post_monsoon,1,wind_speed_mean,climatology,0.6398500800132751
1000,post_monsoon,1,wind_speed_mean,climatology,0.2968774139881134
1001,post_monsoon,1,wind_speed_mean,climatology,0.14277245104312897
1002,post_monsoon,1,wind_speed_mean,climatology,0.2400037795305252
1003,post_monsoon,1,wind_speed_mean,climatology,0.2426823228597641
1004,post_monsoon,1,wind_speed_mean,climatology,0.4156716763973236
1005,post_monsoon,1,wind_speed_mean,climatology,0.3808645009994507
1006,post_monsoon,1,wind_speed_mean,climatology,0.6872046589851379
1007,post_monsoon,1,wind_speed_mean,climatology,0.6119459271430969
1008,post_monsoon,1,wind_speed_mean,climatology,0.6345973610877991
1009,post_monsoon,1,wind_speed_mean,climatology,1.0702576637268066
0,winter,1,wind_speed_mean,persistence,0.9485141038894653
1,winter,1,wind_speed_mean,persistence,0.9374819993972778
2,winter,1,wind_speed_mean,persistence,0.8053528666496277
3,winter,1,wind_speed_mean,persistence,0.6746212840080261
4,winter,1,wind_speed_mean,persistence,0.6760181188583374
5,winter,1,wind_speed_mean,persistence,0.9576050639152527
6,winter,1,wind_speed_mean,persistence,0.9462878704071045
7,winter,1,wind_speed_mean,persistence,0.8590466976165771
8,winter,1,wind_speed_mean,persistence,0.7817046642303467
9,winter,1,wind_speed_mean,persistence,0.9437416195869446
100,winter,1,wind_speed_mean,persistence,1.0345007181167603
101,winter,1,wind_speed_mean,persistence,0.8424450755119324
102,winter,1,wind_speed_mean,persistence,0.5090752840042114
103,winter,1,wind_speed_mean,persistence,0.3168952763080597
104,winter,1,wind_speed_mean,persistence,0.9305324554443359
105,winter,1,wind_speed_mean,persistence,1.0469846725463867
106,winter,1,wind_speed_mean,persistence,0.9456352591514587
107,winter,1,wind_speed_mean,persistence,0.8797053694725037
108,winter,1,wind_speed_mean,persistence,0.729576587677002
109,winter,1,wind_speed_mean,persistence,0.8012454509735107
200,winter,1,wind_speed_mean,persistence,0.9764694571495056
201,winter,1,wind_speed_mean,persistence,1.0801137685775757
202,winter,1,wind_speed_mean,persistence,0.3744904100894928
203,winter,1,wind_speed_mean,persistence,0.29448261857032776
204,winter,1,wind_speed_mean,persistence,0.6314728856086731
205,winter,1,wind_speed_mean,persistence,0.8221752643585205
206,winter,1,wind_speed_mean,persistence,0.989210844039917
207,winter,1,wind_speed_mean,persistence,0.9973543882369995
208,winter,1,wind_speed_mean,persistence,0.749168336391449
209,winter,1,wind_speed_mean,persistence,0.7618311643600464
300,winter,1,wind_speed_mean,persistence,1.1260969638824463
301,winter,1,wind_speed_mean,persistence,1.0137414932250977
302,winter,1,wind_speed_mean,persistence,0.3714393675327301
303,winter,1,wind_speed_mean,persistence,0.2877330780029297
304,winter,1,wind_speed_mean,persistence,0.3390297293663025
305,winter,1,wind_speed_mean,persistence,0.8588340878486633
306,winter,1,wind_speed_mean,persistence,1.0060572624206543
307,winter,1,wind_speed_mean,persistence,0.987517237663269
308,winter,1,wind_speed_mean,persistence,0.6726213097572327
309,winter,1,wind_speed_mean,persistence,0.3869571387767792
400,winter,1,wind_speed_mean,persistence,1.1694930791854858
401,winter,1,wind_speed_mean,persistence,0.9494450092315674
402,winter,1,wind_speed_mean,persistence,0.37506985664367676
403,winter,1,wind_speed_mean,persistence,0.3704378008842468
404,winter,1,wind_speed_mean,persistence,0.34416791796684265
405,winter,1,wind_speed_mean,persistence,0.36509332060813904
406,winter,1,wind_speed_mean,persistence,0.9905620217323303
407,winter,1,wind_speed_mean,persistence,1.0812793970108032
408,winter,1,wind_speed_mean,persistence,0.4719781279563904
409,winter,1,wind_speed_mean,persistence,0.40638864040374756
500,winter,1,wind_speed_mean,persistence,0.8791404962539673
501,winter,1,wind_speed_mean,persistence,0.5687134265899658
502,winter,1,wind_speed_mean,persistence,0.4390769898891449
503,winter,1,wind_speed_mean,persistence,0.43412619829177856
504,winter,1,wind_speed_mean,persistence,0.4639424681663513
505,winter,1,wind_speed_mean,persistence,0.4238887131214142
506,winter,1,wind_speed_mean,persistence,0.43293824791908264
507,winter,1,wind_speed_mean,persistence,0.4392375648021698
508,winter,1,wind_speed_mean,persistence,0.25676819682121277
509,winter,1,wind_speed_mean,persistence,0.3006213903427124
600,winter,1,wind_speed_mean,persistence,0.7190728187561035
601,winter,1,wind_speed_mean,persistence,0.7441948652267456
602,winter,1,wind_speed_mean,persistence,0.5314722061157227
603,winter,1,wind_speed_mean,persistence,0.529231607913971
604,winter,1,wind_speed_mean,persistence,0.689217746257782
605,winter,1,wind_speed_mean,persistence,0.5484097599983215
606,winter,1,wind_speed_mean,persistence,0.3611511290073395
607,winter,1,wind_speed_mean,persistence,0.26778367161750793
608,winter,1,wind_speed_mean,persistence,0.2489640712738037
609,winter,1,wind_speed_mean,persistence,0.1934901624917984
700,winter,1,wind_speed_mean,persistence,0.5228617191314697
701,winter,1,wind_speed_mean,persistence,0.5965481400489807
702,winter,1,wind_speed_mean,persistence,0.6230227947235107
703,winter,1,wind_speed_mean,persistence,0.5891200304031372
704,winter,1,wind_speed_mean,persistence,0.3427414298057556
705,winter,1,wind_speed_mean,persistence,0.5359098315238953
706,winter,1,wind_speed_mean,persistence,0.5468010902404785
707,winter,1,wind_speed_mean,persistence,0.5405899286270142
708,winter,1,wind_speed_mean,persistence,0.2753645181655884
709,winter,1,wind_speed_mean,persistence,0.20673568546772003
800,winter,1,wind_speed_mean,persistence,0.4747928977012634
801,winter,1,wind_speed_mean,persistence,0.4221303462982178
802,winter,1,wind_speed_mean,persistence,0.36625540256500244
803,winter,1,wind_speed_mean,persistence,0.23367847502231598
804,winter,1,wind_speed_mean,persistence,0.6136063933372498
805,winter,1,wind_speed_mean,persistence,0.9316003322601318
806,winter,1,wind_speed_mean,persistence,1.0792540311813354
807,winter,1,wind_speed_mean,persistence,1.141283392906189
808,winter,1,wind_speed_mean,persistence,0.7900669574737549
809,winter,1,wind_speed_mean,persistence,0.5249186158180237
900,winter,1,wind_speed_mean,persistence,0.3120173215866089
901,winter,1,wind_speed_mean,persistence,0.21953657269477844
902,winter,1,wind_speed_mean,persistence,0.17006532847881317
903,winter,1,wind_speed_mean,persistence,0.3230774998664856
904,winter,1,wind_speed_mean,persistence,0.565022885799408
905,winter,1,wind_speed_mean,persistence,1.2036453485488892
906,winter,1,wind_speed_mean,persistence,1.3563302755355835
907,winter,1,wind_speed_mean,persistence,1.062459111213684
908,winter,1,wind_speed_mean,persistence,0.837254524230957
909,winter,1,wind_speed_mean,persistence,0.8845933079719543
1000,winter,1,wind_speed_mean,persistence,0.5376813411712646
1001,winter,1,wind_speed_mean,persistence,0.1515461653470993
1002,winter,1,wind_speed_mean,persistence,0.21152184903621674
1003,winter,1,wind_speed_mean,persistence,0.22853966057300568
1004,winter,1,wind_speed_mean,persistence,0.6374157667160034
1005,winter,1,wind_speed_mean,persistence,0.503611147403717
1006,winter,1,wind_speed_mean,persistence,0.9479849338531494
1007,winter,1,wind_speed_mean,persistence,0.8613728880882263
1008,winter,1,wind_speed_mean,persistence,1.0129355192184448
1009,winter,1,wind_speed_mean,persistence,1.3165149688720703
0,pre_monsoon,1,wind_speed_mean,persistence,0.9741585850715637
1,pre_monsoon,1,wind_speed_mean,persistence,0.8523762226104736
2,pre_monsoon,1,wind_speed_mean,persistence,0.7642779350280762
3,pre_monsoon,1,wind_speed_mean,persistence,1.1038525104522705
4,pre_monsoon,1,wind_speed_mean,persistence,0.878174901008606
5,pre_monsoon,1,wind_speed_mean,persistence,1.2870796918869019
6,pre_monsoon,1,wind_speed_mean,persistence,1.1679627895355225
7,pre_monsoon,1,wind_speed_mean,persistence,1.066331386566162
8,pre_monsoon,1,wind_speed_mean,persistence,1.127329707145691
9,pre_monsoon,1,wind_speed_mean,persistence,1.209159016609192
100,pre_monsoon,1,wind_speed_mean,persistence,0.7818487286567688
101,pre_monsoon,1,wind_speed_mean,persistence,0.7990506887435913
102,pre_monsoon,1,wind_speed_mean,persistence,0.655201256275177
103,pre_monsoon,1,wind_speed_mean,persistence,0.4330950379371643
104,pre_monsoon,1,wind_speed_mean,persistence,1.1058813333511353
105,pre_monsoon,1,wind_speed_mean,persistence,1.213516354560852
106,pre_monsoon,1,wind_speed_mean,persistence,1.1079225540161133
107,pre_monsoon,1,wind_speed_mean,persistence,0.9776972532272339
108,pre_monsoon,1,wind_speed_mean,persistence,0.9797145128250122
109,pre_monsoon,1,wind_speed_mean,persistence,1.0997071266174316
200,pre_monsoon,1,wind_speed_mean,persistence,0.8110073804855347
201,pre_monsoon,1,wind_speed_mean,persistence,0.9038529992103577
202,pre_monsoon,1,wind_speed_mean,persistence,0.6068543195724487
203,pre_monsoon,1,wind_speed_mean,persistence,0.46827471256256104
204,pre_monsoon,1,wind_speed_mean,persistence,0.8949092030525208
205,pre_monsoon,1,wind_speed_mean,persistence,1.1858991384506226
206,pre_monsoon,1,wind_speed_mean,persistence,1.185248613357544
207,pre_monsoon,1,wind_speed_mean,persistence,1.0280786752700806
208,pre_monsoon,1,wind_speed_mean,persistence,0.7965990304946899
209,pre_monsoon,1,wind_speed_mean,persistence,0.783625066280365
300,pre_monsoon,1,wind_speed_mean,persistence,0.9009575247764587
301,pre_monsoon,1,wind_speed_mean,persistence,0.7801132202148438
302,pre_monsoon,1,wind_speed_mean,persistence,0.628104031085968
303,pre_monsoon,1,wind_speed_mean,persistence,0.49064525961875916
304,pre_monsoon,1,wind_speed_mean,persistence,0.501646876335144
305,pre_monsoon,1,wind_speed_mean,persistence,0.9394490122795105
306,pre_monsoon,1,wind_speed_mean,persistence,1.0538674592971802
307,pre_monsoon,1,wind_speed_mean,persistence,0.9596973061561584
308,pre_monsoon,1,wind_speed_mean,persistence,0.6801842451095581
309,pre_monsoon,1,wind_speed_mean,persistence,0.3424625098705292
400,pre_monsoon,1,wind_speed_mean,persistence,0.7455294728279114
401,pre_monsoon,1,wind_speed_mean,persistence,0.6733591556549072
402,pre_monsoon,1,wind_speed_mean,persistence,0.4542958438396454
403,pre_monsoon,1,wind_speed_mean,persistence,0.47765079140663147
404,pre_monsoon,1,wind_speed_mean,persistence,0.4548284709453583
405,pre_monsoon,1,wind_speed_mean,persistence,0.4493827819824219
406,pre_monsoon,1,wind_speed_mean,persistence,0.9314667582511902
407,pre_monsoon,1,wind_speed_mean,persistence,0.8849110007286072
408,pre_monsoon,1,wind_speed_mean,persistence,0.4837941527366638
409,pre_monsoon,1,wind_speed_mean,persistence,0.4166669249534607
500,pre_monsoon,1,wind_speed_mean,persistence,0.7830479145050049
501,pre_monsoon,1,wind_speed_mean,persistence,0.5937867760658264
502,pre_monsoon,1,wind_speed_mean,persistence,0.5292403697967529
503,pre_monsoon,1,wind_speed_mean,persistence,0.5343279838562012
504,pre_monsoon,1,wind_speed_mean,persistence,0.48615920543670654
505,pre_monsoon,1,wind_speed_mean,persistence,0.5157071352005005
506,pre_monsoon,1,wind_speed_mean,persistence,0.4879569411277771
507,pre_monsoon,1,wind_speed_mean,persistence,0.5542054176330566
508,pre_monsoon,1,wind_speed_mean,persistence,0.3178902268409729
509,pre_monsoon,1,wind_speed_mean,persistence,0.36729833483695984
600,pre_monsoon,1,wind_speed_mean,persistence,1.027866005897522
601,pre_monsoon,1,wind_speed_mean,persistence,0.8828040361404419
602,pre_monsoon,1,wind_speed_mean,persistence,0.6393375396728516
603,pre_monsoon,1,wind_speed_mean,persistence,0.641720712184906
604,pre_monsoon,1,wind_speed_mean,persistence,0.8073320984840393
605,pre_monsoon,1,wind_speed_mean,persistence,0.6521910429000854
606,pre_monsoon,1,wind_speed_mean,persistence,0.46977198123931885
607,pre_monsoon,1,wind_speed_mean,persistence,0.37224268913269043
608,pre_monsoon,1,wind_speed_mean,persistence,0.32477447390556335
609,pre_monsoon,1,wind_speed_mean,persistence,0.2314700186252594
700,pre_monsoon,1,wind_speed_mean,persistence,0.8065971732139587
701,pre_monsoon,1,wind_speed_mean,persistence,0.8481358885765076
702,pre_monsoon,1,wind_speed_mean,persistence,0.7391813397407532
703,pre_monsoon,1,wind_speed_mean,persistence,0.6212090849876404
704,pre_monsoon,1,wind_speed_mean,persistence,0.3442806005477905
705,pre_monsoon,1,wind_speed_mean,persistence,0.4397418797016144
706,pre_monsoon,1,wind_speed_mean,persistence,0.5003808736801147
707,pre_monsoon,1,wind_speed_mean,persistence,0.46334442496299744
708,pre_monsoon,1,wind_speed_mean,persistence,0.22335447371006012
709,pre_monsoon,1,wind_speed_mean,persistence,0.2036847323179245
800,pre_monsoon,1,wind_speed_mean,persistence,0.7386772632598877
801,pre_monsoon,1,wind_speed_mean,persistence,0.6907835602760315
802,pre_monsoon,1,wind_speed_mean,persistence,0.49467456340789795
803,pre_monsoon,1,wind_speed_mean,persistence,0.2402733713388443
804,pre_monsoon,1,wind_speed_mean,persistence,0.6210342645645142
805,pre_monsoon,1,wind_speed_mean,persistence,0.9364352822303772
806,pre_monsoon,1,wind_speed_mean,persistence,0.9939950108528137
807,pre_monsoon,1,wind_speed_mean,persistence,1.148545742034912
808,pre_monsoon,1,wind_speed_mean,persistence,0.8078216910362244
809,pre_monsoon,1,wind_speed_mean,persistence,0.4963756203651428
900,pre_monsoon,1,wind_speed_mean,persistence,0.3388763964176178
901,pre_monsoon,1,wind_speed_mean,persistence,0.23686183989048004
902,pre_monsoon,1,wind_speed_mean,persistence,0.17675524950027466
903,pre_monsoon,1,wind_speed_mean,persistence,0.337087482213974
904,pre_monsoon,1,wind_speed_mean,persistence,0.5662782192230225
905,pre_monsoon,1,wind_speed_mean,persistence,0.9892072677612305
906,pre_monsoon,1,wind_speed_mean,persistence,1.0547659397125244
907,pre_monsoon,1,wind_speed_mean,persistence,0.9335231781005859
908,pre_monsoon,1,wind_speed_mean,persistence,0.9641921520233154
909,pre_monsoon,1,wind_speed_mean,persistence,1.1012041568756104
1000,pre_monsoon,1,wind_speed_mean,persistence,0.6440750956535339
1001,pre_monsoon,1,wind_speed_mean,persistence,0.16834799945354462
1002,pre_monsoon,1,wind_speed_mean,persistence,0.2748866379261017
1003,pre_monsoon,1,wind_speed_mean,persistence,0.3826597034931183
1004,pre_monsoon,1,wind_speed_mean,persistence,0.8770793080329895
1005,pre_monsoon,1,wind_speed_mean,persistence,0.5414228439331055
1006,pre_monsoon,1,wind_speed_mean,persistence,0.7115634083747864
1007,pre_monsoon,1,wind_speed_mean,persistence,0.7957239151000977
1008,pre_monsoon,1,wind_speed_mean,persistence,1.261369228363037
1009,pre_monsoon,1,wind_speed_mean,persistence,1.5734460353851318
0,monsoon,1,wind_speed_mean,persistence,0.69935142993927
1,monsoon,1,wind_speed_mean,persistence,0.7098262906074524
2,monsoon,1,wind_speed_mean,persistence,0.6845560669898987
3,monsoon,1,wind_speed_mean,persistence,0.6674755215644836
4,monsoon,1,wind_speed_mean,persistence,0.7504589557647705
5,monsoon,1,wind_speed_mean,persistence,0.9183240532875061
6,monsoon,1,wind_speed_mean,persistence,0.8969888687133789
7,monsoon,1,wind_speed_mean,persistence,0.9400311708450317
8,monsoon,1,wind_speed_mean,persistence,0.9166005253791809
9,monsoon,1,wind_speed_mean,persistence,1.0801059007644653
100,monsoon,1,wind_speed_mean,persistence,0.7032005786895752
101,monsoon,1,wind_speed_mean,persistence,0.805575430393219
102,monsoon,1,wind_speed_mean,persistence,0.6503869295120239
103,monsoon,1,wind_speed_mean,persistence,0.44128626585006714
104,monsoon,1,wind_speed_mean,persistence,0.7912705540657043
105,monsoon,1,wind_speed_mean,persistence,0.7700391411781311
106,monsoon,1,wind_speed_mean,persistence,0.8494293689727783
107,monsoon,1,wind_speed_mean,persistence,0.9417995810508728
108,monsoon,1,wind_speed_mean,persistence,1.0166594982147217
109,monsoon,1,wind_speed_mean,persistence,1.0191808938980103
200,monsoon,1,wind_speed_mean,persistence,0.7769070267677307
201,monsoon,1,wind_speed_mean,persistence,0.9028825759887695
202,monsoon,1,wind_speed_mean,persistence,0.56477952003479
203,monsoon,1,wind_speed_mean,persistence,0.5136706829071045
204,monsoon,1,wind_speed_mean,persistence,0.8237192630767822
205,monsoon,1,wind_speed_mean,persistence,0.828315019607544
206,monsoon,1,wind_speed_mean,persistence,0.9087300896644592
207,monsoon,1,wind_speed_mean,persistence,0.9928073883056641
208,monsoon,1,wind_speed_mean,persistence,0.9757802486419678
209,monsoon,1,wind_speed_mean,persistence,0.9933769702911377
300,monsoon,1,wind_speed_mean,persistence,0.8286137580871582
301,monsoon,1,wind_speed_mean,persistence,0.7736690044403076
302,monsoon,1,wind_speed_mean,persistence,0.5090522170066833
303,monsoon,1,wind_speed_mean,persistence,0.49182504415512085
304,monsoon,1,wind_speed_mean,persistence,0.5178812146186829
305,monsoon,1,wind_speed_mean,persistence,1.1321364641189575
306,monsoon,1,wind_speed_mean,persistence,1.19624662399292
307,monsoon,1,wind_speed_mean,persistence,1.1537413597106934
308,monsoon,1,wind_speed_mean,persistence,1.0367804765701294
309,monsoon,1,wind_speed_mean,persistence,0.5248545408248901
400,monsoon,1,wind_speed_mean,persistence,0.9912808537483215
401,monsoon,1,wind_speed_mean,persistence,0.7847126722335815
402,monsoon,1,wind_speed_mean,persistence,0.48629194498062134
403,monsoon,1,wind_speed_mean,persistence,0.4721498489379883
404,monsoon,1,wind_speed_mean,persistence,0.44091352820396423
405,monsoon,1,wind_speed_mean,persistence,0.512417197227478
406,monsoon,1,wind_speed_mean,persistence,1.039055347442627
407,monsoon,1,wind_speed_mean,persistence,1.3199496269226074
408,monsoon,1,wind_speed_mean,persistence,0.7041561603546143
409,monsoon,1,wind_speed_mean,persistence,0.42561542987823486
500,monsoon,1,wind_speed_mean,persistence,0.9648117423057556
501,monsoon,1,wind_speed_mean,persistence,0.7187824845314026
502,monsoon,1,wind_speed_mean,persistence,0.6083102226257324
503,monsoon,1,wind_speed_mean,persistence,0.5593026280403137
504,monsoon,1,wind_speed_mean,persistence,0.47863027453422546
505,monsoon,1,wind_speed_mean,persistence,0.5537925958633423
506,monsoon,1,wind_speed_mean,persistence,0.6169257164001465
507,monsoon,1,wind_speed_mean,persistence,0.6270731091499329
508,monsoon,1,wind_speed_mean,persistence,0.31469303369522095
509,monsoon,1,wind_speed_mean,persistence,0.3832250237464905
600,monsoon,1,wind_speed_mean,persistence,0.861630380153656
601,monsoon,1,wind_speed_mean,persistence,0.8535123467445374
602,monsoon,1,wind_speed_mean,persistence,0.6664321422576904
603,monsoon,1,wind_speed_mean,persistence,0.5682222247123718
604,monsoon,1,wind_speed_mean,persistence,0.6897372007369995
605,monsoon,1,wind_speed_mean,persistence,0.6241319179534912
606,monsoon,1,wind_speed_mean,persistence,0.4834364652633667
607,monsoon,1,wind_speed_mean,persistence,0.35967183113098145
608,monsoon,1,wind_speed_mean,persistence,0.29174721240997314
609,monsoon,1,wind_speed_mean,persistence,0.22493012249469757
700,monsoon,1,wind_speed_mean,persistence,0.5487282872200012
701,monsoon,1,wind_speed_mean,persistence,0.7334558963775635
702,monsoon,1,wind_speed_mean,persistence,0.6014677286148071
703,monsoon,1,wind_speed_mean,persistence,0.5346837043762207
704,monsoon,1,wind_speed_mean,persistence,0.2823362350463867
705,monsoon,1,wind_speed_mean,persistence,0.3017696440219879
706,monsoon,1,wind_speed_mean,persistence,0.3209358751773834
707,monsoon,1,wind_speed_mean,persistence,0.3419071435928345
708,monsoon,1,wind_speed_mean,persistence,0.24672621488571167
709,monsoon,1,wind_speed_mean,persistence,0.2005479782819748
800,monsoon,1,wind_speed_mean,persistence,0.42202746868133545
801,monsoon,1,wind_speed_mean,persistence,0.5616304874420166
802,monsoon,1,wind_speed_mean,persistence,0.38070961833000183
803,monsoon,1,wind_speed_mean,persistence,0.20399022102355957
804,monsoon,1,wind_speed_mean,persistence,0.46948474645614624
805,monsoon,1,wind_speed_mean,persistence,0.5535486340522766
806,monsoon,1,wind_speed_mean,persistence,0.5674289464950562
807,monsoon,1,wind_speed_mean,persistence,0.6294236183166504
808,monsoon,1,wind_speed_mean,persistence,0.5700047612190247
809,monsoon,1,wind_speed_mean,persistence,0.44341349601745605
900,monsoon,1,wind_speed_mean,persistence,0.2178989052772522
901,monsoon,1,wind_speed_mean,persistence,0.17639216780662537
902,monsoon,1,wind_speed_mean,persistence,0.15068519115447998
903,monsoon,1,wind_speed_mean,persistence,0.26368463039398193
904,monsoon,1,wind_speed_mean,persistence,0.42747318744659424
905,monsoon,1,wind_speed_mean,persistence,0.6976897716522217
906,monsoon,1,wind_speed_mean,persistence,0.884547233581543
907,monsoon,1,wind_speed_mean,persistence,0.8091610670089722
908,monsoon,1,wind_speed_mean,persistence,0.6628717184066772
909,monsoon,1,wind_speed_mean,persistence,0.764318585395813
1000,monsoon,1,wind_speed_mean,persistence,0.3275620639324188
1001,monsoon,1,wind_speed_mean,persistence,0.12820826470851898
1002,monsoon,1,wind_speed_mean,persistence,0.19417940080165863
1003,monsoon,1,wind_speed_mean,persistence,0.31570425629615784
1004,monsoon,1,wind_speed_mean,persistence,0.9767228960990906
1005,monsoon,1,wind_speed_mean,persistence,0.49894025921821594
1006,monsoon,1,wind_speed_mean,persistence,0.6288776993751526
1007,monsoon,1,wind_speed_mean,persistence,0.7580755352973938
1008,monsoon,1,wind_speed_mean,persistence,1.1204332113265991
1009,monsoon,1,wind_speed_mean,persistence,1.4138712882995605
0,post_monsoon,1,wind_speed_mean,persistence,1.0798099040985107
1,post_monsoon,1,wind_speed_mean,persistence,0.832682192325592
2,post_monsoon,1,wind_speed_mean,persistence,0.9561785459518433
3,post_monsoon,1,wind_speed_mean,persistence,0.9191604256629944
4,post_monsoon,1,wind_speed_mean,persistence,0.8965594172477722
5,post_monsoon,1,wind_speed_mean,persistence,1.4193729162216187
6,post_monsoon,1,wind_speed_mean,persistence,1.3740028142929077
7,post_monsoon,1,wind_speed_mean,persistence,1.385087013244629
8,post_monsoon,1,wind_speed_mean,persistence,1.35267174243927
9,post_monsoon,1,wind_speed_mean,persistence,1.2851370573043823
100,post_monsoon,1,wind_speed_mean,persistence,1.2260781526565552
101,post_monsoon,1,wind_speed_mean,persistence,0.8918267488479614
102,post_monsoon,1,wind_speed_mean,persistence,0.6252514123916626
103,post_monsoon,1,wind_speed_mean,persistence,0.4580075442790985
104,post_monsoon,1,wind_speed_mean,persistence,1.2737067937850952
105,post_monsoon,1,wind_speed_mean,persistence,1.531302809715271
106,post_monsoon,1,wind_speed_mean,persistence,1.4387588500976562
107,post_monsoon,1,wind_speed_mean,persistence,1.4020001888275146
108,post_monsoon,1,wind_speed_mean,persistence,1.3631523847579956
109,post_monsoon,1,wind_speed_mean,persistence,1.2529022693634033
200,post_monsoon,1,wind_speed_mean,persistence,1.0203138589859009
201,post_monsoon,1,wind_speed_mean,persistence,0.9499585628509521
202,post_monsoon,1,wind_speed_mean,persistence,0.541159451007843
203,post_monsoon,1,wind_speed_mean,persistence,0.5462585687637329
204,post_monsoon,1,wind_speed_mean,persistence,1.346125602722168
205,post_monsoon,1,wind_speed_mean,persistence,1.6051665544509888
206,post_monsoon,1,wind_speed_mean,persistence,1.5512785911560059
207,post_monsoon,1,wind_speed_mean,persistence,1.4098225831985474
208,post_monsoon,1,wind_speed_mean,persistence,1.207216739654541
209,post_monsoon,1,wind_speed_mean,persistence,1.0750807523727417
300,post_monsoon,1,wind_speed_mean,persistence,0.9180360436439514
301,post_monsoon,1,wind_speed_mean,persistence,0.773306131362915
302,post_monsoon,1,wind_speed_mean,persistence,0.40744221210479736
303,post_monsoon,1,wind_speed_mean,persistence,0.459225058555603
304,post_monsoon,1,wind_speed_mean,persistence,0.6590346693992615
305,post_monsoon,1,wind_speed_mean,persistence,1.315821647644043
306,post_monsoon,1,wind_speed_mean,persistence,1.3661643266677856
307,post_monsoon,1,wind_speed_mean,persistence,1.2157979011535645
308,post_monsoon,1,wind_speed_mean,persistence,0.8827077746391296
309,post_monsoon,1,wind_speed_mean,persistence,0.4598161578178406
400,post_monsoon,1,wind_speed_mean,persistence,0.9489222764968872
401,post_monsoon,1,wind_speed_mean,persistence,0.5883986949920654
402,post_monsoon,1,wind_speed_mean,persistence,0.3491603136062622
403,post_monsoon,1,wind_speed_mean,persistence,0.37906572222709656
404,post_monsoon,1,wind_speed_mean,persistence,0.441106915473938
405,post_monsoon,1,wind_speed_mean,persistence,0.49919354915618896
406,post_monsoon,1,wind_speed_mean,persistence,0.9994396567344666
407,post_monsoon,1,wind_speed_mean,persistence,0.9558557868003845
408,post_monsoon,1,wind_speed_mean,persistence,0.47177088260650635
409,post_monsoon,1,wind_speed_mean,persistence,0.3206131160259247
500,post_monsoon,1,wind_speed_mean,persistence,0.6623007655143738
501,post_monsoon,1,wind_speed_mean,persistence,0.42425036430358887
502,post_monsoon,1,wind_speed_mean,persistence,0.3698539137840271
503,post_monsoon,1,wind_speed_mean,persistence,0.389743834733963
504,post_monsoon,1,wind_speed_mean,persistence,0.3809890151023865
505,post_monsoon,1,wind_speed_mean,persistence,0.4238935708999634
506,post_monsoon,1,wind_speed_mean,persistence,0.41211459040641785
507,post_monsoon,1,wind_speed_mean,persistence,0.36075228452682495
508,post_monsoon,1,wind_speed_mean,persistence,0.18336202204227448
509,post_monsoon,1,wind_speed_mean,persistence,0.2436169534921646
600,post_monsoon,1,wind_speed_mean,persistence,0.5946549773216248
601,post_monsoon,1,wind_speed_mean,persistence,0.5320354700088501
602,post_monsoon,1,wind_speed_mean,persistence,0.4211980104446411
603,post_monsoon,1,wind_speed_mean,persistence,0.4045812785625458
604,post_monsoon,1,wind_speed_mean,persistence,0.46945613622665405
605,post_monsoon,1,wind_speed_mean,persistence,0.4762131869792938
606,post_monsoon,1,wind_speed_mean,persistence,0.37085747718811035
607,post_monsoon,1,wind_speed_mean,persistence,0.2771190106868744
608,post_monsoon,1,wind_speed_mean,persistence,0.18702444434165955
609,post_monsoon,1,wind_speed_mean,persistence,0.15737874805927277
700,post_monsoon,1,wind_speed_mean,persistence,0.35693681240081787
701,post_monsoon,1,wind_speed_mean,persistence,0.47302308678627014
702,post_monsoon,1,wind_speed_mean,persistence,0.4074746370315552
703,post_monsoon,1,wind_speed_mean,persistence,0.30621030926704407
704,post_monsoon,1,wind_speed_mean,persistence,0.22156205773353577
705,post_monsoon,1,wind_speed_mean,persistence,0.3160640001296997
706,post_monsoon,1,wind_speed_mean,persistence,0.3895930349826813
707,post_monsoon,1,wind_speed_mean,persistence,0.4170372188091278
708,post_monsoon,1,wind_speed_mean,persistence,0.25954267382621765
709,post_monsoon,1,wind_speed_mean,persistence,0.21391572058200836
800,post_monsoon,1,wind_speed_mean,persistence,0.2985285520553589
801,post_monsoon,1,wind_speed_mean,persistence,0.33173003792762756
802,post_monsoon,1,wind_speed_mean,persistence,0.22870275378227234
803,post_monsoon,1,wind_speed_mean,persistence,0.19047467410564423
804,post_monsoon,1,wind_speed_mean,persistence,0.4855457842350006
805,post_monsoon,1,wind_speed_mean,persistence,0.5995490550994873
806,post_monsoon,1,wind_speed_mean,persistence,0.597614049911499
807,post_monsoon,1,wind_speed_mean,persistence,0.8277250528335571
808,post_monsoon,1,wind_speed_mean,persistence,0.6484436988830566
809,post_monsoon,1,wind_speed_mean,persistence,0.4976251423358917
900,post_monsoon,1,wind_speed_mean,persistence,0.1959761083126068
901,post_monsoon,1,wind_speed_mean,persistence,0.15489035844802856
902,post_monsoon,1,wind_speed_mean,persistence,0.13954505324363708
903,post_monsoon,1,wind_speed_mean,persistence,0.261014461517334
904,post_monsoon,1,wind_speed_mean,persistence,0.38152995705604553
905,post_monsoon,1,wind_speed_mean,persistence,0.6174481511116028
906,post_monsoon,1,wind_speed_mean,persistence,0.8039106726646423
907,post_monsoon,1,wind_speed_mean,persistence,0.8879354596138
908,post_monsoon,1,wind_speed_mean,persistence,0.7088709473609924
909,post_monsoon,1,wind_speed_mean,persistence,0.7887260317802429
1000,post_monsoon,1,wind_speed_mean,persistence,0.30137932300567627
1001,post_monsoon,1,wind_speed_mean,persistence,0.13157030940055847
1002,post_monsoon,1,wind_speed_mean,persistence,0.1629587858915329
1003,post_monsoon,1,wind_speed_mean,persistence,0.2178684026002884
1004,post_monsoon,1,wind_speed_mean,persistence,0.44761356711387634
1005,post_monsoon,1,wind_speed_mean,persistence,0.4018271863460541
1006,post_monsoon,1,wind_speed_mean,persistence,0.7870534062385559
1007,post_monsoon,1,wind_speed_mean,persistence,0.7672595977783203
1008,post_monsoon,1,wind_speed_mean,persistence,0.7018126845359802
1009,post_monsoon,1,wind_speed_mean,persistence,1.218332052230835
0,winter,1,wind_speed_mean,recent3,1.0844477415084839
1,winter,1,wind_speed_mean,recent3,0.8669350147247314
2,winter,1,wind_speed_mean,recent3,0.8274957537651062
3,winter,1,wind_speed_mean,recent3,0.8694294691085815
4,winter,1,wind_speed_mean,recent3,0.7725790739059448
5,winter,1,wind_speed_mean,recent3,1.0211788415908813
6,winter,1,wind_speed_mean,recent3,1.0736274719238281
7,winter,1,wind_speed_mean,recent3,0.9994955062866211
8,winter,1,wind_speed_mean,recent3,0.9897269010543823
9,winter,1,wind_speed_mean,recent3,1.2520273923873901
100,winter,1,wind_speed_mean,recent3,1.3472778797149658
101,winter,1,wind_speed_mean,recent3,0.9734494090080261
102,winter,1,wind_speed_mean,recent3,0.5163263082504272
103,winter,1,wind_speed_mean,recent3,0.37766599655151367
104,winter,1,wind_speed_mean,recent3,1.130279779434204
105,winter,1,wind_speed_mean,recent3,1.2056413888931274
106,winter,1,wind_speed_mean,recent3,1.1682347059249878
107,winter,1,wind_speed_mean,recent3,0.9686546325683594
108,winter,1,wind_speed_mean,recent3,0.9172542095184326
109,winter,1,wind_speed_mean,recent3,1.0729151964187622
200,winter,1,wind_speed_mean,recent3,1.4964574575424194
201,winter,1,wind_speed_mean,recent3,1.3311461210250854
202,winter,1,wind_speed_mean,recent3,0.4341824948787689
203,winter,1,wind_speed_mean,recent3,0.33087900280952454
204,winter,1,wind_speed_mean,recent3,0.8463390469551086
205,winter,1,wind_speed_mean,recent3,1.2291375398635864
206,winter,1,wind_speed_mean,recent3,1.3497357368469238
207,winter,1,wind_speed_mean,recent3,1.1778992414474487
208,winter,1,wind_speed_mean,recent3,0.9052259922027588
209,winter,1,wind_speed_mean,recent3,0.8983474969863892
300,winter,1,wind_speed_mean,recent3,1.5647265911102295
301,winter,1,wind_speed_mean,recent3,1.353983998298645
302,winter,1,wind_speed_mean,recent3,0.442135214805603
303,winter,1,wind_speed_mean,recent3,0.2944697439670563
304,winter,1,wind_speed_mean,recent3,0.3732683062553406
305,winter,1,wind_speed_mean,recent3,1.1134740114212036
306,winter,1,wind_speed_mean,recent3,1.3949602842330933
307,winter,1,wind_speed_mean,recent3,1.3701399564743042
308,winter,1,wind_speed_mean,recent3,0.9278726577758789
309,winter,1,wind_speed_mean,recent3,0.4455234110355377
400,winter,1,wind_speed_mean,recent3,1.5673246383666992
401,winter,1,wind_speed_mean,recent3,1.2158987522125244
402,winter,1,wind_speed_mean,recent3,0.3672214448451996
403,winter,1,wind_speed_mean,recent3,0.35207250714302063
404,winter,1,wind_speed_mean,recent3,0.33666273951530457
405,winter,1,wind_speed_mean,recent3,0.372920423746109
406,winter,1,wind_speed_mean,recent3,1.1940447092056274
407,winter,1,wind_speed_mean,recent3,1.4192569255828857
408,winter,1,wind_speed_mean,recent3,0.5824187397956848
409,winter,1,wind_speed_mean,recent3,0.4117017388343811
500,winter,1,wind_speed_mean,recent3,1.063302993774414
501,winter,1,wind_speed_mean,recent3,0.6838794350624084
502,winter,1,wind_speed_mean,recent3,0.4693957567214966
503,winter,1,wind_speed_mean,recent3,0.4258919358253479
504,winter,1,wind_speed_mean,recent3,0.4732898473739624
505,winter,1,wind_speed_mean,recent3,0.4390292167663574
506,winter,1,wind_speed_mean,recent3,0.43818604946136475
507,winter,1,wind_speed_mean,recent3,0.45036447048187256
508,winter,1,wind_speed_mean,recent3,0.2539238929748535
509,winter,1,wind_speed_mean,recent3,0.28595930337905884
600,winter,1,wind_speed_mean,recent3,0.7373380064964294
601,winter,1,wind_speed_mean,recent3,0.7688001990318298
602,winter,1,wind_speed_mean,recent3,0.48069846630096436
603,winter,1,wind_speed_mean,recent3,0.628677487373352
604,winter,1,wind_speed_mean,recent3,0.8901203870773315
605,winter,1,wind_speed_mean,recent3,0.690807580947876
606,winter,1,wind_speed_mean,recent3,0.40946435928344727
607,winter,1,wind_speed_mean,recent3,0.27645790576934814
608,winter,1,wind_speed_mean,recent3,0.2558019459247589
609,winter,1,wind_speed_mean,recent3,0.1826757788658142
700,winter,1,wind_speed_mean,recent3,0.504448413848877
701,winter,1,wind_speed_mean,recent3,0.5508921146392822
702,winter,1,wind_speed_mean,recent3,0.5936949253082275
703,winter,1,wind_speed_mean,recent3,0.7457334995269775
704,winter,1,wind_speed_mean,recent3,0.391767680644989
705,winter,1,wind_speed_mean,recent3,0.5854284167289734
706,winter,1,wind_speed_mean,recent3,0.5536178946495056
707,winter,1,wind_speed_mean,recent3,0.5413615703582764
708,winter,1,wind_speed_mean,recent3,0.2820543050765991
709,winter,1,wind_speed_mean,recent3,0.21953332424163818
800,winter,1,wind_speed_mean,recent3,0.529487669467926
801,winter,1,wind_speed_mean,recent3,0.4432393014431
802,winter,1,wind_speed_mean,recent3,0.382644921541214
803,winter,1,wind_speed_mean,recent3,0.26381221413612366
804,winter,1,wind_speed_mean,recent3,0.7555291652679443
805,winter,1,wind_speed_mean,recent3,1.025216817855835
806,winter,1,wind_speed_mean,recent3,1.0211693048477173
807,winter,1,wind_speed_mean,recent3,1.0127520561218262
808,winter,1,wind_speed_mean,recent3,0.7365373373031616
809,winter,1,wind_speed_mean,recent3,0.5059146285057068
900,winter,1,wind_speed_mean,recent3,0.3625933825969696
901,winter,1,wind_speed_mean,recent3,0.24767644703388214
902,winter,1,wind_speed_mean,recent3,0.21022196114063263
903,winter,1,wind_speed_mean,recent3,0.37512826919555664
904,winter,1,wind_speed_mean,recent3,0.6376855969429016
905,winter,1,wind_speed_mean,recent3,1.1255247592926025
906,winter,1,wind_speed_mean,recent3,1.3012803792953491
907,winter,1,wind_speed_mean,recent3,1.06587815284729
908,winter,1,wind_speed_mean,recent3,0.7907604575157166
909,winter,1,wind_speed_mean,recent3,0.8541022539138794
1000,winter,1,wind_speed_mean,recent3,0.5115762948989868
1001,winter,1,wind_speed_mean,recent3,0.18284933269023895
1002,winter,1,wind_speed_mean,recent3,0.26030126214027405
1003,winter,1,wind_speed_mean,recent3,0.24240614473819733
1004,winter,1,wind_speed_mean,recent3,0.5871380567550659
1005,winter,1,wind_speed_mean,recent3,0.5209910273551941
1006,winter,1,wind_speed_mean,recent3,0.9395952224731445
1007,winter,1,wind_speed_mean,recent3,0.9875850677490234
1008,winter,1,wind_speed_mean,recent3,0.8329413533210754
1009,winter,1,wind_speed_mean,recent3,1.156659483909607
0,pre_monsoon,1,wind_speed_mean,recent3,1.045756220817566
1,pre_monsoon,1,wind_speed_mean,recent3,0.9149091243743896
2,pre_monsoon,1,wind_speed_mean,recent3,0.752493143081665
3,pre_monsoon,1,wind_speed_mean,recent3,1.3321683406829834
4,pre_monsoon,1,wind_speed_mean,recent3,1.1434345245361328
5,pre_monsoon,1,wind_speed_mean,recent3,1.72543466091156
6,pre_monsoon,1,wind_speed_mean,recent3,1.6501964330673218
7,pre_monsoon,1,wind_speed_mean,recent3,1.4501748085021973
8,pre_monsoon,1,wind_speed_mean,recent3,1.4076250791549683
9,pre_monsoon,1,wind_speed_mean,recent3,1.41650390625
100,pre_monsoon,1,wind_speed_mean,recent3,0.8957234621047974
101,pre_monsoon,1,wind_speed_mean,recent3,0.8364401459693909
102,pre_monsoon,1,wind_speed_mean,recent3,0.6071472764015198
103,pre_monsoon,1,wind_speed_mean,recent3,0.4957186281681061
104,pre_monsoon,1,wind_speed_mean,recent3,1.4943968057632446
105,pre_monsoon,1,wind_speed_mean,recent3,1.5935450792312622
106,pre_monsoon,1,wind_speed_mean,recent3,1.4861243963241577
107,pre_monsoon,1,wind_speed_mean,recent3,1.3629482984542847
108,pre_monsoon,1,wind_speed_mean,recent3,1.1735022068023682
109,pre_monsoon,1,wind_speed_mean,recent3,1.200749158859253
200,pre_monsoon,1,wind_speed_mean,recent3,1.0796579122543335
201,pre_monsoon,1,wind_speed_mean,recent3,0.9928566813468933
202,pre_monsoon,1,wind_speed_mean,recent3,0.6144047379493713
203,pre_monsoon,1,wind_speed_mean,recent3,0.486163467168808
204,pre_monsoon,1,wind_speed_mean,recent3,0.9738339185714722
205,pre_monsoon,1,wind_speed_mean,recent3,1.3926854133605957
206,pre_monsoon,1,wind_speed_mean,recent3,1.6483498811721802
207,pre_monsoon,1,wind_speed_mean,recent3,1.295189380645752
208,pre_monsoon,1,wind_speed_mean,recent3,0.9138867855072021
209,pre_monsoon,1,wind_speed_mean,recent3,0.8669207096099854
300,pre_monsoon,1,wind_speed_mean,recent3,1.1641826629638672
301,pre_monsoon,1,wind_speed_mean,recent3,1.0154070854187012
302,pre_monsoon,1,wind_speed_mean,recent3,0.6310944557189941
303,pre_monsoon,1,wind_speed_mean,recent3,0.5170596241950989
304,pre_monsoon,1,wind_speed_mean,recent3,0.4934037923812866
305,pre_monsoon,1,wind_speed_mean,recent3,0.9489912390708923
306,pre_monsoon,1,wind_speed_mean,recent3,1.3675447702407837
307,pre_monsoon,1,wind_speed_mean,recent3,1.1372851133346558
308,pre_monsoon,1,wind_speed_mean,recent3,0.776561439037323
309,pre_monsoon,1,wind_speed_mean,recent3,0.3745511770248413
400,pre_monsoon,1,wind_speed_mean,recent3,0.8578372597694397
401,pre_monsoon,1,wind_speed_mean,recent3,0.7938243746757507
402,pre_monsoon,1,wind_speed_mean,recent3,0.4519442915916443
403,pre_monsoon,1,wind_speed_mean,recent3,0.48512160778045654
404,pre_monsoon,1,wind_speed_mean,recent3,0.4268535375595093
405,pre_monsoon,1,wind_speed_mean,recent3,0.4829487204551697
406,pre_monsoon,1,wind_speed_mean,recent3,1.0330561399459839
407,pre_monsoon,1,wind_speed_mean,recent3,0.9345738887786865
408,pre_monsoon,1,wind_speed_mean,recent3,0.5162785649299622
409,pre_monsoon,1,wind_speed_mean,recent3,0.42754101753234863
500,pre_monsoon,1,wind_speed_mean,recent3,0.8916891813278198
501,pre_monsoon,1,wind_speed_mean,recent3,0.6610015630722046
502,pre_monsoon,1,wind_speed_mean,recent3,0.5873973369598389
503,pre_monsoon,1,wind_speed_mean,recent3,0.5508798360824585
504,pre_monsoon,1,wind_speed_mean,recent3,0.4720209836959839
505,pre_monsoon,1,wind_speed_mean,recent3,0.5024977922439575
506,pre_monsoon,1,wind_speed_mean,recent3,0.5271494388580322
507,pre_monsoon,1,wind_speed_mean,recent3,0.5419406294822693
508,pre_monsoon,1,wind_speed_mean,recent3,0.30932116508483887
509,pre_monsoon,1,wind_speed_mean,recent3,0.35506194829940796
600,pre_monsoon,1,wind_speed_mean,recent3,1.09347403049469
601,pre_monsoon,1,wind_speed_mean,recent3,1.0122464895248413
602,pre_monsoon,1,wind_speed_mean,recent3,0.6715444922447205
603,pre_monsoon,1,wind_speed_mean,recent3,0.6232430934906006
604,pre_monsoon,1,wind_speed_mean,recent3,0.8217771053314209
605,pre_monsoon,1,wind_speed_mean,recent3,0.7382807731628418
606,pre_monsoon,1,wind_speed_mean,recent3,0.47169044613838196
607,pre_monsoon,1,wind_speed_mean,recent3,0.323382705450058
608,pre_monsoon,1,wind_speed_mean,recent3,0.29931074380874634
609,pre_monsoon,1,wind_speed_mean,recent3,0.214509978890419
700,pre_monsoon,1,wind_speed_mean,recent3,0.7665537595748901
701,pre_monsoon,1,wind_speed_mean,recent3,0.805741548538208
702,pre_monsoon,1,wind_speed_mean,recent3,0.7766845226287842
703,pre_monsoon,1,wind_speed_mean,recent3,0.5747988820075989
704,pre_monsoon,1,wind_speed_mean,recent3,0.3149575889110565
705,pre_monsoon,1,wind_speed_mean,recent3,0.41266316175460815
706,pre_monsoon,1,wind_speed_mean,recent3,0.5016169548034668
707,pre_monsoon,1,wind_speed_mean,recent3,0.44205713272094727
708,pre_monsoon,1,wind_speed_mean,recent3,0.21686595678329468
709,pre_monsoon,1,wind_speed_mean,recent3,0.18361574411392212
800,pre_monsoon,1,wind_speed_mean,recent3,0.7277262806892395
801,pre_monsoon,1,wind_speed_mean,recent3,0.6428053379058838
802,pre_monsoon,1,wind_speed_mean,recent3,0.5262168645858765
803,pre_monsoon,1,wind_speed_mean,recent3,0.2379404455423355
804,pre_monsoon,1,wind_speed_mean,recent3,0.5770052671432495
805,pre_monsoon,1,wind_speed_mean,recent3,0.8535486459732056
806,pre_monsoon,1,wind_speed_mean,recent3,0.8837780952453613
807,pre_monsoon,1,wind_speed_mean,recent3,0.9734942317008972
808,pre_monsoon,1,wind_speed_mean,recent3,0.7218035459518433
809,pre_monsoon,1,wind_speed_mean,recent3,0.4693104028701782
900,pre_monsoon,1,wind_speed_mean,recent3,0.33869653940200806
901,pre_monsoon,1,wind_speed_mean,recent3,0.24189789593219757
902,pre_monsoon,1,wind_speed_mean,recent3,0.18825297057628632
903,pre_monsoon,1,wind_speed_mean,recent3,0.3304082751274109
904,pre_monsoon,1,wind_speed_mean,recent3,0.5680360794067383
905,pre_monsoon,1,wind_speed_mean,recent3,0.9681020379066467
906,pre_monsoon,1,wind_speed_mean,recent3,1.0184575319290161
907,pre_monsoon,1,wind_speed_mean,recent3,0.9067520499229431
908,pre_monsoon,1,wind_speed_mean,recent3,0.7809759378433228
909,pre_monsoon,1,wind_speed_mean,recent3,0.8891245722770691
1000,pre_monsoon,1,wind_speed_mean,recent3,0.6357843279838562
1001,pre_monsoon,1,wind_speed_mean,recent3,0.16605938971042633
1002,pre_monsoon,1,wind_speed_mean,recent3,0.28821954131126404
1003,pre_monsoon,1,wind_speed_mean,recent3,0.3971141278743744
1004,pre_monsoon,1,wind_speed_mean,recent3,0.9585621356964111
1005,pre_monsoon,1,wind_speed_mean,recent3,0.49372127652168274
1006,pre_monsoon,1,wind_speed_mean,recent3,0.9316917061805725
1007,pre_monsoon,1,wind_speed_mean,recent3,0.8977420926094055
1008,pre_monsoon,1,wind_speed_mean,recent3,1.0421826839447021
1009,pre_monsoon,1,wind_speed_mean,recent3,1.3116869926452637
0,monsoon,1,wind_speed_mean,recent3,1.0150827169418335
1,monsoon,1,wind_speed_mean,recent3,1.0395052433013916
2,monsoon,1,wind_speed_mean,recent3,0.920103907585144
3,monsoon,1,wind_speed_mean,recent3,0.8324029445648193
4,monsoon,1,wind_speed_mean,recent3,0.904958963394165
5,monsoon,1,wind_speed_mean,recent3,1.2219396829605103
6,monsoon,1,wind_speed_mean,recent3,1.311194658279419
7,monsoon,1,wind_speed_mean,recent3,1.2969396114349365
8,monsoon,1,wind_speed_mean,recent3,1.180350661277771
9,monsoon,1,wind_speed_mean,recent3,1.2627050876617432
100,monsoon,1,wind_speed_mean,recent3,1.0039360523223877
101,monsoon,1,wind_speed_mean,recent3,1.1457105875015259
102,monsoon,1,wind_speed_mean,recent3,0.8789696097373962
103,monsoon,1,wind_speed_mean,recent3,0.5214914679527283
104,monsoon,1,wind_speed_mean,recent3,0.9875525236129761
105,monsoon,1,wind_speed_mean,recent3,1.1401194334030151
106,monsoon,1,wind_speed_mean,recent3,1.294803261756897
107,monsoon,1,wind_speed_mean,recent3,1.4208966493606567
108,monsoon,1,wind_speed_mean,recent3,1.4716029167175293
109,monsoon,1,wind_speed_mean,recent3,1.335410237312317
200,monsoon,1,wind_speed_mean,recent3,1.120811939239502
201,monsoon,1,wind_speed_mean,recent3,1.2202354669570923
202,monsoon,1,wind_speed_mean,recent3,0.7266881465911865
203,monsoon,1,wind_speed_mean,recent3,0.6356818675994873
204,monsoon,1,wind_speed_mean,recent3,0.9796721935272217
205,monsoon,1,wind_speed_mean,recent3,1.1410062313079834
206,monsoon,1,wind_speed_mean,recent3,1.2552491426467896
207,monsoon,1,wind_speed_mean,recent3,1.361737847328186
208,monsoon,1,wind_speed_mean,recent3,1.368438482284546
209,monsoon,1,wind_speed_mean,recent3,1.3765846490859985
300,monsoon,1,wind_speed_mean,recent3,1.253597378730774
301,monsoon,1,wind_speed_mean,recent3,1.098509669303894
302,monsoon,1,wind_speed_mean,recent3,0.6952489614486694
303,monsoon,1,wind_speed_mean,recent3,0.6404097676277161
304,monsoon,1,wind_speed_mean,recent3,0.6063916683197021
305,monsoon,1,wind_speed_mean,recent3,1.3448728322982788
306,monsoon,1,wind_speed_mean,recent3,1.513730525970459
307,monsoon,1,wind_speed_mean,recent3,1.501868724822998
308,monsoon,1,wind_speed_mean,recent3,1.339547038078308
309,monsoon,1,wind_speed_mean,recent3,0.6557943820953369
400,monsoon,1,wind_speed_mean,recent3,1.2926973104476929
401,monsoon,1,wind_speed_mean,recent3,0.9258639216423035
402,monsoon,1,wind_speed_mean,recent3,0.6694343686103821
403,monsoon,1,wind_speed_mean,recent3,0.5898464918136597
404,monsoon,1,wind_speed_mean,recent3,0.4981782138347626
405,monsoon,1,wind_speed_mean,recent3,0.5577042102813721
406,monsoon,1,wind_speed_mean,recent3,1.3410675525665283
407,monsoon,1,wind_speed_mean,recent3,1.94193434715271
408,monsoon,1,wind_speed_mean,recent3,0.9773851037025452
409,monsoon,1,wind_speed_mean,recent3,0.5614416003227234
500,monsoon,1,wind_speed_mean,recent3,1.2427475452423096
501,monsoon,1,wind_speed_mean,recent3,0.848865270614624
502,monsoon,1,wind_speed_mean,recent3,0.7435083985328674
503,monsoon,1,wind_speed_mean,recent3,0.667577862739563
504,monsoon,1,wind_speed_mean,recent3,0.5840259790420532
505,monsoon,1,wind_speed_mean,recent3,0.7210907340049744
506,monsoon,1,wind_speed_mean,recent3,0.8026368618011475
507,monsoon,1,wind_speed_mean,recent3,0.8652599453926086
508,monsoon,1,wind_speed_mean,recent3,0.3706260323524475
509,monsoon,1,wind_speed_mean,recent3,0.5014811754226685
600,monsoon,1,wind_speed_mean,recent3,0.9323599338531494
601,monsoon,1,wind_speed_mean,recent3,0.9653083086013794
602,monsoon,1,wind_speed_mean,recent3,0.7403213381767273
603,monsoon,1,wind_speed_mean,recent3,0.6306888461112976
604,monsoon,1,wind_speed_mean,recent3,0.7633691430091858
605,monsoon,1,wind_speed_mean,recent3,0.7385590076446533
606,monsoon,1,wind_speed_mean,recent3,0.5876972675323486
607,monsoon,1,wind_speed_mean,recent3,0.37874412536621094
608,monsoon,1,wind_speed_mean,recent3,0.29411405324935913
609,monsoon,1,wind_speed_mean,recent3,0.23608554899692535
700,monsoon,1,wind_speed_mean,recent3,0.5847049355506897
701,monsoon,1,wind_speed_mean,recent3,0.7404905557632446
702,monsoon,1,wind_speed_mean,recent3,0.6357112526893616
703,monsoon,1,wind_speed_mean,recent3,0.5300619602203369
704,monsoon,1,wind_speed_mean,recent3,0.26800626516342163
705,monsoon,1,wind_speed_mean,recent3,0.3154730796813965
706,monsoon,1,wind_speed_mean,recent3,0.33577626943588257
707,monsoon,1,wind_speed_mean,recent3,0.3467327356338501
708,monsoon,1,wind_speed_mean,recent3,0.24013720452785492
709,monsoon,1,wind_speed_mean,recent3,0.19670265913009644
800,monsoon,1,wind_speed_mean,recent3,0.4073546528816223
801,monsoon,1,wind_speed_mean,recent3,0.5289677977561951
802,monsoon,1,wind_speed_mean,recent3,0.3557077944278717
803,monsoon,1,wind_speed_mean,recent3,0.21150454878807068
804,monsoon,1,wind_speed_mean,recent3,0.49310773611068726
805,monsoon,1,wind_speed_mean,recent3,0.5373006463050842
806,monsoon,1,wind_speed_mean,recent3,0.543248176574707
807,monsoon,1,wind_speed_mean,recent3,0.598956823348999
808,monsoon,1,wind_speed_mean,recent3,0.5212264657020569
809,monsoon,1,wind_speed_mean,recent3,0.39559751749038696
900,monsoon,1,wind_speed_mean,recent3,0.23408859968185425
901,monsoon,1,wind_speed_mean,recent3,0.16308699548244476
902,monsoon,1,wind_speed_mean,recent3,0.1486753672361374
903,monsoon,1,wind_speed_mean,recent3,0.26429039239883423
904,monsoon,1,wind_speed_mean,recent3,0.39969074726104736
905,monsoon,1,wind_speed_mean,recent3,0.6512148380279541
906,monsoon,1,wind_speed_mean,recent3,0.78191077709198
907,monsoon,1,wind_speed_mean,recent3,0.6608821749687195
908,monsoon,1,wind_speed_mean,recent3,0.5630461573600769
909,monsoon,1,wind_speed_mean,recent3,0.6553658246994019
1000,monsoon,1,wind_speed_mean,recent3,0.37272676825523376
1001,monsoon,1,wind_speed_mean,recent3,0.12135318666696548
1002,monsoon,1,wind_speed_mean,recent3,0.20398926734924316
1003,monsoon,1,wind_speed_mean,recent3,0.3131740987300873
1004,monsoon,1,wind_speed_mean,recent3,0.8453944325447083
1005,monsoon,1,wind_speed_mean,recent3,0.510918140411377
1006,monsoon,1,wind_speed_mean,recent3,0.6129419207572937
1007,monsoon,1,wind_speed_mean,recent3,0.6227444410324097
1008,monsoon,1,wind_speed_mean,recent3,0.9410886764526367
1009,monsoon,1,wind_speed_mean,recent3,1.1746089458465576
0,post_monsoon,1,wind_speed_mean,recent3,1.3858073949813843
1,post_monsoon,1,wind_speed_mean,recent3,1.082575798034668
2,post_monsoon,1,wind_speed_mean,recent3,1.1655396223068237
3,post_monsoon,1,wind_speed_mean,recent3,1.230899691581726
4,post_monsoon,1,wind_speed_mean,recent3,1.137336254119873
5,post_monsoon,1,wind_speed_mean,recent3,1.7897886037826538
6,post_monsoon,1,wind_speed_mean,recent3,1.9334847927093506
7,post_monsoon,1,wind_speed_mean,recent3,1.857704997062683
8,post_monsoon,1,wind_speed_mean,recent3,1.8022199869155884
9,post_monsoon,1,wind_speed_mean,recent3,1.7345433235168457
100,post_monsoon,1,wind_speed_mean,recent3,1.6501214504241943
101,post_monsoon,1,wind_speed_mean,recent3,1.291980266571045
102,post_monsoon,1,wind_speed_mean,recent3,0.7490585446357727
103,post_monsoon,1,wind_speed_mean,recent3,0.5981713533401489
104,post_monsoon,1,wind_speed_mean,recent3,1.6209274530410767
105,post_monsoon,1,wind_speed_mean,recent3,1.9991869926452637
106,post_monsoon,1,wind_speed_mean,recent3,2.0061259269714355
107,post_monsoon,1,wind_speed_mean,recent3,1.9216382503509521
108,post_monsoon,1,wind_speed_mean,recent3,1.896127462387085
109,post_monsoon,1,wind_speed_mean,recent3,1.7653762102127075
200,post_monsoon,1,wind_speed_mean,recent3,1.4380578994750977
201,post_monsoon,1,wind_speed_mean,recent3,1.306323528289795
202,post_monsoon,1,wind_speed_mean,recent3,0.7252997159957886
203,post_monsoon,1,wind_speed_mean,recent3,0.6834081411361694
204,post_monsoon,1,wind_speed_mean,recent3,1.8251787424087524
205,post_monsoon,1,wind_speed_mean,recent3,2.244861364364624
206,post_monsoon,1,wind_speed_mean,recent3,2.1349878311157227
207,post_monsoon,1,wind_speed_mean,recent3,1.949597716331482
208,post_monsoon,1,wind_speed_mean,recent3,1.6892503499984741
209,post_monsoon,1,wind_speed_mean,recent3,1.4857664108276367
300,post_monsoon,1,wind_speed_mean,recent3,1.0136164426803589
301,post_monsoon,1,wind_speed_mean,recent3,1.024725079536438
302,post_monsoon,1,wind_speed_mean,recent3,0.4728463888168335
303,post_monsoon,1,wind_speed_mean,recent3,0.5665901303291321
304,post_monsoon,1,wind_speed_mean,recent3,0.888001024723053
305,post_monsoon,1,wind_speed_mean,recent3,1.857258677482605
306,post_monsoon,1,wind_speed_mean,recent3,1.8885672092437744
307,post_monsoon,1,wind_speed_mean,recent3,1.730096459388733
308,post_monsoon,1,wind_speed_mean,recent3,1.2030271291732788
309,post_monsoon,1,wind_speed_mean,recent3,0.6149789094924927
400,post_monsoon,1,wind_speed_mean,recent3,1.1079128980636597
401,post_monsoon,1,wind_speed_mean,recent3,0.7426195740699768
402,post_monsoon,1,wind_speed_mean,recent3,0.40061649680137634
403,post_monsoon,1,wind_speed_mean,recent3,0.44554227590560913
404,post_monsoon,1,wind_speed_mean,recent3,0.607902467250824
405,post_monsoon,1,wind_speed_mean,recent3,0.6359021663665771
406,post_monsoon,1,wind_speed_mean,recent3,1.3100124597549438
407,post_monsoon,1,wind_speed_mean,recent3,1.2897577285766602
408,post_monsoon,1,wind_speed_mean,recent3,0.5747420787811279
409,post_monsoon,1,wind_speed_mean,recent3,0.3534384071826935
500,post_monsoon,1,wind_speed_mean,recent3,0.8437446355819702
501,post_monsoon,1,wind_speed_mean,recent3,0.5669251680374146
502,post_monsoon,1,wind_speed_mean,recent3,0.5290865898132324
503,post_monsoon,1,wind_speed_mean,recent3,0.502449095249176
504,post_monsoon,1,wind_speed_mean,recent3,0.497456431388855
505,post_monsoon,1,wind_speed_mean,recent3,0.5487849712371826
506,post_monsoon,1,wind_speed_mean,recent3,0.500052809715271
507,post_monsoon,1,wind_speed_mean,recent3,0.4159305691719055
508,post_monsoon,1,wind_speed_mean,recent3,0.1890932023525238
509,post_monsoon,1,wind_speed_mean,recent3,0.2823300063610077
600,post_monsoon,1,wind_speed_mean,recent3,0.7451750636100769
601,post_monsoon,1,wind_speed_mean,recent3,0.7191652655601501
602,post_monsoon,1,wind_speed_mean,recent3,0.515204668045044
603,post_monsoon,1,wind_speed_mean,recent3,0.4267997443675995
604,post_monsoon,1,wind_speed_mean,recent3,0.5108097195625305
605,post_monsoon,1,wind_speed_mean,recent3,0.542557954788208
606,post_monsoon,1,wind_speed_mean,recent3,0.4201955795288086
607,post_monsoon,1,wind_speed_mean,recent3,0.2934933006763458
608,post_monsoon,1,wind_speed_mean,recent3,0.17860078811645508
609,post_monsoon,1,wind_speed_mean,recent3,0.1489080786705017
700,post_monsoon,1,wind_speed_mean,recent3,0.35991421341896057
701,post_monsoon,1,wind_speed_mean,recent3,0.44921499490737915
702,post_monsoon,1,wind_speed_mean,recent3,0.3620910346508026
703,post_monsoon,1,wind_speed_mean,recent3,0.29157671332359314
704,post_monsoon,1,wind_speed_mean,recent3,0.20576044917106628
705,post_monsoon,1,wind_speed_mean,recent3,0.2931033968925476
706,post_monsoon,1,wind_speed_mean,recent3,0.35061749815940857
707,post_monsoon,1,wind_speed_mean,recent3,0.38660475611686707
708,post_monsoon,1,wind_speed_mean,recent3,0.24307473003864288
709,post_monsoon,1,wind_speed_mean,recent3,0.1964992880821228
800,post_monsoon,1,wind_speed_mean,recent3,0.30846071243286133
801,post_monsoon,1,wind_speed_mean,recent3,0.29335013031959534
802,post_monsoon,1,wind_speed_mean,recent3,0.21022973954677582
803,post_monsoon,1,wind_speed_mean,recent3,0.17821083962917328
804,post_monsoon,1,wind_speed_mean,recent3,0.46663719415664673
805,post_monsoon,1,wind_speed_mean,recent3,0.5703966617584229
806,post_monsoon,1,wind_speed_mean,recent3,0.5807636380195618
807,post_monsoon,1,wind_speed_mean,recent3,0.7497994899749756
808,post_monsoon,1,wind_speed_mean,recent3,0.5911533236503601
809,post_monsoon,1,wind_speed_mean,recent3,0.4323031008243561
900,post_monsoon,1,wind_speed_mean,recent3,0.1836373507976532
901,post_monsoon,1,wind_speed_mean,recent3,0.1394432783126831
902,post_monsoon,1,wind_speed_mean,recent3,0.13767939805984497
903,post_monsoon,1,wind_speed_mean,recent3,0.27536630630493164
904,post_monsoon,1,wind_speed_mean,recent3,0.4115058481693268
905,post_monsoon,1,wind_speed_mean,recent3,0.6626659035682678
906,post_monsoon,1,wind_speed_mean,recent3,0.7948227524757385
907,post_monsoon,1,wind_speed_mean,recent3,0.7740681767463684
908,post_monsoon,1,wind_speed_mean,recent3,0.5839169025421143
909,post_monsoon,1,wind_speed_mean,recent3,0.6403499841690063
1000,post_monsoon,1,wind_speed_mean,recent3,0.27084842324256897
1001,post_monsoon,1,wind_speed_mean,recent3,0.12059371918439865
1002,post_monsoon,1,wind_speed_mean,recent3,0.19909173250198364
1003,post_monsoon,1,wind_speed_mean,recent3,0.23965038359165192
1004,post_monsoon,1,wind_speed_mean,recent3,0.47108522057533264
1005,post_monsoon,1,wind_speed_mean,recent3,0.43832850456237793
1006,post_monsoon,1,wind_speed_mean,recent3,0.6840760707855225
1007,post_monsoon,1,wind_speed_mean,recent3,0.6833658218383789
1008,post_monsoon,1,wind_speed_mean,recent3,0.6737792491912842
1009,post_monsoon,1,wind_speed_mean,recent3,1.020103931427002
0,winter,1,wind_speed_mean,anom_persistence,0.9536656141281128
1,winter,1,wind_speed_mean,anom_persistence,0.9492505192756653
2,winter,1,wind_speed_mean,anom_persistence,0.8003319501876831
3,winter,1,wind_speed_mean,anom_persistence,0.6387064456939697
4,winter,1,wind_speed_mean,anom_persistence,0.6458973288536072
5,winter,1,wind_speed_mean,anom_persistence,0.9215052723884583
6,winter,1,wind_speed_mean,anom_persistence,0.9694111347198486
7,winter,1,wind_speed_mean,anom_persistence,0.8633438348770142
8,winter,1,wind_speed_mean,anom_persistence,0.7721580862998962
9,winter,1,wind_speed_mean,anom_persistence,0.9333552718162537
100,winter,1,wind_speed_mean,anom_persistence,1.0291498899459839
101,winter,1,wind_speed_mean,anom_persistence,0.8552240133285522
102,winter,1,wind_speed_mean,anom_persistence,0.5091946125030518
103,winter,1,wind_speed_mean,anom_persistence,0.30822205543518066
104,winter,1,wind_speed_mean,anom_persistence,0.9104880094528198
105,winter,1,wind_speed_mean,anom_persistence,1.018751621246338
106,winter,1,wind_speed_mean,anom_persistence,0.8955090045928955
107,winter,1,wind_speed_mean,anom_persistence,0.8417750000953674
108,winter,1,wind_speed_mean,anom_persistence,0.6908173561096191
109,winter,1,wind_speed_mean,anom_persistence,0.7836179137229919
200,winter,1,wind_speed_mean,anom_persistence,0.9496563673019409
201,winter,1,wind_speed_mean,anom_persistence,1.0807809829711914
202,winter,1,wind_speed_mean,anom_persistence,0.37285587191581726
203,winter,1,wind_speed_mean,anom_persistence,0.29734915494918823
204,winter,1,wind_speed_mean,anom_persistence,0.6212183237075806
205,winter,1,wind_speed_mean,anom_persistence,0.7488657236099243
206,winter,1,wind_speed_mean,anom_persistence,0.9189643859863281
207,winter,1,wind_speed_mean,anom_persistence,0.958611786365509
208,winter,1,wind_speed_mean,anom_persistence,0.7422357797622681
209,winter,1,wind_speed_mean,anom_persistence,0.7694671750068665
300,winter,1,wind_speed_mean,anom_persistence,1.0931973457336426
301,winter,1,wind_speed_mean,anom_persistence,0.9988722205162048
302,winter,1,wind_speed_mean,anom_persistence,0.36506742238998413
303,winter,1,wind_speed_mean,anom_persistence,0.286545068025589
304,winter,1,wind_speed_mean,anom_persistence,0.34736722707748413
305,winter,1,wind_speed_mean,anom_persistence,0.8499080538749695
306,winter,1,wind_speed_mean,anom_persistence,0.9690444469451904
307,winter,1,wind_speed_mean,anom_persistence,0.9417939782142639
308,winter,1,wind_speed_mean,anom_persistence,0.6759733557701111
309,winter,1,wind_speed_mean,anom_persistence,0.385516494512558
400,winter,1,wind_speed_mean,anom_persistence,1.149278998374939
401,winter,1,wind_speed_mean,anom_persistence,0.9307461977005005
402,winter,1,wind_speed_mean,anom_persistence,0.3713194727897644
403,winter,1,wind_speed_mean,anom_persistence,0.36761537194252014
404,winter,1,wind_speed_mean,anom_persistence,0.3425500988960266
405,winter,1,wind_speed_mean,anom_persistence,0.3677479326725006
406,winter,1,wind_speed_mean,anom_persistence,0.9870665669441223
407,winter,1,wind_speed_mean,anom_persistence,1.0566771030426025
408,winter,1,wind_speed_mean,anom_persistence,0.4747002422809601
409,winter,1,wind_speed_mean,anom_persistence,0.4232623279094696
500,winter,1,wind_speed_mean,anom_persistence,0.878601610660553
501,winter,1,wind_speed_mean,anom_persistence,0.5707311630249023
502,winter,1,wind_speed_mean,anom_persistence,0.4418796896934509
503,winter,1,wind_speed_mean,anom_persistence,0.4331290125846863
504,winter,1,wind_speed_mean,anom_persistence,0.45621931552886963
505,winter,1,wind_speed_mean,anom_persistence,0.4182684123516083
506,winter,1,wind_speed_mean,anom_persistence,0.4308326244354248
507,winter,1,wind_speed_mean,anom_persistence,0.4378577470779419
508,winter,1,wind_speed_mean,anom_persistence,0.2598514258861542
509,winter,1,wind_speed_mean,anom_persistence,0.3082100450992584
600,winter,1,wind_speed_mean,anom_persistence,0.7286965847015381
601,winter,1,wind_speed_mean,anom_persistence,0.7543866038322449
602,winter,1,wind_speed_mean,anom_persistence,0.5217413306236267
603,winter,1,wind_speed_mean,anom_persistence,0.5243440866470337
604,winter,1,wind_speed_mean,anom_persistence,0.6777461767196655
605,winter,1,wind_speed_mean,anom_persistence,0.5426486730575562
606,winter,1,wind_speed_mean,anom_persistence,0.3556176424026489
607,winter,1,wind_speed_mean,anom_persistence,0.26998046040534973
608,winter,1,wind_speed_mean,anom_persistence,0.25242725014686584
609,winter,1,wind_speed_mean,anom_persistence,0.1972384750843048
700,winter,1,wind_speed_mean,anom_persistence,0.529303789138794
701,winter,1,wind_speed_mean,anom_persistence,0.6098477840423584
702,winter,1,wind_speed_mean,anom_persistence,0.6280794143676758
703,winter,1,wind_speed_mean,anom_persistence,0.5861422419548035
704,winter,1,wind_speed_mean,anom_persistence,0.3417172133922577
705,winter,1,wind_speed_mean,anom_persistence,0.5395175218582153
706,winter,1,wind_speed_mean,anom_persistence,0.547301709651947
707,winter,1,wind_speed_mean,anom_persistence,0.5457546710968018
708,winter,1,wind_speed_mean,anom_persistence,0.2743130624294281
709,winter,1,wind_speed_mean,anom_persistence,0.20671282708644867
800,winter,1,wind_speed_mean,anom_persistence,0.49005189538002014
801,winter,1,wind_speed_mean,anom_persistence,0.4269348382949829
802,winter,1,wind_speed_mean,anom_persistence,0.36500290036201477
803,winter,1,wind_speed_mean,anom_persistence,0.23326349258422852
804,winter,1,wind_speed_mean,anom_persistence,0.6137600541114807
805,winter,1,wind_speed_mean,anom_persistence,0.9216635227203369
806,winter,1,wind_speed_mean,anom_persistence,1.0879483222961426
807,winter,1,wind_speed_mean,anom_persistence,1.172504186630249
808,winter,1,wind_speed_mean,anom_persistence,0.7989435195922852
809,winter,1,wind_speed_mean,anom_persistence,0.5210981965065002
900,winter,1,wind_speed_mean,anom_persistence,0.31229710578918457
901,winter,1,wind_speed_mean,anom_persistence,0.21739192306995392
902,winter,1,wind_speed_mean,anom_persistence,0.16727593541145325
903,winter,1,wind_speed_mean,anom_persistence,0.32402464747428894
904,winter,1,wind_speed_mean,anom_persistence,0.5628649592399597
905,winter,1,wind_speed_mean,anom_persistence,1.1880868673324585
906,winter,1,wind_speed_mean,anom_persistence,1.3757563829421997
907,winter,1,wind_speed_mean,anom_persistence,1.0853997468948364
908,winter,1,wind_speed_mean,anom_persistence,0.841001570224762
909,winter,1,wind_speed_mean,anom_persistence,0.8803504705429077
1000,winter,1,wind_speed_mean,anom_persistence,0.5390293598175049
1001,winter,1,wind_speed_mean,anom_persistence,0.14821304380893707
1002,winter,1,wind_speed_mean,anom_persistence,0.20908348262310028
1003,winter,1,wind_speed_mean,anom_persistence,0.2277054637670517
1004,winter,1,wind_speed_mean,anom_persistence,0.6480683088302612
1005,winter,1,wind_speed_mean,anom_persistence,0.5047586560249329
1006,winter,1,wind_speed_mean,anom_persistence,0.9376494288444519
1007,winter,1,wind_speed_mean,anom_persistence,0.8704113960266113
1008,winter,1,wind_speed_mean,anom_persistence,0.9997918009757996
1009,winter,1,wind_speed_mean,anom_persistence,1.2947962284088135
0,pre_monsoon,1,wind_speed_mean,anom_persistence,0.9988550543785095
1,pre_monsoon,1,wind_speed_mean,anom_persistence,0.8656536936759949
2,pre_monsoon,1,wind_speed_mean,anom_persistence,0.7465770244598389
3,pre_monsoon,1,wind_speed_mean,anom_persistence,1.1030550003051758
4,pre_monsoon,1,wind_speed_mean,anom_persistence,0.8862478137016296
5,pre_monsoon,1,wind_speed_mean,anom_persistence,1.2973766326904297
6,pre_monsoon,1,wind_speed_mean,anom_persistence,1.1479568481445312
7,pre_monsoon,1,wind_speed_mean,anom_persistence,1.0468964576721191
8,pre_monsoon,1,wind_speed_mean,anom_persistence,1.1300855875015259
9,pre_monsoon,1,wind_speed_mean,anom_persistence,1.2106188535690308
100,pre_monsoon,1,wind_speed_mean,anom_persistence,0.7817482352256775
101,pre_monsoon,1,wind_speed_mean,anom_persistence,0.8045269846916199
102,pre_monsoon,1,wind_speed_mean,anom_persistence,0.6516897678375244
103,pre_monsoon,1,wind_speed_mean,anom_persistence,0.43401452898979187
104,pre_monsoon,1,wind_speed_mean,anom_persistence,1.1102555990219116
105,pre_monsoon,1,wind_speed_mean,anom_persistence,1.231797456741333
106,pre_monsoon,1,wind_speed_mean,anom_persistence,1.1222397089004517
107,pre_monsoon,1,wind_speed_mean,anom_persistence,1.010910987854004
108,pre_monsoon,1,wind_speed_mean,anom_persistence,1.0131465196609497
109,pre_monsoon,1,wind_speed_mean,anom_persistence,1.1218187808990479
200,pre_monsoon,1,wind_speed_mean,anom_persistence,0.7807536125183105
201,pre_monsoon,1,wind_speed_mean,anom_persistence,0.8936872482299805
202,pre_monsoon,1,wind_speed_mean,anom_persistence,0.6013259291648865
203,pre_monsoon,1,wind_speed_mean,anom_persistence,0.4740717113018036
204,pre_monsoon,1,wind_speed_mean,anom_persistence,0.8873688578605652
205,pre_monsoon,1,wind_speed_mean,anom_persistence,1.1645777225494385
206,pre_monsoon,1,wind_speed_mean,anom_persistence,1.1857928037643433
207,pre_monsoon,1,wind_speed_mean,anom_persistence,1.0600296258926392
208,pre_monsoon,1,wind_speed_mean,anom_persistence,0.8364316821098328
209,pre_monsoon,1,wind_speed_mean,anom_persistence,0.8064723014831543
300,pre_monsoon,1,wind_speed_mean,anom_persistence,0.9115034937858582
301,pre_monsoon,1,wind_speed_mean,anom_persistence,0.7716323137283325
302,pre_monsoon,1,wind_speed_mean,anom_persistence,0.627058207988739
303,pre_monsoon,1,wind_speed_mean,anom_persistence,0.49987608194351196
304,pre_monsoon,1,wind_speed_mean,anom_persistence,0.5022677183151245
305,pre_monsoon,1,wind_speed_mean,anom_persistence,0.9497458934783936
306,pre_monsoon,1,wind_speed_mean,anom_persistence,1.0585871934890747
307,pre_monsoon,1,wind_speed_mean,anom_persistence,0.9749996662139893
308,pre_monsoon,1,wind_speed_mean,anom_persistence,0.6825539469718933
309,pre_monsoon,1,wind_speed_mean,anom_persistence,0.3426678478717804
400,pre_monsoon,1,wind_speed_mean,anom_persistence,0.7631416320800781
401,pre_monsoon,1,wind_speed_mean,anom_persistence,0.6868505477905273
402,pre_monsoon,1,wind_speed_mean,anom_persistence,0.45886266231536865
403,pre_monsoon,1,wind_speed_mean,anom_persistence,0.47758060693740845
404,pre_monsoon,1,wind_speed_mean,anom_persistence,0.45438724756240845
405,pre_monsoon,1,wind_speed_mean,anom_persistence,0.4594404995441437
406,pre_monsoon,1,wind_speed_mean,anom_persistence,0.9587029218673706
407,pre_monsoon,1,wind_speed_mean,anom_persistence,0.9074734449386597
408,pre_monsoon,1,wind_speed_mean,anom_persistence,0.48281097412109375
409,pre_monsoon,1,wind_speed_mean,anom_persistence,0.41480696201324463
500,pre_monsoon,1,wind_speed_mean,anom_persistence,0.7950360178947449
501,pre_monsoon,1,wind_speed_mean,anom_persistence,0.5968974232673645
502,pre_monsoon,1,wind_speed_mean,anom_persistence,0.5242868661880493
503,pre_monsoon,1,wind_speed_mean,anom_persistence,0.5374162197113037
504,pre_monsoon,1,wind_speed_mean,anom_persistence,0.4879204332828522
505,pre_monsoon,1,wind_speed_mean,anom_persistence,0.5172660946846008
506,pre_monsoon,1,wind_speed_mean,anom_persistence,0.4908714294433594
507,pre_monsoon,1,wind_speed_mean,anom_persistence,0.5531936287879944
508,pre_monsoon,1,wind_speed_mean,anom_persistence,0.31704410910606384
509,pre_monsoon,1,wind_speed_mean,anom_persistence,0.36591771245002747
600,pre_monsoon,1,wind_speed_mean,anom_persistence,1.0401616096496582
601,pre_monsoon,1,wind_speed_mean,anom_persistence,0.882615327835083
602,pre_monsoon,1,wind_speed_mean,anom_persistence,0.6397129893302917
603,pre_monsoon,1,wind_speed_mean,anom_persistence,0.6447052359580994
604,pre_monsoon,1,wind_speed_mean,anom_persistence,0.8115915656089783
605,pre_monsoon,1,wind_speed_mean,anom_persistence,0.6594119668006897
606,pre_monsoon,1,wind_speed_mean,anom_persistence,0.4728334844112396
607,pre_monsoon,1,wind_speed_mean,anom_persistence,0.37090587615966797
608,pre_monsoon,1,wind_speed_mean,anom_persistence,0.3247791528701782
609,pre_monsoon,1,wind_speed_mean,anom_persistence,0.23211094737052917
700,pre_monsoon,1,wind_speed_mean,anom_persistence,0.8138455748558044
701,pre_monsoon,1,wind_speed_mean,anom_persistence,0.860461950302124
702,pre_monsoon,1,wind_speed_mean,anom_persistence,0.741264283657074
703,pre_monsoon,1,wind_speed_mean,anom_persistence,0.6222955584526062
704,pre_monsoon,1,wind_speed_mean,anom_persistence,0.34331732988357544
705,pre_monsoon,1,wind_speed_mean,anom_persistence,0.4359763264656067
706,pre_monsoon,1,wind_speed_mean,anom_persistence,0.49841710925102234
707,pre_monsoon,1,wind_speed_mean,anom_persistence,0.4626992642879486
708,pre_monsoon,1,wind_speed_mean,anom_persistence,0.22353066504001617
709,pre_monsoon,1,wind_speed_mean,anom_persistence,0.20171433687210083
800,pre_monsoon,1,wind_speed_mean,anom_persistence,0.7453411817550659
801,pre_monsoon,1,wind_speed_mean,anom_persistence,0.6968474984169006
802,pre_monsoon,1,wind_speed_mean,anom_persistence,0.5031799077987671
803,pre_monsoon,1,wind_speed_mean,anom_persistence,0.23885613679885864
804,pre_monsoon,1,wind_speed_mean,anom_persistence,0.6067821979522705
805,pre_monsoon,1,wind_speed_mean,anom_persistence,0.9289581775665283
806,pre_monsoon,1,wind_speed_mean,anom_persistence,0.9968613386154175
807,pre_monsoon,1,wind_speed_mean,anom_persistence,1.164474606513977
808,pre_monsoon,1,wind_speed_mean,anom_persistence,0.8232707381248474
809,pre_monsoon,1,wind_speed_mean,anom_persistence,0.5061595439910889
900,pre_monsoon,1,wind_speed_mean,anom_persistence,0.3397737741470337
901,pre_monsoon,1,wind_speed_mean,anom_persistence,0.23779352009296417
902,pre_monsoon,1,wind_speed_mean,anom_persistence,0.17545607686042786
903,pre_monsoon,1,wind_speed_mean,anom_persistence,0.33201178908348083
904,pre_monsoon,1,wind_speed_mean,anom_persistence,0.5601965188980103
905,pre_monsoon,1,wind_speed_mean,anom_persistence,0.9872332811355591
906,pre_monsoon,1,wind_speed_mean,anom_persistence,1.0751980543136597
907,pre_monsoon,1,wind_speed_mean,anom_persistence,0.9454048871994019
908,pre_monsoon,1,wind_speed_mean,anom_persistence,0.9593026041984558
909,pre_monsoon,1,wind_speed_mean,anom_persistence,1.0944814682006836
1000,pre_monsoon,1,wind_speed_mean,anom_persistence,0.6461390256881714
1001,pre_monsoon,1,wind_speed_mean,anom_persistence,0.16594327986240387
1002,pre_monsoon,1,wind_speed_mean,anom_persistence,0.27467289566993713
1003,pre_monsoon,1,wind_speed_mean,anom_persistence,0.3888970613479614
1004,pre_monsoon,1,wind_speed_mean,anom_persistence,0.8808037638664246
1005,pre_monsoon,1,wind_speed_mean,anom_persistence,0.5451789498329163
1006,pre_monsoon,1,wind_speed_mean,anom_persistence,0.7253790497779846
1007,pre_monsoon,1,wind_speed_mean,anom_persistence,0.7959120869636536
1008,pre_monsoon,1,wind_speed_mean,anom_persistence,1.2428690195083618
1009,pre_monsoon,1,wind_speed_mean,anom_persistence,1.562939167022705
0,monsoon,1,wind_speed_mean,anom_persistence,0.7097762823104858
1,monsoon,1,wind_speed_mean,anom_persistence,0.7214986085891724
2,monsoon,1,wind_speed_mean,anom_persistence,0.7060112953186035
3,monsoon,1,wind_speed_mean,anom_persistence,0.6839963793754578
4,monsoon,1,wind_speed_mean,anom_persistence,0.7663202285766602
5,monsoon,1,wind_speed_mean,anom_persistence,0.9459863305091858
6,monsoon,1,wind_speed_mean,anom_persistence,0.9224549531936646
7,monsoon,1,wind_speed_mean,anom_persistence,0.9754296541213989
8,monsoon,1,wind_speed_mean,anom_persistence,0.9445042014122009
9,monsoon,1,wind_speed_mean,anom_persistence,1.1246771812438965
100,monsoon,1,wind_speed_mean,anom_persistence,0.7643182873725891
101,monsoon,1,wind_speed_mean,anom_persistence,0.8564451336860657
102,monsoon,1,wind_speed_mean,anom_persistence,0.6660845875740051
103,monsoon,1,wind_speed_mean,anom_persistence,0.4634251594543457
104,monsoon,1,wind_speed_mean,anom_persistence,0.8158095479011536
105,monsoon,1,wind_speed_mean,anom_persistence,0.8145163059234619
106,monsoon,1,wind_speed_mean,anom_persistence,0.9009459614753723
107,monsoon,1,wind_speed_mean,anom_persistence,0.9767786860466003
108,monsoon,1,wind_speed_mean,anom_persistence,1.0367544889450073
109,monsoon,1,wind_speed_mean,anom_persistence,1.0388456583023071
200,monsoon,1,wind_speed_mean,anom_persistence,0.8868012428283691
201,monsoon,1,wind_speed_mean,anom_persistence,0.9906176328659058
202,monsoon,1,wind_speed_mean,anom_persistence,0.6096420288085938
203,monsoon,1,wind_speed_mean,anom_persistence,0.5675491690635681
204,monsoon,1,wind_speed_mean,anom_persistence,0.8433266282081604
205,monsoon,1,wind_speed_mean,anom_persistence,0.8768589496612549
206,monsoon,1,wind_speed_mean,anom_persistence,0.976868748664856
207,monsoon,1,wind_speed_mean,anom_persistence,1.0536725521087646
208,monsoon,1,wind_speed_mean,anom_persistence,0.9957969188690186
209,monsoon,1,wind_speed_mean,anom_persistence,0.989137589931488
300,monsoon,1,wind_speed_mean,anom_persistence,0.9383251667022705
301,monsoon,1,wind_speed_mean,anom_persistence,0.849227786064148
302,monsoon,1,wind_speed_mean,anom_persistence,0.5502919554710388
303,monsoon,1,wind_speed_mean,anom_persistence,0.5357339382171631
304,monsoon,1,wind_speed_mean,anom_persistence,0.5394994020462036
305,monsoon,1,wind_speed_mean,anom_persistence,1.157454013824463
306,monsoon,1,wind_speed_mean,anom_persistence,1.2389181852340698
307,monsoon,1,wind_speed_mean,anom_persistence,1.1982415914535522
308,monsoon,1,wind_speed_mean,anom_persistence,1.0535273551940918
309,monsoon,1,wind_speed_mean,anom_persistence,0.5249859690666199
400,monsoon,1,wind_speed_mean,anom_persistence,1.0196961164474487
401,monsoon,1,wind_speed_mean,anom_persistence,0.821991503238678
402,monsoon,1,wind_speed_mean,anom_persistence,0.5070384740829468
403,monsoon,1,wind_speed_mean,anom_persistence,0.49608510732650757
404,monsoon,1,wind_speed_mean,anom_persistence,0.46167516708374023
405,monsoon,1,wind_speed_mean,anom_persistence,0.5305446982383728
406,monsoon,1,wind_speed_mean,anom_persistence,1.0423128604888916
407,monsoon,1,wind_speed_mean,anom_persistence,1.2844831943511963
408,monsoon,1,wind_speed_mean,anom_persistence,0.7076355218887329
409,monsoon,1,wind_speed_mean,anom_persistence,0.4403357207775116
500,monsoon,1,wind_speed_mean,anom_persistence,0.9824440479278564
501,monsoon,1,wind_speed_mean,anom_persistence,0.7330294251441956
502,monsoon,1,wind_speed_mean,anom_persistence,0.6241098046302795
503,monsoon,1,wind_speed_mean,anom_persistence,0.5755659341812134
504,monsoon,1,wind_speed_mean,anom_persistence,0.49157917499542236
505,monsoon,1,wind_speed_mean,anom_persistence,0.5641451478004456
506,monsoon,1,wind_speed_mean,anom_persistence,0.614104151725769
507,monsoon,1,wind_speed_mean,anom_persistence,0.6079704761505127
508,monsoon,1,wind_speed_mean,anom_persistence,0.3156943917274475
509,monsoon,1,wind_speed_mean,anom_persistence,0.39501050114631653
600,monsoon,1,wind_speed_mean,anom_persistence,0.8930341005325317
601,monsoon,1,wind_speed_mean,anom_persistence,0.877040684223175
602,monsoon,1,wind_speed_mean,anom_persistence,0.6702006459236145
603,monsoon,1,wind_speed_mean,anom_persistence,0.5815525650978088
604,monsoon,1,wind_speed_mean,anom_persistence,0.7102404832839966
605,monsoon,1,wind_speed_mean,anom_persistence,0.6357215046882629
606,monsoon,1,wind_speed_mean,anom_persistence,0.46861112117767334
607,monsoon,1,wind_speed_mean,anom_persistence,0.3514292538166046
608,monsoon,1,wind_speed_mean,anom_persistence,0.29453733563423157
609,monsoon,1,wind_speed_mean,anom_persistence,0.2279859483242035
700,monsoon,1,wind_speed_mean,anom_persistence,0.5587617754936218
701,monsoon,1,wind_speed_mean,anom_persistence,0.7335582971572876
702,monsoon,1,wind_speed_mean,anom_persistence,0.6082205176353455
703,monsoon,1,wind_speed_mean,anom_persistence,0.5474286675453186
704,monsoon,1,wind_speed_mean,anom_persistence,0.28885143995285034
705,monsoon,1,wind_speed_mean,anom_persistence,0.31045570969581604
706,monsoon,1,wind_speed_mean,anom_persistence,0.33118948340415955
707,monsoon,1,wind_speed_mean,anom_persistence,0.3482552766799927
708,monsoon,1,wind_speed_mean,anom_persistence,0.24665768444538116
709,monsoon,1,wind_speed_mean,anom_persistence,0.20229622721672058
800,monsoon,1,wind_speed_mean,anom_persistence,0.42580851912498474
801,monsoon,1,wind_speed_mean,anom_persistence,0.5636279582977295
802,monsoon,1,wind_speed_mean,anom_persistence,0.38341519236564636
803,monsoon,1,wind_speed_mean,anom_persistence,0.20429781079292297
804,monsoon,1,wind_speed_mean,anom_persistence,0.473604679107666
805,monsoon,1,wind_speed_mean,anom_persistence,0.5614171624183655
806,monsoon,1,wind_speed_mean,anom_persistence,0.5794637799263
807,monsoon,1,wind_speed_mean,anom_persistence,0.6368333697319031
808,monsoon,1,wind_speed_mean,anom_persistence,0.5709963440895081
809,monsoon,1,wind_speed_mean,anom_persistence,0.4468593895435333
900,monsoon,1,wind_speed_mean,anom_persistence,0.22062356770038605
901,monsoon,1,wind_speed_mean,anom_persistence,0.17742158472537994
902,monsoon,1,wind_speed_mean,anom_persistence,0.15163737535476685
903,monsoon,1,wind_speed_mean,anom_persistence,0.2667246162891388
904,monsoon,1,wind_speed_mean,anom_persistence,0.43200698494911194
905,monsoon,1,wind_speed_mean,anom_persistence,0.7104684114456177
906,monsoon,1,wind_speed_mean,anom_persistence,0.8923444747924805
907,monsoon,1,wind_speed_mean,anom_persistence,0.8156329989433289
908,monsoon,1,wind_speed_mean,anom_persistence,0.660861611366272
909,monsoon,1,wind_speed_mean,anom_persistence,0.7670708894729614
1000,monsoon,1,wind_speed_mean,anom_persistence,0.3319797217845917
1001,monsoon,1,wind_speed_mean,anom_persistence,0.12915268540382385
1002,monsoon,1,wind_speed_mean,anom_persistence,0.19511978328227997
1003,monsoon,1,wind_speed_mean,anom_persistence,0.3165886402130127
1004,monsoon,1,wind_speed_mean,anom_persistence,0.9989858269691467
1005,monsoon,1,wind_speed_mean,anom_persistence,0.5061905384063721
1006,monsoon,1,wind_speed_mean,anom_persistence,0.6267279982566833
1007,monsoon,1,wind_speed_mean,anom_persistence,0.7576646208763123
1008,monsoon,1,wind_speed_mean,anom_persistence,1.1128088235855103
1009,monsoon,1,wind_speed_mean,anom_persistence,1.4237483739852905
0,post_monsoon,1,wind_speed_mean,anom_persistence,1.1151081323623657
1,post_monsoon,1,wind_speed_mean,anom_persistence,0.8641369938850403
2,post_monsoon,1,wind_speed_mean,anom_persistence,0.9906777143478394
3,post_monsoon,1,wind_speed_mean,anom_persistence,0.9224357604980469
4,post_monsoon,1,wind_speed_mean,anom_persistence,0.9056400656700134
5,post_monsoon,1,wind_speed_mean,anom_persistence,1.4374136924743652
6,post_monsoon,1,wind_speed_mean,anom_persistence,1.4298596382141113
7,post_monsoon,1,wind_speed_mean,anom_persistence,1.446687936782837
8,post_monsoon,1,wind_speed_mean,anom_persistence,1.3681843280792236
9,post_monsoon,1,wind_speed_mean,anom_persistence,1.3139338493347168
100,post_monsoon,1,wind_speed_mean,anom_persistence,1.2627489566802979
101,post_monsoon,1,wind_speed_mean,anom_persistence,0.9417898654937744
102,post_monsoon,1,wind_speed_mean,anom_persistence,0.6374450325965881
103,post_monsoon,1,wind_speed_mean,anom_persistence,0.4523252248764038
104,post_monsoon,1,wind_speed_mean,anom_persistence,1.2526428699493408
105,post_monsoon,1,wind_speed_mean,anom_persistence,1.5111503601074219
106,post_monsoon,1,wind_speed_mean,anom_persistence,1.4376095533370972
107,post_monsoon,1,wind_speed_mean,anom_persistence,1.399093508720398
108,post_monsoon,1,wind_speed_mean,anom_persistence,1.3505339622497559
109,post_monsoon,1,wind_speed_mean,anom_persistence,1.2622652053833008
200,post_monsoon,1,wind_speed_mean,anom_persistence,1.0544289350509644
201,post_monsoon,1,wind_speed_mean,anom_persistence,1.0037058591842651
202,post_monsoon,1,wind_speed_mean,anom_persistence,0.5408890247344971
203,post_monsoon,1,wind_speed_mean,anom_persistence,0.5354782342910767
204,post_monsoon,1,wind_speed_mean,anom_persistence,1.330824375152588
205,post_monsoon,1,wind_speed_mean,anom_persistence,1.5648549795150757
206,post_monsoon,1,wind_speed_mean,anom_persistence,1.5265628099441528
207,post_monsoon,1,wind_speed_mean,anom_persistence,1.399374008178711
208,post_monsoon,1,wind_speed_mean,anom_persistence,1.1930474042892456
209,post_monsoon,1,wind_speed_mean,anom_persistence,1.0740162134170532
300,post_monsoon,1,wind_speed_mean,anom_persistence,0.92875075340271
301,post_monsoon,1,wind_speed_mean,anom_persistence,0.8196083903312683
302,post_monsoon,1,wind_speed_mean,anom_persistence,0.40269264578819275
303,post_monsoon,1,wind_speed_mean,anom_persistence,0.4502480924129486
304,post_monsoon,1,wind_speed_mean,anom_persistence,0.6507799029350281
305,post_monsoon,1,wind_speed_mean,anom_persistence,1.320242166519165
306,post_monsoon,1,wind_speed_mean,anom_persistence,1.364698886871338
307,post_monsoon,1,wind_speed_mean,anom_persistence,1.202233910560608
308,post_monsoon,1,wind_speed_mean,anom_persistence,0.8751345872879028
309,post_monsoon,1,wind_speed_mean,anom_persistence,0.46194031834602356
400,post_monsoon,1,wind_speed_mean,anom_persistence,0.9797322750091553
401,post_monsoon,1,wind_speed_mean,anom_persistence,0.6094490885734558
402,post_monsoon,1,wind_speed_mean,anom_persistence,0.35158172249794006
403,post_monsoon,1,wind_speed_mean,anom_persistence,0.3770734667778015
404,post_monsoon,1,wind_speed_mean,anom_persistence,0.4338413178920746
405,post_monsoon,1,wind_speed_mean,anom_persistence,0.5009562969207764
406,post_monsoon,1,wind_speed_mean,anom_persistence,0.9939916133880615
407,post_monsoon,1,wind_speed_mean,anom_persistence,0.9549663066864014
408,post_monsoon,1,wind_speed_mean,anom_persistence,0.46506839990615845
409,post_monsoon,1,wind_speed_mean,anom_persistence,0.31650516390800476
500,post_monsoon,1,wind_speed_mean,anom_persistence,0.6844159364700317
501,post_monsoon,1,wind_speed_mean,anom_persistence,0.4352288246154785
502,post_monsoon,1,wind_speed_mean,anom_persistence,0.3742910325527191
503,post_monsoon,1,wind_speed_mean,anom_persistence,0.3900958299636841
504,post_monsoon,1,wind_speed_mean,anom_persistence,0.3805479109287262
505,post_monsoon,1,wind_speed_mean,anom_persistence,0.4242570102214813
506,post_monsoon,1,wind_speed_mean,anom_persistence,0.4125533699989319
507,post_monsoon,1,wind_speed_mean,anom_persistence,0.361963152885437
508,post_monsoon,1,wind_speed_mean,anom_persistence,0.1839825063943863
509,post_monsoon,1,wind_speed_mean,anom_persistence,0.2409243881702423
600,post_monsoon,1,wind_speed_mean,anom_persistence,0.5997987389564514
601,post_monsoon,1,wind_speed_mean,anom_persistence,0.5415976643562317
602,post_monsoon,1,wind_speed_mean,anom_persistence,0.42489340901374817
603,post_monsoon,1,wind_speed_mean,anom_persistence,0.41045546531677246
604,post_monsoon,1,wind_speed_mean,anom_persistence,0.4772427976131439
605,post_monsoon,1,wind_speed_mean,anom_persistence,0.4812285602092743
606,post_monsoon,1,wind_speed_mean,anom_persistence,0.3707464337348938
607,post_monsoon,1,wind_speed_mean,anom_persistence,0.2764948904514313
608,post_monsoon,1,wind_speed_mean,anom_persistence,0.18791835010051727
609,post_monsoon,1,wind_speed_mean,anom_persistence,0.15723778307437897
700,post_monsoon,1,wind_speed_mean,anom_persistence,0.3576871156692505
701,post_monsoon,1,wind_speed_mean,anom_persistence,0.47337818145751953
702,post_monsoon,1,wind_speed_mean,anom_persistence,0.4071653187274933
703,post_monsoon,1,wind_speed_mean,anom_persistence,0.30647897720336914
704,post_monsoon,1,wind_speed_mean,anom_persistence,0.22261932492256165
705,post_monsoon,1,wind_speed_mean,anom_persistence,0.31818756461143494
706,post_monsoon,1,wind_speed_mean,anom_persistence,0.3911876380443573
707,post_monsoon,1,wind_speed_mean,anom_persistence,0.42106562852859497
708,post_monsoon,1,wind_speed_mean,anom_persistence,0.2601189613342285
709,post_monsoon,1,wind_speed_mean,anom_persistence,0.21463152766227722
800,post_monsoon,1,wind_speed_mean,anom_persistence,0.30067577958106995
801,post_monsoon,1,wind_speed_mean,anom_persistence,0.3327100872993469
802,post_monsoon,1,wind_speed_mean,anom_persistence,0.2295280545949936
803,post_monsoon,1,wind_speed_mean,anom_persistence,0.1901530772447586
804,post_monsoon,1,wind_speed_mean,anom_persistence,0.4826732277870178
805,post_monsoon,1,wind_speed_mean,anom_persistence,0.5996941924095154
806,post_monsoon,1,wind_speed_mean,anom_persistence,0.5965760350227356
807,post_monsoon,1,wind_speed_mean,anom_persistence,0.8246493935585022
808,post_monsoon,1,wind_speed_mean,anom_persistence,0.6457929611206055
809,post_monsoon,1,wind_speed_mean,anom_persistence,0.4962965250015259
900,post_monsoon,1,wind_speed_mean,anom_persistence,0.1965494006872177
901,post_monsoon,1,wind_speed_mean,anom_persistence,0.1550246775150299
902,post_monsoon,1,wind_speed_mean,anom_persistence,0.14003300666809082
903,post_monsoon,1,wind_speed_mean,anom_persistence,0.26195913553237915
904,post_monsoon,1,wind_speed_mean,anom_persistence,0.38161325454711914
905,post_monsoon,1,wind_speed_mean,anom_persistence,0.6218199729919434
906,post_monsoon,1,wind_speed_mean,anom_persistence,0.8130868673324585
907,post_monsoon,1,wind_speed_mean,anom_persistence,0.8954870700836182
908,post_monsoon,1,wind_speed_mean,anom_persistence,0.7069783210754395
909,post_monsoon,1,wind_speed_mean,anom_persistence,0.7832869291305542
1000,post_monsoon,1,wind_speed_mean,anom_persistence,0.29979825019836426
1001,post_monsoon,1,wind_speed_mean,anom_persistence,0.13274656236171722
1002,post_monsoon,1,wind_speed_mean,anom_persistence,0.16313287615776062
1003,post_monsoon,1,wind_speed_mean,anom_persistence,0.21701680123806
1004,post_monsoon,1,wind_speed_mean,anom_persistence,0.44626688957214355
1005,post_monsoon,1,wind_speed_mean,anom_persistence,0.4040277898311615
1006,post_monsoon,1,wind_speed_mean,anom_persistence,0.7902970314025879
1007,post_monsoon,1,wind_speed_mean,anom_persistence,0.7735492587089539
1008,post_monsoon,1,wind_speed_mean,anom_persistence,0.6940348744392395
1009,post_monsoon,1,wind_speed_mean,anom_persistence,1.1979128122329712
0,winter,2,wind_speed_mean,climatology,1.1616263389587402
1,winter,2,wind_speed_mean,climatology,0.9202948808670044
2,winter,2,wind_speed_mean,climatology,0.8853707909584045
3,winter,2,wind_speed_mean,climatology,1.174497127532959
4,winter,2,wind_speed_mean,climatology,0.8003497123718262
5,winter,2,wind_speed_mean,climatology,1.177188754081726
6,winter,2,wind_speed_mean,climatology,1.1208207607269287
7,winter,2,wind_speed_mean,climatology,0.9449529647827148
8,winter,2,wind_speed_mean,climatology,0.8940522074699402
9,winter,2,wind_speed_mean,climatology,1.025055170059204
100,winter,2,wind_speed_mean,climatology,1.2151336669921875
101,winter,2,wind_speed_mean,climatology,0.8999437689781189
102,winter,2,wind_speed_mean,climatology,0.4867650270462036
103,winter,2,wind_speed_mean,climatology,0.4708667993545532
104,winter,2,wind_speed_mean,climatology,1.3716505765914917
105,winter,2,wind_speed_mean,climatology,1.3219727277755737
106,winter,2,wind_speed_mean,climatology,1.162824273109436
107,winter,2,wind_speed_mean,climatology,0.9639261960983276
108,winter,2,wind_speed_mean,climatology,0.9190070629119873
109,winter,2,wind_speed_mean,climatology,0.9986410737037659
200,winter,2,wind_speed_mean,climatology,1.1601314544677734
201,winter,2,wind_speed_mean,climatology,1.1052714586257935
202,winter,2,wind_speed_mean,climatology,0.45499366521835327
203,winter,2,wind_speed_mean,climatology,0.3852633237838745
204,winter,2,wind_speed_mean,climatology,1.5439618825912476
205,winter,2,wind_speed_mean,climatology,1.873198390007019
206,winter,2,wind_speed_mean,climatology,1.6452573537826538
207,winter,2,wind_speed_mean,climatology,1.2410534620285034
208,winter,2,wind_speed_mean,climatology,0.9752767086029053
209,winter,2,wind_speed_mean,climatology,1.0861071348190308
300,winter,2,wind_speed_mean,climatology,1.0828266143798828
301,winter,2,wind_speed_mean,climatology,0.9442784190177917
302,winter,2,wind_speed_mean,climatology,0.43336835503578186
303,winter,2,wind_speed_mean,climatology,0.29659366607666016
304,winter,2,wind_speed_mean,climatology,0.5017089247703552
305,winter,2,wind_speed_mean,climatology,1.3507237434387207
306,winter,2,wind_speed_mean,climatology,1.5312187671661377
307,winter,2,wind_speed_mean,climatology,1.3153462409973145
308,winter,2,wind_speed_mean,climatology,1.1963034868240356
309,winter,2,wind_speed_mean,climatology,0.42400163412094116
400,winter,2,wind_speed_mean,climatology,1.2049767971038818
401,winter,2,wind_speed_mean,climatology,0.8739705085754395
402,winter,2,wind_speed_mean,climatology,0.3254512846469879
403,winter,2,wind_speed_mean,climatology,0.3132826089859009
404,winter,2,wind_speed_mean,climatology,0.29716503620147705
405,winter,2,wind_speed_mean,climatology,0.3661381006240845
406,winter,2,wind_speed_mean,climatology,0.9991937279701233
407,winter,2,wind_speed_mean,climatology,1.2234435081481934
408,winter,2,wind_speed_mean,climatology,0.7962167263031006
409,winter,2,wind_speed_mean,climatology,0.38259488344192505
500,winter,2,wind_speed_mean,climatology,0.8345341086387634
501,winter,2,wind_speed_mean,climatology,0.5591410994529724
502,winter,2,wind_speed_mean,climatology,0.4187706708908081
503,winter,2,wind_speed_mean,climatology,0.3863319158554077
504,winter,2,wind_speed_mean,climatology,0.4281825125217438
505,winter,2,wind_speed_mean,climatology,0.4158026874065399
506,winter,2,wind_speed_mean,climatology,0.4152357578277588
507,winter,2,wind_speed_mean,climatology,0.39315924048423767
508,winter,2,wind_speed_mean,climatology,0.27661776542663574
509,winter,2,wind_speed_mean,climatology,0.2876226603984833
600,winter,2,wind_speed_mean,climatology,0.667474627494812
601,winter,2,wind_speed_mean,climatology,0.70533287525177
602,winter,2,wind_speed_mean,climatology,0.46442094445228577
603,winter,2,wind_speed_mean,climatology,0.5385055541992188
604,winter,2,wind_speed_mean,climatology,0.775221586227417
605,winter,2,wind_speed_mean,climatology,0.5883289575576782
606,winter,2,wind_speed_mean,climatology,0.3838755786418915
607,winter,2,wind_speed_mean,climatology,0.2690883278846741
608,winter,2,wind_speed_mean,climatology,0.2813361585140228
609,winter,2,wind_speed_mean,climatology,0.20398038625717163
700,winter,2,wind_speed_mean,climatology,0.5480039119720459
701,winter,2,wind_speed_mean,climatology,0.572322428226471
702,winter,2,wind_speed_mean,climatology,0.5550402402877808
703,winter,2,wind_speed_mean,climatology,0.6418666243553162
704,winter,2,wind_speed_mean,climatology,0.3853004574775696
705,winter,2,wind_speed_mean,climatology,0.6352777481079102
706,winter,2,wind_speed_mean,climatology,0.5997809171676636
707,winter,2,wind_speed_mean,climatology,0.6171773076057434
708,winter,2,wind_speed_mean,climatology,0.29995110630989075
709,winter,2,wind_speed_mean,climatology,0.23090772330760956
800,winter,2,wind_speed_mean,climatology,0.5862306952476501
801,winter,2,wind_speed_mean,climatology,0.4178314805030823
802,winter,2,wind_speed_mean,climatology,0.33985933661460876
803,winter,2,wind_speed_mean,climatology,0.2543273866176605
804,winter,2,wind_speed_mean,climatology,0.7255933880805969
805,winter,2,wind_speed_mean,climatology,1.08125638961792
806,winter,2,wind_speed_mean,climatology,1.299085259437561
807,winter,2,wind_speed_mean,climatology,1.3626322746276855
808,winter,2,wind_speed_mean,climatology,0.8886672258377075
809,winter,2,wind_speed_mean,climatology,0.5123502016067505
900,winter,2,wind_speed_mean,climatology,0.3758448660373688
901,winter,2,wind_speed_mean,climatology,0.2620733976364136
902,winter,2,wind_speed_mean,climatology,0.21241608262062073
903,winter,2,wind_speed_mean,climatology,0.37527066469192505
904,winter,2,wind_speed_mean,climatology,0.6796953678131104
905,winter,2,wind_speed_mean,climatology,1.5289644002914429
906,winter,2,wind_speed_mean,climatology,1.5980294942855835
907,winter,2,wind_speed_mean,climatology,1.2664320468902588
908,winter,2,wind_speed_mean,climatology,0.8716562390327454
909,winter,2,wind_speed_mean,climatology,0.8246577382087708
1000,winter,2,wind_speed_mean,climatology,0.5070744156837463
1001,winter,2,wind_speed_mean,climatology,0.17285394668579102
1002,winter,2,wind_speed_mean,climatology,0.2423200160264969
1003,winter,2,wind_speed_mean,climatology,0.27333498001098633
1004,winter,2,wind_speed_mean,climatology,0.5723878741264343
1005,winter,2,wind_speed_mean,climatology,0.489111065864563
1006,winter,2,wind_speed_mean,climatology,0.8069577217102051
1007,winter,2,wind_speed_mean,climatology,0.813014566898346
1008,winter,2,wind_speed_mean,climatology,0.8062980771064758
1009,winter,2,wind_speed_mean,climatology,1.0904978513717651
0,pre_monsoon,2,wind_speed_mean,climatology,1.1198441982269287
1,pre_monsoon,2,wind_speed_mean,climatology,0.9508516788482666
2,pre_monsoon,2,wind_speed_mean,climatology,0.8333807587623596
3,pre_monsoon,2,wind_speed_mean,climatology,1.3779610395431519
4,pre_monsoon,2,wind_speed_mean,climatology,1.1265912055969238
5,pre_monsoon,2,wind_speed_mean,climatology,1.6158497333526611
6,pre_monsoon,2,wind_speed_mean,climatology,1.8601046800613403
7,pre_monsoon,2,wind_speed_mean,climatology,1.4572113752365112
8,pre_monsoon,2,wind_speed_mean,climatology,1.1243078708648682
9,pre_monsoon,2,wind_speed_mean,climatology,1.193860650062561
100,pre_monsoon,2,wind_speed_mean,climatology,0.8164057731628418
101,pre_monsoon,2,wind_speed_mean,climatology,0.784096360206604
102,pre_monsoon,2,wind_speed_mean,climatology,0.6143138408660889
103,pre_monsoon,2,wind_speed_mean,climatology,0.4484971761703491
104,pre_monsoon,2,wind_speed_mean,climatology,1.3229637145996094
105,pre_monsoon,2,wind_speed_mean,climatology,1.6714954376220703
106,pre_monsoon,2,wind_speed_mean,climatology,1.987285852432251
107,pre_monsoon,2,wind_speed_mean,climatology,2.0045151710510254
108,pre_monsoon,2,wind_speed_mean,climatology,1.276228904724121
109,pre_monsoon,2,wind_speed_mean,climatology,1.1046944856643677
200,pre_monsoon,2,wind_speed_mean,climatology,1.036117434501648
201,pre_monsoon,2,wind_speed_mean,climatology,0.9603101015090942
202,pre_monsoon,2,wind_speed_mean,climatology,0.6095054149627686
203,pre_monsoon,2,wind_speed_mean,climatology,0.46650660037994385
204,pre_monsoon,2,wind_speed_mean,climatology,1.0759944915771484
205,pre_monsoon,2,wind_speed_mean,climatology,1.2749876976013184
206,pre_monsoon,2,wind_speed_mean,climatology,1.897479772567749
207,pre_monsoon,2,wind_speed_mean,climatology,1.8239282369613647
208,pre_monsoon,2,wind_speed_mean,climatology,1.1863878965377808
209,pre_monsoon,2,wind_speed_mean,climatology,0.9786288142204285
300,pre_monsoon,2,wind_speed_mean,climatology,1.3711313009262085
301,pre_monsoon,2,wind_speed_mean,climatology,0.9696853160858154
302,pre_monsoon,2,wind_speed_mean,climatology,0.6685715913772583
303,pre_monsoon,2,wind_speed_mean,climatology,0.5431225299835205
304,pre_monsoon,2,wind_speed_mean,climatology,0.5393534302711487
305,pre_monsoon,2,wind_speed_mean,climatology,1.3469361066818237
306,pre_monsoon,2,wind_speed_mean,climatology,1.575467586517334
307,pre_monsoon,2,wind_speed_mean,climatology,1.2810463905334473
308,pre_monsoon,2,wind_speed_mean,climatology,0.9435464143753052
309,pre_monsoon,2,wind_speed_mean,climatology,0.4294397532939911
400,pre_monsoon,2,wind_speed_mean,climatology,1.0434324741363525
401,pre_monsoon,2,wind_speed_mean,climatology,0.8390134572982788
402,pre_monsoon,2,wind_speed_mean,climatology,0.5948262810707092
403,pre_monsoon,2,wind_speed_mean,climatology,0.5207072496414185
404,pre_monsoon,2,wind_speed_mean,climatology,0.49315568804740906
405,pre_monsoon,2,wind_speed_mean,climatology,0.6053467988967896
406,pre_monsoon,2,wind_speed_mean,climatology,1.4583897590637207
407,pre_monsoon,2,wind_speed_mean,climatology,1.3865962028503418
408,pre_monsoon,2,wind_speed_mean,climatology,0.6717095375061035
409,pre_monsoon,2,wind_speed_mean,climatology,0.4701455533504486
500,pre_monsoon,2,wind_speed_mean,climatology,1.2283987998962402
501,pre_monsoon,2,wind_speed_mean,climatology,0.8188560009002686
502,pre_monsoon,2,wind_speed_mean,climatology,0.6099430918693542
503,pre_monsoon,2,wind_speed_mean,climatology,0.5029861927032471
504,pre_monsoon,2,wind_speed_mean,climatology,0.4626501500606537
505,pre_monsoon,2,wind_speed_mean,climatology,0.4930455982685089
506,pre_monsoon,2,wind_speed_mean,climatology,0.5797080993652344
507,pre_monsoon,2,wind_speed_mean,climatology,0.669621467590332
508,pre_monsoon,2,wind_speed_mean,climatology,0.34174367785453796
509,pre_monsoon,2,wind_speed_mean,climatology,0.3908657729625702
600,pre_monsoon,2,wind_speed_mean,climatology,1.254317045211792
601,pre_monsoon,2,wind_speed_mean,climatology,1.157852292060852
602,pre_monsoon,2,wind_speed_mean,climatology,0.7732910513877869
603,pre_monsoon,2,wind_speed_mean,climatology,0.5763139724731445
604,pre_monsoon,2,wind_speed_mean,climatology,0.8292762637138367
605,pre_monsoon,2,wind_speed_mean,climatology,0.8222460746765137
606,pre_monsoon,2,wind_speed_mean,climatology,0.5339305400848389
607,pre_monsoon,2,wind_speed_mean,climatology,0.33143991231918335
608,pre_monsoon,2,wind_speed_mean,climatology,0.3040658235549927
609,pre_monsoon,2,wind_speed_mean,climatology,0.2165956199169159
700,pre_monsoon,2,wind_speed_mean,climatology,0.7992163300514221
701,pre_monsoon,2,wind_speed_mean,climatology,0.800216555595398
702,pre_monsoon,2,wind_speed_mean,climatology,0.7087748050689697
703,pre_monsoon,2,wind_speed_mean,climatology,0.5596433281898499
704,pre_monsoon,2,wind_speed_mean,climatology,0.32116878032684326
705,pre_monsoon,2,wind_speed_mean,climatology,0.49480950832366943
706,pre_monsoon,2,wind_speed_mean,climatology,0.6298755407333374
707,pre_monsoon,2,wind_speed_mean,climatology,0.5500485897064209
708,pre_monsoon,2,wind_speed_mean,climatology,0.2232280820608139
709,pre_monsoon,2,wind_speed_mean,climatology,0.1821918487548828
800,pre_monsoon,2,wind_speed_mean,climatology,0.793032169342041
801,pre_monsoon,2,wind_speed_mean,climatology,0.5823035836219788
802,pre_monsoon,2,wind_speed_mean,climatology,0.47683775424957275
803,pre_monsoon,2,wind_speed_mean,climatology,0.24583850800991058
804,pre_monsoon,2,wind_speed_mean,climatology,0.765911877155304
805,pre_monsoon,2,wind_speed_mean,climatology,1.134381651878357
806,pre_monsoon,2,wind_speed_mean,climatology,1.1083033084869385
807,pre_monsoon,2,wind_speed_mean,climatology,1.0135157108306885
808,pre_monsoon,2,wind_speed_mean,climatology,0.7019254565238953
809,pre_monsoon,2,wind_speed_mean,climatology,0.4595451354980469
900,pre_monsoon,2,wind_speed_mean,climatology,0.3295581042766571
901,pre_monsoon,2,wind_speed_mean,climatology,0.2391441911458969
902,pre_monsoon,2,wind_speed_mean,climatology,0.18090954422950745
903,pre_monsoon,2,wind_speed_mean,climatology,0.3737093508243561
904,pre_monsoon,2,wind_speed_mean,climatology,0.7049539089202881
905,pre_monsoon,2,wind_speed_mean,climatology,1.036055088043213
906,pre_monsoon,2,wind_speed_mean,climatology,0.9922261834144592
907,pre_monsoon,2,wind_speed_mean,climatology,0.8713584542274475
908,pre_monsoon,2,wind_speed_mean,climatology,0.7670977115631104
909,pre_monsoon,2,wind_speed_mean,climatology,0.8454529047012329
1000,pre_monsoon,2,wind_speed_mean,climatology,0.5812749862670898
1001,pre_monsoon,2,wind_speed_mean,climatology,0.16437388956546783
1002,pre_monsoon,2,wind_speed_mean,climatology,0.2828972041606903
1003,pre_monsoon,2,wind_speed_mean,climatology,0.43353918194770813
1004,pre_monsoon,2,wind_speed_mean,climatology,0.8158833384513855
1005,pre_monsoon,2,wind_speed_mean,climatology,0.5669019222259521
1006,pre_monsoon,2,wind_speed_mean,climatology,0.8002212643623352
1007,pre_monsoon,2,wind_speed_mean,climatology,0.8779416084289551
1008,pre_monsoon,2,wind_speed_mean,climatology,1.0146270990371704
1009,pre_monsoon,2,wind_speed_mean,climatology,1.2721540927886963
0,monsoon,2,wind_speed_mean,climatology,1.0169665813446045
1,monsoon,2,wind_speed_mean,climatology,0.9236417412757874
2,monsoon,2,wind_speed_mean,climatology,0.8274562954902649
3,monsoon,2,wind_speed_mean,climatology,1.0054218769073486
4,monsoon,2,wind_speed_mean,climatology,1.1481242179870605
5,monsoon,2,wind_speed_mean,climatology,1.7491579055786133
6,monsoon,2,wind_speed_mean,climatology,1.7577624320983887
7,monsoon,2,wind_speed_mean,climatology,1.6116470098495483
8,monsoon,2,wind_speed_mean,climatology,1.4325175285339355
9,monsoon,2,wind_speed_mean,climatology,1.4965046644210815
100,monsoon,2,wind_speed_mean,climatology,1.3738648891448975
101,monsoon,2,wind_speed_mean,climatology,1.3592889308929443
102,monsoon,2,wind_speed_mean,climatology,0.8586817979812622
103,monsoon,2,wind_speed_mean,climatology,0.7997520565986633
104,monsoon,2,wind_speed_mean,climatology,1.5325342416763306
105,monsoon,2,wind_speed_mean,climatology,1.9770082235336304
106,monsoon,2,wind_speed_mean,climatology,2.3009753227233887
107,monsoon,2,wind_speed_mean,climatology,2.124514579772949
108,monsoon,2,wind_speed_mean,climatology,1.862905740737915
109,monsoon,2,wind_speed_mean,climatology,1.5609359741210938
200,monsoon,2,wind_speed_mean,climatology,2.392040967941284
201,monsoon,2,wind_speed_mean,climatology,2.2928500175476074
202,monsoon,2,wind_speed_mean,climatology,1.2858915328979492
203,monsoon,2,wind_speed_mean,climatology,1.278580665588379
204,monsoon,2,wind_speed_mean,climatology,1.7482491731643677
205,monsoon,2,wind_speed_mean,climatology,2.5695371627807617
206,monsoon,2,wind_speed_mean,climatology,2.7458109855651855
207,monsoon,2,wind_speed_mean,climatology,2.434884548187256
208,monsoon,2,wind_speed_mean,climatology,1.928600549697876
209,monsoon,2,wind_speed_mean,climatology,1.4379884004592896
300,monsoon,2,wind_speed_mean,climatology,3.0573558807373047
301,monsoon,2,wind_speed_mean,climatology,2.4454197883605957
302,monsoon,2,wind_speed_mean,climatology,1.5162280797958374
303,monsoon,2,wind_speed_mean,climatology,1.3598061800003052
304,monsoon,2,wind_speed_mean,climatology,1.1506730318069458
305,monsoon,2,wind_speed_mean,climatology,2.1404926776885986
306,monsoon,2,wind_speed_mean,climatology,2.6281650066375732
307,monsoon,2,wind_speed_mean,climatology,2.5469770431518555
308,monsoon,2,wind_speed_mean,climatology,1.7658435106277466
309,monsoon,2,wind_speed_mean,climatology,0.6153525710105896
400,monsoon,2,wind_speed_mean,climatology,2.2757272720336914
401,monsoon,2,wind_speed_mean,climatology,1.7601908445358276
402,monsoon,2,wind_speed_mean,climatology,1.1250019073486328
403,monsoon,2,wind_speed_mean,climatology,0.9384610056877136
404,monsoon,2,wind_speed_mean,climatology,0.7623259425163269
405,monsoon,2,wind_speed_mean,climatology,0.8135911226272583
406,monsoon,2,wind_speed_mean,climatology,1.7211477756500244
407,monsoon,2,wind_speed_mean,climatology,2.495394229888916
408,monsoon,2,wind_speed_mean,climatology,1.122847080230713
409,monsoon,2,wind_speed_mean,climatology,0.599249005317688
500,monsoon,2,wind_speed_mean,climatology,1.5632891654968262
501,monsoon,2,wind_speed_mean,climatology,1.0194116830825806
502,monsoon,2,wind_speed_mean,climatology,0.8565306663513184
503,monsoon,2,wind_speed_mean,climatology,0.7678704261779785
504,monsoon,2,wind_speed_mean,climatology,0.7067748308181763
505,monsoon,2,wind_speed_mean,climatology,1.0001229047775269
506,monsoon,2,wind_speed_mean,climatology,0.922841489315033
507,monsoon,2,wind_speed_mean,climatology,0.9336993098258972
508,monsoon,2,wind_speed_mean,climatology,0.37968266010284424
509,monsoon,2,wind_speed_mean,climatology,0.561385989189148
600,monsoon,2,wind_speed_mean,climatology,1.5351855754852295
601,monsoon,2,wind_speed_mean,climatology,1.2880202531814575
602,monsoon,2,wind_speed_mean,climatology,0.7209441661834717
603,monsoon,2,wind_speed_mean,climatology,0.6832748651504517
604,monsoon,2,wind_speed_mean,climatology,1.000486135482788
605,monsoon,2,wind_speed_mean,climatology,1.0741143226623535
606,monsoon,2,wind_speed_mean,climatology,0.7519434094429016
607,monsoon,2,wind_speed_mean,climatology,0.3844958543777466
608,monsoon,2,wind_speed_mean,climatology,0.2840116322040558
609,monsoon,2,wind_speed_mean,climatology,0.21118946373462677
700,monsoon,2,wind_speed_mean,climatology,0.6510025262832642
701,monsoon,2,wind_speed_mean,climatology,0.8341277241706848
702,monsoon,2,wind_speed_mean,climatology,0.6900482773780823
703,monsoon,2,wind_speed_mean,climatology,0.5486167669296265
704,monsoon,2,wind_speed_mean,climatology,0.28271955251693726
705,monsoon,2,wind_speed_mean,climatology,0.3786032795906067
706,monsoon,2,wind_speed_mean,climatology,0.4663390517234802
707,monsoon,2,wind_speed_mean,climatology,0.47337234020233154
708,monsoon,2,wind_speed_mean,climatology,0.27425211668014526
709,monsoon,2,wind_speed_mean,climatology,0.21249844133853912
800,monsoon,2,wind_speed_mean,climatology,0.4286446273326874
801,monsoon,2,wind_speed_mean,climatology,0.52099609375
802,monsoon,2,wind_speed_mean,climatology,0.33574703335762024
803,monsoon,2,wind_speed_mean,climatology,0.2492879033088684
804,monsoon,2,wind_speed_mean,climatology,0.5195695161819458
805,monsoon,2,wind_speed_mean,climatology,0.6149783134460449
806,monsoon,2,wind_speed_mean,climatology,0.6230738162994385
807,monsoon,2,wind_speed_mean,climatology,0.6293125152587891
808,monsoon,2,wind_speed_mean,climatology,0.49612003564834595
809,monsoon,2,wind_speed_mean,climatology,0.3870724141597748
900,monsoon,2,wind_speed_mean,climatology,0.22739195823669434
901,monsoon,2,wind_speed_mean,climatology,0.16736723482608795
902,monsoon,2,wind_speed_mean,climatology,0.15920843183994293
903,monsoon,2,wind_speed_mean,climatology,0.2871798574924469
904,monsoon,2,wind_speed_mean,climatology,0.4214647114276886
905,monsoon,2,wind_speed_mean,climatology,0.6408298015594482
906,monsoon,2,wind_speed_mean,climatology,0.7224631905555725
907,monsoon,2,wind_speed_mean,climatology,0.5882635116577148
908,monsoon,2,wind_speed_mean,climatology,0.5193514227867126
909,monsoon,2,wind_speed_mean,climatology,0.646835207939148
1000,monsoon,2,wind_speed_mean,climatology,0.44636139273643494
1001,monsoon,2,wind_speed_mean,climatology,0.14527498185634613
1002,monsoon,2,wind_speed_mean,climatology,0.1982889324426651
1003,monsoon,2,wind_speed_mean,climatology,0.308109313249588
1004,monsoon,2,wind_speed_mean,climatology,0.7190101146697998
1005,monsoon,2,wind_speed_mean,climatology,0.49397847056388855
1006,monsoon,2,wind_speed_mean,climatology,0.510124683380127
1007,monsoon,2,wind_speed_mean,climatology,0.5881606936454773
1008,monsoon,2,wind_speed_mean,climatology,0.9115634560585022
1009,monsoon,2,wind_speed_mean,climatology,1.1283063888549805
0,post_monsoon,2,wind_speed_mean,climatology,2.9337947368621826
1,post_monsoon,2,wind_speed_mean,climatology,2.701361894607544
2,post_monsoon,2,wind_speed_mean,climatology,1.8676319122314453
3,post_monsoon,2,wind_speed_mean,climatology,1.4102345705032349
4,post_monsoon,2,wind_speed_mean,climatology,1.3600183725357056
5,post_monsoon,2,wind_speed_mean,climatology,2.2779884338378906
6,post_monsoon,2,wind_speed_mean,climatology,2.617490530014038
7,post_monsoon,2,wind_speed_mean,climatology,2.4144692420959473
8,post_monsoon,2,wind_speed_mean,climatology,1.851279616355896
9,post_monsoon,2,wind_speed_mean,climatology,1.7945441007614136
100,post_monsoon,2,wind_speed_mean,climatology,2.653172016143799
101,post_monsoon,2,wind_speed_mean,climatology,2.5916624069213867
102,post_monsoon,2,wind_speed_mean,climatology,1.1203460693359375
103,post_monsoon,2,wind_speed_mean,climatology,0.6434155106544495
104,post_monsoon,2,wind_speed_mean,climatology,1.4916038513183594
105,post_monsoon,2,wind_speed_mean,climatology,1.8462371826171875
106,post_monsoon,2,wind_speed_mean,climatology,1.7803603410720825
107,post_monsoon,2,wind_speed_mean,climatology,1.653200626373291
108,post_monsoon,2,wind_speed_mean,climatology,1.59299898147583
109,post_monsoon,2,wind_speed_mean,climatology,1.680326223373413
200,post_monsoon,2,wind_speed_mean,climatology,2.641282796859741
201,post_monsoon,2,wind_speed_mean,climatology,2.602555990219116
202,post_monsoon,2,wind_speed_mean,climatology,0.8095331788063049
203,post_monsoon,2,wind_speed_mean,climatology,0.5999813079833984
204,post_monsoon,2,wind_speed_mean,climatology,1.7327587604522705
205,post_monsoon,2,wind_speed_mean,climatology,2.113713264465332
206,post_monsoon,2,wind_speed_mean,climatology,1.9216872453689575
207,post_monsoon,2,wind_speed_mean,climatology,1.6769776344299316
208,post_monsoon,2,wind_speed_mean,climatology,1.569359302520752
209,post_monsoon,2,wind_speed_mean,climatology,1.5613133907318115
300,post_monsoon,2,wind_speed_mean,climatology,1.7524749040603638
301,post_monsoon,2,wind_speed_mean,climatology,2.1596479415893555
302,post_monsoon,2,wind_speed_mean,climatology,0.4518854320049286
303,post_monsoon,2,wind_speed_mean,climatology,0.5441874861717224
304,post_monsoon,2,wind_speed_mean,climatology,0.8332383632659912
305,post_monsoon,2,wind_speed_mean,climatology,1.8281770944595337
306,post_monsoon,2,wind_speed_mean,climatology,2.105435609817505
307,post_monsoon,2,wind_speed_mean,climatology,1.8855955600738525
308,post_monsoon,2,wind_speed_mean,climatology,1.165938377380371
309,post_monsoon,2,wind_speed_mean,climatology,0.66097092628479
400,post_monsoon,2,wind_speed_mean,climatology,1.793346881866455
401,post_monsoon,2,wind_speed_mean,climatology,1.0494797229766846
402,post_monsoon,2,wind_speed_mean,climatology,0.3809867203235626
403,post_monsoon,2,wind_speed_mean,climatology,0.4446439743041992
404,post_monsoon,2,wind_speed_mean,climatology,0.6645650267601013
405,post_monsoon,2,wind_speed_mean,climatology,0.7728440761566162
406,post_monsoon,2,wind_speed_mean,climatology,1.6744270324707031
407,post_monsoon,2,wind_speed_mean,climatology,1.992389440536499
408,post_monsoon,2,wind_speed_mean,climatology,0.6864178776741028
409,post_monsoon,2,wind_speed_mean,climatology,0.43302077054977417
500,post_monsoon,2,wind_speed_mean,climatology,1.3868986368179321
501,post_monsoon,2,wind_speed_mean,climatology,0.7696877717971802
502,post_monsoon,2,wind_speed_mean,climatology,0.6059874892234802
503,post_monsoon,2,wind_speed_mean,climatology,0.5255134105682373
504,post_monsoon,2,wind_speed_mean,climatology,0.6226577162742615
505,post_monsoon,2,wind_speed_mean,climatology,0.7725070118904114
506,post_monsoon,2,wind_speed_mean,climatology,0.6295949220657349
507,post_monsoon,2,wind_speed_mean,climatology,0.6809461116790771
508,post_monsoon,2,wind_speed_mean,climatology,0.2173512727022171
509,post_monsoon,2,wind_speed_mean,climatology,0.33757662773132324
600,post_monsoon,2,wind_speed_mean,climatology,0.9596934914588928
601,post_monsoon,2,wind_speed_mean,climatology,0.9909695386886597
602,post_monsoon,2,wind_speed_mean,climatology,0.5852234363555908
603,post_monsoon,2,wind_speed_mean,climatology,0.5435793399810791
604,post_monsoon,2,wind_speed_mean,climatology,0.7219579219818115
605,post_monsoon,2,wind_speed_mean,climatology,0.69577556848526
606,post_monsoon,2,wind_speed_mean,climatology,0.5154304504394531
607,post_monsoon,2,wind_speed_mean,climatology,0.31872230768203735
608,post_monsoon,2,wind_speed_mean,climatology,0.19817116856575012
609,post_monsoon,2,wind_speed_mean,climatology,0.15970376133918762
700,post_monsoon,2,wind_speed_mean,climatology,0.34976205229759216
701,post_monsoon,2,wind_speed_mean,climatology,0.4363286793231964
702,post_monsoon,2,wind_speed_mean,climatology,0.3907719850540161
703,post_monsoon,2,wind_speed_mean,climatology,0.34516870975494385
704,post_monsoon,2,wind_speed_mean,climatology,0.21885806322097778
705,post_monsoon,2,wind_speed_mean,climatology,0.3672851324081421
706,post_monsoon,2,wind_speed_mean,climatology,0.47612059116363525
707,post_monsoon,2,wind_speed_mean,climatology,0.485666960477829
708,post_monsoon,2,wind_speed_mean,climatology,0.3020501136779785
709,post_monsoon,2,wind_speed_mean,climatology,0.2366599142551422
800,post_monsoon,2,wind_speed_mean,climatology,0.3542523980140686
801,post_monsoon,2,wind_speed_mean,climatology,0.2932068109512329
802,post_monsoon,2,wind_speed_mean,climatology,0.22612479329109192
803,post_monsoon,2,wind_speed_mean,climatology,0.229452446103096
804,post_monsoon,2,wind_speed_mean,climatology,0.5723332762718201
805,post_monsoon,2,wind_speed_mean,climatology,0.7644979953765869
806,post_monsoon,2,wind_speed_mean,climatology,0.7924127578735352
807,post_monsoon,2,wind_speed_mean,climatology,0.7788717746734619
808,post_monsoon,2,wind_speed_mean,climatology,0.6089083552360535
809,post_monsoon,2,wind_speed_mean,climatology,0.4760829210281372
900,post_monsoon,2,wind_speed_mean,climatology,0.21108084917068481
901,post_monsoon,2,wind_speed_mean,climatology,0.15235331654548645
902,post_monsoon,2,wind_speed_mean,climatology,0.16012632846832275
903,post_monsoon,2,wind_speed_mean,climatology,0.383444607257843
904,post_monsoon,2,wind_speed_mean,climatology,0.5741424560546875
905,post_monsoon,2,wind_speed_mean,climatology,0.9952767491340637
906,post_monsoon,2,wind_speed_mean,climatology,1.0763980150222778
907,post_monsoon,2,wind_speed_mean,climatology,0.9089540839195251
908,post_monsoon,2,wind_speed_mean,climatology,0.6133670210838318
909,post_monsoon,2,wind_speed_mean,climatology,0.6398500800132751
1000,post_monsoon,2,wind_speed_mean,climatology,0.2968774139881134
1001,post_monsoon,2,wind_speed_mean,climatology,0.14277245104312897
1002,post_monsoon,2,wind_speed_mean,climatology,0.2400037795305252
1003,post_monsoon,2,wind_speed_mean,climatology,0.2426823228597641
1004,post_monsoon,2,wind_speed_mean,climatology,0.4156716763973236
1005,post_monsoon,2,wind_speed_mean,climatology,0.3808645009994507
1006,post_monsoon,2,wind_speed_mean,climatology,0.6872046589851379
1007,post_monsoon,2,wind_speed_mean,climatology,0.6119459271430969
1008,post_monsoon,2,wind_speed_mean,climatology,0.6345973610877991
1009,post_monsoon,2,wind_speed_mean,climatology,1.0702576637268066
0,winter,2,wind_speed_mean,persistence,1.268599271774292
1,winter,2,wind_speed_mean,persistence,1.0321005582809448
2,winter,2,wind_speed_mean,persistence,0.9737778902053833
3,winter,2,wind_speed_mean,persistence,0.9836497902870178
4,winter,2,wind_speed_mean,persistence,0.8984653949737549
5,winter,2,wind_speed_mean,persistence,1.151241660118103
6,winter,2,wind_speed_mean,persistence,1.2143735885620117
7,winter,2,wind_speed_mean,persistence,1.135308861732483
8,winter,2,wind_speed_mean,persistence,1.1195560693740845
9,winter,2,wind_speed_mean,persistence,1.4212260246276855
100,winter,2,wind_speed_mean,persistence,1.4794119596481323
101,winter,2,wind_speed_mean,persistence,1.150909423828125
102,winter,2,wind_speed_mean,persistence,0.6003631353378296
103,winter,2,wind_speed_mean,persistence,0.4388057291507721
104,winter,2,wind_speed_mean,persistence,1.3265718221664429
105,winter,2,wind_speed_mean,persistence,1.4576681852340698
106,winter,2,wind_speed_mean,persistence,1.4389132261276245
107,winter,2,wind_speed_mean,persistence,1.1808903217315674
108,winter,2,wind_speed_mean,persistence,1.0552562475204468
109,winter,2,wind_speed_mean,persistence,1.2297340631484985
200,winter,2,wind_speed_mean,persistence,1.6026949882507324
201,winter,2,wind_speed_mean,persistence,1.5274690389633179
202,winter,2,wind_speed_mean,persistence,0.5121251940727234
203,winter,2,wind_speed_mean,persistence,0.41141048073768616
204,winter,2,wind_speed_mean,persistence,0.9787094593048096
205,winter,2,wind_speed_mean,persistence,1.4093544483184814
206,winter,2,wind_speed_mean,persistence,1.59183669090271
207,winter,2,wind_speed_mean,persistence,1.4252145290374756
208,winter,2,wind_speed_mean,persistence,1.037734866142273
209,winter,2,wind_speed_mean,persistence,1.080703616142273
300,winter,2,wind_speed_mean,persistence,1.7946491241455078
301,winter,2,wind_speed_mean,persistence,1.5669718980789185
302,winter,2,wind_speed_mean,persistence,0.5257734656333923
303,winter,2,wind_speed_mean,persistence,0.3596048951148987
304,winter,2,wind_speed_mean,persistence,0.4499169588088989
305,winter,2,wind_speed_mean,persistence,1.2690961360931396
306,winter,2,wind_speed_mean,persistence,1.630211353302002
307,winter,2,wind_speed_mean,persistence,1.6261264085769653
308,winter,2,wind_speed_mean,persistence,1.0766993761062622
309,winter,2,wind_speed_mean,persistence,0.5338461399078369
400,winter,2,wind_speed_mean,persistence,1.8138631582260132
401,winter,2,wind_speed_mean,persistence,1.4085826873779297
402,winter,2,wind_speed_mean,persistence,0.445686399936676
403,winter,2,wind_speed_mean,persistence,0.4175576865673065
404,winter,2,wind_speed_mean,persistence,0.4207009971141815
405,winter,2,wind_speed_mean,persistence,0.45394542813301086
406,winter,2,wind_speed_mean,persistence,1.345252513885498
407,winter,2,wind_speed_mean,persistence,1.7102493047714233
408,winter,2,wind_speed_mean,persistence,0.7109019160270691
409,winter,2,wind_speed_mean,persistence,0.5245257616043091
500,winter,2,wind_speed_mean,persistence,1.2468825578689575
501,winter,2,wind_speed_mean,persistence,0.793643593788147
502,winter,2,wind_speed_mean,persistence,0.5636502504348755
503,winter,2,wind_speed_mean,persistence,0.4939122796058655
504,winter,2,wind_speed_mean,persistence,0.5737333297729492
505,winter,2,wind_speed_mean,persistence,0.5420668125152588
506,winter,2,wind_speed_mean,persistence,0.535767674446106
507,winter,2,wind_speed_mean,persistence,0.5590457916259766
508,winter,2,wind_speed_mean,persistence,0.3143603205680847
509,winter,2,wind_speed_mean,persistence,0.3582845628261566
600,winter,2,wind_speed_mean,persistence,0.8769453763961792
601,winter,2,wind_speed_mean,persistence,0.9850797653198242
602,winter,2,wind_speed_mean,persistence,0.6139644384384155
603,winter,2,wind_speed_mean,persistence,0.7524425983428955
604,winter,2,wind_speed_mean,persistence,1.0655843019485474
605,winter,2,wind_speed_mean,persistence,0.8319798707962036
606,winter,2,wind_speed_mean,persistence,0.5071812272071838
607,winter,2,wind_speed_mean,persistence,0.3426993489265442
608,winter,2,wind_speed_mean,persistence,0.30691444873809814
609,winter,2,wind_speed_mean,persistence,0.22081823647022247
700,winter,2,wind_speed_mean,persistence,0.6242578029632568
701,winter,2,wind_speed_mean,persistence,0.681626558303833
702,winter,2,wind_speed_mean,persistence,0.7817665338516235
703,winter,2,wind_speed_mean,persistence,0.8950908184051514
704,winter,2,wind_speed_mean,persistence,0.46972233057022095
705,winter,2,wind_speed_mean,persistence,0.695016622543335
706,winter,2,wind_speed_mean,persistence,0.7129689455032349
707,winter,2,wind_speed_mean,persistence,0.6580449342727661
708,winter,2,wind_speed_mean,persistence,0.3436124622821808
709,winter,2,wind_speed_mean,persistence,0.2619220018386841
800,winter,2,wind_speed_mean,persistence,0.6169599890708923
801,winter,2,wind_speed_mean,persistence,0.5394361019134521
802,winter,2,wind_speed_mean,persistence,0.45538267493247986
803,winter,2,wind_speed_mean,persistence,0.31895914673805237
804,winter,2,wind_speed_mean,persistence,0.8738049268722534
805,winter,2,wind_speed_mean,persistence,1.1578028202056885
806,winter,2,wind_speed_mean,persistence,1.2504143714904785
807,winter,2,wind_speed_mean,persistence,1.3172924518585205
808,winter,2,wind_speed_mean,persistence,0.9106361865997314
809,winter,2,wind_speed_mean,persistence,0.5999305248260498
900,winter,2,wind_speed_mean,persistence,0.4279736280441284
901,winter,2,wind_speed_mean,persistence,0.2942619323730469
902,winter,2,wind_speed_mean,persistence,0.24582631886005402
903,winter,2,wind_speed_mean,persistence,0.45330825448036194
904,winter,2,wind_speed_mean,persistence,0.7414111495018005
905,winter,2,wind_speed_mean,persistence,1.3736960887908936
906,winter,2,wind_speed_mean,persistence,1.6126240491867065
907,winter,2,wind_speed_mean,persistence,1.3675559759140015
908,winter,2,wind_speed_mean,persistence,1.021599531173706
909,winter,2,wind_speed_mean,persistence,1.0319068431854248
1000,winter,2,wind_speed_mean,persistence,0.6168907284736633
1001,winter,2,wind_speed_mean,persistence,0.21499289572238922
1002,winter,2,wind_speed_mean,persistence,0.33015623688697815
1003,winter,2,wind_speed_mean,persistence,0.29165419936180115
1004,winter,2,wind_speed_mean,persistence,0.6747457981109619
1005,winter,2,wind_speed_mean,persistence,0.6025833487510681
1006,winter,2,wind_speed_mean,persistence,1.1291106939315796
1007,winter,2,wind_speed_mean,persistence,1.2372175455093384
1008,winter,2,wind_speed_mean,persistence,0.9943671822547913
1009,winter,2,wind_speed_mean,persistence,1.4517871141433716
0,pre_monsoon,2,wind_speed_mean,persistence,1.229815125465393
1,pre_monsoon,2,wind_speed_mean,persistence,1.1086395978927612
2,pre_monsoon,2,wind_speed_mean,persistence,0.9467929005622864
3,pre_monsoon,2,wind_speed_mean,persistence,1.6181550025939941
4,pre_monsoon,2,wind_speed_mean,persistence,1.3096222877502441
5,pre_monsoon,2,wind_speed_mean,persistence,1.9259755611419678
6,pre_monsoon,2,wind_speed_mean,persistence,1.841980218887329
7,pre_monsoon,2,wind_speed_mean,persistence,1.653250813484192
8,pre_monsoon,2,wind_speed_mean,persistence,1.6213068962097168
9,pre_monsoon,2,wind_speed_mean,persistence,1.6697531938552856
100,pre_monsoon,2,wind_speed_mean,persistence,1.0440263748168945
101,pre_monsoon,2,wind_speed_mean,persistence,1.0521453619003296
102,pre_monsoon,2,wind_speed_mean,persistence,0.7787529826164246
103,pre_monsoon,2,wind_speed_mean,persistence,0.5886369347572327
104,pre_monsoon,2,wind_speed_mean,persistence,1.6723090410232544
105,pre_monsoon,2,wind_speed_mean,persistence,1.7936060428619385
106,pre_monsoon,2,wind_speed_mean,persistence,1.7020468711853027
107,pre_monsoon,2,wind_speed_mean,persistence,1.5246672630310059
108,pre_monsoon,2,wind_speed_mean,persistence,1.3928838968276978
109,pre_monsoon,2,wind_speed_mean,persistence,1.4253599643707275
200,pre_monsoon,2,wind_speed_mean,persistence,1.2510759830474854
201,pre_monsoon,2,wind_speed_mean,persistence,1.1986753940582275
202,pre_monsoon,2,wind_speed_mean,persistence,0.7508313655853271
203,pre_monsoon,2,wind_speed_mean,persistence,0.5849601626396179
204,pre_monsoon,2,wind_speed_mean,persistence,1.2048134803771973
205,pre_monsoon,2,wind_speed_mean,persistence,1.6723023653030396
206,pre_monsoon,2,wind_speed_mean,persistence,1.8737233877182007
207,pre_monsoon,2,wind_speed_mean,persistence,1.536637783050537
208,pre_monsoon,2,wind_speed_mean,persistence,1.1530475616455078
209,pre_monsoon,2,wind_speed_mean,persistence,1.0493659973144531
300,pre_monsoon,2,wind_speed_mean,persistence,1.3776919841766357
301,pre_monsoon,2,wind_speed_mean,persistence,1.1499583721160889
302,pre_monsoon,2,wind_speed_mean,persistence,0.7475087642669678
303,pre_monsoon,2,wind_speed_mean,persistence,0.6241924166679382
304,pre_monsoon,2,wind_speed_mean,persistence,0.6371435523033142
305,pre_monsoon,2,wind_speed_mean,persistence,1.1840670108795166
306,pre_monsoon,2,wind_speed_mean,persistence,1.568472146987915
307,pre_monsoon,2,wind_speed_mean,persistence,1.2854013442993164
308,pre_monsoon,2,wind_speed_mean,persistence,0.9219386577606201
309,pre_monsoon,2,wind_speed_mean,persistence,0.4377889335155487
400,pre_monsoon,2,wind_speed_mean,persistence,0.9511504769325256
401,pre_monsoon,2,wind_speed_mean,persistence,0.9291462302207947
402,pre_monsoon,2,wind_speed_mean,persistence,0.540314257144928
403,pre_monsoon,2,wind_speed_mean,persistence,0.5778229236602783
404,pre_monsoon,2,wind_speed_mean,persistence,0.5161973834037781
405,pre_monsoon,2,wind_speed_mean,persistence,0.5813389420509338
406,pre_monsoon,2,wind_speed_mean,persistence,1.2075437307357788
407,pre_monsoon,2,wind_speed_mean,persistence,1.069104552268982
408,pre_monsoon,2,wind_speed_mean,persistence,0.6043946146965027
409,pre_monsoon,2,wind_speed_mean,persistence,0.5152409076690674
500,pre_monsoon,2,wind_speed_mean,persistence,1.0767598152160645
501,pre_monsoon,2,wind_speed_mean,persistence,0.8122691512107849
502,pre_monsoon,2,wind_speed_mean,persistence,0.7141096591949463
503,pre_monsoon,2,wind_speed_mean,persistence,0.6849846243858337
504,pre_monsoon,2,wind_speed_mean,persistence,0.5830491781234741
505,pre_monsoon,2,wind_speed_mean,persistence,0.611697793006897
506,pre_monsoon,2,wind_speed_mean,persistence,0.6298300623893738
507,pre_monsoon,2,wind_speed_mean,persistence,0.668260931968689
508,pre_monsoon,2,wind_speed_mean,persistence,0.382930189371109
509,pre_monsoon,2,wind_speed_mean,persistence,0.4340541362762451
600,pre_monsoon,2,wind_speed_mean,persistence,1.3318181037902832
601,pre_monsoon,2,wind_speed_mean,persistence,1.228083610534668
602,pre_monsoon,2,wind_speed_mean,persistence,0.8094823956489563
603,pre_monsoon,2,wind_speed_mean,persistence,0.8099849820137024
604,pre_monsoon,2,wind_speed_mean,persistence,1.0190149545669556
605,pre_monsoon,2,wind_speed_mean,persistence,0.8642714619636536
606,pre_monsoon,2,wind_speed_mean,persistence,0.5842488408088684
607,pre_monsoon,2,wind_speed_mean,persistence,0.39861878752708435
608,pre_monsoon,2,wind_speed_mean,persistence,0.35989153385162354
609,pre_monsoon,2,wind_speed_mean,persistence,0.2605040371417999
700,pre_monsoon,2,wind_speed_mean,persistence,0.9455848336219788
701,pre_monsoon,2,wind_speed_mean,persistence,0.969750702381134
702,pre_monsoon,2,wind_speed_mean,persistence,0.9535340070724487
703,pre_monsoon,2,wind_speed_mean,persistence,0.7287399172782898
704,pre_monsoon,2,wind_speed_mean,persistence,0.38835468888282776
705,pre_monsoon,2,wind_speed_mean,persistence,0.5197719931602478
706,pre_monsoon,2,wind_speed_mean,persistence,0.6082614064216614
707,pre_monsoon,2,wind_speed_mean,persistence,0.5319612622261047
708,pre_monsoon,2,wind_speed_mean,persistence,0.27354875206947327
709,pre_monsoon,2,wind_speed_mean,persistence,0.23162232339382172
800,pre_monsoon,2,wind_speed_mean,persistence,0.9084494113922119
801,pre_monsoon,2,wind_speed_mean,persistence,0.7755471467971802
802,pre_monsoon,2,wind_speed_mean,persistence,0.6564517021179199
803,pre_monsoon,2,wind_speed_mean,persistence,0.3011798858642578
804,pre_monsoon,2,wind_speed_mean,persistence,0.7877476811408997
805,pre_monsoon,2,wind_speed_mean,persistence,1.1634492874145508
806,pre_monsoon,2,wind_speed_mean,persistence,1.1883316040039062
807,pre_monsoon,2,wind_speed_mean,persistence,1.22257661819458
808,pre_monsoon,2,wind_speed_mean,persistence,0.9075891971588135
809,pre_monsoon,2,wind_speed_mean,persistence,0.5596217513084412
900,pre_monsoon,2,wind_speed_mean,persistence,0.42815902829170227
901,pre_monsoon,2,wind_speed_mean,persistence,0.2922758162021637
902,pre_monsoon,2,wind_speed_mean,persistence,0.22873547673225403
903,pre_monsoon,2,wind_speed_mean,persistence,0.40760675072669983
904,pre_monsoon,2,wind_speed_mean,persistence,0.7096388936042786
905,pre_monsoon,2,wind_speed_mean,persistence,1.2617107629776
906,pre_monsoon,2,wind_speed_mean,persistence,1.3390315771102905
907,pre_monsoon,2,wind_speed_mean,persistence,1.1240272521972656
908,pre_monsoon,2,wind_speed_mean,persistence,0.9752972722053528
909,pre_monsoon,2,wind_speed_mean,persistence,1.1828047037124634
1000,pre_monsoon,2,wind_speed_mean,persistence,0.7731823325157166
1001,pre_monsoon,2,wind_speed_mean,persistence,0.2015262246131897
1002,pre_monsoon,2,wind_speed_mean,persistence,0.335767537355423
1003,pre_monsoon,2,wind_speed_mean,persistence,0.4643827974796295
1004,pre_monsoon,2,wind_speed_mean,persistence,1.2292232513427734
1005,pre_monsoon,2,wind_speed_mean,persistence,0.6377728581428528
1006,pre_monsoon,2,wind_speed_mean,persistence,1.1481878757476807
1007,pre_monsoon,2,wind_speed_mean,persistence,1.0759257078170776
1008,pre_monsoon,2,wind_speed_mean,persistence,1.3706073760986328
1009,pre_monsoon,2,wind_speed_mean,persistence,1.8197084665298462
0,monsoon,2,wind_speed_mean,persistence,1.1512272357940674
1,monsoon,2,wind_speed_mean,persistence,1.1710190773010254
2,monsoon,2,wind_speed_mean,persistence,1.0357327461242676
3,monsoon,2,wind_speed_mean,persistence,0.9610677361488342
4,monsoon,2,wind_speed_mean,persistence,1.0447187423706055
5,monsoon,2,wind_speed_mean,persistence,1.3931982517242432
6,monsoon,2,wind_speed_mean,persistence,1.4585895538330078
7,monsoon,2,wind_speed_mean,persistence,1.4490360021591187
8,monsoon,2,wind_speed_mean,persistence,1.2817667722702026
9,monsoon,2,wind_speed_mean,persistence,1.4307184219360352
100,monsoon,2,wind_speed_mean,persistence,1.124052882194519
101,monsoon,2,wind_speed_mean,persistence,1.2724779844284058
102,monsoon,2,wind_speed_mean,persistence,0.9957215785980225
103,monsoon,2,wind_speed_mean,persistence,0.6086129546165466
104,monsoon,2,wind_speed_mean,persistence,1.1380441188812256
105,monsoon,2,wind_speed_mean,persistence,1.2489421367645264
106,monsoon,2,wind_speed_mean,persistence,1.418885588645935
107,monsoon,2,wind_speed_mean,persistence,1.567832350730896
108,monsoon,2,wind_speed_mean,persistence,1.586582899093628
109,monsoon,2,wind_speed_mean,persistence,1.460120677947998
200,monsoon,2,wind_speed_mean,persistence,1.2181459665298462
201,monsoon,2,wind_speed_mean,persistence,1.3602962493896484
202,monsoon,2,wind_speed_mean,persistence,0.8265559077262878
203,monsoon,2,wind_speed_mean,persistence,0.7417573928833008
204,monsoon,2,wind_speed_mean,persistence,1.120831847190857
205,monsoon,2,wind_speed_mean,persistence,1.2897346019744873
206,monsoon,2,wind_speed_mean,persistence,1.4117341041564941
207,monsoon,2,wind_speed_mean,persistence,1.520001769065857
208,monsoon,2,wind_speed_mean,persistence,1.488787293434143
209,monsoon,2,wind_speed_mean,persistence,1.528868317604065
300,monsoon,2,wind_speed_mean,persistence,1.3743191957473755
301,monsoon,2,wind_speed_mean,persistence,1.2331782579421997
302,monsoon,2,wind_speed_mean,persistence,0.7747830152511597
303,monsoon,2,wind_speed_mean,persistence,0.7181225419044495
304,monsoon,2,wind_speed_mean,persistence,0.7316662073135376
305,monsoon,2,wind_speed_mean,persistence,1.6526036262512207
306,monsoon,2,wind_speed_mean,persistence,1.7937191724777222
307,monsoon,2,wind_speed_mean,persistence,1.7522711753845215
308,monsoon,2,wind_speed_mean,persistence,1.5251930952072144
309,monsoon,2,wind_speed_mean,persistence,0.7713837623596191
400,monsoon,2,wind_speed_mean,persistence,1.4781951904296875
401,monsoon,2,wind_speed_mean,persistence,1.1186553239822388
402,monsoon,2,wind_speed_mean,persistence,0.769324779510498
403,monsoon,2,wind_speed_mean,persistence,0.706316351890564
404,monsoon,2,wind_speed_mean,persistence,0.5861504673957825
405,monsoon,2,wind_speed_mean,persistence,0.6651409864425659
406,monsoon,2,wind_speed_mean,persistence,1.5348610877990723
407,monsoon,2,wind_speed_mean,persistence,2.2478420734405518
408,monsoon,2,wind_speed_mean,persistence,1.1361032724380493
409,monsoon,2,wind_speed_mean,persistence,0.6420601606369019
500,monsoon,2,wind_speed_mean,persistence,1.4329030513763428
501,monsoon,2,wind_speed_mean,persistence,0.9731364846229553
502,monsoon,2,wind_speed_mean,persistence,0.886501669883728
503,monsoon,2,wind_speed_mean,persistence,0.7802805304527283
504,monsoon,2,wind_speed_mean,persistence,0.6844609975814819
505,monsoon,2,wind_speed_mean,persistence,0.8394497632980347
506,monsoon,2,wind_speed_mean,persistence,0.9497983455657959
507,monsoon,2,wind_speed_mean,persistence,1.0046173334121704
508,monsoon,2,wind_speed_mean,persistence,0.4280302822589874
509,monsoon,2,wind_speed_mean,persistence,0.5594165325164795
600,monsoon,2,wind_speed_mean,persistence,1.1682181358337402
601,monsoon,2,wind_speed_mean,persistence,1.2122712135314941
602,monsoon,2,wind_speed_mean,persistence,0.9116957783699036
603,monsoon,2,wind_speed_mean,persistence,0.7658227682113647
604,monsoon,2,wind_speed_mean,persistence,0.9475535154342651
605,monsoon,2,wind_speed_mean,persistence,0.8903578519821167
606,monsoon,2,wind_speed_mean,persistence,0.6910736560821533
607,monsoon,2,wind_speed_mean,persistence,0.43835344910621643
608,monsoon,2,wind_speed_mean,persistence,0.35327640175819397
609,monsoon,2,wind_speed_mean,persistence,0.28776976466178894
700,monsoon,2,wind_speed_mean,persistence,0.7079906463623047
701,monsoon,2,wind_speed_mean,persistence,0.9392035007476807
702,monsoon,2,wind_speed_mean,persistence,0.8041061162948608
703,monsoon,2,wind_speed_mean,persistence,0.6888497471809387
704,monsoon,2,wind_speed_mean,persistence,0.3217061161994934
705,monsoon,2,wind_speed_mean,persistence,0.3667179346084595
706,monsoon,2,wind_speed_mean,persistence,0.4011094272136688
707,monsoon,2,wind_speed_mean,persistence,0.41419529914855957
708,monsoon,2,wind_speed_mean,persistence,0.2905021011829376
709,monsoon,2,wind_speed_mean,persistence,0.23376382887363434
800,monsoon,2,wind_speed_mean,persistence,0.5122787952423096
801,monsoon,2,wind_speed_mean,persistence,0.6890497207641602
802,monsoon,2,wind_speed_mean,persistence,0.4415215253829956
803,monsoon,2,wind_speed_mean,persistence,0.25184568762779236
804,monsoon,2,wind_speed_mean,persistence,0.5885031223297119
805,monsoon,2,wind_speed_mean,persistence,0.6642029285430908
806,monsoon,2,wind_speed_mean,persistence,0.6436889171600342
807,monsoon,2,wind_speed_mean,persistence,0.7314009070396423
808,monsoon,2,wind_speed_mean,persistence,0.6250451803207397
809,monsoon,2,wind_speed_mean,persistence,0.47974106669425964
900,monsoon,2,wind_speed_mean,persistence,0.2786802649497986
901,monsoon,2,wind_speed_mean,persistence,0.19852596521377563
902,monsoon,2,wind_speed_mean,persistence,0.1802184134721756
903,monsoon,2,wind_speed_mean,persistence,0.31739407777786255
904,monsoon,2,wind_speed_mean,persistence,0.490872859954834
905,monsoon,2,wind_speed_mean,persistence,0.8366358280181885
906,monsoon,2,wind_speed_mean,persistence,0.9550196528434753
907,monsoon,2,wind_speed_mean,persistence,0.801994264125824
908,monsoon,2,wind_speed_mean,persistence,0.672374963760376
909,monsoon,2,wind_speed_mean,persistence,0.8050879240036011
1000,monsoon,2,wind_speed_mean,persistence,0.4450329840183258
1001,monsoon,2,wind_speed_mean,persistence,0.14466632902622223
1002,monsoon,2,wind_speed_mean,persistence,0.24104028940200806
1003,monsoon,2,wind_speed_mean,persistence,0.3730315864086151
1004,monsoon,2,wind_speed_mean,persistence,1.0954616069793701
1005,monsoon,2,wind_speed_mean,persistence,0.6286875605583191
1006,monsoon,2,wind_speed_mean,persistence,0.797900915145874
1007,monsoon,2,wind_speed_mean,persistence,0.718711793422699
1008,monsoon,2,wind_speed_mean,persistence,1.214722752571106
1009,monsoon,2,wind_speed_mean,persistence,1.558851957321167
0,post_monsoon,2,wind_speed_mean,persistence,1.5093181133270264
1,post_monsoon,2,wind_speed_mean,persistence,1.205894947052002
2,post_monsoon,2,wind_speed_mean,persistence,1.386812686920166
3,post_monsoon,2,wind_speed_mean,persistence,1.4213669300079346
4,post_monsoon,2,wind_speed_mean,persistence,1.2950940132141113
5,post_monsoon,2,wind_speed_mean,persistence,2.061232805252075
6,post_monsoon,2,wind_speed_mean,persistence,2.2186899185180664
7,post_monsoon,2,wind_speed_mean,persistence,2.1694812774658203
8,post_monsoon,2,wind_speed_mean,persistence,2.0554802417755127
9,post_monsoon,2,wind_speed_mean,persistence,2.0563852787017822
100,post_monsoon,2,wind_speed_mean,persistence,1.8590521812438965
101,post_monsoon,2,wind_speed_mean,persistence,1.44903564453125
102,post_monsoon,2,wind_speed_mean,persistence,0.8709416389465332
103,post_monsoon,2,wind_speed_mean,persistence,0.6970345973968506
104,post_monsoon,2,wind_speed_mean,persistence,1.9419504404067993
105,post_monsoon,2,wind_speed_mean,persistence,2.3432960510253906
106,post_monsoon,2,wind_speed_mean,persistence,2.2425410747528076
107,post_monsoon,2,wind_speed_mean,persistence,2.2054102420806885
108,post_monsoon,2,wind_speed_mean,persistence,2.1958956718444824
109,post_monsoon,2,wind_speed_mean,persistence,2.0819218158721924
200,post_monsoon,2,wind_speed_mean,persistence,1.5692272186279297
201,post_monsoon,2,wind_speed_mean,persistence,1.4897339344024658
202,post_monsoon,2,wind_speed_mean,persistence,0.8413512110710144
203,post_monsoon,2,wind_speed_mean,persistence,0.8175219893455505
204,post_monsoon,2,wind_speed_mean,persistence,2.187591314315796
205,post_monsoon,2,wind_speed_mean,persistence,2.5799131393432617
206,post_monsoon,2,wind_speed_mean,persistence,2.5066938400268555
207,post_monsoon,2,wind_speed_mean,persistence,2.2331879138946533
208,post_monsoon,2,wind_speed_mean,persistence,1.959017276763916
209,post_monsoon,2,wind_speed_mean,persistence,1.7188851833343506
300,post_monsoon,2,wind_speed_mean,persistence,1.1621466875076294
301,post_monsoon,2,wind_speed_mean,persistence,1.15609872341156
302,post_monsoon,2,wind_speed_mean,persistence,0.5698533058166504
303,post_monsoon,2,wind_speed_mean,persistence,0.674630343914032
304,post_monsoon,2,wind_speed_mean,persistence,1.040889024734497
305,post_monsoon,2,wind_speed_mean,persistence,2.1942808628082275
306,post_monsoon,2,wind_speed_mean,persistence,2.285672664642334
307,post_monsoon,2,wind_speed_mean,persistence,2.043011426925659
308,post_monsoon,2,wind_speed_mean,persistence,1.4467556476593018
309,post_monsoon,2,wind_speed_mean,persistence,0.717928409576416
400,post_monsoon,2,wind_speed_mean,persistence,1.3073101043701172
401,post_monsoon,2,wind_speed_mean,persistence,0.8695901036262512
402,post_monsoon,2,wind_speed_mean,persistence,0.45232492685317993
403,post_monsoon,2,wind_speed_mean,persistence,0.5278573036193848
404,post_monsoon,2,wind_speed_mean,persistence,0.7003962993621826
405,post_monsoon,2,wind_speed_mean,persistence,0.7587200403213501
406,post_monsoon,2,wind_speed_mean,persistence,1.5465188026428223
407,post_monsoon,2,wind_speed_mean,persistence,1.4871090650558472
408,post_monsoon,2,wind_speed_mean,persistence,0.6858500838279724
409,post_monsoon,2,wind_speed_mean,persistence,0.4243341088294983
500,post_monsoon,2,wind_speed_mean,persistence,0.9584524631500244
501,post_monsoon,2,wind_speed_mean,persistence,0.6329060196876526
502,post_monsoon,2,wind_speed_mean,persistence,0.5806939005851746
503,post_monsoon,2,wind_speed_mean,persistence,0.5609511137008667
504,post_monsoon,2,wind_speed_mean,persistence,0.5691976547241211
505,post_monsoon,2,wind_speed_mean,persistence,0.6313840746879578
506,post_monsoon,2,wind_speed_mean,persistence,0.5568105578422546
507,post_monsoon,2,wind_speed_mean,persistence,0.48563405871391296
508,post_monsoon,2,wind_speed_mean,persistence,0.2328709214925766
509,post_monsoon,2,wind_speed_mean,persistence,0.346623033285141
600,post_monsoon,2,wind_speed_mean,persistence,0.851948618888855
601,post_monsoon,2,wind_speed_mean,persistence,0.8074507713317871
602,post_monsoon,2,wind_speed_mean,persistence,0.597770094871521
603,post_monsoon,2,wind_speed_mean,persistence,0.48311173915863037
604,post_monsoon,2,wind_speed_mean,persistence,0.5843417644500732
605,post_monsoon,2,wind_speed_mean,persistence,0.6283841133117676
606,post_monsoon,2,wind_speed_mean,persistence,0.4881279170513153
607,post_monsoon,2,wind_speed_mean,persistence,0.34985190629959106
608,post_monsoon,2,wind_speed_mean,persistence,0.21446746587753296
609,post_monsoon,2,wind_speed_mean,persistence,0.18127167224884033
700,post_monsoon,2,wind_speed_mean,persistence,0.4399413466453552
701,post_monsoon,2,wind_speed_mean,persistence,0.5420568585395813
702,post_monsoon,2,wind_speed_mean,persistence,0.4393174648284912
703,post_monsoon,2,wind_speed_mean,persistence,0.33262792229652405
704,post_monsoon,2,wind_speed_mean,persistence,0.23920021951198578
705,post_monsoon,2,wind_speed_mean,persistence,0.3403190076351166
706,post_monsoon,2,wind_speed_mean,persistence,0.40114155411720276
707,post_monsoon,2,wind_speed_mean,persistence,0.4611136019229889
708,post_monsoon,2,wind_speed_mean,persistence,0.3014029860496521
709,post_monsoon,2,wind_speed_mean,persistence,0.24737153947353363
800,post_monsoon,2,wind_speed_mean,persistence,0.36589494347572327
801,post_monsoon,2,wind_speed_mean,persistence,0.33443528413772583
802,post_monsoon,2,wind_speed_mean,persistence,0.24241535365581512
803,post_monsoon,2,wind_speed_mean,persistence,0.20260202884674072
804,post_monsoon,2,wind_speed_mean,persistence,0.5305581092834473
805,post_monsoon,2,wind_speed_mean,persistence,0.6757397651672363
806,post_monsoon,2,wind_speed_mean,persistence,0.7043929696083069
807,post_monsoon,2,wind_speed_mean,persistence,0.89131760597229
808,post_monsoon,2,wind_speed_mean,persistence,0.7025264501571655
809,post_monsoon,2,wind_speed_mean,persistence,0.4932798743247986
900,post_monsoon,2,wind_speed_mean,persistence,0.22143244743347168
901,post_monsoon,2,wind_speed_mean,persistence,0.16592873632907867
902,post_monsoon,2,wind_speed_mean,persistence,0.1624106764793396
903,post_monsoon,2,wind_speed_mean,persistence,0.3179822266101837
904,post_monsoon,2,wind_speed_mean,persistence,0.4745936989784241
905,post_monsoon,2,wind_speed_mean,persistence,0.7738426327705383
906,post_monsoon,2,wind_speed_mean,persistence,0.8532111048698425
907,post_monsoon,2,wind_speed_mean,persistence,0.807773768901825
908,post_monsoon,2,wind_speed_mean,persistence,0.6572340130805969
909,post_monsoon,2,wind_speed_mean,persistence,0.7480758428573608
1000,post_monsoon,2,wind_speed_mean,persistence,0.3332277238368988
1001,post_monsoon,2,wind_speed_mean,persistence,0.1460210233926773
1002,post_monsoon,2,wind_speed_mean,persistence,0.2329200655221939
1003,post_monsoon,2,wind_speed_mean,persistence,0.2953313887119293
1004,post_monsoon,2,wind_speed_mean,persistence,0.5463491082191467
1005,post_monsoon,2,wind_speed_mean,persistence,0.5017120838165283
1006,post_monsoon,2,wind_speed_mean,persistence,0.6858758926391602
1007,post_monsoon,2,wind_speed_mean,persistence,0.7819700241088867
1008,post_monsoon,2,wind_speed_mean,persistence,0.8029775619506836
1009,post_monsoon,2,wind_speed_mean,persistence,1.2973549365997314
0,winter,2,wind_speed_mean,recent3,1.249743938446045
1,winter,2,wind_speed_mean,recent3,0.9837071299552917
2,winter,2,wind_speed_mean,recent3,0.922017514705658
3,winter,2,wind_speed_mean,recent3,1.0881507396697998
4,winter,2,wind_speed_mean,recent3,0.8788788318634033
5,winter,2,wind_speed_mean,recent3,1.1146149635314941
6,winter,2,wind_speed_mean,recent3,1.225297451019287
7,winter,2,wind_speed_mean,recent3,1.1440132856369019
8,winter,2,wind_speed_mean,recent3,1.205484390258789
9,winter,2,wind_speed_mean,recent3,1.5266698598861694
100,winter,2,wind_speed_mean,recent3,1.5528782606124878
101,winter,2,wind_speed_mean,recent3,1.092942237854004
102,winter,2,wind_speed_mean,recent3,0.5610911846160889
103,winter,2,wind_speed_mean,recent3,0.4680333137512207
104,winter,2,wind_speed_mean,recent3,1.3093421459197998
105,winter,2,wind_speed_mean,recent3,1.309447169303894
106,winter,2,wind_speed_mean,recent3,1.3080403804779053
107,winter,2,wind_speed_mean,recent3,1.13554048538208
108,winter,2,wind_speed_mean,recent3,1.1066796779632568
109,winter,2,wind_speed_mean,recent3,1.3944978713989258
200,winter,2,wind_speed_mean,recent3,1.8201065063476562
201,winter,2,wind_speed_mean,recent3,1.5531396865844727
202,winter,2,wind_speed_mean,recent3,0.5006546974182129
203,winter,2,wind_speed_mean,recent3,0.38378626108169556
204,winter,2,wind_speed_mean,recent3,1.0705757141113281
205,winter,2,wind_speed_mean,recent3,1.5777074098587036
206,winter,2,wind_speed_mean,recent3,1.6705348491668701
207,winter,2,wind_speed_mean,recent3,1.4919847249984741
208,winter,2,wind_speed_mean,recent3,1.1092876195907593
209,winter,2,wind_speed_mean,recent3,1.062197208404541
300,winter,2,wind_speed_mean,recent3,1.8554823398590088
301,winter,2,wind_speed_mean,recent3,1.5827395915985107
302,winter,2,wind_speed_mean,recent3,0.5031642913818359
303,winter,2,wind_speed_mean,recent3,0.3233800530433655
304,winter,2,wind_speed_mean,recent3,0.4310533404350281
305,winter,2,wind_speed_mean,recent3,1.3331784009933472
306,winter,2,wind_speed_mean,recent3,1.6790969371795654
307,winter,2,wind_speed_mean,recent3,1.701798915863037
308,winter,2,wind_speed_mean,recent3,1.1806288957595825
309,winter,2,wind_speed_mean,recent3,0.5083913207054138
400,winter,2,wind_speed_mean,recent3,1.807168960571289
401,winter,2,wind_speed_mean,recent3,1.4440628290176392
402,winter,2,wind_speed_mean,recent3,0.41129329800605774
403,winter,2,wind_speed_mean,recent3,0.38427790999412537
404,winter,2,wind_speed_mean,recent3,0.37612077593803406
405,winter,2,wind_speed_mean,recent3,0.42893996834754944
406,winter,2,wind_speed_mean,recent3,1.407646894454956
407,winter,2,wind_speed_mean,recent3,1.595328688621521
408,winter,2,wind_speed_mean,recent3,0.7017693519592285
409,winter,2,wind_speed_mean,recent3,0.4568009674549103
500,winter,2,wind_speed_mean,recent3,1.1667436361312866
501,winter,2,wind_speed_mean,recent3,0.8039509057998657
502,winter,2,wind_speed_mean,recent3,0.5374023914337158
503,winter,2,wind_speed_mean,recent3,0.47050178050994873
504,winter,2,wind_speed_mean,recent3,0.5208323001861572
505,winter,2,wind_speed_mean,recent3,0.48118823766708374
506,winter,2,wind_speed_mean,recent3,0.4925285577774048
507,winter,2,wind_speed_mean,recent3,0.47418349981307983
508,winter,2,wind_speed_mean,recent3,0.28214722871780396
509,winter,2,wind_speed_mean,recent3,0.3020283877849579
600,winter,2,wind_speed_mean,recent3,0.7775644659996033
601,winter,2,wind_speed_mean,recent3,0.7928946018218994
602,winter,2,wind_speed_mean,recent3,0.49621284008026123
603,winter,2,wind_speed_mean,recent3,0.7411320209503174
604,winter,2,wind_speed_mean,recent3,1.0091378688812256
605,winter,2,wind_speed_mean,recent3,0.7793279886245728
606,winter,2,wind_speed_mean,recent3,0.45558393001556396
607,winter,2,wind_speed_mean,recent3,0.2955971658229828
608,winter,2,wind_speed_mean,recent3,0.2914224863052368
609,winter,2,wind_speed_mean,recent3,0.20102396607398987
700,winter,2,wind_speed_mean,recent3,0.5369933843612671
701,winter,2,wind_speed_mean,recent3,0.5904707312583923
702,winter,2,wind_speed_mean,recent3,0.633724570274353
703,winter,2,wind_speed_mean,recent3,0.854765772819519
704,winter,2,wind_speed_mean,recent3,0.4456367492675781
705,winter,2,wind_speed_mean,recent3,0.6504923701286316
706,winter,2,wind_speed_mean,recent3,0.6048375368118286
707,winter,2,wind_speed_mean,recent3,0.6084612011909485
708,winter,2,wind_speed_mean,recent3,0.3169439733028412
709,winter,2,wind_speed_mean,recent3,0.25150829553604126
800,winter,2,wind_speed_mean,recent3,0.6141728758811951
801,winter,2,wind_speed_mean,recent3,0.4867580235004425
802,winter,2,wind_speed_mean,recent3,0.41192710399627686
803,winter,2,wind_speed_mean,recent3,0.3004189729690552
804,winter,2,wind_speed_mean,recent3,0.8902001976966858
805,winter,2,wind_speed_mean,recent3,1.1735448837280273
806,winter,2,wind_speed_mean,recent3,1.1678597927093506
807,winter,2,wind_speed_mean,recent3,1.200660228729248
808,winter,2,wind_speed_mean,recent3,0.8089516162872314
809,winter,2,wind_speed_mean,recent3,0.525261402130127
900,winter,2,wind_speed_mean,recent3,0.43124401569366455
901,winter,2,wind_speed_mean,recent3,0.28977400064468384
902,winter,2,wind_speed_mean,recent3,0.25362101197242737
903,winter,2,wind_speed_mean,recent3,0.42451849579811096
904,winter,2,wind_speed_mean,recent3,0.759880542755127
905,winter,2,wind_speed_mean,recent3,1.3712910413742065
906,winter,2,wind_speed_mean,recent3,1.5030934810638428
907,winter,2,wind_speed_mean,recent3,1.2135682106018066
908,winter,2,wind_speed_mean,recent3,0.8491622805595398
909,winter,2,wind_speed_mean,recent3,0.8957570195198059
1000,winter,2,wind_speed_mean,recent3,0.5838878750801086
1001,winter,2,wind_speed_mean,recent3,0.22594113647937775
1002,winter,2,wind_speed_mean,recent3,0.30654725432395935
1003,winter,2,wind_speed_mean,recent3,0.27933642268180847
1004,winter,2,wind_speed_mean,recent3,0.5930325388908386
1005,winter,2,wind_speed_mean,recent3,0.586098849773407
1006,winter,2,wind_speed_mean,recent3,0.9620960354804993
1007,winter,2,wind_speed_mean,recent3,1.075766921043396
1008,winter,2,wind_speed_mean,recent3,0.8359687328338623
1009,winter,2,wind_speed_mean,recent3,1.1446924209594727
0,pre_monsoon,2,wind_speed_mean,recent3,1.2114354372024536
1,pre_monsoon,2,wind_speed_mean,recent3,1.0747452974319458
2,pre_monsoon,2,wind_speed_mean,recent3,0.8927087783813477
3,pre_monsoon,2,wind_speed_mean,recent3,1.5997941493988037
4,pre_monsoon,2,wind_speed_mean,recent3,1.3707022666931152
5,pre_monsoon,2,wind_speed_mean,recent3,2.1583006381988525
6,pre_monsoon,2,wind_speed_mean,recent3,2.1052017211914062
7,pre_monsoon,2,wind_speed_mean,recent3,1.8322421312332153
8,pre_monsoon,2,wind_speed_mean,recent3,1.716860294342041
9,pre_monsoon,2,wind_speed_mean,recent3,1.710868239402771
100,pre_monsoon,2,wind_speed_mean,recent3,1.0816473960876465
101,pre_monsoon,2,wind_speed_mean,recent3,0.982466459274292
102,pre_monsoon,2,wind_speed_mean,recent3,0.6759774684906006
103,pre_monsoon,2,wind_speed_mean,recent3,0.5791043043136597
104,pre_monsoon,2,wind_speed_mean,recent3,1.8368865251541138
105,pre_monsoon,2,wind_speed_mean,recent3,2.014664649963379
106,pre_monsoon,2,wind_speed_mean,recent3,1.924601674079895
107,pre_monsoon,2,wind_speed_mean,recent3,1.7106612920761108
108,pre_monsoon,2,wind_speed_mean,recent3,1.3764557838439941
109,pre_monsoon,2,wind_speed_mean,recent3,1.4040361642837524
200,pre_monsoon,2,wind_speed_mean,recent3,1.4527868032455444
201,pre_monsoon,2,wind_speed_mean,recent3,1.2036442756652832
202,pre_monsoon,2,wind_speed_mean,recent3,0.7180848717689514
203,pre_monsoon,2,wind_speed_mean,recent3,0.5311880111694336
204,pre_monsoon,2,wind_speed_mean,recent3,1.102721929550171
205,pre_monsoon,2,wind_speed_mean,recent3,1.7338881492614746
206,pre_monsoon,2,wind_speed_mean,recent3,2.1921801567077637
207,pre_monsoon,2,wind_speed_mean,recent3,1.6054280996322632
208,pre_monsoon,2,wind_speed_mean,recent3,1.0658602714538574
209,pre_monsoon,2,wind_speed_mean,recent3,1.0004228353500366
300,pre_monsoon,2,wind_speed_mean,recent3,1.5487042665481567
301,pre_monsoon,2,wind_speed_mean,recent3,1.2904081344604492
302,pre_monsoon,2,wind_speed_mean,recent3,0.6838745474815369
303,pre_monsoon,2,wind_speed_mean,recent3,0.5585167407989502
304,pre_monsoon,2,wind_speed_mean,recent3,0.5502983927726746
305,pre_monsoon,2,wind_speed_mean,recent3,1.1193968057632446
306,pre_monsoon,2,wind_speed_mean,recent3,1.7794857025146484
307,pre_monsoon,2,wind_speed_mean,recent3,1.4736582040786743
308,pre_monsoon,2,wind_speed_mean,recent3,0.9387343525886536
309,pre_monsoon,2,wind_speed_mean,recent3,0.4459027051925659
400,pre_monsoon,2,wind_speed_mean,recent3,1.0637942552566528
401,pre_monsoon,2,wind_speed_mean,recent3,0.9332959651947021
402,pre_monsoon,2,wind_speed_mean,recent3,0.5077053904533386
403,pre_monsoon,2,wind_speed_mean,recent3,0.537944495677948
404,pre_monsoon,2,wind_speed_mean,recent3,0.4645636975765228
405,pre_monsoon,2,wind_speed_mean,recent3,0.5591468214988708
406,pre_monsoon,2,wind_speed_mean,recent3,1.2022879123687744
407,pre_monsoon,2,wind_speed_mean,recent3,1.147200584411621
408,pre_monsoon,2,wind_speed_mean,recent3,0.5918546915054321
409,pre_monsoon,2,wind_speed_mean,recent3,0.47024694085121155
500,pre_monsoon,2,wind_speed_mean,recent3,1.0713204145431519
501,pre_monsoon,2,wind_speed_mean,recent3,0.7893376350402832
502,pre_monsoon,2,wind_speed_mean,recent3,0.6696813106536865
503,pre_monsoon,2,wind_speed_mean,recent3,0.5770619511604309
504,pre_monsoon,2,wind_speed_mean,recent3,0.4969820976257324
505,pre_monsoon,2,wind_speed_mean,recent3,0.5436729192733765
506,pre_monsoon,2,wind_speed_mean,recent3,0.6175897121429443
507,pre_monsoon,2,wind_speed_mean,recent3,0.578498363494873
508,pre_monsoon,2,wind_speed_mean,recent3,0.33717480301856995
509,pre_monsoon,2,wind_speed_mean,recent3,0.38893628120422363
600,pre_monsoon,2,wind_speed_mean,recent3,1.2639163732528687
601,pre_monsoon,2,wind_speed_mean,recent3,1.2060163021087646
602,pre_monsoon,2,wind_speed_mean,recent3,0.7628416419029236
603,pre_monsoon,2,wind_speed_mean,recent3,0.6567314863204956
604,pre_monsoon,2,wind_speed_mean,recent3,0.9243650436401367
605,pre_monsoon,2,wind_speed_mean,recent3,0.8716353178024292
606,pre_monsoon,2,wind_speed_mean,recent3,0.5460001230239868
607,pre_monsoon,2,wind_speed_mean,recent3,0.34900176525115967
608,pre_monsoon,2,wind_speed_mean,recent3,0.33071067929267883
609,pre_monsoon,2,wind_speed_mean,recent3,0.22752481698989868
700,pre_monsoon,2,wind_speed_mean,recent3,0.854253888130188
701,pre_monsoon,2,wind_speed_mean,recent3,0.8962559103965759
702,pre_monsoon,2,wind_speed_mean,recent3,0.8339998126029968
703,pre_monsoon,2,wind_speed_mean,recent3,0.6357560753822327
704,pre_monsoon,2,wind_speed_mean,recent3,0.34957563877105713
705,pre_monsoon,2,wind_speed_mean,recent3,0.4725673496723175
706,pre_monsoon,2,wind_speed_mean,recent3,0.6103289723396301
707,pre_monsoon,2,wind_speed_mean,recent3,0.5552631616592407
708,pre_monsoon,2,wind_speed_mean,recent3,0.25195398926734924
709,pre_monsoon,2,wind_speed_mean,recent3,0.2012324184179306
800,pre_monsoon,2,wind_speed_mean,recent3,0.7992695569992065
801,pre_monsoon,2,wind_speed_mean,recent3,0.722969114780426
802,pre_monsoon,2,wind_speed_mean,recent3,0.5776143670082092
803,pre_monsoon,2,wind_speed_mean,recent3,0.25502809882164
804,pre_monsoon,2,wind_speed_mean,recent3,0.6540572047233582
805,pre_monsoon,2,wind_speed_mean,recent3,0.9590985178947449
806,pre_monsoon,2,wind_speed_mean,recent3,0.9810831546783447
807,pre_monsoon,2,wind_speed_mean,recent3,1.0196864604949951
808,pre_monsoon,2,wind_speed_mean,recent3,0.7293539047241211
809,pre_monsoon,2,wind_speed_mean,recent3,0.49895957112312317
900,pre_monsoon,2,wind_speed_mean,recent3,0.37788206338882446
901,pre_monsoon,2,wind_speed_mean,recent3,0.27645766735076904
902,pre_monsoon,2,wind_speed_mean,recent3,0.2190881222486496
903,pre_monsoon,2,wind_speed_mean,recent3,0.38354671001434326
904,pre_monsoon,2,wind_speed_mean,recent3,0.6438038349151611
905,pre_monsoon,2,wind_speed_mean,recent3,1.1016291379928589
906,pre_monsoon,2,wind_speed_mean,recent3,1.1442451477050781
907,pre_monsoon,2,wind_speed_mean,recent3,1.0077322721481323
908,pre_monsoon,2,wind_speed_mean,recent3,0.8065068125724792
909,pre_monsoon,2,wind_speed_mean,recent3,0.9331179857254028
1000,pre_monsoon,2,wind_speed_mean,recent3,0.7139683365821838
1001,pre_monsoon,2,wind_speed_mean,recent3,0.1958221197128296
1002,pre_monsoon,2,wind_speed_mean,recent3,0.33269864320755005
1003,pre_monsoon,2,wind_speed_mean,recent3,0.4686109721660614
1004,pre_monsoon,2,wind_speed_mean,recent3,0.9976039528846741
1005,pre_monsoon,2,wind_speed_mean,recent3,0.578393280506134
1006,pre_monsoon,2,wind_speed_mean,recent3,1.0684057474136353
1007,pre_monsoon,2,wind_speed_mean,recent3,1.0150882005691528
1008,pre_monsoon,2,wind_speed_mean,recent3,1.0312668085098267
1009,pre_monsoon,2,wind_speed_mean,recent3,1.3582745790481567
0,monsoon,2,wind_speed_mean,recent3,1.3474959135055542
1,monsoon,2,wind_speed_mean,recent3,1.3590781688690186
2,monsoon,2,wind_speed_mean,recent3,1.2097561359405518
3,monsoon,2,wind_speed_mean,recent3,1.0425944328308105
4,monsoon,2,wind_speed_mean,recent3,1.1072760820388794
5,monsoon,2,wind_speed_mean,recent3,1.5558757781982422
6,monsoon,2,wind_speed_mean,recent3,1.6694201231002808
7,monsoon,2,wind_speed_mean,recent3,1.6442584991455078
8,monsoon,2,wind_speed_mean,recent3,1.462644100189209
9,monsoon,2,wind_speed_mean,recent3,1.5208542346954346
100,monsoon,2,wind_speed_mean,recent3,1.3316463232040405
101,monsoon,2,wind_speed_mean,recent3,1.4653571844100952
102,monsoon,2,wind_speed_mean,recent3,1.136823296546936
103,monsoon,2,wind_speed_mean,recent3,0.6270622611045837
104,monsoon,2,wind_speed_mean,recent3,1.2040151357650757
105,monsoon,2,wind_speed_mean,recent3,1.4687420129776
106,monsoon,2,wind_speed_mean,recent3,1.6619079113006592
107,monsoon,2,wind_speed_mean,recent3,1.8162776231765747
108,monsoon,2,wind_speed_mean,recent3,1.8491884469985962
109,monsoon,2,wind_speed_mean,recent3,1.64398193359375
200,monsoon,2,wind_speed_mean,recent3,1.5319331884384155
201,monsoon,2,wind_speed_mean,recent3,1.6034364700317383
202,monsoon,2,wind_speed_mean,recent3,0.899769127368927
203,monsoon,2,wind_speed_mean,recent3,0.7874133586883545
204,monsoon,2,wind_speed_mean,recent3,1.1765713691711426
205,monsoon,2,wind_speed_mean,recent3,1.5000168085098267
206,monsoon,2,wind_speed_mean,recent3,1.62005615234375
207,monsoon,2,wind_speed_mean,recent3,1.72132408618927
208,monsoon,2,wind_speed_mean,recent3,1.6929237842559814
209,monsoon,2,wind_speed_mean,recent3,1.7104904651641846
300,monsoon,2,wind_speed_mean,recent3,1.716326355934143
301,monsoon,2,wind_speed_mean,recent3,1.4582035541534424
302,monsoon,2,wind_speed_mean,recent3,0.9214453101158142
303,monsoon,2,wind_speed_mean,recent3,0.8159369230270386
304,monsoon,2,wind_speed_mean,recent3,0.7085335850715637
305,monsoon,2,wind_speed_mean,recent3,1.5178850889205933
306,monsoon,2,wind_speed_mean,recent3,1.8753117322921753
307,monsoon,2,wind_speed_mean,recent3,1.8756012916564941
308,monsoon,2,wind_speed_mean,recent3,1.672197937965393
309,monsoon,2,wind_speed_mean,recent3,0.791123628616333
400,monsoon,2,wind_speed_mean,recent3,1.6991066932678223
401,monsoon,2,wind_speed_mean,recent3,1.2179533243179321
402,monsoon,2,wind_speed_mean,recent3,0.8633541464805603
403,monsoon,2,wind_speed_mean,recent3,0.7479739785194397
404,monsoon,2,wind_speed_mean,recent3,0.6000819206237793
405,monsoon,2,wind_speed_mean,recent3,0.6472597122192383
406,monsoon,2,wind_speed_mean,recent3,1.6409269571304321
407,monsoon,2,wind_speed_mean,recent3,2.472835063934326
408,monsoon,2,wind_speed_mean,recent3,1.2109122276306152
409,monsoon,2,wind_speed_mean,recent3,0.6884793043136597
500,monsoon,2,wind_speed_mean,recent3,1.5241217613220215
501,monsoon,2,wind_speed_mean,recent3,1.0445783138275146
502,monsoon,2,wind_speed_mean,recent3,0.8950368165969849
503,monsoon,2,wind_speed_mean,recent3,0.7988518476486206
504,monsoon,2,wind_speed_mean,recent3,0.7072855234146118
505,monsoon,2,wind_speed_mean,recent3,0.8789784908294678
506,monsoon,2,wind_speed_mean,recent3,0.9781526923179626
507,monsoon,2,wind_speed_mean,recent3,1.1111276149749756
508,monsoon,2,wind_speed_mean,recent3,0.4565679132938385
509,monsoon,2,wind_speed_mean,recent3,0.6262403130531311
600,monsoon,2,wind_speed_mean,recent3,1.102752923965454
601,monsoon,2,wind_speed_mean,recent3,1.0842843055725098
602,monsoon,2,wind_speed_mean,recent3,0.8480817675590515
603,monsoon,2,wind_speed_mean,recent3,0.7287081480026245
604,monsoon,2,wind_speed_mean,recent3,0.8744000792503357
605,monsoon,2,wind_speed_mean,recent3,0.834557056427002
606,monsoon,2,wind_speed_mean,recent3,0.7111590504646301
607,monsoon,2,wind_speed_mean,recent3,0.4431958496570587
608,monsoon,2,wind_speed_mean,recent3,0.33897849917411804
609,monsoon,2,wind_speed_mean,recent3,0.26896584033966064
700,monsoon,2,wind_speed_mean,recent3,0.6711251735687256
701,monsoon,2,wind_speed_mean,recent3,0.8260340094566345
702,monsoon,2,wind_speed_mean,recent3,0.7151909470558167
703,monsoon,2,wind_speed_mean,recent3,0.5664252638816833
704,monsoon,2,wind_speed_mean,recent3,0.28823021054267883
705,monsoon,2,wind_speed_mean,recent3,0.3568577170372009
706,monsoon,2,wind_speed_mean,recent3,0.38960370421409607
707,monsoon,2,wind_speed_mean,recent3,0.39358070492744446
708,monsoon,2,wind_speed_mean,recent3,0.26203253865242004
709,monsoon,2,wind_speed_mean,recent3,0.22082039713859558
800,monsoon,2,wind_speed_mean,recent3,0.4549234211444855
801,monsoon,2,wind_speed_mean,recent3,0.5535318851470947
802,monsoon,2,wind_speed_mean,recent3,0.36861321330070496
803,monsoon,2,wind_speed_mean,recent3,0.2447289675474167
804,monsoon,2,wind_speed_mean,recent3,0.566453754901886
805,monsoon,2,wind_speed_mean,recent3,0.5968484282493591
806,monsoon,2,wind_speed_mean,recent3,0.5952626466751099
807,monsoon,2,wind_speed_mean,recent3,0.6595226526260376
808,monsoon,2,wind_speed_mean,recent3,0.5681422352790833
809,monsoon,2,wind_speed_mean,recent3,0.42910003662109375
900,monsoon,2,wind_speed_mean,recent3,0.2694461941719055
901,monsoon,2,wind_speed_mean,recent3,0.18215708434581757
902,monsoon,2,wind_speed_mean,recent3,0.1629372388124466
903,monsoon,2,wind_speed_mean,recent3,0.2973715662956238
904,monsoon,2,wind_speed_mean,recent3,0.44895684719085693
905,monsoon,2,wind_speed_mean,recent3,0.6941354274749756
906,monsoon,2,wind_speed_mean,recent3,0.8085446953773499
907,monsoon,2,wind_speed_mean,recent3,0.7046235799789429
908,monsoon,2,wind_speed_mean,recent3,0.5812904834747314
909,monsoon,2,wind_speed_mean,recent3,0.685647189617157
1000,monsoon,2,wind_speed_mean,recent3,0.4433455169200897
1001,monsoon,2,wind_speed_mean,recent3,0.13847655057907104
1002,monsoon,2,wind_speed_mean,recent3,0.22308486700057983
1003,monsoon,2,wind_speed_mean,recent3,0.3455059826374054
1004,monsoon,2,wind_speed_mean,recent3,0.8371370434761047
1005,monsoon,2,wind_speed_mean,recent3,0.5647781491279602
1006,monsoon,2,wind_speed_mean,recent3,0.6606001257896423
1007,monsoon,2,wind_speed_mean,recent3,0.6479079127311707
1008,monsoon,2,wind_speed_mean,recent3,0.9098071455955505
1009,monsoon,2,wind_speed_mean,recent3,1.1866965293884277
0,post_monsoon,2,wind_speed_mean,recent3,1.698596477508545
1,post_monsoon,2,wind_speed_mean,recent3,1.4051704406738281
2,post_monsoon,2,wind_speed_mean,recent3,1.3896238803863525
3,post_monsoon,2,wind_speed_mean,recent3,1.5237401723861694
4,post_monsoon,2,wind_speed_mean,recent3,1.435229778289795
5,post_monsoon,2,wind_speed_mean,recent3,2.211933135986328
6,post_monsoon,2,wind_speed_mean,recent3,2.4839327335357666
7,post_monsoon,2,wind_speed_mean,recent3,2.3525493144989014
8,post_monsoon,2,wind_speed_mean,recent3,2.1287755966186523
9,post_monsoon,2,wind_speed_mean,recent3,2.0743277072906494
100,post_monsoon,2,wind_speed_mean,recent3,2.0116679668426514
101,post_monsoon,2,wind_speed_mean,recent3,1.7131390571594238
102,post_monsoon,2,wind_speed_mean,recent3,0.9282088875770569
103,post_monsoon,2,wind_speed_mean,recent3,0.7468201518058777
104,post_monsoon,2,wind_speed_mean,recent3,1.9948995113372803
105,post_monsoon,2,wind_speed_mean,recent3,2.565645456314087
106,post_monsoon,2,wind_speed_mean,recent3,2.563096761703491
107,post_monsoon,2,wind_speed_mean,recent3,2.425379753112793
108,post_monsoon,2,wind_speed_mean,recent3,2.3554623126983643
109,post_monsoon,2,wind_speed_mean,recent3,2.195681571960449
200,post_monsoon,2,wind_speed_mean,recent3,1.8590174913406372
201,post_monsoon,2,wind_speed_mean,recent3,1.7240291833877563
202,post_monsoon,2,wind_speed_mean,recent3,0.9082244038581848
203,post_monsoon,2,wind_speed_mean,recent3,0.8420174717903137
204,post_monsoon,2,wind_speed_mean,recent3,2.20487380027771
205,post_monsoon,2,wind_speed_mean,recent3,2.7132859230041504
206,post_monsoon,2,wind_speed_mean,recent3,2.577397346496582
207,post_monsoon,2,wind_speed_mean,recent3,2.431227684020996
208,post_monsoon,2,wind_speed_mean,recent3,2.1442184448242188
209,post_monsoon,2,wind_speed_mean,recent3,1.873238205909729
300,post_monsoon,2,wind_speed_mean,recent3,1.2582895755767822
301,post_monsoon,2,wind_speed_mean,recent3,1.3157665729522705
302,post_monsoon,2,wind_speed_mean,recent3,0.5769398808479309
303,post_monsoon,2,wind_speed_mean,recent3,0.6679240465164185
304,post_monsoon,2,wind_speed_mean,recent3,1.0634922981262207
305,post_monsoon,2,wind_speed_mean,recent3,2.1659388542175293
306,post_monsoon,2,wind_speed_mean,recent3,2.2276580333709717
307,post_monsoon,2,wind_speed_mean,recent3,2.1044740676879883
308,post_monsoon,2,wind_speed_mean,recent3,1.4280509948730469
309,post_monsoon,2,wind_speed_mean,recent3,0.7525264024734497
400,post_monsoon,2,wind_speed_mean,recent3,1.3665540218353271
401,post_monsoon,2,wind_speed_mean,recent3,0.9092162251472473
402,post_monsoon,2,wind_speed_mean,recent3,0.48611533641815186
403,post_monsoon,2,wind_speed_mean,recent3,0.5202561616897583
404,post_monsoon,2,wind_speed_mean,recent3,0.745225191116333
405,post_monsoon,2,wind_speed_mean,recent3,0.7465120553970337
406,post_monsoon,2,wind_speed_mean,recent3,1.56424081325531
407,post_monsoon,2,wind_speed_mean,recent3,1.5674363374710083
408,post_monsoon,2,wind_speed_mean,recent3,0.6868403553962708
409,post_monsoon,2,wind_speed_mean,recent3,0.4260956048965454
500,post_monsoon,2,wind_speed_mean,recent3,1.0540075302124023
501,post_monsoon,2,wind_speed_mean,recent3,0.7242522239685059
502,post_monsoon,2,wind_speed_mean,recent3,0.6867353916168213
503,post_monsoon,2,wind_speed_mean,recent3,0.6323540210723877
504,post_monsoon,2,wind_speed_mean,recent3,0.6125900745391846
505,post_monsoon,2,wind_speed_mean,recent3,0.6776074767112732
506,post_monsoon,2,wind_speed_mean,recent3,0.593064546585083
507,post_monsoon,2,wind_speed_mean,recent3,0.49177756905555725
508,post_monsoon,2,wind_speed_mean,recent3,0.21300546824932098
509,post_monsoon,2,wind_speed_mean,recent3,0.34125131368637085
600,post_monsoon,2,wind_speed_mean,recent3,0.9240951538085938
601,post_monsoon,2,wind_speed_mean,recent3,0.8971459269523621
602,post_monsoon,2,wind_speed_mean,recent3,0.6332063674926758
603,post_monsoon,2,wind_speed_mean,recent3,0.5120097398757935
604,post_monsoon,2,wind_speed_mean,recent3,0.5999205112457275
605,post_monsoon,2,wind_speed_mean,recent3,0.6340168714523315
606,post_monsoon,2,wind_speed_mean,recent3,0.4688345193862915
607,post_monsoon,2,wind_speed_mean,recent3,0.33435460925102234
608,post_monsoon,2,wind_speed_mean,recent3,0.19844567775726318
609,post_monsoon,2,wind_speed_mean,recent3,0.16071541607379913
700,post_monsoon,2,wind_speed_mean,recent3,0.3924369812011719
701,post_monsoon,2,wind_speed_mean,recent3,0.485638290643692
702,post_monsoon,2,wind_speed_mean,recent3,0.4058222472667694
703,post_monsoon,2,wind_speed_mean,recent3,0.3374534249305725
704,post_monsoon,2,wind_speed_mean,recent3,0.22779297828674316
705,post_monsoon,2,wind_speed_mean,recent3,0.33798637986183167
706,post_monsoon,2,wind_speed_mean,recent3,0.41047900915145874
707,post_monsoon,2,wind_speed_mean,recent3,0.45031940937042236
708,post_monsoon,2,wind_speed_mean,recent3,0.2713485658168793
709,post_monsoon,2,wind_speed_mean,recent3,0.2132033109664917
800,post_monsoon,2,wind_speed_mean,recent3,0.3554835021495819
801,post_monsoon,2,wind_speed_mean,recent3,0.3085564374923706
802,post_monsoon,2,wind_speed_mean,recent3,0.23432599008083344
803,post_monsoon,2,wind_speed_mean,recent3,0.2005072683095932
804,post_monsoon,2,wind_speed_mean,recent3,0.5513374209403992
805,post_monsoon,2,wind_speed_mean,recent3,0.687343418598175
806,post_monsoon,2,wind_speed_mean,recent3,0.6942436099052429
807,post_monsoon,2,wind_speed_mean,recent3,0.8174411058425903
808,post_monsoon,2,wind_speed_mean,recent3,0.653588056564331
809,post_monsoon,2,wind_speed_mean,recent3,0.47135061025619507
900,post_monsoon,2,wind_speed_mean,recent3,0.2038135826587677
901,post_monsoon,2,wind_speed_mean,recent3,0.1557389348745346
902,post_monsoon,2,wind_speed_mean,recent3,0.1558823585510254
903,post_monsoon,2,wind_speed_mean,recent3,0.3235805928707123
904,post_monsoon,2,wind_speed_mean,recent3,0.4915708899497986
905,post_monsoon,2,wind_speed_mean,recent3,0.7955808639526367
906,post_monsoon,2,wind_speed_mean,recent3,0.9307971596717834
907,post_monsoon,2,wind_speed_mean,recent3,0.8526399731636047
908,post_monsoon,2,wind_speed_mean,recent3,0.6533183455467224
909,post_monsoon,2,wind_speed_mean,recent3,0.6935763359069824
1000,post_monsoon,2,wind_speed_mean,recent3,0.2966092824935913
1001,post_monsoon,2,wind_speed_mean,recent3,0.1334792524576187
1002,post_monsoon,2,wind_speed_mean,recent3,0.2403370887041092
1003,post_monsoon,2,wind_speed_mean,recent3,0.2911645472049713
1004,post_monsoon,2,wind_speed_mean,recent3,0.5066302418708801
1005,post_monsoon,2,wind_speed_mean,recent3,0.500901997089386
1006,post_monsoon,2,wind_speed_mean,recent3,0.7403542399406433
1007,post_monsoon,2,wind_speed_mean,recent3,0.7327854037284851
1008,post_monsoon,2,wind_speed_mean,recent3,0.7697809338569641
1009,post_monsoon,2,wind_speed_mean,recent3,1.1025657653808594
0,winter,2,wind_speed_mean,anom_persistence,1.2589961290359497
1,winter,2,wind_speed_mean,anom_persistence,1.0139318704605103
2,winter,2,wind_speed_mean,anom_persistence,0.9624611735343933
3,winter,2,wind_speed_mean,anom_persistence,0.9343096613883972
4,winter,2,wind_speed_mean,anom_persistence,0.8266170024871826
5,winter,2,wind_speed_mean,anom_persistence,1.0806162357330322
6,winter,2,wind_speed_mean,anom_persistence,1.2453721761703491
7,winter,2,wind_speed_mean,anom_persistence,1.1297342777252197
8,winter,2,wind_speed_mean,anom_persistence,1.0901260375976562
9,winter,2,wind_speed_mean,anom_persistence,1.3975554704666138
100,winter,2,wind_speed_mean,anom_persistence,1.481573462486267
101,winter,2,wind_speed_mean,anom_persistence,1.1705576181411743
102,winter,2,wind_speed_mean,anom_persistence,0.6043180823326111
103,winter,2,wind_speed_mean,anom_persistence,0.41408464312553406
104,winter,2,wind_speed_mean,anom_persistence,1.2321010828018188
105,winter,2,wind_speed_mean,anom_persistence,1.354888677597046
106,winter,2,wind_speed_mean,anom_persistence,1.3207018375396729
107,winter,2,wind_speed_mean,anom_persistence,1.0865530967712402
108,winter,2,wind_speed_mean,anom_persistence,0.9792701005935669
109,winter,2,wind_speed_mean,anom_persistence,1.1659876108169556
200,winter,2,wind_speed_mean,anom_persistence,1.5386993885040283
201,winter,2,wind_speed_mean,anom_persistence,1.5118799209594727
202,winter,2,wind_speed_mean,anom_persistence,0.5137426257133484
203,winter,2,wind_speed_mean,anom_persistence,0.41896918416023254
204,winter,2,wind_speed_mean,anom_persistence,0.9652215242385864
205,winter,2,wind_speed_mean,anom_persistence,1.2456251382827759
206,winter,2,wind_speed_mean,anom_persistence,1.4308844804763794
207,winter,2,wind_speed_mean,anom_persistence,1.332323670387268
208,winter,2,wind_speed_mean,anom_persistence,1.0257291793823242
209,winter,2,wind_speed_mean,anom_persistence,1.1033024787902832
300,winter,2,wind_speed_mean,anom_persistence,1.6977880001068115
301,winter,2,wind_speed_mean,anom_persistence,1.5189810991287231
302,winter,2,wind_speed_mean,anom_persistence,0.51393061876297
303,winter,2,wind_speed_mean,anom_persistence,0.35714957118034363
304,winter,2,wind_speed_mean,anom_persistence,0.46610090136528015
305,winter,2,wind_speed_mean,anom_persistence,1.2605242729187012
306,winter,2,wind_speed_mean,anom_persistence,1.553184151649475
307,winter,2,wind_speed_mean,anom_persistence,1.5243687629699707
308,winter,2,wind_speed_mean,anom_persistence,1.0873141288757324
309,winter,2,wind_speed_mean,anom_persistence,0.530547559261322
400,winter,2,wind_speed_mean,anom_persistence,1.757951259613037
401,winter,2,wind_speed_mean,anom_persistence,1.3795686960220337
402,winter,2,wind_speed_mean,anom_persistence,0.4361039400100708
403,winter,2,wind_speed_mean,anom_persistence,0.4120672941207886
404,winter,2,wind_speed_mean,anom_persistence,0.422721803188324
405,winter,2,wind_speed_mean,anom_persistence,0.46249687671661377
406,winter,2,wind_speed_mean,anom_persistence,1.32103431224823
407,winter,2,wind_speed_mean,anom_persistence,1.6524239778518677
408,winter,2,wind_speed_mean,anom_persistence,0.7129541039466858
409,winter,2,wind_speed_mean,anom_persistence,0.5488932728767395
500,winter,2,wind_speed_mean,anom_persistence,1.2565144300460815
501,winter,2,wind_speed_mean,anom_persistence,0.7962104678153992
502,winter,2,wind_speed_mean,anom_persistence,0.5672833919525146
503,winter,2,wind_speed_mean,anom_persistence,0.4936028718948364
504,winter,2,wind_speed_mean,anom_persistence,0.5694953799247742
505,winter,2,wind_speed_mean,anom_persistence,0.5277146100997925
506,winter,2,wind_speed_mean,anom_persistence,0.5244197845458984
507,winter,2,wind_speed_mean,anom_persistence,0.5530838966369629
508,winter,2,wind_speed_mean,anom_persistence,0.3197633922100067
509,winter,2,wind_speed_mean,anom_persistence,0.3757512867450714
600,winter,2,wind_speed_mean,anom_persistence,0.9149186611175537
601,winter,2,wind_speed_mean,anom_persistence,1.0047588348388672
602,winter,2,wind_speed_mean,anom_persistence,0.6054925918579102
603,winter,2,wind_speed_mean,anom_persistence,0.7453374862670898
604,winter,2,wind_speed_mean,anom_persistence,1.0418462753295898
605,winter,2,wind_speed_mean,anom_persistence,0.8165369033813477
606,winter,2,wind_speed_mean,anom_persistence,0.49792611598968506
607,winter,2,wind_speed_mean,anom_persistence,0.3463127017021179
608,winter,2,wind_speed_mean,anom_persistence,0.31449079513549805
609,winter,2,wind_speed_mean,anom_persistence,0.22830770909786224
700,winter,2,wind_speed_mean,anom_persistence,0.6382945775985718
701,winter,2,wind_speed_mean,anom_persistence,0.7046996355056763
702,winter,2,wind_speed_mean,anom_persistence,0.7836215496063232
703,winter,2,wind_speed_mean,anom_persistence,0.8789500594139099
704,winter,2,wind_speed_mean,anom_persistence,0.4656165540218353
705,winter,2,wind_speed_mean,anom_persistence,0.7015045881271362
706,winter,2,wind_speed_mean,anom_persistence,0.7232325673103333
707,winter,2,wind_speed_mean,anom_persistence,0.6813222765922546
708,winter,2,wind_speed_mean,anom_persistence,0.3455704152584076
709,winter,2,wind_speed_mean,anom_persistence,0.2614435851573944
800,winter,2,wind_speed_mean,anom_persistence,0.625576913356781
801,winter,2,wind_speed_mean,anom_persistence,0.5487226247787476
802,winter,2,wind_speed_mean,anom_persistence,0.44972074031829834
803,winter,2,wind_speed_mean,anom_persistence,0.3159666061401367
804,winter,2,wind_speed_mean,anom_persistence,0.8594229221343994
805,winter,2,wind_speed_mean,anom_persistence,1.1304206848144531
806,winter,2,wind_speed_mean,anom_persistence,1.2620407342910767
807,winter,2,wind_speed_mean,anom_persistence,1.3496053218841553
808,winter,2,wind_speed_mean,anom_persistence,0.9290335178375244
809,winter,2,wind_speed_mean,anom_persistence,0.6000900268554688
900,winter,2,wind_speed_mean,anom_persistence,0.4265191853046417
901,winter,2,wind_speed_mean,anom_persistence,0.28878992795944214
902,winter,2,wind_speed_mean,anom_persistence,0.24026362597942352
903,winter,2,wind_speed_mean,anom_persistence,0.4552290141582489
904,winter,2,wind_speed_mean,anom_persistence,0.7511375546455383
905,winter,2,wind_speed_mean,anom_persistence,1.4171247482299805
906,winter,2,wind_speed_mean,anom_persistence,1.6619328260421753
907,winter,2,wind_speed_mean,anom_persistence,1.4068809747695923
908,winter,2,wind_speed_mean,anom_persistence,1.0374667644500732
909,winter,2,wind_speed_mean,anom_persistence,1.0233250856399536
1000,winter,2,wind_speed_mean,anom_persistence,0.6180000305175781
1001,winter,2,wind_speed_mean,anom_persistence,0.2044944018125534
1002,winter,2,wind_speed_mean,anom_persistence,0.3258472979068756
1003,winter,2,wind_speed_mean,anom_persistence,0.2936691343784332
1004,winter,2,wind_speed_mean,anom_persistence,0.6817901134490967
1005,winter,2,wind_speed_mean,anom_persistence,0.5959576964378357
1006,winter,2,wind_speed_mean,anom_persistence,1.1296100616455078
1007,winter,2,wind_speed_mean,anom_persistence,1.2175098657608032
1008,winter,2,wind_speed_mean,anom_persistence,0.996748149394989
1009,winter,2,wind_speed_mean,anom_persistence,1.4510849714279175
0,pre_monsoon,2,wind_speed_mean,anom_persistence,1.2548935413360596
1,pre_monsoon,2,wind_speed_mean,anom_persistence,1.117401361465454
2,pre_monsoon,2,wind_speed_mean,anom_persistence,0.9219538569450378
3,pre_monsoon,2,wind_speed_mean,anom_persistence,1.618725061416626
4,pre_monsoon,2,wind_speed_mean,anom_persistence,1.3182469606399536
5,pre_monsoon,2,wind_speed_mean,anom_persistence,1.907296061515808
6,pre_monsoon,2,wind_speed_mean,anom_persistence,1.7904815673828125
7,pre_monsoon,2,wind_speed_mean,anom_persistence,1.6044548749923706
8,pre_monsoon,2,wind_speed_mean,anom_persistence,1.6073921918869019
9,pre_monsoon,2,wind_speed_mean,anom_persistence,1.6613916158676147
100,pre_monsoon,2,wind_speed_mean,anom_persistence,1.0215165615081787
101,pre_monsoon,2,wind_speed_mean,anom_persistence,1.0289478302001953
102,pre_monsoon,2,wind_speed_mean,anom_persistence,0.7684863209724426
103,pre_monsoon,2,wind_speed_mean,anom_persistence,0.5889649987220764
104,pre_monsoon,2,wind_speed_mean,anom_persistence,1.6575491428375244
105,pre_monsoon,2,wind_speed_mean,anom_persistence,1.7976213693618774
106,pre_monsoon,2,wind_speed_mean,anom_persistence,1.7257866859436035
107,pre_monsoon,2,wind_speed_mean,anom_persistence,1.5815355777740479
108,pre_monsoon,2,wind_speed_mean,anom_persistence,1.4828861951828003
109,pre_monsoon,2,wind_speed_mean,anom_persistence,1.4829696416854858
200,pre_monsoon,2,wind_speed_mean,anom_persistence,1.2116276025772095
201,pre_monsoon,2,wind_speed_mean,anom_persistence,1.1406729221343994
202,pre_monsoon,2,wind_speed_mean,anom_persistence,0.7469311356544495
203,pre_monsoon,2,wind_speed_mean,anom_persistence,0.60518479347229
204,pre_monsoon,2,wind_speed_mean,anom_persistence,1.21019446849823
205,pre_monsoon,2,wind_speed_mean,anom_persistence,1.6415554285049438
206,pre_monsoon,2,wind_speed_mean,anom_persistence,1.85543954372406
207,pre_monsoon,2,wind_speed_mean,anom_persistence,1.6018146276474
208,pre_monsoon,2,wind_speed_mean,anom_persistence,1.2460905313491821
209,pre_monsoon,2,wind_speed_mean,anom_persistence,1.118254542350769
300,pre_monsoon,2,wind_speed_mean,anom_persistence,1.3768724203109741
301,pre_monsoon,2,wind_speed_mean,anom_persistence,1.1296848058700562
302,pre_monsoon,2,wind_speed_mean,anom_persistence,0.757252037525177
303,pre_monsoon,2,wind_speed_mean,anom_persistence,0.6564644575119019
304,pre_monsoon,2,wind_speed_mean,anom_persistence,0.6422672867774963
305,pre_monsoon,2,wind_speed_mean,anom_persistence,1.2121508121490479
306,pre_monsoon,2,wind_speed_mean,anom_persistence,1.5778948068618774
307,pre_monsoon,2,wind_speed_mean,anom_persistence,1.3235050439834595
308,pre_monsoon,2,wind_speed_mean,anom_persistence,0.9574142098426819
309,pre_monsoon,2,wind_speed_mean,anom_persistence,0.4394274055957794
400,pre_monsoon,2,wind_speed_mean,anom_persistence,0.9991395473480225
401,pre_monsoon,2,wind_speed_mean,anom_persistence,0.9554765224456787
402,pre_monsoon,2,wind_speed_mean,anom_persistence,0.551633358001709
403,pre_monsoon,2,wind_speed_mean,anom_persistence,0.5836324095726013
404,pre_monsoon,2,wind_speed_mean,anom_persistence,0.5181876420974731
405,pre_monsoon,2,wind_speed_mean,anom_persistence,0.5951404571533203
406,pre_monsoon,2,wind_speed_mean,anom_persistence,1.2736021280288696
407,pre_monsoon,2,wind_speed_mean,anom_persistence,1.1174113750457764
408,pre_monsoon,2,wind_speed_mean,anom_persistence,0.6254253387451172
409,pre_monsoon,2,wind_speed_mean,anom_persistence,0.5121431946754456
500,pre_monsoon,2,wind_speed_mean,anom_persistence,1.1126985549926758
501,pre_monsoon,2,wind_speed_mean,anom_persistence,0.817072868347168
502,pre_monsoon,2,wind_speed_mean,anom_persistence,0.7080047130584717
503,pre_monsoon,2,wind_speed_mean,anom_persistence,0.6936354637145996
504,pre_monsoon,2,wind_speed_mean,anom_persistence,0.5842411518096924
505,pre_monsoon,2,wind_speed_mean,anom_persistence,0.6103783845901489
506,pre_monsoon,2,wind_speed_mean,anom_persistence,0.6441214084625244
507,pre_monsoon,2,wind_speed_mean,anom_persistence,0.6694567203521729
508,pre_monsoon,2,wind_speed_mean,anom_persistence,0.38684767484664917
509,pre_monsoon,2,wind_speed_mean,anom_persistence,0.4408734142780304
600,pre_monsoon,2,wind_speed_mean,anom_persistence,1.3390557765960693
601,pre_monsoon,2,wind_speed_mean,anom_persistence,1.226172924041748
602,pre_monsoon,2,wind_speed_mean,anom_persistence,0.8159925937652588
603,pre_monsoon,2,wind_speed_mean,anom_persistence,0.8208456635475159
604,pre_monsoon,2,wind_speed_mean,anom_persistence,1.018760323524475
605,pre_monsoon,2,wind_speed_mean,anom_persistence,0.8738660216331482
606,pre_monsoon,2,wind_speed_mean,anom_persistence,0.6029740571975708
607,pre_monsoon,2,wind_speed_mean,anom_persistence,0.39927688241004944
608,pre_monsoon,2,wind_speed_mean,anom_persistence,0.3623736500740051
609,pre_monsoon,2,wind_speed_mean,anom_persistence,0.26242557168006897
700,pre_monsoon,2,wind_speed_mean,anom_persistence,0.9575600028038025
701,pre_monsoon,2,wind_speed_mean,anom_persistence,0.9777716398239136
702,pre_monsoon,2,wind_speed_mean,anom_persistence,0.9602806568145752
703,pre_monsoon,2,wind_speed_mean,anom_persistence,0.7319839000701904
704,pre_monsoon,2,wind_speed_mean,anom_persistence,0.38764581084251404
705,pre_monsoon,2,wind_speed_mean,anom_persistence,0.5145364999771118
706,pre_monsoon,2,wind_speed_mean,anom_persistence,0.6176559925079346
707,pre_monsoon,2,wind_speed_mean,anom_persistence,0.5433155298233032
708,pre_monsoon,2,wind_speed_mean,anom_persistence,0.27285677194595337
709,pre_monsoon,2,wind_speed_mean,anom_persistence,0.22965602576732635
800,pre_monsoon,2,wind_speed_mean,anom_persistence,0.9304579496383667
801,pre_monsoon,2,wind_speed_mean,anom_persistence,0.7704167366027832
802,pre_monsoon,2,wind_speed_mean,anom_persistence,0.6667294502258301
803,pre_monsoon,2,wind_speed_mean,anom_persistence,0.301761269569397
804,pre_monsoon,2,wind_speed_mean,anom_persistence,0.7849133014678955
805,pre_monsoon,2,wind_speed_mean,anom_persistence,1.176864504814148
806,pre_monsoon,2,wind_speed_mean,anom_persistence,1.2090258598327637
807,pre_monsoon,2,wind_speed_mean,anom_persistence,1.2412387132644653
808,pre_monsoon,2,wind_speed_mean,anom_persistence,0.9263008832931519
809,pre_monsoon,2,wind_speed_mean,anom_persistence,0.5750937461853027
900,pre_monsoon,2,wind_speed_mean,anom_persistence,0.42901766300201416
901,pre_monsoon,2,wind_speed_mean,anom_persistence,0.29407840967178345
902,pre_monsoon,2,wind_speed_mean,anom_persistence,0.22787506878376007
903,pre_monsoon,2,wind_speed_mean,anom_persistence,0.4096594750881195
904,pre_monsoon,2,wind_speed_mean,anom_persistence,0.7197404503822327
905,pre_monsoon,2,wind_speed_mean,anom_persistence,1.273048996925354
906,pre_monsoon,2,wind_speed_mean,anom_persistence,1.3833158016204834
907,pre_monsoon,2,wind_speed_mean,anom_persistence,1.154776930809021
908,pre_monsoon,2,wind_speed_mean,anom_persistence,0.9911350607872009
909,pre_monsoon,2,wind_speed_mean,anom_persistence,1.1881003379821777
1000,pre_monsoon,2,wind_speed_mean,anom_persistence,0.776482343673706
1001,pre_monsoon,2,wind_speed_mean,anom_persistence,0.19899260997772217
1002,pre_monsoon,2,wind_speed_mean,anom_persistence,0.33416399359703064
1003,pre_monsoon,2,wind_speed_mean,anom_persistence,0.4812488555908203
1004,pre_monsoon,2,wind_speed_mean,anom_persistence,1.241249442100525
1005,pre_monsoon,2,wind_speed_mean,anom_persistence,0.6526536345481873
1006,pre_monsoon,2,wind_speed_mean,anom_persistence,1.1762866973876953
1007,pre_monsoon,2,wind_speed_mean,anom_persistence,1.0857011079788208
1008,pre_monsoon,2,wind_speed_mean,anom_persistence,1.3796539306640625
1009,pre_monsoon,2,wind_speed_mean,anom_persistence,1.8151823282241821
0,monsoon,2,wind_speed_mean,anom_persistence,1.0967330932617188
1,monsoon,2,wind_speed_mean,anom_persistence,1.1369290351867676
2,monsoon,2,wind_speed_mean,anom_persistence,1.0636340379714966
3,monsoon,2,wind_speed_mean,anom_persistence,1.003262996673584
4,monsoon,2,wind_speed_mean,anom_persistence,1.0772861242294312
5,monsoon,2,wind_speed_mean,anom_persistence,1.4391976594924927
6,monsoon,2,wind_speed_mean,anom_persistence,1.4773497581481934
7,monsoon,2,wind_speed_mean,anom_persistence,1.4776471853256226
8,monsoon,2,wind_speed_mean,anom_persistence,1.339852213859558
9,monsoon,2,wind_speed_mean,anom_persistence,1.5074713230133057
100,monsoon,2,wind_speed_mean,anom_persistence,1.1531260013580322
101,monsoon,2,wind_speed_mean,anom_persistence,1.3189351558685303
102,monsoon,2,wind_speed_mean,anom_persistence,1.015360713005066
103,monsoon,2,wind_speed_mean,anom_persistence,0.6535696387290955
104,monsoon,2,wind_speed_mean,anom_persistence,1.1722437143325806
105,monsoon,2,wind_speed_mean,anom_persistence,1.324116826057434
106,monsoon,2,wind_speed_mean,anom_persistence,1.4880977869033813
107,monsoon,2,wind_speed_mean,anom_persistence,1.6027119159698486
108,monsoon,2,wind_speed_mean,anom_persistence,1.6175031661987305
109,monsoon,2,wind_speed_mean,anom_persistence,1.4741294384002686
200,monsoon,2,wind_speed_mean,anom_persistence,1.3743525743484497
201,monsoon,2,wind_speed_mean,anom_persistence,1.4818874597549438
202,monsoon,2,wind_speed_mean,anom_persistence,0.8956953883171082
203,monsoon,2,wind_speed_mean,anom_persistence,0.8501142263412476
204,monsoon,2,wind_speed_mean,anom_persistence,1.174709677696228
205,monsoon,2,wind_speed_mean,anom_persistence,1.4044841527938843
206,monsoon,2,wind_speed_mean,anom_persistence,1.5537288188934326
207,monsoon,2,wind_speed_mean,anom_persistence,1.5951935052871704
208,monsoon,2,wind_speed_mean,anom_persistence,1.5161628723144531
209,monsoon,2,wind_speed_mean,anom_persistence,1.5121088027954102
300,monsoon,2,wind_speed_mean,anom_persistence,1.5885300636291504
301,monsoon,2,wind_speed_mean,anom_persistence,1.339848518371582
302,monsoon,2,wind_speed_mean,anom_persistence,0.8609393239021301
303,monsoon,2,wind_speed_mean,anom_persistence,0.8189027309417725
304,monsoon,2,wind_speed_mean,anom_persistence,0.7906367778778076
305,monsoon,2,wind_speed_mean,anom_persistence,1.7153211832046509
306,monsoon,2,wind_speed_mean,anom_persistence,1.8474881649017334
307,monsoon,2,wind_speed_mean,anom_persistence,1.7516884803771973
308,monsoon,2,wind_speed_mean,anom_persistence,1.5062708854675293
309,monsoon,2,wind_speed_mean,anom_persistence,0.7657090425491333
400,monsoon,2,wind_speed_mean,anom_persistence,1.530566930770874
401,monsoon,2,wind_speed_mean,anom_persistence,1.183496356010437
402,monsoon,2,wind_speed_mean,anom_persistence,0.8177378177642822
403,monsoon,2,wind_speed_mean,anom_persistence,0.7702383399009705
404,monsoon,2,wind_speed_mean,anom_persistence,0.6393158435821533
405,monsoon,2,wind_speed_mean,anom_persistence,0.6969336271286011
406,monsoon,2,wind_speed_mean,anom_persistence,1.5067459344863892
407,monsoon,2,wind_speed_mean,anom_persistence,2.0909523963928223
408,monsoon,2,wind_speed_mean,anom_persistence,1.109154462814331
409,monsoon,2,wind_speed_mean,anom_persistence,0.6589986085891724
500,monsoon,2,wind_speed_mean,anom_persistence,1.4855446815490723
501,monsoon,2,wind_speed_mean,anom_persistence,1.018882155418396
502,monsoon,2,wind_speed_mean,anom_persistence,0.934220016002655
503,monsoon,2,wind_speed_mean,anom_persistence,0.8225294947624207
504,monsoon,2,wind_speed_mean,anom_persistence,0.7114487290382385
505,monsoon,2,wind_speed_mean,anom_persistence,0.8676643371582031
506,monsoon,2,wind_speed_mean,anom_persistence,0.9474270939826965
507,monsoon,2,wind_speed_mean,anom_persistence,0.9665230512619019
508,monsoon,2,wind_speed_mean,anom_persistence,0.427057147026062
509,monsoon,2,wind_speed_mean,anom_persistence,0.5835839509963989
600,monsoon,2,wind_speed_mean,anom_persistence,1.2421318292617798
601,monsoon,2,wind_speed_mean,anom_persistence,1.2608219385147095
602,monsoon,2,wind_speed_mean,anom_persistence,0.9284024834632874
603,monsoon,2,wind_speed_mean,anom_persistence,0.7893166542053223
604,monsoon,2,wind_speed_mean,anom_persistence,0.9875310063362122
605,monsoon,2,wind_speed_mean,anom_persistence,0.9263150095939636
606,monsoon,2,wind_speed_mean,anom_persistence,0.6669566631317139
607,monsoon,2,wind_speed_mean,anom_persistence,0.42942091822624207
608,monsoon,2,wind_speed_mean,anom_persistence,0.35885655879974365
609,monsoon,2,wind_speed_mean,anom_persistence,0.2917504906654358
700,monsoon,2,wind_speed_mean,anom_persistence,0.7278831005096436
701,monsoon,2,wind_speed_mean,anom_persistence,0.9417011737823486
702,monsoon,2,wind_speed_mean,anom_persistence,0.8208863735198975
703,monsoon,2,wind_speed_mean,anom_persistence,0.7031046748161316
704,monsoon,2,wind_speed_mean,anom_persistence,0.3320596218109131
705,monsoon,2,wind_speed_mean,anom_persistence,0.38391125202178955
706,monsoon,2,wind_speed_mean,anom_persistence,0.42258158326148987
707,monsoon,2,wind_speed_mean,anom_persistence,0.42888838052749634
708,monsoon,2,wind_speed_mean,anom_persistence,0.29349061846733093
709,monsoon,2,wind_speed_mean,anom_persistence,0.23857222497463226
800,monsoon,2,wind_speed_mean,anom_persistence,0.5209524631500244
801,monsoon,2,wind_speed_mean,anom_persistence,0.6934613585472107
802,monsoon,2,wind_speed_mean,anom_persistence,0.4440341293811798
803,monsoon,2,wind_speed_mean,anom_persistence,0.2575756311416626
804,monsoon,2,wind_speed_mean,anom_persistence,0.603955090045929
805,monsoon,2,wind_speed_mean,anom_persistence,0.6974640488624573
806,monsoon,2,wind_speed_mean,anom_persistence,0.670375406742096
807,monsoon,2,wind_speed_mean,anom_persistence,0.7459356784820557
808,monsoon,2,wind_speed_mean,anom_persistence,0.6263709664344788
809,monsoon,2,wind_speed_mean,anom_persistence,0.4841088652610779
900,monsoon,2,wind_speed_mean,anom_persistence,0.2819432020187378
901,monsoon,2,wind_speed_mean,anom_persistence,0.2001524120569229
902,monsoon,2,wind_speed_mean,anom_persistence,0.18275347352027893
903,monsoon,2,wind_speed_mean,anom_persistence,0.3235255181789398
904,monsoon,2,wind_speed_mean,anom_persistence,0.49954748153686523
905,monsoon,2,wind_speed_mean,anom_persistence,0.85935378074646
906,monsoon,2,wind_speed_mean,anom_persistence,0.9690768122673035
907,monsoon,2,wind_speed_mean,anom_persistence,0.8042263984680176
908,monsoon,2,wind_speed_mean,anom_persistence,0.6721155047416687
909,monsoon,2,wind_speed_mean,anom_persistence,0.8090930581092834
1000,monsoon,2,wind_speed_mean,anom_persistence,0.44537708163261414
1001,monsoon,2,wind_speed_mean,anom_persistence,0.14609892666339874
1002,monsoon,2,wind_speed_mean,anom_persistence,0.24355731904506683
1003,monsoon,2,wind_speed_mean,anom_persistence,0.3719673156738281
1004,monsoon,2,wind_speed_mean,anom_persistence,1.1316403150558472
1005,monsoon,2,wind_speed_mean,anom_persistence,0.6495831608772278
1006,monsoon,2,wind_speed_mean,anom_persistence,0.7869713306427002
1007,monsoon,2,wind_speed_mean,anom_persistence,0.720420777797699
1008,monsoon,2,wind_speed_mean,anom_persistence,1.198466420173645
1009,monsoon,2,wind_speed_mean,anom_persistence,1.5508630275726318
0,post_monsoon,2,wind_speed_mean,anom_persistence,1.6427662372589111
1,post_monsoon,2,wind_speed_mean,anom_persistence,1.351752758026123
2,post_monsoon,2,wind_speed_mean,anom_persistence,1.5115376710891724
3,post_monsoon,2,wind_speed_mean,anom_persistence,1.4224464893341064
4,post_monsoon,2,wind_speed_mean,anom_persistence,1.3133432865142822
5,post_monsoon,2,wind_speed_mean,anom_persistence,2.126898765563965
6,post_monsoon,2,wind_speed_mean,anom_persistence,2.3427255153656006
7,post_monsoon,2,wind_speed_mean,anom_persistence,2.2704362869262695
8,post_monsoon,2,wind_speed_mean,anom_persistence,2.094541311264038
9,post_monsoon,2,wind_speed_mean,anom_persistence,2.126586675643921
100,post_monsoon,2,wind_speed_mean,anom_persistence,1.9011622667312622
101,post_monsoon,2,wind_speed_mean,anom_persistence,1.600775957107544
102,post_monsoon,2,wind_speed_mean,anom_persistence,0.9102881550788879
103,post_monsoon,2,wind_speed_mean,anom_persistence,0.6807434558868408
104,post_monsoon,2,wind_speed_mean,anom_persistence,1.895629644393921
105,post_monsoon,2,wind_speed_mean,anom_persistence,2.297090768814087
106,post_monsoon,2,wind_speed_mean,anom_persistence,2.2222042083740234
107,post_monsoon,2,wind_speed_mean,anom_persistence,2.1794071197509766
108,post_monsoon,2,wind_speed_mean,anom_persistence,2.157304048538208
109,post_monsoon,2,wind_speed_mean,anom_persistence,2.0907838344573975
200,post_monsoon,2,wind_speed_mean,anom_persistence,1.652652382850647
201,post_monsoon,2,wind_speed_mean,anom_persistence,1.6060214042663574
202,post_monsoon,2,wind_speed_mean,anom_persistence,0.8429445028305054
203,post_monsoon,2,wind_speed_mean,anom_persistence,0.7895634174346924
204,post_monsoon,2,wind_speed_mean,anom_persistence,2.131281852722168
205,post_monsoon,2,wind_speed_mean,anom_persistence,2.4741246700286865
206,post_monsoon,2,wind_speed_mean,anom_persistence,2.461176872253418
207,post_monsoon,2,wind_speed_mean,anom_persistence,2.2116739749908447
208,post_monsoon,2,wind_speed_mean,anom_persistence,1.938779354095459
209,post_monsoon,2,wind_speed_mean,anom_persistence,1.7187559604644775
300,post_monsoon,2,wind_speed_mean,anom_persistence,1.2233893871307373
301,post_monsoon,2,wind_speed_mean,anom_persistence,1.2853946685791016
302,post_monsoon,2,wind_speed_mean,anom_persistence,0.564633846282959
303,post_monsoon,2,wind_speed_mean,anom_persistence,0.6498956084251404
304,post_monsoon,2,wind_speed_mean,anom_persistence,1.0240399837493896
305,post_monsoon,2,wind_speed_mean,anom_persistence,2.1992077827453613
306,post_monsoon,2,wind_speed_mean,anom_persistence,2.2901830673217773
307,post_monsoon,2,wind_speed_mean,anom_persistence,2.0169785022735596
308,post_monsoon,2,wind_speed_mean,anom_persistence,1.4153046607971191
309,post_monsoon,2,wind_speed_mean,anom_persistence,0.7315043210983276
400,post_monsoon,2,wind_speed_mean,anom_persistence,1.3876502513885498
401,post_monsoon,2,wind_speed_mean,anom_persistence,0.9209067821502686
402,post_monsoon,2,wind_speed_mean,anom_persistence,0.4607652425765991
403,post_monsoon,2,wind_speed_mean,anom_persistence,0.5201147794723511
404,post_monsoon,2,wind_speed_mean,anom_persistence,0.6841010451316833
405,post_monsoon,2,wind_speed_mean,anom_persistence,0.7705472707748413
406,post_monsoon,2,wind_speed_mean,anom_persistence,1.546769142150879
407,post_monsoon,2,wind_speed_mean,anom_persistence,1.463226556777954
408,post_monsoon,2,wind_speed_mean,anom_persistence,0.6622672080993652
409,post_monsoon,2,wind_speed_mean,anom_persistence,0.4193447232246399
500,post_monsoon,2,wind_speed_mean,anom_persistence,1.0307772159576416
501,post_monsoon,2,wind_speed_mean,anom_persistence,0.6696466207504272
502,post_monsoon,2,wind_speed_mean,anom_persistence,0.6007578372955322
503,post_monsoon,2,wind_speed_mean,anom_persistence,0.562731146812439
504,post_monsoon,2,wind_speed_mean,anom_persistence,0.575827419757843
505,post_monsoon,2,wind_speed_mean,anom_persistence,0.6502516865730286
506,post_monsoon,2,wind_speed_mean,anom_persistence,0.5630398988723755
507,post_monsoon,2,wind_speed_mean,anom_persistence,0.48197227716445923
508,post_monsoon,2,wind_speed_mean,anom_persistence,0.23236380517482758
509,post_monsoon,2,wind_speed_mean,anom_persistence,0.33941078186035156
600,post_monsoon,2,wind_speed_mean,anom_persistence,0.8786136507987976
601,post_monsoon,2,wind_speed_mean,anom_persistence,0.8449010848999023
602,post_monsoon,2,wind_speed_mean,anom_persistence,0.6119726300239563
603,post_monsoon,2,wind_speed_mean,anom_persistence,0.5055621266365051
604,post_monsoon,2,wind_speed_mean,anom_persistence,0.6102246046066284
605,post_monsoon,2,wind_speed_mean,anom_persistence,0.6398133039474487
606,post_monsoon,2,wind_speed_mean,anom_persistence,0.48709720373153687
607,post_monsoon,2,wind_speed_mean,anom_persistence,0.3466547727584839
608,post_monsoon,2,wind_speed_mean,anom_persistence,0.21581336855888367
609,post_monsoon,2,wind_speed_mean,anom_persistence,0.18059711158275604
700,post_monsoon,2,wind_speed_mean,anom_persistence,0.4432924687862396
701,post_monsoon,2,wind_speed_mean,anom_persistence,0.5386040210723877
702,post_monsoon,2,wind_speed_mean,anom_persistence,0.4417673945426941
703,post_monsoon,2,wind_speed_mean,anom_persistence,0.3350593149662018
704,post_monsoon,2,wind_speed_mean,anom_persistence,0.24138815701007843
705,post_monsoon,2,wind_speed_mean,anom_persistence,0.3503062129020691
706,post_monsoon,2,wind_speed_mean,anom_persistence,0.41613683104515076
707,post_monsoon,2,wind_speed_mean,anom_persistence,0.47324004769325256
708,post_monsoon,2,wind_speed_mean,anom_persistence,0.3038818836212158
709,post_monsoon,2,wind_speed_mean,anom_persistence,0.24821129441261292
800,post_monsoon,2,wind_speed_mean,anom_persistence,0.3715497851371765
801,post_monsoon,2,wind_speed_mean,anom_persistence,0.33759605884552
802,post_monsoon,2,wind_speed_mean,anom_persistence,0.24603475630283356
803,post_monsoon,2,wind_speed_mean,anom_persistence,0.20362724363803864
804,post_monsoon,2,wind_speed_mean,anom_persistence,0.5293541550636292
805,post_monsoon,2,wind_speed_mean,anom_persistence,0.6842067241668701
806,post_monsoon,2,wind_speed_mean,anom_persistence,0.7165396213531494
807,post_monsoon,2,wind_speed_mean,anom_persistence,0.8967546820640564
808,post_monsoon,2,wind_speed_mean,anom_persistence,0.708126962184906
809,post_monsoon,2,wind_speed_mean,anom_persistence,0.49878713488578796
900,post_monsoon,2,wind_speed_mean,anom_persistence,0.22272555530071259
901,post_monsoon,2,wind_speed_mean,anom_persistence,0.16654282808303833
902,post_monsoon,2,wind_speed_mean,anom_persistence,0.1631602793931961
903,post_monsoon,2,wind_speed_mean,anom_persistence,0.32040295004844666
904,post_monsoon,2,wind_speed_mean,anom_persistence,0.47432196140289307
905,post_monsoon,2,wind_speed_mean,anom_persistence,0.7873955368995667
906,post_monsoon,2,wind_speed_mean,anom_persistence,0.8815093040466309
907,post_monsoon,2,wind_speed_mean,anom_persistence,0.8277834057807922
908,post_monsoon,2,wind_speed_mean,anom_persistence,0.662982702255249
909,post_monsoon,2,wind_speed_mean,anom_persistence,0.7390680909156799
1000,post_monsoon,2,wind_speed_mean,anom_persistence,0.33637022972106934
1001,post_monsoon,2,wind_speed_mean,anom_persistence,0.14894802868366241
1002,post_monsoon,2,wind_speed_mean,anom_persistence,0.23269538581371307
1003,post_monsoon,2,wind_speed_mean,anom_persistence,0.29309991002082825
1004,post_monsoon,2,wind_speed_mean,anom_persistence,0.5373730659484863
1005,post_monsoon,2,wind_speed_mean,anom_persistence,0.49734389781951904
1006,post_monsoon,2,wind_speed_mean,anom_persistence,0.695645272731781
1007,post_monsoon,2,wind_speed_mean,anom_persistence,0.786854088306427
1008,post_monsoon,2,wind_speed_mean,anom_persistence,0.7932965755462646
1009,post_monsoon,2,wind_speed_mean,anom_persistence,1.288917064666748
0,winter,3,wind_speed_mean,climatology,1.1616263389587402
1,winter,3,wind_speed_mean,climatology,0.9202948808670044
2,winter,3,wind_speed_mean,climatology,0.8853707909584045
3,winter,3,wind_speed_mean,climatology,1.174497127532959
4,winter,3,wind_speed_mean,climatology,0.8003497123718262
5,winter,3,wind_speed_mean,climatology,1.177188754081726
6,winter,3,wind_speed_mean,climatology,1.1208207607269287
7,winter,3,wind_speed_mean,climatology,0.9449529647827148
8,winter,3,wind_speed_mean,climatology,0.8940522074699402
9,winter,3,wind_speed_mean,climatology,1.025055170059204
100,winter,3,wind_speed_mean,climatology,1.2151336669921875
101,winter,3,wind_speed_mean,climatology,0.8999437689781189
102,winter,3,wind_speed_mean,climatology,0.4867650270462036
103,winter,3,wind_speed_mean,climatology,0.4708667993545532
104,winter,3,wind_speed_mean,climatology,1.3716505765914917
105,winter,3,wind_speed_mean,climatology,1.3219727277755737
106,winter,3,wind_speed_mean,climatology,1.162824273109436
107,winter,3,wind_speed_mean,climatology,0.9639261960983276
108,winter,3,wind_speed_mean,climatology,0.9190070629119873
109,winter,3,wind_speed_mean,climatology,0.9986410737037659
200,winter,3,wind_speed_mean,climatology,1.1601314544677734
201,winter,3,wind_speed_mean,climatology,1.1052714586257935
202,winter,3,wind_speed_mean,climatology,0.45499366521835327
203,winter,3,wind_speed_mean,climatology,0.3852633237838745
204,winter,3,wind_speed_mean,climatology,1.5439618825912476
205,winter,3,wind_speed_mean,climatology,1.873198390007019
206,winter,3,wind_speed_mean,climatology,1.6452573537826538
207,winter,3,wind_speed_mean,climatology,1.2410534620285034
208,winter,3,wind_speed_mean,climatology,0.9752767086029053
209,winter,3,wind_speed_mean,climatology,1.0861071348190308
300,winter,3,wind_speed_mean,climatology,1.0828266143798828
301,winter,3,wind_speed_mean,climatology,0.9442784190177917
302,winter,3,wind_speed_mean,climatology,0.43336835503578186
303,winter,3,wind_speed_mean,climatology,0.29659366607666016
304,winter,3,wind_speed_mean,climatology,0.5017089247703552
305,winter,3,wind_speed_mean,climatology,1.3507237434387207
306,winter,3,wind_speed_mean,climatology,1.5312187671661377
307,winter,3,wind_speed_mean,climatology,1.3153462409973145
308,winter,3,wind_speed_mean,climatology,1.1963034868240356
309,winter,3,wind_speed_mean,climatology,0.42400163412094116
400,winter,3,wind_speed_mean,climatology,1.2049767971038818
401,winter,3,wind_speed_mean,climatology,0.8739705085754395
402,winter,3,wind_speed_mean,climatology,0.3254512846469879
403,winter,3,wind_speed_mean,climatology,0.3132826089859009
404,winter,3,wind_speed_mean,climatology,0.29716503620147705
405,winter,3,wind_speed_mean,climatology,0.3661381006240845
406,winter,3,wind_speed_mean,climatology,0.9991937279701233
407,winter,3,wind_speed_mean,climatology,1.2234435081481934
408,winter,3,wind_speed_mean,climatology,0.7962167263031006
409,winter,3,wind_speed_mean,climatology,0.38259488344192505
500,winter,3,wind_speed_mean,climatology,0.8345341086387634
501,winter,3,wind_speed_mean,climatology,0.5591410994529724
502,winter,3,wind_speed_mean,climatology,0.4187706708908081
503,winter,3,wind_speed_mean,climatology,0.3863319158554077
504,winter,3,wind_speed_mean,climatology,0.4281825125217438
505,winter,3,wind_speed_mean,climatology,0.4158026874065399
506,winter,3,wind_speed_mean,climatology,0.4152357578277588
507,winter,3,wind_speed_mean,climatology,0.39315924048423767
508,winter,3,wind_speed_mean,climatology,0.27661776542663574
509,winter,3,wind_speed_mean,climatology,0.2876226603984833
600,winter,3,wind_speed_mean,climatology,0.667474627494812
601,winter,3,wind_speed_mean,climatology,0.70533287525177
602,winter,3,wind_speed_mean,climatology,0.46442094445228577
603,winter,3,wind_speed_mean,climatology,0.5385055541992188
604,winter,3,wind_speed_mean,climatology,0.775221586227417
605,winter,3,wind_speed_mean,climatology,0.5883289575576782
606,winter,3,wind_speed_mean,climatology,0.3838755786418915
607,winter,3,wind_speed_mean,climatology,0.2690883278846741
608,winter,3,wind_speed_mean,climatology,0.2813361585140228
609,winter,3,wind_speed_mean,climatology,0.20398038625717163
700,winter,3,wind_speed_mean,climatology,0.5480039119720459
701,winter,3,wind_speed_mean,climatology,0.572322428226471
702,winter,3,wind_speed_mean,climatology,0.5550402402877808
703,winter,3,wind_speed_mean,climatology,0.6418666243553162
704,winter,3,wind_speed_mean,climatology,0.3853004574775696
705,winter,3,wind_speed_mean,climatology,0.6352777481079102
706,winter,3,wind_speed_mean,climatology,0.5997809171676636
707,winter,3,wind_speed_mean,climatology,0.6171773076057434
708,winter,3,wind_speed_mean,climatology,0.29995110630989075
709,winter,3,wind_speed_mean,climatology,0.23090772330760956
800,winter,3,wind_speed_mean,climatology,0.5862306952476501
801,winter,3,wind_speed_mean,climatology,0.4178314805030823
802,winter,3,wind_speed_mean,climatology,0.33985933661460876
803,winter,3,wind_speed_mean,climatology,0.2543273866176605
804,winter,3,wind_speed_mean,climatology,0.7255933880805969
805,winter,3,wind_speed_mean,climatology,1.08125638961792
806,winter,3,wind_speed_mean,climatology,1.299085259437561
807,winter,3,wind_speed_mean,climatology,1.3626322746276855
808,winter,3,wind_speed_mean,climatology,0.8886672258377075
809,winter,3,wind_speed_mean,climatology,0.5123502016067505
900,winter,3,wind_speed_mean,climatology,0.3758448660373688
901,winter,3,wind_speed_mean,climatology,0.2620733976364136
902,winter,3,wind_speed_mean,climatology,0.21241608262062073
903,winter,3,wind_speed_mean,climatology,0.37527066469192505
904,winter,3,wind_speed_mean,climatology,0.6796953678131104
905,winter,3,wind_speed_mean,climatology,1.5289644002914429
906,winter,3,wind_speed_mean,climatology,1.5980294942855835
907,winter,3,wind_speed_mean,climatology,1.2664320468902588
908,winter,3,wind_speed_mean,climatology,0.8716562390327454
909,winter,3,wind_speed_mean,climatology,0.8246577382087708
1000,winter,3,wind_speed_mean,climatology,0.5070744156837463
1001,winter,3,wind_speed_mean,climatology,0.17285394668579102
1002,winter,3,wind_speed_mean,climatology,0.2423200160264969
1003,winter,3,wind_speed_mean,climatology,0.27333498001098633
1004,winter,3,wind_speed_mean,climatology,0.5723878741264343
1005,winter,3,wind_speed_mean,climatology,0.489111065864563
1006,winter,3,wind_speed_mean,climatology,0.8069577217102051
1007,winter,3,wind_speed_mean,climatology,0.813014566898346
1008,winter,3,wind_speed_mean,climatology,0.8062980771064758
1009,winter,3,wind_speed_mean,climatology,1.0904978513717651
0,pre_monsoon,3,wind_speed_mean,climatology,1.1198441982269287
1,pre_monsoon,3,wind_speed_mean,climatology,0.9508516788482666
2,pre_monsoon,3,wind_speed_mean,climatology,0.8333807587623596
3,pre_monsoon,3,wind_speed_mean,climatology,1.3779610395431519
4,pre_monsoon,3,wind_speed_mean,climatology,1.1265912055969238
5,pre_monsoon,3,wind_speed_mean,climatology,1.6158497333526611
6,pre_monsoon,3,wind_speed_mean,climatology,1.8601046800613403
7,pre_monsoon,3,wind_speed_mean,climatology,1.4572113752365112
8,pre_monsoon,3,wind_speed_mean,climatology,1.1243078708648682
9,pre_monsoon,3,wind_speed_mean,climatology,1.193860650062561
100,pre_monsoon,3,wind_speed_mean,climatology,0.8164057731628418
101,pre_monsoon,3,wind_speed_mean,climatology,0.784096360206604
102,pre_monsoon,3,wind_speed_mean,climatology,0.6143138408660889
103,pre_monsoon,3,wind_speed_mean,climatology,0.4484971761703491
104,pre_monsoon,3,wind_speed_mean,climatology,1.3229637145996094
105,pre_monsoon,3,wind_speed_mean,climatology,1.6714954376220703
106,pre_monsoon,3,wind_speed_mean,climatology,1.987285852432251
107,pre_monsoon,3,wind_speed_mean,climatology,2.0045151710510254
108,pre_monsoon,3,wind_speed_mean,climatology,1.276228904724121
109,pre_monsoon,3,wind_speed_mean,climatology,1.1046944856643677
200,pre_monsoon,3,wind_speed_mean,climatology,1.036117434501648
201,pre_monsoon,3,wind_speed_mean,climatology,0.9603101015090942
202,pre_monsoon,3,wind_speed_mean,climatology,0.6095054149627686
203,pre_monsoon,3,wind_speed_mean,climatology,0.46650660037994385
204,pre_monsoon,3,wind_speed_mean,climatology,1.0759944915771484
205,pre_monsoon,3,wind_speed_mean,climatology,1.2749876976013184
206,pre_monsoon,3,wind_speed_mean,climatology,1.897479772567749
207,pre_monsoon,3,wind_speed_mean,climatology,1.8239282369613647
208,pre_monsoon,3,wind_speed_mean,climatology,1.1863878965377808
209,pre_monsoon,3,wind_speed_mean,climatology,0.9786288142204285
300,pre_monsoon,3,wind_speed_mean,climatology,1.3711313009262085
301,pre_monsoon,3,wind_speed_mean,climatology,0.9696853160858154
302,pre_monsoon,3,wind_speed_mean,climatology,0.6685715913772583
303,pre_monsoon,3,wind_speed_mean,climatology,0.5431225299835205
304,pre_monsoon,3,wind_speed_mean,climatology,0.5393534302711487
305,pre_monsoon,3,wind_speed_mean,climatology,1.3469361066818237
306,pre_monsoon,3,wind_speed_mean,climatology,1.575467586517334
307,pre_monsoon,3,wind_speed_mean,climatology,1.2810463905334473
308,pre_monsoon,3,wind_speed_mean,climatology,0.9435464143753052
309,pre_monsoon,3,wind_speed_mean,climatology,0.4294397532939911
400,pre_monsoon,3,wind_speed_mean,climatology,1.0434324741363525
401,pre_monsoon,3,wind_speed_mean,climatology,0.8390134572982788
402,pre_monsoon,3,wind_speed_mean,climatology,0.5948262810707092
403,pre_monsoon,3,wind_speed_mean,climatology,0.5207072496414185
404,pre_monsoon,3,wind_speed_mean,climatology,0.49315568804740906
405,pre_monsoon,3,wind_speed_mean,climatology,0.6053467988967896
406,pre_monsoon,3,wind_speed_mean,climatology,1.4583897590637207
407,pre_monsoon,3,wind_speed_mean,climatology,1.3865962028503418
408,pre_monsoon,3,wind_speed_mean,climatology,0.6717095375061035
409,pre_monsoon,3,wind_speed_mean,climatology,0.4701455533504486
500,pre_monsoon,3,wind_speed_mean,climatology,1.2283987998962402
501,pre_monsoon,3,wind_speed_mean,climatology,0.8188560009002686
502,pre_monsoon,3,wind_speed_mean,climatology,0.6099430918693542
503,pre_monsoon,3,wind_speed_mean,climatology,0.5029861927032471
504,pre_monsoon,3,wind_speed_mean,climatology,0.4626501500606537
505,pre_monsoon,3,wind_speed_mean,climatology,0.4930455982685089
506,pre_monsoon,3,wind_speed_mean,climatology,0.5797080993652344
507,pre_monsoon,3,wind_speed_mean,climatology,0.669621467590332
508,pre_monsoon,3,wind_speed_mean,climatology,0.34174367785453796
509,pre_monsoon,3,wind_speed_mean,climatology,0.3908657729625702
600,pre_monsoon,3,wind_speed_mean,climatology,1.254317045211792
601,pre_monsoon,3,wind_speed_mean,climatology,1.157852292060852
602,pre_monsoon,3,wind_speed_mean,climatology,0.7732910513877869
603,pre_monsoon,3,wind_speed_mean,climatology,0.5763139724731445
604,pre_monsoon,3,wind_speed_mean,climatology,0.8292762637138367
605,pre_monsoon,3,wind_speed_mean,climatology,0.8222460746765137
606,pre_monsoon,3,wind_speed_mean,climatology,0.5339305400848389
607,pre_monsoon,3,wind_speed_mean,climatology,0.33143991231918335
608,pre_monsoon,3,wind_speed_mean,climatology,0.3040658235549927
609,pre_monsoon,3,wind_speed_mean,climatology,0.2165956199169159
700,pre_monsoon,3,wind_speed_mean,climatology,0.7992163300514221
701,pre_monsoon,3,wind_speed_mean,climatology,0.800216555595398
702,pre_monsoon,3,wind_speed_mean,climatology,0.7087748050689697
703,pre_monsoon,3,wind_speed_mean,climatology,0.5596433281898499
704,pre_monsoon,3,wind_speed_mean,climatology,0.32116878032684326
705,pre_monsoon,3,wind_speed_mean,climatology,0.49480950832366943
706,pre_monsoon,3,wind_speed_mean,climatology,0.6298755407333374
707,pre_monsoon,3,wind_speed_mean,climatology,0.5500485897064209
708,pre_monsoon,3,wind_speed_mean,climatology,0.2232280820608139
709,pre_monsoon,3,wind_speed_mean,climatology,0.1821918487548828
800,pre_monsoon,3,wind_speed_mean,climatology,0.793032169342041
801,pre_monsoon,3,wind_speed_mean,climatology,0.5823035836219788
802,pre_monsoon,3,wind_speed_mean,climatology,0.47683775424957275
803,pre_monsoon,3,wind_speed_mean,climatology,0.24583850800991058
804,pre_monsoon,3,wind_speed_mean,climatology,0.765911877155304
805,pre_monsoon,3,wind_speed_mean,climatology,1.134381651878357
806,pre_monsoon,3,wind_speed_mean,climatology,1.1083033084869385
807,pre_monsoon,3,wind_speed_mean,climatology,1.0135157108306885
808,pre_monsoon,3,wind_speed_mean,climatology,0.7019254565238953
809,pre_monsoon,3,wind_speed_mean,climatology,0.4595451354980469
900,pre_monsoon,3,wind_speed_mean,climatology,0.3295581042766571
901,pre_monsoon,3,wind_speed_mean,climatology,0.2391441911458969
902,pre_monsoon,3,wind_speed_mean,climatology,0.18090954422950745
903,pre_monsoon,3,wind_speed_mean,climatology,0.3737093508243561
904,pre_monsoon,3,wind_speed_mean,climatology,0.7049539089202881
905,pre_monsoon,3,wind_speed_mean,climatology,1.036055088043213
906,pre_monsoon,3,wind_speed_mean,climatology,0.9922261834144592
907,pre_monsoon,3,wind_speed_mean,climatology,0.8713584542274475
908,pre_monsoon,3,wind_speed_mean,climatology,0.7670977115631104
909,pre_monsoon,3,wind_speed_mean,climatology,0.8454529047012329
1000,pre_monsoon,3,wind_speed_mean,climatology,0.5812749862670898
1001,pre_monsoon,3,wind_speed_mean,climatology,0.16437388956546783
1002,pre_monsoon,3,wind_speed_mean,climatology,0.2828972041606903
1003,pre_monsoon,3,wind_speed_mean,climatology,0.43353918194770813
1004,pre_monsoon,3,wind_speed_mean,climatology,0.8158833384513855
1005,pre_monsoon,3,wind_speed_mean,climatology,0.5669019222259521
1006,pre_monsoon,3,wind_speed_mean,climatology,0.8002212643623352
1007,pre_monsoon,3,wind_speed_mean,climatology,0.8779416084289551
1008,pre_monsoon,3,wind_speed_mean,climatology,1.0146270990371704
1009,pre_monsoon,3,wind_speed_mean,climatology,1.2721540927886963
0,monsoon,3,wind_speed_mean,climatology,1.0169665813446045
1,monsoon,3,wind_speed_mean,climatology,0.9236417412757874
2,monsoon,3,wind_speed_mean,climatology,0.8274562954902649
3,monsoon,3,wind_speed_mean,climatology,1.0054218769073486
4,monsoon,3,wind_speed_mean,climatology,1.1481242179870605
5,monsoon,3,wind_speed_mean,climatology,1.7491579055786133
6,monsoon,3,wind_speed_mean,climatology,1.7577624320983887
7,monsoon,3,wind_speed_mean,climatology,1.6116470098495483
8,monsoon,3,wind_speed_mean,climatology,1.4325175285339355
9,monsoon,3,wind_speed_mean,climatology,1.4965046644210815
100,monsoon,3,wind_speed_mean,climatology,1.3738648891448975
101,monsoon,3,wind_speed_mean,climatology,1.3592889308929443
102,monsoon,3,wind_speed_mean,climatology,0.8586817979812622
103,monsoon,3,wind_speed_mean,climatology,0.7997520565986633
104,monsoon,3,wind_speed_mean,climatology,1.5325342416763306
105,monsoon,3,wind_speed_mean,climatology,1.9770082235336304
106,monsoon,3,wind_speed_mean,climatology,2.3009753227233887
107,monsoon,3,wind_speed_mean,climatology,2.124514579772949
108,monsoon,3,wind_speed_mean,climatology,1.862905740737915
109,monsoon,3,wind_speed_mean,climatology,1.5609359741210938
200,monsoon,3,wind_speed_mean,climatology,2.392040967941284
201,monsoon,3,wind_speed_mean,climatology,2.2928500175476074
202,monsoon,3,wind_speed_mean,climatology,1.2858915328979492
203,monsoon,3,wind_speed_mean,climatology,1.278580665588379
204,monsoon,3,wind_speed_mean,climatology,1.7482491731643677
205,monsoon,3,wind_speed_mean,climatology,2.5695371627807617
206,monsoon,3,wind_speed_mean,climatology,2.7458109855651855
207,monsoon,3,wind_speed_mean,climatology,2.434884548187256
208,monsoon,3,wind_speed_mean,climatology,1.928600549697876
209,monsoon,3,wind_speed_mean,climatology,1.4379884004592896
300,monsoon,3,wind_speed_mean,climatology,3.0573558807373047
301,monsoon,3,wind_speed_mean,climatology,2.4454197883605957
302,monsoon,3,wind_speed_mean,climatology,1.5162280797958374
303,monsoon,3,wind_speed_mean,climatology,1.3598061800003052
304,monsoon,3,wind_speed_mean,climatology,1.1506730318069458
305,monsoon,3,wind_speed_mean,climatology,2.1404926776885986
306,monsoon,3,wind_speed_mean,climatology,2.6281650066375732
307,monsoon,3,wind_speed_mean,climatology,2.5469770431518555
308,monsoon,3,wind_speed_mean,climatology,1.7658435106277466
309,monsoon,3,wind_speed_mean,climatology,0.6153525710105896
400,monsoon,3,wind_speed_mean,climatology,2.2757272720336914
401,monsoon,3,wind_speed_mean,climatology,1.7601908445358276
402,monsoon,3,wind_speed_mean,climatology,1.1250019073486328
403,monsoon,3,wind_speed_mean,climatology,0.9384610056877136
404,monsoon,3,wind_speed_mean,climatology,0.7623259425163269
405,monsoon,3,wind_speed_mean,climatology,0.8135911226272583
406,monsoon,3,wind_speed_mean,climatology,1.7211477756500244
407,monsoon,3,wind_speed_mean,climatology,2.495394229888916
408,monsoon,3,wind_speed_mean,climatology,1.122847080230713
409,monsoon,3,wind_speed_mean,climatology,0.599249005317688
500,monsoon,3,wind_speed_mean,climatology,1.5632891654968262
501,monsoon,3,wind_speed_mean,climatology,1.0194116830825806
502,monsoon,3,wind_speed_mean,climatology,0.8565306663513184
503,monsoon,3,wind_speed_mean,climatology,0.7678704261779785
504,monsoon,3,wind_speed_mean,climatology,0.7067748308181763
505,monsoon,3,wind_speed_mean,climatology,1.0001229047775269
506,monsoon,3,wind_speed_mean,climatology,0.922841489315033
507,monsoon,3,wind_speed_mean,climatology,0.9336993098258972
508,monsoon,3,wind_speed_mean,climatology,0.37968266010284424
509,monsoon,3,wind_speed_mean,climatology,0.561385989189148
600,monsoon,3,wind_speed_mean,climatology,1.5351855754852295
601,monsoon,3,wind_speed_mean,climatology,1.2880202531814575
602,monsoon,3,wind_speed_mean,climatology,0.7209441661834717
603,monsoon,3,wind_speed_mean,climatology,0.6832748651504517
604,monsoon,3,wind_speed_mean,climatology,1.000486135482788
605,monsoon,3,wind_speed_mean,climatology,1.0741143226623535
606,monsoon,3,wind_speed_mean,climatology,0.7519434094429016
607,monsoon,3,wind_speed_mean,climatology,0.3844958543777466
608,monsoon,3,wind_speed_mean,climatology,0.2840116322040558
609,monsoon,3,wind_speed_mean,climatology,0.21118946373462677
700,monsoon,3,wind_speed_mean,climatology,0.6510025262832642
701,monsoon,3,wind_speed_mean,climatology,0.8341277241706848
702,monsoon,3,wind_speed_mean,climatology,0.6900482773780823
703,monsoon,3,wind_speed_mean,climatology,0.5486167669296265
704,monsoon,3,wind_speed_mean,climatology,0.28271955251693726
705,monsoon,3,wind_speed_mean,climatology,0.3786032795906067
706,monsoon,3,wind_speed_mean,climatology,0.4663390517234802
707,monsoon,3,wind_speed_mean,climatology,0.47337234020233154
708,monsoon,3,wind_speed_mean,climatology,0.27425211668014526
709,monsoon,3,wind_speed_mean,climatology,0.21249844133853912
800,monsoon,3,wind_speed_mean,climatology,0.4286446273326874
801,monsoon,3,wind_speed_mean,climatology,0.52099609375
802,monsoon,3,wind_speed_mean,climatology,0.33574703335762024
803,monsoon,3,wind_speed_mean,climatology,0.2492879033088684
804,monsoon,3,wind_speed_mean,climatology,0.5195695161819458
805,monsoon,3,wind_speed_mean,climatology,0.6149783134460449
806,monsoon,3,wind_speed_mean,climatology,0.6230738162994385
807,monsoon,3,wind_speed_mean,climatology,0.6293125152587891
808,monsoon,3,wind_speed_mean,climatology,0.49612003564834595
809,monsoon,3,wind_speed_mean,climatology,0.3870724141597748
900,monsoon,3,wind_speed_mean,climatology,0.22739195823669434
901,monsoon,3,wind_speed_mean,climatology,0.16736723482608795
902,monsoon,3,wind_speed_mean,climatology,0.15920843183994293
903,monsoon,3,wind_speed_mean,climatology,0.2871798574924469
904,monsoon,3,wind_speed_mean,climatology,0.4214647114276886
905,monsoon,3,wind_speed_mean,climatology,0.6408298015594482
906,monsoon,3,wind_speed_mean,climatology,0.7224631905555725
907,monsoon,3,wind_speed_mean,climatology,0.5882635116577148
908,monsoon,3,wind_speed_mean,climatology,0.5193514227867126
909,monsoon,3,wind_speed_mean,climatology,0.646835207939148
1000,monsoon,3,wind_speed_mean,climatology,0.44636139273643494
1001,monsoon,3,wind_speed_mean,climatology,0.14527498185634613
1002,monsoon,3,wind_speed_mean,climatology,0.1982889324426651
1003,monsoon,3,wind_speed_mean,climatology,0.308109313249588
1004,monsoon,3,wind_speed_mean,climatology,0.7190101146697998
1005,monsoon,3,wind_speed_mean,climatology,0.49397847056388855
1006,monsoon,3,wind_speed_mean,climatology,0.510124683380127
1007,monsoon,3,wind_speed_mean,climatology,0.5881606936454773
1008,monsoon,3,wind_speed_mean,climatology,0.9115634560585022
1009,monsoon,3,wind_speed_mean,climatology,1.1283063888549805
0,post_monsoon,3,wind_speed_mean,climatology,2.9337947368621826
1,post_monsoon,3,wind_speed_mean,climatology,2.701361894607544
2,post_monsoon,3,wind_speed_mean,climatology,1.8676319122314453
3,post_monsoon,3,wind_speed_mean,climatology,1.4102345705032349
4,post_monsoon,3,wind_speed_mean,climatology,1.3600183725357056
5,post_monsoon,3,wind_speed_mean,climatology,2.2779884338378906
6,post_monsoon,3,wind_speed_mean,climatology,2.617490530014038
7,post_monsoon,3,wind_speed_mean,climatology,2.4144692420959473
8,post_monsoon,3,wind_speed_mean,climatology,1.851279616355896
9,post_monsoon,3,wind_speed_mean,climatology,1.7945441007614136
100,post_monsoon,3,wind_speed_mean,climatology,2.653172016143799
101,post_monsoon,3,wind_speed_mean,climatology,2.5916624069213867
102,post_monsoon,3,wind_speed_mean,climatology,1.1203460693359375
103,post_monsoon,3,wind_speed_mean,climatology,0.6434155106544495
104,post_monsoon,3,wind_speed_mean,climatology,1.4916038513183594
105,post_monsoon,3,wind_speed_mean,climatology,1.8462371826171875
106,post_monsoon,3,wind_speed_mean,climatology,1.7803603410720825
107,post_monsoon,3,wind_speed_mean,climatology,1.653200626373291
108,post_monsoon,3,wind_speed_mean,climatology,1.59299898147583
109,post_monsoon,3,wind_speed_mean,climatology,1.680326223373413
200,post_monsoon,3,wind_speed_mean,climatology,2.641282796859741
201,post_monsoon,3,wind_speed_mean,climatology,2.602555990219116
202,post_monsoon,3,wind_speed_mean,climatology,0.8095331788063049
203,post_monsoon,3,wind_speed_mean,climatology,0.5999813079833984
204,post_monsoon,3,wind_speed_mean,climatology,1.7327587604522705
205,post_monsoon,3,wind_speed_mean,climatology,2.113713264465332
206,post_monsoon,3,wind_speed_mean,climatology,1.9216872453689575
207,post_monsoon,3,wind_speed_mean,climatology,1.6769776344299316
208,post_monsoon,3,wind_speed_mean,climatology,1.569359302520752
209,post_monsoon,3,wind_speed_mean,climatology,1.5613133907318115
300,post_monsoon,3,wind_speed_mean,climatology,1.7524749040603638
301,post_monsoon,3,wind_speed_mean,climatology,2.1596479415893555
302,post_monsoon,3,wind_speed_mean,climatology,0.4518854320049286
303,post_monsoon,3,wind_speed_mean,climatology,0.5441874861717224
304,post_monsoon,3,wind_speed_mean,climatology,0.8332383632659912
305,post_monsoon,3,wind_speed_mean,climatology,1.8281770944595337
306,post_monsoon,3,wind_speed_mean,climatology,2.105435609817505
307,post_monsoon,3,wind_speed_mean,climatology,1.8855955600738525
308,post_monsoon,3,wind_speed_mean,climatology,1.165938377380371
309,post_monsoon,3,wind_speed_mean,climatology,0.66097092628479
400,post_monsoon,3,wind_speed_mean,climatology,1.793346881866455
401,post_monsoon,3,wind_speed_mean,climatology,1.0494797229766846
402,post_monsoon,3,wind_speed_mean,climatology,0.3809867203235626
403,post_monsoon,3,wind_speed_mean,climatology,0.4446439743041992
404,post_monsoon,3,wind_speed_mean,climatology,0.6645650267601013
405,post_monsoon,3,wind_speed_mean,climatology,0.7728440761566162
406,post_monsoon,3,wind_speed_mean,climatology,1.6744270324707031
407,post_monsoon,3,wind_speed_mean,climatology,1.992389440536499
408,post_monsoon,3,wind_speed_mean,climatology,0.6864178776741028
409,post_monsoon,3,wind_speed_mean,climatology,0.43302077054977417
500,post_monsoon,3,wind_speed_mean,climatology,1.3868986368179321
501,post_monsoon,3,wind_speed_mean,climatology,0.7696877717971802
502,post_monsoon,3,wind_speed_mean,climatology,0.6059874892234802
503,post_monsoon,3,wind_speed_mean,climatology,0.5255134105682373
504,post_monsoon,3,wind_speed_mean,climatology,0.6226577162742615
505,post_monsoon,3,wind_speed_mean,climatology,0.7725070118904114
506,post_monsoon,3,wind_speed_mean,climatology,0.6295949220657349
507,post_monsoon,3,wind_speed_mean,climatology,0.6809461116790771
508,post_monsoon,3,wind_speed_mean,climatology,0.2173512727022171
509,post_monsoon,3,wind_speed_mean,climatology,0.33757662773132324
600,post_monsoon,3,wind_speed_mean,climatology,0.9596934914588928
601,post_monsoon,3,wind_speed_mean,climatology,0.9909695386886597
602,post_monsoon,3,wind_speed_mean,climatology,0.5852234363555908
603,post_monsoon,3,wind_speed_mean,climatology,0.5435793399810791
604,post_monsoon,3,wind_speed_mean,climatology,0.7219579219818115
605,post_monsoon,3,wind_speed_mean,climatology,0.69577556848526
606,post_monsoon,3,wind_speed_mean,climatology,0.5154304504394531
607,post_monsoon,3,wind_speed_mean,climatology,0.31872230768203735
608,post_monsoon,3,wind_speed_mean,climatology,0.19817116856575012
609,post_monsoon,3,wind_speed_mean,climatology,0.15970376133918762
700,post_monsoon,3,wind_speed_mean,climatology,0.34976205229759216
701,post_monsoon,3,wind_speed_mean,climatology,0.4363286793231964
702,post_monsoon,3,wind_speed_mean,climatology,0.3907719850540161
703,post_monsoon,3,wind_speed_mean,climatology,0.34516870975494385
704,post_monsoon,3,wind_speed_mean,climatology,0.21885806322097778
705,post_monsoon,3,wind_speed_mean,climatology,0.3672851324081421
706,post_monsoon,3,wind_speed_mean,climatology,0.47612059116363525
707,post_monsoon,3,wind_speed_mean,climatology,0.485666960477829
708,post_monsoon,3,wind_speed_mean,climatology,0.3020501136779785
709,post_monsoon,3,wind_speed_mean,climatology,0.2366599142551422
800,post_monsoon,3,wind_speed_mean,climatology,0.3542523980140686
801,post_monsoon,3,wind_speed_mean,climatology,0.2932068109512329
802,post_monsoon,3,wind_speed_mean,climatology,0.22612479329109192
803,post_monsoon,3,wind_speed_mean,climatology,0.229452446103096
804,post_monsoon,3,wind_speed_mean,climatology,0.5723332762718201
805,post_monsoon,3,wind_speed_mean,climatology,0.7644979953765869
806,post_monsoon,3,wind_speed_mean,climatology,0.7924127578735352
807,post_monsoon,3,wind_speed_mean,climatology,0.7788717746734619
808,post_monsoon,3,wind_speed_mean,climatology,0.6089083552360535
809,post_monsoon,3,wind_speed_mean,climatology,0.4760829210281372
900,post_monsoon,3,wind_speed_mean,climatology,0.21108084917068481
901,post_monsoon,3,wind_speed_mean,climatology,0.15235331654548645
902,post_monsoon,3,wind_speed_mean,climatology,0.16012632846832275
903,post_monsoon,3,wind_speed_mean,climatology,0.383444607257843
904,post_monsoon,3,wind_speed_mean,climatology,0.5741424560546875
905,post_monsoon,3,wind_speed_mean,climatology,0.9952767491340637
906,post_monsoon,3,wind_speed_mean,climatology,1.0763980150222778
907,post_monsoon,3,wind_speed_mean,climatology,0.9089540839195251
908,post_monsoon,3,wind_speed_mean,climatology,0.6133670210838318
909,post_monsoon,3,wind_speed_mean,climatology,0.6398500800132751
1000,post_monsoon,3,wind_speed_mean,climatology,0.2968774139881134
1001,post_monsoon,3,wind_speed_mean,climatology,0.14277245104312897
1002,post_monsoon,3,wind_speed_mean,climatology,0.2400037795305252
1003,post_monsoon,3,wind_speed_mean,climatology,0.2426823228597641
1004,post_monsoon,3,wind_speed_mean,climatology,0.4156716763973236
1005,post_monsoon,3,wind_speed_mean,climatology,0.3808645009994507
1006,post_monsoon,3,wind_speed_mean,climatology,0.6872046589851379
1007,post_monsoon,3,wind_speed_mean,climatology,0.6119459271430969
1008,post_monsoon,3,wind_speed_mean,climatology,0.6345973610877991
1009,post_monsoon,3,wind_speed_mean,climatology,1.0702576637268066
0,winter,3,wind_speed_mean,persistence,1.453437089920044
1,winter,3,wind_speed_mean,persistence,1.1871613264083862
2,winter,3,wind_speed_mean,persistence,1.0871978998184204
3,winter,3,wind_speed_mean,persistence,1.1897634267807007
4,winter,3,wind_speed_mean,persistence,1.0630321502685547
5,winter,3,wind_speed_mean,persistence,1.356723666191101
6,winter,3,wind_speed_mean,persistence,1.4226659536361694
7,winter,3,wind_speed_mean,persistence,1.329790711402893
8,winter,3,wind_speed_mean,persistence,1.3309836387634277
9,winter,3,wind_speed_mean,persistence,1.6923660039901733
100,winter,3,wind_speed_mean,persistence,1.8046128749847412
101,winter,3,wind_speed_mean,persistence,1.3305935859680176
102,winter,3,wind_speed_mean,persistence,0.7136532664299011
103,winter,3,wind_speed_mean,persistence,0.5205212235450745
104,winter,3,wind_speed_mean,persistence,1.4887254238128662
105,winter,3,wind_speed_mean,persistence,1.491550326347351
106,winter,3,wind_speed_mean,persistence,1.487053632736206
107,winter,3,wind_speed_mean,persistence,1.2974882125854492
108,winter,3,wind_speed_mean,persistence,1.2872674465179443
109,winter,3,wind_speed_mean,persistence,1.5550638437271118
200,winter,3,wind_speed_mean,persistence,2.0466301441192627
201,winter,3,wind_speed_mean,persistence,1.7417175769805908
202,winter,3,wind_speed_mean,persistence,0.5646272897720337
203,winter,3,wind_speed_mean,persistence,0.4432910084724426
204,winter,3,wind_speed_mean,persistence,1.1634879112243652
205,winter,3,wind_speed_mean,persistence,1.7011890411376953
206,winter,3,wind_speed_mean,persistence,1.7907109260559082
207,winter,3,wind_speed_mean,persistence,1.653244137763977
208,winter,3,wind_speed_mean,persistence,1.2404143810272217
209,winter,3,wind_speed_mean,persistence,1.2207903861999512
300,winter,3,wind_speed_mean,persistence,2.1172564029693604
301,winter,3,wind_speed_mean,persistence,1.7428511381149292
302,winter,3,wind_speed_mean,persistence,0.5676607489585876
303,winter,3,wind_speed_mean,persistence,0.36222049593925476
304,winter,3,wind_speed_mean,persistence,0.47962310910224915
305,winter,3,wind_speed_mean,persistence,1.4447293281555176
306,winter,3,wind_speed_mean,persistence,1.8642430305480957
307,winter,3,wind_speed_mean,persistence,1.9441392421722412
308,winter,3,wind_speed_mean,persistence,1.2633605003356934
309,winter,3,wind_speed_mean,persistence,0.5802558064460754
400,winter,3,wind_speed_mean,persistence,2.0965774059295654
401,winter,3,wind_speed_mean,persistence,1.5790470838546753
402,winter,3,wind_speed_mean,persistence,0.4767390489578247
403,winter,3,wind_speed_mean,persistence,0.46596559882164
404,winter,3,wind_speed_mean,persistence,0.4281783998012543
405,winter,3,wind_speed_mean,persistence,0.47871842980384827
406,winter,3,wind_speed_mean,persistence,1.5925391912460327
407,winter,3,wind_speed_mean,persistence,1.9291561841964722
408,winter,3,wind_speed_mean,persistence,0.7687623500823975
409,winter,3,wind_speed_mean,persistence,0.5090733766555786
500,winter,3,wind_speed_mean,persistence,1.3832721710205078
501,winter,3,wind_speed_mean,persistence,0.8725940585136414
502,winter,3,wind_speed_mean,persistence,0.5913594961166382
503,winter,3,wind_speed_mean,persistence,0.5234663486480713
504,winter,3,wind_speed_mean,persistence,0.590278148651123
505,winter,3,wind_speed_mean,persistence,0.532767653465271
506,winter,3,wind_speed_mean,persistence,0.5540059208869934
507,winter,3,wind_speed_mean,persistence,0.6011711955070496
508,winter,3,wind_speed_mean,persistence,0.32142174243927
509,winter,3,wind_speed_mean,persistence,0.3549175262451172
600,winter,3,wind_speed_mean,persistence,0.9241636991500854
601,winter,3,wind_speed_mean,persistence,0.9425612688064575
602,winter,3,wind_speed_mean,persistence,0.5364634394645691
603,winter,3,wind_speed_mean,persistence,0.828685998916626
604,winter,3,wind_speed_mean,persistence,1.1309823989868164
605,winter,3,wind_speed_mean,persistence,0.8854727745056152
606,winter,3,wind_speed_mean,persistence,0.5268934369087219
607,winter,3,wind_speed_mean,persistence,0.3531420826911926
608,winter,3,wind_speed_mean,persistence,0.33716073632240295
609,winter,3,wind_speed_mean,persistence,0.23578602075576782
700,winter,3,wind_speed_mean,persistence,0.6402095556259155
701,winter,3,wind_speed_mean,persistence,0.7112686634063721
702,winter,3,wind_speed_mean,persistence,0.7076969146728516
703,winter,3,wind_speed_mean,persistence,0.9449600577354431
704,winter,3,wind_speed_mean,persistence,0.5002068281173706
705,winter,3,wind_speed_mean,persistence,0.7462571263313293
706,winter,3,wind_speed_mean,persistence,0.7078230381011963
707,winter,3,wind_speed_mean,persistence,0.6880486011505127
708,winter,3,wind_speed_mean,persistence,0.36635422706604004
709,winter,3,wind_speed_mean,persistence,0.28385189175605774
800,winter,3,wind_speed_mean,persistence,0.7153646945953369
801,winter,3,wind_speed_mean,persistence,0.5795083045959473
802,winter,3,wind_speed_mean,persistence,0.4839899241924286
803,winter,3,wind_speed_mean,persistence,0.3452374041080475
804,winter,3,wind_speed_mean,persistence,1.0410865545272827
805,winter,3,wind_speed_mean,persistence,1.3776756525039673
806,winter,3,wind_speed_mean,persistence,1.3230730295181274
807,winter,3,wind_speed_mean,persistence,1.289986252784729
808,winter,3,wind_speed_mean,persistence,0.9466022849082947
809,winter,3,wind_speed_mean,persistence,0.6076914668083191
900,winter,3,wind_speed_mean,persistence,0.4956989884376526
901,winter,3,wind_speed_mean,persistence,0.3382737934589386
902,winter,3,wind_speed_mean,persistence,0.29192277789115906
903,winter,3,wind_speed_mean,persistence,0.4837508201599121
904,winter,3,wind_speed_mean,persistence,0.8701035976409912
905,winter,3,wind_speed_mean,persistence,1.5521504878997803
906,winter,3,wind_speed_mean,persistence,1.6922898292541504
907,winter,3,wind_speed_mean,persistence,1.3724949359893799
908,winter,3,wind_speed_mean,persistence,0.9755189418792725
909,winter,3,wind_speed_mean,persistence,1.0621562004089355
1000,winter,3,wind_speed_mean,persistence,0.7016804218292236
1001,winter,3,wind_speed_mean,persistence,0.2709302306175232
1002,winter,3,wind_speed_mean,persistence,0.38296374678611755
1003,winter,3,wind_speed_mean,persistence,0.3297384977340698
1004,winter,3,wind_speed_mean,persistence,0.7252928614616394
1005,winter,3,wind_speed_mean,persistence,0.6490117907524109
1006,winter,3,wind_speed_mean,persistence,1.1221364736557007
1007,winter,3,wind_speed_mean,persistence,1.171744465827942
1008,winter,3,wind_speed_mean,persistence,1.029791235923767
1009,winter,3,wind_speed_mean,persistence,1.394233226776123
0,pre_monsoon,3,wind_speed_mean,persistence,1.3391494750976562
1,pre_monsoon,3,wind_speed_mean,persistence,1.2214267253875732
2,pre_monsoon,3,wind_speed_mean,persistence,0.9791605472564697
3,pre_monsoon,3,wind_speed_mean,persistence,1.7429817914962769
4,pre_monsoon,3,wind_speed_mean,persistence,1.5325134992599487
5,pre_monsoon,3,wind_speed_mean,persistence,2.3706955909729004
6,pre_monsoon,3,wind_speed_mean,persistence,2.244366407394409
7,pre_monsoon,3,wind_speed_mean,persistence,1.9975988864898682
8,pre_monsoon,3,wind_speed_mean,persistence,1.918281078338623
9,pre_monsoon,3,wind_speed_mean,persistence,1.9024977684020996
100,pre_monsoon,3,wind_speed_mean,persistence,1.268312931060791
101,pre_monsoon,3,wind_speed_mean,persistence,1.096023440361023
102,pre_monsoon,3,wind_speed_mean,persistence,0.7371923327445984
103,pre_monsoon,3,wind_speed_mean,persistence,0.6335933208465576
104,pre_monsoon,3,wind_speed_mean,persistence,2.0300374031066895
105,pre_monsoon,3,wind_speed_mean,persistence,2.1808671951293945
106,pre_monsoon,3,wind_speed_mean,persistence,2.095940113067627
107,pre_monsoon,3,wind_speed_mean,persistence,1.8658921718597412
108,pre_monsoon,3,wind_speed_mean,persistence,1.5105520486831665
109,pre_monsoon,3,wind_speed_mean,persistence,1.5684481859207153
200,pre_monsoon,3,wind_speed_mean,persistence,1.5472412109375
201,pre_monsoon,3,wind_speed_mean,persistence,1.368727684020996
202,pre_monsoon,3,wind_speed_mean,persistence,0.8200117349624634
203,pre_monsoon,3,wind_speed_mean,persistence,0.6165953278541565
204,pre_monsoon,3,wind_speed_mean,persistence,1.2419737577438354
205,pre_monsoon,3,wind_speed_mean,persistence,1.9148621559143066
206,pre_monsoon,3,wind_speed_mean,persistence,2.3806116580963135
207,pre_monsoon,3,wind_speed_mean,persistence,1.6932756900787354
208,pre_monsoon,3,wind_speed_mean,persistence,1.1808786392211914
209,pre_monsoon,3,wind_speed_mean,persistence,1.1163989305496216
300,pre_monsoon,3,wind_speed_mean,persistence,1.636411190032959
301,pre_monsoon,3,wind_speed_mean,persistence,1.4377459287643433
302,pre_monsoon,3,wind_speed_mean,persistence,0.8122504949569702
303,pre_monsoon,3,wind_speed_mean,persistence,0.6628017425537109
304,pre_monsoon,3,wind_speed_mean,persistence,0.6176372766494751
305,pre_monsoon,3,wind_speed_mean,persistence,1.2557902336120605
306,pre_monsoon,3,wind_speed_mean,persistence,1.9025933742523193
307,pre_monsoon,3,wind_speed_mean,persistence,1.577678918838501
308,pre_monsoon,3,wind_speed_mean,persistence,1.086909294128418
309,pre_monsoon,3,wind_speed_mean,persistence,0.5052525401115417
400,pre_monsoon,3,wind_speed_mean,persistence,1.1369787454605103
401,pre_monsoon,3,wind_speed_mean,persistence,1.0592608451843262
402,pre_monsoon,3,wind_speed_mean,persistence,0.5815703868865967
403,pre_monsoon,3,wind_speed_mean,persistence,0.6268813610076904
404,pre_monsoon,3,wind_speed_mean,persistence,0.546727180480957
405,pre_monsoon,3,wind_speed_mean,persistence,0.6413525342941284
406,pre_monsoon,3,wind_speed_mean,persistence,1.3752835988998413
407,pre_monsoon,3,wind_speed_mean,persistence,1.2187705039978027
408,pre_monsoon,3,wind_speed_mean,persistence,0.6909993290901184
409,pre_monsoon,3,wind_speed_mean,persistence,0.5717908143997192
500,pre_monsoon,3,wind_speed_mean,persistence,1.1754497289657593
501,pre_monsoon,3,wind_speed_mean,persistence,0.8740052580833435
502,pre_monsoon,3,wind_speed_mean,persistence,0.7907269597053528
503,pre_monsoon,3,wind_speed_mean,persistence,0.6959730386734009
504,pre_monsoon,3,wind_speed_mean,persistence,0.598426878452301
505,pre_monsoon,3,wind_speed_mean,persistence,0.6128444671630859
506,pre_monsoon,3,wind_speed_mean,persistence,0.7145030498504639
507,pre_monsoon,3,wind_speed_mean,persistence,0.655104398727417
508,pre_monsoon,3,wind_speed_mean,persistence,0.37999430298805237
509,pre_monsoon,3,wind_speed_mean,persistence,0.44645094871520996
600,pre_monsoon,3,wind_speed_mean,persistence,1.390963077545166
601,pre_monsoon,3,wind_speed_mean,persistence,1.3402410745620728
602,pre_monsoon,3,wind_speed_mean,persistence,0.8978745341300964
603,pre_monsoon,3,wind_speed_mean,persistence,0.7983680963516235
604,pre_monsoon,3,wind_speed_mean,persistence,1.0115039348602295
605,pre_monsoon,3,wind_speed_mean,persistence,0.9298765659332275
606,pre_monsoon,3,wind_speed_mean,persistence,0.6197982430458069
607,pre_monsoon,3,wind_speed_mean,persistence,0.3993532061576843
608,pre_monsoon,3,wind_speed_mean,persistence,0.3790859878063202
609,pre_monsoon,3,wind_speed_mean,persistence,0.2700762450695038
700,pre_monsoon,3,wind_speed_mean,persistence,0.9410129189491272
701,pre_monsoon,3,wind_speed_mean,persistence,1.0381377935409546
702,pre_monsoon,3,wind_speed_mean,persistence,1.031648874282837
703,pre_monsoon,3,wind_speed_mean,persistence,0.7617956399917603
704,pre_monsoon,3,wind_speed_mean,persistence,0.39218443632125854
705,pre_monsoon,3,wind_speed_mean,persistence,0.5187603831291199
706,pre_monsoon,3,wind_speed_mean,persistence,0.6761848330497742
707,pre_monsoon,3,wind_speed_mean,persistence,0.6211135983467102
708,pre_monsoon,3,wind_speed_mean,persistence,0.28473374247550964
709,pre_monsoon,3,wind_speed_mean,persistence,0.23158954083919525
800,pre_monsoon,3,wind_speed_mean,persistence,0.9195783138275146
801,pre_monsoon,3,wind_speed_mean,persistence,0.829889178276062
802,pre_monsoon,3,wind_speed_mean,persistence,0.6748263835906982
803,pre_monsoon,3,wind_speed_mean,persistence,0.3082260489463806
804,pre_monsoon,3,wind_speed_mean,persistence,0.7151834964752197
805,pre_monsoon,3,wind_speed_mean,persistence,0.9702671766281128
806,pre_monsoon,3,wind_speed_mean,persistence,1.0201466083526611
807,pre_monsoon,3,wind_speed_mean,persistence,1.1359868049621582
808,pre_monsoon,3,wind_speed_mean,persistence,0.8487611413002014
809,pre_monsoon,3,wind_speed_mean,persistence,0.600553572177887
900,pre_monsoon,3,wind_speed_mean,persistence,0.4304822087287903
901,pre_monsoon,3,wind_speed_mean,persistence,0.3113248348236084
902,pre_monsoon,3,wind_speed_mean,persistence,0.2508240044116974
903,pre_monsoon,3,wind_speed_mean,persistence,0.448764443397522
904,pre_monsoon,3,wind_speed_mean,persistence,0.7538380026817322
905,pre_monsoon,3,wind_speed_mean,persistence,1.23006272315979
906,pre_monsoon,3,wind_speed_mean,persistence,1.2465736865997314
907,pre_monsoon,3,wind_speed_mean,persistence,1.1593660116195679
908,pre_monsoon,3,wind_speed_mean,persistence,0.9462571740150452
909,pre_monsoon,3,wind_speed_mean,persistence,1.0995064973831177
1000,pre_monsoon,3,wind_speed_mean,persistence,0.800645649433136
1001,pre_monsoon,3,wind_speed_mean,persistence,0.21849370002746582
1002,pre_monsoon,3,wind_speed_mean,persistence,0.37954095005989075
1003,pre_monsoon,3,wind_speed_mean,persistence,0.5328631401062012
1004,pre_monsoon,3,wind_speed_mean,persistence,1.2008904218673706
1005,pre_monsoon,3,wind_speed_mean,persistence,0.6443004012107849
1006,pre_monsoon,3,wind_speed_mean,persistence,1.176932454109192
1007,pre_monsoon,3,wind_speed_mean,persistence,1.1390445232391357
1008,pre_monsoon,3,wind_speed_mean,persistence,1.2935081720352173
1009,pre_monsoon,3,wind_speed_mean,persistence,1.5980781316757202
0,monsoon,3,wind_speed_mean,persistence,1.4558043479919434
1,monsoon,3,wind_speed_mean,persistence,1.4524019956588745
2,monsoon,3,wind_speed_mean,persistence,1.2750195264816284
3,monsoon,3,wind_speed_mean,persistence,1.1510785818099976
4,monsoon,3,wind_speed_mean,persistence,1.2398109436035156
5,monsoon,3,wind_speed_mean,persistence,1.7151073217391968
6,monsoon,3,wind_speed_mean,persistence,1.815604567527771
7,monsoon,3,wind_speed_mean,persistence,1.800477147102356
8,monsoon,3,wind_speed_mean,persistence,1.685409665107727
9,monsoon,3,wind_speed_mean,persistence,1.7650105953216553
100,monsoon,3,wind_speed_mean,persistence,1.4210543632507324
101,monsoon,3,wind_speed_mean,persistence,1.5637315511703491
102,monsoon,3,wind_speed_mean,persistence,1.2078837156295776
103,monsoon,3,wind_speed_mean,persistence,0.6791186928749084
104,monsoon,3,wind_speed_mean,persistence,1.3641417026519775
105,monsoon,3,wind_speed_mean,persistence,1.6302107572555542
106,monsoon,3,wind_speed_mean,persistence,1.855792760848999
107,monsoon,3,wind_speed_mean,persistence,2.0069215297698975
108,monsoon,3,wind_speed_mean,persistence,2.060495615005493
109,monsoon,3,wind_speed_mean,persistence,1.851455807685852
200,monsoon,3,wind_speed_mean,persistence,1.6002877950668335
201,monsoon,3,wind_speed_mean,persistence,1.716370701789856
202,monsoon,3,wind_speed_mean,persistence,0.9733831882476807
203,monsoon,3,wind_speed_mean,persistence,0.8519667983055115
204,monsoon,3,wind_speed_mean,persistence,1.3468577861785889
205,monsoon,3,wind_speed_mean,persistence,1.6549400091171265
206,monsoon,3,wind_speed_mean,persistence,1.817209005355835
207,monsoon,3,wind_speed_mean,persistence,1.9119523763656616
208,monsoon,3,wind_speed_mean,persistence,1.8712177276611328
209,monsoon,3,wind_speed_mean,persistence,1.8801230192184448
300,monsoon,3,wind_speed_mean,persistence,1.831550121307373
301,monsoon,3,wind_speed_mean,persistence,1.5812146663665771
302,monsoon,3,wind_speed_mean,persistence,0.9811680316925049
303,monsoon,3,wind_speed_mean,persistence,0.8775092959403992
304,monsoon,3,wind_speed_mean,persistence,0.8046729564666748
305,monsoon,3,wind_speed_mean,persistence,1.7857156991958618
306,monsoon,3,wind_speed_mean,persistence,2.16276216506958
307,monsoon,3,wind_speed_mean,persistence,2.121173620223999
308,monsoon,3,wind_speed_mean,persistence,1.8781628608703613
309,monsoon,3,wind_speed_mean,persistence,0.9054694175720215
400,monsoon,3,wind_speed_mean,persistence,1.8667182922363281
401,monsoon,3,wind_speed_mean,persistence,1.3301920890808105
402,monsoon,3,wind_speed_mean,persistence,0.9357125163078308
403,monsoon,3,wind_speed_mean,persistence,0.7847461104393005
404,monsoon,3,wind_speed_mean,persistence,0.68355393409729
405,monsoon,3,wind_speed_mean,persistence,0.7397298812866211
406,monsoon,3,wind_speed_mean,persistence,1.858937382698059
407,monsoon,3,wind_speed_mean,persistence,2.7641055583953857
408,monsoon,3,wind_speed_mean,persistence,1.3855936527252197
409,monsoon,3,wind_speed_mean,persistence,0.7805094122886658
500,monsoon,3,wind_speed_mean,persistence,1.7019895315170288
501,monsoon,3,wind_speed_mean,persistence,1.141425609588623
502,monsoon,3,wind_speed_mean,persistence,0.974772036075592
503,monsoon,3,wind_speed_mean,persistence,0.8942742943763733
504,monsoon,3,wind_speed_mean,persistence,0.8094872236251831
505,monsoon,3,wind_speed_mean,persistence,0.9924132823944092
506,monsoon,3,wind_speed_mean,persistence,1.1009601354599
507,monsoon,3,wind_speed_mean,persistence,1.235941767692566
508,monsoon,3,wind_speed_mean,persistence,0.51690673828125
509,monsoon,3,wind_speed_mean,persistence,0.6869326829910278
600,monsoon,3,wind_speed_mean,persistence,1.2669318914413452
601,monsoon,3,wind_speed_mean,persistence,1.2512202262878418
602,monsoon,3,wind_speed_mean,persistence,0.9378088712692261
603,monsoon,3,wind_speed_mean,persistence,0.8134176135063171
604,monsoon,3,wind_speed_mean,persistence,0.9873271584510803
605,monsoon,3,wind_speed_mean,persistence,0.937978982925415
606,monsoon,3,wind_speed_mean,persistence,0.8181052803993225
607,monsoon,3,wind_speed_mean,persistence,0.5028965473175049
608,monsoon,3,wind_speed_mean,persistence,0.3925100564956665
609,monsoon,3,wind_speed_mean,persistence,0.3151521682739258
700,monsoon,3,wind_speed_mean,persistence,0.7728371620178223
701,monsoon,3,wind_speed_mean,persistence,0.916774332523346
702,monsoon,3,wind_speed_mean,persistence,0.8280320763587952
703,monsoon,3,wind_speed_mean,persistence,0.6622960567474365
704,monsoon,3,wind_speed_mean,persistence,0.34455859661102295
705,monsoon,3,wind_speed_mean,persistence,0.4257405996322632
706,monsoon,3,wind_speed_mean,persistence,0.45194298028945923
707,monsoon,3,wind_speed_mean,persistence,0.4582810401916504
708,monsoon,3,wind_speed_mean,persistence,0.30609333515167236
709,monsoon,3,wind_speed_mean,persistence,0.25717994570732117
800,monsoon,3,wind_speed_mean,persistence,0.5178742408752441
801,monsoon,3,wind_speed_mean,persistence,0.6457539200782776
802,monsoon,3,wind_speed_mean,persistence,0.4359724819660187
803,monsoon,3,wind_speed_mean,persistence,0.28064513206481934
804,monsoon,3,wind_speed_mean,persistence,0.6488344669342041
805,monsoon,3,wind_speed_mean,persistence,0.6663526296615601
806,monsoon,3,wind_speed_mean,persistence,0.701755702495575
807,monsoon,3,wind_speed_mean,persistence,0.8060800433158875
808,monsoon,3,wind_speed_mean,persistence,0.693585991859436
809,monsoon,3,wind_speed_mean,persistence,0.5033428072929382
900,monsoon,3,wind_speed_mean,persistence,0.31224170327186584
901,monsoon,3,wind_speed_mean,persistence,0.2152971625328064
902,monsoon,3,wind_speed_mean,persistence,0.18980106711387634
903,monsoon,3,wind_speed_mean,persistence,0.34156909584999084
904,monsoon,3,wind_speed_mean,persistence,0.5198012590408325
905,monsoon,3,wind_speed_mean,persistence,0.823320209980011
906,monsoon,3,wind_speed_mean,persistence,0.9788961410522461
907,monsoon,3,wind_speed_mean,persistence,0.8457010388374329
908,monsoon,3,wind_speed_mean,persistence,0.7493104934692383
909,monsoon,3,wind_speed_mean,persistence,0.8056268095970154
1000,monsoon,3,wind_speed_mean,persistence,0.48295462131500244
1001,monsoon,3,wind_speed_mean,persistence,0.15346448123455048
1002,monsoon,3,wind_speed_mean,persistence,0.2563881576061249
1003,monsoon,3,wind_speed_mean,persistence,0.39865148067474365
1004,monsoon,3,wind_speed_mean,persistence,1.0168756246566772
1005,monsoon,3,wind_speed_mean,persistence,0.6346809267997742
1006,monsoon,3,wind_speed_mean,persistence,0.7668231129646301
1007,monsoon,3,wind_speed_mean,persistence,0.7689213156700134
1008,monsoon,3,wind_speed_mean,persistence,1.1449530124664307
1009,monsoon,3,wind_speed_mean,persistence,1.2635927200317383
0,post_monsoon,3,wind_speed_mean,persistence,1.9212782382965088
1,post_monsoon,3,wind_speed_mean,persistence,1.5647385120391846
2,post_monsoon,3,wind_speed_mean,persistence,1.6012927293777466
3,post_monsoon,3,wind_speed_mean,persistence,1.7427146434783936
4,post_monsoon,3,wind_speed_mean,persistence,1.6179643869400024
5,post_monsoon,3,wind_speed_mean,persistence,2.456831932067871
6,post_monsoon,3,wind_speed_mean,persistence,2.7475717067718506
7,post_monsoon,3,wind_speed_mean,persistence,2.5540452003479004
8,post_monsoon,3,wind_speed_mean,persistence,2.468416929244995
9,post_monsoon,3,wind_speed_mean,persistence,2.463369846343994
100,post_monsoon,3,wind_speed_mean,persistence,2.262871265411377
101,post_monsoon,3,wind_speed_mean,persistence,1.916806697845459
102,post_monsoon,3,wind_speed_mean,persistence,1.055925726890564
103,post_monsoon,3,wind_speed_mean,persistence,0.8468478918075562
104,post_monsoon,3,wind_speed_mean,persistence,2.2500972747802734
105,post_monsoon,3,wind_speed_mean,persistence,2.780116081237793
106,post_monsoon,3,wind_speed_mean,persistence,2.822869300842285
107,post_monsoon,3,wind_speed_mean,persistence,2.657956123352051
108,post_monsoon,3,wind_speed_mean,persistence,2.643043279647827
109,post_monsoon,3,wind_speed_mean,persistence,2.3968708515167236
200,post_monsoon,3,wind_speed_mean,persistence,2.0560500621795654
201,post_monsoon,3,wind_speed_mean,persistence,1.8758447170257568
202,post_monsoon,3,wind_speed_mean,persistence,1.0365623235702515
203,post_monsoon,3,wind_speed_mean,persistence,0.9552739262580872
204,post_monsoon,3,wind_speed_mean,persistence,2.543321371078491
205,post_monsoon,3,wind_speed_mean,persistence,3.0775861740112305
206,post_monsoon,3,wind_speed_mean,persistence,2.9047586917877197
207,post_monsoon,3,wind_speed_mean,persistence,2.6475682258605957
208,post_monsoon,3,wind_speed_mean,persistence,2.3555731773376465
209,post_monsoon,3,wind_speed_mean,persistence,2.019045829772949
300,post_monsoon,3,wind_speed_mean,persistence,1.4556998014450073
301,post_monsoon,3,wind_speed_mean,persistence,1.4436273574829102
302,post_monsoon,3,wind_speed_mean,persistence,0.6582047939300537
303,post_monsoon,3,wind_speed_mean,persistence,0.7755047082901001
304,post_monsoon,3,wind_speed_mean,persistence,1.2116013765335083
305,post_monsoon,3,wind_speed_mean,persistence,2.512925148010254
306,post_monsoon,3,wind_speed_mean,persistence,2.5969226360321045
307,post_monsoon,3,wind_speed_mean,persistence,2.419036388397217
308,post_monsoon,3,wind_speed_mean,persistence,1.666612148284912
309,post_monsoon,3,wind_speed_mean,persistence,0.8310086727142334
400,post_monsoon,3,wind_speed_mean,persistence,1.5325000286102295
401,post_monsoon,3,wind_speed_mean,persistence,1.0311777591705322
402,post_monsoon,3,wind_speed_mean,persistence,0.5483461022377014
403,post_monsoon,3,wind_speed_mean,persistence,0.5829968452453613
404,post_monsoon,3,wind_speed_mean,persistence,0.8472367525100708
405,post_monsoon,3,wind_speed_mean,persistence,0.8621188402175903
406,post_monsoon,3,wind_speed_mean,persistence,1.7768152952194214
407,post_monsoon,3,wind_speed_mean,persistence,1.8237383365631104
408,post_monsoon,3,wind_speed_mean,persistence,0.7720906734466553
409,post_monsoon,3,wind_speed_mean,persistence,0.48233357071876526
500,post_monsoon,3,wind_speed_mean,persistence,1.1552433967590332
501,post_monsoon,3,wind_speed_mean,persistence,0.7920783162117004
502,post_monsoon,3,wind_speed_mean,persistence,0.7699681520462036
503,post_monsoon,3,wind_speed_mean,persistence,0.7069333791732788
504,post_monsoon,3,wind_speed_mean,persistence,0.6865030527114868
505,post_monsoon,3,wind_speed_mean,persistence,0.7733812928199768
506,post_monsoon,3,wind_speed_mean,persistence,0.6789882183074951
507,post_monsoon,3,wind_speed_mean,persistence,0.573897123336792
508,post_monsoon,3,wind_speed_mean,persistence,0.2435874342918396
509,post_monsoon,3,wind_speed_mean,persistence,0.38661834597587585
600,post_monsoon,3,wind_speed_mean,persistence,1.0148218870162964
601,post_monsoon,3,wind_speed_mean,persistence,1.017823576927185
602,post_monsoon,3,wind_speed_mean,persistence,0.7250533699989319
603,post_monsoon,3,wind_speed_mean,persistence,0.595104455947876
604,post_monsoon,3,wind_speed_mean,persistence,0.7210515141487122
605,post_monsoon,3,wind_speed_mean,persistence,0.7161457538604736
606,post_monsoon,3,wind_speed_mean,persistence,0.5213777422904968
607,post_monsoon,3,wind_speed_mean,persistence,0.3763875365257263
608,post_monsoon,3,wind_speed_mean,persistence,0.2321161925792694
609,post_monsoon,3,wind_speed_mean,persistence,0.19406773149967194
700,post_monsoon,3,wind_speed_mean,persistence,0.45225727558135986
701,post_monsoon,3,wind_speed_mean,persistence,0.5547962188720703
702,post_monsoon,3,wind_speed_mean,persistence,0.4794597029685974
703,post_monsoon,3,wind_speed_mean,persistence,0.3874683678150177
704,post_monsoon,3,wind_speed_mean,persistence,0.262209415435791
705,post_monsoon,3,wind_speed_mean,persistence,0.3852148950099945
706,post_monsoon,3,wind_speed_mean,persistence,0.47425222396850586
707,post_monsoon,3,wind_speed_mean,persistence,0.5150706768035889
708,post_monsoon,3,wind_speed_mean,persistence,0.3252718150615692
709,post_monsoon,3,wind_speed_mean,persistence,0.24725408852100372
800,post_monsoon,3,wind_speed_mean,persistence,0.4001198709011078
801,post_monsoon,3,wind_speed_mean,persistence,0.3612121343612671
802,post_monsoon,3,wind_speed_mean,persistence,0.2669335603713989
803,post_monsoon,3,wind_speed_mean,persistence,0.23047873377799988
804,post_monsoon,3,wind_speed_mean,persistence,0.6485761404037476
805,post_monsoon,3,wind_speed_mean,persistence,0.7885286808013916
806,post_monsoon,3,wind_speed_mean,persistence,0.7684880495071411
807,post_monsoon,3,wind_speed_mean,persistence,0.9459867477416992
808,post_monsoon,3,wind_speed_mean,persistence,0.7554316520690918
809,post_monsoon,3,wind_speed_mean,persistence,0.5697240829467773
900,post_monsoon,3,wind_speed_mean,persistence,0.23640288412570953
901,post_monsoon,3,wind_speed_mean,persistence,0.17207121849060059
902,post_monsoon,3,wind_speed_mean,persistence,0.17659765481948853
903,post_monsoon,3,wind_speed_mean,persistence,0.36971163749694824
904,post_monsoon,3,wind_speed_mean,persistence,0.5596216917037964
905,post_monsoon,3,wind_speed_mean,persistence,0.9017658233642578
906,post_monsoon,3,wind_speed_mean,persistence,1.1088335514068604
907,post_monsoon,3,wind_speed_mean,persistence,0.9919183254241943
908,post_monsoon,3,wind_speed_mean,persistence,0.7380470037460327
909,post_monsoon,3,wind_speed_mean,persistence,0.8056440949440002
1000,post_monsoon,3,wind_speed_mean,persistence,0.3443489074707031
1001,post_monsoon,3,wind_speed_mean,persistence,0.14709201455116272
1002,post_monsoon,3,wind_speed_mean,persistence,0.27116864919662476
1003,post_monsoon,3,wind_speed_mean,persistence,0.31599336862564087
1004,post_monsoon,3,wind_speed_mean,persistence,0.5871124267578125
1005,post_monsoon,3,wind_speed_mean,persistence,0.5512891411781311
1006,post_monsoon,3,wind_speed_mean,persistence,0.9074333310127258
1007,post_monsoon,3,wind_speed_mean,persistence,0.9011557102203369
1008,post_monsoon,3,wind_speed_mean,persistence,0.8029072880744934
1009,post_monsoon,3,wind_speed_mean,persistence,1.2356916666030884
0,winter,3,wind_speed_mean,recent3,1.339957356452942
1,winter,3,wind_speed_mean,recent3,1.0732653141021729
2,winter,3,wind_speed_mean,recent3,0.9717032313346863
3,winter,3,wind_speed_mean,recent3,1.2834224700927734
4,winter,3,wind_speed_mean,recent3,0.9804416298866272
5,winter,3,wind_speed_mean,recent3,1.2430771589279175
6,winter,3,wind_speed_mean,recent3,1.256895661354065
7,winter,3,wind_speed_mean,recent3,1.2035802602767944
8,winter,3,wind_speed_mean,recent3,1.2505817413330078
9,winter,3,wind_speed_mean,recent3,1.518775224685669
100,winter,3,wind_speed_mean,recent3,1.6115864515304565
101,winter,3,wind_speed_mean,recent3,1.0792808532714844
102,winter,3,wind_speed_mean,recent3,0.5772461295127869
103,winter,3,wind_speed_mean,recent3,0.533333957195282
104,winter,3,wind_speed_mean,recent3,1.417445421218872
105,winter,3,wind_speed_mean,recent3,1.4127827882766724
106,winter,3,wind_speed_mean,recent3,1.3978923559188843
107,winter,3,wind_speed_mean,recent3,1.1940892934799194
108,winter,3,wind_speed_mean,recent3,1.13411545753479
109,winter,3,wind_speed_mean,recent3,1.4270967245101929
200,winter,3,wind_speed_mean,recent3,1.9179624319076538
201,winter,3,wind_speed_mean,recent3,1.6579160690307617
202,winter,3,wind_speed_mean,recent3,0.5149454474449158
203,winter,3,wind_speed_mean,recent3,0.4294782876968384
204,winter,3,wind_speed_mean,recent3,1.203079104423523
205,winter,3,wind_speed_mean,recent3,1.7789576053619385
206,winter,3,wind_speed_mean,recent3,1.8459135293960571
207,winter,3,wind_speed_mean,recent3,1.6236462593078613
208,winter,3,wind_speed_mean,recent3,1.1880924701690674
209,winter,3,wind_speed_mean,recent3,1.0721672773361206
300,winter,3,wind_speed_mean,recent3,1.8699616193771362
301,winter,3,wind_speed_mean,recent3,1.6060649156570435
302,winter,3,wind_speed_mean,recent3,0.4992273151874542
303,winter,3,wind_speed_mean,recent3,0.3355560302734375
304,winter,3,wind_speed_mean,recent3,0.4574301540851593
305,winter,3,wind_speed_mean,recent3,1.3419013023376465
306,winter,3,wind_speed_mean,recent3,1.6365001201629639
307,winter,3,wind_speed_mean,recent3,1.8014158010482788
308,winter,3,wind_speed_mean,recent3,1.3029335737228394
309,winter,3,wind_speed_mean,recent3,0.49078992009162903
400,winter,3,wind_speed_mean,recent3,1.7370432615280151
401,winter,3,wind_speed_mean,recent3,1.4392296075820923
402,winter,3,wind_speed_mean,recent3,0.41753682494163513
403,winter,3,wind_speed_mean,recent3,0.387458473443985
404,winter,3,wind_speed_mean,recent3,0.36319202184677124
405,winter,3,wind_speed_mean,recent3,0.42934539914131165
406,winter,3,wind_speed_mean,recent3,1.3576679229736328
407,winter,3,wind_speed_mean,recent3,1.5845965147018433
408,winter,3,wind_speed_mean,recent3,0.7747645378112793
409,winter,3,wind_speed_mean,recent3,0.45372092723846436
500,winter,3,wind_speed_mean,recent3,1.0993353128433228
501,winter,3,wind_speed_mean,recent3,0.79117751121521
502,winter,3,wind_speed_mean,recent3,0.5484601259231567
503,winter,3,wind_speed_mean,recent3,0.4918113350868225
504,winter,3,wind_speed_mean,recent3,0.5140151977539062
505,winter,3,wind_speed_mean,recent3,0.46811941266059875
506,winter,3,wind_speed_mean,recent3,0.4964900016784668
507,winter,3,wind_speed_mean,recent3,0.45353344082832336
508,winter,3,wind_speed_mean,recent3,0.2837977707386017
509,winter,3,wind_speed_mean,recent3,0.3056510388851166
600,winter,3,wind_speed_mean,recent3,0.7611173391342163
601,winter,3,wind_speed_mean,recent3,0.7287595272064209
602,winter,3,wind_speed_mean,recent3,0.48980623483657837
603,winter,3,wind_speed_mean,recent3,0.725214958190918
604,winter,3,wind_speed_mean,recent3,0.9578890204429626
605,winter,3,wind_speed_mean,recent3,0.7333316802978516
606,winter,3,wind_speed_mean,recent3,0.4381900131702423
607,winter,3,wind_speed_mean,recent3,0.2864413857460022
608,winter,3,wind_speed_mean,recent3,0.29273393750190735
609,winter,3,wind_speed_mean,recent3,0.20570260286331177
700,winter,3,wind_speed_mean,recent3,0.5338923335075378
701,winter,3,wind_speed_mean,recent3,0.548212468624115
702,winter,3,wind_speed_mean,recent3,0.6185972690582275
703,winter,3,wind_speed_mean,recent3,0.8322848081588745
704,winter,3,wind_speed_mean,recent3,0.4417257308959961
705,winter,3,wind_speed_mean,recent3,0.6389830708503723
706,winter,3,wind_speed_mean,recent3,0.6140764355659485
707,winter,3,wind_speed_mean,recent3,0.6454890370368958
708,winter,3,wind_speed_mean,recent3,0.3239441215991974
709,winter,3,wind_speed_mean,recent3,0.2571718692779541
800,winter,3,wind_speed_mean,recent3,0.6600825786590576
801,winter,3,wind_speed_mean,recent3,0.47331804037094116
802,winter,3,wind_speed_mean,recent3,0.4020410478115082
803,winter,3,wind_speed_mean,recent3,0.30320197343826294
804,winter,3,wind_speed_mean,recent3,0.8996292948722839
805,winter,3,wind_speed_mean,recent3,1.2559585571289062
806,winter,3,wind_speed_mean,recent3,1.326756238937378
807,winter,3,wind_speed_mean,recent3,1.3770908117294312
808,winter,3,wind_speed_mean,recent3,0.9053536653518677
809,winter,3,wind_speed_mean,recent3,0.5481107831001282
900,winter,3,wind_speed_mean,recent3,0.4507659673690796
901,winter,3,wind_speed_mean,recent3,0.3044915497303009
902,winter,3,wind_speed_mean,recent3,0.2673753499984741
903,winter,3,wind_speed_mean,recent3,0.4311528205871582
904,winter,3,wind_speed_mean,recent3,0.8136563897132874
905,winter,3,wind_speed_mean,recent3,1.5542700290679932
906,winter,3,wind_speed_mean,recent3,1.660489797592163
907,winter,3,wind_speed_mean,recent3,1.3069500923156738
908,winter,3,wind_speed_mean,recent3,0.8850835561752319
909,winter,3,wind_speed_mean,recent3,0.9345274567604065
1000,winter,3,wind_speed_mean,recent3,0.6374427676200867
1001,winter,3,wind_speed_mean,recent3,0.240850567817688
1002,winter,3,wind_speed_mean,recent3,0.3031107187271118
1003,winter,3,wind_speed_mean,recent3,0.2806742787361145
1004,winter,3,wind_speed_mean,recent3,0.5911758542060852
1005,winter,3,wind_speed_mean,recent3,0.5777020454406738
1006,winter,3,wind_speed_mean,recent3,0.9407475590705872
1007,winter,3,wind_speed_mean,recent3,1.0335723161697388
1008,winter,3,wind_speed_mean,recent3,0.8774153590202332
1009,winter,3,wind_speed_mean,recent3,1.2163195610046387
0,pre_monsoon,3,wind_speed_mean,recent3,1.3303775787353516
1,pre_monsoon,3,wind_speed_mean,recent3,1.2066650390625
2,pre_monsoon,3,wind_speed_mean,recent3,1.0170553922653198
3,pre_monsoon,3,wind_speed_mean,recent3,1.7635207176208496
4,pre_monsoon,3,wind_speed_mean,recent3,1.5129494667053223
5,pre_monsoon,3,wind_speed_mean,recent3,2.4279708862304688
6,pre_monsoon,3,wind_speed_mean,recent3,2.4159061908721924
7,pre_monsoon,3,wind_speed_mean,recent3,2.0591490268707275
8,pre_monsoon,3,wind_speed_mean,recent3,1.8648815155029297
9,pre_monsoon,3,wind_speed_mean,recent3,1.8769433498382568
100,pre_monsoon,3,wind_speed_mean,recent3,1.2313623428344727
101,pre_monsoon,3,wind_speed_mean,recent3,1.0410709381103516
102,pre_monsoon,3,wind_speed_mean,recent3,0.7031728029251099
103,pre_monsoon,3,wind_speed_mean,recent3,0.630852997303009
104,pre_monsoon,3,wind_speed_mean,recent3,2.0219945907592773
105,pre_monsoon,3,wind_speed_mean,recent3,2.241238832473755
106,pre_monsoon,3,wind_speed_mean,recent3,2.266617774963379
107,pre_monsoon,3,wind_speed_mean,recent3,2.0570449829101562
108,pre_monsoon,3,wind_speed_mean,recent3,1.5080844163894653
109,pre_monsoon,3,wind_speed_mean,recent3,1.5169321298599243
200,pre_monsoon,3,wind_speed_mean,recent3,1.6816470623016357
201,pre_monsoon,3,wind_speed_mean,recent3,1.317538857460022
202,pre_monsoon,3,wind_speed_mean,recent3,0.7627418637275696
203,pre_monsoon,3,wind_speed_mean,recent3,0.5584802627563477
204,pre_monsoon,3,wind_speed_mean,recent3,1.1281152963638306
205,pre_monsoon,3,wind_speed_mean,recent3,1.8844631910324097
206,pre_monsoon,3,wind_speed_mean,recent3,2.5511207580566406
207,pre_monsoon,3,wind_speed_mean,recent3,1.933980107307434
208,pre_monsoon,3,wind_speed_mean,recent3,1.1977249383926392
209,pre_monsoon,3,wind_speed_mean,recent3,1.087909460067749
300,pre_monsoon,3,wind_speed_mean,recent3,1.7976254224777222
301,pre_monsoon,3,wind_speed_mean,recent3,1.4706937074661255
302,pre_monsoon,3,wind_speed_mean,recent3,0.6760063171386719
303,pre_monsoon,3,wind_speed_mean,recent3,0.5631846189498901
304,pre_monsoon,3,wind_speed_mean,recent3,0.570616602897644
305,pre_monsoon,3,wind_speed_mean,recent3,1.2767033576965332
306,pre_monsoon,3,wind_speed_mean,recent3,2.16441011428833
307,pre_monsoon,3,wind_speed_mean,recent3,1.820925235748291
308,pre_monsoon,3,wind_speed_mean,recent3,1.0713099241256714
309,pre_monsoon,3,wind_speed_mean,recent3,0.49448472261428833
400,pre_monsoon,3,wind_speed_mean,recent3,1.2282767295837402
401,pre_monsoon,3,wind_speed_mean,recent3,1.0043598413467407
402,pre_monsoon,3,wind_speed_mean,recent3,0.5314511656761169
403,pre_monsoon,3,wind_speed_mean,recent3,0.5794297456741333
404,pre_monsoon,3,wind_speed_mean,recent3,0.4947856366634369
405,pre_monsoon,3,wind_speed_mean,recent3,0.6041113138198853
406,pre_monsoon,3,wind_speed_mean,recent3,1.4303748607635498
407,pre_monsoon,3,wind_speed_mean,recent3,1.373561978340149
408,pre_monsoon,3,wind_speed_mean,recent3,0.6481920480728149
409,pre_monsoon,3,wind_speed_mean,recent3,0.4862058460712433
500,pre_monsoon,3,wind_speed_mean,recent3,1.2096575498580933
501,pre_monsoon,3,wind_speed_mean,recent3,0.8460708856582642
502,pre_monsoon,3,wind_speed_mean,recent3,0.6770086884498596
503,pre_monsoon,3,wind_speed_mean,recent3,0.5541272759437561
504,pre_monsoon,3,wind_speed_mean,recent3,0.5222119688987732
505,pre_monsoon,3,wind_speed_mean,recent3,0.5572134852409363
506,pre_monsoon,3,wind_speed_mean,recent3,0.6654057502746582
507,pre_monsoon,3,wind_speed_mean,recent3,0.5959498882293701
508,pre_monsoon,3,wind_speed_mean,recent3,0.3505696654319763
509,pre_monsoon,3,wind_speed_mean,recent3,0.39852142333984375
600,pre_monsoon,3,wind_speed_mean,recent3,1.3485336303710938
601,pre_monsoon,3,wind_speed_mean,recent3,1.2882000207901
602,pre_monsoon,3,wind_speed_mean,recent3,0.8196110129356384
603,pre_monsoon,3,wind_speed_mean,recent3,0.6707761287689209
604,pre_monsoon,3,wind_speed_mean,recent3,0.994953453540802
605,pre_monsoon,3,wind_speed_mean,recent3,0.938969075679779
606,pre_monsoon,3,wind_speed_mean,recent3,0.6165357232093811
607,pre_monsoon,3,wind_speed_mean,recent3,0.3874877393245697
608,pre_monsoon,3,wind_speed_mean,recent3,0.3639164865016937
609,pre_monsoon,3,wind_speed_mean,recent3,0.23236076533794403
700,pre_monsoon,3,wind_speed_mean,recent3,0.8561515212059021
701,pre_monsoon,3,wind_speed_mean,recent3,0.9201149344444275
702,pre_monsoon,3,wind_speed_mean,recent3,0.8297432661056519
703,pre_monsoon,3,wind_speed_mean,recent3,0.6705281734466553
704,pre_monsoon,3,wind_speed_mean,recent3,0.3687085807323456
705,pre_monsoon,3,wind_speed_mean,recent3,0.5185806751251221
706,pre_monsoon,3,wind_speed_mean,recent3,0.7250562906265259
707,pre_monsoon,3,wind_speed_mean,recent3,0.6724382638931274
708,pre_monsoon,3,wind_speed_mean,recent3,0.27237650752067566
709,pre_monsoon,3,wind_speed_mean,recent3,0.209751695394516
800,pre_monsoon,3,wind_speed_mean,recent3,0.805392861366272
801,pre_monsoon,3,wind_speed_mean,recent3,0.7389741539955139
802,pre_monsoon,3,wind_speed_mean,recent3,0.5573594570159912
803,pre_monsoon,3,wind_speed_mean,recent3,0.2544124126434326
804,pre_monsoon,3,wind_speed_mean,recent3,0.6823374032974243
805,pre_monsoon,3,wind_speed_mean,recent3,1.0747504234313965
806,pre_monsoon,3,wind_speed_mean,recent3,1.1116682291030884
807,pre_monsoon,3,wind_speed_mean,recent3,1.063726544380188
808,pre_monsoon,3,wind_speed_mean,recent3,0.7193878293037415
809,pre_monsoon,3,wind_speed_mean,recent3,0.5104923844337463
900,pre_monsoon,3,wind_speed_mean,recent3,0.3803587555885315
901,pre_monsoon,3,wind_speed_mean,recent3,0.28696441650390625
902,pre_monsoon,3,wind_speed_mean,recent3,0.22768385708332062
903,pre_monsoon,3,wind_speed_mean,recent3,0.4084739089012146
904,pre_monsoon,3,wind_speed_mean,recent3,0.6914234161376953
905,pre_monsoon,3,wind_speed_mean,recent3,1.1691948175430298
906,pre_monsoon,3,wind_speed_mean,recent3,1.1941137313842773
907,pre_monsoon,3,wind_speed_mean,recent3,1.0331968069076538
908,pre_monsoon,3,wind_speed_mean,recent3,0.8266162276268005
909,pre_monsoon,3,wind_speed_mean,recent3,0.9452106356620789
1000,pre_monsoon,3,wind_speed_mean,recent3,0.6902026534080505
1001,pre_monsoon,3,wind_speed_mean,recent3,0.20402175188064575
1002,pre_monsoon,3,wind_speed_mean,recent3,0.35283127427101135
1003,pre_monsoon,3,wind_speed_mean,recent3,0.4875549376010895
1004,pre_monsoon,3,wind_speed_mean,recent3,0.968628466129303
1005,pre_monsoon,3,wind_speed_mean,recent3,0.6376634240150452
1006,pre_monsoon,3,wind_speed_mean,recent3,1.0566092729568481
1007,pre_monsoon,3,wind_speed_mean,recent3,1.0312511920928955
1008,pre_monsoon,3,wind_speed_mean,recent3,0.9947896599769592
1009,pre_monsoon,3,wind_speed_mean,recent3,1.4093990325927734
0,monsoon,3,wind_speed_mean,recent3,1.604483962059021
1,monsoon,3,wind_speed_mean,recent3,1.6308633089065552
2,monsoon,3,wind_speed_mean,recent3,1.4910321235656738
3,monsoon,3,wind_speed_mean,recent3,1.198768138885498
4,monsoon,3,wind_speed_mean,recent3,1.265321969985962
5,monsoon,3,wind_speed_mean,recent3,1.8202065229415894
6,monsoon,3,wind_speed_mean,recent3,1.9309355020523071
7,monsoon,3,wind_speed_mean,recent3,1.8545680046081543
8,monsoon,3,wind_speed_mean,recent3,1.6461443901062012
9,monsoon,3,wind_speed_mean,recent3,1.741776943206787
100,monsoon,3,wind_speed_mean,recent3,1.6289165019989014
101,monsoon,3,wind_speed_mean,recent3,1.7415099143981934
102,monsoon,3,wind_speed_mean,recent3,1.3523542881011963
103,monsoon,3,wind_speed_mean,recent3,0.6899964809417725
104,monsoon,3,wind_speed_mean,recent3,1.3667964935302734
105,monsoon,3,wind_speed_mean,recent3,1.7003816366195679
106,monsoon,3,wind_speed_mean,recent3,1.8996353149414062
107,monsoon,3,wind_speed_mean,recent3,2.0043020248413086
108,monsoon,3,wind_speed_mean,recent3,1.9984681606292725
109,monsoon,3,wind_speed_mean,recent3,1.834132432937622
200,monsoon,3,wind_speed_mean,recent3,1.9349172115325928
201,monsoon,3,wind_speed_mean,recent3,1.9303436279296875
202,monsoon,3,wind_speed_mean,recent3,1.034403920173645
203,monsoon,3,wind_speed_mean,recent3,0.9146414995193481
204,monsoon,3,wind_speed_mean,recent3,1.324508786201477
205,monsoon,3,wind_speed_mean,recent3,1.7613654136657715
206,monsoon,3,wind_speed_mean,recent3,1.9296374320983887
207,monsoon,3,wind_speed_mean,recent3,1.9482171535491943
208,monsoon,3,wind_speed_mean,recent3,1.837462067604065
209,monsoon,3,wind_speed_mean,recent3,1.807286262512207
300,monsoon,3,wind_speed_mean,recent3,2.097108840942383
301,monsoon,3,wind_speed_mean,recent3,1.7187684774398804
302,monsoon,3,wind_speed_mean,recent3,1.1039890050888062
303,monsoon,3,wind_speed_mean,recent3,0.9700222015380859
304,monsoon,3,wind_speed_mean,recent3,0.7935035228729248
305,monsoon,3,wind_speed_mean,recent3,1.6190071105957031
306,monsoon,3,wind_speed_mean,recent3,2.0695207118988037
307,monsoon,3,wind_speed_mean,recent3,2.0961437225341797
308,monsoon,3,wind_speed_mean,recent3,1.844401478767395
309,monsoon,3,wind_speed_mean,recent3,0.8332431316375732
400,monsoon,3,wind_speed_mean,recent3,1.9403605461120605
401,monsoon,3,wind_speed_mean,recent3,1.4206957817077637
402,monsoon,3,wind_speed_mean,recent3,0.9908631443977356
403,monsoon,3,wind_speed_mean,recent3,0.8605635166168213
404,monsoon,3,wind_speed_mean,recent3,0.6663298606872559
405,monsoon,3,wind_speed_mean,recent3,0.6872146725654602
406,monsoon,3,wind_speed_mean,recent3,1.7604224681854248
407,monsoon,3,wind_speed_mean,recent3,2.7188944816589355
408,monsoon,3,wind_speed_mean,recent3,1.3116308450698853
409,monsoon,3,wind_speed_mean,recent3,0.7474201917648315
500,monsoon,3,wind_speed_mean,recent3,1.6951419115066528
501,monsoon,3,wind_speed_mean,recent3,1.150728702545166
502,monsoon,3,wind_speed_mean,recent3,0.9771173000335693
503,monsoon,3,wind_speed_mean,recent3,0.8590732216835022
504,monsoon,3,wind_speed_mean,recent3,0.745126485824585
505,monsoon,3,wind_speed_mean,recent3,0.9217609763145447
506,monsoon,3,wind_speed_mean,recent3,1.0093659162521362
507,monsoon,3,wind_speed_mean,recent3,1.2224550247192383
508,monsoon,3,wind_speed_mean,recent3,0.5034624934196472
509,monsoon,3,wind_speed_mean,recent3,0.6990969181060791
600,monsoon,3,wind_speed_mean,recent3,1.2526227235794067
601,monsoon,3,wind_speed_mean,recent3,1.1408474445343018
602,monsoon,3,wind_speed_mean,recent3,0.8633180856704712
603,monsoon,3,wind_speed_mean,recent3,0.7473934888839722
604,monsoon,3,wind_speed_mean,recent3,0.8959683179855347
605,monsoon,3,wind_speed_mean,recent3,0.8315661549568176
606,monsoon,3,wind_speed_mean,recent3,0.7452590465545654
607,monsoon,3,wind_speed_mean,recent3,0.48712602257728577
608,monsoon,3,wind_speed_mean,recent3,0.3672468662261963
609,monsoon,3,wind_speed_mean,recent3,0.27686798572540283
700,monsoon,3,wind_speed_mean,recent3,0.7184045314788818
701,monsoon,3,wind_speed_mean,recent3,0.8411609530448914
702,monsoon,3,wind_speed_mean,recent3,0.7262675762176514
703,monsoon,3,wind_speed_mean,recent3,0.5475790500640869
704,monsoon,3,wind_speed_mean,recent3,0.2924814522266388
705,monsoon,3,wind_speed_mean,recent3,0.3803025484085083
706,monsoon,3,wind_speed_mean,recent3,0.42360568046569824
707,monsoon,3,wind_speed_mean,recent3,0.4252520203590393
708,monsoon,3,wind_speed_mean,recent3,0.2786785364151001
709,monsoon,3,wind_speed_mean,recent3,0.23461882770061493
800,monsoon,3,wind_speed_mean,recent3,0.47471851110458374
801,monsoon,3,wind_speed_mean,recent3,0.5440372228622437
802,monsoon,3,wind_speed_mean,recent3,0.3667054772377014
803,monsoon,3,wind_speed_mean,recent3,0.2627590596675873
804,monsoon,3,wind_speed_mean,recent3,0.5803943276405334
805,monsoon,3,wind_speed_mean,recent3,0.6164632439613342
806,monsoon,3,wind_speed_mean,recent3,0.6168854236602783
807,monsoon,3,wind_speed_mean,recent3,0.6694786548614502
808,monsoon,3,wind_speed_mean,recent3,0.5991243124008179
809,monsoon,3,wind_speed_mean,recent3,0.44323980808258057
900,monsoon,3,wind_speed_mean,recent3,0.2826010286808014
901,monsoon,3,wind_speed_mean,recent3,0.19521504640579224
902,monsoon,3,wind_speed_mean,recent3,0.16828256845474243
903,monsoon,3,wind_speed_mean,recent3,0.31191137433052063
904,monsoon,3,wind_speed_mean,recent3,0.4683651924133301
905,monsoon,3,wind_speed_mean,recent3,0.6806669235229492
906,monsoon,3,wind_speed_mean,recent3,0.7964603304862976
907,monsoon,3,wind_speed_mean,recent3,0.7033222913742065
908,monsoon,3,wind_speed_mean,recent3,0.6077187061309814
909,monsoon,3,wind_speed_mean,recent3,0.7078629732131958
1000,monsoon,3,wind_speed_mean,recent3,0.4777636229991913
1001,monsoon,3,wind_speed_mean,recent3,0.1503136307001114
1002,monsoon,3,wind_speed_mean,recent3,0.22710777819156647
1003,monsoon,3,wind_speed_mean,recent3,0.3478182256221771
1004,monsoon,3,wind_speed_mean,recent3,0.82267165184021
1005,monsoon,3,wind_speed_mean,recent3,0.5725740194320679
1006,monsoon,3,wind_speed_mean,recent3,0.6507409811019897
1007,monsoon,3,wind_speed_mean,recent3,0.6456456780433655
1008,monsoon,3,wind_speed_mean,recent3,0.9285184741020203
1009,monsoon,3,wind_speed_mean,recent3,1.1485449075698853
0,post_monsoon,3,wind_speed_mean,recent3,1.9014500379562378
1,post_monsoon,3,wind_speed_mean,recent3,1.6542751789093018
2,post_monsoon,3,wind_speed_mean,recent3,1.4683979749679565
3,post_monsoon,3,wind_speed_mean,recent3,1.642941951751709
4,post_monsoon,3,wind_speed_mean,recent3,1.602581262588501
5,post_monsoon,3,wind_speed_mean,recent3,2.4668352603912354
6,post_monsoon,3,wind_speed_mean,recent3,2.759218692779541
7,post_monsoon,3,wind_speed_mean,recent3,2.650468349456787
8,post_monsoon,3,wind_speed_mean,recent3,2.2702903747558594
9,post_monsoon,3,wind_speed_mean,recent3,2.1939451694488525
100,post_monsoon,3,wind_speed_mean,recent3,2.244560718536377
101,post_monsoon,3,wind_speed_mean,recent3,1.968015193939209
102,post_monsoon,3,wind_speed_mean,recent3,1.0471341609954834
103,post_monsoon,3,wind_speed_mean,recent3,0.7975121140480042
104,post_monsoon,3,wind_speed_mean,recent3,2.120234966278076
105,post_monsoon,3,wind_speed_mean,recent3,2.8313307762145996
106,post_monsoon,3,wind_speed_mean,recent3,2.8117897510528564
107,post_monsoon,3,wind_speed_mean,recent3,2.6863644123077393
108,post_monsoon,3,wind_speed_mean,recent3,2.6557140350341797
109,post_monsoon,3,wind_speed_mean,recent3,2.4494032859802246
200,post_monsoon,3,wind_speed_mean,recent3,2.166125535964966
201,post_monsoon,3,wind_speed_mean,recent3,2.0042388439178467
202,post_monsoon,3,wind_speed_mean,recent3,0.9565478563308716
203,post_monsoon,3,wind_speed_mean,recent3,0.8946954011917114
204,post_monsoon,3,wind_speed_mean,recent3,2.2927651405334473
205,post_monsoon,3,wind_speed_mean,recent3,2.7974703311920166
206,post_monsoon,3,wind_speed_mean,recent3,2.6227192878723145
207,post_monsoon,3,wind_speed_mean,recent3,2.5760912895202637
208,post_monsoon,3,wind_speed_mean,recent3,2.3648667335510254
209,post_monsoon,3,wind_speed_mean,recent3,2.0717947483062744
300,post_monsoon,3,wind_speed_mean,recent3,1.472692847251892
301,post_monsoon,3,wind_speed_mean,recent3,1.5860252380371094
302,post_monsoon,3,wind_speed_mean,recent3,0.6449021697044373
303,post_monsoon,3,wind_speed_mean,recent3,0.6630802750587463
304,post_monsoon,3,wind_speed_mean,recent3,1.060133934020996
305,post_monsoon,3,wind_speed_mean,recent3,2.194789171218872
306,post_monsoon,3,wind_speed_mean,recent3,2.2347042560577393
307,post_monsoon,3,wind_speed_mean,recent3,2.189243793487549
308,post_monsoon,3,wind_speed_mean,recent3,1.4014716148376465
309,post_monsoon,3,wind_speed_mean,recent3,0.7987537980079651
400,post_monsoon,3,wind_speed_mean,recent3,1.5832493305206299
401,post_monsoon,3,wind_speed_mean,recent3,1.0483874082565308
402,post_monsoon,3,wind_speed_mean,recent3,0.5635356903076172
403,post_monsoon,3,wind_speed_mean,recent3,0.5303522348403931
404,post_monsoon,3,wind_speed_mean,recent3,0.7565718293190002
405,post_monsoon,3,wind_speed_mean,recent3,0.7551345229148865
406,post_monsoon,3,wind_speed_mean,recent3,1.6181788444519043
407,post_monsoon,3,wind_speed_mean,recent3,1.6570134162902832
408,post_monsoon,3,wind_speed_mean,recent3,0.6853621006011963
409,post_monsoon,3,wind_speed_mean,recent3,0.48549342155456543
500,post_monsoon,3,wind_speed_mean,recent3,1.1939342021942139
501,post_monsoon,3,wind_speed_mean,recent3,0.8342905640602112
502,post_monsoon,3,wind_speed_mean,recent3,0.7729537487030029
503,post_monsoon,3,wind_speed_mean,recent3,0.6657513976097107
504,post_monsoon,3,wind_speed_mean,recent3,0.6263494491577148
505,post_monsoon,3,wind_speed_mean,recent3,0.6948789358139038
506,post_monsoon,3,wind_speed_mean,recent3,0.6260340213775635
507,post_monsoon,3,wind_speed_mean,recent3,0.5088824033737183
508,post_monsoon,3,wind_speed_mean,recent3,0.22290107607841492
509,post_monsoon,3,wind_speed_mean,recent3,0.3686380982398987
600,post_monsoon,3,wind_speed_mean,recent3,0.9931051731109619
601,post_monsoon,3,wind_speed_mean,recent3,0.9688081741333008
602,post_monsoon,3,wind_speed_mean,recent3,0.6887648105621338
603,post_monsoon,3,wind_speed_mean,recent3,0.5742500424385071
604,post_monsoon,3,wind_speed_mean,recent3,0.6129329204559326
605,post_monsoon,3,wind_speed_mean,recent3,0.6258682012557983
606,post_monsoon,3,wind_speed_mean,recent3,0.4691915512084961
607,post_monsoon,3,wind_speed_mean,recent3,0.3505454957485199
608,post_monsoon,3,wind_speed_mean,recent3,0.20924852788448334
609,post_monsoon,3,wind_speed_mean,recent3,0.1645021289587021
700,post_monsoon,3,wind_speed_mean,recent3,0.3920610547065735
701,post_monsoon,3,wind_speed_mean,recent3,0.49047550559043884
702,post_monsoon,3,wind_speed_mean,recent3,0.4237416684627533
703,post_monsoon,3,wind_speed_mean,recent3,0.36743059754371643
704,post_monsoon,3,wind_speed_mean,recent3,0.2426777184009552
705,post_monsoon,3,wind_speed_mean,recent3,0.37527021765708923
706,post_monsoon,3,wind_speed_mean,recent3,0.47507789731025696
707,post_monsoon,3,wind_speed_mean,recent3,0.5023887753486633
708,post_monsoon,3,wind_speed_mean,recent3,0.2883036434650421
709,post_monsoon,3,wind_speed_mean,recent3,0.22220391035079956
800,post_monsoon,3,wind_speed_mean,recent3,0.36604955792427063
801,post_monsoon,3,wind_speed_mean,recent3,0.31559422612190247
802,post_monsoon,3,wind_speed_mean,recent3,0.2513476610183716
803,post_monsoon,3,wind_speed_mean,recent3,0.213584765791893
804,post_monsoon,3,wind_speed_mean,recent3,0.5913895964622498
805,post_monsoon,3,wind_speed_mean,recent3,0.7596346735954285
806,post_monsoon,3,wind_speed_mean,recent3,0.7525359988212585
807,post_monsoon,3,wind_speed_mean,recent3,0.8361944556236267
808,post_monsoon,3,wind_speed_mean,recent3,0.6654345393180847
809,post_monsoon,3,wind_speed_mean,recent3,0.49556368589401245
900,post_monsoon,3,wind_speed_mean,recent3,0.2129196971654892
901,post_monsoon,3,wind_speed_mean,recent3,0.1651126742362976
902,post_monsoon,3,wind_speed_mean,recent3,0.1663486212491989
903,post_monsoon,3,wind_speed_mean,recent3,0.3489225208759308
904,post_monsoon,3,wind_speed_mean,recent3,0.5209065079689026
905,post_monsoon,3,wind_speed_mean,recent3,0.8500552773475647
906,post_monsoon,3,wind_speed_mean,recent3,1.0492289066314697
907,post_monsoon,3,wind_speed_mean,recent3,0.9353018999099731
908,post_monsoon,3,wind_speed_mean,recent3,0.6888676881790161
909,post_monsoon,3,wind_speed_mean,recent3,0.7291998863220215
1000,post_monsoon,3,wind_speed_mean,recent3,0.3304937779903412
1001,post_monsoon,3,wind_speed_mean,recent3,0.13642428815364838
1002,post_monsoon,3,wind_speed_mean,recent3,0.2575143277645111
1003,post_monsoon,3,wind_speed_mean,recent3,0.32380223274230957
1004,post_monsoon,3,wind_speed_mean,recent3,0.510073721408844
1005,post_monsoon,3,wind_speed_mean,recent3,0.5174930691719055
1006,post_monsoon,3,wind_speed_mean,recent3,0.8520374298095703
1007,post_monsoon,3,wind_speed_mean,recent3,0.7678290009498596
1008,post_monsoon,3,wind_speed_mean,recent3,0.7848997712135315
1009,post_monsoon,3,wind_speed_mean,recent3,1.1015121936798096
0,winter,3,wind_speed_mean,anom_persistence,1.4655553102493286
1,winter,3,wind_speed_mean,anom_persistence,1.18363618850708
2,winter,3,wind_speed_mean,anom_persistence,1.102912187576294
3,winter,3,wind_speed_mean,anom_persistence,1.152800440788269
4,winter,3,wind_speed_mean,anom_persistence,0.9852612614631653
5,winter,3,wind_speed_mean,anom_persistence,1.3067626953125
6,winter,3,wind_speed_mean,anom_persistence,1.4268969297409058
7,winter,3,wind_speed_mean,anom_persistence,1.312068223953247
8,winter,3,wind_speed_mean,anom_persistence,1.264449119567871
9,winter,3,wind_speed_mean,anom_persistence,1.6176328659057617
100,winter,3,wind_speed_mean,anom_persistence,1.8306726217269897
101,winter,3,wind_speed_mean,anom_persistence,1.3740333318710327
102,winter,3,wind_speed_mean,anom_persistence,0.7143669724464417
103,winter,3,wind_speed_mean,anom_persistence,0.4774801433086395
104,winter,3,wind_speed_mean,anom_persistence,1.28284752368927
105,winter,3,wind_speed_mean,anom_persistence,1.3190748691558838
106,winter,3,wind_speed_mean,anom_persistence,1.3416004180908203
107,winter,3,wind_speed_mean,anom_persistence,1.1564091444015503
108,winter,3,wind_speed_mean,anom_persistence,1.192544937133789
109,winter,3,wind_speed_mean,anom_persistence,1.4773530960083008
200,winter,3,wind_speed_mean,anom_persistence,1.9508075714111328
201,winter,3,wind_speed_mean,anom_persistence,1.7300318479537964
202,winter,3,wind_speed_mean,anom_persistence,0.5762207508087158
203,winter,3,wind_speed_mean,anom_persistence,0.4567355513572693
204,winter,3,wind_speed_mean,anom_persistence,1.134385585784912
205,winter,3,wind_speed_mean,anom_persistence,1.5068581104278564
206,winter,3,wind_speed_mean,anom_persistence,1.6076972484588623
207,winter,3,wind_speed_mean,anom_persistence,1.4932899475097656
208,winter,3,wind_speed_mean,anom_persistence,1.2224711179733276
209,winter,3,wind_speed_mean,anom_persistence,1.2617560625076294
300,winter,3,wind_speed_mean,anom_persistence,1.9777183532714844
301,winter,3,wind_speed_mean,anom_persistence,1.6596455574035645
302,winter,3,wind_speed_mean,anom_persistence,0.5560934543609619
303,winter,3,wind_speed_mean,anom_persistence,0.35937070846557617
304,winter,3,wind_speed_mean,anom_persistence,0.5134595036506653
305,winter,3,wind_speed_mean,anom_persistence,1.4588865041732788
306,winter,3,wind_speed_mean,anom_persistence,1.7709755897521973
307,winter,3,wind_speed_mean,anom_persistence,1.8024951219558716
308,winter,3,wind_speed_mean,anom_persistence,1.301955223083496
309,winter,3,wind_speed_mean,anom_persistence,0.573376476764679
400,winter,3,wind_speed_mean,anom_persistence,2.000779628753662
401,winter,3,wind_speed_mean,anom_persistence,1.4911794662475586
402,winter,3,wind_speed_mean,anom_persistence,0.46030193567276
403,winter,3,wind_speed_mean,anom_persistence,0.45587337017059326
404,winter,3,wind_speed_mean,anom_persistence,0.4363834857940674
405,winter,3,wind_speed_mean,anom_persistence,0.4992483854293823
406,winter,3,wind_speed_mean,anom_persistence,1.5670281648635864
407,winter,3,wind_speed_mean,anom_persistence,1.8673547506332397
408,winter,3,wind_speed_mean,anom_persistence,0.7889288663864136
409,winter,3,wind_speed_mean,anom_persistence,0.5452008843421936
500,winter,3,wind_speed_mean,anom_persistence,1.3571860790252686
501,winter,3,wind_speed_mean,anom_persistence,0.8550428152084351
502,winter,3,wind_speed_mean,anom_persistence,0.5932314395904541
503,winter,3,wind_speed_mean,anom_persistence,0.5219751596450806
504,winter,3,wind_speed_mean,anom_persistence,0.5875515341758728
505,winter,3,wind_speed_mean,anom_persistence,0.5141184329986572
506,winter,3,wind_speed_mean,anom_persistence,0.5391113758087158
507,winter,3,wind_speed_mean,anom_persistence,0.5945048928260803
508,winter,3,wind_speed_mean,anom_persistence,0.3297552168369293
509,winter,3,wind_speed_mean,anom_persistence,0.3842226266860962
600,winter,3,wind_speed_mean,anom_persistence,0.9575217366218567
601,winter,3,wind_speed_mean,anom_persistence,0.9418113231658936
602,winter,3,wind_speed_mean,anom_persistence,0.5349199175834656
603,winter,3,wind_speed_mean,anom_persistence,0.8092106580734253
604,winter,3,wind_speed_mean,anom_persistence,1.088332176208496
605,winter,3,wind_speed_mean,anom_persistence,0.8425828814506531
606,winter,3,wind_speed_mean,anom_persistence,0.5108433365821838
607,winter,3,wind_speed_mean,anom_persistence,0.35887736082077026
608,winter,3,wind_speed_mean,anom_persistence,0.3500279188156128
609,winter,3,wind_speed_mean,anom_persistence,0.24818055331707
700,winter,3,wind_speed_mean,anom_persistence,0.662792444229126
701,winter,3,wind_speed_mean,anom_persistence,0.7336679100990295
702,winter,3,wind_speed_mean,anom_persistence,0.7246586680412292
703,winter,3,wind_speed_mean,anom_persistence,0.9095242023468018
704,winter,3,wind_speed_mean,anom_persistence,0.4930213689804077
705,winter,3,wind_speed_mean,anom_persistence,0.7487462759017944
706,winter,3,wind_speed_mean,anom_persistence,0.7304704189300537
707,winter,3,wind_speed_mean,anom_persistence,0.715514600276947
708,winter,3,wind_speed_mean,anom_persistence,0.37008440494537354
709,winter,3,wind_speed_mean,anom_persistence,0.28346869349479675
800,winter,3,wind_speed_mean,anom_persistence,0.7161855697631836
801,winter,3,wind_speed_mean,anom_persistence,0.5879696011543274
802,winter,3,wind_speed_mean,anom_persistence,0.4736664593219757
803,winter,3,wind_speed_mean,anom_persistence,0.3407834768295288
804,winter,3,wind_speed_mean,anom_persistence,0.9886001944541931
805,winter,3,wind_speed_mean,anom_persistence,1.3138720989227295
806,winter,3,wind_speed_mean,anom_persistence,1.3601688146591187
807,winter,3,wind_speed_mean,anom_persistence,1.3645447492599487
808,winter,3,wind_speed_mean,anom_persistence,0.9901983737945557
809,winter,3,wind_speed_mean,anom_persistence,0.6106934547424316
900,winter,3,wind_speed_mean,anom_persistence,0.4951763153076172
901,winter,3,wind_speed_mean,anom_persistence,0.3284987211227417
902,winter,3,wind_speed_mean,anom_persistence,0.2833212912082672
903,winter,3,wind_speed_mean,anom_persistence,0.48773443698883057
904,winter,3,wind_speed_mean,anom_persistence,0.8796360492706299
905,winter,3,wind_speed_mean,anom_persistence,1.6481380462646484
906,winter,3,wind_speed_mean,anom_persistence,1.8261566162109375
907,winter,3,wind_speed_mean,anom_persistence,1.4691312313079834
908,winter,3,wind_speed_mean,anom_persistence,1.0199487209320068
909,winter,3,wind_speed_mean,anom_persistence,1.0637943744659424
1000,winter,3,wind_speed_mean,anom_persistence,0.704888641834259
1001,winter,3,wind_speed_mean,anom_persistence,0.2572003901004791
1002,winter,3,wind_speed_mean,anom_persistence,0.37622976303100586
1003,winter,3,wind_speed_mean,anom_persistence,0.336442232131958
1004,winter,3,wind_speed_mean,anom_persistence,0.7500973343849182
1005,winter,3,wind_speed_mean,anom_persistence,0.6392664313316345
1006,winter,3,wind_speed_mean,anom_persistence,1.1386182308197021
1007,winter,3,wind_speed_mean,anom_persistence,1.1548203229904175
1008,winter,3,wind_speed_mean,anom_persistence,1.0456132888793945
1009,winter,3,wind_speed_mean,anom_persistence,1.4136050939559937
0,pre_monsoon,3,wind_speed_mean,anom_persistence,1.349703311920166
1,pre_monsoon,3,wind_speed_mean,anom_persistence,1.1859698295593262
2,pre_monsoon,3,wind_speed_mean,anom_persistence,0.9316986799240112
3,pre_monsoon,3,wind_speed_mean,anom_persistence,1.7522556781768799
4,pre_monsoon,3,wind_speed_mean,anom_persistence,1.5242990255355835
5,pre_monsoon,3,wind_speed_mean,anom_persistence,2.298953056335449
6,pre_monsoon,3,wind_speed_mean,anom_persistence,2.1623542308807373
7,pre_monsoon,3,wind_speed_mean,anom_persistence,1.9375184774398804
8,pre_monsoon,3,wind_speed_mean,anom_persistence,1.9208970069885254
9,pre_monsoon,3,wind_speed_mean,anom_persistence,1.904088020324707
100,pre_monsoon,3,wind_speed_mean,anom_persistence,1.1881375312805176
101,pre_monsoon,3,wind_speed_mean,anom_persistence,1.037854552268982
102,pre_monsoon,3,wind_speed_mean,anom_persistence,0.7242859601974487
103,pre_monsoon,3,wind_speed_mean,anom_persistence,0.6358044147491455
104,pre_monsoon,3,wind_speed_mean,anom_persistence,1.9728071689605713
105,pre_monsoon,3,wind_speed_mean,anom_persistence,2.1359148025512695
106,pre_monsoon,3,wind_speed_mean,anom_persistence,2.112429141998291
107,pre_monsoon,3,wind_speed_mean,anom_persistence,1.9359204769134521
108,pre_monsoon,3,wind_speed_mean,anom_persistence,1.6677764654159546
109,pre_monsoon,3,wind_speed_mean,anom_persistence,1.6729484796524048
200,pre_monsoon,3,wind_speed_mean,anom_persistence,1.448091983795166
201,pre_monsoon,3,wind_speed_mean,anom_persistence,1.282456636428833
202,pre_monsoon,3,wind_speed_mean,anom_persistence,0.8139827847480774
203,pre_monsoon,3,wind_speed_mean,anom_persistence,0.6497985124588013
204,pre_monsoon,3,wind_speed_mean,anom_persistence,1.242687702178955
205,pre_monsoon,3,wind_speed_mean,anom_persistence,1.8322080373764038
206,pre_monsoon,3,wind_speed_mean,anom_persistence,2.2936291694641113
207,pre_monsoon,3,wind_speed_mean,anom_persistence,1.7898932695388794
208,pre_monsoon,3,wind_speed_mean,anom_persistence,1.361722469329834
209,pre_monsoon,3,wind_speed_mean,anom_persistence,1.2146263122558594
300,pre_monsoon,3,wind_speed_mean,anom_persistence,1.6517139673233032
301,pre_monsoon,3,wind_speed_mean,anom_persistence,1.412108302116394
302,pre_monsoon,3,wind_speed_mean,anom_persistence,0.8273427486419678
303,pre_monsoon,3,wind_speed_mean,anom_persistence,0.7021341919898987
304,pre_monsoon,3,wind_speed_mean,anom_persistence,0.6329373121261597
305,pre_monsoon,3,wind_speed_mean,anom_persistence,1.2904484272003174
306,pre_monsoon,3,wind_speed_mean,anom_persistence,1.8781229257583618
307,pre_monsoon,3,wind_speed_mean,anom_persistence,1.5885967016220093
308,pre_monsoon,3,wind_speed_mean,anom_persistence,1.1659519672393799
309,pre_monsoon,3,wind_speed_mean,anom_persistence,0.5169363021850586
400,pre_monsoon,3,wind_speed_mean,anom_persistence,1.195193886756897
401,pre_monsoon,3,wind_speed_mean,anom_persistence,1.0768827199935913
402,pre_monsoon,3,wind_speed_mean,anom_persistence,0.5946351885795593
403,pre_monsoon,3,wind_speed_mean,anom_persistence,0.6374571323394775
404,pre_monsoon,3,wind_speed_mean,anom_persistence,0.5578882098197937
405,pre_monsoon,3,wind_speed_mean,anom_persistence,0.6704828143119812
406,pre_monsoon,3,wind_speed_mean,anom_persistence,1.4832358360290527
407,pre_monsoon,3,wind_speed_mean,anom_persistence,1.2994812726974487
408,pre_monsoon,3,wind_speed_mean,anom_persistence,0.7384362816810608
409,pre_monsoon,3,wind_speed_mean,anom_persistence,0.5724361538887024
500,pre_monsoon,3,wind_speed_mean,anom_persistence,1.2476677894592285
501,pre_monsoon,3,wind_speed_mean,anom_persistence,0.8834336400032043
502,pre_monsoon,3,wind_speed_mean,anom_persistence,0.7716749310493469
503,pre_monsoon,3,wind_speed_mean,anom_persistence,0.6944493651390076
504,pre_monsoon,3,wind_speed_mean,anom_persistence,0.5937448143959045
505,pre_monsoon,3,wind_speed_mean,anom_persistence,0.6182119846343994
506,pre_monsoon,3,wind_speed_mean,anom_persistence,0.7527579665184021
507,pre_monsoon,3,wind_speed_mean,anom_persistence,0.7076320648193359
508,pre_monsoon,3,wind_speed_mean,anom_persistence,0.39626070857048035
509,pre_monsoon,3,wind_speed_mean,anom_persistence,0.4682776927947998
600,pre_monsoon,3,wind_speed_mean,anom_persistence,1.401066541671753
601,pre_monsoon,3,wind_speed_mean,anom_persistence,1.3429542779922485
602,pre_monsoon,3,wind_speed_mean,anom_persistence,0.9036417007446289
603,pre_monsoon,3,wind_speed_mean,anom_persistence,0.8083798289299011
604,pre_monsoon,3,wind_speed_mean,anom_persistence,1.0076338052749634
605,pre_monsoon,3,wind_speed_mean,anom_persistence,0.9466041922569275
606,pre_monsoon,3,wind_speed_mean,anom_persistence,0.6510946750640869
607,pre_monsoon,3,wind_speed_mean,anom_persistence,0.4152401089668274
608,pre_monsoon,3,wind_speed_mean,anom_persistence,0.38891923427581787
609,pre_monsoon,3,wind_speed_mean,anom_persistence,0.27686014771461487
700,pre_monsoon,3,wind_speed_mean,anom_persistence,0.9523946046829224
701,pre_monsoon,3,wind_speed_mean,anom_persistence,1.0520756244659424
702,pre_monsoon,3,wind_speed_mean,anom_persistence,1.0313684940338135
703,pre_monsoon,3,wind_speed_mean,anom_persistence,0.7600176930427551
704,pre_monsoon,3,wind_speed_mean,anom_persistence,0.3933335542678833
705,pre_monsoon,3,wind_speed_mean,anom_persistence,0.5198243260383606
706,pre_monsoon,3,wind_speed_mean,anom_persistence,0.6974232196807861
707,pre_monsoon,3,wind_speed_mean,anom_persistence,0.6415817737579346
708,pre_monsoon,3,wind_speed_mean,anom_persistence,0.2819679379463196
709,pre_monsoon,3,wind_speed_mean,anom_persistence,0.2296578735113144
800,pre_monsoon,3,wind_speed_mean,anom_persistence,0.9663115739822388
801,pre_monsoon,3,wind_speed_mean,anom_persistence,0.8184303641319275
802,pre_monsoon,3,wind_speed_mean,anom_persistence,0.6913403272628784
803,pre_monsoon,3,wind_speed_mean,anom_persistence,0.3136344850063324
804,pre_monsoon,3,wind_speed_mean,anom_persistence,0.7447357177734375
805,pre_monsoon,3,wind_speed_mean,anom_persistence,1.0386946201324463
806,pre_monsoon,3,wind_speed_mean,anom_persistence,1.0877999067306519
807,pre_monsoon,3,wind_speed_mean,anom_persistence,1.1831583976745605
808,pre_monsoon,3,wind_speed_mean,anom_persistence,0.8780227899551392
809,pre_monsoon,3,wind_speed_mean,anom_persistence,0.619640588760376
900,pre_monsoon,3,wind_speed_mean,anom_persistence,0.4344332218170166
901,pre_monsoon,3,wind_speed_mean,anom_persistence,0.3163147568702698
902,pre_monsoon,3,wind_speed_mean,anom_persistence,0.25091221928596497
903,pre_monsoon,3,wind_speed_mean,anom_persistence,0.46745428442955017
904,pre_monsoon,3,wind_speed_mean,anom_persistence,0.8114256262779236
905,pre_monsoon,3,wind_speed_mean,anom_persistence,1.306146264076233
906,pre_monsoon,3,wind_speed_mean,anom_persistence,1.3287490606307983
907,pre_monsoon,3,wind_speed_mean,anom_persistence,1.2002503871917725
908,pre_monsoon,3,wind_speed_mean,anom_persistence,0.982585072517395
909,pre_monsoon,3,wind_speed_mean,anom_persistence,1.1148545742034912
1000,pre_monsoon,3,wind_speed_mean,anom_persistence,0.8031776547431946
1001,pre_monsoon,3,wind_speed_mean,anom_persistence,0.21587084233760834
1002,pre_monsoon,3,wind_speed_mean,anom_persistence,0.3778432607650757
1003,pre_monsoon,3,wind_speed_mean,anom_persistence,0.5522721409797668
1004,pre_monsoon,3,wind_speed_mean,anom_persistence,1.2306474447250366
1005,pre_monsoon,3,wind_speed_mean,anom_persistence,0.6781384944915771
1006,pre_monsoon,3,wind_speed_mean,anom_persistence,1.2023166418075562
1007,pre_monsoon,3,wind_speed_mean,anom_persistence,1.1433268785476685
1008,pre_monsoon,3,wind_speed_mean,anom_persistence,1.3449368476867676
1009,pre_monsoon,3,wind_speed_mean,anom_persistence,1.629250407218933
0,monsoon,3,wind_speed_mean,anom_persistence,1.3638287782669067
1,monsoon,3,wind_speed_mean,anom_persistence,1.391831874847412
2,monsoon,3,wind_speed_mean,anom_persistence,1.3114619255065918
3,monsoon,3,wind_speed_mean,anom_persistence,1.218037724494934
4,monsoon,3,wind_speed_mean,anom_persistence,1.2789368629455566
5,monsoon,3,wind_speed_mean,anom_persistence,1.7586053609848022
6,monsoon,3,wind_speed_mean,anom_persistence,1.8567430973052979
7,monsoon,3,wind_speed_mean,anom_persistence,1.8677349090576172
8,monsoon,3,wind_speed_mean,anom_persistence,1.7601103782653809
9,monsoon,3,wind_speed_mean,anom_persistence,1.8632471561431885
100,monsoon,3,wind_speed_mean,anom_persistence,1.422940731048584
101,monsoon,3,wind_speed_mean,anom_persistence,1.633077621459961
102,monsoon,3,wind_speed_mean,anom_persistence,1.2304227352142334
103,monsoon,3,wind_speed_mean,anom_persistence,0.7353608012199402
104,monsoon,3,wind_speed_mean,anom_persistence,1.446338415145874
105,monsoon,3,wind_speed_mean,anom_persistence,1.7217737436294556
106,monsoon,3,wind_speed_mean,anom_persistence,1.9135104417800903
107,monsoon,3,wind_speed_mean,anom_persistence,2.059854030609131
108,monsoon,3,wind_speed_mean,anom_persistence,2.088196277618408
109,monsoon,3,wind_speed_mean,anom_persistence,1.8900306224822998
200,monsoon,3,wind_speed_mean,anom_persistence,1.830241084098816
201,monsoon,3,wind_speed_mean,anom_persistence,1.8579529523849487
202,monsoon,3,wind_speed_mean,anom_persistence,1.0687923431396484
203,monsoon,3,wind_speed_mean,anom_persistence,0.9983456134796143
204,monsoon,3,wind_speed_mean,anom_persistence,1.4276044368743896
205,monsoon,3,wind_speed_mean,anom_persistence,1.8202108144760132
206,monsoon,3,wind_speed_mean,anom_persistence,2.0267953872680664
207,monsoon,3,wind_speed_mean,anom_persistence,2.029576063156128
208,monsoon,3,wind_speed_mean,anom_persistence,1.9111857414245605
209,monsoon,3,wind_speed_mean,anom_persistence,1.8517396450042725
300,monsoon,3,wind_speed_mean,anom_persistence,2.1824557781219482
301,monsoon,3,wind_speed_mean,anom_persistence,1.71747624874115
302,monsoon,3,wind_speed_mean,anom_persistence,1.117421269416809
303,monsoon,3,wind_speed_mean,anom_persistence,1.0199098587036133
304,monsoon,3,wind_speed_mean,anom_persistence,0.9051167368888855
305,monsoon,3,wind_speed_mean,anom_persistence,1.8409761190414429
306,monsoon,3,wind_speed_mean,anom_persistence,2.156104803085327
307,monsoon,3,wind_speed_mean,anom_persistence,2.0841588973999023
308,monsoon,3,wind_speed_mean,anom_persistence,1.8560011386871338
309,monsoon,3,wind_speed_mean,anom_persistence,0.8859425783157349
400,monsoon,3,wind_speed_mean,anom_persistence,1.9679673910140991
401,monsoon,3,wind_speed_mean,anom_persistence,1.4315944910049438
402,monsoon,3,wind_speed_mean,anom_persistence,1.0190050601959229
403,monsoon,3,wind_speed_mean,anom_persistence,0.8797228336334229
404,monsoon,3,wind_speed_mean,anom_persistence,0.7494603991508484
405,monsoon,3,wind_speed_mean,anom_persistence,0.7870814800262451
406,monsoon,3,wind_speed_mean,anom_persistence,1.8149266242980957
407,monsoon,3,wind_speed_mean,anom_persistence,2.6090078353881836
408,monsoon,3,wind_speed_mean,anom_persistence,1.3628486394882202
409,monsoon,3,wind_speed_mean,anom_persistence,0.7976886630058289
500,monsoon,3,wind_speed_mean,anom_persistence,1.785490870475769
501,monsoon,3,wind_speed_mean,anom_persistence,1.1971807479858398
502,monsoon,3,wind_speed_mean,anom_persistence,1.0454243421554565
503,monsoon,3,wind_speed_mean,anom_persistence,0.9550524950027466
504,monsoon,3,wind_speed_mean,anom_persistence,0.8457352519035339
505,monsoon,3,wind_speed_mean,anom_persistence,1.0502190589904785
506,monsoon,3,wind_speed_mean,anom_persistence,1.1150879859924316
507,monsoon,3,wind_speed_mean,anom_persistence,1.1863281726837158
508,monsoon,3,wind_speed_mean,anom_persistence,0.5180191397666931
509,monsoon,3,wind_speed_mean,anom_persistence,0.7169948220252991
600,monsoon,3,wind_speed_mean,anom_persistence,1.4123783111572266
601,monsoon,3,wind_speed_mean,anom_persistence,1.3238005638122559
602,monsoon,3,wind_speed_mean,anom_persistence,0.9730641841888428
603,monsoon,3,wind_speed_mean,anom_persistence,0.8499932289123535
604,monsoon,3,wind_speed_mean,anom_persistence,1.040854573249817
605,monsoon,3,wind_speed_mean,anom_persistence,1.0012480020523071
606,monsoon,3,wind_speed_mean,anom_persistence,0.8043881058692932
607,monsoon,3,wind_speed_mean,anom_persistence,0.4874834418296814
608,monsoon,3,wind_speed_mean,anom_persistence,0.3979087173938751
609,monsoon,3,wind_speed_mean,anom_persistence,0.31999471783638
700,monsoon,3,wind_speed_mean,anom_persistence,0.8038376569747925
701,monsoon,3,wind_speed_mean,anom_persistence,0.9487784504890442
702,monsoon,3,wind_speed_mean,anom_persistence,0.8684464693069458
703,monsoon,3,wind_speed_mean,anom_persistence,0.6849097609519958
704,monsoon,3,wind_speed_mean,anom_persistence,0.3590447008609772
705,monsoon,3,wind_speed_mean,anom_persistence,0.44850432872772217
706,monsoon,3,wind_speed_mean,anom_persistence,0.4784206748008728
707,monsoon,3,wind_speed_mean,anom_persistence,0.47919905185699463
708,monsoon,3,wind_speed_mean,anom_persistence,0.31059062480926514
709,monsoon,3,wind_speed_mean,anom_persistence,0.26203325390815735
800,monsoon,3,wind_speed_mean,anom_persistence,0.5293978452682495
801,monsoon,3,wind_speed_mean,anom_persistence,0.6554151773452759
802,monsoon,3,wind_speed_mean,anom_persistence,0.4372546076774597
803,monsoon,3,wind_speed_mean,anom_persistence,0.29144781827926636
804,monsoon,3,wind_speed_mean,anom_persistence,0.678290605545044
805,monsoon,3,wind_speed_mean,anom_persistence,0.7106570601463318
806,monsoon,3,wind_speed_mean,anom_persistence,0.7329967021942139
807,monsoon,3,wind_speed_mean,anom_persistence,0.8224484920501709
808,monsoon,3,wind_speed_mean,anom_persistence,0.691797137260437
809,monsoon,3,wind_speed_mean,anom_persistence,0.513493537902832
900,monsoon,3,wind_speed_mean,anom_persistence,0.3216913342475891
901,monsoon,3,wind_speed_mean,anom_persistence,0.21771973371505737
902,monsoon,3,wind_speed_mean,anom_persistence,0.19409598410129547
903,monsoon,3,wind_speed_mean,anom_persistence,0.3477822542190552
904,monsoon,3,wind_speed_mean,anom_persistence,0.5269896984100342
905,monsoon,3,wind_speed_mean,anom_persistence,0.8444320559501648
906,monsoon,3,wind_speed_mean,anom_persistence,0.9898471832275391
907,monsoon,3,wind_speed_mean,anom_persistence,0.84576416015625
908,monsoon,3,wind_speed_mean,anom_persistence,0.7489052414894104
909,monsoon,3,wind_speed_mean,anom_persistence,0.8179217576980591
1000,monsoon,3,wind_speed_mean,anom_persistence,0.4926033318042755
1001,monsoon,3,wind_speed_mean,anom_persistence,0.15649385750293732
1002,monsoon,3,wind_speed_mean,anom_persistence,0.25660499930381775
1003,monsoon,3,wind_speed_mean,anom_persistence,0.39235758781433105
1004,monsoon,3,wind_speed_mean,anom_persistence,1.0537065267562866
1005,monsoon,3,wind_speed_mean,anom_persistence,0.6636797785758972
1006,monsoon,3,wind_speed_mean,anom_persistence,0.7606118321418762
1007,monsoon,3,wind_speed_mean,anom_persistence,0.7627385258674622
1008,monsoon,3,wind_speed_mean,anom_persistence,1.1494170427322388
1009,monsoon,3,wind_speed_mean,anom_persistence,1.2696691751480103
0,post_monsoon,3,wind_speed_mean,anom_persistence,2.1349852085113525
1,post_monsoon,3,wind_speed_mean,anom_persistence,1.815706729888916
2,post_monsoon,3,wind_speed_mean,anom_persistence,1.8034765720367432
3,post_monsoon,3,wind_speed_mean,anom_persistence,1.7510350942611694
4,post_monsoon,3,wind_speed_mean,anom_persistence,1.6458426713943481
5,post_monsoon,3,wind_speed_mean,anom_persistence,2.550562858581543
6,post_monsoon,3,wind_speed_mean,anom_persistence,2.941127300262451
7,post_monsoon,3,wind_speed_mean,anom_persistence,2.7229604721069336
8,post_monsoon,3,wind_speed_mean,anom_persistence,2.5288350582122803
9,post_monsoon,3,wind_speed_mean,anom_persistence,2.5616283416748047
100,post_monsoon,3,wind_speed_mean,anom_persistence,2.367776870727539
101,post_monsoon,3,wind_speed_mean,anom_persistence,2.1350152492523193
102,post_monsoon,3,wind_speed_mean,anom_persistence,1.155534029006958
103,post_monsoon,3,wind_speed_mean,anom_persistence,0.8258621692657471
104,post_monsoon,3,wind_speed_mean,anom_persistence,2.178255558013916
105,post_monsoon,3,wind_speed_mean,anom_persistence,2.6979799270629883
106,post_monsoon,3,wind_speed_mean,anom_persistence,2.7614235877990723
107,post_monsoon,3,wind_speed_mean,anom_persistence,2.600722551345825
108,post_monsoon,3,wind_speed_mean,anom_persistence,2.594193935394287
109,post_monsoon,3,wind_speed_mean,anom_persistence,2.4415979385375977
200,post_monsoon,3,wind_speed_mean,anom_persistence,2.231522560119629
201,post_monsoon,3,wind_speed_mean,anom_persistence,2.091160535812378
202,post_monsoon,3,wind_speed_mean,anom_persistence,1.037656545639038
203,post_monsoon,3,wind_speed_mean,anom_persistence,0.9123440980911255
204,post_monsoon,3,wind_speed_mean,anom_persistence,2.438450574874878
205,post_monsoon,3,wind_speed_mean,anom_persistence,2.9273149967193604
206,post_monsoon,3,wind_speed_mean,anom_persistence,2.8297715187072754
207,post_monsoon,3,wind_speed_mean,anom_persistence,2.628669261932373
208,post_monsoon,3,wind_speed_mean,anom_persistence,2.347308397293091
209,post_monsoon,3,wind_speed_mean,anom_persistence,2.0614588260650635
300,post_monsoon,3,wind_speed_mean,anom_persistence,1.556120753288269
301,post_monsoon,3,wind_speed_mean,anom_persistence,1.650816559791565
302,post_monsoon,3,wind_speed_mean,anom_persistence,0.6540324687957764
303,post_monsoon,3,wind_speed_mean,anom_persistence,0.742172360420227
304,post_monsoon,3,wind_speed_mean,anom_persistence,1.1908683776855469
305,post_monsoon,3,wind_speed_mean,anom_persistence,2.497979164123535
306,post_monsoon,3,wind_speed_mean,anom_persistence,2.6072378158569336
307,post_monsoon,3,wind_speed_mean,anom_persistence,2.3930838108062744
308,post_monsoon,3,wind_speed_mean,anom_persistence,1.6474785804748535
309,post_monsoon,3,wind_speed_mean,anom_persistence,0.8550147414207458
400,post_monsoon,3,wind_speed_mean,anom_persistence,1.6573328971862793
401,post_monsoon,3,wind_speed_mean,anom_persistence,1.0996800661087036
402,post_monsoon,3,wind_speed_mean,anom_persistence,0.560130774974823
403,post_monsoon,3,wind_speed_mean,anom_persistence,0.5817152857780457
404,post_monsoon,3,wind_speed_mean,anom_persistence,0.8301038146018982
405,post_monsoon,3,wind_speed_mean,anom_persistence,0.8786969184875488
406,post_monsoon,3,wind_speed_mean,anom_persistence,1.7837483882904053
407,post_monsoon,3,wind_speed_mean,anom_persistence,1.775449275970459
408,post_monsoon,3,wind_speed_mean,anom_persistence,0.74579256772995
409,post_monsoon,3,wind_speed_mean,anom_persistence,0.4879191815853119
500,post_monsoon,3,wind_speed_mean,anom_persistence,1.2734498977661133
501,post_monsoon,3,wind_speed_mean,anom_persistence,0.8524169325828552
502,post_monsoon,3,wind_speed_mean,anom_persistence,0.8073186874389648
503,post_monsoon,3,wind_speed_mean,anom_persistence,0.7194117903709412
504,post_monsoon,3,wind_speed_mean,anom_persistence,0.7042579650878906
505,post_monsoon,3,wind_speed_mean,anom_persistence,0.8129231333732605
506,post_monsoon,3,wind_speed_mean,anom_persistence,0.6944895386695862
507,post_monsoon,3,wind_speed_mean,anom_persistence,0.575486958026886
508,post_monsoon,3,wind_speed_mean,anom_persistence,0.2457679659128189
509,post_monsoon,3,wind_speed_mean,anom_persistence,0.38068193197250366
600,post_monsoon,3,wind_speed_mean,anom_persistence,1.0775809288024902
601,post_monsoon,3,wind_speed_mean,anom_persistence,1.092529296875
602,post_monsoon,3,wind_speed_mean,anom_persistence,0.7507609128952026
603,post_monsoon,3,wind_speed_mean,anom_persistence,0.6380656361579895
604,post_monsoon,3,wind_speed_mean,anom_persistence,0.773632287979126
605,post_monsoon,3,wind_speed_mean,anom_persistence,0.7417600750923157
606,post_monsoon,3,wind_speed_mean,anom_persistence,0.5247187614440918
607,post_monsoon,3,wind_speed_mean,anom_persistence,0.3707965612411499
608,post_monsoon,3,wind_speed_mean,anom_persistence,0.23465055227279663
609,post_monsoon,3,wind_speed_mean,anom_persistence,0.19372539222240448
700,post_monsoon,3,wind_speed_mean,anom_persistence,0.45567554235458374
701,post_monsoon,3,wind_speed_mean,anom_persistence,0.5582433342933655
702,post_monsoon,3,wind_speed_mean,anom_persistence,0.48167842626571655
703,post_monsoon,3,wind_speed_mean,anom_persistence,0.3928687572479248
704,post_monsoon,3,wind_speed_mean,anom_persistence,0.26757490634918213
705,post_monsoon,3,wind_speed_mean,anom_persistence,0.40507638454437256
706,post_monsoon,3,wind_speed_mean,anom_persistence,0.4982350766658783
707,post_monsoon,3,wind_speed_mean,anom_persistence,0.5402235984802246
708,post_monsoon,3,wind_speed_mean,anom_persistence,0.33407628536224365
709,post_monsoon,3,wind_speed_mean,anom_persistence,0.25317442417144775
800,post_monsoon,3,wind_speed_mean,anom_persistence,0.4093182384967804
801,post_monsoon,3,wind_speed_mean,anom_persistence,0.3678857386112213
802,post_monsoon,3,wind_speed_mean,anom_persistence,0.2738950550556183
803,post_monsoon,3,wind_speed_mean,anom_persistence,0.232993021607399
804,post_monsoon,3,wind_speed_mean,anom_persistence,0.6474435329437256
805,post_monsoon,3,wind_speed_mean,anom_persistence,0.806926429271698
806,post_monsoon,3,wind_speed_mean,anom_persistence,0.7950089573860168
807,post_monsoon,3,wind_speed_mean,anom_persistence,0.957367479801178
808,post_monsoon,3,wind_speed_mean,anom_persistence,0.7701670527458191
809,post_monsoon,3,wind_speed_mean,anom_persistence,0.579766035079956
900,post_monsoon,3,wind_speed_mean,anom_persistence,0.23996837437152863
901,post_monsoon,3,wind_speed_mean,anom_persistence,0.1739705204963684
902,post_monsoon,3,wind_speed_mean,anom_persistence,0.17889755964279175
903,post_monsoon,3,wind_speed_mean,anom_persistence,0.373244047164917
904,post_monsoon,3,wind_speed_mean,anom_persistence,0.5617262721061707
905,post_monsoon,3,wind_speed_mean,anom_persistence,0.9386984705924988
906,post_monsoon,3,wind_speed_mean,anom_persistence,1.1669877767562866
907,post_monsoon,3,wind_speed_mean,anom_persistence,1.037153959274292
908,post_monsoon,3,wind_speed_mean,anom_persistence,0.7546679377555847
909,post_monsoon,3,wind_speed_mean,anom_persistence,0.8118759989738464
1000,post_monsoon,3,wind_speed_mean,anom_persistence,0.34606289863586426
1001,post_monsoon,3,wind_speed_mean,anom_persistence,0.15263742208480835
1002,post_monsoon,3,wind_speed_mean,anom_persistence,0.27656763792037964
1003,post_monsoon,3,wind_speed_mean,anom_persistence,0.3146194517612457
1004,post_monsoon,3,wind_speed_mean,anom_persistence,0.5744742751121521
1005,post_monsoon,3,wind_speed_mean,anom_persistence,0.5392075181007385
1006,post_monsoon,3,wind_speed_mean,anom_persistence,0.9274663925170898
1007,post_monsoon,3,wind_speed_mean,anom_persistence,0.915924608707428
1008,post_monsoon,3,wind_speed_mean,anom_persistence,0.7953616976737976
1009,post_monsoon,3,wind_speed_mean,anom_persistence,1.215116262435913
