date,state,state_type,daily_actual_mm,daily_normal_mm,daily_departure_pct,daily_category,weekly_actual_mm,weekly_normal_mm,weekly_departure_pct,weekly_category,cumulative_actual_mm,cumulative_normal_mm,cumulative_departue_pct,cumulative_category,monthly_actual_mm,monthly_normal_mm,monthly_departure_pct,monthly_category
2026-08-19,ANDAMAN & NICOBAR (UT),state_ut,4.1,12.9,-68.0,large_deficient,41.5,77.3,-46.0,deficient,1062.7,1038.7,2.0,normal,238.1,234.1,2.0,normal
2026-08-20,ANDAMAN & NICOBAR (UT),state_ut,23.5,11.9,97.0,large_excess,41.5,77.3,-46.0,deficient,1086.2,1050.6,3.0,normal,261.6,246.0,6.0,normal
2026-08-21,ANDAMAN & NICOBAR (UT),state_ut,30.7,12.4,148.0,large_excess,41.5,77.3,-46.0,deficient,1116.9,1063.0,5.0,normal,292.3,258.4,13.0,normal
2026-08-22,ANDAMAN & NICOBAR (UT),state_ut,46.8,11.6,303.0,large_excess,41.5,77.3,-46.0,deficient,1163.7,1074.6,8.0,normal,339.1,270.0,26.0,excess
2026-08-23,ANDAMAN & NICOBAR (UT),state_ut,9.8,15.1,-35.0,deficient,41.5,77.3,-46.0,deficient,1173.5,1089.7,8.0,normal,348.9,285.1,22.0,excess
2026-08-24,ANDAMAN & NICOBAR (UT),state_ut,9.2,12.7,-28.0,deficient,41.5,77.3,-46.0,deficient,1182.6,1102.4,7.0,normal,358.0,297.8,20.0,excess
2026-08-25,ANDAMAN & NICOBAR (UT),state_ut,7.5,12.3,-39.0,deficient,41.5,77.3,-46.0,deficient,1190.2,1114.7,7.0,normal,365.6,310.1,18.0,normal
2026-08-26,ANDAMAN & NICOBAR (UT),state_ut,10.3,15.7,-35.0,deficient,137.7,91.7,50.0,excess,1200.4,1130.4,6.0,normal,375.8,325.8,15.0,normal
2026-08-27,ANDAMAN & NICOBAR (UT),state_ut,29.4,16.9,74.0,large_excess,137.7,91.7,50.0,excess,1229.9,1147.3,7.0,normal,405.3,342.7,18.0,normal
2026-08-28,ANDAMAN & NICOBAR (UT),state_ut,15.0,15.0,0.0,normal,137.7,91.7,50.0,excess,1244.9,1162.3,7.0,normal,420.3,357.7,17.0,normal
2026-08-29,ANDAMAN & NICOBAR (UT),state_ut,6.8,12.4,-45.0,deficient,137.7,91.7,50.0,excess,1251.7,1174.7,7.0,normal,427.1,370.1,15.0,normal
2026-08-30,ANDAMAN & NICOBAR (UT),state_ut,6.2,13.1,-53.0,deficient,137.7,91.7,50.0,excess,1257.8,1187.8,6.0,normal,433.2,383.2,13.0,normal
2026-08-31,ANDAMAN & NICOBAR (UT),state_ut,2.6,14.4,-82.0,large_deficient,137.7,91.7,50.0,excess,1260.4,1202.2,5.0,normal,435.8,397.6,10.0,normal
2026-09-01,ANDAMAN & NICOBAR (UT),state_ut,1.5,14.3,-90.0,large_deficient,137.7,91.7,50.0,excess,1261.9,1216.5,4.0,normal,435.8,397.6,10.0,normal
2026-09-02,ANDAMAN & NICOBAR (UT),state_ut,2.7,13.0,-80.0,large_deficient,64.1,99.1,-35.0,deficient,1264.6,1229.5,3.0,normal,4.1,27.3,-85.0,large_deficient
2026-09-03,ANDAMAN & NICOBAR (UT),state_ut,1.2,13.0,-91.0,large_deficient,64.1,99.1,-35.0,deficient,1265.7,1242.5,2.0,normal,5.3,40.3,-87.0,large_deficient
2026-09-04,ANDAMAN & NICOBAR (UT),state_ut,1.5,14.2,-89.0,large_deficient,64.1,99.1,-35.0,deficient,1267.3,1256.7,1.0,normal,6.8,54.5,-87.0,large_deficient
2026-09-05,ANDAMAN & NICOBAR (UT),state_ut,8.1,13.1,-38.0,deficient,64.1,99.1,-35.0,deficient,1275.4,1269.8,0.0,normal,14.9,67.6,-78.0,large_deficient
2026-09-06,ANDAMAN & NICOBAR (UT),state_ut,21.7,12.5,74.0,large_excess,64.1,99.1,-35.0,deficient,1297.1,1282.3,1.0,normal,36.7,80.1,-54.0,deficient
2026-09-07,ANDAMAN & NICOBAR (UT),state_ut,28.0,16.5,69.0,large_excess,64.1,99.1,-35.0,deficient,1325.1,1298.8,2.0,normal,64.6,96.6,-33.0,deficient
2026-09-08,ANDAMAN & NICOBAR (UT),state_ut,59.1,14.1,319.0,large_excess,64.1,99.1,-35.0,deficient,1384.2,1312.9,5.0,normal,123.8,110.7,12.0,normal
2026-09-09,ANDAMAN & NICOBAR (UT),state_ut,41.0,15.9,158.0,large_excess,160.7,99.3,62.0,large_excess,1425.2,1328.8,7.0,normal,164.8,126.6,30.0,excess
2026-09-10,ANDAMAN & NICOBAR (UT),state_ut,21.8,12.7,72.0,large_excess,160.7,99.3,62.0,large_excess,1447.0,1341.5,8.0,normal,186.6,139.3,34.0,excess
2026-09-11,ANDAMAN & NICOBAR (UT),state_ut,20.1,11.3,78.0,large_excess,160.7,99.3,62.0,large_excess,1467.1,1352.8,8.0,normal,206.7,150.6,37.0,excess
2026-09-12,ANDAMAN & NICOBAR (UT),state_ut,9.3,12.8,-28.0,deficient,160.7,99.3,62.0,large_excess,1476.4,1365.6,8.0,normal,215.9,163.4,32.0,excess
2026-09-13,ANDAMAN & NICOBAR (UT),state_ut,6.8,15.1,-55.0,deficient,160.7,99.3,62.0,large_excess,1483.1,1380.7,7.0,normal,222.7,178.5,25.0,excess
2026-09-14,ANDAMAN & NICOBAR (UT),state_ut,1.2,13.7,-91.0,large_deficient,160.7,99.3,62.0,large_excess,1484.3,1394.4,6.0,normal,223.9,192.2,16.0,normal
2026-09-15,ANDAMAN & NICOBAR (UT),state_ut,4.8,16.0,-70.0,large_deficient,160.7,99.3,62.0,large_excess,1489.1,1410.4,6.0,normal,228.6,208.2,10.0,normal
2026-09-16,ANDAMAN & NICOBAR (UT),state_ut,23.1,14.2,63.0,large_excess,86.9,95.8,-9.0,normal,1512.2,1424.6,6.0,normal,251.7,222.4,13.0,normal
2026-09-17,ANDAMAN & NICOBAR (UT),state_ut,5.8,16.3,-64.0,large_deficient,86.9,95.8,-9.0,normal,1518.0,1440.9,5.0,normal,257.5,238.7,8.0,normal
2026-09-18,ANDAMAN & NICOBAR (UT),state_ut,34.8,17.3,101.0,large_excess,86.9,95.8,-9.0,normal,1552.8,1458.2,6.0,normal,292.3,256.0,14.0,normal
2026-09-19,ANDAMAN & NICOBAR (UT),state_ut,31.9,18.5,73.0,large_excess,86.9,95.8,-9.0,normal,1584.7,1476.7,7.0,normal,324.3,274.5,18.0,normal
2026-09-20,ANDAMAN & NICOBAR (UT),state_ut,22.2,17.4,28.0,excess,86.9,95.8,-9.0,normal,1606.9,1494.1,8.0,normal,346.5,291.9,19.0,normal
2026-09-21,ANDAMAN & NICOBAR (UT),state_ut,18.0,14.9,21.0,excess,86.9,95.8,-9.0,normal,1625.0,1509.0,8.0,normal,364.5,306.8,19.0,normal
2026-09-22,ANDAMAN & NICOBAR (UT),state_ut,20.6,13.3,55.0,excess,86.9,95.8,-9.0,normal,1645.6,1522.3,8.0,normal,385.2,320.1,20.0,excess
2026-09-23,ANDAMAN & NICOBAR (UT),state_ut,47.8,9.6,398.0,large_excess,181.2,107.3,69.0,large_excess,1693.4,1531.9,11.0,normal,433.0,329.7,31.0,excess
2026-09-24,ANDAMAN & NICOBAR (UT),state_ut,42.3,10.0,323.0,large_excess,181.2,107.3,69.0,large_excess,1735.7,1541.9,13.0,normal,475.3,339.7,40.0,excess
2026-08-19,ANDHRA PRADESH,state_ut,1.7,3.9,-56.0,deficient,9.8,31.4,-69.0,large_deficient,192.3,311.2,-38.0,deficient,46.4,86.0,-46.0,deficient
2026-08-20,ANDHRA PRADESH,state_ut,1.0,4.8,-79.0,large_deficient,9.8,31.4,-69.0,large_deficient,193.4,316.0,-39.0,deficient,47.4,90.8,-48.0,deficient
2026-08-21,ANDHRA PRADESH,state_ut,0.9,4.9,-81.0,large_deficient,9.8,31.4,-69.0,large_deficient,194.3,320.9,-39.0,deficient,48.4,95.7,-49.0,deficient
2026-08-22,ANDHRA PRADESH,state_ut,0.9,5.8,-84.0,large_deficient,9.8,31.4,-69.0,large_deficient,195.2,326.7,-40.0,deficient,49.3,101.5,-51.0,deficient
2026-08-23,ANDHRA PRADESH,state_ut,6.3,5.0,26.0,excess,9.8,31.4,-69.0,large_deficient,201.5,331.7,-39.0,deficient,55.6,106.5,-48.0,deficient
2026-08-24,ANDHRA PRADESH,state_ut,5.2,5.2,0.0,normal,9.8,31.4,-69.0,large_deficient,206.7,336.9,-39.0,deficient,60.8,111.7,-46.0,deficient
2026-08-25,ANDHRA PRADESH,state_ut,4.0,4.6,-12.0,normal,9.8,31.4,-69.0,large_deficient,210.7,341.5,-38.0,deficient,64.8,116.3,-44.0,deficient
2026-08-26,ANDHRA PRADESH,state_ut,0.9,5.2,-83.0,large_deficient,19.3,35.5,-46.0,deficient,211.6,346.7,-39.0,deficient,65.7,121.5,-46.0,deficient
2026-08-27,ANDHRA PRADESH,state_ut,1.0,5.4,-81.0,large_deficient,19.3,35.5,-46.0,deficient,212.6,352.1,-40.0,deficient,66.7,126.9,-47.0,deficient
2026-08-28,ANDHRA PRADESH,state_ut,0.3,3.9,-92.0,large_deficient,19.3,35.5,-46.0,deficient,212.9,356.0,-40.0,deficient,67.0,130.8,-49.0,deficient
2026-08-29,ANDHRA PRADESH,state_ut,0.3,4.3,-92.0,large_deficient,19.3,35.5,-46.0,deficient,213.3,360.3,-41.0,deficient,67.4,135.1,-50.0,deficient
2026-08-30,ANDHRA PRADESH,state_ut,0.6,4.6,-88.0,large_deficient,19.3,35.5,-46.0,deficient,213.8,364.9,-41.0,deficient,67.9,139.7,-51.0,deficient
2026-08-31,ANDHRA PRADESH,state_ut,1.0,4.6,-79.0,large_deficient,19.3,35.5,-46.0,deficient,214.8,369.5,-42.0,deficient,68.9,144.3,-52.0,deficient
2026-09-01,ANDHRA PRADESH,state_ut,0.2,4.1,-96.0,large_deficient,19.3,35.5,-46.0,deficient,215.0,373.6,-42.0,deficient,68.9,144.3,-52.0,deficient
2026-09-02,ANDHRA PRADESH,state_ut,0.4,5.0,-92.0,large_deficient,3.7,31.9,-88.0,large_deficient,215.4,378.6,-43.0,deficient,0.6,9.1,-94.0,large_deficient
2026-09-03,ANDHRA PRADESH,state_ut,1.2,4.6,-74.0,large_deficient,3.7,31.9,-88.0,large_deficient,216.6,383.2,-43.0,deficient,1.8,13.7,-87.0,large_deficient
2026-09-04,ANDHRA PRADESH,state_ut,1.6,4.9,-68.0,large_deficient,3.7,31.9,-88.0,large_deficient,218.1,388.1,-44.0,deficient,3.3,18.6,-82.0,large_deficient
2026-09-05,ANDHRA PRADESH,state_ut,0.7,4.4,-84.0,large_deficient,3.7,31.9,-88.0,large_deficient,218.8,392.5,-44.0,deficient,4.0,23.0,-82.0,large_deficient
2026-09-06,ANDHRA PRADESH,state_ut,1.1,3.9,-71.0,large_deficient,3.7,31.9,-88.0,large_deficient,220.0,396.4,-45.0,deficient,5.2,26.9,-81.0,large_deficient
2026-09-07,ANDHRA PRADESH,state_ut,2.4,4.5,-47.0,deficient,3.7,31.9,-88.0,large_deficient,222.4,400.9,-45.0,deficient,7.6,31.4,-76.0,large_deficient
2026-09-08,ANDHRA PRADESH,state_ut,2.8,3.6,-23.0,deficient,3.7,31.9,-88.0,large_deficient,225.1,404.5,-44.0,deficient,10.3,35.0,-71.0,large_deficient
2026-09-09,ANDHRA PRADESH,state_ut,2.4,4.0,-40.0,deficient,12.2,29.9,-59.0,large_deficient,227.5,408.5,-44.0,deficient,12.7,39.0,-67.0,large_deficient
2026-09-10,ANDHRA PRADESH,state_ut,0.9,4.1,-79.0,large_deficient,12.2,29.9,-59.0,large_deficient,228.4,412.6,-45.0,deficient,13.6,43.1,-68.0,large_deficient
2026-09-11,ANDHRA PRADESH,state_ut,4.9,5.7,-15.0,normal,12.2,29.9,-59.0,large_deficient,233.3,418.3,-44.0,deficient,18.4,48.8,-62.0,large_deficient
2026-09-12,ANDHRA PRADESH,state_ut,4.2,4.5,-8.0,normal,12.2,29.9,-59.0,large_deficient,237.4,422.8,-44.0,deficient,22.6,53.3,-58.0,deficient
2026-09-13,ANDHRA PRADESH,state_ut,8.3,4.2,97.0,large_excess,12.2,29.9,-59.0,large_deficient,245.7,427.0,-42.0,deficient,30.9,57.5,-46.0,deficient
2026-09-14,ANDHRA PRADESH,state_ut,0.9,4.9,-81.0,large_deficient,12.2,29.9,-59.0,large_deficient,246.6,431.9,-43.0,deficient,31.8,62.4,-49.0,deficient
2026-09-15,ANDHRA PRADESH,state_ut,4.5,5.7,-22.0,deficient,12.2,29.9,-59.0,large_deficient,251.1,437.6,-43.0,deficient,36.3,68.1,-47.0,deficient
2026-09-16,ANDHRA PRADESH,state_ut,4.2,4.7,-10.0,normal,27.8,33.8,-18.0,normal,255.3,442.3,-42.0,deficient,40.5,72.8,-44.0,deficient
2026-09-17,ANDHRA PRADESH,state_ut,1.5,5.6,-72.0,large_deficient,27.8,33.8,-18.0,normal,256.9,447.9,-43.0,deficient,42.0,78.4,-46.0,deficient
2026-09-18,ANDHRA PRADESH,state_ut,5.0,6.5,-23.0,deficient,27.8,33.8,-18.0,normal,261.9,454.4,-42.0,deficient,47.0,84.9,-45.0,deficient
2026-09-19,ANDHRA PRADESH,state_ut,3.1,6.6,-53.0,deficient,27.8,33.8,-18.0,normal,265.0,461.0,-43.0,deficient,50.1,91.5,-45.0,deficient
2026-09-20,ANDHRA PRADESH,state_ut,17.4,7.1,146.0,large_excess,27.8,33.8,-18.0,normal,282.4,468.1,-40.0,deficient,67.6,98.6,-31.0,deficient
2026-09-21,ANDHRA PRADESH,state_ut,5.7,6.5,-12.0,normal,27.8,33.8,-18.0,normal,288.1,474.6,-39.0,deficient,73.3,105.1,-30.0,deficient
2026-09-22,ANDHRA PRADESH,state_ut,10.9,5.4,102.0,large_excess,27.8,33.8,-18.0,normal,299.0,480.0,-38.0,deficient,84.2,110.5,-24.0,deficient
2026-09-23,ANDHRA PRADESH,state_ut,21.6,5.1,324.0,large_excess,65.3,42.8,53.0,excess,320.7,485.1,-34.0,deficient,105.8,115.6,-8.0,normal
2026-09-24,ANDHRA PRADESH,state_ut,40.5,5.2,680.0,large_excess,65.3,42.8,53.0,excess,361.2,490.3,-26.0,deficient,146.4,120.8,21.0,excess
2026-08-19,ARUNACHAL PRADESH,state_ut,2.6,10.5,-75.0,large_deficient,34.6,84.4,-59.0,large_deficient,721.5,1189.7,-39.0,deficient,139.6,205.8,-32.0,deficient
2026-08-20,ARUNACHAL PRADESH,state_ut,17.1,11.9,44.0,excess,34.6,84.4,-59.0,large_deficient,738.6,1201.6,-39.0,deficient,156.7,217.7,-28.0,deficient
2026-08-21,ARUNACHAL PRADESH,state_ut,1.3,11.4,-88.0,large_deficient,34.6,84.4,-59.0,large_deficient,739.9,1213.0,-39.0,deficient,158.0,229.1,-31.0,deficient
2026-08-22,ARUNACHAL PRADESH,state_ut,6.9,15.5,-56.0,deficient,34.6,84.4,-59.0,large_deficient,746.8,1228.5,-39.0,deficient,164.9,244.6,-33.0,deficient
2026-08-23,ARUNACHAL PRADESH,state_ut,1.0,13.2,-92.0,large_deficient,34.6,84.4,-59.0,large_deficient,747.8,1241.7,-40.0,deficient,165.9,257.8,-36.0,deficient
2026-08-24,ARUNACHAL PRADESH,state_ut,3.4,12.9,-74.0,large_deficient,34.6,84.4,-59.0,large_deficient,750.8,1254.6,-40.0,deficient,168.9,270.7,-38.0,deficient
2026-08-25,ARUNACHAL PRADESH,state_ut,8.6,12.2,-30.0,deficient,34.6,84.4,-59.0,large_deficient,757.3,1266.8,-40.0,deficient,175.4,282.9,-38.0,deficient
2026-08-26,ARUNACHAL PRADESH,state_ut,7.2,9.7,-26.0,deficient,43.0,86.8,-50.0,deficient,764.4,1276.5,-40.0,deficient,182.6,292.6,-38.0,deficient
2026-08-27,ARUNACHAL PRADESH,state_ut,0.7,11.4,-94.0,large_deficient,43.0,86.8,-50.0,deficient,765.0,1287.9,-41.0,deficient,183.2,304.0,-40.0,deficient
2026-08-28,ARUNACHAL PRADESH,state_ut,8.7,9.0,-3.0,normal,43.0,86.8,-50.0,deficient,773.3,1296.9,-40.0,deficient,191.4,313.0,-39.0,deficient
2026-08-29,ARUNACHAL PRADESH,state_ut,3.7,9.3,-60.0,large_deficient,43.0,86.8,-50.0,deficient,777.0,1306.2,-41.0,deficient,195.1,322.3,-39.0,deficient
2026-08-30,ARUNACHAL PRADESH,state_ut,1.4,11.3,-88.0,large_deficient,43.0,86.8,-50.0,deficient,778.3,1317.5,-41.0,deficient,196.4,333.6,-41.0,deficient
2026-08-31,ARUNACHAL PRADESH,state_ut,10.6,9.6,11.0,normal,43.0,86.8,-50.0,deficient,789.0,1327.1,-41.0,deficient,207.1,343.2,-40.0,deficient
2026-09-01,ARUNACHAL PRADESH,state_ut,20.8,9.9,111.0,large_excess,43.0,86.8,-50.0,deficient,809.8,1337.0,-39.0,deficient,207.1,343.2,-40.0,deficient
2026-09-02,ARUNACHAL PRADESH,state_ut,5.5,10.2,-46.0,deficient,50.8,70.7,-28.0,deficient,815.3,1347.2,-39.0,deficient,26.3,20.1,31.0,excess
2026-09-03,ARUNACHAL PRADESH,state_ut,3.4,11.7,-71.0,large_deficient,50.8,70.7,-28.0,deficient,818.7,1358.9,-40.0,deficient,29.7,31.8,-7.0,normal
2026-09-04,ARUNACHAL PRADESH,state_ut,4.1,12.4,-67.0,large_deficient,50.8,70.7,-28.0,deficient,822.8,1371.3,-40.0,deficient,33.8,44.2,-23.0,deficient
2026-09-05,ARUNACHAL PRADESH,state_ut,6.2,11.7,-47.0,deficient,50.8,70.7,-28.0,deficient,829.0,1383.0,-40.0,deficient,40.0,55.9,-28.0,deficient
2026-09-06,ARUNACHAL PRADESH,state_ut,4.7,12.2,-61.0,large_deficient,50.8,70.7,-28.0,deficient,833.7,1395.2,-40.0,deficient,44.8,68.1,-34.0,deficient
2026-09-07,ARUNACHAL PRADESH,state_ut,2.4,8.8,-73.0,large_deficient,50.8,70.7,-28.0,deficient,836.1,1404.0,-40.0,deficient,47.2,76.9,-39.0,deficient
2026-09-08,ARUNACHAL PRADESH,state_ut,2.5,9.3,-73.0,large_deficient,50.8,70.7,-28.0,deficient,838.6,1413.3,-41.0,deficient,49.7,86.2,-42.0,deficient
2026-09-09,ARUNACHAL PRADESH,state_ut,7.2,9.9,-27.0,deficient,30.6,76.0,-60.0,large_deficient,845.8,1423.2,-41.0,deficient,56.9,96.1,-41.0,deficient
2026-09-10,ARUNACHAL PRADESH,state_ut,0.5,11.6,-95.0,large_deficient,30.6,76.0,-60.0,large_deficient,846.3,1434.8,-41.0,deficient,57.4,107.7,-47.0,deficient
2026-09-11,ARUNACHAL PRADESH,state_ut,0.3,12.9,-97.0,large_deficient,30.6,76.0,-60.0,large_deficient,846.7,1447.7,-42.0,deficient,57.7,120.6,-52.0,deficient
2026-09-12,ARUNACHAL PRADESH,state_ut,8.0,14.3,-44.0,deficient,30.6,76.0,-60.0,large_deficient,854.7,1462.0,-42.0,deficient,65.7,134.9,-51.0,deficient
2026-09-13,ARUNACHAL PRADESH,state_ut,5.0,16.0,-69.0,large_deficient,30.6,76.0,-60.0,large_deficient,859.6,1478.0,-42.0,deficient,70.7,150.9,-53.0,deficient
2026-09-14,ARUNACHAL PRADESH,state_ut,4.3,16.0,-73.0,large_deficient,30.6,76.0,-60.0,large_deficient,864.0,1494.0,-42.0,deficient,75.0,166.9,-55.0,deficient
2026-09-15,ARUNACHAL PRADESH,state_ut,2.7,14.8,-82.0,large_deficient,30.6,76.0,-60.0,large_deficient,866.6,1508.8,-43.0,deficient,77.7,181.7,-57.0,deficient
2026-09-16,ARUNACHAL PRADESH,state_ut,9.7,14.4,-33.0,deficient,30.5,100.0,-70.0,large_deficient,876.3,1523.2,-42.0,deficient,87.3,196.1,-55.0,deficient
2026-09-17,ARUNACHAL PRADESH,state_ut,24.1,12.4,94.0,large_excess,30.5,100.0,-70.0,large_deficient,900.4,1535.6,-41.0,deficient,111.4,208.5,-47.0,deficient
2026-09-18,ARUNACHAL PRADESH,state_ut,14.4,9.5,52.0,excess,30.5,100.0,-70.0,large_deficient,914.8,1545.1,-41.0,deficient,125.8,218.0,-42.0,deficient
2026-09-19,ARUNACHAL PRADESH,state_ut,0.4,9.7,-96.0,large_deficient,30.5,100.0,-70.0,large_deficient,915.2,1554.8,-41.0,deficient,126.2,227.7,-45.0,deficient
2026-09-20,ARUNACHAL PRADESH,state_ut,0.1,10.2,-99.0,large_deficient,30.5,100.0,-70.0,large_deficient,915.3,1565.0,-42.0,deficient,126.3,237.9,-47.0,deficient
2026-09-21,ARUNACHAL PRADESH,state_ut,3.2,12.3,-74.0,large_deficient,30.5,100.0,-70.0,large_deficient,918.5,1577.3,-42.0,deficient,129.5,250.2,-48.0,deficient
2026-09-22,ARUNACHAL PRADESH,state_ut,0.7,11.1,-94.0,large_deficient,30.5,100.0,-70.0,large_deficient,919.2,1588.4,-42.0,deficient,130.2,261.3,-50.0,deficient
2026-09-23,ARUNACHAL PRADESH,state_ut,5.8,13.0,-55.0,deficient,48.7,78.2,-38.0,deficient,925.0,1601.4,-42.0,deficient,136.1,274.3,-50.0,deficient
2026-09-24,ARUNACHAL PRADESH,state_ut,5.7,14.6,-61.0,large_deficient,48.7,78.2,-38.0,deficient,930.7,1616.0,-42.0,deficient,141.8,288.9,-51.0,deficient
2026-08-19,ASSAM,state_ut,5.8,10.3,-43.0,deficient,56.5,78.0,-28.0,deficient,804.6,1066.3,-25.0,deficient,178.8,205.6,-13.0,normal
2026-08-20,ASSAM,state_ut,10.8,10.2,6.0,normal,56.5,78.0,-28.0,deficient,815.4,1076.5,-24.0,deficient,189.6,215.8,-12.0,normal
2026-08-21,ASSAM,state_ut,19.1,12.1,58.0,excess,56.5,78.0,-28.0,deficient,834.2,1088.6,-23.0,deficient,208.4,227.9,-9.0,normal
2026-08-22,ASSAM,state_ut,6.5,11.2,-42.0,deficient,56.5,78.0,-28.0,deficient,840.6,1099.8,-24.0,deficient,214.8,239.1,-10.0,normal
2026-08-23,ASSAM,state_ut,4.9,11.4,-57.0,deficient,56.5,78.0,-28.0,deficient,845.2,1111.2,-24.0,deficient,219.4,250.5,-12.0,normal
2026-08-24,ASSAM,state_ut,10.9,12.7,-14.0,normal,56.5,78.0,-28.0,deficient,855.7,1123.9,-24.0,deficient,229.9,263.2,-13.0,normal
2026-08-25,ASSAM,state_ut,4.2,12.3,-66.0,large_deficient,56.5,78.0,-28.0,deficient,859.7,1136.2,-24.0,deficient,233.9,275.5,-15.0,normal
2026-08-26,ASSAM,state_ut,3.3,10.5,-69.0,large_deficient,58.2,80.4,-28.0,deficient,862.9,1146.7,-25.0,deficient,237.1,286.0,-17.0,normal
2026-08-27,ASSAM,state_ut,4.7,10.6,-55.0,deficient,58.2,80.4,-28.0,deficient,867.5,1157.3,-25.0,deficient,241.7,296.6,-18.0,normal
2026-08-28,ASSAM,state_ut,4.6,9.9,-54.0,deficient,58.2,80.4,-28.0,deficient,872.0,1167.2,-25.0,deficient,246.2,306.5,-20.0,deficient
2026-08-29,ASSAM,state_ut,9.3,8.8,6.0,normal,58.2,80.4,-28.0,deficient,881.2,1176.0,-25.0,deficient,255.4,315.3,-19.0,normal
2026-08-30,ASSAM,state_ut,1.7,12.4,-86.0,large_deficient,58.2,80.4,-28.0,deficient,882.9,1188.4,-26.0,deficient,257.1,327.7,-22.0,deficient
2026-08-31,ASSAM,state_ut,19.9,10.4,91.0,large_excess,58.2,80.4,-28.0,deficient,902.5,1198.8,-25.0,deficient,276.7,338.1,-18.0,normal
2026-09-01,ASSAM,state_ut,20.5,9.2,123.0,large_excess,58.2,80.4,-28.0,deficient,922.8,1208.0,-24.0,deficient,276.7,338.1,-18.0,normal
2026-09-02,ASSAM,state_ut,16.0,8.2,95.0,large_excess,76.7,69.5,10.0,normal,938.5,1216.2,-23.0,deficient,36.5,17.4,110.0,large_excess
2026-09-03,ASSAM,state_ut,2.5,9.6,-74.0,large_deficient,76.7,69.5,10.0,normal,940.9,1225.8,-23.0,deficient,38.9,27.0,44.0,excess
2026-09-04,ASSAM,state_ut,10.0,10.7,-6.0,normal,76.7,69.5,10.0,normal,950.8,1236.5,-23.0,deficient,49.0,37.7,30.0,excess
2026-09-05,ASSAM,state_ut,7.6,10.3,-27.0,deficient,76.7,69.5,10.0,normal,958.2,1246.8,-23.0,deficient,56.5,48.0,18.0,normal
2026-09-06,ASSAM,state_ut,2.1,10.2,-79.0,large_deficient,76.7,69.5,10.0,normal,960.3,1257.0,-24.0,deficient,58.6,58.2,1.0,normal
2026-09-07,ASSAM,state_ut,3.4,9.8,-65.0,large_deficient,76.7,69.5,10.0,normal,963.7,1266.8,-24.0,deficient,61.2,68.0,-10.0,normal
2026-09-08,ASSAM,state_ut,5.1,9.8,-48.0,deficient,76.7,69.5,10.0,normal,968.8,1276.6,-24.0,deficient,66.3,77.8,-15.0,normal
2026-09-09,ASSAM,state_ut,13.2,9.5,39.0,excess,42.8,69.9,-39.0,deficient,981.3,1286.1,-24.0,deficient,78.8,87.3,-10.0,normal
2026-09-10,ASSAM,state_ut,1.4,10.9,-87.0,large_deficient,42.8,69.9,-39.0,deficient,982.6,1297.0,-24.0,deficient,80.1,98.2,-18.0,normal
2026-09-11,ASSAM,state_ut,0.7,10.7,-93.0,large_deficient,42.8,69.9,-39.0,deficient,983.3,1307.7,-25.0,deficient,80.8,108.9,-26.0,deficient
2026-09-12,ASSAM,state_ut,12.5,10.1,23.0,excess,42.8,69.9,-39.0,deficient,995.2,1317.8,-24.0,deficient,92.7,119.0,-22.0,deficient
2026-09-13,ASSAM,state_ut,6.1,9.0,-33.0,deficient,42.8,69.9,-39.0,deficient,1000.9,1326.8,-25.0,deficient,98.4,128.0,-23.0,deficient
2026-09-14,ASSAM,state_ut,1.7,10.1,-83.0,large_deficient,42.8,69.9,-39.0,deficient,1002.6,1336.9,-25.0,deficient,100.1,138.1,-28.0,deficient
2026-09-15,ASSAM,state_ut,1.5,10.6,-86.0,large_deficient,42.8,69.9,-39.0,deficient,1004.1,1347.5,-25.0,deficient,101.6,148.7,-32.0,deficient
2026-09-16,ASSAM,state_ut,3.4,10.7,-68.0,large_deficient,26.5,72.1,-63.0,large_deficient,1007.4,1358.2,-26.0,deficient,105.0,159.4,-34.0,deficient
2026-09-17,ASSAM,state_ut,16.2,10.3,58.0,excess,26.5,72.1,-63.0,large_deficient,1023.5,1368.5,-25.0,deficient,121.0,169.7,-29.0,deficient
2026-09-18,ASSAM,state_ut,7.4,9.7,-24.0,deficient,26.5,72.1,-63.0,large_deficient,1030.7,1378.2,-25.0,deficient,128.3,179.4,-29.0,deficient
2026-09-19,ASSAM,state_ut,0.8,8.4,-90.0,large_deficient,26.5,72.1,-63.0,large_deficient,1031.6,1386.6,-26.0,deficient,129.1,187.8,-31.0,deficient
2026-09-20,ASSAM,state_ut,4.4,8.2,-46.0,deficient,26.5,72.1,-63.0,large_deficient,1035.9,1394.8,-26.0,deficient,133.4,196.0,-32.0,deficient
2026-09-21,ASSAM,state_ut,2.8,8.7,-68.0,large_deficient,26.5,72.1,-63.0,large_deficient,1038.7,1403.5,-26.0,deficient,136.2,204.7,-33.0,deficient
2026-09-22,ASSAM,state_ut,0.3,9.2,-97.0,large_deficient,26.5,72.1,-63.0,large_deficient,1038.9,1412.7,-26.0,deficient,136.4,213.9,-36.0,deficient
2026-09-23,ASSAM,state_ut,13.5,10.7,26.0,excess,45.5,65.2,-30.0,deficient,1052.3,1423.4,-26.0,deficient,149.8,224.6,-33.0,deficient
2026-09-24,ASSAM,state_ut,0.8,8.5,-91.0,large_deficient,45.5,65.2,-30.0,deficient,1053.0,1431.9,-26.0,deficient,150.5,233.1,-35.0,deficient
2026-08-19,BIHAR,state_ut,5.7,8.1,-30.0,deficient,33.8,72.4,-53.0,deficient,407.6,675.0,-40.0,deficient,117.0,171.2,-32.0,deficient
2026-08-20,BIHAR,state_ut,1.2,7.7,-84.0,large_deficient,33.8,72.4,-53.0,deficient,408.9,682.7,-40.0,deficient,118.2,178.9,-34.0,deficient
2026-08-21,BIHAR,state_ut,0.6,8.2,-93.0,large_deficient,33.8,72.4,-53.0,deficient,409.4,690.9,-41.0,deficient,118.8,187.1,-37.0,deficient
2026-08-22,BIHAR,state_ut,0.5,10.6,-95.0,large_deficient,33.8,72.4,-53.0,deficient,409.9,701.5,-42.0,deficient,119.3,197.7,-40.0,deficient
2026-08-23,BIHAR,state_ut,2.9,9.4,-69.0,large_deficient,33.8,72.4,-53.0,deficient,412.8,710.9,-42.0,deficient,122.2,207.1,-41.0,deficient
2026-08-24,BIHAR,state_ut,4.6,10.0,-54.0,deficient,33.8,72.4,-53.0,deficient,417.4,720.9,-42.0,deficient,126.7,217.1,-42.0,deficient
2026-08-25,BIHAR,state_ut,6.7,11.1,-40.0,deficient,33.8,72.4,-53.0,deficient,424.0,732.0,-42.0,deficient,133.4,228.2,-42.0,deficient
2026-08-26,BIHAR,state_ut,3.2,9.1,-65.0,large_deficient,19.6,66.1,-70.0,large_deficient,427.2,741.1,-42.0,deficient,136.6,237.3,-42.0,deficient
2026-08-27,BIHAR,state_ut,5.8,8.1,-29.0,deficient,19.6,66.1,-70.0,large_deficient,433.0,749.2,-42.0,deficient,142.4,245.4,-42.0,deficient
2026-08-28,BIHAR,state_ut,4.3,7.3,-42.0,deficient,19.6,66.1,-70.0,large_deficient,437.3,756.5,-42.0,deficient,146.6,252.7,-42.0,deficient
2026-08-29,BIHAR,state_ut,8.5,6.0,42.0,excess,19.6,66.1,-70.0,large_deficient,445.8,762.5,-42.0,deficient,155.1,258.7,-40.0,deficient
2026-08-30,BIHAR,state_ut,12.3,6.3,95.0,large_excess,19.6,66.1,-70.0,large_deficient,458.0,768.8,-40.0,deficient,167.4,265.0,-37.0,deficient
2026-08-31,BIHAR,state_ut,9.8,6.9,43.0,excess,19.6,66.1,-70.0,large_deficient,467.9,775.7,-40.0,deficient,177.2,271.9,-35.0,deficient
2026-09-01,BIHAR,state_ut,18.4,6.9,166.0,large_excess,19.6,66.1,-70.0,large_deficient,486.2,782.6,-38.0,deficient,177.2,271.9,-35.0,deficient
2026-09-02,BIHAR,state_ut,15.7,7.0,124.0,large_excess,74.7,48.5,54.0,excess,501.9,789.6,-36.0,deficient,34.1,13.9,145.0,large_excess
2026-09-03,BIHAR,state_ut,10.1,6.3,60.0,large_excess,74.7,48.5,54.0,excess,512.0,795.9,-36.0,deficient,44.1,20.2,119.0,large_excess
2026-09-04,BIHAR,state_ut,4.4,7.8,-43.0,deficient,74.7,48.5,54.0,excess,516.5,803.7,-36.0,deficient,48.6,28.0,73.0,large_excess
2026-09-05,BIHAR,state_ut,6.2,8.5,-27.0,deficient,74.7,48.5,54.0,excess,522.7,812.2,-36.0,deficient,54.8,36.5,50.0,excess
2026-09-06,BIHAR,state_ut,7.1,8.7,-19.0,normal,74.7,48.5,54.0,excess,529.7,820.9,-35.0,deficient,61.9,45.2,37.0,excess
2026-09-07,BIHAR,state_ut,6.3,7.8,-19.0,normal,74.7,48.5,54.0,excess,536.1,828.7,-35.0,deficient,68.2,53.0,29.0,excess
2026-09-08,BIHAR,state_ut,3.4,8.4,-60.0,large_deficient,74.7,48.5,54.0,excess,539.4,837.1,-36.0,deficient,71.5,61.4,17.0,normal
2026-09-09,BIHAR,state_ut,3.7,6.7,-45.0,deficient,41.2,54.2,-24.0,deficient,543.1,843.8,-36.0,deficient,75.2,68.1,10.0,normal
2026-09-10,BIHAR,state_ut,6.4,7.4,-13.0,normal,41.2,54.2,-24.0,deficient,549.5,851.2,-35.0,deficient,81.7,75.5,8.0,normal
2026-09-11,BIHAR,state_ut,13.4,7.7,75.0,large_excess,41.2,54.2,-24.0,deficient,563.0,858.9,-34.0,deficient,95.1,83.2,14.0,normal
2026-09-12,BIHAR,state_ut,4.2,8.8,-52.0,deficient,41.2,54.2,-24.0,deficient,567.2,867.7,-35.0,deficient,99.3,92.0,8.0,normal
2026-09-13,BIHAR,state_ut,2.1,7.7,-73.0,large_deficient,41.2,54.2,-24.0,deficient,569.3,875.4,-35.0,deficient,101.4,99.7,2.0,normal
2026-09-14,BIHAR,state_ut,1.0,7.6,-87.0,large_deficient,41.2,54.2,-24.0,deficient,570.3,883.0,-35.0,deficient,102.4,107.3,-5.0,normal
2026-09-15,BIHAR,state_ut,1.4,9.0,-84.0,large_deficient,41.2,54.2,-24.0,deficient,571.7,892.0,-36.0,deficient,103.8,116.3,-11.0,normal
2026-09-16,BIHAR,state_ut,4.0,7.4,-46.0,deficient,32.5,55.6,-41.0,deficient,575.7,899.4,-36.0,deficient,107.8,123.7,-13.0,normal
2026-09-17,BIHAR,state_ut,4.0,7.4,-45.0,deficient,32.5,55.6,-41.0,deficient,579.7,906.8,-36.0,deficient,111.8,131.1,-15.0,normal
2026-09-18,BIHAR,state_ut,2.1,7.3,-71.0,large_deficient,32.5,55.6,-41.0,deficient,581.8,914.1,-36.0,deficient,113.9,138.4,-18.0,normal
2026-09-19,BIHAR,state_ut,2.4,5.8,-59.0,deficient,32.5,55.6,-41.0,deficient,584.2,919.9,-36.0,deficient,116.3,144.2,-19.0,normal
2026-09-20,BIHAR,state_ut,0.4,5.6,-92.0,large_deficient,32.5,55.6,-41.0,deficient,584.6,925.5,-37.0,deficient,116.7,149.8,-22.0,deficient
2026-09-21,BIHAR,state_ut,2.9,6.4,-55.0,deficient,32.5,55.6,-41.0,deficient,587.5,931.9,-37.0,deficient,119.6,156.2,-23.0,deficient
2026-09-22,BIHAR,state_ut,0.7,6.7,-89.0,large_deficient,32.5,55.6,-41.0,deficient,588.2,938.6,-37.0,deficient,120.4,162.9,-26.0,deficient
2026-09-23,BIHAR,state_ut,1.8,4.8,-62.0,large_deficient,14.4,44.0,-67.0,large_deficient,590.0,943.4,-37.0,deficient,122.2,167.7,-27.0,deficient
2026-09-24,BIHAR,state_ut,20.2,6.0,237.0,large_excess,14.4,44.0,-67.0,large_deficient,610.3,949.4,-36.0,deficient,142.4,173.7,-18.0,normal
2026-08-19,CHANDIGARH (UT),state_ut,59.0,8.1,628.0,large_excess,122.9,74.5,65.0,large_excess,532.6,626.8,-15.0,normal,185.5,198.1,-6.0,normal
2026-08-20,CHANDIGARH (UT),state_ut,16.3,5.7,187.0,large_excess,122.9,74.5,65.0,large_excess,549.0,632.5,-13.0,normal,201.8,203.8,-1.0,normal
2026-08-21,CHANDIGARH (UT),state_ut,0.0,5.4,-100.0,no_rain,122.9,74.5,65.0,large_excess,549.0,637.9,-14.0,normal,201.8,209.2,-4.0,normal
2026-08-22,CHANDIGARH (UT),state_ut,0.0,9.7,-100.0,no_rain,122.9,74.5,65.0,large_excess,549.0,647.6,-15.0,normal,201.8,218.9,-8.0,normal
2026-08-23,CHANDIGARH (UT),state_ut,5.9,10.5,-43.0,deficient,122.9,74.5,65.0,large_excess,554.9,658.1,-16.0,normal,207.8,229.4,-9.0,normal
2026-08-24,CHANDIGARH (UT),state_ut,0.6,6.9,-92.0,large_deficient,122.9,74.5,65.0,large_excess,555.4,665.0,-16.0,normal,208.3,236.3,-12.0,normal
2026-08-25,CHANDIGARH (UT),state_ut,0.0,2.0,-100.0,no_rain,122.9,74.5,65.0,large_excess,555.4,667.0,-17.0,normal,208.3,238.3,-13.0,normal
2026-08-26,CHANDIGARH (UT),state_ut,38.9,7.1,448.0,large_excess,61.7,47.3,30.0,excess,594.3,674.1,-12.0,normal,247.2,245.4,1.0,normal
2026-08-27,CHANDIGARH (UT),state_ut,1.8,15.4,-88.0,large_deficient,61.7,47.3,30.0,excess,596.2,689.5,-14.0,normal,249.1,260.8,-5.0,normal
2026-08-28,CHANDIGARH (UT),state_ut,0.1,9.7,-99.0,large_deficient,61.7,47.3,30.0,excess,596.3,699.2,-15.0,normal,249.2,270.5,-8.0,normal
2026-08-29,CHANDIGARH (UT),state_ut,0.0,2.9,-99.0,large_deficient,61.7,47.3,30.0,excess,596.3,702.1,-15.0,normal,249.2,273.4,-9.0,normal
2026-08-30,CHANDIGARH (UT),state_ut,0.0,7.1,-100.0,no_rain,61.7,47.3,30.0,excess,596.3,709.2,-16.0,normal,249.2,280.5,-11.0,normal
2026-08-31,CHANDIGARH (UT),state_ut,0.0,4.3,-100.0,no_rain,61.7,47.3,30.0,excess,596.3,713.5,-16.0,normal,249.2,284.8,-13.0,normal
2026-09-01,CHANDIGARH (UT),state_ut,0.0,4.0,-100.0,no_rain,61.7,47.3,30.0,excess,596.3,717.5,-17.0,normal,249.2,284.8,-13.0,normal
2026-09-02,CHANDIGARH (UT),state_ut,0.0,2.0,-100.0,no_rain,2.0,45.4,-96.0,large_deficient,596.3,719.5,-17.0,normal,0.0,6.0,-100.0,no_rain
2026-09-03,CHANDIGARH (UT),state_ut,1.7,5.1,-67.0,large_deficient,2.0,45.4,-96.0,large_deficient,598.0,724.6,-17.0,normal,1.7,11.1,-85.0,large_deficient
2026-09-04,CHANDIGARH (UT),state_ut,40.6,8.4,383.0,large_excess,2.0,45.4,-96.0,large_deficient,638.6,733.0,-13.0,normal,42.3,19.5,117.0,large_excess
2026-09-05,CHANDIGARH (UT),state_ut,1.7,17.4,-90.0,large_deficient,2.0,45.4,-96.0,large_deficient,640.2,750.4,-15.0,normal,43.9,36.9,19.0,normal
2026-09-06,CHANDIGARH (UT),state_ut,16.6,3.8,338.0,large_excess,2.0,45.4,-96.0,large_deficient,656.9,754.2,-13.0,normal,60.6,40.7,49.0,excess
2026-09-07,CHANDIGARH (UT),state_ut,0.0,5.6,-100.0,no_rain,2.0,45.4,-96.0,large_deficient,656.9,759.8,-14.0,normal,60.6,46.3,31.0,excess
2026-09-08,CHANDIGARH (UT),state_ut,0.0,9.1,-100.0,no_rain,2.0,45.4,-96.0,large_deficient,656.9,768.9,-15.0,normal,60.6,55.4,9.0,normal
2026-09-09,CHANDIGARH (UT),state_ut,0.0,20.6,-100.0,no_rain,60.6,70.0,-13.0,normal,656.9,789.5,-17.0,normal,60.6,76.0,-20.0,deficient
2026-09-10,CHANDIGARH (UT),state_ut,0.0,8.7,-100.0,no_rain,60.6,70.0,-13.0,normal,656.9,798.2,-18.0,normal,60.6,84.7,-29.0,deficient
2026-09-11,CHANDIGARH (UT),state_ut,0.0,6.3,-100.0,no_rain,60.6,70.0,-13.0,normal,656.9,804.5,-18.0,normal,60.6,91.0,-33.0,deficient
2026-09-12,CHANDIGARH (UT),state_ut,0.6,3.4,-84.0,large_deficient,60.6,70.0,-13.0,normal,657.4,807.9,-19.0,normal,61.1,94.4,-35.0,deficient
2026-09-13,CHANDIGARH (UT),state_ut,0.0,2.4,-100.0,no_rain,60.6,70.0,-13.0,normal,657.4,810.3,-19.0,normal,61.1,96.8,-37.0,deficient
2026-09-14,CHANDIGARH (UT),state_ut,58.0,2.4,2317.0,large_excess,60.6,70.0,-13.0,normal,715.4,812.7,-12.0,normal,119.1,99.2,20.0,excess
2026-09-15,CHANDIGARH (UT),state_ut,0.0,4.4,-99.0,large_deficient,60.6,70.0,-13.0,normal,715.4,817.1,-12.0,normal,119.1,103.6,15.0,normal
2026-09-16,CHANDIGARH (UT),state_ut,0.0,1.3,-99.0,large_deficient,58.6,28.9,103.0,large_excess,715.4,818.4,-13.0,normal,119.1,104.9,14.0,normal
2026-09-17,CHANDIGARH (UT),state_ut,0.0,0.8,-99.0,large_deficient,58.6,28.9,103.0,large_excess,715.4,819.2,-13.0,normal,119.1,105.7,13.0,normal
2026-09-18,CHANDIGARH (UT),state_ut,0.0,0.6,-100.0,no_rain,58.6,28.9,103.0,large_excess,715.4,819.8,-13.0,normal,119.1,106.3,12.0,normal
2026-09-19,CHANDIGARH (UT),state_ut,0.0,1.0,-100.0,no_rain,58.6,28.9,103.0,large_excess,715.4,820.8,-13.0,normal,119.1,107.3,11.0,normal
2026-09-20,CHANDIGARH (UT),state_ut,0.0,0.1,-100.0,no_rain,58.6,28.9,103.0,large_excess,715.4,820.9,-13.0,normal,119.1,107.4,11.0,normal
2026-09-21,CHANDIGARH (UT),state_ut,0.0,0.8,-100.0,no_rain,58.6,28.9,103.0,large_excess,715.4,821.7,-13.0,normal,119.1,108.2,10.0,normal
2026-09-22,CHANDIGARH (UT),state_ut,0.0,2.0,-100.0,no_rain,58.6,28.9,103.0,large_excess,715.4,823.7,-13.0,normal,119.1,110.2,8.0,normal
2026-09-23,CHANDIGARH (UT),state_ut,0.0,8.0,-100.0,no_rain,0.0,13.3,-100.0,large_deficient,715.4,831.7,-14.0,normal,119.1,118.2,1.0,normal
2026-09-24,CHANDIGARH (UT),state_ut,0.0,5.6,-100.0,no_rain,0.0,13.3,-100.0,large_deficient,715.4,837.3,-15.0,normal,119.1,123.8,-4.0,normal
2026-08-19,CHHATTISGARH,state_ut,18.5,12.8,45.0,excess,92.7,85.1,9.0,normal,757.1,794.9,-5.0,normal,197.5,237.9,-17.0,normal
2026-08-20,CHHATTISGARH,state_ut,12.7,12.8,-1.0,normal,92.7,85.1,9.0,normal,769.8,807.7,-5.0,normal,210.2,250.7,-16.0,normal
2026-08-21,CHHATTISGARH,state_ut,2.9,11.5,-75.0,large_deficient,92.7,85.1,9.0,normal,772.6,819.2,-6.0,normal,213.0,262.2,-19.0,normal
2026-08-22,CHHATTISGARH,state_ut,3.3,13.4,-76.0,large_deficient,92.7,85.1,9.0,normal,775.9,832.6,-7.0,normal,216.3,275.6,-22.0,deficient
2026-08-23,CHHATTISGARH,state_ut,16.9,10.3,64.0,large_excess,92.7,85.1,9.0,normal,792.8,842.9,-6.0,normal,233.2,285.9,-18.0,normal
2026-08-24,CHHATTISGARH,state_ut,37.2,8.0,365.0,large_excess,92.7,85.1,9.0,normal,830.0,850.9,-2.0,normal,270.4,293.9,-8.0,normal
2026-08-25,CHHATTISGARH,state_ut,26.2,5.9,343.0,large_excess,92.7,85.1,9.0,normal,856.2,856.8,0.0,normal,296.6,299.8,-1.0,normal
2026-08-26,CHHATTISGARH,state_ut,5.5,7.7,-29.0,deficient,104.6,69.6,50.0,excess,861.7,864.5,0.0,normal,302.1,307.5,-2.0,normal
2026-08-27,CHHATTISGARH,state_ut,6.1,10.6,-42.0,deficient,104.6,69.6,50.0,excess,867.8,875.1,-1.0,normal,308.2,318.1,-3.0,normal
2026-08-28,CHHATTISGARH,state_ut,8.1,13.7,-41.0,deficient,104.6,69.6,50.0,excess,875.8,888.8,-1.0,normal,316.2,331.8,-5.0,normal
2026-08-29,CHHATTISGARH,state_ut,2.9,13.0,-77.0,large_deficient,104.6,69.6,50.0,excess,878.8,901.8,-3.0,normal,319.2,344.8,-7.0,normal
2026-08-30,CHHATTISGARH,state_ut,17.3,10.2,70.0,large_excess,104.6,69.6,50.0,excess,896.1,912.0,-2.0,normal,336.5,355.0,-5.0,normal
2026-08-31,CHHATTISGARH,state_ut,18.4,9.2,101.0,large_excess,104.6,69.6,50.0,excess,914.5,921.2,-1.0,normal,354.9,364.2,-3.0,normal
2026-09-01,CHHATTISGARH,state_ut,8.7,9.0,-3.0,normal,104.6,69.6,50.0,excess,923.3,930.2,-1.0,normal,354.9,364.2,-3.0,normal
2026-09-02,CHHATTISGARH,state_ut,6.7,10.2,-35.0,deficient,68.3,75.9,-10.0,normal,929.9,940.4,-1.0,normal,15.4,19.2,-20.0,deficient
2026-09-03,CHHATTISGARH,state_ut,11.8,10.6,11.0,normal,68.3,75.9,-10.0,normal,941.8,951.0,-1.0,normal,27.2,29.8,-9.0,normal
2026-09-04,CHHATTISGARH,state_ut,4.9,9.6,-49.0,deficient,68.3,75.9,-10.0,normal,946.6,960.6,-1.0,normal,32.1,39.4,-19.0,normal
2026-09-05,CHHATTISGARH,state_ut,0.8,9.4,-92.0,large_deficient,68.3,75.9,-10.0,normal,947.4,970.0,-2.0,normal,32.8,48.8,-33.0,deficient
2026-09-06,CHHATTISGARH,state_ut,0.3,9.5,-97.0,large_deficient,68.3,75.9,-10.0,normal,947.7,979.5,-3.0,normal,33.1,58.3,-43.0,deficient
2026-09-07,CHHATTISGARH,state_ut,1.2,11.4,-89.0,large_deficient,68.3,75.9,-10.0,normal,948.9,990.9,-4.0,normal,34.3,69.7,-51.0,deficient
2026-09-08,CHHATTISGARH,state_ut,0.3,8.8,-97.0,large_deficient,68.3,75.9,-10.0,normal,949.2,999.7,-5.0,normal,34.6,78.5,-56.0,deficient
2026-09-09,CHHATTISGARH,state_ut,1.1,6.9,-84.0,large_deficient,20.4,66.2,-69.0,large_deficient,950.3,1006.6,-6.0,normal,35.8,85.4,-58.0,deficient
2026-09-10,CHHATTISGARH,state_ut,3.1,7.8,-60.0,large_deficient,20.4,66.2,-69.0,large_deficient,953.4,1014.4,-6.0,normal,38.9,93.2,-58.0,deficient
2026-09-11,CHHATTISGARH,state_ut,18.4,8.3,121.0,large_excess,20.4,66.2,-69.0,large_deficient,971.8,1022.7,-5.0,normal,57.3,101.5,-44.0,deficient
2026-09-12,CHHATTISGARH,state_ut,25.9,9.3,179.0,large_excess,20.4,66.2,-69.0,large_deficient,997.7,1032.0,-3.0,normal,83.2,110.8,-25.0,deficient
2026-09-13,CHHATTISGARH,state_ut,12.4,7.5,66.0,large_excess,20.4,66.2,-69.0,large_deficient,1010.2,1039.5,-3.0,normal,95.6,118.3,-19.0,normal
2026-09-14,CHHATTISGARH,state_ut,2.8,6.7,-59.0,deficient,20.4,66.2,-69.0,large_deficient,1013.0,1046.2,-3.0,normal,98.4,125.0,-21.0,deficient
2026-09-15,CHHATTISGARH,state_ut,1.1,6.4,-83.0,large_deficient,20.4,66.2,-69.0,large_deficient,1014.0,1052.6,-4.0,normal,99.5,131.4,-24.0,deficient
2026-09-16,CHHATTISGARH,state_ut,0.5,6.1,-92.0,large_deficient,64.2,52.1,23.0,excess,1014.5,1058.7,-4.0,normal,100.0,137.5,-27.0,deficient
2026-09-17,CHHATTISGARH,state_ut,1.1,6.6,-84.0,large_deficient,64.2,52.1,23.0,excess,1015.6,1065.3,-5.0,normal,101.0,144.1,-30.0,deficient
2026-09-18,CHHATTISGARH,state_ut,2.1,7.5,-72.0,large_deficient,64.2,52.1,23.0,excess,1017.6,1072.8,-5.0,normal,103.1,151.6,-32.0,deficient
2026-09-19,CHHATTISGARH,state_ut,4.3,7.2,-40.0,deficient,64.2,52.1,23.0,excess,1021.9,1080.0,-5.0,normal,107.4,158.8,-32.0,deficient
2026-09-20,CHHATTISGARH,state_ut,6.6,5.9,13.0,normal,64.2,52.1,23.0,excess,1028.6,1085.9,-5.0,normal,114.0,164.7,-31.0,deficient
2026-09-21,CHHATTISGARH,state_ut,4.3,7.0,-38.0,deficient,64.2,52.1,23.0,excess,1032.9,1092.9,-5.0,normal,118.3,171.7,-31.0,deficient
2026-09-22,CHHATTISGARH,state_ut,1.9,5.3,-64.0,large_deficient,64.2,52.1,23.0,excess,1034.8,1098.2,-6.0,normal,120.2,177.0,-32.0,deficient
2026-09-23,CHHATTISGARH,state_ut,11.6,4.3,169.0,large_excess,31.8,43.8,-27.0,deficient,1046.3,1102.5,-5.0,normal,131.8,181.3,-27.0,deficient
2026-09-24,CHHATTISGARH,state_ut,13.6,5.6,143.0,large_excess,31.8,43.8,-27.0,deficient,1059.9,1108.1,-4.0,normal,145.4,186.9,-22.0,deficient
2026-08-19,COUNTRY : INDIA,country,7.2,7.9,-9.0,,0.0,0.0,,,535.0,611.8,-13.0,,144.8,166.0,-13.0,
2026-08-20,COUNTRY : INDIA,country,5.8,8.0,-28.0,,0.0,0.0,,,540.8,619.8,-13.0,,150.6,174.0,-13.0,
2026-08-21,COUNTRY : INDIA,country,3.5,7.6,-54.0,,0.0,0.0,,,544.3,627.4,-13.0,,154.1,181.6,-15.0,
2026-08-22,COUNTRY : INDIA,country,3.9,8.0,-51.0,,0.0,0.0,,,548.2,635.4,-14.0,,158.0,189.6,-17.0,
2026-08-23,COUNTRY : INDIA,country,7.1,7.6,-6.0,,0.0,0.0,,,555.3,643.0,-14.0,,165.1,197.2,-16.0,
2026-08-24,COUNTRY : INDIA,country,8.9,7.7,16.0,,0.0,0.0,,,564.2,650.7,-13.0,,173.9,204.9,-15.0,
2026-08-25,COUNTRY : INDIA,country,8.2,7.1,15.0,,0.0,0.0,,,572.4,657.8,-13.0,,182.0,212.0,-14.0,
2026-08-26,COUNTRY : INDIA,country,5.5,6.9,-21.0,,0.0,0.0,,,577.8,664.7,-13.0,,187.5,218.9,-14.0,
2026-08-27,COUNTRY : INDIA,country,5.3,7.4,-28.0,,0.0,0.0,,,583.2,672.1,-13.0,,192.8,226.3,-15.0,
2026-08-28,COUNTRY : INDIA,country,4.7,7.4,-36.0,,0.0,0.0,,,587.8,679.5,-13.0,,197.5,233.7,-15.0,
2026-08-29,COUNTRY : INDIA,country,4.6,7.3,-37.0,,0.0,0.0,,,592.4,686.8,-14.0,,202.1,241.0,-16.0,
2026-08-30,COUNTRY : INDIA,country,5.2,7.1,-26.0,,0.0,0.0,,,597.6,693.9,-14.0,,207.3,248.1,-16.0,
2026-08-31,COUNTRY : INDIA,country,6.1,6.8,-11.0,,0.0,0.0,,,603.7,700.7,-14.0,,213.3,254.9,-16.0,
2026-09-01,COUNTRY : INDIA,country,7.6,6.7,14.0,,0.0,0.0,,,611.2,707.4,-14.0,,213.3,254.9,-16.0,
2026-09-02,COUNTRY : INDIA,country,7.3,6.9,5.0,,0.0,0.0,,,618.5,714.3,-13.0,,14.8,13.6,9.0,
2026-09-03,COUNTRY : INDIA,country,6.0,6.8,-11.0,,0.0,0.0,,,624.5,721.1,-13.0,,20.9,20.4,2.0,
2026-09-04,COUNTRY : INDIA,country,5.2,6.8,-24.0,,0.0,0.0,,,629.7,727.9,-13.0,,26.0,27.2,-4.0,
2026-09-05,COUNTRY : INDIA,country,5.0,6.9,-28.0,,0.0,0.0,,,634.6,734.8,-14.0,,31.0,34.1,-9.0,
2026-09-06,COUNTRY : INDIA,country,4.2,6.8,-39.0,,0.0,0.0,,,638.8,741.6,-14.0,,35.1,40.9,-14.0,
2026-09-07,COUNTRY : INDIA,country,4.1,6.7,-39.0,,0.0,0.0,,,642.9,748.3,-14.0,,39.2,47.6,-18.0,
2026-09-08,COUNTRY : INDIA,country,2.6,6.2,-58.0,,0.0,0.0,,,645.5,754.5,-14.0,,41.8,53.8,-22.0,
2026-09-09,COUNTRY : INDIA,country,2.6,6.1,-58.0,,0.0,0.0,,,648.0,760.6,-15.0,,44.3,59.9,-26.0,
2026-09-10,COUNTRY : INDIA,country,2.4,6.0,-59.0,,0.0,0.0,,,650.5,766.6,-15.0,,46.8,65.9,-29.0,
2026-09-11,COUNTRY : INDIA,country,5.1,5.9,-13.0,,0.0,0.0,,,655.6,772.5,-15.0,,51.9,71.8,-28.0,
2026-09-12,COUNTRY : INDIA,country,6.7,6.1,10.0,,0.0,0.0,,,662.3,778.6,-15.0,,58.6,77.9,-25.0,
2026-09-13,COUNTRY : INDIA,country,6.4,5.7,13.0,,0.0,0.0,,,668.8,784.3,-15.0,,65.0,83.6,-22.0,
2026-09-14,COUNTRY : INDIA,country,4.7,5.8,-19.0,,0.0,0.0,,,673.6,790.1,-15.0,,69.7,89.4,-22.0,
2026-09-15,COUNTRY : INDIA,country,5.7,5.8,-2.0,,0.0,0.0,,,679.3,795.9,-15.0,,75.4,95.2,-21.0,
2026-09-16,COUNTRY : INDIA,country,2.7,5.6,-52.0,,0.0,0.0,,,682.0,801.5,-15.0,,78.1,100.8,-23.0,
2026-09-17,COUNTRY : INDIA,country,4.4,5.3,-17.0,,0.0,0.0,,,686.4,806.8,-15.0,,82.5,106.1,-22.0,
2026-09-18,COUNTRY : INDIA,country,5.5,5.3,4.0,,0.0,0.0,,,691.9,812.1,-15.0,,88.0,111.4,-21.0,
2026-09-19,COUNTRY : INDIA,country,3.7,5.1,-27.0,,0.0,0.0,,,695.6,817.2,-15.0,,91.7,116.5,-21.0,
2026-09-20,COUNTRY : INDIA,country,4.0,4.8,-16.0,,0.0,0.0,,,699.7,822.0,-15.0,,95.7,121.3,-21.0,
2026-09-21,COUNTRY : INDIA,country,4.0,5.2,-23.0,,0.0,0.0,,,703.7,827.2,-15.0,,99.7,126.5,-21.0,
2026-09-22,COUNTRY : INDIA,country,3.2,5.2,-39.0,,0.0,0.0,,,706.9,832.4,-15.0,,102.9,131.7,-22.0,
2026-09-23,COUNTRY : INDIA,country,6.3,5.3,20.0,,0.0,0.0,,,713.3,837.7,-15.0,,109.2,137.0,-20.0,
2026-09-24,COUNTRY : INDIA,country,10.1,5.5,84.0,,0.0,0.0,,,723.5,843.2,-14.0,,119.3,142.5,-16.0,
2026-08-19,DADRA & NAGAR HAVELI AND DAMAN & DIU (UT),state_ut,1.9,7.2,-73.0,large_deficient,102.5,106.9,-4.0,normal,2667.5,1665.7,60.0,large_excess,291.6,399.3,-27.0,deficient
2026-08-20,DADRA & NAGAR HAVELI AND DAMAN & DIU (UT),state_ut,4.4,8.2,-47.0,deficient,102.5,106.9,-4.0,normal,2671.8,1673.9,60.0,large_excess,296.0,407.5,-27.0,deficient
2026-08-21,DADRA & NAGAR HAVELI AND DAMAN & DIU (UT),state_ut,4.3,12.2,-64.0,large_deficient,102.5,106.9,-4.0,normal,2676.2,1686.1,59.0,excess,300.3,419.7,-28.0,deficient
2026-08-22,DADRA & NAGAR HAVELI AND DAMAN & DIU (UT),state_ut,13.3,10.8,24.0,excess,102.5,106.9,-4.0,normal,2689.5,1696.9,58.0,excess,313.7,430.5,-27.0,deficient
2026-08-23,DADRA & NAGAR HAVELI AND DAMAN & DIU (UT),state_ut,14.0,12.9,8.0,normal,102.5,106.9,-4.0,normal,2703.5,1709.8,58.0,excess,327.7,443.4,-26.0,deficient
2026-08-24,DADRA & NAGAR HAVELI AND DAMAN & DIU (UT),state_ut,0.7,13.8,-95.0,large_deficient,102.5,106.9,-4.0,normal,2704.2,1723.6,57.0,excess,328.4,457.2,-28.0,deficient
2026-08-25,DADRA & NAGAR HAVELI AND DAMAN & DIU (UT),state_ut,10.3,19.2,-47.0,deficient,102.5,106.9,-4.0,normal,2714.5,1742.8,56.0,excess,338.6,476.4,-29.0,deficient
2026-08-26,DADRA & NAGAR HAVELI AND DAMAN & DIU (UT),state_ut,8.0,19.3,-59.0,deficient,55.0,96.4,-43.0,deficient,2722.5,1762.1,55.0,excess,346.6,495.7,-30.0,deficient
2026-08-27,DADRA & NAGAR HAVELI AND DAMAN & DIU (UT),state_ut,1.8,18.3,-90.0,large_deficient,55.0,96.4,-43.0,deficient,2724.2,1780.4,53.0,excess,348.4,514.0,-32.0,deficient
2026-08-28,DADRA & NAGAR HAVELI AND DAMAN & DIU (UT),state_ut,4.2,25.6,-84.0,large_deficient,55.0,96.4,-43.0,deficient,2728.5,1806.0,51.0,excess,352.6,539.6,-35.0,deficient
2026-08-29,DADRA & NAGAR HAVELI AND DAMAN & DIU (UT),state_ut,2.9,28.8,-90.0,large_deficient,55.0,96.4,-43.0,deficient,2731.3,1834.8,49.0,excess,355.5,568.4,-37.0,deficient
2026-08-30,DADRA & NAGAR HAVELI AND DAMAN & DIU (UT),state_ut,0.6,26.7,-98.0,large_deficient,55.0,96.4,-43.0,deficient,2731.9,1861.5,47.0,excess,356.1,595.1,-40.0,deficient
2026-08-31,DADRA & NAGAR HAVELI AND DAMAN & DIU (UT),state_ut,3.3,19.1,-83.0,large_deficient,55.0,96.4,-43.0,deficient,2735.3,1880.6,45.0,excess,359.4,614.2,-41.0,deficient
2026-09-01,DADRA & NAGAR HAVELI AND DAMAN & DIU (UT),state_ut,9.7,14.6,-34.0,deficient,55.0,96.4,-43.0,deficient,2745.0,1895.2,45.0,excess,359.4,614.2,-41.0,deficient
2026-09-02,DADRA & NAGAR HAVELI AND DAMAN & DIU (UT),state_ut,4.6,16.9,-73.0,large_deficient,27.1,150.0,-82.0,large_deficient,2749.6,1912.1,44.0,excess,14.3,31.5,-55.0,deficient
2026-09-03,DADRA & NAGAR HAVELI AND DAMAN & DIU (UT),state_ut,1.0,18.8,-95.0,large_deficient,27.1,150.0,-82.0,large_deficient,2750.6,1930.9,42.0,excess,15.3,50.3,-70.0,large_deficient
2026-09-04,DADRA & NAGAR HAVELI AND DAMAN & DIU (UT),state_ut,1.3,21.3,-94.0,large_deficient,27.1,150.0,-82.0,large_deficient,2751.9,1952.2,41.0,excess,16.6,71.6,-77.0,large_deficient
2026-09-05,DADRA & NAGAR HAVELI AND DAMAN & DIU (UT),state_ut,3.0,7.1,-57.0,deficient,27.1,150.0,-82.0,large_deficient,2754.9,1959.3,41.0,excess,19.6,78.7,-75.0,large_deficient
2026-09-06,DADRA & NAGAR HAVELI AND DAMAN & DIU (UT),state_ut,6.8,7.6,-11.0,normal,27.1,150.0,-82.0,large_deficient,2761.7,1966.9,40.0,excess,26.4,86.3,-69.0,large_deficient
2026-09-07,DADRA & NAGAR HAVELI AND DAMAN & DIU (UT),state_ut,6.2,10.6,-42.0,deficient,27.1,150.0,-82.0,large_deficient,2767.8,1977.5,40.0,excess,32.5,96.9,-66.0,large_deficient
2026-09-08,DADRA & NAGAR HAVELI AND DAMAN & DIU (UT),state_ut,8.9,9.6,-7.0,normal,27.1,150.0,-82.0,large_deficient,2776.7,1987.1,40.0,excess,41.5,106.5,-61.0,large_deficient
2026-09-09,DADRA & NAGAR HAVELI AND DAMAN & DIU (UT),state_ut,3.9,14.0,-72.0,large_deficient,31.0,89.0,-65.0,large_deficient,2780.6,2001.1,39.0,excess,45.3,120.5,-62.0,large_deficient
2026-09-10,DADRA & NAGAR HAVELI AND DAMAN & DIU (UT),state_ut,0.5,10.7,-95.0,large_deficient,31.0,89.0,-65.0,large_deficient,2781.1,2011.8,38.0,excess,45.9,131.2,-65.0,large_deficient
2026-09-11,DADRA & NAGAR HAVELI AND DAMAN & DIU (UT),state_ut,7.2,8.1,-11.0,normal,31.0,89.0,-65.0,large_deficient,2788.4,2019.9,38.0,excess,53.1,139.3,-62.0,large_deficient
2026-09-12,DADRA & NAGAR HAVELI AND DAMAN & DIU (UT),state_ut,0.0,6.8,-100.0,no_rain,31.0,89.0,-65.0,large_deficient,2788.4,2026.7,38.0,excess,53.1,146.1,-64.0,large_deficient
2026-09-13,DADRA & NAGAR HAVELI AND DAMAN & DIU (UT),state_ut,14.0,6.7,109.0,large_excess,31.0,89.0,-65.0,large_deficient,2802.4,2033.4,38.0,excess,67.1,152.8,-56.0,deficient
2026-09-14,DADRA & NAGAR HAVELI AND DAMAN & DIU (UT),state_ut,93.3,7.8,1096.0,large_excess,31.0,89.0,-65.0,large_deficient,2895.7,2041.2,42.0,excess,160.4,160.6,0.0,normal
2026-09-15,DADRA & NAGAR HAVELI AND DAMAN & DIU (UT),state_ut,25.0,6.6,279.0,large_excess,31.0,89.0,-65.0,large_deficient,2920.7,2047.8,43.0,excess,185.4,167.2,11.0,normal
2026-09-16,DADRA & NAGAR HAVELI AND DAMAN & DIU (UT),state_ut,7.2,7.1,2.0,normal,147.3,53.8,174.0,large_excess,2927.9,2054.9,42.0,excess,192.6,174.3,11.0,normal
2026-09-17,DADRA & NAGAR HAVELI AND DAMAN & DIU (UT),state_ut,0.8,18.1,-96.0,large_deficient,147.3,53.8,174.0,large_excess,2928.7,2073.0,41.0,excess,193.4,192.4,1.0,normal
2026-09-18,DADRA & NAGAR HAVELI AND DAMAN & DIU (UT),state_ut,8.5,7.4,15.0,normal,147.3,53.8,174.0,large_excess,2937.2,2080.4,41.0,excess,202.0,199.8,1.0,normal
2026-09-19,DADRA & NAGAR HAVELI AND DAMAN & DIU (UT),state_ut,7.2,14.4,-50.0,deficient,147.3,53.8,174.0,large_excess,2944.4,2094.8,41.0,excess,209.2,214.2,-2.0,normal
2026-09-20,DADRA & NAGAR HAVELI AND DAMAN & DIU (UT),state_ut,5.7,9.9,-43.0,deficient,147.3,53.8,174.0,large_excess,2950.1,2104.7,40.0,excess,214.8,224.1,-4.0,normal
2026-09-21,DADRA & NAGAR HAVELI AND DAMAN & DIU (UT),state_ut,5.6,7.9,-29.0,deficient,147.3,53.8,174.0,large_excess,2955.7,2112.6,40.0,excess,220.5,232.0,-5.0,normal
2026-09-22,DADRA & NAGAR HAVELI AND DAMAN & DIU (UT),state_ut,22.1,14.0,58.0,excess,147.3,53.8,174.0,large_excess,2977.8,2126.6,40.0,excess,242.6,246.0,-1.0,normal
2026-09-23,DADRA & NAGAR HAVELI AND DAMAN & DIU (UT),state_ut,13.7,12.4,10.0,normal,63.6,84.1,-24.0,deficient,2991.5,2139.0,40.0,excess,256.2,258.4,-1.0,normal
2026-09-24,DADRA & NAGAR HAVELI AND DAMAN & DIU (UT),state_ut,0.0,13.2,-100.0,no_rain,63.6,84.1,-24.0,deficient,2991.5,2152.2,39.0,excess,256.2,271.6,-6.0,normal
2026-08-19,DELHI (UT),state_ut,0.7,5.5,-88.0,large_deficient,14.9,48.8,-69.0,large_deficient,414.3,375.2,10.0,normal,178.3,123.6,44.0,excess
2026-08-20,DELHI (UT),state_ut,7.8,9.4,-17.0,normal,14.9,48.8,-69.0,large_deficient,421.9,384.6,10.0,normal,185.9,133.0,40.0,excess
2026-08-21,DELHI (UT),state_ut,0.8,3.8,-80.0,large_deficient,14.9,48.8,-69.0,large_deficient,422.7,388.4,9.0,normal,186.7,136.8,36.0,excess
2026-08-22,DELHI (UT),state_ut,6.1,5.8,5.0,normal,14.9,48.8,-69.0,large_deficient,428.8,394.2,9.0,normal,192.8,142.6,35.0,excess
2026-08-23,DELHI (UT),state_ut,2.9,6.1,-52.0,deficient,14.9,48.8,-69.0,large_deficient,431.7,400.3,8.0,normal,195.7,148.7,32.0,excess
2026-08-24,DELHI (UT),state_ut,4.9,7.7,-36.0,deficient,14.9,48.8,-69.0,large_deficient,436.6,408.0,7.0,normal,200.7,156.4,28.0,excess
2026-08-25,DELHI (UT),state_ut,51.9,3.0,1631.0,large_excess,14.9,48.8,-69.0,large_deficient,488.6,411.0,19.0,normal,252.6,159.4,58.0,excess
2026-08-26,DELHI (UT),state_ut,10.1,4.8,111.0,large_excess,84.4,40.6,108.0,large_excess,498.7,415.8,20.0,excess,262.7,164.2,60.0,large_excess
2026-08-27,DELHI (UT),state_ut,0.9,4.8,-81.0,large_deficient,84.4,40.6,108.0,large_excess,499.5,420.6,19.0,normal,263.6,169.0,56.0,excess
2026-08-28,DELHI (UT),state_ut,1.5,5.6,-73.0,large_deficient,84.4,40.6,108.0,large_excess,501.0,426.2,18.0,normal,265.0,174.6,52.0,excess
2026-08-29,DELHI (UT),state_ut,0.0,5.9,-100.0,no_rain,84.4,40.6,108.0,large_excess,501.0,432.1,16.0,normal,265.0,180.5,47.0,excess
2026-08-30,DELHI (UT),state_ut,0.0,3.8,-100.0,no_rain,84.4,40.6,108.0,large_excess,501.0,435.9,15.0,normal,265.0,184.3,44.0,excess
2026-08-31,DELHI (UT),state_ut,0.0,3.3,-100.0,no_rain,84.4,40.6,108.0,large_excess,501.0,439.2,14.0,normal,265.0,187.6,41.0,excess
2026-09-01,DELHI (UT),state_ut,0.0,7.4,-100.0,no_rain,84.4,40.6,108.0,large_excess,501.0,446.6,12.0,normal,265.0,187.6,41.0,excess
2026-09-02,DELHI (UT),state_ut,6.6,5.5,20.0,excess,8.9,36.3,-75.0,large_deficient,507.6,452.1,12.0,normal,6.6,12.9,-49.0,deficient
2026-09-03,DELHI (UT),state_ut,2.2,5.4,-60.0,large_deficient,8.9,36.3,-75.0,large_deficient,509.8,457.5,11.0,normal,8.8,18.3,-52.0,deficient
2026-09-04,DELHI (UT),state_ut,0.5,6.8,-92.0,large_deficient,8.9,36.3,-75.0,large_deficient,510.3,464.3,10.0,normal,9.3,25.1,-63.0,large_deficient
2026-09-05,DELHI (UT),state_ut,23.7,5.3,347.0,large_excess,8.9,36.3,-75.0,large_deficient,534.0,469.6,14.0,normal,33.0,30.4,9.0,normal
2026-09-06,DELHI (UT),state_ut,14.7,5.7,159.0,large_excess,8.9,36.3,-75.0,large_deficient,548.7,475.3,15.0,normal,47.7,36.1,32.0,excess
2026-09-07,DELHI (UT),state_ut,5.6,5.6,0.0,normal,8.9,36.3,-75.0,large_deficient,553.5,480.9,15.0,normal,52.5,41.7,26.0,excess
2026-09-08,DELHI (UT),state_ut,0.0,4.2,-100.0,no_rain,8.9,36.3,-75.0,large_deficient,553.5,485.1,14.0,normal,52.5,45.9,14.0,normal
2026-09-09,DELHI (UT),state_ut,0.0,6.5,-100.0,no_rain,45.9,39.5,16.0,normal,553.5,491.6,13.0,normal,52.5,52.4,0.0,normal
2026-09-10,DELHI (UT),state_ut,0.0,4.8,-100.0,no_rain,45.9,39.5,16.0,normal,553.5,496.4,11.0,normal,52.5,57.2,-8.0,normal
2026-09-11,DELHI (UT),state_ut,0.0,3.0,-100.0,no_rain,45.9,39.5,16.0,normal,553.5,499.4,11.0,normal,52.5,60.2,-13.0,normal
2026-09-12,DELHI (UT),state_ut,6.9,4.4,57.0,excess,45.9,39.5,16.0,normal,560.4,503.8,11.0,normal,59.4,64.6,-8.0,normal
2026-09-13,DELHI (UT),state_ut,2.3,6.2,-62.0,large_deficient,45.9,39.5,16.0,normal,562.6,510.0,10.0,normal,61.6,70.8,-13.0,normal
2026-09-14,DELHI (UT),state_ut,0.0,2.8,-100.0,no_rain,45.9,39.5,16.0,normal,562.6,512.8,10.0,normal,61.6,73.6,-16.0,normal
2026-09-15,DELHI (UT),state_ut,0.0,3.5,-100.0,no_rain,45.9,39.5,16.0,normal,562.6,516.3,9.0,normal,61.6,77.1,-20.0,deficient
2026-09-16,DELHI (UT),state_ut,0.1,2.9,-97.0,large_deficient,9.2,27.6,-67.0,large_deficient,562.7,519.2,8.0,normal,61.7,80.0,-23.0,deficient
2026-09-17,DELHI (UT),state_ut,0.0,3.5,-100.0,no_rain,9.2,27.6,-67.0,large_deficient,562.7,522.7,8.0,normal,61.7,83.5,-26.0,deficient
2026-09-18,DELHI (UT),state_ut,0.0,0.9,-100.0,no_rain,9.2,27.6,-67.0,large_deficient,562.7,523.6,7.0,normal,61.7,84.4,-27.0,deficient
2026-09-19,DELHI (UT),state_ut,0.0,1.6,-100.0,no_rain,9.2,27.6,-67.0,large_deficient,562.7,525.2,7.0,normal,61.7,86.0,-28.0,deficient
2026-09-20,DELHI (UT),state_ut,0.0,1.6,-100.0,no_rain,9.2,27.6,-67.0,large_deficient,562.7,526.8,7.0,normal,61.7,87.6,-30.0,deficient
2026-09-21,DELHI (UT),state_ut,0.0,1.4,-100.0,no_rain,9.2,27.6,-67.0,large_deficient,562.7,528.2,7.0,normal,61.7,89.0,-31.0,deficient
2026-09-22,DELHI (UT),state_ut,0.0,4.1,-100.0,no_rain,9.2,27.6,-67.0,large_deficient,562.7,532.3,6.0,normal,61.7,93.1,-34.0,deficient
2026-09-23,DELHI (UT),state_ut,0.0,4.1,-100.0,no_rain,0.0,17.2,-100.0,no_rain,562.7,536.4,5.0,normal,61.7,97.2,-37.0,deficient
2026-09-24,DELHI (UT),state_ut,0.0,2.6,-100.0,no_rain,0.0,17.2,-100.0,no_rain,562.7,539.0,4.0,normal,61.7,99.8,-38.0,deficient
2026-08-19,GOA,state_ut,15.7,18.1,-13.0,normal,112.1,156.5,-28.0,deficient,1631.9,2490.5,-34.0,deficient,376.5,529.5,-29.0,deficient
2026-08-20,GOA,state_ut,21.2,13.8,53.0,excess,112.1,156.5,-28.0,deficient,1653.1,2504.3,-34.0,deficient,397.7,543.3,-27.0,deficient
2026-08-21,GOA,state_ut,13.4,15.8,-15.0,normal,112.1,156.5,-28.0,deficient,1666.5,2520.1,-34.0,deficient,411.1,559.1,-26.0,deficient
2026-08-22,GOA,state_ut,17.7,12.1,47.0,excess,112.1,156.5,-28.0,deficient,1684.3,2532.2,-33.0,deficient,428.9,571.2,-25.0,deficient
2026-08-23,GOA,state_ut,11.6,13.7,-16.0,normal,112.1,156.5,-28.0,deficient,1695.8,2545.9,-33.0,deficient,440.4,584.9,-25.0,deficient
2026-08-24,GOA,state_ut,17.4,16.3,7.0,normal,112.1,156.5,-28.0,deficient,1713.2,2562.2,-33.0,deficient,457.8,601.2,-24.0,deficient
2026-08-25,GOA,state_ut,7.4,18.6,-60.0,large_deficient,112.1,156.5,-28.0,deficient,1720.6,2580.8,-33.0,deficient,465.2,619.8,-25.0,deficient
2026-08-26,GOA,state_ut,7.9,16.7,-53.0,deficient,96.6,107.0,-10.0,normal,1728.5,2597.5,-33.0,deficient,473.1,636.5,-26.0,deficient
2026-08-27,GOA,state_ut,5.2,16.4,-69.0,large_deficient,96.6,107.0,-10.0,normal,1733.7,2613.9,-34.0,deficient,478.3,652.9,-27.0,deficient
2026-08-28,GOA,state_ut,5.5,17.8,-69.0,large_deficient,96.6,107.0,-10.0,normal,1739.2,2631.7,-34.0,deficient,483.8,670.7,-28.0,deficient
2026-08-29,GOA,state_ut,4.1,18.7,-78.0,large_deficient,96.6,107.0,-10.0,normal,1743.3,2650.4,-34.0,deficient,487.9,689.4,-29.0,deficient
2026-08-30,GOA,state_ut,44.0,20.7,113.0,large_excess,96.6,107.0,-10.0,normal,1787.3,2671.1,-33.0,deficient,531.9,710.1,-25.0,deficient
2026-08-31,GOA,state_ut,4.7,18.2,-74.0,large_deficient,96.6,107.0,-10.0,normal,1792.0,2689.3,-33.0,deficient,536.6,728.3,-26.0,deficient
2026-09-01,GOA,state_ut,17.4,17.3,0.0,normal,96.6,107.0,-10.0,normal,1809.4,2706.6,-33.0,deficient,536.6,728.3,-26.0,deficient
2026-09-02,GOA,state_ut,16.9,15.3,10.0,normal,97.8,124.4,-21.0,deficient,1826.3,2721.9,-33.0,deficient,34.3,32.6,5.0,normal
2026-09-03,GOA,state_ut,14.0,13.7,2.0,normal,97.8,124.4,-21.0,deficient,1840.3,2735.6,-33.0,deficient,48.3,46.3,4.0,normal
2026-09-04,GOA,state_ut,7.4,14.7,-50.0,deficient,97.8,124.4,-21.0,deficient,1847.7,2750.3,-33.0,deficient,55.7,61.0,-9.0,normal
2026-09-05,GOA,state_ut,6.3,12.0,-48.0,deficient,97.8,124.4,-21.0,deficient,1854.0,2762.3,-33.0,deficient,61.9,73.0,-15.0,normal
2026-09-06,GOA,state_ut,2.7,13.4,-80.0,large_deficient,97.8,124.4,-21.0,deficient,1856.7,2775.7,-33.0,deficient,64.6,86.4,-25.0,deficient
2026-09-07,GOA,state_ut,0.1,12.7,-99.0,large_deficient,97.8,124.4,-21.0,deficient,1856.8,2788.4,-33.0,deficient,64.7,99.1,-35.0,deficient
2026-09-08,GOA,state_ut,10.5,11.7,-10.0,normal,97.8,124.4,-21.0,deficient,1867.3,2800.1,-33.0,deficient,75.2,110.8,-32.0,deficient
2026-09-09,GOA,state_ut,5.6,10.7,-47.0,deficient,46.6,88.9,-48.0,deficient,1872.9,2810.8,-33.0,deficient,80.9,121.5,-33.0,deficient
2026-09-10,GOA,state_ut,0.7,8.4,-92.0,large_deficient,46.6,88.9,-48.0,deficient,1873.6,2819.2,-34.0,deficient,81.6,129.9,-37.0,deficient
2026-09-11,GOA,state_ut,0.1,8.2,-99.0,large_deficient,46.6,88.9,-48.0,deficient,1873.7,2827.4,-34.0,deficient,81.6,138.1,-41.0,deficient
2026-09-12,GOA,state_ut,0.0,7.6,-100.0,no_rain,46.6,88.9,-48.0,deficient,1873.7,2835.0,-34.0,deficient,81.6,145.7,-44.0,deficient
2026-09-13,GOA,state_ut,0.0,9.3,-100.0,no_rain,46.6,88.9,-48.0,deficient,1873.7,2844.3,-34.0,deficient,81.6,155.0,-47.0,deficient
2026-09-14,GOA,state_ut,0.0,9.5,-100.0,no_rain,46.6,88.9,-48.0,deficient,1873.7,2853.8,-34.0,deficient,81.6,164.5,-50.0,deficient
2026-09-15,GOA,state_ut,0.0,8.2,-100.0,no_rain,46.6,88.9,-48.0,deficient,1873.7,2862.0,-35.0,deficient,81.6,172.7,-53.0,deficient
2026-09-16,GOA,state_ut,2.3,10.8,-78.0,large_deficient,3.1,62.0,-95.0,large_deficient,1876.0,2872.8,-35.0,deficient,84.0,183.5,-54.0,deficient
2026-09-17,GOA,state_ut,14.9,10.8,38.0,excess,3.1,62.0,-95.0,large_deficient,1891.0,2883.6,-34.0,deficient,98.9,194.3,-49.0,deficient
2026-09-18,GOA,state_ut,2.7,11.2,-76.0,large_deficient,3.1,62.0,-95.0,large_deficient,1893.6,2894.8,-35.0,deficient,101.6,205.5,-51.0,deficient
2026-09-19,GOA,state_ut,1.6,11.0,-86.0,large_deficient,3.1,62.0,-95.0,large_deficient,1895.2,2905.8,-35.0,deficient,103.1,216.5,-52.0,deficient
2026-09-20,GOA,state_ut,0.2,7.9,-97.0,large_deficient,3.1,62.0,-95.0,large_deficient,1895.4,2913.7,-35.0,deficient,103.3,224.4,-54.0,deficient
2026-09-21,GOA,state_ut,0.1,9.0,-99.0,large_deficient,3.1,62.0,-95.0,large_deficient,1895.5,2922.7,-35.0,deficient,103.4,233.4,-56.0,deficient
2026-09-22,GOA,state_ut,0.0,14.3,-100.0,no_rain,3.1,62.0,-95.0,large_deficient,1895.5,2937.0,-35.0,deficient,103.4,247.7,-58.0,deficient
2026-09-23,GOA,state_ut,36.0,7.1,407.0,large_excess,55.5,71.3,-22.0,deficient,1931.5,2944.1,-34.0,deficient,139.4,254.8,-45.0,deficient
2026-09-24,GOA,state_ut,29.3,9.2,218.0,large_excess,55.5,71.3,-22.0,deficient,1960.8,2953.3,-34.0,deficient,168.7,264.0,-36.0,deficient
2026-08-19,GUJARAT,state_ut,0.2,4.3,-96.0,large_deficient,20.6,41.5,-50.0,deficient,513.2,522.3,-2.0,normal,129.1,151.5,-15.0,normal
2026-08-20,GUJARAT,state_ut,0.1,4.4,-98.0,large_deficient,20.6,41.5,-50.0,deficient,513.3,526.7,-3.0,normal,129.2,155.9,-17.0,normal
2026-08-21,GUJARAT,state_ut,0.4,3.8,-90.0,large_deficient,20.6,41.5,-50.0,deficient,513.7,530.5,-3.0,normal,129.6,159.7,-19.0,normal
2026-08-22,GUJARAT,state_ut,0.6,3.9,-85.0,large_deficient,20.6,41.5,-50.0,deficient,514.2,534.4,-4.0,normal,130.2,163.6,-20.0,deficient
2026-08-23,GUJARAT,state_ut,0.5,4.6,-90.0,large_deficient,20.6,41.5,-50.0,deficient,514.7,539.0,-5.0,normal,130.7,168.2,-22.0,deficient
2026-08-24,GUJARAT,state_ut,0.4,7.7,-95.0,large_deficient,20.6,41.5,-50.0,deficient,515.1,546.7,-6.0,normal,131.1,175.9,-25.0,deficient
2026-08-25,GUJARAT,state_ut,0.2,6.6,-97.0,large_deficient,20.6,41.5,-50.0,deficient,515.3,553.3,-7.0,normal,131.2,182.5,-28.0,deficient
2026-08-26,GUJARAT,state_ut,0.2,5.0,-97.0,large_deficient,2.2,36.0,-94.0,large_deficient,515.4,558.3,-8.0,normal,131.4,187.5,-30.0,deficient
2026-08-27,GUJARAT,state_ut,0.1,4.9,-98.0,large_deficient,2.2,36.0,-94.0,large_deficient,515.5,563.2,-8.0,normal,131.5,192.4,-32.0,deficient
2026-08-28,GUJARAT,state_ut,0.1,6.0,-99.0,large_deficient,2.2,36.0,-94.0,large_deficient,515.6,569.2,-9.0,normal,131.5,198.4,-34.0,deficient
2026-08-29,GUJARAT,state_ut,0.1,7.7,-99.0,large_deficient,2.2,36.0,-94.0,large_deficient,515.7,576.9,-11.0,normal,131.6,206.1,-36.0,deficient
2026-08-30,GUJARAT,state_ut,0.1,9.3,-99.0,large_deficient,2.2,36.0,-94.0,large_deficient,515.8,586.2,-12.0,normal,131.7,215.4,-39.0,deficient
2026-08-31,GUJARAT,state_ut,0.3,8.6,-97.0,large_deficient,2.2,36.0,-94.0,large_deficient,516.0,594.8,-13.0,normal,132.0,224.0,-41.0,deficient
2026-09-01,GUJARAT,state_ut,0.4,6.1,-94.0,large_deficient,2.2,36.0,-94.0,large_deficient,516.4,600.9,-14.0,normal,132.0,224.0,-41.0,deficient
2026-09-02,GUJARAT,state_ut,0.2,4.2,-95.0,large_deficient,1.2,46.8,-97.0,large_deficient,516.6,605.1,-15.0,normal,0.6,10.3,-94.0,large_deficient
2026-09-03,GUJARAT,state_ut,0.2,4.9,-97.0,large_deficient,1.2,46.8,-97.0,large_deficient,516.8,610.0,-15.0,normal,0.8,15.2,-95.0,large_deficient
2026-09-04,GUJARAT,state_ut,0.1,5.1,-97.0,large_deficient,1.2,46.8,-97.0,large_deficient,516.9,615.1,-16.0,normal,0.9,20.3,-96.0,large_deficient
2026-09-05,GUJARAT,state_ut,0.3,4.2,-93.0,large_deficient,1.2,46.8,-97.0,large_deficient,517.2,619.3,-16.0,normal,1.2,24.5,-95.0,large_deficient
2026-09-06,GUJARAT,state_ut,0.2,3.9,-96.0,large_deficient,1.2,46.8,-97.0,large_deficient,517.3,623.2,-17.0,normal,1.3,28.4,-95.0,large_deficient
2026-09-07,GUJARAT,state_ut,0.3,6.2,-95.0,large_deficient,1.2,46.8,-97.0,large_deficient,517.6,629.4,-18.0,normal,1.6,34.6,-95.0,large_deficient
2026-09-08,GUJARAT,state_ut,0.4,5.2,-93.0,large_deficient,1.2,46.8,-97.0,large_deficient,518.0,634.6,-18.0,normal,2.0,39.8,-95.0,large_deficient
2026-09-09,GUJARAT,state_ut,0.0,4.5,-99.0,large_deficient,1.4,34.0,-96.0,large_deficient,518.0,639.1,-19.0,normal,2.0,44.3,-95.0,large_deficient
2026-09-10,GUJARAT,state_ut,1.2,4.6,-75.0,large_deficient,1.4,34.0,-96.0,large_deficient,519.2,643.7,-19.0,normal,3.2,48.9,-93.0,large_deficient
2026-09-11,GUJARAT,state_ut,0.2,3.3,-93.0,large_deficient,1.4,34.0,-96.0,large_deficient,519.5,647.0,-20.0,deficient,3.4,52.2,-93.0,large_deficient
2026-09-12,GUJARAT,state_ut,0.4,4.5,-91.0,large_deficient,1.4,34.0,-96.0,large_deficient,519.9,651.5,-20.0,deficient,3.9,56.7,-93.0,large_deficient
2026-09-13,GUJARAT,state_ut,14.5,4.8,201.0,large_excess,1.4,34.0,-96.0,large_deficient,534.3,656.3,-19.0,normal,18.3,61.5,-70.0,large_deficient
2026-09-14,GUJARAT,state_ut,17.9,4.2,325.0,large_excess,1.4,34.0,-96.0,large_deficient,552.2,660.5,-16.0,normal,36.2,65.7,-45.0,deficient
2026-09-15,GUJARAT,state_ut,47.1,3.4,1285.0,large_excess,1.4,34.0,-96.0,large_deficient,599.3,663.9,-10.0,normal,83.3,69.1,21.0,excess
2026-09-16,GUJARAT,state_ut,6.2,2.8,123.0,large_excess,87.5,27.6,217.0,large_excess,605.5,666.7,-9.0,normal,89.5,71.9,25.0,excess
2026-09-17,GUJARAT,state_ut,0.8,3.3,-76.0,large_deficient,87.5,27.6,217.0,large_excess,606.3,670.0,-10.0,normal,90.3,75.2,20.0,excess
2026-09-18,GUJARAT,state_ut,12.3,3.9,214.0,large_excess,87.5,27.6,217.0,large_excess,618.6,673.9,-8.0,normal,102.6,79.1,30.0,excess
2026-09-19,GUJARAT,state_ut,8.6,3.1,176.0,large_excess,87.5,27.6,217.0,large_excess,627.1,677.0,-7.0,normal,111.1,82.2,35.0,excess
2026-09-20,GUJARAT,state_ut,2.2,3.0,-28.0,deficient,87.5,27.6,217.0,large_excess,629.3,680.0,-7.0,normal,113.3,85.2,33.0,excess
2026-09-21,GUJARAT,state_ut,5.8,2.9,99.0,large_excess,87.5,27.6,217.0,large_excess,635.1,682.9,-7.0,normal,119.1,88.1,35.0,excess
2026-09-22,GUJARAT,state_ut,1.0,2.8,-65.0,large_deficient,87.5,27.6,217.0,large_excess,636.1,685.7,-7.0,normal,120.0,90.9,32.0,excess
2026-09-23,GUJARAT,state_ut,2.3,3.5,-34.0,deficient,32.8,22.5,46.0,excess,638.4,689.2,-7.0,normal,122.3,94.4,30.0,excess
2026-09-24,GUJARAT,state_ut,0.1,4.6,-97.0,large_deficient,32.8,22.5,46.0,excess,638.5,693.8,-8.0,normal,122.5,99.0,24.0,excess
2026-08-19,HARYANA,state_ut,3.9,4.8,-19.0,normal,17.9,33.5,-47.0,deficient,257.9,299.9,-14.0,normal,109.9,96.1,14.0,normal
2026-08-20,HARYANA,state_ut,1.9,4.4,-58.0,deficient,17.9,33.5,-47.0,deficient,259.8,304.3,-15.0,normal,111.8,100.5,11.0,normal
2026-08-21,HARYANA,state_ut,2.0,3.6,-45.0,deficient,17.9,33.5,-47.0,deficient,261.7,307.9,-15.0,normal,113.7,104.1,9.0,normal
2026-08-22,HARYANA,state_ut,3.3,4.2,-22.0,deficient,17.9,33.5,-47.0,deficient,265.0,312.1,-15.0,normal,117.0,108.3,8.0,normal
2026-08-23,HARYANA,state_ut,3.5,5.6,-38.0,deficient,17.9,33.5,-47.0,deficient,268.5,317.7,-15.0,normal,120.5,113.9,6.0,normal
2026-08-24,HARYANA,state_ut,1.7,5.0,-66.0,large_deficient,17.9,33.5,-47.0,deficient,270.1,322.7,-16.0,normal,122.2,118.9,3.0,normal
2026-08-25,HARYANA,state_ut,8.2,3.5,134.0,large_excess,17.9,33.5,-47.0,deficient,278.3,326.2,-15.0,normal,130.3,122.4,6.0,normal
2026-08-26,HARYANA,state_ut,1.9,4.0,-53.0,deficient,22.3,30.3,-26.0,deficient,280.2,330.2,-15.0,normal,132.2,126.4,5.0,normal
2026-08-27,HARYANA,state_ut,0.3,5.1,-93.0,large_deficient,22.3,30.3,-26.0,deficient,280.6,335.3,-16.0,normal,132.6,131.5,1.0,normal
2026-08-28,HARYANA,state_ut,0.7,5.7,-87.0,large_deficient,22.3,30.3,-26.0,deficient,281.3,341.0,-18.0,normal,133.3,137.2,-3.0,normal
2026-08-29,HARYANA,state_ut,0.5,3.6,-86.0,large_deficient,22.3,30.3,-26.0,deficient,281.8,344.6,-18.0,normal,133.8,140.8,-5.0,normal
2026-08-30,HARYANA,state_ut,0.6,3.1,-79.0,large_deficient,22.3,30.3,-26.0,deficient,282.5,347.7,-19.0,normal,134.5,143.9,-7.0,normal
2026-08-31,HARYANA,state_ut,0.9,2.2,-57.0,deficient,22.3,30.3,-26.0,deficient,283.4,349.9,-19.0,normal,135.4,146.1,-7.0,normal
2026-09-01,HARYANA,state_ut,0.1,3.7,-98.0,large_deficient,22.3,30.3,-26.0,deficient,283.5,353.6,-20.0,deficient,135.4,146.1,-7.0,normal
2026-09-02,HARYANA,state_ut,1.4,3.7,-63.0,large_deficient,4.6,27.1,-83.0,large_deficient,284.9,357.3,-20.0,deficient,1.4,7.4,-80.0,large_deficient
2026-09-03,HARYANA,state_ut,2.7,3.4,-21.0,deficient,4.6,27.1,-83.0,large_deficient,287.6,360.7,-20.0,deficient,4.1,10.8,-62.0,large_deficient
2026-09-04,HARYANA,state_ut,1.6,4.7,-67.0,large_deficient,4.6,27.1,-83.0,large_deficient,289.1,365.4,-21.0,deficient,5.7,15.5,-63.0,large_deficient
2026-09-05,HARYANA,state_ut,5.6,4.9,15.0,normal,4.6,27.1,-83.0,large_deficient,294.8,370.3,-20.0,deficient,11.3,20.4,-44.0,deficient
2026-09-06,HARYANA,state_ut,4.9,3.6,35.0,excess,4.6,27.1,-83.0,large_deficient,299.6,373.9,-20.0,deficient,16.2,24.0,-32.0,deficient
2026-09-07,HARYANA,state_ut,2.2,4.0,-44.0,deficient,4.6,27.1,-83.0,large_deficient,301.9,377.9,-20.0,deficient,18.4,28.0,-34.0,deficient
2026-09-08,HARYANA,state_ut,0.7,3.8,-82.0,large_deficient,4.6,27.1,-83.0,large_deficient,302.6,381.7,-21.0,deficient,19.1,31.8,-40.0,deficient
2026-09-09,HARYANA,state_ut,0.0,3.4,-99.0,large_deficient,17.7,27.8,-36.0,deficient,302.6,385.1,-21.0,deficient,19.2,35.2,-46.0,deficient
2026-09-10,HARYANA,state_ut,0.0,3.3,-99.0,large_deficient,17.7,27.8,-36.0,deficient,302.6,388.4,-22.0,deficient,19.2,38.5,-50.0,deficient
2026-09-11,HARYANA,state_ut,0.0,3.2,-100.0,no_rain,17.7,27.8,-36.0,deficient,302.6,391.6,-23.0,deficient,19.2,41.7,-54.0,deficient
2026-09-12,HARYANA,state_ut,3.9,3.8,2.0,normal,17.7,27.8,-36.0,deficient,306.5,395.4,-22.0,deficient,23.1,45.5,-49.0,deficient
2026-09-13,HARYANA,state_ut,0.6,3.4,-84.0,large_deficient,17.7,27.8,-36.0,deficient,307.1,398.8,-23.0,deficient,23.6,48.9,-52.0,deficient
2026-09-14,HARYANA,state_ut,3.4,2.3,47.0,excess,17.7,27.8,-36.0,deficient,310.5,401.1,-23.0,deficient,27.0,51.2,-47.0,deficient
2026-09-15,HARYANA,state_ut,0.9,2.4,-61.0,large_deficient,17.7,27.8,-36.0,deficient,311.4,403.5,-23.0,deficient,28.0,53.6,-48.0,deficient
2026-09-16,HARYANA,state_ut,0.0,2.2,-99.0,large_deficient,8.8,20.6,-57.0,deficient,311.4,405.7,-23.0,deficient,28.0,55.8,-50.0,deficient
2026-09-17,HARYANA,state_ut,6.0,1.3,365.0,large_excess,8.8,20.6,-57.0,deficient,317.5,407.0,-22.0,deficient,34.0,57.1,-40.0,deficient
2026-09-18,HARYANA,state_ut,0.1,1.2,-94.0,large_deficient,8.8,20.6,-57.0,deficient,317.5,408.2,-22.0,deficient,34.1,58.3,-42.0,deficient
2026-09-19,HARYANA,state_ut,0.0,1.5,-100.0,no_rain,8.8,20.6,-57.0,deficient,317.5,409.7,-22.0,deficient,34.1,59.8,-43.0,deficient
2026-09-20,HARYANA,state_ut,0.0,2.0,-100.0,no_rain,8.8,20.6,-57.0,deficient,317.5,411.7,-23.0,deficient,34.1,61.8,-45.0,deficient
2026-09-21,HARYANA,state_ut,0.0,1.3,-100.0,no_rain,8.8,20.6,-57.0,deficient,317.5,413.0,-23.0,deficient,34.1,63.1,-46.0,deficient
2026-09-22,HARYANA,state_ut,0.0,2.3,-100.0,no_rain,8.8,20.6,-57.0,deficient,317.5,415.3,-24.0,deficient,34.1,65.4,-48.0,deficient
2026-09-23,HARYANA,state_ut,0.0,3.3,-100.0,no_rain,6.1,12.9,-53.0,deficient,317.5,418.6,-24.0,deficient,34.1,68.7,-50.0,deficient
2026-09-24,HARYANA,state_ut,0.0,3.3,-100.0,no_rain,6.1,12.9,-53.0,deficient,317.5,421.9,-25.0,deficient,34.1,72.0,-53.0,deficient
2026-08-19,HIMACHAL PRADESH,state_ut,24.7,7.8,216.0,large_excess,59.3,62.4,-5.0,normal,503.6,535.4,-6.0,normal,162.1,178.4,-9.0,normal
2026-08-20,HIMACHAL PRADESH,state_ut,4.3,8.2,-47.0,deficient,59.3,62.4,-5.0,normal,507.9,543.6,-7.0,normal,166.4,186.6,-11.0,normal
2026-08-21,HIMACHAL PRADESH,state_ut,0.5,6.8,-92.0,large_deficient,59.3,62.4,-5.0,normal,508.5,550.4,-8.0,normal,166.9,193.4,-14.0,normal
2026-08-22,HIMACHAL PRADESH,state_ut,7.8,7.7,1.0,normal,59.3,62.4,-5.0,normal,516.2,558.1,-8.0,normal,174.7,201.1,-13.0,normal
2026-08-23,HIMACHAL PRADESH,state_ut,9.5,6.6,44.0,excess,59.3,62.4,-5.0,normal,525.7,564.7,-7.0,normal,184.2,207.7,-11.0,normal
2026-08-24,HIMACHAL PRADESH,state_ut,5.2,6.7,-22.0,deficient,59.3,62.4,-5.0,normal,530.9,571.4,-7.0,normal,189.4,214.4,-12.0,normal
2026-08-25,HIMACHAL PRADESH,state_ut,0.6,6.5,-91.0,large_deficient,59.3,62.4,-5.0,normal,531.5,577.9,-8.0,normal,190.0,220.9,-14.0,normal
2026-08-26,HIMACHAL PRADESH,state_ut,5.7,6.3,-10.0,normal,33.5,48.8,-31.0,deficient,537.1,584.2,-8.0,normal,195.6,227.2,-14.0,normal
2026-08-27,HIMACHAL PRADESH,state_ut,3.6,7.6,-53.0,deficient,33.5,48.8,-31.0,deficient,540.7,591.8,-9.0,normal,199.2,234.8,-15.0,normal
2026-08-28,HIMACHAL PRADESH,state_ut,2.7,6.6,-59.0,deficient,33.5,48.8,-31.0,deficient,543.4,598.4,-9.0,normal,201.9,241.4,-16.0,normal
2026-08-29,HIMACHAL PRADESH,state_ut,2.3,5.3,-57.0,deficient,33.5,48.8,-31.0,deficient,545.7,603.7,-10.0,normal,204.2,246.7,-17.0,normal
2026-08-30,HIMACHAL PRADESH,state_ut,1.1,5.0,-77.0,large_deficient,33.5,48.8,-31.0,deficient,546.8,608.7,-10.0,normal,205.3,251.7,-18.0,normal
2026-08-31,HIMACHAL PRADESH,state_ut,10.3,5.1,102.0,large_excess,33.5,48.8,-31.0,deficient,557.1,613.8,-9.0,normal,215.6,256.8,-16.0,normal
2026-09-01,HIMACHAL PRADESH,state_ut,5.3,5.1,5.0,normal,33.5,48.8,-31.0,deficient,562.5,618.9,-9.0,normal,215.6,256.8,-16.0,normal
2026-09-02,HIMACHAL PRADESH,state_ut,15.4,5.0,208.0,large_excess,40.7,39.7,3.0,normal,577.9,623.9,-7.0,normal,20.7,10.1,105.0,large_excess
2026-09-03,HIMACHAL PRADESH,state_ut,6.6,6.3,4.0,normal,40.7,39.7,3.0,normal,584.5,630.2,-7.0,normal,27.3,16.4,67.0,large_excess
2026-09-04,HIMACHAL PRADESH,state_ut,4.6,6.7,-31.0,deficient,40.7,39.7,3.0,normal,589.1,636.9,-8.0,normal,31.9,23.1,38.0,excess
2026-09-05,HIMACHAL PRADESH,state_ut,2.8,6.4,-56.0,deficient,40.7,39.7,3.0,normal,591.9,643.3,-8.0,normal,34.8,29.5,18.0,normal
2026-09-06,HIMACHAL PRADESH,state_ut,4.2,4.8,-12.0,normal,40.7,39.7,3.0,normal,596.1,648.1,-8.0,normal,39.0,34.3,14.0,normal
2026-09-07,HIMACHAL PRADESH,state_ut,1.1,4.0,-74.0,large_deficient,40.7,39.7,3.0,normal,597.2,652.1,-8.0,normal,40.0,38.3,5.0,normal
2026-09-08,HIMACHAL PRADESH,state_ut,2.1,5.8,-64.0,large_deficient,40.7,39.7,3.0,normal,599.2,657.9,-9.0,normal,42.1,44.1,-5.0,normal
2026-09-09,HIMACHAL PRADESH,state_ut,0.8,6.0,-86.0,large_deficient,22.2,40.0,-45.0,deficient,600.0,663.9,-10.0,normal,42.9,50.1,-14.0,normal
2026-09-10,HIMACHAL PRADESH,state_ut,0.5,6.3,-91.0,large_deficient,22.2,40.0,-45.0,deficient,600.6,670.2,-10.0,normal,43.5,56.4,-23.0,deficient
2026-09-11,HIMACHAL PRADESH,state_ut,0.3,4.0,-93.0,large_deficient,22.2,40.0,-45.0,deficient,600.8,674.2,-11.0,normal,43.7,60.4,-28.0,deficient
2026-09-12,HIMACHAL PRADESH,state_ut,8.1,4.2,92.0,large_excess,22.2,40.0,-45.0,deficient,608.9,678.4,-10.0,normal,51.8,64.6,-20.0,deficient
2026-09-13,HIMACHAL PRADESH,state_ut,2.0,4.0,-50.0,deficient,22.2,40.0,-45.0,deficient,610.9,682.4,-10.0,normal,53.8,68.6,-22.0,deficient
2026-09-14,HIMACHAL PRADESH,state_ut,6.2,4.1,51.0,excess,22.2,40.0,-45.0,deficient,617.1,686.5,-10.0,normal,60.0,72.7,-18.0,normal
2026-09-15,HIMACHAL PRADESH,state_ut,5.0,3.1,61.0,large_excess,22.2,40.0,-45.0,deficient,622.1,689.6,-10.0,normal,64.9,75.8,-14.0,normal
2026-09-16,HIMACHAL PRADESH,state_ut,1.8,2.5,-29.0,deficient,23.8,28.2,-16.0,normal,623.8,692.1,-10.0,normal,66.7,78.3,-15.0,normal
2026-09-17,HIMACHAL PRADESH,state_ut,9.0,2.9,209.0,large_excess,23.8,28.2,-16.0,normal,632.8,695.0,-9.0,normal,75.7,81.2,-7.0,normal
2026-09-18,HIMACHAL PRADESH,state_ut,3.6,3.3,8.0,normal,23.8,28.2,-16.0,normal,636.4,698.3,-9.0,normal,79.3,84.5,-6.0,normal
2026-09-19,HIMACHAL PRADESH,state_ut,0.0,3.4,-100.0,no_rain,23.8,28.2,-16.0,normal,636.4,701.7,-9.0,normal,79.3,87.9,-10.0,normal
2026-09-20,HIMACHAL PRADESH,state_ut,0.0,3.8,-100.0,no_rain,23.8,28.2,-16.0,normal,636.4,705.5,-10.0,normal,79.3,91.7,-14.0,normal
2026-09-21,HIMACHAL PRADESH,state_ut,0.0,2.5,-100.0,no_rain,23.8,28.2,-16.0,normal,636.4,708.0,-10.0,normal,79.3,94.2,-16.0,normal
2026-09-22,HIMACHAL PRADESH,state_ut,0.0,3.4,-100.0,no_rain,23.8,28.2,-16.0,normal,636.4,711.4,-11.0,normal,79.3,97.6,-19.0,normal
2026-09-23,HIMACHAL PRADESH,state_ut,0.0,6.2,-100.0,no_rain,12.5,25.5,-51.0,deficient,636.4,717.6,-11.0,normal,79.3,103.8,-24.0,deficient
2026-09-24,HIMACHAL PRADESH,state_ut,0.0,5.5,-100.0,no_rain,12.5,25.5,-51.0,deficient,636.4,723.1,-12.0,normal,79.3,109.3,-27.0,deficient
2026-08-19,JAMMU & KASHMIR (UT),state_ut,11.8,4.4,167.0,large_excess,31.1,42.0,-26.0,deficient,417.1,394.1,6.0,normal,99.5,125.6,-21.0,deficient
2026-08-20,JAMMU & KASHMIR (UT),state_ut,6.0,4.8,25.0,excess,31.1,42.0,-26.0,deficient,423.1,398.9,6.0,normal,105.5,130.4,-19.0,normal
2026-08-21,JAMMU & KASHMIR (UT),state_ut,1.7,5.1,-66.0,large_deficient,31.1,42.0,-26.0,deficient,424.7,404.0,5.0,normal,107.1,135.5,-21.0,deficient
2026-08-22,JAMMU & KASHMIR (UT),state_ut,1.7,5.0,-66.0,large_deficient,31.1,42.0,-26.0,deficient,426.4,409.0,4.0,normal,108.8,140.5,-23.0,deficient
2026-08-23,JAMMU & KASHMIR (UT),state_ut,14.7,5.1,189.0,large_excess,31.1,42.0,-26.0,deficient,441.1,414.1,7.0,normal,123.5,145.6,-15.0,normal
2026-08-24,JAMMU & KASHMIR (UT),state_ut,2.8,6.2,-56.0,deficient,31.1,42.0,-26.0,deficient,443.9,420.3,6.0,normal,126.3,151.8,-17.0,normal
2026-08-25,JAMMU & KASHMIR (UT),state_ut,0.2,4.7,-96.0,large_deficient,31.1,42.0,-26.0,deficient,444.1,425.0,4.0,normal,126.5,156.5,-19.0,normal
2026-08-26,JAMMU & KASHMIR (UT),state_ut,0.1,3.8,-99.0,large_deficient,27.1,34.7,-22.0,deficient,444.1,428.8,4.0,normal,126.5,160.3,-21.0,deficient
2026-08-27,JAMMU & KASHMIR (UT),state_ut,2.3,5.4,-58.0,deficient,27.1,34.7,-22.0,deficient,446.4,434.2,3.0,normal,128.8,165.7,-22.0,deficient
2026-08-28,JAMMU & KASHMIR (UT),state_ut,1.5,7.4,-79.0,large_deficient,27.1,34.7,-22.0,deficient,447.9,441.6,1.0,normal,130.4,173.1,-25.0,deficient
2026-08-29,JAMMU & KASHMIR (UT),state_ut,8.1,3.4,139.0,large_excess,27.1,34.7,-22.0,deficient,456.1,445.0,2.0,normal,138.5,176.5,-22.0,deficient
2026-08-30,JAMMU & KASHMIR (UT),state_ut,1.4,3.6,-60.0,large_deficient,27.1,34.7,-22.0,deficient,457.5,448.6,2.0,normal,139.9,180.1,-22.0,deficient
2026-08-31,JAMMU & KASHMIR (UT),state_ut,1.1,4.8,-76.0,large_deficient,27.1,34.7,-22.0,deficient,458.7,453.4,1.0,normal,141.1,184.9,-24.0,deficient
2026-09-01,JAMMU & KASHMIR (UT),state_ut,9.2,3.1,197.0,large_excess,27.1,34.7,-22.0,deficient,467.9,456.5,2.0,normal,141.1,184.9,-24.0,deficient
2026-09-02,JAMMU & KASHMIR (UT),state_ut,12.6,4.6,174.0,large_excess,36.4,32.3,13.0,normal,480.5,461.1,4.0,normal,21.8,7.7,184.0,large_excess
2026-09-03,JAMMU & KASHMIR (UT),state_ut,1.9,4.8,-60.0,large_deficient,36.4,32.3,13.0,normal,482.4,465.9,4.0,normal,23.8,12.5,90.0,large_excess
2026-09-04,JAMMU & KASHMIR (UT),state_ut,5.5,5.1,7.0,normal,36.4,32.3,13.0,normal,487.9,471.0,4.0,normal,29.2,17.6,66.0,large_excess
2026-09-05,JAMMU & KASHMIR (UT),state_ut,3.8,6.5,-42.0,deficient,36.4,32.3,13.0,normal,491.3,477.5,3.0,normal,32.6,24.1,35.0,excess
2026-09-06,JAMMU & KASHMIR (UT),state_ut,2.3,3.5,-35.0,deficient,36.4,32.3,13.0,normal,493.6,481.0,3.0,normal,34.9,27.6,26.0,excess
2026-09-07,JAMMU & KASHMIR (UT),state_ut,0.8,4.0,-80.0,large_deficient,36.4,32.3,13.0,normal,494.4,485.0,2.0,normal,35.7,31.6,13.0,normal
2026-09-08,JAMMU & KASHMIR (UT),state_ut,0.1,3.7,-98.0,large_deficient,36.4,32.3,13.0,normal,494.4,488.7,1.0,normal,35.7,35.3,1.0,normal
2026-09-09,JAMMU & KASHMIR (UT),state_ut,0.7,5.1,-86.0,large_deficient,14.6,32.7,-55.0,deficient,495.1,493.8,0.0,normal,36.5,40.4,-10.0,normal
2026-09-10,JAMMU & KASHMIR (UT),state_ut,1.8,5.9,-70.0,large_deficient,14.6,32.7,-55.0,deficient,496.9,499.7,-1.0,normal,38.2,46.3,-17.0,normal
2026-09-11,JAMMU & KASHMIR (UT),state_ut,0.0,3.6,-100.0,no_rain,14.6,32.7,-55.0,deficient,496.9,503.3,-1.0,normal,38.2,49.9,-23.0,deficient
2026-09-12,JAMMU & KASHMIR (UT),state_ut,3.3,2.2,51.0,excess,14.6,32.7,-55.0,deficient,500.2,505.5,-1.0,normal,41.5,52.1,-20.0,deficient
2026-09-13,JAMMU & KASHMIR (UT),state_ut,0.4,2.1,-81.0,large_deficient,14.6,32.7,-55.0,deficient,500.6,507.6,-1.0,normal,42.0,54.2,-23.0,deficient
2026-09-14,JAMMU & KASHMIR (UT),state_ut,1.2,3.1,-62.0,large_deficient,14.6,32.7,-55.0,deficient,501.8,510.7,-2.0,normal,43.1,57.3,-25.0,deficient
2026-09-15,JAMMU & KASHMIR (UT),state_ut,3.7,2.0,87.0,large_excess,14.6,32.7,-55.0,deficient,505.6,512.7,-1.0,normal,46.9,59.3,-21.0,deficient
2026-09-16,JAMMU & KASHMIR (UT),state_ut,0.1,3.0,-98.0,large_deficient,10.5,21.9,-52.0,deficient,505.6,515.7,-2.0,normal,47.0,62.3,-25.0,deficient
2026-09-17,JAMMU & KASHMIR (UT),state_ut,18.1,1.4,1193.0,large_excess,10.5,21.9,-52.0,deficient,523.7,517.1,1.0,normal,65.1,63.7,2.0,normal
2026-09-18,JAMMU & KASHMIR (UT),state_ut,1.2,2.9,-59.0,deficient,10.5,21.9,-52.0,deficient,524.9,520.0,1.0,normal,66.3,66.6,0.0,normal
2026-09-19,JAMMU & KASHMIR (UT),state_ut,0.8,2.4,-66.0,large_deficient,10.5,21.9,-52.0,deficient,525.8,522.4,1.0,normal,67.1,69.0,-3.0,normal
2026-09-20,JAMMU & KASHMIR (UT),state_ut,0.0,1.1,-100.0,no_rain,10.5,21.9,-52.0,deficient,525.8,523.5,0.0,normal,67.1,70.1,-4.0,normal
2026-09-21,JAMMU & KASHMIR (UT),state_ut,0.0,1.6,-100.0,no_rain,10.5,21.9,-52.0,deficient,525.8,525.1,0.0,normal,67.1,71.7,-6.0,normal
2026-09-22,JAMMU & KASHMIR (UT),state_ut,0.0,1.9,-100.0,no_rain,10.5,21.9,-52.0,deficient,525.8,527.0,0.0,normal,67.1,73.6,-9.0,normal
2026-09-23,JAMMU & KASHMIR (UT),state_ut,0.2,5.1,-96.0,large_deficient,20.3,16.4,24.0,excess,526.0,532.1,-1.0,normal,67.3,78.7,-14.0,normal
2026-09-24,JAMMU & KASHMIR (UT),state_ut,0.3,4.6,-93.0,large_deficient,20.3,16.4,24.0,excess,526.3,536.7,-2.0,normal,67.6,83.3,-19.0,normal
2026-08-19,JHARKHAND,state_ut,27.0,10.7,152.0,large_excess,144.5,72.9,98.0,large_excess,612.6,700.5,-13.0,normal,252.5,192.3,31.0,excess
2026-08-20,JHARKHAND,state_ut,3.3,11.2,-71.0,large_deficient,144.5,72.9,98.0,large_excess,615.6,711.7,-14.0,normal,255.4,203.5,26.0,excess
2026-08-21,JHARKHAND,state_ut,0.8,9.5,-92.0,large_deficient,144.5,72.9,98.0,large_excess,616.3,721.2,-15.0,normal,256.2,213.0,20.0,excess
2026-08-22,JHARKHAND,state_ut,0.4,9.3,-96.0,large_deficient,144.5,72.9,98.0,large_excess,616.7,730.5,-16.0,normal,256.6,222.3,15.0,normal
2026-08-23,JHARKHAND,state_ut,3.5,7.8,-55.0,deficient,144.5,72.9,98.0,large_excess,620.0,738.3,-16.0,normal,259.9,230.1,13.0,normal
2026-08-24,JHARKHAND,state_ut,18.9,6.2,205.0,large_excess,144.5,72.9,98.0,large_excess,637.7,744.5,-14.0,normal,277.6,236.3,17.0,normal
2026-08-25,JHARKHAND,state_ut,16.5,6.9,139.0,large_excess,144.5,72.9,98.0,large_excess,653.8,751.4,-13.0,normal,293.7,243.2,21.0,excess
2026-08-26,JHARKHAND,state_ut,5.6,7.7,-28.0,deficient,47.6,58.6,-19.0,normal,659.3,759.1,-13.0,normal,299.2,250.9,19.0,normal
2026-08-27,JHARKHAND,state_ut,4.8,9.4,-49.0,deficient,47.6,58.6,-19.0,normal,664.0,768.5,-14.0,normal,303.9,260.3,17.0,normal
2026-08-28,JHARKHAND,state_ut,14.6,9.8,49.0,excess,47.6,58.6,-19.0,normal,677.2,778.3,-13.0,normal,317.1,270.1,17.0,normal
2026-08-29,JHARKHAND,state_ut,14.7,8.2,80.0,large_excess,47.6,58.6,-19.0,normal,691.0,786.5,-12.0,normal,330.9,278.3,19.0,normal
2026-08-30,JHARKHAND,state_ut,19.4,6.0,223.0,large_excess,47.6,58.6,-19.0,normal,710.0,792.5,-10.0,normal,349.9,284.3,23.0,excess
2026-08-31,JHARKHAND,state_ut,21.9,6.4,241.0,large_excess,47.6,58.6,-19.0,normal,730.4,798.9,-9.0,normal,370.3,290.7,27.0,excess
2026-09-01,JHARKHAND,state_ut,38.3,8.2,367.0,large_excess,47.6,58.6,-19.0,normal,766.3,807.1,-5.0,normal,370.3,290.7,27.0,excess
2026-09-02,JHARKHAND,state_ut,31.6,8.5,271.0,large_excess,140.6,56.5,149.0,large_excess,797.3,815.6,-2.0,normal,68.2,16.7,308.0,large_excess
2026-09-03,JHARKHAND,state_ut,5.3,8.1,-34.0,deficient,140.6,56.5,149.0,large_excess,802.7,823.7,-3.0,normal,72.2,24.8,191.0,large_excess
2026-09-04,JHARKHAND,state_ut,0.8,8.1,-90.0,large_deficient,140.6,56.5,149.0,large_excess,803.4,831.8,-3.0,normal,73.0,32.9,122.0,large_excess
2026-09-05,JHARKHAND,state_ut,0.3,8.4,-96.0,large_deficient,140.6,56.5,149.0,large_excess,803.8,840.2,-4.0,normal,73.3,41.3,78.0,large_excess
2026-09-06,JHARKHAND,state_ut,1.0,10.3,-90.0,large_deficient,140.6,56.5,149.0,large_excess,804.7,850.5,-5.0,normal,74.2,51.6,44.0,excess
2026-09-07,JHARKHAND,state_ut,6.4,9.0,-29.0,deficient,140.6,56.5,149.0,large_excess,812.8,859.5,-5.0,normal,82.3,60.6,36.0,excess
2026-09-08,JHARKHAND,state_ut,3.2,6.7,-52.0,deficient,140.6,56.5,149.0,large_excess,815.9,866.2,-6.0,normal,85.5,67.3,27.0,excess
2026-09-09,JHARKHAND,state_ut,8.6,7.6,14.0,normal,25.2,58.2,-57.0,deficient,824.4,873.8,-6.0,normal,94.0,74.9,25.0,excess
2026-09-10,JHARKHAND,state_ut,11.5,8.4,37.0,excess,25.2,58.2,-57.0,deficient,835.7,882.2,-5.0,normal,105.2,83.3,26.0,excess
2026-09-11,JHARKHAND,state_ut,7.9,8.4,-6.0,normal,25.2,58.2,-57.0,deficient,843.4,890.6,-5.0,normal,112.9,91.7,23.0,excess
2026-09-12,JHARKHAND,state_ut,6.9,9.0,-24.0,deficient,25.2,58.2,-57.0,deficient,849.8,899.6,-6.0,normal,119.3,100.7,19.0,normal
2026-09-13,JHARKHAND,state_ut,3.2,7.3,-56.0,deficient,25.2,58.2,-57.0,deficient,852.8,906.9,-6.0,normal,122.4,108.0,13.0,normal
2026-09-14,JHARKHAND,state_ut,1.6,6.5,-75.0,large_deficient,25.2,58.2,-57.0,deficient,854.3,913.4,-6.0,normal,123.9,114.5,8.0,normal
2026-09-15,JHARKHAND,state_ut,1.3,7.4,-82.0,large_deficient,25.2,58.2,-57.0,deficient,855.6,920.8,-7.0,normal,125.2,121.9,3.0,normal
2026-09-16,JHARKHAND,state_ut,5.0,7.1,-30.0,deficient,36.5,54.1,-33.0,deficient,860.2,927.9,-7.0,normal,129.8,129.0,1.0,normal
2026-09-17,JHARKHAND,state_ut,3.0,7.4,-60.0,large_deficient,36.5,54.1,-33.0,deficient,863.2,935.3,-8.0,normal,132.7,136.4,-3.0,normal
2026-09-18,JHARKHAND,state_ut,4.1,9.2,-56.0,deficient,36.5,54.1,-33.0,deficient,867.1,944.5,-8.0,normal,136.7,145.6,-6.0,normal
2026-09-19,JHARKHAND,state_ut,2.5,6.4,-60.0,large_deficient,36.5,54.1,-33.0,deficient,869.6,950.9,-9.0,normal,139.2,152.0,-8.0,normal
2026-09-20,JHARKHAND,state_ut,2.6,4.9,-47.0,deficient,36.5,54.1,-33.0,deficient,872.1,955.8,-9.0,normal,141.7,156.9,-10.0,normal
2026-09-21,JHARKHAND,state_ut,3.3,6.6,-49.0,deficient,36.5,54.1,-33.0,deficient,875.4,962.4,-9.0,normal,144.9,163.5,-11.0,normal
2026-09-22,JHARKHAND,state_ut,1.6,7.6,-79.0,large_deficient,36.5,54.1,-33.0,deficient,876.9,970.0,-10.0,normal,146.5,171.1,-14.0,normal
2026-09-23,JHARKHAND,state_ut,8.2,7.3,12.0,normal,25.2,49.4,-49.0,deficient,885.0,977.3,-9.0,normal,154.5,178.4,-13.0,normal
2026-09-24,JHARKHAND,state_ut,35.9,7.4,386.0,large_excess,25.2,49.4,-49.0,deficient,920.2,984.7,-7.0,normal,189.8,185.8,2.0,normal
2026-08-19,KARNATAKA,state_ut,5.0,6.1,-18.0,normal,26.7,48.5,-45.0,deficient,469.2,600.5,-22.0,deficient,125.8,147.4,-15.0,normal
2026-08-20,KARNATAKA,state_ut,4.9,5.9,-17.0,normal,26.7,48.5,-45.0,deficient,474.0,606.4,-22.0,deficient,130.6,153.3,-15.0,normal
2026-08-21,KARNATAKA,state_ut,1.5,6.0,-75.0,large_deficient,26.7,48.5,-45.0,deficient,475.4,612.4,-22.0,deficient,132.0,159.3,-17.0,normal
2026-08-22,KARNATAKA,state_ut,2.3,6.6,-65.0,large_deficient,26.7,48.5,-45.0,deficient,477.7,619.0,-23.0,deficient,134.3,165.9,-19.0,normal
2026-08-23,KARNATAKA,state_ut,5.1,5.5,-8.0,normal,26.7,48.5,-45.0,deficient,482.7,624.5,-23.0,deficient,139.3,171.4,-19.0,normal
2026-08-24,KARNATAKA,state_ut,8.9,6.3,41.0,excess,26.7,48.5,-45.0,deficient,491.4,630.8,-22.0,deficient,148.0,177.7,-17.0,normal
2026-08-25,KARNATAKA,state_ut,6.4,5.8,10.0,normal,26.7,48.5,-45.0,deficient,497.8,636.6,-22.0,deficient,154.4,183.5,-16.0,normal
2026-08-26,KARNATAKA,state_ut,4.4,6.4,-32.0,deficient,33.0,42.5,-22.0,deficient,502.2,643.0,-22.0,deficient,158.8,189.9,-16.0,normal
2026-08-27,KARNATAKA,state_ut,2.0,5.7,-64.0,large_deficient,33.0,42.5,-22.0,deficient,504.2,648.7,-22.0,deficient,160.8,195.6,-18.0,normal
2026-08-28,KARNATAKA,state_ut,2.4,5.6,-57.0,deficient,33.0,42.5,-22.0,deficient,506.6,654.3,-23.0,deficient,163.2,201.2,-19.0,normal
2026-08-29,KARNATAKA,state_ut,3.1,5.6,-45.0,deficient,33.0,42.5,-22.0,deficient,509.6,659.9,-23.0,deficient,166.2,206.8,-20.0,deficient
2026-08-30,KARNATAKA,state_ut,2.2,4.9,-55.0,deficient,33.0,42.5,-22.0,deficient,511.8,664.8,-23.0,deficient,168.4,211.7,-20.0,deficient
2026-08-31,KARNATAKA,state_ut,2.4,5.4,-55.0,deficient,33.0,42.5,-22.0,deficient,514.2,670.2,-23.0,deficient,170.8,217.1,-21.0,deficient
2026-09-01,KARNATAKA,state_ut,1.6,5.4,-70.0,large_deficient,33.0,42.5,-22.0,deficient,515.9,675.6,-24.0,deficient,170.8,217.1,-21.0,deficient
2026-09-02,KARNATAKA,state_ut,1.9,5.3,-64.0,large_deficient,15.6,37.9,-59.0,deficient,517.8,680.9,-24.0,deficient,3.5,10.7,-67.0,large_deficient
2026-09-03,KARNATAKA,state_ut,1.9,5.3,-64.0,large_deficient,15.6,37.9,-59.0,deficient,519.6,686.2,-24.0,deficient,5.4,16.0,-66.0,large_deficient
2026-09-04,KARNATAKA,state_ut,1.5,5.5,-73.0,large_deficient,15.6,37.9,-59.0,deficient,521.1,691.7,-25.0,deficient,6.8,21.5,-68.0,large_deficient
2026-09-05,KARNATAKA,state_ut,0.7,5.1,-87.0,large_deficient,15.6,37.9,-59.0,deficient,521.7,696.8,-25.0,deficient,7.5,26.6,-72.0,large_deficient
2026-09-06,KARNATAKA,state_ut,0.8,5.1,-84.0,large_deficient,15.6,37.9,-59.0,deficient,522.5,701.9,-26.0,deficient,8.3,31.7,-74.0,large_deficient
2026-09-07,KARNATAKA,state_ut,0.4,5.1,-93.0,large_deficient,15.6,37.9,-59.0,deficient,522.9,707.0,-26.0,deficient,8.6,36.8,-77.0,large_deficient
2026-09-08,KARNATAKA,state_ut,1.0,4.4,-78.0,large_deficient,15.6,37.9,-59.0,deficient,523.8,711.4,-26.0,deficient,9.6,41.2,-77.0,large_deficient
2026-09-09,KARNATAKA,state_ut,0.9,4.5,-80.0,large_deficient,6.9,35.0,-80.0,large_deficient,524.7,715.9,-27.0,deficient,10.5,45.7,-77.0,large_deficient
2026-09-10,KARNATAKA,state_ut,0.5,5.1,-90.0,large_deficient,6.9,35.0,-80.0,large_deficient,525.3,721.0,-27.0,deficient,11.0,50.8,-78.0,large_deficient
2026-09-11,KARNATAKA,state_ut,0.3,4.6,-92.0,large_deficient,6.9,35.0,-80.0,large_deficient,525.6,725.6,-28.0,deficient,11.3,55.4,-80.0,large_deficient
2026-09-12,KARNATAKA,state_ut,0.0,5.0,-99.0,large_deficient,6.9,35.0,-80.0,large_deficient,525.6,730.6,-28.0,deficient,11.4,60.4,-81.0,large_deficient
2026-09-13,KARNATAKA,state_ut,0.1,4.4,-97.0,large_deficient,6.9,35.0,-80.0,large_deficient,525.7,735.0,-28.0,deficient,11.5,64.8,-82.0,large_deficient
2026-09-14,KARNATAKA,state_ut,0.1,5.0,-98.0,large_deficient,6.9,35.0,-80.0,large_deficient,525.9,740.0,-29.0,deficient,11.6,69.8,-83.0,large_deficient
2026-09-15,KARNATAKA,state_ut,1.2,5.8,-79.0,large_deficient,6.9,35.0,-80.0,large_deficient,527.1,745.8,-29.0,deficient,12.8,75.6,-83.0,large_deficient
2026-09-16,KARNATAKA,state_ut,2.5,5.5,-55.0,deficient,4.8,35.4,-86.0,large_deficient,529.5,751.3,-30.0,deficient,15.3,81.1,-81.0,large_deficient
2026-09-17,KARNATAKA,state_ut,0.5,6.2,-91.0,large_deficient,4.8,35.4,-86.0,large_deficient,530.1,757.5,-30.0,deficient,15.8,87.3,-82.0,large_deficient
2026-09-18,KARNATAKA,state_ut,2.0,5.6,-63.0,large_deficient,4.8,35.4,-86.0,large_deficient,532.1,763.1,-30.0,deficient,17.8,92.9,-81.0,large_deficient
2026-09-19,KARNATAKA,state_ut,0.3,5.2,-94.0,large_deficient,4.8,35.4,-86.0,large_deficient,532.4,768.3,-31.0,deficient,18.1,98.1,-82.0,large_deficient
2026-09-20,KARNATAKA,state_ut,4.0,5.7,-31.0,deficient,4.8,35.4,-86.0,large_deficient,536.5,774.0,-31.0,deficient,22.3,103.8,-79.0,large_deficient
2026-09-21,KARNATAKA,state_ut,5.8,5.7,3.0,normal,4.8,35.4,-86.0,large_deficient,542.1,779.7,-30.0,deficient,27.9,109.5,-75.0,large_deficient
2026-09-22,KARNATAKA,state_ut,6.9,5.4,27.0,excess,4.8,35.4,-86.0,large_deficient,548.9,785.1,-30.0,deficient,34.6,114.9,-70.0,large_deficient
2026-09-23,KARNATAKA,state_ut,6.1,5.1,20.0,excess,25.4,38.9,-35.0,deficient,555.0,790.2,-30.0,deficient,40.7,120.0,-66.0,large_deficient
2026-09-24,KARNATAKA,state_ut,6.5,6.1,6.0,normal,25.4,38.9,-35.0,deficient,561.5,796.3,-29.0,deficient,47.2,126.1,-63.0,large_deficient
2026-08-19,KERALA,state_ut,5.4,12.6,-57.0,deficient,57.1,102.5,-44.0,deficient,1236.9,1616.3,-23.0,deficient,378.2,314.6,20.0,excess
2026-08-20,KERALA,state_ut,4.8,10.4,-54.0,deficient,57.1,102.5,-44.0,deficient,1241.7,1626.7,-24.0,deficient,383.0,325.0,18.0,normal
2026-08-21,KERALA,state_ut,3.2,9.1,-65.0,large_deficient,57.1,102.5,-44.0,deficient,1244.9,1635.8,-24.0,deficient,386.2,334.1,16.0,normal
2026-08-22,KERALA,state_ut,4.1,12.4,-67.0,large_deficient,57.1,102.5,-44.0,deficient,1249.0,1648.2,-24.0,deficient,390.3,346.5,13.0,normal
2026-08-23,KERALA,state_ut,11.3,11.3,0.0,normal,57.1,102.5,-44.0,deficient,1260.3,1659.5,-24.0,deficient,401.6,357.8,12.0,normal
2026-08-24,KERALA,state_ut,23.0,11.9,94.0,large_excess,57.1,102.5,-44.0,deficient,1283.3,1671.4,-23.0,deficient,424.6,369.7,15.0,normal
2026-08-25,KERALA,state_ut,43.4,10.3,321.0,large_excess,57.1,102.5,-44.0,deficient,1326.7,1681.7,-21.0,deficient,468.0,380.0,23.0,excess
2026-08-26,KERALA,state_ut,20.0,10.0,100.0,large_excess,109.8,75.4,46.0,excess,1346.7,1691.7,-20.0,deficient,488.0,390.0,25.0,excess
2026-08-27,KERALA,state_ut,9.3,10.6,-13.0,normal,109.8,75.4,46.0,excess,1356.0,1702.3,-20.0,deficient,497.3,400.6,24.0,excess
2026-08-28,KERALA,state_ut,3.2,10.0,-68.0,large_deficient,109.8,75.4,46.0,excess,1359.2,1712.3,-21.0,deficient,500.5,410.6,22.0,excess
2026-08-29,KERALA,state_ut,6.0,10.9,-45.0,deficient,109.8,75.4,46.0,excess,1365.2,1723.2,-21.0,deficient,506.5,421.5,20.0,excess
2026-08-30,KERALA,state_ut,5.2,12.0,-57.0,deficient,109.8,75.4,46.0,excess,1370.4,1735.2,-21.0,deficient,511.7,433.5,18.0,normal
2026-08-31,KERALA,state_ut,1.7,11.7,-85.0,large_deficient,109.8,75.4,46.0,excess,1372.1,1746.9,-21.0,deficient,513.4,445.2,15.0,normal
2026-09-01,KERALA,state_ut,1.4,12.1,-88.0,large_deficient,109.8,75.4,46.0,excess,1373.5,1759.0,-22.0,deficient,513.4,445.2,15.0,normal
2026-09-02,KERALA,state_ut,0.7,8.9,-92.0,large_deficient,27.5,76.2,-64.0,large_deficient,1374.2,1767.9,-22.0,deficient,2.1,21.0,-90.0,large_deficient
2026-09-03,KERALA,state_ut,0.4,9.7,-96.0,large_deficient,27.5,76.2,-64.0,large_deficient,1374.6,1777.6,-23.0,deficient,2.5,30.7,-92.0,large_deficient
2026-09-04,KERALA,state_ut,0.5,8.2,-94.0,large_deficient,27.5,76.2,-64.0,large_deficient,1375.1,1785.8,-23.0,deficient,3.0,38.9,-92.0,large_deficient
2026-09-05,KERALA,state_ut,0.7,10.3,-93.0,large_deficient,27.5,76.2,-64.0,large_deficient,1375.8,1796.1,-23.0,deficient,3.8,49.2,-92.0,large_deficient
2026-09-06,KERALA,state_ut,0.7,10.3,-93.0,large_deficient,27.5,76.2,-64.0,large_deficient,1376.6,1806.4,-24.0,deficient,4.5,59.5,-92.0,large_deficient
2026-09-07,KERALA,state_ut,0.2,12.1,-98.0,large_deficient,27.5,76.2,-64.0,large_deficient,1376.8,1818.5,-24.0,deficient,4.7,71.6,-93.0,large_deficient
2026-09-08,KERALA,state_ut,0.2,8.3,-97.0,large_deficient,27.5,76.2,-64.0,large_deficient,1377.0,1826.8,-25.0,deficient,4.9,79.9,-94.0,large_deficient
2026-09-09,KERALA,state_ut,0.4,10.3,-96.0,large_deficient,3.2,69.2,-95.0,large_deficient,1377.4,1837.1,-25.0,deficient,5.4,90.2,-94.0,large_deficient
2026-09-10,KERALA,state_ut,0.1,9.7,-99.0,large_deficient,3.2,69.2,-95.0,large_deficient,1377.5,1846.8,-25.0,deficient,5.4,99.9,-95.0,large_deficient
2026-09-11,KERALA,state_ut,0.9,7.7,-89.0,large_deficient,3.2,69.2,-95.0,large_deficient,1378.4,1854.5,-26.0,deficient,6.3,107.6,-94.0,large_deficient
2026-09-12,KERALA,state_ut,0.2,9.6,-98.0,large_deficient,3.2,69.2,-95.0,large_deficient,1378.6,1864.1,-26.0,deficient,6.5,117.2,-94.0,large_deficient
2026-09-13,KERALA,state_ut,0.2,7.8,-97.0,large_deficient,3.2,69.2,-95.0,large_deficient,1378.8,1871.9,-26.0,deficient,6.7,125.0,-95.0,large_deficient
2026-09-14,KERALA,state_ut,0.1,8.1,-98.0,large_deficient,3.2,69.2,-95.0,large_deficient,1379.0,1880.0,-27.0,deficient,6.9,133.1,-95.0,large_deficient
2026-09-15,KERALA,state_ut,3.4,8.2,-59.0,deficient,3.2,69.2,-95.0,large_deficient,1382.4,1888.2,-27.0,deficient,10.3,141.3,-93.0,large_deficient
2026-09-16,KERALA,state_ut,0.8,10.2,-92.0,large_deficient,5.7,61.3,-91.0,large_deficient,1383.1,1898.4,-27.0,deficient,11.1,151.5,-93.0,large_deficient
2026-09-17,KERALA,state_ut,2.1,10.1,-79.0,large_deficient,5.7,61.3,-91.0,large_deficient,1385.3,1908.5,-27.0,deficient,13.2,161.6,-92.0,large_deficient
2026-09-18,KERALA,state_ut,2.7,9.5,-72.0,large_deficient,5.7,61.3,-91.0,large_deficient,1387.9,1918.0,-28.0,deficient,15.9,171.1,-91.0,large_deficient
2026-09-19,KERALA,state_ut,1.6,8.2,-81.0,large_deficient,5.7,61.3,-91.0,large_deficient,1389.5,1926.2,-28.0,deficient,17.4,179.3,-90.0,large_deficient
2026-09-20,KERALA,state_ut,5.0,8.8,-43.0,deficient,5.7,61.3,-91.0,large_deficient,1394.5,1935.0,-28.0,deficient,22.4,188.1,-88.0,large_deficient
2026-09-21,KERALA,state_ut,23.4,8.1,189.0,large_excess,5.7,61.3,-91.0,large_deficient,1417.9,1943.1,-27.0,deficient,45.8,196.2,-77.0,large_deficient
2026-09-22,KERALA,state_ut,5.1,7.2,-29.0,deficient,5.7,61.3,-91.0,large_deficient,1423.0,1950.3,-27.0,deficient,50.9,203.4,-75.0,large_deficient
2026-09-23,KERALA,state_ut,2.9,7.3,-60.0,large_deficient,42.8,59.2,-28.0,deficient,1425.9,1957.6,-27.0,deficient,53.8,210.7,-74.0,large_deficient
2026-09-24,KERALA,state_ut,4.3,9.4,-54.0,deficient,42.8,59.2,-28.0,deficient,1430.3,1967.0,-27.0,deficient,58.2,220.1,-74.0,large_deficient
2026-08-19,LADAKH (UT),state_ut,0.0,0.1,-100.0,no_rain,8.1,0.6,1249.0,large_excess,47.3,15.7,201.0,large_excess,14.7,3.8,288.0,large_excess
2026-08-20,LADAKH (UT),state_ut,0.6,0.2,205.0,large_excess,8.1,0.6,1249.0,large_excess,47.9,15.9,201.0,large_excess,15.4,4.0,284.0,large_excess
2026-08-21,LADAKH (UT),state_ut,1.3,0.0,12865.0,large_excess,8.1,0.6,1249.0,large_excess,49.2,15.9,210.0,large_excess,16.7,4.0,316.0,large_excess
2026-08-22,LADAKH (UT),state_ut,0.0,0.0,-100.0,no_rain,8.1,0.6,1249.0,large_excess,49.2,15.9,210.0,large_excess,16.7,4.0,316.0,large_excess
2026-08-23,LADAKH (UT),state_ut,0.0,0.0,-100.0,no_rain,8.1,0.6,1249.0,large_excess,49.2,15.9,210.0,large_excess,16.7,4.0,316.0,large_excess
2026-08-24,LADAKH (UT),state_ut,0.0,0.0,-100.0,no_rain,8.1,0.6,1249.0,large_excess,49.2,15.9,210.0,large_excess,16.7,4.0,316.0,large_excess
2026-08-25,LADAKH (UT),state_ut,0.0,0.0,-100.0,no_rain,8.1,0.6,1249.0,large_excess,49.2,15.9,210.0,large_excess,16.7,4.0,316.0,large_excess
2026-08-26,LADAKH (UT),state_ut,0.0,0.1,-100.0,no_rain,1.9,0.3,536.0,large_excess,49.2,16.0,208.0,large_excess,16.7,4.1,306.0,large_excess
2026-08-27,LADAKH (UT),state_ut,0.0,0.1,-100.0,no_rain,1.9,0.3,536.0,large_excess,49.2,16.1,206.0,large_excess,16.7,4.2,297.0,large_excess
2026-08-28,LADAKH (UT),state_ut,0.0,0.1,-100.0,no_rain,1.9,0.3,536.0,large_excess,49.2,16.2,204.0,large_excess,16.7,4.3,287.0,large_excess
2026-08-29,LADAKH (UT),state_ut,0.0,0.2,-100.0,no_rain,1.9,0.3,536.0,large_excess,49.2,16.4,200.0,large_excess,16.7,4.5,270.0,large_excess
2026-08-30,LADAKH (UT),state_ut,0.0,0.3,-100.0,no_rain,1.9,0.3,536.0,large_excess,49.2,16.7,195.0,large_excess,16.7,4.8,247.0,large_excess
2026-08-31,LADAKH (UT),state_ut,0.0,0.0,-100.0,no_rain,1.9,0.3,536.0,large_excess,49.2,16.7,195.0,large_excess,16.7,4.8,247.0,large_excess
2026-09-01,LADAKH (UT),state_ut,0.0,0.0,-100.0,no_rain,1.9,0.3,536.0,large_excess,49.2,16.7,195.0,large_excess,16.7,4.8,247.0,large_excess
2026-09-02,LADAKH (UT),state_ut,0.1,0.1,2.0,normal,0.1,0.8,-87.0,large_deficient,49.3,16.8,194.0,large_excess,0.1,0.1,2.0,normal
2026-09-03,LADAKH (UT),state_ut,0.0,0.3,-87.0,large_deficient,0.1,0.8,-87.0,large_deficient,49.4,17.1,189.0,large_excess,0.1,0.4,-65.0,large_deficient
2026-09-04,LADAKH (UT),state_ut,0.0,0.1,-100.0,no_rain,0.1,0.8,-87.0,large_deficient,49.4,17.2,187.0,large_excess,0.1,0.5,-72.0,large_deficient
2026-09-05,LADAKH (UT),state_ut,0.0,0.3,-100.0,no_rain,0.1,0.8,-87.0,large_deficient,49.4,17.5,182.0,large_excess,0.1,0.8,-83.0,large_deficient
2026-09-06,LADAKH (UT),state_ut,0.0,0.2,-100.0,no_rain,0.1,0.8,-87.0,large_deficient,49.4,17.7,179.0,large_excess,0.1,1.0,-86.0,large_deficient
2026-09-07,LADAKH (UT),state_ut,0.0,0.1,-100.0,no_rain,0.1,0.8,-87.0,large_deficient,49.4,17.8,177.0,large_excess,0.1,1.1,-87.0,large_deficient
2026-09-08,LADAKH (UT),state_ut,0.0,0.5,-100.0,no_rain,0.1,0.8,-87.0,large_deficient,49.4,18.3,170.0,large_excess,0.1,1.6,-91.0,large_deficient
2026-09-09,LADAKH (UT),state_ut,0.0,0.2,-100.0,no_rain,0.0,1.7,-98.0,large_deficient,49.4,18.5,167.0,large_excess,0.1,1.8,-92.0,large_deficient
2026-09-10,LADAKH (UT),state_ut,0.0,0.2,-100.0,no_rain,0.0,1.7,-98.0,large_deficient,49.4,18.7,164.0,large_excess,0.1,2.0,-93.0,large_deficient
2026-09-11,LADAKH (UT),state_ut,0.0,0.1,-100.0,no_rain,0.0,1.7,-98.0,large_deficient,49.4,18.8,163.0,large_excess,0.1,2.1,-93.0,large_deficient
2026-09-12,LADAKH (UT),state_ut,0.0,0.0,-100.0,no_rain,0.0,1.7,-98.0,large_deficient,49.4,18.8,163.0,large_excess,0.1,2.1,-93.0,large_deficient
2026-09-13,LADAKH (UT),state_ut,0.0,0.1,-100.0,no_rain,0.0,1.7,-98.0,large_deficient,49.4,18.9,161.0,large_excess,0.1,2.2,-94.0,large_deficient
2026-09-14,LADAKH (UT),state_ut,0.0,0.2,-100.0,no_rain,0.0,1.7,-98.0,large_deficient,49.4,19.1,158.0,large_excess,0.1,2.4,-94.0,large_deficient
2026-09-15,LADAKH (UT),state_ut,0.0,0.1,-75.0,large_deficient,0.0,1.7,-98.0,large_deficient,49.4,19.2,157.0,large_excess,0.2,2.5,-93.0,large_deficient
2026-09-16,LADAKH (UT),state_ut,0.0,0.2,-100.0,no_rain,0.0,0.9,-97.0,large_deficient,49.4,19.4,155.0,large_excess,0.2,2.7,-94.0,large_deficient
2026-09-17,LADAKH (UT),state_ut,0.0,0.0,-100.0,no_rain,0.0,0.9,-97.0,large_deficient,49.4,19.4,155.0,large_excess,0.2,2.7,-94.0,large_deficient
2026-09-18,LADAKH (UT),state_ut,0.0,0.5,-100.0,no_rain,0.0,0.9,-97.0,large_deficient,49.4,19.9,148.0,large_excess,0.2,3.2,-95.0,large_deficient
2026-09-19,LADAKH (UT),state_ut,0.0,0.0,-100.0,no_rain,0.0,0.9,-97.0,large_deficient,49.4,19.9,148.0,large_excess,0.2,3.2,-95.0,large_deficient
2026-09-20,LADAKH (UT),state_ut,0.0,0.3,-100.0,no_rain,0.0,0.9,-97.0,large_deficient,49.4,20.2,145.0,large_excess,0.2,3.5,-95.0,large_deficient
2026-09-21,LADAKH (UT),state_ut,0.0,0.1,-100.0,no_rain,0.0,0.9,-97.0,large_deficient,49.4,20.3,143.0,large_excess,0.2,3.6,-95.0,large_deficient
2026-09-22,LADAKH (UT),state_ut,0.0,0.0,-100.0,no_rain,0.0,0.9,-97.0,large_deficient,49.4,20.3,143.0,large_excess,0.2,3.6,-95.0,large_deficient
2026-09-23,LADAKH (UT),state_ut,0.0,1.2,-100.0,no_rain,0.0,2.1,-100.0,no_rain,49.4,21.5,130.0,large_excess,0.2,4.8,-97.0,large_deficient
2026-09-24,LADAKH (UT),state_ut,0.0,0.5,-100.0,no_rain,0.0,2.1,-100.0,no_rain,49.4,22.0,125.0,large_excess,0.2,5.3,-97.0,large_deficient
2026-08-19,LAKSHADWEEP (UT),state_ut,12.5,9.8,28.0,excess,42.9,47.9,-10.0,normal,575.8,757.1,-24.0,deficient,186.9,132.2,41.0,excess
2026-08-20,LAKSHADWEEP (UT),state_ut,9.4,9.3,1.0,normal,42.9,47.9,-10.0,normal,585.3,766.4,-24.0,deficient,196.3,141.5,39.0,excess
2026-08-21,LAKSHADWEEP (UT),state_ut,0.1,9.6,-99.0,large_deficient,42.9,47.9,-10.0,normal,585.4,776.0,-25.0,deficient,196.5,151.1,30.0,excess
2026-08-22,LAKSHADWEEP (UT),state_ut,0.6,9.3,-94.0,large_deficient,42.9,47.9,-10.0,normal,586.0,785.3,-25.0,deficient,197.1,160.4,23.0,excess
2026-08-23,LAKSHADWEEP (UT),state_ut,0.0,11.4,-100.0,no_rain,42.9,47.9,-10.0,normal,586.0,796.7,-26.0,deficient,197.1,171.8,15.0,normal
2026-08-24,LAKSHADWEEP (UT),state_ut,3.3,6.3,-47.0,deficient,42.9,47.9,-10.0,normal,589.3,803.0,-27.0,deficient,200.4,178.1,13.0,normal
2026-08-25,LAKSHADWEEP (UT),state_ut,13.2,6.5,104.0,large_excess,42.9,47.9,-10.0,normal,602.6,809.5,-26.0,deficient,213.6,184.6,16.0,normal
2026-08-26,LAKSHADWEEP (UT),state_ut,17.9,8.3,115.0,large_excess,44.6,60.7,-27.0,deficient,620.4,817.8,-24.0,deficient,231.5,192.9,20.0,excess
2026-08-27,LAKSHADWEEP (UT),state_ut,6.5,7.9,-18.0,normal,44.6,60.7,-27.0,deficient,626.9,825.7,-24.0,deficient,238.0,200.8,19.0,normal
2026-08-28,LAKSHADWEEP (UT),state_ut,1.0,5.3,-82.0,large_deficient,44.6,60.7,-27.0,deficient,627.9,831.0,-24.0,deficient,239.0,206.1,16.0,normal
2026-08-29,LAKSHADWEEP (UT),state_ut,0.0,6.0,-100.0,no_rain,44.6,60.7,-27.0,deficient,627.9,837.0,-25.0,deficient,239.0,212.1,13.0,normal
2026-08-30,LAKSHADWEEP (UT),state_ut,3.8,9.2,-59.0,deficient,44.6,60.7,-27.0,deficient,631.7,846.2,-25.0,deficient,242.8,221.3,10.0,normal
2026-08-31,LAKSHADWEEP (UT),state_ut,3.5,10.7,-68.0,large_deficient,44.6,60.7,-27.0,deficient,635.2,856.9,-26.0,deficient,246.2,232.0,6.0,normal
2026-09-01,LAKSHADWEEP (UT),state_ut,0.5,6.5,-92.0,large_deficient,44.6,60.7,-27.0,deficient,635.7,863.4,-26.0,deficient,246.2,232.0,6.0,normal
2026-09-02,LAKSHADWEEP (UT),state_ut,2.3,6.8,-66.0,large_deficient,17.6,52.4,-66.0,large_deficient,638.0,870.2,-27.0,deficient,2.9,13.3,-78.0,large_deficient
2026-09-03,LAKSHADWEEP (UT),state_ut,3.8,6.4,-41.0,deficient,17.6,52.4,-66.0,large_deficient,641.8,876.6,-27.0,deficient,6.7,19.7,-66.0,large_deficient
2026-09-04,LAKSHADWEEP (UT),state_ut,0.9,4.5,-79.0,large_deficient,17.6,52.4,-66.0,large_deficient,642.8,881.1,-27.0,deficient,7.6,24.2,-69.0,large_deficient
2026-09-05,LAKSHADWEEP (UT),state_ut,0.2,6.0,-97.0,large_deficient,17.6,52.4,-66.0,large_deficient,643.0,887.1,-28.0,deficient,7.8,30.2,-74.0,large_deficient
2026-09-06,LAKSHADWEEP (UT),state_ut,0.0,6.7,-100.0,no_rain,17.6,52.4,-66.0,large_deficient,643.0,893.8,-28.0,deficient,7.8,36.9,-79.0,large_deficient
2026-09-07,LAKSHADWEEP (UT),state_ut,0.5,5.3,-91.0,large_deficient,17.6,52.4,-66.0,large_deficient,643.4,899.1,-28.0,deficient,8.3,42.2,-80.0,large_deficient
2026-09-08,LAKSHADWEEP (UT),state_ut,0.0,7.2,-100.0,no_rain,17.6,52.4,-66.0,large_deficient,643.4,906.3,-29.0,deficient,8.3,49.4,-83.0,large_deficient
2026-09-09,LAKSHADWEEP (UT),state_ut,0.0,9.0,-100.0,no_rain,5.4,45.1,-88.0,large_deficient,643.4,915.3,-30.0,deficient,8.3,58.4,-86.0,large_deficient
2026-09-10,LAKSHADWEEP (UT),state_ut,0.0,6.4,-100.0,no_rain,5.4,45.1,-88.0,large_deficient,643.4,921.7,-30.0,deficient,8.3,64.8,-87.0,large_deficient
2026-09-11,LAKSHADWEEP (UT),state_ut,8.7,6.0,45.0,excess,5.4,45.1,-88.0,large_deficient,652.1,927.7,-30.0,deficient,17.0,70.8,-76.0,large_deficient
2026-09-12,LAKSHADWEEP (UT),state_ut,0.5,5.5,-92.0,large_deficient,5.4,45.1,-88.0,large_deficient,652.6,933.2,-30.0,deficient,17.4,76.3,-77.0,large_deficient
2026-09-13,LAKSHADWEEP (UT),state_ut,0.0,6.9,-100.0,no_rain,5.4,45.1,-88.0,large_deficient,652.6,940.1,-31.0,deficient,17.4,83.2,-79.0,large_deficient
2026-09-14,LAKSHADWEEP (UT),state_ut,1.6,6.0,-73.0,large_deficient,5.4,45.1,-88.0,large_deficient,654.2,946.1,-31.0,deficient,19.1,89.2,-79.0,large_deficient
2026-09-15,LAKSHADWEEP (UT),state_ut,0.6,4.6,-86.0,large_deficient,5.4,45.1,-88.0,large_deficient,654.9,950.7,-31.0,deficient,19.7,93.8,-79.0,large_deficient
2026-09-16,LAKSHADWEEP (UT),state_ut,11.1,5.4,106.0,large_excess,22.6,40.8,-45.0,deficient,666.0,956.1,-30.0,deficient,30.8,99.2,-69.0,large_deficient
2026-09-17,LAKSHADWEEP (UT),state_ut,15.1,6.1,148.0,large_excess,22.6,40.8,-45.0,deficient,681.1,962.2,-29.0,deficient,46.0,105.3,-56.0,deficient
2026-09-18,LAKSHADWEEP (UT),state_ut,1.8,7.5,-76.0,large_deficient,22.6,40.8,-45.0,deficient,682.9,969.7,-30.0,deficient,47.8,112.8,-58.0,deficient
2026-09-19,LAKSHADWEEP (UT),state_ut,4.6,5.2,-12.0,normal,22.6,40.8,-45.0,deficient,687.5,974.9,-29.0,deficient,52.3,118.0,-56.0,deficient
2026-09-20,LAKSHADWEEP (UT),state_ut,4.4,5.6,-22.0,deficient,22.6,40.8,-45.0,deficient,691.9,980.5,-29.0,deficient,56.7,123.6,-54.0,deficient
2026-09-21,LAKSHADWEEP (UT),state_ut,20.9,3.2,554.0,large_excess,22.6,40.8,-45.0,deficient,712.8,983.7,-28.0,deficient,77.6,126.8,-39.0,deficient
2026-09-22,LAKSHADWEEP (UT),state_ut,4.6,5.0,-9.0,normal,22.6,40.8,-45.0,deficient,717.4,988.7,-27.0,deficient,82.2,131.8,-38.0,deficient
2026-09-23,LAKSHADWEEP (UT),state_ut,0.7,5.8,-89.0,large_deficient,52.0,38.4,36.0,excess,718.0,994.5,-28.0,deficient,82.9,137.6,-40.0,deficient
2026-09-24,LAKSHADWEEP (UT),state_ut,0.7,4.0,-82.0,large_deficient,52.0,38.4,36.0,excess,718.7,998.5,-28.0,deficient,83.6,141.6,-41.0,deficient
2026-08-19,MADHYA PRADESH,state_ut,10.9,12.3,-12.0,normal,67.8,75.5,-10.0,normal,587.4,663.7,-11.0,normal,197.6,215.3,-8.0,normal
2026-08-20,MADHYA PRADESH,state_ut,16.8,11.4,47.0,excess,67.8,75.5,-10.0,normal,604.2,675.1,-11.0,normal,214.3,226.7,-5.0,normal
2026-08-21,MADHYA PRADESH,state_ut,10.9,10.2,6.0,normal,67.8,75.5,-10.0,normal,615.1,685.3,-10.0,normal,225.2,236.9,-5.0,normal
2026-08-22,MADHYA PRADESH,state_ut,9.8,10.6,-8.0,normal,67.8,75.5,-10.0,normal,624.8,695.9,-10.0,normal,235.0,247.5,-5.0,normal
2026-08-23,MADHYA PRADESH,state_ut,10.2,11.4,-11.0,normal,67.8,75.5,-10.0,normal,635.0,707.3,-10.0,normal,245.1,258.9,-5.0,normal
2026-08-24,MADHYA PRADESH,state_ut,8.6,11.6,-26.0,deficient,67.8,75.5,-10.0,normal,643.6,718.9,-10.0,normal,253.7,270.5,-6.0,normal
2026-08-25,MADHYA PRADESH,state_ut,10.4,8.2,27.0,excess,67.8,75.5,-10.0,normal,653.9,727.1,-10.0,normal,264.1,278.7,-5.0,normal
2026-08-26,MADHYA PRADESH,state_ut,12.4,7.6,63.0,large_excess,78.9,71.0,11.0,normal,666.3,734.7,-9.0,normal,276.4,286.3,-3.0,normal
2026-08-27,MADHYA PRADESH,state_ut,13.4,7.6,77.0,large_excess,78.9,71.0,11.0,normal,679.7,742.3,-8.0,normal,289.9,293.9,-1.0,normal
2026-08-28,MADHYA PRADESH,state_ut,9.3,8.6,9.0,normal,78.9,71.0,11.0,normal,689.1,750.9,-8.0,normal,299.2,302.5,-1.0,normal
2026-08-29,MADHYA PRADESH,state_ut,10.6,11.4,-7.0,normal,78.9,71.0,11.0,normal,699.7,762.3,-8.0,normal,309.9,313.9,-1.0,normal
2026-08-30,MADHYA PRADESH,state_ut,4.7,11.4,-59.0,deficient,78.9,71.0,11.0,normal,704.4,773.7,-9.0,normal,314.6,325.3,-3.0,normal
2026-08-31,MADHYA PRADESH,state_ut,3.6,8.9,-59.0,deficient,78.9,71.0,11.0,normal,708.0,782.6,-10.0,normal,318.2,334.2,-5.0,normal
2026-09-01,MADHYA PRADESH,state_ut,4.3,9.1,-52.0,deficient,78.9,71.0,11.0,normal,712.4,791.7,-10.0,normal,318.2,334.2,-5.0,normal
2026-09-02,MADHYA PRADESH,state_ut,7.1,8.2,-13.0,normal,53.2,65.2,-18.0,normal,719.5,799.9,-10.0,normal,11.5,17.3,-34.0,deficient
2026-09-03,MADHYA PRADESH,state_ut,21.1,8.3,154.0,large_excess,53.2,65.2,-18.0,normal,740.6,808.2,-8.0,normal,32.5,25.6,27.0,excess
2026-09-04,MADHYA PRADESH,state_ut,21.4,7.8,174.0,large_excess,53.2,65.2,-18.0,normal,761.9,816.0,-7.0,normal,53.9,33.4,61.0,large_excess
2026-09-05,MADHYA PRADESH,state_ut,16.0,7.9,103.0,large_excess,53.2,65.2,-18.0,normal,778.0,823.9,-6.0,normal,69.9,41.3,69.0,large_excess
2026-09-06,MADHYA PRADESH,state_ut,7.3,8.9,-18.0,normal,53.2,65.2,-18.0,normal,785.3,832.8,-6.0,normal,77.2,50.2,54.0,excess
2026-09-07,MADHYA PRADESH,state_ut,4.7,7.8,-40.0,deficient,53.2,65.2,-18.0,normal,790.0,840.6,-6.0,normal,81.9,58.0,41.0,excess
2026-09-08,MADHYA PRADESH,state_ut,2.4,7.5,-69.0,large_deficient,53.2,65.2,-18.0,normal,792.3,848.1,-7.0,normal,84.3,65.5,29.0,excess
2026-09-09,MADHYA PRADESH,state_ut,0.9,7.9,-89.0,large_deficient,73.7,56.1,31.0,excess,793.2,856.0,-7.0,normal,85.2,73.4,16.0,normal
2026-09-10,MADHYA PRADESH,state_ut,1.0,6.5,-84.0,large_deficient,73.7,56.1,31.0,excess,794.3,862.5,-8.0,normal,86.2,79.9,8.0,normal
2026-09-11,MADHYA PRADESH,state_ut,6.1,6.1,-1.0,normal,73.7,56.1,31.0,excess,800.3,868.6,-8.0,normal,92.3,86.0,7.0,normal
2026-09-12,MADHYA PRADESH,state_ut,13.1,5.8,127.0,large_excess,73.7,56.1,31.0,excess,813.5,874.4,-7.0,normal,105.4,91.8,15.0,normal
2026-09-13,MADHYA PRADESH,state_ut,9.9,5.8,71.0,large_excess,73.7,56.1,31.0,excess,823.4,880.2,-6.0,normal,115.3,97.6,18.0,normal
2026-09-14,MADHYA PRADESH,state_ut,10.0,6.4,56.0,excess,73.7,56.1,31.0,excess,833.4,886.6,-6.0,normal,125.3,104.0,21.0,excess
2026-09-15,MADHYA PRADESH,state_ut,3.7,7.8,-53.0,deficient,73.7,56.1,31.0,excess,837.1,894.4,-6.0,normal,129.0,111.8,15.0,normal
2026-09-16,MADHYA PRADESH,state_ut,2.2,6.1,-63.0,large_deficient,46.1,44.5,4.0,normal,839.3,900.5,-7.0,normal,131.3,117.9,11.0,normal
2026-09-17,MADHYA PRADESH,state_ut,1.8,4.8,-62.0,large_deficient,46.1,44.5,4.0,normal,841.2,905.3,-7.0,normal,133.1,122.7,8.0,normal
2026-09-18,MADHYA PRADESH,state_ut,4.4,4.5,-3.0,normal,46.1,44.5,4.0,normal,845.5,909.8,-7.0,normal,137.5,127.2,8.0,normal
2026-09-19,MADHYA PRADESH,state_ut,9.3,4.2,121.0,large_excess,46.1,44.5,4.0,normal,854.8,914.0,-6.0,normal,146.8,131.4,12.0,normal
2026-09-20,MADHYA PRADESH,state_ut,5.4,3.9,38.0,excess,46.1,44.5,4.0,normal,860.2,917.9,-6.0,normal,152.1,135.3,12.0,normal
2026-09-21,MADHYA PRADESH,state_ut,4.7,4.7,0.0,normal,46.1,44.5,4.0,normal,864.9,922.6,-6.0,normal,156.8,140.0,12.0,normal
2026-09-22,MADHYA PRADESH,state_ut,3.5,4.9,-28.0,deficient,46.1,44.5,4.0,normal,868.4,927.5,-6.0,normal,160.3,144.9,11.0,normal
2026-09-23,MADHYA PRADESH,state_ut,1.2,4.2,-72.0,large_deficient,30.2,31.2,-3.0,normal,869.5,931.7,-7.0,normal,161.5,149.1,8.0,normal
2026-09-24,MADHYA PRADESH,state_ut,2.9,3.4,-16.0,normal,30.2,31.2,-3.0,normal,872.4,935.1,-7.0,normal,164.4,152.5,8.0,normal
2026-08-19,MAHARASHTRA,state_ut,2.9,6.6,-56.0,deficient,28.0,55.5,-49.0,deficient,678.1,716.0,-5.0,normal,112.8,182.0,-38.0,deficient
2026-08-20,MAHARASHTRA,state_ut,1.4,8.1,-82.0,large_deficient,28.0,55.5,-49.0,deficient,679.6,724.1,-6.0,normal,114.2,190.1,-40.0,deficient
2026-08-21,MAHARASHTRA,state_ut,1.8,9.1,-80.0,large_deficient,28.0,55.5,-49.0,deficient,681.4,733.2,-7.0,normal,116.0,199.2,-42.0,deficient
2026-08-22,MAHARASHTRA,state_ut,2.8,7.9,-64.0,large_deficient,28.0,55.5,-49.0,deficient,684.2,741.1,-8.0,normal,118.8,207.1,-43.0,deficient
2026-08-23,MAHARASHTRA,state_ut,5.5,8.2,-33.0,deficient,28.0,55.5,-49.0,deficient,689.7,749.3,-8.0,normal,124.3,215.3,-42.0,deficient
2026-08-24,MAHARASHTRA,state_ut,6.7,7.6,-12.0,normal,28.0,55.5,-49.0,deficient,696.4,756.9,-8.0,normal,131.1,222.9,-41.0,deficient
2026-08-25,MAHARASHTRA,state_ut,4.1,8.2,-51.0,deficient,28.0,55.5,-49.0,deficient,700.5,765.1,-8.0,normal,135.1,231.1,-42.0,deficient
2026-08-26,MAHARASHTRA,state_ut,3.4,7.3,-54.0,deficient,25.7,56.4,-54.0,deficient,703.9,772.4,-9.0,normal,138.5,238.4,-42.0,deficient
2026-08-27,MAHARASHTRA,state_ut,1.9,8.3,-77.0,large_deficient,25.7,56.4,-54.0,deficient,705.8,780.7,-10.0,normal,140.4,246.7,-43.0,deficient
2026-08-28,MAHARASHTRA,state_ut,2.3,7.9,-71.0,large_deficient,25.7,56.4,-54.0,deficient,708.1,788.6,-10.0,normal,142.7,254.6,-44.0,deficient
2026-08-29,MAHARASHTRA,state_ut,3.1,8.6,-64.0,large_deficient,25.7,56.4,-54.0,deficient,711.2,797.2,-11.0,normal,145.8,263.2,-45.0,deficient
2026-08-30,MAHARASHTRA,state_ut,5.2,8.4,-39.0,deficient,25.7,56.4,-54.0,deficient,716.4,805.6,-11.0,normal,151.0,271.6,-44.0,deficient
2026-08-31,MAHARASHTRA,state_ut,1.1,8.6,-88.0,large_deficient,25.7,56.4,-54.0,deficient,717.4,814.2,-12.0,normal,152.0,280.2,-46.0,deficient
2026-09-01,MAHARASHTRA,state_ut,1.1,8.0,-87.0,large_deficient,25.7,56.4,-54.0,deficient,718.5,822.2,-13.0,normal,152.0,280.2,-46.0,deficient
2026-09-02,MAHARASHTRA,state_ut,1.6,8.7,-81.0,large_deficient,16.2,58.5,-72.0,large_deficient,720.1,830.9,-13.0,normal,2.7,16.7,-84.0,large_deficient
2026-09-03,MAHARASHTRA,state_ut,4.9,7.6,-35.0,deficient,16.2,58.5,-72.0,large_deficient,725.0,838.5,-14.0,normal,7.6,24.3,-69.0,large_deficient
2026-09-04,MAHARASHTRA,state_ut,1.9,6.6,-71.0,large_deficient,16.2,58.5,-72.0,large_deficient,727.0,845.1,-14.0,normal,9.5,30.9,-69.0,large_deficient
2026-09-05,MAHARASHTRA,state_ut,2.4,6.9,-65.0,large_deficient,16.2,58.5,-72.0,large_deficient,729.4,852.0,-14.0,normal,12.0,37.8,-68.0,large_deficient
2026-09-06,MAHARASHTRA,state_ut,3.1,7.5,-59.0,deficient,16.2,58.5,-72.0,large_deficient,732.5,859.5,-15.0,normal,15.1,45.3,-67.0,large_deficient
2026-09-07,MAHARASHTRA,state_ut,2.2,6.5,-66.0,large_deficient,16.2,58.5,-72.0,large_deficient,734.7,866.0,-15.0,normal,17.3,51.8,-67.0,large_deficient
2026-09-08,MAHARASHTRA,state_ut,1.7,6.6,-74.0,large_deficient,16.2,58.5,-72.0,large_deficient,736.4,872.6,-16.0,normal,19.0,58.4,-67.0,large_deficient
2026-09-09,MAHARASHTRA,state_ut,1.6,5.7,-73.0,large_deficient,17.9,47.4,-62.0,large_deficient,738.0,878.3,-16.0,normal,20.6,64.1,-68.0,large_deficient
2026-09-10,MAHARASHTRA,state_ut,0.5,5.0,-89.0,large_deficient,17.9,47.4,-62.0,large_deficient,738.5,883.3,-16.0,normal,21.1,69.1,-69.0,large_deficient
2026-09-11,MAHARASHTRA,state_ut,0.7,5.9,-89.0,large_deficient,17.9,47.4,-62.0,large_deficient,739.2,889.2,-17.0,normal,21.8,75.0,-71.0,large_deficient
2026-09-12,MAHARASHTRA,state_ut,5.3,5.4,-2.0,normal,17.9,47.4,-62.0,large_deficient,744.5,894.6,-17.0,normal,27.1,80.4,-66.0,large_deficient
2026-09-13,MAHARASHTRA,state_ut,13.4,5.4,149.0,large_excess,17.9,47.4,-62.0,large_deficient,757.9,900.0,-16.0,normal,40.5,85.8,-53.0,deficient
2026-09-14,MAHARASHTRA,state_ut,7.1,5.7,24.0,excess,17.9,47.4,-62.0,large_deficient,764.9,905.7,-16.0,normal,47.5,91.5,-48.0,deficient
2026-09-15,MAHARASHTRA,state_ut,1.8,5.6,-68.0,large_deficient,17.9,47.4,-62.0,large_deficient,766.7,911.3,-16.0,normal,49.3,97.1,-49.0,deficient
2026-09-16,MAHARASHTRA,state_ut,0.7,5.3,-88.0,large_deficient,29.4,38.3,-23.0,deficient,767.4,916.6,-16.0,normal,50.0,102.4,-51.0,deficient
2026-09-17,MAHARASHTRA,state_ut,1.1,5.6,-81.0,large_deficient,29.4,38.3,-23.0,deficient,768.5,922.2,-17.0,normal,51.1,108.0,-53.0,deficient
2026-09-18,MAHARASHTRA,state_ut,5.1,5.7,-10.0,normal,29.4,38.3,-23.0,deficient,773.6,927.9,-17.0,normal,56.2,113.7,-51.0,deficient
2026-09-19,MAHARASHTRA,state_ut,4.1,5.9,-31.0,deficient,29.4,38.3,-23.0,deficient,777.7,933.8,-17.0,normal,60.3,119.6,-50.0,deficient
2026-09-20,MAHARASHTRA,state_ut,1.0,5.8,-84.0,large_deficient,29.4,38.3,-23.0,deficient,778.6,939.6,-17.0,normal,61.2,125.4,-51.0,deficient
2026-09-21,MAHARASHTRA,state_ut,3.6,6.4,-43.0,deficient,29.4,38.3,-23.0,deficient,782.2,946.0,-17.0,normal,64.8,131.8,-51.0,deficient
2026-09-22,MAHARASHTRA,state_ut,5.0,7.2,-31.0,deficient,29.4,38.3,-23.0,deficient,787.2,953.2,-17.0,normal,69.8,139.0,-50.0,deficient
2026-09-23,MAHARASHTRA,state_ut,3.8,5.9,-36.0,deficient,23.6,42.5,-45.0,deficient,791.0,959.1,-18.0,normal,73.6,144.9,-49.0,deficient
2026-09-24,MAHARASHTRA,state_ut,4.2,5.9,-29.0,deficient,23.6,42.5,-45.0,deficient,795.1,965.0,-18.0,normal,77.7,150.8,-48.0,deficient
2026-08-19,MANIPUR,state_ut,2.7,9.3,-70.0,large_deficient,11.2,57.5,-81.0,large_deficient,446.4,751.1,-41.0,deficient,95.7,166.4,-42.0,deficient
2026-08-20,MANIPUR,state_ut,1.7,5.3,-67.0,large_deficient,11.2,57.5,-81.0,large_deficient,448.1,756.4,-41.0,deficient,97.4,171.7,-43.0,deficient
2026-08-21,MANIPUR,state_ut,3.8,7.0,-45.0,deficient,11.2,57.5,-81.0,large_deficient,451.9,763.4,-41.0,deficient,101.3,178.7,-43.0,deficient
2026-08-22,MANIPUR,state_ut,0.4,7.3,-95.0,large_deficient,11.2,57.5,-81.0,large_deficient,452.3,770.7,-41.0,deficient,101.6,186.0,-45.0,deficient
2026-08-23,MANIPUR,state_ut,0.9,8.1,-89.0,large_deficient,11.2,57.5,-81.0,large_deficient,453.2,778.8,-42.0,deficient,102.5,194.1,-47.0,deficient
2026-08-24,MANIPUR,state_ut,0.2,8.4,-98.0,large_deficient,11.2,57.5,-81.0,large_deficient,453.3,787.2,-42.0,deficient,102.7,202.5,-49.0,deficient
2026-08-25,MANIPUR,state_ut,3.8,8.4,-55.0,deficient,11.2,57.5,-81.0,large_deficient,457.1,795.6,-43.0,deficient,106.4,210.9,-50.0,deficient
2026-08-26,MANIPUR,state_ut,1.7,5.5,-68.0,large_deficient,12.5,50.0,-75.0,large_deficient,458.8,801.1,-43.0,deficient,108.2,216.4,-50.0,deficient
2026-08-27,MANIPUR,state_ut,7.5,8.4,-11.0,normal,12.5,50.0,-75.0,large_deficient,466.3,809.5,-42.0,deficient,115.7,224.8,-49.0,deficient
2026-08-28,MANIPUR,state_ut,0.2,5.4,-96.0,large_deficient,12.5,50.0,-75.0,large_deficient,466.6,814.9,-43.0,deficient,115.9,230.2,-50.0,deficient
2026-08-29,MANIPUR,state_ut,2.3,8.3,-72.0,large_deficient,12.5,50.0,-75.0,large_deficient,468.9,823.2,-43.0,deficient,118.2,238.5,-50.0,deficient
2026-08-30,MANIPUR,state_ut,4.2,5.1,-17.0,normal,12.5,50.0,-75.0,large_deficient,473.1,828.3,-43.0,deficient,122.4,243.6,-50.0,deficient
2026-08-31,MANIPUR,state_ut,8.7,6.5,34.0,excess,12.5,50.0,-75.0,large_deficient,481.8,834.8,-42.0,deficient,131.1,250.1,-48.0,deficient
2026-09-01,MANIPUR,state_ut,12.3,12.0,2.0,normal,12.5,50.0,-75.0,large_deficient,494.1,846.8,-42.0,deficient,131.1,250.1,-48.0,deficient
2026-09-02,MANIPUR,state_ut,11.8,6.7,76.0,large_excess,47.0,52.4,-10.0,normal,505.9,853.5,-41.0,deficient,24.1,18.7,29.0,excess
2026-09-03,MANIPUR,state_ut,0.3,8.1,-96.0,large_deficient,47.0,52.4,-10.0,normal,506.2,861.6,-41.0,deficient,24.4,26.8,-9.0,normal
2026-09-04,MANIPUR,state_ut,2.3,6.2,-62.0,large_deficient,47.0,52.4,-10.0,normal,508.0,867.8,-41.0,deficient,26.1,33.0,-21.0,deficient
2026-09-05,MANIPUR,state_ut,0.9,8.8,-89.0,large_deficient,47.0,52.4,-10.0,normal,508.9,876.6,-42.0,deficient,27.1,41.8,-35.0,deficient
2026-09-06,MANIPUR,state_ut,2.6,6.6,-61.0,large_deficient,47.0,52.4,-10.0,normal,511.5,883.2,-42.0,deficient,29.7,48.4,-39.0,deficient
2026-09-07,MANIPUR,state_ut,9.3,6.0,55.0,excess,47.0,52.4,-10.0,normal,520.8,889.2,-41.0,deficient,39.0,54.4,-28.0,deficient
2026-09-08,MANIPUR,state_ut,9.3,8.8,6.0,normal,47.0,52.4,-10.0,normal,530.1,898.0,-41.0,deficient,48.3,63.2,-24.0,deficient
2026-09-09,MANIPUR,state_ut,2.2,7.9,-72.0,large_deficient,26.5,52.4,-50.0,deficient,532.3,905.9,-41.0,deficient,50.5,71.1,-29.0,deficient
2026-09-10,MANIPUR,state_ut,0.4,7.3,-94.0,large_deficient,26.5,52.4,-50.0,deficient,532.8,913.2,-42.0,deficient,50.9,78.4,-35.0,deficient
2026-09-11,MANIPUR,state_ut,7.3,7.7,-5.0,normal,26.5,52.4,-50.0,deficient,540.0,920.9,-41.0,deficient,58.2,86.1,-32.0,deficient
2026-09-12,MANIPUR,state_ut,3.3,7.1,-53.0,deficient,26.5,52.4,-50.0,deficient,543.4,928.0,-41.0,deficient,61.5,93.2,-34.0,deficient
2026-09-13,MANIPUR,state_ut,0.5,8.2,-94.0,large_deficient,26.5,52.4,-50.0,deficient,543.9,936.2,-42.0,deficient,62.1,101.4,-39.0,deficient
2026-09-14,MANIPUR,state_ut,0.1,4.4,-97.0,large_deficient,26.5,52.4,-50.0,deficient,544.0,940.6,-42.0,deficient,62.2,105.8,-41.0,deficient
2026-09-15,MANIPUR,state_ut,0.0,6.1,-100.0,no_rain,26.5,52.4,-50.0,deficient,544.0,946.7,-43.0,deficient,62.2,111.9,-44.0,deficient
2026-09-16,MANIPUR,state_ut,2.2,8.9,-75.0,large_deficient,13.9,49.7,-72.0,large_deficient,546.2,955.6,-43.0,deficient,64.4,120.8,-47.0,deficient
2026-09-17,MANIPUR,state_ut,0.2,7.1,-97.0,large_deficient,13.9,49.7,-72.0,large_deficient,546.5,962.7,-43.0,deficient,64.6,127.9,-49.0,deficient
2026-09-18,MANIPUR,state_ut,1.8,5.6,-68.0,large_deficient,13.9,49.7,-72.0,large_deficient,548.2,968.3,-43.0,deficient,66.4,133.5,-50.0,deficient
2026-09-19,MANIPUR,state_ut,3.1,4.5,-30.0,deficient,13.9,49.7,-72.0,large_deficient,551.4,972.8,-43.0,deficient,69.6,138.0,-50.0,deficient
2026-09-20,MANIPUR,state_ut,5.5,4.9,12.0,normal,13.9,49.7,-72.0,large_deficient,556.9,977.7,-43.0,deficient,75.1,142.9,-47.0,deficient
2026-09-21,MANIPUR,state_ut,1.9,3.7,-49.0,deficient,13.9,49.7,-72.0,large_deficient,558.3,981.4,-43.0,deficient,76.5,146.6,-48.0,deficient
2026-09-22,MANIPUR,state_ut,1.9,6.2,-69.0,large_deficient,13.9,49.7,-72.0,large_deficient,560.2,987.6,-43.0,deficient,78.4,152.8,-49.0,deficient
2026-09-23,MANIPUR,state_ut,2.6,8.7,-70.0,large_deficient,16.6,40.7,-59.0,large_deficient,562.8,996.3,-44.0,deficient,81.0,161.5,-50.0,deficient
2026-09-24,MANIPUR,state_ut,2.2,7.8,-72.0,large_deficient,16.6,40.7,-59.0,large_deficient,565.0,1004.1,-44.0,deficient,83.2,169.3,-51.0,deficient
2026-08-19,MEGHALAYA,state_ut,9.4,16.1,-42.0,deficient,53.7,138.5,-61.0,large_deficient,838.6,1976.6,-58.0,deficient,157.0,350.4,-55.0,deficient
2026-08-20,MEGHALAYA,state_ut,2.9,18.4,-84.0,large_deficient,53.7,138.5,-61.0,large_deficient,841.4,1995.0,-58.0,deficient,159.8,368.8,-57.0,deficient
2026-08-21,MEGHALAYA,state_ut,7.4,20.8,-64.0,large_deficient,53.7,138.5,-61.0,large_deficient,848.8,2015.8,-58.0,deficient,167.2,389.6,-57.0,deficient
2026-08-22,MEGHALAYA,state_ut,8.2,21.0,-61.0,large_deficient,53.7,138.5,-61.0,large_deficient,857.0,2036.8,-58.0,deficient,175.4,410.6,-57.0,deficient
2026-08-23,MEGHALAYA,state_ut,4.5,21.4,-79.0,large_deficient,53.7,138.5,-61.0,large_deficient,861.5,2058.2,-58.0,deficient,179.9,432.0,-58.0,deficient
2026-08-24,MEGHALAYA,state_ut,7.7,26.8,-71.0,large_deficient,53.7,138.5,-61.0,large_deficient,869.2,2085.0,-58.0,deficient,187.6,458.8,-59.0,deficient
2026-08-25,MEGHALAYA,state_ut,16.3,23.1,-29.0,deficient,53.7,138.5,-61.0,large_deficient,885.5,2108.1,-58.0,deficient,203.9,481.9,-58.0,deficient
2026-08-26,MEGHALAYA,state_ut,4.9,17.7,-72.0,large_deficient,51.8,149.2,-65.0,large_deficient,890.4,2125.8,-58.0,deficient,208.8,499.6,-58.0,deficient
2026-08-27,MEGHALAYA,state_ut,5.6,21.1,-74.0,large_deficient,51.8,149.2,-65.0,large_deficient,895.9,2146.9,-58.0,deficient,214.4,520.7,-59.0,deficient
2026-08-28,MEGHALAYA,state_ut,6.5,13.9,-54.0,deficient,51.8,149.2,-65.0,large_deficient,902.4,2160.8,-58.0,deficient,220.8,534.6,-59.0,deficient
2026-08-29,MEGHALAYA,state_ut,8.7,16.1,-46.0,deficient,51.8,149.2,-65.0,large_deficient,911.1,2176.9,-58.0,deficient,229.5,550.7,-58.0,deficient
2026-08-30,MEGHALAYA,state_ut,5.1,14.7,-65.0,large_deficient,51.8,149.2,-65.0,large_deficient,916.2,2191.6,-58.0,deficient,234.6,565.4,-59.0,deficient
2026-08-31,MEGHALAYA,state_ut,7.6,16.2,-53.0,deficient,51.8,149.2,-65.0,large_deficient,923.8,2207.8,-58.0,deficient,242.3,581.6,-58.0,deficient
2026-09-01,MEGHALAYA,state_ut,10.3,17.1,-39.0,deficient,51.8,149.2,-65.0,large_deficient,934.2,2224.9,-58.0,deficient,242.3,581.6,-58.0,deficient
2026-09-02,MEGHALAYA,state_ut,7.8,18.6,-58.0,deficient,51.6,117.7,-56.0,deficient,942.0,2243.5,-58.0,deficient,18.2,35.7,-49.0,deficient
2026-09-03,MEGHALAYA,state_ut,7.8,16.6,-53.0,deficient,51.6,117.7,-56.0,deficient,949.8,2260.1,-58.0,deficient,25.9,52.3,-50.0,deficient
2026-09-04,MEGHALAYA,state_ut,10.0,19.1,-48.0,deficient,51.6,117.7,-56.0,deficient,959.7,2279.2,-58.0,deficient,35.9,71.4,-50.0,deficient
2026-09-05,MEGHALAYA,state_ut,6.7,19.9,-67.0,large_deficient,51.6,117.7,-56.0,deficient,966.4,2299.1,-58.0,deficient,42.6,91.3,-53.0,deficient
2026-09-06,MEGHALAYA,state_ut,6.1,16.2,-62.0,large_deficient,51.6,117.7,-56.0,deficient,972.5,2315.3,-58.0,deficient,48.7,107.5,-55.0,deficient
2026-09-07,MEGHALAYA,state_ut,2.2,18.8,-88.0,large_deficient,51.6,117.7,-56.0,deficient,974.7,2334.1,-58.0,deficient,50.9,126.3,-60.0,large_deficient
2026-09-08,MEGHALAYA,state_ut,4.1,20.6,-80.0,large_deficient,51.6,117.7,-56.0,deficient,978.8,2354.7,-58.0,deficient,54.9,146.9,-63.0,large_deficient
2026-09-09,MEGHALAYA,state_ut,4.9,17.2,-72.0,large_deficient,41.7,128.4,-68.0,large_deficient,983.7,2371.9,-59.0,deficient,59.8,164.1,-64.0,large_deficient
2026-09-10,MEGHALAYA,state_ut,3.3,13.6,-76.0,large_deficient,41.7,128.4,-68.0,large_deficient,987.0,2385.5,-59.0,deficient,63.2,177.7,-64.0,large_deficient
2026-09-11,MEGHALAYA,state_ut,4.4,15.9,-73.0,large_deficient,41.7,128.4,-68.0,large_deficient,991.4,2401.4,-59.0,deficient,67.5,193.6,-65.0,large_deficient
2026-09-12,MEGHALAYA,state_ut,11.0,17.1,-36.0,deficient,41.7,128.4,-68.0,large_deficient,1002.4,2418.5,-59.0,deficient,78.5,210.7,-63.0,large_deficient
2026-09-13,MEGHALAYA,state_ut,1.7,19.6,-91.0,large_deficient,41.7,128.4,-68.0,large_deficient,1004.1,2438.1,-59.0,deficient,80.2,230.3,-65.0,large_deficient
2026-09-14,MEGHALAYA,state_ut,4.1,15.6,-74.0,large_deficient,41.7,128.4,-68.0,large_deficient,1008.1,2453.7,-59.0,deficient,84.3,245.9,-66.0,large_deficient
2026-09-15,MEGHALAYA,state_ut,4.5,14.7,-70.0,large_deficient,41.7,128.4,-68.0,large_deficient,1012.6,2468.4,-59.0,deficient,88.8,260.6,-66.0,large_deficient
2026-09-16,MEGHALAYA,state_ut,2.8,13.6,-79.0,large_deficient,31.8,110.1,-71.0,large_deficient,1015.4,2482.0,-59.0,deficient,91.6,274.2,-67.0,large_deficient
2026-09-17,MEGHALAYA,state_ut,7.9,15.5,-49.0,deficient,31.8,110.1,-71.0,large_deficient,1023.3,2497.5,-59.0,deficient,99.5,289.7,-66.0,large_deficient
2026-09-18,MEGHALAYA,state_ut,3.3,10.6,-69.0,large_deficient,31.8,110.1,-71.0,large_deficient,1026.6,2508.1,-59.0,deficient,102.8,300.3,-66.0,large_deficient
2026-09-19,MEGHALAYA,state_ut,2.1,14.6,-85.0,large_deficient,31.8,110.1,-71.0,large_deficient,1028.7,2522.7,-59.0,deficient,104.9,314.9,-67.0,large_deficient
2026-09-20,MEGHALAYA,state_ut,3.4,14.1,-76.0,large_deficient,31.8,110.1,-71.0,large_deficient,1032.1,2536.8,-59.0,deficient,108.3,329.0,-67.0,large_deficient
2026-09-21,MEGHALAYA,state_ut,7.4,15.7,-53.0,deficient,31.8,110.1,-71.0,large_deficient,1039.6,2552.5,-59.0,deficient,115.7,344.7,-66.0,large_deficient
2026-09-22,MEGHALAYA,state_ut,2.6,22.0,-88.0,large_deficient,31.8,110.1,-71.0,large_deficient,1042.2,2574.5,-60.0,large_deficient,118.3,366.7,-68.0,large_deficient
2026-09-23,MEGHALAYA,state_ut,16.5,22.0,-25.0,deficient,43.3,114.5,-62.0,large_deficient,1058.7,2596.5,-59.0,deficient,134.9,388.7,-65.0,large_deficient
2026-09-24,MEGHALAYA,state_ut,6.6,15.4,-57.0,deficient,43.3,114.5,-62.0,large_deficient,1065.3,2611.9,-59.0,deficient,141.5,404.1,-65.0,large_deficient
2026-08-19,MIZORAM,state_ut,7.8,14.3,-45.0,deficient,57.2,100.4,-43.0,deficient,854.3,1105.3,-23.0,deficient,209.2,260.0,-20.0,deficient
2026-08-20,MIZORAM,state_ut,8.8,16.4,-46.0,deficient,57.2,100.4,-43.0,deficient,863.0,1121.7,-23.0,deficient,218.0,276.4,-21.0,deficient
2026-08-21,MIZORAM,state_ut,13.1,13.7,-4.0,normal,57.2,100.4,-43.0,deficient,876.2,1135.4,-23.0,deficient,231.1,290.1,-20.0,deficient
2026-08-22,MIZORAM,state_ut,20.4,11.6,76.0,large_excess,57.2,100.4,-43.0,deficient,896.6,1147.0,-22.0,deficient,251.6,301.7,-17.0,normal
2026-08-23,MIZORAM,state_ut,17.6,13.1,35.0,excess,57.2,100.4,-43.0,deficient,914.2,1160.1,-21.0,deficient,269.2,314.8,-14.0,normal
2026-08-24,MIZORAM,state_ut,9.2,15.4,-40.0,deficient,57.2,100.4,-43.0,deficient,923.4,1175.5,-21.0,deficient,278.4,330.2,-16.0,normal
2026-08-25,MIZORAM,state_ut,6.1,16.0,-62.0,large_deficient,57.2,100.4,-43.0,deficient,929.5,1191.5,-22.0,deficient,284.5,346.2,-18.0,normal
2026-08-26,MIZORAM,state_ut,6.7,15.3,-56.0,deficient,82.0,101.5,-19.0,deficient,936.3,1206.8,-22.0,deficient,291.2,361.5,-19.0,normal
2026-08-27,MIZORAM,state_ut,13.1,12.4,5.0,normal,82.0,101.5,-19.0,deficient,949.3,1219.2,-22.0,deficient,304.3,373.9,-19.0,normal
2026-08-28,MIZORAM,state_ut,28.6,12.9,122.0,large_excess,82.0,101.5,-19.0,deficient,977.9,1232.1,-21.0,deficient,332.9,386.8,-14.0,normal
2026-08-29,MIZORAM,state_ut,20.1,12.2,65.0,large_excess,82.0,101.5,-19.0,deficient,998.0,1244.3,-20.0,deficient,353.0,399.0,-12.0,normal
2026-08-30,MIZORAM,state_ut,17.5,10.0,75.0,large_excess,82.0,101.5,-19.0,deficient,1015.6,1254.3,-19.0,normal,370.5,409.0,-9.0,normal
2026-08-31,MIZORAM,state_ut,11.6,9.9,17.0,normal,82.0,101.5,-19.0,deficient,1027.2,1264.2,-19.0,normal,382.2,418.9,-9.0,normal
2026-09-01,MIZORAM,state_ut,20.2,9.8,106.0,large_excess,82.0,101.5,-19.0,deficient,1047.4,1274.0,-18.0,normal,382.2,418.9,-9.0,normal
2026-09-02,MIZORAM,state_ut,13.0,10.7,22.0,excess,124.2,77.9,59.0,large_excess,1060.4,1284.7,-17.0,normal,33.2,20.5,62.0,large_excess
2026-09-03,MIZORAM,state_ut,19.3,11.8,63.0,large_excess,124.2,77.9,59.0,large_excess,1079.7,1296.5,-17.0,normal,52.5,32.3,63.0,large_excess
2026-09-04,MIZORAM,state_ut,8.5,13.6,-38.0,deficient,124.2,77.9,59.0,large_excess,1088.2,1310.1,-17.0,normal,61.0,45.9,33.0,excess
2026-09-05,MIZORAM,state_ut,2.8,14.9,-81.0,large_deficient,124.2,77.9,59.0,large_excess,1091.0,1325.0,-18.0,normal,63.8,60.8,5.0,normal
2026-09-06,MIZORAM,state_ut,21.0,13.5,56.0,excess,124.2,77.9,59.0,large_excess,1112.1,1338.5,-17.0,normal,84.9,74.3,14.0,normal
2026-09-07,MIZORAM,state_ut,16.6,12.6,32.0,excess,124.2,77.9,59.0,large_excess,1128.7,1351.1,-16.0,normal,101.5,86.9,17.0,normal
2026-09-08,MIZORAM,state_ut,29.1,13.1,122.0,large_excess,124.2,77.9,59.0,large_excess,1157.8,1364.2,-15.0,normal,130.6,100.0,31.0,excess
2026-09-09,MIZORAM,state_ut,37.9,14.2,167.0,large_excess,135.3,93.7,44.0,excess,1195.7,1378.4,-13.0,normal,168.5,114.2,48.0,excess
2026-09-10,MIZORAM,state_ut,3.6,12.8,-72.0,large_deficient,135.3,93.7,44.0,excess,1199.4,1391.2,-14.0,normal,172.2,127.0,36.0,excess
2026-09-11,MIZORAM,state_ut,4.1,11.6,-65.0,large_deficient,135.3,93.7,44.0,excess,1203.4,1402.8,-14.0,normal,176.2,138.6,27.0,excess
2026-09-12,MIZORAM,state_ut,11.5,11.4,1.0,normal,135.3,93.7,44.0,excess,1215.0,1414.2,-14.0,normal,187.8,150.0,25.0,excess
2026-09-13,MIZORAM,state_ut,5.8,11.4,-49.0,deficient,135.3,93.7,44.0,excess,1220.7,1425.6,-14.0,normal,193.5,161.4,20.0,excess
2026-09-14,MIZORAM,state_ut,2.4,14.3,-83.0,large_deficient,135.3,93.7,44.0,excess,1223.1,1439.9,-15.0,normal,195.9,175.7,11.0,normal
2026-09-15,MIZORAM,state_ut,1.1,13.7,-92.0,large_deficient,135.3,93.7,44.0,excess,1224.2,1453.6,-16.0,normal,197.0,189.4,4.0,normal
2026-09-16,MIZORAM,state_ut,9.6,12.3,-22.0,deficient,38.1,87.5,-56.0,deficient,1233.9,1465.9,-16.0,normal,206.7,201.7,2.0,normal
2026-09-17,MIZORAM,state_ut,9.3,13.5,-31.0,deficient,38.1,87.5,-56.0,deficient,1243.1,1479.4,-16.0,normal,215.9,215.2,0.0,normal
2026-09-18,MIZORAM,state_ut,2.9,13.0,-78.0,large_deficient,38.1,87.5,-56.0,deficient,1246.0,1492.4,-17.0,normal,218.8,228.2,-4.0,normal
2026-09-19,MIZORAM,state_ut,1.3,14.0,-91.0,large_deficient,38.1,87.5,-56.0,deficient,1247.3,1506.4,-17.0,normal,220.1,242.2,-9.0,normal
2026-09-20,MIZORAM,state_ut,6.7,12.3,-46.0,deficient,38.1,87.5,-56.0,deficient,1254.0,1518.7,-17.0,normal,226.8,254.5,-11.0,normal
2026-09-21,MIZORAM,state_ut,0.1,11.1,-99.0,large_deficient,38.1,87.5,-56.0,deficient,1254.1,1529.8,-18.0,normal,226.9,265.6,-15.0,normal
2026-09-22,MIZORAM,state_ut,3.6,12.1,-70.0,large_deficient,38.1,87.5,-56.0,deficient,1257.7,1541.9,-18.0,normal,230.5,277.7,-17.0,normal
2026-09-23,MIZORAM,state_ut,9.7,12.1,-20.0,deficient,33.5,88.1,-62.0,large_deficient,1267.4,1554.0,-18.0,normal,240.2,289.8,-17.0,normal
2026-09-24,MIZORAM,state_ut,9.9,12.5,-21.0,deficient,33.5,88.1,-62.0,large_deficient,1277.3,1566.5,-18.0,normal,250.1,302.3,-17.0,normal
2026-08-19,NAGALAND,state_ut,12.5,9.1,37.0,excess,64.3,66.3,-3.0,normal,770.8,733.4,5.0,normal,220.0,167.1,32.0,excess
2026-08-20,NAGALAND,state_ut,8.7,7.7,14.0,normal,64.3,66.3,-3.0,normal,779.6,741.1,5.0,normal,228.7,174.8,31.0,excess
2026-08-21,NAGALAND,state_ut,3.9,11.6,-67.0,large_deficient,64.3,66.3,-3.0,normal,783.5,752.7,4.0,normal,232.6,186.4,25.0,excess
2026-08-22,NAGALAND,state_ut,4.8,7.4,-35.0,deficient,64.3,66.3,-3.0,normal,788.2,760.1,4.0,normal,237.4,193.8,23.0,excess
2026-08-23,NAGALAND,state_ut,4.7,10.5,-55.0,deficient,64.3,66.3,-3.0,normal,792.9,770.6,3.0,normal,242.1,204.3,18.0,normal
2026-08-24,NAGALAND,state_ut,21.5,7.5,187.0,large_excess,64.3,66.3,-3.0,normal,814.4,778.1,5.0,normal,263.6,211.8,24.0,excess
2026-08-25,NAGALAND,state_ut,9.4,7.1,33.0,excess,64.3,66.3,-3.0,normal,823.9,785.2,5.0,normal,273.0,218.9,25.0,excess
2026-08-26,NAGALAND,state_ut,6.7,7.2,-7.0,normal,59.8,59.0,1.0,normal,830.6,792.4,5.0,normal,279.8,226.1,24.0,excess
2026-08-27,NAGALAND,state_ut,22.6,8.6,162.0,large_excess,59.8,59.0,1.0,normal,853.2,801.0,7.0,normal,302.3,234.7,29.0,excess
2026-08-28,NAGALAND,state_ut,3.0,7.7,-61.0,large_deficient,59.8,59.0,1.0,normal,856.1,808.7,6.0,normal,305.3,242.4,26.0,excess
2026-08-29,NAGALAND,state_ut,11.5,9.5,21.0,excess,59.8,59.0,1.0,normal,867.7,818.2,6.0,normal,316.8,251.9,26.0,excess
2026-08-30,NAGALAND,state_ut,3.9,7.1,-46.0,deficient,59.8,59.0,1.0,normal,871.5,825.3,6.0,normal,320.7,259.0,24.0,excess
2026-08-31,NAGALAND,state_ut,9.2,5.6,65.0,large_excess,59.8,59.0,1.0,normal,880.8,830.9,6.0,normal,329.9,264.6,25.0,excess
2026-09-01,NAGALAND,state_ut,17.3,8.2,111.0,large_excess,59.8,59.0,1.0,normal,898.1,839.1,7.0,normal,329.9,264.6,25.0,excess
2026-09-02,NAGALAND,state_ut,19.9,6.4,211.0,large_excess,87.4,53.1,65.0,large_excess,918.0,845.5,9.0,normal,37.2,14.6,155.0,large_excess
2026-09-03,NAGALAND,state_ut,9.3,7.9,17.0,normal,87.4,53.1,65.0,large_excess,927.3,853.4,9.0,normal,46.5,22.5,107.0,large_excess
2026-09-04,NAGALAND,state_ut,20.0,7.2,178.0,large_excess,87.4,53.1,65.0,large_excess,947.3,860.6,10.0,normal,66.5,29.7,124.0,large_excess
2026-09-05,NAGALAND,state_ut,44.1,8.2,438.0,large_excess,87.4,53.1,65.0,large_excess,991.4,868.8,14.0,normal,110.7,37.9,192.0,large_excess
2026-09-06,NAGALAND,state_ut,9.8,7.3,34.0,excess,87.4,53.1,65.0,large_excess,1001.2,876.1,14.0,normal,120.5,45.2,166.0,large_excess
2026-09-07,NAGALAND,state_ut,8.5,7.4,15.0,normal,87.4,53.1,65.0,large_excess,1009.7,883.5,14.0,normal,129.0,52.6,145.0,large_excess
2026-09-08,NAGALAND,state_ut,5.2,6.9,-25.0,deficient,87.4,53.1,65.0,large_excess,1014.9,890.4,14.0,normal,134.1,59.5,125.0,large_excess
2026-09-09,NAGALAND,state_ut,8.7,6.7,29.0,excess,102.3,51.6,98.0,large_excess,1020.3,897.1,14.0,normal,139.6,66.2,111.0,large_excess
2026-09-10,NAGALAND,state_ut,1.7,8.9,-81.0,large_deficient,102.3,51.6,98.0,large_excess,1022.0,906.0,13.0,normal,141.2,75.1,88.0,large_excess
2026-09-11,NAGALAND,state_ut,0.2,8.6,-97.0,large_deficient,102.3,51.6,98.0,large_excess,1022.2,914.6,12.0,normal,141.5,83.7,69.0,large_excess
2026-09-12,NAGALAND,state_ut,8.0,8.0,0.0,normal,102.3,51.6,98.0,large_excess,1030.2,922.6,12.0,normal,149.4,91.7,63.0,large_excess
2026-09-13,NAGALAND,state_ut,4.1,7.0,-41.0,deficient,102.3,51.6,98.0,large_excess,1034.3,929.6,11.0,normal,153.5,98.7,56.0,excess
2026-09-14,NAGALAND,state_ut,1.7,6.5,-73.0,large_deficient,102.3,51.6,98.0,large_excess,1036.0,936.1,11.0,normal,155.3,105.2,48.0,excess
2026-09-15,NAGALAND,state_ut,2.5,8.1,-70.0,large_deficient,102.3,51.6,98.0,large_excess,1038.5,944.2,10.0,normal,157.7,113.3,39.0,excess
2026-09-16,NAGALAND,state_ut,6.7,6.0,12.0,normal,24.9,53.1,-53.0,deficient,1045.2,950.2,10.0,normal,164.5,119.3,38.0,excess
2026-09-17,NAGALAND,state_ut,5.6,6.2,-9.0,normal,24.9,53.1,-53.0,deficient,1050.8,956.4,10.0,normal,170.1,125.5,36.0,excess
2026-09-18,NAGALAND,state_ut,10.8,5.9,83.0,large_excess,24.9,53.1,-53.0,deficient,1061.6,962.3,10.0,normal,180.9,131.4,38.0,excess
2026-09-19,NAGALAND,state_ut,0.1,4.9,-99.0,large_deficient,24.9,53.1,-53.0,deficient,1061.7,967.2,10.0,normal,180.9,136.3,33.0,excess
2026-09-20,NAGALAND,state_ut,6.5,6.9,-6.0,normal,24.9,53.1,-53.0,deficient,1068.2,974.1,10.0,normal,187.4,143.2,31.0,excess
2026-09-21,NAGALAND,state_ut,2.0,8.6,-77.0,large_deficient,24.9,53.1,-53.0,deficient,1069.6,982.7,9.0,normal,188.9,151.8,24.0,excess
2026-09-22,NAGALAND,state_ut,4.3,6.7,-36.0,deficient,24.9,53.1,-53.0,deficient,1073.9,989.4,9.0,normal,193.2,158.5,22.0,excess
2026-09-23,NAGALAND,state_ut,4.1,6.9,-40.0,deficient,32.8,46.1,-29.0,deficient,1078.0,996.3,8.0,normal,197.3,165.4,19.0,normal
2026-09-24,NAGALAND,state_ut,5.4,8.5,-36.0,deficient,32.8,46.1,-29.0,deficient,1083.5,1004.8,8.0,normal,202.7,173.9,17.0,normal
2026-08-19,ODISHA,state_ut,8.3,13.7,-40.0,deficient,126.8,88.1,44.0,excess,1004.4,786.5,28.0,excess,268.8,235.8,14.0,normal
2026-08-20,ODISHA,state_ut,3.3,15.0,-78.0,large_deficient,126.8,88.1,44.0,excess,1007.7,801.5,26.0,excess,272.1,250.8,8.0,normal
2026-08-21,ODISHA,state_ut,2.2,10.4,-79.0,large_deficient,126.8,88.1,44.0,excess,1009.8,811.9,24.0,excess,274.3,261.2,5.0,normal
2026-08-22,ODISHA,state_ut,6.8,11.0,-39.0,deficient,126.8,88.1,44.0,excess,1016.6,822.9,24.0,excess,281.0,272.2,3.0,normal
2026-08-23,ODISHA,state_ut,26.2,8.9,195.0,large_excess,126.8,88.1,44.0,excess,1042.8,831.8,25.0,excess,307.3,281.1,9.0,normal
2026-08-24,ODISHA,state_ut,35.6,7.0,409.0,large_excess,126.8,88.1,44.0,excess,1078.4,838.8,29.0,excess,342.9,288.1,19.0,normal
2026-08-25,ODISHA,state_ut,16.3,7.0,132.0,large_excess,126.8,88.1,44.0,excess,1094.7,845.8,29.0,excess,359.2,295.1,22.0,excess
2026-08-26,ODISHA,state_ut,3.3,10.9,-70.0,large_deficient,93.6,70.2,33.0,excess,1098.0,856.7,28.0,excess,362.5,306.0,18.0,normal
2026-08-27,ODISHA,state_ut,4.9,13.8,-64.0,large_deficient,93.6,70.2,33.0,excess,1103.0,870.5,27.0,excess,367.4,319.8,15.0,normal
2026-08-28,ODISHA,state_ut,6.3,13.6,-54.0,deficient,93.6,70.2,33.0,excess,1109.2,884.1,25.0,excess,373.7,333.4,12.0,normal
2026-08-29,ODISHA,state_ut,4.5,12.2,-63.0,large_deficient,93.6,70.2,33.0,excess,1113.7,896.3,24.0,excess,378.2,345.6,9.0,normal
2026-08-30,ODISHA,state_ut,15.5,10.2,52.0,excess,93.6,70.2,33.0,excess,1129.3,906.5,25.0,excess,393.7,355.8,11.0,normal
2026-08-31,ODISHA,state_ut,25.0,8.0,212.0,large_excess,93.6,70.2,33.0,excess,1154.3,914.5,26.0,excess,418.7,363.8,15.0,normal
2026-09-01,ODISHA,state_ut,13.9,7.8,79.0,large_excess,93.6,70.2,33.0,excess,1168.2,922.3,27.0,excess,418.7,363.8,15.0,normal
2026-09-02,ODISHA,state_ut,1.1,9.6,-89.0,large_deficient,71.3,75.2,-5.0,normal,1169.3,931.9,25.0,excess,15.0,17.4,-14.0,normal
2026-09-03,ODISHA,state_ut,1.4,9.2,-85.0,large_deficient,71.3,75.2,-5.0,normal,1170.7,941.1,24.0,excess,16.4,26.6,-38.0,deficient
2026-09-04,ODISHA,state_ut,0.4,11.4,-96.0,large_deficient,71.3,75.2,-5.0,normal,1171.1,952.5,23.0,excess,16.8,38.0,-56.0,deficient
2026-09-05,ODISHA,state_ut,1.0,10.5,-90.0,large_deficient,71.3,75.2,-5.0,normal,1172.1,963.0,22.0,excess,17.9,48.5,-63.0,large_deficient
2026-09-06,ODISHA,state_ut,1.2,10.9,-89.0,large_deficient,71.3,75.2,-5.0,normal,1173.4,973.9,20.0,excess,19.1,59.4,-68.0,large_deficient
2026-09-07,ODISHA,state_ut,4.2,11.0,-61.0,large_deficient,71.3,75.2,-5.0,normal,1177.6,984.9,20.0,excess,23.3,70.4,-67.0,large_deficient
2026-09-08,ODISHA,state_ut,4.3,7.8,-44.0,deficient,71.3,75.2,-5.0,normal,1181.9,992.7,19.0,normal,27.7,78.2,-65.0,large_deficient
2026-09-09,ODISHA,state_ut,2.3,8.4,-72.0,large_deficient,15.0,69.2,-78.0,large_deficient,1184.3,1001.1,18.0,normal,30.0,86.6,-65.0,large_deficient
2026-09-10,ODISHA,state_ut,12.2,8.6,42.0,excess,15.0,69.2,-78.0,large_deficient,1196.5,1009.7,19.0,normal,42.2,95.2,-56.0,deficient
2026-09-11,ODISHA,state_ut,30.8,8.7,254.0,large_excess,15.0,69.2,-78.0,large_deficient,1227.3,1018.4,21.0,excess,73.0,103.9,-30.0,deficient
2026-09-12,ODISHA,state_ut,26.0,9.8,165.0,large_excess,15.0,69.2,-78.0,large_deficient,1253.2,1028.2,22.0,excess,99.0,113.7,-13.0,normal
2026-09-13,ODISHA,state_ut,7.4,9.1,-19.0,normal,15.0,69.2,-78.0,large_deficient,1260.6,1037.3,22.0,excess,106.3,122.8,-13.0,normal
2026-09-14,ODISHA,state_ut,5.2,7.6,-31.0,deficient,15.0,69.2,-78.0,large_deficient,1265.8,1044.9,21.0,excess,111.6,130.4,-14.0,normal
2026-09-15,ODISHA,state_ut,1.6,6.9,-77.0,large_deficient,15.0,69.2,-78.0,large_deficient,1267.4,1051.8,21.0,excess,113.2,137.3,-18.0,normal
2026-09-16,ODISHA,state_ut,1.6,7.6,-80.0,large_deficient,84.7,58.3,45.0,excess,1269.0,1059.4,20.0,excess,114.7,144.9,-21.0,deficient
2026-09-17,ODISHA,state_ut,2.3,8.0,-71.0,large_deficient,84.7,58.3,45.0,excess,1271.3,1067.4,19.0,normal,117.1,152.9,-23.0,deficient
2026-09-18,ODISHA,state_ut,2.9,9.2,-69.0,large_deficient,84.7,58.3,45.0,excess,1274.2,1076.6,18.0,normal,119.9,162.1,-26.0,deficient
2026-09-19,ODISHA,state_ut,5.1,7.6,-33.0,deficient,84.7,58.3,45.0,excess,1279.3,1084.2,18.0,normal,125.0,169.7,-26.0,deficient
2026-09-20,ODISHA,state_ut,7.4,6.9,7.0,normal,84.7,58.3,45.0,excess,1286.7,1091.1,18.0,normal,132.4,176.6,-25.0,deficient
2026-09-21,ODISHA,state_ut,6.7,8.8,-24.0,deficient,84.7,58.3,45.0,excess,1293.4,1099.9,18.0,normal,139.2,185.4,-25.0,deficient
2026-09-22,ODISHA,state_ut,11.0,7.3,51.0,excess,84.7,58.3,45.0,excess,1304.5,1107.2,18.0,normal,150.2,192.7,-22.0,deficient
2026-09-23,ODISHA,state_ut,39.0,7.4,427.0,large_excess,74.5,55.2,35.0,excess,1343.5,1114.6,21.0,excess,189.2,200.1,-5.0,normal
2026-09-24,ODISHA,state_ut,41.4,5.7,627.0,large_excess,74.5,55.2,35.0,excess,1384.9,1120.3,24.0,excess,230.6,205.8,12.0,normal
2026-08-19,PUDUCHERRY (UT),state_ut,0.8,3.5,-76.0,large_deficient,11.5,30.9,-63.0,large_deficient,161.3,234.4,-31.0,deficient,90.4,74.3,22.0,excess
2026-08-20,PUDUCHERRY (UT),state_ut,4.3,3.1,39.0,excess,11.5,30.9,-63.0,large_deficient,165.6,237.5,-30.0,deficient,94.7,77.4,22.0,excess
2026-08-21,PUDUCHERRY (UT),state_ut,9.3,5.8,61.0,large_excess,11.5,30.9,-63.0,large_deficient,175.0,243.3,-28.0,deficient,104.1,83.2,25.0,excess
2026-08-22,PUDUCHERRY (UT),state_ut,0.2,6.6,-98.0,large_deficient,11.5,30.9,-63.0,large_deficient,175.1,249.9,-30.0,deficient,104.2,89.8,16.0,normal
2026-08-23,PUDUCHERRY (UT),state_ut,0.0,4.0,-100.0,no_rain,11.5,30.9,-63.0,large_deficient,175.1,253.9,-31.0,deficient,104.2,93.8,11.0,normal
2026-08-24,PUDUCHERRY (UT),state_ut,1.5,4.3,-65.0,large_deficient,11.5,30.9,-63.0,large_deficient,176.6,258.2,-32.0,deficient,105.7,98.1,8.0,normal
2026-08-25,PUDUCHERRY (UT),state_ut,0.8,4.6,-82.0,large_deficient,11.5,30.9,-63.0,large_deficient,177.4,262.8,-32.0,deficient,106.5,102.7,4.0,normal
2026-08-26,PUDUCHERRY (UT),state_ut,0.0,3.4,-100.0,no_rain,16.1,31.8,-49.0,deficient,177.4,266.2,-33.0,deficient,106.5,106.1,0.0,normal
2026-08-27,PUDUCHERRY (UT),state_ut,0.1,7.0,-99.0,large_deficient,16.1,31.8,-49.0,deficient,177.5,273.2,-35.0,deficient,106.6,113.1,-6.0,normal
2026-08-28,PUDUCHERRY (UT),state_ut,0.0,2.8,-99.0,large_deficient,16.1,31.8,-49.0,deficient,177.5,276.0,-36.0,deficient,106.6,115.9,-8.0,normal
2026-08-29,PUDUCHERRY (UT),state_ut,10.0,3.9,156.0,large_excess,16.1,31.8,-49.0,deficient,187.3,279.9,-33.0,deficient,116.4,119.8,-3.0,normal
2026-08-30,PUDUCHERRY (UT),state_ut,0.0,3.1,-100.0,no_rain,16.1,31.8,-49.0,deficient,187.3,283.0,-34.0,deficient,116.4,122.9,-5.0,normal
2026-08-31,PUDUCHERRY (UT),state_ut,0.0,4.7,-100.0,no_rain,16.1,31.8,-49.0,deficient,187.3,287.7,-35.0,deficient,116.4,127.6,-9.0,normal
2026-09-01,PUDUCHERRY (UT),state_ut,0.0,3.9,-100.0,no_rain,16.1,31.8,-49.0,deficient,187.3,291.6,-36.0,deficient,116.4,127.6,-9.0,normal
2026-09-02,PUDUCHERRY (UT),state_ut,1.0,3.6,-73.0,large_deficient,10.9,29.0,-63.0,large_deficient,188.3,295.2,-36.0,deficient,1.0,7.5,-87.0,large_deficient
2026-09-03,PUDUCHERRY (UT),state_ut,0.0,3.6,-100.0,no_rain,10.9,29.0,-63.0,large_deficient,188.3,298.8,-37.0,deficient,1.0,11.1,-91.0,large_deficient
2026-09-04,PUDUCHERRY (UT),state_ut,8.7,2.7,221.0,large_excess,10.9,29.0,-63.0,large_deficient,197.0,301.5,-35.0,deficient,9.7,13.8,-30.0,deficient
2026-09-05,PUDUCHERRY (UT),state_ut,0.0,4.3,-100.0,no_rain,10.9,29.0,-63.0,large_deficient,197.0,305.8,-36.0,deficient,9.7,18.1,-47.0,deficient
2026-09-06,PUDUCHERRY (UT),state_ut,2.4,3.7,-35.0,deficient,10.9,29.0,-63.0,large_deficient,199.3,309.5,-36.0,deficient,12.0,21.8,-45.0,deficient
2026-09-07,PUDUCHERRY (UT),state_ut,0.0,5.6,-100.0,no_rain,10.9,29.0,-63.0,large_deficient,199.3,315.1,-37.0,deficient,12.0,27.4,-56.0,deficient
2026-09-08,PUDUCHERRY (UT),state_ut,0.0,3.6,-100.0,no_rain,10.9,29.0,-63.0,large_deficient,199.3,318.7,-37.0,deficient,12.0,31.0,-61.0,large_deficient
2026-09-09,PUDUCHERRY (UT),state_ut,0.0,3.3,-100.0,no_rain,11.0,26.8,-59.0,deficient,199.3,322.0,-38.0,deficient,12.0,34.3,-65.0,large_deficient
2026-09-10,PUDUCHERRY (UT),state_ut,7.1,4.8,49.0,excess,11.0,26.8,-59.0,deficient,206.4,326.8,-37.0,deficient,19.0,39.1,-51.0,deficient
2026-09-11,PUDUCHERRY (UT),state_ut,0.0,4.7,-100.0,no_rain,11.0,26.8,-59.0,deficient,206.4,331.5,-38.0,deficient,19.0,43.8,-57.0,deficient
2026-09-12,PUDUCHERRY (UT),state_ut,1.1,4.7,-76.0,large_deficient,11.0,26.8,-59.0,deficient,207.5,336.2,-38.0,deficient,20.2,48.5,-58.0,deficient
2026-09-13,PUDUCHERRY (UT),state_ut,3.2,3.9,-18.0,normal,11.0,26.8,-59.0,deficient,210.6,340.1,-38.0,deficient,23.3,52.4,-56.0,deficient
2026-09-14,PUDUCHERRY (UT),state_ut,0.0,3.6,-100.0,no_rain,11.0,26.8,-59.0,deficient,210.6,343.7,-39.0,deficient,23.3,56.0,-58.0,deficient
2026-09-15,PUDUCHERRY (UT),state_ut,0.3,3.0,-89.0,large_deficient,11.0,26.8,-59.0,deficient,210.9,346.7,-39.0,deficient,23.6,59.0,-60.0,large_deficient
2026-09-16,PUDUCHERRY (UT),state_ut,0.0,7.1,-100.0,no_rain,11.6,31.8,-64.0,large_deficient,210.9,353.8,-40.0,deficient,23.6,66.1,-64.0,large_deficient
2026-09-17,PUDUCHERRY (UT),state_ut,2.3,4.4,-48.0,deficient,11.6,31.8,-64.0,large_deficient,213.1,358.2,-40.0,deficient,25.8,70.5,-63.0,large_deficient
2026-09-18,PUDUCHERRY (UT),state_ut,0.0,5.6,-100.0,no_rain,11.6,31.8,-64.0,large_deficient,213.1,363.8,-41.0,deficient,25.8,76.1,-66.0,large_deficient
2026-09-19,PUDUCHERRY (UT),state_ut,1.6,3.2,-51.0,deficient,11.6,31.8,-64.0,large_deficient,214.7,367.0,-42.0,deficient,27.4,79.3,-65.0,large_deficient
2026-09-20,PUDUCHERRY (UT),state_ut,13.2,5.1,158.0,large_excess,11.6,31.8,-64.0,large_deficient,227.6,372.1,-39.0,deficient,40.3,84.4,-52.0,deficient
2026-09-21,PUDUCHERRY (UT),state_ut,0.8,4.0,-79.0,large_deficient,11.6,31.8,-64.0,large_deficient,228.4,376.1,-39.0,deficient,41.1,88.4,-54.0,deficient
2026-09-22,PUDUCHERRY (UT),state_ut,7.5,3.9,92.0,large_excess,11.6,31.8,-64.0,large_deficient,235.8,380.0,-38.0,deficient,48.4,92.3,-48.0,deficient
2026-09-23,PUDUCHERRY (UT),state_ut,2.8,3.0,-8.0,normal,28.0,29.2,-4.0,normal,238.5,383.0,-38.0,deficient,51.1,95.3,-46.0,deficient
2026-09-24,PUDUCHERRY (UT),state_ut,8.7,2.0,336.0,large_excess,28.0,29.2,-4.0,normal,247.0,385.0,-36.0,deficient,59.7,97.3,-39.0,deficient
2026-08-19,PUNJAB,state_ut,12.3,3.6,243.0,large_excess,27.5,31.3,-12.0,normal,212.7,318.2,-33.0,deficient,70.8,102.3,-31.0,deficient
2026-08-20,PUNJAB,state_ut,2.0,3.8,-49.0,deficient,27.5,31.3,-12.0,normal,214.7,322.0,-33.0,deficient,72.8,106.1,-31.0,deficient
2026-08-21,PUNJAB,state_ut,7.4,3.6,105.0,large_excess,27.5,31.3,-12.0,normal,222.0,325.6,-32.0,deficient,80.1,109.7,-27.0,deficient
2026-08-22,PUNJAB,state_ut,2.6,4.1,-37.0,deficient,27.5,31.3,-12.0,normal,224.6,329.7,-32.0,deficient,82.7,113.8,-27.0,deficient
2026-08-23,PUNJAB,state_ut,1.0,4.7,-78.0,large_deficient,27.5,31.3,-12.0,normal,225.7,334.4,-33.0,deficient,83.8,118.5,-29.0,deficient
2026-08-24,PUNJAB,state_ut,1.3,3.8,-66.0,large_deficient,27.5,31.3,-12.0,normal,226.9,338.2,-33.0,deficient,85.1,122.3,-30.0,deficient
2026-08-25,PUNJAB,state_ut,0.1,3.5,-98.0,large_deficient,27.5,31.3,-12.0,normal,227.0,341.7,-34.0,deficient,85.1,125.8,-32.0,deficient
2026-08-26,PUNJAB,state_ut,1.7,3.1,-45.0,deficient,16.0,26.6,-40.0,deficient,228.7,344.8,-34.0,deficient,86.8,128.9,-33.0,deficient
2026-08-27,PUNJAB,state_ut,0.5,4.2,-88.0,large_deficient,16.0,26.6,-40.0,deficient,229.2,349.0,-34.0,deficient,87.3,133.1,-34.0,deficient
2026-08-28,PUNJAB,state_ut,0.1,4.8,-97.0,large_deficient,16.0,26.6,-40.0,deficient,229.4,353.8,-35.0,deficient,87.5,137.9,-37.0,deficient
2026-08-29,PUNJAB,state_ut,0.6,3.3,-81.0,large_deficient,16.0,26.6,-40.0,deficient,230.0,357.1,-36.0,deficient,88.1,141.2,-38.0,deficient
2026-08-30,PUNJAB,state_ut,0.2,2.7,-91.0,large_deficient,16.0,26.6,-40.0,deficient,230.2,359.8,-36.0,deficient,88.3,143.9,-39.0,deficient
2026-08-31,PUNJAB,state_ut,0.3,2.3,-87.0,large_deficient,16.0,26.6,-40.0,deficient,230.5,362.1,-36.0,deficient,88.7,146.2,-39.0,deficient
2026-09-01,PUNJAB,state_ut,0.6,3.4,-82.0,large_deficient,16.0,26.6,-40.0,deficient,231.1,365.5,-37.0,deficient,88.7,146.2,-39.0,deficient
2026-09-02,PUNJAB,state_ut,2.7,4.0,-33.0,deficient,5.1,24.7,-79.0,large_deficient,233.8,369.5,-37.0,deficient,3.3,7.4,-56.0,deficient
2026-09-03,PUNJAB,state_ut,1.4,4.6,-69.0,large_deficient,5.1,24.7,-79.0,large_deficient,235.3,374.1,-37.0,deficient,4.7,12.0,-61.0,large_deficient
2026-09-04,PUNJAB,state_ut,2.7,4.5,-40.0,deficient,5.1,24.7,-79.0,large_deficient,237.9,378.6,-37.0,deficient,7.3,16.5,-56.0,deficient
2026-09-05,PUNJAB,state_ut,4.5,4.2,8.0,normal,5.1,24.7,-79.0,large_deficient,242.3,382.8,-37.0,deficient,11.7,20.7,-43.0,deficient
2026-09-06,PUNJAB,state_ut,0.7,3.0,-78.0,large_deficient,5.1,24.7,-79.0,large_deficient,242.9,385.8,-37.0,deficient,12.4,23.7,-48.0,deficient
2026-09-07,PUNJAB,state_ut,0.3,2.6,-90.0,large_deficient,5.1,24.7,-79.0,large_deficient,243.2,388.4,-37.0,deficient,12.7,26.3,-52.0,deficient
2026-09-08,PUNJAB,state_ut,0.0,4.3,-99.0,large_deficient,5.1,24.7,-79.0,large_deficient,243.2,392.7,-38.0,deficient,12.7,30.6,-59.0,deficient
2026-09-09,PUNJAB,state_ut,0.1,3.9,-98.0,large_deficient,9.5,27.1,-65.0,large_deficient,243.3,396.6,-39.0,deficient,12.7,34.5,-63.0,large_deficient
2026-09-10,PUNJAB,state_ut,0.1,4.5,-97.0,large_deficient,9.5,27.1,-65.0,large_deficient,243.4,401.1,-39.0,deficient,12.9,39.0,-67.0,large_deficient
2026-09-11,PUNJAB,state_ut,0.1,1.8,-93.0,large_deficient,9.5,27.1,-65.0,large_deficient,243.5,402.9,-40.0,deficient,13.0,40.8,-68.0,large_deficient
2026-09-12,PUNJAB,state_ut,1.0,2.6,-62.0,large_deficient,9.5,27.1,-65.0,large_deficient,244.5,405.5,-40.0,deficient,14.0,43.4,-68.0,large_deficient
2026-09-13,PUNJAB,state_ut,0.4,2.5,-85.0,large_deficient,9.5,27.1,-65.0,large_deficient,244.9,408.0,-40.0,deficient,14.4,45.9,-69.0,large_deficient
2026-09-14,PUNJAB,state_ut,2.1,1.7,24.0,excess,9.5,27.1,-65.0,large_deficient,247.0,409.7,-40.0,deficient,16.5,47.6,-65.0,large_deficient
2026-09-15,PUNJAB,state_ut,1.6,1.5,6.0,normal,9.5,27.1,-65.0,large_deficient,248.6,411.2,-40.0,deficient,18.1,49.1,-63.0,large_deficient
2026-09-16,PUNJAB,state_ut,0.1,2.1,-95.0,large_deficient,5.4,16.7,-68.0,large_deficient,248.7,413.3,-40.0,deficient,18.2,51.2,-65.0,large_deficient
2026-09-17,PUNJAB,state_ut,5.4,1.3,317.0,large_excess,5.4,16.7,-68.0,large_deficient,254.1,414.6,-39.0,deficient,23.6,52.5,-55.0,deficient
2026-09-18,PUNJAB,state_ut,0.1,1.3,-94.0,large_deficient,5.4,16.7,-68.0,large_deficient,254.2,415.9,-39.0,deficient,23.6,53.8,-56.0,deficient
2026-09-19,PUNJAB,state_ut,0.0,1.1,-100.0,no_rain,5.4,16.7,-68.0,large_deficient,254.2,417.0,-39.0,deficient,23.6,54.9,-57.0,deficient
2026-09-20,PUNJAB,state_ut,0.0,1.1,-100.0,no_rain,5.4,16.7,-68.0,large_deficient,254.2,418.1,-39.0,deficient,23.6,56.0,-58.0,deficient
2026-09-21,PUNJAB,state_ut,0.0,1.1,-100.0,no_rain,5.4,16.7,-68.0,large_deficient,254.2,419.2,-39.0,deficient,23.6,57.1,-59.0,deficient
2026-09-22,PUNJAB,state_ut,0.0,1.7,-100.0,no_rain,5.4,16.7,-68.0,large_deficient,254.2,420.9,-40.0,deficient,23.6,58.8,-60.0,large_deficient
2026-09-23,PUNJAB,state_ut,0.0,4.0,-100.0,no_rain,5.5,11.6,-53.0,deficient,254.2,424.9,-40.0,deficient,23.6,62.8,-62.0,large_deficient
2026-09-24,PUNJAB,state_ut,0.0,5.4,-100.0,no_rain,5.5,11.6,-53.0,deficient,254.2,430.3,-41.0,deficient,23.6,68.2,-65.0,large_deficient
2026-08-19,RAJASTHAN,state_ut,0.0,4.3,-99.0,large_deficient,24.5,37.6,-35.0,deficient,265.2,321.4,-17.0,normal,86.2,105.0,-18.0,normal
2026-08-20,RAJASTHAN,state_ut,0.0,5.3,-99.0,large_deficient,24.5,37.6,-35.0,deficient,265.2,326.7,-19.0,normal,86.3,110.3,-22.0,deficient
2026-08-21,RAJASTHAN,state_ut,0.4,5.3,-92.0,large_deficient,24.5,37.6,-35.0,deficient,265.7,332.0,-20.0,deficient,86.7,115.6,-25.0,deficient
2026-08-22,RAJASTHAN,state_ut,0.1,4.5,-97.0,large_deficient,24.5,37.6,-35.0,deficient,265.8,336.5,-21.0,deficient,86.8,120.1,-28.0,deficient
2026-08-23,RAJASTHAN,state_ut,0.5,4.8,-90.0,large_deficient,24.5,37.6,-35.0,deficient,266.3,341.3,-22.0,deficient,87.3,124.9,-30.0,deficient
2026-08-24,RAJASTHAN,state_ut,2.0,4.3,-52.0,deficient,24.5,37.6,-35.0,deficient,268.3,345.6,-22.0,deficient,89.3,129.2,-31.0,deficient
2026-08-25,RAJASTHAN,state_ut,5.4,4.4,23.0,excess,24.5,37.6,-35.0,deficient,273.7,350.0,-22.0,deficient,94.7,133.6,-29.0,deficient
2026-08-26,RAJASTHAN,state_ut,5.6,3.7,50.0,excess,14.1,32.3,-56.0,deficient,279.3,353.7,-21.0,deficient,100.3,137.3,-27.0,deficient
2026-08-27,RAJASTHAN,state_ut,2.9,3.8,-23.0,deficient,14.1,32.3,-56.0,deficient,282.2,357.5,-21.0,deficient,103.2,141.1,-27.0,deficient
2026-08-28,RAJASTHAN,state_ut,0.4,3.8,-90.0,large_deficient,14.1,32.3,-56.0,deficient,282.6,361.3,-22.0,deficient,103.6,144.9,-29.0,deficient
2026-08-29,RAJASTHAN,state_ut,0.0,3.2,-100.0,no_rain,14.1,32.3,-56.0,deficient,282.6,364.5,-22.0,deficient,103.6,148.1,-30.0,deficient
2026-08-30,RAJASTHAN,state_ut,0.0,3.8,-100.0,no_rain,14.1,32.3,-56.0,deficient,282.6,368.3,-23.0,deficient,103.6,151.9,-32.0,deficient
2026-08-31,RAJASTHAN,state_ut,0.0,3.8,-100.0,no_rain,14.1,32.3,-56.0,deficient,282.6,372.1,-24.0,deficient,103.6,155.7,-33.0,deficient
2026-09-01,RAJASTHAN,state_ut,0.0,3.9,-100.0,no_rain,14.1,32.3,-56.0,deficient,282.6,376.0,-25.0,deficient,103.6,155.7,-33.0,deficient
2026-09-02,RAJASTHAN,state_ut,0.0,4.0,-99.0,large_deficient,3.3,26.3,-87.0,large_deficient,282.6,380.0,-26.0,deficient,0.0,7.9,-99.0,large_deficient
2026-09-03,RAJASTHAN,state_ut,0.2,4.1,-95.0,large_deficient,3.3,26.3,-87.0,large_deficient,282.8,384.1,-26.0,deficient,0.2,12.0,-98.0,large_deficient
2026-09-04,RAJASTHAN,state_ut,4.5,4.1,10.0,normal,3.3,26.3,-87.0,large_deficient,286.8,388.2,-26.0,deficient,4.2,16.1,-74.0,large_deficient
2026-09-05,RAJASTHAN,state_ut,8.0,3.4,134.0,large_excess,3.3,26.3,-87.0,large_deficient,294.7,391.6,-25.0,deficient,12.2,19.5,-38.0,deficient
2026-09-06,RAJASTHAN,state_ut,6.5,3.3,98.0,large_excess,3.3,26.3,-87.0,large_deficient,301.3,394.9,-24.0,deficient,18.7,22.8,-18.0,normal
2026-09-07,RAJASTHAN,state_ut,2.4,3.5,-31.0,deficient,3.3,26.3,-87.0,large_deficient,303.7,398.4,-24.0,deficient,21.1,26.3,-20.0,deficient
2026-09-08,RAJASTHAN,state_ut,1.2,4.1,-71.0,large_deficient,3.3,26.3,-87.0,large_deficient,304.9,402.5,-24.0,deficient,22.3,30.4,-27.0,deficient
2026-09-09,RAJASTHAN,state_ut,0.0,3.2,-98.0,large_deficient,22.4,25.7,-13.0,normal,304.9,405.7,-25.0,deficient,22.4,33.6,-33.0,deficient
2026-09-10,RAJASTHAN,state_ut,0.0,2.1,-100.0,no_rain,22.4,25.7,-13.0,normal,304.9,407.8,-25.0,deficient,22.4,35.7,-37.0,deficient
2026-09-11,RAJASTHAN,state_ut,0.0,2.3,-100.0,no_rain,22.4,25.7,-13.0,normal,304.9,410.1,-26.0,deficient,22.4,38.0,-41.0,deficient
2026-09-12,RAJASTHAN,state_ut,1.3,2.7,-50.0,deficient,22.4,25.7,-13.0,normal,306.3,412.8,-26.0,deficient,23.7,40.7,-42.0,deficient
2026-09-13,RAJASTHAN,state_ut,2.6,1.7,55.0,excess,22.4,25.7,-13.0,normal,308.9,414.5,-25.0,deficient,26.4,42.4,-38.0,deficient
2026-09-14,RAJASTHAN,state_ut,2.9,1.5,97.0,large_excess,22.4,25.7,-13.0,normal,311.9,416.0,-25.0,deficient,29.3,43.9,-33.0,deficient
2026-09-15,RAJASTHAN,state_ut,3.7,1.7,119.0,large_excess,22.4,25.7,-13.0,normal,315.6,417.7,-24.0,deficient,33.0,45.6,-28.0,deficient
2026-09-16,RAJASTHAN,state_ut,0.5,2.1,-76.0,large_deficient,11.2,14.1,-21.0,deficient,316.1,419.8,-25.0,deficient,33.5,47.7,-30.0,deficient
2026-09-17,RAJASTHAN,state_ut,0.7,1.5,-52.0,deficient,11.2,14.1,-21.0,deficient,316.8,421.3,-25.0,deficient,34.2,49.2,-30.0,deficient
2026-09-18,RAJASTHAN,state_ut,11.9,1.0,1086.0,large_excess,11.2,14.1,-21.0,deficient,328.7,422.3,-22.0,deficient,46.1,50.2,-8.0,normal
2026-09-19,RAJASTHAN,state_ut,5.8,1.2,384.0,large_excess,11.2,14.1,-21.0,deficient,334.5,423.5,-21.0,deficient,51.9,51.4,1.0,normal
2026-09-20,RAJASTHAN,state_ut,0.7,0.8,-10.0,normal,11.2,14.1,-21.0,deficient,335.2,424.3,-21.0,deficient,52.6,52.2,1.0,normal
2026-09-21,RAJASTHAN,state_ut,0.3,1.1,-73.0,large_deficient,11.2,14.1,-21.0,deficient,335.5,425.4,-21.0,deficient,52.9,53.3,-1.0,normal
2026-09-22,RAJASTHAN,state_ut,0.0,1.2,-96.0,large_deficient,11.2,14.1,-21.0,deficient,335.5,426.6,-21.0,deficient,53.0,54.5,-3.0,normal
2026-09-23,RAJASTHAN,state_ut,0.0,1.7,-100.0,no_rain,19.5,8.5,129.0,large_excess,335.5,428.3,-22.0,deficient,53.0,56.2,-6.0,normal
2026-09-24,RAJASTHAN,state_ut,0.0,2.3,-100.0,no_rain,19.5,8.5,129.0,large_excess,335.5,430.6,-22.0,deficient,53.0,58.5,-9.0,normal
2026-08-19,REGION : CENTRAL INDIA,region,0.0,0.0,,,0.0,0.0,,,0.0,0.0,,,0.0,0.0,,
2026-08-20,REGION : CENTRAL INDIA,region,0.0,0.0,,,0.0,0.0,,,0.0,0.0,,,0.0,0.0,,
2026-08-21,REGION : CENTRAL INDIA,region,0.0,0.0,,,0.0,0.0,,,0.0,0.0,,,0.0,0.0,,
2026-08-22,REGION : CENTRAL INDIA,region,0.0,0.0,,,0.0,0.0,,,0.0,0.0,,,0.0,0.0,,
2026-08-23,REGION : CENTRAL INDIA,region,0.0,0.0,,,0.0,0.0,,,0.0,0.0,,,0.0,0.0,,
2026-08-24,REGION : CENTRAL INDIA,region,0.0,0.0,,,0.0,0.0,,,0.0,0.0,,,0.0,0.0,,
2026-08-25,REGION : CENTRAL INDIA,region,0.0,0.0,,,0.0,0.0,,,0.0,0.0,,,0.0,0.0,,
2026-08-26,REGION : CENTRAL INDIA,region,0.0,0.0,,,0.0,0.0,,,0.0,0.0,,,0.0,0.0,,
2026-08-27,REGION : CENTRAL INDIA,region,0.0,0.0,,,0.0,0.0,,,0.0,0.0,,,0.0,0.0,,
2026-08-28,REGION : CENTRAL INDIA,region,0.0,0.0,,,0.0,0.0,,,0.0,0.0,,,0.0,0.0,,
2026-08-29,REGION : CENTRAL INDIA,region,0.0,0.0,,,0.0,0.0,,,0.0,0.0,,,0.0,0.0,,
2026-08-30,REGION : CENTRAL INDIA,region,0.0,0.0,,,0.0,0.0,,,0.0,0.0,,,0.0,0.0,,
2026-08-31,REGION : CENTRAL INDIA,region,0.0,0.0,,,0.0,0.0,,,0.0,0.0,,,0.0,0.0,,
2026-09-01,REGION : CENTRAL INDIA,region,0.0,0.0,,,0.0,0.0,,,0.0,0.0,,,0.0,0.0,,
2026-09-02,REGION : CENTRAL INDIA,region,0.0,0.0,,,0.0,0.0,,,0.0,0.0,,,0.0,0.0,,
2026-09-03,REGION : CENTRAL INDIA,region,0.0,0.0,,,0.0,0.0,,,0.0,0.0,,,0.0,0.0,,
2026-09-04,REGION : CENTRAL INDIA,region,0.0,0.0,,,0.0,0.0,,,0.0,0.0,,,0.0,0.0,,
2026-09-05,REGION : CENTRAL INDIA,region,0.0,0.0,,,0.0,0.0,,,0.0,0.0,,,0.0,0.0,,
2026-09-06,REGION : CENTRAL INDIA,region,0.0,0.0,,,0.0,0.0,,,0.0,0.0,,,0.0,0.0,,
2026-09-07,REGION : CENTRAL INDIA,region,0.0,0.0,,,0.0,0.0,,,0.0,0.0,,,0.0,0.0,,
2026-09-08,REGION : CENTRAL INDIA,region,0.0,0.0,,,0.0,0.0,,,0.0,0.0,,,0.0,0.0,,
2026-09-09,REGION : CENTRAL INDIA,region,0.0,0.0,,,0.0,0.0,,,0.0,0.0,,,0.0,0.0,,
2026-09-10,REGION : CENTRAL INDIA,region,0.0,0.0,,,0.0,0.0,,,0.0,0.0,,,0.0,0.0,,
2026-09-11,REGION : CENTRAL INDIA,region,0.0,0.0,,,0.0,0.0,,,0.0,0.0,,,0.0,0.0,,
2026-09-12,REGION : CENTRAL INDIA,region,0.0,0.0,,,0.0,0.0,,,0.0,0.0,,,0.0,0.0,,
2026-09-13,REGION : CENTRAL INDIA,region,0.0,0.0,,,0.0,0.0,,,0.0,0.0,,,0.0,0.0,,
2026-09-14,REGION : CENTRAL INDIA,region,0.0,0.0,,,0.0,0.0,,,0.0,0.0,,,0.0,0.0,,
2026-09-15,REGION : CENTRAL INDIA,region,0.0,0.0,,,0.0,0.0,,,0.0,0.0,,,0.0,0.0,,
2026-09-16,REGION : CENTRAL INDIA,region,0.0,0.0,,,0.0,0.0,,,0.0,0.0,,,0.0,0.0,,
2026-09-17,REGION : CENTRAL INDIA,region,0.0,0.0,,,0.0,0.0,,,0.0,0.0,,,0.0,0.0,,
2026-09-18,REGION : CENTRAL INDIA,region,0.0,0.0,,,0.0,0.0,,,0.0,0.0,,,0.0,0.0,,
2026-09-19,REGION : CENTRAL INDIA,region,0.0,0.0,,,0.0,0.0,,,0.0,0.0,,,0.0,0.0,,
2026-09-20,REGION : CENTRAL INDIA,region,0.0,0.0,,,0.0,0.0,,,0.0,0.0,,,0.0,0.0,,
2026-09-21,REGION : CENTRAL INDIA,region,0.0,0.0,,,0.0,0.0,,,0.0,0.0,,,0.0,0.0,,
2026-09-22,REGION : CENTRAL INDIA,region,0.0,0.0,,,0.0,0.0,,,0.0,0.0,,,0.0,0.0,,
2026-09-23,REGION : CENTRAL INDIA,region,0.0,0.0,,,0.0,0.0,,,0.0,0.0,,,0.0,0.0,,
2026-09-24,REGION : CENTRAL INDIA,region,0.0,0.0,,,0.0,0.0,,,0.0,0.0,,,0.0,0.0,,
2026-08-19,REGION : NORTH WEST INDIA,region,0.0,0.0,,,0.0,0.0,,,0.0,0.0,,,0.0,0.0,,
2026-08-20,REGION : NORTH WEST INDIA,region,0.0,0.0,,,0.0,0.0,,,0.0,0.0,,,0.0,0.0,,
2026-08-21,REGION : NORTH WEST INDIA,region,0.0,0.0,,,0.0,0.0,,,0.0,0.0,,,0.0,0.0,,
2026-08-22,REGION : NORTH WEST INDIA,region,0.0,0.0,,,0.0,0.0,,,0.0,0.0,,,0.0,0.0,,
2026-08-23,REGION : NORTH WEST INDIA,region,0.0,0.0,,,0.0,0.0,,,0.0,0.0,,,0.0,0.0,,
2026-08-24,REGION : NORTH WEST INDIA,region,0.0,0.0,,,0.0,0.0,,,0.0,0.0,,,0.0,0.0,,
2026-08-25,REGION : NORTH WEST INDIA,region,0.0,0.0,,,0.0,0.0,,,0.0,0.0,,,0.0,0.0,,
2026-08-26,REGION : NORTH WEST INDIA,region,0.0,0.0,,,0.0,0.0,,,0.0,0.0,,,0.0,0.0,,
2026-08-27,REGION : NORTH WEST INDIA,region,0.0,0.0,,,0.0,0.0,,,0.0,0.0,,,0.0,0.0,,
2026-08-28,REGION : NORTH WEST INDIA,region,0.0,0.0,,,0.0,0.0,,,0.0,0.0,,,0.0,0.0,,
2026-08-29,REGION : NORTH WEST INDIA,region,0.0,0.0,,,0.0,0.0,,,0.0,0.0,,,0.0,0.0,,
2026-08-30,REGION : NORTH WEST INDIA,region,0.0,0.0,,,0.0,0.0,,,0.0,0.0,,,0.0,0.0,,
2026-08-31,REGION : NORTH WEST INDIA,region,0.0,0.0,,,0.0,0.0,,,0.0,0.0,,,0.0,0.0,,
2026-09-01,REGION : NORTH WEST INDIA,region,0.0,0.0,,,0.0,0.0,,,0.0,0.0,,,0.0,0.0,,
2026-09-02,REGION : NORTH WEST INDIA,region,0.0,0.0,,,0.0,0.0,,,0.0,0.0,,,0.0,0.0,,
2026-09-03,REGION : NORTH WEST INDIA,region,0.0,0.0,,,0.0,0.0,,,0.0,0.0,,,0.0,0.0,,
2026-09-04,REGION : NORTH WEST INDIA,region,0.0,0.0,,,0.0,0.0,,,0.0,0.0,,,0.0,0.0,,
2026-09-05,REGION : NORTH WEST INDIA,region,0.0,0.0,,,0.0,0.0,,,0.0,0.0,,,0.0,0.0,,
2026-09-06,REGION : NORTH WEST INDIA,region,0.0,0.0,,,0.0,0.0,,,0.0,0.0,,,0.0,0.0,,
2026-09-07,REGION : NORTH WEST INDIA,region,0.0,0.0,,,0.0,0.0,,,0.0,0.0,,,0.0,0.0,,
2026-09-08,REGION : NORTH WEST INDIA,region,0.0,0.0,,,0.0,0.0,,,0.0,0.0,,,0.0,0.0,,
2026-09-09,REGION : NORTH WEST INDIA,region,0.0,0.0,,,0.0,0.0,,,0.0,0.0,,,0.0,0.0,,
2026-09-10,REGION : NORTH WEST INDIA,region,0.0,0.0,,,0.0,0.0,,,0.0,0.0,,,0.0,0.0,,
2026-09-11,REGION : NORTH WEST INDIA,region,0.0,0.0,,,0.0,0.0,,,0.0,0.0,,,0.0,0.0,,
2026-09-12,REGION : NORTH WEST INDIA,region,0.0,0.0,,,0.0,0.0,,,0.0,0.0,,,0.0,0.0,,
2026-09-13,REGION : NORTH WEST INDIA,region,0.0,0.0,,,0.0,0.0,,,0.0,0.0,,,0.0,0.0,,
2026-09-14,REGION : NORTH WEST INDIA,region,0.0,0.0,,,0.0,0.0,,,0.0,0.0,,,0.0,0.0,,
2026-09-15,REGION : NORTH WEST INDIA,region,0.0,0.0,,,0.0,0.0,,,0.0,0.0,,,0.0,0.0,,
2026-09-16,REGION : NORTH WEST INDIA,region,0.0,0.0,,,0.0,0.0,,,0.0,0.0,,,0.0,0.0,,
2026-09-17,REGION : NORTH WEST INDIA,region,0.0,0.0,,,0.0,0.0,,,0.0,0.0,,,0.0,0.0,,
2026-09-18,REGION : NORTH WEST INDIA,region,0.0,0.0,,,0.0,0.0,,,0.0,0.0,,,0.0,0.0,,
2026-09-19,REGION : NORTH WEST INDIA,region,0.0,0.0,,,0.0,0.0,,,0.0,0.0,,,0.0,0.0,,
2026-09-20,REGION : NORTH WEST INDIA,region,0.0,0.0,,,0.0,0.0,,,0.0,0.0,,,0.0,0.0,,
2026-09-21,REGION : NORTH WEST INDIA,region,0.0,0.0,,,0.0,0.0,,,0.0,0.0,,,0.0,0.0,,
2026-09-22,REGION : NORTH WEST INDIA,region,0.0,0.0,,,0.0,0.0,,,0.0,0.0,,,0.0,0.0,,
2026-09-23,REGION : NORTH WEST INDIA,region,0.0,0.0,,,0.0,0.0,,,0.0,0.0,,,0.0,0.0,,
2026-09-24,REGION : NORTH WEST INDIA,region,0.0,0.0,,,0.0,0.0,,,0.0,0.0,,,0.0,0.0,,
2026-08-19,REGION : SOUTH PENINSULA,region,0.0,0.0,,,0.0,0.0,,,0.0,0.0,,,0.0,0.0,,
2026-08-20,REGION : SOUTH PENINSULA,region,0.0,0.0,,,0.0,0.0,,,0.0,0.0,,,0.0,0.0,,
2026-08-21,REGION : SOUTH PENINSULA,region,0.0,0.0,,,0.0,0.0,,,0.0,0.0,,,0.0,0.0,,
2026-08-22,REGION : SOUTH PENINSULA,region,0.0,0.0,,,0.0,0.0,,,0.0,0.0,,,0.0,0.0,,
2026-08-23,REGION : SOUTH PENINSULA,region,0.0,0.0,,,0.0,0.0,,,0.0,0.0,,,0.0,0.0,,
2026-08-24,REGION : SOUTH PENINSULA,region,0.0,0.0,,,0.0,0.0,,,0.0,0.0,,,0.0,0.0,,
2026-08-25,REGION : SOUTH PENINSULA,region,0.0,0.0,,,0.0,0.0,,,0.0,0.0,,,0.0,0.0,,
2026-08-26,REGION : SOUTH PENINSULA,region,0.0,0.0,,,0.0,0.0,,,0.0,0.0,,,0.0,0.0,,
2026-08-27,REGION : SOUTH PENINSULA,region,0.0,0.0,,,0.0,0.0,,,0.0,0.0,,,0.0,0.0,,
2026-08-28,REGION : SOUTH PENINSULA,region,0.0,0.0,,,0.0,0.0,,,0.0,0.0,,,0.0,0.0,,
2026-08-29,REGION : SOUTH PENINSULA,region,0.0,0.0,,,0.0,0.0,,,0.0,0.0,,,0.0,0.0,,
2026-08-30,REGION : SOUTH PENINSULA,region,0.0,0.0,,,0.0,0.0,,,0.0,0.0,,,0.0,0.0,,
2026-08-31,REGION : SOUTH PENINSULA,region,0.0,0.0,,,0.0,0.0,,,0.0,0.0,,,0.0,0.0,,
2026-09-01,REGION : SOUTH PENINSULA,region,0.0,0.0,,,0.0,0.0,,,0.0,0.0,,,0.0,0.0,,
2026-09-02,REGION : SOUTH PENINSULA,region,0.0,0.0,,,0.0,0.0,,,0.0,0.0,,,0.0,0.0,,
2026-09-03,REGION : SOUTH PENINSULA,region,0.0,0.0,,,0.0,0.0,,,0.0,0.0,,,0.0,0.0,,
2026-09-04,REGION : SOUTH PENINSULA,region,0.0,0.0,,,0.0,0.0,,,0.0,0.0,,,0.0,0.0,,
2026-09-05,REGION : SOUTH PENINSULA,region,0.0,0.0,,,0.0,0.0,,,0.0,0.0,,,0.0,0.0,,
2026-09-06,REGION : SOUTH PENINSULA,region,0.0,0.0,,,0.0,0.0,,,0.0,0.0,,,0.0,0.0,,
2026-09-07,REGION : SOUTH PENINSULA,region,0.0,0.0,,,0.0,0.0,,,0.0,0.0,,,0.0,0.0,,
2026-09-08,REGION : SOUTH PENINSULA,region,0.0,0.0,,,0.0,0.0,,,0.0,0.0,,,0.0,0.0,,
2026-09-09,REGION : SOUTH PENINSULA,region,0.0,0.0,,,0.0,0.0,,,0.0,0.0,,,0.0,0.0,,
2026-09-10,REGION : SOUTH PENINSULA,region,0.0,0.0,,,0.0,0.0,,,0.0,0.0,,,0.0,0.0,,
2026-09-11,REGION : SOUTH PENINSULA,region,0.0,0.0,,,0.0,0.0,,,0.0,0.0,,,0.0,0.0,,
2026-09-12,REGION : SOUTH PENINSULA,region,0.0,0.0,,,0.0,0.0,,,0.0,0.0,,,0.0,0.0,,
2026-09-13,REGION : SOUTH PENINSULA,region,0.0,0.0,,,0.0,0.0,,,0.0,0.0,,,0.0,0.0,,
2026-09-14,REGION : SOUTH PENINSULA,region,0.0,0.0,,,0.0,0.0,,,0.0,0.0,,,0.0,0.0,,
2026-09-15,REGION : SOUTH PENINSULA,region,0.0,0.0,,,0.0,0.0,,,0.0,0.0,,,0.0,0.0,,
2026-09-16,REGION : SOUTH PENINSULA,region,0.0,0.0,,,0.0,0.0,,,0.0,0.0,,,0.0,0.0,,
2026-09-17,REGION : SOUTH PENINSULA,region,0.0,0.0,,,0.0,0.0,,,0.0,0.0,,,0.0,0.0,,
2026-09-18,REGION : SOUTH PENINSULA,region,0.0,0.0,,,0.0,0.0,,,0.0,0.0,,,0.0,0.0,,
2026-09-19,REGION : SOUTH PENINSULA,region,0.0,0.0,,,0.0,0.0,,,0.0,0.0,,,0.0,0.0,,
2026-09-20,REGION : SOUTH PENINSULA,region,0.0,0.0,,,0.0,0.0,,,0.0,0.0,,,0.0,0.0,,
2026-09-21,REGION : SOUTH PENINSULA,region,0.0,0.0,,,0.0,0.0,,,0.0,0.0,,,0.0,0.0,,
2026-09-22,REGION : SOUTH PENINSULA,region,0.0,0.0,,,0.0,0.0,,,0.0,0.0,,,0.0,0.0,,
2026-09-23,REGION : SOUTH PENINSULA,region,0.0,0.0,,,0.0,0.0,,,0.0,0.0,,,0.0,0.0,,
2026-09-24,REGION : SOUTH PENINSULA,region,0.0,0.0,,,0.0,0.0,,,0.0,0.0,,,0.0,0.0,,
2026-08-19,SIKKIM,state_ut,14.5,12.2,19.0,normal,59.7,91.1,-34.0,deficient,1174.9,1169.4,0.0,normal,250.0,256.6,-3.0,normal
2026-08-20,SIKKIM,state_ut,4.2,12.5,-67.0,large_deficient,59.7,91.1,-34.0,deficient,1179.1,1181.9,0.0,normal,254.1,269.1,-6.0,normal
2026-08-21,SIKKIM,state_ut,10.2,13.2,-23.0,deficient,59.7,91.1,-34.0,deficient,1189.2,1195.1,0.0,normal,264.3,282.3,-6.0,normal
2026-08-22,SIKKIM,state_ut,10.2,13.7,-25.0,deficient,59.7,91.1,-34.0,deficient,1199.5,1208.8,-1.0,normal,274.5,296.0,-7.0,normal
2026-08-23,SIKKIM,state_ut,10.8,14.8,-27.0,deficient,59.7,91.1,-34.0,deficient,1210.3,1223.6,-1.0,normal,285.3,310.8,-8.0,normal
2026-08-24,SIKKIM,state_ut,2.2,13.4,-83.0,large_deficient,59.7,91.1,-34.0,deficient,1212.5,1237.0,-2.0,normal,287.5,324.2,-11.0,normal
2026-08-25,SIKKIM,state_ut,7.9,13.9,-43.0,deficient,59.7,91.1,-34.0,deficient,1220.4,1250.9,-2.0,normal,295.5,338.1,-13.0,normal
2026-08-26,SIKKIM,state_ut,14.2,13.9,2.0,normal,59.8,95.4,-37.0,deficient,1234.7,1264.8,-2.0,normal,309.7,352.0,-12.0,normal
2026-08-27,SIKKIM,state_ut,3.9,14.8,-74.0,large_deficient,59.8,95.4,-37.0,deficient,1238.5,1279.6,-3.0,normal,313.6,366.8,-15.0,normal
2026-08-28,SIKKIM,state_ut,9.1,12.3,-26.0,deficient,59.8,95.4,-37.0,deficient,1247.6,1291.9,-3.0,normal,322.7,379.1,-15.0,normal
2026-08-29,SIKKIM,state_ut,13.7,12.2,12.0,normal,59.8,95.4,-37.0,deficient,1261.3,1304.1,-3.0,normal,336.4,391.3,-14.0,normal
2026-08-30,SIKKIM,state_ut,5.9,14.2,-58.0,deficient,59.8,95.4,-37.0,deficient,1267.3,1318.3,-4.0,normal,342.3,405.5,-16.0,normal
2026-08-31,SIKKIM,state_ut,7.8,13.0,-40.0,deficient,59.8,95.4,-37.0,deficient,1275.0,1331.3,-4.0,normal,350.1,418.5,-16.0,normal
2026-09-01,SIKKIM,state_ut,24.8,14.5,71.0,large_excess,59.8,95.4,-37.0,deficient,1299.8,1345.8,-3.0,normal,350.1,418.5,-16.0,normal
2026-09-02,SIKKIM,state_ut,27.7,12.1,129.0,large_excess,92.8,93.1,0.0,normal,1327.5,1357.9,-2.0,normal,52.5,26.6,97.0,large_excess
2026-09-03,SIKKIM,state_ut,7.5,13.3,-43.0,deficient,92.8,93.1,0.0,normal,1335.0,1371.2,-3.0,normal,60.0,39.9,50.0,excess
2026-09-04,SIKKIM,state_ut,8.3,13.3,-38.0,deficient,92.8,93.1,0.0,normal,1343.3,1384.5,-3.0,normal,68.3,53.2,28.0,excess
2026-09-05,SIKKIM,state_ut,5.2,14.0,-63.0,large_deficient,92.8,93.1,0.0,normal,1348.5,1398.5,-4.0,normal,73.5,67.2,9.0,normal
2026-09-06,SIKKIM,state_ut,7.3,14.4,-50.0,deficient,92.8,93.1,0.0,normal,1355.8,1412.9,-4.0,normal,80.7,81.6,-1.0,normal
2026-09-07,SIKKIM,state_ut,6.3,10.0,-37.0,deficient,92.8,93.1,0.0,normal,1362.1,1422.9,-4.0,normal,87.1,91.6,-5.0,normal
2026-09-08,SIKKIM,state_ut,0.4,9.2,-96.0,large_deficient,92.8,93.1,0.0,normal,1362.5,1432.1,-5.0,normal,87.4,100.8,-13.0,normal
2026-09-09,SIKKIM,state_ut,11.1,10.2,9.0,normal,46.1,84.4,-45.0,deficient,1373.6,1442.3,-5.0,normal,98.6,111.0,-11.0,normal
2026-09-10,SIKKIM,state_ut,5.6,11.4,-51.0,deficient,46.1,84.4,-45.0,deficient,1379.2,1453.7,-5.0,normal,104.2,122.4,-15.0,normal
2026-09-11,SIKKIM,state_ut,5.9,12.5,-52.0,deficient,46.1,84.4,-45.0,deficient,1385.2,1466.2,-6.0,normal,110.1,134.9,-18.0,normal
2026-09-12,SIKKIM,state_ut,2.9,13.0,-78.0,large_deficient,46.1,84.4,-45.0,deficient,1388.0,1479.2,-6.0,normal,113.0,147.9,-24.0,deficient
2026-09-13,SIKKIM,state_ut,17.4,13.3,31.0,excess,46.1,84.4,-45.0,deficient,1405.4,1492.5,-6.0,normal,130.4,161.2,-19.0,normal
2026-09-14,SIKKIM,state_ut,34.8,13.9,150.0,large_excess,46.1,84.4,-45.0,deficient,1440.2,1506.4,-4.0,normal,165.2,175.1,-6.0,normal
2026-09-15,SIKKIM,state_ut,26.0,13.6,91.0,large_excess,46.1,84.4,-45.0,deficient,1466.2,1520.0,-4.0,normal,191.2,188.7,1.0,normal
2026-09-16,SIKKIM,state_ut,99.2,12.4,700.0,large_excess,191.9,90.1,113.0,large_excess,1565.5,1532.4,2.0,normal,290.4,201.1,44.0,excess
2026-09-17,SIKKIM,state_ut,67.7,10.8,527.0,large_excess,191.9,90.1,113.0,large_excess,1633.1,1543.2,6.0,normal,358.1,211.9,69.0,large_excess
2026-09-18,SIKKIM,state_ut,23.9,9.6,149.0,large_excess,191.9,90.1,113.0,large_excess,1657.0,1552.8,7.0,normal,382.0,221.5,72.0,large_excess
2026-09-19,SIKKIM,state_ut,31.3,8.8,256.0,large_excess,191.9,90.1,113.0,large_excess,1688.3,1561.6,8.0,normal,413.3,230.3,79.0,large_excess
2026-09-20,SIKKIM,state_ut,3.1,10.2,-70.0,large_deficient,191.9,90.1,113.0,large_excess,1691.4,1571.8,8.0,normal,416.4,240.5,73.0,large_excess
2026-09-21,SIKKIM,state_ut,2.5,10.2,-75.0,large_deficient,191.9,90.1,113.0,large_excess,1693.9,1582.0,7.0,normal,418.9,250.7,67.0,large_excess
2026-09-22,SIKKIM,state_ut,2.4,9.7,-75.0,large_deficient,191.9,90.1,113.0,large_excess,1696.4,1591.7,7.0,normal,421.3,260.4,62.0,large_excess
2026-09-23,SIKKIM,state_ut,8.9,12.2,-27.0,deficient,139.8,71.5,96.0,large_excess,1705.3,1603.9,6.0,normal,430.2,272.6,58.0,excess
2026-09-24,SIKKIM,state_ut,40.0,12.8,212.0,large_excess,139.8,71.5,96.0,large_excess,1745.2,1616.7,8.0,normal,470.2,285.4,65.0,large_excess
2026-08-19,TAMIL NADU,state_ut,1.1,3.4,-68.0,large_deficient,10.0,23.8,-58.0,deficient,145.9,171.7,-15.0,normal,49.5,52.0,-5.0,normal
2026-08-20,TAMIL NADU,state_ut,2.9,3.0,-2.0,normal,10.0,23.8,-58.0,deficient,148.8,174.7,-15.0,normal,52.4,55.0,-5.0,normal
2026-08-21,TAMIL NADU,state_ut,2.9,3.7,-21.0,deficient,10.0,23.8,-58.0,deficient,151.7,178.4,-15.0,normal,55.3,58.7,-6.0,normal
2026-08-22,TAMIL NADU,state_ut,0.9,3.8,-76.0,large_deficient,10.0,23.8,-58.0,deficient,152.6,182.2,-16.0,normal,56.2,62.5,-10.0,normal
2026-08-23,TAMIL NADU,state_ut,0.3,3.4,-91.0,large_deficient,10.0,23.8,-58.0,deficient,152.9,185.6,-18.0,normal,56.5,65.9,-14.0,normal
2026-08-24,TAMIL NADU,state_ut,3.7,3.7,0.0,normal,10.0,23.8,-58.0,deficient,156.6,189.3,-17.0,normal,60.3,69.6,-13.0,normal
2026-08-25,TAMIL NADU,state_ut,3.5,3.4,4.0,normal,10.0,23.8,-58.0,deficient,160.2,192.7,-17.0,normal,63.8,73.0,-13.0,normal
2026-08-26,TAMIL NADU,state_ut,1.1,2.9,-63.0,large_deficient,15.4,23.9,-36.0,deficient,161.3,195.6,-18.0,normal,64.9,75.9,-15.0,normal
2026-08-27,TAMIL NADU,state_ut,1.9,3.3,-44.0,deficient,15.4,23.9,-36.0,deficient,163.1,198.9,-18.0,normal,66.7,79.2,-16.0,normal
2026-08-28,TAMIL NADU,state_ut,0.2,2.7,-92.0,large_deficient,15.4,23.9,-36.0,deficient,163.3,201.6,-19.0,normal,66.9,81.9,-18.0,normal
2026-08-29,TAMIL NADU,state_ut,1.2,2.7,-56.0,deficient,15.4,23.9,-36.0,deficient,164.5,204.3,-19.0,normal,68.1,84.6,-19.0,normal
2026-08-30,TAMIL NADU,state_ut,0.5,2.4,-81.0,large_deficient,15.4,23.9,-36.0,deficient,165.0,206.7,-20.0,deficient,68.6,87.0,-21.0,deficient
2026-08-31,TAMIL NADU,state_ut,0.1,3.0,-98.0,large_deficient,15.4,23.9,-36.0,deficient,165.0,209.7,-21.0,deficient,68.6,90.0,-24.0,deficient
2026-09-01,TAMIL NADU,state_ut,0.0,3.5,-99.0,large_deficient,15.4,23.9,-36.0,deficient,165.0,213.2,-23.0,deficient,68.6,90.0,-24.0,deficient
2026-09-02,TAMIL NADU,state_ut,0.6,3.5,-83.0,large_deficient,4.4,21.1,-79.0,large_deficient,165.6,216.7,-24.0,deficient,0.6,7.0,-92.0,large_deficient
2026-09-03,TAMIL NADU,state_ut,1.7,3.6,-53.0,deficient,4.4,21.1,-79.0,large_deficient,167.3,220.3,-24.0,deficient,2.3,10.6,-78.0,large_deficient
2026-09-04,TAMIL NADU,state_ut,3.3,2.9,15.0,normal,4.4,21.1,-79.0,large_deficient,170.6,223.2,-24.0,deficient,5.6,13.5,-58.0,deficient
2026-09-05,TAMIL NADU,state_ut,2.4,3.3,-28.0,deficient,4.4,21.1,-79.0,large_deficient,173.0,226.5,-24.0,deficient,8.0,16.8,-53.0,deficient
2026-09-06,TAMIL NADU,state_ut,4.8,3.3,45.0,excess,4.4,21.1,-79.0,large_deficient,177.8,229.8,-23.0,deficient,12.8,20.1,-37.0,deficient
2026-09-07,TAMIL NADU,state_ut,3.3,4.0,-18.0,normal,4.4,21.1,-79.0,large_deficient,181.1,233.8,-23.0,deficient,16.0,24.1,-33.0,deficient
2026-09-08,TAMIL NADU,state_ut,1.0,3.3,-70.0,large_deficient,4.4,21.1,-79.0,large_deficient,182.1,237.1,-23.0,deficient,17.0,27.4,-38.0,deficient
2026-09-09,TAMIL NADU,state_ut,0.0,3.5,-99.0,large_deficient,16.5,23.9,-31.0,deficient,182.1,240.6,-24.0,deficient,17.1,30.9,-45.0,deficient
2026-09-10,TAMIL NADU,state_ut,0.4,3.6,-88.0,large_deficient,16.5,23.9,-31.0,deficient,182.5,244.2,-25.0,deficient,17.5,34.5,-49.0,deficient
2026-09-11,TAMIL NADU,state_ut,1.6,4.2,-61.0,large_deficient,16.5,23.9,-31.0,deficient,184.1,248.4,-26.0,deficient,19.1,38.7,-51.0,deficient
2026-09-12,TAMIL NADU,state_ut,0.2,3.8,-94.0,large_deficient,16.5,23.9,-31.0,deficient,184.4,252.2,-27.0,deficient,19.3,42.5,-55.0,deficient
2026-09-13,TAMIL NADU,state_ut,4.3,3.2,36.0,excess,16.5,23.9,-31.0,deficient,188.7,255.4,-26.0,deficient,23.7,45.7,-48.0,deficient
2026-09-14,TAMIL NADU,state_ut,3.2,4.7,-33.0,deficient,16.5,23.9,-31.0,deficient,191.9,260.1,-26.0,deficient,26.8,50.4,-47.0,deficient
2026-09-15,TAMIL NADU,state_ut,11.5,4.2,174.0,large_excess,16.5,23.9,-31.0,deficient,203.4,264.3,-23.0,deficient,38.3,54.6,-30.0,deficient
2026-09-16,TAMIL NADU,state_ut,4.4,4.9,-10.0,normal,25.7,28.6,-10.0,normal,207.8,269.2,-23.0,deficient,42.7,59.5,-28.0,deficient
2026-09-17,TAMIL NADU,state_ut,4.0,5.0,-20.0,deficient,25.7,28.6,-10.0,normal,211.8,274.2,-23.0,deficient,46.7,64.5,-28.0,deficient
2026-09-18,TAMIL NADU,state_ut,3.0,3.8,-20.0,deficient,25.7,28.6,-10.0,normal,214.8,278.0,-23.0,deficient,49.8,68.3,-27.0,deficient
2026-09-19,TAMIL NADU,state_ut,3.5,3.5,0.0,normal,25.7,28.6,-10.0,normal,218.3,281.5,-22.0,deficient,53.3,71.8,-26.0,deficient
2026-09-20,TAMIL NADU,state_ut,11.0,3.7,198.0,large_excess,25.7,28.6,-10.0,normal,229.3,285.2,-20.0,deficient,64.3,75.5,-15.0,normal
2026-09-21,TAMIL NADU,state_ut,18.6,3.4,448.0,large_excess,25.7,28.6,-10.0,normal,247.9,288.6,-14.0,normal,82.9,78.9,5.0,normal
2026-09-22,TAMIL NADU,state_ut,7.0,3.5,101.0,large_excess,25.7,28.6,-10.0,normal,255.0,292.1,-13.0,normal,90.0,82.4,9.0,normal
2026-09-23,TAMIL NADU,state_ut,0.2,3.6,-93.0,large_deficient,47.5,26.5,79.0,large_excess,255.2,295.7,-14.0,normal,90.2,86.0,5.0,normal
2026-09-24,TAMIL NADU,state_ut,0.1,4.4,-99.0,large_deficient,47.5,26.5,79.0,large_excess,255.3,300.1,-15.0,normal,90.3,90.4,0.0,normal
2026-08-19,TELANGANA,state_ut,5.7,6.4,-11.0,normal,17.3,48.1,-64.0,large_deficient,422.8,493.4,-14.0,normal,77.4,143.5,-46.0,deficient
2026-08-20,TELANGANA,state_ut,1.8,9.3,-80.0,large_deficient,17.3,48.1,-64.0,large_deficient,424.5,502.7,-16.0,normal,79.2,152.8,-48.0,deficient
2026-08-21,TELANGANA,state_ut,0.4,7.0,-94.0,large_deficient,17.3,48.1,-64.0,large_deficient,425.1,509.7,-17.0,normal,79.7,159.8,-50.0,deficient
2026-08-22,TELANGANA,state_ut,0.5,6.8,-93.0,large_deficient,17.3,48.1,-64.0,large_deficient,425.6,516.5,-18.0,normal,80.2,166.6,-52.0,deficient
2026-08-23,TELANGANA,state_ut,7.1,7.3,-2.0,normal,17.3,48.1,-64.0,large_deficient,432.9,523.8,-17.0,normal,87.3,173.9,-50.0,deficient
2026-08-24,TELANGANA,state_ut,13.9,6.7,108.0,large_excess,17.3,48.1,-64.0,large_deficient,449.3,530.5,-15.0,normal,101.2,180.6,-44.0,deficient
2026-08-25,TELANGANA,state_ut,4.8,6.3,-25.0,deficient,17.3,48.1,-64.0,large_deficient,454.9,536.8,-15.0,normal,106.0,186.9,-43.0,deficient
2026-08-26,TELANGANA,state_ut,1.7,6.2,-72.0,large_deficient,30.3,49.6,-39.0,deficient,456.5,543.0,-16.0,normal,107.7,193.1,-44.0,deficient
2026-08-27,TELANGANA,state_ut,3.6,6.8,-47.0,deficient,30.3,49.6,-39.0,deficient,460.8,549.8,-16.0,normal,111.3,199.9,-44.0,deficient
2026-08-28,TELANGANA,state_ut,0.6,6.1,-91.0,large_deficient,30.3,49.6,-39.0,deficient,461.4,555.9,-17.0,normal,111.8,206.0,-46.0,deficient
2026-08-29,TELANGANA,state_ut,0.4,5.9,-94.0,large_deficient,30.3,49.6,-39.0,deficient,461.6,561.8,-18.0,normal,112.2,211.9,-47.0,deficient
2026-08-30,TELANGANA,state_ut,2.8,6.6,-57.0,deficient,30.3,49.6,-39.0,deficient,464.7,568.4,-18.0,normal,115.0,218.5,-47.0,deficient
2026-08-31,TELANGANA,state_ut,1.1,7.6,-85.0,large_deficient,30.3,49.6,-39.0,deficient,465.8,576.0,-19.0,normal,116.2,226.1,-49.0,deficient
2026-09-01,TELANGANA,state_ut,0.1,5.2,-98.0,large_deficient,30.3,49.6,-39.0,deficient,465.9,581.2,-20.0,deficient,116.2,226.1,-49.0,deficient
2026-09-02,TELANGANA,state_ut,0.8,6.0,-87.0,large_deficient,9.4,44.2,-79.0,large_deficient,466.6,587.2,-21.0,deficient,0.9,11.2,-92.0,large_deficient
2026-09-03,TELANGANA,state_ut,2.0,5.7,-65.0,large_deficient,9.4,44.2,-79.0,large_deficient,469.0,592.9,-21.0,deficient,2.9,16.9,-83.0,large_deficient
2026-09-04,TELANGANA,state_ut,1.5,5.2,-72.0,large_deficient,9.4,44.2,-79.0,large_deficient,470.5,598.1,-21.0,deficient,4.4,22.1,-80.0,large_deficient
2026-09-05,TELANGANA,state_ut,0.3,4.7,-94.0,large_deficient,9.4,44.2,-79.0,large_deficient,470.7,602.8,-22.0,deficient,4.7,26.8,-83.0,large_deficient
2026-09-06,TELANGANA,state_ut,1.0,5.2,-82.0,large_deficient,9.4,44.2,-79.0,large_deficient,471.5,608.0,-22.0,deficient,5.6,32.0,-82.0,large_deficient
2026-09-07,TELANGANA,state_ut,3.4,5.3,-36.0,deficient,9.4,44.2,-79.0,large_deficient,475.7,613.3,-22.0,deficient,9.0,37.3,-76.0,large_deficient
2026-09-08,TELANGANA,state_ut,1.9,5.4,-65.0,large_deficient,9.4,44.2,-79.0,large_deficient,477.6,618.7,-23.0,deficient,10.9,42.7,-75.0,large_deficient
2026-09-09,TELANGANA,state_ut,0.4,4.0,-89.0,large_deficient,10.4,35.5,-71.0,large_deficient,478.0,622.7,-23.0,deficient,11.3,46.7,-76.0,large_deficient
2026-09-10,TELANGANA,state_ut,0.9,4.6,-80.0,large_deficient,10.4,35.5,-71.0,large_deficient,478.7,627.3,-24.0,deficient,12.2,51.3,-76.0,large_deficient
2026-09-11,TELANGANA,state_ut,0.8,5.7,-85.0,large_deficient,10.4,35.5,-71.0,large_deficient,479.5,633.0,-24.0,deficient,13.0,57.0,-77.0,large_deficient
2026-09-12,TELANGANA,state_ut,5.3,6.0,-12.0,normal,10.4,35.5,-71.0,large_deficient,485.6,639.0,-24.0,deficient,18.3,63.0,-71.0,large_deficient
2026-09-13,TELANGANA,state_ut,21.8,4.4,396.0,large_excess,10.4,35.5,-71.0,large_deficient,509.8,643.4,-21.0,deficient,40.1,67.4,-40.0,deficient
2026-09-14,TELANGANA,state_ut,8.5,4.3,97.0,large_excess,10.4,35.5,-71.0,large_deficient,519.2,647.7,-20.0,deficient,48.6,71.7,-32.0,deficient
2026-09-15,TELANGANA,state_ut,5.6,5.6,0.0,normal,10.4,35.5,-71.0,large_deficient,525.7,653.3,-20.0,deficient,54.2,77.3,-30.0,deficient
2026-09-16,TELANGANA,state_ut,0.7,4.9,-85.0,large_deficient,43.7,35.5,23.0,excess,526.6,658.2,-20.0,deficient,54.9,82.2,-33.0,deficient
2026-09-17,TELANGANA,state_ut,0.3,5.9,-94.0,large_deficient,43.7,35.5,23.0,excess,526.9,664.1,-21.0,deficient,55.3,88.1,-37.0,deficient
2026-09-18,TELANGANA,state_ut,5.8,6.0,-3.0,normal,43.7,35.5,23.0,excess,533.9,670.1,-20.0,deficient,61.1,94.1,-35.0,deficient
2026-09-19,TELANGANA,state_ut,2.7,6.2,-57.0,deficient,43.7,35.5,23.0,excess,536.7,676.3,-21.0,deficient,63.8,100.3,-36.0,deficient
2026-09-20,TELANGANA,state_ut,6.2,7.1,-12.0,normal,43.7,35.5,23.0,excess,543.6,683.4,-20.0,deficient,70.0,107.4,-35.0,deficient
2026-09-21,TELANGANA,state_ut,4.0,7.7,-47.0,deficient,43.7,35.5,23.0,excess,548.3,691.1,-21.0,deficient,74.1,115.1,-36.0,deficient
2026-09-22,TELANGANA,state_ut,1.9,5.8,-68.0,large_deficient,43.7,35.5,23.0,excess,550.9,696.9,-21.0,deficient,75.9,120.9,-37.0,deficient
2026-09-23,TELANGANA,state_ut,6.5,5.7,14.0,normal,27.5,44.4,-38.0,deficient,558.6,702.6,-20.0,deficient,82.4,126.6,-35.0,deficient
2026-09-24,TELANGANA,state_ut,27.5,5.1,440.0,large_excess,27.5,44.4,-38.0,deficient,591.1,707.7,-16.0,normal,109.9,131.7,-17.0,normal
2026-08-19,TRIPURA,state_ut,0.7,11.0,-94.0,large_deficient,28.9,81.8,-65.0,large_deficient,851.1,1013.7,-16.0,normal,147.4,208.0,-29.0,deficient
2026-08-20,TRIPURA,state_ut,1.0,12.2,-92.0,large_deficient,28.9,81.8,-65.0,large_deficient,852.0,1025.9,-17.0,normal,148.4,220.2,-33.0,deficient
2026-08-21,TRIPURA,state_ut,10.2,10.1,1.0,normal,28.9,81.8,-65.0,large_deficient,862.3,1036.0,-17.0,normal,158.6,230.3,-31.0,deficient
2026-08-22,TRIPURA,state_ut,22.8,9.4,143.0,large_excess,28.9,81.8,-65.0,large_deficient,885.1,1045.4,-15.0,normal,181.4,239.7,-24.0,deficient
2026-08-23,TRIPURA,state_ut,30.6,7.6,302.0,large_excess,28.9,81.8,-65.0,large_deficient,915.6,1053.0,-13.0,normal,212.0,247.3,-14.0,normal
2026-08-24,TRIPURA,state_ut,2.4,10.8,-78.0,large_deficient,28.9,81.8,-65.0,large_deficient,918.0,1063.8,-14.0,normal,214.4,258.1,-17.0,normal
2026-08-25,TRIPURA,state_ut,5.4,10.4,-48.0,deficient,28.9,81.8,-65.0,large_deficient,923.4,1074.2,-14.0,normal,219.8,268.5,-18.0,normal
2026-08-26,TRIPURA,state_ut,1.6,13.0,-88.0,large_deficient,74.0,73.5,1.0,normal,925.0,1087.2,-15.0,normal,221.4,281.5,-21.0,deficient
2026-08-27,TRIPURA,state_ut,0.6,10.7,-94.0,large_deficient,74.0,73.5,1.0,normal,925.7,1097.9,-16.0,normal,222.0,292.2,-24.0,deficient
2026-08-28,TRIPURA,state_ut,36.7,9.9,271.0,large_excess,74.0,73.5,1.0,normal,962.4,1107.8,-13.0,normal,258.7,302.1,-14.0,normal
2026-08-29,TRIPURA,state_ut,25.3,11.4,122.0,large_excess,74.0,73.5,1.0,normal,987.7,1119.2,-12.0,normal,284.1,313.5,-9.0,normal
2026-08-30,TRIPURA,state_ut,4.7,7.6,-38.0,deficient,74.0,73.5,1.0,normal,992.4,1126.8,-12.0,normal,288.8,321.1,-10.0,normal
2026-08-31,TRIPURA,state_ut,5.8,9.1,-36.0,deficient,74.0,73.5,1.0,normal,998.2,1135.9,-12.0,normal,294.6,330.2,-11.0,normal
2026-09-01,TRIPURA,state_ut,10.9,10.2,6.0,normal,74.0,73.5,1.0,normal,1009.1,1146.1,-12.0,normal,294.6,330.2,-11.0,normal
2026-09-02,TRIPURA,state_ut,5.4,8.0,-33.0,deficient,89.5,66.9,34.0,excess,1014.5,1154.1,-12.0,normal,16.2,18.2,-11.0,normal
2026-09-03,TRIPURA,state_ut,7.2,7.6,-5.0,normal,89.5,66.9,34.0,excess,1021.7,1161.7,-12.0,normal,23.5,25.8,-9.0,normal
2026-09-04,TRIPURA,state_ut,3.2,9.2,-65.0,large_deficient,89.5,66.9,34.0,excess,1024.9,1170.9,-12.0,normal,26.7,35.0,-24.0,deficient
2026-09-05,TRIPURA,state_ut,2.5,10.9,-77.0,large_deficient,89.5,66.9,34.0,excess,1027.5,1181.8,-13.0,normal,29.2,45.9,-36.0,deficient
2026-09-06,TRIPURA,state_ut,2.8,9.2,-70.0,large_deficient,89.5,66.9,34.0,excess,1030.2,1191.0,-13.0,normal,32.0,55.1,-42.0,deficient
2026-09-07,TRIPURA,state_ut,7.4,7.4,0.0,normal,89.5,66.9,34.0,excess,1037.6,1198.4,-13.0,normal,39.4,62.5,-37.0,deficient
2026-09-08,TRIPURA,state_ut,3.2,7.4,-56.0,deficient,89.5,66.9,34.0,excess,1040.9,1205.8,-14.0,normal,42.6,69.9,-39.0,deficient
2026-09-09,TRIPURA,state_ut,19.1,8.5,125.0,large_excess,45.5,60.2,-24.0,deficient,1060.0,1214.3,-13.0,normal,61.7,78.4,-21.0,deficient
2026-09-10,TRIPURA,state_ut,3.0,10.0,-70.0,large_deficient,45.5,60.2,-24.0,deficient,1063.0,1224.3,-13.0,normal,64.8,88.4,-27.0,deficient
2026-09-11,TRIPURA,state_ut,8.5,9.7,-13.0,normal,45.5,60.2,-24.0,deficient,1071.5,1234.0,-13.0,normal,73.2,98.1,-25.0,deficient
2026-09-12,TRIPURA,state_ut,15.0,9.0,67.0,large_excess,45.5,60.2,-24.0,deficient,1086.5,1243.0,-13.0,normal,88.3,107.1,-18.0,normal
2026-09-13,TRIPURA,state_ut,2.7,8.5,-68.0,large_deficient,45.5,60.2,-24.0,deficient,1089.2,1251.5,-13.0,normal,91.0,115.6,-21.0,deficient
2026-09-14,TRIPURA,state_ut,0.0,10.3,-99.0,large_deficient,45.5,60.2,-24.0,deficient,1089.3,1261.8,-14.0,normal,91.0,125.9,-28.0,deficient
2026-09-15,TRIPURA,state_ut,0.0,7.0,-100.0,no_rain,45.5,60.2,-24.0,deficient,1089.3,1268.8,-14.0,normal,91.0,132.9,-32.0,deficient
2026-09-16,TRIPURA,state_ut,4.6,7.9,-42.0,deficient,33.9,62.4,-46.0,deficient,1093.9,1276.7,-14.0,normal,95.6,140.8,-32.0,deficient
2026-09-17,TRIPURA,state_ut,7.6,8.0,-6.0,normal,33.9,62.4,-46.0,deficient,1101.4,1284.7,-14.0,normal,103.2,148.8,-31.0,deficient
2026-09-18,TRIPURA,state_ut,7.3,7.9,-8.0,normal,33.9,62.4,-46.0,deficient,1108.7,1292.6,-14.0,normal,110.5,156.7,-29.0,deficient
2026-09-19,TRIPURA,state_ut,0.1,9.5,-99.0,large_deficient,33.9,62.4,-46.0,deficient,1108.8,1302.1,-15.0,normal,110.6,166.2,-33.0,deficient
2026-09-20,TRIPURA,state_ut,6.7,7.2,-7.0,normal,33.9,62.4,-46.0,deficient,1115.5,1309.3,-15.0,normal,117.2,173.4,-32.0,deficient
2026-09-21,TRIPURA,state_ut,0.1,8.5,-99.0,large_deficient,33.9,62.4,-46.0,deficient,1115.6,1317.8,-15.0,normal,117.3,181.9,-35.0,deficient
2026-09-22,TRIPURA,state_ut,11.8,12.4,-5.0,normal,33.9,62.4,-46.0,deficient,1127.4,1330.2,-15.0,normal,129.1,194.3,-34.0,deficient
2026-09-23,TRIPURA,state_ut,20.9,11.1,88.0,large_excess,54.4,64.6,-16.0,normal,1148.2,1341.3,-14.0,normal,150.0,205.4,-27.0,deficient
2026-09-24,TRIPURA,state_ut,7.5,7.7,-3.0,normal,54.4,64.6,-16.0,normal,1155.7,1349.0,-14.0,normal,157.5,213.1,-26.0,deficient
2026-08-19,UTTAR PRADESH,state_ut,10.2,9.2,11.0,normal,79.1,64.6,22.0,excess,428.2,513.7,-17.0,normal,165.5,156.1,6.0,normal
2026-08-20,UTTAR PRADESH,state_ut,11.8,6.4,85.0,large_excess,79.1,64.6,22.0,excess,440.0,520.1,-15.0,normal,177.3,162.5,9.0,normal
2026-08-21,UTTAR PRADESH,state_ut,4.5,5.6,-20.0,deficient,79.1,64.6,22.0,excess,444.5,525.7,-15.0,normal,181.8,168.1,8.0,normal
2026-08-22,UTTAR PRADESH,state_ut,9.2,7.3,26.0,excess,79.1,64.6,22.0,excess,453.7,533.0,-15.0,normal,191.0,175.4,9.0,normal
2026-08-23,UTTAR PRADESH,state_ut,7.3,7.7,-5.0,normal,79.1,64.6,22.0,excess,461.0,540.7,-15.0,normal,198.3,183.1,8.0,normal
2026-08-24,UTTAR PRADESH,state_ut,6.9,7.7,-10.0,normal,79.1,64.6,22.0,excess,467.9,548.4,-15.0,normal,205.2,190.8,8.0,normal
2026-08-25,UTTAR PRADESH,state_ut,16.7,7.8,113.0,large_excess,79.1,64.6,22.0,excess,484.6,556.2,-13.0,normal,221.9,198.6,12.0,normal
2026-08-26,UTTAR PRADESH,state_ut,16.5,8.1,103.0,large_excess,72.8,50.6,44.0,excess,501.0,564.3,-11.0,normal,238.3,206.7,15.0,normal
2026-08-27,UTTAR PRADESH,state_ut,16.6,6.7,148.0,large_excess,72.8,50.6,44.0,excess,517.6,571.0,-9.0,normal,255.0,213.4,19.0,normal
2026-08-28,UTTAR PRADESH,state_ut,13.2,6.3,110.0,large_excess,72.8,50.6,44.0,excess,530.9,577.3,-8.0,normal,268.2,219.7,22.0,excess
2026-08-29,UTTAR PRADESH,state_ut,5.9,6.0,-2.0,normal,72.8,50.6,44.0,excess,536.8,583.3,-8.0,normal,274.1,225.7,21.0,excess
2026-08-30,UTTAR PRADESH,state_ut,8.8,4.8,84.0,large_excess,72.8,50.6,44.0,excess,545.6,588.1,-7.0,normal,282.9,230.5,23.0,excess
2026-08-31,UTTAR PRADESH,state_ut,8.3,5.0,66.0,large_excess,72.8,50.6,44.0,excess,553.9,593.1,-7.0,normal,291.2,235.5,24.0,excess
2026-09-01,UTTAR PRADESH,state_ut,19.2,7.1,171.0,large_excess,72.8,50.6,44.0,excess,573.1,600.2,-5.0,normal,291.2,235.5,24.0,excess
2026-09-02,UTTAR PRADESH,state_ut,20.7,7.3,183.0,large_excess,92.8,43.2,115.0,large_excess,593.8,607.5,-2.0,normal,39.9,14.4,177.0,large_excess
2026-09-03,UTTAR PRADESH,state_ut,13.0,6.5,101.0,large_excess,92.8,43.2,115.0,large_excess,606.8,614.0,-1.0,normal,52.9,20.9,153.0,large_excess
2026-09-04,UTTAR PRADESH,state_ut,6.7,5.7,18.0,normal,92.8,43.2,115.0,large_excess,613.5,619.7,-1.0,normal,59.6,26.6,124.0,large_excess
2026-09-05,UTTAR PRADESH,state_ut,7.9,6.7,18.0,normal,92.8,43.2,115.0,large_excess,621.4,626.4,-1.0,normal,67.5,33.3,103.0,large_excess
2026-09-06,UTTAR PRADESH,state_ut,9.0,7.6,18.0,normal,92.8,43.2,115.0,large_excess,630.4,634.0,-1.0,normal,76.5,40.9,87.0,large_excess
2026-09-07,UTTAR PRADESH,state_ut,16.2,7.4,119.0,large_excess,92.8,43.2,115.0,large_excess,646.6,641.4,1.0,normal,92.7,48.3,92.0,large_excess
2026-09-08,UTTAR PRADESH,state_ut,4.4,5.9,-25.0,deficient,92.8,43.2,115.0,large_excess,651.1,647.3,1.0,normal,97.2,54.2,79.0,large_excess
2026-09-09,UTTAR PRADESH,state_ut,2.3,6.0,-61.0,large_deficient,59.6,45.8,30.0,excess,653.4,653.3,0.0,normal,99.5,60.2,65.0,large_excess
2026-09-10,UTTAR PRADESH,state_ut,4.7,5.5,-14.0,normal,59.6,45.8,30.0,excess,658.1,658.8,0.0,normal,104.2,65.7,59.0,excess
2026-09-11,UTTAR PRADESH,state_ut,5.9,6.4,-8.0,normal,59.6,45.8,30.0,excess,664.0,665.2,0.0,normal,110.1,72.1,53.0,excess
2026-09-12,UTTAR PRADESH,state_ut,3.1,7.1,-56.0,deficient,59.6,45.8,30.0,excess,667.1,672.3,-1.0,normal,113.2,79.2,43.0,excess
2026-09-13,UTTAR PRADESH,state_ut,0.3,7.0,-96.0,large_deficient,59.6,45.8,30.0,excess,667.4,679.3,-2.0,normal,113.4,86.2,32.0,excess
2026-09-14,UTTAR PRADESH,state_ut,0.6,6.4,-91.0,large_deficient,59.6,45.8,30.0,excess,668.0,685.7,-3.0,normal,114.1,92.6,23.0,excess
2026-09-15,UTTAR PRADESH,state_ut,1.5,6.3,-76.0,large_deficient,59.6,45.8,30.0,excess,669.5,692.0,-3.0,normal,115.6,98.9,17.0,normal
2026-09-16,UTTAR PRADESH,state_ut,1.8,6.1,-71.0,large_deficient,17.9,44.8,-60.0,large_deficient,671.2,698.1,-4.0,normal,117.3,105.0,12.0,normal
2026-09-17,UTTAR PRADESH,state_ut,3.6,5.0,-28.0,deficient,17.9,44.8,-60.0,large_deficient,674.8,703.1,-4.0,normal,120.9,110.0,10.0,normal
2026-09-18,UTTAR PRADESH,state_ut,2.5,4.0,-36.0,deficient,17.9,44.8,-60.0,large_deficient,677.4,707.1,-4.0,normal,123.5,114.0,8.0,normal
2026-09-19,UTTAR PRADESH,state_ut,0.7,4.6,-84.0,large_deficient,17.9,44.8,-60.0,large_deficient,678.1,711.7,-5.0,normal,124.2,118.6,5.0,normal
2026-09-20,UTTAR PRADESH,state_ut,2.9,4.1,-29.0,deficient,17.9,44.8,-60.0,large_deficient,681.0,715.8,-5.0,normal,127.1,122.7,4.0,normal
2026-09-21,UTTAR PRADESH,state_ut,0.1,3.5,-98.0,large_deficient,17.9,44.8,-60.0,large_deficient,681.1,719.3,-5.0,normal,127.2,126.2,1.0,normal
2026-09-22,UTTAR PRADESH,state_ut,0.5,3.7,-85.0,large_deficient,17.9,44.8,-60.0,large_deficient,681.6,723.0,-6.0,normal,127.7,129.9,-2.0,normal
2026-09-23,UTTAR PRADESH,state_ut,0.7,3.1,-77.0,large_deficient,11.1,28.0,-60.0,large_deficient,682.3,726.1,-6.0,normal,128.4,133.0,-3.0,normal
2026-09-24,UTTAR PRADESH,state_ut,5.4,4.3,24.0,excess,11.1,28.0,-60.0,large_deficient,687.7,730.4,-6.0,normal,133.8,137.3,-3.0,normal
2026-08-19,UTTARAKHAND,state_ut,15.2,16.8,-10.0,normal,120.9,103.5,17.0,normal,853.6,859.3,-1.0,normal,287.5,264.7,9.0,normal
2026-08-20,UTTARAKHAND,state_ut,12.4,12.1,3.0,normal,120.9,103.5,17.0,normal,866.0,871.4,-1.0,normal,299.9,276.8,8.0,normal
2026-08-21,UTTARAKHAND,state_ut,10.7,10.3,4.0,normal,120.9,103.5,17.0,normal,876.8,881.7,-1.0,normal,310.6,287.1,8.0,normal
2026-08-22,UTTARAKHAND,state_ut,6.1,11.5,-47.0,deficient,120.9,103.5,17.0,normal,882.8,893.2,-1.0,normal,316.7,298.6,6.0,normal
2026-08-23,UTTARAKHAND,state_ut,8.1,11.0,-26.0,deficient,120.9,103.5,17.0,normal,891.0,904.2,-1.0,normal,324.9,309.6,5.0,normal
2026-08-24,UTTARAKHAND,state_ut,5.4,7.5,-27.0,deficient,120.9,103.5,17.0,normal,896.4,911.7,-2.0,normal,330.3,317.1,4.0,normal
2026-08-25,UTTARAKHAND,state_ut,7.6,10.3,-26.0,deficient,120.9,103.5,17.0,normal,904.1,922.0,-2.0,normal,337.9,327.4,3.0,normal
2026-08-26,UTTARAKHAND,state_ut,4.4,11.6,-62.0,large_deficient,54.8,74.3,-26.0,deficient,908.5,933.6,-3.0,normal,342.3,339.0,1.0,normal
2026-08-27,UTTARAKHAND,state_ut,8.6,11.2,-24.0,deficient,54.8,74.3,-26.0,deficient,917.0,944.8,-3.0,normal,350.9,350.2,0.0,normal
2026-08-28,UTTARAKHAND,state_ut,5.9,9.8,-40.0,deficient,54.8,74.3,-26.0,deficient,922.9,954.6,-3.0,normal,356.8,360.0,-1.0,normal
2026-08-29,UTTARAKHAND,state_ut,6.6,9.1,-28.0,deficient,54.8,74.3,-26.0,deficient,929.4,963.7,-4.0,normal,363.3,369.1,-2.0,normal
2026-08-30,UTTARAKHAND,state_ut,16.5,7.4,123.0,large_excess,54.8,74.3,-26.0,deficient,946.0,971.1,-3.0,normal,379.8,376.5,1.0,normal
2026-08-31,UTTARAKHAND,state_ut,19.5,9.2,112.0,large_excess,54.8,74.3,-26.0,deficient,965.4,980.3,-2.0,normal,399.3,385.7,4.0,normal
2026-09-01,UTTARAKHAND,state_ut,27.1,9.3,191.0,large_excess,54.8,74.3,-26.0,deficient,992.5,989.6,0.0,normal,399.3,385.7,4.0,normal
2026-09-02,UTTARAKHAND,state_ut,28.4,10.2,178.0,large_excess,112.4,66.2,70.0,large_excess,1020.9,999.8,2.0,normal,55.4,19.5,184.0,large_excess
2026-09-03,UTTARAKHAND,state_ut,16.0,9.7,65.0,large_excess,112.4,66.2,70.0,large_excess,1036.9,1009.5,3.0,normal,71.5,29.2,145.0,large_excess
2026-09-04,UTTARAKHAND,state_ut,11.4,8.9,28.0,excess,112.4,66.2,70.0,large_excess,1048.3,1018.4,3.0,normal,82.9,38.1,118.0,large_excess
2026-09-05,UTTARAKHAND,state_ut,12.1,10.8,12.0,normal,112.4,66.2,70.0,large_excess,1060.4,1029.2,3.0,normal,95.0,48.9,94.0,large_excess
2026-09-06,UTTARAKHAND,state_ut,18.5,8.9,108.0,large_excess,112.4,66.2,70.0,large_excess,1078.9,1038.1,4.0,normal,113.5,57.8,96.0,large_excess
2026-09-07,UTTARAKHAND,state_ut,20.7,8.7,137.0,large_excess,112.4,66.2,70.0,large_excess,1099.6,1046.8,5.0,normal,134.2,66.5,102.0,large_excess
2026-09-08,UTTARAKHAND,state_ut,8.3,7.9,6.0,normal,112.4,66.2,70.0,large_excess,1107.9,1054.7,5.0,normal,142.5,74.4,92.0,large_excess
2026-09-09,UTTARAKHAND,state_ut,1.2,6.0,-80.0,large_deficient,88.3,60.9,45.0,excess,1109.1,1060.7,5.0,normal,143.7,80.4,79.0,large_excess
2026-09-10,UTTARAKHAND,state_ut,1.3,6.4,-79.0,large_deficient,88.3,60.9,45.0,excess,1110.4,1067.1,4.0,normal,145.0,86.8,67.0,large_excess
2026-09-11,UTTARAKHAND,state_ut,12.1,6.1,98.0,large_excess,88.3,60.9,45.0,excess,1122.5,1073.2,5.0,normal,157.1,92.9,69.0,large_excess
2026-09-12,UTTARAKHAND,state_ut,9.6,8.5,13.0,normal,88.3,60.9,45.0,excess,1132.1,1081.7,5.0,normal,166.7,101.4,64.0,large_excess
2026-09-13,UTTARAKHAND,state_ut,3.8,8.6,-55.0,deficient,88.3,60.9,45.0,excess,1136.0,1090.3,4.0,normal,170.6,110.0,55.0,excess
2026-09-14,UTTARAKHAND,state_ut,9.1,6.2,46.0,excess,88.3,60.9,45.0,excess,1145.0,1096.5,4.0,normal,179.6,116.2,55.0,excess
2026-09-15,UTTARAKHAND,state_ut,5.2,6.7,-23.0,deficient,88.3,60.9,45.0,excess,1150.2,1103.2,4.0,normal,184.8,122.9,50.0,excess
2026-09-16,UTTARAKHAND,state_ut,4.8,5.6,-14.0,normal,45.9,48.1,-5.0,normal,1155.0,1108.8,4.0,normal,189.6,128.5,48.0,excess
2026-09-17,UTTARAKHAND,state_ut,1.1,4.6,-75.0,large_deficient,45.9,48.1,-5.0,normal,1156.1,1113.4,4.0,normal,190.7,133.1,43.0,excess
2026-09-18,UTTARAKHAND,state_ut,1.6,5.0,-69.0,large_deficient,45.9,48.1,-5.0,normal,1157.7,1118.4,4.0,normal,192.3,138.1,39.0,excess
2026-09-19,UTTARAKHAND,state_ut,0.1,5.9,-99.0,large_deficient,45.9,48.1,-5.0,normal,1157.8,1124.3,3.0,normal,192.4,144.0,34.0,excess
2026-09-20,UTTARAKHAND,state_ut,0.1,3.9,-99.0,large_deficient,45.9,48.1,-5.0,normal,1157.8,1128.2,3.0,normal,192.4,147.9,30.0,excess
2026-09-21,UTTARAKHAND,state_ut,0.7,4.5,-85.0,large_deficient,45.9,48.1,-5.0,normal,1158.5,1132.7,2.0,normal,193.1,152.4,27.0,excess
2026-09-22,UTTARAKHAND,state_ut,0.4,4.3,-91.0,large_deficient,45.9,48.1,-5.0,normal,1158.9,1137.0,2.0,normal,193.5,156.7,23.0,excess
2026-09-23,UTTARAKHAND,state_ut,0.1,4.8,-99.0,large_deficient,4.0,33.0,-88.0,large_deficient,1159.0,1141.8,2.0,normal,193.6,161.5,20.0,excess
2026-09-24,UTTARAKHAND,state_ut,1.0,5.6,-82.0,large_deficient,4.0,33.0,-88.0,large_deficient,1160.0,1147.4,1.0,normal,194.6,167.1,16.0,normal
2026-08-19,WEST BENGAL,state_ut,10.2,9.5,7.0,normal,127.3,86.4,47.0,excess,983.2,924.0,6.0,normal,266.8,221.4,20.0,excess
2026-08-20,WEST BENGAL,state_ut,5.6,11.2,-50.0,deficient,127.3,86.4,47.0,excess,988.7,935.2,6.0,normal,272.3,232.6,17.0,normal
2026-08-21,WEST BENGAL,state_ut,4.5,10.9,-59.0,deficient,127.3,86.4,47.0,excess,993.2,946.1,5.0,normal,276.8,243.5,14.0,normal
2026-08-22,WEST BENGAL,state_ut,1.2,13.2,-91.0,large_deficient,127.3,86.4,47.0,excess,994.4,959.3,4.0,normal,278.0,256.7,8.0,normal
2026-08-23,WEST BENGAL,state_ut,2.0,9.7,-79.0,large_deficient,127.3,86.4,47.0,excess,996.4,969.0,3.0,normal,280.0,266.4,5.0,normal
2026-08-24,WEST BENGAL,state_ut,7.2,9.4,-24.0,deficient,127.3,86.4,47.0,excess,1003.6,978.4,3.0,normal,287.2,275.8,4.0,normal
2026-08-25,WEST BENGAL,state_ut,10.5,8.6,22.0,excess,127.3,86.4,47.0,excess,1014.1,987.0,3.0,normal,297.7,284.4,5.0,normal
2026-08-26,WEST BENGAL,state_ut,10.4,9.9,5.0,normal,41.3,72.9,-43.0,deficient,1024.5,996.9,3.0,normal,308.1,294.3,5.0,normal
2026-08-27,WEST BENGAL,state_ut,10.3,11.8,-13.0,normal,41.3,72.9,-43.0,deficient,1034.8,1008.7,3.0,normal,318.4,306.1,4.0,normal
2026-08-28,WEST BENGAL,state_ut,9.2,10.5,-12.0,normal,41.3,72.9,-43.0,deficient,1044.0,1019.2,2.0,normal,327.6,316.6,3.0,normal
2026-08-29,WEST BENGAL,state_ut,6.6,9.8,-32.0,deficient,41.3,72.9,-43.0,deficient,1050.6,1029.0,2.0,normal,334.2,326.4,2.0,normal
2026-08-30,WEST BENGAL,state_ut,9.0,9.5,-5.0,normal,41.3,72.9,-43.0,deficient,1059.6,1038.5,2.0,normal,343.2,335.9,2.0,normal
2026-08-31,WEST BENGAL,state_ut,13.9,9.1,53.0,excess,41.3,72.9,-43.0,deficient,1073.5,1047.6,2.0,normal,357.1,345.0,4.0,normal
2026-09-01,WEST BENGAL,state_ut,14.8,9.2,61.0,large_excess,41.3,72.9,-43.0,deficient,1088.3,1056.8,3.0,normal,357.1,345.0,4.0,normal
2026-09-02,WEST BENGAL,state_ut,21.6,10.0,116.0,large_excess,85.5,69.9,22.0,excess,1109.9,1066.8,4.0,normal,36.4,19.2,90.0,large_excess
2026-09-03,WEST BENGAL,state_ut,11.9,10.2,17.0,normal,85.5,69.9,22.0,excess,1121.9,1077.0,4.0,normal,48.4,29.4,64.0,large_excess
2026-09-04,WEST BENGAL,state_ut,3.5,9.9,-65.0,large_deficient,85.5,69.9,22.0,excess,1125.3,1086.9,4.0,normal,51.8,39.3,32.0,excess
2026-09-05,WEST BENGAL,state_ut,4.1,10.9,-63.0,large_deficient,85.5,69.9,22.0,excess,1129.4,1097.8,3.0,normal,55.9,50.2,11.0,normal
2026-09-06,WEST BENGAL,state_ut,5.1,12.7,-60.0,large_deficient,85.5,69.9,22.0,excess,1134.5,1110.5,2.0,normal,61.0,62.9,-3.0,normal
2026-09-07,WEST BENGAL,state_ut,3.7,9.4,-60.0,large_deficient,85.5,69.9,22.0,excess,1138.2,1119.9,2.0,normal,64.7,72.3,-10.0,normal
2026-09-08,WEST BENGAL,state_ut,7.9,7.7,3.0,normal,85.5,69.9,22.0,excess,1146.2,1127.6,2.0,normal,72.7,80.0,-9.0,normal
2026-09-09,WEST BENGAL,state_ut,11.9,11.9,0.0,normal,48.2,72.7,-34.0,deficient,1158.1,1139.5,2.0,normal,84.6,91.9,-8.0,normal
2026-09-10,WEST BENGAL,state_ut,8.8,10.4,-16.0,normal,48.2,72.7,-34.0,deficient,1166.9,1149.9,1.0,normal,93.4,102.3,-9.0,normal
2026-09-11,WEST BENGAL,state_ut,16.2,10.4,56.0,excess,48.2,72.7,-34.0,deficient,1183.0,1160.3,2.0,normal,109.5,112.7,-3.0,normal
2026-09-12,WEST BENGAL,state_ut,8.3,9.2,-10.0,normal,48.2,72.7,-34.0,deficient,1191.3,1169.5,2.0,normal,117.8,121.9,-3.0,normal
2026-09-13,WEST BENGAL,state_ut,8.8,9.0,-2.0,normal,48.2,72.7,-34.0,deficient,1200.1,1178.5,2.0,normal,126.6,130.9,-3.0,normal
2026-09-14,WEST BENGAL,state_ut,5.0,11.1,-55.0,deficient,48.2,72.7,-34.0,deficient,1205.2,1189.6,1.0,normal,131.7,142.0,-7.0,normal
2026-09-15,WEST BENGAL,state_ut,0.6,8.5,-93.0,large_deficient,48.2,72.7,-34.0,deficient,1205.7,1198.1,1.0,normal,132.2,150.5,-12.0,normal
2026-09-16,WEST BENGAL,state_ut,2.9,8.7,-66.0,large_deficient,50.5,67.3,-25.0,deficient,1208.7,1206.8,0.0,normal,135.2,159.2,-15.0,normal
2026-09-17,WEST BENGAL,state_ut,7.1,8.3,-14.0,normal,50.5,67.3,-25.0,deficient,1215.8,1215.1,0.0,normal,142.3,167.5,-15.0,normal
2026-09-18,WEST BENGAL,state_ut,15.7,9.9,59.0,excess,50.5,67.3,-25.0,deficient,1231.5,1225.0,1.0,normal,158.0,177.4,-11.0,normal
2026-09-19,WEST BENGAL,state_ut,2.4,9.3,-74.0,large_deficient,50.5,67.3,-25.0,deficient,1233.9,1234.3,0.0,normal,160.4,186.7,-14.0,normal
2026-09-20,WEST BENGAL,state_ut,6.7,8.0,-16.0,normal,50.5,67.3,-25.0,deficient,1240.6,1242.3,0.0,normal,167.1,194.7,-14.0,normal
2026-09-21,WEST BENGAL,state_ut,4.1,10.9,-62.0,large_deficient,50.5,67.3,-25.0,deficient,1244.7,1253.2,-1.0,normal,171.3,205.6,-17.0,normal
2026-09-22,WEST BENGAL,state_ut,3.0,10.9,-73.0,large_deficient,50.5,67.3,-25.0,deficient,1247.7,1264.1,-1.0,normal,174.2,216.5,-20.0,deficient
2026-09-23,WEST BENGAL,state_ut,15.8,11.4,39.0,excess,54.9,68.7,-20.0,deficient,1263.5,1275.5,-1.0,normal,190.0,227.9,-17.0,normal
2026-09-24,WEST BENGAL,state_ut,39.0,11.8,231.0,large_excess,54.9,68.7,-20.0,deficient,1302.6,1287.3,1.0,normal,229.1,239.7,-4.0,normal
