tree
version=v4
num_class=1
num_tree_per_iteration=1
label_index=0
max_feature_idx=44
objective=regression
feature_names=latitude longitude is_ocean elev_proxy_m coastal region_id season_id lead_days lead_bucket_id regime_id mae7_climatology mae7_persistence mae7_recent3 mae7_anom_persistence rmse30_climatology rmse30_persistence rmse30_recent3 rmse30_anom_persistence regmae_climatology regmae_persistence regmae_recent3 regmae_anom_persistence now_tp_mm now_t2m_C_mean now_t2m_C_max now_wind_speed_mean now_wind_speed_max now_msl_hPa_mean now_msl_hPa_min now_tcc_mean now_cape_max now_rh_pct_mean now_blh_mean now_ssrd_MJ now_msl_anom now_tp3 now_tp7 now_target_tendency now_anomaly expert_spread expert_range exp_climatology exp_persistence exp_recent3 exp_anom_persistence
feature_infos=[7:37] [68:97] [0:1] [0:5388.1943359375] [0:1] -1:607:705:7:805:801:706:500:800:301:405:101:402:803:608:904:208:603:108:702:507:707:107:8:205:303:601:207:908:901:1:403:600:703:401:202:306:407:103:505:903:200:204:501:700:201:102:907:106:606:100:605:203:408:704:806:905:807:308:802:6:503:406:300:502:508:804:2:604:304:900:0:906:206:307:302:400:701:104:404:902:3:708:506:808:305:602:5:4:105:504:409:209:909:809:709:509:609:309:9:109:1003:1004:1007:1000:1008:1001:1005:1006:1002 none [1:3] -1:1:2 -1:5:2:4:0:1 [0.017855849117040634:5.5705680847167969] [0.020863013342022896:5.849400520324707] [0.018097639083862305:5.6665759086608887] [0.02575947530567646:5.8984589576721191] [0.069327831268310547:4.1591134071350098] [0.058205533772706985:4.4462156295776367] [0.054308895021677017:4.6401233673095703] [0.057751290500164032:4.3489251136779785] [0.14527498185634613:3.0573558807373047] [0.12820826470851898:2.7641055583953857] [0.12135318666696548:2.7188944816589355] [0.12915268540382385:2.6090078353881836] [0:393.65960693359375] [-12.594757080078125:41.265533447265625] [-10.502288818359375:48.153472900390625] [0.16168531775474548:15.953704833984375] [0.18476742506027222:17.153694152832031] [991.2779541015625:1030.219970703125] [987.24188232421875:1029.0206298828125] [0:1] [0:7481.25] [4.3088536262512207:99.99932861328125] [9.9991073608398438:2433.690185546875] [0.60633599758148193:35.532672882080078] [-28.27056884765625:5.24334716796875] [0:160.36891174316406] [0:603.870361328125] [-6.1999931335449219:8.225590705871582] [-8.0413665771484375:8.7614879608154297] [0.0021491567604243755:3.6853368282318115] [0.0053892135620117188:8.7614879608154297] [0.26306489109992981:11.783773422241211] [0.16168531775474548:15.953704833984375] [0.21360988914966583:14.659345626831055] [0.0078992843627929688:15.682367324829102]
tree_sizes=2895 3024 3605 3435 3475 3660 3039 3504 3006 3580 3598 3506 3018 3017 3039 3566 3613 3634 3025 3612 3578 3625 3487 3529 3736 3691 3029 3023 3889 3656 3629 3524 3037 3038 3725 3022 3742 3039 3603 3460 3042 3065 3580 3053 3040 3615 3063 3051 3616 3761 3525 3053 3769 3636 3649 3611 3759 3044 3033 3555 3578 3056 3620 3602 3663 3055 3670 3826 3087 3652 3628 3053 3064 3351 3529 3083 3654 3504 3065 3085 3447 3060 3471 3056 3072 3097 3349 3065 3462 3077 3079 3401 3058 3052 3581 3728 3075 3082 3077 3923 3701 3070 3050 3060 3457

Tree=0
num_leaves=31
num_cat=0
split_feature=25 25 25 2 25 25 25 1 2 14 2 25 27 25 14 34 1 7 34 14 7 34 14 14 1 34 25 22 14 25
split_gain=2.19527e+06 237581 222037 54891.7 49052.8 38956.6 32948.3 11636.7 11371.2 10249.2 10236.3 9633.56 8548.72 6252.31 5193.8 4250.97 3613.52 3582.6 3500.77 3259.2 2795.12 2734.79 2243.87 2174.11 2124.52 2073.07 2013.54 1900.81 1881.74 1753.29
threshold=4.90006446838379 7.8379023075103769 2.8192801475524907 1.0000000180025095e-35 1.567297697067261 10.005519866943361 6.4894390106201181 72.250000000000014 1.0000000180025095e-35 0.47971488535404211 1.0000000180025095e-35 3.8190922737121586 1004.5257263183595 8.8705339431762713 0.63947671651840221 -6.3462219238281241 91.250000000000014 1.5000000000000002 -1.1081237792968748 2.3096934556961064 2.5000000000000004 -8.5855407714843732 1.3365128040313723 2.9673230648040776 81.250000000000014 -1.3586730957031248 5.6492080688476571 11.08217239379883 1.1619378924369814 3.9032235145568852
decision_type=2 2 2 2 2 2 2 2 2 2 2 2 2 2 2 2 2 2 2 2 2 2 2 2 2 2 2 2 2 2
left_child=2 6 4 11 9 13 10 23 14 -1 24 22 -5 -3 -6 -12 -15 -9 26 25 29 -16 -4 -7 -2 -8 -17 -21 -13 -14
right_child=1 5 3 12 8 7 19 17 -10 -11 15 28 20 16 21 18 -18 -19 -20 27 -22 -23 -24 -25 -26 -27 -28 -29 -30 -31
leaf_value=3.8184583658917082 4.0136219442418506 4.1505294946429387 3.9067998649371876 4.1083751244050335 3.8605609303739805 4.2799750907293435 4.0841382592861013 4.267145809970474 3.9609569362866393 3.8523394413221643 4.1251393766201385 3.9352007414759802 3.9700055475024949 4.198544073898586 3.8971759191958428 4.0278269856261497 4.1437607206031251 4.2058974429551945 4.0862727428083687 4.112067669390246 4.0268713276930788 3.8770262863802305 3.9350367565747235 4.3421069536047936 3.9631512467208947 4.1245350045079965 4.055358564118694 4.1559393811463767 3.9631147485241165 4.0036349254595436
leaf_weight=59707 11798 23126 35950 2063 33504 4240 16741 3621 4182 36025 2035 10492 6299 17333 26805 12205 3882 8764 5698 9292 7948 46390 8788 2852 2532 4064 14949 3605 14203 10083
leaf_count=59707 11798 23126 35950 2063 33504 4240 16741 3621 4182 36025 2035 10492 6299 17333 26805 12205 3882 8764 5698 9292 7948 46390 8788 2852 2532 4064 14949 3605 14203 10083
internal_value=3.96359 4.12227 3.8866 3.9495 3.85742 4.19479 4.06644 4.25384 3.88007 3.8312 4.04033 3.92617 4.01087 4.1688 3.8769 4.05495 4.18861 4.22404 4.05055 4.10453 4.00255 3.8844 3.91234 4.30546 4.00471 4.0921 4.04301 4.12447 3.95125 3.99072
internal_weight=449176 146737 302439 95826 206613 63818 82919 19477 110881 95732 49217 69433 26393 44341 106699 34887 21215 12385 32852 33702 24330 73195 44738 7092 14330 20805 27154 12897 24695 16382
internal_count=449176 146737 302439 95826 206613 63818 82919 19477 110881 95732 49217 69433 26393 44341 106699 34887 21215 12385 32852 33702 24330 73195 44738 7092 14330 20805 27154 12897 24695 16382
is_linear=0
shrinkage=1


Tree=1
num_leaves=31
num_cat=0
split_feature=42 43 42 2 41 42 42 42 1 34 42 2 42 41 41 7 7 34 18 42 42 34 1 18 34 28 21 41 18 34
split_gain=1.98531e+06 209727 207391 53811.1 45918 35199.8 28267 11737.6 10414.5 9830.63 8536.39 8313.57 5867.09 4358.69 3602.23 3564.82 3451.65 3423.43 3140.7 3116.99 3001.02 2990.19 2982.59 2787.89 2601.81 2031.17 1998.3 1693.19 1612.02 1438.49
threshold=4.9504106044769296 2.7300050258636479 7.8379023075103769 1.0000000180025095e-35 1.6215411424636843 10.005519866943361 6.4278609752655038 3.6101227998733525 72.250000000000014 -6.9136352539062491 2.0028560161590581 1.0000000180025095e-35 9.0391550064086932 1.171297609806061 3.2869317531585698 2.5000000000000004 2.5000000000000004 -6.1431579589843741 1.1239244937896731 3.3911266326904301 7.0240454673767099 -1.1081237792968748 91.250000000000014 1.1239244937896731 -6.7616577148437491 1005.3771972656251 0.79416272044181835 3.4276261329650883 1.5874680876731875 -11.094421386718748
decision_type=2 2 2 2 2 2 2 2 2 2 2 2 2 2 2 2 2 2 2 2 2 2 2 2 2 2 2 2 2 2
left_child=1 4 6 7 13 12 11 27 25 -5 24 23 28 -1 -12 -10 19 -13 -9 -11 -8 -19 -14 -2 26 -7 -6 -3 -4 -29
right_child=2 3 5 9 10 8 20 18 15 16 14 17 22 -15 -16 -17 -18 21 -20 -21 -22 -23 -24 -25 -26 -27 -28 29 -30 -31
leaf_value=-0.14372283222260324 0.0085961196640082747 -0.059279930284059215 0.16384626984478953 0.14436812922255826 -0.092926722751158833 0.34281880995477088 0.11611748193866299 -0.02695474714464148 0.26836223864781922 -0.015249493274433963 -0.074099735957321139 0.15007429448037454 0.22697108059396365 -0.11960172738880775 -0.034446559311777973 0.21116759728731643 0.058789103893364759 0.075158249658861712 0.0057971706306564402 0.032573274479433027 0.1457434461271325 0.11667468746754842 0.17223894481330926 0.056550870999981087 -0.10487033843643963 0.2780397356396398 -0.062817897766743666 0.0024976666744323684 0.18996393709672088 -0.046149703968438656
leaf_weight=42139 4687 35527 10539 2144 19660 5022 15766 18886 7889 4461 52207 2003 14641 34690 6462 4601 9069 25018 11943 14346 19628 5294 3220 8588 36888 2048 7798 2041 16142 5927
leaf_count=42139 4687 35527 10539 2144 19660 5022 15766 18886 7889 4461 52207 2003 14641 34690 6462 4601 9069 25018 11943 14346 19628 5294 3220 8588 36888 2048 7798 2041 16142 5927
internal_value=7.19736e-05 -0.0725166 0.152256 -0.0150582 -0.102515 0.219447 0.0990516 -0.0378769 0.27546 0.0414305 -0.0835607 0.0729957 0.194793 -0.132849 -0.0697388 0.247479 0.0334644 0.0866822 -0.0142691 0.0212277 0.132583 0.0824452 0.217206 0.0396387 -0.0961504 0.324473 -0.0844019 -0.0546029 0.179713 -0.0337012
internal_weight=449274 304188 145086 104344 199844 64102 80984 74324 19560 30020 123015 45590 44542 76829 58669 12490 27876 32315 30829 18807 35394 30312 17861 13275 64346 7070 27458 43495 26681 7968
internal_count=449274 304188 145086 104344 199844 64102 80984 74324 19560 30020 123015 45590 44542 76829 58669 12490 27876 32315 30829 18807 35394 30312 17861 13275 64346 7070 27458 43495 26681 7968
is_linear=0
shrinkage=0.05


Tree=2
num_leaves=31
num_cat=9
split_feature=42 42 43 2 42 41 42 5 42 2 5 27 5 42 5 5 42 42 5 5 27 5 43 19 16 5 27 19 42 22
split_gain=1.78657e+06 211154 166236 54863.9 40753.1 30263.6 22006.3 15090.1 12855.4 8861.54 8341.91 7862.93 5046.57 4880.37 4330.59 3744.39 3584.14 3357.52 3226.28 3191.69 3922.42 3042.31 2790.97 2234.93 2202.48 2157.22 2143.87 2064.22 1817.86 1654.42
threshold=4.7493057250976571 7.4528100490570077 2.4199327230453496 1.0000000180025095e-35 9.5868759155273455 1.5348947048187258 6.178438901901246 0 3.4609349966049199 1.0000000180025095e-35 1 1004.3148498535157 2 1.9303441047668459 3 4 10.923609733581545 8.4637999534606951 5 6 1005.0535278320314 7 1.1633638739585879 1.4128026962280276 2.634250402450562 8 1003.0752258300782 1.2697049379348757 3.3911266326904301 7.3828697204589853
decision_type=2 2 2 2 2 2 2 9 2 2 9 2 9 2 9 9 2 2 9 9 2 9 2 2 2 9 2 2 2 2
left_child=2 6 5 8 10 22 9 16 25 15 -3 -5 28 26 -10 -2 -6 29 23 -11 -21 24 -1 -9 -8 -4 -7 -14 -13 -12
right_child=1 4 3 11 7 13 21 18 14 19 17 12 27 -15 -16 -17 -18 -19 -20 20 -22 -23 -24 -25 -26 -27 -28 -29 -30 -31
leaf_value=-0.13655760285591631 0.044604991133645529 0.13574315510403431 -0.046844797035111005 0.12612445395185337 0.26739738645351702 -0.075141971254822235 0.11780966638418687 0.25418252520190932 -0.0050844983724937882 0.10395844155046528 0.1580518763380836 -0.018914564925934206 0.028016903498692236 -0.072795151102861569 -0.041289343806593541 -0.010501106312591107 0.33020371220168759 0.19985067140563478 0.17073322633074295 0.13252841082944797 0.059770919236670307 0.087054462471316998 -0.11582852318068707 0.21144205976260563 0.16975194659983656 -0.065941427899095323 -0.09943095688292361 0.068963461000781365 0.020129953776932569 0.19765557695503935
leaf_weight=42677 11054 12001 25137 2190 4844 11330 22683 6305 19904 7693 11738 4827 5732 42339 14115 4268 5143 18546 3169 2035 20640 8444 27213 7135 2300 37552 49818 6694 7761 3694
leaf_count=42677 11054 12001 25137 2190 4844 11330 22683 6305 19904 7693 11738 4827 5732 42339 14115 4268 5143 18546 3169 2035 20640 8444 27213 7135 2300 37552 49818 6694 7761 3694
internal_value=-0.000222033 0.139401 -0.0714672 -0.0272376 0.200992 -0.103075 0.0828852 0.250315 -0.0448826 0.0603074 0.172413 0.0354824 0.0274994 -0.08589 -0.0201278 0.0292804 0.299739 0.185227 0.220121 0.0759471 0.0663269 0.113719 -0.128504 0.231495 0.122609 -0.0583108 -0.0949435 0.0500726 0.00515071 0.167654
internal_weight=448981 151692 297289 123912 72575 173377 79117 26596 96708 45690 45979 27204 25014 103487 34019 15322 9987 33978 16609 30368 22675 33427 69890 13440 24983 62689 61148 12426 12588 15432
internal_count=448981 151692 297289 123912 72575 173377 79117 26596 96708 45690 45979 27204 25014 103487 34019 15322 9987 33978 16609 30368 22675 33427 69890 13440 24983 62689 61148 12426 12588 15432
cat_boundaries=0 13 35 61 93 119 132 148 161 193
cat_threshold=0 0 0 0 0 0 768 0 0 405504 0 0 196608 535 0 0 8256 0 0 197632 0 0 3162112 0 0 31457280 0 0 137363456 0 0 50331648 0 0 536870912 16 0 0 192 0 0 246784 0 0 3743744 0 0 31588352 0 0 402653184 0 0 0 0 0 0 0 0 0 128 28 0 0 448 0 0 7168 0 0 122880 0 0 39780352 0 0 137363456 0 0 1124073472 0 0 805306368 8 0 0 0 0 0 0 0 0 73728 28 0 0 192 0 0 7168 0 0 188416 0 0 39256064 0 0 1048576 0 0 50331648 0 0 805306368 10 0 0 16 232 0 0 3632 0 0 61440 0 0 524288 0 0 12582912 968 0 0 12304 0 0 256 0 0 4096 0 0 65536 0 0 1048576 1007 0 0 16176 0 0 258816 0 0 1650688 0 0 196608 24 0 0 256 0 0 3072 0 0 221184 0 0 4653056 0 0 137363456 0 0 1660944384 0 0 1879048192 16 0 0 0 0 0 1536 0 0 112640
is_linear=0
shrinkage=0.05


Tree=3
num_leaves=31
num_cat=8
split_feature=25 25 25 41 2 25 25 5 41 5 5 5 27 25 41 25 19 25 5 5 5 7 7 5 34 25 16 7 30 25
split_gain=1.61456e+06 170508 170360 40649.5 40618.5 29353.7 22918.1 11119.6 9234.97 7907.05 7785.54 6903.87 6578.92 4483.29 4358.51 4082.13 3572.37 3277.84 3215.81 3140.19 3072.29 2473.13 2451.33 2224.63 2111.39 2004.45 1934.8 1786.72 1646.53 1336.4
threshold=4.9504106044769296 7.8379023075103769 2.8192801475524907 1.6858082413673403 1.0000000180025095e-35 10.005519866943361 6.4278609752655038 0 3.4276261329650883 1 2 3 1004.5257263183595 3.8190922737121586 1.2169032096862795 1.8275858759880068 1.234560012817383 9.0391550064086932 4 5 6 2.5000000000000004 1.5000000000000002 7 -6.7616577148437491 11.463391780853273 2.4695020914077763 1.5000000000000002 352.56250000000006 6.9513139724731454
decision_type=2 2 2 2 2 2 2 9 2 9 9 9 2 2 2 2 2 2 9 9 9 2 2 9 2 2 2 2 2 2
left_child=2 6 3 14 9 10 11 25 15 13 17 23 -6 -4 -1 24 -10 28 -14 -13 26 -9 -12 -2 -5 -7 -8 -20 -3 -22
right_child=1 5 4 8 12 7 20 21 16 -11 22 19 18 -15 -16 -17 -18 -19 27 -21 29 -23 -24 -25 -26 -27 -28 -29 -30 -31
leaf_value=-0.12899082403123222 0.10830420662453673 0.13080923763705762 -0.030956954371942066 -0.076435203896353901 0.12507498182049825 0.27164528053620601 0.13012703134337789 0.23453481677830559 -0.048222907624512895 -0.048315143780368081 0.17465114441909987 0.051872830017656385 0.015228995645277278 0.0045516961413806433 -0.10558421828789694 -0.069863875717591284 0.012860943310785487 0.20754228705211913 0.025798444479341695 -0.00011291437266795876 0.093086592736444526 0.18411511432632943 0.12632147267300559 0.07352397816044752 -0.098331155334187056 0.32493870910711931 0.18205855441176402 0.064895059901282845 0.18015182913546657 0.118322489130195
leaf_weight=45716 6034 2043 19424 19022 2124 5082 10763 6655 9402 34316 3947 13783 12279 16379 36001 65987 3205 14081 4538 3689 9355 4290 8585 22257 27066 3471 2246 8300 15703 12904
leaf_count=45716 6034 2043 19424 19022 2124 5082 10763 6655 9402 34316 3947 13783 12279 16379 36001 65987 3205 14081 4538 3689 9355 4290 8585 22257 27066 3471 2246 8300 15703 12904
internal_value=-5.51658e-05 0.137278 -0.0655631 -0.0912794 -0.0110419 0.198378 0.0891093 0.2496 -0.0733043 -0.0311707 0.175812 0.0657407 0.0407626 -0.0147118 -0.118693 -0.0778689 -0.0326961 0.189147 0.0335858 0.0409091 0.119405 0.214762 0.141557 0.0810133 -0.0893125 0.293285 0.139119 0.0510662 0.174548 0.107715
internal_weight=448647 144888 303759 206399 97360 63857 81031 19498 124682 70119 44359 45763 27241 35803 81717 112075 12607 31827 25117 17472 35268 10945 12532 28291 46088 8553 13009 12838 17746 22259
internal_count=448647 144888 303759 206399 97360 63857 81031 19498 124682 70119 44359 45763 27241 35803 81717 112075 12607 31827 25117 17472 35268 10945 12532 28291 46088 8553 13009 12838 17746 22259
cat_boundaries=0 13 45 58 74 100 122 135 148
cat_threshold=0 0 0 0 0 0 768 0 0 405504 0 0 196608 28 0 0 448 0 0 7168 0 0 253952 0 0 39780352 0 0 137363456 0 0 1124073472 0 0 805306368 0 0 0 0 0 0 0 0 0 77824 232 0 0 7728 0 0 62208 0 0 995328 0 0 196608 1007 0 0 15120 0 0 226048 0 0 1978368 0 0 4390912 0 0 1048576 16 0 0 64 0 0 250880 0 0 3743744 0 0 31588352 0 0 402653184 0 0 0 0 0 0 0 0 0 128 16 0 0 1248 0 0 35840 0 0 114688 0 0 61079552 0 0 0 0 0 50331648 0 0 536870912 456 0 0 3616 0 0 126976 0 0 593920 0 0 196608 960 0 0 4096 0 0 256 0 0 4096 0 0 65536
is_linear=0
shrinkage=0.05


Tree=4
num_leaves=31
num_cat=8
split_feature=25 25 43 14 25 43 25 5 25 5 3 5 44 41 7 41 5 7 5 5 25 14 5 7 41 25 14 37 5 37
split_gain=1.46009e+06 177294 131909 44880.7 34778.4 22864.5 17945.3 13687 8394.99 7639.49 7168.65 6116.49 5406.67 3909.45 3311.65 3221.76 3096.87 3064.59 2937.72 2654.24 2388.24 2282.69 2036.35 1853.06 1722.03 1671.06 1503.61 1407.07 1402.13 1316.7
threshold=4.6983652114868173 7.3796024322509775 2.3641066551208501 1.5598948001861574 9.406776428222658 1.4553294181823733 5.8791508674621591 0 3.2905853986740117 1 3.3835405111312871 2 10.912227153778078 2.0073229074478154 1.5000000000000002 1.3101851940155032 3 1.5000000000000002 4 5 3.2575811147689824 2.4019351005554204 6 1.5000000000000002 7.1662244796752939 6.6252181529998788 2.2012782096862797 -0.59364932775497425 7 -0.87525838613510121
decision_type=2 2 2 2 2 2 2 9 2 9 2 9 2 2 2 2 9 2 9 9 2 2 9 2 2 2 2 2 9 2
left_child=2 6 5 8 11 15 10 12 28 17 22 21 -6 -7 -9 -1 25 -5 -10 -12 -11 -3 -2 -13 -16 -8 -27 -28 -4 -23
right_child=1 4 3 9 7 13 16 14 18 20 19 23 -14 -15 24 -17 -18 -19 -20 -21 -22 29 -24 -25 -26 26 27 -29 -30 -31
leaf_value=-0.1222809451671963 0.090123945384796317 0.15162286091816668 -0.046053633478841165 0.01749572152041479 0.23011157278669414 -0.089651906176534096 0.092800522791712248 0.22361932749375538 -0.04672099724589953 -0.021797612622654658 0.034989292354553801 0.15048937253923422 0.29094891325770555 -0.06864552276236939 0.14803332814861145 -0.10069103869080231 0.075564701088411845 0.064422039400295464 -0.015668224335878674 -0.011280744219944825 0.014469325390843306 0.15311348231644717 0.056263577221308973 0.11023193269842087 0.19087527604268975 0.10318869548842387 0.10528685212392939 0.15584757970216623 -0.062505572443999818 0.189010976304681
leaf_weight=48530 6007 16718 20785 5344 9919 38110 13378 4029 11190 7257 9427 4349 6214 53635 5170 27505 13076 10012 23938 4605 12084 3825 18538 9138 4825 8007 2339 3772 36893 10424
leaf_count=48530 6007 16718 20785 5344 9919 38110 13378 4029 11190 7257 9427 4349 6214 53635 5170 27505 13076 10012 23938 4605 12084 3825 18538 9138 4825 8007 2339 3772 36893 10424
internal_value=-9.78602e-06 0.124929 -0.0650699 -0.0267317 0.180225 -0.0942014 0.0727863 0.221717 -0.0448687 0.0217794 0.0483501 0.152035 0.253553 -0.0773802 0.184626 -0.114485 0.0960033 0.0480821 -0.0255883 0.0198241 0.000856814 0.164446 0.0646433 0.123224 0.168885 0.105626 0.11778 0.136699 -0.0566047 0.179489
internal_weight=449043 153760 295283 127503 74611 167780 79149 30157 92806 34697 38577 44454 16133 91745 14024 76035 40572 15356 35128 14032 19341 30967 24545 13487 9995 27496 14118 6111 57678 14249
internal_count=449043 153760 295283 127503 74611 167780 79149 30157 92806 34697 38577 44454 16133 91745 14024 76035 40572 15356 35128 14032 19341 30967 24545 13487 9995 27496 14118 6111 57678 14249
cat_boundaries=0 13 26 39 52 84 107 123 155
cat_threshold=0 0 0 16 0 0 25344 0 0 929792 0 0 196608 1023 0 0 16176 0 0 13056 0 0 2494464 0 0 46202880 488 0 0 7984 0 0 62208 0 0 991232 0 0 196608 1007 0 0 16160 0 0 127744 0 0 1658880 0 0 196608 0 0 0 0 0 0 0 0 0 3145728 0 0 16777216 0 0 922746880 0 0 201326592 1 0 2147483648 3 0 0 503 0 0 16272 0 0 49152 28 0 0 192 0 0 3072 0 0 188416 0 0 35061760 0 0 1048576 0 0 50331648 0 0 536870912 10 968 0 0 12304 0 0 256 0 0 4096 0 0 65536 0 0 1048576 56 0 0 8448 0 0 135168 0 0 204800 0 0 4653056 0 0 137363456 0 0 587202560 0 0 1879048192 16 0 0 0 0 0 3584 0 0 112640
is_linear=0
shrinkage=0.05


Tree=5
num_leaves=31
num_cat=10
split_feature=25 25 25 2 25 41 25 5 25 2 5 27 2 5 5 34 25 5 5 41 5 5 25 27 5 5 37 19 22 11
split_gain=1.31693e+06 163899 116278 34938.9 30794.3 25480.1 16970.1 11564.3 7059.66 6573.52 6448.21 5362.74 5240.48 3524.55 3225.9 3079.94 2935.93 2719.47 2679.58 2639.59 2626.93 2598.92 2507.06 2417.6 2310.7 1973.15 1904.15 1842.21 1545.84 1373.26
threshold=4.6514265537261972 7.3796024322509775 2.4788026809692387 1.0000000180025095e-35 9.5868759155273455 1.6215411424636843 5.8189976215362558 0 3.6101227998733525 1.0000000180025095e-35 1 1004.990692138672 1.0000000180025095e-35 2 3 -5.3265075683593741 8.3829712867736834 4 5 1.1051650047302248 6 7 10.923609733581545 1003.7279052734376 8 9 0.045968770980834968 1.3385249376296999 7.3828697204589853 1.4963590502738955
decision_type=2 2 2 2 2 2 2 9 2 2 9 2 2 9 9 2 2 9 9 2 9 9 2 2 9 9 2 2 2 2
left_child=2 6 5 8 10 19 9 22 25 24 16 -5 13 -7 26 -11 28 27 -17 -1 -13 -10 -6 -15 -2 -4 -8 -9 -3 -22
right_child=1 4 3 11 7 12 14 17 21 15 -12 20 -14 23 -16 18 -18 -19 -20 -21 29 -23 -24 -25 -26 -27 -28 -29 -30 -31
leaf_value=-0.11876233280719702 0.03159996409692576 0.13215967951040625 -0.0327844578709462 0.1084239110140455 0.23069660919492316 -0.058294423463364713 0.088401522354809928 0.21998696328770062 -0.0026949623704903324 0.11909885196362582 0.116264616270034 0.006621461440817893 -0.0046886293561714636 -0.063115496557025627 0.069080301088641091 0.076749351954257222 0.17127927241864271 0.14178501069999605 0.040623098709228901 -0.09993260338647432 0.026736820291947228 -0.033998953768300519 0.28458549670861744 -0.084178622064725594 -0.010858479896999949 -0.052219289942974902 0.11439001014569852 0.18213482236891421 0.17014056043727754 0.062770820325214291
leaf_weight=36705 9857 11475 19355 2073 4541 29810 16987 6101 16197 2045 12940 10620 2894 18386 13013 8556 19785 2949 13203 39142 6463 11217 5021 54645 4735 41678 12465 8123 3724 4498
leaf_count=36705 9857 11475 19355 2073 4541 29810 16987 6101 16197 2045 12940 10620 2894 18386 13013 8556 19785 2949 13203 39142 6463 11217 5021 54645 4735 41678 12465 8123 3724 4498
internal_value=7.96914e-05 0.117721 -0.0622193 -0.0221749 0.171138 -0.0869384 0.0683866 0.21418 -0.0366098 0.0442793 0.147086 0.0317925 -0.0710615 -0.0729286 0.0901683 0.0604732 0.158371 0.188833 0.0549112 -0.109059 0.0243847 -0.0155247 0.258991 -0.0788744 0.0178387 -0.0460764 0.099402 0.198374 0.141571 0.0415298
internal_weight=449203 155520 293683 112101 74659 181582 80861 26735 88447 38396 47924 23654 105735 102841 42465 23804 34984 17173 21759 75847 21581 27414 9562 73031 14592 61033 29452 14224 15199 10961
internal_count=449203 155520 293683 112101 74659 181582 80861 26735 88447 38396 47924 23654 105735 102841 42465 23804 34984 17173 21759 75847 21581 27414 9562 73031 14592 61033 29452 14224 15199 10961
cat_boundaries=0 13 26 58 71 84 100 126 158 181 213
cat_threshold=0 0 0 0 0 0 768 0 0 405504 0 0 65536 488 0 0 7984 0 0 62208 0 0 995328 0 0 196608 20 0 0 256 0 0 6144 0 0 16384 0 0 34013184 0 0 141557760 0 0 117440512 2 0 1879048192 0 0 0 128 0 0 7680 0 0 120832 1007 0 0 16160 0 0 127744 0 0 1912832 0 0 2293760 232 0 0 3888 0 0 61440 0 0 589824 0 0 12713984 1006 0 0 14352 0 0 768 0 0 4096 0 0 65536 0 0 1048576 16 0 0 64 0 0 246784 0 0 3743744 0 0 31588352 0 0 402653184 0 0 0 0 0 0 0 0 0 128 28 0 0 448 0 0 7168 0 0 253952 0 0 39780352 0 0 137363456 0 0 1124073472 0 0 805306368 8 0 0 0 0 0 0 0 0 73728 28 0 0 192 0 0 3072 0 0 188416 0 0 38207488 0 0 1048576 0 0 50331648 0 0 805306368 14 24 0 0 256 0 0 3072 0 0 253952 0 0 4653056 0 0 137363456 0 0 1660944384 0 0 805306368 0 0 0 0 0 0 0 0 0 77824
is_linear=0
shrinkage=0.05


Tree=6
num_leaves=31
num_cat=0
split_feature=42 42 42 41 14 42 42 41 0 3 42 41 44 42 34 16 27 19 34 14 34 42 19 21 27 37 34 41 0 14
split_gain=1.19101e+06 130853 121394 32420.7 28938.6 21646.4 16550.3 8019.63 5424.45 4809.43 4210.14 3944.91 3611.64 3604.63 3482.87 3449.17 4588.62 2792.77 2746.49 2561.42 2467.11 2368.06 1980.2 1794.24 1760.27 1640.75 1609.15 1471.61 1448.49 1378.42
threshold=5.0011417865753183 2.9239882230758671 7.8379023075103769 1.7457160949707033 1.6169778704643252 10.005519866943361 6.4894390106201181 3.6125018596649174 13.250000000000002 1.0000000180025095e-35 3.9867891073226933 1.2401090264320376 11.170257568359377 8.8705339431762713 -6.8625488281249991 2.171827077865601 1005.4730834960939 1.0379179120063784 -6.2445373535156241 2.2727780342102055 -1.1081237792968748 1.7739371657371523 0.76632294058799755 1.0536895394325259 1010.5043945312501 -0.12693160772323606 -1.3586730957031248 3.1969554424285893 12.250000000000002 1.0146782994270327
decision_type=2 2 2 2 2 2 2 2 2 2 2 2 2 2 2 2 2 2 2 2 2 2 2 2 2 2 2 2 2 2
left_child=1 3 6 11 10 13 9 14 -7 18 29 -1 -10 -4 22 24 -17 -9 -2 26 -20 -16 -5 -15 -6 -21 -8 -11 -18 -3
right_child=2 4 5 7 15 8 19 17 12 27 -12 -13 -14 23 21 16 28 -19 20 25 -22 -23 -24 -25 -26 -27 -28 -29 -30 -31
leaf_value=-0.11041802579028955 0.12433469793385697 -0.044505349850625625 0.13679337449840698 -0.062868606323940202 0.014782281394308875 0.17412634491346943 0.085598590332498947 -0.041732187974141716 0.21000355050358266 -0.00077786463334391645 -0.0070135051140125474 -0.088894018397299671 0.26435711206672496 0.18785691816810704 -0.085394171162228236 0.12198745441851433 0.074672491998345789 0.0078284035962607676 0.057812623750054415 0.10322359668362889 0.09531823056582632 -0.065137649222590577 -0.042845024246270957 0.15558764027637662 0.063095315459790899 0.13851155014969257 0.12170368811287464 0.040702176564665675 0.029007640040756288 -0.026060173365771835
leaf_weight=47618 2037 20938 23091 35701 18363 6120 16194 7045 8134 2708 18926 39204 5365 6603 24488 2027 2250 4756 25492 6805 5328 35876 19045 14793 2093 6821 3903 10146 7629 19741
leaf_count=47618 2037 20938 23091 35701 18363 6120 16194 7045 8134 2708 18926 39204 5365 6603 24488 2027 2250 4756 25492 6805 5328 35876 19045 14793 2093 6821 3903 10146 7629 19741
internal_value=8.06114e-05 -0.0557055 0.118885 -0.0771628 -0.00583514 0.170068 0.0775619 -0.0610469 0.213897 0.0579365 -0.0265004 -0.10071 0.231785 0.150696 -0.0650715 0.032223 0.0536118 -0.0217687 0.0680823 0.104139 0.0643252 -0.0733679 -0.0559119 0.165629 0.0197539 0.120977 0.0926675 0.0319696 0.0394731 -0.0355627
internal_weight=449240 305700 143540 213733 91967 64106 79434 126911 19619 45711 59605 86822 13499 44487 115110 32362 11906 11801 32857 33723 30820 60364 54746 21396 20456 13626 20097 12854 9879 40679
internal_count=449240 305700 143540 213733 91967 64106 79434 126911 19619 45711 59605 86822 13499 44487 115110 32362 11906 11801 32857 33723 30820 60364 54746 21396 20456 13626 20097 12854 9879 40679
is_linear=0
shrinkage=0.05


Tree=7
num_leaves=31
num_cat=11
split_feature=25 25 43 3 25 43 3 5 25 25 5 27 5 25 5 27 5 41 8 5 41 22 8 5 41 25 19 5 41 5
split_gain=1.07735e+06 141741 89454.8 30537.1 27344.5 16093.5 14624 10587.9 6941.66 6195.18 4933.41 4587.57 4271.46 3639.01 3148.62 2951.8 3157.3 2782.84 2666.14 2650.19 2103.79 1974.74 1708.98 1617.67 1611.51 1572.81 1560.42 1544.31 1548.71 1511.54
threshold=4.5560247898101816 7.3075726032257089 2.3097196817398076 1.0000000180025095e-35 9.406776428222658 1.4364899992942812 3.3835405111312871 0 3.2575811147689824 6.178438901901246 1 1004.246795654297 2 10.546394348144533 3 1004.1790466308595 4 2.2304687500000004 5 6 1.1500461697578432 4.7507286071777353 7 8 3.0434548854827885 8.4637999534606951 1.1370736956596377 9 6.9073708057403573 10
decision_type=2 2 2 2 2 2 2 9 2 2 9 2 9 2 9 2 9 2 1 9 2 2 1 9 2 2 2 9 2 9
left_child=2 6 5 11 10 20 9 13 24 15 21 -4 -8 -6 -13 -2 -17 -7 -9 -10 -1 25 -12 -23 -5 -3 -16 28 -11 -26
right_child=1 4 3 8 7 17 12 18 19 27 22 14 -14 -15 26 16 -18 -19 -20 -21 -22 23 -24 -25 29 -27 -28 -29 -30 -31
leaf_value=-0.10708554702727474 0.11675518130711347 0.11853902762266588 0.095529403738551788 -0.052396883024470264 0.19324668619404428 -0.07496232908373994 0.038788883918269401 0.14426402223536555 -0.040360740062946932 0.13742004440658315 0.091927265601097652 0.00076182775304112563 -0.0091238469439623004 0.24212256781481095 0.013896150481799527 0.073994742302063071 0.041577062465007419 -0.056895192745402307 0.19332162457700475 -0.012210346082090361 -0.090120453048457172 0.18494311701008329 0.13000794497132953 0.14150550513339005 -0.049857723522401975 0.14614421341581393 0.054287186354942056 0.08222925321795424 0.090843017647235111 -0.018786626620476185
leaf_weight=38792 2004 11553 2061 48656 7616 50933 15842 10019 12216 3089 9474 12321 6578 8443 3937 12388 19558 37047 4018 26548 35767 4028 4423 6797 7668 10074 6115 18645 4521 8104
leaf_count=38792 2004 11553 2061 48656 7616 50933 15842 10019 12216 3089 9474 12321 6578 8443 3937 12388 19558 37047 4018 26548 35767 4028 4423 6797 7668 10074 6115 18645 4521 8104
internal_value=6.7378e-05 0.104641 -0.0572623 -0.0259295 0.153708 -0.0818617 0.0592318 0.190855 -0.03783 0.0720676 0.129551 0.024325 0.0247468 0.218942 0.0177259 0.057929 0.0542034 -0.0673619 0.158321 -0.0211033 -0.0989603 0.140357 0.104057 0.158126 -0.0478891 0.131459 0.0384588 0.0903211 0.109761 -0.0339582
internal_weight=449235 159070 290165 127626 76445 162539 82625 30096 103192 60205 46349 24434 22420 16059 22373 33950 31946 87980 14037 38764 74559 32452 13897 10825 64428 21627 10052 26255 7610 15772
internal_count=449235 159070 290165 127626 76445 162539 82625 30096 103192 60205 46349 24434 22420 16059 22373 33950 31946 87980 14037 38764 74559 32452 13897 10825 64428 21627 10052 26255 7610 15772
cat_boundaries=0 13 26 48 74 90 91 123 124 137 150 182
cat_threshold=0 0 0 16 0 0 25344 0 0 929792 0 0 196608 488 0 0 7984 0 0 62208 0 0 995328 0 0 65536 24 0 0 192 0 0 3072 0 0 188416 0 0 34013184 0 0 1048576 0 0 50331648 0 0 805306368 16 0 0 64 0 0 246784 0 0 4005888 0 0 31588352 0 0 402653184 0 0 0 0 0 0 0 0 0 128 974 0 0 12304 0 0 66304 0 0 4096 0 0 65536 0 0 1048576 2 0 0 0 0 0 0 0 0 0 3145728 0 0 18874368 0 0 117440512 0 0 469762048 1 0 2147483648 3 0 0 503 0 0 16272 0 0 49152 2 0 0 0 3088 0 0 57344 0 0 471040 0 0 65536 456 0 0 1024 0 0 123136 0 0 593920 0 0 196608 0 0 0 192 0 0 7168 0 0 122880 0 0 51314688 0 0 601882624 0 0 872415232 0 0 0 14 0 0 113 0 0 0 0 0 16384
is_linear=0
shrinkage=0.05


Tree=8
num_leaves=31
num_cat=0
split_feature=2 32 41 18 41 27 41 32 38 32 38 38 14 27 10 0 18 41 10 14 28 37 18 41 10 32 37 18 32 37
split_gain=955413 108458 75340.6 22581.4 22012 17719.7 14268 13458.3 9759.27 8704.26 7560.12 4529.7 4329.6 4234.75 3695.35 3534.62 2925.71 2735.21 2442.74 2380.96 2334.01 2218.83 2182.85 2056.79 2005.98 1961.01 1784.88 1681.94 1467.92 1449.18
threshold=1.0000000180025095e-35 705.27316284179699 2.338972926139832 2.1325036287307744 3.3908559083938603 1003.2397460937501 1.4647249579429629 562.45770263671886 0.6854076385498048 899.50790405273449 0.61125004291534435 0.44366729259490972 2.3824938535690312 1004.3148498535157 1.5121245980262759 11.250000000000002 1.1239244937896731 6.134021759033204 3.2559273242950444 2.4019351005554204 1002.553436279297 0.29104053974151617 1.3236545920372011 6.0971632003784189 2.729662418365479 435.33259582519537 0.20686060190200808 1.1382153034210207 839.54611206054699 -0.77474111318588246
decision_type=2 2 2 2 2 2 2 2 2 2 2 2 2 2 2 2 2 2 2 2 2 2 2 2 2 2 2 2 2 2
left_child=2 5 6 12 10 19 -1 15 20 14 25 21 17 -8 -5 -7 -12 -3 26 -2 -6 -9 -14 -13 -24 -4 -17 -10 -19 -16
right_child=1 3 4 9 8 7 13 11 27 -11 16 23 22 -15 29 18 -18 28 -20 -21 -22 -23 24 -25 -26 -27 -28 -29 -30 -31
leaf_value=-0.095772689156811197 0.098763204834727933 0.084688358047660423 -0.061042429346912258 0.11197650885030004 0.0035315244493626095 0.058910045464627914 -0.04864256038167776 0.052173201801287761 0.01329624903105329 0.21172807435549668 -0.026706227572971076 0.081047422649175527 0.098551898207527036 -0.072212498364677177 0.13594651285648204 0.0071560284834963801 0.01184995358213891 0.1070559736255957 0.071441477601145748 0.16685661801744389 -0.027018111329609559 0.080005742057250528 0.15977025871110928 0.12300876837552809 0.11827518335891173 -0.042769921660487951 0.037671159143505474 0.04968615165310427 0.13461441644651159 0.17764295019333542
leaf_weight=64985 2019 8393 21302 3980 10855 7783 27552 22173 4781 11404 18150 8199 2709 62552 2927 16927 6742 11773 2144 3835 14728 10670 10730 4651 4230 47931 6678 9500 8730 9536
leaf_count=64985 2019 8393 21302 3980 10855 7783 27552 22173 4781 11404 18150 8199 2709 62552 2927 16927 6742 11773 2144 3835 14728 10670 10730 4651 4230 47931 6678 9500 8730 9536
internal_value=1.9858e-05 0.0982567 -0.0541812 0.142344 -0.0267162 0.0596852 -0.0779063 0.0534688 0.0044238 0.177999 -0.0399038 0.0711218 0.120987 -0.0650115 0.154491 0.0293995 -0.0162627 0.10896 0.0204601 0.14358 -0.0140594 0.061237 0.140584 0.096319 0.148124 -0.0484001 0.0158012 0.0375214 0.11885 0.167967
internal_weight=448569 159491 289078 74412 133989 85079 155089 79225 39864 27847 94125 45693 46565 90104 16443 33532 24892 28896 25749 5854 25583 32843 17669 12850 14960 69233 23605 14281 20503 12463
internal_count=448569 159491 289078 74412 133989 85079 155089 79225 39864 27847 94125 45693 46565 90104 16443 33532 24892 28896 25749 5854 25583 32843 17669 12850 14960 69233 23605 14281 20503 12463
is_linear=0
shrinkage=0.05


Tree=9
num_leaves=31
num_cat=10
split_feature=42 42 42 42 14 42 42 5 5 16 15 5 21 5 5 5 42 7 34 14 5 5 5 34 7 42 10 14 42 5
split_gain=879805 97253.2 89874.4 24193.8 20173.5 16074.7 13478.8 5780.25 5491.13 5175.43 4688.01 4422.93 3355.2 3229.6 2658.81 2536.43 2458.33 2442.81 2330.14 1978.23 1965.77 1890.98 1757.56 1558.78 1511.18 1471.13 1436.96 1408.95 1345.01 1294.24
threshold=5.0011417865753183 2.9811321496963505 8.1554317474365252 1.6186456680297854 1.5598948001861574 6.6252181529998788 10.390402793884279 0 1 1.9224823713302615 0.64990273118019115 2 1.2652455568313601 3 4 5 9.2198014259338397 1.5000000000000002 -5.6061096191406241 2.2727780342102055 6 7 8 -8.9054260253906232 2.5000000000000004 4.030797243118287 2.9200894832611088 1.078050494194031 1.0760812163352969 9
decision_type=2 2 2 2 2 2 2 9 9 2 2 9 2 9 9 9 2 2 2 2 9 9 9 2 2 2 2 2 2 9
left_child=1 3 5 10 13 11 8 -8 16 14 28 22 -6 25 -5 19 -4 -10 -14 -7 -20 -13 -2 27 -9 -3 -22 -16 -1 -11
right_child=2 4 6 9 12 15 7 24 17 29 -12 21 18 -15 23 -17 -18 -19 20 -21 26 -23 -24 -25 -26 -27 -28 -29 -30 -31
leaf_value=-0.097400723297542513 0.084075693512130678 -0.018387546436263748 0.1340148723685623 -0.062581253480470639 0.011672902802557769 0.091222815546474573 0.22592247746343197 0.17983176424974218 0.14139951612323012 -0.024134187401344123 -0.067391373441755775 0.039143093645267843 0.088601279102260011 -0.032029550471599208 -0.043721765117645237 0.074517279368266784 0.16284756904438169 0.092513448835538595 0.073879998626225934 0.11926320651866314 0.01707767774545204 -0.0028897743086493859 0.055926239495341007 -0.051542518515101034 0.13156053377837382 0.0087703144992578291 0.063729398016882668 -0.016425866362579075 -0.083359883194813453 0.031505903747393919
leaf_weight=37775 7476 11738 15426 40756 18171 14637 7109 4172 3775 2011 30547 14749 2385 34068 15977 11220 15186 8336 2618 11440 8988 3273 23667 48632 2944 8656 2016 6737 32502 2134
leaf_count=37775 7476 11738 15426 40756 18171 14637 7109 4172 3775 2011 30547 14749 2385 34068 15977 11220 15186 8336 2618 11440 8988 3273 23667 48632 2944 8656 2016 6737 32502 2134
internal_value=7.86218e-05 -0.0478521 0.10225 -0.0658725 -0.00371952 0.0701131 0.151022 0.193276 0.136911 -0.0503187 -0.0837987 0.0513176 0.0263865 -0.0226141 -0.0523472 0.094869 0.148318 0.107766 0.0430715 0.103525 0.0350408 0.0315147 0.0627332 -0.0464778 0.15985 -0.00685869 0.0256514 -0.0356366 -0.0909198 0.00453602
internal_weight=449121 305711 143410 217071 88640 86462 56948 14225 42723 116247 100824 49165 34178 54462 112102 37297 30612 12111 16007 26077 13622 18022 31143 71346 7116 20394 11004 22714 70277 4145
internal_count=449121 305711 143410 217071 88640 86462 56948 14225 42723 116247 100824 49165 34178 54462 112102 37297 30612 12111 16007 26077 13622 18022 31143 71346 7116 20394 11004 22714 70277 4145
cat_boundaries=0 13 26 39 71 100 113 126 148 161 190
cat_threshold=0 0 0 0 0 0 768 0 0 405504 0 0 196608 232 0 0 3632 0 0 62208 0 0 995328 0 0 196608 1023 0 0 12560 0 0 227072 0 0 1863680 0 0 6488064 831 0 0 8640 0 0 138240 0 0 122880 0 0 720896 0 0 3145728 0 0 1124073472 0 0 536870912 0 0 0 0 0 0 0 0 0 12544 0 0 0 0 0 0 32768 0 0 2621440 0 0 19922944 0 0 855638016 0 0 2147483648 3 0 2147483648 63 0 0 892 0 0 496 1001 0 0 16176 0 0 127488 0 0 995328 0 0 2293760 967 0 0 304 0 0 256 0 0 4096 0 0 65536 0 0 0 3808 0 0 34816 0 0 229376 0 0 60030976 0 0 1048576 0 0 50331648 0 0 1610612736 968 0 0 4096 0 0 256 0 0 4096 0 0 65536 0 0 0 0 0 0 107520 0 0 1073152 0 0 19005440 0 0 148897792 0 0 1711276032 0 0 0 0 0 0 0 0 0 8192
is_linear=0
shrinkage=0.05


Tree=10
num_leaves=31
num_cat=9
split_feature=25 25 25 14 25 43 25 5 5 5 21 25 21 25 5 7 14 5 2 5 5 5 43 7 37 16 28 5 25 25
split_gain=794193 105112 66833.2 20886.3 19971.3 13071.6 11210.6 8245.12 4150.76 4134.39 3718.12 3558.03 3317.31 2910.85 2747.09 2575.46 2030.25 1975.36 1740.07 1640.07 1611.69 1419.12 1370.3 1356.01 1284.35 1258.58 1254.82 1242.56 1212.83 1148.32
threshold=4.5560247898101816 7.3075726032257089 2.3295167684555058 1.5598948001861574 9.406776428222658 1.3842030167579653 5.6492080688476571 0 1 2 1.2979725599288943 3.5704327821731572 0.79416272044181835 11.463391780853273 3 2.5000000000000004 2.442704558372498 4 1.0000000180025095e-35 5 6 7 0.99996235966682445 2.5000000000000004 -0.76006174087524403 2.5208816528320317 1002.2578125000001 8 3.5704327821731572 6.6252181529998788
decision_type=2 2 2 2 2 2 2 9 9 9 2 2 2 2 9 2 2 9 2 9 9 9 2 2 2 2 2 9 2 2
left_child=2 6 5 11 8 22 9 13 16 -2 28 27 -7 -6 25 -9 -3 -11 26 29 -12 -13 -1 -10 -18 -8 -14 -4 -5 -16
right_child=1 4 3 10 7 12 14 15 23 17 20 21 18 -15 19 -17 24 -19 -20 -21 -22 -23 -24 -25 -26 -27 -28 -29 -30 -31
leaf_value=-0.093990444402370199 0.04601355135084946 0.10991812578759666 -0.048119309451609832 -0.014582790596308813 0.17589768801251676 -0.064067769825977783 0.079036157536580928 0.15210826326261742 0.099441960122083062 -0.032535494619482151 0.020252606553943758 -0.034925553172035328 -0.032877353063875313 0.22600359419561014 0.055152931042654042 0.10737888098427283 0.11255211518791552 0.01877200895893533 0.00029811860734058168 0.031311663068046079 0.05625273515712708 -0.0079006187867587223 -0.079699377792867135 0.066127324774021654 0.14567496311797118 0.12076069181407229 -0.054922027139932307 -0.033683454924340488 0.012044025564988292 0.076606748261260058
leaf_weight=31606 19567 17968 22920 7703 11973 69256 12558 8726 9104 2120 7316 6901 9800 4064 16050 5318 4481 15302 2037 4735 5465 16392 37414 4744 9934 2158 19269 44343 9589 10425
leaf_count=31606 19567 17968 22920 7703 11973 69256 12558 8726 9104 2120 7316 6901 9800 4064 16050 5318 4481 15302 2037 4735 5465 16392 37414 4744 9934 2158 19269 44343 9589 10425
internal_value=1.49324e-05 0.0897326 -0.0492448 -0.0208 0.132076 -0.0695 0.0507499 0.163818 0.111392 0.0302513 0.0152994 -0.0327887 -0.0579691 0.188611 0.0672494 0.135163 0.12129 0.0124985 -0.0443745 0.0587267 0.0357376 -0.0159372 -0.0862563 0.0880216 0.135464 0.0851748 -0.047504 -0.0386211 0.000181108 0.0636025
internal_weight=449238 159227 290011 120629 76312 169382 82915 30081 46231 36989 30073 90556 100362 16037 45926 14044 32383 17422 31106 31210 12781 23293 69020 13848 14415 14716 29069 67263 17292 26475
internal_count=449238 159227 290011 120629 76312 169382 82915 30081 46231 36989 30073 90556 100362 16037 45926 14044 32383 17422 31106 31210 12781 23293 69020 13848 14415 14716 29069 67263 17292 26475
cat_boundaries=0 13 26 42 55 87 106 125 157 189
cat_threshold=0 0 0 16 0 0 25344 0 0 929792 0 0 196608 488 0 0 7984 0 0 127488 0 0 991232 0 0 196608 1023 0 0 14640 0 0 162560 0 0 929792 0 0 12648448 0 0 1048576 968 0 0 4608 0 0 123136 0 0 1576960 0 0 196608 0 0 0 0 0 0 0 0 0 0 0 0 0 0 0 394264576 0 0 1006632960 0 0 2147483648 0 0 0 131 0 0 15872 0 0 20480 55 0 0 11632 0 0 138752 0 0 352256 0 0 23330816 0 0 1048576 0 0 16777216 32 0 0 1536 0 0 254464 0 0 1581056 0 0 16908288 0 0 1048576 0 0 50331648 0 0 0 0 0 0 0 0 0 3276800 0 0 16777216 0 0 117440512 0 0 469762048 1 0 2147483648 1 0 0 439 0 0 16272 0 0 114688 0 0 0 0 0 0 0 0 0 3178496 0 0 16777216 0 0 830472192 0 0 134217728 3 0 2147483648 47 0 0 1020 0 0 12720 0 0 16384
is_linear=0
shrinkage=0.05


Tree=11
num_leaves=31
num_cat=10
split_feature=25 25 25 43 2 25 5 44 41 34 5 5 8 41 5 10 5 5 5 10 22 25 34 1 10 34 41 5 25 5
split_gain=717429 87959.4 67165.7 22921.1 17240.8 12884.1 9915.87 6078.25 5105.17 4221.52 3701.64 3485.26 3389.3 3197.36 2843.12 2505.9 2356.41 2198.09 2118.75 1915.55 1818.04 1809.68 1770.34 1699.22 1690.82 1613.74 1598.8 1538.17 1538.01 1422.34
threshold=5.1569552421569833 3.0397484302520756 8.3829712867736834 1.6875595450401308 1.0000000180025095e-35 6.8177144527435312 0 10.526090621948244 3.2266620397567753 -6.8625488281249991 1 2 3 1.3539555072784426 4 2.8625578880310063 5 6 7 3.1693751811981206 8.0609321594238299 4.071580410003663 -1.1081237792968748 71.750000000000014 2.9754739999771123 -5.3265075683593741 2.0697479248046879 8 9.0391550064086932 9
decision_type=2 2 2 2 2 2 9 2 2 2 9 9 1 2 9 2 9 9 9 2 2 2 2 2 2 2 2 9 2 9
left_child=1 3 5 13 10 11 7 28 26 -6 21 22 -8 -1 -10 17 20 -14 -11 -20 -7 -3 24 -9 25 -2 -5 -27 -4 -13
right_child=2 4 6 8 9 16 12 23 14 18 -12 29 15 -15 -16 -17 -18 -19 19 -21 -22 -23 -24 -25 -26 27 -28 -29 -30 -31
leaf_value=-0.085162503739541248 0.082947593959655883 -0.014954766501311171 0.11989160396888704 -0.058064269404034696 0.10011242935722185 0.091160041565176431 0.14577135663534155 0.21842424756886741 -0.039579905933040505 0.04960448870349185 -0.029458774338449636 0.038639242232547777 0.13171955567123869 -0.067097768384541775 -0.00063157308603673619 0.070323087982220533 0.071777989977191176 0.09046781041040082 0.011833300487806377 0.056869872979276509 0.12262704850684908 0.0088857925011712174 0.089661645774708199 0.1715530547395703 0.095225971964058756 0.022958531650381659 -0.044632290131717982 0.054694563011145107 0.15476262424376008 -0.0054625118680629537
leaf_weight=54108 3595 18303 4635 32737 2003 18786 8043 4668 9561 6734 27839 16119 8976 45347 9182 3843 12331 5619 18893 2690 6238 14071 4703 3837 2519 5229 69762 14891 11814 2064
leaf_count=54108 3595 18303 4635 32737 2003 18786 8043 4668 9561 6734 27839 16119 8976 45347 9182 3843 12331 5619 18893 2690 6238 14071 4703 3837 2519 5229 69762 14891 11814 2064
internal_value=-5.1222e-05 -0.0421166 0.0948765 -0.0591405 -0.000614616 0.0679523 0.140121 0.162912 -0.0445398 0.0301282 -0.0160975 0.0511033 0.118484 -0.0769334 -0.0205315 0.106573 0.0900883 0.116063 0.0251443 0.0174621 0.0990105 -0.00459177 0.0613266 0.197505 0.0562381 0.0520584 -0.0489276 0.0465007 0.145015 0.0336326
internal_weight=449140 311230 137910 220697 90533 86475 51435 24954 121242 30320 60213 49120 26481 99455 18743 18438 37355 14595 28317 21583 25024 32374 30937 8505 26234 23715 102499 20120 16449 18183
internal_count=449140 311230 137910 220697 90533 86475 51435 24954 121242 30320 60213 49120 26481 99455 18743 18438 37355 14595 28317 21583 25024 32374 30937 8505 26234 23715 102499 20120 16449 18183
cat_boundaries=0 13 45 58 59 91 104 117 133 146 168
cat_threshold=64 0 0 16 0 0 25344 0 0 929792 0 0 196608 28 0 0 448 0 0 7168 0 0 122880 0 0 6225920 0 0 137363456 0 0 1124073472 0 0 805306368 24 0 0 0 0 0 0 0 0 77824 1006 0 0 13072 0 0 259840 0 0 1863680 0 0 6488064 4 0 0 0 128 0 0 101376 0 0 1171456 0 0 34471936 0 0 853540864 0 0 1879048192 0 0 0 10 0 0 209 0 0 2560 0 0 32768 1001 0 0 7984 0 0 126976 0 0 995328 0 0 196608 168 0 0 3872 0 0 36864 0 0 0 0 0 8388608 974 0 0 8496 0 0 256 0 0 4096 0 0 65536 0 0 1048576 0 0 0 512 0 0 57856 0 0 1843200 0 0 4325376 17 0 0 3296 0 0 2048 0 0 229376 0 0 58982400 0 0 137363456 0 0 50331648 0 0 1610612736
is_linear=0
shrinkage=0.05


Tree=12
num_leaves=31
num_cat=0
split_feature=2 26 43 43 44 43 26 1 34 34 26 44 27 34 27 30 43 44 16 41 10 13 10 38 41 10 30 10 44 44
split_gain=643274 90049.7 57004.8 15836.4 14599.5 12740.2 11468.3 4131.05 3657.04 3561.83 2786.74 2769.72 2501.14 2437.71 2780.45 2809.04 2251 2221.35 2177.64 2061.08 1741.07 1684.3 1571.91 2122.85 1494.86 1369.7 1346.36 1288.38 1259.16 1152.15
threshold=1.0000000180025095e-35 8.3191833496093768 2.773335456848145 1.599149286746979 10.093849182128908 4.4672977924346933 6.200876235961915 72.250000000000014 -8.5253601074218732 -5.8518066406249991 5.0236189365386972 8.5651803016662615 1003.0752258300782 -7.6067810058593741 1008.893280029297 868.81250000000011 1.1088908910751345 5.4227397441864023 1.2454962134361269 7.6299028396606454 3.0336399078369145 1.3763266801834109 2.8130500316619877 0.01542031764984131 2.2720090150833134 0.77608972787857067 1027.8125000000002 2.3064069747924809 11.502207756042482 3.5259578227996831
decision_type=2 2 2 2 2 2 2 2 2 2 2 2 2 2 2 2 2 2 2 2 2 2 2 2 2 2 2 2 2 2
left_child=2 6 3 16 8 18 9 28 -3 -2 21 -10 25 -8 22 -16 -1 -7 29 -9 26 -11 23 -15 -14 -5 27 -13 -6 -4
right_child=1 4 5 12 7 17 13 19 11 10 -12 20 24 14 15 -17 -18 -19 -20 -21 -22 -23 -24 -25 -26 -27 -28 -29 -30 -31
leaf_value=-0.082946522968644465 0.080600569270174949 0.16005093080311558 -0.034121024370733187 -0.040099309974394481 0.17037171355694819 0.0068101204148368752 0.11555447332551783 0.122330644892298 0.093884449832378161 -0.012293871318022637 0.033118978297300795 0.092823167150497085 -0.057542754786543228 0.029067897651974386 0.053505016873623717 0.089306297033066931 -0.06707469696939293 0.03824250431447504 -0.007606396033881197 0.16663895162546616 0.084001129073986519 0.02058458392550104 0.077100766701585013 0.063741810658406298 -0.04397134780338767 -0.015279693356330252 0.1308762180787004 0.13950917802181684 0.21652242430186597 -0.018077190408965129
leaf_weight=42381 2636 3241 28105 21552 3607 11947 2015 6405 27523 7538 19262 5960 41050 12497 10696 11383 48211 10614 18894 4731 3622 8040 3674 6846 40654 7513 14881 2044 3025 18661
leaf_count=42381 2636 3241 28105 21552 3607 11947 2015 6405 27523 7538 19262 5960 41050 12497 10696 11383 48211 10614 18894 4731 3622 8040 3674 6846 40654 7513 14881 2044 3025 18661
internal_value=0.000105973 0.0806925 -0.0443169 -0.0590002 0.120562 -0.0108001 0.045313 0.160207 0.108237 0.0246612 0.0204069 0.1051 -0.0463114 0.0617324 0.0593025 0.0719947 -0.0745082 0.0216081 -0.0219373 0.141287 0.116705 0.00467743 0.0471015 0.0413665 -0.0507961 -0.0336912 0.121842 0.104905 0.191716 -0.0277243
internal_weight=449208 159626 289582 201361 75039 88221 84587 17768 57271 37476 34840 54030 110769 47111 45096 22079 90592 22561 65660 11136 26507 15578 23017 19343 81704 29065 22885 8004 6632 46766
internal_count=449208 159626 289582 201361 75039 88221 84587 17768 57271 37476 34840 54030 110769 47111 45096 22079 90592 22561 65660 11136 26507 15578 23017 19343 81704 29065 22885 8004 6632 46766
is_linear=0
shrinkage=0.05


Tree=13
num_leaves=31
num_cat=0
split_feature=25 25 25 41 25 25 41 18 21 2 25 25 34 25 21 34 34 34 7 16 22 16 7 37 30 41 10 18 26 18
split_gain=587096 79225.2 48517.9 16329.9 15123.7 8669.9 8544.53 4162.15 3950.22 3602.01 2983.67 2536.16 2127.51 2051.95 1795.94 1686.55 1527.92 1503.07 1350.69 1500.19 1344.9 1493.35 1302.96 1231.5 1343.36 1198.38 1191.88 1135.39 1125.37 1085.02
threshold=4.5084037780761728 7.3075726032257089 2.1885625123977666 3.6633757352828984 9.7845506668090838 5.8189976215362558 1.5986151695251467 2.1325036287307744 1.121049225330353 1.0000000180025095e-35 8.634003162384035 3.2575811147689824 -5.5128784179687491 11.869787693023683 0.79416272044181835 -1.1603698730468748 -1.1081237792968748 -6.2445373535156241 1.5000000000000002 2.2493528127670293 7.9178810119628915 2.4695020914077763 1.5000000000000002 -1.3512659072875974 345.56250000000006 0.99780306220054638 2.9754739999771123 1.1266541481018069 5.0236189365386972 1.7534601688385012
decision_type=2 2 2 2 2 2 2 2 2 2 2 2 2 2 2 2 2 2 2 2 2 2 2 2 2 2 2 2 2 2
left_child=2 5 6 11 10 9 25 22 -5 27 23 -4 -11 -9 -8 20 26 -16 -12 -20 -7 -22 -6 -3 -25 -1 -14 -2 -10 -26
right_child=1 4 3 8 7 15 14 13 28 12 18 -13 16 -15 17 -17 -18 -19 19 -21 21 -23 -24 24 29 -27 -28 -29 -30 -31
leaf_value=-0.082433695074898117 -0.0028574828822512193 0.059210434856202192 -0.036301967108253903 -0.0078063876232120667 0.15186249309620253 0.050255749588049473 -0.055664197599293967 0.15385879764116062 0.01682089580749517 0.088574081023354317 0.1304398220333208 -0.019029937657326006 0.024822638524477882 0.20208731052357504 -0.026782577443877034 0.086789973846277443 0.062164402336809067 -0.050132389835214078 0.088499635255248316 0.11992548907527636 0.060737975530660064 0.10787474846724715 0.10588432144227022 0.062107786749618116 0.087484615907894206 -0.068978787532648952 0.06205576601121765 0.02261675987313707 0.043425668724508745 0.109768365581705
leaf_weight=26445 8523 3276 64883 16791 2188 26401 56236 12025 11398 2032 7377 31664 17412 2864 12072 5122 4356 16196 7940 7673 6736 2270 5968 3363 14409 46403 2450 8971 6113 9278
leaf_count=26445 8523 3276 64883 16791 2188 26401 56236 12025 11398 2032 7377 31664 17412 2864 12072 5122 4356 16196 7940 7673 6736 2270 5968 3363 14409 46403 2450 8971 6113 9278
internal_value=8.07807e-05 0.0766748 -0.0426114 -0.0201122 0.113561 0.0432417 -0.0613186 0.147441 0.0095195 0.0277948 0.0988925 -0.0306399 0.0395048 0.163265 -0.0504877 0.0599029 0.0353528 -0.0401737 0.112544 0.104011 0.05599 0.0727255 0.11839 0.0885095 0.0920347 -0.0738738 0.0294443 0.0102113 0.026128 0.0962556
internal_weight=448835 160634 288201 130849 76361 84273 157352 23045 34302 43744 53316 96547 26250 14889 84504 40529 24218 28268 22990 15613 35407 9006 8156 30326 27050 72848 19862 17494 17511 23687
internal_count=448835 160634 288201 130849 76361 84273 157352 23045 34302 43744 53316 96547 26250 14889 84504 40529 24218 28268 22990 15613 35407 9006 8156 30326 27050 72848 19862 17494 17511 23687
is_linear=0
shrinkage=0.05


Tree=14
num_leaves=31
num_cat=1
split_feature=25 25 25 14 25 41 25 1 14 25 13 25 8 15 34 14 41 41 1 34 15 22 34 43 10 41 28 36 19 25
split_gain=528560 69599.4 45221.1 13617.1 12540.5 9230.73 8604.47 4063.51 3536.75 2806.5 2343.4 2257.67 1949.23 1943.19 1829.08 1825.32 1900.82 1757.02 1737.99 1483.35 1410.91 1403.13 1876.28 1318.44 1246.62 1200.49 1109.37 1098.46 1059 1031.51
threshold=4.5560247898101816 7.4528100490570077 2.3516403436660771 1.5882416963577273 10.005519866943361 1.6658350825309756 6.0030784606933603 72.250000000000014 1.705507814884186 8.634003162384035 1.3124936223030093 3.652363777160645 0 1.9003815054893496 -6.8120117187499991 2.2012782096862797 6.7991237640380868 7.5818381309509286 91.250000000000014 -1.0533752441406248 0.88238638639450084 3.0169486999511723 -6.0448913574218741 1.0188496112823489 2.68965756893158 3.1176444292068486 1000.7309570312501 78.550815582275405 1.5468565225601199 3.5704327821731572
decision_type=2 2 2 2 2 2 2 2 2 2 2 2 1 2 2 2 2 2 2 2 2 2 2 2 2 2 2 2 2 2
left_child=2 6 5 11 9 23 8 24 25 -3 29 26 17 14 20 27 -17 -9 -11 21 -7 -10 -23 -1 -6 -2 -4 -8 -12 -5
right_child=1 4 3 10 7 13 15 12 19 18 28 -13 -14 -15 -16 16 -18 -19 -20 -21 -22 22 -24 -25 -26 -27 -28 -29 -30 -31
leaf_value=-0.07712168296664336 -0.010794950431387538 0.085115932378819176 -0.020936615173774622 -0.016666923291834525 0.15327271625170716 -0.048054003941170181 0.05577280705904502 0.093967494219430153 0.024262891144517108 0.11439090855796095 0.01619667333252504 -0.011801645653334497 0.15689678803423113 -0.00077327067715615737 -0.053526450446415678 0.087736250202222268 0.052809057906299722 0.14017685673202629 0.081128054323345439 0.06957897841629751 -0.029343767609463695 0.091578232254573788 0.038594014779359899 -0.063837170155248202 0.19717148498136616 0.018754510994664235 -0.034688990616513322 0.025204401165451463 0.043877031678976969 0.010448069988533789
leaf_weight=32022 4509 26769 21299 5909 3815 21368 19039 5194 13419 21565 8139 21301 3684 2320 50025 9384 6774 3558 4950 3609 19206 2038 9313 46384 3298 14375 47524 3504 6020 8599
leaf_count=32022 4509 26769 21299 5909 3815 21368 19039 5194 13419 21565 8139 21301 3684 2320 50025 9384 6774 3558 4950 3609 19206 2038 9313 46384 3298 14375 47524 3504 6020 8599
internal_value=-5.68022e-05 0.0732737 -0.0401959 -0.0164871 0.109234 -0.0566329 0.0427971 0.143527 0.0284729 0.0966281 0.0135252 -0.026034 0.126043 -0.0459616 -0.0471185 0.0602784 0.0731353 0.112892 0.108214 0.0396279 -0.0392068 0.0352377 0.0481792 -0.0692719 0.173875 0.0116969 -0.0304366 0.0510347 0.0279882 -0.000599537
internal_weight=448913 158797 290116 118791 72833 171325 85964 19549 47263 53284 28667 90124 12436 92919 90599 38701 16158 8752 26515 28379 40574 24770 11351 78406 7113 18884 68823 22543 14159 14508
internal_count=448913 158797 290116 118791 72833 171325 85964 19549 47263 53284 28667 90124 12436 92919 90599 38701 16158 8752 26515 28379 40574 24770 11351 78406 7113 18884 68823 22543 14159 14508
cat_boundaries=0 1
cat_threshold=2
is_linear=0
shrinkage=0.05


Tree=15
num_leaves=31
num_cat=12
split_feature=25 43 25 43 5 25 5 44 25 8 5 41 41 21 16 10 5 5 16 5 5 5 30 25 34 5 5 22 28 5
split_gain=477536 60994.1 43623.3 14154.3 12915.7 8379.08 7812.51 4355.31 3541.52 2708.77 2590.57 2451.95 2337.28 2131.01 2070 2748.47 2062.51 1762.78 1751.18 1548.78 1525.91 1351.32 1274.1 1198.13 1183.81 1338.47 1119.74 1013.05 995.682 1055.22
threshold=5.2168455123901376 2.8920499086380009 8.3829712867736834 1.7229495048522951 0 6.6867041587829599 1 10.705605030059816 3.9032235145568852 2 3 2.7542171478271489 1.3539555072784426 1.755146920681 2.2884960174560551 2.8625578880310063 4 5 2.494888544082642 6 7 8 345.56250000000006 3.8190922737121586 -4.6386108398437491 9 10 3.1857490539550786 1001.7196655273439 11
decision_type=2 2 2 2 9 2 9 2 2 1 9 2 2 2 2 2 9 9 2 9 9 9 2 2 2 9 9 2 2 9
left_child=1 3 5 12 13 10 7 22 -6 14 -2 28 -1 23 -8 21 18 -10 -7 27 -13 -16 -4 -3 -15 -26 -9 -12 29 -5
right_child=2 4 6 11 8 16 9 26 17 -11 19 20 -14 24 15 -17 -18 -19 -20 -21 -22 -23 -24 -25 25 -27 -28 -29 -30 -31
leaf_value=-0.06962220241524926 0.060940103410946446 0.00058395988776390243 0.084690825935911318 -0.018152570186785191 -0.023113305398840347 0.07541387876258715 0.064173686990149428 0.17965483363643736 -0.02567000838313584 0.11949187317709647 0.030700833563296233 -0.03559253444056508 -0.054476570996947207 0.080691924879858851 0.13621062418827801 0.054305443889429796 0.05874265674434942 0.0062242891216983103 0.11060659371174007 0.0078842707471107158 -0.012817270793994509 0.089975938874270162 0.1253921077864196 0.024834830745553999 0.068063930590508206 0.01687069598212845 0.13285952260890535 0.050783350856467402 -0.045039010395689402 -0.040015136308924733
leaf_weight=54399 11795 7372 2279 8206 41951 19777 7879 5249 5367 7485 16920 14879 48492 2008 3757 2564 17026 22106 4374 5026 14637 3295 16506 16470 2016 3511 2388 10064 54351 17402
leaf_count=54399 11795 7372 2279 8206 41951 19777 7879 5249 5367 7485 16920 14879 48492 2008 3757 2564 17026 22106 4374 5026 14637 3295 16506 16470 2016 3511 2388 10064 54351 17402
internal_value=3.60182e-05 -0.0339716 0.0781217 -0.0491736 -0.00194274 0.0561181 0.114482 0.133551 -0.0139742 0.0941751 0.0408798 -0.0366533 -0.0624901 0.0246703 0.0833354 0.0989528 0.0723151 -2.05841e-05 0.0817969 0.0334418 -0.0243228 0.115086 0.120502 0.0173398 0.0478443 0.0357863 0.165624 0.0381927 -0.0412014 -0.0330419
internal_weight=449551 313167 136384 212366 100801 84982 51402 26422 69424 24980 43805 109475 102891 31377 17495 9616 41177 27473 24151 32010 29516 7052 18785 23842 7535 5527 7637 26984 79959 25608
internal_count=449551 313167 136384 212366 100801 84982 51402 26422 69424 24980 43805 109475 102891 31377 17495 9616 41177 27473 24151 32010 29516 7052 18785 23842 7535 5527 7637 26984 79959 25608
cat_boundaries=0 19 32 33 46 59 91 110 139 146 156 169 201
cat_threshold=1015 0 0 16176 0 0 29440 0 0 929792 0 0 12648448 0 0 1048576 0 0 16777216 72 0 0 16 0 0 25344 0 0 929792 0 0 196608 2 972 0 0 4096 0 0 74496 0 0 1052672 0 0 65536 488 0 0 7984 0 0 126976 0 0 995328 0 0 196608 0 0 0 0 0 0 0 0 0 0 0 0 0 0 0 390070272 0 0 1006632960 1 0 2147483648 0 0 0 391 0 0 16144 0 0 20480 51 0 0 11248 0 0 187392 0 0 974848 0 0 40239104 0 0 1048576 0 0 50331648 0 0 0 128 0 0 6144 0 0 253952 0 0 4980736 0 0 589299712 0 0 2080374784 0 0 3221225472 15 0 0 240 0 0 640 160 0 0 3840 0 0 36864 960 0 0 15360 0 0 256 0 0 4096 0 0 0 0 0 0 768 0 0 405504 0 0 65536 0 0 0 0 0 0 0 0 0 65536 0 0 51249152 0 0 232783872 0 0 1929379840 0 0 536870912 16 0 0 0 0 0 512 0 0 4352
is_linear=0
shrinkage=0.05


Tree=16
num_leaves=31
num_cat=10
split_feature=42 42 42 42 41 41 2 5 34 5 19 5 5 16 7 5 42 5 44 7 42 42 5 28 7 5 5 28 5 41
split_gain=431825 62009 33951.7 13423.1 11439.1 5957.51 5727.75 5188.4 4306.31 3717.66 2983.33 2741.87 2389.33 2328.42 2326.37 1840.67 1682.11 1659.79 1532.72 1487.28 1260.36 1257.43 1206.48 1196.71 1188.46 1157.1 1130.26 1088.82 1446.6 926.862
threshold=4.4203453063964853 7.0240454673767099 2.1514565944671635 9.406776428222658 3.6633757352828984 1.5778447389602663 1.0000000180025095e-35 0 -7.9419250488281241 1 1.169618606567383 2 3 2.8623403310775761 2.5000000000000004 4 3.128981471061707 5 11.170257568359377 2.5000000000000004 8.3129215240478533 6.178438901901246 6 1000.3753051757814 1.5000000000000002 7 8 1003.4084472656251 9 0.94401296973228466
decision_type=2 2 2 2 2 2 2 9 2 9 2 9 9 2 2 9 2 9 2 2 2 2 9 2 2 9 9 2 9 2
left_child=2 6 5 9 16 29 12 18 -8 13 25 -10 -2 19 -9 -13 -4 -7 -5 20 -3 -17 -16 -19 -11 -6 -18 -12 -29 -1
right_child=1 3 4 7 10 17 8 14 11 24 27 15 -14 -15 22 21 26 23 -20 -21 -22 -23 -24 -25 -26 -27 -28 28 -30 -31
leaf_value=-0.072468283059952343 0.021692903972213483 0.079615679587521887 -0.031911482211864607 0.1355777040213352 -0.019455929997916808 -0.026447517856893882 0.1121903137474807 0.12002228019591528 0.065206950379310041 0.078613079105895059 0.051222444137146085 0.0080705164067410209 -0.015385415969700715 0.1289417934901346 0.099271430635424165 0.0317061396884534 -0.0078528402754928853 -0.033541550088030857 0.17817582988913439 0.067988587979571233 0.1018383071845443 0.050554042129030946 0.055863850005320861 -0.050035515305700419 0.046250535559109067 0.0058334520945653081 -0.025886449229532468 0.044764845438838581 0.0056764732359084469 -0.059930271095570697
leaf_weight=21413 19881 13804 62691 5517 8637 11745 2111 13207 8694 4170 2964 5788 5545 3113 5104 25166 15042 13709 3758 10874 12428 13734 2559 57531 9120 9460 20687 3341 8050 49999
leaf_count=21413 19881 13804 62691 5517 8637 11745 2111 13207 8694 4170 2964 5788 5545 3113 5104 25166 15042 13709 3758 10874 12428 13734 2559 57531 9120 9460 20687 3341 8050 49999
internal_value=-1.70908e-05 0.064478 -0.0372255 0.094662 -0.0184878 -0.0531061 0.033266 0.121366 0.0422696 0.0795983 0.00725373 0.0394841 0.0136063 0.0872077 0.107184 0.034444 -0.0269754 -0.0439834 0.152846 0.0836961 0.0901789 0.038362 0.0850697 -0.0468601 0.056414 -0.0062478 -0.018308 0.0242673 0.0172146 -0.0636994
internal_weight=449842 164573 285269 83654 130872 154397 80919 30145 55493 53509 32452 53382 25426 40219 20870 44688 98420 82985 9275 37106 26232 38900 7663 71240 13290 18097 35729 14355 11391 71412
internal_count=449842 164573 285269 83654 130872 154397 80919 30145 55493 53509 32452 53382 25426 40219 20870 44688 98420 82985 9275 37106 26232 38900 7663 71240 13290 18097 35729 14355 11391 71412
cat_boundaries=0 13 26 42 68 84 116 129 161 193 206
cat_threshold=0 0 0 0 0 0 768 0 0 274432 0 0 65536 489 0 0 7984 0 0 127744 0 0 995328 0 0 196608 968 0 0 0 0 0 256 0 0 4096 0 0 0 0 0 1048576 24 0 0 192 0 0 3072 0 0 188416 0 0 41811968 0 0 3145728 0 0 3271557120 0 0 1879048192 14 0 0 192 0 0 0 0 0 0 1024 0 0 3014656 0 0 25165824 0 0 402653184 548 0 0 6144 0 0 252416 0 0 786432 0 0 42008576 0 0 137363456 0 0 50331648 0 0 536870912 0 0 0 0 0 0 7744 0 0 118784 104 0 0 1840 0 0 61440 0 0 655360 0 0 4325376 0 0 0 2176 0 0 216064 0 0 1699840 0 0 19726336 0 0 812646400 0 0 536870912 0 0 0 0 0 0 130 0 0 768 0 0 32768 8 0 0 448 0 0 7168 0 0 1171456 0 0 52363264 0 0 540016640 0 0 587202560 0 0 268435456 28 0 0 0 0 0 0 0 0 10496 967 0 0 15712 0 0 4352 0 0 4096 0 0 65536
is_linear=0
shrinkage=0.05


Tree=17
num_leaves=31
num_cat=10
split_feature=2 44 44 44 41 44 34 5 5 5 5 30 14 44 5 34 14 41 16 5 33 32 5 14 28 5 5 16 5 34
split_gain=388633 52302.7 33927.7 10098.4 8389.35 7948.99 5401.99 7003.96 4167.14 3723.19 2734.8 2627.51 2427.83 2118.77 2095.34 2063.18 1991.27 1809.17 1652.29 1528.56 1476.41 1368.09 1329.53 1250.66 1191.39 1248.66 1087.76 1079.18 1047.84 989.91
threshold=1.0000000180025095e-35 7.1862497329711923 2.6201654672622685 10.229543685913088 1.9427847266197207 4.4856078624725351 -7.0163879394531241 0 1 2 3 345.56250000000006 2.462863683700562 4.3051488399505624 4 -6.3462219238281241 1.0237618684768679 1.2643865942955019 2.7355540990829472 5 18.197184562683109 654.23895263671886 6 2.0947510004043584 1001.7196655273439 7 8 2.5208816528320317 9 -8.1139831542968732
decision_type=2 2 2 2 2 2 2 9 9 9 9 2 2 2 9 2 2 2 2 9 2 2 9 2 2 9 9 2 9 2
left_child=2 6 4 9 17 16 12 13 -5 11 -7 -3 -2 18 -9 22 -4 -1 -8 -17 28 -16 -6 -23 -18 -26 27 -15 -13 -11
right_child=1 3 5 8 15 10 7 14 -10 29 -12 20 -14 26 21 19 24 -19 -20 -21 -22 23 -24 -25 25 -27 -28 -29 -30 -31
leaf_value=-0.063560443025978672 0.047603673693227488 0.056250545622479747 -0.027549550303144727 0.15091548611851555 -0.01212872046095527 0.021356310550331842 -0.014177960282641296 0.062398378244759925 0.098424044494040824 0.10153321124438108 -0.018831226857325759 0.12426988040326421 0.12199541768491839 0.025942976089644128 0.031400722893878526 -0.052633863883515 -0.0011194693516675726 -0.050206343895903872 0.027265103285666843 -0.03391448422944425 0.087202103992874841 0.038136560886524146 -0.032705933666713913 0.071087652614106323 -0.039412699045815056 -0.011765966091273119 0.0081511642413326195 0.066147028324265472 0.096925690986144286 0.064898250815998995
leaf_weight=49334 2019 4253 36537 8855 10373 20378 9091 11309 7125 2037 5327 7030 2445 7933 26303 21783 16556 52943 3259 22446 15621 6996 32995 4951 5529 15656 6517 2115 9118 22783
leaf_count=49334 2019 4253 36537 8855 10373 20378 9091 11309 7125 2037 5327 7030 2445 7933 26303 21783 16556 52943 3259 22446 15621 6996 32995 4951 5529 15656 6517 2115 9118 22783
internal_value=-9.01771e-07 0.0626115 -0.0345119 0.0923358 -0.0469247 -0.0109368 0.0350714 0.0320195 0.127743 0.0830166 0.0130249 0.0933539 0.0885308 0.0124419 0.0434258 -0.0355604 -0.0192298 -0.0566534 -0.00322848 -0.0431632 0.0983312 0.0377867 -0.0277984 0.05184 -0.0111703 -0.0190207 0.0241274 0.0344286 0.109036 0.0679172
internal_weight=449617 159760 289857 76822 189874 99983 82938 78474 15980 60842 25705 36022 4464 28915 49559 87597 74278 102277 12350 44229 31769 38250 43368 11947 37741 21185 16565 10048 16148 24820
internal_count=449617 159760 289857 76822 189874 99983 82938 78474 15980 60842 25705 36022 4464 28915 49559 87597 74278 102277 12350 44229 31769 38250 43368 11947 37741 21185 16565 10048 16148 24820
cat_boundaries=0 26 39 52 78 94 120 152 184 197 210
cat_threshold=16 0 0 64 0 0 115712 0 0 4136960 0 0 31588352 0 0 402653184 0 0 0 0 0 0 0 0 0 128 0 0 0 16 0 0 768 0 0 929792 0 0 12648448 232 0 0 3600 0 0 62208 0 0 471040 0 0 196608 28 0 0 192 0 0 3072 0 0 188416 0 0 39190528 0 0 137363456 0 0 3271557120 0 0 1879048192 14 0 0 80 968 0 0 0 0 0 256 0 0 4096 0 0 0 0 0 1048576 0 0 0 0 0 0 0 0 0 1253376 0 0 24772608 0 0 534773760 0 0 4160749568 1 0 0 14 0 0 608 0 0 0 0 0 0 6144 0 0 2277376 0 0 51314688 0 0 204472320 0 0 50331648 0 0 536870912 0 0 0 0 0 0 3584 0 0 102400 0 0 0 0 0 0 0 0 0 1179648 0 0 18350080 0 0 532676608 0 0 4160749568 0 0 2147483648 3 0 0 112 0 0 4096 0 0 16640 16 0 0 64 0 0 114688 0 0 1056768 0 0 131072 0 0 0 1024 0 0 25344 0 0 405504 0 0 196608
is_linear=0
shrinkage=0.05


Tree=18
num_leaves=31
num_cat=1
split_feature=25 41 25 25 25 21 25 25 25 41 0 10 1 10 0 27 3 7 1 34 14 22 34 0 30 8 0 41 10 14
split_gain=354285 45198.5 32048 13945 6071.14 6059.34 5388.88 2998.31 2560.35 2509.05 2289.48 2030.95 1907.62 1525.04 1827.39 2068.21 2781.53 1505.33 1492.05 1481.33 1468.03 1397.82 1365.75 1260.74 1110.37 1065.45 988.478 951.599 939.218 939.557
threshold=5.2168455123901376 3.1969554424285893 8.3829712867736834 1.8275858759880068 6.7548828125000009 1.121049225330353 10.546394348144533 3.8190922737121586 3.098302006721497 1.3769506216049197 11.750000000000002 2.8625578880310063 90.750000000000014 2.8625578880310063 11.750000000000002 1004.726043701172 3.3835405111312871 2.5000000000000004 71.750000000000014 -1.0533752441406248 2.442704558372498 11.08217239379883 -1.3586730957031248 23.250000000000004 352.56250000000006 0 13.750000000000002 3.2266620397567753 3.3471103906631474 2.1446650028228764
decision_type=2 2 2 2 2 2 2 2 2 2 2 2 2 2 2 2 2 2 2 2 2 2 2 2 2 1 2 2 2 2
left_child=1 3 4 9 11 7 12 -3 -5 -1 -8 19 24 14 -7 16 -16 -14 -12 27 22 26 25 -10 -4 -6 -22 -2 29 -26
right_child=2 5 6 8 20 13 10 -9 23 -11 18 -13 17 -15 15 -17 -18 -19 -20 -21 21 -23 -24 -25 28 -27 -28 -29 -30 -31
leaf_value=-0.059726641077503057 -0.0035959489359837777 -0.019069753509486084 0.063284284533041774 -0.032603568623886185 0.066354729462772377 0.041319915984707606 0.080807455170334649 0.0073531626232298704 -0.0053619970418796806 -0.045130000392446412 0.157447057231484 0.070436833010759259 0.083415604421296141 0.049760906368993524 0.078601417024075193 -0.00011712857108557695 0.0093794195079213577 0.038500592503496994 0.11826513012245228 0.059390371572433223 0.080069932333678845 0.10149893180076985 0.080494568730810012 -0.024444065053106201 0.086887401593187738 0.042676250237533256 0.046461152530978531 0.031353944093084639 0.066926495248172291 0.10748432202124814
leaf_weight=55959 2060 24214 2611 84061 7188 6070 2249 19275 14669 62670 4899 3912 5350 4136 2247 14681 4074 2905 5306 4641 5142 3960 4685 21131 8678 14366 3909 35081 2338 17217
leaf_count=55959 2060 24214 2611 84061 7188 6070 2249 19275 14669 62670 4899 3912 5350 4136 2247 14681 4074 2905 5306 4641 5142 3960 4685 21131 8678 14366 3909 35081 2338 17217
internal_value=6.26881e-05 -0.0292362 0.0672851 -0.0398662 0.0484013 0.00470347 0.0983846 -0.00735971 -0.027834 -0.0520199 0.127098 0.0359985 0.0892086 0.0215107 0.017178 0.0101841 0.0340719 0.0676754 0.13721 0.032758 0.0628275 0.076611 0.0559662 -0.0166289 0.0949479 0.0505998 0.0656221 0.029415 0.0978527 0.100618
internal_weight=449684 313187 136497 238490 84944 74697 51553 43489 119861 118629 12454 45694 39099 31208 27072 21002 6321 8255 10205 41782 39250 13011 26239 35800 30844 21554 9051 37141 28233 25895
internal_count=449684 313187 136497 238490 84944 74697 51553 43489 119861 118629 12454 45694 39099 31208 27072 21002 6321 8255 10205 41782 39250 13011 26239 35800 30844 21554 9051 37141 28233 25895
cat_boundaries=0 1
cat_threshold=4
is_linear=0
shrinkage=0.05


Tree=19
num_leaves=31
num_cat=9
split_feature=25 25 25 14 43 5 25 25 5 5 7 5 5 37 5 27 16 37 5 37 7 14 27 43 34 16 5 5 1 16
split_gain=319754 41724.2 28129 11356 7906.17 5718.53 5132.48 2904.53 2276.16 2229.74 2098.48 1958.75 1940.13 1900.59 2096.26 1804.11 1353.17 1423.97 1169.9 1124.77 1105.1 1096.73 1077.36 1028.63 1026.38 1018.36 1013.16 978.063 971.387 935.856
threshold=5.2714965343475351 2.6639209985733037 8.3829712867736834 1.6169778704643252 1.5274005532264712 0 6.8177144527435312 11.147492885589601 1 2 2.5000000000000004 3 4 -1.2200909852981565 5 1005.5245971679689 2.3523837327957158 -0.30857610702514643 6 -0.016938447952270504 2.5000000000000004 2.2012782096862797 1003.0752258300782 0.98239669203758251 -8.0574951171874982 1.776015102863312 7 8 71.250000000000014 2.8135528564453129
decision_type=2 2 2 2 2 9 2 2 9 9 2 9 9 2 9 2 2 2 9 2 2 2 2 2 2 2 9 9 2 2
left_child=1 4 6 9 23 7 11 24 25 -3 19 -2 15 18 21 -5 17 -14 -8 -7 -17 -15 -10 -1 -4 -6 -24 -13 -9 -12
right_child=2 3 5 12 8 10 13 28 22 -11 29 27 16 14 -16 20 -18 -19 -20 -21 -22 -23 26 -25 -26 -27 -28 -29 -30 -31
leaf_value=-0.060884103586291677 0.046943213327425758 -0.0031225002044214137 0.12766169291225146 0.075741321280517762 -0.020605753651055839 0.066970423042833099 0.061800120849470036 0.1579115785890641 -0.026674495311343072 -0.021073243874529041 0.038752587126624549 0.029644414480032823 -0.011241943681711339 0.064418647838725057 0.057378934555769014 0.014558617240576045 0.031742071183414558 0.015266734598509796 0.013080101247846837 0.097551686196001852 0.047025550584062062 0.1029265488969551 -0.046253742324106631 -0.049245687296452997 0.095718597633456914 0.017189224995001296 -0.034159418776553784 -0.00049113832770431671 0.11622133036517371 0.077410506313766614
leaf_weight=30045 20162 25718 2946 2051 14559 5296 2011 3169 23212 52944 5010 22553 9076 3179 24431 8137 5357 11441 3198 7352 3867 4694 29575 53119 22412 2023 43582 3066 2856 2302
leaf_count=30045 20162 25718 2946 2051 14559 5296 2011 3169 23212 52944 5010 22553 9076 3179 24431 8137 5357 11441 3198 7352 3867 4694 29575 53119 22412 2023 43582 3066 2856 2302
internal_value=-1.05437e-05 -0.0275984 0.0644717 -0.00418568 -0.0417552 0.0935815 0.0465192 0.106954 -0.0331353 -0.0152086 0.072424 0.0352702 0.0175283 0.0602345 0.0647574 0.032471 0.00938576 0.00354046 0.0321149 0.0848097 0.025048 0.0873682 -0.0360802 -0.0534572 0.0994785 -0.0159776 -0.0390654 0.0260403 0.138375 0.0510122
internal_weight=449343 314706 134637 118591 196115 51343 83294 31383 112951 78662 19960 45781 39929 37513 32304 14055 25874 20517 5209 12648 12004 7873 96369 83164 25358 16582 73157 25619 6025 7312
internal_count=449343 314706 134637 118591 196115 51343 83294 31383 112951 78662 19960 45781 39929 37513 32304 14055 25874 20517 5209 12648 12004 7873 96369 83164 25358 16582 73157 25619 6025 7312
cat_boundaries=0 13 45 77 90 112 125 144 173 196
cat_threshold=72 0 0 1040 0 0 58112 0 0 995328 0 0 4390912 560 0 0 15616 0 0 193024 0 0 917504 0 0 8454144 0 0 137363456 0 0 50331648 0 0 536870912 0 0 0 0 0 0 3584 0 0 102400 799 0 0 9184 0 0 6656 0 0 98304 0 0 720896 0 0 3145728 0 0 1124073472 0 0 536870912 0 0 0 0 0 0 0 0 0 78080 1004 0 0 12544 0 0 128256 0 0 1593344 0 0 65536 991 0 0 8496 0 0 131328 0 0 2494464 0 0 12648448 0 0 0 0 0 0 0 0 268435456 72 0 0 7168 0 0 122880 0 0 593920 0 0 65536 537 0 0 2816 0 0 61440 0 0 929792 0 0 4325376 0 0 0 0 0 16777216 0 0 0 0 0 0 0 0 0 65536 0 0 7995392 0 0 935329792 0 0 4026531840 3 0 0 63 0 0 526 0 0 112 19 0 0 3824 0 0 133632 0 0 499712 0 0 57016320 0 0 1048576 0 0 50331648 0 0 805306368 2
is_linear=0
shrinkage=0.05


Tree=20
num_leaves=31
num_cat=8
split_feature=25 25 25 25 14 3 15 5 28 5 5 5 22 7 14 21 25 5 28 5 10 5 44 10 5 15 10 28 28 14
split_gain=288584 44006 20763.6 9364.21 6392.11 4600.13 4280.27 3848.06 3251.44 2924.18 2181.3 2042.48 1841.77 1748.89 1638.49 1556.55 1433.6 1397.74 1333.66 1314.57 1285.33 1277.9 1223.33 1095.77 1161.29 1007.08 988.641 978.009 964.624 962.741
threshold=4.2862761020660409 7.0240454673767099 2.1885625123977666 9.406776428222658 1.544881343841553 5.1196789741516122 0.74431809782981884 0 1000.7309570312501 1 2 3 5.1913261413574228 2.5000000000000004 2.0793696641922002 1.6252903938293459 1.2641452550888064 4 1001.5584411621095 5 2.8625578880310063 6 11.996135711669924 2.68965756893158 7 1.521007299423218 2.5433224439620976 1002.0353088378907 1008.7153320312501 2.2357501983642583
decision_type=2 2 2 2 2 2 2 9 2 9 9 9 2 2 2 2 2 9 2 9 2 9 2 2 9 2 2 2 2 2
left_child=2 5 6 9 18 8 16 22 -2 12 20 -7 -3 -9 -14 -6 -1 27 19 -4 28 -20 -5 24 29 -19 -15 -8 -10 -12
right_child=1 3 4 7 15 11 17 13 10 -11 23 -13 14 26 -16 -17 -18 25 21 -21 -22 -23 -24 -25 -26 -27 -28 -29 -30 -31
leaf_value=-0.054948286563344301 0.091607755460329454 0.064357804298904253 -0.023335683851197633 0.11061186699874573 -0.00026286519691619666 -0.026274339371953195 -0.028520878893648384 0.094904764438444714 0.03134410121760367 0.044909439985814703 0.017640264667233559 0.014666767663780632 0.057974572410761663 0.076034563488406509 0.099111613202387899 0.02920844111700165 -0.042948738114946823 -0.027040449265011507 -0.017585008835641444 -0.0041713045151938587 0.073619432043561944 -0.032385781519462378 0.14756104303915082 0.044154173771162319 0.0027918540262029338 0.0054430631497125884 0.033367557360059752 -0.047031137959569203 0.05281434011271096 0.044038802115094915
leaf_weight=54011 2366 27107 18432 11953 20313 3469 11969 9544 16226 14060 11134 24092 3399 3608 8906 5738 46735 23995 25172 17414 2897 35148 2902 4813 8273 2646 2214 17924 7778 5015
leaf_count=54011 2366 27107 18432 11953 20313 3469 11969 9544 16226 14060 11134 24092 3399 3608 8906 5738 46735 23995 25172 17414 2897 35148 2902 4813 8273 2646 2214 17924 7778 5015
internal_value=3.82547e-05 0.051457 -0.0311923 0.0772708 -0.0157306 0.026348 -0.0432053 0.0995326 0.0342815 0.0646728 0.0318494 0.00950179 0.0716805 0.0816341 0.0878047 0.00623721 -0.0493866 -0.032183 -0.0216817 -0.0140371 0.0421319 -0.0262215 0.117845 0.0223547 0.0180514 -0.0238044 0.0598941 -0.0396185 0.0383202 0.0258444
internal_weight=449253 169756 279497 83693 122217 86063 157280 30221 58502 53472 56136 27561 39412 15366 12305 26051 100746 56534 96166 35846 26901 60320 14855 29235 24422 26641 5822 29893 24004 16149
internal_count=449253 169756 279497 83693 122217 86063 157280 30221 58502 53472 56136 27561 39412 15366 12305 26051 100746 56534 96166 35846 26901 60320 14855 29235 24422 26641 5822 29893 24004 16149
cat_boundaries=0 13 26 42 74 103 135 167 183
cat_threshold=0 0 0 16 0 0 25344 0 0 405504 0 0 196608 489 0 0 7984 0 0 127744 0 0 471040 0 0 196608 974 0 0 12304 0 0 123648 0 0 4096 0 0 65536 0 0 1048576 0 0 0 0 0 0 0 0 0 0 0 0 20971520 0 0 385875968 0 0 1006632960 0 0 2147483648 0 0 0 259 0 0 16128 0 0 53248 8 0 0 0 0 0 0 0 0 761856 0 0 7864320 0 0 931135488 0 0 4160749568 3 0 3221225472 14 0 0 516 0 0 48 0 0 0 0 0 0 0 0 0 0 0 0 6291456 0 0 855638016 0 0 2382364672 3 0 3489660928 7 0 0 511 0 0 432 0 0 2048 572 0 0 8640 0 0 138240 0 0 8192 0 0 33751040 0 0 3145728 0 0 117440512 0 0 1610612736 0 0 0 0 0 0 3584 0 0 112640 49 0 0 2528 0 0 136192 0 0 1048576 0 0 131072 0 0 2097152
is_linear=0
shrinkage=0.05


Tree=21
num_leaves=31
num_cat=10
split_feature=2 44 43 43 44 34 5 43 5 5 14 38 5 41 5 34 5 44 13 13 34 5 5 14 34 5 30 5 34 11
split_gain=259267 34205 23054.8 7625.31 6762.7 4480.78 5912.54 3790.64 3011.63 2681.62 2271.8 2075.61 1679.18 1666.24 1653.32 1407.45 1868.47 1363.13 1430.59 1300.01 1133.02 1145.04 1108.89 1063.03 1301.74 1098.38 991.465 985.37 968.104 911.319
threshold=1.0000000180025095e-35 7.1862497329711923 2.2578960657119755 4.2020444869995126 10.229543685913088 -6.8625488281249991 0 1.2740966677665713 1 2 2.3824938535690312 0.64699280261993419 3 2.8086417913436894 4 -8.4030761718749982 5 3.9606628417968754 1.3763266801834109 1.429977595806122 -9.6922912597656232 6 7 0.60809311270713817 -6.8120117187499991 8 338.06250000000006 9 -2.0350646972656246 1.2675662040710451
decision_type=2 2 2 2 2 2 9 2 9 9 2 2 9 2 9 2 9 2 2 2 2 9 9 2 2 9 2 9 2 2
left_child=2 5 7 13 9 10 17 -1 -6 11 -2 26 -8 22 -5 -11 -17 18 -7 -14 21 -15 -4 -9 25 -25 -3 -19 -21 -10
right_child=1 4 3 14 8 6 12 23 29 15 -12 -13 19 20 -16 16 -18 27 -20 28 -22 -23 -24 24 -26 -27 -28 -29 -30 -31
leaf_value=-0.051281168002316718 0.035467586142184926 0.02653859942105645 -0.012105838124886397 -0.011158626863299869 0.12361905622603131 -0.027337548848235707 0.053473869797491941 -0.041358579171069464 0.10153056637371556 0.095568831372072477 0.10560003976750372 0.084274166933295383 0.024912314803321241 0.027957911842985912 0.016906865301321166 0.013805764139841265 0.057046157632708254 0.024354477557954949 0.010655687183417971 0.033809043940814076 -0.017331546725531076 -0.0071551318153092736 -0.028030839511561923 -0.00436728690383125 -0.0379733699572904 -0.028306898456110386 0.0654126961779396 0.00041974107947556822 0.062247408717134182 0.063507011360345714
leaf_weight=58331 2014 2125 14294 6923 9013 4592 11380 41008 2669 2002 2743 25420 25306 2891 21533 2876 20731 12260 5359 8081 27976 11451 47517 6205 30235 21313 7483 6629 4801 4079
leaf_count=58331 2014 2125 14294 6923 9013 4592 11380 41008 2669 2002 2743 25420 25306 2891 21533 2876 20731 12260 5359 8081 27976 11451 47517 6205 30235 21313 7483 6629 4801 4079
internal_value=-2.02002e-05 0.0511573 -0.0282111 -0.0128557 0.0753095 0.0289639 0.0260982 -0.0411694 0.104517 0.0677019 0.0760443 0.0767487 0.0365674 -0.0191236 0.0100794 0.0552511 0.0518163 0.0080827 -0.00688656 0.0315039 -0.0114754 -4.81491e-05 -0.0243572 -0.0351926 -0.030808 -0.0229242 0.0568514 0.0159725 0.0444478 0.078558
internal_weight=449240 159563 289677 132585 76398 83165 78408 157092 15761 60637 4757 35028 49568 104129 28456 25609 23607 28840 9951 38188 42318 14342 61811 98761 57753 27518 9608 18889 12882 6748
internal_count=449240 159563 289677 132585 76398 83165 78408 157092 15761 60637 4757 35028 49568 104129 28456 25609 23607 28840 9951 38188 42318 14342 61811 98761 57753 27518 9608 18889 12882 6748
cat_boundaries=0 26 39 52 68 100 116 135 164 196 209
cat_threshold=16 0 0 64 0 0 115712 0 0 4136960 0 0 31588352 0 0 402653184 0 0 0 0 0 0 0 0 0 128 0 0 0 16 0 0 768 0 0 929792 0 0 12779520 232 0 0 3600 0 0 62208 0 0 471040 0 0 65536 968 0 0 0 0 0 256 0 0 4096 0 0 0 0 0 1048576 0 0 0 0 0 0 4096 0 0 3145728 0 0 17235968 0 0 1071644672 0 0 4227858432 0 0 2147483648 0 0 0 32 0 0 7680 0 0 61440 0 0 0 64 0 0 132096 0 0 2097152 0 0 31457280 0 0 134217728 0 0 0 0 0 0 0 0 0 180224 0 0 17235968 0 0 202375168 0 0 3238002688 8 0 0 128 0 0 3072 0 0 122880 0 0 917504 0 0 6291456 0 0 805306368 0 0 0 16 0 0 0 0 0 1024 0 0 0 0 0 0 0 0 0 2211840 0 0 51314688 0 0 242221056 0 0 33554432 0 0 536870912 0 0 0 0 0 0 3072 0 0 61696 16 0 0 64 0 0 114688 0 0 1056768 0 0 4325376
is_linear=0
shrinkage=0.05


Tree=22
num_leaves=31
num_cat=11
split_feature=25 25 25 43 14 5 25 44 5 8 37 5 5 5 43 5 37 14 21 34 16 11 5 5 5 34 5 37 14 41
split_gain=237492 32778.8 19832.3 7970.45 6410.35 4529.56 3130.5 2338.52 2060.43 2030.14 1775.76 1756.39 1523.92 1458.41 1424.98 1398.56 1401.43 1358.03 1329.05 1323.87 1148.03 1554.67 1138.61 970.143 864.107 854.088 839.846 791.867 992.109 1152.27
threshold=5.37538766860962 3.0687775611877446 8.3829712867736834 1.774280905723572 1.6169778704643252 0 6.6867041587829599 10.912227153778078 1 2 -1.4667305946350095 3 4 5 1.1633638739585879 6 -0.99489945173263539 2.442704558372498 1.4353960752487185 -5.0646667480468741 2.2689859867095952 2.3818025588989262 7 8 9 -8.0574951171874982 10 -0.91233623027801503 1.9403603672981264 6.6296374797821054
decision_type=2 2 2 2 2 9 2 2 9 1 2 9 9 9 2 9 2 2 2 2 2 2 9 9 9 2 9 2 2 2
left_child=1 3 6 14 12 7 13 25 18 20 22 17 -3 -2 -1 19 -17 -12 -5 -6 -7 -22 -8 -21 -14 -4 -9 -15 -29 -30
right_child=2 4 5 8 15 9 10 26 -10 -11 11 -13 24 27 -16 16 -18 -19 -20 23 21 -23 -24 -25 -26 -27 -28 28 29 -31
leaf_value=-0.050000428280437041 0.045629636794382249 -0.023034790750279699 0.11734424127043558 -0.014086664426741866 0.068091324631336325 0.039297072964736598 -0.0074479400869222889 0.14634489418712382 -0.027454790606130874 0.086843724369466538 0.05531020589026181 0.044083746849114827 0.02727761078042314 0.0063302378668857453 -0.038420860536576978 -0.010184647876711543 0.016748032718585052 0.085096059349954595 0.027047891148840871 0.0494792164587015 0.078228450961023446 0.028643334079391548 0.045473767741345109 0.014060481751344285 -0.0061917258025922959 0.082840688480295702 0.10575292681432824 0.018708728052511076 0.055198879205131862 0.021092083213982014
leaf_weight=47733 11639 15276 2039 15309 2002 7161 2022 2288 96858 6890 10613 20300 2009 4959 60617 6283 20795 6093 2243 2632 6657 2093 2019 7298 39130 19677 4561 11973 5576 4483
leaf_count=47733 11639 15276 2039 15309 2002 7161 2022 2288 96858 6890 10613 20300 2009 4959 60617 6283 20795 6093 2243 2632 6657 2093 2019 7298 39130 19677 4561 11973 5576 4483
internal_value=2.72045e-05 -0.0233035 0.0566739 -0.0338068 0.00121616 0.0809006 0.0410474 0.0942292 -0.024599 0.0640992 0.050666 0.0541032 -0.00955959 0.0308164 -0.0435263 0.0167982 0.0104934 0.0661785 -0.00881258 0.0310503 0.0542419 0.0664139 0.0191341 0.0235527 -0.00454481 0.0861329 0.119874 0.0243882 0.028459 0.0400345
internal_weight=449228 318185 131043 222760 95425 51366 79677 28565 114410 22801 41047 37006 56415 38630 108350 39010 27078 16706 17552 11932 15911 8750 4041 9930 41139 21716 6849 26991 22032 10059
internal_count=449228 318185 131043 222760 95425 51366 79677 28565 114410 22801 41047 37006 56415 38630 108350 39010 27078 16706 17552 11932 15911 8750 4041 9930 41139 21716 6849 26991 22032 10059
cat_boundaries=0 13 45 46 59 91 104 126 142 146 162 172
cat_threshold=72 0 0 1040 0 0 25344 0 0 929792 0 0 196608 561 0 0 16160 0 0 160256 0 0 921600 0 0 8585216 0 0 135266304 0 0 50331648 0 0 536870912 0 0 0 0 0 0 3072 0 0 69632 2 456 0 0 7728 0 0 122880 0 0 1658880 0 0 65536 32 0 0 0 0 0 131072 0 0 3276800 0 0 16777216 0 0 117440512 0 0 201326592 3 0 2147483648 1 0 0 951 0 0 15760 0 0 49152 968 0 0 4096 0 0 79104 0 0 1593344 0 0 65536 991 0 0 304 0 0 0 0 0 2490368 0 0 46202880 0 0 0 0 0 0 0 0 268435456 452 0 0 7264 0 0 198144 0 0 1048576 0 0 25165824 0 0 135266304 970 0 0 16 774 0 0 9008 0 0 512 0 0 0 0 0 0 0 0 1048576 0 0 0 0 0 0 256 0 0 4096
is_linear=0
shrinkage=0.05


Tree=23
num_leaves=31
num_cat=11
split_feature=25 25 25 43 16 5 44 25 8 5 5 10 5 16 8 5 15 25 16 16 5 22 25 34 5 25 10 5 28 5
split_gain=213941 28081 18878.6 6300.78 6251.84 4478.95 2704.64 2695.15 1862.7 1745.68 1742.68 1583.45 1491.25 1406.13 1361.62 1184.31 1121.8 1116.91 1098.23 1056.94 1052.26 1044.06 988.756 918.89 918.295 866.702 946.65 860.328 750.041 850.558
threshold=5.2714965343475351 2.8966573476791386 8.0763268470764178 1.6875595450401308 1.3922948241233828 0 10.912227153778078 6.4894390106201181 1 2 3 2.68965756893158 4 2.171827077865601 5 6 1.509325444698334 1.1464006304740908 2.4207749366760258 2.3303396701812749 7 9.3054771423339862 3.9032235145568852 -8.4636535644531232 8 8.9538393020629901 2.1622952222824101 9 1000.0959472656251 10
decision_type=2 2 2 2 2 9 2 2 1 9 9 2 9 2 1 9 2 2 2 2 9 2 2 2 9 2 2 9 2 9
left_child=1 3 7 17 14 6 23 12 -7 21 16 13 -2 -10 20 19 -5 -1 -11 -9 -3 -6 -16 -4 -15 26 -25 -8 -12 -30
right_child=2 4 5 10 9 8 27 15 11 18 28 -13 -14 24 22 -17 -18 -19 -20 -21 -22 -23 -24 25 -26 -27 -28 -29 29 -31
leaf_value=-0.047444313614273953 0.034189682955928301 -0.0066573588736775048 0.1096947713639444 -0.017219883801076901 0.018936180180389506 0.078593730938420286 0.13001034423343938 0.051964469031389175 0.040071161735169142 -0.0021275476370600189 -0.019196873665479789 0.020864319545690322 0.01322566066221648 0.086947239444826727 -0.010875270617814722 0.040959021070956371 0.012779855683014475 -0.036803591039950401 0.028884847428813521 0.093489845543195477 -0.02440395656380635 0.051157967251293547 0.0097665262045845899 0.048125533529333776 0.046439831391215824 0.082059996993898904 0.08448359818045359 0.092832040998592769 -0.03681174012021652 -0.025668227188128657
leaf_weight=49734 23685 13394 2206 15856 19439 7384 3865 6083 6365 17367 20245 4004 13308 4282 14028 31069 3870 49519 3406 2078 22330 2884 9878 4913 2275 16858 2875 3446 28735 43677
leaf_count=49734 23685 13394 2206 15856 19439 7384 3865 6083 6365 17367 20245 4004 13308 4282 14028 31069 3870 49519 3406 2078 22330 2884 9878 4913 2275 16858 2875 3446 28735 43677
internal_value=4.31169e-05 -0.0225475 0.0527643 -0.0329584 -0.00109781 0.0741365 0.0858548 0.0363614 0.0575812 0.0134098 -0.0248468 0.0484075 0.0266664 0.0569193 -0.0115833 0.0454944 -0.0113251 -0.0421397 0.00296736 0.0625628 -0.0177626 0.0231097 -0.00234553 0.0784725 0.0731881 0.0756345 0.0616385 0.112942 -0.0277197 -0.0301034
internal_weight=449058 314362 134696 211636 102726 58473 34163 76223 24310 43096 112383 16926 36993 12922 59630 39230 19726 99253 20773 8161 35724 22323 23906 26852 6557 24646 7788 7311 92657 72412
internal_count=449058 314362 134696 211636 102726 58473 34163 76223 24310 43096 112383 16926 36993 12922 59630 39230 19726 99253 20773 8161 35724 22323 23906 26852 6557 24646 7788 7311 92657 72412
cat_boundaries=0 13 14 36 68 87 88 101 133 140 153 182
cat_threshold=72 0 0 1040 0 0 58112 0 0 995328 0 0 4390912 4 1023 0 0 10032 0 0 14592 0 0 454656 0 0 12648448 0 0 1048576 0 0 16777216 0 0 536870912 49 0 0 15648 0 0 156160 0 0 921600 0 0 8585216 0 0 137363456 0 0 50331648 0 0 536870912 0 0 0 0 0 0 3584 0 0 102400 1022 0 0 12560 0 0 114432 0 0 1855488 0 0 4390912 0 0 1048576 0 0 16777216 2 72 0 0 3072 0 0 122880 0 0 86016 0 0 65536 29 0 0 496 0 0 7424 0 0 122880 0 0 1769472 0 0 3145728 0 0 1090519040 0 0 0 24 0 0 0 0 0 0 0 0 47360 160 0 0 6944 0 0 65536 0 0 0 0 0 0 256 0 0 798720 0 0 4194304 0 0 0 0 0 0 0 0 0 98304 0 0 7864320 0 0 931135488 0 0 4026531840 3 0 0 63 0 0 542 0 0 112
is_linear=0
shrinkage=0.05


Tree=24
num_leaves=31
num_cat=12
split_feature=42 42 42 42 14 5 17 5 5 37 5 37 13 34 7 28 44 5 5 5 30 17 37 5 5 8 34 5 24 5
split_gain=193683 27647.2 14664.9 6517.31 5054.6 3129.29 2947.64 2940.64 2058.12 1859.54 1586.35 1547.3 1476.58 1194.95 1176.51 1139.68 1067.83 1055.81 1053.74 1051.74 1030.5 1008.28 1009.1 990.394 967.837 902.897 843.262 1424.32 1015.85 810.065
threshold=4.3732266426086435 7.0240454673767099 2.1311364173889165 9.3121285438537615 1.5316569209098818 0 0.68873482942581188 1 2 0.051929771900177009 3 0.091939806938171401 1.0750923752784731 -6.8120117187499991 2.5000000000000004 1001.2296752929689 11.996135711669924 4 5 6 389.81250000000006 2.4937113523483281 -1.5569330453872678 7 8 9 -5.4223327636718741 10 28.028717041015629 11
decision_type=2 2 2 2 2 9 2 9 9 2 9 2 2 2 2 2 2 9 9 9 2 2 2 9 9 1 2 9 2 9
left_child=2 5 6 8 15 9 -1 16 11 26 -7 20 -6 24 -9 18 -5 -15 -4 -11 -3 22 -22 -17 -8 -10 -2 -28 -29 -14
right_child=1 3 4 7 12 10 13 14 25 19 -12 -13 29 17 -16 23 -18 -19 -20 -21 21 -23 -24 -25 -26 -27 27 28 -30 -31
leaf_value=-0.041366958213718177 0.048389205420393204 0.022570682844514928 -0.01927988049319225 0.08774679317391032 -0.0088293607774403704 -0.025202310265391627 -0.027573231151538237 0.073527071137174618 0.054221265681699632 0.075701977531945908 0.013800534225744272 0.071093982560297961 0.028359310390920933 -0.040873749431637872 0.041344550663964079 -0.014601541728487039 0.12026843102689232 -0.023140556041826896 -0.0020525918582753031 0.03796401596559873 0.019350582185038781 0.087852004927519212 0.055189432081906409 -0.027023830495884152 -0.0081908186463979429 0.028179579398472678 0.0014785478755315314 0.014189254482983461 0.03769230869426269 0.0063105793568237747
leaf_weight=91145 2775 2967 18045 16754 10865 2834 14708 7474 4934 2079 30397 14824 6637 19666 4661 27450 3075 14936 17477 18296 2289 2018 14460 39103 11518 10363 7803 8481 10079 11205
leaf_count=91145 2775 2967 18045 16754 10865 2834 14708 7474 4934 2079 30397 14824 6637 19666 4661 27450 3075 14936 17477 18296 2289 2018 14460 39103 11518 10363 7803 8481 10079 11205
internal_value=8.21539e-05 0.0428522 -0.0251131 0.0630907 -0.0128369 0.0223455 -0.035676 0.0808598 0.0521242 0.0303098 0.0104611 0.0585883 0.00569714 -0.0271432 0.0611598 -0.0180493 0.0928014 -0.0332466 -0.0108129 0.0419057 0.0500568 0.0543879 0.050306 -0.0219094 -0.0190808 0.0365853 0.0222001 0.0194261 0.0269515 0.0145431
internal_weight=449318 166563 282755 83819 130782 82744 151973 31964 51855 49513 33231 36558 28707 60828 12135 102075 19829 34602 35522 20375 21734 18767 16749 66553 26226 15297 29138 26363 18560 17842
internal_count=449318 166563 282755 83819 130782 82744 151973 31964 51855 49513 33231 36558 28707 60828 12135 102075 19829 34602 35522 20375 21734 18767 16749 66553 26226 15297 29138 26363 18560 17842
cat_boundaries=0 16 29 42 74 100 129 142 174 203 204 217 246
cat_threshold=1007 0 0 13104 0 0 258816 0 0 1863680 0 0 4259840 0 0 1048576 72 0 0 16 0 0 29440 0 0 995328 0 0 4390912 489 0 0 7984 0 0 62208 0 0 487424 0 0 196608 0 0 0 0 0 0 0 0 0 0 0 0 0 0 0 385875968 0 0 1006632960 0 0 2147483648 0 0 0 257 0 0 16128 0 0 20480 0 0 0 0 0 0 0 0 0 729088 0 0 24772608 0 0 534773760 0 0 4160749568 3 0 0 7 0 0 519 0 0 0 0 0 0 0 0 0 0 0 0 6291456 0 0 855638016 0 0 2382364672 3 0 3489660928 3 0 0 895 0 0 5552 192 0 0 0 0 0 256 0 0 4096 0 0 65536 572 0 0 448 0 0 138240 0 0 8192 0 0 33751040 0 0 3145728 0 0 117440512 0 0 1879048192 0 0 0 0 0 0 3584 0 0 112640 0 0 0 0 0 0 0 0 0 131072 0 0 2097152 0 0 805306368 0 0 2634022912 3 0 3221225472 31 0 0 887 0 0 432 4 0 0 0 544 0 0 25088 0 0 1863680 0 0 4259840 495 0 0 15664 0 0 53248 0 0 2490368 0 0 8454144 0 0 0 0 0 0 0 0 536870912 0 0 0 0 0 0 8192
is_linear=0
shrinkage=0.05


Tree=25
num_leaves=31
num_cat=10
split_feature=42 41 42 42 5 5 42 44 26 5 19 5 27 5 5 14 5 5 27 12 21 27 19 5 27 5 44 27 14 14
split_gain=174839 25252.8 14753.1 6584.07 4331.26 3267.24 2845.11 1789.16 1632.69 1578.18 1496.9 1380.2 1774.99 1598.89 1345.58 1186.48 1055.67 1026.04 1018.22 958.092 931.927 907.895 863.705 844.147 831.451 1252.41 809.748 783.202 885.045 850.119
threshold=5.37538766860962 3.0921367406845097 8.634003162384035 1.6532623767852785 0 1 6.883474826812745 11.170257568359377 4.7059040069580087 2 1.419969975948334 3 1002.4141235351564 4 5 2.483809351921082 6 7 1003.6513977050782 3.0942733287811284 1.0536895394325259 1009.0174255371095 1.3893959522247317 8 1005.0535278320314 9 5.2624802589416513 1001.6572875976564 3.1105951070785527 2.1446650028228764
decision_type=2 2 2 2 9 9 2 2 2 9 2 9 2 9 9 2 9 9 2 2 2 2 2 9 2 9 2 2 2 2
left_child=1 3 6 17 10 20 14 19 16 18 -3 -8 -13 -14 26 21 -6 -1 -5 27 -4 22 -15 -9 -12 -26 -2 -7 29 -29
right_child=2 4 5 9 8 7 11 23 -10 -11 24 12 13 15 -16 -17 -18 -19 -20 -21 -22 -23 -24 -25 25 -27 -28 28 -30 -31
leaf_value=-0.041266147236447157 0.063672061998113788 0.0087929723989847719 0.070172593668724623 -0.0031516561589681256 -0.022364142017575382 0.10548917878199163 0.02013676380134443 0.12903105020336722 0.0038955550289128033 -0.025109182552499994 0.057624910416666897 0.094710371623496506 0.0087663384035537306 0.043899542769534505 0.019388578673072736 0.064615880767655953 -0.0034461159101801839 -0.029903898667552303 -0.019047942864076718 0.04077045938444409 0.037965458510669667 0.053139074089963018 0.015181203375350023 0.088393302145995722 0.052922546393245118 0.014189783156268999 0.033176752969649337 0.063541321385802957 0.051323551526097105 0.085196242689146856
leaf_weight=73545 2496 17900 3188 15505 15350 2122 4749 2204 25981 86306 2408 2007 2643 6920 24046 9196 14210 27840 28772 2118 7785 11457 4232 4303 2886 7545 17456 7182 3897 13231
leaf_count=73545 2496 17900 3188 15505 15350 2122 4749 2204 25981 86306 2408 2007 2643 6920 24046 9196 14210 27840 28772 2118 7785 11457 4232 4303 2886 7545 17456 7182 3897 13231
internal_value=1.87216e-05 -0.0200062 0.0485787 -0.0285957 0.00308764 0.0713879 0.0362492 0.0788649 -0.00524695 -0.0211704 0.0181397 0.0456939 0.0489979 0.0463221 0.0273958 0.049421 -0.0132829 -0.0381564 -0.0134803 0.0734333 0.0473349 0.0432366 0.0330248 0.102668 0.0311678 0.0250109 0.0370032 0.0760342 0.0734208 0.0776121
internal_weight=449480 318248 131232 231968 86280 46030 85202 35057 55541 130583 30739 41204 36455 34448 43998 31805 29560 101385 44277 28550 10973 22609 11152 6507 12839 10431 19952 26432 24310 20413
internal_count=449480 318248 131232 231968 86280 46030 85202 35057 55541 130583 30739 41204 36455 34448 43998 31805 29560 101385 44277 28550 10973 22609 11152 6507 12839 10431 19952 26432 24310 20413
cat_boundaries=0 32 51 83 115 128 141 170 202 215 225
cat_threshold=1023 0 0 16176 0 0 144128 0 0 397312 0 0 12648448 0 0 1048576 0 0 2147483648 0 0 0 0 0 0 0 0 0 0 0 0 256 791 0 0 15168 0 0 197632 0 0 1048576 0 0 18874368 0 0 3145728 0 0 50331648 8 0 0 384 0 0 7168 0 0 122880 0 0 983040 0 0 15728640 0 0 822083584 0 0 805306368 0 0 0 0 0 0 3584 0 0 102400 0 0 0 192 0 0 134144 0 0 3145728 0 0 50593792 0 0 405798912 0 0 50331648 0 0 268435456 0 0 0 0 0 0 1024 0 0 65536 0 0 0 0 0 0 256 0 0 917504 0 0 14811136 1004 0 0 4864 0 0 128256 0 0 1593344 0 0 2293760 0 0 0 128 0 0 68608 0 0 1687552 0 0 786432 0 0 853540864 0 0 805306368 0 0 0 10 0 0 240 0 0 128 16 0 0 128 0 0 1024 0 0 196608 0 0 20447232 0 0 855638016 0 0 3221225472 3 0 2147483648 63 0 0 12 0 0 240 0 0 1536 0 0 0 0 0 0 256 0 0 4096 0 0 8388608 963 0 0 8240 0 0 256 0 0 4096
is_linear=0
shrinkage=0.05


Tree=26
num_leaves=31
num_cat=2
split_feature=2 26 41 26 34 34 26 43 44 14 0 34 34 18 41 16 19 14 0 39 14 11 35 13 8 8 16 38 35 41
split_gain=157649 22035.9 14377 4332.82 4174.45 3011.46 3010.97 2899.53 2538.41 1744.68 1718.73 1668.09 1492.24 1487.74 1461.79 1393.22 1978.09 1309.04 1303.68 1094 1115.53 1015.76 922.446 1014.64 910.778 890.001 1070.19 873.168 807.986 803.614
threshold=1.0000000180025095e-35 8.3191833496093768 2.4622741937637334 4.9815587997436532 -7.8849487304687491 -7.0163879394531241 6.2506566047668466 1.5098926424980166 10.093849182128908 2.5252919197082524 18.250000000000004 -1.1081237792968748 -9.0944213867187482 1.1239244937896731 7.8464221954345712 2.8135528564453129 1.8415029644966128 2.3441017866134648 11.250000000000002 0.54714292287826549 2.3096934556961064 1.5813664793968203 7.9569816589355478 1.3494747281074526 0 1 2.2278877496719365 0.046549975872039802 13.620853424072267 7.4447600841522226
decision_type=2 2 2 2 2 2 2 2 2 2 2 2 2 2 2 2 2 2 2 2 2 2 2 2 1 1 2 2 2 2
left_child=2 5 7 12 17 9 18 -1 10 -2 15 19 -4 -5 24 16 25 -3 21 20 -8 -7 23 -20 -10 -6 28 -22 -27 -19
right_child=1 4 3 13 8 6 11 -9 14 -11 -12 -13 -14 -15 -16 -17 -18 29 22 -21 27 -23 -24 -25 -26 26 -28 -29 -30 -31
leaf_value=-0.038373290584512255 0.029005775641845095 0.056883421884791008 -0.0055495925848793931 -0.0052440976425493805 0.061993418513398429 0.015795184203602635 0.025360521030331935 -0.025301249663575345 0.049430236227345603 0.092966026969594592 0.018082246271914022 0.052922007415410213 -0.020365832994519287 0.013836682667043885 0.093888972290234074 0.078807949633154309 0.0079031635780596101 0.086412664253112031 -0.0032075954350779274 0.017112419490494007 0.035172704633285486 0.052598399622422479 -0.012569643863289421 0.01939950722282217 0.08678762966963155 0.043958671278684081 0.061010637102624755 0.075007129518505716 0.012784453889736286 0.12219841148287187
leaf_weight=77681 2017 2054 25259 19786 16066 7635 11582 93710 5612 2283 3848 6267 51989 21102 5720 4695 2620 3573 9117 20144 3212 2482 6504 10877 2341 14356 8836 2444 2442 3054
leaf_count=77681 2017 2054 25259 19786 16066 7635 11582 93710 5612 2283 3848 6267 51989 21102 5720 4695 2620 3573 9117 20144 3212 2482 6504 10877 2341 14356 8836 2444 2442 3054
internal_value=2.38843e-05 0.0398906 -0.0219779 -0.0085566 0.0595778 0.0223744 0.0201849 -0.0312279 0.0553064 0.0631011 0.0503187 0.0290535 -0.0155225 0.00460433 0.0745391 0.0528453 0.0500778 0.0922149 0.00960758 0.025039 0.0342865 0.0248671 0.00377426 0.00909452 0.0605217 0.0527251 0.0468943 0.0524875 0.039437 0.103064
internal_weight=449308 159781 289527 118136 75217 84564 80264 171391 66536 4300 52863 43649 77248 40888 13673 49015 44320 8681 36615 37382 17238 10117 26498 19994 7953 41700 25634 5656 16798 6627
internal_count=449308 159781 289527 118136 75217 84564 80264 171391 66536 4300 52863 43649 77248 40888 13673 49015 44320 8681 36615 37382 17238 10117 26498 19994 7953 41700 25634 5656 16798 6627
cat_boundaries=0 1 2
cat_threshold=2 4
is_linear=0
shrinkage=0.05


Tree=27
num_leaves=31
num_cat=0
split_feature=42 42 41 42 21 14 37 18 42 42 37 10 14 10 44 7 7 41 10 21 10 30 37 35 40 23 15 14 37 19
split_gain=143623 21255.3 10540.9 5181.72 3657.23 2676.4 2326.94 1921.41 1697.83 1604.44 1577.89 1386.42 1287.43 1106.28 1102.66 946.308 924.882 1070.49 871.53 810.973 800.616 796.171 774.285 744.959 677.816 950.788 819.584 712.753 643.505 638.846
threshold=4.2862761020660409 6.9513139724731454 2.2021608352661137 9.2198014259338397 1.2979725599288943 1.7492237091064455 -0.77474111318588246 2.1325036287307744 1.3817065954208376 3.1919361352920537 -0.13902366161346433 3.1693751811981206 2.5670528411865239 2.5118980407714848 11.170257568359377 2.5000000000000004 1.5000000000000002 3.0670397281646733 1.7235798835754397 1.7593578696250918 2.6150262355804448 179.56250000000003 -1.5095614194869993 10.170459747314455 1.2683341503143313 27.445373535156254 1.9574412107467654 2.3258656263351445 0.42180442810058599 1.3622189760208132
decision_type=2 2 2 2 2 2 2 2 2 2 2 2 2 2 2 2 2 2 2 2 2 2 2 2 2 2 2 2 2 2
left_child=2 5 8 10 9 16 19 13 -1 -4 22 21 15 -5 -9 -12 -2 -18 -14 -7 -6 -8 -3 -20 27 26 28 -23 -26 -15
right_child=1 3 4 7 20 6 11 14 -10 -11 12 -13 18 29 -16 -17 17 -19 23 -21 -22 24 -24 -25 25 -27 -28 -29 -30 -31
leaf_value=-0.037585319831091459 0.019059419206498163 0.015476737231597273 -0.018794281060927415 0.064642767937024295 0.0051938605369190004 0.0029563457890084762 0.0099545010535120864 0.071782652691282992 -0.026445594658702859 -0.006359839345834898 0.05324248809632455 0.06239976627673513 0.044182963980671265 0.054245538835411083 0.098566392864793739 0.02990338909034267 -0.019569006710137865 0.0072199982455250916 0.064793283261851728 0.03074453157960419 0.034471752451899672 0.03282902190568774 0.038781366390313737 0.1033768248636001 0.033921726582934165 0.017364725350860016 0.016117906149704736 0.060370462383114734 0.073157141710192941 0.016692214897779802
leaf_weight=67907 11313 4348 91905 9671 11977 11703 4552 13955 69234 36163 12787 3524 2403 2165 5460 6651 4733 17436 3143 3376 2892 6643 20242 2187 2041 10779 2098 3679 2202 2390
leaf_count=67907 11313 4348 91905 9671 11977 11703 4552 13955 69234 36163 12787 3524 2403 2165 5460 6651 4733 17436 3143 3376 2892 6643 20242 2187 2041 10779 2098 3679 2202 2390
internal_value=-7.74102e-05 0.0362516 -0.0220613 0.0538198 -0.0125587 0.0184026 0.0256585 0.0691051 -0.0319639 -0.0152839 0.0438741 0.0326439 0.0521893 0.0550613 0.0793618 0.0452762 0.00743324 0.0014944 0.0694854 0.00919403 0.0109077 0.029348 0.0346686 0.0807888 0.0325601 0.0264286 0.0417845 0.0426944 0.054408 0.0346211
internal_weight=449559 169481 280078 85402 142937 84079 50597 33641 137141 128068 51761 35518 27171 14226 19415 19438 33482 22169 7733 15079 14869 31994 24590 5330 27442 17120 6341 10322 4243 4555
internal_count=449559 169481 280078 85402 142937 84079 50597 33641 137141 128068 51761 35518 27171 14226 19415 19438 33482 22169 7733 15079 14869 31994 24590 5330 27442 17120 6341 10322 4243 4555
is_linear=0
shrinkage=0.05


Tree=28
num_leaves=31
num_cat=14
split_feature=25 25 41 25 5 16 38 25 5 5 37 5 7 37 16 5 41 5 37 16 5 5 5 29 5 5 5 5 5 29
split_gain=128991 19142.7 9685.14 3934.43 3518.02 3310.7 2127.26 1898.07 1805.37 1656.84 1648.36 1657.29 1638.6 1520.52 1402.81 1372.29 1327.47 1119.25 1015.31 994.839 935.144 929.769 879.413 853.655 822.102 743.51 676.186 674 670.838 646.544
threshold=4.2862761020660409 7.8379023075103769 2.3125009536743169 6.1210863590240487 0 1.9224823713302615 2.2562059164047246 1.4161390066146853 1 2 -1.5569330453872678 3 2.5000000000000004 -0.0055944025516510001 2.8135528564453129 4 7.1662244796752939 5 -0.091604530811309801 1.1945538520812991 6 7 8 0.99000167846679699 9 10 11 12 13 0.76799392700195324
decision_type=2 2 2 2 9 2 2 2 9 9 2 9 2 2 2 9 2 9 2 2 9 9 9 2 9 9 9 9 9 2
left_child=2 3 7 8 6 9 23 -1 18 -4 -5 16 13 -6 17 -8 28 -14 -2 -11 -15 -10 29 -3 -9 -20 -13 -21 -12 -7
right_child=1 4 5 10 12 22 15 24 21 19 11 26 14 20 -16 -17 -18 -19 25 27 -22 -23 -24 -25 -26 -27 -28 -29 -30 -31
leaf_value=-0.035355835151582242 0.012883975196218787 0.050164266347084409 -0.022324728916985118 0.0017589651535787098 0.038268464708003019 0.0063812222870069978 0.10875451563618697 -0.013035845698922938 -0.019675214755772292 -0.01343609464758843 0.052445959859682936 0.033199832442350662 0.029617990725020995 0.075939863511975722 0.053670734511670037 0.072600379439038937 0.036249597091236957 -0.011706017971992125 0.020985545481729078 -0.0085284841874459557 0.046558812959755343 0.0076346248750907928 0.0015435595334441932 0.07744246398165025 -0.026486588793998747 0.043630717920359545 0.012109365424808173 0.0078086354685620273 0.093690113893277915 0.040490501911301394
leaf_weight=72122 15985 12877 37073 3930 9807 2304 3881 13910 3503 52251 2034 26781 5563 7447 4073 9690 4742 2310 8322 14467 4600 27056 8208 3750 64490 6568 4492 11170 2274 3506
leaf_count=72122 15985 12877 37073 3930 9807 2304 3881 13910 3503 52251 2034 26781 5563 7447 4073 9690 4742 2310 8322 14467 4600 27056 8208 3750 64490 6568 4492 11170 2274 3506
internal_value=-6.68553e-06 0.0343802 -0.0208834 0.0213085 0.0559602 -0.0108274 0.068398 -0.0294989 0.0131173 -0.0136247 0.0326743 0.0356862 0.0447973 0.0529558 0.0298779 0.0831456 0.0545653 0.0175165 0.0216404 -0.0094773 0.0648706 0.00449326 0.0121066 0.0563594 -0.0241071 0.0310403 0.0301801 -0.00141044 0.0747219 0.0269521
internal_weight=449186 169685 279501 105687 63998 128979 30198 150522 61434 114961 44253 40323 33800 21854 11946 13571 9050 7873 30875 77888 12047 30559 14018 16627 78400 14890 31273 25637 4308 5810
internal_count=449186 169685 279501 105687 63998 128979 30198 150522 61434 114961 44253 40323 33800 21854 11946 13571 9050 7873 30875 77888 12047 30559 14018 16627 78400 14890 31273 25637 4308 5810
cat_boundaries=0 13 36 62 75 85 104 120 152 171 203 226 245 277 287
cat_threshold=72 0 0 1040 0 0 25344 0 0 471040 0 0 65536 1006 0 0 15152 0 0 92928 0 0 323584 0 0 4259840 0 0 1048576 0 0 16777216 0 0 0 12 0 0 0 2048 0 0 114688 0 0 2072576 0 0 23592960 0 0 117440512 0 0 1006632960 0 0 2147483648 31 0 0 116 200 0 0 3072 0 0 122880 0 0 1642496 0 0 65536 0 0 0 0 0 0 256 0 0 12288 935 0 0 4896 0 0 4096 0 0 16384 0 0 2228224 0 0 0 0 0 16777216 417 0 0 6688 0 0 32768 0 0 524288 0 0 12582912 0 0 134217728 0 0 0 0 0 0 0 0 0 0 0 0 16777216 0 0 385875968 0 0 1006632960 0 0 2147483648 0 0 0 258 0 0 16128 0 0 20480 1022 0 0 15712 0 0 135168 0 0 2600960 0 0 37814272 0 0 537919488 0 0 16777216 4 0 0 0 0 0 3072 0 0 122880 0 0 917504 0 0 106954752 0 0 1056964608 0 0 3221225472 0 0 0 0 0 0 0 0 0 69632 40 0 0 800 0 0 67584 0 0 57344 0 0 4194304 0 0 1048576 0 0 16777216 0 0 0 12 823 0 0 13168 0 0 136960 0 0 24576 0 0 19267584 0 0 1048576 0 0 16777216 40 0 0 12416 0 0 142848 0 0 2117632 0 0 1507328 0 0 954204160 0 0 1073741824 1 0 1073741824 0 0 0 257 0 0 4352 0 0 16384 8 0 0 0 0 0 65536 0 0 1638400
is_linear=0
shrinkage=0.05


Tree=29
num_leaves=31
num_cat=11
split_feature=25 41 25 5 14 5 5 34 16 5 34 25 10 5 7 34 5 5 25 10 5 14 36 21 21 22 34 5 5 5
split_gain=117041 16977 9545.83 3900.92 3659.63 2546.45 2129.55 2040.05 1732.88 1722.38 1636.25 1596.88 1491.82 1399.3 1378.7 1257.33 1136.26 1133.03 1028.06 971.295 1790.89 1322.57 956.363 993.958 940.71 1180.9 933.61 835.735 773.015 765.58
threshold=5.37538766860962 2.8086417913436894 8.634003162384035 0 0.56519147753715526 1 2 -6.3462219238281241 2.5743135213851933 3 -1.2141418457031248 3.4954823255538945 2.9754739999771123 4 2.5000000000000004 -9.9899597167968732 5 6 6.7548828125000009 2.4483859539031987 7 3.0364029407501225 56.008815765380866 1.3690906763076784 1.7163987159729006 9.4771385192871112 -5.3265075683593741 8 9 10
decision_type=2 2 2 9 2 9 9 2 2 9 2 2 2 9 2 2 9 9 2 2 9 2 2 2 2 2 2 9 9 9
left_child=1 4 6 14 -1 19 8 13 10 -10 18 15 17 -6 -3 -5 -9 -7 -2 21 -21 -4 23 -12 25 -20 -22 -17 -16 -8
right_child=2 3 5 11 7 12 29 16 9 -11 22 -13 -14 -15 28 27 -18 -19 24 20 26 -23 -24 -25 -26 -27 -28 -29 -30 -31
leaf_value=-0.032191673507194672 0.018949642721545118 0.0073782702211385338 0.067947587819951111 0.0028547372119811661 -0.0046849436178358905 0.058956493194400862 0.021153524768910442 -0.034844060656958296 0.083384539622900433 0.033088961831428121 0.046816614095093599 0.0019273961208068754 0.020956871929923678 -0.019199788172043531 0.052667557291653282 -0.026600570180727003 -0.019652875683347545 0.027534495206672296 0.033013594528778743 0.11028320329126746 0.08307021956943772 0.023845925872252656 0.026165362971793373 0.090557663553294976 0.013144090090183797 0.062366440904825064 0.042013454752840948 -0.010592780297826537 0.021316536163098289 -0.0075940617718637596
leaf_weight=90924 17387 21054 11577 10160 28127 14708 25319 22628 3519 3415 3239 33508 4642 40620 2710 13907 27388 3674 16634 3634 3090 2009 2309 2215 4201 4333 2574 19851 7367 2544
leaf_count=90924 17387 21054 11577 10160 28127 14708 25319 22628 3519 3415 3239 33508 4642 40620 2710 13907 27388 3674 16634 3634 3090 2009 2309 2215 4201 4333 2574 19851 7367 2544
internal_value=4.23642e-05 -0.0163326 0.039814 -0.000282375 -0.0246415 0.0581912 0.0298963 -0.018859 0.0354167 0.058865 0.0321814 -0.00629239 0.0463251 -0.0132662 0.0146597 -0.0125643 -0.0265421 0.0527416 0.0283179 0.0700537 0.082623 0.0614485 0.0532967 0.0647141 0.0347798 0.0391064 0.0644054 -0.0172043 0.0298649 0.0185252
internal_weight=449267 318244 131023 108557 209687 45908 85115 118763 57252 6934 50318 77426 23024 68747 31131 43918 50016 18382 42555 22884 9298 13586 7763 5454 25168 20967 5664 33758 10077 27863
internal_count=449267 318244 131023 108557 209687 45908 85115 118763 57252 6934 50318 77426 23024 68747 31131 43918 50016 18382 42555 22884 9298 13586 7763 5454 25168 20967 5664 33758 10077 27863
cat_boundaries=0 29 42 55 65 97 123 139 149 181 194 220
cat_threshold=1015 0 0 16176 0 0 144128 0 0 397312 0 0 12648448 0 0 1048576 0 0 2147483648 0 0 0 0 0 0 2 0 0 16 72 0 0 16 0 0 25344 0 0 471040 0 0 196608 1004 0 0 16176 0 0 128768 0 0 880640 0 0 2293760 64 0 0 16128 0 0 126976 0 0 532480 0 0 0 128 0 0 6144 0 0 3268608 0 0 52297728 0 0 266338304 0 0 1912602624 0 0 0 0 0 0 0 0 0 1536 0 0 59392 0 0 0 0 0 0 0 0 0 196608 0 0 24903680 0 0 530579456 0 0 4043309056 1 0 0 7 0 0 519 160 0 0 7968 0 0 102400 0 0 1572864 0 0 12582912 0 0 134217728 0 0 0 0 0 0 256 0 0 12288 0 0 0 0 0 0 98304 0 0 106496 0 0 1966080 0 0 668991488 0 0 2013265920 0 0 2147483648 13 0 0 64 0 0 0 0 0 256 962 0 0 12304 0 0 0 0 0 4096 0 0 8454144 19 0 0 192 0 0 133120 0 0 1212416 0 0 12845056 0 0 135266304 0 0 50331648 0 0 1879048192 2 0 0 64
is_linear=0
shrinkage=0.05


Tree=30
num_leaves=31
num_cat=9
split_feature=25 25 25 5 16 30 10 5 17 5 10 7 10 37 5 34 5 16 11 5 34 37 5 5 34 5 16 16 34 10
split_gain=105088 15610 8126.32 4012.7 2571.29 2418.15 2382.73 2439.63 1833.98 1774.28 1635.53 1392.28 1250.76 1201.1 1122.27 1061.43 1219.66 1016.79 1085.87 993.86 992.478 957.422 850.566 830.055 793.715 783.535 780.988 780.868 767.732 1201.96
threshold=4.2862761020660409 6.9513139724731454 2.1702448129653935 0 1.717008173465729 338.06250000000006 2.9200894832611088 1 0.82137703895568859 2 2.1622952222824101 1.5000000000000002 1.874527156352997 -0.63067293167114247 3 -5.8518066406249991 4 2.1541547775268559 2.4412277936935429 5 -6.2445373535156241 -0.097065061330795274 6 7 -0.55697631835937489 8 2.5208816528320317 1.0177195668220522 -3.2279052734374996 1.7795371413230898
decision_type=2 2 2 9 2 2 2 9 2 9 2 2 2 2 9 2 9 2 2 9 2 2 9 9 2 9 2 2 2 2
left_child=2 6 8 5 27 12 7 24 -1 10 -7 21 -3 26 -13 -6 -17 28 -19 -8 25 -5 -9 -22 -2 -10 -11 -4 -16 -30
right_child=1 3 4 11 15 9 19 22 20 13 -12 14 -14 -15 17 16 -18 18 -20 -21 23 -23 -24 -25 -26 -27 -28 -29 29 -31
leaf_value=-0.030043873456025307 0.018987066096464889 0.0050143710654952742 -0.015867263439051538 0.032787525712548136 0.032215499046703143 0.049914643992005597 0.064359854024715071 -0.020636537253267927 0.0061796324821127326 0.030616152948146583 0.10608608127642397 -0.0068721617669660201 0.055296757194046857 0.062284142570236435 0.0075753188302433083 -0.0093339591325263989 0.02180971925433578 0.049096079015381031 0.012527234766446899 0.024376880202036467 -0.032231640149898197 0.060322401980733686 0.0054541288924971664 -0.013582698783927278 0.047333388927270674 -0.015794300095812851 0.062015947698531651 -0.0072241088363671855 0.048131231078324156 0.0096580932763439369
leaf_weight=107809 44350 3183 60943 5591 3733 2008 3275 3504 5304 6156 3804 2056 2015 23861 5504 8533 4951 10091 2551 3062 15550 7390 27505 9797 2611 17148 2944 45794 4740 3556
leaf_count=107809 44350 3183 60943 5591 3733 2008 3275 3504 5304 6156 3804 2056 2015 23861 5504 8533 4951 10091 2551 3062 15550 7390 27505 9797 2611 17148 2944 45794 4740 3556
internal_value=2.2208e-05 0.031052 -0.0188203 0.0461114 -0.00926789 0.0566499 0.0157848 0.0133846 -0.0264285 0.0609571 0.0866495 0.0349068 0.024575 0.0563585 0.0287137 0.00865881 0.00211818 0.0314729 0.0417327 0.045249 -0.0182695 0.0484973 0.0024945 -0.0250498 0.0205685 -0.0106071 0.0408314 -0.0121601 0.0220735 0.0316716
internal_weight=449319 169757 279562 85450 123954 43971 84307 77970 155608 38773 5812 41479 5198 32961 28498 17217 13484 26442 12642 6337 47799 12981 31009 25347 46961 22452 9100 106737 13800 8296
internal_count=449319 169757 279562 85450 123954 43971 84307 77970 155608 38773 5812 41479 5198 32961 28498 17217 13484 26442 12642 6337 47799 12981 31009 25347 46961 22452 9100 106737 13800 8296
cat_boundaries=0 13 36 46 78 107 123 155 181 213
cat_threshold=72 0 0 3088 0 0 58112 0 0 995328 0 0 196608 1023 0 0 12592 0 0 232704 0 0 1359872 0 0 4390912 0 0 1048576 0 0 16777216 0 0 0 12 0 0 0 0 0 0 256 0 0 12288 0 0 0 192 0 0 134144 0 0 2097152 0 0 50331648 0 0 2097152 0 0 33554432 0 0 0 0 0 0 0 0 0 0 0 0 65536 1 0 0 0 0 0 124416 0 0 1990656 0 0 31850496 0 0 417333248 0 0 1644167168 0 0 0 0 0 0 0 0 0 8192 72 0 0 9984 0 0 29440 0 0 12288 0 0 12582912 0 0 134217728 0 0 0 0 0 0 0 0 0 4096 0 0 0 0 0 117440512 0 0 1006632960 0 0 2147483648 0 0 0 257 0 0 15872 0 0 53248 0 0 0 0 0 0 0 0 0 729088 0 0 33423360 0 0 534773760 0 0 4160749568 1 0 0 6 0 0 7 0 0 0 0 0 0 0 0 0 3735552 0 0 59703296 0 0 208666624 0 0 0 0 0 268435456 0 0 0 0 0 0 7680 0 0 94208
is_linear=0
shrinkage=0.05


Tree=31
num_leaves=31
num_cat=11
split_feature=25 41 25 5 25 5 7 5 25 16 5 16 21 30 40 5 5 28 5 28 24 5 22 30 5 21 16 5 8 16
split_gain=94924.4 13808.1 7658.71 3459.08 2971.35 2208.31 1631.3 1600.94 1414.91 1313.65 1609.35 1290.88 1100.33 1019.17 1003.67 1050.61 959.79 1020.48 926.117 754.961 1037.77 1465.78 957.889 718.935 707.588 669.804 650.514 789.393 629.76 839.058
threshold=5.37538766860962 2.7720375061035161 8.3829712867736834 0 1.517652213573456 1 2.5000000000000004 2 3.4609349966049199 2.494888544082642 3 2.8135528564453129 1.6252903938293459 868.81250000000011 2.1927150487899785 4 5 1001.6384277343751 6 1007.9671936035157 28.123077392578129 7 5.5632591247558603 468.31250000000006 8 1.5989527106285097 2.494888544082642 9 10 3.0267024040222172
decision_type=2 2 2 9 2 9 2 9 2 2 9 2 2 2 2 9 9 2 9 2 2 9 2 2 9 2 2 9 1 2
left_child=1 4 7 12 -1 14 -7 9 18 19 -11 -8 -3 -14 23 -16 17 -6 -5 22 21 -21 24 -4 -2 -24 27 -10 -9 -30
right_child=2 3 5 8 16 6 11 28 26 10 -12 -13 13 -15 15 -17 -18 -19 -20 20 -22 -23 25 -25 -26 -27 -28 -29 29 -31
leaf_value=-0.02954824052545247 0.0062252292366695985 0.0077379690302361737 0.021684337542994425 -0.021376776101922196 0.0049432945877579751 0.049933019895726807 0.0081328693972364859 0.027017655885010573 -0.013114400398756899 0.079513676299451067 0.03083967969272082 0.045888917024433276 0.047137164695893963 0.012269325353741879 0.089552386897695069 0.060615289697787671 -0.019566051575466075 -0.016515608451522432 -0.0065333149442998884 0.063940807981865924 0.050366233274181244 0.0172842349889843 0.044766855688592927 0.055503098996019809 0.025102386579557035 0.012001512724341962 0.024959682493786082 0.0043792226509829701 0.0059568722896582056 0.03976747191373442
leaf_weight=85938 8839 23450 2053 16615 8994 16515 5484 8191 8962 2908 4214 3852 3983 4431 4545 11962 96806 14402 28657 2063 7357 9015 6472 6953 11396 2066 2701 22845 14882 2084
leaf_count=85938 8839 23450 2053 16615 8994 16515 5484 8191 8962 2908 4214 3852 3983 4431 4545 11962 96806 14402 28657 2063 7357 9015 6472 6953 11396 2066 2701 22845 14882 2084
internal_value=-1.96957e-05 -0.014778 0.0358205 -0.000615436 -0.0224479 0.0508691 0.0404719 0.026091 -0.00617739 0.0309219 0.0509522 0.0237433 0.0133057 0.0288113 0.0613442 0.0687231 -0.0173694 -0.00826416 -0.0119906 0.0278964 0.0358037 0.0260959 0.0228194 0.0478264 0.0168791 0.0368617 0.00144861 -0.000555131 0.0156315 0.0101309
internal_weight=448635 317784 130851 111644 206140 51364 25851 79487 79780 54330 7122 9336 31864 8414 25513 16507 120202 23396 45272 47208 18435 11078 28773 9006 20235 8538 34508 31807 25157 16966
internal_count=448635 317784 130851 111644 206140 51364 25851 79487 79780 54330 7122 9336 31864 8414 25513 16507 120202 23396 45272 47208 18435 11078 28773 9006 20235 8538 34508 31807 25157 16966
cat_boundaries=0 32 45 58 65 75 107 133 143 156 188 189
cat_threshold=1015 0 0 16176 0 0 144128 0 0 397312 0 0 12648448 0 0 0 0 0 2164260864 0 0 0 0 0 0 2 0 0 0 0 0 8192 72 0 0 16 0 0 29440 0 0 405504 0 0 196608 1005 0 0 16176 0 0 128768 0 0 618496 0 0 2293760 64 0 0 16128 0 0 126976 0 0 0 0 0 0 256 0 0 12288 8 0 0 128 0 0 3072 0 0 122880 0 0 917504 0 0 14680064 0 0 805306368 0 0 0 0 0 0 0 0 0 1024 0 0 1024 0 0 0 128 0 0 100352 0 0 1155072 0 0 786432 0 0 595591168 0 0 2013265920 0 0 2147483648 15 0 0 64 8 0 0 1024 0 0 768 0 0 12288 100 0 0 15360 0 0 123648 0 0 532480 0 0 131072 0 0 0 0 0 0 49152 0 0 3670016 0 0 19136512 0 0 297795584 0 0 402653184 0 0 0 2 0 0 496 0 0 15872 0 0 55296 4
is_linear=0
shrinkage=0.05


Tree=32
num_leaves=31
num_cat=0
split_feature=25 25 25 14 16 7 14 27 34 38 34 36 7 18 16 19 0 0 25 34 30 15 22 39 7 43 43 0 7 43
split_gain=86232 12582.6 7043.51 3146.52 2587.32 1858.93 1523.77 2858.67 1656.15 2147.64 1450.56 1252.92 1187.89 1121.18 1042.65 986.948 916.241 915.418 880.808 860.877 951.399 850.95 850.299 956.213 745.609 591.69 573.003 593.91 572.041 557.071
threshold=5.37538766860962 3.0687775611877446 8.634003162384035 0.56519147753715526 1.3248680233955386 1.5000000000000002 2.049690961837769 1002.0530395507814 -1.2141418457031248 0.046549975872039802 -6.9136352539062491 76.518058776855483 1.5000000000000002 2.1325036287307744 3.1737620830535893 1.0001694560050967 17.250000000000004 10.250000000000002 11.147492885589601 -2.4492492675781246 559.93750000000011 2.2285319566726689 6.6275596618652353 0.97757244110107433 1.5000000000000002 0.91028350591659557 6.7230098247528085 11.250000000000002 1.5000000000000002 6.1873614788055429
decision_type=2 2 2 2 2 2 2 2 2 2 2 2 2 2 2 2 2 2 2 2 2 2 2 2 2 2 2 2 2 2
left_child=1 3 6 25 12 18 11 -8 9 26 15 19 -3 -7 17 -5 22 -6 -4 28 -21 -12 -11 -24 -13 -1 -9 -28 -2 -19
right_child=2 4 5 10 14 13 7 8 -10 16 21 24 -14 -15 -16 -17 -18 29 -20 20 -22 -23 23 -25 -26 -27 27 -29 -30 -31
leaf_value=-0.034974293825103732 0.027431720263695333 0.0023026959993489231 0.059426229172516498 -0.011829703652847625 0.024641993990037647 0.033438300743201893 0.083870350233372304 0.019113656701037401 0.059399893377243509 0.031442602431046067 -0.021447879355070712 0.022290523099665047 -0.013616259569914786 0.052348069185138027 0.04262695321108137 0.01192748402836951 0.013694154688109124 0.0061815125920595231 0.094430302717836548 0.011723646362547947 0.038122354216450348 0.010682979809142235 0.06900599072031402 0.032564513464420533 -0.013897033795164793 -0.025504029306871664 0.019145362632913641 -0.012682018557105932 0.0080760420459820813 -0.020354050627874969
leaf_weight=21818 5698 19941 12407 55421 6791 15658 2490 10233 4002 10689 69395 2125 28403 15885 2240 4738 3875 36046 2138 4826 11744 2118 4262 3166 4261 68942 2400 3731 11565 2083
leaf_count=21818 5698 19941 12407 55421 6791 15658 2490 10233 4002 10689 69395 2125 28403 15885 2240 4738 3875 36046 2138 4826 11744 2118 4262 3166 4261 68942 2400 3731 11565 2083
internal_value=-3.11699e-05 -0.0141033 0.0340799 -0.0206208 0.00107673 0.0498225 0.025546 0.0318849 0.0288098 0.0256035 -0.0156814 0.0184713 -0.00705087 0.0429748 0.00940811 -0.00995696 0.035807 0.00774248 0.0646329 0.0223044 0.0304455 -0.0204949 0.0405264 0.0535384 -0.00183927 -0.0277842 0.0118772 -0.000212198 0.014477 0.00472691
internal_weight=449091 317936 131155 222432 95504 46088 85067 44848 42358 38356 131672 40219 48344 31543 47160 60159 21992 44920 14545 33833 16570 71513 18117 7428 6386 90760 16364 6131 17263 38129
internal_count=449091 317936 131155 222432 95504 46088 85067 44848 42358 38356 131672 40219 48344 31543 47160 60159 21992 44920 14545 33833 16570 71513 18117 7428 6386 90760 16364 6131 17263 38129
is_linear=0
shrinkage=0.05


Tree=33
num_leaves=31
num_cat=0
split_feature=42 42 42 42 10 21 37 14 1 34 21 34 0 24 41 27 21 14 24 34 21 41 37 27 18 34 37 41 24 10
split_gain=78577.5 12212.1 5758.09 3365.82 2053.25 1907.85 1734.64 1648.72 1286.46 1175.35 1160.81 1138.1 1391.33 1018.78 1014.99 815.892 781.338 771.932 750.547 740.787 894.837 690.967 686.193 876.946 757.886 655.121 654.913 650.787 641.463 633.599
threshold=4.2001562118530282 6.6252181529998788 1.9655184149742129 9.7845506668090838 2.8625578880310063 1.2979725599288943 -0.97297441959381092 2.442704558372498 72.250000000000014 -1.1081237792968748 0.65157639980316173 -7.9419250488281241 14.750000000000002 28.381622314453129 7.2418172359466562 1003.9586486816407 1.4797673225402834 1.0322017669677737 28.722198486328129 -1.1603698730468748 1.1791030168533327 3.1706702709198002 -0.58172678947448719 1004.860321044922 1.9528043866157534 -6.2445373535156241 0.42180442810058599 2.4757210016250615 28.052520751953129 2.68965756893158
decision_type=2 2 2 2 2 2 2 2 2 2 2 2 2 2 2 2 2 2 2 2 2 2 2 2 2 2 2 2 2 2
left_child=2 4 10 6 9 15 13 19 29 21 -1 -9 -13 -3 16 17 -10 -4 -6 20 -8 -2 23 -23 -25 -12 -16 -17 -11 -5
right_child=1 3 5 8 18 -7 7 11 14 28 25 12 -14 -15 26 27 -18 -19 -20 -21 -22 22 -24 24 -26 -27 -28 -29 -30 -31
leaf_value=-0.027105020494720623 -0.0046638704759133379 -0.00018764217539774677 -0.0117643357653388 0.058793776305955482 0.05270500030245711 0.0085948991079895631 0.036892526258161008 0.083749414497723579 0.050244624088194967 0.019313135888830976 -0.010305888813671588 0.053992137546863106 0.025564499705923602 0.028162150322811386 0.046552136350353199 -0.019637642213956308 0.016951155258730869 0.0014877513680033778 0.01622720190503555 0.049992058656831609 0.020201561215741685 0.024327342109774892 0.01334852121046559 0.0036053453894087195 -0.02166703531614866 -0.022498968879018026 0.075635996092198426 -0.0105577972430747 0.052414185049337703 0.087809023252154436
leaf_weight=91256 9975 5287 24639 4407 3939 13302 14914 2021 3349 5245 19272 12562 6591 7900 4743 33434 3740 19825 2212 4307 17505 3331 38323 9594 4283 25798 3373 48278 2033 3457
leaf_count=91256 9975 5287 24639 4407 3939 13302 14914 2021 3349 5245 19272 12562 6591 7900 4743 33434 3740 19825 2212 4307 17505 3331 38323 9594 4283 25798 3373 48278 2033 3457
internal_value=1.83499e-05 0.0264239 -0.0165538 0.0385833 0.0119168 -0.00941035 0.0331889 0.036917 0.0551845 0.00956919 -0.0238612 0.0480379 0.044228 0.0168045 0.0466301 -0.0113091 0.0327283 -0.00585667 0.0396346 0.0304941 0.0278891 0.00744867 0.00962488 0.00132924 -0.00420471 -0.0172886 0.0587176 -0.0142749 0.0286186 0.0716441
internal_weight=448895 173091 275804 94156 78935 139478 71087 57900 23069 72784 136326 21174 19153 13187 15205 126176 7089 44464 6151 36726 32419 65506 55531 17208 13877 45070 8116 81712 7278 7864
internal_count=448895 173091 275804 94156 78935 139478 71087 57900 23069 72784 136326 21174 19153 13187 15205 126176 7089 44464 6151 36726 32419 65506 55531 17208 13877 45070 8116 81712 7278 7864
is_linear=0
shrinkage=0.05


Tree=34
num_leaves=31
num_cat=11
split_feature=2 26 43 27 5 37 27 5 5 37 5 22 43 16 10 37 5 27 5 14 26 27 5 37 5 21 27 5 5 5
split_gain=70802.1 9827.46 6622.88 3124.52 2772.63 2443.36 3029.34 2301.79 1860.94 1804.47 1580.87 1243.26 1184.35 1145.52 1426.19 1167.51 1013.76 978.513 1083.78 921.098 912.883 876.798 917.458 852.128 820.048 710.061 703.455 801.316 679.993 655.109
threshold=1.0000000180025095e-35 8.1032290458679217 2.2053861618041997 1002.7447204589845 0 -0.60628122091293324 1004.246795654297 1 2 0.086489677429199233 3 26.00812911987305 1.1997244358062746 2.3523837327957158 2.9200894832611088 -1.6071400642395017 4 1005.9878845214845 5 2.442704558372498 6.543736696243287 1004.1050720214845 6 -1.9505975842475889 7 1.4176595211029055 1002.8280639648439 8 9 10
decision_type=2 2 2 2 9 2 2 9 9 2 9 2 2 2 2 2 9 2 9 2 2 2 9 2 9 2 2 9 9 9
left_child=2 5 12 11 9 6 -2 20 17 13 -8 -3 -1 15 28 -5 -10 18 -7 -11 -4 29 -23 -12 -6 -17 27 -14 -15 -9
right_child=1 3 7 4 24 8 10 21 16 19 23 -13 26 14 -16 25 -18 -19 -20 -21 -22 22 -24 -25 -26 -27 -28 -29 -30 -31
leaf_value=-0.02812957710628582 0.057453296201323695 0.054154566369357476 -0.0010523373701004984 -0.0085558476026960772 -0.0029398103258500268 0.0030224266984204447 0.015552319842060458 -0.01146834452013332 0.049180883367192341 0.042578369032419031 -0.032682910811250764 0.09361525793687836 0.0047181581134303381 0.084504157022417772 0.015094186757595846 0.038861162098997759 0.024231393015212866 -0.00072096163478994251 0.052965609193923596 0.063749745553115592 0.016330267014106819 -0.026774862217704788 -0.011462938771092536 -0.0048469319114111667 0.0246734084244635 0.017616562152929078 -0.020750175818004216 -0.017352340488762653 0.047801602499435075 0.00080568274388980127
leaf_weight=51041 2354 7048 28386 2038 3138 2267 9094 22311 4757 10258 3345 2827 6197 2301 2113 11244 29342 11438 2081 10529 10281 12701 42879 15259 18868 6088 82012 12183 3214 21187
leaf_count=51041 2354 7048 28386 2038 3138 2267 9094 22311 4757 10258 3345 2827 6197 2301 2113 11244 29342 11438 2081 10529 10281 12701 42879 15259 18868 6088 82012 12183 3214 21187
internal_value=4.51555e-05 0.0267766 -0.0147089 0.0392041 0.0354697 0.0143878 0.00312369 -0.00677429 0.0211716 0.0422355 -0.00151274 0.0655346 -0.0219253 0.0336943 0.0501138 0.0272057 0.0277388 0.00695555 0.0271209 0.0533276 0.00357155 -0.0108112 -0.014973 -0.00986141 0.0207367 0.0314133 -0.0187684 -0.0099194 0.0634796 -0.00549355
internal_weight=448781 159603 289178 79666 69791 79937 30052 137745 49885 47785 27698 9875 151433 26998 7628 19370 34099 15786 4348 20787 38667 99078 55580 18604 22006 17332 100392 18380 5515 43498
internal_count=448781 159603 289178 79666 69791 79937 30052 137745 49885 47785 27698 9875 151433 26998 7628 19370 34099 15786 4348 20787 38667 99078 55580 18604 22006 17332 100392 18380 5515 43498
cat_boundaries=0 10 42 68 84 100 126 155 171 203 213 242
cat_threshold=488 0 0 7728 0 0 62208 0 0 77824 24 0 0 384 0 0 3072 0 0 49152 0 0 131072 0 0 1048576 0 0 50331648 0 0 536870912 0 0 0 0 0 0 0 0 0 12288 16 0 0 1024 0 0 70656 0 0 4128768 0 0 31457280 0 0 402653184 0 0 0 0 0 0 0 0 0 128 1016 0 0 432 0 0 69888 0 0 65536 0 0 0 0 0 1048576 192 0 0 0 0 0 256 0 0 4096 0 0 65536 0 0 1048576 16 0 0 0 0 0 4096 0 0 2293760 0 0 6291456 0 0 268435456 0 0 0 0 0 0 0 0 0 128 0 0 0 0 0 0 0 0 0 131072 0 0 20512768 0 0 532676608 0 0 4160749568 1 0 2147483648 33 0 0 518 0 0 16 0 0 0 64 0 0 132096 0 0 2097152 0 0 31457280 0 0 134217728 0 0 0 0 0 0 0 0 0 114688 0 0 18808832 0 0 267386880 0 0 1073741824 0 0 536870912 12 0 0 0 0 0 0 0 0 256 64 0 0 3072 0 0 57344 0 0 4096 0 0 0 0 0 0 0 0 0 0 0 0 6356992 0 0 922746880 0 0 2617245696 3 0 3221225472 1 0 0 823 0 0 4400
is_linear=0
shrinkage=0.05


Tree=35
num_leaves=31
num_cat=0
split_feature=42 42 41 42 16 42 27 10 7 16 10 0 24 10 0 21 28 40 30 27 33 24 41 16 27 42 0 22 16 0
split_gain=63797.7 10386.8 4899.41 2062.64 1930.03 1728.75 1288.65 1212.64 1074.68 1185.22 1582 1437.87 1013.4 973.263 857.12 847.626 840.14 815.879 863.259 902.142 858.461 813.219 802.312 786.545 766.378 708.99 644.764 623.758 621.529 593.842
threshold=4.2001562118530282 7.8379023075103769 2.0993491411209111 5.8189976215362558 1.951957166194916 10.546394348144533 1005.4730834960939 2.8625578880310063 1.5000000000000002 2.2884960174560551 3.1014621257781987 17.750000000000004 27.886505126953129 3.4456526041030888 14.250000000000002 1.719624996185303 994.29531860351574 1.4801400899887087 626.56250000000011 1008.893280029297 18.069312095642093 28.221466064453129 0.99780306220054638 1.9831608533859255 1008.0046691894532 2.5019049644470219 13.250000000000002 10.507106781005861 2.3739675283432011 20.750000000000004
decision_type=2 2 2 2 2 2 2 2 2 2 2 2 2 2 2 2 2 2 2 2 2 2 2 2 2 2 2 2 2 2
left_child=2 3 22 7 16 8 -6 29 -3 15 11 12 -11 17 -7 -10 -4 18 24 20 -20 -21 -1 -23 -5 -18 -8 -19 -29 -2
right_child=1 5 4 13 6 14 26 -9 9 10 -12 -13 -14 -15 -16 -17 25 27 19 21 -22 23 -24 -25 -26 -27 -28 28 -30 -31
leaf_value=-0.029986198648864655 0.0092737711294055714 0.046200357295454103 0.014884746716310994 0.035758861727811016 0.043739034196587728 0.038468260729469038 0.024637006597406141 0.034237890803201353 0.028706034449863017 0.022657689005576135 0.0041486723323784381 0.012338486949923852 0.061934169419289024 0.054239127611779625 0.066286416790148114 0.0048537624600423221 -0.014844533932259161 0.0097656928024597855 0.039206585426969642 0.026692575325577412 0.007032212051624992 0.040011816547112118 -0.020165743148505427 0.080233430310429663 -0.0018156839675859471 -0.0076162888390772596 -0.0046343607563905168 0.017332874548131729 0.050607711743448039 -0.0022809263943179819
leaf_weight=26475 36215 16733 3159 2019 2283 4307 2457 4007 13610 2017 2506 2417 9215 2172 8043 5133 66670 20284 3588 4123 4905 2990 97971 2090 4095 69149 7915 4682 2006 16040
leaf_count=26475 36215 16733 3159 2019 2283 4307 2457 4007 13610 2017 2506 2417 9215 2172 8043 5133 66670 20284 3588 4123 4905 2990 97971 2090 4095 69149 7915 4682 2006 16040
internal_value=1.83155e-05 0.0238058 -0.014905 0.0144318 -0.00886986 0.0398024 0.00981806 0.00776349 0.0357686 0.0307549 0.0406838 0.0473838 0.0549075 0.0215139 0.0566239 0.0221799 -0.0105721 0.0201038 0.0268504 0.0324452 0.0206549 0.0432917 -0.0222572 0.0566848 0.0106305 -0.0111653 0.00231672 0.0141404 0.027374 0.00572723
internal_weight=449276 173197 276079 109216 151633 63981 12655 56262 51631 34898 16155 13649 11232 52954 12350 18743 138978 50782 23810 17696 8493 9203 124446 5080 6114 135819 10372 26972 6688 52255
internal_count=449276 173197 276079 109216 151633 63981 12655 56262 51631 34898 16155 13649 11232 52954 12350 18743 138978 50782 23810 17696 8493 9203 124446 5080 6114 135819 10372 26972 6688 52255
is_linear=0
shrinkage=0.05


Tree=36
num_leaves=31
num_cat=12
split_feature=25 25 25 5 5 5 5 38 34 10 10 17 30 5 5 39 34 5 29 7 5 5 44 7 34 5 5 5 10 27
split_gain=57936.2 8969.07 4795.93 2345.88 1848.74 1584.73 1395.92 1212.46 1828.42 1258.68 965.619 894.244 862.359 956.795 834.482 815.89 814.388 788.878 746.961 689.881 679.232 678.336 764.341 651.555 621.841 812.567 679.96 587.473 752.149 572.782
threshold=5.4851651191711435 2.6389555931091313 9.2198014259338397 0 1 2 3 0.24841541051864627 -1.1081237792968748 2.8130500316619877 3.1693751811981206 1.0577216148376467 240.56250000000003 4 5 0.56431168317794811 -7.1784362792968741 6 0.99611282348632824 1.5000000000000002 7 8 7.9476122856140146 1.5000000000000002 -6.0448913574218741 9 10 11 3.1014621257781987 1001.4566345214845
decision_type=2 2 2 9 9 9 9 2 2 2 2 2 2 9 9 2 2 9 2 2 9 9 2 2 2 9 9 9 2 2
left_child=1 4 5 10 29 7 19 8 9 15 12 -6 -3 23 -5 -2 -15 18 -7 -4 -17 22 -9 -14 25 -13 -26 -21 -29 -1
right_child=2 3 6 14 11 17 -8 21 -10 -11 -12 24 13 16 -16 20 -18 -19 -20 27 -22 -23 -24 -25 26 -27 -28 28 -30 -31
leaf_value=-0.010318058859731995 0.018767190017658017 -0.0087417802252182826 0.062504897954552566 -0.00074972460444058928 -0.016249567819711902 0.015638936463558684 0.026941122487200039 0.07041268490090391 0.056366746143367043 0.043246880508475513 0.037577832417553116 0.030013741923081372 0.0063787835596492738 0.029440785262062542 -0.010349894239677509 0.017191084249865426 0.0019015394729683978 0.0011564958930013044 0.035966413865665812 0.062823976541955998 -0.014678262747604413 0.030496503762514789 0.03738481807868678 0.039942304737117663 -0.019900330820947838 -0.0032145678483282516 0.0035936944931631008 0.044795854160344588 0.011603681561117914 -0.023740661461072222
leaf_weight=8698 9321 6706 8298 47749 61405 29273 8434 2563 2995 3184 2848 2141 2225 3154 43036 2553 17726 7788 5346 3637 4757 20383 5688 4143 10267 12364 4394 11301 2020 94923
leaf_count=8698 9321 6706 8298 47749 61405 29273 8434 2563 2995 3184 2848 2141 2225 3154 43036 2553 17726 7788 5346 3637 4757 20383 5688 4143 10267 12364 4394 11301 2020 94923
internal_value=1.93327e-05 -0.0112842 0.0285362 -0.000985428 -0.0180502 0.0227227 0.0447193 0.028625 0.0200151 0.0144949 0.00966001 -0.0128243 0.00731079 0.0112632 -0.0053019 0.00896769 0.00607064 0.0155472 0.018782 0.0506124 -0.00353626 0.0354842 0.0476594 0.0281993 -0.00561426 0.00172583 -0.0128725 0.0447895 0.0397452 -0.0226129
internal_weight=449320 321779 127541 127587 194192 93851 33690 51444 22810 19815 36802 90571 33954 27248 90785 16631 20880 42407 34619 25256 7310 28634 8251 6368 29166 14505 14661 16958 13321 103621
internal_count=449320 321779 127541 127587 194192 93851 33690 51444 22810 19815 36802 90571 33954 27248 90785 16631 20880 42407 34619 25256 7310 28634 8251 6368 29166 14505 14661 16958 13321 103621
cat_boundaries=0 19 51 64 77 93 125 147 160 173 205 234 244
cat_threshold=1023 0 0 12080 0 0 144128 0 0 405504 0 0 12779520 0 0 1048576 0 0 16777216 512 0 0 0 0 0 65536 0 0 65536 0 0 7864320 0 0 838860800 0 0 3758096384 3 0 2147483648 63 0 0 540 0 0 240 0 0 1536 456 0 0 7984 0 0 128256 0 0 356352 0 0 458752 200 0 0 304 0 0 62208 0 0 995328 0 0 12779520 962 0 0 48 0 0 768 0 0 0 0 0 196608 0 0 1048576 0 0 0 4288 0 0 117760 0 0 638976 0 0 37486592 0 0 673185792 0 0 1107296256 0 0 805306368 28 0 0 0 0 0 0 0 0 80128 567 0 0 8384 0 0 2560 0 0 1703936 0 0 6291456 0 0 1048576 0 0 16777216 0 0 805306368 456 0 0 4112 0 0 66560 0 0 0 0 0 65536 64 0 0 3072 0 0 57600 0 0 274432 0 0 65536 0 0 0 0 0 0 0 0 0 1851392 0 0 25624576 0 0 137363456 0 0 0 0 0 0 0 0 0 0 0 0 8192 0 0 12288 8 0 0 128 0 0 49152 0 0 2007040 0 0 25559040 0 0 233832448 0 0 520093696 0 0 268435456 0 0 0 259 0 0 512 0 0 0 0 0 0 256 0 0 12288
is_linear=0
shrinkage=0.05


Tree=37
num_leaves=31
num_cat=1
split_feature=41 25 25 25 10 0 28 14 8 41 29 10 18 14 25 14 25 43 11 36 22 28 14 20 13 18 15 24 28 19
split_gain=52219.1 9600.88 3362.53 2424.61 1688.33 1361.04 2351.9 3243.42 1180.83 1141.16 1003.13 980.21 947.741 897.397 888.198 856.79 760.169 773.398 719.526 580.942 623.166 784.356 600.121 742.511 571.459 552.926 540.336 504.253 521.468 498.632
threshold=3.7705234289169316 6.6252181529998788 2.1137690544128422 9.406776428222658 3.4456526041030888 11.250000000000002 1003.3428344726564 2.7490779161453252 0 7.9768826961517343 0.99528121948242199 3.4456526041030888 2.0507614016532902 1.0237618684768679 1.1464006304740908 2.6073861122131352 4.071580410003663 6.8634650707244882 1.5813664793968203 76.518058776855483 4.8308372497558603 1007.8071899414064 2.6283648014068608 1.6298899054527285 2.0051014423370366 1.7487035393714907 2.343792319297791 28.680694580078129 1005.8790588378907 1.4409695267677309
decision_type=2 2 2 2 2 2 2 2 1 2 2 2 2 2 2 2 2 2 2 2 2 2 2 2 2 2 2 2 2 2
left_child=2 4 14 10 5 18 7 -7 9 11 19 24 -12 -4 -1 -11 -8 -18 -2 20 21 29 23 -21 27 -23 -26 28 -5 -3
right_child=1 3 13 8 -6 6 16 -9 -10 15 12 -13 -14 -15 -16 -17 17 -19 -20 22 -22 25 -24 -25 26 -27 -28 -29 -30 -31
leaf_value=-0.024583064854914558 0.012494205013715402 0.021930183090717821 -0.011910791051657457 -0.0051023599740344511 0.040738122485824799 0.010152993111799751 -0.011193183660427956 0.071681969292724898 0.057853224844673916 0.034115064186776546 0.030844744453750302 -0.0035828273309938181 0.062800133651552847 -0.0031368068747638211 -0.016420512063341886 0.070341509046803904 0.0052064045351965871 -0.021539263661749061 0.032465393172440238 0.016428776881118077 0.037453326884002075 0.027721956893715385 0.025323786645621793 -0.020997682490487578 0.065328408919150663 0.056186451983516933 0.032559588347617255 0.041217270138859487 0.03077309419775684 0.0053206162303735018
leaf_weight=51232 18824 15443 64088 2007 3959 14774 16420 2496 9606 3072 9334 2043 3103 53457 95773 3560 25175 3018 5933 3200 8816 7918 4721 2247 2173 2187 3072 2601 2030 6397
leaf_count=51232 18824 15443 64088 2007 3959 14774 16420 2496 9606 3072 9334 2043 3103 53457 95773 3560 25175 3018 5933 3200 8816 7918 4721 2247 2173 2187 3072 2601 2030 6397
internal_value=4.29547e-06 0.0204497 -0.0142261 0.031686 0.00884771 0.00738595 0.00342099 0.019082 0.0433581 0.0365602 0.0261238 0.0283947 0.0388616 -0.00792117 -0.0192667 0.0536377 -0.00264441 0.00233672 0.0172915 0.0230062 0.0256741 0.0224127 0.0122963 0.000979403 0.0338909 0.0339319 0.0462342 0.024083 0.012969 0.0170699
internal_weight=448679 184129 264550 93530 90599 86640 61883 17270 30164 20558 63366 13926 12437 117545 147005 6632 44613 28193 24757 50929 40761 31945 10168 5447 11883 10105 5245 6638 4037 21840
internal_count=448679 184129 264550 93530 90599 86640 61883 17270 30164 20558 63366 13926 12437 117545 147005 6632 44613 28193 24757 50929 40761 31945 10168 5447 11883 10105 5245 6638 4037 21840
cat_boundaries=0 1
cat_threshold=2
is_linear=0
shrinkage=0.05


Tree=38
num_leaves=31
num_cat=9
split_feature=25 25 43 5 5 38 15 10 7 37 23 21 37 5 5 29 7 5 10 5 25 5 15 13 29 5 37 10 5 15
split_gain=47505.7 7956.6 3329.61 2289.95 1689.59 1355.69 1344.16 1314.53 1097.66 1389.47 994.835 957.499 896.109 977.658 959.551 817.511 815.82 804.113 843.139 772.596 679.526 666.797 539.907 513.876 506.004 508.623 501.102 768.24 655.537 468.965
threshold=4.071580410003663 7.0240454673767099 1.9791529178619387 0 1 2.2562059164047246 2.2285319566726689 2.8130500316619877 2.5000000000000004 -0.3495048582553863 28.306945800781254 1.3239586949348452 -0.9518260359764098 2 3 0.99454879760742199 1.5000000000000002 4 3.2559273242950444 5 1.0251197218894961 6 2.0766659975051884 0.95973432064056408 0.99500656127929699 7 0.097780108451843276 0.94903627038002025 8 1.3647901415824892
decision_type=2 2 2 9 9 2 2 2 2 2 2 2 2 9 9 2 2 9 2 9 2 9 2 2 2 9 2 2 9 2
left_child=2 4 20 5 16 15 19 12 9 -5 11 -9 13 -6 23 -3 -2 -7 -19 29 -1 22 -10 -14 -11 -26 28 -28 -21 -4
right_child=1 3 6 8 7 17 -8 10 21 24 -12 -13 14 -15 -16 -17 -18 18 -20 26 -22 -23 -24 -25 25 -27 27 -29 -30 -31
leaf_value=-0.02447705718707132 0.011698533231585607 0.028076800388279595 -0.0052499172604014857 0.013840097985097489 -0.012612261671645045 0.071160330706083325 0.015289988097561866 0.018457853201240739 0.0068424548369892882 0.031403861687383634 0.0064124147834342948 0.061608627928557272 0.012197879814665575 0.012931008805395614 0.0060867937550184471 0.05285114517718336 -0.018106153216330419 0.050809173648007348 0.0171959825404354 -0.019969123612372651 -0.016559871196413778 -0.0014966561418637613 0.030719916517666108 0.02443531438943735 0.067903992115503964 0.037228349501836691 -0.0093421375462587001 0.0068409861811410183 -0.0096918533356146301 0.012796219156871742
leaf_weight=38733 3354 19758 9204 9744 7845 3869 6010 2172 4189 12544 2591 3182 16171 7133 26815 4019 7230 10263 2296 21926 90828 5476 5456 18355 2282 3740 35580 9229 53474 5899
leaf_count=38733 3354 19758 9204 9744 7845 3869 6010 2172 4189 12544 2591 3182 16171 7133 26815 4019 7230 10263 2296 21926 90828 5476 5456 18355 2282 3740 35580 9229 53474 5899
internal_value=5.70552e-05 0.0200842 -0.013139 0.0313257 0.0101693 0.0399333 -0.00783047 0.0125335 0.0233356 0.0291502 0.0318804 0.0441704 0.0105172 -0.00044702 0.013194 0.0322848 -0.00865095 0.0510013 0.0446472 -0.00885843 -0.0189285 0.0124526 0.0203463 0.0187034 0.0371736 0.0491203 -0.0101971 -0.00600823 -0.0126866 0.00180124
internal_weight=449367 178484 270883 83636 94848 40205 141322 84264 43431 28310 7945 5354 76319 14978 61341 23777 10584 16428 12559 135312 129561 15121 9645 34526 18566 6022 120209 44809 75400 15103
internal_count=449367 178484 270883 83636 94848 40205 141322 84264 43431 28310 7945 5354 76319 14978 61341 23777 10584 16428 12559 135312 129561 15121 9645 34526 18566 6022 120209 44809 75400 15103
cat_boundaries=0 13 45 64 87 97 129 151 164 193
cat_threshold=72 0 0 3088 0 0 58112 0 0 471040 0 0 65536 0 0 0 0 0 0 0 0 0 2097152 0 0 16777216 0 0 532676608 0 0 1040187392 1 0 2147483648 0 0 0 389 0 0 16144 0 0 126976 23 0 0 15968 0 0 189952 0 0 45056 0 0 42139648 0 0 540016640 0 0 1073741824 991 0 0 14704 0 0 232704 0 0 20480 0 0 65536 0 0 1048576 0 0 0 0 0 0 12 0 0 0 0 0 0 256 0 0 12288 1015 0 0 10016 0 0 135936 0 0 4096 0 0 196608 0 0 0 0 0 50331648 0 0 536870912 0 0 0 0 0 0 0 0 0 77824 417 0 0 4896 0 0 69632 0 0 540672 0 0 2228224 0 0 0 0 0 16777216 0 0 536870912 0 0 0 4096 0 0 65536 0 0 1572864 0 0 29360128 0 0 0 6144 0 0 114688 0 0 4112384 0 0 29884416 0 0 864026624 0 0 2952790016 3 0 0 32 0 0 540 0 0 32
is_linear=0
shrinkage=0.05


Tree=39
num_leaves=31
num_cat=8
split_feature=2 26 42 27 37 27 5 37 5 5 5 5 7 37 24 5 5 14 4 27 5 28 7 19 37 13 14 37 41 35
split_gain=43097.8 6345.57 4457.84 2690.27 1994.68 2500.26 1959.7 1582.91 1433.27 1374.12 1355.98 1150.29 871.215 853.595 832.607 766.927 763.062 685.392 667.624 992.783 1169.62 693.061 658.975 644.919 616.476 605.903 553.664 552.727 719.064 915.435
threshold=1.0000000180025095e-35 8.2437901496887225 2.4788026809692387 1001.7612609863282 -0.9518260359764098 1004.3148498535157 0 0.02350103855133057 1 2 3 4 2.5000000000000004 -0.65789365768432606 28.468536376953129 5 6 2.5467479228973393 1.0000000180025095e-35 1005.686492919922 7 1005.9609375000001 1.5000000000000002 1.2697049379348757 -2.1727049350738521 0.99631965160369884 1.898006319999695 0.23605364561080935 6.6656799316406259 3.2582283020019536
decision_type=2 2 2 2 2 2 9 2 9 9 9 9 2 2 2 9 9 2 2 2 9 2 2 2 2 2 2 2 2 2
left_child=2 4 11 17 5 -2 7 14 -6 -7 25 -1 13 -8 23 -16 -14 -3 19 -10 21 -21 -12 -5 -11 -4 -9 -22 29 -29
right_child=1 3 10 6 8 9 12 26 18 24 22 -13 16 -15 15 -17 -18 -19 -20 20 27 -23 -24 -25 -26 -27 -28 28 -30 -31
leaf_value=-0.020114273816331449 0.050498231823713428 0.041153013876807164 -0.0010900979166446243 0.028373145639014965 0.02752719632847981 0.014338800535937647 0.0086208208609758058 0.028584526388007236 0.039184344645149437 -0.036741678124104671 -0.00090167438340266735 -0.012067452721148116 -0.018472339532911539 0.031417858667030236 0.054914543850802612 0.026849267738243428 0.0144735035983115 0.076291089174788204 -0.0044330439160141085 0.0048027450156203754 0.0093657640105760838 -0.028103573544178972 -0.011404973684688555 0.0015236503823690903 -0.010141814644013702 0.011339086235311512 0.051314139752421967 0.01459368192437858 0.0088919386487387609 0.052653595509099572
leaf_weight=95634 2078 2259 26918 4540 18586 5472 5607 3343 3384 2660 22199 83318 2168 15428 3545 8150 8959 3786 6105 4191 14984 2576 45628 4401 11910 15412 14455 2961 4516 3403
leaf_count=95634 2078 2259 26918 4540 18586 5472 5607 3343 3384 2660 22199 83318 2168 15428 3545 8150 8959 3786 6105 4191 14984 2576 45628 4401 11910 15412 14455 2961 4516 3403
internal_value=1.07372e-05 0.0208777 -0.0114994 0.0312458 0.0112812 -0.0015726 0.0284968 0.0361224 0.0159644 -0.00699392 -0.00358554 -0.0163704 0.0193584 0.0253482 0.0266854 0.0354659 0.00803988 0.0632497 0.0108477 0.0134416 0.0107607 -0.0077353 -0.00796683 0.0151736 -0.0150096 0.00343606 0.0470633 0.015598 0.024179 0.034996
internal_weight=448576 159467 289109 76641 82826 22120 70596 38434 60706 20042 110157 178952 32162 21035 20636 11695 11127 6045 42120 36015 32631 6767 67827 8941 14570 42330 17798 25864 10880 6364
internal_count=448576 159467 289109 76641 82826 22120 70596 38434 60706 20042 110157 178952 32162 21035 20636 11695 11127 6045 42120 36015 32631 6767 67827 8941 14570 42330 17798 25864 10880 6364
cat_boundaries=0 10 26 42 74 106 116 132 148
cat_threshold=456 0 0 3120 0 0 58112 0 0 12288 972 0 0 14352 0 0 256 0 0 4096 0 0 65536 0 0 1048576 1000 0 0 400 0 0 12544 0 0 65536 0 0 0 0 0 1048576 24 0 0 128 0 0 3072 0 0 122880 0 0 1441792 0 0 1048576 0 0 1124073472 0 0 536870912 16 0 0 0 0 0 0 0 0 8192 0 0 0 0 0 0 0 0 0 204800 0 0 24641536 0 0 838860800 0 0 3758096384 3 0 2147483648 63 0 0 524 0 0 224 0 0 1536 0 0 0 32 0 0 17152 0 0 12288 0 0 0 8256 0 0 132096 0 0 3145728 0 0 29360128 0 0 135266304 16 0 0 0 0 0 0 0 0 1966080 0 0 29360128 0 0 134217728
is_linear=0
shrinkage=0.05


Tree=40
num_leaves=31
num_cat=0
split_feature=25 25 41 10 37 15 30 11 1 34 34 21 12 24 16 34 38 37 25 34 36 37 24 16 12 15 31 12 10 41
split_gain=39116 6443.15 2911.21 1543.4 1406.65 1241.73 1104.03 1110.48 1086.06 1033.12 976.371 961.243 1301.27 816.329 795.242 2611.39 1001.49 997.276 708.656 688.111 676.234 660.257 642.943 702.668 805.317 627.473 604.181 600.604 600.081 549.162
threshold=4.071580410003663 7.3075726032257089 2.0396054983139043 2.9200894832611088 -0.59364932775497425 2.2285319566726689 338.06250000000006 2.7546676397323613 92.750000000000014 -9.2964477539062482 -1.1081237792968748 1.3151985406875613 2.2640451192855839 28.403839111328129 2.2689859867095952 -7.0163879394531241 0.01542031764984131 -0.87525838613510121 6.0579118728637704 -8.5253601074218732 91.33386611938478 -1.3872778415679929 28.098907470703129 1.8796818256378176 1.1706255078315737 1.2201705574989321 83.57004547119142 0.79130804538726818 1.874527156352997 0.90759024024009716
decision_type=2 2 2 2 2 2 2 2 2 2 2 2 2 2 2 2 2 2 2 2 2 2 2 2 2 2 2 2 2 2
left_child=2 3 29 10 13 9 28 8 19 25 14 -5 -13 21 17 -16 26 20 -19 -8 -2 -3 23 24 -12 -4 -17 -21 -6 -1
right_child=1 4 5 11 6 -7 7 -9 -10 -11 22 12 -14 -15 15 16 -18 18 -20 27 -22 -23 -24 -25 -26 -27 -28 -29 -30 -31
leaf_value=-0.02589865873570198 -0.0025261298232440682 -0.019432876218295082 -0.0053961615545301614 0.011223051634489582 -0.0057286169815859364 0.014553252767970402 0.058750192571032013 0.0014020924656958566 0.017636042034029294 -0.010991698714323582 0.005474434403477728 0.072309157015212913 0.01756067878783624 0.025472981286284266 0.06991408957494942 0.012207859778178275 0.030625571462854113 0.0035984524452962498 0.015904561956872003 0.021628446952321523 -0.031199888082525457 0.013960400253687475 0.043593460187134191 -0.0056747479754434491 0.050179943627809691 0.008315066188583296 -0.013659869367306114 0.040232730768591823 0.03044471904362063 -0.016385952303956012
leaf_weight=17931 9943 2037 31546 3330 2630 6183 4393 2283 6277 104217 2011 2335 2036 13285 2010 4666 3685 41039 16358 5039 2583 5339 2798 2531 2014 11334 4354 33009 2019 99772
leaf_count=17931 9943 2037 31546 3330 2630 6183 4393 2283 6277 104217 2011 2335 2036 13285 2010 4666 3685 41039 16358 5039 2583 5339 2798 2531 2014 11334 4354 33009 2019 99772
internal_value=3.77445e-05 0.0182462 -0.0119233 0.0100042 0.0292269 -0.00738116 0.0333644 0.0354907 0.0370875 -0.00830407 0.00823891 0.0315107 0.0469058 0.0180716 0.00654304 0.0171043 0.00870104 0.00431835 0.00710782 0.0399596 -0.00845915 0.00472449 0.0235603 0.0149571 0.0279128 -0.00177093 -0.000279924 0.0377751 0.0100126 -0.0178372
internal_weight=448987 178004 270983 101693 76311 153280 55650 51001 48718 147097 93992 7701 4371 20661 84638 14715 12705 69923 57397 42441 12526 7376 9354 6556 4025 42880 9020 38048 4649 117703
internal_count=448987 178004 270983 101693 76311 153280 55650 51001 48718 147097 93992 7701 4371 20661 84638 14715 12705 69923 57397 42441 12526 7376 9354 6556 4025 42880 9020 38048 4649 117703
is_linear=0
shrinkage=0.05


Tree=41
num_leaves=31
num_cat=1
split_feature=3 26 25 34 37 34 37 17 7 16 35 24 37 34 7 19 0 24 10 10 8 25 16 22 34 0 1 34 10 43
split_gain=35061.4 5249.43 3517.85 2600.52 1914.28 1683.44 2030.59 1974.58 1350.44 1353.65 1348.14 1185.81 1081.22 938.188 930.071 901.547 885.468 1070.52 1035.46 868.563 756.487 962.357 950.491 754.233 601.174 593.009 836.231 750.788 579.684 555.526
threshold=6.228431463241578 7.5878484249114999 2.4788026809692387 -8.5253601074218732 -1.2200909852981565 -5.7499389648437491 -0.72878694534301747 2.2817157506942753 2.5000000000000004 2.3523837327957158 12.549877166748049 28.426300048828129 0.12895300984382632 -0.55697631835937489 2.5000000000000004 0.62458854913711559 17.250000000000004 27.982940673828129 2.68965756893158 3.5715730190277104 0 3.7328292131423955 1.2370549440383913 19.163131713867191 -6.4017639160156241 16.250000000000004 72.750000000000014 -3.0910339355468746 1.972376883029938 9.4363770484924334
decision_type=2 2 2 2 2 2 2 2 2 2 2 2 2 2 2 2 2 2 2 2 1 2 2 2 2 2 2 2 2 2
left_child=1 5 15 23 11 7 14 -1 12 10 -10 -5 29 19 -7 -2 17 -11 -19 25 21 -4 -22 -3 -17 -8 -27 -28 -14 -6
right_child=2 3 20 4 8 6 13 -9 9 16 -12 -13 28 -15 -16 24 -18 18 -20 -21 22 -23 -24 -25 -26 26 27 -29 -30 -31
leaf_value=0.013043321659237873 -0.017855920707892627 0.042029750078537577 -0.0042450774304269986 -0.016523540869286656 0.018625745938977263 -0.01399861931028654 0.011938424584631334 0.070051868581849169 0.012693413066837795 0.0064202418996898913 -0.032237634724706747 0.017326237721140364 0.032364439558164544 0.042889684726455407 0.0085392670153239952 -0.0056869392443909591 -0.0013623684122695428 0.052652874999038271 0.011826423589544091 0.037954598389769618 -0.010884083898248345 0.012525561722011982 0.00095869354475453482 0.075810157757988161 -0.014866308157448672 0.023695847648923213 -0.00010971278212824929 -0.034575425547531867 0.048102008948362425 0.03418289800673787
leaf_weight=4597 105620 4152 21221 4169 15713 14435 29726 2263 9684 2685 2007 6784 13548 2314 6693 33429 2112 6369 2062 2643 44751 14317 27259 2806 38279 2375 5381 2227 10478 9087
leaf_count=4597 105620 4152 21221 4169 15713 14435 29726 2263 9684 2685 2007 6784 13548 2314 6693 33429 2112 6369 2062 2643 44751 14317 27259 2806 38279 2375 5381 2227 10478 9087
internal_value=1.79693e-05 0.018411 -0.010591 0.0263674 0.023948 0.00837134 0.00591114 0.0319241 0.0268446 0.0173619 0.00495912 0.0044388 0.0316796 0.0119516 -0.00685833 -0.0149179 0.0283116 0.0339457 0.0426936 0.0102515 -0.00345593 0.00251284 -0.00640155 0.0557419 -0.0105884 0.00839847 -0.00214371 -0.0102306 0.0392449 0.0243375
internal_weight=449186 164310 284876 91656 84698 72654 65794 6860 73745 24919 11691 10953 48826 44666 21128 177328 13228 11116 8431 42352 107548 35538 72010 6958 71708 39709 9983 7608 24026 24800
internal_count=449186 164310 284876 91656 84698 72654 65794 6860 73745 24919 11691 10953 48826 44666 21128 177328 13228 11116 8431 42352 107548 35538 72010 6958 71708 39709 9983 7608 24026 24800
cat_boundaries=0 1
cat_threshold=4
is_linear=0
shrinkage=0.05


Tree=42
num_leaves=31
num_cat=11
split_feature=41 26 41 5 30 37 5 16 27 5 5 34 5 37 10 8 41 10 34 5 5 34 10 37 5 30 16 5 10 5
split_gain=31908.5 6344.56 2090.22 2035.97 1894.22 1498.42 1430.64 1159.62 1733.93 1988.7 1419.88 1063.28 1122.83 1047.69 958.737 941.092 968.637 875.875 856.329 1229.27 1159.38 830.996 1072.96 811.493 811.05 757.991 614.862 543.888 537.054 525.958
threshold=3.6633757352828984 7.5290520191192636 1.9427847266197207 0 338.06250000000006 -0.12693160772323606 1 2.3303396701812749 1005.356414794922 2 3 -9.0944213867187482 4 -1.5569330453872678 2.2076748609542851 5 7.7896451950073251 1.3278942108154299 -6.2445373535156241 6 7 -2.4139709472656246 1.7795371413230898 -1.2200909852981565 8 936.06250000000011 2.1905884742736821 9 3.3471103906631474 10
decision_type=2 2 2 9 2 2 9 2 2 9 9 2 9 2 2 1 2 2 2 9 9 2 2 2 9 2 2 9 2 9
left_child=2 5 -1 4 17 7 -7 10 -9 -10 -2 -6 14 27 -13 16 21 -3 19 -4 -20 24 25 26 -15 -23 -14 -5 -25 -21
right_child=1 3 18 13 11 6 -8 8 9 -11 -12 12 23 15 -16 -17 -18 -19 20 29 -22 22 -24 28 -26 -27 -28 -29 -30 -31
leaf_value=-0.016633243815391045 -0.014585986102294802 -0.020674699851274004 0.0176175663940615 -0.024469453789504773 0.068363742277691125 0.022795457893187421 0.0041776262018238391 0.056670890589853175 -0.01458285393227461 0.034449788214001346 0.0047527358893996088 0.027448067233769614 -0.0088536604211024057 0.014019065563048353 0.070753889855422067 0.030037036184472638 0.044321298293001687 0.020202771568805428 -0.01931729895326004 -0.012557887242237532 -0.0059089929612348522 0.015446758416811597 0.0066053497055529658 0.035832561541976629 -0.0070014884726072304 0.054414049153912819 0.02952304305890123 0.011558775908691827 0.010596108953490006 -0.0035175940632793169
leaf_weight=107736 16919 2046 5927 2039 2436 20007 21329 2005 5133 3435 21574 2027 2131 13428 3539 15724 2611 3605 29109 21912 36203 2016 4523 24482 6953 3311 2029 2116 2318 60551
leaf_count=107736 16919 2046 5927 2039 2436 20007 21329 2005 5133 3435 21574 2027 2131 13428 3539 15724 2611 3605 29109 21912 36203 2016 4523 24482 6953 3311 2029 2116 2318 60551
internal_value=-5.79704e-07 0.0157252 -0.0112933 0.024583 0.0324487 0.00618659 0.0131987 0.000277712 0.0149363 0.00511525 -0.00375143 0.0363788 0.0342276 0.0179126 0.0549619 0.0199774 0.0151534 0.0053923 -0.00754949 -0.00434063 -0.0118909 0.0126204 0.0245382 0.0304558 0.00685141 0.0397235 0.00989012 -0.0061688 0.0336546 -0.00592224
internal_weight=449174 187736 261438 97334 44613 90402 41336 49066 10573 8568 38493 38962 36526 52721 5566 48566 32842 5651 153702 88390 65312 30231 9850 30960 20381 5327 4160 4155 26800 82463
internal_count=449174 187736 261438 97334 44613 90402 41336 49066 10573 8568 38493 38962 36526 52721 5566 48566 32842 5651 153702 88390 65312 30231 9850 30960 20381 5327 4160 4155 26800 82463
cat_boundaries=0 13 32 48 67 77 78 91 117 139 155 187
cat_threshold=72 0 0 3088 0 0 58112 0 0 471040 0 0 458752 975 0 0 14960 0 0 156416 0 0 2371584 0 0 33619968 0 0 470810624 0 0 3221225472 0 0 0 96 0 0 1792 0 0 1978368 0 0 29556736 0 0 137363456 32 0 0 3648 0 0 257024 0 0 4190208 0 0 53215232 0 0 810549248 0 0 536870912 0 0 0 0 0 0 256 0 0 12288 2 0 0 0 0 0 0 3072 0 0 3203072 0 0 50724864 20 0 0 0 0 0 0 0 0 196608 0 0 25034752 0 0 534773760 0 0 4160749568 1 0 0 7 0 0 610 144 0 0 5024 0 0 72704 0 0 1064960 0 0 10485760 0 0 3145728 0 0 16777216 0 0 268435456 416 0 0 4096 0 0 197632 0 0 1048576 0 0 29360128 0 0 135266304 0 0 0 0 0 0 0 0 0 131072 0 0 4194304 0 0 33554432 0 0 234881024 0 0 3221225472 61 0 0 572 0 0 48 0 0 256
is_linear=0
shrinkage=0.05


Tree=43
num_leaves=31
num_cat=2
split_feature=25 25 16 10 34 8 16 35 11 23 23 34 40 37 10 3 19 16 34 8 36 39 37 16 25 23 12 25 24 16
split_gain=28472.5 4706.3 2145.73 1338.32 1230.08 1116.61 1399.79 1754.32 1374.42 1042.32 1028.31 1017.99 985.617 959.339 956.833 794.774 787.981 758.641 2383.47 1145.83 886.823 865.703 640.751 574.063 519.628 499.338 524.201 474.648 472.742 619.02
threshold=4.071580410003663 7.6106231212615976 0.75226667523384105 3.1014621257781987 -6.9136352539062491 0 2.3523837327957158 15.676975250244142 2.871535181999207 27.526679992675785 28.266773223876957 -1.0533752441406248 2.8163282871246342 0.29913312196731573 2.5118980407714848 9.8946347236633319 1.3385249376296999 2.1541547775268559 -7.2289428710937491 1 91.33386611938478 0.58196705579757702 -0.53539001941680897 1.2718968987464907 0.93986874818801891 27.647857666015629 1.4647929668426516 9.6839199066162127 27.739532470703129 1.8387051224708559
decision_type=2 2 2 2 2 1 2 2 2 2 2 2 2 2 2 2 2 2 2 1 2 2 2 2 2 2 2 2 2 2
left_child=2 3 24 11 15 6 7 -3 9 -8 16 17 -11 27 28 -4 -5 19 -19 20 23 -20 -21 -2 -1 26 -13 -7 29 -6
right_child=1 5 4 10 14 13 8 -9 -10 12 -12 25 -14 -15 -16 -17 -18 18 21 22 -22 -23 -24 -25 -26 -27 -28 -29 -30 -31
leaf_value=-0.021008866289558899 -0.0085620536054273159 0.018721085129014593 0.025571484416126056 0.023255988527091077 -0.0081985478552181867 0.020007141447265925 0.015077102334349075 -0.019178432277336548 -0.00088780607796184324 0.060672823050590768 0.0042051493446188873 0.0049989109197810973 0.032731742348329804 0.04782151094419828 0.010435011915692202 -0.0020100385978352184 0.06685316640712749 0.060331392044530641 0.021981642436133854 0.00015890801113314232 -0.019215629845130738 -4.0830866289642858e-05 0.016181799120927494 0.005322850522121233 -0.013252453223592081 0.04139643755678131 0.03426935032306673 0.040366510048728835 -0.014308669301518723 0.02087848594832831
leaf_weight=27521 10427 21881 2719 2021 20417 9052 4549 3540 2947 4926 2299 4108 8925 8816 5247 60834 2153 2480 7169 9025 6120 11793 20207 25951 100901 2729 2431 4211 51053 2001
leaf_count=27521 10427 21881 2719 2021 20417 9052 4549 3540 2947 4926 2299 4108 8925 8816 5247 60834 2153 2480 7169 9025 6120 11793 20207 25951 100901 2729 2431 4211 51053 2001
internal_value=-2.14326e-05 0.015525 -0.0102308 0.00905532 -0.0060007 0.0257571 0.0213731 0.0134379 0.0308119 0.0358868 0.0310884 0.0076602 0.0427054 0.0350294 -0.0101777 -0.000826176 0.04585 0.00608664 0.0143366 0.00361884 -0.00162246 0.00829245 0.0112367 0.00134177 -0.0149162 0.0234557 0.0159165 0.0264968 -0.011651 -0.00559502
internal_weight=448453 177760 270693 108913 142271 68847 46768 25421 21347 18400 6473 102440 13851 22079 78718 63553 4174 93172 21442 71730 42498 18962 29232 36378 128422 9268 6539 13263 73471 22418
internal_count=448453 177760 270693 108913 142271 68847 46768 25421 21347 18400 6473 102440 13851 22079 78718 63553 4174 93172 21442 71730 42498 18962 29232 36378 128422 9268 6539 13263 73471 22418
cat_boundaries=0 1 2
cat_threshold=2 2
is_linear=0
shrinkage=0.05


Tree=44
num_leaves=31
num_cat=0
split_feature=41 26 14 27 0 37 37 30 34 1 0 14 10 7 30 14 0 30 37 30 27 34 10 34 37 34 25 1 34 28
split_gain=26127.8 5145.8 1785.81 1520.16 1561.7 1340.32 1293.75 1141.64 1046.18 974.632 1678.55 1655.94 1292.89 958.315 928.553 842.83 828.577 822.861 808.398 676.91 668.841 633.783 630.284 589.732 642.532 541.113 536.691 536.206 532.801 637.458
threshold=3.6633757352828984 7.5878484249114999 0.63106119632720958 1002.5015563964845 20.750000000000004 -1.2200909852981565 -0.12693160772323606 345.56250000000006 -6.0448913574218741 72.750000000000014 17.250000000000004 2.5467479228973393 2.9754739999771123 2.5000000000000004 887.31250000000011 2.2012782096862797 20.750000000000004 1152.8750000000002 0.23605364561080935 209.68750000000003 1009.0174255371095 -1.2661437988281248 2.1182783842086796 -9.6922912597656232 -1.6071400642395017 -9.6279602050781232 3.4954823255538945 78.750000000000014 -5.7499389648437491 1008.2009277343751
decision_type=2 2 2 2 2 2 2 2 2 2 2 2 2 2 2 2 2 2 2 2 2 2 2 2 2 2 2 2 2 2
left_child=2 6 -1 4 25 17 13 22 16 11 12 -9 14 23 -11 20 27 -5 -14 -15 -16 -8 -7 -2 -25 -3 -26 -4 -21 -30
right_child=1 3 8 5 -6 7 21 9 -10 10 -12 -13 18 19 15 -17 -18 -19 -20 28 -22 -23 -24 24 26 -27 -28 -29 29 -31
leaf_value=-0.015190752682633441 0.018457865831269463 0.072306873012993808 0.022790388124135592 -0.017698952761382693 0.013762455696798665 -0.0034882356261827308 0.0096352785764572645 0.022389062195870019 -0.011780537952244036 0.012002532601855027 -0.013148687290932506 0.0574535882970501 -0.011972934363592707 -0.0098994155678728494 0.01516443976758859 0.037920213025051788 -0.0052616939891069843 0.012546112335816637 0.02719661263444444 0.037332332837598139 0.037708257159917213 0.026540906792604298 0.028623503507745673 -0.021485940097783335 -0.016737297177629663 0.043394124748196539 0.00087553558792679361 0.00098904605349371395 0.0027424133928008734 0.02992331323778373
leaf_weight=105743 2602 2390 4329 3194 3953 6004 35705 8525 62419 8443 3278 5580 3780 3227 10859 18072 80910 7535 2009 2321 4728 6560 2039 5672 5496 5282 20164 8061 7245 3063
leaf_count=105743 2602 2390 4329 3194 3953 6004 35705 8525 62419 8443 3278 5580 3780 3227 10859 18072 80910 7535 2009 2321 4728 6560 2039 5672 5496 5282 20164 8061 7245 3063
internal_value=4.15284e-05 0.0142726 -0.0101763 0.0223923 0.0393398 0.0200437 0.00583242 0.0224589 -0.00677044 0.0246488 0.0214329 0.0362916 0.0238022 0.000370766 0.0268478 0.0305669 -0.00341771 0.00353413 0.00164382 0.0105148 0.0220224 0.0122649 0.00467792 -0.00437084 -0.00627196 0.0524835 -0.00290193 0.00861856 0.0157348 0.0108403
internal_weight=449188 187726 261462 95671 11625 84046 92055 73317 155719 65274 51169 14105 47891 49790 42102 33659 93300 10729 5789 15856 15587 42265 8043 33934 31332 7672 25660 12390 12629 10308
internal_count=449188 187726 261462 95671 11625 84046 92055 73317 155719 65274 51169 14105 47891 49790 42102 33659 93300 10729 5789 15856 15587 42265 8043 33934 31332 7672 25660 12390 12629 10308
is_linear=0
shrinkage=0.05


Tree=45
num_leaves=31
num_cat=10
split_feature=25 41 5 19 37 41 36 5 29 7 12 41 1 12 5 5 22 37 37 1 29 13 5 37 5 5 5 5 15 5
split_gain=23767.1 4051.71 2227.21 1431.18 1345.02 1338.78 1104.01 1047.07 923.886 903.921 884.441 1169.04 837.491 773.643 714.472 712.98 711.584 682.785 673.807 651.614 588.711 580.388 564.343 540.151 791.437 555.063 509.133 478.499 475.889 433.621
threshold=5.4851651191711435 2.5620982646942143 0 1.419969975948334 -0.056766152381896966 7.3240315914154062 85.15405654907228 1 0.94636154174804699 2.5000000000000004 1.8159714937210085 6.0971632003784189 82.750000000000014 2.574183583259583 2 3 2.0155906677246098 -1.7241644859313963 0.58780810236930858 71.750000000000014 0.54742431640625011 1.1006069779396059 4 0.069026648998260512 5 6 7 8 2.2834540605545048 9
decision_type=2 2 9 2 2 2 2 9 2 2 2 2 2 2 9 9 2 2 2 2 2 2 9 2 9 9 9 9 2 9
left_child=1 15 4 7 10 6 22 -3 -7 18 17 -12 -13 16 -5 -1 27 -2 -8 -18 -19 -16 -4 24 -9 -25 -22 -6 -11 -17
right_child=2 3 5 14 13 8 9 23 -10 28 11 12 -14 -15 21 29 19 20 -20 -21 26 -23 -24 25 -26 -27 -28 -29 -30 -31
leaf_value=-0.015251250334884942 -0.016112615042522909 -0.017475108809694714 0.019320682533520143 0.036828425701090357 0.033618042015239082 0.011211709073593562 -0.0052588664162592546 -0.012178713258456476 0.048412583875991504 -0.041003311629632833 0.062754301555625197 0.037498497584713228 0.0088182930996608885 0.0086039254794716344 -0.011915828631391448 0.0069491069070834023 0.059147264553359162 -0.011356320476485228 0.026440046599990354 0.034625932661007483 0.0013970378174598687 0.012410717851282884 0.0064638066183239102 0.015484983811129567 -0.00033999030039088543 0.00044661045988997035 0.020878800032771608 0.013303247207131261 -0.0073951138890000767 -0.0097358270290480876
leaf_weight=90041 2050 11005 15091 2476 5518 3090 5418 21010 3639 2094 2006 4446 5956 3637 2965 4061 3180 2064 2416 19087 4295 13970 19733 7350 42962 36666 15484 6232 2120 89355
leaf_count=90041 2050 11005 15091 2476 5518 3090 5418 21010 3639 2094 2006 4446 5956 3637 2965 4061 3180 2064 2416 19087 4295 13970 19733 7350 42962 36666 15484 6232 2120 89355
internal_value=3.61643e-05 -0.00720237 0.0183002 -0.000743496 0.0239251 0.0105299 0.00753403 -0.00279729 0.0313717 -0.00550872 0.0170528 0.0278802 0.021101 0.0305506 0.0118416 -0.0120748 0.0328939 0.0114207 0.0045383 0.0381529 0.0140109 0.00814227 0.0120467 -0.00129827 -0.00423137 0.00296435 0.0166624 0.0229038 -0.0241531 -0.00900916
internal_weight=449417 321861 127556 138404 73955 53601 46872 118993 6729 12048 36301 12408 10402 37654 19411 183457 34017 23893 7834 22267 21843 16935 34824 107988 63972 44016 19779 11750 4214 93416
internal_count=449417 321861 127556 138404 73955 53601 46872 118993 6729 12048 36301 12408 10402 37654 19411 183457 34017 23893 7834 22267 21843 16935 34824 107988 63972 44016 19779 11750 4214 93416
cat_boundaries=0 13 39 49 81 100 126 158 171 181 200
cat_threshold=456 0 0 3856 0 0 127744 0 0 815104 0 0 458752 0 0 0 0 0 0 0 0 0 4096 0 0 8454144 0 0 50331648 0 0 939524096 0 0 2147483648 31 0 0 68 962 0 0 8208 0 0 0 0 0 4096 20 0 0 64 0 0 0 0 0 131072 0 0 56623104 0 0 268435456 0 0 3254779904 3 0 3758096384 55 0 0 540 0 0 224 0 0 5632 4 0 0 12384 0 0 3072 0 0 65536 0 0 0 0 0 1048576 0 0 16777216 512 0 0 15360 0 0 229632 0 0 4186112 0 0 8126464 0 0 886046720 0 0 1073741824 0 0 0 0 0 0 48 967 0 0 15472 0 0 163840 0 0 3555328 0 0 34603008 0 0 537919488 0 0 3221225472 0 0 0 0 0 0 0 0 0 16 0 0 8192 0 0 0 1552 0 0 512 0 0 8192 0 0 262144 200 0 0 16 0 0 49408 0 0 4096 0 0 0 0 0 0 2048 0 0 57344 0 0 393216 0 0 0 0 0 268435456
is_linear=0
shrinkage=0.05


Tree=46
num_leaves=31
num_cat=0
split_feature=2 27 37 41 42 14 32 7 16 27 11 16 37 42 27 37 30 7 18 43 13 41 30 28 0 23 13 27 14 11
split_gain=21528.5 3987.4 2815.53 2422.2 1468.03 1113.16 1046.29 970.351 1008.78 941.311 899.588 895.424 801.938 714.089 698.786 659.164 611.453 553.925 542.183 513.518 503.295 616.821 502.69 464.919 503.497 447.216 436.75 738.605 412.704 481.076
threshold=1.0000000180025095e-35 1002.9078063964845 -0.9518260359764098 2.5620982646942143 6.178438901901246 2.2012782096862797 766.67272949218761 2.5000000000000004 2.8135528564453129 1004.1050720214845 2.5832984447479252 2.8623403310775761 -1.9505975842475889 3.652363777160645 1008.6145935058595 0.097780108451843276 609.31250000000011 2.5000000000000004 0.69841155409812938 7.0782139301300058 1.9462144374847414 7.0518453121185312 36.312500000000007 995.67718505859386 32.250000000000007 27.830932617187504 0.95973432064056408 1010.5698242187501 2.2012782096862797 1.7379968762397768
decision_type=2 2 2 2 2 2 2 2 2 2 2 2 2 2 2 2 2 2 2 2 2 2 2 2 2 2 2 2 2 2
left_child=3 5 6 9 26 -2 12 15 14 18 11 -7 19 23 20 -6 -16 -14 -1 -3 21 -9 -15 -5 -25 -8 -4 -28 -17 -30
right_child=1 2 4 13 7 10 25 8 -10 -11 -12 -13 17 22 16 28 -18 -19 -20 -21 -22 -23 -24 24 -26 -27 27 -29 29 -31
leaf_value=-0.010730478785493122 0.013600766276429106 -0.0076066322555779012 0.00082623086808877682 0.0099758344898652051 0.018188204073680023 0.046069921532684306 -0.0031116726830077825 -0.025287482865141892 0.029240523876858993 -0.013569729668202633 0.01903668674809806 0.084052481631595843 -0.0064093372047197205 -0.0075659124394238195 -0.0049998288558198659 0.02217124917071531 0.026227948015689603 0.012256845554376334 0.00028471072554877414 -0.036784467191357299 0.01322583281861766 0.0045389369138329029 0.0061504949171069419 -0.0090648896643289786 0.0012961863943569954 0.022174075676024679 0.0096575826380892113 0.040976667968586136 0.038705107549399903 0.013440381120604836
leaf_weight=22333 3021 3172 12877 4660 22755 6558 2478 3390 6416 138724 2161 2058 12651 8471 2171 10468 5603 5783 22341 2876 3467 3531 31453 45448 15798 5913 25219 2026 13197 2214
leaf_count=22333 3021 3172 12877 4660 22755 6558 2478 3390 6416 138724 2161 2058 12651 8471 2171 10468 5603 5783 22341 2876 3467 3531 31453 45448 15798 5913 25219 2026 13197 2214
internal_value=7.98759e-05 0.0147955 0.0123689 -0.00806124 0.0161054 0.0404809 -0.000514362 0.020318 0.012213 -0.011537 0.0479963 0.0552293 -0.00573693 -0.00203749 0.00618501 0.0244107 0.0175119 -0.000550028 -0.00522307 -0.0215194 -0.00230033 -0.0100859 0.00323901 -0.00523385 -0.00639254 0.014712 0.00841541 0.0120007 0.0298729 0.0350866
internal_weight=449233 160005 146207 289228 113334 13798 32873 73212 24578 183398 10777 8616 24482 105830 18162 48634 7774 18434 44674 6048 10388 6921 39924 65906 61246 8391 40122 27245 25879 15411
internal_count=449233 160005 146207 289228 113334 13798 32873 73212 24578 183398 10777 8616 24482 105830 18162 48634 7774 18434 44674 6048 10388 6921 39924 65906 61246 8391 40122 27245 25879 15411
is_linear=0
shrinkage=0.05


Tree=47
num_leaves=31
num_cat=0
split_feature=42 42 17 14 34 10 34 11 36 34 42 17 18 23 41 7 18 29 34 14 19 13 11 16 1 29 24 19 41 29
split_gain=19257.7 3421.1 1522.14 1291.26 2070.05 919.001 861.602 831.072 828.599 644.471 632.713 631.491 622.163 546.128 517.709 485.675 481.388 421.351 474.04 499.77 481.852 429.874 415.535 1280.69 1582.43 539.344 373.984 356.508 513.112 336.552
threshold=3.9032235145568852 6.178438901901246 0.98626297712326061 2.3258656263351445 -8.5253601074218732 2.8625578880310063 -9.6279602050781232 2.871535181999207 79.575061798095717 -0.55697631835937489 1.4161390066146853 2.2817157506942753 2.9015834331512456 28.130798339843754 8.7561683654785174 2.5000000000000004 0.72170367836952221 0.96910476684570324 -1.5756530761718748 1.9403603672981264 1.0274568200111391 1.1737012267112734 1.4650006294250491 2.309963703155518 84.750000000000014 0.99238204956054699 27.406036376953129 0.62788033485412609 2.5620982646942143 0.58678436279296886
decision_type=2 2 2 2 2 2 2 2 2 2 2 2 2 2 2 2 2 2 2 2 2 2 2 2 2 2 2 2 2 2
left_child=2 5 10 8 -5 9 16 12 17 27 -1 -8 14 -7 22 -10 -4 18 20 -20 -3 -22 25 24 -24 26 -6 -2 -29 -30
right_child=1 3 6 4 7 13 11 -9 15 -11 -12 -13 -14 -15 -16 -17 -18 -19 19 -21 21 -23 23 -25 -26 -27 -28 28 29 -31
leaf_value=-0.015010134371032111 0.012017165710488886 0.017815417730720831 -0.001535501984928676 0.054189900943229952 -0.00057838228040403843 0.036457873991467098 -0.007579800896066251 -0.0061372783282165697 0.0067333782835023439 0.028594954793162153 -0.008871600149250744 0.010815321613934279 0.045768247647387628 0.0045235124594611249 0.04307045355957087 -0.019306931329652846 0.013123500172806536 0.021830665906440647 0.013048554783461151 0.043350978901207787 -0.0078552116616839255 0.0098710700951319605 0.017434311021800996 0.021300893057715903 -0.04108232201053056 0.035180218341861323 0.021687516631313644 -0.017121695009968439 -0.0052429462142047486 0.0039573539831209105
leaf_weight=71276 8074 8307 12447 5006 2178 3413 62681 2767 5075 2368 102295 5032 2606 2204 2428 2754 10169 15546 3708 2152 5764 8381 2552 13985 2095 7184 14026 3721 12625 46603
leaf_count=71276 8074 8307 12447 5006 2178 3413 62681 2767 5075 2368 102295 5032 2606 2204 2428 2754 10169 15546 3708 2152 5764 8381 2552 13985 2095 7184 14026 3721 12625 46603
internal_value=2.4164e-05 0.0123681 -0.00865378 0.0182155 0.0235613 0.00448372 -0.00338943 0.0204735 0.0125414 0.00299021 -0.0113931 -0.0062114 0.0220393 0.0239578 0.0206381 -0.00243974 0.00505862 0.0152157 0.0115769 0.0242316 0.00826476 0.00264727 0.0193319 0.0137482 -0.00897822 0.0237724 0.0186962 0.0021326 0.000863077 0.00199567
internal_weight=449422 185522 263900 106514 54827 79008 90329 49821 51687 73391 173571 67713 47054 5617 44448 7829 22616 43858 28312 5860 22452 14145 42020 18632 4647 23388 16204 71023 62949 59228
internal_count=449422 185522 263900 106514 54827 79008 90329 49821 51687 73391 173571 67713 47054 5617 44448 7829 22616 43858 28312 5860 22452 14145 42020 18632 4647 23388 16204 71023 62949 59228
is_linear=0
shrinkage=0.05


Tree=48
num_leaves=31
num_cat=10
split_feature=41 26 5 5 41 25 5 5 41 22 27 5 5 7 14 5 5 41 16 20 44 38 22 27 5 5 44 26 16 27
split_gain=17459 3491.89 1451.9 1371.05 1276.37 1162.48 1157.16 1035.08 998.407 1058.66 954.301 2348.69 1032.98 812.372 685.526 640.603 624.434 620.266 584.321 576.479 565.583 548.223 521.411 509.254 501.584 431.835 429.606 403.777 514.855 367.651
threshold=3.6633757352828984 7.5878484249114999 0 1 6.4928729534149179 9.2198014259338397 2 3 7.4447600841522226 6.6275596618652353 1005.356414794922 4 5 1.5000000000000002 3.0012166500091557 6 7 2.5322756767272954 2.171827077865601 1.6441202163696291 11.996135711669924 3.0645520687103276 16.801357269287113 1003.1568908691407 8 9 7.6443748474121103 10.844613075256349 1.9224823713302615 1004.7917785644532
decision_type=2 2 9 9 2 2 9 9 2 2 2 9 9 2 2 9 9 2 2 2 2 2 2 2 9 9 2 2 2 2
left_child=3 7 4 23 6 14 26 19 13 -10 11 -9 -12 -4 15 -6 22 29 24 -2 -7 25 -15 -1 -18 -20 -3 28 -8 -5
right_child=1 2 8 17 5 20 27 10 9 -11 12 -13 -14 16 -16 -17 18 -19 21 -21 -22 -23 -24 -25 -26 -27 -28 -29 -30 -31
leaf_value=-0.0060138635970911286 0.00769199281562492 0.035711171520859626 0.019227402970532246 -0.0029991614632635722 0.02626300351637605 0.024772562045744732 0.039940701464330625 0.054605050102716539 0.014764780208147102 0.058475764332378513 -0.015919122644688682 0.0011327584771576246 0.001571313260788609 -0.031538715936714999 -0.011428690071829783 0.0068283351433237119 -0.019314834529701942 -0.0017148930121266286 0.032149583574473471 0.022331179333278963 0.050266628018954686 -0.0056554688830388229 0.0035219423404367215 -0.014317507331236962 0.0051439844494308544 0.0056436282683019236 0.0097942184200295965 0.032641183790949171 0.072772683758651327 -0.010315010829889388
leaf_weight=23462 27540 2930 11422 24409 7135 16886 2134 2619 3966 2127 11382 9273 32507 2156 2913 10492 2758 68680 4506 8897 2503 2176 2074 87044 8520 2359 3529 2152 2854 58004
leaf_count=23462 27540 2930 11422 24409 7135 16886 2134 2619 3966 2127 11382 9273 32507 2156 2913 10492 2758 68680 4506 8897 2503 2176 2074 87044 8520 2359 3529 2152 2854 58004
internal_value=2.8555e-05 0.0116592 0.0183551 -0.00832158 0.0238186 0.0193085 0.0370546 0.00471709 0.0113903 0.0300946 0.000434217 0.0129919 -0.00297045 0.00821767 0.0110114 0.0147242 0.00308939 -0.00522422 0.00672823 0.0112686 0.0280879 0.0161941 -0.0143466 -0.0125541 -0.00086171 0.0231178 0.0215547 0.0509251 0.0588343 -0.00814884
internal_weight=449409 187810 95592 261599 53528 39929 13599 92218 42064 6093 55781 11892 43889 35971 20540 17627 24549 151093 20319 36437 19389 9041 4230 110506 11278 6865 6459 7140 4988 82413
internal_count=449409 187810 95592 261599 53528 39929 13599 92218 42064 6093 55781 11892 43889 35971 20540 17627 24549 151093 20319 36437 19389 9041 4230 110506 11278 6865 6459 7140 4988 82413
cat_boundaries=0 19 51 70 102 115 147 157 189 199 209
cat_threshold=456 0 0 3088 0 0 62208 0 0 421888 0 0 458752 0 0 0 0 0 16777216 20 0 0 64 0 0 0 0 0 131072 0 0 14680064 0 0 318767104 0 0 4026531840 3 0 2147483648 55 0 0 540 0 0 240 0 0 1536 8 0 0 16 0 0 37376 0 0 409600 0 0 262144 0 0 0 0 0 16777216 990 0 0 13104 0 0 8448 0 0 4096 0 0 33619968 0 0 202375168 0 0 3288334336 0 0 1879048192 0 0 0 0 0 0 1280 0 0 12288 0 0 0 0 0 0 114688 0 0 1859584 0 0 25165824 0 0 0 0 0 0 0 0 0 1622016 0 0 28180480 0 0 268435456 0 0 0 0 0 0 0 0 0 0 0 0 0 0 0 32768 72 0 0 16 0 0 49152 0 0 397312 0 0 0 0 0 0 131072 0 0 2654208 0 0 62914560 0 0 134217728 0 0 0 0 0 1073741824 0 0 0 0 0 0 8192 0 0 69632 48 0 0 4608 0 0 65536 0 0 1048576 48 0 0 13056 0 0 65536 0 0 1048576
is_linear=0
shrinkage=0.05


Tree=49
num_leaves=31
num_cat=12
split_feature=25 25 5 17 22 16 12 16 5 5 5 5 36 41 22 7 5 5 5 7 10 5 25 13 5 5 13 7 30 5
split_gain=15783.7 2767.47 1327.18 1302.63 1103.28 1771.5 1563.73 1894.52 1763.3 1342.43 1053.79 1033.81 1009.5 978.544 1073.53 813.645 811.838 797.782 771.347 783.88 677.233 620.878 569.527 545.023 508.138 480.991 479.678 857.377 984.458 595.141
threshold=3.9032235145568852 8.1554317474365252 0 1.0399680733680727 4.341602325439454 3.1737620830535893 2.3029047250747685 2.171827077865601 1 2 3 4 79.575061798095717 6.9429962635040292 13.803005218505861 1.5000000000000002 5 6 7 1.5000000000000002 2.3901777267456059 8 1.2120330333709719 1.3008321523666384 9 10 2.1433943510055546 2.5000000000000004 1083.0625000000002 11
decision_type=2 2 9 2 2 2 2 2 9 9 9 9 2 2 2 2 9 9 9 2 2 9 2 2 9 9 2 2 2 9
left_child=3 2 -2 22 10 6 7 12 -9 -8 -4 26 17 15 20 -13 -5 -6 -14 -20 -15 -17 -1 24 -12 -25 27 -3 -29 -28
right_child=1 11 4 16 5 -7 9 8 -10 -11 23 13 18 14 -16 21 -18 -19 19 -21 -22 -23 -24 25 -26 -27 29 28 -30 -31
leaf_value=-0.014466440501541375 -0.013416814312351102 0.02772638591549741 -0.0023665054485996137 -0.0082689773077736367 0.029357853282489233 0.059009346695414938 -0.041435271522478445 0.012227130377519765 0.06035369353811039 0.011788762328217114 0.01840049096853363 0.021654728361070005 0.016578287437632754 0.026761608336654481 0.053324246583777317 -0.029090722810377542 0.0018431449740385405 0.0072197278741088543 0.0070085458414333255 -0.026399592683614848 -0.009624505695165925 0.0020482836068972908 -0.0083709081547967239 0.025664128277749994 0.0025628091748130829 0.0086603427384815846 0.056145100630262096 -0.019119395147920978 0.02041949110937899 0.02638966924422724
leaf_weight=54612 7398 20662 30553 35156 7805 2155 2315 3575 4110 2394 6278 4182 3700 3444 2412 2042 45541 8544 3158 3935 2024 7152 128706 7969 25939 8783 2608 2316 4865 5009
leaf_count=54612 7398 20662 30553 35156 7805 2155 2315 3575 4110 2394 6278 4182 3700 3444 2412 2042 45541 8544 3158 3935 2024 7152 128706 7969 25939 8783 2608 2316 4865 5009
internal_value=-6.22036e-06 0.0111783 0.00711989 -0.0078574 0.00837472 0.0149628 0.0125476 0.016204 0.0381049 -0.014472 0.00492042 0.0203784 0.00999127 0.0116324 0.0256033 0.00339772 -0.00256352 0.0178223 -0.00187652 -0.0115202 0.0133002 -0.00492121 -0.0101875 0.00946502 0.00566029 0.0167801 0.0256059 0.0225553 0.00765864 0.0367462
internal_weight=449342 185327 128611 264015 121213 41691 39536 34827 7685 4709 79522 56716 27142 21256 7880 13376 80697 16349 10793 7093 5468 9194 183318 48969 32217 16752 35460 27843 7181 7617
internal_count=449342 185327 128611 264015 121213 41691 39536 34827 7685 4709 79522 56716 27142 21256 7880 13376 80697 16349 10793 7093 5468 9194 183318 48969 32217 16752 35460 27843 7181 7617
cat_boundaries=0 32 48 64 93 106 138 154 167 186 218 240 250
cat_threshold=0 0 0 0 0 0 0 0 0 2097152 0 0 16777216 0 0 385875968 0 0 1006632960 1 0 2147483648 1 0 0 261 0 0 16144 0 0 126976 519 0 0 96 0 0 1536 0 0 1974272 0 0 44040192 0 0 135266304 256 0 0 5888 0 0 229376 0 0 1835008 0 0 48365568 0 0 135266304 32 0 0 1632 0 0 62976 0 0 2039808 0 0 10616832 0 0 685768704 0 0 33554432 0 0 536870912 0 0 0 130 0 0 128 200 0 0 1840 0 0 29440 0 0 405504 0 0 65536 0 0 0 0 0 0 123648 0 0 524288 0 0 16252928 0 0 394264576 0 0 4227858432 3 0 3221225472 3 0 0 516 0 0 0 0 0 16384 39 0 0 13168 0 0 105984 0 0 16384 0 0 8585216 0 0 11534336 960 0 0 1280 0 0 15360 0 0 188416 0 0 11730944 0 0 0 64 0 0 132096 0 0 2621440 0 0 31457280 0 0 136314880 0 0 33554432 904 0 0 12288 0 0 65536 0 0 4096 0 0 33554432 0 0 0 0 0 3221225472 0 0 0 14 0 0 0 0 0 0 0 0 256 969 0 0 144 0 0 2304 0 0 53248 0 0 524288 0 0 0 0 0 16777216 0 0 268435456 0 0 0 0 0 0 12544 0 0 12288
is_linear=0
shrinkage=0.05


Tree=50
num_leaves=31
num_cat=9
split_feature=3 34 5 37 5 5 30 5 30 5 30 41 28 30 5 37 10 34 10 37 41 17 5 5 5 12 27 33 30 12
split_gain=14408 3215.79 3444.89 1991.65 1565.73 1311.62 911.384 850.26 947.554 843.352 837.693 1271.11 818.269 797.398 754.033 624.833 615.719 971.032 615.032 591.38 589.264 587.771 713.555 551.226 522.909 486.959 480.405 742.84 521.282 479.638
threshold=6.228431463241578 -6.8625488281249991 0 -0.59364932775497425 1 2 1129.3125000000002 3 406.31250000000006 4 821.81250000000011 7.0138432979583749 1001.7196655273439 60.812500000000007 5 -1.8643394708633421 2.3064069747924809 -9.6922912597656232 1.9142090678215029 -1.7868437767028806 6.763111114501954 2.5281230211257939 6 7 8 1.7377133965492251 1008.8547973632814 20.731200218200687 868.81250000000011 1.3466513156890871
decision_type=2 2 9 2 9 9 2 9 2 9 2 2 2 2 9 2 2 2 2 2 2 2 9 9 9 2 2 2 2 2
left_child=1 5 19 6 13 10 15 20 -9 29 18 -12 23 -2 -14 -4 17 -7 -1 -3 24 22 -8 -6 -5 -17 27 -11 -28 -10
right_child=4 2 3 7 12 16 21 8 9 26 11 -13 14 -15 -16 25 -18 -19 -20 -21 -22 -23 -24 -25 -26 -27 28 -29 -30 -31
leaf_value=0.036253925156904586 -0.0077464235855780232 -0.027388462047796186 -0.028410443909236402 0.026622475565622958 -0.01030610526881553 0.034816385983020136 -0.0017930743493730077 -0.003710197934683294 0.01564273660296216 0.015068900373209935 -0.0015410103424737761 0.045024849701848883 -0.016308008487682404 0.0019677183568920496 -0.0086101425259215054 -0.0066073891407680153 0.036927641459846554 -0.0077063357983936142 0.071966155720387129 -0.003590033964087155 0.021292032529087672 0.036053328137688266 0.017447904802852559 -0.00011031857789592795 0.058012023428702486 0.013782101913768559 0.008513972098480125 -0.0045192477843643214 0.027872385615596126 0.042866262725077445
leaf_weight=2132 32624 2879 2397 3301 22214 2026 9471 6433 2584 16731 2182 4449 50415 59896 86621 10456 2360 3934 2884 27127 18243 2059 9789 32843 2326 4056 5472 6803 9588 4394
leaf_count=2132 32624 2879 2397 3301 22214 2026 9471 6433 2584 16731 2182 4449 50415 59896 86621 10456 2360 3934 2884 27127 18243 2059 9789 32843 2326 4056 5472 6803 9588 4394
internal_value=2.33709e-07 0.0118004 0.00919349 0.0131569 -0.0068026 0.0306014 0.0038502 0.0178465 0.0142456 0.0167836 0.0414257 0.0297226 -0.00937603 -0.00145795 -0.011445 -0.004817 0.015349 0.00678264 0.0568894 -0.00587984 0.0256657 0.0107236 0.00799836 -0.00422706 0.0398278 -0.000903106 0.0138725 0.00940702 0.0208489 0.0327751
internal_weight=448689 164076 144109 114103 284613 19967 38228 75875 52005 45572 11647 6631 192093 92520 137036 16909 8320 5960 5016 30006 23870 21319 19260 55057 5627 14512 38594 23534 15060 6978
internal_count=448689 164076 144109 114103 284613 19967 38228 75875 52005 45572 11647 6631 192093 92520 137036 16909 8320 5960 5016 30006 23870 21319 19260 55057 5627 14512 38594 23534 15060 6978
cat_boundaries=0 26 58 71 87 97 126 139 168 184
cat_threshold=0 0 0 64 0 0 132096 0 0 4128768 0 0 31588352 0 0 469762048 0 0 0 1 0 0 0 0 0 128 28 0 0 384 0 0 3072 0 0 57344 0 0 917504 0 0 7340032 0 0 50331648 0 0 805306368 0 0 0 128 0 0 7680 0 0 129280 0 0 0 0 0 0 256 0 0 1978368 0 0 25362432 200 0 0 2048 0 0 49408 0 0 4096 0 0 65536 0 0 1048576 0 0 0 48 0 0 512 0 0 8192 0 0 0 0 0 0 0 0 0 196608 0 0 7405568 0 0 528482304 0 0 4026531840 3 0 0 32 0 0 4 0 0 96 118 0 0 3584 0 0 114688 0 0 0 0 0 65536 0 0 0 0 0 0 0 0 0 0 0 0 4194304 0 0 268435456 0 0 201326592 3 0 3221225472 35 0 0 285 0 0 496 8 0 0 2048 0 0 32768 0 0 0 0 0 0 0 0 1048576
is_linear=0
shrinkage=0.05


Tree=51
num_leaves=31
num_cat=1
split_feature=41 26 9 37 30 25 10 14 1 41 7 0 1 10 37 0 37 16 16 21 21 10 11 29 26 33 10 14 33 10
split_gain=13028.1 2628.71 1089.41 1185.11 1173.13 996.241 995.786 822.613 818.127 803.726 893.477 738.667 661.295 669.039 1160.85 1160.23 656.173 761.447 639.474 616.775 586.957 550.683 508.659 502.049 497.38 493.146 491.569 432.058 420.46 418.425
threshold=3.6633757352828984 7.2836098670959482 0 -1.8643394708633421 345.56250000000006 1.9655184149742129 3.1014621257781987 2.5467479228973393 72.250000000000014 7.4447600841522226 2.5000000000000004 11.250000000000002 72.750000000000014 2.6506506204605107 0.34279298782348638 16.750000000000004 0.034643352031707771 3.0267024040222172 2.2884960174560551 1.1342846751213076 1.3239586949348452 3.0336399078369145 1.5813664793968203 0.55421447753906261 9.6254315376281756 23.833151817321781 1.4324188828468325 2.5467479228973393 21.817536354064945 1.7795371413230898
decision_type=2 2 9 2 2 2 2 2 2 2 2 2 2 2 2 2 2 2 2 2 2 2 2 2 2 2 2 2 2 2
left_child=5 6 3 -3 19 -1 11 21 27 10 -10 22 -9 15 24 18 17 25 -14 -5 -8 23 28 -6 -15 -13 -21 -4 -2 -25
right_child=1 2 8 4 7 -7 20 12 9 -11 -12 16 13 14 -16 -17 -18 -19 -20 26 -22 -23 -24 29 -26 -27 -28 -29 -30 -31
leaf_value=-0.010200846941786468 0.012669170064911037 -0.014035558811981081 0.026918172426846146 0.011487011076765564 -0.0041837248319802961 -0.0040231756451701356 0.0045057469365202838 0.040427963878599982 0.023129004446955967 0.036201276551369455 -0.014770398499196031 -0.0088672202310646903 0.019264924353867063 0.011458090325390453 0.036942377493699739 -0.0015048040393803583 0.0057735194507640497 0.023246435877098223 0.043315050668812943 -0.030270429384661693 0.036055856211465578 -0.011876121578552556 0.023540287508364382 0.019301656289208217 -0.020400505746341068 0.016387117608181519 6.5408309243062453e-05 0.057157374831371816 -0.0030757346413264794 0.0088456776434347809
leaf_weight=133463 9415 3807 2077 4977 3532 127741 2517 4845 4084 4477 2499 30230 4729 2213 2281 2999 21704 2175 6734 2313 3559 2166 5121 25988 2721 2056 3141 2829 7702 15185
leaf_count=133463 9415 3807 2077 4977 3532 127741 2517 4845 4084 4477 2499 30230 4729 2213 2281 2999 21704 2175 6734 2313 3559 2166 5121 25988 2721 2056 3141 2829 7702 15185
internal_value=4.48105e-05 0.0100786 0.0154162 0.0132196 0.0144605 -0.00717995 0.00353196 0.0166902 0.0274311 0.0198795 0.00874127 0.00201934 0.0237282 0.0199787 0.00752838 0.0261806 -0.00103479 -0.00532318 0.0334187 -0.00122846 0.023015 0.0127035 0.00972996 0.0138968 -0.006117 -0.00725443 -0.0128316 0.0444361 0.0055869 0.0154485
internal_weight=449280 188076 103597 87631 83824 261204 84479 73393 15966 11060 6583 78403 26522 21677 7215 14462 56165 34461 11463 10431 6076 46871 22238 44705 4934 32286 5454 4906 17117 41173
internal_count=449280 188076 103597 87631 83824 261204 84479 73393 15966 11060 6583 78403 26522 21677 7215 14462 56165 34461 11463 10431 6076 46871 22238 44705 4934 32286 5454 4906 17117 41173
cat_boundaries=0 1
cat_threshold=52
is_linear=0
shrinkage=0.05


Tree=52
num_leaves=31
num_cat=11
split_feature=14 37 5 5 28 5 5 24 5 30 5 30 5 1 17 5 13 28 5 5 5 17 14 28 17 38 28 14 37 28
split_gain=11780.2 2390.87 1706.62 1638.01 1215.86 1978.1 1618.07 1330.16 1107.61 922.159 819.551 793.493 759.82 717.673 714.859 661.384 618.227 590.745 896.053 524.595 502.702 469.729 434.848 422.514 414.224 413.78 437.324 406.625 385.016 383.061
threshold=1.6616916656494143 0.017075702548027042 0 1 1003.2815551757814 2 3 28.468536376953129 4 273.31250000000006 5 1571.5625000000002 6 69.750000000000014 2.0390844345092778 7 1.6286977529525759 999.90780639648449 8 9 10 2.3685500621795659 2.1827098131179814 1008.1246948242189 2.4602780342102055 -0.93547230958938588 1006.8828125000001 2.442704558372498 -0.97297441959381092 993.64187622070324
decision_type=2 2 9 9 2 9 9 2 9 2 9 2 9 2 2 9 2 2 9 9 9 2 2 2 2 2 2 2 2 2
left_child=2 4 -1 9 5 21 -6 15 -4 13 -9 14 -11 -3 -7 28 22 18 -10 -19 -18 -2 -5 24 -12 26 -14 -27 -8 -20
right_child=1 3 8 16 6 11 7 10 17 12 23 -13 25 -15 -16 -17 20 19 29 -21 -22 -23 -24 -25 -26 27 -28 -29 -30 -31
leaf_value=0.013356982798890152 0.030058536055229179 0.026028666795655978 -0.010740522940633337 0.0092201916368025161 -0.015954578274403549 0.0021042063376490445 -0.016439425018303862 0.028838328694432855 0.016528533433515815 0.046523622536242058 0.0036037840241650758 -0.020003269068278637 0.0033861108665637868 -0.014102616731735693 0.037532354778207835 0.0065231493637195022 0.0105665162723926 -0.0098238177423859256 0.016424955784261529 -0.0034072234691699919 -0.0087549434858054352 0.060168087867091324 0.021963077651386168 0.027537920130045298 0.024510469418121735 0.022039685917814297 0.031962147186781795 0.037814439432859906 -0.001555720174735501 -0.0048002737351256373
leaf_weight=10991 3182 2112 105929 13875 9970 4513 7362 6658 7823 5327 17509 2447 3665 2336 2071 15123 7881 49166 2334 90561 5847 2227 12973 2679 2731 8804 2102 7726 10588 22836
leaf_count=10991 3182 2112 105929 13875 9970 4513 7362 6658 7823 5327 17509 2447 3665 2336 2071 15123 7881 49166 2334 90561 5847 2227 12973 2679 2731 8804 2102 7726 10588 22836
internal_value=5.87236e-05 0.0109607 -0.00595281 0.0176572 0.00537133 0.0186171 0.0027353 0.00571327 -0.00671515 0.0261015 0.0134164 0.00425081 0.0295108 0.00496817 0.0132882 -0.0011758 0.0109688 -0.00424544 0.00177155 -0.00566653 0.0023381 0.0424651 0.0153835 0.00890917 0.00643545 0.0253949 0.013839 0.0294311 -0.0076616 -0.00282521
internal_weight=449348 159708 289640 72648 87060 14440 72620 62650 278649 32072 29577 9031 27624 4448 6584 33073 40576 172720 32993 139727 13728 5409 26848 22919 20240 22297 5767 16530 17950 25170
internal_count=449348 159708 289640 72648 87060 14440 72620 62650 278649 32072 29577 9031 27624 4448 6584 33073 40576 172720 32993 139727 13728 5409 26848 22919 20240 22297 5767 16530 17950 25170
cat_boundaries=0 19 35 67 86 118 140 153 185 217 249 265
cat_threshold=972 0 0 12800 0 0 24576 0 0 0 0 0 0 0 0 1048576 0 0 16777216 203 0 0 3120 0 0 29440 0 0 12288 0 0 42008576 0 0 536870912 0 0 0 0 0 0 115456 0 0 1994752 0 0 17170432 0 0 0 0 0 0 0 0 0 0 0 0 0 0 0 0 0 0 65536 0 0 0 0 0 0 1024 0 0 917504 0 0 32964608 0 0 408944640 0 0 1610612736 32 0 0 0 0 0 131072 0 0 3276800 0 0 23134208 0 0 855638016 0 0 2684354560 3 0 2147483648 55 0 0 540 0 0 224 0 0 1536 257 0 0 4208 0 0 33536 0 0 12288 0 0 0 0 0 0 0 0 50331648 0 0 805306368 0 0 0 0 0 0 768 0 0 12288 0 0 33554432 7 0 0 3168 0 0 115200 0 0 1060864 0 0 0 0 0 0 0 0 0 0 0 0 0 0 0 64 0 0 8192 0 0 65536 0 0 0 0 0 0 0 0 0 122880 0 0 1966080 0 0 138412032 0 0 1073741824 0 0 0 8 0 0 0 0 0 8192 0 0 69888 0 0 0 0 0 0 256 0 0 73728 0 0 1703936 0 0 213909504 0 0 1342177280 0 0 0 8 0 0 98 0 0 16 0 0 256 52 0 0 832 0 0 35840 0 0 835584 0 0 4587520 0 0 134217728
is_linear=0
shrinkage=0.05


Tree=53
num_leaves=31
num_cat=11
split_feature=41 26 5 5 5 41 5 34 5 32 14 5 37 5 41 7 37 34 7 34 5 34 5 24 13 26 13 14 5 5
split_gain=10699 2235.28 1079.94 896.67 867.884 854.05 903.604 820.922 1729.13 820.545 1215.38 766.674 715.159 646.997 633.332 682.131 710.715 664.412 612.221 532.812 1005.68 484.625 483.605 469.539 453.707 428.957 514.882 403.371 388.892 385.053
threshold=3.5641790628433232 7.5878484249114999 0 1 2 6.457451820373536 3 -5.4223327636718741 4 916.64260864257824 2.9389175176620488 5 -0.12098199129104613 6 7.7896451950073251 2.5000000000000004 -0.097065061330795274 -3.4655151367187496 2.5000000000000004 -5.1915588378906241 7 -3.0910339355468746 8 28.267364501953129 2.0387239456176762 10.844613075256349 1.6101223826408388 2.8857496976852421 9 10
decision_type=2 2 9 9 9 2 9 2 9 2 2 9 2 9 2 2 2 2 2 2 9 2 9 2 2 2 2 2 9 9
left_child=3 4 5 -1 7 6 25 8 -2 10 11 -7 18 21 15 16 -4 23 -6 20 -5 -9 -14 -17 -8 26 -3 -11 -20 -25
right_child=1 2 14 19 12 9 24 13 -10 27 -12 -13 22 -15 -16 17 -18 -19 28 -21 -22 -23 -24 29 -26 -27 -28 -29 -30 -31
leaf_value=-0.0099486673381388811 0.04406966213007537 0.036817638583443467 0.0025353160651810664 0.016324159901287206 -0.0022621287969319527 0.024777181232951917 0.0084000567766183039 -0.0098246772664121653 -0.0019118883884635984 0.020272793696422816 -0.013002629171422237 0.0056989667294243228 0.033656050570128597 -0.0021219357574384294 0.027829478736571763 -0.032430578500410992 0.018850229512548385 0.0083791198621684694 0.0015236694850365856 -0.008054199190980927 -0.0032322788772238772 -0.035779153014224234 0.011247545742982923 0.010591422899772563 0.036685552646411448 0.024293866620042473 0.070808412897679626 0.040465947856481568 0.021314284942979368 -0.018138619947742417
leaf_weight=113655 2648 2586 12060 7107 21963 10850 4620 4915 8750 8160 4528 10269 2682 18405 3956 2162 14950 7419 4445 51885 84723 2837 23055 2244 2041 2084 2014 3572 5632 2388
leaf_count=113655 2648 2586 12060 7107 21963 10850 4620 4915 8750 8160 4528 10269 2682 18405 3956 2162 14950 7419 4445 51885 84723 2837 23055 2244 2041 2084 2014 3572 5632 2388
internal_value=2.57846e-05 0.00898337 0.0143726 -0.00663011 0.00356092 0.0193804 0.0302434 -0.00235624 0.00883683 0.0155002 0.0104829 0.015522 0.00740595 -0.00723608 0.00874096 0.00690493 0.0115692 -0.00196088 0.00242015 -0.0040042 -0.00171571 -0.0193322 0.0136123 -0.0132478 0.0170834 0.0432229 0.051821 0.0264502 0.0126174 -0.00424361
internal_weight=448605 191235 95903 257370 95332 50724 13345 37555 11398 37379 25647 21119 57777 26157 45179 41223 27010 14213 32040 143715 91830 7752 25737 6794 6661 6684 4600 11732 10077 4632
internal_count=448605 191235 95903 257370 95332 50724 13345 37555 11398 37379 25647 21119 57777 26157 45179 41223 27010 14213 32040 143715 91830 7752 25737 6794 6661 6684 4600 11732 10077 4632
cat_boundaries=0 22 54 86 99 112 122 138 151 170 192 211
cat_threshold=328 0 0 3088 0 0 62208 0 0 487424 0 0 458752 0 0 0 0 0 16777216 0 0 268435456 20 0 0 64 0 0 0 0 0 131072 0 0 6291456 0 0 855638016 0 0 4026531840 3 0 2147483648 55 0 0 540 0 0 240 0 0 1536 32 0 0 1024 0 0 52224 0 0 1826816 0 0 28180480 0 0 819986432 0 0 855638016 0 0 0 0 0 0 129 0 0 8192 0 0 32768 320 0 0 3072 0 0 24832 0 0 12288 0 0 196608 0 0 0 0 0 0 50176 0 0 1597440 0 0 25165824 72 0 0 0 0 0 57344 0 0 471040 0 0 0 0 0 0 0 0 0 1605632 0 0 25952256 0 0 268435456 0 0 0 0 0 0 3072 0 0 3203072 0 0 393216 192 0 0 0 0 0 256 0 0 4096 0 0 65536 0 0 0 0 0 2147483648 19 0 0 2784 0 0 13056 0 0 2363392 0 0 33554432 0 0 67108864 0 0 0 0 0 268435456 0 0 0 416 0 0 199680 0 0 1572864 0 0 0 0 0 3145728 0 0 33554432
is_linear=0
shrinkage=0.05


Tree=54
num_leaves=31
num_cat=11
split_feature=42 16 5 5 34 5 5 37 16 41 34 17 7 5 22 1 38 41 7 5 5 38 16 5 29 9 5 37 34 5
split_gain=9697.65 1958.23 1191.25 1028.52 1089.45 1768.7 952.499 788.328 762.601 754.386 862.421 696.039 673.947 714.903 579.81 625.775 632.231 571.404 498.087 430.158 409.949 389.061 417.216 397.319 383.503 377.106 656.983 372.385 371.668 366.532
threshold=5.6492080688476571 1.1945538520812991 0 1 -6.0448913574218741 2 3 -0.44991755485534662 2.4695020914077763 7.3240315914154062 -7.1784362792968741 2.0782005786895756 1.5000000000000002 4 1.3089179992675783 69.250000000000014 -0.43234968185424799 1.9427847266197207 2.5000000000000004 5 6 3.250890970230103 2.3955798149108891 7 0.85156631469726574 8 9 0.25104284286499029 -9.9899597167968732 10
decision_type=2 2 9 9 2 9 9 2 2 2 2 2 2 9 2 2 2 2 2 9 9 2 2 9 2 9 9 2 2 9
left_child=1 17 7 25 5 -5 -6 8 11 12 -11 20 27 -14 -9 -16 -17 -1 -18 -7 -2 22 -15 -24 -10 26 -3 -4 -21 -12
right_child=2 3 9 4 6 19 -8 14 24 10 29 -13 13 21 15 16 18 -19 -20 28 -22 -23 23 -25 -26 -27 -28 -29 -30 -31
leaf_value=-0.0097226702216923408 -0.00076298107271002488 0.033804647285359764 0.0053722664026295787 0.04872133375753588 -0.016826438780212873 -0.0054659632694832073 -0.0010272123638998365 0.011524042225683527 0.0067160632050739843 0.048523917491781504 0.02606150374451929 -0.021102738427655133 -0.022126863183582438 0.00029127856133747115 0.049538751101619233 0.0055867692421427695 0.029772236661307579 -0.0047230409588402507 0.015235972888696339 0.019047427691213117 0.015051337303898724 -0.016565461135640752 0.031885803243557401 0.0044586122810582355 0.033595431364065738 0.004848185857267164 0.0078568495632758712 0.022092038304101252 0.0013661283142388308 -0.0014117744040744343
leaf_weight=104903 7775 3615 7700 2195 15656 10590 24391 14763 2018 2032 2046 2418 3468 17071 2144 5142 17182 125611 9024 4845 8651 2517 2297 3107 3899 20032 7508 5870 7668 2947
leaf_count=104903 7775 3615 7700 2195 15656 10590 24391 14763 2018 2032 2046 2418 3468 17071 2144 5142 17182 125611 9024 4845 8651 2517 2297 3107 3899 20032 7508 5870 7668 2947
internal_value=-6.13378e-06 -0.00449528 0.0120191 0.00148465 -0.00207999 0.0060411 -0.00721089 0.0160673 0.00881151 0.00598714 0.0211429 0.00388911 0.00345097 -0.000921763 0.0197912 0.0234307 0.0216299 -0.00699861 0.0247744 0.00194484 0.00757865 0.00203646 0.00412705 0.0162212 0.024455 0.00895724 0.0163355 0.0126157 0.00821546 0.00992491
internal_weight=449085 327014 122071 96500 65345 25298 40047 73016 24761 49055 7025 18844 42030 28460 48255 33492 31348 230514 26206 23103 16426 24992 22475 5404 5917 31155 11123 13570 12513 4993
internal_count=449085 327014 122071 96500 65345 25298 40047 73016 24761 49055 7025 18844 42030 28460 48255 33492 31348 230514 26206 23103 16426 24992 22475 5404 5917 31155 11123 13570 12513 4993
cat_boundaries=0 19 51 64 83 115 147 160 170 171 203 219
cat_threshold=456 0 0 3856 0 0 128768 0 0 880640 0 0 327680 0 0 0 0 0 16777216 982 0 0 12592 0 0 138240 0 0 2408448 0 0 33619968 0 0 537919488 0 0 16777216 0 0 536870912 0 0 0 32 0 0 9216 0 0 98560 0 0 0 0 0 0 49152 0 0 1581056 0 0 25296896 0 0 0 0 0 0 0 0 0 524288 0 0 29229056 0 0 534773760 0 0 4026531840 0 0 0 0 0 0 0 0 0 2097152 0 0 62914560 0 0 1008730112 0 0 1140850688 0 0 0 0 0 0 0 0 0 11264 0 0 69632 0 0 0 0 0 0 0 0 0 0 0 0 3145728 0 0 125829120 0 0 2650800128 3 0 3221225472 3 0 0 452 0 0 0 0 0 16384 192 0 0 3600 0 0 99328 0 0 524288 0 0 65536 48 0 0 12288 0 0 131072 0 0 1048576 7 448 0 0 256 0 0 4096 0 0 49152 0 0 65536 0 0 0 0 0 16777216 0 0 0 0 0 0 0 0 0 0 0 0 256 35 0 0 0 0 0 0 0 0 1048576 0 0 0 0 0 1048576
is_linear=0
shrinkage=0.05


Tree=55
num_leaves=31
num_cat=10
split_feature=42 5 34 29 34 5 42 5 37 7 19 19 16 30 16 34 5 5 12 7 5 12 9 5 16 13 5 5 37 34
split_gain=8787.87 1712.28 1462.34 922.477 861.819 852.62 820.207 768.909 665.704 712.692 663.908 650.782 732.516 585.46 583.929 638.446 590.237 576.986 527.537 513.445 506.651 467.065 423.54 416.306 693.286 396.687 490.467 420.938 394.082 392.264
threshold=3.9032235145568852 0 -7.9419250488281241 0.54742431640625011 -1.1081237792968748 1 7.6106231212615976 2 -0.9518260359764098 2.5000000000000004 1.5934353470802309 1.419969975948334 2.2689859867095952 1117.3125000000002 1.3248680233955386 -12.697906494140623 3 4 1.6655557751655581 1.5000000000000002 5 2.574183583259583 6 7 2.5743135213851933 1.0042015910148623 8 9 0.54684770107269298 -5.8018493652343741
decision_type=2 9 2 2 2 9 2 9 2 2 2 2 2 2 2 2 9 9 2 2 9 2 9 9 2 2 9 9 2 2
left_child=5 2 18 17 6 -1 23 19 -9 22 -6 28 20 -14 -7 -16 -17 -4 -2 -3 -13 -15 -10 -5 -25 26 -11 -27 -8 -18
right_child=1 7 3 4 10 14 11 8 9 25 -12 12 13 21 15 16 29 -19 -20 -21 -22 -23 -24 24 -26 27 -28 -29 -30 -31
leaf_value=-0.0092277520094141193 0.02223765590375287 0.0064892290011392753 0.010779443363296682 -0.0032896880542705761 0.019527518876131047 -0.0049158114743319253 0.016953380011020005 -0.0063504612712774111 0.029687669000058051 -0.03151748699846936 0.052000710147652597 -0.023430992451784344 0.0011877372110983815 0.033065768998694268 0.02984775681692562 0.02041113622156604 0.0075770928754127446 -0.014920288561780931 0.050596862847815061 -0.023476174350140624 0.004759414507491423 0.004895035405538227 0.0088657701013618757 0.0060822794434110487 0.033666983264349991 -0.012135614544159479 -0.00047540818710115317 0.0073551876826069371 0.030992021837197865 -0.0066097865382691969
leaf_weight=110693 3621 2121 3712 9956 6113 125562 17688 12255 2594 2110 2122 2147 3849 5305 2056 3362 7201 5250 3032 4352 6010 2040 38889 24069 2507 3580 3173 12009 7000 15016
leaf_count=110693 3621 2121 3712 9956 6113 125562 17688 12255 2594 2110 2122 2147 3849 5305 2056 3362 7201 5250 3032 4352 6010 2040 38889 24069 2507 3580 3173 12009 7000 15016
internal_value=-2.22904e-05 0.00831682 0.0125492 0.0110044 0.0125472 -0.00588444 0.0109698 0.00286347 0.00429868 0.00639299 0.0279482 0.0155641 0.00869207 0.0169906 -0.00346745 0.00311144 0.00095159 -0.0042801 0.0352185 -0.0136415 -0.00270304 0.0252589 0.0101839 0.00542874 0.00869285 -0.00114275 -0.01297 0.00287117 0.0209448 -0.00200927
internal_weight=449394 185504 104421 97768 88806 263890 80571 81083 74610 62355 8235 44039 19351 11194 153197 27635 25579 8962 6653 6473 8157 7345 41483 36532 26576 20872 5283 15589 24688 22217
internal_count=449394 185504 104421 97768 88806 263890 80571 81083 74610 62355 8235 44039 19351 11194 153197 27635 25579 8962 6653 6473 8157 7345 41483 36532 26576 20872 5283 15589 24688 22217
cat_boundaries=0 26 58 90 122 129 136 137 150 179 205
cat_threshold=968 0 0 8112 0 0 129792 0 0 421888 0 0 1114112 0 0 0 0 0 0 0 0 0 14 0 0 64 0 0 0 0 0 0 98560 0 0 131072 0 0 7340032 0 0 847249408 0 0 3758096384 3 0 2147483648 55 0 0 572 0 0 224 0 0 1536 0 0 0 0 0 0 0 0 0 2097152 0 0 16777216 0 0 385875968 0 0 939524096 1 0 2147483648 0 0 0 260 0 0 7680 0 0 118784 463 0 0 12576 0 0 4096 0 0 2101248 0 0 65536 0 0 0 0 0 0 0 0 805306368 0 0 0 0 0 0 1536 0 0 8192 456 0 0 7696 0 0 57344 0 0 0 3600 0 0 106496 1 640 0 0 5648 0 0 0 0 0 393216 0 0 1048576 33 0 0 0 0 0 0 0 0 622592 0 0 8781824 0 0 12582912 0 0 50331648 0 0 1879048192 0 0 0 16 0 0 8192 0 0 0 8192 0 0 131072 0 0 1048576 0 0 33554432 0 0 685768704 0 0 3288334336 0 0 0 0 0 0 128
is_linear=0
shrinkage=0.05


Tree=56
num_leaves=31
num_cat=12
split_feature=25 14 34 5 5 37 5 32 38 8 5 27 27 5 5 41 34 32 0 30 5 38 5 37 43 5 27 5 5 33
split_gain=7881.63 1606.73 2115.2 1673.13 1587.41 1274.1 961.493 1028.19 939.744 885.312 872.675 813.66 769.036 1119.68 1084.97 646.883 599.285 574.927 539.069 511.294 822.81 865.963 716.197 588.738 717.344 525.104 448.587 522.505 428.106 409.32
threshold=3.8589680194854741 2.018463253974915 -8.5253601074218732 0 1 -1.5095614194869993 2 750.08215332031261 -0.47032046318054194 3 4 1003.409393310547 1004.246795654297 5 6 2.4757210016250615 -1.1081237792968748 750.08215332031261 16.750000000000004 338.06250000000006 7 3.0645520687103276 8 0.29104053974151617 7.0071938037872323 9 996.53350830078136 10 11 13.34611225128174
decision_type=2 2 2 9 9 2 9 2 2 1 9 2 2 9 9 2 2 2 2 2 9 2 9 2 2 9 2 9 9 2
left_child=12 4 6 11 -2 17 7 -3 16 -6 -11 -4 14 -14 -1 -15 -7 -5 -13 -10 -21 23 -23 24 -22 -26 -16 -28 -17 -27
right_child=1 2 3 5 9 8 -8 -9 19 10 -12 18 13 15 26 28 -18 -19 -20 20 21 22 -24 -25 25 29 27 -29 -30 -31
leaf_value=0.022627469570288574 0.010006488098437995 0.077707057998899598 0.016968397952594565 -0.015924639525501327 0.0062931896284687781 0.0031112412965555126 0.013307715767867058 0.031037060825187774 0.0029228485700143079 -0.026363992437970152 -0.0045946080126229409 0.0031859851709506943 -0.012704015937070429 -0.0069883050670371096 0.014679681777674225 0.019017764241473827 0.029345681050572184 0.012477593261407455 -0.016603981222686272 0.040517674880864295 0.042226497746012767 -0.016000423818834316 0.013688698381410364 0.03179544114037796 0.0025851377297609105 0.038513444090585353 -0.0083680428391442636 0.00094324448444562466 -0.00084966025219444417 0.015074380296272227
leaf_weight=4511 38994 2044 3796 5078 14458 18047 2719 2830 4508 5689 23888 5584 62351 89083 3501 2891 2466 2733 8945 4648 2506 2749 7621 10995 6630 2442 30072 30173 39547 7875
leaf_count=4511 38994 2044 3796 5078 14458 18047 2719 2830 4508 5689 23888 5584 62351 89083 3501 2891 2466 2733 8945 4648 2506 2749 7621 10995 6630 2442 30072 30173 39547 7875
internal_value=1.74017e-05 0.00785194 0.0119858 0.00998652 0.0026624 0.0131683 0.0373807 0.0506243 0.015293 -0.00384315 -0.00879981 -0.00361322 -0.00557908 -0.00718596 -0.00101464 -0.00456791 0.00627781 -0.0059837 -0.00900105 0.0189915 0.0205837 0.01829 0.0058083 0.0225438 0.017301 0.0135925 -0.00269409 -0.00370644 0.000512208 0.0206343
internal_weight=449374 187245 104216 96623 83029 78298 7593 4874 70487 44035 29577 18325 262129 193872 68257 131521 20513 7811 14529 49974 45466 40818 10370 30448 19453 16947 63746 60245 42438 10317
internal_count=449374 187245 104216 96623 83029 78298 7593 4874 70487 44035 29577 18325 262129 193872 68257 131521 20513 7811 14529 49974 45466 40818 10370 30448 19453 16947 63746 60245 42438 10317
cat_boundaries=0 16 45 61 62 94 123 155 174 184 194 223 255
cat_threshold=512 0 0 64 0 0 2048 0 0 1015808 0 0 31588352 0 0 134217728 972 0 0 3248 0 0 60928 0 0 49152 0 0 3670016 0 0 1048576 0 0 16777216 0 0 1073741824 14 0 0 112 0 0 128 0 0 0 0 0 0 12544 0 0 438272 0 0 25362432 0 0 134217728 4 32 0 0 512 0 0 196608 0 0 3145728 0 0 29360128 0 0 251658240 0 0 939524096 1 0 2147483648 0 0 0 4 0 0 3088 0 0 16640 0 0 0 0 0 0 98560 0 0 753664 0 0 33423360 0 0 534773760 0 0 4026531840 3 0 0 32 0 0 0 0 0 96 0 0 0 0 0 0 2048 0 0 3727360 0 0 59179008 0 0 134217728 0 0 0 0 0 0 12 0 0 128 0 0 8192 0 0 65792 0 0 0 0 0 0 256 0 0 12288 0 0 0 0 0 1048576 0 0 16777216 311 0 0 8192 0 0 196608 0 0 3145728 7 0 0 11808 0 0 143360 0 0 2097152 0 0 0 0 0 0 0 0 0 0 0 0 4194304 0 0 806354944 0 0 251658240 3 0 3489660928 35 0 0 319 0 0 4208 487 0 0 13088 0 0 0 0 0 0 0 0 65536 0 0 0 0 0 16777216 0 0 536870912 0 0 0 0 0 0 16 0 0 8192
is_linear=0
shrinkage=0.05


Tree=57
num_leaves=31
num_cat=0
split_feature=14 38 14 28 28 16 30 16 7 39 29 36 16 7 41 28 16 28 1 30 36 29 13 18 36 28 29 1 42 14
split_gain=7163.47 1435.86 1083.14 1040.52 1120.4 1334.26 941.555 772.397 1075.61 950.174 833.759 804.894 661.328 628.265 617.298 562.438 545.151 506.411 498.152 476.316 450.326 649.643 430.375 417.892 391.665 376.148 360.978 653 338.738 319.672
threshold=1.7892792224884035 0.046549975872039802 0.70314946770668041 1008.8578186035157 1003.2228088378907 1.8261677622795107 925.81250000000011 3.1737620830535893 2.5000000000000004 1.4230660796165469 0.99396896362304699 76.518058776855483 2.3955798149108891 1.5000000000000002 5.6371898651123056 999.90780639648449 2.2091313600540166 1007.6440429687501 90.250000000000014 1071.3750000000002 33.461093902587898 0.53334045410156261 1.5569920539855959 0.73720329999923717 147.28974914550784 1006.9252929687501 0.94020080566406261 86.750000000000014 9.5868759155273455 2.1827098131179814
decision_type=2 2 2 2 2 2 2 2 2 2 2 2 2 2 2 2 2 2 2 2 2 2 2 2 2 2 2 2 2 2
left_child=2 3 -1 4 5 -2 -7 8 10 -9 18 16 -13 -5 15 23 17 22 28 -18 21 -6 -10 -4 -25 -21 -22 -28 -3 -29
right_child=1 7 14 13 20 6 -8 9 11 -11 -12 12 -14 -15 -16 -17 19 -19 -20 25 26 -23 -24 24 -26 -27 27 29 -30 -31
leaf_value=-0.0080329790627944164 -0.011374897908442587 0.011717365208446403 -0.0040485744998730745 0.00084175383170149564 -0.012983825471822284 0.057050406420375135 0.010785683574590362 0.055093088488012087 -0.023792879031388135 0.01192072796954723 0.025992332263434455 -0.029185469781617974 0.0016189139217727422 0.034618067622295544 0.0071931078193085479 -0.0045119739090554072 0.002443944666681382 0.019711260723627166 0.0012857519327832371 0.014998891988269168 -0.00083024215079798523 0.0067579336975555548 0.0063037565357999779 0.0083186186248336638 -0.01400026160006169 0.039984117178632934 0.0054390314029129656 -0.0078157128242692022 0.023486812468286968 -0.030253753506845855
leaf_weight=121715 2192 20526 15890 2099 5144 2438 2007 2408 2617 2710 15458 2841 4478 3994 16765 126300 3542 2000 8193 3644 12061 21761 2162 22361 2146 2583 3085 2486 8729 4425
leaf_count=121715 2192 20526 15890 2099 5144 2438 2007 2408 2617 2710 15458 2841 4478 3994 16765 126300 3542 2000 8193 3644 12061 21761 2162 22361 2146 2583 3085 2486 8729 4425
internal_value=-4.29686e-05 0.00916643 -0.00437607 0.00340491 0.00125346 0.0205155 0.0362321 0.0135059 0.0122489 0.032301 0.0162234 0.00343557 -0.0103619 0.0230028 -0.00194964 -0.00286952 0.00954059 -0.00135403 0.012185 0.0170944 -0.00136125 0.00298006 -0.0101926 0.00226542 0.00635931 0.0254104 -0.00665571 -0.0136768 0.0152359 -0.0222054
internal_weight=448760 143583 305177 61692 55599 6637 4445 81891 76773 5118 52906 23867 7319 6093 183462 166697 16548 6779 37448 9769 48962 26905 4779 40397 24507 6227 22057 9996 29255 6911
internal_count=448760 143583 305177 61692 55599 6637 4445 81891 76773 5118 52906 23867 7319 6093 183462 166697 16548 6779 37448 9769 48962 26905 4779 40397 24507 6227 22057 9996 29255 6911
is_linear=0
shrinkage=0.05


Tree=58
num_leaves=31
num_cat=0
split_feature=14 37 16 41 19 30 12 1 10 39 10 32 37 37 38 7 16 30 38 41 31 20 18 33 1 12 38 7 31 12
split_gain=6572.98 1747.27 1400.74 1337.99 1381.55 855.156 892.157 1533.74 842.63 730.49 720.256 704.597 688.085 643.822 569.167 737.818 581.845 652.139 627.729 563.607 466.158 421.081 419.858 377.525 362.618 562.945 361.991 356.301 291.739 275.099
threshold=1.6616916656494143 -0.60628122091293324 2.3523837327957158 5.7759604454040536 1.5657819509506228 152.56250000000003 2.5256395339965825 74.750000000000014 0.41630998253822332 1.173128128051758 2.68965756893158 777.03918457031261 0.57363414764404308 -1.8643394708633421 0.15488076210021975 2.5000000000000004 2.2884960174560551 1304.9375000000002 1.8432295322418215 5.2189643383026132 84.339092254638686 1.6997441649436953 1.7630171775817873 20.675135612487797 81.250000000000014 1.7377133965492251 -0.44498705863952631 2.5000000000000004 82.911663055419936 0.91274067759513866
decision_type=2 2 2 2 2 2 2 2 2 2 2 2 2 2 2 2 2 2 2 2 2 2 2 2 2 2 2 2 2 2
left_child=8 2 11 4 -4 -3 10 -8 -1 20 14 13 -12 22 24 23 18 -18 -17 -10 -9 26 -2 -16 25 -7 -14 -5 -29 -26
right_child=1 5 3 27 -6 6 7 9 19 -11 12 -13 21 -15 15 16 17 -19 -20 -21 -22 -23 -24 -25 29 -27 -28 28 -30 -31
leaf_value=-0.0081114204608051677 -0.010816298954553959 -0.0028495676106706073 0.0096021169893387055 -0.0061430911729931179 0.067014141031297977 0.0082233749113026517 0.027043411004849541 -0.0079557882294381856 -0.0031677728804708374 0.0033242470450433668 0.015108542086536308 0.0061617805998751465 0.012886952906906094 -0.0054286181430103914 0.023815326522655961 0.0090078722518230486 0.0033810788245255356 0.032950937363503442 -0.02322119232582015 0.008207980457110407 -0.04046018478683916 0.056146349515791533 -0.040045384253566157 0.010825961349578023 0.015843373523594103 0.037217560642333697 0.041534633155709516 0.024991280015120878 0.00365823245144475 3.9671517777166974e-05
leaf_weight=101943 2452 9116 2189 4822 2007 6807 3972 2145 176160 4865 7612 10308 2029 20551 23543 3573 4355 3254 2603 11596 2274 2035 2473 7370 3396 2214 2439 2540 4325 14378
leaf_count=101943 2452 9116 2189 4822 2007 6807 3972 2145 176160 4865 7612 10308 2029 20551 23543 3573 4355 3254 2603 11596 2274 2035 2473 7370 3396 2214 2439 2540 4325 14378
internal_value=3.71363e-05 0.00818302 0.000620825 0.0129733 0.0371571 0.011801 0.0131521 0.00108072 -0.00445201 -0.0100441 0.0150209 -0.00486403 0.0253431 -0.00932591 0.0129797 0.0164339 0.00680743 0.0160533 -0.0045913 -0.0024648 -0.024736 0.0372815 -0.0255446 0.020723 0.00721373 0.0153727 0.028583 0.00426629 0.0115762 0.00306643
internal_weight=449346 159647 51667 15883 4196 107980 98864 13256 289699 9284 85608 35784 14115 25476 71493 44698 13785 7609 6176 187756 4419 6503 4925 30913 26795 9021 4468 11687 6865 17774
internal_count=449346 159647 51667 15883 4196 107980 98864 13256 289699 9284 85608 35784 14115 25476 71493 44698 13785 7609 6176 187756 4419 6503 4925 30913 26795 9021 4468 11687 6865 17774
is_linear=0
shrinkage=0.05


Tree=59
num_leaves=31
num_cat=10
split_feature=42 5 41 22 5 29 16 5 17 17 11 16 7 5 16 41 5 41 5 11 43 5 16 36 5 5 7 16 5 38
split_gain=5955.84 1325.78 839.228 1495.55 938.558 826.102 747.418 779.143 905.303 688.165 661.764 631.068 603.01 578.446 575.453 724.006 542.28 438.111 424.544 418.138 502.913 413.653 386.609 521.372 626.401 599.843 481.637 417.076 387.332 383.083
threshold=3.8589680194854741 0 7.0518453121185312 13.803005218505861 1 0.45487976074218756 2.5743135213851933 2 2.117950558662415 1.0399680733680727 1.4505172967910769 2.2493528127670293 1.5000000000000002 3 1.8523730635643008 6.38470482826233 4 7.1662244796752939 5 1.5127744078636172 6.8634650707244882 6 3.1737620830535893 81.655025482177749 7 8 1.5000000000000002 2.1180506944656377 9 2.0579702854156499
decision_type=2 9 2 2 9 2 2 9 2 2 2 2 2 9 2 2 9 2 9 2 2 9 2 2 9 9 2 2 9 2
left_child=9 5 4 21 12 18 7 10 14 -1 -7 -10 -3 -8 -9 -16 -11 -12 -2 20 -17 -4 23 25 -25 -6 -26 -28 -27 -14
right_child=1 2 3 -5 22 6 13 8 11 16 17 -13 29 -15 15 19 -18 -19 -20 -21 -22 -23 -24 24 26 28 27 -29 -30 -31
leaf_value=-0.0065216777891588685 -0.020142872306023449 0.0038417639818568022 0.022185516347095546 0.048507949498858352 -0.021870269754550167 0.013321663982151306 0.031150003748466285 0.006274273978600026 -0.025702561489370165 -0.0059571655128336839 0.052645194952993413 0.0030138670927788835 -0.013896607674434914 0.010233830103170997 0.033879334599594246 -0.0023421419239544831 0.0024633385849291232 0.022064689918184537 0.0088451923252353473 -0.0004975647009994805 0.026530143442815391 -0.00029185739880259129 0.023297697816867316 0.014494963761623361 0.0024475897021092323 0.011820696229789878 -0.028406217880730885 -0.0042179768296680955 0.0024042119733927985 -0.039224962981912165
leaf_weight=182427 3092 3409 2797 2559 2068 11510 8262 35372 3107 32090 2085 4949 4821 5580 4809 2097 47245 2716 2113 4814 5348 7494 2202 2861 3988 16240 4597 2913 33331 2166
leaf_count=182427 3092 3409 2797 2559 2068 11510 8262 35372 3107 32090 2085 4949 4821 5580 4809 2097 47245 2716 2113 4814 5348 7494 2202 2861 3988 16240 4597 2913 33331 2166
internal_value=3.96586e-05 0.00684672 0.00253835 0.0143795 0.000601132 0.0109549 0.0120683 0.0101385 0.0075171 -0.00483111 0.0198338 -0.00807948 -0.0133787 0.0227616 0.00991562 0.0174539 -0.00094341 0.0354272 -0.00840227 0.0109881 0.0184056 0.00585415 0.00273535 0.00204628 -0.00637839 0.00438967 -0.0115828 -0.0190421 0.00549268 -0.0217933
internal_weight=449062 187300 91446 12850 78596 95854 90649 76807 60496 261762 16311 8056 10396 13842 52440 17068 79335 4801 5205 12259 7445 10291 68200 65998 14359 51639 11498 7510 49571 6987
internal_count=449062 187300 91446 12850 78596 95854 90649 76807 60496 261762 16311 8056 10396 13842 52440 17068 79335 4801 5205 12259 7445 10291 68200 65998 14359 51639 11498 7510 49571 6987
cat_boundaries=0 26 58 81 91 117 130 146 168 178 197
cat_threshold=456 0 0 7600 0 0 129792 0 0 323584 0 0 1114112 0 0 0 0 0 0 0 0 0 14 0 0 80 0 0 0 0 0 0 0 0 0 2097152 0 0 25165824 0 0 520093696 0 0 939524096 1 0 2147483648 0 0 0 260 0 0 15872 0 0 86016 8 0 0 0 0 0 768 0 0 4096 0 0 65536 0 0 0 0 0 0 0 0 0 4 64 0 0 7168 0 0 127232 0 0 4096 0 0 0 0 0 0 125696 0 0 917504 0 0 16252928 0 0 327155712 0 0 4160749568 3 0 3221225472 3 0 0 516 0 0 0 416 0 0 6912 0 0 274432 0 0 65536 39 0 0 8256 0 0 0 0 0 0 0 0 0 0 0 134217728 512 0 0 512 0 0 0 0 0 196608 0 0 2490368 0 0 0 0 0 67108864 0 0 1073741824 0 0 0 0 0 0 0 0 0 1703936 4 0 0 8768 0 0 132096 0 0 0 0 0 4194304 0 0 546308096 0 0 2147483648
is_linear=0
shrinkage=0.05


Tree=60
num_leaves=31
num_cat=10
split_feature=14 37 5 16 5 5 5 41 41 5 12 5 29 41 7 38 30 5 33 20 16 37 37 5 41 5 33 12 5 43
split_gain=5312.04 1555.94 1242.45 1146.88 1223.25 997.881 984.217 928.757 869.305 1128.18 772.012 726.026 665.979 1007.69 671.76 521.636 542.751 574.855 459.225 455.765 465.891 381.751 367.577 351.568 399.46 340.443 408.024 443.967 339.6 327.417
threshold=1.7892792224884035 -0.97297441959381092 0 2.3523837327957158 1 2 3 5.9068090915679941 6.7307515144348153 4 3.2124291658401494 5 0.99500656127929699 7.4447600841522226 2.5000000000000004 0.62944114208221447 706.81250000000011 6 17.876543998718265 1.5009427666664126 1.9989624023437502 1.0168874859809878 0.81591951847076427 7 8.2568011283874529 8 20.052288055419925 1.2658578157424929 9 8.8453650474548358
decision_type=2 2 9 2 9 9 9 2 2 9 2 9 2 2 2 2 2 9 2 2 2 2 2 9 2 9 2 2 9 2
left_child=2 3 21 6 -5 8 19 -6 9 -3 12 -4 25 14 -14 23 -17 -18 -9 -2 -21 -1 -11 24 -10 26 -7 -28 -16 -8
right_child=1 5 11 4 7 10 29 18 15 22 -12 -13 13 -15 28 16 17 -19 -20 20 -22 -23 -24 -25 -26 -27 27 -29 -30 -31
leaf_value=0.0067942456249520103 -0.0095188673662184517 0.057244721424924462 -0.0081099102678120327 -0.0094296069988850859 0.052890330080457709 0.014876108645476194 -0.0027000104919426729 0.029726274796121291 0.022249128107075883 0.014052302817277118 -0.016740711437962297 -0.0027469872459935617 0.019213293767681348 0.043532446727954421 0.0078708149462622459 0.00022214087253114804 0.04239636259553179 0.016669081072623416 -0.0018739506142578034 -0.046816816624969115 -0.016346463942542255 0.029959857446762713 0.03484455806526731 -0.0035886735788717206 0.00063991547657278863 0.0010865654645345858 -0.010636134888190646 0.0092273669237147009 -0.01920678501681107 0.018014474860345756
leaf_weight=14403 5897 2573 93106 4341 2020 14825 7141 2074 4528 7230 3225 195970 9001 2930 2591 2942 3138 7216 2562 2265 2835 2021 3018 6167 4046 23932 4193 8498 2063 2592
leaf_count=14403 5897 2573 93106 4341 2020 14825 7141 2074 4528 7230 3225 195970 9001 2930 2591 2942 3138 7216 2562 2265 2835 2021 3018 6167 4046 23932 4193 8498 2063 2592
internal_value=1.57311e-05 0.00793811 -0.00371461 -0.00183702 0.0112087 0.0107042 -0.00875969 0.0246401 0.0169334 0.0277206 0.00712728 -0.00447473 0.00826205 0.0169725 0.0112458 0.0119984 0.0191764 0.0245567 0.0122965 -0.0189926 -0.029944 0.00965543 0.0201839 0.00551548 0.0120505 0.00545134 0.00924208 0.00266143 -0.00417175 0.0028264
internal_weight=449343 143843 305500 31727 10997 112116 20730 6656 40858 12821 71258 289076 68033 16585 13655 28037 13296 10354 4636 10997 5100 16424 10248 14741 8574 51448 27516 12691 4654 9733
internal_count=449343 143843 305500 31727 10997 112116 20730 6656 40858 12821 71258 289076 68033 16585 13655 28037 13296 10354 4636 10997 5100 16424 10248 14741 8574 51448 27516 12691 4654 9733
cat_boundaries=0 19 35 57 79 92 124 134 147 176 189
cat_threshold=972 0 0 15872 0 0 57344 0 0 0 0 0 0 0 0 1048576 0 0 16777216 5 0 0 112 0 0 1792 0 0 12288 0 0 29556736 0 0 134217728 456 0 0 2320 0 0 13056 0 0 28672 0 0 33619968 0 0 536870912 0 0 0 0 0 268435456 228 0 0 15424 0 0 125952 0 0 1843200 0 0 17039360 0 0 137363456 0 0 1073741824 0 0 536870912 192 0 0 0 0 0 8192 0 0 4096 0 0 65536 32 0 0 16 0 0 131328 0 0 3289088 0 0 31457280 0 0 318767104 0 0 2684354560 3 0 2147483648 51 0 0 12 0 0 224 0 0 1536 0 0 0 256 0 0 768 0 0 12288 200 0 0 16 0 0 256 0 0 4096 0 0 65536 55 0 0 1696 0 0 182272 0 0 2195456 0 0 4325376 0 0 134217728 0 0 0 0 0 0 0 0 0 0 0 0 8192 35 0 0 8288 0 0 199680 0 0 1081344 0 0 27394048
is_linear=0
shrinkage=0.05


Tree=61
num_leaves=31
num_cat=0
split_feature=25 0 34 29 27 1 0 27 35 22 34 34 11 12 43 7 22 24 20 34 11 11 24 12 18 39 35 12 31 31
split_gain=4874.31 876.803 2356.36 805.483 641.031 590.336 1110.8 960.802 710.658 988.519 684.968 680.81 633.02 612.149 734.073 580.534 509.685 481.476 448.665 516.757 447.502 443.782 431.264 429.901 460.504 552.399 411.19 390.753 383.334 379.504
threshold=3.9032235145568852 20.750000000000004 -8.4636535644531232 0.52622604370117199 1004.1050720214845 72.250000000000014 17.250000000000004 1006.8794860839845 18.350124359130863 3.1857490539550786 -6.7616577148437491 -0.81085205078124989 1.2675662040710451 1.3582040667533877 6.6543030738830575 1.5000000000000002 16.146183013916019 27.936309814453129 0.96766525506973278 -11.298431396484373 1.7379968762397768 1.997764050960541 28.622344970703129 2.3422243595123295 1.7346984744071963 0.56431168317794811 6.5073966979980478 1.756275534629822 86.53467178344728 80.383308410644545
decision_type=2 2 2 2 2 2 2 2 2 2 2 2 2 2 2 2 2 2 2 2 2 2 2 2 2 2 2 2 2 2
left_child=4 2 16 -4 18 7 8 -5 9 11 -8 26 -10 17 -15 -3 -2 -9 -1 -20 -6 -12 -16 24 -11 -26 -7 -14 -17 -21
right_child=1 15 3 5 20 6 10 13 12 23 21 -13 27 14 22 28 -18 -19 19 29 -22 -23 -24 -25 25 -27 -28 -29 -30 -31
leaf_value=-0.001770092737999628 0.02332049502351376 0.0083268627985745979 -0.0065048939547965121 0.031376019178623989 -0.0062579210220186331 0.0046256845811143612 0.0083174428582268485 -0.0089775918498875458 0.0078285859802334819 0.010804182768224847 -0.008963844225058859 0.030173808638631561 -0.028251926384382165 0.034877312532726273 -0.0011105818055211123 -0.0032031690210906454 0.048533722600911974 0.018633348852582186 0.030524210583472461 -0.014749375626928102 0.0065391663601592175 -0.034125185111779907 0.026174164153177866 0.0016736521211338216 0.039461154671415595 0.017970474395895629 -0.009714393160414718 -0.0035058107806830701 -0.02113827015218267 0.010840267888616821
leaf_weight=57767 5025 9964 11389 6180 189587 36598 4286 5973 6355 16355 6183 2366 2835 3596 4852 16755 3369 2135 2309 2051 7079 2442 2054 5316 3748 14886 5780 3639 3615 4870
leaf_count=57767 5025 9964 11389 6180 189587 36598 4286 5973 6355 16355 6183 2366 2835 3596 4852 16755 3369 2135 2309 2051 7079 2442 2054 5316 3748 14886 5780 3639 3615 4870
internal_value=1.21031e-05 0.00621708 0.00773514 0.00626223 -0.00435809 0.0073351 0.00577347 0.0143091 0.00759185 0.00924642 -0.00800683 0.00412888 -0.00337569 0.00862766 0.0165897 -0.00155798 0.0334857 -0.00169308 -0.00013406 0.0100961 -0.00579698 -0.0161191 0.00703063 0.0149252 0.0169374 0.0223119 0.00266799 -0.0143691 -0.00639487 0.00324658
internal_weight=449359 185696 155362 146968 263663 135579 110789 24790 97878 85049 12911 44744 12829 18610 10502 30334 8394 8108 66997 9230 196666 8625 6906 40305 34989 18634 42378 6474 20370 6921
internal_count=449359 185696 155362 146968 263663 135579 110789 24790 97878 85049 12911 44744 12829 18610 10502 30334 8394 8108 66997 9230 196666 8625 6906 40305 34989 18634 42378 6474 20370 6921
is_linear=0
shrinkage=0.05


Tree=62
num_leaves=31
num_cat=8
split_feature=25 5 16 23 7 5 38 37 38 34 7 27 5 5 11 33 16 12 16 37 5 10 13 7 34 5 5 27 35 5
split_gain=4398.39 1140.95 672.924 1142.55 780.331 961.531 720.449 712.919 669.875 735.824 563.675 544.461 944.129 836.162 595.737 518.107 917.104 582.917 690.561 496.169 495.937 823.415 556.616 706.646 539.296 475.843 432.778 393.928 355.116 443.35
threshold=3.6921007633209233 0 3.2766113281250004 28.051742553710941 1.5000000000000002 1 1.763383209705353 -0.26203596591949457 1.763383209705353 -1.1081237792968748 2.5000000000000004 1004.246795654297 2 3 1.7379968762397768 18.387264251708988 2.6026958227157597 2.2278003692626958 2.1905884742736821 0.7083740532398225 4 3.0336399078369145 2.0712348222732548 2.5000000000000004 -3.5960998535156246 5 6 1005.1739807128907 11.45601272583008 7
decision_type=2 9 2 2 2 9 2 2 2 2 2 2 9 9 2 2 2 2 2 2 9 2 2 2 2 9 9 2 2 9
left_child=11 8 4 -4 7 6 27 -3 9 15 -11 13 -13 -1 -14 16 17 18 19 -2 -10 22 23 -22 -25 -17 -15 -6 -7 -30
right_child=1 2 3 -5 5 28 -8 -9 20 10 -12 12 14 26 -16 25 -18 -19 -20 -21 21 -23 -24 24 -26 -27 -28 -29 29 -31
leaf_value=0.029246188667897046 0.0024877068057719285 -0.0024440824035905609 0.047637066711095154 -0.0053222532060935232 0.0073408710094935662 0.0026235481142744405 -0.032623038732066123 0.013209860201055808 0.03039300924862097 0.01205802645508173 0.043231591040910525 -0.010888018758889414 -0.0038308012487024488 -0.0050763416625015456 0.017932819297307282 0.0097160474143925864 0.036914611884242145 -0.013462632284280822 0.034638316762276425 0.023226005111800785 0.018820233619919122 -0.0058362754694467082 0.034050604244158816 -0.014423473256070582 0.017396373329073279 -0.0033415051536631818 0.0032757874991948262 -0.016868295321961192 0.012735272504518856 -0.01347550978841981
leaf_weight=2275 15228 11782 2057 2004 3034 38045 4079 18985 4559 4437 2153 59757 126106 35968 3215 9905 2795 3112 2442 3549 15070 4991 3785 3402 2174 23472 27240 3744 2020 7759
leaf_count=2275 15228 11782 2057 2004 3034 38045 4079 18985 4559 4437 2153 59757 126106 35968 3215 9905 2795 3112 2442 3549 15070 4991 3785 3402 2174 23472 27240 3744 2020 7759
internal_value=-4.61032e-06 0.00565459 0.00167292 0.0215541 0.000768184 -0.00261336 -0.0160314 0.00721645 0.00933662 0.00643909 0.0222927 -0.00433048 -0.00569124 -0.000401103 -0.00328815 0.00470891 0.00983997 0.0067159 0.00968026 0.00641768 0.0150568 0.0126562 0.0164401 0.0131966 -0.00200845 0.000537129 -0.00147703 -0.00603683 0.000438782 -0.00805455
internal_weight=449144 194583 93509 4061 89448 58681 10857 30767 101074 67093 6590 254561 189078 65483 129321 60503 27126 24331 21219 18777 33981 29422 24431 20646 5576 33377 63208 6778 47824 9779
internal_count=449144 194583 93509 4061 89448 58681 10857 30767 101074 67093 6590 254561 189078 65483 129321 60503 27126 24331 21219 18777 33981 29422 24431 20646 5576 33377 63208 6778 47824 9779
cat_boundaries=0 32 64 93 125 135 167 196 209
cat_threshold=456 0 0 8080 0 0 129792 0 0 323584 0 0 1114112 0 0 0 0 0 16777216 0 0 0 14 0 0 64 0 0 0 0 0 256 0 0 0 0 0 0 0 0 0 3670016 0 0 25165824 0 0 520093696 0 0 4227858432 1 0 2147483648 1 0 0 260 0 0 3600 0 0 20480 512 0 0 0 0 0 65792 0 0 1679360 0 0 16646144 0 0 534773760 0 0 4026531840 3 0 0 32 0 0 0 0 0 96 0 0 0 0 0 0 0 0 0 1630208 0 0 25624576 0 0 0 0 0 0 0 0 0 0 0 0 128 0 0 8192 0 0 65792 0 0 0 0 0 0 256 0 0 12288 264 0 0 144 0 0 65536 0 0 4096 0 0 0 0 0 0 0 0 16777216 0 0 0 10 0 0 0 0 0 0 0 0 256 0 0 0 0 0 0 0 0 0 393216 0 0 6291456 0 0 806354944 0 0 486539264 3 0 3489660928 35 0 0 319 0 0 368 512 0 0 0 0 0 0 0 0 196608 0 0 2228224
is_linear=0
shrinkage=0.05


Tree=63
num_leaves=31
num_cat=7
split_feature=14 37 5 27 5 5 5 10 5 12 27 5 0 5 22 41 0 7 42 24 14 38 43 27 13 15 36 33 14 24
split_gain=4087.67 1350.84 850.14 737.816 1130.84 845.885 726.59 757.277 761.919 649.438 644.856 657.481 625.266 555.925 552.542 989.725 535.187 498.047 496.179 455.769 445.151 416.236 396.317 362.402 411.676 356.016 350.006 326.062 320.771 320.222
threshold=1.6899954676628115 -0.99489945173263539 0 1004.3148498535157 1 2 3 2.1409592628479008 4 3.3417527675628667 1003.0752258300782 5 13.250000000000002 6 15.539646148681642 7.3240315914154062 16.750000000000004 2.5000000000000004 6.1210863590240487 27.308868408203129 2.3630048036575322 -2.1651816368103023 9.3532819747924822 1007.3126525878907 1.6286977529525759 2.1359744071960454 140.24591827392581 21.698880195617679 2.442704558372498 27.789978027343754
decision_type=2 2 9 2 9 9 9 2 9 2 2 9 2 9 2 2 2 2 2 2 2 2 2 2 2 2 2 2 2 2
left_child=2 3 18 4 -2 -5 7 8 19 14 13 -12 22 -4 16 17 27 28 -1 -3 -10 -14 -9 24 -18 -7 -15 -8 -16 -19
right_child=1 6 10 5 -6 25 9 12 20 -11 11 -13 21 26 15 -17 23 29 -20 -21 -22 -23 -24 -25 -26 -27 -28 -29 -30 -31
leaf_value=3.6666437377550259e-05 0.043209295057414457 -0.023125434892720162 -0.0069570178450630215 -0.016391651869573459 -0.0050141061357963004 -0.002691873143727621 0.010341174220073805 0.018338597869283681 0.0095599662442619818 -0.018963894003079657 -0.012585864347256372 -0.0048510569576742622 0.014422101520059686 0.0053464697312397376 0.0060752186084486216 0.042027782663941991 0.007615166482802649 -0.018812095600742353 0.013650572602875988 0.0034900860903298325 0.029343424996143393 0.034160134331305263 -0.0064244650498711713 -0.017164593855815122 -0.008804293840644753 0.014134052509262349 -0.010930120895198084 3.4899909280178237e-05 0.024806459622808696 0.0077278808727537958
leaf_weight=54647 2080 2405 19144 10986 2884 13016 32279 4485 12161 2487 34045 142521 3881 31370 4235 2810 9429 2016 7617 4810 3709 8718 2516 3323 6400 4134 3682 10067 4977 2580
leaf_count=54647 2080 2405 19144 10986 2884 13016 32279 4485 12161 2487 34045 142521 3881 31370 4235 2810 9429 2016 7617 4810 3709 8718 2516 3323 6400 4134 3682 10067 4977 2580
internal_value=2.81174e-06 0.00652991 -0.0034808 -0.00243796 0.0153154 -0.00557448 0.00893758 0.0142121 0.00807347 0.00614042 -0.00487957 -0.00634408 0.0214416 -0.000108956 0.00694278 0.01503 0.00475535 0.00950941 0.00170376 -0.00539402 0.0141902 0.0280963 0.00944285 -0.0021796 0.000975064 0.00136908 0.00363305 0.00789163 0.0162111 -0.00392924
internal_weight=449414 156388 293026 33100 4964 28136 123288 42685 23085 80603 230762 176566 19600 54196 78116 16618 61498 13808 62264 7215 15870 12599 7001 19152 15829 17150 35052 42346 9212 4596
internal_count=449414 156388 293026 33100 4964 28136 123288 42685 23085 80603 230762 176566 19600 54196 78116 16618 61498 13808 62264 7215 15870 12599 7001 19152 15829 17150 35052 42346 9212 4596
cat_boundaries=0 32 64 93 115 125 154 183
cat_threshold=973 0 0 12928 0 0 27648 0 0 16384 0 0 131072 0 0 3145728 0 0 50331648 0 0 536870912 0 0 0 128 0 0 6656 0 0 112896 0 0 0 0 0 0 49408 0 0 1978368 0 0 19070976 0 0 0 0 0 0 0 0 0 0 0 0 0 0 0 8192 0 0 65536 6 0 0 2112 0 0 101888 0 0 925696 0 0 31916032 0 0 137363456 0 0 1073741824 0 0 0 0 0 0 0 0 0 8192 200 0 0 2320 0 0 15104 0 0 28672 0 0 33619968 0 0 536870912 0 0 0 0 0 268435456 0 0 0 0 0 0 13056 0 0 12288 32 0 0 0 0 0 131328 0 0 1179648 0 0 7405568 0 0 130023424 0 0 1879048192 2 0 0 0 0 0 0 0 0 64 0 0 0 256 0 0 4096 0 0 131072 0 0 46137344 0 0 805306368 0 0 201326592 3 0 3221225472 35 0 0 317 0 0 112
is_linear=0
shrinkage=0.05


Tree=64
num_leaves=31
num_cat=11
split_feature=14 22 5 16 11 5 16 5 11 5 5 5 9 41 5 43 5 40 43 30 5 16 40 41 40 1 38 38 5 23
split_gain=3690.84 997.729 1240.7 1083.12 1415.97 1064.48 928.448 915.918 696.206 621.229 556.336 534.478 425.489 748.596 883.756 521.432 524.272 422.941 362.313 355.195 486.388 354.482 469.012 340.761 327.335 309.679 288.943 252.917 250.161 247.789
threshold=1.7892792224884035 8.4986686706542987 0 3.3968102931976323 1.5813664793968203 1 2.3955798149108891 2 2.3818025588989262 3 4 5 6 6.0635218620300302 7 9.2616753578186053 8 1.4065717458724978 5.7194459438323983 221.62500000000003 9 1.9380527734756472 3.2172826528549199 6.9429962635040292 2.5346088409423833 74.250000000000014 2.7397853136062627 0.55606216192245495 10 29.2160758972168
decision_type=2 2 9 2 2 9 2 9 2 9 9 9 9 2 9 2 9 2 2 2 9 2 2 2 2 2 2 2 9 2
left_child=7 2 19 4 10 25 9 -1 -8 -7 26 -9 13 14 -4 16 18 -15 -14 -2 -21 27 -23 28 -25 -6 -3 -12 -19 -17
right_child=1 3 12 -5 5 6 8 11 -10 -11 21 -13 15 17 -16 29 -18 23 -20 20 -22 22 -24 24 -26 -27 -28 -29 -30 -31
leaf_value=0.007071473341782532 -0.00080540202225678429 0.013038943491968226 0.032493472535959918 0.043072143587847139 0.033430829320400389 -0.048005799950482472 0.015629495104494209 -0.0070579891903149745 -0.020682385786401802 -0.0097898406406303744 0.0035596506425797821 -0.0023737743765588439 -0.0040306469808764683 0.0064663504835058743 -0.0033921127612543435 0.019363735903276395 0.0033435769952325093 -0.036509075568112163 -0.027634515737950067 0.028841782929929824 0.011380687479015633 0.038500853430580177 0.013504774498820427 -0.023967052630685302 0.0019979045032093726 0.0069296609118357491 -0.0088264483333757859 0.022534649991082872 -0.013661772805190707 -0.00070459068761627398
leaf_weight=20662 4246 5891 2231 2812 2011 2021 3704 88283 2038 2271 2736 196401 5532 2158 7205 6234 34766 2928 2295 4965 20477 5918 2768 2045 2962 2440 2023 4915 2120 2040
leaf_count=20662 4246 5891 2231 2812 2011 2021 3704 88283 2038 2271 2736 196401 5532 2158 7205 6234 34766 2928 2295 4965 20477 5918 2768 2045 2962 2440 2023 4915 2120 2040
internal_value=2.10645e-05 0.00662699 0.00397039 0.0131594 0.0109774 -0.00139197 -0.0104156 -0.00308901 0.00272782 -0.0279889 0.018363 -0.00382678 0.000444075 -0.00542368 0.00514872 0.00294254 0.000710613 -0.0135941 -0.0109641 0.0125764 0.014814 0.0236295 0.0305599 -0.0179016 -0.00863355 0.0189088 0.00743618 0.0157627 -0.0270591 0.0144209
internal_weight=449098 143752 102204 41548 38736 14485 10034 305346 5742 4292 24251 284684 72516 21649 9436 50867 42593 12213 7827 29688 25442 16337 8686 10055 5007 4451 7914 7651 5048 8274
internal_count=449098 143752 102204 41548 38736 14485 10034 305346 5742 4292 24251 284684 72516 21649 9436 50867 42593 12213 7827 29688 25442 16337 8686 10055 5007 4451 7914 7651 5048 8274
cat_boundaries=0 29 42 74 93 115 147 148 161 183 196 215
cat_threshold=472 0 0 272 0 0 139520 0 0 2117632 0 0 33554432 0 0 671088640 0 0 1610612736 0 0 268435456 0 0 0 0 0 0 8192 258 0 0 112 0 0 136960 0 0 2568192 0 0 196608 972 0 0 7680 0 0 59904 0 0 0 0 0 0 0 0 1048576 0 0 16777216 0 0 0 0 0 0 0 0 0 0 0 0 8192 0 0 0 2048 0 0 122880 0 0 1572864 0 0 16777216 0 0 3145728 0 0 50331648 574 0 0 8288 0 0 197888 0 0 2129920 0 0 17039360 0 0 271581184 0 0 1660944384 0 0 536870912 32 0 0 16 0 0 196864 0 0 3280896 0 0 31522816 0 0 301989888 0 0 2684354560 3 0 2147483648 55 0 0 12 0 0 96 0 0 1536 20 0 0 0 7712 0 0 20480 0 0 262144 0 0 8454144 0 0 0 0 0 0 3584 0 0 950272 0 0 8388608 0 0 270532608 0 0 0 0 0 1073741824 0 0 0 0 0 0 256 0 0 4096 0 0 33554432 512 0 0 7680 0 0 33792 0 0 262144 0 0 31588352 0 0 0 0 0 16777216
is_linear=0
shrinkage=0.05


Tree=65
num_leaves=31
num_cat=0
split_feature=3 34 4 34 0 16 30 39 10 10 15 22 35 19 22 10 11 34 19 19 35 34 30 34 11 30 11 33 10 16
split_gain=3280.91 1935.15 814.656 626.122 900.891 867.244 1071.22 926.963 862.054 847.786 804.479 597.217 596.659 787.536 624.925 595.914 554.651 513.129 534.751 505.544 499.815 495.291 440.476 400.104 399.698 386.221 338.213 346.26 315.261 312.132
threshold=6.228431463241578 -9.6279602050781232 1.0000000180025095e-35 -6.8625488281249991 17.250000000000004 2.3523837327957158 534.56250000000011 0.66756638884544384 2.6506506204605107 2.3616312742233281 2.2285319566726689 7.9178810119628915 15.940189361572267 1.4834912419319155 2.2959709167480473 0.62927770614624035 1.9364811778068545 -1.5756530761718748 1.1524842977523806 1.419969975948334 0.92935562133789074 -13.702972412109373 767.81250000000011 -3.6268920898437496 1.7379968762397768 1227.8750000000002 1.5813664793968203 14.01427221298218 0.81628835201263439 1.717008173465729
decision_type=2 2 2 2 2 2 2 2 2 2 2 2 2 2 2 2 2 2 2 2 2 2 2 2 2 2 2 2 2 2
left_child=1 11 3 9 5 10 -7 16 20 26 12 -1 14 29 17 -2 -8 18 -5 -19 -6 -17 23 -22 28 -11 27 -3 -20 -14
right_child=15 2 -4 4 8 6 7 -9 -10 25 -12 -13 13 -15 -16 21 -18 19 24 -21 22 -23 -24 -25 -26 -27 -28 -29 -30 -31
leaf_value=0.016153231804808005 -0.0051628785830033774 0.027674903582207179 -0.0069276812293987376 0.0044072886568139614 0.0061403149869297602 -0.013772624584699248 0.048972798399859206 0.012452435119486963 0.011833549559470411 0.042378985740640127 -0.022674513786784742 0.049134646387019421 -0.0081853910574911266 -0.029388145575954389 0.011228167952911839 0.011422095137617147 0.01575417656154442 0.0051524977212923364 0.0031388229027127126 0.029451793849949798 0.0072080743185378802 -0.0013894814832686182 -0.029533324473447409 -0.023288068826424611 0.0056312406612246393 0.014408813739393718 -0.0093610525817103205 -0.00084469183352543602 -0.019040455403125094 0.01309160424956058
leaf_weight=2474 162988 2152 13815 17877 2510 3040 3248 18734 4682 3249 2741 3113 3541 2769 34728 8070 2067 8604 2040 2842 2236 113691 4749 2056 3441 2010 2551 2095 7412 3340
leaf_count=2474 162988 2152 13815 17877 2510 3040 3248 18734 4682 3249 2741 3113 3541 2769 34728 8070 2067 8604 2040 2842 2236 113691 4749 2056 3441 2010 2551 2095 7412 3340
internal_value=5.92913e-05 0.00568982 0.00466936 0.00577687 0.00478454 0.00632313 0.0141583 0.0176933 -0.00624739 0.0166819 0.00394594 0.034585 0.0047911 -0.0069233 0.00626098 -0.00318597 0.0361079 0.00217314 -0.00118964 0.0112064 -0.0135801 -0.000539495 -0.0190557 -0.00742069 -0.00894755 0.0317364 0.00500608 0.0136376 -0.0142553 0.00214636
internal_weight=448865 164116 158529 144714 132657 116424 27089 24049 16233 12057 89335 5587 86594 9650 76944 284749 5315 42216 30770 11446 11551 121761 9041 4292 12893 5259 6798 4247 9452 6881
internal_count=448865 164116 158529 144714 132657 116424 27089 24049 16233 12057 89335 5587 86594 9650 76944 284749 5315 42216 30770 11446 11551 121761 9041 4292 12893 5259 6798 4247 9452 6881
is_linear=0
shrinkage=0.05


Tree=66
num_leaves=31
num_cat=10
split_feature=14 37 34 5 5 5 30 5 34 5 5 38 5 13 30 22 34 5 30 1 43 14 34 5 5 40 34 14 23 37
split_gain=3023.05 1120.68 923.178 868.999 842.273 686.379 623.775 593.089 515.671 911.345 690.435 511.688 647.702 392.216 389.358 380.85 429.893 615.528 557.578 362.552 513.316 369.883 345.842 1001.69 569.811 475.733 407.348 379.122 361.162 345.296
threshold=1.8034259080886843 0.045968770980834968 -9.7608337402343732 0 1 2 266.56250000000006 3 -8.8421936035156232 4 5 3.4575533866882329 6 2.6943171024322514 2938.3750000000005 5.5632591247558603 -4.6386108398437491 7 997.06250000000011 72.750000000000014 7.0782139301300058 2.5467479228973393 -5.6061096191406241 8 9 1.1774070262908938 -3.5020141601562496 2.5670528411865239 27.505798339843754 1.0412412881851199
decision_type=2 2 2 9 9 9 2 9 2 9 9 2 9 2 2 2 2 9 2 2 2 2 2 9 9 2 2 2 2 2
left_child=3 2 -2 29 6 14 7 -3 9 -5 -10 13 -13 15 -4 -6 17 -17 -18 20 -8 -22 23 -7 26 -26 -24 -27 -29 -1
right_child=1 4 5 8 11 22 19 -9 10 -11 -12 12 -14 -15 -16 16 18 -19 -20 -21 21 -23 24 -25 25 27 -28 28 -30 -31
leaf_value=0.005462506580096449 0.033873244451525009 -0.019107434226564184 0.0052730777066637372 0.010155958692923494 0.0045282039504501116 0.022221359779623459 0.047819751351590972 0.017065100280207055 -0.0090614227220436432 -0.0027033580046280266 -0.002792744391357435 0.0078866585656423831 -0.027702020394598882 -0.011400613529359867 0.027026284777010207 0.039356295616942233 -0.0031317893680515014 0.0076966471321541999 0.023267257901988733 0.015950446114296569 0.0083777939450520224 0.032645957735476426 -0.0087520404288118532 -0.014714195247067467 0.011939189012031485 -0.010031298657673078 -0.037902197301638192 -0.011757848864153528 0.0072782626791609711 0.027285311468191437
leaf_weight=15457 2205 2012 29201 16816 15292 4417 2605 2542 65995 75837 131410 2764 2350 2292 2204 3546 4633 2737 3507 12570 2938 3385 2980 3114 4927 15680 2004 3501 8573 2045
leaf_count=15457 2205 2012 29201 16816 15292 4417 2605 2542 65995 75837 131410 2764 2350 2292 2204 3546 4633 2737 3507 12570 2938 3385 2980 3114 4927 15680 2004 3501 8573 2045
internal_value=-6.25881e-06 0.00602828 0.00205055 -0.00279209 0.0109893 0.00113021 0.0178786 0.00107241 -0.00344502 -0.000367816 -0.0048894 0.00614424 -0.00852797 0.00849238 0.00680567 0.0100301 0.0158563 0.0256736 0.00825645 0.0214449 0.0291541 0.0214007 -0.00281497 0.00695954 -0.00477142 -0.00236261 -0.0204843 -0.00490576 0.00175335 0.00802191
internal_weight=449539 141979 78806 307560 63173 76601 26052 4554 290058 92653 197405 37121 5114 32007 31405 29715 14423 6283 8140 21498 8928 6323 45196 7531 37665 32681 4984 27754 12074 17502
internal_count=449539 141979 78806 307560 63173 76601 26052 4554 290058 92653 197405 37121 5114 32007 31405 29715 14423 6283 8140 21498 8928 6323 45196 7531 37665 32681 4984 27754 12074 17502
cat_boundaries=0 19 41 63 73 105 137 156 172 191 210
cat_threshold=972 0 0 15360 0 0 57856 0 0 0 0 0 0 0 0 1048576 0 0 16777216 203 0 0 3120 0 0 4864 0 0 2125824 0 0 42008576 0 0 536870912 0 0 0 0 0 268435456 376 0 0 12688 0 0 160000 0 0 2281472 0 0 33554432 0 0 536870912 0 0 50331648 0 0 268435456 2 0 0 48 0 0 4864 0 0 8192 0 0 0 0 0 0 2048 0 0 253952 0 0 20905984 0 0 163577856 0 0 1073741824 0 0 0 0 0 0 0 0 0 512 0 0 32768 32 0 0 16 0 0 196864 0 0 1179648 0 0 24838144 0 0 532676608 0 0 3758096384 3 0 0 32 0 0 14 0 0 64 0 0 256 16 0 0 13056 0 0 24576 0 0 458752 0 0 4325376 0 0 0 0 0 16777216 0 0 0 0 0 0 229376 0 0 1572864 0 0 21364736 0 0 134217728 0 0 0 32 0 0 69120 0 0 1843200 0 0 17235968 0 0 0 0 0 536870912 0 0 0 0 0 0 0 0 0 786432 0 0 25427968 0 0 134217728 0 0 536870912
is_linear=0
shrinkage=0.05


Tree=67
num_leaves=31
num_cat=11
split_feature=14 37 16 5 5 5 34 0 27 11 5 34 34 17 26 22 37 5 5 14 36 5 5 28 43 5 34 5 5 22
split_gain=2728.53 1022.05 1102.35 1428.49 1024.84 935.371 852.234 638.777 594.532 581.145 653.525 565.246 556.416 616.102 531.182 901.653 512.676 490.307 457.901 443.994 434.645 430.301 423.023 473.273 399.729 363.67 363.57 477.026 335.823 330.147
threshold=1.4197328686714175 0.14138257503509524 2.3523837327957158 0 1 2 -6.8625488281249991 17.250000000000004 1007.0760803222657 1.6002226471900942 3 -2.3451232910156246 -7.7125549316406241 2.4266028404235844 9.9398541450500506 2.6965141296386723 -1.9505975842475889 4 5 2.2176733016967778 91.33386611938478 6 7 1000.4671936035157 5.13555932044983 8 -2.6851501464843746 9 10 5.760669708251954
decision_type=2 2 2 9 9 9 2 2 2 2 9 2 2 2 2 2 2 9 9 2 2 9 9 2 2 9 2 9 9 2
left_child=22 2 4 -4 16 12 -5 14 17 19 -11 18 -3 -14 15 21 -2 -6 -10 -7 -13 -8 24 25 -1 -24 -18 -28 -25 -21
right_child=1 5 3 6 8 9 7 -9 11 10 -12 20 13 -15 -16 -17 26 -19 -20 29 -22 -23 23 28 -26 -27 27 -29 -30 -31
leaf_value=-0.0012093611157519236 -0.033573583359218298 0.036211095792962326 -0.004623620303758502 0.049047732899470418 0.025206658013749824 0.0042532992341111527 0.026074839979331712 -0.0084327336307010829 -0.015451924254017722 0.022508442133352499 -0.0070974123015317683 0.0060894148409019674 0.018011763564134312 -0.0046646482360542052 0.0057017741378256109 0.044045042884895962 -0.003164131677616382 0.0053080154092977122 0.00056472412112697993 0.0066932533402900632 -0.015572945692727026 -0.0059999353126490001 0.0047225452198841091 -0.010573754839422392 0.013518802753804621 -0.0059026968104524818 -0.036991500511573176 -0.0087050216663178935 -0.00468664341343403 0.021846896901516432
leaf_weight=73260 2133 3287 10213 2065 3834 23124 2161 2461 9610 2149 13251 21184 17294 3618 4564 3970 13917 15881 8322 6295 2590 2001 20905 30609 4906 13072 2093 5165 116515 8406
leaf_count=73260 2133 3287 10213 2065 3834 23124 2161 2461 9610 2149 13251 21184 17294 3618 4564 3970 13917 15881 8322 6295 2590 2001 20905 30609 4906 13072 2093 5165 116515 8406
internal_value=-2.4374e-05 0.00453428 0.00148394 0.010193 -0.00133688 0.00895255 0.0189688 0.0148536 0.0020512 0.00524164 -0.00294412 -0.00133095 0.0170998 0.0140881 0.0193706 0.0270256 -0.0102586 0.00920402 -0.00803094 0.00857566 0.00372391 0.0107247 -0.00335792 -0.00468461 -0.000283317 0.000633806 -0.00790019 -0.0169646 -0.00591312 0.015367
internal_weight=448855 189588 112164 27435 84729 77424 17222 15157 61421 53225 15400 41706 24199 20912 12696 8132 23308 19715 17932 37825 23774 4162 259267 181101 78166 33977 21175 7258 147124 14701
internal_count=448855 189588 112164 27435 84729 77424 17222 15157 61421 53225 15400 41706 24199 20912 12696 8132 23308 19715 17932 37825 23774 4162 259267 181101 78166 33977 21175 7258 147124 14701
cat_boundaries=0 29 61 80 102 134 160 164 196 225 238 267
cat_threshold=517 0 0 112 0 0 1536 0 0 8192 0 0 63111168 0 0 674234368 0 0 16777216 0 0 0 0 0 0 0 0 0 8192 1 0 0 3072 0 0 245760 0 0 1572864 0 0 33030144 0 0 1055916032 0 0 1946157056 0 0 2147483648 0 0 0 0 0 0 0 0 0 4352 195 0 0 3088 0 0 1792 0 0 2101248 0 0 46202880 0 0 671088640 0 0 2147483648 4 0 0 8288 0 0 131072 0 0 49152 0 0 262144 0 0 4194304 0 0 0 0 0 268435456 16 0 0 176 0 0 1792 0 0 20480 0 0 131072 0 0 0 0 0 0 0 0 0 8 0 0 0 0 0 8192 0 0 65536 486 0 0 8256 0 0 8960 0 0 454656 0 0 458752 0 0 0 0 0 0 0 0 0 0 0 0 64 506 0 0 14080 396 0 0 128 0 0 3072 0 0 32768 0 0 131072 0 0 7340032 0 0 117440512 0 0 1879048192 0 0 0 193 0 0 7680 0 0 129280 0 0 0 0 0 0 0 0 0 90112 0 0 20774912 0 0 260046848 0 0 3758096384 0 0 0 28 0 0 514 0 0 8192 0 0 0 0 0 0 114688 0 0 1572864 0 0 25165824 34 0 0 32 0 0 131328 0 0 1187840 0 0 7929856 0 0 58720256 0 0 1879048192 2 0 0 0 0 0 0 0 0 64
is_linear=0
shrinkage=0.05


Tree=68
num_leaves=31
num_cat=0
split_feature=14 29 30 11 34 7 34 22 35 38 18 11 30 38 14 33 42 34 14 36 18 28 24 11 34 18 30 19 28 39
split_gain=2506.5 772.598 510.449 499.617 457.514 553.927 525.93 654.061 471.39 559.144 474.671 442.189 437.78 416.867 392.472 380.364 364.299 340.382 347.331 331.829 305.556 287.445 354.824 367.117 301.242 342.98 313.246 363.37 305.886 296.357
threshold=1.4061689376831057 0.99749374389648449 158.06250000000003 3.2156488895416264 -0.81085205078124989 1.5000000000000002 -6.9136352539062491 17.874240875244144 15.676975250244142 0.20561963319778445 2.2842886447906499 1.4356501102447512 421.37500000000006 -0.78730767965316761 2.2176733016967778 24.107327461242679 0.88645109534263622 -9.4998779296874982 1.0146782994270327 36.79704666137696 1.4031912088394167 1007.9671936035157 28.468536376953129 1.5127744078636172 -3.1915893554687496 2.4704070091247563 1166.0625000000002 1.4318107366561892 1004.3565673828126 1.2237585783004763
decision_type=2 2 2 2 2 2 2 2 2 2 2 2 2 2 2 2 2 2 2 2 2 2 2 2 2 2 2 2 2 2
left_child=16 2 15 4 6 -6 7 -4 9 21 -11 12 -3 -7 -10 -2 -1 18 -18 -13 -14 24 23 -23 26 29 27 -8 -28 -26
right_child=1 11 3 -5 5 13 8 -9 14 10 -12 19 20 -15 -16 -17 17 -19 -20 -21 -22 22 -24 -25 25 -27 28 -29 -30 -31
leaf_value=-0.0090340207591780419 -0.0070101068857897006 0.0046735213231336378 0.0070503881649378632 -0.016821473639156051 -0.0035922611848318953 0.042326341459854165 0.00098211793574269385 0.030709469905108967 -0.017261833561344041 0.0046531486438911116 0.016213685558824537 0.020675225943632358 0.0062636063059527368 0.012682363224232759 0.00059094293082498426 0.015093845043635182 -0.0017711605805756103 -0.0038251108257608864 0.0063232012500445802 -0.00015018154323729815 0.025690902692497172 -0.0034724638404401522 0.021499405107291064 0.020673690578913825 -0.0062403374800479097 -0.021554189004935383 -0.015213312538648991 0.020215260821812953 0.002439893080405665 0.012298200058848411
leaf_weight=24298 17511 5328 16383 2806 2247 2216 6251 3548 5126 34394 11966 2404 2543 2565 7683 2180 49906 165492 18034 9212 10057 7074 3085 2014 14352 3091 3729 4036 7133 2527
leaf_count=24298 17511 5328 16383 2806 2247 2216 6251 3548 5126 34394 11966 2404 2543 2565 7683 2180 49906 165492 18034 9212 10057 7074 3085 2014 14352 3091 3729 4036 7133 2527
internal_value=1.05709e-05 0.00434387 0.00298672 0.00403132 0.00445219 0.0168752 0.00379149 0.0112753 0.00246428 0.00362495 0.0076399 0.0117782 0.0167002 0.0264821 -0.00656141 -0.00455655 -0.00320857 -0.00260183 0.000378022 0.00417384 0.0217781 0.000131479 0.00687723 0.00189543 -0.00186674 -0.00626941 0.00229149 0.00854035 -0.00362899 -0.00345925
internal_weight=449191 191461 161917 142226 139420 7028 132392 19931 112461 99652 46360 29544 17928 4781 12809 19691 257730 233432 67940 11616 12600 53292 12173 9088 41119 19970 21149 10287 10862 16879
internal_count=449191 191461 161917 142226 139420 7028 132392 19931 112461 99652 46360 29544 17928 4781 12809 19691 257730 233432 67940 11616 12600 53292 12173 9088 41119 19970 21149 10287 10862 16879
is_linear=0
shrinkage=0.05


Tree=69
num_leaves=31
num_cat=10
split_feature=16 5 16 34 12 43 5 5 5 37 38 5 34 30 28 5 37 5 30 29 5 10 34 30 5 5 38 33 10 1
split_gain=2383.76 894.525 791.743 1285.4 755.597 700.95 683.061 682.26 530.099 467.448 458.369 444.966 437.697 361.494 456.754 495.17 460.513 435.175 361.168 354.95 385.86 353.977 350.874 380.522 320.608 314.764 321.061 318.777 353.359 297.296
threshold=1.2192786931991579 0 3.1737620830535893 -7.6067810058593741 2.9079533815383916 8.9236860275268572 1 2 3 -1.5095614194869993 1.9248180389404299 4 -3.1242980957031246 253.56250000000003 1002.3340454101564 5 -0.76006174087524403 6 63.812500000000007 0.57394027709960949 7 1.2986156940460207 -1.2661437988281248 887.31250000000011 8 9 2.8156619071960454 20.785344123840336 2.5118980407714848 89.750000000000014
decision_type=2 9 2 2 2 2 9 9 9 2 2 9 2 2 2 9 2 9 2 2 9 2 2 2 9 9 2 2 2 2
left_child=24 9 4 -4 5 6 10 -6 -5 11 12 -2 29 17 15 -15 -16 -8 -11 21 -21 -20 -22 -24 -1 -18 27 28 -27 -3
right_child=1 2 3 8 7 -7 13 -9 -10 18 -12 -13 -14 14 16 -17 25 -19 19 20 22 -23 23 -25 -26 26 -28 -29 -30 -31
leaf_value=-0.006021494825855931 -0.016718964687220162 -0.0046555361808242358 0.051131779174809516 -0.014023863420598571 -0.037462097154960725 0.012339894789251488 -0.018511589878319162 -0.0028633546109585167 0.017708583329096566 -0.0040033383262190886 -0.028049835326796554 0.008578546574391532 -0.021661220471172641 0.033827868819933569 -0.0079695656361032114 0.0078085449274691429 -0.0074345132064661153 0.00087035132963545327 -0.012877725356942605 0.018921524054939461 0.0076427892652533198 0.0084591177001746131 0.0085405872367551698 0.032282837869359413 -0.0020984190527759371 0.009422461610420145 -0.012760702848215672 0.00070215500638180122 0.031602939066409284 0.013591776719661644
leaf_weight=75487 3582 17069 2006 2266 2424 12357 4143 3440 3085 4976 2405 3343 3408 2153 9926 11768 4788 9518 3197 12807 45490 4925 3561 3215 168048 13585 2003 9364 2063 2558
leaf_count=75487 3582 17069 2006 2266 2424 12357 4143 3440 3085 4976 2405 3343 3408 2153 9926 11768 4788 9518 3197 12807 45490 4925 3561 3215 168048 13585 2003 9364 2063 2558
internal_value=3.11123e-05 0.00399791 0.00122255 0.0171044 0.00018697 0.00114443 -0.000316783 -0.0172735 0.00427655 0.0079207 -0.00732076 -0.00452373 -0.00514846 0.00225538 0.00404474 0.0118839 0.00142733 -0.0050298 0.00902457 0.00991067 0.0111406 5.49533e-05 0.00922537 0.0198365 -0.00331496 0.00436176 0.00645482 0.00800069 0.012365 -0.00227164
internal_weight=448960 205425 120329 7357 112972 107108 94751 5864 5351 85096 25440 6925 23035 69311 55650 13921 41729 13661 78171 73195 65073 8122 52266 6776 243535 31803 27015 25012 15648 19627
internal_count=448960 205425 120329 7357 112972 107108 94751 5864 5351 85096 25440 6925 23035 69311 55650 13921 41729 13661 78171 73195 65073 8122 52266 6776 243535 31803 27015 25012 15648 19627
cat_boundaries=0 29 61 77 93 109 122 144 157 189 211
cat_threshold=472 0 0 14768 0 0 32000 0 0 126976 0 0 33619968 0 0 536870912 0 0 0 0 0 536870912 0 0 0 33 0 0 9728 0 0 0 0 0 0 32768 0 0 1966080 0 0 1048576 0 0 125829120 0 0 1946157056 1 0 3221225472 3 0 0 324 0 0 0 0 0 16384 0 0 0 1536 0 0 0 0 0 262144 0 0 31457280 0 0 134217728 512 0 0 0 0 0 0 0 0 393216 0 0 12713984 0 0 134217728 384 0 0 14336 0 0 9216 0 0 77824 0 0 33619968 0 0 536870912 0 0 0 0 0 0 0 0 0 0 0 0 25559040 0 0 0 0 0 0 512 0 0 0 0 0 4325376 0 0 3145728 0 0 0 0 0 268435456 0 0 0 0 0 0 2304 0 0 53248 0 0 65536 515 0 0 8240 0 0 0 0 0 1228800 0 0 23134208 0 0 844103680 0 0 1778384896 3 0 0 33 0 0 12 0 0 96 0 0 1024 0 0 0 0 0 0 0 0 0 0 0 0 30146560 0 0 406847488 0 0 2147483648 0 0 268435456
is_linear=0
shrinkage=0.05


Tree=70
num_leaves=31
num_cat=12
split_feature=5 41 22 22 12 12 5 27 36 41 5 41 5 23 5 27 5 5 28 37 5 5 28 19 31 5 27 5 5 23
split_gain=2051.24 783.293 1031.47 690.03 736.121 671.516 645.778 604.404 550.66 587.077 926.047 578.191 837.873 548.383 648.806 490.27 781.038 520.532 530.351 474.805 436.973 413.336 429.406 395.802 385.649 379.158 368.366 340.121 333.09 390.786
threshold=0 7.2825708389282235 9.9577903747558612 4.5762062072753915 1.5531570315361025 2.9993818998336796 1 1002.3283691406251 79.575061798095717 5.9465038776397714 2 6.6296374797821054 3 27.949096679687504 4 1004.3871154785157 5 6 998.45532226562511 -0.58172678947448719 7 8 1007.8903198242189 1.2134969830513003 83.813007354736342 9 1005.8935852050782 10 11 28.364624023437504
decision_type=9 2 2 2 2 2 9 2 2 2 9 2 9 2 9 2 9 9 2 2 9 9 2 2 2 9 2 9 9 2
left_child=3 5 -3 4 19 15 -6 -5 11 10 -10 12 -9 14 -11 17 -17 -2 20 28 -19 22 -21 -23 -8 -13 -12 -20 29 -1
right_child=1 2 -4 7 6 -7 24 8 9 13 26 25 -14 -15 -16 16 -18 18 27 21 -22 23 -24 -25 -26 -27 -28 -29 -30 -31
leaf_value=-0.027730475456482724 -0.0034288928824030723 0.000460894488362196 0.043143827041973164 0.029609702937913235 0.014379726773673135 -0.025796948029195743 0.0058566721576013376 0.036967578292982216 0.039331295766280278 -0.029441165893639872 0.016245788133361402 -0.008677677831454839 0.01118603315425417 0.013077244966292948 0.0037753065771469114 -0.0082118513547735205 -0.0016544456793168112 0.032292927061132584 0.01450133768840068 0.0024479393938888309 0.008383536597536323 0.0025722271406580823 0.021689734434599255 -0.010780044879440806 -0.01021336008259232 0.010101996874882398 -0.0084128989010706576 -0.00095248027341341746 -0.0032116547758873539 -0.00072078116344143181
leaf_weight=3611 43398 4114 2148 3547 18862 3106 12695 4603 2050 3646 2419 3675 10048 2171 2454 67895 137107 2277 4000 7922 11640 17830 4566 8047 5277 9868 4013 31130 12775 2126
leaf_count=3611 43398 4114 2148 3547 18862 3106 12695 4603 2050 3646 2419 3675 10048 2171 2454 67895 137107 2277 4000 7922 11640 17830 4566 8047 5277 9868 4013 31130 12775 2126
internal_value=-4.02175e-05 -0.00234092 0.0151475 0.00492331 0.00241768 -0.00270586 0.00792338 0.00976477 0.00819246 0.00101187 0.0102487 0.0124573 0.0193385 -0.00846151 -0.016136 -0.00246388 -0.00382698 0.000558962 0.00408736 -0.00114862 0.012345 0.00202483 0.00948747 -0.00158189 0.00113445 0.00500439 0.000870416 0.000814616 -0.00772297 -0.0177092
internal_weight=449020 306815 6262 142205 93711 300553 36834 48494 44947 16753 8482 28194 14651 8271 6100 297447 205002 92445 49047 56877 13917 38365 12488 25877 17972 13543 6432 35130 18512 5737
internal_count=449020 306815 6262 142205 93711 300553 36834 48494 44947 16753 8482 28194 14651 8271 6100 297447 205002 92445 49047 56877 13917 38365 12488 25877 17972 13543 6432 35130 18512 5737
cat_boundaries=0 19 29 36 46 56 88 120 152 171 184 216 229
cat_threshold=1021 0 0 16176 0 0 129792 0 0 290816 0 0 196608 0 0 0 0 0 16777216 61 0 0 9008 0 0 768 0 0 12288 896 0 0 6400 0 0 12288 192 0 0 7200 0 0 61952 0 0 4096 268 0 0 6144 0 0 57856 0 0 270336 0 0 0 0 0 0 0 0 0 720896 0 0 33292288 0 0 534773760 0 0 4160749568 3 0 0 33 0 0 2 0 0 96 0 0 256 0 0 0 128 0 0 0 0 0 0 0 0 0 0 0 805306368 0 0 503316480 3 0 4026531840 51 0 0 319 0 0 7536 0 0 8192 0 0 0 0 0 0 0 0 0 229376 0 0 13369344 0 0 4194304 0 0 0 0 0 0 0 0 0 0 0 0 8192 0 0 256 972 0 0 14336 0 0 32768 0 0 4096 0 0 0 0 0 0 0 0 16777216 792 0 0 1792 0 0 4096 0 0 8192 0 0 131072 0 0 0 0 0 0 1024 0 0 3178496 0 0 25165824 0 0 0 0 0 0 0 0 0 12 0 0 512 0 0 8192 0 0 256 96 0 0 11776 0 0 49152 0 0 24576 0 0 196608
is_linear=0
shrinkage=0.05


Tree=71
num_leaves=31
num_cat=0
split_feature=14 37 17 12 1 31 30 34 7 34 10 29 38 7 0 10 37 1 34 38 0 10 29 17 30 34 38 14 14 34
split_gain=1936.27 849.768 609.948 576.184 866.49 610.036 530.824 703.488 570.929 522.65 640.766 503.886 619.439 658.212 494.825 470.17 429.707 401.637 396.017 369.868 365.265 477.216 364.13 351.678 342.799 368.776 352.404 413.147 342.73 434.808
threshold=1.8435997366905215 -0.9518260359764098 2.9578053951263432 2.629738569259644 74.750000000000014 84.339092254638686 168.81250000000003 -1.1081237792968748 1.5000000000000002 -4.6386108398437491 2.281017661094666 0.71820449829101574 1.1479814052581789 2.5000000000000004 13.750000000000002 0.4950998723506928 0.62887951731681835 72.250000000000014 -9.6279602050781232 3.1484758853912358 11.250000000000002 1.7795371413230898 0.99750137329101574 1.8504438400268557 986.56250000000011 -3.5020141601562496 -0.31605368852615351 2.3441017866134648 2.7929425239562993 -7.6570129394531241
decision_type=2 2 2 2 2 2 2 2 2 2 2 2 2 2 2 2 2 2 2 2 2 2 2 2 2 2 2 2 2 2
left_child=15 2 22 6 -5 -6 -3 9 -9 10 11 -8 -13 -14 -12 -1 19 -18 -17 24 -20 -22 -2 -10 25 -11 -26 -28 -16 -30
right_child=1 3 -4 4 5 -7 7 8 23 16 14 12 13 -15 28 18 17 -19 20 -21 21 -23 -24 -25 26 -27 27 -29 29 -31
leaf_value=-0.0044611091833936436 -0.0061673956192758277 -0.0046249435288973793 0.020154500825270996 0.01551856746111553 0.00082864935778297034 -0.025233942906230544 -0.01443443254275969 0.0046485148973324916 0.050918731050048655 0.014282088601262217 0.0034103028304375118 0.02586262257193743 0.012615410163380095 -0.015191929918232656 0.012570714930394342 0.0036324879834666334 0.031991005062831604 0.0090731240879520572 0.0042421311523564978 -0.016342022452245537 -0.0036206140944971404 0.010822750357788765 0.014452983788035063 0.021851226883590882 -0.00076163708149776797 -0.007228744760592965 0.0027513950598200693 0.01992956228699801 0.054255252879878084 0.02563565667101432
leaf_weight=128551 25941 7055 2751 4441 4766 4234 2177 2151 2082 2491 2310 4880 6980 3050 2148 43751 2268 12000 21125 2418 113092 6014 2324 2123 8125 9793 6304 7870 2091 3712
leaf_count=128551 25941 7055 2751 4441 4766 4234 2177 2151 2082 2491 2310 4880 6980 3050 2148 43751 2268 12000 21125 2418 113092 6014 2324 2123 8125 9793 6304 7870 2091 3712
internal_value=2.86022e-05 0.0049969 -0.00227777 0.00713622 -0.00253231 -0.0114468 0.00854847 0.00964262 0.0256324 0.00834679 0.0139279 0.00798939 0.011271 0.00415283 0.0237996 -0.00214117 0.00536755 0.0127359 -0.000520043 0.00252355 -0.00181577 -0.00289048 -0.00446744 0.0363299 0.00384695 -0.00285862 0.00754051 0.0122968 0.0297116 0.0360238
internal_weight=449018 136485 31016 105469 13441 9000 92028 84973 6356 78617 27348 17087 14910 10030 10261 312533 51269 14268 183982 37001 140231 119106 28265 4205 34583 12284 22299 14174 7951 5803
internal_count=449018 136485 31016 105469 13441 9000 92028 84973 6356 78617 27348 17087 14910 10030 10261 312533 51269 14268 183982 37001 140231 119106 28265 4205 34583 12284 22299 14174 7951 5803
is_linear=0
shrinkage=0.05


Tree=72
num_leaves=31
num_cat=2
split_feature=25 29 11 28 43 10 39 11 18 17 10 18 10 19 13 8 18 21 12 18 40 11 31 8 43 38 28 28 31 12
split_gain=1642.7 496.897 475.501 465.707 455.887 503.95 435.106 391.548 443.911 381.033 334.674 333.233 653.72 341.896 280.675 705.728 419.62 644.757 415.87 513.811 435.326 312.116 278.162 269.024 260.611 252.119 249.5 315.31 364.344 236.996
threshold=3.6921007633209233 0.99528121948242199 3.2156488895416264 994.29531860351574 9.3532819747924822 3.5715730190277104 1.7493417859077456 1.4650006294250491 1.4031912088394167 2.2264426946640019 3.7260128259658818 2.1325036287307744 1.8173121809959414 1.3893959522247317 1.3008321523666384 0 2.1325036287307744 1.7593578696250918 2.3422243595123295 1.4352529644966128 2.780032873153687 1.2227578759193423 83.869865417480483 1 0.79493418335914623 1.2353659868240359 999.81063842773449 1008.9078063964845 85.375198364257827 1.6830518245697024
decision_type=2 2 2 2 2 2 2 2 2 2 2 2 2 2 2 1 2 2 2 2 2 2 2 1 2 2 2 2 2 2
left_child=3 2 4 -1 5 6 14 8 23 24 11 12 -6 -14 15 -2 17 -17 21 -20 -21 -16 -18 25 -5 -3 -23 28 -28 -13
right_child=1 7 -4 9 10 -7 -8 -9 -10 -11 -12 29 13 -15 18 16 22 -19 19 20 -22 26 -24 -25 -26 -27 27 -29 -30 -31
leaf_value=0.015852523529428463 0.0043436257865905031 0.010164946955360445 -0.021749660379555863 -0.010211666622702783 0.028567940498656755 0.019629867533029914 -0.019184081585991053 0.0017774388985108075 0.017515224366598751 0.011041769723142025 -0.0092155751351818624 0.0099974775070892224 0.0075177509073170064 -0.015172169266556302 0.025719187724762435 -0.0054975921881095964 -0.030864697978933688 0.017875619605162117 0.013301196005943552 -0.020066496124434504 0.0032105420994675243 0.017139274615113921 -0.0058686089069839766 0.014283401462138577 -0.0027558365529129656 -0.010831360742187116 0.0059071245338018392 0.01923813313100739 -0.0074648196890646007 0.024885569419668963
leaf_weight=3361 38139 2327 2031 12330 2065 3690 2628 13866 15448 4827 2192 5516 3384 3241 2089 31937 2453 3241 3123 4861 3414 4264 2041 3811 234094 3674 19643 3114 6867 5218
leaf_count=3361 38139 2327 2031 12330 2065 3690 2628 13866 15448 4827 2192 5516 3384 3241 2089 31937 2453 3241 3123 4861 3414 4264 2041 3811 234094 3674 19643 3114 6867 5218
internal_value=3.30377e-05 0.00349559 0.00222545 -0.00260903 0.00254486 0.0014384 0.00091172 0.00853035 0.0122351 -0.00285661 0.00927236 0.0113624 0.0040769 -0.00358847 0.00133509 -0.00051232 -0.00518054 -0.00333972 0.00436882 -0.00395147 -0.0104709 0.00700517 -0.0195507 0.00391261 -0.00312929 -0.00268628 0.00584431 0.00421331 0.00244182 0.0172513
internal_weight=448889 194277 155151 254612 153120 131504 127814 39126 25260 251251 21616 19424 8690 6625 125186 77811 39672 35178 47375 11398 8275 35977 4494 9812 246424 6001 33888 29624 26510 10734
internal_count=448889 194277 155151 254612 153120 131504 127814 39126 25260 251251 21616 19424 8690 6625 125186 77811 39672 35178 47375 11398 8275 35977 4494 9812 246424 6001 33888 29624 26510 10734
cat_boundaries=0 1 2
cat_threshold=4 2
is_linear=0
shrinkage=0.05


Tree=73
num_leaves=31
num_cat=8
split_feature=5 27 41 34 16 5 17 41 26 5 5 28 38 7 5 13 5 24 5 41 16 13 41 38 16 10 24 5 10 27
split_gain=1719.45 790.031 696.402 961.567 434.907 1091.24 710.229 563.51 1020.79 545.754 462.669 415.116 373.369 549.567 494.389 487.821 639.473 361.396 350.043 438.176 902.066 477.335 433.663 352.877 416.747 325.223 300.629 460.36 518.119 285.251
threshold=0 1001.7612609863282 7.2825708389282235 -6.7616577148437491 2.3523837327957158 1 2.1364716291427617 7.0899584293365487 9.5447926521301287 2 3 994.29531860351574 1.067854166030884 2.5000000000000004 4 1.3890075683593752 5 28.267364501953129 6 5.6839654445648202 2.7739595174789433 2.6943171024322514 6.7307515144348153 3.351887702941895 2.4695020914077763 2.5761331319808964 28.291534423828129 7 2.4800387620925908 1002.9903869628907
decision_type=9 2 2 2 2 9 2 2 2 9 9 2 2 2 9 2 9 2 9 2 2 2 2 2 2 2 2 9 2 2
left_child=1 -1 11 -4 6 17 12 8 9 -7 -8 -2 14 -14 -3 -16 -17 -6 19 20 29 22 -21 24 -20 -10 -9 -28 -29 -13
right_child=2 4 3 -5 5 7 10 26 25 -11 -12 18 13 -15 15 16 -18 -19 23 21 -22 -23 -24 -25 -26 -27 27 28 -30 -31
leaf_value=0.02740877936929368 0.011706297440632235 -0.0036369577449022828 0.035828568109904639 -0.0021409991511718955 -0.01308258960140957 0.026119768881438212 -0.02670135784867543 -0.0074212021854213042 0.0210333659933368 0.061080953333121683 -0.0013354126080680935 -0.00018152766894339114 0.01095618362828542 -0.0056321788223879631 0.0021889035812238224 0.035666459545992346 0.005754791905645637 0.0065018314192348721 -0.0012587215467102565 -0.02025300939401127 0.029297953703224008 -0.036676499143061113 0.0067126394751450512 -0.021763053855141837 0.015256794538212668 -0.0058462167830510871 0.032742324862461918 0.019399117162278868 -0.014411663012993819 -0.0058178051974448232
leaf_weight=3735 5159 26907 2861 3975 5116 2577 3169 2343 2422 2074 4138 30163 27819 6078 26825 2755 5069 4350 169087 3484 2013 2040 2594 2038 3898 2088 2082 2549 2024 87765
leaf_count=3735 5159 26907 2861 3975 5116 2577 3169 2343 2422 2074 4138 30163 27819 6078 26825 2755 5069 4350 169087 3484 2013 2040 2594 2038 3898 2088 2082 2549 2024 87765
internal_value=2.43437e-05 0.00476534 -0.00199395 0.0137791 0.00411501 0.00968345 0.00261725 0.01685 0.0255833 0.0419945 -0.0123962 -0.00234426 0.00376773 0.00798098 0.0014467 0.00539386 0.0163723 -0.00408111 -0.0025838 -0.00457012 -0.00380877 -0.015806 -0.00875235 -0.00112997 -0.000885705 0.00860349 0.00795863 0.0133764 0.00442609 -0.00437633
internal_weight=449197 134120 315077 6836 130385 27625 102760 18159 9161 4651 7307 308241 95453 33897 61556 34649 7824 9466 303082 128059 119941 8118 6078 175023 172985 4510 8998 6655 4573 117928
internal_count=449197 134120 315077 6836 130385 27625 102760 18159 9161 4651 7307 308241 95453 33897 61556 34649 7824 9466 303082 128059 119941 8118 6078 175023 172985 4510 8998 6655 4573 117928
cat_boundaries=0 32 45 52 62 75 82 114 124
cat_threshold=1005 0 0 16176 0 0 195328 0 0 290816 0 0 196608 0 0 0 0 0 0 0 0 0 0 0 0 0 0 0 0 0 0 40960 525 0 0 32 0 0 512 0 0 270336 0 0 196608 480 0 0 8464 0 0 163840 32 0 0 3584 0 0 188416 0 0 262144 32 0 0 13824 0 0 190464 0 0 286720 0 0 196608 9 0 0 48 0 0 768 0 0 0 0 0 0 0 0 0 655360 0 0 31457280 0 0 327155712 0 0 4160749568 3 0 2147483648 55 0 0 30 0 0 224 0 0 1536 160 0 0 16 0 0 256 0 0 4096
is_linear=0
shrinkage=0.05


Tree=74
num_leaves=31
num_cat=8
split_feature=16 16 34 5 5 12 41 33 39 39 5 24 36 5 33 5 41 16 16 19 41 5 40 5 27 34 12 5 41 27
split_gain=1468.66 679.109 913.043 972.789 853.254 763.2 805.453 580.682 556.87 488.125 478.549 475.3 391.008 826.177 538.241 757.981 515.665 738.465 475.362 589.756 424.057 425.809 390.147 367.254 360.879 334.251 301.941 293.442 270.962 267.474
threshold=1.2192786931991579 3.0958734750747685 -7.6570129394531241 0 1 2.5256395339965825 6.9073708057403573 16.396991729736332 0.88843268156051647 1.1268641352653506 2 28.267364501953129 82.825183868408217 3 17.359295845031742 4 6.7991237640380868 1.951957166194916 1.728996813297272 1.0167675614356997 5.9465038776397714 5 3.2645978927612309 6 1003.1568908691407 -0.55697631835937489 2.0970709323883061 7 0.88787525892257702 1008.3848571777345
decision_type=2 2 2 9 9 2 2 2 2 2 9 2 2 9 2 9 2 2 2 2 2 9 2 9 2 2 2 9 2 2
left_child=28 4 -3 -4 5 6 8 -8 10 -5 -2 -10 14 -14 15 16 17 -6 19 -15 21 -20 -7 -16 -12 -25 27 29 -1 -17
right_child=1 2 3 9 12 22 7 -9 11 -11 24 -13 13 18 23 26 -18 -19 20 -21 -22 -23 -24 25 -26 -27 -28 -29 -30 -31
leaf_value=-0.0088651576022431098 0.019695881925809719 0.042502940375219997 -0.015607324457615047 0.039600418300495689 0.014840914564092934 -0.031401648020425658 0.028241554936581106 0.0010467524219291847 -0.031783467795199395 0.0084471423971817349 0.0044209473220362082 -0.0061046633237292732 0.012364918831997465 -0.0075885338575627272 -0.002254951848943732 0.0059286567876379991 0.0065238213661510227 0.040040190391578162 0.016085990333717187 -0.039823683282063288 -0.010492558358466929 -0.011419145909971465 -0.00362113790221541 0.0044109527039101924 -0.0090766330829839155 0.024433615797660412 -0.012882686364918303 -0.00050042346206273253 -0.0021579876148749098 0.02505866415802914
leaf_weight=16116 2459 2399 2927 2010 10483 3434 3480 4488 3083 3350 8363 4332 7987 4600 23572 5599 8831 4026 4596 2046 6171 2009 2001 53229 12115 2160 2621 10115 227722 2709
leaf_count=16116 2459 2399 2927 2010 10483 3434 3480 4488 3083 3350 8363 4332 7987 4600 23572 5599 8831 4026 4596 2046 6171 2009 2001 53229 12115 2160 2621 10115 227722 2709
internal_value=2.14762e-05 0.00313855 0.0154048 0.00751844 0.0024639 -0.00368206 -0.00119366 0.0129445 -0.00490825 0.0201441 -0.0010551 -0.0168098 0.0042478 -0.00115342 0.00544837 0.0098533 0.0160533 0.021856 -0.00671904 -0.0175572 -0.00107704 0.00772237 -0.0211992 0.00297143 -0.00356316 0.00519511 0.00296345 0.00522522 -0.00260163 0.0121744
internal_weight=449033 205195 10686 8287 194509 43755 38320 7968 30352 5360 22937 7415 150754 27409 123345 44384 23340 14509 19422 6646 12776 6605 5435 78961 20478 55389 21044 18423 243838 8308
internal_count=449033 205195 10686 8287 194509 43755 38320 7968 30352 5360 22937 7415 150754 27409 123345 44384 23340 14509 19422 6646 12776 6605 5435 78961 20478 55389 21044 18423 243838 8308
cat_boundaries=0 16 48 61 80 112 125 157 170
cat_threshold=512 0 0 0 0 0 0 0 0 401408 0 0 12779520 0 0 135266304 0 0 0 0 0 0 32768 0 0 1966080 0 0 32505856 0 0 260046848 0 0 4093640704 1 0 3221225472 3 0 0 324 0 0 4096 0 0 20736 0 0 0 0 0 0 32768 0 0 1048576 0 0 16777216 968 0 0 1808 0 0 6400 0 0 126976 0 0 983040 0 0 536870912 0 0 134217728 71 0 0 14432 0 0 163584 0 0 126976 0 0 65536 0 0 274726912 0 0 0 0 0 0 0 0 0 0 0 0 0 0 0 8192 0 0 0 6144 0 0 222720 0 0 2097152 0 0 33554432 544 0 0 3584 0 0 89088 0 0 122880 0 0 983040 0 0 272629760 0 0 0 0 0 0 0 0 0 0 0 0 0 0 0 8192 160 0 0 1792 0 0 65536 0 0 0 0 0 33685504
is_linear=0
shrinkage=0.05


Tree=75
num_leaves=31
num_cat=1
split_feature=16 16 34 0 9 12 1 7 16 24 0 35 39 7 43 0 12 29 39 34 12 34 38 18 32 41 10 34 34 39
split_gain=1373.92 749.109 900.927 726.699 558.029 758.439 544.406 633.866 439.412 722.34 608.691 477.894 467.725 436.144 783.994 507.851 474.547 400.207 398.312 368.495 351.378 537.4 281.505 278.294 239.819 236.094 220.717 211.99 286.594 194.843
threshold=1.2192786931991579 3.0958734750747685 -8.1139831542968732 17.250000000000004 0 3.2124291658401494 72.250000000000014 2.5000000000000004 2.3523837327957158 27.468048095703129 16.750000000000004 15.940189361572267 0.59405043721199047 1.5000000000000002 4.8719654083251962 21.250000000000004 1.3710365295410158 0.99680709838867199 1.2771698236465456 -0.55697631835937489 2.0377485752105717 -4.2177734374999991 3.351887702941895 1.5480607748031618 831.50741577148449 0.84547296166419994 2.3064069747924809 -2.0350646972656246 -5.3265075683593741 1.1118352413177492
decision_type=2 2 2 2 9 2 2 2 2 2 2 2 2 2 2 2 2 2 2 2 2 2 2 2 2 2 2 2 2 2
left_child=25 4 -3 18 5 8 -6 26 11 -10 12 17 -11 -13 15 -15 -16 19 -4 24 21 -12 23 -14 27 -1 -8 28 -2 -30
right_child=1 2 3 -5 6 -7 7 -9 9 10 20 13 22 14 16 -17 -18 -19 -20 -21 -22 -23 -24 -25 -26 -27 -28 -29 29 -31
leaf_value=-0.0092112197021891988 0.0026971373467532629 0.045897959251880498 0.038933132711018455 -0.0069600963573220945 0.024037646460319514 -0.021580852087824846 0.0043655617336967028 -0.014329561571108311 -0.012176213849027803 0.031433641837378602 0.023004119279045658 0.0041646511195349168 -0.00010682088761940145 0.019612596885047226 -0.010615434448689813 -0.010637436092897143 -0.038715908234411699 0.0096733639018066839 0.0097311032607013247 0.017766727769521089 -0.012980967418548959 -0.010500141218032603 -0.0045987658159122582 0.019024965579821529 0.0049580047131424785 -0.0021415586168990995 0.023048443538119818 0.003286955655753045 -0.0061840334728153019 0.0021940039167777799
leaf_weight=12437 20161 2019 2002 3955 5542 3461 3308 3070 3980 3831 2677 6089 2430 2206 2959 3701 3064 14906 2805 3163 3338 2150 2226 8716 23604 231005 3028 23972 34803 8662
leaf_count=12437 20161 2019 2002 3955 5542 3461 3308 3070 3980 3831 2677 6089 2430 2206 2959 3701 3064 14906 2805 3163 3338 2150 2226 8716 23604 231005 3028 23972 34803 8662
internal_value=3.92995e-05 0.00304628 0.0158703 0.00890672 0.00233667 0.00156539 0.0116133 0.0042875 0.00202019 0.00760588 0.0107131 0.000906787 0.0160463 -0.00671938 -0.0122734 0.00067365 -0.0249511 0.00197023 0.0219486 0.000965469 -0.000529482 0.00809009 0.0116177 0.0148576 0.000486024 -0.0025031 0.0133164 -0.000719416 -0.00222915 -0.00451428
internal_weight=449270 205828 10781 8762 195047 180099 14948 9406 176638 29348 25368 147290 17203 18019 11930 5907 6023 129271 4807 114365 8165 4827 13372 11146 111202 243442 6336 87598 63626 43465
internal_count=449270 205828 10781 8762 195047 180099 14948 9406 176638 29348 25368 147290 17203 18019 11930 5907 6023 129271 4807 114365 8165 4827 13372 11146 111202 243442 6336 87598 63626 43465
cat_boundaries=0 1
cat_threshold=52
is_linear=0
shrinkage=0.05


Tree=76
num_leaves=31
num_cat=9
split_feature=5 16 34 37 16 17 29 15 5 26 33 34 5 5 5 5 37 31 19 44 34 5 5 39 38 15 31 5 34 0
split_gain=1269.26 548.75 613.635 503.001 642.398 832.407 582.27 446.315 416.534 402.409 474.215 368.252 1020.29 454.816 400.39 336.271 331.602 323.14 330.551 336.537 279.114 295.035 285.573 248.903 236.008 221.942 215.897 213.443 293.175 212.368
threshold=0 3.2766113281250004 -5.7499389648437491 -0.13300222158432004 2.2493528127670293 2.117950558662415 0.54742431640625011 3.050673365592957 1 10.647435188293459 17.158271789550785 -9.6279602050781232 2 3 4 5 -1.5569330453872678 81.703907012939467 1.6152492761611941 5.7658169269561776 -6.0448913574218741 6 7 0.69654685258865368 -0.76663005352020253 1.2942548990249636 84.522102355957045 8 -4.7506408691406241 19.250000000000004
decision_type=9 2 2 2 2 2 2 2 9 2 2 2 9 9 9 9 2 2 2 2 2 9 9 2 2 2 2 9 2 2
left_child=3 7 -3 4 5 15 -6 11 23 10 -8 12 25 -13 -14 -1 -17 -10 27 -20 22 -22 -15 -5 -16 -2 -12 -19 29 -29
right_child=1 2 -4 8 6 -7 9 -9 17 -11 26 13 14 20 24 16 -18 18 19 -21 21 -23 -24 -25 -26 -27 -28 28 -30 -31
leaf_value=0.0044083265020278687 0.012408418867358028 0.033635996914640372 -0.0033994758434015499 0.0047359780785369626 -0.015537805918090812 -0.028687946706576983 0.031932291033180592 -0.025232625018822605 0.0011409158433745043 -0.001974569141054663 0.015999741414409661 -0.00021188185583781777 -0.005007262036109527 0.0045912085612760702 0.011894610833319308 -0.018723377837047698 -0.0019562081680864563 0.017606863573032171 0.017476654397020678 -0.005995672514435251 -0.010817123437836194 -0.0042683721099964211 -0.0039479630017119193 0.025395302725812419 0.0010357305635968705 0.031037226663570224 -0.0032217042191561894 0.022779808247268225 0.0045977815273993989 0.0034579002468144316
leaf_weight=20573 4112 2291 2173 2144 2005 2737 3860 2043 23967 3317 4639 95367 30164 12191 5823 3383 22547 8524 2001 6336 28326 43926 49437 4582 35215 2632 2126 4754 15931 2033
leaf_count=20573 4112 2291 2173 2144 2005 2737 3860 2043 23967 3317 4639 95367 30164 12191 5823 3383 22547 8524 2001 6336 28326 43926 49437 4582 35215 2632 2126 4754 15931 2033
internal_value=1.22179e-06 -0.00174536 0.0156404 0.00404568 0.000882271 -0.00194274 0.00960087 -0.00199689 0.00698021 0.0132246 0.017967 -0.00184155 0.00112722 -0.00285096 -0.000635679 -0.000362779 -0.00414854 0.00572266 0.00849758 -0.000347788 -0.00473033 -0.006839 -0.0022582 0.0187988 0.00257842 0.0196848 0.00996328 0.0108573 0.00830683 0.0170057
internal_weight=449159 313700 4464 135459 65187 49240 15947 309236 70272 13942 10625 307193 77946 229247 71202 46503 25930 63546 39579 8337 133880 72252 61628 6726 41038 6744 6765 31242 22718 6787
internal_count=449159 313700 4464 135459 65187 49240 15947 309236 70272 13942 10625 307193 77946 229247 71202 46503 25930 63546 39579 8337 133880 72252 61628 6726 41038 6744 6765 31242 22718 6787
cat_boundaries=0 32 42 61 93 125 157 176 202 212
cat_threshold=492 0 0 16304 0 0 65280 0 0 290816 0 0 196608 0 0 0 0 0 16777216 0 0 0 0 0 0 0 0 0 0 0 0 40960 192 0 0 0 0 0 0 0 0 4096 0 0 0 0 0 0 0 0 0 229376 0 0 31195136 0 0 134217728 0 0 1073741824 531 0 0 64 0 0 196608 0 0 2129920 0 0 33554432 0 0 540016640 0 0 503316480 0 0 1879048192 0 0 0 129 0 0 7952 0 0 88064 0 0 0 0 0 0 0 0 0 524288 0 0 0 0 0 805306368 0 0 503316480 3 0 3758096384 33 0 0 60 0 0 112 0 0 1536 264 0 0 272 0 0 13056 0 0 266240 0 0 196608 0 0 0 0 0 16777216 0 0 0 0 0 0 0 0 0 0 0 0 40960 0 0 0 0 0 0 0 0 0 1703936 0 0 29097984 0 0 251658240 0 0 1610612736 0 0 0 0 0 0 0 0 0 1703936 0 0 25952256 0 0 33554432 0 0 0 0 0 0 0 0 0 256 40 0 0 3600 0 0 2304 0 0 262144
is_linear=0
shrinkage=0.05


Tree=77
num_leaves=31
num_cat=9
split_feature=5 34 41 12 37 12 34 5 36 5 5 5 41 38 12 5 19 19 24 10 5 5 41 38 38 17 41 37 5 34
split_gain=1123.59 681.047 658.291 529.796 491.49 525.024 491.112 430.011 363.83 513.983 401.92 358.698 352.965 343.928 338.243 498.321 337.987 334.411 329.472 319.764 534.105 360.321 276.443 276.344 270.472 304.342 599.806 366.779 652.197 405.869
threshold=0 -8.9054260253906232 7.0518453121185312 2.9993818998336796 -0.13902366161346433 1.837549686431885 -6.7616577148437491 1 82.825183868408217 2 3 4 7.1294333934783944 1.2353659868240359 2.629738569259644 5 1.2443765401840212 1.5838987827301028 39.265167236328132 1.8173121809959414 6 7 7.8464221954345712 0.38472050428390508 3.5773894786834721 2.682961225509644 5.819725990295411 0.29104053974151617 8 -10.881439208984373
decision_type=9 2 2 2 2 2 2 9 2 9 9 9 2 2 2 9 2 2 2 2 9 9 2 2 2 2 2 2 9 2
left_child=1 -1 3 18 5 8 -4 12 9 17 16 13 -6 -7 19 -16 -10 -3 24 20 -9 -21 23 -22 25 27 -27 -2 29 -29
right_child=2 4 6 -5 7 11 -8 14 10 -11 -12 -13 -14 -15 15 -17 -18 -19 -20 21 22 -23 -24 -25 -26 26 -28 28 -30 -31
leaf_value=0.024108530175839769 -0.0032355575354408028 0.0029819752959880392 0.026277436306682896 -0.023329665944072524 0.035313412716312317 0.0066377466359658971 0.0023908814247725115 -0.0068994151230248046 -0.009850264639596408 -0.005848159979561101 0.0031860668369604658 0.0010483117711216645 0.010448585238382296 0.027886442358056075 0.0090310157086947035 -0.023879714498598145 -0.035975484456096628 0.02352103994564525 0.010509038810933185 0.018190551873254978 -0.002013259893494569 0.0055491778192523402 0.024468685985885405 0.010152729263525073 -0.018900433864494151 0.0283035874329924 -0.0077151745388711786 0.022799156107278742 -0.0026700456033343471 0.0045787135177832337
leaf_weight=3990 211210 13764 3489 2892 2071 4751 5595 10107 2924 21737 2613 10410 4588 3178 2183 2395 2151 2306 5277 8911 7885 15407 2048 11419 2362 2365 2245 3474 50034 24985
leaf_count=3990 211210 13764 3489 2892 2071 4751 5595 10107 2924 21737 2613 10410 4588 3178 2183 2395 2151 2306 5277 8911 7885 15407 2048 11419 2362 2365 2245 3474 50034 24985
internal_value=-3.2557e-05 0.00378455 -0.00167221 -0.00206766 0.0031633 2.3392e-05 0.0115841 0.00615376 -0.00285561 -0.000837982 -0.0127637 0.00716323 0.0181958 0.0151597 0.00481855 -0.00823326 -0.020931 0.00593838 -0.00186325 0.00589195 0.00256211 0.0101968 0.0070418 0.00518488 -0.00208367 -0.00194807 0.0107843 -0.00215104 0.000767241 0.00680773
internal_weight=448766 134838 313928 304844 130848 63834 9084 67014 45495 37807 7688 18339 6659 7929 60355 4578 5075 16070 301952 55777 31459 24318 21352 19304 296675 294313 4610 289703 78493 28459
internal_count=448766 134838 313928 304844 130848 63834 9084 67014 45495 37807 7688 18339 6659 7929 60355 4578 5075 16070 301952 55777 31459 24318 21352 19304 296675 294313 4610 289703 78493 28459
cat_boundaries=0 32 42 74 87 100 110 142 155 187
cat_threshold=1004 0 0 16176 0 0 130816 0 0 290816 0 0 196608 0 0 0 0 0 0 0 0 0 0 0 0 0 0 0 0 0 0 40960 192 0 0 0 0 0 0 0 0 4096 780 0 0 12576 0 0 126976 0 0 0 0 0 0 0 0 0 0 0 0 0 0 0 0 0 0 0 0 0 0 0 0 40960 4 0 0 15904 0 0 58880 0 0 0 0 0 131072 264 0 0 13056 0 0 28928 0 0 12288 0 0 196608 548 0 0 8240 0 0 50944 0 0 16384 0 0 0 800 0 0 13056 0 0 270336 0 0 196608 0 0 0 0 0 0 0 0 0 0 0 0 0 0 0 0 0 0 32768 0 0 0 768 0 0 7936 0 0 8192 0 0 65536 3 0 0 192 0 0 131072 0 0 3178496 0 0 63700992 0 0 1072693248 0 0 1073741824 0 0 0 0 0 0 0 0 0 0 0 0 2048
is_linear=0
shrinkage=0.05


Tree=78
num_leaves=31
num_cat=0
split_feature=16 30 37 7 38 14 34 34 38 20 14 26 7 37 20 36 19 39 14 38 26 30 28 38 16 36 39 14 18 14
split_gain=1042.92 871.318 759.921 835.745 740.536 756.972 639.628 625.8 493.562 470.707 663.621 454.998 429.346 367.668 356.942 320.687 317.785 327.076 482.078 313.705 307.938 300.099 253.06 244.392 351.77 339.672 379.158 309.21 286.474 236.497
threshold=2.1180506944656377 266.56250000000006 0.33412933349609381 1.5000000000000002 1.3866627216339114 1.7749651670455935 -9.6279602050781232 -1.5756530761718748 1.1222614049911501 1.6540261507034304 2.3630048036575322 6.6932814121246347 2.5000000000000004 -1.2200909852981565 1.295871436595917 52.881717681884773 2.2053021192550664 0.54174721240997326 2.2012782096862797 0.1739417910575867 5.5688440799713144 831.06250000000011 994.29531860351574 4.0806007385253915 3.0267024040222172 22.374629974365238 1.1414936780929568 3.4629985094070439 1.4031912088394167 2.0634497404098515
decision_type=2 2 2 2 2 2 2 2 2 2 2 2 2 2 2 2 2 2 2 2 2 2 2 2 2 2 2 2 2 2
left_child=2 20 9 8 5 -5 -3 19 -4 11 13 22 -6 -11 -13 -14 17 18 -8 -7 -2 -16 -1 24 27 -26 -27 28 -19 -30
right_child=1 6 3 4 12 7 16 -9 -10 10 -12 14 15 -15 21 -17 -18 23 -20 -21 -22 -23 -24 -25 25 26 -28 -29 29 -31
leaf_value=0.012434390275712942 0.0019707806492177109 0.028761050401108459 0.0043286820912212835 -0.00046097749220411801 -0.0029697467342938927 -0.0026753753225518826 -0.00032957239579274388 0.040813004669179441 0.016321474230015488 -0.024688930899566086 -0.034235451707852721 0.0065935390171457586 -0.011537785524644151 -0.00092271632941246483 -0.015529814551883925 -0.03403895076087312 -0.011475802534703393 -0.0049756694345140656 0.022917179434872786 0.022702590203974585 -0.022569057581506881 0.00075090341259494966 -0.0030804813133593857 -0.0067314477002625942 -0.00023545318007376707 0.039399528322725946 0.011923809830645246 -0.013472976408823049 0.023504256017983227 0.0060838209220930696
leaf_weight=2650 2021 3260 24978 41271 8478 2945 3371 2007 13066 2055 2629 24812 4334 7682 3662 2501 2471 5615 6578 2064 3462 12347 222707 4001 2246 2100 3134 2325 2096 26325
leaf_count=2650 2021 3260 24978 41271 8478 2945 3371 2007 13066 2055 2629 24812 4334 7682 3662 2501 2471 5615 6578 2064 3462 12347 222707 4001 2246 2100 3134 2325 2096 26325
internal_value=-8.41706e-05 0.00557045 -0.00111062 0.00258972 -0.000916986 0.00212166 0.00722158 0.0172928 0.00845075 -0.00246096 -0.0119932 -0.00201768 -0.010494 -0.00595877 0.00283898 -0.0198089 0.00605178 0.00680307 0.0150481 0.00780622 -0.0135367 -0.00298062 -0.0028975 0.00508569 0.00616543 0.0160334 0.0230018 0.00413158 0.00533776 0.00737636
internal_weight=449193 69005 380188 101644 63600 48287 63522 7016 38044 278544 12366 266178 15313 9737 40821 6835 60262 57791 9949 5009 5483 16009 225357 47842 43841 7480 5234 36361 34036 28421
internal_count=449193 69005 380188 101644 63600 48287 63522 7016 38044 278544 12366 266178 15313 9737 40821 6835 60262 57791 9949 5009 5483 16009 225357 47842 43841 7480 5234 36361 34036 28421
is_linear=0
shrinkage=0.05


Tree=79
num_leaves=31
num_cat=1
split_feature=14 22 38 34 39 41 21 20 18 10 36 43 41 34 29 34 11 43 38 34 9 41 41 14 10 22 38 21 39 21
split_gain=912.86 622.762 763.177 812.887 553.084 602.367 432.837 409.083 356.999 313.75 416.224 370.897 327.416 296.773 300.713 307.425 458.524 289.553 282.31 285.557 267.392 568.273 521.359 435.97 476.487 454.971 335.946 511.28 334.397 398.273
threshold=2.0342950820922856 18.266201019287113 2.9814736843109135 -2.7558288574218746 0.54174721240997326 7.2825708389282235 1.2979725599288943 1.7608939409255984 2.9015834331512456 0.5543763041496278 101.18579864501955 5.2462923526763925 3.8302404880523686 -9.9071044921874982 0.99583816528320324 -2.2785949707031246 1.4963590502738955 6.5076856613159189 -1.0340321063995359 -13.165649414062498 0 5.5498983860015878 8.626657962799074 2.9673230648040776 2.2076748609542851 3.8924217224121098 3.351887702941895 1.5065084099769595 1.2061379551887514 1.486821234226227
decision_type=2 2 2 2 2 2 2 2 2 2 2 2 2 2 2 2 2 2 2 2 9 2 2 2 2 2 2 2 2 2
left_child=9 4 3 -3 5 7 -4 -2 20 -1 13 12 -12 18 15 -15 -17 -18 19 -11 21 26 23 25 -25 28 27 -6 29 -23
right_child=1 2 6 -5 8 -7 -8 -9 -10 10 11 -13 -14 14 -16 16 17 -19 -20 -21 -22 22 -24 24 -26 -27 -28 -29 -30 -31
leaf_value=-0.0030630651693146927 0.01184728816042923 0.029814770145887043 0.015029122691591793 -0.002222280226609408 0.0034209849706751429 -0.0039644147280985123 -0.010867077126955128 0.034791439446202492 0.016075523697602109 0.03025004954486249 -0.0058024730199611801 -0.020482552874174716 0.015114433170263798 -0.0025331029367140676 0.0057223189003126557 0.00059495071939790487 0.029904576401051097 0.0044476819636348631 0.0031238851435816538 0.0062965666082360084 0.0026181272162222719 -0.0094491201119400944 0.017560250737431445 -0.039503207175847828 -0.010559069607607658 0.0015003783929073377 -0.0086700747930424527 0.034789929449483191 -0.00095654259141761139 -0.038427185976257737
leaf_weight=148522 9758 7470 2696 2691 3466 5141 3987 2423 3514 2058 16581 3845 2099 88247 18588 21017 2417 2077 27563 3141 39727 2706 2062 2055 4603 11730 2002 2070 3003 2113
leaf_count=148522 9758 7470 2696 2691 3466 5141 3987 2423 3514 2058 16581 3845 2099 88247 18588 21017 2417 2077 27563 3141 39727 2706 2062 2055 4603 11730 2002 2070 3003 2113
internal_value=-3.83733e-05 0.00384457 0.0127118 0.0213364 0.0022936 0.0103826 -0.000413402 0.016436 0.000520009 -0.00134622 1.28441e-05 -0.00636134 -0.00344529 0.00088278 -0.000172033 -0.00113559 0.00369777 0.0181751 0.00514258 0.0158183 -0.000205669 -0.003338 -0.00659114 -0.00849716 -0.0195386 -0.00472919 0.00885138 0.0151919 -0.0140611 -0.0222085
internal_weight=449372 113217 16844 10161 96373 17322 6683 12181 79051 336155 187633 22525 18680 165108 132346 113758 25511 4494 32762 5199 75537 35810 28272 26210 6658 19552 7538 5536 7822 4819
internal_count=449372 113217 16844 10161 96373 17322 6683 12181 79051 336155 187633 22525 18680 165108 132346 113758 25511 4494 32762 5199 75537 35810 28272 26210 6658 19552 7538 5536 7822 4819
cat_boundaries=0 1
cat_threshold=21
is_linear=0
shrinkage=0.05


Tree=80
num_leaves=31
num_cat=8
split_feature=5 22 41 5 32 12 41 22 34 5 32 5 34 1 12 41 43 14 17 28 8 38 5 38 0 44 14 43 5 5
split_gain=943.934 603.49 698.369 822.524 563.76 555.721 523.688 698.748 499.089 484.43 472.848 621.568 534.247 468.951 433.05 415.135 643.66 399.118 364.054 337.076 311.236 289.919 277.097 285.121 321.397 266.462 387.638 276.012 257.874 229.683
threshold=0 6.9937705993652353 6.4196529388427743 1 693.46160888671886 1.5687090158462527 7.0518453121185312 15.236377716064455 -1.9272460937499998 2 861.35794067382824 3 -1.9272460937499998 72.250000000000014 2.9993818998336796 8.3429470062255877 7.8016288280487069 2.9389175176620488 1.9843058586120608 993.64187622070324 4 3.5773894786834721 5 2.3069388866424565 8.2500000000000018 8.8194785118103045 2.2012782096862797 5.4538114070892343 6 7
decision_type=9 2 2 9 2 2 2 2 2 9 2 9 2 2 2 2 2 2 2 2 1 2 9 2 2 2 2 2 9 9
left_child=1 5 3 4 -3 10 14 -8 9 -4 11 12 -1 15 19 16 -7 -11 -13 -2 -14 29 -15 24 -24 26 27 -5 -12 -21
right_child=6 2 8 25 -6 13 7 -9 -10 17 28 18 20 22 -16 -17 -18 -19 -20 21 -22 -23 23 -25 -26 -27 -28 -29 -30 -31
leaf_value=-0.0032866368092783795 0.013774043969401878 0.052306813567342236 0.0266951008466636 0.011303607188391983 0.019517871610594966 0.040746906565662093 0.0025448411653903754 0.033995507048941824 -0.013219844140254122 0.0076384780189433571 0.017419888760805399 -0.0072028897315232826 0.0011406264640442284 -0.0066509767620943367 -0.020206881212050484 0.0016121082319625092 0.010404188894671172 -0.016160748479776985 -0.024545343466191694 -0.0033381386027165416 0.022381547203467862 -0.017901844170143667 0.020203557650854641 0.020035271393525345 -0.00012602961728691694 -0.0071715105795333474 0.026408028916559557 -0.010031314619841972 0.0024279270280039471 -0.00052326610223209669
leaf_weight=16555 3481 2072 2394 6124 3598 2776 7693 2283 4267 6845 3789 17980 3047 6148 3175 3925 4717 2361 3633 124706 3967 2778 2274 2875 13064 2175 3271 2005 11677 173009
leaf_count=16555 3481 2072 2394 6124 3598 2776 7693 2283 4267 6845 3789 17980 3047 6148 3175 3925 4717 2361 3633 124706 3967 2778 2274 2875 13064 2175 3271 2005 11677 173009
internal_value=-2.23466e-05 0.00353831 0.00915001 0.0155503 0.0315155 0.00149454 -0.00149938 0.00976914 0.00138221 0.00676026 -0.00142095 -0.00400388 0.00161326 0.00643552 -0.00186573 0.0147922 0.0216849 0.00152229 -0.0101234 -0.0016735 0.0131689 -0.0018529 0.00251429 0.00561065 0.00289922 0.008834 0.011899 0.00603554 0.0061225 -0.00170255
internal_weight=448664 131539 35112 19245 5670 96427 317125 9976 15867 11600 60648 45182 23569 35779 307149 11418 7493 9206 21613 303974 7014 300493 24361 18213 15338 13575 11400 8129 15466 297715
internal_count=448664 131539 35112 19245 5670 96427 317125 9976 15867 11600 60648 45182 23569 35779 307149 11418 7493 9206 21613 303974 7014 300493 24361 18213 15338 13575 11400 8129 15466 297715
cat_boundaries=0 32 45 58 90 91 123 133 165
cat_threshold=492 0 0 16304 0 0 65280 0 0 290816 0 0 196608 0 0 0 0 0 0 0 0 0 0 0 0 0 0 0 0 0 0 45056 448 0 0 2336 0 0 29184 0 0 266240 0 0 65536 224 0 0 48 0 0 256 0 0 4096 0 0 65536 460 0 0 12672 0 0 14336 0 0 4096 0 0 0 0 0 0 0 0 0 0 0 0 0 0 0 0 0 0 0 0 0 45056 4 384 0 0 4224 0 0 3584 0 0 270336 0 0 131072 0 0 0 0 0 0 0 0 0 0 0 0 0 0 0 0 0 0 4096 100 0 0 1568 0 0 50688 0 0 262144 1 0 0 0 0 0 0 0 0 655360 0 0 10485760 0 0 394264576 0 0 4177526784 3 0 2147483648 53 0 0 78 0 0 224 0 0 1536
is_linear=0
shrinkage=0.05


Tree=81
num_leaves=31
num_cat=2
split_feature=16 16 15 9 36 9 38 10 24 16 29 30 3 40 36 16 30 10 17 18 44 24 36 20 20 24 30 38 36 32
split_gain=786.006 503.923 593.735 495.6 506.042 448.954 441.803 526.185 497.613 367.912 352.735 273.318 269.126 232.429 230.613 226.761 560.316 507.116 487.877 450.935 332.859 277.84 273.764 375.126 223.028 218.079 254.358 272.496 214.436 212.947
threshold=1.2192786931991579 3.0958734750747685 2.9415899515151982 0 168.62297058105472 1 1.0424298644065859 2.281017661094666 28.842803955078129 3.3968102931976323 0.99749374389648449 428.81250000000006 355.15388488769537 1.6437792778015139 40.296077728271491 2.171827077865601 287.43750000000006 1.759283244609833 2.020908117294312 1.5874680876731875 5.1065886020660409 28.075958251953129 77.540874481201186 1.5796561241149905 1.7608939409255984 27.553497314453129 227.81250000000003 -1.4178187847137449 5.211353302001954 831.50741577148449
decision_type=2 2 2 9 2 9 2 2 2 2 2 2 2 2 2 2 2 2 2 2 2 2 2 2 2 2 2 2 2 2
left_child=-1 2 3 4 10 -3 -5 8 -8 -7 15 12 -12 -6 -13 18 20 21 22 -20 -17 -18 25 -24 -23 26 -2 -28 -27 -30
right_child=1 5 -4 6 13 9 7 -9 -10 -11 11 14 -14 -15 -16 16 17 -19 19 -21 -22 24 23 -25 -26 28 27 -29 29 -31
leaf_value=-0.0019008557494545773 0.00012952791975047619 0.0036430510507330857 -0.023095072229121046 0.029176489552165008 -0.0006606695223995325 0.010390290408308921 -0.021883452175228777 0.016461625275679063 0.0079961417863235115 0.038164295861188087 -0.011404922747446939 0.019955629129615668 0.010437875270589972 -0.019385047049317518 0.0070149699505943786 0.002961642936960069 0.0046310598340015075 0.002395239554205438 -0.00026795922465309979 -0.023305154656822924 -0.02441848588061761 0.015526425260295535 -0.0017656372444675367 -0.021984187067332548 0.035179951766861166 -0.0057125429488994106 0.027212289158122929 0.0075876297866405472 0.00036991041401632116 0.0079510842070695097
leaf_weight=243928 7670 5967 2372 2668 2747 2401 2356 6514 3381 2379 3124 5094 2554 4171 10639 2000 3610 22308 4289 4199 2479 4526 14355 2721 2134 11050 2323 7373 46342 11567
leaf_count=243928 7670 5967 2372 2668 2747 2401 2356 6514 3381 2379 3124 5094 2554 4171 10639 2000 3610 22308 4289 4199 2479 4526 14355 2721 2134 11050 2323 7373 46342 11567
internal_value=1.7869e-05 0.00229745 0.00171492 0.0020223 0.00128501 0.0128322 0.0107684 0.00674776 -0.00429117 0.0242136 0.00182369 0.00782296 -0.00157882 -0.0119617 0.0112149 0.000960823 0.00435024 0.00663051 -0.000162021 -0.0116784 -0.0122131 0.0158189 0.000784379 -0.00499837 0.0218671 0.00192871 0.00693488 0.0123126 0.000667185 0.00188532
internal_weight=449241 205313 194566 192194 177275 10747 14919 12251 5737 4780 170357 21411 5678 6918 15733 148946 37057 32578 111889 8488 4479 10270 103401 17076 6660 86325 17366 9696 68959 57909
internal_count=449241 205313 194566 192194 177275 10747 14919 12251 5737 4780 170357 21411 5678 6918 15733 148946 37057 32578 111889 8488 4479 10270 103401 17076 6660 86325 17366 9696 68959 57909
cat_boundaries=0 1 2
cat_threshold=52 33
is_linear=0
shrinkage=0.05


Tree=82
num_leaves=31
num_cat=7
split_feature=5 41 30 41 5 5 30 44 16 36 5 27 5 5 28 41 27 0 5 43 43 11 16 19 27 41 28 16 43 40
split_gain=790.107 495.213 443.333 416.61 1292.1 671.368 587.126 471.284 591.56 322.919 853.992 415.614 748.689 630.807 364.343 360.992 319.721 305.582 303.749 316.824 301.621 342.39 324.906 360.6 297.767 300.213 291.352 277.074 273.032 249.5
threshold=0 7.0518453121185312 83.312500000000014 6.457451820373536 1 2 2327.5625000000005 9.5376977920532244 2.0315022468566899 143.64051818847659 3 1004.1050720214845 4 5 999.29843139648449 5.2698280811309823 1003.2397460937501 8.2500000000000018 6 4.9808232784271249 10.030858039855959 1.618928909301758 2.1541547775268559 1.2857506871223452 996.96444702148449 5.0491049289703378 1004.4946899414064 2.494888544082642 5.893857717514039 2.1169500350952153
decision_type=9 2 2 2 9 9 2 2 2 2 9 2 9 9 2 2 2 2 9 2 2 2 2 2 2 2 2 2 2 2
left_child=2 9 -1 4 7 17 18 8 -4 11 -11 13 -13 14 -2 29 -3 -5 -7 -20 21 22 23 -21 -15 28 -19 -14 -26 -12
right_child=1 16 3 5 -6 6 -8 -9 -10 10 15 12 27 24 -16 -17 -18 26 19 20 -22 -23 -24 -25 25 -27 -28 -29 -30 -31
leaf_value=-0.0045053927568285707 0.013326403826213485 0.020398360997055186 0.016865053362098203 0.018414433379569779 0.0041935224581170849 0.0014024094442660487 0.0099310945453415442 0.0056938814348806745 0.047715478292462365 -0.027123814200600668 -0.0028650658797737929 -0.0087264387207860502 -0.0013246524129911738 0.0097321412654471362 0.0025709499623445967 0.017194964570460759 0.0034067453961390557 0.021606794667863999 0.0019059971244367625 -0.0078125317442629284 0.0038024861361286681 -0.027928470510199456 0.0076875489558828926 -0.032047447938755219 -0.002869492979307723 -0.016471047491199351 0.0022634048700729435 0.012374517510594533 0.015775603889392288 -0.021585732347178546
leaf_weight=15759 13784 3653 3047 6090 40462 12002 8283 2182 3197 4427 14531 38855 160419 4956 18361 2017 11360 2281 5377 5267 2488 3751 2019 2162 37187 3867 12974 3768 2063 2019
leaf_count=15759 13784 3653 3047 6090 40462 12002 8283 2182 3197 4427 14531 38855 160419 4956 18361 2017 11360 2281 5377 5267 2488 3751 2019 2162 37187 3867 12974 3768 2063 2019
internal_value=9.86581e-06 -0.00131122 0.0033425 0.00445149 0.00791082 0.00175311 -0.001965 0.0256999 0.0327119 -0.00174599 -0.00744322 -0.00128326 -0.00248706 0.00176364 0.00718344 -0.00272256 0.00755201 0.00895002 -0.00494766 -0.0085614 -0.0121537 -0.015162 -0.0100693 -0.014899 -0.00186227 -0.00319735 0.00516798 -0.00100947 -0.00188573 -0.00516053
internal_weight=448608 321267 127341 111582 48888 62694 41349 8426 6244 306254 22994 283260 203042 80218 32145 18567 15013 21345 33066 21064 15687 13199 9448 7429 48073 43117 15255 164187 39250 16550
internal_count=448608 321267 127341 111582 48888 62694 41349 8426 6244 306254 22994 283260 203042 80218 32145 18567 15013 21345 33066 21064 15687 13199 9448 7429 48073 43117 15255 164187 39250 16550
cat_boundaries=0 32 45 55 74 103 135 148
cat_threshold=488 0 0 16272 0 0 163584 0 0 290816 0 0 65536 0 0 0 0 0 0 0 0 536870912 0 0 0 0 0 0 2048 0 0 61440 448 0 0 3072 0 0 24832 0 0 266240 0 0 65536 104 0 0 8208 0 0 131328 0 0 4096 4 0 0 96 0 0 32768 0 0 0 0 0 12582912 0 0 234881024 0 0 838860800 0 0 0 0 0 0 0 0 0 1703936 0 0 33161216 0 0 264241152 0 0 1879048192 0 0 0 0 0 0 0 0 0 64 0 0 0 0 0 0 0 0 0 2195456 0 0 64880640 0 0 249561088 0 0 3758096384 0 0 0 12 0 0 704 0 0 8192 0 0 67840 128 0 0 0 0 0 512 0 0 8192 0 0 65536
is_linear=0
shrinkage=0.05


Tree=83
num_leaves=31
num_cat=0
split_feature=16 16 15 28 0 36 30 17 27 10 1 43 30 1 27 1 20 40 0 14 43 0 7 27 16 35 0 10 18 10
split_gain=708.422 410.099 568.458 516.389 473.562 443.985 358.225 440.742 406.518 605.563 857.245 734.478 675.768 520.601 445.158 385.055 364.111 337.292 329.943 432.655 309.514 767.239 636.214 571.276 439.838 464.451 339.649 283.277 306.649 267.428
threshold=1.2192786931991579 3.0958734750747685 2.9415899515151982 1001.0634155273439 17.250000000000004 81.655025482177749 280.06250000000006 2.4602780342102055 1009.0600585937501 1.7408710718154909 87.750000000000014 6.5076856613159189 986.56250000000011 72.250000000000014 1004.1790466308595 84.750000000000014 1.6424544453620913 3.3610295057296757 16.250000000000004 3.1105951070785527 4.1143715381622323 20.250000000000004 2.5000000000000004 1006.2798156738282 2.4695020914077763 15.402317047119142 20.250000000000004 2.769425749778748 1.5621125698089602 1.0975689888000491
decision_type=2 2 2 2 2 2 2 2 2 2 2 2 2 2 2 2 2 2 2 2 2 2 2 2 2 2 2 2 2 2
left_child=-1 2 5 -3 17 6 7 27 13 12 11 -11 29 -8 15 -15 -14 -5 19 -16 21 -7 23 26 25 -24 -22 28 -2 -10
right_child=1 3 -4 4 -6 20 8 -9 9 10 -12 -13 16 14 18 -17 -18 -19 -20 -21 22 -23 24 -25 -26 -27 -28 -29 -30 -31
leaf_value=-0.0018428791185359052 0.0015733632594487205 0.034161188107637179 -0.022904644275943669 0.031998582836004555 -0.0067072920081412586 0.02390376468375268 0.010598244286540074 -0.023510984348727854 -0.0029826726520284078 0.033020922240635263 -0.017470914922750467 -0.00097123241987832117 0.018875315999846248 0.0025754693640504317 -5.6898098572991861e-05 0.019872353150602123 0.041706767002107674 0.0052722818042748656 -0.0079857609098170808 0.023210906967360612 0.011296070065213881 -0.0042826165332045356 -0.0082769638888776833 -0.0081680494765220511 -0.0019605928930394876 -0.036238333532944915 -0.011258995149230129 0.017004459503622341 -0.011149804167466443 0.014134548224290985
leaf_weight=243717 20311 2050 2325 2062 3871 3545 17253 2120 4424 2472 4154 4416 6234 8692 42270 5102 2438 2755 13099 2087 9657 7517 2660 11870 3651 3374 2009 2262 6165 4696
leaf_count=243717 20311 2050 2325 2062 3871 3545 17253 2120 4424 2472 4154 4416 6234 8692 42270 5102 2438 2755 13099 2087 9657 7517 2660 11870 3651 3374 2009 2262 6165 4696
internal_value=-1.95454e-05 0.00214243 0.00161775 0.0116505 0.00630581 0.00191514 0.00322779 -0.00156544 0.00448837 0.00964353 0.000444296 0.0112582 0.0153493 0.00280794 0.000920313 0.00898285 0.0253347 0.0167555 -0.00101656 0.00104284 -0.00247746 0.0047636 -0.00488932 -0.000448876 -0.0156687 -0.0239461 0.00740555 6.10966e-05 -0.00139235 0.00583702
internal_weight=449258 205541 194803 10738 8688 192478 148195 30858 117337 28834 11042 6888 17792 88503 71250 13794 8672 4817 57456 44357 44283 11062 33221 23536 9685 6034 11666 28738 26476 9120
internal_count=449258 205541 194803 10738 8688 192478 148195 30858 117337 28834 11042 6888 17792 88503 71250 13794 8672 4817 57456 44357 44283 11062 33221 23536 9685 6034 11666 28738 26476 9120
is_linear=0
shrinkage=0.05


Tree=84
num_leaves=31
num_cat=0
split_feature=0 16 17 43 24 35 39 14 11 10 29 30 27 0 28 26 36 24 35 21 39 16 36 20 11 24 0 1 41 1
split_gain=662.856 719.076 723.086 699.781 618.642 599.914 531.729 513.999 442.877 544.621 433.816 410.858 378.004 584.858 507.318 394.176 380.974 346.769 318.52 317.168 309.928 301.624 602.561 636.143 457.849 658.755 288.578 399.161 308.172 283.972
threshold=17.750000000000004 2.494888544082642 2.117950558662415 4.8175647258758554 27.436309814453129 14.348506927490236 0.93178918957710277 2.4221402406692509 2.871535181999207 2.8130500316619877 0.99728775024414074 36.312500000000007 1004.1050720214845 20.750000000000004 999.81063842773449 8.3844995498657244 140.24591827392581 27.936309814453129 7.5087547302246103 1.429599463939667 0.54174721240997326 1.8659929633140566 81.655025482177749 1.4813175201416018 1.5628781318664553 27.982940673828129 26.750000000000004 69.750000000000014 2.5322756767272954 84.250000000000014
decision_type=2 2 2 2 2 2 2 2 2 2 2 2 2 2 2 2 2 2 2 2 2 2 2 2 2 2 2 2 2 2
left_child=1 2 10 -4 -3 20 7 -6 9 12 11 -1 13 14 -2 26 29 -16 -9 -11 -5 22 24 -24 -13 -26 27 -14 -28 -15
right_child=8 4 3 5 6 -7 -8 18 -10 19 -12 21 15 16 17 -17 -18 -19 -20 -21 -22 -23 23 -25 25 -27 28 -29 -30 -31
leaf_value=-0.014038956578053872 0.023301762179768773 -0.015036866456765319 0.011409851694735131 0.0068213407851907496 0.0029577125153141533 -0.038569488157334603 0.0074408914814691075 0.022176389750318458 -0.019440386154630774 0.0040144230231460394 0.0091876354367118537 0.00082121921778775071 0.016364794934254686 -0.0010792400141245119 0.017673472641663523 -0.02108831408272378 -0.012007341220865867 -0.0036295992677696509 0.047217483313469248 0.030407105483170396 -0.014907092042452205 0.006115908560925345 -0.0050356804712985105 -0.036118377889379417 0.038437123169491411 -0.0018748262713555821 -0.0023264684594295109 -0.0059591925727929445 0.0039564244356425551 0.0066298939115329997
leaf_weight=4280 5022 2165 3106 2173 2140 2225 14998 3316 3355 2543 19793 55935 2061 57158 2828 2882 6602 5836 2087 2056 6633 28429 9017 2005 2011 2031 96050 60917 24484 15091
leaf_count=4280 5022 2165 3106 2173 2140 2225 14998 3316 3355 2543 19793 55935 2061 57158 2828 2882 6602 5836 2087 2056 6633 28429 9017 2005 2011 2031 96050 60917 24484 15091
internal_value=3.70681e-05 0.00259016 0.00117998 -0.00952757 0.0104426 -0.0154279 0.0128955 0.0237168 -0.00140773 -0.00119367 0.00240633 0.00111134 -0.0014753 0.00113694 0.0106741 -0.00277217 -0.000519553 0.00333626 0.0319183 0.0158537 -0.00954365 0.00176485 2.20028e-05 -0.0107175 0.00199707 0.0182268 -0.00248339 -0.00522614 -0.00105001 0.000531699
internal_weight=449229 162344 137638 14137 24706 11031 22541 7543 286885 283530 123501 103708 278931 92537 13686 186394 78851 8664 5403 4599 8806 99428 70999 11022 59977 4042 183512 62978 120534 72249
internal_count=449229 162344 137638 14137 24706 11031 22541 7543 286885 283530 123501 103708 278931 92537 13686 186394 78851 8664 5403 4599 8806 99428 70999 11022 59977 4042 183512 62978 120534 72249
is_linear=0
shrinkage=0.05


Tree=85
num_leaves=31
num_cat=1
split_feature=0 16 23 17 37 43 16 39 33 12 10 19 19 9 17 34 17 0 34 10 24 16 17 24 24 29 36 36 37 34
split_gain=620.152 643.457 656.815 639.356 589.392 564.448 557.111 535.757 617.888 522.395 802.426 560.47 434.336 415.399 336.865 318.376 446.214 390.649 611.626 318.334 291.182 265.735 266.762 253.391 246.535 238.717 238.523 232.653 230.754 235.096
threshold=17.750000000000004 2.494888544082642 27.092285156250004 2.098324298858643 -0.30046701431274409 4.8175647258758554 1.8937367200851443 0.93178918957710277 16.609727859497074 2.7520648241043095 2.68965756893158 1.3692304491996767 1.8164067864418032 0 1.7559028267860415 -5.5608215332031241 2.4937113523483281 20.750000000000004 -9.6922912597656232 1.9142090678215029 28.804962158203129 2.1357363462448125 2.3685500621795659 28.098907470703129 28.004180908203129 0.84563827514648449 82.825183868408217 9.1967582702636737 1.3406388759613039 -5.1915588378906241
decision_type=2 2 2 2 2 2 2 2 2 2 2 2 2 9 2 2 2 2 2 2 2 2 2 2 2 2 2 2 2 2
left_child=1 3 -3 4 6 -5 14 8 -4 10 13 -12 21 -2 26 17 27 18 -15 23 28 -7 -23 -8 -20 -22 -1 -17 29 -6
right_child=9 2 7 5 20 12 19 -9 -10 -11 11 -13 -14 15 -16 16 -18 -19 24 -21 25 22 -24 -25 -26 -27 -28 -29 -30 -31
leaf_value=-0.0018650707765865094 0.010250335978770238 -0.013041016514585991 0.043410590676844718 0.0096958071628595027 0.017421603444068456 -0.022463421597446132 0.0051449983351282615 0.0072400919250614794 0.012987399344299794 -0.016935285758334612 0.0046244307302305467 0.039198164806319775 -0.029112202492566516 0.028652091055225266 -0.023785147393176116 0.0025946264944432338 -0.022408705341876618 -0.0012814808409367683 0.011723355549737201 0.00048809988135361745 -0.0059953773027238214 0.004849688068042618 -0.016715926748157167 0.027034985929552932 -0.0029677760542193106 0.0043348576949888392 -0.012670970616963546 -0.0045976866606594865 0.015734145040963769 0.0047276209520391915
leaf_weight=27927 7320 2775 2585 3303 4042 2250 2579 14734 4715 5320 2808 2006 3277 2700 2248 13203 3234 162907 4493 7715 8543 4200 2165 2715 7798 16147 6241 75541 7136 36748
leaf_count=27927 7320 2775 2585 3303 4042 2250 2579 14734 4715 5320 2808 2006 3277 2700 2248 13203 3234 162907 4493 7715 8543 4200 2165 2715 7798 16147 6241 75541 7136 36748
internal_value=-3.28795e-05 0.00244039 0.00984909 0.00110046 0.00230486 -0.00856803 -0.00190667 0.0127365 0.0238052 -0.00142776 -0.00113463 0.0190827 -0.0136447 -0.00148642 -0.00507927 -0.00180544 -0.00419371 -0.000570576 0.00715053 0.00697145 0.00517124 -0.00773418 -0.00250038 0.016401 0.00240776 0.000759507 -0.00384197 -0.00352747 0.00744339 0.00598947
internal_weight=449375 162045 24809 137236 122041 15195 49425 22034 7300 287330 282010 4814 11892 277196 36416 269876 91978 177898 14991 13009 72616 8615 6365 5294 12291 24690 34168 88744 47926 40790
internal_count=449375 162045 24809 137236 122041 15195 49425 22034 7300 287330 282010 4814 11892 277196 36416 269876 91978 177898 14991 13009 72616 8615 6365 5294 12291 24690 34168 88744 47926 40790
cat_boundaries=0 1
cat_threshold=3
is_linear=0
shrinkage=0.05


Tree=86
num_leaves=31
num_cat=6
split_feature=5 30 16 12 16 17 5 10 5 38 27 38 4 5 10 14 21 31 30 43 5 16 17 21 14 35 5 43 22 27
split_gain=651.689 506.95 369.486 470.094 628.945 542.929 534.168 413.953 368.873 564.063 399.623 285.123 260.774 278.199 547.898 451.211 306.398 302.977 210.808 270.5 598.711 242.779 381.466 251.383 227.389 256.439 221.891 196.335 193.872 188.55
threshold=0 98.312500000000014 3.5430523157119755 2.9079533815383916 2.3523837327957158 2.098324298858643 1 1.759283244609833 2 2.9814736843109135 1005.6322631835939 1.0934458971023562 1.0000000180025095e-35 3 1.6176803708076479 2.7086830139160161 1.5711294412612917 85.13068008422853 2138.6250000000005 5.0301272869110116 4 2.8135528564453129 2.4602780342102055 1.8788827657699587 1.7749651670455935 9.8862648010253924 5 0.76962146162986766 8.8076591491699237 1010.2857971191407
decision_type=9 2 2 2 2 2 9 2 9 2 2 2 2 9 2 2 2 2 2 2 9 2 2 2 2 2 9 2 2 2
left_child=1 -1 3 4 5 27 -5 -7 9 -6 11 -10 13 14 15 17 -16 -3 19 20 -15 22 23 24 25 -21 -20 -2 -23 -26
right_child=2 12 -4 6 8 7 -8 -9 10 -11 -12 -13 -14 18 16 -17 -18 -19 26 21 -22 28 -24 -25 29 -27 -28 -29 -30 -31
leaf_value=-0.0039252081262555532 -0.0080326123741605113 0.00097457788843574936 0.017796522241192769 -0.035193218076829812 0.021511786109570594 -0.0052832001982439465 -0.0037626006669151469 -0.030363568251897441 0.025731594349807058 -0.0061447849176498141 -0.0081920258478791076 -0.0001274162618146397 -0.0038204968355562588 0.033677537099035273 0.013195708826636249 -0.016712701374272613 0.032369175868072454 0.017047036154813344 0.024118126989427641 5.3042532235091087e-06 0.0042986909451330751 0.0023924875828752849 -0.01951183386830075 -0.014325902849634337 0.0023544473548019586 -0.021099608707946985 0.0061368012124917836 -0.0010682592479400756 0.023328272470807484 0.016101560426202626
leaf_weight=21688 10494 7766 2533 2133 7268 4002 3665 2790 2027 2464 5479 2236 8707 2027 8778 2370 2736 4702 2271 4594 11442 2452 2450 2578 29079 2086 6980 277001 2008 2719
leaf_count=21688 10494 7766 2533 2133 7268 4002 3665 2790 2027 2464 5479 2236 8707 2027 8778 2370 2736 4702 2271 4594 11442 2452 2450 2578 29079 2086 6980 277001 2008 2719
internal_value=1.04194e-05 0.00303679 -0.00118705 -0.00133812 -0.00107717 -0.00165312 -0.0154332 -0.0156151 0.00762285 0.0144955 0.000733769 0.0121996 0.0044652 0.00520898 0.00959265 0.00324136 0.0177759 0.00704471 0.00357174 0.00251169 0.0087699 0.000752908 -0.000387104 0.00075863 0.00177274 -0.00660693 0.0106049 -0.00132274 0.0118494 0.00353464
internal_weight=449525 127433 322092 319559 313761 294287 5798 6792 19474 9732 9742 4263 105745 97038 26352 14838 11514 12468 70686 61435 13469 47966 43506 41056 38478 6680 9251 287495 4460 31798
internal_count=449525 127433 322092 319559 313761 294287 5798 6792 19474 9732 9742 4263 105745 97038 26352 14838 11514 12468 70686 61435 13469 47966 43506 41056 38478 6680 9251 287495 4460 31798
cat_boundaries=0 32 48 77 106 113 120
cat_threshold=456 0 0 14768 0 0 163584 0 0 290816 0 0 196608 0 0 0 0 0 16777216 0 0 0 0 0 0 0 0 0 2560 0 0 61440 0 0 0 512 0 0 0 0 0 0 0 0 65011712 0 0 134217728 48 0 0 1536 0 0 98304 0 0 3211264 0 0 4194304 0 0 0 0 0 0 0 0 0 0 0 0 0 0 0 8192 8 0 0 0 0 0 7168 0 0 28672 0 0 196608 0 0 0 0 0 0 0 0 0 0 0 0 0 0 0 512 448 0 0 12304 0 0 512 0 0 0 8240 0 0 17152
is_linear=0
shrinkage=0.05


Tree=87
num_leaves=31
num_cat=0
split_feature=0 33 35 41 27 0 35 41 28 30 30 43 11 0 1 17 23 30 13 41 35 1 38 1 30 11 28 17 30 30
split_gain=468.922 429.266 446.735 587.358 380.273 671.165 443.735 366.386 379.673 543.85 365.421 329.745 310.051 298.347 426.712 291.46 305.345 365.148 351.927 306.959 311.923 266.454 268.337 263.62 361.496 252.18 301.702 363.131 294.029 250.619
threshold=17.250000000000004 21.124032020568851 21.463871002197269 5.9465038776397714 1004.246795654297 20.250000000000004 14.348506927490236 6.3446319103240976 1007.8903198242189 635.31250000000011 60.812500000000007 7.6537566184997567 1.4505172967910769 25.250000000000004 69.250000000000014 2.9578053951263432 26.24875640869141 1178.5625000000002 1.1006069779396059 6.38470482826233 3.6969184875488286 78.750000000000014 1.1479814052581789 81.250000000000014 741.31250000000011 0.61454549431800853 1005.7153320312501 2.4602780342102055 878.06250000000011 428.81250000000006
decision_type=2 2 2 2 2 2 2 2 2 2 2 2 2 2 2 2 2 2 2 2 2 2 2 2 2 2 2 2 2 2
left_child=1 2 10 -4 5 6 21 -3 23 -10 -1 29 -5 14 -6 16 18 19 -12 -18 -21 -2 -23 24 -9 -16 28 -28 -27 -7
right_child=4 7 3 12 13 11 -8 8 9 -11 15 -13 -14 -15 25 -17 17 -19 -20 20 -22 22 -24 -25 -26 26 27 -29 -30 -31
leaf_value=-0.0088673306713366387 0.016412074828818998 -0.0074147259631935514 0.0034915243621722065 -0.0073605940085120407 0.014011471818113012 -0.0036543492762651925 0.021793658141235697 -0.014058749338764404 -0.0038120860907202795 0.0221475870136882 0.0065610372963519209 -0.018501467489713343 -0.034520177399035006 -0.0010349108094842331 -0.0025013721074468487 0.022299142375561687 0.0046983919974951435 0.0075558392695452697 0.027024509085463191 0.0034896180648028353 -0.0093568155700108017 0.0060505204883056878 -0.014742400186761755 -0.0088429354275644852 0.010268873670936117 -0.0003386153527123544 -0.011256575533742368 -0.034146769741759141 -0.01166869737291472 0.0021273860101297076
leaf_weight=4578 3160 18029 6690 2213 2756 28551 5811 2050 3591 4587 5983 2432 2003 128865 27491 2528 24651 41409 3236 8397 10784 4491 2358 8062 5896 12186 8971 2144 10793 54514
leaf_count=4578 3160 18029 6690 2213 2756 28551 5811 2050 3591 4587 5983 2432 2003 128865 27491 2528 24651 41409 3236 8397 10784 4491 2358 8062 5896 12186 8971 2144 10793 54514
internal_value=4.83147e-05 0.00227732 0.00389091 -0.00572174 -0.00112242 0.00135849 0.0108156 -0.00202161 0.002 0.0107578 0.00492356 -0.000392469 -0.0203151 -0.00242342 -0.00520378 0.00557536 0.00512548 0.00418954 0.0137655 0.00100832 -0.00373405 0.00442656 -0.0011192 -0.00247804 0.00398277 -0.00606582 -0.00893837 -0.0156986 -0.005663 0.000139894
internal_weight=449210 154687 112472 10906 294523 101317 15820 42215 24186 8178 101566 85497 4216 193206 64341 96988 94460 85241 9219 43832 19181 10009 6849 16008 7946 61585 34094 11115 22979 83065
internal_count=449210 154687 112472 10906 294523 101317 15820 42215 24186 8178 101566 85497 4216 193206 64341 96988 94460 85241 9219 43832 19181 10009 6849 16008 7946 61585 34094 11115 22979 83065
is_linear=0
shrinkage=0.05


Tree=88
num_leaves=31
num_cat=11
split_feature=5 30 41 5 5 12 41 5 5 30 10 5 32 33 5 12 14 43 5 38 14 5 41 41 5 12 38 13 30 5
split_gain=501.776 407.661 380.088 405.254 339.753 339.296 319.057 1028.52 560.874 543.179 468.545 396.188 388.497 386.723 348.306 308.123 301.226 303.698 294.092 267.818 307.374 398.848 743.486 331.301 278.03 254.171 309.066 380.927 340.145 250.199
threshold=0 215.31250000000003 7.3622689247131357 1 2 3.3417527675628667 6.0635218620300302 3 4 1432.3125000000002 2.5761331319808964 5 696.51208496093761 17.876543998718265 6 1.4361532330513003 1.9123548865318301 4.4672977924346933 7 3.5773894786834721 2.6283648014068608 8 5.6839654445648202 6.6656799316406259 9 1.0662164092063906 -1.3373486995697019 1.2034218907356264 1027.8125000000002 10
decision_type=9 2 2 9 9 2 2 9 9 2 2 9 2 2 9 2 2 2 9 2 2 9 2 2 9 2 2 2 2 9
left_child=1 4 5 -4 -1 19 7 12 -8 14 13 -12 -3 -11 15 -10 17 -9 -19 20 24 22 -22 -24 -2 -16 27 -27 -28 -15
right_child=2 6 3 -5 -6 -7 8 16 9 10 11 -13 -14 29 25 -17 -18 18 -20 -21 21 -23 23 -25 -26 26 28 -29 -30 -31
leaf_value=-0.013833747866734797 -0.0093437390776191977 0.037823121154552289 0.021071555771566549 0.0013249501544471132 0.00013382265104773205 -0.021338901835517385 0.013535155273650496 0.0043111026146141623 -0.0058216762315305764 0.017338470861201546 0.0048349586862696378 -0.024730732300279168 0.014618053384768438 0.01209414210303556 0.0044501145235969963 0.012583165735879679 0.010979617562777162 0.002338169654612296 -0.021789164043995304 -0.01399696219849729 0.024140453147556185 0.0140678314655261 -0.022079813447551864 0.0015908159649630129 -0.0010938928377014758 -0.020368139479844369 -0.025188125624520847 0.0037886068647803531 -0.0054883838485205866 -0.0035330426676060951
leaf_weight=5230 10577 3241 3851 7926 25509 2095 9490 9548 4274 8547 2530 2027 4100 4385 3499 4839 8301 2319 2754 4024 2019 7525 3126 2794 282235 2281 5090 5665 3854 6106
leaf_count=5230 10577 3241 3851 7926 25509 2095 9490 9548 4274 8547 2530 2027 4100 4385 3499 4839 8301 2319 2754 4024 2019 7525 3126 2794 282235 2281 5090 5665 3854 6106
internal_value=2.64152e-05 0.00273927 -0.00100161 0.00781336 -0.00225083 -0.00133208 0.00439165 0.00860589 0.00235287 0.000349482 0.00600305 -0.00838508 0.0248666 0.00944963 -0.00417249 0.00395004 0.00337734 -0.00094106 -0.0108153 -0.00119719 -0.00102966 0.00583825 -0.00198526 -0.0109244 -0.00139256 -0.00780117 -0.0103449 -0.00316278 -0.016715 0.00301222
internal_weight=449761 123589 326172 11777 30739 314395 92850 30263 62587 53097 23595 4557 7341 19038 29502 9113 22922 14621 5073 312300 308276 15464 7939 5920 292812 20389 16890 7946 8944 10491
internal_count=449761 123589 326172 11777 30739 314395 92850 30263 62587 53097 23595 4557 7341 19038 29502 9113 22922 14621 5073 312300 308276 15464 7939 5920 292812 20389 16890 7946 8944 10491
cat_boundaries=0 32 48 61 74 84 94 107 117 136 165 178
cat_threshold=472 0 0 14736 0 0 195328 0 0 290816 0 0 196608 0 0 0 0 0 0 0 0 0 0 0 0 0 0 0 2560 0 0 61696 35 0 0 0 0 0 0 0 0 1048576 0 0 12582912 0 0 134217728 0 0 0 0 0 0 4864 0 0 8192 0 0 131072 448 0 0 6144 0 0 25088 0 0 266240 0 0 131072 24 0 0 0 0 0 256 0 0 4096 64 0 0 272 0 0 12800 0 0 270336 64 0 0 16 0 0 131072 0 0 8192 0 0 196608 0 0 0 384 0 0 6144 0 0 16384 516 0 0 64 0 0 0 0 0 720896 0 0 12582912 0 0 134217728 0 0 16777216 32 0 0 1024 0 0 0 0 0 1179648 0 0 0 0 0 0 0 0 0 0 0 0 0 0 0 0 0 0 64 128 0 0 144 0 0 57856 0 0 0 0 0 131072
is_linear=0
shrinkage=0.05


Tree=89
num_leaves=31
num_cat=1
split_feature=16 12 30 17 34 31 1 40 43 39 10 0 1 39 34 30 12 9 30 12 10 10 30 1 12 19 44 34 11 24
split_gain=507.522 753.562 924.6 568.118 555.75 531.251 404.565 635.14 376.169 374.817 537.22 358.783 657.982 518.906 509.302 507.283 484.676 332.406 330.054 292.84 273.034 238.594 211.008 327.767 639.577 486.306 430.892 385.202 346.32 620.582
threshold=2.1180506944656377 2.4763119220733647 273.31250000000006 2.0782005786895756 -9.4998779296874982 83.928398132324233 74.250000000000014 3.8440748453140263 7.2203521728515634 1.3543491959571841 3.1693751811981206 17.750000000000004 84.750000000000014 0.70399096608161937 -3.7273254394531246 1619.8750000000002 1.5687090158462527 0 821.81250000000011 1.9071556925773623 1.5467063784599306 0.6352953612804414 31.937500000000004 81.750000000000014 1.103199362754822 1.4834912419319155 7.6443748474121103 -6.8120117187499991 1.6002226471900942 27.886505126953129
decision_type=2 2 2 2 2 2 2 2 2 2 2 2 2 2 2 2 2 9 2 2 2 2 2 2 2 2 2 2 2 2
left_child=3 2 20 17 -4 -3 -7 -8 -5 10 11 12 15 16 18 -6 -14 -1 -13 -11 -2 -19 -23 28 27 26 -26 -25 -24 -30
right_child=1 5 4 8 9 6 7 -9 -10 19 -12 14 13 -15 -16 -17 -18 21 -20 -21 -22 22 23 24 25 -27 -28 -29 29 -31
leaf_value=0.0091328812013654146 -0.026115158560872903 0.0042437152783502885 0.034289429536251574 -0.0071232224527062061 -0.0081803679591879556 0.0062086215023406943 -0.025873346589333514 0.0044649981079974204 -0.032878127261677458 -0.0074926540378185292 0.035382986811681248 0.022879906683514747 0.049113885122131072 0.012489838045429781 -0.021871253034557107 0.015129837195550833 0.015593984905351367 -0.0019860941532053988 -0.0050190707994029003 0.0090081282879415567 -0.001224583698640206 -0.0041705532973768137 0.0020946151463338085 0.009309034545856262 -0.0071419577464418771 -0.019649121768640098 0.0070604489813099955 -0.00066949257736731958 0.027707892518769157 0.0019113136259466521
leaf_weight=8913 2325 10193 2161 4544 5250 2435 5851 2441 2056 5686 2117 2059 2326 8880 2019 4186 2028 171572 2168 5083 2088 20863 85242 14929 21881 5698 7055 27426 3826 5948
leaf_count=8913 2325 10193 2161 4544 5250 2435 5851 2441 2056 5686 2117 2059 2326 8880 2019 4186 2028 171572 2168 5083 2088 20863 85242 14929 21881 5698 7055 27426 3826 5948
internal_value=6.42793e-05 0.00399914 0.00742747 -0.000653449 0.00961803 -0.00392839 -0.0116904 -0.0169477 -0.0151839 0.00833472 0.011123 0.00933525 0.0122576 0.0194462 -0.00127394 0.00216558 0.0335725 -0.000396185 0.00859263 0.000296896 -0.0143676 -0.000629712 0.000576909 0.00115295 -0.00127171 -0.00631046 -0.00367797 0.00284904 0.00311752 0.0120273
internal_weight=449249 69296 48376 379953 43963 20920 10727 8292 6600 41802 31033 28916 22670 13234 6246 9436 4354 373353 4227 10769 4413 364440 192868 172005 76989 34634 28936 42355 95016 9774
internal_count=449249 69296 48376 379953 43963 20920 10727 8292 6600 41802 31033 28916 22670 13234 6246 9436 4354 373353 4227 10769 4413 364440 192868 172005 76989 34634 28936 42355 95016 9774
cat_boundaries=0 1
cat_threshold=3
is_linear=0
shrinkage=0.05


Tree=90
num_leaves=31
num_cat=1
split_feature=16 34 15 37 8 10 38 12 38 0 18 16 12 21 38 29 1 12 32 37 43 1 39 25 16 38 11 18 39 12
split_gain=412.063 496.269 444.686 466.215 702.658 594.136 694.287 647.321 390.877 365.916 353.87 342.624 363.44 519.275 331.231 352.759 346.719 335.238 295.914 350.568 394.375 278.123 494.099 252.263 226.798 328.326 255.195 220.341 218.518 210.303
threshold=3.0958734750747685 -8.0574951171874982 2.9415899515151982 0.33412933349609381 0 2.1409592628479008 1.2037920951843264 2.2278003692626958 1.1222614049911501 16.750000000000004 1.9528043866157534 2.2689859867095952 2.9993818998336796 1.8654910326004031 3.250890970230103 0.88983535766601574 72.250000000000014 2.0970709323883061 831.50741577148449 -1.6644797325134275 7.1489493846893319 76.250000000000014 0.93178918957710277 5.5964922904968271 1.717008173465729 1.8847451210021975 1.5127744078636172 1.7487035393714907 1.4230660796165469 1.9565813541412356
decision_type=2 2 2 2 1 2 2 2 2 2 2 2 2 2 2 2 2 2 2 2 2 2 2 2 2 2 2 2 2 2
left_child=2 -2 3 11 5 14 7 -7 -6 28 -8 18 13 21 15 27 -17 24 19 20 -1 29 -23 -11 25 -18 -26 -5 -3 -13
right_child=1 9 -4 4 8 6 10 -9 -10 23 -12 12 -14 -15 -16 16 17 -19 -20 -21 -22 22 -24 -25 26 -27 -28 -29 -30 -31
leaf_value=-0.004123399889679219 0.031862985059190718 0.026733273452544511 -0.021609551332041135 -0.0039170189244021611 0.0042568078844622582 0.035991718043077194 -0.01680792922792523 0.001815654007049266 0.014499497019112887 0.0073710851024345525 0.0092091297784794527 -0.014097739822425735 -0.0090823247584541425 0.023200130116871914 -0.01962881498842288 0.017749425238976751 0.0017085074574526679 -0.017029034210404713 0.0019128285376751723 -0.0019314960700402705 -0.024329175267790999 0.02049226943245748 -2.9788466846584367e-05 -0.016323069733568684 0.01486639339441091 -0.016983378582577226 -0.0053823237719981109 -0.019975004630809572 0.0039132204546627226 0.0043824419361608328
leaf_weight=6871 2035 2048 2405 28727 26261 3507 2375 2288 14435 2075 2882 3255 4275 3969 2520 3233 20047 2479 49221 227773 3718 4649 7917 2428 5721 2651 2130 2299 2148 2906
leaf_count=6871 2035 2048 2405 28727 26261 3507 2375 2288 14435 2075 2882 3255 4275 3969 2520 3233 20047 2479 49221 227773 3718 4649 7917 2428 5721 2651 2130 2299 2148 2906
internal_value=2.37931e-05 0.00969794 -0.000213228 -9.47411e-05 0.00253496 -0.000162156 0.010604 0.0225246 0.00789259 0.00448213 -0.00255442 -0.001111 0.00427645 0.00679559 -0.00186795 -0.00119996 0.0021486 0.000616582 -0.00161639 -0.00234522 -0.0112343 0.00330829 0.00757294 -0.00541257 0.0020536 -0.000481118 0.009373 -0.00511295 0.0150884 -0.00538809
internal_weight=449248 10734 438514 436109 121555 80859 11052 5795 40696 8699 5257 314554 26971 22696 69807 67287 36261 33028 287583 238362 10589 18727 12566 4503 30549 22698 7851 31026 4196 6161
internal_count=449248 10734 438514 436109 121555 80859 11052 5795 40696 8699 5257 314554 26971 22696 69807 67287 36261 33028 287583 238362 10589 18727 12566 4503 30549 22698 7851 31026 4196 6161
cat_boundaries=0 1
cat_threshold=2
is_linear=0
shrinkage=0.05


Tree=91
num_leaves=31
num_cat=6
split_feature=5 29 5 27 25 41 10 1 30 13 41 12 16 20 16 5 5 16 12 27 19 43 24 5 14 39 33 41 27 5
split_gain=495.649 539.031 441.81 424.331 412.19 378.912 355.436 299.447 267.471 276.698 285.582 263.631 466.103 269.864 342.772 313.289 257.652 226.531 331.267 210.633 185.406 431.7 180.186 173.594 257.043 227.008 240.991 176.651 176.267 395.175
threshold=0 0.57394027709960949 1 1001.9589843750001 8.7145018577575701 8.3429470062255877 1.8942949771881106 73.750000000000014 1304.9375000000002 2.0712348222732548 6.5951135158538827 3.3417527675628667 2.9076136350631718 1.8182420730590823 2.4695020914077763 2 3 2.1357363462448125 2.574183583259583 1007.391571044922 1.1836328506469729 5.834646701812745 38.564605712890632 4 2.5467479228973393 1.1896421909332278 12.39417600631714 4.4438555240631112 1004.5941467285157 5
decision_type=9 2 9 2 2 2 2 2 2 2 2 2 2 2 2 9 9 2 2 2 2 2 2 9 2 2 2 2 2 9
left_child=1 2 6 4 -3 11 7 -1 9 16 -11 12 13 22 15 -15 20 -10 19 -19 -5 -22 23 27 25 28 -27 -2 -25 -30
right_child=5 3 -4 8 -6 -7 -8 -9 17 10 -12 -13 -14 14 -16 -17 -18 18 -20 -21 21 -23 -24 24 -26 26 -28 -29 29 -31
leaf_value=-0.032889132261554203 -0.0031220625401308724 0.034896286998082782 0.0014065476242458303 -0.00035221123387471149 0.0043781662810774254 0.016384201158040488 0.0035978230212198401 -0.009840492565800699 0.0043924495001758249 0.021360445185786021 0.0026342808631105979 -0.015966259851738711 0.01052114414902462 -0.0048526193619259049 0.002641269931179671 -0.031435256149227896 0.0019422060341369365 0.01044280951637315 -0.0033562224009100225 0.0270702601812669 0.0021996636416852506 -0.02937673019689499 0.0068596468114533148 0.0013365274336420976 0.0058328874978166145 -0.023323546730169644 -0.0035219520277860205 -0.01414423795602412 -0.0069900874937250737 -0.00058576909729662354
leaf_weight=2662 43397 2151 10803 4770 2274 3106 2044 3008 20910 3425 5007 2959 8537 2054 2902 2435 53163 3951 2233 3705 2029 2307 6964 65033 14013 2278 4692 3959 29380 133337
leaf_count=2662 43397 2151 10803 4770 2274 3106 2044 3008 20910 3425 5007 2959 8537 2054 2902 2435 53163 3951 2233 3705 2029 2307 6964 65033 14013 2278 4692 3959 29380 133337
internal_value=5.94882e-05 0.00274264 -0.00512578 0.00411875 0.0192583 -0.000967849 -0.0142473 -0.0207004 0.00345689 0.00176235 0.010257 -0.00113579 -0.000997721 -0.00131481 -0.0107481 -0.0193905 0.000610607 0.007345 0.0135773 0.0185142 -0.00715147 -0.0146297 -0.0010844 -0.00127147 -0.000742999 -0.00113585 -0.0100178 -0.00404546 -0.000863599 -0.00174295
internal_weight=449488 124442 18517 105925 4425 325046 7714 5670 101500 70701 8432 321940 318981 310444 7391 4489 62269 30799 9889 7656 9106 4336 303053 296089 248733 234720 6970 47356 227750 162717
internal_count=449488 124442 18517 105925 4425 325046 7714 5670 101500 70701 8432 321940 318981 310444 7391 4489 62269 30799 9889 7656 9106 4336 303053 296089 248733 234720 6970 47356 227750 162717
cat_boundaries=0 32 45 58 71 103 122
cat_threshold=476 0 0 14736 0 0 32512 0 0 274432 0 0 458752 0 0 0 0 0 0 0 0 0 0 0 0 0 0 0 2560 0 0 63488 276 0 0 8320 0 0 7936 0 0 12288 0 0 458752 0 0 0 0 0 0 65536 0 0 1048576 0 0 8388608 0 0 0 0 0 0 29184 0 0 262144 0 0 131072 0 0 0 0 0 0 0 0 0 131072 0 0 16777216 0 0 0 0 0 553648128 3 0 2415919104 0 0 0 6 0 0 96 0 0 256 32 0 0 1568 0 0 98304 0 0 1638400 0 0 3670016 0 0 260046848 0 0 1342177280
is_linear=0
shrinkage=0.05


Tree=92
num_leaves=31
num_cat=0
split_feature=16 34 0 0 34 1 39 10 23 10 1 26 30 16 39 12 10 19 12 34 32 21 21 41 25 32 31 25 10 26
split_gain=389.019 299.823 510.946 496.018 696.085 576.608 495.492 675.637 472.644 462.16 386.323 413.525 333.173 455.427 608.397 425.416 398.11 1272.89 920.473 672.733 439.395 343.292 311.575 302.038 295.281 449.845 502.298 279.115 271.415 664.108
threshold=1.1601927876472475 -5.3775329589843741 16.750000000000004 20.250000000000004 -9.9899597167968732 78.250000000000014 1.0151324868202212 2.281017661094666 27.969787597656254 1.6516901850700381 72.250000000000014 6.2506566047668466 567.18750000000011 2.2689859867095952 0.61305925250053417 1.7961652874946596 1.7795371413230898 1.4024661779403689 1.837549686431885 -2.5151062011718746 673.82629394531261 1.5407149791717532 1.3319826722145083 8.626657962799074 4.6037955284118661 702.09329223632824 77.866680145263686 5.4851651191711435 2.5761331319808964 9.1663842201232928
decision_type=2 2 2 2 2 2 2 2 2 2 2 2 2 2 2 2 2 2 2 2 2 2 2 2 2 2 2 2 2 2
left_child=-1 3 12 4 -2 -6 9 8 -8 -7 23 -12 27 16 15 -15 19 -18 21 -14 -21 -19 -13 -4 -5 -26 -27 -3 -16 -30
right_child=1 2 10 24 5 6 7 -9 -10 -11 11 22 13 14 28 -17 17 18 -20 20 -22 -23 -24 -25 25 26 -28 -29 29 -31
leaf_value=-0.0014025590507980212 0.035106593542861629 0.0020273929415690999 0.0098680142413173529 0.0034417425717888439 0.018186239944556658 0.00050644145054654815 -0.03680379487859093 0.0058277816002559601 -0.0039740690801121177 0.021995553212765973 -0.0053047242266883142 -0.0077728404715682589 -0.0029234217943673152 0.039365585356778601 0.0094953964887433649 0.01103148723404365 0.0032922629917098213 -0.019891686876693168 -0.0018433551951221984 0.0031429244788617212 0.018801595063816012 -0.047565272002945164 -0.03427011689231934 -0.011668959279420896 0.0093951521996337439 -0.001340264434446568 -0.024492281768686407 -0.0089393296476792099 0.011866184842293891 -0.018427674609440472
leaf_weight=231469 2349 11545 6099 29690 7990 5581 2167 5701 2214 4526 20584 2066 15277 2427 11944 2927 21653 2106 3945 8558 9403 2445 2405 2210 3642 5485 4081 11647 3734 3491
leaf_count=231469 2349 11545 6099 29690 7990 5581 2167 5701 2214 4526 20584 2066 15277 2427 11944 2927 21653 2106 3945 8558 9403 2445 2405 2210 3642 5485 4081 11647 3734 3491
internal_value=2.47664e-05 0.00154102 0.000218667 0.00414238 0.00901277 0.00682591 0.00232317 -0.00551702 -0.0202597 0.0101417 -0.00520662 -0.00830418 0.00184821 0.00325452 0.00903897 0.0239249 0.00101557 -0.00314446 -0.0195337 0.00478879 0.0113465 -0.0348309 -0.0220707 0.00413254 0.000675123 -0.00554181 -0.0112325 -0.00348156 0.00487094 -0.00277654
internal_weight=449361 217892 144466 73426 30528 28179 20189 10082 4381 10107 33364 25055 111102 87910 24523 5354 63387 30149 8496 33238 17961 4551 4471 8309 42898 13208 9566 23192 19169 7225
internal_count=449361 217892 144466 73426 30528 28179 20189 10082 4381 10107 33364 25055 111102 87910 24523 5354 63387 30149 8496 33238 17961 4551 4471 8309 42898 13208 9566 23192 19169 7225
is_linear=0
shrinkage=0.05


Tree=93
num_leaves=31
num_cat=0
split_feature=16 34 0 26 37 0 19 1 33 32 30 1 1 32 21 16 27 39 36 37 13 12 41 41 34 0 28 24 34 12
split_gain=383.078 443.447 408.752 477.44 407.697 489.911 408.68 315.784 384.306 371.983 290.041 502.924 421.39 516.527 331.555 299.287 283.145 278.042 261.896 444.188 277.838 251.444 314.52 233.654 205.417 272.147 193.02 277.93 175.069 171.377
threshold=3.0267024040222172 -7.6570129394531241 16.750000000000004 6.3496310710906991 0.10404473543167116 24.250000000000004 1.8689680099487307 69.250000000000014 21.068736076354984 780.57546997070324 266.56250000000006 73.750000000000014 72.750000000000014 753.44692993164074 1.6741994023323061 1.6834221482276919 1008.3848571777345 1.2400084137916567 82.825183868408217 -1.8643394708633421 1.1642556190490725 1.5230188369750979 5.9068090915679941 7.3622689247131357 -2.6501770019531246 19.750000000000004 1008.2009277343751 28.123077392578129 -9.0944213867187482 2.9993818998336796
decision_type=2 2 2 2 2 2 2 2 2 2 2 2 2 2 2 2 2 2 2 2 2 2 2 2 2 2 2 2 2 2
left_child=4 -2 17 -4 18 6 7 9 10 -6 11 -9 13 -12 15 28 23 -3 20 -20 -1 -17 -23 -16 25 -21 27 -26 -14 -22
right_child=1 2 3 -5 5 -7 -8 8 -10 -11 12 -13 14 -15 16 21 -18 -19 19 24 29 22 -24 -25 26 -27 -28 -29 -30 -31
leaf_value=-0.0016807381549988289 0.026738896428731663 0.027941951469073696 0.011780643636163214 -0.020136762950417542 0.032635938970160087 -0.0013738670441911611 -0.011724502683804426 -0.018950359001935691 -0.0036505861210567522 0.004973427738551384 0.035907226081883091 0.0035680282768529772 0.012724438721921355 0.0068954328460468037 -0.022196246281485796 0.017658287142044538 0.0091645966806665445 0.0040350714767252707 -0.021072875000335278 0.003713062917331731 0.0033496448829623431 0.016930321433800143 -0.0012666884871714863 0.00050187798300438413 -0.03125179097974199 -0.0050540220154214992 -0.0030832958314041033 -0.0050110052718778369 0.0020346041210758123 -0.009935897556467628
leaf_weight=161243 2662 2029 2016 2771 2124 76160 3989 3030 14159 2833 2647 13439 4544 3645 2512 9367 2406 3024 3821 14104 45679 4015 5788 2059 2036 23735 4316 2000 24132 2554
leaf_count=161243 2662 2029 2016 2771 2124 76160 3989 3030 14159 2833 2647 13439 4544 3645 2512 9367 2406 3024 3821 14104 45679 4015 5788 2059 2036 23735 4316 2000 24132 2554
internal_value=4.80104e-05 0.00867404 0.0037648 -0.00669851 -0.000199337 0.00165194 0.00394054 0.00458789 0.0039226 0.0168682 0.00530499 -0.000583936 0.00689175 0.0191381 0.00548301 0.00696775 -0.00469427 0.013671 -0.00146106 -0.00471159 -0.000684808 0.011803 0.00619589 -0.0119931 -0.00335389 -0.00178609 -0.0104463 -0.018293 0.00373236 0.00264424
internal_weight=448839 12502 9840 4787 436337 176849 100689 96700 91743 4957 77584 16469 61115 6292 54823 47846 6977 5053 259488 50012 209476 19170 9803 4571 46191 37839 8352 4036 28676 48233
internal_count=448839 12502 9840 4787 436337 176849 100689 96700 91743 4957 77584 16469 61115 6292 54823 47846 6977 5053 259488 50012 209476 19170 9803 4571 46191 37839 8352 4036 28676 48233
is_linear=0
shrinkage=0.05


Tree=94
num_leaves=31
num_cat=8
split_feature=5 16 24 15 37 8 38 5 5 38 27 5 39 5 30 37 15 4 5 30 40 13 5 32 37 27 21 24 44 29
split_gain=385.535 322.329 607.775 340.879 323.128 575.129 647.258 612.323 441.007 401.515 372.584 350.518 302.443 289.228 256.411 240.174 349.423 216.289 212.222 211.962 214.542 310.933 412.099 221.376 229.71 213.613 385.398 337.51 319.025 281.105
threshold=0 3.2766113281250004 28.604278564453129 3.050673365592957 0.12241226434707643 1 1.4179511070251467 2 3 0.62944114208221447 1003.4942932128907 4 1.3335015177726748 5 234.31250000000003 -1.0166710615158079 2.2026377916336064 1.0000000180025095e-35 6 83.312500000000014 5.0753753185272226 2.1433943510055546 7 1079.903991699219 -1.8643394708633421 1008.5764770507814 1.7593578696250918 28.004180908203129 8.3312849998474139 0.91659164428710949
decision_type=9 2 2 2 2 1 2 9 9 2 2 9 2 9 2 2 2 2 9 2 2 2 9 2 2 2 2 2 2 2
left_child=17 3 -3 4 13 6 8 -8 10 -7 -6 -11 -9 15 -12 16 -2 19 -16 -1 21 23 -23 24 -21 26 27 29 -28 -26
right_child=1 2 -4 -5 5 9 7 12 -10 11 14 -13 -14 -15 18 -17 -18 -19 -20 20 -22 22 -24 -25 25 -27 28 -29 -30 -31
leaf_value=-0.0011303150148622716 -0.014455393665529441 0.028411966222448473 -0.0035596220072239416 -0.019917489976938086 0.017448502454201039 0.0020640907237970212 0.0016017603494981284 -0.013358153379402144 -0.0020420999011804982 0.019685854988638344 -0.0091752657365429778 0.0047148562074415916 -0.034808956254202841 -0.00055535795515213504 0.018296100429870951 -0.0032559995557735772 0.006670350441104248 -0.0059011355160893154 0.0027410572146344069 -0.010828568009374609 -0.010057984441123739 -0.0025291351164563702 0.021769269313873869 0.014168377591439622 -0.0005279287830478967 0.0066558537216286767 0.003461947767886621 -3.6775683613107893e-05 -0.021928157625753508 0.018693002581544483
leaf_weight=23637 10757 2660 3349 2369 5826 26356 6918 8361 43331 7781 3530 7898 2045 115866 2746 70365 2386 7175 10663 2891 2542 2565 5445 4682 2979 30203 2066 23218 3065 5250
leaf_count=23637 10757 2660 3349 2369 5826 26356 6918 8361 43331 7781 3530 7898 2045 115866 2746 70365 2386 7175 10663 2891 2542 2565 5445 4682 2979 30203 2066 23218 3065 5250
internal_value=1.47002e-05 -0.000848803 0.0106169 -0.00105972 -0.000921575 0.00106639 -0.0013368 -0.00993657 0.000918399 0.00583478 0.00654987 0.0121679 -0.0175862 -0.00217248 0.00279717 -0.00441529 -0.010618 0.00250085 0.00595348 0.00305697 0.00422267 0.00466458 0.0140189 0.00365511 0.00294668 0.00354455 0.000974388 0.00304838 -0.011718 0.0117426
internal_weight=448925 333207 6009 327198 324829 125455 83420 17324 66096 42035 22765 15679 10406 199374 16939 83508 13143 115718 13409 108543 84906 82364 8010 74354 69672 66781 36578 31447 5131 8229
internal_count=448925 333207 6009 327198 324829 125455 83420 17324 66096 42035 22765 15679 10406 199374 16939 83508 13143 115718 13409 108543 84906 82364 8010 74354 69672 66781 36578 31447 5131 8229
cat_boundaries=0 32 33 62 81 104 133 149 171
cat_threshold=456 0 0 12688 0 0 162560 0 0 12288 0 0 65536 0 0 0 0 0 16777216 0 0 536870912 0 0 0 128 0 0 6656 0 0 129280 2 529 0 0 3616 0 0 1024 0 0 49152 0 0 14942208 0 0 4194304 0 0 0 0 0 0 15 0 0 112 0 0 8192 3 0 0 3680 0 0 98304 0 0 3981312 0 0 59637760 0 0 800063488 0 0 1073741824 33 0 0 3584 0 0 66560 0 0 3932160 0 0 63176704 0 0 1071644672 0 0 2080374784 0 0 1073741824 4 3 0 0 3072 0 0 0 0 0 3964928 0 0 29097984 0 0 1066401792 0 0 4160749568 3 0 0 0 0 0 0 0 0 96 1 0 0 96 0 0 32768 0 0 524288 0 0 0 0 0 3145728 200 0 0 4368 0 0 133120 0 0 0 0 0 0 0 0 0 0 0 16777216 0 0 536870912
is_linear=0
shrinkage=0.05


Tree=95
num_leaves=31
num_cat=12
split_feature=5 41 34 38 5 5 40 12 30 41 5 37 5 5 30 14 30 5 27 5 5 14 27 40 27 31 5 36 5 5
split_gain=359.411 368.7 573.49 313.309 323.31 289.116 477.645 286.663 275.925 324.59 960.298 426.571 450.633 344.263 352.892 289.007 280.982 329.848 259.062 527.648 523.046 411.767 321.928 284.185 298.004 257.523 538.34 342.989 370.411 308.896
threshold=0 7.3622689247131357 -6.7616577148437491 3.5773894786834721 1 2 2.2952404022216801 3.2124291658401494 83.312500000000014 6.6296374797821054 3 1.2266054153442385 4 5 468.31250000000006 2.8621760606765752 1462.3125000000002 6 1004.246795654297 7 8 2.6283648014068608 1002.1479797363282 1.6107150316238406 1008.0046691894532 73.335502624511733 9 140.24591827392581 10 11
decision_type=9 2 2 2 9 9 2 2 2 2 9 2 9 9 2 2 2 9 2 9 9 2 2 2 2 2 9 2 9 9
left_child=8 3 -3 7 -5 -4 -7 18 -1 10 -10 -12 -13 14 15 -11 17 -15 19 22 -20 -22 -2 -23 -25 26 -21 28 -27 -29
right_child=1 2 5 4 -6 6 -8 -9 9 13 11 12 -14 16 -16 -17 -18 -19 20 25 21 23 -24 24 -26 27 -28 29 -30 -31
leaf_value=-0.0025879469679881526 0.031790934662898326 0.023695159894626734 0.013403158027325597 0.00021688171536465677 -0.025114542891669995 -0.019119151064250259 0.0048788862391059284 -0.016947590219854144 0.029689419388331764 0.0060618341628069072 0.0026058586443562862 0.035717046746783998 0.0059262323988412517 -0.0021954293624936502 0.013720660694292714 -0.017767938788972894 0.0027639494189287007 -0.017038485144904327 -0.0063560415231133848 -0.013543723877933095 -0.0011016040436152162 0.023807658969105697 0.0070794150914904388 0.010826224551808157 -0.010046099694880715 0.0093680904477139483 0.0019991972771514943 0.0077172803381349193 0.0003393386474205505 -0.014416349869992399
leaf_weight=23092 2087 3721 3597 2329 2736 3130 6096 2786 3986 3455 43991 2066 3291 13137 8167 2001 15139 5222 48440 9006 157710 2493 3569 5647 2442 18542 14547 2252 29293 5167
leaf_count=23092 2087 3721 3597 2329 2736 3130 6096 2786 3986 3455 43991 2066 3291 13137 8167 2001 15139 5222 48440 9006 157710 2493 3569 5647 2442 18542 14547 2252 29293 5167
internal_value=4.35049e-05 -0.000827781 0.00644208 -0.00121718 -0.0135382 0.00142099 -0.003271 -0.00101144 0.00233941 0.00347246 0.00614359 0.00422922 0.0175382 0.00044847 0.00714409 -0.0026943 -0.00227728 -0.00643481 -0.000863479 0.00148536 -0.00177888 -0.000460713 0.0162091 0.00908247 0.00452042 0.000424604 -0.0039521 0.00229071 0.00384236 -0.00770547
internal_weight=449137 325590 16544 309046 5065 12823 9226 303981 123547 100455 53334 49348 5357 47121 13623 5456 33498 18359 301195 84463 216732 168292 5656 10582 8089 78807 23553 55254 47835 7419
internal_count=449137 325590 16544 309046 5065 12823 9226 303981 123547 100455 53334 49348 5357 47121 13623 5456 33498 18359 301195 84463 216732 168292 5656 10582 8089 78807 23553 55254 47835 7419
cat_boundaries=0 32 58 68 81 97 107 120 152 181 210 229 255
cat_threshold=456 0 0 14736 0 0 162560 0 0 28672 0 0 65536 0 0 1048576 0 0 16777216 0 0 536870912 0 0 0 0 0 0 7168 0 0 63488 0 0 0 1568 0 0 0 0 0 229376 0 0 29491200 0 0 0 0 0 0 0 0 0 0 0 0 64 35 0 0 32 0 0 65536 0 0 1048576 192 0 0 0 0 0 24576 0 0 4096 0 0 65536 256 0 0 12288 0 0 768 0 0 0 0 0 0 0 0 1048576 8 0 0 8208 0 0 131328 0 0 4096 192 0 0 6144 0 0 512 0 0 8192 0 0 65536 0 0 0 0 0 0 66560 0 0 3178496 0 0 25296896 0 0 0 0 0 0 0 0 0 12 0 0 128 0 0 8192 0 0 256 32 0 0 0 0 0 0 0 0 491520 0 0 29229056 0 0 260046848 0 0 1879048192 2 0 0 0 0 0 0 0 0 64 0 0 0 0 0 0 0 0 0 131072 0 0 6553600 0 0 102760448 0 0 1040187392 0 0 3221225472 1 0 0 272 0 0 64 0 0 0 0 0 0 32768 0 0 262144 0 0 38010880 0 0 241172480 0 0 2952790016 0 0 0 0 0 0 0 0 0 720896 0 0 3932160 0 0 18874368 0 0 0 0 0 2147483648 3 0 0 4
is_linear=0
shrinkage=0.05


Tree=96
num_leaves=31
num_cat=0
split_feature=16 34 0 40 37 7 0 44 14 17 17 44 37 43 43 16 39 22 37 17 18 17 17 28 43 0 28 0 1 44
split_gain=297.561 408.42 347.718 372.369 306.557 727.815 421.553 377.93 406.857 305.568 248.255 221.661 206.392 313.735 325.859 232.304 211.255 201.88 218.788 191.109 266.974 180.097 170.769 161.324 162.17 170.016 154.265 353.538 248.39 244.722
threshold=3.0267024040222172 -8.1139831542968732 18.250000000000004 2.5681040287017827 0.10404473543167116 2.5000000000000004 26.250000000000004 5.5885572433471689 1.8435997366905215 2.682961225509644 2.3395147323608403 4.3957066535949716 -1.9505975842475889 6.6543030738830575 8.7676439285278338 2.1357363462448125 0.54714292287826549 1.7752647399902346 1.0664825439453127 2.020908117294312 1.5874680876731875 1.6206685900688174 2.098324298858643 994.29531860351574 9.3532819747924822 10.750000000000002 1005.9609375000001 13.750000000000002 83.750000000000014 8.0261058807373065
decision_type=2 2 2 2 2 2 2 2 2 2 2 2 2 2 2 2 2 2 2 2 2 2 2 2 2 2 2 2 2 2
left_child=4 -2 3 -3 12 6 17 8 11 21 -10 -7 13 -1 -15 19 -17 -6 -19 23 -21 -9 -20 -14 -25 -26 -18 28 -28 -30
right_child=1 2 -4 -5 5 7 -8 9 10 -11 -12 -13 15 14 -16 16 26 18 22 20 -22 -23 -24 24 25 -27 27 -29 29 -31
leaf_value=0.00039333752802871429 0.027042204373241719 0.026694842823525342 -0.010678551850183335 0.001965613396667181 0.0022827857039500899 -0.0011838241287329613 -0.00040012754286527439 -0.01956658707802221 0.024846362741194963 -0.02801702322237877 0.0015693857456136181 -0.013785339200722255 0.011897756962686294 -0.028453950300950388 -0.0023454349230553838 0.011529220538217401 0.0052510102614089105 0.0054928351148258638 0.014826344231943006 -2.2935976126913938e-06 -0.024039948951515774 -0.0045604715567510168 -0.00072296689564364889 -0.0018430195736456633 -0.0052652984124600052 0.0096124266727799709 -0.0088102402692194128 -0.016116926676330242 0.018867013428879489 -0.0036015531754384593
leaf_weight=4972 2201 2158 3085 5117 26594 33860 42791 2412 2298 2004 2277 3881 2242 2822 2071 5974 10714 34651 12999 2376 2238 11526 2042 205197 2771 6206 2892 3572 2922 2061
leaf_count=4972 2201 2158 3085 5117 26594 33860 42791 2412 2298 2004 2277 3881 2242 2822 2071 5974 10714 34651 12999 2376 2238 11526 2042 205197 2771 6206 2892 3572 2922 2061
internal_value=-5.15313e-05 0.0075326 0.00336567 0.00932768 -0.000270012 0.00133163 0.00357205 -0.00324752 -0.000774944 -0.00980605 0.01329 -0.00248298 -0.00136653 -0.00845598 -0.0174306 -0.00108551 0.00319289 0.00579992 0.00768137 -0.00163023 -0.0116884 -0.00716948 0.0127163 -0.00141526 -0.00155517 0.00501926 0.000941453 -0.00309321 0.00282713 0.00958527
internal_weight=448926 12561 10360 7275 436365 177335 119077 58258 42316 15942 4575 37741 259030 9865 4893 249165 28135 76286 49692 221030 4614 13938 15041 216416 214174 8977 22161 11447 7875 4983
internal_count=448926 12561 10360 7275 436365 177335 119077 58258 42316 15942 4575 37741 259030 9865 4893 249165 28135 76286 49692 221030 4614 13938 15041 216416 214174 8977 22161 11447 7875 4983
is_linear=0
shrinkage=0.05


Tree=97
num_leaves=31
num_cat=2
split_feature=10 37 17 30 11 30 9 23 37 1 22 1 12 38 8 10 17 37 43 10 18 10 12 35 12 30 23 10 1 35
split_gain=276.675 305.441 414.892 412.11 316.924 314.37 281.165 284.488 302.639 327.623 293.067 229.247 354.723 425.8 587.119 376.223 733.556 322.72 294.261 272.924 247.719 526.287 235.47 216.795 188.58 182.395 181.226 178.325 203.483 170.807
threshold=0.57668337225914013 -0.60628122091293324 2.7798656225204472 925.81250000000011 3.2156488895416264 94.312500000000014 0 22.063476562500004 -1.9505975842475889 90.250000000000014 9.3054771423339862 71.750000000000014 2.3422243595123295 3.250890970230103 1 3.0336399078369145 1.7970641255378725 1.2613227367401125 7.8764724731445321 2.68965756893158 1.4031912088394167 1.9534130692481997 0.80474397540092479 9.7384452819824237 1.756275534629822 821.81250000000011 28.344726562500004 0.76846489310264599 87.250000000000014 25.963306427001957
decision_type=2 2 2 2 2 2 9 2 2 2 2 2 2 2 1 2 2 2 2 2 2 2 2 2 2 2 2 2 2 2
left_child=-1 2 6 -4 5 -3 7 -2 9 -9 23 17 13 15 24 18 -17 19 22 -7 -14 -22 27 -10 -15 -20 -24 -13 -29 -12
right_child=1 4 3 -5 -6 11 -8 8 10 -11 29 12 20 14 -16 16 -18 -19 25 -21 21 -23 26 -25 -26 -27 -28 28 -30 -31
leaf_value=-0.0017141684444268387 0.0061151914485335565 -0.0023351435508747911 0.029304073694084568 0.001069534963123026 -0.017712257272259384 0.002198271937229847 0.010191514551309835 -0.0066619303440872968 -0.0034927975485229187 -0.028737445325838946 0.0076892630503379664 0.0014938362086500115 0.0090080484967332581 -0.026064080591894325 0.0089301052898154692 -0.0013650785170014551 0.040157859571964216 0.019881898208589287 -0.0047387244013906349 0.01648628891856049 -0.03027573678760195 -0.0031147331194026203 0.0023718958322024811 -0.013366463775697689 -0.006522535831672692 0.011257800850352382 -0.0029911824398576765 0.0056133079849585502 0.017120158851973766 -0.0082409118493715072
leaf_weight=156858 7089 33776 2038 3505 2032 18285 4005 5292 40462 2459 8241 18092 2284 3136 3163 2254 2003 4216 2024 4081 2285 8015 41585 6438 2046 14595 25343 17243 4941 2105
leaf_count=156858 7089 33776 2038 3505 2032 18285 4005 5292 40462 2459 8241 18092 2284 3136 3163 2254 2003 4216 2024 4081 2285 8015 41585 6438 2046 14595 25343 17243 4941 2105
internal_value=-1.9478e-05 0.000887703 -0.00170987 0.0114846 0.00189082 0.00208191 -0.00267243 -0.00338939 -0.00442733 -0.0136934 -0.00317055 0.00293164 0.00216828 0.00290929 -0.00802785 0.00362247 0.0182206 0.00720832 0.00311916 0.00481153 -0.00586105 -0.00916378 0.00215898 -0.00485072 -0.0183759 0.00930793 0.000340966 0.00517921 0.00818277 0.00444328
internal_weight=449891 293033 81634 5543 211399 209367 76091 72086 64997 7751 57246 175591 149009 136425 8345 128080 4257 26582 123823 22366 12584 10300 107204 46900 5182 16619 66928 40276 22184 10346
internal_count=449891 293033 81634 5543 211399 209367 76091 72086 64997 7751 57246 175591 149009 136425 8345 128080 4257 26582 123823 22366 12584 10300 107204 46900 5182 16619 66928 40276 22184 10346
cat_boundaries=0 1 2
cat_threshold=52 2
is_linear=0
shrinkage=0.05


Tree=98
num_leaves=31
num_cat=1
split_feature=0 16 39 14 11 24 13 9 40 21 38 17 16 17 14 1 23 27 36 11 41 11 40 38 40 14 16 20 16 23
split_gain=253.808 403.495 370.238 488.357 349.444 304.519 279.154 275.565 273.743 254.03 580.846 237.647 287.779 429.525 317.096 315.807 415.097 290.142 280.345 310.985 203.84 231.977 254.058 213.734 189.548 204.154 188.702 178.424 171.764 156.261
threshold=17.250000000000004 2.7355540990829472 1.8681163191795351 3.1887365579605107 3.01708996295929 26.704132080078129 1.1452220082283022 0 2.9298567771911626 1.9006081819534304 1.0424298644065859 2.4937113523483281 2.1003898382186894 1.7835039496421816 2.5467479228973393 76.250000000000014 28.031127929687504 1006.5075683593751 91.33386611938478 1.5628781318664553 5.819725990295411 1.3795242905616762 2.6360182762146001 2.3633146286010747 3.7125298976898198 2.5864982604980473 1.8523730635643008 1.5439044833183291 1.717008173465729 27.849792480468754
decision_type=2 2 2 2 2 2 2 9 2 2 2 2 2 2 2 2 2 2 2 2 2 2 2 2 2 2 2 2 2 2
left_child=1 5 3 8 7 6 -1 24 -3 11 -11 12 13 17 29 16 -14 28 19 26 23 22 -22 -17 25 -2 27 -19 -7 -15
right_child=4 2 -4 -5 -6 9 -8 -9 -10 10 -12 -13 15 14 -16 20 -18 18 -20 -21 21 -23 -24 -25 -26 -27 -28 -29 -30 -31
leaf_value=0.003224955101678416 0.0063419210060414316 0.016036571964335913 -0.0099203561410390138 0.033262546983343431 -0.017626808023475899 0.0039584253152456245 0.02037312206177469 -0.0010071178310742347 -0.0014360759368925876 0.00089324550744305392 -0.031760835079041053 -0.012845890747891928 -0.010838659129466849 0.0002321526338732251 -0.025549962816556717 0.0274211946138215 0.01446396545841795 -0.0002469372526624839 -0.009596465002570503 0.014657035201248418 0.024276060858032893 0.00091968604981881993 0.0030467558199380792 0.0061450627142822329 -0.0041324740016790316 0.024831307725397676 0.0086351272616459942 -0.010463711366760319 0.015687658120669409 -0.012374796541750954
leaf_weight=7142 5423 4854 2000 2419 3077 12188 3548 281244 4155 4191 2007 3169 5256 5804 2330 2641 2332 44355 7448 3725 2880 8761 2757 2141 2633 2056 5367 4719 4191 4253
leaf_count=7142 5423 4854 2000 2419 3077 12188 3548 281244 4155 4191 2007 3169 5256 5804 2330 2641 2332 44355 7448 3725 2880 8761 2757 2141 2633 2056 5367 4719 4191 4253
internal_value=-3.12518e-05 0.00160893 0.00988804 0.0133603 -0.000892685 0.000820983 0.00893014 -0.000715358 0.00798543 0.000156159 -0.00971474 0.000649028 0.00100306 -0.000294902 -0.00896918 0.00557788 -0.00305367 0.00101649 -0.000469852 0.000700235 0.00899252 0.00601435 0.0139168 0.0179281 0.00738601 0.0114511 -0.000257244 -0.00123132 0.0069674 -0.00510619
internal_weight=449066 154633 13428 11428 294433 141205 10690 291356 9009 130515 6198 124317 121148 94380 12387 26768 7588 81993 65614 58166 19180 14398 5637 4782 10112 7479 54441 49074 16379 10057
internal_count=449066 154633 13428 11428 294433 141205 10690 291356 9009 130515 6198 124317 121148 94380 12387 26768 7588 81993 65614 58166 19180 14398 5637 4782 10112 7479 54441 49074 16379 10057
cat_boundaries=0 1
cat_threshold=3
is_linear=0
shrinkage=0.05


Tree=99
num_leaves=31
num_cat=14
split_feature=5 22 1 5 38 5 9 5 38 12 12 25 34 5 5 25 38 5 5 12 24 27 23 5 5 34 5 19 5 5
split_gain=296.866 231.002 297.161 218.383 213.688 288.277 284.64 406.602 311.885 229.642 210.819 204.941 189.801 643.688 524.617 356.292 336.246 331.792 237.53 230.371 199.11 228.058 188.299 292.934 169.057 163.651 437.243 423.467 160.37 152.719
threshold=0 2.7508735656738286 71.750000000000014 1 3.7193500995635991 2 3 4 0.99231791496276867 3.2124291658401494 1.8159714937210085 8.634003162384035 -6.0448913574218741 5 6 6.0579118728637704 -0.44498705863952631 7 8 1.5531570315361025 35.074127197265632 1002.0530395507814 28.919006347656254 9 10 -1.6182556152343748 11 1.2134969830513003 12 13
decision_type=9 2 2 9 2 9 9 9 2 2 2 2 2 9 9 2 2 9 9 2 2 2 2 9 9 2 9 2 9 9
left_child=1 3 -3 -1 6 -6 9 8 -8 11 25 12 13 16 15 -14 -2 -16 19 -15 21 22 -20 -24 -13 27 -27 -5 -23 -22
right_child=4 2 -4 10 5 -7 7 -9 -10 -11 -12 24 14 18 17 -17 -18 -19 20 -21 29 28 23 -25 -26 26 -28 -29 -30 -31
leaf_value=-0.0045108301286331419 0.029603055776217548 0.018285036134028237 0.0035873908972978439 0.001423080212364417 0.0012978870585156278 -0.020529303834634968 0.028519388904558376 -0.0074293848492945798 0.0067200557064540194 -0.013523752859774441 0.0092496990787621323 0.010132976003621818 -0.0065302635502776461 -0.0030757953024906706 0.012809868583801471 -0.027947765035368423 0.0075745706495110301 -0.0012281740903780682 0.0013343746737425606 -0.019789817807300367 -0.00068562661931923213 -0.006689742679642962 -0.00077553983944138359 0.015788057097896373 -0.004414039820912664 0.021706690407973715 -0.0026961122924802497 -0.012679856610965077 0.00050701930218089244 -0.019284942321056237
leaf_weight=17946 2177 3705 46469 37284 2897 3150 2410 3245 5124 3562 8142 7393 30362 35589 4361 2066 8393 107316 15046 2179 2277 8888 4180 7384 2724 3105 4445 6199 59066 2135
leaf_count=17946 2177 3705 46469 37284 2897 3150 2410 3245 5124 3562 8142 7393 30362 35589 4361 2066 8393 107316 15046 2179 2277 8888 4180 7384 2724 3105 4445 6199 59066 2135
internal_value=-8.22636e-06 0.00203564 0.00467614 0.000317646 -0.000816487 -0.0101192 -0.000638112 0.00733964 0.0137037 -0.000920404 0.00178295 -0.00077111 -0.00101407 0.000247993 -0.00230416 -0.00790054 0.0121238 -0.000677791 -0.000671637 -0.00404401 0.000615777 0.00110066 0.00502359 0.00981834 0.00622135 0.000590451 0.00738033 -0.000589908 -0.000436032 -0.0097544
internal_weight=449219 127295 50174 77121 321924 6047 315877 10779 7534 305098 59175 301536 291419 147314 144105 32428 10570 111677 136744 37768 98976 94564 26610 11564 10117 51033 7550 43483 67954 4412
internal_count=449219 127295 50174 77121 321924 6047 315877 10779 7534 305098 59175 301536 291419 147314 144105 32428 10570 111677 136744 37768 98976 94564 26610 11564 10117 51033 7550 43483 67954 4412
cat_boundaries=0 32 58 84 85 117 133 152 174 206 232 245 267 286 318
cat_threshold=472 0 0 14736 0 0 32000 0 0 20480 0 0 196608 0 0 0 0 0 0 0 0 536870912 0 0 0 128 0 0 15872 0 0 59392 0 0 0 2048 0 0 21504 0 0 16384 0 0 196608 0 0 0 0 0 0 0 0 0 0 0 0 128 0 0 0 1568 0 0 131584 0 0 73728 0 0 12582912 0 0 0 0 0 16777216 0 0 0 0 0 0 64 52 3 0 0 32 0 0 229888 0 0 4104192 0 0 45088768 0 0 540016640 0 0 50331648 0 0 0 56 0 0 7 0 0 0 0 0 256 0 0 0 0 0 0 197120 0 0 3448832 0 0 25427968 0 0 134217728 0 0 0 0 0 0 0 0 0 1474560 0 0 29097984 0 0 251658240 0 0 1879048192 0 0 0 0 0 0 0 0 0 0 0 0 0 0 0 1048576 0 0 50331648 0 0 1073741824 32 0 0 512 0 0 32768 0 0 0 0 0 0 0 0 537919488 0 0 50331648 3 0 3489660928 0 0 0 6 0 0 96 0 0 256 0 0 0 0 0 0 0 0 0 0 0 0 4194304 0 0 304087040 0 0 201326592 0 0 0 1 0 0 1 32 0 0 1536 0 0 98816 0 0 1449984 0 0 25165824 456 0 0 12544 0 0 0 0 0 0 0 0 0 0 0 0 0 0 0 0 0 536870912 0 0 0 0 0 0 0 0 0 131072 0 0 7340032 0 0 29360128 0 0 1610612736 0 0 0 0 0 0 0 0 0 65536 0 0 524288 0 0 283115520 0 0 3288334336 0 0 0 0 0 0 1 0 0 16 0 0 4096
is_linear=0
shrinkage=0.05


Tree=100
num_leaves=31
num_cat=10
split_feature=5 34 5 34 5 38 15 5 19 5 25 15 30 5 37 27 5 5 38 14 30 5 5 37 23 37 33 26 14 7
split_gain=284.865 269.314 625.331 638.873 536.231 299.527 282.696 282.506 263.669 220.745 218.898 473.13 203.735 341.277 292.818 249.408 241.831 226.514 208.567 300.129 191.441 236.04 205.831 206.453 247.348 175.864 161.912 236.914 227.755 201.934
threshold=0 -6.8625488281249991 1 -10.686889648437498 2 1.3866627216339114 1.9292393326759341 3 1.3799564242362978 4 6.0579118728637704 2.343792319297791 1191.5625000000002 5 -1.8643394708633421 1007.2747802734376 6 7 2.8156619071960454 2.049690961837769 174.06250000000003 8 9 1.1268910169601443 28.981437683105472 -0.52447980642318714 17.876543998718265 10.20006036758423 2.2012782096862797 1.5000000000000002
decision_type=9 2 9 2 9 2 2 9 2 9 2 2 2 9 2 2 9 9 2 2 2 9 9 2 2 2 2 2 2 2
left_child=20 2 3 -2 10 6 -5 -6 -7 -4 25 -12 14 -14 -9 16 18 -17 19 -16 21 -1 23 24 -22 -3 27 28 -24 -29
right_child=1 4 9 5 7 8 -8 12 -10 -11 11 -13 13 -15 15 17 -18 -19 -20 -21 22 -23 26 -25 -26 -27 -28 29 -30 -31
leaf_value=-0.012849810113204116 0.036340327721652271 -0.011310367625357037 -0.0036310318378791661 0.0070975245051576492 0.01597016255536577 0.0059884201111654531 0.028900975293910242 -0.019904211842186902 -0.015574059544284903 0.0010109817981386097 -0.0026516790701940733 -0.034514934160411744 0.0093679206911341222 -0.00084492047584134959 0.0044481139015838554 -0.0091505204538010355 -0.001411298626507732 -0.0017421300861390271 -0.0051265221411235821 0.024858453327700966 0.0096966020944198855 0.00037003307304931532 0.0035701318068028461 0.023471461139653566 -0.0075811306775775272 -0.0037135720957752675 -2.1955259053056976e-05 0.0089145263463507023 0.013582634172020295 -0.0075283607276165291
leaf_weight=3723 2035 10021 35924 5476 2541 3883 2036 2225 2220 89065 2607 2099 11774 26691 4310 12459 12986 59723 2015 3091 10584 34484 15328 2018 2567 31755 38131 2716 9023 5919
leaf_count=3723 2035 10021 35924 5476 2541 3883 2036 2225 2220 89065 2607 2099 11774 26691 4310 12459 12986 59723 2015 3091 10584 34484 15328 2018 2567 31755 38131 2716 9023 5919
internal_value=-1.17164e-05 -0.00079089 0.000856861 0.0102723 -0.00204833 0.00635972 0.0130375 -0.000481545 -0.0018677 -0.000323581 -0.00669105 -0.0169066 -0.000792891 0.00228503 -0.00201603 -0.00159317 0.0030147 -0.00302346 0.00910563 0.0129945 0.00202179 -0.000924437 0.00332655 0.00861079 0.00632089 -0.00553812 0.00219687 0.00476167 0.00728421 -0.00235219
internal_weight=449429 324936 140639 15650 184297 13615 7512 137815 6103 124989 46482 4706 135274 38465 96809 94584 22402 72182 9416 7401 124493 38207 86286 15169 13151 41776 71117 32986 24351 8635
internal_count=449429 324936 140639 15650 184297 13615 7512 137815 6103 124989 46482 4706 135274 38465 96809 94584 22402 72182 9416 7401 124493 38207 86286 15169 13151 41776 71117 32986 24351 8635
cat_boundaries=0 32 48 68 90 122 148 167 186 202 231
cat_threshold=476 0 0 6544 0 0 32000 0 0 12288 0 0 65536 0 0 1048576 0 0 16777216 0 0 0 0 0 0 0 0 0 15872 0 0 63488 0 0 0 0 0 0 65536 0 0 3588096 0 0 59113472 0 0 134217728 0 0 0 0 0 0 0 0 0 491520 0 0 33423360 0 0 251658240 0 0 1879048192 2 0 0 0 0 0 0 0 0 0 0 0 0 0 0 0 0 0 0 33554432 0 0 536870912 0 0 0 1024 0 0 33280 0 0 0 0 0 0 0 0 805306368 0 0 100663296 3 0 4026531840 0 0 0 4 0 0 96 0 0 1024 513 0 0 8288 0 0 33280 0 0 0 0 0 0 0 0 6291456 0 0 67108864 0 0 3489660928 0 0 0 240 0 0 0 32 0 0 98816 0 0 3686400 0 0 33554432 0 0 0 0 0 67108864 33 0 0 0 0 0 33280 0 0 1589248 0 0 0 0 0 2097152 0 0 134217728 0 0 0 0 0 0 4352 0 0 8192 0 0 0 0 0 1048576 8 0 0 0 0 0 256 0 0 4096 0 0 0 0 0 1048576 0 0 0 0 0 0 0 0 0 0 0 0 1536
is_linear=0
shrinkage=0.05


Tree=101
num_leaves=31
num_cat=0
split_feature=14 22 38 34 0 0 12 34 13 19 32 34 23 20 42 17 37 17 35 12 26 42 28 34 20 38 42 14 19 38
split_gain=195.355 273.988 345.079 343.33 647.881 560.15 425.842 357.935 302.411 586.75 264.107 258.22 420.964 299.425 327.838 281.123 252.393 275.376 251.444 313.923 228.796 227.707 225.025 224.473 218.153 217.745 235.104 217.603 197.585 193.363
threshold=0.90215900540351879 2.0155906677246098 3.250890970230103 -8.9054260253906232 22.250000000000004 17.250000000000004 2.3029047250747685 -10.785400390624998 2.3155539035797124 1.6152492761611941 995.86074829101574 -2.0016174316406246 27.949096679687504 1.4395501017570498 4.90006446838379 2.3964439630508427 1.0664825439453127 2.8323853015899663 11.630535125732424 1.056927025318146 11.735592842102053 5.4851651191711435 1007.2434387207032 -6.0448913574218741 1.7843258380889895 0.3569630384445191 4.9504106044769296 2.2357501983642583 1.1224423646926882 -1.7688583135604856
decision_type=2 2 2 2 2 2 2 2 2 2 2 2 2 2 2 2 2 2 2 2 2 2 2 2 2 2 2 2 2 2
left_child=-1 10 3 4 7 16 23 -3 9 -4 11 13 29 -2 15 -15 17 18 -5 22 -10 -14 -20 27 -16 26 -21 -7 -23 -13
right_child=1 2 8 5 -6 6 -8 -9 20 -11 -12 12 21 14 24 -17 -18 -19 19 25 -22 28 -24 -25 -26 -27 -28 -29 -30 -31
leaf_value=-0.0013586864909089864 -0.0013746274089630999 0.035262582074837033 -0.0036086061411030098 0.0050309552035004649 0.0020384721805758155 0.0012024510072301045 -0.018453396423256444 0.012894041721379089 0.017521507593798561 -0.033185706246273781 0.0043433268774579802 0.0052875487087247893 -0.00087641754402477368 -0.0079911925877318296 -0.0078230605822056151 0.013243111853282802 0.011948882755838598 0.020960202844275546 0.0169232790393977 -0.002866307618847333 -0.0058039128843804348 0.005612317408405754 -0.003390260363366402 -0.0042644116949296295 -0.020373911398090808 -0.0010667219950073999 -0.024417191573938499 0.018427083756904793 0.024911284429648767 -0.0064760999393834329
leaf_weight=164390 66684 2459 7965 39178 14852 15719 3815 6574 2141 2115 20572 5583 2364 3460 10530 2820 10167 2149 3062 2373 2049 2144 2446 23019 5166 7745 2709 2066 3498 9297
leaf_count=164390 66684 2459 7965 39178 14852 15719 3815 6574 2141 2115 20572 5583 2364 3460 10530 2820 10167 2149 3062 2373 2049 2144 2446 23019 5166 7745 2709 2066 3498 9297
internal_value=1.36561e-05 0.000806028 0.00224916 0.00301288 0.00846426 0.00187455 -0.0025011 0.0190156 -0.00515124 -0.00984125 -0.000860905 -0.001821 0.00291305 -0.00304321 -0.00810342 0.00154985 0.00467044 0.00342832 0.0027697 -0.00206222 0.00612822 0.0121503 0.00791262 -0.00100547 -0.0119642 -0.0063483 -0.0143796 0.00321259 0.0176004 -0.00206177
internal_weight=449111 284721 152603 138333 23885 114448 44619 9033 14270 10080 132118 111546 22886 88660 21976 6280 69829 59662 57513 18335 4190 8006 5508 40804 15696 12827 5082 17785 5642 14880
internal_count=449111 284721 152603 138333 23885 114448 44619 9033 14270 10080 132118 111546 22886 88660 21976 6280 69829 59662 57513 18335 4190 8006 5508 40804 15696 12827 5082 17785 5642 14880
is_linear=0
shrinkage=0.05


Tree=102
num_leaves=31
num_cat=3
split_feature=16 15 43 35 25 20 37 8 17 10 35 30 24 39 39 39 16 22 44 3 16 20 10 9 8 11 1 10 11 32
split_gain=263.49 291.05 290.947 580.587 335.778 242.193 219.622 493.734 278.047 270.519 347.232 266.909 261.812 250.896 240.819 217.296 197.68 197.58 193.966 237.36 190.885 368.407 957.078 613.228 293.522 268.709 258.396 616.358 367.211 288.962
threshold=3.0267024040222172 2.9415899515151982 10.161823749542238 8.6770057678222674 4.90006446838379 2.0966262817382817 0.12241226434707643 0 2.6395645141601567 0.92052671313285839 16.922473907470707 94.312500000000014 27.100860595703129 1.0019655823707583 0.51460000872612011 0.68879109621047985 3.3968102931976323 20.054340362548832 4.3502361774444589 5.1196789741516122 2.2689859867095952 1.6039602160453799 1.7235798835754397 1 2 1.4650006294250491 76.250000000000014 1.9534130692481997 1.6002226471900942 581.06115722656261
decision_type=2 2 2 2 2 2 2 1 2 2 2 2 2 2 2 2 2 2 2 2 2 2 2 9 1 2 2 2 2 2
left_child=1 5 3 4 -2 6 20 14 9 15 11 -11 -13 -12 -8 -9 -5 -16 -14 -20 21 -1 -23 -24 26 -25 -22 28 -28 -29
right_child=2 -3 -4 16 -6 -7 7 8 -10 10 13 12 18 -15 17 -17 -18 -19 19 -21 24 22 23 25 -26 -27 27 29 -30 -31
leaf_value=-0.0009244066363374116 0.013404189255574645 -0.018915848205667087 -0.0089212604001362768 0.013288022099318272 -0.011720532549041061 0.016811227125553187 0.0021640355326541945 -0.0017710637598437743 -0.015561568367835329 -0.0056297221976136262 0.0020858344257712346 0.017953894693809851 0.010849355846603152 -0.017431420115486231 0.006623253993929901 -0.015067039724669433 0.033564647120484487 0.018318298075762844 0.0040656640982845004 -0.010460454008991572 -0.0026421354381500066 0.0024290048084706388 -0.034820278371553014 -0.0220362802863566 -0.011526634949666714 0.0013971977656491014 0.040477496657612522 0.017271836771610125 0.01136846732714193 -0.0034497539860763719
leaf_weight=220852 2385 2054 2285 2458 2980 2098 32779 58709 3055 5826 3154 3995 8395 3431 20530 3233 2384 4380 19294 3282 6511 10016 3925 2093 2895 2922 2015 2256 2354 6524
leaf_count=220852 2385 2054 2285 2458 2980 2098 32779 58709 3055 5826 3154 3995 8395 3431 20530 3233 2384 4380 19294 3282 6511 10016 3925 2093 2895 2922 2015 2256 2354 6524
internal_value=2.04768e-05 -0.00018447 0.00717749 0.0107867 -0.00054723 -9.54929e-05 -0.000177906 0.00122163 -0.00070872 -0.000292261 0.00255144 0.00427153 0.0059224 -0.0080943 0.00498129 -0.00246735 0.02332 0.00868615 0.00436515 0.00195022 -0.0010851 -0.00149874 -0.00818615 -0.0200683 0.00331155 -0.00839041 0.00550127 0.00953258 0.0248554 0.0018882
internal_weight=449070 436578 12492 10207 5365 434524 432426 170063 112374 109319 47377 40792 34966 6585 57689 61942 4842 24910 30971 22576 262363 239808 18956 8940 22555 5015 19660 13149 4369 8780
internal_count=449070 436578 12492 10207 5365 434524 432426 170063 112374 109319 47377 40792 34966 6585 57689 61942 4842 24910 30971 22576 262363 239808 18956 8940 22555 5015 19660 13149 4369 8780
cat_boundaries=0 1 2 3
cat_threshold=4 4 2
is_linear=0
shrinkage=0.05


Tree=103
num_leaves=31
num_cat=0
split_feature=16 34 32 37 0 10 0 10 33 38 11 43 16 24 10 21 33 13 32 41 37 34 21 21 38 35 37 1 41 44
split_gain=236.362 388.097 510.298 302.293 658.963 308.611 298.085 396.623 374.141 539.345 619.734 575.098 629.565 384.708 360.64 354.987 350.691 334.673 296.702 267.834 272.38 266.171 409.438 300.152 371.141 505.574 260.757 250.572 374.092 342.447
threshold=1.9224823713302615 -9.3688049316406232 673.82629394531261 -0.68540835380554188 26.750000000000004 0.75376427173614513 17.750000000000004 2.769425749778748 18.926783561706547 2.9814736843109135 1.5127744078636172 4.37872338294983 2.634250402450562 28.004180908203129 3.0336399078369145 1.8654910326004031 16.328255653381351 2.1797037124633794 770.06228637695324 7.2418172359466562 -1.5095614194869993 -1.1081237792968748 1.0536895394325259 1.0870096087455752 1.5850756168365481 13.17262649536133 1.1572275161743166 75.750000000000014 6.9073708057403573 6.0101244449615487
decision_type=2 2 2 2 2 2 2 2 2 2 2 2 2 2 2 2 2 2 2 2 2 2 2 2 2 2 2 2 2 2
left_child=3 2 -2 4 19 -5 8 27 9 10 16 -12 15 -10 17 -13 18 -11 -3 20 -1 23 -23 -7 26 -26 -25 28 -8 -29
right_child=1 6 -4 5 -6 21 7 -9 13 14 11 12 -14 -15 -16 -17 -18 -19 -20 -21 -22 22 -24 24 25 -27 -28 29 -30 -31
leaf_value=-0.017633540647457372 0.033426502948147994 0.030424137606555629 0.0023070424216710987 -0.0012392242253733618 0.0038669392416586894 0.0028531551044523517 0.014628698201731093 0.0095522594477022368 -0.010535777158575005 -0.0059951357503902347 0.027574941326373437 -0.002756425591213777 0.014675007249302359 0.0023689855597509263 -0.019344452032406399 -0.026138944002246686 0.0061570070739876796 0.017704148082535065 0.010011162739541246 0.0015075589775634763 -0.0068751931187561446 0.00038828727603854442 0.025829684329978005 -0.0012629681363110065 -0.0049943681556525454 -0.03321216622990053 0.017829333622745955 -0.0052754602422160667 -0.012193331366527628 -0.024331624757418555
leaf_weight=7673 2244 5738 3174 182584 18664 87204 2593 4239 7955 4219 2051 6291 4299 20998 2701 2179 4067 2290 2598 6804 25246 3473 2894 13867 6851 2058 2043 6431 2587 3719
leaf_count=7673 2244 5738 3174 182584 18664 87204 2593 4239 7955 4219 2051 6291 4299 20998 2701 2179 4067 2290 2598 6804 25246 3473 2894 13867 6851 2058 2043 6431 2587 3719
internal_value=-1.3929e-05 0.00227166 0.0152338 -0.000588763 -0.00388093 5.00035e-05 0.00144331 -0.00396915 0.00306353 0.0064345 0.00997207 0.00306677 -0.000888315 -0.00117908 -0.00402133 -0.00879556 0.0182139 0.00235713 0.0240818 -0.00752135 -0.00938742 0.00203822 0.0119746 0.00147245 -0.00337797 -0.0115427 0.00119833 -0.00771183 0.00123553 -0.0122748
internal_weight=449734 90373 5418 359361 58387 300974 84955 19569 65386 36433 27223 14820 12769 28953 9210 8470 12403 6509 8336 39723 32919 118390 6367 112023 24819 8909 15910 15330 5180 10150
internal_count=449734 90373 5418 359361 58387 300974 84955 19569 65386 36433 27223 14820 12769 28953 9210 8470 12403 6509 8336 39723 32919 118390 6367 112023 24819 8909 15910 15330 5180 10150
is_linear=0
shrinkage=0.05


Tree=104
num_leaves=31
num_cat=6
split_feature=5 41 34 5 41 11 14 14 43 5 40 26 24 34 34 31 40 22 5 41 2 35 43 34 5 26 5 11 41 35
split_gain=245.17 221.159 418.344 252.578 395.987 533.955 329.796 305.519 262.281 244.744 418.225 236.846 222.148 254.149 203.62 191.067 158.729 151.851 277.187 322.241 653.216 572.779 314.22 152.084 170.067 141.218 226.444 131.398 129.036 119.799
threshold=0 7.3622689247131357 -6.7616577148437491 1 5.6839654445648202 1.9089035987854006 3.0012166500091557 2.6283648014068608 7.1489493846893319 2 2.2693436145782475 9.9398541450500506 29.115509033203129 -3.6268920898437496 -2.9952697753906246 85.191955566406264 3.414275169372559 2.9625892639160161 3 6.2766246795654306 1.0000000180025095e-35 17.621517181396488 5.7769343852996835 -0.55697631835937489 4 6.7451746463775644 5 1.6573499441146853 5.819725990295411 8.4233283996582049
decision_type=9 2 2 9 2 2 2 2 2 9 2 2 2 2 2 2 2 2 9 2 2 2 2 2 9 2 9 2 2 2
left_child=17 3 -3 4 5 -2 27 8 16 -4 -11 14 13 -10 -9 -8 25 23 -19 20 -20 29 -22 24 -1 -5 -27 -6 -24 -21
right_child=1 2 9 7 6 -7 15 11 12 10 -12 -13 -14 -15 -16 -17 -18 18 19 21 22 -23 28 -25 -26 26 -28 -29 -30 -31
leaf_value=-0.0026663121026212757 -0.00391297191812617 0.019043307521029174 0.011631314873754794 -0.00072877024651939247 0.0028810311391746246 0.022471918044047055 -0.014076209181091537 0.018496234079877737 -0.023473740663051298 -0.018303452631304142 0.0036154992956783693 -0.003183292759596171 0.0072757167630108479 -0.0060627431485932252 0.0035577760075240516 -0.033147024993982074 -0.014449204248144391 0.021344404293994174 0.0011838520573570314 0.0053348994029043684 0.035563450756051343 -0.023270301768227079 0.019609120037728005 0.013503493908414398 0.0021468678836733925 0.0094028093124792368 -0.0029445108785559372 -0.012668905392059164 0.0052507210040694001 -0.0033210575706670098
leaf_weight=30595 17655 3963 3649 233593 3017 2141 3478 4766 2885 3208 6715 4031 2005 7635 4378 2129 2024 2228 15688 10127 2032 2598 3371 2207 45800 8853 6376 2457 2931 6591
leaf_count=30595 17655 3963 3649 233593 3017 2141 3478 4766 2885 3208 6715 4031 2005 7635 4378 2129 2024 2228 15688 10127 2032 2598 3371 2207 45800 8853 6376 2457 2931 6591
internal_value=3.54225e-05 -0.000686706 0.00477333 -0.000998307 -0.00528589 -0.00104946 -0.0128512 -0.000519204 -0.000891029 0.000595569 -0.00347845 0.00690829 -0.00794939 -0.0108553 0.0113556 -0.0213636 -0.000538295 0.0019251 0.00422144 0.00333074 0.00719647 -0.00147632 0.0184997 0.000593772 0.0002191 -0.000424563 0.00423899 -0.00410892 0.0129501 0.00192238
internal_weight=449126 324958 17535 307423 30877 19796 11081 276546 263371 13572 9923 13175 12525 10520 9144 5607 250846 124168 45566 43338 24022 19316 8334 78602 76395 248822 15229 5474 6302 16718
internal_count=449126 324958 17535 307423 30877 19796 11081 276546 263371 13572 9923 13175 12525 10520 9144 5607 250846 124168 45566 43338 24022 19316 8334 78602 76395 248822 15229 5474 6302 16718
cat_boundaries=0 32 61 77 90 119 145
cat_threshold=476 0 0 6544 0 0 31488 0 0 20480 0 0 33751040 0 0 0 0 0 16777216 0 0 0 0 0 0 0 0 0 7680 0 0 63488 32 0 0 0 0 0 0 0 0 917504 0 0 12582912 0 0 0 0 0 536870912 2 0 0 0 0 0 0 0 0 64 35 0 0 32 0 0 65536 0 0 1048576 0 0 0 0 0 1048576 0 0 0 0 0 0 256 0 0 4096 0 0 65536 196 0 0 6144 0 0 21248 0 0 16384 0 0 196608 0 0 0 0 0 0 0 0 0 0 0 0 0 0 0 1024 1 0 0 8224 0 0 230400 0 0 106496 0 0 2883584 0 0 269484032 0 0 33554432 0 0 0 14 0 0 113
is_linear=0
shrinkage=0.05


end of trees

feature_importances:
region_id=564
now_msl_anom=193
now_wind_speed_mean=164
exp_climatology=159
rmse30_recent3=147
now_target_tendency=128
rmse30_climatology=124
mae7_climatology=121
now_cape_max=95
now_msl_hPa_mean=89
lead_days=82
now_anomaly=80
exp_persistence=80
exp_recent3=74
latitude=69
mae7_recent3=66
longitude=63
now_msl_hPa_min=56
mae7_persistence=48
now_tp_mm=48
rmse30_anom_persistence=47
regmae_persistence=46
now_t2m_C_max=46
regmae_anom_persistence=44
exp_anom_persistence=40
regmae_climatology=38
expert_spread=37
now_tp7=35
mae7_anom_persistence=34
now_tcc_mean=34
now_wind_speed_max=33
now_tp3=28
lead_bucket_id=27
rmse30_persistence=27
now_blh_mean=26
now_ssrd_MJ=25
is_ocean=24
expert_range=23
now_t2m_C_mean=22
regmae_recent3=18
now_rh_pct_mean=16
regime_id=14
elev_proxy_m=12
coastal=4

parameters:
[boosting: gbdt]
[objective: regression]
[metric: l2]
[tree_learner: serial]
[device_type: cpu]
[data_sample_strategy: bagging]
[data: ]
[valid: ]
[num_iterations: 1500]
[learning_rate: 0.05]
[num_leaves: 31]
[num_threads: 16]
[seed: 42]
[deterministic: 0]
[force_col_wise: 0]
[force_row_wise: 0]
[histogram_pool_size: -1]
[max_depth: -1]
[min_data_in_leaf: 2000]
[min_sum_hessian_in_leaf: 0.001]
[bagging_fraction: 0.8]
[pos_bagging_fraction: 1]
[neg_bagging_fraction: 1]
[bagging_freq: 1]
[bagging_seed: 400]
[bagging_by_query: 0]
[feature_fraction: 0.6]
[feature_fraction_bynode: 1]
[feature_fraction_seed: 30056]
[extra_trees: 0]
[extra_seed: 12879]
[early_stopping_round: 0]
[early_stopping_min_delta: 0]
[first_metric_only: 0]
[max_delta_step: 0]
[lambda_l1: 0]
[lambda_l2: 10]
[linear_lambda: 0]
[min_gain_to_split: 0]
[drop_rate: 0.1]
[max_drop: 50]
[skip_drop: 0.5]
[xgboost_dart_mode: 0]
[uniform_drop: 0]
[drop_seed: 17869]
[top_rate: 0.2]
[other_rate: 0.1]
[min_data_per_group: 100]
[max_cat_threshold: 32]
[cat_l2: 10]
[cat_smooth: 10]
[max_cat_to_onehot: 4]
[top_k: 20]
[monotone_constraints: ]
[monotone_constraints_method: basic]
[monotone_penalty: 0]
[feature_contri: ]
[forcedsplits_filename: ]
[refit_decay_rate: 0.9]
[cegb_tradeoff: 1]
[cegb_penalty_split: 0]
[cegb_penalty_feature_lazy: ]
[cegb_penalty_feature_coupled: ]
[path_smooth: 0]
[interaction_constraints: ]
[verbosity: -1]
[saved_feature_importance_type: 0]
[use_quantized_grad: 0]
[num_grad_quant_bins: 4]
[quant_train_renew_leaf: 0]
[stochastic_rounding: 1]
[linear_tree: 0]
[max_bin: 255]
[max_bin_by_feature: ]
[min_data_in_bin: 3]
[bin_construct_sample_cnt: 200000]
[data_random_seed: 175]
[is_enable_sparse: 1]
[enable_bundle: 1]
[use_missing: 1]
[zero_as_missing: 0]
[feature_pre_filter: 1]
[pre_partition: 0]
[two_round: 0]
[header: 0]
[label_column: ]
[weight_column: ]
[group_column: ]
[ignore_column: ]
[categorical_feature: 5,6,8,9]
[forcedbins_filename: ]
[precise_float_parser: 0]
[parser_config_file: ]
[objective_seed: 16083]
[num_class: 1]
[is_unbalance: 0]
[scale_pos_weight: 1]
[sigmoid: 1]
[boost_from_average: 1]
[reg_sqrt: 0]
[alpha: 0.9]
[fair_c: 1]
[poisson_max_delta_step: 0.7]
[tweedie_variance_power: 1.5]
[lambdarank_truncation_level: 30]
[lambdarank_norm: 1]
[label_gain: ]
[lambdarank_position_bias_regularization: 0]
[eval_at: ]
[multi_error_top_k: 1]
[auc_mu_weights: ]
[num_machines: 1]
[local_listen_port: 12400]
[time_out: 120]
[machine_list_filename: ]
[machines: ]
[gpu_platform_id: -1]
[gpu_device_id: -1]
[gpu_device_id_list: ]
[gpu_use_dp: 0]
[num_gpu: 1]

end of parameters

pandas_categorical:[]
