tree
version=v4
num_class=1
num_tree_per_iteration=1
label_index=0
max_feature_idx=44
objective=regression
feature_names=latitude longitude is_ocean elev_proxy_m coastal region_id season_id lead_days lead_bucket_id regime_id mae7_climatology mae7_persistence mae7_recent3 mae7_anom_persistence rmse30_climatology rmse30_persistence rmse30_recent3 rmse30_anom_persistence regmae_climatology regmae_persistence regmae_recent3 regmae_anom_persistence now_tp_mm now_t2m_C_mean now_t2m_C_max now_wind_speed_mean now_wind_speed_max now_msl_hPa_mean now_msl_hPa_min now_tcc_mean now_cape_max now_rh_pct_mean now_blh_mean now_ssrd_MJ now_msl_anom now_tp3 now_tp7 now_target_tendency now_anomaly expert_spread expert_range exp_climatology exp_persistence exp_recent3 exp_anom_persistence
feature_infos=[7:37] [68:97] [0:1] [0:5388.1943359375] [0:1] -1:7:607:904:507:108:603:205:500:706:306:702:805:704:103:800:804:302:705:707:101:208:503:803:506:301:303:602:1:401:402:405:701:305:601:605:206:801:407:107:203:300:600:908:806:2:406:700:202:901:505:508:808:905:8:903:207:703:4:100:102:604:200:802:0:608:6:106:906:900:201:204:907:3:104:708:403:5:304:105:606:404:307:308:504:400:902:501:502:807:408:409:609:209:909:809:709:9:509:309:109:1007:1001:1004:1000:1003:1005:1008:1006:1002 none [1:3] -1:1:2 -1:5:4:3:2:0 [0.0097475899383425713:6.2394700050354004] [0.0088145434856414795:7.372992992401123] [0.008733983151614666:7.7671279907226562] [0.0086902081966400146:7.5392098426818848] [0.03980264812707901:4.3232216835021973] [0.038802850991487503:4.8908700942993164] [0.032944772392511368:4.5543651580810547] [0.039717141538858414:4.765042781829834] [0.14277245104312897:2.9337947368621826] [0.13157030940055847:3.0775861740112305] [0.12059371918439865:2.8313307762145996] [0.13274656236171722:2.9411273002624512] [0:263.46588134765625] [-30.379428863525391:35.458480834960938] [-26.928680419921875:40.706451416015625] [0.13500988483428955:16.9716796875] [0.22150640189647675:21.527694702148438] [997.14892578125:1044.4532470703125] [992.95623779296875:1039.765625] [0:1] [0:6504.375] [8.1537322998046875:99.99932861328125] [9.003265380859375:2337.081298828125] [0.42086398601531982:25.8919677734375] [-15.9169921875:22.3294677734375] [0:134.68838500976562] [0:488.84869384765625] [-9.5322952270507812:8.8764934539794922] [-6.5559597015380859:10.467067718505859] [0.0012553167762234807:4.4540567398071289] [0.0028173923492431641:10.617416381835938] [0.24018645286560059:8.5511054992675781] [0.13500988483428955:16.9716796875] [0.18581940233707428:13.374590873718262] [-0.010024547576904297:16.816352844238281]
tree_sizes=2882 2992 3227 3263 3328 3392 2982 3258 2989 3468 3471 3437 2999 2998 3021 3324 3479 3542 2997 3538 3624 3491 3572 3424 3729 3442 3040 3008 3634 3429 3672 3808 3025 3015 3610 3016 3562 3027 3886 3607 3020 3034 3684 3047 3031 3585 3017 3019 3616 3433 3767 3033 3520 3540 3780 3650 3626 3041 3061 3543 3560 3022 3528 3545 3470 3050 3716

Tree=0
num_leaves=31
num_cat=0
split_feature=2 25 25 34 27 20 25 25 25 20 39 33 25 1 25 15 15 33 13 25 27 33 12 25 36 25 25 13 40 38
split_gain=883932 125152 73170.5 26661.2 21396.7 20036.7 18888.3 14774.9 13467.5 8370.17 8423.22 7025.79 5633.95 5958.81 4278.79 4065.01 3914.67 3535.31 3455.46 2965.69 2958.68 2816.37 2624.41 2360.04 2276.91 2006.25 1828.5 1587.06 1566.32 1423.31
threshold=1.0000000180025095e-35 5.6957099437713632 2.1807572841644292 -3.5382385253906246 1006.5205383300782 1.9814573526382449 3.6305658817291264 1.2917493581771853 3.6305658817291264 2.2575758695602421 1.2758909463882449 15.921599864959719 7.0446538925170907 91.750000000000014 5.1880581378936776 2.3017799854278569 0.49767701327800756 19.234751701354984 0.71622815728187572 2.7151671648025517 1007.9986267089845 18.580800056457523 2.7892768383026127 4.8501129150390634 67.020893096923842 2.669512271881104 1.692587733268738 0.84629946947097789 2.491275548934937 4.0754823684692392
decision_type=2 2 2 2 2 2 2 2 2 2 2 2 2 2 2 2 2 2 2 2 2 2 2 2 2 2 2 2 2 2
left_child=2 4 7 9 -2 6 20 16 19 10 -3 24 17 22 -10 -12 -1 28 26 -4 -6 -13 29 -8 -7 -22 -9 -18 -5 -14
right_child=1 3 8 12 5 11 23 18 14 -11 15 21 13 -15 -16 -17 27 -19 -20 -21 25 -23 -24 -25 -26 -27 -28 -29 -30 -31
leaf_value=3.1098170190107277 3.4389649592187466 3.4138557148708268 3.1791235057533465 3.368333918557302 3.279976720836419 3.3338643461962696 3.2782570816422285 3.1399855388338715 3.2315413857054813 3.37419101438089 3.5358956407906144 3.3129067271627806 3.4022052290737865 3.3204430722818032 3.3075827441008179 3.4492578615109091 3.1330327576591692 3.3046941864712585 3.1784864907076247 3.2020317727601304 3.1994617312448677 3.2688840878954863 3.3483307752466884 3.3114040265279669 3.387214009804314 3.2344348640667078 3.1559783166980697 3.1803137116683535 3.3210591631307591 3.4468661170079526
leaf_weight=38913 2250 3849 31636 11680 2040 5721 13512 36266 12990 2718 4484 10689 10478 2663 2148 2161 15142 3563 10679 25573 8522 5562 2042 9024 3210 7886 36031 2039 2174 2408
leaf_count=38913 2250 3849 31636 11680 2040 5721 13512 36266 12990 2718 4484 10689 10478 2663 2148 2161 15142 3563 10679 25573 8522 5562 2042 9024 3210 7886 36031 2039 2174 2408
internal_value=3.22063 3.33112 3.15967 3.39281 3.28763 3.28245 3.26086 3.13845 3.20045 3.4534 3.47375 3.31755 3.36988 3.38995 3.24238 3.50811 3.11862 3.34953 3.15187 3.18936 3.22334 3.29788 3.40228 3.29156 3.3532 3.21627 3.14795 3.13862 3.36099 3.41072
internal_weight=328053 116636 211417 48220 68416 66166 40984 139070 72347 13212 10494 25182 35008 17591 15138 6645 56094 17417 82976 57209 18448 16251 14928 22536 8931 16408 72297 17181 13854 12886
internal_count=328053 116636 211417 48220 68416 66166 40984 139070 72347 13212 10494 25182 35008 17591 15138 6645 56094 17417 82976 57209 18448 16251 14928 22536 8931 16408 72297 17181 13854 12886
is_linear=0
shrinkage=1


Tree=1
num_leaves=31
num_cat=0
split_feature=2 42 42 34 42 41 20 42 28 20 44 20 34 1 39 29 18 11 44 43 11 33 42 41 33 33 43 42 42 44
split_gain=800122 112763 66089.3 23234.6 19123.8 18485.8 13118.1 11628.6 9735.08 6954.99 6876.5 6723.37 6637.27 6243.05 5527.15 4737.37 4384.44 3916.86 3824.9 3366.94 3124.56 2872.47 2840.07 2596.74 2556.21 2483.99 1932.63 1823.65 1504.39 1409.06
threshold=1.0000000180025095e-35 5.6957099437713632 2.2093138694763188 -3.9569396972656246 3.4910181760787968 1.4364913105964663 1.9814573526382449 3.6305658817291264 1005.5815429687501 2.2575758695602421 7.1085920333862314 2.0894008874893193 -3.3794860839843746 91.750000000000014 1.323340952396393 0.99325942993164074 1.9036414027214053 0.74769043922424328 5.1733019351959237 7.8219025135040292 2.1930909156799321 15.921599864959719 4.6428194046020517 2.4631687402725224 19.234751701354984 14.721600055694582 1.0461147427558901 1.6170122027397158 2.6466143131256108 8.9419517517089862
decision_type=2 2 2 2 2 2 2 2 2 2 2 2 2 2 2 2 2 2 2 2 2 2 2 2 2 2 2 2 2 2
left_child=2 4 5 9 6 26 12 23 -6 14 19 22 -2 15 -3 20 -16 27 -9 24 29 -13 -10 -4 -5 -8 -1 -7 -14 -12
right_child=1 3 7 10 8 17 25 18 11 -11 13 21 28 -15 16 -17 -18 -19 -20 -21 -22 -23 -24 -25 -26 -27 -28 -29 -30 -31
leaf_value=-0.11136981669256377 0.090740492151382787 0.19472807424694441 -0.039787835862011983 0.13961808443475532 0.17147594684636847 -0.076276824149473177 0.12634569847593999 0.01044145948130891 0.04702880852671304 0.14686624999535761 0.16954504853056948 0.13692238907637366 -0.02003014957805627 0.095833787715337834 0.2295718914237791 0.24515481270095016 0.32112532034793373 -0.037431632881387795 0.082892511805418165 0.061498050552775102 0.12198796898167048 0.088628288189218141 0.080615479808967619 -0.018042608447846661 0.088062197693816485 0.064543556694538026 -0.09189519289220012 -0.060781605233165038 0.011271675554268548 0.21580470541766
leaf_weight=25056 2002 3354 27446 13639 3023 35664 2103 13014 13173 2234 7985 5067 8431 2724 2686 2310 2900 12217 2109 2016 3108 8140 12165 27521 3003 7355 27039 41476 7031 2309
leaf_count=25056 2002 3354 27446 13639 3023 35664 2103 13014 13173 2234 7985 5067 8431 2724 2686 2310 2900 12217 2109 2016 3108 8140 12165 27521 3003 7355 27039 41476 7031 2309
internal_value=6.02722e-05 0.105122 -0.0579297 0.16365 0.0638573 -0.0776013 0.0310111 -0.0182241 0.085118 0.226934 0.144531 0.0783024 0.00531414 0.166274 0.246756 0.178418 0.277591 -0.063786 0.0205933 0.122968 0.16674 0.107246 0.0631795 -0.0289056 0.130373 0.0784043 -0.101281 -0.0679544 -0.00579826 0.180121
internal_weight=328300 116758 211542 48268 68490 141452 26922 70090 41568 11174 37094 38545 17464 18436 8940 15712 5586 89357 15123 18658 13402 13207 25338 54967 16642 9458 52095 77140 15462 10294
internal_count=328300 116758 211542 48268 68490 141452 26922 70090 41568 11174 37094 38545 17464 18436 8940 15712 5586 89357 15123 18658 13402 13207 25338 54967 16642 9458 52095 77140 15462 10294
is_linear=0
shrinkage=0.05


Tree=2
num_leaves=31
num_cat=6
split_feature=2 42 42 5 28 41 42 5 27 28 5 5 19 29 21 30 41 42 5 42 36 30 41 41 42 19 31 42 41 5
split_gain=721844 101301 59988.4 24312.8 20264 15370.4 11751 9953.11 9632.14 7704.17 7433.08 6642.56 6626.2 5867.06 5001.48 4464.36 4445.72 4434.94 3954.22 3808.33 3542.76 3371.48 3152.48 3066.35 2970.23 2032.64 1891.93 1819.82 1669.56 1626.87
threshold=1.0000000180025095e-35 5.6957099437713632 2.1230971813201909 0 1005.990936279297 1.4032376408576968 3.8648290634155278 1 1007.7702636718751 1005.5815429687501 2 3 2.4875553846359257 0.99222183227539074 1.5113440155982973 1320.0625000000002 4.7904505729675302 3.3231831789016728 4 2.8068445920944218 47.502994537353523 1009.1875000000001 5.7609117031097421 2.4979010820388798 7.0446538925170907 1.4411931037902834 83.198780059814467 3.6695058345794682 2.6207076311111455 5
decision_type=2 2 2 9 2 2 2 9 2 2 9 9 2 2 2 2 2 2 9 2 2 2 2 2 2 2 2 2 2 9
left_child=2 3 5 9 7 -1 19 22 16 -2 13 27 17 15 -9 24 -5 -11 -8 28 -14 -13 -3 -7 29 -12 -27 -10 -4 -6
right_child=1 4 6 8 10 23 18 14 11 12 25 21 20 -15 -16 -17 -18 -19 -20 -21 -22 -23 -24 -25 -26 26 -28 -29 -30 -31
leaf_value=-0.097165448425411804 0.18657431389803081 0.27569481365309934 -0.044205712836347076 0.14426903683195483 0.14787459026036889 -0.065773534196159153 0.069603500319602843 0.21500158048745749 -0.023752228011288984 0.037580281342187861 0.1285743470331667 0.050712847812768906 0.10393740951586772 0.22932826634560746 0.11257058359631544 0.087104935229604372 0.044979654241726674 0.086734443531878383 0.0066450349426967516 -0.012778915322821433 0.18834967910472034 0.0019905738531203416 0.20846275114061738 -0.037098329094304501 0.17568288739041577 0.10930721856706734 0.058083399158027106 0.018477081607369862 -0.021807053455539179 0.093800297593075496
leaf_weight=49790 2018 4292 27903 2521 5102 74483 3697 2014 7171 6070 6462 15375 3342 2380 3025 2831 2056 19093 7612 25562 2032 4617 3323 10708 8719 4893 2919 3948 11899 2241
leaf_count=49790 2018 4292 27903 2521 5102 74483 3697 2014 7171 6070 6462 15375 3342 2380 3025 2831 2056 19093 7612 25562 2032 4617 3323 10708 8719 4893 2919 3948 11899 2241
internal_value=-1.77464e-05 0.0999645 -0.0550263 0.0607567 0.155451 -0.0750874 -0.019704 0.209859 0.0322076 0.0919956 0.136029 0.0222356 0.0857166 0.154914 0.153551 0.145506 0.0998633 0.0748968 0.0273373 -0.0278459 0.136146 0.0394477 0.246345 -0.062174 0.155739 0.107611 0.0902659 -0.00874697 -0.0375167 0.13185
internal_weight=328098 116444 211654 68243 48201 134981 76673 12654 35688 32555 35547 31111 30537 21273 5039 18893 4577 25163 11309 65364 5374 19992 7615 85191 16062 14274 7812 11119 39802 7343
internal_count=328098 116444 211654 68243 48201 134981 76673 12654 35688 32555 35547 31111 30537 21273 5039 18893 4577 25163 11309 65364 5374 19992 7615 85191 16062 14274 7812 11119 39802 7343
cat_boundaries=0 13 29 39 55 84 94
cat_threshold=8 0 0 16272 0 0 127232 0 0 987136 0 0 6488064 3 0 0 48 0 0 25344 0 0 405504 0 0 12648448 0 0 1048576 251 0 0 1824 0 0 62464 0 0 458752 7 0 0 96 0 0 1024 0 0 2097152 0 0 16777216 0 0 402653184 24 0 0 0 0 0 0 0 0 8192 0 0 4259840 0 0 1048576 0 0 0 0 0 0 0 0 0 0 0 0 8064 8 0 0 768 0 0 61440 0 0 458752
is_linear=0
shrinkage=0.05


Tree=3
num_leaves=31
num_cat=6
split_feature=2 25 25 5 34 41 25 27 5 5 28 19 5 30 25 25 41 41 11 34 28 30 41 19 25 19 25 5 40 5
split_gain=652001 91887.8 54120.5 22224.3 19991.6 12853.2 11718 9055.6 7909.01 6570.02 6483.48 6095.85 6034.83 4526.6 4125.72 4052.44 3994.06 3775.43 3333.87 3189.6 3603.1 3065.82 2646.45 2500.3 2475.91 2212.42 2614.61 2174.72 1912.35 1671.34
threshold=1.0000000180025095e-35 5.6957099437713632 2.0551893711090092 0 -3.7001342773437496 1.3871138095855715 3.3231831789016728 1007.7702636718751 1 2 1005.6865844726564 2.1785362958908085 3 1320.0625000000002 5.1326959133148202 3.3543862104415898 5.7609117031097421 4.7904505729675302 0.89672672748565685 -2.2176818847656246 1008.8859252929689 972.68750000000011 2.6793735027313237 1.9504838585853579 7.0446538925170907 1.5852599740028384 7.4802143573760995 4 2.7883973121643071 5
decision_type=2 2 2 9 2 2 2 2 9 9 2 2 9 2 2 2 2 2 2 2 2 2 2 2 2 2 2 9 2 9
left_child=2 3 5 10 8 -1 22 17 16 13 -2 15 -9 24 27 -12 29 -5 -7 -13 -21 -14 -4 -10 -6 26 -11 -8 -27 -3
right_child=1 4 6 7 9 18 14 12 23 25 11 19 21 -15 -16 -17 -18 -19 -20 20 -22 -23 -24 -25 -26 28 -28 -29 -30 -31
leaf_value=-0.092844418542984447 0.17040621309724219 0.29265751035946602 -0.038830658239870794 0.1369553357445816 0.13614122943708321 -0.063282516812813314 -0.027194601835304723 -0.0087000355034449629 0.18566235479465631 0.1030014899383184 0.020300149237494736 0.051214524041930748 0.048147018010744294 0.094009888475697634 0.073656107572588406 0.076152806071182466 0.18869419263474982 0.044946307228869636 -0.026233051462107321 0.16563751784389488 0.10035208991822438 0.0023534863357432588 -0.016120586131286564 0.10818726878185299 0.17556109797291383 0.10383756234711471 0.16306601436948676 0.012483689473718135 0.048948242109522262 0.2207219016333534
leaf_weight=48433 2200 2629 42028 2524 7351 74119 4469 11162 2065 6457 4238 2008 15244 3319 2327 14015 3344 2016 6635 3095 6954 4808 18493 2228 9476 4024 2585 14952 2667 2180
leaf_count=48433 2200 2629 42028 2524 7351 74119 4469 11162 2065 6457 4238 2008 15244 3319 2327 14015 3344 2016 6635 3095 6954 4808 18493 2228 9476 4024 2585 14952 2667 2180
internal_value=5.48377e-05 0.0949813 -0.0522861 0.0576205 0.147734 -0.0724711 -0.0205846 0.0303739 0.2024 0.12872 0.087531 0.0814903 0.020769 0.147797 0.0108909 0.0632031 0.231704 0.096287 -0.060242 0.1091 0.120604 0.0371549 -0.0318951 0.145461 0.158431 0.104055 0.120334 0.00333638 0.0820646 0.261639
internal_weight=328045 116589 211456 68264 48325 129187 82269 35754 12446 35879 32510 30310 31214 20146 21748 18253 8153 4540 80754 12057 10049 20052 60521 4293 16827 15733 9042 19421 6691 4809
internal_count=328045 116589 211456 68264 48325 129187 82269 35754 12446 35879 32510 30310 31214 20146 21748 18253 8153 4540 80754 12057 10049 20052 60521 4293 16827 15733 9042 19421 6691 4809
cat_boundaries=0 13 29 39 55 87 100
cat_threshold=8 0 0 16272 0 0 127232 0 0 987136 0 0 6488064 67 0 0 48 0 0 25344 0 0 405504 0 0 12648448 0 0 1048576 235 0 0 1792 0 0 61440 0 0 458752 7 0 0 96 0 0 1024 0 0 2097152 0 0 16777216 0 0 402653184 0 0 0 64 0 0 6144 0 0 3244032 0 0 54263808 0 0 599785472 0 0 2617245696 0 0 1879048192 0 0 0 512 0 0 0 0 0 20480 0 0 0 48 0 0 768 0 0 270336 0 0 4194304
is_linear=0
shrinkage=0.05


Tree=4
num_leaves=31
num_cat=7
split_feature=3 25 25 44 20 41 21 25 25 44 37 37 5 5 35 5 5 5 14 41 37 41 5 29 21 37 41 5 35 37
split_gain=585027 85720.1 48575.5 20888.6 14516.7 13298.5 12221.8 8984.75 8872.41 8361.68 7253.37 5939.82 5947.15 5928.02 3695.47 3586.39 3366.44 3262.97 3046.45 2645.39 2578.4 2404.08 2366.96 2268 2229.91 2100.63 2006.32 1927.45 1845.23 1580.52
threshold=1.0000000180025095e-35 5.0117523670196542 2.1807572841644292 7.3355708122253427 1.9814573526382449 1.4976993203163149 1.6880444288253786 3.3543862104415898 3.9886457920074467 9.3987412452697772 -0.79115164279937733 -2.0222911834716792 0 1 6.3796043395996103 2 3 4 1.8864429593086245 2.4979010820388798 0.45774823427200323 4.7490544319152841 5 0.95030593872070324 2.4860519170761113 0.82658958435058605 1.0620239377021792 6 8.2917213439941424 1.0429037213325503
decision_type=2 2 2 2 2 2 2 2 2 2 2 2 9 9 2 9 9 9 2 2 2 2 9 2 2 2 2 9 2 2
left_child=1 4 5 11 7 26 9 22 17 20 -8 -3 18 -12 -14 28 -10 -4 -13 -7 -5 -17 -1 27 25 -15 -2 -20 -6 -11
right_child=2 3 8 6 15 19 10 -9 16 29 13 12 14 24 -16 21 -18 -19 23 -21 -22 -23 -24 -25 -26 -27 -28 -29 -30 -31
leaf_value=-0.017939806180343413 -0.096585441914196171 0.037203277581763408 -0.012900765400906431 0.14165036898377178 0.08595290947134783 -0.057903014441073188 0.05429977322248826 0.049167652693104066 0.053803755820343614 0.22355733319265292 0.082102932338108045 0.087771538523577983 0.075771064452266362 0.1542251786136285 0.12985399519992044 0.10145647814634191 -0.0057515820718713438 -0.035869037002750674 0.10285287721325063 -0.0322500207567952 0.20113589724272601 0.046189299070344358 0.019945337774190375 0.19229637017046056 0.13391316197342409 0.22332449300282287 -0.077421566475499692 0.14816861088659525 0.13409972170517018 0.28574266577632063
leaf_weight=9323 24537 2877 34041 4270 6502 70644 2510 18819 5480 2505 2521 3134 11947 2089 4334 2554 4174 28404 3775 11767 3412 8664 7359 2034 2533 2675 31814 8334 2948 2240
leaf_count=9323 24537 2877 34041 4270 6502 70644 2510 18819 5480 2505 2521 3134 11947 2089 4334 2554 4174 28404 3775 11767 3412 8664 7359 2034 2533 2675 31814 8334 2948 2240
internal_value=4.08525e-05 0.0895143 -0.0497593 0.130452 0.0449014 -0.067057 0.165922 0.0254947 -0.0164634 0.20099 0.130438 0.106314 0.112226 0.149828 0.0901834 0.0782074 0.0281248 -0.0233601 0.132805 -0.0542445 0.168298 0.0587988 -0.00122424 0.142809 0.172733 0.193411 -0.0857818 0.134345 0.100992 0.253453
internal_weight=328220 117359 210861 61190 56169 138762 24755 35501 72099 12427 12328 36435 33558 9818 16281 20668 9654 62445 17277 82411 7682 11218 16682 14143 7297 4764 56351 12109 9450 4745
internal_count=328220 117359 210861 61190 56169 138762 24755 35501 72099 12427 12328 36435 33558 9818 16281 20668 9654 62445 17277 82411 7682 11218 16682 14143 7297 4764 56351 12109 9450 4745
cat_boundaries=0 16 29 39 68 100 120 124
cat_threshold=200 0 0 16128 0 0 126976 0 0 983040 0 0 0 0 0 1048576 772 0 0 12544 0 0 196608 0 0 524288 0 0 12582912 0 0 0 3840 0 0 127232 0 0 393216 16 0 0 256 0 0 0 0 0 8192 0 0 4390912 0 0 135266304 0 0 50331648 0 0 0 0 0 0 481 0 0 8064 16 0 0 256 0 0 1024 0 0 155648 0 0 4390912 0 0 3145728 0 0 50331648 0 0 0 2 0 0 504 0 0 16256 0 0 106496 487 0 0 8304 0 0 65536 0 0 2621440 0 0 16777216 0 0 403701760 0 0 0 1 192 0 0 15872
is_linear=0
shrinkage=0.05


Tree=5
num_leaves=31
num_cat=8
split_feature=2 25 25 34 5 41 37 5 34 5 25 5 29 19 41 33 5 27 11 5 5 5 30 25 41 27 25 25 25 17
split_gain=531991 75834.9 44534.8 20585.2 14173.5 13956.6 11024 9489.78 8174.41 7919.05 7183.7 5897.19 4886.17 4801.53 4247.65 3799.21 3613.61 3243.46 3178.21 2963.12 2787.45 2467.9 2309.32 1972.39 1939.13 1895.84 2099.28 1710.3 1644.79 1611.62
threshold=1.0000000180025095e-35 5.1880581378936776 2.348487496376038 -3.4586486816406246 0 1.4976993203163149 -1.5327262878417967 1 -4.2460937499999991 2 4.4892911911010751 3 0.98714065551757824 2.0557651519775395 5.7952284812927255 15.190464019775392 4 1005.7502441406251 0.71103212237358104 5 6 7 948.43750000000011 6.9431328773498544 1.0790393352508547 1008.1398010253907 2.8340374231338505 1.7430980801582339 3.3543862104415898 1.9674353003501894
decision_type=2 2 2 2 9 2 2 9 2 9 2 9 2 2 2 2 9 2 2 9 9 9 2 2 2 2 2 2 2 2
left_child=2 4 5 9 13 24 16 12 -6 29 20 -10 23 25 21 -15 -5 -16 27 -12 28 -11 -13 -8 -1 -2 -27 -7 -4 -3
right_child=1 3 10 6 8 18 7 -9 11 14 19 22 -14 15 17 -17 -18 -19 -20 -21 -22 -23 -24 -25 -26 26 -28 -29 -30 -31
leaf_value=-0.09129799192007676 0.10096397887004763 0.14784533920153298 -0.014765870030769701 0.0073964300492647891 0.11276333429337365 -0.061035318713710554 0.11719599125555985 0.091057662673656281 -0.0067677118248038962 0.25492741528479679 0.092381571531530107 0.045895665128946828 0.21260659925777992 0.15222027728754031 0.20436873818676424 0.083095012525839035 0.086091990310199887 0.11432188472401879 -0.029042031049518958 0.01513265776178134 -0.030170791309719919 0.18582920392650215 0.0064798564254036836 0.15089831231351195 -0.072694223290130672 0.0020840909911079373 0.058495749788550148 -0.04621984950290467 0.0089532449329155755 0.084511267208348659
leaf_weight=25877 2039 2134 22680 3073 2519 40505 9349 16983 13014 3694 2007 15368 2218 2782 2061 7163 2776 2045 15468 3251 21598 2827 4905 8650 31429 2004 9325 38002 10774 2005
leaf_count=25877 2039 2134 22680 3073 2519 40505 9349 16983 13014 3694 2007 15368 2218 2782 2061 7163 2776 2045 15468 3251 21598 2827 4905 8650 31429 2004 9325 38002 10774 2005
internal_value=0.000125193 0.0857096 -0.0471741 0.126424 0.0458788 -0.0616569 0.108901 0.118935 0.0260872 0.177403 -0.0108415 0.0195039 0.14218 0.0762084 0.200435 0.102565 0.044989 0.159907 -0.0497874 0.0449424 -0.0161766 0.225977 0.0363491 0.133468 -0.0811094 0.0565952 0.0485277 -0.0538706 -0.00712451 0.117161
internal_weight=328525 116934 211591 57815 59119 151281 43049 37200 35806 14766 60310 33287 20217 23313 10627 9945 5849 4106 93975 5258 55052 6521 20273 17999 57306 13368 11329 78507 33454 4139
internal_count=328525 116934 211591 57815 59119 151281 43049 37200 35806 14766 60310 33287 20217 23313 10627 9945 5849 4106 93975 5258 55052 6521 20273 17999 57306 13368 11329 78507 33454 4139
cat_boundaries=0 13 23 39 55 68 97 129 142
cat_threshold=8 0 0 7936 0 0 127232 0 0 987136 0 0 6488064 234 0 0 3840 0 0 126976 0 0 458752 316 0 0 16320 0 0 200704 0 0 3211264 0 0 18874368 0 0 134217728 7 0 0 96 0 0 1024 0 0 2097152 0 0 25165824 0 0 402653184 1009 0 0 15936 0 0 229376 0 0 1572864 0 0 16777216 8 0 0 0 0 0 0 0 0 8192 0 0 4259840 0 0 1048576 0 0 0 0 0 0 0 0 0 96 0 0 8064 28 0 0 256 0 0 1024 0 0 155648 0 0 4390912 0 0 137363456 0 0 1124073472 0 0 0 2 0 0 496 0 0 16256 0 0 98304 1 0 0 48 0 0 768 0 0 270336 0 0 4194304
is_linear=0
shrinkage=0.05


Tree=6
num_leaves=31
num_cat=0
split_feature=3 42 42 34 19 34 37 41 42 42 44 19 39 36 27 44 16 11 27 21 19 41 0 36 30 37 14 37 26 23
split_gain=476929 70763.6 39720.4 18616.2 12765.2 10336.1 10280.7 9389.32 9082.88 8870.78 7272.8 4848.33 6758 4779.04 5826.1 3796.59 2896.75 2753.65 2710.09 2007.25 1880.84 1744.56 1669.65 1640.37 1617.18 1571.98 1489.39 2020.73 1294.84 1263.89
threshold=1.0000000180025095e-35 5.1326959133148202 2.0411568880081181 -3.7001342773437496 2.1785362958908085 -3.8694763183593746 -1.5937570333480833 1.3690844774246218 3.0504306554794316 3.0206179618835454 7.0063858032226571 1.9316143393516543 1.1672720313072207 53.127765655517585 1009.7208251953126 5.0533545017242441 1.3859851360321047 0.88021454215049755 1008.2775878906251 1.6033986806869509 1.6032296419143679 2.6793735027313237 15.750000000000002 67.020893096923842 869.81250000000011 0.65343308448791515 2.6049475669860844 0.34814637899398809 9.5860838890075701 27.471233367919925
decision_type=2 2 2 2 2 2 2 2 2 2 2 2 2 2 2 2 2 2 2 2 2 2 2 2 2 2 2 2 2 2
left_child=1 4 7 11 5 -1 24 -2 21 20 16 12 -3 18 -15 -10 -8 -9 -6 28 -7 -4 -14 -18 -5 -11 -21 -28 -12 -13
right_child=2 3 8 6 13 9 10 17 15 25 19 29 22 14 -16 -17 23 -19 -20 26 -22 -23 -24 -25 -26 -27 27 -29 -30 -31
leaf_value=0.10564343097862899 -0.080217768842380521 0.13561326386274172 -0.035492015213282428 0.075003496182019971 0.01294163330839279 -0.020201609676064214 0.055403391822469332 -0.054887876591060675 -0.00079208040836564568 0.031445682916868188 0.14395472828640973 0.15436896681502041 0.25253084638979723 0.18404733469294754 0.070306428476786101 0.063999479914089955 0.096586065924931033 -0.021741158146667407 0.077603415959018637 0.10309342577124225 0.021239005386949592 -0.015424721093030447 0.19462270172579976 0.13612299753998791 0.020242093311149061 0.059457270999148083 0.10468663832618733 0.17212735013933123 0.19207227783825789 0.099837595231240972
leaf_weight=3978 46941 3343 39485 2185 2092 10985 3849 73727 26144 19296 4675 2281 3028 2203 2333 2465 16568 6867 7248 4704 3637 14955 2577 3203 3523 6788 2007 2698 2214 2172
leaf_count=3978 46941 3343 39485 2185 2092 10985 3849 73727 26144 19296 4675 2281 3028 2203 2333 2465 16568 6867 7248 4704 3637 14955 2577 3203 3523 6788 2007 2698 2214 2172
internal_value=0.000130034 0.08079 -0.044911 0.119421 0.0418372 0.0288166 0.104158 -0.0624335 -0.0179981 0.0212846 0.113134 0.171269 0.192609 0.0837155 0.12583 0.00481088 0.0953182 -0.0520667 0.0631496 0.13888 -0.00988642 -0.0299833 0.226301 0.103057 0.0412991 0.0387553 0.123501 0.143642 0.159675 0.128054
internal_weight=328171 117587 210584 59027 58560 44684 45626 127535 83049 40706 39918 13401 8948 13876 4536 28609 23620 80594 9340 16298 14622 54440 5605 19771 5708 26084 9409 4705 6889 4453
internal_count=328171 117587 210584 59027 58560 44684 45626 127535 83049 40706 39918 13401 8948 13876 4536 28609 23620 80594 9340 16298 14622 54440 5605 19771 5708 26084 9409 4705 6889 4453
is_linear=0
shrinkage=0.05


Tree=7
num_leaves=31
num_cat=7
split_feature=3 25 26 5 27 41 28 39 25 8 26 36 27 19 5 29 5 30 19 5 29 25 41 41 8 43 25 5 43 25
split_gain=430608 63041.1 36240.4 16587.7 12721 9402.03 8236.4 7410.72 7278.75 4834.43 4562.9 4501.02 7400.63 4203.72 4087.74 5913.27 4016.66 3945.31 3360.62 2799.37 2393 2388.73 2325.27 2261.42 2151.88 2413.56 1968 1669.1 1499.08 1372.67
threshold=1.0000000180025095e-35 5.6957099437713632 2.9682515859603886 0 1005.9644775390626 1.468847453594208 1005.5815429687501 2.3227946758270268 3.5930967330932622 1 4.1931142807006845 53.127765655517585 1009.9340209960939 1.9504838585853579 2 0.97104263305664074 3 1194.8125000000002 1.6115654706954958 4 0.96862411499023449 4.4892911911010751 5.8629980087280282 2.4631687402725224 5 7.5631408691406259 4.9573357105255136 6 0.99971029162406932 7.2531371116638192
decision_type=2 2 2 9 2 2 2 2 2 1 2 2 2 2 9 2 9 2 2 9 2 2 2 2 1 2 2 9 2 2
left_child=1 3 5 11 9 28 -5 14 23 -3 18 21 13 -13 15 17 -11 -6 -8 26 -12 -1 -14 -4 25 -16 -10 -7 -2 -26
right_child=2 4 8 6 7 27 10 -9 19 16 20 12 22 -15 24 -17 -18 -19 -20 -21 -22 -23 -24 -25 29 -27 -28 -29 -30 -31
leaf_value=0.045922343441970152 -0.08446707076113058 0.24554509309207001 -0.032168046157438276 0.10220819377779469 0.11828492712791779 -0.035229291111161659 -0.020569676283232682 0.19212229653351498 0.019403431280358527 0.19789996850825928 0.025670325056169809 0.09832734360011075 0.016235097546285642 0.19459345591504693 0.086324320859261769 0.17368180229981958 0.10355402037384226 0.060955468700865316 0.030958679402959783 -0.012988939213143706 0.076186734556687424 0.078807277396212488 0.092096630518470141 -0.012637410024896543 0.091510124444134866 0.032775582164326009 0.072504946215516147 -0.051655264298537076 -0.067328720116851024 0.14376408061729865
leaf_weight=11801 22023 2166 30784 3087 14622 21124 9967 2580 7879 2551 17762 2282 2015 2328 7808 4011 2259 3820 4624 5545 2696 10485 2026 28615 3673 2903 2236 61194 31390 2002
leaf_count=11801 22023 2166 30784 3087 14622 21124 9967 2580 7879 2551 17762 2282 2015 2328 7808 4011 2259 3820 4624 5545 2696 10485 2026 28615 3673 2903 2236 61194 31390 2002
internal_value=9.89112e-05 0.0768081 -0.0426508 0.0461377 0.120565 -0.0580672 0.0240369 0.109991 -0.014769 0.183096 0.0171315 0.0733334 0.103996 0.147257 0.104487 0.118479 0.154523 0.106449 -0.00422993 0.0155479 0.0323615 0.0614223 0.0544026 -0.022763 0.0851301 0.0718551 0.0311712 -0.0474555 -0.0744096 0.110164
internal_weight=328258 117468 210790 69073 48395 135731 38136 41419 75059 6976 35049 30937 8651 4610 38839 22453 4810 18442 14591 15660 20458 22286 4041 59399 16386 10711 10115 82318 53413 5675
internal_count=328258 117468 210790 69073 48395 135731 38136 41419 75059 6976 35049 30937 8651 4610 38839 22453 4810 18442 14591 15660 20458 22286 4041 59399 16386 10711 10115 82318 53413 5675
cat_boundaries=0 13 14 30 43 72 73 105
cat_threshold=8 0 0 16256 0 0 127232 0 0 987136 0 0 6488064 4 235 0 0 1792 0 0 61952 0 0 458752 0 0 0 0 0 1048576 1 0 0 16 0 0 17152 0 0 405504 0 0 4259840 16 0 0 256 0 0 0 0 0 155648 0 0 4390912 0 0 137363456 0 0 50331648 0 0 0 8 0 0 496 0 0 8064 2 4 0 0 256 0 0 7168 0 0 188416 0 0 4653056 0 0 74448896 0 0 50331648 0 0 0 0 0 0 480 0 0 15872 0 0 110592
is_linear=0
shrinkage=0.05


Tree=8
num_leaves=31
num_cat=0
split_feature=2 27 41 38 19 41 37 27 41 38 37 37 7 12 41 18 38 27 1 38 41 38 41 0 22 10 1 31 1 41
split_gain=389706 41983.2 30691.8 25874.7 10580.1 9820.61 9329.77 8370.36 7899.94 5391.98 4858.29 3908.26 3582.78 3483.45 3101.03 3093.77 2853.32 2845.01 2757.48 2712.1 2426.53 2417.4 2563.95 2307.39 2517.21 2349.45 1767.33 1695.33 1501.27 1369.31
threshold=1.0000000180025095e-35 1006.3625793457032 2.2714009284973149 -0.25319314002990717 2.1785362958908085 1.3871138095855715 -1.5937570333480833 1009.3816528320314 4.9090037345886239 1.2301309108734133 0.9547642469406129 1.1437010765075686 2.5000000000000004 1.4916790723800661 2.905358195304871 1.8766137361526491 0.41194170713424688 1007.9986267089845 76.250000000000014 4.672126531600953 3.3675248622894292 -2.1767258644103999 5.2640168666839608 10.750000000000002 0.68807601928710949 2.4435061216354375 88.750000000000014 37.577373504638679 86.750000000000014 6.6292166709899911
decision_type=2 2 2 2 2 2 2 2 2 2 2 2 2 2 2 2 2 2 2 2 2 2 2 2 2 2 2 2 2 2
left_child=2 12 5 4 10 -1 26 11 20 14 21 19 13 -2 -4 -13 -7 -6 -10 -8 -9 29 -23 -19 -25 -26 -5 -11 -20 -3
right_child=1 3 9 6 17 16 7 8 18 27 -12 15 -14 -15 -16 -17 -18 23 28 -21 -22 22 -24 24 25 -27 -28 -29 -30 -31
leaf_value=-0.07167780618551349 0.13757433334811783 -0.0015549230923020785 -0.025582758476752787 0.052860533770246645 0.026212700098121929 -0.048598321996233956 0.094355421346401333 -0.00064622901421254207 0.054270385242430788 0.070100015478673172 0.070208932747653247 0.12857799352519786 0.12932785033566693 0.2170414805042237 -0.0023059226927608224 0.20356405108430808 -0.027278729245332846 0.054198011411350291 0.13012030123088492 0.15890404780889839 0.060416859476926571 0.013488100888501926 0.048551991608397488 0.06452520797109379 0.15063175513806726 0.088137764016085765 -0.0047845966347856176 0.013591879277760939 0.096860329948650528 0.03288709470684361
leaf_weight=49136 2094 11619 38877 3665 2448 74673 7057 2047 2378 2017 6103 3150 3612 4527 22642 2577 19928 4332 6712 2153 7914 9372 11769 3559 2893 3267 2081 3864 7326 3829
leaf_count=49136 2094 11619 38877 3665 2448 74673 7057 2047 2378 2017 6103 3150 3612 4527 22642 2577 19928 4332 6712 2153 7914 9372 11769 3559 2893 3267 2081 3864 7326 3829
internal_value=1.87916e-05 0.073433 -0.0404853 0.0641055 0.0420932 -0.0535387 0.0917772 0.10008 0.0830806 -0.0126439 0.02894 0.130022 0.170126 0.192154 -0.0170175 0.162616 -0.0441106 0.0760894 0.104398 0.109601 0.0478802 0.0220391 0.0330216 0.0847543 0.0983042 0.117684 0.0320114 0.0330585 0.112844 0.00699776
internal_weight=327621 116484 211137 106251 59191 143737 47060 41314 26377 67400 42692 14937 10233 6621 61519 5727 94601 16499 16416 9210 9961 36589 21141 14051 9719 6160 5746 5881 14038 15448
internal_count=327621 116484 211137 106251 59191 143737 47060 41314 26377 67400 42692 14937 10233 6621 61519 5727 94601 16499 16416 9210 9961 36589 21141 14051 9719 6160 5746 5881 14038 15448
is_linear=0
shrinkage=0.05


Tree=9
num_leaves=31
num_cat=8
split_feature=2 42 42 34 28 5 42 5 5 29 5 30 40 7 26 42 33 14 42 10 15 5 34 29 12 5 21 27 5 5
split_gain=354316 51527.3 30300.5 14545.7 9984.73 10195.3 7533.48 6154.17 5959.78 6651.24 5480.84 3763.69 3249.12 3096.1 3058.7 2872.53 2772.45 2573.57 2056.21 2055.95 3526.98 2007.51 1869.77 1818.9 1690.08 1654.97 1542.32 1541.59 1413.12 1402.51
threshold=1.0000000180025095e-35 5.0117523670196542 1.9885083436965945 -3.9569396972656246 1005.1378173828126 0 2.9673554897308354 1 2 0.99222183227539074 3 1194.8125000000002 4.7750952243804941 1.5000000000000002 4.1603055000305185 4.6428194046020517 15.661247730255129 1.6192851662635805 1.0949981212615969 1.7045981884002688 2.5493795871734624 4 -2.5518798828124996 0.69923400878906261 0.70630970597267162 5 1.5366659760475161 1007.8466186523439 6 7
decision_type=2 2 2 2 2 9 2 9 9 2 9 2 2 2 2 2 2 2 2 2 2 9 2 2 2 9 2 2 9 9
left_child=2 4 10 7 -2 13 -4 -3 9 11 18 17 -10 -6 26 29 -15 -5 -1 -9 25 -17 -18 -13 -12 -21 -7 -16 -24 -8
right_child=1 3 6 8 5 14 15 19 12 -11 24 23 -14 16 27 21 22 -19 -20 20 -22 -23 28 -25 -26 -27 -28 -29 -30 -31
leaf_value=-0.074260627573427315 0.14049411212291454 0.077696842390720222 -0.026954509452437204 0.053289300459731542 0.029786505060712166 -0.019265852334113071 -0.020933326666229254 0.12611982878437822 0.063663267535882945 0.18327857126702507 -0.047077769214009552 0.032209044501533966 0.13036542796470904 0.10013839425203777 0.067236822611885155 0.076349764949467991 0.012607820070422349 0.11319226611877982 -0.056338758647115163 0.16650797006371976 0.12747173385360644 0.0079813933977296043 0.093113433706314516 0.094166763800258291 -0.024057628860214366 0.23077146543179927 0.014946315148495865 0.020678230738179683 0.049517446201254589 0.0045811115461839051
leaf_weight=29504 2154 2440 56403 2026 7521 8190 7403 2339 19928 2480 49049 2885 2013 4884 2010 2092 2136 17591 35578 2298 2232 2210 2947 2020 9561 2949 5497 15048 5464 19612
leaf_count=29504 2154 2440 56403 2026 7521 8190 7403 2339 19928 2480 49049 2885 2013 4884 2010 2092 2136 17591 35578 2298 2232 2210 2947 2020 9561 2949 5497 15048 5464 19612
internal_value=0.000122385 0.0699095 -0.038518 0.101598 0.0351735 0.0309233 -0.0160377 0.150335 0.0893634 0.105157 -0.0544579 0.097228 0.0698077 0.0561239 0.0120761 0.00362619 0.0689693 0.107036 -0.0644636 0.16804 0.181188 0.0415235 0.0544546 0.0578644 -0.0433199 0.203752 -0.00552461 0.0262006 0.0650542 -0.00242189
internal_weight=328464 117052 211412 61201 55851 53697 87720 12258 48943 27002 123692 24522 21941 22952 30745 31317 15431 19617 65082 9818 7479 4302 10547 4905 58610 5247 13687 17058 8411 27015
internal_count=328464 117052 211412 61201 55851 53697 87720 12258 48943 27002 123692 24522 21941 22952 30745 31317 15431 19617 65082 9818 7479 4302 10547 4905 58610 5247 13687 17058 8411 27015
cat_boundaries=0 13 29 45 77 106 122 132 164
cat_threshold=776 0 0 16256 0 0 127232 0 0 462848 0 0 2293760 444 0 0 13120 0 0 200704 0 0 3145728 0 0 16777216 0 0 134217728 234 0 0 1792 0 0 126976 0 0 983040 0 0 0 0 0 1048576 4 0 0 64 0 0 0 0 0 0 0 0 50331648 0 0 805306368 0 0 3221225472 3 0 2147483648 63 0 0 526 0 0 240 0 0 3840 24 0 0 256 0 0 0 0 0 8192 0 0 4390912 0 0 135266304 0 0 0 0 0 0 0 0 0 352 0 0 8064 66 0 0 3072 0 0 0 0 0 77824 0 0 196608 0 0 1048576 8 0 0 3584 0 0 61440 0 0 65536 0 0 0 64 0 0 7168 0 0 3244032 0 0 54263808 0 0 599785472 0 0 469762048 0 0 4026531840 48 0 0 512 0 0 64 0 0 36864
is_linear=0
shrinkage=0.05


Tree=10
num_leaves=31
num_cat=7
split_feature=2 25 25 5 37 43 28 7 28 28 37 11 25 5 5 26 25 40 38 28 20 5 5 16 33 5 5 40 43 33
split_gain=317977 46612.6 27774.9 16185.9 9411.59 9013.69 6642.19 6576.24 5381.93 4922.13 4855.67 4340.24 4330.29 4180.73 3894.82 3729.17 3049.51 2898.71 2877.94 2701.01 2609.45 2442.84 2140.27 2016.4 1982.8 1943.7 1780.75 1739.99 1277.93 1255.53
threshold=1.0000000180025095e-35 6.3094453811645517 2.3981243371963505 0 0.32101786136627203 1.3484491109848025 1005.6865844726564 2.5000000000000004 1008.5209350585939 1005.4815673828126 -2.4381810426712032 1.7000029087066653 4.4892911911010751 1 2 4.7477834224700937 4.073697805404664 2.5715105533599858 5.0189549922943124 1008.5209350585939 2.0017129182815556 3 4 1.3045412302017214 14.395584106445314 5 6 2.6564154624938969 0.93743243813514721 15.834432125091555
decision_type=2 2 2 9 2 2 2 2 2 2 2 2 2 9 9 2 2 2 2 2 2 9 9 2 2 9 9 2 2 2
left_child=2 3 5 6 14 28 -2 8 21 -5 -11 16 26 -9 17 20 -12 -3 29 -13 -8 -6 -14 -18 -17 -7 -4 -15 -1 -16
right_child=1 4 12 9 7 25 15 13 -10 10 11 19 22 27 18 24 23 -19 -20 -21 -22 -23 -24 -25 -26 -27 -28 -29 -30 -31
leaf_value=-0.074405045608583922 0.085979374474134729 0.091932655684889467 -0.0037507147014700206 0.1424234325028807 0.13213665083616397 -0.027696388107852434 -0.0099641409595533706 0.14993480585205723 0.11489919830306419 0.0013291147063447238 0.033022167439316928 0.14769688060391059 0.076165561984910285 0.098328670511458827 0.11195929465819326 0.066908992037064172 0.026309778470454234 0.018405662570618802 0.15569552402996167 0.082556096515570276 0.034279476847609375 0.19813983668971538 0.01082093697270823 0.077838902735162196 0.024322623440100461 -0.04305755946649982 -0.022750823687617945 0.0367169883116749 -0.058225798974172849 0.076321383535845125
leaf_weight=18139 3738 2323 31652 2097 2215 30009 14326 2319 5119 2875 7870 2264 2040 2258 4099 3318 2206 3166 2001 5570 4332 5950 3240 14222 15461 67446 20203 2355 38723 6609
leaf_count=18139 3738 2323 31652 2097 2215 30009 14326 2319 5119 2875 7870 2264 2040 2258 4099 3318 2206 3166 2001 5570 4332 5950 3240 14222 15461 67446 20203 2355 38723 6609
internal_value=1.32708e-05 0.0662649 -0.0365501 0.0441183 0.111371 -0.0475759 0.0225079 0.13488 0.155524 0.0680629 0.0635886 0.0691571 -0.00676709 0.0951516 0.0851961 0.0161552 0.058677 0.0495435 0.100425 0.101546 0.000321168 0.180822 0.0363284 0.0709396 0.0318787 -0.038338 -0.0111613 0.0668779 -0.0633992 0.0900552
internal_weight=328145 116693 211452 78279 38414 154317 41175 20216 13284 37104 35007 32132 57135 6932 18198 37437 24298 5489 12709 7834 18658 8165 5280 16428 18779 97455 51855 4613 56862 10708
internal_count=328145 116693 211452 78279 38414 154317 41175 20216 13284 37104 35007 32132 57135 6932 18198 37437 24298 5489 12709 7834 18658 8165 5280 16428 18779 97455 51855 4613 56862 10708
cat_boundaries=0 26 39 55 71 100 132 164
cat_threshold=1015 0 0 112 0 0 132608 0 0 3153920 0 0 25165824 0 0 403701760 0 0 0 0 0 0 0 0 0 128 227 0 0 48 0 0 768 0 0 12288 0 0 196608 768 0 0 16064 0 0 245760 0 0 3670016 0 0 27262976 0 0 1048576 828 0 0 8512 0 0 136192 0 0 3149824 0 0 27394048 0 0 134217728 8 0 0 0 0 0 0 0 0 8192 0 0 4259840 0 0 135266304 0 0 0 0 0 0 0 0 0 96 0 0 8064 4 0 0 256 0 0 7168 0 0 57344 0 0 4653056 0 0 7340032 0 0 1124073472 0 0 0 0 0 0 496 0 0 15872 0 0 118784 16 0 0 256 0 0 5120 0 0 155648 0 0 4390912 0 0 137363456 0 0 1124073472 0 0 0 2 0 0 496 0 0 16256 0 0 65536
is_linear=0
shrinkage=0.05


Tree=11
num_leaves=31
num_cat=8
split_feature=41 25 25 5 34 25 41 5 27 38 5 29 15 5 5 33 8 43 44 44 25 25 43 5 25 41 28 5 33 32
split_gain=288559 49692.7 19756 13100.3 9239.84 4887.49 4725.42 4693.24 4618.89 4213.26 3957.56 4441.71 3652.92 3465.9 2977.85 2820.09 2561.51 2418.54 2344.96 1929.39 1824.46 1573.18 1415.7 1553.75 1284.01 1276.67 1274.39 1207.3 1172.46 1165
threshold=3.2003064155578618 5.6957099437713632 1.9101835489273074 0 -4.5572509765624991 2.9128234386444096 1.25154584646225 1 1007.7702636718751 5.3991885185241708 2 0.99425888061523449 1.8147532939910891 3 4 13.937088012695314 5 8.6333761215209979 4.9956943988800058 7.3355708122253427 3.6305658817291264 3.3231831789016728 7.6886742115020761 6 7.2531371116638192 5.7249102592468271 1005.990936279297 7 18.502848625183109 588.60345458984386
decision_type=2 2 2 9 2 2 2 9 2 2 9 2 2 9 9 2 1 2 2 2 2 2 2 9 2 2 2 9 2 2
left_child=2 3 6 12 7 -4 -1 25 14 10 11 17 21 28 -5 -14 22 19 -7 -6 -15 -2 23 -12 -18 -3 -8 -28 -10 -17
right_child=1 4 5 8 9 18 26 -9 13 -11 16 -13 15 20 -16 29 24 -19 -20 -21 -22 -23 -24 -25 -26 -27 27 -29 -30 -31
leaf_value=-0.064969720844023443 0.0044638426909783769 0.20115301659181359 -0.027122872402297233 0.10477606064115511 0.08648994180841299 -0.0057673790937381886 -0.018913405797101303 0.10297556341413756 0.035312294469032675 0.15467381934793378 0.086542718879823496 0.16843212420036122 0.11972940434148889 -0.013325371072532319 0.03195763930726371 0.05349661972900295 0.074629607055236941 0.052098222050194293 0.048290608594751566 0.12361469488607146 0.01792846458505775 0.048231847995434965 0.021844588428516259 0.041157711069811483 0.12524420179919338 0.14690640098434568 -0.032805499738531904 -0.0485696496674312 0.011099132488497478 0.081182254083410316
leaf_weight=38347 2645 2832 57797 2223 10297 25142 4952 3891 13519 2278 3627 2076 2866 13338 3876 8802 3480 3303 2170 5455 7172 9198 2954 4137 2029 2046 15794 57242 7950 6846
leaf_count=38347 2645 2832 57797 2223 10297 25142 4952 3891 13519 2278 3627 2076 2866 13338 3876 8802 3480 3303 2170 5455 7172 9198 2954 4137 2029 2046 15794 57242 7950 6846
internal_value=-4.35432e-07 0.059073 -0.0371973 0.0344804 0.0989073 -0.0188874 -0.0505898 0.145399 0.0182233 0.0885876 0.0845175 0.0988585 0.0601873 0.0123124 0.0588508 0.0740844 0.0656916 0.0912461 -0.00145625 0.0994167 -0.00239186 0.0384688 0.0514039 0.0626079 0.0934644 0.178382 -0.0435118 -0.0451768 0.0263432 0.0656532
internal_weight=328284 126840 201444 78435 48405 85109 116335 8769 48078 39636 37358 21131 30357 41979 6099 18514 16227 19055 27312 15752 20510 11843 10718 7764 5509 4878 77988 73036 21469 15648
internal_count=328284 126840 201444 78435 48405 85109 116335 8769 48078 39636 37358 21131 30357 41979 6099 18514 16227 19055 27312 15752 20510 11843 10718 7764 5509 4878 77988 73036 21469 15648
cat_boundaries=0 13 42 71 103 119 120 133 165
cat_threshold=8 0 0 16128 0 0 127232 0 0 987136 0 0 6356992 3 0 0 48 0 0 25344 0 0 401408 0 0 12648448 0 0 0 0 0 0 0 0 0 0 0 0 0 0 0 1024 232 0 0 1792 0 0 61440 0 0 2560000 0 0 131072 0 0 1048576 0 0 0 0 0 0 0 0 0 0 0 0 3072 1008 0 0 144 0 0 131584 0 0 1056768 0 0 131072 0 0 0 0 0 0 0 0 536870912 0 0 0 400 0 0 4096 0 0 32768 67 0 0 48 0 0 0 0 0 1048576 0 0 25296896 0 0 135266304 2 272 0 0 6144 0 0 65536 0 0 532480 0 0 4259840 2 0 0 32 0 0 7168 0 0 57344 0 0 1966080 0 0 15728640 0 0 33554432 2 0 536870912 0 0 0 416 0 0 15872 0 0 126976
is_linear=0
shrinkage=0.05


Tree=12
num_leaves=31
num_cat=2
split_feature=2 26 43 34 20 26 44 41 8 1 12 41 36 27 44 8 43 10 1 27 44 34 40 11 27 44 41 22 16 20
split_gain=260578 38110.5 22987.6 9946.37 7053.07 6041.11 5270.51 4864.97 4382.06 4168.22 3912.39 3612.48 3504.9 6964.44 3354.39 3233.8 2748.56 2649.81 2668 2446.45 2271.91 2235.57 2076.92 1999.78 1751.91 1494.8 1438.72 1250.12 1175.72 1157.98
threshold=1.0000000180025095e-35 6.4638965129852304 2.00657069683075 -3.3794860839843746 1.9814573526382449 4.5194840431213388 2.9974924325942998 1.25154584646225 0 74.250000000000014 1.5101221203804018 5.7249102592468271 62.165735244750984 1009.9340209960939 6.5399634838104257 1 7.2209274768829355 1.8394583463668825 88.750000000000014 1008.2775878906251 5.1733019351959237 -2.8299560546874996 3.93159031867981 0.89672672748565685 1007.4378356933595 8.1622352600097674 2.6793735027313237 2.3360252380371098 1.4288280010223391 2.3540058135986333
decision_type=2 2 2 2 2 2 2 2 1 2 2 2 2 2 2 1 2 2 2 2 2 2 2 2 2 2 2 2 2 2
left_child=2 4 7 8 5 21 26 -1 9 11 -10 -3 19 -14 16 17 28 -16 27 -6 -8 -2 -11 -9 -7 -17 -4 -19 -5 -21
right_child=1 3 6 14 12 24 20 23 10 22 -12 -13 13 -15 15 25 -18 18 -20 29 -22 -23 -24 -25 -26 -27 -28 -29 -30 -31
leaf_value=-0.061563516301658218 0.047457262254288798 0.17111677705164752 -0.027436443472140165 0.033393140565427352 0.0065723495288957301 0.079645259756878375 -0.00035349668042297097 -0.041927437389681639 0.11316971231700985 0.10808468791406473 0.20704109145474958 0.08584748619029145 0.14976296473252651 0.041561884928867129 0.097414704069356928 0.10080194354246748 0.005600644422190295 0.048180498450369563 0.012833831057107364 0.041174444500799968 0.053040309872115214 -0.0083861547171685518 0.044767749379630357 -0.0061045684550506902 0.033150528291770273 0.14886737760418753 -0.0099700022301410333 0.097905751074646996 0.07436001481247724 0.070086269860532985
leaf_weight=38888 2027 3294 40620 2121 3497 2247 28151 81223 2020 2526 2597 2049 2605 3474 7315 5511 2075 2329 2509 8411 2134 14903 2697 4096 20436 2395 16632 2852 10746 5971
leaf_count=38888 2027 3294 40620 2121 3497 2247 28151 81223 2020 2526 2597 2049 2605 3474 7315 5511 2075 2329 2509 8411 2134 14903 2697 4096 20436 2395 16632 2852 10746 5971
internal_value=-1.54877e-05 0.0600038 -0.0330693 0.0912964 0.0338868 0.0209263 -0.0134431 -0.046899 0.125512 0.107547 0.166304 0.138638 0.0552986 0.0880985 0.0775427 0.0895836 0.0590325 0.0758436 0.0552245 0.0441034 0.00342511 -0.00167605 0.0755378 -0.0402086 0.0377894 0.115532 -0.022365 0.0756888 0.0676382 0.0532182
internal_weight=328351 116607 211744 53036 63571 39613 87537 124207 15183 10566 4617 5343 23958 6079 37853 22911 14942 15005 7690 17879 30285 16930 5223 85319 22683 7906 57252 5181 12867 14382
internal_count=328351 116607 211744 53036 63571 39613 87537 124207 15183 10566 4617 5343 23958 6079 37853 22911 14942 15005 7690 17879 30285 16930 5223 85319 22683 7906 57252 5181 12867 14382
cat_boundaries=0 1 2
cat_threshold=2 2
is_linear=0
shrinkage=0.05


Tree=13
num_leaves=31
num_cat=0
split_feature=41 25 25 37 21 37 25 7 25 40 33 25 41 33 13 25 34 31 30 34 11 7 33 11 18 16 43 25 32 11
split_gain=234495 41796.7 16276.9 10988.6 7688.86 5190.94 5024.13 5216.89 4605.23 4460.5 4077.24 3949.56 3315.97 3070.07 2212.19 1907.13 1827.47 1756.54 1673.37 1334.68 1254.76 1198.92 1180.88 1464.51 1144.02 1198.75 1118.25 1106.46 974.025 909.907
threshold=3.2003064155578618 4.9020733833312997 1.7929748892784121 1.0429037213325503 1.6443044543266299 -1.9144792556762693 7.0446538925170907 2.5000000000000004 2.8340374231338505 5.4116954803466806 15.289919853210451 3.7456663846969609 1.6247138381004336 16.035647392272953 1.8203482627868655 4.6428194046020517 -2.3461303710937496 77.221878051757827 892.06250000000011 -4.8173828124999991 1.0433894991874697 1.5000000000000002 19.005503654479984 1.8675280809402468 2.1366806030273442 1.3572062253952029 0.8625379502773286 2.7361876964569096 697.16275024414074 1.6763862967491152
decision_type=2 2 2 2 2 2 2 2 2 2 2 2 2 2 2 2 2 2 2 2 2 2 2 2 2 2 2 2 2 2
left_child=2 4 12 5 11 18 17 16 -4 13 14 27 26 19 -6 -10 21 -5 -3 -7 -14 -8 23 -12 25 -15 -1 -2 -26 -19
right_child=1 3 8 6 10 9 7 -9 15 -11 22 -13 20 24 -16 -17 -18 29 -20 -21 -22 -23 -24 -25 28 -27 -28 -29 -30 -31
leaf_value=-0.067712511337278306 -0.012950090480939959 0.05614696169293442 -0.025943293937031677 0.05438979567799599 0.058420552345280069 0.1232473092231524 0.2056783449163033 0.086748814766519911 -0.0067339366571576636 0.13677639887535728 0.032065684857767202 0.031514011058749805 -0.038658509863293881 0.029683199246073322 0.11930454982612448 0.033305650629276123 0.12626502850280882 0.085635785929488561 -0.0020285421022398754 0.0800994846441693 -0.0036039537152651509 0.15219568005182715 0.01349196297397817 0.071305135870130862 0.019702006297816779 0.071655675839377556 -0.051036498360895993 0.0084513217967072778 0.0566202504037049 0.12770115152561187
leaf_weight=12782 11894 2005 65810 3279 4466 2126 2204 3928 26303 2616 9851 13694 40894 2030 2266 3343 2920 3882 3196 12873 2725 2420 5259 3143 3204 11173 49362 12249 4074 2039
leaf_count=12782 11894 2005 65810 3279 4466 2126 2204 3928 26303 2616 9851 13694 40894 2030 2266 3343 2920 3882 3196 12873 2725 2420 5259 3143 3204 11173 49362 12249 4074 2039
internal_value=1.31162e-05 0.0532685 -0.0335449 0.081715 0.0242943 0.0673661 0.111721 0.133843 -0.0185731 0.0737624 0.0458148 0.0100752 -0.0470545 0.0690791 0.0790607 -0.00220921 0.158216 0.084022 0.020463 0.0862934 -0.0364699 0.178077 0.0335166 0.0416045 0.0564364 0.0652296 -0.0544768 -0.00209304 0.040417 0.100313
internal_weight=328010 126791 201219 63969 62822 43297 20672 11472 95456 38096 24985 37837 105763 35480 6732 29646 7544 9200 5201 14999 43619 4624 18253 12994 20481 13203 62144 24143 7278 5921
internal_count=328010 126791 201219 63969 62822 43297 20672 11472 95456 38096 24985 37837 105763 35480 6732 29646 7544 9200 5201 14999 43619 4624 18253 12994 20481 13203 62144 24143 7278 5921
is_linear=0
shrinkage=0.05


Tree=14
num_leaves=31
num_cat=1
split_feature=41 25 25 44 8 19 1 36 28 33 25 25 26 43 34 43 1 35 43 14 44 34 19 13 34 28 41 28 31 34
split_gain=212440 37813.8 14204.9 9539.05 8426.93 7616.77 6286.51 5042.31 5555.79 4688.57 4032.58 3912.18 3127.34 3013.99 2669.37 2489.14 4037.46 2703.87 1639.46 2177.36 1433.55 1295.76 1463.94 1211.19 1004.98 949.34 868.637 827.848 1253.02 969.509
threshold=3.1648768186569218 4.9020733833312997 1.7929748892784121 7.3355708122253427 0 1.6115654706954958 90.750000000000014 62.165735244750984 1008.9321899414064 18.704064369201664 3.3231831789016728 2.8340374231338505 11.000851631164553 1.1722415685653689 -5.0683288574218741 8.8263130187988299 80.750000000000014 5.1131248474121103 7.5631408691406259 2.2150486707687382 4.8187649250030526 -2.0342712402343746 2.4875553846359257 0.98332858085632335 -2.8299560546874996 1006.3677978515626 2.4631687402725224 1008.7084350585939 83.897666931152358 1.8113098144531252
decision_type=2 2 2 2 1 2 2 2 2 2 2 2 2 2 2 2 2 2 2 2 2 2 2 2 2 2 2 2 2 2
left_child=2 5 13 9 6 10 15 21 -9 14 24 26 -6 -1 -3 17 -17 -5 19 -16 -13 -7 -23 -15 -2 -12 -4 28 -21 -29
right_child=1 3 11 4 12 7 -8 8 -10 -11 25 20 -14 23 18 16 -18 -19 -20 27 -22 22 -24 -25 -26 -27 -28 29 -30 -31
leaf_value=-0.0557725233029049 0.0244844785235038 0.12652818460171797 -0.028291985143523869 0.076247994649074738 0.12271927877332307 0.0092265063154257417 0.0087801004200594931 0.13926613825040945 0.039268474760954505 0.033614982122760532 0.052402079148302111 -0.0060844471154786785 0.19113685573962519 -0.039782181679656761 0.054826257586217376 0.11096702088890996 0.026959777763951011 0.13471125436188522 0.029395832845908982 0.12973235097375993 0.033728735136106677 0.0322709487118992 0.074097024447022417 -0.0088693566424958292 -0.009443396940500004 0.02157448104963406 -0.015329045214346651 0.06164958308095056 0.078586615855755396 0.095247104795720183
leaf_weight=38844 2472 2133 47592 3302 5449 4334 2514 2686 2888 10516 2911 26484 2490 63500 10399 2855 2873 5131 2477 2233 2462 10279 2631 3342 18104 17553 17798 5203 2748 3791
leaf_count=38844 2472 2133 47592 3302 5449 4334 2514 2686 2888 10516 2911 26484 2490 63500 10399 2855 2873 5131 2477 2233 2462 10279 2631 3342 18104 17553 17798 5203 2748 3791
internal_value=8.68772e-05 0.0503925 -0.0320991 0.0775151 0.10196 0.0231534 0.0816836 0.0463057 0.0876185 0.0622607 0.0102726 -0.0179929 0.144391 -0.0446874 0.0726388 0.0946108 0.0689518 0.111937 0.0683124 0.0722536 -0.00268766 0.0329087 0.0408457 -0.0382381 -0.00535739 0.0259832 -0.0247666 0.085173 0.101729 0.0759011
internal_weight=327994 127972 200022 64114 24614 63858 16675 22818 5574 39500 41040 94336 7939 105686 28984 14161 5728 8433 26851 24374 28946 17244 12910 66842 20576 20464 65390 13975 4981 8994
internal_count=327994 127972 200022 64114 24614 63858 16675 22818 5574 39500 41040 94336 7939 105686 28984 14161 5728 8433 26851 24374 28946 17244 12910 66842 20576 20464 65390 13975 4981 8994
cat_boundaries=0 1
cat_threshold=2
is_linear=0
shrinkage=0.05


Tree=15
num_leaves=31
num_cat=6
split_feature=41 25 26 5 34 5 36 43 5 29 5 15 25 36 28 30 28 21 5 8 25 41 43 29 25 44 16 21 23 43
split_gain=191151 34912.4 12995.9 9188.87 7230.35 4229.32 3364.84 3276.56 3208.17 3414.18 3105.04 3070.56 2921.51 2833.04 5351.56 2804.07 2297.76 2011.39 1893.6 1804.89 1724.48 1373.46 1323.29 1191.3 1157.68 1101.8 1042.52 850.487 804.34 779.429
threshold=3.1648768186569218 5.4255723953247079 2.6309000253677373 0 -4.2460937499999991 1 76.788425445556655 1.2606562376022341 2 0.99222183227539074 3 1.8328962326049807 2.6241382360458378 52.096366882324226 1008.4234313964845 1194.8125000000002 1009.0665588378907 1.5113440155982973 4 5 4.4366092681884775 5.7952284812927255 3.3946213722229008 0.68340682983398449 3.9070142507553105 7.3355708122253427 1.4147849678993227 1.6033986806869509 25.711006164550785 7.6886742115020761
decision_type=2 2 2 9 2 9 2 2 9 2 9 2 2 2 2 2 2 2 9 1 2 2 2 2 2 2 2 2 2 2
left_child=2 3 7 11 5 21 10 -1 9 15 -5 28 -4 22 -15 26 -8 -7 20 29 -14 -3 -13 -17 27 -21 -6 -12 -2 -10
right_child=1 4 12 6 8 17 16 -9 19 -11 24 13 18 14 -16 23 -18 -19 -20 25 -22 -23 -24 -25 -26 -27 -28 -29 -30 -31
leaf_value=-0.051458040356089821 0.00033878199440399087 0.16329747940220082 -0.023808367215708275 -0.010324855190946355 0.049980425558635903 0.11221791269533428 0.082294074801683492 -0.034387622746558731 0.050012610826564434 0.13433046555742809 0.001918907545810926 0.022500039063523426 0.0021872539507382213 0.15669362557008384 0.049116672337072807 0.014012350811040656 0.014710164937662543 0.045306045332889587 -0.013771303783376388 0.06144559955618735 0.051391094743593393 0.11183358628504932 0.061006631331730447 0.066669319750842795 0.030905496628538556 0.10576184074558111 0.088855749083045596 0.024021752680671096 0.035490959476426318 0.021028836279940989
leaf_weight=47559 2016 3682 46635 14730 2005 2261 2743 69062 9493 2745 11552 3193 11751 2052 2663 2288 2325 2267 22917 4689 2089 2181 7526 2026 10705 2048 14646 6975 8435 3097
leaf_count=47559 2016 3682 46635 14730 2005 2261 2743 69062 9493 2745 11552 3193 11751 2052 2663 2288 2325 2267 22917 4689 2089 2181 7526 2026 10705 2048 14646 6975 8435 3097
internal_value=-1.69509e-05 0.0476053 -0.0305757 0.025577 0.0784821 0.115944 0.0128388 -0.0413529 0.0694124 0.0817952 0.00838805 0.0496666 -0.0155011 0.0638568 0.0961674 0.0748949 0.0513792 0.0787178 -0.00495766 0.0541168 0.00963883 0.144131 0.0495679 0.0388388 0.0178152 0.0750542 0.0842075 0.0102486 0.0287169 0.0429053
internal_weight=328356 128343 200013 74915 53428 10391 49030 116621 43037 23710 43962 25885 83392 15434 4715 20965 5068 4528 36757 19327 13840 5863 10719 4314 29232 6737 16651 18527 10451 12590
internal_count=328356 128343 200013 74915 53428 10391 49030 116621 43037 23710 43962 25885 83392 15434 4715 20965 5068 4528 36757 19327 13840 5863 10719 4314 29232 6737 16651 18527 10451 12590
cat_boundaries=0 13 26 55 87 116 117
cat_threshold=8 0 0 7936 0 0 127232 0 0 987136 0 0 6356992 67 0 0 48 0 0 25344 0 0 401408 0 0 12648448 235 0 0 1920 0 0 61440 0 0 2555904 0 0 0 0 0 1048576 0 0 0 0 0 0 0 0 0 0 0 0 3584 23 0 0 224 0 0 1024 0 0 0 0 0 16777216 0 0 136314880 0 0 50331648 0 0 1879048192 8 0 0 1 0 0 1280 0 0 49152 1 0 0 320 0 0 512 0 0 8192 0 0 8454144 0 0 137363456 0 0 1124073472 0 0 0 0 0 0 224 0 0 3968 2
is_linear=0
shrinkage=0.05


Tree=16
num_leaves=31
num_cat=9
split_feature=41 42 26 44 7 5 34 5 36 41 33 5 5 42 5 21 36 28 5 34 28 5 5 28 42 30 16 41 5 29
split_gain=173970 31788.1 11713.1 7504.37 7106.23 6922.16 3605.58 3597.03 3411.93 3316.81 3257.67 2577.72 2455.92 2382.17 2261.25 2228.58 2930.68 2105.92 1835.88 1682.2 1363.08 1341.12 1251.56 1201.18 1150.85 1121.51 1276.87 999.986 966.381 933.764
threshold=3.1648768186569218 5.1326959133148202 2.7242240905761723 7.3355708122253427 2.5000000000000004 0 -2.9731140136718746 1 76.788425445556655 1.6115214228630068 18.619199752807621 2 3 4.4892911911010751 4 1.6517344713211062 42.453289031982429 1009.0665588378907 5 -4.9439697265624991 1008.6621704101564 6 7 1007.9834594726564 3.9070142507553105 1194.8125000000002 1.4147849678993227 0.90760749578475963 8 0.93113327026367199
decision_type=2 2 2 2 2 9 2 9 2 2 2 9 9 2 9 2 2 2 9 2 2 9 9 2 2 2 2 2 9 2
left_child=2 5 9 10 6 15 18 -6 11 27 19 -7 13 -4 -12 -2 23 -10 29 -3 -18 -21 -8 -17 -13 26 -23 -1 -9 -5
right_child=1 3 12 4 7 8 22 28 17 -11 14 24 -14 -15 -16 16 20 -19 -20 21 -22 25 -24 -25 -26 -27 -28 -29 -30 -31
leaf_value=-0.059141606407256422 0.027796958939842756 0.11012551969900689 -0.0078994984130348767 0.1344152137100256 -0.0024313299817978512 -0.0087132143259286889 0.10681720550038942 0.09990440646102719 0.082707031650831528 -0.030311204383853714 0.052993993822020635 0.009446816515407741 -0.022163805646288903 0.042231574127389947 0.0028803074798857096 0.011658756058791298 0.11462457583249203 0.015730720427681442 0.10422904712183761 0.03704453289005781 0.059715416740428996 0.03605286234825137 0.06659511076225548 0.055318677395337384 0.031114801534408487 0.035826898618007204 0.078095932980555921 -0.043504339338321457 0.058094254497716595 0.18029966464084243
leaf_weight=13031 9011 2044 33700 2553 2031 15646 4728 2368 2568 60164 5308 18340 41804 2539 3914 2412 2703 2165 3067 4312 2010 2086 3688 4567 9204 2351 14790 49297 3849 2337
leaf_count=13031 9011 2044 33700 2553 2031 15646 4728 2368 2568 60164 5308 18340 41804 2539 3914 2412 2703 2165 3067 4312 2010 2086 3688 4567 9204 2351 14790 49297 3849 2337
internal_value=2.15134e-05 0.045548 -0.0290504 0.0723166 0.0934546 0.0223609 0.112527 0.055504 0.0119094 -0.0386955 0.0573411 0.00748934 -0.0139088 -0.00437529 0.0318114 0.0465082 0.0609326 0.052168 0.136742 0.0665279 0.0913829 0.062697 0.0894971 0.0402677 0.0166899 0.0683729 0.0729235 -0.0467826 0.0742887 0.156348
internal_weight=328587 128052 200535 59426 24621 68626 16373 8248 47923 122492 34805 43190 78043 36239 9222 20703 11692 4733 7957 25583 4713 23539 8416 6979 27544 19227 16876 62328 6217 4890
internal_count=328587 128052 200535 59426 24621 68626 16373 8248 47923 122492 34805 43190 78043 36239 9222 20703 11692 4733 7957 25583 4713 23539 8416 6979 27544 19227 16876 62328 6217 4890
cat_boundaries=0 13 26 55 87 103 116 145 158 171
cat_threshold=8 0 0 7936 0 0 127232 0 0 462848 0 0 6356992 772 0 0 14400 0 0 245760 0 0 3735552 0 0 8388608 55 0 0 224 0 0 1024 0 0 0 0 0 16777216 0 0 136314880 0 0 50331648 0 0 1610612736 8 0 0 1 0 0 1792 3 0 0 320 0 0 5632 0 0 24576 0 0 8454144 0 0 137363456 0 0 1929379840 0 0 0 0 0 0 496 0 0 16000 0 0 98304 13 0 0 12544 0 0 127232 0 0 987136 0 0 196608 0 0 1048576 259 0 0 1072 0 0 58112 0 0 401408 0 0 12648448 513 0 0 112 0 0 1792 0 0 1064960 0 0 31522816 0 0 1048576 0 0 16777216 0 0 0 0 0 0 384 0 0 4096 248 0 0 512 0 0 126976 0 0 393216 0 0 4194304 9 0 0 48 0 0 768 0 0 12288 0 0 65536
is_linear=0
shrinkage=0.05


Tree=17
num_leaves=31
num_cat=9
split_feature=14 44 44 5 28 5 41 34 8 5 5 44 33 20 5 22 30 32 1 24 41 11 44 41 5 5 41 5 44 17
split_gain=157592 24637.3 14541.7 9721.35 6370.63 5087.67 4945.44 4836.99 3436.88 2894.46 2553.14 2516.88 2338.75 1995.94 1940.13 1929.45 1857.08 1667.99 1627.3 1532.24 1471.76 1414.11 1398.22 1155.08 1149.55 1096.13 1059.83 966.007 963.707 945.473
threshold=1.4762018918991091 6.2070672512054452 2.4547843933105473 0 1005.6865844726564 1 1.6247138381004336 -2.9731140136718746 2 3 4 3.9533331394195561 12.360767841339113 2.0088969469070439 5 8.2497596740722674 1093.5625000000002 591.68331909179699 76.750000000000014 27.819396972656254 5.5554015636444101 0.70373472571372997 4.6065592765808114 4.9090037345886239 6 7 0.9924910068511964 8 8.1622352600097674 2.0119072198867802
decision_type=2 2 2 9 2 9 2 2 1 9 9 2 2 2 9 2 2 2 2 2 2 2 2 2 9 9 2 9 2 2
left_child=2 3 6 12 9 7 26 15 14 -5 22 13 -2 -6 -7 20 -16 19 -9 29 -3 -8 -4 -15 -21 -13 -1 -23 -10 -14
right_child=1 5 10 4 11 8 21 18 28 -11 -12 25 17 23 16 -17 -18 -19 -20 24 -22 27 -24 -25 -26 -27 -28 -29 -30 -31
leaf_value=-0.053416414219020394 0.093620562985860745 0.12746634730712053 0.0047278465423492462 0.11096324903792475 -0.0048698789690483964 0.0096150428702037258 -0.028555353187126511 0.041649438062526786 0.076519518756267127 0.029936044032013661 -0.0097833640698149673 0.038437404567731315 0.033939534514026225 0.05770771228066035 0.070297746263933966 0.14571875933498316 0.020149152795819161 0.062693542900561339 0.086084264830553592 0.052527459532239744 0.067940670481710083 0.003641587064192544 0.039725715956384071 0.010973787428169072 0.013688188042972435 0.013524598477127392 -0.03957054945171528 -0.021767233757196726 0.11878988267016161 0.079492474258621215
leaf_weight=19495 3270 2198 9674 2415 21648 2962 72320 2831 4223 2078 42021 9017 2008 2107 6645 4881 2569 11590 7874 2687 2051 6063 4040 3538 6556 8741 48602 9740 2069 2699
leaf_count=19495 3270 2198 9674 2415 21648 2962 72320 2831 4223 2078 42021 9017 2008 2107 6645 4881 2569 11590 7874 2687 2051 6063 4040 3538 6556 8741 48602 9740 2069 2699
internal_value=8.99261e-05 0.0467602 -0.0255977 0.0306881 0.0172399 0.0796214 -0.0334199 0.097265 0.0605441 0.073951 -0.0036708 0.0115727 0.053776 0.00203752 0.0450081 0.12409 0.0562915 0.0486609 0.0743831 0.0369656 0.0989602 -0.0255943 0.0150483 0.0284885 0.0250951 0.0262184 -0.0435416 -0.0120342 0.0905857 0.0601728
internal_weight=328612 116657 211955 78354 49544 38303 156220 19835 18468 4493 55735 45051 28810 27293 12176 9130 9214 25540 10705 13950 4249 88123 13714 5645 9243 17758 68097 15803 6292 4707
internal_count=328612 116657 211955 78354 49544 38303 156220 19835 18468 4493 55735 45051 28810 27293 12176 9130 9214 25540 10705 13950 4249 88123 13714 5645 9243 17758 68097 15803 6292 4707
cat_boundaries=0 32 61 62 78 107 126 139 168 200
cat_threshold=8 0 0 7936 0 0 127232 0 0 987136 0 0 65536 0 0 0 0 0 0 0 0 0 0 0 0 0 0 0 4096 0 0 49152 75 0 0 48 0 0 58112 0 0 471040 0 0 4259840 0 0 0 0 0 0 0 0 0 0 0 0 0 0 0 3584 2 3 0 0 16 0 0 512 0 0 1056768 0 0 31457280 0 0 135266304 398 0 0 7184 0 0 237824 0 0 1314816 0 0 12582912 0 0 0 0 0 16777216 0 0 0 0 0 0 128 0 0 3968 768 0 0 12288 0 0 131072 0 0 3145728 0 0 25165824 0 0 134217728 0 0 50331648 0 0 0 0 0 0 4096 0 0 462848 0 0 65536 789 0 0 8320 0 0 131072 0 0 1048576 0 0 10616832 0 0 137363456 0 0 536870912 0 0 0 0 0 0 0 0 0 3584 8 0 0 256 0 0 37888 0 0 1294336 0 0 23068672 0 0 234881024 0 0 4026531840 0 0 0 0 0 0 384 0 0 15872 0 0 106496
is_linear=0
shrinkage=0.05


Tree=18
num_leaves=31
num_cat=0
split_feature=14 25 25 34 34 21 41 21 14 25 18 10 1 14 27 22 25 41 34 1 35 25 27 30 41 11 41 1 25 41
split_gain=142470 24563.5 13089.3 7655.71 5305.15 4927.28 3932.14 3214.92 3488.51 2670.9 2490.58 2463.8 3800.8 2833.9 3498.58 2198.63 1935.57 1753.35 1674.34 1607.84 1772.09 1440.34 1289.36 1277.48 1194.99 1124.83 977.19 965.637 954.325 950.802
threshold=1.4554588794708254 4.6428194046020517 2.348487496376038 -2.9731140136718746 -4.6856689453124991 2.1677798032760625 1.6247138381004336 2.5134071111679082 2.2150486707687382 3.1107692718505864 1.786853611469269 1.9280741810798647 76.250000000000014 2.4562288522720341 1009.6154174804689 15.076160430908205 5.249760866165162 4.65289330482483 -2.4152832031249996 90.250000000000014 12.209415435791017 8.0215587615966815 1009.7208251953126 1233.0625000000002 5.5554015636444101 0.94814085960388195 5.1285536289215097 73.750000000000014 1.0001628398895266 2.4450949430465703
decision_type=2 2 2 2 2 2 2 2 2 2 2 2 2 2 2 2 2 2 2 2 2 2 2 2 2 2 2 2 2 2
left_child=2 4 6 7 -2 9 28 8 17 -6 -10 12 -5 26 -15 24 29 -3 -7 21 -21 23 -20 27 -12 -8 -14 -13 -1 -4
right_child=1 3 16 11 5 18 25 -9 10 -11 15 19 13 14 -16 -17 -18 -19 22 20 -22 -23 -24 -25 -26 -27 -28 -29 -30 -31
leaf_value=-0.049454413872144026 0.094939267722889797 0.096486844713712938 -0.014989636980457497 0.028733206873637441 -0.0065474846397439255 0.0062449327569533229 -0.026909722237831658 0.031067596460167081 0.082213513268175789 0.019519679319895115 0.12858993493883736 0.026591361706013145 0.038595300468816457 0.15159759750712906 0.077483552854158783 0.16017223586714799 0.027266802473249196 0.03489337229504668 0.085811441975062949 0.040849701218236695 -0.020375950742675616 0.077231854966026844 0.042731215741907497 0.013258975524078119 0.076340757018011809 -0.0056622005090435053 0.069159550784717194 0.061529031275446879 -0.037003055636546295 -0.0018689973945803793
leaf_weight=24037 2165 2017 24048 6012 18942 2196 75569 2021 4609 20402 2591 2993 4334 2108 6683 3313 4310 2731 2455 2801 2031 3351 6062 3252 2005 6795 6787 5961 43595 32415
leaf_count=24037 2165 2017 24048 6012 18942 2196 75569 2021 4609 20402 2591 2993 4334 2108 6683 3313 4310 2731 2455 2801 2031 3351 6062 3252 2005 6795 6787 5961 43595 32415
internal_value=4.70219e-05 0.0440795 -0.0245685 0.064447 0.0184869 0.0151619 -0.0324993 0.0909263 0.0979108 0.00697128 0.111772 0.0534024 0.0636403 0.0741601 0.0954075 0.128873 -0.00499203 0.0612067 0.045208 0.0403604 0.0151262 0.0481834 0.055235 0.0401518 0.106012 -0.0251577 0.0572936 0.0498933 -0.041435 -0.00745884
internal_weight=328591 117822 210769 65600 52222 50057 149996 19287 17266 39344 12518 46313 25924 19912 8791 7909 60773 4748 10713 20389 4832 15557 8517 12206 4596 82364 11121 8954 67632 56463
internal_count=328591 117822 210769 65600 52222 50057 149996 19287 17266 39344 12518 46313 25924 19912 8791 7909 60773 4748 10713 20389 4832 15557 8517 12206 4596 82364 11121 8954 67632 56463
is_linear=0
shrinkage=0.05


Tree=19
num_leaves=31
num_cat=8
split_feature=25 43 25 20 5 37 7 5 37 13 43 5 27 13 34 14 5 5 7 13 38 35 5 25 5 13 14 27 37 5
split_gain=129236 16883.2 14129.6 6927.58 6884.16 6286.49 4048.39 3307.39 3138.2 3133.05 3022.53 2938.37 2742.12 2429.79 2076.29 2034.54 1721.99 1684.24 1582.84 1531.52 1414.74 1321.98 1304.67 1042.25 1005.63 975.404 970.966 932.401 890.63 806.676
threshold=3.7865095138549809 2.0475821495056157 6.4867024421691903 1.9814573526382449 0 0.32101786136627203 2.5000000000000004 1 -2.2798563241958614 1.915422320365906 1.2606562376022341 2 1009.2674255371095 2.067753911018372 -0.16152954101562497 2.1920987367630009 3 4 1.5000000000000002 0.93788507580757152 2.9353657960891728 7.6699256896972665 5 8.0215587615966815 6 1.7378284335136416 3.2360855340957646 1007.5261535644532 -1.2402667999267576 7
decision_type=2 2 2 2 9 2 2 9 2 2 2 9 2 2 2 2 9 9 2 2 2 2 9 2 9 2 2 2 2 9
left_child=1 10 4 13 8 11 12 -8 -2 15 -1 -4 17 16 -11 -10 -3 -7 23 -12 -9 25 27 -13 -21 -5 29 -6 -20 -17
right_child=2 3 5 21 22 6 7 20 9 14 19 18 -14 -15 -16 26 -18 -19 28 24 -22 -23 -24 -25 -26 -27 -28 -29 -30 -31
leaf_value=-0.042130545523862993 -0.010419785959079905 -0.00084417106050774747 0.010273158123452454 0.0081526676141615816 0.050032958549687291 0.1464129442443132 0.11377785457214201 0.062570192069210342 0.0298067785029574 0.1266540828755664 -0.028089953623688459 0.064195576223571499 0.079392953600160035 0.04484208708665486 0.059826568166438179 0.079229107129619836 -0.015717530407070714 0.096305047254135731 0.024616350975039683 0.02635203042871212 0.0069012157519094067 0.06005274976053146 -0.0024095616115704759 0.11202236499824519 -0.018435178440191623 0.044351250688951294 0.032158150427361379 0.01747766213792655 0.059370169297833134 0.05277209312203554
leaf_weight=47948 2102 29233 3551 5028 2533 4809 2020 2465 11321 2135 77493 2729 4884 2001 2615 5180 58254 3033 2664 2121 2123 3102 7843 2034 3003 2950 3036 16516 6135 7388
leaf_count=47948 2102 29233 3551 5028 2533 4809 2020 2465 11321 2135 77493 2729 4884 2001 2615 5180 58254 3033 2664 2121 2123 3102 7843 2034 3003 2950 3036 16516 6135 7388
internal_value=5.42853e-05 -0.0202821 0.0484513 -0.00488381 0.03366 0.0730567 0.0926016 0.0606963 0.0486828 0.0526223 -0.0321414 0.0509341 0.109108 -0.00950234 0.0900668 0.0459856 -0.0107503 0.127489 0.0615122 -0.0263396 0.0368015 0.0323929 0.0147564 0.0848115 0.000134428 0.0215765 0.057697 0.0218192 0.0488879 0.0638358
internal_weight=328249 231133 97116 100568 60669 36447 19334 6608 33777 31675 130565 17113 12726 89488 4750 26925 87487 7842 13562 82617 4588 11080 26892 4763 5124 7978 15604 19049 8799 12568
internal_count=328249 231133 97116 100568 60669 36447 19334 6608 33777 31675 130565 17113 12726 89488 4750 26925 87487 7842 13562 82617 4588 11080 26892 4763 5124 7978 15604 19049 8799 12568
cat_boundaries=0 29 58 77 106 119 148 180 190
cat_threshold=264 0 0 16128 0 0 258304 0 0 1970176 0 0 8454144 0 0 1048576 0 0 0 0 0 0 0 0 0 0 0 0 3968 195 0 0 48 0 0 768 0 0 12288 0 0 196608 0 0 0 0 0 0 0 0 0 0 0 0 0 0 0 512 768 0 0 14336 0 0 245760 0 0 3670016 0 0 18874368 0 0 1048576 0 0 33554432 968 0 0 6400 0 0 168704 0 0 1208320 0 0 21037056 0 0 1048576 0 0 16777216 0 0 0 0 0 0 248 0 0 3456 193 0 0 7728 0 0 58112 0 0 925696 0 0 4194304 695 0 0 144 0 0 512 0 0 2170880 0 0 21102592 0 0 134217728 0 0 50331648 0 0 0 8 0 0 993 0 0 4096 993 0 0 15376 0 0 171008 0 0 622592 0 0 39845888 0 0 234881024 0 0 4026531840 0 0 0 0 0 0 0 0 0 8704 0 0 32768 8 0 0 6144 0 0 114688 0 0 1835008
is_linear=0
shrinkage=0.05


Tree=20
num_leaves=31
num_cat=10
split_feature=14 25 25 28 5 5 28 21 25 22 5 25 10 5 25 5 7 5 14 5 28 5 5 22 22 39 25 7 5 15
split_gain=116544 19921.2 10660.9 5655.59 4895.74 4848.95 4789.64 4121.71 3900.69 1882.09 1834.48 1747.87 1743.35 1784.83 1697.81 1642.26 1612.5 1704.71 1427.37 1348.06 1345.59 1314.93 1132.75 1111.98 1099.76 1014.97 1007.59 915.817 990.22 890.725
threshold=1.4554588794708254 4.4366092681884775 2.5833296775817876 1005.7903137207032 0 1 1005.2546997070314 2.1677798032760625 1.446320176124573 6.2041282653808603 2 6.397564411163331 1.9280741810798647 3 2.7361876964569096 4 1.5000000000000002 5 2.4562288522720341 6 1009.9540405273439 7 8 5.1341056823730478 11.717319488525392 0.81948387622833263 5.4255723953247079 1.5000000000000002 9 0.57957857847213756
decision_type=2 2 2 2 9 9 2 2 2 2 9 2 2 9 2 9 2 9 2 9 2 9 9 2 2 2 2 2 9 2
left_child=2 6 8 4 9 12 -2 14 29 -3 26 19 18 -14 -8 -16 -13 -18 -5 -7 -20 -9 -11 -19 -6 -21 -4 -12 -29 -1
right_child=1 3 10 5 24 11 7 21 -10 22 27 16 13 -15 15 -17 17 23 20 25 -22 -23 -24 -25 -26 -27 -28 28 -30 -31
leaf_value=-0.040547923635301276 0.088306985129450899 0.071802695694610202 0.0089929533175958001 0.062217137830335202 0.014571553538137058 0.0089748919389153383 -0.0095100286347204587 0.073058602751462517 -0.021431759434104296 0.1420231258838339 0.0042587459548767024 0.076503245842610493 0.088716018692210602 0.03902223251362244 -0.0052779613674003127 0.022971343296573282 0.00947758017877149 0.038594162734165882 0.13074800052424854 0.045044413541179988 0.081108507754054204 0.030024952099369985 0.098328270359233597 0.08542023829674994 0.064669373554149021 0.014806539531264436 0.047458296557420392 -0.026949906705813022 -0.005484966383381959 -0.028202881406759046
leaf_weight=51497 2129 3075 9185 5719 2101 6164 14148 2365 90468 3203 12185 4447 2461 7097 8102 14060 3097 3433 2028 10497 4494 7349 3606 2033 2296 3789 2082 7979 16441 20564
leaf_count=51497 2129 3075 9185 5719 2101 6164 14148 2365 90468 3203 12185 4447 2461 7097 8102 14060 3097 3433 2028 10497 4494 7349 3606 2033 2296 3789 2082 7979 16441 20564
internal_value=4.62532e-05 0.0398884 -0.0222412 0.0570045 0.085066 0.0497383 0.0151634 0.0117614 -0.0283492 0.104583 -0.00150269 0.0377223 0.0681078 0.0520303 0.00401778 0.0126542 0.0520668 0.0393019 0.0806644 0.028594 0.0967203 0.0406724 0.119413 0.0560323 0.0407263 0.0370147 0.0161223 -0.0069331 -0.0125199 -0.0370294
internal_weight=328094 117693 210401 69540 14281 55259 48153 46024 162529 9884 47872 33460 21799 9558 36310 22162 13010 8563 12241 20450 6522 9714 6809 5466 4397 14286 11267 36605 24420 72061
internal_count=328094 117693 210401 69540 14281 55259 48153 46024 162529 9884 47872 33460 21799 9558 36310 22162 13010 8563 12241 20450 6522 9714 6809 5466 4397 14286 11267 36605 24420 72061
cat_boundaries=0 16 48 77 106 135 154 180 190 203 235
cat_threshold=67 0 0 2096 0 0 58112 0 0 929792 0 0 14745600 0 0 1048576 11 0 0 768 0 0 126976 0 0 458752 0 0 0 0 0 0 0 0 0 0 0 0 0 0 0 0 0 0 3584 0 0 32768 396 0 0 7184 0 0 229632 0 0 1314816 0 0 4325376 0 0 0 0 0 0 0 0 0 0 0 0 128 0 0 3968 11 0 0 0 0 0 0 0 0 65536 0 0 0 0 0 0 0 0 0 0 0 0 0 0 0 0 0 0 1536 35 0 0 8304 0 0 19456 0 0 2539520 0 0 17039360 0 0 134217728 0 0 0 0 0 0 0 0 0 480 0 0 16256 768 0 0 14336 0 0 131072 0 0 1581056 0 0 27262976 0 0 135266304 0 0 16777216 240 0 0 112 0 0 3584 0 0 24576 0 0 16777216 0 0 0 0 0 50331648 0 0 0 0 0 0 448 0 0 0 1792 0 0 28672 0 0 131072 0 0 0 48 0 0 17152 0 0 401408 0 0 4194304 16 0 0 64 0 0 22528 0 0 2850816 0 0 37486592 0 0 595591168 0 0 1006632960 0 0 3489660928 49 0 0 512 0 0 16 0 0 16384
is_linear=0
shrinkage=0.05


Tree=21
num_leaves=31
num_cat=11
split_feature=14 44 41 34 5 7 44 5 44 44 22 22 5 43 5 7 34 43 44 5 5 5 30 5 5 43 5 5 12 43
split_gain=105318 16061.3 10715.5 8251.72 6249.01 4493.56 4489.61 3852.15 3126.41 2612.51 2167.57 1929.67 2122.21 1848.94 1758.06 1715.33 1821.82 1698.57 2141.08 1484.15 1429.2 1359.64 1353.2 1548.81 1218.54 1199.81 1015.21 926.6 914.759 896.684
threshold=1.5148438811302187 6.2070672512054452 2.3151065111160283 -5.2080688476562491 0 1.5000000000000002 8.5285677909851092 1 1.5268208980560305 3.8677233457565312 10.272502899169924 5.4802894592285165 2 7.8219025135040292 3 2.5000000000000004 -1.9722595214843748 6.4710705280303964 3.4969534873962407 4 5 6 1194.8125000000002 7 8 8.4328708648681658 9 10 1.9260175824165346 0.84157931804656994
decision_type=2 2 2 2 9 2 2 9 2 2 2 2 9 2 9 2 2 2 2 9 9 9 2 9 9 2 9 9 2 2
left_child=2 3 8 -2 15 6 -3 13 29 21 22 20 -13 26 -11 17 -17 18 -5 -18 -9 -4 23 -6 -12 27 -7 -14 -20 -1
right_child=1 5 9 4 10 7 -8 11 -10 14 24 12 25 -15 -16 16 19 -19 28 -21 -22 -23 -24 -25 -26 -27 -28 -29 -30 -31
leaf_value=-0.047870163705008267 0.11202450444612984 0.067899892365154271 -0.031692609544302558 0.0060743747912930628 0.020457464555041351 0.06320718249524869 0.13038299084655988 0.029407497880392215 -0.020561146649346506 0.05430354451584684 0.066906459871274318 0.12759663023546419 0.10865405149691157 -0.018069230593572839 0.0072774991431126465 0.022322350859138265 0.10403025057805265 -0.011659490019290904 0.04031965376253302 0.054401585378890109 0.066915195037598393 -0.0060729243857219305 -0.016232253973798079 -0.0019129999389358482 0.019379013549000911 0.038378812446136792 0.014239635504710338 0.059418112779014799 0.076486670209629751 -0.032792304302014456
leaf_weight=11689 2654 8370 5806 4493 16220 2102 4414 4714 71595 2406 2284 2005 2005 2159 11078 2923 2169 2082 11436 5457 5714 46882 5940 14779 3351 2265 2167 2127 2076 64997
leaf_count=11689 2654 8370 5806 4493 16220 2102 4414 4714 71595 2406 2284 2005 2005 2159 11078 2923 2169 2082 11436 5457 5714 46882 5940 14779 3351 2265 2167 2127 2076 64997
internal_value=2.28064e-05 0.0388751 -0.0206143 0.0255741 0.0224253 0.0653865 0.0895588 0.0531214 -0.0280802 -0.00388274 0.0100206 0.0645197 0.0824168 0.0195527 0.0157482 0.0396386 0.0559855 0.03105 0.0359924 0.0688423 0.0500965 -0.00890875 0.00561143 0.00980098 0.0388803 0.0677742 0.038623 0.0839196 0.0459289 -0.0350965
internal_weight=328359 113906 214453 75864 73210 38042 12784 25258 148281 66172 42574 18830 8402 6428 13484 30636 10549 20087 18005 7626 10428 52688 36939 30999 5635 6397 4269 4132 13512 76686
internal_count=328359 113906 214453 75864 73210 38042 12784 25258 148281 66172 42574 18830 8402 6428 13484 30636 10549 20087 18005 7626 10428 52688 36939 30999 5635 6397 4269 4132 13512 76686
cat_boundaries=0 29 48 58 87 97 110 129 158 168 178 191
cat_threshold=8 0 0 16128 0 0 127232 0 0 987136 0 0 196608 0 0 0 0 0 536870912 0 0 0 0 0 0 0 0 0 4096 916 0 0 14528 0 0 196608 0 0 3670016 0 0 25165824 0 0 134217728 0 0 50331648 65 0 0 48 0 0 768 0 0 8192 392 0 0 7168 0 0 65536 0 0 0 0 0 12582912 0 0 0 0 0 0 0 0 0 0 0 0 0 0 0 1920 8 0 0 768 0 0 28672 0 0 196608 98 0 0 1824 0 0 1536 0 0 12288 0 0 6422528 17 0 0 16 0 0 0 0 0 524288 0 0 9437184 0 0 515899392 0 0 2080374784 816 0 0 144 0 0 131584 0 0 3153920 0 0 31457280 0 0 1048576 0 0 0 0 0 0 0 0 0 0 0 0 256 448 0 0 16 0 0 132608 0 0 1056768 384 0 0 6144 0 0 65536 0 0 524288 32 0 0 1536 0 0 49152 0 0 266240 0 0 196608
is_linear=0
shrinkage=0.05


Tree=22
num_leaves=31
num_cat=9
split_feature=25 41 44 5 37 11 8 25 5 5 37 16 5 44 11 29 5 43 40 14 5 5 11 29 11 25 5 21 23 34
split_gain=95277.6 13286.6 11850.1 5634.57 5278.51 3942.05 3682.02 3657.27 3015.9 2977.19 2889.25 2820.15 2578.35 2104.89 2056.24 2018.87 1943.08 1397.76 1288.34 1143.44 1103.2 1029.09 1001.01 1000.8 969.061 772.25 715.694 680.116 732.029 833.094
threshold=3.6305658817291264 2.6584163904190068 6.5399634838104257 0 -0.26825404167175287 1.978740453720093 1 1.5309540033340456 2 3 -2.2798563241958614 1.5959755182266238 4 8.5285677909851092 2.438506126403809 0.87829589843750011 5 8.6333761215209979 3.4208483695983891 3.2100528478622441 6 7 0.41901561617851263 0.80605697631835949 1.8070312738418581 2.5833296775817876 8 1.6033986806869509 27.170650482177738 -1.6492614746093748
decision_type=2 2 2 9 2 2 1 2 9 9 2 2 9 2 2 2 9 2 2 2 9 9 2 2 2 2 9 2 2 2
left_child=1 7 3 10 12 16 8 22 18 -7 -2 26 -4 -8 19 -10 27 -17 -6 20 -13 -5 -1 24 -14 -9 -12 -3 -29 -30
right_child=2 5 4 21 6 9 13 25 15 -11 11 14 23 -15 -16 17 -18 -19 -20 -21 -22 -23 -24 -25 -26 -27 -28 28 29 -31
leaf_value=-0.035784129315792952 -0.012983543208521978 0.0033875561173671246 -0.0070353639320068582 0.015593358159775845 0.053142061360294923 0.012603494454414832 0.083003657937236908 -0.020564952482467067 0.057238727232125988 0.088617007311152546 0.0051617669593712473 0.040238012843574554 0.054276144642918349 0.13664583474195033 0.098115528828551735 0.12119003321760818 -0.0077649084211490098 0.067677991136243371 0.0028818915218207404 0.024965677534539689 0.063439385281858371 -0.0069470173333441455 -0.021630248396947833 0.070918230988313083 0.012544793356465904 -0.0088405256192603861 0.032623573302103102 0.044179457375580725 -0.011864025085249115 0.031998167111468044
leaf_weight=64015 2452 7899 2708 20335 2982 3205 4476 71583 5605 2152 4586 10380 3161 3189 2136 3220 36842 2044 2224 4804 10682 6731 15594 3237 2492 17500 4937 2869 2016 2318
leaf_count=64015 2452 7899 2708 20335 2982 3205 4476 71583 5605 2152 4586 10380 3161 3189 2136 3220 36842 2044 2224 4804 10682 6731 15594 3237 2492 17500 4937 2869 2016 2318
internal_value=-3.30326e-05 -0.0181607 0.0399793 0.0276225 0.0634081 0.00264055 0.0769168 -0.0252261 0.0632446 0.0434363 0.0395447 0.0429901 0.0357147 0.10547 0.0509833 0.0782303 -0.00157428 0.100579 0.0316569 0.0470547 0.0520788 0.00998684 -0.0330147 0.0486833 0.0359344 -0.018263 0.0194577 0.0135194 0.0246288 0.0116149
internal_weight=328374 225993 102381 67043 35338 57301 23740 168692 16075 5357 39977 37525 11598 7665 28002 10869 51944 5264 5206 25866 21062 27066 79609 8890 5653 89083 9523 15102 7203 4334
internal_count=328374 225993 102381 67043 35338 57301 23740 168692 16075 5357 39977 37525 11598 7665 28002 10869 51944 5264 5206 25866 21062 27066 79609 8890 5653 89083 9523 15102 7203 4334
cat_boundaries=0 29 30 49 81 94 120 149 178 207
cat_threshold=265 0 0 16128 0 0 258304 0 0 1978368 0 0 8585216 0 0 1048576 0 0 0 0 0 0 0 0 0 0 0 0 2944 2 790 0 0 12736 0 0 201728 0 0 3735552 0 0 25165824 0 0 135266304 0 0 50331648 1011 0 0 15936 0 0 196608 0 0 2097152 0 0 131072 0 0 0 0 0 0 0 0 0 0 0 0 128 0 0 512 0 0 4096 896 0 0 14336 0 0 245760 0 0 3670016 0 0 18874368 992 0 0 16144 0 0 258816 0 0 2297856 0 0 6291456 0 0 0 0 0 0 0 0 0 0 0 0 384 256 0 0 8192 0 0 135424 0 0 1183744 0 0 8585216 0 0 1048576 0 0 0 0 0 0 0 0 0 0 0 0 2304 758 0 0 144 0 0 512 0 0 2179072 0 0 20971520 0 0 136314880 0 0 50331648 0 0 0 12 0 0 1009 0 0 5120 0 0 0 256 0 0 28672 0 0 1974272 0 0 8585216 0 0 0 0 0 0 0 0 0 0 0 0 0 0 0 2048
is_linear=0
shrinkage=0.05


Tree=23
num_leaves=31
num_cat=10
split_feature=25 15 44 25 5 8 19 44 5 29 36 28 5 15 34 43 36 34 25 26 5 12 5 36 5 8 5 28 8 43
split_gain=85878.9 13068.4 8667.22 4917.22 4460.54 4429.37 4048.91 3306.9 2969.78 2559.22 2370.74 2874.55 2018.37 1979.44 2250.56 1887.96 1795.52 1587.82 1351.58 1294.01 1242.85 1234.35 1426.35 1013.59 1079.62 1011.12 1050.04 821.53 798.368 793.02
threshold=3.9070142507553105 1.2105246782302859 6.6278960704803476 1.567250728607178 0 1 1.6115654706954958 9.3987412452697772 2 0.89337539672851574 52.096366882324226 1008.9321899414064 3 1.6096740961074831 -3.5382385253906246 6.9887447357177743 63.484666824340827 -3.4586486816406246 2.6241382360458378 9.1032423973083514 4 2.1502035856246953 5 57.353494644165046 6 7 8 1007.3822021484376 9 0.81797662377357494
decision_type=2 2 2 2 9 1 2 2 9 2 2 2 9 2 2 2 2 2 2 2 9 2 9 2 9 1 9 2 1 2
left_child=1 3 4 29 13 8 17 -7 19 21 27 -12 -11 28 -15 16 -16 -3 -5 -4 -19 -10 -23 25 -25 26 -6 -8 -2 -1
right_child=2 6 5 18 23 7 10 -9 9 12 11 -13 -14 14 15 -17 -18 20 -20 -21 -22 22 -24 24 -26 -27 -28 -29 -30 -31
leaf_value=-0.04454550111919886 0.0071805235041000719 0.027026443406394537 0.037853878824508219 -0.018640122940224709 0.014478922985771706 0.07030237826323002 -0.011541358685630044 0.13249028237415475 0.054037656197004152 0.10414138831124786 0.10085589376036859 0.021824733863072657 0.052080777854080329 0.09854755013548111 0.042183063017238578 -0.00099417212445291041 0.085538706251385252 -0.020582367159729081 -0.0058385413945601268 -0.017792592522390065 0.00028052796612503629 -0.010708662864522012 0.047875931301912596 0.048258860012514303 0.0030016649613291615 0.022552752235011603 -0.016629488764432265 0.022381141552186401 0.032944382142142487 -0.029650264737297219
leaf_weight=10277 4591 3990 2050 73438 4646 8425 2306 2888 6715 3869 2105 2539 3811 2023 17180 2155 2780 10431 28682 2111 22530 2028 2102 3229 2234 5515 6462 7807 8742 70704
leaf_count=10277 4591 3990 2050 73438 4646 8425 2306 2888 6715 3869 2105 2539 3811 2023 17180 2155 2780 10431 28682 2111 22530 2028 2102 3229 2234 5515 6462 7807 8742 70704
internal_value=6.40231e-05 -0.0160764 0.0405709 -0.0223445 0.0290643 0.0607131 0.00611954 0.0862808 0.0479306 0.0564892 0.0282498 0.0577872 0.0786121 0.0395653 0.0481189 0.0434634 0.0482614 -0.00272381 -0.0150455 0.00962471 -0.00633224 0.0408166 0.0192419 0.0112155 0.0298847 0.00507246 -0.00361879 0.0146423 0.024085 -0.0315458
internal_weight=328365 234809 93556 183101 59557 33999 51708 11313 22686 18525 14757 4644 7680 37471 24138 22115 19960 36951 102120 4161 32961 10845 4130 22086 5463 16623 11108 10113 13333 80981
internal_count=328365 234809 93556 183101 59557 33999 51708 11313 22686 18525 14757 4644 7680 37471 24138 22115 19960 36951 102120 4161 32961 10845 4130 22086 5463 16623 11108 10113 13333 80981
cat_boundaries=0 29 30 49 62 94 107 120 121 153 154
cat_threshold=264 0 0 16128 0 0 258304 0 0 2043904 0 0 8585216 0 0 1048576 0 0 0 0 0 0 0 0 0 0 0 0 8064 2 772 0 0 12480 0 0 196608 0 0 3735552 0 0 27262976 0 0 134217728 0 0 50331648 64 0 0 1072 0 0 25344 0 0 143360 0 0 196608 39 0 0 608 0 0 16384 0 0 819200 0 0 43515904 0 0 528482304 0 0 4160749568 0 0 268435456 2 0 0 512 0 0 384 0 0 256 112 0 0 3584 0 0 49408 0 0 401408 0 0 131072 119 0 0 48 0 0 512 0 0 0 0 0 4194304 2 641 0 0 128 0 0 512 0 0 2113536 0 0 4194304 0 0 134217728 0 0 0 0 0 0 12 0 0 481 0 0 8192 0 0 16384 2
is_linear=0
shrinkage=0.05


Tree=24
num_leaves=31
num_cat=12
split_feature=14 42 42 37 36 5 28 5 5 5 14 37 36 5 30 7 14 5 37 36 42 5 34 5 29 42 5 5 5 5
split_gain=77660.7 14410.7 6702.66 5979.94 5100.3 4751.22 4289 2986.68 2872.99 2769.38 2311.18 2178.28 2250.62 1904.55 1797.51 1770.76 1637.31 1502.52 1377.65 1281.23 1124.15 1017.69 1001.01 977.847 914.708 889.091 881.233 833.035 790.635 708.406
threshold=1.3968114256858828 4.6428194046020517 1.9365588426589968 -1.278698682785034 53.127765655517585 0 1004.9965820312501 1 2 3 3.2360855340957646 -2.4381810426712032 76.788425445556655 4 996.18750000000011 2.5000000000000004 2.2615236043930058 5 1.2915993928909304 81.471920013427749 6.4867024421691903 6 -1.5471496582031248 7 0.42076110839843756 3.8291469812393193 8 9 10 11
decision_type=2 2 2 2 2 9 2 9 9 9 2 2 2 9 2 2 2 9 2 2 2 9 2 9 2 2 9 9 9 9
left_child=2 6 17 7 9 10 -2 14 11 -5 16 -8 22 25 -3 18 -6 -1 -7 26 28 -18 27 -24 -9 -4 -10 -13 -11 -27
right_child=1 3 13 4 5 15 8 24 19 20 -12 12 -14 -15 -16 -17 21 -19 -20 -21 -22 -23 23 -25 -26 29 -28 -29 -30 -31
leaf_value=-0.031493675808768919 0.083691721191549787 0.016646862066019466 -0.0026657005987024752 0.057121445675117635 0.06848500679738645 0.044566562120189744 -0.022585719884681492 0.0095435361493129353 -0.014759591972029695 0.027246559777700838 0.050336739775653797 -0.020046410713632643 0.065249042434262564 -0.013157655424050197 -0.046508620542111613 0.021881547921582804 0.14999056343392789 -0.020066407609297586 0.085892889886556523 0.03741713436576731 0.045686548456549271 0.10474388542126872 0.046303016184834553 0.017387449448598307 0.051861057685518575 0.0422305717393376 0.0037793404522366279 0.017673025010263195 -0.0012222492421244608 0.0076481743064349744
leaf_weight=66361 2044 2033 19847 15274 2017 4506 2392 2011 10597 9001 2186 2193 3353 61595 2506 3778 2189 51249 3711 2043 6185 4246 4963 7237 3514 2091 16164 4308 3349 5032
leaf_count=66361 2044 2033 19847 15274 2017 4506 2392 2011 10597 9001 2186 2193 3353 61595 2506 3778 2189 51249 3711 2043 6185 4246 4963 7237 3514 2091 16164 4308 3349 5032
internal_value=2.49185e-06 0.0316562 -0.0186979 0.0473366 0.0536668 0.0720436 0.0127911 0.0118165 0.0100544 0.0413471 0.0964088 0.0226525 0.0275774 -0.0083077 -0.0182071 0.0502503 0.108365 -0.0265207 0.0633123 -0.000649471 0.0282782 0.12074 0.0207918 0.0292308 0.0364375 0.00277342 -0.0035687 0.00493413 0.0195529 0.0179149
internal_weight=327975 121800 206175 66506 56442 22633 55294 10064 53250 33809 10638 24446 22054 88565 4539 11995 8452 117610 8217 28804 18535 6435 18701 12200 5525 26970 26761 6501 12350 7123
internal_count=327975 121800 206175 66506 56442 22633 55294 10064 53250 33809 10638 24446 22054 88565 4539 11995 8452 117610 8217 28804 18535 6435 18701 12200 5525 26970 26761 6501 12350 7123
cat_boundaries=0 10 29 61 90 119 151 161 171 203 213 245 274
cat_threshold=195 0 0 1072 0 0 58112 0 0 401408 1008 0 0 15872 0 0 229376 0 0 1572864 0 0 16777216 0 0 0 0 0 33554432 840 0 0 7936 0 0 258816 0 0 1519616 0 0 2293760 0 0 0 0 0 536870912 0 0 0 0 0 0 1 0 0 4096 0 0 49152 8 0 0 12544 0 0 126976 0 0 3080192 0 0 65536 0 0 1048576 0 0 0 0 0 0 0 0 0 0 0 0 7680 399 0 0 7216 0 0 231168 0 0 1331200 0 0 4325376 0 0 0 0 0 0 0 0 0 0 0 0 480 0 0 3968 20 0 0 64 0 0 0 0 0 524288 0 0 50331648 0 0 838860800 0 0 2147483648 3 0 2147483648 63 0 0 526 0 0 496 0 0 3840 1 0 0 16 0 0 16640 0 0 393216 0 0 0 7680 0 0 253952 0 0 135168 23 0 0 224 0 0 2048 0 0 49152 0 0 17039360 0 0 201326592 0 0 0 0 0 0 0 0 0 96 0 0 768 0 0 65536 8 0 0 4352 0 0 212992 0 0 1310720 513 0 0 3600 0 0 131328 0 0 1060864 0 0 14811136 0 0 134217728 0 0 0 0 0 0 0 0 0 0 0 0 0 0 0 32768 392 0 0 7168 0 0 65792 0 0 0 0 0 4194304 0 0 0 0 0 0 0 0 0 0 0 0 64 0 0 1920
is_linear=0
shrinkage=0.05


Tree=25
num_leaves=31
num_cat=7
split_feature=41 42 41 27 27 19 5 39 5 5 5 43 14 43 1 5 42 36 43 27 36 36 21 27 27 5 32 36 27 5
split_gain=70969.4 12710.8 5317.41 3941.63 3703.95 2946.44 2640.61 2570.03 2394.46 1978.99 1898.64 1742.99 1656.83 1521.96 2217.49 1553.52 1473.72 1376.92 1375.13 1365.29 1194.07 1021.36 988.799 954.826 917.505 917.162 913.879 880.943 735.091 1056.66
threshold=3.1648768186569218 4.8501129150390634 1.7737156152725222 1005.9644775390626 1006.3625793457032 2.4875553846359257 0 2.3227946758270268 1 2 3 9.3035316467285174 1.8034758567810061 7.5631408691406259 90.250000000000014 4 4.4366092681884775 43.20573806762696 5.5847768783569345 1010.851043701172 79.835414886474624 83.042621612548842 1.6466606259346011 1007.4378356933595 1009.3255920410157 5 681.42907714843761 63.484666824340827 1009.2108764648439 6
decision_type=2 2 2 2 2 2 9 2 9 9 9 2 2 2 2 9 2 2 2 2 2 2 2 2 2 9 2 2 2 9
left_child=2 4 25 6 -2 10 -3 8 11 16 27 12 -5 15 -15 19 -4 -7 21 -10 26 28 -8 -17 -22 -1 -14 -6 -12 -30
right_child=1 3 9 7 5 17 22 -9 13 -11 18 -13 20 14 -16 23 -18 -19 -20 -21 24 -23 -24 -25 -26 -27 -28 -29 29 -31
leaf_value=-0.013611469860665035 0.079698319209654228 0.12649774064958466 -0.0049372760151008555 0.017388612256830475 -0.005894641941695763 0.025708319758633136 0.077371007600781389 0.089382425721131059 0.07411070304915339 -0.016301708755724394 0.0016397427886591328 0.0066277453929506763 0.035996156546590011 0.027378788597248838 -0.034222959717104949 0.056482848206230257 0.035401141025515385 0.079574286478708636 -0.024224007319170016 0.034614415105258693 0.10461964970138485 0.043185275207297376 0.034677394092366677 0.020204860600590607 0.058530358890025204 -0.029821079565163573 0.062351237739039125 0.027753022038984596 0.038875339318256701 0.01258929537666943
leaf_weight=9956 2010 2070 37674 2672 22101 2893 3348 2520 3755 74309 7477 2113 5350 4527 2145 2083 2399 2019 2017 5310 2267 3628 2321 13855 2162 75772 8774 2123 5374 13319
leaf_count=9956 2010 2070 37674 2672 22101 2893 3348 2520 3755 74309 7477 2113 5350 4527 2145 2083 2399 2019 2017 5310 2267 3628 2321 13855 2162 75772 8774 2123 5374 13319
internal_value=7.68763e-05 0.0291142 -0.0185311 0.0445736 0.0130829 0.0108734 0.0780778 0.040054 0.0377785 -0.0114734 0.00761415 0.049948 0.0542791 0.0287743 0.00755269 0.0344435 -0.00251353 0.0479658 0.0156402 0.0509824 0.0595798 0.018351 0.0598778 0.024963 0.0823039 -0.0279455 0.0524008 -0.0029343 0.014893 0.0201905
internal_weight=328343 128233 200110 65272 62961 60951 7739 57533 55013 114382 56039 23338 21225 31675 6672 25003 40073 4912 31815 9065 18553 29798 5669 15938 4429 85728 14124 24224 26170 18693
internal_count=328343 128233 200110 65272 62961 60951 7739 57533 55013 114382 56039 23338 21225 31675 6672 25003 40073 4912 31815 9065 18553 29798 5669 15938 4429 85728 14124 24224 26170 18693
cat_boundaries=0 13 42 74 106 119 151 161
cat_threshold=0 0 0 16 0 0 17152 0 0 393216 0 0 12582912 104 0 0 768 0 0 61440 0 0 983040 0 0 0 0 0 1048576 0 0 0 0 0 0 0 0 0 0 0 0 3328 3 0 0 320 0 0 5632 0 0 24576 0 0 8454144 0 0 3145728 0 0 50331648 0 0 0 2 0 0 496 0 0 16000 0 0 102400 199 0 0 112 0 0 25600 0 0 786432 0 0 25427968 0 0 137363456 0 0 50331648 0 0 0 8 0 0 65 0 0 3840 0 0 16384 384 0 0 15360 0 0 65536 0 0 0 0 0 65536 0 0 0 0 0 0 0 0 0 131072 0 0 8126464 0 0 262144000 0 0 503316480 0 0 1073741824 0 0 0 96 0 0 0 0 0 4096 8 0 0 15872 0 0 229632 0 0 4096
is_linear=0
shrinkage=0.05


Tree=26
num_leaves=31
num_cat=1
split_feature=14 44 26 34 8 44 44 19 43 19 33 41 43 11 33 33 18 41 29 14 41 18 18 11 34 20 26 35 38 16
split_gain=64413.9 11769.7 5484.33 5019.81 3488.16 3468.65 3389.42 2211.02 2045.87 3529.88 2043.26 1714.85 1655.46 1312.44 1257.34 1165.1 2016.27 2074.04 1918.08 1800.37 924.154 836.966 872.204 716.406 700.77 884.747 693.485 604.161 572.845 568.842
threshold=1.3781859874725344 6.2070672512054452 3.0913677215576176 -5.5372924804687491 0 3.7929531335830693 9.164041996002199 1.6115654706954958 8.8263130187988299 1.9316143393516543 13.651008129119875 1.1510316133499148 6.7757375240325937 2.1930909156799321 17.236800193786625 19.098048210144047 1.9036414027214053 5.0607616901397714 0.85675430297851574 2.6455452442169194 2.4450949430465703 2.1095744371414189 1.1431422233581545 0.56655132770538341 -2.0342712402343746 2.3540058135986333 3.5898026227951054 7.9855918884277353 0.97224014997482311 2.7864649295806889
decision_type=2 2 2 2 1 2 2 2 2 2 2 2 2 2 2 2 2 2 2 2 2 2 2 2 2 2 2 2 2 2
left_child=2 3 11 -2 8 7 -6 26 15 -10 -7 -1 13 21 27 16 17 -3 -18 -19 -4 22 -12 -13 -24 -26 -5 -9 -22 -11
right_child=1 4 20 5 6 10 -8 14 9 29 12 23 -14 -15 -16 -17 18 19 -20 -21 28 -23 24 -25 25 -27 -28 -29 -30 -31
leaf_value=-0.033066712400392211 0.08374807419249243 0.0081947046283142293 -0.01159056058418877 -0.012939073245579399 0.057633832877862667 0.050126471660555255 0.11635524869554799 0.025927028117207474 0.061543675802291843 0.0062228417278216326 0.0024025682908386855 -0.021666256608003993 -0.017784531961808108 0.060569633258277668 0.0053705247763693809 0.018257846940128927 0.050865643167899537 0.034314131930652865 0.11218255095466267 0.082307007936616161 -0.00234987032452523 0.0081991059178878143 0.010596122608335128 -0.011275969276694527 0.029524460888399013 0.060847086586761183 0.003646095696627319 0.057149835292878627 0.015395274935692911 -0.031317053595983857
leaf_weight=30883 2816 3211 30033 10817 9721 7196 3305 4782 2660 2009 3208 88114 2559 2266 6228 2637 2724 4392 2441 3548 30200 8839 3531 20482 12109 2779 15076 2309 5344 2012
leaf_count=30883 2816 3211 30033 10817 9721 7196 3305 4782 2660 2009 3208 88114 2559 2266 6228 2637 2724 4392 2441 3548 30200 8839 3531 20482 12109 2779 15076 2309 5344 2012
internal_value=0.000105489 0.028683 -0.0170613 0.018226 0.0515326 0.0159576 0.0726107 0.00523145 0.0407975 0.0169724 0.0258535 -0.0226678 0.0208913 0.0239195 0.0217776 0.0491826 0.0541664 0.0421373 0.080005 0.0558364 -0.00513484 0.0211746 0.0264714 -0.0197078 0.0306598 0.0354081 -0.00328481 0.0361601 0.000321672 -0.0125922
internal_weight=328231 123175 205056 84515 38660 81699 13026 39212 25634 6681 42487 139479 35291 32732 13319 18953 16316 11151 5165 7940 65577 30466 21627 108596 18419 14888 25893 7091 35544 4021
internal_count=328231 123175 205056 84515 38660 81699 13026 39212 25634 6681 42487 139479 35291 32732 13319 18953 16316 11151 5165 7940 65577 30466 21627 108596 18419 14888 25893 7091 35544 4021
cat_boundaries=0 1
cat_threshold=2
is_linear=0
shrinkage=0.05


Tree=27
num_leaves=31
num_cat=0
split_feature=42 41 44 37 7 14 11 37 36 42 26 37 19 12 18 19 7 17 7 18 40 14 40 35 32 41 44 11 41 37
split_gain=58062.3 7999.9 7139.04 4084.45 3972.44 3488.66 2967.78 2625.69 4398.47 2053.59 1688.41 1628.72 1323.51 1288.13 1207.77 1134.5 993.294 853.495 828.67 785.136 1642.06 937.636 776.587 690.172 628.981 617.318 609.481 594.623 483.327 475.6
threshold=3.6305658817291264 2.4631687402725224 6.5399634838104257 -0.7290864586830138 2.5000000000000004 1.6440325379371645 2.0180873870849614 -2.1444667577743526 67.020893096923842 1.3755736351013186 11.000851631164553 -1.6637463569641111 1.9190424680709841 1.5675375461578371 2.2188181877136235 1.5669828653335574 1.5000000000000002 1.5289213657379153 1.5000000000000002 2.1366806030273442 3.7593710422515874 2.5827382802963261 4.1275227069854745 6.2518119812011728 566.69598388671886 4.4944829940795907 7.2185280323028573 0.69694826006889354 0.78699380159378063 1.4811178445816042
decision_type=2 2 2 2 2 2 2 2 2 2 2 2 2 2 2 2 2 2 2 2 2 2 2 2 2 2 2 2 2 2
left_child=1 9 5 12 10 16 15 -7 14 27 26 -8 22 -10 24 -3 -2 -18 -12 20 21 -6 -4 -17 -9 -26 -5 28 -1 -28
right_child=2 6 3 4 19 7 11 8 13 -11 18 -13 -14 -15 -16 23 17 -19 -20 -21 -22 -23 -24 -25 25 -27 29 -29 -30 -31
leaf_value=-0.041472731580574226 0.01998974288471321 -0.0058912226537716902 0.018018833702699008 0.048741244761395769 0.018945073771005783 -0.011865210517543041 0.0020936753151747337 0.020110380332795025 0.04821647968288844 -0.015696774375797345 0.12256620775592429 0.058952372240305896 -0.0052716671952403845 0.089888184139252134 0.0086007017638524679 0.0040844458862230029 -0.010139240866090225 0.017570492818077092 0.07749856742589406 0.055062343840077368 -0.014200433568574325 0.064600852887218452 0.059025842078573122 0.032972609989249994 0.015300324423374912 0.040685568926971269 0.062686131580396806 -0.0063775878060586995 -0.026918796364194149 0.087162053336675427
leaf_weight=6414 7262 54354 2735 4616 2515 3545 2107 9326 4082 92825 2103 3124 3436 3470 8228 7265 10393 3782 2154 2639 2062 2042 2005 2882 2909 13989 5903 3215 54146 3174
leaf_count=6414 7262 54354 2735 4616 2515 3545 2107 9326 4082 92825 2103 3124 3436 3470 8228 7265 10393 3782 2154 2639 2062 2042 2005 2882 2909 13989 5903 3215 54146 3174
internal_value=-4.05674e-05 -0.0141733 0.0312042 0.0493705 0.0586813 0.0216023 -8.61784e-05 0.029429 0.032916 -0.0204458 0.0724027 0.0360979 0.0183524 0.0674574 0.0253271 -0.00302583 0.00496639 -0.00273889 0.0999975 0.0320278 0.0227748 0.0395002 0.0354524 0.0123138 0.0305698 0.0363271 0.0637571 -0.0273544 -0.0284668 0.0713313
internal_weight=328702 226332 102370 35384 27208 66986 69732 45549 42004 156600 17950 5231 8176 7552 34452 64501 21437 14175 4257 9258 6619 4557 4740 10147 26224 16898 13693 63775 60560 9077
internal_count=328702 226332 102370 35384 27208 66986 69732 45549 42004 156600 17950 5231 8176 7552 34452 64501 21437 14175 4257 9258 6619 4557 4740 10147 26224 16898 13693 63775 60560 9077
is_linear=0
shrinkage=0.05


Tree=28
num_leaves=31
num_cat=9
split_feature=25 25 41 5 37 5 7 11 5 37 11 41 5 16 41 33 5 7 5 5 37 35 40 40 5 33 5 7 32 41
split_gain=53311.3 7385.92 6223.99 4589.09 3774.15 2716.08 2878.61 2318.08 2279.7 2001.86 2841.92 1968.43 1928.2 1645.53 1302.64 1124.21 1108.1 1061.9 942.241 938.621 842.205 828.72 812.057 749.293 736.327 1384.3 944.786 651.327 599.258 575.579
threshold=3.4232381582260136 6.5713713169097909 2.6386967897415166 0 0.32101786136627203 1 2.5000000000000004 2.0180873870849614 2 -2.2798563241958614 2.3028835058212285 1.6525092720985415 3 1.4765219092369082 4.4944829940795907 13.937088012695314 4 1.5000000000000002 5 6 2.7794187068939213 9.6945762634277362 3.4208483695983891 1.8985698223114016 7 14.480448246002199 8 1.5000000000000002 332.28428649902349 0.90760749578475963
decision_type=2 2 2 9 2 9 2 2 9 2 2 2 9 2 2 2 9 2 9 9 2 2 2 2 9 2 9 2 2 2
left_child=2 3 11 9 12 -6 20 16 -9 -2 13 29 -3 -11 -14 -15 -4 -16 23 -8 -7 -18 -19 -17 25 26 -5 -26 -13 -1
right_child=1 4 7 24 5 6 19 8 -10 10 -12 28 14 15 17 18 21 22 -20 -21 -22 -23 -24 -25 27 -27 -28 -29 -30 -31
leaf_value=-0.034827744154358624 -0.012463132518276535 -0.0079004146729425226 -0.01244191275700602 0.0095307715969543249 0.10084250356381051 0.060758771893528997 0.040685947105686002 0.0035855985738809716 0.074237637825333228 0.0098347248253074122 0.080085502227833782 -0.018528095691211752 0.074413820759986524 0.056003601662271779 0.051753267481089875 0.053011669030728875 0.001021649325167188 0.032364107063336124 0.022283833322303673 -0.0029151736479583212 0.096563121105181893 0.03391325995159148 -0.0017058932234232306 0.023532442993459773 0.012631114804401062 0.0021608194904029713 0.048708865524417916 -0.017815375478530293 -0.010498170631836586 -0.0231872072854616
leaf_weight=13007 2609 2822 17888 3024 3738 7824 2861 2635 2005 8666 2927 44046 2031 5094 4007 6105 27943 4754 15013 2163 2127 2046 2762 3369 2573 17314 3163 5487 49293 59063
leaf_count=13007 2609 2822 17888 3024 3738 7824 2861 2635 2005 8666 2927 44046 2031 5094 4007 6105 27943 4754 15013 2163 2127 2046 2762 3369 2573 17314 3163 5487 49293 59063
internal_value=1.79519e-05 0.028318 -0.0143236 0.0194893 0.0472643 0.0626053 0.0528971 0.000672512 0.0343766 0.0299617 0.0326596 -0.0190846 0.0297066 0.0290102 0.0375148 0.0346226 -0.00260041 0.0309847 0.0301537 0.0220207 0.0685011 0.00327514 0.0198583 0.0425197 0.00494541 0.00941652 0.0297002 -0.0080823 -0.014289 -0.0252926
internal_weight=328359 110433 217926 75344 35089 18713 14975 52517 4640 43783 41174 165409 16376 38247 13554 29581 47877 11523 24487 5024 9951 29989 7516 9474 31561 23501 6187 8060 93339 72070
internal_count=328359 110433 217926 75344 35089 18713 14975 52517 4640 43783 41174 165409 16376 38247 13554 29581 47877 11523 24487 5024 9951 29989 7516 9474 31561 23501 6187 8060 93339 72070
cat_boundaries=0 29 58 87 103 135 151 167 196 225
cat_threshold=264 0 0 16128 0 0 258304 0 0 2043904 0 0 12779520 0 0 135266304 0 0 0 0 0 0 0 0 0 0 0 0 1920 65 0 0 48 0 0 768 0 0 139264 0 0 0 0 0 0 0 0 0 0 0 0 0 0 0 0 0 0 1536 979 0 0 15936 0 0 196608 0 0 2097152 0 0 65536 0 0 0 0 0 0 0 0 0 0 0 0 128 0 0 512 768 0 0 14336 0 0 229376 0 0 3670016 0 0 18874368 0 0 1048576 31 0 0 224 0 0 0 0 0 786432 0 0 9895936 0 0 242221056 0 0 1711276032 0 0 268435456 12 0 0 32 0 0 640 0 0 16384 8 0 0 768 0 0 114688 0 0 851968 0 0 65536 0 0 1048576 170 0 0 3584 0 0 40960 0 0 266240 0 0 6488064 0 0 1048576 759 0 0 144 0 0 512 0 0 16384 0 0 16777216 0 0 69206016 0 0 50331648 0 0 0 14 0 0 497 0 0 14336 532 0 0 128 0 0 0 0 0 16384 0 0 16777216 0 0 69206016 0 0 50331648 0 0 0 0 0 0 0 0 0 8192
is_linear=0
shrinkage=0.05


Tree=29
num_leaves=31
num_cat=9
split_feature=25 41 25 5 19 26 19 25 33 5 30 24 5 36 5 32 5 36 5 41 40 36 14 28 28 5 5 36 5 7
split_gain=48289.6 6688.16 5774.7 3635.55 2943.84 2858.41 2392.15 2033.75 1957.26 1912.28 1466.86 1449.25 1214.13 1197.37 1696.59 1051.43 1133.73 1008.48 1032.53 978.373 928.47 907.83 768.72 724.382 720.469 712.695 707.347 680.432 1066.02 864.896
threshold=3.6305658817291264 2.6584163904190068 6.5713713169097909 0 1.6115654706954958 10.184052467346193 1.6422882676124575 1.446320176124573 14.08799982070923 1 1194.8125000000002 25.504592895507816 2 41.646480560302741 3 591.68331909179699 4 94.226360321044936 5 5.4596350193023691 3.2983939647674565 36.576747894287116 2.1461212635040288 1007.9296875000001 1005.3765563964845 6 7 76.788425445556655 8 1.5000000000000002
decision_type=2 2 2 9 2 2 2 2 2 9 2 2 9 2 9 2 9 2 9 2 2 2 2 2 2 9 9 2 9 2
left_child=1 7 3 8 5 -4 26 24 17 -6 19 -10 -7 23 -15 -13 -17 18 -2 -11 22 -18 -21 -8 -1 -25 -3 29 -29 -5
right_child=2 6 4 27 9 12 13 -9 11 10 -12 15 -14 14 -16 16 21 -19 -20 20 -22 -23 -24 25 -26 -27 -28 28 -30 -31
leaf_value=-0.0011865790912884496 0.018881236643105995 -0.012153359647710854 0.044857217475393757 0.016086388703788337 -0.0078025220664505656 0.11933375542556024 -0.015917332867299978 -0.013075173813062297 -0.012099905173983032 0.067503516794953991 0.0065086581581526269 0.016635884754572335 0.070369673568794505 0.0071365710351438474 0.066553993379224297 0.021182114820813672 0.038823687872739654 0.080886196900271906 0.05982554767443149 0.02078545129831046 0.0067662886142041759 0.077087324054181894 0.058962173677318035 -0.0014894347584012251 -0.025289868355404199 0.034762063266202119 0.0010885458513835232 0.047601986381072228 -0.0026699984725002818 -0.0049319462488487936
leaf_weight=3249 2945 15250 11767 7299 2765 2024 2116 97038 2582 3562 3014 13666 4050 2154 2736 7615 6746 2104 3314 2021 2042 2028 3869 2468 68190 2997 29697 2216 2000 14807
leaf_count=3249 2945 15250 11767 7299 2765 2024 2116 97038 2582 3562 3014 13666 4050 2154 2736 7615 6746 2104 3314 2021 2042 2028 3869 2468 68190 2997 29697 2216 2000 14807
internal_value=0.000143828 -0.0127687 0.0286175 0.0200388 0.0450545 0.0593023 0.0019683 -0.017791 0.0293444 0.0303124 0.0375564 0.0238084 0.0871668 0.0213339 0.0405995 0.0268962 0.0354364 0.0509297 0.0407467 0.0457177 0.0358617 0.0476912 0.0459203 0.00886987 -0.024194 0.0184788 -0.00340845 0.00552515 0.0239102 0.00201206
internal_weight=328331 225895 102436 67322 35114 17841 57418 168477 41000 17273 14508 32637 6074 12471 4890 30055 16389 8363 6259 11494 7932 8774 5890 7581 71439 5465 44947 26322 4216 22106
internal_count=328331 225895 102436 67322 35114 17841 57418 168477 41000 17273 14508 32637 6074 12471 4890 30055 16389 8363 6259 11494 7932 8774 5890 7581 71439 5465 44947 26322 4216 22106
cat_boundaries=0 29 42 71 78 91 107 120 152 162
cat_threshold=264 0 0 16128 0 0 258304 0 0 1978368 0 0 12779520 0 0 1048576 0 0 0 0 0 0 0 0 0 0 0 0 3968 528 0 0 12288 0 0 196608 0 0 1572864 0 0 8388608 3 0 0 528 0 0 28928 0 0 393216 0 0 0 0 0 0 0 0 0 0 0 0 0 0 0 0 0 0 1536 968 0 0 8224 0 0 196608 256 0 0 3584 0 0 256 0 0 1060864 0 0 12779520 264 0 0 12032 0 0 4096 0 0 655360 0 0 12582912 0 0 1048576 225 0 0 816 0 0 12288 0 0 917504 0 0 8388608 35 0 0 13936 0 0 221184 0 0 786432 0 0 9437184 0 0 242221056 0 0 1711276032 0 0 0 4 0 0 32 0 0 512 0 0 16384 55 0 0 48 0 0 512 0 0 65536
is_linear=0
shrinkage=0.05


Tree=30
num_leaves=31
num_cat=11
split_feature=25 25 15 5 37 7 25 34 37 5 34 15 5 5 38 5 11 34 20 5 10 37 7 5 5 37 37 9 5 5
split_gain=42757.4 5967.22 5061.03 3755.07 3631.32 2811.06 2129.67 1933.64 2080.01 1919.98 1894.12 1827.85 1588.5 1490.78 1262 1212.08 1195.93 1172.54 995.594 987.286 799.371 719.573 710.234 673.45 671.243 664.865 613.137 807.354 588.837 588.621
threshold=3.4232381582260136 6.6653146743774423 1.171050012111664 0 -0.45120501518249506 2.5000000000000004 1.567250728607178 -5.3631591796874991 -2.1444667577743526 1 -5.3631591796874991 1.5272164940834048 2 3 2.9353657960891728 4 1.978740453720093 -2.3461303710937496 2.4403154850006108 5 1.9572960138320925 1.07420289516449 1.5000000000000002 6 7 -2.1444667577743526 -2.0222911834716792 8 9 10
decision_type=2 2 2 9 2 2 2 2 2 9 2 2 9 9 2 9 2 2 2 9 2 2 2 9 9 2 2 9 9 9
left_child=2 3 6 7 9 17 -1 -2 -9 -3 -4 22 -7 -12 -14 16 20 19 25 21 -13 -6 -10 -5 -19 -15 -11 -28 -8 -24
right_child=1 4 10 23 5 12 28 8 11 26 13 15 14 18 -16 -17 -18 24 -20 -21 -22 -23 29 -25 -26 -27 27 -29 -30 -31
leaf_value=-0.022676940040782356 0.073677378997057272 -0.026008153529035846 0.045818534754122814 -0.010952837825872785 0.069795594039282746 0.054831561125166822 -0.0051624554889369463 -0.016812333259315786 0.020408066559822791 0.0046764751583446623 -0.014265969867146656 0.057269305787299267 0.032739236332610971 -0.023906488966475424 -0.019752725346354236 0.027725371714721586 0.083672697184201394 0.067138422142906551 0.032979460956351833 0.054728090903655213 0.021592641901256673 0.10879237917775519 -0.023847859211123663 0.0078536518101537788 0.037290523855086653 0.0051488898467572271 0.017968581780146996 0.055820374101466064 -0.014049931823695081 0.012717817027723267
leaf_weight=80648 2098 2029 2335 5828 2108 3482 25964 2827 8414 2002 13235 3212 2651 2132 2001 18876 2074 3770 3038 2881 3100 2978 2047 25619 4098 24366 2890 2819 66533 2336
leaf_count=80648 2098 2029 2335 5828 2108 3482 25964 2827 8414 2002 13235 3212 2651 2132 2001 18876 2074 3770 3038 2881 3100 2978 2047 25619 4098 24366 2890 2819 66533 2336
internal_value=-3.55483e-05 0.0253603 -0.0128521 0.0176274 0.0428832 0.0533424 -0.0167381 0.0268898 0.0245906 0.017116 0.00206517 0.0275159 0.0293979 -0.000333615 0.0101448 0.0348323 0.0506839 0.0656158 0.00591498 0.0791858 0.0398094 0.0926163 0.0119144 0.00436354 0.051792 0.00280299 0.0284791 0.0368531 -0.0115581 -0.00440026
internal_weight=328391 110140 218251 76431 33709 23969 173145 44984 42886 9740 45106 40059 8134 42771 4652 27262 8386 15835 29536 7967 6312 5086 12797 31447 7868 26498 7711 5709 92497 4383
internal_count=328391 110140 218251 76431 33709 23969 173145 44984 42886 9740 45106 40059 8134 42771 4652 27262 8386 15835 29536 7967 6312 5086 12797 31447 7868 26498 7711 5709 92497 4383
cat_boundaries=0 29 45 74 106 116 145 177 187 188 220 249
cat_threshold=264 0 0 16128 0 0 258304 0 0 1978368 0 0 12779520 0 0 1048576 0 0 0 0 0 0 0 0 0 0 0 0 3968 896 0 0 14336 0 0 229376 0 0 1572864 0 0 18874368 0 0 1048576 235 0 0 2096 0 0 768 0 0 12288 0 0 2293760 0 0 0 0 0 0 0 0 0 0 0 0 0 0 0 512 7 0 0 96 0 0 0 0 0 622592 0 0 43778048 0 0 528482304 0 0 4160749568 0 0 2415919104 2 0 0 512 0 0 896 0 0 256 8 0 0 768 0 0 126976 0 0 131072 71 0 0 7728 0 0 58112 0 0 401408 0 0 4194304 0 0 0 0 0 0 0 0 0 0 0 0 0 0 0 1536 0 0 0 96 0 0 2048 0 0 32768 0 0 35389440 0 0 599785472 0 0 1543503872 0 0 1879048192 0 0 0 0 0 0 0 0 0 20480 505 0 0 1024 0 0 73728 0 0 3014656 32 96 0 0 272 0 0 186112 0 0 1363968 0 0 131072 0 0 71303168 0 0 1073741824 0 0 0 0 0 0 496 0 0 3712 0 0 102400 0 0 0 256 0 0 28672 0 0 1966080 0 0 12648448 0 0 0 0 0 0 0 0 0 0 0 0 0 0 0 3072
is_linear=0
shrinkage=0.05


Tree=31
num_leaves=31
num_cat=13
split_feature=41 25 29 5 41 13 28 30 9 5 30 5 5 5 33 25 5 5 5 13 5 28 29 5 5 12 23 5 7 28
split_gain=38863.2 7040.28 3194.94 4255.1 3028.9 2707.58 5029.63 2838.43 2311.93 1784.49 1554.51 3091.75 1369.92 1223.99 1086.42 981.494 928.227 835.013 800.738 734.478 711.047 669.96 574.805 654.77 641.98 546.363 813.426 823.936 503.773 489.622
threshold=3.1301393508911137 4.9573357105255136 0.98556900024414074 0 1.7737156152725222 1.8817417621612551 1008.4715576171876 948.43750000000011 1 2 1109.4375000000002 3 4 5 17.26483249664307 4.4366092681884775 6 7 8 1.5764880180358889 9 1006.5334472656251 0.40660476684570318 10 11 2.4743064641952519 27.860740661621097 12 1.5000000000000002 1012.7171936035157
decision_type=2 2 2 9 2 2 2 2 9 9 2 9 9 9 2 2 9 9 9 2 9 2 2 9 9 2 2 9 2 2
left_child=4 5 8 -4 20 9 -7 18 -3 21 12 19 25 15 17 29 -5 -11 -8 -12 -1 -2 24 -24 -15 26 27 -10 -14 -6
right_child=1 2 3 16 13 6 7 -9 10 14 11 -13 28 22 -16 -17 -18 -19 -20 -21 -22 -23 23 -25 -26 -27 -28 -29 -30 -31
leaf_value=-0.0091220166378501392 0.01675882212510571 0.068537907869104422 0.10341233115992408 0.050314703884750428 0.0033068572772327037 0.10287884179785632 0.011602230428163289 -0.030181455700076926 0.049993394841948875 0.041588463055862682 0.0013374082809211973 0.038192896817821648 0.031181640156364761 -0.022666720101494328 0.004189374473179415 0.02879124209098758 0.014849034605529211 0.015836288265419624 0.051478046166810836 -0.038637529419135577 -0.022745577780824811 -0.0070486139988591955 0.010808215364769931 -0.01046458966898816 -0.010552144831196401 0.015364543312463669 0.066375034774836944 0.025311457816615042 0.014830115457550502 -0.0078626045040178089
leaf_weight=11063 3392 3284 3464 4872 15188 2087 2120 2352 6573 4382 2007 4009 7243 20353 14773 2415 3026 11330 3183 2676 74542 22498 4431 19371 23837 2143 2901 7213 13556 27683
leaf_count=11063 3392 3284 3464 4872 15188 2087 2120 2352 6573 4382 2007 4009 7243 20353 14773 2415 3026 11330 3183 2676 74542 22498 4431 19371 23837 2143 2901 7213 13556 27683
internal_value=-2.60966e-05 0.0213372 0.0333015 0.0573038 -0.0138922 0.00993952 0.0342659 0.01545 0.0280068 0.00573041 0.0252193 0.00606715 0.0294237 -0.00852699 0.0139238 -0.00215562 0.0367984 0.0230769 0.0357073 -0.0214933 -0.02099 -0.00392268 -0.0127675 -0.00650141 -0.0161432 0.0392033 0.0422772 0.0371618 0.0205267 -0.00390573
internal_weight=327967 129084 62967 11362 198883 66117 9742 7655 51605 56375 48321 8692 39629 113278 30485 45286 7898 15712 5303 4683 85605 25890 67992 23802 44190 18830 16687 13786 20799 42871
internal_count=327967 129084 62967 11362 198883 66117 9742 7655 51605 56375 48321 8692 39629 113278 30485 45286 7898 15712 5303 4683 85605 25890 67992 23802 44190 18830 16687 13786 20799 42871
cat_boundaries=0 13 14 46 59 88 120 133 146 175 207 226 258 287
cat_threshold=64 0 0 1536 0 0 58112 0 0 401408 0 0 131072 5 55 0 0 96 0 0 9216 0 0 917504 0 0 29622272 0 0 137363456 0 0 50331648 0 0 1610612736 8 0 0 1 0 0 3840 0 0 16384 1008 0 0 16272 0 0 208896 0 0 1048576 0 0 25165824 683 0 0 4480 0 0 110592 0 0 3080192 0 0 25165824 0 0 1048576 0 0 0 0 0 0 0 0 0 0 0 0 3840 3 0 0 320 0 0 5632 0 0 57344 0 0 8454144 0 0 3145728 0 0 50331648 0 0 0 2 0 0 497 0 0 16256 0 0 98304 171 0 0 6448 0 0 66560 0 0 4096 0 0 65536 192 0 0 3600 0 0 49408 0 0 2105344 0 0 131072 131 0 0 4176 0 0 229888 0 0 2621440 0 0 25231360 0 0 1048576 0 0 0 0 0 0 0 0 0 192 0 0 9216 0 0 0 0 0 0 0 0 0 131072 0 0 7602176 0 0 262144000 0 0 503316480 0 0 1073741824 0 0 0 96 0 0 256 0 0 20480 0 0 0 0 0 0 0 0 0 0 0 0 1048576 0 0 234881024 0 0 1879048192 28 0 0 32 0 0 0 0 0 196608 0 0 36700160 0 0 1056964608 0 0 4160749568 0 0 2147483648 1 0 0 4 0 0 0 0 0 16384 520 0 0 4480 0 0 12288 0 0 2293760 0 0 0 0 0 0 0 0 0 0 0 0 0 0 0 0 0 0 1792
is_linear=0
shrinkage=0.05


Tree=32
num_leaves=31
num_cat=0
split_feature=14 34 25 25 29 19 14 25 32 43 27 16 14 43 18 29 34 7 34 30 16 30 7 31 13 13 16 34 0 25
split_gain=36071.1 7272.77 4684.96 4066.55 2217.14 1952.37 1789.03 1458.97 1275.88 1812.99 2119.91 1229.6 1596.31 1239.78 1181.34 1131.72 898.61 808.905 851.459 776.6 668.049 654.418 651.223 779.113 637.887 614.159 598.524 591.639 587.599 577.419
threshold=1.5758765935897829 -4.9439697265624991 4.1591391563415536 2.5833296775817876 0.98556900024414074 2.5098094940185551 2.6249830722808842 1.1946243643760683 773.54376220703136 6.5655865669250497 1010.9193420410157 2.7864649295806889 2.2615236043930058 8.4328708648681658 2.1095744371414189 0.99222183227539074 -1.9722595214843748 2.5000000000000004 -2.4849548339843746 1194.8125000000002 2.3047342300415044 925.56250000000011 1.5000000000000002 84.831676483154311 0.52120730280876171 1.9867721796035769 1.3430203795433047 1.3824157714843752 10.250000000000002 3.9070142507553105
decision_type=2 2 2 2 2 2 2 2 2 2 2 2 2 2 2 2 2 2 2 2 2 2 2 2 2 2 2 2 2 2
left_child=3 11 5 7 8 15 28 -1 9 14 16 12 -2 -14 20 19 -11 18 -10 25 -4 -18 29 26 -9 -3 -24 -19 -6 -5
right_child=1 2 4 22 6 -7 -8 24 17 10 -12 -13 13 -15 -16 -17 21 27 -20 -21 -22 -23 23 -25 -26 -27 -28 -29 -30 -31
leaf_value=-0.0231485215742172 0.039286393536127291 0.00017485888256289192 0.021531375038426618 0.0018588555184889241 0.017090182689855883 0.042339997456356207 0.077086612220398754 -0.014963230484499476 0.064452149731232838 0.014151993556035705 0.0371739655490625 0.030783830675914232 0.11178454702238852 0.062169857913896336 0.0073304692495815742 0.037700315271354888 -0.0026549448917027696 0.0076782262224539422 0.034196055670477073 -0.016180413569794508 0.040552385148278462 -0.039030356113145627 -0.0046490266397153498 -0.021929815764269878 -0.0068157244460854936 0.022363972363734847 0.011660309821642489 0.039100516855468753 0.050716878639585385 0.021000654206366542
leaf_weight=46063 2268 21802 8578 12404 2984 3240 3740 85022 3100 2032 2797 2069 2883 2324 6685 2048 2016 3915 9511 6354 10103 3194 23170 5018 33520 3629 7418 2423 2313 5765
leaf_count=46063 2268 21802 8578 12404 2984 3240 3740 85022 3100 2032 2797 2069 2883 2324 6685 2048 2016 3915 9511 6354 10103 3194 23170 5018 33520 3629 7418 2423 2313 5765
internal_value=6.4566e-05 0.0234114 0.0194446 -0.0116968 0.0277009 0.00532364 0.0506309 -0.0155964 0.0238798 0.0182665 0.000279979 0.0651027 0.074548 0.089802 0.0253821 0.00176733 -0.0140008 0.0343528 0.0416787 -0.00055907 0.0318345 -0.024987 0.000240585 -0.00368977 -0.0126601 0.00334879 -0.000691276 0.0197336 0.0318416 0.00794073
internal_weight=328388 110008 100464 218380 63391 37073 9037 164605 54354 35405 10039 9544 7475 5207 25366 33833 7242 18949 12611 31785 18681 5210 53775 35606 118542 25431 30588 6338 5297 18169
internal_count=328388 110008 100464 218380 63391 37073 9037 164605 54354 35405 10039 9544 7475 5207 25366 33833 7242 18949 12611 31785 18681 5210 53775 35606 118542 25431 30588 6338 5297 18169
is_linear=0
shrinkage=0.05


Tree=33
num_leaves=31
num_cat=0
split_feature=14 34 37 41 37 26 44 29 41 0 30 18 1 21 40 34 27 11 42 1 29 34 42 34 27 1 37 0 1 44
split_gain=32336.5 7021.15 5529.85 3685.67 2248.44 2231.04 1911.98 1199.12 1133.99 1085.85 1298.81 1034.43 990.396 979.398 1124.65 855.148 1516.23 842.769 784.654 699.929 682.243 983.494 671.8 641.51 637.522 596.109 508.816 567.704 499.528 476.198
threshold=1.5758765935897829 -5.3631591796874991 0.54672443866729747 2.3151065111160283 -2.1444667577743526 4.6373007297515878 7.2185280323028573 0.94709396362304699 1.2059407234191897 15.250000000000002 880.31250000000011 1.8766137361526491 90.750000000000014 2.6039801836013798 5.1664156913757333 -2.0947570800781246 1010.145233154297 1.978740453720093 3.1387284994125371 77.250000000000014 0.99222183227539074 0.79534912109375011 6.2343316078186044 -5.5372924804687491 1009.494598388672 80.750000000000014 -1.4216542243957517 9.7500000000000018 86.250000000000014 5.8316380977630624
decision_type=2 2 2 2 2 2 2 2 2 2 2 2 2 2 2 2 2 2 2 2 2 2 2 2 2 2 2 2 2 2
left_child=3 11 4 8 9 17 7 15 -1 10 -3 -2 24 14 20 -4 -17 -6 -5 -18 21 26 -23 25 -8 -10 -7 -28 -21 -29
right_child=1 2 6 18 5 13 12 -9 23 -11 -12 -13 -14 -15 -16 16 19 -19 -20 28 -22 22 -24 -25 -26 -27 27 29 -30 -31
leaf_value=-0.02341834890760779 0.051615372366598557 0.0052099483705042044 0.0016034461922433988 -0.0058570333224231413 -0.0039383063359942783 -0.012013018886811938 0.072777575642177947 0.052421529537821338 -0.015873215253190961 0.01791727890544538 -0.04046982303476121 0.088906039513152568 0.023375656569317185 0.049640986485791648 0.054450255381402968 0.058340790703759651 0.001718608412775679 0.02864810961333901 0.0050122325367229813 0.047795646532851767 0.038143118637999636 0.017313725876696773 0.042083421548045001 -0.01415114181588133 0.042374768254517636 0.012427050078070545 0.026869443821442487 0.011576211614252093 0.020948726229083024 -0.010147286877883542
leaf_weight=35173 4234 2495 3916 42926 16952 3007 4947 4044 3144 2105 4116 3408 2134 2702 2047 3222 3722 2237 27065 2259 3265 9342 3880 105205 2733 4528 3921 8245 7507 3624
leaf_count=35173 4234 2495 3916 42926 16952 3007 4947 4044 3144 2105 4116 3408 2134 2702 2047 3222 3722 2237 27065 2259 3265 9342 3880 105205 2733 4528 3921 8245 7507 3624
internal_value=4.34136e-05 0.0221353 0.0186816 -0.0111088 0.0104017 0.0138913 0.0349862 0.0275406 -0.0155782 -0.0132973 -0.0232484 0.0683398 0.0536553 0.0206088 0.0184947 0.0226394 0.0275653 -0.00012653 -0.00165385 0.0201759 0.016394 0.014165 0.0246087 -0.0131333 0.0620276 0.000823982 0.00680953 0.0103994 0.0272013 0.00494035
internal_weight=328105 110064 102422 218041 67938 59222 34484 24670 148050 8716 6611 7642 9814 40033 37331 20626 16710 19189 69991 13488 35284 32019 13222 112877 7680 7672 18797 15790 9766 11869
internal_count=328105 110064 102422 218041 67938 59222 34484 24670 148050 8716 6611 7642 9814 40033 37331 20626 16710 19189 69991 13488 35284 32019 13222 112877 7680 7672 18797 15790 9766 11869
is_linear=0
shrinkage=0.05


Tree=34
num_leaves=31
num_cat=10
split_feature=14 37 36 5 26 5 5 21 37 43 5 27 37 36 5 21 5 5 43 11 43 40 5 13 38 28 5 43 32 5
split_gain=29538.6 6768.72 3223.87 2857.22 2585.05 2298.53 2140.84 1141.23 1124.02 1718.23 1506.45 1017.03 1336.03 1888.3 961.811 937.374 916.271 863.131 833.945 804.832 766.263 740.235 667.624 628.399 614.606 710.967 525.282 502.807 500.8 485.288
threshold=1.3781859874725344 0.98411500453948986 49.31688308715821 0 2.7431671619415288 1 2 2.2936369180679326 -1.7436513900756834 4.0140402317047128 3 1005.7502441406251 -2.0222911834716792 68.246841430664077 4 1.6033986806869509 5 6 5.4611268043518075 1.9043260216712954 1.0165762305259707 3.6843464374542241 7 1.5552009940147402 -0.55283859372138966 1008.7084350585939 8 4.5241045951843271 784.41342163085949 9
decision_type=2 2 2 9 2 9 9 2 2 2 9 2 2 2 9 2 9 9 2 2 2 2 9 2 2 2 9 2 2 9
left_child=4 3 6 11 20 7 24 23 10 19 -5 -2 16 18 27 -15 -13 -11 29 22 -1 -7 -10 -4 -3 -26 -20 -6 -28 -14
right_child=1 2 5 8 14 21 -8 -9 9 17 -12 12 13 15 -16 -17 -18 -19 26 -21 -22 -23 -24 -25 25 -27 28 -29 -30 -31
leaf_value=-0.023944465787310073 0.05380427002554429 0.023297682211689656 0.068005860003364754 -0.036317917700979002 0.00088111263510679829 0.047126329804881947 0.005271258721606626 0.049097340576322521 -0.014727107183265382 0.035774312513854781 0.011067873731801285 -0.021235835494303912 0.022985651275395248 0.027074681133753938 -0.0086287795591898486 0.067417870295284468 0.021968128694081528 0.012830678720675368 0.048362149173085393 0.029338947384993177 -0.01407318923423162 0.0098168805967905198 0.0028989972445272977 0.10453627928219622 0.075397887560058774 0.038373718429807739 0.012608499777574736 0.026731618910619884 0.036171126137326974 0.0028056139296754627
leaf_weight=24612 2561 2976 2068 3475 27361 3911 7406 2635 7971 5487 3214 2856 4678 2516 52779 3424 2121 16321 2620 2096 98186 2021 16381 3051 2012 3758 5209 2010 3990 8180
leaf_count=24612 2561 2976 2068 3475 27361 3911 7406 2635 7971 5487 3214 2856 4678 2516 52779 3424 2121 16321 2620 2096 98186 2021 16381 3051 2012 3758 5209 2010 3990 8180
internal_value=0.000162287 0.0195382 0.0402587 0.0128938 -0.0114607 0.0581107 0.0251057 0.0760438 0.00558879 0.00825271 -0.0136047 0.0234015 0.021206 0.0251105 -0.0045944 0.050404 -0.00281542 0.0186394 0.0190042 -0.000315596 -0.0160534 0.0343952 -0.00287899 0.0899399 0.0418222 0.0513922 0.0285877 0.00265778 0.022832 0.0101797
internal_weight=327886 122938 29838 93100 204948 13686 16152 7754 54945 48256 6689 38155 35594 30617 82150 5940 4977 21808 24677 26448 122798 5932 24352 5119 8746 5770 11819 29371 9199 12858
internal_count=327886 122938 29838 93100 204948 13686 16152 7754 54945 48256 6689 38155 35594 30617 82150 5940 4977 21808 24677 26448 122798 5932 24352 5119 8746 5770 11819 29371 9199 12858
cat_boundaries=0 32 45 77 96 125 132 161 193 200 232
cat_threshold=73 0 0 1808 0 0 62208 0 0 462848 0 0 2162688 0 0 0 0 0 0 0 0 0 0 0 0 0 0 0 4096 0 0 49152 195 0 0 3632 0 0 29440 0 0 466944 0 0 14811136 8 0 0 8576 0 0 258304 0 0 3092480 0 0 14745600 0 0 3145728 0 0 587202560 0 0 0 0 0 0 0 0 0 4864 0 0 16384 896 0 0 14400 0 0 196608 0 0 2097152 0 0 0 0 0 0 0 0 16777216 392 0 0 7168 0 0 231168 0 0 1069056 0 0 4325376 0 0 203423744 0 0 1895825408 0 0 0 0 0 0 224 0 0 3968 64 0 0 1536 0 0 57856 262 0 0 0 0 0 65536 0 0 524288 0 0 0 0 0 0 0 0 0 0 0 0 0 0 0 0 0 0 3584 6 0 0 96 0 0 2048 0 0 540672 0 0 25427968 0 0 134217728 0 0 67108864 0 0 0 0 0 0 0 0 0 8960 0 0 65536 8 0 0 0 0 0 57344 0 0 0 1536 0 0 33024 0 0 131072 0 0 2162688 0 0 0 0 0 0 0 0 0 0 0 0 0 0 0 4096 0 0 49152
is_linear=0
shrinkage=0.05


Tree=35
num_leaves=31
num_cat=0
split_feature=41 29 42 41 18 13 0 27 41 41 30 0 16 38 20 21 13 10 29 22 1 40 1 40 27 24 27 43 0 21
split_gain=26210.4 4954.38 3194.19 2146.64 1978.28 1595.48 1836.51 1142.3 1113.82 1092.57 1078.07 1115.29 938.578 921.542 889.272 870.483 669.313 573.123 582.571 580.958 1159.85 1164.39 578.932 867.244 839.825 920.468 720.253 557.483 509.299 473.463
threshold=3.1301393508911137 0.98556900024414074 4.4366092681884775 1.8783765435218813 1.8766137361526491 2.3112883567810063 12.750000000000002 1004.9488220214845 6.1464140415191659 5.1624510288238534 1157.3125000000002 13.750000000000002 1.3430203795433047 1.6008576154708865 2.5235147476196294 1.5366659760475161 0.46225051581859594 4.2681739330291757 0.068294525146484389 6.7420005798339853 82.750000000000014 3.07737147808075 76.250000000000014 2.491275548934937 1009.8812561035157 28.134872436523441 1011.8215637207032 0.76586180925369274 8.2500000000000018 1.6033986806869509
decision_type=2 2 2 2 2 2 2 2 2 2 2 2 2 2 2 2 2 2 2 2 2 2 2 2 2 2 2 2 2 2
left_child=3 2 5 27 8 14 -7 -4 -3 -6 12 13 15 -12 28 -9 -5 18 -14 22 -21 -22 23 -20 -24 -26 -27 -1 -2 -30
right_child=1 4 7 16 9 6 -8 10 -10 -11 11 -13 17 -15 -16 -17 -18 -19 19 20 21 -23 24 -25 25 26 -28 -29 29 -31
leaf_value=-0.029499311794167184 -0.015923173936014674 0.023417125403246503 0.052072580821722426 -0.010871321124255269 0.088289196609095288 0.0029746237819744071 0.067655820467694167 0.018883187608016036 0.063560023985696656 0.042984391681663695 -0.029748613015961347 0.022716165118837457 0.010569334023471452 0.013609855428340823 0.027836157885400975 -0.019042316634664436 -0.0026627923683922531 0.0011620417751541394 0.0033046094279661504 0.042525745225205469 0.020381765101181115 -0.024434389848682403 0.059023052201431697 0.044543539306663722 0.039542220742603461 -0.006556717768555511 0.034091306587241493 -0.015553842547549707 -0.0016845670132787996 0.010644753275077926
leaf_weight=7790 4555 9295 2880 44348 2939 2352 2049 4160 2121 2490 2937 4395 4846 2090 3033 2365 56440 2292 3415 3535 5005 2029 3606 2026 11768 2307 2051 90437 28102 10760
leaf_count=7790 4555 9295 2880 44348 2939 2352 2049 4160 2121 2490 2937 4395 4846 2090 3033 2365 56440 2292 3415 3535 5005 2029 3606 2026 11768 2307 2051 90437 28102 10760
internal_value=-1.30063e-05 0.0175034 0.0137161 -0.0114028 0.0427866 0.00443627 0.0331737 0.0213614 0.0309244 0.0676275 0.0198493 0.00434439 0.0228048 -0.0117309 0.00170692 0.0051289 -0.00627537 0.0254927 0.026866 0.029072 0.0192028 0.00743794 0.0332063 0.0187138 0.0371911 0.0322756 0.0126077 -0.0166627 -0.000124389 0.001731
internal_weight=328418 129403 112558 199015 16845 50851 4401 61707 11416 5429 58827 9422 49405 5027 46450 6525 100788 42880 40588 35742 10569 7034 25173 5441 19732 16126 4358 98227 43417 38862
internal_count=328418 129403 112558 199015 16845 50851 4401 61707 11416 5429 58827 9422 49405 5027 46450 6525 100788 42880 40588 35742 10569 7034 25173 5441 19732 16126 4358 98227 43417 38862
is_linear=0
shrinkage=0.05


Tree=36
num_leaves=31
num_cat=9
split_feature=25 5 29 13 36 5 13 5 9 7 5 5 39 15 32 38 34 5 25 29 44 17 5 1 7 36 5 10 27 10
split_gain=23584.7 3532.39 3846.38 3102.31 1985.06 2407.66 1725.35 2455.75 1267.47 1220.6 1132.81 1018.64 1094.65 1272.55 975.802 889.969 981.823 824.831 793.459 728.003 690.747 670.964 616.989 614.597 613.365 555.265 520.502 518.961 978.405 510.771
threshold=3.4544123411178593 0 0.86759185791015636 0.44685950875282293 57.353494644165046 1 1.8817417621612551 2 3 2.5000000000000004 4 5 1.0229951143264773 1.8328962326049807 874.79537963867199 3.3182795047760014 0.094451904296875014 6 1.3871331810951235 0.98556900024414074 5.2952294349670419 1.6833394765853884 7 85.250000000000014 1.5000000000000002 51.099300384521491 8 2.0737781524658208 1011.4529418945314 2.3111561536788945
decision_type=2 9 2 2 2 9 2 9 9 2 9 9 2 2 2 2 2 9 2 2 2 2 9 2 2 2 9 2 2 2
left_child=3 2 8 18 17 14 10 -8 11 20 -5 12 13 24 19 16 25 -4 -1 -6 -3 26 -12 -14 -2 -13 -11 28 -15 -23
right_child=1 9 4 6 5 -7 7 -9 -10 21 22 15 23 27 -16 -17 -18 -19 -20 -21 -22 29 -24 -25 -26 -27 -28 -29 -30 -31
leaf_value=-0.019184999979067151 0.02490399692973469 0.0074444622574213115 0.0069646775472159738 0.009043975636735228 0.068290511888486116 0.034029544000798342 0.067886421958685786 0.00056730129009314361 0.051308546383785292 -0.0386182350886791 -0.013662883422258482 0.0010701150992187536 0.023641347501152626 0.0789807701190397 0.049476114884669395 0.040518337542427146 0.015513735910875508 0.04210079407036809 -0.011082849953568796 0.10982864086026685 0.024266530617689797 0.011729817495552483 -0.0039167229815337164 -0.0089483135127824322 -0.0066478471814892543 -0.026752721206787206 -0.0063507278922468706 0.025137271627223165 0.03718664277010033 -0.016494483401373106
leaf_weight=55475 4295 17625 3862 13156 2057 6642 2009 4088 2729 2057 23091 7188 2568 2007 2202 2049 12210 2949 66507 2352 9336 5746 54755 3288 2393 2379 3185 3193 4725 2212
leaf_count=55475 4295 17625 3862 13156 2057 6642 2009 4088 2729 2057 23091 7188 2568 2007 2202 2049 12210 2949 66507 2352 9336 5746 54755 3288 2393 2379 3185 3193 4725 2212
internal_value=2.44091e-06 0.0189783 0.0258315 -0.00946065 0.0442738 0.0555468 -0.00279136 0.0229363 0.0182815 0.00717702 -0.0045174 0.0163093 0.0239482 0.030508 0.0769134 0.00909148 0.00612146 0.0222891 -0.0147688 0.0906476 0.0132764 -0.00527616 -0.00681044 0.00535899 0.0136215 -0.00586922 -0.0191478 0.0418619 0.0497453 0.00387376
internal_weight=328330 109249 69088 219081 20064 13253 97099 6097 49024 40161 91002 46295 22469 16613 6611 23826 21777 6811 121982 4409 26961 13200 77846 5856 6688 9567 5242 9925 6732 7958
internal_count=328330 109249 69088 219081 20064 13253 97099 6097 49024 40161 91002 46295 22469 16613 6611 23826 21777 6811 121982 4409 26961 13200 77846 5856 6688 9567 5242 9925 6732 7958
cat_boundaries=0 29 39 68 69 95 124 140 172 194
cat_threshold=203 0 0 3856 0 0 127744 0 0 929792 0 0 4390912 0 0 1048576 0 0 0 0 0 0 0 0 0 0 0 0 896 65 0 0 1552 0 0 58112 0 0 401408 4 0 0 400 0 0 57600 0 0 1978368 0 0 29360128 0 0 134217728 0 0 33554432 0 0 0 0 0 0 0 0 0 7168 40 608 0 0 16144 0 0 176896 0 0 212992 0 0 4259840 0 0 67108864 0 0 1073741824 0 0 0 0 0 0 128 8 0 0 256 0 0 126976 0 0 917504 0 0 65536 0 0 1048576 0 0 0 0 0 0 0 0 0 0 0 0 128 67 0 0 768 0 0 86784 0 0 524288 0 0 4194304 0 0 1048576 6 0 0 192 0 0 0 0 0 524288 0 0 42729472 0 0 830472192 0 0 201326592 3 0 3221225472 57 0 0 526 0 0 112 0 0 3072 16 0 0 96 0 0 0 0 0 3244032 0 0 62652416 0 0 130023424 0 0 2113929216 0 0 1073741824
is_linear=0
shrinkage=0.05


Tree=37
num_leaves=31
num_cat=0
split_feature=14 28 29 25 20 25 18 41 19 23 10 39 28 28 23 13 43 41 0 44 43 28 29 43 25 13 11 36 23 25
split_gain=21846.1 4583.79 3335.26 3097.28 2211.14 2206.86 1678.94 1547.43 1546.33 1389.1 1377.14 1630.23 1352.23 1052.74 1238.73 1028.35 868.782 858.817 743.453 683.852 667.273 638.286 596.082 593.221 547.392 815.034 533.347 482.454 555.383 458.78
threshold=1.7203897237777712 1005.4815673828126 0.99325942993164074 2.5833296775817876 2.4403154850006108 4.1591391563415536 1.5811791419982912 5.6587052345275888 2.5098094940185551 27.314670562744144 1.784692168235779 2.0917686223983769 1010.2134399414064 1008.5684204101564 27.69919586181641 0.34997735917568212 5.6458845138549814 5.1285536289215097 8.2500000000000018 6.0618059635162362 6.6767437458038339 1007.0934448242189 0.21772003173828128 5.1633160114288339 2.4670209884643559 1.8500976562500002 1.2313674092292788 45.671939849853523 28.160202026367191 0.9580163061618806
decision_type=2 2 2 2 2 2 2 2 2 2 2 2 2 2 2 2 2 2 2 2 2 2 2 2 2 2 2 2 2 2
left_child=3 4 5 15 6 8 -2 20 23 -4 13 12 16 14 -7 29 27 -15 -18 -5 -8 -20 -19 24 -3 -26 -17 28 -12 -1
right_child=1 2 9 19 -6 10 7 -9 -10 -11 11 -13 -14 17 -16 26 18 22 21 -21 -22 -23 -24 -25 25 -27 -28 -29 -30 -31
leaf_value=-0.022544338737624115 0.016008315352838764 -0.010172396981962305 0.031682563901919536 -0.00036571392211426162 -0.0015300532814469278 0.022969967684681146 0.099050023466403611 0.039812330516858827 0.036362921092690584 0.078273107219701502 -0.0087209867007676089 0.050787043510026678 0.02540630081704176 0.0046561187318985694 0.078231823115354038 -0.0087886665559522275 0.017718384507551106 0.011247349883560506 0.0082002977386273265 0.0201603843401158 0.063475239987295026 -0.022564928040534175 0.035251677427209381 -0.027599899990571237 0.001225495813476541 0.034861934749387057 0.0099441442609390571 0.034286289985707895 0.024364725904083364 -0.013858642962630048
leaf_weight=19307 2293 8658 4628 55315 2075 2030 2676 3953 2887 2457 2926 2372 7509 4869 2040 70500 2165 3486 2243 4369 2786 6725 10149 2086 15042 2036 4008 2039 2224 72105
leaf_count=19307 2293 8658 4628 55315 2075 2030 2676 3953 2887 2457 2926 2372 7509 4869 2040 70500 2165 3486 2243 4369 2786 6725 10149 2086 15042 2036 4008 2039 2224 72105
internal_value=6.41558e-05 0.0192219 0.0150444 -0.00862796 0.0460363 0.0121798 0.0544605 0.0637986 0.00159814 0.0479272 0.0185779 0.0112048 0.00755182 0.0277805 0.0507926 -0.0121415 0.000224556 0.0226942 -0.00852212 0.00113997 0.0810536 -0.0148696 0.0291273 -0.00202106 6.21201e-05 0.00525361 -0.00777978 0.0137628 0.00558643 -0.0156954
internal_weight=327958 102354 88571 225604 13783 81486 11708 9415 30709 7085 50777 28203 25831 22574 4070 165920 18322 18504 11133 59684 5462 8968 13635 27822 25736 17078 74508 7189 5150 91412
internal_count=327958 102354 88571 225604 13783 81486 11708 9415 30709 7085 50777 28203 25831 22574 4070 165920 18322 18504 11133 59684 5462 8968 13635 27822 25736 17078 74508 7189 5150 91412
is_linear=0
shrinkage=0.05


Tree=38
num_leaves=31
num_cat=13
split_feature=25 37 5 15 5 7 29 12 5 37 5 21 5 7 5 37 5 5 32 10 37 5 5 25 7 5 40 5 13 5
split_gain=19289.8 3431.96 2858.63 2351.08 1918.87 1666.57 1482.71 1426.43 1352.53 1266.55 1407.51 1091.92 1054.37 805.05 773.593 715.742 652.929 643.486 622.067 614.79 596.458 736.492 629.551 542.418 522.321 510.561 502.622 501.733 485.135 425.034
threshold=3.3231831789016728 1.2145159244537356 0 1.1419727206230166 1 2.5000000000000004 0.98556900024414074 1.5892269015312197 2 -2.0222911834716792 3 2.4157671928405766 4 2.5000000000000004 5 -1.278698682785034 6 7 1072.4692993164065 1.0021982192993166 0.41334056854248052 8 9 1.1343920230865481 1.5000000000000002 10 4.4876623153686532 11 1.8500976562500002 12
decision_type=2 2 9 2 9 2 2 2 9 2 9 2 9 2 9 2 9 9 2 2 2 9 9 2 2 9 2 9 2 9
left_child=3 4 5 12 6 7 9 -3 -8 10 -2 20 -1 19 -7 27 -9 -17 25 -4 22 -22 -5 -14 -19 -11 -27 -6 -24 -26
right_child=1 2 13 11 15 14 8 16 -10 18 -12 -13 23 -15 -16 17 -18 24 -20 -21 21 -23 28 -25 29 26 -28 -29 -30 -31
leaf_value=-0.0049412507685070734 -0.039236057541856481 0.03873116820448045 -0.00049361225830621381 -0.013600861790240127 -0.033792011650920155 0.04722947919828438 0.073413180932594982 0.093002859509022678 0.023706489763879259 0.026747074664066367 0.014457041431760806 0.028381395600984485 -0.018977160299598936 -0.0079627030069083973 0.0096170115512399026 0.014538726534858765 0.056197992093549677 0.011436436239099458 0.043599863877658913 0.031435833160438194 0.029424591049112183 -0.0016061564699650904 -0.0014253075841472733 -0.011778170159595444 -0.0023085324555452706 0.011259255626065091 0.036837225109382775 0.00054754901823444481 0.023655207560994828 -0.02730147340583923
leaf_weight=44251 2168 5519 2200 11099 2114 2156 2083 2667 4068 8714 2745 3417 37333 3505 3743 11466 2612 6118 2160 4778 3282 4546 20800 87827 10447 28378 2053 2129 2115 2014
leaf_count=44251 2168 5519 2200 11099 2114 2156 2083 2667 4068 8714 2745 3417 37333 3505 3743 11466 2612 6118 2160 4778 3282 4546 20800 87827 10447 28378 2053 2129 2115 2014
internal_value=-5.31012e-05 0.0165842 0.0320835 -0.00887604 0.0117197 0.0449193 0.0177379 0.0566207 0.0407888 0.0146658 -0.00931846 0.00124739 -0.0115805 0.0115619 0.0235167 0.00251965 0.0752149 0.00523639 0.0175201 0.0213829 -0.000974745 0.0114604 -0.00383909 -0.0139257 -0.000516809 0.0160703 0.0129921 -0.0166789 0.000898481 -0.00639039
internal_weight=328507 113837 27180 214670 86657 16697 52369 10798 6151 46218 4913 45259 169411 10483 5899 34288 5279 30045 41305 6978 41842 7828 34014 125160 18579 39145 30431 4243 22915 12461
internal_count=328507 113837 27180 214670 86657 16697 52369 10798 6151 46218 4913 45259 169411 10483 5899 34288 5279 30045 41305 6978 41842 7828 34014 125160 18579 39145 30431 4243 22915 12461
cat_boundaries=0 29 61 71 78 110 139 152 178 200 232 261 280 312
cat_threshold=202 0 0 7952 0 0 62208 0 0 995328 0 0 13828096 0 0 1048576 0 0 16777216 0 0 0 0 0 0 0 0 0 768 335 0 0 3856 0 0 127744 0 0 405504 0 0 196608 0 0 0 0 0 0 0 0 0 12 0 0 0 0 0 3968 0 0 16384 65 0 0 1552 0 0 115200 0 0 270336 320 0 0 3600 0 0 98304 64 0 0 256 0 0 183552 0 0 311296 0 0 6160384 0 0 81788928 0 0 0 0 0 0 0 0 0 240 0 0 15872 0 0 102400 128 0 0 528 0 0 768 0 0 12288 0 0 4390912 0 0 0 0 0 0 0 0 0 0 0 0 0 0 0 768 64 0 0 528 0 0 28928 0 0 458752 0 0 4194304 672 0 0 4128 0 0 0 0 0 1638400 0 0 0 0 0 135266304 0 0 0 0 0 0 2 0 0 16 993 0 0 15632 0 0 221696 0 0 3014656 0 0 31457280 0 0 100663296 0 0 1711276032 0 0 536870912 995 0 0 13920 0 0 57344 0 0 557056 0 0 34865152 0 0 478150656 0 0 3892314112 0 0 2147483648 0 0 0 0 0 0 256 0 0 256 264 0 0 256 0 0 106496 0 0 0 0 0 0 0 0 0 0 0 0 0 0 0 0 0 0 0 0 0 768 640 0 0 12288 0 0 133120 0 0 1146880 0 0 19922944 0 0 2097152 0 0 50331648 16 0 0 8384 0 0 134144 0 0 16384 0 0 31457280 0 0 2097152 0 0 50331648 0 0 0 0 0 0 480 0 0 12288 0 0 40960
is_linear=0
shrinkage=0.05


Tree=39
num_leaves=31
num_cat=11
split_feature=14 37 27 41 7 5 5 5 37 5 5 7 27 41 27 5 7 27 44 43 5 5 5 5 13 28 37 27 44 5
split_gain=17980.1 4466.26 2663.53 2439.63 1941.89 1823.67 1635.25 1470.61 1236.62 1198.72 1101.9 930.574 908.337 890.201 1949.17 1166.23 1054.27 1154.98 874.306 850.638 667.528 647.079 596.862 587.755 534.789 525.929 524.832 506.416 547.652 501.098
threshold=1.6931111812591555 0.98411500453948986 1005.2312927246095 1.8783765435218813 2.5000000000000004 0 1 2 -1.5327262878417967 3 4 2.5000000000000004 1008.3385009765626 5.1624510288238534 1009.9340209960939 5 2.5000000000000004 1011.5614624023439 7.7042899131774911 4.0976803302764901 6 7 8 9 0.56896558403968822 1008.4715576171876 -2.1444667577743526 1008.3385009765626 5.0533545017242441 10
decision_type=2 2 2 2 2 9 9 9 2 9 9 2 2 2 2 9 2 2 2 2 9 9 9 9 2 2 2 2 2 9
left_child=3 2 -2 21 6 8 -3 -5 11 -9 -6 29 -12 14 -7 -15 17 26 22 20 -10 -1 -8 -20 -11 -22 -17 -18 -29 -4
right_child=1 4 5 7 10 13 18 9 19 24 12 -13 -14 15 -16 16 27 -19 23 -21 25 -23 -24 -25 -26 -27 -28 28 -30 -31
leaf_value=-0.0043031147393655222 0.059437038604135822 0.071998676198040054 -0.045162855497228857 -0.013111410203727662 0.04054897370682773 0.061904407280981261 0.039748768806652172 0.037133869027727036 -0.016902578764067092 -0.005293171282860964 -0.01856721802014711 0.0097554300598742798 0.020101963966214623 -0.004327110079218043 0.0071526184698441908 -0.019041740919938963 0.012550742466542922 0.029329647632823794 0.074377620995751625 0.0148134581499037 -0.0095469106141529442 -0.015500978455631096 0.013994307316762437 0.035870584619473456 0.0022680628305446482 0.013755525375733902 0.0076093933427639933 0.059956501115044185 0.028569524284874599 -0.011787976405169952
leaf_weight=15314 2746 4193 2572 29048 3155 3164 4660 2074 5178 42289 2551 2067 3722 7085 3338 2376 2101 5818 2026 13679 3854 83126 4438 2144 52289 6479 8172 2342 3492 2046
leaf_count=15314 2746 4193 2572 29048 3155 3164 4660 2074 5178 42289 2551 2067 3722 7085 3338 2376 2101 5818 2026 13679 3854 83126 4438 2144 52289 6479 8172 2342 3492 2046
internal_value=8.92702e-05 0.0173363 0.0111731 -0.00786737 0.0348621 0.00936858 0.0447337 -0.00325068 0.00128536 -0.000284675 0.0165515 -0.0180962 0.00436515 0.0170151 0.0338501 0.0135233 0.0187214 0.0114655 0.0359882 0.00572918 -0.00228653 -0.0137616 0.0272739 0.0549762 -0.0011129 0.00505847 0.00159372 0.0336769 0.0412505 -0.0305566
internal_weight=327538 103398 76509 224140 26889 73763 17461 125700 35875 96652 9428 6685 6273 37888 6502 31386 24301 16366 13268 29190 15511 98440 9098 4170 94578 10333 10548 7935 5834 4618
internal_count=327538 103398 76509 224140 26889 73763 17461 125700 35875 96652 9428 6685 6273 37888 6502 31386 24301 16366 13268 29190 15511 98440 9098 4170 94578 10333 10548 7935 5834 4618
cat_boundaries=0 29 58 90 100 129 139 155 184 203 213 220
cat_threshold=950 0 0 14432 0 0 196608 0 0 3702784 0 0 29360128 0 0 135266304 0 0 50331648 0 0 0 0 0 0 128 0 0 8192 0 0 0 0 0 0 28928 0 0 983040 0 0 4194304 0 0 0 0 0 0 0 0 0 0 0 0 0 0 0 512 16 0 0 288 0 0 29184 0 0 532480 0 0 36175872 0 0 998244352 0 0 3154116608 0 0 3221225472 33 0 0 0 0 0 80 0 0 18688 960 0 0 7168 0 0 196608 0 0 4096 168 0 0 560 0 0 768 0 0 12288 0 0 6488064 0 0 1048576 0 0 0 0 0 0 0 0 0 0 0 0 512 65 0 0 16 0 0 1536 0 0 8192 6 0 0 96 0 0 0 0 0 524288 0 0 25165824 0 0 134217728 0 0 0 0 0 0 0 0 0 0 0 0 3932160 0 0 267386880 0 0 1040187392 0 0 0 0 0 0 64 0 0 2048 520 0 0 14720 0 0 230400 0 0 3153920 0 0 27262976 0 0 135266304 0 0 50331648 193 0 0 7696 0 0 32768 0 0 12288 896 0 0 14336 0 0 196608
is_linear=0
shrinkage=0.05


Tree=40
num_leaves=31
num_cat=0
split_feature=16 37 34 25 36 37 43 32 16 36 33 1 1 25 16 25 30 11 31 21 25 37 27 3 33 24 25 36 27 21
split_gain=16319.6 4203.73 2423.61 1793.19 1763.9 1545.36 1745.74 1462.39 1355.23 940.975 904.51 826.468 808.151 761.759 706.486 594.466 545.618 535.347 517.982 936.188 532.392 512.861 503.461 425.46 554.88 623.576 402.604 362.572 600.975 359.188
threshold=1.4010081291198733 0.98411500453948986 -5.2080688476562491 1.8708165884017947 49.31688308715821 -2.1444667577743526 3.6979309320449834 614.55993652343761 2.8739321231842045 68.246841430664077 17.676095962524418 91.250000000000014 91.250000000000014 6.7566831111907968 1.9330965876579287 7.0446538925170907 892.06250000000011 0.36264604330062872 84.102104187011733 2.2936369180679326 7.594010829925538 -1.3701185584068296 1011.4199829101564 4801.9030761718759 14.523456096649172 1.9694366455078127 8.0215587615966815 88.42706680297853 1009.6680603027345 2.0928509235382085
decision_type=2 2 2 2 2 2 2 2 2 2 2 2 2 2 2 2 2 2 2 2 2 2 2 2 2 2 2 2 2 2
left_child=3 2 7 17 15 11 9 -2 12 -7 18 16 14 23 -6 29 -4 -1 19 -8 27 -12 -21 -5 -25 -26 -23 28 -20 -3
right_child=1 4 5 13 8 6 10 -9 -10 -11 21 -13 -14 -15 -16 -17 -18 -19 20 22 -22 26 -24 24 25 -27 -28 -29 -30 -31
leaf_value=-0.014961075004770742 0.07683866133226383 0.021324941594921792 0.014694562357700223 -0.0052013314676312688 0.03921292238059243 -0.0028108902809663725 0.020238596048371419 0.019189423178827724 0.011324449396787593 0.03207108009205361 -0.012140808116775696 -0.037724756875998189 0.025447569637461222 0.026620494391341589 0.069957513715524208 0.039024054231089463 -0.014840544837975686 -0.0075275507012356928 -0.008757699812211894 0.063568555577527969 -0.005675185751421858 0.0076892948522025821 0.02921458807684035 0.028593697899922291 -0.0098250542322701733 0.016448265115943907 0.031257062196252482 0.037451701844472642 0.025813613355143063 0.0031083716571995569
leaf_weight=75458 2028 7952 2616 87992 2848 24629 13778 2410 2408 2088 2857 2303 2168 2062 5715 3321 3856 35720 2017 2215 2878 13403 2108 2037 6070 3583 2088 2056 3309 4105
leaf_count=75458 2028 7952 2616 87992 2848 24629 13778 2410 2408 2088 2857 2303 2168 2062 5715 3321 3856 35720 2017 2215 2878 13403 2108 2037 6070 3583 2088 2056 3309 4105
internal_value=1.65724e-05 0.0151794 0.00969661 -0.00818439 0.0318279 0.00775037 0.0101205 0.0456465 0.0452798 -7.3798e-05 0.0159503 -0.0120709 0.0528817 -0.00338735 0.0597897 0.0203125 -0.00289812 -0.0125737 0.0215458 0.0266339 0.012552 0.00729416 0.0469228 -0.00401069 0.00494817 -6.59954e-05 0.0108841 0.0196562 0.0127293 0.0151305
internal_weight=328078 115156 86639 212922 28517 82201 73426 4438 13139 26717 46709 8775 10731 101744 8563 15378 6472 111178 28361 18101 10260 18348 4323 99682 11690 9653 15491 7382 5326 12057
internal_count=328078 115156 86639 212922 28517 82201 73426 4438 13139 26717 46709 8775 10731 101744 8563 15378 6472 111178 28361 18101 10260 18348 4323 99682 11690 9653 15491 7382 5326 12057
is_linear=0
shrinkage=0.05


Tree=41
num_leaves=31
num_cat=0
split_feature=16 37 29 32 7 26 34 34 19 11 25 1 37 0 24 1 25 35 7 0 34 0 19 16 13 43 32 0 34 43
split_gain=14668.4 3857.86 2097.97 1787.05 1582.17 2166.26 1281.91 1375.42 1220.22 1109.18 910.135 824.72 717.631 1123.47 876.351 611.045 1143.42 606.001 569.119 562.269 539.677 598.271 428.393 510.065 428.33 413.141 366.846 330.513 313.161 296.232
threshold=1.4601603746414187 0.31358546018600469 0.99222183227539074 325.64720153808599 2.5000000000000004 8.5643467903137225 -5.2080688476562491 1.4203186035156252 2.5884178876876835 1.978740453720093 6.8435215950012216 82.750000000000014 -1.5327262878417967 15.250000000000002 27.925949096679691 72.250000000000014 8.7224555015563983 6.0062408447265634 1.5000000000000002 17.750000000000004 -1.4025268554687498 17.750000000000004 2.5098094940185551 2.9045957326889043 0.27403855323791509 0.69000539183616649 525.58319091796886 17.250000000000004 -4.1440124511718741 6.0726721286773691
decision_type=2 2 2 2 2 2 2 2 2 2 2 2 2 2 2 2 2 2 2 2 2 2 2 2 2 2 2 2 2 2
left_child=3 2 6 25 5 9 -2 8 11 26 24 17 13 29 -14 -6 22 27 -7 -9 -16 -22 -17 -24 -5 -1 -3 -8 -27 -13
right_child=1 4 -4 10 15 18 7 19 -10 -11 -12 12 14 -15 20 16 -18 -19 -20 -21 21 -23 23 -25 -26 28 -28 -29 -30 -31
leaf_value=-0.026988867257025678 0.039598105219958199 0.0069997333628280013 0.038057618191037521 -0.010393239453614455 0.032329921210466898 0.069852451676782265 -0.006331614919941506 0.026301500720328976 0.025651377970763774 0.055182742828250142 0.026958445946027199 -0.020424186225092726 0.011598932942616512 0.0084709577081521961 -0.030252094213921516 0.0077281124355787559 -0.024150265926636459 0.020746772308200538 0.043018134251848257 0.0060303050742168181 0.0083177881376323946 -0.020855941358787974 0.045610094519872676 0.011705612974515457 -0.0025737006540850365 0.002273450596644471 0.023935353994468257 0.013106881307808283 -0.012348566320942896 -0.044110829553472973
leaf_weight=4670 2454 4167 4980 21466 3574 3584 8543 7097 3726 2559 2411 2250 5679 2085 3103 7106 2164 4236 4590 6610 3773 3273 2071 2396 94967 3813 13885 2928 90610 3289
leaf_count=4670 2454 4167 4980 21466 3574 3584 8543 7097 3726 2559 2411 2250 5679 2085 3103 7106 2164 4236 4590 6610 3773 3273 2071 2396 94967 3813 13885 2928 90610 3289
internal_value=-4.85708e-06 0.0148679 0.0069254 -0.00752029 0.0258959 0.0330793 0.00429367 0.00275604 -0.00165166 0.0244209 -0.00338551 -0.00425544 -0.0101921 -0.0227841 -0.0041162 0.0139391 0.00913428 0.00460931 0.054855 0.0165375 -0.0129126 -0.00524431 0.0153735 0.0274912 -0.00401611 -0.0124784 0.0200321 -0.0013628 -0.0117579 -0.0345432
internal_weight=328059 110122 64026 217937 46096 28785 59046 56592 42885 20611 118844 39159 23452 7624 15828 17311 13737 15707 8174 13707 10149 7046 11573 4467 116433 99093 18052 11471 94423 5539
internal_count=328059 110122 64026 217937 46096 28785 59046 56592 42885 20611 118844 39159 23452 7624 15828 17311 13737 15707 8174 13707 10149 7046 11573 4467 116433 99093 18052 11471 94423 5539
is_linear=0
shrinkage=0.05


Tree=42
num_leaves=31
num_cat=12
split_feature=16 37 36 29 5 5 5 5 5 37 30 16 34 16 5 5 34 34 41 40 5 16 8 33 40 27 5 5 34 5
split_gain=13466 3570.48 2030.08 1904.38 1963.48 1759.07 1724.49 1700.73 1401.05 1275.98 1167.75 1060.36 808.548 718.589 693.686 665.319 826.183 643.235 1455.39 678.644 889.48 658.49 623.038 529.136 478.942 478.783 724.143 500.89 467.412 440.91
threshold=1.3176887631416323 0.60350883007049572 53.127765655517585 0.99095535278320324 0 1 2 3 4 -1.8259304761886594 860.18750000000011 2.7580046653747563 -2.9020385742187496 1.9524664878845217 5 6 -2.4849548339843746 -3.0424804687499996 5.9256694316864023 2.3781393766403203 7 2.7044824361801152 8 18.0700798034668 3.07737147808075 1009.2108764648439 9 10 1.1840820312500002 11
decision_type=2 2 2 2 9 9 9 9 9 2 2 2 2 2 9 9 2 2 2 2 9 2 1 2 2 2 9 9 2 9
left_child=8 3 7 6 -5 11 17 -3 12 10 -8 13 -1 -4 -10 23 -17 18 -2 21 -21 -19 24 25 -7 26 -11 -27 -18 -6
right_child=1 2 5 4 29 22 9 -9 14 15 -12 -13 -14 -15 -16 16 28 19 -20 20 -22 -23 -24 -25 -26 27 -28 -29 -30 -31
leaf_value=0.015082619222106032 0.055456644516246517 0.026223565548497321 0.041430257439908941 0.073728267074722423 0.029407405111753517 0.024423407671791537 0.0038580993746828761 -0.0011320007525406975 -0.013767801081739051 -0.020533796547660788 -0.037785350313621492 0.024346827492499435 -0.0028484204655708154 0.077905449246387204 -0.0071470819491417136 0.022230926276186707 -0.016963431297984624 0.010832182531113052 0.00031678858686766485 -0.013304079709486917 0.02108110638309342 0.03420733168182491 0.042711936199983369 -0.0018368915718603692 -0.0071975001633944663 -0.0037032689712554676 0.019788182742356743 0.023045359668012445 0.001841277209921912 -0.00075901982286518917
leaf_weight=7823 2750 15930 2071 2011 2522 2881 2873 8832 65618 2276 4050 2080 31841 4111 99988 2334 8710 9824 2113 4928 3014 4346 2330 9352 2038 2131 2142 9789 5318 2321
leaf_count=7823 2750 15930 2071 2011 2522 2881 2873 8832 65618 2276 4050 2080 31841 4111 99988 2334 8710 9824 2113 4928 3014 4346 2330 9352 2038 2131 2142 9789 5318 2321
internal_value=8.99081e-05 0.013166 0.0253757 0.00722526 0.0324474 0.0395569 0.00494515 0.0164801 -0.00775058 -0.000648259 -0.020523 0.0553187 0.000690886 0.0657727 -0.00977175 0.00262765 -0.00524976 0.0150915 0.0315479 0.0114665 -0.000234974 0.0180205 0.0214353 0.00764394 0.0113345 0.0130733 -0.000985444 0.0182805 -0.00983835 0.0150065
internal_weight=328347 123077 40273 82804 6854 15511 75950 24762 205270 48975 6923 8262 39664 6182 165606 42052 16362 26975 4863 22112 7942 14170 7249 25690 4919 16338 4418 11920 14028 4843
internal_count=328347 123077 40273 82804 6854 15511 75950 24762 205270 48975 6923 8262 39664 6182 165606 42052 16362 26975 4863 22112 7942 14170 7249 25690 4919 16338 4418 11920 14028 4843
cat_boundaries=0 13 26 58 87 119 151 180 190 191 207 236 249
cat_threshold=97 0 0 1584 0 0 115456 0 0 1974272 0 0 131072 195 0 0 7216 0 0 29440 0 0 466944 0 0 14680064 9 0 0 400 0 0 61696 0 0 921600 0 0 196608 0 0 0 0 0 0 0 0 0 0 0 0 16 0 0 15360 0 0 49152 136 0 0 12544 0 0 258816 0 0 4141056 0 0 14745600 0 0 70254592 0 0 587202560 0 0 0 0 0 0 0 0 0 4096 451 0 0 6912 0 0 231168 0 0 1101824 0 0 4325376 0 0 67108864 0 0 0 0 0 0 0 0 0 240 0 0 11776 0 0 69632 48 0 0 96 0 0 24576 0 0 786432 0 0 58720256 0 0 805306368 0 0 2147483648 3 0 2147483648 51 0 0 524 0 0 240 0 0 18176 1012 0 0 15872 0 0 197120 0 0 1122304 0 0 2621440 0 0 1048576 0 0 0 0 0 0 0 0 0 128 0 0 512 1 0 0 16 0 0 57344 0 0 786432 2 768 0 0 14336 0 0 196608 0 0 1114112 0 0 0 0 0 1048576 4 0 0 0 0 0 512 0 0 8192 0 0 2097152 0 0 1048576 0 0 0 0 0 0 0 0 0 128 0 0 512 278 0 0 6464 0 0 9216 0 0 0 0 0 65536
is_linear=0
shrinkage=0.05


Tree=43
num_leaves=31
num_cat=3
split_feature=16 37 9 36 29 25 30 16 8 43 37 44 44 43 23 19 19 22 39 39 9 33 34 12 36 33 11 29 24 16
split_gain=12028.1 3150.09 2468.18 1829.56 1764.74 1556.25 1304.97 1049.34 930.947 813.801 845.169 603.57 552.063 529.767 533.152 523.028 513.727 647.857 535.164 507.852 505.431 693.081 475.349 434.751 471.376 418.094 417.338 394.052 343.333 319.754
threshold=1.4601603746414187 0.60350883007049572 0 53.127765655517585 0.99770736694335949 2.6241382360458378 1194.8125000000002 2.8739321231842045 1 3.7362737655639653 -2.6173958778381343 1.1138868331909182 5.4831700325012216 5.3968818187713632 28.1311149597168 2.0492458343505864 2.3144843578338627 7.6918601989746103 1.9294188022613528 0.7836921513080598 2 14.836031913757326 -1.3523559570312498 1.5675375461578371 146.29697418212893 17.556672096252445 1.8370912075042727 0.42532730102539068 28.049072265625004 0.59207201004028331
decision_type=2 2 9 2 2 2 2 2 1 2 2 2 2 2 2 2 2 2 2 2 9 2 2 2 2 2 2 2 2 2
left_child=5 2 4 13 6 11 9 23 20 26 -11 -1 -10 14 -3 22 18 -18 25 -16 21 -7 -8 -5 -25 28 -2 -13 -12 -29
right_child=1 3 -4 7 -6 8 15 -9 12 10 16 27 -14 -15 19 -17 17 -19 -20 -21 -22 -23 -24 24 -26 -27 -28 29 -30 -31
leaf_value=-0.014759086177990641 -0.0042208019036824689 0.00648277671410054 0.057031583286683667 0.03245042388227045 0.042754568322996539 0.026226961306911337 0.009789806612765288 0.010670543458910567 0.0048477241240609918 -0.014082932458494873 0.019126927601853784 -0.0094152440249458715 0.025940885932680402 0.029303521310792793 0.044300542998022559 -0.026833322640688113 0.037667048183206257 0.0038455318531721823 0.035410063944104883 0.0096416009267532993 -0.0096445467390250273 -0.0032005556177146614 -0.014767045420685904 0.059819004090268246 0.031613147539314095 0.0015328544694331893 0.019674495350050558 -0.0088642218041488849 0.0020696743666136215 0.00046298411120969206
leaf_weight=38072 16045 12362 2403 4341 3062 2582 3495 2688 18545 2981 10513 87826 3717 5794 2116 3660 4256 2123 2024 2116 20437 8766 4493 5688 2055 11287 2052 15461 4103 22626
leaf_count=38072 16045 12362 2403 4341 3062 2582 3495 2688 18545 2981 10513 87826 3717 5794 2116 3660 4256 2123 2024 2116 20437 8766 4493 5688 2055 11287 2052 15461 4103 22626
internal_value=-2.39412e-05 0.013483 0.00741399 0.0253181 0.00569614 -0.00681743 0.00399804 0.0389738 0.000540632 0.00719749 0.011419 -0.00924242 0.00837963 0.0162945 0.0117373 -0.0112078 0.0136384 0.0264345 0.0107072 0.0270347 -0.00495066 0.00350917 -0.00402385 0.0452556 0.0523836 0.00876401 -0.00150197 -0.00757332 0.0143433 -0.00332463
internal_weight=327689 109657 72497 37160 70094 218032 67032 14772 54047 55384 37287 163985 22262 22388 16594 11648 34306 6379 27927 4232 31785 11348 7988 12084 7743 25903 18097 125913 14616 38087
internal_count=327689 109657 72497 37160 70094 218032 67032 14772 54047 55384 37287 163985 22262 22388 16594 11648 34306 6379 27927 4232 31785 11348 7988 12084 7743 25903 18097 125913 14616 38087
cat_boundaries=0 1 2 3
cat_threshold=56 2 16
is_linear=0
shrinkage=0.05


Tree=44
num_leaves=31
num_cat=0
split_feature=14 27 37 32 29 38 34 7 38 26 29 1 33 28 37 41 30 1 25 34 27 1 38 14 28 38 25 28 33 7
split_gain=11321.6 3261.46 2337.1 1814.72 1413.77 1356.14 1236.13 1178.98 1529.1 1218.32 1006.26 1044.1 857.685 1004.62 771.201 733.757 653.868 609.655 576.813 1293.01 1739.57 680.308 567.686 562.156 531.677 648.625 839.587 504.521 397.097 355.371
threshold=1.8315047621726992 1005.2312927246095 0.21033003926277163 355.14237976074224 0.99583816528320324 2.3617441654205327 1.4565124511718752 2.5000000000000004 3.8029361963272099 8.8143739700317401 0.86759185791015636 92.750000000000014 17.045567512512211 1009.0234375000001 -1.278698682785034 1.9015208482742312 1366.3750000000002 86.750000000000014 7.0446538925170907 -2.2835693359374996 1010.1917419433595 76.250000000000014 0.1075778901576996 2.9057027101516728 1003.2859497070314 0.87924599647521984 5.489253282546998 1004.9965820312501 18.826560020446781 2.5000000000000004
decision_type=2 2 2 2 2 2 2 2 2 2 2 2 2 2 2 2 2 2 2 2 2 2 2 2 2 2 2 2 2 2
left_child=3 5 4 27 6 -2 7 8 14 12 16 23 13 -9 17 -5 18 -3 19 -4 -21 -22 -23 -12 -17 -26 28 -1 29 -27
right_child=1 2 10 15 -6 -7 -8 9 -10 -11 11 -13 -14 -15 -16 24 -18 -19 -20 20 21 22 -24 -25 25 26 -28 -29 -30 -31
leaf_value=0.0087938704167079135 0.082967923825359502 -0.0091978757498119984 -0.020257969893194672 -0.0085151583567325724 0.039429804573297908 0.032630657740819871 0.020579376968007067 0.054191859257047927 0.034223316654027669 -0.023901148670083 0.031984154997899535 0.0068041926079364674 0.0052801573728930894 0.0095184035133185074 -0.0029885029044222624 -0.019073870970500877 -0.0064953670280091516 -0.034067129083379409 0.03339358749098012 0.053992041195420261 -0.0040245484403987715 0.028369277503481838 0.0027522573190624268 0.057551165910810623 -0.00061056687572500889 0.0060352797246455833 0.029895946718732143 -0.010982870111181795 0.023444945621723581 -0.014733973170772581
leaf_weight=3313 2064 5222 2357 28513 2793 3841 8195 2687 2097 2026 6522 3002 5917 2369 15005 3253 2974 4674 5032 2957 4560 6203 3321 3251 68051 6350 4160 112444 2072 3036
leaf_count=3313 2064 5222 2357 28513 2793 3841 8195 2687 2097 2026 6522 3002 5917 2369 15005 3253 2974 4674 5032 2957 4560 6203 3321 3251 68051 6350 4160 112444 2072 3036
internal_value=2.40882e-05 0.0143537 0.0120177 -0.00599274 0.00490931 0.0503358 0.00290089 -0.0007255 -0.00668163 0.0116406 0.0210345 0.0326233 0.0182186 0.0333201 -0.0101387 -0.00155649 0.0156222 -0.0209665 0.0183162 0.0143898 0.0191911 0.0118514 0.0194489 0.0405392 0.000726882 0.00149891 0.0106849 -0.0104161 0.00369001 -0.000691284
internal_weight=328261 97069 91164 231192 50985 5905 48192 39997 26998 12999 40179 12775 10973 5056 24901 115435 27404 9896 24430 19398 17041 14084 9524 9773 86922 83669 15618 115757 11458 9386
internal_count=328261 97069 91164 231192 50985 5905 48192 39997 26998 12999 40179 12775 10973 5056 24901 115435 27404 9896 24430 19398 17041 14084 9524 9773 86922 83669 15618 115757 11458 9386
is_linear=0
shrinkage=0.05


Tree=45
num_leaves=31
num_cat=8
split_feature=41 37 5 5 36 19 33 5 5 5 29 5 41 25 25 21 5 37 25 41 24 37 36 41 5 29 22 19 36 15
split_gain=10063.7 3004.4 1528.32 1343.67 1191.14 1002.94 970.004 910.289 865.291 780.202 590.108 531.843 1266.61 544.346 513.371 568.16 571.998 452.125 689.109 560.282 448.135 418.241 412.54 398.428 332.676 312.375 297.477 534.249 292.923 291.8
threshold=2.929720520973206 0.9547642469406129 0 1 47.502994537353523 2.3144843578338627 15.633984088897707 2 3 4 0.99770736694335949 5 5.7609117031097421 8.1843895912170428 8.7224555015563983 2.4860519170761113 6 -1.2402667999267576 5.489253282546998 4.5506398677825937 33.68702697753907 2.1442935466766362 94.226360321044936 0.78699380159378063 7 0.82911300659179699 0.064373016357421889 2.1950882673263554 67.020893096923842 2.6866825819015507
decision_type=2 2 9 9 2 2 2 9 9 9 2 9 2 2 2 2 9 2 2 2 2 2 2 2 9 2 2 2 2 2
left_child=8 3 28 10 9 7 11 -6 20 -4 17 12 -5 22 15 16 -8 19 -19 -2 -1 -9 24 -10 -13 -20 -11 -28 -3 -18
right_child=1 2 4 6 5 -7 14 21 23 26 -12 13 -14 -15 -16 -17 29 18 25 -21 -22 -23 -24 -25 -26 -27 27 -29 -30 -31
leaf_value=-0.0032820700747042777 0.0049945913821803399 -0.0016144134668667879 -0.00068768418938719542 0.059707366602970692 0.027665608906306101 0.016618095684219823 -0.003946637856543353 0.049307229744097014 -0.022036334346613631 0.015038010072782252 0.024657795052486508 0.0018108895822558048 0.013185604256596196 -0.010085297745306877 0.029627908906191949 0.022240763461365859 0.0060846580160514169 -0.0035523302899530922 0.025770743071135294 -0.024668751683424792 0.019856630731815469 0.077616260461693481 0.033350427266724457 -0.0091286689531974302 0.018993407019428477 0.0011636183788657161 0.044588772899912942 0.013256487029340489 0.019559064214073302 0.023550457524092711
leaf_weight=55903 2462 5626 3508 2383 2925 2952 17064 2838 6274 3369 2078 4277 3785 2051 2174 4166 17413 24650 3287 4479 2164 2571 3174 125438 8309 2120 3906 2102 2291 2765
leaf_count=55903 2462 5626 3508 2383 2925 2952 17064 2838 6274 3369 2078 4277 3785 2051 2174 4166 17413 24650 3287 4479 2164 2571 3174 125438 8309 2120 3906 2102 2291 2765
internal_value=-2.0928e-05 0.0102146 0.0236262 0.00617704 0.0298643 0.0417362 0.0104441 0.0506028 -0.00750303 0.0194645 -0.00120375 0.0185209 0.0311763 0.0140979 0.0059994 0.00475201 0.00279022 -0.00266286 -5.18236e-06 -0.014155 -0.00241607 0.0627656 0.0172584 -0.0097444 0.013177 0.0161426 0.0269683 0.0336669 0.00452395 0.00848428
internal_weight=328504 138725 32088 106637 24171 11286 67561 8334 189779 12885 39076 23979 6168 17811 43582 41408 37242 36998 30057 6941 58067 5409 15760 131712 12586 5407 9377 6008 7917 20178
internal_count=328504 138725 32088 106637 24171 11286 67561 8334 189779 12885 39076 23979 6168 17811 43582 41408 37242 36998 30057 6941 58067 5409 15760 131712 12586 5407 9377 6008 7917 20178
cat_boundaries=0 32 61 77 109 122 135 167 199
cat_threshold=820 0 0 96 0 0 132096 0 0 1064960 0 0 0 0 0 0 0 0 33554432 0 0 0 2 0 0 241 0 0 15488 0 0 49152 690 0 0 12384 0 0 132096 0 0 2621440 0 0 25427968 0 0 208666624 0 0 117440512 0 0 1879048192 8 0 0 97 0 0 1024 72 0 0 8576 0 0 65536 0 0 2101248 0 0 12779520 0 0 1048576 3 0 0 0 0 0 3072 0 0 57344 0 0 9371648 0 0 208666624 0 0 1124073472 0 0 536870912 0 0 0 240 0 0 7680 0 0 102400 195 0 0 3600 0 0 256 0 0 0 0 0 131072 65 0 0 16 0 0 49920 0 0 172032 0 0 131072 321 0 0 1552 0 0 16896 0 0 401408 0 0 4194304 0 0 0 0 0 0 0 0 0 0 0 0 384 0 0 14848 0 0 32768 12 0 0 896 0 0 4096 0 0 1069056 0 0 2097152 0 0 0 0 0 0 0 0 0 0 0 0 512 0 0 768 0 0 81920
is_linear=0
shrinkage=0.05


Tree=46
num_leaves=31
num_cat=0
split_feature=14 27 29 37 32 43 0 23 7 32 41 41 42 18 11 18 19 37 11 0 27 42 28 0 28 32 27 19 42 41
split_gain=9008.66 2686.16 2017.87 1653.72 1511.81 1450.74 945.091 854.446 809.686 954.672 689.379 625.868 589.592 749.466 859.971 674.239 564.926 556.669 534.882 525.412 487.58 472.398 401.584 389.683 376.023 475.986 724.269 467.562 348.394 487.715
threshold=1.8034758567810061 1004.9488220214845 0.99222183227539074 0.21033003926277163 325.64720153808599 8.4328708648681658 10.750000000000002 27.074871063232425 2.5000000000000004 795.68753051757824 4.9466333389282235 2.4450949430465703 7.0446538925170907 2.2188181877136235 1.9393604993820193 2.6293866634368901 2.2006529569625859 -1.473138630390167 2.2464771270751958 14.250000000000002 1005.494598388672 6.9431328773498544 1004.9965820312501 8.2500000000000018 1007.3822021484376 510.90155029296881 1010.145233154297 1.9504838585853579 5.9956552982330331 6.023686647415162
decision_type=2 2 2 2 2 2 2 2 2 2 2 2 2 2 2 2 2 2 2 2 2 2 2 2 2 2 2 2 2 2
left_child=4 5 3 7 22 -2 10 16 9 17 -4 -6 15 14 -14 18 -3 19 23 -9 -13 -10 -1 -5 27 -26 -27 -25 -22 -30
right_child=1 2 6 12 11 -7 -8 8 21 -11 -12 20 13 -15 -16 -17 -18 -19 -20 -21 28 -23 -24 24 25 26 -28 -29 29 -31
leaf_value=0.0099546197952734075 0.0706378873838229 0.0064603090228309949 0.03543239991036972 -0.0077375498454041241 -0.0051407754340317491 0.017773975572783623 0.05133160172754591 -0.033904234685492599 0.014338386537606352 0.014435597420619048 0.00040743051377518886 -0.021744425259536765 0.031385064495737046 0.053805917823335991 -0.0070587961137738011 -0.011479391490092583 0.028966936033996082 -0.0059571351154413584 0.039244118252688538 -0.00431984069626337 0.0015223613897272035 -0.012376364914806915 -0.01053545051731488 0.017782524545503779 0.00044910261227013932 0.046484446651283838 0.016829533146438532 -0.013434045837408273 0.028967164888951888 -0.0023056527031749641
leaf_weight=2443 2935 11397 3036 2064 68263 2336 3895 4453 8433 4004 2608 2100 4661 2069 2108 2612 3685 11936 2108 2266 52674 2050 98965 2495 2832 2617 9644 2292 2833 2218
leaf_count=2443 2935 11397 3036 2064 68263 2336 3895 4453 8433 4004 2608 2100 4661 2069 2108 2612 3685 11936 2108 2266 52674 2050 98965 2495 2832 2617 9644 2292 2833 2218
internal_value=-5.09176e-05 0.0125937 0.0106281 0.00814334 -0.00548031 0.0472877 0.0324059 0.0021131 -0.002377 -0.00769183 0.0192773 -0.00186916 0.0163316 0.0275217 0.0194201 0.0126136 0.0119749 -0.0124463 0.0152338 -0.0239481 0.00186413 0.00910737 -0.0100409 0.0129104 0.015057 0.0189276 0.0231918 0.00283929 0.00272661 0.0152572
internal_weight=328032 98536 93265 83726 229496 5271 9539 48224 33142 22659 5644 128088 35502 8838 6769 26664 15082 18655 24052 6719 59825 10483 101408 21944 19880 15093 12261 4787 57725 5051
internal_count=328032 98536 93265 83726 229496 5271 9539 48224 33142 22659 5644 128088 35502 8838 6769 26664 15082 18655 24052 6719 59825 10483 101408 21944 19880 15093 12261 4787 57725 5051
is_linear=0
shrinkage=0.05


Tree=47
num_leaves=31
num_cat=3
split_feature=42 14 29 1 19 36 43 18 9 10 1 43 36 41 24 28 8 28 1 42 17 36 9 18 1 36 28 26 18 32
split_gain=8224.01 1747.04 1769.22 1941.61 1207.25 1186.99 1718.61 1337.54 1168.49 1015.46 1209.15 1855.9 1006.63 907.047 1046.4 902.979 739.67 689.224 1491.39 700.169 651.848 577.904 501.243 500.99 470.466 444.39 392.72 383.618 378.264 317.017
threshold=2.9673554897308354 1.9766337871551516 0.97104263305664074 93.250000000000014 2.2564842700958256 63.484666824340827 8.8263130187988299 1.7664176225662234 0 1.5406181812286379 83.750000000000014 6.0726721286773691 78.367710113525405 5.0966019630432138 28.280090332031254 1007.5734252929689 1 1002.9765625000001 82.250000000000014 1.2320508956909182 1.5830147862434389 58.555124282836921 2 2.2188181877136235 77.250000000000014 37.30058670043946 1008.8434448242189 6.023719549179078 2.5030658245086674 366.13642883300787
decision_type=2 2 2 2 2 2 2 2 9 2 2 2 2 2 2 2 1 2 2 2 2 2 9 2 2 2 2 2 2 2
left_child=4 16 8 5 17 -4 7 -7 -3 13 21 15 -13 -10 24 25 -2 18 -1 -19 22 23 -18 -11 -15 -12 -17 -28 -23 -21
right_child=1 2 3 -5 -6 6 -8 -9 9 10 11 12 -14 14 -16 26 20 19 -20 29 -22 28 -24 -25 -26 -27 27 -29 -30 -31
leaf_value=-0.013996556287017715 0.011255897355952831 0.041284710454681621 0.012427798496148773 -0.010091844009060578 0.023406678825544359 0.034336449855879768 0.011691552316182052 0.07949069050612978 -0.00043677681386728351 0.01785569371544626 -0.024800427275600653 -0.0058237367693273045 -0.041106888004672174 -0.00073791279294743652 0.058407627441944603 0.031801828452468976 0.0053443183024652549 -0.012409049968511389 0.04318243655435032 -0.0077624001564479952 0.0085558659268999103 0.018268506623541729 -0.010567221955629136 -0.0027113034506431699 0.025641085536658888 0.0061579858961890938 0.01830181921445095 -0.0038894491942630702 0.044724705701108459 -0.0030337323613143551
leaf_weight=2467 17812 3004 3326 2503 3355 2877 2486 3884 4073 6736 2508 4603 3600 2150 2150 2806 6975 49058 2105 73429 11482 3714 16955 5273 7885 2142 5320 3064 2138 68549
leaf_count=2467 17812 3004 3326 2503 3355 2877 2486 3884 4073 6736 2508 4603 3600 2150 2150 2806 6975 49058 2105 73429 11482 3714 16955 5273 7885 2142 5320 3064 2138 68549
internal_value=9.24042e-05 0.0099004 0.0147528 0.0300906 -0.00628987 0.0380917 0.0472991 0.0603554 0.0109681 0.00938677 0.00527083 -0.00205005 -0.0213394 0.0199914 0.0268145 0.00794643 0.00294796 -0.00680039 0.0123661 -0.00725972 -0.00123288 0.0151212 -0.00593129 0.00883024 0.0199943 -0.010557 0.0156381 0.0101969 0.027994 -0.00547971
internal_weight=328429 129466 76242 15076 198963 12573 9247 6761 61166 58162 41904 24043 8203 16258 12185 15840 53224 195608 4572 191036 35412 17861 23930 12009 10035 4650 11190 8384 5852 141978
internal_count=328429 129466 76242 15076 198963 12573 9247 6761 61166 58162 41904 24043 8203 16258 12185 15840 53224 195608 4572 191036 35412 17861 23930 12009 10035 4650 11190 8384 5852 141978
cat_boundaries=0 1 2 3
cat_threshold=21 4 16
is_linear=0
shrinkage=0.05


Tree=48
num_leaves=31
num_cat=13
split_feature=14 5 5 41 5 5 27 43 5 5 27 14 5 44 7 43 5 11 27 43 5 5 38 5 43 5 12 28 5 44
split_gain=7409.05 2659.2 1633.39 1317.48 1887.01 1440.51 1196.01 1907.5 1179.19 1052.08 626.243 606.352 494.745 476.395 773.46 653.669 710.541 614.034 500.427 863.297 578.564 486.36 470.323 434.611 419.812 403.43 383.883 388.573 488.703 383.731
threshold=1.8315047621726992 0 1 4.7490544319152841 2 3 1005.2312927246095 8.6333761215209979 4 5 1007.9239196777345 3.1421293020248418 6 7.4472508430480966 2.5000000000000004 7.3325324058532724 7 2.3028835058212285 1011.4885559082032 5.5847768783569345 8 9 -1.9279338121414182 10 7.6886742115020761 11 1.5101221203804018 1012.7171936035157 12 4.1696321964263925
decision_type=2 9 9 2 9 9 2 2 9 9 2 2 9 2 2 2 9 2 2 2 9 9 2 9 2 9 2 2 9 2
left_child=2 6 -1 4 -3 -5 7 -2 26 10 -6 24 -10 14 18 -15 -17 -16 19 22 -21 -20 -8 -12 25 -7 27 28 -4 -27
right_child=1 3 8 5 9 11 13 -9 12 -11 23 -13 -14 15 17 16 -18 -19 21 20 -22 -23 -24 -25 -26 29 -28 -29 -30 -31
leaf_value=0.038861238932381616 0.079230505688921218 0.055656252671178907 0.014108531774916253 -0.0171803543485942 0.041491254226461105 0.0040055118116652843 0.0034492953174933422 0.011134530646542934 -0.012036277878345067 -0.011253140408522209 -0.0056901854258502634 -0.010959968166428365 -0.005850369308425603 0.049486381080673519 0.020064085472218565 0.0024052288826543521 0.034697429694248216 0.050680830840738336 0.039198513811142033 -0.029546146683787952 0.005083033312776041 0.011581717156073411 0.027766781818609851 0.018638887036201309 -0.010186298437236001 0.0065097502226522655 0.017710771015351439 -0.0038656838397727964 -0.00048677214376288762 0.02881669604626369
leaf_weight=2096 2104 2421 8427 10670 2095 7884 5025 2010 44176 4740 2671 4715 120916 2520 8900 3201 3646 2007 2183 2577 2248 5941 3284 5816 2434 3208 3071 34543 17870 4849
leaf_count=2096 2104 2421 8427 10670 2095 7884 5025 2010 44176 4740 2671 4715 120916 2520 8900 3201 3646 2007 2183 2577 2248 5941 3284 5816 2434 3208 3071 34543 17870 4849
internal_value=-7.60754e-07 0.0115844 -0.00487122 0.00379218 0.0148198 -0.00200506 0.0203685 0.0460681 -0.00527464 0.00829347 0.0170537 0.00501718 -0.00750688 0.0178172 0.0149189 0.0277433 0.0196803 0.0257391 0.00935776 0.00331923 -0.0134856 0.0191041 0.0130822 0.0109997 0.00912336 0.0120763 0.000492129 -0.000379697 0.00419913 0.0199293
internal_weight=328248 97149 231099 51503 17743 33760 45646 4114 229003 15322 10582 23090 165092 41532 32165 9367 6847 10907 21258 13134 4825 8124 8309 8487 18375 15941 63911 60840 26297 8057
internal_count=328248 97149 231099 51503 17743 33760 45646 4114 229003 15322 10582 23090 165092 41532 32165 9367 6847 10907 21258 13134 4825 8124 8309 8487 18375 15941 63911 60840 26297 8057
cat_boundaries=0 29 36 40 53 85 98 130 146 156 185 198 208 240
cat_threshold=8 0 0 1936 0 0 62208 0 0 466944 0 0 6488064 0 0 1048576 0 0 0 0 0 0 0 0 0 0 0 0 1792 960 0 0 15360 0 0 131072 193 0 0 2048 903 0 0 96 0 0 1024 0 0 2097152 0 0 8388608 7 0 0 512 0 0 99584 0 0 1363968 0 0 12713984 0 0 71303168 0 0 50331648 0 0 0 0 0 0 480 0 0 15872 0 0 102400 822 0 0 8224 0 0 1024 0 0 2625536 0 0 8388608 16 0 0 0 0 0 20992 0 0 532480 0 0 33554432 0 0 805306368 0 0 0 3 0 0 49 0 0 4 0 0 112 0 0 1792 0 0 0 1792 0 0 49152 0 0 335872 0 0 196608 0 0 1048576 0 0 0 1552 0 0 28928 0 0 131072 8 0 0 896 0 0 12288 0 0 196608 0 0 0 0 0 0 0 0 0 0 0 0 0 0 0 0 0 0 1536 0 0 0 32 0 0 1024 0 0 524288 0 0 8388608 112 0 0 8192 0 0 131072 0 0 4096 2 0 0 0 0 0 98304 0 0 262144 0 0 12582912 0 0 0 0 0 50331648 0 0 0 0 0 0 96 0 0 3584 0 0 98304
is_linear=0
shrinkage=0.05


Tree=49
num_leaves=31
num_cat=8
split_feature=41 36 5 30 5 16 13 1 5 40 5 4 25 41 29 5 10 5 41 29 5 24 13 15 41 5 10 19 41 24
split_gain=6875.41 2040.73 2776.91 2040.04 1997.06 1085.62 1345.86 1083.21 1070.19 968.915 685.724 685.455 624.086 647.677 622.945 845.409 589.875 556.52 443.139 409.071 665.252 404.102 386.608 386.47 377.345 552.98 442.783 334.803 334.334 332.686
threshold=2.9799367189407353 53.127765655517585 0 1109.4375000000002 1 2.973391175270081 1.4423285722732546 93.250000000000014 2 2.5715105533599858 3 1.0000000180025095e-35 6.7566831111907968 6.8870975971221933 0.99425888061523449 4 3.0538395643234257 5 6.4231424331665048 0.064788818359375014 6 33.68702697753907 2.1109811067581181 1.5027453303337099 4.8725295066833505 7 2.1577452421188359 1.4300628900527956 0.78699380159378063 27.925949096679691
decision_type=2 2 9 2 9 2 2 2 9 2 9 2 2 2 2 9 2 9 2 2 9 2 2 2 2 9 2 2 2 2
left_child=10 4 5 7 17 6 -3 11 -5 -9 21 14 13 19 18 -16 22 -2 24 -6 23 -1 -8 -21 -4 -26 -27 -14 -12 -22
right_child=1 2 3 8 12 -7 16 9 -10 -11 28 -13 27 -15 15 -17 -18 -19 -20 20 29 -23 -24 -25 25 26 -28 -29 -30 -31
leaf_value=-0.0025543874991749132 -0.015451664577302696 0.019156056273138999 0.028100563175198091 0.0088307863334473307 -0.00068643082175311903 0.0051758610575971834 0.051992389234583894 0.01620034262905003 -0.035521837409034467 -0.031903294190424307 -0.01929419624594321 -0.0045167221351301795 0.035077029082961814 -0.0088526262821503818 0.062964205264737394 0.020372053841716486 0.037867018351931618 -0.0010745407282444169 0.038394188799926676 0.009034732431142993 0.014045672900380658 0.018591114146276445 0.082537943689069415 0.035785396852012298 -0.011918972981843735 0.034039933878895944 0.001891904893126362 0.015302461461242915 -0.0075286511376254821 0.0034861746911576128
leaf_weight=61948 8959 3620 3101 2271 7448 2179 2059 2140 3356 2031 6348 2334 3220 5090 2133 2645 2626 26915 2227 2005 15876 2335 2274 4178 2441 2119 2158 6445 121880 14078
leaf_count=61948 8959 3620 3101 2271 7448 2179 2059 2140 3356 2031 6348 2334 3220 5090 2133 2645 2626 26915 2227 2005 15876 2335 2274 4178 2441 2119 2158 6445 121880 14078
internal_value=7.9304e-05 0.00868819 0.0178941 0.00931256 0.00461074 0.037312 0.0439553 0.0158332 -0.017685 -0.00724322 -0.00599939 0.0208585 0.0103174 0.00801169 0.0243794 0.0396519 0.0568096 -0.00467162 0.0182937 0.00998274 0.0121813 -0.00178325 0.0681761 0.0270956 0.0137004 0.00702141 0.01782 0.02192 -0.00811194 0.00908263
internal_weight=328439 135928 41714 28956 94214 12758 10579 23329 5627 4171 192511 19158 58340 48675 16824 4778 6959 35874 12046 43585 36137 64283 4333 6183 9819 6718 4277 9665 128228 29954
internal_count=328439 135928 41714 28956 94214 12758 10579 23329 5627 4171 192511 19158 58340 48675 16824 4778 6959 35874 12046 43585 36137 64283 4333 6183 9819 6718 4277 9665 128228 29954
cat_boundaries=0 16 48 61 93 106 125 138 148
cat_threshold=3 0 0 48 0 0 25344 0 0 983040 0 0 31457280 0 0 134217728 119 0 0 112 0 0 1536 0 0 524288 0 0 25165824 0 0 204472320 0 0 117440512 0 0 1073741824 8 0 0 609 0 0 1024 0 0 16384 60 0 0 448 0 0 37888 0 0 12288 0 0 196608 3 0 0 0 0 0 2048 0 0 57344 0 0 9830400 0 0 217055232 0 0 1124073472 0 0 536870912 0 0 0 240 0 0 15872 0 0 102400 352 0 0 1792 0 0 98304 0 0 8192 0 0 131072 22 0 0 96 0 0 0 0 0 0 0 0 0 0 0 134217728 0 0 33554432 0 0 0 0 0 0 10496 0 0 405504 0 0 4259840 484 0 0 512 0 0 5120 0 0 8192
is_linear=0
shrinkage=0.05


Tree=50
num_leaves=31
num_cat=12
split_feature=25 5 9 37 11 5 7 27 5 5 39 10 7 5 5 23 37 5 33 5 10 38 33 37 5 5 41 28 27 5
split_gain=6113.15 1655.76 1886.48 1528.04 884.329 1261.11 878.728 1009.99 1137.09 778.6 713.371 848.597 651.192 751.852 598.535 550.091 712.4 541.076 540.439 1270.67 529.071 495.789 492.816 478.513 773.562 461.46 378.087 713.96 677.862 371.305
threshold=2.9673554897308354 0 1 1.2915993928909304 1.2067156434059145 2 1.5000000000000002 1008.660858154297 3 4 2.3227946758270268 4.0369527339935312 2.5000000000000004 5 6 26.455539703369144 -0.7290864586830138 7 13.825727939605715 8 1.8394583463668825 2.055147767066956 14.796479701995851 0.48209679126739508 9 10 5.3612868785858163 1013.6149902343751 1007.6932067871095 11
decision_type=2 9 9 2 2 9 2 2 9 9 2 2 2 9 9 2 2 9 2 9 2 2 2 2 9 9 2 2 2 9
left_child=4 2 -2 10 14 -6 23 8 -8 -9 11 18 13 -5 -1 22 -17 -14 19 -4 29 -15 -11 -3 -25 -20 27 -27 -28 -21
right_child=1 6 3 12 5 -7 7 9 -10 15 -12 -13 17 21 -16 16 -18 -19 25 20 -22 -23 -24 24 -26 26 28 -29 -30 -31
leaf_value=-0.00013499457682556628 0.060548864279439764 0.0035564171350423428 0.053163576744634615 0.056684294129027313 0.033588851372110672 -0.0016014234561921598 0.00069256902336174611 -0.014318061290498913 -0.034614718357416217 0.012199151147518569 0.035917971359618349 -0.023233454555191213 -0.0026297008692627594 0.014865866467293661 -0.0077263799792673185 -0.010128283665714196 0.021809695199247633 0.029382278416571546 0.011756200491606816 0.033277485708214122 -0.0049868538486579524 0.041825547494864862 -0.0097026407906434763 0.033046187340838147 0.0014036641409225956 0.021178168987999811 -0.028811698619053156 -0.014040761013275766 0.0011246396596379896 0.0052911888133631915
leaf_weight=31295 2033 10166 2101 2610 3274 11210 4527 5644 4583 4161 2230 2200 2907 4463 152700 2225 8016 2398 19027 2592 3511 2769 6675 4641 3313 5030 2150 2006 15177 2204
leaf_count=31295 2033 10166 2101 2610 3274 11210 4527 5644 4583 4161 2230 2200 2907 4463 152700 2225 8016 2398 19027 2592 3511 2769 6675 4641 3313 5030 2150 2006 15177 2204
internal_value=1.27057e-05 0.00846963 0.0132532 0.0119266 -0.00549926 0.00639283 0.00177957 -0.00275806 -0.0171253 0.00214473 0.00824545 0.00713724 0.0260709 0.0336792 -0.0064357 0.00656152 0.0148676 0.0119189 0.0083833 0.018611 0.00974297 0.0251969 -0.00128891 0.01075 0.019928 0.00592624 0.00136482 0.0111314 -0.00260445 0.0205344
internal_weight=327838 129359 75408 73375 198479 14484 53951 35831 9110 26721 58228 55998 15147 9842 183995 21077 10241 5305 53798 10408 8307 7232 10836 18120 7954 43390 24363 7036 17327 4796
internal_count=327838 129359 75408 73375 198479 14484 53951 35831 9110 26721 58228 55998 15147 9842 183995 21077 10241 5305 53798 10408 8307 7232 10836 18120 7954 43390 24363 7036 17327 4796
cat_boundaries=0 29 30 59 91 123 136 168 184 213 239 255 268
cat_threshold=207 0 0 3856 0 0 123648 0 0 405504 0 0 12779520 0 0 135266304 0 0 2147483648 0 0 0 0 0 0 0 0 0 1920 4 0 0 0 0 0 0 28928 0 0 2068480 0 0 29360128 0 0 234881024 0 0 1610612736 0 0 0 0 0 0 0 0 0 6144 288 0 0 96 0 0 3072 0 0 573440 0 0 2097152 0 0 69206016 0 0 1627389952 0 0 0 0 0 0 96 0 0 0 0 0 12288 512 0 0 96 0 0 3072 0 0 32768 0 0 34078720 0 0 75497472 0 0 1828716544 0 0 1342177280 16 0 0 1 0 0 0 0 0 102400 0 0 0 0 0 0 24832 0 0 393216 0 0 4194304 992 0 0 15664 0 0 167680 0 0 49152 0 0 786432 0 0 12582912 0 0 0 0 0 0 0 0 0 224 0 0 3072 0 0 102400 69 0 0 3328 0 0 122880 0 0 393216 0 0 8388608 0 0 134217728 192 0 0 0 0 0 512 0 0 8192 0 0 131072 0 0 0 0 0 0 0 0 0 0 0 0 0 0 0 1920 768 0 0 12416 0 0 136192 0 0 3768320 0 0 53477376 0 0 132120576 0 0 1728053248 0 0 0 0 0 0 1 76 0 0 2048 0 0 106752 0 0 131072 0 0 8454144 0 0 135266304 0 0 0 3856 0 0 123136 0 0 0 0 0 65536
is_linear=0
shrinkage=0.05


Tree=51
num_leaves=31
num_cat=1
split_feature=14 29 9 37 11 1 20 10 30 1 0 11 14 21 41 38 11 30 26 40 0 43 26 1 21 38 1 0 0 41
split_gain=5647.01 1810.06 2659.65 1514.2 993.954 972.894 974.712 1228.52 859.578 1243.48 685.286 831.878 604.761 526.454 511.5 478.045 426.509 410.097 389.053 368.302 367.337 351.602 330.03 894.475 629.795 587.827 586.806 525.388 522.954 321.35
threshold=1.8315047621726992 0.99222183227539074 0 0.22398626804351809 0.39647161960601812 89.750000000000014 1.7058677673339846 2.7015751600265507 685.53125000000011 78.750000000000014 12.750000000000002 1.6080119609832766 3.3141746520996098 2.4157671928405766 6.5224804878234872 -1.1199476122856138 2.438506126403809 1672.1875000000002 5.760139226913453 2.2386609315872197 9.7500000000000018 1.6096360683441164 7.9440634250640878 72.750000000000014 1.4073393344879153 3.1145638227462773 77.250000000000014 13.750000000000002 8.7500000000000018 1.9015208482742312
decision_type=2 2 9 2 2 2 2 2 2 2 2 2 2 2 2 2 2 2 2 2 2 2 2 2 2 2 2 2 2 2
left_child=4 2 -2 8 21 6 -3 -8 13 18 11 -11 17 15 -14 -4 19 22 -10 -12 -17 -1 26 -24 -25 -26 27 -5 -28 -6
right_child=1 5 3 12 29 -7 7 -9 9 10 16 -13 14 -15 -16 20 -18 -19 -20 -21 -22 -23 23 24 25 -27 28 -29 -30 -31
leaf_value=-0.0099204484630574883 0.063856058905860144 0.01808718418932739 -0.0041244287112662112 -0.020618399308333365 -0.0059562978837433972 0.0070220637521080046 0.077858723329750953 0.025336598004674089 0.0028390320802593378 -0.0059036746530864489 0.00438358154024186 -0.037552213957075177 -0.01963595650376438 0.023300573039872371 0.013923081629374924 0.02679851870436864 0.014437327779707408 -0.0049471472033741299 0.033409579002656946 -0.019518589826130445 0.0056798689140162579 -0.0041393036430465227 0.0548333383815107 0.040831660564049757 0.022060367557533836 -0.012647005138877721 -0.0020002529486606592 0.014606720713712801 0.022675996628414644 0.00026881667551498895
leaf_weight=67564 2033 3336 10671 2011 26597 3530 2432 2072 2159 3825 2699 4543 2293 3953 2230 2661 2463 2087 2003 3979 9025 43097 2056 2027 2968 2058 2550 2213 13526 93872
leaf_count=67564 2033 3336 10671 2011 26597 3530 2432 2072 2159 3825 2699 4543 2293 3953 2230 2661 2463 2087 2003 3979 9025 43097 2056 2027 2968 2058 2550 2213 13526 93872
internal_value=6.78987e-06 0.0101041 0.00762422 0.00624749 -0.00424868 0.0288453 0.0386499 0.0538063 0.000431291 -0.00694089 -0.0127802 -0.02311 0.0139947 0.00650394 -0.00309594 0.00352499 -0.00330904 0.0164492 0.0175962 -0.00986611 0.0105076 -0.00766956 0.0179688 0.0258802 0.0173745 0.00785182 0.0144078 -0.00217266 0.018763 -0.00110594
internal_weight=328533 97403 86033 84000 231130 11370 7840 4504 47981 21671 17509 8368 36019 26310 4523 22357 9141 31496 4162 6678 11686 110661 29409 9109 7053 5026 20300 4224 16076 120469
internal_count=328533 97403 86033 84000 231130 11370 7840 4504 47981 21671 17509 8368 36019 26310 4523 22357 9141 31496 4162 6678 11686 110661 29409 9109 7053 5026 20300 4224 16076 120469
cat_boundaries=0 1
cat_threshold=4
is_linear=0
shrinkage=0.05


Tree=52
num_leaves=31
num_cat=10
split_feature=14 5 5 9 37 30 37 5 36 1 5 32 33 13 23 28 5 28 26 37 5 3 5 21 38 32 33 22 5 5
split_gain=5171.18 2079.87 1390.56 1321.21 1117.15 1166.37 1092.32 904.53 823.24 927.921 814.228 698.953 622.007 970.938 639.292 573.646 513.186 474.828 739.633 446.105 600.601 429.256 365.816 344.97 341.91 336.553 345.07 312.45 478.488 305.557
threshold=1.8595108985900881 0 1 2 -1.278698682785034 869.81250000000011 1.427873492240906 3 50.16517639160157 92.750000000000014 4 581.89733886718761 14.796479701995851 1.2921270728111269 -2.7648544311523433 1009.0665588378907 5 1008.100311279297 5.4636378288269052 0.38414701819419866 6 4719.5080566406259 7 1.7348955273628237 0.42716443538665777 1051.7012939453127 9.0946559906005877 12.82167434692383 8 9
decision_type=2 9 9 9 2 2 2 9 2 2 9 2 2 2 2 2 9 2 2 2 9 2 9 2 2 2 2 2 9 9
left_child=2 3 -1 -2 5 15 25 12 10 22 -6 -11 13 -4 24 -3 -7 18 -12 29 -21 -16 -10 -8 -14 26 -5 28 -28 -9
right_child=1 4 7 6 8 16 23 19 9 11 17 -13 14 -15 21 -17 -18 -19 -20 20 -22 -23 -24 -25 -26 -27 27 -29 -30 -31
leaf_value=0.034165670422448363 0.046439198303285224 0.024937271126760797 0.0039576131960782652 0.030078024603800768 -0.015181900798213889 -0.044687080477078346 0.047419718938369472 -0.011939254504000404 0.013702415658918034 0.016467703060774452 -0.017541741528518166 -0.025062256107436554 -0.0073033341947175119 0.038295624049519035 -0.00046821240408622734 -0.0084106199678277548 -0.011689593647724584 0.010635465800432023 0.015147170871629062 0.0079666591653944664 -0.0070755434815737515 0.018905132644526028 0.032076427518799445 0.023650644584269583 -0.026337133590008499 0.03133356418170663 0.02776166253642609 -0.0043841115046639491 0.0078482480327626246 -0.0062645514844804507
leaf_weight=2342 3772 2079 16148 2027 5592 2553 2834 30523 5045 2025 4394 2008 11594 2350 29245 3361 2236 16631 2841 11790 15127 3159 6040 3385 2957 2012 3555 3887 19669 107261
leaf_count=2342 3772 2079 16148 2027 5592 2553 2834 30523 5045 2025 4394 2008 11594 2350 29245 3361 2236 16631 2841 11790 15127 3159 6040 3385 2957 2012 3555 3887 19669 107261
internal_value=2.41263e-05 0.00978983 -0.00400621 0.0182835 0.0034077 -0.0114865 0.0154181 -0.0043974 0.00682808 0.016309 0.00195856 -0.00422059 0.000575007 0.00833827 -0.00248435 0.00435629 -0.0294544 0.00598323 -0.00470245 -0.00637329 -0.000486018 0.00142571 0.0237752 0.034541 -0.0111867 0.0115954 0.0102222 0.00872708 0.0109224 -0.00752375
internal_weight=328442 95946 232496 41141 54805 10229 37369 230154 44576 15118 29458 4033 65453 18498 46955 5440 4789 23866 7235 164701 26917 32404 11085 6219 14551 31150 29138 27111 23224 137784
internal_count=328442 95946 232496 41141 54805 10229 37369 230154 44576 15118 29458 4033 65453 18498 46955 5440 4789 23866 7235 164701 26917 32404 11085 6219 14551 31150 29138 27111 23224 137784
cat_boundaries=0 29 36 37 69 95 102 131 144 154 186
cat_threshold=8 0 0 912 0 0 63232 0 0 466944 0 0 6356992 0 0 1048576 0 0 0 0 0 0 0 0 0 0 0 0 1792 960 0 0 15360 0 0 131072 21 7 0 0 16 0 0 99584 0 0 1363968 0 0 12713984 0 0 71303168 0 0 33554432 0 0 0 0 0 0 496 0 0 15872 0 0 102400 19 0 0 96 0 0 0 0 0 0 0 0 16777216 0 0 136314880 0 0 50331648 0 0 0 0 0 0 128 928 0 0 13312 0 0 65536 0 0 0 32 0 0 24576 0 0 2818048 0 0 19922944 0 0 196083712 0 0 1962934272 0 0 0 0 0 0 1 0 0 384 164 0 0 2112 0 0 0 0 0 1576960 0 0 16908288 8 0 0 128 0 0 12288 0 0 65536 16 0 0 256 0 0 29184 0 0 598016 0 0 2097152 0 0 301989888 0 0 0 2 0 0 48 0 0 0 0 0 96 0 0 1536
is_linear=0
shrinkage=0.05


Tree=53
num_leaves=31
num_cat=9
split_feature=14 5 5 29 37 41 5 5 14 5 41 34 40 34 32 5 22 24 29 41 34 7 37 0 5 34 5 34 41 5
split_gain=4513.72 1859.87 1207.29 1011.32 983.094 863.006 845.889 810.366 689.455 1064.34 727.593 660.967 529.79 563.927 453.568 398.935 790.282 515.746 499.367 478.403 749.69 370.138 393.641 362.273 326.535 423.873 328.734 276.53 272.809 265.598
threshold=1.8034758567810061 0 1 0.99425888061523449 -1.5937570333480833 4.65289330482483 2 3 3.1863950490951543 4 4.8725295066833505 -5.2080688476562491 2.8319742679595952 0.51632690429687511 319.22071838378912 5 9.8347663879394549 27.622695922851566 0.18261718750000003 5.3945302963256845 -1.0218200683593748 2.5000000000000004 -0.83493435382843006 11.250000000000002 6 -0.75143432617187489 7 -4.0511169433593741 5.1285536289215097 8
decision_type=2 9 9 2 2 2 9 9 2 9 2 2 2 2 2 9 2 2 2 2 2 2 2 2 9 2 9 2 2 9
left_child=2 3 -1 11 5 -3 -5 28 9 10 -6 -2 13 -12 27 19 18 -18 -17 20 -13 22 -20 -7 25 26 -16 -9 -4 -27
right_child=1 4 7 6 8 23 -8 14 -10 -11 12 15 -14 -15 24 16 17 -19 21 -21 -22 -23 -24 -25 -26 29 -28 -29 -30 -31
leaf_value=0.033758054751703452 0.03601682367389724 0.013822504372567391 -0.0080516152923624414 0.017921102108525402 0.045638744818942791 -0.033226575660425216 0.063270367476959188 0.011935950755991378 -0.0086897756248325766 0.0029240148339436749 0.039394165323241664 0.043402181216857363 -0.0014314988994878501 0.010100382237400079 0.022488421694925136 0.0042124698876255485 0.017671512267288605 -0.016692938866938425 0.0042469921704451586 0.0016739736360577668 0.0022863576050948077 0.041448718072095186 0.029322696356076084 -0.0074651357692806456 -0.0023218974578421044 -0.0088780588083553751 0.0054515003995886978 -0.006815017929462798 -0.026608006908366982 0.0027946405937228119
leaf_weight=2102 3222 2137 68394 2139 2320 3544 2031 2041 7068 28855 2889 2004 3410 3814 4014 2717 2003 2376 2244 12262 2469 3554 5192 2227 69234 6812 9607 48182 2032 16979
leaf_count=2102 3222 2137 68394 2139 2320 3544 2031 2041 7068 28855 2889 2004 3410 3814 4014 2717 2003 2376 2244 12262 2469 3554 5192 2227 69234 6812 9607 48182 2032 16979
internal_value=5.94017e-05 0.00901273 -0.00378437 0.016943 0.00305744 -0.0132748 0.0403012 -0.00413433 0.00573119 0.00820139 0.0204184 0.0143771 0.0146134 0.0227659 -0.00213334 0.012365 0.0175115 -0.000969833 0.0234249 0.00678143 0.0207629 0.0281666 0.0217713 -0.0233155 -0.000288306 0.00347433 0.0105055 -0.00605078 -0.0085895 -0.000552447
internal_weight=327874 98477 229397 42213 56264 7908 4170 227295 48356 41288 12433 38043 10113 6703 156869 34821 18086 4379 13707 16735 4473 10990 7436 5771 106646 37412 13621 50223 70426 23791
internal_count=327874 98477 229397 42213 56264 7908 4170 227295 48356 41288 12433 38043 10113 6703 156869 34821 18086 4379 13707 16735 4473 10990 7436 5771 106646 37412 13621 50223 70426 23791
cat_boundaries=0 29 36 52 84 91 107 136 165 194
cat_threshold=8 0 0 912 0 0 63232 0 0 466944 0 0 6356992 0 0 1048576 0 0 0 0 0 0 0 0 0 0 0 0 1536 960 0 0 15360 0 0 196608 8 0 0 272 0 0 5120 0 0 0 0 0 65536 0 0 1048576 16 0 0 768 0 0 20992 0 0 532480 0 0 33554432 0 0 838860800 0 0 2147483648 3 0 2147483648 51 0 0 526 0 0 240 0 0 3840 193 0 0 7168 0 0 65536 0 0 0 528 0 0 1792 0 0 270336 0 0 6291456 0 0 1048576 7 0 0 0 0 0 33024 0 0 1331200 0 0 14680064 0 0 3145728 0 0 1660944384 0 0 536870912 0 0 0 192 0 0 3584 0 0 0 0 0 0 0 0 0 0 0 0 0 0 0 0 0 0 1627389952 0 0 0 0 0 0 0 0 0 3584 7 0 0 0 0 0 0 0 0 0 0 0 0 0 0 0 0 0 1073741824 0 0 0 0 0 0 0 0 0 3584
is_linear=0
shrinkage=0.05


Tree=54
num_leaves=31
num_cat=12
split_feature=16 37 9 7 29 5 37 5 5 29 5 34 5 5 37 32 29 42 7 38 35 32 5 24 5 5 34 5 37 5
split_gain=4129.1 1380.78 1416.3 1043.86 1012.32 948.704 828.764 706.091 697.153 598.251 579.688 792.525 956.338 638.8 577.122 537.729 445.27 380.931 342.713 507.977 435.522 410.833 423.998 335.906 562.254 334.486 363.92 286.913 298.126 282.359
threshold=1.4601603746414187 0.32101786136627203 0 2.5000000000000004 0.99813461303710949 1 3.0832211971282963 2 3 0.93113327026367199 4 -1.7565002441406248 5 6 -1.8259304761886594 312.60585021972662 0.86209487915039074 6.5713713169097909 2.5000000000000004 0.34512001276016241 2.8872489929199223 598.12774658203136 7 27.909591674804691 8 9 -1.4025268554687498 10 1.2915993928909304 11
decision_type=2 2 9 2 2 9 2 9 9 2 9 2 9 9 2 2 2 2 2 2 2 2 9 2 9 9 2 9 2 9
left_child=8 2 4 6 5 18 7 9 -1 27 16 12 -12 -13 -7 -10 -5 29 21 20 -20 22 -2 24 -16 -25 -27 -3 -29 -17
right_child=1 3 -4 10 -6 14 -8 -9 15 -11 11 13 -14 -15 23 17 -18 -19 19 -21 -22 -23 -24 25 -26 26 -28 28 -30 -31
leaf_value=-0.0083745109720317693 -0.022525040817944417 0.011053805465231591 0.043680971107587806 0.0071059038006810633 0.032838568399963956 -0.018576028362762075 0.048198144265480296 0.0078939706303192605 -0.0062421679282703042 0.042210197323725641 0.0061973434743648323 0.019823959323969149 -0.038984000700341498 -0.013298881658993603 0.014091444536367334 0.0044122872637868673 0.035597123493524868 0.021198937694077741 0.01219602549160876 -0.0036228212274226138 0.039111451813662407 0.01122562369393933 0.0034177381754396303 0.0029793555779353033 -0.0067488073706885275 -0.028156319891057276 -0.0065299996621195873 0.018255312338111587 0.041377897873078134 -0.0019024340550449889
leaf_weight=62875 2316 5775 2071 3759 2517 6156 2447 10717 52651 3686 2227 4541 2446 2123 6842 22903 2155 2061 3506 2324 2639 8479 4825 5933 6110 2578 7872 3829 2212 77713
leaf_count=62875 2316 5775 2071 3759 2517 6156 2447 10717 52651 3686 2227 4541 2446 2123 6842 22903 2155 2061 3506 2324 2639 8479 4825 5933 6110 2578 7872 3829 2212 77713
internal_value=4.97375e-05 0.00794403 0.00320624 0.0145629 0.00184222 0.000527776 0.0204097 0.0177989 -0.00393317 0.024616 0.00484088 -0.0017867 -0.0175548 0.00927743 -0.00466944 -0.00213427 0.0175008 -2.76183e-05 0.00818228 0.0162793 0.0237998 0.00378981 -0.00504259 -0.00174737 0.00426827 -0.00650289 -0.0118756 0.0191173 0.0267322 -0.000464483
internal_weight=328288 110085 64168 45917 62097 59580 28666 26219 218203 15502 17251 11337 4673 6664 35491 155328 5914 102677 24089 8469 6145 15620 7141 29335 12952 16383 10450 11816 6041 100616
internal_count=328288 110085 64168 45917 62097 59580 28666 26219 218203 15502 17251 11337 4673 6664 35491 155328 5914 102677 24089 8469 6145 15620 7141 29335 12952 16383 10450 11816 6041 100616
cat_boundaries=0 1 33 52 84 116 145 164 174 193 215 231 263
cat_threshold=56 13 0 0 1424 0 0 61696 0 0 462848 0 0 196608 0 0 0 0 0 0 0 0 0 0 0 0 17 0 0 15872 0 0 49152 713 0 0 9472 0 0 128768 0 0 3088384 0 0 14680064 0 0 68157440 0 0 50331648 16 0 0 112 0 0 28672 0 0 786432 0 0 58720256 0 0 805306368 0 0 0 3 0 2147483648 51 0 0 524 0 0 112 0 0 20224 168 0 0 672 0 0 768 0 0 12288 0 0 6488064 0 0 68157440 0 0 50331648 0 0 0 0 0 0 0 0 0 15360 0 0 16384 327 0 0 3152 0 0 33792 0 0 0 0 0 8388608 0 0 136314880 0 0 0 0 0 0 0 0 0 0 0 0 512 592 0 0 15616 0 0 258048 0 0 3604480 0 0 0 0 0 0 0 0 1073741824 4 0 0 0 0 0 28672 0 0 393216 880 0 0 10752 0 0 196608 0 0 1572864 0 0 27262976 0 0 0 0 0 536870912 2 0 0 8800 0 0 197120 0 0 8192 0 0 2097152 0 0 1048576 0 0 268435456 0 0 268435456 705 0 0 9216 0 0 94208 0 0 73728 0 0 0 0 0 67108864 961 0 0 15872 0 0 99072 0 0 20480 0 0 0 0 0 3145728 0 0 1644167168 0 0 536870912 0 0 0 192 0 0 1536 0 0 65536
is_linear=0
shrinkage=0.05


Tree=55
num_leaves=31
num_cat=10
split_feature=16 37 7 12 27 5 5 5 13 30 5 9 5 34 43 5 27 29 5 5 29 19 34 34 5 36 16 33 31 19
split_gain=3947.06 1324.26 1043.18 1135.89 1049.39 995.913 979.235 692.537 624.699 617.354 828.829 593.559 566.769 499.857 495.218 492.604 1796.34 794.048 776.709 401.448 386.323 380.953 401.785 579.619 430.914 536.858 343.133 334.553 319.663 311.68
threshold=1.4601603746414187 0.31358546018600469 2.5000000000000004 1.6537788510322573 1009.2674255371095 0 1 2 0.32259811460971838 1157.3125000000002 3 4 5 -5.5372924804687491 5.7778689861297616 6 1008.2068176269532 0.69923400878906261 7 8 0.99500656127929699 2.349434614181519 1.3147888183593752 -2.9020385742187496 9 44.795036315917976 2.7044824361801152 14.796479701995851 42.829439163208015 1.8963257074356081
decision_type=2 2 2 2 2 9 9 9 2 2 9 9 9 2 2 9 2 2 9 9 2 2 2 2 9 2 2 2 2 2
left_child=8 5 3 7 6 11 -5 -3 -1 20 -11 -2 13 -10 27 17 -17 -4 -18 -6 21 22 23 -7 25 -25 -23 28 -15 -14
right_child=1 2 15 4 19 9 -8 -9 12 10 -12 -13 29 14 -16 16 18 -19 -20 -21 -22 26 -24 24 -26 -27 -28 -29 -30 -31
leaf_value=-0.0071559868515647402 0.031843182999255412 -0.0035017437270109968 -0.00091019994785944349 0.062126166651244069 0.029412693700018144 0.013280840832406446 0.018610922666322312 0.018375185038896444 0.023580998910459547 -0.031217522827660622 0.0024770917475901567 0.0077648015993686528 -0.0030982209894418588 0.02569501212408451 0.025732860674070712 -0.031675317044414043 0.026968036502734369 0.035038202630003422 -0.0043844484096756823 0.0015303205089543144 0.021200659180588929 0.027646393090253699 0.0075945734282908215 0.0049332906311174707 -0.022250530989705357 -0.022670184227517681 3.4286988434009029e-05 -0.003665588939715983 0.0029540888519990266 -0.022901111160700267
leaf_weight=86084 2842 5025 3278 3799 2717 2790 2016 12883 3004 3844 3461 24690 98977 2029 2052 3451 3989 2880 3890 2460 2166 2042 6084 5330 5639 2619 2491 17507 6396 2018
leaf_count=86084 2842 5025 3278 3799 2717 2790 2016 12883 3004 3844 3461 24690 98977 2029 2052 3451 3989 2880 3890 2460 2166 2042 6084 5330 5639 2619 2491 17507 6396 2018
internal_value=5.71177e-05 0.00776057 0.0141922 0.0200235 0.0326713 0.00309721 0.0472363 0.0122463 -0.00384256 -0.00232301 -0.0153112 0.0102716 -0.00168105 0.00423246 0.00214928 0.00454972 -0.00164375 0.0159061 0.0115315 0.0162517 0.000933961 -0.000699428 -0.00336882 -0.00744359 -0.0117055 -0.00417319 0.0125063 0.000273915 0.00845477 -0.00349579
internal_weight=328453 110386 46388 28900 10992 63998 5815 17908 218067 36466 7305 27532 131983 30988 27984 17488 11330 6158 7879 5177 29161 26995 22462 16378 13588 7949 4533 25932 8425 100995
internal_count=328453 110386 46388 28900 10992 63998 5815 17908 218067 36466 7305 27532 131983 30988 27984 17488 11330 6158 7879 5177 29161 26995 22462 16378 13588 7949 4533 25932 8425 100995
cat_boundaries=0 32 45 77 90 91 123 155 165 194 220
cat_threshold=29 0 0 1936 0 0 57600 0 0 462848 0 0 196608 0 0 0 0 0 0 0 0 0 0 0 0 17 0 0 15872 0 0 49152 65 0 0 3632 0 0 61696 0 0 987136 0 0 14680064 55 0 0 624 0 0 512 0 0 69632 0 0 16777216 0 0 201326592 0 0 1610612736 0 0 0 0 0 0 225 0 0 16256 0 0 65536 992 0 0 14336 0 0 65536 0 0 1048576 0 0 16777216 20 963 0 0 15360 0 0 66304 0 0 151552 0 0 5242880 0 0 201326592 0 0 3758096384 0 0 0 0 0 0 384 0 0 1920 0 0 69632 193 0 0 48 0 0 768 0 0 143360 0 0 6488064 0 0 70254592 0 0 50331648 0 0 0 0 0 0 0 0 0 14336 0 0 16384 40 0 0 16256 0 0 126976 0 0 2097152 744 0 0 13184 0 0 4096 0 0 2228224 0 0 0 0 0 0 0 0 0 0 0 0 0 0 0 0 0 0 7680 992 0 0 14336 0 0 196608 0 0 1056768 0 0 16777216 0 0 3145728 0 0 50331648 0 0 0 0 0 0 128
is_linear=0
shrinkage=0.05


Tree=56
num_leaves=31
num_cat=9
split_feature=41 33 5 43 13 5 26 27 32 5 5 24 34 5 13 5 14 5 26 38 24 5 37 30 25 41 5 34 43 25
split_gain=3340.52 1258.68 1531.2 1330.01 1547.27 1128.59 942.778 849.475 1099.66 788.349 585.895 554.702 434.9 1084.63 420.064 441.421 407.374 501.037 644.501 384.853 378.322 456.344 377.195 436.768 356.826 356.31 348.124 347.289 706.86 345.643
threshold=2.929720520973206 14.274623870849611 0 9.5535149574279803 1.6645815372467043 1 8.9566831588745135 1005.494598388672 588.60345458984386 2 3 25.766479492187504 -7.0444030761718741 4 1.0216900110244753 5 3.3141746520996098 6 9.2450270652771014 3.5446519851684575 27.856185913085941 7 -1.278698682785034 869.81250000000011 1.1946243643760683 5.4596350193023691 8 -2.6187133789062496 5.6458845138549814 7.8722398281097421
decision_type=2 2 9 2 2 9 2 2 2 9 9 2 2 9 2 9 2 9 2 2 2 9 2 2 2 2 9 2 2 2
left_child=12 2 6 4 14 19 20 -7 10 -6 -9 -10 13 -1 15 -4 17 -13 -19 22 21 -2 23 -3 -14 -16 -24 -28 -29 -11
right_child=1 5 3 -5 9 7 -8 8 11 29 -12 16 24 -15 25 -17 -18 18 -20 -21 -22 -23 26 -25 -26 -27 27 28 -30 -31
leaf_value=0.027004185701587732 0.030719453304443124 -0.0054720306212906571 -0.0091262204674834504 -0.011498992573964608 0.073237151691029539 0.038613919726648419 -0.020675972165071783 -0.013956004566384695 -0.0098386855418562194 0.049428968679558351 0.0029196214101243948 0.0082993685272736931 -0.0087606156375718263 -0.011311144748641993 0.038605931817622452 0.018828080303516851 -0.00015011676141798004 0.017287401925945859 0.046854710144556444 0.01690571956775162 -0.0035064351915231962 0.0052618978938226762 -0.010927934183176696 -0.033783479019356751 -0.003596969250252516 0.015098566691147737 -0.013381032581125532 -6.5321728109171459e-05 0.030744498435939766 0.020292890898579372
leaf_weight=3614 2925 3412 2413 2509 2036 2057 3578 7518 2877 2031 16176 14298 44127 3741 2933 3357 5078 14046 2118 2118 4079 4425 9147 2263 138403 3613 3620 15704 2102 2078
leaf_count=3614 2925 3412 2413 2509 2036 2057 3578 7518 2877 2031 16176 14298 44127 3741 2933 3357 5078 14046 2118 2118 4079 4425 9147 2263 138403 3613 3620 15704 2102 2078
internal_value=-5.83614e-05 0.00584587 0.0138911 0.022609 0.0272605 0.00302191 0.00168595 0.00707705 0.0060277 0.0477387 -0.00244322 0.0112515 -0.00436527 0.00754813 0.0170126 0.00715888 0.012961 0.015146 0.0211751 -0.00376135 0.00870007 0.0154698 -0.00497432 -0.0168013 -0.0048457 0.0256741 -0.00277421 0.000714948 0.003587 0.0346951
internal_weight=328396 138511 35977 20970 18461 102534 15007 64168 62111 6145 23694 38417 189885 7355 12316 5770 35540 30462 16164 38366 11429 7350 36248 5675 182530 6546 30573 21426 17806 4109
internal_count=328396 138511 35977 20970 18461 102534 15007 64168 62111 6145 23694 38417 189885 7355 12316 5770 35540 30462 16164 38366 11429 7350 36248 5675 182530 6546 30573 21426 17806 4109
cat_boundaries=0 32 64 93 106 138 167 183 196 225
cat_threshold=782 0 0 14528 0 0 201728 0 0 3751936 0 0 25427968 0 0 137363456 0 0 50331648 0 0 1073741824 8 0 0 0 0 0 0 0 0 114688 1010 0 0 96 0 0 131584 0 0 8192 0 0 131072 0 0 207618048 0 0 117440512 0 0 0 8 0 0 225 0 0 16000 0 0 32768 81 0 0 16 0 0 24832 0 0 8192 0 0 0 0 0 0 0 0 0 0 0 0 0 0 0 0 0 0 7680 5 0 0 12304 0 0 256 0 0 917504 0 0 12582912 0 0 0 0 0 0 0 0 0 3145728 0 0 56623104 0 0 234881024 0 0 4026531840 0 0 0 0 0 0 120 0 0 3968 0 0 86016 49 0 0 560 0 0 256 0 0 4096 0 0 0 0 0 0 0 0 0 0 0 0 0 0 0 0 0 0 3584 0 0 0 1792 0 0 5376 0 0 1593344 0 0 31784960 0 0 1048576 256 0 0 6336 0 0 196608 0 0 1638400 0 0 8388608 18 0 0 96 0 0 0 0 0 0 0 0 0 0 0 205520896 0 0 0 0 0 0 0 0 0 1 0 0 7680
is_linear=0
shrinkage=0.05


Tree=57
num_leaves=31
num_cat=2
split_feature=42 14 1 9 29 14 35 21 27 27 27 36 39 29 18 39 38 19 18 43 7 31 41 16 9 27 28 38 42 18
split_gain=3106.95 770.185 1247.63 2159.96 1601.29 893.234 815.584 701.561 700.066 676.092 612.158 570.946 619.732 497.873 921.802 544.866 607.684 484.2 479.961 581.344 439.583 473.249 424.907 403.242 398.12 386.216 522.065 357.71 316.961 290.638
threshold=2.7361876964569096 2.1679172515869145 93.750000000000014 0 0.99325942993164074 3.3737044334411626 6.9308280944824228 2.4400242567062382 1005.7502441406251 1008.2068176269532 1004.3587341308595 184.4587326049805 2.3227946758270268 0.81155395507812511 2.2188181877136235 1.0065377354621889 -2.408051490783691 1.6115654706954958 1.7664176225662234 7.5631408691406259 2.5000000000000004 86.70218658447267 6.4231424331665048 2.3442026376724248 1 1009.0355529785157 1012.6415405273439 1.004346549510956 0.79279565811157238 2.3462288379669194
decision_type=2 2 2 9 2 2 2 2 2 2 2 2 2 2 2 2 2 2 2 2 2 2 2 2 9 2 2 2 2 2
left_child=7 8 3 -3 5 11 -4 10 -2 -7 -1 12 13 14 15 -5 -17 -18 -6 -20 27 24 -11 -16 -22 -26 -27 -10 -12 -15
right_child=1 2 6 4 18 9 -8 -9 20 22 28 -13 -14 29 23 16 17 -19 19 -21 21 -23 -24 -25 25 26 -28 -29 -30 -31
leaf_value=0.016111270377888173 -0.020911524074935021 0.062256487981335033 0.005126839380015593 0.015247081795115889 0.01336041786853256 -0.033049341293555821 -0.032504447574924059 0.02449079326835496 0.0027208446882324919 -0.01423849338678358 -0.013002617713981455 -0.01498148554576588 0.034955673511068652 0.014198801839348577 -0.0016385158897553539 0.018832253825708051 0.0050467257384413022 -0.026933420505026475 0.061297166617531734 0.025170809006639084 0.0073573519147392824 -0.025662497244964135 0.011960217266963075 -0.028108404537721333 -0.02613212988055998 0.0071832565013992466 -0.017405306498853901 0.012102094457754762 -0.0044169740639433191 0.033949282596323287
leaf_weight=3504 3188 2000 2997 17572 2163 2054 2757 2092 30793 2842 11469 2246 2499 8403 4127 2500 2270 2457 2099 2411 9060 2035 3374 2200 2078 5598 3500 15162 170044 2397
leaf_count=3504 3188 2000 2997 17572 2163 2054 2757 2092 30793 2842 11469 2246 2499 8403 4127 2500 2270 2457 2099 2411 9060 2035 3374 2200 2078 5598 3500 15162 170044 2397
internal_value=-1.24152e-05 0.00559844 0.00935045 0.0113674 0.00969401 0.00688312 -0.0129291 -0.00423413 0.00195313 -0.00825467 -0.00456023 0.00956669 0.0108109 0.00936373 0.00615066 0.0104964 -0.00105973 -0.0115977 0.0328066 0.0420828 0.00302443 -0.00273991 -2.16524e-05 -0.0108724 -0.000423197 -0.00673212 -0.00228469 0.00581797 -0.00496015 0.0186097
internal_weight=327891 140782 69368 63614 61614 54941 5754 187109 71414 8270 185017 46671 44425 41926 31126 24799 7227 4727 6673 4510 68226 22271 6216 6327 20236 11176 9098 45955 181513 10800
internal_count=327891 140782 69368 63614 61614 54941 5754 187109 71414 8270 185017 46671 44425 41926 31126 24799 7227 4727 6673 4510 68226 22271 6216 6327 20236 11176 9098 45955 181513 10800
cat_boundaries=0 1 2
cat_threshold=4 25
is_linear=0
shrinkage=0.05


Tree=58
num_leaves=31
num_cat=1
split_feature=41 37 9 7 12 30 1 10 14 4 7 39 43 13 33 19 16 14 43 16 33 32 44 37 19 41 30 30 1 37
split_gain=2800.94 1130.89 1181.35 1025.52 686.647 680.584 796.003 548.245 481.406 471.095 418.725 400.453 540.047 1039.89 472.64 423.47 343.926 454.841 328.301 317.409 282.664 455.818 280.132 274.867 270.24 419.504 327.597 244.791 331.66 298.271
threshold=2.905358195304871 1.2915993928909304 0 2.5000000000000004 1.5892269015312197 1194.8125000000002 80.250000000000014 1.9847551584243777 2.2150486707687382 1.0000000180025095e-35 1.5000000000000002 2.3227946758270268 8.8263130187988299 1.915422320365906 15.834432125091555 2.2120500802993779 2.7864649295806889 2.3892222642898564 0.69000539183616649 2.8438998460769658 18.960191726684574 853.27874755859386 7.0063858032226571 -1.278698682785034 1.2962244749069216 4.7017133235931405 426.56250000000006 120.68750000000001 90.750000000000014 0.33913493156433111
decision_type=2 2 9 2 2 2 2 2 2 2 2 2 2 2 2 2 2 2 2 2 2 2 2 2 2 2 2 2 2 2
left_child=18 2 -2 4 -3 9 8 -6 -7 11 -9 12 13 14 24 23 17 -5 -1 -17 27 -22 -16 -15 -4 -26 -27 -20 29 -29
right_child=1 3 5 16 7 6 -8 10 -10 -11 -12 -13 -14 15 22 19 -18 -19 20 -21 21 -23 -24 -25 25 26 -28 28 -30 -31
leaf_value=-0.016367122374770379 0.036978733270302495 0.013220697101497156 0.0032226355822282263 -0.0032894322103481401 0.05474722521245682 -0.0059487411873648801 -0.014221768229560769 0.041450217984292492 0.026028322947895168 -0.0075387029233876792 0.011522051098285916 0.025021099198426745 -0.015095334756035306 -0.0039500141463747612 -0.00088514565882081393 0.045777514054256223 -0.012328909640018537 0.027093528376377407 -0.0056379996233497636 0.019481907526850042 -0.0015055661928734237 0.017844447305874058 0.014234134441191777 0.0186848145379238 0.031812662794880119 0.018955297894033302 0.0022200055484159378 -0.0014056640254111264 -0.0075063519171743144 0.0093581026096301988
leaf_weight=5190 2534 8238 12932 3057 2266 2314 11223 2094 2379 7916 2654 2463 3333 2007 42937 2077 3014 2051 112376 2610 18616 3628 3289 4015 2489 5047 6941 24734 15225 8689
leaf_count=5190 2534 8238 12932 3057 2266 2314 11223 2094 2379 7916 2654 2463 3333 2007 42937 2077 3014 2051 112376 2610 18616 3628 3289 4015 2489 5047 6941 24734 15225 8689
internal_value=1.18993e-06 0.00536129 0.00334691 0.0153961 0.0230347 0.0025925 -0.00699462 0.034526 0.0102821 0.00414946 0.0247806 0.00517662 0.00461637 0.005397 0.00327842 0.0199477 0.00104137 0.00893925 -0.00397734 0.0312072 -0.00362559 0.00165702 0.000193444 0.0111471 0.00847935 0.0131696 0.00927556 -0.0043554 -0.00139206 0.00139456
internal_weight=328338 139880 116506 23374 15252 113972 15916 7014 4693 98056 4748 90140 87677 84344 73635 10709 8122 5108 188458 4687 183268 22244 46226 6022 27409 14477 11988 161024 48648 33423
internal_count=328338 139880 116506 23374 15252 113972 15916 7014 4693 98056 4748 90140 87677 84344 73635 10709 8122 5108 188458 4687 183268 22244 46226 6022 27409 14477 11988 161024 48648 33423
cat_boundaries=0 1
cat_threshold=4
is_linear=0
shrinkage=0.05


Tree=59
num_leaves=31
num_cat=10
split_feature=14 5 5 14 36 43 11 5 5 41 5 43 5 43 33 5 14 5 39 32 38 5 31 29 33 11 41 36 41 5
split_gain=2617.03 1389.48 943.531 777.74 642.212 807.442 1099.57 701.399 605.743 814.26 778.474 595.407 565.671 743.924 620.626 558.197 383.144 402.862 439.048 380.754 366.241 469.272 387.157 290.499 279.02 259.479 220.758 219.156 211.527 199.753
threshold=1.8595108985900881 0 1 3.1863950490951543 47.502994537353523 5.6458845138549814 1.9043260216712954 2 3 4.8725295066833505 4 9.5535149574279803 5 7.4478232860565194 11.898816108703615 6 2.5827382802963261 7 0.72718971967697155 312.60585021972662 -1.0904427170753477 8 82.101230621337905 0.81155395507812511 18.915264129638675 1.8370912075042727 3.3675248622894292 33.918857574462898 4.3325102329254159 9
decision_type=2 9 9 2 2 2 2 9 9 2 9 2 9 2 2 9 2 9 2 2 2 9 2 2 2 2 2 2 2 9
left_child=2 4 -1 8 20 6 -6 -7 16 10 -10 23 27 14 -14 26 17 -3 -19 -17 22 -22 -2 -9 -16 -5 -4 -11 -20 -21
right_child=1 3 15 25 5 7 -8 11 9 12 -12 -13 13 -15 24 19 -18 18 28 29 21 -23 -24 -25 -26 -27 -28 -29 -30 -31
leaf_value=0.02836769071634801 0.0065856959810404597 0.013143797350905748 -0.0062123851062883696 -0.0068233755181517017 0.019876072115333942 0.040174602919039695 0.066418120058565858 0.0045418310884132347 0.048986036096593161 -0.00078603668696949317 0.011334150252577084 -0.012728234985842111 0.039208002010107358 -0.012282653772886957 0.01315483293433811 -0.0051115623091464021 -0.013477433027029626 0.011255495412543698 -0.00024934442227795526 0.0027379436116054708 0.025346365577865872 0.0054684485715645239 -0.017182738780237097 0.024615520810371428 -0.0050731921981651482 -0.026750383564246062 -0.016536062352115931 -0.023740624351225904 -0.020215236360435637 -0.0016332908679380044
leaf_weight=2372 8103 5124 59668 6723 3410 2090 2024 3291 2207 2150 3655 2489 2010 3460 10054 53480 5550 2888 2130 42071 5395 6631 2162 3989 2647 2153 5666 2005 3508 68924
leaf_count=2372 8103 5124 59668 6723 3410 2090 2024 3291 2207 2150 3655 2489 2010 3460 10054 53480 5550 2888 2130 42071 5395 6631 2162 3989 2647 2153 5666 2005 3508 68924
internal_value=-5.46622e-06 0.00694499 -0.0028749 0.00189293 0.0141196 0.0213524 0.0373017 0.0140189 0.00443784 0.00910025 0.0256718 0.00833815 0.00474368 0.00854764 0.0134577 -0.00319969 -0.00241182 0.00209219 -0.00456733 -0.00164613 0.00850769 0.0144252 0.00156777 0.0155597 0.00935495 -0.0116816 -0.007109 -0.0118647 -0.012686 2.37573e-05
internal_weight=328029 95848 232181 56264 39584 17293 5434 11859 47388 28188 5862 9769 22326 18171 14711 229809 19200 13650 8526 164475 22291 12026 10265 7280 12701 8876 65334 4155 5638 110995
internal_count=328029 95848 232181 56264 39584 17293 5434 11859 47388 28188 5862 9769 22326 18171 14711 229809 19200 13650 8526 164475 22291 12026 10265 7280 12701 8876 65334 4155 5638 110995
cat_boundaries=0 29 36 46 72 76 86 118 131 160 192
cat_threshold=24 0 0 400 0 0 63232 0 0 466944 0 0 6356992 0 0 1048576 0 0 0 0 0 0 0 0 0 0 0 0 1536 960 0 0 15360 0 0 131072 16 0 0 144 0 0 256 0 0 262144 772 0 0 8288 0 0 131072 0 0 1048576 0 0 25165824 0 0 136314880 0 0 50331648 0 0 0 0 0 0 128 193 0 0 2560 162 0 0 0 0 0 0 0 0 2097152 16 0 0 320 0 0 29184 0 0 663552 0 0 35717120 0 0 805306368 0 0 0 3 0 2147483648 49 0 0 518 0 0 240 0 0 3840 0 0 0 8224 0 0 131072 0 0 0 0 0 8388608 8 0 0 128 0 0 12544 0 0 262144 0 0 4259840 0 0 0 0 0 0 0 0 0 0 0 0 0 0 0 1536 7 0 0 0 0 0 65536 0 0 1331200 0 0 12582912 0 0 36700160 0 0 1728053248 0 0 536870912 2 0 0 192 0 0 3584 0 0 65536
is_linear=0
shrinkage=0.05


Tree=60
num_leaves=31
num_cat=11
split_feature=16 5 29 5 14 5 41 5 5 9 40 5 5 37 40 14 16 5 23 31 31 43 0 33 23 24 12 37 5 5
split_gain=2384.96 925.261 975.92 802.638 757.002 529.473 1930.65 647.039 472.396 468.161 406.917 622.479 438.016 406.601 385.769 381.766 332.597 317.656 358.676 364.274 292.089 291.505 284.835 277.536 423.008 369.788 300.359 267.828 266.763 221.518
threshold=1.4601603746414187 0 0.98556900024414074 1 3.1863950490951543 2 4.7490544319152841 3 4 5 2.1057388782501225 6 7 -2.6173958778381343 2.8319742679595952 2.0037739276885991 2.5253885984420781 8 27.223518371582035 82.999431610107436 84.831676483154311 5.3968818187713632 8.2500000000000018 15.016128063201906 -7.7487182617187491 1.9694366455078127 0.69086974859237682 0.70616966485977184 9 10
decision_type=2 9 2 9 2 9 2 9 9 9 2 9 9 2 2 2 2 9 2 2 2 2 2 2 2 2 2 2 9 9
left_child=8 2 9 -4 5 6 -3 -8 21 -2 11 16 -12 -11 -9 -15 -7 18 -17 -20 -14 23 -6 24 26 -25 -1 -19 -10 -27
right_child=1 4 3 -5 22 10 7 14 28 13 12 -13 20 15 -16 17 -18 27 19 -21 -22 -23 -24 25 -26 29 -28 -29 -30 -31
leaf_value=0.0064671482666871088 0.025851328339203585 0.04452853482045379 0.047413449655619333 0.01043159555965683 -0.028297714986699359 0.0086242565472905621 -0.016975669783910581 0.017304480101021376 -0.008723078354072605 -0.012476000593096108 0.0039627090842614884 -0.0042842616466539024 -0.0071960377109673056 -0.0061860231634910529 -0.0051875778397751345 0.0145608697344096 0.028557141565854913 0.010376620188369459 0.0053851833041667387 -0.017407908254828422 -0.028542054874712133 0.016488769613984294 -0.0066518769934610106 -0.010740050324343661 0.00031649695050548821 0.011127133306804864 0.033623637275200909 0.023615207628398169 -0.0033530888835577991 -0.0011879435944799255
leaf_weight=2065 3575 3512 3169 2767 2125 11051 3161 5486 27579 2506 8391 9454 7800 3985 2913 5073 2577 11950 5030 2678 2011 3001 5307 8873 8455 4554 2010 5630 143417 18094
leaf_count=2065 3575 3512 3169 2767 2125 11051 3161 5486 27579 2506 8391 9454 7800 3985 2913 5073 2577 11950 5030 2678 2011 3001 5307 8873 8455 4554 2010 5630 143417 18094
internal_value=2.98962e-05 0.00602644 0.0113999 0.0303186 0.00211753 0.00409642 0.0121105 0.00224222 -0.00299951 0.00861806 0.00116519 0.00557254 -0.00442314 0.00693082 0.00949544 0.00835204 0.0124026 0.0102616 0.00424668 -0.00254614 -0.0115842 0.00143693 -0.0128707 0.000408331 0.00670002 -0.00209403 0.0199116 0.014619 -0.0042201 0.00129654
internal_weight=328199 110151 46363 5936 63788 56356 15072 11560 218048 40427 41284 23082 18202 36852 8399 34346 13628 30361 12781 7708 9811 47052 7432 44051 12530 31521 4075 17580 170996 22648
internal_count=328199 110151 46363 5936 63788 56356 15072 11560 218048 40427 41284 23082 18202 36852 8399 34346 13628 30361 12781 7708 9811 47052 7432 44051 12530 31521 4075 17580 170996 22648
cat_boundaries=0 32 42 49 53 85 86 115 144 154 186 215
cat_threshold=8 0 0 1936 0 0 62208 0 0 466944 0 0 6356992 0 0 0 0 0 0 0 0 0 0 0 0 0 0 0 7168 0 0 49152 0 0 0 1552 0 0 57600 0 0 401408 195 0 0 6176 0 0 65536 130 0 0 32 963 0 0 15360 0 0 100096 0 0 53248 0 0 4325376 0 0 69206016 0 0 0 0 0 0 0 0 0 496 0 0 9728 0 0 69632 20 772 0 0 8192 0 0 131072 0 0 1572864 0 0 8519680 0 0 3145728 0 0 50331648 0 0 0 0 0 0 272 0 0 8192 52 0 0 8192 0 0 1024 0 0 2101248 0 0 131072 0 0 1048576 0 0 0 0 0 0 0 0 0 0 0 0 512 0 0 0 1552 0 0 24576 0 0 262144 48 0 0 608 0 0 28672 0 0 786432 0 0 8388608 0 0 268435456 0 0 0 2 0 0 48 0 0 0 0 0 96 0 0 17920 384 0 0 0 0 0 98304 0 0 0 0 0 0 0 0 0 0 0 0 0 0 0 0 0 0 112 0 0 1536
is_linear=0
shrinkage=0.05


Tree=61
num_leaves=31
num_cat=0
split_feature=41 29 27 7 12 25 35 19 25 7 0 31 19 27 27 34 39 22 31 1 31 34 35 43 21 0 24 27 26 25
split_gain=2151.75 832.712 608.766 514.392 790.754 676.67 401.537 703.578 640.116 542.275 557 811.785 449.321 689.947 722.89 323.233 321.11 414.133 335.15 300.29 279.504 435.656 261.03 259.298 243.756 357.13 382.662 323.002 251.958 243.729
threshold=2.8152482509613042 0.99425888061523449 1004.3587341308595 2.5000000000000004 1.6760842800140383 7.1485192775726327 20.36237716674805 1.9890315532684328 6.8435215950012216 1.5000000000000002 12.750000000000002 83.793899536132827 2.4875553846359257 1008.4656677246095 1010.329803466797 -7.0444030761718741 0.90616682171821605 0.044345855712890632 79.268527984619155 78.750000000000014 84.519039154052749 -1.2568969726562498 4.311084747314454 0.69000539183616649 0.91131612658500682 12.750000000000002 28.188568115234379 1010.1917419433595 6.023719549179078 8.1843895912170428
decision_type=2 2 2 2 2 2 2 2 2 2 2 2 2 2 2 2 2 2 2 2 2 2 2 2 2 2 2 2 2 2
left_child=15 2 -2 4 -3 -5 8 -8 12 29 22 -12 16 -14 -15 19 17 -4 -18 -1 24 -22 -11 -17 -19 26 -26 -27 -29 -10
right_child=1 3 6 5 -6 -7 7 -9 9 10 11 -13 13 14 -16 23 18 20 -20 -21 21 -23 -24 -25 25 27 -28 28 -30 -31
leaf_value=-0.0095070756754804427 0.022856840109973384 0.011522362293871812 -0.0010403476708884982 0.020908367598500038 0.042540735277998336 -0.01807400599356792 0.0043895796205707226 -0.028302408131951336 0.015579226549728022 0.004027115082964587 0.0095182660988300614 -0.027715446148236064 -0.012856119851152887 0.045338725859778273 0.0096478914863637275 -0.015115383475575476 0.0016904905031877003 0.001747409574644546 -0.0093090402769032739 0.013232734454674724 -0.016064183924848777 0.0099579081821016251 0.02399356813849984 -0.0036116357139602271 0.013580777082535781 0.031727467721793801 -0.0071632783012066745 0.021952623633381723 -0.0010370537441266542 0.035345669882872022
leaf_weight=2008 3907 5204 33755 2396 3397 2062 4022 2773 3906 2791 3737 2393 2018 2024 4716 5034 14382 7542 13342 5176 3050 3381 3965 171181 5955 3453 3536 2651 2157 2621
leaf_count=2008 3907 5204 33755 2396 3397 2062 4022 2773 3906 2791 3737 2393 2018 2024 4716 5034 14382 7542 13342 5176 3050 3381 3965 171181 5955 3453 3536 2651 2157 2621
internal_value=8.24258e-05 0.00463094 0.00343934 0.0166708 0.0238084 0.00287739 0.0028457 -0.00897382 0.00350809 0.0118273 0.00587152 -0.00503832 0.00192315 0.0127444 0.020417 -0.00351718 0.000905061 0.00281462 -0.00360441 0.00687235 0.00691528 -0.00238925 0.0157633 -0.00394111 0.00928097 0.0124788 0.00585289 0.0200751 0.0116581 0.0235586
internal_weight=328535 145136 132077 13059 8601 4458 128170 6795 121375 19413 12886 6130 101962 8758 6740 183399 93204 65480 27724 7184 31725 6431 6756 176215 25294 17752 9491 8261 4808 6527
internal_count=328535 145136 132077 13059 8601 4458 128170 6795 121375 19413 12886 6130 101962 8758 6740 183399 93204 65480 27724 7184 31725 6431 6756 176215 25294 17752 9491 8261 4808 6527
is_linear=0
shrinkage=0.05


Tree=62
num_leaves=31
num_cat=9
split_feature=5 9 37 33 5 13 27 16 27 10 5 27 24 5 5 13 19 37 5 27 37 7 27 5 5 27 19 29 25 34
split_gain=1958.92 1438.38 866.712 563.869 1227.76 852.654 732.584 722.979 454.961 597.064 1507.62 1453.39 941.425 1003.83 827.362 441.853 434.281 424.963 675.478 407.196 584.159 406.606 476.709 343.779 338.402 316.795 312.724 289.642 247.15 266.47
threshold=0 1 3.0832211971282963 14.08799982070923 2 1.0309107303619387 1010.708709716797 2.4786719083786015 1014.6275024414064 1.8680850863456728 3 1009.7753906250001 27.722290039062504 4 5 1.4957786202430727 1.7597649693489077 0.38414701819419866 6 1007.9239196777345 -0.60455143451690663 2.5000000000000004 1009.8812561035157 7 8 1011.6690063476564 2.349434614181519 0.60469436645507824 5.6248800754547128 -1.4516601562499998
decision_type=9 9 2 2 9 2 2 2 2 2 9 2 2 9 9 2 2 2 9 2 2 2 2 9 9 2 2 2 2 2
left_child=1 -1 3 4 5 -3 16 15 9 10 11 -5 14 -14 -11 -7 -6 23 21 -15 26 27 -23 -2 -12 -26 -21 -19 29 -22
right_child=17 2 -4 8 6 7 -8 -9 -10 12 24 -13 13 19 -16 -17 -18 18 -20 20 28 22 -24 -25 25 -27 -28 -29 -30 -31
leaf_value=0.043502179943223092 -0.00079669284114453802 0.0019344778331100041 0.031634291057080342 0.059108298043291652 0.00056383254879917267 0.027032010904745732 0.015980629660815471 0.007759586530332499 -0.0060048523662430686 -0.0048502766488991928 0.0066089155384017597 0.014177789526096392 0.012582816014426526 -0.025971980992905992 0.027354385575656528 0.056816434727247969 -0.024037028372129655 0.0067567676742673281 -0.0033890961372275382 -0.025236683550124785 -0.0066378544431311406 -0.019767576264636707 0.0088349598729528366 -0.005365877750900601 -0.015867823922548391 0.0043687547746307214 -0.0019638714223199553 0.022064606847107551 -0.013406549249815653 0.015324680180545848
leaf_weight=2435 63708 3131 2902 2325 4309 2324 4455 2001 14708 3431 9479 7900 5688 3804 4736 2758 3063 6360 27234 4805 2231 2253 4079 116420 4601 3325 2064 6024 2001 3596
leaf_count=2435 63708 3131 2902 2325 4309 2324 4455 2001 14708 3431 9479 7900 5688 3804 4736 2758 3063 6360 27234 4805 2231 2253 4079 116420 4601 3325 2064 6024 2001 3596
internal_value=-5.96087e-05 0.00568908 0.00475643 0.00394741 0.0109729 0.0236507 -6.50662e-06 0.0332673 0.0018731 0.00380538 0.00920208 0.0244182 -0.000804492 -0.00576046 0.0138632 0.0432758 -0.00967632 -0.00265535 0.0016363 -0.0114044 -0.0076265 0.00894378 -0.00135728 -0.00375032 0.000239963 -0.00737437 -0.0182567 0.0142148 0.00171278 0.00691886
internal_weight=328150 102072 99637 96735 22041 10214 11827 7083 74694 59986 27630 10225 32356 24189 8167 5082 7372 226078 45950 18501 14697 18716 6332 180128 17405 7926 6869 12384 7828 5827
internal_count=328150 102072 99637 96735 22041 10214 11827 7083 74694 59986 27630 10225 32356 24189 8167 5082 7372 226078 45950 18501 14697 18716 6332 180128 17405 7926 6869 12384 7828 5827
cat_boundaries=0 29 30 59 88 101 114 143 175 188
cat_threshold=233 0 0 7952 0 0 127744 0 0 929792 0 0 4390912 0 0 1048576 0 0 0 0 0 0 0 0 0 128 0 0 3584 4 225 0 0 1808 0 0 768 0 0 8192 0 0 131072 0 0 0 0 0 0 0 0 0 0 0 0 0 0 0 3584 0 0 0 7168 0 0 126976 0 0 393216 0 0 0 0 0 1048576 0 0 0 0 0 0 0 0 0 0 0 0 3584 9 0 0 16 0 0 4608 0 0 8192 0 0 4390912 1 0 0 6160 0 0 98304 0 0 794624 0 0 131072 768 0 0 8192 0 0 132096 0 0 2162688 0 0 11534336 0 0 266338304 0 0 1728053248 0 0 0 0 0 0 1 0 0 384 278 0 0 0 0 0 134144 0 0 1097728 0 0 786432 0 0 6291456 0 0 0 0 0 1610612736 12 0 0 880 0 0 12544 0 0 126976 137 0 0 768 0 0 256 0 0 528384 0 0 65536
is_linear=0
shrinkage=0.05


Tree=63
num_leaves=31
num_cat=9
split_feature=5 37 33 22 5 41 37 5 22 14 27 5 10 13 39 36 7 5 5 10 5 24 27 5 26 14 39 40 42 5
split_gain=1895.57 1002.45 640.385 807.482 630.861 721.406 536.174 664.585 515.411 546.255 484.868 540.025 555.439 456.269 433.656 467.128 386.975 367.945 358.332 334.589 684.409 545.809 322.855 320.127 318.348 364.165 296.454 260.869 241.683 288.356
threshold=0 3.0832211971282963 14.134463787078859 0.018596649169921878 1 5.3612868785858163 0.329546868801117 2 0.2417564392089844 3.1638493537902836 1007.8466186523439 3 2.8641974925994877 2.5973417758941655 1.4270700812339785 76.788425445556655 2.5000000000000004 4 5 1.7301397323608401 6 27.722290039062504 1012.2304687500001 7 8.8143739700317401 2.2615236043930058 0.65718290209770214 2.0455238819122319 2.504413485527039 8
decision_type=9 2 2 2 9 2 2 9 2 2 2 9 2 2 2 2 2 9 9 2 9 2 2 9 2 2 2 2 2 9
left_child=1 2 3 -1 5 -5 23 16 18 13 -11 -12 -13 17 15 -7 22 -10 -4 20 -19 -21 -8 -2 25 -6 -18 -25 -29 -30
right_child=6 -3 8 4 24 14 7 -9 9 10 11 12 -14 -15 -16 -17 26 19 -20 21 -22 -23 -24 27 -26 -27 -28 28 29 -31
leaf_value=0.042294790996376903 -0.00077845274600209929 0.034970472868909488 -0.0087434397881196012 0.037903415589441304 -0.0044097445325103476 0.0044686711293608281 0.019305973967274528 -0.0022167843429701951 -0.0045750091525316684 -0.024498563650090229 -0.014198366715498074 0.032352625460207694 -0.0027118612589339896 0.029854312421138441 -0.010364912731541111 0.035206891964012034 0.0080352998637049922 0.034818374995179667 0.0020823219803445202 0.023959527169833 0.0083935427879697124 -0.0034578199464765712 0.0015876659759734672 -0.0046701540506844663 -0.013411656916064911 0.019284115822208663 -0.013302489462570444 -0.002533511650895783 -0.033994662654285877 -0.0093494501674880447
leaf_weight=2049 59039 2870 12019 3141 3592 3061 9222 35617 4630 2140 2941 2063 2478 2672 2028 2067 4110 3572 20924 2474 7810 6735 3566 111275 2984 2942 2681 2798 2252 2562
leaf_count=2049 59039 2870 12019 3141 3592 3061 9222 35617 4630 2140 2941 2063 2478 2672 2028 2067 4110 3572 20924 2474 7810 6735 3566 111275 2984 2942 2681 2798 2252 2562
internal_value=-2.55362e-05 0.00591921 0.00501305 0.0124866 0.00938443 0.0179469 -0.00245329 0.00185159 0.00269248 0.0066991 -0.00357074 0.00243974 0.0132251 0.0102418 0.00917169 0.0169031 0.00924632 0.00815298 -0.00187085 0.0110126 0.0167476 0.00392586 0.0143702 -0.00378891 9.31337e-05 0.00627182 -0.00039576 -0.00528319 -0.0142338 -0.021015
internal_weight=328314 95192 92322 21864 19815 10297 233122 55196 70458 37515 9622 7482 4541 27893 7156 5128 19579 25221 32943 20591 11382 9209 12788 177926 9518 6534 6791 118887 7612 4814
internal_count=328314 95192 92322 21864 19815 10297 233122 55196 70458 37515 9622 7482 4541 27893 7156 5128 19579 25221 32943 20591 11382 9209 12788 177926 9518 6534 6791 118887 7612 4814
cat_boundaries=0 29 42 71 78 107 136 146 178 197
cat_threshold=105 0 0 7952 0 0 127744 0 0 405504 0 0 12779520 0 0 0 0 0 0 0 0 0 0 0 0 128 0 0 3584 97 0 0 1808 0 0 58112 0 0 270336 0 0 131072 640 0 0 8224 0 0 1024 0 0 2686976 0 0 3145728 0 0 133169152 0 0 1660944384 0 0 0 0 0 0 0 0 0 128 65 0 0 4112 0 0 66048 0 0 0 16 0 0 512 0 0 12288 0 0 8519680 0 0 0 0 0 0 0 0 0 0 0 0 0 0 0 512 97 0 0 1792 0 0 69632 0 0 0 0 0 4194304 0 0 0 0 0 0 0 0 0 0 0 0 0 0 0 3584 0 0 0 6144 0 0 122880 0 0 262144 278 0 0 32 0 0 134144 0 0 1097728 0 0 786432 0 0 0 0 0 0 0 0 1879048192 4 0 0 881 0 0 12288 0 0 126976 512 0 0 8192 0 0 0 0 0 524288 0 0 17825792 0 0 98566144 0 0 587202560
is_linear=0
shrinkage=0.05


Tree=64
num_leaves=31
num_cat=10
split_feature=16 5 9 30 5 5 22 14 5 41 5 43 23 5 14 5 35 43 11 5 15 43 29 41 14 35 35 41 5 21
split_gain=1667.91 834.608 834.217 679.361 740.819 418.551 400.225 393.559 497.021 1276.64 500.839 497.668 430.844 500.559 358.958 332.601 313.634 342.291 458.196 388.17 329.481 308.989 305.035 304.573 382.206 308.246 294.118 349.151 292.343 273.183
threshold=1.5103791952133181 0 1 1064.3125000000002 2 3 1.0943412780761721 3.2865560054779057 4 5.0248568058013925 5 5.2785310745239267 28.051479339599613 6 2.5827382802963261 7 16.39509201049805 5.3968818187713632 1.9393604993820193 8 2.1441948413848881 5.3968818187713632 0.068294525146484389 7.3205027580261239 3.4446265697479252 15.638828277587892 1.5320777893066408 5.8954215049743661 9 1.9778789281845095
decision_type=2 9 9 2 9 9 2 2 9 2 9 2 2 9 2 9 2 2 2 9 2 2 2 2 2 2 2 2 9 2
left_child=5 2 -2 7 -5 21 28 8 9 -3 11 -11 15 -14 -8 16 17 18 -10 -19 -18 -1 -4 24 25 26 -24 -28 -6 -7
right_child=1 3 22 4 6 29 14 -9 12 10 -12 -13 13 -15 -16 -17 20 19 -20 -21 -22 -23 23 -25 -26 -27 27 -29 -30 -31
leaf_value=0.00055123002786017867 0.038910674332602348 0.041479423460402044 -0.0062281141490768827 -0.020678528415017109 0.0032949396939105863 -0.0033514442052285966 0.027501175026676147 -0.0073548534256274792 -0.00090657562565850934 0.030313898945533924 -0.0096930207926828691 0.0015169657073473774 0.0248950467722782 -0.005159981145421 -0.00030486005087331137 -0.0045444891995009449 0.0074693523239618576 0.0052480784528253985 0.024259288887478081 0.034421434384725967 -0.019784968278114767 0.016030854053493509 0.0098384795069484787 -0.0055920571693316972 -0.0059400708915835973 0.0012868545665024969 0.039811963805977575 0.018135898455001683 -0.022812464636474562 -0.020375483682221796
leaf_weight=45614 2638 3289 2747 6035 2259 170445 2076 6067 9338 2647 3482 3449 4337 2028 2616 14583 2162 2266 2233 2312 2258 3459 6867 2413 2370 3326 2421 8078 2018 2380
leaf_count=45614 2638 3289 2747 6035 2259 170445 2076 6067 9338 2647 3482 3449 4337 2028 2616 14583 2162 2266 2233 2312 2258 3459 6867 2413 2370 3326 2421 8078 2018 2380
internal_value=3.72902e-05 0.00518643 0.0121109 0.00235127 -0.00716826 -0.00242987 0.0019562 0.00471521 0.00606283 0.0146416 0.00540741 0.0140273 0.00339685 0.0153569 0.0120304 0.00122845 0.00532119 0.00855293 0.00396675 0.0201107 -0.00646701 0.00164505 0.00958007 0.0112902 0.0130583 0.0152361 0.0179055 0.0231674 -0.00909322 -0.00358684
internal_weight=328213 106315 30860 75455 15004 221898 8969 60451 54384 12867 9578 6096 41517 6365 4692 35152 20569 16149 11571 4578 4420 49073 28222 25475 23062 20692 17366 10499 4277 172825
internal_count=328213 106315 30860 75455 15004 221898 8969 60451 54384 12867 9578 6096 41517 6365 4692 35152 20569 16149 11571 4578 4420 49073 28222 25475 23062 20692 17366 10499 4277 172825
cat_boundaries=0 32 33 46 78 91 95 114 143 156 175
cat_threshold=8 0 0 400 0 0 57600 0 0 458752 0 0 6356992 0 0 0 0 0 0 0 0 0 0 0 0 1 0 0 6144 0 0 49152 5 896 0 0 15872 0 0 512 0 0 1048576 0 0 16777216 963 0 0 15360 0 0 102144 0 0 53248 0 0 4325376 0 0 73400320 0 0 0 0 0 0 0 0 0 480 0 0 1536 0 0 69632 193 0 0 3584 0 0 512 0 0 0 0 0 16777216 0 0 0 3584 518 0 0 8192 0 0 65536 0 0 3674112 0 0 8388608 0 0 1048576 0 0 50331648 816 0 0 12320 0 0 6144 0 0 4096 0 0 8519680 0 0 0 0 0 0 0 0 0 0 0 0 16 0 0 9216 0 0 0 32 0 0 4096 0 0 4096 0 0 8519680 0 0 0 0 0 0 0 0 0 2633728 0 0 8519680 0 0 68157440 0 0 536870912
is_linear=0
shrinkage=0.05


Tree=65
num_leaves=31
num_cat=1
split_feature=16 34 16 18 30 1 25 33 43 11 34 1 0 10 41 0 34 41 22 43 34 40 18 22 9 19 0 0 13 0
split_gain=1525.71 751.655 1021.69 866.538 687.314 469.257 394.933 363.329 737.049 642.384 501.988 677.042 480.599 609.458 1037.85 766.196 678.89 1474.19 453.395 452.575 390.629 333.829 346.608 321.232 565.305 518.605 320.966 306.642 283.861 240.321
threshold=1.5103791952133181 -5.3631591796874991 2.7310507297515874 1.8766137361526491 1194.8125000000002 74.750000000000014 7.2531371116638192 18.211008071899418 9.0573015213012713 2.5188696384429936 -3.7808837890624996 77.750000000000014 16.750000000000004 2.0737781524658208 4.8358550071716317 8.7500000000000018 0.90957641601562511 5.3290724754333505 1.8925666809082033 5.5220930576324472 -1.6993103027343748 4.6226601600646982 1.9570383429527285 1.0199546813964846 0 1.9504838585853579 8.7500000000000018 20.750000000000004 0.2997491210699082 11.750000000000002
decision_type=2 2 2 2 2 2 2 2 2 2 2 2 2 2 2 2 2 2 2 2 2 2 2 2 9 2 2 2 2 2
left_child=6 2 3 -2 7 -6 28 8 9 10 -3 29 13 15 -15 -13 17 -17 27 -11 -16 22 -9 -7 -25 -26 -24 -14 -1 -12
right_child=1 4 -4 -5 5 23 -8 21 -10 19 11 12 18 14 20 16 -18 -19 -20 -21 -22 -23 26 24 25 -27 -28 -29 -30 -31
leaf_value=-0.0049949484357059998 0.0147359855931877 0.024657170635525923 -0.009816445832480444 0.055153223195784931 0.013016633261829006 -0.019118320100656054 0.019482042929555625 0.0038217151244470567 -0.017453772652058219 0.041660074962729027 -0.025634901224811497 -0.0063034141368056218 0.012334582743844292 0.034369032224257363 -0.020120612938112434 0.0074822352543740742 0.01160895359014058 0.052497871914936489 -0.022297032285916066 0.0095570968518829385 0.0017689554554257141 0.01957688242057486 -0.025046789422489626 0.010916277542718953 0.003012890817463889 -0.03153815497691842 -0.0034186471044960892 -0.0048292562868486972 -0.001246726061189467 -0.001425643229274041
leaf_weight=78653 3239 3867 2069 2248 2770 5299 2036 12532 2772 2425 2032 3083 5118 2072 2831 3327 8968 4012 2003 2013 7207 2043 2316 3749 2020 2335 6550 5275 141174 2061
leaf_count=78653 3239 3867 2069 2248 2770 5299 2036 12532 2772 2425 2032 3083 5118 2072 2831 3327 8968 4012 2003 2013 7207 2043 2316 3749 2020 2335 6550 5275 141174 2061
internal_value=-2.52261e-05 0.00490181 0.0200905 0.031365 0.00373689 -0.00568561 -0.00238459 0.00558435 0.00767428 0.0089145 0.00734866 0.00594908 0.00776315 0.0110442 0.00224094 0.0165383 0.020858 0.0321288 -0.000576721 0.0271529 -0.0044184 0.000317178 -0.00152995 -0.00955763 -0.00329028 -0.0155065 -0.00909026 0.00362675 -0.00258799 -0.0134777
internal_weight=328099 106236 7556 5487 98680 16173 221863 82507 59066 56294 51856 47989 43896 31500 12110 19390 16307 7339 12396 4438 10038 23441 21398 13403 8104 4355 8866 10393 219827 4093
internal_count=328099 106236 7556 5487 98680 16173 221863 82507 59066 56294 51856 47989 43896 31500 12110 19390 16307 7339 12396 4438 10038 23441 21398 13403 8104 4355 8866 10393 219827 4093
cat_boundaries=0 1
cat_threshold=36
is_linear=0
shrinkage=0.05


Tree=66
num_leaves=31
num_cat=11
split_feature=5 9 40 37 37 5 5 34 5 34 5 31 33 23 5 14 5 5 7 34 36 36 34 40 43 5 44 13 5 37
split_gain=1417.94 870.545 1009.37 647.182 496.799 670.367 436.65 325.723 322.39 320.152 368.72 307.238 610.794 584.172 668.063 636.133 548.745 341.898 295.617 415.431 285.116 255.414 390.138 243.539 355.104 293.293 412.113 227.668 334.299 214.625
threshold=0 1 3.93159031867981 1.2915993928909304 0.32101786136627203 2 3 3.6746520996093754 4 -1.9147644042968748 5 84.000232696533217 13.461696147918703 27.018619537353519 6 2.0284529924392705 7 8 2.5000000000000004 -2.0947570800781246 40.821075439453132 38.656711578369148 -0.38388061523437494 2.0455238819122319 5.3968818187713632 9 2.5484234094619755 1.5764880180358889 10 -0.44043835997581476
decision_type=9 9 2 2 2 9 9 2 9 2 9 2 2 2 9 2 9 9 2 2 2 2 2 2 2 9 2 2 9 2
left_child=1 2 -1 11 8 7 20 18 9 10 -2 12 16 15 -15 -13 -3 29 -6 -20 -5 -19 -23 24 -10 -25 -27 28 -8 -14
right_child=4 3 -4 6 5 -7 27 -9 23 -11 -12 13 17 14 -16 -17 -18 21 19 -21 -22 22 -24 25 -26 26 -28 -29 -30 -31
leaf_value=0.051723968488133168 0.020901001178133802 0.037283515209904992 0.0063908515862709583 0.01381652417136963 0.016375263728767374 -0.0019797214599544971 -0.014912378612713701 -0.0047203397566752438 -0.0042146349613169246 -0.0017776096459032453 0.00083262065234637197 -0.018487191121578539 -0.0079026817719685602 0.0061060697910280811 -0.028574829067635352 0.011577652825751183 0.0051100294007047839 0.0037827276271948929 -0.014810267275089781 0.012433981436298635 0.037848844195650676 0.027046767338598766 -0.0010347003126192293 -0.0038691439637919614 0.014334463653803668 -0.0024656024730679189 -0.029412601627247539 0.016822182253360487 0.011751325850795925 0.0019638658120351275
leaf_weight=2132 3638 2474 2885 2431 11933 37628 2062 3570 116607 38930 6132 2349 9493 2169 3826 6915 2862 21965 2149 3967 2535 3165 2025 6718 2629 2298 3707 3589 2680 13116
leaf_count=2132 3638 2474 2885 2431 11933 37628 2062 3570 116607 38930 6132 2349 9493 2169 3826 6915 2862 21965 2149 3967 2535 3165 2025 6718 2629 2298 3707 3589 2680 13116
internal_value=7.63846e-05 0.00547828 0.0256689 0.00426157 -0.00192053 0.0020523 0.0143741 0.00906445 -0.00322357 0.000253654 0.00834132 0.00234926 0.0040879 -0.00392748 -0.0160754 0.00394263 0.0201482 0.00236211 0.0117971 0.00285253 0.0260833 0.00614143 0.0161092 -0.00450645 -0.00380448 -0.0110805 -0.01909 0.00733134 0.00014331 -0.00217957
internal_weight=328579 88673 5017 83656 239906 59247 13297 21619 180659 48700 9770 70359 55100 15259 5995 9264 5336 49764 18049 6116 4966 27155 5190 131959 119236 12723 6005 8331 4742 22609
internal_count=328579 88673 5017 83656 239906 59247 13297 21619 180659 48700 9770 70359 55100 15259 5995 9264 5336 49764 18049 6116 4966 27155 5190 131959 119236 12723 6005 8331 4742 22609
cat_boundaries=0 29 30 59 88 120 152 165 194 223 252 281
cat_threshold=105 0 0 3856 0 0 127744 0 0 405504 0 0 12779520 0 0 0 0 0 0 0 0 0 0 0 0 128 0 0 1536 5 384 0 0 12288 0 0 1024 0 0 2686976 0 0 3145728 0 0 124780544 0 0 1929379840 0 0 0 0 0 0 0 0 0 384 0 0 0 512 0 0 57600 0 0 401408 0 0 4194304 0 0 0 0 0 0 0 0 0 0 0 0 0 0 0 512 6 0 0 0 0 0 2048 0 0 1097728 0 0 786432 0 0 0 0 0 0 0 0 1879048192 4 0 0 369 0 0 14336 0 0 126976 6 0 0 0 0 0 0 0 0 1048576 0 0 0 0 0 0 0 0 0 0 0 0 0 0 0 112 0 0 2048 0 0 114688 73 0 0 0 0 0 768 0 0 401408 0 0 4390912 96 0 0 1808 0 0 8192 0 0 8192 0 0 4194304 0 0 0 0 0 0 0 0 0 0 0 0 0 0 0 1536 96 0 0 1792 0 0 16384 0 0 262144 0 0 12713984 0 0 0 0 0 0 0 0 0 0 0 0 0 0 0 1536 144 0 0 224 0 0 132096 0 0 2162688 0 0 18874368 0 0 135266304 0 0 0 0 0 0 0 0 0 0 0 0 256 97 0 0 16 0 0 0 0 0 4096 0 0 0 0 0 0 0 0 0 0 0 0 0 0 0 128 0 0 1024
is_linear=0
shrinkage=0.05


end of trees

feature_importances:
region_id=375
now_wind_speed_mean=124
exp_climatology=121
now_target_tendency=93
now_msl_anom=83
now_msl_hPa_mean=73
exp_recent3=72
rmse30_climatology=57
now_tcc_mean=57
lead_days=53
now_tp7=53
now_msl_hPa_min=51
now_ssrd_MJ=48
exp_anom_persistence=48
exp_persistence=46
longitude=44
regmae_persistence=44
mae7_persistence=40
rmse30_recent3=38
now_cape_max=37
mae7_anom_persistence=34
latitude=29
regmae_anom_persistence=29
expert_range=29
now_anomaly=28
now_wind_speed_max=27
now_blh_mean=27
regmae_climatology=23
mae7_climatology=22
regime_id=20
now_tp_mm=20
now_t2m_C_max=18
expert_spread=18
lead_bucket_id=16
regmae_recent3=16
now_tp3=16
mae7_recent3=15
rmse30_persistence=15
now_t2m_C_mean=15
now_rh_pct_mean=15
is_ocean=9
elev_proxy_m=5
rmse30_anom_persistence=5
coastal=2

parameters:
[boosting: gbdt]
[objective: regression]
[metric: l2]
[tree_learner: serial]
[device_type: cpu]
[data_sample_strategy: bagging]
[data: ]
[valid: ]
[num_iterations: 1500]
[learning_rate: 0.05]
[num_leaves: 31]
[num_threads: 16]
[seed: 42]
[deterministic: 0]
[force_col_wise: 0]
[force_row_wise: 0]
[histogram_pool_size: -1]
[max_depth: -1]
[min_data_in_leaf: 2000]
[min_sum_hessian_in_leaf: 0.001]
[bagging_fraction: 0.8]
[pos_bagging_fraction: 1]
[neg_bagging_fraction: 1]
[bagging_freq: 1]
[bagging_seed: 400]
[bagging_by_query: 0]
[feature_fraction: 0.6]
[feature_fraction_bynode: 1]
[feature_fraction_seed: 30056]
[extra_trees: 0]
[extra_seed: 12879]
[early_stopping_round: 0]
[early_stopping_min_delta: 0]
[first_metric_only: 0]
[max_delta_step: 0]
[lambda_l1: 0]
[lambda_l2: 10]
[linear_lambda: 0]
[min_gain_to_split: 0]
[drop_rate: 0.1]
[max_drop: 50]
[skip_drop: 0.5]
[xgboost_dart_mode: 0]
[uniform_drop: 0]
[drop_seed: 17869]
[top_rate: 0.2]
[other_rate: 0.1]
[min_data_per_group: 100]
[max_cat_threshold: 32]
[cat_l2: 10]
[cat_smooth: 10]
[max_cat_to_onehot: 4]
[top_k: 20]
[monotone_constraints: ]
[monotone_constraints_method: basic]
[monotone_penalty: 0]
[feature_contri: ]
[forcedsplits_filename: ]
[refit_decay_rate: 0.9]
[cegb_tradeoff: 1]
[cegb_penalty_split: 0]
[cegb_penalty_feature_lazy: ]
[cegb_penalty_feature_coupled: ]
[path_smooth: 0]
[interaction_constraints: ]
[verbosity: -1]
[saved_feature_importance_type: 0]
[use_quantized_grad: 0]
[num_grad_quant_bins: 4]
[quant_train_renew_leaf: 0]
[stochastic_rounding: 1]
[linear_tree: 0]
[max_bin: 255]
[max_bin_by_feature: ]
[min_data_in_bin: 3]
[bin_construct_sample_cnt: 200000]
[data_random_seed: 175]
[is_enable_sparse: 1]
[enable_bundle: 1]
[use_missing: 1]
[zero_as_missing: 0]
[feature_pre_filter: 1]
[pre_partition: 0]
[two_round: 0]
[header: 0]
[label_column: ]
[weight_column: ]
[group_column: ]
[ignore_column: ]
[categorical_feature: 5,6,8,9]
[forcedbins_filename: ]
[precise_float_parser: 0]
[parser_config_file: ]
[objective_seed: 16083]
[num_class: 1]
[is_unbalance: 0]
[scale_pos_weight: 1]
[sigmoid: 1]
[boost_from_average: 1]
[reg_sqrt: 0]
[alpha: 0.9]
[fair_c: 1]
[poisson_max_delta_step: 0.7]
[tweedie_variance_power: 1.5]
[lambdarank_truncation_level: 30]
[lambdarank_norm: 1]
[label_gain: ]
[lambdarank_position_bias_regularization: 0]
[eval_at: ]
[multi_error_top_k: 1]
[auc_mu_weights: ]
[num_machines: 1]
[local_listen_port: 12400]
[time_out: 120]
[machine_list_filename: ]
[machines: ]
[gpu_platform_id: -1]
[gpu_device_id: -1]
[gpu_device_id_list: ]
[gpu_use_dp: 0]
[num_gpu: 1]

end of parameters

pandas_categorical:[]
