tree
version=v4
num_class=1
num_tree_per_iteration=1
label_index=0
max_feature_idx=45
objective=quantile
feature_names=latitude longitude is_ocean elev_proxy_m coastal region_id season_id lead_days lead_bucket_id regime_id mae7_climatology mae7_persistence mae7_recent3 mae7_anom_persistence rmse30_climatology rmse30_persistence rmse30_recent3 rmse30_anom_persistence regmae_climatology regmae_persistence regmae_recent3 regmae_anom_persistence now_tp_mm now_t2m_C_mean now_t2m_C_max now_wind_speed_mean now_wind_speed_max now_msl_hPa_mean now_msl_hPa_min now_tcc_mean now_cape_max now_rh_pct_mean now_blh_mean now_ssrd_MJ now_msl_anom now_tp3 now_tp7 now_target_tendency now_anomaly expert_spread expert_range exp_climatology exp_persistence exp_recent3 exp_anom_persistence blend_pred
feature_infos=[7:37] [68:97] [0:1] [0:5388.1943359375] [0:1] -1:208:901:600:206:806:502:7:400:401:501:903:2:106:302:800:602:500:406:701:808:700:404:601:102:307:707:304:907:100:203:505:207:301:708:8:104:402:200:902:300:908:407:702:0:508:703:308:905:105:202:605:403:803:306:5:3:103:802:305:204:504:900:205:1:4:405:507:807:904:608:6:606:408:201:805:108:704:603:705:706:503:906:101:604:801:303:607:107:506:804:409:9:609:709:909:309:509:809:109:209:1001:1008:1004:1002:1000:1006:1003:1007:1005 -1:2:3:1:0 [1:3] -1:1:2 -1:5:4:2:3:0:1 [0.01993255689740181:6.2394700050354004] [0.0060411691665649414:6.5278143882751465] [0.0074049108661711216:7.1183762550354004] [0.0054739969782531261:6.4898152351379395] [0.040406830608844757:4.3232216835021973] [0.038802850991487503:4.9067473411560059] [0.032944772392511368:4.6401233673095703] [0.039717141538858414:4.7758636474609375] [0.14277245104312897:3.0573558807373047] [0.12820826470851898:3.0775861740112305] [0.12059371918439865:2.8313307762145996] [0.12915268540382385:2.9411273002624512] [0:263.92938232421875] [-35.311538696289062:41.265533447265625] [-30.327835083007812:48.153472900390625] [0.16000412404537201:16.713184356689453] [0.212224081158638:20.085485458374023] [991.29266357421875:1047.8157958984375] [986.6312255859375:1046.9569091796875] [0:1] [0:6924.375] [4.0008754730224609:99.99932861328125] [9.2278718948364258:3571.593017578125] [0.29107201099395752:35.168254852294922] [-31.7266845703125:31.2340087890625] [0:160.36891174316406] [0:594.80096435546875] [-9.5322952270507812:8.8764934539794922] [-8.0179195404052734:10.467067718505859] [0.0011924940627068281:4.4490909576416016] [0.0028173923492431641:10.598912239074707] [0.2111484706401825:11.478034973144531] [0.16000412404537201:16.713184356689453] [0.17418421804904938:14.683163642883301] [-0.010024547576904297:16.727396011352539] [0.19613742828369141:14.492020606994629]
tree_sizes=2850 3012 3531 3000 3013 3596 3610 3525 3034 3536 3034 3050 3539 3403 3680 3060 3039 3818 3067 3049 3725 3767 3854 3824 3665 3874 3080 4022 3092 3778 3791 3071 3098 3105 3060 4026 4013 3889 3102 3744 3973 3105 3909 4193 3112 3836 4021 3110 3115 3999 3084 3976 3798 4093 3127 4090 3791 3144 3102 3109 3777 3088 3109 3822 3967

Tree=0
num_leaves=31
num_cat=0
split_feature=25 25 25 19 29 21 19 0 35 30 17 41 28 25 25 28 41 28 37 22 22 28 33 17 21 22 17 41 35 0
split_gain=6009.82 590.573 484.824 226.036 105.861 105.816 93.063 73.0127 68.4517 58.2274 53.5238 52.3541 37.4497 31.9418 27.7774 23.4088 18.2543 18.042 15.4697 14.6083 12.5935 9.13167 9.55966 7.34447 7.15404 5.57156 4.69616 4.37514 5.51566 3.17878
threshold=8.3661756515502947 6.647775650024415 9.6195292472839373 1.8467180132865908 0.83449554443359386 1.7513617873191836 1.0167675614356997 11.250000000000002 7.153034210205079 1293.9375000000002 1.9702281951904299 6.9164319038391122 1007.4121704101564 7.4893727302551278 5.5125551223754892 1006.2715454101564 6.2855770587921151 1006.7696838378907 -0.032513171434402459 9.5028877258300799 4.9109458923339853 1009.4015502929689 17.733695983886722 2.4553763866424565 2.1267427206039433 1.9583702087402346 2.074129700660706 4.7706515789031991 8.2955360412597674 14.250000000000002
decision_type=2 2 2 2 2 2 2 2 2 2 10 2 2 2 2 2 2 2 2 2 2 2 2 10 2 2 8 2 2 2
left_child=1 5 6 7 16 14 -2 -4 21 12 13 -9 -8 20 23 -10 25 -12 -18 26 -6 22 -7 27 -17 -3 -16 -1 -29 -24
right_child=2 4 3 -5 10 8 9 11 15 -11 17 -13 -14 -15 19 24 18 -19 -20 -21 -22 -23 29 -25 -26 -27 -28 28 -30 -31
leaf_value=8.039812781454911 8.4916369537665748 8.3362060051603528 8.5308600989315622 8.5582975814295885 8.3491205596923823 8.4430915222496701 8.5590692660619201 8.6758817125969472 8.5462644357718638 8.5144499770650057 8.570906416535836 8.6666960144042964 8.4341766771405169 8.4501063537597663 8.2829350129996957 8.3681458653807201 8.3664924957465612 8.4859856858183953 8.4422909710248124 8.4010430662646733 8.4497568064078852 8.2624777442036699 8.2745979877522853 8.3276293945312503 8.5759482717855366 8.4251692945782999 8.3560711034509865 8.2237611770629879 8.3289873093210556 8.3699605360213898
leaf_weight=277737 2851 5888 2086 2287 2274 2937 2816 2846 2018 3523 2281 3596 2002 3957 15793 2121 2446 2043 2059 2926 2011 7267 4381 3071 2283 2157 2410 24011 3401 2501
leaf_count=277737 2851 5888 2086 2287 2274 2937 2816 2846 2018 3523 2281 3596 2002 3957 15793 2121 2446 2043 2059 2926 2011 7267 4381 3071 2283 2157 2410 24011 3401 2501
internal_value=8.3269 8.32454 8.36753 8.37962 8.33639 8.32369 8.35582 8.38562 8.32888 8.35149 8.34157 8.38992 8.34571 8.33777 8.32332 8.33591 8.33118 8.34878 8.33526 8.32613 8.33296 8.32623 8.32782 8.32313 8.33262 8.3289 8.32529 8.32309 8.32406 8.32619
internal_weight=399980 377973 22007 10815 25116 352857 11192 8528 23508 8341 12566 6442 4818 8242 329349 6422 12550 4324 4505 21129 4285 17086 9819 308220 4404 8045 18203 305149 27412 6882
internal_count=399980 377973 22007 10815 25116 352857 11192 8528 23508 8341 12566 6442 4818 8242 329349 6422 12550 4324 4505 21129 4285 17086 9819 308220 4404 8045 18203 305149 27412 6882
is_linear=0
shrinkage=1


Tree=1
num_leaves=31
num_cat=1
split_feature=25 25 18 25 19 19 18 41 27 19 33 18 19 27 29 16 25 27 25 16 41 25 29 36 16 6 16 27 39 18
split_gain=5169.51 572.629 472.18 186.958 175.982 114.312 91.1944 83.2001 70.8582 57.9298 41.8498 39.1286 36.7643 28.5891 28.182 21.0353 18.8724 18.6869 18.284 16.9451 16.0352 13.0705 10.5843 8.29213 8.04039 7.36871 4.72465 4.77228 4.67914 3.55583
threshold=8.5215172767639178 6.9069082736969003 2.1191139221191411 9.821540832519533 1.1250749230384829 1.3427467942237856 2.1191139221191411 7.06469750404358 1004.6585083007814 1.380482077598572 13.523136138916017 1.3550063371658327 1.6302110552787783 1010.8400878906251 0.94269180297851574 2.1465531587600712 5.7451350688934335 1009.984588623047 5.5125551223754892 2.0468344688415532 6.0139091014862069 7.6077008247375497 0.62776947021484386 49.651622772216804 2.0854077339172368 0 1.9739224910736086 1007.4893188476564 0.550560623407364 1.5395737290382387
decision_type=2 2 2 2 2 2 2 2 2 2 2 2 2 2 2 10 2 2 2 10 2 2 2 2 8 1 10 2 2 2
left_child=1 5 4 14 -2 16 11 12 -7 -5 17 20 -6 15 -4 21 26 19 23 -10 -3 -13 -20 -12 29 -25 -1 -28 -24 -18
right_child=2 6 3 9 7 8 -8 -9 10 -11 18 13 -14 -15 -16 -17 24 -19 22 -21 -22 -23 28 25 -26 -27 27 -29 -30 -31
leaf_value=-0.24343586730957029 0.18328500985411736 -0.0054913485725328346 0.20733752846539069 0.33307546142563738 0.19652839516876408 0.22224646012188803 0.192320732860426 0.17400715977877748 0.08048363735060779 0.29225373264014598 -0.075330377097674428 0.054355408141851393 0.10250209187192835 0.026158254544564944 0.23338428070520717 0.1732269172872887 -0.047966435108872427 -0.0059882413631957834 -0.014897890715528123 0.17995849820940651 0.059377203640512875 0.098159784082491125 0.088712506671263042 0.10426462748349048 0.049982796522008058 -0.057513858242084208 0.042773661638945991 -0.10385430191534251 0.052283240482372054 0.010869951516678618
leaf_weight=283303 3420 3975 2016 2563 2864 2181 3997 2090 2165 3021 26764 2883 2372 2473 2158 3270 9609 2084 5712 2100 2070 3155 2019 2853 2102 3316 2046 5962 2702 2673
leaf_count=283303 3420 3975 2016 2563 2864 2181 3997 2090 2165 3021 26764 2883 2372 2473 2158 3270 9609 2084 5712 2100 2070 3155 2019 2853 2102 3316 2046 5962 2702 2673
internal_value=-0.000247826 -0.00236268 0.0388683 0.0516142 0.027257 -0.00313054 0.0102152 0.0202148 0.000340923 0.0612342 -0.000279538 0.00775824 0.01478 0.0104415 0.0386291 0.0124713 -0.00371986 0.00578141 -0.00116802 0.00880936 0.00252023 0.00964418 0.0017493 -0.00209246 -0.000890372 0.000550897 -0.00385954 -0.00193964 0.00454787 -0.00167328
internal_weight=399918 379414 20504 9758 10746 357591 21823 7326 51896 5584 49715 17826 5236 11781 4174 9308 305695 6349 43366 4265 6045 6038 10433 32933 14384 6169 291311 8008 4721 12282
internal_count=399918 379414 20504 9758 10746 357591 21823 7326 51896 5584 49715 17826 5236 11781 4174 9308 305695 6349 43366 4265 6045 6038 10433 32933 14384 6169 291311 8008 4721 12282
cat_boundaries=0 1
cat_threshold=8
is_linear=0
shrinkage=0.08


Tree=2
num_leaves=31
num_cat=10
split_feature=44 44 44 5 5 14 29 29 14 28 44 19 26 29 5 5 5 26 24 21 35 21 5 5 5 29 21 5 26 5
split_gain=4122.62 454.872 347.501 153.54 150.594 143.009 101.288 94.1649 85.2807 63.2611 56.1455 35.9044 33.0153 25.8151 25.624 23.5672 22.0618 23.1794 17.8885 14.7674 13.5751 14.0592 10.3182 9.88366 9.76319 8.13788 4.10535 3.90057 3.64366 3.05963
threshold=8.2044548988342303 10.044636726379396 6.2451682090759286 0 1 2.3333357572555546 0.98009872436523449 0.98585128784179699 1.8425517082214358 1003.3646850585939 9.1812677383422869 1.4191292524337771 6.4564626216888437 0.65018463134765636 2 3 4 8.1646938323974627 28.199584960937504 1.3239586949348452 9.7184181213378924 1.6239877343177798 5 6 7 0.69400787353515636 1.6067067980766299 8 7.4704895019531259 9
decision_type=2 2 2 9 9 2 2 2 2 2 2 2 2 2 9 9 9 2 2 2 2 2 9 9 9 2 2 9 2 9
left_child=2 4 8 11 6 16 10 13 22 -10 18 -3 20 -7 -15 -6 17 28 -2 -14 26 -22 25 -21 -19 -1 -11 -28 -4 -18
right_child=1 3 5 -5 15 7 -8 -9 9 12 -12 -13 19 14 -16 -17 29 24 -20 23 21 -23 -24 -25 -26 -27 27 -29 -30 -31
leaf_value=-0.08741200980353242 0.11175999110774783 0.30935895047090273 -0.011018428707980104 0.18017475654915152 0.10439762433227515 0.065121427437606252 0.20811187549477381 0.21500425901798592 0.20559524873146509 -0.10750160919189447 0.16767531626892004 0.2848681781432077 -0.0060223808611604432 0.18090785666130668 0.068310343224855116 0.05436984652760813 -0.00086723932660088762 0.060190824831870451 0.14019957815401241 0.13154101461309822 -0.043784338434438123 0.17790386321365304 -0.21591624261845377 0.035465684714380753 0.10978761642919205 0.0225823918562011 0.0031279622566022141 -0.064548776731084126 0.027226722134984303 -0.054785697421249537
leaf_weight=6534 2042 2309 3271 3536 2746 2919 3577 2269 2684 17016 2902 2001 3777 2144 2305 2264 5830 3369 2447 3310 2423 2023 288804 2370 2292 3999 4984 6878 3823 2993
leaf_count=6534 2042 2309 3271 3536 2746 2919 3577 2269 2684 17016 2902 2001 3777 2144 2305 2264 5830 3369 2447 3310 2423 2023 288804 2370 2292 3999 4984 6878 3823 2993
internal_value=-0.000499397 0.0317657 -0.00254447 0.0475428 0.0239935 0.00553723 0.0292435 0.0136345 -0.00327624 -4.79394e-05 0.0238611 0.0578199 -0.000796524 0.00922309 0.0130531 0.0123817 0.00191625 0.0040407 0.0181827 0.00337298 -0.00198044 0.00213106 -0.00376656 0.00594727 0.00785681 -0.00130124 -0.00261396 -0.00146968 0.000994368 -0.00115934
internal_weight=399841 23824 376017 7846 15978 31215 10968 9637 344802 45465 7391 4310 42781 7368 4449 5010 21578 12755 4489 9457 33324 4446 299337 5680 5661 10533 28878 11862 7094 8823
internal_count=399841 23824 376017 7846 15978 31215 10968 9637 344802 45465 7391 4310 42781 7368 4449 5010 21578 12755 4489 9457 33324 4446 299337 5680 5661 10533 28878 11862 7094 8823
cat_boundaries=0 13 26 39 55 84 97 123 152 181 210
cat_threshold=8 0 0 48 0 0 768 0 0 929792 0 0 12779520 233 0 0 3120 0 0 58112 0 0 929792 0 0 12779520 200 0 0 3072 0 0 126976 0 0 921600 0 0 65536 2 0 0 4864 0 0 65536 0 0 1114112 0 0 2097152 0 0 135266304 1003 0 0 12592 0 0 25344 0 0 143360 0 0 6422528 0 0 134217728 0 0 0 0 0 0 0 0 0 0 0 0 3072 992 0 0 6144 0 0 16896 0 0 0 0 0 65536 392 0 0 5936 0 0 127744 0 0 12288 0 0 65536 0 0 0 0 0 0 0 0 0 0 0 0 128 992 0 0 8448 0 0 8192 0 0 8192 0 0 131072 0 0 0 0 0 0 0 0 0 0 0 0 0 0 0 3072 520 0 0 4880 0 0 78592 0 0 405504 0 0 4259840 0 0 1048576 0 0 0 0 0 0 0 0 0 0 0 0 512 20 0 0 3584 0 0 103424 0 0 1114112 0 0 25231360 0 0 3145728 0 0 0 0 0 0 4 0 0 0 0 0 768
is_linear=0
shrinkage=0.08


Tree=3
num_leaves=31
num_cat=0
split_feature=25 18 25 25 19 14 19 41 41 34 35 34 22 25 7 30 25 21 25 21 22 34 22 26 41 16 25 16 14 34
split_gain=3559.39 404.998 404.472 214.288 127.868 127.029 75.3406 74.0968 62.3923 57.2228 52.1275 37.5829 31.721 22.2436 21.8817 17.7485 17.0559 14.6157 10.5642 10.3829 8.79058 7.45393 6.36179 5.95018 5.79288 4.95184 4.81529 4.5787 3.27757 3.8521
threshold=8.5215172767639178 2.1325036287307744 6.3456244468688974 10.068286418914797 0.94987845420837413 2.3333357572555546 1.2783931493759157 7.6259973049163827 6.4375138282775888 -4.1058044433593741 5.596637725830079 -4.5968322753906241 3.9782524108886723 7.4893727302551278 1.5000000000000002 765.56250000000011 9.4159884452819842 1.6067067980766299 4.6884696483612069 2.1267427206039433 3.7436485290527348 -5.2301635742187491 4.5104026794433603 6.0873730182647714 6.5466954708099374 1.9739224910736086 5.0298435688018808 1.7709712386131289 1.757981061935425 0.31164550781250006
decision_type=2 2 2 2 2 2 2 2 2 2 2 2 2 2 2 2 2 2 2 2 2 2 2 2 2 8 2 8 2 2
left_child=2 4 6 12 -2 13 18 -5 17 -7 21 -12 -3 22 -11 -16 -10 -6 -1 23 24 -8 27 -13 -15 -20 -23 -4 -28 -30
right_child=1 3 5 7 8 9 10 -9 16 14 11 19 -14 20 15 -17 -18 -19 25 -21 -22 26 -24 -25 -26 -27 28 -29 29 -31
leaf_value=-0.24381978488849954 0.14882640036210704 0.14987836097241958 -0.021150074962036844 0.26161100890459138 0.15867447256424672 0.2012981822242853 0.038577039647554281 0.27838047597534482 0.12023631621448823 0.035640390053156147 0.20109025736263583 -0.02459418861111029 0.21795218720660117 0.016656073009106875 0.07569270131336206 0.14579087770982158 0.16170770027371068 0.07607105678703141 -0.059532117825839163 0.16227489169171919 0.093342191134097474 -0.073204707066752514 0.047498423985675872 0.049459805641999165 0.055115414106460224 0.0076869697980937995 -0.048676212943001194 0.025986265929499409 0.05105403017043697 -0.037834601323077068
leaf_weight=267680 2219 2447 6801 2497 2353 2819 2697 2149 2034 2950 2054 5194 2181 2636 2154 3148 2654 2032 22516 3071 2734 26842 3433 2991 2006 3698 3979 4147 3323 2178
leaf_count=267680 2219 2447 6801 2497 2353 2819 2697 2149 2034 2950 2054 5194 2181 2636 2154 3148 2654 2032 22516 3071 2734 26842 3433 2991 2006 3698 3979 4147 3323 2178
internal_value=-0.000707631 0.0316979 -0.00246663 0.044087 0.0214928 0.00601888 -0.00327136 0.0562491 0.0172485 0.0129912 -0.000474523 0.00384685 0.0317827 0.00246667 0.00960929 0.0126792 0.0236628 0.0103527 -0.00376931 0.00202521 0.0060352 -0.00194922 0.000633451 0.000534471 0.00390198 -0.00223521 -0.00225058 -0.000309546 -0.000699685 0.000565414
internal_weight=399617 20566 379051 9274 11292 32828 346223 4646 9073 11071 52329 13310 4628 21757 8252 5302 4688 4385 293894 11256 7376 39019 14381 8185 4642 26214 36322 10948 9480 5501
internal_count=399617 20566 379051 9274 11292 32828 346223 4646 9073 11071 52329 13310 4628 21757 8252 5302 4688 4385 293894 11256 7376 39019 14381 8185 4642 26214 36322 10948 9480 5501
is_linear=0
shrinkage=0.08


Tree=4
num_leaves=31
num_cat=0
split_feature=45 45 45 45 45 45 42 14 29 44 45 45 35 44 43 39 14 21 24 14 45 43 44 43 28 45 45 44 36 3
split_gain=4214.34 579.908 401.464 102.628 64.0084 53.9606 30.4962 40.7734 29.7996 29.7757 28.5246 18.7841 15.6129 12.3018 11.4041 6.16013 6.74955 5.72869 7.40535 5.00656 4.68584 3.6917 3.31172 3.04246 3.85854 3.07736 2.53337 2.08686 2.02835 2.16303
threshold=8.5082440376281756 6.080458641052247 9.4040422439575213 7.4516913890838632 10.109513282775881 4.6028349399566659 8.6852545738220233 2.1751432418823247 0.95535659790039074 5.9681637287139901 8.9095306396484393 6.916698932647706 3.3383369445800786 4.2407696247100839 6.7645437717437753 0.56206417083740245 1.9134355783462527 1.4473899602890017 27.983627319335941 2.017263770103455 3.6968303918838505 6.0086638927459726 2.3737483024597172 4.077977418899537 1009.3571777343751 5.4894165992736825 5.623805284500123 5.3675756454467782 47.11961746215821 1.0000000180025095e-35
decision_type=2 2 2 2 2 2 2 2 2 2 2 2 2 2 2 2 2 2 2 2 2 2 2 2 2 2 2 2 2 2
left_child=1 5 10 9 -4 20 7 -5 -9 -3 -2 17 23 -14 -13 16 -15 21 -19 -16 -1 -11 -22 24 -7 -25 -17 -27 -24 -30
right_child=2 3 4 6 -6 12 -8 8 -10 11 -12 14 13 15 19 26 -18 18 -20 -21 22 -23 28 25 -26 27 -28 -29 29 -31
leaf_value=-0.2666067633341157 0.14088286103191991 0.16590584757256008 0.19091330351434682 0.079362294867662359 0.28403538510471316 0.025859211290962553 0.059825766934446051 0.13041680155028101 0.18262208127692456 0.034550367192458034 0.16276753574450722 0.12008198080270768 0.10179924055841891 -0.016926195375923603 0.015754190054726926 -0.051182086598168641 0.078405092789139111 0.010594551862274641 0.097799904057028209 0.063931125777145464 0.0012266855379892477 -0.0062157080274457587 -0.1063586377443622 -0.067778621087583452 -0.041315518185347892 0.016947814426734292 0.013107386783641675 -0.033892958177095284 -0.021046797786760552 -0.15027254524177194
leaf_weight=257184 3219 3778 3138 3251 3127 2630 3638 2160 2047 2577 3064 2070 2782 2035 2183 6039 2364 3045 3054 3327 2040 6802 32448 19132 2355 2062 3355 8904 3936 2166
leaf_count=257184 3219 3778 3138 3251 3127 2630 3638 2160 2047 2577 3064 2070 2782 2035 2183 6039 2364 3045 3054 3327 2040 6802 32448 19132 2355 2062 3355 8904 3936 2166
internal_value=-0.000911899 -0.0023905 0.0446988 0.00700311 0.0590374 -0.00341038 0.0134716 0.0164017 0.0216011 0.00432452 0.0303302 0.00324293 -0.0010233 0.000999698 0.00650329 1.94151e-05 0.00248673 0.00164308 0.00354952 0.00458696 -0.00382444 0.000400894 -0.00302365 -0.00197909 -0.000148149 -0.00228219 -0.00113739 -0.0012121 -0.00318983 -0.00184686
internal_weight=399912 387364 12548 37932 6265 349432 11096 7458 4207 26836 6283 23058 51658 16575 7580 13793 4399 15478 6099 5510 297774 9379 40590 35083 4985 30098 9394 10966 38550 6102
internal_count=399912 387364 12548 37932 6265 349432 11096 7458 4207 26836 6283 23058 51658 16575 7580 13793 4399 15478 6099 5510 297774 9379 40590 35083 4985 30098 9394 10966 38550 6102
is_linear=0
shrinkage=0.08


Tree=5
num_leaves=31
num_cat=10
split_feature=45 45 45 45 45 45 44 5 43 5 5 16 5 35 5 45 27 14 5 13 5 45 5 43 21 44 10 5 43 5
split_gain=3456.68 493.873 368.749 96.4077 46.3992 42.8452 28.4027 26.9866 26.5556 21.4647 20.9696 19.4867 16.7497 12.3321 12.6127 11.7189 11.5984 7.35339 7.04156 6.46198 5.54055 4.42168 3.99324 3.7138 3.68254 3.24213 3.64761 2.98578 2.36916 2.3364
threshold=8.5082440376281756 5.8700065612792978 9.710975646972658 7.3282542228698739 9.1399879455566424 4.4088222980499276 5.649909734725953 0 7.4792280197143564 1 2 1.9390580058097842 3 3.3383369445800786 4 6.6695342063903817 1009.3226623535157 2.2550953626632695 5 1.1833652257919314 6 3.4326308965682988 7 6.7645437717437753 1.509310841560364 5.7700424194335946 1.9550150036811831 8 4.077977418899537 9
decision_type=2 2 2 2 2 2 2 9 2 9 9 8 9 2 9 2 2 2 9 2 9 2 9 2 2 2 2 9 2 9
left_child=1 5 4 6 7 21 16 -2 -5 -10 -4 19 15 18 -15 -13 -3 -11 28 22 -21 -1 -8 -14 29 26 -26 -23 -7 -16
right_child=2 3 10 8 -6 13 11 -9 9 17 -12 12 23 14 24 -17 -18 -19 -20 20 -22 27 -24 -25 25 -27 -28 -29 -30 -31
leaf_value=-0.26134055843701531 0.15225340870137566 0.19933755698566238 0.25205095917493808 0.14983376155442865 0.1596207556746137 0.021482849779881276 0.0092323771670533399 0.11503323933713451 0.10336126677584583 0.02695394472580594 0.20986931434289255 0.071153109878939955 0.069341052193558544 0.12185508876534024 0.0010257844268237192 0.1152568630407302 0.061184463104949391 0.074743024096149663 -0.059772973876048012 0.05456100131853181 0.0036499464514569029 -0.067872413952772187 -0.029083087155160885 -0.001560781428945894 0.059811798600457572 -0.036827705182880956 -0.0040937524110986811 -0.11809612905832899 -0.023847579297415246 -0.047630793770475383
leaf_weight=243153 2709 2202 2639 3638 3008 2043 3840 2148 3253 2607 2113 3527 3162 2419 2669 2628 2020 3202 24776 2150 3136 14152 5417 3424 2231 2135 2023 33053 10155 4381
leaf_count=243153 2709 2202 2639 3638 3008 2043 3840 2148 3253 2607 2113 3527 3162 2419 2669 2628 2020 3202 24776 2150 3136 14152 5417 3424 2231 2135 2023 33053 10155 4381
internal_value=-0.00107947 -0.00242202 0.0401118 0.00553591 0.0294171 -0.0034472 0.00316208 0.0244775 0.0114178 0.00908201 0.0577136 0.00221528 0.00449816 -0.00135135 0.000514746 0.0074915 0.00926087 0.00611494 -0.00215163 0.000213563 0.0024426 -0.00382849 -0.00106054 0.00167968 -0.000445502 0.000944522 0.00221951 -0.00311808 -0.000575545 -0.00170538
internal_weight=400013 387396 12617 44206 7865 343190 31506 4857 12700 9062 4752 27284 12741 52832 15858 6155 4222 5809 36974 14543 5286 290358 9257 6586 13439 6389 4254 47205 12198 7050
internal_count=400013 387396 12617 44206 7865 343190 31506 4857 12700 9062 4752 27284 12741 52832 15858 6155 4222 5809 36974 14543 5286 290358 9257 6586 13439 6389 4254 47205 12198 7050
cat_boundaries=0 13 42 55 71 90 122 151 180 206 219
cat_threshold=392 0 0 7184 0 0 57344 0 0 925696 0 0 12713984 328 0 0 6144 0 0 49152 0 0 917504 0 0 31588352 0 0 0 0 0 0 0 0 0 0 0 0 0 0 0 512 65 0 0 16 0 0 768 0 0 12288 0 0 4259840 488 0 0 7168 0 0 122880 0 0 1712128 0 0 16777216 0 0 135266304 0 0 0 48 0 0 768 0 0 929792 0 0 8388608 0 0 0 0 0 33554432 568 0 0 8192 0 0 0 0 0 262144 0 0 23265280 0 0 1048576 0 0 0 0 0 0 8 0 0 225 0 0 3712 0 0 32768 14 0 0 8752 0 0 70400 0 0 1126400 0 0 4325376 0 0 0 0 0 0 0 0 0 0 0 0 128 0 0 3584 938 0 0 8960 0 0 49664 0 0 602112 0 0 0 0 0 2097152 0 0 0 0 0 0 0 0 0 128 0 0 3584 916 0 0 10080 0 0 155648 0 0 2498560 0 0 25165824 0 0 402653184 0 0 134217728 0 0 2147483648 3 0 0 4 346 0 0 7040 0 0 20480 0 0 65536 0 0 23265280
is_linear=0
shrinkage=0.08


Tree=6
num_leaves=31
num_cat=9
split_feature=45 45 45 45 45 45 22 22 25 5 44 5 22 5 5 29 5 15 41 34 5 45 5 12 39 5 15 34 5 26
split_gain=2733.41 389.093 357.308 87.2965 47.8574 45.8538 34.678 33.0766 39.7317 47.1846 22.6043 20.1175 12.6005 12.6789 12.1866 8.81296 8.51203 6.99675 6.68899 5.94352 7.664 4.89387 4.62926 3.51439 3.90368 3.5009 3.1564 2.92452 2.45475 1.77897
threshold=8.3340916633605975 10.109513282775881 5.9218361377716073 9.1399879455566424 7.0102374553680429 4.3359985351562509 2.9511451721191411 4.8136711120605478 8.3661756515502947 0 5.5328319072723398 1 4.0612220764160165 2 3 0.99027633666992199 4 2.4702236652374272 5.9263112545013437 0.61172485351562511 5 3.4606611728668217 6 1.1365138888359072 0.77141776680946361 7 1.7530044913291933 -4.0555419921874991 8 7.6164891719818124
decision_type=2 2 2 2 2 2 2 2 2 9 2 9 2 9 9 2 9 8 2 2 9 2 9 2 2 9 8 2 9 2
left_child=2 3 5 6 10 21 -2 14 9 -9 -4 -5 17 -14 -6 16 19 22 -19 20 -12 -1 -7 -16 -25 27 -15 -23 -28 -22
right_child=1 -3 4 11 7 12 -8 8 -10 -11 15 -13 13 26 23 -17 -18 18 -20 -21 29 25 -24 24 -26 -27 28 -29 -30 -31
leaf_value=-0.23917160096233248 0.080142256483381344 0.23849769517813132 0.1281378271092336 0.16857631442228313 0.074583620832085334 -0.017599893066436924 0.14801092666649079 0.20347930749504003 0.041014199443291766 0.072121833963896015 0.095581783789806973 0.13421091975905827 0.11251539779281529 -0.03136662731261549 0.00052181658469917865 0.069407991652252671 -0.018572436057497081 0.040984605100032337 -0.085790518205626845 -0.0068754494767714848 -0.0067832283586726208 0.0066826897072583711 -0.061334482229213373 0.061079533160540697 0.025323556109262315 -0.11457457172038035 0.039173625188343032 -0.083356065122062742 -0.0055520640739661325 0.028179243469126682
leaf_weight=244425 2906 3085 3216 2068 2395 10303 3455 2033 2529 2289 3032 2563 2491 5607 2016 3475 7314 3069 2177 3445 2060 2523 28957 2092 2483 27150 2429 12981 2766 2608
leaf_count=244425 2906 3085 3216 2068 2395 10303 3455 2033 2529 2289 3032 2563 2491 5607 2016 3475 7314 3069 2177 3445 2060 2523 28957 2092 2483 27150 2429 12981 2766 2608
internal_value=-0.00129418 0.0333195 -0.00255777 0.0262309 0.00450306 -0.00339702 0.0200904 0.00794674 0.0121318 0.0167849 0.00233227 0.0346037 -0.0013409 0.000819964 0.00474611 0.00141196 0.000714927 -0.00198634 0.000756468 0.00210479 0.00334111 -0.00381093 -0.00235294 0.002946 0.00417448 -0.00301838 -0.000370358 -0.00205205 0.00104899 0.0012901
internal_weight=399942 14077 385865 10992 40987 344878 6361 15837 6851 4322 25150 4631 57799 13293 8986 21934 18459 44506 5246 11145 7700 287079 39260 6591 4575 42654 10802 15504 5195 4668
internal_count=399942 14077 385865 10992 40987 344878 6361 15837 6851 4322 25150 4631 57799 13293 8986 21934 18459 44506 5246 11145 7700 287079 39260 6591 4575 42654 10802 15504 5195 4668
cat_boundaries=0 13 26 45 74 103 132 164 193 222
cat_threshold=65 0 0 7184 0 0 58112 0 0 929792 0 0 12779520 233 0 0 32 0 0 16384 0 0 274432 0 0 12648448 2 0 0 2096 0 0 768 0 0 798720 0 0 16842752 0 0 0 0 0 33554432 72 0 0 1040 0 0 98304 0 0 524288 0 0 14680064 0 0 0 0 0 0 0 0 0 0 0 0 0 0 0 2560 936 0 0 13824 0 0 127232 0 0 1978368 0 0 4325376 0 0 134217728 0 0 0 0 0 0 0 0 0 128 0 0 3584 128 0 0 1536 0 0 114944 0 0 786432 0 0 0 0 0 134217728 0 0 0 0 0 0 0 0 0 128 0 0 3072 616 0 0 8192 0 0 0 0 0 262144 0 0 16973824 0 0 0 0 0 0 0 0 0 12 0 0 224 0 0 3712 0 0 32768 916 0 0 10080 0 0 221184 0 0 2490368 0 0 25165824 0 0 402653184 0 0 50331648 0 0 0 3 0 0 5 0 0 512 353 0 0 4352 0 0 94208 0 0 2228224 0 0 10616832 0 0 0 0 0 0 0 0 0 0 0 0 0 0 0 512
is_linear=0
shrinkage=0.08


Tree=7
num_leaves=31
num_cat=11
split_feature=25 5 25 25 14 5 19 29 27 27 37 19 5 5 26 5 29 5 26 29 5 15 6 28 19 37 43 5 5 5
split_gain=1530.58 250.784 227.262 219.546 68.8266 64.4898 62.9915 42.9305 40.2682 37.4143 35.9535 36.2127 18.788 18.1368 16.1722 15.0211 14.245 12.553 12.1738 8.97732 6.42559 6.20628 5.40399 8.12189 5.11937 5.00864 4.30326 4.19123 4.01845 3.10931
threshold=8.5215172767639178 0 6.2743792533874521 10.689398765563967 2.5414342880249028 1 1.2783931493759157 0.98488998413085949 1004.4049072265626 1007.1914062500001 -0.16605332493782041 1.4593551158905032 2 3 8.4448843002319354 4 0.84360504150390636 5 6.1301016807556161 0.79302215576171886 6 2.9597847461700444 7 1008.4165649414064 1.5838987827301028 1.0077741146087649 4.2252845764160165 8 9 10
decision_type=2 9 2 2 2 9 2 2 2 2 2 2 9 9 2 9 2 9 2 2 9 8 1 2 2 2 2 9 9 9
left_child=2 3 6 9 13 10 18 12 -8 -2 -3 -12 -6 14 22 -7 21 24 -1 -16 25 29 23 -4 -18 -20 -19 -28 -15 -10
right_child=1 5 4 -5 7 15 8 -9 16 -11 11 -13 -14 28 19 -17 17 26 20 -21 -22 -23 -24 -25 -26 -27 27 -29 -30 -31
leaf_value=-0.18029120402538953 0.18191540892212169 0.093244753151284249 0.0033540810212013723 0.21036752179266874 0.1217777836394196 0.062214005717407588 0.15187862135686617 0.18493004292844822 0.01265488766461465 0.090843794551270382 0.12443906318422364 0.11301786281119455 0.035073109890738238 0.0050913899667072203 0.040898402307155211 0.018598281804258134 0.042927013638939936 -0.047685005771920481 -0.028216110779461966 0.087656910041727945 -0.069750361176573669 0.024353351649565137 -0.017267662894393482 0.063352007672343252 0.13510943847552359 0.029583901001624734 0.036060123178969845 -0.013028965143543639 -0.037161608133894984 -0.06532561622566134
leaf_weight=265559 2504 2769 3489 2747 2492 3391 2125 2008 2049 2023 2425 2335 3986 6548 2327 2426 2047 5111 6766 3121 19301 3785 2992 2227 2426 2039 2001 2496 5107 29615
leaf_count=265559 2504 2769 3489 2747 2492 3391 2125 2008 2049 2023 2425 2335 3986 6548 2327 2426 2047 5111 6766 3121 19301 3785 2992 2227 2426 2039 2001 2496 5107 29615
internal_value=-0.00145627 0.0197654 -0.00260948 0.0317115 0.00360078 0.0132019 -0.00322636 0.00984652 -0.000649957 0.0208534 0.0180956 0.0223396 0.00665968 0.00154432 0.00346614 0.00682748 -0.00111344 0.00103868 -0.00367951 0.00688311 -0.00209504 -0.00196836 0.00132691 0.00276429 0.00452882 -0.000301417 -0.000593271 0.00120967 -0.000793149 -0.00233428
internal_weight=400237 20620 379617 7274 34297 13346 345320 8486 51655 4527 7529 4760 6478 25811 14156 5817 49530 14081 293665 5448 28106 35449 8708 5716 4473 8805 9608 4497 11655 31664
internal_count=400237 20620 379617 7274 34297 13346 345320 8486 51655 4527 7529 4760 6478 25811 14156 5817 49530 14081 293665 5448 28106 35449 8708 5716 4473 8805 9608 4497 11655 31664
cat_boundaries=0 13 29 45 74 90 103 132 133 146 175 204
cat_threshold=1 0 0 16 0 0 768 0 0 405504 0 0 4390912 232 0 0 1024 0 0 57344 0 0 524288 0 0 8388608 0 0 134217728 192 0 0 3088 0 0 90112 0 0 851968 0 0 4194304 0 0 1048576 491 0 0 4656 0 0 66304 0 0 143360 0 0 14876672 0 0 134217728 0 0 0 0 0 0 0 0 0 256 0 0 3072 0 0 0 6688 0 0 4096 0 0 1114112 0 0 18874368 0 0 1048576 35 0 0 1840 0 0 45824 0 0 12288 0 0 65536 936 0 0 16128 0 0 185088 0 0 3088384 0 0 31653888 0 0 0 0 0 0 0 0 0 0 0 0 33 0 0 128 6 844 0 0 0 0 0 81920 0 0 1572864 0 0 16777216 528 0 0 10496 0 0 28672 0 0 1114112 0 0 16777216 0 0 1048576 0 0 0 0 0 0 4 0 0 0 0 0 512 8 0 0 0 0 0 69632 0 0 0 0 0 0 0 0 0 0 0 0 0 0 0 0 0 0 192 0 0 2560
is_linear=0
shrinkage=0.08


Tree=8
num_leaves=31
num_cat=2
split_feature=45 45 45 45 45 45 22 18 22 35 22 28 17 16 41 18 8 31 11 37 41 9 26 16 20 15 29 0 16 15
split_gain=1761.42 308.196 279.379 51.3106 44.9971 25.6809 23.7735 28.2283 19.465 17.0776 16.5489 9.62274 7.47283 6.73415 6.54181 9.20703 6.11218 5.77341 5.40087 5.32298 4.59169 3.78449 3.55241 3.34093 3.39598 3.2525 2.59424 2.89993 1.75223 1.68019
threshold=8.3340916633605975 10.109513282775881 5.3565235137939462 6.916698932647706 8.9095306396484393 3.6338648796081547 4.8136711120605478 2.0549753904342656 4.2328834533691415 4.6286582946777353 2.4790763854980473 1004.0359497070314 1.9525086879730227 1.5085912346839907 5.7524318695068368 1.9821470379829409 0 83.854152679443374 1.2679262161254885 -0.14731109142303464 6.5466954708099374 1 7.5415465831756601 2.3955131769180302 1.7644484639167788 1.9612778425216677 0.11103820800781251 15.250000000000002 1.8744939565658572 1.4655213952064516
decision_type=2 2 2 2 2 2 2 2 2 2 2 2 8 8 2 2 1 2 2 2 2 1 2 8 2 8 2 2 10 8
left_child=2 4 5 9 10 29 12 20 -6 18 -2 -11 19 21 15 23 17 -13 25 -5 -8 -7 -19 -15 -25 -4 -20 28 -28 -1
right_child=1 -3 3 6 8 13 7 -9 -10 11 -12 16 -14 14 -16 -17 -18 22 26 -21 -22 -23 -24 24 -26 -27 27 -29 -30 -31
leaf_value=-0.20891605174382755 0.056336444755324608 0.20348919034016377 -0.027714856143241484 -0.0040220090949832817 0.09487945969635081 0.0043359972367324516 0.073191543371538645 0.14270688180575153 0.14788673444579828 0.11329032872376552 0.1190706311557329 0.087245039009542627 0.074464732772589401 -0.03842564333562494 -0.1021276633203415 0.052511219004980528 -0.005531600359941706 0.049080012033337853 -0.026066947349247666 0.036288940198542445 0.049186437330439363 -0.079784792452467695 -0.0039237910305759318 0.034541343158926714 -0.037717533582942026 0.029627536375998603 0.026784628527619762 0.055238327531009761 -0.006397003023424626 -0.12465169879769823
leaf_weight=230062 2111 3127 12888 3329 2831 2066 3166 2130 3288 2311 2721 3778 3227 22941 9579 2819 3891 2891 2009 3513 2188 29280 2868 2324 2799 2038 2059 3952 3776 23290
leaf_count=230062 2111 3127 12888 3329 2831 2066 3166 2130 3288 2311 2721 3778 3227 22941 9579 2819 3891 2891 2009 3513 2188 29280 2868 2324 2799 2038 2059 3952 3776 23290
internal_value=-0.00157122 0.0262129 -0.00258738 0.00242743 0.0198555 -0.00351299 0.00606434 0.00947745 0.0244223 0.000922888 0.0140339 0.00301251 0.00352059 -0.00217706 -0.00149457 -0.00092746 0.00218842 0.00327768 -0.000308545 0.00201868 0.00635794 -0.00305728 0.00167863 -0.00136553 0.000480809 -0.00131923 0.000970353 0.00150781 0.000372967 -0.00389154
internal_weight=399252 14078 385174 60014 10951 325160 17553 7484 6119 42461 4832 15739 10069 71808 40462 30883 13428 9537 26722 6842 5354 31346 5759 28064 5123 14926 11796 9787 5835 253352
internal_count=399252 14078 385174 60014 10951 325160 17553 7484 6119 42461 4832 15739 10069 71808 40462 30883 13428 9537 26722 6842 5354 31346 5759 28064 5123 14926 11796 9787 5835 253352
cat_boundaries=0 1 2
cat_threshold=2 8
is_linear=0
shrinkage=0.08


Tree=9
num_leaves=31
num_cat=9
split_feature=45 45 45 45 45 34 5 22 5 44 44 10 5 35 44 5 5 22 5 29 5 9 5 2 37 45 2 34 34 34
split_gain=1411.12 277.348 232.158 45.112 35.286 30.9158 26.317 23.5424 28.3813 26.6638 18.0669 15.8001 10.7114 9.8232 8.21529 8.11881 7.47721 6.14706 7.96148 5.58529 5.26091 4.97707 4.57705 3.76799 2.71927 2.58445 2.47063 2.67909 2.24549 2.22166
threshold=8.5082440376281756 5.5783817768096933 10.109513282775881 6.916698932647706 3.7905827760696416 -6.7512817382812491 0 3.1371116638183598 1 8.0776219367980975 5.4233500957489023 2.1372601985931401 2 6.2508583068847665 2.9375203847885136 3 4 3.6778450012207036 5 0.99178695678710949 6 7 8 1.0000000180025095e-35 1.2829384803771975 4.8847477436065683 1.0000000180025095e-35 -3.3653259277343746 -3.4123840332031246 -2.4807434082031246
decision_type=2 2 2 2 2 2 9 2 9 2 2 2 9 2 2 9 9 2 9 2 9 1 9 2 2 2 2 2 2 2
left_child=1 4 5 10 23 -2 -7 12 9 -9 13 -8 -5 -3 15 -6 -12 20 -19 21 25 -18 -10 -1 -23 -16 -20 -28 -25 -14
right_child=2 3 -4 7 14 6 11 8 22 -11 16 -13 29 -15 17 -17 19 18 26 -21 -22 24 -24 28 -26 -27 27 -29 -30 -31
leaf_value=-0.19371694265494135 0.16893687300138005 0.036025765290507931 0.18599508723774336 0.054139475216957424 0.042971414924604476 0.10471475414438258 0.049912872479155358 0.17546690169547322 0.064508086506327486 0.072168641739993045 -0.01948321456281445 0.087466024690586064 -0.0055497518265458581 0.14385873686036435 -0.048601590902103697 -0.051457499963099881 0.055134019847083014 0.063612693137411719 -0.086366179613920985 0.088383182875276314 -0.06432581162255388 -0.0069762297818938505 0.01902283159849278 -0.010820702808120206 0.033034621104824066 -0.00081445030787396903 0.020885876118768066 -0.030434634835660591 -0.10588302942146736 0.027420145223816559
leaf_weight=233547 2013 3783 3112 3489 2846 2777 2202 2167 3244 2031 10130 2396 3176 2032 11930 2617 2568 2274 2601 2228 34588 10704 2160 2017 3141 6021 2042 6708 26762 2735
leaf_count=233547 2013 3783 3112 3489 2846 2777 2202 2167 3244 2031 10130 2396 3176 2032 11930 2617 2568 2274 2601 2228 34588 10704 2160 2017 3141 6021 2042 6708 26762 2735
internal_value=-0.0016906 -0.00254419 0.0247546 0.00279801 -0.00340149 0.0184431 0.0160027 0.00592847 0.00871327 0.0136387 0.00107689 0.0121455 0.00307758 0.00513991 -0.00182738 0.00115257 0.000254195 -0.00207356 -0.000558857 0.00120444 -0.00246619 0.000693417 0.00483481 -0.00383121 9.08754e-05 -0.00135129 -0.00142503 -0.000780823 -0.00296488 0.000990726
internal_weight=400041 387541 12500 53588 333953 9388 7375 19002 9602 4198 34586 4598 9400 5815 71627 5463 28771 66164 13625 18641 52539 16413 5404 262326 13845 17951 11351 8750 28779 5911
internal_count=400041 387541 12500 53588 333953 9388 7375 19002 9602 4198 34586 4598 9400 5815 71627 5463 28771 66164 13625 18641 52539 16413 5404 262326 13845 17951 11351 8750 28779 5911
cat_boundaries=0 10 23 52 84 113 132 164 165 181
cat_threshold=233 0 0 4112 0 0 16384 0 0 8192 33 0 0 6160 0 0 58112 0 0 991232 0 0 31653888 73 0 0 16 0 0 65536 0 0 659456 0 0 12582912 0 0 1048576 0 0 0 0 0 0 0 0 0 0 0 0 3584 248 0 0 16128 0 0 9472 0 0 663552 0 0 29491200 0 0 134217728 0 0 16777216 0 0 0 0 0 0 256 0 0 8704 0 0 65536 87 0 0 240 0 0 204544 0 0 2146304 0 0 10747904 0 0 2097152 0 0 50331648 0 0 536870912 2 0 0 96 0 0 4352 0 0 0 48 0 0 49920 0 0 536576 0 0 25165824 0 0 0 0 0 33554432 524 0 0 12288 0 0 131072 0 0 401408 0 0 31653888 0 0 134217728 0 0 0 0 0 0 0 0 0 225 0 0 3712 0 0 49152 20 456 0 0 1536 0 0 69632 0 0 4096 0 0 0 0 0 1048576
is_linear=0
shrinkage=0.08


Tree=10
num_leaves=31
num_cat=1
split_feature=45 45 45 45 45 43 10 43 14 15 27 20 43 15 27 45 20 14 41 27 38 45 37 9 31 41 41 43 1 15
split_gain=1145.02 274.286 144.037 46.6169 39.8926 29.5311 21.0586 16.1461 18.4694 14.1622 13.3768 20.4781 23.702 8.89423 7.06985 6.67208 5.80417 5.6273 5.35234 5.4626 6.0007 6.17258 5.0556 4.72903 4.45925 3.92804 3.1066 6.61827 3.00714 2.70855
threshold=8.6937646865844744 5.6693043708801278 10.109513282775881 7.4516913890838632 3.6026744842529301 9.8988881111145037 1.9267734289169314 8.7121801376342791 2.5414342880249028 1.3519037961959841 1010.7497558593751 1.8754565119743349 7.60522484779358 1.6234052181243899 1004.4049072265626 6.5914070606231698 1.8550251722335818 2.6715538501739506 5.9263112545013437 1010.3123474121095 0.70971858501434337 4.9262657165527353 0.86531996726989757 0 35.941522598266609 6.6607956886291513 6.6031701564788827 6.0086638927459726 88.750000000000014 2.6703659296035771
decision_type=2 2 2 2 2 2 2 2 2 8 2 2 2 8 2 2 2 2 2 2 2 2 2 1 2 2 2 2 2 8
left_child=1 4 5 9 -1 6 -2 8 22 -3 11 15 17 23 -15 26 -12 -13 19 20 21 28 -5 -6 -21 -17 27 -11 -16 -26
right_child=2 3 -4 7 13 -7 -8 -9 -10 10 16 12 -14 14 18 25 -18 -19 -20 24 -22 -23 -24 -25 29 -27 -28 -29 -30 -31
leaf_value=-0.17145331119571253 0.081273816516356914 -0.010737720228821657 0.17220975028118687 0.037674379177351017 -0.0020341848450273954 0.083235918410747442 0.1308758683173076 0.032987838920228135 0.13239920005558165 0.065618823898141651 0.02100797865860787 0.1370457230551447 0.0070497556030175955 0.067327912745519289 0.025648648953461348 0.06130144205274278 -0.030072349835161414 0.20932809391676249 -0.087911079506726011 0.020599780434685831 -0.042740709437496846 0.075098444367231162 0.079691890076188335 -0.057427234085070833 -0.052073500279188778 0.015634066669395034 -0.053939357510953218 -0.0060345442606527522 -0.027410174074515098 0.0052361863425579866
leaf_weight=252590 2273 11045 3141 2888 4286 2569 2827 4849 2876 2250 4370 2010 2019 2353 3182 3413 3873 2028 7896 2113 3600 2355 2100 42644 10694 2479 2008 4018 3127 2049
leaf_count=252590 2273 11045 3141 2888 4286 2569 2827 4849 2876 2250 4370 2010 2019 2353 3182 3413 3873 2028 7896 2113 3600 2355 2100 42644 10694 2479 2008 4018 3127 2049
internal_value=-0.00178474 -0.00249848 0.0238854 0.00289563 -0.00333476 0.0179351 0.0214638 0.00710744 0.00934519 0.00153905 0.0024822 0.00358883 0.00747849 -0.00182752 -0.000906285 0.00192185 -0.000234098 0.0110099 -0.0011918 -0.000657576 0.000591819 0.00173207 0.00638015 -0.00256072 -0.00168869 0.00397696 0.000455707 0.00133291 0.00042475 -0.00225296
internal_weight=399925 389115 10810 52226 336889 7669 5100 12713 7864 39513 28468 20225 6057 84299 37369 14168 8243 4038 35016 27120 12264 8664 4988 46930 14856 5892 8276 6268 6309 12743
internal_count=399925 389115 10810 52226 336889 7669 5100 12713 7864 39513 28468 20225 6057 84299 37369 14168 8243 4038 35016 27120 12264 8664 4988 46930 14856 5892 8276 6268 6309 12743
cat_boundaries=0 1
cat_threshold=8
is_linear=0
shrinkage=0.08


Tree=11
num_leaves=31
num_cat=1
split_feature=45 45 45 45 22 45 43 32 45 18 35 43 41 22 18 27 18 9 27 24 27 10 29 21 27 32 43 0 27 28
split_gain=893.849 204.051 154.118 36.9202 31.74 22.6831 19.5355 18.0898 14.2661 14.2495 8.76979 10.4332 13.0136 8.31933 8.49918 8.24274 16.2527 5.96489 4.7173 4.44736 8.79798 3.85241 3.05736 2.94276 3.2399 2.86782 2.97865 2.74488 2.53818 3.90123
threshold=8.3340916633605975 4.9701497554779062 10.109513282775881 6.5914070606231698 2.0785331726074223 3.2186448574066167 6.3496654033660898 793.39987182617199 9.1399879455566424 1.8260526657104494 2.6192665100097661 5.8171687126159677 6.6607956886291513 5.5632591247558603 1.7589766383171084 1009.8577270507814 1.5611246824264529 0 1007.4893188476564 28.323699951171879 1008.7355957031251 0.88451245427131664 0.054439544677734382 1.0576321482658388 1004.5337829589845 514.81082153320324 6.2802684307098398 12.250000000000002 1008.7355957031251 1010.6177978515626
decision_type=2 2 2 2 2 2 2 2 2 2 2 2 2 2 2 2 2 1 2 2 2 2 2 2 2 2 2 2 2 2
left_child=1 5 4 10 -2 -1 9 -6 -9 -5 21 12 15 19 -15 16 -12 18 -7 -8 27 -3 -23 -19 -25 -24 28 -21 -27 -30
right_child=2 3 -4 6 7 17 13 8 -10 -11 11 -13 -14 14 -16 -17 -18 23 -20 20 -22 22 25 24 -26 26 -28 -29 29 -31
leaf_value=-0.17624228140956558 0.051328953020628725 -0.032370544128445831 0.15753932562073958 0.060089007132224932 0.14285919691254367 0.028939308683267728 -0.0020597358223852749 0.073842426880891474 0.098990806599410813 0.17946398843592068 0.015660948553063686 -0.0094382994671527772 -0.058109590135150622 0.023262234113480038 0.080107680278627746 0.0044027488334473907 0.13622511207864874 -0.077063303570009623 -0.041526622884077213 -0.01610245718322079 0.048154101833527009 -0.049888863163960309 0.033632430192463939 0.021795274546245524 -0.050252609485254097 -0.017439958247233007 -0.030173480824483553 0.036480591181330159 0.035423950068761555 -0.017056033087957639
leaf_weight=230356 3940 7878 3111 2507 2093 2738 5890 2375 2669 2030 2303 10456 2206 3335 3593 2417 3277 35028 5895 2159 2035 3538 2080 2137 35765 3958 5053 2253 4441 2480
leaf_count=230356 3940 7878 3111 2507 2093 2738 5890 2375 2669 2030 2303 10456 2206 3335 3593 2417 3277 35028 5895 2159 2035 3538 2080 2137 35765 3958 5053 2253 4441 2480
internal_value=-0.00186533 -0.00259074 0.0178481 0.00118924 0.0134078 -0.00348617 0.00378263 0.0165905 0.0139422 0.00850055 -4.36762e-05 0.00121941 0.00303809 0.0026677 0.0048844 0.00453753 0.0062254 -0.00233916 -0.000348088 0.00141994 0.00287006 -0.000930499 -0.000376624 -0.00257437 -0.00208504 4.61648e-05 -0.000319158 0.00085753 0.000426484 0.00134988
internal_weight=399996 385808 14188 73889 11077 311919 23802 7137 5044 4537 50087 20659 10203 19265 6928 7997 5580 81563 8633 12337 6447 29428 21550 72930 37902 18012 15932 4412 10879 6921
internal_count=399996 385808 14188 73889 11077 311919 23802 7137 5044 4537 50087 20659 10203 19265 6928 7997 5580 81563 8633 12337 6447 29428 21550 72930 37902 18012 15932 4412 10879 6921
cat_boundaries=0 1
cat_threshold=10
is_linear=0
shrinkage=0.08


Tree=12
num_leaves=31
num_cat=10
split_feature=45 45 45 28 45 44 45 45 5 5 43 5 44 9 17 5 5 5 9 44 41 13 42 33 27 5 33 41 16 5
split_gain=731.027 158.416 153.362 32.7986 23.9201 24.2173 22.9898 19.8553 18.9255 11.4109 10.8929 11.2309 9.82239 10.4761 8.6131 7.63864 6.33842 5.9485 5.51398 5.01794 4.3884 4.15879 5.35015 5.79153 4.10907 6.32437 4.78497 3.00796 2.6506 3.50263
threshold=8.0164294242858904 4.8847477436065683 10.109513282775881 1001.7971801757814 6.2521722316741952 6.1077740192413339 3.0529260635375981 8.9095306396484393 0 1 9.2575039863586444 2 4.8545155525207528 3 1.6498420238494875 4 5 6 7 8.0776219367980975 5.5784778594970712 1.2761923074722292 8.2374863624572772 16.925760269165043 1010.7497558593751 8 21.227711677551273 6.7188923358917245 1.7052245140075686 9
decision_type=2 2 2 2 2 2 2 2 9 9 2 9 2 1 8 9 9 9 1 2 2 2 2 2 2 9 2 2 8 9
left_child=1 6 3 -2 12 -6 -1 10 -9 14 11 -5 13 16 -7 20 -3 27 -17 -16 24 -11 23 -23 25 26 -8 28 -14 -30
right_child=2 4 -4 7 5 9 15 8 -10 21 -12 -13 17 -15 19 18 -18 -19 -20 -21 -22 22 -24 -25 -26 -27 -28 -29 29 -31
leaf_value=-0.17245155217607008 0.13506582186790247 0.055415217076281255 0.1448719957407596 0.076229720711864693 0.12399604475339177 0.013891464706785095 0.056751657132917938 0.089320347246970772 0.051216895212074849 -0.0080861458577536679 0.018223449929789842 0.039618378693974103 -0.013299069244580247 0.068989708818958523 0.090318432318446523 0.012272310657267112 -0.023101265221544664 -0.034868349542261069 -0.072471037658613055 0.042636486867967366 -0.096193771550636631 0.09531322616567002 -0.025808569483591733 0.0067688116115956053 -0.040013015415703207 -0.027304365053103821 -0.00015099584404232576 -0.06449585789744075 0.057692922336846968 0.0011812000561634379
leaf_weight=219492 2022 2004 3121 2838 2858 4026 2147 2343 2610 8335 2238 2078 6731 3324 3616 2932 4561 17745 53859 2091 5052 2183 2054 3283 11231 11545 2759 2481 2977 5604
leaf_count=219492 2022 2004 3121 2838 2858 4026 2147 2343 2610 8335 2238 2078 6731 3324 3616 2932 4561 17745 53859 2091 5052 2183 2054 3283 11231 11545 2759 2481 2977 5604
internal_value=-0.00193368 -0.0026596 0.0141715 0.0106121 0.000668461 0.00248721 -0.00345519 0.00902302 0.0129172 0.00170513 0.00631267 0.00841575 -0.000470719 0.00175816 0.00385809 -0.00237427 -0.000100229 -0.00109126 -0.00293542 0.00585832 -0.00139879 0.000379212 0.00174236 0.00304894 -0.00100275 -0.000197073 0.00220382 -5.68134e-05 0.000362354 0.00129391
internal_weight=400140 382890 17250 14129 73873 28446 309017 12107 4953 25588 7154 4916 45427 9889 9733 89525 6565 35538 56791 5707 32734 15855 7520 5466 27682 16451 4906 17793 15312 8581
internal_count=400140 382890 17250 14129 73873 28446 309017 12107 4953 25588 7154 4916 45427 9889 9733 89525 6565 35538 56791 5707 32734 15855 7520 5466 27682 16451 4906 17793 15312 8581
cat_boundaries=0 13 42 58 59 91 117 146 147 179 205
cat_threshold=225 0 0 16 0 0 17152 0 0 12288 0 0 65536 200 0 0 1024 0 0 115200 0 0 1646592 0 0 31653888 0 0 134217728 0 0 0 0 0 0 0 0 0 128 0 0 3584 249 0 0 6672 0 0 115200 0 0 794624 0 0 0 0 0 1048576 32 1012 0 0 9984 0 0 180224 0 0 3547136 0 0 31457280 0 0 0 0 0 50331648 0 0 2147483648 1 0 0 1 0 0 0 0 0 53504 632 0 0 0 0 0 512 0 0 393216 0 0 6488064 0 0 1048576 0 0 0 0 0 0 0 0 0 128 808 0 0 13056 0 0 107264 0 0 864256 0 0 19070976 0 0 0 0 0 0 0 0 0 8 0 0 480 0 0 3456 8 64 0 0 1792 0 0 49152 0 0 401408 0 0 25165824 0 0 0 0 0 0 0 0 0 0 0 0 0 0 0 0 0 0 256 0 0 0 4864 0 0 40960 0 0 851968 0 0 131072 0 0 0 0 0 0 0 0 0 0 0 0 64
is_linear=0
shrinkage=0.08


Tree=13
num_leaves=31
num_cat=7
split_feature=45 45 45 45 45 43 45 25 9 34 34 20 5 41 15 17 5 41 9 41 5 28 43 43 29 6 5 43 17 29
split_gain=567.466 147.609 105.067 25.4007 24.0678 21.1834 17.1906 13.9418 16.0311 13.3694 8.40085 16.0744 8.19888 9.07693 8.73275 7.96939 6.39447 6.56999 6.57943 4.93953 5.48822 4.67191 6.51099 4.56394 4.12589 8.02367 3.30682 2.94014 4.50883 3.4839
threshold=8.0164294242858904 4.8847477436065683 10.109513282775881 8.9095306396484393 2.9645828008651738 9.8988881111145037 6.2521722316741952 9.0198101997375506 0 -7.5220642089843741 0.61172485351562511 2.1318817138671879 1 7.219494342803956 1.3787960410118105 1.5203307271003725 2 6.6031701564788827 3 5.1949126720428476 4 1009.4015502929689 4.077977418899537 3.9046931266784672 0.77914047241210949 5 6 7.3709056377410898 2.6254844665527348 0.94562911987304699
decision_type=2 2 2 2 2 2 2 2 1 2 2 2 9 2 10 8 9 2 1 2 9 2 2 2 2 1 9 2 8 2
left_child=1 4 3 7 -1 -5 16 8 -2 -8 11 12 13 14 -11 26 24 18 -18 20 21 22 -17 -20 -3 -26 -6 28 29 -25
right_child=2 6 -4 5 15 -7 9 -9 -10 10 -12 -13 -14 -15 -16 19 17 -19 23 -21 -22 -23 -24 27 25 -27 -28 -29 -30 -31
leaf_value=-0.16442923851158861 0.042164649410507335 -0.048486032238991783 0.13346004988281995 0.089748841802074195 -0.038731176722738264 0.06393781946385535 0.1098866653027253 0.01915313794054815 0.11082524751621917 0.014818676659743292 -0.017448145222478 0.20683783105428408 0.0017981239513166531 -0.0019113457314541402 0.072917501443904187 0.037480745459204247 0.053766227378496713 -0.057356739351938739 0.060957253910355426 -0.088581291704007192 -0.037937707731483437 -0.03207592161429447 -0.04357241466603308 -0.0084944801235533208 0.040962824921973118 -0.03561182634211045 -0.072586299650948871 -0.061184109551503232 0.057249324817744002 0.04093738465273785
leaf_weight=213050 2728 8165 3085 3799 13379 2302 2017 3033 2261 2057 4214 2043 11550 2953 3557 4172 2399 5074 2181 8504 17423 5136 2417 13667 2428 5147 44666 2126 2168 2027
leaf_count=213050 2728 8165 3085 3799 13379 2302 2017 3033 2261 2057 4214 2043 11550 2953 3557 4172 2399 5074 2181 8504 17423 5136 2417 13667 2428 5147 44666 2126 2168 2027
internal_value=-0.002008 -0.00264743 0.0121993 0.00926541 -0.00341559 0.0131559 0.000567447 0.00629382 0.00889058 0.00211105 0.00162917 0.00225169 0.00156268 0.00343449 0.00532432 -0.00236125 -0.000398485 0.000293708 0.000835218 -0.0014542 -0.00095864 0.000379735 0.00178875 0.00040218 -0.00170051 -0.000355967 -0.00294927 2.24013e-05 0.000357653 -0.00011564
internal_weight=399728 382520 17208 14123 308747 6101 73773 8022 4989 28391 26374 22160 20117 8567 5614 95697 45382 29642 24568 37652 29148 11725 6589 22169 15740 7575 58045 19988 17862 15694
internal_count=399728 382520 17208 14123 308747 6101 73773 8022 4989 28391 26374 22160 20117 8567 5614 95697 45382 29642 24568 37652 29148 11725 6589 22169 15740 7575 58045 19988 17862 15694
cat_boundaries=0 1 30 62 63 95 96 128
cat_threshold=32 200 0 0 7184 0 0 62208 0 0 602112 0 0 0 0 0 0 0 0 0 0 0 0 0 0 0 0 0 0 3584 199 0 0 3312 0 0 150528 0 0 1097728 0 0 33816576 0 0 2097152 0 0 50331648 0 0 1879048192 2 0 0 16 0 0 12288 0 0 98304 4 120 0 0 1824 0 0 94208 0 0 2252800 0 0 31588352 0 0 671088640 0 0 50331648 0 0 2147483648 2 0 0 0 0 0 10752 0 0 49152 10 900 0 0 11520 0 0 229888 0 0 2764800 0 0 16777216 0 0 67108864 0 0 1124073472 0 0 2147483648 1 0 0 0 0 0 0 0 0 36864
is_linear=0
shrinkage=0.08


Tree=14
num_leaves=31
num_cat=11
split_feature=42 5 10 2 34 5 5 14 29 37 17 21 5 33 23 17 5 34 23 5 5 5 5 5 38 5 22 34 37 41
split_gain=341.671 90.9066 126.975 88.3301 84.6821 29.3371 22.6025 18.7426 16.3886 12.7588 12.4266 12.2341 8.99955 8.68461 9.21142 7.37544 6.43577 5.33522 7.71405 5.33242 5.19628 4.71262 3.83131 3.78266 3.72601 3.96349 3.31148 2.58301 2.33554 2.30668
threshold=7.0917656421661386 0 2.1372601985931401 1.0000000180025095e-35 -5.2991638183593741 1 2 2.3613641262054448 0.66756820678710949 1.0000000180025095e-35 1.2649949193000796 1.5850328207015993 3 14.946239948272707 27.295429229736332 3.1359802484512334 4 -0.93414306640624989 28.447200775146488 5 6 7 8 9 -2.0159233808517452 10 0.1788139343261719 -3.7510070800781246 0.34851980209350591 4.2009100914001474
decision_type=2 9 2 2 2 9 9 2 2 2 10 2 9 2 2 8 9 2 2 9 9 9 9 9 2 9 2 2 2 2
left_child=3 2 -2 10 6 7 -5 22 15 -9 -1 -11 27 14 23 21 17 18 19 28 26 -6 -3 -14 -15 -26 29 -10 -7 -12
right_child=1 5 -4 4 8 16 -8 9 12 11 20 -13 13 24 -16 -17 -18 -19 -20 -21 -22 -23 -24 -25 25 -27 -28 -29 -30 -31
leaf_value=-0.13658289892951855 0.044643399116340909 0.034188836047149083 0.12896147086032814 0.16605563285819092 -0.057254788801314807 0.0048811053192011249 0.06286286000137184 0.055422458009106793 0.008013465161647082 0.10088333830919002 -0.029250451344819899 0.073160173321224389 -0.016339443370761757 -0.034414355411180007 0.096297747037461523 0.027521623187200871 -0.012237929095413332 -0.020345964353625439 -0.0032662462743345984 0.057952668685777795 -0.069157721731708741 -0.032140692774338793 0.0094252141102788983 0.040054707874964332 0.04495269477821065 0.00022336952536047031 -0.067071164195526875 -0.033251801618968797 0.03081065404407711 0.011508046342884097
leaf_weight=218011 3333 3606 2948 2041 28220 2446 2158 3456 2683 2313 8661 2273 2337 5491 2642 3080 5501 2037 3201 3171 17706 30265 3108 2023 2269 8866 7306 12181 2045 4428
leaf_count=218011 3333 3606 2948 2041 28220 2446 2158 3456 2683 2313 8661 2273 2337 5491 2642 3080 5501 2037 3201 3171 17706 30265 3108 2023 2269 8866 7306 12181 2045 4428
internal_value=-0.002041 0.00502758 0.0138384 -0.00281469 -0.000851515 0.00334967 0.0102647 0.00600541 -0.001319 0.00861301 -0.00361378 0.0113786 -2.41036e-05 0.000945872 0.00330747 -0.00212846 0.00121579 0.00219195 0.00289782 0.00427424 -0.00227976 -0.00232943 0.00288281 0.00104348 -4.95321e-05 0.000791385 -0.00140583 -0.00156517 0.00247306 -0.00064402
internal_weight=399806 39438 6281 360368 104256 33157 4199 14756 100057 8042 256112 4586 38492 23628 7002 61565 18401 12900 10863 7662 38101 58485 6714 4360 16626 11135 20395 14864 4491 13089
internal_count=399806 39438 6281 360368 104256 33157 4199 14756 100057 8042 256112 4586 38492 23628 7002 61565 18401 12900 10863 7662 38101 58485 6714 4360 16626 11135 20395 14864 4491 13089
cat_boundaries=0 13 42 58 74 103 132 164 180 209 222 238
cat_threshold=0 0 0 0 0 0 256 0 0 274432 0 0 65536 200 0 0 16 0 0 57856 0 0 655360 0 0 12713984 0 0 134217728 0 0 0 0 0 0 0 0 0 256 0 0 1024 3 0 0 112 0 0 49920 0 0 794624 0 0 25362432 0 0 134217728 7 0 0 8400 0 0 196608 0 0 4063232 0 0 31457280 0 0 402653184 305 0 0 7712 0 0 69632 0 0 1114112 0 0 2097152 0 0 1048576 0 0 0 0 0 0 0 0 0 0 0 0 512 257 0 0 4128 0 0 65536 0 0 1048576 0 0 0 0 0 0 0 0 0 0 0 0 0 0 0 0 0 0 512 0 0 0 0 0 0 0 0 0 2228224 0 0 2359296 0 0 2097152 0 0 50331648 0 0 2147483648 6 0 0 241 0 0 15872 0 0 119040 711 0 0 6256 0 0 1792 0 0 1900544 0 0 8388608 0 0 402653184 72 0 0 16 0 0 0 0 0 655360 0 0 0 0 0 134217728 0 0 0 0 0 0 0 0 0 256 0 0 1024 824 0 0 4096 0 0 21504 0 0 8192 0 0 65536 8 0 0 0 0 0 59136 0 0 69632 0 0 196608 0 0 1048576
is_linear=0
shrinkage=0.08


Tree=15
num_leaves=31
num_cat=2
split_feature=42 20 42 27 35 34 34 18 37 17 6 15 10 37 19 30 41 15 27 27 34 15 39 17 12 26 26 41 18 6
split_gain=299.991 85.4361 76.3417 31.8794 22.1006 14.5888 14.5245 12.5777 18.6745 15.4604 10.573 8.72414 8.56653 8.34363 8.33485 7.54906 4.64648 4.27627 4.86104 4.2675 9.58994 4.13713 3.12721 3.49885 2.95723 2.67012 2.59142 2.60604 3.32196 2.43051
threshold=7.0917656421661386 0.98562982678413402 11.140342235565187 1002.6428527832032 7.153034210205079 0.26092529296875006 -5.1658020019531241 1.5663242340087893 0.46894717216491705 1.990797281265259 0 1.6735882163047793 1.9550150036811831 1.0582237243652346 2.0889309644699101 1263.0625000000002 6.2385666370391855 1.4866037964820864 1005.4638061523439 1010.2277221679689 -1.9917297363281248 0.94873201847076427 0.73408615589141857 2.5773695707321171 1.4937610626220705 7.4016113281250009 5.0183706283569345 6.6031701564788827 1.8372071385383608 1
decision_type=2 2 2 2 2 2 2 2 2 10 1 10 2 2 2 2 2 8 2 2 2 8 2 8 2 2 2 2 2 1
left_child=1 11 3 -2 13 7 -6 16 9 -9 -10 21 -12 17 26 -11 -5 -3 -19 20 -15 -1 23 25 -13 -20 -8 28 -28 -21
right_child=2 4 -4 5 6 -7 14 8 10 15 12 24 -14 19 -16 -17 -18 18 22 29 -22 -23 -24 -25 -26 -27 27 -29 -30 -31
leaf_value=-0.14373418207841285 0.10282349432868676 -0.04888497816941479 0.10352018693837399 -0.0058652470206422948 0.082543668588942451 -0.021511455538252049 -0.058550645746637597 0.003251567645480586 0.13376218192535821 0.045988238427995522 0.020761151835168461 -0.036631567537885885 0.059351756295946967 -0.0060613208150884215 0.10861320887377696 0.068503378529966033 0.017467029325428422 0.034653601915466771 -0.026186458348406511 0.0050880980489159426 0.073663491134092707 -0.069115029831203115 -0.051382880728267306 0.026685903127102589 0.036358853345430001 0.012629139439828343 -0.0015521063624059507 -0.03021773201467581 0.042092789274752407 -0.032480124292004281
leaf_weight=172766 2866 37181 3180 5172 3948 3914 4897 7101 2263 2328 2548 4550 2263 4144 2977 2584 5033 2342 18403 3270 2026 64748 18144 2823 2076 2570 5398 2025 2366 4450
leaf_count=172766 2866 37181 3180 5172 3948 3914 4897 7101 2263 2328 2548 4550 2263 4144 2977 2584 5033 2342 18403 3270 2026 64748 18144 2823 2076 2570 5398 2025 2366 4450
internal_value=-0.00205388 -0.0027759 0.00458744 0.00353728 -0.000997966 0.00283646 0.0013115 0.00344932 0.00466105 0.00273709 0.00791982 -0.00362761 0.00573711 -0.00152147 0.000329768 0.00618285 0.00118062 -0.00183045 -0.00129884 0.000290647 0.0018576 -0.00370748 -0.00149702 -0.000893221 -0.000763111 -0.0012492 -0.000453458 0.000298397 0.000965268 -0.000962485
internal_weight=400356 361104 39252 36072 116964 33206 21611 29292 19087 12013 7074 244140 4811 95353 17663 4912 10205 81463 44282 13890 6170 237514 41940 23796 6626 20973 14686 9789 7764 7720
internal_count=400356 361104 39252 36072 116964 33206 21611 29292 19087 12013 7074 244140 4811 95353 17663 4912 10205 81463 44282 13890 6170 237514 41940 23796 6626 20973 14686 9789 7764 7720
cat_boundaries=0 1 2
cat_threshold=8 5
is_linear=0
shrinkage=0.08


Tree=16
num_leaves=31
num_cat=0
split_feature=26 14 27 2 27 1 1 29 15 15 7 32 27 23 1 1 26 33 37 1 31 25 10 37 1 1 39 24 30 27
split_gain=265.905 74.7402 78.3438 71.2109 28.0803 24.7315 19.5787 14.964 9.96933 7.69282 7.69248 6.53586 5.8189 6.87147 6.94183 6.00682 6.1863 4.78392 4.59465 8.21815 4.08989 3.76644 3.35059 3.11739 3.08024 2.90724 2.5016 2.60908 2.66658 2.18544
threshold=7.6164891719818124 2.388758778572083 1003.9756774902345 1.0000000180025095e-35 1005.1331176757814 71.250000000000014 85.250000000000014 0.57099533081054699 1.1336637139320376 3.2055778503417973 1.5000000000000002 989.30642700195324 1009.7322692871095 28.59809494018555 90.750000000000014 83.250000000000014 10.447816371917726 14.660160064697267 1.1181605458259585 79.250000000000014 34.508890151977546 8.0987586975097674 1.9550150036811831 0.88618552684783947 91.250000000000014 71.250000000000014 0.83098402619361889 28.103195190429691 1359.4375000000002 1011.0722656250001
decision_type=2 2 2 2 2 2 2 2 10 8 2 2 2 2 2 2 2 2 2 2 2 2 2 2 2 2 2 2 2 2
left_child=3 11 6 8 -5 -4 -3 9 -1 -6 23 18 13 14 15 -7 -17 24 21 -20 -10 -2 -23 -9 -12 -19 27 -27 -29 -13
right_child=1 2 5 4 7 12 -8 10 20 -11 17 29 -14 -15 -16 16 -18 25 19 -21 -22 22 -24 -25 -26 26 -28 28 -30 -31
leaf_value=-0.12346952698925824 -0.0025989412740848633 0.14274071264523891 0.073582827484862459 0.10471272597067652 -0.043313679653127372 0.027508349942171339 0.08565236405889276 -0.042911120006527512 -0.014799842746486963 0.04421878809028762 0.064009501262708324 -0.029433558146958676 -0.0086242038468663362 -0.0017882179118402649 0.0064353187087793293 0.085109397389318289 0.053564896938375864 0.030168146348732473 0.065196377067998246 0.014202343553996494 -0.061269258411237544 0.030139998234654502 -0.0016314710652972379 0.012137185165867792 0.007088413219708805 -0.012858696651027308 -0.028771770829173454 0.035954814224731117 -0.0095335955105470757 0.0069339822545682189
leaf_weight=203997 11916 2018 3116 2459 50838 2577 2569 11189 8435 2016 3833 5086 2181 2495 2701 2951 2090 2744 2028 4363 36576 3808 2280 2387 2727 4991 7179 3746 2253 2928
leaf_count=203997 11916 2018 3116 2459 50838 2577 2569 11189 8435 2016 3833 5086 2181 2495 2701 2951 2090 2744 2028 4363 36576 3808 2280 2387 2727 4991 7179 3746 2253 2928
internal_value=-0.00205607 0.00310416 0.00662357 -0.0028795 -0.00103275 0.00425341 0.0159521 -0.00125406 -0.00359409 -0.00214392 -0.000108041 0.00063802 0.0029017 0.00355147 0.00446161 0.00569586 0.00730073 0.00066179 0.00128908 0.00313013 -0.00251536 0.000634172 0.00225123 -0.00166524 0.0025449 7.01611e-05 -0.000296827 0.000461817 0.00158495 -0.00134297
internal_weight=400477 55107 22698 345370 96362 18111 4587 93903 249008 52854 41049 32409 14995 12814 10319 7618 5041 27473 24395 6391 45011 18004 6088 13576 6560 20913 18169 10990 5999 8014
internal_count=400477 55107 22698 345370 96362 18111 4587 93903 249008 52854 41049 32409 14995 12814 10319 7618 5041 27473 24395 6391 45011 18004 6088 13576 6560 20913 18169 10990 5999 8014
is_linear=0
shrinkage=0.08


Tree=17
num_leaves=31
num_cat=11
split_feature=25 16 44 5 34 21 27 34 33 37 33 5 5 15 5 5 5 18 34 34 5 37 5 37 29 5 5 5 24 14
split_gain=218.868 69.8402 60.5215 25.2465 25.633 14.7803 14.0947 13.014 12.8878 10.6756 8.46982 9.24914 8.33559 7.72169 8.79428 6.35194 6.31166 4.91541 4.72652 5.80893 14.8473 8.35015 5.50952 4.64868 4.17388 4.07238 3.73144 3.72125 3.6431 3.40299
threshold=6.4156999588012704 1.1956348419189455 11.154427528381349 0 -5.3721008300781241 1.0714042782783511 1004.4049072265626 1.5529479980468752 15.480767726898195 0.74823462963104259 12.830016136169435 1 2 1.7264466881752016 3 4 5 1.7405039668083193 0.26092529296875006 -1.6669311523437498 6 -0.35559421777725214 7 0.76574325561523449 0.61117172241210949 8 9 10 28.900436401367191 1.3429738283157351
decision_type=2 8 2 9 2 2 2 2 2 2 2 9 9 8 9 9 9 2 2 2 9 2 9 2 2 9 9 9 2 2
left_child=1 15 3 4 8 16 -7 9 -2 13 11 -8 -11 -6 -15 -1 23 27 19 22 21 -21 -12 -3 -22 -20 -26 -5 -19 -27
right_child=2 5 -4 17 7 6 10 -9 -10 12 18 -13 -14 14 -16 -17 -18 28 25 20 24 -23 -24 -25 26 29 -28 -29 -30 -31
leaf_value=-0.032393281200890786 0.096860399078361872 -0.033353792133775442 0.084132599418150919 0.0082246167625534671 0.00085462997969621118 0.057111012276282049 0.095128853800264326 -0.037543868894586038 0.049930338016686067 0.025998957070640222 0.0052817296149876968 -0.0047497524459906224 0.092425909040264376 0.068153088883129181 0.0073701370763925161 -0.10838767636055323 -0.052736150630050632 0.024087623816322925 -0.046064565983156405 0.020365150323264612 -0.039255525439787123 0.10176510386737134 -0.043962325185134661 0.020400654944797533 0.024432510923859476 0.026829437348103728 -0.025258221123398303 -0.01772759024973149 -0.0074883705177474415 -0.026020150224405972
leaf_weight=9757 3213 11317 3198 6851 5923 3849 2135 2353 2149 2207 7969 3740 2123 2568 2343 215303 36930 7156 11209 2001 7366 2284 16660 2955 3861 2019 2390 9260 2560 6706
leaf_count=9757 3213 11317 3198 6851 5923 3849 2135 2353 2149 2207 7969 3740 2123 2568 2343 215303 36930 7156 11209 2001 7366 2284 16660 2955 3861 2019 2390 9260 2560 6706
internal_value=-0.00207106 -0.00279298 0.00277505 0.00207357 0.00400734 -0.00126323 -0.000525715 0.00252479 0.00884438 0.00338368 -0.000791223 0.00211045 0.00673733 0.00203836 0.00438041 -0.00363158 -0.00230274 0.000357952 -0.00106443 -0.000587763 0.000508708 0.00460395 -0.00138464 -0.000870978 -0.000785218 -0.00208063 0.000734067 -0.000498977 0.00177833 -0.000779875
internal_weight=400355 348451 51904 48706 22879 123391 72189 17517 5362 15164 68340 5875 4330 10834 4911 225060 51202 25827 62465 42531 17902 4285 24629 14272 13617 19934 6251 16111 9716 8725
internal_count=400355 348451 51904 48706 22879 123391 72189 17517 5362 15164 68340 5875 4330 10834 4911 225060 51202 25827 62465 42531 17902 4285 24629 14272 13617 19934 6251 16111 9716 8725
cat_boundaries=0 29 58 74 103 135 167 196 228 247 257 289
cat_threshold=200 0 0 16 0 0 58112 0 0 929792 0 0 12648448 0 0 134217728 0 0 0 0 0 0 0 0 0 0 0 0 3072 196 0 0 6960 0 0 127232 0 0 69632 0 0 0 0 0 0 0 0 0 0 0 0 0 0 0 0 0 0 1024 200 0 0 0 0 0 0 0 0 8192 0 0 12648448 0 0 134217728 200 0 0 0 0 0 24576 0 0 12288 0 0 0 0 0 0 0 0 0 0 0 0 0 0 0 0 0 0 1024 868 0 0 1536 0 0 246272 0 0 1572864 0 0 8388608 0 0 1048576 0 0 50331648 0 0 0 0 0 0 0 0 0 0 0 0 4096 488 0 0 11520 0 0 36864 0 0 2359296 0 0 31653888 0 0 0 0 0 0 0 0 2147483648 2 0 0 273 0 0 11520 0 0 114944 24 0 0 768 0 0 126976 0 0 458752 0 0 4194304 0 0 0 0 0 0 0 0 0 0 0 0 32 0 0 2048 143 0 0 304 0 0 33280 0 0 8192 0 0 65536 0 0 1048576 0 0 0 0 0 0 0 0 0 192 0 0 10752 0 0 36864 247 0 0 3440 0 0 62208 0 0 983040 0 0 8388608 0 0 1048576 0 0 268435456 800 0 0 15408 0 0 768 0 0 4096 816 0 0 8224 0 0 65536 0 0 2162688 0 0 16777216 0 0 1048576 0 0 0 0 0 0 4 0 0 256 0 0 512 0 0 65536
is_linear=0
shrinkage=0.08


Tree=18
num_leaves=31
num_cat=1
split_feature=2 27 1 25 27 19 29 27 37 18 7 31 29 7 30 27 7 12 25 0 27 44 37 37 1 37 39 27 9 7
split_gain=198.489 113.929 33.3733 29.7424 17.6685 15.3081 14.6559 10.9408 8.63397 12.3966 7.95977 7.26749 6.83613 6.59358 6.11349 6.20424 5.01977 4.83099 4.5884 4.55938 3.70067 6.46116 3.48246 3.4254 3.43595 3.30144 2.7652 4.85168 3.08181 2.67568
threshold=1.0000000180025095e-35 1005.2493896484376 71.750000000000014 6.9069082736969003 1002.8308715820314 0.85217151045799266 0.62776947021484386 1011.0247497558595 0.32144367694854742 1.5663242340087893 2.5000000000000004 30.355532646179203 0.99825668334960949 1.5000000000000002 582.56250000000011 1009.1011657714845 1.5000000000000002 2.0001645088195805 2.8092528581619267 11.750000000000002 1013.1463928222657 3.6146421432495122 1.2829384803771975 0.98260736465454113 76.250000000000014 0.78441986441612255 0.83098402619361889 1007.4314575195314 0 1.5000000000000002
decision_type=2 2 2 2 2 2 2 2 2 2 2 2 2 2 2 2 2 2 2 2 2 2 2 2 2 2 2 2 1 2
left_child=5 2 -2 6 -4 18 23 8 13 -10 22 20 16 -5 -15 19 25 -6 -1 -16 -7 -22 -11 29 -25 -8 27 -18 -28 -3
right_child=1 3 4 7 17 11 12 -9 9 10 -12 -13 -14 14 15 -17 26 -19 -20 -21 21 -23 -24 24 -26 -27 28 -29 -30 -31
leaf_value=-0.13686658339895502 0.10283739309950418 -0.054214393077044003 0.09111161729792 -0.008144783505209325 0.012030576327555085 -0.024659122122756436 -0.038764294968320824 -0.021266167406128335 0.0082583936930195525 0.037112255124400882 0.031659651960912617 -0.048637374462715932 0.053953304424220597 -0.028697729570844054 0.0011553075074073461 0.049304199263018766 0.052563484671937485 0.079542573602306973 -0.051063952783887034 0.040183026145664262 -0.023462770408819111 0.054801201789847098 0.10592041160440444 -0.034522977399945039 0.0059523638458658483 0.010916362367208773 0.046258209588166455 0.0093010468964425056 -0.021205387209989272 -0.030437302825267284
leaf_weight=166544 2889 16742 3612 5238 3935 4620 9845 4756 4359 2222 2284 44775 2567 2083 3496 2201 2013 2055 38079 2938 2008 2013 2047 3184 6356 2490 2442 13052 7646 31931
leaf_count=166544 2889 16742 3612 5238 3935 4620 9845 4756 4359 2222 2284 44775 2567 2083 3496 2201 2013 2055 38079 2938 2008 2013 2047 3184 6356 2490 2442 13052 7646 31931
internal_value=-0.0020546 0.00034319 0.00763747 -0.000358795 0.00535913 -0.00337764 -0.00104552 0.0017748 0.00240077 0.00413404 0.00633064 -0.00217093 0.000132284 0.00121358 0.00234974 0.00328745 -0.000141662 0.00268667 -0.00369252 0.00202731 -4.67008e-05 0.00172563 0.00836737 -0.00185583 -0.000469111 -0.00146294 0.000506616 0.0011927 -0.000518123 -0.00212748
internal_weight=400422 142383 12491 129892 9602 258039 98268 31624 26868 10912 6553 53416 40055 15956 10718 8635 37488 5990 204623 6434 8641 4021 4269 58213 9540 12335 25153 15065 10088 48673
internal_count=400422 142383 12491 129892 9602 258039 98268 31624 26868 10912 6553 53416 40055 15956 10718 8635 37488 5990 204623 6434 8641 4021 4269 58213 9540 12335 25153 15065 10088 48673
cat_boundaries=0 1
cat_threshold=8
is_linear=0
shrinkage=0.08


Tree=19
num_leaves=31
num_cat=0
split_feature=2 34 1 26 17 34 28 18 31 17 33 41 24 39 41 23 7 18 41 28 21 24 43 0 28 39 41 19 43 18
split_gain=182.089 112.398 34.3817 26.0524 21.3795 17.2698 8.47601 9.75829 8.26729 7.48457 6.89223 6.7364 5.3315 4.86325 4.83496 4.23885 3.88828 3.71677 3.58083 3.39525 5.44221 2.81876 2.8126 3.72832 2.78542 2.55867 2.52069 2.49819 2.39569 2.31519
threshold=1.0000000180025095e-35 -5.5162658691406241 73.250000000000014 6.9132156372070321 0.9874371886253358 -7.2206726074218741 1009.8278198242189 1.3599122762680056 35.941522598266609 1.990797281265259 18.702527999877933 6.1936891078948983 27.888610839843754 1.5329492092132571 3.5230616331100468 28.534973144531254 2.5000000000000004 1.4475998878479006 4.3039133548736581 1008.8309326171876 1.9593874812126162 28.900436401367191 6.5827245712280282 9.7500000000000018 1007.1265563964845 0.76227527856826793 6.2385666370391855 0.88275590538978588 2.2531621456146245 1.6623480319976809
decision_type=2 2 2 2 10 2 2 2 2 8 2 2 2 2 2 2 2 2 2 2 2 2 2 2 2 2 2 2 2 2
left_child=4 2 -2 10 -1 11 7 26 18 15 14 -4 -11 21 -3 22 -16 25 -6 20 -18 -14 -9 -24 -20 -8 -5 -12 -10 -21
right_child=1 3 5 6 8 -7 17 9 28 12 27 -13 13 -15 16 -17 19 -19 24 29 -22 -23 23 -25 -26 -27 -28 -29 -30 -31
leaf_value=-0.10808406631513165 0.10535679736363429 0.037189719112162088 0.12043863734449502 -0.023981988368763571 -0.019170614731666619 0.017962568800761511 0.022877315738409867 0.044662773584625517 -0.079304541456755834 0.013723156401456865 -0.058125417950411484 0.043262315026762366 0.068342403558786471 0.024755747332048959 -0.023309617308357136 -0.0092443073443099263 -0.0086920987662704192 -0.035194771056337483 -0.016517035850494244 0.010309045087939719 0.117236112747495 0.03221016928150789 0.024398843552602561 0.00078262255401545305 0.034058063713561633 -0.019226180072100262 0.0072610749650937898 -0.025964831738238492 -0.038724957965966859 -0.049351233041240762
leaf_weight=182710 3706 3021 2011 6694 11612 4415 2157 3658 17604 3232 9298 2220 4034 2025 16469 4382 2439 4692 2017 2093 2051 2036 3899 6498 2648 2096 3420 43679 41338 2044
leaf_count=182710 3706 3021 2011 6694 11612 4415 2157 3658 17604 3232 9298 2220 4034 2025 16469 4382 2439 4692 2017 2093 2051 2036 3899 6498 2648 2096 3420 43679 41338 2044
internal_value=-0.00203872 0.000258955 0.00754829 -0.000434614 -0.00330604 0.00477541 0.00102529 0.00152447 -0.00217039 0.00225378 -0.00131357 0.0084216 0.00387157 0.0049673 -0.000301064 0.00125831 -0.00066534 -0.00119933 -0.000573956 0.000709968 0.00223111 0.00609868 0.0019353 0.00126184 0.00129626 0.000513253 -0.00062189 -0.00185079 -0.00261107 -0.000942369
internal_weight=400198 142269 12352 129917 257929 8646 48823 39878 75219 29764 81094 4231 11327 8095 28117 18437 25096 8945 16277 8627 4490 6070 14055 10397 4665 4253 10114 52977 58942 4137
internal_count=400198 142269 12352 129917 257929 8646 48823 39878 75219 29764 81094 4231 11327 8095 28117 18437 25096 8945 16277 8627 4490 6070 14055 10397 4665 4253 10114 52977 58942 4137
is_linear=0
shrinkage=0.08


Tree=20
num_leaves=31
num_cat=11
split_feature=45 45 45 5 5 7 25 10 45 14 5 41 5 22 5 41 16 5 5 5 44 22 5 45 25 6 29 5 22 41
split_gain=212.905 73.6811 51.9077 38.1673 11.0688 8.38301 8.04598 9.67944 9.47794 10.4087 8.59258 10.1433 7.79012 7.41423 5.03667 4.78292 6.02908 9.16657 4.78473 4.3219 3.80717 3.32656 3.24595 2.81778 2.6806 2.76095 3.2666 2.61358 2.53678 2.47717
threshold=5.2705113887786874 8.9095306396484393 2.6867288351058964 0 1 1.5000000000000002 9.4159884452819842 0.89227068424224865 6.5914070606231698 2.1262739896774296 2 6.9898703098297128 3 17.482280731201175 4 5.5382137298583993 2.3653333187103276 5 6 7 5.7700424194335946 11.002063751220705 8 4.152616262435914 5.2396206855773935 9 0.36877059936523443 10 2.4333000183105473 6.7188923358917245
decision_type=2 2 2 9 9 2 2 2 2 2 9 2 9 2 9 2 8 9 9 9 2 2 9 2 2 1 2 9 2 2
left_child=2 4 -1 -3 28 21 7 22 19 -10 -11 -12 -4 14 -5 16 18 -18 24 20 -9 -6 -7 -20 25 26 -14 -25 -2 -21
right_child=1 3 12 13 5 6 -8 8 9 10 11 -13 15 -15 -16 -17 17 -19 23 29 -22 -23 -24 27 -26 -27 -28 -29 -30 -31
leaf_value=-0.11722557907661731 -0.014933880686158252 0.080715986682048296 -0.044573210420356793 0.041267300480076242 -0.0053861443434781702 0.025136477696126158 -0.02762047374760886 0.082248349644461025 0.015119871713317995 0.031320515611867578 0.1334492805024203 0.059362090174286355 -0.00054722132277761602 0.092082694709425636 0.010897963694962145 -0.062604301854148822 0.045732920771741653 -0.020320727797244031 -0.033425980877941117 0.023657877416512429 0.020590513707425075 0.025830299652998785 -0.025315861956854712 -0.027167887672851894 -0.059373261299961885 -0.011320609288628403 0.0327732721093087 0.001136121078409717 0.0023701831474568454 -0.0279392085358607
leaf_weight=191439 10606 2336 31349 2244 12276 2085 2803 2076 3508 2146 2245 2082 5238 2108 2603 12068 2411 4325 46306 7749 2093 2702 2974 8440 2037 6398 3150 9948 10178 2064
leaf_count=191439 10606 2336 31349 2244 12276 2085 2803 2076 3508 2146 2245 2082 5238 2108 2603 12068 2411 4325 46306 7749 2093 2702 2974 8440 2037 6398 3150 9948 10178 2064
internal_value=-0.00201789 0.00176579 -0.00291817 0.00844167 0.00084696 0.00152891 0.00226355 0.00265886 0.00332991 0.00521229 0.00711214 0.0091585 -0.00169532 0.00542796 0.00370023 -0.00135064 -0.00114626 0.00115268 -0.00133634 0.00198342 0.00413559 -3.14928e-05 -0.000520025 -0.00164873 -0.000133706 0.000241686 0.00119505 -0.000810524 -0.000689099 0.00106051
internal_weight=399987 76878 323109 9291 67587 46803 31825 29022 23963 9981 6473 4327 131670 6955 4847 100321 88253 6736 81517 13982 4169 14978 5059 64694 16823 14786 8388 18388 20784 9813
internal_count=399987 76878 323109 9291 67587 46803 31825 29022 23963 9981 6473 4327 131670 6955 4847 100321 88253 6736 81517 13982 4169 14978 5059 64694 16823 14786 8388 18388 20784 9813
cat_boundaries=0 10 36 65 97 110 123 155 184 213 214 246
cat_threshold=64 0 0 0 0 0 256 0 0 12288 23 0 0 11712 0 0 199680 0 0 3194880 0 0 52690944 0 0 2097152 0 0 50331648 0 0 1879048192 4 0 0 32 552 0 0 4640 0 0 512 0 0 0 0 0 131072 0 0 135266304 0 0 0 0 0 0 0 0 0 0 0 0 512 1 0 0 176 0 0 19712 0 0 114688 0 0 34406400 0 0 868220928 0 0 134217728 0 0 0 28 0 0 514 0 0 12304 0 0 10240 169 0 0 16 0 0 16896 0 0 1310720 0 0 4194304 516 0 0 8960 0 0 200704 0 0 2490368 0 0 23199744 96 0 0 3584 0 0 32768 0 0 270336 0 0 23068672 0 0 134217728 0 0 3271557120 0 0 2147483648 1 0 0 4 0 0 0 0 0 33024 256 0 0 4112 0 0 768 0 0 327680 0 0 131072 0 0 1048576 0 0 0 0 0 0 0 0 0 384 0 0 3328 808 0 0 32 0 0 0 0 0 12288 0 0 196608 0 0 134217728 0 0 0 0 0 0 0 0 0 0 0 0 2048 10 900 0 0 4352 0 0 208896 0 0 1052672 0 0 9437184 0 0 67108864 0 0 872415232 0 0 1879048192 0 0 0 1 0 0 256 0 0 4096
is_linear=0
shrinkage=0.08


Tree=21
num_leaves=31
num_cat=12
split_feature=45 45 45 5 5 22 43 5 5 33 5 41 45 43 5 5 28 41 5 7 45 5 43 5 30 28 28 5 5 14
split_gain=190.953 54.4576 50.17 28.4661 8.43919 8.44825 7.84928 7.71984 7.71306 5.82394 7.5529 4.89003 4.5168 6.0363 7.14843 4.25462 4.12391 4.81837 4.76535 3.77527 4.80323 3.40577 3.20598 3.16019 3.49253 3.14388 4.97683 5.92577 3.22052 3.12023
threshold=5.1849970817565927 8.9095306396484393 2.6158685684204106 0 1 16.655445098876957 10.15432929992676 2 3 18.702527999877933 4 5.5382137298583993 3.9864615201950078 3.9046931266784672 5 6 1011.3809204101564 7.508984088897706 7 1.5000000000000002 6.5194196701049814 8 6.2108154296875009 9 610.18750000000011 1009.8278198242189 1007.4584350585939 10 11 2.0812075138092045
decision_type=2 2 2 9 9 2 2 9 9 2 9 2 2 2 9 9 2 2 9 2 2 9 2 9 2 2 2 9 9 2
left_child=2 4 -1 -3 5 16 8 -4 -5 10 -6 12 15 14 -14 -9 17 19 -19 -2 22 -15 -21 24 -11 26 29 -28 -27 -12
right_child=1 3 7 6 9 -7 -8 11 -10 23 25 -13 13 21 -16 -17 -18 18 -20 20 -22 -23 -24 -25 -26 28 27 -29 -30 -31
leaf_value=-0.11205343031631088 0.007777657185751922 0.071219339604454993 -0.042802827510221304 0.077997962768572751 0.051425944052750555 0.096413015344387745 0.0088701300309952155 -0.0085020497345641849 0.023129396169184052 -0.020205378885540172 -0.023962315711215307 -0.05996569442900164 0.034468774278281024 0.0047482248896016915 -0.0045077386357295348 -0.034980731730161509 -0.0093053109918943139 0.01927769787234504 -0.057256468516176558 0.050548111340722519 0.064760577918598863 -0.027573715232141305 -0.0031993453242658287 -0.018180140442873093 0.017340189161911646 -0.041466347960097572 0.066917376414574722 0.0061456585042284767 0.0052331451729217514 0.0081297207484497275
leaf_weight=184477 4834 2528 35916 2231 2140 2415 2483 20959 2083 2475 3459 11388 3540 7119 5082 37546 3236 2470 2036 4111 3576 13737 2388 13536 3685 2729 2506 5080 2279 7958
leaf_count=184477 4834 2528 35916 2231 2140 2415 2483 20959 2083 2475 3459 11388 3540 7119 5082 37546 3236 2470 2036 4111 3576 13737 2388 13536 3685 2729 2506 5080 2279 7958
internal_value=-0.00199376 0.00149546 -0.00286933 0.00723942 0.000739223 0.00191884 0.00450814 -0.00169899 0.00657354 9.35739e-05 0.000875959 -0.00133497 -0.00113295 -0.000325286 0.00145412 -0.00153978 0.00143842 0.00187902 -0.000412756 0.00257149 0.00345265 -0.00106125 0.00215148 -0.000945094 0.000556633 0.000467562 0.000937673 0.00252449 -0.00131367 -0.000117967
internal_weight=400002 80238 319764 9325 70913 25066 6797 135287 4314 45847 26151 99371 87983 29478 8622 58505 22651 19415 4506 14909 10075 20856 6499 19696 6160 24011 19003 7586 5008 11417
internal_count=400002 80238 319764 9325 70913 25066 6797 135287 4314 45847 26151 99371 87983 29478 8622 58505 22651 19415 4506 14909 10075 20856 6499 19696 6160 24011 19003 7586 5008 11417
cat_boundaries=0 10 39 71 84 97 129 161 177 209 235 245 258
cat_threshold=192 0 0 0 0 0 256 0 0 12288 72 0 0 512 0 0 25344 0 0 471040 0 0 131072 0 0 135266304 0 0 0 0 0 0 8 0 0 464 0 0 7424 65 0 0 4336 0 0 3328 0 0 114688 0 0 34340864 0 0 62914560 0 0 134217728 1 0 1073741824 28 0 0 514 0 0 1040 0 0 10240 33 0 0 16 0 0 57344 0 0 393216 0 0 65536 3 0 0 48 0 0 0 0 0 0 0 0 65536 56 0 0 9984 0 0 25088 0 0 2105344 0 0 23068672 0 0 136314880 0 0 1124073472 0 0 0 0 0 0 80 0 0 768 0 0 16384 256 0 0 3840 0 0 122880 0 0 3289088 0 0 29360128 0 0 134217728 0 0 4076863488 0 0 2147483648 1 0 0 4 0 0 256 0 0 4352 72 0 0 0 0 0 256 0 0 4096 0 0 0 0 0 1048576 518 0 0 8192 0 0 131072 0 0 3014656 0 0 16973824 0 0 805306368 0 0 1073741824 0 0 268435456 0 0 0 321 0 0 6784 0 0 114688 928 0 0 12304 0 0 0 0 0 16384 0 0 14680064 0 0 0 0 0 0 0 0 0 4 0 0 33 16 0 0 7424 0 0 102400 0 0 1572864 160 0 0 3072 0 0 98304 0 0 1572864 0 0 12582912
is_linear=0
shrinkage=0.08


Tree=22
num_leaves=31
num_cat=12
split_feature=45 45 45 5 45 44 5 43 41 5 14 37 5 5 17 35 5 43 43 19 5 5 17 5 14 41 41 9 5 5
split_gain=171.412 50.4833 38.1242 23.4394 9.27093 13.1285 7.99429 5.66438 6.97257 9.48717 5.75251 5.59149 10.3607 6.05952 5.37009 4.68727 5.87752 4.13925 3.89859 3.61946 3.42481 3.08837 2.79697 2.61949 2.47139 2.66737 2.45131 3.09278 3.06085 2.42842
threshold=4.5649266242980966 8.9095306396484393 2.5647377967834477 0 6.3148059844970712 6.1077740192413339 1 6.4223074913024911 6.6607956886291513 2 2.2550953626632695 1.3999853134155276 3 4 1.7737683057785036 5.596637725830079 5 4.4165503978729257 9.8988881111145037 0.73532411456108104 6 7 0.77791693806648265 8 0.76322677731513988 5.306730031967164 4.7706515789031991 9 10 11
decision_type=2 2 2 9 2 2 9 2 2 9 2 2 9 9 8 2 9 2 2 2 9 9 10 9 2 2 2 1 9 9
left_child=2 4 22 -3 7 -6 17 8 9 10 21 13 -13 14 -7 20 -17 24 -5 -8 -11 -2 -1 -9 -4 -26 27 -21 -29 -10
right_child=1 3 6 18 5 11 19 23 29 15 -12 12 -14 -15 -16 16 -18 -19 -20 26 -22 -23 -24 -25 25 -27 -28 28 -30 -31
leaf_value=-0.12776719531618907 0.036443816548207067 0.06737493682074705 -0.038688893644999868 0.039594998069988174 0.080100213826912556 0.0041007148154035781 -0.047734996803931853 -0.0039615994851702804 -0.00043607235412257124 -0.028808604927766816 0.076660527196477202 0.088416597203251526 0.00744069068500004 -0.0025395987294388796 0.054477982501682232 0.048960966032237561 -0.0012501570918772274 -0.059034054013005301 0.0026357953406086882 0.013291111586227564 -0.0027306709531972613 0.0030571150621708384 -0.068521554441960439 -0.049521661941365681 0.00046708970160697658 -0.076598381307736024 -0.069192406871335849 -0.038208449148971181 -0.019479423207997747 -0.061229447250068889
leaf_weight=127955 3749 4006 2574 2851 2490 3400 22589 4062 2113 6664 2926 2013 4063 20374 2645 2057 4983 5839 2372 3304 13615 6996 52345 7518 24400 2064 9731 20672 25034 4669
leaf_count=127955 3749 4006 2574 2851 2490 3400 22589 4062 2113 6664 2926 2013 4063 20374 2645 2057 4983 5839 2372 3304 13615 6996 52345 7518 24400 2064 9731 20672 25034 4669
internal_value=-0.00197252 0.000829303 -0.00295116 0.00647299 0.000276553 0.00130933 -0.00182097 -0.000332335 5.25711e-05 0.000445853 0.00216463 0.000879248 0.0030654 0.000375496 0.00259522 -0.000415378 0.0013617 -0.000806603 0.00291207 -0.00225544 -0.00103288 0.0013073 -0.00367944 -0.0019189 -0.000415589 -0.000184937 -0.00192412 -0.00169319 -0.0018638 -0.00232156
internal_weight=400073 103566 296507 9229 94337 34985 116207 59352 47772 40990 13671 32495 6076 26419 6045 27319 7040 34877 5223 81330 20279 10745 180300 11580 29038 26464 58741 49010 45706 6782
internal_count=400073 103566 296507 9229 94337 34985 116207 59352 47772 40990 13671 32495 6076 26419 6045 27319 7040 34877 5223 81330 20279 10745 180300 11580 29038 26464 58741 49010 45706 6782
cat_boundaries=0 13 45 77 106 135 154 183 215 241 242 271 281
cat_threshold=224 0 0 0 0 0 12544 0 0 339968 0 0 4194304 512 0 0 9984 0 0 114688 0 0 3276800 0 0 32505856 0 0 136314880 0 0 4076863488 0 0 2147483648 1 0 0 1 0 0 256 0 0 114944 512 0 0 512 0 0 13056 0 0 3088384 0 0 6488064 0 0 671088640 0 0 1073741824 0 0 0 12 0 0 465 0 0 3968 0 0 32768 3 0 0 48 0 0 49920 0 0 466944 0 0 29360128 0 0 135266304 0 0 0 0 0 0 0 0 0 0 0 0 1024 200 0 0 128 0 0 49152 0 0 8192 0 0 131072 0 0 0 0 0 0 0 0 0 0 0 0 0 0 0 3584 258 0 0 2288 0 0 49152 0 0 0 0 0 16777216 0 0 2097152 0 0 33554432 385 0 0 2192 0 0 35840 0 0 1097728 0 0 50593792 0 0 6291456 0 0 67108864 0 0 1879048192 0 0 0 0 0 0 8192 512 0 0 0 0 0 512 0 0 0 0 0 0 0 0 0 0 0 1073741824 0 0 0 12 0 0 400 0 0 3712 0 0 32768 268 0 0 7552 0 0 256 0 0 94208 0 0 2097152 0 0 1048576 0 0 0 0 0 0 0 0 0 480 8 189 0 0 2288 0 0 3840 0 0 98304 0 0 34144256 0 0 30408704 0 0 134217728 0 0 1073741824 0 0 0 2 0 0 9216 1022 0 0 272 0 0 768 0 0 4096
is_linear=0
shrinkage=0.08


Tree=23
num_leaves=31
num_cat=10
split_feature=45 45 45 5 37 5 45 43 5 34 21 5 43 5 5 41 5 5 19 5 5 33 30 40 29 25 19 19 41 12
split_gain=155.412 44.4853 30.948 18.7528 8.86347 7.23373 7.0305 7.07807 9.39283 9.79553 16.3816 8.29368 6.85292 6.66689 6.11302 4.251 4.00559 3.72819 3.45433 3.45327 3.23263 3.0167 2.96849 2.92771 2.67165 4.08177 4.63869 2.57864 2.45387 2.41122
threshold=4.0828022956848153 8.0164294242858904 2.5318642854690556 0 1.8802500963211062 1 5.4008069038391122 6.6728301048278817 2 0.15701293945312503 2.1267427206039433 3 4.187530755996705 4 5 6.7188923358917245 6 7 0.64892312884330761 8 9 17.979840278625492 96.062500000000014 2.2497584819793706 0.89728927612304699 8.2374863624572772 1.2783931493759157 0.73532411456108104 5.7071917057037362 1.2516326904296877
decision_type=2 2 2 9 2 9 2 2 9 2 2 9 2 9 9 2 9 9 2 9 9 2 2 2 2 2 2 2 2 2
left_child=2 6 18 -3 14 23 12 8 -8 10 11 -10 13 -2 29 21 -14 -11 -1 -9 22 -13 -20 -4 -21 26 -26 -7 -15 -5
right_child=1 3 5 4 -6 27 7 19 9 17 -12 15 16 28 -16 -17 -18 -19 20 24 -22 -23 -24 -25 25 -27 -28 -29 -30 -31
leaf_value=-0.11672249581445705 0.027535734158550183 0.066946074418639909 -0.0063094513927611576 0.013672508597021918 0.082268247374857023 -0.043970798577108318 -0.007417838160236812 -0.022345434068441215 0.057299912836148471 -0.030969244916652743 0.18187246475494825 0.043483218570922272 -0.004543980843607737 -0.0014058357205490243 0.0056984346375114547 -0.021304879376089898 -0.030926124681564904 0.014320276424626759 -0.076858708751213742 -0.0096806219986634197 -0.081301522453671643 0.0071415367688205892 -0.027448988790829396 -0.061580429311329406 -0.0012683264219714777 -0.024624411368020131 0.042549626156387105 -0.031568805443765793 -0.059245356534081826 0.045818413929876831
leaf_weight=125287 6316 2239 23866 2249 2111 23196 10420 9219 2587 3126 2001 3148 11627 8581 6580 2985 22823 3367 9484 8091 31539 3166 10941 4958 2142 2309 2568 46804 2140 3992
leaf_count=125287 6316 2239 23866 2249 2111 23196 10420 9219 2587 3126 2001 3148 11627 8581 6580 2985 22823 3367 9484 8091 31539 3166 10941 4958 2142 2309 2568 46804 2140 3992
internal_value=-0.00195425 0.000401075 -0.00301031 0.0041788 0.00314286 -0.00187563 -0.00020768 0.000420101 0.00122558 0.00222353 0.00342318 0.00229119 -0.000879819 0.000432451 0.00235024 0.00116794 -0.00152873 -0.000340152 -0.00364279 -0.000599697 -0.00309262 0.00234409 -0.00230179 -0.000807656 0.000145406 0.00128667 0.00263559 -0.00231477 -0.000782423 0.00413927
internal_weight=399862 123787 276075 17171 14932 98824 106616 55129 30800 20380 13887 11886 51487 17037 12821 9299 34450 6493 177251 24329 51964 6314 20425 28824 15110 7019 4710 70000 10721 6241
internal_count=399862 123787 276075 17171 14932 98824 106616 55129 30800 20380 13887 11886 51487 17037 12821 9299 34450 6493 177251 24329 51964 6314 20425 28824 15110 7019 4710 70000 10721 6241
cat_boundaries=0 10 42 71 100 132 145 177 193 222 254
cat_threshold=0 0 0 0 0 0 0 0 0 274432 768 0 0 9984 0 0 245760 0 0 2232320 0 0 31457280 0 0 203423744 0 0 4076863488 0 0 2147483648 1 0 0 1 0 0 0 0 0 20736 471 0 0 6336 0 0 134144 0 0 1097728 0 0 40108032 0 0 2097152 0 0 50331648 0 0 1879048192 6 0 0 0 0 0 4608 0 0 0 544 0 0 768 0 0 65536 0 0 0 0 0 1048576 0 0 0 0 0 0 0 0 0 384 0 0 3072 56 0 0 10176 0 0 4608 0 0 8192 0 0 23068672 0 0 136314880 0 0 1124073472 0 0 0 14 0 0 368 0 0 3840 0 0 16384 761 0 0 0 0 0 25344 0 0 196608 0 0 16777216 526 0 0 8208 0 0 164864 0 0 2097152 0 0 28442624 0 0 135266304 0 0 0 0 0 0 2 0 0 497 0 0 15232 0 0 98304 0 0 0 1040 0 0 115456 0 0 983040 0 0 25165824 0 0 1048576 34 0 0 624 0 0 210688 0 0 3670016 0 0 27262976 0 0 137363456 0 0 16777216 0 0 536870912 0 0 0 1 0 0 256 0 0 0 8208 0 0 147456 0 0 98304 0 0 1310720 0 0 216006656 0 0 1056964608 0 0 3489660928 0 0 0 5 0 0 0 0 0 73728
is_linear=0
shrinkage=0.08


Tree=24
num_leaves=31
num_cat=12
split_feature=45 45 14 45 5 17 31 41 5 5 41 25 29 9 41 25 16 5 5 29 5 32 5 5 5 16 6 9 31 16
split_gain=147.697 49.7533 16.4226 14.132 13.4552 9.29246 7.34805 8.02607 6.05331 5.25924 5.40797 5.81392 6.91857 6.03332 5.00332 4.95445 6.01564 10.0709 4.90579 4.544 7.81042 4.97094 4.39792 4.31582 4.19532 3.51691 3.24454 3.08048 2.96759 2.84087
threshold=2.878574132919312 8.0164294242858904 2.9085813760757451 5.2705113887786874 0 0.77107757329940807 84.142997741699233 6.9898703098297128 1 2 6.9898703098297128 8.0987586975097674 0.99384689331054699 3 5.5784778594970712 5.4549295902252206 2.494617342948914 4 5 0.0050010681152343759 6 606.67102050781261 7 8 9 2.3955131769180302 10 11 32.944164276123054 2.9518389701843266
decision_type=2 2 2 2 9 10 2 2 9 9 2 2 2 1 2 2 8 9 9 2 9 2 9 9 9 8 1 1 2 10
left_child=5 3 6 8 -4 -1 23 -8 27 -5 11 12 13 -11 15 16 24 -18 -12 -15 21 -21 -7 -3 26 -22 -10 -2 -26 -27
right_child=1 2 4 9 -6 22 7 -9 14 10 18 -13 -14 19 -16 -17 17 -19 -20 20 25 -23 -24 -25 28 29 -28 -29 -30 -31
leaf_value=-0.10333718806982081 0.0058402309776635396 0.019665516554106581 0.077334866564880145 -0.0081100164559475482 0.019682453905386817 -0.034616777092489566 0.055402393683978188 0.010867631623315889 0.019028012530411999 0.0416996603926073 0.018103390689302942 -0.018729773384256701 0.07058251131563166 -0.049294282991635317 -0.049716977090447062 -0.057842502905080515 0.05180638213493044 -0.032423009717646098 -0.04466484193245461 0.063937590319622359 -0.0079948159689736589 0.013150451124925727 -0.057520011753342586 -0.010170782383756604 0.0053166768690703792 0.052488235953617027 -0.010569854350561096 -0.03415134897461751 -0.018854241904885258 -0.0022557400927139238
leaf_weight=133817 2475 3043 3113 20610 2026 28878 2414 3080 7279 3433 2645 4261 2801 2011 10456 6858 2138 2098 5593 2326 9021 2889 44298 3619 7669 2148 5518 26694 44874 2017
leaf_count=133817 2475 3043 3113 20610 2026 28878 2414 3080 7279 3433 2645 4261 2801 2011 10456 6858 2138 2098 5593 2326 9021 2889 44298 3619 7669 2148 5518 26694 44874 2017
internal_value=-0.00192008 -0.000328689 0.00376423 -0.000731505 0.00755176 -0.00340465 0.00215814 0.00432122 -0.00124612 0.000268049 0.000812459 0.00129806 0.00173679 0.00129365 -0.000910828 -0.000686203 -0.000483776 0.00243429 -0.00100776 0.000768989 0.0011643 0.00377841 -0.00267898 0.000370503 -0.000673299 0.000125397 0.000625106 -0.00224317 -0.000989518 0.00204551
internal_weight=400102 193109 17295 175814 5139 206993 12156 5494 116059 59755 39145 30907 26646 23845 86890 76434 69576 4236 8238 20412 18401 5215 73176 6662 65340 13186 12797 29169 52543 4165
internal_count=400102 193109 17295 175814 5139 206993 12156 5494 116059 59755 39145 30907 26646 23845 86890 76434 69576 4236 8238 20412 18401 5215 73176 6662 65340 13186 12797 29169 52543 4165
cat_boundaries=0 13 45 71 72 88 101 130 162 178 210 211 212
cat_threshold=192 0 0 4112 0 0 24832 0 0 405504 0 0 65536 65 0 0 176 0 0 20224 0 0 114688 0 0 34406400 0 0 331350016 0 0 335544320 0 0 1073741824 28 0 0 514 0 0 0 0 0 10240 183 0 0 2272 0 0 199680 0 0 3719168 0 0 44302336 0 0 134217728 0 0 50331648 0 0 1879048192 0 0 0 32 20 526 0 0 8960 0 0 208896 0 0 4063232 0 0 23199744 0 0 134217728 72 0 0 16 0 0 256 0 0 4096 0 0 16777216 512 0 0 0 0 0 768 0 0 77824 0 0 4390912 0 0 1048576 0 0 0 0 0 0 0 0 0 16 0 0 2304 0 0 0 8192 0 0 234496 0 0 1114112 0 0 327680 0 0 144703488 0 0 2113929216 0 0 2415919104 0 0 0 5 0 0 11264 0 0 88320 249 0 0 32 0 0 115200 0 0 925696 0 0 0 0 0 1048576 32 0 0 3584 0 0 32768 0 0 270336 0 0 6291456 0 0 134217728 0 0 2197815296 0 0 2147483648 1 0 0 5 0 0 0 0 0 33024 10 11
is_linear=0
shrinkage=0.08


Tree=25
num_leaves=31
num_cat=11
split_feature=45 45 34 21 14 17 5 45 5 5 45 43 41 5 10 41 5 36 5 9 43 5 5 5 34 41 20 5 44 34
split_gain=140.587 42.9474 15.2819 9.78705 9.69177 9.05693 7.35874 5.24988 5.61639 4.35626 4.16339 5.29759 7.25491 5.82805 8.53606 5.11069 4.15454 3.8899 4.95856 3.87055 3.8186 3.66307 3.14212 2.97998 3.28031 6.09011 2.94174 2.89498 2.6419 2.535
threshold=2.741724014282227 6.3148059844970712 -7.7219238281249991 2.1809314489364628 2.7020599842071538 0.71737948060035717 0 8.6937646865844744 1 2 4.6028349399566659 5.5879390239715585 6.3372819423675546 3 1.3761729598045351 4.7706515789031991 4 38.041591644287116 5 6 4.4165503978729257 7 8 9 -1.2508544921874998 5.7936189174652108 1.5222972035408022 10 2.0945906639099126 -6.1772155761718741
decision_type=2 2 2 2 2 10 9 2 9 9 2 2 2 9 2 2 9 2 9 1 2 9 9 9 2 2 2 9 2 2
left_child=5 6 4 7 -3 -1 19 23 -9 29 15 12 13 14 -12 16 20 21 -19 -2 -8 -15 -17 24 25 -4 -10 -13 -18 -7
right_child=1 2 3 -5 -6 9 10 8 26 -11 11 27 -14 17 -16 22 28 18 -20 -21 -22 -23 -24 -25 -26 -27 -28 -29 -30 -31
leaf_value=-0.10229717299912458 0.0055586262500159087 0.028905444243826475 0.038291923498615085 0.10467478335669121 0.071493273636920818 -0.01036338660091311 0.0053167589395424911 0.040982988495459872 -0.0010217178939502494 -0.057977010079841212 0.010393372960644385 0.0015089963335417529 -0.027802784417534091 -0.013904282835346116 0.09014251241662638 -0.0078580129342450296 0.012879671669130587 0.062955127088483526 -0.00028839760902470027 -0.031480541598751251 -0.048881447890355444 0.012540405669052688 -0.065668609941162762 -0.0045787351162407388 0.02723569767797427 -0.0048746364392176075 0.029947986800945191 -0.022654583358577139 -0.022988697763758999 -0.050745238345804522
leaf_weight=121800 2720 2078 2514 3439 2264 8519 17492 2016 3049 43847 3715 6806 6721 7307 2027 3730 2874 2055 2361 26246 3695 5913 10734 12815 3763 8820 3375 15776 39882 21766
leaf_count=121800 2720 2078 2514 3439 2264 8519 17492 2016 3049 43847 3715 6806 6721 7307 2027 3730 2874 2055 2361 26246 3695 5913 10734 12815 3763 8820 3375 15776 39882 21766
internal_value=-0.00187619 -0.000407196 0.00180205 0.00130941 0.00630331 -0.00340697 -0.00101644 0.000922721 0.00266982 -0.00270896 -0.000761144 -0.000211119 0.000483708 0.00114965 0.00335856 -0.00113073 -0.000823293 0.000426823 0.00247989 -0.00217015 9.29872e-05 -0.000260016 -0.00248832 0.000393667 0.00115446 0.000474611 0.00149969 -0.00113704 -0.00127698 -0.00196733
internal_weight=400119 204187 44133 39791 4342 195932 160054 36352 8440 74132 131088 52681 30099 23378 5742 78407 63943 17636 4416 28966 21187 13220 14464 27912 15097 11334 6424 22582 42756 30285
internal_count=400119 204187 44133 39791 4342 195932 160054 36352 8440 74132 131088 52681 30099 23378 5742 78407 63943 17636 4416 28966 21187 13220 14464 27912 15097 11334 6424 22582 42756 30285
cat_boundaries=0 32 45 77 109 141 160 161 190 219 248 277
cat_threshold=1 0 0 224 0 0 3072 0 0 114688 0 0 34340864 0 0 331350016 0 0 201326592 0 0 1342177280 28 0 0 514 0 0 16 0 0 10240 961 0 0 0 0 0 0 0 0 143360 0 0 65536 1 0 0 8704 0 0 185344 0 0 1114112 0 0 8388608 0 0 211812352 0 0 2113929216 0 0 3489660928 0 0 0 5 0 0 3072 0 0 114944 2 0 0 16 0 0 12800 0 0 2367488 0 0 6422528 0 0 136314880 0 0 0 0 0 0 2 0 0 273 0 0 3584 0 0 32768 196 0 0 9728 0 0 114688 0 0 1048576 0 0 27262976 0 0 738197504 0 0 4076863488 0 0 2147483648 1 0 0 4 0 0 256 0 0 114944 272 0 0 6656 0 0 98560 0 0 655360 0 0 25165824 0 0 0 0 0 33554432 11 400 0 0 7424 0 0 229632 0 0 1708032 0 0 16777216 0 0 0 0 0 0 0 0 536870912 0 0 0 32 0 0 8192 520 0 0 12032 0 0 4096 0 0 131072 0 0 6291456 0 0 136314880 0 0 50331648 0 0 0 0 0 0 96 0 0 256 201 0 0 14000 0 0 86272 0 0 77824 0 0 12582912 0 0 1048576 0 0 16777216 0 0 0 0 0 0 0 0 0 3584 520 0 0 5888 0 0 164096 0 0 4096 0 0 0 0 0 0 0 0 0 0 0 0 0 0 0 192 0 0 2048
is_linear=0
shrinkage=0.08


Tree=26
num_leaves=31
num_cat=2
split_feature=15 25 19 15 34 0 35 6 34 12 37 34 34 37 1 34 25 34 32 1 1 6 7 1 1 3 25 19 10 15
split_gain=114.467 22.2441 13.6005 7.10219 6.76858 10.075 6.0208 7.19142 11.5158 3.87053 3.79505 3.39893 3.76594 3.39669 3.38512 9.62526 3.21547 4.0533 3.62055 2.83566 7.79515 2.78043 2.6571 2.65587 3.82901 2.51696 2.5001 2.41689 2.24605 2.24024
threshold=0.88088715076446544 6.9968533515930185 0.80633860826492321 0.60395216941833507 -7.2206726074218741 19.750000000000004 11.164188385009767 0 -1.3785095214843748 0.88255158066749584 0.73058426380157482 0.61172485351562511 -1.5049743652343748 0.74823462963104259 72.250000000000014 -4.4276428222656241 9.6195292472839373 0.20950317382812503 725.13861083984386 77.250000000000014 89.750000000000014 1 1.5000000000000002 82.250000000000014 90.250000000000014 141.2487487792969 2.4701445102691655 1.3427467942237856 1.2694411873817446 1.9081645011901858
decision_type=8 2 2 10 2 2 2 1 2 2 2 2 2 2 2 2 2 2 2 2 2 1 2 2 2 2 2 2 2 8
left_child=3 2 13 -1 5 -3 10 8 -8 -6 22 12 21 -2 15 -11 17 18 -16 -14 -21 -12 28 -20 29 -15 -5 -13 -4 -25
right_child=1 4 6 26 9 -7 7 -9 -10 14 11 27 19 25 16 -17 -18 -19 23 20 -22 -23 -24 24 -26 -27 -28 -29 -30 -31
leaf_value=-0.099955446831620859 -0.038351607642004647 0.060062308092754833 -0.014429056492067107 -0.061404946581891301 -0.019179510611747032 -0.0065810691832811187 0.094218943004602734 -0.0047080332498725674 -0.024306639435536358 0.046218561548177856 0.03220271176065493 -0.00065281412734067342 -0.0036956491353510707 0.0088181217139058788 -0.0020519683290671784 0.0037930703525422185 -0.01757677972387588 -0.018626039040066926 0.0005795887762087298 0.062068379176393365 -0.0012615026860481849 -0.01200638036719689 -0.011806423261509307 0.02766625747130106 0.0074732655838704786 -0.023229426486202704 -0.027832190136631227 -0.032785615543723286 -0.049288971061132357 0.058250224667062284
leaf_weight=101887 44357 3304 10826 39579 4071 2131 2681 9840 2000 2196 2792 4016 2223 3306 5515 4911 5144 3035 2437 2130 2128 10804 74604 2155 3121 5477 27152 3557 10591 2070
leaf_count=101887 44357 3304 10826 39579 4071 2131 2681 9840 2000 2196 2792 4016 2223 3306 5515 4911 5144 3035 2437 2130 2128 10804 74604 2155 3121 5477 27152 3557 10591 2070
internal_value=-0.00185797 -0.000702791 -0.00106181 -0.00344327 0.00101047 0.00363269 -0.000643465 0.000897116 0.00347075 0.000598297 -0.000824412 1.44518e-06 0.000546223 -0.00214939 0.000906844 0.00243529 0.000443308 0.000939213 0.00146903 0.00213157 0.00333833 -0.000210496 -0.0010622 0.00239232 0.00315062 -0.000711021 -0.00280074 -0.00144165 -0.00184758 0.00471783
internal_weight=400040 231422 191332 168618 40090 5435 138192 14521 4681 34655 123671 27650 20077 53140 30584 7107 23477 18333 15298 6481 4258 13596 96021 9783 7346 8783 66731 7573 21417 4225
internal_count=400040 231422 191332 168618 40090 5435 138192 14521 4681 34655 123671 27650 20077 53140 30584 7107 23477 18333 15298 6481 4258 13596 96021 9783 7346 8783 66731 7573 21417 4225
cat_boundaries=0 1 2
cat_threshold=8 9
is_linear=0
shrinkage=0.08


Tree=27
num_leaves=31
num_cat=14
split_feature=45 45 14 5 45 45 5 5 44 5 20 5 27 5 37 5 19 41 9 5 5 27 27 37 5 5 6 38 5 25
split_gain=127.656 33.1584 12.7577 12.532 11.4508 10.467 5.30518 5.1827 4.97533 5.38227 4.20568 3.54502 3.41866 6.10087 3.2504 3.183 3.14452 4.08749 3.25984 6.51211 3.1088 3.11031 3.10046 2.66552 3.67128 2.31626 2.28225 2.06253 2.55854 1.84293
threshold=2.7236003875732426 7.8646199703216562 2.8741381168365483 0 2.1508985757827763 4.9701497554779062 1 2 4.8545155525207528 3 1.6556442975997927 4 1003.0177001953126 5 0.98260736465454113 6 0.73532411456108104 5.5382137298583993 7 8 9 1004.5337829589845 1009.8577270507814 1.4965665340423586 10 11 12 0.482192873954773 13 5.2396206855773935
decision_type=2 2 2 9 2 2 9 9 2 9 2 9 2 9 2 9 2 2 1 9 9 2 2 2 9 9 1 2 9 2
left_child=4 5 6 -4 20 7 10 29 9 -7 -3 -10 13 -6 -8 26 -9 18 25 -20 21 -1 -11 -13 -25 -18 -14 28 -21 -2
right_child=1 2 3 -5 12 8 14 16 11 22 -12 23 15 -15 -16 -17 17 -19 19 27 -22 -23 -24 24 -26 -27 -28 -29 -30 -31
leaf_value=0.0010757873419806262 -0.0015533023012570745 0.011204279306947727 0.064849674971513074 0.0055088195285496067 0.022893582632550369 -0.0065762261867813821 -0.0062503890216510484 -0.03136689569319432 0.0074953288245165227 0.071461421137903089 0.037872798272541038 -0.0094851617198364376 0.004379707787417606 -0.029813226399552729 0.026843536750991194 -0.042534347130669038 -0.030903824831955806 -0.051122396066288101 0.055847926229733592 -0.018999638612170005 -0.10622251418743915 -0.080883205591575025 0.012274752010567569 0.044557787207333173 -0.0065211149863968459 -0.013780327432011042 -0.03387488372671419 -0.023164591741271418 0.01319018073070072 -0.048667191034805324
leaf_weight=2118 28547 2954 3859 2004 2132 3720 5709 17255 18277 2978 2062 35514 3646 4338 2228 42031 18079 9055 2151 4857 114536 19319 2580 2183 3838 24285 6413 5959 5522 2233
leaf_count=2118 28547 2954 3859 2004 2132 3720 5709 17255 18277 2978 2062 35514 3646 4338 2228 42031 18079 9055 2151 4857 114536 19319 2580 2183 3838 24285 6413 5959 5522 2233
internal_value=-0.00181324 -0.000424544 0.00277573 0.00586889 -0.00328263 -0.000746631 0.00137221 -0.00120465 3.53102e-05 0.00175797 0.0034027 -0.000232156 -0.00234659 -0.000611112 8.19395e-05 -0.002562 -0.0015197 -0.00128082 -0.00104451 -0.000157546 -0.00368555 -0.002792 0.00332879 -0.000640598 0.000914607 -0.00143111 -0.00127751 -0.000703754 -2.27173e-05 -0.000311689
internal_weight=400382 205849 18816 5863 194533 187033 12953 117943 69090 9278 5016 59812 58560 6470 7937 52090 87163 69908 60853 18489 135973 21437 5558 41535 6021 42364 10059 16338 10379 30780
internal_count=400382 205849 18816 5863 194533 187033 12953 117943 69090 9278 5016 59812 58560 6470 7937 52090 87163 69908 60853 18489 135973 21437 5558 41535 6021 42364 10059 16338 10379 30780
cat_boundaries=0 13 42 74 103 132 164 196 197 226 258 287 319 320 349
cat_threshold=192 0 0 6160 0 0 61696 0 0 471040 0 0 65536 233 0 0 512 0 0 65536 0 0 798720 0 0 4194304 0 0 0 0 0 0 0 0 0 0 0 0 0 0 0 512 512 0 0 9728 0 0 32768 0 0 3145728 0 0 24117248 0 0 203423744 0 0 4076863488 0 0 2147483648 1 0 0 277 0 0 400 0 0 98560 263 0 0 14144 0 0 248832 0 0 1671168 0 0 25165824 0 0 0 0 0 33554432 0 0 0 0 0 0 32 0 0 4608 8 0 0 13056 0 0 49408 0 0 8192 0 0 196608 0 0 2097152 0 0 0 0 0 0 14 0 0 497 0 0 15360 0 0 0 0 0 0 0 0 0 65536 0 0 2883584 0 0 769654784 0 0 2449473536 0 0 0 0 0 0 160 0 0 4096 0 0 256 1 0 0 8192 0 0 148480 0 0 0 0 0 0 0 0 0 0 0 1677721600 0 0 3489660928 33 0 0 5 0 0 1024 0 0 82176 33 0 0 0 2096 0 0 74240 0 0 589824 0 0 8650752 0 0 0 0 0 0 0 0 0 2 0 0 0 0 0 2048 481 0 0 9248 0 0 139264 0 0 622592 0 0 9437184 0 0 209715200 0 0 2113929216 0 0 0 0 0 0 0 0 0 1024 0 0 49152 2 0 0 32 0 0 67072 0 0 4063232 0 0 29360128 0 0 135266304 0 0 0 0 0 0 0 0 0 0 0 0 256 210 0 0 4336 0 0 3840 0 0 114688 0 0 786432 0 0 12582912 0 0 201326592 0 0 536870912 0 0 0 2 0 0 11264 0 0 4096 2 265 0 0 4352 0 0 137216 0 0 131072 0 0 720896 0 0 59768832 0 0 0 0 0 1342177280 0 0 0 34 0 0 1536
is_linear=0
shrinkage=0.08


Tree=28
num_leaves=31
num_cat=3
split_feature=17 26 18 16 19 16 27 34 27 3 9 36 6 26 34 34 21 41 6 30 36 30 34 26 16 25 27 27 13 7
split_gain=109.531 23.7182 10.5133 10.0903 9.72296 4.93507 7.57819 4.52099 4.50678 7.85854 4.30844 7.71053 6.33794 3.73166 4.42617 4.16517 4.21234 3.67219 3.32226 3.92397 4.08894 3.27553 4.47447 2.98089 2.8692 2.72649 2.43976 2.19336 2.18513 1.98776
threshold=0.88245049118995678 7.4016113281250009 2.6228277683258061 0.61344850063323986 0.80633860826492321 1.9739224910736086 1002.6428527832032 0.66030883789062511 1004.4049072265626 10.082123279571535 0 86.780548095703139 1 5.2401914596557626 0.82290649414062511 -1.4239501953124998 1.4056825637817385 5.1949126720428476 2 1342.9375000000002 30.597209930419925 1.7812500000000002 -0.46484374999999994 3.076076984405518 0.86052078008651745 2.6208111047744755 1009.1445922851564 1004.5337829589845 0.78435179591178905 1.5000000000000002
decision_type=8 2 2 8 2 8 2 2 2 2 1 2 1 2 2 2 2 2 1 2 2 2 2 2 10 2 2 2 2 2
left_child=3 4 5 -1 25 26 -7 17 9 -6 11 -10 21 -14 15 -15 -17 -8 -19 -20 -21 22 -12 -5 -23 27 29 28 -2 -3
right_child=1 2 -4 23 8 6 7 -9 10 -11 12 -13 13 14 -16 16 -18 18 19 20 -22 24 -24 -25 -26 -27 -28 -29 -30 -31
leaf_value=-0.085914841513972814 -0.035194232671675846 0.00036142405105613014 0.036612569841798497 -0.058392593525268315 0.062402750033092709 0.072097734014588619 -0.0082724127139354141 -0.022263110002718939 -0.01098019837435206 -0.0018566046092977379 0.029373479899723224 0.074660578124274152 -0.041948756507909649 -0.018664651531292212 -0.044840457087798276 -0.007970927643057301 0.037764595820310269 0.094127262262162129 -0.002352925064087864 0.035178934762902 0.0095420638353480129 0.019927978683733864 -0.00099156094793995597 -0.02376163258945713 -0.012719122510766517 -0.016824384512126537 0.0061311957503794199 -0.050031843366944467 0.0065986257505047871 -0.021870040132705541
leaf_weight=107635 2353 8103 3988 27707 2072 2330 4480 3168 9807 9873 2691 3201 24515 12205 4552 2806 2599 3056 5684 2112 3500 2080 9241 31926 37274 24841 13168 22466 2060 8678
leaf_count=107635 2353 8103 3988 27707 2072 2330 4480 3168 9807 9873 2691 3201 24515 12205 4552 2806 2599 3056 5684 2112 3500 2080 9241 31926 37274 24841 13168 22466 2060 8678
internal_value=-0.00174412 -0.000622431 0.000775125 -0.00330583 -0.00108874 0.000483412 0.0013295 0.000868695 -0.000701431 0.00077457 -0.000860364 0.000507214 -0.00104194 -0.00171634 -0.000963739 -0.000388196 0.00145891 0.00133914 0.00196296 0.00132343 0.00282319 -0.000427709 0.000732875 -0.00247023 -0.0007798 -0.00200889 -0.000204147 -0.00256744 -0.000934209 -0.000843548
internal_weight=400171 232903 58267 167268 174636 54279 24330 22000 122916 11945 110971 13008 97963 46677 22162 17610 5405 18832 14352 11296 5612 51286 11932 59633 39354 51720 29949 26879 4413 16781
internal_count=400171 232903 58267 167268 174636 54279 24330 22000 122916 11945 110971 13008 97963 46677 22162 17610 5405 18832 14352 11296 5612 51286 11932 59633 39354 51720 29949 26879 4413 16781
cat_boundaries=0 1 2 3
cat_threshold=10 3 8
is_linear=0
shrinkage=0.08


Tree=29
num_leaves=31
num_cat=10
split_feature=15 5 34 5 19 14 34 20 14 32 5 5 34 25 5 5 5 40 36 31 19 33 33 25 27 5 5 34 5 27
split_gain=104.337 19.2432 14.3685 21.6687 9.17521 7.7082 6.99745 8.34004 5.78072 5.46294 4.67948 4.63392 4.57869 6.07752 4.6792 4.12882 3.9913 4.64459 4.36247 3.79448 3.71383 3.49569 3.26136 3.08883 2.70655 2.63546 2.5716 4.23837 10.7828 3.48632
threshold=0.80606096982955944 0 -5.2991638183593741 1 0.71430635452270519 0.51737511157989513 0.26092529296875006 1.9198003411293032 2.2274532318115239 797.90707397460949 2 3 -1.0262756347656248 7.855119228363038 4 5 6 3.5585901737213139 44.827938079833991 29.455540657043461 0.63142848014831554 22.69727993011475 11.424191951751711 2.8988927602767949 1008.6389770507814 7 8 -3.6048278808593746 9 1004.4049072265626
decision_type=8 9 2 9 2 2 2 2 2 2 9 9 2 2 9 9 9 2 2 2 2 2 2 2 2 9 9 2 9 2
left_child=5 2 3 -2 23 -1 7 12 -5 -10 20 21 13 15 -14 -4 -9 18 -18 24 22 -8 -7 -3 -6 -25 -21 28 -28 -30
right_child=1 4 6 8 19 10 11 16 9 -11 -12 -13 14 -15 -16 -17 17 -19 -20 26 -22 -23 -24 25 -26 -27 27 -29 29 -31
leaf_value=-0.088084374259081277 0.065329981538575319 -0.045448601543646439 -0.0043255373064250884 -0.0026331105957725881 -0.023567854896414882 0.0037512850002068476 -0.010121444125552775 0.0026502308676873733 0.090629361844397446 0.011596450814157057 -0.047601312843544616 -0.026804267937960535 0.027323180843172416 0.0079824211812544558 -0.011085278307060124 -0.030157025697333743 0.034403849051985624 -0.00035198398446656897 0.14735483645990641 -0.021978265319831058 -0.00320325699469595 0.031036373894955345 -0.044031433813789649 -0.0015570931056451713 0.018063053361640817 -0.025306996427809213 0.041800949686338962 -0.015407784237126082 0.0079445738723811776 -0.017191649242938957
leaf_weight=91795 2929 25581 12634 9568 2432 2079 8312 5117 2023 2480 36682 17659 5750 8425 4670 14633 3256 2081 2107 40512 7066 2009 13622 6024 5944 8686 2041 39458 6830 7770
leaf_count=91795 2929 25581 12634 9568 2432 2079 8312 5117 2023 2480 36682 17659 5750 8425 4670 14633 3256 2081 2107 40512 7066 2009 13622 6024 5944 8686 2041 39458 6830 7770
internal_value=-0.00172215 -0.000715207 0.000117561 0.00224339 -0.00130926 -0.00337932 -0.000299691 0.000196785 0.000933645 0.00329448 -0.00266866 -0.00134048 -0.000301115 -0.000731837 0.00117354 -0.00131202 0.00202339 0.00320257 0.00444965 -0.000915341 -0.00176364 7.34843e-06 -0.00244949 -0.00233553 0.000717385 -0.00141033 -0.00105696 -0.000705573 0.000364902 -0.000399454
internal_weight=400175 248931 103653 17000 145278 151244 86653 58673 14071 4503 59449 27980 46112 35692 10420 27267 12561 7444 5363 104987 22767 10321 15701 40291 8376 14710 96611 56099 16641 14600
internal_count=400175 248931 103653 17000 145278 151244 86653 58673 14071 4503 59449 27980 46112 35692 10420 27267 12561 7444 5363 104987 22767 10321 15701 40291 8376 14710 96611 56099 16641 14600
cat_boundaries=0 32 42 74 106 128 160 164 196 225 232
cat_threshold=760 0 0 5648 0 0 127232 0 0 405504 0 0 4390912 0 0 1048576 0 0 1107296256 0 0 2147483648 0 0 0 1 0 0 2048 0 0 82176 24 0 0 16 0 0 256 0 0 274432 4 0 0 4128 0 0 200448 0 0 577536 0 0 9437184 0 0 247463936 0 0 2097152000 0 0 1879048192 0 0 0 132 0 0 0 0 0 32768 520 0 0 0 0 0 65536 0 0 12288 0 0 4390912 0 0 0 0 0 1073741824 0 0 2147483648 0 0 0 1 0 0 2048 0 0 65536 648 0 0 1552 0 0 61440 0 0 401408 0 0 4194304 0 0 0 0 0 33554432 0 0 2147483648 120 0 0 4096 0 0 12288 0 0 8192 0 0 0 0 0 1048576 0 0 33554432 0 0 2147483648 0 0 0 1 0 0 2048 0 0 16640 736 0 0 4112 4 0 0 0 0 0 1024 0 0 2162688 0 0 19922944 0 0 570425344 0 0 738197504 0 0 0 7 0 0 528 0 0 4992 0 0 4096 0 0 0 32 0 0 133120 0 0 2654208 0 0 36175872 0 0 130023424 0 0 201326592 0 0 1610612736 0 0 0 482 0 0 14080 7 0 0 64 0 0 512
is_linear=0
shrinkage=0.08


Tree=30
num_leaves=31
num_cat=12
split_feature=45 45 5 45 45 14 5 44 22 30 5 6 30 5 5 5 38 41 5 6 5 22 18 10 43 45 5 12 22 5
split_gain=121.81 23.3576 8.45528 8.26008 7.42554 11.868 6.12591 5.06436 4.66292 3.78513 5.04626 3.76794 5.54944 5.75178 3.88012 3.80789 3.70255 5.42479 3.43195 3.22155 2.54254 2.50076 2.72308 2.48277 2.42404 2.42113 3.05772 2.40455 2.32948 3.41893
threshold=2.4225038290023808 5.5783817768096933 0 1.7766063809394839 8.6937646865844744 2.6715538501739506 1 5.649909734725953 10.109424591064455 229.81250000000003 2 3 182.81250000000003 4 5 6 0.21825349330902102 5.7071917057037362 7 8 9 15.88869094848633 1.7589766383171084 0.75380316376686107 4.5870907306671151 3.2700181007385258 10 1.5591496229171755 1.0085105895996096 11
decision_type=2 2 9 2 2 2 9 2 2 2 9 1 2 9 9 9 2 2 9 1 9 2 2 2 2 2 9 2 2 9
left_child=3 6 4 -1 7 -6 8 -3 -2 -5 19 14 15 16 24 -13 17 18 -14 -11 -10 22 -9 -17 25 26 -8 -24 -4 -30
right_child=1 2 28 9 5 -7 11 21 20 10 -12 12 13 -15 -16 23 -18 -19 -20 -21 -22 -23 27 -25 -26 -27 -28 -29 29 -31
leaf_value=-0.11276259698343577 -0.025669172436498355 0.042154278878540952 -0.010251820258115283 -0.049047287959465113 0.0026089526515442191 0.052128196248385265 -0.017582146959142363 0.0095571668190671723 0.027958860745588267 0.023637331663812444 -0.036179002691352095 -0.045384804691832314 0.059490497727709937 -0.01820048827310047 -0.010094797856328327 -0.027760666963225451 -0.011318262882540174 -0.029951180930058444 0.020462832125257253 -0.031416754357533876 -0.011211679406811495 0.049527766590302821 -0.026066335943002211 -0.0025648510508613511 -0.015518286959524381 0.016321295858140798 0.015546146218247835 0.014173435564256801 0.010764009637512719 -0.0080301235002107185
leaf_weight=91586 42520 3983 10556 47380 3127 3571 5065 9937 2070 2915 21718 10547 2140 21528 35706 7318 5270 2089 3988 2628 2604 2194 3997 7346 5801 9261 4461 3479 15107 10221
leaf_count=91586 42520 3983 10556 47380 3127 3571 5065 9937 2070 2915 21718 10547 2140 21528 35706 7318 5270 2089 3988 2628 2604 2194 3997 7346 5801 9261 4461 3479 15107 10221
internal_value=-0.00167901 -0.000502207 0.00077048 -0.00333469 0.00175426 0.00410376 -0.00100437 0.00108644 -0.00177693 -0.00270919 -0.0019568 -0.000701511 -0.00114902 -0.00049736 -0.00025427 -0.002054 0.000797511 0.00185876 0.00305767 0.000199172 0.000619982 0.000557271 0.000235779 -0.00121602 0.000518855 0.000960365 6.45964e-05 -0.000916913 -6.0607e-05 0.000355513
internal_weight=400113 233886 66172 166227 30288 6698 167714 23590 47194 74641 27261 120520 60226 35015 60294 25211 13487 8217 6128 5543 4674 19607 17413 14664 24588 18787 9526 7476 35884 25328
internal_count=400113 233886 66172 166227 30288 6698 167714 23590 47194 74641 27261 120520 60226 35015 60294 25211 13487 8217 6128 5543 4674 19607 17413 14664 24588 18787 9526 7476 35884 25328
cat_boundaries=0 29 61 87 88 117 149 175 194 195 224 250 263
cat_threshold=328 0 0 0 0 0 29440 0 0 2568192 0 0 196608 0 0 1048576 0 0 0 0 0 0 6 0 0 416 0 0 3584 323 0 0 352 0 0 28160 0 0 376832 0 0 34340864 0 0 293601280 0 0 134217728 1 0 0 28 0 0 2 0 0 640 0 0 10240 1 0 0 0 0 0 0 0 0 49152 0 0 0 0 0 148897792 0 0 1644167168 0 0 536870912 0 0 0 260 3 640 0 0 16 0 0 256 0 0 2105344 0 0 24313856 0 0 745537536 0 0 3271557120 0 0 0 2 0 0 672 0 0 3072 24 0 0 3712 0 0 229376 0 0 1183744 0 0 16908288 0 0 0 0 0 855638016 0 0 2684354560 35 0 0 85 0 0 0 0 0 49408 696 0 0 128 0 0 102656 0 0 1716224 0 0 29556736 0 0 174063616 0 0 83886080 0 0 2415919104 2 0 0 148 0 0 0 16 0 0 256 0 0 8192 0 0 196608 0 0 543162368 0 0 2197815296 10 64 0 0 96 0 0 3584 0 0 49152 0 0 0 0 0 0 0 0 0 0 0 0 0 0 0 0 0 0 512 24 0 0 3584 0 0 131072 0 0 1179648 0 0 16908288 0 0 0 0 0 50331648 0 0 536870912 2 0 0 64 179 0 0 5936 0 0 32768 0 0 0 0 0 4194304
is_linear=0
shrinkage=0.08


Tree=31
num_leaves=31
num_cat=4
split_feature=15 26 22 1 28 19 15 34 6 3 34 20 15 6 23 34 10 44 23 12 22 8 20 41 34 1 6 33 12 10
split_gain=98.8034 18.9905 8.29311 10.7176 9.37277 6.80636 6.7184 5.57158 5.19093 3.91452 7.76397 3.79655 3.78827 3.2055 3.63931 7.24277 9.7251 4.76659 4.54859 3.55385 3.2554 3.11132 2.88894 2.82053 3.40939 3.84509 4.5332 7.67223 3.01616 2.96015
threshold=0.75796782970428478 4.1272411346435556 2.4790763854980473 72.250000000000014 1005.7246704101564 0.71430635452270519 0.5300719439983369 -6.3615417480468741 0 5.2392070293426523 -7.7219238281249991 0.96836525201797496 3.2055778503417973 1 27.816806793212894 -1.8291931152343748 1.4447586536407473 9.5799584388732928 -7.8025054931640616 0.75168651342391979 1.0000000180025095e-35 2 0.56652194261550914 7.219494342803956 0.55871582031250011 91.250000000000014 3 11.609471797943117 1.5093894600868227 2.1714500188827519
decision_type=8 2 2 2 2 2 10 2 1 2 2 2 8 1 2 2 2 2 2 2 2 1 2 2 2 2 1 2 2 2
left_child=6 5 12 4 -4 -2 -1 11 -9 10 -5 -7 13 19 18 17 -17 -16 20 -3 -15 -10 -8 24 25 26 27 -12 -28 -29
right_child=1 2 3 9 -6 7 22 8 21 -11 23 -13 -14 14 15 16 -18 -19 -20 -21 -22 -23 -24 -25 -26 -27 28 29 -30 -31
leaf_value=-0.082714110305108793 -0.040324391730987057 0.014768708343706541 0.05385768591227956 0.047137882885261141 -0.0012694504227485134 -0.0040455909242807422 -0.046142178334062853 -0.050732544598340173 -0.0099285430909033211 -0.016124552004417488 0.11804896095288527 0.032395633487272341 0.024940774736355316 0.030254285720726692 -0.016192368759536599 0.035045752776579321 -0.0081509529929379432 0.017401985319027959 -0.02128202540032946 -0.0062313188767527672 -0.016303289541940894 -0.04239535625347586 -0.027623295211240732 -0.021341203729593992 -0.022293151379104644 -0.0052516768027109067 0.017476551953251398 0.061550768570142522 -0.0071514839839817582 -0.018156541512505588
leaf_weight=83177 33663 7376 3694 2956 2553 7237 29737 10074 28086 8424 2102 2380 2721 2734 19981 3038 3881 2129 40679 26511 4484 8049 27210 5268 3468 11509 6375 2009 5762 2226
leaf_count=83177 33663 7376 3694 2956 2553 7237 29737 10074 28086 8424 2102 2380 2721 2734 19981 3038 3881 2129 40679 26511 4484 8049 27210 5268 3468 11509 6375 2009 5762 2226
internal_value=-0.00165899 -0.000734201 -0.000237331 0.000556036 0.0036778 -0.00167729 -0.0033706 -0.00113518 -0.00149973 0.000166117 0.000484106 0.000616183 -0.000631087 -0.000703573 -0.000989058 -0.000282242 0.00197489 -0.000989151 -0.0014175 -5.50928e-05 0.000432761 -0.00105048 -0.00270007 0.000181878 0.000452944 0.000727769 0.00144254 0.00317319 0.000534012 0.00121084
internal_weight=399493 259369 169880 56346 6247 89489 140124 55826 46209 50099 41675 9617 113534 110813 76926 29029 6919 22110 47897 33887 7218 36135 56947 38719 33451 29983 18474 6337 12137 4235
internal_count=399493 259369 169880 56346 6247 89489 140124 55826 46209 50099 41675 9617 113534 110813 76926 29029 6919 22110 47897 33887 7218 36135 56947 38719 33451 29983 18474 6337 12137 4235
cat_boundaries=0 1 2 3 4
cat_threshold=4 2 2 8
is_linear=0
shrinkage=0.08


Tree=32
num_leaves=31
num_cat=2
split_feature=45 45 45 37 27 14 34 21 18 45 45 43 6 31 43 43 27 23 27 16 20 41 16 6 30 1 24 24 42 41
split_gain=112.699 19.387 10.249 5.28323 4.95625 4.16849 4.01914 7.12372 6.08803 5.94582 3.97392 6.12183 3.91846 4.79355 7.43012 3.77704 3.89672 3.59719 3.5412 3.17264 2.94053 3.84949 4.21837 2.71559 3.01236 3.22492 2.91038 2.81396 2.59474 2.57253
threshold=2.3784521818161015 5.2705113887786874 1.7766063809394839 3.0659054517745976 1012.5709838867189 3.0796445608139043 1.2595520019531252 2.1809314489364628 1.5225962400436404 6.1910510063171396 4.152616262435914 3.9717320203781132 0 78.418453216552749 2.150654792785645 3.9046931266784672 1015.0652465820314 25.47346115112305 1004.1149902343751 3.0215547084808354 0.60209661722183239 4.16792917251587 2.0097576379776005 1 461.06250000000006 74.750000000000014 26.140502929687504 29.076126098632816 5.5125551223754892 3.9984931945800786
decision_type=2 2 2 2 2 2 2 2 2 2 2 2 1 2 2 2 2 2 2 8 2 2 8 1 2 2 2 2 2 2
left_child=2 5 -1 6 12 10 7 19 -8 -9 15 -12 13 17 -15 16 20 -4 -14 29 -2 22 23 27 26 -26 -25 -22 -13 -3
right_child=1 3 4 -5 -6 -7 8 9 -10 -11 11 28 18 14 -16 -17 -18 -19 -20 -21 21 -23 -24 24 25 -27 -28 -29 -30 -31
leaf_value=-0.098608646096304584 -0.017573486190041402 0.025002533944847586 0.0055946048271681027 0.059861340591265744 -0.049543685226200486 -0.056260552410845571 0.0088037229670009862 0.01029071124749731 -0.032315663824740957 0.10400719447789941 0.014864748621652837 -0.0053051816624179113 -0.013141735619268518 0.036610816343389148 -0.042506738747751668 -0.037711241045018433 -0.023651079434923134 -0.029630979065913388 -0.05703742058185389 0.02208384340963998 0.015225556422598339 -0.036161956354042325 0.031664599043813392 -0.0014286121015076563 0.024036073086180373 -0.0093408215355325775 -0.031166985812984507 -0.0066903255531417872 -0.038158048748039346 0.0010680165888346195
leaf_weight=91244 14927 2539 2951 2392 29286 5225 3539 2427 4772 2658 9882 24659 5922 2812 2126 19121 21249 13381 13491 3984 11072 10610 2135 5386 2364 6379 9563 13162 5867 54733
leaf_count=91244 14927 2539 2951 2392 29286 5225 3539 2427 4772 2658 9882 24659 5922 2812 2126 19121 21249 13381 13491 3984 11072 10610 2135 5386 2364 6379 9563 13162 5867 54733
internal_value=-0.00159811 -0.000494187 -0.00323212 0.000550055 -0.00250298 -0.000992037 0.000431169 0.000638965 -0.0012263 0.00351325 -0.000917628 -0.000234352 -0.00193085 -0.00117802 0.00100404 -0.00115567 -0.000952622 -0.0018387 -0.00275264 0.000399829 -0.000683421 -0.000435788 -0.000142279 -0.000297564 -0.000906209 0.00027282 -0.0015961 0.000297847 -0.000794604 0.000247756
internal_weight=399858 238645 161213 77044 69969 161601 74652 66341 8311 5085 156376 40408 40683 21270 4938 115968 96847 16332 19413 61256 75598 60671 50061 47926 23692 8743 14949 24234 30526 57272
internal_count=399858 238645 161213 77044 69969 161601 74652 66341 8311 5085 156376 40408 40683 21270 4938 115968 96847 16332 19413 61256 75598 60671 50061 47926 23692 8743 14949 24234 30526 57272
cat_boundaries=0 1 2
cat_threshold=10 10
is_linear=0
shrinkage=0.08


Tree=33
num_leaves=31
num_cat=3
split_feature=15 26 15 27 14 37 6 21 6 1 34 16 10 26 32 27 39 37 41 29 6 24 20 34 27 34 27 14 34 24
split_gain=94.0006 15.5056 8.41555 6.82697 9.00491 5.75489 6.24324 4.82471 5.31542 4.71601 3.97003 4.2277 3.59262 3.39151 3.47929 2.79272 2.70231 3.50683 2.68975 3.73615 3.02383 2.57118 2.40063 2.24702 3.92915 2.09836 2.02207 3.50758 4.41514 2.98712
threshold=0.73791393637657177 4.1896789073944101 0.5300719439983369 1004.4049072265626 1.0775085091590884 2.321872472763062 0 0.64192453026771557 1 82.250000000000014 3.1797790527343754 0.62765225768089306 0.76075211167335521 8.0005788803100604 606.67102050781261 1014.0491333007814 0.74312376976013195 -0.011198699474334715 3.8546612262725835 0.48110198974609381 2 29.203811645507816 0.5039554536342622 -2.2723083496093746 1012.9448242187501 -3.6539001464843746 1008.182830810547 2.6715538501739506 -7.0281982421874991 28.174438476562504
decision_type=8 2 10 2 2 2 1 2 1 2 2 10 2 2 2 2 2 2 2 2 1 2 2 2 2 2 2 2 2 2
left_child=2 3 -1 4 -2 10 -7 -5 -9 -6 11 -3 -13 16 -15 22 17 -14 19 20 21 -10 -4 -21 -25 -23 27 -16 -29 -28
right_child=1 5 15 7 9 6 -8 8 18 -11 -12 12 13 14 26 -17 -18 -19 -20 23 -22 25 -24 24 -26 -27 29 28 -30 -31
leaf_value=-0.071930901923701315 -0.017206656172023504 0.029916682871977986 -0.039496021568104736 -0.044360398749627203 0.0074684714638348351 0.078888418095906646 0.0028787281202768164 -0.038420676468441585 0.015412323848554245 0.045013571826739637 -0.026356927308857109 -0.011188140830608961 -0.0093583256581723437 0.030457086229635593 -0.01003710315598705 -0.046501164333669777 -0.014146545155838857 0.0054016062916672491 -0.035574038705049583 -0.014475066375169853 -0.027522206645571746 0.0067397306874015022 -0.019570342081469884 0.045056718777268669 -0.0070062125087769914 -0.030837287884422759 0.0013820360059211805 0.035194572929224302 0.00077449230241853281 0.019441917374727453
leaf_weight=82823 8411 2011 12431 21036 3144 2782 4991 15917 3908 2097 9488 30991 25165 2473 11204 16262 29376 26458 14799 2749 11722 2015 23636 3233 2644 3913 9463 2073 7270 5343
leaf_count=82823 8411 2011 12431 21036 3144 2782 4991 15917 3908 2097 9488 30991 25165 2473 11204 16262 29376 26458 14799 2749 11722 2015 23636 3233 2644 3913 9463 2073 7270 5343
internal_value=-0.00154631 -0.000669715 -0.00326281 -0.00148405 0.000172155 -0.0002093 0.00191546 -0.00175999 -0.00139879 0.00277204 -0.000311794 -0.000212518 -0.000261531 -6.14307e-05 0.000563906 -0.00246768 -0.000353493 -4.88155e-06 -0.000953093 -0.000519839 -0.00108272 -4.70789e-05 -0.00207412 0.000886521 0.00176864 -0.00109667 0.000360489 -0.000153136 0.000990911 0.00107289
internal_weight=399828 264676 135152 95588 13652 169088 7773 81936 60900 5241 161315 151827 149816 118825 37826 52329 80999 51623 44983 30184 21558 9836 36067 8626 5877 5928 35353 20547 9343 14806
internal_count=399828 264676 135152 95588 13652 169088 7773 81936 60900 5241 161315 151827 149816 118825 37826 52329 80999 51623 44983 30184 21558 9836 36067 8626 5877 5928 35353 20547 9343 14806
cat_boundaries=0 1 2 3
cat_threshold=8 4 2
is_linear=0
shrinkage=0.08


Tree=34
num_leaves=31
num_cat=3
split_feature=14 26 41 30 6 33 34 14 27 6 14 32 33 0 27 6 27 40 12 30 0 25 14 27 44 34 41 0 32 30
split_gain=90.3095 16.7105 7.47308 5.66577 11.3101 7.29343 7.72824 6.28496 5.63995 4.65247 4.04348 3.50366 3.24947 7.17916 3.14494 7.47703 5.67507 5.94905 15.1878 4.90721 4.68395 3.8776 3.11821 3.10494 3.07654 3.24794 7.17107 3.38138 4.84922 2.86769
threshold=0.64156305789947521 3.2954849004745488 1.7508633732795718 215.56250000000003 0 18.385344505310062 -7.2206726074218741 2.388758778572083 1004.4049072265626 1 1.1924231648445132 579.92785644531261 14.178624153137209 31.750000000000004 1010.7043762207032 2 1009.6441345214845 4.3539626598358163 1.631224572658539 556.56250000000011 15.750000000000002 9.6195292472839373 1.547409236431122 1012.5709838867189 9.3705368041992205 -1.6669311523437498 6.5466954708099374 14.250000000000002 437.61914062500006 1041.9375000000002
decision_type=2 2 2 2 1 2 2 2 2 1 2 2 2 2 2 1 2 2 2 2 2 2 2 2 2 2 2 2 2 2
left_child=2 8 -1 4 -3 6 7 11 10 -10 -2 -5 13 -6 15 16 17 18 19 -8 21 -17 -16 -4 25 -7 27 -27 -29 -30
right_child=1 3 23 5 12 24 14 -9 9 -11 -12 -13 -14 -15 22 20 -18 -19 -20 -21 -22 -23 -24 -25 -26 26 -28 28 29 -31
leaf_value=-0.089140115280827173 -0.010126085354799069 0.0004591713776552039 -0.021118932004770895 0.027281117463514852 -0.01678499263693467 -0.014342210443173199 0.054375263858717951 0.049384993713631385 -0.016101359489957251 -0.04560342350294571 0.027490514503206668 -0.0047634321948839889 -0.026959386993700547 0.04613079639025236 0.0079254713325308378 0.0071623516379369567 -0.021723459922424592 -0.013672152983072991 0.13844538970978146 0.0013747878903447345 -0.02723378473135904 -0.022059904427653692 -0.026203722034576549 -0.038914278638597616 0.015607686019605597 -0.01642440646648425 0.029931277226753896 -0.02067202310780852 0.010039474468705255 0.046501960454365207
leaf_weight=73971 6852 41800 24249 3455 7097 40202 2083 3609 19357 35761 2194 4023 32848 2029 2554 17344 2731 2225 2524 4404 9116 3047 5989 24798 3171 12595 2526 2777 2125 2033
leaf_count=73971 6852 41800 24249 3455 7097 40202 2083 3609 19357 35761 2194 4023 32848 2029 2554 17344 2731 2225 2524 4404 9116 3047 5989 24798 3171 12595 2526 2777 2125 2033
internal_value=-0.00151639 -0.000713989 -0.00331951 -0.00037203 -0.000883893 -3.83694e-05 0.000575212 0.00249184 -0.00184523 -0.00214904 6.18279e-06 0.0011656 -0.00181112 -0.000475483 0.000166297 0.000442093 0.00196554 0.00276151 0.00367542 0.00162105 -0.000280016 0.000393901 -0.00123606 -0.0025527 -0.000630145 -0.000754032 2.61026e-05 -0.000493348 0.000924405 0.00265067
internal_weight=399489 276471 123018 212307 83774 128533 63104 11087 64164 55118 9046 7478 41974 9126 52017 43474 13967 11236 9011 6487 29507 20391 8543 49047 65429 62258 22056 19530 6935 4158
internal_count=399489 276471 123018 212307 83774 128533 63104 11087 64164 55118 9046 7478 41974 9126 52017 43474 13967 11236 9011 6487 29507 20391 8543 49047 65429 62258 22056 19530 6935 4158
cat_boundaries=0 1 2 3
cat_threshold=3 3 8
is_linear=0
shrinkage=0.08


Tree=35
num_leaves=31
num_cat=14
split_feature=14 26 5 5 29 5 5 28 5 16 34 32 16 34 5 29 5 19 5 39 5 6 6 34 30 5 5 5 33 28
split_gain=89.0304 17.0061 9.22535 8.6433 6.82181 6.75362 6.39505 5.20295 5.92779 4.90304 6.84621 6.08647 4.87892 4.36882 9.72098 4.18435 5.35305 3.17894 3.08087 3.0221 2.93 2.84186 2.71952 4.84259 4.84916 6.42773 5.51594 4.062 3.62018 3.6099
threshold=0.634678214788437 3.2954849004745488 0 1 0.54189682006835949 2 3 1002.7884521484376 4 1.9056079983711245 -4.9040832519531241 883.05871582031261 0.41660436987876898 -1.2508544921874998 5 0.99500656127929699 6 0.58145466446876537 7 0.87515547871589672 8 9 10 -0.20352172851562497 4.5312500000000009 11 12 13 18.2348165512085 1007.5046997070314
decision_type=2 2 9 9 2 9 9 2 9 10 2 2 10 2 9 2 9 2 9 2 9 1 1 2 2 9 9 9 2 2
left_child=3 5 4 17 6 -2 21 8 -7 13 11 -11 -4 -6 -15 18 19 -1 -14 -17 -12 -3 27 24 25 -24 28 29 -26 -20
right_child=1 2 12 -5 9 7 -8 -9 -10 10 20 -13 15 14 -16 16 -18 -19 22 -21 -22 -23 23 -25 26 -27 -28 -29 -30 -31
leaf_value=-0.035421812265364658 -0.0036324077836853473 -0.010034612986539829 0.035318829007745252 -0.06301392636139691 -0.002835683743269566 0.023324328889783637 -0.01414127290175184 -0.041938868508849633 -0.021461529520887229 0.067253915333974887 -0.019638612360801506 0.012372915444744049 -0.017310846118920985 0.050883691768403419 -0.0013554294461734855 0.037499381268118248 -0.006242736972925057 -0.013925039395776747 -0.010734926411948051 0.0056792124135616115 0.019016271358967697 0.018428235831854007 -0.001230715334915825 -0.014366079921679438 0.051885530639541919 0.044266409322734672 -0.011043485319823942 -0.020734199004352642 0.0029801446069467308 0.023441746823770569
leaf_weight=14714 14942 2490 2009 92926 18255 2224 25459 41679 6346 3250 2268 2265 41940 2039 3623 2723 9341 13672 3554 2604 8975 8155 2379 21311 2781 2223 18649 20578 4737 2019
leaf_count=14714 14942 2490 2009 92926 18255 2224 25459 41679 6346 3250 2268 2265 41940 2039 3623 2723 9341 13672 3554 2604 8975 8155 2379 21311 2781 2223 18649 20578 4737 2019
internal_value=-0.00145079 -0.000663607 -0.000318429 -0.00325982 0.000383389 -0.00179451 -0.000416903 -0.00223828 -0.000442891 0.00109377 0.00214265 0.00444887 -0.000712162 0.000358255 0.0022976 -0.000770611 0.0005047 -0.00203422 -0.000926304 0.00252328 0.00100844 0.00122832 -0.000629309 -0.000294819 0.000347119 0.00273894 -7.44174e-05 -0.00129472 0.00175219 0.00062006
internal_weight=400130 278818 213627 121312 76779 65191 36104 50249 8570 40675 16758 5515 136848 23917 5662 134839 14668 28386 120171 5327 11243 10645 78231 52080 30769 4602 26167 26151 7518 5573
internal_count=400130 278818 213627 121312 76779 65191 36104 50249 8570 40675 16758 5515 136848 23917 5662 134839 14668 28386 120171 5327 11243 10645 78231 52080 30769 4602 26167 26151 7518 5573
cat_boundaries=0 32 64 96 128 147 176 198 230 259 260 261 293 325 341
cat_threshold=200 0 0 8208 0 0 28928 0 0 405504 0 0 1245184 0 0 34603008 0 0 4076863488 0 0 2415919104 0 0 0 1 0 0 1152 0 0 98560 0 0 0 0 0 0 203776 0 0 16384 0 0 2031616 0 0 166723584 0 0 486539264 0 0 1879048192 0 0 0 146 0 0 2048 0 0 98304 164 0 0 8960 0 0 44544 0 0 49152 0 0 12648448 0 0 0 0 0 1610612736 0 0 2147483648 32 0 0 257 0 0 15360 0 0 106752 8 0 0 8192 0 0 0 0 0 0 0 0 0 0 0 0 0 0 1912602624 0 0 2415919104 0 0 0 1 0 0 1152 0 0 98560 0 0 0 0 0 0 0 0 0 3670016 0 0 50724864 0 0 241172480 0 0 2147483648 8 0 0 16 0 0 256 0 0 266240 0 0 1245184 0 0 0 0 0 4043309056 0 0 0 0 0 0 0 0 0 128 23 0 0 1888 0 0 98816 0 0 1064960 0 0 0 0 0 75497472 0 0 0 1 0 1073741824 258 0 0 1632 0 0 134656 0 0 2211840 0 0 34340864 0 0 92274688 0 0 134217728 1 0 0 28 0 0 10 0 0 8288 0 0 10240 0 0 0 16 0 0 256 0 0 262144 0 0 131072 0 0 0 0 0 0 0 0 0 0 0 0 0 0 0 1024 4 4 517 0 0 4096 0 0 65536 0 0 1048576 0 0 25165824 0 0 6291456 0 0 67108864 0 0 1610612736 0 0 0 96 0 0 256 0 0 16384 17 0 0 0 0 0 98304 0 0 524288 0 0 12582912 0 0 138412032 0 0 0 0 0 0 32 0 0 4 0 0 0 0 0 20480 544 0 0 6400 0 0 0 0 0 0 0 0 0 0 0 805306368
is_linear=0
shrinkage=0.08


Tree=36
num_leaves=31
num_cat=12
split_feature=15 26 44 5 5 34 5 28 5 37 24 26 5 8 5 44 10 5 31 37 28 5 44 32 32 33 5 28 5 5
split_gain=83.4804 13.7739 10.6575 7.24249 4.94199 4.31444 4.02734 3.95788 5.51234 3.21093 3.51076 3.79501 4.47519 3.48226 3.44702 3.23703 3.16777 3.07478 2.89026 3.05866 2.78315 4.6189 2.75873 2.54575 2.47388 2.40721 2.27876 2.27781 2.21371 2.09257
threshold=0.70510932803154003 3.546377539634705 2.1576734781265263 0 1 3.6267700195312504 2 1002.9078063964845 3 -0.54700899124145497 29.045349121093754 7.4016113281250009 4 5 6 7.7035424709320077 0.58096507191658031 7 32.944164276123054 2.7302124500274663 1012.2584228515626 8 3.1867887973785405 771.90872192382824 1308.6397705078127 23.108544349670414 9 1008.5815429687501 10 11
decision_type=8 2 2 9 9 2 9 2 9 2 2 2 9 1 9 2 2 9 2 2 2 9 2 2 2 2 9 2 9 9
left_child=2 4 6 5 -2 9 27 8 -6 13 11 12 -11 23 15 -13 29 -18 24 -20 21 -4 -12 26 -19 -14 -3 -1 -24 -5
right_child=1 3 20 16 7 -7 -8 -9 -10 10 22 14 25 -15 -16 -17 17 18 19 -21 -22 -23 28 -25 -26 -27 -28 -29 -30 -31
leaf_value=-0.0071956531881568206 -0.0067412383906151428 0.012412961090683834 0.0072997096269341076 -0.031259112644063385 0.023147441932844095 -0.02693441021057634 -0.069926301098143934 -0.032805622719841929 -0.018372500791766559 0.040399458579921721 0.021026474449334781 0.058115213919007154 -0.0053245068555953824 -0.028810351715984197 0.0124394345113921 0.025822745842828194 -0.014928134083436302 0.030960632745591871 -0.0051426989257542886 0.030280890292060238 -0.030648123802729469 -0.016865275512578586 -0.01582923836333645 0.019969413912337954 -0.0018177291326327797 0.022190492263857421 -0.026377827285743831 -0.041710816778778144 0.0046816756632406262 -0.011574760251270296
leaf_weight=4225 19888 3707 3606 5312 2109 3401 85819 45876 6507 2447 3601 2029 10806 5749 5402 3556 27215 3792 77562 2101 7567 17795 6823 3135 4326 2322 4420 8375 6801 13853
leaf_count=4225 19888 3707 3606 5312 2109 3401 85819 45876 6507 2447 3601 2029 10806 5749 5402 3556 27215 3792 77562 2101 7567 17795 6823 3135 4326 2322 4420 8375 6801 13853
internal_value=-0.00143798 -0.000648214 -0.00312871 -0.000300046 -0.00157656 0.000398697 -0.00352575 -0.00197036 -0.00039694 0.000554005 0.000916318 0.001493 0.000689123 -0.000378592 0.0026309 0.00402141 -0.000634398 -0.000475663 -0.000245146 -0.000391752 -0.00177901 -0.00131166 2.66889e-05 0.000439318 0.00119193 0.000101003 -0.000308223 -0.00218067 -0.00049406 -0.00158644
internal_weight=400127 272740 127387 198360 74380 64199 98419 54492 8616 60798 43787 26562 15575 17011 10987 5585 134161 114996 87781 79663 28968 21401 17225 11262 8118 13128 8127 12600 13624 19165
internal_count=400127 272740 127387 198360 74380 64199 98419 54492 8616 60798 43787 26562 15575 17011 10987 5585 134161 114996 87781 79663 28968 21401 17225 11262 8118 13128 8127 12600 13624 19165
cat_boundaries=0 32 64 96 128 160 161 177 209 238 267 289 321
cat_threshold=216 0 0 640 0 0 12544 0 0 405504 0 0 51511296 0 0 34603008 0 0 1929379840 0 0 2415919104 0 0 0 16 0 0 144 0 0 6400 176 0 0 9984 0 0 27648 0 0 1658880 0 0 12648448 0 0 0 0 0 1744830464 0 0 3221225472 0 0 0 1 0 0 10240 0 0 123136 4 0 0 0 0 0 3072 0 0 114688 0 0 1638400 0 0 149946368 0 0 486539264 0 0 536870912 0 0 0 128 0 0 11264 0 0 32768 0 0 0 0 0 0 0 0 0 262144 0 0 17170432 0 0 207618048 0 0 2181038080 0 0 0 0 0 0 512 0 0 0 0 0 4096 0 0 0 0 0 0 12288 0 0 0 0 0 1048576 0 0 0 0 0 570425344 0 0 2415919104 0 0 0 0 0 0 16 0 0 4352 2 16 0 0 0 0 0 12544 0 0 405504 0 0 0 0 0 1048576 2 0 0 96 0 0 3072 0 0 557056 0 0 9175040 0 0 163577856 0 0 201326592 1 0 0 40 0 0 514 0 0 12384 0 0 8192 0 0 0 4096 0 0 0 0 0 0 0 0 0 0 0 113246208 0 0 4110417920 0 0 2147483648 0 0 0 38 0 0 144 24 0 0 0 0 0 4096 0 0 393216 0 0 16908288 0 0 1048576 0 0 536870912 0 0 2415919104 0 0 0 16 0 0 128 216 0 0 512 0 0 8192 0 0 131072 0 0 17956864 0 0 0 0 0 553648128 0 0 2415919104 256 0 0 4352 0 0 2560 0 0 2670592 0 0 13107200 0 0 805306368 0 0 0 0 0 0 31 0 0 69 0 0 256 0 0 57344
is_linear=0
shrinkage=0.08


Tree=37
num_leaves=31
num_cat=11
split_feature=14 26 15 5 5 22 28 1 5 18 34 5 7 34 5 34 34 5 11 10 5 43 24 5 5 34 5 16 31 5
split_gain=84.284 15.286 7.47184 6.88104 6.1978 7.44615 5.85875 5.82563 5.38714 5.27533 4.08267 3.73617 3.50803 3.25706 2.95925 2.92461 5.30156 6.66981 2.90897 2.77519 4.2729 2.74038 3.0105 3.49445 2.68769 2.53449 2.49584 2.9537 3.0406 2.47587
threshold=0.58294883370399486 3.546377539634705 0.47903488576412206 0 1 1.0285377502441408 1002.9078063964845 69.250000000000014 2 1.6305535435676577 -8.1583557128906232 3 1.5000000000000002 3.5037841796875004 4 0.26092529296875006 -2.6542663574218746 5 0.7090660333633424 1.8245384097099306 6 3.9046931266784672 29.492126464843754 7 8 -0.050476074218749993 9 3.480485320091248 33.74798774719239 10
decision_type=2 2 8 9 9 2 2 2 9 2 2 9 2 2 9 2 2 9 2 2 9 2 2 9 9 2 9 8 2 9
left_child=2 3 -1 12 5 9 8 -7 -5 13 -9 -4 -2 21 -12 16 19 -18 -14 -16 -21 22 23 -3 25 -23 -6 28 -28 -24
right_child=1 4 11 6 26 7 -8 10 -10 -11 14 -13 18 -15 15 -17 17 -19 -20 20 -22 24 29 -25 -26 -27 27 -29 -30 -31
leaf_value=-0.064533261611543005 -0.025987203328770626 0.0046397165694763215 -0.011926679255734379 0.025516041500201633 -0.012494500800766601 0.04199039974730439 -0.033144488422967772 0.031604349851707868 -0.012060024121949673 -0.023859601484865912 -0.012173054904975835 -0.03475778400206582 -0.013273847718924689 -0.035607211410201005 -0.01793325132896199 -0.015126803921113438 0.0082654879208875695 0.098761421426053403 0.014014457291127574 0.040272592270520102 -0.0039998049663768874 -0.0040534301478950333 0.02745516594203087 0.041046758810639503 -0.0097068932461430186 0.028504920955293091 0.012891168945013871 0.021763254861833687 -0.0064763263718368618 -0.0091722381350321045
leaf_weight=67638 7979 2576 10684 2143 40698 2426 50746 3405 7867 12947 7378 30632 6448 2330 3566 2597 2996 2633 9386 2479 4100 3865 2134 2184 9885 3266 7094 2009 81282 4199
leaf_count=67638 7979 2576 10684 2143 40698 2426 50746 3405 7867 12947 7378 30632 6448 2330 3566 2597 2996 2633 9386 2479 4100 3865 2134 2184 9885 3266 7094 2009 81282 4199
internal_value=-0.00137456 -0.000663089 -0.00327205 -0.00156866 -0.000291354 0.0002888 -0.00202027 0.00122317 -0.000251498 -0.000391373 0.000908791 -0.00242327 -0.000415056 0.000184044 0.000563841 0.00110684 0.00151698 0.0034836 0.000274172 0.000423436 0.00139687 0.000422631 0.00140034 0.00291824 -0.000215201 0.000967137 -0.000623114 -0.000388696 -0.000457811 0.00025666
internal_weight=399572 290618 108954 84569 206049 74966 60756 31580 10010 43386 29154 41316 23813 30439 25749 18371 15774 5629 15834 10145 6579 28109 11093 4760 17016 7131 131083 90385 88376 6333
internal_count=399572 290618 108954 84569 206049 74966 60756 31580 10010 43386 29154 41316 23813 30439 25749 18371 15774 5629 15834 10145 6579 28109 11093 4760 17016 7131 131083 90385 88376 6333
cat_boundaries=0 32 64 96 128 157 167 177 206 235 267 299
cat_threshold=48 0 0 9984 0 0 60416 0 0 643072 0 0 12648448 0 0 0 0 0 1744830464 0 0 3221225472 0 0 0 1 0 0 15360 0 0 73984 72 0 0 8976 0 0 61696 0 0 405504 0 0 1245184 0 0 33554432 0 0 1929379840 0 0 2415919104 1 0 0 3 0 0 144 0 0 256 0 0 0 0 0 0 0 0 0 3407872 0 0 50724864 0 0 106954752 0 0 0 0 0 0 16 0 0 0 0 0 0 0 0 4096 4 0 0 0 0 0 4096 0 0 81920 0 0 589824 0 0 32505856 0 0 1560281088 0 0 805306368 0 0 0 128 0 0 2560 0 0 65536 8 0 0 8192 0 0 0 0 0 262144 0 0 196608 0 0 33554432 0 0 1895825408 0 0 2147483648 1 0 0 1 0 0 128 64 0 0 16 0 0 8448 0 0 12288 0 0 0 0 0 0 12544 0 0 12288 0 0 0 528 0 0 4096 0 0 397312 0 0 196608 0 0 33554432 0 0 0 0 0 0 0 0 0 3 0 0 128 8 0 0 8704 0 0 0 0 0 12288 0 0 196608 0 0 0 0 0 1073741824 0 0 0 0 0 0 1 0 0 128 2 0 0 64 0 0 3072 0 0 573440 0 0 42729472 0 0 960495616 0 0 134217728 1 0 1073741824 60 0 0 104 0 0 12352 0 0 26624 0 0 0 0 0 0 0 0 0 139264 0 0 131072 0 0 0 0 0 50331648 0 0 0 1 0 0 0 0 0 0 0 0 256
is_linear=0
shrinkage=0.08


Tree=38
num_leaves=31
num_cat=0
split_feature=45 45 45 40 20 37 30 34 21 43 21 43 30 0 22 34 23 23 41 37 44 45 24 34 30 36 21 43 44 45
split_gain=105.402 12.5118 9.75505 5.03463 4.27846 3.87159 3.5035 3.33288 4.50698 5.10274 3.75076 3.14541 3.09728 3.23542 3.52088 3.78617 4.44563 4.41899 3.00109 2.49608 2.38233 3.05192 2.67439 3.18566 3.53045 4.64855 2.69388 2.34573 2.25079 2.39906
threshold=2.1229940652847294 4.801305055618287 1.5800015330314638 2.1341140270233159 0.62786987423896801 3.0659054517745976 74.562500000000014 0.82290649414062511 2.1809314489364628 6.6728301048278817 1.2557039856910708 4.6772155761718759 280.81250000000006 23.750000000000004 0.010013580322265627 3.2866210937500004 26.424629211425785 18.244308471679691 4.0328972339630136 0.50351047515869152 4.6234810352325448 6.7488050460815439 29.045349121093754 -7.2206726074218741 468.81250000000006 30.597209930419925 1.3117650747299197 4.5870907306671151 2.1107199192047124 3.2964105606079106
decision_type=2 2 2 2 2 2 2 2 2 2 2 2 2 2 2 2 2 2 2 2 2 2 2 2 2 2 2 2 2 2
left_child=2 3 -1 4 -2 7 -4 8 18 -10 -9 12 13 -6 15 16 17 -15 -3 -8 -20 27 23 -23 -25 26 -26 -22 29 -5
right_child=1 5 6 28 11 -7 19 10 9 -11 -12 -13 -14 14 -16 -17 -18 -19 20 -21 21 22 -24 24 25 -27 -28 -29 -30 -31
leaf_value=-0.083888976410189817 -0.012844139243280966 0.017372564816088933 -0.036815500109690084 -0.023562411368641671 -0.015212414886099182 0.045142224395824569 -0.029739795845889053 0.0078822536118955452 0.087785951912244489 -0.00025607779832978505 -0.020390371369668231 -0.029372968033513479 0.00253352567978893 0.0087656405618500629 -0.012417720364235723 -0.014539921275704165 -0.0089217131553088642 0.041415480113581302 0.016365245054259649 0.0011151668599047458 0.011240675499100676 0.031279964746782733 -0.0077313472178205268 -0.016849466558864167 0.0069598122648652548 0.00216518946666044 0.030912617185090415 -0.0090296118823447336 -0.035057897356709132 0.021868407278527364
leaf_weight=70773 38641 4447 34124 2900 22649 2544 23948 4576 3133 2669 8431 8952 41656 6637 16578 4913 5183 3121 5954 3629 3409 2155 6993 3658 2645 11010 2163 30442 20212 2068
leaf_count=70773 38641 4447 34124 2900 22649 2544 23948 4576 3133 2669 8431 8952 41656 6637 16578 4913 5183 3121 5954 3629 3409 2155 6993 3658 2645 11010 2163 30442 20212 2068
internal_value=-0.00135098 -0.000437709 -0.00319658 -0.000840711 -0.000663072 0.000304374 -0.00246057 0.000218768 0.000414903 0.00255884 -0.000967044 -0.00040799 -0.000280188 -0.000652621 -0.000185721 0.000532822 0.00116621 0.00217117 0.000243887 -0.00178881 0.000112859 -3.29689e-05 0.00057498 0.00101455 0.000690546 0.00120849 0.00328103 -0.000547061 -0.00188646 -0.000359985
internal_weight=400213 267739 132474 173510 148330 94229 61701 91685 78678 5802 13007 109689 100737 59081 36432 19854 14941 9758 72876 27577 68429 62475 28624 21631 19476 15818 4808 33851 25180 4968
internal_count=400213 267739 132474 173510 148330 94229 61701 91685 78678 5802 13007 109689 100737 59081 36432 19854 14941 9758 72876 27577 68429 62475 28624 21631 19476 15818 4808 33851 25180 4968
is_linear=0
shrinkage=0.08


Tree=39
num_leaves=31
num_cat=13
split_feature=14 26 41 5 5 29 5 6 33 5 6 7 20 6 36 33 41 5 41 40 6 5 33 5 31 5 36 5 29 20
split_gain=80.2542 15.3333 9.27791 6.33292 5.58375 4.37446 3.9875 4.26315 3.5024 4.80058 5.70443 3.14059 3.1094 2.92071 4.37443 2.84904 2.71809 3.54546 3.10351 3.1605 2.77142 4.55037 2.84934 2.69758 2.68703 3.05007 2.78025 2.55546 3.31957 4.6563
threshold=0.54976269602775585 3.2954849004745488 1.634204685688019 0 1 0.0016670227050781252 2 3 14.00121593475342 4 5 1.5000000000000002 0.56652194261550914 6 16.000270843505863 23.182271957397464 7.6259973049163827 7 5.0469021797180185 1.9548199176788332 8 9 18.54547214508057 10 25.378828048706058 11 0.75960159301757824 12 0.57099533081054699 1.6988515853881838
decision_type=2 2 2 9 9 2 9 1 2 9 1 2 2 1 2 2 2 9 2 2 1 9 2 9 2 9 2 9 2 2
left_child=2 3 -1 11 5 23 7 15 9 10 -6 -2 -5 14 -13 -4 18 -18 19 20 21 -7 -22 -3 26 -26 -10 -20 -29 -30
right_child=1 4 6 12 8 16 -8 -9 24 -11 -12 13 -14 -15 -16 -17 17 -19 27 -21 22 -23 -24 -25 25 -27 -28 28 29 -31
leaf_value=-0.073951546087925493 -0.020476787787952113 -0.044085854887818438 0.017229049343967989 -0.034473382685554922 0.056554639559545219 0.035174751013802748 -0.028918704079132315 -0.022260784708974638 -0.0041412200673088956 -0.0036157364441027169 -6.5007281834953158e-05 0.0017731823254660429 -0.021470784263561075 -0.011386391942396103 0.049272952590363142 -0.0084330414827347537 0.0089440595732230982 -0.033825964921820426 -0.014453826230028659 -0.015798572136197411 0.0086946621681115947 0.0028270219931890292 -0.01654029895707761 0.00093769455164694133 -0.015963999099736521 -0.0063271748054290122 0.027621505958379568 0.0059381910477376088 0.015318298722677731 0.061695064149800416
leaf_weight=62631 6584 4145 2024 20543 3288 4652 22430 10270 4874 22449 4151 5420 37598 5833 2085 3474 2970 3655 2289 6713 5704 7392 5993 3588 29464 87134 2134 7299 8038 4524
leaf_count=62631 6584 4145 2024 20543 3288 4652 22430 10270 4874 22449 4151 5420 37598 5833 2085 3474 2970 3655 2289 6713 5704 7392 5993 3588 29464 87134 2134 7299 8038 4524
internal_value=-0.00128514 -0.00062599 -0.00323641 -0.00158944 -0.00028478 0.000324743 -0.00225272 -0.00127388 -0.000550674 0.000226369 0.00198472 -0.000357438 -0.00201104 0.000348216 0.00139003 0.000523377 0.000558482 -0.000967597 0.000750826 0.000226627 0.000660013 0.00151061 -0.000217463 -0.00146352 -0.000738611 -0.000830064 0.000781988 0.00147112 0.00176228 0.00255106
internal_weight=399348 298519 100829 78063 220456 66962 38198 15768 153494 29888 7439 19922 58141 13338 7505 5498 59229 6625 52604 30454 23741 12044 11697 7733 123606 116598 7008 22150 19861 12562
internal_count=399348 298519 100829 78063 220456 66962 38198 15768 153494 29888 7439 19922 58141 13338 7505 5498 59229 6625 52604 30454 23741 12044 11697 7733 123606 116598 7008 22150 19861 12562
cat_boundaries=0 32 64 96 97 129 130 131 141 142 174 200 232 251
cat_threshold=176 0 0 8960 0 0 44032 0 0 626688 0 0 12648448 0 0 0 0 0 1610612736 0 0 3221225472 0 0 0 257 0 0 15872 0 0 106752 520 0 0 8320 0 0 28928 0 0 143360 0 0 18022400 0 0 101711872 0 0 4076863488 0 0 2415919104 0 0 0 5 0 0 144 0 0 33024 20 0 0 128 0 0 4096 0 0 16384 0 0 655360 0 0 601882624 0 0 3439329280 1 0 268435456 0 0 0 958 0 0 3072 0 0 67584 2 119 0 0 880 0 0 512 0 0 0 0 0 0 0 0 10485760 0 0 0 0 0 0 0 0 0 48 0 0 1792 0 0 16384 8 10 8 0 0 0 0 0 256 0 0 4096 10 0 0 0 0 0 0 16384 0 0 0 0 0 16908288 0 0 1048576 0 0 4076863488 0 0 268435456 0 0 0 4 0 0 16 0 0 256 0 0 0 8192 0 0 16640 0 0 143360 0 0 196608 0 0 100663296 0 0 0 0 0 2415919104 0 0 0 4 2 0 0 64 0 0 3072 0 0 49152 0 0 786432 0 0 281018368 0 0 0 1 0 0 60 0 0 504 0 0 12896 0 0 22528 0 0 0 8192 0 0 0 0 0 0 0 0 16777216 0 0 0 0 0 50331648
is_linear=0
shrinkage=0.08


Tree=40
num_leaves=31
num_cat=12
split_feature=45 45 45 40 5 5 34 18 5 5 41 16 32 45 5 30 5 22 41 5 9 5 34 34 5 35 5 10 34 5
split_gain=101.638 10.7058 9.81013 4.87259 5.13115 4.17169 3.8024 9.35625 5.91709 4.14497 6.44132 6.161 5.85851 5.31695 4.41136 3.72372 3.70095 4.22506 3.72962 5.88384 3.35394 5.45441 3.32807 4.04325 3.8656 3.387 3.2104 2.80982 2.6135 3.76346
threshold=2.0575536489486699 4.2979898452758798 1.5800015330314638 2.2783110141754155 0 1 0.66030883789062511 1.5225962400436404 2 3 6.9898703098297128 1.9739224910736086 896.09753417968761 6.6695342063903817 4 20.437500000000004 5 0.72526931762695324 2.2264637947082524 6 7 8 4.2758483886718759 -0.79556274414062489 9 1.0000000180025095e-35 10 2.0110272169113164 -6.6523742675781241 11
decision_type=2 2 2 2 9 9 2 2 9 9 2 8 2 2 9 2 9 2 2 9 1 9 2 2 9 2 9 2 2 9
left_child=2 3 -1 4 22 -5 9 8 -8 10 11 15 13 27 -12 -3 17 -4 19 -19 21 -6 23 28 25 -25 -22 -13 29 -2
right_child=1 6 16 5 20 -7 7 -9 -10 -11 14 12 -14 -15 -16 -17 -18 18 -20 -21 26 -23 -24 24 -26 -27 -28 -29 -30 -31
leaf_value=-0.072038441999026634 0.025818115521923354 0.027783884284669678 -0.029732594778769737 0.00058627507896910809 0.037463758178943846 -0.042339324741048186 0.024536244597629101 -0.029203922588838641 -0.001195615591866817 -0.00032121778072416533 0.013134782019561291 0.058238657813651368 -0.01001918599798533 0.073947278151934151 -0.021057405030268015 0.0022180284110174869 -0.03393156859310708 0.039328719505987882 -0.049801753339408894 -0.01745548893073651 -0.018424101864227407 -0.0072452749554886772 -0.026739006891432583 0.011438808258917335 0.00096574215588360313 0.048852651245652925 -0.0088372074554024811 0.01295849234574936 -0.011091994368776519 -0.0049592088384494788
leaf_weight=70953 3713 2009 18038 4066 2349 12207 2009 8850 7494 57329 4758 2427 2207 3363 7414 13494 28562 2165 2001 3002 27619 4343 3527 3320 6142 2421 72636 3101 13024 5416
leaf_count=70953 3713 2009 18038 4066 2349 12207 2009 8850 7494 57329 4758 2427 2207 3363 7414 13494 28562 2165 2001 3002 27619 4343 3527 3320 6142 2421 72636 3101 13024 5416
internal_value=-0.00125609 -0.000397577 -0.00315049 -0.000818519 -0.000670635 -0.00213057 0.00019377 -0.00086108 0.00088174 0.000395288 0.0010339 0.00173146 0.00316961 0.00408448 -0.000489904 0.000700573 -0.00233464 -0.00162467 1.78313e-05 0.00115356 -0.00095308 0.000779498 0.000133783 0.000376431 0.0015663 0.00305433 -0.00106886 0.0025511 -0.00026224 0.000775139
internal_weight=399959 275238 124721 160783 144510 16273 114455 18353 9503 96102 38773 26601 11098 8891 12172 15503 53768 25206 7168 5167 106947 6692 37563 34036 11883 5741 100255 5528 22153 9129
internal_count=399959 275238 124721 160783 144510 16273 114455 18353 9503 96102 38773 26601 11098 8891 12172 15503 53768 25206 7168 5167 106947 6692 37563 34036 11883 5741 100255 5528 22153 9129
cat_boundaries=0 32 64 93 125 135 164 186 187 216 248 280 306
cat_threshold=896 0 0 11392 0 0 98304 0 0 1576960 0 0 27262976 0 0 35651584 0 0 4060086272 0 0 3221225472 1 0 0 772 0 0 0 0 0 98560 152 0 0 8704 0 0 4096 0 0 2232320 0 0 7602176 0 0 143654912 0 0 2365587456 0 0 536870912 0 0 0 484 0 0 9984 0 0 65536 768 0 0 8320 0 0 197376 0 0 2105344 0 0 18874368 0 0 0 0 0 0 0 0 0 0 0 0 288 0 0 10752 88 0 0 1664 0 0 64768 0 0 2564096 0 0 65536 0 0 605028352 0 0 1073741824 0 0 0 10 0 0 129 0 0 3712 0 0 32768 88 0 0 0 0 0 256 0 0 131072 128 0 0 0 0 0 133120 0 0 114688 0 0 12058624 0 0 260046848 0 0 4160749568 1 0 805306368 0 0 0 266 0 0 64 0 0 0 0 0 0 0 0 0 98304 0 0 524288 0 0 243269632 0 0 1879048192 0 0 536870912 10 4 0 0 608 0 0 1024 0 0 98304 0 0 0 0 0 146800640 0 0 67108864 0 0 536870912 0 0 0 128 0 0 8224 128 0 0 0 0 0 98304 0 0 1052672 0 0 18874368 0 0 33554432 0 0 1879048192 0 0 3221225472 1 0 0 0 0 0 0 0 0 256 56 0 0 4704 0 0 11776 0 0 2138112 0 0 720896 0 0 403701760 0 0 0 0 0 0 44 0 0 0 0 0 96 0 0 24576 0 0 0 128 0 0 0 0 0 1572864 0 0 25165824 0 0 2097152 0 0 3523215360 0 0 0 0 0 0 4
is_linear=0
shrinkage=0.08


Tree=41
num_leaves=31
num_cat=0
split_feature=45 45 45 43 28 27 14 45 34 35 34 32 3 34 19 14 44 27 22 37 14 44 1 27 45 19 25 34 28 38
split_gain=93.6488 9.67642 8.7115 5.1096 6.57856 4.08508 3.33562 3.63032 4.43539 4.76763 3.40003 3.64381 2.91055 2.89262 3.82598 3.79443 3.7309 3.18614 2.99307 3.0222 2.86255 3.15502 2.52681 4.35635 2.39456 4.43765 2.4793 2.45198 2.44476 2.64449
threshold=2.0043988227844243 1.5135444998741152 4.3707213401794442 4.1492872238159189 1013.4472045898439 1012.5709838867189 1.9326005578041079 2.4524557590484624 -1.8291931152343748 0.090122222900390639 -6.7512817382812491 1112.5928344726565 1417.831726074219 0.10513305664062501 1.8184587359428408 1.2200819253921511 3.0806019306182866 1013.2132263183595 0.93984603881835949 2.0698990821838383 1.0162225365638735 3.9768453836441044 91.250000000000014 1010.4832153320314 5.8700065612792978 2.14196789264679 5.7451350688934335 -0.93414306640624989 1001.4884338378907 0.27979952096939092
decision_type=2 2 2 2 2 2 2 2 2 2 2 2 2 2 2 2 2 2 2 2 2 2 2 2 2 2 2 2 2 2
left_child=1 -1 3 4 6 -3 7 -2 10 -10 20 -12 -6 16 15 -15 -4 18 -18 24 -9 -22 23 -11 26 27 -20 28 -26 -30
right_child=2 5 13 -5 12 -7 -8 8 9 22 11 -13 -14 14 -16 -17 17 -19 19 -21 21 -23 -24 -25 25 -27 -28 -29 29 -31
leaf_value=-0.071027864492655704 -0.0091478808661970851 -0.023234927070835031 0.040443377752566338 -0.031426820963884418 -0.032611032113585806 -0.036690881085504494 -0.029444273638843232 -0.0048117175440243395 0.0012386085278181648 0.055226955514165572 -0.015055967846577803 0.013185594145106384 -0.01303682935417616 0.019874558548510092 -0.028619017331018216 -0.0051530373185796523 -0.0046425319536523386 0.02946617306255421 0.00061620201450427608 0.029426758413525711 0.01735913199685811 -0.01697915315467316 0.0028573218994597444 0.017737411815879924 0.029097473008355374 0.0723303674523018 -0.035231203383134714 0.024108456046964589 -0.016998611776114333 0.003805014465780473
leaf_weight=64549 38961 30162 2161 18808 8785 23672 10540 12743 17146 2267 23932 2434 18102 2151 6285 14134 30873 2402 13081 5162 8179 2017 2365 4121 2385 2440 3795 2076 6078 17941
leaf_count=64549 38961 30162 2161 18808 8785 23672 10540 12743 17146 2267 23932 2434 18102 2151 6285 14134 30873 2402 13081 5162 8179 2017 2365 4121 2385 2440 3795 2076 6078 17941
internal_value=-0.00125523 -0.00314286 -0.000460939 -0.000820141 -0.000665744 -0.00235005 -0.000420961 -0.000295162 2.9568e-05 0.000877069 -0.000415696 -0.00103518 -0.0018005 9.0687e-05 -0.00071745 -6.99611e-05 0.00029709 0.000214602 0.000132106 0.000497054 0.000296483 0.00129492 0.00239507 0.00322101 0.000298204 0.000716456 -0.000468081 0.000435239 0.000226546 -1.6481e-05
internal_weight=399747 118383 281364 170400 151592 53834 124705 114165 75204 25899 49305 26366 26887 110964 22570 16285 88394 86233 83831 52958 22939 10196 8753 6388 47796 30920 16876 28480 26404 24019
internal_count=399747 118383 281364 170400 151592 53834 124705 114165 75204 25899 49305 26366 26887 110964 22570 16285 88394 86233 83831 52958 22939 10196 8753 6388 47796 30920 16876 28480 26404 24019
is_linear=0
shrinkage=0.08


Tree=42
num_leaves=31
num_cat=10
split_feature=14 19 41 26 34 5 5 5 5 33 5 39 14 27 41 27 5 5 36 38 8 5 5 19 34 30 29 19 26 43
split_gain=73.9631 13.2393 7.70132 5.7586 4.72306 4.59586 4.14978 4.04371 3.95075 2.6372 6.82969 2.48848 2.48286 3.13287 2.31241 2.30432 2.27718 2.1452 2.36855 2.06305 1.99161 2.38384 2.37145 2.62565 1.90492 2.91572 1.78223 1.66387 1.65082 2.30179
threshold=0.49878685176372534 0.5885700285434724 1.6148710846900942 2.9858675003051762 4.2758483886718759 0 1 2 3 5.9076478481292733 4 1.2056344151496889 1.323415279388428 1004.7857971191407 2.0494158267974858 1013.8712463378907 5 6 0.38480758666992193 -1.5317596793174741 7 8 9 2.1842292547225957 1.8717956542968752 7.3125000000000009 0.98685073852539074 1.6302110552787783 4.8779797554016122 4.5431673526763925
decision_type=2 2 2 2 2 9 9 9 9 2 9 2 2 2 2 2 9 9 2 2 1 9 9 2 2 2 2 2 2 2
left_child=2 3 -1 16 5 11 14 15 -6 10 -7 12 17 -14 -5 -4 -2 -3 -19 -15 22 -22 23 -11 25 -21 27 -27 -23 -30
right_child=1 4 7 6 8 9 -8 -9 -10 20 -12 -13 13 19 -16 -17 -18 18 -20 24 21 28 -24 -25 -26 26 -28 -29 29 -31
leaf_value=-0.06172485226475475 -0.018353432265259022 -0.019097319537637422 0.0012185112475871869 0.015445642358481462 -0.046628060072600251 0.060637254464571314 -0.014187297391991994 -0.025424298078450303 -0.0075963455407233515 0.0054331631455662565 -0.011207590100507998 -0.027381049474892501 0.027994539733222416 -0.022723947925184108 -0.0039937169097413955 -0.021573140072472245 -0.035246175464267358 0.0063911699899256713 -0.011173770805497165 0.020663292910355117 0.0036999017957302528 -0.023077772842158319 -0.0015289103439545169 0.069165957870384848 -0.032773874683819322 -0.0077015382782872248 0.01259741997775092 0.019201050203158512 0.0074760449395521534 -0.0089788122242304667
leaf_weight=58998 8148 13252 5921 2901 5730 2196 18149 19594 6868 24895 2728 8742 2043 5877 6176 3622 21649 5465 23804 2085 13140 10172 82349 2311 2263 13406 3760 2411 5120 16260
leaf_count=58998 8148 13252 5921 2901 5730 2196 18149 19594 6868 24895 2728 8742 2043 5877 6176 3622 21649 5465 23804 2085 13140 10172 82349 2311 2263 13406 3760 2411 5120 16260
internal_value=-0.00121181 -0.000633517 -0.00325804 -0.00173535 -0.000386949 -0.000308376 -0.000893818 -0.00219261 -0.00189657 -5.65619e-05 0.00176408 -0.000790493 -0.000640315 -0.000106107 0.000502582 -0.000837813 -0.00250371 -0.00104028 -0.000656766 -0.000314237 -0.000114796 -0.000564808 6.88166e-05 0.000716079 1.58754e-05 0.000246954 -5.65691e-05 -0.000428888 -0.000941595 -0.00054231
internal_weight=400035 311900 88135 57023 254877 242279 27226 29137 12598 159171 4924 83108 74366 31845 9077 9543 29797 42521 29269 29802 154247 44692 109555 27206 23925 21662 19577 15817 31552 21380
internal_count=400035 311900 88135 57023 254877 242279 27226 29137 12598 159171 4924 83108 74366 31845 9077 9543 29797 42521 29269 29802 154247 44692 109555 27206 23925 21662 19577 15817 31552 21380
cat_boundaries=0 32 64 93 125 147 179 211 212 244 276
cat_threshold=278 0 0 2144 0 0 165888 0 0 3702784 0 0 59244544 0 0 117440512 0 0 67108864 0 0 0 12 0 0 418 0 0 14336 0 0 8192 0 0 0 0 0 0 0 0 0 0 0 0 3145728 0 0 266338304 0 0 2113929216 2 0 0 1 0 0 4 0 0 432 0 0 256 20 0 0 0 0 0 2048 0 0 2179072 0 0 524288 0 0 31457280 0 0 3439329280 0 0 0 0 0 0 922 0 0 3072 0 0 0 0 0 0 26624 0 0 634880 0 0 15859712 0 0 266338304 0 0 1056964608 0 0 0 8 0 0 0 0 0 256 0 0 16640 65 0 0 1792 0 0 25088 0 0 225280 0 0 4325376 0 0 8388608 0 0 704643072 0 0 2147483648 0 0 0 64 0 0 2048 0 0 0 0 0 33554432 0 0 637534208 0 0 3758096384 0 0 268435456 1 0 0 321 0 0 0 0 0 8192 20 0 0 96 0 0 32768 0 0 2097152 0 0 17301504 0 0 0 0 0 0 0 0 0 12 0 0 0 0 0 8192 0 0 8192 2 520 0 0 8448 0 0 1024 0 0 20480 0 0 0 0 0 3145728 0 0 402653184 0 0 3489660928 0 0 0 17 0 0 1024 0 0 69632 8 0 0 0 0 0 12544 0 0 393216 0 0 1114112 0 0 134217728 0 0 50331648 0 0 2147483648 2 0 0 517 0 0 0 0 0 49408
is_linear=0
shrinkage=0.08


Tree=43
num_leaves=31
num_cat=17
split_feature=45 45 45 6 5 5 23 5 43 5 30 6 5 6 5 28 5 5 41 5 35 5 29 5 29 5 29 6 28 5
split_gain=91.1411 9.42453 7.40893 5.57954 9.4148 6.77303 4.6975 3.86136 4.16556 4.4332 3.55367 6.19107 8.17001 4.60783 4.74928 3.43547 8.71038 4.03756 3.28993 6.05794 3.16998 4.04838 4.28099 3.16957 3.14521 2.72018 3.90413 7.73919 2.62671 2.52912
threshold=1.8726302385330202 4.2979898452758798 1.459717929363251 0 1 2 25.099063873291019 3 3.9046931266784672 4 147.81250000000003 5 6 7 8 1002.5240478515626 9 10 3.347478032112122 11 0.020503997802734378 12 0.0037498474121093754 13 0.0065956115722656259 14 0.23865127563476565 15 1000.8515625000001 16
decision_type=2 2 2 1 9 9 2 9 2 9 2 1 9 1 9 2 9 9 2 9 2 9 2 9 2 9 2 1 2 9
left_child=2 3 -1 4 6 10 -2 -3 9 -9 13 12 -12 14 -5 16 -7 -17 19 -6 21 -8 -23 -20 -10 26 -4 -28 -13 -26
right_child=1 7 25 5 18 15 20 8 24 -11 11 28 -14 -15 -16 17 -18 -19 23 -21 -22 22 -24 -25 29 -27 27 -29 -30 -31
leaf_value=-0.065446447531951571 0.037216804669869909 -0.0061747773768602559 -0.034640571323346511 0.024681614275116073 0.03342651903734066 0.033804466098780205 0.02892031707835686 0.058050469927273238 -0.025482081697317076 0.0083657845958678544 0.0010360260686718965 0.0068874395506131813 0.04828241396298559 -0.01919791491880302 -0.0051936880877285268 -0.030711102335081005 -0.012362526647189696 -0.013562379466910399 -0.0097998595657785067 -0.0063138067622679405 -0.012147879516663585 -0.020633970593444725 0.013116421567737615 -0.039274908760372929 -0.00038122518658913662 -0.032224038215934607 0.019039535864217218 -0.035797309070534848 -0.01848625445172369 0.0093484602529503996
leaf_weight=59633 3605 31370 8494 2046 2391 2519 2450 2136 4382 4868 2995 6085 2200 17629 6182 19914 10190 45153 9335 19640 6803 2630 4289 9770 41867 24855 4209 5173 7003 29555
leaf_count=59633 3605 31370 8494 2046 2391 2519 2450 2136 4382 4868 2995 6085 2200 17629 6182 19914 10190 45153 9335 19640 6803 2630 4289 9770 41867 24855 4209 5173 7003 29555
internal_value=-0.00117533 -0.000465792 -0.00323379 -0.000821904 -0.000196479 -0.00113424 0.00123716 0.000104458 0.000390785 0.00225606 -0.000342392 0.000511014 0.0028418 -0.000945917 0.000616876 -0.00158342 -0.00038022 -0.00181859 -0.000885996 -0.000219773 0.000654553 0.00160827 0.000611615 -0.0016542 0.000218217 -0.00242868 -0.00167099 -0.000545998 -0.000417456 0.00034595
internal_weight=399371 297007 102364 182829 60913 121916 19777 114178 82808 7004 44140 18283 5195 25857 8228 77776 12709 65067 41136 22031 16172 9369 6919 19105 75804 42731 17876 9382 13088 71422
internal_count=399371 297007 102364 182829 60913 121916 19777 114178 82808 7004 44140 18283 5195 25857 8228 77776 12709 65067 41136 22031 16172 9369 6919 19105 75804 42731 17876 9382 13088 71422
cat_boundaries=0 1 33 65 97 126 127 153 154 186 218 250 282 314 346 378 379 408
cat_threshold=2 16 0 0 1408 0 0 71680 0 0 1200128 0 0 38010880 0 0 7340032 0 0 3992977408 0 0 1879048192 1 0 0 5 0 0 0 0 0 35072 641 0 0 8208 0 0 131072 0 0 1114112 0 0 19922944 0 0 60817408 0 0 1929379840 1 0 2147483648 3 0 0 976 0 0 3072 0 0 65536 259 0 0 3136 0 0 98304 0 0 1605632 0 0 43778048 0 0 281018368 0 0 922746880 0 0 1879048192 0 0 0 0 0 0 12288 0 0 86016 0 0 0 416 0 0 5632 0 0 2121728 0 0 6356992 0 0 0 0 0 0 0 0 0 0 0 0 176 0 0 3840 9 640 0 0 8208 0 0 131072 0 0 1114112 0 0 0 0 0 35651584 0 0 268435456 0 0 2147483648 1 0 0 768 1 0 0 0 0 0 0 0 0 0 1048576 0 0 16777216 0 0 0 0 0 0 0 0 2147483648 3 0 0 592 0 0 0 0 0 65536 0 0 0 0 0 0 0 0 0 2678784 0 0 42336256 0 0 201326592 0 0 0 0 0 0 16 0 0 0 0 0 8704 0 0 6144 264 0 0 3328 0 0 94464 0 0 290816 0 0 9371648 0 0 469762048 0 0 0 0 0 0 4 0 0 6 0 0 112 0 0 14592 295 0 0 6720 0 0 49152 0 0 524288 0 0 0 0 0 0 0 0 0 0 0 0 0 0 0 64 0 0 0 0 0 24576 16 0 0 1152 0 0 2048 0 0 1069056 0 0 4194304 0 0 0 0 0 3758096384 0 0 0 1 0 0 4 0 0 0 0 0 256 776 0 0 8768 0 0 9472 0 0 335872 0 0 27459584 0 0 0 0 0 16777216 0 0 0 0 0 0 448 0 0 15488 0 0 20480 64 0 0 0 0 0 6144 0 0 98304 0 0 3670016 0 0 764411904 0 0 3892314112 0 0 2952790016 0 0 0 146 0 0 10240 0 0 16384 10 752 0 0 4912 0 0 153088 0 0 16384 0 0 23068672 0 0 137363456 0 0 0 0 0 0 4 0 0 352 0 0 512
is_linear=0
shrinkage=0.08


Tree=44
num_leaves=31
num_cat=2
split_feature=45 45 45 40 34 16 34 18 6 34 10 15 6 27 0 43 34 27 34 45 34 18 0 38 34 29 0 0 34 31
split_gain=85.8994 9.06309 7.87941 5.03748 5.52307 4.77878 5.90674 5.28373 4.63511 8.38599 7.80462 9.80275 4.43392 4.677 5.18627 3.92531 3.90195 3.77674 4.75509 3.32994 2.99289 8.34459 2.92311 2.88322 2.78608 6.24907 6.77513 6.5778 3.27935 4.61478
threshold=1.8726302385330202 4.2979898452758798 1.459717929363251 2.2497584819793706 4.4267272949218759 0.72332501411437999 0.10513305664062501 1.5225962400436404 0 -5.2301635742187491 1.981522858142853 1.6861679553985598 1 1002.8308715820314 25.750000000000004 2.5693377256393437 0.71688842773437511 1012.5149230957032 -1.7885437011718748 2.1923964023590092 -1.0262756347656248 1.3727577328681948 27.250000000000004 0.20915150642395022 -1.8291931152343748 0.39176559448242193 12.750000000000002 24.250000000000004 -3.6539001464843746 80.119049072265639
decision_type=2 2 2 2 2 10 2 2 1 2 2 10 1 2 2 2 2 2 2 2 2 2 2 2 2 2 2 2 2 2
left_child=2 3 -1 4 12 -3 8 -8 9 -7 11 -11 17 14 15 -14 22 24 23 -18 -10 -22 -15 -19 28 27 -27 -26 29 -2
right_child=1 5 -4 -5 -6 6 7 -9 20 10 -12 -13 13 16 -16 -17 19 18 -20 -21 21 -23 -24 -25 25 26 -28 -29 -30 -31
leaf_value=-0.060155950791074241 3.7333789047836784e-05 0.029691007050265086 -0.025740297978454899 -0.029659043689070481 -0.023698835066998589 0.07568373131837984 0.00059728723639198883 -0.026682756177152257 -0.0015486653989277813 -0.00085246501743518747 -0.011940323270438034 0.089432462705443291 0.02971692612796431 -0.024125507614277009 -0.010988006852201549 0.0011112762556683674 -0.019828528235612226 -0.0034921472370748213 -0.014843067578739145 0.0054335490707809941 -0.006135148057391817 0.030784537109673691 -0.0094714032475899552 0.02065941397919074 -0.015609306068703616 0.00014201568784350771 0.043276442208147831 0.028664252855006681 -0.013180518273423985 0.043408183281142251
leaf_weight=59593 16223 2023 42695 17390 14800 2590 11232 10971 64572 3075 8453 2806 3044 23003 7185 4138 3314 4609 18631 9136 5182 3560 20585 2465 9591 3792 4938 3935 14302 2216
leaf_count=59593 16223 2023 42695 17390 14800 2590 11232 10971 64572 3075 8453 2806 3044 23003 7185 4138 3314 4609 18631 9136 5182 3560 20585 2465 9591 3792 4938 3935 14302 2216
internal_value=-0.00116052 -0.000473398 -0.00316049 -0.000822163 -0.000686296 8.51188e-05 1.56147e-05 -0.00115302 0.000303252 0.00149575 0.000737869 0.00297335 -0.000541753 -0.00100561 0.000281838 0.00180089 -0.00133586 -0.000136866 -0.000937197 -8.66783e-05 2.75988e-05 0.0014159 -0.00169256 0.00082778 0.000237278 0.000927691 0.00259496 -0.000149528 -0.000232177 0.00047287
internal_weight=400049 297761 102288 183297 165907 114464 112441 22203 90238 16924 14334 5881 151107 70405 14367 7182 56038 80702 25705 12450 73314 8742 43588 7074 54997 22256 8730 13526 32741 18439
internal_count=400049 297761 102288 183297 165907 114464 112441 22203 90238 16924 14334 5881 151107 70405 14367 7182 56038 80702 25705 12450 73314 8742 43588 7074 54997 22256 8730 13526 32741 18439
cat_boundaries=0 1 2
cat_threshold=8 10
is_linear=0
shrinkage=0.08


Tree=45
num_leaves=31
num_cat=13
split_feature=45 45 45 44 45 44 39 5 5 5 29 6 27 29 5 29 6 27 6 23 12 5 5 43 29 5 5 6 27 5
split_gain=81.533 10.3719 8.24596 4.09229 4.18928 6.24876 5.7934 4.01905 3.75357 3.66745 4.07939 8.04713 3.83292 4.47495 3.62972 3.12983 4.69557 2.92013 3.86408 3.5275 2.62743 2.55677 2.3996 2.26989 2.14939 7.51987 3.87415 3.2058 5.19905 4.80282
threshold=1.912488639354706 1.4067560434341433 2.3192214965820317 1.3903147578239443 6.6695342063903817 6.6248173713684091 1.2514240145683291 0 1 2 0.2341270446777344 3 1013.5471191406251 0.54189682006835949 4 0.93406295776367199 5 1013.2805480957032 6 26.297382354736332 0.87510669231414806 7 8 7.4792280197143564 0.0016670227050781252 9 10 11 1009.2778930664064 12
decision_type=2 2 2 2 2 2 2 9 9 9 2 1 2 2 9 2 1 2 1 2 2 9 9 2 2 9 9 1 2 9
left_child=1 -1 14 -4 6 -6 8 -8 15 10 -3 12 13 -12 17 -5 -17 18 19 -2 -7 -22 -21 24 25 -10 27 28 -26 -30
right_child=2 9 3 4 5 20 7 -9 23 -11 11 -13 -14 -15 -16 16 -18 -19 -20 22 21 -23 -24 -25 26 -27 -28 -29 29 -31
leaf_value=-0.059290562361511936 0.026804918587422441 -0.027053445219491285 0.031102770247114452 -0.011180954350103937 0.043255783955282893 -0.012143152844991434 -1.5386225653855049e-05 -0.040734066394061873 0.019458601202966542 -0.029957852820025544 0.0042142079132677663 -0.026929663508249883 -0.017512903471382093 0.039187757585899555 -0.020334906834247889 0.030887733778296629 -0.006031342940366031 -0.016535913068401135 -0.011855183830855865 0.012149517352359886 0.011106867508485375 -0.0020757913783539189 -0.019423009410143331 -0.041262272019489697 0.0016159101071717029 -0.020319020955779549 -0.0021634487249233432 0.0026333782094289165 0.01781517609492653 0.055567808678688595
leaf_weight=54977 2490 11699 2125 43424 2133 4559 5188 11189 2109 25216 2397 8725 2026 2071 24344 3390 7788 8637 7821 2287 15628 13892 2137 2430 5392 11454 85079 24579 2627 2542
leaf_count=54977 2490 11699 2125 43424 2133 4559 5188 11189 2109 25216 2397 8725 2026 2071 24344 3390 7788 8637 7821 2287 15628 13892 2137 2430 5392 11454 85079 24579 2627 2542
internal_value=-0.00111373 -0.00300262 -0.000423716 -0.000236673 -0.00026725 0.00052653 -0.000406003 -0.00184952 -0.00028202 -0.00219347 -0.00154102 -0.000677393 0.00145287 0.00276195 -0.00138591 -0.000842299 0.00035109 -0.000672368 1.22066e-05 0.00138794 0.000262958 0.000539112 3.24754e-05 -5.73149e-05 -1.32155e-05 -0.00096751 9.45187e-05 0.000800909 0.00196541 0.00377756
internal_weight=400355 107111 293244 245528 243403 36212 207191 16377 190814 52134 26918 15219 6494 4468 47716 54602 11178 23372 14735 6914 34079 29520 4424 136212 133782 13563 120219 35140 10561 5169
internal_count=400355 107111 293244 245528 243403 36212 207191 16377 190814 52134 26918 15219 6494 4468 47716 54602 11178 23372 14735 6914 34079 29520 4424 136212 133782 13563 120219 35140 10561 5169
cat_boundaries=0 29 61 90 91 120 121 122 151 177 209 241 242 274
cat_threshold=184 0 0 15872 0 0 136192 0 0 2113536 0 0 4194304 0 0 137363456 0 0 0 0 0 0 0 0 0 133 0 0 11776 227 0 0 112 0 0 9728 0 0 2277376 0 0 9699328 0 0 276824064 0 0 201326592 0 0 0 44 0 0 10 0 0 4240 0 0 12288 0 0 0 0 0 0 4096 0 0 98304 0 0 37224448 0 0 768606208 0 0 4227858432 1 0 805306368 0 0 0 1010 0 0 8192 10 1 0 0 192 0 0 2048 0 0 81920 0 0 0 0 0 597688320 0 0 3959422976 1 0 3221225472 9 0 0 831 0 0 5248 10 10 345 0 0 528 0 0 91392 0 0 471040 0 0 4259840 0 0 0 0 0 0 0 0 0 0 0 0 128 0 0 2560 1 0 0 192 0 0 0 0 0 81920 0 0 0 0 0 33554432 0 0 3758096384 0 0 0 0 0 0 6 0 0 0 0 0 0 2048 0 0 1114112 0 0 20971520 0 0 0 0 0 1610612736 0 0 0 2 0 0 1008 0 0 3584 0 0 32768 0 0 0 128 0 0 49408 0 0 12288 0 0 19070976 0 0 576716800 0 0 2466250752 0 0 3489660928 1 0 0 512 0 0 256 0 0 98560 2 0 0 0 128 0 0 33024 0 0 0 0 0 18874368 0 0 4194304 0 0 16777216 0 0 0 0 0 0 512 0 0 256 0 0 98304
is_linear=0
shrinkage=0.08


Tree=46
num_leaves=31
num_cat=11
split_feature=15 21 37 5 42 5 16 5 28 28 5 39 5 21 5 10 5 5 22 13 20 5 5 28 5 22 22 38 10 32
split_gain=68.4053 12.1167 7.36393 4.69492 3.87236 3.654 3.48285 3.81049 3.47 2.79889 6.31965 2.93252 3.71218 3.022 2.77176 2.69645 2.81223 2.574 2.37177 3.90899 3.5532 3.07573 3.02658 2.23852 3.48796 2.17038 2.13289 2.40728 3.44541 1.99011
threshold=0.47264237701892858 0.68404871225357067 0.76574325561523449 0 1.5716497302055361 1 0.32719074189662939 2 1009.3134155273439 1010.9728088378907 3 1.3571362495422366 4 2.1809314489364628 5 1.0065866112709048 6 7 1.7066001892089846 1.34946745634079 1.6988515853881838 8 9 1007.4121704101564 10 1.7781257629394533 0.010013580322265627 0.482192873954773 0.64915373921394359 517.42150878906261
decision_type=8 2 2 9 2 9 10 9 2 2 9 2 9 2 9 2 9 9 2 2 2 9 9 2 9 2 2 2 2 2
left_child=3 2 4 8 -2 -4 -3 18 -1 11 -11 12 13 23 -13 -12 -17 -6 22 21 -21 -20 26 25 -25 -9 27 28 -8 -26
right_child=1 6 5 -5 17 -7 7 9 -10 10 15 14 -14 -15 -16 16 -18 -19 19 20 -22 -23 -24 24 29 -27 -28 -29 -30 -31
leaf_value=0.0040991345888700716 -0.027903393197431656 0.01901251433658693 0.012895375963127976 -0.042705699828198745 -0.0042374537396418785 -0.0097066618208757581 0.0069261245490808776 -0.011856890621996637 -0.021306166969976319 -0.034715092989273881 -0.007732070833905114 -0.00043568880950099032 -0.006213100469459434 0.062145548392977423 -0.026923049982929218 -0.0078423654878372277 0.031545314911738127 -0.014147661597509853 0.016740106397061173 0.011129573778815174 0.075917664503277985 -0.010473616970556963 -0.0055570126019067511 0.028372922007054262 -0.018276181186584813 0.0068929017042762466 -0.0014254378073106789 -0.0028906894808154349 0.035292599118325219 0.010288827287094064
leaf_weight=2608 23854 3393 5484 60235 18718 4605 2385 13456 6011 10122 13764 5937 82837 2230 10236 2595 2357 41529 4740 3691 2569 6503 35517 2937 3211 9783 6165 2090 2229 8297
leaf_count=2608 23854 3393 5484 60235 18718 4605 2385 13456 6011 10122 13764 5937 82837 2230 10236 2595 2357 41529 4740 3691 2569 6503 35517 2937 3211 9783 6165 2090 2229 8297
internal_value=-0.00108142 -0.000604438 -0.00137198 -0.00337558 -0.00161696 0.000669768 -0.00029941 -0.000336403 -0.0016201 -0.000538843 -0.00125596 -0.000389942 -0.000256467 0.000377221 -0.00140221 -0.000383434 0.00121564 -0.00127501 0.000179094 0.000976873 0.00257735 8.42432e-05 -0.000109597 0.000207565 0.000989276 -0.000278551 0.000940646 0.00192791 0.00294637 0.000358084
internal_weight=400088 331234 94190 68854 84101 10089 237044 233651 8619 167762 28838 138924 122751 39914 16173 18716 4952 60247 65889 17503 6260 11243 48386 37684 14445 23239 12869 6704 4614 11508
internal_count=400088 331234 94190 68854 84101 10089 237044 233651 8619 167762 28838 138924 122751 39914 16173 18716 4952 60247 65889 17503 6260 11243 48386 37684 14445 23239 12869 6704 4614 11508
cat_boundaries=0 32 61 93 125 154 180 209 241 270 302 325
cat_threshold=0 0 0 0 0 0 6144 0 0 1146880 0 0 1966080 0 0 267386880 0 0 117440512 0 0 1879048192 0 0 0 48 0 0 10240 0 0 16384 0 0 0 128 0 0 3072 0 0 2162688 0 0 53477376 0 0 767557632 0 0 3992977408 2 0 4026531840 1 0 0 4 0 0 464 8 0 0 16 0 0 13568 0 0 217088 0 0 1114112 0 0 673185792 0 0 16777216 0 0 2415919104 2 0 0 343 0 0 1536 0 0 98560 101 0 0 15968 0 0 51200 0 0 827392 0 0 10485760 0 0 130023424 0 0 100663296 0 0 0 8 0 0 0 0 0 0 0 0 4096 64 0 0 768 0 0 49664 0 0 794624 0 0 10485760 0 0 9437184 0 0 100663296 0 0 0 8 0 0 160 0 0 2048 241 0 0 15872 0 0 0 0 0 0 0 0 2228224 0 0 0 0 0 0 0 0 0 0 0 0 128 770 0 0 128 0 0 197120 0 0 0 0 0 0 0 0 1048576 0 0 402653184 0 0 1610612736 0 0 0 160 0 0 8192 8 0 0 128 0 0 0 0 0 0 0 0 18874368 0 0 576716800 0 0 1879048192 1 0 0 1 0 0 561 0 0 896 0 0 8192 0 0 0 16 0 0 1024 0 0 4096 0 0 1114112 0 0 673185792 0 0 16777216 0 0 268435456 0 0 0 1 0 0 1024 8 0 0 0 0 0 0 0 0 16384 0 0 0 0 0 536870912 0 0 0 0 0 2147483648 2 0 0 343 0 0 0 0 0 98560 0 0 0 0 0 0 0 0 0 786432 0 0 2097152 0 0 8388608 0 0 100663296 0 0 0 8
is_linear=0
shrinkage=0.08


Tree=47
num_leaves=31
num_cat=3
split_feature=14 13 6 20 41 22 16 27 31 32 14 31 40 20 6 22 41 33 1 6 27 3 13 3 41 1 27 21 27 24
split_gain=67.3693 13.169 4.77771 4.71569 4.10884 3.44693 2.64067 2.80767 5.97746 3.66103 4.55917 3.02735 2.41581 2.27631 2.03019 3.64104 3.30606 4.6168 3.66466 3.2907 8.67554 8.79096 8.11696 4.4877 3.96267 4.59461 3.73402 6.61272 3.15629 3.11179
threshold=0.41079722344875341 0.45270857214927679 0 0.62455564737319957 1.4222320318222048 0.058650970458984382 0.35838957130908972 1004.2604064941407 76.052387237548842 710.58251953125011 2.3091342449188237 35.220981597900398 5.0595116615295419 0.46099692583084112 1 0.18739700317382815 3.347478032112122 21.937344551086429 89.750000000000014 2 1009.5994567871095 110.94652938842775 1.5449361205101015 5.2392070293426523 5.9263112545013437 75.750000000000014 1008.8784484863282 1.5850328207015993 1010.3123474121095 28.271408081054691
decision_type=2 2 1 2 2 2 10 2 2 2 2 2 2 2 1 2 2 2 2 1 2 2 2 2 2 2 2 2 2 2
left_child=4 2 13 -3 -1 -4 -5 8 -8 10 -10 -9 14 -2 16 -16 17 28 -18 20 22 -22 24 26 25 -17 -21 29 -13 -28
right_child=1 3 5 6 -6 -7 7 11 9 -11 -12 12 -14 -15 15 19 18 -19 -20 23 21 -23 -24 -25 -26 -27 27 -29 -30 -31
leaf_value=-0.054045148071238953 -0.017216955746820205 -0.0091967605266866734 -0.030383241753960816 0.020169600687967051 -0.01990247984810356 -0.015170738068524514 -0.011332215542185413 0.0098574995325106593 0.012675198335408746 -0.00098112390286556462 0.065351820952397499 0.013938460158714066 -0.029157810918931767 -0.00052970696111293936 -0.012700696086974557 0.05584015250468876 0.0013591486250414651 -0.00091814151176566872 -0.033827116891526864 -0.0084521716268930874 -0.020187232047589942 0.02997268115577802 0.082301109330652461 -0.016629674249743837 -0.038641909406062963 0.0032940759462591119 -0.0068824569796674387 0.029198362439742935 0.057379556192909006 0.011832352790482477
leaf_weight=44886 5665 49610 17913 3282 21048 20924 10468 14585 9780 6808 2102 2718 3645 12961 42427 2035 24406 8801 9462 22720 12383 2976 3978 17789 2347 4390 10729 3276 2764 3281
leaf_count=44886 5665 49610 17913 3282 21048 20924 10468 14585 9780 6808 2102 2718 3645 12961 42427 2035 24406 8801 9462 22720 12383 2976 3978 17789 2347 4390 10729 3276 2764 3281
internal_value=-0.00105475 -0.000593655 -0.00169561 -0.000364807 -0.00339161 -0.00220058 -0.000210459 -0.000243524 0.00048848 0.00134545 0.0021924 -0.000353161 -0.000442931 -0.000640567 -0.000400744 -0.000566915 4.22651e-05 0.00106262 -0.000388217 -0.000267431 0.000442389 -0.000837791 0.00198433 -0.000612645 0.000623092 0.00165035 -0.000142544 0.000743292 0.00288274 -1.42663e-05
internal_weight=400159 334225 57463 276762 65934 38837 227152 223870 29158 18690 11882 194712 180127 18626 176482 128331 48151 14283 33868 85904 28109 15359 12750 57795 8772 6425 40006 17286 5482 14010
internal_count=400159 334225 57463 276762 65934 38837 227152 223870 29158 18690 11882 194712 180127 18626 176482 128331 48151 14283 33868 85904 28109 15359 12750 57795 8772 6425 40006 17286 5482 14010
cat_boundaries=0 1 2 3
cat_threshold=3 2 8
is_linear=0
shrinkage=0.08


Tree=48
num_leaves=31
num_cat=2
split_feature=41 26 19 17 28 16 6 29 0 27 30 30 1 14 23 30 0 16 19 36 28 6 34 41 22 30 33 40 0 29
split_gain=66.3008 11.7738 6.04949 4.09183 3.48693 5.40855 4.0854 5.12877 6.60696 4.91757 10.2975 4.63829 4.9712 4.55014 3.78692 3.79047 3.52869 3.44592 6.76703 3.1641 3.1341 4.11365 3.95129 3.05813 3.01442 3.01131 2.96968 3.12702 5.26423 2.88568
threshold=1.5412865877151491 2.8569051027297978 0.56946086883544933 0.4033311009407044 1011.8684387207032 0.24176110327243808 0 0.99384689331054699 18.750000000000004 1010.8400878906251 32.812500000000007 412.93750000000006 72.750000000000014 2.6379964351654057 -8.953880310058592 2.0937500000000004 8.2500000000000018 1.6212063431739809 0.93461784720420849 88.698863983154311 1013.115936279297 1 -9.4716186523437482 6.6031701564788827 0.76532363891601574 1104.9375000000002 18.283967971801761 2.9202816486358647 12.750000000000002 0.0016670227050781252
decision_type=2 2 2 10 2 10 1 2 2 2 2 2 2 2 2 2 2 10 2 2 2 1 2 2 2 2 2 2 2 2
left_child=3 2 -2 -1 5 -3 7 8 9 10 -7 -8 13 17 15 -6 -14 18 -13 -9 21 22 -4 24 -18 26 27 28 -12 -10
right_child=1 4 20 -5 14 6 11 19 29 -11 25 12 16 -15 -16 -17 23 -19 -20 -21 -22 -23 -24 -25 -26 -27 -28 -29 -30 -31
leaf_value=-0.049466927967787129 -0.021027089137285255 0.032152243897039863 0.0082066045893812653 -0.022052954687415006 0.023413214526016718 0.026836451005092642 -0.0099737767141717167 0.0090149260456697522 -0.0074806907432132591 -0.018345594206762923 0.004539739562250099 -0.0025169071502625742 0.01151731369495102 0.032414207167369563 -0.012006443049043272 -0.0099284537418511988 -0.017728882053372946 -0.011694496122847661 0.038724608675728772 0.069864837862670531 -0.021004758917892614 0.0019759126821814309 -0.026874977792693908 -0.017226551992870459 0.0020603263692356957 -0.016823476190623868 -0.0079975832696109646 -0.011237584844566164 0.067784286797851326 0.010386076331890166
leaf_weight=43823 35368 2008 2897 19349 3132 2074 51665 3802 6239 16370 4206 3409 5828 2029 32964 5510 6544 3954 2232 2642 8459 21330 10272 14543 24046 16948 12183 3735 2886 29839
leaf_count=43823 35368 2008 2897 19349 3132 2074 51665 3802 6239 16370 4206 3409 5828 2029 32964 5510 6544 3954 2232 2642 8459 21330 10272 14543 24046 16948 12183 3735 2886 29839
internal_value=-0.00100831 -0.000562571 -0.00142188 -0.00338654 -0.000302445 -0.000173893 -0.000212545 0.000158344 9.3122e-06 -0.00051647 -5.82284e-05 -0.000540125 -7.70039e-05 0.00141516 -0.00097328 0.000516874 -0.000417572 0.000685059 0.00195293 0.00234025 -0.000783654 -0.000444986 -0.00155554 -0.000656847 -0.000202615 -0.000344076 0.000251954 0.00121546 0.00220107 0.00086034
internal_weight=400286 337114 78326 63172 258788 217182 215174 100924 94480 58402 42032 114250 62585 11624 41606 8642 50961 9595 5641 6444 42958 34499 13169 45133 30590 39958 23010 10827 7092 36078
internal_count=400286 337114 78326 63172 258788 217182 215174 100924 94480 58402 42032 114250 62585 11624 41606 8642 50961 9595 5641 6444 42958 34499 13169 45133 30590 39958 23010 10827 7092 36078
cat_boundaries=0 1 2
cat_threshold=10 4
is_linear=0
shrinkage=0.08


Tree=49
num_leaves=31
num_cat=11
split_feature=45 45 45 34 5 5 34 32 5 16 5 5 35 33 5 5 34 5 5 5 44 45 45 25 33 5 34 36 27 24
split_gain=73.739 11.1357 5.1905 4.00537 5.9713 3.5932 5.02948 4.50662 5.69184 2.53608 2.40465 2.11846 2.3643 2.06417 3.38163 1.92088 1.85275 2.09315 1.82485 1.77501 1.76991 2.0382 1.76312 2.35145 1.82518 3.49015 2.47787 2.29863 2.20752 1.7582
threshold=1.6431680321693423 2.3481683731079106 1.3130736351013186 3.6267700195312504 0 1 -5.5931091308593741 732.56158447265636 2 1.0000000180025095e-35 3 4 0.069141387939453139 16.286399841308597 5 6 -1.6274108886718748 7 8 9 1.7685613632202151 4.152616262435914 9.1399879455566424 9.2277550697326678 14.584127902984621 10 3.5037841796875004 96.931457519531264 1012.7457580566407 40.766632080078132
decision_type=2 2 2 2 9 9 2 2 9 10 9 9 2 2 9 9 2 9 9 9 2 2 2 2 2 9 2 2 2 2
left_child=2 3 -1 4 13 6 7 8 -3 -7 -5 12 19 14 -2 -4 -14 -18 -6 -11 -8 -22 23 24 25 -13 29 28 -27 -26
right_child=1 5 15 10 18 9 20 -9 -10 11 -12 22 16 -15 -16 -17 17 -19 -20 -21 21 -23 -24 -25 26 27 -28 -29 -30 -31
leaf_value=-0.05165029795675935 0.02268766745670853 0.047412597199676006 -0.014312244945830405 -0.0056182818066285193 -0.030185354807974997 0.022251791711457396 0.017354676016798562 -0.0051940238604728404 0.003873097038342958 -0.00073934782484479274 -0.026787012927553026 -0.0064629082001574399 -0.0042459144090657751 -0.0059043762167599531 -0.0041042230250236964 -0.025127471396338787 -0.0033451066688921834 0.028220457756372306 -0.013513374420673454 0.018336402420368221 -0.013997924058839335 -0.0056318424588405868 0.013430414225622111 -0.027215404628407977 -0.0023499893835326534 0.0013288590656727092 -0.018918311689956897 0.03784576807903544 0.032311284440866769 0.012578434128042371
leaf_weight=47203 3453 2379 10286 3392 4763 2197 2032 7058 3635 2496 10059 7559 13718 24887 5779 19660 2237 2307 28576 6463 32354 41156 3533 3221 86797 8255 6977 3016 2007 2599
leaf_count=47203 3453 2379 10286 3392 4763 2197 2032 7058 3635 2496 10059 7559 13718 24887 5779 19660 2237 2307 28576 6463 32354 41156 3533 3221 86797 8255 6977 3016 2007 2599
internal_value=-0.00100518 -0.000474243 -0.00322705 -0.00128667 -0.00103504 -0.000202574 -0.000608075 0.000840238 0.00244754 3.17587e-05 -0.00254691 -7.54089e-06 0.000631253 -0.000290461 0.000730577 -0.00240166 0.000109018 0.00150725 -0.0017961 0.00169517 -0.000858853 -0.000923287 -0.000147891 -0.000199634 -0.000140933 0.000537822 -0.000287728 0.00131809 0.000746884 -0.000174307
internal_weight=400054 322905 77149 80909 67458 241996 88614 13072 6014 153382 13451 151185 27221 34119 9232 29946 18262 4544 33339 8959 75542 73510 123964 120431 117210 20837 96373 13278 10262 89396
internal_count=400054 322905 77149 80909 67458 241996 88614 13072 6014 153382 13451 151185 27221 34119 9232 29946 18262 4544 33339 8959 75542 73510 123964 120431 117210 20837 96373 13278 10262 89396
cat_boundaries=0 32 64 77 109 141 167 199 231 263 289 321
cat_threshold=512 0 0 0 0 0 0 0 0 65536 0 0 3145728 0 0 668991488 0 0 4244635648 1 0 2415919104 0 0 0 319 0 0 1408 0 0 65536 291 0 0 4192 0 0 175872 0 0 3981312 0 0 12713984 0 0 411041792 0 0 134217728 0 0 0 24 0 0 8 0 0 8192 0 0 4096 1 0 0 96 0 0 134912 0 0 1851392 0 0 8519680 0 0 0 0 0 0 0 0 0 2097152 0 0 0 0 0 807403520 0 0 0 1 0 4026531840 11 0 0 560 0 0 12448 0 0 100352 8 0 0 128 0 0 0 0 0 131072 0 0 35651584 0 0 33554432 0 0 2415919104 0 0 2147483648 7 0 0 788 0 0 800 0 0 100608 0 0 0 0 0 0 0 0 0 65536 0 0 0 0 0 14680064 0 0 2013265920 0 0 0 0 0 0 56 4 0 0 0 0 0 6144 0 0 98304 0 0 3670016 0 0 62914560 0 0 3221225472 1 0 536870912 32 0 0 882 0 0 8192 0 0 256 8 0 0 0 0 0 0 0 0 0 0 0 33554432 0 0 33554432 0 0 0 0 0 0 4 0 0 0 0 0 768 0 0 98304 492 0 0 15360 0 0 126976 0 0 1974272 0 0 4390912 0 0 0 0 0 0 2 0 0 48 0 0 0 0 0 0 0 0 60672 0 0 0 128 0 0 0 0 0 131072 0 0 2097152 0 0 0 0 0 0 0 0 0 4 0 0 4 512 0 0 8192 0 0 0 0 0 65536 0 0 17039360 0 0 542113792 0 0 1677721600 0 0 1610612736 0 0 0 66 0 0 4096 0 0 8192
is_linear=0
shrinkage=0.08


Tree=50
num_leaves=31
num_cat=4
split_feature=17 19 29 23 15 42 6 22 30 27 27 0 37 7 7 30 36 30 6 0 23 11 33 44 27 9 44 6 27 42
split_gain=62.4823 10.2527 4.69086 4.31204 4.27728 3.66595 2.6962 11.1153 8.40174 4.65644 6.81106 4.5192 4.51846 3.79932 3.70602 4.28287 3.01348 2.53043 3.68322 5.69086 2.49506 2.27724 3.00509 2.74439 2.1635 2.00439 1.9987 1.97397 2.71749 1.97175
threshold=0.44772760570049291 0.51787772774696361 0.0016670227050781252 14.49696731567383 0.35493268072605139 2.0165390968322758 0 0.010013580322265627 112.93750000000001 1008.7816467285157 1012.3063354492189 17.250000000000004 0.44652366638183599 2.5000000000000004 1.5000000000000002 122.18750000000001 0.41627883911132818 477.43750000000006 1 11.750000000000002 -1.6295814514160154 1.7906055450439455 19.548095703125004 6.0397362709045419 1013.5471191406251 2 7.3646566867828378 3 1012.5149230957032 1.4265153408050539
decision_type=8 2 2 2 10 2 1 2 2 2 2 2 2 2 2 2 2 2 1 2 2 2 2 2 2 1 2 1 2 2
left_child=4 5 3 -3 -1 -2 7 8 9 -4 -11 -10 14 17 -8 -16 -12 27 19 -19 -9 22 23 -22 -5 -13 -15 28 -14 -6
right_child=1 2 6 24 29 -7 12 20 11 10 16 25 13 26 15 -17 -18 18 -20 -21 21 -23 -24 -25 -26 -27 -28 -29 -30 -31
leaf_value=-0.040417011801060151 -0.020438752893748049 0.015525437849191857 0.00041867573191859921 -0.010451648961167546 -0.028807033096312721 -0.0058144050224001606 -0.012597860662633411 -0.024334469657675509 -0.015013805016720661 0.037364880724105716 -0.00098638732261705398 0.018731362218300497 -0.0034276854066068565 -0.002469558895958008 -0.010830744907775348 0.00018131051001773677 0.024145197766048745 0.0017022146306034985 0.0041518002751845451 0.060381971610414704 0.023637823773276067 -0.049405063151354706 -0.0080805015318447995 -0.026224953636984249 -0.030875106972715716 -0.0017828993880867853 -0.020377506687972068 -0.0050261251575658937 0.018704367693116779 -0.010560034275969743
leaf_weight=43566 29824 2141 2989 12278 8173 21457 39394 6736 8697 4464 2625 5014 3262 16481 35149 62498 2873 2793 11797 3638 6307 4429 18762 2002 8146 2621 4596 12990 3019 10722
leaf_count=43566 29824 2141 2989 12278 8173 21457 39394 6736 8697 4464 2625 5014 3262 16481 35149 62498 2873 2793 11797 3638 6307 4429 18762 2002 8146 2621 4596 12990 3019 10722
internal_value=-0.000950731 -0.000519918 -0.000332939 -0.00143965 -0.00327454 -0.00156137 -0.000237983 0.00019787 0.00137057 0.00289144 0.00372162 0.000163504 -0.000388414 0.000199637 -0.000639792 -0.000375478 0.00183152 0.000682609 0.00135804 0.00289505 -0.000700309 -0.000401143 -0.000125698 0.00114004 -0.00179779 0.00158273 -0.000659554 4.33578e-05 0.00120552 -0.00226713
internal_weight=399443 336982 285701 22565 62461 51281 263136 67519 29283 12951 9962 16332 195617 58576 137041 97647 5498 37499 18228 6431 38236 31500 27071 8309 20424 7635 21077 19271 6281 18895
internal_count=399443 336982 285701 22565 62461 51281 263136 67519 29283 12951 9962 16332 195617 58576 137041 97647 5498 37499 18228 6431 38236 31500 27071 8309 20424 7635 21077 19271 6281 18895
cat_boundaries=0 1 2 3 4
cat_threshold=2 9 34 1
is_linear=0
shrinkage=0.08


Tree=51
num_leaves=31
num_cat=12
split_feature=15 26 5 26 5 34 5 33 5 34 5 32 5 29 9 5 34 7 12 5 29 33 17 5 28 34 5 16 5 33
split_gain=60.8609 9.56235 4.65617 4.46539 4.07168 3.12427 3.70881 2.87329 2.80952 2.98289 3.02484 3.37986 2.52586 2.48903 4.15159 2.27954 2.1838 2.15139 2.01928 2.17551 2.00558 1.94306 1.87099 2.2867 2.08208 3.79254 7.86497 3.07462 3.43267 2.00466
threshold=0.43024002015590673 2.5688121318817143 0 2.6879360675811772 1 2.9902038574218754 2 14.584127902984621 3 -2.0318908691406246 4 388.53204345703131 5 0.99699783325195324 6 7 -12.750518798828123 1.5000000000000002 2.497551798820496 8 0.015033721923828127 19.279871940612797 1.662853538990021 9 1008.959686279297 -1.7469177246093748 10 2.2619469165802006 11 21.818688392639164
decision_type=8 2 9 2 9 2 9 2 9 2 9 2 9 2 1 9 2 2 2 9 2 2 8 9 2 2 9 10 9 2
left_child=3 2 17 -1 -3 8 -7 -8 9 16 -11 -12 -5 18 -15 -4 -6 -2 22 -20 -17 -9 23 -10 25 -24 -27 28 -26 -25
right_child=1 4 15 12 5 6 7 21 13 10 11 -13 -14 14 -16 20 -18 -19 19 -21 -22 -23 24 29 27 26 -28 -29 -30 -31
leaf_value=-0.035584221758024781 -0.015277049474477512 -0.0072982747248921034 -0.029288418152523643 0.00049396604118364643 0.014692113144196009 -0.022014298439399983 0.019414611946589819 -0.017776918654190173 -0.0089576095521873202 0.026683940863562627 -0.018088193832255805 0.013957648714272819 -0.016343710140676301 0.039147180281712525 -0.00096414271027394532 -0.026606337745239805 -0.001974575466552355 0.0046881984950017958 -0.039997074271428609 0.0012895503674069408 -0.012162123102874558 0.0060357800041053941 0.0020215656818801963 0.0027969003346087744 0.028960037855592789 -0.0058896913286954631 0.067354451810116969 -0.019990019671773395 -0.0070782780895372582 -0.0057329313787356055
leaf_weight=52011 4261 74829 9043 3492 2280 6507 2534 6344 33955 2437 2551 12553 4029 2958 6321 8086 28562 9754 4822 3327 33255 3373 16195 27017 2162 2288 2432 4745 5385 22694
leaf_count=52011 4261 74829 9043 3492 2280 6507 2534 6344 33955 2437 2551 12553 4029 2958 6321 8086 28562 9754 4822 3327 33255 3373 16195 27017 2162 2288 2432 4745 5385 22694
internal_value=-0.000920733 -0.000508279 -0.00138608 -0.00328051 -0.000303619 -0.00011639 -0.00109932 -0.000277403 -1.54147e-05 0.000507158 0.00133987 0.000914043 -0.00145585 -0.000203722 0.00105975 -0.00174462 3.34491e-05 -9.54765e-05 -0.000297589 -0.0015144 -0.00149136 -0.000903466 -0.000212624 -0.000414265 0.00029539 0.000780883 0.00277378 -0.000530646 0.000472673 -6.84492e-05
internal_weight=400202 340670 64399 59532 276271 201442 18758 12251 182684 48383 17541 15104 7521 134301 9279 50384 30842 14015 125022 8149 41341 9717 116873 83666 33207 20915 4720 12292 7547 49711
internal_count=400202 340670 64399 59532 276271 201442 18758 12251 182684 48383 17541 15104 7521 134301 9279 50384 30842 14015 125022 8149 41341 9717 116873 83666 33207 20915 4720 12292 7547 49711
cat_boundaries=0 32 64 96 128 160 192 193 225 238 270 283 315
cat_threshold=642 0 0 8480 0 0 77312 0 0 49152 0 0 10551296 0 0 4194304 0 0 1207959552 0 0 0 8 0 0 289 0 0 15872 0 0 57600 769 0 0 96 0 0 132096 0 0 3784704 0 0 28049408 0 0 406847488 0 0 0 2 0 0 60 0 0 34 0 0 4176 0 0 2048 0 0 0 3840 0 0 57600 0 0 274432 0 0 34603008 0 0 662700032 0 0 2868903936 0 0 0 3 0 0 1 0 0 0 0 0 53504 8 0 0 8192 0 0 4096 0 0 266240 0 0 65536 0 0 11534336 0 0 4143972352 0 0 2147483648 1 0 0 516 0 0 128 0 0 37120 0 0 0 0 0 0 0 0 0 0 0 0 0 0 0 8388608 0 0 1879048192 0 0 2147483648 1 0 0 0 0 0 0 0 0 256 8 0 0 0 0 0 2048 0 0 2195456 0 0 3014656 0 0 308281344 0 0 603979776 1 0 1342177280 6 0 0 316 0 0 384 0 0 2048 9 332 0 0 7680 0 0 36864 0 0 401408 0 0 16777216 0 0 268435456 0 0 50331648 2 0 0 18 0 0 8 0 0 448 0 0 7680 230 0 0 3456 0 0 98560 0 0 139264 0 0 131072 208 0 0 6912 0 0 92672 0 0 139264 0 0 4325376 0 0 0 0 0 0 0 0 0 0 0 0 264 0 0 10272 0 0 16384 198 0 0 1040 0 0 768 0 0 8192 0 0 131072 128 0 0 3968 0 0 24576 0 0 8192 0 0 131072 0 0 0 0 0 0 0 0 0 2 0 0 0 0 0 512 0 0 16384
is_linear=0
shrinkage=0.08


Tree=52
num_leaves=31
num_cat=9
split_feature=41 13 34 5 5 41 38 20 33 5 0 41 5 5 33 38 5 3 41 5 33 33 34 34 5 30 5 43 30 25
split_gain=58.6852 12.6365 6.2743 4.70447 4.1895 3.12087 2.11354 2.33842 2.09653 5.39585 2.09405 4.0415 2.34617 2.05648 2.03669 2.45596 1.86633 1.80344 3.22017 1.79382 1.78241 1.76913 1.68783 1.65682 3.43238 2.78989 3.6873 1.59966 3.12583 2.35564
threshold=1.402784585952759 0.321447104215622 4.2758483886718759 0 1 1.2179970145225527 -1.8883683085441587 0.59447878599166881 5.9076478481292733 2 7.7500000000000009 6.3867206573486337 3 4 19.332672119140629 2.971216201782227 5 6.228431463241578 3.7504674196243291 6 14.733503818511965 18.749760627746586 4.4267272949218759 1.3176574707031252 7 3.1562500000000004 8 7.3709056377410898 1906.1250000000002 6.9968533515930185
decision_type=2 2 2 9 9 2 2 2 2 9 2 2 9 9 2 2 9 2 2 9 2 2 2 2 9 2 9 2 2 2
left_child=5 13 4 20 6 -1 -3 -8 9 -6 11 -10 23 22 15 16 -9 18 -18 -7 -4 -22 -2 25 -25 26 -12 29 -29 -14
right_child=1 2 3 -5 8 19 7 14 10 -11 12 -13 27 -15 -16 -17 17 -19 -20 -21 21 -23 -24 24 -26 -27 -28 28 -30 -31
leaf_value=-0.046663909180260851 -0.0045210970809139907 -0.028963393752705621 0.013099243597972944 -0.023608453905452582 0.050984981097729927 -0.0082874782059024175 -0.009642437798715495 0.02671191885091663 -0.0008718110627330154 -0.0048155008231961123 0.020326750388504393 0.026477085449579316 0.00080227858001082118 -0.019030038881947039 -0.0089694917351457633 -0.02057902762397398 0.035303062156851486 -0.0063181264117732399 0.0014558413040334066 -0.022547117220166418 -0.019560260882768233 0.0065230858961761807 -0.022149078374279582 0.010522357030185009 -0.016375989408997232 -0.0050763653748055375 0.0003394645187009022 -0.015676054372380174 0.012691448937881593 0.019193506769227056
leaf_weight=37684 8693 6747 2278 10460 2176 3433 19988 2121 5816 4032 2118 2756 96130 22502 24420 3089 2772 13154 12095 10787 4263 2012 2183 2013 9133 67561 6249 7763 2093 3644
leaf_count=37684 8693 6747 2278 10460 2176 3433 19988 2121 5816 4032 2118 2756 96130 22502 24420 3089 2772 13154 12095 10787 4263 2012 2183 2013 9133 67561 6249 7763 2093 3644
internal_value=-0.000887463 -0.000513406 -0.000356478 -0.00176481 -0.00026592 -0.0033967 -0.000742413 -0.000624297 -7.57253e-05 0.0013715 -0.000119561 0.0011037 -0.000172922 -0.00199329 -0.000365655 4.19954e-05 0.000262403 8.82983e-05 0.000691805 -0.0023837 -0.00037 -0.00106603 -0.00108517 -0.000482882 -0.00139333 -0.000349128 0.00102805 7.33233e-05 -0.00089844 0.000169405
internal_weight=400165 348261 314883 19013 295870 51904 84386 77639 211484 6208 205276 8572 196704 33378 57651 33231 30142 28021 14867 14220 8553 6275 10876 87074 11146 75928 8367 109630 9856 99774
internal_count=400165 348261 314883 19013 295870 51904 84386 77639 211484 6208 205276 8572 196704 33378 57651 33231 30142 28021 14867 14220 8553 6275 10876 87074 11146 75928 8367 109630 9856 99774
cat_boundaries=0 32 64 86 118 150 172 201 233 259
cat_threshold=0 0 0 0 0 0 0 0 0 3276800 0 0 0 0 0 812646400 0 0 67108864 0 0 1879048192 5 0 0 993 0 0 15904 0 0 108544 259 0 0 96 0 0 230400 0 0 3670016 0 0 20709376 0 0 419430400 0 0 0 0 0 536870912 28 0 0 0 0 0 14448 0 0 3072 16 0 0 1792 0 0 26624 0 0 258048 0 0 196608 0 0 0 0 0 33554432 0 0 2147483648 748 0 0 7680 0 0 27136 0 0 122880 0 0 33685504 0 0 113246208 0 0 0 2 0 0 32 0 0 306 0 0 128 0 0 8192 0 0 0 4128 0 0 199680 0 0 524288 0 0 35979264 0 0 31457280 0 0 3305111552 0 0 0 12 0 0 370 0 0 11264 0 0 77824 0 0 0 32 0 0 0 0 0 0 0 0 1048576 0 0 0 0 0 0 0 0 536870912 0 0 0 0 0 0 0 0 0 2162688 0 0 19922944 0 0 50331648 0 0 67108864 1 0 0 16 0 0 528 0 0 256 512 0 0 0 0 0 512 0 0 0 0 0 131072 0 0 33554432 0 0 0 2 0 0 0 0 0 16 0 0 0 0 0 8192 96 0 0 3584 0 0 26624 0 0 106496 0 0 0 0 0 0 0 0 0 0 0 0 0 0 0 256
is_linear=0
shrinkage=0.08


Tree=53
num_leaves=31
num_cat=15
split_feature=45 45 45 6 5 27 5 5 16 5 28 5 6 5 45 10 5 10 6 5 15 5 12 35 5 14 35 28 5 5
split_gain=65.0027 8.40049 8.19733 4.03739 5.88917 3.57928 5.95319 3.86855 3.03668 3.03464 3.36197 6.46703 4.01891 8.57622 6.84496 5.79135 5.38928 4.7006 3.79248 4.45856 3.38921 2.95696 3.58534 2.54076 2.84386 2.47702 2.43281 3.01995 4.04915 2.43383
threshold=1.6431680321693423 2.2769370079040532 1.2155651450157168 0 1 1004.2604064941407 2 3 inf 4 1009.7803344726564 5 6 7 7.1122481822967538 2.7652207612991337 8 3.1501787900924687 9 10 2.4702236652374272 11 1.4470177292823794 0.050067901611328132 12 0.28661732375621801 2.4113655090332036 999.91967773437511 13 14
decision_type=2 2 2 1 9 2 9 9 8 9 2 9 1 9 2 2 9 2 1 9 10 9 2 2 9 2 2 2 9 9
left_child=2 3 -1 4 -2 6 -5 -7 9 -3 12 -12 13 -11 15 20 17 -14 19 -13 -15 -20 -23 24 -6 -4 -18 28 -28 -29
right_child=1 8 25 5 23 7 -8 -9 -10 10 11 18 16 14 -16 -17 26 -19 21 -21 -22 22 -24 -25 -26 -27 27 29 -30 -31
leaf_value=-0.045772973372408148 0.016729820722154599 0.003051715735958633 -0.026075908129658314 0.023204297103571286 0.012978306211387123 -0.02422777857227652 -0.013379854428947614 -0.01118106845198409 0.019625394270374266 -0.0090939269718767497 -0.017586445216811793 0.021249998128326012 0.00011326256463508995 0.0092991936399912604 0.073618283062146891 -0.053568143198994903 -0.017187746975227045 0.027907984108885391 -0.027687930171082235 -0.00040662377004477594 0.0702585426186942 -0.0099688089964596743 0.022876464529380393 -0.016814771188447583 -0.0088228425520761392 -0.013970381717365594 -0.014465381394308434 0.00030076743474657757 0.031165257450495691 -0.016327280675110897
leaf_weight=39258 3810 51072 8148 2076 2772 11577 3956 36713 3588 28586 20670 3959 32103 28326 2025 3226 16868 2086 4401 13808 2128 9193 2010 7845 3773 29754 2017 8696 2010 13123
leaf_count=39258 3810 51072 8148 2076 2772 11577 3956 36713 3588 28586 20670 3959 32103 28326 2025 3226 16868 2086 4401 13808 2128 9193 2010 7845 3773 29754 2017 8696 2010 13123
internal_value=-0.000856455 -0.000357254 -0.00294208 -0.00111521 -8.34258e-05 -0.00146053 0.000376033 -0.00169027 -0.000137253 -0.000170951 -0.000314564 -0.000851123 -0.000109176 0.000357574 0.00118404 0.000911842 -0.000499357 0.000249173 -0.000161841 0.000637094 0.00125341 -0.00107117 -0.000378866 -0.000824428 0.000338672 -0.00210192 -0.00109833 -0.000610459 0.00140005 -0.000981997
internal_weight=399577 322417 77160 72522 18200 54322 6032 48290 249895 246307 195235 54041 141194 64291 35705 33680 76903 34189 33371 17767 30454 15604 11203 14390 6545 37902 42714 25846 4027 21819
internal_count=399577 322417 77160 72522 18200 54322 6032 48290 249895 246307 195235 54041 141194 64291 35705 33680 76903 34189 33371 17767 30454 15604 11203 14390 6545 37902 42714 25846 4027 21819
cat_boundaries=0 1 30 53 85 117 149 150 182 214 215 238 264 293 315 347
cat_threshold=2 512 0 0 0 0 0 0 0 0 16384 0 0 0 0 0 805306368 0 0 1811939328 3 0 268435456 1 0 0 79 0 0 4096 0 0 0 0 0 0 0 0 0 2097152 0 0 52166656 0 0 266338304 0 0 1660944384 0 0 0 4 150 0 0 160 0 0 61440 0 0 1335296 0 0 5111808 0 0 470810624 0 0 536870912 0 0 0 0 0 0 2 0 0 112 0 0 40192 8 0 0 128 0 0 256 0 0 0 0 0 589824 0 0 389021696 0 0 4026531840 0 0 2147483648 15 0 0 980 0 0 656 0 0 18688 468 0 0 13920 0 0 64512 0 0 901120 0 0 1310720 0 0 134217728 0 0 50331648 0 0 0 0 0 0 0 0 0 0 0 0 12288 10 992 0 0 14640 0 0 131584 0 0 3149824 0 0 17956864 0 0 545259520 0 0 201326592 0 0 1879048192 0 0 0 0 0 0 7168 0 0 8192 496 0 0 16160 0 0 6656 0 0 20480 0 0 262144 0 0 536870912 0 0 50331648 1 0 268435456 16 0 0 3 0 0 7168 0 0 73728 3 1 0 0 16 0 0 0 0 0 1052672 0 0 19005440 0 0 0 0 0 134217728 0 0 536870912 32 1 0 0 0 0 0 196608 0 0 1060864 0 0 12713984 0 0 4194304 0 0 0 0 0 536870912 0 0 0 1 0 0 0 192 0 0 3072 0 0 32768 0 0 2097152 0 0 119537664 0 0 2147483648 0 0 536870912 6 0 0 560 0 0 8352 0 0 0 0 0 0 16384 0 0 794624 0 0 23068672 0 0 0 0 0 201326592 0 0 1610612736 518 0 0 80 0 0 197632 0 0 2105344 0 0 1048576 0 0 0 0 0 201326592 0 0 1610612736 0 0 0 0 0 0 0 0 0 32768
is_linear=0
shrinkage=0.08


Tree=54
num_leaves=31
num_cat=0
split_feature=45 45 45 28 18 16 34 40 45 24 20 25 45 25 40 17 45 37 40 37 34 45 34 18 17 23 24 23 30 28
split_gain=62.5383 9.77324 5.74033 3.93198 4.2008 3.14267 2.73202 2.71187 3.14132 2.42212 2.16216 2.09825 2.36838 3.08204 2.95387 2.18638 2.7329 2.55862 2.15382 2.03949 1.9529 2.46155 1.91103 1.77567 1.74379 1.67078 1.66275 1.77418 2.74768 2.44301
threshold=1.529994070529938 2.234539389610291 1.1961214542388918 1012.912811279297 0.83330956101417553 1.0000000180025095e-35 4.7471923828125009 3.0754420757293706 8.5082440376281756 20.401275634765629 0.45362718403339392 1.5716497302055361 5.1849970817565927 5.7451350688934335 2.1050815582275395 1.6498420238494875 7.4516913890838632 -0.43289500474929804 1.5837007164955141 -0.29508626461029047 -3.2674255371093746 5.76631784439087 -5.5931091308593741 1.6786519289016726 0.29328359663486486 17.137451171875004 40.766632080078132 25.560161590576175 354.06250000000006 1011.8684387207032
decision_type=2 2 2 2 2 10 2 2 2 2 2 2 2 2 2 10 2 2 2 2 2 2 2 2 10 2 2 2 2 2
left_child=2 3 -1 4 10 -3 7 11 -9 -8 -2 -7 14 20 26 17 18 -15 -17 -18 -14 23 -6 -22 -4 -5 27 29 -29 -13
right_child=1 5 24 25 22 6 9 8 -10 -11 -12 12 13 15 -16 16 19 -19 -20 -21 21 -23 -24 -25 -26 -27 -28 28 -30 -31
leaf_value=-0.042911717037357563 -0.01092435846595341 0.018434569019444846 -0.025377910569410838 -0.010746303461986691 -0.0026538007095536632 0.015777023534344639 0.002160316812320187 -0.015583318012002001 0.0058063176160902839 -0.022602424752900214 -0.0016110387222912448 0.0059597692801484706 0.022676409129583085 -0.016960997510276181 -0.014455012309471606 0.0072337088751715066 0.027537385853383708 0.00038966793407106698 -0.012381928140350841 0.0082397488015710715 0.0075613895760816875 0.026869026886290257 -0.03790161113590948 -0.018923577293467903 -0.014012954887741392 -0.021714121916358065 0.016138203097559974 -0.0083441431344600057 0.00046303238396875614 -0.0032940239623454326
leaf_weight=37634 14881 3719 6201 12745 2023 3029 3422 23406 7026 5588 35004 27648 3901 6750 17798 7525 2068 15718 7842 4396 5399 2307 6700 2781 22295 7961 2173 33595 48269 20274
leaf_count=37634 14881 3719 6201 12745 2023 3029 3422 23406 7026 5588 35004 27648 3901 6750 17798 7525 2068 15718 7842 4396 5399 2307 6700 2781 22295 7961 2173 33595 48269 20274
internal_value=-0.0008242 -0.000379067 -0.00307167 -0.00115446 -0.000819408 -0.000137511 -0.000171765 -0.000120787 -0.000826753 -0.0015388 -0.000535926 -1.91609e-05 -4.9585e-05 0.000381143 -0.000218394 5.06434e-05 0.000620667 -0.000503249 3.97987e-05 0.00199938 0.00139797 0.000828045 -0.00243811 0.000175823 -0.00221371 -0.00210195 -8.78701e-05 -0.000124689 -0.000350979 0.00026187
internal_weight=400078 333948 66130 79314 58608 254634 250915 241905 30432 9010 49885 211473 208444 58687 149757 44299 21831 22468 15367 6464 14388 10487 8723 8180 28496 20706 131959 129786 81864 47922
internal_count=400078 333948 66130 79314 58608 254634 250915 241905 30432 9010 49885 211473 208444 58687 149757 44299 21831 22468 15367 6464 14388 10487 8723 8180 28496 20706 131959 129786 81864 47922
is_linear=0
shrinkage=0.08


Tree=55
num_leaves=31
num_cat=14
split_feature=45 45 44 5 27 5 27 6 29 45 5 39 45 5 5 5 29 43 5 43 5 22 6 5 5 5 36 28 38 5
split_gain=60.0692 12.9843 4.17994 7.59478 5.25456 3.68119 4.25765 8.33402 5.08885 3.05738 5.11905 3.12654 2.88421 2.77302 2.63108 2.59956 2.5552 2.54414 2.15538 2.07023 2.02339 2.01174 3.4103 2.06079 1.95113 1.90605 1.81691 2.09594 2.73019 2.89538
threshold=1.3686679005622866 2.234539389610291 2.1107199192047124 0 1010.6616516113282 1 1012.6263122558595 2 0.63333511352539074 4.5649266242980966 3 0.88719356060028087 1.1758222579956057 4 5 6 0.010421752929687502 4.187530755996705 7 5.11285424232483 8 0.015735626220703128 9 10 11 12 32.688617706298835 1003.6671752929689 0.099257558584213271 13
decision_type=2 2 2 9 2 9 2 1 2 2 9 2 2 9 9 9 2 2 9 2 9 2 1 9 9 9 2 2 2 9
left_child=12 5 3 4 -3 6 7 8 15 10 19 14 -1 17 21 -2 -15 -11 -5 -4 -14 22 23 -12 -8 -9 27 -19 -29 -30
right_child=1 2 9 18 -6 -7 24 25 -10 13 11 -13 20 16 -16 -17 -18 26 -20 -21 -22 -23 -24 -25 -26 -27 -28 28 29 -31
leaf_value=-0.041561217857179547 0.019255477212539632 0.045934900555175517 -0.010525591351993855 -0.010542184525018814 0.011338272566298822 -0.013151447748874999 -0.021717518876355663 -0.00055493071055399013 0.04321592037349771 0.039685101908216669 0.029997456725050525 -0.02036307624552974 -0.0016167948555782293 -0.034396128074665515 -0.0024614927261410349 -0.00070450185838184234 -0.00035401842670184242 -0.0081724941168122532 0.0077941310340195859 -0.061025768932447405 -0.020156880623113681 0.00055357658125446585 -0.0065785963299228147 0.010804346609589033 -0.0086989433297180053 -0.021015283403199487 -0.0035023406448577298 -0.00017622276528157622 0.0087765239236297955 0.029792881432797142
leaf_weight=36130 2759 2130 36454 5876 2883 51961 2994 4186 2128 2590 2444 8915 2237 3470 66706 6449 73503 2702 9052 2997 13462 8835 2577 2905 15686 7467 8262 4538 4342 3473
leaf_count=36130 2759 2130 36454 5876 2883 51961 2994 4186 2128 2590 2444 8915 2237 3470 66706 6449 73503 2702 9052 2997 13462 8835 2577 2905 15686 7467 8262 4538 4342 3473
internal_value=-0.000811881 -0.000433704 -0.0001375 0.000974186 0.00366143 -0.00123921 -0.000678261 5.06099e-05 0.00159352 -0.000231985 -0.000487035 -0.000161123 -0.00335261 9.48576e-05 -8.96151e-06 0.000777608 -0.000146144 0.000810428 6.74328e-05 -0.00124963 -0.0024442 0.000886478 0.00181149 0.00295846 -0.00157517 -0.00145053 0.000545804 0.0010687 0.00150999 0.00241533
internal_weight=400113 348284 254654 19941 5013 93630 41669 22989 11336 234713 131833 92382 51829 102880 83467 9208 76973 25907 14928 39451 15699 16761 7926 5349 18680 11653 23317 15055 12353 7815
internal_count=400113 348284 254654 19941 5013 93630 41669 22989 11336 234713 131833 92382 51829 102880 83467 9208 76973 25907 14928 39451 15699 16761 7926 5349 18680 11653 23317 15055 12353 7815
cat_boundaries=0 32 64 65 94 126 158 184 216 242 243 275 294 323 352
cat_threshold=152 0 0 8960 0 0 36096 0 0 20480 0 0 7143424 0 0 272629760 0 0 2147483648 0 0 0 8 0 0 768 0 0 7296 0 0 24832 513 0 0 0 0 0 0 0 0 32768 0 0 45088768 0 0 578813952 0 0 3992977408 1 0 2952790016 34 0 0 828 0 0 9344 0 0 32768 10 378 0 0 7008 0 0 28416 0 0 2940928 0 0 1114112 0 0 671088640 0 0 134217728 0 0 0 0 0 0 8 0 0 1088 28 0 0 8320 0 0 15872 0 0 2105344 0 0 0 0 0 137363456 0 0 1073741824 0 0 0 14 0 0 464 0 0 8064 0 0 32768 0 0 0 1152 0 0 65536 0 0 1052672 0 0 50331648 0 0 33554432 0 0 3506438144 0 0 2147483648 17 0 0 528 0 0 304 0 0 2304 0 0 0 0 0 0 0 0 0 0 0 0 2097152 0 0 0 0 0 201326592 0 0 268435456 2 0 0 60 775 0 0 3152 0 0 135168 0 0 1122304 0 0 1179648 0 0 546308096 0 0 385875968 0 0 2415919104 20 0 0 4 0 0 256 0 0 2048 0 0 0 0 0 0 0 0 0 2162688 0 0 0 0 0 218103808 0 0 2281701376 0 0 536870912 32 0 0 592 3 0 0 0 0 0 0 0 0 0 1048576 0 0 50331648 0 0 0 0 0 1073741824 0 0 2147483648 1 0 0 528 0 0 256 0 0 2304 0 0 0 0 0 0 0 0 0 32768 0 0 36700160 0 0 0 0 0 536870912 0 0 0 0 0 0 0 0 0 0 0 0 33554432 0 0 570425344 0 0 33554432 0 0 2147483648 2 0 0 800 0 0 128 24 0 0 128 0 0 8192 0 0 8192 0 0 0 0 0 3145728 0 0 0 0 0 0 2 0 0 256 0 0 1280
is_linear=0
shrinkage=0.08


Tree=56
num_leaves=31
num_cat=12
split_feature=45 45 6 34 5 31 45 5 5 28 39 22 5 5 34 5 5 31 45 25 24 28 34 23 5 44 5 6 34 5
split_gain=56.9017 11.1625 3.9064 5.62181 7.74942 4.63525 3.38561 3.1784 2.91989 3.78634 2.50459 2.65313 3.762 3.4788 2.89754 2.35775 2.08854 2.04326 1.92587 2.97927 2.68003 2.38112 2.37915 2.67014 3.48243 2.99115 2.40056 2.34158 3.02225 2.2093
threshold=1.3686679005622866 2.0043988227844243 0 4.1443176269531259 1 78.659442901611342 1.1166903972625735 2 3 1011.7940673828126 1.0706643462181094 0.70810317993164074 4 5 -7.2206726074218741 6 7 80.225246429443374 5.4008069038391122 5.7451350688934335 29.045349121093754 995.22091674804699 -7.1247558593749991 27.935623168945316 8 7.7035424709320077 9 10 -1.1631774902343748 11
decision_type=2 2 1 2 9 2 2 9 9 2 2 2 9 9 2 9 9 2 2 2 2 2 2 2 9 2 9 1 2 9
left_child=6 2 3 4 5 -2 -1 -4 9 10 11 13 -13 17 -14 -8 -11 -3 19 21 22 -10 -20 24 25 27 -25 -24 -29 -22
right_child=1 8 7 -5 -6 -7 15 -9 18 16 -12 12 14 -15 -16 -17 -18 -19 20 -21 29 -23 23 26 -26 -27 -28 28 -30 -31
leaf_value=-0.041871362289539714 0.0031892492677518579 0.003359222139975171 -0.0072786070915495087 -0.020002696630032204 -0.010683763116530683 0.039497968264152708 -0.0030460016660781497 -0.021101443788282485 0.016463194147990353 -0.0031684168215597654 -0.013004161286227521 0.022242544377545394 0.012837191451481805 -0.012408094228806593 -0.0036003751229448113 -0.02029642561717003 -0.019687696576188449 -0.029680356643902669 0.030142449882833038 -0.033333918256189227 0.0088792121973604986 -0.0011069248342889331 -0.031705595176392237 0.03110987377228517 0.012773989347064059 -0.018825903140784021 0.0075617000922354426 -0.0073468691264143154 0.018975450303377831 -0.012483547914474084
leaf_weight=31533 10076 15485 11487 7598 15988 2455 3072 18904 2100 2713 18974 5363 4619 15493 25169 17282 6107 2111 2965 4747 2292 136515 2536 2086 8514 5306 4336 3587 3871 6936
leaf_count=31533 10076 15485 11487 7598 15988 2455 3072 18904 2100 2713 18974 5363 4619 15493 25169 17282 6107 2111 2965 4747 2292 136515 2536 2086 8514 5306 4336 3587 3871 6936
internal_value=-0.000789547 -0.000421344 -0.0013535 -0.000789995 -0.000274669 0.00121393 -0.00326084 -0.00202177 -0.000201324 -0.000559436 -0.000399616 -0.000173481 0.000310457 -0.000687514 -4.13321e-05 -0.00245414 -0.00213817 8.26512e-05 -1.61679e-05 -0.000156294 0.00045722 -8.87295e-05 0.000792387 0.000579778 0.000189052 -0.000532638 0.00202612 0.000282286 0.000995987 -0.000748215
internal_weight=400220 348333 66508 36117 28519 12531 51887 30391 281825 96034 87214 68240 35151 33089 29788 20354 8820 17596 185791 143362 42429 138615 33201 30236 23814 15300 6422 9994 7458 9228
internal_count=400220 348333 66508 36117 28519 12531 51887 30391 281825 96034 87214 68240 35151 33089 29788 20354 8820 17596 185791 143362 42429 138615 33201 30236 23814 15300 6422 9994 7458 9228
cat_boundaries=0 1 33 62 91 114 143 175 201 230 246 247 263
cat_threshold=10 0 0 0 0 0 0 0 0 0 98304 0 0 12058624 0 0 645922816 0 0 3959422976 1 0 0 34 0 0 30 0 0 384 0 0 8192 0 0 0 0 0 0 16384 0 0 2621440 0 0 33554432 0 0 562036736 0 0 251658240 3 0 3758096384 63 0 0 992 0 0 256 451 0 0 2144 0 0 247296 0 0 835584 0 0 14417920 0 0 201326592 0 0 671088640 0 0 0 48 0 0 2 0 0 80 0 0 0 32 0 0 49664 0 0 262144 0 0 0 0 0 0 0 0 0 0 0 0 16 66 0 0 2112 0 0 114688 0 0 802816 0 0 8650752 0 0 0 0 0 671088640 0 0 0 0 0 0 2 0 0 16 0 0 0 0 0 0 0 0 0 2162688 0 0 0 0 0 754974720 0 0 2281701376 0 0 536870912 0 0 0 592 0 0 4096 0 0 256 0 0 0 32 0 0 196608 0 0 0 0 0 12582912 0 0 134217728 0 0 0 0 0 0 0 0 0 2 564 0 0 12304 0 0 2304 0 0 1060864 0 0 19070976 0 0 0 0 0 0 0 0 0 0 0 0 1 0 0 4096 524 0 0 1024 0 0 4352 0 0 73728 0 0 16777216 0 0 1048576 8 12 0 0 12432 0 0 256 0 0 12288 0 0 33685504 0 0 1048576
is_linear=0
shrinkage=0.08


Tree=57
num_leaves=31
num_cat=1
split_feature=45 45 17 34 33 14 34 18 16 44 29 24 18 34 0 33 18 34 24 9 45 27 29 44 14 10 30 0 34 27
split_gain=55.2198 9.84878 3.86612 3.07756 3.18278 3.00705 2.98177 3.42332 2.58235 2.70193 2.4092 2.65007 2.50251 5.87953 2.41712 2.16394 2.12834 2.1075 1.77563 1.62568 2.81329 3.48453 3.35655 3.23901 2.97838 2.23758 2.10789 1.813 1.70743 2.63642
threshold=1.3868631124496462 2.0963202714920048 0.34949685633182531 4.4267272949218759 14.424000263214113 0.28661732375621801 4.1443176269531259 0.84223318099975597 0.14953114092350009 1.4483413696289065 0.99825668334960949 28.742294311523441 2.4032551050186162 -4.5968322753906241 20.250000000000004 14.00121593475342 2.6100232601165776 -2.2285156249999996 33.752319335937507 0 4.152616262435914 1016.1122436523439 0.020587921142578128 4.4485528469085702 1.8253535032272341 0.57542040944099437 736.81250000000011 19.750000000000004 -6.9306640624999991 1006.6590881347657
decision_type=2 2 10 2 2 2 2 2 10 2 2 2 2 2 2 2 2 2 2 1 2 2 2 2 2 2 2 2 2 2
left_child=2 5 -1 8 -5 -2 7 15 -3 -10 12 14 19 16 -12 17 -14 -7 -17 26 23 22 27 24 28 -24 -11 -22 -21 -30
right_child=1 3 -4 4 -6 6 -8 -9 9 10 11 -13 13 -15 -16 18 -18 -19 -20 20 21 -23 25 -25 -26 -27 -28 -29 29 -31
leaf_value=-0.032538871220467856 -0.017931125532490075 0.020048800997320673 -0.01732611182928806 0.013386356685383485 -0.01379690439552592 -0.0045305538390928027 -0.015386756038771782 -0.027398090558508337 0.019450718002482114 -4.6136801507509322e-05 0.018277574837267378 -0.0083629196184162383 -0.0031067553233702799 -0.025765814089143732 -0.0061628103718434904 -0.0078745517419044897 0.021845257448733963 0.018075884098436551 0.0036580113976258837 0.003235155911844128 -0.0386135479692504 0.031959924910399125 -0.014112855020939024 -0.029043946019315387 -0.027001106118906409 0.0039150578597066509 -0.02402924933280521 -0.00048332363245343882 -0.016017162369592181 -0.0013566214460255675
leaf_weight=34405 5231 3029 18999 2184 11025 4229 10217 7395 3952 10959 8740 4236 2807 11861 2553 40176 2342 2911 5624 26849 3373 2545 4224 5671 8636 64119 11926 2712 9199 67446
leaf_count=34405 5231 3029 18999 2184 11025 4229 10217 7395 3952 10959 8740 4236 2807 11861 2553 40176 2342 2911 5624 26849 3373 2545 4224 5671 8636 64119 11926 2712 9199 67446
internal_value=-0.000775355 -0.000405927 -0.00316951 -0.000180002 -0.00137045 -0.00121188 -0.00107435 -0.000860056 -0.000118809 -0.000146523 -0.00017934 0.000785378 -0.00024321 -0.00117744 0.00142511 -0.000634562 0.0010785 0.000660139 -0.0008365 -0.000170149 -9.51579e-05 0.000280944 0.000181197 -0.00034092 -0.000246479 0.000341579 -0.000807685 -0.00161772 -0.0001273 -0.000319615
internal_weight=399575 346171 53404 270388 13209 75783 70552 60335 257179 254150 250198 15529 234669 17010 11293 52940 5149 7140 45800 217659 194774 76973 74428 117801 112130 68343 22885 6085 103494 76645
internal_count=399575 346171 53404 270388 13209 75783 70552 60335 257179 254150 250198 15529 234669 17010 11293 52940 5149 7140 45800 217659 194774 76973 74428 117801 112130 68343 22885 6085 103494 76645
cat_boundaries=0 1
cat_threshold=9
is_linear=0
shrinkage=0.08


Tree=58
num_leaves=31
num_cat=3
split_feature=14 25 34 33 6 6 34 6 34 10 10 18 34 33 36 18 31 31 35 0 24 34 32 38 0 18 33 24 0 10
split_gain=53.0783 7.74596 5.09412 3.38049 4.88407 2.846 6.59458 7.00376 5.58989 5.40738 4.89515 4.46178 3.62126 4.76497 7.89248 7.20052 5.06081 3.82141 3.303 3.73705 3.20568 2.81962 4.16367 3.66826 3.17075 2.80443 2.90763 2.77792 4.51567 5.46426
threshold=0.30878221988677984 1.4406986832618716 4.2758483886718759 14.504255771636965 0 1 -3.7008972167968746 2 -6.4603576660156241 2.1714500188827519 0.4939348846673966 2.1500703096389775 -1.0262756347656248 19.229760169982914 1.0628700256347658 1.1608788967132571 76.184738159179702 63.425832748413093 0.12445449829101564 13.750000000000002 29.169937133789066 -7.7219238281249991 776.18563842773449 1.7270903587341311 20.750000000000004 1.1702177524566653 17.429951667785648 5.6560211181640634 21.250000000000004 0.88451245427131664
decision_type=2 2 2 2 1 1 2 1 2 2 2 2 2 2 2 2 2 2 2 2 2 2 2 2 2 2 2 2 2 2
left_child=-1 -2 5 -4 -5 6 7 8 -3 11 -7 20 21 16 -15 -16 17 -14 -9 -20 27 22 24 -23 -12 -25 -27 -8 -29 -30
right_child=1 2 3 4 -6 10 9 18 -10 -11 12 -13 13 14 15 -17 -18 -19 19 -21 -22 23 -24 25 -26 26 -28 28 29 -31
leaf_value=-0.025556637285662164 -0.012708859559842888 0.043821811710280462 0.0054087283332848865 -0.0015986043437004121 -0.020172451482622446 -0.0093183689972796361 -0.0063969075723510765 0.0086031940037704854 0.016450098365715399 -0.024093413278067549 0.02766636770533042 -0.039441679451399494 0.0078252573151684716 -0.017300994511385642 -0.0069070674402736234 0.026676058524960529 0.0010609322209935187 0.032624061434579604 0.020821003293469521 -0.011329821071238463 -0.0051410293205554538 -0.010195906873236382 -0.0073248167724432331 -0.019800207232784976 0.00480423148083631 0.00010791119539093564 0.017403041070164941 0.0035397374486324257 0.024831368412801515 -0.018113356320100398
leaf_weight=42211 39007 3644 3963 6957 10531 29822 11642 12307 7297 14772 2585 3867 2204 8893 2986 3334 5168 3270 2102 13040 32364 54268 12649 2562 11760 8075 4205 35379 6815 2502
leaf_count=42211 39007 3644 3963 6957 10531 29822 11642 12307 7297 14772 2585 3867 2204 8893 2986 3334 5168 3270 2102 13040 32364 54268 12649 2562 11760 8075 4205 35379 6815 2502
internal_value=-0.000723266 -0.000406839 -0.000276676 -0.00146703 -0.00194491 -0.000190804 6.17207e-05 0.000961457 0.00267092 -0.00026012 -0.000433226 -3.32266e-05 -0.000208546 0.000631741 -0.000276688 0.0018831 0.0019294 0.00362217 0.000278276 -0.000512673 8.2874e-05 -0.000434651 0.000258627 -0.000705441 0.00119122 0.000408833 0.000911309 0.000447362 0.000734039 0.00229999
internal_weight=400181 357970 318963 21451 17488 297512 145731 38390 10941 107341 151781 92569 121959 25855 15213 6320 10642 5474 27449 15142 88702 96104 26994 69110 14345 14842 12280 56338 44696 9317
internal_count=400181 357970 318963 21451 17488 297512 145731 38390 10941 107341 151781 92569 121959 25855 15213 6320 10642 5474 27449 15142 88702 96104 26994 69110 14345 14842 12280 56338 44696 9317
cat_boundaries=0 1 2 3
cat_threshold=3 10 8
is_linear=0
shrinkage=0.08


Tree=59
num_leaves=31
num_cat=2
split_feature=14 13 34 6 34 6 1 38 1 35 10 10 27 0 24 18 27 34 29 0 1 23 27 14 24 36 34 23 34 0
split_gain=51.1233 8.05068 4.21089 3.48592 5.93252 7.04949 10.6663 9.30751 5.02812 4.70583 4.17619 4.12562 3.70544 3.56365 3.5121 3.2493 3.39163 5.90905 6.8908 7.51999 6.6765 3.99969 3.58651 4.89258 4.16655 3.1845 3.00801 10.0573 3.42877 4.81303
threshold=0.31591320037841802 0.2700913697481156 4.1443176269531259 0 -3.6539001464843746 1 83.750000000000014 0.69079780578613292 76.250000000000014 0.031948089599609382 0.44576293230056768 2.1714500188827519 1007.4314575195314 21.250000000000004 27.791519165039066 2.4032551050186162 1012.3063354492189 -1.8670349121093748 0.2341270446777344 10.250000000000002 92.750000000000014 25.202217102050785 1009.8176879882814 1.741830110549927 29.273895263671879 9.6316337585449237 -0.75207519531249989 27.641292572021488 -6.6523742675781241 15.750000000000002
decision_type=2 2 2 1 2 1 2 2 2 2 2 2 2 2 2 2 2 2 2 2 2 2 2 2 2 2 2 2 2 2
left_child=-1 -2 3 4 5 6 14 -8 13 12 -5 15 -10 -7 -3 16 17 -6 21 -20 22 -19 -21 24 25 -24 28 -28 -12 -30
right_child=1 2 -4 10 11 8 7 -9 9 -11 26 -13 -14 -15 -16 -17 -18 18 19 20 -22 -23 23 -25 -26 -27 27 -29 29 -31
leaf_value=-0.023331575039253174 -0.012952765186350235 0.024491647811062629 -0.0098500983238387699 -0.010015935668382275 -0.0068547360924865307 0.031044541869153931 0.05212185620880231 0.027422766254083186 -0.00078722918056469587 -0.010303802036034586 0.00099217364998293797 -0.021249131284563183 0.023686548032478463 0.0094527049292489531 -0.0094680595686680927 -0.041558917170125373 -0.0056885677619828989 0.026234422716051652 -0.0051132012547928842 0.068282931748750983 -0.0041674549317837787 -0.0084748267508931979 0.051795280183040443 -0.0038920427681914584 0.012448175741919334 0.032332478205085738 -0.00022281978982571438 0.02870333408773865 -0.0016618933198501468 -0.016953266536541032
leaf_weight=43719 21471 3083 22768 26448 21258 2122 2110 2316 2755 16149 38351 15137 2042 5576 4531 2924 32385 2128 7063 3315 3338 13214 2172 2137 3221 2073 22692 2524 38808 32128
leaf_count=43719 21471 3083 22768 26448 21258 2122 2110 2316 2755 16149 38351 15137 2042 5576 4531 2924 32385 2128 7063 3315 3338 13214 2172 2137 3221 2073 22692 2524 38808 32128
internal_value=-0.000713238 -0.000396342 -0.000299997 -0.000223327 5.27167e-05 0.000878359 0.00250083 0.00562128 0.000194808 -0.000447796 -0.000482349 -0.000251688 0.00174995 0.00194188 0.000685204 -5.6617e-05 2.66906e-05 0.000383186 0.0009722 0.00183823 0.0027847 -0.000344451 0.00360829 0.00281993 0.00378491 0.00542891 -0.000301622 0.000485847 -0.000483345 -0.000812788
internal_weight=399958 356239 334768 312000 151049 40684 12040 4426 28644 20946 160951 110365 4797 7698 7614 95228 92304 59919 38661 23319 16256 15342 12918 9603 7466 4245 134503 25216 109287 70936
internal_count=399958 356239 334768 312000 151049 40684 12040 4426 28644 20946 160951 110365 4797 7698 7614 95228 92304 59919 38661 23319 16256 15342 12918 9603 7466 4245 134503 25216 109287 70936
cat_boundaries=0 1 2
cat_threshold=10 8
is_linear=0
shrinkage=0.08


Tree=60
num_leaves=31
num_cat=8
split_feature=45 45 15 41 5 5 34 44 5 18 10 5 5 34 40 14 24 5 45 40 23 34 22 5 41 13 34 15 5 13
split_gain=50.6805 9.97146 3.74451 4.08927 5.41797 3.15938 2.96354 2.91083 2.97883 2.67943 2.53447 3.24021 2.46135 2.43485 2.46264 2.17507 1.99109 2.03335 1.98789 2.49054 3.86205 2.52493 2.25827 2.37866 2.0951 2.08005 2.00709 1.76218 6.24177 1.83558
threshold=1.2354242205619814 2.0043988227844243 0.28390446305274969 2.0494158267974858 0 1 3.3905944824218754 1.3903147578239443 2 0.50503030419349682 0.45999014377594 3 4 4.2758483886718759 3.1328231096267705 0.26454374194145208 29.656524658203129 5 7.4516913890838632 1.8853536844253542 27.935623168945316 -1.5457458496093748 2.6679039001464848 6 7.219494342803956 1.1736246943473818 -4.0555419921874991 0.5300719439983369 7 0.55080810189247142
decision_type=2 2 10 2 9 9 2 2 9 2 2 9 9 2 2 2 2 9 2 2 2 2 2 9 2 2 2 10 9 2
left_child=15 2 -2 4 6 -5 9 -3 13 -4 11 -11 -12 14 16 -1 17 -9 19 20 22 25 23 -19 -20 -22 -24 28 -10 -29
right_child=1 7 3 5 -6 -7 -8 8 27 10 12 -13 -14 -15 -16 -17 -18 18 24 -21 21 -23 26 -25 -26 -27 -28 29 -30 -31
leaf_value=-0.031690842481904048 -0.015392593294026152 0.01970243967772637 -0.0014700853496991617 0.001547318256058813 -0.0084336763890038562 -0.026819907884463451 -0.010625306998988124 0.015451031609538183 0.021328044473126452 0.0034060519629801733 0.016595557619533092 0.026493320380795229 -0.016768142529304683 -0.014657637084425324 -0.016836579191179354 -0.018416739928690491 -0.0088270883740533199 -0.00055355621211371773 0.020364987329878251 -0.013942236809717434 -0.012164855760981464 0.031464099707037445 0.017550557000813361 -0.017028957043607941 -0.0018365114795567811 0.019372694406435721 -0.0014254254844861566 -0.0050836770753575605 -0.00046776546688449572 0.0004894626161136696
leaf_weight=25291 6867 4071 10621 2828 32309 11830 4230 2272 2056 2004 2144 2493 2197 3633 11812 15546 16700 9987 2038 14529 2646 3748 2839 9605 2189 2031 7492 28072 7015 149027
leaf_count=25291 6867 4071 10621 2828 32309 11830 4230 2272 2056 2004 2144 2493 2197 3633 11812 15546 16700 9987 2038 14529 2646 3748 2839 9605 2189 2031 7492 28072 7015 149027
internal_value=-0.000676598 -0.000373009 -0.00117643 -0.0010028 -0.000691188 -0.00219198 0.000227929 -0.000151925 -0.00018309 0.000645333 0.0016736 0.00300244 0.000293265 -0.000556735 -0.000472731 -0.00334683 -0.00030576 -8.86414e-05 -0.000182341 -0.00031592 2.21066e-05 0.00153408 -0.00040397 -0.00090848 0.00148501 0.000292724 0.00055275 6.43549e-07 0.00108754 -5.50857e-05
internal_weight=400122 359285 77523 70656 55998 14658 23689 281762 277691 19459 8838 4497 4341 91521 87888 40837 76076 59376 57104 52877 38348 8425 29923 19592 4227 4677 10331 186170 9071 177099
internal_count=400122 359285 77523 70656 55998 14658 23689 281762 277691 19459 8838 4497 4341 91521 87888 40837 76076 59376 57104 52877 38348 8425 29923 19592 4227 4677 10331 186170 9071 177099
cat_boundaries=0 32 64 96 125 154 173 205 237
cat_threshold=0 0 0 0 0 0 0 0 0 98304 0 0 3670016 0 0 635437056 0 0 4261412864 1 0 536870912 32 0 0 744 0 0 272 0 0 512 4 0 0 224 0 0 3072 0 0 524288 0 0 41943040 0 0 805306368 0 0 134217728 0 0 2952790016 9 0 0 261 0 0 4608 0 0 10240 899 0 0 2144 0 0 115712 0 0 1613824 0 0 14417920 0 0 138412032 0 0 671088640 0 0 0 48 0 0 66 0 0 80 0 0 8192 0 0 0 0 0 0 0 0 0 65536 0 0 0 0 0 67108864 0 0 1610612736 0 0 0 0 0 0 96 0 0 256 0 0 0 0 0 0 0 0 0 98304 0 0 1048576 0 0 73400320 0 0 1879048192 0 0 0 0 0 0 32 0 0 256 0 0 0 0 0 0 0 0 0 0 0 0 524288 0 0 0 0 0 671088640 0 0 0 2048 0 0 98304 0 0 1581056 0 0 12582912 0 0 4194304 0 0 0 0 0 0 0 0 0 66 0 0 16 0 0 8192 0 0 0 9984 0 0 131072 0 0 2359296 0 0 33554432 0 0 44040192 0 0 117440512 1 0 1610612736 0 0 0 780 0 0 0 0 0 16384
is_linear=0
shrinkage=0.08


Tree=61
num_leaves=31
num_cat=4
split_feature=45 45 14 6 29 6 28 40 22 44 45 40 37 45 44 14 16 42 15 23 9 6 38 36 38 45 37 28 24 23
split_gain=47.2689 8.87664 3.79362 3.37353 4.88632 5.15003 5.3184 3.78687 2.96233 2.22692 2.42466 3.75862 3.16746 3.06489 3.25784 4.1713 2.74812 2.23433 2.26797 2.67459 2.21267 2.19045 2.18699 2.50358 2.17783 2.13946 2.07255 2.04026 3.51681 2.87333
threshold=1.2940300703048708 1.9906949996948244 0.26454374194145208 0 0.28402328491210943 1 1012.1765747070314 0.6832643747329713 0.0042915344238281259 1.710317134857178 7.8646199703216562 2.0534060001373295 1.3999853134155276 4.1167163848876962 6.2451682090759286 2.3091342449188237 3.7207881212234502 9.821540832519533 1.7119961977005007 27.686698913574222 2 3 1.1434657573699953 31.644344329833988 -1.3058796525001524 1.0149380564689638 -0.082206100225448595 1013.5578002929689 20.401275634765629 25.560161590576175
decision_type=2 2 2 1 2 1 2 2 2 2 2 2 2 2 2 2 8 2 8 2 1 1 2 2 2 2 2 2 2 2
left_child=2 3 -1 8 -5 6 7 -6 -2 -3 11 12 16 -13 15 20 27 18 19 -12 -15 24 23 -14 -22 -4 -20 29 -29 -11
right_child=1 9 25 4 5 -7 -8 -9 -10 10 17 13 22 14 -16 -17 -18 -19 26 -21 21 -23 -24 -25 -26 -27 -28 28 -30 -31
leaf_value=-0.028171372566491954 0.0051059375615768281 0.0071003058212457072 -0.029552574165820397 -0.014884387548490878 0.036415986995051712 -0.01019552802159299 -0.0091815054438448979 0.00070278177972303406 -0.0076935219045343442 0.0032549414175819698 0.014612963088478608 -0.022109145369457451 0.0068699686715308498 0.039909938205681603 -0.014573494741651958 -0.011306867819356112 0.017894728431332382 -0.0034170244061374568 0.026205359249368329 -0.0071692158913608042 0.020192392083508533 -0.017630613694420684 -0.0032362081693361861 0.037900372662153389 -0.002632320806216617 -0.010800856516677834 0.010243932720170349 -0.0020489615711867418 -0.014045465556607245 -0.0029823738026111659
leaf_weight=26777 7247 12413 5982 24762 2644 21809 3768 2098 8692 40160 2664 16143 6313 2320 18382 10850 3189 7895 2089 3156 3201 2207 4411 2117 2351 12699 2988 17110 8194 115514
leaf_count=26777 7247 12413 5982 24762 2644 21809 3768 2098 8692 40160 2664 16143 6313 2320 18382 10850 3189 7895 2089 3156 3201 2207 4411 2117 2351 12699 2988 17110 8194 115514
internal_value=-0.000687385 -0.000376063 -0.00311586 -0.00117584 -0.00147228 -0.000791191 0.000876904 0.00265825 -0.000150136 -0.000175792 -0.000223753 -0.000289015 -0.000125228 -0.000870764 -0.000489409 0.000193131 -0.000209951 0.000652696 0.0013947 0.000315608 0.00136426 0.000710116 0.0010891 0.0018436 0.00155635 -0.00223873 0.00262866 -0.000251023 -0.000917122 -0.0001427
internal_weight=400145 354687 45458 71020 55081 30319 8510 4742 15939 283667 271254 252462 197008 55454 39311 20929 184167 18792 10897 5820 10079 7759 12841 8430 5552 18681 5077 180978 25304 155674
internal_count=400145 354687 45458 71020 55081 30319 8510 4742 15939 283667 271254 252462 197008 55454 39311 20929 184167 18792 10897 5820 10079 7759 12841 8430 5552 18681 5077 180978 25304 155674
cat_boundaries=0 1 2 3 4
cat_threshold=2 8 26 6
is_linear=0
shrinkage=0.08


Tree=62
num_leaves=31
num_cat=3
split_feature=45 45 45 6 35 34 44 14 12 45 34 6 23 38 30 27 24 34 37 7 43 34 18 30 21 24 10 12 6 30
split_gain=44.6313 6.90891 4.58856 3.50342 3.55825 2.99334 2.44828 2.19086 1.98355 2.10907 2.00524 2.07721 2.72606 2.11868 1.79809 1.68619 1.6629 2.38946 1.7864 2.62765 2.84076 1.90521 1.6385 3.50839 1.94281 1.48716 1.47405 1.80387 3.07627 1.73028
threshold=1.3130736351013186 2.0167694091796879 1.0149380564689638 0 0.23889541625976565 -6.0858154296874991 1.4483413696289065 0.20907165110111239 2.737539649009705 7.8646199703216562 4.1443176269531259 1 15.125473022460939 0.034532189369201667 1309.3125000000002 1010.7497558593751 29.045349121093754 -13.510375976562498 -0.57220458984374989 1.5000000000000002 3.677223920822144 -13.970428466796873 0.67570245265960704 395.56250000000006 0.53273373842239391 40.766632080078132 0.43675813078880316 0.53977507352828991 2 81.062500000000014
decision_type=2 2 2 1 2 2 2 2 2 2 2 1 2 2 2 2 2 2 2 2 2 2 2 2 2 2 2 2 1 2
left_child=2 3 -1 4 -2 14 15 -4 10 -10 16 13 -13 -12 -5 -3 18 -18 19 20 -8 -20 23 -7 -25 -19 -23 28 -28 -30
right_child=1 6 7 5 -6 22 8 -9 9 -11 11 12 -14 -15 -16 -17 17 25 21 -21 -22 26 -24 24 -26 -27 27 -29 29 -31
leaf_value=-0.035084532111010737 0.0061968205812023116 0.026090139524673994 -0.021178214658769373 -0.0045698374209483372 -0.0081357715817572188 -0.010563346846527431 0.0046322047295061751 -0.010688356179115739 -0.035231450880000063 0.0082116595744410499 0.013330421763449325 0.00085235971325663303 -0.014454239055923435 -0.010049441756273007 0.01070292534973522 -0.00029375479322081089 0.012121486149732037 -0.0041491658994943217 -0.020512981585186666 0.0010470574912450046 -0.020343086366132794 -0.0031950583968121276 -0.023247995049650659 -0.0054255823740362568 0.021146645379790222 0.012228253962131268 0.022990473406890893 0.0022916135715817646 -0.0082713852472329694 0.008680267119621627
leaf_weight=23482 8333 2727 5276 9744 8067 26970 4116 18372 8423 2497 2319 3994 7454 2282 2608 2215 2491 78042 3102 29689 12215 11505 11581 3286 2087 2286 3579 94818 3032 3360
leaf_count=23482 8333 2727 5276 9744 8067 26970 4116 18372 8423 2497 2319 3994 7454 2282 2608 2215 2491 78042 3102 29689 12215 11505 11581 3286 2087 2286 3579 94818 3032 3360
internal_value=-0.000638382 -0.000329472 -0.00295036 -0.00102446 4.87115e-06 -0.00132414 -0.000149146 -0.00216214 -0.000180864 -0.00123696 -0.000137182 -0.00100355 -0.00157935 0.00043194 -0.000223913 0.00161389 -8.11305e-05 -0.000373735 6.53818e-05 -0.000358028 -0.00117276 0.000228597 -0.00163372 -0.00134059 0.000525357 -0.000449502 0.000280849 0.000375232 0.00139826 0.000341858
internal_weight=399952 352822 47130 72676 16400 56276 280146 23648 275204 10920 264284 16049 11448 4601 12352 4942 248235 82819 165416 46020 16331 119396 43924 32343 5373 80328 116294 104789 9971 6392
internal_count=399952 352822 47130 72676 16400 56276 280146 23648 275204 10920 264284 16049 11448 4601 12352 4942 248235 82819 165416 46020 16331 119396 43924 32343 5373 80328 116294 104789 9971 6392
cat_boundaries=0 1 2 3
cat_threshold=2 1 3
is_linear=0
shrinkage=0.08


Tree=63
num_leaves=31
num_cat=13
split_feature=45 45 6 5 5 45 5 39 34 6 5 5 16 5 28 24 23 28 5 36 5 45 41 5 17 26 45 5 6 23
split_gain=44.3437 7.87267 3.7586 5.77093 3.27094 3.26053 2.57082 1.9831 1.81795 9.91055 4.69315 2.94378 2.54783 2.06751 2.48281 2.35266 1.90245 2.46491 4.28505 2.82785 5.42968 3.0727 3.0128 3.51677 2.46406 2.52822 2.61493 2.4612 2.45924 3.42886
threshold=1.2354242205619814 1.9906949996948244 0 1 2 1.0547572374343874 3 0.20831327140331271 -5.5162658691406241 4 5 6 0.14953114092350009 7 1000.8515625000001 32.285430908203132 -9.5246238708496076 1010.2690429687501 8 5.0368309020996103 9 5.2267544269561776 7.4071083068847665 10 1.5889504551887514 9.8140048980712908 6.6695342063903817 11 12 26.915744781494144
decision_type=2 2 1 9 9 2 9 2 2 1 9 9 10 9 2 2 2 2 9 2 9 2 2 9 10 2 2 9 1 2
left_child=5 2 3 7 -4 -1 -3 -2 9 -8 13 -10 -13 -11 15 -15 -14 19 -19 20 -18 -21 23 24 -23 26 -26 -24 -22 -30
right_child=1 6 4 -5 -6 -7 8 -9 11 10 -12 12 16 14 -16 -17 17 18 -20 21 28 22 27 -25 25 -27 -28 -29 29 -31
leaf_value=-0.030169478040358459 0.013239280834983718 0.0024555588949667531 -0.0051714464314233256 -0.0074390344787568473 -0.012312127036029448 -0.013146885477005857 0.041829911249655773 0.00010174800221202183 -0.0076348969650903674 0.024908068562530982 -0.0064359033703706046 0.024606209872990194 0.010867934525630266 0.031141143765219589 -0.0038121679368420054 0.0031396749249610299 0.020680578516052976 -0.013487644932730332 0.00052716812502475873 -0.011573986082278482 -0.018671447985677405 0.00054003931011756712 0.0063986471179436179 -0.0034167291717114075 0.020559243826460426 0.00064901940254182792 0.042157685751588549 -0.030837241216735239 0.03004809433095287 0.00066368905486475821
leaf_weight=26753 4878 63006 25828 8535 32987 14280 3802 3451 48099 2037 31716 2364 5136 2443 6682 3183 3175 17956 17986 28733 3254 4890 2155 10750 3846 2280 2336 3016 2615 11991
leaf_count=26753 4878 63006 25828 8535 32987 14280 3802 3451 48099 2037 31716 2364 5136 2443 6682 3183 3175 17956 17986 28733 3254 4890 2155 10750 3846 2280 2336 3016 2615 11991
internal_value=-0.000609367 -0.000324665 -0.00104951 3.78962e-06 -0.00135124 -0.00310046 -0.000131109 0.00150006 -0.000259906 0.000164978 -0.000159807 -0.000384122 -0.000175768 0.00104003 0.000646333 0.0018836 -0.000227057 -0.000294384 -0.00084357 -4.45798e-05 0.000749821 -0.000332737 0.0002441 0.000620105 0.00148609 0.00231256 0.00315116 -0.00150627 0.000205816 0.000649254
internal_weight=400163 359130 75679 16864 58815 41033 283451 8329 220445 49863 46061 170582 122483 14345 12308 5626 120119 114983 35942 79041 21035 58006 29273 24102 13352 8462 6182 5171 17860 14606
internal_count=400163 359130 75679 16864 58815 41033 283451 8329 220445 49863 46061 170582 122483 14345 12308 5626 120119 114983 35942 79041 21035 58006 29273 24102 13352 8462 6182 5171 17860 14606
cat_boundaries=0 1 33 65 97 98 130 162 188 220 246 256 269 270
cat_threshold=2 0 0 0 0 0 0 0 0 0 114688 0 0 3801088 0 0 750780416 0 0 3959422976 1 0 805306368 0 0 0 95 0 0 12336 0 0 10240 0 0 0 32 0 0 18432 0 0 2195456 0 0 45088768 0 0 546308096 0 0 3355443200 2 0 536870912 46 0 0 1008 0 0 8960 0 0 4096 12 0 0 384 0 0 6144 0 0 4096 0 0 35651584 0 0 321912832 0 0 3238002688 0 0 3221225472 21 0 0 773 0 0 160 0 0 41216 8 16 0 0 112 0 0 206592 0 0 1105920 0 0 458752 0 0 616562688 0 0 301989888 1 0 0 0 0 0 10 0 0 16 0 0 4096 0 0 0 112 0 0 768 0 0 1867776 0 0 13369344 0 0 746586112 0 0 0 0 0 0 32 0 0 8 0 0 784 0 0 4096 16 0 0 112 0 0 198400 0 0 8192 0 0 65536 0 0 0 0 0 0 0 0 0 0 0 0 8 1010 0 0 5632 0 0 123904 0 0 81920 0 0 1048576 0 0 0 0 0 570425344 0 0 268435456 0 0 0 128 0 0 6208 0 0 65536 96 0 0 3584 0 0 0 0 0 16384 0 0 0 0 0 0 0 0 536870912 0 0 0 8 0 0 192 384 0 0 7680 0 0 123904 0 0 196608 99 0 0 0 0 0 0 0 0 73728 0 0 196608 1
is_linear=0
shrinkage=0.08


Tree=64
num_leaves=31
num_cat=11
split_feature=14 45 5 41 5 44 5 18 45 14 28 5 33 29 35 5 45 5 22 5 5 41 5 45 28 44 41 14 9 5
split_gain=42.7271 7.0445 3.3688 2.61067 2.44335 2.35357 4.73103 2.0575 2.49229 1.98249 1.96718 1.99601 2.66459 1.88463 1.80515 2.10077 1.74505 3.25386 1.97852 3.10308 2.64163 1.69329 5.3565 2.85324 2.0511 1.68215 1.48577 1.45732 1.40427 2.58605
threshold=0.28661732375621801 1.9906949996948244 0 1.0075594186782839 1 1.7249051332473757 2 0.82605701684951793 1.1357688307762148 0.81803545355796825 1012.3459472656251 3 17.530560493469242 0.020587921142578128 4.8079490661621103 4 4.801305055618287 5 0.018596649169921878 6 7 3.9630711078643803 8 3.8861294984817509 1011.6521911621095 4.9506661891937265 1.7508633732795718 0.2025711461901665 9 10
decision_type=2 2 9 2 9 2 9 2 2 2 2 9 2 2 2 9 2 9 2 9 9 2 9 2 2 2 2 2 1 9
left_child=3 2 9 -1 13 6 -6 8 -4 10 11 -2 -13 -3 26 -16 17 25 19 -19 -20 22 -15 -23 -25 -7 -10 -5 -21 -30
right_child=1 4 7 27 5 16 -8 -9 14 -11 -12 12 -14 21 15 -17 -18 18 20 28 -22 23 -24 24 -26 -27 -28 -29 29 -31
leaf_value=-0.031926321936349651 -0.0038499569243027462 -0.011900768171712253 -0.017415466620111397 -0.016603186706343802 0.026939098800780319 -0.0068520142630918617 0.0024448978086369162 -0.028693159926342894 -0.002882770332579354 -0.019115099141372518 -0.0061701461965858653 0.023301217926117473 0.001709354215519444 0.028814226961509051 0.014823298892110471 -0.004819444522466191 0.0028904225676191424 -0.0029352323825625093 0.0053050508564724186 0.0044341560267525766 -0.0065998818884395885 -0.034319192835814034 -0.0016018981237331334 -0.0023215225925316964 -0.025958357366954034 -0.040730427642550054 -0.013416237013188909 -0.0094248863081540339 -0.0023199738882017859 0.020807358432909945
leaf_weight=18335 8765 9145 6099 6783 2046 37363 7063 6017 13658 6456 10496 3007 7628 3139 2031 2846 59191 16503 11046 13943 30671 6648 33610 39293 2599 2726 12771 12423 2341 5369
leaf_count=18335 8765 9145 6099 6783 2046 37363 7063 6017 13658 6456 10496 3007 7628 3139 2031 2846 59191 16503 11046 13943 30671 6648 33610 39293 2599 2726 12771 12423 2341 5369
internal_value=-0.000605679 -0.000339551 -0.00100341 -0.00317446 -0.000152187 1.4403e-05 0.00126812 -0.00147894 -0.00125779 -0.000434621 -0.000159969 0.000317361 0.00105303 -0.000484215 -0.000968963 0.000444443 -4.94085e-05 -0.000224787 7.04433e-05 0.000486715 -0.000310304 -0.000367133 4.25464e-05 -0.000677241 -0.000432629 -0.000812686 -0.00122985 -0.00251998 0.00111604 0.00198189
internal_weight=400011 362470 79774 37541 282696 188262 9109 43422 37405 36352 29896 19400 10635 94434 31306 4877 179153 119962 79873 38156 41717 85289 36749 48540 41892 40089 26429 19206 21653 7710
internal_count=400011 362470 79774 37541 282696 188262 9109 43422 37405 36352 29896 19400 10635 94434 31306 4877 179153 119962 79873 38156 41717 85289 36749 48540 41892 40089 26429 19206 21653 7710
cat_boundaries=0 32 61 93 122 151 183 215 247 260 261 290
cat_threshold=0 0 0 32 0 0 133120 0 0 2719744 0 0 12058624 0 0 549453824 0 0 3355443200 0 0 805306368 10 0 0 757 0 0 8464 0 0 4096 897 0 0 2144 0 0 246016 0 0 630784 0 0 14417920 0 0 201326592 0 0 335544320 0 0 536870912 40 0 0 26 0 0 64 96 0 0 512 0 0 3584 0 0 16384 0 0 0 0 0 537919488 0 0 1207959552 0 0 0 0 0 0 512 0 0 3584 0 0 256 0 0 0 0 0 0 2048 0 0 2097152 0 0 0 0 0 536870912 0 0 1073741824 0 0 805306368 10 0 0 84 0 0 8192 0 0 0 0 0 0 1024 0 0 0 0 0 50331648 0 0 234881024 0 0 536870912 1 0 2147483648 32 0 0 0 0 0 4704 122 0 0 13056 0 0 15872 0 0 397312 0 0 196608 0 0 1048576 0 0 134217728 0 0 0 16 0 0 0 0 0 3072 0 0 256 4 0 0 144 0 0 0 0 0 16384 0 0 2097152 0 0 293601280 0 0 3254779904 0 0 268435456 0 0 0 133 0 0 16 0 0 129024 0 0 0 144 0 0 0 0 0 0 0 0 2097152 0 0 276824064 0 0 3271557120 1 0 1342177280 1 0 0 5 0 0 144 0 0 122880 128 0 0 2048 0 0 98304 0 0 524288 0 0 8388608 17 0 0 0 0 0 0 0 0 0 2097152 0 0 0 0 0 33554432 0 0 536870912 0 0 0 0 0 0 256 0 0 12800
is_linear=0
shrinkage=0.08


end of trees

feature_importances:
region_id=364
blend_pred=175
now_msl_anom=126
now_msl_hPa_mean=79
exp_climatology=76
season_id=70
rmse30_climatology=55
now_tcc_mean=52
exp_recent3=48
exp_anom_persistence=48
now_wind_speed_mean=47
now_msl_hPa_min=47
now_tp_mm=42
now_ssrd_MJ=40
now_target_tendency=40
rmse30_recent3=38
regmae_climatology=36
now_cape_max=36
regmae_persistence=35
rmse30_persistence=34
now_wind_speed_max=31
mae7_climatology=30
now_t2m_C_max=30
latitude=29
longitude=28
rmse30_anom_persistence=25
regmae_anom_persistence=25
now_t2m_C_mean=25
now_tp3=22
regime_id=21
regmae_recent3=20
now_rh_pct_mean=19
now_blh_mean=19
now_tp7=18
lead_days=17
now_anomaly=16
expert_spread=16
expert_range=16
mae7_recent3=14
mae7_anom_persistence=10
exp_persistence=10
elev_proxy_m=8
is_ocean=6
lead_bucket_id=4
mae7_persistence=3

parameters:
[boosting: gbdt]
[objective: quantile]
[metric: quantile]
[tree_learner: serial]
[device_type: cpu]
[data_sample_strategy: bagging]
[data: ]
[valid: ]
[num_iterations: 600]
[learning_rate: 0.08]
[num_leaves: 31]
[num_threads: 16]
[seed: 42]
[deterministic: 0]
[force_col_wise: 0]
[force_row_wise: 0]
[histogram_pool_size: -1]
[max_depth: -1]
[min_data_in_leaf: 2000]
[min_sum_hessian_in_leaf: 0.001]
[bagging_fraction: 0.8]
[pos_bagging_fraction: 1]
[neg_bagging_fraction: 1]
[bagging_freq: 1]
[bagging_seed: 400]
[bagging_by_query: 0]
[feature_fraction: 0.6]
[feature_fraction_bynode: 1]
[feature_fraction_seed: 30056]
[extra_trees: 0]
[extra_seed: 12879]
[early_stopping_round: 0]
[early_stopping_min_delta: 0]
[first_metric_only: 0]
[max_delta_step: 0]
[lambda_l1: 0]
[lambda_l2: 10]
[linear_lambda: 0]
[min_gain_to_split: 0]
[drop_rate: 0.1]
[max_drop: 50]
[skip_drop: 0.5]
[xgboost_dart_mode: 0]
[uniform_drop: 0]
[drop_seed: 17869]
[top_rate: 0.2]
[other_rate: 0.1]
[min_data_per_group: 100]
[max_cat_threshold: 32]
[cat_l2: 10]
[cat_smooth: 10]
[max_cat_to_onehot: 4]
[top_k: 20]
[monotone_constraints: ]
[monotone_constraints_method: basic]
[monotone_penalty: 0]
[feature_contri: ]
[forcedsplits_filename: ]
[refit_decay_rate: 0.9]
[cegb_tradeoff: 1]
[cegb_penalty_split: 0]
[cegb_penalty_feature_lazy: ]
[cegb_penalty_feature_coupled: ]
[path_smooth: 0]
[interaction_constraints: ]
[verbosity: -1]
[saved_feature_importance_type: 0]
[use_quantized_grad: 0]
[num_grad_quant_bins: 4]
[quant_train_renew_leaf: 0]
[stochastic_rounding: 1]
[linear_tree: 0]
[max_bin: 255]
[max_bin_by_feature: ]
[min_data_in_bin: 3]
[bin_construct_sample_cnt: 200000]
[data_random_seed: 175]
[is_enable_sparse: 1]
[enable_bundle: 1]
[use_missing: 1]
[zero_as_missing: 0]
[feature_pre_filter: 1]
[pre_partition: 0]
[two_round: 0]
[header: 0]
[label_column: ]
[weight_column: ]
[group_column: ]
[ignore_column: ]
[categorical_feature: 5,6,8,9]
[forcedbins_filename: ]
[precise_float_parser: 0]
[parser_config_file: ]
[objective_seed: 16083]
[num_class: 1]
[is_unbalance: 0]
[scale_pos_weight: 1]
[sigmoid: 1]
[boost_from_average: 1]
[reg_sqrt: 0]
[alpha: 0.95]
[fair_c: 1]
[poisson_max_delta_step: 0.7]
[tweedie_variance_power: 1.5]
[lambdarank_truncation_level: 30]
[lambdarank_norm: 1]
[label_gain: ]
[lambdarank_position_bias_regularization: 0]
[eval_at: ]
[multi_error_top_k: 1]
[auc_mu_weights: ]
[num_machines: 1]
[local_listen_port: 12400]
[time_out: 120]
[machine_list_filename: ]
[machines: ]
[gpu_platform_id: -1]
[gpu_device_id: -1]
[gpu_device_id_list: ]
[gpu_use_dp: 0]
[num_gpu: 1]

end of parameters

pandas_categorical:[]
