tree
version=v4
num_class=1
num_tree_per_iteration=1
label_index=0
max_feature_idx=45
objective=quantile
feature_names=latitude longitude is_ocean elev_proxy_m coastal region_id season_id lead_days lead_bucket_id regime_id mae7_climatology mae7_persistence mae7_recent3 mae7_anom_persistence rmse30_climatology rmse30_persistence rmse30_recent3 rmse30_anom_persistence regmae_climatology regmae_persistence regmae_recent3 regmae_anom_persistence now_tp_mm now_t2m_C_mean now_t2m_C_max now_wind_speed_mean now_wind_speed_max now_msl_hPa_mean now_msl_hPa_min now_tcc_mean now_cape_max now_rh_pct_mean now_blh_mean now_ssrd_MJ now_msl_anom now_tp3 now_tp7 now_target_tendency now_anomaly expert_spread expert_range exp_climatology exp_persistence exp_recent3 exp_anom_persistence blend_pred
feature_infos=[7:37] [68:97] [0:1] [0:5388.1943359375] [0:1] -1:208:901:600:206:806:502:7:400:401:501:903:2:106:302:800:602:500:406:701:808:700:404:601:102:307:707:304:907:100:203:505:207:301:708:8:104:402:200:902:300:908:407:702:0:508:703:308:905:105:202:605:403:803:306:5:3:103:802:305:204:504:900:205:1:4:405:507:807:904:608:6:606:408:201:805:108:704:603:705:706:503:906:101:604:801:303:607:107:506:804:409:9:609:709:909:309:509:809:109:209:1001:1008:1004:1002:1000:1006:1003:1007:1005 -1:2:3:1:0 [1:3] -1:1:2 -1:5:4:2:3:0:1 [0.01993255689740181:6.2394700050354004] [0.0060411691665649414:6.5278143882751465] [0.0074049108661711216:7.1183762550354004] [0.0054739969782531261:6.4898152351379395] [0.040406830608844757:4.3232216835021973] [0.038802850991487503:4.9067473411560059] [0.032944772392511368:4.6401233673095703] [0.039717141538858414:4.7758636474609375] [0.14277245104312897:3.0573558807373047] [0.12820826470851898:3.0775861740112305] [0.12059371918439865:2.8313307762145996] [0.12915268540382385:2.9411273002624512] [0:263.92938232421875] [-35.311538696289062:41.265533447265625] [-30.327835083007812:48.153472900390625] [0.16000412404537201:16.713184356689453] [0.212224081158638:20.085485458374023] [991.29266357421875:1047.8157958984375] [986.6312255859375:1046.9569091796875] [0:1] [0:6924.375] [4.0008754730224609:99.99932861328125] [9.2278718948364258:3571.593017578125] [0.29107201099395752:35.168254852294922] [-31.7266845703125:31.2340087890625] [0:160.36891174316406] [0:594.80096435546875] [-9.5322952270507812:8.8764934539794922] [-8.0179195404052734:10.467067718505859] [0.0011924940627068281:4.4490909576416016] [0.0028173923492431641:10.598912239074707] [0.2111484706401825:11.478034973144531] [0.16000412404537201:16.713184356689453] [0.17418421804904938:14.683163642883301] [-0.010024547576904297:16.727396011352539] [0.19613742828369141:14.492020606994629]
tree_sizes=2865 3056 4143 3051 3055 3760 3833 3797 3072 3942 3066 3071 3677 3795 3879 3048 3070 3854 3079 3085 3741 3955 3989 3809 4083 3807 3101 3753 3083 4019 3855 3059 3070 3109 3112 3969 3660 3732 3113 3846 3656 3108 3790 4240 3098 4218 3620 3104 3047 4162 3042 3803 3784 3883 3114 4032 4138 3113 3106 3046 3897 3108 3112 4124 4146 3115 3985 3816 4385 3117 4103 4167 3753 3106 4154 3776 3879 3089 3087 3132

Tree=0
num_leaves=31
num_cat=0
split_feature=43 41 41 25 25 41 25 25 41 41 25 41 17 43 1 31 43 25 41 25 1 41 25 19 21 43 17 25 21 21
split_gain=32743.1 3173.21 2994.53 670.789 578.054 293.657 285.093 182.899 160.313 140.419 93.2968 76.5064 73.9792 73.9749 65.7202 61.1916 40.3323 38.0943 37.0242 36.1569 31.9336 26.3631 26.0384 37.2038 25.7693 24.3866 24.0585 23.0107 22.8467 21.2373
threshold=1.6522484421730044 1.4843111634254458 2.3199081420898442 1.9875980615615847 2.3808755874633794 1.687409043312073 1.5716497302055361 1.4685301184654238 1.7803192734718325 1.8648651838302615 3.47669529914856 1.7803192734718325 0.39565208554267889 2.037692785263062 78.750000000000014 58.183362960815437 1.3661176562309267 2.3130531311035161 1.5598739385604861 1.6553298830986025 90.750000000000014 1.9327502846717837 1.7844891548156741 0.74779230356216442 0.65093728899955761 1.2841019630432131 0.39565208554267889 1.9875980615615847 0.65093728899955761 0.45915158092975622
decision_type=2 2 2 2 2 2 2 2 2 2 2 2 10 2 2 2 2 2 2 2 2 2 2 2 2 2 8 2 2 2
left_child=1 7 3 5 13 18 8 12 25 20 -6 -8 -1 22 -10 21 -16 -11 -2 24 -5 -7 23 -4 -17 -3 -9 -15 -18 -27
right_child=2 6 4 9 10 15 11 26 14 17 -12 -13 -14 27 16 19 28 -19 -20 -21 -22 -23 -24 -25 -26 29 -28 -29 -30 -31
leaf_value=1.598896164894104 1.6368410634994506 1.6262650489807129 1.6587470722198487 1.6689688992500304 1.7241743278503419 1.6618159103393555 1.6479512834548951 1.6329126024246217 1.6520214462280274 1.6755967903137208 1.8470514822006225 1.6594206929206847 1.6082722890377044 1.6872691988945008 1.6325637125968933 1.6477389669418334 1.6417225980758667 1.6912724709510802 1.6497797656059265 1.6611540412902832 1.6550208663940429 1.6730639600753785 1.6824340319633484 1.6808087348937988 1.6573309707641601 1.6365971374511719 1.6287601494789123 1.6994579124450684 1.6487371420860291 1.6399976253509521
leaf_weight=37541 3767 3819 2668 9026 57353 2981 3786 2916 3631 9817 146456 7008 10700 12362 4382 3567 3018 18466 2782 7725 2704 4903 5768 2781 2081 3150 2936 16727 2154 3005
leaf_count=37541 3767 3819 2668 9026 57353 2981 3786 2916 3631 9817 146456 7008 10700 12362 4382 3567 3018 18466 2782 7725 2704 4903 5768 2781 2081 3150 2936 16727 2154 3005
internal_value=1.67086 1.62778 1.68302 1.66815 1.68715 1.6586 1.64696 1.61574 1.64195 1.67478 1.68888 1.65771 1.61411 1.67839 1.64777 1.66318 1.64429 1.67783 1.6438 1.65988 1.66742 1.66877 1.67287 1.66891 1.65502 1.63428 1.62927 1.68052 1.64916 1.63757
internal_weight=399980 88046 311934 67819 244115 27806 33953 54093 23159 40013 203809 10794 48241 40306 13185 21257 9554 28283 6549 13373 11730 7884 11217 5449 5648 9974 5852 29089 5172 6155
internal_count=399980 88046 311934 67819 244115 27806 33953 54093 23159 40013 203809 10794 48241 40306 13185 21257 9554 28283 6549 13373 11730 7884 11217 5449 5648 9974 5852 29089 5172 6155
is_linear=0
shrinkage=1


Tree=1
num_leaves=31
num_cat=0
split_feature=43 41 41 25 25 41 25 41 41 41 41 41 7 25 33 25 7 25 25 27 25 43 18 7 25 41 41 41 17 25
split_gain=30592.3 3310.95 2741.01 685.965 402.502 302.033 280.53 239.601 154.028 129.619 102.6 78.5817 77.0338 72.0365 67.926 58.3131 54.954 47.3326 44.9789 43.4575 35.0593 32.8984 32.7073 31.8179 31.0142 29.3445 25.2524 24.6814 23.5781 23.0955
threshold=1.6522484421730044 1.4643850326538088 2.494625568389893 2.0165390968322758 2.6005213260650639 1.6691765785217287 1.4539009332656863 1.2599666118621828 1.9459334015846255 1.7949963212013247 1.8925143480300906 3.2325791120529179 1.5000000000000002 1.5716497302055361 20.889023780822757 2.0023761987686162 1.5000000000000002 1.4119853973388674 1.585890054702759 1008.6871032714845 2.3130531311035161 1.3661176562309267 0.44048632681369787 1.5000000000000002 1.7118929624557497 1.5412865877151491 2.0968966484069829 1.9720497131347658 0.34949685633182531 4.0399320125579843
decision_type=2 2 2 2 2 2 2 2 2 2 2 2 2 2 2 2 2 2 2 2 2 2 2 2 2 2 2 2 10 2
left_child=1 7 3 5 15 25 9 17 12 -3 24 -6 -5 28 18 19 -11 -1 -7 -4 -10 -18 -14 -22 -8 -2 -16 -20 -9 -13
right_child=2 6 4 8 11 14 10 13 20 16 -12 29 22 -15 26 -17 21 -19 27 -21 23 -23 -24 -25 -26 -27 -28 -29 -30 -31
leaf_value=-0.068554683065414429 -0.031538319969177241 -0.035913152694702147 -0.0018357458114624059 0.011788397550582884 0.051848244094848631 -0.018656387329101562 -0.023676648807525638 -0.037362929916381842 0.0069484435081481879 -0.034267149639129642 -0.011542679452896118 0.085775691604614263 -0.015582389116287225 -0.027994183731079102 -0.0053681873321533222 0.031516719818115234 -0.030010932397842405 -0.045375844049453731 -0.012618342208862305 0.019333792543411249 0.03629129142761231 -0.018234729290008547 -0.0048511087417602503 0.016328139019012457 -0.017631438446044926 -0.019266383552551274 0.0060975671768188459 -0.0044312122344970636 -0.045530533552169794 0.20969506416320802
leaf_weight=37120 3631 9137 4849 5016 31895 5603 5022 4752 10492 3546 7780 39974 2962 2063 5239 25839 3186 2855 4709 11408 8540 3531 6786 16854 2920 2717 4467 7857 6275 112893
leaf_count=37120 3631 9137 4849 5016 31895 5603 5022 4752 10492 3546 7780 39974 2962 2063 5239 25839 3186 2855 4709 11408 8540 3531 6786 16854 2920 2717 4467 7857 6275 112893
internal_value=-6.01108e-05 -0.0416579 0.0117086 -0.000555824 0.0162969 -0.00930389 -0.0225948 -0.0542685 0.0053557 -0.0290325 -0.0146377 0.0179055 -0.00152159 -0.0447786 -0.00571275 0.00923384 -0.022819 -0.057364 -0.00859783 0.00547489 0.00818476 -0.0185135 -0.0056651 0.00979216 -0.0210312 -0.0250393 -0.000308769 -0.00593193 -0.0473698 0.0186606
internal_weight=399918 88187 311731 84873 226858 34223 35122 53065 50650 19400 15722 184762 14764 13090 27875 42096 10263 39975 18169 16257 35886 6717 9748 25394 7942 6348 9706 12566 11027 152867
internal_count=399918 88187 311731 84873 226858 34223 35122 53065 50650 19400 15722 184762 14764 13090 27875 42096 10263 39975 18169 16257 35886 6717 9748 25394 7942 6348 9706 12566 11027 152867
is_linear=0
shrinkage=0.08


Tree=2
num_leaves=31
num_cat=12
split_feature=43 43 14 43 44 44 43 5 5 5 5 10 5 5 5 44 5 5 44 43 5 37 43 43 17 5 5 10 44 7
split_gain=28696.9 2811.6 2142.2 587.181 448.233 384.818 297.849 242.091 195.93 153.235 143.387 104.405 94.2948 80.691 63.8738 59.3988 54.2685 43.6061 43.5147 43.5067 42.0964 39.893 38.6406 35.0021 34.6971 33.7757 33.3541 31.0932 30.7311 29.3988
threshold=1.6103655695915224 2.3599009513854985 0.35187394917011267 1.250262498855591 1.8567050695419314 3.2657808065414433 1.3004143238067629 0 1 2 3 0.4939348846673966 4 5 6 1.5664960741996767 7 8 1.5943969488143923 1.4466454982757571 9 -0.59879958629608143 1.0358300209045412 1.0752049684524538 0.7988264560699464 10 11 0.40037208795547491 4.5784599781036386 1.5000000000000002
decision_type=2 2 2 2 2 2 2 9 9 9 9 2 9 9 9 2 9 9 2 2 9 2 2 2 8 9 9 2 2 2
left_child=2 4 6 11 7 9 23 20 15 21 26 22 29 24 18 27 -12 -11 -10 -8 -2 -3 -4 -1 -9 -13 -6 -5 -14 -7
right_child=1 5 3 8 10 12 19 13 14 17 16 25 28 -15 -16 -17 -18 -19 -20 -21 -22 -23 -24 -25 -26 -27 -28 -29 -30 -31
leaf_value=-0.0672754900188446 -0.029927848852157588 -0.0022927266159057601 -0.061209931297302234 -0.035679727252960196 -0.015098518524169916 0.06709323524665832 -0.033244534496307376 -0.013061310821533204 -0.025163577461242675 0.026444929718017589 0.005796474630355832 -0.045281306648254402 0.083553727058410646 0.0031221646757125889 -0.0097985822649002147 -0.023086354129791254 0.020938192581176764 0.048586504623413081 -0.013825302052497861 -0.025276719993591303 -0.018290069454193116 0.016158813234329227 -0.043242944976806634 -0.043518869540214541 -0.0049062754516601536 -0.031579296530723576 -0.0028677909832000694 -0.032753616180419928 0.20924346415710449 0.015741686817169191
leaf_weight=24574 2115 6289 3930 4782 2647 2618 5016 6727 5123 24019 21830 2670 52612 8930 4722 4221 12441 31543 2420 3965 10463 11010 5004 10800 5307 2154 11904 3933 100806 5266
leaf_count=24574 2115 6289 3930 4782 2647 2618 5016 6727 5123 24019 21830 2670 52612 8930 4722 4221 12441 31543 2420 3965 10463 11010 5004 10800 5307 2154 11904 3933 100806 5266
internal_value=-4.93684e-05 0.0109464 -0.0418208 -0.0281213 -0.00176658 0.0154179 -0.0538447 -0.00888531 -0.0208504 0.0105899 0.003125 -0.0414149 0.0175979 -0.00361037 -0.0135499 -0.0277246 0.0059485 0.0126365 -0.0181224 -0.0407318 -0.0176504 0.0040037 -0.0465698 -0.0571614 -0.0078812 -0.0317915 -0.00352618 -0.0315347 0.018037 0.0090081
internal_weight=399841 316527 83314 38959 82364 234163 44355 33542 25201 72861 48822 13758 161302 20964 12265 12936 34271 55562 7543 8981 12578 17299 8934 35374 12034 4824 14551 8715 153418 7884
internal_count=399841 316527 83314 38959 82364 234163 44355 33542 25201 72861 48822 13758 161302 20964 12265 12936 34271 55562 7543 8981 12578 17299 8934 35374 12034 4824 14551 8715 153418 7884
cat_boundaries=0 32 64 96 128 160 186 215 247 279 311 340 372
cat_threshold=0 0 0 2176 0 0 0 0 0 2097152 0 0 53477376 0 0 838860800 0 0 3758096384 3 0 0 63 0 0 524 0 0 496 0 0 3328 16 0 0 64 0 0 0 0 0 65536 0 0 18874368 0 0 838860800 0 0 2147483648 3 0 2147483648 63 0 0 798 0 0 496 0 0 3328 0 0 0 2048 0 0 32768 0 0 2654208 0 0 37224448 0 0 931135488 0 0 4227858432 1 0 2147483648 49 0 0 6 0 0 112 0 0 256 0 0 0 0 0 0 65536 0 0 2097152 0 0 52428800 0 0 805306368 0 0 3758096384 3 0 2147483648 63 0 0 878 0 0 368 0 0 3072 0 0 0 0 0 0 0 0 0 0 0 0 1048576 0 0 130023424 0 0 2080374784 1 0 2147483648 17 0 0 6 0 0 8240 0 0 18688 24 0 0 1104 0 0 81920 0 0 196608 0 0 4718592 0 0 226492416 0 0 402653184 0 0 2415919104 0 0 0 499 8 0 0 128 0 0 1024 0 0 3284992 0 0 34603008 0 0 150994944 0 0 2013265920 0 0 268435456 0 0 0 97 0 0 512 24 0 0 192 0 0 25600 0 0 65536 0 0 6029312 0 0 260046848 0 0 419430400 0 0 1879048192 0 0 0 144 0 0 12928 0 0 41216 145 0 0 1152 0 0 26624 0 0 327680 0 0 25427968 0 0 140509184 0 0 0 0 0 1073741824 14 0 0 889 0 0 8576 0 0 24576 0 0 0 2048 0 0 0 0 0 0 0 0 0 0 0 805306368 0 0 0 3 0 0 48 0 0 8 0 0 96 0 0 1024 8 0 0 0 0 0 0 0 0 196608 0 0 53477376 0 0 838860800 0 0 134217728 1 0 0 61 0 0 872 0 0 192 0 0 0 0 0 0 0 0 0 0 0 0 0 0 0 805306368 0 0 0 3 0 0 0 0 0 524 0 0 96 0 0 1024
is_linear=0
shrinkage=0.08


Tree=3
num_leaves=31
num_cat=0
split_feature=43 41 41 25 25 41 41 41 41 25 41 25 25 31 25 7 11 19 41 25 43 41 25 17 32 31 19 7 41 7
split_gain=26694.1 3079.91 2704.46 593.757 412.703 296.925 256.003 236.942 143.211 108.177 89.5732 79.6818 78.6785 72.3533 66.8628 64.9652 54.9616 44.7025 39.3486 37.1767 36.4443 35.094 33.6312 33.0489 32.0301 31.9515 31.6984 31.0162 30.0803 29.3027
threshold=1.6103655695915224 1.402784585952759 2.494625568389893 2.0023761987686162 2.9225490093231206 1.7046671509742739 1.687409043312073 1.1537303328514101 1.9720497131347658 1.4119853973388674 3.8893424272537236 2.0768150091171269 1.5277256965637209 59.86529731750489 1.4406986832618716 1.5000000000000002 0.61078161001205455 0.73532411456108104 1.402784585952759 1.2811118960380556 1.2841019630432131 1.7200115919113161 1.6553298830986025 0.41119657456874853 707.35818481445324 60.716400146484382 1.5658552050590517 1.5000000000000002 1.9720497131347658 1.5000000000000002
decision_type=2 2 2 2 2 2 2 2 2 2 2 2 2 2 2 2 2 2 2 2 2 2 2 10 2 2 2 2 2 2
left_child=1 7 3 6 11 12 18 19 15 16 26 17 -3 28 23 -5 20 25 -2 -1 -7 -17 27 -9 29 -4 -6 -15 -8 -10
right_child=2 5 4 8 10 9 13 14 24 -11 -12 -13 -14 22 -16 21 -18 -19 -20 -21 -22 -23 -24 -25 -26 -27 -28 -29 -30 -31
leaf_value=-0.060881605943908693 -0.033913139767608645 -0.031039729727630617 0.012361778747310632 0.0088801425244903684 0.059919996479492178 -0.033779391681671135 -0.0068726670116996888 -0.036502766338691719 0.017978863229217535 -0.013074311443328863 0.16657228244750974 0.033068316308784478 -0.019910275440216067 -0.022341594095764156 -0.029542149879798894 -0.016232211207504274 -0.019159309448871616 0.019511346965599065 -0.018926541082019816 -0.043751648928470617 -0.02191644702739716 -0.0033049288474273643 -0.0079258567655181838 -0.043033491339950561 0.023900473338737488 -0.00743512668853759 0.026713820472412112 -0.013259014247207631 0.0039330547717285214 0.006442551222152702
leaf_weight=29365 2045 10508 2540 5683 42376 2821 4396 8660 7901 9761 123690 38470 3894 2521 3407 4007 2976 13050 5906 3016 4456 7047 9914 4360 11426 4029 3485 4966 7169 15772
leaf_count=29365 2045 10508 2540 5683 42376 2821 4396 8660 7901 9761 123690 38470 3894 2521 3407 4007 2976 13050 5906 3016 4456 7047 9914 4360 11426 4029 3485 4966 7169 15772
internal_value=-6.8614e-05 -0.0403806 0.010536 -0.00130933 0.0151541 -0.0220438 -0.00906166 -0.0533033 0.00421248 -0.0157271 0.0171482 0.009332 -0.0308049 -0.00556737 -0.0453964 -0.00187616 -0.0214655 0.00517907 -0.0217686 -0.0572992 -0.0252148 -0.0054483 -0.00882546 -0.048043 0.00711555 -0.000203678 0.01412 -0.0128718 -0.000661771 0.00543259
internal_weight=399617 83224 316393 88753 227640 34416 36917 48808 51836 20014 169551 58089 14402 28966 16427 16737 10253 19619 7951 32381 7277 11054 17401 13020 35099 6569 45861 7487 11565 23673
internal_count=399617 83224 316393 88753 227640 34416 36917 48808 51836 20014 169551 58089 14402 28966 16427 16737 10253 19619 7951 32381 7277 11054 17401 13020 35099 6569 45861 7487 11565 23673
is_linear=0
shrinkage=0.08


Tree=4
num_leaves=31
num_cat=0
split_feature=45 45 45 45 45 45 45 45 31 36 45 14 20 43 45 14 31 24 43 45 12 45 45 24 21 20 20 37 45 45
split_gain=27842.7 3384.61 1622.21 594.203 384.073 142.556 140.987 108.83 52.5888 51.2558 50.4578 49.0709 43.3417 42.4525 42.342 33.7705 26.2512 23.6121 20.309 20.28 20.2706 18.6167 18.5604 16.1516 14.8108 14.7122 14.1151 14.8343 12.3568 12.1408
threshold=1.6112416982650759 2.2769370079040532 1.274611830711365 3.726290345191956 1.8986741304397585 1.0547572374343874 1.4424743652343752 2.8992707729339604 68.297290802001967 6.5245628356933603 5.1849970817565927 0.26454374194145208 1.3750088810920718 6.6728301048278817 1.7329159975051882 0.23501620441675189 59.86529731750489 35.564483642578132 4.0407369136810312 1.5464626550674441 0.49346457421779638 2.0705361366271977 2.0303200483322148 31.735717773437504 1.4997804164886477 1.1422203779220583 2.0730612277984624 -1.1994619965553281 1.1758222579956057 2.7049574851989751
decision_type=2 2 2 2 2 2 2 2 2 2 2 2 2 2 2 2 2 2 2 2 2 2 2 2 2 2 2 2 2 2
left_child=2 4 5 7 14 -1 15 9 17 20 13 -7 -9 24 -2 -4 23 21 -14 -8 -3 -6 -10 -16 -5 -22 -12 -28 -13 -11
right_child=1 3 6 10 8 11 19 12 22 29 26 28 18 -15 16 -17 -18 -19 -20 -21 25 -23 -24 -25 -26 -27 27 -29 -30 -31
leaf_value=-0.057958638970852655 -0.016995292332000728 0.025822787681823729 -0.02351188598439332 0.10232163863924561 -0.0013538580411224289 -0.034157296498776246 -0.024657225956755069 0.04847105223835145 -0.0090962924878982641 0.0086992500909339968 0.24744129646975097 -0.043138030011577601 0.040461649779220593 0.025402933105004879 -0.0095578685529739364 -0.031151008173188787 -0.013989077875470355 0.015422917917633061 0.001813426946801755 -0.021475318771264656 0.020110444443679806 0.0061562417652252233 -0.0018169367447112973 0.0010637111046325654 0.090054148245905311 0.0046648890294036958 0.097373790633264151 0.22301445473391113 -0.037620168313354116 0.0204456168229828
leaf_weight=26688 12590 12144 2298 43691 9663 7091 9471 41730 7678 18118 68727 5098 6550 2147 4373 11904 12532 2903 2090 6308 19165 11359 13075 2000 15144 2077 2134 9355 5052 6757
leaf_count=26688 12590 12144 2298 43691 9663 7091 9471 41730 7678 18118 68727 5098 6550 2147 4373 11904 12532 2903 2090 6308 19165 11359 13075 2000 15144 2077 2134 9355 5052 6757
internal_value=-0.000117423 0.00993374 -0.0444464 0.0144347 -0.00482811 -0.0542402 -0.030083 0.009985 -5.81812e-05 0.00762815 0.0178571 -0.0484691 0.012709 0.0161129 -0.0115924 -0.0358824 -0.00918953 0.0024976 0.00753757 -0.0248439 0.00967661 0.00156143 -0.00300438 -0.00499765 0.0165163 0.00817805 0.0191808 0.0165319 -0.0447441 0.00487603
internal_weight=399912 326002 73910 249829 76173 43929 29981 108631 44678 58261 141198 17241 50370 60982 31495 14202 18905 23925 8640 15779 33386 21022 20753 6373 58835 21242 80216 11489 10150 24875
internal_count=399912 326002 73910 249829 76173 43929 29981 108631 44678 58261 141198 17241 50370 60982 31495 14202 18905 23925 8640 15779 33386 21022 20753 6373 58835 21242 80216 11489 10150 24875
is_linear=0
shrinkage=0.08


Tree=5
num_leaves=31
num_cat=7
split_feature=45 45 45 45 45 45 45 5 45 5 45 14 45 43 14 35 5 35 14 45 5 5 44 5 45 45 24 14 14 5
split_gain=25975.7 3065.06 1751.49 509.876 412.804 185.646 140.35 117.976 61.9362 60.6638 54.3855 48.6376 36.5074 43.3171 33.3976 30.1461 28.8579 27.1659 25.1213 33.2358 23.8104 23.1865 22.4 21.7109 21.0509 20.2859 18.4286 17.247 17.1823 18.678
threshold=1.6112416982650759 2.3926109075546269 1.274611830711365 4.0828022956848153 1.9383577704429629 1.0547572374343874 1.4424743652343752 0 2.9645828008651738 1 2.1651604175567631 0.26454374194145208 5.4894165992736825 7.048485755920411 0.27941082417964941 0.41532516479492193 2 0.85783004760742199 1.8425517082214358 3.1697384119033818 3 4 4.6680176258087167 5 1.7766063809394839 1.7766063809394839 34.128204345703132 0.28661732375621801 0.84245419502258312 6
decision_type=2 2 2 2 2 2 2 9 2 9 2 2 2 2 2 2 9 2 2 2 9 9 2 9 2 2 2 2 2 9
left_child=2 4 5 7 9 27 14 18 17 24 16 -7 13 -5 -4 -12 -6 -9 19 26 -17 -10 -23 -19 -2 -11 -3 -1 -18 -30
right_child=1 3 6 12 10 11 -8 8 21 25 15 -13 -14 -15 -16 20 28 23 -20 -21 -22 22 -24 -25 -26 -27 -28 -29 29 -31
leaf_value=-0.05385042051515649 -0.017249793082381455 0.0068673405627947747 -0.022183710329112261 0.11142940387073777 0.0045751394818693619 -0.031234878408883619 -0.021546294308513618 0.026814977773173841 0.061779599817070666 -0.010770567532801039 0.011584357959617915 -0.03755292533155518 0.24457726907358204 0.030938351066956037 -0.029274227063484981 0.012561032685379524 -0.0014979157007256917 0.0083182047903590343 -0.00098751799230790038 0.046132306805115202 -0.0026825615241127831 0.049096886987379351 0.01566976713090135 0.022273884633966751 -0.01274048224725719 -0.0052873285129818905 0.025134273869526977 -0.05152803732595513 -0.016209918703102472 -0.0042434515181483242
leaf_weight=20805 9438 9827 3718 52223 7230 7106 15803 23563 15880 7960 14293 10203 69348 2209 10533 3439 14195 6154 4180 5694 7784 33775 2369 8717 8110 10808 3015 6016 2607 3011
leaf_count=20805 9438 9827 3718 52223 7230 7106 15803 23563 15880 7960 14293 10203 69348 2209 10533 3439 14195 6154 4180 5694 7784 33775 2369 8717 8110 10808 3015 6016 2607 3011
internal_value=-0.000117943 0.00960972 -0.042839 0.0143615 -0.00305946 -0.052985 -0.0279284 0.0104789 0.0117735 -0.00961735 0.00147273 -0.0464403 0.0179103 0.0163477 -0.0336989 0.00412129 -0.00102687 0.0093341 0.00531316 0.00657824 0.00101665 0.0135757 0.0124278 0.00664875 -0.0130009 -0.00643815 0.00431684 -0.0571898 -0.00260475 -0.00634684
internal_weight=400013 325829 74184 236954 88875 44130 30054 113174 90458 36316 52559 17309 123780 54432 14251 25516 27043 38434 22716 18536 11223 52024 36144 14871 17548 18768 12842 26821 19813 5618
internal_count=400013 325829 74184 236954 88875 44130 30054 113174 90458 36316 52559 17309 123780 54432 14251 25516 27043 38434 22716 18536 11223 52024 36144 14871 17548 18768 12842 26821 19813 5618
cat_boundaries=0 32 64 96 128 160 186 215
cat_threshold=33 0 0 3584 0 0 57344 0 0 786432 0 0 0 0 0 117440512 0 0 2080374784 1 0 2147483648 33 0 0 518 0 0 16 0 0 256 24 0 0 64 0 0 0 0 0 2293760 0 0 52428800 0 0 855638016 0 0 2952790016 1 0 2147483648 47 0 0 596 0 0 480 0 0 2048 130 0 0 8352 0 0 154624 0 0 57344 0 0 393216 0 0 2097152 0 0 134217728 0 0 268435456 17 0 0 1 0 0 3712 0 0 30976 132 0 0 5184 0 0 136192 0 0 2113536 0 0 44171264 0 0 0 0 0 318767104 1 0 1610612736 9 0 0 513 0 0 15872 0 0 49152 8 0 0 192 0 0 1792 0 0 2191360 0 0 35586048 0 0 940572672 0 0 2147483648 0 0 536870912 12 0 0 16 0 0 384 0 0 12288 918 0 0 12320 0 0 138240 0 0 32768 0 0 16777216 0 0 13631488 0 0 50331648 0 0 1073741824 28 0 0 241 280 0 0 7168 0 0 73728 0 0 0 0 0 57671680 0 0 520093696 0 0 2684354560 1 0 2147483648 12 0 0 4 0 0 4352
is_linear=0
shrinkage=0.08


Tree=6
num_leaves=31
num_cat=9
split_feature=45 45 45 45 45 45 45 5 45 45 15 45 45 15 5 21 26 5 5 45 5 35 25 45 35 6 11 5 5 5
split_gain=23666.4 2779.05 1879.37 499.38 399.744 220.8 158.321 99.743 62.2703 51.0828 46.5996 44.8979 39.4171 33.7938 31.5193 30.847 27.555 27.3827 26.968 26.3468 24.6588 24.6336 24.2328 28.1169 23.2181 20.2922 19.4804 18.5202 18.4953 17.2534
threshold=1.6112416982650759 2.4369810819625859 1.2155651450157168 4.2243840694427499 1.9646031856536867 1.3868631124496462 0.99343484640121471 0 1.7766063809394839 3.0529260635375981 0.30702385306358343 2.205765008926392 5.9739172458648691 0.37081587314605718 1 1.6605185866355898 8.26037645339966 2 3 1.477586627006531 4 0.53548812866210949 4.3921070098876962 3.1473847627639775 1.4739036560058596 5 1.018350422382355 6 7 8
decision_type=2 2 2 2 2 2 2 9 2 2 8 2 2 10 9 2 2 9 9 2 9 2 2 2 2 1 2 9 9 9
left_child=2 4 6 7 8 13 -1 22 18 24 -8 20 15 -4 -10 -5 -17 -11 -2 -7 -6 -13 23 26 -9 -16 -3 -26 -23 -27
right_child=1 3 5 12 11 19 10 9 14 17 -12 21 -14 -15 25 16 -18 -19 -20 -21 -22 28 -24 -25 27 29 -28 -29 -30 -31
leaf_value=-0.051520092829449346 -0.016914458124990699 0.015735743134910614 -0.023529052088631434 0.11768072415990563 0.0052155260688462766 -0.021748752386135387 -0.031162264521820721 0.026072696776158182 0.00019947975740151948 0.059222120147134683 -0.03572779627448721 0.011464434473323041 0.26061879743233901 -0.030409945415482413 -0.0033845224010438991 0.10853396989687056 0.024134021545470272 0.045336507452110805 -0.010618010409300847 -0.019374746686649968 -0.0023175202244189344 0.012508773651081242 -0.0081462433881822529 0.045008710000361718 0.0032280842228161258 -0.017048146503299711 -0.0023477118275944966 0.020180057689291573 -0.0014858960281287459 -0.0092892294675927765
leaf_weight=21899 8430 8109 6289 48375 7870 8016 8410 28091 4736 19640 8951 14775 53505 7734 4257 13784 2007 33679 8964 12568 20696 3499 2067 7003 3607 2983 3756 9035 7087 10120
leaf_count=21899 8430 8109 6289 48375 7870 8016 8410 28091 4736 19640 8951 14775 53505 7734 4257 13784 2007 33679 8964 12568 20696 3499 2067 7003 3607 2983 3756 9035 7087 10120
internal_value=9.70116e-06 0.00927237 -0.0408747 0.0139521 -0.00238282 -0.0272704 -0.0528566 0.0102011 -0.00849722 0.011313 -0.0470612 0.00209541 0.0176163 -0.0350217 -0.00567448 0.0162696 0.0131776 0.0129457 -0.0120777 -0.0219753 -7.97872e-05 0.00454456 0.00519494 0.0060981 0.00917605 -0.00724971 0.00372042 0.00631995 0.00159683 -0.00881049
internal_weight=399942 326075 73867 232658 93417 34607 39260 114987 39490 94052 17361 53927 117671 14023 22096 64166 15791 53319 17394 20584 28566 25361 20935 18868 40733 17360 11865 12642 10586 13103
internal_count=399942 326075 73867 232658 93417 34607 39260 114987 39490 94052 17361 53927 117671 14023 22096 64166 15791 53319 17394 20584 28566 25361 20935 18868 40733 17360 11865 12642 10586 13103
cat_boundaries=0 32 64 96 128 160 161 190 222 251
cat_threshold=128 0 0 3584 0 0 57344 0 0 786432 0 0 0 0 0 117440512 0 0 2080374784 1 0 2147483648 1 0 0 6 0 0 16 0 0 16640 3 0 0 11296 0 0 45056 0 0 1368064 0 0 393216 0 0 5242880 0 0 100663296 0 0 805306368 32 0 0 1 0 0 10768 0 0 22784 8 0 0 208 0 0 69376 0 0 94208 0 0 37421056 0 0 672137216 0 0 2147483648 0 0 536870912 12 0 0 144 0 0 2304 0 0 12288 24 0 0 128 0 0 1024 0 0 65536 0 0 35651584 0 0 840957952 0 0 4026531840 1 0 2147483648 39 0 0 980 0 0 384 0 0 2304 132 0 0 8352 0 0 153600 0 0 385024 0 0 393216 0 0 276824064 0 0 0 1 0 268435456 17 0 0 1 0 0 3712 0 0 30976 2 887 0 0 12320 0 0 137216 0 0 131072 0 0 16777216 0 0 4194304 0 0 33554432 0 0 0 8 0 0 368 0 0 128 132 0 0 5344 0 0 5120 0 0 2228224 0 0 44171264 0 0 671088640 0 0 318767104 0 0 1610612736 1 0 0 513 0 0 15872 0 0 49152 16 0 0 0 0 0 0 0 0 65536 0 0 23068672 0 0 838860800 0 0 805306368 0 0 0 8 0 0 4 0 0 64
is_linear=0
shrinkage=0.08


Tree=7
num_leaves=31
num_cat=8
split_feature=41 25 41 41 43 25 5 41 25 5 41 25 7 5 5 41 41 19 31 5 5 5 5 43 41 25 24 15 25 25
split_gain=19890.6 2883.96 1567.27 547.927 490.429 366.275 146.708 146.592 142.896 121.458 93.4833 83.3176 77.9786 66.4809 66.2458 66.0529 63.2076 51.6855 47.6012 45.6617 44.5909 41.0291 40.5158 36.8985 33.8934 32.5048 32.5011 31.2772 31.0674 30.8237
threshold=1.5598739385604861 2.1703069210052495 1.1750221252441408 3.0361732244491582 1.7407054305076601 1.5716497302055361 0 4.9690606594085702 1.2053820490837099 1 1.3827969431877138 1.4990079998970034 1.5000000000000002 2 3 0.94391426444053661 2.3070719242095952 1.8689680099487307 58.183362960815437 4 5 6 7 1.1821522712707522 2.0612262487411503 1.5716497302055361 34.552429199218757 0.27649629116058355 2.8530334234237675 5.2396206855773935
decision_type=2 2 2 2 2 2 9 2 2 9 2 2 2 9 9 2 2 2 2 9 9 9 9 2 2 2 2 8 2 2
left_child=2 4 8 12 6 10 11 13 15 18 -4 -2 28 -5 26 -1 -11 29 -6 -7 -18 -19 -8 -12 -16 -24 -14 -17 -3 -9
right_child=1 3 5 7 9 19 22 17 -10 16 23 -13 14 -15 24 27 20 21 -20 -21 -22 -23 25 -25 -26 -27 -28 -29 -30 -31
leaf_value=-0.050198969106706688 -0.022377516871822239 0.014789696832475691 -0.025988206968523688 0.03561584221100688 0.0024294823903447059 -0.018141738540065191 0.004573061313698403 0.087353697696770746 -0.030706030733044561 -0.001135961688335625 -0.030746719311168912 -0.012383539145110182 -0.0027997460576430909 0.058812706542042188 0.00084143538484749759 -0.031667073666624128 0.0043342216425066304 0.039732211813340933 -0.010504007576342662 -0.0096080344484920314 0.024106243880837187 0.14023329694316697 -0.012744300107743287 -0.018764296214979045 0.017849599158174412 -0.0051651268069034459 0.020718083981074376 -0.034666592630805522 0.044200673106549376 0.20570339345462468
leaf_weight=16463 10154 12878 12839 19126 5283 4308 2459 23409 5587 14414 2222 7205 12665 62537 5140 6423 10733 4107 12710 4322 10714 12609 9878 6395 28035 6868 2555 6191 11456 50552
leaf_count=16463 10154 12878 12839 19126 5283 4308 2459 23409 5587 14414 2222 7205 12665 62537 5140 6423 10733 4107 12710 4322 10714 12609 9878 6395 28035 6868 2555 6191 11456 50552
internal_value=4.12245e-05 0.00787649 -0.0405503 0.0123817 -0.0043345 -0.0271757 -0.0114836 0.0148391 -0.0521474 0.00052057 -0.0327737 -0.0168122 0.00655742 0.0123769 0.00469827 -0.0544181 0.00321117 0.0170549 -0.00483984 -0.0132361 0.00596449 0.0130193 -0.00664863 -0.0262594 0.00670161 -0.00805678 0.000325459 -0.0498954 0.0102514 0.0179651
internal_weight=400237 335487 64750 245069 90418 30086 36564 172340 34664 53854 21456 17359 72729 81663 48395 29077 35861 90677 17993 8630 21447 16716 19205 8617 33175 16746 15220 12614 24334 73961
internal_count=400237 335487 64750 245069 90418 30086 36564 172340 34664 53854 21456 17359 72729 81663 48395 29077 35861 90677 17993 8630 21447 16716 19205 8617 33175 16746 15220 12614 24334 73961
cat_boundaries=0 32 64 96 125 157 189 199 231
cat_threshold=16 0 0 2048 0 0 0 0 0 196608 0 0 53477376 0 0 838860800 0 0 3758096384 1 0 0 62 0 0 604 0 0 496 0 0 2304 0 0 0 2048 0 0 16384 0 0 2162688 0 0 37224448 0 0 1056964608 0 0 4026531840 3 0 0 61 0 0 92 0 0 64 0 0 1280 96 0 0 11776 0 0 188416 0 0 294912 0 0 25952256 0 0 901775360 0 0 1946157056 0 0 2147483648 0 0 0 513 0 0 8192 0 0 49152 32 0 0 8192 0 0 24576 0 0 2883584 0 0 59768832 0 0 931135488 0 0 4160749568 1 0 2147483648 1 0 0 270 0 0 112 20 0 0 192 0 0 0 0 0 3145728 0 0 0 0 0 268435456 0 0 3758096384 3 0 2147483648 33 0 0 783 0 0 12400 0 0 2048 1 0 0 1152 0 0 109568 0 0 434176 0 0 17170432 0 0 15728640 0 0 251658240 0 0 2415919104 0 0 0 32 0 0 912 0 0 40960 993 0 0 48 0 0 0 0 0 1572864 775 0 0 14112 0 0 180224 0 0 802816 0 0 8388608 0 0 7340032 0 0 50331648 0 0 1073741824 0 0 0 0 0 0 2048 0 0 4096
is_linear=0
shrinkage=0.08


Tree=8
num_leaves=31
num_cat=0
split_feature=45 45 45 45 45 45 45 19 45 45 45 45 17 37 35 17 21 17 31 31 45 26 31 12 26 45 45 23 23 13
split_gain=19968.2 2573.06 1643.32 458.008 425.133 182.082 182.007 59.8302 64.4028 57.8966 56.0141 55.2991 51.6452 47.5706 34.363 32.3016 31.7643 24.3412 24.0168 22.1076 20.7761 19.2173 17.1493 16.1177 15.8932 13.4004 12.7508 12.1272 12.0707 11.8216
threshold=1.5628349781036379 2.633086204528809 1.1758222579956057 1.9383577704429629 4.3707213401794442 0.95212674140930187 1.3868631124496462 1.380482077598572 3.3776563405990605 2.219764351844788 6.4464421272277841 1.7329159975051882 0.27083180844783789 -2.1198827028274532 0.71573257446289074 0.34144292771816259 1.6605185866355898 0.93098142743110668 70.578464508056655 65.57367324829103 3.6026744842529301 8.6315412521362322 68.297290802001967 0.41980722546577459 4.4737124443054208 0.83686235547065746 1.3130736351013186 19.700504302978519 28.081573486328129 0.23678711056709292
decision_type=2 2 2 2 2 2 2 2 2 2 2 2 8 2 2 10 2 8 2 2 2 2 2 2 2 2 2 2 2 2
left_child=2 3 5 11 7 25 15 8 17 18 13 22 -7 -6 23 -4 -15 -3 27 28 -9 -18 -2 -11 -22 -1 -17 -5 -13 -14
right_child=1 4 6 9 10 12 -8 20 -10 14 -12 19 29 16 -16 26 21 -19 -20 -21 24 -23 -24 -25 -26 -27 -28 -29 -30 -31
leaf_value=-0.051819483749038081 -0.0094198414108707957 0.030324149389818648 -0.020249451054532245 -0.0012502894091312156 0.044528787019134236 -0.027060215525693661 -0.0178040887483755 0.005429576384634531 0.054466242137105575 0.015960156951207342 0.26276134064282725 -0.0048269283789268338 -0.029288615125687506 0.11625260443406536 0.0032297291359890856 -0.027984036242890538 0.10700933767753078 0.02079173747079921 -0.0043295380235438335 -0.010396657973997154 0.058658425070568704 0.035606460598686683 -0.015707196576360119 0.0093746959829106562 0.023326140866423657 -0.034261957921228554 -0.023331749614117818 0.0046567408829184444 0.0036516752565992051 -0.031762193959283654
leaf_weight=10920 7866 16900 6783 7386 3846 6993 15754 6706 36898 7764 41079 8396 3804 49398 17116 6259 15024 31774 14079 13165 4046 2055 9398 17855 5733 7800 4152 11790 2010 6503
leaf_count=10920 7866 16900 6783 7386 3846 6993 15754 6706 36898 7764 41079 8396 3804 49398 17116 6259 15024 31774 14079 13165 4046 2055 9398 17855 5733 7800 4152 11790 2010 6503
internal_value=7.21331e-05 0.00824792 -0.0390768 -0.0012967 0.0134715 -0.0508887 -0.0261521 0.00973968 0.0105901 0.00237526 0.016889 -0.00812878 -0.0448943 0.0155111 0.00432284 -0.0318507 0.0160119 0.00867554 -0.000128063 -0.00560536 0.00532161 0.0130177 -0.0115688 0.0061766 0.00767188 -0.0564015 -0.0289665 0.00171375 -0.00284562 -0.0411612
internal_weight=399252 330284 68968 116825 213459 36020 32948 102057 85572 75990 111402 40835 17300 70323 42735 17194 66477 48674 33255 23571 16485 17079 17264 25619 9779 18720 10411 19176 10406 10307
internal_count=399252 330284 68968 116825 213459 36020 32948 102057 85572 75990 111402 40835 17300 70323 42735 17194 66477 48674 33255 23571 16485 17079 17264 25619 9779 18720 10411 19176 10406 10307
is_linear=0
shrinkage=0.08


Tree=9
num_leaves=31
num_cat=9
split_feature=45 45 45 45 45 45 45 5 45 45 45 37 13 29 5 5 5 21 5 5 5 13 45 43 5 43 12 45 45 5
split_gain=18243.6 2392.47 1734.19 445.608 399.187 197.866 186.487 77.1846 56.0663 54.7246 53.4239 50.094 36.8507 32.2641 31.7395 31.6463 29.6813 29.3535 28.4607 25.1473 23.6305 23.372 22.9075 28.8834 21.39 21.3706 20.8099 20.2551 19.7473 18.4585
threshold=1.5628349781036379 2.7049574851989751 1.1554257273674013 1.9646031856536867 4.6028349399566659 1.3512168526649477 0.95212674140930187 0 1.7766063809394839 6.6695342063903817 2.2490632534027104 -1.9116373062133787 0.23678711056709292 0.38601684570312506 1 2 3 1.6605185866355898 4 5 6 0.22733701020479205 3.3776563405990605 3.7741246223449711 7 5.163867950439454 0.30954188108444219 3.758478164672852 0.86023995280265819 8
decision_type=2 2 2 2 2 2 2 9 2 2 2 2 2 2 9 9 9 2 9 9 9 2 2 2 9 2 2 2 2 9
left_child=2 3 6 8 7 21 28 22 20 11 26 15 -8 16 -9 -6 -12 -13 -15 -10 -2 -4 23 -3 -7 -24 29 -16 -1 -5
right_child=1 4 5 10 9 24 12 14 19 -11 13 17 -14 18 27 -17 -18 -19 -20 -21 -22 -23 25 -25 -26 -27 -28 -29 -30 -31
leaf_value=-0.046435090191174366 -0.015593769372527069 0.01730479696711586 -0.019418846315995737 -0.0028890178245788169 0.00051168431212524014 -0.01307117391582926 -0.025979014228624669 0.043804015918099654 0.00015855987954652929 0.25945470493681128 0.0010370096438801913 0.11881871555324786 -0.029285950436924668 -0.0038564512747609569 0.025718907396141546 0.085004593040750157 0.014584476462808428 0.10155634409561914 0.0085959789637399461 -0.0083084833386734003 -0.0094520003355584945 -0.024799287900995819 0.044031657119674945 -0.010378297881527238 -0.017656243690416438 0.0028367669714301868 -0.001061734056257282 0.055251139827146308 -0.030875985992024742 0.010438610777686588
leaf_weight=12501 7311 11720 6296 2063 2149 4117 9178 29908 5468 36043 4235 44448 6508 6661 28676 2505 18780 16660 16097 16658 14877 9510 14303 2016 14828 2061 27302 16675 6310 4177
leaf_count=12501 7311 11720 6296 2063 2149 4117 9178 29908 5468 36043 4235 44448 6508 6661 28676 2505 18780 16660 16097 16658 14877 9510 14303 2016 14828 2061 27302 16675 6310 4177
internal_value=3.9245e-05 0.0078561 -0.0372971 -0.000950994 0.0131117 -0.0246719 -0.0500043 0.00965806 -0.00737569 0.0166846 0.00263902 0.0153044 -0.0434837 0.00441605 0.0110286 0.0072813 0.00652769 0.0159141 0.00227864 -0.00452295 -0.0102171 -0.0312873 0.00622311 0.00381202 -0.019139 0.00824722 0.0002134 0.00967975 -0.0554158 0.0043776
internal_weight=400041 330793 69248 123629 207164 34751 34497 105359 44314 101805 79315 65762 15686 45773 75259 4654 23015 61108 22758 22126 22188 15806 30100 13736 18945 16364 33542 45351 18811 6240
internal_count=400041 330793 69248 123629 207164 34751 34497 105359 44314 101805 79315 65762 15686 45773 75259 4654 23015 61108 22758 22126 22188 15806 30100 13736 18945 16364 33542 45351 18811 6240
cat_boundaries=0 32 64 90 122 148 180 212 244 273
cat_threshold=33 0 0 10752 0 0 188416 0 0 917504 0 0 25165824 0 0 58720256 0 0 1023410176 0 0 2147483648 3 0 0 772 0 0 8208 0 0 16640 0 0 0 192 0 0 69376 0 0 94208 0 0 37683200 0 0 537919488 0 0 2147483648 0 0 805306368 28 0 0 144 0 0 384 0 0 6144 960 0 0 15872 0 0 245760 0 0 1572864 0 0 25165824 0 0 0 0 0 16777216 0 0 0 0 0 0 256 147 0 0 6672 0 0 122880 0 0 786432 0 0 41943040 0 0 671088640 0 0 3774873600 0 0 0 1 0 0 390 0 0 8192 0 0 41216 769 0 0 3104 0 0 110592 0 0 1835008 0 0 21233664 0 0 104857600 0 0 1845493760 1 0 2415919104 17 0 0 38 2 0 0 3072 0 0 121856 0 0 1368064 0 0 262144 0 0 138412032 0 0 117440512 0 0 1879048192 48 0 0 8 0 0 2064 0 0 14592 24 0 0 128 0 0 0 0 0 73728 0 0 33554432 0 0 840957952 0 0 4026531840 1 0 0 39 0 0 576 0 0 64 0 0 2048 4 0 0 2048 0 0 3072 0 0 2154496 0 0 917504 0 0 232783872 0 0 469762048 0 0 1879048192 2 0 0 99 0 0 8704 0 0 9216 24 0 0 64 0 0 0 0 0 196608 0 0 19922944 0 0 34603008 0 0 3103784960 0 0 3221225472 24 0 0 1014 0 0 10512
is_linear=0
shrinkage=0.08


Tree=10
num_leaves=31
num_cat=0
split_feature=45 45 45 45 45 45 45 45 24 7 19 17 45 17 43 45 14 14 14 45 12 45 43 37 14 44 45 45 44 12
split_gain=16415 2167.08 1732.43 480.158 309.806 195.985 193.447 63.5 62.2241 61.8364 56.0888 47.7669 44.6689 30.0524 29.5333 29.465 31.9259 26.5933 26.1854 26.0391 25.8897 23.5018 22.9106 22.7108 22.1724 19.6762 19.1716 18.726 18.3358 16.8246
threshold=1.5628349781036379 2.942884206771851 1.1357688307762148 2.0167694091796879 4.9262657165527353 1.3321974873542788 0.93084707856178295 1.7766063809394839 35.911651611328132 1.5000000000000002 1.8689680099487307 0.27083180844783789 2.3784521818161015 0.59022727608680736 6.1425902843475351 3.9510911703109746 1.8253535032272341 0.86626246571540844 0.4926470816135407 6.3148059844970712 0.4688106924295426 0.80827409029006969 3.6155204772949223 -1.5682045817375181 0.27197606861591345 3.2657808065414433 3.6338648796081547 1.4424743652343752 4.1235783100128183 0.22286318987607959
decision_type=2 2 2 2 2 2 2 2 2 2 2 8 2 8 2 2 2 2 2 2 2 2 2 2 2 2 2 2 2 2
left_child=2 3 6 7 9 24 21 18 12 26 19 -8 20 -14 15 16 25 29 -2 -6 -5 -1 -15 -12 -4 -11 -3 -7 -17 -9
right_child=1 4 5 8 10 27 11 17 -10 14 23 -13 13 22 -16 28 -18 -19 -20 -21 -22 -23 -24 -25 -26 -27 -28 -29 -30 -31
leaf_value=-0.045814810697285449 -0.0067866270372531632 0.033333331098979166 -0.017586637454313242 0.0051762105492368527 0.10966054784899623 -0.01648870551098746 -0.023297569918767566 0.0036694395865145778 0.021862575728184092 0.035638285522685109 0.03164295988338843 -0.026934821910349866 0.021179036583788093 0.009550156033759442 -0.0013029334843934492 0.074380847073624037 0.0065293978671345345 -0.0121793373272512 -0.014054983264083472 0.21934453825866321 -0.0013231399374774445 -0.029663656821330958 -0.0066677884206972054 0.12899936963105238 -0.02344165268044467 0.021895658553276246 0.064689840510287921 -0.014748859583296574 0.046157780239519754 -0.0042035457253342305
leaf_weight=9299 9811 14382 5697 15957 36161 9397 6988 2573 8270 14712 2161 8803 4648 37648 2261 11569 5300 6048 12355 37365 22504 7908 2820 13789 10081 17998 18216 11082 14321 19801
leaf_count=9299 9811 14382 5697 15957 36161 9397 6988 2573 8270 14712 2161 8803 4648 37648 2261 11569 5300 6048 12355 37365 22504 7908 2820 13789 10081 17998 18216 11082 14321 19801
internal_value=0.00012407 0.00754167 -0.0352885 9.64583e-05 0.0131751 -0.0232073 -0.0485519 -0.00616151 0.00354355 0.0100839 0.0165854 -0.0420847 0.00288777 0.00459513 0.00867601 0.0089939 0.0075718 -0.00365644 -0.00937049 0.0175201 0.000884302 -0.054459 0.00389347 0.0122682 -0.0299139 0.00850489 0.0129379 -0.0180282 0.011078 -0.00238206
internal_weight=399925 330670 69255 142435 188235 36257 32998 50588 91847 98759 89476 15791 83577 45116 66161 63900 38010 28422 22166 73526 38461 17207 40468 15950 15778 32710 32598 20479 25890 22374
internal_count=399925 330670 69255 142435 188235 36257 32998 50588 91847 98759 89476 15791 83577 45116 66161 63900 38010 28422 22166 73526 38461 17207 40468 15950 15778 32710 32598 20479 25890 22374
is_linear=0
shrinkage=0.08


Tree=11
num_leaves=31
num_cat=0
split_feature=45 45 45 45 45 45 45 45 24 19 43 19 45 38 45 45 13 13 21 45 13 10 1 45 21 31 45 43 38 45
split_gain=14727.9 2301.13 1286.21 444.143 410.732 210.144 116.48 87.0546 66.7879 63.135 52.5498 52.0775 67.0578 49.1074 48.6124 45.9883 40.9326 24.714 24.5778 22.7012 22.1503 18.3782 17.9704 17.3048 16.1249 15.8062 14.5608 13.9764 13.961 13.8251
threshold=1.477586627006531 2.6158685684204106 1.1166903972625735 4.4852819442749032 1.8726302385330202 0.90937408804893505 1.3130736351013186 6.916698932647706 35.564483642578132 1.4593551158905032 6.9513661861419687 1.380482077598572 3.3241854906082158 0.96770799160003673 1.6583105325698855 2.1229940652847294 0.23678711056709292 0.51171857118606578 1.928408741950989 0.77685835957527172 0.76582503318786632 0.3028638362884522 79.750000000000014 1.1961214542388918 0.70368131995201122 62.24272537231446 3.5453968048095708 3.9717320203781132 -2.2418122291564937 5.6693043708801278
decision_type=2 2 2 2 2 2 2 2 2 2 2 2 2 2 2 2 2 2 2 2 2 2 2 2 2 2 2 2 2 2
left_child=2 4 5 11 14 19 23 9 15 29 28 12 20 26 25 21 -7 -17 -12 -1 -3 -6 -16 -4 -14 -2 -13 -22 -11 -5
right_child=1 3 6 7 8 16 -8 -9 -10 10 18 13 24 -15 22 17 -18 -19 -20 -21 27 -23 -24 -25 -26 -27 -28 -29 -30 -31
leaf_value=-0.043681126657847819 -0.0077705129866161475 0.022547099838725621 -0.020793620045586669 0.082769751117566501 0.0026012087347829648 -0.022595969419979593 -0.015220486913289087 0.24224598413962056 0.016340427639540547 0.13038415963330882 0.058480700565793707 0.0082585880449132353 0.055119254892953794 -0.016853118529436238 -0.0041784291109547315 0.0081738345602701649 -0.025344877612095421 0.0015349885816906639 -0.0041843952536364882 -0.027983490655260752 0.015365364964686866 -0.0042296985054223061 -0.0097142590575025698 -0.018669411435754606 0.041188669051689004 -0.014225744337480944 0.03436030601339031 -0.0011676248967663395 0.083785199644225095 0.13024855472019195
leaf_weight=7733 5615 23173 6302 28472 5911 9764 14178 31719 7015 4735 2680 5431 7452 2541 9329 16912 5945 29986 3122 7963 21899 22571 14386 9480 35177 11797 10133 2488 17529 18558
leaf_count=7733 5615 23173 6302 28472 5911 9764 14178 31719 7015 4735 2680 5431 7452 2541 9329 16912 5945 29986 3122 7963 21899 22571 14386 9480 35177 11797 10133 2488 17529 18558
internal_value=0.000247796 0.00678282 -0.0358097 0.01178 -0.00191983 -0.0471233 -0.0239386 0.0154404 0.00133948 0.0139515 0.0109403 0.00816849 0.00895464 0.00424952 -0.00844836 0.000644117 -0.0405153 0.00218385 0.00415003 -0.0537069 0.00688669 -0.00189106 -0.00608725 -0.0286753 0.0112596 -0.0116588 0.00593297 0.00519982 0.0127072 0.0157457
internal_weight=399996 338631 61365 215109 123522 31405 29960 106815 82395 75096 28066 108294 90189 18105 41127 75380 15709 46898 5802 15696 47560 28482 23715 15782 42629 17412 15564 24387 22264 47030
internal_count=399996 338631 61365 215109 123522 31405 29960 106815 82395 75096 28066 108294 90189 18105 41127 75380 15709 46898 5802 15696 47560 28482 23715 15782 42629 17412 15564 24387 22264 47030
is_linear=0
shrinkage=0.08


Tree=12
num_leaves=31
num_cat=8
split_feature=45 45 45 45 45 45 45 45 45 5 21 5 24 17 7 44 44 5 45 5 45 9 5 5 35 28 21 45 5 14
split_gain=13241.9 2047.32 1268.94 525.392 252.417 227.878 102.551 83.2018 70.2664 69.001 62.3892 59.4065 53.4611 48.5022 37.243 37.3715 36.6904 34.1331 33.6731 30.4988 28.741 26.9883 26.4691 25.8477 24.7023 24.376 33.0063 22.8568 21.0166 20.0976
threshold=1.477586627006531 3.1950348615646367 1.1166903972625735 2.0167694091796879 5.0563092231750497 0.90937408804893505 1.3130736351013186 1.7182106971740725 7.2158546447753915 0 1.509310841560364 1 36.282012939453132 0.27083180844783789 1.5000000000000002 3.239060759544373 4.9027652740478525 2 0.77685835957527172 3 2.4524557590484624 4 5 6 1.7495155334472658 1010.8690795898439 2.0088790655136113 1.1961214542388918 7 0.7244437336921693
decision_type=2 2 2 2 2 2 2 2 2 9 2 9 2 8 2 2 2 9 2 9 2 1 9 9 2 2 2 2 9 2
left_child=2 3 5 7 9 18 27 23 10 -3 -6 24 17 -7 -11 -16 -12 -13 -1 -9 -19 -17 -23 -2 -5 26 -18 -4 -28 -21
right_child=1 4 6 11 8 13 -8 19 -10 14 16 12 -14 -15 15 21 25 20 -20 29 -22 22 -24 -25 -26 -27 28 -29 -30 -31
leaf_value=-0.040214536129540512 -0.013234091291843315 0.052596826254594511 -0.019654391491444004 0.015652082829475774 0.10906902730815542 -0.020215386397683461 -0.014128281391492376 0.0016069426679829225 0.24479541688916379 0.042265972175304346 0.13697626085277703 -0.0022415016790947951 0.020490853041308644 -0.023272335892175686 0.04522035141160153 -0.0073238036197503754 0.068994094287784982 0.0012515976102442617 -0.025862087470220625 -0.0038321322655257227 0.011076273489073821 0.035956247692440213 0.012063034990779009 -0.0076055660654589553 0.0062754501081253491 0.11383027683820748 -0.023638130747843659 -0.016985743759664586 0.044890652635327051 -0.010756353576274354
leaf_weight=7834 11623 24698 6282 23919 35636 7288 14186 6840 26787 19492 5344 21500 6599 8459 12233 3023 8061 23910 7930 18454 25333 15808 11125 11949 8056 3412 2055 9407 3457 9440
leaf_count=7834 11623 24698 6282 23919 35636 7288 14186 6840 26787 19492 5344 21500 6599 8459 12233 3023 8061 23910 7930 18454 25333 15808 11125 11949 8056 3412 2055 9407 3457 9440
internal_value=0.000260902 0.00645629 -0.0339234 0.000172162 0.0126112 -0.0451236 -0.0220987 -0.00595994 0.0157136 0.0095658 0.0141416 0.00344307 0.00224244 -0.0382573 0.00812726 0.00678926 0.0108161 0.00159965 -0.0519538 -0.0034688 0.00276029 0.00526463 0.0060676 -0.00962768 0.00634287 0.00898735 0.00745785 -0.0265635 0.00268019 -0.0046414
internal_weight=400140 338754 61386 167623 171131 31511 29875 58306 84752 86379 57965 109317 77342 15747 61681 42189 22329 70743 15764 34734 49243 29956 26933 23572 31975 16985 13573 15689 5512 27894
internal_count=400140 338754 61386 167623 171131 31511 29875 58306 84752 86379 57965 109317 77342 15747 61681 42189 22329 70743 15764 34734 49243 29956 26933 23572 31975 16985 13573 15689 5512 27894
cat_boundaries=0 29 61 93 125 126 158 190 203
cat_threshold=0 0 0 4224 0 0 69376 0 0 126976 0 0 37683200 0 0 105906176 0 0 2147483648 0 0 0 14 0 0 112 0 0 384 202 0 0 352 0 0 139008 0 0 2121728 0 0 458752 0 0 3145728 0 0 0 0 0 536870912 2 0 0 1 0 0 7296 0 0 88064 289 0 0 3072 0 0 122880 0 0 786432 0 0 0 0 0 50331648 0 0 4227858432 0 0 2147483648 0 0 0 14 0 0 96 0 0 256 3 0 0 8224 0 0 45056 0 0 1630208 0 0 8781824 0 0 4194304 0 0 67108864 0 0 805306368 32 0 0 9 0 0 2576 0 0 48128 8 924 0 0 11536 0 0 36864 0 0 1703936 0 0 4194304 0 0 2097152 0 0 1073741824 0 0 1879048192 0 0 0 898 0 0 11776 0 0 12288 24 0 0 192 0 0 0 0 0 73728 0 0 3145728 0 0 840957952 0 0 4026531840 1 0 0 45 0 0 856 0 0 4416 0 0 13312 960 0 0 9264 0 0 131584 0 0 524288 0 0 8388608
is_linear=0
shrinkage=0.08


Tree=13
num_leaves=31
num_cat=10
split_feature=45 45 45 45 45 45 45 45 5 45 45 20 37 5 8 38 5 14 11 29 45 14 5 5 5 14 5 5 45 5
split_gain=11660 1975.8 1069.88 442.775 346.099 183.795 119.135 81.3281 71.5174 62.8655 57.918 54.4856 40.0596 39.0219 36.7429 34.1029 45.0592 30.72 29.1488 28.3647 27.6807 27.1574 25.2694 25.2504 24.6899 24.5318 24.0634 23.2242 22.6694 22.5537
threshold=1.4424743652343752 2.8992707729339604 1.0149380564689638 1.8986741304397585 4.9701497554779062 1.1961214542388918 0.83686235547065746 7.3282542228698739 0 2.2910281419754033 1.6266559362411501 1.691087067127228 -1.5682045817375181 1 2 0.35830199718475347 3 0.84245419502258312 0.23460523039102557 0.37452316284179693 1.3130736351013186 0.634678214788437 4 5 6 0.2025711461901665 7 8 0.73833772540092479 9
decision_type=2 2 2 2 2 2 2 2 9 2 2 2 2 9 1 2 9 2 2 2 2 2 9 9 9 2 9 9 2 9
left_child=2 3 6 10 8 18 28 11 -3 17 -2 24 -13 -11 15 22 -17 27 -4 -15 -7 -12 -10 -21 -6 -8 -19 -5 -1 -14
right_child=1 4 5 9 7 20 25 -9 14 13 21 12 29 19 -16 16 -18 26 -20 23 -22 -23 -24 -25 -26 -27 -28 -29 -30 -31
leaf_value=-0.039412355695861392 -0.011008322621737588 0.042234492677947773 -0.017680706747866159 0.005207803984827431 0.079791712330966533 -0.01568720736898474 -0.019669934131355617 0.23301562417523769 0.015086706560221676 -0.013065579219401284 -0.0036542326612443343 0.012573969243115624 0.032156412677410318 0.01231898299650724 0.033428791647919884 -0.019874783739640502 0.017278713317030209 -0.010663762611660986 -0.020141625387738876 -0.0015810337264850372 -0.013372862956153475 -0.010698383007982494 0.033156021790145422 0.0089996351991939744 0.10555874547725211 -0.023494965204428685 -7.5201765245380694e-05 -0.00097807250335499416 -0.024233449430816054 0.10058605713885836
leaf_weight=6156 17416 23505 7697 13907 11374 9398 5617 25122 8432 2060 18510 3230 3082 26039 25905 2615 15360 6473 6595 9963 11006 11445 27846 18638 28226 6994 6652 18981 4714 16770
leaf_count=6156 17416 23505 7697 13907 11374 9398 5617 25122 8432 2060 18510 3230 3082 26039 25905 2615 15360 6473 6595 9963 11006 11445 27846 18638 28226 6994 6652 18981 4714 16770
internal_value=0.000304199 0.00594348 -0.0327987 -0.000929018 0.0113303 -0.0238622 -0.0459878 0.0150263 0.00819866 0.00202194 -0.00732657 0.0134799 0.0103811 0.00380462 0.0070558 0.00587104 0.00301918 -0.00017513 -0.0308265 0.00421222 -0.0189713 -0.00519072 0.00728285 0.00247248 0.015283 -0.0406069 -0.00344576 0.00113077 -0.0521875 0.0117249
internal_weight=399728 341551 58177 150084 191467 34696 23481 87804 103663 102713 47371 62682 23082 56700 80158 54253 17975 46013 14292 54640 20404 29955 36278 28601 39600 12611 13125 32888 10870 19852
internal_count=399728 341551 58177 150084 191467 34696 23481 87804 103663 102713 47371 62682 23082 56700 80158 54253 17975 46013 14292 54640 20404 29955 36278 28601 39600 12611 13125 32888 10870 19852
cat_boundaries=0 29 48 49 78 104 136 168 197 229 242
cat_threshold=0 0 0 128 0 0 69376 0 0 126976 0 0 37683200 0 0 537919488 0 0 2147483648 0 0 0 28 0 0 16 0 0 384 769 0 0 3088 0 0 24576 0 0 786432 0 0 0 0 0 0 0 0 1073741824 2 480 0 0 512 0 0 155648 0 0 262144 0 0 0 0 0 50331648 0 0 268435456 0 0 2147483648 1 0 0 0 0 0 512 11 0 0 0 0 0 49152 0 0 393216 0 0 25165824 0 0 341835776 0 0 872415232 0 0 268435456 0 0 0 513 32 0 0 4608 0 0 69632 0 0 1089536 0 0 29622272 0 0 54525952 0 0 1006632960 1 0 2415919104 25 0 0 117 0 0 0 0 0 8448 16 0 0 64 0 0 16896 0 0 3350528 0 0 65011712 0 0 136314880 0 0 50331648 0 0 268435456 8 0 0 401 0 0 16256 0 0 65536 282 0 0 2176 0 0 108544 0 0 622592 0 0 19922944 0 0 526385152 0 0 4026531840 0 0 0 4 0 0 132 0 0 384 12 0 0 128 0 0 7168 0 0 106496 0 0 4587520 0 0 381681664 0 0 2013265920 0 0 0 20 0 0 1 0 0 2704 0 0 71936 777 0 0 48 0 0 512 0 0 0 0 0 8388608
is_linear=0
shrinkage=0.08


Tree=14
num_leaves=31
num_cat=9
split_feature=41 42 41 42 43 5 42 42 41 19 5 5 41 7 5 5 42 42 37 37 42 21 5 43 41 38 5 5 5 14
split_gain=9830.78 1721.98 828.304 412.583 321.461 134.343 125.93 123.924 106.013 94.6666 90.76 64.431 59.7921 58.9454 54.6483 48.5533 44.7941 44.7879 41.2667 40.4896 36.4688 28.5975 26.8617 26.8488 26.1197 24.6398 24.1835 23.9406 21.9963 21.5282
threshold=1.3827969431877138 2.3130531311035161 1.0272152423858645 5.4002933502197275 1.5234393477439883 0 0.97067275643348705 1.2513273954391482 2.8220249414443974 1.858994781970978 1 2 0.75946745276451122 1.5000000000000002 3 4 7.1831390857696542 1.2053820490837099 -2.2543822526931758 -1.1689331531524656 1.6553298830986025 1.1754981875419619 5 1.0358300209045412 1.2179970145225527 -0.78473830223083485 6 7 8 0.2025711461901665
decision_type=2 2 2 2 2 9 2 2 2 2 9 9 2 2 9 9 2 2 2 2 2 2 9 2 2 2 9 9 9 2
left_child=2 4 6 5 10 18 12 23 11 16 17 -6 -1 27 -10 -15 21 -2 -3 -11 -13 -5 -20 -4 -9 -17 -12 -7 -23 -8
right_child=1 3 7 9 8 13 29 24 14 19 26 20 -14 15 -16 25 -18 -19 22 -21 -22 28 -24 -25 -26 -27 -28 -29 -30 -31
leaf_value=-0.036498247159244601 -0.018493109721643492 -0.0035166285479069971 -0.018610603213291537 0.091122096706576519 0.0025855542735322245 0.027324075036857992 -0.017769322461952584 -0.015460210684005205 -0.0055203884718119586 -0.016344763395658574 0.0027641128638689417 -0.0078278599669152227 -0.021753631790651477 0.00081575850411446554 0.017860312488898907 0.038000749409348826 0.16819346448642844 -0.011660347788392316 0.053427674445496724 0.080022565924475444 -0.0027169928699392189 0.076084851838960257 0.029606042022623617 -0.015104290039577544 -0.0099450026998291283 0.010623952826553946 -0.0080096675143243694 0.016105369049246327 0.04256204647386818 -0.019790520310886385
leaf_weight=5822 5023 2112 6653 16610 21049 15177 2940 4349 4390 2015 2011 16234 10691 19700 15520 11887 31050 7742 16557 10726 32465 9530 34744 9134 6769 36312 12732 18694 7015 4153
leaf_count=5822 5023 2112 6653 16610 21049 15177 2940 4349 4390 2015 2011 16234 10691 19700 15520 11887 31050 7742 16557 10726 32465 9530 34744 9134 6769 36312 12732 18694 7015 4153
internal_value=0.000375473 0.00514616 -0.0326094 0.00913668 -0.00275995 0.006761 -0.0435484 -0.0229991 -0.000438506 0.0139264 -0.0103234 -0.00190831 -0.0474042 0.00505315 0.00470884 0.00369288 0.0151768 -0.0152601 0.0100107 0.00761823 -0.00350623 0.0131217 0.0104636 -0.0275609 -0.0165025 0.00505983 -0.00602723 0.00777958 0.0107532 -0.0345178
internal_weight=399806 349295 50511 232129 117166 155183 23606 26905 89658 76946 27508 69748 16513 101770 19910 67899 64205 12765 53413 12741 48699 33155 51301 15787 11118 48199 14743 33871 16545 7093
internal_count=399806 349295 50511 232129 117166 155183 23606 26905 89658 76946 27508 69748 16513 101770 19910 67899 64205 12765 53413 12741 48699 33155 51301 15787 11118 48199 14743 33871 16545 7093
cat_boundaries=0 32 64 96 128 160 173 205 237 266
cat_threshold=988 0 0 8080 0 0 204544 0 0 28672 0 0 4390912 0 0 1048576 0 0 0 0 0 0 12 0 0 0 0 0 128 0 0 4096 24 0 0 64 0 0 8192 0 0 1245184 0 0 52559872 0 0 838860800 0 0 536870912 3 0 0 60 0 0 600 0 0 208 0 0 2048 6 0 0 8192 0 0 137216 0 0 122880 0 0 458752 0 0 13631488 0 0 184549376 0 0 1610612736 0 0 0 129 0 0 11776 0 0 126976 0 0 0 2048 0 0 26624 0 0 368640 0 0 917504 0 0 121634816 0 0 1946157056 0 0 0 0 0 0 128 0 0 0 0 0 256 1 0 0 0 0 0 0 0 0 2097152 0 0 51380224 0 0 1069547520 0 0 4227858432 1 0 2147483648 1 0 0 518 0 0 112 0 0 49152 384 0 0 4096 0 0 66304 0 0 12288 0 0 196608 5 0 0 0 0 0 51200 0 0 843776 0 0 8650752 0 0 5242880 0 0 100663296 0 0 1610612736 0 0 0 0 0 0 12288 0 0 20480 3 0 0 96 0 0 40960 0 0 3375104 0 0 12320768 0 0 1012924416 0 0 16777216 0 0 268435456 0 0 0 80 0 0 336 0 0 10240 1007 0 0 7488 0 0 69888 0 0 1314816 0 0 65536 0 0 1048576 0 0 33554432 0 0 0 0 0 0 96 0 0 2048
is_linear=0
shrinkage=0.08


Tree=15
num_leaves=31
num_cat=3
split_feature=41 41 41 42 42 41 43 42 41 19 42 8 26 42 6 31 34 41 27 34 34 8 31 42 18 41 29 13 41 37
split_gain=8539.73 1587.11 719.474 449.659 304.873 129.451 110.826 104.025 88.2371 86.6834 70.6954 48.2683 47.7457 43.6789 42.212 39.5835 40.1787 36.9922 36.5445 33.4056 33.6332 31.9407 29.7084 29.319 26.4785 36.8487 25.5495 25.191 25.0702 24.1117
threshold=1.361339867115021 2.8220249414443974 1.0075594186782839 1.6553298830986025 5.9420986175537118 0.75946745276451122 1.1993003487586977 1.1236165761947634 5.2323501110076913 1.6007902622222903 2.3643667697906499 0 4.15889596939087 0.9512876868247987 1 80.33215713500978 -6.3615417480468741 1.197206497192383 1009.4122924804689 0.50967407226562511 -3.3653259277343746 2 59.86529731750489 7.855119228363038 1.7939454913139345 6.7188923358917245 0.1702079772949219 0.23678711056709292 1.8791542053222658 -1.3801820278167722
decision_type=2 2 2 2 2 2 2 2 2 2 2 1 2 2 1 2 2 2 2 2 2 1 2 2 2 2 2 2 2 2
left_child=2 3 5 6 8 -1 -2 27 12 23 22 -12 18 -7 -11 28 -17 -9 26 20 -16 -14 -5 -6 -10 -26 -3 -4 -8 -23
right_child=1 4 7 10 9 13 15 17 24 14 11 -13 21 -15 19 16 -18 -19 -20 -21 -22 29 -24 -25 25 -27 -28 -29 -30 -31
leaf_value=-0.033022098428909213 -0.016144771937090008 0.022553611055472551 -0.015664777203077001 0.0023727285771856189 0.090066132692109446 -0.020054530847629076 -0.0065897881943773667 -0.01450314202552316 0.067391542202290808 0.12468668571203875 0.0039501420954110604 0.01649395391519775 0.02371938593625245 -0.017026023303951726 0.07881912125936158 -0.00436659900845406 -0.0151369709523813 -0.01042540941251211 0.015879629313578204 0.08660728853118578 -0.013483354450229497 0.0045987139186173037 -0.0028215484052138075 0.19270731310476932 0.020969013646498665 0.06564153230905774 -0.0011010297446560813 -0.017482149163906568 -0.0028619067492464899 0.0403155308777845
leaf_weight=6243 6631 2652 6416 22824 25013 9488 15093 6374 20843 8416 32505 16769 42715 6328 2388 2997 7618 8565 23719 3554 3862 2005 32441 18947 8619 6397 12733 5479 13704 19018
leaf_count=6243 6631 2652 6416 22824 25013 9488 15093 6374 20843 8416 32505 16769 42715 6328 2388 2997 7618 8565 23719 3554 3862 2005 32441 18947 8619 6397 12733 5479 13704 19018
internal_value=0.000434003 0.00479212 -0.0308885 -0.00141707 0.00944642 -0.0415941 -0.00800339 -0.0220757 0.00735875 0.0141013 0.00148428 0.0036872 0.00616614 -0.0376848 0.00945255 -0.00639034 -0.0105656 -0.0176079 0.0039638 0.00585505 0.00233227 0.00751647 -0.000480145 0.0160255 0.0107764 0.00820445 0.000926275 -0.0276674 -0.00484813 0.0100708
internal_weight=400356 351463 48893 150582 200881 22059 46043 26834 138701 62180 104539 49274 102842 15816 18220 39412 10615 14939 39104 9804 6250 63738 55265 43960 35859 15016 15385 11895 28797 21023
internal_count=400356 351463 48893 150582 200881 22059 46043 26834 138701 62180 104539 49274 102842 15816 18220 39412 10615 14939 39104 9804 6250 63738 55265 43960 35859 15016 15385 11895 28797 21023
cat_boundaries=0 1 2 3
cat_threshold=2 4 2
is_linear=0
shrinkage=0.08


Tree=16
num_leaves=31
num_cat=0
split_feature=43 25 43 43 25 10 43 43 7 20 10 2 31 37 37 7 43 27 27 23 25 29 14 25 29 24 14 1 32 11
split_gain=7237.44 1151.11 946.805 255.972 227.469 155.225 153.051 81.5572 80.5695 79.2392 67.3542 51.0353 72.4672 47.7904 37.7889 35.2842 35.0656 34.3369 41.565 30.5473 30.0193 29.6213 29.536 28.5671 27.7799 27.484 26.9508 23.4404 23.1272 22.4911
threshold=1.3982735276222231 3.0693997144699101 0.95963841676712047 1.8545247912406924 6.2743792533874521 0.34900373220443731 0.6997952163219453 1.1644989252090456 1.5000000000000002 2.0088969469070439 0.27914161980152136 1.0000000180025095e-35 49.802482604980476 -1.825438857078552 -0.37403702735900873 1.5000000000000002 8.7121801376342791 1010.5778808593751 1006.5906066894532 5.3104248046875009 1.5716497302055361 0.73015975952148449 1.1924231648445132 4.114272117614747 0.48654556274414068 35.564483642578132 0.20907165110111239 75.750000000000014 259.08529663085943 0.19290273636579516
decision_type=2 2 2 2 2 2 2 2 2 2 2 2 2 2 2 2 2 2 2 2 2 2 2 2 2 2 2 2 2 2
left_child=2 3 6 20 8 7 29 26 13 15 -8 12 25 -3 19 -6 -17 18 -11 -14 21 -2 -10 -15 -9 -5 -4 -21 -7 -1
right_child=1 4 5 11 9 28 10 24 22 17 -12 -13 14 23 -16 16 -18 -19 -20 27 -22 -23 -24 -25 -26 -27 -28 -29 -30 -31
leaf_value=-0.03256703185235648 -0.0050761289820000855 -0.0037576153476737953 -0.012935155257242169 0.006383224906790233 0.13955883657134829 -0.014849295061914907 -0.017761827443314972 -0.0081238374622678803 0.011275073390404877 0.11117512467502963 -0.018974551123767964 0.019534770254201524 0.005189426966516599 0.0280038564321222 0.0022809010198548262 0.077441855214370317 0.16421159375610303 0.11228309402753318 -0.022866284122776612 0.0011349167614392998 -0.0035521110070257577 -0.013694920277699479 0.035019038511336829 0.060846429785400183 -0.014407457916519206 0.019168238165098807 -0.014425663444426463 -0.0086372410522625662 -0.0090880584659522555 -0.027694153143795967
leaf_weight=4096 15267 2152 4931 23029 17831 3370 12547 7532 26744 2301 3154 21713 4585 16969 41076 19945 9669 2391 3073 4893 27488 6180 52741 20794 6057 6780 8317 13476 9292 2084
leaf_count=4096 15267 2152 4931 23029 17831 3370 12547 7532 26744 2301 3154 21713 4585 16969 41076 19945 9669 2391 3073 4893 27488 6180 52741 20794 6057 6780 8317 13476 9292 2084
internal_value=0.000487257 0.005063 -0.0247884 0.000260552 0.00958676 -0.0173859 -0.0381371 -0.0208314 0.00762214 0.0138334 -0.0338909 0.00231426 0.00150518 0.0105553 -1.18676e-05 0.0150597 0.0133554 0.00633055 0.00277117 -0.00261104 -0.00458842 -0.00683134 0.00614806 0.0112159 -0.0164527 0.00476274 -0.025307 -0.00406877 -0.0100726 -0.048853
internal_weight=400477 339097 61380 164487 174610 39499 21881 26837 119400 55210 15701 115552 93839 39915 64030 47445 29614 7765 5374 22954 48935 21447 79485 37763 13589 29809 13248 18369 12662 6180
internal_count=400477 339097 61380 164487 174610 39499 21881 26837 119400 55210 15701 115552 93839 39915 64030 47445 29614 7765 5374 22954 48935 21447 79485 37763 13589 29809 13248 18369 12662 6180
is_linear=0
shrinkage=0.08


Tree=17
num_leaves=31
num_cat=8
split_feature=41 41 41 25 25 41 5 41 5 19 5 25 32 25 41 5 5 25 5 18 37 5 25 37 14 25 25 29 5 25
split_gain=6426.64 1296.72 603.82 371.958 240.609 127.032 104.124 83.0542 82.2024 77.755 75.1065 50.2869 42.4342 41.4598 38.7146 58.2309 37.601 35.9089 35.05 33.7371 33.5705 31.7259 24.3038 24.2514 25.8581 22.0653 20.8513 20.5716 20.2595 20.1471
threshold=1.3418669104576113 3.013347983360291 0.90075650811195385 1.6553298830986025 6.4156999588012704 1.0663091540336611 0 0.71261140704154979 1 1.4593551158905032 2 1.2207737565040591 664.36730957031261 1.2207737565040591 5.1949126720428476 3 4 9.4159884452819842 5 2.5805997848510747 -2.1198827028274532 6 1.1236165761947634 0.59264111518859874 1.8957204818725588 3.0207325220108037 0.93330642580986034 0.67303085327148449 7 8.5215172767639178
decision_type=2 2 2 2 2 2 9 2 9 2 9 2 2 2 2 9 9 2 9 2 2 9 2 2 2 2 2 2 9 2
left_child=2 3 7 6 8 -4 13 -1 20 29 -5 27 16 -2 15 23 -12 -11 22 21 -3 -16 -8 24 -10 -22 -9 -7 -14 -6
right_child=1 4 5 10 9 11 18 26 14 17 12 -13 28 -15 19 -17 -18 -19 -20 -21 25 -23 -24 -25 -26 -27 -28 -29 -30 -31
leaf_value=-0.030334274476802082 -0.014825351439608933 0.0020072465875336132 -0.014628293866366958 0.0085529953772576755 0.090419518475847838 -0.010412734754459892 -0.011798880988282759 -0.017873102022521618 0.00043246064839632227 0.055603899575477678 -0.0060560335260580181 -0.0099049858041472833 0.0097541948584669406 -0.0088323833306190608 0.0066020894102125109 0.019113413664013645 0.0006286667880717545 0.16696413921704056 0.00067809201894778685 0.0015720565465376613 0.018575071805929023 0.058287124475663268 -0.0047637285844121507 0.024652792551545063 -0.023571061663476955 0.049298350469111338 -0.016422211414982256 -0.016175521161079114 0.0014022766938341037 0.20697233074323806
leaf_weight=4664 7075 2398 12424 33666 19739 6216 3566 6628 5916 14404 17240 9245 13478 12772 3059 52886 40781 5749 8389 2931 9174 17967 16694 2701 2590 36125 2900 4998 12543 11437
leaf_count=4664 7075 2398 12424 33666 19739 6216 3566 6628 5916 14404 17240 9245 13478 12772 3059 52886 40781 5749 8389 2931 9174 17967 16694 2701 2590 36125 2900 4998 12543 11437
internal_value=0.000593409 0.00429358 -0.02717 -0.000848545 0.00886181 -0.0212063 -0.00674391 -0.0409632 0.00709665 0.0135277 0.00158073 -0.017315 0.000301206 -0.0111954 0.00564415 0.00461788 -0.000902621 0.00964638 -0.00365203 0.00838903 0.00977304 0.00950941 -0.00545168 -0.000621716 -0.00271959 0.0102633 -0.0365863 -0.020923 0.0029849 0.0160328
internal_weight=400355 353280 47075 166204 187076 32883 48496 14192 135747 51329 117708 20459 84042 19847 88050 64093 58021 20153 28649 23957 47697 21026 20260 11207 8506 45299 9528 11214 26021 31176
internal_count=400355 353280 47075 166204 187076 32883 48496 14192 135747 51329 117708 20459 84042 19847 88050 64093 58021 20153 28649 23957 47697 21026 20260 11207 8506 45299 9528 11214 26021 31176
cat_boundaries=0 32 64 96 128 160 192 221 253
cat_threshold=24 0 0 128 0 0 8192 0 0 1245184 0 0 23068672 0 0 838860800 0 0 2684354560 3 0 0 62 0 0 584 0 0 448 0 0 3840 924 0 0 4496 0 0 68352 0 0 2125824 0 0 35848192 0 0 1048576 0 0 2281701376 0 0 0 14 0 0 18 0 0 128 0 0 8192 3 0 0 3424 0 0 236544 0 0 122880 0 0 458752 0 0 7340032 0 0 33554432 0 0 268435456 0 0 0 129 0 0 3072 0 0 71680 64 0 0 3584 0 0 24576 0 0 393216 0 0 786432 0 0 599785472 0 0 1879048192 0 0 0 0 0 0 513 0 0 0 0 0 2304 0 0 0 0 0 0 24576 0 0 786432 0 0 3145728 0 0 855638016 0 0 2147483648 3 0 2147483648 41 0 0 70 0 0 96 0 0 33024 0 0 0 64 0 0 17408 0 0 2105344 0 0 35258368 0 0 228589568 0 0 1358954496 0 0 0 1 0 0 311 0 0 48 0 0 16384 0 0 0 0 0 0 1024 0 0 1048576 0 0 25165824 0 0 134217728 0 0 50331648 0 0 536870912 0 0 0 0 0 0 7680 12 0 0 128 0 0 0 0 0 0 0 0 7864320 0 0 662700032 0 0 3690987520 0 0 3758096384 24 0 0 68 0 0 0 0 0 57600
is_linear=0
shrinkage=0.08


Tree=18
num_leaves=31
num_cat=2
split_feature=43 25 43 43 25 43 43 7 19 2 31 10 37 37 10 10 6 27 0 0 25 27 18 21 23 37 0 6 32 7
split_gain=5393.21 932.919 765.876 258.583 151.779 140.307 133.289 85.8679 71.6061 59.748 57.229 49.4348 47.942 38.4763 36.1944 34.8724 32.9715 32.3441 30.7332 30.4404 29.2222 28.1089 29.2002 31.1065 27.8876 25.7658 34.9113 31.9479 27.8391 25.3808
threshold=1.3818660974502566 3.6317864656448369 0.89706560969352733 1.8963568210601809 6.7359921932220468 0.58850550651550304 1.1644989252090456 1.5000000000000002 1.6007902622222903 1.0000000180025095e-35 49.802482604980476 0.2547591924667359 -1.6861091852188108 -0.40267062187194819 0.2547591924667359 0.36257056891918188 0 1010.8865661621095 25.250000000000004 27.750000000000004 1.5277256965637209 1007.1914062500001 1.0883024930953982 2.1598291397094731 29.682548522949222 -1.2335007190704343 22.750000000000004 1 1177.1380615234377 1.5000000000000002
decision_type=2 2 2 2 2 2 2 2 2 2 2 2 2 2 2 2 1 2 2 2 2 2 2 2 2 2 2 1 2 2
left_child=2 3 5 20 7 -1 11 12 -6 10 24 -4 -3 19 -7 -8 -10 -18 -14 -12 -2 -11 -23 -24 -5 -9 27 -27 -28 -15
right_child=1 4 6 9 8 14 15 25 16 21 13 -13 18 29 -16 -17 17 -19 -20 -21 -22 22 23 -25 -26 26 28 -29 -30 -31
leaf_value=-0.03128004735988129 -0.00637751456194243 -0.0019026563715680389 -0.011808565106071952 0.0065199481119329761 0.11685916282861424 -0.016660760247394876 -0.0093336878340693607 0.0063140568082500348 0.11253273266791577 0.066470924057969935 -0.0071573879999056447 -0.012980977297634061 0.055538922149776439 0.0074618904938430399 -0.018169085772942722 -0.0080848419333679634 0.0048888693147229479 0.09156950625614961 0.025015040273218644 0.0023745887355929797 -0.0028928620658589476 0.0249481593893708 0.0078651882058730256 0.083752997601187817 0.018028099323628359 0.053758760731636851 0.0027265886386468987 0.028244504142367663 0.032742043161570533 0.0009327225081598911
leaf_weight=3079 20725 2223 14307 27970 31583 11095 13106 7518 7135 2469 14441 7846 24093 16518 3074 7572 4562 2429 6310 9285 34627 9545 18710 2234 8623 14400 10288 27928 4288 32439
leaf_count=3079 20725 2223 14307 27970 31583 11095 13106 7518 7135 2469 14441 7846 24093 16518 3074 7572 4562 2429 6310 9285 34627 9545 18710 2234 8623 14400 10288 27928 4288 32439
internal_value=0.0005555 0.00445649 -0.0215404 0.000896172 0.00938382 -0.0357724 -0.0158022 0.00759216 0.0131853 0.00270156 0.00180078 -0.0201155 0.0109364 0.000501561 -0.0323619 -0.0111736 0.00844086 0.00450435 0.0117654 -0.00214189 -0.00374264 0.00568673 0.00501853 0.00334447 0.00438052 0.00589707 0.00647855 0.00764136 0.00309886 0.00178283
internal_weight=400422 340343 60079 197586 142757 17248 42831 97048 45709 142234 109276 22153 32626 72683 14169 20678 14126 6991 30403 23726 55352 32958 30489 20944 36593 64422 56904 42328 14576 48957
internal_count=400422 340343 60079 197586 142757 17248 42831 97048 45709 142234 109276 22153 32626 72683 14169 20678 14126 6991 30403 23726 55352 32958 30489 20944 36593 64422 56904 42328 14576 48957
cat_boundaries=0 1 2
cat_threshold=4 4
is_linear=0
shrinkage=0.08


Tree=19
num_leaves=31
num_cat=0
split_feature=41 41 41 25 25 43 25 31 41 41 34 18 19 0 41 24 0 3 41 34 10 11 41 26 19 25 7 7 7 3
split_gain=4894.48 954.046 587.503 293.481 172.811 116.594 116.135 75.8317 69.7809 68.7183 59.3704 59.2759 42.3525 41.5159 40.6725 38.3803 47.981 31.1701 28.9578 26.1159 26.0583 25.1359 23.2068 22.2358 24.7354 22.106 20.4578 20.3408 19.4061 21.3324
threshold=1.3827969431877138 3.4930889606475835 0.90075650811195385 1.7415930032730105 8.3661756515502947 0.65538546442985546 1.0745750069618227 78.900154113769545 4.5133953094482431 2.0117995738983159 -6.2691955566406241 1.7939454913139345 1.9275658726692202 9.2500000000000018 1.0663091540336611 37.089904785156257 20.750000000000004 5.2392070293426523 1.9720497131347658 -6.3615417480468741 2.4955502748489384 1.6701850295066836 5.1949126720428476 4.6368474960327157 1.5658552050590517 1.0745750069618227 1.5000000000000002 1.5000000000000002 1.5000000000000002 1006.9436950683595
decision_type=2 2 2 2 2 2 2 2 2 2 2 2 2 2 2 2 2 2 2 2 2 2 2 2 2 2 2 2 2 2
left_child=2 3 5 7 8 -1 -4 18 23 27 -9 17 -6 -13 -8 16 19 22 -2 -11 26 -21 -10 -3 -25 -12 -15 -5 -18 -30
right_child=1 4 6 9 12 -7 14 10 11 15 25 13 -14 20 -16 -17 28 -19 -20 21 -22 -23 -24 24 -26 -27 -28 -29 29 -31
leaf_value=-0.026428895106054364 -0.0045258779825806351 0.0087918797980194793 -0.012302868003480275 0.0023093795428055851 0.16314995681002994 -0.015047663301359624 -0.01251102098418329 -0.0017688887794906805 0.036975090221679649 0.044283152698112262 -0.017284434633041138 -0.0043081886082002542 0.064665444219737162 0.038855094278906994 -0.0082187718027501161 0.019782054926634346 0.0065082229426887041 0.023735820929622092 -0.00016661976577871053 0.01053948824879777 0.057353526174527499 -0.0099440122556062778 0.064462678382730093 0.029626471145763979 0.0027077962159484416 -0.011216606077675637 0.018075975070280848 -0.0040136399829185177 -0.001918747584536491 0.0053565453584453948
leaf_weight=4181 21259 18660 16133 9799 18843 9990 4245 4705 14790 2880 2917 4749 3062 5567 15981 7427 22527 8684 16047 26745 7964 2091 37465 23194 4082 10846 11319 19203 25462 19381
leaf_count=4181 21259 18660 16133 9799 18843 9990 4245 4705 14790 2880 2917 4749 3062 5567 15981 7427 22527 8684 16047 26745 7964 2091 37465 23194 4082 10846 11319 19203 25462 19381
internal_value=0.000569604 0.00393299 -0.0227012 0.000130581 0.00852521 -0.0365179 -0.0173076 -0.00475333 0.00746549 0.00214086 -0.00894469 0.00875425 0.0151211 0.00581377 -0.0132576 0.00308084 0.00266449 0.0101813 -0.0026766 0.00522978 0.00712309 0.00450114 0.0109194 0.00492404 0.00637983 -0.0115951 0.00533854 -0.00131118 0.00145622 0.000493612
internal_weight=400198 349668 50530 191289 158379 14171 36359 55774 136474 135515 18468 90538 21905 29599 20226 106513 99086 60939 37306 31716 24850 28836 52255 45936 27276 13763 16886 29002 67370 44843
internal_count=400198 349668 50530 191289 158379 14171 36359 55774 136474 135515 18468 90538 21905 29599 20226 106513 99086 60939 37306 31716 24850 28836 52255 45936 27276 13763 16886 29002 67370 44843
is_linear=0
shrinkage=0.08


Tree=20
num_leaves=31
num_cat=8
split_feature=45 45 45 45 45 45 45 7 44 25 5 29 5 24 5 45 18 14 44 29 5 45 10 45 31 5 5 18 5 6
split_gain=4456.39 1158.43 589.521 265.4 213.36 192.45 72.3553 67.4995 57.3224 48.6564 50.0417 45.9693 42.8506 46.4526 34.9332 34.6678 40.5535 34.2538 32.1084 29.1125 28.6889 27.0471 26.4206 25.4547 22.2779 22.2617 21.7528 21.0432 20.8114 19.9907
threshold=1.4246636033058169 3.9166771173477177 0.95212674140930187 2.1098068952560429 7.7240025997161874 0.63340377807617199 1.1961214542388918 1.5000000000000002 4.7570974826812753 3.728741049766541 0 0.73509597778320324 1 37.954620361328132 2 5.6693043708801278 2.1095744371414189 1.8957204818725588 6.9742712974548349 0.48110198974609381 3 5.7164955139160165 2.2075306177139287 3.1473847627639775 85.581043243408217 4 5 1.848758399486542 6 7
decision_type=2 2 2 2 2 2 2 2 2 2 9 2 9 2 9 2 2 2 2 2 9 2 2 2 2 9 9 2 9 1
left_child=2 3 5 11 7 -1 24 21 12 -9 27 14 -5 17 29 18 -17 23 25 -8 -13 -3 -18 -14 -4 -12 -19 -11 -25 -2
right_child=1 4 6 8 -6 -7 19 9 -10 10 15 20 13 -15 -16 16 22 26 -20 -21 -22 -23 -24 28 -26 -27 -28 -29 -30 -31
leaf_value=-0.027355075076189214 -0.0030172337940975826 0.040431540936483011 -0.0093978258636575208 0.012067884499242077 0.17844152639939601 -0.013399663983171106 -0.005315413580638007 0.067792910528280542 -0.020141569001042685 0.053825023415779258 -0.0027917548231533476 -0.0035874234964907892 0.002231651830290744 0.021463107376848752 -0.0011710934319664546 0.063638908561862245 -0.026488207249723176 -0.017733899052249126 -0.032291276593156955 -0.011931529081776967 -0.011074922273918358 0.07685615462627482 0.051379282817738348 0.026072339372592481 -0.012906302727572374 0.025565686538858445 0.0062768215035151533 0.017953298222518815 0.0084294688244227339 -0.0096419403145119095
leaf_weight=3115 7638 21533 13122 34564 20362 15748 9650 10281 3193 17561 5279 6701 64616 5746 39347 14579 2153 4954 2006 9326 12989 13466 2064 7594 5787 19058 2646 3227 14021 7661
leaf_count=3115 7638 21533 13122 34564 20362 15748 9650 10281 3193 17561 5279 6701 64616 5746 39347 14579 2153 4954 2006 9326 12989 13466 2064 7594 5787 19058 2646 3227 14021 7661
internal_value=0.000663155 0.00409679 -0.0201022 0.00043254 0.00999141 -0.0316569 -0.0143423 0.00861145 0.0025166 0.00727387 0.00647376 -0.00341753 0.00276897 0.00192556 -0.00222263 0.00497221 0.00759758 0.00149764 0.0030987 -0.0108417 -0.00673096 0.011521 0.000686066 0.00195151 -0.0178477 0.0039011 -0.00364783 0.00972318 0.0043274 -0.0054638
internal_weight=399987 343239 56748 211670 131569 18863 37885 111207 137334 76208 65927 74336 134141 99577 54646 45139 18796 93831 26343 18976 19690 34999 4217 86231 18909 24337 7600 20788 21615 15299
internal_count=399987 343239 56748 211670 131569 18863 37885 111207 137334 76208 65927 74336 134141 99577 54646 45139 18796 93831 26343 18976 19690 34999 4217 86231 18909 24337 7600 20788 21615 15299
cat_boundaries=0 29 61 93 125 157 183 212 213
cat_threshold=398 0 0 128 0 0 35072 0 0 53248 0 0 35586048 0 0 1048576 0 0 1073741824 0 0 0 14 0 0 113 0 0 384 80 0 0 96 0 0 136960 0 0 2191360 0 0 37945344 0 0 807403520 0 0 0 0 0 0 60 0 0 136 0 0 2176 0 0 77824 377 0 0 1088 0 0 196608 0 0 327680 0 0 20971520 0 0 838860800 0 0 2952790016 3 0 2147483648 1 0 0 880 0 0 32 0 0 16384 4 0 0 64 0 0 4096 0 0 49152 0 0 4456448 0 0 759169024 0 0 285212672 0 0 3489660928 17 0 0 483 0 0 11776 0 0 28672 97 0 0 8288 0 0 24576 0 0 2097152 0 0 16777216 0 0 134217728 0 0 536870912 0 0 1073741824 0 0 0 0 0 0 8192 0 0 118784 15 0 0 7936 0 0 57344 0 0 1441792 0 0 16777216 0 0 134217728 0 0 16777216 0 0 0 0 0 0 64 652 0 0 7040 0 0 73728 0 0 1179648 0 0 20447232 0 0 201326592 0 0 4026531840 0 0 3221225472 2 0 0 272 0 0 256 3
is_linear=0
shrinkage=0.08


Tree=21
num_leaves=31
num_cat=10
split_feature=45 45 45 45 45 45 45 21 43 42 45 5 45 43 5 28 41 22 14 5 5 5 24 21 5 5 5 5 5 45
split_gain=3788.29 950.137 681.652 206.81 198.554 181.822 96.0724 78.6046 70.9056 62.1566 56.9809 42.1843 41.0259 48.9733 40.9056 33.6794 48.6338 33.47 32.2691 32.5449 32.2862 31.7949 28.2761 28.252 26.0342 25.8615 25.2468 23.8722 23.0515 18.9702
threshold=1.5464626550674441 4.4478003978729257 0.97298455238342296 0.63340377807617199 2.1651604175567631 8.0164294242858904 1.1961214542388918 1.1486179232597353 5.2702815532684335 4.4747285842895517 3.4326308965682988 0 5.623805284500123 6.7645437717437753 1 1007.9509277343751 5.5382137298583993 0.0071525573730468759 0.80222284793853771 2 3 4 37.954620361328132 2.0088790655136113 5 6 7 8 9 0.8842369318008424
decision_type=2 2 2 2 2 2 2 2 2 2 2 9 2 2 9 2 2 2 2 9 9 9 2 2 9 9 9 9 9 2
left_child=2 4 3 -1 18 7 -4 25 10 -9 11 -6 13 28 -10 16 -14 -8 20 -20 -2 -12 26 27 -19 -3 -13 -18 -11 -5
right_child=1 5 6 29 8 -7 17 9 14 12 21 22 15 -15 -16 -17 23 24 19 -21 -22 -23 -24 -25 -26 -27 -28 -29 -30 -31
leaf_value=-0.025137202852367545 -0.0043393329682808717 0.035101803674488688 -0.0096461886609019182 -0.012925529782951611 -0.0027778433040128547 0.18394208108834254 -0.0038590443706707591 0.075794914144080211 -0.036452717371469864 0.0061607932309490285 0.010244033580431076 0.010944394100188286 0.08319047923325025 -0.028764835110199095 0.0048242142438665783 0.066420875164609955 0.048099631586171587 -0.012167083940511088 -0.010866624743474551 -0.0030307721306401005 0.00045794611857058687 0.026556211618619301 0.020029101167518278 -0.024618303930240976 -0.0068171118084570858 0.061132438438021741 0.003525010148458563 0.00022290338759747285 0.036782589306249211 -0.010729497388907383
leaf_weight=3140 21359 5270 17282 10792 19165 17319 11317 9954 2504 6887 15971 21504 3814 2703 2069 14175 5516 8881 8328 9391 30528 29275 4891 2790 9774 26817 59244 3766 9297 6279
leaf_count=3140 21359 5270 17282 10792 19165 17319 11317 9954 2504 6887 15971 21504 3814 2703 2069 14175 5516 8881 8328 9391 30528 29275 4891 2790 9774 26817 59244 3766 9297 6279
internal_value=0.000710879 0.00421769 -0.0165724 -0.028866 0.00124555 0.0103702 -0.0113092 0.00893834 0.00284273 0.00720057 0.00314194 0.00211727 0.00602639 0.00310208 -0.00696051 0.00786206 0.00532713 -0.00856514 -0.00230234 -0.00524903 -0.00129526 0.00551441 0.00287629 0.00283397 -0.0106477 0.0121251 0.00251814 0.0049548 0.0047672 -0.0253674
internal_weight=400002 332537 67465 20211 224229 108308 47254 90989 154623 58902 150050 104804 48948 18887 4573 30061 15886 29972 69606 17719 51887 45246 85639 12072 18655 32087 80748 9282 16184 17071
internal_count=400002 332537 67465 20211 224229 108308 47254 90989 154623 58902 150050 104804 48948 18887 4573 30061 15886 29972 69606 17719 51887 45246 85639 12072 18655 32087 80748 9282 16184 17071
cat_boundaries=0 32 58 90 119 151 183 215 247 260 289
cat_threshold=513 0 0 15360 0 0 122880 0 0 819200 0 0 8388608 0 0 33554432 0 0 3758096384 0 0 2147483648 0 0 0 36 0 0 576 0 0 33024 496 0 0 16144 0 0 122880 0 0 1572864 0 0 54525952 0 0 0 0 0 0 0 0 0 0 0 0 32 376 0 0 128 0 0 67584 0 0 106496 0 0 20054016 0 0 185597952 0 0 2952790016 1 0 0 4 0 0 196 0 0 4416 0 0 16640 24 0 0 64 0 0 1024 0 0 2162688 0 0 52428800 0 0 807403520 0 0 2734686208 1 0 2147483648 11 0 0 630 0 0 13408 363 0 0 8800 0 0 188416 0 0 393216 0 0 21233664 0 0 0 0 0 721420288 0 0 268435456 3 0 0 5 0 0 4096 0 0 114688 152 0 0 128 0 0 0 0 0 1245184 0 0 53084160 0 0 905969664 0 0 3489660928 3 0 0 44 0 0 16 0 0 64 0 0 1280 0 0 0 0 0 0 512 0 0 2293760 0 0 23068672 0 0 950009856 0 0 553648128 0 0 1342177280 0 0 0 465 0 0 15488 0 0 102400 488 0 0 96 0 0 132864 0 0 3231744 0 0 50528256 0 0 536870912 0 0 0 1 0 0 26 0 0 8 0 0 2176 0 0 88064 1001 0 0 6976 0 0 258048 0 0 528384 0 0 65536 631 0 0 96 0 0 160256 0 0 401408 0 0 25165824 0 0 136314880 0 0 50331648 0 0 0 0 0 0 32 0 0 3072
is_linear=0
shrinkage=0.08


Tree=22
num_leaves=31
num_cat=11
split_feature=45 45 45 45 45 45 45 19 43 25 37 45 5 45 5 29 5 29 5 5 5 6 5 35 5 5 17 23 25 5
split_gain=3281.73 955.197 472.413 212.007 202.53 156.579 79.9929 77.3301 65.7748 47.9291 71.3865 51.608 34.181 33.1131 40.9867 32.0772 31.5976 31.492 31.1644 27.9523 27.2042 26.3964 25.426 24.4526 23.4693 22.1126 21.7385 20.082 19.9486 20.1495
threshold=1.4246636033058169 3.9864615201950078 0.8842369318008424 8.0164294242858904 2.0833728313446049 0.63340377807617199 1.1166903972625735 1.0202302336692812 5.2702815532684335 3.695494651794434 -1.4690225124359129 5.3146343231201181 0 2.6867288351058964 1 0.80765151977539074 2 0.30437088012695318 3 4 5 6 7 0.020503997802734378 8 9 0.82679101824760448 18.5523796081543 6.3456244468688974 10
decision_type=2 2 2 2 2 2 2 2 2 2 2 2 9 2 9 2 9 2 9 9 9 1 9 2 9 9 8 2 2 9
left_child=2 4 5 7 15 -1 -4 12 13 -9 16 28 -3 23 -15 19 -11 -8 -13 21 -17 -2 -19 24 -6 -25 -16 -26 29 -12
right_child=1 3 6 -5 8 -7 17 9 -10 10 11 18 -14 14 26 20 -18 22 -20 -21 -22 -23 -24 25 27 -27 -28 -29 -30 -31
leaf_value=-0.023289733492540581 -0.0021837993000799116 0.02875589663950642 -0.0093808448298856612 0.16875986676142721 0.010968023443297987 -0.011867076080957087 -0.0040879006309986511 0.063572467900102028 -0.026712179207312729 -0.029274282211618818 0.028310428200071024 0.029690223383727544 0.053256418821811133 0.0024998723208004671 0.018607124641430807 -0.00060234021281562638 0.017146095166647692 -0.011497406792832301 0.060682302981269844 -0.0011565941465712904 -0.010281621851263134 -0.009269233532015279 -0.0077474059121192523 -0.0053519316839998332 -0.0063114722866552241 0.0019749597297184173 0.010970373989370898 0.0046353600381786866 -0.015762337296492034 0.0071106636129340565
leaf_weight=3149 8707 7641 17352 17268 7309 10982 9022 9220 2157 3932 13103 10540 24681 25651 11441 3772 4118 7651 26823 38698 12026 8010 8447 12989 3795 25458 40989 13782 2084 9276
leaf_count=3149 8707 7641 17352 17268 7309 10982 9022 9220 2157 3932 13103 10540 24681 25651 11441 3772 4118 7651 26823 38698 12026 8010 8447 12989 3795 25458 40989 13782 2084 9276
internal_value=0.000733498 0.00367497 -0.017113 0.00912507 0.000409322 -0.0297815 -0.012892 0.00784542 0.00213942 0.0064966 0.0057797 0.00670224 0.0111431 0.00235123 0.00345366 -0.0030785 -0.00130521 -0.0099992 0.0085725 -0.00217122 -0.00625759 -0.00490291 -0.0121207 0.000991743 0.00294505 -0.000273032 0.00473518 0.00135591 0.00384342 0.00454062
internal_weight=400073 343470 56603 128686 214784 14131 42472 111418 143571 79096 69876 61826 32322 141414 78081 71213 8050 25120 37363 55415 15798 16717 16098 63333 24886 38447 52430 17577 24463 22379
internal_count=400073 343470 56603 128686 214784 14131 42472 111418 143571 79096 69876 61826 32322 141414 78081 71213 8050 25120 37363 55415 15798 16717 16098 63333 24886 38447 52430 17577 24463 22379
cat_boundaries=0 32 64 83 112 141 173 174 206 235 267 296
cat_threshold=0 0 0 0 0 0 512 0 0 2555904 0 0 23068672 0 0 438304768 0 0 587202560 0 0 1879048192 0 0 0 465 0 0 15488 0 0 61440 133 0 0 11776 0 0 57344 0 0 917504 0 0 8388608 0 0 42991616 0 0 822083584 0 0 3221225472 1 0 0 36 0 0 13840 0 0 16640 480 0 0 15392 0 0 213504 0 0 1642496 0 0 25165824 0 0 1048576 0 0 16777216 16 0 0 8304 0 0 4608 0 0 204800 0 0 29491200 0 0 135266304 0 0 50331648 0 0 0 0 0 0 160 0 0 1536 376 0 0 1088 0 0 155648 0 0 720896 0 0 18874368 0 0 907018240 0 0 2969567232 3 0 0 0 0 0 612 0 0 64 4 0 0 64 0 0 69632 0 0 16384 0 0 4456448 0 0 218103808 0 0 285212672 0 0 3221225472 1 0 0 235 0 0 11776 0 0 24576 3 16 0 0 192 0 0 0 0 0 1245184 0 0 19529728 0 0 914358272 0 0 268435456 3 0 0 39 0 0 48 0 0 64 0 0 1024 4 0 0 192 0 0 7168 0 0 3284992 0 0 4653056 0 0 385875968 0 0 536870912 0 0 0 30 0 0 1008 0 0 1152 514 0 0 2096 0 0 240640 0 0 1875968 0 0 1114112 0 0 121634816 0 0 1778384896 0 0 0 4 0 0 98 0 0 32 0 0 32768 386 0 0 3600 0 0 230144 0 0 1912832 0 0 4390912 0 0 1048576 0 0 50331648 0 0 0 0 0 0 224 0 0 512
is_linear=0
shrinkage=0.08


Tree=23
num_leaves=31
num_cat=9
split_feature=45 45 45 45 45 45 45 19 43 44 37 5 5 29 45 24 5 5 41 5 24 45 44 43 5 5 5 29 5 32
split_gain=2843.15 743.703 578.937 173.617 168.855 136.217 103.107 66.8834 63.9662 61.7369 59.1147 42.4319 37.861 36.9503 33.4002 29.3694 28.5642 26.992 26.3804 31.7938 25.8406 25.9476 25.5252 24.2143 38.6449 23.4105 23.1115 22.2266 22.1757 21.3326
threshold=1.6112416982650759 4.5649266242980966 0.93084707856178295 0.63340377807617199 8.3340916633605975 2.3926109075546269 1.1961214542388918 1.0366714000701907 5.2159273624420175 4.5784599781036386 -1.5682045817375181 0 1 0.53633499145507824 5.6693043708801278 34.552429199218757 2 3 6.9164319038391122 4 38.480010986328132 3.6026744842529301 4.364436388015748 2.5524809360504155 5 6 7 0.87806320190429699 8 185.29268646240237
decision_type=2 2 2 2 2 2 2 2 2 2 2 9 9 2 2 2 9 9 2 9 2 2 2 2 9 9 9 2 9 2
left_child=2 5 3 -1 7 15 27 28 11 -9 16 -7 -10 26 -12 17 -11 -2 -16 -20 21 22 -13 -19 -25 -23 -8 -4 -3 -5
right_child=1 4 6 29 -6 8 13 9 12 10 14 20 -14 -15 18 -17 -18 23 19 -21 -22 25 -24 24 -26 -27 -28 -29 -30 -31
leaf_value=-0.021446087938576018 0.0019858666793681444 0.064026653607215767 -0.0070661737671876071 -0.012659462653918513 0.18045917464798081 0.015126030804760974 -0.0079678738518631671 0.068926063884563835 -0.032904583132978206 -0.033587139983294705 0.017747373190870625 0.0040869131887891451 0.0020377402516479747 -0.0092490415723705515 0.059821364608942884 0.0053994524461721842 0.02199435831616782 -0.0022962751606852728 -0.0091773231567088762 0.050658053701865602 0.024801100916807643 0.028222941222076584 -0.015569791084758897 -0.017960102672860249 -0.0022324219128592882 0.010419060120230066 -0.0025988628179131191 -0.011509420166941181 0.042357462544819376 -0.0095545257040486487
leaf_weight=3136 16548 12770 14672 6272 14014 30725 5182 11234 2565 3065 17101 62983 3163 15573 23780 7863 2185 58345 3466 3486 4030 10225 2255 2908 3486 17512 15401 5812 12224 7881
leaf_count=3136 16548 12770 14672 6272 14014 30725 5182 11234 2565 3065 17101 62983 3163 15573 23780 7863 2185 58345 3466 3486 4030 10225 2255 2908 3486 17512 15401 5812 12224 7881
internal_value=0.00078155 0.00399438 -0.0133816 -0.0261923 0.00960314 0.00139072 -0.00946726 0.00832033 0.00300806 0.00695353 0.00581131 0.00337905 -0.00525619 -0.00689487 0.00669565 -0.00103051 -0.00224335 -0.00148222 0.00827272 0.00392991 0.00255707 0.00228488 0.00141307 -0.002219 -0.00688944 0.00433416 -0.00466663 -0.0140021 0.0118333 -0.0223893
internal_weight=399862 325933 73929 17289 103325 222608 56640 89311 133458 64317 53083 127730 5728 36156 47833 89150 5250 81287 30732 6952 97005 92975 65238 64739 6394 27737 20583 20484 24994 14153
internal_count=399862 325933 73929 17289 103325 222608 56640 89311 133458 64317 53083 127730 5728 36156 47833 89150 5250 81287 30732 6952 97005 92975 65238 64739 6394 27737 20583 20484 24994 14153
cat_boundaries=0 32 58 77 109 125 154 183 215 244
cat_threshold=960 0 0 128 0 0 67328 0 0 2191360 0 0 35586048 0 0 807403520 0 0 2147483648 0 0 0 28 0 0 0 0 0 384 0 0 14336 496 0 0 7952 0 0 139264 0 0 1839104 0 0 20971520 0 0 4194304 0 0 0 0 0 0 0 0 0 32 992 0 0 15456 0 0 245760 0 0 1642496 0 0 25296896 0 0 1048576 0 0 16777216 133 0 0 9056 0 0 22528 0 0 24576 0 0 327680 0 0 4194304 0 0 0 0 0 1073741824 32 0 0 1 0 0 15888 0 0 96512 20 0 0 272 0 0 62208 0 0 991232 0 0 12713984 0 0 1048576 368 0 0 0 0 0 8192 0 0 3768320 0 0 60424192 0 0 61865984 0 0 2348810240 1 0 0 0 0 0 64 0 0 64 20 0 0 7424 0 0 2048 0 0 557056 0 0 2097152 0 0 163577856 0 0 1342177280 0 0 2147483648 2 0 0 756 0 0 3584 144 0 0 192 0 0 0 0 0 65536 0 0 1572864 0 0 186646528 0 0 3841982464 1 0 0 33 0 0 512 0 0 512 0 0 256 495 0 0 15920 0 0 239872 0 0 573440 0 0 9175040 0 0 0 0 0 100663296 0 0 0 12 0 0 0 0 0 256
is_linear=0
shrinkage=0.08


Tree=24
num_leaves=31
num_cat=12
split_feature=45 45 45 45 45 45 45 19 44 5 45 25 17 24 35 5 41 5 5 5 9 5 29 5 5 5 17 5 37 5
split_gain=2419.34 678.424 485.16 170.474 156.888 118.398 100.477 62.524 73.3135 42.0216 41.7021 34.8189 32.2554 31.5931 31.4311 29.7683 27.3867 25.8791 25.0132 24.9246 23.0202 24.5785 21.9058 21.0559 20.1229 19.827 19.2757 17.4777 16.706 20.7507
threshold=1.6266559362411501 4.6807901859283456 0.90937408804893505 8.1689615249633807 0.63340377807617199 2.4823768138885502 1.1961214542388918 1.3314008712768557 4.711250066757203 0 5.9218361377716073 4.5174126625061044 0.45484520494937902 35.282257080078132 0.010013580322265627 1 5.8827478885650644 2 3 4 5 6 0.82557296752929699 7 8 9 0.74362948536872875 10 -0.38313925266265864 11
decision_type=2 2 2 2 2 2 2 2 2 9 2 2 10 2 2 9 2 9 9 9 1 9 2 9 9 9 8 9 2 9
left_child=2 5 4 7 -1 12 22 15 -9 11 17 -7 27 19 24 -3 -12 -10 -16 -14 -11 -22 -4 -18 -8 -13 -23 -2 29 -21
right_child=1 3 6 -5 -6 9 14 8 10 20 16 25 13 -15 18 -17 23 -19 -20 28 21 26 -24 -25 -26 -27 -28 -29 -30 -31
leaf_value=-0.019967571274030559 0.006993942215275939 0.055379576495027186 -0.0063176716403416933 0.15340715195451876 -0.010022620341583546 0.0053646969362687712 0.00027076646300635334 0.068289401740101174 -0.019938664808581842 -0.0039031651832351333 0.076298394906821207 -0.001039587519600147 0.0016275445412968414 0.0062227839135973097 -0.01016136444413104 0.035666815443571455 -0.0064055249717769411 0.016103748832994782 -0.0051085069409524397 -0.010525899187509423 0.018533355903788858 0.014708018841221068 -0.010274565507424846 0.037773316978103925 -0.0053553675572322133 -0.031054310676848686 0.008584474357349858 0.00056077102008135428 -0.0024087712195287247 -0.0036191440793545307
leaf_weight=3124 5254 21642 14460 15727 12582 31865 6112 8550 4488 5488 5468 2421 15290 6547 10972 19941 3552 8850 15350 6563 16132 8613 7544 10691 5402 2500 61750 7803 45150 10271
leaf_count=3124 5254 21642 14460 15727 12582 31865 6112 8550 4488 5488 5468 2421 15290 6547 10972 19941 3552 8850 15350 6563 16132 8613 7544 10691 5402 2500 61750 7803 45150 10271
internal_value=0.000763886 0.00376527 -0.0121293 0.00928942 -0.0246399 0.00134354 -0.00884211 0.00784354 0.0056483 0.00293293 0.00393781 0.000646634 -0.000769135 -0.00134533 -0.00633938 0.0100377 0.00627453 0.000482469 -0.0078642 -0.00179753 0.00384661 0.00416552 -0.0131407 0.00442153 -0.0028497 -0.00560941 0.00351761 0.00292799 -0.00251081 -0.0046616
internal_weight=400102 324556 75546 98909 15706 225647 59840 83182 41599 128769 33049 36786 96878 83821 37836 41583 19711 13338 26322 77274 91983 86495 22004 14243 11514 4921 70363 13057 61984 16834
internal_count=400102 324556 75546 98909 15706 225647 59840 83182 41599 128769 33049 36786 96878 83821 37836 41583 19711 13338 26322 77274 91983 86495 22004 14243 11514 4921 70363 13057 61984 16834
cat_boundaries=0 32 61 90 122 154 155 187 216 248 280 312 344
cat_threshold=225 0 0 16128 0 0 57344 0 0 917504 0 0 0 0 0 33554432 0 0 989855744 0 0 3221225472 1 0 0 517 0 0 8208 0 0 16640 494 0 0 16176 0 0 125184 0 0 573440 0 0 42270720 0 0 0 0 0 67108864 0 0 0 12 0 0 0 0 0 256 372 0 0 2080 0 0 70144 0 0 1187840 0 0 25165824 0 0 0 0 0 50331648 0 0 0 0 0 0 32 0 0 512 24 0 0 64 0 0 0 0 0 1253376 0 0 53084160 0 0 838860800 0 0 1879048192 3 0 0 52 0 0 16 0 0 0 0 0 9472 132 0 0 13136 0 0 20480 0 0 155648 0 0 327680 0 0 0 0 0 67108864 0 0 1073741824 57 0 0 8 0 0 15872 0 0 96256 8 776 0 0 128 0 0 65792 0 0 2191360 0 0 34734080 0 0 805306368 0 0 2147483648 1 0 0 28 0 0 0 0 0 0 0 0 2048 132 0 0 48 0 0 17152 0 0 524288 0 0 29360128 0 0 1048576 0 0 0 0 0 0 0 0 0 0 0 0 512 0 0 0 128 0 0 3072 0 0 3309568 0 0 50593792 0 0 880803840 0 0 2147483648 1 0 1879048192 62 0 0 60 0 0 4144 0 0 1024 1 0 0 2048 0 0 32768 0 0 655360 0 0 0 0 0 33554432 0 0 184549376 0 0 1073741824 0 0 0 5 0 0 8192 0 0 16384 4 0 0 64 0 0 6144 0 0 204800 0 0 917504 0 0 71303168 0 0 3539992576 2 0 0 36 0 0 817 0 0 144 0 0 17664 865 0 0 2176 0 0 43008 0 0 2719744 0 0 26869760 0 0 861929472 0 0 536870912 0 0 0 0 0 0 4 0 0 336 0 0 256
is_linear=0
shrinkage=0.08


Tree=25
num_leaves=31
num_cat=9
split_feature=45 45 45 45 45 45 21 44 37 9 5 5 29 26 5 45 29 17 17 36 5 25 24 5 5 44 24 5 5 21
split_gain=2045.66 646.532 378.67 181.144 157.415 118.029 56.8962 60.6717 51.5272 44.173 47.7591 40.337 36.5609 35.1597 29.8298 28.4043 27.3725 26.9297 22.2564 22.2233 21.7696 21.3288 20.8361 20.6779 19.6624 19.149 19.0574 20.5181 18.417 18.1575
threshold=1.5464626550674441 4.5256118774414071 0.69482046365737926 8.1689615249633807 1.1166903972625735 2.1098068952560429 1.1486179232597353 4.4913446903228769 -1.3801820278167722 0 1 2 0.64420700073242199 0.77836444973945629 3 2.741724014282227 0.87806320190429699 0.82679101824760448 0.38847087323665624 83.251476287841811 4 8.2374863624572772 37.954620361328132 5 6 3.0335439443588261 34.128204345703132 7 8 1.5850328207015993
decision_type=2 2 2 2 2 2 2 2 2 1 9 9 2 2 9 2 2 8 10 2 9 2 2 9 9 2 2 9 9 2
left_child=2 5 13 6 16 18 20 -8 19 10 -7 22 28 -1 21 -13 -4 -17 -2 24 -3 -10 -11 -19 -9 -25 27 -20 -6 -16
right_child=1 3 4 -5 12 9 7 8 14 11 -12 15 -14 -15 29 17 -18 23 26 -21 -22 -23 -24 25 -26 -27 -28 -29 -30 -31
leaf_value=-0.019821635381061926 0.0022559596082926616 0.053494373111428024 -0.0068672275704306255 0.14164986756630982 -0.0057701440252082752 -0.019041846911394242 0.059739782678734928 0.032631151106025311 0.042888803777455173 -0.00012521420076505585 0.0063086803552861431 0.0028353804045744991 -0.008959693176840507 -0.012491934346948817 0.023909289577983443 0.018645694825931872 -0.0098646513011469168 0.02101658394956793 -3.6816802179235887e-05 -0.040014377612585326 0.035494497437829349 0.0092221324469075588 0.019034964858251142 0.014209939385163945 -0.018603945922766769 0.0052081573877906353 0.0034514190716880178 -0.0048886209406138817 -0.0023902060221096689 -0.0039673056482769373
leaf_weight=2345 7115 13802 17865 15698 8566 4860 10255 2037 22643 39994 5305 42350 13896 2288 9293 10672 8978 11535 12072 2129 17476 3780 2502 16264 2039 30607 4682 39458 13670 5943
leaf_count=2345 7115 13802 17865 15698 8566 4860 10255 2037 22643 39994 5305 42350 13896 2288 9293 10672 8978 11535 12072 2129 17476 3780 2502 16264 2039 30607 4682 39458 13670 5943
internal_value=0.000815687 0.00339509 -0.011869 0.00858399 -0.0102415 0.000996896 0.00719071 0.00570834 0.00451017 0.00212908 -0.00297496 0.00246635 -0.00679099 -0.033922 0.00552305 0.0032661 -0.0148818 0.00426644 -0.00193662 -0.00228801 0.00994247 0.00714821 0.000368802 0.00359011 0.00117474 0.0028402 -0.00247021 -0.00291424 -0.00477569 0.00269533
internal_weight=400119 332511 67608 105095 62975 227416 89397 58119 47864 164089 10165 153924 36132 4633 41659 111428 26843 69078 63327 6205 31278 26423 42496 58406 4076 46871 56212 51530 22236 15236
internal_count=400119 332511 67608 105095 62975 227416 89397 58119 47864 164089 10165 153924 36132 4633 41659 111428 26843 69078 63327 6205 31278 26423 42496 58406 4076 46871 56212 51530 22236 15236
cat_boundaries=0 1 27 59 85 114 146 175 207 239
cat_threshold=8 786 0 0 14720 0 0 202752 0 0 1024000 0 0 19136512 0 0 50331648 0 0 100663296 0 0 1073741824 8 0 0 389 1 0 0 3840 0 0 57344 0 0 917504 0 0 16777216 0 0 176160768 0 0 2097152000 0 0 2147483648 1 0 0 518 0 0 624 0 0 33024 460 0 0 7936 0 0 258304 0 0 790528 0 0 196608 0 0 1048576 0 0 0 0 0 0 0 0 0 64 1006 0 0 14000 0 0 76032 0 0 835584 0 0 42729472 0 0 0 0 0 1140850688 0 0 0 12 0 0 0 0 0 256 768 0 0 8320 0 0 65792 0 0 94208 0 0 37289984 0 0 603979776 0 0 2147483648 0 0 0 12 0 0 64 0 0 128 0 0 8192 515 0 0 14128 0 0 57600 0 0 397312 0 0 4194304 0 0 0 0 0 33554432 0 0 0 0 0 0 96 0 0 2048 131 0 0 8224 0 0 54272 0 0 1105920 0 0 8650752 0 0 146800640 0 0 234881024 0 0 1342177280 16 0 0 128 0 0 3584 0 0 58368 144 0 0 192 0 0 0 0 0 196608 0 0 5767168 0 0 991952896 0 0 1627389952 3 0 0 33 0 0 832 0 0 64 0 0 1280
is_linear=0
shrinkage=0.08


Tree=26
num_leaves=31
num_cat=2
split_feature=25 25 25 25 25 7 25 38 37 38 37 0 40 29 6 0 24 19 33 3 7 24 19 19 37 6 31 15 35 38
split_gain=1495.51 420.654 258.825 149.076 92.8397 91.4017 80.1531 59.278 58.7339 54.9387 32.2572 31.6569 31.3255 30.8234 29.8366 42.4218 27.8279 26.5549 24.9071 23.8323 24.414 23.4295 22.6722 22.0122 19.8938 19.8739 18.9397 18.8655 17.8801 17.4128
threshold=1.2513273954391482 3.8269172906875615 0.77798071503639232 9.2277550697326678 1.885464668273926 1.5000000000000002 0.53528106212615978 0.13027787208557132 -1.3026721477508543 -0.51229107379913319 -1.4690225124359129 31.250000000000004 3.9345483779907231 0.68405914306640636 0 16.250000000000004 37.954620361328132 1.9275658726692202 21.522240638732914 6.228431463241578 1.5000000000000002 3.5998077392578129 0.95907488465309154 1.4593551158905032 -0.21290522813796994 1 48.750894546508796 2.9597847461700444 0.77390670776367199 0.482192873954773
decision_type=2 2 2 2 2 2 2 2 2 2 2 2 2 2 1 2 2 2 2 2 2 2 2 2 2 1 2 8 2 2
left_child=2 4 6 5 7 8 -1 18 22 -4 23 25 16 -11 15 -12 19 -5 -2 -6 24 -8 -3 -7 -21 -10 -22 -16 -20 -27
right_child=1 3 9 17 12 10 21 -9 11 13 14 -13 -14 -15 27 -17 -18 -19 28 20 26 -23 -24 -25 -26 29 -28 -29 -30 -31
leaf_value=-0.017089701525617972 -0.0021920189876587773 0.017865133870770863 -0.0044025171816327148 0.13005575148631848 0.010027249470795833 0.0174807438186717 -0.011774192913149878 -0.0061054675231271066 0.025789324251000299 -0.0044593774528206122 0.045471860329543506 0.0061734804407243618 0.042813156501050144 -0.0080133257610282456 0.010109239570149038 0.0099313909487899459 0.015131778770191852 0.044465635477495095 0.0051692668239479642 -0.00061708390425711194 0.0035036583493206577 -0.0082645180388250337 -0.017432604478028583 -0.021685704953737089 0.0063114898380452009 0.035429362337526193 -0.0017960064420605448 0.056138264824252493 -0.0025279781236902865 0.057454053765469693
leaf_weight=3122 42261 2087 10948 12082 33579 2749 2905 11600 7179 16967 17947 3193 2343 13073 39678 11285 5905 2040 10299 10784 20238 6304 2564 4268 23295 11674 47654 3499 5218 13300
leaf_count=3122 42261 2087 10948 12082 33579 2749 2905 11600 7179 16967 17947 3193 2343 13073 39678 11285 5905 2040 10299 10784 20238 6304 2564 4268 23295 11674 47654 3499 5218 13300
internal_value=0.000809699 0.00272794 -0.0116623 0.00624836 0.000522361 0.00532834 -0.0218216 -0.00188102 0.00844702 -0.0086014 0.00375699 0.00955877 0.00168196 -0.0103694 0.00425883 0.00623274 0.00152957 0.0140192 -0.000832699 0.00129507 0.000686206 -0.0180302 -4.29092e-06 -0.00142024 0.00243304 0.0103131 -0.000190863 0.00291918 0.00190764 0.0113835
internal_weight=400040 346721 53319 133545 213176 119423 12331 69378 39997 40988 79426 35346 143798 30040 72409 29232 141455 14122 57778 135550 101971 9209 4651 7017 34079 32153 67892 43177 15517 24974
internal_count=400040 346721 53319 133545 213176 119423 12331 69378 39997 40988 79426 35346 143798 30040 72409 29232 141455 14122 57778 135550 101971 9209 4651 7017 34079 32153 67892 43177 15517 24974
cat_boundaries=0 1 2
cat_threshold=4 2
is_linear=0
shrinkage=0.08


Tree=27
num_leaves=31
num_cat=7
split_feature=45 45 45 41 45 45 45 44 44 19 5 16 25 41 18 14 5 28 45 5 37 5 5 25 14 5 29 5 32 25
split_gain=1526.4 469.324 379.738 145.027 114.575 112.809 63.6192 57.4759 43.5618 42.6333 39.7613 36.8599 35.1315 31.6137 34.6043 30.5651 31.3237 29.6976 28.2209 26.3875 26.001 25.6319 24.7804 24.6328 23.3482 32.2484 22.3241 21.6257 21.505 21.1104
threshold=1.8454187512397768 5.76631784439087 0.97298455238342296 0.64482632279396068 8.9095306396484393 3.6026744842529301 1.3321974873542788 7.0677180290222177 4.6234810352325448 1.0202302336692812 0 0.48819331824779516 5.6829533576965341 5.7524318695068368 2.1325036287307744 1.9134355783462527 1 1006.3296813964845 2.5318642854690556 2 1.0000000180025095e-35 3 4 3.5066237449646001 0.96560975909233104 5 0.39176559448242193 6 80.82355117797853 2.9459589719772343
decision_type=2 2 2 2 2 2 2 2 2 2 9 10 2 2 2 2 9 2 2 9 2 9 9 2 2 9 2 9 2 2
left_child=2 5 3 -1 9 8 26 10 15 -3 17 -8 -11 -14 27 18 -17 -7 24 -20 23 -13 -22 -12 -2 -26 -4 -15 -5 -19
right_child=1 4 6 28 -6 7 11 -9 -10 12 20 21 13 14 -16 16 -18 29 19 -21 22 -23 -24 -25 25 -27 -28 -29 -30 -31
leaf_value=-0.015568358077156329 0.0012105370965075403 0.058184225212313763 -0.0032928737607888395 -0.010548095596294471 0.17219311052072137 0.025747699565051806 -0.0011206502323281953 -0.027602843871433115 -0.021598033878614979 0.10614040150893693 0.038450275280470889 -0.0095483155492637906 0.058708920251117291 -0.0031368424178696229 -0.005268202084994158 -0.017921370413725136 0.0095910183449572986 0.03810359232003984 0.012746371559124867 0.0038758178819077215 0.041241734176058503 -0.0045971582797401742 0.021911270787518616 0.011165703171073141 -0.011146311854498272 0.00013548535986541933 -0.0070186744125378753 0.041471249985820365 -0.0066586791736554483 -0.0013705251565422039
leaf_weight=3048 60379 12999 10452 3416 9254 8575 22725 3093 2357 3997 5999 9685 9830 2442 5399 5126 2524 2104 14340 52675 12168 18245 15955 22184 5720 10220 17900 15901 13955 17715
leaf_count=3048 60379 12999 10452 3416 9254 8575 22725 3093 2357 3997 5999 9685 9830 2442 5399 5126 2524 2104 14340 52675 12168 18245 15955 22184 5720 10220 17900 15901 13955 17715
internal_value=0.000783332 0.00362247 -0.00781005 -0.0175329 0.00996457 0.00204873 -0.00529532 0.00433539 0.00073935 0.00846376 0.00472671 -0.00359578 0.00709386 0.0062462 0.00466319 0.000908116 -0.00401567 0.00228197 0.00117117 0.00236897 0.00595746 -0.00554188 0.00767995 0.00423864 0.000119221 -0.00260313 -0.00832945 0.0063194 -0.0146931 0.000579959
internal_weight=400382 300956 99426 20419 59822 241134 79007 87793 153341 50568 84700 50655 37569 33572 23742 150984 7650 28394 143334 67015 56306 27930 28123 28183 76319 15940 28352 18343 17371 19819
internal_count=400382 300956 99426 20419 59822 241134 79007 87793 153341 50568 84700 50655 37569 33572 23742 150984 7650 28394 143334 67015 56306 27930 28123 28183 76319 15940 28352 18343 17371 19819
cat_boundaries=0 32 61 93 125 154 186 215
cat_threshold=633 0 0 608 0 0 159744 0 0 2228224 0 0 31457280 0 0 268435456 0 0 553648128 0 0 1342177280 1 0 0 0 0 0 12288 0 0 126976 535 0 0 8032 0 0 61440 0 0 1441792 0 0 25165824 0 0 0 0 0 0 0 0 0 0 0 0 64 0 0 1536 232 0 0 3936 0 0 136448 0 0 3297280 0 0 51576832 0 0 805306368 0 0 0 0 0 0 28 0 0 0 0 0 0 0 0 71680 144 0 0 0 0 0 33792 0 0 1515520 0 0 23199744 0 0 838860800 0 0 2952790016 3 0 0 48 0 0 8 0 0 496 0 0 2304 384 0 0 7296 0 0 2304 0 0 1892352 0 0 35520512 0 0 62914560 0 0 3221225472 0 0 2147483648 14 0 0 512 0 0 384 17 0 0 128 0 0 75776 0 0 557056 0 0 11534336 0 0 121634816 0 0 2684354560 0 0 1342177280 28 0 0 646 0 0 4352 0 0 256 16 0 0 0 0 0 16384 0 0 65536 0 0 21168128 0 0 135266304 0 0 16777216 0 0 0 0 0 0 0 0 0 1536
is_linear=0
shrinkage=0.08


Tree=28
num_leaves=31
num_cat=1
split_feature=41 41 41 25 25 25 25 7 21 25 38 16 34 7 6 32 32 18 28 25 18 10 26 41 35 11 27 16 35 18
split_gain=1138.49 373.133 216.03 115.464 105.413 59.316 43.8591 40.2337 39.684 39.1647 32.4964 30.3421 47.1809 29.2132 29.1539 28.723 24.1672 24.1441 21.6094 24.1113 21.4202 21.0442 22.2878 20.8844 20.4967 19.3303 18.6605 22.7738 26.779 17.5245
threshold=1.3220925331115725 4.474642515182496 0.64482632279396068 9.2277550697326678 2.1703069210052495 0.80497393012046825 1.2207737565040591 1.5000000000000002 1.3407263159751894 6.1381902694702157 1.42194139957428 1.2840713858604433 1.3748474121093752 2.5000000000000004 0 1000.5954589843751 381.90788269042974 2.1191139221191411 1005.5390625000001 2.3471722602844243 1.9821470379829409 1.4983196258544924 5.631399631500245 1.0663091540336611 0.18930435180664065 0.50968557596206676 1009.8176879882814 2.2884074449539189 10.290622711181642 1.9898376464843752
decision_type=2 2 2 2 2 2 2 2 2 2 2 10 2 2 1 2 2 2 2 2 2 2 2 2 2 2 2 10 2 2
left_child=2 4 -1 8 6 -4 -2 10 9 -3 25 -10 14 -5 26 29 -8 -15 -16 -20 21 -21 -23 -7 -18 -6 27 28 -13 -9
right_child=1 3 5 13 7 23 16 15 11 -11 -12 12 -14 17 18 -17 24 -19 19 20 -22 22 -24 -25 -26 -27 -28 -29 -30 -31
leaf_value=-0.014418248569308281 -0.0054013206086903189 0.01729496918994573 -0.0076890726452821757 0.12149062400811124 0.0092329914690835631 -0.0056027438735984812 -0.0025318034952220092 0.00053805943282852825 -0.016174400451357797 0.044772697657324584 0.033355778573555796 0.016601520529587008 0.053589382083407563 0.012904946642127175 0.050149165570014892 0.012613610299587874 0.0028721052925855871 0.12232912159235725 0.026897221928900938 0.036893276295143239 -0.024102992611541144 0.013891219115221176 -0.028882267619949414 -0.0041467413216463101 -0.0015125324528026773 0.0042784450756610326 0.051009835472692125 0.037838198030396238 -0.027384706836484904 0.037779988812463097
leaf_weight=3075 15546 31204 9745 8632 14054 15512 38915 75334 2929 18609 7826 6189 5923 2208 2248 13648 23205 2484 2139 3235 4832 3737 3694 17293 26861 24013 4931 7957 2001 2192
leaf_count=3075 15546 31204 9745 8632 14054 15512 38915 75334 2929 18609 7826 6189 5923 2208 2248 13648 23205 2484 2139 3235 4832 3737 3694 17293 26861 24013 4931 7957 2001 2192
internal_value=0.000802587 0.0023334 -0.011091 0.00612879 0.000558766 -0.0096062 -0.00135474 0.00201799 0.0051924 0.00678923 0.00394963 0.00359458 0.0040882 0.0131213 0.00312157 0.00104536 -0.000669506 0.00801361 0.000921377 -2.15334e-05 -0.001122 0.00088048 -0.00146486 -0.00797379 0.000492851 0.0029829 0.00519291 0.00387572 0.000912195 0.00044934
internal_weight=400171 354546 45625 112952 241594 42550 104527 137067 99628 49813 45893 49815 46886 13324 40963 91174 88981 4692 19885 17637 15498 10666 7431 32805 50066 38067 21078 16147 8190 77526
internal_count=400171 354546 45625 112952 241594 42550 104527 137067 99628 49813 45893 49815 46886 13324 40963 91174 88981 4692 19885 17637 15498 10666 7431 32805 50066 38067 21078 16147 8190 77526
cat_boundaries=0 1
cat_threshold=5
is_linear=0
shrinkage=0.08


Tree=29
num_leaves=31
num_cat=11
split_feature=43 25 43 5 25 19 25 32 32 5 5 5 43 36 34 35 5 5 5 7 5 5 16 21 33 5 31 40 5 27
split_gain=924.051 299.893 238.023 108.301 88.0041 74.64 64.6165 48.3874 39.0668 38.3134 37.8199 28.8232 28.7322 28.7082 27.39 34.8565 26.3716 25.0454 24.6168 23.7481 26.2538 23.0541 21.3706 22.2671 18.62 17.1969 16.2915 16.142 14.9517 32.4422
threshold=1.4146711230278017 5.6829533576965341 0.80072256922721874 0 9.4159884452819842 1.0167675614356997 0.53528106212615978 811.62924194335949 191.53401184082034 1 2 3 6.3496654033660898 2.0298957824707036 -8.9011535644531232 0.12445449829101564 4 5 6 2.5000000000000004 7 8 3.1015723943710332 1.8000582456588747 21.404736518859867 9 44.795431137084968 3.4756027460098271 10 1010.7497558593751
decision_type=2 2 2 9 2 2 2 2 2 9 9 9 2 2 2 2 9 9 9 2 9 9 8 2 2 9 2 2 9 2
left_child=2 3 6 12 5 21 -1 9 -4 -5 13 -9 27 -10 18 24 22 -17 -11 -6 -21 -3 23 -7 25 -16 -13 28 29 -2
right_child=1 4 8 7 19 16 -8 11 10 14 -12 26 -14 -15 15 17 -18 -19 -20 20 -22 -23 -24 -25 -26 -27 -28 -29 -30 -31
leaf_value=-0.014303493443287829 0.0098203714669012499 0.018456930061579158 -0.0060457778559512999 0.0016551129796243071 0.11753917148317732 0.030373705151721248 -0.0075734252205100286 0.010900875622733288 -0.0011254004148097453 0.013443652233201498 -0.0011813266227096665 0.0068742437406313786 -0.017525656503443621 -0.0055877416486924151 0.0039327529243893709 -0.0011356561886993789 0.0051499750800562795 -0.007609113606342444 -0.0010881703832747557 0.10956399526600025 0.011463192295794525 0.051792061491375704 0.091787399290819013 0.0063062677037753903 0.0044112216649979845 -0.0029046062692926265 -0.0026317923888544391 0.029940446715000301 0.0090166828597533395 0.029790099597582415
leaf_weight=2893 11314 2978 11912 74890 8220 17639 8038 15936 6324 3909 14811 14085 2161 19095 4463 10165 13704 23690 7007 2298 2056 12861 2464 7114 7982 22995 10983 5198 44428 8562
leaf_count=2893 11314 2978 11912 74890 8220 17639 8038 15936 6324 3909 14811 14085 2161 19095 4463 10165 13704 23690 7007 2298 2056 12861 2464 7114 7982 22995 10983 5198 44428 8562
internal_value=0.000807377 0.00247028 -0.0080792 0.00125597 0.00715909 0.00581575 -0.0188082 0.000283187 -0.00582681 -0.000362966 -0.0046332 0.00272687 0.00391697 -0.00650419 -0.00157769 -0.00216463 0.00400919 -0.004 0.00214534 0.0132136 0.00840513 0.0104776 0.00544921 0.00474014 -0.000410719 -0.00139945 0.00103316 0.00420014 0.00385235 0.00567752
internal_weight=400175 337102 63073 267768 69334 56760 10931 196105 52142 155101 40230 41004 71663 25419 80211 69295 40921 33855 10916 12574 4354 15839 27217 24753 35440 27458 25068 69502 64304 19876
internal_count=400175 337102 63073 267768 69334 56760 10931 196105 52142 155101 40230 41004 71663 25419 80211 69295 40921 33855 10916 12574 4354 15839 27217 24753 35440 27458 25068 69502 64304 19876
cat_boundaries=0 32 64 96 128 160 192 221 234 266 298 330
cat_threshold=962 0 0 16144 0 0 238336 0 0 1732608 0 0 8585216 0 0 1048576 0 0 0 0 0 0 0 0 0 128 0 0 2048 0 0 69632 61 0 0 224 0 0 23552 0 0 2392064 0 0 4456448 0 0 207618048 0 0 16777216 0 0 1073741824 0 0 0 257 0 0 13952 0 0 24576 16 0 0 192 0 0 57344 0 0 196608 0 0 57278464 0 0 838860800 0 0 3758096384 3 0 0 63 0 0 32 0 0 576 0 0 1024 40 0 0 64 0 0 3072 0 0 360448 0 0 41156608 0 0 624951296 0 0 1308622848 0 0 2952790016 28 0 0 4 0 0 0 0 0 26880 495 0 0 7968 0 0 126976 0 0 1847296 0 0 0 0 0 0 0 0 0 0 0 536870912 0 0 0 0 0 0 14336 0 0 65536 0 0 0 0 0 0 0 0 0 65536 0 0 34078720 0 0 0 0 0 402653184 0 0 2952790016 1 0 0 8 0 0 256 0 0 35840 0 0 0 0 0 0 0 0 0 65536 0 0 20447232 0 0 293601280 0 0 1073741824 0 0 536870912 18 0 0 66 0 0 16 11 0 0 48 0 0 140032 0 0 929792 0 0 196608 0 0 0 0 0 0 131584 0 0 2363392 0 0 52559872 0 0 674234368 0 0 335544320 0 0 2415919104 6 0 0 464 0 0 10368 0 0 32768 0 0 0 0 0 0 0 0 0 0 0 0 16777216 0 0 268435456 0 0 0 2 0 0 62 0 0 624 0 0 32 0 0 2048 384 0 0 5136 0 0 66304 0 0 12288 0 0 65536 0 0 0 0 0 0 0 0 0 0 0 0 0 0 0 0 0 0 65536
is_linear=0
shrinkage=0.08


Tree=30
num_leaves=31
num_cat=10
split_feature=45 45 43 45 45 43 45 5 45 5 43 5 41 24 5 14 44 41 45 18 9 5 5 22 5 5 45 43 5 18
split_gain=968.635 382.692 242.09 139.939 84.5817 80.7393 74.3098 61.4845 60.1692 52.7941 46.9003 53.4129 32.823 30.3998 28.4712 27.3528 27.3376 26.4354 29.6255 25.8833 22.5998 29.0938 22.4734 20.2715 20.0392 18.5242 18.1957 25.2548 17.6878 17.5987
threshold=1.8454187512397768 7.0102374553680429 0.82695382833480846 3.8541171550750737 0.63340377807617199 7.60522484779358 8.9095306396484393 0 1.1961214542388918 1 4.4165503978729257 2 6.7188923358917245 37.089904785156257 3 0.61472949385643016 3.1867887973785405 3.2596418857574467 5.7164955139160165 2.1325036287307744 4 5 6 0.064373016357421889 7 8 5.4008069038391122 4.5870907306671151 9 0.95527258515357982
decision_type=2 2 2 2 2 2 2 9 2 9 2 9 2 2 9 2 2 2 2 2 1 9 9 2 9 9 2 2 9 2
left_child=2 3 4 10 -1 9 12 -7 -4 26 13 -12 -3 14 29 23 -11 -18 -19 -20 21 -16 -14 -10 -15 -25 27 -5 -22 -2
right_child=1 6 8 5 -6 7 -8 -9 15 16 11 -13 22 24 20 -17 17 18 19 -21 28 -23 -24 25 -26 -27 -28 -29 -30 -31
leaf_value=-0.011961487536572189 -0.00034073951389698823 0.066059340065013822 -0.0045822383934300383 0.03510861813958898 -0.0067092652713567832 -0.045859748626900336 0.14264625769081016 0.010111644592126545 -0.0005038446402023134 0.045222167853935617 -0.028756810154372019 0.0029153130445396867 0.0096276318989086812 0.0027328652583949345 -0.01906677687976786 -0.0067886334906918887 0.046286776417620676 0.0066730833465285322 0.036860812807755113 -0.0091718315175085864 0.0013199303544982977 0.0033685141141492638 0.051091556116103727 -0.0058534302615737043 0.019111581110009403 -0.001115559887518418 0.046845068820930466 0.011560001844262188 0.0053108215911670167 -0.010158655283247883
leaf_weight=3092 36958 10279 25524 9502 9446 3221 9323 4484 23503 5250 2799 2823 5070 4375 2314 18086 3267 40979 13645 2543 56536 3153 5320 12108 4694 7782 12886 8907 42523 9721
leaf_count=3092 36958 10279 25524 9502 9446 3221 9323 4484 23503 5250 2799 2823 5070 4375 2314 18086 3267 40979 13645 2543 56536 3153 5320 12108 4694 7782 12886 8907 42523 9721
internal_value=0.000750819 0.00301602 -0.00608874 0.00206541 -0.0164775 0.00435555 0.0115886 -0.00352301 -0.00458989 0.0049818 0.00062011 -0.0065554 0.00890662 0.000872202 0.000602189 -0.00323342 0.00369049 0.00320892 0.00280777 0.00570441 0.00133568 -0.0036632 0.00572692 -0.00214317 0.00536843 -0.00402211 0.00768641 0.00606873 0.00161225 -0.00104028
internal_weight=400113 300572 99541 270580 12538 104684 29992 7705 87003 96979 165896 5622 20669 160274 151205 61479 65684 60434 57167 16188 104526 5467 10390 43393 9069 19890 31295 18409 99059 46679
internal_count=400113 300572 99541 270580 12538 104684 29992 7705 87003 96979 165896 5622 20669 160274 151205 61479 65684 60434 57167 16188 104526 5467 10390 43393 9069 19890 31295 18409 99059 46679
cat_boundaries=0 26 55 84 116 117 146 162 194 226 255
cat_threshold=456 0 0 14336 0 0 98304 0 0 1585152 0 0 23265280 0 0 0 0 0 0 0 0 0 0 0 0 128 390 0 0 6272 0 0 100608 0 0 577536 0 0 35192832 0 0 805306368 0 0 3288334336 0 0 2147483648 14 0 0 66 0 0 384 1012 0 0 6944 0 0 241664 0 0 851968 0 0 16777216 0 0 79691776 0 0 2466250752 0 0 2147483648 0 0 0 0 0 0 10240 4 0 0 11264 0 0 57344 0 0 262144 0 0 36175872 0 0 595591168 0 0 2097152000 0 0 2952790016 0 0 0 46 0 0 96 0 0 33024 8 26 0 0 4224 0 0 137728 0 0 40960 0 0 18219008 0 0 0 0 0 0 0 0 0 12 0 0 128 0 0 8192 720 0 0 0 0 0 29440 0 0 1380352 0 0 14876672 0 0 1048576 8 0 0 128 0 0 2048 0 0 98304 0 0 1572864 0 0 33554432 0 0 822083584 0 0 1342177280 0 0 0 3 0 0 32 0 0 256 16 0 0 192 0 0 3072 0 0 3309568 0 0 50331648 0 0 872415232 0 0 536870912 3 0 268435456 46 0 0 372 0 0 240 0 0 1024 1 0 0 528 0 0 65536 0 0 688128 0 0 30670848 0 0 208666624 0 0 2181038080 1 0 1073741824 1 0 0 977 0 0 9984
is_linear=0
shrinkage=0.08


Tree=31
num_leaves=31
num_cat=4
split_feature=41 25 25 41 41 8 37 41 25 24 25 8 37 25 35 33 6 35 6 34 28 18 24 23 1 3 18 18 22 35
split_gain=702.265 232.514 186.08 79.8537 75.4796 63.6421 61.9912 42.9072 42.3554 41.6148 21.9391 34.767 23.1078 21.6996 20.5929 22.8877 27.546 20.2062 20.085 31.307 26.6916 19.6763 19.0261 17.2851 16.2659 15.9341 15.537 15.0454 14.5511 14.3393
threshold=1.6691765785217287 6.9069082736969003 0.80497393012046825 0.64482632279396068 4.3706812858581552 0 0.07006478309631349 1.1095124483108523 9.821540832519533 37.089904785156257 2.6617044210433964 1 -0.64108109474182118 9.0198101997375506 2.6192665100097661 16.925760269165043 2 0.010013580322265627 3 -6.9306640624999991 1005.5390625000001 2.1191139221191411 3.0746002197265629 19.973983764648441 92.250000000000014 6.228431463241578 2.5805997848510747 0.72402828931808483 6.527423858642579 0.015735626220703128
decision_type=2 2 2 2 2 1 2 2 2 2 2 1 2 2 2 2 1 2 1 2 2 2 2 2 2 2 2 2 2 2
left_child=2 4 3 -1 9 8 14 -4 -3 10 18 -12 -13 -7 -6 -16 -17 -9 19 -2 27 -10 -5 -14 -19 26 -8 -21 -20 -11
right_child=1 5 7 22 6 13 25 17 21 29 11 12 23 -15 15 16 -18 24 28 20 -22 -23 -24 -25 -26 -27 -28 -29 -30 -31
leaf_value=-0.011646641359118842 0.0013870211924265298 0.022240563815286246 -0.0043532742344684202 -0.0088419739907920434 0.011017207506500561 0.045809170136570841 0.032329504778104992 -0.00024948350067297123 0.036657206376251 0.016858828231710525 0.000706267899033679 -0.0035766958919193036 0.0043941439863533919 0.10555881555354485 0.0097628820085129669 0.0028433929122120816 -0.028644682156690724 -0.002632067975168826 0.00088044790433855719 -0.0031231136897731829 -0.0024364376316077952 0.1261369986634184 -0.0048329883250272637 0.016753809202420235 -0.0059656885348819879 0.0057062442040288633 0.0025680121726131232 -0.012096023018278848 -0.0074233567490812474 0.0018717727032485599
leaf_weight=2715 14612 22078 18611 3178 29399 8952 25931 12268 2707 7646 54674 4591 6729 4984 8416 4429 3711 20280 75132 2590 10592 3744 7400 16209 9585 4105 2445 5294 3493 2993
leaf_count=2715 14612 22078 18611 3178 29399 8952 25931 12268 2707 7646 54674 4591 6729 4984 8416 4429 3711 20280 75132 2590 10592 3744 7400 16209 9585 4105 2445 5294 3493 2993
internal_value=0.000725952 0.00232577 -0.00630599 -0.0148763 0.00149731 0.00784509 0.00360707 -0.00442835 0.00567714 0.000688192 0.000420779 0.00141267 0.00373071 0.0122759 0.00171565 -0.000540867 -0.00356319 -0.00301402 -0.000309157 -0.00196206 -0.00415017 0.0113759 -0.0117151 0.0047673 -0.00413657 0.00628174 0.00695554 -0.00767165 0.000386801 0.00555733
internal_weight=399493 325456 74037 13293 282991 42465 78436 60744 28529 204555 193916 82203 27529 13936 45955 16556 8140 42133 111713 33088 18476 6451 10578 22938 29865 32481 28376 7884 78625 10639
internal_count=399493 325456 74037 13293 282991 42465 78436 60744 28529 204555 193916 82203 27529 13936 45955 16556 8140 42133 111713 33088 18476 6451 10578 22938 29865 32481 28376 7884 78625 10639
cat_boundaries=0 1 2 3 4
cat_threshold=2 2 5 4
is_linear=0
shrinkage=0.08


Tree=32
num_leaves=31
num_cat=0
split_feature=45 45 45 45 45 45 43 45 43 43 19 42 18 45 42 41 42 14 1 14 45 45 35 41 43 14 26 41 34 37
split_gain=727.643 333.269 205.78 119.404 79.8255 59.0674 58.9044 46.599 45.5996 42.669 40.181 33.7192 36.633 31.6086 30.4407 28.1454 32.7506 27.0747 25.5291 24.6217 22.5453 22.0284 21.7845 20.1155 19.5661 18.6189 17.4978 17.4807 20.7966 17.3135
threshold=1.9253186583518984 7.4516913890838632 0.69482046365737926 3.6968303918838505 1.1961214542388918 9.1399879455566424 7.60522484779358 5.3146343231201181 5.2159273624420175 4.4165503978729257 1.3738494515419009 5.1294593811035165 2.1095744371414189 6.3803405761718759 0.53528106212615978 3.2052880525588994 2.9225490093231206 1.9134355783462527 86.750000000000014 0.35187394917011267 3.0307844877243046 4.801305055618287 0.017642974853515628 7.06469750404358 3.4398956298828129 0.634678214788437 8.730504512786867 6.2385666370391855 -2.3525085449218746 0.46894717216491705
decision_type=2 2 2 2 2 2 2 2 2 2 2 2 2 2 2 2 2 2 2 2 2 2 2 2 2 2 2 2 2 2
left_child=2 3 14 9 19 23 7 8 15 17 -10 -9 26 18 -1 -5 -17 20 -8 -4 24 -18 25 -3 -2 -6 -13 -15 -29 -14
right_child=1 5 4 6 22 -7 13 11 10 -11 -12 12 29 27 -16 16 21 -19 -20 -21 -22 -23 -24 -25 -26 -27 -28 28 -30 -31
leaf_value=-0.01202195690226259 0.0011735225249795312 0.062617714771265473 -0.0034019016375600544 0.040861205089702077 0.00038537987478297618 0.13872928126834688 -0.003797319011843605 0.077848418919434934 0.0085096505076093544 -0.015884745452106958 -0.021340909959318921 0.035232204763344314 -0.018256519118946581 0.03068596375734977 -0.0066056248934370926 0.042572494100489917 0.0071100092727717622 -0.010309825244057755 -0.053629643752561976 -0.0088639992375351001 0.0078442806155853261 0.026161620001312117 -0.0039415539320525727 0.034840047103396332 -0.0089822971162734078 -0.0053289803265122518 0.0092279633255246546 -0.024591936886547146 0.019190818838022709 0.024780468743379434
leaf_weight=2407 99704 9039 26392 4691 20758 7667 2215 5566 8603 4347 5079 26574 3390 2271 2297 5395 32680 7218 2039 6534 32425 9705 45062 6897 4865 5189 4185 2069 2091 2504
leaf_count=2407 99704 9039 26392 4691 20758 7667 2215 5566 8603 4347 5079 26574 3390 2271 2297 5395 32680 7218 2039 6534 32425 9705 45062 6897 4865 5189 4185 2069 2091 2504
internal_value=0.00075675 0.00284113 -0.00483042 0.00203717 -0.00408851 0.0119519 0.00392468 0.0044834 0.00315735 0.000524335 -0.000955302 0.00655995 0.00567602 -0.001741 -0.0211795 0.00422972 0.00364763 0.00075994 -0.00708255 -0.00734394 0.00101165 0.00289893 -0.00257818 0.00916594 0.00044005 -0.000731209 0.0067828 0.00179786 -0.00128537 -0.000101626
internal_weight=399858 291219 108639 267616 103935 23603 119057 108372 66153 148559 13682 42219 36653 10685 4704 52471 47780 144212 4254 32926 136994 42385 71009 15936 104569 25947 30759 6431 4160 5894
internal_count=399858 291219 108639 267616 103935 23603 119057 108372 66153 148559 13682 42219 36653 10685 4704 52471 47780 144212 4254 32926 136994 42385 71009 15936 104569 25947 30759 6431 4160 5894
is_linear=0
shrinkage=0.08


Tree=33
num_leaves=31
num_cat=2
split_feature=41 41 41 32 41 31 43 37 18 37 7 7 31 1 18 43 24 31 6 7 14 32 6 18 37 34 29 27 12 37
split_gain=517.191 175.825 139.53 66.7252 52.897 43.7791 43.0475 40.9186 33.555 30.2625 39.9936 29.0916 27.6601 26.2812 25.6551 24.1485 20.7163 20.687 20.2188 19.8971 19.7821 17.678 17.2885 20.3081 16.6128 16.3981 16.3764 16.2986 16.0851 16.0706
threshold=1.6509294509887698 5.1949126720428476 0.64482632279396068 789.04687500000011 1.0663091540336611 72.649261474609389 2.6592558622360234 -0.67000508308410633 2.2854192256927495 -0.40267062187194819 1.5000000000000002 1.5000000000000002 48.217626571655281 73.250000000000014 1.0181891322135928 6.5827245712280282 -2.5363464355468746 84.337593078613295 0 2.5000000000000004 0.30878221988677984 324.01763916015631 1 0.72145104408264171 -2.1198827028274532 1.4327697753906252 0.93406295776367199 1017.0366516113282 0.14262554049491885 -1.5682045817375181
decision_type=2 2 2 2 2 2 2 2 2 2 2 2 2 2 2 2 2 2 1 2 2 2 1 2 2 2 2 2 2 2
left_child=2 6 -1 7 16 25 20 15 9 12 27 -7 -8 -14 -9 -3 -4 28 -13 -16 -2 22 -22 -24 -15 -5 -18 -11 -6 -17
right_child=1 3 4 5 17 11 8 14 -10 10 -12 18 13 24 19 29 26 -19 -20 -21 21 -23 23 -25 -26 -27 -28 -29 -30 -31
leaf_value=-0.0097785093678240242 0.0061498237502659774 0.012746589632725725 -0.006969377600340527 -0.0019277299179940143 0.0010107407436733241 0.07689441542651107 0.0099320691122513211 0.050095908094973253 0.045924767606424374 0.017790248040175136 0.0044911842157812744 0.058263386219068958 0.0095381531712989357 -0.017478062135791853 0.023871516133997711 -0.023633729474622757 -0.0027955070997663345 -0.0052924154698889133 0.016976120834942918 0.0089292206847864184 0.0010555119094386933 0.00052683307205926067 -0.0017680543353939583 -0.0079056833823323291 -0.0031911594840411794 0.040571277313001149 -0.0054806798228974139 -0.0011285089698657026 -0.0026298934192332001 0.0022510408467561051
leaf_weight=3031 3035 10466 3976 3781 5145 6178 9376 4809 3871 22635 51365 10143 6406 3156 22744 3691 13905 10245 3124 11552 10778 88060 11902 6642 24123 2088 5558 2678 30394 4971
leaf_count=3031 3035 10466 3976 3781 5145 6178 9376 4809 3871 22635 51365 10143 6406 3156 22744 3691 13905 10245 3124 11552 10778 88060 11902 6642 24123 2088 5558 2678 30394 4971
internal_value=0.00071629 0.00206762 -0.00540961 0.00523499 -0.00467205 0.00866372 0.000983048 0.00374328 0.00203171 0.00179425 0.00274724 0.0104909 9.70491e-05 -0.000972845 0.00522613 0.000710628 -0.00776238 -0.00308861 0.00836785 0.00445636 -9.35006e-05 -0.000258621 -0.00195963 -0.00343891 -0.00205577 0.00260248 -0.00668105 0.00534929 -0.00217446 -0.00241236
internal_weight=399828 327574 72254 83547 69223 25314 244027 58233 123610 119739 76678 19445 43061 33685 39105 19128 23439 45784 13267 34296 120417 117382 29322 18544 27279 5869 19463 25313 35539 8662
internal_count=399828 327574 72254 83547 69223 25314 244027 58233 123610 119739 76678 19445 43061 33685 39105 19128 23439 45784 13267 34296 120417 117382 29322 18544 27279 5869 19463 25313 35539 8662
cat_boundaries=0 1 2
cat_threshold=4 3
is_linear=0
shrinkage=0.08


Tree=34
num_leaves=31
num_cat=1
split_feature=41 25 25 32 41 41 18 24 19 18 34 24 23 6 43 34 32 3 41 32 33 14 27 18 16 23 30 24 1 27
split_gain=434.515 168.501 128.581 60.8884 48.3195 44.0421 37.8872 32.6633 32.1778 27.2427 45.8764 34.0247 26.1915 24.6602 19.9178 19.7937 17.3342 17.1595 19.0721 15.8572 16.4857 15.5408 17.22 17.4155 14.9491 14.4071 14.1664 14.5066 13.9812 29.021
threshold=1.8386640548706057 7.0917656421661386 0.59965619444847118 832.01409912109386 1.1095124483108523 4.3706812858581552 1.8704151511192324 37.089904785156257 1.0053372979164126 1.9821470379829409 -3.4591369628906246 28.055053710937504 2.1327857971191411 0 7.4792280197143564 6.3920288085937509 147.87638854980472 5.2392070293426523 5.0858445167541513 185.29268646240237 20.214335441589359 0.25674045085906988 1004.7857971191407 0.57522821426391613 0.35838957130908972 1.063835144042969 312.43750000000006 1.0000000180025095e-35 77.750000000000014 1003.1991577148439
decision_type=2 2 2 2 2 2 2 2 2 2 2 2 2 1 2 2 2 2 2 2 2 2 2 2 10 2 2 2 2 2
left_child=2 5 12 8 19 7 13 15 -3 14 -11 -12 -1 -5 17 24 -6 -7 -19 -4 -21 -18 23 -23 -2 -26 27 -24 -27 -30
right_child=1 3 4 6 16 9 -8 -9 -10 10 11 -13 -14 -15 -16 -17 21 18 -20 20 -22 22 26 -25 25 28 -28 -29 29 -31
leaf_value=-0.010414755142502379 0.007853954456313126 0.04309241920237545 -0.0049194904831102093 0.048577618588143141 -0.0050821812129657126 0.018585425617941846 0.088536719653086168 0.010389321929843822 0.014242741972064651 0.030917636923390984 0.0040492038799205691 -0.023146823656871797 -0.0049435120865414977 0.0099144514696420053 -0.0099014654810251641 -0.0043290730009298709 0.00084525012735706898 0.011410371505985104 -0.015471166987566613 -0.0034743942747430625 -0.00039725704098521499 -0.0023830233302044412 -0.0067423705583542761 0.018113264575871178 0.0057863139065111114 0.0024734155201487427 -0.0050714231258043975 -0.0013896785555211721 0.01122584105756232 -0.0014541199409879235
leaf_weight=2623 4761 5094 8633 5777 5956 51493 8311 10467 16361 4723 7453 5165 2012 3604 2274 8384 8377 7092 2848 12595 4291 2643 2961 2037 23349 55316 12885 26465 8613 76926
leaf_count=2623 4761 5094 8633 5777 5956 51493 8311 10467 16361 4723 7453 5165 2012 3604 2274 8384 8377 7092 2848 12595 4291 2643 2961 2037 23349 55316 12885 26465 8613 76926
internal_value=0.000737774 0.00217563 -0.00410327 0.00707868 -0.00340921 0.0014615 0.0105525 0.000788815 0.00421058 0.00302006 0.000208634 -0.00230915 -0.0170721 0.00705569 0.00378518 0.000532367 -0.00219128 0.00405742 0.00101307 -0.00633397 -0.00490294 -0.00174943 -0.00231527 0.00228571 0.000720698 0.000592398 -0.0028246 -0.00185487 0.000287225 -0.000353715
internal_weight=399489 308011 91478 39147 86843 268864 17692 187816 21455 81048 17341 12618 4635 9381 63707 177349 61324 61433 9940 25519 16886 55368 46991 4680 168965 164204 42311 29426 140855 85539
internal_count=399489 308011 91478 39147 86843 268864 17692 187816 21455 81048 17341 12618 4635 9381 63707 177349 61324 61433 9940 25519 16886 55368 46991 4680 168965 164204 42311 29426 140855 85539
cat_boundaries=0 1
cat_threshold=4
is_linear=0
shrinkage=0.08


Tree=35
num_leaves=31
num_cat=13
split_feature=43 25 43 5 37 26 5 32 5 29 37 5 5 37 13 5 34 6 5 7 38 7 30 5 16 5 6 14 5 5
split_gain=341.348 156.32 124.251 74.3439 42.0489 41.4116 39.0283 34.5433 31.7956 28.6879 27.4361 35.4082 27.7166 26.9552 23.4079 23.3998 21.1825 22.873 23.9931 20.361 17.9857 18.2823 17.8977 17.042 15.7298 15.6006 14.5751 30.3383 20.0983 15.1462
threshold=1.7693828940391543 9.4159884452819842 0.85192504525184642 0 -0.027225077152252194 0.77836444973945629 1 677.36480712890636 2 0.50245666503906261 -0.15365928411483762 3 4 -2.4206204414367671 1.6382143497467043 5 -7.4246826171874991 6 7 1.5000000000000002 0.099257558584213271 1.5000000000000002 2240.6250000000005 8 0.38877026736736303 9 10 1.7745944857597353 11 12
decision_type=2 2 2 9 2 2 9 2 9 2 2 9 9 2 2 9 2 1 9 2 2 2 2 9 8 9 1 2 9 9
left_child=2 3 5 4 13 -1 9 10 -3 24 11 16 -12 -2 -10 20 -5 18 -18 -6 -9 -22 26 -21 -4 -8 27 28 -15 -28
right_child=1 8 6 7 19 -7 25 15 14 -11 12 -13 -14 22 -16 -17 17 -19 -20 23 21 -23 -24 -25 -26 -27 29 -29 -30 -31
leaf_value=-0.0091235295954614111 -0.019398584742950895 0.096542532710803292 6.3454051929743294e-05 0.0055037193253308645 0.023847013170231763 -0.0043083238831766214 -0.001264875259158429 0.0018470098982620443 0.057096902395127172 -0.0045531709588611594 0.00555320900185091 0.00020512531997979089 -0.0014583558778534745 -0.0039791862495248869 0.0085115765033718024 0.0022392887806497843 -0.0078183371694836006 -0.0046066713916256856 -0.022381001868215941 0.029650735877971235 0.022231352677247528 0.0093752584051087426 0.027267665343579994 0.0092842830452539004 -0.0046537304976209939 0.0024937213915594472 0.0023564908436913344 -0.023980712711564919 0.01537334367597544 0.014990497326497874
leaf_weight=2947 3413 6417 12182 3010 16232 11165 31454 9393 3279 23706 30029 31886 29785 5748 2840 44038 2287 11851 2790 10406 6208 12378 3702 22771 8810 10341 14900 2335 4188 19639
leaf_count=2947 3413 6417 12182 3010 16232 11165 31454 9393 3279 23706 30029 31886 29785 5748 2840 44038 2287 11851 2790 10406 6208 12378 3702 22771 8810 10341 14900 2335 4188 19639
internal_value=0.000662068 0.00201626 -0.00336948 0.00163408 0.00335043 -0.0103271 -0.00223322 0.000668028 0.0107572 -0.00387584 -0.00021317 -0.00156037 0.000954132 0.00180551 0.00657762 0.00203396 -0.00420283 -0.00530405 -0.00979007 0.00503652 0.00384228 0.00528501 0.00227069 0.00389851 -0.00172174 -0.000474949 0.00184622 -0.000522333 0.0014076 0.002687
internal_weight=400130 299525 100605 286989 103334 14112 86493 183655 12536 44698 111638 51824 59814 53925 6119 72017 19938 16928 5077 49409 27979 18586 50512 33177 20992 41795 46810 12271 9936 34539
internal_count=400130 299525 100605 286989 103334 14112 86493 183655 12536 44698 111638 51824 59814 53925 6119 72017 19938 16928 5077 49409 27979 18586 50512 33177 20992 41795 46810 12271 9936 34539
cat_boundaries=0 32 64 77 109 138 170 171 203 232 264 265 288 317
cat_threshold=1006 0 0 7984 0 0 106752 0 0 1208320 0 0 196608 0 0 1048576 0 0 0 0 0 0 12 0 0 0 0 0 128 0 0 81920 16 0 0 2048 0 0 90112 0 0 458752 0 0 50462720 0 0 805306368 0 0 536870912 3 0 2147483648 63 0 0 536 0 0 1232 0 0 17408 1 0 0 48 0 0 25344 0 0 929792 0 0 131072 0 0 0 128 0 0 2048 0 0 2981888 0 0 28835840 0 0 935329792 0 0 2952790016 2 0 0 1 0 0 76 0 0 80 0 0 8448 0 0 0 8384 0 0 151040 0 0 884736 0 0 30146560 0 0 408944640 0 0 939524096 0 0 0 34 0 0 9 0 0 1040 16 0 0 8320 0 0 7680 0 0 2981888 0 0 15990784 0 0 608174080 0 0 3388997632 0 0 2952790016 16 0 0 12 0 0 0 0 0 10240 4 0 0 0 128 0 0 2048 0 0 2883584 0 0 8388608 0 0 541065216 0 0 0 0 0 0 1 0 0 0 0 0 16 0 0 8192 448 0 0 7168 0 0 256 0 0 1052672 0 0 0 0 0 0 0 0 0 0 0 0 0 0 0 0 0 0 128 8 0 0 192 0 0 5120 0 0 1048576 0 0 8126464 0 0 186646528 0 0 3623878656 0 0 536870912 0 0 0 358 0 0 13088 0 0 2304 2 1002 0 0 4112 0 0 256 0 0 1069056 0 0 131072 0 0 0 0 0 0 0 0 0 12 64 0 0 1056 0 0 41216 0 0 1196032 0 0 196608 0 0 1048576 0 0 0 0 0 0 8 0 0 0 0 0 128
is_linear=0
shrinkage=0.08


Tree=36
num_leaves=31
num_cat=10
split_feature=5 25 25 5 25 32 37 32 18 28 18 5 36 37 5 37 35 5 5 26 36 5 28 5 28 5 8 19 13 10
split_gain=305.323 140.809 115.512 64.3207 41.3452 36.3184 35.4256 32.7389 31.1884 25.7807 25.7303 22.7625 22.5033 21.1267 19.4249 18.1974 17.4118 16.8265 16.1591 15.7778 15.6135 21.4046 18.0733 15.6542 13.6427 20.6129 13.3351 11.7732 13.8828 11.4502
threshold=0 9.6195292472839373 0.82800203561782848 1 0.53528106212615978 842.67639160156261 0.27181434631347662 398.95248413085943 1.9528043866157534 1006.3884277343751 2.4032551050186162 2 1.1744499206542971 -2.4206204414367671 3 -0.12883198261260984 1.8267631530761721 4 5 6.3152894973754892 5.337238311767579 6 1007.9509277343751 7 1001.0084228515626 8 9 1.4052914381027224 1.8032664656639101 2.1372601985931401
decision_type=9 2 2 9 2 2 2 2 2 2 2 9 2 2 9 2 2 9 9 2 2 9 2 9 2 9 1 2 2 2
left_child=2 3 4 6 -1 14 9 12 -3 -2 13 19 -4 -11 15 -5 -12 -8 -14 -7 21 -15 23 -22 25 -16 -9 28 -26 -17
right_child=1 8 7 5 -6 11 17 26 -10 10 16 -13 18 20 24 29 -18 -19 -20 -21 22 -23 -24 -25 27 -27 -28 -29 -30 -31
leaf_value=-0.0086120377921900908 0.022013626857432661 0.029117397829160084 -0.00080198823782413615 4.3026702096433669e-05 -0.0040293520067890224 0.0072497460084770364 0.030266107515535625 -0.0016586308102597381 0.092358705500373242 -0.020776373539111718 0.0034349807591974014 0.0038207399373027641 0.00023295685598209381 -0.0090499668419515272 0.030990202202547907 0.0057112204209990485 -0.030103087068903224 0.013627498853888191 -0.004185402184923164 0.033603067747412001 -0.011058000570301553 0.0081687299265215171 0.019237665508649231 0.014550290892965308 -0.00088521619224595231 -0.00044939655595472417 0.0018407422490213277 -0.013077568420312149 0.019406650278919104 0.031840815784276569
leaf_weight=3001 9763 4003 19018 25323 11349 11395 16163 31696 6724 2150 2028 21634 4082 6059 3255 25774 2259 15189 29330 5844 3061 9123 14450 4682 79617 6377 16138 4706 2047 3887
leaf_count=3001 9763 4003 19018 25323 11349 11395 16163 31696 6724 2150 2028 21634 4082 6059 3255 25774 2259 15189 29330 5844 3061 9123 14450 4682 79617 6377 16138 4706 2047 3887
internal_value=0.000719504 0.00211961 -0.00276811 0.00176844 -0.00947911 0.000949552 0.00359824 -0.00180705 0.0111074 0.00234805 0.00151887 0.0031299 -0.00318764 0.00215758 0.00038809 0.00158679 -0.00436118 0.00573433 -0.0044378 0.00529695 0.00260158 0.000624013 0.00395352 0.000833226 -0.000298682 0.00255549 -0.000293454 -0.000617273 -0.000392781 0.00293148
internal_weight=400127 285513 114614 274786 14350 189859 84927 100264 10727 53575 43812 38873 52430 39525 150986 54984 4287 31352 33412 17239 37375 15182 22193 7743 96002 9632 47834 86370 81664 29661
internal_count=400127 285513 114614 274786 14350 189859 84927 100264 10727 53575 43812 38873 52430 39525 150986 54984 4287 31352 33412 17239 37375 15182 22193 7743 96002 9632 47834 86370 81664 29661
cat_boundaries=0 32 61 93 125 135 167 177 190 216 217
cat_threshold=0 0 0 0 0 0 0 0 0 65536 0 0 52953088 0 0 838860800 0 0 4026531840 3 0 2147483648 51 0 0 542 0 0 496 0 0 1792 462 0 0 7984 0 0 106752 0 0 552960 0 0 65536 0 0 0 0 0 0 0 0 0 0 0 0 0 0 0 2048 48 0 0 64 0 0 7680 0 0 425984 0 0 12976128 0 0 5242880 0 0 234881024 0 0 1879048192 12 0 0 0 0 0 0 0 0 26624 545 0 0 8192 0 0 153088 0 0 1343488 0 0 131072 0 0 3145728 0 0 0 0 0 0 0 0 0 1 0 0 512 0 0 86016 448 0 0 7168 0 0 33024 0 0 552960 0 0 0 0 0 0 0 0 0 0 0 0 0 0 0 0 0 0 268435456 0 0 2147483648 0 0 0 528 0 0 256 0 0 512 6 0 0 1808 0 0 41216 0 0 524288 130 0 0 2048 0 0 98560 0 0 548864 0 0 65536 0 0 0 0 0 0 0 0 0 131072 0 0 13893632 0 0 150994944 0 0 0 0 0 0 0 0 0 160 2
is_linear=0
shrinkage=0.08


Tree=37
num_leaves=31
num_cat=9
split_feature=5 25 43 18 37 5 5 26 34 18 18 30 5 18 35 5 5 7 7 39 18 16 38 5 5 43 25 18 5 37
split_gain=261.591 136.45 88.6105 54.3852 51.5604 44.7611 41.0123 33.9099 24.526 37.6274 24.3067 23.8821 23.6773 21.0124 21.0074 21.545 21.3964 18.8079 17.4738 16.6305 16.5061 18.9243 19.9802 17.7234 16.5286 18.0701 15.591 15.5693 17.8186 15.2407
threshold=0 9.821540832519533 0.85192504525184642 0.76341196894645702 -0.027225077152252194 1 2 0.77836444973945629 -7.1247558593749991 0.93608015775680553 1.9528043866157534 1793.6875000000002 3 0.44048632681369787 0.37336349487304693 4 5 2.5000000000000004 2.5000000000000004 1.4555963277816775 1.0360862612724306 2.6046948432922368 1.3840570449829104 6 7 6.9513661861419687 3.3025386333465581 0.68211048841476452 8 -1.3801820278167722
decision_type=9 2 2 2 2 9 9 2 2 2 2 2 9 2 2 9 9 2 2 2 2 10 2 9 9 2 2 2 9 2
left_child=2 3 7 14 5 19 17 -1 12 13 -3 20 -4 -10 15 -2 -16 26 -8 29 -7 22 24 -23 -22 -26 -6 -15 -29 -5
right_child=1 10 8 4 6 11 18 -9 9 -11 -12 -13 -14 27 16 -17 -18 -19 -20 -21 21 23 -24 -25 25 -27 -28 28 -30 -31
leaf_value=-0.007655409775578095 0.0045112173585642127 0.030391930550265123 -0.0025197374095283463 -0.017344245473019423 0.0064346417752519794 0.0089880827850782382 0.0090744066846686795 -0.003696759143020323 -0.0025693626868855792 -0.015033558227735236 0.092555371776833512 0.020690606379346405 0.0043939133060053774 0.00081706572066904577 -0.0049498100927273646 -0.00044229264349767041 0.00051376372540776313 0.013112526395227798 0.0003971717581986667 0.020217868323313397 -0.008870946207251991 0.049526757625383201 0.018728739019230469 0.003917689833883067 0.0050702534230608887 -0.0216915347481825 0.033484458324733242 -0.0093461194043277466 -0.0012381298468592972 -0.0028942920616629488
leaf_weight=2905 18656 3267 9337 5216 5270 19132 35304 10596 40580 4198 6069 7817 12521 20371 17746 30866 20454 13946 17935 2136 10596 2201 5342 2439 17340 2926 21985 2910 7746 21765
leaf_count=2905 18656 3267 9337 5216 5270 19132 35304 10596 40580 4198 6069 7817 12521 20371 17746 30866 20454 13946 17935 2136 10596 2201 5342 2439 17340 2926 21985 2910 7746 21765
internal_value=0.000613641 0.00188442 -0.00268312 0.00156599 0.00232212 0.00102559 0.0036523 -0.00875583 -0.00184309 -0.00252377 0.0113931 0.00215209 0.000517651 -0.0020914 -8.34359e-05 0.0010038 -0.0014928 0.00554717 0.00218367 -0.00159728 0.00160971 0.000701033 8.39454e-05 0.00550538 -0.000698367 0.000640836 0.00677132 -0.000523891 -0.00300019 -0.00213627
internal_weight=399572 288408 111164 279072 191350 96910 94440 13501 97663 75805 9336 67793 21858 71607 87722 49522 38200 41201 53239 29117 59976 40844 36204 4640 30862 20266 27255 31027 10656 26981
internal_count=399572 288408 111164 279072 191350 96910 94440 13501 97663 75805 9336 67793 21858 71607 87722 49522 38200 41201 53239 29117 59976 40844 36204 4640 30862 20266 27255 31027 10656 26981
cat_boundaries=0 32 51 83 115 147 176 186 215 234
cat_threshold=0 0 0 0 0 0 0 0 0 65536 0 0 54001664 0 0 838860800 0 0 4026531840 3 0 2147483648 51 0 0 526 0 0 240 0 0 34560 112 0 0 64 0 0 17408 0 0 1884160 0 0 12845056 0 0 216006656 0 0 50331648 458 0 0 7552 0 0 126208 0 0 1896448 0 0 8388608 0 0 134217728 0 0 67108864 0 0 0 0 0 0 0 0 0 0 0 0 16384 0 0 0 0 0 0 0 0 0 0 0 0 0 0 0 838860800 0 0 0 3 0 2147483648 33 0 0 12 0 0 224 0 0 1024 0 0 0 64 0 0 3072 0 0 16384 0 0 262144 0 0 12582912 0 0 16777216 0 0 0 12 0 0 144 0 0 2560 0 0 75776 0 0 0 128 0 0 3072 0 0 0 0 0 262144 0 0 29360128 0 0 0 0 0 805306368 12 0 0 240 0 0 512 256 0 0 48 0 0 241920 0 0 135168 143 0 0 288 0 0 45568 0 0 131072 0 0 0 0 0 0 0 0 0 0 0 0 0 0 0 0 0 0 512 0 0 0 0 0 0 0 0 0 0 0 0 3145728 0 0 0 0 0 1073741824
is_linear=0
shrinkage=0.08


Tree=38
num_leaves=31
num_cat=0
split_feature=45 45 45 41 44 19 44 45 41 25 37 36 40 11 38 25 34 37 20 25 41 36 45 21 40 37 45 24 23 25
split_gain=383.547 187.086 159.415 64.1428 48.9755 55.8876 31.2702 36.3773 30.5996 29.3996 29.3316 27.3724 26.3299 23.4569 23.3415 22.6247 20.3683 23.4765 25.7444 19.4206 19.1287 19.2876 22.6157 17.3799 17.3478 16.3624 15.8917 15.3368 19.9695 14.4018
threshold=4.7609531879425058 8.9095306396484393 1.6266559362411501 0.64482632279396068 4.5334162712097177 1.0202302336692812 4.9027652740478525 3.0307844877243046 2.639912605285645 2.9225490093231206 -0.016645669937133786 1.9469261765480044 1.2760463953018191 1.4850554466247561 0.91496598720550548 2.2968491315841679 -2.9125976562499996 -0.088043689727783189 1.6195316314697268 9.2277550697326678 4.6973931789398202 65.824985504150405 7.0102374553680429 0.69383516907691967 0.12482446432113649 -0.8775799274444579 6.0281682014465341 1.5877075195312502 17.9022331237793 6.647775650024415
decision_type=2 2 2 2 2 2 2 2 2 2 2 2 2 2 2 2 2 2 2 2 2 2 2 2 2 2 2 2 2 2
left_child=2 4 3 -1 -2 14 7 12 -9 -10 20 24 -4 -8 25 -14 -11 18 -18 26 -7 -22 -23 -17 -5 -6 29 -13 -29 -12
right_child=1 -3 6 11 5 10 13 8 9 16 19 27 15 -15 -16 23 17 -19 -20 -21 21 22 -24 -25 -26 -27 -28 28 -30 -31
leaf_value=-0.0068833339623653143 0.044953050469585865 0.093201627737494727 0.00025048491848489007 0.0015578142964889974 -0.0055530282295475431 0.0343886613176589 -0.0042668422834664013 0.023880791125568426 0.014826755418225491 0.0070008302327530993 0.014208207950291154 -0.0053018427258622386 -0.0011998507608968368 -0.028175828995665349 0.036182712931124947 -0.0021076378218256144 -0.0032627725544443821 0.0042723102646461883 -0.032608524305322184 -0.016175051675033265 0.0028237007805575589 -0.036009934365813123 0.0096158711900293167 -0.015844806604385059 -0.0016457896420257524 0.021261831584470665 0.033006681108225425 -0.0015490955810705477 -0.0043428896149516573 -0.018000666537262403
leaf_weight=3038 8807 9357 119029 4195 2460 2054 6214 4942 15674 22670 10868 7902 12783 3209 11319 3552 12034 18454 3716 2552 16907 4246 2143 6610 18356 8515 14465 20097 21939 2106
leaf_count=3038 8807 9357 119029 4195 2460 2054 6214 4942 15674 22670 10868 7902 12783 3209 11319 3552 12034 18454 3716 2552 16907 4246 2143 6610 18356 8515 14465 20097 21939 2106
internal_value=0.000605313 0.00501978 -0.000784038 -0.00397077 0.00385555 0.00321334 0.000267631 0.000461467 0.00185548 0.00143995 0.00185037 -0.00349219 -0.00029947 -0.00424255 0.00659433 -0.00278022 0.000594192 -0.000638335 -0.00290609 0.00354322 -0.000152997 -0.000806659 -0.00454759 -0.00559575 -0.00117814 0.00395995 0.00416409 -0.00453672 -0.00392713 0.00212877
internal_weight=400213 95799 304414 75527 86442 77635 228887 219464 77490 72548 55341 72489 141974 9423 22294 22945 56874 34204 15750 29991 25350 23296 6389 10162 22551 10975 27439 49938 42036 12974
internal_count=400213 95799 304414 75527 86442 77635 228887 219464 77490 72548 55341 72489 141974 9423 22294 22945 56874 34204 15750 29991 25350 23296 6389 10162 22551 10975 27439 49938 42036 12974
is_linear=0
shrinkage=0.08


Tree=39
num_leaves=31
num_cat=12
split_feature=41 42 24 5 6 42 38 5 5 41 29 32 5 5 15 33 24 5 18 18 5 6 29 7 33 5 36 5 38 5
split_gain=212.74 120.932 67.0363 57.4937 42.0537 36.4953 34.1401 36.391 32.9784 31.6213 26.4475 26.4391 25.7672 24.4155 21.2053 19.7797 23.1385 33.0625 29.7806 17.8764 17.814 16.2698 21.497 14.8039 14.3157 13.7403 13.239 13.7755 12.4087 25.0196
threshold=1.8648651838302615 9.821540832519533 1.5877075195312502 0 1 0.59965619444847118 0.63507372140884411 2 3 7.1377074718475351 0.25120162963867193 667.65911865234386 4 5 2.1805369853973393 27.434304237365726 28.055053710937504 6 1.7939454913139345 0.72402828931808483 7 8 0.51923751831054699 1.5000000000000002 18.493632316589359 9 52.212238311767585 10 -1.5773334503173826 11
decision_type=2 2 2 9 1 2 2 9 9 2 2 2 9 9 10 2 2 9 2 2 9 1 2 2 2 9 2 9 2 9
left_child=2 3 5 4 6 -1 7 26 10 14 -4 12 21 -13 -3 16 17 -6 20 -15 -18 22 -5 -8 -20 -10 27 -2 -9 -30
right_child=1 9 8 11 15 -7 23 28 25 -11 -12 13 -14 19 -16 -17 18 -19 24 -21 -22 -23 -24 -25 -26 -27 -28 -29 29 -31
leaf_value=-0.007985775090854956 0.050368634858291551 0.051059189219724035 -0.00019067431178427797 0.0059095903653131471 0.018812099962372281 -0.0043241227598168402 0.041180649307548799 0.010051397320194005 0.0080816858762038195 0.095170165596777351 -0.0034512026641879689 0.0091366625333989936 0.0015561474967473021 -0.0027121661633781624 -0.00019173184017050814 0.022679235927566738 -0.0021464535937319785 0.0014792855975190422 -0.00057402799352619389 0.0056126910021697006 0.0084729430508681154 -0.0038534879317150407 -0.010796659734150662 0.029144230415977485 -0.019586563975606899 -0.00040021448823786 0.0090586740428522279 0.022707597757199664 0.005446370912162735 -0.019407986043851553
leaf_weight=2335 2053 2861 12363 8137 16409 13537 4299 4176 2370 4479 28693 29691 68907 16095 2094 2608 13528 17148 2403 28751 12344 39782 2408 8847 3937 35327 2808 4563 3157 3238
leaf_count=2335 2053 2861 12363 8137 16409 13537 4299 4176 2370 4479 28693 29691 68907 16095 2094 2608 13528 17148 2403 28751 12344 39782 2408 8847 3937 35327 2808 4563 3157 3238
internal_value=0.000584739 0.00161367 -0.00272859 0.00132862 0.00287065 -0.00747009 0.00520913 0.00312622 -0.00177215 0.0105252 -0.00334015 0.000520458 -0.000218376 0.00170228 0.00610272 0.00173604 0.0014646 0.00293443 -6.70349e-05 0.000523336 0.00113747 -0.00159414 0.0011983 0.00837641 -0.00497638 -6.31015e-05 0.00673443 0.00869303 -0.000100085 -0.00231382
internal_weight=399348 304723 94625 295289 101518 15872 33141 19995 78753 9434 41056 193771 119234 74537 4955 68377 65769 33557 32212 44846 25872 50327 10545 13146 6340 37697 9424 6616 10571 6395
internal_count=399348 304723 94625 295289 101518 15872 33141 19995 78753 9434 41056 193771 119234 74537 4955 68377 65769 33557 32212 44846 25872 50327 10545 13146 6340 37697 9424 6616 10571 6395
cat_boundaries=0 32 33 65 97 129 161 193 209 210 242 274 297
cat_threshold=974 0 0 8112 0 0 107776 0 0 2125824 0 0 196608 0 0 1048576 0 0 0 0 0 0 22 0 0 0 0 0 0 0 0 10240 4 974 0 0 6704 0 0 8192 0 0 0 0 0 0 0 0 0 0 0 0 0 0 0 0 0 0 0 0 0 0 0 0 10240 16 0 0 192 0 0 1024 0 0 3342336 0 0 33947648 0 0 813694976 0 0 2164260864 3 0 2684354560 38 0 0 272 0 0 80 0 0 7936 16 0 0 0 0 0 4096 0 0 196608 0 0 28835840 0 0 654311424 0 0 2046820352 1 0 2952790016 8 0 0 224 0 0 368 0 0 33024 16 0 0 8192 0 0 23040 0 0 2031616 0 0 49283072 0 0 893386752 0 0 3388997632 0 0 4026531840 9 0 0 0 0 0 0 0 0 4096 456 0 0 7168 0 0 34048 0 0 20480 0 0 0 0 0 0 0 0 0 0 0 0 4 0 0 0 0 0 0 0 0 2048 904 0 0 6800 0 0 1024 0 0 4096 0 0 196608 0 0 1048576 2 0 0 0 0 0 0 0 0 0 40960 0 0 0 0 0 139460608 0 0 436207616 0 0 1073741824 0 0 0 128 0 0 0 0 0 24576 772 0 0 6144 0 0 0 0 0 0 0 0 0 0 0 0 0 0 0 0 0 0 0 0 0 0 0 0 0 0 0 8192 0 0 0 1152 0 0 98304 0 0 2097152 0 0 65536 0 0 1048576 0 0 0 0 0 0 18
is_linear=0
shrinkage=0.08


Tree=40
num_leaves=31
num_cat=9
split_feature=45 45 45 25 21 25 45 25 41 34 5 16 25 5 38 40 34 5 5 45 36 38 45 5 11 9 5 5 35 5
split_gain=319.403 188.685 93.5738 44.3242 49.4138 39.5425 28.9349 37.0745 35.4952 36.1135 32.3373 28.8048 26.7804 25.6328 25.2778 25.2645 24.6564 35.1874 30.4327 19.6712 19.1976 19.0886 18.4853 21.9113 19.1096 17.4865 28.6798 18.0402 17.1311 18.3394
threshold=3.9864615201950078 8.9095306396484393 1.3512168526649477 3.5066237449646001 1.0034844279289248 0.53528106212615978 5.76631784439087 5.7451350688934335 5.6188020706176767 -2.3107604980468746 0 1.4874269366264345 7.2811863422393808 1 2.3484723567962651 0.21998867392539981 -2.9549255371093746 2 3 7.7240025997161874 38.041591644287116 0.81521284580230724 2.0833728313446049 4 0.19290273636579516 5 6 7 10.704517364501955 8
decision_type=2 2 2 2 2 2 2 2 2 2 9 8 2 9 2 2 2 9 9 2 2 2 2 9 2 1 9 9 2 9
left_child=2 3 5 -2 13 -1 12 -8 -9 10 -10 -11 16 -5 22 -7 18 -18 -6 -12 -19 -15 24 -24 -4 26 -25 -27 29 -13
right_child=1 -3 14 4 6 15 7 8 9 11 19 28 -14 21 -16 -17 17 20 -20 -21 -22 -23 23 25 -26 27 -28 -29 -30 -31
leaf_value=-0.0062392077703025128 0.039343105869921527 0.081268261937371647 0.0020581193696882849 0.0056994010603355254 0.028193062778156773 -0.00091682122033368344 0.069984667345083906 0.032782452410609245 0.0091261010629115798 -0.019331687019285226 -0.038302988069933569 0.045777656036777185 -0.036845944187782802 0.014860444436541692 -0.021522862742804367 -0.0038600313256814435 -0.019127619411869398 0.0092222321701287864 -0.0011486434847024541 -0.00067237774163924518 -0.017308137246439551 0.030969841823138076 -0.0099179278818389439 -0.016372509457967376 -0.001895008524961508 0.0071463809287632832 0.0037704688374047058 0.0009480096399932281 -0.0098213652144573879 0.018138271651246464
leaf_weight=3121 8298 9280 6703 8115 6353 23079 3741 8918 6103 2009 4254 4324 2188 11936 2145 24222 8928 14098 6620 2224 3772 10680 7187 3402 70635 17102 3704 110106 2069 4643
leaf_count=3121 8298 9280 6703 8115 6353 23079 3741 8918 6103 2009 4254 4324 2188 11936 2145 24222 8928 14098 6620 2224 3772 10680 7187 3402 70635 17102 3704 110106 2069 4643
internal_value=0.000605197 0.00388992 -0.000950718 0.0030343 0.00261206 -0.00406012 0.00156702 0.00315707 0.00233605 0.000822281 -0.00223493 0.0037702 0.0001158 0.00533945 -0.000241093 -0.00348291 0.000590734 -0.000795285 0.00345221 -0.0061619 0.00125433 0.00672204 -0.000156181 0.00038739 -0.00115064 0.000617863 -0.00323884 0.000833779 0.00537389 0.00688649
internal_weight=399959 128553 271406 119273 110975 50422 80244 38285 34544 25626 12581 13045 41959 30731 220984 47301 39771 26798 12973 6478 17870 22616 218839 141501 77338 134314 7106 127208 11036 8967
internal_count=399959 128553 271406 119273 110975 50422 80244 38285 34544 25626 12581 13045 41959 30731 220984 47301 39771 26798 12973 6478 17870 22616 218839 141501 77338 134314 7106 127208 11036 8967
cat_boundaries=0 13 45 74 103 135 136 162 194 204
cat_threshold=776 0 0 14368 0 0 258048 0 0 1077248 0 0 16973824 512 0 0 4160 0 0 16896 0 0 2830336 0 0 18874368 0 0 939524096 0 0 838860800 0 0 1879048192 0 0 0 465 0 0 10240 0 0 45056 125 0 0 864 0 0 21504 0 0 393216 0 0 29360128 0 0 0 0 0 0 0 0 0 0 0 0 160 0 0 5120 251 0 0 7728 0 0 115712 0 0 430080 0 0 29360128 0 0 135266304 0 0 0 0 0 0 0 0 0 96 0 0 10240 0 0 0 2560 0 0 122880 0 0 786432 0 0 0 0 0 0 0 0 0 0 0 0 0 0 0 0 0 0 64 0 0 256 8 282 0 0 12432 0 0 138752 0 0 40960 0 0 17170432 0 0 593494016 0 0 100663296 0 0 0 0 0 0 384 984 0 0 8576 0 0 135424 0 0 2101248 0 0 33619968 0 0 872415232 0 0 0 1 0 0 60 0 0 8 0 0 0 0 0 6144 775 0 0 4944 0 0 258048 0 0 786432
is_linear=0
shrinkage=0.08


Tree=41
num_leaves=31
num_cat=0
split_feature=45 45 45 26 45 43 25 34 45 44 44 38 43 34 14 27 36 45 36 11 45 27 14 14 28 14 13 45 14 12
split_gain=283.751 164.77 63.8906 42.8374 38.5469 40.6926 33.7465 37.0968 33.6802 31.5478 31.2146 35.1483 30.2297 29.3928 27.8192 21.2111 33.1541 21.1695 20.6274 19.4186 18.47 18.0693 21.0775 17.8023 17.7099 15.7961 16.5114 15.4077 24.9734 18.1881
threshold=8.5082440376281756 3.4606611728668217 1.3512168526649477 9.958867549896242 5.8175532817840585 6.5018188953399667 2.9459589719772343 -3.0847778320312496 9.4040422439575213 4.0495524406433114 5.2040221691131601 0.94141626358032238 0.58850550651550304 -2.3107604980468746 0.34522970020771032 1002.8308715820314 6.8764686584472665 4.8847477436065683 39.294719696044929 1.3800234198570254 6.5194196701049814 1005.6685180664064 0.7244437336921693 2.017263770103455 1007.8684387207032 1.5209206342697146 0.73536464571952831 2.5318642854690556 1.3133305311203005 0.29569424688816076
decision_type=2 2 2 2 2 2 2 2 2 2 2 2 2 2 2 2 2 2 2 2 2 2 2 2 2 2 2 2 2 2
left_child=1 2 12 4 5 6 -3 18 -2 15 -6 13 -1 -12 -14 -4 21 25 -8 -5 -21 22 -17 -7 -19 26 -9 29 -29 -23
right_child=8 3 9 19 10 23 7 17 -10 -11 11 -13 14 -15 -16 16 -18 24 -20 20 -22 27 -24 -25 -26 -27 -28 28 -30 -31
leaf_value=-0.0055937071750607583 0.038392203047559512 0.027701300201595034 0.0054342398735031236 0.0072715262046460262 0.080883799007839055 -0.00066857536023860579 0.0093815662830257027 0.016170547898879947 0.097311145471802085 -0.015598093808794653 -0.0089990547980792011 0.032249609110381654 -0.001078454650751568 0.018786765024333026 -0.0053870359512829188 0.0012439630053689176 -0.002880745978677348 -0.0077905306788169076 0.026803496456168734 -0.045844794316284451 -0.0086382947476111843 0.0018105192187076336 -0.014445482458974613 -0.034101260507578071 0.017343934697038817 -0.0084755152337332353 -0.0015762628085620278 0.0072438876075633556 -0.0045307039602992026 -0.0011283390207169263
leaf_weight=3083 6211 8562 15099 3014 3012 2943 21687 4326 6279 4754 7427 17646 34275 11512 13000 2596 67235 3941 7923 2379 3017 20948 2322 2858 13307 15200 13777 24939 7891 48584
leaf_count=3083 6211 8562 15099 3014 3012 2943 21687 4326 6279 4754 7427 17646 34275 11512 13000 2596 67235 3941 7923 2379 3017 20948 2322 2858 13307 15200 13777 24939 7891 48584
internal_value=0.000587907 0.000204975 -0.00105436 0.00236718 0.00271451 0.00183638 0.00226094 0.00175051 0.0124512 -0.000396341 0.00480976 0.00416286 -0.00359355 0.0017679 -0.00309147 -0.00023478 -0.000483713 0.00043314 0.00399865 -0.00316865 -0.00603774 0.000389225 -0.00434253 -0.0046498 0.00270715 -0.000745054 0.000851322 0.000616966 0.00204507 -5.75192e-05
internal_weight=399747 387257 244726 142531 134121 94524 88723 80161 12490 194368 39597 36585 50358 18939 47275 189614 174515 50551 29610 8410 5396 107280 4918 5801 17248 33303 18103 102362 32830 69532
internal_count=399747 387257 244726 142531 134121 94524 88723 80161 12490 194368 39597 36585 50358 18939 47275 189614 174515 50551 29610 8410 5396 107280 4918 5801 17248 33303 18103 102362 32830 69532
is_linear=0
shrinkage=0.08


Tree=42
num_leaves=31
num_cat=10
split_feature=3 42 41 43 41 29 34 5 5 5 41 29 5 15 19 42 5 15 5 5 43 5 27 27 36 5 5 38 0 14
split_gain=138.482 78.3627 64.5082 27.1481 26.2899 25.3324 39.4734 32.0388 27.9948 24.0562 23.4663 23.0276 26.1115 21.3917 22.0662 30.1216 18.8105 18.6696 15.558 13.4669 15.9858 21.3712 13.1766 25.6415 16.9098 20.8089 18.1997 16.373 13.6224 13.4696
threshold=46.068517684936531 10.068286418914797 1.0471854805946352 4.4565498828887948 7.219494342803956 0.33594131469726568 -1.7885437011718748 0 1 2 0.64482632279396068 0.99384689331054699 3 3.651838064193726 0.94717320799827587 7.3810763359069833 4 0.29178078472614294 5 6 7.7304489612579355 7 1002.6428527832032 1008.8302307128907 25.810718536376957 8 9 -0.57415378093719471 24.250000000000004 1.0775085091590884
decision_type=2 2 2 2 2 2 2 9 9 9 2 2 9 8 2 2 9 10 9 9 2 9 2 2 2 9 9 2 2 2
left_child=1 11 10 5 -3 6 9 22 -8 -4 -2 13 -13 14 15 18 -5 -12 -1 20 -16 -22 28 24 25 -24 -26 -25 -7 -29
right_child=2 4 3 16 -6 7 8 -9 -10 -11 17 12 -14 -15 19 -17 -18 -19 -20 -21 21 -23 23 27 26 -27 -28 29 -30 -31
leaf_value=0.002212432414996184 -0.0052414130978224848 0.02474799957137808 0.0091595846356888801 0.023170663417621997 0.084225926268725146 0.024573215564844757 0.0019301996761055308 -0.0029849249068330951 -0.0023132343731346516 0.0015477704643843727 -0.0011486985065585476 0.0048607889056825121 0.039728700649764505 0.05108884285246397 0.0090390472765084339 0.034063916688145068 0.0052282717498781748 -0.0047032659780235162 0.012972564432124188 1.4017082974593366e-05 0.014730183901944489 -0.021722879749681175 -0.016609672631574951 0.0082368941901175847 0.013661099533333401 -0.0021952382362413658 -0.0056504718328065631 0.0011690287230633702 0.00076342672536087173 -0.0094532372686951232
leaf_weight=21164 3071 4130 12194 4034 3583 2744 19917 64035 35909 20427 15459 6603 7824 2439 41099 4097 8507 6529 11297 51408 3404 4103 2885 8491 2163 3053 5107 16888 3340 4131
leaf_count=21164 3071 4130 12194 4034 3583 2744 19917 64035 35909 20427 15459 6603 7824 2439 41099 4097 8507 6529 11297 51408 3404 4103 2885 8491 2163 3053 5107 16888 3340 4131
internal_value=0.000561487 0.00237365 -0.000661046 -0.00021091 0.010237 -0.000435979 0.000577682 -0.00123052 -0.000714235 0.00278815 -0.00450038 0.00197774 0.00501905 0.00166176 0.00152875 0.00321046 0.00339893 -0.00358214 0.0023929 0.000913781 0.00186814 -0.00152454 0.000313793 -0.00018255 -0.00311091 -0.00627438 -0.000521978 0.00112873 0.0037939 -6.94279e-05
internal_weight=400035 161151 238884 213825 7713 201284 88447 112837 55826 32621 25059 153438 14427 139011 136572 36558 12541 21988 32461 100014 48606 7507 48802 42718 13208 5938 7270 29510 6084 21019
internal_count=400035 161151 238884 213825 7713 201284 88447 112837 55826 32621 25059 153438 14427 139011 136572 36558 12541 21988 32461 100014 48606 7507 48802 42718 13208 5938 7270 29510 6084 21019
cat_boundaries=0 32 64 96 116 145 171 184 194 213 235
cat_threshold=8 0 0 0 0 0 1024 0 0 49152 0 0 1900544 0 0 31457280 0 0 402653184 0 0 1610612736 8 0 0 193 0 0 15968 0 0 118784 8 0 0 128 0 0 2048 0 0 1048576 0 0 16842752 0 0 282066944 0 0 1191182336 3 0 2147483648 14 0 0 1012 0 0 96 0 0 68608 8 0 0 0 0 0 5120 0 0 3227648 0 0 33947648 0 0 106954752 0 0 1577058304 2 0 0 13 0 0 56 0 0 1344 0 0 8960 796 0 0 992 0 0 37888 0 0 3473408 0 0 27328512 0 0 1048576 0 0 1090519040 1 24 0 0 192 0 0 3072 0 0 49152 0 0 37224448 0 0 0 0 0 67108864 0 0 0 2 0 0 257 0 0 4480 18 0 0 240 0 0 202240 0 0 2236416 0 0 18874368 0 0 204472320 0 0 3254779904 0 0 0 0 0 0 128 970 0 0 7440 0 0 98560 0 0 339968 0 0 65536 522 0 0 1296 0 0 32768 0 0 327680 0 0 0 0 0 0 0 0 0 49152 0 0 262144 0 0 31457280 0 0 402653184 0 0 0 0 0 0 1024 0 0 49152 0 0 0 0 0 2097152 0 0 134217728 0 0 1610612736
is_linear=0
shrinkage=0.08


Tree=43
num_leaves=31
num_cat=14
split_feature=45 45 32 29 5 5 41 45 45 43 5 5 43 5 5 20 5 6 5 5 5 41 5 14 5 23 43 45 43 5
split_gain=246.706 130.441 48.8127 39.2806 44.3479 38.7712 37.518 34.5755 25.4845 47.1647 43.8801 33.4263 31.4179 34.6878 25.1493 25.0379 22.2844 20.4426 36.0265 28.9883 18.8604 18.2681 17.5832 15.9093 17.4326 15.8128 14.4813 19.115 14.3726 16.0377
threshold=8.5082440376281756 3.6026744842529301 130.1257247924805 0.37452316284179693 0 1 3.1558406352996831 9.710975646972658 5.76631784439087 6.4223074913024911 2 3 8.4114546775817889 4 5 1.5153313279151919 6 7 8 9 10 7.3129923343658456 11 0.87461262941360485 12 28.206638336181644 3.9046931266784672 4.9262657165527353 3.4973257780075078 13
decision_type=2 2 2 2 9 9 2 2 2 2 9 9 2 9 9 2 9 1 9 9 9 2 9 2 9 2 2 2 2 9
left_child=1 2 -1 5 -5 -4 16 20 9 11 -11 26 13 -10 -14 -12 -3 18 -7 23 -2 -15 -6 -19 -25 -16 -8 -28 -13 -30
right_child=7 6 3 4 22 17 8 -9 12 10 15 28 14 21 25 -17 -18 19 -20 -21 -22 -23 -24 24 -26 -27 27 -29 29 -31
leaf_value=-0.0036195444819573709 0.047218296656092847 0.046611113557572283 -0.0030758867494277099 -0.0046851750864328866 0.0013212628986405228 0.012829673203979208 0.025019462474224739 0.097863519029693508 0.031969712495242317 0.012163280194233482 -0.0095468143015991387 0.012323127557369506 0.016800748928805263 0.014002838500320677 -0.025816362032050046 -0.053716079274902066 0.012481849036863011 -0.00017172733103857141 0.0016362964792726543 0.0023153028691635224 0.019721967818311283 -0.017152346025178174 -0.0018041359687632453 -0.011932986930831944 -0.0029789247496182902 0.0028113679449770501 0.00068557849224725408 0.022766569239359668 -0.01010376459425693 0.002019481368786229
leaf_weight=15580 4153 3225 24765 24626 30659 8329 8065 4714 18894 2192 2003 9698 3775 16075 3258 2545 3057 21761 18904 28731 3666 2724 70454 3196 5187 2197 9810 7753 9049 30326
leaf_count=15580 4153 3225 24765 24626 30659 8329 8065 4714 18894 2192 2003 9698 3775 16075 3258 2545 3057 21761 18904 28731 3666 2724 70454 3196 5187 2197 9810 7753 9049 30326
internal_value=0.000522959 0.000164923 -0.000908478 -0.000622765 -0.00159063 0.000474915 0.00217532 0.011565 0.00187951 0.00102368 -0.00538074 0.00160217 0.00336437 0.00438851 -0.000818182 -0.00984238 0.00820725 0.00127717 0.00308883 0.000438407 0.00828458 0.00195016 -0.000848586 -0.00129426 -0.00425354 -0.00428493 0.00394261 0.00265293 0.000378465 -0.00030113
internal_weight=399371 386838 252192 236612 125739 110873 134646 12533 128364 81441 6740 74701 46923 37693 9230 4548 6282 86108 27233 58875 7819 18799 101113 30144 8383 5455 25628 17563 49073 39375
internal_count=399371 386838 252192 236612 125739 110873 134646 12533 128364 81441 6740 74701 46923 37693 9230 4548 6282 86108 27233 58875 7819 18799 101113 30144 8383 5455 25628 17563 49073 39375
cat_boundaries=0 32 64 93 125 151 180 209 210 242 274 287 319 351 383
cat_threshold=0 0 0 15632 0 0 127488 0 0 1777664 0 0 25165824 0 0 806354944 0 0 33554432 3 0 0 4 0 0 16 0 0 80 0 0 1792 369 0 0 528 0 0 122880 0 0 917504 0 0 35127296 0 0 807403520 0 0 2432696320 0 0 0 0 0 0 768 0 0 12352 0 0 50688 523 0 0 1312 0 0 63488 0 0 65536 0 0 0 0 0 1048576 0 0 33554432 0 0 536870912 0 0 0 97 0 0 7168 148 0 0 14480 0 0 67840 0 0 1871872 0 0 34603008 0 0 134217728 0 0 3221225472 0 0 0 14 0 0 624 0 0 896 0 0 8192 495 0 0 7232 0 0 125952 0 0 1327104 0 0 17039360 0 0 0 0 0 16777216 0 0 536870912 4 0 0 128 793 0 0 9008 0 0 201216 0 0 135168 0 0 2228224 0 0 0 0 0 0 0 0 0 0 0 0 0 0 0 512 0 0 0 2048 0 0 154624 0 0 647168 0 0 46006272 0 0 551550976 0 0 2197815296 0 0 3221225472 4 0 0 0 0 0 4992 2 516 0 0 12384 0 0 4096 0 0 2101248 0 0 16842752 0 0 100663296 0 0 201326592 2 0 2147483648 44 0 0 240 0 0 3968 0 0 77824 516 0 0 4160 0 0 4096 0 0 2162688 0 0 14811136 0 0 251658240 0 0 738197504 2 0 3758096384 0 0 0 81 0 0 3856 0 0 4352 211 0 0 7984 0 0 77824 0 0 131072 0 0 29491200 833 0 0 512 0 0 131328 0 0 262144 0 0 5832704 0 0 203423744 0 0 419430400 0 0 1610612736 0 0 0 384 0 0 15392 0 0 118784 512 0 0 0 0 0 0 0 0 0 0 0 0 0 0 251658240 0 0 671088640 0 0 3221225472 0 0 0 1 0 0 2304 0 0 256 1 0 0 96 0 0 151552 0 0 2162688 0 0 21757952 0 0 616562688 0 0 536870912 0 0 1342177280 0 0 0 2 0 0 0 0 0 53248
is_linear=0
shrinkage=0.08


Tree=44
num_leaves=31
num_cat=0
split_feature=45 45 29 26 45 25 18 45 10 43 38 27 27 45 25 20 38 16 11 27 45 29 24 24 27 25 34 16 36 17
split_gain=244.402 111.4 39.4268 35.6709 36.0171 37.0556 41.9192 33.4708 33.1828 31.7729 22.8467 22.7599 35.6286 24.884 21.6498 21.5032 20.9982 26.0697 20.8699 19.7293 18.4077 17.9348 17.6469 16.7678 18.8502 16.1706 15.9972 18.9853 16.8762 15.3131
threshold=8.5082440376281756 3.1697384119033818 0.49153900146484381 9.8140048980712908 4.801305055618287 4.6045868396759042 2.1325036287307744 9.710975646972658 2.5435798168182377 4.6337907314300546 0.31153851747512823 1003.9756774902345 1009.6897583007814 1.3130736351013186 0.68570536375045787 1.3911546468734743 0.96770799160003673 1.2219315171241762 1.6075171232223513 1010.1472473144532 6.5194196701049814 0.22066116333007815 -1.5173034667968748 28.199584960937504 1008.9243774414064 2.1227046251297002 -0.83972167968749989 0.42348986864089971 4.4474601745605478 2.0518630743026738
decision_type=2 2 2 2 2 2 2 2 2 2 2 2 2 2 2 2 2 8 2 2 2 2 2 2 2 2 2 10 2 8
left_child=1 2 14 4 9 -6 16 -2 10 25 -8 -4 -13 22 -1 -11 17 -7 -5 23 -20 -21 -14 -19 -25 -3 28 -28 -16 -27
right_child=7 3 11 18 5 6 8 -9 -10 15 -12 12 13 -15 26 -17 -18 19 20 21 -22 -23 -24 24 -26 29 27 -29 -30 -31
leaf_value=-0.0036966010128493209 0.035790567931641204 0.02786497695427478 0.0013789026125109061 0.0019927265117295257 0.039760975578123095 -0.011558894293021709 -0.028879597325360395 0.089755668042696468 0.022300123356304598 0.00034068815569374247 0.0044815708129842769 -0.005470957685439517 -0.0044474559196455866 -0.00026780074987200477 0.0032803417674480695 -0.018955971557257013 0.02284151010553254 -0.009607765508237831 -0.045034833019751204 0.00058959844759217002 -0.0099475209923924977 0.034413659181537708 -0.0014080655273771203 0.0034106545030870451 0.032377621597909967 0.0057250319695942411 0.00091409675026239874 -0.002088384121612039 -0.00044142049420447193 -0.0073121059748106629
leaf_weight=2528 7791 3084 14247 4852 7669 3797 4686 4755 3340 8948 2712 32293 4844 36836 28302 6244 23139 5606 2210 3132 2553 9254 15949 6623 3091 50975 21301 48870 22093 8325
leaf_count=2528 7791 3084 14247 4852 7669 3797 4686 4755 3340 8948 2712 32293 4844 36836 28302 6244 23139 5606 2210 3132 2553 9254 15949 6623 3091 50975 21301 48870 22093 8325
internal_value=0.000493377 0.000137441 -0.00100153 0.00175276 0.00205437 0.00332909 0.00271112 0.0114782 -0.00185709 0.000853762 -0.00484341 -0.00214688 -0.00261753 -0.00142508 -3.21679e-05 -0.002426 0.00360902 0.00226383 -0.00296935 0.00311589 -0.00672533 0.00548887 -0.00363698 0.00119504 0.00320444 0.00165272 0.000121749 -0.000659153 0.00120901 0.00135829
internal_weight=400049 387503 227263 160240 150625 73049 65380 12546 10738 77576 7398 104169 89922 57629 123094 15192 54642 31503 9615 27706 4763 12386 20793 15320 9714 62384 120566 70171 50395 59300
internal_count=400049 387503 227263 160240 150625 73049 65380 12546 10738 77576 7398 104169 89922 57629 123094 15192 54642 31503 9615 27706 4763 12386 20793 15320 9714 62384 120566 70171 50395 59300
is_linear=0
shrinkage=0.08


Tree=45
num_leaves=31
num_cat=12
split_feature=45 45 42 41 41 45 29 5 5 45 44 5 5 5 5 27 27 5 5 18 5 5 5 11 44 38 5 45 24 27
split_gain=210.21 94.4519 36.5366 38.3833 34.839 32.2155 28.5391 35.6573 30.8766 28.1642 30.5759 26.337 25.8205 21.6471 21.0291 18.4412 35.8747 35.5512 23.4032 17.3637 16.9764 16.5151 16.5101 15.3515 15.0516 17.204 22.9567 18.8052 16.3698 16.3551
threshold=8.5082440376281756 3.726290345191956 3.47669529914856 3.3167605400085454 0.82436266541481029 9.710975646972658 0.33594131469726568 0 1 4.6807901859283456 8.6546297073364276 2 3 4 5 1002.8308715820314 1009.4597778320314 6 7 2.2969126701354985 8 9 10 1.7638465166091921 4.6234810352325448 0.5991884469985963 11 7.2158546447753915 29.307998657226566 1010.3123474121095
decision_type=2 2 2 2 2 2 2 9 9 2 2 9 9 9 9 2 2 9 9 2 9 9 9 2 2 2 9 2 2 2
left_child=1 4 13 14 -1 -2 8 -8 -6 11 12 -5 19 -3 -4 21 18 -18 -17 -11 -12 -9 -10 -15 -14 26 29 28 -27 -26
right_child=5 2 3 9 6 -7 7 15 22 10 20 -13 24 23 -16 16 17 -19 -20 -21 -22 -23 -24 -25 25 27 -28 -29 -30 -31
leaf_value=-0.0027623623970954017 0.030940689713432834 0.037692258482033808 0.044285379375457498 -0.017613201411117069 -0.0027401181490680315 0.083877259634191861 -0.0039731295515032803 0.014622444607077369 9.9879410142715848e-05 0.022053719043586641 0.0049586008304672189 0.0006848770212334632 0.022782191466862091 0.0005290900037649138 0.015081771137900119 -0.0072517894656488483 0.0051513207022835369 -0.0012354937523318043 -0.0014392279968672029 -0.0005215559523608171 -0.025150512038335366 -0.00011280840716112462 0.0029745898487555777 0.039858649551798513 -0.025241550399199557 -0.00036023106660229234 0.005469674203660446 0.03627749482518567 0.02506661143367701 0.0044040176123585264
leaf_weight=9377 7835 5710 2895 5749 25242 4732 29921 4967 43497 22062 2786 23026 5566 4135 4033 17249 17806 44258 17125 4470 4564 7663 41661 2039 5331 13472 12587 3849 3966 2782
leaf_count=9377 7835 5710 2895 5749 25242 4732 29921 4967 43497 22062 2786 23026 5566 4135 4033 17249 17806 44258 17125 4470 4564 7663 41661 2039 5331 13472 12587 3849 3966 2782
internal_value=0.000518477 0.000188345 0.00195641 0.0015273 -0.000693264 0.0106973 -0.000513154 -0.00127584 0.000447061 0.00116385 0.001924 -0.00098732 0.00241231 0.00618127 0.00729893 -0.000604283 -0.000980839 0.000167542 -0.00305375 0.00441097 -0.00299457 0.00226899 0.00117542 0.00287375 0.00129527 0.000776722 -0.000865282 0.0023731 0.00125401 -0.00417804
internal_weight=400355 387788 129022 117138 258766 12567 249389 138989 110400 110210 81435 28775 74085 11884 6928 109068 96438 62064 34374 26532 7350 12630 85158 6174 47553 41987 20700 21287 17438 8113
internal_count=400355 387788 129022 117138 258766 12567 249389 138989 110400 110210 81435 28775 74085 11884 6928 109068 96438 62064 34374 26532 7350 12630 85158 6174 47553 41987 20700 21287 17438 8113
cat_boundaries=0 32 64 96 125 157 186 218 250 279 305 337 369
cat_threshold=128 0 0 15632 0 0 123392 0 0 1581056 0 0 25165824 0 0 806354944 0 0 33554432 3 0 0 6 0 0 52 0 0 16 0 0 3328 369 0 0 512 0 0 122880 0 0 983040 0 0 1572864 0 0 301989888 0 0 285212672 0 0 0 17 0 0 64 0 0 15872 0 0 50688 194 0 0 112 0 0 27648 0 0 2146304 0 0 786432 0 0 79691776 0 0 570425344 0 0 0 0 0 0 0 0 0 0 0 0 102400 462 0 0 5120 0 0 124928 0 0 835584 0 0 33554432 0 0 0 0 0 0 0 0 805306368 0 0 0 0 0 0 256 646 0 0 15472 0 0 13056 0 0 12288 0 0 196608 0 0 134217728 0 0 16777216 0 0 268435456 0 0 0 192 0 0 16000 0 0 4096 192 0 0 2048 0 0 29696 0 0 2416640 0 0 50200576 0 0 545259520 0 0 2248146944 0 0 2147483648 12 0 0 0 0 0 4992 337 0 0 128 0 0 131328 0 0 180224 0 0 7143424 0 0 132120576 0 0 1006632960 0 0 3221225472 0 0 0 0 0 0 14336 0 0 81920 17 0 0 128 0 0 133120 0 0 131072 0 0 3080192 0 0 197132288 0 0 1946157056 0 0 805306368 32 0 0 10 0 0 13056 0 0 73728 153 0 0 2352 0 0 135936 0 0 131072 0 0 19005440 0 0 0 0 0 0 0 0 0 0 0 0 128 0 0 3584 0 0 0 0 0 0 0 0 0 98304 0 0 8257536 0 0 159383552 0 0 1073741824 0 0 536870912 0 0 0 962 128 0 0 16 0 0 512 0 0 45056 0 0 48234496 0 0 758120448 0 0 2684354560 2 0 4026531840 32 0 0 643 0 0 176 0 0 256 48 0 0 560 0 0 5632 0 0 2301952 0 0 17039360 0 0 136314880 0 0 50331648 0 0 0 8 0 0 1 0 0 4608 0 0 65536
is_linear=0
shrinkage=0.08


Tree=46
num_leaves=31
num_cat=12
split_feature=5 42 32 16 28 5 5 37 36 5 5 18 5 9 21 32 5 38 39 18 42 43 19 9 5 9 38 38 5 28
split_gain=81.4429 52.8364 42.3757 25.816 23.3758 21.0964 21.0136 20.1784 19.5792 17.0285 16.4065 17.4056 14.8858 26.9278 14.0023 13.7539 19.2276 13.1937 12.7007 15.9036 15.4362 12.1363 11.8555 11.4553 11.3697 9.98578 9.51912 9.4767 20.1345 9.44724
threshold=0 10.689398765563967 130.1257247924805 3.3143917322158818 1006.3884277343751 1 2 0.053837835788726814 0.75960159301757824 3 4 2.1325036287307744 5 6 1.6012952923774721 870.55575561523449 7 1.0814232826232912 1.4196718931198122 1.234726130962372 6.9069082736969003 0.58850550651550304 0.77334371209144603 8 9 10 1.9399567842483523 -1.5317596793174741 11 1007.9509277343751
decision_type=9 2 2 8 2 9 9 2 2 9 9 2 9 1 2 2 9 2 2 2 2 2 2 1 9 1 2 2 9 2
left_child=1 3 21 4 5 14 8 12 -4 -5 -9 22 18 -14 -1 -8 25 23 19 -6 27 -2 -12 -7 -23 -17 -24 -21 -29 -15
right_child=2 -3 6 9 7 17 15 10 -10 -11 11 -13 13 29 -16 16 -18 -19 -20 20 -22 24 26 -25 -26 -27 -28 28 -30 -31
leaf_value=0.025930519450406139 -0.0049712738883719411 0.058021503296083382 0.00082546909041762988 0.0076686254113324638 0.0019126639004299762 -0.0037334475128384882 5.5697851832456899e-05 0.019576749296681108 -0.0020299576549892184 0.065695847514691333 0.010417304886659481 -0.015449330463484259 -0.019248732698319417 -0.0013753867107037898 0.012693047523737136 0.028449635946137156 0.00096079415816999972 0.015897222837798104 0.015212479670958175 -0.0070192806011637734 0.010154433004812464 -0.0064630704811918195 0.0063689659090588081 0.011148342880440367 -0.0018656083041550353 0.0064426062360190177 -0.0099521071419134272 -0.0056538473154981884 -0.030135574216643299 0.0078875205557736115
leaf_weight=8285 2016 4069 19294 2092 6049 7942 161556 8246 46210 2761 3037 2263 3475 6196 5148 2670 23403 5605 2020 3832 2052 2006 19455 2673 11350 10877 3155 2583 3370 16398
leaf_count=8285 2016 4069 19294 2092 6049 7942 161556 8246 46210 2761 3037 2263 3475 6196 5148 2670 23403 5605 2020 3832 2052 2006 19455 2673 11350 10877 3155 2583 3370 16398
internal_value=0.000458088 0.00219439 -0.000292195 0.0018814 0.001633 0.00355797 -5.43898e-05 0.000937656 -0.00129662 0.00758791 0.00235138 0.00142213 -0.000174405 0.00108322 0.00590054 0.000355621 0.00174784 0.00161084 -0.00182074 -0.00250112 -0.00420528 -0.00437394 0.0020166 -4.70588e-05 -0.00349544 0.00414388 0.00138462 -0.00552731 -0.00752306 0.00209251
internal_weight=400088 120706 279382 116637 111784 29653 264010 82131 65504 4853 36156 27910 45975 26069 13433 198506 36950 16220 19906 17886 11837 15372 25647 10615 13356 13547 22610 9785 5953 22594
internal_count=400088 120706 279382 116637 111784 29653 264010 82131 65504 4853 36156 27910 45975 26069 13433 198506 36950 16220 19906 17886 11837 15372 25647 10615 13356 13547 22610 9785 5953 22594
cat_boundaries=0 32 42 74 103 119 135 136 168 169 201 202 212
cat_threshold=458 0 0 16176 0 0 129792 0 0 421888 0 0 196608 0 0 4194304 0 0 0 0 0 0 0 0 0 0 0 0 2048 0 0 67584 66 0 0 7216 0 0 123648 0 0 286720 0 0 0 0 0 0 0 0 0 65536 0 0 50331648 0 0 838860800 0 0 2952790016 3 0 0 52 0 0 514 0 0 208 0 0 1280 0 0 0 3600 0 0 768 0 0 290816 0 0 196608 0 0 4194304 0 0 0 0 0 0 0 0 0 0 0 0 2048 192 0 0 1280 0 0 256 0 0 4096 0 0 0 0 0 4194304 64 0 0 2336 0 0 61952 0 0 417792 0 0 131072 0 0 4194304 8 48 0 0 64 0 0 132096 0 0 1572864 0 0 15990784 0 0 1048576 0 0 1308622848 0 0 4026531840 8 0 0 8 0 0 256 0 0 41472 40 0 0 0 192 0 0 0 0 0 0 0 0 0 0 0 538968064 0 0 33554432 2 0 2147483648 9 0 0 68 0 0 0 0 0 8448 7 0 0 0 2048 0 0 32768 0 0 401408
is_linear=0
shrinkage=0.08


Tree=47
num_leaves=31
num_cat=2
split_feature=3 42 16 6 32 37 22 41 6 7 16 33 24 33 17 44 21 31 27 37 39 33 3 38 1 27 24 41 3 27
split_gain=72.163 48.646 37.4744 34.6442 34.5186 29.4754 26.419 24.7403 21.7846 19.8741 18.9423 18.7437 23.9073 21.4216 32.303 17.7846 17.0059 15.9278 15.1768 16.1722 15.0107 14.8786 33.5173 18.2802 13.2785 12.7118 19.2391 14.1179 12.5595 12.4955
threshold=59.292148590087898 10.689398765563967 3.7207881212234502 0 171.58024597167972 -0.67000508308410633 0.0042915344238281259 7.3129923343658456 1 2.5000000000000004 1.3199290037155154 18.650303840637211 7.1423645019531259 15.356735706329347 0.77791693806648265 0.52650097012519848 0.96137091517448436 82.612632751464858 1007.6045227050782 -2.4206204414367671 0.77141776680946361 15.961344242095949 3678.0776367187505 -0.097280204296112047 80.250000000000014 1002.4497680664064 29.698760986328129 2.9025443792343144 2848.6591796875005 1009.7322692871095
decision_type=2 2 8 1 2 2 2 2 1 2 10 2 2 2 10 2 2 2 2 2 2 2 2 2 2 2 2 2 2 2
left_child=1 2 3 5 15 10 8 -3 21 -7 -1 13 -13 28 -15 -2 -5 -12 -18 -20 25 -6 23 -23 -16 27 -27 -8 -10 -11
right_child=4 7 -4 16 6 9 20 -9 11 29 17 12 -14 14 24 -17 18 -19 19 -21 -22 22 -24 -25 -26 26 -28 -29 -30 -31
leaf_value=-0.014999331661295221 -0.0052125346443484943 0.02095647168107 0.045308457243875555 0.0043009649269999794 -0.011276124462597186 0.017583481264283253 0.0053776378931527629 0.073999183934546978 0.0007977213585040532 0.0014697090925223223 0.014714301801907102 0.017079263096631384 0.0027037671875410128 0.00087106016976086671 -0.00228988269968057 -0.0019725571170219956 0.01233392732314658 -0.0031040341770114921 -0.020879440283072145 -0.0011978680912175222 0.0060520535691800962 0.0010572025800150975 0.023022949874888177 -0.005783469690684777 -0.013266254943503109 -0.00085747884302757706 -0.0041968953166627012 -0.0097351450145062128 0.015265545246932036 0.033935741805553227
leaf_weight=2127 2114 2465 4055 29871 2074 25346 8821 2223 4140 10295 5426 4544 37607 9234 2475 20665 9015 8434 3079 61159 8673 7209 2247 7346 3572 81917 27031 2703 2289 2003
leaf_count=2127 2114 2465 4055 29871 2074 25346 8821 2223 4140 10295 5426 4544 37607 9234 2475 20665 9015 8434 3079 61159 8673 7209 2247 7346 3572 81917 27031 2703 2289 2003
internal_value=0.000419573 0.00169877 0.00146425 0.0012675 -0.000482633 0.00291626 -0.000164423 0.00972329 0.000951575 0.00413874 3.87573e-05 0.00165714 0.00264083 -0.000252302 -0.00188215 -0.00344113 0.000409525 0.00111896 -0.000246509 -0.000677998 -0.000879408 -0.00143522 -0.000644778 -0.00205012 -0.00642232 -0.00111087 -0.00137815 0.00141495 0.00361857 0.00149821
internal_weight=400159 165498 160810 156755 234661 53631 211882 4688 82737 37644 15987 63861 42151 21710 15281 22779 103124 13860 73253 64238 129145 18876 16802 14555 6047 120472 108948 11524 6429 12298
internal_count=400159 165498 160810 156755 234661 53631 211882 4688 82737 37644 15987 63861 42151 21710 15281 22779 103124 13860 73253 64238 129145 18876 16802 14555 6047 120472 108948 11524 6429 12298
cat_boundaries=0 1 2
cat_threshold=4 1
is_linear=0
shrinkage=0.08


Tree=48
num_leaves=31
num_cat=4
split_feature=44 41 7 24 34 6 16 0 34 6 23 38 0 28 6 34 30 41 14 1 33 35 12 36 44 23 38 29 33 6
split_gain=65.3544 37.8717 36.9073 26.3523 19.2911 25.8598 15.6126 26.4573 25.146 21.3164 19.1985 14.9893 15.3933 13.3463 26.6471 19.8273 16.9502 16.7698 16.2263 13.1887 12.9776 17.1427 12.7126 16.7849 11.7957 10.7715 19.2232 10.5847 10.4889 17.7954
threshold=7.3646566867828378 1.8648651838302615 1.5000000000000002 0.55941772460937511 6.3920288085937509 0 2.494617342948914 18.250000000000004 -3.2203674316406246 1 27.064136505126957 -2.1600595712661739 13.250000000000002 1009.9296875000001 2 -2.4807434082031246 522.06250000000011 8.2561988830566424 2.9085813760757451 84.750000000000014 26.917439460754398 0.25987625122070318 0.23616825044155124 1.9469261765480044 10.044636726379396 -5.5520515441894522 -0.13895806670188901 0.99914169311523449 14.876351833343508 3
decision_type=2 2 2 2 2 1 8 2 2 1 2 2 2 2 1 2 2 2 2 2 2 2 2 2 2 2 2 2 2 1
left_child=1 3 24 -1 6 -6 20 9 -9 19 -11 -12 -13 14 16 -16 -4 18 -18 -8 25 -22 23 -5 -2 26 -3 -27 -28 -30
right_child=2 4 13 22 5 -7 7 8 -10 10 11 12 -14 -15 15 -17 17 -19 -20 -21 21 -23 -24 -25 -26 27 28 -29 29 -31
leaf_value=-0.0029814454994351912 0.021840438580275557 0.012083260354618633 -0.015914405378752362 0.0015838827764544838 -0.001081992502844189 -0.016443295731544537 0.014677551779277955 0.017385292081775711 -0.014822294058553958 0.047954658390683809 0.022492436249590186 -0.030023740956023559 0.0089294440399655534 0.043826517831314096 0.00044204898322952602 -0.046700886791778362 0.01765569601755276 0.0579423669672601 -0.015504991186934021 0.075316035461823444 0.010176538703380249 -0.0026846917172643537 -0.0017782891386964427 -0.00056953396317815041 0.053508921878030476 0.00015019683845888922 0.015249407986877976 0.0089318945585271786 0.010067316891885128 -0.012560697088058403
leaf_weight=14568 8916 7687 2288 12507 6551 2039 2514 2004 3880 2663 2284 2241 2211 2008 3809 2018 9040 2159 2093 3050 10180 3735 44620 22973 2500 202899 2077 8139 2677 3956
leaf_count=14568 8916 7687 2288 12507 6551 2039 2514 2004 3880 2663 2284 2241 2211 2008 3809 2018 9040 2159 2093 3050 10180 3735 44620 22973 2500 202899 2077 8139 2677 3956
internal_value=0.000376421 6.07993e-05 0.00368704 -0.00131646 0.000542325 -0.00318605 0.000664589 0.00276454 -0.00177808 0.00455086 0.00221467 -5.92944e-05 -0.00276109 0.00186724 0.00128029 -0.0033282 0.00300513 0.00410164 0.00284484 0.00846705 0.000483096 0.00285386 -0.000746973 0.000383207 0.00741467 0.000337928 0.00231243 0.000184413 -0.000261468 -0.00181544
internal_weight=400286 365455 34831 94668 270787 8590 262197 20847 5884 14963 9399 6736 4452 23415 21407 5827 15580 13292 11133 5564 241350 13915 80100 35480 11416 227435 16397 211038 8710 6633
internal_count=400286 365455 34831 94668 270787 8590 262197 20847 5884 14963 9399 6736 4452 23415 21407 5827 15580 13292 11133 5564 241350 13915 80100 35480 11416 227435 16397 211038 8710 6633
cat_boundaries=0 1 2 3 4
cat_threshold=10 5 4 1
is_linear=0
shrinkage=0.08


Tree=49
num_leaves=31
num_cat=12
split_feature=45 45 44 25 45 26 5 37 5 5 5 5 32 35 5 5 5 25 28 5 40 26 25 5 45 11 5 5 27 20
split_gain=162.837 75.9721 29.6096 29.1783 26.4203 43.0775 27.69 33.6409 26.6678 26.0329 25.2415 19.6261 17.379 16.2259 26.1962 22.7366 16.138 15.8006 15.456 14.4375 14.2061 14.0081 13.6791 12.7842 12.4977 11.9503 11.314 11.1356 10.8899 12.1027
threshold=9.4040422439575213 3.758478164672852 4.711250066757203 3.4169460535049443 7.0102374553680429 9.16650438308716 0 -0.92015421390533436 1 2 3 4 130.1257247924805 0.017642974853515628 5 6 7 0.59965619444847118 1007.0246887207032 8 1.6557807922363283 10.447816371917726 9.6195292472839373 9 5.3146343231201181 1.7393844127655032 10 11 1010.9788208007814 1.6699774861335757
decision_type=2 2 2 2 2 2 9 2 9 9 9 9 2 2 9 9 9 2 2 9 2 2 2 9 2 2 9 9 2 2
left_child=1 2 9 11 5 6 -5 19 20 17 -7 -3 27 15 -15 -14 -9 -1 23 28 -6 -22 -10 -17 -18 -13 -26 -11 29 -8
right_child=-2 3 -4 4 8 10 7 16 22 12 -12 25 13 14 -16 18 24 -19 -20 -21 21 -23 -24 -25 26 -27 -28 -29 -30 -31
leaf_value=-0.0041044999093319753 0.059922268772284182 0.035629546330107759 -0.020511178731114212 -0.0042264128775325819 -0.019207092901323081 -0.045818063316277351 -0.0089544503661635761 0.01924271173642577 0.031139620923197064 -0.0049520637834571503 -0.0046382149893320346 -7.0685672046337801e-05 0.0036916122647670637 -0.0023222706167623209 0.00042277634374179309 0.013001102041786892 0.0038685056443424769 -0.0020712634565621534 -0.00080679520807667158 0.0060485630095634593 0.020317243174580498 -0.014503660316150545 0.0005992283482301275 0.0012975272039618213 0.02287814835008568 0.037480931583750259 0.0074323557980747173 -0.0010315760541349884 0.0050415565537435822 -0.033697674664918693
leaf_weight=2232 6235 4725 2679 21029 2519 2927 3824 11557 12006 4247 4866 3753 20894 57961 84431 3194 24831 27617 43641 5438 4814 2017 2300 7432 10987 2006 9306 6150 2024 2412
leaf_count=2232 6235 4725 2679 21029 2519 2927 3824 11557 12006 4247 4866 3753 20894 57961 84431 3194 24831 27617 43641 5438 4814 2017 2300 7432 10987 2006 9306 6150 2024 2412
internal_value=0.000387238 0.000183988 -0.000611007 0.00173692 0.00139093 0.000817853 0.00130478 0.00206565 0.00379278 -0.000523876 -0.00488786 0.00578616 -0.000232838 -8.00688e-05 -0.000582014 0.000870815 0.00292568 -0.00274465 6.99983e-06 -0.0014911 0.000465315 0.0023593 0.00596119 0.00274163 0.00223994 0.00262675 0.00371275 -0.00342654 -0.0035942 -0.00525136
internal_weight=400054 393819 260478 133341 122857 99201 91408 70379 23656 257799 7793 10484 227950 217553 142392 75161 56681 29849 54267 13698 9350 6831 14306 10626 45124 5759 20293 10397 8260 6236
internal_count=400054 393819 260478 133341 122857 99201 91408 70379 23656 257799 7793 10484 227950 217553 142392 75161 56681 29849 54267 13698 9350 6831 14306 10626 45124 5759 20293 10397 8260 6236
cat_boundaries=0 32 51 83 115 147 173 205 234 253 285 314 346
cat_threshold=33 0 0 112 0 0 135680 0 0 2228224 0 0 20971520 0 0 150994944 0 0 536870912 0 0 1073741824 0 0 0 257 0 0 9216 0 0 126976 612 0 0 256 0 0 1792 0 0 1904640 0 0 14876672 0 0 135266304 0 0 16777216 128 0 0 3600 0 0 123392 0 0 794624 0 0 0 0 0 268435456 0 0 0 2 0 0 0 0 0 512 0 0 192 0 0 34560 1020 0 0 14912 0 0 73728 0 0 1126400 0 0 21168128 0 0 136314880 0 0 16777216 0 0 0 2 0 0 16 0 0 128 0 0 32768 642 0 0 15568 0 0 13056 0 0 77824 0 0 196608 0 0 134217728 0 0 16777216 0 0 268435456 0 0 0 208 0 0 7936 0 0 36864 4 0 0 12288 0 0 2048 0 0 1101824 0 0 50397184 0 0 726663168 0 0 1711276032 1 0 268435456 22 0 0 119 0 0 0 12352 0 0 137216 0 0 3149824 0 0 16842752 0 0 721420288 0 0 536870912 1 0 2147483648 54 0 0 508 0 0 32 0 0 67584 132 0 0 0 0 0 100352 0 0 557056 0 0 35389440 0 0 545259520 0 0 3288334336 0 0 2147483648 12 0 0 80 0 0 128 478 0 0 6272 0 0 115712 0 0 1847296 0 0 44040192 0 0 3145728 0 0 50331648 16 0 0 0 0 0 1024 0 0 212992 0 0 36044800 0 0 73400320 0 0 1476395008 0 0 0 1 0 0 0 0 0 1024 0 0 8192 74 0 0 4096 0 0 25856 0 0 1339392 0 0 0 0 0 1048576 0 0 50331648 0 0 536870912 0 0 0 32 0 0 2560 0 0 0 128 0 0 0 0 0 0 0 0 0 0 0 540016640 0 0 301989888 1 0 2147483648 9 0 0 68 0 0 48 0 0 10240
is_linear=0
shrinkage=0.08


Tree=50
num_leaves=31
num_cat=4
split_feature=42 32 18 16 19 6 0 16 27 16 6 37 7 9 29 7 20 36 0 27 18 33 27 6 30 10 16 17 13 10
split_gain=50.2928 37.4409 20.1462 20.0768 27.1 21.9103 31.4578 28.1734 22.4168 21.7937 20.8832 19.7484 20.1663 19.2296 16.8279 18.1335 15.9069 15.8581 14.7955 15.9216 14.1705 20.5673 19.5639 21.0116 16.0817 15.0887 17.354 22.054 14.0689 12.4645
threshold=10.347094535827638 330.87295532226568 2.1325036287307744 1.4652947783470156 1.380482077598572 0 17.750000000000004 3.7207881212234502 1005.1331176757814 2.8293644189834599 1 -1.5682045817375181 2.5000000000000004 2 0.27907943725585943 1.5000000000000002 1.6699774861335757 0.27894973754882818 16.750000000000004 1010.1472473144532 2.1325036287307744 17.03135967254639 1009.8577270507814 3 629.31250000000011 2.6509888172149663 2.4292155504226689 2.0310996770858769 1.223392188549042 1.4983196258544924
decision_type=2 2 2 8 2 1 2 8 2 8 1 2 2 1 2 2 2 2 2 2 2 2 2 1 2 2 10 10 2 2
left_child=1 -1 -2 4 14 13 7 11 -8 -10 -6 12 16 18 -3 -16 -7 -13 19 -5 22 -22 23 25 -24 26 27 -19 -23 -21
right_child=2 3 -4 5 10 6 8 -9 9 -11 -12 17 -14 -15 15 -17 -18 20 -20 29 21 28 24 -25 -26 -27 -28 -29 -30 -31
leaf_value=-0.0010758785430088657 0.0075193716066680061 0.0019719058067052763 0.056504313910936972 0.003004648496944662 -0.00045117112762532941 0.00091686143618588292 0.013618107302544962 0.046905884348628073 -0.0010558608844738471 -0.018706770106318701 -0.023051894062386554 -0.0047839345612389738 0.020229321650095323 -0.021837144814107472 0.0016976754832617358 -0.0015719536257772226 -0.029275275233594078 0.020454449007159071 0.010125730851578254 -0.0041516177552074754 0.026638127512438388 -0.017003756265553456 0.018507920791882047 -0.0041628284520574344 0.044514907136166751 -0.0044047992048883702 0.062245976907100119 -0.01805352485072028 0.006663108437669543 -0.024685079278609905
leaf_weight=80359 2372 70251 3826 6768 3796 2383 8002 3291 14024 3634 3844 4304 2589 4038 49435 70905 2455 9367 8361 2707 5407 3091 9284 6428 5459 2127 2156 2037 4719 2024
leaf_count=80359 2372 70251 3826 6768 3796 2383 8002 3291 14024 3634 3844 4304 2589 4038 49435 70905 2455 9367 8361 2707 5407 3091 9284 6428 5459 2127 2156 2037 4719 2024
internal_value=0.000439351 0.000326557 0.00758376 0.000722157 0.000234765 0.00156473 0.00213204 0.00306726 -0.000239969 -0.00183156 -0.00443399 0.00268215 -0.00118596 -0.00059035 0.000422138 -0.000152223 -0.00423267 0.00321058 0.000434608 -0.00142671 0.00361106 0.00136236 0.00441684 0.00290983 0.0066739 0.0044859 0.00547089 0.00421938 -0.00126343 -0.00498207
internal_weight=399443 393245 6198 312886 198231 114655 90757 65097 25660 17658 7640 61806 7427 23898 190591 120340 4838 54379 19860 11499 50075 13217 36858 22115 14743 15687 13560 11404 7810 4731
internal_count=399443 393245 6198 312886 198231 114655 90757 65097 25660 17658 7640 61806 7427 23898 190591 120340 4838 54379 19860 11499 50075 13217 36858 22115 14743 15687 13560 11404 7810 4731
cat_boundaries=0 1 2 3 4
cat_threshold=2 6 50 5
is_linear=0
shrinkage=0.08


Tree=51
num_leaves=31
num_cat=13
split_feature=5 28 5 32 16 5 35 5 5 20 5 16 5 33 5 28 28 5 9 17 5 29 33 25 26 15 28 5 24 5
split_gain=48.5429 37.4852 28.1104 24.7091 21.0925 24.2364 19.781 27.4989 24.2237 19.6774 24.4857 21.8379 23.9703 16.9849 31.482 17.106 16.528 14.084 14.6012 10.9506 10.5746 10.2574 10.1884 10.0518 9.85988 9.88278 9.6927 9.96002 9.21025 8.98398
threshold=0 1005.6621704101564 1 130.1257247924805 3.1015723943710332 2 0.023365020751953128 3 4 1.3166527152061465 5 1.4652947783470156 6 17.782464027404789 7 1010.8690795898439 1007.1265563964845 8 9 1.2201220393180849 10 0.84360504150390636 26.767680168151859 10.689398765563967 0.77836444973945629 0.21228175610303882 999.21154785156261 11 27.742218017578129 12
decision_type=9 2 9 2 8 9 2 9 9 2 9 10 9 2 9 2 2 9 1 10 9 2 2 2 2 8 2 9 2 9
left_child=1 2 23 24 9 -6 8 26 22 10 -3 12 -11 15 -15 17 20 -13 -19 -18 -10 -4 -5 -1 -2 -26 27 -8 -20 -21
right_child=3 4 21 6 5 -7 7 -9 16 11 -12 13 -14 14 -16 -17 19 18 28 29 -22 -23 -24 -25 25 -27 -28 -29 -30 -31
leaf_value=0.032535728201561927 -0.0041305989513217177 0.017022659578158097 0.00078956609345551601 0.0031046602188069053 0.051200064458852952 0.0002853026061317099 0.011708208192860496 0.00049411981418493237 0.013264296620355132 -0.026583887277007424 0.0018892474668611393 0.021749435668859365 -0.0015184683175395719 0.0068921165777771874 -0.011243028499687072 0.037085064359475464 -0.00032383478766314424 -0.021224678444502345 -0.010804688491379224 -0.012582356846969747 0.0019245146025232884 0.016240144564994879 0.013082628038079597 0.075878027254126193 0.00095149960524409049 -0.002629275954748358 -0.0023442956489425006 -0.0026759562514543857 0.018682642734300998 -0.0044211368698600581
leaf_weight=5392 2127 9958 6603 29971 3093 2668 2389 107589 2940 3134 29223 5743 5693 12601 13341 2219 34344 3482 2021 2115 9684 9955 2353 2070 2406 10972 63616 4063 3637 4800
leaf_count=5392 2127 9958 6603 29971 3093 2668 2389 107589 2940 3134 29223 5743 5693 12601 13341 2219 34344 3482 2021 2115 9684 9955 2353 2070 2406 10972 63616 4063 3637 4800
internal_value=0.000373102 0.00171266 0.00454099 -0.000206379 0.00101071 0.00570092 -2.39508e-05 -0.000506453 0.000970342 0.00071336 0.00206629 -0.000308784 -0.0039312 0.000434803 -0.000855425 0.0023913 -6.86418e-05 0.0014114 -0.000541485 -0.000843733 0.00246319 0.00269514 0.00270096 0.00861267 -0.00330906 -0.00250075 -0.00173953 0.00121325 0.00196548 -0.00374585
internal_weight=400202 120833 24020 279369 96813 5761 263864 177657 86207 91052 39181 51871 8827 43044 25942 17102 53883 14883 9140 41259 12624 16558 32324 7462 15505 13378 70068 6452 5658 6915
internal_count=400202 120833 24020 279369 96813 5761 263864 177657 86207 91052 39181 51871 8827 43044 25942 17102 53883 14883 9140 41259 12624 16558 32324 7462 15505 13378 70068 6452 5658 6915
cat_boundaries=0 32 42 55 87 119 132 145 171 181 182 214 243 275
cat_threshold=494 0 0 15664 0 0 127744 0 0 405504 0 0 458752 0 0 0 0 0 0 0 0 0 0 0 0 128 0 0 2048 0 0 12288 6 0 0 8240 0 0 17152 0 0 274432 298 0 0 12544 0 0 126976 0 0 131072 0 0 262144 0 0 0 0 0 0 0 0 0 3145728 0 0 50331648 0 0 997195776 0 0 3858759680 3 0 2415919104 4 0 0 822 0 0 80 0 0 1280 512 0 0 0 0 0 2048 0 0 3145728 0 0 25165824 0 0 990904320 0 0 100663296 3 0 2147483648 30 0 0 892 0 0 5152 0 0 2048 488 0 0 3072 0 0 16640 0 0 4096 0 0 65536 6 0 0 9264 0 0 28672 0 0 0 0 0 131072 262 0 0 13360 0 0 65792 0 0 12288 0 0 131072 0 0 0 0 0 0 0 0 0 0 0 0 128 224 0 0 2304 0 0 17152 0 0 135168 8 0 0 0 64 0 0 1024 0 0 16384 0 0 2097152 0 0 73400320 0 0 939524096 0 0 0 1 0 0 0 0 0 0 0 0 512 0 0 0 0 0 0 0 0 0 0 0 0 16777216 0 0 184549376 0 0 3221225472 1 0 0 4 0 0 258 0 0 16 1 0 0 64 0 0 1024 0 0 0 0 0 1048576 0 0 73400320 0 0 4026531840 0 0 268435456 0 0 0 0 0 0 8448 0 0 65792
is_linear=0
shrinkage=0.08


Tree=52
num_leaves=31
num_cat=11
split_feature=25 5 30 41 33 18 34 41 5 5 34 18 26 5 37 5 8 5 30 25 44 5 5 5 38 21 41 37 5 37
split_gain=44.669 30.3815 26.3386 25.195 20.8747 22.9108 24.4147 18.598 18.285 16.9914 17.66 31.4338 23.9143 16.9255 15.5933 30.0736 22.8225 23.0533 15.1615 14.2846 24.1343 14.2749 14.2092 14.0618 13.9213 13.4423 13.4185 12.7618 11.6989 10.4586
threshold=10.689398765563967 0 1766.1250000000002 7.508984088897706 19.229760169982914 1.1950820684432986 -1.9082946777343748 0.64482632279396068 1 2 -2.7850341796874996 1.8652688264846804 8.8288412094116229 3 -0.23401999473571775 4 5 6 280.81250000000006 7.0917656421661386 4.4485528469085702 7 8 9 -0.14585629105567929 1.2454986572265627 4.3371984958648691 -0.73417341709136952 10 0.053837835788726814
decision_type=2 9 2 2 2 2 2 2 9 9 2 2 2 9 2 9 1 9 2 2 2 9 9 9 2 2 2 2 9 2
left_child=1 2 4 -2 9 6 8 -3 -6 29 28 12 26 -7 15 27 21 -18 23 20 -15 -16 -4 -8 -19 -22 -12 -9 -11 -1
right_child=3 7 22 -5 5 13 18 14 -10 10 11 -13 -14 19 16 -17 17 24 -20 -21 25 -23 -24 -25 -26 -27 -28 -29 -30 -31
leaf_value=0.0068831343276769853 0.01182948836511187 -0.0030285066169985632 0.021927925299625742 0.062553322316140289 0.00084702548884461491 0.0036488892773786931 0.015258709880781219 -0.0093815934002283007 -0.020361129749502885 0.028178234802105122 -0.002684586539450722 -0.027159616990981874 -0.029924947921601303 -0.0037474735566691919 0.0010124947911387715 0.00028662379885043612 -0.00027685828555039648 0.00082575070556960566 0.018489079521076857 0.0076020559328327589 -0.0094378962312137212 -0.0012050172449276975 0.006977251441550294 -0.0021375633411935446 0.0053494065528679347 -0.033107982599225434 0.016114651889094507 -0.0020819435180137093 0.0048909853242731314 0.024547810212357996
leaf_weight=10932 2689 3056 6457 2042 8342 7916 2267 11907 2822 3075 5279 2115 2025 9976 51100 54424 25041 13346 7951 3114 2316 71870 9061 6566 22800 4086 7704 21652 6041 12193
leaf_count=10932 2689 3056 6457 2042 8342 7916 2267 11907 2822 3075 5279 2115 2025 9976 51100 54424 25041 13346 7951 3114 2316 71870 9061 6566 22800 4086 7704 21652 6041 12193
internal_value=0.000359293 0.000266738 0.00132748 0.00807846 0.000871575 -0.000195066 0.00141641 -0.000196791 -0.00148201 0.00206748 0.000672531 -0.000841651 0.000447463 -0.00183821 -0.000126989 -0.00100303 0.000291583 0.001554 0.00334405 -0.00310373 -0.0040493 -0.00033664 0.00440237 0.00106073 0.00284577 -0.00787898 0.00171015 -0.00288573 0.00351523 0.00364744
internal_weight=400165 395434 120238 4731 104720 55356 27948 275196 11164 49364 26239 17123 15008 27408 272140 87983 184157 61187 16784 19492 16378 122970 15518 8833 36146 6402 12983 33559 9116 23125
internal_count=400165 395434 120238 4731 104720 55356 27948 275196 11164 49364 26239 17123 15008 27408 272140 87983 184157 61187 16784 19492 16378 122970 15518 8833 36146 6402 12983 33559 9116 23125
cat_boundaries=0 32 64 77 106 138 139 171 203 216 245 274
cat_threshold=495 0 0 16176 0 0 127744 0 0 143360 0 0 196608 0 0 0 0 0 0 0 0 0 0 0 0 0 0 0 3328 0 0 4096 14 0 0 8224 0 0 4096 0 0 0 0 0 0 0 0 0 0 0 0 0 0 0 0 0 0 0 0 0 3328 0 0 4096 225 0 0 3328 0 0 58112 0 0 135168 0 0 131072 256 0 0 14352 0 0 65792 0 0 8192 0 0 65536 0 0 0 0 0 0 0 0 0 0 0 0 0 0 0 3072 0 0 0 128 0 0 2048 0 0 3981312 0 0 26738688 0 0 325058560 0 0 805306368 3 0 0 10 0 0 12 0 0 112 0 0 11520 2 512 0 0 0 0 0 0 0 0 65536 0 0 33554432 0 0 805306368 0 0 2164260864 3 0 1610612736 63 0 0 995 0 0 12832 0 0 106752 16 0 0 192 0 0 3072 0 0 3981312 0 0 27787264 0 0 39845888 0 0 486539264 0 0 1073741824 13 0 0 5 0 0 8192 0 0 8960 71 0 0 1072 0 0 123136 0 0 4096 0 0 196608 8 0 0 8208 0 0 0 0 0 4096 0 0 65536 0 0 0 0 0 0 0 0 0 0 0 0 0 0 0 2304 6 0 0 48 0 0 0 0 0 8192 0 0 0 0 0 0 0 0 0 0 0 0 0 0 0 0 0 0 2048
is_linear=0
shrinkage=0.08


Tree=53
num_leaves=31
num_cat=11
split_feature=45 45 25 21 16 5 12 5 5 5 10 25 5 45 36 45 16 5 14 45 5 5 5 5 25 45 45 12 6 35
split_gain=128.502 55.059 32.4365 30.312 24.4869 44.0148 26.0605 29.0198 23.9685 22.3772 33.9569 20.0611 45.1427 20.3926 17.9006 18.9076 17.5698 17.4794 16.8017 22.9852 16.7065 16.594 14.1015 13.5427 13.2723 13.165 13.0321 16.0414 12.8293 28.8674
threshold=9.4040422439575213 4.2243840694427499 4.114272117614747 0.99489426612854015 1.3768789172172549 0 2.737539649009705 1 2 3 1.8245384097099306 4.350724697113038 4 2.1098068952560429 19.190311431884769 8.0164294242858904 2.2370789051055913 5 0.35833957791328436 1.3130736351013186 6 7 8 9 8.0987586975097674 10.109513282775881 5.76631784439087 1.0265840888023379 10 1.4739036560058596
decision_type=2 2 2 2 8 9 2 9 9 9 2 2 9 2 2 2 8 9 2 2 9 9 9 9 2 2 2 2 1 2
left_child=1 11 8 21 5 -5 9 -8 -3 10 16 13 -13 18 -12 24 17 -6 22 -20 -15 -4 -1 -21 -16 -2 27 -11 29 -22
right_child=25 2 3 4 6 -7 7 -9 -10 26 14 12 -14 20 15 -17 -18 -19 19 23 28 -23 -24 -25 -26 -27 -28 -29 -30 -31
leaf_value=-0.00155472495902226 0.027014384640539256 0.039610940302638724 0.01972423163810513 -0.040736801247096804 -0.0063771781887551528 0.0010179545273212921 0.012155270755660474 -0.034401486843127244 0.0083290226850536095 0.012771321920327329 0.019473885286114091 -0.024656662249794438 1.1000869956356852e-05 -0.001781403046277399 -0.0057055182218690263 0.020211709023999873 0.049876558477167966 0.020296647466193862 -0.0039966541806671588 -0.0042972142016625891 0.0072829952054084667 0.0071268574199524265 0.00054456041215480641 -0.00080341144566319132 -0.034589162996876296 0.080499447256270215 0.0062252135505986321 -0.012994885944629164 0.00059131862390868759 -0.0051504527543152047
leaf_weight=11299 3092 5827 9192 2918 3129 6894 2293 3819 5544 3336 2662 3312 6276 41511 6606 2349 5608 9892 10536 12975 26107 16546 40463 55384 2105 3131 13632 9127 67504 6508
leaf_count=11299 3092 5827 9192 2918 3129 6894 2293 3819 5544 3336 2662 3312 6276 41511 6606 2349 5608 9892 10536 12975 26107 16546 40463 55384 2105 3131 13632 9127 67504 6508
internal_value=0.000369632 0.000189036 0.00169398 0.00123374 0.000414628 -0.00330686 0.000980672 -0.00398563 0.00574115 0.00150062 0.00290569 -0.000406194 -0.00400083 -0.000279474 -0.000113603 -0.00153207 0.0051301 0.00351316 -0.00100025 -0.001735 0.000385484 0.0035995 0.000119756 -0.0011985 -0.00324963 0.0117664 -0.000242772 -0.00211176 0.000944887 0.00224728
internal_weight=399577 393354 111479 100108 74370 9812 64558 6112 11371 58446 32351 281875 9588 272287 13722 11060 18629 13021 130657 78895 141630 25738 51762 68359 8711 6223 26095 12463 100119 32615
internal_count=399577 393354 111479 100108 74370 9812 64558 6112 11371 58446 32351 281875 9588 272287 13722 11060 18629 13021 130657 78895 141630 25738 51762 68359 8711 6223 26095 12463 100119 32615
cat_boundaries=0 16 45 74 100 132 151 183 212 244 276 277
cat_threshold=263 0 0 1136 0 0 24576 0 0 1855488 0 0 8781824 0 0 2097152 783 0 0 12400 0 0 4608 0 0 786432 0 0 196608 0 0 1048576 0 0 0 0 0 0 0 0 0 192 0 0 1024 214 0 0 3696 0 0 57856 0 0 1978368 0 0 16973824 0 0 134217728 0 0 0 0 0 0 12 0 0 96 0 0 768 451 0 0 16128 0 0 124928 0 0 1032192 0 0 4456448 0 0 134217728 0 0 33554432 0 0 0 0 0 0 96 992 0 0 6944 0 0 159744 0 0 458752 0 0 4194304 0 0 126877696 0 0 822083584 0 0 0 1 0 0 130 0 0 2560 0 0 4096 0 0 0 768 0 0 73728 0 0 589824 0 0 0 0 0 0 0 0 33554432 2 0 0 7696 0 0 117248 0 0 827392 0 0 9437184 0 0 135266304 0 0 1157627904 0 0 268435456 0 0 0 103 0 0 48 0 0 33024 105 0 0 10768 0 0 208128 0 0 49152 0 0 47448064 0 0 616562688 0 0 1140850688 0 0 0 0 0 0 32 0 0 1920 16 0 0 192 0 0 0 0 0 106496 0 0 5242880 0 0 29360128 0 0 0 0 0 1073741824 0 0 0 560 0 0 12480 0 0 16128 376 0 0 0 0 0 205824 0 0 1982464 0 0 17432576 0 0 271581184 0 0 553648128 3 0 0 0 0 0 9 0 0 112 0 0 1280 2
is_linear=0
shrinkage=0.08


Tree=54
num_leaves=31
num_cat=1
split_feature=45 45 26 45 25 25 25 39 37 45 17 3 7 25 18 28 18 45 14 20 24 34 28 25 11 37 26 40 9 14
split_gain=120.122 41.9366 24.1189 28.2382 23.5808 22.3759 21.2895 21.1165 20.0535 21.9564 21.2781 18.8533 20.4247 18.7334 20.6222 18.2621 19.4855 17.0786 16.2192 16.1047 15.8709 14.6958 15.5122 14.3943 13.0837 12.8692 12.7735 12.6022 10.2687 10.1709
threshold=9.1399879455566424 2.7793558835983281 10.447816371917726 7.4516913890838632 7.855119228363038 3.47669529914856 2.2812310457229619 0.70119455456733715 -1.4690225124359129 5.3565235137939462 0.90333515405654918 497.49252319335943 2.5000000000000004 5.1294593811035165 2.4704070091247563 1006.3884277343751 2.424676895141602 10.109513282775881 2.0377861261367802 1.3166527152061465 -2.0167999267578121 5.7070007324218759 1008.2940673828126 5.2396206855773935 1.3937358856201174 -0.076450347900390611 6.2695229053497323 0.18228417634963992 0 2.0377861261367802
decision_type=2 2 2 2 2 2 2 2 2 2 8 2 2 2 2 2 2 2 2 2 2 2 2 2 2 2 2 2 1 2
left_child=1 5 3 4 6 20 -3 -5 11 10 28 12 19 -11 -15 18 21 -2 -12 -8 -1 22 25 -24 -4 -17 -21 -22 -10 -6
right_child=17 2 24 7 29 -7 8 -9 9 13 15 -13 -14 14 -16 16 -18 -19 -20 26 27 -23 23 -25 -26 -27 -28 -29 -30 -31
leaf_value=-0.0024121269226411802 0.024344298366041101 0.01461600889527912 0.0042886875258616895 0.0025924833302619632 -0.0012708142502703623 -0.012911185168208012 -0.0026515914762972239 0.031413474483448167 0.011181945235264444 0.042351736442097519 0.002563250486867865 0.019032626385772772 0.0052591434424321196 0.011217190477989246 -0.017825683658665721 -0.014429224343247622 -0.024229177511834267 0.074089349247271813 0.020011683967802795 -0.013747798842759488 0.00074348340169518858 -0.015413234343247489 0.0037625505157456197 -0.011680917808479005 -0.022706976192868142 -0.0011636468122478139 -0.04000451165279003 -0.00072253578895766781 0.0032119795472746659 -0.033806374362703166
leaf_weight=17201 4626 8836 2605 4640 2009 3076 3708 7693 7727 3987 21589 2000 4245 31986 2788 6515 2641 3132 4634 2966 27524 2119 35680 5052 4835 9716 2301 151293 10268 2686
leaf_count=17201 4626 8836 2605 4640 2009 3076 3708 7693 7727 3987 21589 2000 4245 31986 2788 6515 2641 3132 4634 2966 27524 2119 35680 5052 4835 9716 2301 151293 10268 2686
internal_value=0.000329028 0.000133969 0.000973525 0.00115245 0.000889296 -0.00068085 0.00104498 0.00484971 0.000833604 0.00112416 0.00052798 -0.00192777 -0.00302343 0.00275309 0.00215616 1.50075e-05 -0.000736397 0.0101802 0.00178325 -0.0051842 -0.000574408 -0.000435254 -0.000191319 0.000642089 -0.00348993 -0.00228188 -0.0080235 -0.000351066 0.0030336 -0.00469713
internal_weight=400078 392320 193226 185786 173453 199094 168758 12333 159922 144702 105941 15220 13220 38761 34774 87946 61723 7758 26223 8975 196018 59082 56963 40732 7440 16231 5267 178817 17995 4695
internal_count=400078 392320 193226 185786 173453 199094 168758 12333 159922 144702 105941 15220 13220 38761 34774 87946 61723 7758 26223 8975 196018 59082 56963 40732 7440 16231 5267 178817 17995 4695
cat_boundaries=0 1
cat_threshold=22
is_linear=0
shrinkage=0.08


Tree=55
num_leaves=31
num_cat=11
split_feature=45 45 44 21 43 5 16 5 5 35 5 5 5 16 45 5 44 29 5 45 5 44 5 32 31 19 43 10 36 5
split_gain=105.276 46.1293 22.8502 23.4814 22.4178 39.9427 20.7671 34.1092 20.7728 19.1282 18.4759 17.6127 16.6204 16.2165 15.7954 15.2568 13.9607 13.4104 19.2271 13.3242 13.2229 12.494 13.3711 11.8613 11.6326 10.9387 12.7528 10.9237 26.7307 15.4185
threshold=9.4040422439575213 4.152616262435914 3.9419614076614384 1.0956072807312014 4.077977418899537 0 1.4055659174919131 1 2 13.54646682739258 3 4 5 2.3955131769180302 2.6867288351058964 6 2.2399073839187627 0.93406295776367199 7 10.109513282775881 8 2.8251024484634404 9 614.92193603515636 24.268591880798343 0.79870939254760753 0.93992486596107494 1.7761765718460085 20.323276519775394 10
decision_type=2 2 2 2 2 9 8 9 9 2 9 9 9 8 2 9 2 2 9 2 9 2 9 2 2 2 2 2 2 9
left_child=1 4 10 12 11 23 7 -5 9 27 -3 25 -4 -11 17 -16 -17 21 -19 -2 -7 -13 -23 -6 -18 26 -1 28 29 -8
right_child=19 2 3 6 5 20 8 -9 -10 13 -12 14 -14 -15 15 16 24 18 -20 -21 -22 22 -24 -25 -26 -27 -28 -29 -30 -31
leaf_value=-0.0019030467647799033 0.022368003232133872 0.033990042780927258 0.017170746106273765 -0.042913913366125697 -0.012988337586649834 0.013029666945721559 0.033089510288638643 0.00083704587365645016 -0.0024851406372183773 -0.031994390045181405 0.0085043206459566537 0.00031849657594362312 0.0050433166458025451 0.012548848108795153 0.011114562127216452 0.011539652766062667 0.019124220722869973 0.0047499595964835533 -0.0030108531175516086 0.067101672837480392 -0.0048901983484701365 -0.011284860985543599 0.00016378339130293184 -0.029507978524943638 -0.0003839751326348573 -0.0064645163704014769 -0.00024464313905427028 0.0052514391128328968 0.041765646481971432 -0.0016360300896902124
leaf_weight=8977 3101 5589 11884 2853 3013 2471 2606 5461 31016 2577 5869 106321 23879 2588 12073 5174 2001 3719 18009 3110 7677 2903 3196 2404 37494 15883 48106 9940 4917 5302
leaf_count=8977 3101 5589 11884 2853 3013 2471 2606 5461 31016 2577 5869 106321 23879 2588 12073 5174 2001 3719 18009 3110 7677 2903 3196 2404 37494 15883 48106 9940 4917 5302
internal_value=0.000344544 0.000181462 0.00153392 0.00115672 -0.000372686 -0.00332199 0.000275903 -0.00346468 0.000803989 0.00238569 0.00492152 -0.000198586 0.00281274 -0.0020058 0.000205542 0.00132436 0.000641321 -0.000267744 -0.00208667 0.0106703 -0.000354052 8.39634e-05 -0.00343428 -0.00885415 0.000129098 -0.00125558 -0.000738795 0.00338353 0.00492559 0.00204092
internal_weight=400113 393902 114481 103023 279421 15565 67260 8314 58946 27930 11458 263856 35763 5165 190890 56742 44669 134148 21728 6211 10148 112420 6099 5417 39495 72966 57083 22765 12825 7908
internal_count=400113 393902 114481 103023 279421 15565 67260 8314 58946 27930 11458 263856 35763 5165 190890 56742 44669 134148 21728 6211 10148 112420 6099 5417 39495 72966 57083 22765 12825 7908
cat_boundaries=0 32 58 84 113 145 174 206 238 270 302 328
cat_threshold=1008 0 0 4896 0 0 208896 0 0 561152 0 0 21233664 0 0 131072000 0 0 3087007744 0 0 0 8 0 0 0 0 0 0 0 0 32768 7 0 0 9328 0 0 188416 0 0 1851392 0 0 8519680 0 0 0 0 0 16777216 0 0 0 0 0 0 32 395 0 0 6448 0 0 122880 0 0 868352 0 0 0 0 0 3145728 0 0 50331648 0 0 0 0 0 0 96 246 0 0 3760 0 0 43520 0 0 1470464 0 0 16973824 0 0 134217728 0 0 0 0 0 0 4 0 0 96 0 0 512 9 0 0 3664 0 0 51712 0 0 999424 0 0 524288 0 0 838860800 0 0 0 2 0 0 1 0 0 562 0 0 208 0 0 66816 812 0 0 8224 0 0 108800 0 0 311296 0 0 43778048 0 0 612368384 0 0 3288334336 0 0 0 4 0 0 32 0 0 2944 880 0 0 256 0 0 8192 0 0 3149824 0 0 50397184 0 0 79691776 0 0 3355443200 0 0 0 28 0 0 0 0 0 0 0 0 43008 132 0 0 12288 0 0 0 0 0 0 0 0 16777216 0 0 203423744 0 0 318767104 0 0 1073741824 0 0 0 320 0 0 3072 0 0 57344 0 0 0 1216 0 0 512 0 0 0 0 0 37289984 0 0 805306368 0 0 1073741824 0 0 268435456 4 0 0 981 0 0 4480 0 0 16384 0 0 0 0 0 0 66560 0 0 0 0 0 54919168 0 0 166723584 0 0 503316480 0 0 1610612736 0 0 0 257 0 0 2048 0 0 38912 393 0 0 0 0 0 0 0 0 786432 0 0 0 0 0 2097152 0 0 0 0 0 0 0 0 0 64
is_linear=0
shrinkage=0.08


Tree=56
num_leaves=31
num_cat=13
split_feature=45 45 25 19 44 5 5 12 5 5 14 34 5 45 5 44 44 5 24 24 16 10 5 6 5 10 11 5 5 5
split_gain=101.907 41.7305 27.8217 23.4297 21.3836 46.9584 17.6434 16.885 26.0888 18.4854 15.125 32.0903 41.6671 22.8067 31.9466 25.9383 17.6115 18.5079 14.6296 14.5607 18.7754 20.1572 18.545 15.0756 14.2874 14.2612 12.592 13.5443 12.4435 12.4272
threshold=9.4040422439575213 4.152616262435914 4.0008912086486825 0.78019687533378612 4.6680176258087167 0 1 2.737539649009705 2 3 1.9134355783462527 -2.9125976562499996 4 2.7793558835983281 5 2.3737483024597172 3.0806019306182866 6 -2.0167999267578121 29.109313964843754 2.3138034343719487 1.6186782717704775 7 8 9 1.8245384097099306 0.73825478553771984 10 11 12
decision_type=2 2 2 2 2 9 9 2 9 9 2 2 9 2 9 2 2 9 2 2 8 2 9 1 9 2 2 9 9 9
left_child=1 4 6 -4 10 -6 -3 9 -9 19 13 -12 -13 16 -15 29 18 -18 -1 20 22 -22 -5 -23 -20 -24 27 -17 -28 -16
right_child=-2 2 3 7 5 -7 -8 8 -10 -11 11 12 -14 14 15 26 17 -19 24 -21 21 23 25 -25 -26 -27 28 -29 -30 -31
leaf_value=-0.0022034607454890632 0.039140989489176693 0.036751040792108218 0.013674679975945594 -0.010972820435033342 -0.029995509265674469 0.00071277550011242144 0.011083235462012118 0.014535794893238006 -0.028860904833056332 -0.00077522615623037082 0.014543693764454663 -0.022354341276690372 0.001314781921458934 0.012505266276394878 0.00034594492346842645 -0.0029084343793669819 -0.014404066683971983 -0.0025687458542413568 0.001144717679877596 0.020720499723576324 0.054641775273214573 0.025861872125412636 0.012742605436468555 -0.0095593132289790717 -0.0006472183821250011 -0.0072511504937042308 -0.0094788306314712231 0.0076380915516251592 -0.00077259908207736314 0.021680426487217838
leaf_weight=17174 6196 4240 10737 8215 2022 3405 6802 2205 4259 45299 2568 5570 4615 14651 2123 7640 2503 4291 40725 5605 3766 3682 12094 3167 131452 4429 9030 9277 18555 3923
leaf_count=17174 6196 4240 10737 8215 2022 3405 6802 2205 4259 45299 2568 5570 4615 14651 2123 7640 2503 4291 40725 5605 3766 3682 12094 3167 131452 4429 9030 9277 18555 3923
internal_value=0.00029563 0.00013542 0.00142171 0.00101403 -0.000391509 -0.00535957 0.00523706 0.000604113 -0.00333642 0.000899765 -0.000292951 -0.00298206 -0.00499657 -0.00016162 0.00113451 0.000180351 -0.000592491 -0.00459142 -0.000448772 0.0021309 0.00152985 0.00434259 0.000321642 0.00175244 -0.000226614 0.00186544 -0.000487958 0.00122999 -0.00154158 0.00509247
internal_weight=400220 394024 114500 103458 279524 5427 11042 92721 6464 86257 274097 12753 10185 261344 65199 50548 196145 6794 189351 40958 35353 10615 24738 6849 172177 16523 44502 16917 27585 6046
internal_count=400220 394024 114500 103458 279524 5427 11042 92721 6464 86257 274097 12753 10185 261344 65199 50548 196145 6794 189351 40958 35353 10615 24738 6849 172177 16523 44502 16917 27585 6046
cat_boundaries=0 32 61 90 119 148 180 212 225 226 258 290 322 354
cat_threshold=996 0 0 15104 0 0 225280 0 0 458752 0 0 524288 0 0 93323264 0 0 587202560 0 0 0 0 0 0 128 0 0 1536 0 0 20480 66 0 0 3632 0 0 57344 0 0 1847296 0 0 16973824 0 0 134217728 0 0 0 0 0 0 12 0 0 96 0 0 256 783 0 0 112 0 0 132608 0 0 393216 0 0 196608 0 0 1048576 0 0 0 0 0 0 0 0 0 192 0 0 3072 458 0 0 7680 0 0 124928 0 0 966656 0 0 48758784 0 0 4194304 0 0 67108864 0 0 536870912 0 0 0 96 0 0 8448 14 0 0 8032 0 0 111616 0 0 1966080 0 0 16777216 0 0 0 0 0 0 0 0 0 0 0 0 64 0 0 512 724 0 0 7552 0 0 12288 0 0 3342336 0 0 51904512 0 0 847249408 0 0 2684354560 0 0 0 28 0 0 128 0 0 128 0 0 8192 8 0 0 8192 0 0 2048 0 0 1474560 0 0 55181312 0 0 31457280 0 0 402653184 0 0 2684354560 1 0 0 49 0 0 8192 0 0 4352 0 0 0 1024 0 0 122880 0 0 917504 0 0 4194304 5 38 0 0 10016 0 0 47104 0 0 0 0 0 0 0 0 8388608 0 0 402653184 0 0 1610612736 18 0 0 13 0 0 8064 0 0 86016 290 0 0 544 0 0 512 0 0 323584 0 0 131072 0 0 134217728 0 0 83886080 0 0 1879048192 3 0 0 613 0 0 7184 0 0 53248 0 0 0 8208 0 0 3840 0 0 794624 0 0 4194304 0 0 218103808 0 0 268435456 0 0 2147483648 1 0 0 36 0 0 9728 0 0 98560 42 0 0 0 0 0 180224 0 0 40960 0 0 4456448 0 0 7340032 0 0 1409286144 0 0 3489660928 0 0 0 577 0 0 8448 0 0 16384
is_linear=0
shrinkage=0.08


Tree=57
num_leaves=31
num_cat=0
split_feature=45 45 44 45 45 38 42 44 21 13 42 29 34 24 33 31 42 45 44 18 34 24 34 27 21 38 29 16 27 27
split_gain=79.3209 27.8594 24.8039 22.5292 21.4546 22.6136 21.6094 20.8245 16.0464 14.1981 13.958 13.7755 19.5117 13.8281 18.4574 17.3542 13.6044 13.0616 26.7206 22.6227 17.3075 12.5431 12.6205 12.0464 11.6336 11.4712 11.9085 11.3119 19.9142 11.2428
threshold=8.6937646865844744 3.6026744842529301 8.6546297073364276 10.109513282775881 7.0102374553680429 0.61806952953338634 3.47669529914856 3.4929196834564213 0.76777860522270214 2.0576869249343877 10.068286418914797 0.33594131469726568 -1.1631774902343748 30.152618408203129 24.044352531433109 71.85630035400392 7.3810763359069833 5.3146343231201181 5.3133058547973642 2.1191139221191411 -2.7850341796874996 29.452331542968754 -1.8291931152343748 1015.7557373046876 0.73301306366920482 1.1434657573699953 0.23865127563476565 1.4763828516006472 1008.5891723632814 1009.6897583007814
decision_type=2 2 2 2 2 2 2 2 2 2 2 2 2 2 2 2 2 2 2 2 2 2 2 2 2 2 2 8 2 2
left_child=1 7 4 10 6 -6 9 11 -8 -3 -2 12 -1 23 15 -15 17 20 -19 25 -10 22 -22 -14 -9 26 -20 -28 -29 -13
right_child=3 2 -4 -5 5 -7 8 24 16 -11 -12 29 13 14 -16 -17 -18 18 19 -21 21 -23 -24 -25 -26 -27 27 28 -30 -31
leaf_value=0.0023841174374062747 0.027680349487972933 0.0095409804690945246 -0.011302175843153571 0.058443442853910239 -0.00077349155587384648 0.030720138957980758 0.010372233356805047 -0.00017528341217293075 0.0048872517946587733 0.033959117950484743 0.00034991317232638155 -0.0022687793154682347 0.0019187017816992037 0.00054560003315758717 -0.0092759908098603103 -0.0063260614812129991 -0.016759177957434267 0.027505683659411292 -0.013286444083930178 -0.017305403474078142 -0.02019049899626417 0.01150570943690612 -0.004160919514040913 -0.00082979373206929722 -0.010561321335459022 0.01673243117760297 -0.011108790982830215 -0.012172162795467862 0.021768438324650637 -0.00014830188320917871
leaf_weight=37452 5034 11520 8736 3127 4510 8403 11239 5781 19271 2630 2694 54314 24896 9073 2296 3164 4895 7414 2897 4272 4687 2451 23121 26196 11684 7590 3189 2719 7107 77213
leaf_count=37452 5034 11520 8736 3127 4510 8403 11239 5781 19271 2630 2694 54314 24896 9073 2296 3164 4895 7414 2897 4272 4687 2451 23121 26196 11684 7590 3189 2719 7107 77213
internal_value=0.000280641 9.21977e-05 0.00101199 0.00702255 0.00129373 0.00438443 0.000946336 -0.00040646 0.000535385 0.00387288 0.00469372 -0.000208001 0.000484445 -0.000347071 -0.00252355 -0.00128521 0.000177856 0.000414975 0.00159327 0.000453498 -0.000422285 -0.00161551 -0.00209936 0.000272396 -0.00307067 0.00142736 0.000206004 0.00123916 0.00258235 -0.000750663
internal_weight=399575 388720 136651 10855 127915 12913 115002 252069 100852 14150 7728 234604 103077 65625 14533 12237 89613 84718 35188 27774 49530 30259 27808 51092 17465 23502 15912 13015 9826 131527
internal_count=399575 388720 136651 10855 127915 12913 115002 252069 100852 14150 7728 234604 103077 65625 14533 12237 89613 84718 35188 27774 49530 30259 27808 51092 17465 23502 15912 13015 9826 131527
is_linear=0
shrinkage=0.08


Tree=58
num_leaves=31
num_cat=1
split_feature=25 0 16 6 36 16 34 0 34 34 35 33 18 35 38 10 36 38 0 31 33 10 14 31 38 0 34 24 34 33
split_gain=31.1508 20.6185 33.8581 29.9632 18.0581 24.8563 17.6352 26.0132 17.0427 22.2224 31.0255 29.1503 24.0258 16.7569 16.8492 29.4231 17.8597 14.4573 14.3768 14.3256 14.0696 13.5886 13.3294 12.8342 12.6599 12.6218 11.4193 15.1743 10.5214 12.8713
threshold=11.140342235565187 17.250000000000004 3.480485320091248 0 0.51355361938476574 0.12037476524710657 -8.7677917480468732 22.250000000000004 -4.4851684570312491 0.26092529296875006 2.4619102478027348 19.332672119140629 1.1950820684432986 17.344951629638675 0.43851661682128912 2.7652207612991337 5.669116973876954 -0.20718112587928769 12.250000000000002 71.85630035400392 19.656000137329105 1.5366987586021426 2.1751432418823247 25.378828048706058 -1.1810659766197202 12.750000000000002 -2.2723083496093746 28.199584960937504 -1.2508544921874998 24.785856246948246
decision_type=2 2 8 1 2 10 2 2 2 2 2 2 2 2 2 2 2 2 2 2 2 2 2 2 2 2 2 2 2 2
left_child=1 2 3 13 28 -6 7 -7 25 10 -10 -11 17 14 16 20 -1 -13 24 -14 -16 -20 -15 -8 -18 -5 -26 -28 -3 -30
right_child=-2 4 -4 8 5 6 23 -9 9 11 -12 12 19 22 15 -17 18 -19 21 -21 -22 -23 -24 -25 26 -27 27 -29 29 -31
leaf_value=-0.013234622195649469 0.031141505052911855 0.0033784886021682062 0.037793344458606042 0.027976270435556783 -0.0071392038818977183 0.026013344558469008 0.012676217714442793 0.00030628994476670227 0.00040100244002056585 0.01175440398574807 -0.011542223518097812 0.015480780958126911 -0.029210092112490395 -0.021713646247159889 0.02612511121744367 -0.010132202726526672 0.025832462667509829 -0.00095628740116242121 -0.0080648988646717969 -0.0058231927248500173 0.0088589429127462448 0.010505155128298504 0.0048213130532517127 -0.0013000394454993724 -0.0053411531838393244 0.0023273192813861687 0.00061790835878834823 0.02997130770785101 0.00048982253493655924 -0.006385240473232994
leaf_weight=2363 3187 25527 3990 2490 2585 4358 2197 31112 32511 12443 20872 2756 2057 2014 10191 2559 3721 3956 4081 5405 6039 5559 2840 130932 2000 2988 2475 2066 61602 3305
leaf_count=2363 3187 25527 3990 2490 2585 4358 2197 31112 32511 12443 20872 2756 2057 2014 10191 2559 3721 3956 4081 5405 6039 5559 2840 130932 2000 2988 2475 2066 61602 3305
internal_value=0.000261125 0.000197781 0.000999217 0.00077841 -0.000216949 -0.000700025 -0.000580396 0.00100451 -0.000107137 -0.00040295 -0.00134437 0.00148496 -0.000995488 0.00242641 0.00295246 0.00471621 0.00146263 0.00247545 0.00224387 -0.0041167 0.00597291 2.48705e-05 -0.0020148 -0.00100271 0.00432632 0.00420554 0.00220119 0.00441661 0.000697448 0.000156199
internal_weight=400181 396994 135376 131386 261618 171184 168599 35470 85478 80000 53383 26617 14174 45908 41054 18789 22265 6712 19902 7462 16230 9640 4854 133129 10262 5478 6541 4541 90434 64907
internal_count=400181 396994 135376 131386 261618 171184 168599 35470 85478 80000 53383 26617 14174 45908 41054 18789 22265 6712 19902 7462 16230 9640 4854 133129 10262 5478 6541 4541 90434 64907
cat_boundaries=0 1
cat_threshold=4
is_linear=0
shrinkage=0.08


Tree=59
num_leaves=31
num_cat=5
split_feature=38 18 21 21 1 10 10 34 35 14 0 27 34 6 30 15 18 36 15 38 1 30 6 1 6 24 34 6 6 1
split_gain=21.8614 24.8932 26.4 17.3309 15.2746 25.2657 12.6083 11.7036 11.1457 15.1114 13.5127 22.2294 24.3109 29.4704 17.0467 16.4928 17.9384 16.4435 15.8198 15.5206 16.558 15.0571 12.9775 13.51 11.211 10.7344 11.2132 14.1767 10.7294 15.9337
threshold=1.3840570449829104 1.3349499106407168 0.9795011878013612 0.69717842340469371 72.750000000000014 2.8284659385681157 3.3768185377120976 8.0018310546875018 0.0071525573730468759 1.5209206342697146 17.250000000000004 1006.7299194335939 -1.7062683105468748 0 970.43750000000011 2.8685373067855839 1.0157968401908877 54.94737625122071 3.0789060592651372 0.49840652942657476 74.750000000000014 1233.3125000000002 1 79.750000000000014 2 29.076126098632816 -3.6539001464843746 3 4 92.750000000000014
decision_type=2 2 2 2 2 2 2 2 2 2 2 2 2 1 2 8 2 2 8 2 2 2 1 2 1 2 2 1 1 2
left_child=6 3 -3 -2 -4 25 7 8 9 22 11 21 13 17 19 16 -14 -13 28 20 -15 -10 23 -1 -11 26 -6 -28 29 -12
right_child=1 2 4 -5 5 -7 -8 -9 10 24 18 12 15 14 -16 -17 -18 -19 -20 -21 -22 -23 -24 -25 -26 -27 27 -29 -30 -31
leaf_value=0.0016889069798279755 0.0095494571549389392 0.026711292778006667 0.027685198563681405 -0.0040294926119317951 -0.0053991424588943461 -0.01326462493143275 0.015550802920950098 -0.0035167664606586338 0.026746364420853368 0.004447941422322921 0.0020031294442695025 -0.025192250398355931 0.0086172751827124378 -0.034178137318532392 0.0037270802210675404 0.036665307270684296 0.0001162344830758677 -0.0017965268127523616 -0.018836828415956717 0.0096357765574302916 -0.0052566747994494279 0.0012739703935963399 0.00031183740673239589 0.0077457703428058531 -0.011272577204462744 0.021122894011672368 0.035604435419760314 0.0060284461302352009 -0.0010883577866439432 -0.0023059833727283596
leaf_weight=22078 5873 4666 5371 16708 4777 4733 3438 6071 3913 4540 22790 4198 9882 2240 15822 2964 27764 2423 2473 2672 8627 2928 48926 10944 8220 2811 2652 5138 126783 7533
leaf_count=22078 5873 4666 5371 16708 4777 4733 3438 6071 3913 4540 22790 4198 9882 2240 15822 2964 27764 2423 2473 2672 8627 2928 48926 10944 8220 2811 2652 5138 126783 7533
internal_value=0.00025452 0.00177212 0.00327608 -0.000236377 0.0022611 0.00124745 2.4018e-05 -2.42582e-05 3.83738e-05 0.00077451 -0.000248537 0.000576441 0.000185896 -0.00132807 -0.00023893 0.00152733 0.00107393 -0.00614064 -0.000679871 -0.00232194 -0.00366461 0.00494234 0.00117328 0.00239816 -0.00178543 0.00282038 0.0018176 0.00368718 -0.000579699 0.000771842
internal_weight=399958 52729 30148 22581 25482 20111 347229 343791 337720 94708 243012 83433 76592 35982 29361 40610 37646 6621 159579 13539 10867 6841 81948 33022 12760 15378 12567 7790 157106 30323
internal_count=399958 52729 30148 22581 25482 20111 347229 343791 337720 94708 243012 83433 76592 35982 29361 40610 37646 6621 159579 13539 10867 6841 81948 33022 12760 15378 12567 7790 157106 30323
cat_boundaries=0 1 2 3 4 5
cat_threshold=8 6 8 4 8
is_linear=0
shrinkage=0.08


Tree=60
num_leaves=31
num_cat=10
split_feature=45 45 42 41 42 5 5 45 44 5 12 5 5 34 5 12 41 10 16 35 12 36 24 5 5 24 5 21 34 5
split_gain=73.3986 32.3719 33.5956 31.2943 30.7493 20.2822 19.1069 14.9736 31.5904 21.6244 18.0988 17.7893 13.7164 15.543 23.6814 19.5831 13.433 12.2919 22.9446 18.0704 12.0414 14.355 12.7504 11.638 11.4469 10.7798 12.4901 10.2802 20.6947 12.9079
threshold=10.109513282775881 6.080458641052247 6.0088541507720956 5.4989159107208261 7.6077008247375497 0 1 2.0167694091796879 1.9446267485618594 2 0.23616825044155124 3 4 0.31164550781250006 5 0.7646051049232484 0.64482632279396068 2.7652207612991337 2.2884074449539189 9.3445777893066424 0.81793227791786205 52.212238311767585 28.926300048828129 6 7 39.074981689453132 8 0.62320268154144298 5.9252929687500009 9
decision_type=2 2 2 2 2 9 9 2 2 9 2 9 9 2 9 2 2 2 8 2 2 2 2 9 9 2 9 2 2 9
left_child=1 4 -3 5 7 -4 17 10 9 -9 16 -12 13 15 -15 -10 -1 18 19 -5 -8 24 23 -23 -22 27 -27 -14 29 -29
right_child=-2 2 3 6 -6 -7 20 8 12 -11 11 -13 25 14 -16 -17 -18 -19 -20 -21 21 22 -24 -25 -26 26 -28 28 -30 -31
leaf_value=-0.0022000246420691995 0.05327802891401525 0.056476372132378466 0.0040020837648343747 0.013662951492028839 -0.034987968984667557 0.038958057379822546 -0.016564477603125988 -0.0013847169536924664 0.0059027608843940449 0.0085790566309424318 -0.0033302745979372217 -0.00068348651896262599 0.0014986431766287468 0.024692644360364113 0.0021784512513677969 -0.0030553685518594788 0.00049170604759661172 -0.0070658271999840851 0.039607209320964835 -0.018587862799530088 0.017423114691609509 -0.0053368931114503937 0.0096720222478053758 -0.034636758683181695 -0.0015742302552425259 0.021304605685957548 -0.0012428726085838093 -0.0047291656675265518 -0.011304125607064251 -0.00024498035444674214
leaf_weight=2738 3199 2862 3802 6025 2743 5754 2719 6404 12530 16245 24368 49551 27653 4897 8532 23095 43265 2039 3150 2001 3880 2301 2051 2655 8011 2349 2629 31797 4009 86868
leaf_count=2738 3199 2862 3802 6025 2743 5754 2719 6404 12530 16245 24368 49551 27653 4897 8532 23095 43265 2039 3150 2001 3880 2301 2051 2655 8011 2349 2629 31797 4009 86868
internal_value=0.000233823 0.000136396 0.00210157 0.00155863 -0.000129203 0.00561154 0.000445439 -6.23739e-05 0.000319622 0.00315371 -0.000785445 -0.00156069 5.38242e-06 0.00117129 0.00348984 0.000296899 0.000460305 0.00283944 0.00388343 0.00160777 -0.00101955 -0.000302517 -0.0031723 -0.00536448 0.0013898 -0.000362981 0.00329591 -0.000484378 -0.000798474 -0.000607205
internal_weight=400122 396923 47250 44388 349673 9556 34832 346930 227008 22649 119922 73919 204359 49054 13429 35625 46003 13215 11176 8026 21617 18898 7007 4956 11891 155305 4978 150327 122674 118665
internal_count=400122 396923 47250 44388 349673 9556 34832 346930 227008 22649 119922 73919 204359 49054 13429 35625 46003 13215 11176 8026 21617 18898 7007 4956 11891 155305 4978 150327 122674 118665
cat_boundaries=0 29 58 90 122 154 186 199 209 241 273
cat_threshold=540 0 0 9920 0 0 36096 0 0 1576960 0 0 25231360 0 0 134217728 0 0 50331648 0 0 536870912 0 0 0 64 0 0 2048 79 0 0 7264 0 0 233472 0 0 1064960 0 0 0 0 0 0 0 0 0 0 0 0 0 0 0 0 0 0 256 17 0 0 3456 0 0 128000 0 0 1179648 0 0 131072 0 0 576716800 0 0 1107296256 0 0 268435456 12 0 0 3 0 0 272 0 0 43264 440 0 0 64 0 0 133120 0 0 679936 0 0 4194304 0 0 336592896 0 0 2969567232 2 0 2147483648 12 0 0 92 0 0 48 0 0 20480 144 0 0 14352 0 0 164608 0 0 1052672 0 0 34668544 0 0 809500672 0 0 3221225472 1 0 0 46 0 0 792 0 0 144 0 0 2048 0 0 0 8192 0 0 131840 0 0 1052672 0 0 0 0 0 268435456 0 0 0 0 0 0 0 0 0 0 0 0 128 0 0 2048 512 0 0 8448 0 0 16640 0 0 663552 0 0 16973824 272 0 0 528 0 0 25088 0 0 65536 0 0 0 0 0 0 0 0 0 0 0 0 393216 0 0 11534336 0 0 234881024 0 0 3221225472 0 0 0 2 0 0 0 0 0 256 9 0 0 576 0 0 6144 0 0 2211840 0 0 2883584 0 0 253755392 0 0 167772160 0 0 1073741824 0 0 0 7 0 0 0 0 0 256
is_linear=0
shrinkage=0.08


Tree=61
num_leaves=31
num_cat=2
split_feature=45 45 42 44 37 21 16 24 15 30 18 16 37 6 29 18 38 11 44 45 1 28 42 45 44 38 9 45 45 21
split_gain=59.6936 27.8904 19.6067 18.1504 16.2238 15.6468 19.3997 14.2044 14.0587 13.1851 16.4174 13.4646 11.0563 15.1256 13.9245 12.372 11.4964 12.0578 10.998 14.1395 10.0006 13.415 9.81323 10.0178 17.2717 19.8582 9.73304 9.51097 9.13989 8.54997
threshold=10.109513282775881 4.1167163848876962 3.9308457374572758 4.2008213996887216 -0.67000508308410633 1.1174163222312929 1.2045307755470278 28.900436401367191 1.1480067968368532 806.56250000000011 1.5611246824264529 1.4548782110214236 -0.14731109142303464 0 0.62776947021484386 0.93608015775680553 -0.58628848195075978 0.24928494542837146 9.7894368171691912 8.6937646865844744 73.750000000000014 1007.9509277343751 8.8460636138916033 5.9218361377716073 5.7075772285461435 0.45270383358001715 1 6.080458641052247 5.2267544269561776 0.8786076307296754
decision_type=2 2 2 2 2 2 8 2 10 2 2 10 2 1 2 2 2 2 2 2 2 2 2 2 2 2 1 2 2 2
left_child=1 3 28 12 7 27 -7 9 -5 11 -11 -4 13 14 20 16 -15 -18 19 22 21 -1 23 -8 -25 -26 -10 -6 -3 -19
right_child=-2 2 4 8 5 6 18 -9 26 10 -12 -13 -14 15 -16 -17 17 29 -20 -21 -22 -23 -24 24 25 -27 -28 -29 -30 -31
leaf_value=-0.0098631885732970576 0.048134000937770052 0.012317840179822745 -0.013195434387699052 0.00046931620900934944 0.0058738245455824513 -0.021556521415715926 0.00041483590364231658 0.0091762166051779746 -0.0091916177269135164 0.00035916999352015645 -0.0233222596053335 0.0065788116958668749 0.00028015013251081022 0.001366402281934498 -0.0025345816456458794 -0.006498563742659438 0.00075000554890652721 -0.003382385594454682 -0.011652768720468032 0.030492631669760968 0.0037325704920492188 0.004698871048109403 -0.018738335499176379 0.045471556949474065 -0.0084412566487572244 0.020025566610678603 -0.021934278125100973 0.016016632624825746 0.044684727663912509 0.0026387709105809964
leaf_weight=2612 3145 8758 3543 4141 19306 2556 22311 5900 4383 3494 5659 8265 159987 16899 8433 18470 8029 27531 4207 2060 19030 2502 2230 2241 5044 10420 2468 11242 2071 3208
leaf_count=2612 3145 8758 3543 4141 19306 2556 22311 5900 4383 3494 5659 8265 159987 16899 8433 18470 8029 27531 4207 2060 19030 2502 2230 2241 5044 10420 2468 11242 2071 3208
internal_value=0.000227962 0.000140853 0.00116379 -0.000298664 0.00083954 0.00140076 0.000543863 -0.000865617 -0.003483 -0.00184159 -0.00411874 -7.44627e-05 -0.000167297 -0.000797946 0.000638709 -0.00142913 -0.000833737 -0.00159266 0.000902253 0.00127358 0.0016163 -0.00152225 0.000957024 0.00124519 0.00266554 0.00171126 -0.00570471 0.00283265 0.00440816 -0.00231357
internal_weight=400145 397000 119307 277693 108478 81617 51069 26861 10992 20961 9153 11808 266701 106714 32577 74137 55667 38768 48513 44306 24144 5114 42246 40016 17705 15464 6851 30548 10829 30739
internal_count=400145 397000 119307 277693 108478 81617 51069 26861 10992 20961 9153 11808 266701 106714 32577 74137 55667 38768 48513 44306 24144 5114 42246 40016 17705 15464 6851 30548 10829 30739
cat_boundaries=0 1 2
cat_threshold=2 35
is_linear=0
shrinkage=0.08


Tree=62
num_leaves=31
num_cat=1
split_feature=45 45 44 16 45 44 12 38 37 30 16 18 24 21 6 45 27 10 14 44 15 43 45 14 34 44 43 12 24 45
split_gain=53.0705 26.8702 21.5675 19.972 19.2669 18.6405 17.0656 19.2523 20.8173 15.2886 17.2533 16.5912 15.1802 15.0888 14.5403 13.7288 13.7456 14.2926 15.2514 13.3458 12.533 11.6237 11.2485 17.4082 23.5317 19.7097 16.9493 13.2186 14.5178 11.5145
threshold=10.109513282775881 4.4852819442749032 4.6234810352325448 3.7207881212234502 5.6693043708801278 4.5334162712097177 2.737539649009705 1.1434657573699953 0.44652366638183599 1668.8125000000002 1.266876816749573 2.2854192256927495 29.273895263671879 1.0034844279289248 0 6.6695342063903817 1006.7299194335939 2.5964475870132451 2.4775063991546635 7.1649339199066171 1.3256007432937624 7.4792280197143564 2.7793558835983281 1.5992591381073 -3.0416870117187496 2.8682322502136235 2.714521169662476 0.39183317124843603 4.1226196289062509 1.5464626550674441
decision_type=2 2 2 8 2 2 2 2 2 2 10 2 2 2 1 2 2 2 2 2 10 2 2 2 2 2 2 2 2 2
left_child=1 5 4 6 -3 22 7 8 9 10 13 14 15 -4 -12 19 -17 18 -18 -9 -7 -16 27 25 -25 -24 -26 28 -1 -29
right_child=-2 2 3 -5 -6 20 -8 12 -10 -11 11 -13 -14 -15 21 16 17 -19 -20 -21 -22 -23 23 24 26 -27 -28 29 -30 -31
leaf_value=-0.0012076415985115708 0.043894929947187758 0.011268530554556691 -0.0063109906335710435 0.045830216167601349 0.053827352142328859 -0.0011431829595089837 -0.014638915643833883 0.0054727514903044044 0.010068815829167174 0.0073516576899756107 -0.019663015768921141 -0.027581267703673688 0.02004806591834182 -0.040667621235169038 0.0064385501770058799 -0.00029546411141780028 0.014863540503468222 -0.0033753564851331675 0.04174112528010733 -0.016778399530683236 -0.015830603068569104 -0.017207297711420093 0.0096197464127484884 0.0095309318112231003 0.0043193540914595726 0.0013866322213002301 -0.012525016934245931 -0.0033965796880921694 0.00056361248712669012 -0.0011302186629982148
leaf_weight=17318 3102 13197 2206 2241 2346 4949 5845 8831 14550 5829 2117 3053 6833 2026 11287 5601 5779 2093 2644 4890 6144 2300 15714 5720 4153 46024 11951 11440 81775 87994
leaf_count=17318 3102 13197 2206 2241 2346 4949 5845 8831 14550 5829 2117 3053 6833 2026 11287 5601 5779 2093 2644 4890 6144 2300 15714 5720 4153 46024 11951 11440 81775 87994
internal_value=0.000274826 0.000193217 0.00130018 0.00081534 0.00404681 -0.000198232 0.000620299 0.000925183 -0.000215778 -0.00146108 -0.0023888 -0.00134598 0.0022742 -0.0069967 -0.000295278 0.00149424 0.00307683 0.00478054 0.00624926 -0.000365596 -0.00341349 0.000668773 -7.1677e-05 0.000706935 -0.00123477 0.00139341 -0.00280005 -0.000399422 0.000254483 -0.00105104
internal_weight=399952 396850 103668 88125 15543 293182 85884 80039 43368 28818 22989 18757 36671 4232 15704 29838 16117 10516 8423 13721 11093 13587 282089 83562 21824 61738 16104 198527 99093 99434
internal_count=399952 396850 103668 88125 15543 293182 85884 80039 43368 28818 22989 18757 36671 4232 15704 29838 16117 10516 8423 13721 11093 13587 282089 83562 21824 61738 16104 198527 99093 99434
cat_boundaries=0 1
cat_threshold=2
is_linear=0
shrinkage=0.08


Tree=63
num_leaves=31
num_cat=13
split_feature=45 45 25 41 5 5 37 5 5 43 5 5 12 5 12 34 21 5 36 5 34 5 12 45 5 43 43 5 11 5
split_gain=46.0476 18.7353 40.4258 30.8721 28.725 21.7439 16.3527 15.2633 14.5715 13.3591 33.81 13.1963 12.6778 13.2235 15.9131 13.7955 18.6154 12.3353 10.9257 14.8584 9.98848 19.2182 9.9898 15.8875 14.3116 12.0919 11.058 10.8803 12.8766 10.1386
threshold=9.4040422439575213 5.3146343231201181 5.1294593811035165 4.7349216938018808 0 1 -1.1689331531524656 2 3 5.2159273624420175 4 5 2.5692608356475835 6 0.79723963141441356 -1.1170043945312498 1.5346331596374514 7 0.41627883911132818 8 8.0018310546875018 9 0.23616825044155124 1.8454187512397768 10 2.150654792785645 1.6103655695915224 11 1.2356612086296084 12
decision_type=2 2 2 2 9 9 2 9 9 2 9 9 2 9 2 2 2 9 2 9 2 9 2 2 9 2 2 9 2 9
left_child=1 9 7 4 -4 6 -5 -3 -2 11 -11 18 13 -8 -15 16 -16 -12 19 -1 22 -22 24 25 -13 -24 -25 -28 -29 -30
right_child=8 2 3 5 -6 -7 12 -9 -10 10 17 20 -14 14 15 -17 -18 -19 -20 -21 21 -23 23 26 -26 -27 27 28 29 -31
leaf_value=0.001572421057032818 0.03843593622116661 0.013029329112488509 -0.0092351706696932826 -0.0094067026386775859 0.03502887152863874 -0.0073963030747982118 0.018915432330045084 0.049184123723925666 0.0059798304804051126 0.01017186770350075 -0.022637354410071354 0.0036434000187754736 -0.014336190377793212 -0.016298237996024662 0.0094898281831590839 0.022542449279889069 -0.021811490016453626 -0.0090948921098752671 0.00055358674370806324 0.011742297485712356 0.00096497150184477582 -0.0082447547205688563 -0.0013973352066521906 0.0057201113796199543 0.0001825434122328673 -0.0090899191070995585 -0.0019472544103730095 0.0016960769612589122 0.00058397773810835217 -0.009906933666735682
leaf_weight=14842 3870 2074 2039 5077 5795 20225 9488 3568 2363 4920 3422 5421 2254 2856 6767 5457 3637 7710 44604 7435 2553 2305 48175 4826 41268 2073 56303 66758 6389 5689
leaf_count=14842 3870 2074 2039 5077 5795 20225 9488 3568 2363 4920 3422 5421 2254 2856 6767 5457 3637 7710 44604 7435 2553 2305 48175 4826 41268 2073 56303 66758 6389 5689
internal_value=0.000221454 0.000113418 0.00130807 0.000731703 0.0054309 7.0646e-05 0.00126223 0.00779193 0.00703828 -0.00014136 -0.00239074 -2.42993e-05 0.00196331 0.00242495 0.00118802 0.00217882 0.0004686 -0.00482783 0.00097009 0.00241666 -0.000299446 -0.00388661 -0.000225738 -0.000483117 0.000822716 -0.00170321 -4.5008e-05 -0.000179506 0.000427108 -0.00197551
internal_weight=400163 393930 69237 63595 7834 55761 35536 5642 6233 324693 16052 308641 30459 28205 18717 15861 10404 11132 66881 22277 241760 4858 236902 190213 46689 50248 139965 135139 78836 12078
internal_count=400163 393930 69237 63595 7834 55761 35536 5642 6233 324693 16052 308641 30459 28205 18717 15861 10404 11132 66881 22277 241760 4858 236902 190213 46689 50248 139965 135139 78836 12078
cat_boundaries=0 26 55 84 97 129 161 190 213 245 277 309 341 373
cat_threshold=781 0 0 1616 0 0 67840 0 0 1052672 0 0 2162688 0 0 136314880 0 0 0 0 0 536870912 0 0 0 368 973 0 0 15664 0 0 129280 0 0 12288 0 0 0 0 0 0 0 0 0 0 0 0 0 0 0 0 0 0 256 796 0 0 9024 0 0 200960 0 0 196608 0 0 4194304 0 0 1048576 0 0 16777216 0 0 0 0 0 0 0 0 0 1024 75 0 0 48 0 0 17152 0 0 12288 0 0 12648448 523 0 0 32 0 0 39936 0 0 32768 0 0 9764864 0 0 1048576 0 0 100663296 0 0 1879048192 2 0 0 401 0 0 15616 0 0 65536 736 0 0 16144 0 0 4864 0 0 1609728 0 0 25362432 0 0 0 0 0 201326592 0 0 1073741824 0 0 0 160 0 0 3072 0 0 75776 140 0 0 6144 0 0 100352 0 0 0 0 0 0 0 0 0 0 0 0 0 0 0 0 0 0 0 0 0 256 96 0 0 6736 0 0 0 0 0 348160 0 0 16777216 0 0 536870912 0 0 0 0 0 0 4 32 0 0 272 0 0 4352 0 0 557056 0 0 8585216 0 0 0 0 0 201326592 0 0 1073741824 0 0 0 0 0 0 0 0 0 73728 0 0 0 0 0 0 0 0 0 0 0 0 0 0 0 66060288 0 0 570425344 1 0 2415919104 6 0 0 343 0 0 352 0 0 512 0 0 0 0 0 0 2048 0 0 2113536 0 0 4718592 0 0 81788928 0 0 587202560 0 0 536870912 0 0 0 71 0 0 0 0 0 4096 15 0 0 32 0 0 59392 0 0 2506752 0 0 786432 0 0 171966464 0 0 3254779904 0 0 805306368 0 0 0 7 0 0 112 0 0 256 272 0 0 0 0 0 1024 0 0 8192 0 0 4194304 0 0 545259520 0 0 16777216 0 0 0 5 0 0 832 0 0 12800 0 0 53248
is_linear=0
shrinkage=0.08


Tree=64
num_leaves=31
num_cat=13
split_feature=45 45 44 41 44 5 5 10 38 45 41 44 5 5 44 5 5 5 5 28 5 33 14 5 41 5 5 41 9 33
split_gain=42.3605 23.0262 28.3847 27.5868 21.8278 34.6012 19.4445 17.6746 19.6746 14.4767 24.7715 25.834 22.4454 21.8042 16.4753 26.5126 15.3137 14.8548 13.1893 12.6834 13.9527 12.8259 12.2819 14.9821 11.7181 24.4535 17.7638 11.5853 11.2803 12.651
threshold=10.109513282775881 6.1344017982482919 5.9681637287139901 4.8873167037963876 7.0677180290222177 0 1 1.0460417270660403 3.2422986030578618 3.1697384119033818 2.9025443792343144 3.1596586704254155 2 3 3.4929196834564213 4 5 6 7 1013.6684570312501 8 26.917439460754398 0.37164136767387396 9 3.8207522630691533 10 11 1.0471854805946352 12 25.442879676818851
decision_type=2 2 2 2 2 9 9 2 2 2 2 2 9 9 2 9 9 9 9 2 9 2 2 9 2 9 9 2 1 2
left_child=1 4 -3 18 9 -6 -5 -8 -9 14 13 16 28 -11 17 -16 -12 -1 -4 20 -14 24 27 -24 26 -26 -22 -19 -13 -30
right_child=-2 2 3 6 5 -7 7 8 -10 10 11 12 19 -15 15 -17 -18 22 -20 -21 21 -23 23 -25 25 -27 -28 -29 29 -31
leaf_value=0.0011945681349398462 0.039934819155567854 0.044606723991161452 0.050571276973148116 0.0085325787025689864 -0.039812619809829711 0.0091641081923513577 -0.023599384404812254 0.0041925788408470055 -0.023174411291215478 -0.0048784508811621132 0.023153625489878208 -0.012056456066293179 -0.012014419173600431 0.022171466020720461 -0.018473937159414529 -0.00073582564754982372 0.0056098626471105103 -0.00049660057224406359 0.011784227889961764 -0.013913717722896068 -0.0087772668030227773 0.015034351023365264 -0.0047063893212083395 -0.0010963378546365733 -0.019731130960213471 -0.0015955566114221576 0.011749715271619197 0.00099186452996338206 0.0095102641688372281 -0.0082691586103706798
leaf_weight=58105 3136 3219 2117 19244 2750 2136 3514 12740 2386 2059 4522 3036 5541 5604 2799 4757 14577 20520 2371 4096 3239 2868 11291 99707 4833 34719 7612 30068 23915 2530
leaf_count=58105 3136 3219 2117 19244 2750 2136 3514 12740 2386 2059 4522 3036 5541 5604 2799 4757 14577 20520 2371 4096 3239 2868 11291 99707 4833 34719 7612 30068 23915 2530
internal_value=0.000213139 0.000139839 0.0018311 0.00127979 -7.97053e-05 -0.00538399 0.000576345 -0.00126474 -7.66385e-05 -4.7343e-06 0.00070946 0.000406823 -0.000146971 0.00510622 -0.000379218 -0.0040497 0.00308441 -0.000252798 0.0072032 -0.00100051 -0.000700418 -0.000302115 -0.000647253 -0.00111812 -0.000598655 -0.00123755 0.00172912 0.000385786 0.00167384 0.00220442
internal_weight=400011 396875 45591 42372 351284 4886 37884 18640 15126 346398 119151 111488 92389 7663 227247 7556 19099 219691 4488 62908 58812 53271 161586 110998 50403 39552 10851 50588 29481 26445
internal_count=400011 396875 45591 42372 351284 4886 37884 18640 15126 346398 119151 111488 92389 7663 227247 7556 19099 219691 4488 62908 58812 53271 161586 110998 50403 39552 10851 50588 29481 26445
cat_boundaries=0 26 55 84 116 148 180 212 241 273 305 337 366 367
cat_threshold=838 0 0 14336 0 0 229888 0 0 3944448 0 0 16973824 0 0 3145728 0 0 50331648 0 0 0 0 0 0 208 335 0 0 7264 0 0 110592 0 0 393216 0 0 16908288 0 0 0 0 0 16777216 0 0 0 0 0 0 0 0 0 256 132 0 0 12416 0 0 100608 0 0 2887680 0 0 43057152 0 0 0 0 0 3221225472 0 0 2147483648 14 0 0 242 0 0 8576 7 0 0 1056 0 0 24576 0 0 3538944 0 0 0 0 0 83886080 0 0 3439329280 0 0 2684354560 9 0 0 966 0 0 12800 0 0 16384 4 0 0 4096 0 0 73728 0 0 2031616 0 0 34471936 0 0 66060288 0 0 419430400 0 0 2684354560 1 0 0 54 0 0 528 0 0 16384 512 0 0 3088 0 0 10496 0 0 28672 0 0 196608 0 0 209715200 0 0 0 0 0 0 12 0 0 386 0 0 3968 0 0 32768 66 0 0 96 0 0 135936 0 0 2228224 0 0 4194304 0 0 98566144 0 0 520093696 0 0 1610612736 32 0 0 0 0 0 7680 0 0 86528 195 0 0 6448 0 0 61952 0 0 2514944 0 0 4194304 0 0 0 0 0 0 0 0 536870912 0 0 0 128 0 0 512 0 0 0 96 0 0 0 0 0 0 0 0 19660800 0 0 566231040 0 0 805306368 0 0 0 0 0 0 1 0 0 0 0 0 118784 5 0 0 3088 0 0 90112 0 0 524288 0 0 0 0 0 268435456 0 0 0 3 0 0 16 0 0 8 0 0 16 0 0 1280 1 0 0 0 0 0 1024 0 0 49152 0 0 0 0 0 2097152 0 0 117440512 0 0 1610612736 0 0 0 0 0 0 0 0 0 8192 770 0 0 272 0 0 29184 0 0 8192 0 0 0 0 0 469762048 0 0 67108864 0 0 0 0 0 0 0 0 0 6144 9
is_linear=0
shrinkage=0.08


Tree=65
num_leaves=31
num_cat=2
split_feature=45 44 45 44 41 18 14 41 23 29 6 30 27 27 1 34 16 18 6 35 1 34 1 33 34 29 18 30 23 17
split_gain=37.1054 18.7528 20.4236 24.4859 27.1332 14.2655 15.5921 19.4265 11.4795 11.2131 13.4175 12.5938 17.1887 24.2752 16.7585 19.3886 14.7782 11.0857 12.2177 10.6271 12.8167 21.6329 25.4127 16.8729 14.7566 15.945 12.1898 11.7175 17.9322 10.4075
threshold=8.5082440376281756 8.6546297073364276 6.080458641052247 5.5917649269104013 5.4612629413604745 1.1702177524566653 2.3091342449188237 7.219494342803956 27.207244873046879 0.45383834838867193 0 122.18750000000001 1004.2604064941407 1010.0661926269532 76.750000000000014 -6.7512817382812491 0.59998643398284923 1.8652688264846804 1 0.87881088256835949 73.250000000000014 -0.25460815429687494 88.750000000000014 22.828991889953617 -1.5457458496093748 1.0000000180025095e-35 0.87281337380409252 1309.3125000000002 31.967407226562504 0.37288673222064977
decision_type=2 2 2 2 2 2 2 2 2 2 1 2 2 2 2 2 10 2 1 2 2 2 2 2 2 2 2 2 2 8
left_child=1 2 9 -4 -5 -6 8 -8 -7 10 19 14 16 -14 15 -11 -13 18 -15 20 24 -22 23 -23 27 -26 -21 28 -1 -12
right_child=-2 -3 3 4 5 6 7 -9 -10 11 29 12 13 17 -16 -17 -18 -19 -20 26 21 22 -24 -25 25 -27 -28 -29 -30 -31
leaf_value=-0.015921917044381995 0.016031452519159332 -0.014953701448723251 0.054075988649710423 0.025374267323205916 0.015219158925741142 -0.02517775661912271 0.017663063796937488 -0.018569267140166837 -0.0040564145765197065 -0.016642000916067986 0.00091251536756630002 -0.0035413554403302162 -0.0024271590656410112 0.0061079168004668904 -0.00087302169976741337 -0.0029689513356882459 0.0071048728525025372 -0.011889768429041983 0.00048969328535293673 0.0010290895572506286 0.0069294435839949388 0.0035293875894596696 0.010826616262994158 -0.0064375679942869904 -0.0049643689194177479 0.015312984855213152 -0.012576413892698169 0.0055276318701464166 0.0025878518343599756 -0.00066691364540707456
leaf_weight=3284 12548 7639 2419 6584 4568 3366 6344 2047 6159 2112 17460 2555 56714 10934 48057 13893 18740 2683 22063 7406 24889 3132 3043 5005 2057 3301 3283 2012 2038 93537
leaf_count=3284 12548 7639 2419 6584 4568 3366 6344 2047 6159 2112 17460 2555 56714 10934 48057 13893 18740 2683 22063 7406 24889 3132 3043 5005 2057 3301 3283 2012 2038 93537
internal_value=0.000198659 5.98966e-05 0.000138901 0.00208972 0.00144439 0.000120921 -0.000897021 0.00161647 -0.00311064 -3.75638e-05 0.000426031 -0.000482108 2.33951e-05 -0.000448898 -0.00137907 -0.00362036 0.00207181 0.00118577 0.00158815 0.00139566 0.00189662 0.00266582 -0.000257373 -0.00258991 -0.000289718 0.00289866 -0.000887933 -0.00261983 -0.00458365 -9.34992e-05
internal_weight=399872 387324 379685 31487 29068 22484 17916 8391 9525 348198 170447 177751 113689 92394 64062 16005 21295 35680 32997 59450 48761 36069 11180 8137 12692 5358 10689 7334 5322 110997
internal_count=399872 387324 379685 31487 29068 22484 17916 8391 9525 348198 170447 177751 113689 92394 64062 16005 21295 35680 32997 59450 48761 36069 11180 8137 12692 5358 10689 7334 5322 110997
cat_boundaries=0 1 2
cat_threshold=2 9
is_linear=0
shrinkage=0.08


Tree=66
num_leaves=31
num_cat=13
split_feature=5 37 5 29 40 29 35 5 5 30 34 39 41 27 29 37 5 5 34 5 5 5 5 18 27 5 32 40 5 5
split_gain=16.4072 19.886 16.2672 14.7504 10.7507 10.2012 16.1538 18.2917 16.7452 18.0898 13.3378 11.9867 22.944 21.7642 19.3751 11.8959 9.95113 8.78382 8.20227 17.6299 7.54975 7.515 7.40335 7.31671 7.32521 6.95733 6.8281 6.75417 10.1559 7.21745
threshold=0 0.82294833660125744 1 0.90843582153320324 4.1904356479644784 0.99609756469726574 2.3636817932128911 2 3 1690.6875000000002 -5.2301635742187491 0.88719356060028087 3.8207522630691533 1010.0661926269532 0.47549819946289068 -1.3413124084472654 4 5 8.0018310546875018 6 7 8 9 1.3759129643440249 1010.7043762207032 10 25.092816352844242 0.18228417634963992 11 12
decision_type=9 2 9 2 2 2 2 9 9 2 2 2 2 2 2 2 9 9 2 9 9 9 9 2 2 9 2 2 9 9
left_child=1 4 -3 23 5 6 8 15 -1 11 -9 12 16 14 -14 -8 -10 -13 26 -20 -7 -12 -11 -4 -25 -6 -2 28 -28 -29
right_child=18 2 3 -5 25 20 7 10 9 22 21 17 13 -15 -16 -17 -18 -19 19 -21 -22 -23 -24 24 -26 -27 27 29 -30 -31
leaf_value=0.0075933143435914421 -0.0022087376133246828 0.0016276855860147155 0.013453440625353733 0.034978892980482464 0.024316800309161783 0.025734131341463264 -0.013550689098512035 0.0036474425617578055 0.016611878332545783 0.020978225020277821 -0.02148177260114828 0.017366892698154484 -0.037815057828997224 -0.0037186268462263785 -0.010775894935956067 0.0039862448094722348 0.00015533917021824274 -3.5986211128005152e-05 0.0015547262683590546 -0.0073518589777060248 0.001555657326023563 -0.0087293863851778397 0.0054791699230533732 0.011389730879364457 -0.0098941544776185702 0.0046727810466239547 0.0028726536990977313 -0.0011135910830246676 0.00020161917275913655 0.00020602129632952605
leaf_weight=16018 2797 10407 4850 5719 2395 2930 2741 2530 2187 2035 2957 2759 2234 10561 2973 12282 16316 3429 2513 2770 2819 8760 3399 2999 2065 2186 6608 68026 22350 167803
leaf_count=16018 2797 10407 4850 5719 2395 2930 2741 2530 2187 2035 2957 2759 2234 10561 2973 12282 16316 3429 2513 2770 2819 8760 3399 2999 2065 2186 6608 68026 22350 167803
internal_value=0.000230453 0.000979376 0.00295125 0.00458059 0.0004734 0.000294203 8.79473e-05 -0.00146038 0.000820077 4.22538e-05 -0.0035116 -0.000540167 -0.0011254 -0.00336671 -0.0075944 0.000487935 0.000785394 0.00269764 -0.000119683 -0.00323824 0.00355965 -0.00465081 0.00437179 0.00271262 0.000583366 0.00425615 -5.79983e-05 -1.63899e-05 0.00113643 -0.000157989
internal_weight=400418 127551 26040 15633 101511 96930 91181 29270 61911 45893 14247 40459 34271 15768 5207 15023 18503 6188 272867 5283 5749 11717 5434 9914 5064 4581 267584 264787 28958 235829
internal_count=400418 127551 26040 15633 101511 96930 91181 29270 61911 45893 14247 40459 34271 15768 5207 15023 18503 6188 272867 5283 5749 11717 5434 9914 5064 4581 267584 264787 28958 235829
cat_boundaries=0 29 58 87 113 120 149 181 210 239 255 268 300 332
cat_threshold=459 0 0 15664 0 0 33536 0 0 1339392 0 0 12648448 0 0 69206016 0 0 67108864 0 0 2147483648 4 0 0 128 0 0 3072 264 0 0 8448 0 0 33280 0 0 1064960 0 0 65536 0 0 2097152 0 0 0 0 0 2147483648 4 0 0 128 0 0 2048 456 0 0 1280 0 0 32768 0 0 20480 0 0 4259840 0 0 69206016 0 0 67108864 0 0 2147483648 0 0 0 0 0 0 2048 264 0 0 14336 0 0 512 0 0 1048576 0 0 8388608 0 0 0 0 0 0 0 0 0 4 0 0 128 3 0 0 1072 0 0 256 2 0 0 1040 0 0 33024 0 0 16384 0 0 0 0 0 2097152 0 0 67108864 0 0 0 0 0 0 0 0 0 3072 0 0 0 0 0 0 0 0 0 0 0 0 0 0 0 63963136 0 0 1778384896 0 0 1342177280 2 0 0 311 0 0 96 0 0 2560 448 0 0 14384 0 0 768 0 0 282624 0 0 0 0 0 2097152 0 0 0 0 0 0 0 0 0 0 0 0 3072 1 0 0 16 0 0 0 0 0 1048576 0 0 8388608 0 0 0 0 0 0 0 0 0 0 0 0 128 0 0 1024 193 0 0 0 0 0 33024 0 0 20480 0 0 65536 0 0 67108864 193 0 0 10288 0 0 0 0 0 1323008 0 0 4194304 516 0 0 0 0 0 202752 0 0 163840 0 0 17432576 0 0 29360128 0 0 167772160 0 0 1610612736 8 0 0 103 0 0 16 0 0 112640 16 0 0 576 0 0 2048 0 0 65536 0 0 2097152 0 0 989855744 0 0 0 3 0 0 9 0 0 290 0 0 48 0 0 69376
is_linear=0
shrinkage=0.08


Tree=67
num_leaves=31
num_cat=13
split_feature=5 29 28 5 5 20 40 5 23 35 1 22 5 5 32 26 5 41 28 6 5 5 41 40 5 18 31 5 5 34
split_gain=16.5833 17.4354 14.8771 20.4492 12.5465 8.32756 11.9317 11.3075 8.27102 11.5603 15.159 13.3102 20.4214 11.793 9.62597 11.6823 9.2419 9.0508 9.98549 16.6938 9.76911 7.60488 7.32745 6.98118 9.20942 6.95551 6.91062 13.035 6.4367 6.02663
threshold=0 0.98685073852539074 1005.1972045898439 1 2 1.367991626262665 2.1617962121963505 3 25.47346115112305 2.6726722717285161 93.750000000000014 1.7409324645996096 4 5 933.48959350585949 6.6520636081695566 6 5.00771188735962 1009.5884399414064 7 8 9 0.64482632279396068 0.18228417634963992 10 1.5063663721084597 25.378828048706058 11 12 -0.35998535156249994
decision_type=9 2 2 9 9 2 2 9 2 2 2 2 9 9 2 2 9 2 2 1 9 9 2 2 9 2 2 9 9 2
left_child=1 5 4 -4 -3 6 21 -8 -7 10 14 13 -13 -11 15 17 -17 20 19 -19 -10 -1 -2 24 -24 -23 27 -25 -28 -22
right_child=22 2 3 -5 -6 8 7 -9 9 11 -12 12 -14 -15 -16 16 -18 18 -20 -21 29 25 23 26 -26 -27 28 -29 -30 -31
leaf_value=0.010795852874005991 -0.0020217366503697365 0.0059660178890548823 -0.0049656847617531238 0.017844791793477893 0.052286911145475533 -0.012989552379557772 -0.00043205029321534026 0.016775961871434316 0.01151765637861594 -0.024310525286871325 0.026163967943080558 -0.020431525460691092 0.0059540516943623343 -0.0034321458950748031 0.023089435537726716 -0.023255723768754351 -0.00038147642359653844 0.021369566481147489 0.023111855696062122 -0.01183219201693074 0.00055348086803235223 0.00099667637071500833 -0.00042943709146869846 0.016627267124106879 0.0013871374739430477 -0.0075745608032278967 -0.001225056078750999 0.00019840588714572949 -0.00011543794658436024 -0.01346954308674495
leaf_weight=5302 2636 2268 4509 5966 2978 2537 2884 6070 2069 2263 2386 3999 11516 2046 2040 2637 3233 2083 3008 2320 2050 38720 11162 2201 15690 3958 69517 6496 172722 2352
leaf_count=5302 2636 2268 4509 5966 2978 2537 2884 6070 2069 2263 2386 3999 11516 2046 2040 2637 3233 2083 3008 2320 2050 38720 11162 2201 15690 3958 69517 6496 172722 2352
internal_value=0.00017226 0.000962639 0.00344415 0.00169957 0.00691781 0.00058541 0.00123419 0.00391343 -0.000208383 4.81687e-05 0.00122209 -0.00138348 -0.000289855 -0.00531141 0.000557747 1.61927e-05 -0.00297279 0.00128131 0.00318825 0.000756855 -0.000904181 0.000733486 -0.00016374 -0.000123831 0.00110193 0.000377535 -0.000255035 0.00195934 -0.000334614 -0.0030303
internal_weight=399618 119194 15721 10475 5246 103473 56934 8954 46539 44002 24178 19824 15515 4309 21792 19752 5870 13882 7411 4403 6471 47980 280424 277788 26852 42678 250936 8697 242239 4402
internal_count=399618 119194 15721 10475 5246 103473 56934 8954 46539 44002 24178 19824 15515 4309 21792 19752 5870 13882 7411 4403 6471 47980 280424 277788 26852 42678 250936 8697 242239 4402
cat_boundaries=0 32 64 87 119 135 148 161 162 178 191 223 252 284
cat_threshold=714 0 0 15664 0 0 115456 0 0 290816 0 0 8519680 0 0 1048576 0 0 0 1 0 0 36 0 0 0 0 0 3584 0 0 4608 520 0 0 272 0 0 33280 0 0 24576 0 0 8519680 0 0 0 0 0 0 1 0 0 36 0 0 0 0 0 0 0 0 512 192 0 0 3328 0 0 114688 0 0 0 0 0 0 0 0 1048576 0 0 0 1 0 0 36 0 0 0 1056 0 0 65536 0 0 8192 0 0 8519680 0 0 1048576 0 0 0 0 0 0 0 0 0 0 0 0 0 0 0 4096 10 0 0 12288 0 0 512 0 0 8192 0 0 8388608 0 0 1048576 706 0 0 3328 0 0 65536 0 0 0 0 0 131072 64 0 0 48 0 0 49920 0 0 262144 0 0 8388608 5 130 0 0 6144 0 0 66048 0 0 12288 0 0 8388608 0 0 1048576 200 0 0 0 0 0 256 0 0 266240 0 0 8388608 1 0 0 128 0 0 9216 0 0 3145728 0 0 2097152 0 0 773849088 0 0 3305111552 0 0 3221225472 18 0 0 664 0 0 12416 0 0 17664 0 0 0 0 0 0 2048 0 0 0 0 0 0 0 0 14680064 0 0 234881024 0 0 1073741824 24 0 0 768 0 0 4128 16 0 0 0 0 0 0 0 0 65536 0 0 17301504 0 0 989855744 0 0 33554432 2 0 268435456 9 0 0 850 0 0 48 0 0 109824
is_linear=0
shrinkage=0.08


Tree=68
num_leaves=31
num_cat=15
split_feature=45 45 41 25 5 5 44 5 5 20 5 37 5 5 23 19 41 5 45 5 44 5 5 26 5 34 5 18 5 5
split_gain=33.7724 16.4754 29.1443 27.8595 23.0657 22.4693 15.1721 28.0236 12.8093 11.8696 13.382 13.1063 18.653 15.6582 10.9238 9.88091 9.76037 32.962 20.7123 23.2445 11.2338 22.5082 11.288 10.995 10.3491 9.47491 18.5482 14.6521 17.5222 10.9746
threshold=10.109513282775881 4.801305055618287 4.0328972339630136 4.7344377040863046 0 1 4.4485528469085702 2 3 1.3750088810920718 4 0.45705032348632818 5 6 28.307857513427738 0.74779230356216442 5.00771188735962 7 3.4877526760101323 8 3.4929196834564213 9 10 3.8959259986877446 11 -6.9306640624999991 12 0.86502012610435497 13 14
decision_type=2 2 2 2 9 9 2 9 9 2 9 2 9 9 2 2 2 9 2 9 2 9 9 2 9 2 9 2 9 9
left_child=1 6 5 4 -4 -3 16 14 -5 10 -10 12 -11 -13 -8 -9 18 -18 20 -20 22 -22 -1 -19 -21 26 -24 29 -29 -27
right_child=-2 2 3 8 -6 -7 7 15 9 11 -12 13 -14 -15 -16 -17 17 23 19 24 21 -23 25 -25 -26 27 -28 28 -30 -31
leaf_value=0.0015807215809777108 0.034428727333743227 0.040469473057859383 0.032706974727930598 -0.014359537686826797 0.00053486521587098323 0.00077569908135711075 -0.020543731070073862 0.0098632139990390399 0.011273169980259432 -0.013464498689598052 -9.7033012364171608e-05 0.017217697269437168 0.0031448712284549529 -0.0044325132374714825 -0.0059550058933803387 -0.003779278176056753 0.0040009634186891673 -0.0076444317852972874 0.016869069267624007 -0.0075399308344604602 -0.01506531232781331 -0.00060021454776092219 0.020467130239356642 -0.027017582262994892 0.0046308959834327722 0.00066610790861089126 0.0003897908977632092 -0.0095651454134019383 -0.0015928257779178434 -0.00076639695115737544
leaf_weight=45407 3115 3462 5161 5255 3804 2135 4581 2601 14340 14681 14059 8334 11367 8541 2293 11126 7643 2582 9302 3984 3457 7974 2090 3565 18035 46390 34210 6742 13078 80689
leaf_count=45407 3115 3462 5161 5255 3804 2135 4581 2601 14340 14681 14059 8334 11367 8541 2293 11126 7643 2582 9302 3984 3457 7974 2090 3565 18035 46390 34210 6742 13078 80689
internal_value=0.000157545 9.23159e-05 0.00103633 0.000670002 0.00488691 0.00662386 -0.000189103 -0.00228519 0.000175748 0.000456954 0.00172551 -0.000382456 -0.00150741 0.00135386 -0.00644619 -0.000193497 -3.75932e-05 -0.00211304 6.7952e-05 0.00200249 -0.000184547 -0.00263089 -6.21129e-05 -0.00646343 0.000583511 -0.000341995 0.000815202 -0.000628008 -0.00265053 -0.00031238
internal_weight=400003 396888 91139 85542 8965 5597 305749 20601 76577 71322 28399 42923 26048 16875 6874 13727 285148 13790 271358 31321 240037 11431 228606 6147 22019 183199 36300 146899 19820 127079
internal_count=400003 396888 91139 85542 8965 5597 305749 20601 76577 71322 28399 42923 26048 16875 6874 13727 285148 13790 271358 31321 240037 11431 228606 6147 22019 183199 36300 146899 19820 127079
cat_boundaries=0 26 55 87 119 151 164 190 219 251 283 315 347 376 405 437
cat_threshold=246 0 0 3696 0 0 57856 0 0 1454080 0 0 8585216 0 0 0 0 0 0 0 0 0 2 0 0 96 194 0 0 2336 0 0 162816 0 0 2154496 0 0 58982400 0 0 134217728 0 0 50331648 0 0 1610612736 0 0 0 97 0 0 5888 230 0 0 4864 0 0 145408 0 0 2564096 0 0 720896 0 0 126877696 0 0 822083584 0 0 0 0 0 0 2 0 0 1536 0 0 4096 0 0 0 64 0 0 1024 0 0 2146304 0 0 25427968 0 0 136314880 0 0 50331648 0 0 805306368 2 0 0 336 0 0 4608 0 0 65536 489 0 0 9264 0 0 125696 0 0 786432 0 0 37814272 0 0 0 0 0 0 0 0 0 0 0 0 1 0 0 1024 0 0 32768 210 0 0 3120 0 0 17152 0 0 1978368 0 0 4259840 80 0 0 7424 0 0 49920 0 0 798720 0 0 131072 0 0 1048576 0 0 0 0 0 0 0 0 0 128 96 0 0 3840 0 0 258816 0 0 405504 0 0 4390912 0 0 1048576 0 0 0 0 0 0 0 0 0 480 0 0 2048 709 0 0 11392 0 0 4096 0 0 1150976 0 0 43581440 0 0 8388608 0 0 1610612736 0 0 0 12 0 0 530 0 0 3456 0 0 8192 4 0 0 48 0 0 206336 0 0 655360 0 0 4521984 0 0 51380224 0 0 150994944 0 0 2684354560 3 0 0 22 0 0 3600 0 0 12544 866 0 0 8304 0 0 135680 0 0 1048576 0 0 4259840 0 0 7340032 0 0 452984832 0 0 3758096384 0 0 0 256 0 0 3072 0 0 104448 0 0 0 512 0 0 16896 0 0 393216 0 0 4194304 0 0 69206016 0 0 402653184 0 0 3489660928 0 0 0 1 0 0 0 0 0 65536 0 0 0 128 0 0 1024 0 0 2097152 0 0 50462720 0 0 201326592 0 0 0 0 0 0 0 0 0 0 0 0 512 4 0 0 3072 0 0 32768 0 0 360448 0 0 524288 0 0 234881024 0 0 536870912 0 0 0 0 0 0 32 0 0 4096 20 0 0 0 0 0 0 0 0 2146304 0 0 917504 0 0 109051904 0 0 603979776 1 0 0 32 0 0 157 0 0 12288 0 0 24576
is_linear=0
shrinkage=0.08


Tree=69
num_leaves=31
num_cat=3
split_feature=39 33 29 10 38 9 6 24 39 42 38 30 35 33 12 16 20 29 31 24 29 6 23 1 31 33 16 20 33 43
split_gain=12.6861 13.1323 12.2369 10.11 9.85072 7.85752 9.65187 13.2462 11.3263 8.80914 17.7826 7.77102 7.64934 12.5303 14.1089 21.2025 13.2852 12.9297 12.8127 8.01274 8.73536 11.8491 15.1245 10.7803 8.79685 11.0458 8.01519 8.01089 7.86417 7.51502
threshold=0.65477296710014354 22.828991889953617 0.99250411987304699 2.3234069347381596 3.0967955589294438 0 1 27.716140747070316 1.6265575885772707 4.7834634780883798 1.3460342884063723 0.78125000000000011 0.017642974853515628 21.001152038574222 2.1873607635498051 1.9739224910736086 1.4046033024787905 0.11542510986328126 68.821575164794936 37.954620361328132 1.0000000180025095e-35 2 27.935623168945316 74.250000000000014 80.949840545654311 15.014976024627687 2.3138034343719487 0.34896214306354528 20.498111724853519 4.4565498828887948
decision_type=2 2 2 2 2 1 1 2 2 2 2 2 2 2 2 10 2 2 2 2 2 1 2 2 2 2 8 2 2 2
left_child=3 2 5 12 -4 6 7 29 9 -9 -11 -8 19 14 15 -14 17 -15 -19 20 -1 -22 24 -24 25 27 28 -23 -27 -2
right_child=1 -3 4 -5 -6 -7 11 8 -10 10 -12 -13 13 16 -16 -17 -18 18 -20 -21 21 22 23 -25 -26 26 -28 -29 -30 -31
leaf_value=-0.0013119105619617643 -0.0027442922458168931 0.0091702062288095479 0.012403198142790686 0.016017736735328993 -0.0029939705928181582 -0.0037530568943897171 -0.0063648790005961155 -0.0051098225448972072 0.0064712004006666395 -0.045693649142847105 -0.0056314828920960916 0.0052718054274359721 -0.00022238970034467952 0.003039409240714839 -0.025321950460303784 0.019737974589309922 -0.015201407012390594 -0.0037274810924918357 -0.00032884522944414129 0.0076172305349799085 0.0037404457014090964 -0.00010426052437900957 -0.0001986419475503709 -0.011747409516330229 -0.0042086950859464125 -0.00096832983550244835 0.011601155804305919 0.0080469809189253547 0.0024009884115260682 0.014710806725350719
leaf_weight=24172 3600 15447 11397 3227 4513 15832 2854 6764 3023 2003 2104 31673 123708 6804 2076 8074 5240 24229 25541 5758 20244 2280 2069 2370 2199 24117 2008 4275 8129 4002
leaf_count=24172 3600 15447 11397 3227 4513 15832 2854 6764 3023 2003 2104 31673 123708 6804 2076 8074 5240 24229 25541 5758 20244 2280 2069 2370 2199 24117 2008 4275 8129 4002
internal_value=0.000138289 0.000902133 0.000523384 -0.000127609 0.00253015 7.87588e-05 0.000523527 -0.000806841 -0.0022756 -0.00347946 -0.00639786 0.00135178 -0.000176677 -0.000465245 -3.0179e-05 7.31456e-05 -0.00140722 -0.00104977 -0.00149699 0.000401717 0.000220086 0.000686253 -5.47749e-06 -0.00444594 0.000453764 0.000719763 0.000143591 0.00372582 -0.00016245 0.00187599
internal_weight=399732 103212 87765 296520 15910 71855 56023 21496 13894 10871 4107 34527 293293 195672 133858 131782 61814 56574 49770 97621 91863 67691 47447 4439 43008 40809 34254 6555 32246 7602
internal_count=399732 103212 87765 296520 15910 71855 56023 21496 13894 10871 4107 34527 293293 195672 133858 131782 61814 56574 49770 97621 91863 67691 47447 4439 43008 40809 34254 6555 32246 7602
cat_boundaries=0 1 2 3
cat_threshold=41 8 2
is_linear=0
shrinkage=0.08


Tree=70
num_leaves=31
num_cat=13
split_feature=45 42 5 5 45 41 5 5 42 5 41 16 30 44 5 37 5 5 30 5 27 5 41 5 45 5 27 28 6 42
split_gain=27.4255 20.368 18.8487 18.4821 13.122 26.4989 22.0188 20.9116 17.5909 15.2587 12.6065 14.5189 12.1823 11.0106 30.4307 10.9325 14.2175 12.2881 10.525 10.707 9.87376 9.63789 14.717 19.2841 15.8617 19.8908 14.3076 20.572 12.8375 10.0008
threshold=7.5799889564514169 8.2374863624572772 0 1 4.4478003978729257 3.8893424272537236 2 3 4.350724697113038 4 4.474642515182496 1.3768789172172549 513.06250000000011 4.2816278934478769 5 -1.3801820278167722 6 7 60.312500000000007 8 1010.7043762207032 9 3.8207522630691533 10 3.1235693693161015 11 1009.4122924804689 1006.6109313964845 12 2.8092528581619267
decision_type=2 2 9 9 2 2 9 9 2 9 2 10 2 2 9 2 9 9 2 9 2 9 2 9 2 9 2 2 1 2
left_child=1 4 -3 12 13 6 -6 10 9 -9 -7 -12 -2 21 -15 16 -10 18 19 -17 -13 28 24 -24 -23 -26 27 -25 -1 -28
right_child=3 2 -4 -5 5 7 -8 8 15 -11 11 20 -14 14 -16 17 -18 -19 -20 -21 -22 22 23 26 25 -27 29 -29 -30 -31
leaf_value=0.0047125527256114096 0.0014341828021105841 0.0044777077641566443 -0.032936312214162981 0.0034979061731053918 0.040201414527902483 0.0092642559078402707 0.0038344401346174627 0.0028703292710574235 -0.017462418591874498 0.026575990983671964 -0.028040411196478664 -0.015141130862280541 0.027936108777076214 -0.016170519817704197 0.00028310418161893837 0.01186469776188206 0.0051842175687087004 -0.001352886197641805 0.011022456328313836 -0.015915833945171903 0.011641908169601436 -0.00031431757773305871 0.0019572954222295902 -0.0082173765372457724 0.013305149361617162 -0.00098901629460923968 0.0044693374043428061 -0.030260574886741481 9.9780611691744345e-05 -0.010175452717419873
leaf_weight=17611 2085 2058 3420 13107 2985 2662 2940 3642 3525 4974 2022 5767 6725 4799 10907 2451 3114 21318 21019 2503 2014 176776 7874 3740 8218 9371 2931 2737 42648 3788
leaf_count=17611 2085 2058 3420 13107 2985 2662 2940 3642 3525 4974 2022 5767 6725 4799 10907 2451 3114 21318 21019 2503 2014 176776 7874 3740 8218 9371 2931 2737 42648 3788
internal_value=0.000150848 -8.78716e-06 -0.00484694 0.00290145 6.25225e-05 0.000963605 0.00610952 0.000556378 0.0011527 0.0045073 -0.00243332 -0.00376032 0.00573046 -0.000187777 -0.00224739 0.00061624 -0.00242142 0.00104311 0.0022106 -0.00110395 -0.00218457 -7.03653e-05 -0.000320531 -0.00232827 -0.000102791 0.00218762 -0.00419492 -0.00687837 0.000823836 -0.00160797
internal_weight=399731 377814 5478 21917 372336 80936 5925 75011 62546 8616 12465 9803 8810 291400 15706 53930 6639 47291 25973 4954 7781 275694 215435 21070 194365 17589 13196 6477 60259 6719
internal_count=399731 377814 5478 21917 372336 80936 5925 75011 62546 8616 12465 9803 8810 291400 15706 53930 6639 47291 25973 4954 7781 275694 215435 21070 194365 17589 13196 6477 60259 6719
cat_boundaries=0 29 42 71 103 135 167 193 225 257 289 321 350 351
cat_threshold=113 0 0 1040 0 0 161536 0 0 393216 0 0 196608 0 0 1048576 0 0 0 0 0 0 0 0 0 192 0 0 3584 266 0 0 6192 0 0 65792 0 0 1060864 0 0 31457280 224 0 0 2048 0 0 161280 0 0 2670592 0 0 60030976 0 0 0 0 0 1191182336 0 0 536870912 0 0 0 32 0 0 4992 0 0 0 96 0 0 5120 0 0 2277376 0 0 27525120 0 0 136314880 0 0 50331648 0 0 1610612736 0 0 0 272 0 0 7808 0 0 32768 905 0 0 12544 0 0 196864 0 0 65536 0 0 4194304 0 0 1048576 0 0 0 0 0 0 0 0 0 128 0 0 8192 0 0 65536 226 0 0 768 0 0 145408 0 0 2555904 0 0 33751040 0 0 126877696 0 0 855638016 0 0 2147483648 1 0 0 130 0 0 0 0 0 65792 452 0 0 14336 0 0 204800 0 0 1847296 0 0 196608 0 0 1048576 0 0 0 0 0 0 0 0 0 128 910 0 0 12416 0 0 246016 0 0 1847296 0 0 0 0 0 1048576 0 0 0 0 0 268435456 0 0 0 128 0 0 8192 0 0 65536 8 0 0 128 0 0 164096 0 0 1843200 0 0 0 0 0 0 0 0 0 0 0 0 0 0 0 128 0 0 0 0 0 65536 739 0 0 12608 0 0 12288 0 0 1052672 0 0 4259840 0 0 68157440 0 0 536870912 0 0 1073741824 36 0 0 136 0 0 7680 0 0 88064 20 0 0 0 0 0 148224 0 0 262144 0 0 2228224 0 0 134217728 0 0 1090519040 0 0 268435456 10 0 0 369 0 0 8576 0 0 40960 264 0 0 3728 0 0 232448 0 0 2351104 0 0 62390272 0 0 304087040 0 0 1107296256 0 0 0 0 0 0 256 0 0 384 2
is_linear=0
shrinkage=0.08


Tree=71
num_leaves=31
num_cat=18
split_feature=5 29 27 5 30 27 5 29 5 5 23 16 5 6 5 5 30 5 5 6 5 5 5 35 10 5 5 23 39 5
split_gain=11.1588 12.4367 9.71882 46.7343 20.9481 12.5734 42.8899 20.027 37.7978 16.9816 18.9827 17.9508 15.8641 12.9825 12.6252 12.1821 11.4099 13.0717 9.35158 8.20656 14.5782 13.3279 8.10602 7.96584 17.6856 28.0663 19.307 16.0901 11.1537 10.8132
threshold=0 0.99320602416992199 1003.1991577148439 1 91.812500000000014 1006.797821044922 2 0.93406295776367199 3 4 28.031291961669925 3.480485320091248 5 6 7 8 17.312500000000004 9 10 11 12 13 14 2.5143623352050786 1.639275133609772 15 16 27.2507438659668 0.58668494224548351 17
decision_type=9 2 2 9 2 2 9 2 9 9 2 8 9 1 9 9 2 9 9 1 9 9 9 2 2 9 9 2 2 9
left_child=1 23 3 -2 -5 6 13 9 -9 10 11 14 -12 -4 -7 -10 22 -18 -8 21 -21 -17 -16 28 25 -25 -26 -28 -1 -29
right_child=2 -3 5 4 -6 7 18 8 15 -11 12 -13 -14 -15 16 19 17 -19 -20 20 -22 -23 -24 24 26 -27 27 29 -30 -31
leaf_value=0.00045978479431066257 0.021469601898877196 0.015023748450894594 0.0060043330036064907 -0.015395178783102851 0.00026172287282260064 -0.0034496240787649326 -0.0026724735123539391 -0.0099062004419623005 0.0037309809087303324 -0.00028068765511329863 0.015835948915699657 0.014938009426347978 0.0028004147620983135 -0.0032984292556488271 -0.003232812945520358 0.0033647863253193802 0.013549782370174053 0.0017715384425262594 -0.0075195458880863075 0.00068423419114168379 -0.011237463267718741 -0.0027742467168198151 0.00066482992509099505 0.023784987674529932 0.014172078868242882 -0.0020503334744915946 0.0028805358955219873 -0.033792970457642645 0.0093329954972599799 -0.012196383982413864
leaf_weight=25380 9296 7674 9317 2530 18042 11818 15473 8432 8871 135726 6510 2436 9099 3718 6679 5543 2412 16970 16640 2675 3919 6015 20990 3859 2400 7977 3205 2238 18758 5342
leaf_count=25380 9296 7674 9317 2530 18042 11818 15473 8432 8871 135726 6510 2436 9099 3718 6679 5543 2412 16970 16640 2675 3919 6015 20990 3859 2400 7977 3205 2238 18758 5342
internal_value=0.000124814 0.000991243 -8.12673e-05 0.00129326 -0.000835276 -0.000221311 -0.00144913 2.1765e-06 -0.00175779 0.000295697 0.00124522 0.000610943 0.00373519 0.002419 0.000331867 -0.000296565 0.000919037 0.00240718 -0.00301933 -0.0014836 -0.00373148 -0.000196925 -0.000123559 0.000652026 -0.000488195 0.00175587 -0.00250246 -0.00394447 0.00129836 -0.0059552
internal_weight=399944 76833 323111 29868 20572 293243 45148 248095 35455 212640 76914 61305 15609 13035 58869 27023 47051 19382 32113 18152 6594 11558 27669 69159 25021 11836 13185 10785 44138 7580
internal_count=399944 76833 323111 29868 20572 293243 45148 248095 35455 212640 76914 61305 15609 13035 58869 27023 47051 19382 32113 18152 6594 11558 27669 69159 25021 11836 13185 10785 44138 7580
cat_boundaries=0 32 64 96 128 154 180 181 200 232 251 283 284 313 342 368 375 388 392
cat_threshold=458 0 0 15408 0 0 33024 0 0 12288 0 0 4194304 0 0 0 0 0 0 0 0 0 4 0 0 0 0 0 6144 0 0 69632 0 0 0 0 0 0 20992 0 0 2080768 0 0 26935296 0 0 159383552 0 0 1073741824 0 0 0 0 0 0 992 0 0 8960 0 0 2304 21 0 0 448 0 0 69120 0 0 3194880 0 0 50331648 0 0 536870912 0 0 2197815296 2 0 536870912 18 0 0 833 0 0 176 0 0 8192 0 0 0 256 0 0 4096 0 0 4177920 0 0 26148864 0 0 25165824 0 0 67108864 0 0 536870912 8 0 0 20 0 0 144 0 0 1280 516 0 0 0 0 0 77824 0 0 3833856 0 0 2883584 0 0 99614720 0 0 520093696 1 0 1073741824 56 0 0 28 4 0 0 0 0 0 8192 0 0 131072 0 0 2097152 0 0 3145728 0 0 385875968 0 0 1073741824 0 0 0 4 5 4 0 0 0 0 0 12288 0 0 2228224 0 0 2097152 0 0 1048576 0 0 16777216 32 0 0 576 0 0 156672 0 0 0 0 0 3145728 0 0 236978176 0 0 2063597568 0 0 3221225472 0 0 0 98 0 0 1536 0 0 59392 0 0 0 0 0 0 0 0 0 0 0 0 524288 0 0 12582912 0 0 503316480 32 0 0 0 0 0 159744 0 0 65536 0 0 11796480 0 0 311427072 0 0 134217728 1 0 3221225472 9 0 0 128 0 0 9280 0 0 256 5 5 0 0 0 0 0 0 0 0 0 0 0 0 0 0 268435456 0 0 2147483648 3 0 268435456 35 0 0 520 0 0 8288 528 0 0 128 0 0 2048 0 0 0 0 0 33554432 0 0 4194304 0 0 0 0 0 0 48 0 0 897 0 0 256 512 0 0 0 0 0 65536 0 0 0 0 0 524288 0 0 0 0 0 436207616 0 0 0 0 0 0 4 200 0 0 3072 0 0 32768 0 0 0 32 0 0 256 0 0 12288 0 0 4194304 392 0 0 4096
is_linear=0
shrinkage=0.08


Tree=72
num_leaves=31
num_cat=10
split_feature=45 45 26 5 19 44 14 10 5 5 5 35 5 36 38 23 5 10 24 5 10 14 5 18 28 35 37 5 5 10
split_gain=25.0677 12.1869 23.982 26.851 19.1614 16.6698 16.6894 13.9315 23.3018 13.5613 10.213 10.9597 11.6863 9.94705 12.8088 8.72504 8.56069 8.36677 8.3547 17.8983 15.2351 19.9738 13.3771 8.13638 14.2405 9.85895 9.41304 19.9039 11.3291 11.0193
threshold=10.109513282775881 7.0102374553680429 8.730504512786867 0 1.8689680099487307 8.2044548988342303 2.9445605278015141 2.0414417982101445 1 2 3 1.0647773742675783 4 2.6679039001464848 -0.57415378093719471 26.780483245849613 5 2.2849173545837407 27.841613769531254 6 1.4447586536407473 1.6558320522308352 7 2.1325036287307744 1005.6015625000001 2.3169517517089848 -0.35559421777725214 8 9 1.4800381660461428
decision_type=2 2 2 9 2 2 2 2 9 9 9 2 9 2 2 2 9 2 2 9 2 2 9 2 2 2 2 9 9 2
left_child=1 2 10 -4 5 7 9 8 -3 -7 11 12 13 15 -15 -1 -5 -11 19 -13 21 -20 -22 26 -25 -26 27 -12 29 -28
right_child=-2 4 3 16 -6 6 -8 -9 -10 17 23 18 -14 14 -16 -17 -18 -19 20 -21 22 -23 -24 24 25 -27 28 -29 -30 -31
leaf_value=0.011032920271332004 0.029045311663407639 -0.013778708964350414 -0.041217374250703924 0.01228790141975134 0.040030503710517688 -0.00888488596105887 -0.017660421624522016 0.026428473832764168 0.024230653143210254 0.015460412181675877 -0.003900408299806779 0.028051963889852666 0.0019520137700444007 0.018565809639234702 -0.0055050880365681114 0.036203924307175797 -0.011581257239767658 -0.0036606458500195414 -0.0035696156646532629 -0.00021460520106358238 -0.025191849393306782 0.025762687435176516 -0.0042258863688739191 0.0065260329274042309 -0.003885278312029854 -0.021850354657425283 0.0010389141291758364 0.00017847498396444061 -0.00014838602990758343 0.012891305301404331
leaf_weight=2403 3120 2957 2474 2072 3416 4193 3059 2934 2880 5017 25003 2902 20526 2241 2459 2165 6666 2308 4519 10642 2759 2515 6271 3470 4179 3274 60720 51812 143454 7474
leaf_count=2403 3120 2957 2474 2072 3416 4193 3059 2934 2880 5017 25003 2902 20526 2241 2459 2165 6666 2308 4519 10642 2759 2515 6271 3470 4179 3274 60720 51812 143454 7474
internal_value=0.000153041 9.67805e-05 -2.24859e-05 -0.00366423 0.00174498 0.000924737 -0.00073353 0.0036784 0.00141269 0.000662734 9.14163e-05 0.00104944 0.0021326 0.00448751 0.00190234 0.00714723 -0.00156657 0.00273656 -4.05159e-05 0.00142246 -0.00127411 0.00151618 -0.0034469 -9.87288e-05 -0.00224092 -0.0042101 -1.75406e-05 -0.000776049 0.000257774 0.00110652
internal_weight=399884 396764 370000 11212 26764 23348 14577 8771 5837 11518 358788 59402 29794 9268 4700 4568 8738 7325 29608 13544 16064 7034 9030 299386 10923 7453 288463 76815 211648 68194
internal_count=399884 396764 370000 11212 26764 23348 14577 8771 5837 11518 358788 59402 29794 9268 4700 4568 8738 7325 29608 13544 16064 7034 9030 299386 10923 7453 288463 76815 211648 68194
cat_boundaries=0 32 48 67 99 125 157 189 193 225 257
cat_threshold=464 0 0 12352 0 0 65536 0 0 3747840 0 0 0 0 0 136314880 0 0 0 0 0 0 2 0 0 16 0 0 128 0 0 16384 240 0 0 1840 0 0 132864 0 0 1323008 0 0 23134208 0 0 1048576 533 0 0 15936 0 0 4864 0 0 856064 0 0 8388608 0 0 135266304 0 0 16777216 964 0 0 14336 0 0 37120 0 0 1609728 0 0 65536 0 0 0 0 0 0 0 0 0 8 0 0 128 0 0 2048 0 0 4608 960 0 0 14336 0 0 0 0 0 1048576 0 0 0 0 0 0 0 0 0 0 0 0 0 0 0 128 1 0 0 1040 0 0 17152 0 0 409600 0 0 2097152 0 0 0 0 0 0 0 0 536870912 4 0 0 1 0 0 9472 0 0 65536 192 0 0 0 0 0 33024 0 0 557056 0 0 0 0 0 0 0 0 0 0 0 0 0 0 0 0 0 0 0 0 0 4096 704 0 0 2048 25 0 0 1152 0 0 2048 0 0 2359296 0 0 59244544 0 0 266338304 0 0 301989888 0 0 0 4 0 0 12 0 0 240 0 0 36096 2 0 0 1456 0 0 133632 0 0 2383872 0 0 29884416 0 0 258998272 0 0 2315255808 0 0 1073741824 4 0 0 0 0 0 0 0 0 2048
is_linear=0
shrinkage=0.08


Tree=73
num_leaves=31
num_cat=0
split_feature=32 34 0 3 0 16 39 36 16 22 3 33 20 23 16 27 27 22 34 27 30 34 35 1 30 23 30 1 33 26
split_gain=8.57334 9.26537 21.5545 9.87944 8.8168 17.2481 15.3563 13.8648 17.9439 11.786 11.4864 11.1364 15.0744 10.8678 11.9747 11.9284 9.24619 8.7554 11.5278 13.6602 13.5445 11.3189 12.2729 12.3716 13.9732 13.1157 10.9012 10.4466 10.1628 9.55028
threshold=1000.5954589843751 -8.9011535644531232 23.750000000000004 4558.4914550781259 17.250000000000004 2.7289956808090214 1.3571362495422366 0.54788589477539074 2.8293644189834599 0.50210952758789074 4400.4309082031259 19.067711830139164 2.1613553762435918 19.147075653076175 0.43676313757896429 1015.4103088378907 1014.234832763672 1.4863014221191408 -2.9549255371093746 1009.8577270507814 1054.1875000000002 2.3715515136718754 1.6055107116699221 90.250000000000014 981.93750000000011 27.362354278564457 13.062500000000002 76.250000000000014 12.412224292755129 6.7009706497192392
decision_type=2 2 2 2 2 8 2 2 8 2 2 2 2 2 10 2 2 2 2 2 2 2 2 2 2 2 2 2 2 2
left_child=1 2 -1 -4 5 16 11 10 -9 -10 13 12 -7 14 -6 -16 17 21 27 20 28 22 23 24 25 29 -25 -19 -20 -3
right_child=-2 4 3 -5 7 6 -8 8 9 -11 -12 -13 -14 -15 15 -17 -18 18 19 -21 -22 -23 -24 26 -26 -27 -28 -29 -30 -31
leaf_value=0.020322374302897545 0.0030259248287598873 0.0026437255616396892 -0.00088816219677503307 0.0043046978923079139 0.00036224630441943794 0.049623376327486264 -0.0041437245255612608 -0.0008226194150867006 -0.016280436077017565 -0.0076505057256284204 0.0040763986517292003 0.0018009843196222163 0.011376315351917601 0.0010818868714427454 0.0013655014960616053 -0.0059192727236405986 0.0070929278930580075 0.017079094168301445 -0.024741077994287035 0.0044826504066793407 0.003433743251848944 -0.013372515548205293 -0.0059973309465841855 -0.0052131339306057531 0.0039349357919611361 -0.0080541761748332691 0.013913146248991363 0.0037611970758172574 -0.0061329486349226059 -0.016307533607457927
leaf_weight=6809 36415 10040 17595 6902 8698 3460 3483 123097 2006 2749 7966 2611 2935 49688 2832 6626 2349 4980 3318 14573 7090 3037 12505 2113 14712 12283 6177 13713 6842 2301
leaf_count=6809 36415 10040 17595 6902 8698 3460 3483 123097 2006 2749 7966 2611 2935 49688 2832 6626 2349 4980 3318 14573 7090 3037 12505 2113 14712 12283 6177 13713 6842 2301
internal_value=0.000164685 4.74278e-05 0.00136288 0.000255437 -7.65818e-05 0.000442225 0.00326586 -0.000403983 -0.000912234 -0.00572928 0.000453179 0.00500887 0.00680406 0.000115542 -0.00155896 -0.00352767 0.000138052 3.51822e-05 0.000820172 -0.000106179 -0.0016292 -0.000592611 -0.000351507 0.000234277 -0.000357851 -0.0015231 0.00304096 0.00239641 -0.00350049 0.000319003
internal_weight=399905 363490 31306 24497 332184 128522 12489 203662 127852 4755 75810 9006 6395 67844 18156 9458 116033 113684 50516 31823 17250 63168 60131 47626 39336 24624 8290 18693 10160 12341
internal_count=399905 363490 31306 24497 332184 128522 12489 203662 127852 4755 75810 9006 6395 67844 18156 9458 116033 113684 50516 31823 17250 63168 60131 47626 39336 24624 8290 18693 10160 12341
is_linear=0
shrinkage=0.08


Tree=74
num_leaves=31
num_cat=12
split_feature=45 5 28 44 5 5 43 40 45 41 44 5 5 5 43 43 5 29 5 5 5 45 28 28 5 5 43 17 43 32
split_gain=18.2102 17.8779 11.7688 11.2375 22.6384 10.8727 11.7492 18.1005 9.48239 22.8129 26.0179 21.4964 17.0519 15.2107 14.9807 11.2625 28.8718 10.736 28.0105 27.7725 12.7542 12.6621 12.2994 14.7814 25.3769 12.1755 13.203 10.5989 9.80594 9.63765
threshold=7.4516913890838632 0 1001.0084228515626 7.7035424709320077 1 2 9.8988881111145037 1.7545247673988345 5.0563092231750497 4.438483953475953 4.9506661891937265 3 4 5 7.8557147979736337 4.8643312454223642 6 0.40829086303710943 7 8 9 3.0769506692886357 1007.0246887207032 1003.7634277343751 10 11 3.9370468854904179 1.7173808813095095 4.1492872238159189 541.46539306640636
decision_type=2 9 2 2 9 9 2 2 2 2 2 9 9 9 2 2 9 2 9 9 9 2 2 2 9 9 2 10 2 2
left_child=3 -2 -3 8 -5 -4 7 -7 15 12 13 14 -10 -11 -12 17 29 19 27 21 -20 -1 23 -21 -25 26 -24 -19 -23 -17
right_child=1 2 5 4 -6 6 -8 -9 9 10 11 -13 -14 -15 -16 16 -18 18 20 22 -22 28 25 24 -26 -27 -28 -29 -30 -31
leaf_value=0.0012910196383539851 0.020669567463088043 0.033599236052717883 -0.017348421696742024 -0.032659899588016579 0.0014108603924974528 -0.0097917804349464538 -0.0065011937491792435 0.019845132562761308 0.034499331742031528 0.029331007960336705 0.0053828053176678738 -0.011052632099822865 0.00098032289411939641 0.0019800233348454556 -0.017454023013987623 -0.0025189199059718437 0.0030179191935143378 -0.0023839417899948257 0.0026306584537652091 -0.00092836141848057002 -0.00046147781279199941 0.020804219819592608 -0.0016135535856938478 0.012140990217691012 -4.0505303635609561e-05 0.00023924574305719481 -0.022249292843984313 -0.02234442375955225 0.0037391923237379567 -0.018716516689578154
leaf_weight=22071 7220 2131 2684 3486 5052 2328 3248 5946 3625 5026 24417 12407 2153 3625 2141 2559 8717 34952 32804 11994 84760 7454 31326 6205 6946 50782 2029 3080 3019 5719
leaf_count=22071 7220 2131 2684 3486 5052 2328 3248 5946 3625 5026 24417 12407 2153 3625 2141 2559 8717 34952 32804 11994 84760 7454 31326 6205 6946 50782 2029 3080 3019 5719
internal_value=0.000124726 0.002282 0.000813108 -1.03624e-05 -0.00287787 -1.96961e-05 0.00105008 0.00265089 5.62774e-05 0.00104187 0.000465292 -0.000416164 0.00578438 0.00443136 0.000868387 -0.000111123 -0.0021135 3.36211e-06 -0.000455509 0.000506782 0.000155123 0.00255743 -0.000104298 0.00144782 0.00329914 -0.000568291 -0.00175521 -0.00234206 0.00484785 -0.00549048
internal_weight=399906 23557 16337 376349 8538 14206 11522 8274 367811 53394 47616 38965 5778 8651 26558 314417 16995 297422 155596 141826 117564 32544 109282 25145 13151 84137 33355 38032 10473 8278
internal_count=399906 23557 16337 376349 8538 14206 11522 8274 367811 53394 47616 38965 5778 8651 26558 314417 16995 297422 155596 141826 117564 32544 109282 25145 13151 84137 33355 38032 10473 8278
cat_boundaries=0 29 61 77 106 135 161 193 225 254 286 318 350
cat_threshold=10 0 0 14384 0 0 65536 0 0 12288 0 0 20971520 0 0 134217728 0 0 0 0 0 0 0 0 0 0 0 0 512 156 0 0 12288 0 0 98560 0 0 3747840 0 0 25296896 0 0 137363456 0 0 50331648 0 0 0 0 0 0 64 0 0 0 0 0 65536 516 0 0 64 0 0 4096 0 0 786432 0 0 8454144 0 0 1048576 1007 0 0 12624 0 0 248064 0 0 1912832 0 0 33619968 0 0 1048576 0 0 0 0 0 0 8 0 0 32 0 0 256 224 0 0 15360 0 0 187392 0 0 2351104 0 0 63176704 0 0 1048576 0 0 50331648 0 0 1610612736 0 0 0 32 0 0 1280 503 0 0 2608 0 0 90880 0 0 12288 0 0 4390912 0 0 0 0 0 0 0 0 0 0 0 0 192 368 0 0 7984 0 0 90368 0 0 1863680 0 0 16777216 0 0 609222656 0 0 0 0 0 3221225472 8 0 0 32 0 0 1024 0 0 16384 15 0 0 288 0 0 104960 0 0 1126400 0 0 196608 0 0 0 0 0 234881024 2 0 2684354560 4 0 0 52 0 0 304 0 0 8448 968 0 0 15744 0 0 102400 0 0 1576960 0 0 16973824 0 0 0 0 0 1174405120 2 0 0 30 0 0 48 0 0 96 1008 0 0 3600 0 0 139520 0 0 262144 0 0 35127296 0 0 134217728 0 0 2415919104 0 0 1073741824 0 0 0 130 0 0 10240 0 0 98816 2 0 0 0 0 0 139264 0 0 2605056 0 0 5505024 0 0 106954752 0 0 939524096 0 0 3758096384 1 0 0 268 0 0 3712 0 0 8448 35 0 0 64 0 0 25856 0 0 2555904 0 0 39321600 0 0 689963008 0 0 2952790016 0 0 536870912 33 0 0 513 0 0 8192 0 0 34048
is_linear=0
shrinkage=0.08


Tree=75
num_leaves=31
num_cat=10
split_feature=45 26 41 5 42 19 16 27 5 28 5 16 10 15 12 5 5 43 43 5 42 5 45 41 5 5 26 38 5 7
split_gain=21.5917 21.6364 19.6238 15.7918 15.4005 14.5427 19.5284 12.4781 19.3512 13.733 15.2463 18.8774 16.0376 10.8749 9.15244 8.0019 7.64156 7.64065 7.23807 23.9149 7.88494 15.7366 11.7249 22.0259 27.6969 25.3354 12.3007 7.65022 35.9863 30.9538
threshold=6.1344017982482919 6.7009706497192392 4.8873167037963876 0 7.855119228363038 0.91414815187454235 1.386601507663727 1001.6183166503907 1 1008.9146728515626 2 2.2619469165802006 2.5435798168182377 2.1552919149398808 0.95866712927818309 3 4 7.4792280197143564 6.5827245712280282 5 6.1381902694702157 6 4.801305055618287 6.2385666370391855 7 8 5.8304567337036142 0.13853919506073001 9 2.5000000000000004
decision_type=2 2 2 9 2 2 8 2 9 2 9 8 2 10 2 9 9 2 2 9 2 9 2 2 9 9 2 2 9 2
left_child=4 -2 3 -3 18 14 -7 -8 -9 10 13 17 -13 -10 -4 -11 -16 -12 20 -20 22 -22 27 25 -25 -24 -26 -1 -29 -30
right_child=1 2 5 -5 -6 6 7 8 9 15 11 12 -14 -15 16 -17 -18 -19 19 -21 21 -23 23 24 26 -27 -28 28 29 -31
leaf_value=0.00019021203578541092 0.039353020247646774 0.0038624603272160133 -6.1461269113038953e-06 0.03940889262574581 -0.026925559237165705 -0.020966737579872705 0.041344334175352965 -0.014467709431844824 -0.0010552342904175305 0.031662797141973724 0.012179003592562961 0.033824369967156757 -0.00086723995594303101 -0.031426087046532096 0.027933923041032056 0.0061184372061923401 0.0099066448429791978 -0.0070832293717026399 -0.023987776915539813 0.0041670258399320393 -0.025742138458280994 0.00043938552377618126 -0.0031592800535616217 0.023314339494590827 -0.0021431451789724501 0.016087436347145996 -0.026606058522554932 -0.0049978453271011785 0.0021334619709277194 -0.0030038783476523047
leaf_weight=205897 2420 2234 2305 2564 2424 3192 2012 6244 3870 2505 2110 3483 2046 2127 2028 2058 2595 5054 3133 3980 2146 3809 8214 2241 2682 16143 3361 25571 47289 24235
leaf_count=205897 2420 2234 2305 2564 2424 3192 2012 6244 3870 2505 2110 3483 2046 2127 2028 2058 2595 5054 3133 3980 2146 3809 8214 2241 2682 16143 3361 25571 47289 24235
internal_value=0.000118605 0.00169433 0.00130887 0.00614809 -0.000100645 0.000749778 8.12423e-05 0.000685935 0.000269089 0.00133116 0.000370053 0.00193975 0.00544864 -0.00294831 0.0040934 0.00526132 0.00614289 -0.000769445 -5.63791e-05 -0.00258037 -3.74709e-06 -0.00288684 4.74909e-05 0.00148786 -0.00207379 0.00269955 -0.00488537 -0.000107722 -0.000693064 0.000228111
internal_weight=399972 48847 46427 4798 351125 41629 34701 31509 29497 23253 18690 12693 5529 5997 6928 4563 4623 7164 348701 7113 341588 5955 335633 32641 8284 24357 6043 302992 97095 71524
internal_count=399972 48847 46427 4798 351125 41629 34701 31509 29497 23253 18690 12693 5529 5997 6928 4563 4623 7164 348701 7113 341588 5955 335633 32641 8284 24357 6043 302992 97095 71524
cat_boundaries=0 29 58 68 78 107 136 168 184 216 248
cat_threshold=830 0 0 5632 0 0 207872 0 0 1572864 0 0 0 0 0 1048576 0 0 50331648 0 0 0 0 0 0 64 0 0 2560 0 0 0 8768 0 0 1536 0 0 786432 0 0 12648448 0 0 135266304 0 0 0 0 0 0 0 0 0 0 0 0 2560 642 0 0 256 0 0 28672 0 0 204800 845 0 0 304 0 0 12288 0 0 196608 393 0 0 1632 0 0 4352 0 0 20480 0 0 0 0 0 0 0 0 16777216 0 0 0 0 0 0 0 0 0 256 139 0 0 12880 0 0 197376 0 0 4063232 0 0 58916864 0 0 2097152 0 0 16777216 0 0 0 0 0 0 128 0 0 512 517 0 0 3952 0 0 215040 0 0 2326528 0 0 12582912 0 0 0 0 0 16777216 0 0 2952790016 6 0 0 304 0 0 0 0 0 65536 896 0 0 12304 0 0 82176 0 0 1048576 0 0 10485760 0 0 134217728 953 0 0 4576 0 0 4096 0 0 0 0 0 18874368 0 0 136314880 0 0 0 0 0 805306368 0 0 0 401 0 0 7424 0 0 65536 516 0 0 8272 0 0 24576 0 0 2494464 0 0 65536 0 0 26214400 0 0 16777216 2 0 2684354560 1 0 0 278 0 0 12816 0 0 30720
is_linear=0
shrinkage=0.08


Tree=76
num_leaves=31
num_cat=13
split_feature=45 44 45 5 5 39 42 5 5 34 18 34 28 30 37 5 5 33 5 5 16 18 28 34 5 5 6 5 5 34
split_gain=17.4608 9.31359 18.7687 13.8319 12.687 11.0022 10.6197 13.7801 10.4036 12.6734 8.7434 16.604 15.6404 12.9164 8.2699 20.3931 13.6108 16.2352 15.1991 10.768 10.7014 14.7519 12.8204 16.2575 19.4926 10.5597 9.44977 13.7107 10.0456 9.1563
threshold=10.109513282775881 9.7894368171691912 7.8646199703216562 0 1 0.69342660903930675 8.2374863624572772 2 3 5.4944458007812509 2.1325036287307744 -3.2674255371093746 1007.8247070312501 826.93750000000011 -0.24143922328948972 4 5 17.131584167480472 6 7 2.1465531587600712 0.85760623216629039 1008.8721923828126 -6.3615417480468741 8 9 10 11 12 0.71688842773437511
decision_type=2 2 2 9 9 2 2 9 9 2 2 2 2 2 2 9 9 2 9 9 10 2 2 2 9 9 1 9 9 2
left_child=1 2 6 -3 -4 -6 8 -8 9 -1 14 13 -13 -12 15 -10 17 19 -19 -16 21 26 23 -23 -25 -24 27 -17 -28 -21
right_child=-2 3 4 -5 5 -7 7 -9 10 -11 11 12 -14 -15 16 20 -18 18 -20 29 -22 22 25 24 -26 -27 28 -29 -30 -31
leaf_value=0.0022146213446999942 0.023749549369898874 -0.020968891148856379 0.02222760620511231 0.00013618888084987902 -0.011966495329704259 0.012121050841863976 -0.030936006307461208 0.0023982411014360138 0.0014003817963479026 -0.0049742419271874821 0.023121842670151424 -0.032484462017722184 -0.0057847414625276988 -0.0071813625476134036 0.0088256538128198871 -0.0036808214068840073 -0.00026424268486819447 0.0034780065116211392 -0.0014510138437909248 -0.00049923664791985624 0.0092607641685411579 0.0010578073625998031 0.0067516682152526019 -0.019620289218850295 -0.0094042211089889888 -0.0088551069004233259 0.0033561058802289924 0.0034720520070272353 -0.0030211557006430169 0.0036817701836278928
leaf_weight=88208 3135 2402 4131 3971 2218 4610 2502 2473 33914 3705 2006 2011 3242 2557 11919 3948 115498 19173 22597 9391 3525 2532 2814 3684 5351 2523 2504 8447 19420 5455
leaf_count=88208 3135 2402 4131 3971 2218 4610 2502 2473 33914 3705 2006 2011 3242 2557 11919 3948 115498 19173 22597 9391 3525 2532 2814 3684 5351 2523 2504 8447 19420 5455
internal_value=0.00016115 0.000114079 0.00016364 -0.00291712 0.00342602 0.00129673 6.93183e-05 -0.0035988 0.000118152 0.000857364 -0.000122394 -0.00246692 -0.00552917 0.00106276 -3.79164e-05 -0.000672591 0.000267872 0.00116082 0.000175203 0.00269879 -0.00162723 -0.00192103 -0.00385479 -0.00535026 -0.00693643 -0.000609688 -0.000967695 0.000797422 -0.001965 0.00125656
internal_weight=399866 396731 390358 6373 10959 6828 379399 4975 374424 91913 282511 9816 5253 4563 272695 88662 184033 68535 41770 26765 54748 51223 16904 11567 9035 5337 34319 12395 21924 14846
internal_count=399866 396731 390358 6373 10959 6828 379399 4975 374424 91913 282511 9816 5253 4563 272695 88662 184033 68535 41770 26765 54748 51223 16904 11567 9035 5337 34319 12395 21924 14846
cat_boundaries=0 16 45 64 96 128 157 173 189 208 221 222 254 283
cat_threshold=306 0 0 1856 0 0 42240 0 0 1118208 0 0 65536 0 0 1048576 3 0 0 7216 0 0 115200 0 0 1114112 0 0 8388608 0 0 0 0 0 0 0 0 0 0 0 0 0 0 0 512 452 0 0 14400 0 0 115200 0 0 1908736 0 0 29425664 0 0 134217728 0 0 16777216 998 0 0 15360 0 0 106752 0 0 4096 0 0 65536 0 0 1048576 0 0 83886080 0 0 0 37 0 0 0 0 0 3584 0 0 96256 0 0 0 768 0 0 20480 0 0 196608 0 0 38010880 0 0 536870912 0 0 33554432 0 0 2952790016 24 0 0 995 0 0 12544 0 0 33280 9 0 0 240 0 0 148992 0 0 3973120 0 0 26738688 0 0 266338304 0 0 1476395008 0 0 0 0 0 0 0 0 0 32 9 0 0 176 0 0 512 0 0 3678208 0 0 25165824 0 0 44040192 0 0 0 112 0 0 17920 0 0 819200 0 0 1572864 0 0 222298112 0 0 0 112 0 0 0 0 0 1622016 0 0 524288 0 0 234881024 0 0 805306368 9 0 0 32 0 0 132608 0 0 1064960 0 0 8388608 2 0 0 0 144 0 0 0 0 0 49152 0 0 524288 0 0 2097152 0 0 2147483648 0 0 0 2 0 0 8 0 0 240 0 0 1280 16 0 0 64 0 0 0 0 0 49152 0 0 0 0 0 134217728 0 0 536870912 0 0 0 0 0 0 0 0 0 32
is_linear=0
shrinkage=0.08


Tree=77
num_leaves=31
num_cat=0
split_feature=45 25 19 23 22 19 34 44 45 44 43 24 28 36 7 35 29 28 34 16 45 35 28 39 18 44 27 15 45 18
split_gain=17.6776 15.0211 11.8593 9.84919 8.57219 8.47142 10.3605 8.96586 8.00581 15.4998 14.2599 18.8711 15.9259 15.0674 13.441 10.4905 9.19199 12.0167 18.3918 13.8206 13.8196 14.4178 10.8393 9.25269 11.261 9.22545 8.64887 8.11146 7.71074 12.4125
threshold=7.0102374553680429 7.855119228363038 1.8689680099487307 35.078453063964851 7.4057579040527353 0.91414815187454235 -8.1583557128906232 8.2044548988342303 4.2243840694427499 3.4333971738815312 4.9126029014587411 29.307998657226566 1002.3822021484376 62.268735885620124 2.5000000000000004 0.038623809814453132 0.30976486206054693 1007.8684387207032 -4.1572570800781241 1.2132239341735842 5.1849970817565927 11.164188385009767 1011.8684387207032 0.96349799633026134 1.9528043866157534 5.9023671150207528 1010.9336853027345 0.84678938984870922 2.6503484249114995 1.5225962400436404
decision_type=2 2 2 2 2 2 2 2 2 2 2 2 2 2 2 2 2 2 2 8 2 2 2 2 2 2 2 10 2 2
left_child=1 3 5 8 -3 -2 -7 -8 9 28 13 16 -13 15 27 26 22 18 25 -19 -21 -22 -12 24 -20 -18 -10 -11 -1 -30
right_child=2 4 -4 -5 -6 6 7 -9 10 14 11 12 -14 -15 -16 -17 17 19 23 20 21 -23 -24 -25 -26 -27 -28 -29 29 -31
leaf_value=-0.00019545489595300226 0.011001015309863008 -0.0064992452428619882 0.031458246422650618 0.012648918599108399 -0.031773008798819002 0.030879055539652003 0.009387187899798732 -0.0033883948420384692 0.001459526166509626 0.004964345492428599 -0.011666071294730554 -0.0075522248172652344 0.019933966500518315 0.029131785471096201 -0.0093740822736253192 0.0008362098794427198 0.017883825753091644 -0.013220476023146422 -0.011430729028322215 -0.0085871555897654526 0.013913123018376706 -0.012544223035835867 0.0055165160536422243 1.2377505064904426e-05 -0.034675283392743492 -0.0048954436810880525 0.02077530956290655 -0.0030732929045418269 0.0032001295529820073 -0.0054715241890799507
leaf_weight=184838 5327 2837 3571 3053 2260 2101 6490 12352 3767 6017 7638 2065 4890 4546 13637 18430 2505 2144 3752 3829 10892 2322 2340 2200 2109 2748 5705 20407 46224 8605
leaf_count=184838 5327 2837 3571 3053 2260 2101 6490 12352 3767 6017 7638 2065 4890 4546 13637 18430 2505 2144 3752 3829 10892 2322 2340 2200 2109 2748 5705 20407 46224 8605
internal_value=0.000124571 -2.66111e-05 0.00199725 3.37288e-05 -0.00433523 0.00140791 0.00068248 8.69934e-05 -4.53515e-06 -0.000208195 0.000691154 -0.000164226 0.00369562 0.00199396 -0.00166455 0.00129693 -0.000796912 -0.000144566 -0.00199039 0.00113664 0.00189879 0.00312462 -0.0029195 -0.00438855 -0.00604667 0.00169105 0.00345919 -0.000611334 3.52975e-05 0.00086836
internal_weight=399601 369760 29841 364663 5097 26270 20943 18842 361610 279728 81882 49434 6955 32448 40061 27902 42479 32501 13314 19187 17043 13214 9978 8061 5861 5253 9472 26424 239667 54829
internal_count=399601 369760 29841 364663 5097 26270 20943 18842 361610 279728 81882 49434 6955 32448 40061 27902 42479 32501 13314 19187 17043 13214 9978 8061 5861 5253 9472 26424 239667 54829
is_linear=0
shrinkage=0.08


Tree=78
num_leaves=31
num_cat=2
split_feature=45 26 19 30 36 45 25 44 32 33 6 37 24 34 44 45 45 11 34 36 6 36 11 30 14 34 32 23 34 34
split_gain=14.5806 12.2804 11.8698 10.2312 13.2942 9.6757 20.4399 13.6185 13.3551 13.2494 15.9303 12.0965 11.1214 9.60368 9.12527 10.54 8.97777 8.95192 8.60075 13.1329 8.39041 15.8644 14.9613 10.7672 7.99848 12.8827 7.91702 9.8259 10.3067 8.52602
threshold=7.4516913890838632 9.16650438308716 1.8689680099487307 345.81250000000006 52.212238311767585 3.4606611728668217 2.9459589719772343 3.37725841999054 1063.221862792969 15.795263767242433 0 -0.98489236831665028 29.109313964843754 -8.9011535644531232 8.4999594688415545 8.6937646865844744 4.9701497554779062 0.78001874685287487 -1.8291931152343748 1.5006065368652346 1 10.106563568115236 1.7393844127655032 436.31250000000006 1.6260306835174563 0.93081665039062511 623.39355468750011 29.086227416992191 -1.6669311523437498 1.3748474121093752
decision_type=2 2 2 2 2 2 2 2 2 2 1 2 2 2 2 2 2 2 2 2 1 2 2 2 2 2 2 2 2 2
left_child=1 5 3 -2 -5 7 -7 -1 9 20 24 12 18 -3 -6 -16 26 -9 -12 -20 23 -22 -23 -8 -11 -26 -13 28 -28 -30
right_child=2 13 -4 4 14 6 8 17 -10 10 11 16 -14 -15 15 -17 -18 -19 19 -21 21 22 -24 -25 25 -27 27 -29 29 -31
leaf_value=-4.724285996949185e-05 -0.011259866629775388 0.0059922283895675575 0.031606096487966369 0.014665894616688321 0.015823673814463673 0.016012518632838556 0.024536154289161463 -0.00045191203374258751 0.0091152158712184319 -0.019351861849378923 -0.019841114524578637 0.0037262428569376027 0.009111073845106574 -0.016878107508741708 -0.019334647199032204 0.0020772689945273725 0.0057652909802249222 -0.0088076645042626817 -0.018304172003811525 0.0036819498592417957 -0.017588021580889786 0.0082369495146400427 -0.020007576125898947 0.0079182258506716972 -0.012991654389505706 0.0069614207325390965 -0.015301975366833673 0.0045756218094647402 0.004914661040124395 -0.014703650568425574
leaf_weight=227526 2335 2402 2575 9513 2283 8826 4344 6995 10095 3263 3161 12597 2277 7425 2104 4780 23902 10002 2127 3682 2018 9543 2326 7656 8541 3953 3861 4178 3540 2154
leaf_count=227526 2335 2402 2575 9513 2283 8826 4344 6995 10095 3263 3161 12597 2277 7425 2104 4780 23902 10002 2127 3682 2018 9543 2326 7656 8541 3953 3861 4178 3540 2154
internal_value=0.000127002 6.05732e-06 0.00205593 0.00142592 0.00205029 8.09107e-05 0.000662658 -0.00020946 0.000373406 0.000101422 -0.000423582 0.000158377 -0.00221196 -0.00278337 -0.000124224 -0.00157818 0.000689463 -0.00239313 -0.00347884 -0.00164633 0.00166737 0.000326454 0.00144288 0.00321464 -0.00269126 -0.00176903 -0.000329537 -0.00165757 -0.00307162 -0.000904628
internal_weight=399984 376394 23590 21015 18680 366567 122044 244523 113218 103123 77236 61479 11247 9827 9167 6884 50232 16997 8970 5809 25887 13887 11869 12000 15757 12494 26330 13733 9555 5694
internal_count=399984 376394 23590 21015 18680 366567 122044 244523 113218 103123 77236 61479 11247 9827 9167 6884 50232 16997 8970 5809 25887 13887 11869 12000 15757 12494 26330 13733 9555 5694
cat_boundaries=0 1 2
cat_threshold=8 10
is_linear=0
shrinkage=0.08


Tree=79
num_leaves=31
num_cat=2
split_feature=45 16 33 45 29 18 27 27 33 30 17 11 6 14 45 18 33 31 29 31 32 23 12 36 1 39 27 14 6 27
split_gain=13.8426 6.78325 6.82843 9.08088 6.72126 9.89311 7.06114 12.0041 20.1273 13.9658 12.265 12.074 11.5652 20.5972 11.9231 15.1507 13.3345 11.6785 10.4883 15.9033 12.7354 12.5227 13.3555 11.6255 14.7976 10.6741 10.5151 10.4066 9.74168 9.45151
threshold=10.109513282775881 3.480485320091248 26.917439460754398 3.3776563405990605 0.99972152709960949 0.67570245265960704 1010.5303955078126 1015.7557373046876 19.013567924499515 1066.9375000000002 0.48169405758380895 1.8168963789939883 0 1.9751656055450442 3.0307844877243046 1.1950820684432986 24.219071388244632 45.975629806518562 0.28892135620117193 71.231155395507827 464.73432922363287 28.181354522705082 2.737539649009705 10.346889495849611 84.250000000000014 0.54483395814895641 1007.8442993164064 0.9829193949699403 1 1012.1988830566407
decision_type=2 10 2 2 2 2 2 2 2 2 8 2 1 2 2 2 2 2 2 2 2 2 2 2 2 2 2 2 1 2
left_child=1 2 4 -4 6 -6 18 8 9 11 -9 29 -10 14 16 -16 -14 -18 20 25 27 22 -21 24 -23 26 -20 28 -1 -8
right_child=-2 -3 3 -5 5 -7 7 10 12 -11 -12 -13 13 -15 15 -17 17 -19 19 21 -22 23 -24 -25 -26 -27 -28 -29 -30 -31
leaf_value=0.0053159398405335833 0.020658517757903921 0.016126934180447954 0.00028753820913276053 0.011397448625149114 -0.0030252127189321775 0.0087781895251677605 0.00070689202766067722 0.00044026482959128813 0.0020690050027599937 -0.0024002001536669805 -0.0020812074216034304 0.029058492452338793 -0.0010488539881309577 -0.019385921839835313 0.0075465458615198598 -0.0069513140502308881 -0.011613130116009706 -0.0025421590342096325 -0.0093206782206791596 -0.0014659507400159556 0.0031681282805569168 -0.0081485904806698796 -0.018347456073252319 0.0028115749112447744 0.0096203566180403047 0.00028998070628251328 -0.0016972398469709616 -0.012017877919206584 -0.0031548790396609496 0.0032447735743945617
leaf_weight=2188 3133 3111 14058 6290 2479 10391 19044 26817 17390 4471 42999 2864 16881 2504 13612 6023 2041 2365 9357 72505 27662 7379 3769 33038 2427 5809 5660 3027 2079 28788
leaf_count=2188 3133 3111 14058 6290 2479 10391 19044 26817 17390 4471 42999 2864 16881 2504 13612 6023 2041 2365 9357 72505 27662 7379 3769 33038 2427 5809 5660 3027 2079 28788
internal_value=0.000114201 7.23356e-05 4.29013e-05 0.00146969 -3.48521e-05 0.00176087 -9.89717e-05 0.000244445 0.000743321 0.00184968 -0.00058431 0.00222774 -0.000260415 -0.000958431 -0.000526727 0.000894884 -0.00183782 -0.00575181 -0.000463781 -0.000773397 0.000775611 -0.000416695 -0.00103141 0.00067765 -0.00174002 -0.00281244 -0.00393824 -0.00219606 0.000350713 0.00192467
internal_weight=400161 397028 393917 20348 373569 12870 360699 185799 115983 55167 69816 50696 60816 43426 40922 19635 21287 4406 174900 139944 34956 119118 76274 42844 9806 20826 15017 7294 4267 47832
internal_count=400161 397028 393917 20348 373569 12870 360699 185799 115983 55167 69816 50696 60816 43426 40922 19635 21287 4406 174900 139944 34956 119118 76274 42844 9806 20826 15017 7294 4267 47832
cat_boundaries=0 1 2
cat_threshold=12 2
is_linear=0
shrinkage=0.08


end of trees

feature_importances:
region_id=464
blend_pred=312
exp_climatology=130
now_wind_speed_mean=123
exp_recent3=90
exp_anom_persistence=66
now_msl_anom=65
regmae_climatology=63
now_target_tendency=63
rmse30_climatology=54
now_t2m_C_max=52
season_id=51
now_msl_hPa_mean=51
now_tcc_mean=49
rmse30_recent3=46
now_anomaly=42
exp_persistence=40
lead_days=39
now_tp3=38
regmae_persistence=37
regmae_anom_persistence=35
now_msl_hPa_min=34
now_blh_mean=34
now_ssrd_MJ=34
mae7_climatology=33
now_rh_pct_mean=31
now_tp7=30
now_wind_speed_max=26
now_cape_max=26
now_t2m_C_mean=25
rmse30_anom_persistence=24
longitude=23
mae7_recent3=22
latitude=19
mae7_persistence=19
regmae_recent3=17
regime_id=14
rmse30_persistence=14
elev_proxy_m=12
mae7_anom_persistence=12
expert_spread=12
expert_range=12
now_tp_mm=8
lead_bucket_id=7
is_ocean=2

parameters:
[boosting: gbdt]
[objective: quantile]
[metric: quantile]
[tree_learner: serial]
[device_type: cpu]
[data_sample_strategy: bagging]
[data: ]
[valid: ]
[num_iterations: 600]
[learning_rate: 0.08]
[num_leaves: 31]
[num_threads: 16]
[seed: 42]
[deterministic: 0]
[force_col_wise: 0]
[force_row_wise: 0]
[histogram_pool_size: -1]
[max_depth: -1]
[min_data_in_leaf: 2000]
[min_sum_hessian_in_leaf: 0.001]
[bagging_fraction: 0.8]
[pos_bagging_fraction: 1]
[neg_bagging_fraction: 1]
[bagging_freq: 1]
[bagging_seed: 400]
[bagging_by_query: 0]
[feature_fraction: 0.6]
[feature_fraction_bynode: 1]
[feature_fraction_seed: 30056]
[extra_trees: 0]
[extra_seed: 12879]
[early_stopping_round: 0]
[early_stopping_min_delta: 0]
[first_metric_only: 0]
[max_delta_step: 0]
[lambda_l1: 0]
[lambda_l2: 10]
[linear_lambda: 0]
[min_gain_to_split: 0]
[drop_rate: 0.1]
[max_drop: 50]
[skip_drop: 0.5]
[xgboost_dart_mode: 0]
[uniform_drop: 0]
[drop_seed: 17869]
[top_rate: 0.2]
[other_rate: 0.1]
[min_data_per_group: 100]
[max_cat_threshold: 32]
[cat_l2: 10]
[cat_smooth: 10]
[max_cat_to_onehot: 4]
[top_k: 20]
[monotone_constraints: ]
[monotone_constraints_method: basic]
[monotone_penalty: 0]
[feature_contri: ]
[forcedsplits_filename: ]
[refit_decay_rate: 0.9]
[cegb_tradeoff: 1]
[cegb_penalty_split: 0]
[cegb_penalty_feature_lazy: ]
[cegb_penalty_feature_coupled: ]
[path_smooth: 0]
[interaction_constraints: ]
[verbosity: -1]
[saved_feature_importance_type: 0]
[use_quantized_grad: 0]
[num_grad_quant_bins: 4]
[quant_train_renew_leaf: 0]
[stochastic_rounding: 1]
[linear_tree: 0]
[max_bin: 255]
[max_bin_by_feature: ]
[min_data_in_bin: 3]
[bin_construct_sample_cnt: 200000]
[data_random_seed: 175]
[is_enable_sparse: 1]
[enable_bundle: 1]
[use_missing: 1]
[zero_as_missing: 0]
[feature_pre_filter: 1]
[pre_partition: 0]
[two_round: 0]
[header: 0]
[label_column: ]
[weight_column: ]
[group_column: ]
[ignore_column: ]
[categorical_feature: 5,6,8,9]
[forcedbins_filename: ]
[precise_float_parser: 0]
[parser_config_file: ]
[objective_seed: 16083]
[num_class: 1]
[is_unbalance: 0]
[scale_pos_weight: 1]
[sigmoid: 1]
[boost_from_average: 1]
[reg_sqrt: 0]
[alpha: 0.25]
[fair_c: 1]
[poisson_max_delta_step: 0.7]
[tweedie_variance_power: 1.5]
[lambdarank_truncation_level: 30]
[lambdarank_norm: 1]
[label_gain: ]
[lambdarank_position_bias_regularization: 0]
[eval_at: ]
[multi_error_top_k: 1]
[auc_mu_weights: ]
[num_machines: 1]
[local_listen_port: 12400]
[time_out: 120]
[machine_list_filename: ]
[machines: ]
[gpu_platform_id: -1]
[gpu_device_id: -1]
[gpu_device_id_list: ]
[gpu_use_dp: 0]
[num_gpu: 1]

end of parameters

pandas_categorical:[]
