target,season,region_id,w_climatology,w_persistence,w_recent3,w_anom_persistence,region
tp_mm,winter,0,0.10657504,0.3611786,0.3743356,0.15791075,7-10N/68-71E
tp_mm,winter,1,0.09146555,0.36695284,0.3726703,0.1689113,7-10N/71-74E
tp_mm,winter,2,0.11929301,0.33199176,0.36185503,0.18686017,7-10N/74-77E
tp_mm,winter,3,0.19151483,0.3037043,0.321212,0.18356887,7-10N/77-80E
tp_mm,winter,4,0.2194272,0.2605189,0.3274111,0.1926428,7-10N/80-83E
tp_mm,winter,5,0.22393012,0.2706069,0.30891052,0.19655246,7-10N/83-86E
tp_mm,winter,6,0.29932305,0.21728933,0.27587378,0.20751384,7-10N/86-89E
tp_mm,winter,7,0.37820217,0.16237445,0.25835443,0.20106894,7-10N/89-92E
tp_mm,winter,8,0.34992296,0.171845,0.26348123,0.21475084,7-10N/92-95E
tp_mm,winter,9,0.41189837,0.14349623,0.22671598,0.21788943,7-10N/95-98E
tp_mm,winter,100,0.060926408,0.40323263,0.3718069,0.1640341,10-13N/68-71E
tp_mm,winter,101,0.061025746,0.39732477,0.3737856,0.16786386,10-13N/71-74E
tp_mm,winter,102,0.13552636,0.30068597,0.35870928,0.20507841,10-13N/74-77E
tp_mm,winter,103,0.1646737,0.28058058,0.34647575,0.20826998,10-13N/77-80E
tp_mm,winter,104,0.17955,0.2763086,0.33585173,0.20828965,10-13N/80-83E
tp_mm,winter,105,0.21076235,0.24790327,0.32315737,0.21817704,10-13N/83-86E
tp_mm,winter,106,0.22031003,0.2465171,0.31916663,0.21400623,10-13N/86-89E
tp_mm,winter,107,0.29893753,0.19923516,0.28803942,0.21378788,10-13N/89-92E
tp_mm,winter,108,0.37559262,0.1552349,0.2475595,0.22161296,10-13N/92-95E
tp_mm,winter,109,0.39124924,0.1481048,0.23469904,0.22594695,10-13N/95-98E
tp_mm,winter,200,0.03810298,0.45120537,0.36721036,0.1434813,13-16N/68-71E
tp_mm,winter,201,0.07812173,0.3685824,0.37141666,0.18187924,13-16N/71-74E
tp_mm,winter,202,0.18538466,0.2538994,0.33890963,0.2218063,13-16N/74-77E
tp_mm,winter,203,0.15065564,0.27995512,0.35290253,0.21648674,13-16N/77-80E
tp_mm,winter,204,0.14238444,0.29769978,0.35316527,0.20675048,13-16N/80-83E
tp_mm,winter,205,0.14319462,0.29926842,0.34682712,0.21070987,13-16N/83-86E
tp_mm,winter,206,0.14501919,0.29819933,0.339709,0.21707249,13-16N/86-89E
tp_mm,winter,207,0.1466659,0.29807037,0.33846068,0.21680303,13-16N/89-92E
tp_mm,winter,208,0.27373353,0.20544045,0.2888329,0.23199315,13-16N/92-95E
tp_mm,winter,209,0.32149902,0.17942497,0.26622948,0.23284656,13-16N/95-98E
tp_mm,winter,300,0.03824292,0.45302802,0.36273065,0.1459984,16-19N/68-71E
tp_mm,winter,301,0.056471698,0.4126335,0.37396744,0.15692733,16-19N/71-74E
tp_mm,winter,302,0.10586789,0.32501867,0.3676626,0.20145081,16-19N/74-77E
tp_mm,winter,303,0.14595944,0.2816772,0.3559486,0.21641478,16-19N/77-80E
tp_mm,winter,304,0.17478725,0.25859845,0.34124628,0.22536805,16-19N/80-83E
tp_mm,winter,305,0.15577842,0.28016642,0.34401214,0.22004302,16-19N/83-86E
tp_mm,winter,306,0.16650073,0.27220246,0.33515325,0.22614357,16-19N/86-89E
tp_mm,winter,307,0.13976982,0.29828435,0.34675655,0.2151893,16-19N/89-92E
tp_mm,winter,308,0.21387847,0.24030158,0.3171534,0.22866656,16-19N/92-95E
tp_mm,winter,309,0.35705715,0.15209013,0.26068988,0.23016283,16-19N/95-98E
tp_mm,winter,400,0.054778866,0.42083237,0.36471412,0.15967464,19-22N/68-71E
tp_mm,winter,401,0.074863836,0.37928545,0.37074587,0.17510481,19-22N/71-74E
tp_mm,winter,402,0.123172216,0.30592915,0.35782894,0.21306968,19-22N/74-77E
tp_mm,winter,403,0.1178755,0.3081076,0.36759,0.20642687,19-22N/77-80E
tp_mm,winter,404,0.18829373,0.24568671,0.3371855,0.22883406,19-22N/80-83E
tp_mm,winter,405,0.24960423,0.20883617,0.308265,0.23329464,19-22N/83-86E
tp_mm,winter,406,0.20464107,0.25209716,0.31817418,0.22508757,19-22N/86-89E
tp_mm,winter,407,0.19913794,0.2496815,0.32117203,0.23000854,19-22N/89-92E
tp_mm,winter,408,0.26384446,0.20606752,0.2964509,0.2336371,19-22N/92-95E
tp_mm,winter,409,0.32600883,0.16726281,0.26700237,0.23972599,19-22N/95-98E
tp_mm,winter,500,0.10056986,0.3439377,0.35874966,0.19674277,22-25N/68-71E
tp_mm,winter,501,0.09904997,0.33654547,0.36589885,0.19850568,22-25N/71-74E
tp_mm,winter,502,0.13619515,0.29505673,0.35349944,0.21524866,22-25N/74-77E
tp_mm,winter,503,0.1570603,0.27778512,0.33783838,0.22731617,22-25N/77-80E
tp_mm,winter,504,0.20564541,0.23690653,0.32125452,0.23619354,22-25N/80-83E
tp_mm,winter,505,0.21346016,0.23394701,0.31912696,0.23346587,22-25N/83-86E
tp_mm,winter,506,0.2882492,0.19543861,0.28380945,0.23250273,22-25N/86-89E
tp_mm,winter,507,0.2977756,0.1852295,0.28192937,0.23506558,22-25N/89-92E
tp_mm,winter,508,0.35875466,0.15228431,0.2540517,0.23490933,22-25N/92-95E
tp_mm,winter,509,0.3287474,0.16593112,0.26793677,0.23738474,22-25N/95-98E
tp_mm,winter,600,0.11922683,0.32070193,0.3485605,0.21151073,25-28N/68-71E
tp_mm,winter,601,0.12655778,0.31358635,0.34765908,0.2121968,25-28N/71-74E
tp_mm,winter,602,0.15453152,0.28482303,0.33876166,0.22188376,25-28N/74-77E
tp_mm,winter,603,0.16575828,0.27270234,0.3351452,0.22639416,25-28N/77-80E
tp_mm,winter,604,0.18555133,0.2525036,0.33193985,0.23000522,25-28N/80-83E
tp_mm,winter,605,0.28712374,0.19172366,0.28283712,0.23831546,25-28N/83-86E
tp_mm,winter,606,0.34946495,0.16649662,0.25751424,0.22652422,25-28N/86-89E
tp_mm,winter,607,0.4431345,0.1260195,0.21575129,0.21509473,25-28N/89-92E
tp_mm,winter,608,0.46482983,0.11625769,0.20418553,0.21472697,25-28N/92-95E
tp_mm,winter,609,0.4765433,0.11211513,0.19488169,0.21645986,25-28N/95-98E
tp_mm,winter,700,0.19750278,0.262579,0.31600246,0.22391579,28-31N/68-71E
tp_mm,winter,701,0.19457433,0.25849968,0.3160601,0.2308659,28-31N/71-74E
tp_mm,winter,702,0.18956995,0.260479,0.32500204,0.224949,28-31N/74-77E
tp_mm,winter,703,0.22510739,0.23372461,0.3162018,0.22496623,28-31N/77-80E
tp_mm,winter,704,0.40539837,0.14246598,0.23226742,0.2198682,28-31N/80-83E
tp_mm,winter,705,0.5610171,0.09159031,0.1510578,0.19633482,28-31N/83-86E
tp_mm,winter,706,0.65315676,0.06932941,0.10655115,0.17096265,28-31N/86-89E
tp_mm,winter,707,0.6640876,0.06353417,0.10657377,0.16580448,28-31N/89-92E
tp_mm,winter,708,0.6405869,0.066505626,0.121620856,0.17128658,28-31N/92-95E
tp_mm,winter,709,0.6344644,0.07037278,0.12829316,0.16686969,28-31N/95-98E
tp_mm,winter,800,0.25350443,0.2375399,0.28190672,0.22704896,31-34N/68-71E
tp_mm,winter,801,0.20218265,0.26338708,0.30978543,0.22464485,31-34N/71-74E
tp_mm,winter,802,0.27360025,0.2152394,0.291065,0.22009534,31-34N/74-77E
tp_mm,winter,803,0.4943794,0.1167978,0.1808101,0.20801273,31-34N/77-80E
tp_mm,winter,804,0.58840096,0.084198855,0.13561179,0.19178839,31-34N/80-83E
tp_mm,winter,805,0.6954401,0.061571393,0.0866313,0.1563572,31-34N/83-86E
tp_mm,winter,806,0.7071496,0.060401842,0.080901615,0.15154691,31-34N/86-89E
tp_mm,winter,807,0.71522975,0.05654123,0.0799855,0.1482435,31-34N/89-92E
tp_mm,winter,808,0.70810866,0.055875465,0.08531622,0.15069963,31-34N/92-95E
tp_mm,winter,809,0.67118627,0.06000712,0.10512114,0.16368546,31-34N/95-98E
tp_mm,winter,900,0.35647675,0.17665784,0.2393062,0.22755921,34-37N/68-71E
tp_mm,winter,901,0.38936135,0.16606453,0.22812447,0.21644963,34-37N/71-74E
tp_mm,winter,902,0.5022654,0.119299985,0.17379102,0.20464359,34-37N/74-77E
tp_mm,winter,903,0.58926105,0.08493703,0.13327819,0.19252375,34-37N/77-80E
tp_mm,winter,904,0.6388709,0.07413278,0.11201009,0.17498626,34-37N/80-83E
tp_mm,winter,905,0.6831849,0.06579091,0.091692254,0.15933192,34-37N/83-86E
tp_mm,winter,906,0.6970034,0.06160713,0.08621629,0.15517315,34-37N/86-89E
tp_mm,winter,907,0.71611357,0.056514867,0.08032281,0.14704877,34-37N/89-92E
tp_mm,winter,908,0.7060479,0.05873071,0.08273462,0.15248676,34-37N/92-95E
tp_mm,winter,909,0.69612455,0.058064725,0.089757204,0.15605353,34-37N/95-98E
tp_mm,winter,1000,0.2845682,0.2144429,0.2721763,0.22881262,37-40N/68-71E
tp_mm,winter,1001,0.48576677,0.119652465,0.17853639,0.2160444,37-40N/71-74E
tp_mm,winter,1002,0.55488,0.094535455,0.14983276,0.20075174,37-40N/74-77E
tp_mm,winter,1003,0.47686753,0.12166544,0.1804782,0.22098884,37-40N/77-80E
tp_mm,winter,1004,0.46341947,0.13038383,0.18196438,0.22423232,37-40N/80-83E
tp_mm,winter,1005,0.55210716,0.096598245,0.15048109,0.2008135,37-40N/83-86E
tp_mm,winter,1006,0.6587626,0.06566819,0.10618362,0.16938566,37-40N/86-89E
tp_mm,winter,1007,0.66071844,0.068527445,0.101787664,0.16896644,37-40N/89-92E
tp_mm,winter,1008,0.6178636,0.07627271,0.12140241,0.18446124,37-40N/92-95E
tp_mm,winter,1009,0.65837073,0.06542539,0.105102085,0.17110178,37-40N/95-98E
tp_mm,pre_monsoon,0,0.1359126,0.48188326,0.2711108,0.11109336,7-10N/68-71E
tp_mm,pre_monsoon,1,0.15732153,0.46467948,0.26718232,0.1108167,7-10N/71-74E
tp_mm,pre_monsoon,2,0.23635428,0.39370275,0.252768,0.11717496,7-10N/74-77E
tp_mm,pre_monsoon,3,0.3639836,0.3103316,0.21169978,0.11398499,7-10N/77-80E
tp_mm,pre_monsoon,4,0.3710932,0.29626742,0.21106264,0.12157674,7-10N/80-83E
tp_mm,pre_monsoon,5,0.42104504,0.2720743,0.19099954,0.11588114,7-10N/83-86E
tp_mm,pre_monsoon,6,0.41844952,0.2689292,0.19857939,0.11404187,7-10N/86-89E
tp_mm,pre_monsoon,7,0.47701433,0.23444755,0.18017927,0.10835885,7-10N/89-92E
tp_mm,pre_monsoon,8,0.5389411,0.21577033,0.14417043,0.10111814,7-10N/92-95E
tp_mm,pre_monsoon,9,0.5758259,0.19575758,0.13018505,0.098231405,7-10N/95-98E
tp_mm,pre_monsoon,100,0.14377831,0.47986546,0.26157808,0.11477816,10-13N/68-71E
tp_mm,pre_monsoon,101,0.16342321,0.45393142,0.265031,0.117614344,10-13N/71-74E
tp_mm,pre_monsoon,102,0.310524,0.33396432,0.23280539,0.122706294,10-13N/74-77E
tp_mm,pre_monsoon,103,0.3251179,0.3187195,0.2290597,0.12710293,10-13N/77-80E
tp_mm,pre_monsoon,104,0.31771407,0.3315481,0.22557393,0.1251639,10-13N/80-83E
tp_mm,pre_monsoon,105,0.37705022,0.2884079,0.20746803,0.12707384,10-13N/83-86E
tp_mm,pre_monsoon,106,0.3863918,0.2854131,0.20687269,0.12132247,10-13N/86-89E
tp_mm,pre_monsoon,107,0.4220426,0.26335153,0.2041382,0.11046768,10-13N/89-92E
tp_mm,pre_monsoon,108,0.560285,0.19097291,0.14302802,0.105714105,10-13N/92-95E
tp_mm,pre_monsoon,109,0.59448034,0.18197629,0.12317379,0.10036953,10-13N/95-98E
tp_mm,pre_monsoon,200,0.10747149,0.5194064,0.26938096,0.10374121,13-16N/68-71E
tp_mm,pre_monsoon,201,0.18944491,0.42127442,0.26969585,0.11958481,13-16N/71-74E
tp_mm,pre_monsoon,202,0.35023734,0.29955253,0.22449608,0.12571405,13-16N/74-77E
tp_mm,pre_monsoon,203,0.2970882,0.33333376,0.23753868,0.13203937,13-16N/77-80E
tp_mm,pre_monsoon,204,0.26088503,0.3703791,0.2409915,0.12774438,13-16N/80-83E
tp_mm,pre_monsoon,205,0.2774136,0.35184672,0.24052246,0.1302172,13-16N/83-86E
tp_mm,pre_monsoon,206,0.33476257,0.3125847,0.2274016,0.12525114,13-16N/86-89E
tp_mm,pre_monsoon,207,0.3710508,0.29648793,0.21723182,0.115229435,13-16N/89-92E
tp_mm,pre_monsoon,208,0.48165712,0.22584999,0.17231119,0.120181695,13-16N/92-95E
tp_mm,pre_monsoon,209,0.5447773,0.20131367,0.14253344,0.111375615,13-16N/95-98E
tp_mm,pre_monsoon,300,0.11558067,0.5100772,0.26807106,0.10627112,16-19N/68-71E
tp_mm,pre_monsoon,301,0.143368,0.47201103,0.2792862,0.105334766,16-19N/71-74E
tp_mm,pre_monsoon,302,0.2616572,0.36094338,0.24632433,0.13107507,16-19N/74-77E
tp_mm,pre_monsoon,303,0.29589644,0.32925957,0.24133779,0.1335062,16-19N/77-80E
tp_mm,pre_monsoon,304,0.34471947,0.3082583,0.21492629,0.13209596,16-19N/80-83E
tp_mm,pre_monsoon,305,0.32374504,0.32706413,0.21553813,0.1336527,16-19N/83-86E
tp_mm,pre_monsoon,306,0.3239908,0.32243577,0.22562104,0.1279524,16-19N/86-89E
tp_mm,pre_monsoon,307,0.34274712,0.30605334,0.22166489,0.12953465,16-19N/89-92E
tp_mm,pre_monsoon,308,0.43006623,0.25576544,0.18668976,0.12747858,16-19N/92-95E
tp_mm,pre_monsoon,309,0.5224398,0.2044073,0.15708086,0.116072066,16-19N/95-98E
tp_mm,pre_monsoon,400,0.124371566,0.50094014,0.2681149,0.10657341,19-22N/68-71E
tp_mm,pre_monsoon,401,0.17176011,0.45618412,0.2590177,0.11303804,19-22N/71-74E
tp_mm,pre_monsoon,402,0.29822817,0.337521,0.23000528,0.13424554,19-22N/74-77E
tp_mm,pre_monsoon,403,0.27748647,0.34095356,0.24736881,0.13419117,19-22N/77-80E
tp_mm,pre_monsoon,404,0.35641393,0.2902424,0.21881862,0.13452506,19-22N/80-83E
tp_mm,pre_monsoon,405,0.42582968,0.2539748,0.19119972,0.12899579,19-22N/83-86E
tp_mm,pre_monsoon,406,0.38903576,0.29909375,0.1819956,0.12987484,19-22N/86-89E
tp_mm,pre_monsoon,407,0.4168383,0.26708004,0.18533173,0.13074996,19-22N/89-92E
tp_mm,pre_monsoon,408,0.43395174,0.25210607,0.1850497,0.12889251,19-22N/92-95E
tp_mm,pre_monsoon,409,0.48191282,0.22571847,0.16818075,0.12418795,19-22N/95-98E
tp_mm,pre_monsoon,500,0.18577376,0.440222,0.25100538,0.12299888,22-25N/68-71E
tp_mm,pre_monsoon,501,0.18380335,0.43567052,0.26039922,0.12012692,22-25N/71-74E
tp_mm,pre_monsoon,502,0.25824037,0.36554006,0.24537349,0.13084607,22-25N/74-77E
tp_mm,pre_monsoon,503,0.2957903,0.33802894,0.22833419,0.13784657,22-25N/77-80E
tp_mm,pre_monsoon,504,0.33745164,0.3047903,0.22059056,0.13716754,22-25N/80-83E
tp_mm,pre_monsoon,505,0.3223517,0.31321648,0.23049983,0.13393202,22-25N/83-86E
tp_mm,pre_monsoon,506,0.44584057,0.24330573,0.18728001,0.12357372,22-25N/86-89E
tp_mm,pre_monsoon,507,0.4731655,0.23207776,0.17324713,0.12150963,22-25N/89-92E
tp_mm,pre_monsoon,508,0.49515173,0.21402061,0.16768183,0.12314579,22-25N/92-95E
tp_mm,pre_monsoon,509,0.4774497,0.22662944,0.1752087,0.12071219,22-25N/95-98E
tp_mm,pre_monsoon,600,0.19151509,0.42576703,0.2545178,0.12820008,25-28N/68-71E
tp_mm,pre_monsoon,601,0.22001451,0.40127954,0.2473829,0.13132307,25-28N/71-74E
tp_mm,pre_monsoon,602,0.2768228,0.35460097,0.2340772,0.13449907,25-28N/74-77E
tp_mm,pre_monsoon,603,0.28383762,0.34480658,0.23578516,0.13557065,25-28N/77-80E
tp_mm,pre_monsoon,604,0.29233906,0.333638,0.23915187,0.13487107,25-28N/80-83E
tp_mm,pre_monsoon,605,0.38259163,0.2745537,0.21072973,0.13212495,25-28N/83-86E
tp_mm,pre_monsoon,606,0.42833015,0.25443357,0.19763355,0.119602695,25-28N/86-89E
tp_mm,pre_monsoon,607,0.546139,0.19363092,0.15132897,0.10890111,25-28N/89-92E
tp_mm,pre_monsoon,608,0.589213,0.1757181,0.13214047,0.1029284,25-28N/92-95E
tp_mm,pre_monsoon,609,0.58595407,0.17814419,0.12977839,0.106123336,25-28N/95-98E
tp_mm,pre_monsoon,700,0.26315737,0.36608386,0.23880178,0.13195701,28-31N/68-71E
tp_mm,pre_monsoon,701,0.2748584,0.3590016,0.23103373,0.13510628,28-31N/71-74E
tp_mm,pre_monsoon,702,0.29395464,0.34201148,0.22910818,0.13492571,28-31N/74-77E
tp_mm,pre_monsoon,703,0.32024953,0.31909,0.23120531,0.12945515,28-31N/77-80E
tp_mm,pre_monsoon,704,0.46783906,0.23176071,0.17553246,0.12486781,28-31N/80-83E
tp_mm,pre_monsoon,705,0.56007975,0.19209675,0.12985727,0.11796622,28-31N/83-86E
tp_mm,pre_monsoon,706,0.62427515,0.17150779,0.09880319,0.105413854,28-31N/86-89E
tp_mm,pre_monsoon,707,0.64951026,0.15595162,0.09496649,0.099571645,28-31N/89-92E
tp_mm,pre_monsoon,708,0.6524461,0.1492506,0.10136,0.09694333,28-31N/92-95E
tp_mm,pre_monsoon,709,0.66870916,0.14943245,0.09684206,0.08501629,28-31N/95-98E
tp_mm,pre_monsoon,800,0.3103137,0.34533036,0.21041082,0.13394512,31-34N/68-71E
tp_mm,pre_monsoon,801,0.27075055,0.36130056,0.23601858,0.13193029,31-34N/71-74E
tp_mm,pre_monsoon,802,0.38927585,0.2830006,0.20410705,0.12361654,31-34N/74-77E
tp_mm,pre_monsoon,803,0.52251315,0.21111615,0.14527808,0.12109262,31-34N/77-80E
tp_mm,pre_monsoon,804,0.5908159,0.18014301,0.11422401,0.11481708,31-34N/80-83E
tp_mm,pre_monsoon,805,0.6624829,0.16187744,0.07945765,0.096182026,31-34N/83-86E
tp_mm,pre_monsoon,806,0.68530667,0.15564445,0.069921106,0.0891278,31-34N/86-89E
tp_mm,pre_monsoon,807,0.6898219,0.14955914,0.07167057,0.08894839,31-34N/89-92E
tp_mm,pre_monsoon,808,0.66775733,0.15025495,0.086022004,0.09596569,31-34N/92-95E
tp_mm,pre_monsoon,809,0.64671093,0.14951546,0.10207363,0.10169998,31-34N/95-98E
tp_mm,pre_monsoon,900,0.367171,0.31013596,0.19307561,0.12961744,34-37N/68-71E
tp_mm,pre_monsoon,901,0.429538,0.27298728,0.17878838,0.11868637,34-37N/71-74E
tp_mm,pre_monsoon,902,0.5115924,0.22286661,0.14969367,0.11584733,34-37N/74-77E
tp_mm,pre_monsoon,903,0.56881684,0.18625519,0.1258328,0.11909521,34-37N/77-80E
tp_mm,pre_monsoon,904,0.6045795,0.17607598,0.10776893,0.11157562,34-37N/80-83E
tp_mm,pre_monsoon,905,0.6440797,0.16562267,0.089066215,0.10123147,34-37N/83-86E
tp_mm,pre_monsoon,906,0.65566206,0.16013475,0.085568294,0.09863493,34-37N/86-89E
tp_mm,pre_monsoon,907,0.664403,0.15512376,0.08387671,0.096596494,34-37N/89-92E
tp_mm,pre_monsoon,908,0.66142976,0.15920924,0.08218837,0.09717266,34-37N/92-95E
tp_mm,pre_monsoon,909,0.654297,0.1561173,0.08970815,0.09987755,34-37N/95-98E
tp_mm,pre_monsoon,1000,0.2889867,0.3602986,0.22356603,0.12714866,37-40N/68-71E
tp_mm,pre_monsoon,1001,0.4725242,0.24034017,0.15909709,0.12803851,37-40N/71-74E
tp_mm,pre_monsoon,1002,0.5484672,0.19484787,0.1350157,0.12166923,37-40N/74-77E
tp_mm,pre_monsoon,1003,0.50919837,0.2172064,0.14588507,0.12771013,37-40N/77-80E
tp_mm,pre_monsoon,1004,0.5459556,0.20235595,0.12814674,0.12354173,37-40N/80-83E
tp_mm,pre_monsoon,1005,0.5704607,0.18712279,0.12282976,0.119586796,37-40N/83-86E
tp_mm,pre_monsoon,1006,0.6278204,0.16230348,0.102182925,0.10769323,37-40N/86-89E
tp_mm,pre_monsoon,1007,0.6269365,0.16648053,0.09929736,0.107285604,37-40N/89-92E
tp_mm,pre_monsoon,1008,0.6167102,0.16896969,0.103869274,0.11045089,37-40N/92-95E
tp_mm,pre_monsoon,1009,0.65279233,0.1589657,0.087015785,0.10122619,37-40N/95-98E
tp_mm,monsoon,0,0.32410887,0.2951177,0.2288902,0.15188321,7-10N/68-71E
tp_mm,monsoon,1,0.36546203,0.27595323,0.21450952,0.1440752,7-10N/71-74E
tp_mm,monsoon,2,0.43293136,0.23759803,0.19703348,0.13243711,7-10N/74-77E
tp_mm,monsoon,3,0.4421327,0.2187036,0.19639035,0.14277335,7-10N/77-80E
tp_mm,monsoon,4,0.42993206,0.21239749,0.20386395,0.15380655,7-10N/80-83E
tp_mm,monsoon,5,0.45920622,0.21120016,0.17935708,0.15023652,7-10N/83-86E
tp_mm,monsoon,6,0.5046196,0.19648382,0.1615345,0.13736206,7-10N/86-89E
tp_mm,monsoon,7,0.5613777,0.17090431,0.14380589,0.12391208,7-10N/89-92E
tp_mm,monsoon,8,0.5313213,0.18674992,0.15645538,0.12547344,7-10N/92-95E
tp_mm,monsoon,9,0.59346354,0.1565464,0.13121927,0.118770845,7-10N/95-98E
tp_mm,monsoon,100,0.29235142,0.32548276,0.22950956,0.15265626,10-13N/68-71E
tp_mm,monsoon,101,0.37408844,0.27567783,0.21084824,0.13938549,10-13N/71-74E
tp_mm,monsoon,102,0.5267467,0.20095763,0.16814433,0.10415134,10-13N/74-77E
tp_mm,monsoon,103,0.47553992,0.18327656,0.19735296,0.14383054,10-13N/77-80E
tp_mm,monsoon,104,0.43401188,0.22276631,0.19692537,0.14629644,10-13N/80-83E
tp_mm,monsoon,105,0.4816419,0.21065967,0.17156768,0.13613074,10-13N/83-86E
tp_mm,monsoon,106,0.4816094,0.21177535,0.17412703,0.13248827,10-13N/86-89E
tp_mm,monsoon,107,0.49377,0.20266457,0.17239136,0.13117406,10-13N/89-92E
tp_mm,monsoon,108,0.5328616,0.17534554,0.16924268,0.1225502,10-13N/92-95E
tp_mm,monsoon,109,0.5467182,0.16914868,0.16502278,0.11911034,10-13N/95-98E
tp_mm,monsoon,200,0.24849509,0.35435852,0.24639568,0.1507507,13-16N/68-71E
tp_mm,monsoon,201,0.3608992,0.28297246,0.22506297,0.13106534,13-16N/71-74E
tp_mm,monsoon,202,0.51067257,0.19860151,0.17651515,0.114210814,13-16N/74-77E
tp_mm,monsoon,203,0.46759272,0.187801,0.19741905,0.14718723,13-16N/77-80E
tp_mm,monsoon,204,0.41656235,0.22898597,0.21344115,0.14101054,13-16N/80-83E
tp_mm,monsoon,205,0.3975615,0.266575,0.21618195,0.11968152,13-16N/83-86E
tp_mm,monsoon,206,0.41961306,0.2525864,0.20495634,0.122844234,13-16N/86-89E
tp_mm,monsoon,207,0.41819042,0.25142917,0.20489275,0.12548764,13-16N/89-92E
tp_mm,monsoon,208,0.45799822,0.213562,0.20688747,0.12155234,13-16N/92-95E
tp_mm,monsoon,209,0.5234301,0.1964493,0.17195049,0.10817012,13-16N/95-98E
tp_mm,monsoon,300,0.21495348,0.36290506,0.27528438,0.14685705,16-19N/68-71E
tp_mm,monsoon,301,0.20132738,0.3823191,0.31415358,0.10219993,16-19N/71-74E
tp_mm,monsoon,302,0.409733,0.22619915,0.22525615,0.13881172,16-19N/74-77E
tp_mm,monsoon,303,0.5029608,0.17645696,0.19132334,0.12925892,16-19N/77-80E
tp_mm,monsoon,304,0.48926073,0.19339985,0.19590789,0.12143153,16-19N/80-83E
tp_mm,monsoon,305,0.46643192,0.22533144,0.19661273,0.111623906,16-19N/83-86E
tp_mm,monsoon,306,0.46805605,0.23388785,0.1841734,0.11388271,16-19N/86-89E
tp_mm,monsoon,307,0.47482994,0.22707151,0.18244068,0.115657836,16-19N/89-92E
tp_mm,monsoon,308,0.52289474,0.20877956,0.16734946,0.10097626,16-19N/92-95E
tp_mm,monsoon,309,0.6380752,0.12889747,0.13574588,0.097281456,16-19N/95-98E
tp_mm,monsoon,400,0.15355605,0.41809058,0.3249603,0.1033931,19-22N/68-71E
tp_mm,monsoon,401,0.25998455,0.31782472,0.3133442,0.10884652,19-22N/71-74E
tp_mm,monsoon,402,0.46975616,0.18171299,0.22367512,0.124855734,19-22N/74-77E
tp_mm,monsoon,403,0.44762573,0.2129646,0.22623493,0.113174744,19-22N/77-80E
tp_mm,monsoon,404,0.48507068,0.19876236,0.20963545,0.10653151,19-22N/80-83E
tp_mm,monsoon,405,0.52495307,0.16001098,0.20602092,0.10901502,19-22N/83-86E
tp_mm,monsoon,406,0.52810186,0.21337608,0.15928791,0.099234104,19-22N/86-89E
tp_mm,monsoon,407,0.52059,0.20782562,0.17719491,0.09438945,19-22N/89-92E
tp_mm,monsoon,408,0.54892653,0.18480828,0.17103873,0.09522645,19-22N/92-95E
tp_mm,monsoon,409,0.65963215,0.11121475,0.12601312,0.10313998,19-22N/95-98E
tp_mm,monsoon,500,0.3182581,0.2723141,0.27835506,0.13107274,22-25N/68-71E
tp_mm,monsoon,501,0.39956042,0.21523318,0.27275884,0.11244756,22-25N/71-74E
tp_mm,monsoon,502,0.41324458,0.23155296,0.24774878,0.10745371,22-25N/74-77E
tp_mm,monsoon,503,0.43179503,0.26032272,0.21482854,0.09305373,22-25N/77-80E
tp_mm,monsoon,504,0.5001798,0.18775226,0.2000014,0.11206649,22-25N/80-83E
tp_mm,monsoon,505,0.51170766,0.17553791,0.20247623,0.1102782,22-25N/83-86E
tp_mm,monsoon,506,0.59398836,0.14619723,0.16146144,0.09835295,22-25N/86-89E
tp_mm,monsoon,507,0.56376857,0.15945241,0.17334755,0.10343151,22-25N/89-92E
tp_mm,monsoon,508,0.6272675,0.11630917,0.1537829,0.102640435,22-25N/92-95E
tp_mm,monsoon,509,0.6711654,0.10216644,0.122592345,0.10407584,22-25N/95-98E
tp_mm,monsoon,600,0.2785425,0.28154713,0.29292908,0.14698131,25-28N/68-71E
tp_mm,monsoon,601,0.4398809,0.19772828,0.22166768,0.14072314,25-28N/71-74E
tp_mm,monsoon,602,0.50367194,0.20499294,0.18103659,0.11029854,25-28N/74-77E
tp_mm,monsoon,603,0.49616855,0.18413156,0.20511313,0.114586756,25-28N/77-80E
tp_mm,monsoon,604,0.5045064,0.16781835,0.21148792,0.11618731,25-28N/80-83E
tp_mm,monsoon,605,0.5369065,0.15051453,0.20156278,0.11101623,25-28N/83-86E
tp_mm,monsoon,606,0.52066207,0.16387223,0.20769791,0.1077678,25-28N/86-89E
tp_mm,monsoon,607,0.5643373,0.14684321,0.18687394,0.10194553,25-28N/89-92E
tp_mm,monsoon,608,0.6323329,0.12189106,0.15449552,0.091280475,25-28N/92-95E
tp_mm,monsoon,609,0.6171074,0.13509783,0.16292332,0.08487145,25-28N/95-98E
tp_mm,monsoon,700,0.40658817,0.20534846,0.23611367,0.15194973,28-31N/68-71E
tp_mm,monsoon,701,0.44355354,0.19425918,0.2156001,0.1465872,28-31N/71-74E
tp_mm,monsoon,702,0.5552567,0.14763597,0.17470999,0.12239732,28-31N/74-77E
tp_mm,monsoon,703,0.5202502,0.1619214,0.20781125,0.11001714,28-31N/77-80E
tp_mm,monsoon,704,0.56654483,0.15037411,0.17238629,0.11069477,28-31N/80-83E
tp_mm,monsoon,705,0.64363587,0.11911871,0.124903515,0.11234189,28-31N/83-86E
tp_mm,monsoon,706,0.69683367,0.09106164,0.1009437,0.11116101,28-31N/86-89E
tp_mm,monsoon,707,0.71770495,0.083644465,0.09278332,0.105867215,28-31N/89-92E
tp_mm,monsoon,708,0.7161631,0.08684883,0.09570562,0.1012824,28-31N/92-95E
tp_mm,monsoon,709,0.694773,0.09965087,0.106582135,0.09899397,28-31N/95-98E
tp_mm,monsoon,800,0.40845147,0.21190228,0.2238145,0.15583175,31-34N/68-71E
tp_mm,monsoon,801,0.42173812,0.22386318,0.21539836,0.13900037,31-34N/71-74E
tp_mm,monsoon,802,0.5313306,0.17208226,0.18626533,0.110321864,31-34N/74-77E
tp_mm,monsoon,803,0.65067714,0.11486867,0.11894923,0.11550494,31-34N/77-80E
tp_mm,monsoon,804,0.68763304,0.092179835,0.105059125,0.11512796,31-34N/80-83E
tp_mm,monsoon,805,0.7105022,0.08729553,0.093018375,0.109183945,31-34N/83-86E
tp_mm,monsoon,806,0.7198955,0.08409554,0.088624954,0.10738401,31-34N/86-89E
tp_mm,monsoon,807,0.7361561,0.07972721,0.083167545,0.10094916,31-34N/89-92E
tp_mm,monsoon,808,0.743022,0.0764542,0.08103914,0.09948461,31-34N/92-95E
tp_mm,monsoon,809,0.74537694,0.07484978,0.08186338,0.09790992,31-34N/95-98E
tp_mm,monsoon,900,0.4264736,0.19769792,0.2131149,0.16271359,34-37N/68-71E
tp_mm,monsoon,901,0.5566505,0.14993675,0.16325465,0.13015808,34-37N/71-74E
tp_mm,monsoon,902,0.6371545,0.11657128,0.124555394,0.121718824,34-37N/74-77E
tp_mm,monsoon,903,0.6754701,0.09598852,0.107140474,0.1214009,34-37N/77-80E
tp_mm,monsoon,904,0.6761883,0.09771395,0.105868384,0.120229386,34-37N/80-83E
tp_mm,monsoon,905,0.68800175,0.095614314,0.09864051,0.117743365,34-37N/83-86E
tp_mm,monsoon,906,0.70561904,0.087980375,0.09368515,0.1127154,34-37N/86-89E
tp_mm,monsoon,907,0.72452146,0.08235082,0.08620337,0.10692434,34-37N/89-92E
tp_mm,monsoon,908,0.72382283,0.08371717,0.08503248,0.10742751,34-37N/92-95E
tp_mm,monsoon,909,0.73135567,0.07921213,0.08481527,0.10461695,34-37N/95-98E
tp_mm,monsoon,1000,0.2614533,0.28626212,0.29074186,0.1615427,37-40N/68-71E
tp_mm,monsoon,1001,0.56779575,0.13315864,0.15220462,0.14684093,37-40N/71-74E
tp_mm,monsoon,1002,0.650459,0.10646119,0.11645985,0.12662001,37-40N/74-77E
tp_mm,monsoon,1003,0.5978564,0.12529448,0.1383411,0.13850799,37-40N/77-80E
tp_mm,monsoon,1004,0.56668717,0.1366694,0.15176755,0.14487591,37-40N/80-83E
tp_mm,monsoon,1005,0.6165155,0.1185045,0.13013773,0.13484226,37-40N/83-86E
tp_mm,monsoon,1006,0.70919234,0.085771464,0.09235278,0.11268344,37-40N/86-89E
tp_mm,monsoon,1007,0.70064443,0.08980014,0.09420566,0.11534977,37-40N/89-92E
tp_mm,monsoon,1008,0.7058717,0.08899216,0.091346204,0.11378993,37-40N/92-95E
tp_mm,monsoon,1009,0.7226896,0.08459965,0.08461331,0.108097464,37-40N/95-98E
tp_mm,post_monsoon,0,0.07799544,0.47986114,0.3559871,0.086156316,7-10N/68-71E
tp_mm,post_monsoon,1,0.12265858,0.42832407,0.35410708,0.09491023,7-10N/71-74E
tp_mm,post_monsoon,2,0.1875103,0.38257945,0.3339439,0.09596635,7-10N/74-77E
tp_mm,post_monsoon,3,0.2838863,0.3529312,0.29362142,0.06956106,7-10N/77-80E
tp_mm,post_monsoon,4,0.3609264,0.3173971,0.24564333,0.07603315,7-10N/80-83E
tp_mm,post_monsoon,5,0.35906976,0.31065562,0.23831788,0.09195673,7-10N/83-86E
tp_mm,post_monsoon,6,0.28400475,0.31854203,0.29694775,0.1005055,7-10N/86-89E
tp_mm,post_monsoon,7,0.30128667,0.29747716,0.29910117,0.10213498,7-10N/89-92E
tp_mm,post_monsoon,8,0.2997263,0.30994293,0.29862046,0.09171033,7-10N/92-95E
tp_mm,post_monsoon,9,0.40805182,0.25344187,0.24265757,0.09584873,7-10N/95-98E
tp_mm,post_monsoon,100,0.075667135,0.48215568,0.36461747,0.07755972,10-13N/68-71E
tp_mm,post_monsoon,101,0.10930797,0.44947854,0.3525317,0.088681795,10-13N/71-74E
tp_mm,post_monsoon,102,0.21198018,0.3546102,0.33104652,0.10236307,10-13N/74-77E
tp_mm,post_monsoon,103,0.31333324,0.29587585,0.28140366,0.10938725,10-13N/77-80E
tp_mm,post_monsoon,104,0.2878218,0.34428573,0.28096205,0.08693041,10-13N/80-83E
tp_mm,post_monsoon,105,0.268891,0.3253021,0.32308993,0.08271697,10-13N/83-86E
tp_mm,post_monsoon,106,0.28330714,0.31048605,0.31323537,0.092971444,10-13N/86-89E
tp_mm,post_monsoon,107,0.32937557,0.27833262,0.29377082,0.098521,10-13N/89-92E
tp_mm,post_monsoon,108,0.44301987,0.21918702,0.24330853,0.09448461,10-13N/92-95E
tp_mm,post_monsoon,109,0.46734342,0.21347219,0.21278083,0.10640358,10-13N/95-98E
tp_mm,post_monsoon,200,0.046864696,0.5365282,0.3449305,0.07167655,13-16N/68-71E
tp_mm,post_monsoon,201,0.09012064,0.4685024,0.36347076,0.07790617,13-16N/71-74E
tp_mm,post_monsoon,202,0.22867303,0.33865273,0.3218272,0.110847026,13-16N/74-77E
tp_mm,post_monsoon,203,0.3005018,0.29875848,0.2811597,0.11958002,13-16N/77-80E
tp_mm,post_monsoon,204,0.30681685,0.3125215,0.3036478,0.077013865,13-16N/80-83E
tp_mm,post_monsoon,205,0.3358116,0.30340284,0.27123207,0.08955352,13-16N/83-86E
tp_mm,post_monsoon,206,0.29721022,0.32115313,0.27401006,0.10762659,13-16N/86-89E
tp_mm,post_monsoon,207,0.339825,0.28902003,0.25728378,0.11387122,13-16N/89-92E
tp_mm,post_monsoon,208,0.4181706,0.24033432,0.23649293,0.105002135,13-16N/92-95E
tp_mm,post_monsoon,209,0.43287745,0.24771805,0.21628964,0.103114896,13-16N/95-98E
tp_mm,post_monsoon,300,0.04928636,0.53464353,0.34619543,0.06987472,16-19N/68-71E
tp_mm,post_monsoon,301,0.080497995,0.50128734,0.35160822,0.06660645,16-19N/71-74E
tp_mm,post_monsoon,302,0.18131466,0.38002613,0.32422987,0.11442933,16-19N/74-77E
tp_mm,post_monsoon,303,0.27218315,0.3113333,0.30513805,0.11134551,16-19N/77-80E
tp_mm,post_monsoon,304,0.30610073,0.2981933,0.2866049,0.10910106,16-19N/80-83E
tp_mm,post_monsoon,305,0.3216066,0.30756518,0.266176,0.10465222,16-19N/83-86E
tp_mm,post_monsoon,306,0.3348905,0.2926165,0.25195318,0.12053986,16-19N/86-89E
tp_mm,post_monsoon,307,0.37282893,0.27452788,0.23445216,0.11819104,16-19N/89-92E
tp_mm,post_monsoon,308,0.37529585,0.28991953,0.2297345,0.10505014,16-19N/92-95E
tp_mm,post_monsoon,309,0.5048097,0.2074567,0.18729779,0.10043585,16-19N/95-98E
tp_mm,post_monsoon,400,0.05480486,0.5379049,0.35191584,0.05537436,19-22N/68-71E
tp_mm,post_monsoon,401,0.08568668,0.49362168,0.34917986,0.07151177,19-22N/71-74E
tp_mm,post_monsoon,402,0.15918665,0.39913267,0.33051434,0.111166336,19-22N/74-77E
tp_mm,post_monsoon,403,0.19807243,0.3690534,0.32090262,0.11197154,19-22N/77-80E
tp_mm,post_monsoon,404,0.32042,0.28329703,0.27546427,0.12081876,19-22N/80-83E
tp_mm,post_monsoon,405,0.35839126,0.26065785,0.2621982,0.118752725,19-22N/83-86E
tp_mm,post_monsoon,406,0.31092098,0.30858916,0.26355103,0.11693884,19-22N/86-89E
tp_mm,post_monsoon,407,0.37715384,0.27164137,0.23362815,0.11757663,19-22N/89-92E
tp_mm,post_monsoon,408,0.45546505,0.23388384,0.20170747,0.10894362,19-22N/92-95E
tp_mm,post_monsoon,409,0.47955024,0.21096426,0.19713058,0.112354934,19-22N/95-98E
tp_mm,post_monsoon,500,0.09474761,0.47908685,0.3317105,0.09445506,22-25N/68-71E
tp_mm,post_monsoon,501,0.091491304,0.47276756,0.3457464,0.08999474,22-25N/71-74E
tp_mm,post_monsoon,502,0.15317507,0.40537614,0.33060712,0.11084169,22-25N/74-77E
tp_mm,post_monsoon,503,0.18802446,0.38057536,0.31142634,0.119973846,22-25N/77-80E
tp_mm,post_monsoon,504,0.25957763,0.32261348,0.29420787,0.12360105,22-25N/80-83E
tp_mm,post_monsoon,505,0.28699535,0.30848932,0.27966395,0.12485137,22-25N/83-86E
tp_mm,post_monsoon,506,0.32558686,0.28800312,0.26328212,0.12312791,22-25N/86-89E
tp_mm,post_monsoon,507,0.4011458,0.25351965,0.22910558,0.11622895,22-25N/89-92E
tp_mm,post_monsoon,508,0.51164085,0.19433443,0.18310276,0.11092194,22-25N/92-95E
tp_mm,post_monsoon,509,0.5099573,0.19720562,0.18262681,0.11021023,22-25N/95-98E
tp_mm,post_monsoon,600,0.13483535,0.43217024,0.31652093,0.11647349,25-28N/68-71E
tp_mm,post_monsoon,601,0.1431787,0.4280705,0.31357118,0.11517961,25-28N/71-74E
tp_mm,post_monsoon,602,0.16943479,0.40103582,0.3150686,0.11446078,25-28N/74-77E
tp_mm,post_monsoon,603,0.19305848,0.36992067,0.31816667,0.118854165,25-28N/77-80E
tp_mm,post_monsoon,604,0.20591259,0.3649736,0.31202906,0.11708471,25-28N/80-83E
tp_mm,post_monsoon,605,0.23686358,0.35614607,0.30067253,0.10631784,25-28N/83-86E
tp_mm,post_monsoon,606,0.27613452,0.3457329,0.27632913,0.10180348,25-28N/86-89E
tp_mm,post_monsoon,607,0.40469265,0.25492227,0.23133239,0.10905267,25-28N/89-92E
tp_mm,post_monsoon,608,0.4768875,0.20672077,0.20176412,0.114627615,25-28N/92-95E
tp_mm,post_monsoon,609,0.49536666,0.20578937,0.18661492,0.112229064,25-28N/95-98E
tp_mm,post_monsoon,700,0.1902814,0.37779832,0.307636,0.124284275,28-31N/68-71E
tp_mm,post_monsoon,701,0.20410043,0.37015387,0.2994481,0.12629758,28-31N/71-74E
tp_mm,post_monsoon,702,0.2307385,0.36060908,0.28439456,0.12425788,28-31N/74-77E
tp_mm,post_monsoon,703,0.2605678,0.33133882,0.28156877,0.12652463,28-31N/77-80E
tp_mm,post_monsoon,704,0.36358815,0.2677725,0.24147251,0.12716682,28-31N/80-83E
tp_mm,post_monsoon,705,0.41457328,0.25665414,0.2048052,0.123967394,28-31N/83-86E
tp_mm,post_monsoon,706,0.46856517,0.22077662,0.18507412,0.12558408,28-31N/86-89E
tp_mm,post_monsoon,707,0.5130272,0.19256145,0.1742143,0.12019709,28-31N/89-92E
tp_mm,post_monsoon,708,0.5397176,0.18061446,0.16441782,0.11525012,28-31N/92-95E
tp_mm,post_monsoon,709,0.53999126,0.18441817,0.16487972,0.110710844,28-31N/95-98E
tp_mm,post_monsoon,800,0.25509548,0.34079555,0.27135837,0.13275059,31-34N/68-71E
tp_mm,post_monsoon,801,0.20050906,0.38445297,0.29368258,0.121355385,31-34N/71-74E
tp_mm,post_monsoon,802,0.29940125,0.32584122,0.25138417,0.12337338,31-34N/74-77E
tp_mm,post_monsoon,803,0.46694225,0.22261277,0.18548262,0.124962375,31-34N/77-80E
tp_mm,post_monsoon,804,0.5312479,0.1908423,0.15758678,0.12032301,31-34N/80-83E
tp_mm,post_monsoon,805,0.5676156,0.17956552,0.13873115,0.11408768,31-34N/83-86E
tp_mm,post_monsoon,806,0.56315434,0.18175027,0.14040636,0.11468907,31-34N/86-89E
tp_mm,post_monsoon,807,0.57875454,0.17282376,0.13686152,0.11156016,31-34N/89-92E
tp_mm,post_monsoon,808,0.56194115,0.17617972,0.1470536,0.11482554,31-34N/92-95E
tp_mm,post_monsoon,809,0.55374205,0.17341962,0.15679935,0.11603896,31-34N/95-98E
tp_mm,post_monsoon,900,0.33477715,0.286417,0.24339217,0.13541368,34-37N/68-71E
tp_mm,post_monsoon,901,0.35709402,0.27640498,0.2374088,0.12909222,34-37N/71-74E
tp_mm,post_monsoon,902,0.44975805,0.22905822,0.19429466,0.12688908,34-37N/74-77E
tp_mm,post_monsoon,903,0.51702917,0.19745514,0.1627232,0.12279248,34-37N/77-80E
tp_mm,post_monsoon,904,0.5471741,0.18653549,0.14949721,0.11679321,34-37N/80-83E
tp_mm,post_monsoon,905,0.58326757,0.17631447,0.12973762,0.11068035,34-37N/83-86E
tp_mm,post_monsoon,906,0.5980795,0.1696863,0.123975545,0.108258635,34-37N/86-89E
tp_mm,post_monsoon,907,0.6182962,0.16052857,0.11716333,0.1040119,34-37N/89-92E
tp_mm,post_monsoon,908,0.59161794,0.17086756,0.12746854,0.11004594,34-37N/92-95E
tp_mm,post_monsoon,909,0.5779789,0.16978805,0.13898782,0.11324525,34-37N/95-98E
tp_mm,post_monsoon,1000,0.25402087,0.34281728,0.2724053,0.13075659,37-40N/68-71E
tp_mm,post_monsoon,1001,0.44262597,0.22813506,0.19936141,0.12987754,37-40N/71-74E
tp_mm,post_monsoon,1002,0.48775747,0.20641583,0.17972669,0.12609996,37-40N/74-77E
tp_mm,post_monsoon,1003,0.44127744,0.23050995,0.19756071,0.13065192,37-40N/77-80E
tp_mm,post_monsoon,1004,0.4469067,0.22591567,0.19703075,0.1301469,37-40N/80-83E
tp_mm,post_monsoon,1005,0.50770587,0.19708098,0.17166628,0.12354686,37-40N/83-86E
tp_mm,post_monsoon,1006,0.57538104,0.16739534,0.14305055,0.114173055,37-40N/86-89E
tp_mm,post_monsoon,1007,0.5807026,0.17116158,0.13543904,0.11269678,37-40N/89-92E
tp_mm,post_monsoon,1008,0.5406302,0.18200102,0.15690967,0.12045905,37-40N/92-95E
tp_mm,post_monsoon,1009,0.56760716,0.17281531,0.14430265,0.11527485,37-40N/95-98E
t2m_C_mean,winter,0,0.39568147,0.32417324,0.2649969,0.015148365,7-10N/68-71E
t2m_C_mean,winter,1,0.393613,0.3377364,0.2514809,0.017169653,7-10N/71-74E
t2m_C_mean,winter,2,0.38520667,0.3507556,0.2418661,0.022171639,7-10N/74-77E
t2m_C_mean,winter,3,0.36220393,0.38348097,0.2266383,0.027676795,7-10N/77-80E
t2m_C_mean,winter,4,0.3670653,0.36202946,0.24413142,0.026773788,7-10N/80-83E
t2m_C_mean,winter,5,0.36736882,0.35952395,0.24888366,0.02422355,7-10N/83-86E
t2m_C_mean,winter,6,0.40793246,0.3361533,0.23308928,0.022824962,7-10N/86-89E
t2m_C_mean,winter,7,0.45553103,0.33890456,0.18224737,0.02331701,7-10N/89-92E
t2m_C_mean,winter,8,0.47768974,0.31401178,0.18544261,0.022855874,7-10N/92-95E
t2m_C_mean,winter,9,0.42811605,0.33528405,0.21193385,0.02466605,7-10N/95-98E
t2m_C_mean,winter,100,0.32976773,0.3397991,0.3170541,0.013379078,10-13N/68-71E
t2m_C_mean,winter,101,0.32273024,0.32331532,0.33417958,0.019774891,10-13N/71-74E
t2m_C_mean,winter,102,0.30571303,0.36559185,0.306734,0.02196114,10-13N/74-77E
t2m_C_mean,winter,103,0.30209914,0.43203688,0.2509489,0.01491509,10-13N/77-80E
t2m_C_mean,winter,104,0.35752523,0.36862117,0.24467476,0.029178835,10-13N/80-83E
t2m_C_mean,winter,105,0.36277464,0.36918584,0.24308527,0.024954274,10-13N/83-86E
t2m_C_mean,winter,106,0.38318375,0.3607023,0.22976698,0.026346946,10-13N/86-89E
t2m_C_mean,winter,107,0.42415026,0.34606555,0.20454936,0.025234833,10-13N/89-92E
t2m_C_mean,winter,108,0.38224038,0.3798548,0.20552249,0.032382336,10-13N/92-95E
t2m_C_mean,winter,109,0.36692595,0.36372373,0.2358484,0.033501923,10-13N/95-98E
t2m_C_mean,winter,200,0.25639534,0.3698614,0.35110095,0.022642318,13-16N/68-71E
t2m_C_mean,winter,201,0.3210869,0.34095332,0.31426662,0.023693154,13-16N/71-74E
t2m_C_mean,winter,202,0.2532522,0.43177798,0.29945442,0.01551536,13-16N/74-77E
t2m_C_mean,winter,203,0.20667604,0.49786624,0.28078035,0.014677357,13-16N/77-80E
t2m_C_mean,winter,204,0.35105634,0.38733992,0.22007394,0.041529812,13-16N/80-83E
t2m_C_mean,winter,205,0.34848464,0.38122025,0.23675427,0.03354083,13-16N/83-86E
t2m_C_mean,winter,206,0.33247167,0.3633652,0.2701677,0.03399541,13-16N/86-89E
t2m_C_mean,winter,207,0.33959326,0.34175888,0.27812296,0.040524878,13-16N/89-92E
t2m_C_mean,winter,208,0.37509096,0.36150256,0.22014646,0.043260008,13-16N/92-95E
t2m_C_mean,winter,209,0.34479234,0.31934208,0.28547665,0.050388876,13-16N/95-98E
t2m_C_mean,winter,300,0.22606812,0.36407724,0.38229218,0.027562454,16-19N/68-71E
t2m_C_mean,winter,301,0.2459161,0.39733884,0.31933382,0.03741125,16-19N/71-74E
t2m_C_mean,winter,302,0.12259276,0.47219962,0.38486415,0.020343427,16-19N/74-77E
t2m_C_mean,winter,303,0.18085264,0.5090296,0.29202706,0.018090663,16-19N/77-80E
t2m_C_mean,winter,304,0.21640198,0.5207079,0.24093339,0.021956714,16-19N/80-83E
t2m_C_mean,winter,305,0.26066205,0.40512344,0.27974027,0.05447421,16-19N/83-86E
t2m_C_mean,winter,306,0.28787735,0.4224342,0.24550134,0.044187102,16-19N/86-89E
t2m_C_mean,winter,307,0.2915793,0.3851166,0.25940025,0.06390384,16-19N/89-92E
t2m_C_mean,winter,308,0.30504128,0.36688372,0.26943752,0.058637463,16-19N/92-95E
t2m_C_mean,winter,309,0.36219716,0.37038523,0.21968246,0.04773513,16-19N/95-98E
t2m_C_mean,winter,400,0.26110667,0.37350488,0.33645284,0.028935583,19-22N/68-71E
t2m_C_mean,winter,401,0.17156276,0.43153453,0.35665447,0.04024825,19-22N/71-74E
t2m_C_mean,winter,402,0.16032805,0.47869888,0.33150667,0.029466396,19-22N/74-77E
t2m_C_mean,winter,403,0.1298808,0.53443205,0.28817028,0.04751684,19-22N/77-80E
t2m_C_mean,winter,404,0.11327619,0.62094927,0.2339375,0.031837013,19-22N/80-83E
t2m_C_mean,winter,405,0.1191064,0.6363452,0.21269925,0.03184913,19-22N/83-86E
t2m_C_mean,winter,406,0.18227595,0.51509196,0.24556996,0.057062145,19-22N/86-89E
t2m_C_mean,winter,407,0.2398401,0.45386583,0.22720475,0.07908932,19-22N/89-92E
t2m_C_mean,winter,408,0.24624042,0.43485922,0.2597061,0.059194226,19-22N/92-95E
t2m_C_mean,winter,409,0.23367658,0.42570966,0.2899682,0.050645556,19-22N/95-98E
t2m_C_mean,winter,500,0.16972597,0.44848347,0.3410901,0.040700447,22-25N/68-71E
t2m_C_mean,winter,501,0.21747388,0.37521178,0.38286644,0.024447963,22-25N/71-74E
t2m_C_mean,winter,502,0.23671962,0.43141598,0.30185694,0.030007442,22-25N/74-77E
t2m_C_mean,winter,503,0.16603921,0.5501673,0.25020522,0.033588227,22-25N/77-80E
t2m_C_mean,winter,504,0.07886273,0.7150276,0.16671576,0.03939397,22-25N/80-83E
t2m_C_mean,winter,505,0.06784658,0.70245105,0.18671569,0.042986732,22-25N/83-86E
t2m_C_mean,winter,506,0.20869696,0.5099005,0.23225564,0.049146906,22-25N/86-89E
t2m_C_mean,winter,507,0.2667535,0.48091528,0.21092753,0.041403674,22-25N/89-92E
t2m_C_mean,winter,508,0.24553235,0.43711218,0.254581,0.06277447,22-25N/92-95E
t2m_C_mean,winter,509,0.21252535,0.4423712,0.29615727,0.048946176,22-25N/95-98E
t2m_C_mean,winter,600,0.18730694,0.44587237,0.33594185,0.030878864,25-28N/68-71E
t2m_C_mean,winter,601,0.28176904,0.32075834,0.36305806,0.034414537,25-28N/71-74E
t2m_C_mean,winter,602,0.2446339,0.35329643,0.3779821,0.024087543,25-28N/74-77E
t2m_C_mean,winter,603,0.07951986,0.5752673,0.32621342,0.018999442,25-28N/77-80E
t2m_C_mean,winter,604,0.051679753,0.7258315,0.19825143,0.02423726,25-28N/80-83E
t2m_C_mean,winter,605,0.14022096,0.56674606,0.26289582,0.030137163,25-28N/83-86E
t2m_C_mean,winter,606,0.30347562,0.41505784,0.24230495,0.03916162,25-28N/86-89E
t2m_C_mean,winter,607,0.2680601,0.44571835,0.24074918,0.045472372,25-28N/89-92E
t2m_C_mean,winter,608,0.31970632,0.43670294,0.20313337,0.040457375,25-28N/92-95E
t2m_C_mean,winter,609,0.294672,0.39146635,0.26382476,0.0500369,25-28N/95-98E
t2m_C_mean,winter,700,0.30940408,0.43028805,0.2230697,0.037238177,28-31N/68-71E
t2m_C_mean,winter,701,0.26726985,0.42087576,0.27459928,0.037255082,28-31N/71-74E
t2m_C_mean,winter,702,0.19633542,0.43064907,0.34571305,0.027302396,28-31N/74-77E
t2m_C_mean,winter,703,0.18093331,0.50029576,0.29547873,0.023292234,28-31N/77-80E
t2m_C_mean,winter,704,0.28357053,0.40684316,0.23387754,0.07570877,28-31N/80-83E
t2m_C_mean,winter,705,0.2708602,0.427903,0.2242812,0.076955594,28-31N/83-86E
t2m_C_mean,winter,706,0.23203042,0.5349836,0.18560016,0.047385838,28-31N/86-89E
t2m_C_mean,winter,707,0.15519668,0.74516565,0.07479686,0.024840796,28-31N/89-92E
t2m_C_mean,winter,708,0.26446494,0.5859672,0.103445426,0.04612246,28-31N/92-95E
t2m_C_mean,winter,709,0.33652237,0.49683934,0.10933867,0.0572996,28-31N/95-98E
t2m_C_mean,winter,800,0.5484399,0.26069602,0.12509654,0.06576751,31-34N/68-71E
t2m_C_mean,winter,801,0.29275888,0.39002612,0.28406578,0.033149227,31-34N/71-74E
t2m_C_mean,winter,802,0.3865729,0.34405062,0.21781802,0.05155845,31-34N/74-77E
t2m_C_mean,winter,803,0.75095785,0.13653463,0.037228912,0.07527863,31-34N/77-80E
t2m_C_mean,winter,804,0.4880688,0.28206524,0.13274853,0.09711743,31-34N/80-83E
t2m_C_mean,winter,805,0.34886447,0.44182402,0.14995246,0.05935905,31-34N/83-86E
t2m_C_mean,winter,806,0.34313032,0.5068616,0.09996328,0.050044797,31-34N/86-89E
t2m_C_mean,winter,807,0.32700017,0.53965,0.064145856,0.06920394,31-34N/89-92E
t2m_C_mean,winter,808,0.34171075,0.54013896,0.07195105,0.046199262,31-34N/92-95E
t2m_C_mean,winter,809,0.24713641,0.62252104,0.09570157,0.034640975,31-34N/95-98E
t2m_C_mean,winter,900,0.6178599,0.15843998,0.048102308,0.17559782,34-37N/68-71E
t2m_C_mean,winter,901,0.47521314,0.26527438,0.09616157,0.16335094,34-37N/71-74E
t2m_C_mean,winter,902,0.6883741,0.15307035,0.023970107,0.13458541,34-37N/74-77E
t2m_C_mean,winter,903,0.7882361,0.079670474,0.010271753,0.12182168,34-37N/77-80E
t2m_C_mean,winter,904,0.6969684,0.16015257,0.028423784,0.11445531,34-37N/80-83E
t2m_C_mean,winter,905,0.69787395,0.20379509,0.01773923,0.080591716,34-37N/83-86E
t2m_C_mean,winter,906,0.6502679,0.2197687,0.019159332,0.110804066,34-37N/86-89E
t2m_C_mean,winter,907,0.57190263,0.29919007,0.023217449,0.10568989,34-37N/89-92E
t2m_C_mean,winter,908,0.47991332,0.33439916,0.06813289,0.11755459,34-37N/92-95E
t2m_C_mean,winter,909,0.4691455,0.35550675,0.07344418,0.10190354,34-37N/95-98E
t2m_C_mean,winter,1000,0.4440183,0.30997396,0.09872464,0.1472831,37-40N/68-71E
t2m_C_mean,winter,1001,0.5934122,0.18114322,0.022987748,0.20245676,37-40N/71-74E
t2m_C_mean,winter,1002,0.63520724,0.14305699,0.03937763,0.18235818,37-40N/74-77E
t2m_C_mean,winter,1003,0.53464967,0.17997447,0.084703475,0.20067239,37-40N/77-80E
t2m_C_mean,winter,1004,0.36257365,0.30084363,0.096185684,0.24039704,37-40N/80-83E
t2m_C_mean,winter,1005,0.6401476,0.16622785,0.03682684,0.1567977,37-40N/83-86E
t2m_C_mean,winter,1006,0.6630456,0.14877203,0.011636589,0.17654578,37-40N/86-89E
t2m_C_mean,winter,1007,0.5166148,0.32333815,0.041704323,0.118342705,37-40N/89-92E
t2m_C_mean,winter,1008,0.3453482,0.33773616,0.143309,0.17360662,37-40N/92-95E
t2m_C_mean,winter,1009,0.36163917,0.36393353,0.14618842,0.12823886,37-40N/95-98E
t2m_C_mean,pre_monsoon,0,0.44842622,0.30185473,0.05678908,0.19292998,7-10N/68-71E
t2m_C_mean,pre_monsoon,1,0.5006605,0.29255983,0.04785952,0.15892021,7-10N/71-74E
t2m_C_mean,pre_monsoon,2,0.5011888,0.29667574,0.04121909,0.16091636,7-10N/74-77E
t2m_C_mean,pre_monsoon,3,0.38395214,0.36250082,0.0445879,0.20895912,7-10N/77-80E
t2m_C_mean,pre_monsoon,4,0.38330042,0.31428307,0.05329413,0.24912237,7-10N/80-83E
t2m_C_mean,pre_monsoon,5,0.4351243,0.2560925,0.043012224,0.26577097,7-10N/83-86E
t2m_C_mean,pre_monsoon,6,0.4728539,0.21097502,0.037517052,0.27865404,7-10N/86-89E
t2m_C_mean,pre_monsoon,7,0.57031834,0.19379485,0.02942433,0.20646246,7-10N/89-92E
t2m_C_mean,pre_monsoon,8,0.59771657,0.16639431,0.028164012,0.20772512,7-10N/92-95E
t2m_C_mean,pre_monsoon,9,0.5589886,0.17907535,0.026922984,0.23501311,7-10N/95-98E
t2m_C_mean,pre_monsoon,100,0.3754423,0.3656763,0.062640384,0.196241,10-13N/68-71E
t2m_C_mean,pre_monsoon,101,0.36335,0.33733755,0.07465738,0.22465508,10-13N/71-74E
t2m_C_mean,pre_monsoon,102,0.38381708,0.3688181,0.055778973,0.19158582,10-13N/74-77E
t2m_C_mean,pre_monsoon,103,0.18958594,0.6546339,0.04037656,0.115403645,10-13N/77-80E
t2m_C_mean,pre_monsoon,104,0.30989787,0.3034353,0.043285422,0.34338143,10-13N/80-83E
t2m_C_mean,pre_monsoon,105,0.42450595,0.23937017,0.033260804,0.30286312,10-13N/83-86E
t2m_C_mean,pre_monsoon,106,0.4268738,0.249404,0.031772267,0.29194993,10-13N/86-89E
t2m_C_mean,pre_monsoon,107,0.55933565,0.15378314,0.024144165,0.26273707,10-13N/89-92E
t2m_C_mean,pre_monsoon,108,0.57414967,0.16788073,0.025902791,0.23206678,10-13N/92-95E
t2m_C_mean,pre_monsoon,109,0.5102122,0.19339652,0.02741405,0.26897725,10-13N/95-98E
t2m_C_mean,pre_monsoon,200,0.19759186,0.45453876,0.059197333,0.28867203,13-16N/68-71E
t2m_C_mean,pre_monsoon,201,0.35952052,0.33189455,0.05939916,0.2491858,13-16N/71-74E
t2m_C_mean,pre_monsoon,202,0.28903878,0.5439055,0.04278977,0.124265976,13-16N/74-77E
t2m_C_mean,pre_monsoon,203,0.2027288,0.6491373,0.022151368,0.12598254,13-16N/77-80E
t2m_C_mean,pre_monsoon,204,0.23458758,0.44634116,0.047808364,0.27126288,13-16N/80-83E
t2m_C_mean,pre_monsoon,205,0.2617361,0.36030456,0.03333121,0.34462813,13-16N/83-86E
t2m_C_mean,pre_monsoon,206,0.2932187,0.24343075,0.022970948,0.4403796,13-16N/86-89E
t2m_C_mean,pre_monsoon,207,0.28126064,0.21220012,0.029324712,0.47721457,13-16N/89-92E
t2m_C_mean,pre_monsoon,208,0.4661783,0.15794109,0.024897195,0.3509834,13-16N/92-95E
t2m_C_mean,pre_monsoon,209,0.37488735,0.1577136,0.0311583,0.43624073,13-16N/95-98E
t2m_C_mean,pre_monsoon,300,0.26453328,0.2731584,0.045569398,0.41673893,16-19N/68-71E
t2m_C_mean,pre_monsoon,301,0.25645846,0.38543376,0.047238357,0.31086943,16-19N/71-74E
t2m_C_mean,pre_monsoon,302,0.26277006,0.5261723,0.026719999,0.18433766,16-19N/74-77E
t2m_C_mean,pre_monsoon,303,0.43209875,0.34429026,0.014321115,0.20928991,16-19N/77-80E
t2m_C_mean,pre_monsoon,304,0.40011773,0.4309785,0.031829473,0.1370743,16-19N/80-83E
t2m_C_mean,pre_monsoon,305,0.22456697,0.29298025,0.049208753,0.43324405,16-19N/83-86E
t2m_C_mean,pre_monsoon,306,0.32513046,0.24840353,0.027291296,0.39917475,16-19N/86-89E
t2m_C_mean,pre_monsoon,307,0.22259739,0.19705446,0.02023156,0.5601166,16-19N/89-92E
t2m_C_mean,pre_monsoon,308,0.3124294,0.17880838,0.02369606,0.48506615,16-19N/92-95E
t2m_C_mean,pre_monsoon,309,0.35220483,0.2637358,0.025338538,0.35872087,16-19N/95-98E
t2m_C_mean,pre_monsoon,400,0.28042537,0.30193245,0.035022363,0.3826198,19-22N/68-71E
t2m_C_mean,pre_monsoon,401,0.38494402,0.23825063,0.02790179,0.34890357,19-22N/71-74E
t2m_C_mean,pre_monsoon,402,0.48549548,0.2596567,0.018376179,0.23647164,19-22N/74-77E
t2m_C_mean,pre_monsoon,403,0.3501507,0.3215872,0.011460943,0.31680116,19-22N/77-80E
t2m_C_mean,pre_monsoon,404,0.42469135,0.29411605,0.007956067,0.27323657,19-22N/80-83E
t2m_C_mean,pre_monsoon,405,0.42484918,0.3142205,0.024374714,0.23655567,19-22N/83-86E
t2m_C_mean,pre_monsoon,406,0.39281985,0.28544942,0.06819211,0.25353864,19-22N/86-89E
t2m_C_mean,pre_monsoon,407,0.26742437,0.21518832,0.0318391,0.48554817,19-22N/89-92E
t2m_C_mean,pre_monsoon,408,0.30058172,0.24572106,0.02176215,0.43193507,19-22N/92-95E
t2m_C_mean,pre_monsoon,409,0.40114272,0.11115352,0.013824182,0.4738796,19-22N/95-98E
t2m_C_mean,pre_monsoon,500,0.36209786,0.30117646,0.023713704,0.313012,22-25N/68-71E
t2m_C_mean,pre_monsoon,501,0.47249085,0.2832636,0.019488145,0.22475742,22-25N/71-74E
t2m_C_mean,pre_monsoon,502,0.4892677,0.24510834,0.016155578,0.24946837,22-25N/74-77E
t2m_C_mean,pre_monsoon,503,0.51945937,0.24725235,0.011250847,0.22203739,22-25N/77-80E
t2m_C_mean,pre_monsoon,504,0.42612168,0.2915501,0.0055750534,0.27675316,22-25N/80-83E
t2m_C_mean,pre_monsoon,505,0.38843074,0.2604196,0.0064989068,0.34465075,22-25N/83-86E
t2m_C_mean,pre_monsoon,506,0.5146106,0.19853526,0.016932119,0.26992202,22-25N/86-89E
t2m_C_mean,pre_monsoon,507,0.44715565,0.34629676,0.036308803,0.17023878,22-25N/89-92E
t2m_C_mean,pre_monsoon,508,0.3316828,0.21543565,0.022152552,0.430729,22-25N/92-95E
t2m_C_mean,pre_monsoon,509,0.35056448,0.18272668,0.018259035,0.4484498,22-25N/95-98E
t2m_C_mean,pre_monsoon,600,0.49081528,0.33854246,0.010157795,0.16048448,25-28N/68-71E
t2m_C_mean,pre_monsoon,601,0.4687993,0.32435057,0.014483502,0.19236663,25-28N/71-74E
t2m_C_mean,pre_monsoon,602,0.56104,0.2325979,0.013117103,0.19324501,25-28N/74-77E
t2m_C_mean,pre_monsoon,603,0.53465515,0.2748852,0.0097629335,0.18069671,25-28N/77-80E
t2m_C_mean,pre_monsoon,604,0.4318101,0.3303704,0.0073594097,0.23046008,25-28N/80-83E
t2m_C_mean,pre_monsoon,605,0.4989919,0.18626726,0.009160699,0.30558014,25-28N/83-86E
t2m_C_mean,pre_monsoon,606,0.4380195,0.22721425,0.019202944,0.31556326,25-28N/86-89E
t2m_C_mean,pre_monsoon,607,0.4801049,0.1848182,0.03117856,0.30389833,25-28N/89-92E
t2m_C_mean,pre_monsoon,608,0.5067685,0.21077155,0.039187603,0.24327233,25-28N/92-95E
t2m_C_mean,pre_monsoon,609,0.4989991,0.1083789,0.02623471,0.3663873,25-28N/95-98E
t2m_C_mean,pre_monsoon,700,0.4037416,0.40040347,0.016068768,0.17978619,28-31N/68-71E
t2m_C_mean,pre_monsoon,701,0.4800343,0.36565316,0.01712571,0.13718687,28-31N/71-74E
t2m_C_mean,pre_monsoon,702,0.5285312,0.30355412,0.014644485,0.15327017,28-31N/74-77E
t2m_C_mean,pre_monsoon,703,0.44719213,0.30570385,0.012213133,0.2348909,28-31N/77-80E
t2m_C_mean,pre_monsoon,704,0.45114055,0.13611686,0.008602056,0.40414053,28-31N/80-83E
t2m_C_mean,pre_monsoon,705,0.5261425,0.12769338,0.009552436,0.3366117,28-31N/83-86E
t2m_C_mean,pre_monsoon,706,0.49687013,0.18704444,0.011400493,0.30468494,28-31N/86-89E
t2m_C_mean,pre_monsoon,707,0.37187123,0.42638358,0.017673982,0.18407121,28-31N/89-92E
t2m_C_mean,pre_monsoon,708,0.51504844,0.20141989,0.024663394,0.25886828,28-31N/92-95E
t2m_C_mean,pre_monsoon,709,0.52833015,0.1427434,0.020344919,0.30858156,28-31N/95-98E
t2m_C_mean,pre_monsoon,800,0.4261889,0.30887753,0.018795338,0.24613826,31-34N/68-71E
t2m_C_mean,pre_monsoon,801,0.50911486,0.32351038,0.020953616,0.14642112,31-34N/71-74E
t2m_C_mean,pre_monsoon,802,0.54977274,0.22721733,0.015026402,0.20798354,31-34N/74-77E
t2m_C_mean,pre_monsoon,803,0.6991822,0.06439962,0.0055041434,0.23091403,31-34N/77-80E
t2m_C_mean,pre_monsoon,804,0.68924963,0.06935473,0.0042366628,0.23715901,31-34N/80-83E
t2m_C_mean,pre_monsoon,805,0.70491177,0.08417151,0.006361653,0.20455508,31-34N/83-86E
t2m_C_mean,pre_monsoon,806,0.6752821,0.11730643,0.008781432,0.19862998,31-34N/86-89E
t2m_C_mean,pre_monsoon,807,0.60988855,0.10226971,0.0061936765,0.281648,31-34N/89-92E
t2m_C_mean,pre_monsoon,808,0.56083065,0.15857908,0.013376054,0.26721424,31-34N/92-95E
t2m_C_mean,pre_monsoon,809,0.43419525,0.27789617,0.01961994,0.26828864,31-34N/95-98E
t2m_C_mean,pre_monsoon,900,0.48208264,0.07815937,0.005922909,0.4338351,34-37N/68-71E
t2m_C_mean,pre_monsoon,901,0.5635968,0.10200385,0.0076054838,0.32679388,34-37N/71-74E
t2m_C_mean,pre_monsoon,902,0.6978238,0.054370124,0.0054988717,0.24230717,34-37N/74-77E
t2m_C_mean,pre_monsoon,903,0.756641,0.04251316,0.0049391147,0.1959067,34-37N/77-80E
t2m_C_mean,pre_monsoon,904,0.6799055,0.087826714,0.007661716,0.22460611,34-37N/80-83E
t2m_C_mean,pre_monsoon,905,0.7224368,0.072407685,0.006646839,0.19850868,34-37N/83-86E
t2m_C_mean,pre_monsoon,906,0.7009435,0.058389224,0.005271034,0.23539618,34-37N/86-89E
t2m_C_mean,pre_monsoon,907,0.6910928,0.053306535,0.005120999,0.25047964,34-37N/89-92E
t2m_C_mean,pre_monsoon,908,0.6178626,0.05811439,0.007927586,0.3160954,34-37N/92-95E
t2m_C_mean,pre_monsoon,909,0.5730134,0.11453975,0.01526561,0.29718125,34-37N/95-98E
t2m_C_mean,pre_monsoon,1000,0.33573642,0.06956087,0.0064855297,0.5882172,37-40N/68-71E
t2m_C_mean,pre_monsoon,1001,0.6824747,0.051316373,0.0062419605,0.25996703,37-40N/71-74E
t2m_C_mean,pre_monsoon,1002,0.6735309,0.054541107,0.0068083107,0.2651197,37-40N/74-77E
t2m_C_mean,pre_monsoon,1003,0.6079523,0.1086551,0.01174795,0.27164465,37-40N/77-80E
t2m_C_mean,pre_monsoon,1004,0.6066011,0.13437426,0.011478896,0.24754573,37-40N/80-83E
t2m_C_mean,pre_monsoon,1005,0.6538642,0.096427955,0.0090992795,0.2406086,37-40N/83-86E
t2m_C_mean,pre_monsoon,1006,0.69984055,0.03829084,0.003620218,0.25824836,37-40N/86-89E
t2m_C_mean,pre_monsoon,1007,0.6525682,0.056507442,0.006891762,0.28403258,37-40N/89-92E
t2m_C_mean,pre_monsoon,1008,0.5696474,0.10089298,0.012218067,0.31724158,37-40N/92-95E
t2m_C_mean,pre_monsoon,1009,0.5861547,0.12138063,0.009254487,0.2832102,37-40N/95-98E
t2m_C_mean,monsoon,0,0.37688756,0.33171192,0.2762404,0.015160129,7-10N/68-71E
t2m_C_mean,monsoon,1,0.4579939,0.3029601,0.2189046,0.02014144,7-10N/71-74E
t2m_C_mean,monsoon,2,0.42233834,0.3292358,0.22272114,0.025704727,7-10N/74-77E
t2m_C_mean,monsoon,3,0.31232658,0.40545344,0.2564379,0.025782093,7-10N/77-80E
t2m_C_mean,monsoon,4,0.2993095,0.38752303,0.29495546,0.018212035,7-10N/80-83E
t2m_C_mean,monsoon,5,0.32018,0.3741784,0.28669223,0.018949343,7-10N/83-86E
t2m_C_mean,monsoon,6,0.3628366,0.35615906,0.2574497,0.023554625,7-10N/86-89E
t2m_C_mean,monsoon,7,0.46208733,0.31635943,0.19177829,0.02977495,7-10N/89-92E
t2m_C_mean,monsoon,8,0.5405947,0.2606912,0.165118,0.033596113,7-10N/92-95E
t2m_C_mean,monsoon,9,0.5281462,0.26879385,0.16845396,0.034605987,7-10N/95-98E
t2m_C_mean,monsoon,100,0.30064362,0.38977122,0.29917622,0.010408946,10-13N/68-71E
t2m_C_mean,monsoon,101,0.40929705,0.30237398,0.2674925,0.020836487,10-13N/71-74E
t2m_C_mean,monsoon,102,0.48177665,0.27361512,0.19523934,0.04936889,10-13N/74-77E
t2m_C_mean,monsoon,103,0.35701534,0.4024068,0.22578526,0.014792624,10-13N/77-80E
t2m_C_mean,monsoon,104,0.3290577,0.3680142,0.28344268,0.01948546,10-13N/80-83E
t2m_C_mean,monsoon,105,0.35968846,0.35688892,0.26312184,0.02030083,10-13N/83-86E
t2m_C_mean,monsoon,106,0.4103981,0.33877805,0.22399229,0.026831578,10-13N/86-89E
t2m_C_mean,monsoon,107,0.48565984,0.3034768,0.18131591,0.029547414,10-13N/89-92E
t2m_C_mean,monsoon,108,0.47126883,0.3091621,0.18361829,0.035950776,10-13N/92-95E
t2m_C_mean,monsoon,109,0.44721228,0.30295095,0.20886385,0.040972885,10-13N/95-98E
t2m_C_mean,monsoon,200,0.17421573,0.46594286,0.35083643,0.009004972,13-16N/68-71E
t2m_C_mean,monsoon,201,0.36056864,0.35347927,0.264549,0.02140308,13-16N/71-74E
t2m_C_mean,monsoon,202,0.40134695,0.35995257,0.20984782,0.028852606,13-16N/74-77E
t2m_C_mean,monsoon,203,0.25862622,0.49607277,0.23778892,0.0075121196,13-16N/77-80E
t2m_C_mean,monsoon,204,0.3300215,0.38995737,0.2638569,0.016164243,13-16N/80-83E
t2m_C_mean,monsoon,205,0.4111353,0.3502521,0.21661131,0.022001324,13-16N/83-86E
t2m_C_mean,monsoon,206,0.436638,0.32798213,0.21189554,0.023484368,13-16N/86-89E
t2m_C_mean,monsoon,207,0.46111172,0.3047265,0.20272894,0.031432807,13-16N/89-92E
t2m_C_mean,monsoon,208,0.47745913,0.30237433,0.18459609,0.03557043,13-16N/92-95E
t2m_C_mean,monsoon,209,0.4616226,0.26869828,0.20749532,0.062183786,13-16N/95-98E
t2m_C_mean,monsoon,300,0.13952397,0.47444263,0.37806714,0.007966284,16-19N/68-71E
t2m_C_mean,monsoon,301,0.32886022,0.38518652,0.26108655,0.024866676,16-19N/71-74E
t2m_C_mean,monsoon,302,0.28339452,0.41779456,0.28319842,0.01561252,16-19N/74-77E
t2m_C_mean,monsoon,303,0.32945848,0.44546193,0.21514775,0.0099318335,16-19N/77-80E
t2m_C_mean,monsoon,304,0.35250703,0.43078417,0.20703837,0.009670445,16-19N/80-83E
t2m_C_mean,monsoon,305,0.32824075,0.3822055,0.26954237,0.020011341,16-19N/83-86E
t2m_C_mean,monsoon,306,0.40952802,0.3604125,0.20931183,0.020747663,16-19N/86-89E
t2m_C_mean,monsoon,307,0.4495998,0.32173178,0.19024438,0.038423993,16-19N/89-92E
t2m_C_mean,monsoon,308,0.48365906,0.2958574,0.17856513,0.041918423,16-19N/92-95E
t2m_C_mean,monsoon,309,0.49209562,0.28558174,0.1806045,0.041718185,16-19N/95-98E
t2m_C_mean,monsoon,400,0.1846285,0.4724766,0.33392882,0.00896605,19-22N/68-71E
t2m_C_mean,monsoon,401,0.27817327,0.42734987,0.2801146,0.014362271,19-22N/71-74E
t2m_C_mean,monsoon,402,0.22758536,0.49073476,0.27357107,0.008108817,19-22N/74-77E
t2m_C_mean,monsoon,403,0.2611964,0.49291858,0.2325722,0.013312782,19-22N/77-80E
t2m_C_mean,monsoon,404,0.29875126,0.46239153,0.22503726,0.013819951,19-22N/80-83E
t2m_C_mean,monsoon,405,0.34944907,0.41798353,0.21791278,0.014654618,19-22N/83-86E
t2m_C_mean,monsoon,406,0.48026386,0.31780317,0.16763324,0.034299746,19-22N/86-89E
t2m_C_mean,monsoon,407,0.4665976,0.31481385,0.16981581,0.048772745,19-22N/89-92E
t2m_C_mean,monsoon,408,0.45789954,0.30969858,0.20115763,0.031244265,19-22N/92-95E
t2m_C_mean,monsoon,409,0.44223604,0.29977217,0.22808816,0.029903684,19-22N/95-98E
t2m_C_mean,monsoon,500,0.18043528,0.49537987,0.31679362,0.0073912176,22-25N/68-71E
t2m_C_mean,monsoon,501,0.17254804,0.55266064,0.26888707,0.0059042694,22-25N/71-74E
t2m_C_mean,monsoon,502,0.2430309,0.50613594,0.23689283,0.013940343,22-25N/74-77E
t2m_C_mean,monsoon,503,0.33841777,0.43116006,0.2087764,0.021645779,22-25N/77-80E
t2m_C_mean,monsoon,504,0.3428757,0.42048585,0.22421543,0.012423025,22-25N/80-83E
t2m_C_mean,monsoon,505,0.44449,0.3454088,0.19329403,0.016807167,22-25N/83-86E
t2m_C_mean,monsoon,506,0.5503755,0.29115275,0.13638645,0.022085253,22-25N/86-89E
t2m_C_mean,monsoon,507,0.5004566,0.30901283,0.17188685,0.018643761,22-25N/89-92E
t2m_C_mean,monsoon,508,0.42811486,0.3191446,0.22995634,0.022784164,22-25N/92-95E
t2m_C_mean,monsoon,509,0.4667866,0.29070508,0.22156559,0.02094275,22-25N/95-98E
t2m_C_mean,monsoon,600,0.1840989,0.5956747,0.21820143,0.0020249446,25-28N/68-71E
t2m_C_mean,monsoon,601,0.19165626,0.55639046,0.2441963,0.0077569704,25-28N/71-74E
t2m_C_mean,monsoon,602,0.32812285,0.4397171,0.21470897,0.01745108,25-28N/74-77E
t2m_C_mean,monsoon,603,0.39524406,0.39380005,0.19936925,0.0115866475,25-28N/77-80E
t2m_C_mean,monsoon,604,0.47006866,0.35481364,0.1663897,0.008727966,25-28N/80-83E
t2m_C_mean,monsoon,605,0.48751566,0.33125564,0.17051886,0.010709856,25-28N/83-86E
t2m_C_mean,monsoon,606,0.48336452,0.30960074,0.18592145,0.021113314,25-28N/86-89E
t2m_C_mean,monsoon,607,0.41519585,0.33604738,0.21510202,0.033654742,25-28N/89-92E
t2m_C_mean,monsoon,608,0.46645185,0.31760398,0.19495563,0.020988548,25-28N/92-95E
t2m_C_mean,monsoon,609,0.5218793,0.26453692,0.18008976,0.033493977,25-28N/95-98E
t2m_C_mean,monsoon,700,0.1881182,0.6107979,0.19728209,0.003801789,28-31N/68-71E
t2m_C_mean,monsoon,701,0.20017742,0.59551823,0.2009052,0.0033991735,28-31N/71-74E
t2m_C_mean,monsoon,702,0.2928485,0.48386005,0.21686831,0.006423175,28-31N/74-77E
t2m_C_mean,monsoon,703,0.36917406,0.41301227,0.20810905,0.009704606,28-31N/77-80E
t2m_C_mean,monsoon,704,0.17453186,0.5834371,0.21545292,0.026578134,28-31N/80-83E
t2m_C_mean,monsoon,705,0.08975675,0.7069586,0.18089859,0.022386026,28-31N/83-86E
t2m_C_mean,monsoon,706,0.1849932,0.5654106,0.21634504,0.0332511,28-31N/86-89E
t2m_C_mean,monsoon,707,0.3238072,0.4687343,0.17723136,0.030227121,28-31N/89-92E
t2m_C_mean,monsoon,708,0.33082706,0.40926602,0.2113319,0.048575006,28-31N/92-95E
t2m_C_mean,monsoon,709,0.40260532,0.35426405,0.19738267,0.045747958,28-31N/95-98E
t2m_C_mean,monsoon,800,0.14987445,0.6556094,0.18176685,0.012749231,31-34N/68-71E
t2m_C_mean,monsoon,801,0.22356819,0.5794686,0.19276674,0.0041964836,31-34N/71-74E
t2m_C_mean,monsoon,802,0.17568584,0.6062805,0.20542762,0.012606023,31-34N/74-77E
t2m_C_mean,monsoon,803,0.020940669,0.9206673,0.051885758,0.006506274,31-34N/77-80E
t2m_C_mean,monsoon,804,0.017142048,0.92442375,0.051197708,0.0072364504,31-34N/80-83E
t2m_C_mean,monsoon,805,0.06445154,0.79322106,0.13176897,0.010558425,31-34N/83-86E
t2m_C_mean,monsoon,806,0.21344529,0.5857677,0.18065166,0.020135349,31-34N/86-89E
t2m_C_mean,monsoon,807,0.36927214,0.4481057,0.13901752,0.04360464,31-34N/89-92E
t2m_C_mean,monsoon,808,0.38657114,0.41489887,0.1547465,0.04378353,31-34N/92-95E
t2m_C_mean,monsoon,809,0.42006183,0.37797073,0.15957475,0.04239272,31-34N/95-98E
t2m_C_mean,monsoon,900,0.18719628,0.47030193,0.115955524,0.22654629,34-37N/68-71E
t2m_C_mean,monsoon,901,0.11089322,0.6977561,0.12769307,0.06365761,34-37N/71-74E
t2m_C_mean,monsoon,902,0.07574506,0.83797693,0.066155866,0.020122169,34-37N/74-77E
t2m_C_mean,monsoon,903,0.08138978,0.8332685,0.059071403,0.026270295,34-37N/77-80E
t2m_C_mean,monsoon,904,0.10620003,0.78033334,0.08831449,0.02515215,34-37N/80-83E
t2m_C_mean,monsoon,905,0.1925427,0.6372977,0.13042408,0.03973552,34-37N/83-86E
t2m_C_mean,monsoon,906,0.2838061,0.50163245,0.1383536,0.076207854,34-37N/86-89E
t2m_C_mean,monsoon,907,0.3213063,0.461863,0.13668801,0.080142714,34-37N/89-92E
t2m_C_mean,monsoon,908,0.46731114,0.28586528,0.15378365,0.09303993,34-37N/92-95E
t2m_C_mean,monsoon,909,0.45864588,0.3329473,0.13897197,0.06943487,34-37N/95-98E
t2m_C_mean,monsoon,1000,0.31671116,0.46357504,0.12109515,0.09861866,37-40N/68-71E
t2m_C_mean,monsoon,1001,0.08999462,0.6591791,0.059846323,0.19098,37-40N/71-74E
t2m_C_mean,monsoon,1002,0.064283885,0.7958487,0.07053834,0.06932904,37-40N/74-77E
t2m_C_mean,monsoon,1003,0.19652256,0.6170358,0.14725292,0.03918869,37-40N/77-80E
t2m_C_mean,monsoon,1004,0.34527665,0.5548111,0.08773274,0.0121794455,37-40N/80-83E
t2m_C_mean,monsoon,1005,0.24452105,0.57447374,0.15490396,0.026101273,37-40N/83-86E
t2m_C_mean,monsoon,1006,0.33269793,0.43440658,0.14947349,0.08342201,37-40N/86-89E
t2m_C_mean,monsoon,1007,0.39957958,0.3914631,0.13904718,0.06991014,37-40N/89-92E
t2m_C_mean,monsoon,1008,0.5587261,0.2826957,0.09173435,0.06684393,37-40N/92-95E
t2m_C_mean,monsoon,1009,0.61324865,0.26726076,0.086210616,0.03328001,37-40N/95-98E
t2m_C_mean,post_monsoon,0,0.3995551,0.27588284,0.30446616,0.020095928,7-10N/68-71E
t2m_C_mean,post_monsoon,1,0.51915365,0.25523552,0.2046485,0.02096229,7-10N/71-74E
t2m_C_mean,post_monsoon,2,0.33752248,0.36039904,0.2720859,0.029992573,7-10N/74-77E
t2m_C_mean,post_monsoon,3,0.2659794,0.39185712,0.27028263,0.071880884,7-10N/77-80E
t2m_C_mean,post_monsoon,4,0.29577637,0.3528168,0.2826267,0.06878016,7-10N/80-83E
t2m_C_mean,post_monsoon,5,0.33411565,0.32890484,0.28670177,0.050277755,7-10N/83-86E
t2m_C_mean,post_monsoon,6,0.4158449,0.26638505,0.2679179,0.049852114,7-10N/86-89E
t2m_C_mean,post_monsoon,7,0.49882296,0.2597055,0.18867342,0.052798137,7-10N/89-92E
t2m_C_mean,post_monsoon,8,0.61190945,0.20415367,0.14218749,0.041749347,7-10N/92-95E
t2m_C_mean,post_monsoon,9,0.5889459,0.21503793,0.15154476,0.044471364,7-10N/95-98E
t2m_C_mean,post_monsoon,100,0.36231858,0.29471672,0.32540822,0.017556494,10-13N/68-71E
t2m_C_mean,post_monsoon,101,0.283439,0.31579882,0.38133392,0.019428223,10-13N/71-74E
t2m_C_mean,post_monsoon,102,0.29256713,0.35334143,0.3288307,0.025260754,10-13N/74-77E
t2m_C_mean,post_monsoon,103,0.40909347,0.35893646,0.2025486,0.029421492,10-13N/77-80E
t2m_C_mean,post_monsoon,104,0.23165643,0.4083016,0.32462728,0.03541469,10-13N/80-83E
t2m_C_mean,post_monsoon,105,0.26227456,0.36776736,0.34160817,0.02834992,10-13N/83-86E
t2m_C_mean,post_monsoon,106,0.32275,0.3465164,0.29421332,0.036520272,10-13N/86-89E
t2m_C_mean,post_monsoon,107,0.5720924,0.22400424,0.16415054,0.039752766,10-13N/89-92E
t2m_C_mean,post_monsoon,108,0.39230272,0.33082527,0.22134621,0.055525824,10-13N/92-95E
t2m_C_mean,post_monsoon,109,0.2803409,0.36325544,0.31010827,0.04629541,10-13N/95-98E
t2m_C_mean,post_monsoon,200,0.06447644,0.47007507,0.44846362,0.01698489,13-16N/68-71E
t2m_C_mean,post_monsoon,201,0.12634632,0.40791705,0.44148177,0.024254855,13-16N/71-74E
t2m_C_mean,post_monsoon,202,0.22981496,0.4553144,0.28790566,0.026964981,13-16N/74-77E
t2m_C_mean,post_monsoon,203,0.23957247,0.45531967,0.28227925,0.02282859,13-16N/77-80E
t2m_C_mean,post_monsoon,204,0.14029855,0.48814803,0.34115887,0.030394549,13-16N/80-83E
t2m_C_mean,post_monsoon,205,0.17719164,0.45899218,0.33453,0.029286148,13-16N/83-86E
t2m_C_mean,post_monsoon,206,0.24716397,0.38355532,0.34372514,0.025555588,13-16N/86-89E
t2m_C_mean,post_monsoon,207,0.25780123,0.36254388,0.3521564,0.027498497,13-16N/89-92E
t2m_C_mean,post_monsoon,208,0.39433807,0.32935983,0.22960003,0.046702076,13-16N/92-95E
t2m_C_mean,post_monsoon,209,0.25231168,0.36886248,0.318941,0.059884883,13-16N/95-98E
t2m_C_mean,post_monsoon,300,0.046485852,0.5009624,0.43334985,0.019201934,16-19N/68-71E
t2m_C_mean,post_monsoon,301,0.04994938,0.59325844,0.3280139,0.028778292,16-19N/71-74E
t2m_C_mean,post_monsoon,302,0.035932384,0.63420546,0.31444022,0.015421953,16-19N/74-77E
t2m_C_mean,post_monsoon,303,0.23967001,0.4896486,0.2430695,0.027611867,16-19N/77-80E
t2m_C_mean,post_monsoon,304,0.33491266,0.4133413,0.23177797,0.019968048,16-19N/80-83E
t2m_C_mean,post_monsoon,305,0.10084655,0.50582457,0.36754012,0.02578877,16-19N/83-86E
t2m_C_mean,post_monsoon,306,0.24001093,0.43788895,0.29819882,0.023901308,16-19N/86-89E
t2m_C_mean,post_monsoon,307,0.16427293,0.4751813,0.32500917,0.03553663,16-19N/89-92E
t2m_C_mean,post_monsoon,308,0.2648985,0.41405758,0.27046207,0.050581865,16-19N/92-95E
t2m_C_mean,post_monsoon,309,0.23318353,0.47055665,0.25058207,0.045677777,16-19N/95-98E
t2m_C_mean,post_monsoon,400,0.06678947,0.5762315,0.31857485,0.038404204,19-22N/68-71E
t2m_C_mean,post_monsoon,401,0.026556004,0.6925906,0.2576186,0.023234842,19-22N/71-74E
t2m_C_mean,post_monsoon,402,0.041564513,0.6997362,0.2391863,0.019513052,19-22N/74-77E
t2m_C_mean,post_monsoon,403,0.03157989,0.7492212,0.18698281,0.032216135,19-22N/77-80E
t2m_C_mean,post_monsoon,404,0.075121194,0.67989045,0.21466744,0.030320909,19-22N/80-83E
t2m_C_mean,post_monsoon,405,0.062283196,0.70303,0.21593894,0.018747855,19-22N/83-86E
t2m_C_mean,post_monsoon,406,0.1297943,0.5876931,0.25503638,0.027476238,19-22N/86-89E
t2m_C_mean,post_monsoon,407,0.14643286,0.54123163,0.2639741,0.048361447,19-22N/89-92E
t2m_C_mean,post_monsoon,408,0.19961017,0.48796478,0.28083012,0.03159497,19-22N/92-95E
t2m_C_mean,post_monsoon,409,0.17428552,0.4819061,0.31843603,0.025372371,19-22N/95-98E
t2m_C_mean,post_monsoon,500,0.038606342,0.6826284,0.22075626,0.058009006,22-25N/68-71E
t2m_C_mean,post_monsoon,501,0.028107656,0.7369429,0.18040979,0.054539677,22-25N/71-74E
t2m_C_mean,post_monsoon,502,0.034688972,0.69138056,0.21829909,0.055631377,22-25N/74-77E
t2m_C_mean,post_monsoon,503,0.0632949,0.6965599,0.2054308,0.034714375,22-25N/77-80E
t2m_C_mean,post_monsoon,504,0.05438171,0.768818,0.13499841,0.041801848,22-25N/80-83E
t2m_C_mean,post_monsoon,505,0.0312872,0.822863,0.12368836,0.02216144,22-25N/83-86E
t2m_C_mean,post_monsoon,506,0.029932927,0.7980327,0.15161653,0.020417837,22-25N/86-89E
t2m_C_mean,post_monsoon,507,0.080739476,0.7284226,0.17384182,0.016996149,22-25N/89-92E
t2m_C_mean,post_monsoon,508,0.110778846,0.5980277,0.2590166,0.032176886,22-25N/92-95E
t2m_C_mean,post_monsoon,509,0.13438818,0.56430626,0.28167433,0.019631252,22-25N/95-98E
t2m_C_mean,post_monsoon,600,0.024812829,0.7917259,0.15431795,0.02914336,25-28N/68-71E
t2m_C_mean,post_monsoon,601,0.03849232,0.6582383,0.23062778,0.07264165,25-28N/71-74E
t2m_C_mean,post_monsoon,602,0.065198176,0.5764091,0.26081735,0.09757539,25-28N/74-77E
t2m_C_mean,post_monsoon,603,0.048114933,0.69672525,0.20495868,0.050201137,25-28N/77-80E
t2m_C_mean,post_monsoon,604,0.04357533,0.8047905,0.12201474,0.029619388,25-28N/80-83E
t2m_C_mean,post_monsoon,605,0.077440195,0.6977948,0.17409903,0.050665934,25-28N/83-86E
t2m_C_mean,post_monsoon,606,0.11766064,0.6273191,0.19352771,0.061492503,25-28N/86-89E
t2m_C_mean,post_monsoon,607,0.092327364,0.60257465,0.22828363,0.076814376,25-28N/89-92E
t2m_C_mean,post_monsoon,608,0.19775389,0.512413,0.23461069,0.0552224,25-28N/92-95E
t2m_C_mean,post_monsoon,609,0.21828987,0.45599097,0.27146438,0.05425475,25-28N/95-98E
t2m_C_mean,post_monsoon,700,0.056777794,0.68144834,0.17784545,0.08392845,28-31N/68-71E
t2m_C_mean,post_monsoon,701,0.049935978,0.6906896,0.21263807,0.046736278,28-31N/71-74E
t2m_C_mean,post_monsoon,702,0.054995466,0.6838933,0.19366181,0.06744941,28-31N/74-77E
t2m_C_mean,post_monsoon,703,0.037782025,0.71039814,0.17586127,0.075958565,28-31N/77-80E
t2m_C_mean,post_monsoon,704,0.11691303,0.50300765,0.17499524,0.20508409,28-31N/80-83E
t2m_C_mean,post_monsoon,705,0.14511019,0.47493172,0.14526635,0.23469172,28-31N/83-86E
t2m_C_mean,post_monsoon,706,0.10370243,0.49348825,0.15058869,0.25222066,28-31N/86-89E
t2m_C_mean,post_monsoon,707,0.11034341,0.5135922,0.1779819,0.19808254,28-31N/89-92E
t2m_C_mean,post_monsoon,708,0.27563897,0.38602275,0.16337697,0.17496133,28-31N/92-95E
t2m_C_mean,post_monsoon,709,0.27856418,0.4002294,0.17458947,0.14661695,28-31N/95-98E
t2m_C_mean,post_monsoon,800,0.08587859,0.50502753,0.19796295,0.21113093,31-34N/68-71E
t2m_C_mean,post_monsoon,801,0.045874838,0.695485,0.2020752,0.05656495,31-34N/71-74E
t2m_C_mean,post_monsoon,802,0.08907293,0.5743561,0.17851968,0.15805128,31-34N/74-77E
t2m_C_mean,post_monsoon,803,0.23883153,0.27131113,0.11753004,0.3723273,31-34N/77-80E
t2m_C_mean,post_monsoon,804,0.19128738,0.2598488,0.12303671,0.4258271,31-34N/80-83E
t2m_C_mean,post_monsoon,805,0.19157772,0.32130033,0.1267945,0.36032748,31-34N/83-86E
t2m_C_mean,post_monsoon,806,0.16158177,0.44297272,0.14377913,0.2516664,31-34N/86-89E
t2m_C_mean,post_monsoon,807,0.22112344,0.36131525,0.13276689,0.28479442,31-34N/89-92E
t2m_C_mean,post_monsoon,808,0.2898404,0.3266409,0.16968507,0.21383362,31-34N/92-95E
t2m_C_mean,post_monsoon,809,0.2159096,0.43575814,0.21160252,0.13672973,31-34N/95-98E
t2m_C_mean,post_monsoon,900,0.09295388,0.29299432,0.13145523,0.48259658,34-37N/68-71E
t2m_C_mean,post_monsoon,901,0.124900386,0.36281902,0.14788908,0.3643915,34-37N/71-74E
t2m_C_mean,post_monsoon,902,0.29833302,0.23241957,0.10044114,0.36880627,34-37N/74-77E
t2m_C_mean,post_monsoon,903,0.27433035,0.18260027,0.09452518,0.4485442,34-37N/77-80E
t2m_C_mean,post_monsoon,904,0.23001453,0.21321848,0.09338764,0.46337932,34-37N/80-83E
t2m_C_mean,post_monsoon,905,0.24902952,0.19727527,0.10538632,0.4483089,34-37N/83-86E
t2m_C_mean,post_monsoon,906,0.22055253,0.20535284,0.104218885,0.46987575,34-37N/86-89E
t2m_C_mean,post_monsoon,907,0.24103571,0.2158405,0.104535356,0.43858844,34-37N/89-92E
t2m_C_mean,post_monsoon,908,0.2711242,0.19887869,0.13897355,0.39102355,34-37N/92-95E
t2m_C_mean,post_monsoon,909,0.27207354,0.25245816,0.14295499,0.3325133,34-37N/95-98E
t2m_C_mean,post_monsoon,1000,0.07768592,0.44258583,0.08791066,0.3918176,37-40N/68-71E
t2m_C_mean,post_monsoon,1001,0.16549955,0.32435822,0.1198515,0.3902907,37-40N/71-74E
t2m_C_mean,post_monsoon,1002,0.29664764,0.21781489,0.10134739,0.38419008,37-40N/74-77E
t2m_C_mean,post_monsoon,1003,0.14626111,0.27026427,0.12701988,0.45645472,37-40N/77-80E
t2m_C_mean,post_monsoon,1004,0.19103843,0.2694916,0.070540585,0.46892938,37-40N/80-83E
t2m_C_mean,post_monsoon,1005,0.16883275,0.27203935,0.11363743,0.44549048,37-40N/83-86E
t2m_C_mean,post_monsoon,1006,0.22270414,0.21269831,0.072740056,0.4918575,37-40N/86-89E
t2m_C_mean,post_monsoon,1007,0.28312814,0.20051011,0.106221505,0.41014022,37-40N/89-92E
t2m_C_mean,post_monsoon,1008,0.10495684,0.3783163,0.18198387,0.33474296,37-40N/92-95E
t2m_C_mean,post_monsoon,1009,0.12754695,0.400009,0.16278255,0.30966148,37-40N/95-98E
wind_speed_mean,winter,0,0.6953986,0.15369482,0.0044337134,0.14647286,7-10N/68-71E
wind_speed_mean,winter,1,0.7467729,0.13453448,0.0028025021,0.11589011,7-10N/71-74E
wind_speed_mean,winter,2,0.6913031,0.17336997,0.0067526908,0.12857427,7-10N/74-77E
wind_speed_mean,winter,3,0.5371491,0.29495376,0.0063488567,0.16154832,7-10N/77-80E
wind_speed_mean,winter,4,0.5607367,0.25608698,0.007704236,0.17547208,7-10N/80-83E
wind_speed_mean,winter,5,0.5050437,0.3084049,0.0066437377,0.17990771,7-10N/83-86E
wind_speed_mean,winter,6,0.5375782,0.29495493,0.010271831,0.157195,7-10N/86-89E
wind_speed_mean,winter,7,0.5691383,0.26509833,0.009437034,0.1563264,7-10N/89-92E
wind_speed_mean,winter,8,0.6331711,0.2235963,0.004410568,0.13882205,7-10N/92-95E
wind_speed_mean,winter,9,0.6827564,0.17932558,0.0073584714,0.13055953,7-10N/95-98E
wind_speed_mean,winter,100,0.74280715,0.12471207,0.0031378607,0.12934296,10-13N/68-71E
wind_speed_mean,winter,101,0.7844429,0.11444907,0.0024736547,0.098634385,10-13N/71-74E
wind_speed_mean,winter,102,0.69338906,0.16713022,0.007748775,0.13173196,10-13N/74-77E
wind_speed_mean,winter,103,0.6499026,0.18563506,0.012349701,0.15211265,10-13N/77-80E
wind_speed_mean,winter,104,0.58884776,0.21835445,0.0076684495,0.1851294,10-13N/80-83E
wind_speed_mean,winter,105,0.5961709,0.2094332,0.0068876916,0.18750821,10-13N/83-86E
wind_speed_mean,winter,106,0.64911896,0.18203409,0.0044426383,0.16440429,10-13N/86-89E
wind_speed_mean,winter,107,0.6659018,0.1674331,0.0041843774,0.16248073,10-13N/89-92E
wind_speed_mean,winter,108,0.5308063,0.27889863,0.0065467674,0.18374829,10-13N/92-95E
wind_speed_mean,winter,109,0.562959,0.25862938,0.010648069,0.16776355,10-13N/95-98E
wind_speed_mean,winter,200,0.80575603,0.09388886,0.0008734226,0.0994817,13-16N/68-71E
wind_speed_mean,winter,201,0.8398149,0.08143024,0.0009652011,0.07778963,13-16N/71-74E
wind_speed_mean,winter,202,0.6895611,0.157543,0.01043469,0.14246115,13-16N/74-77E
wind_speed_mean,winter,203,0.6540277,0.17916712,0.014849489,0.15195566,13-16N/77-80E
wind_speed_mean,winter,204,0.47201526,0.2914147,0.014974228,0.22159581,13-16N/80-83E
wind_speed_mean,winter,205,0.5519564,0.2512816,0.010745697,0.1860163,13-16N/83-86E
wind_speed_mean,winter,206,0.6383115,0.17330481,0.006831304,0.18155237,13-16N/86-89E
wind_speed_mean,winter,207,0.6595134,0.15378945,0.0060520973,0.18064503,13-16N/89-92E
wind_speed_mean,winter,208,0.56623477,0.21412925,0.012523124,0.20711285,13-16N/92-95E
wind_speed_mean,winter,209,0.5121764,0.2452075,0.029870586,0.21274555,13-16N/95-98E
wind_speed_mean,winter,300,0.8807835,0.054549683,0.00062430045,0.06404252,16-19N/68-71E
wind_speed_mean,winter,301,0.85479325,0.07298198,0.0008348623,0.07138987,16-19N/71-74E
wind_speed_mean,winter,302,0.6869864,0.17955084,0.006489563,0.12697324,16-19N/74-77E
wind_speed_mean,winter,303,0.71882766,0.14700001,0.022584625,0.111587696,16-19N/77-80E
wind_speed_mean,winter,304,0.63196653,0.17844161,0.025077317,0.16451456,16-19N/80-83E
wind_speed_mean,winter,305,0.6128936,0.18826316,0.015547445,0.18329579,16-19N/83-86E
wind_speed_mean,winter,306,0.7465557,0.11673456,0.0041785487,0.13253115,16-19N/86-89E
wind_speed_mean,winter,307,0.75032634,0.11570584,0.003353212,0.1306146,16-19N/89-92E
wind_speed_mean,winter,308,0.50413346,0.24455266,0.019473292,0.23184063,16-19N/92-95E
wind_speed_mean,winter,309,0.6207352,0.18858509,0.028893111,0.16178659,16-19N/95-98E
wind_speed_mean,winter,400,0.9029478,0.047117315,0.00075723784,0.04917767,19-22N/68-71E
wind_speed_mean,winter,401,0.85043335,0.07660973,0.0022869885,0.07066994,19-22N/71-74E
wind_speed_mean,winter,402,0.7367337,0.1419325,0.016425023,0.10490884,19-22N/74-77E
wind_speed_mean,winter,403,0.7290638,0.15756577,0.01257004,0.10080036,19-22N/77-80E
wind_speed_mean,winter,404,0.726029,0.14827116,0.018457467,0.107242405,19-22N/80-83E
wind_speed_mean,winter,405,0.67601097,0.17451553,0.01703679,0.13243674,19-22N/83-86E
wind_speed_mean,winter,406,0.8257785,0.089184396,0.0070769647,0.07796016,19-22N/86-89E
wind_speed_mean,winter,407,0.8290913,0.082802795,0.0024977608,0.08560816,19-22N/89-92E
wind_speed_mean,winter,408,0.52569216,0.22489104,0.03435116,0.21506564,19-22N/92-95E
wind_speed_mean,winter,409,0.6752831,0.15618618,0.04831735,0.12021339,19-22N/95-98E
wind_speed_mean,winter,500,0.8513567,0.0750606,0.004624602,0.06895806,22-25N/68-71E
wind_speed_mean,winter,501,0.78963125,0.11017626,0.011030571,0.08916189,22-25N/71-74E
wind_speed_mean,winter,502,0.7462067,0.13044244,0.019224055,0.10412681,22-25N/74-77E
wind_speed_mean,winter,503,0.6724239,0.1571884,0.04428539,0.12610233,22-25N/77-80E
wind_speed_mean,winter,504,0.68335396,0.15695712,0.030838098,0.12885085,22-25N/80-83E
wind_speed_mean,winter,505,0.6401529,0.17854576,0.0322167,0.1490847,22-25N/83-86E
wind_speed_mean,winter,506,0.71223193,0.14976913,0.031322468,0.10667647,22-25N/86-89E
wind_speed_mean,winter,507,0.64767414,0.17720556,0.026182244,0.14893804,22-25N/89-92E
wind_speed_mean,winter,508,0.5981824,0.19923921,0.044838205,0.15774018,22-25N/92-95E
wind_speed_mean,winter,509,0.61393976,0.1885717,0.048043072,0.14944546,22-25N/95-98E
wind_speed_mean,winter,600,0.82143134,0.08892285,0.013917834,0.075728,25-28N/68-71E
wind_speed_mean,winter,601,0.836042,0.0814803,0.013031907,0.06944583,25-28N/71-74E
wind_speed_mean,winter,602,0.7608258,0.11535809,0.029070582,0.0947455,25-28N/74-77E
wind_speed_mean,winter,603,0.7282521,0.13562606,0.023844384,0.11227742,25-28N/77-80E
wind_speed_mean,winter,604,0.7328458,0.12820789,0.01904582,0.11990048,25-28N/80-83E
wind_speed_mean,winter,605,0.72892123,0.13101016,0.03267778,0.10739079,25-28N/83-86E
wind_speed_mean,winter,606,0.6321751,0.16126223,0.07127789,0.13528481,25-28N/86-89E
wind_speed_mean,winter,607,0.6124845,0.18525663,0.059034906,0.14322391,25-28N/89-92E
wind_speed_mean,winter,608,0.60077447,0.16258404,0.09363948,0.14300205,25-28N/92-95E
wind_speed_mean,winter,609,0.6368404,0.15928145,0.09635812,0.10751998,25-28N/95-98E
wind_speed_mean,winter,700,0.7310729,0.12414898,0.04047034,0.10430777,28-31N/68-71E
wind_speed_mean,winter,701,0.7767388,0.10704909,0.02442523,0.091786854,28-31N/71-74E
wind_speed_mean,winter,702,0.7963262,0.09477185,0.02915016,0.07975178,28-31N/74-77E
wind_speed_mean,winter,703,0.71539176,0.13076171,0.039845098,0.1140014,28-31N/77-80E
wind_speed_mean,winter,704,0.6130299,0.16049251,0.09894877,0.12752879,28-31N/80-83E
wind_speed_mean,winter,705,0.5449316,0.16335143,0.12481618,0.16690081,28-31N/83-86E
wind_speed_mean,winter,706,0.54988986,0.14476354,0.11574854,0.18959804,28-31N/86-89E
wind_speed_mean,winter,707,0.5304098,0.15074563,0.12341513,0.19542944,28-31N/89-92E
wind_speed_mean,winter,708,0.5368035,0.15806259,0.15698953,0.14814441,28-31N/92-95E
wind_speed_mean,winter,709,0.55542624,0.15580894,0.1425549,0.14620991,28-31N/95-98E
wind_speed_mean,winter,800,0.6181409,0.14957558,0.09595546,0.13632807,31-34N/68-71E
wind_speed_mean,winter,801,0.6879022,0.13557816,0.06108795,0.11543168,31-34N/71-74E
wind_speed_mean,winter,802,0.7003969,0.13037825,0.072562054,0.0966628,31-34N/74-77E
wind_speed_mean,winter,803,0.53702813,0.20306192,0.10760386,0.1523061,31-34N/77-80E
wind_speed_mean,winter,804,0.55770844,0.16353196,0.09324774,0.18551187,31-34N/80-83E
wind_speed_mean,winter,805,0.54197085,0.1551318,0.1204902,0.18240716,31-34N/83-86E
wind_speed_mean,winter,806,0.46724245,0.19371288,0.15923238,0.1798123,31-34N/86-89E
wind_speed_mean,winter,807,0.42316824,0.24485181,0.17218508,0.15979488,31-34N/89-92E
wind_speed_mean,winter,808,0.568324,0.13570571,0.15222411,0.14374612,31-34N/92-95E
wind_speed_mean,winter,809,0.5983376,0.1295391,0.12903897,0.14308432,31-34N/95-98E
wind_speed_mean,winter,900,0.65089136,0.15320417,0.09301299,0.10289144,34-37N/68-71E
wind_speed_mean,winter,901,0.6605281,0.14273275,0.10192126,0.09481787,34-37N/71-74E
wind_speed_mean,winter,902,0.55848986,0.19193625,0.11727089,0.132303,34-37N/74-77E
wind_speed_mean,winter,903,0.5675276,0.18666498,0.104599945,0.14120749,34-37N/77-80E
wind_speed_mean,winter,904,0.58015573,0.15117086,0.1158467,0.15282673,34-37N/80-83E
wind_speed_mean,winter,905,0.3922634,0.24891184,0.20435123,0.15447351,34-37N/83-86E
wind_speed_mean,winter,906,0.37840992,0.27272403,0.19888742,0.14997862,34-37N/86-89E
wind_speed_mean,winter,907,0.45926166,0.24245693,0.15327309,0.14500831,34-37N/89-92E
wind_speed_mean,winter,908,0.558677,0.15267637,0.15913838,0.12950821,34-37N/92-95E
wind_speed_mean,winter,909,0.6434985,0.08488665,0.18972565,0.081889205,34-37N/95-98E
wind_speed_mean,winter,1000,0.7772604,0.097244784,0.062249474,0.06324528,37-40N/68-71E
wind_speed_mean,winter,1001,0.6206058,0.16856378,0.10474696,0.10608339,37-40N/71-74E
wind_speed_mean,winter,1002,0.5958376,0.18211627,0.104642555,0.117403574,37-40N/74-77E
wind_speed_mean,winter,1003,0.5761167,0.18048297,0.121100426,0.12229996,37-40N/77-80E
wind_speed_mean,winter,1004,0.62874645,0.13342343,0.1386823,0.09914782,37-40N/80-83E
wind_speed_mean,winter,1005,0.5915821,0.16176356,0.10911906,0.13753529,37-40N/83-86E
wind_speed_mean,winter,1006,0.7227174,0.09381879,0.095723815,0.087740004,37-40N/86-89E
wind_speed_mean,winter,1007,0.6002766,0.09767104,0.20604631,0.096006066,37-40N/89-92E
wind_speed_mean,winter,1008,0.6756666,0.07749795,0.18791468,0.05892079,37-40N/92-95E
wind_speed_mean,winter,1009,0.67893046,0.094397135,0.17593154,0.050740868,37-40N/95-98E
wind_speed_mean,pre_monsoon,0,0.43704593,0.5337172,0.005283207,0.023953712,7-10N/68-71E
wind_speed_mean,pre_monsoon,1,0.51546526,0.45070517,0.0046476712,0.0291819,7-10N/71-74E
wind_speed_mean,pre_monsoon,2,0.5394887,0.42269072,0.004145649,0.033675004,7-10N/74-77E
wind_speed_mean,pre_monsoon,3,0.5438223,0.416368,0.009445846,0.03036389,7-10N/77-80E
wind_speed_mean,pre_monsoon,4,0.51888126,0.43587935,0.020410921,0.02482846,7-10N/80-83E
wind_speed_mean,pre_monsoon,5,0.4479049,0.5252609,0.013164081,0.013670084,7-10N/83-86E
wind_speed_mean,pre_monsoon,6,0.27992848,0.6831116,0.027505709,0.009454209,7-10N/86-89E
wind_speed_mean,pre_monsoon,7,0.40499774,0.5732549,0.011008279,0.010739106,7-10N/89-92E
wind_speed_mean,pre_monsoon,8,0.79253083,0.19746725,0.0018141763,0.008187758,7-10N/92-95E
wind_speed_mean,pre_monsoon,9,0.78582734,0.19338895,0.010582232,0.010201494,7-10N/95-98E
wind_speed_mean,pre_monsoon,100,0.67751217,0.2894134,0.0031352155,0.029939208,10-13N/68-71E
wind_speed_mean,pre_monsoon,101,0.6876885,0.28304273,0.002800927,0.026467817,10-13N/71-74E
wind_speed_mean,pre_monsoon,102,0.6527917,0.30261347,0.006280811,0.03831404,10-13N/74-77E
wind_speed_mean,pre_monsoon,103,0.6432108,0.292659,0.010770976,0.05335918,10-13N/77-80E
wind_speed_mean,pre_monsoon,104,0.54912484,0.41694286,0.01604052,0.017891794,10-13N/80-83E
wind_speed_mean,pre_monsoon,105,0.46797585,0.49097487,0.025449047,0.015600217,10-13N/83-86E
wind_speed_mean,pre_monsoon,106,0.3110045,0.62684995,0.048694696,0.01345084,10-13N/86-89E
wind_speed_mean,pre_monsoon,107,0.32820895,0.6077756,0.050159615,0.013855781,10-13N/89-92E
wind_speed_mean,pre_monsoon,108,0.42834884,0.53253776,0.020284664,0.018828737,10-13N/92-95E
wind_speed_mean,pre_monsoon,109,0.6753493,0.28938082,0.020242143,0.015027734,10-13N/95-98E
wind_speed_mean,pre_monsoon,200,0.56828254,0.41136274,0.0012696249,0.019085146,13-16N/68-71E
wind_speed_mean,pre_monsoon,201,0.7223869,0.24940057,0.002203235,0.026009277,13-16N/71-74E
wind_speed_mean,pre_monsoon,202,0.62366194,0.30327126,0.012520423,0.060546406,13-16N/74-77E
wind_speed_mean,pre_monsoon,203,0.60903245,0.31469834,0.014228158,0.062041044,13-16N/77-80E
wind_speed_mean,pre_monsoon,204,0.43050697,0.5390805,0.0073549254,0.023057636,13-16N/80-83E
wind_speed_mean,pre_monsoon,205,0.6616333,0.30505767,0.016151128,0.017157909,13-16N/83-86E
wind_speed_mean,pre_monsoon,206,0.61962444,0.32425302,0.033539113,0.022583462,13-16N/86-89E
wind_speed_mean,pre_monsoon,207,0.5155128,0.3726056,0.083079435,0.028802158,13-16N/89-92E
wind_speed_mean,pre_monsoon,208,0.5507457,0.3839291,0.03684597,0.02847919,13-16N/92-95E
wind_speed_mean,pre_monsoon,209,0.7820998,0.19564857,0.0057121566,0.016539484,13-16N/95-98E
wind_speed_mean,pre_monsoon,300,0.39407852,0.5678707,0.007987181,0.030063659,16-19N/68-71E
wind_speed_mean,pre_monsoon,301,0.545563,0.4078571,0.008055947,0.038523976,16-19N/71-74E
wind_speed_mean,pre_monsoon,302,0.50742835,0.42279622,0.012993901,0.0567815,16-19N/74-77E
wind_speed_mean,pre_monsoon,303,0.58723027,0.30929393,0.035187148,0.06828866,16-19N/77-80E
wind_speed_mean,pre_monsoon,304,0.6213327,0.28436312,0.024447972,0.06985623,16-19N/80-83E
wind_speed_mean,pre_monsoon,305,0.30468774,0.6463474,0.023536181,0.025428677,16-19N/83-86E
wind_speed_mean,pre_monsoon,306,0.4320914,0.5312349,0.017255066,0.019418601,16-19N/86-89E
wind_speed_mean,pre_monsoon,307,0.56425536,0.40292943,0.006400617,0.026414597,16-19N/89-92E
wind_speed_mean,pre_monsoon,308,0.6274372,0.32239866,0.016595835,0.033568375,16-19N/92-95E
wind_speed_mean,pre_monsoon,309,0.78177595,0.17589,0.00828605,0.03404798,16-19N/95-98E
wind_speed_mean,pre_monsoon,400,0.35238457,0.59145665,0.013830522,0.04232824,19-22N/68-71E
wind_speed_mean,pre_monsoon,401,0.4547403,0.46464008,0.032208815,0.048410807,19-22N/71-74E
wind_speed_mean,pre_monsoon,402,0.4596961,0.4061413,0.05204747,0.08211509,19-22N/74-77E
wind_speed_mean,pre_monsoon,403,0.5462673,0.3690694,0.024217783,0.06044556,19-22N/77-80E
wind_speed_mean,pre_monsoon,404,0.5394607,0.36397612,0.032628246,0.06393487,19-22N/80-83E
wind_speed_mean,pre_monsoon,405,0.5834534,0.33845696,0.019107461,0.058982205,19-22N/83-86E
wind_speed_mean,pre_monsoon,406,0.32217634,0.6077844,0.04707361,0.022965662,19-22N/86-89E
wind_speed_mean,pre_monsoon,407,0.25440845,0.70235264,0.025359532,0.017879367,19-22N/89-92E
wind_speed_mean,pre_monsoon,408,0.6316103,0.30123004,0.022833342,0.04432634,19-22N/92-95E
wind_speed_mean,pre_monsoon,409,0.8090619,0.14548795,0.017641723,0.027808417,19-22N/95-98E
wind_speed_mean,pre_monsoon,500,0.25421864,0.6628282,0.03851998,0.044433195,22-25N/68-71E
wind_speed_mean,pre_monsoon,501,0.46002817,0.4301701,0.04674999,0.06305178,22-25N/71-74E
wind_speed_mean,pre_monsoon,502,0.5237224,0.38151342,0.03798497,0.056779213,22-25N/74-77E
wind_speed_mean,pre_monsoon,503,0.6187074,0.25640133,0.06323271,0.061658572,22-25N/77-80E
wind_speed_mean,pre_monsoon,504,0.6609668,0.23790129,0.043649964,0.05748189,22-25N/80-83E
wind_speed_mean,pre_monsoon,505,0.7141927,0.21050805,0.025706451,0.049592793,22-25N/83-86E
wind_speed_mean,pre_monsoon,506,0.598728,0.33055034,0.028780026,0.041941673,22-25N/86-89E
wind_speed_mean,pre_monsoon,507,0.5649908,0.351589,0.033200532,0.05021967,22-25N/89-92E
wind_speed_mean,pre_monsoon,508,0.71700394,0.20744482,0.027030546,0.04852071,22-25N/92-95E
wind_speed_mean,pre_monsoon,509,0.8024418,0.14737532,0.021269673,0.028913202,22-25N/95-98E
wind_speed_mean,pre_monsoon,600,0.446609,0.45733148,0.04173903,0.054320518,25-28N/68-71E
wind_speed_mean,pre_monsoon,601,0.43821815,0.482373,0.032126598,0.047282215,25-28N/71-74E
wind_speed_mean,pre_monsoon,602,0.49552312,0.37388057,0.07123897,0.059357367,25-28N/74-77E
wind_speed_mean,pre_monsoon,603,0.6320593,0.23388849,0.080614075,0.05343817,25-28N/77-80E
wind_speed_mean,pre_monsoon,604,0.67948085,0.1911008,0.09071183,0.038706467,25-28N/80-83E
wind_speed_mean,pre_monsoon,605,0.5693138,0.2612853,0.12980662,0.039594263,25-28N/83-86E
wind_speed_mean,pre_monsoon,606,0.5908855,0.2498786,0.112472884,0.04676303,25-28N/86-89E
wind_speed_mean,pre_monsoon,607,0.64390403,0.2503818,0.05835808,0.047356058,25-28N/89-92E
wind_speed_mean,pre_monsoon,608,0.6957685,0.16181745,0.09465308,0.04776098,25-28N/92-95E
wind_speed_mean,pre_monsoon,609,0.7967697,0.1257813,0.04951988,0.027929148,25-28N/95-98E
wind_speed_mean,pre_monsoon,700,0.64280564,0.23439337,0.062286384,0.060514588,28-31N/68-71E
wind_speed_mean,pre_monsoon,701,0.6248754,0.27189043,0.050126158,0.053107966,28-31N/71-74E
wind_speed_mean,pre_monsoon,702,0.6040934,0.251812,0.09412199,0.049972657,28-31N/74-77E
wind_speed_mean,pre_monsoon,703,0.5841054,0.23058861,0.1327686,0.052537423,28-31N/77-80E
wind_speed_mean,pre_monsoon,704,0.5793924,0.23469684,0.13674371,0.04916711,28-31N/80-83E
wind_speed_mean,pre_monsoon,705,0.5755256,0.19895671,0.17353457,0.051983155,28-31N/83-86E
wind_speed_mean,pre_monsoon,706,0.47279263,0.22504294,0.2355887,0.06657572,28-31N/86-89E
wind_speed_mean,pre_monsoon,707,0.43060887,0.23850822,0.26818866,0.06269426,28-31N/89-92E
wind_speed_mean,pre_monsoon,708,0.6572125,0.10436288,0.2108345,0.027590103,28-31N/92-95E
wind_speed_mean,pre_monsoon,709,0.660729,0.12896496,0.17482723,0.03547877,28-31N/95-98E
wind_speed_mean,pre_monsoon,800,0.5456237,0.24678393,0.13923354,0.06835882,31-34N/68-71E
wind_speed_mean,pre_monsoon,801,0.6549542,0.18181361,0.10811154,0.05512064,31-34N/71-74E
wind_speed_mean,pre_monsoon,802,0.59137666,0.21673883,0.13814084,0.053743634,31-34N/74-77E
wind_speed_mean,pre_monsoon,803,0.5601637,0.2173581,0.17202635,0.050451897,31-34N/77-80E
wind_speed_mean,pre_monsoon,804,0.49055478,0.27407438,0.17396103,0.06140979,31-34N/80-83E
wind_speed_mean,pre_monsoon,805,0.25092086,0.40985164,0.289113,0.050114516,31-34N/83-86E
wind_speed_mean,pre_monsoon,806,0.28679547,0.31429467,0.35233143,0.04657845,31-34N/86-89E
wind_speed_mean,pre_monsoon,807,0.5127516,0.2015227,0.25409004,0.0316357,31-34N/89-92E
wind_speed_mean,pre_monsoon,808,0.6803061,0.06343995,0.23964052,0.016613448,31-34N/92-95E
wind_speed_mean,pre_monsoon,809,0.7426353,0.047398686,0.19705677,0.012909243,31-34N/95-98E
wind_speed_mean,pre_monsoon,900,0.65927213,0.17615739,0.1276637,0.036906756,34-37N/68-71E
wind_speed_mean,pre_monsoon,901,0.6509269,0.17236799,0.13754672,0.03915839,34-37N/71-74E
wind_speed_mean,pre_monsoon,902,0.61351746,0.18523422,0.16593646,0.035311837,34-37N/74-77E
wind_speed_mean,pre_monsoon,903,0.63285106,0.15920018,0.17676334,0.03118543,34-37N/77-80E
wind_speed_mean,pre_monsoon,904,0.47146532,0.2440703,0.22832187,0.056142513,34-37N/80-83E
wind_speed_mean,pre_monsoon,905,0.46424815,0.22851974,0.26397723,0.04325484,34-37N/83-86E
wind_speed_mean,pre_monsoon,906,0.65773165,0.15105832,0.1603806,0.030829439,34-37N/86-89E
wind_speed_mean,pre_monsoon,907,0.6973361,0.13506982,0.1389929,0.028601186,34-37N/89-92E
wind_speed_mean,pre_monsoon,908,0.78564304,0.051591568,0.1511255,0.011639904,34-37N/92-95E
wind_speed_mean,pre_monsoon,909,0.8130579,0.02544846,0.15579115,0.0057025068,34-37N/95-98E
wind_speed_mean,pre_monsoon,1000,0.7033135,0.16120781,0.098014764,0.037463915,37-40N/68-71E
wind_speed_mean,pre_monsoon,1001,0.69244915,0.1557482,0.1290849,0.022717716,37-40N/71-74E
wind_speed_mean,pre_monsoon,1002,0.6861724,0.1516003,0.13902445,0.023202855,37-40N/74-77E
wind_speed_mean,pre_monsoon,1003,0.61341643,0.17195739,0.17952858,0.035097603,37-40N/77-80E
wind_speed_mean,pre_monsoon,1004,0.7414601,0.10890488,0.12364803,0.025987035,37-40N/80-83E
wind_speed_mean,pre_monsoon,1005,0.63483125,0.16999935,0.15105693,0.04411252,37-40N/83-86E
wind_speed_mean,pre_monsoon,1006,0.79104865,0.08689077,0.09780784,0.024252707,37-40N/86-89E
wind_speed_mean,pre_monsoon,1007,0.60105056,0.08515862,0.29080945,0.022981388,37-40N/89-92E
wind_speed_mean,pre_monsoon,1008,0.8008343,0.04392533,0.1449696,0.010270752,37-40N/92-95E
wind_speed_mean,pre_monsoon,1009,0.8338931,0.04996781,0.10630992,0.009829142,37-40N/95-98E
wind_speed_mean,monsoon,0,0.5809647,0.34119707,0.0050511267,0.07278713,7-10N/68-71E
wind_speed_mean,monsoon,1,0.63437885,0.3093572,0.0019678967,0.054296035,7-10N/71-74E
wind_speed_mean,monsoon,2,0.6167892,0.3220849,0.0018303095,0.059295602,7-10N/74-77E
wind_speed_mean,monsoon,3,0.5356555,0.39696777,0.005326789,0.06204992,7-10N/77-80E
wind_speed_mean,monsoon,4,0.4310956,0.4805569,0.014602306,0.07374519,7-10N/80-83E
wind_speed_mean,monsoon,5,0.31206584,0.61937034,0.016696958,0.051866855,7-10N/83-86E
wind_speed_mean,monsoon,6,0.4257397,0.53090626,0.007885411,0.03546863,7-10N/86-89E
wind_speed_mean,monsoon,7,0.520463,0.44474828,0.0068073836,0.02798136,7-10N/89-92E
wind_speed_mean,monsoon,8,0.618814,0.34776458,0.002305669,0.031115724,7-10N/92-95E
wind_speed_mean,monsoon,9,0.5295127,0.41634923,0.016245095,0.037892964,7-10N/95-98E
wind_speed_mean,monsoon,100,0.53018546,0.3809368,0.008607418,0.08027035,10-13N/68-71E
wind_speed_mean,monsoon,101,0.58042127,0.36778533,0.00694711,0.044846296,10-13N/71-74E
wind_speed_mean,monsoon,102,0.5584367,0.36588502,0.011585282,0.064093,10-13N/74-77E
wind_speed_mean,monsoon,103,0.39934194,0.49988058,0.014122966,0.08665447,10-13N/77-80E
wind_speed_mean,monsoon,104,0.28089455,0.63372,0.029467706,0.05591773,10-13N/80-83E
wind_speed_mean,monsoon,105,0.3009554,0.6034464,0.041980308,0.053617887,10-13N/83-86E
wind_speed_mean,monsoon,106,0.3297429,0.5961584,0.031499647,0.04259904,10-13N/86-89E
wind_speed_mean,monsoon,107,0.44551072,0.48551857,0.030874714,0.03809604,10-13N/89-92E
wind_speed_mean,monsoon,108,0.40987587,0.54319066,0.016445585,0.030487888,10-13N/92-95E
wind_speed_mean,monsoon,109,0.462544,0.49970767,0.007907645,0.029840706,10-13N/95-98E
wind_speed_mean,monsoon,200,0.46421167,0.44490856,0.0120118875,0.07886786,13-16N/68-71E
wind_speed_mean,monsoon,201,0.3653137,0.5810173,0.013378473,0.04029051,13-16N/71-74E
wind_speed_mean,monsoon,202,0.21102387,0.70129627,0.0320913,0.05558855,13-16N/74-77E
wind_speed_mean,monsoon,203,0.14941911,0.7841474,0.021435717,0.04499775,13-16N/77-80E
wind_speed_mean,monsoon,204,0.28962708,0.6290084,0.034673505,0.046691008,13-16N/80-83E
wind_speed_mean,monsoon,205,0.26327962,0.6456494,0.04551694,0.04555409,13-16N/83-86E
wind_speed_mean,monsoon,206,0.309357,0.5739166,0.060293805,0.056432594,13-16N/86-89E
wind_speed_mean,monsoon,207,0.42552212,0.4812331,0.04301501,0.050229758,13-16N/89-92E
wind_speed_mean,monsoon,208,0.36045766,0.54795074,0.05413299,0.037458654,13-16N/92-95E
wind_speed_mean,monsoon,209,0.48951545,0.4790682,0.008023261,0.023393104,13-16N/95-98E
wind_speed_mean,monsoon,300,0.40711448,0.5039463,0.017431363,0.0715079,16-19N/68-71E
wind_speed_mean,monsoon,301,0.20554072,0.7074367,0.04241784,0.04460472,16-19N/71-74E
wind_speed_mean,monsoon,302,0.14537007,0.79167813,0.020485464,0.04246638,16-19N/74-77E
wind_speed_mean,monsoon,303,0.10681184,0.80950904,0.044706743,0.038972393,16-19N/77-80E
wind_speed_mean,monsoon,304,0.21550912,0.6275453,0.09102133,0.06592424,16-19N/80-83E
wind_speed_mean,monsoon,305,0.34978506,0.50223833,0.09493103,0.05304556,16-19N/83-86E
wind_speed_mean,monsoon,306,0.296072,0.5313392,0.1117416,0.06084711,16-19N/86-89E
wind_speed_mean,monsoon,307,0.39311787,0.5026071,0.056658976,0.047616072,16-19N/89-92E
wind_speed_mean,monsoon,308,0.41253334,0.48531014,0.06562113,0.03653535,16-19N/92-95E
wind_speed_mean,monsoon,309,0.6470179,0.27810952,0.010551094,0.064321466,16-19N/95-98E
wind_speed_mean,monsoon,400,0.3309786,0.5623446,0.050456136,0.05622067,19-22N/68-71E
wind_speed_mean,monsoon,401,0.25188312,0.60204685,0.08592085,0.060149204,19-22N/71-74E
wind_speed_mean,monsoon,402,0.24459743,0.6195875,0.06961765,0.0661974,19-22N/74-77E
wind_speed_mean,monsoon,403,0.37321368,0.5141522,0.032166716,0.08046735,19-22N/77-80E
wind_speed_mean,monsoon,404,0.4395531,0.41789916,0.059364647,0.08318308,19-22N/80-83E
wind_speed_mean,monsoon,405,0.48943987,0.3667708,0.064363375,0.07942593,19-22N/83-86E
wind_speed_mean,monsoon,406,0.44880256,0.40031242,0.11328729,0.037597712,19-22N/86-89E
wind_speed_mean,monsoon,407,0.4704663,0.43523267,0.07115848,0.023142563,19-22N/89-92E
wind_speed_mean,monsoon,408,0.57172406,0.30207884,0.07533104,0.05086607,19-22N/92-95E
wind_speed_mean,monsoon,409,0.55858904,0.32829154,0.035609964,0.07750943,19-22N/95-98E
wind_speed_mean,monsoon,500,0.26238057,0.5613859,0.12877624,0.047457255,22-25N/68-71E
wind_speed_mean,monsoon,501,0.40325612,0.4517187,0.06464011,0.08038509,22-25N/71-74E
wind_speed_mean,monsoon,502,0.4742058,0.36124375,0.07935514,0.08519532,22-25N/74-77E
wind_speed_mean,monsoon,503,0.43929318,0.32704747,0.15542465,0.078234695,22-25N/77-80E
wind_speed_mean,monsoon,504,0.5590089,0.27094704,0.087319694,0.08272437,22-25N/80-83E
wind_speed_mean,monsoon,505,0.6166937,0.24971838,0.077542216,0.056045722,22-25N/83-86E
wind_speed_mean,monsoon,506,0.60502446,0.28090876,0.061575104,0.0524917,22-25N/86-89E
wind_speed_mean,monsoon,507,0.6504064,0.25818956,0.041897558,0.049506415,22-25N/89-92E
wind_speed_mean,monsoon,508,0.655388,0.23935547,0.030399557,0.07485697,22-25N/92-95E
wind_speed_mean,monsoon,509,0.5948442,0.2835517,0.039145995,0.082458094,22-25N/95-98E
wind_speed_mean,monsoon,600,0.27023417,0.5480936,0.13614346,0.04552877,25-28N/68-71E
wind_speed_mean,monsoon,601,0.3104464,0.5187883,0.11308209,0.057683263,25-28N/71-74E
wind_speed_mean,monsoon,602,0.60350233,0.24583215,0.07384103,0.07682448,25-28N/74-77E
wind_speed_mean,monsoon,603,0.57208717,0.22815305,0.12859151,0.07116828,25-28N/77-80E
wind_speed_mean,monsoon,604,0.55306065,0.2099647,0.18298922,0.05398547,25-28N/80-83E
wind_speed_mean,monsoon,605,0.36003122,0.30558324,0.29293913,0.041446447,25-28N/83-86E
wind_speed_mean,monsoon,606,0.54389834,0.2457416,0.1534869,0.05687314,25-28N/86-89E
wind_speed_mean,monsoon,607,0.6614397,0.22532785,0.05063626,0.06259616,25-28N/89-92E
wind_speed_mean,monsoon,608,0.7045814,0.1516432,0.08726935,0.05650606,25-28N/92-95E
wind_speed_mean,monsoon,609,0.7122893,0.18183327,0.05503369,0.050843745,25-28N/95-98E
wind_speed_mean,monsoon,700,0.6786134,0.17843509,0.07742301,0.06552846,28-31N/68-71E
wind_speed_mean,monsoon,701,0.45448545,0.32142416,0.14852807,0.07556231,28-31N/71-74E
wind_speed_mean,monsoon,702,0.53581274,0.24055435,0.1499234,0.07370952,28-31N/74-77E
wind_speed_mean,monsoon,703,0.6783819,0.13706717,0.13267782,0.05187306,28-31N/77-80E
wind_speed_mean,monsoon,704,0.5673577,0.23452501,0.11999276,0.078124546,28-31N/80-83E
wind_speed_mean,monsoon,705,0.51037675,0.18979211,0.22288631,0.07694483,28-31N/83-86E
wind_speed_mean,monsoon,706,0.46430647,0.16535488,0.28967857,0.08066009,28-31N/86-89E
wind_speed_mean,monsoon,707,0.42575458,0.1790872,0.29830047,0.096857764,28-31N/89-92E
wind_speed_mean,monsoon,708,0.5395118,0.13907588,0.26786324,0.053549014,28-31N/92-95E
wind_speed_mean,monsoon,709,0.6089655,0.15080932,0.1888938,0.05133133,28-31N/95-98E
wind_speed_mean,monsoon,800,0.59022534,0.21388718,0.112396635,0.08349083,31-34N/68-71E
wind_speed_mean,monsoon,801,0.60584754,0.15506007,0.1708927,0.06819973,31-34N/71-74E
wind_speed_mean,monsoon,802,0.6135692,0.17980906,0.14421082,0.062410884,31-34N/74-77E
wind_speed_mean,monsoon,803,0.50090474,0.19737576,0.2328452,0.06887429,31-34N/77-80E
wind_speed_mean,monsoon,804,0.7138424,0.110637486,0.13058141,0.044938702,31-34N/80-83E
wind_speed_mean,monsoon,805,0.62735295,0.09669037,0.2299152,0.046041477,31-34N/83-86E
wind_speed_mean,monsoon,806,0.5608005,0.076641,0.32413822,0.038420286,31-34N/86-89E
wind_speed_mean,monsoon,807,0.6040084,0.07119331,0.29014578,0.034652524,31-34N/89-92E
wind_speed_mean,monsoon,808,0.6407704,0.045087215,0.29321215,0.020930244,31-34N/92-95E
wind_speed_mean,monsoon,809,0.6902871,0.055047233,0.23329198,0.021373648,31-34N/95-98E
wind_speed_mean,monsoon,900,0.680967,0.19204547,0.084843956,0.042143624,34-37N/68-71E
wind_speed_mean,monsoon,901,0.6214169,0.20077606,0.1279297,0.049877312,34-37N/71-74E
wind_speed_mean,monsoon,902,0.5584778,0.17216401,0.22344835,0.045909807,34-37N/74-77E
wind_speed_mean,monsoon,903,0.5419208,0.15079568,0.26208496,0.045198567,34-37N/77-80E
wind_speed_mean,monsoon,904,0.54021364,0.13421573,0.27256915,0.05300148,34-37N/80-83E
wind_speed_mean,monsoon,905,0.637668,0.07785402,0.25026664,0.034211338,34-37N/83-86E
wind_speed_mean,monsoon,906,0.7564569,0.056206737,0.1624871,0.024849238,34-37N/86-89E
wind_speed_mean,monsoon,907,0.74475986,0.063300155,0.16405064,0.027889386,34-37N/89-92E
wind_speed_mean,monsoon,908,0.6959436,0.04869918,0.23651397,0.018843204,34-37N/92-95E
wind_speed_mean,monsoon,909,0.7194464,0.031576887,0.23779166,0.011185017,34-37N/95-98E
wind_speed_mean,monsoon,1000,0.7538349,0.1577484,0.05143327,0.036983434,37-40N/68-71E
wind_speed_mean,monsoon,1001,0.5738973,0.19889204,0.18033203,0.046878643,37-40N/71-74E
wind_speed_mean,monsoon,1002,0.54863375,0.18371245,0.22037108,0.047282726,37-40N/74-77E
wind_speed_mean,monsoon,1003,0.52421445,0.18340348,0.22572087,0.066661224,37-40N/77-80E
wind_speed_mean,monsoon,1004,0.85049576,0.036561273,0.09399422,0.01894873,37-40N/80-83E
wind_speed_mean,monsoon,1005,0.6560624,0.12365304,0.1671282,0.053156335,37-40N/83-86E
wind_speed_mean,monsoon,1006,0.7670565,0.08620756,0.113704085,0.033031806,37-40N/86-89E
wind_speed_mean,monsoon,1007,0.5813249,0.052432984,0.3423151,0.023927039,37-40N/89-92E
wind_speed_mean,monsoon,1008,0.68528897,0.03184109,0.26861396,0.014255949,37-40N/92-95E
wind_speed_mean,monsoon,1009,0.8241347,0.03374269,0.13061188,0.011510721,37-40N/95-98E
wind_speed_mean,post_monsoon,0,0.15212724,0.71259284,0.12109656,0.014183361,7-10N/68-71E
wind_speed_mean,post_monsoon,1,0.077247135,0.83948237,0.07939653,0.0038739585,7-10N/71-74E
wind_speed_mean,post_monsoon,2,0.1991848,0.6438675,0.13727868,0.019669037,7-10N/74-77E
wind_speed_mean,post_monsoon,3,0.5594045,0.37967384,0.02290824,0.038013425,7-10N/77-80E
wind_speed_mean,post_monsoon,4,0.43045592,0.45243046,0.076410644,0.040702965,7-10N/80-83E
wind_speed_mean,post_monsoon,5,0.21301275,0.5657171,0.20375124,0.0175189,7-10N/83-86E
wind_speed_mean,post_monsoon,6,0.07883981,0.5859876,0.33007386,0.00509871,7-10N/86-89E
wind_speed_mean,post_monsoon,7,0.16076036,0.5621232,0.27073193,0.0063845473,7-10N/89-92E
wind_speed_mean,post_monsoon,8,0.39584768,0.4365841,0.15612045,0.011447771,7-10N/92-95E
wind_speed_mean,post_monsoon,9,0.48498425,0.40491742,0.096998096,0.0131002255,7-10N/95-98E
wind_speed_mean,post_monsoon,100,0.11394163,0.7090866,0.15848418,0.018487584,10-13N/68-71E
wind_speed_mean,post_monsoon,101,0.11692406,0.7762366,0.101762824,0.005076513,10-13N/71-74E
wind_speed_mean,post_monsoon,102,0.3441487,0.53759253,0.06229751,0.05596125,10-13N/74-77E
wind_speed_mean,post_monsoon,103,0.5511642,0.34510407,0.028031487,0.07570021,10-13N/77-80E
wind_speed_mean,post_monsoon,104,0.6285404,0.30393317,0.028827813,0.038698573,10-13N/80-83E
wind_speed_mean,post_monsoon,105,0.6213698,0.28684682,0.04994844,0.04183497,10-13N/83-86E
wind_speed_mean,post_monsoon,106,0.65265405,0.26375997,0.052358095,0.031227902,10-13N/86-89E
wind_speed_mean,post_monsoon,107,0.75667626,0.18477401,0.0367045,0.021845244,10-13N/89-92E
wind_speed_mean,post_monsoon,108,0.736293,0.20987536,0.028974645,0.024856977,10-13N/92-95E
wind_speed_mean,post_monsoon,109,0.64164996,0.26863143,0.0649002,0.02481839,10-13N/95-98E
wind_speed_mean,post_monsoon,200,0.11406207,0.7604144,0.10343382,0.02208969,13-16N/68-71E
wind_speed_mean,post_monsoon,201,0.102789335,0.80833846,0.08006545,0.008806773,13-16N/71-74E
wind_speed_mean,post_monsoon,202,0.4741016,0.40439156,0.040274866,0.08123195,13-16N/74-77E
wind_speed_mean,post_monsoon,203,0.61956525,0.29079738,0.020787148,0.06885024,13-16N/77-80E
wind_speed_mean,post_monsoon,204,0.6196989,0.30517203,0.033910822,0.041218303,13-16N/80-83E
wind_speed_mean,post_monsoon,205,0.62297386,0.3027395,0.04194157,0.03234508,13-16N/83-86E
wind_speed_mean,post_monsoon,206,0.64437836,0.240914,0.07770469,0.037002977,13-16N/86-89E
wind_speed_mean,post_monsoon,207,0.6633725,0.21634063,0.08065385,0.039633002,13-16N/89-92E
wind_speed_mean,post_monsoon,208,0.6970191,0.21413705,0.052468296,0.03637556,13-16N/92-95E
wind_speed_mean,post_monsoon,209,0.61558175,0.26418966,0.09222654,0.028002089,13-16N/95-98E
wind_speed_mean,post_monsoon,300,0.19295043,0.6837629,0.083459124,0.03982754,16-19N/68-71E
wind_speed_mean,post_monsoon,301,0.12559508,0.73974,0.11204278,0.022622118,16-19N/71-74E
wind_speed_mean,post_monsoon,302,0.3531179,0.5306715,0.037037417,0.0791732,16-19N/74-77E
wind_speed_mean,post_monsoon,303,0.54907393,0.33788452,0.035375025,0.07766652,16-19N/77-80E
wind_speed_mean,post_monsoon,304,0.6021644,0.26660508,0.0565303,0.0747002,16-19N/80-83E
wind_speed_mean,post_monsoon,305,0.5827673,0.31371555,0.06731034,0.036206823,16-19N/83-86E
wind_speed_mean,post_monsoon,306,0.5974415,0.28386924,0.089515045,0.029174237,16-19N/86-89E
wind_speed_mean,post_monsoon,307,0.6419473,0.2512622,0.08003437,0.026756106,16-19N/89-92E
wind_speed_mean,post_monsoon,308,0.7416708,0.17081042,0.050802074,0.03671671,16-19N/92-95E
wind_speed_mean,post_monsoon,309,0.6260645,0.2744947,0.043390073,0.05605078,16-19N/95-98E
wind_speed_mean,post_monsoon,400,0.35950822,0.53532624,0.05634078,0.04882476,19-22N/68-71E
wind_speed_mean,post_monsoon,401,0.3010165,0.54925394,0.081050426,0.06867913,19-22N/71-74E
wind_speed_mean,post_monsoon,402,0.43307725,0.4048969,0.059496265,0.1025296,19-22N/74-77E
wind_speed_mean,post_monsoon,403,0.4395958,0.43401316,0.045028128,0.081362925,19-22N/77-80E
wind_speed_mean,post_monsoon,404,0.53499717,0.325518,0.056374565,0.08311024,19-22N/80-83E
wind_speed_mean,post_monsoon,405,0.4768856,0.35934195,0.07576517,0.0880073,19-22N/83-86E
wind_speed_mean,post_monsoon,406,0.5726377,0.28323683,0.110233635,0.033891782,19-22N/86-89E
wind_speed_mean,post_monsoon,407,0.3877982,0.46322286,0.12524365,0.023735272,19-22N/89-92E
wind_speed_mean,post_monsoon,408,0.557675,0.2958908,0.077827625,0.06860656,19-22N/92-95E
wind_speed_mean,post_monsoon,409,0.55432236,0.33044544,0.047185857,0.068046294,19-22N/95-98E
wind_speed_mean,post_monsoon,500,0.24447261,0.5981855,0.10179495,0.055546932,22-25N/68-71E
wind_speed_mean,post_monsoon,501,0.37688997,0.45035225,0.07824074,0.09451702,22-25N/71-74E
wind_speed_mean,post_monsoon,502,0.47891107,0.35896412,0.06497043,0.09715441,22-25N/74-77E
wind_speed_mean,post_monsoon,503,0.44578284,0.3614894,0.0903243,0.10240348,22-25N/77-80E
wind_speed_mean,post_monsoon,504,0.4413927,0.3668469,0.09112019,0.10064024,22-25N/80-83E
wind_speed_mean,post_monsoon,505,0.4201853,0.38599896,0.09735083,0.09646491,22-25N/83-86E
wind_speed_mean,post_monsoon,506,0.44877195,0.425365,0.056489106,0.06937394,22-25N/86-89E
wind_speed_mean,post_monsoon,507,0.42497507,0.4064723,0.08620447,0.08234818,22-25N/89-92E
wind_speed_mean,post_monsoon,508,0.48522756,0.3516533,0.07476508,0.08835406,22-25N/92-95E
wind_speed_mean,post_monsoon,509,0.5244898,0.33029538,0.064313546,0.08090124,22-25N/95-98E
wind_speed_mean,post_monsoon,600,0.4647008,0.35798597,0.094374314,0.082938924,25-28N/68-71E
wind_speed_mean,post_monsoon,601,0.42897442,0.42309827,0.076384485,0.07154284,25-28N/71-74E
wind_speed_mean,post_monsoon,602,0.49766028,0.3214434,0.090056464,0.09083987,25-28N/74-77E
wind_speed_mean,post_monsoon,603,0.41806927,0.38756645,0.09110123,0.10326306,25-28N/77-80E
wind_speed_mean,post_monsoon,604,0.42595774,0.38699266,0.09305243,0.09399717,25-28N/80-83E
wind_speed_mean,post_monsoon,605,0.48752084,0.35170543,0.08696505,0.073808715,25-28N/83-86E
wind_speed_mean,post_monsoon,606,0.51067954,0.31675437,0.09350514,0.079060964,25-28N/86-89E
wind_speed_mean,post_monsoon,607,0.53479826,0.31937084,0.072316825,0.073514044,25-28N/89-92E
wind_speed_mean,post_monsoon,608,0.541417,0.27584696,0.10783454,0.074901536,25-28N/92-95E
wind_speed_mean,post_monsoon,609,0.5801406,0.2796788,0.08042258,0.059758063,25-28N/95-98E
wind_speed_mean,post_monsoon,700,0.48588967,0.32261837,0.10876255,0.08272944,28-31N/68-71E
wind_speed_mean,post_monsoon,701,0.5011474,0.3167066,0.095690675,0.08645535,28-31N/71-74E
wind_speed_mean,post_monsoon,702,0.47035867,0.32448485,0.11555718,0.089599304,28-31N/74-77E
wind_speed_mean,post_monsoon,703,0.45068544,0.33453196,0.11419102,0.10059153,28-31N/77-80E
wind_speed_mean,post_monsoon,704,0.46285138,0.33322734,0.11965311,0.08426816,28-31N/80-83E
wind_speed_mean,post_monsoon,705,0.43325108,0.34385976,0.13639629,0.08649287,28-31N/83-86E
wind_speed_mean,post_monsoon,706,0.3830576,0.36188242,0.16366206,0.09139794,28-31N/86-89E
wind_speed_mean,post_monsoon,707,0.38925695,0.33322358,0.18968482,0.08783465,28-31N/89-92E
wind_speed_mean,post_monsoon,708,0.48157594,0.2600446,0.18713102,0.07124846,28-31N/92-95E
wind_speed_mean,post_monsoon,709,0.49360862,0.2629431,0.17015731,0.07329096,28-31N/95-98E
wind_speed_mean,post_monsoon,800,0.39809322,0.36065274,0.14528327,0.095970765,31-34N/68-71E
wind_speed_mean,post_monsoon,801,0.4251733,0.3507189,0.12582797,0.09827983,31-34N/71-74E
wind_speed_mean,post_monsoon,802,0.45956442,0.3283084,0.12588236,0.08624482,31-34N/74-77E
wind_speed_mean,post_monsoon,803,0.4296547,0.3613343,0.11717415,0.091836855,31-34N/77-80E
wind_speed_mean,post_monsoon,804,0.40576643,0.36518857,0.14371733,0.085327655,31-34N/80-83E
wind_speed_mean,post_monsoon,805,0.32735437,0.42065287,0.1814707,0.07052205,31-34N/83-86E
wind_speed_mean,post_monsoon,806,0.30478513,0.42983523,0.2011469,0.06423274,31-34N/86-89E
wind_speed_mean,post_monsoon,807,0.45325416,0.2860816,0.20998155,0.050682638,31-34N/89-92E
wind_speed_mean,post_monsoon,808,0.45895565,0.2716914,0.2240734,0.045279562,31-34N/92-95E
wind_speed_mean,post_monsoon,809,0.4755686,0.25659078,0.21440291,0.053437725,31-34N/95-98E
wind_speed_mean,post_monsoon,900,0.44322369,0.35117856,0.13140307,0.07419466,34-37N/68-71E
wind_speed_mean,post_monsoon,901,0.4566723,0.3348972,0.1371155,0.07131504,34-37N/71-74E
wind_speed_mean,post_monsoon,902,0.44776097,0.3601722,0.11799698,0.074069865,34-37N/74-77E
wind_speed_mean,post_monsoon,903,0.4565212,0.33940443,0.13127618,0.07279821,34-37N/77-80E
wind_speed_mean,post_monsoon,904,0.4126709,0.3438909,0.16997313,0.073465034,34-37N/80-83E
wind_speed_mean,post_monsoon,905,0.2667954,0.45803493,0.22643168,0.04873797,34-37N/83-86E
wind_speed_mean,post_monsoon,906,0.29355156,0.46759215,0.19197756,0.046878718,34-37N/86-89E
wind_speed_mean,post_monsoon,907,0.4194883,0.35631326,0.1797826,0.044415843,34-37N/89-92E
wind_speed_mean,post_monsoon,908,0.5464597,0.23077524,0.18622723,0.036537882,34-37N/92-95E
wind_speed_mean,post_monsoon,909,0.6133355,0.15108852,0.21050632,0.025069665,34-37N/95-98E
wind_speed_mean,post_monsoon,1000,0.4482324,0.32488438,0.1542314,0.07265182,37-40N/68-71E
wind_speed_mean,post_monsoon,1001,0.4609187,0.356007,0.11681115,0.06626315,37-40N/71-74E
wind_speed_mean,post_monsoon,1002,0.48673987,0.3280506,0.1207222,0.06448731,37-40N/74-77E
wind_speed_mean,post_monsoon,1003,0.4881929,0.30076915,0.13751315,0.073524795,37-40N/77-80E
wind_speed_mean,post_monsoon,1004,0.56649387,0.19715624,0.19197346,0.044376463,37-40N/80-83E
wind_speed_mean,post_monsoon,1005,0.5355856,0.2334322,0.16795209,0.063030094,37-40N/83-86E
wind_speed_mean,post_monsoon,1006,0.59885436,0.1875604,0.17938384,0.034201365,37-40N/86-89E
wind_speed_mean,post_monsoon,1007,0.5475027,0.15330723,0.26754797,0.03164212,37-40N/89-92E
wind_speed_mean,post_monsoon,1008,0.5896114,0.15500692,0.22659041,0.028791264,37-40N/92-95E
wind_speed_mean,post_monsoon,1009,0.6029559,0.15632679,0.22242865,0.018288659,37-40N/95-98E
