tree
version=v4
num_class=1
num_tree_per_iteration=1
label_index=0
max_feature_idx=45
objective=binary sigmoid:1
feature_names=latitude longitude is_ocean elev_proxy_m coastal region_id season_id lead_days lead_bucket_id regime_id mae7_climatology mae7_persistence mae7_recent3 mae7_anom_persistence rmse30_climatology rmse30_persistence rmse30_recent3 rmse30_anom_persistence regmae_climatology regmae_persistence regmae_recent3 regmae_anom_persistence now_tp_mm now_t2m_C_mean now_t2m_C_max now_wind_speed_mean now_wind_speed_max now_msl_hPa_mean now_msl_hPa_min now_tcc_mean now_cape_max now_rh_pct_mean now_blh_mean now_ssrd_MJ now_msl_anom now_tp3 now_tp7 now_target_tendency now_anomaly expert_spread expert_range exp_climatology exp_persistence exp_recent3 exp_anom_persistence blend_pred
feature_infos=[7:37] [68:97] [0:1] [0:5388.1943359375] [0:1] -1:403:507:200:203:606:100:603:308:608:907:301:802:302:405:500:700:701:201:3:208:202:604:707:4:105:400:407:303:408:101:207:805:107:206:503:6:902:205:103:908:305:506:601:705:708:108:2:800:406:600:8:102:706:804:904:807:106:502:602:1:801:803:905:505:508:906:307:300:402:504:304:104:306:703:806:7:605:901:903:204:5:702:808:404:607:501:900:0:401:704:609:909:809:109:509:9:409:709:209:309:1000:1007:1002:1003:1001:1004:1006:1005:1008 -1:2:1:3:0 [1:3] -1:1:2 -1:5:4:2:3:0:1 [0.04354531317949295:14.030465126037598] [0.039315361529588699:10.388834953308105] [0.025682995095849037:13.535143852233887] [0.041405815631151199:10.239772796630859] [0.099166795611381531:9.478520393371582] [0.10553939640522003:8.5127696990966797] [0.11689423769712448:8.5966873168945312] [0.099592849612236023:8.3216447830200195] [0.26390203833580017:4.3360905647277832] [0.16303868591785431:4.3472285270690918] [0.18597042560577393:4.3054203987121582] [0.19417853653430939:4.4667496681213379] [0:305.52862548828125] [-35.311538696289062:41.265533447265625] [-32.310256958007812:48.153472900390625] [0.11159653961658478:16.713184356689453] [0.18476742506027222:19.685182571411133] [991.29266357421875:1049.922607421875] [986.6312255859375:1047.76123046875] [0:1] [0:7481.25] [4.3462634086608887:99.999320983886719] [8.8216218948364258:3571.593017578125] [0.29107201099395752:35.251583099365234] [-29.963623046875:29.3524169921875] [0:169.4688720703125] [0:603.870361328125] [-9.8437004089355469:11.918537139892578] [-17.444795608520508:10.391372680664062] [0.0010879776673391461:7.2615151405334473] [0.002269744873046875:18.032705307006836] [-27.903509140014648:39.269775390625] [-35.311538696289062:41.265533447265625] [-33.735404968261719:40.152339935302734] [-34.924385070800781:41.755260467529297] [-32.9327392578125:40.844245910644531]
tree_sizes=3367 3413 3538 3422 3424 3681 3544 3586 3457 3643 3442 3462 3655 3633 3671 3486 3474 3789 3490 3470 3696 3768 3802 3826 3765 3758 3477 4000 3443 3760 3911 3478 3478 3480 3471 3824 3740 3730 3476 3783 3848 3467 3592 3628 3499 3959 3936 3487 3504 3784 3509 3725 3710 3957 3492 3896 3776 3510 3532 3515 3726 3509 3489 3699 3723 3510 3848 3654 3906 3515 3833 3604 3801 3491 3741 3822 3757 3518 3520 3514 3815 3504 3850

Tree=0
num_leaves=31
num_cat=0
split_feature=24 24 24 19 43 24 39 30 28 33 24 19 30 41 28 33 1 33 29 23 0 41 30 31 39 28 36 31 13 41
split_gain=512219 25981.2 19686.4 2792.31 1273.75 1163.17 1086.53 989.925 785.886 782.231 713.836 1077.01 655.903 615.577 598.097 575.234 482.991 450.958 384.489 382.836 222.695 270.277 159.486 126.477 109.605 132.749 92.507 86.6372 82.1999 75.8159
threshold=39.172882080078132 40.765533447265632 37.140670776367195 1.5753890275955202 33.451574325561531 38.550567626953132 1.0823659896850588 2402.3125000000005 1009.4390563964845 22.206912040710453 35.676513671875007 1.6581113934516909 2540.8125000000005 31.860639572143558 1009.5834350585939 21.83481597900391 74.250000000000014 25.931712150573734 0.2191429138183594 33.452064514160163 24.750000000000004 28.943061828613285 2008.8750000000002 66.517658233642592 1.7105759382247927 1008.0090637207032 6.5474510192871103 58.202617645263679 1.4438987374305727 27.911907196044925
decision_type=2 2 2 2 2 2 2 2 2 2 2 2 2 2 2 2 2 2 2 2 2 2 2 2 2 2 2 2 2 2
left_child=2 7 4 5 10 13 14 8 9 -2 -1 -12 15 -4 18 -3 23 -13 22 -15 -19 -22 -5 -6 25 26 -7 -11 -23 -8
right_child=1 12 3 6 16 24 29 -9 -10 27 11 17 -14 19 -16 -17 -18 20 -20 -21 21 28 -24 -25 -26 -27 -28 -29 -30 -31
leaf_value=-4.5101383567921731 -4.1078796026498328 -4.3219533412378492 -4.4110699690496045 -3.5251914225901273 -4.0474110197787958 -3.9074949822602312 -4.4620335250619654 -4.3559491807161015 -4.4101939183473169 -2.7892935779404717 -4.4816715177477882 -4.3846967842347935 -4.3145765967866909 -4.3698881203466575 -4.4647167703515409 -1.4247221762176125 -4.4747121735511159 -4.4397305081073615 -4.2655053314989022 -4.0386545077600795 -4.4656875664899172 -4.4438850792574751 -4.429800205480741 -4.4451974819805704 -4.4191711517586132 -4.4610886816785351 -4.4164178147851771 -4.3191600939690344 -3.8822259802990877 -4.1803374333410073
leaf_weight=12919.764317255467 7.5127716921269885 1.1523349061608303 67.287320598959923 34.852482210844755 12.133408717811109 27.305818315595396 2.4289412237703827 2.6322944425046435 1.4912569373846043 88.842761784791946 149.98429621756077 28.514640226960182 1.2427141144871701 23.046698123216629 2.0674243904650202 104.5009596273303 10.958479009568689 4.1574435830116263 8.5747273899614793 17.759514436125755 2.3272646144032461 1.2992011196911333 1.1862271092832077 3.0502982810139647 3.1632722914218894 1.1862271092832077 2.7791606560349456 2.0335321873426428 6.0780017599463463 24.063464216887951
leaf_count=1143605 665 102 5956 3085 1074 2417 215 233 132 7864 13276 2524 110 2040 183 9250 970 368 759 1572 206 115 105 270 280 105 246 180 538 2130
internal_value=-4.46066 -2.0644 -4.5 -4.03689 -4.50792 -4.19669 -3.79473 -2.90557 -2.88031 -2.86387 -4.50871 -4.41488 -1.45972 -4.30368 -3.65147 -1.44164 -4.21041 -4.2195 -3.61986 -4.17113 -4.05374 -3.98268 -3.5419 -4.08964 -3.97165 -3.94729 -3.93186 -2.80615 -3.91483 -4.19959
internal_weight=13563.4 209.409 13354 215.701 13138.3 142.528 73.1733 102.513 99.8803 98.3891 13112.1 192.361 106.896 108.094 46.6809 105.653 26.1422 42.3766 44.6134 40.8062 13.8619 9.70447 36.0387 15.1837 34.4345 31.2712 30.085 90.8763 7.3772 26.4924
internal_count=1200575 18536 1182039 19093 1162946 12616 6477 9074 8841 8709 1160632 17027 9462 9568 4132 9352 2314 3751 3949 3612 1227 859 3190 1344 3048 2768 2663 8044 653 2345
is_linear=0
shrinkage=1


Tree=1
num_leaves=31
num_cat=0
split_feature=24 24 33 23 18 34 41 43 39 29 29 24 19 16 41 19 29 39 3 34 18 3 36 28 34 41 19 44 19 18
split_gain=59400 3164.42 2206.82 1802.89 748.964 1243.92 847.344 731.438 475.906 344.92 332.479 317.022 449.548 254.411 244.93 208.739 181.517 174.466 159.65 154.979 129.434 119.486 89.1993 87.5017 87.4402 99.344 71.1923 67.9185 67.286 63.5341
threshold=36.745758056640632 40.765533447265632 26.055552482604984 33.893035888671882 2.3971341848373418 -6.3494262695312491 31.374303817749027 33.451574325561531 1.4954798817634585 0.082492828369140639 0.18727493286132815 35.676513671875007 1.901899039745331 2.612532496452332 31.374303817749027 1.001298248767853 0.087017059326171889 0.50165292620658886 161.84430694580081 -11.871856689453123 1.4718251228332522 488.34849548339849 6.0181617736816415 1007.0946655273439 -5.0225524902343741 29.392381668090824 2.1153165102005009 29.232420921325687 1.4830961227416994 1.9753450751304629
decision_type=2 2 2 2 2 2 2 2 2 2 2 2 2 10 2 2 2 2 2 2 2 2 2 2 2 2 2 2 2 2
left_child=7 2 3 15 6 -6 23 11 10 -3 21 -1 28 -11 19 -2 27 -16 -8 -5 -9 -7 24 -4 25 -17 -19 -14 -13 -26
right_child=1 9 4 14 5 8 18 20 -10 13 -12 12 16 -15 17 22 -18 26 -20 -21 -22 -23 -24 -25 29 -27 -28 -29 -30 -31
leaf_value=-0.049887258067818914 0.017498778214896482 0.20330100756085631 0.17827321478224067 -0.0083746024453004667 0.2812716054312851 0.68884874714390232 0.48608258654803188 -0.0099125884525156551 0.092866403174149237 0.16974594600434187 0.038892310576642393 -0.034411973988183284 -0.0066198823613878265 0.087603158014094101 0.13203370137281889 -0.0019079236377939025 0.0029156000780959745 0.39804364887609134 0.26640702677064171 0.20821093330310272 0.22844585706821305 0.073085480852035353 0.030673709935874427 0.01263719840226383 0.015654754134934664 0.19726580943154276 0.032474301111035296 0.30182432198260356 0.045461918828239904 0.12181256530323084
leaf_weight=12298.532912738621 48.59841718710959 921.7589756436646 79.945597306825221 8.8227490577846748 76.044191003777087 77.122855879366398 57.250522053800523 6.1219886215403703 7.6979979043826452 355.61254861578345 3.4051770418882361 104.87468138337135 1.4994044415652776 178.99230374395847 20.769729864783585 6.499546516686677 8.7882084576413018 123.94639461115003 75.068439044989645 45.352019281126559 18.320564026013017 3.3544442225247613 23.158781151287258 10.501798449084161 27.596107115037739 84.756506939418614 3.2272174758836618 9.5906434487551433 24.929886605590582 28.425020936876535
leaf_count=1143092 3585 5916 3112 422 2109 2339 1609 527 194 2396 106 9480 107 1201 659 462 699 4100 2303 1548 1259 135 1527 580 1626 4630 75 672 2089 1384
internal_value=-0.0055595 0.229244 0.309359 0.220684 0.39712 0.491808 0.307803 -0.0484034 0.621728 0.182796 0.6552 -0.0490048 0.0220844 0.144357 0.32612 0.1134 0.197186 0.366009 0.38893 0.17713 0.183201 0.674097 0.13826 0.162214 0.152151 0.184293 0.39181 0.276757 -0.0169171 0.0798109
internal_weight=14740.6 2267.91 811.544 421.152 390.391 167.625 222.766 12472.7 91.5805 1456.36 83.8825 12448.2 149.683 534.605 202.118 219.034 19.8783 147.943 132.319 54.1748 24.4426 80.4773 170.436 90.4474 147.277 91.2561 127.174 11.09 129.805 56.0211
internal_count=1199943 42018 32505 20018 12487 4883 7604 1157925 2774 9513 2580 1156139 13047 3597 6804 13214 1478 4834 3912 1970 1786 2474 9629 3692 8102 5092 4175 779 11569 3010
is_linear=0
shrinkage=0.05


Tree=2
num_leaves=31
num_cat=1
split_feature=24 24 24 43 21 29 24 13 24 20 36 14 34 29 31 12 40 15 29 44 35 44 36 14 31 5 14 10 12 43
split_gain=48211.6 1285.55 934.557 676.492 586.043 384.35 321.946 509.6 274.655 221.465 209.547 185.176 169.077 114.493 109.983 103.165 96.5923 91.2429 100.991 89.6667 80.9019 74.5134 72.0141 57.5281 56.3812 53.782 48.7856 47.2008 45.5036 43.8273
threshold=36.745758056640632 40.765533447265632 38.047760009765632 33.451574325561531 1.343410909175873 0.032672882080078132 35.356964111328132 1.7972982525825503 42.304107666015632 1.7594666481018069 6.0181617736816415 4.1402482986450204 0.55599975585937511 0.2282524108886719 60.32805252075196 1.6691407561302187 3.9285899400711064 2.1391633749008183 0.091564178466796889 33.897922515869148 2.4304389953613286 29.892516136169437 1.0371208190917971 1.8715546727180483 61.495355606079109 0 2.4042958021163945 4.7223308086395273 1.9807544350624087 27.773653984069828
decision_type=2 2 2 2 2 2 2 2 2 2 2 2 2 2 2 2 2 10 2 2 2 2 2 2 2 9 2 2 2 2
left_child=3 2 4 6 19 12 -1 -8 17 -9 14 22 26 23 16 -5 21 -3 -19 25 27 -6 -7 -11 29 -2 -4 -17 -23 -25
right_child=1 8 5 15 10 11 7 9 -10 13 -12 -13 -14 -15 -16 20 -18 18 -20 -21 -22 28 -24 24 -26 -27 -28 -29 -30 -31
leaf_value=-0.04997441809015471 0.044555986798316891 0.14825964181328841 0.25339032773844777 0.029944922146497101 -0.00020688649070365068 0.24097490366688798 -0.031425107412403258 -0.001559531877857038 0.17913723933417391 0.024754064472880068 0.01580737995193086 0.0045484327909369408 0.035822480097274033 0.005458024443702727 0.01844621490677642 0.28046564626792286 0.023835652445517323 0.12777380644412667 0.063411307074108567 0.13586539439821202 -0.0069889287774361139 0.16490240265757758 0.16148130146882433 0.011957376022183622 -0.0022919025684130286 -0.020349153865960756 0.36629283328818651 0.0040653155219321007 0.32105669724003244 0.31776265651512331
leaf_weight=11664.08916356042 46.784272999502718 488.71702796500176 180.28301543742418 14.226541256532075 2.9812892209738484 339.50502138771117 154.90253268554807 17.66771365236491 807.42616100423038 4.6730339126661482 15.595520636066793 10.459023845382033 8.4387681158259493 6.1574126044288269 8.1585126398131234 9.9431088427081686 7.5258615659549823 198.34887369908392 137.42897930089384 9.5843246672302467 2.7429326102137557 57.568519852124155 139.38098589889705 2.0806128401309278 1.5082183126360167 46.362635345198214 139.87808967661113 1.9968708744272579 39.541360908187926 13.486505173146723
leaf_count=1138373 3359 2915 3698 845 169 7923 14275 1642 4664 372 955 259 369 508 512 570 512 1137 881 521 212 2709 4024 158 123 3545 2414 156 1577 852
internal_value=-0.00502331 0.185987 0.230405 -0.0482481 0.133094 0.256313 -0.0488943 0.0133383 0.156123 0.143764 0.199492 0.217159 0.306485 0.21191 0.221011 0.161363 0.233494 0.131708 0.104027 0.0380201 0.224976 0.245661 0.221614 0.250231 0.280004 0.0157563 0.312318 0.257162 0.252524 0.297554
internal_weight=14577.4 2683.97 1052.05 11893.5 234.102 817.945 11864.6 200.476 1631.92 45.5735 131.371 489.345 328.6 27.9058 115.776 28.9095 107.617 824.495 335.778 102.731 14.6829 100.091 478.886 21.7484 17.0753 93.1469 320.161 11.94 97.1099 15.5671
internal_count=1200229 42143 32546 1158086 13859 18687 1156303 17930 9597 3655 6434 12206 6481 2013 5479 1783 4967 4933 2018 7425 938 4455 11947 1505 1133 6904 6112 726 4286 1010
cat_boundaries=0 32
cat_threshold=0 0 0 0 0 0 0 0 0 16384 0 0 786432 0 0 621805568 0 0 251658240 0 0 1342177280 0 0 0 1 0 0 0 0 0 256
is_linear=0
shrinkage=0.05


Tree=3
num_leaves=31
num_cat=0
split_feature=24 43 18 24 41 31 34 21 14 24 41 0 0 14 41 24 24 17 34 32 30 0 15 14 35 41 26 15 18 3
split_gain=39861.7 580.827 525.119 488.352 825.842 224.168 400.868 207.52 206.146 176.775 155.535 152.034 130.057 214.335 133.994 123.726 122.809 167.716 107.938 105.46 99.1632 81.765 81.6788 82.2241 70.0526 70.0149 69.4304 68.7609 61.2843 59.9221
threshold=36.367172241210945 32.692245483398445 1.1936388015747073 40.765533447265632 30.250887870788578 53.278537750244148 -11.871856689453123 1.3829734325408938 4.4900023937225351 42.304107666015632 31.606880187988285 25.750000000000004 23.750000000000004 1.8851305842399599 30.93084812164307 38.047760009765632 35.676513671875007 2.3918830156326298 -8.5403442382812482 1673.670349121094 1619.3125000000002 21.750000000000004 2.7931425571441655 2.0336786508560185 2.0146369934082036 29.630189895629886 7.6849637031555185 1.9014705419540407 1.4718251228332522 224.59835052490237
decision_type=2 2 2 2 2 2 2 2 2 2 2 2 2 2 2 2 2 10 2 2 2 2 10 2 2 2 2 10 2 2
left_child=1 16 -2 4 15 8 10 -3 12 -5 -7 29 13 14 -6 27 -1 -18 -16 24 26 -15 23 -17 -14 -19 -12 -4 -9 -8
right_child=2 7 3 9 5 6 11 28 -10 -11 20 -13 19 21 18 22 17 25 -20 -21 -22 -23 -24 -25 -26 -27 -28 -29 -30 -31
leaf_value=-0.049923310316047659 0.016988992395284935 0.0053182206158329639 -0.014281719785345221 0.11791304259848807 0.076070160354750116 0.0068076164613940886 0.16648702424388306 -0.0095884404262252653 -0.022656041732290778 0.15549797198036996 0.31541625084862684 0.02167392733428003 0.23915763947070895 -0.0065080919307339107 0.0013359127337896533 0.0269321813644091 -0.029663113853286044 -0.012218580749163301 0.21629956751974003 0.062915006704607493 0.036437542699303646 0.10761963985219264 0.014194967979614663 0.15506430502659663 0.028636137785274698 0.15293429904739755 0.045381893649366956 0.069041028947884553 0.2197555055553079 -0.0067496423958045941
leaf_weight=11141.350744652562 71.422347048297524 25.820200783200562 40.921710354276001 875.56356523744762 36.731515418738127 7.3779436647891989 25.913139369338754 2.3394180778414038 7.5229918193072072 889.21591572277248 32.015493341721594 79.340000510215759 543.76665780693293 19.607696172781289 6.1274437801912418 20.350826914422214 73.991358704864979 7.061201321892443 209.36065996624529 17.558896164409816 7.6931982077658168 51.465820780023932 19.884260021150112 74.220029408112168 6.9120800057426086 12.355722967535256 6.5034392196685067 43.285822102800012 18.661698514595628 4.9174256129190317
leaf_count=1141752 3607 2102 3147 4885 1191 359 999 212 250 4678 974 3529 9811 630 143 565 6828 521 4951 282 258 1115 416 1821 230 744 153 2324 1155 342
internal_value=-0.00503547 -0.0486754 0.153544 0.1567 0.182101 0.19974 0.129943 0.112119 0.210884 0.13762 0.23218 0.0650303 0.213084 0.17236 0.194585 0.0826827 -0.0494447 0.00695348 0.210517 0.232873 0.260549 0.079215 0.11491 0.132704 0.237073 0.109138 0.288575 0.0313314 0.199356 0.14397
internal_weight=14379.3 11281.6 3097.68 3026.26 1261.48 1062.81 163.761 46.8213 899.054 1764.78 53.5901 110.171 891.531 323.293 252.22 198.663 11234.8 93.4083 215.488 568.238 46.2121 71.0735 114.455 94.5709 550.679 19.4169 38.5189 84.2075 21.0011 30.8306
internal_count=1199974 1153314 46660 43053 33490 25217 6614 3469 18603 9563 1744 4870 18353 8030 6285 8273 1149845 8093 5094 10323 1385 1745 2802 2386 10041 1265 1127 5471 1367 1341
is_linear=0
shrinkage=0.05


Tree=4
num_leaves=31
num_cat=0
split_feature=24 45 38 18 45 24 12 45 28 24 45 28 24 21 24 21 28 18 41 38 30 26 20 28 31 31 30 30 41 30
split_gain=33879.8 673.472 1128.81 920.598 614.429 463.083 425.85 200.097 190.101 184.403 176.035 208.066 141.66 251.505 130.001 111.344 110.134 92.2717 89.011 86.5807 76.0629 75.4396 68.1391 66.7897 62.6737 59.4079 53.0084 51.1704 48.782 48.4228
threshold=36.367172241210945 32.989572525024421 2.3444166183471684 1.9753450751304629 32.291427612304695 40.765533447265632 2.4009513854980473 33.931686401367195 1008.2515563964845 39.172882080078132 35.609336853027351 1001.7896728515626 35.356964111328132 1.6977188587188723 38.550567626953132 1.1858280301094057 1000.9927978515626 2.2498574256896977 29.544124603271488 2.0225448608398442 341.56250000000006 6.088660955429078 1.2930072546005251 1000.2509155273439 55.617218017578132 21.508528709411625 590.81250000000011 1178.8125000000002 31.606880187988285 951.31250000000011
decision_type=2 2 2 2 2 2 2 2 2 2 2 2 2 2 2 2 2 2 2 2 2 2 2 2 2 2 2 2 2 2
left_child=4 2 3 14 12 7 8 16 23 27 11 17 -1 -14 22 -6 -3 -7 -15 -8 25 -11 -2 -5 -25 -4 -19 -9 -17 -12
right_child=1 5 20 6 15 10 19 9 -10 21 29 -13 13 18 -16 28 -18 26 -20 -21 -22 -23 -24 24 -26 -27 -28 -29 -30 -31
leaf_value=-0.049916104410994755 -0.022671769705634979 0.095451564050044138 -0.030187895618257934 0.060564372753206419 0.0068353449509826903 0.10252623920689119 0.29870609790363467 0.32294494491986453 -0.013194006246680068 0.19236098616987798 0.15140525964636148 0.13343885987118539 -0.037716296099627622 -0.0092264417368341199 0.10152303715515108 0.0037437374937780289 0.16458865614801987 0.065006718771858915 0.14323846658863151 0.065843006120690523 -0.017035294644168596 0.10131991047927014 0.045203168618127752 0.17024463322808728 -0.0035473832711071028 0.044307718309170532 0.0041928834687562228 0.093969070936287036 0.23163126199163397 0.092401656518761768
leaf_weight=10577.156553531997 61.47461374104023 146.56543407216668 24.831113597378135 34.009376043453813 10.117626092396678 230.42722348868847 79.749792248010635 54.322668951936066 17.56660283729434 317.29778021294624 775.52367893047631 462.12002348899841 111.31954270694405 11.86701752617955 55.353523598983884 2.9683026298880604 260.19866200443357 150.6224761530757 22.990084669552743 11.129519815556703 124.40941040869802 64.725557303056121 68.261414799839258 160.2151725301519 4.9342715982347718 149.27638895530254 47.980016872286797 13.456513229757546 14.264565248042343 98.354268345981836
leaf_count=1138006 4477 3690 292 826 885 1217 1199 1591 757 3324 3844 2295 10878 938 841 184 4519 777 1404 164 4110 679 3286 3282 275 3966 276 453 802 516
internal_value=-0.00499653 0.132025 0.0894833 0.135229 -0.0485764 0.144476 0.18711 0.17647 0.13773 0.203364 0.128042 0.10912 -0.0492411 -0.000333145 0.0438368 0.15546 0.142565 0.0804837 0.100847 0.279542 0.0120447 0.179914 0.0137202 0.151037 0.165146 0.0326206 0.0512201 0.295412 0.208167 0.145885
internal_weight=14163.5 3412.81 791.211 492.694 10750.7 2621.59 307.605 856.567 216.725 449.803 1765.03 891.15 10723.3 146.177 185.09 27.3505 406.764 429.03 34.8571 90.8793 298.517 382.023 129.736 199.159 165.149 174.108 198.602 67.7792 17.2329 873.878
internal_count=1199753 46656 23475 15107 1153097 23181 6503 14256 5140 6047 8925 4565 1151226 13220 8604 1871 8209 2270 2342 1363 8368 4003 7763 4383 3557 4258 1053 2044 986 4360
is_linear=0
shrinkage=0.05


Tree=5
num_leaves=31
num_cat=3
split_feature=24 45 38 20 45 24 12 24 38 10 14 45 28 5 5 5 45 14 28 43 28 38 16 10 14 16 20 21 38 28
split_gain=29563.5 684.683 772.621 673.431 440.012 342.292 251.465 230.935 159.686 223.897 154.894 144.876 180.213 129.571 115.645 75.4677 75.1854 68.2754 65.5911 64.3763 61.7965 70.5801 61.1587 59.477 58.9457 51.5588 51.4819 51.3617 55.2423 49.2602
threshold=36.027694702148445 32.989572525024421 2.3444166183471684 1.8795478343963625 32.291427612304695 38.550567626953132 2.0061000585556035 40.765533447265632 -0.37906646728515619 1.6966604590415957 1.8851305842399599 35.609336853027351 1001.7896728515626 0 1 2 34.573705673217781 2.2610858678817753 1008.4165649414064 32.692245483398445 1000.8178100585939 4.4508075714111337 2.4168769121170048 1.821933448314667 3.0587717294692998 1.2518501877784731 1.8795478343963625 0.95700952410697948 -0.75481224060058583 998.27062988281261
decision_type=2 2 2 2 2 2 2 2 2 2 2 2 2 9 9 9 2 2 2 2 2 2 10 2 2 10 2 2 2 2
left_child=4 2 3 5 19 14 15 8 9 17 -8 12 22 -4 27 -5 20 -3 -17 -1 23 24 -9 -10 25 -22 -21 -2 -29 -7
right_child=1 7 13 6 -6 29 10 11 16 -11 -12 -13 -14 -15 -16 18 -18 -19 -20 26 21 -23 -24 -25 -26 -27 -28 28 -30 -31
leaf_value=-0.049688415157992688 -0.01484812557134829 0.17759376460037624 0.050351106814671899 -0.0072427726940421837 0.1397348867946526 0.00033420115180441047 0.016158233243449928 0.090100951613218086 0.053321925569250229 0.28903252562616766 0.21556342236601478 0.1310816552564911 0.12022964512570594 -0.011998822768476063 -0.024635943347139134 0.12776732093708018 0.16992887990469385 0.058568453970730919 -0.016749428358090804 -0.018563857954518266 0.048918953339277066 -0.0014991945873614743 0.047859237474147977 0.11523932726318527 0.0091392066294596827 0.1498567923665772 0.098158197026856756 -0.007828584224356434 0.089755862648062998 0.12723921290447684
leaf_weight=10152.432903037407 19.438812056556344 26.400861317291856 115.9745553387329 22.724265085533261 21.48909161426127 8.2329246513545495 12.132051961496471 237.66806395351887 92.906061803922057 53.182617184706032 159.16605350375175 914.89886925183237 489.99172845482826 202.95133123081177 96.936295938678086 82.350900347344577 233.06418013572693 41.454634769819677 6.2201722040772429 21.327109787613157 25.813029487617314 8.6116570970043522 202.09672222100198 138.11276564002037 9.643296546302734 356.66857370734215 4.1407763129100195 16.67159606423229 55.652135732583702 108.02706320025027
leaf_count=1146250 1404 602 3008 642 1265 116 346 1225 2239 771 2135 4306 2304 6635 6919 1576 2360 599 286 1779 474 151 1028 2305 234 4667 227 810 2871 1348
internal_value=-0.00486708 0.115258 0.0759461 0.109499 -0.0489499 0.0552126 0.164193 0.127536 0.149068 0.211694 0.203111 0.115287 0.0985146 0.0126816 0.011907 0.0924875 0.137983 0.121741 0.106177 -0.049485 0.123734 0.138413 0.0721842 0.0935842 0.141447 0.144465 0.0227383 0.0469455 0.0690428 0.118991
internal_weight=13936.4 3736.99 906.478 587.552 10199.4 304.959 282.593 2830.51 985.858 121.038 171.298 1844.66 929.757 318.926 188.699 111.295 864.82 67.8555 88.5711 10177.9 631.755 400.737 439.765 231.019 392.125 382.482 25.4679 91.7625 72.3237 116.26
internal_count=1200882 51361 28096 18453 1149521 13468 4985 23265 14402 1972 2481 8863 4557 9643 12004 2504 12430 1201 1862 1148256 10070 5526 2253 4544 5375 5141 2006 5085 3681 1464
cat_boundaries=0 32 64 90
cat_threshold=0 0 0 0 0 0 0 0 0 0 0 0 262144 0 0 7340032 0 0 0 0 0 805306368 0 0 0 4 0 0 32 0 0 256 0 0 0 0 0 0 0 0 0 0 0 0 1966080 0 0 563085312 0 0 134217728 0 0 805306368 0 0 0 3 0 0 48 0 0 256 0 0 0 0 0 0 0 0 0 0 0 0 0 0 0 0 0 0 905969664 0 0 1610612736 0 0 0 5
is_linear=0
shrinkage=0.05


Tree=6
num_leaves=31
num_cat=1
split_feature=45 45 33 24 38 16 29 38 45 33 5 20 20 33 16 38 15 33 30 34 38 27 27 27 24 38 26 41 39 24
split_gain=25989 635.922 654.272 259.836 214.897 184.702 154.262 222.637 185.407 150.874 149.566 141.908 140.365 144.503 125.002 145.512 101.82 101.07 99.4159 70.6376 74.4625 70.202 66.3451 61.3257 60.6949 55.7817 53.9183 53.2596 52.9781 44.4444
threshold=30.969274520874027 32.291427612304695 25.931712150573734 35.676513671875007 1.323661804199219 2.1523665189743046 0.029220581054687503 -0.98774719238281239 33.931686401367195 27.632832527160648 0 1.7132337093353274 1.9916760921478274 26.055552482604984 1.7304269671440127 2.9771814346313481 2.3593648672103886 24.404160499572757 875.68750000000011 -6.5392456054687491 0.67892742156982433 1004.5413208007814 1007.3264770507814 1002.4244689941407 38.550567626953132 2.9771814346313481 4.7351152896881112 28.666082382202152 0.70709311962127697 40.765533447265632
decision_type=2 2 2 2 2 10 2 2 2 2 9 2 2 2 10 2 10 2 2 2 2 2 2 2 2 2 2 2 2 2
left_child=3 2 11 -1 5 -4 17 18 10 -7 14 -2 -5 -14 -9 22 26 -3 -8 24 -21 -13 -16 -17 -19 -6 -10 -15 -18 -12
right_child=1 6 4 12 25 9 7 8 16 -11 29 21 13 27 15 23 28 19 -20 20 -22 -23 -24 -25 -26 -27 -28 -29 -30 -31
leaf_value=-0.04993678160882669 -0.033071060608553769 -0.0031612537837465873 0.062529259240523383 -0.025528875953383885 0.066465154431248938 0.22737433600931647 0.21715697591706051 0.039335084760231162 0.12781352290077627 0.043996867262974665 0.045661323081117616 0.085607961683921416 -0.0097439847032100083 -0.01061004702699775 0.15350096002947014 0.0076482001434264261 0.014872447136731224 0.011270921269462237 0.080590210004203744 0.19420056222201454 0.12830570709950864 0.0042208922660971577 0.026377205794583365 0.088688011180553805 0.11153055746603469 -0.010454398022654653 0.09268458533434358 0.14498895074248128 0.082729028745256505 -0.0051513136240791558
leaf_weight=9553.6851266603917 165.92031484376639 15.203529011458157 58.866580443456769 94.383875973522663 71.611771765165031 61.540837682783604 57.153347946703434 93.489489975385368 536.24292973615229 19.961531326174736 224.50780528690666 37.012466678395867 34.751680952496827 4.9087319849058977 136.04950799793005 43.90109159424901 38.05442682467401 17.810406586155295 38.854837207123637 88.453522828407586 688.61715692374855 63.248221158981323 16.048448005691171 45.417457676492631 790.0032103266567 29.705335578881204 346.25042317248881 28.113512078300118 242.50883030332625 50.381246959790587
leaf_count=1133679 15003 500 2146 7276 1371 903 973 2876 3868 280 5607 1476 1358 243 2483 735 287 507 872 773 4482 2314 290 544 4229 508 2266 597 1526 258
internal_value=-0.00480347 0.102712 0.0490785 -0.0488711 0.10688 0.145582 0.1104 0.0989224 0.0938616 0.192178 0.0692174 -0.00537349 0.0131681 0.0634119 0.091584 0.113091 0.106082 0.123108 0.174704 0.124332 0.138179 0.0393052 0.142542 0.0536366 0.109485 0.0449998 0.115223 0.124769 0.0743539 0.035257
internal_weight=13692.7 3976.81 507.867 9715.84 241.686 140.369 3468.95 1868.86 1772.85 81.5024 609.795 266.181 162.158 67.7739 334.906 241.417 1163.06 1600.09 96.0082 1584.88 777.071 100.261 152.098 89.3185 807.814 101.317 882.493 33.0222 280.563 274.889
internal_count=1200230 57077 24001 1143153 5208 3329 33076 22585 20740 1183 12793 18793 9474 2198 6928 4052 7947 10491 1845 9991 5255 3790 2773 1279 4736 1879 6134 840 1813 5865
cat_boundaries=0 29
cat_threshold=0 0 0 0 0 0 0 0 0 0 0 0 1572864 0 0 53477376 0 0 822083584 0 0 805306368 0 0 0 3 0 0 32
is_linear=0
shrinkage=0.05


Tree=7
num_leaves=31
num_cat=2
split_feature=24 18 41 29 5 43 24 14 5 13 27 38 27 24 24 10 27 43 32 28 31 19 41 24 38 31 10 41 27 32
split_gain=23438.3 342.662 274.003 219.235 195.596 179.167 141.173 104.113 69.3191 65.0022 63.4465 79.0579 103.504 79.7744 64.1718 61.8841 67.2358 58.735 57.8546 124.557 40.8928 40.5402 49.9332 211.556 122.155 148.938 110.695 45.9956 65.4982 50.2878
threshold=35.676513671875007 1.1936388015747073 29.832266807556156 0.032672882080078132 0 32.692245483398445 38.047760009765632 4.1402482986450204 1 1.8208815455436709 1011.5647583007814 1.323661804199219 1002.8060607910157 38.550567626953132 39.851104736328132 0.7346303164958955 1008.7046813964845 33.072055816650398 904.76452636718761 1002.3959350585939 60.32805252075196 1.7239002585411074 33.385446548461921 39.172882080078132 1.098777770996094 44.85815620422364 1.5942401289939883 34.27331733703614 1007.0638732910157 655.67691040039074
decision_type=2 2 2 2 9 2 2 2 9 2 2 2 2 2 2 2 2 2 2 2 2 2 2 2 2 2 2 2 2 2
left_child=5 8 6 10 15 -1 9 21 17 -3 11 12 13 -4 18 -5 20 -2 -13 -20 -17 22 24 26 -6 -26 -24 28 29 -23
right_child=1 2 3 4 7 -7 -8 -9 -10 -11 -12 14 -14 -15 -16 16 -18 -19 19 -21 -22 27 23 -25 25 -27 -28 -29 -30 -31
leaf_value=-0.049671863473963213 -0.010474544147640184 -0.032391690842888642 -0.0062624926107243033 0.045767910321109391 -0.00076234937068275473 0.056962336963045736 0.073303322884838401 -0.025629512843848179 -0.036126159266443768 0.043084145288856734 0.0095655347805955419 0.037470518187821357 0.15405546170834786 0.10465900512407998 0.1090653643475633 0.11049690026608892 0.0035565459927407342 0.08203739887235649 0.015678670090271168 0.12755175045672149 0.040062822649166455 0.0068649652587593479 0.041379433878779362 0.069467937399081553 0.097769255158031421 0.024725156314759966 0.26598909711831298 -0.020225657300076298 0.0064818826291604794 0.073293557870845072
leaf_weight=9164.8672059765086 28.786049991846085 66.615386710502207 16.459444973617792 65.669656544923782 61.151849782094359 31.710646699182689 121.38790669478476 25.402338571846485 45.753765463829041 35.537078861147165 17.113681890070438 98.832014995627105 304.09168557357043 188.67331540212035 1127.4513658322394 931.10720039810985 16.266938798129559 26.239869433455169 38.820094415917993 79.159232365898788 36.169301706366241 34.497994318604469 12.144515339285137 156.12093145027757 232.26549583300948 109.93925148900598 18.132915861904621 16.151107737794518 58.402006325311959 247.57062758505344
leaf_count=1141818 2036 5451 567 1560 2733 2024 1952 599 3384 1853 788 1459 3893 1074 5275 9400 356 430 493 902 1590 462 370 901 2188 2724 405 161 738 2348
internal_value=-0.00449873 0.0929912 0.0952167 0.0983368 0.0857332 -0.0492427 0.0390142 0.0652642 0.0017271 -0.00463455 0.111425 0.112309 0.132919 0.0958815 0.103578 0.102314 0.106621 0.0342116 0.0714948 0.0948423 0.1083 0.0686289 0.0775931 0.101526 0.0643449 0.0756709 0.208538 0.0520924 0.0560022 0.0656823
internal_weight=13412.5 4215.91 4115.13 3891.59 2020.99 9196.58 223.54 971.779 100.78 102.152 1870.6 1853.49 509.224 205.133 1344.26 1049.21 983.543 55.0259 216.811 117.979 967.277 946.377 589.755 186.398 403.357 342.205 30.2774 356.622 340.471 282.069
internal_count=1199934 56092 50242 40986 26535 1143842 9256 13629 5850 7304 14451 13663 5534 1641 8129 12906 11346 2466 2854 1395 10990 13030 9321 1676 7645 4912 775 3709 3548 2810
cat_boundaries=0 29 45
cat_threshold=0 0 0 0 0 0 0 0 0 0 0 0 1572864 0 0 19922944 0 0 150994944 0 0 268435456 0 0 0 3 0 0 32 0 0 0 0 0 0 0 0 0 98304 0 0 131072 0 0 1048576
is_linear=0
shrinkage=0.05


Tree=8
num_leaves=31
num_cat=0
split_feature=45 45 20 39 45 20 18 3 12 28 3 0 0 30 39 23 41 41 31 23 28 28 29 28 31 29 37 21 13 45
split_gain=20830.5 461.586 451.929 375.983 187.341 305.33 186.452 146.296 131.777 104.088 143.389 100.376 96.4597 95.5951 106.074 93.3283 88.733 76.7155 80.9086 70.2096 60.2852 55.2534 46.5729 43.8267 47.7692 41.7815 40.1399 36.9726 36.968 35.6465
threshold=30.969274520874027 33.415832519531257 1.4677785634994509 1.2537340521812441 30.239633560180668 2.0657478570938115 1.9753450751304629 40.908081054687507 2.2874765396118169 1002.3959350585939 94.937267303466811 25.750000000000004 32.750000000000007 854.31250000000011 0.77917775511741649 31.255496978759769 31.860639572143558 32.855102539062507 44.272418975830085 33.452064514160163 997.48718261718761 999.12780761718761 0.34144210815429693 1008.2953186035157 45.421438217163093 0.15132141113281253 -0.66294479370117176 1.8714250922203066 1.4308926463127138 35.609336853027351
decision_type=2 2 2 2 2 2 2 2 2 2 2 2 2 2 2 2 2 2 2 2 2 2 2 2 2 2 2 2 2 2
left_child=4 2 7 6 -1 -6 25 16 9 10 -8 27 19 29 -15 28 -2 18 -9 -5 -16 -19 -22 24 -11 -4 -21 -10 -7 -3
right_child=1 13 3 12 5 15 8 17 11 23 -12 -13 -14 14 20 -17 -18 21 -20 26 22 -23 -24 -25 -26 -27 -28 -29 -30 -31
leaf_value=-0.049763602919239681 0.015353077263448662 0.093683418391093648 0.058102645565883362 0.050767661743055241 -0.037001993090338588 -0.0012613946957472253 0.10859372512693065 0.023840357882314183 -0.0019531430128521556 0.11670859516257215 0.0049625423721652417 0.158863401664879 0.11128973072497311 0.033034597253726428 0.063638998418864931 -0.015860138711690602 0.11248699016102284 0.11252390071781809 -0.02902916895608686 0.037656599889019399 0.12667795023632428 -0.00045367796655552961 0.011374387317934602 0.00072590027845592002 0.035323929407059147 0.0014274857773885121 -0.020032039236529624 0.084650638164596559 0.13863995600336029 0.11177372200069902
leaf_weight=8613.5849362718873 47.939297762699425 1562.3305632285774 92.332100132480264 65.721685017459095 157.35680089984089 5.0822945744730523 44.536006744019687 107.20190595649183 16.289757693186402 219.17097675986588 88.675845733843744 175.85853728652 17.526049533858895 144.68343787640333 183.06852200441062 12.959425255656241 44.319439572282135 14.047182510606943 181.18479890562594 29.025474643334746 110.36515665519983 19.53269699215889 11.696475245989857 9.9742086604237539 31.406218253076077 48.419520618394017 125.85371245536953 35.532969050109386 34.47690287604928 912.51942062750459
leaf_count=1123237 2208 10617 2635 2134 17074 235 371 3079 212 2376 2113 1597 375 1627 1289 300 935 572 13427 311 948 1053 194 258 732 2363 1203 283 1097 3995
internal_value=-0.00452896 0.0850479 0.0607812 0.0788355 -0.0486276 -0.00186207 0.0958223 0.0163509 0.107633 0.0857812 0.0447725 0.140226 0.0227937 0.0965377 0.0715311 0.0925022 0.0684516 -0.00019073 -0.00923567 0.0112417 0.0881575 0.0617827 0.117327 0.104318 0.108255 0.039994 -0.00759259 0.0615154 0.124039 0.100777
internal_weight=13162.7 4339.21 1414.55 1000.32 8823.46 209.875 762.196 414.225 621.445 393.763 133.212 227.681 238.127 2924.66 449.814 52.5186 92.2587 321.967 288.387 220.601 305.13 33.5799 122.062 260.551 250.577 140.752 154.879 51.8227 39.5592 2474.85
internal_count=1198850 56907 38237 16963 1141943 18706 12940 21274 7942 5850 2484 2092 4023 18670 4058 1632 3143 18131 16506 3648 2431 1625 1142 3366 3108 4998 1514 495 1332 14612
is_linear=0
shrinkage=0.05


Tree=9
num_leaves=31
num_cat=3
split_feature=45 45 33 45 21 30 0 44 33 33 29 19 45 34 5 39 0 18 33 45 29 5 34 21 12 19 3 33 5 12
split_gain=18857.1 347.709 443.462 194.427 280.22 133.649 128.491 162.928 107.078 104.66 146.863 102.597 94.3328 183.733 214.114 102.911 100.411 90.3405 77.7766 72.8038 63.824 62.182 62.9881 50.0958 55.4844 53.3404 47.3779 45.3151 40.3278 39.9543
threshold=30.969274520874027 32.291427612304695 25.931712150573734 30.103632926940922 1.7258405685424807 865.06250000000011 23.250000000000004 32.691587448120124 26.055552482604984 21.652031898498539 0.48089981079101568 1.5585600733757021 35.609336853027351 -6.5392456054687491 0 1.5193521976470949 25.750000000000004 1.4718251228332522 25.931712150573734 33.415832519531257 0.44154357910156256 1 -5.0878906249999991 1.9565182924270632 2.4442042112350468 0.86554786562919628 409.29122924804693 27.632832527160648 2 1.3270649313926699
decision_type=2 2 2 2 2 2 2 2 2 2 2 2 2 2 9 2 2 2 2 2 2 9 2 2 2 2 2 2 9 2
left_child=3 2 11 -1 -5 9 -4 27 -6 10 -3 -2 13 14 19 16 28 -12 -18 -11 23 22 -13 25 -25 -7 -27 29 -15 -8
right_child=1 5 6 4 8 20 7 -9 -10 12 17 21 -14 15 -16 -17 18 -19 -20 -21 -22 -23 -24 24 -26 26 -28 -29 -30 -31
leaf_value=-0.049843304933546023 -0.030854918269385107 0.014049023321789533 0.013948576055809873 -0.03944042633306824 0.0076680720350477509 0.010599471839520038 0.018891435024160779 0.022096406766757816 0.12202502222544294 0.044113393834840094 -0.011697099327259868 0.11936612371494396 0.10120168432846532 0.021135868537077732 0.036604450893137554 0.051554434505264014 0.045824481683646223 0.2016198462028066 0.12855554519511964 0.095823924283878134 0.030176378174410479 -0.0043527543001574244 0.00013200353602525961 -0.015399852672036861 0.06516635443404499 0.087020154084257659 0.012895733963519987 0.059204665103917614 0.087639610459500542 0.14640554492442734
leaf_weight=8172.7326908190735 159.16669209627435 17.52202561032027 60.05946630332619 173.60100420285016 39.431741871871054 31.539255520328879 9.8342254403978568 59.527628139592707 36.050664674025029 110.87135489471257 4.2512131826952091 22.916526616550982 927.81288820505142 57.142218411900103 518.56310764048249 163.68824682105333 46.456364588811994 50.726797289215028 372.64994121342897 446.33479145914316 157.72180949151516 69.34648198261857 16.727240395732224 36.938999482430518 32.390122029930353 338.898302718997 27.042370213195682 46.848163861781359 562.16102059464902 117.33748847199604
leaf_count=1120045 14945 583 1997 20306 2350 847 338 646 670 1929 278 800 3914 641 4616 940 614 1135 1973 2950 2565 2411 588 396 254 4149 431 775 4672 1470
internal_value=-0.00449484 0.0784741 0.0406128 -0.0485183 -0.00479738 0.0838062 0.0820035 0.0982133 0.0701709 0.0880516 0.151075 -0.00602495 0.0861609 0.079619 0.0633409 0.0935437 0.0996077 0.185863 0.120667 0.0849953 0.0604856 0.0297818 0.0659356 0.0698785 0.0257101 0.0767625 0.0820312 0.121635 0.0836653 0.138641
internal_weight=12886.3 4464.47 561.764 8421.82 249.083 3902.71 293.607 233.548 75.4824 3278.18 72.5 268.157 3205.68 2277.87 1075.77 1202.1 1038.41 54.978 419.106 557.206 624.531 108.99 39.6438 466.809 69.3291 397.48 365.941 174.02 619.303 127.172
internal_count=1200228 56857 23970 1143371 23326 32887 5226 3229 3020 24245 1996 18744 22249 18335 9495 8840 7900 1413 2587 4879 8642 3799 1388 6077 650 5427 4580 2583 5313 1808
cat_boundaries=0 29 58 77
cat_threshold=0 0 0 0 0 0 0 0 0 16384 0 0 1835008 0 0 28311552 0 0 419430400 0 0 0 0 0 0 3 0 0 32 0 0 0 0 0 0 0 0 0 0 0 0 0 0 0 60817408 0 0 318767104 0 0 0 0 0 0 0 0 0 32 0 0 0 0 0 0 0 0 0 0 0 0 1179648 0 0 50331648 0 0 402653184
is_linear=0
shrinkage=0.05


Tree=10
num_leaves=31
num_cat=0
split_feature=45 45 1 29 24 31 44 24 27 27 29 17 12 23 45 43 27 39 19 1 38 10 14 24 20 14 27 12 38 3
split_gain=17206.1 408.546 369.688 285.57 247.685 221.735 263.536 140.782 200.215 165.192 136.645 119.39 92.1685 90.3581 83.1067 81.0043 80.5984 75.5745 87.4256 70.734 61.8469 52.51 50.1523 49.8757 82.9279 49.5971 68.2268 49.0127 45.4948 46.3177
threshold=30.969274520874027 33.415832519531257 72.750000000000014 0.048648834228515632 35.676513671875007 57.340637207031257 33.453733444213874 39.172882080078132 998.74404907226574 1003.6799621582032 0.10978698730468751 2.6060702800750737 1.7688428759574892 31.255496978759769 32.291427612304695 33.072055816650398 998.16506958007824 0.74555402994155895 1.4830961227416994 76.750000000000014 2.9771814346313481 1.5149391293525698 2.3491746187210087 39.172882080078132 1.4239019751548769 1.741387724876404 1006.6624145507814 1.6319766640663149 3.1715602874755864 203.11647796630862
decision_type=2 2 2 2 2 2 2 2 2 2 2 10 2 2 2 2 2 2 2 2 2 2 2 2 2 2 2 2 2 2
left_child=4 2 5 11 -1 6 27 8 21 -10 -9 28 -6 -14 -5 -13 -7 18 -12 -19 -8 22 -3 24 -16 26 -11 -2 29 -4
right_child=1 7 3 14 12 16 20 10 9 25 17 15 13 -15 23 -17 -18 19 -20 -21 -22 -23 -24 -25 -26 -27 -28 -29 -30 -31
leaf_value=-0.049728204697187528 0.080820682890408793 0.1223804082602199 0.0063868316527001092 -0.019577483424804653 -0.030292126861495822 0.076206624171485618 0.06433222108856948 0.087768358976641161 0.028146916172117505 0.20654312708503447 0.055446553054060356 0.13821059747524983 0.069367789856183984 -0.026353606893992437 -0.0099432510155188988 0.0025782665756933299 -0.016473211125918794 0.061117997187493681 -0.013461033418331436 0.10491492440038404 0.01002228340510118 0.2202871491582446 -6.1290917673845107e-05 -0.0065207810401557752 0.063395206425457401 0.062410754672011785 0.058428004773364954 0.13422396419078458 -0.015660770759897521 0.060657090521618807
leaf_weight=7856.3731540828012 137.07115735951811 16.304786216467622 51.906961176544428 223.2240935806185 70.119721114635468 21.933049320243299 136.92564367875457 1860.1120123472065 85.519998609088361 28.29899593628943 120.51733222790062 58.591240946669132 68.333111766725779 29.607523367740214 55.644957807846367 13.571493647992609 79.524091025348753 661.65723150596023 66.005960218608379 131.88796631991863 88.117848395369947 51.200386252254248 12.246899684891103 96.296346444636583 99.897095067426562 42.321025744080544 23.304809672757983 216.16021965863183 24.9644197197631 192.91643453529105
leaf_count=1133618 2222 273 1118 14424 5939 1022 911 8570 1765 450 799 561 2475 1089 2974 135 5164 3448 425 727 910 727 252 743 2663 696 425 2106 394 2992
internal_value=-0.0042779 0.0727695 0.0506979 0.0275112 -0.0484437 0.0777645 0.0895465 0.083231 0.120766 0.083456 0.0793938 0.0616477 0.0110243 0.0406704 0.00217528 0.116121 0.00860206 0.0627736 0.0316177 0.0696122 0.0443978 0.186062 0.0834679 0.0214678 0.0381427 0.126262 0.159995 0.116296 0.0434477 0.049853
internal_weight=12620.6 4596.12 1496.75 817.013 8024.43 679.732 578.275 3099.38 259.197 179.445 2840.18 341.951 168.06 97.9406 475.062 72.1627 101.457 980.068 186.523 793.545 225.043 79.7521 28.5517 251.838 155.542 93.9248 51.6038 353.231 269.788 244.823
internal_count=1200017 56896 38339 26004 1143121 12335 6149 18557 4588 3336 13969 5200 9503 3564 20804 696 6186 5399 1224 4175 1821 1252 525 6380 5637 1571 875 4328 4504 4110
is_linear=0
shrinkage=0.05


Tree=11
num_leaves=31
num_cat=0
split_feature=24 45 38 18 45 1 32 28 45 24 27 30 27 39 22 19 45 43 0 0 45 45 18 31 10 38 27 18 43 13
split_gain=15527.4 403.307 405.117 376.893 205.782 114.498 162.503 165.71 108.099 88.4588 132.873 110.84 103.236 77.3184 66.7899 62.4007 59.1711 68.1419 55.959 68.027 49.9406 49.8196 48.9422 45.2194 42.7558 43.4757 43.0798 40.8933 40.4696 40.3755
threshold=35.676513671875007 33.931686401367195 2.8906154632568364 1.9753450751304629 32.291427612304695 72.750000000000014 748.23367309570324 1002.5353088378907 32.291427612304695 39.172882080078132 998.16506958007824 781.56250000000011 1003.8363037109376 0.67745548486709606 1.0000000180025095e-35 1.2923638820648196 32.631086349487312 32.325010299682624 26.250000000000004 18.250000000000004 35.609336853027351 30.103632926940922 2.4127771854400639 43.670360565185554 1.5307111144065859 2.0225448608398442 1000.7731018066407 1.3286324739456179 32.692245483398445 1.7972982525825503
decision_type=2 2 2 2 2 2 2 2 2 2 2 2 2 2 2 2 2 2 2 2 2 2 2 2 2 2 2 2 2 2
left_child=4 2 3 8 28 21 -7 -8 27 10 -3 20 23 -13 15 -9 -4 -18 19 -10 -11 -5 -15 -12 26 -26 -23 -2 -1 -21
right_child=1 9 16 5 -6 6 7 14 18 11 12 13 -14 22 -16 -17 17 -19 -20 29 -22 24 -24 -25 25 -27 -28 -29 -30 -31
leaf_value=-0.049626004229039213 -0.034956571248162732 0.17666654998569903 -0.01251647716843054 -0.0054271712756264155 0.082842297188435499 0.0067244033345237337 0.011949899531186709 0.046930349018951878 -0.0041491872213131002 0.072180667144058616 0.087943148562740381 0.0076164686877451303 0.12847904971344923 0.075366792184491688 -0.0092390111129885232 0.11396998483794513 0.077740192152723958 0.012480644713249099 0.0046876371603180016 0.069047647586896091 0.091300115127924159 -0.013460059408751744 0.030200197436933057 -0.0018112231324116644 0.11524148010047092 0.062430905492233082 0.07171941308626488 0.012827940348068398 0.015952972300217534 0.01784269273052819
leaf_weight=7541.4809135510586 56.328157906420529 58.047709943726659 183.71136529091746 11.057600358501075 20.894781277514994 116.77759934822097 84.081313866656274 67.052444991655648 46.136758809909225 1176.0981309656054 9.2655712813138944 88.742919523268938 34.526016404852271 209.15823727101088 13.341931499540804 191.26516292756423 38.025835959240794 277.56146391388029 80.667674678377807 236.00590456556529 915.72471007332206 13.572672211565076 110.52847756817937 50.244524333626032 341.04665386024863 90.662003550678492 116.46600900124758 128.08753358013928 19.314498754218221 55.726000878028572
leaf_count=1141653 5244 660 6334 892 796 2044 1593 969 1625 5709 141 578 434 1045 282 1845 446 2678 2132 3826 3783 263 575 837 3082 927 1187 6031 1554 855
internal_value=-0.00443516 0.0658565 0.0493124 0.0612065 -0.0489644 0.079306 0.0586825 0.0750884 0.0290459 0.0790167 0.119244 0.0761045 0.0702239 0.0499709 0.0935123 0.0989659 0.00961696 0.0224901 0.0428224 0.0515308 0.080945 0.0950199 0.0611406 0.0228047 0.0970574 0.105815 0.0625026 -0.00281472 -0.0494376 0.0601821
internal_weight=12381.6 4799.91 2147.57 1648.28 7581.69 1045.32 472.518 355.741 602.952 2652.34 152.084 2500.25 94.0361 408.43 271.66 258.318 499.299 315.587 418.536 337.869 2091.82 572.805 319.687 59.5101 561.747 431.709 130.039 184.416 7560.8 291.732
internal_count=1200020 56017 42255 32797 1144003 13084 6733 4689 19713 13762 2072 11690 1412 2198 3096 2814 9458 3124 8438 6306 9492 6351 1620 978 5459 4009 1450 11275 1143207 4681
is_linear=0
shrinkage=0.05


Tree=12
num_leaves=31
num_cat=3
split_feature=45 45 33 38 33 45 24 0 20 33 20 43 0 27 35 22 5 30 43 38 3 0 33 5 42 43 5 38 39 13
split_gain=14433.3 301.396 293.087 278.225 217.017 210.106 206.858 203.862 106.867 96.7075 82.5077 80.1362 78.537 84.723 112.723 70.9498 70.8815 59.3746 52.1225 50.4658 49.9722 49.248 64.8883 46.4463 45.8352 44.6998 76.544 44.5103 55.506 43.5233
threshold=30.969274520874027 34.573705673217781 25.931712150573734 2.9771814346313481 22.017600059509281 32.631086349487312 35.356964111328132 23.250000000000004 1.4239019751548769 26.055552482604984 1.9916760921478274 32.692245483398445 26.250000000000004 1006.4465637207032 0.1940727233886719 0.010013580322265627 0 1.0000000180025095e-35 35.03559875488282 1.2324256896972658 70.421321868896499 28.250000000000004 26.190527915954593 1 32.353000640869148 33.913173675537116 2 1.1491403579711916 1.7420387268066408 1.8208815455436709
decision_type=2 2 2 2 2 2 2 2 2 2 2 2 2 2 2 2 9 2 2 2 2 2 2 9 2 2 9 2 2 2
left_child=6 2 5 7 -3 8 -1 17 -2 -8 -11 -9 13 14 27 18 -10 24 -14 -13 -19 -6 -23 -15 -4 -5 -27 -7 -29 -26
right_child=1 4 3 25 21 12 9 11 16 10 -12 19 15 23 -16 -17 -18 20 -20 -21 -22 22 -24 -25 29 26 -28 28 -30 -31
leaf_value=-0.049776603763181 -0.032066833441385979 0.18437677816421347 -0.0049394927124205949 0.043403209736606274 0.082609184374786981 0.034005436071364227 -0.026500404600087166 0.10615681842643475 0.066000935323679386 -0.020009552739524789 0.075882294799344371 0.088773852032675515 -0.003049293702926116 0.042829934160136605 0.012589804439200956 0.060683768467158672 0.0034567364578508408 0.05761940340950146 0.051134495908010592 0.05668457856419571 0.00052082077482727587 0.041059016035974963 0.073626054710456135 -0.018165194057244646 0.08349759878793718 -0.014615192518773457 0.042899270212478725 0.12025198995998354 -0.0029325950612128205 -0.0017332370309589803
leaf_weight=7104.5634500971064 146.30184556776658 41.618480879813433 21.019028241746128 188.38152793934569 1143.7450757119805 33.316112905740738 112.86359988292679 376.66901169903576 44.586651827208698 30.246589465532452 50.249210594687611 319.26414988283068 169.62578087951988 76.009786666370928 50.438682028092444 100.71938989963382 174.03435799991712 44.170338076539338 49.637593016028404 356.39971431158483 131.58851611055434 276.45340518839657 558.45352668315172 36.009911675006151 103.67283134441823 126.90028054546565 77.389195651747286 129.12344637606293 9.2852965295314771 16.789161844179034
leaf_count=1131006 13986 495 575 1587 5093 617 9318 3398 1359 2177 972 2314 2899 1113 1125 1888 6755 613 425 2263 2138 1456 2334 654 830 725 425 1517 117 140
internal_value=-0.00411805 0.0631308 0.0520607 0.0644239 0.0780397 0.0302636 -0.0483897 0.0750476 -0.000209644 0.00251081 0.0416211 0.0857046 0.0470102 0.0639249 0.0814392 0.0279429 0.0215794 0.0381578 0.0109124 0.0729209 0.0171997 0.0748871 0.0634561 0.025362 0.0613394 0.0264269 0.0094776 0.0998559 0.112347 0.0723964
internal_weight=12099.5 4801.6 2781.33 1762.24 2020.27 1019.09 7297.92 1369.57 364.923 193.359 80.4958 1052.33 654.166 334.183 222.164 319.983 218.621 317.24 219.263 675.664 175.759 1978.65 834.907 112.02 141.481 392.671 204.289 171.725 138.409 120.462
internal_count=1200314 56841 47463 15008 9378 32455 1143473 12271 22100 12467 3149 7975 10355 5143 3376 5212 8114 4296 3324 4577 2751 8883 3790 1767 1545 2737 1150 2251 1634 970
cat_boundaries=0 29 48 70
cat_threshold=0 0 0 0 0 0 0 0 0 0 0 0 0 0 0 48234496 0 0 50331648 0 0 0 0 0 0 4 0 0 32 0 0 0 0 0 0 2048 0 0 49152 0 0 786432 0 0 10485760 0 0 67108864 0 0 0 0 0 0 0 0 0 0 0 0 131072 0 0 6291456 0 0 369098752 0 0 805306368
is_linear=0
shrinkage=0.05


Tree=13
num_leaves=31
num_cat=2
split_feature=45 45 1 29 38 12 5 34 45 20 40 28 0 5 45 34 17 45 15 30 40 41 28 29 14 29 14 34 17 32
split_gain=13248.6 324.481 261.653 253.362 193.742 209.544 145.413 115.304 103.821 184.089 94.002 88.2204 125.627 85.1247 78.1668 109.878 75.6006 65.8562 62.611 97.8018 58.118 51.7464 68.6045 49.6783 45.3287 44.752 42.9271 40.9165 38.137 36.9028
threshold=30.763926506042484 34.573705673217781 72.750000000000014 0.23700714111328128 2.3444166183471684 2.0061000585556035 0 -8.1755065917968732 29.869463920593265 1.8974314928054812 4.2742538452148446 1002.3959350585939 31.750000000000004 1 31.686084747314457 -5.2886657714843741 2.6060702800750737 32.631086349487312 1.9922550916671755 1110.3125000000002 2.2607374191284184 32.44252014160157 1003.4715576171876 0.091564178466796889 1.8715546727180483 0.052684783935546882 3.6814069747924809 -15.375915527343748 2.4496717453002934 912.23498535156261
decision_type=2 2 2 2 2 2 9 2 2 2 2 2 2 9 2 2 10 2 10 2 2 2 2 2 2 2 2 2 10 2
left_child=8 2 4 6 5 14 -4 -8 -1 -10 16 12 -6 -5 -2 28 17 25 -3 26 -18 22 -19 -11 -23 -9 27 -20 -16 -24
right_child=1 18 3 13 11 -7 7 10 9 23 -12 -13 -14 -15 15 -17 20 21 19 -21 -22 24 29 -25 -26 -27 -28 -29 -30 -31
leaf_value=-0.04988637277889002 -0.00047120391279387982 0.081846836106571119 -0.015865725347748206 0.022007056538908252 -0.0082661135536396344 0.10761685055765402 0.0094934144474735152 0.042283494888580131 -0.042119863807872929 0.081432655140445606 -0.023696405145246655 0.056325080300557322 0.074063803721825125 -0.0287256789688171 0.050272771160898337 0.094510611780206144 0.12015952438885223 0.093854676349145627 0.026859032067814759 0.0041381886189963638 0.045889296184121312 0.046895689233172499 0.018510233710692884 -0.0027009772712913941 -0.012504320185241622 -0.0021368123842738663 0.013166035999075384 0.072392065449609799 -0.0016096708287291015 0.062579936033433023
leaf_weight=6652.5733501249924 54.592452520504594 1157.1509628854692 95.480592858977616 122.54241647338495 182.03539765113965 333.15438719140366 173.96195283718407 143.72650871332735 170.52244466356933 38.460237158928066 32.076282249297947 223.10976731963456 51.434918741695583 181.23214824683964 357.2019728878513 179.29098390275612 77.913383710198104 167.55512341298163 69.548096932470798 69.707510937005281 65.376482889987528 102.44405897241086 85.328158279880881 26.525398224126548 39.961357360705733 88.371986813377589 41.670719627290964 741.79258191585541 38.526337679475546 142.61668476182967
leaf_count=1109604 2878 5340 3350 4247 2471 3140 2503 2939 25090 1190 403 1782 688 11135 5426 1226 670 1405 291 421 673 1042 725 1656 380 3687 197 3289 563 1066
internal_value=-0.00373885 0.0579927 0.0469745 0.0321959 0.0624506 0.0752194 0.0423393 0.0471241 -0.0487277 -0.0152988 0.05437 0.0344906 0.0121687 -0.00842513 0.0566621 0.0620016 0.0573388 0.0498946 0.0732573 0.0617234 0.0914777 0.0595506 0.0690004 0.051311 0.0305003 0.0259807 0.0663267 0.0688635 0.0453065 0.0475543
internal_weight=11905.9 5017.8 2937.93 1518.59 1419.35 962.766 1214.81 1119.33 6888.08 235.508 945.37 456.58 233.47 303.775 629.612 575.019 913.294 770.004 2079.87 922.719 143.29 537.905 395.5 64.9856 142.405 232.098 853.011 811.341 395.728 227.945
internal_count=1199477 61937 52399 34225 18174 13233 18843 15493 1137540 27936 12990 4941 3159 15382 10093 7215 12587 11244 9538 4198 1343 4618 3196 2846 1422 6626 3777 3580 5989 1791
cat_boundaries=0 26 52
cat_threshold=0 0 0 128 0 0 6144 0 0 98304 0 0 0 0 0 2097152 0 0 0 0 0 2147483648 0 0 0 4 0 0 0 0 0 0 2048 0 0 16384 0 0 786432 0 0 83886080 0 0 0 0 0 536870912 0 0 0 6
is_linear=0
shrinkage=0.05


Tree=14
num_leaves=31
num_cat=4
split_feature=23 33 43 1 6 41 19 5 5 29 38 34 23 41 34 10 3 0 10 43 14 37 39 34 10 29 5 0 34 39
split_gain=11479.7 371.795 442.107 196.401 163.441 143.299 260.861 132.867 129.933 127.592 84.6217 86.7763 73.5232 73.2054 69.0547 66.6108 66.3332 63.8346 60.8009 53.2549 50.5706 57.6975 49.7295 50.293 43.5891 42.6702 39.136 37.9345 35.3991 140.923
threshold=30.378807067871097 26.190527915954593 33.072055816650398 72.750000000000014 0 29.832266807556156 2.0225017070770268 1 2 0.036392211914062507 -0.98774719238281239 -10.892242431640623 35.077987670898445 32.129577636718757 -10.680694580078123 1.7663878202438357 147.48281860351565 26.750000000000004 1.3832817077636721 33.913173675537116 2.9660547971725468 -0.98479270935058583 1.2233325242996218 -5.2886657714843741 1.3558455109596255 0.29851531982421881 3 26.750000000000004 -7.4116821289062491 2.2088080644607548
decision_type=2 2 2 2 1 2 2 9 9 2 2 2 2 2 2 2 2 2 2 2 2 2 2 2 2 2 9 2 2 2
left_child=5 2 4 -3 8 -1 -7 19 15 16 11 24 -11 -6 -15 -2 -5 -8 -12 22 21 -20 23 25 -9 -4 -10 -17 29 -18
right_child=1 3 7 9 13 6 17 10 26 12 18 -13 -14 14 -16 27 28 -19 20 -21 -22 -23 -24 -25 -26 -27 -28 -29 -30 -31
leaf_value=-0.04950803401127124 0.029184587030595496 0.071789305467910389 0.08703504713482467 -0.014161306922927325 -0.045372217730122823 -0.033993582540320394 0.0035137942125674721 0.031270377631841727 0.0095125460941014039 0.0030342959262736752 -0.0077011093794446157 -0.017655881348385354 0.046814863829175629 0.083173768184538158 -0.02931281052025278 0.11805000706220259 0.00099289089247114447 0.14047099432970236 0.078332194982103809 0.075171551051743807 0.0052356215233825866 0.030961295909660475 -0.01152833476702286 -0.0077950180564251821 0.13519705092019527 0.014381512850205672 -0.029804854107694491 -0.00705884844808349 0.067396815776985475 0.081825522119946689
leaf_weight=6260.6933205551468 95.167918622959405 2023.4693465125747 68.455624548718333 27.972988187801093 195.66458383761346 150.31768263597041 12.31192109826952 22.615387666970491 178.91504063596949 236.66519714007154 104.05050041712821 14.801965883467345 152.96829143166542 15.6052707452327 21.278870372101665 38.51489632204175 115.13132011285052 21.939299556426704 79.469046649057418 522.51427972037345 128.9554329183884 351.16336334776133 35.527832932304591 26.025642707943916 35.994480075314641 33.373265942558646 73.258116459008306 5.6823018048889926 513.11919799912721 91.830236823763698
leaf_count=1096592 2583 11430 878 441 25335 21731 773 222 5716 3382 1339 291 684 820 1143 1260 789 544 1002 3902 2007 3353 643 411 363 1007 7038 214 3804 407
internal_value=-0.00365277 0.0514988 0.034611 0.062291 -0.000505028 -0.0482296 -0.00454763 0.0499086 0.0189494 0.0449192 0.0328114 0.081527 0.0209637 -0.0321468 0.0258683 0.0545023 0.0569556 0.10316 0.0267793 0.0661236 0.0332133 0.0412825 0.0383342 0.0520211 0.105498 0.066639 -0.00326026 0.103631 0.0598744 0.0389772
internal_weight=11653.5 5208.19 2047.03 3161.16 624.087 6445.26 184.569 1422.95 391.538 1137.69 737.05 73.4118 389.633 232.549 36.8841 139.365 748.054 34.2512 663.638 685.897 559.588 430.632 163.382 127.855 58.6099 101.829 252.173 44.1972 720.081 206.962
internal_count=1200104 80464 59527 20937 44109 1119640 23048 15418 16811 9507 8577 876 4066 27298 1963 4057 5441 1317 7701 6841 6362 4355 2939 2296 585 1885 12754 1474 5000 1196
cat_boundaries=0 1 27 46 72
cat_threshold=2 0 0 0 0 0 0 2048 0 0 49152 0 0 3932160 0 0 17825792 0 0 150994944 0 0 2147483648 0 0 0 7 0 0 0 0 0 0 0 0 0 0 0 0 0 0 0 49283072 0 0 989855744 0 0 0 64 0 0 0 0 0 16384 0 0 18350080 0 0 620756992 0 0 67108864 0 0 1879048192 0 0 0 6
is_linear=0
shrinkage=0.05


Tree=15
num_leaves=31
num_cat=1
split_feature=42 31 1 6 39 41 41 41 19 18 12 32 26 31 30 10 39 13 41 26 41 34 3 14 12 0 29 0 34 40
split_gain=10720.8 434.034 199.525 192.356 158.303 152.888 134.395 128.646 262.03 114.337 87.1954 81.6426 85.3777 78.0853 84.6072 70.7888 88.6215 62.7375 58.3309 53.2046 87.8159 53.3183 49.7782 69.0618 102.397 66.9555 61.6898 49.4691 109.858 101.309
threshold=30.378807067871097 60.32805252075196 72.250000000000014 0 2.1422837972640996 31.860639572143558 29.964744567871097 29.544124603271488 2.0225017070770268 2.4127771854400639 2.3246539831161503 652.55670166015636 6.5159151554107675 49.803199768066413 168.06250000000003 1.7129685878753664 1.4954798817634585 2.3709863424301152 31.606880187988285 3.7837061882019047 31.374303817749027 -5.6639709472656241 415.48591613769537 2.0019258260726933 1.8124973177909853 17.250000000000004 0.29323959350585943 26.750000000000004 -11.871856689453123 2.4685573577880864
decision_type=2 2 2 1 2 2 2 2 2 2 2 2 2 2 2 2 2 2 2 2 2 2 2 2 2 2 2 2 2 2
left_child=7 2 13 4 6 -3 -4 -1 -9 -5 -7 -8 22 19 -15 -11 -17 -10 -16 -2 -21 -22 26 24 25 -24 -13 29 -29 -20
right_child=1 5 3 9 -6 10 11 8 17 15 -12 12 -14 14 18 16 -18 -19 27 20 21 -23 23 -25 -26 -27 -28 28 -30 -31
leaf_value=-0.049679565221766003 0.080740109882772804 -0.038269416092783295 -0.0091288086326720436 -0.041360640684406202 0.087632136959243184 0.010453359171683815 0.017293805796603706 -0.035735078399812208 0.0073061919971437453 -0.03316797474006089 0.12228808478999087 0.061133080232989169 -0.0051314704977434948 -0.016094771120763983 0.0017106076681774449 0.071329962548286052 -0.0048463079805394936 0.13221947532898154 0.096794392746966232 0.017348388132514905 0.055508942553718382 0.079280920503181404 -0.014473508775925507 0.008187367135454789 -0.00082396665449996169 0.073616190025956291 0.011218069294470162 0.067293749739972389 -0.003361189165968408 0.0006373656658552366
leaf_weight=5907.7491036951542 592.30159219307825 180.67466736119241 118.02842064574361 92.830790689215064 212.13562147971243 73.384329214226454 243.28209983184934 197.13241625903174 16.204426777083427 34.906842553988099 13.821585475001482 995.92548823403195 67.17139870673418 50.6747518600896 56.563924885820597 79.94885660847649 64.256630586925894 23.097560797352344 127.19948761537671 118.50408921251073 900.16434153076261 455.23278038669378 20.58813678054139 152.39649470802397 76.003742358647287 212.5148279084824 71.330209357198328 120.58584239380434 93.494234593119472 34.391713297460228
leaf_count=1087517 3737 24758 4503 5697 977 3203 3423 30830 918 394 562 9278 477 1098 1628 833 774 708 944 1470 4244 2016 698 1492 1206 2562 1740 784 1326 242
internal_value=-0.00341617 0.0489414 0.0522656 0.0416917 0.0465366 -0.0126395 0.0418962 -0.0482315 -0.0115012 0.00107405 0.0389353 0.0452023 0.0493224 0.0621899 0.0423718 0.0241481 0.0392734 0.0926453 0.0494353 0.0665954 0.0604054 0.0640153 0.0517329 0.0364721 0.0497235 0.0655606 0.0579321 0.0563905 0.037664 0.077559
internal_weight=11402.5 5258.31 4990.43 2441.32 2169.38 267.881 1957.24 6144.18 236.434 271.943 87.2059 1839.21 1595.93 2549.11 482.91 179.112 144.205 39.302 432.235 2066.2 1473.9 1355.4 1528.76 461.503 309.107 233.103 1067.26 375.671 214.08 161.591
internal_count=1200039 80066 51543 34054 26356 28523 25379 1119973 32456 7698 3765 20876 17453 17489 6022 2001 1607 1626 4924 11467 7730 6260 16976 5958 4466 3260 11018 3296 2110 1186
cat_boundaries=0 1
cat_threshold=2
is_linear=0
shrinkage=0.05


Tree=16
num_leaves=31
num_cat=1
split_feature=24 1 33 12 6 23 31 17 27 33 32 1 43 29 26 32 20 31 27 39 27 1 12 24 12 37 43 11 43 14
split_gain=10427.6 215.761 176.914 206.489 173.503 143.006 178.173 177.269 104.147 96.3121 75.9005 75.842 73.7669 70.8395 67.8903 61.695 61.6701 59.159 66.7762 66.1388 48.2517 50.7156 47.9047 46.021 76.2421 50.084 48.7567 46.0092 44.8705 99.2215
threshold=35.083175659179695 72.750000000000014 26.328000068664554 1.4661945700645449 0 33.893035888671882 26.398345947265629 2.5725673437118535 997.44830322265636 23.194560050964359 860.41809082031261 74.250000000000014 31.686017036437992 0.078243255615234389 4.2761898040771493 446.42411804199224 1.6637099385261538 42.440246582031257 999.26361083984386 1.3921443819999697 1004.6693115234376 80.250000000000014 1.5623558163642886 39.172882080078132 1.5788132548332217 -1.7301902770996092 31.993626594543461 1.8544736504554751 35.03559875488282 1.9869512915611269
decision_type=2 2 2 2 1 2 2 10 2 2 2 2 2 2 2 2 2 2 2 2 2 2 2 2 2 2 2 2 2 2
left_child=12 2 3 8 5 7 14 10 9 -2 -3 17 -1 -9 27 -8 -12 -6 19 22 -18 -22 -19 24 26 -25 -4 -7 29 -17
right_child=1 4 23 -5 11 6 15 13 -10 -11 16 -13 -14 -15 -16 28 20 18 -20 -21 21 -23 -24 25 -26 -27 -28 -29 -30 -31
leaf_value=-0.049612223983536236 0.10267167599169369 -0.0049636087083371853 -0.0053075176073902573 0.057617246278514549 -0.03962772235836845 0.05697212824803502 -0.015923262309029924 0.0855315295862287 -0.0072334577810014376 0.013294459491717729 0.0034217511996410491 -0.045129152444840788 0.013642055767112696 0.014397701848101928 -0.0013593955809213642 0.076521056294659079 -0.0087790493767677877 -0.013734855462357975 -0.024731924900314367 0.0018409456221902402 0.055356171385846642 -0.019315987374455262 0.11124743479240964 0.022160186124549962 0.11338124693142403 0.063486184406164034 0.069027332918401532 -0.006628850411898213 0.082282310932674879 0.029626359976070629
leaf_weight=5845.3782361061312 38.65623199660331 304.56549401162192 30.359079814050347 552.2347843805328 29.789587426930666 119.24498241022229 19.805155579000711 136.80899406503886 273.72710376838222 88.792232797015458 178.25689366227016 75.072035919874907 42.582696448545903 52.035898745059967 176.09946381300688 244.06042134203017 39.249957224354148 6.8410832216031841 31.273437416180968 35.398322034161538 227.35718849953264 20.260444744024426 33.542457493487746 90.980229292064905 131.7860892820172 1702.1964429300278 59.418142390903085 33.970138106495142 325.17186570167542 239.82565374486148
leaf_count=1129972 545 10655 1276 6377 302 569 123 1208 7787 544 6632 6082 4273 1217 949 1514 699 186 1504 297 3064 668 469 408 1781 7380 901 169 1476 1443
internal_value=-0.00338176 0.0474719 0.0564925 0.0380431 0.0357816 0.0399775 0.0520173 0.025456 0.0103525 0.0459009 0.0143712 -0.00750492 -0.0491324 0.0676405 0.0200961 0.0643091 0.0268697 0.014292 0.0313995 0.0547465 0.0408341 0.0487338 0.0915513 0.064992 0.0891913 0.061524 0.0458776 0.0433286 0.0664435 0.0543494
internal_weight=11184.7 5296.78 2968.15 953.41 2328.63 2116.71 1158.18 958.535 401.176 127.448 769.69 211.917 5887.96 188.845 329.315 828.863 465.124 136.845 107.055 75.7819 286.868 247.618 40.3835 2014.74 221.563 1793.18 89.7772 153.215 809.058 483.886
internal_count=1200470 66225 26999 15253 39226 30386 6243 24143 8876 1089 21718 8840 1134245 2425 1687 4556 11063 2758 2456 952 4431 3732 655 11746 3958 7788 2177 738 4433 2957
cat_boundaries=0 1
cat_threshold=2
is_linear=0
shrinkage=0.05


Tree=17
num_leaves=31
num_cat=4
split_feature=24 33 5 42 5 41 34 5 32 29 32 27 27 33 12 37 24 14 29 27 5 28 41 29 3 44 11 24 17 21
split_gain=9537.75 182.796 169.411 132.018 123.863 82.4985 82.4956 82.2373 67.7549 72.5653 78.407 61.8982 59.1152 87.7732 80.4601 58.0386 57.7725 54.2177 46.8645 63.7693 76.7567 61.4793 49.1536 45.8125 44.7829 44.0197 49.7622 41.238 169.286 49.3364
threshold=35.356964111328132 26.190527915954593 0 34.414058685302741 1 32.855102539062507 -5.8280029296874991 2 799.03088378906261 0.029220581054687503 1420.1102294921877 997.44830322265636 998.74404907226574 23.053248405456547 1.9546526670455935 -1.8058586120605467 39.851104736328132 2.5427390336990361 0.2146720886230469 1006.8010253906251 3 1000.2509155273439 32.855102539062507 0.0023384094238281254 469.49848937988287 33.058410644531257 1.3130950927734377 33.806060791015632 2.5411689281463627 1.7258405685424807
decision_type=2 2 9 2 9 2 2 9 2 2 2 2 2 2 2 2 2 2 2 2 9 2 2 2 2 2 2 2 10 2
left_child=5 3 6 7 11 27 15 12 -4 -10 -11 16 14 -14 -2 -3 -5 -18 19 21 -21 -15 23 -23 -25 26 -22 -1 -29 -30
right_child=1 2 8 4 -6 -7 -8 -9 9 10 -12 -13 13 18 -16 -17 17 -19 -20 20 25 22 -24 24 -26 -27 -28 28 29 -31
leaf_value=-0.049945746513871458 0.025486125334531585 0.013351112917405171 0.015165296278362932 0.085056646900048855 0.061258413418217077 0.033982237630176666 0.077100422958598411 -0.0090122785491422632 0.05328129430123079 0.039770986763483805 -0.0058462965804356578 0.0071924959738743051 -0.013725683643896862 0.013156040655934601 0.11698909300277027 0.056730817571000951 0.047728791679226931 -0.0070387523627257588 0.0061602512193207962 -0.028677627640057921 -0.0058078487018175182 -0.0046584263822470554 -0.0112928961324024 0.096621634196039738 0.010807233171300872 4.9344836377897211e-05 0.10057474401588956 -0.04224296379564621 -0.0076924702122325855 0.12392247599299998
leaf_weight=5436.5182332769036 76.54783193115145 90.816443996038288 283.56075423164293 52.960117659531534 546.57028089277446 23.483290653675795 694.87676189607009 202.30750971427187 697.01890188036487 305.33880759263411 131.00448011327535 256.05845055449754 142.02306114137173 72.907254545483738 31.278962852898985 1064.0622805831954 103.95793329365551 71.09279335103929 157.19582813605666 57.707843387965113 13.855724235530941 14.343127039726822 14.566105605568735 120.1384727852419 20.287349822930992 36.296893251128495 28.983696775045246 163.41837615519762 8.7730730762705225 12.639156784396617
leaf_count=1105001 1989 535 3091 422 3260 2251 3543 10529 4992 2889 1251 2009 7444 1362 682 5520 447 371 4157 1563 751 266 265 2117 439 343 1010 29359 1281 1613
internal_value=-0.00357532 0.0446473 0.0520236 0.0325155 0.0450149 -0.0487295 0.0623743 0.0191622 0.0374688 0.0431953 0.0262511 0.0240782 0.0262187 0.0204863 0.0597059 0.0534635 0.0429538 0.0263078 0.029632 0.0389565 0.0105965 0.053922 0.0697615 0.0776124 0.0857666 0.0381748 0.0715796 -0.0491348 -0.0239419 0.0847151
internal_weight=10930.6 5285.76 3266.68 2019.08 1030.64 5644.83 1849.76 988.44 1416.92 1133.36 436.343 484.069 786.132 678.305 107.827 1154.88 228.011 175.051 536.282 379.086 136.844 242.242 169.335 154.769 140.426 79.1363 42.8394 5621.35 184.831 21.4122
internal_count=1200752 61247 21821 39426 6509 1139505 9598 32917 12223 9132 4140 3249 22388 19717 2671 6055 1240 818 12273 8116 3667 4449 3087 2822 2556 2104 1761 1137254 32253 2894
cat_boundaries=0 32 61 90 112
cat_threshold=0 0 0 0 0 0 0 0 0 0 0 0 0 0 0 0 0 0 50331648 0 0 1879048192 0 0 0 0 0 0 32 0 0 256 0 0 0 0 0 0 0 0 0 65536 0 0 0 0 0 40894464 0 0 838860800 0 0 1879048192 0 0 0 0 0 0 32 0 0 0 0 0 0 0 0 0 16384 0 0 1572864 0 0 133169152 0 0 989855744 0 0 805306368 0 0 0 3 0 0 32 0 0 0 0 0 0 0 0 0 0 0 0 1048576 0 0 58720256 0 0 838860800 0 0 268435456
is_linear=0
shrinkage=0.05


Tree=18
num_leaves=31
num_cat=1
split_feature=44 31 1 6 39 12 30 18 32 27 25 1 10 39 30 44 12 40 27 1 18 27 37 1 31 31 0 29 10 10
split_gain=8626.19 349.884 171.409 151.093 159.906 106.074 106.974 97.9714 79.6092 97.103 81.7085 66.0672 58.8667 85.5431 58.0956 102.693 83.2157 54.5892 51.9058 54.1399 50.3698 49.0268 47.6185 46.5613 49.8841 45.3772 56.9544 51.5754 48.5685 43.6076
threshold=30.234552383422855 63.440315246582038 72.250000000000014 0 2.1422837972640996 2.0905809402465825 896.18750000000011 2.4127771854400639 776.94342041015636 1005.1424255371095 3.9690071344375615 79.250000000000014 1.6108165979385378 1.4735785722732546 34.062500000000007 33.897922515869148 1.6691407561302187 3.3669685125350957 998.74404907226574 73.750000000000014 2.3971341848373418 1010.0310058593751 1.1659431457519533 80.250000000000014 22.905179977416996 50.812690734863288 27.250000000000004 0.51929092407226574 2.7708845138549809 2.2079536914825444
decision_type=2 2 2 1 2 2 2 2 2 2 2 2 2 2 2 2 2 2 2 2 2 2 2 2 2 2 2 2 2 2
left_child=-1 2 5 4 8 6 21 -5 9 11 14 29 -9 -14 23 -16 -17 -12 19 -3 -11 25 -8 24 -10 28 -27 -28 -2 -4
right_child=1 18 3 7 -6 -7 22 12 10 20 17 -13 13 -15 15 16 -18 -19 -20 -21 -22 -23 -24 -25 -26 26 27 -29 -30 -31
leaf_value=-0.048953153882906997 0.061294205774881219 0.051024608636518615 -0.013269409765079693 -0.037874034230321811 0.079551027026635829 0.067200178535245389 0.025355064511146615 -0.034026304186124672 0.025885325476666193 -0.015324738481867493 0.030683239511170392 0.078972673538166852 0.061954720470992243 -0.0083640668126618318 0.0086572222275755652 0.070180425691288725 0.019995451064937678 -0.018002930887194148 -0.040785692932357037 -0.034441331987435063 0.025317898894814225 -0.016681393696901706 -0.029005592839103891 -0.0057039969728128201 0.061992286453747714 0.049777844675933942 -0.029557845556159808 0.033718529640668134 0.034026394717282013 0.047819430568565038
leaf_weight=5269.7777525200509 949.54423718340695 31.264897983055562 55.392042258288711 102.61285935714841 206.97986071417108 843.09420046117157 297.94225920597091 32.753690328914672 138.62128371046856 208.69563195295632 122.72050463827327 69.914582307450473 91.409131614957005 71.709206519648433 285.59365547029302 196.14134618453681 155.91399444732815 92.914249037858099 134.67277583573014 24.409054609481245 107.04714556457475 22.338966963347048 37.855472243390977 30.550099371932447 587.13080396968871 148.4386522336863 53.871202042326331 55.012084301095456 250.73492323514074 44.873790695797652
leaf_count=1115558 4969 1460 955 7475 965 4882 3182 420 808 5926 1255 1234 1051 904 8647 1113 872 601 21365 3304 895 521 373 565 4936 2185 1163 852 1533 470
internal_value=-0.00338678 0.0406805 0.043095 0.0337101 0.0379493 0.0521148 0.0447806 -0.000378355 0.0336621 0.0154849 0.0390201 0.0447739 0.0201319 0.0323441 0.0434324 0.0314115 0.0491213 0.00983686 -0.0248576 0.0140152 -0.00119133 0.0505644 0.0185652 0.0530252 0.0555413 0.0517016 0.0306408 0.00255895 0.0559262 0.015928
internal_weight=10719.9 5450.15 5259.81 2600.97 2302.49 2658.83 1815.74 298.485 2095.51 485.923 1609.59 170.18 195.872 163.118 1393.95 637.649 352.055 215.635 190.347 55.674 315.743 1479.94 335.798 756.302 725.752 1457.6 257.322 108.883 1200.28 100.266
internal_count=1200439 84881 58752 39092 29242 19660 14778 9850 28277 9480 18797 2659 2375 1955 16941 10632 1985 1856 26129 4764 6821 11223 3555 6309 5744 10702 4200 2015 6502 1425
cat_boundaries=0 1
cat_threshold=2
is_linear=0
shrinkage=0.05


Tree=19
num_leaves=31
num_cat=0
split_feature=24 33 43 1 0 34 35 33 39 34 43 26 33 39 41 41 24 25 17 17 12 3 41 34 12 18 39 43 31 24
split_gain=8267.52 175.01 173.606 149.185 78.1327 95.8301 98.9631 92.0606 77.3114 111.92 66.2901 66.2532 77.9137 65.3956 61.9893 58.3497 54.0235 70.6533 53.3352 48.2025 47.245 51.7887 46.4863 43.6726 65.841 43.7158 41.6091 41.0724 39.2824 38.3153
threshold=35.083175659179695 26.328000068664554 34.435461044311531 72.750000000000014 26.250000000000004 -4.9581604003906241 0.1940727233886719 26.055552482604984 2.2932978868484502 -5.7439575195312491 31.686017036437992 3.9486824274063115 22.017600059509281 1.058298707008362 32.855102539062507 28.6026725769043 39.851104736328132 4.6861255168914804 1.5412913560867312 2.7189867496490483 1.7688428759574892 213.34261322021487 30.250887870788578 -10.892242431640623 2.0061000585556035 2.4127771854400639 0.69913288950920116 32.325010299682624 41.780830383300788 36.745758056640632
decision_type=2 2 2 2 2 2 2 2 2 2 2 2 2 2 2 2 2 2 10 10 2 2 2 2 2 2 2 2 2 2
left_child=10 2 4 15 5 6 18 23 9 16 -1 -4 14 -7 -13 -3 -5 -18 -2 22 29 -22 -11 24 -6 -26 -14 -9 -24 -20
right_child=1 3 11 8 7 13 -8 27 -10 19 -12 12 26 -15 -16 -17 17 -19 20 -21 21 -23 28 -25 25 -27 -28 -29 -30 -31
leaf_value=-0.049484319591825116 0.024270592724653768 -0.015977292977792639 0.061794026354241444 -0.011107605036262286 -0.015570560954093038 -0.017161888444793005 -0.0021965732140295994 0.067444956131773398 0.070431006744606922 -0.015453758891932817 0.011044180242440561 0.0068722743710839477 -0.003980232054168825 0.041754008053056832 0.10551191866822605 0.056564422640506332 0.032776460603694157 -0.038202117820863815 -0.0011691173371794097 0.075573339149603957 0.07921769847266312 0.0055218112839434987 0.042553128222473514 -0.01631836234571241 0.0054893762116910091 0.099496581721598504 0.032319508768812802 -0.0046626014461883117 -0.019714792337667167 0.090052577759836702
leaf_weight=5049.7130500068888 147.09488714486361 24.142211753875017 357.69798970595002 191.41659699147567 55.668715829961002 161.78797188354656 114.51351654948667 57.009688335936517 113.64735495159402 37.542093891650438 42.299716998357326 23.443711114581674 91.738374443724751 54.898074333555996 51.74288328923285 1998.3366714473814 233.23867688328028 32.36204020678997 12.250465095508842 88.846260760910809 28.148829869460315 68.003549756482244 413.18472418002784 342.82917358307168 22.957125533837825 20.359670527745038 477.96868288610131 26.257846733555198 21.350854670628905 131.89444007258862
leaf_count=1129698 3718 879 2417 2468 1976 8457 5365 652 555 1017 4293 527 560 2400 481 10861 1054 153 955 457 291 868 3023 11129 736 210 2628 228 473 1528
internal_value=-0.00330248 0.03976 0.0288572 0.0474091 0.0161744 0.0267716 0.0385696 0.00144261 0.0323678 0.0274745 -0.0489608 0.0442745 0.0337618 -0.0010519 0.0791726 0.0556241 0.00881536 0.0230558 0.0503722 0.0422564 0.0647419 0.0325267 0.0345485 -0.00792027 0.0199944 0.0600486 0.0265064 0.0466444 0.0391189 0.082727
internal_weight=10492.3 5400.33 2246.27 3154.07 1243.67 718.592 501.906 525.082 1131.59 1017.94 5092.01 1002.59 644.894 216.686 75.1866 2022.48 457.017 265.601 387.392 560.924 240.297 96.1524 472.078 441.815 98.9855 43.3168 569.707 83.2675 434.536 144.145
internal_count=1200057 66066 45126 20940 38513 23582 12725 14931 9200 8645 1133991 6613 4196 10857 1008 11740 3675 1207 7360 4970 3642 1159 4513 14051 2922 946 3188 880 3496 2483
is_linear=0
shrinkage=0.05


Tree=20
num_leaves=31
num_cat=4
split_feature=45 45 18 39 12 5 24 5 45 14 15 39 36 24 13 35 18 24 5 41 29 31 6 31 15 29 12 39 31 10
split_gain=7764 311.146 164.113 148.784 144.257 251.542 114.41 87.6902 85.4135 65.747 60.6999 87.7976 55.5206 49.8727 48.418 48.3308 43.2645 57.4905 40.8803 40.8143 40.1661 39.5984 37.0228 36.1903 35.5874 32.7824 31.5161 31.2561 31.1039 33.5067
threshold=30.397805213928226 34.573705673217781 1.2976343631744387 1.3551512956619265 2.1836484670639043 0 38.550567626953132 1 32.631086349487312 2.4042958021163945 2.0526560544967656 0.83039772510528576 8.5387229919433612 35.356964111328132 1.074997663497925 0.33426284790039068 1.9674940109252932 37.140670776367195 2 31.606880187988285 0.011745452880859377 33.534606933593757 3 41.158039093017585 2.7502080202102666 0.67850112915039074 0.78564608097076427 1.5441515445709231 37.798444747924812 1.5149391293525698
decision_type=2 2 2 2 2 9 2 9 2 2 10 2 2 2 2 2 2 2 9 2 2 2 1 2 10 2 2 2 2 2
left_child=13 2 8 4 6 23 12 27 -2 -7 -3 20 14 -1 19 -8 -11 -18 -15 -4 -12 -16 -13 -6 -23 -24 -21 -5 -22 -30
right_child=1 10 3 7 5 9 15 -9 -10 16 11 22 -14 18 21 -17 17 -19 -20 26 28 24 25 -25 -26 -27 -28 -29 29 -31
leaf_value=-0.049606403674382078 -0.038167998584760894 0.060792602119113394 -0.025115050290377989 0.012346020882800802 -0.029798386150661715 0.039128625083883192 0.040682724389206393 0.033250815914884685 0.018783178905737961 0.007646784404408781 0.041364057617804519 0.058087532473249708 -0.033494823914187864 0.034825374452176608 -0.0025847339462404481 -0.0015306152799245765 0.13836559016250313 0.072447678910940019 -0.026855851871237471 0.042627264363731938 -0.036016485838506855 0.042093675184009999 0.018302813926764718 0.028802926001308723 -0.025656390781370348 0.064905211713712982 -0.006773668449080038 -0.015732852357474209 -0.027219575554764914 0.039039456465613132
leaf_weight=4763.1963695469312 124.85997647186741 1214.213502060622 98.1114506511949 152.04304693685845 85.659465203993022 176.20425444468856 1074.757772856392 219.70356966368854 119.9148171171546 22.396325287409127 47.974719397723675 477.50547438487411 54.309736802242696 19.167290941346437 80.8934844750911 71.567899337038398 45.4009900232777 374.86656177975237 73.814493397716433 51.050643180962652 48.169457972049713 231.51802595937625 202.63561617583036 27.432479291688651 14.557106608990578 41.284390930086374 63.580356454942375 247.25280846795067 22.903425931930542 37.579244371503592
leaf_count=1121019 15362 5522 5435 1957 1031 1818 6521 3067 1890 951 202 2039 4512 1090 1347 651 627 1964 6811 1550 214 6715 935 911 494 207 1740 3177 152 191
internal_value=-0.00301723 0.0380402 0.0284118 0.0315272 0.0370026 0.0556763 0.0288755 0.00941751 -0.0106255 0.0674348 0.0531842 0.0420968 0.0108211 -0.048896 0.0158086 0.0380568 0.0790786 0.082619 -0.01122 -0.00274403 0.00759098 0.0276032 0.0493821 -0.0133166 0.0372404 0.0273585 0.0168819 -0.00488136 -0.00955068 0.0136466
internal_weight=10284.5 5428.35 3336.08 3091.31 2472.31 731.96 1740.35 618.999 244.775 618.868 2092.27 878.052 594.021 4856.18 539.711 1146.33 442.664 420.268 92.9818 212.742 156.627 326.969 721.425 113.092 246.075 243.92 114.631 399.296 108.652 60.4827
internal_count=1200102 71182 61720 44468 36267 7302 28965 8201 17252 5360 9462 3940 21793 1128920 17281 7172 3542 2591 7901 8725 759 8556 3181 1942 7209 1142 3290 5134 557 343
cat_boundaries=0 26 58 87 88
cat_threshold=0 0 0 0 0 0 2048 0 0 0 0 0 1835008 0 0 25165824 0 0 134217728 0 0 2147483648 0 0 0 4 0 0 0 0 0 0 0 0 0 0 0 0 1048576 0 0 6291456 0 0 117440512 0 0 1879048192 0 0 0 1 0 0 0 0 0 256 0 0 0 0 0 0 0 0 0 0 0 0 0 0 0 1048576 0 0 0 0 0 1610612736 0 0 0 0 0 0 32 2
is_linear=0
shrinkage=0.05


Tree=21
num_leaves=31
num_cat=4
split_feature=45 45 45 20 38 38 36 28 24 10 12 5 45 13 13 5 28 5 24 1 5 30 15 40 20 10 24 43 14 15
split_gain=7318.49 252.187 154.883 181.633 111.662 107.038 129.685 84.0685 70.1979 64.8637 78.5337 62.8967 75.3018 60.286 57.2013 55.0994 54.8255 52.6896 47.2926 47.1829 45.9699 41.5109 63.7479 47.7395 40.0386 47.1582 46.9029 42.817 36.9641 36.4494
threshold=30.579085350036625 35.609336853027351 31.984869956970218 1.8795478343963625 1.7122440338134768 3.505244374275208 1.0371208190917971 997.00906372070324 34.604522705078132 1.578851640224457 2.0061000585556035 0 33.931686401367195 1.8458912968635561 2.2853788137435918 1 1003.256561279297 2 38.550567626953132 79.250000000000014 3 854.31250000000011 1.7412955760955813 3.4564924240112309 1.4677785634994509 0.78021854162216198 37.582305908203132 36.12794494628907 2.9053511619567876 2.7502080202102666
decision_type=2 2 2 2 2 2 2 2 2 2 2 9 2 2 2 9 2 9 2 2 9 2 10 2 2 2 2 2 2 10
left_child=8 2 3 20 14 6 15 -7 -1 17 -11 12 -9 -10 -5 24 -17 -8 -12 -18 -2 -3 -23 -24 25 -4 -26 -28 -27 -13
right_child=1 21 5 4 -6 7 9 11 13 10 18 29 -14 -15 -16 16 19 -19 -20 -21 -22 22 23 -25 26 28 27 -29 -30 -31
leaf_value=-0.04970609709141139 0.015220180418784668 0.062511850648206496 -0.0012442944876209067 0.030254025169531323 -0.011928418750608086 -0.019271805135473531 0.024071229360065213 -0.019420103539380385 -0.036453755175608914 0.0086137540953135517 0.088758755571848189 0.054799694789238178 0.026366503698358853 0.024198848444255426 0.085570542875408412 0.022818365857855061 0.04940875377557416 -0.01549440246781973 0.033070400789857173 -0.012169913917936794 -0.031137980429950442 0.05851124252849093 -0.035888110094305946 0.032232125974836781 0.11245721632421973 0.050792861291521801 0.058695524906497501 0.00094797512792792909 -0.0041711036939885123 -0.00054143513796433478
leaf_weight=4513.5875270674005 59.011952777858824 929.97295983508229 61.731700924690813 150.77132258331403 94.974235562141985 121.53635182604194 130.30190234817564 125.5640153917484 100.95171590195969 178.76796004222706 62.082155284006149 193.23300215601921 261.365209992975 56.335129177663475 73.535022913943976 535.06851904792711 525.896187776234 171.56182629987597 127.95084201637655 29.273249467369169 219.68691610638052 97.689709436148405 38.546651232987642 44.699137225747108 41.621580995619297 321.3967437739484 717.91024622134864 33.926028165966272 32.098902264609933 34.628265462815762
leaf_count=1116221 3209 4018 1064 2280 1542 865 2305 1139 14446 2717 1252 1324 1266 3277 780 4401 3572 3932 805 524 20557 419 195 190 607 2788 3771 161 285 235
internal_value=-0.0027532 0.0367744 0.031158 0.00740017 0.0326771 0.0349613 0.0392044 0.017553 -0.048557 0.0194454 0.0332259 0.0250248 0.0111132 -0.014582 0.0512667 0.0448595 0.034621 0.00208365 0.054791 0.0460039 -0.0216862 0.0580612 0.03311 0.000223301 0.0530158 0.0389621 0.0604536 0.0561364 0.0458245 0.0448353
internal_weight=10085.7 5414.8 4303.89 597.979 319.281 3705.91 2969.59 736.327 4670.87 670.665 368.801 614.79 386.929 157.287 224.306 2298.92 1090.24 301.864 190.033 555.169 278.699 1110.91 180.935 83.2458 1208.69 415.227 793.458 751.836 353.496 227.861
internal_count=1200147 66203 61381 28368 4602 33013 28184 4829 1133944 11011 4774 3964 2405 17723 3060 17173 8497 6237 2057 4096 23766 4822 804 385 8676 4137 4539 3932 3073 1559
cat_boundaries=0 26 55 77 109
cat_threshold=0 0 0 0 0 0 0 0 0 0 0 0 3407872 0 0 14680064 0 0 117440512 0 0 805306368 0 0 0 1 0 0 0 0 0 0 0 0 0 32768 0 0 1572864 0 0 9437184 0 0 50331648 0 0 268435456 0 0 0 2 0 0 32 0 0 0 0 0 0 2048 0 0 0 0 0 3407872 0 0 37748736 0 0 150994944 0 0 1073741824 0 0 0 0 0 0 0 0 0 0 0 0 262144 0 0 537919488 0 0 134217728 0 0 0 0 0 0 4 0 0 32 0 0 256
is_linear=0
shrinkage=0.05


Tree=22
num_leaves=31
num_cat=5
split_feature=45 45 29 45 5 33 37 44 19 9 37 5 39 3 45 13 12 3 44 17 45 29 17 37 39 5 13 26 3 5
split_gain=6702.42 285.109 150.361 185.277 119.86 108.433 80.4141 50.4028 53.1004 69.5266 59.011 50.0788 44.8938 44.2008 37.0995 62.1927 36.4892 71.9796 43.9476 39.6101 39.1983 35.0619 46.0192 34.2643 33.4441 36.8649 30.8189 30.6789 30.6702 28.8242
threshold=30.397805213928226 35.609336853027351 0.078243255615234389 31.686084747314457 0 23.123135566711429 1.2994232177734377 36.194637298583991 2.0225017070770268 1 -2.1751403808593746 2 0.83039772510528576 343.88632202148443 29.869463920593265 1.8458912968635561 2.0061000585556035 256.03938293457037 34.437644958496101 1.7664837837219241 32.989572525024421 0.18727493286132815 1.9618099331855776 -2.7927379608154292 0.40709100663661962 3 0.84825697541236889 4.2761898040771493 98.757148742675795 4
decision_type=2 2 2 2 9 2 2 2 2 1 2 9 2 2 2 2 2 2 2 10 2 2 10 2 2 9 2 2 2 9
left_child=14 2 5 11 16 -2 7 8 9 10 -7 -4 -10 -8 -1 -16 19 18 -18 27 -20 -3 -23 -6 25 -11 -26 -5 -21 -28
right_child=1 21 3 4 23 6 13 -9 12 24 -12 -13 -14 -15 15 -17 17 -19 20 28 -22 22 -24 -25 26 -27 29 -29 -30 -31
leaf_value=-0.049515783101867467 -0.034422406141174165 0.063165986717097097 0.024993079946578733 0.025257084162809841 0.091067947161754981 -0.029216507533117126 0.066190229462279426 -0.0020438888611532808 0.073635944189618815 -0.0016144771362881769 0.045765220720089567 -0.031837167343670099 0.032920163814925484 0.025035419009271129 -0.040463035590421567 0.034181846173058021 0.055258231277084527 -0.012396903300986022 -0.032711009663797974 0.025434439580851155 0.026788832196619358 0.056740190141896851 0.017985332381576916 0.034298118150483441 -0.0092087649792429952 0.055002500913211731 -0.0042580792181790995 -0.0042862102652770273 -0.024255899438393819 0.024807118672597654
leaf_weight=4296.8027690409217 45.033777171745896 762.44498967751861 33.823885533027351 182.91987309837714 21.805101779289544 20.852419048547745 345.62119939504191 94.132127776741982 152.87478169938549 46.381684652995318 659.51500477083027 198.95821810793132 166.87264824984595 100.74422852275893 79.289425044320524 31.744448613841087 129.64369042078033 105.16617465857416 26.317492386326194 29.239757548086345 116.8190443366766 187.51094711571932 146.59589813277125 877.35753313964233 111.87299431394786 92.447103330865502 107.1253314698115 156.7759029599838 164.17832147795707 398.93664498021826
leaf_count=1110367 2403 3339 2274 3355 247 88 2343 394 936 749 2887 20106 1047 941 15669 2858 1555 931 210 416 578 826 652 11673 1484 1411 1371 2597 2399 4001
internal_value=-0.00292177 0.0339616 0.028143 0.0180878 0.0234917 0.0367988 0.038338 0.0333953 0.035295 0.0307821 0.0424621 -0.0231722 0.0540296 0.0576537 -0.0487661 -0.0180612 0.0101272 0.0219054 0.0351008 0.00171409 0.0144273 0.0567669 0.0407526 0.0362625 0.019062 0.0408369 0.0139011 0.0118896 -0.0158629 0.0190894
internal_weight=9889.8 5481.97 4385.41 2043 1810.22 2342.41 2297.38 1851.01 1756.88 1437.13 680.367 232.782 319.747 446.365 4407.84 111.034 911.06 377.946 272.78 533.114 143.137 1096.55 334.107 899.163 756.764 138.829 617.935 339.696 193.418 506.062
internal_count=1200107 71213 66396 46341 23961 20055 17652 14368 13974 11991 2975 22380 1983 3284 1128894 18527 12041 3274 2343 8767 788 4817 1478 11920 9016 2160 6856 5952 2815 5372
cat_boundaries=0 32 33 65 91 117
cat_threshold=8 0 0 128 0 0 4096 0 0 65536 0 0 393216 0 0 6291456 0 0 1040187392 0 0 1879048192 0 0 0 0 0 0 0 0 0 256 2 0 0 0 0 0 0 0 0 0 0 0 0 0 0 0 538968064 0 0 33554432 0 0 268435456 0 0 0 1 0 0 48 0 0 256 0 0 0 0 0 0 2048 0 0 32768 0 0 1835008 0 0 16777216 0 0 33554432 0 0 1879048192 0 0 0 5 0 0 0 0 0 0 0 0 0 0 0 0 2228224 0 0 18874368 0 0 536870912 0 0 2147483648 0 0 0 7
is_linear=0
shrinkage=0.05


Tree=23
num_leaves=31
num_cat=5
split_feature=45 45 33 45 34 5 0 32 40 30 19 5 33 29 40 12 23 5 24 5 26 40 26 12 5 1 40 12 29 1
split_gain=6234.1 262.907 148.772 143.169 134.99 139.154 127.48 109.709 78.0851 60.5095 55.4324 65.1363 53.4301 53.1944 51.3389 44.5731 43.4599 41.1881 41.1024 43.3818 37.9699 42.4371 36.4416 35.8746 33.688 33.3068 36.3574 32.6714 48.1518 34.6675
threshold=30.239633560180668 34.573705673217781 25.811136245727543 31.984869956970218 -5.7439575195312491 0 25.750000000000004 912.23498535156261 3.9903655052185063 865.06250000000011 1.5647600293159487 1 22.017600059509281 0.2191429138183594 1.7683086395263674 2.5859098434448247 31.764926910400394 2 35.083175659179695 3 3.2159721851348881 1.3078494071960451 5.5447208881378183 2.2874765396118169 4 73.250000000000014 3.2843980789184575 1.3814864158630373 0.86951065063476574 72.250000000000014
decision_type=2 2 2 2 2 9 2 2 2 2 2 9 2 2 2 2 2 9 2 9 2 2 2 2 9 2 2 2 2 2
left_child=18 2 3 10 5 20 7 -6 -8 12 -2 -12 -3 17 -11 16 -9 -14 -1 -20 -4 -22 -23 -7 27 26 -25 28 -5 -29
right_child=1 9 4 24 6 23 8 15 -10 14 11 -13 13 -15 -16 -17 -18 -19 19 -21 21 22 -24 25 -26 -27 -28 29 -30 -31
leaf_value=-0.049610603773850112 -0.038234852835787467 0.10197490385760764 0.063824927553105773 -0.024634354173912788 0.0047836744684002716 -0.0094456852071897138 0.06447680362573463 0.00098344045293398234 -0.0034475125513820943 -0.0096265858224195856 0.047061933974553764 -0.0195743341030854 0.0024337684707701934 0.029091706962608932 0.035891444113985392 0.00052159345996631806 0.057257967547684779 0.054178614579947298 0.036075339077334206 -0.029416831996069995 0.056286151529989052 0.030746480609806573 -0.0087592852396466969 0.063891850687895699 0.025269164835405419 -0.003878647594854687 -0.0084310232884013247 0.045509111208736602 0.042940183512926403 -0.00083851629840095182
leaf_weight=4087.0433265441097 170.82151478109881 46.143221590667963 103.79634954640642 124.49540469422936 316.91315481602214 372.65270505170338 529.84883181378245 39.055423994082958 44.838996812235564 76.44831569865346 37.241185001563281 83.200926142279059 52.599693261086941 346.23169793561101 251.12520265951753 50.572434375062585 294.97327914182097 1290.2223183251917 17.810868641361594 63.681806431151927 84.636503516230732 137.36614156002179 90.690041895024478 45.599762701429427 631.53742744820192 76.174022451974452 22.198212505318224 63.274096791166812 23.246043509338051 88.996370022650808
leaf_count=1115412 25910 294 843 3202 3315 3718 3174 1221 260 459 1765 3483 232 1569 1185 295 2023 5709 1377 7863 821 1171 548 249 10459 611 171 756 722 1464
internal_value=-0.0028612 0.0320945 0.0234987 0.0094012 0.0312238 0.0165102 0.0417699 0.0268524 0.0592088 0.0462141 -0.0207124 0.00516544 0.0499951 0.0479832 0.0252981 0.044455 0.0508981 0.0526032 -0.0489057 -0.0119967 0.0372032 0.0278151 0.0153284 -0.00124435 0.0189367 0.0191377 0.0421721 0.00426863 -0.0119538 0.0200383
internal_weight=9663.44 5494.9 3432.13 1222.81 2209.32 933.114 1276.2 701.514 574.688 2062.77 291.264 120.442 1735.2 1689.05 327.574 384.601 334.029 1342.82 4168.54 81.4927 416.489 312.693 228.056 516.625 931.549 143.972 67.798 300.012 147.741 152.27
internal_count=1200281 75629 66181 47761 18420 8132 10288 6854 3434 9448 31158 5248 7804 7510 1644 3539 3244 5941 1124652 9240 3383 2540 1719 4749 16603 1031 420 6144 3924 2220
cat_boundaries=0 32 61 80 112 141
cat_threshold=0 0 0 0 0 0 0 0 0 0 0 0 0 0 0 26214400 0 0 150994944 0 0 268435456 0 0 0 2 0 0 48 0 0 256 0 0 0 0 0 0 0 0 0 0 0 0 524288 0 0 639631360 0 0 855638016 0 0 0 0 0 0 0 0 0 32 0 0 0 0 0 0 0 0 0 0 0 0 131072 0 0 12582912 0 0 268435456 0 0 0 0 0 0 0 0 0 0 0 0 0 0 0 1048576 0 0 0 0 0 1610612736 0 0 0 0 0 0 32 0 0 256 8 0 0 128 0 0 4096 0 0 98304 0 0 0 0 0 0 0 0 218103808 0 0 3489660928 0 0 0 0 0 0 32
is_linear=0
shrinkage=0.05


Tree=24
num_leaves=31
num_cat=6
split_feature=45 45 6 41 5 5 45 38 29 24 11 11 14 17 5 10 5 44 45 41 42 5 41 14 42 17 40 12 45 38
split_gain=5873.19 248.911 109.047 153.374 163.232 91.132 99.2543 82.4121 78.0659 77.8706 93.1979 75.7412 70.4705 65.5794 64.7013 88.9473 62.4701 60.5528 68.983 68.4773 63.9879 53.4657 52.9744 51.1037 47.9114 44.1036 60.9126 39.336 35.8878 43.6249
threshold=30.579085350036625 35.609336853027351 0 32.855102539062507 1 2 32.989572525024421 2.6675171852111821 0.082492828369140639 33.806060791015632 1.6540053486824038 2.533553004264832 1.5310646295547488 1.5290359854698183 3 1.578851640224457 4 33.453733444213874 33.415832519531257 33.385446548461921 34.414058685302741 5 33.385446548461921 2.7175645828247075 30.858760833740238 2.2158982753753667 2.3347272872924809 1.3016545772552492 32.989572525024421 0.31930255889892584
decision_type=2 2 1 2 9 9 2 2 2 2 2 2 2 10 9 2 9 2 2 2 2 9 2 2 2 10 2 2 2 2
left_child=9 2 5 4 7 17 8 23 25 -1 -11 12 13 -8 -5 -16 24 -2 21 -20 -21 -19 -14 -4 -12 -7 -27 -22 -17 -30
right_child=1 -3 3 14 -6 6 11 -9 -10 10 16 -13 22 -15 15 28 -18 18 19 20 27 -23 -24 -25 -26 26 -28 -29 29 -31
leaf_value=-0.049798799569615561 0.053443327825555956 0.052995114331941033 0.0052148005802081475 0.052810676316310749 -0.026857672905924203 0.0084630791142776777 0.029895874786748097 -0.00012053371710198861 -0.0150309071295417 -0.042958478948024112 0.089320133667302168 -0.021082471384737844 0.02970784309965966 0.082360909761694051 -0.012996193939390414 -0.017886103045325175 -0.021195782506203624 -0.01681907872490895 0.047292267169828539 0.04372263327881537 0.032279462149908671 0.027457883975058398 -0.016589160161411851 0.086786676333128976 -0.016078183881828783 0.065419006429374427 -0.007825129507136503 -0.034943140255300632 0.077797640884707531 0.017940529946189134
leaf_weight=3842.4982582014054 547.4164205333218 1057.1164068356156 28.684946391731501 190.98664630996063 348.78713519708253 282.83055610908195 141.91220905818045 111.2677963655442 250.21467182645574 123.0260455403477 31.066306280437857 60.283495869487524 825.68307328782976 122.12532872147858 144.91429399838671 17.76624690182507 38.148908765055239 107.87938403245062 566.08743791840971 64.870317816734314 21.208023123443127 130.05722682457417 60.485358664765954 57.647457040846348 10.960678000003098 84.314484252594411 37.796787421684712 69.106285039335489 59.958278549835086 67.858855254016817
leaf_count=1101950 4456 4757 1231 1562 17649 4943 1116 1628 12016 25400 2246 398 5025 808 1570 892 4148 657 2478 310 104 700 462 994 435 756 584 309 420 473
internal_value=-0.00260763 0.0312148 0.0258739 0.011094 -0.0069138 0.0302106 0.0222532 0.0278401 0.00655925 -0.0481953 -0.0169608 0.0308063 0.0336842 0.0562825 0.0314798 0.0139437 0.0232715 0.0396435 0.0317069 0.0393303 0.00918175 0.00794332 0.026398 0.0630383 0.0537031 0.0199406 0.0438717 -0.0175134 0.0407678 0.0496268
internal_weight=9502.96 5457.26 4400.14 1027.87 546.387 3372.27 1865.65 197.6 655.156 4045.7 203.202 1210.49 1150.21 264.038 481.484 290.498 80.1759 1506.63 959.209 721.272 155.185 237.937 886.168 86.3324 42.027 404.942 122.111 90.3143 145.583 127.817
internal_count=1200477 66298 61541 26419 21502 35122 26108 3853 18299 1134179 32229 7809 7411 1924 4917 3355 6829 9014 4558 3201 723 1357 5487 2225 2681 6283 1340 413 1785 893
cat_boundaries=0 1 33 62 88 117 139
cat_threshold=2 0 0 0 0 0 0 0 0 0 0 0 0 0 0 0 3145728 0 0 0 0 0 0 0 0 0 3 0 0 48 0 0 256 0 0 0 0 0 0 0 0 0 0 0 0 0 0 0 1048576 0 0 50331648 0 0 1879048192 0 0 0 6 0 0 32 0 0 0 0 0 0 0 0 0 0 0 0 0 0 0 0 0 0 50331648 0 0 0 0 0 0 1 0 0 0 0 0 0 0 0 0 0 0 0 0 0 0 36700160 0 0 805306368 0 0 1879048192 0 0 0 2 0 0 32 0 0 0 0 0 0 0 0 0 0 0 0 0 0 0 0 0 0 33554432 0 0 1610612736
is_linear=0
shrinkage=0.05


Tree=25
num_leaves=31
num_cat=4
split_feature=45 45 45 20 34 5 44 5 34 14 13 36 44 13 40 41 5 29 24 24 36 25 34 10 25 5 17 30 13 10
split_gain=5404.63 226.381 118.202 162.449 111.407 104.68 92.4228 77.5196 58.0203 80.351 56.4229 50.2325 47.5521 49.8836 47.2841 46.6131 41.8668 61.2909 36.6187 34.5552 32.2187 32.0873 35.909 31.9533 34.7981 29.6819 28.7133 39.5898 27.0523 27.0384
threshold=30.239633560180668 35.609336853027351 31.984869956970218 1.8795478343963625 -4.1481018066406241 0 32.360528945922859 1 -13.552886962890623 2.5019874572753911 1.4308926463127138 0.56219100952148449 35.097208023071296 1.0945936441421511 3.2007737159729008 31.860639572143558 2 0.28355026245117193 37.582305908203132 35.356964111328132 7.8864095211029062 3.5042567253112797 -4.3641662597656241 2.6967655420303349 3.8613376617431645 3 1.8757232427597048 723.56250000000011 0.91405650973320018 3.245713591575623
decision_type=2 2 2 2 2 9 2 9 2 2 2 2 2 2 2 2 9 2 2 2 2 2 2 2 2 9 10 2 2 2
left_child=19 2 3 18 7 -6 10 11 9 26 -5 14 13 -9 28 -7 23 -18 -2 -1 -15 22 -12 -13 -25 -21 -3 -28 -4 -8
right_child=1 8 4 6 5 15 29 12 -10 -11 21 16 -14 20 -16 -17 17 -19 -20 25 -22 -23 -24 24 -26 -27 27 -29 -30 -31
leaf_value=-0.049468624179581464 -0.03327092037866717 0.062323136950421958 0.026053306521591081 -0.006319223782312239 0.004048814698185515 0.034818039053385527 -0.027503906596325612 0.005675323550795113 0.058369125110509637 0.0013673041872750251 0.011345359261120251 -0.0091824321933119315 -0.00053407886693175761 0.02994144969927294 0.022235776798394537 0.066111544606689138 0.045303425050541905 -0.0085500356845672563 0.0024855216428479421 0.030178151690944732 -0.0073107202682390869 0.090736363691319433 0.055889813220642473 0.05202761068794573 -0.020077638581967414 -0.026809046546950096 0.045147205047070052 -0.015960914537168205 0.052654887705501453 0.041859144131827973
leaf_weight=3713.2526976228692 209.88124093948863 151.52894610539079 161.22450661240146 51.417738990858197 147.38221328798681 241.73760428233072 77.389244272839278 429.26584969926625 676.56089125201106 137.1101792678237 82.227744783041999 177.31724324636161 389.5319116814062 715.60507277306169 351.75654700398445 351.85942955454811 196.09660633001477 67.242436508648098 104.2280526435934 15.003308579325674 59.281285042874515 37.006312996149063 110.99534712033346 41.860347469802946 18.249276528134942 54.13435477996245 64.263786777853966 34.791974883526564 457.49651519116014 7.5714198173955074
leaf_count=1117570 30017 692 1627 1179 1492 1676 1036 5695 3109 618 1613 2192 2110 6178 2052 2299 1732 1117 2279 979 1418 467 1277 375 169 5989 284 149 2886 94
internal_value=-0.00279093 0.0285996 0.0235863 0.00432316 0.0270114 0.0444297 0.0266001 0.0226695 0.0493178 0.0324521 0.0400684 0.0309864 0.0145622 0.0195298 0.03786 0.0532729 0.0177918 0.0306222 -0.0216956 -0.0488123 0.0270347 0.0502601 0.0384246 0.00159643 0.0303951 -0.011766 0.0487552 0.0241884 0.0462478 -0.0175654
internal_weight=9333.27 5550.88 4486.62 680.717 3805.91 740.979 366.608 3064.93 1064.26 387.695 281.647 1471.24 1593.68 1204.15 970.478 593.597 500.766 263.339 314.109 3782.39 774.886 230.229 193.223 237.427 60.1096 69.1377 250.585 99.0558 618.721 84.9607
internal_count=1200370 75832 70980 37962 33018 5467 5666 27551 4852 1743 4536 12150 15401 13291 6565 3975 5585 2849 32296 1124538 7596 3357 2890 2736 544 6968 1125 433 4513 1130
cat_boundaries=0 26 58 84 113
cat_threshold=0 0 0 0 0 0 0 0 0 65536 0 0 3276800 0 0 25165824 0 0 469762048 0 0 0 0 0 0 3 0 0 0 0 0 0 0 0 0 0 0 0 1572864 0 0 58720256 0 0 721420288 0 0 0 0 0 0 3 0 0 32 0 0 256 0 0 0 0 0 0 0 0 0 0 0 0 524288 0 0 8388608 0 0 33554432 0 0 0 0 0 0 2 0 0 0 0 0 0 0 0 0 0 0 0 0 0 0 1048576 0 0 0 0 0 1610612736 0 0 0 0 0 0 32
is_linear=0
shrinkage=0.05


Tree=26
num_leaves=31
num_cat=0
split_feature=24 24 3 12 7 24 21 30 40 29 33 0 37 42 33 15 1 19 38 24 25 24 12 38 15 39 24 30 15 12
split_gain=5065.26 138.07 64.4247 81.2846 55.7931 53.6802 102.567 51.0926 58.1082 50.2594 76.389 58.4532 56.8735 55.7713 69.8235 70.4209 59.955 54.936 57.457 51.2395 50.2869 47.3941 46.7834 44.2077 43.4243 40.6225 34.5289 33.7417 33.1202 32.5481
threshold=35.083175659179695 42.304107666015632 66.384490966796889 1.3960151672363283 2.5000000000000004 33.620635986328132 1.8714250922203066 1151.1250000000002 2.5509988069534306 0.065494537353515639 23.053248405456547 33.250000000000007 1.558311462402344 33.056144714355476 26.466624259948734 2.3340516090393071 74.250000000000014 2.0225017070770268 1.4889118671417239 39.172882080078132 4.4255797863006601 38.550567626953132 1.688490152359009 1.9734563827514651 1.6987700462341311 0.42415437102317816 40.765533447265632 761.87500000000011 1.9732598662376406 1.7901490330696108
decision_type=2 2 2 2 2 2 2 2 2 2 2 2 2 2 2 10 2 2 2 2 2 2 2 2 10 2 2 2 10 2
left_child=5 2 3 7 27 -1 -7 8 -2 10 -4 13 17 16 15 20 22 21 -19 -17 -15 24 -11 -24 -12 -26 -5 -3 -29 -8
right_child=1 4 9 26 -6 6 29 -9 -10 11 12 -13 -14 14 -16 19 -18 18 -20 -21 -22 -23 23 -25 25 -27 -28 28 -30 -31
leaf_value=-0.049618327591676531 0.041901298521447798 0.05781670748389376 -0.034352760677633008 0.07626297297660295 0.027075379755424418 -0.03397591721504848 -0.012880810911460237 -0.012055404187705201 -0.01217294125059064 -0.019736873560070201 -0.024238688365537168 0.077104036183896718 0.050092448705756902 0.035100070752456351 -0.0028746244301431495 0.032701232575903898 -0.018155857212062629 0.068557739501898141 0.022875585561690871 -0.0081576076839622088 -0.00030308486498496605 0.024932822024954584 0.05062811316247269 -0.011290469372486086 0.057460471888247648 0.0020640657920761763 0.033564662793453152 0.039626982963239438 -0.018109081194055156 0.10029511398270952
leaf_weight=3487.1708475267515 254.33962369267829 562.54931236803532 41.056168507318944 146.29585197125562 356.31106362584978 126.63559700269252 6.0357705887872752 77.06226643640548 56.416855963645503 48.648256025509909 96.861154757905751 28.474550363142043 267.99378313636407 817.05790712079033 302.89459504466504 99.955389944138005 235.73359641293064 126.69196455017664 170.54594219755381 245.10749331861734 113.95163111295551 949.48540693800896 95.058955588610843 35.357567593688145 34.515916086034849 132.10551226674579 105.91903326287866 72.560654897242785 28.621118742972612 12.090193895390255
leaf_count=1100970 3395 2617 2526 1930 1609 30713 973 1999 1304 2691 3832 559 2268 7731 1825 1585 14475 870 1223 1442 1126 4955 1457 1128 485 2260 479 320 122 1488
internal_value=-0.00261575 0.0276219 0.023744 0.0385034 0.0442634 -0.0483691 -0.0170154 0.0231716 0.0320108 0.0211913 0.0272551 0.0156289 0.0288617 0.0143705 0.0186331 0.0237209 -0.00191199 0.0247895 0.0439444 0.00426575 0.0308097 0.0197746 0.0193018 0.0342326 0.000954527 0.0161431 0.0602955 0.0529516 0.0231354 0.0714281
internal_weight=9133.5 5501.57 4481.53 640.034 1020.04 3631.93 144.762 387.819 310.756 3841.5 1819.26 2022.24 1778.2 1993.77 1578.97 1276.07 414.798 1510.21 297.238 345.063 931.01 1212.97 179.065 130.417 263.483 166.621 252.215 663.731 101.182 18.126
internal_count=1200357 66213 61545 9107 4668 1134144 33174 6698 4699 52438 18419 34019 15893 33460 13709 11884 19751 13625 2093 3027 8857 11532 5276 2585 6577 2745 2409 3059 442 2461
is_linear=0
shrinkage=0.05


Tree=27
num_leaves=31
num_cat=8
split_feature=45 45 38 12 5 45 9 29 33 5 45 5 5 27 37 5 32 5 45 18 18 38 13 28 38 33 16 39 5 45
split_gain=4745.38 236.445 132.02 151.381 217.828 112.788 68.3667 62.7337 82.3025 85.0072 52.6405 61.169 51.0189 46.7783 40.5381 51.6895 45.6263 52.5612 40.0988 42.444 35.9149 35.7063 35.599 35.3354 34.804 32.1956 31.4978 30.4623 29.3659 27.9395
threshold=30.239633560180668 34.573705673217781 2.9771814346313481 2.1836484670639043 0 31.686084747314457 1 0.011745452880859377 22.017600059509281 2 33.415832519531257 3 4 1009.9085388183595 -0.18163681030273435 5 860.41809082031261 6 35.609336853027351 2.4127771854400639 1.6700234413146975 2.465227603912354 1.4308926463127138 997.48718261718761 2.0712227821350102 23.424960136413578 1.1925275325775149 0.51800090074539196 7 29.351908683776859
decision_type=2 2 2 2 9 2 1 2 2 9 2 9 9 2 2 9 2 9 2 2 2 2 2 2 2 2 10 2 9 2
left_child=29 2 3 5 13 12 14 -3 -9 18 11 25 22 -5 15 -7 17 -16 -10 -20 -6 -11 -2 -12 -22 -4 -18 -24 -8 -1
right_child=1 7 10 4 20 6 28 8 9 21 23 -13 -14 -15 16 -17 26 -19 19 -21 24 -23 27 -25 -26 -27 -28 -29 -30 -31
leaf_value=-0.049725684797599687 -0.0091487502299643225 0.052197575887489467 -0.029404435978277278 -0.020905309183117185 0.011664817760186266 -0.0079797081266539446 -0.01310214127640515 0.083278393231515785 0.0020035915180710469 0.025081848454988689 -0.022642072241984435 -0.031082668743806115 -0.02911172226937378 0.072114666086378468 -0.0081391499178991248 0.024214315494449572 -0.0031959259685636053 0.03428073303184568 0.043580685870500402 0.010074056546795038 0.06595587392748184 0.053268639678590163 0.085013662347451932 0.017082662819020055 0.032955561330050412 0.023149035254179103 0.045109177278791907 0.0047980021180180563 0.014562610235480659 -0.027037849996307567
leaf_weight=3257.9632760297973 64.441002286504954 695.53422709554434 29.060495290439576 142.89092678553425 49.692480057710782 167.15645038662478 178.80010945163667 69.272677334025502 286.47832406312227 200.71044852957129 56.783173160627484 198.13939840020612 167.98124620039016 5.0598728945478788 126.57228215364739 418.15667312731966 34.884230010677129 140.76964535424486 181.96300337091088 201.77040272951126 434.04824667284265 376.64451379328966 15.031176693970336 369.20393023267388 137.996963290032 111.4948605466634 477.93407886615023 24.882484192494303 165.37780936108902 182.13227259274572
leaf_count=1079033 4731 3248 1423 2965 2153 1506 5471 481 1431 927 404 3646 18779 171 1263 3876 573 1662 826 887 3436 1693 530 2131 956 1502 3931 1339 3906 46615
internal_value=-0.00257884 0.0260965 0.0181883 0.023279 0.0420053 0.0158325 0.0205834 0.0397568 0.032842 0.0294015 -0.00019455 -0.0146731 -0.0136651 -0.0125644 0.0254797 0.0153133 0.0331391 0.0155704 0.0160723 0.0266659 0.0543232 0.0433261 0.0129815 0.0113896 0.058698 0.0103636 0.041825 0.0459866 0.000260526 -0.0486064
internal_weight=8968.83 5528.73 3516.36 2751.68 769.688 1981.99 1709.65 2012.37 1316.84 1247.57 764.682 338.695 272.336 147.951 1365.47 585.313 780.16 267.342 670.212 383.733 621.738 577.355 104.355 425.987 572.045 140.555 512.818 39.9137 344.178 3440.1
internal_count=1201495 75847 66354 57248 9681 47567 22188 9493 6245 5764 9106 6571 25379 3136 12811 5382 7429 2925 3144 1713 6545 2620 6600 2535 4392 2925 4504 1869 9377 1125648
cat_boundaries=0 26 27 56 88 120 142 174 200
cat_threshold=0 0 0 0 0 0 0 0 0 49152 0 0 3932160 0 0 29360128 0 0 671088640 0 0 2147483648 0 0 0 4 19 0 0 0 0 0 0 0 0 0 0 0 0 0 0 0 32505856 0 0 268435456 0 0 805306368 0 0 0 6 0 0 32 0 0 0 0 0 0 0 0 0 0 0 0 786432 0 0 70254592 0 0 1879048192 0 0 268435456 0 0 0 6 0 0 32 0 0 256 0 0 0 320 0 0 0 0 0 8192 0 0 262144 0 0 719323136 0 0 3087007744 1 0 268435456 0 0 0 0 0 0 32 0 0 4352 0 0 0 0 0 0 0 0 0 16384 0 0 0 0 0 0 0 0 771751936 0 0 1610612736 0 0 0 0 0 0 0 0 0 65536 0 0 2883584 0 0 28311552 0 0 402653184 0 0 0 0 0 0 0 0 0 0 0 0 256 8 0 0 128 0 0 4096 0 0 114688 0 0 524288 0 0 0 0 0 905969664 0 0 2952790016 0 0 0 3
is_linear=0
shrinkage=0.05


Tree=28
num_leaves=31
num_cat=4
split_feature=41 18 1 6 39 34 6 41 34 9 9 38 26 41 15 28 32 38 3 11 35 41 27 16 3 36 11 18 32 10
split_gain=4150.01 221.116 109.347 84.8623 80.607 75.0978 89.5133 83.9526 66.7445 81.2247 58.2894 57.1272 60.0787 63.0062 55.5744 52.4211 51.2402 49.8787 49.1615 46.8445 42.5592 93.5599 44.4653 42.0066 70.9312 41.2372 39.0971 37.3735 37.0558 35.2562
threshold=29.392381668090824 1.1936388015747073 72.750000000000014 0 2.2088080644607548 -5.8280029296874991 1 31.860639572143558 -11.871856689453123 2 3 3.505244374275208 6.4655704498291025 32.855102539062507 2.6688826084136967 1005.4815673828126 646.88635253906261 4.7652246952056894 288.29562377929693 2.2047089338302617 0.013828277587890627 33.385446548461921 1003.8363037109376 1.7741273045539858 66.384490966796889 0.11301040649414064 2.475526094436646 2.4127771854400639 952.89956665039074 1.2630772590637209
decision_type=2 2 2 1 2 2 1 2 2 1 1 2 2 2 10 2 2 2 2 2 2 2 2 10 2 2 2 2 2 2
left_child=10 25 5 4 16 8 7 15 11 20 -1 12 14 -14 29 -7 -4 -18 -19 -17 22 -22 -10 -11 -25 -2 -26 -5 -29 -3
right_child=1 2 3 27 -6 6 -8 -9 9 23 -12 -13 13 -15 -16 19 17 18 -20 -21 21 -23 -24 24 26 -27 -28 28 -30 -31
leaf_value=0.018457070310181595 0.010027579026205925 0.033123286377420319 -0.0014311687629443948 -0.035354475587463158 0.058382332970448737 0.042741634838374128 -0.029366555128939743 0.061726880542467222 0.041439490909966376 -0.015995644609858934 -0.047785975476017671 0.011921206033732526 -0.039586814358616329 0.030848978116783183 0.0090690190076122799 -0.011597476854354846 0.023026726998268802 0.02516958985494272 -0.047725865751190165 0.050708148311415513 0.037394945912442877 -0.046829512727394648 -0.0031405456145453588 0.065399890009134709 -0.00504589884805652 -0.040438585992970712 0.046863599445407231 0.033804361661036619 -0.016201248616272607 0.068619662136929077
leaf_weight=29.048332259058952 50.202677733730525 130.10566083341837 287.4290804064367 87.78789527551271 125.18110518832691 240.89891779632308 30.752169279148802 478.25189905962907 458.8826913330704 181.65434275381267 3248.4804169328418 190.89145449176431 30.124184479005635 157.76308833807707 68.349639272782952 110.50134154642001 1710.009548567934 32.783326771110296 42.66128364764154 30.321839713957161 69.1495551019907 46.540336528792977 61.976275473833084 44.818350956775248 232.91992607410066 144.54649342875928 32.680038565536961 53.895138842519373 78.715108513599262 304.84770657750778
leaf_count=163 2149 936 6718 10976 871 1586 2626 2555 2129 5536 1096253 943 335 805 584 1382 22253 148 197 223 346 250 275 584 3981 30652 522 1774 672 2222
internal_value=-0.00275611 0.023716 0.0256419 0.0176662 0.0205748 0.0322064 0.0444295 0.047171 0.0265987 0.0182766 -0.0472337 0.0369225 0.0435588 0.0181261 0.0525149 0.0290281 0.0181211 0.0212591 -0.0168117 0.00429068 0.0297255 0.00248259 0.0361757 0.00252673 0.0136057 -0.027575 0.00280984 -0.0113753 0.00506723 0.0589848
internal_weight=8792.17 5514.64 5319.89 2418.46 2198.06 2901.43 890.726 859.974 2010.7 1128.62 3277.53 882.082 691.19 187.887 503.303 381.722 2072.88 1785.45 75.4446 140.823 636.549 115.69 520.859 492.073 310.418 194.749 265.6 220.398 132.61 434.953
internal_count=1200646 104230 71429 43609 30187 27820 8372 5746 19448 13623 1096416 5825 4882 1140 3742 3191 29316 22598 345 1605 3000 596 2404 10623 5087 32801 4503 13422 2446 3158
cat_boundaries=0 1 2 3 4
cat_threshold=2 2 2 2
is_linear=0
shrinkage=0.05


Tree=29
num_leaves=31
num_cat=4
split_feature=24 24 5 14 43 34 33 14 25 5 42 5 13 39 32 39 31 7 31 31 43 3 31 34 25 33 34 25 5 39
split_gain=4200.32 121.15 58.4225 48.671 58.832 83.3084 162.579 121.609 74.2013 70.3374 67.8464 60.7537 63.0034 52.0436 51.7239 50.1074 65.8416 46.9844 46.4641 44.105 43.1915 39.6046 39.127 37.2834 33.0134 32.2861 31.9828 37.7685 30.8053 34.5369
threshold=34.845458984375007 42.304107666015632 0 4.1402482986450204 35.03559875488282 -5.8280029296874991 25.931712150573734 2.3860859870910649 2.8029562234878544 1 32.678802490234382 2 1.9479864835739138 1.3921443819999697 912.23498535156261 0.77917775511741649 24.171648025512699 2.5000000000000004 56.488323211669929 38.490858078002937 31.993626594543461 251.12134552001956 29.325810432434086 -11.871856689453123 4.0015826225280771 26.918015480041507 -12.776153564453123 6.1345891952514657 3 0.55802440643310558
decision_type=2 2 9 2 2 2 2 2 2 9 2 9 2 2 2 2 2 2 2 2 2 2 2 2 2 2 2 2 9 2
left_child=20 2 18 4 5 8 9 14 10 -7 -4 12 -10 -9 21 19 24 -3 -2 -6 -1 -8 25 -13 -17 -16 27 -20 29 -12
right_child=1 17 3 -5 15 6 7 13 11 -11 28 23 -14 -15 22 16 -18 -19 26 -21 -22 -23 -24 -25 -26 -27 -28 -29 -30 -31
leaf_value=-0.049015091270825678 0.040414082872931655 0.048320689875425524 -0.014725346881889811 -0.03250094114628365 -0.018762690923267385 0.019880761084132781 0.015551166557895735 0.060479816533230826 -0.00062096367824402646 -0.022571962718999691 -0.0059807688234735784 0.019847517736629291 0.051907958893153243 0.011075411912301387 -0.014190782496753858 0.026454236862821723 0.040868734212712129 0.023866584474045594 0.062617610764624063 0.027825674819746928 0.011309385053839258 -0.022071382861982843 0.046557840773010999 -0.022925842347743159 -0.026073809962724199 0.028948711487662773 -0.011754483527722568 -0.016208227918872341 0.010082721190409528 0.042426663144698396
leaf_weight=3103.3465426736511 576.79641632689163 626.03882464393973 125.37142367311753 38.716525638010353 88.351650733500719 146.53625507955439 197.51760571403429 365.96702443971299 235.92423614952713 218.3630057524424 39.766371851786971 51.024999959394336 65.206096898764372 68.043949817772955 63.39458910911344 44.974665626883507 645.22267947997898 333.65155502874404 31.090805396903306 95.673490511253476 26.53122746758163 95.654155089985579 186.00803282484412 368.95691938651726 55.699691075831652 100.85233779344708 83.192031626123935 18.728064583614469 257.20750255091116 271.18648547958583
leaf_count=1127200 6129 3041 6986 971 411 6035 1899 1951 3848 10933 419 973 741 461 745 197 3622 1558 336 525 2449 1355 2323 5422 272 650 2927 179 2704 2799
internal_value=-0.00232361 0.0240001 0.0205015 0.0178023 0.0184478 0.0147995 0.023219 0.0329133 0.00611251 -0.00552003 0.0176734 -0.00509583 0.0116809 0.0531581 0.0186531 0.0293795 0.0350833 0.0401526 0.0338813 0.00564409 -0.0484693 0.00295281 0.0313478 -0.0169932 -0.00233775 0.0124393 0.00707605 0.0352293 0.0249536 0.0351475
internal_weight=8625 5495.12 4535.43 3825.62 3786.9 2856.98 1442.34 1077.44 1414.64 364.899 693.532 721.112 301.13 434.011 643.427 929.922 745.897 959.69 709.807 184.025 3129.88 293.172 350.255 419.982 100.674 164.247 133.011 49.8189 568.16 310.953
internal_count=1200061 70412 65813 56242 55271 50244 26352 9384 23892 16968 12908 10984 4589 2412 6972 5027 4091 4599 9571 936 1129649 3254 3718 6395 469 1395 3442 515 5922 3218
cat_boundaries=0 32 51 77 103
cat_threshold=0 0 0 0 0 0 0 0 0 0 0 0 1048576 0 0 1048576 0 0 16777216 0 0 0 0 0 0 0 0 0 32 0 0 256 0 0 0 0 0 0 2048 0 0 49152 0 0 2883584 0 0 610271232 0 0 603979776 0 0 0 0 0 0 2048 0 0 16384 0 0 2752512 0 0 27262976 0 0 436207616 0 0 0 0 0 0 4 0 0 0 0 0 0 0 0 0 32768 0 0 786432 0 0 54525952 0 0 805306368 0 0 1610612736 0 0 0 2
is_linear=0
shrinkage=0.05


Tree=30
num_leaves=31
num_cat=8
split_feature=45 45 45 18 38 12 38 37 26 5 6 10 5 38 5 5 18 5 10 38 5 30 11 32 11 30 5 10 43 26
split_gain=3919.7 226.027 97.2407 108.305 77.5185 91.5481 61.4764 66.9805 61.7571 60.2253 54.0086 61.1972 48.3745 48.0359 46.9055 45.6683 41.32 53.5993 35.5299 82.7615 56.2474 57.1894 40.6051 39.4472 35.3937 32.2733 35.4587 31.8943 35.1277 31.5746
threshold=30.103632926940922 35.609336853027351 32.291427612304695 1.8034571409225466 1.753567695617676 3.1148467063903813 3.9768886566162114 1.3750438690185549 5.5055541992187509 0 1 3.3707484006881718 2 -0.24350070953369138 3 4 2.4127771854400639 5 1.8406270742416384 -0.26705837249755854 6 704.81250000000011 2.2047089338302617 1569.011657714844 1.9368989467620852 761.87500000000011 7 3.9001199007034306 30.171141624450687 4.7351152896881112
decision_type=2 2 2 2 2 2 2 2 2 9 1 2 9 2 9 9 2 9 2 2 9 2 2 2 2 2 9 2 2 2
left_child=-1 2 3 9 5 13 7 14 10 -2 11 -8 -9 15 -4 -5 -3 -18 20 24 -16 22 -22 29 -20 -15 -27 28 -6 -21
right_child=1 16 6 4 27 -7 8 12 -10 -11 -12 -13 -14 25 18 -17 17 -19 19 23 21 -23 -24 -25 -26 26 -28 -29 -30 -31
leaf_value=-0.048723823746484984 0.013237380119482087 0.052716511755898358 0.032886757617579671 0.028246658789634834 0.030772691857563192 0.075267197241962916 0.012059361920510134 0.050749664647515569 -0.031116291751608308 -0.038501242101230071 -0.021833120008195109 0.071764324615746097 0.0064272130575703003 0.015699457272419105 -0.016909549988411803 -0.028656385596638724 0.011123789940554549 0.050130851589055704 0.031710209219591168 0.027886394916596464 0.025585901789584361 -0.011400256542281726 -0.013275101382282979 -0.017092242184464809 0.089947492270873369 -0.012266035434098441 0.069196817812995165 0.04746363598870193 -0.024839463891196553 0.0087510226909408902
leaf_weight=2958.881749875145 71.549718724098057 594.49814596399665 641.95348514802754 35.231307951500639 24.75978147611022 65.799350151326507 238.75731331016868 327.50098535884172 89.41457914467901 174.83379337238148 71.918199153617024 44.071291705593467 96.412595911882818 229.0221263547428 151.22062346898019 84.988672047387809 222.33139251917601 164.22100654244423 77.81157592497766 555.18559591192752 595.4374075345695 158.80169729003683 69.413648628629744 68.33766024839133 50.484656134620309 16.865101905772462 42.744256679201499 11.608170241583137 175.27133847284131 368.94268860202283
leaf_count=1120102 2849 2939 5178 1153 837 514 1251 2213 506 28514 656 223 935 3280 1836 3681 1006 830 541 4004 4570 2529 452 444 347 706 1003 238 4672 2487
internal_value=-0.00238468 0.0225004 0.0177242 0.00329116 0.0134886 0.0245512 0.0214382 0.0238793 0.00391925 -0.0245315 0.013361 0.0227199 0.0423673 0.014787 0.0208726 -0.0111235 0.0441933 0.0300863 0.0168176 0.0229607 0.0097645 0.0148308 0.021392 0.0176945 0.0594735 0.0255902 0.0558763 -0.0113102 -0.0168184 0.0204224
internal_weight=8478.27 5519.39 4538.34 932.674 686.29 474.651 3605.66 3161.5 444.161 246.384 354.747 282.829 423.914 408.851 2737.59 120.22 981.051 386.552 2095.64 1120.76 974.873 823.653 664.851 992.466 128.296 288.631 59.6094 211.639 200.031 924.128
internal_count=1200496 80394 75619 47447 16084 10337 28172 25536 2636 31363 2130 1474 3148 9823 22388 4834 4775 1836 17210 7823 9387 7551 5022 6935 888 4989 1709 5747 5509 6491
cat_boundaries=0 32 33 59 88 110 139 165 191
cat_threshold=0 0 0 0 0 0 0 0 0 0 0 0 262144 0 0 537919488 0 0 0 0 0 0 0 0 0 0 0 0 16 0 0 256 2 0 0 0 0 0 0 0 0 0 16384 0 0 524288 0 0 37748736 0 0 922746880 0 0 1879048192 0 0 0 2 0 0 0 0 0 0 2048 0 0 0 0 0 3145728 0 0 1048576 0 0 16777216 0 0 0 0 0 0 0 0 0 32 0 0 0 0 0 0 0 0 0 0 0 0 0 0 0 4194304 0 0 150994944 0 0 268435456 0 0 0 0 0 0 0 0 0 0 0 0 0 0 0 4194304 0 0 0 0 0 536870912 0 0 0 2 0 0 32 0 0 0 128 0 0 4096 0 0 0 0 0 0 0 0 0 0 0 268435456 0 0 2684354560 0 0 0 7 0 0 0 0 0 0 0 0 0 0 0 0 0 0 0 12582912 0 0 134217728 0 0 268435456 0 0 0 7
is_linear=0
shrinkage=0.05


Tree=31
num_leaves=31
num_cat=0
split_feature=24 24 18 33 3 12 41 41 12 1 38 25 38 12 23 10 1 21 28 21 34 33 10 10 28 40 18 34 10 3
split_gain=3633.92 113.036 65.8488 60.9319 56.6865 56.7053 53.8879 49.7446 48.5363 130.456 118.937 79.2178 99.8909 67.6577 46.0739 44.6501 42.5088 42.0737 47.629 40.8271 38.9364 38.818 35.5123 35.4882 34.6344 34.4066 31.1668 31.1511 29.6468 28.9906
threshold=34.384185791015632 42.304107666015632 1.1936388015747073 26.615039825439457 59.73816108703614 1.6691407561302187 31.860639572143558 28.572774887084964 2.1498625278472905 74.250000000000014 2.0225448608398442 3.6623902320861821 1.098777770996094 2.6391752958297734 33.056144714355476 1.8600933551788332 70.750000000000014 1.8343793749809267 996.46343994140636 1.9565182924270632 -6.7224426269531241 26.055552482604984 1.7663878202438357 0.900071680545807 1004.5359497070314 2.4685573577880864 2.0796307325363164 -9.9309997558593732 1.2136154770851137 166.03354644775393
decision_type=2 2 2 2 2 2 2 2 2 2 2 2 2 2 2 2 2 2 2 2 2 2 2 2 2 2 2 2 2 2
left_child=-1 2 -2 -3 5 6 -4 -6 11 10 13 12 16 -10 -14 21 -9 -5 -19 29 22 -11 -18 -22 -12 -8 -13 -17 -7 -16
right_child=1 3 4 17 7 28 25 8 9 15 24 26 14 -15 19 27 20 18 -20 -21 23 -23 -24 -25 -26 -27 -28 -29 -30 -31
leaf_value=-0.048718043288925574 -0.016170513958501397 0.013247030610738883 -0.006054745207170838 0.054399397009293707 -0.024271011296767831 -0.0062439774843032932 0.040738808498555865 0.025343883910028071 0.033745879777107836 -0.02987136274756624 0.023647870226612515 0.010435934698886257 0.0050534233902130151 0.076803952614707099 0.013683470477022295 -0.016576075807607539 -0.038270135012898748 -0.020241005278357149 0.035513080536756274 0.00051860180347712006 0.03041528074630085 0.0087995257582969295 0.0084348351024953732 -0.0077614358729700328 -0.014293812015058674 -0.0087391342639303229 -0.010353901119421749 0.028930031957416141 0.065595430017397607 0.037098689859479839
leaf_weight=2804.0866126092151 131.83823443204165 224.87912279739976 112.89062979747541 413.82290001027286 64.904167620930821 14.062250006245447 244.73605373478495 123.34091396466829 211.31162765691988 117.80665009655058 307.69343776488677 320.07737680641003 224.52346767135896 200.02703855885193 175.6191742005758 40.071646856609732 122.22103026788682 37.692766949534416 272.66361475363374 105.87733453698456 84.014234400587156 124.7474130007904 54.281258835224435 164.49969249544665 67.074988881126046 37.089490423444659 387.30715154786594 176.81269545177929 139.41750864614733 831.95768862287514
leaf_count=1119245 13457 1032 3757 2134 8159 115 1856 1513 1689 2078 1867 4893 6756 1477 1662 833 2546 174 1343 910 2491 831 994 5225 499 229 3218 1774 1332 5362
internal_value=-0.00244681 0.0210476 0.017725 0.0367444 0.0187627 0.0338106 0.0227865 0.0165688 0.0173205 0.0254493 0.0376964 0.0133341 0.0186609 0.0560102 0.0259802 0.00413784 0.000656503 0.0437613 0.0283213 0.0301174 -0.00692575 -0.0104217 -0.0242244 0.00582213 0.0166622 0.034151 -0.000932572 0.0201623 0.059034 0.033192
internal_weight=8337.35 5533.26 4584.2 949.058 4452.36 548.196 394.716 3904.17 3839.26 1245.55 786.107 2593.72 1886.33 411.339 1337.98 459.438 548.357 724.179 310.356 1113.45 425.016 242.554 176.502 248.514 374.768 281.826 707.385 216.884 153.48 1007.58
internal_count=1199451 80206 75523 4683 62066 7289 5842 54777 46618 11048 5532 35570 27459 3166 14690 5516 12769 3651 1517 7934 11256 2909 3540 7716 2366 2085 8111 2607 1447 7024
is_linear=0
shrinkage=0.05


Tree=32
num_leaves=31
num_cat=1
split_feature=24 45 45 20 34 1 24 34 14 3 6 23 34 1 1 14 24 32 14 24 16 3 43 43 18 26 30 45 30 14
split_gain=3450.81 211.672 80.8056 121.16 96.0062 93.8212 71.9488 63.3622 78.3043 58.4556 57.6525 57.6393 54.3171 82.36 59.4635 56.3854 53.6048 48.2808 66.362 45.1336 43.0819 43.0641 40.8795 39.3197 38.1627 37.1218 35.1398 33.2151 32.687 32.6145
threshold=34.384185791015632 35.609336853027351 31.984869956970218 1.8795478343963625 -5.8280029296874991 78.750000000000014 40.765533447265632 -13.552886962890623 2.5427390336990361 351.30989074707037 0 32.353000640869148 -11.871856689453123 77.750000000000014 73.750000000000014 2.4042958021163945 37.582305908203132 860.41809082031261 2.1115558147430424 39.851104736328132 1.6259512901306155 36.061334609985359 34.435461044311531 33.913173675537116 2.2498574256896977 3.4629226922988896 929.93750000000011 32.989572525024421 308.43750000000006 2.3678544759750371
decision_type=2 2 2 2 2 2 2 2 2 2 1 2 2 2 2 2 2 2 2 2 10 2 2 2 2 2 2 2 2 2
left_child=-1 2 3 -2 6 9 12 8 26 10 17 29 14 19 16 20 -4 18 -6 21 -15 -14 -19 -7 -8 28 -3 -24 -23 -5
right_child=1 7 4 11 5 23 24 -9 -10 -11 -12 -13 13 15 -16 -17 -18 22 -20 -21 -22 25 27 -25 -26 -27 -28 -29 -30 -31
leaf_value=-0.048753145442251927 -0.022897332343415844 0.050755907070409535 0.07167151354181063 0.012814792959879107 0.001437395899641712 -0.020409737066194564 0.0094619446603413804 0.051473990620245318 -0.00741612991641394 0.013341223241522713 -0.026311833399744827 -0.020295666743016576 0.038659025977490824 0.0095996863067531191 -0.023659759612663256 -0.030767093623627468 0.026839051082690375 0.058866246116347588 0.042151883562425267 0.020431068666943081 0.051300118629445571 0.036768565509311089 -0.022829085019360811 0.02914308493693939 -0.014857407115240568 -0.01270656845737702 0.0053760679387441501 0.035396781927966199 -0.0077102523328324186 0.044665754898907666
leaf_weight=2672.6756854283158 308.50763555802405 180.64672910422087 89.467109138611704 204.93158700154163 159.11431849049404 124.06641282746568 327.5646626856178 603.68364959210157 126.75831182301044 303.80208674538881 23.861718742642552 73.359385394956917 49.122709200251848 92.782199469394982 35.07452447572723 24.11770593514666 281.25336386496201 415.67294866172597 263.12780913151801 314.88374004326761 215.63363805087283 73.638429707847536 22.91026372089982 47.3462247364223 299.25665396638215 479.235115645919 58.254290357232094 119.56478562951088 75.963114133570343 136.38477952801622
leaf_count=1119847 34360 910 1118 5413 1201 2520 1515 3084 594 2466 719 950 631 1489 975 440 1864 2310 1340 1556 2022 661 109 240 1306 6056 264 558 1433 2046
internal_value=-0.00220842 0.0203343 0.0157601 0.000419924 0.0186424 0.0286116 0.0122931 0.0414747 0.0240355 0.0331405 0.0389395 0.017898 0.0175231 0.0124544 0.0333806 0.0336084 0.0392569 0.0406327 0.0271976 0.0051048 0.0394506 -0.00220711 0.0508541 -0.00587067 -0.00219957 -0.00595462 0.0403509 0.0251508 0.0151156 0.0264511
internal_weight=8202.66 5529.99 4560.64 723.183 3837.46 1479.47 2357.99 969.343 365.659 1308.05 1004.25 414.676 1731.17 1325.38 405.795 332.534 370.72 980.39 422.242 992.843 308.416 677.959 558.148 171.413 626.821 628.837 238.901 142.475 149.602 341.316
internal_count=1199997 80150 75298 42769 32529 11463 21066 4852 1768 8703 6237 8409 18245 14288 3957 3951 2982 5518 2541 10337 3511 8781 2977 2760 2821 8150 1174 667 2094 7459
cat_boundaries=0 1
cat_threshold=2
is_linear=0
shrinkage=0.05


Tree=33
num_leaves=31
num_cat=0
split_feature=24 24 18 15 3 11 14 34 41 12 14 1 14 43 15 24 20 18 43 27 34 31 31 32 37 41 35 41 39 43
split_gain=3267.87 99.2826 64.8449 52.9562 52.2322 82.6733 51.1582 45.9437 43.8511 40.7087 125.241 77.0542 73.9122 84.4006 66.6479 62.8411 60.9552 58.4078 56.4844 72.3787 52.2495 64.9229 43.5898 50.7133 42.9394 38.6819 37.9795 36.3225 35.4844 35.3898
threshold=34.384185791015632 42.304107666015632 1.1936388015747073 1.936334550380707 66.384490966796889 1.5108222961425783 4.1402482986450204 -15.375915527343748 28.572774887084964 2.1498625278472905 2.4235992431640629 75.250000000000014 2.0019258260726933 33.451574325561531 2.2581686973571782 37.140670776367195 1.4478527903556826 1.714900851249695 31.186271667480472 1003.5274963378907 -12.163055419921873 49.275375366210945 36.398002624511726 664.88919067382824 1.3750438690185549 31.606880187988285 1.0000000180025095e-35 32.855102539062507 1.046568810939789 35.03559875488282
decision_type=2 2 2 10 2 2 2 2 2 2 2 2 2 2 10 2 2 2 2 2 2 2 2 2 2 2 2 2 2 2
left_child=27 2 -2 -3 5 25 8 -5 -6 11 18 14 13 16 20 -12 -13 -14 -11 -20 26 24 -18 -24 -22 -4 -10 -1 -17 -19
right_child=1 3 4 7 6 -7 -8 -9 9 10 15 12 17 -15 -16 28 22 29 19 -21 21 -23 23 -25 -26 -27 -28 -29 -30 -31
leaf_value=-0.048997981960059001 -0.017192751804876231 0.048018907163307437 -0.0074127028365985684 -0.016629373869094782 -0.023178391922904745 0.061461277885188029 -0.035925625385425604 0.028509230562616505 0.0083178894058326108 0.034158021186467616 0.075329233993781441 -0.018396611981261239 -0.043482380213689879 0.047668609365606525 -0.014393172324628837 0.043204265723377551 0.0032947401443804772 0.0030684575331610293 0.025109323357356508 -0.023049087578037517 0.0077856292197719433 -0.01940664763324372 -0.0046167615383655445 0.065307422281008984 0.046946526099111763 0.02711853880962381 0.048825751900144009 0.024886579149840691 0.019775750890535453 0.037597877678665452
leaf_weight=2534.284033381613 129.31642222241499 415.796471349895 98.838276618625969 57.630760062485933 61.49547927826643 158.55817256402224 38.734525818610564 449.57924380805343 107.90815670811571 97.384250974049792 84.95247214846313 99.783270798623562 43.403831412084401 392.64196439739317 325.20593548985198 303.46476708166301 109.05781537294388 278.64000925561413 106.70706752571277 227.45716601307504 555.84807173348963 196.08801486063749 33.925464967964217 85.082168242195621 71.27543548331596 363.93968663574196 128.27746331319213 11.11444984609261 402.5489036059007 92.181046424433589
leaf_count=1118196 13521 2197 3826 268 7922 1579 1119 2244 630 1849 1651 4531 2025 2084 3754 1630 1398 3792 873 2206 5014 6083 848 1941 586 2746 1098 1647 2421 448
internal_value=-0.00182604 0.0197985 0.0167243 0.034752 0.0177432 0.0311937 0.0154927 0.0231581 0.0161092 0.0168149 0.0243238 0.0130894 0.022694 0.0322698 0.00511198 0.0360242 0.0129626 0.00566997 0.00254853 -0.00738815 0.0111781 0.00506667 0.0268793 0.0465614 0.0129034 0.0197427 0.0314082 -0.0485792 0.0303088 0.0124139
internal_weight=8061.12 5515.72 4592.72 923.006 4463.4 621.336 3842.06 507.21 3803.33 3741.83 1222.51 2519.32 1134.72 720.491 1384.6 790.966 327.849 414.225 431.548 334.164 1059.4 823.212 228.065 119.008 627.124 462.778 236.186 2545.4 706.014 370.821
internal_count=1200127 80284 75575 4709 62054 8151 53903 2512 52784 44862 10630 34232 17067 10802 17165 5702 8718 6265 4928 3079 13411 11683 4187 2789 5600 6572 1728 1119843 4051 4240
is_linear=0
shrinkage=0.05


Tree=34
num_leaves=31
num_cat=0
split_feature=24 24 18 16 13 24 3 34 26 41 30 24 43 15 24 14 41 43 0 0 27 27 16 39 41 41 27 0 26 12
split_gain=3023.09 135.266 77.1887 53.0642 47.3407 88.4866 80.4923 52.8593 52.6399 49.4082 43.3649 43.2024 40.019 35.6373 30.8803 30.5275 30.1568 55.9943 40.5282 29.5021 27.0388 28.4924 26.5714 37.1901 25.6222 22.3879 21.9987 21.2205 77.7839 32.5353
threshold=33.806060791015632 42.304107666015632 1.1936388015747073 3.0370045900344853 1.0945936441421511 39.851104736328132 94.937267303466811 -5.0225524902343741 7.6849637031555185 31.606880187988285 723.56250000000011 40.765533447265632 35.03559875488282 1.7129574418067934 37.582305908203132 1.6134985089302065 28.572774887084964 28.468138694763187 33.250000000000007 29.250000000000004 999.26361083984386 1006.7286682128907 3.3311449289321904 1.2537340521812441 31.860639572143558 31.860639572143558 999.26361083984386 29.250000000000004 3.6225973367691044 1.612839460372925
decision_type=2 2 2 10 2 2 2 2 2 2 2 2 2 8 2 2 2 2 2 2 2 2 10 2 2 2 2 2 2 2
left_child=-1 2 24 10 5 9 15 -7 11 14 -3 12 16 -12 -4 -6 -8 19 22 -18 -13 -22 27 -24 -2 -23 -5 -19 29 -29
right_child=1 3 4 26 6 7 8 -9 -10 -11 13 20 -14 -15 -16 -17 17 18 -20 -21 21 25 23 -25 -26 -27 -28 28 -30 -31
leaf_value=-0.049107698137310668 -0.035619553362639056 0.046961419535083627 -0.038512284730061103 -0.027737420416536776 -0.0040014011387168626 0.012737493232589782 -0.020484755203276611 0.046000532335614068 -0.019343631469140254 0.0077662857233894572 0.035946148141906296 -0.012025711651677005 0.036402993039363306 -0.012708407681358183 -0.0064573399868173148 0.04308438339927502 -0.0090806482584674334 0.017314825552062069 0.077786405303430742 0.11340114709213432 0.018240866420127629 -0.034914455527022409 0.052534090120964876 -0.0080458606734245264 0.0068896367057002918 0.014957242966922036 0.016995393584629009 -0.019102720502620546 -0.023055117807809 0.030360542974082472
leaf_weight=2379.5504369686823 89.697296854108572 609.7840725556016 104.8028269733768 24.538074026815593 35.863217739155516 436.72877442650497 43.504814094398171 161.38919565454125 94.33495465060696 449.14129432872869 72.757124505937099 161.62451745383441 331.69221221236512 61.782294783741236 232.74908333737403 393.55537756043486 4.4861172267701503 1155.9720652718097 17.745979705126956 12.909399688942356 315.13281768001616 43.196078792214394 91.099696643650532 30.590993268415332 50.630890711443499 31.377568989992142 133.87795612215996 33.02078550378792 152.41534409299493 183.39799848734401
leaf_count=1104634 16954 3272 16529 115 571 2052 5377 762 768 6199 358 777 2001 283 3282 4546 762 17279 341 384 1445 190 983 359 1913 151 655 1152 2475 2514
internal_value=-0.00206463 0.0181215 0.0146296 0.0357778 0.0157753 0.00799477 0.0191792 0.0223217 0.0158732 -0.00304133 0.0413198 0.0172159 0.0205366 0.0142699 -0.0172315 0.0391504 0.0172938 0.0183864 0.0171043 0.0900297 0.00468241 0.0117393 0.0159847 0.0378507 -0.0208441 -0.0146431 0.0088309 0.0140043 0.0034457 0.0223032
internal_weight=7939.35 5559.8 4657.06 902.74 4516.73 1384.81 3131.92 598.118 2702.5 786.693 744.323 2608.17 2056.84 134.539 337.552 429.419 1725.14 1681.64 1664.24 17.3955 551.331 389.706 1646.5 121.691 140.328 74.5736 158.416 1524.81 368.834 216.419
internal_count=1199083 94449 89766 4683 70899 28824 42075 2814 36958 26010 3913 36190 33627 641 19811 5117 31626 26249 25103 1146 2563 1786 24762 1342 18867 341 770 23420 6141 3666
is_linear=0
shrinkage=0.05


Tree=35
num_leaves=31
num_cat=6
split_feature=23 9 5 5 33 39 5 29 36 16 10 30 37 26 5 3 33 32 19 33 34 16 14 14 5 43 26 3 14 34
split_gain=2637.84 114.873 75.3195 63.2629 137.478 61.0384 59.171 53.1389 50.2399 47.6345 39.659 38.7286 46.3438 45.201 33.7991 42.627 38.7573 32.9676 31.6638 28.2971 28.9465 27.4143 27.2578 26.907 26.723 37.1952 35.9974 28.4118 40.6814 27.6266
threshold=29.798000335693363 0 1 2 26.055552482604984 2.2932978868484502 3 0.011745452880859377 10.953426361083986 2.0057414770126347 1.7663878202438357 742.81250000000011 1.4617691040039065 3.7046773433685307 4 43.839263916015632 26.190527915954593 990.69348144531261 1.9623003005981448 27.436223983764652 -7.9386901855468741 1.5018700957298281 2.2782458066940312 1.3179482221603396 5 35.03559875488282 3.7046773433685307 21.727697372436527 2.0019258260726933 -3.6932067871093746
decision_type=2 1 9 9 2 2 9 2 2 10 2 2 2 2 9 2 2 2 2 2 2 10 2 2 9 2 2 2 2 2
left_child=3 2 11 4 -1 7 8 14 9 -3 22 13 -13 -2 16 -16 -4 -12 -6 20 -17 -8 -11 -15 25 27 -26 -9 29 -29
right_child=1 6 5 -5 18 -7 21 24 -10 10 17 12 -14 23 15 19 -18 -19 -20 -21 -22 -23 -24 -25 26 -27 -28 28 -30 -31
leaf_value=-0.038488663204214936 0.041624193838524184 0.000157109236226572 -0.02169136846516561 -0.048622052632685923 -0.004398663925509025 0.048261125448716996 -0.035166518452028742 0.05088972863951139 -0.023782487287872703 0.027432652088684235 0.069814967224738664 0.018620306908896721 -0.03138558987570049 -0.025824809826668307 0.038062603309639099 -0.036108016878982734 0.035797646597206322 0.014428077560892439 0.1109186748307959 -0.015095212150822475 0.01833179494617496 -0.0057619904492414208 -0.02250833517595997 0.025059212220616179 0.014477121579634732 0.037208765411308437 -0.0073303505518091715 0.021093811369330865 -0.019214500817093808 -0.028109496130779673
leaf_weight=66.629482630873099 579.81453457707539 177.85275495238602 25.178072047885507 2204.3952892371453 6.8299166348297176 109.69163807830773 93.656655540922657 22.498433620436117 70.560969925718382 61.419422001810744 80.191470668185502 462.9309957860969 42.29908555932343 18.888794474303722 100.21536678052507 18.040099565638229 387.41460159397684 47.265690573258325 15.16142326989211 134.21811398933642 216.57525984849781 361.00113921728916 35.015476641245186 1159.3764903491829 267.70463013206609 121.8764393334277 584.03026084555313 198.718366115354 131.63211987912655 24.210495523177087
leaf_count=28848 4650 6513 479 1066612 1042 745 19622 299 10547 1254 1645 4182 256 985 710 125 2380 579 441 1045 2140 18270 810 8245 4502 651 7052 3013 2211 955
internal_value=-0.00208919 0.0166029 0.019808 -0.0470631 -0.00214069 0.0132707 0.000421952 0.0114029 0.0125583 0.0196686 0.0344986 0.0263971 0.0139058 0.0300372 0.0208857 0.0105493 0.0311227 0.0518194 0.0849243 0.0025448 0.0128408 -0.0121834 0.00888807 0.024033 0.00510509 0.0140295 -0.000383243 0.00613206 0.00197398 0.0147729
internal_weight=7825.29 5532.28 4605.31 2293.02 88.6208 2342 926.964 2232.31 472.306 401.745 223.892 2263.31 505.23 1758.08 881.642 469.049 412.593 127.457 21.9913 368.833 234.615 454.658 96.4349 1178.27 1350.67 498.936 851.735 377.059 354.561 222.929
internal_count=1200808 103865 44625 1096943 30331 26307 59240 25562 21348 10801 4288 18318 4438 13880 6879 4020 2859 2224 1483 3310 2265 37892 2064 9230 18683 7129 11554 6478 6179 3968
cat_boundaries=0 1 33 65 94 116 142
cat_threshold=18 0 0 0 0 0 0 0 0 0 0 0 0 1572864 0 0 1048576 0 0 50331648 0 0 268435456 0 0 0 3 0 0 32 0 0 256 0 0 0 0 0 0 0 0 0 0 0 0 0 0 0 0 0 0 0 0 0 1879048192 0 0 0 2 0 0 0 0 0 256 0 0 0 0 0 0 2048 0 0 0 0 0 3145728 0 0 591396864 0 0 956301312 0 0 805306368 0 0 0 0 0 0 48 0 0 0 0 0 0 0 0 0 0 0 0 262144 0 0 12582912 0 0 0 0 0 1610612736 0 0 0 0 0 0 0 0 0 49152 0 0 2097152 0 0 60817408 0 0 402653184 0 0 0 0 0 0 4
is_linear=0
shrinkage=0.05


Tree=36
num_leaves=31
num_cat=5
split_feature=24 24 18 8 12 5 38 5 15 28 15 0 25 31 34 33 28 33 37 34 18 28 14 44 17 33 5 34 5 44
split_gain=2700.69 88.8647 64.705 49.0068 45.9607 144.266 116.351 86.6317 62.3167 49.7296 38.3759 38.313 38.1331 40.1863 40.2794 33.4186 33.3396 30.1919 29.9781 28.9917 36.8785 35.9537 28.9439 28.7469 43.054 37.7844 28.2715 33.1151 27.2361 26.8488
threshold=33.620635986328132 42.304107666015632 1.1936388015747073 0 2.1498625278472905 1 2.1256151199340825 2 2.2581686973571782 1008.1309204101564 2.1391633749008183 26.750000000000004 3.8613376617431645 51.823167800903327 -15.375915527343748 28.585919380187992 1008.2515563964845 26.190527915954593 1.1659431457519533 -5.9145202636718741 2.4272553920745854 1005.8734436035157 2.4828369617462163 34.437644958496101 2.2158982753753667 28.585919380187992 3 -15.375915527343748 4 32.049314498901374
decision_type=2 2 2 1 2 9 2 9 10 2 10 2 2 2 2 2 2 2 2 2 2 2 2 2 10 2 9 2 9 2
left_child=-1 2 -2 15 7 6 -6 9 12 23 -8 -10 13 16 -15 19 18 -5 -9 20 -3 -21 -12 24 25 29 -24 -28 -14 -4
right_child=1 3 4 17 5 -7 10 8 11 -11 22 -13 28 14 -16 -17 -18 -19 -20 21 -22 -23 26 -25 -26 -27 27 -29 -30 -31
leaf_value=-0.049337407155363736 -0.018561919435311155 0.016669637614649933 -0.016229154421251842 0.011743219573010355 0.044106883955877231 -0.01720686045123054 0.034879300960117057 0.014819532029551939 0.011122454198833356 -0.033818521406507117 -0.013259506300558929 -0.022608293974506748 -0.018247103698758212 0.059343986289738117 -0.0158400206511972 0.047761517577113929 -0.030548936206990868 0.056567430548400126 0.03805046541142329 0.041061463260439635 -0.020987062302755981 -0.023339742098071044 -0.000531705479522477 0.033684438722893749 0.043637068486436559 0.045948790141295007 -0.024862808406525664 0.0407576913623292 0.0071314661726803287 0.012045470705696414
leaf_weight=2151.547623912571 142.07654972071759 255.52251008618623 91.484806840773672 52.212208032608032 607.4194022344891 188.70318624633364 135.67499201744795 771.20012584608048 111.5405187625438 30.696038805413991 137.81213110778481 279.75233458541334 167.84109800006263 10.058627505553885 158.9482597655151 100.85773798823357 26.031090575736016 219.85235032439232 169.16506429109722 148.30780622363091 76.797142468392849 18.507083281874657 175.36183711653575 439.31081048212945 120.43548781098798 62.553265820024535 15.854756938992066 113.39598558656871 225.75413574790582 500.20115022920072
leaf_count=1100996 20794 1278 8577 257 6154 4121 1473 7919 1653 3494 1565 4551 1826 136 9606 576 3709 1283 1782 792 367 93 1237 2243 2574 516 96 792 3550 6155
internal_value=-0.00191051 0.0165199 0.0137359 0.0311397 0.0147854 0.0224278 0.0287314 0.0114069 0.00460441 0.0215728 0.0125893 -0.0129556 0.00918316 0.0138011 -0.00830016 0.0225155 0.0177117 0.0486865 0.019355 0.0165763 0.00760852 0.0330006 0.00513394 0.0234144 0.0172354 0.0117914 0.0136124 0.0293902 -0.00415012 0.00747666
internal_weight=7704.88 5553.33 4681.27 872.057 4539.2 1374.22 1185.52 3164.97 1920.29 1244.68 578.1 391.293 1529 1135.4 169.007 599.992 966.396 272.065 940.365 499.135 332.32 166.815 442.425 1213.99 774.675 654.239 304.613 129.251 393.595 591.686
internal_count=1200165 99169 94523 4646 73729 15438 11317 58291 34732 23559 5163 6204 28528 23152 9742 3106 13410 1540 9701 2530 1645 885 3690 20065 17822 15248 2125 888 5376 14732
cat_boundaries=0 1 30 62 84 110
cat_threshold=2 0 0 0 0 0 0 0 0 0 16384 0 0 0 0 0 3145728 0 0 1056964608 0 0 1879048192 0 0 0 3 0 0 32 0 0 0 0 0 0 2048 0 0 0 0 0 3670016 0 0 59768832 0 0 687865856 0 0 0 0 0 0 4 0 0 48 0 0 256 0 0 0 0 0 0 0 0 0 0 0 0 0 0 0 0 0 0 201326592 0 0 1879048192 0 0 0 0 0 0 0 0 0 0 0 0 0 0 0 4194304 0 0 67108864 0 0 805306368 0 0 0 2
is_linear=0
shrinkage=0.05


Tree=37
num_leaves=31
num_cat=4
split_feature=24 1 5 12 30 39 34 24 22 5 34 26 34 10 38 17 26 28 43 31 43 5 12 3 14 12 43 5 10 38
split_gain=2534.6 103.28 87.322 85.8962 88.3041 78.6278 83.3236 65.008 71.6635 56.1288 49.1263 47.7347 46.2291 40.7713 40.5049 36.0587 35.46 34.9036 65.6997 40.6776 45.0162 34.3381 33.553 31.9361 41.0335 56.9365 76.3278 54.9789 60.4029 44.2404
threshold=33.620635986328132 72.750000000000014 0 2.0905809402465825 832.31250000000011 2.2088080644607548 -8.5403442382812482 42.304107666015632 1.0000000180025095e-35 1 -12.776153564453123 3.2664089202880864 -15.375915527343748 1.8600933551788332 3.1715602874755864 1.9247606396675112 5.9998018741607675 1003.5659179687501 31.993626594543461 35.692533493041999 33.913173675537116 2 1.2772864103317263 580.66433715820324 1.6410831809043886 1.368084251880646 33.072055816650398 3 2.6270232200622563 2.3444166183471684
decision_type=2 2 9 2 2 2 2 2 2 9 2 2 2 2 2 10 2 2 2 2 2 9 2 2 2 2 2 9 2 2
left_child=-1 3 -3 4 7 6 9 8 11 -4 -7 -2 -5 -11 -10 22 -15 19 -19 -13 -21 -8 -6 24 25 26 -23 28 29 -26
right_child=1 2 5 12 15 10 21 -9 14 13 -12 17 -14 16 -16 -17 -18 18 -20 20 -22 23 -24 -25 27 -27 -28 -29 -30 -31
leaf_value=-0.049172305580532261 0.035998141010610302 -0.034147245454531724 -0.034452255221306412 -0.0041395304906446584 -0.0079910860149376914 -0.025798741465212202 -0.026692688447937485 0.040010469605789974 0.060594807318102475 -0.02792304379602073 0.055251478748156384 -0.020786104779143902 0.037527273201005885 0.015477487096151966 -0.004707040075797587 -0.022716003361691942 -0.02921316139818424 -0.019760440989298703 0.038192007254446082 -0.018134479293594678 0.016685551163920658 0.0043435851313280384 0.024427828554430979 -0.014614536310395568 -0.032477821170430736 0.0052803848064163555 0.056470720860794243 0.01719177900471126 0.041590360068739202 0.0055733333274495074
leaf_weight=2046.2601720790844 148.29287758294959 96.089668717118911 134.09751083632 69.836702421773225 170.39217249269132 15.665339868050067 35.841776152374223 368.05897109210491 111.62889183848165 85.661334300064482 127.30785345227923 165.13119287276641 893.27663137845229 288.03913598507643 27.800483274040744 147.08554199698847 42.700021213851869 60.772724152775481 164.30049846647307 117.53616579179652 337.20951769221574 104.32271891238634 134.45675556873903 82.913094193674624 156.0118626318872 186.0579101551557 216.6310811098665 868.6037105305586 45.788203852134757 136.81637078546919
leaf_count=1099837 3908 14553 3667 433 3368 170 2314 2096 2307 3395 796 1075 7207 4885 412 1991 396 3368 890 2869 2080 7890 1486 3270 3304 3378 1289 14771 412 1106
internal_value=-0.00175803 0.0158173 0.00856899 0.0222851 0.016118 0.0104154 0.0081881 0.0219201 0.015743 -0.00875436 0.045265 0.010762 0.0344945 0.000921647 0.0481308 -0.00320634 0.00901969 0.00596371 0.0223691 -0.000253566 0.00748921 0.0132963 0.00662932 0.0143057 0.0158641 0.0277167 0.0401705 0.0106994 -0.00628302 -0.0151024
internal_weight=7584.59 5538.33 2622.55 2915.78 1952.67 2526.46 2383.48 1500.73 1132.67 550.498 142.973 993.243 963.113 416.4 139.429 451.934 330.739 844.95 225.073 619.877 454.746 1832.99 304.849 1797.14 1714.23 507.012 320.954 1207.22 338.616 292.828
internal_count=1198923 99086 65596 33490 25850 51043 50077 19005 16909 12343 966 14190 7640 8676 2719 6845 5281 10282 4258 6024 4949 37734 4854 35420 32150 12557 9179 19593 4822 4410
cat_boundaries=0 32 51 77 93
cat_threshold=24 0 0 128 0 0 5120 0 0 2162688 0 0 54525952 0 0 404750336 0 0 3221225472 3 0 0 1 0 0 0 0 0 0 0 0 4096 0 0 0 0 0 0 0 0 0 0 0 0 1572864 0 0 12582912 0 0 637534208 0 0 0 0 0 0 0 0 0 0 0 0 0 0 0 0 0 0 0 0 0 2147483648 0 0 0 6 0 0 0 0 0 0 0 0 0 49152 0 0 1966080 0 0 4194304
is_linear=0
shrinkage=0.05


Tree=38
num_leaves=31
num_cat=0
split_feature=24 45 38 13 36 33 45 34 33 39 0 37 35 34 21 24 13 24 33 34 34 38 45 34 31 43 0 37 0 34
split_gain=2419.77 166.085 123.882 86.7566 77.4833 63.5789 55.7439 54.3783 52.9466 52.4229 63.6288 39.5117 39.4483 37.9142 37.3115 45.3644 41.2771 33.9132 32.9749 31.6959 31.539 31.5145 31.2698 46.3553 74.4039 30.8731 40.5125 31.6732 29.1604 24.7585
threshold=33.806060791015632 33.931686401367195 2.8906154632568364 1.0945936441421511 2.5820732116699223 27.073344230651859 31.428874969482425 -5.4356384277343741 21.95654392242432 0.67745548486709606 21.250000000000004 0.98845672607421886 0.067234039306640639 -9.1949157714843732 1.894307613372803 35.676513671875007 2.0376589298248295 38.550567626953132 26.190527915954593 -6.9131774902343741 -5.9145202636718741 2.2297039031982426 35.609336853027351 -5.7439575195312491 37.798444747924812 32.325010299682624 32.750000000000007 1.4617691040039065 29.250000000000004 -8.8008117675781232
decision_type=2 2 2 2 2 2 2 2 2 2 2 2 2 2 2 2 2 2 2 2 2 2 2 2 2 2 2 2 2 2
left_child=-1 2 3 6 14 8 -2 -8 29 11 21 -10 22 -14 -5 16 -16 -9 19 -17 28 -11 23 24 -7 27 -27 -4 -20 -3
right_child=1 5 25 4 -6 12 7 17 9 10 -12 -13 13 -15 15 18 -18 -19 20 -21 -22 -23 -24 -25 -26 26 -28 -29 -30 -31
leaf_value=-0.049077765466696843 -0.03532166933801064 0.056040065013856166 -0.013990442643662683 0.016804499104343729 -0.0037237504001507628 -0.0054454590926363428 -0.0093783634165187698 -0.0078392419828915132 -0.017018018978269513 0.015957418478382449 0.013935045691949531 0.031141084632608718 0.024801101238079326 -0.038465261653842182 -0.0074829030179459216 0.032540566344416107 0.13121143577085417 0.030811694315044463 0.03263863382150918 -0.011855554986755182 0.048986786108704952 0.058300698815081556 0.048379342447897732 0.045900778030421863 0.041030238483305691 -0.023597311142783708 0.029268191320706956 0.031804180281787213 -0.015160081779653244 -0.0056935405564777393
leaf_weight=1962.2401038376847 97.899735351908021 110.50342497602105 72.988890781649388 764.10890476964414 305.25192038051318 183.58371063694358 345.78069516294636 74.001069883815944 182.70930561795831 78.244532231241465 1048.4968189001083 44.970251362770796 51.551913507282734 28.489945851266384 5.7489418522454825 65.770603288896382 11.820845174603162 192.66545695438981 77.881222333759069 77.539898114278913 233.09890438616276 130.60261608287692 387.42564456164837 221.62566965073347 148.87888568267226 421.14330339129083 31.142223836388439 60.11772783647757 42.664152541197836 16.759536236524582
leaf_count=1106189 20714 766 6016 13824 16058 812 7441 3215 1072 373 5254 245 262 152 512 615 600 1092 435 1012 1236 623 2306 1155 689 5352 308 1690 263 184
internal_value=-0.00153776 0.0154399 0.00710254 0.0123357 0.0188133 0.024494 -0.00216823 0.00361367 0.0181155 0.0152425 0.0192178 -0.00659584 0.0342877 0.0005112 0.0241808 0.0346059 0.0995763 0.0201902 0.03039 0.00931302 0.0384402 0.0438908 0.0371237 0.0285354 0.015957 -0.0132697 -0.0194029 0.00746985 0.015856 0.0480877
internal_weight=7475.71 5513.47 2879.62 2294.23 1583.89 2633.84 710.347 612.447 1612.29 1485.02 1257.34 227.68 1021.56 80.0419 1278.63 514.525 17.5698 266.667 496.955 143.311 353.644 208.847 941.514 554.088 332.463 585.392 452.286 133.107 120.545 127.263
internal_count=1200465 94276 80383 67017 34555 13893 32462 11748 8517 7567 6250 1317 5376 414 18497 4673 1112 4307 3561 1627 1934 996 4962 2656 1501 13366 5660 7706 698 950
is_linear=0
shrinkage=0.05


Tree=39
num_leaves=31
num_cat=5
split_feature=24 1 33 6 39 11 5 1 23 38 31 36 29 36 15 22 32 5 29 14 38 5 23 31 23 15 31 5 41 38
split_gain=2218.01 91.4202 93.8364 83.4818 100.071 80.0868 61.4765 41.3098 39.5557 39.0595 49.2235 36.5632 36.474 35.7585 54.9306 46.4323 35.2344 40.6151 37.6672 65.5519 56.6718 57.2629 48.6309 42.4866 37.1931 36.4977 34.2166 32.4869 38.0481 48.286
threshold=33.620635986328132 72.750000000000014 26.328000068664554 0 2.2932978868484502 1.6347045898437502 1 74.250000000000014 34.414058685302741 4.7652246952056894 30.187314987182621 0.30755996704101568 0.93986892700195324 0.39625167846679693 2.2581686973571782 0.10442733764648439 785.69784545898449 2 0.032672882080078132 1.5310646295547488 2.2297039031982426 3 32.678802490234382 22.905179977416996 34.414058685302741 2.11680018901825 47.153011322021491 4 31.860639572143558 -0.39198493957519526
decision_type=2 2 2 1 2 2 9 2 2 2 2 2 2 2 10 2 2 9 2 2 2 9 2 2 2 10 2 9 2 2
left_child=-1 2 5 4 6 12 8 11 -3 16 -11 -5 26 14 -7 -15 17 -8 -18 22 21 -21 -20 -22 -25 -23 -2 -4 -29 -30
right_child=1 3 27 7 -6 13 9 -9 -10 10 -12 -13 -14 15 -16 -17 18 -19 19 20 23 25 -24 24 -26 -27 -28 28 29 -31
leaf_value=-0.049042221840516806 0.010017996829771702 -0.037269507089402604 0.03160555766504871 -0.037785731084548864 0.057791822271466842 0.066542353712755617 0.017581154073106869 -0.045526847688490642 0.03093367154718878 -0.048492218807368592 0.018401959292122544 0.010161435403252055 0.037343217467506601 -0.0080710368477128827 0.016997129542887721 0.038532465585635015 0.024676360307094317 -0.011664060731425546 -0.019696644942752608 0.020703385863506767 -0.030106920417799672 -0.043862610802527867 0.03714300460229112 -0.0035759132139875065 0.030070815914782164 0.00068941045601208996 -0.015306183388424653 0.00089835408376551609 -0.016437778235341285 0.035548881125007412
leaf_weight=1855.4000599016435 192.87780802184716 105.89665693638381 1265.399695128086 46.880850941408426 95.86919267824851 87.499626102740876 171.8475325506879 87.805848039337434 18.054575128480792 52.62754182703793 41.682939280639403 123.0056500651408 40.81662982958369 143.68664864380844 154.78262595797423 72.713456712896004 615.09101841447409 291.51490180112887 37.984663982642815 63.950818698736839 43.196568659972399 140.84156250907108 234.45281800534576 124.75370715628378 219.9078052341938 65.67983319691848 385.57319213123992 244.48051918728743 47.460170468315482 258.20129544474185
leaf_count=1099789 4477 10141 7789 1262 584 1113 5547 17313 99 248 280 3077 1085 1989 1397 1217 5980 6986 3382 1318 286 3262 1712 1650 1076 1259 9431 3236 401 1421
internal_value=-0.00194759 0.0140738 0.0201671 0.00719142 0.0101922 0.00837428 0.00793993 -0.0189078 -0.0239774 0.00999139 -0.0199969 -0.00443478 -0.00337635 0.0239724 0.0368186 0.00859868 0.0115405 -0.000550588 0.015145 0.00865099 5.98324e-06 -0.0172069 0.0288013 0.0121402 0.0181346 -0.028978 -0.00683538 0.0270846 0.0154669 0.0272119
internal_weight=7329.94 5474.54 2893.49 2581.04 2323.35 1077.95 2227.48 257.692 123.951 2103.53 94.3105 169.887 619.268 458.682 242.282 216.4 2009.22 463.362 1545.86 930.768 658.33 270.472 272.437 387.858 344.662 206.521 578.451 1815.54 550.142 305.661
internal_count=1198807 99018 33556 65462 43810 20709 43226 21652 10240 32986 528 4339 14993 5716 2510 3206 32458 12533 19925 13945 8851 5839 5094 3012 2726 4521 13908 12847 5058 1822
cat_boundaries=0 1 27 53 75 107
cat_threshold=2 8 0 0 128 0 0 5120 0 0 2162688 0 0 50331648 0 0 471859200 0 0 1073741824 0 0 2147483648 1 0 0 2 0 0 0 0 0 0 2048 0 0 0 0 0 1179648 0 0 587202560 0 0 838860800 0 0 536870912 0 0 0 4 0 0 0 0 0 0 2048 0 0 0 0 0 0 0 0 0 0 0 973078528 0 0 1610612736 0 0 0 0 0 0 0 0 0 0 0 0 0 0 0 0 0 0 50331648 0 0 805306368 0 0 0 0 0 0 32 0 0 256
is_linear=0
shrinkage=0.05


Tree=40
num_leaves=31
num_cat=5
split_feature=45 45 31 38 36 5 5 30 16 11 34 5 16 5 5 16 34 41 39 34 25 3 41 45 21 16 30 38 40 30
split_gain=2153.9 150.406 58.6311 54.8084 66.1498 63.9483 56.8841 49.2372 50.8718 48.4648 46.2893 82.2151 42.1998 40.8125 40.7424 34.3118 31.6446 41.5737 31.4552 29.7232 29.4326 35.7577 28.3482 27.122 33.8781 25.7285 24.3824 28.786 25.8319 23.7616
threshold=29.869463920593265 35.609336853027351 66.814659118652358 3.505244374275208 1.2001991271972658 0 1 865.06250000000011 1.6000951528549197 2.0593229532241826 -5.4356384277343741 2 2.4168769121170048 3 4 1.6512525677680971 -8.1755065917968732 30.250887870788578 0.94525805115699779 0.60879516601562511 2.4643256664276127 36.061334609985359 32.855102539062507 32.631086349487312 1.2189798951148989 1.6259512901306155 1.0000000180025095e-35 -0.98774719238281239 3.5038142204284672 781.56250000000011
decision_type=2 2 2 2 2 9 9 2 10 2 2 9 10 9 9 10 2 2 2 2 2 2 2 2 2 10 2 2 2 2
left_child=-1 2 3 4 6 16 9 -3 -9 19 14 23 -7 15 25 -6 17 -5 -10 -2 29 -22 -4 24 -12 -8 -23 -28 -29 -16
right_child=1 7 22 5 13 12 10 8 18 -11 11 -13 -14 -15 20 -17 -18 -19 -20 -21 21 26 -24 -25 -26 -27 27 28 -30 -31
leaf_value=-0.048405546026052612 0.02343673239892078 0.039154439518098501 -0.040132931483047585 0.0096807690873308913 -0.013630977537942702 0.024552821790601816 0.0021810814101548438 0.048832418742745284 -0.03984784512718198 0.049457856898224614 -0.010587241144210646 -0.014225955453107939 -0.0049229384193564419 -0.012783169615917141 0.026075590939599214 0.016542663289907514 -0.0032982580970587188 -0.049479246428944322 0.0093717857902506901 -0.029126714176978104 0.03413088277274378 0.005696632173328108 0.021448868333031133 0.035281217855414791 0.024818808558938796 0.03013392676235363 0.014107462560183512 -0.027380832784302946 0.02099411680024868 -0.014236652554141933
leaf_weight=1814.1859437769745 646.82828696980141 697.83904415369034 72.665460531134158 36.275601041037589 112.84714143315796 259.61196511029266 132.82464052317664 44.283876433968544 40.862149305641651 208.13368290662766 85.159505848307163 133.71271455544047 215.7873278663028 296.78377125947736 133.20720815984532 414.70090331509709 181.95263960200828 103.69002542644739 82.010541923344135 19.834400562685914 39.465550424414687 158.63034820440225 17.229685632046312 448.82695658598095 247.39656823361292 213.85347770818044 54.625184441101737 286.69250451470725 23.16552214929834 41.880861104815267
leaf_count=1109585 6499 3994 22328 583 4511 2478 1499 229 202 1258 2357 4560 1579 9862 1179 8704 1485 747 380 458 298 1062 1315 2517 2663 1926 504 3388 282 780
internal_value=-0.00136799 0.0143475 0.010694 0.011514 0.0140709 -0.000374357 0.0176412 0.0333732 0.00839014 0.0282895 0.0126609 0.0209514 0.0111187 0.00156012 0.00565262 0.00977295 -0.0169936 -0.0345233 -0.00876361 0.0214655 -0.00114982 -0.00675327 -0.0273643 0.0269144 0.0157078 0.019246 -0.0104201 -0.0173992 -0.0232209 0.0161847
internal_weight=7264.96 5450.78 4585.78 4495.89 3698.57 797.318 2874.24 864.996 167.157 874.796 1999.44 915.096 475.399 824.332 1084.35 527.548 321.918 139.966 122.873 666.663 737.667 562.579 89.8951 781.383 332.556 346.678 523.114 364.483 309.858 175.088
internal_count=1199212 89627 84822 61179 54307 6872 31230 4805 811 8215 23015 12097 4057 23077 10918 13215 2815 1330 582 6957 7493 5534 23643 7537 5020 3425 5236 4174 3670 1959
cat_boundaries=0 26 58 80 109 128
cat_threshold=0 0 0 0 0 0 0 0 0 0 0 0 0 0 0 6291456 0 0 83886080 0 0 805306368 0 0 0 1 0 0 0 0 0 0 0 0 0 32768 0 0 1048576 0 0 0 0 0 50331648 0 0 0 0 0 0 3 0 0 32 0 0 256 0 0 0 0 0 0 0 0 0 16384 0 0 786432 0 0 7340032 0 0 201326592 0 0 1879048192 0 0 0 0 0 0 2048 0 0 65536 0 0 3145728 0 0 593494016 0 0 956301312 0 0 1879048192 0 0 0 1 0 0 32 0 0 0 0 0 0 2048 0 0 16384 0 0 524288 0 0 59768832 0 0 268435456
is_linear=0
shrinkage=0.05


Tree=41
num_leaves=31
num_cat=0
split_feature=45 45 45 19 34 44 1 32 34 14 27 44 12 38 45 38 25 12 1 34 34 34 3 11 11 27 1 34 39 34
split_gain=2005.76 153.316 54.3932 84.8223 66.4351 57.8961 50.713 63.7025 48.7657 55.7119 40.5438 37.8783 45.9546 39.7039 38.6946 35.1666 34.8905 34.2598 33.991 33.8389 33.4567 58.4023 40.1284 31.2476 29.895 29.3943 29.2807 32.2264 27 26.4891
threshold=29.869463920593265 35.609336853027351 31.984869956970218 1.5982716679573061 -6.1723327636718741 32.049314498901374 72.750000000000014 860.41809082031261 -13.552886962890623 2.5427390336990361 1006.6624145507814 36.194637298583991 2.2499147653579716 2.2845287322998051 33.931686401367195 3.505244374275208 4.9763836860656747 3.0287474393844609 73.750000000000014 -13.552886962890623 0.051055908203125007 -3.1219787597656246 111.67758560180665 2.2441158294677739 2.533553004264832 1005.0335998535157 78.750000000000014 -8.1755065917968732 1.7420387268066408 -5.4356384277343741
decision_type=2 2 2 2 2 2 2 2 2 2 2 2 2 2 2 2 2 2 2 2 2 2 2 2 2 2 2 2 2 2
left_child=-1 2 3 -2 11 17 16 -8 9 -3 -9 12 14 18 19 -13 -6 20 -14 -4 21 22 25 28 -15 -5 -16 -28 29 -12
right_child=1 8 4 5 6 -7 7 10 -10 -11 23 15 13 24 26 -17 -18 -19 -20 -21 -22 -23 -24 -25 -26 -27 27 -29 -30 -31
leaf_value=-0.048377208938153941 -0.024431752911386728 0.031629768952789697 0.027630394472809357 0.084599759713408496 0.036690852434639022 -0.017259451617375007 -0.0080465290227675207 0.038358668819920956 0.042642562134176019 -0.010622739105181404 -0.010181737960126371 0.016076041293792979 0.048365923359257934 0.020618186851228695 0.0083372232374379681 -0.025517281256921376 0.0090274674324833295 0.050213938181863871 -0.0048016856041838913 -0.0062529039826811558 -0.029242776064997551 0.057768222801885954 -0.0072764582799772137 -0.017109986858055055 -0.018161340811458388 -0.014403360380443174 0.0047831732699438259 0.056535477807257553 -0.032365713410682839 0.026761773360217789
leaf_weight=1730.5586252614157 271.81601967010647 214.75210481137037 71.902487672166899 12.820806619129145 507.31102346116677 128.72703815228306 270.75892901653424 206.56531263119541 505.56797661632299 113.29249620437622 52.710320816375315 65.851448521018028 161.28823638521135 134.57493064226583 737.81609535031021 152.6677783979103 156.37010890198871 69.361037036520429 34.394110423512757 731.8471630779095 33.32448917243164 58.799887492903508 148.78492364136036 71.594081977847964 66.568671433255076 7.3875997327268115 54.983804542571306 62.25072442740202 16.865688227582723 281.35213564266451
leaf_count=1110570 42350 1182 896 355 3234 1967 3170 1515 2973 557 469 314 974 841 4123 780 931 682 504 10734 808 862 4397 536 461 393 315 286 98 2662
internal_value=-0.00169023 0.0133271 0.00968529 -0.00278299 0.0120614 0.0102791 0.0199701 0.0120251 0.0329349 0.017155 0.0206547 0.00656033 0.00867349 0.0237488 0.00494641 -0.012828 0.0304038 0.0211977 0.0392418 -0.00291945 0.0119222 0.0189209 0.00293197 0.0113127 0.00753176 0.0556201 0.0122886 0.0345469 0.0174247 0.0208061
internal_weight=7132.87 5402.31 4568.69 731.022 3837.67 459.206 1563.53 899.846 833.613 328.045 629.088 2274.15 2055.63 396.826 1658.8 218.519 663.681 330.479 195.682 803.75 261.118 227.793 168.993 422.522 201.144 20.2084 855.051 117.235 350.928 334.062
internal_count=1199939 89369 84657 51814 32843 9464 12615 8450 4712 1739 5280 20228 19134 2780 16354 1094 4165 7497 1478 11630 6815 6007 5145 3765 1302 748 4724 601 3229 3131
is_linear=0
shrinkage=0.05


Tree=42
num_leaves=31
num_cat=1
split_feature=41 31 1 30 39 42 41 34 5 31 43 26 33 34 27 38 1 14 43 33 42 18 12 29 41 42 31 12 38 31
split_gain=1749.6 130.884 64.8951 72.3165 68.893 63.9611 54.7316 52.804 71.9126 67.2933 49.7351 48.6037 48.1081 67.044 42.8671 100.639 46.8835 45.8521 61.4776 53.3041 41.8165 41.0967 39.7992 38.6209 38.5692 37.7123 39.1833 53.5684 51.3139 36.3713
threshold=29.064366340637211 66.814659118652358 72.250000000000014 832.31250000000011 2.1422837972640996 30.378807067871097 31.860639572143558 -8.5403442382812482 0 33.534606933593757 28.775591850280765 3.2664089202880864 22.458815574646 -5.7439575195312491 1006.5921020507814 0.56436634063720714 80.250000000000014 2.0019258260726933 32.692245483398445 25.571904182434086 33.056144714355476 1.714900851249695 2.6391752958297734 0.0058784484863281259 32.855102539062507 36.168395996093757 34.986639022827156 2.1836484670639043 0.45719790458679205 37.089941024780281
decision_type=2 2 2 2 2 2 2 2 9 2 2 2 2 2 2 2 2 2 2 2 2 2 2 2 2 2 2 2 2 2
left_child=5 2 3 6 7 -1 10 9 -9 -4 -2 -12 -8 25 15 -10 23 19 -19 -17 -5 -11 -22 -16 -3 26 27 -14 -28 -7
right_child=1 24 4 20 -6 29 12 8 14 21 11 -13 13 -15 16 17 -18 18 -20 -21 22 -23 -24 -25 -26 -27 28 -29 -30 -31
leaf_value=-0.048716167046794302 0.083968437437803495 -0.042583137751487456 -0.033330430087823847 0.030129173800508509 0.039060932254985935 0.025825597454377139 0.060113507718693421 -0.022611222059214793 -0.01833704538689861 -0.031549574452629868 0.030735074812802261 -0.0033420838494734326 -0.024113409066001096 0.043697530782794841 0.021077433413536933 0.057968609606445412 -0.032301479348239154 0.04481023455463163 0.00354930585714122 0.020121587487992802 -0.0085566455807846407 0.0094590949968516459 0.044758096700897268 -0.00084541655834275602 0.025433680354984313 0.031241794574451517 0.040905549368722399 0.031967714686452701 0.0048519379915639965 -0.030588390628853598
leaf_weight=1556.5054274498252 11.663184434990397 126.79985072102863 158.86500575160608 102.81984289479442 162.0496496373089 41.64139473089017 109.97260332573205 137.32566288590897 138.60255706810858 61.789620218565688 135.86261386261322 364.48665755568072 136.35893549234606 376.11476155754644 335.31609256868251 185.64651121560019 67.850292989634909 115.65897446544841 327.70212572393939 209.07732480461709 396.40230340883136 403.208057161537 28.370829861611128 478.58684939914383 17.750026660389267 356.80300179123878 154.19858701585326 50.449236399144866 255.30821817088872 54.477569433860481
leaf_count=1057125 474 62048 1012 1971 1303 959 1081 7975 5332 3830 1187 4691 735 2337 4147 2422 3702 1539 2293 1402 3162 4055 160 9349 1489 2076 1297 238 1483 9562
internal_value=-0.00142178 0.0123552 0.0136655 0.0195437 0.00837598 -0.0462839 0.0239655 0.0063365 0.010294 -0.00628638 0.00967516 0.006332 0.0289475 0.0259394 0.0128855 0.0201219 0.00487875 0.0266235 0.015064 0.0389143 0.00304902 0.00346032 -0.00404817 0.00833268 -0.0331258 0.0185509 0.0105673 -0.00811343 0.0190793 -0.00601773
internal_weight=7057.66 5405.04 5260.49 2478.81 2781.68 1652.62 1951.22 2619.63 1995.77 623.863 512.012 500.349 1439.21 1329.23 1858.44 976.687 881.753 838.085 443.361 394.724 527.593 464.998 424.773 813.903 144.55 953.118 596.315 186.808 409.507 96.119
internal_count=1200436 132790 69253 20892 48361 1067646 15599 47058 38161 8897 6352 5878 9247 8166 30186 12988 17198 7656 3832 3824 5293 7885 3322 13496 63537 5829 3753 973 2780 10521
cat_boundaries=0 26
cat_threshold=24 0 0 128 0 0 5120 0 0 2162688 0 0 33554432 0 0 2097152 0 0 0 0 0 2147483648 0 0 0 6
is_linear=0
shrinkage=0.05


Tree=43
num_leaves=31
num_cat=3
split_feature=45 45 6 28 28 38 1 12 45 1 43 29 5 38 17 14 11 43 17 28 41 28 28 14 5 38 14 30 22 38
split_gain=1756.07 142.046 50.9785 90.9856 88.6488 81.5609 80.3306 60.6605 59.4095 54.9244 47.3873 47.2807 42.8987 41.2622 41.1693 38.877 38.5008 37.8398 37.1036 35.0354 34.8593 47.38 37.9775 33.6219 33.0098 32.276 74.1223 31.7458 46.3758 28.2467
threshold=29.869463920593265 35.609336853027351 0 999.62158203125011 997.48718261718761 2.5279141664505009 72.750000000000014 1.9546526670455935 33.415832519531257 73.750000000000014 36.12794494628907 0.18727493286132815 1 1.8382711410522463 2.4195601940155034 2.3678544759750371 2.5941194295883183 28.708649635314945 2.4815771579742436 1003.256561279297 31.860639572143558 1002.2503051757814 1005.0653076171876 1.841952443122864 2 2.0712227821350102 1.5310646295547488 865.06250000000011 1.0000000180025095e-35 2.0225448608398442
decision_type=2 2 1 2 2 2 2 2 2 2 2 2 9 2 10 2 2 2 10 2 2 2 2 2 9 2 2 2 2 2
left_child=-1 2 4 5 -2 7 10 14 12 -9 17 -3 13 18 27 -13 24 -6 19 -8 22 -22 23 -19 -10 26 -26 28 -4 -25
right_child=1 11 3 -5 6 -7 8 9 16 -11 -12 15 -14 -15 -16 -17 -18 20 -20 -21 21 -23 -24 29 25 -27 -28 -29 -30 -31
leaf_value=-0.048070257157971308 -0.040569117835883461 0.039348347143727959 0.0068441424186004036 -0.032668666431641936 0.088141027919400941 -0.018258306078115745 -0.021800354560937478 0.045494132610111752 0.0044051058310045832 -0.027165686279852844 -0.013352120655450113 0.030510740954735712 -0.014544157440171818 -0.008073917118422343 -0.026777881464273803 -0.0057720865300196827 -0.01799617023609203 -0.021550462418208502 0.040627529626128235 0.017389854490703207 0.015987965980488017 0.043350649735957619 -0.0051886085699488268 0.050001543957221166 0.035221327587945508 0.032209230237032371 -0.023389028269322445 -0.01168312216501096 0.051785031687949935 0.016779678735767641
leaf_weight=1572.0213381502545 70.849568909034133 544.71689876914024 210.40618760942016 179.05500911385752 14.480896635912357 254.73540392378345 70.860046404297464 182.55852325563319 346.77175928279757 23.320675151539035 80.929028782993555 146.18250016123056 395.81014424946625 284.7268328043865 78.336494281888008 134.90923384949565 74.778003964573145 31.319611830636859 105.29666740540415 186.28282507613767 312.50038771843538 353.0833496946143 179.17170670942869 91.907729453174397 102.35686942655593 425.09245071560144 94.315047791227698 104.98033708333969 71.012303193565458 221.49452191195451
leaf_count=1110150 450 3376 2336 20365 254 4475 2247 1771 1747 2886 364 758 16132 3970 1466 649 398 597 1517 4382 1797 2158 1857 640 611 2162 682 5420 2756 1322
internal_value=-0.00176226 0.0118525 0.00834797 -0.00103145 0.0113219 0.00536313 0.0125627 0.0144723 0.00645382 0.0363866 0.0223553 0.0308157 -0.00198716 0.00592831 0.00420218 0.0134968 0.0148308 0.0248458 0.0170089 0.00617854 0.0233468 0.0309303 0.0133134 0.0228052 0.0175233 0.0242013 0.0073427 0.011 0.0195723 0.0277671
internal_weight=6944.26 5372.24 4546.43 1104.4 3442.03 925.35 3371.18 670.615 2086.29 205.879 1284.89 825.809 1042.98 647.166 464.735 281.092 1043.31 1203.96 362.44 257.143 1189.48 665.584 523.894 344.722 968.536 621.764 196.672 386.399 281.418 313.402
internal_count=1199695 89545 84762 41475 43287 21110 42837 16635 33848 4657 8989 4783 28248 12116 11978 1407 5600 8625 8146 6629 8371 3955 4416 2559 5202 3455 1293 10512 5092 1962
cat_boundaries=0 1 27 53
cat_threshold=2 0 0 0 0 0 0 0 0 0 0 0 0 917504 0 0 591396864 0 0 973078528 0 0 1610612736 0 0 0 4 0 0 0 0 0 0 0 0 0 0 0 0 262144 0 0 6291456 0 0 402653184 0 0 536870912 0 0 0 4
is_linear=0
shrinkage=0.05


Tree=44
num_leaves=31
num_cat=1
split_feature=45 45 29 45 24 29 16 34 31 14 6 0 39 34 15 31 27 40 45 40 0 27 34 27 29 0 31 31 38 27
split_gain=1673.96 132.164 52.4249 69.5219 44.0933 43.1182 50.1437 40.7703 78.4484 64.8709 47.4234 39.3818 37.6186 44.6952 44.8922 34.3086 29.7413 29.7328 42.7113 27.2723 26.541 35.1143 26.4363 31.5463 50.4455 42.925 42.3939 41.2113 56.8274 34.6355
threshold=29.765789031982425 35.609336853027351 0.074321746826171889 31.686084747314457 40.765533447265632 0.18727493286132815 1.6000951528549197 -7.6174011230468741 33.534606933593757 2.4235992431640629 0 27.750000000000004 0.44665291905403143 0.50259399414062511 1.4939932823181155 41.780830383300788 999.26361083984386 3.3669685125350957 33.931686401367195 2.3595151901245122 31.750000000000004 997.44830322265636 -4.0475769042968741 998.16506958007824 0.29851531982421881 27.250000000000004 44.272418975830085 30.988156318664554 0.19237041473388675 1006.4465637207032
decision_type=2 2 2 2 2 2 10 2 2 2 1 2 2 2 10 2 2 2 2 2 2 2 2 2 2 2 2 2 2 2
left_child=-1 2 7 15 20 -3 -7 8 11 12 17 -2 13 14 -9 -4 -13 -11 -19 -8 22 -22 23 26 25 27 -5 -25 -29 -30
right_child=1 5 3 4 -6 6 19 9 -10 10 -12 16 -14 -15 -16 -17 -18 18 -20 -21 21 -23 -24 24 -26 -27 -28 28 29 -31
leaf_value=-0.048414380543939185 -0.042065762339748923 0.038281071749618284 0.0045682581687683296 -0.032359839599907562 -0.0087119972614544509 0.047595221724068659 -0.027089022182159795 0.0039708653282047868 0.016449969442831124 0.040713218919397859 -0.0260890873810629 -0.032105272275554916 0.0057274019009987548 -0.032512299126625975 0.055576898553885534 -0.033937211717339523 0.012758079488321869 -0.021673201572501546 0.031872499032011163 0.011261292836832727 -0.008350222832158959 0.051858085862455751 0.028787806197130297 -0.0075363575803756855 -0.016307117683616323 -0.015269515331117029 0.026216618602562192 -0.014863763512979192 0.035500370522301934 -0.0058369462719320975
leaf_weight=1487.877261709189 99.007375980261713 525.03704435378313 82.036360609577969 26.309865230694413 412.48103898391128 69.171495348215103 53.297841839492321 67.420115630608052 374.07406899752095 414.31748039054219 24.227938370429911 45.271914273733273 935.11272121523507 18.396224979660474 110.17359529412352 170.12299523828551 101.60419905767776 49.57049951585941 93.469043921679258 163.31973237916827 31.757833630312234 66.766844136174768 125.37713804002851 162.46910420246422 281.90079014375806 150.08345457864925 260.16754667880014 82.845014818944037 323.13521471223794 56.71511953137815
leaf_count=1105876 572 3335 2398 232 1986 391 258 1407 3255 2411 1363 271 10075 442 1218 40455 657 401 473 787 295 803 2236 1153 6905 1901 3193 1594 2985 935
internal_value=-0.00166268 0.0113432 0.00800103 0.00250519 0.00568313 0.0298323 0.0135411 0.013227 0.00219358 0.017185 0.0306434 -0.0192906 0.010057 0.0294338 0.0372417 -0.0217136 -0.0022353 0.0333971 0.0131125 0.00104638 0.0095023 0.0334698 0.00767939 0.00551159 0.00145503 0.00803924 0.019927 0.0137873 0.0212758 0.0293369
internal_weight=6863.52 5375.64 4564.81 2232.17 1980.01 810.826 285.789 2332.65 619.958 1712.69 581.585 245.883 1131.1 195.99 177.594 252.159 146.876 557.357 143.04 216.618 1567.53 98.5247 1469 1343.63 1057.15 775.248 286.477 625.164 462.695 379.85
internal_count=1200263 94387 89616 67071 24218 4771 1436 22545 4755 17790 4648 1500 13142 3067 2625 42853 928 3285 874 1045 22232 1098 21134 18898 15473 8568 3425 6667 5514 3920
cat_boundaries=0 1
cat_threshold=2
is_linear=0
shrinkage=0.05


Tree=45
num_leaves=31
num_cat=8
split_feature=45 45 5 38 13 36 45 5 5 12 38 29 24 5 38 27 11 11 38 5 39 14 6 41 27 5 5 19 12 19
split_gain=1582.74 117.505 80.5492 75.4184 68.323 58.9114 53.8171 51.3323 46.7358 60.3257 45.2217 40.5555 38.4555 34.2359 30.7247 50.3507 33.6048 30.6525 45.2405 38.0498 33.9966 28.9587 28.0815 27.8191 27.6862 39.6782 26.7753 26.639 23.8369 43.4447
threshold=29.765789031982425 34.573705673217781 0 2.9771814346313481 1.0945936441421511 6.1984062194824228 31.686084747314457 1 2 2.6391752958297734 1.261924743652344 0.0076103210449218759 40.765533447265632 3 1.2912769317626955 1002.0106506347657 2.7235794067382817 1.325705945491791 0.12433624267578126 4 0.89524370431900036 2.0171622037887578 5 31.606880187988285 1007.626434326172 6 7 1.0710374116897585 2.0325771570205693 1.4830961227416994
decision_type=2 2 9 2 2 2 2 9 9 2 2 2 2 9 2 2 2 2 2 9 2 2 1 2 2 9 9 2 2 2
left_child=-1 3 11 4 6 8 -2 -5 9 13 -11 -3 22 -6 15 -4 -16 18 -10 -19 -21 27 -9 -22 25 -8 -26 -20 29 -13
right_child=1 2 14 7 5 -7 24 12 17 10 -12 28 -14 -15 16 -17 -18 19 21 20 23 -23 -24 -25 26 -27 -28 -29 -30 -31
leaf_value=-0.048192006876356261 -0.032580869209957675 0.028503104157434435 0.029865252067332648 0.02710465002261099 0.0051225403598558856 -0.0096451798042618605 -0.02004551035704874 0.0040307585142783141 -0.024162756010135174 0.070900141975167835 0.022343721975004407 0.0085235590206139376 -0.027368715285222073 0.026790399151449568 0.040097769541919868 -0.030601601996002165 -0.0018908334230552952 0.011272988926278437 -0.0090830370584796434 -0.029848273041420265 -0.014446303918206322 0.0029430873009323403 -0.023653082952795737 0.044359446335212278 0.040322681703937581 0.0063131263803960364 0.0011587539312082943 0.059223498206579551 0.016123158843091463 -0.02464355961770176
leaf_weight=1418.4769410617882 112.38223900017329 228.05405584722757 93.437898397445679 75.3443209027173 330.27498969167937 212.16821044217795 186.53890421055257 339.12982586526778 31.108632069895975 103.89080250822008 106.10056436574087 276.50992461666465 257.2382157528773 462.94771150348242 658.47708067670465 42.208786480128765 50.363233856856823 358.55424324201886 13.833159994333981 129.59315549966414 36.995217413990758 47.854506758158095 103.67352073243819 26.444638871587813 66.707481565885246 443.99322353606112 101.56859657843597 88.746324058622122 255.51077983155847 140.83052572794259
leaf_count=1105859 23599 1366 501 1543 3531 18001 3023 3334 1510 781 648 1534 1196 4777 3636 210 271 4467 546 2667 781 856 3989 330 715 6286 1417 1060 1252 726
internal_value=-0.00139972 0.0110028 0.0216322 0.00585376 0.00959851 0.0148613 -0.00169466 -0.00790361 0.0178939 0.0248254 0.0484973 0.0106322 -0.0122099 0.0183419 0.0325995 0.0102407 0.0371297 0.00776384 0.0251046 0.00184937 -0.0151566 0.0361638 -0.00326344 0.012769 0.00299974 -0.00189051 0.0204018 0.0500235 0.00440207 -0.00298337
internal_weight=6798.96 5380.48 1745.39 3635.09 2859.7 1948.51 911.19 775.386 1736.34 1003.21 209.991 900.905 700.042 793.223 844.487 135.647 708.84 733.13 181.543 551.587 193.033 150.434 442.803 63.4399 798.808 630.532 168.276 102.579 672.851 417.34
internal_count=1200412 94553 9496 85057 74995 39955 35040 10062 21954 9737 1429 4878 8519 8308 4618 711 3907 12217 3972 8245 3778 2462 7323 1111 11441 9309 2132 1606 3512 2260
cat_boundaries=0 29 61 93 119 145 146 168 187
cat_threshold=0 0 0 0 0 0 0 0 0 0 0 0 131072 0 0 29360128 0 0 805306368 0 0 805306368 0 0 0 6 0 0 32 0 0 0 0 0 0 0 0 0 0 0 0 0 0 0 101711872 0 0 536870912 0 0 0 0 0 0 4 0 0 32 0 0 256 0 0 0 0 0 0 0 0 0 16384 0 0 0 0 0 38797312 0 0 318767104 0 0 805306368 0 0 0 2 0 0 48 0 0 256 0 0 0 0 0 0 0 0 0 0 0 0 0 0 0 0 0 0 33554432 0 0 536870912 0 0 0 2 0 0 0 0 0 0 0 0 0 0 0 0 2228224 0 0 18874368 0 0 738197504 0 0 1073741824 0 0 0 1 2 8 0 0 128 0 0 6144 0 0 16384 0 0 2359296 0 0 54525952 0 0 973078528 0 0 2147483648 0 0 0 0 0 0 2048 0 0 0 0 0 393216 0 0 4194304 0 0 16777216
is_linear=0
shrinkage=0.05


Tree=46
num_leaves=31
num_cat=6
split_feature=44 31 5 5 19 10 28 32 36 5 43 5 10 37 38 10 38 28 15 43 36 10 18 5 1 11 18 11 39 5
split_gain=1418.05 63.0122 57.5413 57.3568 94.3933 40.9995 66.373 52.154 37.1746 39.412 34.6163 48.1237 34.9621 34.146 49.9864 33.4946 30.7197 30.5748 34.3585 30.4653 30.2239 33.4479 37.5152 29.1183 27.9386 27.2157 27.2042 26.9143 23.3372 23.0986
threshold=29.892516136169437 63.440315246582038 0 1 2.1153165102005009 1.7850348353385928 1000.4497070312501 1673.670349121094 0.25606155395507818 2 33.913173675537116 3 2.6270232200622563 0.15139007568359378 2.6675171852111821 0.69115912914276134 2.2297039031982426 996.46343994140636 1.8323071002960207 35.03559875488282 1.4491081237792971 2.5937365293502812 2.0901790857315068 4 68.750000000000014 2.2441158294677739 1.2976343631744387 1.80418998003006 1.8880212903022768 5
decision_type=2 2 9 9 2 2 2 2 2 9 2 9 2 2 2 2 2 2 10 2 2 2 2 9 2 2 2 2 2 9
left_child=3 2 15 4 -1 6 -4 10 9 -8 11 12 16 26 -15 -2 -7 18 -16 -19 21 -17 -23 -3 -22 -6 -12 -10 -28 -26
right_child=1 23 5 -5 25 7 8 -9 27 -11 13 -13 -14 14 17 20 -18 19 -20 -21 24 22 -24 -25 29 -27 28 -29 -30 -31
leaf_value=-0.030836099285395699 -0.010522629874279 0.015451382094639697 -0.023035332501497609 -0.04859539234678395 -0.012567596660981598 0.044800472481881869 0.021416220064885121 -0.026216730703307239 0.0026036462889712109 -0.0035724098021568625 -0.024521580716297703 -0.0091564335342280163 -0.018493343120200994 0.045243734431899496 0.016653928976095647 0.025809788024194515 0.0080526076724384676 -0.0065851966751024329 -0.035550799757212335 0.024951870835570992 0.034546770905213624 -0.013569501254963506 0.01793257802708113 -0.03123502744690649 0.01151161532442713 0.1126092912282266 0.023668356738485535 -0.024881085795267131 0.052170506360690851 -0.01437458900108509
leaf_weight=46.111330619314685 96.336492381058633 34.272784699918702 245.09367054572795 1308.077121818671 3.2090194756165138 110.1545603031991 415.53240538050886 77.790604584151879 252.03484307893086 245.53326385002583 17.517038997495547 322.15594801888801 44.12583429843653 69.052714524790645 40.685203314293176 1247.4644516534172 118.1856197649613 135.77577778371051 81.801456220448017 156.210294874385 57.617011565365829 118.96935564768501 357.79289128410164 112.82432291388977 160.3681854858296 9.7234035271685553 474.90258433902636 126.39030245167669 88.66222381265834 145.15371354948729
leaf_count=27900 2027 4687 2696 1070400 1276 1379 4115 593 8281 4343 498 6463 1080 378 265 11224 1285 848 474 920 477 1263 2575 31761 3723 1624 2839 1642 578 2362
internal_value=-0.00137295 0.0102518 0.0111757 -0.0466289 0.00410884 0.00659682 -0.00016113 0.0116046 0.00540031 0.0124859 0.0135243 0.00377312 0.0185124 0.0188848 0.00880285 0.0173434 0.0269162 0.0018088 -0.0182623 0.0105544 0.0187562 0.0215083 0.0099544 -0.0210709 0.00546247 0.0896125 0.0269833 -0.00698022 0.0289838 -0.000943477
internal_weight=6719.52 5352.4 5205.31 1367.12 59.0438 3021.6 1284.58 1737.02 1039.49 661.066 1659.23 594.622 272.466 1064.61 483.525 2183.7 228.34 414.473 122.487 291.986 2087.37 1724.23 476.762 147.097 363.139 12.9324 581.082 378.425 563.565 305.522
internal_count=1199976 98776 62328 1101200 30800 38677 21077 17600 18381 8458 17007 10207 3744 6800 2885 23651 2664 2507 739 1768 21624 15062 3838 36448 6562 2900 3915 9923 3417 6085
cat_boundaries=0 32 64 90 112 141 170
cat_threshold=0 0 0 0 0 0 0 0 0 32768 0 0 3145728 0 0 34603008 0 0 587202560 0 0 1342177280 0 0 0 1 0 0 48 0 0 256 0 0 0 0 0 0 0 0 0 0 0 0 0 0 0 0 0 0 0 0 0 1879048192 0 0 0 2 0 0 0 0 0 256 0 0 0 0 0 0 0 0 0 16384 0 0 524288 0 0 12582912 0 0 201326592 0 0 536870912 0 0 0 2 0 0 0 0 0 0 0 0 0 16384 0 0 786432 0 0 18874368 0 0 268435456 0 0 536870912 0 0 0 0 0 0 2048 0 0 0 0 0 131072 0 0 67108864 0 0 33554432 0 0 536870912 0 0 0 1 0 0 32 0 0 0 0 0 0 0 0 0 0 0 0 3145728 0 0 33554432 0 0 536870912 0 0 1342177280 0 0 0 0 0 0 32
is_linear=0
shrinkage=0.05


Tree=47
num_leaves=31
num_cat=2
split_feature=24 1 6 39 33 13 9 32 17 27 1 31 42 41 33 38 27 32 38 31 14 37 39 38 27 3 32 39 10 17
split_gain=1413.39 66.2934 60.865 85.3617 55.4318 54.2844 62.4214 40.5693 35.5228 33.4128 32.3909 35.5746 30.3226 30.218 30.6622 52.0391 64.2582 45.2968 44.3517 45.0457 43.1751 42.4472 33.8205 30.8054 44.6958 39.8068 38.3913 29.3542 28.866 34.0282
threshold=33.620635986328132 72.750000000000014 0 2.2088080644607548 26.615039825439457 1.0846341252326968 1 848.97256469726574 1.6825508475303652 1000.1143493652345 74.250000000000014 43.046081542968757 31.04044342041016 29.544124603271488 25.230527877807621 0.69410705566406261 1006.1253356933595 854.47750854492199 4.1870088577270517 27.439919471740726 2.1115558147430424 0.71531677246093761 1.5441515445709231 2.1256151199340825 1005.9526672363282 488.34849548339849 1673.670349121094 1.1637980937957766 1.1779057383537295 2.6780796051025395
decision_type=2 2 1 2 2 2 1 2 10 2 2 2 2 2 2 2 2 2 2 2 2 2 2 2 2 2 2 2 2 10
left_child=-1 4 3 13 5 -2 7 8 -7 -9 11 -4 -10 -3 15 -15 20 -16 23 -20 21 -17 -22 24 -19 28 -25 -13 -26 -30
right_child=1 2 10 -5 -6 6 -8 9 12 -11 -12 27 -14 14 17 16 -18 18 19 -21 22 -23 -24 26 25 -27 -28 -29 29 -31
leaf_value=-0.048614113057395221 -0.0099746280059904296 -0.023623263647197405 -0.045409497741838237 0.048761689327836664 0.021317091106783159 0.091498293843056647 0.0035909658170959246 0.036026778669054106 0.071118231829408698 -0.0081438812337577861 -0.044741787287860879 0.030694604264181927 0.012871242424832558 -0.013605073356847436 -0.011924685965367604 0.076895685148458237 0.00010088648221212891 -0.023264499533793098 -0.049620894482572314 0.0086291624514611247 -0.015047152937340486 0.024357106216627341 0.038911207293268579 0.024318807395468735 0.041671486003196763 -0.016328516652921243 -0.016271193453805659 -0.013525868546036303 -0.0030581767386320957 0.039277157084129585
leaf_weight=1267.8772234689677 331.68374318745919 82.526192741584964 34.136994384345599 104.26869396376424 1587.327151629026 33.750585063709877 590.82173544901889 73.240391582250595 24.71991416416131 82.03743370086886 75.268809882574715 56.539203008287586 80.004141416400671 116.14512433845084 420.12406873004511 82.939583204686642 185.72988136089407 123.3843465608079 56.16079443320632 61.570056516677141 54.982201928505674 88.946436097379774 43.583629197441041 439.21035153465346 86.247841000091285 100.45545040536672 59.857138295657933 76.996830407064408 171.51353203668259 54.973612304660492
leaf_count=1100727 9876 13289 512 723 11862 951 6967 514 1179 1467 17341 1905 765 9219 4736 768 3700 1222 276 304 917 780 253 2543 1024 1892 368 1886 1910 356
internal_value=-0.00133889 0.00987352 0.00405873 0.00656618 0.015182 0.00706654 0.0134964 0.0314902 0.0513946 0.0136095 -0.0188393 -0.00640813 0.031621 0.00441208 0.00559487 0.0153993 0.0229174 0.00195397 0.00706842 -0.0208671 0.038024 0.0525423 0.0101985 0.0104133 0.00201432 0.00993429 0.0192265 0.00603115 0.0186149 0.00844392
internal_weight=6647.02 5379.15 2575.56 2332.62 2803.59 1216.26 884.574 293.752 138.475 155.278 242.942 167.673 104.724 2228.35 2145.82 572.327 456.182 1573.5 1153.37 117.731 270.452 171.886 98.5658 1035.64 536.575 413.19 499.067 133.536 312.735 226.487
internal_count=1200232 99505 65924 44280 33581 21719 11843 4876 2895 1981 21644 4303 1944 43557 30268 15637 6418 14631 9895 580 2718 1548 1170 9315 6404 5182 2911 3791 3290 2266
cat_boundaries=0 1 2
cat_threshold=2 16
is_linear=0
shrinkage=0.05


Tree=48
num_leaves=31
num_cat=1
split_feature=24 24 7 0 6 41 22 30 12 28 1 44 23 26 34 33 30 29 1 34 41 29 17 1 12 26 19 34 27 1
split_gain=1365.15 55.1119 58.0889 37.2802 41.9374 140.119 73.1085 44.8407 53.5051 38.7645 38.7498 41.2885 40.0397 40.5679 34.9898 41.1215 34.377 34.2672 31.7321 30.5237 28.2123 29.3236 27.79 27.4434 27.1843 31.6228 28.1085 26.6899 35.7138 56.5847
threshold=33.620635986328132 42.304107666015632 2.5000000000000004 33.250000000000007 0 31.374303817749027 1.0000000180025095e-35 832.31250000000011 2.1836484670639043 997.48718261718761 72.250000000000014 33.453733444213874 35.077987670898445 6.088660955429078 -8.1755065917968732 22.917311668396 733.56250000000011 0.26333999633789068 71.250000000000014 -18.287689208984371 34.27331733703614 0.065494537353515639 1.9079364538192751 73.250000000000014 1.5623558163642886 3.9197206497192387 1.0820459723472597 -8.4187316894531232 1006.5177612304689 78.750000000000014
decision_type=2 2 2 2 1 2 2 2 2 2 2 2 2 2 2 2 2 2 2 2 2 2 10 2 2 2 2 2 2 2
left_child=-1 3 16 4 9 -6 14 18 -9 -2 11 -11 17 -14 15 -7 -3 27 -8 -5 -13 -22 -18 -10 26 -26 -17 -12 -29 -30
right_child=1 2 -4 19 5 6 7 8 23 10 12 20 13 -15 -16 24 22 -19 -20 -21 21 -23 -24 -25 25 -27 -28 28 29 -31
leaf_value=-0.048582205188793998 -0.029640998451759333 0.040037951151862247 0.0045643317953929568 -0.020034993669495214 -0.038366031262556353 0.028999900976540302 0.063012069880595503 -0.013270477742730047 0.06692139572644426 0.029829502510067898 -0.011768201744362121 0.013546396124332666 0.026195685133158449 -0.029039882526023526 -0.034260671218827907 0.0057465289296765344 0.024263862014713498 -0.014971767422462113 0.016211066229053089 0.053129240545460234 0.015519121958769018 -0.046108758568659584 -0.027213324698463562 -0.0061265028235737533 0.028261050620523039 -0.0059077319477859533 -0.027103568928067468 0.017056682203338999 0.0074028174021696803 -0.027081023068123669
leaf_weight=1208.3993313428946 50.48801854532212 369.23169989138842 284.00636518746614 12.063429796369745 195.18781666702125 103.61126167792827 88.48631296644453 107.21608025964815 31.967090833000839 470.90539756894577 168.52282785600983 415.80948175583035 369.58837810531259 28.242795057594776 65.783434458542615 98.21468817233108 59.800455220043659 195.71018196363002 71.714035272831097 64.368304090574384 27.259447351098061 34.482576442882419 32.241221278905869 16.283566181198694 97.860035909805447 174.81827952992171 167.15346534643322 693.06050347362179 721.5489428875735 132.10282622999512
leaf_count=1101079 384 2547 1638 190 27503 1064 841 2435 296 6240 1806 2125 1806 145 1674 777 338 12510 1432 1632 129 181 156 444 585 1067 1301 8027 12015 7828
internal_value=-0.000811655 0.0100533 0.0226005 0.00797697 0.00733778 -0.00062563 0.00687007 0.0264763 0.00659925 0.0102349 0.0109732 0.0194485 0.00742262 0.0216585 -0.00212551 0.00164421 0.0333729 0.00436159 0.0442449 0.0405996 0.00881011 -0.0205291 0.00533218 0.0454496 -0.00405668 0.00692087 -0.0151783 0.00664154 0.0087101 0.00181466
internal_weight=6556.13 5347.73 745.28 4602.45 4526.02 1218.3 1023.11 315.667 155.467 3307.72 3257.23 948.457 2308.78 397.831 707.441 641.658 461.273 1910.95 160.2 76.4317 477.552 61.742 92.0417 48.2507 538.046 272.678 265.368 1715.24 1546.71 853.652
internal_count=1200195 99116 4679 94437 92615 39419 11916 5448 3175 53196 52812 8675 44137 1951 6468 4794 3041 42186 2273 1822 2435 310 494 740 3730 1652 2078 29676 27870 19843
cat_boundaries=0 1
cat_threshold=2
is_linear=0
shrinkage=0.05


Tree=49
num_leaves=31
num_cat=4
split_feature=24 45 34 17 16 45 3 24 5 12 5 24 45 45 34 11 5 40 34 25 5 37 1 11 1 40 44 13 24 26
split_gain=1272.97 103.788 42.0908 53.3963 41.7147 56.7771 54.147 49.249 44.6709 49.4762 100.177 57.4142 47.3323 43.3583 47.7193 42.7162 41.2496 39.045 36.9575 33.2871 32.2948 27.5807 29.0414 27.5728 25.8752 31.1113 25.8275 24.348 23.987 23.739
threshold=33.156463623046882 35.609336853027351 -13.552886962890623 1.9079364538192751 1.6128198504447939 32.291427612304695 111.67758560180665 40.765533447265632 0 2.4009513854980473 1 36.027694702148445 33.415832519531257 33.931686401367195 -5.6639709472656241 1.5281584262847903 2 2.1440708637237553 -4.3641662597656241 4.1504297256469735 3 0.37508964538574224 69.250000000000014 1.4343932271003725 74.750000000000014 3.4564924240112309 32.049314498901374 3.2378362417221074 37.582305908203132 3.4122192859649663
decision_type=2 2 2 10 10 2 2 2 9 2 9 2 2 2 2 2 9 2 2 2 9 2 2 2 2 2 2 2 2 2
left_child=-1 4 3 21 5 28 15 8 -8 12 11 24 16 -9 20 -6 23 -13 -7 -14 -15 22 -3 26 25 -11 -10 -5 -2 -25
right_child=1 2 -4 27 6 18 7 13 9 10 -12 17 19 14 -16 -17 -18 -19 -20 -21 -22 -23 -24 29 -26 -27 -28 -29 -30 -31
leaf_value=-0.048915231010376085 -0.041458958623445466 0.034470756623654453 0.035470683977587084 -0.017943158482274495 0.0092951321001841763 -0.0027159658424583781 0.03348716196991143 -0.026551028213114419 -0.010875827572328462 0.1221762789603035 -0.018190837422444719 0.04085042838145006 0.015863210957488893 -0.025079878235952504 0.026961644813123128 0.033155449356801835 -0.017111802318681948 0.010671123870297132 0.025149511030134821 -0.013018427145905832 0.0079778446547231919 0.050081267645383003 -0.020627759144238422 0.0092571615946143802 -0.0016791047155174791 0.0021428944365237184 0.026749984572777715 0.028303545585802295 0.0011014326578943252 -0.022158208684981289
leaf_weight=1131.6980206042062 110.02600870805327 38.566318228840828 463.50919283181429 131.24579935148358 416.53627139341552 625.6231965594925 151.45681870589033 187.4259971883148 55.851410559262149 20.895655306987468 134.3083265525056 179.264933999395 611.15195956267416 134.1816430836916 121.22308291494846 348.6614669036353 404.56591388245579 270.55130401044153 136.51889771642163 111.00466668512672 130.6837196201086 79.707566544413567 37.847412772476673 105.95687125844415 6.9988866113126269 6.9797928110929197 161.34357005287893 26.20633091032505 45.013733294093981 117.28597917046864
leaf_count=1086323 38816 255 3069 692 7130 6833 3399 916 5797 1123 3470 1080 3662 595 675 4588 15601 2322 1228 814 621 501 197 2749 806 389 2455 123 1098 2812
internal_value=-0.000963412 0.00921319 0.0260022 0.0113426 0.00632268 -0.00318925 0.00869796 0.00554828 0.00876457 0.00672402 0.0186024 0.0287461 0.0019867 -0.0074867 0.00220472 0.0204545 -0.00601733 0.0233253 0.00253651 0.0113066 -0.00969466 0.0311808 0.00795166 0.00460486 0.0842923 0.100622 0.0170217 -0.00901528 -0.0297841 -0.00749004
internal_weight=6502.29 5370.59 777.083 313.573 4593.51 917.182 3676.33 2911.13 2337.62 2186.16 618.999 484.691 1567.16 573.514 386.088 765.198 845.004 449.816 762.142 722.157 264.865 156.121 76.4137 440.438 34.8743 27.8754 217.195 157.452 155.04 223.243
internal_count=1200139 113816 4837 1768 108979 47975 61004 49286 46479 43080 9190 5720 33890 2807 1891 11718 29414 3402 8061 4476 1216 953 452 13813 2318 1512 8252 815 39914 5561
cat_boundaries=0 32 58 90 112
cat_threshold=0 0 0 0 0 0 2048 0 0 49152 0 0 0 0 0 0 0 0 553648128 0 0 0 0 0 0 0 0 0 48 0 0 256 0 0 0 0 0 0 0 0 0 0 0 0 0 0 0 33554432 0 0 369098752 0 0 1879048192 0 0 0 3 0 0 0 128 0 0 0 0 0 65536 0 0 1835008 0 0 315621376 0 0 134217728 0 0 805306368 0 0 0 4 0 0 0 0 0 4096 0 0 0 0 0 0 0 0 0 0 0 0 0 0 0 4194304 0 0 234881024 0 0 805306368
is_linear=0
shrinkage=0.05


Tree=50
num_leaves=31
num_cat=2
split_feature=44 29 9 7 37 43 30 20 27 22 33 11 43 33 15 13 30 29 27 6 29 37 33 18 33 37 37 10 27 33
split_gain=1111.68 60.1721 52.7931 55.3447 43.6563 40.6954 57.1584 47.4791 66.9868 36.7675 36.3067 68.1626 40.983 35.6061 34.2506 33.9441 32.9313 35.9044 30.9028 28.193 30.8881 33.402 30.8822 26.2019 25.8912 25.5115 24.8101 23.9117 23.7788 22.6864
threshold=29.892516136169437 0.082492828369140639 0 1.5000000000000002 1.2994232177734377 33.072055816650398 29.687500000000004 2.0967553853988652 1002.2254943847657 1.0000000180025095e-35 25.931712150573734 2.6541360616683964 26.840454101562504 23.194560050964359 1.4722418785095217 1.9479864835739138 865.06250000000011 0.35806655883789068 1010.8453979492189 1 0.52504348754882824 -0.60347366333007801 26.190527915954593 1.6700234413146975 24.791232109069828 0.15139007568359378 -1.6667480468749998 1.5307111144065859 1006.5177612304689 22.521023750305179
decision_type=2 2 1 2 2 2 2 2 2 2 2 2 2 2 10 2 2 2 2 1 2 2 2 2 2 2 2 2 2 2
left_child=10 2 3 26 13 6 23 9 -9 19 -1 -12 -13 -4 -15 -10 28 -18 -8 22 21 -21 25 -3 -16 -7 -2 -6 -11 -22
right_child=1 5 4 -5 27 7 18 8 15 16 11 12 -14 14 24 -17 17 -19 -20 20 29 -23 -24 -25 -26 -27 -28 -29 -30 -31
leaf_value=-0.048594366865290922 -0.014757949655176562 -0.018287737217479089 -0.039604073662602046 0.01327704855536609 0.0040595836203482956 0.035936360313361469 -0.019758472958354509 0.025305147804504755 -0.03929775034168826 0.036529207116867593 -0.034330886966859257 -0.02070102254929114 0.097840092446411245 -0.010315296949997013 0.047738704061825718 -0.003670079294644444 0.025683044255527244 -0.011803225841296131 0.052205559120888249 0.013021327850523835 0.029682814298609729 -0.022074788444216675 -0.002326552922040192 0.033922361471616425 0.0071202622553944222 0.0082615860693553977 0.037360079021315294 0.035039040806211744 -0.020612150879953262 -0.00043753948965496753
leaf_weight=1043.370978565421 19.014663726091385 25.035283687408082 39.164309089188464 907.95050038583577 99.651253767311573 159.95092255319469 420.31060234038159 88.916609604842961 136.29592625517398 245.56045137764886 76.662626097793691 7.0520740336505723 9.2032041770871711 297.51112994377036 31.940057003870606 127.28854388091713 116.86627852218226 120.01289975072723 6.0790861189598209 84.71829234668985 82.721225768094882 245.74318753997795 205.93765193223953 85.028149761026725 753.43367906939238 178.67054079473019 429.21392902731895 170.08962261979468 13.364461196586488 191.02665297547355
leaf_count=1032175 89 2934 3111 5079 1332 1105 49926 504 983 2533 61631 7014 233 4485 783 723 1298 2568 1329 606 882 1987 1308 1506 6835 1001 2530 1746 164 1363
internal_value=-0.00128053 0.00839201 0.0135037 0.0204687 0.0064274 0.00281641 -0.00929631 0.00610023 -0.0103444 0.00966622 -0.0459197 -0.0140827 0.0581159 0.00204835 0.00390338 -0.0228557 0.0209124 0.00698212 -0.0175597 0.00467384 -0.0028001 -0.0129592 0.0126891 0.0215125 0.00935159 0.0219899 0.0348753 0.0241484 0.0329231 0.00938957
internal_weight=6417.78 5281.5 2747.97 1356.18 1391.79 2533.53 536.453 1997.07 352.501 1644.57 1136.29 92.9179 16.2553 1122.05 1082.88 263.584 495.804 236.879 426.39 1148.77 604.209 330.461 544.559 110.063 785.374 338.621 448.229 269.741 258.925 273.748
internal_count=1199763 98710 25990 7698 18292 72720 55695 17025 2210 14815 1101053 68878 7247 15214 12103 1706 6563 3866 51255 8252 4838 2593 3414 4440 7618 2106 2619 3078 2697 2245
cat_boundaries=0 1 2
cat_threshold=2 2
is_linear=0
shrinkage=0.05


Tree=51
num_leaves=31
num_cat=3
split_feature=24 24 7 0 16 3 5 29 33 31 34 33 29 24 20 20 24 15 26 5 28 16 12 33 32 12 20 34 44 5
split_gain=1132.29 53.8592 47.2586 41.5916 38.3248 35.6599 51.6276 34.402 55.4623 51.9387 81.4902 48.0825 36.4879 38.3163 38.262 35.6264 31.6376 84.3846 27.2017 27.5329 26.0322 43.0179 25.9253 36.6821 26.4745 24.4263 23.8192 23.4188 22.5141 22.1732
threshold=33.156463623046882 42.304107666015632 2.5000000000000004 33.250000000000007 0.97037845849990856 53.162555694580085 0 0.1327781677246094 23.053248405456547 30.988156318664554 -7.1095275878906241 26.328000068664554 0.014045715332031252 39.851104736328132 1.8563508391380312 2.0967553853988652 35.676513671875007 2.2332402467727666 6.4655704498291025 1 996.46343994140636 2.1330159902572636 1.7080121040344241 27.436223983764652 768.40649414062511 1.4227769970893862 2.401544570922852 -18.287689208984371 31.747066497802738 2
decision_type=2 2 2 2 10 2 9 2 2 2 2 2 2 2 2 2 2 10 2 9 2 10 2 2 2 2 2 2 2 9
left_child=-1 3 20 4 -2 22 -7 8 -8 10 26 25 13 14 -13 18 17 -11 19 -9 21 -3 28 -24 -25 -12 -10 -5 -6 -18
right_child=1 2 -4 27 5 6 7 15 9 16 11 12 -14 -15 -16 -17 29 -19 -20 -21 -22 -23 23 24 -26 -27 -28 -29 -30 -31
leaf_value=-0.048844640106241864 -0.031042956433080745 0.031057920206137575 0.0042813951098774174 -0.015702246633387758 -0.024405419692817971 -0.023833948784422566 -0.031918006279643439 0.015327046633037654 -0.031004425391857628 -0.024279702518884637 0.014075771698614545 -0.013255058628567516 -0.0075176465543751641 0.040468310725817767 0.025987949620709425 -0.015803506573486222 0.020908799870815595 0.12907667545929949 -0.014691664701884898 -0.00038753341831920351 0.039915111970481816 -0.020114976554949374 0.062208903190925036 -0.024000697632344487 0.034362619263927113 -0.0325820494907351 0.0066898661062158044 0.051076884806330464 0.015501915361907929 0.007117841759664352
leaf_weight=1028.2163271199097 60.744778544700239 107.98478928953409 272.7594774030149 11.069568566861561 30.487073098309338 135.2761954376474 68.629159739997704 465.85003153636353 185.91573866456747 11.225390907551629 34.599287948047277 98.737485646386631 115.15484023233876 179.933463729918 138.13190221972764 282.8242784748436 804.11108937766403 10.501461298495995 168.53117263969034 660.4709555527661 280.20060753822327 54.605386130511761 61.78239073936129 27.502969685476273 30.930390637367964 76.630641367577482 49.321462820051238 65.086043837538455 327.94307126034983 529.46510080434382
leaf_count=1086467 10306 739 1601 211 7574 7886 7285 11644 1384 3929 672 896 754 926 835 4046 6528 1053 2788 25964 2032 290 1341 156 170 1391 320 1894 3575 5668
internal_value=-0.00105649 0.00820811 0.0208929 0.0062073 0.00554316 0.00610552 0.00454038 0.00563515 0.00953352 0.0109437 0.00144244 0.0106538 0.0168901 0.0236517 0.00975545 -4.25966e-05 0.0170461 0.0671644 0.00349466 0.00632123 0.030805 0.013702 0.0188737 0.0381819 0.00739958 -0.0181047 -0.0231507 0.0406743 0.0115372 0.0157358
internal_weight=6374.62 5346.41 715.55 4630.86 4554.7 4493.96 4015.31 3880.03 2302.36 2233.73 878.425 643.188 531.958 416.803 236.869 1577.68 1355.3 21.7269 1294.85 1126.32 442.791 162.59 478.646 120.216 58.4334 111.23 235.237 76.1556 358.43 1333.58
internal_count=1200325 113858 4662 109196 107091 96785 83969 76083 31641 24356 7178 5474 3411 2657 1731 44442 17178 4982 40396 37608 3061 1029 12816 1667 326 2063 1704 2105 11149 12196
cat_boundaries=0 23 49 75
cat_threshold=0 0 0 128 0 0 0 0 0 0 0 0 33554432 0 0 69206016 0 0 1073741824 0 0 2147483648 1 0 0 0 0 0 0 2048 0 0 16384 0 0 1048576 0 0 9437184 0 0 83886080 0 0 536870912 0 0 0 5 0 0 0 0 0 0 0 0 0 16384 0 0 655360 0 0 50331648 0 0 251658240 0 0 805306368 0 0 0 1
is_linear=0
shrinkage=0.05


Tree=52
num_leaves=31
num_cat=3
split_feature=44 1 5 30 41 25 44 34 41 19 33 31 23 5 30 31 0 34 43 38 34 13 41 41 5 41 16 10 25 31
split_gain=1006.2 48.0548 51.4505 49.2693 60.5176 83.6337 56.6569 49.4989 46.2864 76.1376 44.4261 32.8247 29.4841 35.7687 32.8742 29.399 27.5163 26.3136 55.4216 48.2927 41.9216 40.0331 26.0226 25.4742 32.6057 24.373 30.159 23.9822 25.7714 23.896
threshold=29.892516136169437 72.750000000000014 0 951.31250000000011 31.860639572143558 3.4119542837142949 33.058410644531257 -5.7439575195312491 29.159958839416507 2.0937589406967168 22.395455360412601 51.823167800903327 36.168395996093757 1 34.062500000000007 21.508528709411625 29.250000000000004 -12.163055419921873 35.03559875488282 2.2297039031982426 -8.1755065917968732 2.2853788137435918 30.402069091796879 29.832266807556156 2 32.855102539062507 1.7596175670623782 1.0769793987274172 2.2597262859344487 25.306993484497074
decision_type=2 2 9 2 2 2 2 2 2 2 2 2 2 9 2 2 2 2 2 2 2 2 2 2 9 2 10 2 2 2
left_child=8 3 -3 4 5 11 -5 10 -1 -10 -6 -2 13 14 -12 -4 -9 -17 20 -20 21 -19 -11 24 -22 26 -16 -15 -29 -21
right_child=1 2 15 6 7 -7 -8 16 9 22 12 -13 -14 27 25 17 -18 18 19 29 23 -23 -24 -25 -26 -27 -28 28 -30 -31
leaf_value=-0.048866514719409476 0.019935728412089154 -0.031748430158582051 -0.017412221076148589 0.026575855448709825 0.041641581216446601 -0.020414021956166459 -0.011538565303413082 0.040170989510202156 -0.032856746205391162 0.10698255878751578 -0.016894138622540411 -0.023684694715288609 0.023032971034848953 -0.029855080880714771 -0.029346807645273629 -0.012372373358342794 -0.016484363689960538 -0.022465346421906947 -0.014368175277556192 0.0027975162342426456 0.020878337139283904 0.020077749521944584 3.5258043292509694e-05 0.0088158297627212792 -0.030622462662345196 0.035170025062045626 0.02292216166712149 0.038414691571033478 -0.0047664319932218917 0.039895973801545026
leaf_weight=958.58825427433476 411.77351285913028 83.594674555759411 137.63870062981732 120.88627484685276 137.79433993156999 236.32976216526004 372.62722981162369 345.63207081297878 61.195047847286332 5.9987758877687147 50.994829488336109 39.61444437893806 376.97155674546957 70.328674757387489 33.939012525603175 178.16815526393475 17.583966956823133 237.41257160407258 58.682210966944695 54.604155093431473 30.840710972552188 62.769464032899123 8.8358087067026627 1386.3465101602487 73.796004504023585 172.3246235055849 64.567664018599316 30.055758249945939 241.93078953912482 236.43139772117138
leaf_count=1056148 3927 18530 819 4678 1399 4863 3118 2465 43306 845 320 2240 2405 622 323 6129 217 9421 313 290 2566 978 496 19234 9733 1029 350 171 1438 1436
internal_value=-0.0010796 0.00780261 0.0028388 0.0124054 0.0155569 0.00315984 -0.00186004 0.0210294 -0.0459101 -0.00728799 0.0158203 0.0156772 0.0120391 0.00554986 0.0169726 0.00425112 0.03706 0.00562436 0.00717264 0.0250905 0.00355436 -0.0132089 0.0689464 0.00699485 -0.0157959 0.0243283 0.00386872 -0.00568649 0.00119835 0.0332597
internal_weight=6298.26 5263.64 2540.28 2723.35 2229.84 687.718 493.514 1542.12 1034.62 76.0296 1178.91 451.388 1041.11 664.141 321.826 2456.69 363.216 2319.05 2140.88 349.718 1791.17 300.182 14.8346 1490.98 104.637 270.831 98.5067 342.315 271.987 291.036
internal_count=1199809 99014 69449 29565 21769 11030 7796 10739 1100795 44647 8057 6167 6658 4253 2022 50919 2682 50100 43971 2039 41932 10399 1341 31533 12299 1702 673 2231 1609 1726
cat_boundaries=0 32 58 80
cat_threshold=24 0 0 384 0 0 5120 0 0 2293760 0 0 37748736 0 0 203423744 0 0 3221225472 1 0 0 1 0 0 0 0 0 32 0 0 4096 0 0 0 0 0 0 0 0 0 0 0 0 0 0 0 3145728 0 0 16777216 0 0 0 0 0 0 3 0 0 0 0 0 0 0 0 0 0 0 0 0 0 0 0 0 0 805306368 0 0 536870912
is_linear=0
shrinkage=0.05


Tree=53
num_leaves=31
num_cat=9
split_feature=24 45 15 6 16 5 24 28 45 12 5 45 26 14 10 25 24 5 10 5 5 35 13 5 28 25 8 16 5 10
split_gain=995.296 100.373 41.6377 48.6381 41.493 40.2829 38.4365 47.3764 45.7692 38.1821 87.4468 37.8916 37.4935 37.4569 36.6818 36.0839 34.9748 34.8542 34.72 33.0711 32.4846 28.0038 26.929 26.9279 30.2759 28.8416 27.3763 25.8514 23.3428 23.2451
threshold=33.156463623046882 35.609336853027351 1.7412955760955813 0 1.2719656825065615 1 40.765533447265632 996.46343994140636 32.989572525024421 2.3246539831161503 2 32.291427612304695 3.5941171646118169 1.6270757317543032 1.578851640224457 2.8029562234878544 35.676513671875007 3 2.5937365293502812 4 5 0.045299530029296882 2.0690793991088872 6 1002.2503051757814 2.8263778686523442 7 1.7741273045539858 8 1.3832817077636721
decision_type=2 2 10 1 10 9 2 2 2 2 9 2 2 2 2 2 2 9 2 9 9 2 2 9 2 2 1 10 9 2
left_child=-1 4 -3 21 28 12 9 -8 -9 11 16 19 -6 27 20 17 -11 -16 -14 -7 -15 -4 -20 26 25 -25 -10 -13 -2 -5
right_child=1 2 3 29 5 6 7 8 23 10 -12 13 18 14 15 -17 -18 -19 22 -21 -22 -23 -24 24 -26 -27 -28 -29 -30 -31
leaf_value=-0.048772604423295493 0.0017108003659894377 0.037380531283513173 0.038390401376536223 -0.032152124591706896 0.040568326526459336 -0.024089726622064309 -0.038228073355794472 -0.037114152548367522 -0.033571031465746352 0.069297796960821043 -0.018598032583653928 0.0079218169677934998 0.014986586267930608 0.0055544235123022971 0.03315995843780431 -0.0013208701297064123 0.020127858432624806 0.003724654056482707 -0.040750694548188984 0.0023022742737827846 -0.023129162625296618 -0.017430181205797531 0.030484627124914176 0.019880502059878572 0.021875826739683375 -0.017442593402990269 0.017863554475842921 0.034743400261049738 -0.025847238131327541 0.0050923842110866396
leaf_weight=933.39024934568442 142.39483718632255 317.31997538357973 170.93053618073463 42.779750313609838 124.86549541761633 204.54293486085953 94.845601096749306 69.666502684354782 75.348446812480688 31.11963589664083 140.91817920515314 216.94338014395908 478.30078407598194 165.4232435785234 181.03980836085975 554.14061251655221 582.43334203306586 228.57154420437291 42.792648650938645 251.77758733043447 211.36709153838456 19.820182234048843 9.6445834872429241 70.488699680194259 217.98472528904676 136.05951407179236 29.691525474190712 153.61667497782037 152.27575554815121 194.26743153855205
leaf_count=1085858 4049 2176 1299 240 4022 22272 472 336 342 2606 3885 2011 6440 1470 1648 4403 4731 1710 792 18730 2567 120 207 362 1257 608 140 1007 22774 996
internal_value=-0.00144216 0.00695145 0.0238438 0.0131783 0.0041489 0.00540955 0.00327964 -0.00721667 -0.00176138 0.00580029 0.0154109 0.00239948 0.0166322 0.00581497 0.00187017 0.00703173 0.0233191 0.0180937 0.0106622 -0.0102579 -0.0111725 0.0304921 -0.0248646 0.003491 0.00908786 -0.00437547 -0.0172441 0.0196616 -0.0137034 -0.00255507
internal_weight=6244.76 5311.37 745.118 427.798 4566.25 4271.58 3615.98 694.085 599.239 2921.89 754.471 2167.42 655.604 1711.1 1340.54 963.752 613.553 409.611 530.738 456.321 376.79 190.751 52.4372 529.573 424.533 206.548 105.04 370.56 294.671 237.047
internal_count=1199530 113672 4831 2655 108841 82018 70557 3517 3045 67040 11222 55818 11461 14816 11798 7761 7337 3358 7439 41002 4037 1419 999 2709 2227 970 482 3018 26823 1236
cat_boundaries=0 1 33 59 85 111 133 159 160 186
cat_threshold=2 0 0 0 0 0 0 2048 0 0 0 0 0 0 0 0 1048576 0 0 553648128 0 0 0 0 0 0 0 0 0 32 0 0 256 0 0 0 0 0 0 0 0 0 0 0 0 131072 0 0 39845888 0 0 369098752 0 0 1879048192 0 0 0 3 0 0 0 0 0 0 0 0 0 0 0 0 0 0 0 33554432 0 0 67108864 0 0 1879048192 0 0 0 2 0 0 0 128 0 0 0 0 0 98304 0 0 3670016 0 0 100663296 0 0 1174405120 0 0 3758096384 1 0 0 3 0 0 0 0 0 0 0 0 0 0 0 0 2097152 0 0 48234496 0 0 234881024 0 0 1073741824 0 0 0 0 0 0 0 0 0 0 0 0 393216 0 0 4194304 0 0 469762048 0 0 0 0 0 0 1 2 0 0 0 0 0 0 0 0 0 0 0 0 4456448 0 0 541065216 0 0 218103808 0 0 2415919104 0 0 0 2
is_linear=0
shrinkage=0.05


Tree=54
num_leaves=31
num_cat=0
split_feature=24 45 20 3 24 14 30 45 10 11 14 11 23 45 24 40 35 39 3 1 39 34 1 10 30 18 45 1 11 26
split_gain=965.869 85.7186 43.8184 51.8042 52.2523 39.0809 45.331 37.2075 30.6241 30.3299 26.8827 34.4321 28.7111 28.5899 26.027 25.9495 25.4912 25.2728 35.5274 25.1466 46.0898 33.709 23.862 23.728 32.8436 34.8347 30.0677 22.2834 21.722 21.1766
threshold=33.156463623046882 34.573705673217781 1.4274404644966128 78.962673187255874 40.765533447265632 1.7987340092658999 854.31250000000011 31.686084747314457 1.2496716976165774 3.4981837272644047 1.3841483592987063 1.3641940951347353 28.367309570312504 28.639674186706547 42.304107666015632 2.9378521442413335 0.067234039306640639 0.89524370431900036 241.13896179199222 71.750000000000014 2.1422837972640996 -8.3013305664062482 68.750000000000014 1.7850348353385928 64.687500000000014 1.9674940109252932 33.415832519531257 70.750000000000014 1.2749279141426089 2.3080313205718999
decision_type=2 2 2 2 2 2 2 2 2 2 2 2 2 2 2 2 2 2 2 2 2 2 2 2 2 2 2 2 2 2
left_child=-1 2 7 28 9 -3 8 27 14 10 11 -5 13 -12 -7 -6 19 -8 -19 22 21 -21 -10 24 25 -14 -25 -2 -4 -9
right_child=1 5 3 4 15 6 17 29 16 -11 12 -13 23 -15 -16 -17 -18 18 -20 20 -22 -23 -24 26 -26 -27 -28 -29 -30 -31
leaf_value=-0.048818698001619608 -0.00032036107606345666 0.033095779947623603 0.010371738412849172 0.046284438685369085 0.0091682893589822845 -0.024173308585122552 -0.02881718828491003 0.031912586543720027 -0.0030888818553458392 0.046536362475522175 -0.015382755171252814 -0.015689369259097707 -0.021111006914694495 0.10343908831915548 0.031428738665662148 -0.022090676964614191 -0.00075298236060674295 0.014842280770758047 -0.039305061800495492 -0.0081094542959445313 0.042524247164136345 0.021752326020353305 0.035345719109414066 0.0023582730465958966 -0.01570815077816963 0.012714124497044905 0.019677631423847264 -0.042794658446687693 0.036026501184066834 -0.0039362086486053674
leaf_weight=889.07087957364274 44.927422196313273 291.14080011472106 169.88073439319851 70.986978037573863 82.225702598690987 69.158631704747677 73.950333781540394 33.504393360111862 43.321568049490452 36.512447965389583 4.4198358723078837 25.259299054741859 87.650412945251446 3.9357463910710067 19.229151166975498 255.78024093061686 132.79712100327015 144.53447049483657 27.778319329023361 202.00290963798761 99.977613106369972 161.55053751543164 381.18021906167269 769.94603870407445 305.5058249772992 340.45598586654523 363.88953863270581 89.835549165727571 174.29543784196721 778.14597216562834
leaf_count=1086009 6595 1657 2479 1446 475 354 426 897 310 499 2297 630 1788 714 148 1221 688 734 136 983 746 887 2409 13606 8413 3222 2078 41387 2167 14215
internal_value=-0.000905269 0.00723384 0.00293098 0.00618116 0.00347478 0.0166632 0.0129171 -0.00627761 0.0171982 0.00654637 0.00557491 0.0300739 0.00416507 0.0664476 -0.0101119 -0.0144415 0.019638 -0.00628435 0.00443614 0.0226617 0.014126 0.00538717 0.0314425 0.00353395 -0.00344504 0.00546498 0.00804013 -0.0296348 0.024014 -0.00208601
internal_weight=6172.85 5283.78 3637.16 2690.74 2346.57 1646.62 1355.48 946.413 1109.22 2008.56 1972.05 96.2463 1875.8 8.35558 88.3878 338.006 1020.83 246.263 172.313 888.033 463.531 363.553 424.502 1867.45 733.612 428.106 1133.84 134.763 344.176 811.65
internal_count=1199616 113607 104129 41035 36389 9478 7821 63094 6525 34693 34194 2076 32118 3011 502 1696 6023 1296 870 5335 2616 1870 2719 29107 13423 5010 15684 47982 4646 15112
is_linear=0
shrinkage=0.05


Tree=55
num_leaves=31
num_cat=5
split_feature=24 45 29 16 16 38 45 5 45 5 37 5 5 13 37 39 16 33 28 29 29 26 44 33 26 38 39 24 5 36
split_gain=909.314 85.9769 42.5469 40.9589 35.4024 65.7924 44.5043 48.5719 44.4876 35.757 33.0618 50.4996 34.8372 45.3319 35.3401 31.1377 30.1255 29.5159 30.6858 29.032 36.8008 26.9576 24.1033 23.5332 23.4489 23.363 23.3106 22.9894 21.4999 21.4973
threshold=33.156463623046882 35.609336853027351 0.052684783935546882 2.0406346321105961 1.6913735270500185 2.9771814346313481 33.931686401367195 0 31.686084747314457 1 1.1970806121826174 2 3 1.9479864835739138 0.2138175964355469 0.41977553069591528 3.3311449289321904 25.811136245727543 1008.2953186035157 0.87390518188476574 0.0076103210449218759 4.8388383388519296 36.194637298583991 27.632832527160648 3.5162527561187749 1.261924743652344 0.83039772510528576 37.140670776367195 4 0.56219100952148449
decision_type=2 2 2 10 10 2 2 9 2 9 2 9 9 2 2 2 10 2 2 2 2 2 2 2 2 2 2 2 9 2
left_child=-1 4 -3 -4 8 10 9 -8 -2 -7 12 -12 13 15 27 17 29 -6 -19 20 -10 -13 -9 -17 -25 -18 -5 -15 -22 -14
right_child=1 2 3 26 5 6 7 22 19 -11 11 21 16 14 -16 23 25 18 -20 -21 28 -23 -24 24 -26 -27 -28 -29 -30 -31
leaf_value=-0.048641038782183343 -0.033556891622834303 0.036704844402792286 0.028285146200906636 -0.033514265681575353 -0.017721902575950396 0.01003012777741326 -0.0093454044875553432 0.025977241218155995 0.014385647653051607 -0.021830969180749372 -0.010087147272800336 0.037347381843842037 0.0058085444115900456 0.090077110106644653 0.0020748021747346627 0.013416970656331918 0.048616339403820895 0.051572376419690202 -0.021331496572469633 0.035411662632536617 -0.020945878211531519 -0.0020061870490213573 -0.010157188578722103 0.028957440158139738 -0.016006126288729577 0.0013346980440063648 0.0051484464820911874 0.033723282749451751 -0.0019995009801367846 -0.0083992055971158948
leaf_weight=847.51712691091234 101.05237310967641 306.32035006582737 190.75039702653885 38.85308382846415 19.24947121477453 104.67142244498245 272.85037567466497 245.02204725705087 238.46351695759222 366.53823313937755 87.020725106936879 307.52831687225262 739.86992444616044 28.324721418088302 44.3964436276583 276.66191173047991 51.535472584946547 89.831104017735925 11.24597925855778 44.238324971986003 200.7588001366239 49.281566217890941 50.67743725143373 25.25574819650501 165.97859799163416 46.412021220836323 184.20486589148641 79.617994584608823 498.57700175326318 402.87486247578636
leaf_count=1086812 39324 2463 1156 200 1079 2268 1441 1203 1683 6526 2861 5073 9625 809 1009 5506 693 708 228 1401 3072 734 244 237 1026 605 968 514 7059 14081
internal_value=-0.000887816 0.00687224 0.022806 0.0118941 0.00430476 0.00676672 -0.00373074 0.00565492 -0.00356098 -0.0149374 0.0112644 0.0234898 0.00842147 0.0168488 0.0405771 0.0104096 0.00313697 0.03205 0.0422708 -0.000167236 -0.00220149 0.0311561 0.0190322 0.00429029 -0.00892402 0.0284112 -0.00273504 0.0548944 -0.00798054 0.000770189
internal_weight=6115.58 5268.06 720.129 413.808 4547.93 3464.84 1039.76 568.55 1083.09 471.21 2425.08 443.831 1981.25 740.562 152.339 588.223 1240.69 120.327 101.077 982.038 937.799 356.81 295.699 467.896 191.234 97.9475 223.058 107.943 699.336 1142.74
internal_count=1200608 113796 4787 2324 109009 56470 11682 2888 52539 8794 44788 8668 36120 11116 2332 8784 25004 2015 936 13215 11814 5807 1447 6769 1263 1298 1168 1323 10131 23706
cat_boundaries=0 26 55 84 116 138
cat_threshold=0 0 0 0 0 0 0 0 0 0 0 0 0 0 0 4194304 0 0 419430400 0 0 805306368 0 0 0 3 0 0 0 0 0 0 0 0 0 16384 0 0 0 0 0 101711872 0 0 536870912 0 0 536870912 0 0 0 4 0 0 32 0 0 0 0 0 0 2048 0 0 0 0 0 3407872 0 0 62914560 0 0 268435456 0 0 2147483648 0 0 0 4 0 0 32 0 0 0 0 0 0 2048 0 0 16384 0 0 2228224 0 0 53477376 0 0 285212672 0 0 268435456 0 0 0 0 0 0 48 0 0 256 0 0 0 128 0 0 0 0 0 65536 0 0 262144 0 0 18874368 0 0 33554432 0 0 268435456
is_linear=0
shrinkage=0.05


Tree=56
num_leaves=31
num_cat=4
split_feature=45 45 18 34 14 45 5 34 5 5 14 14 32 31 39 45 24 45 39 10 22 39 23 31 5 10 28 12 12 14
split_gain=859.494 89.7445 37.6741 33.1572 45.5593 32.2211 26.1753 29.3688 77.5771 58.3793 54.7814 41.0602 48.8448 51.7569 42.6537 35.8892 35.5456 47.7494 43.2624 40.6634 38.9526 34.3062 40.1693 34.1304 33.5543 29.6139 28.418 29.664 28.274 27.7189
threshold=29.351908683776859 35.609336853027351 1.1936388015747073 -13.552886962890623 2.4235992431640629 32.989572525024421 0 -5.8280029296874991 1 2 2.3860859870910649 2.4235992431640629 912.23498535156261 35.692533493041999 1.3921443819999697 32.989572525024421 40.765533447265632 33.415832519531257 0.49092014133930212 2.2079536914825444 1.0000000180025095e-35 0.85735654830932628 31.764926910400394 47.153011322021491 3 1.644392251968384 1008.3365478515626 2.3607243299484257 2.6391752958297734 1.741387724876404
decision_type=2 2 2 2 2 2 9 2 9 9 2 2 2 2 2 2 2 2 2 2 2 2 2 2 9 2 2 2 2 2
left_child=-1 2 5 4 -3 -2 29 9 -9 10 -8 12 21 26 23 -16 17 19 25 -11 28 -10 -23 -13 -18 -19 27 -14 -21 -4
right_child=1 3 6 -5 -6 -7 7 8 11 16 -12 14 13 -15 15 -17 24 18 -20 20 -22 22 -24 -25 -26 -27 -28 -29 -30 -31
leaf_value=-0.048353424710925227 -0.03677812013990988 0.026848868872074425 -0.0027239418540431154 0.032036221420983751 -0.011655277822961059 0.0120187333398741 0.035094300584560305 -0.025248384132433396 -0.020167556294488711 -0.023537024664363429 -0.039475012863092081 0.035146491486769536 0.017252800234879417 0.03917568339820296 -0.034740522090470904 0.015392919963555055 0.0056117952376690625 -0.037556252274705382 0.010886675870268932 -0.019783286673103528 0.025344645951369045 0.053548920740775489 -0.0021881624618982306 -0.028846596217483568 -0.024822107390697547 0.019041268197245768 -0.036601520609258704 -0.016154796998021533 0.019950503910492121 0.020846240225202525
leaf_weight=815.87407703144709 91.746176888002083 160.40168320387602 169.1424091818044 411.17032092064619 131.93056407570839 44.698036777321249 170.03933432389749 139.62811804650119 221.88883813854773 297.35738859121921 20.055677445197944 352.7878530442249 268.16055533138569 152.86034401052166 41.109641579911113 108.39313687570393 124.73648293688893 73.189659047871828 850.33639696985483 169.99882927554427 105.9542034881888 28.83972377947066 188.61741477262694 14.844194060016887 288.04727658443153 24.911399383097887 27.148466690792702 78.647207538597286 50.716329007002059 443.41204187402036
leaf_count=1078276 42837 1057 4813 3013 687 606 2576 4942 6128 16199 612 2184 2152 2844 1036 640 627 661 5311 3060 5571 2360 1628 1525 1335 173 1145 581 536 5463
internal_value=-0.000933914 0.00651212 0.00391577 0.0230042 0.00966107 -0.0210635 0.00473438 0.00313385 0.00821015 -0.000659248 0.0244266 0.0115991 0.00548682 0.0156244 0.022918 0.000293665 -0.00327769 0.000165288 0.00720618 -0.0104808 0.00175 -0.00674628 0.00723309 0.0318671 -0.0161646 -0.0227522 0.00522789 0.00943637 -0.0101842 0.0141711
internal_weight=6066.64 5250.77 4547.27 703.503 292.332 136.444 4410.82 3798.27 1622.93 2175.34 190.095 1483.3 966.163 526.817 517.135 149.503 1985.25 1572.46 948.437 624.027 326.669 439.346 217.457 367.632 412.784 98.1011 373.956 346.808 220.715 612.554
internal_count=1200578 122302 117545 4757 1744 43443 74102 63826 27165 36661 3188 22223 16838 6722 5385 1676 33473 31511 6145 25366 9167 10116 3988 3709 1962 834 3878 2733 3596 10276
cat_boundaries=0 32 58 77 103
cat_threshold=0 0 0 0 0 0 2048 0 0 0 0 0 0 0 0 536870912 0 0 553648128 0 0 0 0 0 0 0 0 0 32 0 0 256 0 0 0 0 0 0 0 0 0 0 0 0 1048576 0 0 50331648 0 0 268435456 0 0 2147483648 0 0 0 5 0 0 0 0 0 0 0 0 0 0 0 0 1048576 0 0 50331648 0 0 268435456 0 0 0 0 0 0 0 0 0 0 0 0 524288 0 0 8388608 0 0 0 0 0 3221225472 0 0 0 7
is_linear=0
shrinkage=0.05


Tree=57
num_leaves=31
num_cat=0
split_feature=24 45 29 17 34 39 0 34 33 14 31 3 21 38 29 39 45 31 12 30 27 33 27 33 30 3 31 38 34 34
split_gain=801.135 75.128 40.3703 51.5154 37.5349 48.4238 33.9998 44.2052 46.3762 52.7244 43.9043 43.8139 38.4791 41.3273 35.0243 31.7862 35.2224 33.3619 33.1682 44.4153 31.1763 31.0798 30.7512 35.5504 44.9491 30.4101 29.7393 29.6706 28.7856 30.7185
threshold=33.156463623046882 35.609336853027351 0.011745452880859377 1.9618099331855776 -15.375915527343748 0.91523078083992015 32.750000000000007 -7.4116821289062491 22.845120429992679 2.4042958021163945 30.988156318664554 153.12482452392581 2.1383002996444707 3.0729703903198247 0.032672882080078132 1.0702490806579592 33.415832519531257 41.158039093017585 1.9546526670455935 781.56250000000011 999.72161865234386 26.466624259948734 1005.2573547363282 25.1149435043335 704.81250000000011 43.839263916015632 41.158039093017585 0.16858482360839847 -16.486297607421871 -9.3366699218749982
decision_type=2 2 2 10 2 2 2 2 2 2 2 2 2 2 2 2 2 2 2 2 2 2 2 2 2 2 2 2 2 2
left_child=-1 6 -3 -4 -5 -6 7 10 26 22 12 -11 -2 -14 -13 17 -17 -12 19 -19 -18 -21 23 24 -10 -24 -9 -26 -8 -30
right_child=1 2 3 4 5 -7 28 8 9 11 15 14 13 -15 -16 16 20 18 -20 21 -22 -23 25 -25 27 -27 -28 -29 29 -31
leaf_value=-0.048561477270987696 -0.029064039273708427 0.038822083029312178 0.027833812547282389 -0.041205880089794998 -0.032187654337783637 0.020195188994854049 -0.0088165382319876986 0.01786613138052235 -0.0049783511364443764 0.034766288217179413 -0.010485115449420461 0.019330290371485127 0.041817237679694724 -0.02598562581715403 -0.0089725346557236931 -0.025491882452455861 -0.015242167299579694 0.018070086540067958 0.032109256513782589 -0.023527588372688979 0.0099947540969862764 0.020381228669204283 0.019361528047541137 0.0067263773640646217 -0.017323144977620924 -0.0022699186628661844 -0.033052502879194999 0.083900749465680713 0.051362687642311278 -0.025618762244576779
leaf_weight=769.45021960372105 245.89586780138779 209.28556332737207 256.01314303278923 43.334241861477494 51.409715212881565 148.17846118658781 34.656016435066704 31.254331861739047 26.980415661528241 278.97896365419729 202.10649767535506 307.32831503648777 38.401274940813892 32.813015165389515 159.42419488407904 188.24826799205039 198.84497094526887 280.81280846637674 151.20522637793329 145.5244343826198 285.58147420734167 45.818097442330327 176.5121401026845 196.81507327465806 4.8915410452173083 1251.0484488285729 103.2167814989225 40.858847594819963 80.757554256531876 8.9142024755128642
leaf_count=1086038 1873 1837 1675 216 259 862 458 3190 767 2129 1744 2048 220 195 2246 8613 1248 6477 3515 8111 1754 472 3078 1757 310 29353 25777 706 1616 1164
internal_value=-0.0012712 0.00577223 0.0207978 0.012623 -0.00387421 0.00581049 0.00337557 0.00261156 0.00681032 0.0084088 -0.00335451 0.0193992 -0.0199501 0.0112232 0.00967773 0.00026725 -0.00773825 0.00680548 0.0124885 0.00566942 -0.000463134 -0.0125233 0.00349411 0.0186593 0.0462346 0.000520801 -0.0208003 0.0719121 0.0281646 0.0419075
internal_weight=5994.56 5225.11 708.221 498.936 242.922 199.588 4516.89 4392.56 2577.31 2442.84 1815.25 745.731 317.11 71.2143 466.753 1498.14 672.675 825.467 623.361 472.155 484.426 191.343 1697.11 269.546 72.7308 1427.56 134.471 45.7504 124.328 89.6718
internal_count=1199708 113670 4849 3012 1337 1121 108821 105583 71361 42394 34222 6423 2288 415 4294 31934 11615 20319 18575 15060 3002 8583 35971 3540 1783 32431 28967 1016 3238 2780
is_linear=0
shrinkage=0.05


Tree=58
num_leaves=31
num_cat=1
split_feature=24 24 15 34 16 14 36 18 24 0 21 12 38 34 10 0 24 31 14 33 34 6 34 16 12 34 39 10 14 24
split_gain=777.352 35.0925 42.8337 32.83 29.9563 26.76 25.4189 34.6305 29.7084 45.1656 44.7917 27.8818 55.1342 46.2022 36.4049 30.2685 27.0447 31.5908 24.748 24.2107 23.3105 49.153 23.6359 31.6854 28.9545 23.4361 22.9606 30.7925 22.4898 22.3992
threshold=32.766159057617195 42.304107666015632 1.8836964368820193 -15.375915527343748 0.96042183041572582 4.1402482986450204 2.6850700378417973 1.6416606307029726 40.765533447265632 32.750000000000007 1.2954323291778567 2.4442042112350468 0.37977045774459844 0.35568237304687506 1.8600933551788332 29.250000000000004 39.851104736328132 29.325810432434086 2.7175645828247075 26.615039825439457 -12.163055419921873 0 -8.1755065917968732 1.5749596953392031 0.98640456795692455 -8.1755065917968732 1.9312575459480288 2.7337032556533818 3.6262592077255253 35.676513671875007
decision_type=2 2 10 2 10 2 2 2 2 2 2 2 2 2 2 2 2 2 2 2 2 1 2 10 2 2 2 2 2 2
left_child=-1 4 19 -4 -2 6 8 -8 9 11 -10 13 29 16 -14 -16 17 -6 -11 -3 -19 22 -22 -24 -25 -23 27 -5 -9 -13
right_child=1 2 3 26 5 -7 7 28 10 18 -12 12 14 -15 15 -17 -18 20 -20 -21 21 25 23 24 -26 -27 -28 -29 -30 -31
leaf_value=-0.048735178831099658 -0.02914442898217497 0.0065267792727953262 -0.027295630195265649 0.012697470419232949 -0.0098775943166513006 -0.030244060062415104 -0.019513121391710565 0.0010241163027961528 0.013975496651388543 -0.004786293902911562 -0.010288991394316192 0.095566172968079177 -0.011288818049200395 -0.034107413173897178 0.034881447094326994 -0.00036366015658381132 0.016000327681652673 0.022739995174553808 0.064635399402937624 0.041620205198879864 -0.0091009438795988992 -0.0041059926000748728 -0.0048465430012926362 0.043149275181447615 0.01338295990828995 -0.036306709309750065 0.032581159118761416 -0.028251573174919178 0.039592515611292643 0.03320615165124649
leaf_weight=721.51152770943008 54.609870112326462 71.155040048062801 52.31218795478344 202.26631560176611 322.26105478435056 42.89665500697447 212.18263972643763 448.49507087667007 291.33413081802428 15.001205880136693 505.89479564782232 12.459604204574132 138.68782494106563 59.39074889064068 134.96578222786775 104.71360199060291 645.53349693026394 198.50571797089651 45.445852824370377 186.46730867028236 134.35274418862537 169.99557916191407 186.83706783253001 91.441449812962674 531.78477630362613 76.977102640317753 89.212960836477578 48.725843481719494 31.33807072986383 125.31054982123896
leaf_count=1072211 12358 455 275 1343 3313 1769 30695 13741 1644 996 2733 661 1557 9153 1658 1095 3043 2064 787 1636 1682 4217 8429 2126 9849 8486 670 265 423 808
internal_value=-0.000452868 0.00628756 0.0170789 0.00637928 0.00472198 0.00519398 0.00559964 -0.00317549 0.00720566 0.00948331 -0.00135865 0.0085011 0.0189607 0.00619867 0.00859081 0.0200854 0.00735375 0.00401976 0.0491731 0.0325335 0.00728954 0.00454738 0.00970544 0.0130159 0.0183628 -0.0145967 0.0121889 0.00397003 0.00429989 0.0449314
internal_weight=5952.07 5230.56 650.14 392.517 4580.42 4525.81 4482.91 692.016 3790.89 2993.66 797.229 2933.22 516.137 2417.08 378.367 239.679 2357.69 1712.16 60.4471 257.622 1389.89 1191.39 944.416 810.063 623.226 246.973 340.205 250.992 479.833 137.77
internal_count=1200142 127931 4644 2553 123287 110929 109160 44859 64301 59924 4377 58141 5779 52362 4310 2753 43209 40166 1783 2091 36853 34789 22086 20404 11975 12703 2278 1608 14164 1469
cat_boundaries=0 1
cat_threshold=2
is_linear=0
shrinkage=0.05


Tree=59
num_leaves=31
num_cat=1
split_feature=24 1 6 10 1 36 10 38 43 14 0 43 20 1 34 38 31 40 40 24 14 38 1 18 13 31 38 13 29 15
split_gain=730.17 33.3865 40.3921 59.4524 37.4142 34.747 33.5766 42.9222 33.1103 32.2077 72.2152 64.9342 36.8608 36.7633 34.9751 56.2038 33.0093 37.4774 30.7619 33.173 30.0125 29.3258 34.4296 28.6044 28.2176 24.0171 24.1556 23.5431 23.1716 48.2238
threshold=33.156463623046882 72.250000000000014 0 3.6961591243743901 74.250000000000014 1.3833045959472658 1.6966604590415957 2.8906154632568364 28.525731086730961 2.0019258260726933 23.750000000000004 33.913173675537116 1.3481741547584536 75.250000000000014 -4.7065429687499991 0.056941032409667976 27.439919471740726 3.3259973526000981 5.1676228046417245 35.676513671875007 4.1402482986450204 0.61944913864135753 76.250000000000014 2.3279390335083012 1.8953660130500796 33.534606933593757 2.9771814346313481 1.8208815455436709 0.1327781677246094 1.7412955760955813
decision_type=2 2 1 2 2 2 2 2 2 2 2 2 2 2 2 2 2 2 2 2 2 2 2 2 2 2 2 2 2 10
left_child=-1 5 3 9 6 8 -4 20 27 11 -11 12 -3 -13 21 -16 17 -12 19 24 -8 -14 -23 -17 -18 -24 -27 -2 -21 -30
right_child=1 2 4 -5 -6 -7 7 -9 -10 10 16 13 14 -15 15 23 18 -19 -20 28 -22 22 25 -25 -26 26 -28 -29 29 -31
leaf_value=-0.04834031807187962 -0.0072602715548719839 -0.018787317768394218 -0.038431955060653333 0.050965412755033669 -0.043783593888518095 -0.0027692080616914297 0.02866159639965507 -0.020911250945042783 0.011984928000930326 -0.036149016390985812 0.0043893929304014891 -0.016362329877382824 -0.012602344739579861 0.031554873201719895 0.040120043974571154 -0.033189164231259768 -0.014099818669073304 -0.028245287490418693 0.035770434713192897 0.0073225737249983658 -0.032649265601252718 -0.0063117104419990744 0.0046498897702692164 0.0027982395285627328 0.087222080377922298 0.052680487088149576 0.0023512129833908133 0.087457844858718173 0.018522390619332973 -0.031111610235118516
leaf_weight=698.862264124793 6.9976135976030518 174.58144124480896 49.968695148651022 56.635101598803885 70.30403587128967 428.63330595183652 125.65991213702364 97.784541799745057 1942.4473537714221 131.27359138464089 181.51539993216284 39.184022642672062 61.434972186165396 327.39916710741818 41.854568895534612 118.06336717057275 6.6082351707736988 156.61077895213384 75.222909046569839 505.69843533739913 14.850120444374623 68.072395961440634 56.518937622662634 94.529708034940995 10.903033180453347 121.62047493632417 30.2898617683677 14.540841091249602 70.257922868011519 119.6044672653079
leaf_count=1086725 2936 16584 2248 633 24082 8565 2504 1974 19826 5063 1206 214 1829 1719 2590 4629 2021 972 534 3814 410 693 429 1512 1204 1585 334 928 842 1631
internal_value=-0.000731692 0.00574841 0.0020365 0.00434925 -0.0132017 0.0100757 -0.00496787 0.00331454 0.0128789 0.00305564 -0.00244865 0.00913076 0.000771782 0.0261345 0.00675223 -0.00709936 0.00176234 -0.0111033 0.00735079 0.00389952 0.0204431 0.017086 0.023892 -0.0177805 0.0577593 0.0335938 0.0434102 0.0641402 0.00174415 -0.0127369
internal_weight=5897.93 5199.07 2806.45 2447.88 358.567 2392.62 288.263 238.295 1963.99 2391.24 1257.69 1133.55 766.966 366.583 592.384 254.448 1126.42 338.126 788.295 713.072 140.51 337.937 276.502 212.593 17.5113 208.429 151.91 21.5385 695.561 189.862
internal_count=1200236 113511 81256 50038 31218 32255 7136 4888 23690 49405 17287 32118 30185 1933 13601 8731 12224 2178 10046 9512 2914 4870 3041 6141 3225 2348 1919 3864 6287 2473
cat_boundaries=0 1
cat_threshold=2
is_linear=0
shrinkage=0.05


Tree=60
num_leaves=31
num_cat=3
split_feature=45 45 33 0 34 5 5 45 23 5 36 35 13 12 31 45 24 19 31 35 14 24 23 18 23 41 34 0 36 41
split_gain=704.069 63.1867 38.2114 35.323 37.9925 96.4241 56.9813 42.7558 55.5745 53.9352 37.6452 41.394 34.6815 34.4329 40.8927 39.2945 33.9427 33.7673 35.575 33.586 31.482 29.6616 28.5838 26.639 26.2316 24.4502 23.9942 23.6355 24.7566 23.2136
threshold=29.351908683776859 35.609336853027351 27.073344230651859 32.750000000000007 -5.8280029296874991 0 1 32.631086349487312 33.893035888671882 2 0.25606155395507818 0.062465667724609382 1.9479864835739138 2.6391752958297734 56.908285140991218 33.415832519531257 39.172882080078132 1.2298029065132143 22.905179977416996 0.087261199951171889 1.8851305842399599 38.550567626953132 29.501457214355472 2.842332243919373 33.893035888671882 31.606880187988285 -18.287689208984371 26.750000000000004 3.9124487638473515 30.738450050354007
decision_type=2 2 2 2 2 9 9 2 2 9 2 2 2 2 2 2 2 2 2 2 2 2 2 2 2 2 2 2 2 2
left_child=-1 3 20 4 6 7 12 8 17 10 -9 -12 27 15 23 -8 -17 21 -19 24 -3 -6 -20 -15 -14 -16 -5 28 -2 -18
right_child=1 2 -4 26 5 -7 13 9 -10 -11 11 -13 19 14 25 16 29 18 22 -21 -22 -23 -24 -25 -26 -27 -28 -29 -30 -31
leaf_value=-0.048150869536012789 0.012100415716780602 0.036515205194612758 0.033586746594739134 -0.023477317067745664 -0.033368780698966143 -0.024997874229870043 -0.021577857098896924 0.016097950886995064 -0.047746720317408002 0.030705773008845912 -0.023589641274946248 0.035499752437694966 0.073931644372461275 -0.0057659021803731607 -0.015385328352084891 0.011953780350835316 0.016214462732135736 -0.032261868223658084 0.058495231730106137 -0.006215850384217997 0.0023300774945273408 0.0094372495007684909 0.012241239432928947 0.044200164170259015 0.017400929663493128 0.065866414495096282 0.036295447047919337 -0.014536641708142792 -0.019316503937656965 -0.012592550321895175
leaf_weight=676.38719825580483 562.99090870551299 75.398758813738823 282.59913205355406 12.502456341171635 78.477418378810398 178.79706790909404 461.58711938839406 349.62325807940215 41.245696437545121 463.73109143739566 137.66842635907233 27.717488897033036 39.843598162638955 204.64708057034295 7.6445138290291643 242.55641262978315 70.073105785995722 32.061383145162836 27.445425668498501 37.830836488632485 326.1709684561938 68.144173455424607 443.25054783181986 20.461818855255842 48.858999003190547 32.501620244525839 110.76406340417452 122.09221372578759 61.376460803614464 616.37119461782277
leaf_count=1077564 7046 503 2486 106 12817 24993 30106 1930 275 3507 913 265 565 1559 1334 2538 347 275 2249 1888 1840 516 7719 107 249 605 1916 3337 7384 3012
internal_value=-0.000558783 0.00573106 0.0197778 0.00355645 0.00277767 0.00820626 -0.00120643 0.0119679 0.00245498 0.0187087 0.00681243 -0.0122272 0.00901062 -0.00662912 0.00957928 -0.00981452 -0.0038022 0.00631933 0.0124459 0.0323138 0.00947994 -0.0141418 0.016099 0.000462693 0.0477112 0.0504119 0.0289262 0.00480463 0.00875626 -0.0094613
internal_weight=5860.82 5184.43 684.169 4500.26 4377 1848.16 2528.84 1669.36 690.625 978.74 515.009 165.386 872.993 1655.84 265.255 1390.59 929.001 649.379 502.757 126.533 401.57 146.622 470.696 225.109 88.7026 40.1461 123.267 746.46 624.367 686.444
internal_count=1199951 122387 4829 117558 115536 55459 60077 30466 23851 6615 3108 1178 20469 39608 3605 36003 5897 23576 10243 2702 2343 13333 9968 1666 814 1939 2022 17767 14430 3359
cat_boundaries=0 26 52 78
cat_threshold=0 0 0 0 0 0 2048 0 0 114688 0 0 2883584 0 0 619708416 0 0 251658240 0 0 1879048192 0 0 0 3 0 0 0 0 0 0 0 0 0 32768 0 0 1572864 0 0 59768832 0 0 822083584 0 0 0 0 0 0 4 0 0 0 0 0 0 0 0 0 0 0 0 2883584 0 0 14680064 0 0 201326592 0 0 0 0 0 0 3
is_linear=0
shrinkage=0.05


Tree=61
num_leaves=31
num_cat=0
split_feature=45 45 29 14 3 11 45 38 13 24 22 24 15 23 31 30 11 40 24 29 14 18 16 38 28 1 37 22 28 11
split_gain=656.242 61.447 37.3182 30.2792 31.4696 42.7406 31.6894 48.1011 50.2126 62.2551 34.8285 32.5101 28.6821 28.3267 26.6335 23.3143 24.2973 22.2391 21.0651 20.5373 37.9456 27.1297 26.7505 22.366 48.3411 27.0582 22.3316 22.3052 21.9855 21.6522
threshold=29.351908683776859 35.609336853027351 0.032672882080078132 1.0985188484191897 66.384490966796889 1.5281584262847903 33.415832519531257 2.8080697059631352 1.9210382103919985 35.676513671875007 0.098705291748046889 36.745758056640632 1.8836964368820193 36.168395996093757 66.215602874755874 581.81250000000011 2.287771582603455 0.88820886611938488 37.582305908203132 0.061210632324218757 1.5310646295547488 2.4675953388214116 1.6913735270500185 2.2845287322998051 999.12780761718761 75.250000000000014 -0.1393470764160156 0.0042915344238281259 1003.4715576171876 2.5941194295883183
decision_type=2 2 2 2 2 2 2 2 2 2 2 2 10 2 2 2 2 2 2 2 2 2 10 2 2 2 2 2 2 2
left_child=-1 3 -3 -2 5 17 7 8 11 10 14 -6 -4 18 -10 -14 -17 -5 -8 21 22 -20 -21 24 27 26 -25 -22 -26 -23
right_child=1 2 12 4 6 -7 13 -9 9 -11 -12 -13 15 -15 -16 16 -18 -19 19 20 23 29 -24 25 28 -27 -28 -29 -30 -31
leaf_value=-0.048285867612441427 -0.03024250881808942 0.033933969477912683 0.022098511718049614 0.02623571588479455 -0.026082298395602617 0.033117201302684529 0.031346937573128959 -0.019219817561124689 0.10725351344436936 0.0070950715201545077 0.0098928989560161541 -0.0015710744765846695 0.011279193069094917 -0.015208843627857163 -0.012446689151942655 -0.037675873939806093 0.0098262074311936069 -0.00017802782186061511 0.0059187283848675665 0.0019297436919057491 -0.009080231531371729 0.031592641722414161 0.038045842333450236 0.014849178114051613 -0.045960578843344563 0.015886912825864095 -0.017725014114923165 0.025828921054657023 -0.0042774725345819439 -0.01216335694118361
leaf_weight=644.83630294830073 58.76638407621067 246.69312156736851 213.4280002862215 89.665457635419443 153.51164638914634 182.02848307264503 78.409558231011033 369.33125283196568 22.782850891002457 416.17709409771487 23.301795204461087 792.28517372941133 118.57065042108297 139.90920571610332 3.1680449164123266 60.798612693324685 37.917751420289278 396.91218295827275 550.388547251001 102.40365672111511 112.31190178729594 204.69175119139254 94.995784655213356 66.284074991941452 100.21894889138639 215.3291554171592 166.07168096117675 63.46597165800631 47.471615875139832 27.201925121247768
leaf_count=1077627 22703 2246 1403 3045 35053 3050 724 8826 1679 4683 4794 10614 681 709 756 305 187 10718 2939 654 707 1089 486 409 767 1119 1094 442 306 151
internal_value=-0.00113422 0.00484661 0.0187686 0.00270301 0.00320851 0.0131178 0.00141141 -0.00341262 0.000830393 0.0141038 0.0621344 -0.00578074 0.00950966 0.00576862 0.0932432 -0.00328385 -0.0202044 0.00511975 0.00744704 0.00620476 0.00130662 0.0121762 0.0203065 -0.00375466 -0.0135684 0.00347765 -0.0082033 0.00423585 -0.0336834 0.0261693
internal_weight=5799.33 5154.49 677.408 4477.08 4418.32 668.606 3749.71 1780.56 1411.23 465.43 49.2527 945.797 430.715 1969.15 25.9509 217.287 98.7164 486.578 1829.24 1750.84 968.553 782.282 197.399 771.153 323.468 447.685 232.356 175.778 147.691 231.894
internal_count=1199966 122339 4822 117517 94814 16813 78001 66405 57579 11912 7229 45667 2576 11596 2435 1173 492 13763 10887 10163 5984 4179 1140 4844 2222 2622 1503 1149 1073 1240
is_linear=0
shrinkage=0.05


Tree=62
num_leaves=31
num_cat=2
split_feature=45 45 43 14 30 38 16 45 10 34 34 16 6 43 27 39 3 40 3 3 38 14 12 38 21 43 34 6 45 34
split_gain=617.13 55.057 43.8461 36.7043 45.4903 35.0178 40.8557 35.9604 32.2745 28.3296 28.0016 25.1923 33.1872 27.8048 39.8387 25.1236 28.3011 24.7981 22.4628 22.2263 26.3774 28.7727 25.3983 32.8034 25.1274 24.1293 26.5997 28.721 21.951 31.997
threshold=29.351908683776859 34.573705673217781 28.497806549072269 1.7987340092658999 854.31250000000011 2.9771814346313481 1.6512525677680971 31.984869956970218 1.2496716976165774 -3.2132263183593746 -4.2025451660156241 2.5538332462310795 0 31.993626594543461 1002.2254943847657 0.60250192880630504 247.05005645751956 3.8140597343444829 111.67758560180665 78.962673187255874 1.2022027969360354 2.4042958021163945 3.0287474393844609 1.261924743652344 2.0225497484207158 34.435461044311531 0.76925659179687511 1 32.631086349487312 -3.2601013183593746
decision_type=2 2 2 2 2 2 10 2 2 2 2 10 1 2 2 2 2 2 2 2 2 2 2 2 2 2 2 1 2 2
left_child=-1 2 9 -3 8 6 7 -4 18 -2 -9 12 13 -7 17 -6 -17 -15 -5 20 25 -22 28 24 -24 26 27 -8 -21 -30
right_child=1 3 5 4 15 11 19 10 -10 -11 -12 -13 -14 14 -16 16 -18 -19 -20 22 21 -23 23 -25 -26 -27 -28 -29 29 -31
leaf_value=-0.048038447544482735 -0.0089507079220575905 0.028756843467167767 -0.033821930583291748 0.010676390842823437 -0.041862492475655599 0.038290489956419267 0.052237272335436583 -0.0078594100667485258 0.015903088678316055 0.0765597360289208 0.018800381637303784 -0.01956693930622316 -0.025690105334096509 -0.011919628945166535 -0.0087959805091269803 0.0060109526149704356 -0.040108947506142245 0.050660091981354086 -0.035882869879293573 -0.0047703058150915965 -0.011889966911079596 0.030416319751352602 0.006446755835694153 -0.0029834030976837477 0.058167976634330001 -0.0083463619694182731 -0.012257610453012213 -0.013686835374645868 0.0039282761999106684 0.033949356380139621
leaf_weight=614.54149218671955 11.289607988379428 272.81170235201716 98.644744803896174 42.121064238250256 40.691217396408319 46.30651180096902 113.31367827212671 472.33437925146427 960.76917738839984 21.130455858481582 113.8986312027555 311.69094818865415 87.481235424580518 17.864087098278105 254.61269666394219 174.53325880132616 30.616912290453911 43.446392335928977 45.167323056608438 650.25901608646382 106.01783848594641 51.59723256964935 40.076198969152756 75.52902728720801 58.043996389198583 29.155020533362404 18.326103408180643 16.520012844062876 862.24813863774762 89.491890461184084
leaf_count=1077839 1675 1649 46308 272 244 1146 1476 7065 6030 1634 1350 3029 4539 149 1724 917 152 279 243 27887 1387 709 1530 814 440 159 321 1884 6730 630
internal_value=-0.0010945 0.0045829 0.00115836 0.0123713 0.00872245 0.000554118 0.00314681 -0.00739137 0.0132461 0.0516921 -0.00245126 -0.00888223 -0.00121219 0.00576602 0.000147094 -0.0103265 -0.00241636 0.0333116 -0.0146276 0.00658515 0.0182188 0.0029479 0.00430103 0.0219203 0.0395931 0.030911 0.0386754 0.0462271 0.00226705 0.0070748
internal_weight=5770.53 5155.99 3589.28 1566.71 1293.9 3556.86 2795.46 684.878 1048.06 32.4201 586.233 761.402 449.711 362.23 315.923 245.841 205.15 61.3105 87.2884 2110.58 334.93 157.615 1775.65 173.649 98.1202 177.315 148.16 129.834 1602 951.74
internal_count=1200211 122372 112865 9507 7858 109556 98690 54723 6545 3309 8415 10866 7837 3298 2152 1313 1069 428 515 43967 5936 2096 38031 2784 1970 3840 3681 3360 35247 7360
cat_boundaries=0 1 2
cat_threshold=2 2
is_linear=0
shrinkage=0.05


Tree=63
num_leaves=31
num_cat=4
split_feature=45 45 0 6 41 28 3 43 33 24 34 34 17 37 1 5 43 37 28 41 41 5 0 0 11 34 16 10 5 43
split_gain=588.994 52.5938 41.8761 46.0905 98.1853 60.7149 45.7168 39.2883 37.8068 45.0434 49.6029 35.4961 39.1385 32.6994 29.6932 28.201 41.7171 25.1035 23.0219 26.7963 20.716 25.8166 24.5307 25.3476 20.517 27.7428 30.6779 37.3343 29.0016 24.99
threshold=29.351908683776859 35.609336853027351 32.750000000000007 0 31.606880187988285 997.48718261718761 220.11225891113284 28.525731086730961 20.54496002197266 37.582305908203132 -10.479492187499998 -13.552886962890623 1.7962977886199953 0.35694503784179693 70.250000000000014 1 36.12794494628907 1.0562934875488283 1006.5215454101564 31.860639572143558 32.855102539062507 2 25.250000000000004 28.250000000000004 1.9086761474609377 -8.1755065917968732 1.7881698012351992 1.6611703038215639 3 31.422344207763675
decision_type=2 2 2 1 2 2 2 2 2 2 2 2 10 2 2 9 2 2 2 2 2 9 2 2 2 2 10 2 9 2
left_child=-1 2 3 5 -5 -2 7 -7 -6 10 -10 12 13 14 -3 16 18 -4 -9 -20 22 -22 -11 -24 25 28 -27 -28 -8 -26
right_child=1 11 17 4 8 6 24 15 9 20 -12 -13 -14 -15 -16 -17 -18 -19 19 -21 21 -23 23 -25 29 26 27 -29 -30 -31
leaf_value=-0.047604980868728608 -0.040152911159330784 0.02441926266737859 0.043810023919567988 -0.037926471549747404 0.022835725941796066 0.068170580617422039 0.013339885473745455 0.025211817577619696 0.043321606612985633 0.022883892018664961 -0.033081242994524418 0.027879472683203389 -0.011846648650396257 0.047839438178851723 -0.037850729749896693 0.0045088785435366905 -0.022805302183209763 -0.0048337202244956735 -0.030403281518883864 0.028081842347163072 0.006312044181154189 -0.02020706992291476 -0.051035972863925277 -0.011230417732751061 0.010581789442002942 -0.0030998246362266284 0.025214612990524261 0.0012288803489669915 -0.024921332332143248 -0.015242607908787793
leaf_weight=585.84893253172049 63.267134431516752 34.976920135319233 86.981403401878197 197.96295094658853 145.43457125581335 21.079139918845613 60.623847085342277 569.36115031829104 75.028120805684011 18.155184280127287 20.160652116523124 375.72269918769598 157.69424414820969 60.247546970844269 23.371673874557018 835.1319094671635 48.190524149686098 33.969008259533439 36.24462946614949 24.278586749336682 246.49577443487942 120.85670135635883 67.702162752859294 97.95649164961651 119.27499539527344 462.05447312648175 328.09693647990935 313.96425047388766 132.5012203657534 344.72596128645819
leaf_count=1078005 426 281 1476 48689 4464 1158 573 6167 1293 137 1449 3009 870 462 119 20229 227 602 1070 207 1454 951 933 808 2374 10372 4730 3295 1469 2754
internal_value=-0.000551228 0.00491352 0.00295812 0.00211416 -0.00727892 0.00490252 0.00590117 0.0121808 0.000670244 -0.00458908 0.0255332 0.0180705 0.00422351 0.0248512 -0.00241174 0.0109585 0.0183882 0.0308225 0.0221343 -0.00628704 -0.0101536 -0.00308509 -0.023392 -0.0294776 0.000392833 0.00362197 0.00669572 0.0136844 -0.0134155 -0.00852105
internal_weight=5707.36 5121.51 4469.5 4348.55 989.753 3358.79 3295.53 1534.29 791.79 646.355 95.1888 652.013 276.29 118.596 58.3486 1513.21 678.075 120.95 629.884 60.5232 551.166 367.352 183.814 165.659 1761.24 1297.24 1104.12 642.061 193.125 464.001
internal_count=1200053 122048 117307 115229 60178 55051 54625 29058 11489 7025 2742 4741 1732 862 400 27900 7671 2078 7444 1277 4283 2405 1878 1741 25567 20439 18397 8025 2042 5128
cat_boundaries=0 1 27 53 79
cat_threshold=2 0 0 0 0 0 0 2048 0 0 0 0 0 3145728 0 0 608174080 0 0 721420288 0 0 268435456 0 0 0 4 0 0 0 0 0 0 0 0 0 0 0 0 0 0 0 2097152 0 0 50331648 0 0 536870912 0 0 0 1 0 0 0 0 0 0 0 0 0 0 0 0 0 0 0 16777216 0 0 268435456 0 0 1342177280 0 0 0 6
is_linear=0
shrinkage=0.05


Tree=64
num_leaves=31
num_cat=3
split_feature=45 45 5 0 38 12 5 45 38 27 35 28 20 37 10 37 21 28 33 41 5 38 45 10 17 21 41 38 27 15
split_gain=548.181 58.5194 60.785 44.5523 51.3942 46.1053 71.4224 46.207 33.1794 29.4559 29.3713 28.7587 29.9402 29.6468 27.2572 27.1473 27.001 26.9566 26.7335 29.0996 25.9544 25.0934 24.9632 24.1483 35.2511 21.938 20.0613 19.3082 19.1658 18.8956
threshold=29.113927841186527 34.573705673217781 0 32.750000000000007 2.9771814346313481 2.4442042112350468 1 30.969274520874027 1.2912769317626955 1010.4451599121095 0.067234039306640639 997.48718261718761 2.0657478570938115 1.4617691040039065 2.9884852170944218 0.52517318725585949 1.7258405685424807 1008.2953186035157 28.05484771728516 31.374303817749027 2 1.2022027969360354 32.989572525024421 1.4402558803558352 1.494573771953583 2.0225497484207158 29.964744567871097 -0.081316709518432603 1000.4518432617189 2.7502080202102666
decision_type=2 2 9 2 2 2 9 2 2 2 2 2 2 2 2 2 2 2 2 2 9 2 2 2 10 2 2 2 2 10
left_child=-1 3 18 4 5 7 8 16 25 -8 -4 -6 13 20 17 -5 -2 29 19 -3 -13 -12 -14 24 -21 28 -18 -25 -7 -9
right_child=1 2 10 15 11 6 9 14 -10 -11 21 12 22 -15 -16 -17 26 -19 -20 23 -22 -23 -24 27 -26 -27 -28 -29 -30 -31
leaf_value=-0.048135115244579751 -0.041405904413624225 -0.027170814580542459 0.027043408092111809 0.051186781479541657 -0.037309186240379238 0.047863330517680824 -0.031997817258089312 0.0050360839523745527 0.0087168578026909343 0.052050953288414525 -0.03779937107738579 0.015431820274692457 -0.037886094729662576 0.03129467993186983 -0.018819224616265427 0.0016712007101148869 0.038693815153889824 -0.034306177603104802 0.0217991644188993 0.023245038617811756 -0.016132800310761249 0.013339997555537931 -0.00811549979100969 0.036402991266647935 -0.031076709745747513 0.052133834757656976 -0.016577413608990298 0.0043168816757335705 0.0066805240134893626 -0.02085786292756385
leaf_weight=542.97141953738173 93.663658413803205 83.655957609415054 618.86660170555115 59.009896421630401 89.214556521154009 32.768030884384643 85.859413801634219 1850.2957629265729 202.26616778987227 2.6711524930433361 24.988589935004711 84.059264520183206 101.72556195559446 62.10126553819282 141.8290214339504 47.383115832635667 14.404008982819503 36.938288990641013 144.12963267415762 33.74476882070303 159.09291478054365 66.602758031338453 211.17285067215562 43.123297221958637 92.565804677084088 113.12374712742167 40.243055348924827 436.79636933282018 95.475163632654585 63.49306559714023
leaf_count=1054518 75971 429 3967 1178 1692 1475 3232 30768 1695 101 138 1839 1139 945 2058 1008 1444 1004 1091 225 3958 354 1089 196 564 998 2057 2492 1719 942
internal_value=-0.00083246 0.00425682 0.01236 0.000742932 -0.000273929 0.00280282 0.0158866 -0.000361098 0.0237706 -0.022185 0.0228706 -0.0122064 -0.00804715 0.00308621 0.00160192 0.0311728 -0.0264095 0.00317506 0.00293583 -0.00121827 -0.00506986 -0.00295956 -0.0186677 0.00274582 -0.0159236 0.0364828 0.00172296 0.00788418 0.0199044 0.00407305
internal_weight=5674.24 5131.26 1544.47 3586.79 3480.4 2773.03 532.164 2240.87 443.633 88.5306 710.458 707.366 618.152 305.253 2092.56 106.393 148.311 1950.73 834.016 689.886 243.152 91.5913 312.898 606.23 126.311 241.367 54.6471 479.92 128.243 1913.79
internal_count=1200286 145768 9456 136312 134126 123464 9220 114244 5887 3333 4459 10662 8970 6742 34772 2186 79472 32714 4997 3906 5797 492 2228 3477 789 4192 3501 2688 3194 31710
cat_boundaries=0 29 55 81
cat_threshold=0 0 0 0 0 0 0 0 0 0 0 0 131072 0 0 12582912 0 0 268435456 0 0 805306368 0 0 0 7 0 0 32 0 0 0 0 0 0 0 0 0 0 0 0 0 0 0 39845888 0 0 385875968 0 0 1879048192 0 0 0 3 0 0 0 0 0 0 0 0 0 0 0 0 0 0 0 97517568 0 0 67108864 0 0 1073741824 0 0 0 5
is_linear=0
shrinkage=0.05


Tree=65
num_leaves=31
num_cat=0
split_feature=45 45 29 33 21 38 13 38 18 12 1 38 16 45 34 41 38 12 41 37 34 38 1 27 34 16 10 10 14 34
split_gain=529.907 43.7675 38.0234 47.2553 42.9683 39.6688 37.8486 43.956 37.3046 37.7462 46.0121 51.0364 33.6712 31.6734 36.7849 33.3835 28.1914 48.9528 29.8303 27.98 28.8754 27.9349 41.5013 30.0852 29.2655 26.0642 25.3577 24.0484 28.1055 22.1513
threshold=29.298127174377445 34.573705673217781 0.0033073425292968754 22.145472526550297 1.343410909175873 2.9771814346313481 1.0945936441421511 2.9771814346313481 1.8398538231849673 2.6391752958297734 74.250000000000014 1.261924743652344 2.5538332462310795 31.428874969482425 -4.2554321289062491 31.860639572143558 -0.47206401824951166 1.7688428759574892 32.855102539062507 0.43063354492187506 -8.3013305664062482 0.11408138275146486 69.750000000000014 1007.1975708007814 -11.871856689453123 1.4457241296768191 1.6108165979385378 2.6603009700775151 3.4332356452941899 -11.595336914062498
decision_type=2 2 2 2 2 2 2 2 2 2 2 2 10 2 2 2 2 2 2 2 2 2 2 2 2 10 2 2 2 2
left_child=-1 6 -3 -4 -5 29 13 8 16 21 11 -11 -9 -2 -15 -16 18 25 -8 -7 -21 22 -10 24 26 -18 -24 -23 -29 -6
right_child=1 2 3 4 5 19 7 12 9 10 -12 -13 -14 14 15 -17 17 -19 -20 20 -22 27 23 -25 -26 -27 -28 28 -30 -31
leaf_value=-0.047531324496504074 -0.033202111941645483 0.026598380746121565 0.040822752201486977 0.016076015543780398 -0.004878578531228325 0.021611956388460626 -0.017864904512301074 0.0050286334528008717 0.030289021388159105 0.058938561769401536 -0.0025944383588480378 0.011824754418161144 -0.018367666476942789 -0.0090128892028490688 -0.0011280788087767583 0.037116696969968631 -0.025285151051285471 -0.026164304543823971 0.045328958943399326 -0.01838850115055311 0.0201587320509568 0.017135467214615639 -0.025757188318679094 0.015245489293297937 -0.03518027235028337 0.014884362201424767 0.03213814013764691 -0.012492624281234842 0.043268987226961458 -0.032329511278692352
leaf_weight=529.29852091209614 89.86331053666072 323.80717667192221 87.551992429420352 457.92534438148141 173.3242126815021 169.04323310405016 21.782475771615282 296.08679764415137 58.059063019638415 127.11284245620482 92.528048329579178 109.64661973330658 302.53141039045295 735.89189465518575 148.21327011566609 82.204145801486447 40.830724459083285 192.68813672306715 44.273994539340492 132.87898594513535 64.056885793805122 642.55381493011373 25.236306682112627 60.785481819941197 133.41849109169561 193.87297106796177 31.311586682510097 141.09909668233013 16.651855670905206 123.33466096036136
leaf_count=1073084 45590 2491 510 2743 921 974 7570 4152 658 1243 1299 756 2966 12276 2037 1008 4701 6792 907 719 387 8260 412 1602 4432 9221 308 1178 179 684
internal_value=-0.000386151 0.00457219 0.0116176 0.00741699 0.00446893 -0.00367206 0.00153902 0.00485335 0.00851304 0.0125605 0.0272041 0.0384829 -0.00690297 -0.00637277 -0.00356322 0.0134925 -0.00330033 -0.00812529 0.0248814 0.00727444 -0.00548207 0.00800863 -0.00465734 -0.0136001 -0.0231309 0.00714847 0.00631259 0.0128932 -0.00437807 -0.0169733
internal_weight=5647.86 5118.56 1531.92 1208.12 1120.56 662.638 3586.64 2530.47 1931.85 1438.4 329.288 236.759 598.618 1056.17 966.309 230.417 493.448 427.392 66.0565 365.979 196.936 1109.12 308.811 250.752 189.966 234.704 56.5479 800.305 157.751 296.659
internal_count=1200060 126976 9429 6938 6428 3685 117547 56636 49518 20327 3298 1999 7118 60911 15321 3045 29191 20714 8477 2080 1106 17029 7412 6754 5152 13922 720 9617 1357 1605
is_linear=0
shrinkage=0.05


Tree=66
num_leaves=31
num_cat=5
split_feature=44 31 5 26 39 32 41 3 5 5 41 29 40 13 19 34 31 39 3 30 5 41 5 32 1 31 27 41 41 27
split_gain=456.77 39.6097 30.689 40.543 37.317 30.016 28.0112 27.734 36.2103 27.4667 27.9615 25.7487 25.2969 23.6724 22.7828 22.661 41.4235 38.1393 24.1859 21.3346 39.4901 31.5164 33.1598 32.281 23.7477 21.7346 22.2214 20.238 20.1968 24.4666
threshold=29.143161773681644 66.814659118652358 0 6.5661914348602304 2.3864755630493169 583.35604858398449 32.855102539062507 43.839263916015632 1 2 28.6026725769043 0.22383499145507815 1.1138591766357424 1.9479864835739138 1.8835879564285281 -8.5403442382812482 30.187314987182621 1.7420387268066408 235.25454711914065 449.56250000000006 3 31.606880187988285 4 1204.642517089844 72.250000000000014 22.905179977416996 1006.996795654297 34.27331733703614 34.27331733703614 1002.0106506347657
decision_type=2 2 9 2 2 2 2 2 9 9 2 2 2 2 2 2 2 2 2 2 9 2 9 2 2 2 2 2 2 2
left_child=9 2 3 5 7 -2 -3 27 -9 10 -1 15 -5 -14 -13 16 18 -18 -10 21 -21 22 -7 24 -23 26 -24 -4 -22 -30
right_child=1 6 4 12 -6 19 -8 8 11 -11 -12 14 13 -15 -16 -17 17 -19 -20 20 28 23 25 -25 -26 -27 -28 -29 29 -31
leaf_value=-0.026608383847525837 0.033760575559831231 -0.039202011021558403 0.024593477635446913 0.016713321283518028 0.041053048733187721 -0.017447865890108171 0.021707400844388488 -0.022642367483244458 -0.0051594249138921357 -0.04736503179336625 0.060116827095248938 -0.004155319997159233 -0.015965144773720456 0.013235834899837881 -0.031072716654219113 0.0062674300057289261 -0.0067825987458132444 0.035879947586170031 -0.051534104918034708 -0.00667336356629463 0.020445221414768566 0.032999065075011574 0.022996283810420584 0.0025048037956885883 9.1688109938294573e-05 0.01904819999025496 -0.037834115372051065 -0.037553285762964531 0.013640022631973567 -0.047407797326806556
leaf_weight=11.335832586308245 138.32023830045364 74.897226053319173 144.40246819661115 106.25695608378737 46.458990839659236 112.55266383322305 17.264509142725728 165.08815222978592 52.101895211264491 479.86587339427206 7.3342553681286509 383.26622132069315 311.59287975015468 80.300576928595547 90.297099020390306 1346.6912237980869 215.1648019470158 58.366221216740087 58.054069206584245 413.43056714982959 314.28400667844107 393.35537207493326 15.884667595382778 162.83091663982486 63.513247557508294 237.09461528182146 29.334683930908795 5.499075064668431 32.990275550633669 17.396079284604639
leaf_count=19963 3633 76562 3782 1583 553 4065 1077 5274 284 1023071 1989 10899 3039 571 1332 15451 2166 440 523 6445 6434 3081 110 1295 741 5456 268 49 192 147
internal_value=-0.000439254 0.00407011 0.00469183 0.00869186 0.000848153 0.0119957 -0.026784 -4.94305e-05 -0.00140404 -0.0456247 0.0122671 0.000382463 -0.00392804 -0.00980129 -0.00982426 0.0032184 -0.00737068 0.00326516 -0.0318546 0.0101384 0.00383862 0.0148853 0.00370741 0.0218358 0.0285243 0.0126152 -0.0161708 0.0201077 0.0153837 -0.0117974
internal_weight=5585.23 5086.69 4994.53 2429.14 2565.39 1930.99 92.1617 2518.93 2369.03 498.536 18.6701 2203.94 498.15 391.893 473.563 1730.38 383.687 273.531 110.156 1792.67 778.101 1014.57 394.867 619.7 456.869 282.314 45.2194 149.902 364.67 50.3864
internal_count=1200475 155452 77813 37060 40753 31867 77639 40200 36369 1045023 21952 31095 5193 3610 12231 18864 3413 2606 807 28234 13218 15016 9899 5117 3822 5834 378 3831 6773 339
cat_boundaries=0 32 54 86 115 141
cat_threshold=0 0 0 0 0 0 2048 0 0 49152 0 0 3145728 0 0 571473920 0 0 587202560 0 0 268435456 0 0 0 7 0 0 32 0 0 256 0 0 0 128 0 0 0 0 0 0 0 0 131072 0 0 2097152 0 0 0 0 0 2147483648 0 0 0 0 0 0 0 0 0 0 0 0 0 0 0 0 0 0 0 0 0 805306368 0 0 0 2 0 0 0 0 0 256 0 0 0 0 0 0 0 0 0 49152 0 0 0 0 0 0 0 0 0 0 0 268435456 0 0 0 7 0 0 32 0 0 0 0 0 0 2048 0 0 0 0 0 2097152 0 0 33554432 0 0 553648128 0 0 268435456 0 0 0 1
is_linear=0
shrinkage=0.05


Tree=67
num_leaves=31
num_cat=3
split_feature=24 1 6 39 26 30 36 41 18 34 23 30 18 38 31 5 3 35 38 31 39 34 23 14 34 3 5 29 30 29
split_gain=486.167 28.9246 37.0279 47.106 35.6568 45.1985 27.6054 26.6175 37.5885 34.3743 28.0615 25.5547 25.3356 24.9946 34.2367 32.8662 23.7983 24.8013 27.8226 23.4997 23.4455 23.1798 22.0616 22.0218 31.0495 31.6007 21.388 23.1214 22.8822 21.0189
threshold=33.021362304687507 72.750000000000014 0 2.2932978868484502 4.1266150474548349 424.43750000000006 1.3833045959472658 31.860639572143558 2.4675953388214116 -5.7439575195312491 29.436420440673832 1575.8125000000002 2.4127771854400639 4.7652246952056894 30.187314987182621 1 78.962673187255874 1.0000000180025095e-35 -0.27954006195068354 41.780830383300788 1.1777499914169314 0.15145874023437503 34.414058685302741 3.2014787197113042 -11.871856689453123 172.69330596923831 2 0.56520843505859386 162.06250000000003 0.22383499145507815
decision_type=2 2 1 2 2 2 2 2 2 2 2 2 2 2 2 9 2 2 2 2 2 2 2 2 2 2 9 2 2 2
left_child=-1 4 3 13 5 16 7 8 10 26 -6 -12 -4 15 -15 22 21 18 -18 -14 -21 -2 -3 24 25 -7 27 -9 -28 -17
right_child=1 2 12 -5 6 23 -8 9 -10 -11 11 -13 19 14 -16 29 17 -19 -20 20 -22 -23 -24 -25 -26 -27 28 -29 -30 -31
leaf_value=-0.048073349655054498 0.051990341158557232 -0.034426539767696072 -0.03780707804957955 0.041853693319092528 0.052716560382595146 0.031651229691048159 -0.010716745015503603 -0.010618377361518459 0.017830501597656128 0.02739700685846513 -0.025307616358549896 0.030842013204671753 -0.0422818954553267 -0.048309623748884901 0.0078644527281648575 0.0058262928669131665 -0.018413770786585001 0.037187615660038635 0.01703960190591133 0.027836459621603984 -0.013472237365465007 -0.0021809992952884446 0.025453007377787197 0.02610367491339868 -0.017760395300208742 -0.021306475331001683 -0.0089028422329915421 0.01608196337658022 0.017921553717221352 -0.0083370881024844891
leaf_weight=477.0669095145422 103.30946241514175 85.419019934313837 90.519857884937664 63.05587958189426 4.3860113997652652 76.09733352920739 277.01116306646145 285.47858565556817 104.45552270996268 217.69117350340821 210.10940722937812 13.902611909725236 22.73103020794224 48.548008728772402 46.035479815560393 1709.3662931502622 58.915477022965206 115.97531779145356 295.84674539644038 51.954514842655044 67.836814426991623 22.965570033906261 10.827565493062137 60.685817853955086 173.60000556358136 33.530518615181791 93.209712205454707 102.03854988608509 380.97783893183805 299.96622890484286
leaf_count=1080516 1794 9543 27267 616 1162 617 4947 1848 1560 1565 4106 349 611 253 341 25264 841 1599 5087 2006 1869 1553 58 774 4466 447 668 700 2528 14122
internal_value=-0.000332418 0.00419529 0.00033519 0.00234249 0.0078437 0.0155935 0.00346065 0.00629732 -0.00593274 0.0100885 -0.0170927 -0.0206538 -0.0178165 0.00103646 -0.022831 0.00221145 0.0237991 0.0179458 0.0108084 -0.00464176 0.00520804 0.0427011 -0.0236981 0.00107923 -0.00498999 0.0150266 0.00545181 -0.00327766 0.0123194 0.00366294
internal_weight=5603.51 5126.45 2496.26 2263.22 2630.19 940.926 1689.26 1412.25 332.854 1079.4 228.398 224.012 233.042 2200.16 94.5835 2105.58 597.013 470.738 354.762 142.522 119.791 126.275 96.2466 343.914 283.228 109.628 861.705 387.517 474.188 2009.33
internal_count=1199077 118561 81950 50197 36611 17178 19433 14486 7177 7309 5617 4455 31753 49581 594 48987 10874 7527 5928 4486 3875 3347 9601 6304 5530 1064 5744 2548 3196 39386
cat_boundaries=0 1 27 59
cat_threshold=2 8 0 0 128 0 0 5120 0 0 2097152 0 0 50462720 0 0 2097152 0 0 1073741824 0 0 2147483648 1 0 0 2 0 0 0 0 0 0 0 0 0 0 0 0 0 0 0 0 0 0 0 0 0 805306368 0 0 0 2 0 0 0 0 0 256
is_linear=0
shrinkage=0.05


Tree=68
num_leaves=31
num_cat=5
split_feature=24 45 34 41 13 24 45 34 28 41 28 10 11 5 41 5 5 5 5 24 13 37 45 3 30 25 3 30 19 23
split_gain=463.924 43.9612 26.9074 36.054 24.9169 42.8902 36.8716 38.386 36.0534 32.3868 37.5773 32.2322 44.8779 31.768 31.6444 30.9618 30.1209 29.7364 29.3841 27.5588 41.4661 31.0433 26.6033 25.5069 24.8667 24.0974 25.4603 23.1418 24.7734 23.0784
threshold=32.766159057617195 35.609336853027351 -13.552886962890623 33.385446548461921 1.0945936441421511 40.765533447265632 31.428874969482425 -4.4226379394531241 997.48718261718761 33.385446548461921 1006.1734313964845 1.5149391293525698 1.4484574198722842 0 31.860639572143558 1 2 3 4 36.745758056640632 1.8703485727310183 1.5103416442871096 33.415832519531257 53.162555694580085 963.31250000000011 3.1884763240814213 315.52516174316412 103.06250000000001 2.1153165102005009 32.678802490234382
decision_type=2 2 2 2 2 2 2 2 2 2 2 2 2 9 2 9 9 9 9 2 2 2 2 2 2 2 2 2 2 2
left_child=-1 4 3 -3 6 11 -2 18 -7 10 13 12 16 -10 -9 29 -6 19 -8 20 -13 23 27 -21 -5 -22 -27 28 -19 -14
right_child=1 2 -4 24 5 8 7 14 9 -11 -12 17 15 -15 -16 -17 -18 22 -20 21 25 -23 -24 -25 -26 26 -28 -29 -30 -31
leaf_value=-0.048172634268418085 -0.033094159211843714 -0.033970217523048199 0.025293222308910287 0.022450188313637705 0.029267477011129507 -0.026154601892948711 -0.017355820038371422 0.001283497125891514 0.019565554828636818 -0.031652445016915297 -0.041757828703712092 -0.00049640205247815871 0.020629199762050781 -0.0063076960464660999 0.034979480851174666 -0.022359651314258433 -0.0028807559788243241 -0.0078645587519145573 0.0007516550359053006 0.03472700360380266 0.03002828916650432 0.033158600218508222 0.014821058061394256 0.0058087650996103621 -0.011904353580100314 0.098133095340057472 -0.012434016099911712 -0.02088638948034114 0.027377371472109731 -0.011027962334996463
leaf_weight=449.70007982317475 85.836788647400681 41.031699627637863 360.11991289258003 164.37570275738835 138.96552663896 157.6004583039321 325.64931436430197 171.42854542902205 257.90753223747015 59.330871922895312 30.098189771175385 54.493560626637191 96.623336273158202 197.03092948719859 108.31478943570983 230.13464372881572 135.46839311267831 133.16518023074605 640.18120928917779 76.355407472001389 75.205797944363439 153.26182002946734 244.74994816724211 718.67040942260064 68.030849184840918 27.709534697612984 3.6309481989010228 145.10668451152742 66.912825112784049 115.7430007889634
leaf_count=1072118 43274 233 3046 1141 3864 805 4413 2293 1653 296 178 6069 2279 992 1265 8181 8956 3447 9010 605 3732 1357 1333 6141 370 1005 127 10058 829 935
internal_value=-6.76566e-05 0.00427437 0.0164924 0.00441826 0.00250161 0.00494191 -0.0032078 -0.000901059 -0.00587664 0.000359951 0.00483608 0.00809625 -0.00079155 0.00875051 0.0150873 -0.0105636 0.0147825 0.0118288 -0.00563909 0.0165609 0.0354165 0.0131955 0.00248516 0.00898299 0.0123176 0.0522509 0.0854142 -0.00636255 0.0046637 0.0034982
internal_weight=5532.83 5083.13 633.558 273.438 4449.58 3118.16 1331.41 1245.57 701.968 544.368 485.037 2416.2 716.935 454.938 279.743 442.501 274.434 1699.26 965.831 1109.33 161.04 948.288 589.935 795.026 232.407 106.546 31.3405 345.185 200.078 212.366
internal_count=1200005 127887 4790 1744 123097 62842 60255 16981 3924 3119 2823 58918 24215 2645 3558 11395 12820 34703 13423 19036 10933 8103 15667 6746 1511 4864 1132 14334 4276 3214
cat_boundaries=0 29 61 93 122 144
cat_threshold=0 0 0 0 0 0 0 0 0 16384 0 0 524288 0 0 11534336 0 0 50331648 0 0 268435456 0 0 0 4 0 0 32 0 0 0 0 0 0 0 0 0 81920 0 0 2228224 0 0 6291456 0 0 251658240 0 0 536870912 0 0 0 1 0 0 0 0 0 256 0 0 0 0 0 0 0 0 0 49152 0 0 1310720 0 0 595591168 0 0 218103808 0 0 0 0 0 0 0 0 0 0 0 0 256 0 0 0 0 0 0 0 0 0 0 0 0 655360 0 0 120586240 0 0 855638016 0 0 805306368 0 0 0 2 0 0 48 0 0 0 128 0 0 2048 0 0 0 0 0 393216 0 0 56623104 0 0 805306368 0 0 268435456
is_linear=0
shrinkage=0.05


Tree=69
num_leaves=31
num_cat=1
split_feature=24 3 13 41 43 41 43 39 6 30 30 10 1 38 29 24 35 33 24 38 1 23 19 33 12 19 33 3 39 39
split_gain=433.418 26.0096 42.7912 26.6115 24.509 24.1479 37.6973 25.682 53.0421 29.642 23.9248 22.463 31.6034 22.4181 22.114 32.1613 24.4012 25.0453 23.8686 28.6508 38.7361 26.0698 24.9545 24.0217 22.0639 21.4019 20.799 20.4326 20.314 19.292
threshold=32.766159057617195 102.66760253906251 1.5667317509651186 31.606880187988285 33.451574325561531 28.458384513854984 28.468138694763187 2.1422837972640996 0 1.7812500000000002 1137.3125000000002 2.4113833904266362 70.750000000000014 4.7652246952056894 0.014045715332031252 39.851104736328132 0.0023841857910156254 26.190527915954593 39.172882080078132 2.465227603912354 77.250000000000014 33.452064514160163 1.0106065869331362 23.194560050964359 3.1148467063903813 1.4245766401290896 27.835583686828617 232.61927032470706 0.58924430608749401 1.1637980937957766
decision_type=2 2 2 2 2 2 2 2 1 2 2 2 2 2 2 2 2 2 2 2 2 2 2 2 2 2 2 2 2 2
left_child=-1 2 3 -2 -5 -3 27 13 9 -9 11 -6 -13 14 15 16 17 -8 21 23 25 22 -16 -20 -17 -21 -15 -7 -18 -23
right_child=1 5 -4 4 10 6 7 8 -10 -11 -12 12 -14 26 18 24 28 -19 19 20 -22 29 -24 -25 -26 -27 -28 -29 -30 -31
leaf_value=-0.047968061209045884 -0.012219373843438316 -0.028537693945544867 0.025739765466603445 0.026535536658188308 0.014224758471723224 0.07310366076835341 -0.027291499417641602 -0.016859702440820395 -0.017968067395447936 0.045050874085316418 -0.018183789022613566 -0.037792900069524155 0.021709655553587545 -0.029076525535308637 -0.028142030138085462 0.020263206333789436 0.045882090677424964 0.00076954487252793634 0.020155589025774905 0.0053599817375599426 0.019903691378898157 0.021079644915963869 0.0018597031771884769 -0.017083337679560748 -0.018052514207063188 -0.012974391044415366 0.020411474438458015 -0.0084725691155278348 0.0016973234131554952 -0.0018884931488671567
leaf_weight=428.48657246868243 180.20192770534777 54.186414212046657 317.77890902335639 143.81430349033326 340.09212720533833 18.483588042086925 86.054045843193308 17.403445698320866 58.668698802939616 118.59989329747623 92.02632895973511 45.235677752643824 29.009363078512251 95.665053661679849 69.010415939119412 438.1739263869822 38.640565397159662 458.9326149521803 38.948457762598991 265.60330690117553 188.0718257278204 290.49387217010371 556.99439263934619 507.30090595409274 33.382675617933273 371.52332010865211 18.959591243416071 7.9047403808799563 57.644966790801845 129.18404499767348
leaf_count=1071873 21928 23576 5311 2573 2545 1180 2506 121 474 1054 864 297 184 612 13755 2512 573 3938 235 1509 964 2888 27557 2582 214 2119 133 2371 739 2278
internal_value=-0.000274914 0.00384395 0.010429 0.00433317 0.00903644 0.00189349 0.00239259 0.00190745 0.0191428 0.0341757 0.00364881 0.00881219 -0.0147265 0.000936977 0.00166825 0.00746706 0.000131975 -0.00407324 -0.00102125 -0.00534301 0.000562209 0.0046438 -0.00183815 -0.0141135 0.0172322 -0.0053665 -0.0199099 0.0530542 0.0220778 0.0141302
internal_weight=5496.48 5067.99 1148.16 830.38 650.178 3919.83 3865.64 3839.26 194.672 136.003 506.363 414.337 74.245 3644.58 3529.96 1112.83 641.272 544.987 2417.13 1371.45 825.198 1045.68 626.005 546.249 471.557 637.127 114.625 26.3883 96.2855 419.678
internal_count=1199465 127592 33702 28391 6463 93890 70314 66763 1649 1175 3890 3026 481 65114 64369 10482 7756 6444 53887 7409 4592 46478 41312 2817 2726 3628 745 3551 1312 5166
cat_boundaries=0 1
cat_threshold=2
is_linear=0
shrinkage=0.05


Tree=70
num_leaves=31
num_cat=5
split_feature=45 45 5 13 5 11 5 11 28 45 39 40 5 29 33 10 17 16 27 9 45 31 31 28 36 45 39 27 36 33
split_gain=405.325 45.5539 54.3446 30.646 31.4068 26.5994 26.5906 25.9304 25.5964 34.075 22.2505 21.5367 29.2132 20.8189 24.3143 34.6371 29.6226 18.7435 18.5221 18.316 17.964 17.5189 18.9118 21.3757 17.3389 16.2537 16.1906 15.9127 15.7692 15.6217
threshold=29.351908683776859 34.573705673217781 0 1.0945936441421511 1 0.96141052246093761 2 3.4981837272644047 1004.8365478515626 32.291427612304695 0.69176879525184642 1.1380176544189455 3 0.0076103210449218759 22.145472526550297 1.8029003143310549 1.4616980552673342 1.8923777341842654 1006.5921020507814 4 33.931686401367195 53.762973785400398 34.986639022827156 1001.7896728515626 4.3158531188964853 35.609336853027351 1.0823659896850588 996.41131591796886 3.2172203063964848 27.632832527160648
decision_type=2 2 9 2 9 2 9 2 2 2 2 2 9 2 2 2 10 10 2 1 2 2 2 2 2 2 2 2 2 2
left_child=-1 3 13 6 10 -6 20 29 11 -10 18 17 -13 -3 -15 16 -16 27 28 -12 -2 22 23 25 -24 -4 -25 -8 -5 -7
right_child=1 2 21 4 5 7 8 -9 9 -11 19 12 -14 14 15 -17 -18 -19 -20 -21 -22 -23 24 26 -26 -27 -28 -29 -30 -31
leaf_value=-0.046916500925556659 -0.022826544626153893 0.016347896572925003 -0.016435003580569967 0.043345146172097559 0.039975301936929421 -0.0001952588996832206 0.052281424248954114 0.032378440304091032 -0.013564885022185778 0.03349757415805845 -0.0051310801302657544 0.0081064241318595937 -0.02111209228121437 0.025566461669549928 0.015822666741085619 0.002716790297507393 -0.032012300714047308 0.045662760326333443 0.0056350343908123561 0.013920595338463834 0.0018007416139786102 -0.0087570897926282417 0.034890045664642648 0.0024041709055024631 -0.0024166501353649998 0.01809629670771885 0.034613782257861742 -0.004336025593515147 0.00025092165578040896 -0.013541863517600573
leaf_weight=423.33386775571853 301.7954936970491 185.37539073079824 74.509459219872952 111.59393493758398 30.311001901340205 1485.6656223087048 3.780378262337762 46.081184882903472 53.063875587860821 97.150612749159336 206.59824907613802 116.41405075401417 247.53185302772908 60.756297284737229 34.007566452026367 412.70236044377089 150.35095694102347 20.082680232269922 84.248438322974835 279.60880242334679 95.285822307690978 40.563558798283339 308.33849915023893 59.614339105784893 33.139205694198608 47.26078175380826 112.2917722389102 115.37598121332121 25.859644210780971 247.26190584560391
leaf_count=1077704 25841 1459 347 1153 946 38556 67 595 10755 728 1936 3184 7567 384 222 2302 846 439 1679 6284 566 209 1988 313 194 429 866 8296 2561 1783
internal_value=-0.000493514 0.00345451 0.0106755 0.000359007 0.00335152 -0.000190553 -0.00677583 -0.00109559 -0.00038315 0.0170636 0.012115 -0.00582995 -0.012147 0.0019862 -0.00221543 -0.00541707 -0.0228284 0.0103893 0.0250779 0.00606206 -0.0166098 0.0209962 0.0233281 0.0133288 0.0313038 -0.00267667 0.0241902 0.00136907 0.0358045 -0.00216638
internal_weight=5509.95 5086.62 1518.91 3567.71 2517.23 1809.32 1050.48 1779.01 653.399 150.214 707.909 503.185 363.946 843.193 657.817 597.061 184.359 139.239 221.702 486.207 397.081 675.718 635.154 293.676 341.478 121.77 171.906 119.156 137.454 1732.93
internal_count=1200199 122495 9559 112936 55493 41880 57443 40934 31036 11483 13613 19553 10751 5213 3754 3370 1068 8802 5393 8220 26407 4346 4137 1955 2182 776 1179 8363 3714 40339
cat_boundaries=0 29 61 83 115 116
cat_threshold=0 0 0 0 0 0 0 0 0 0 0 0 131072 0 0 29360128 0 0 268435456 0 0 1879048192 0 0 0 2 0 0 32 0 0 0 0 0 0 0 0 0 16384 0 0 2228224 0 0 642777088 0 0 553648128 0 0 268435456 0 0 0 0 0 0 48 0 0 256 8 0 0 128 0 0 4096 0 0 114688 0 0 2097152 0 0 127926272 0 0 973078528 0 0 3758096384 0 0 0 0 0 0 0 0 0 0 0 0 524288 0 0 134217728 0 0 67108864 0 0 268435456 0 0 0 5 0 0 32 0 0 256 7
is_linear=0
shrinkage=0.05


Tree=71
num_leaves=31
num_cat=4
split_feature=41 14 5 1 43 33 26 6 10 14 5 11 15 38 27 39 41 27 27 41 32 26 30 27 29 33 41 6 14 29
split_gain=331.983 39.6808 33.5638 29.1992 37.0342 35.9283 37.3206 35.3884 37.0854 34.8103 54.2553 44.8906 50.3709 41.8563 37.0549 36.5375 34.7193 33.7174 33.3254 33.0677 32.7075 32.599 31.9467 30.0376 33.8809 35.9519 29.4741 28.5068 41.6554 37.778
threshold=28.6026725769043 1.0443152189254763 0 72.750000000000014 28.525731086730961 26.615039825439457 3.2410155534744267 1 3.4446769952774052 2.0019258260726933 2 1.9663233160972597 1.9014705419540407 -0.59510231018066395 1003.8363037109376 0.56382954120635997 30.93084812164307 998.16506958007824 1005.8638305664064 31.606880187988285 668.29763793945324 8.2673916816711444 832.31250000000011 1004.6693115234376 0.091564178466796889 27.632832527160648 32.855102539062507 3 3.2014787197113042 0.88996505737304699
decision_type=2 2 9 2 2 2 2 1 2 2 9 2 10 2 2 2 2 2 2 2 2 2 2 2 2 2 2 1 2 2
left_child=2 -2 -1 4 -3 17 -7 8 9 11 -11 12 15 -13 -15 -5 18 21 -12 -17 -14 22 26 -18 25 -25 -6 -19 29 -29
right_child=1 3 -4 7 5 6 -8 -9 -10 10 16 13 20 14 -16 19 23 27 -20 -21 -22 -23 -24 24 -26 -27 -28 28 -30 -31
leaf_value=0.014578640588450778 -0.035937917214160765 0.06645985586090547 -0.044792500240005542 -0.016008363414596518 -0.01621027116214625 0.031469220561407961 0.0085003269734098049 -0.018223307254445972 0.036957089549436571 -0.027576472600518931 0.024546373273899608 0.047426548880799696 -0.00914928152530072 0.033411034348770872 -0.036146368345956366 -0.0035950893540746529 -0.021038660264332334 0.0042893353496475791 -0.0051824320006895047 0.021137969570249677 0.038795477607859653 -0.035630088557637773 -0.001613831220902138 0.026019346702849739 -0.024093917487951689 -0.022802073366361069 0.031020147066779125 -0.033234742253986573 0.0086860732816402015 0.027615983790607479
leaf_weight=21.706371245556511 54.504265767580364 16.305561162676895 408.68200771507691 163.96755455250968 32.061294006474782 201.96620396658545 1166.3702234469529 229.23186505617923 61.967886824684683 207.73042004168383 201.63314136787085 12.493284753989427 39.116778696217807 14.386835253273601 120.63233644224238 236.25222491117893 238.95414410936064 299.08550770184956 164.69523320152075 298.0681340287847 191.40574897266924 26.977140250441153 199.72621004306711 143.18441782181617 70.813924160756869 41.497576929628849 225.09584796673153 233.2201631172793 109.3130231788964 20.948211275448557
leaf_count=22628 69242 2397 983523 8489 447 1548 8668 50718 789 3539 3657 763 946 143 1956 6061 2199 2705 5972 2665 2542 242 1834 865 1541 236 1298 9293 1549 2123
internal_value=-0.00059368 0.00305092 -0.0422212 0.0035501 0.00729986 0.00665456 0.0120942 -0.000359878 0.00164431 0.000464924 -0.00590055 0.00678033 0.0108712 -0.0180323 -0.0269419 0.00401207 -9.51418e-05 0.000113499 0.0113982 0.010337 0.0306177 0.010033 0.0134347 -0.0086694 0.00325573 0.0144415 0.0247453 -0.00717203 -0.0161477 -0.027364
internal_weight=5451.99 5021.61 430.388 4967.1 2531.07 2514.76 1368.34 2436.03 2206.8 2144.83 1068.51 1076.32 928.81 147.512 135.019 698.288 860.778 1146.43 366.328 534.32 230.523 483.86 456.883 494.45 255.496 184.682 257.157 662.567 363.481 254.168
internal_count=1200578 194427 1006151 125185 32104 29707 10216 93081 42363 41574 18009 23565 20703 2862 2099 17215 14470 19491 9629 8726 3488 3821 3579 4841 2642 1101 1745 15670 12965 11416
cat_boundaries=0 19 20 46 47
cat_threshold=0 0 0 0 0 0 0 0 0 0 0 0 0 0 0 3145728 0 0 67108864 2 0 0 0 0 0 0 0 0 0 16384 0 0 1835008 0 0 23068672 0 0 0 0 0 0 0 0 0 2 2
is_linear=0
shrinkage=0.05


Tree=72
num_leaves=31
num_cat=4
split_feature=45 23 45 13 24 5 5 45 24 38 35 5 36 24 3 13 26 5 28 10 36 10 26 27 3 27 14 39 14 23
split_gain=365.818 33.6954 37.7248 37.4971 34.5432 44.036 29.922 28.4188 27.3422 26.4227 22.4618 22.16 21.9084 25.6105 24.7407 22.965 21.0236 29.9996 28.8492 21.0848 21.7111 19.8542 19.7458 19.5342 19.0049 24.6188 20.0518 18.5586 17.3718 20.8059
threshold=29.113927841186527 28.339481353759769 33.415832519531257 1.0038979649543764 40.765533447265632 0 1 34.573705673217781 39.172882080078132 1.356207609176636 0.38671493530273443 2 8.5387229919433612 36.027694702148445 73.093147277832045 1.6362803578376772 3.7046773433685307 3 1003.7715454101564 1.578851640224457 0.25606155395507818 1.5459606647491457 8.7418174743652362 1005.2573547363282 288.29562377929693 996.41131591796886 2.2782458066940312 2.2932978868484502 2.1115558147430424 36.168395996093757
decision_type=2 2 2 2 2 9 9 2 2 2 2 9 2 2 2 2 2 9 2 2 2 2 2 2 2 2 2 2 2 2
left_child=-1 -2 3 11 5 12 7 22 -8 -6 24 -3 13 15 21 -5 19 18 27 20 -10 -15 -4 -17 25 26 -9 -18 29 -19
right_child=1 2 6 4 9 -7 8 10 16 -11 -12 -13 -14 14 -16 23 17 28 -20 -21 -22 -23 -24 -25 -26 -27 -28 -29 -30 -31
leaf_value=-0.047436017287625261 0.071165910618587069 0.010589345579858238 0.008732712833932928 -0.00063891629682761805 0.024284069164775178 -0.0068806434746154707 0.015239249461658517 0.01970093501496973 0.0070753217630977437 -0.027260103876561581 -0.013228407409431009 -0.01892136566486748 -0.017200778989533209 0.0021935916635708176 0.0053678356547964285 0.078315615149464723 -0.0045312490223651308 -0.01305629180832588 0.026955280109799862 0.013904106766050509 -0.025937508760152984 0.040866998441417973 -0.024970590841935834 0.0092553132696253353 0.0036076228364986269 0.04002912737069253 -0.030883767627694458 0.033513487466044149 -0.022075610585678258 0.020796451821147983
leaf_weight=375.86843544058502 8.1206307498214283 65.278994315303862 485.73087614402175 24.18796722398838 21.551345355808735 585.80654419897473 355.65771686378866 68.544378347694874 119.81009025871754 145.70599941955879 32.852675057016313 392.10525513178436 57.741998273239005 51.319656770327128 644.8557001206791 27.558369573089294 439.59438164718449 129.15742211416364 96.604856967926025 400.39683454483747 71.622991405427456 90.500854921527207 37.991237049922347 18.194646835763706 76.189400855451822 231.96656320989132 16.472879320383072 24.542866736650467 259.68052130565047 57.438185926526785
leaf_count=1054019 3221 3532 3158 3329 177 32492 3287 469 680 811 186 61925 10360 542 7530 1282 2420 625 558 2295 398 917 197 1118 414 1838 88 262 1440 447
internal_value=-0.000513951 0.00307437 0.0028234 -0.00223398 0.00126708 0.00371072 0.00651845 0.0137049 0.0028899 -0.0196233 0.0233004 -0.0147513 0.0104586 0.0126207 0.0097365 0.0397858 8.31508e-05 -0.00430059 0.00343352 0.00748974 -0.00595061 0.0279388 0.0058658 0.0574383 0.0266051 0.0318533 0.00768087 -0.0018551 -0.0136566 -0.00210791
internal_weight=5413.05 5037.18 5029.06 2124.81 1667.42 1500.17 2904.25 949.748 1954.51 167.257 426.026 457.384 914.359 856.617 786.676 69.941 1598.85 1007.02 560.742 591.83 191.433 141.821 523.722 45.753 393.173 316.984 85.0173 464.137 446.276 186.596
internal_count=1200017 145998 142777 124015 58558 57570 18762 6350 12412 988 2995 65457 25078 14718 8989 5729 9125 5752 3240 3373 1078 1459 3355 2400 2809 2395 557 2682 2512 1072
cat_boundaries=0 32 61 93 115
cat_threshold=0 0 0 0 0 0 0 0 0 0 0 0 393216 0 0 577765376 0 0 989855744 0 0 805306368 0 0 0 1 0 0 48 0 0 256 0 0 0 0 0 0 2048 0 0 98304 0 0 3145728 0 0 42991616 0 0 587202560 0 0 3221225472 0 0 0 0 0 0 32 0 0 0 0 0 0 0 0 0 0 0 0 1441792 0 0 0 0 0 0 0 0 268435456 0 0 0 4 0 0 32 0 0 256 0 0 0 0 0 0 0 0 0 16384 0 0 0 0 0 18874368 0 0 201326592 0 0 536870912
is_linear=0
shrinkage=0.05


Tree=73
num_leaves=31
num_cat=0
split_feature=44 26 36 3 13 33 30 36 27 34 34 21 34 21 44 16 16 23 0 34 39 14 1 25 33 12 3 14 0 14
split_gain=311.064 27.8562 25.1249 27.4648 26.4813 25.6498 24.6394 28.1717 26.6458 26.2142 25.8518 29.8847 23.3088 20.9014 39.1273 20.5417 19.8863 18.4963 17.9573 18.5774 18.5758 24.5882 17.3527 17.2971 15.4612 14.4644 14.1152 14.1146 44.6736 50.2504
threshold=29.143161773681644 6.4655704498291025 18.864154815673832 66.384490966796889 1.271380662918091 27.073344230651859 174.43750000000003 1.3833045959472658 1003.6799621582032 -12.163055419921873 -5.3631896972656241 1.9927993416786196 -12.464385986328123 2.1383002996444707 27.070619583129886 1.4232543110847475 2.1523665189743046 27.689506530761722 33.250000000000007 -18.287689208984371 2.9485961198806767 2.6257870197296147 68.750000000000014 5.5641710758209237 27.436223983764652 1.2895648479461672 169.63880157470706 1.5442894101142886 23.750000000000004 2.0019258260726933
decision_type=2 2 2 2 2 2 2 2 2 2 2 2 2 2 2 10 10 2 2 2 2 2 2 2 2 2 2 2 2 2
left_child=13 2 3 4 5 12 10 8 9 -8 11 -3 15 -1 -15 -2 -6 -16 27 -20 21 -21 -12 -11 -10 -14 -25 -5 29 -29
right_child=1 6 -4 18 16 -7 7 -9 24 23 22 -13 25 14 17 -17 -18 -19 19 20 -22 -23 -24 26 -26 -27 -28 28 -30 -31
leaf_value=-0.04771452454793338 0.035939003848716192 -0.036660722312802228 -0.024422730506537926 0.01094787861322943 0.048094012970082797 0.020839700657486509 -0.0045224484723744946 -0.022673633719943208 0.010394948658201321 -0.0015144507985266464 -0.038771348373025726 0.0096629557736803463 -0.030127559761950626 -0.035230143340849 0.089164435326317376 -0.026942040564749095 0.014941781408108631 -0.0080564117161550201 -0.02128304122070887 -0.011642270317968405 -0.022602813576322635 0.057151394919677981 0.015544777569999774 0.042304923283439717 -0.031591988124333246 0.013070726358612575 0.0027831741090863418 -0.0025194598216794475 0.004733239275653482 -0.036809667021785085
leaf_weight=333.50575266714441 33.424392661981983 152.40121107437881 63.606224083458073 484.95728157885605 78.960865456843749 134.05413132920512 110.12952329381369 87.967724461312173 28.32301284399 43.219504369189963 8.1860385629697685 39.730342734925216 79.97121737326961 23.823652210878208 2.8042867951444332 10.137891876976935 120.56541337180533 5.4805560703098308 10.87947138212621 12.819169915834207 6.2068939663004121 49.086323394236388 70.011861116014188 103.51325888818246 50.031729125097627 18.521347599540604 30.047734424297232 479.06411509314785 2585.2191466720542 128.14500639939797
leaf_count=972392 411 2784 32806 17618 1581 1863 720 14422 3332 497 78 288 21538 71995 557 116 1289 539 161 409 45 663 1035 1268 973 496 296 8921 36108 5492
internal_value=-0.000209332 0.0030692 0.00459859 0.00509132 0.0162914 0.00587993 -0.00594936 0.00123116 0.007439 0.014448 -0.0176026 -0.0270774 -0.0086794 -0.0441007 -0.00414745 0.0190073 0.0297307 0.0556182 0.00363367 0.0258507 0.0351401 0.0432679 0.00610751 0.0258755 -0.0169561 -0.0215482 0.0342268 0.00308763 0.00186313 -0.0102352
internal_weight=5384.8 5019.18 4295.62 4232.01 475.635 276.109 723.562 453.232 365.265 286.91 270.329 192.132 142.055 365.614 32.1085 43.5623 199.526 8.28484 3756.38 78.9919 68.1124 61.9055 78.1979 176.78 78.3547 98.4926 133.561 3677.39 3192.43 607.209
internal_count=1200693 155210 129517 96711 27294 24424 25693 21508 7086 2781 4185 3072 22561 1045483 73091 527 2870 1096 69417 1278 1117 1072 1113 2061 4305 22034 1564 68139 50521 14413
is_linear=0
shrinkage=0.05


Tree=74
num_leaves=31
num_cat=3
split_feature=45 45 23 29 45 5 21 17 30 38 24 7 5 0 43 23 0 33 30 0 0 43 28 5 0 29 24 29 24 45
split_gain=327.79 37.4063 30.1524 28.4007 27.6174 34.7608 26.8345 25.1931 25.8454 24.6826 24.4932 36.4507 25.7883 24.1183 24.0012 23.6333 22.5321 20.3514 19.9279 23.8612 18.965 18.4539 19.5493 19.2032 18.4487 17.408 17.9219 27.7909 23.9405 29.2792
threshold=29.113927841186527 35.609336853027351 28.339481353759769 0.052684783935546882 31.984869956970218 0 1.6879463195800783 1.7359223365783694 581.81250000000011 -0.13854026794433591 40.765533447265632 1.5000000000000002 1 32.750000000000007 33.451574325561531 31.255496978759769 29.250000000000004 27.632832527160648 256.06250000000006 27.250000000000004 28.750000000000004 31.686017036437992 1005.3384399414064 2 28.250000000000004 0.95753097534179699 39.851104736328132 0.0076103210449218759 39.172882080078132 33.415832519531257
decision_type=2 2 2 2 2 9 2 8 2 2 2 2 9 2 2 2 2 2 2 2 2 2 2 9 2 2 2 2 2 2
left_child=-1 2 20 9 5 17 -7 -5 -9 -3 13 16 -13 21 24 -8 -12 -4 19 -16 -2 22 23 -6 -14 26 28 -28 29 -23
right_child=1 3 4 7 10 6 15 8 -10 -11 11 12 14 -15 18 -17 -18 -19 -20 -21 -22 25 -24 -25 -26 -27 27 -29 -30 -31
leaf_value=-0.047333754070836301 -0.007721544485863552 -0.020391813958669333 0.014300311012192757 0.020125943442379873 0.020861620855624784 -0.031652933489473477 0.0061604729174569795 0.010388552445235372 -0.022439492210562993 0.032122191090480166 0.018548421182116682 0.0023042965497301138 0.023623570017849649 0.036513378331268984 -0.025868276868632009 -0.021469629544502385 -0.019338626397751121 -0.016643166122324592 -0.040206482867314722 0.006496740579726064 0.094138112686285538 -0.0033233016112854973 0.040683411187876467 -0.011217288958747599 -0.026261342729646888 0.032495870645869257 0.022394368217091933 0.0018634352040374663 -0.0077931299474613266 0.013169029380284948
leaf_weight=342.79792857938446 4.7141366217692831 18.105633769184351 197.1490452150465 154.39453682303429 86.506421726895496 170.63624592835549 158.56188446184387 116.03394796326756 105.35057483613491 215.08840454369783 197.20829965174198 241.19838898256421 47.257271878421307 48.465004502795637 145.78732089698315 135.1324042940978 39.804410424083471 62.249482967861695 114.23132807621732 84.452469605952501 3.9655960850068368 592.39150331146084 56.492270871531218 67.576049017370678 17.933604620397091 38.403458795044571 237.30347454920411 500.41820299439132 685.65846629999578 478.4188480079174
leaf_count=1053754 2651 143 19905 1104 749 76333 4878 708 533 2300 1240 1459 308 386 780 2543 202 1462 578 438 473 11984 797 1225 106 956 1117 2537 3795 4380
internal_value=-0.000745576 0.00252297 0.000905955 0.0140341 0.000635583 -0.00822558 -0.0160948 0.00526078 -0.00552802 0.0273741 0.00239607 -0.0048003 -0.0108802 0.00469383 -0.0181356 -0.00684082 0.0116603 0.00629866 -0.0237289 -0.0142204 0.0642985 0.00400107 0.0178836 0.00755432 0.00823301 0.002781 0.00219554 0.00867881 -0.000561167 0.00409884
internal_weight=5363.69 5020.89 4411.92 608.973 4403.24 723.729 464.331 375.779 221.385 233.194 3679.51 887.873 650.86 2791.63 409.662 293.694 237.013 259.399 344.471 230.24 8.67973 2743.17 210.575 154.082 65.1909 2532.59 2494.19 737.722 1756.47 1070.81
internal_count=1199824 146070 141282 4788 138158 105121 83754 2345 1241 2443 33037 5111 3669 27926 2210 7421 1442 21367 1796 1218 3124 27540 2771 1974 414 24769 23813 3654 20159 16364
cat_boundaries=0 32 58 84
cat_threshold=0 0 0 0 0 0 0 0 0 0 0 0 131072 0 0 544210944 0 0 436207616 0 0 0 0 0 0 1 0 0 32 0 0 256 0 0 0 0 0 0 0 0 0 0 0 0 1572864 0 0 8388608 0 0 16777216 0 0 1073741824 0 0 0 6 0 0 0 0 0 0 0 0 0 0 0 0 262144 0 0 4194304 0 0 637534208 0 0 1610612736 0 0 0 3
is_linear=0
shrinkage=0.05


Tree=75
num_leaves=31
num_cat=4
split_feature=45 43 45 19 5 27 26 5 32 12 5 21 38 45 12 34 34 0 34 41 33 38 33 33 34 12 34 38 5 34
split_gain=318.158 39.7511 39.6497 35.105 29.4211 27.3644 23.9077 35.3176 39.3988 28.5304 39.5325 24.5241 24.024 30.9895 23.7614 28.5783 37.9941 23.6117 23.278 21.5518 20.3949 24.3915 20.0301 21.1335 26.7022 19.7869 26.219 26.5634 19.7362 19.6723
threshold=29.113927841186527 28.41388034820557 31.686084747314457 1.5585600733757021 0 1005.2573547363282 4.1266150474548349 1 919.33535766601574 2.0325771570205693 2 1.3524971604347231 1.45402467250824 34.573705673217781 2.1203167438507085 -15.375915527343748 -9.4776611328124982 28.750000000000004 -3.2132263183593746 31.14603424072266 24.791232109069828 1.261924743652344 28.05484771728516 21.714623451232914 -7.1095275878906241 2.6391752958297734 -6.2601623535156241 1.2022027969360354 3 -6.6290588378906241
decision_type=2 2 2 2 9 2 2 9 2 2 9 2 2 2 2 2 2 2 2 2 2 2 2 2 2 2 2 2 9 2
left_child=-1 18 3 -3 5 19 7 8 20 10 22 -9 -11 28 17 -16 -17 -13 -2 -5 21 -4 23 -8 -25 26 27 -10 -14 -18
right_child=1 2 6 4 -6 -7 9 11 25 12 -12 14 13 -15 15 16 29 -19 -20 -21 -22 -23 -24 24 -26 -27 -28 -29 -30 -31
leaf_value=-0.047199367532345243 -0.0098842832003460217 -0.02811208300448086 -0.026632420890833466 0.058751476244680662 -0.012470442355016287 -4.0530120966384411e-05 0.0074439904828771265 0.023196673208888671 -0.033671594044739274 0.021030282226863775 0.0044410647948768551 0.010215271037595515 0.016652071535045634 0.01432708765028361 -0.020897579378533277 0.040154270183052371 -0.023174072419207919 -0.015578774346663923 0.069667289167666055 -0.012542412638574861 -0.017189509479571138 0.026289785070422917 0.0049903991600761775 -0.025412423245675858 0.00043355062129559868 -0.018665929531466525 0.022910504971006076 0.0073765207510549883 -0.014764261454068589 0.014106087117271383
leaf_weight=326.5984071267012 9.4704339214949851 172.50725783055532 22.764017124427482 36.480433825956425 206.54734645082499 92.737028360221302 82.090195969445631 436.55845458747353 36.603264588862658 243.84928781201597 797.56267178186681 185.53465536434669 45.90670122532174 264.98191569373012 36.865010088309646 140.89933115709573 36.346990474266931 152.53102872497402 24.581351559201721 9.7452989053854235 304.50341329409275 57.877677964512259 144.05723502393812 395.2547896024771 132.19776912813541 50.103184552164748 260.38429915963206 245.73013080609962 233.01499589998275 143.77624096325599
leaf_count=1054138 2428 88086 1045 956 6400 2583 1684 6390 554 1889 7614 1726 334 1732 223 986 268 1747 2229 393 2655 993 1037 3549 1408 411 2365 1604 1540 1078
internal_value=-0.000143141 0.00301771 0.00259299 -0.0103724 -0.000973725 0.0155947 0.00412236 0.00796745 0.000897522 0.000633669 -0.0032999 0.0138819 0.00832352 0.00234986 0.0079898 0.0167851 0.021613 -0.0015359 0.0503212 0.0441638 -0.0113737 0.0100605 -0.0113528 -0.0154168 -0.019047 0.00894122 0.0117815 0.00108504 -0.00913084 0.00576012
internal_weight=5328.06 5001.46 4967.41 518.017 345.51 138.963 4449.39 2110.48 977.966 2338.92 1551.16 1132.51 787.753 543.904 695.953 357.888 321.023 338.066 34.0518 46.2257 385.145 80.6417 753.6 609.543 527.453 592.821 542.718 282.333 278.922 180.123
internal_count=1200045 145907 141250 98418 10332 3932 42832 22045 9627 20787 15292 12418 5495 3606 6028 2555 2332 3473 4657 1349 4693 2038 7678 6641 4957 4934 4523 2158 1874 1346
cat_boundaries=0 29 61 87 113
cat_threshold=0 0 0 0 0 0 0 0 0 0 0 0 262144 0 0 574619648 0 0 973078528 0 0 268435456 0 0 0 5 0 0 32 0 0 0 128 0 0 0 0 0 16384 0 0 1835008 0 0 94371840 0 0 469762048 0 0 2147483648 0 0 0 4 0 0 0 0 0 256 0 0 0 0 0 0 4096 0 0 65536 0 0 131072 0 0 54525952 0 0 905969664 0 0 1879048192 0 0 0 3 0 0 0 0 0 0 0 0 0 0 0 0 0 0 0 9437184 0 0 402653184 0 0 2147483648 0 0 0 6
is_linear=0
shrinkage=0.05


Tree=76
num_leaves=31
num_cat=3
split_feature=45 43 45 5 27 37 39 20 34 5 35 29 13 5 29 34 45 39 32 33 13 38 28 45 44 13 38 34 38 19
split_gain=299.547 35.3002 34.2353 39.568 28.3984 33.1212 26.6716 24.9551 24.945 45.654 28.3628 31.1586 29.656 27.4195 35.613 43.6282 25.8773 21.7073 19.2379 25.3453 24.8499 18.8958 18.837 17.6433 25.574 25.9116 25.8984 22.4562 27.3961 17.6025
threshold=29.113927841186527 28.311084747314457 31.984869956970218 0 1005.674530029297 -0.28935623168945307 0.48044744133949285 1.4239019751548769 -4.1481018066406241 1 0.0023841857910156254 0.0044746398925781259 0.92932441830635082 2 0.34144210815429693 -11.871856689453123 32.989572525024421 0.49092014133930212 848.97256469726574 22.917311668396 1.6935210824012759 -0.35426020622253412 995.11563110351574 33.931686401367195 35.097208023071296 1.0480113029479983 -0.64503097534179676 -14.052276611328123 4.1870088577270517 1.8835879564285281
decision_type=2 2 2 9 2 2 2 2 2 9 2 2 2 9 2 2 2 2 2 2 2 2 2 2 2 2 2 2 2 2
left_child=-1 -2 3 4 5 21 -6 -5 13 -10 11 16 -13 -4 23 18 -11 29 22 -20 -21 -3 -16 24 25 -15 -27 28 -25 -9
right_child=1 2 8 7 6 -7 -8 17 9 10 -12 12 -14 14 15 -17 -18 -19 19 20 -22 -23 -24 27 -26 26 -28 -29 -30 -31
leaf_value=-0.046758880319853008 0.050251196351009053 -0.0042521708073834661 -0.0014561313470932344 -0.041565620465251356 0.020507557906072636 -0.0030567697424555744 -0.020671442797669692 -0.015529536327788574 0.028614388230959954 -0.010739544775383462 0.03875004159348025 0.014595767268867972 -0.034857045582066266 -0.01140950669265605 0.038776753489319332 -0.03035251245219513 0.021475524919554026 -0.017824830780919714 0.022356829779450769 -0.036922094723933506 0.0069753131006887598 0.061963842790391514 -0.0058429185431767075 0.014508018667621587 -0.024369100092251537 -0.022987583782938831 0.017974346520368594 0.019941794433057429 -0.031886639729866099 0.02603515648398019
leaf_weight=311.75246140931267 29.266261131153442 11.88822929523303 1921.3883002769435 75.243871027196292 51.745478831813671 52.488599496748066 99.925264337885892 34.000813218823168 259.25434376532212 98.675832121632993 36.884642842458561 36.072705208091065 95.084640145068988 122.43747874256223 54.927865116740577 116.3238700600341 139.70197455585003 262.72469177097082 49.748997924849391 60.719206159003079 54.295672114938498 44.718094785843277 33.540007801144384 71.773915303871036 58.440732800867409 34.307386478409171 375.71674954541959 618.77182704955339 42.260411042720079 53.504431964829564
leaf_count=1053740 3927 2401 17111 68244 2545 9238 4475 2710 2337 693 725 276 749 1813 505 2239 856 10439 436 383 335 3441 428 474 342 366 3519 3993 211 857
internal_value=5.42541e-06 0.00301121 0.00263243 -0.00766124 0.00748095 0.0260839 -0.00622292 -0.0166889 0.00429676 0.0131199 0.00204988 -0.00248376 -0.0211854 0.00264017 0.00723568 -0.00631733 0.0082447 -0.0108021 0.00545706 -0.00473107 -0.0172989 0.0495069 0.0229851 0.0110927 0.00455249 0.00811752 0.0140813 0.0162341 -0.00387015 0.00994855
internal_weight=5307.58 4995.83 4966.57 686.239 260.766 109.095 151.671 425.474 4280.33 665.674 406.42 369.535 131.157 3614.65 1693.26 369.556 238.378 350.23 253.232 164.764 115.015 56.6063 88.4679 1323.71 590.902 532.462 410.024 732.806 114.034 87.5052
internal_count=1199808 146068 142141 104350 22100 15080 7020 82250 37791 5636 3299 2574 1025 32155 15044 4326 1549 14006 2087 1154 718 5842 933 10718 6040 5698 3885 4678 685 3567
cat_boundaries=0 32 58 84
cat_threshold=0 0 0 0 0 0 0 0 0 0 0 0 131072 0 0 575668224 0 0 436207616 0 0 268435456 0 0 0 4 0 0 48 0 0 256 0 0 0 0 0 0 2048 0 0 49152 0 0 524288 0 0 0 0 0 16777216 0 0 1879048192 0 0 0 2 0 0 0 128 0 0 6144 0 0 81920 0 0 917504 0 0 7340032 0 0 335544320 0 0 805306368 0 0 0 4
is_linear=0
shrinkage=0.05


Tree=77
num_leaves=31
num_cat=0
split_feature=24 45 29 17 12 16 29 40 25 16 36 37 37 27 24 25 19 24 37 28 7 40 34 12 34 12 29 34 29 7
split_gain=285.977 30.1875 34.4631 27.851 23.8155 19.8778 22.8499 17.958 41.1567 28.0305 30.9711 30.1167 27.9586 24.2867 21.6402 37.0088 22.0139 20.6679 18.6001 24.2602 18.3946 17.1994 16.1957 15.2941 15.2685 18.5314 14.6048 17.4579 13.8536 13.7711
threshold=32.422637939453132 35.609336853027351 0.019504547119140628 1.8757232427597048 2.4918156862258916 1.2321984767913821 0.93399429321289074 3.3259973526000981 3.6312625408172612 3.3311449289321904 8.5387229919433612 1.5103416442871096 -0.037330627441406243 1009.6065063476564 34.845458984375007 2.9902175664901738 1.1601123213768008 39.851104736328132 -1.0671310424804685 1008.3365478515626 2.5000000000000004 4.4338738918304452 -3.4991455078124996 1.6691407561302187 -8.3013305664062482 2.9539109468460087 0.42982482910156256 -12.776153564453123 1.0000000180025095e-35 2.5000000000000004
decision_type=2 2 2 10 2 10 2 2 2 10 2 2 2 2 2 2 2 2 2 2 2 2 2 2 2 2 2 2 2 2
left_child=-1 5 -3 -4 -5 6 -2 9 12 10 11 14 21 -14 15 -7 -17 22 20 29 28 -9 -13 -24 25 -23 27 -6 -16 -20
right_child=1 2 3 4 26 7 -8 8 -10 -11 -12 17 13 -15 18 16 -18 -19 19 -21 -22 24 23 -25 -26 -27 -28 -29 -30 -31
leaf_value=-0.047542378775171576 -0.0179534920370116 0.030719159368676308 0.01824146392442208 -0.0191104270762904 -0.02458620001829399 -0.010952228619815797 0.030976751200784115 0.0072805028617539125 -0.01965485737568266 0.025298392004989192 -0.0190701343966896 -0.00085765813944329704 -0.0054573579981849075 0.047593639529551673 -0.029533419406998603 -0.012483531897931548 0.098176607721785172 0.039563985126265293 0.0076450073554489755 -0.026800860397592299 0.0058082815859685031 0.059833710941626705 -0.011919256959052308 0.039479548383040908 -0.01116213081991573 -0.0065750541085742064 0.03757693459628645 0.021563278661936452 -0.0065005974713647956 -0.00095665550305629827
leaf_weight=293.38726946650422 210.97579203650821 177.59562462195754 196.1493244767189 141.13316299021244 31.321790121495724 18.018174335709773 17.608268527837936 162.22873133776011 285.36215005815029 134.12028027171618 145.1826768401661 130.8949972235132 585.13131324786809 12.433464516943785 96.660218488774262 3.1124569282692383 10.954683105723232 78.516039103269577 1261.4866841027979 54.011119369359221 158.11785548154148 40.474290585611016 13.907284765562506 50.584564642311307 9.7506390576018003 10.940544262994079 26.740914970636368 30.713954567909241 188.71998936435557 730.6836370221572
leaf_count=1058324 31548 2032 1456 803 150 13412 3849 3512 3430 1906 26561 2247 7857 1513 630 2253 2114 533 16302 2893 1634 584 901 1088 409 178 133 238 2432 8975
internal_value=-0.000401611 0.00244617 0.0128372 0.00484989 -0.00685936 0.000997946 -0.0130439 0.00179488 -0.00364557 0.00375773 0.00269295 0.00388707 0.00208876 -0.00358835 0.00213991 0.0377022 0.0786786 0.0193309 0.00153261 0.00354852 -0.00764141 0.0167778 0.00966982 0.0282836 0.0374047 0.0469329 0.0125798 -0.00191599 -0.0150377 0.00450109
internal_weight=5306.92 5013.53 603.655 426.059 229.91 4409.88 228.584 4181.29 1106.32 3074.97 2940.85 2795.67 820.959 597.565 2521.76 32.0853 14.0671 273.903 2489.68 2046.18 443.498 223.394 195.387 64.4918 61.1655 51.4148 88.7767 62.0357 285.38 1992.17
internal_count=1199897 141573 4812 2780 1324 136761 35397 101364 17483 83881 81975 55414 14053 9370 50645 17779 4367 4769 32866 28170 4696 4683 4236 1989 1171 762 521 388 3062 25277
is_linear=0
shrinkage=0.05


Tree=78
num_leaves=31
num_cat=0
split_feature=24 45 15 34 36 24 28 45 13 3 19 14 11 45 28 30 31 15 24 33 14 36 18 34 13 34 24 15 34 11
split_gain=274.845 29.7639 24.7494 28.7585 17.9433 19.0502 32.0568 29.5103 25.1883 28.3742 21.6053 19.0697 18.5144 21.0796 21.808 16.2923 15.8598 18.3298 18.9969 15.0848 16.0757 31.9021 23.823 15.0406 26.5295 23.4585 18.8891 15.6142 23.5322 26.1868
threshold=32.766159057617195 35.609336853027351 1.7412955760955813 -15.375915527343748 17.785549163818363 40.765533447265632 997.48718261718761 32.291427612304695 0.73357513546943676 43.839263916015632 1.1601123213768008 1.5310646295547488 0.68149566650390636 32.989572525024421 1005.3384399414064 636.56250000000011 29.325810432434086 3.002596497535706 38.550567626953132 29.018879890441898 1.8130935430526736 0.024318695068359378 2.0796307325363164 -3.2132263183593746 1.6738812923431399 -2.5026550292968746 35.676513671875007 2.709101796150208 -14.052276611328123 2.3791226148605351
decision_type=2 2 10 2 2 2 2 2 2 2 2 2 2 2 2 2 2 10 2 2 2 2 2 2 2 2 2 10 2 2
left_child=-1 4 -3 15 5 8 -7 -8 12 11 -9 -10 13 -2 -15 -4 17 18 -11 20 21 -20 -22 27 25 -25 -26 28 29 -18
right_child=1 2 3 -5 -6 6 7 10 9 16 -12 -13 -14 14 -16 -17 23 -19 19 -21 22 -23 -24 24 26 -27 -28 -29 -30 -31
leaf_value=-0.047304502556738563 -0.020499457954746343 0.024743724471277578 0.0028166998976064924 0.0108997100579985 -0.022570966625128436 -0.023147311374829598 -0.040803070338000597 0.018842770663650227 -0.0068851402935310481 -0.022918404354706844 -0.0023983536084480244 0.028886277250952754 -0.028001788315625126 -0.0009282887105893109 0.040453484425959765 -0.044143527961422756 0.038456346266406927 0.022517511827525847 0.027946339189088277 0.019599368061929176 -0.040160830698194455 -0.015815706915543702 -0.0041444864386631841 0.023731950424493473 0.080282934195339314 -0.021770849771383046 0.021816935409110432 -0.0060271332892968491 0.0042209923584116031 -0.019266661304791211
leaf_weight=285.20526125415927 98.268677568936255 242.05900918319821 30.575866051018238 283.9713334813714 69.857725171284983 183.50505857123062 32.166034031659365 143.40488409623504 42.675982326152734 123.59065553871915 537.46317005902529 170.89093136790325 85.6487541278766 172.49400479160249 28.927612797357142 32.667791260406375 86.978601958893705 50.964612541923998 78.124087490141392 62.421725543215871 50.745585635304451 69.978815156966448 199.87861333508044 42.740077277529053 11.154628950404001 51.196709066163749 82.979211976518854 322.39046771157882 1561.0370917469263 18.070467822690262
leaf_count=1072771 20649 2182 197 2228 21050 963 172 957 2543 3331 3107 3505 3819 1612 174 158 1360 472 399 342 321 393 1189 1988 2295 10339 1110 4669 36126 193
internal_value=-0.000430511 0.00235073 0.0128019 0.00401715 0.000917894 0.0013502 -0.00509858 -0.000197696 0.00305506 0.00459325 0.00228345 0.02175 -0.00883402 -0.00262875 0.00664715 -0.0241552 0.00321789 -0.0036876 -0.00631179 -0.00146915 -0.0051663 0.00757623 -0.0126981 0.00524242 0.0184086 -0.000776236 0.0357893 0.00391128 0.00585886 0.0277153
internal_weight=5252.03 4966.83 589.274 347.215 4377.55 4307.7 896.539 713.034 3411.16 3025.82 680.868 213.567 385.339 299.69 201.422 63.2437 2812.25 635.704 584.739 461.149 398.727 148.103 250.624 2176.55 188.071 93.9368 94.1338 1988.48 1666.09 105.049
internal_count=1200614 127843 4765 2583 123078 102028 5199 4236 96829 70575 4064 6048 26254 22435 1786 355 64527 6447 5975 2644 2302 792 1510 58080 15732 12327 3405 42348 37679 1553
is_linear=0
shrinkage=0.05


Tree=79
num_leaves=31
num_cat=0
split_feature=45 14 23 45 39 29 16 33 29 31 12 25 32 31 1 39 30 1 33 19 29 39 14 33 25 1 12 45 29 19
split_gain=253.377 22.5403 21.3274 22.4942 35.1314 30.7514 28.4777 26.6039 31.5057 29.5246 26.5318 32.5343 26.3274 33.8711 26.2399 29.8287 28.6225 26.1179 24.7907 22.088 17.8584 17.8381 17.8172 17.4955 26.7409 26.4586 40.0201 26.6524 25.8122 23.5374
threshold=29.030282974243168 1.0985188484191897 28.367309570312504 33.415832519531257 0.49092014133930212 0.032672882080078132 2.2123939990997319 22.017600059509281 0.25426101684570318 30.988156318664554 2.0621650218963627 3.5982103347778325 632.74096679687511 39.204925537109382 75.250000000000014 0.67040410637855541 1178.8125000000002 72.750000000000014 26.328000068664554 1.1974927186965945 0.1647911071777344 1.1637980937957766 1.5857001543045046 27.436223983764652 2.7385871410369877 74.250000000000014 1.5788132548332217 31.686084747314457 0.95277023315429699 1.8640578985214236
decision_type=2 2 2 2 2 2 10 2 2 2 2 2 2 2 2 2 2 2 2 2 2 2 2 2 2 2 2 2 2 2
left_child=-1 -2 -3 4 6 18 17 20 9 21 11 -10 -8 -14 16 -16 19 -4 -5 -11 -7 22 -9 25 -25 26 28 -27 -6 -28
right_child=1 2 3 5 23 7 12 8 10 14 -12 -13 13 -15 15 -17 -18 -19 -20 -21 -22 -23 -24 24 -26 27 29 -29 -30 -31
leaf_value=-0.046975643851744506 -0.027205697596392769 0.05395164916912995 0.014910491638472863 -0.0077915364637626567 -0.023579070701660754 -0.024945513890574776 -0.023894944933528062 -0.0014028543739887157 -0.0033735620488811978 0.024554581812108612 0.0053201797185163015 -0.03137669221101419 0.010296684010633347 0.05762939863841935 -0.015576183564323599 0.026002932058901519 -0.025508306012245654 -0.01589163764644792 0.014834275048737165 -0.0020545491468644673 0.023099196308729444 0.0032958237262653632 -0.034538921360841246 0.0077603795917729817 -0.021666424176566348 -0.027666225624427932 0.025622305087154136 -0.0035394432615547416 0.031974719694307409 0.0030505686179030187
leaf_weight=269.13240019103978 55.368237950606272 9.9672613528673519 133.20893050098675 133.32280655577779 140.13379226540565 13.425535175949333 16.288215786888031 74.376408889889717 216.69748418405652 111.53750933054835 188.37924084998667 193.84631170611829 87.886781789624365 64.405545489484211 43.772982772439718 281.87282184511423 71.515740885399282 122.48996249135234 898.2466381303966 213.82076195254922 172.13636474031955 164.15687531791627 81.632767789065838 97.866903866815846 292.27956432887004 143.83782616173266 182.57987041166052 462.14708108466584 15.4189608261222 296.48435578428325
leaf_count=1044715 43625 3602 4197 873 9663 198 2044 377 1568 726 997 1286 813 1816 337 1570 490 18850 6153 1288 1390 971 465 1189 2390 31025 5173 8140 1153 3227
internal_value=-0.000618401 0.00197645 0.00235909 0.00214507 -0.00184012 0.00500629 0.0108168 0.0010915 -0.000979389 0.00426321 -0.0100265 -0.0170275 0.0261378 0.0326316 0.00982512 0.0201164 0.00109401 0.000112282 0.0118633 0.00752763 0.0185253 -0.00820579 -0.0197776 -0.005179 -0.0142753 -0.0022271 0.00487428 -0.00962239 -0.0164736 0.0120011
internal_weight=5248.24 4979.1 4923.74 4913.77 2055.03 2858.74 424.279 1827.17 1641.61 1042.69 598.923 410.544 168.581 152.292 722.52 325.646 396.874 255.699 1031.57 325.358 185.562 320.166 156.009 1630.75 390.146 1240.6 634.617 605.985 155.553 479.064
internal_count=1200311 155596 111971 108369 89680 18689 27720 11663 10075 6224 3851 2854 4673 2629 4411 1907 2504 23047 7026 2014 1588 1813 842 61960 3579 58381 19216 39165 10816 8400
is_linear=0
shrinkage=0.05


Tree=80
num_leaves=31
num_cat=4
split_feature=24 45 5 38 5 17 45 5 43 27 45 39 27 14 10 26 5 39 29 31 37 29 14 24 18 31 27 34 45 27
split_gain=246.693 26.1963 41.0095 29.7192 26.7304 25.5352 34.2908 29.2118 44.3302 33.272 32.4879 28.8356 27.5321 23.1452 22.412 19.456 34.6621 30.2847 22.3178 19.2584 18.6715 18.5186 24.9687 18.3326 20.8019 22.5325 18.2447 17.9192 20.1223 22.8482
threshold=32.422637939453132 34.573705673217781 0 2.9771814346313481 1 2.1242494583129887 30.969274520874027 2 28.468138694763187 1006.1253356933595 32.631086349487312 0.44200572371482855 998.16506958007824 2.4042958021163945 0.76459693908691417 3.2664089202880864 3 0.77046185731887828 0.90529251098632824 21.508528709411625 1.2637825012207033 0.25857162475585943 2.1790018081665044 39.172882080078132 2.4127771854400639 32.71983718872071 1004.1328735351564 -5.8280029296874991 32.989572525024421 1007.1975708007814
decision_type=2 2 9 2 9 10 2 9 2 2 2 2 2 2 2 2 9 2 2 2 2 2 2 2 2 2 2 2 2 2
left_child=-1 3 21 5 -5 6 -2 8 -7 12 13 -10 -9 -11 -4 16 -8 -18 27 -6 -14 -3 -23 -16 -25 26 -26 -17 29 -29
right_child=1 2 14 4 19 7 15 9 11 10 -12 -13 20 -15 23 18 17 -19 -20 -21 -22 22 -24 24 25 -27 -28 28 -30 -31
leaf_value=-0.047184306727502422 -0.031004531856893315 0.024761251326955738 -0.029883569940515109 0.017976967142262927 -0.035359078601563183 0.058911244697320342 0.024438896628275492 -0.014903039630677739 0.025737545723373407 -0.028468543955248751 0.026595661639626306 -0.0068588127472936702 0.037322391670015997 0.018327675543190144 0.024573687334807123 -0.0099021381506508768 -0.017965292409625105 0.01581599963379797 0.028574474930937191 -0.0087637892095118637 -0.0065292483725773454 0.017390498296183027 -0.02599075866683765 0.0093877559391409258 -0.036356099820140118 0.00067533550967421386 0.0049082568627770657 0.0098791987433669692 0.012243549694003006 -0.018289394234824265
leaf_weight=255.15395292114408 82.197998296571313 383.90158691909164 43.61416132748127 67.895139726082562 68.928793683458935 21.094289315049537 184.59665054577636 27.74361446662806 68.726141485065455 80.669442244659876 64.156260889954865 483.82090909048566 234.8958121772157 29.339231537131127 81.800321541726589 640.9522189446725 142.23866735032061 107.88882723677671 43.979647695843596 612.80422831032774 23.919874855666421 86.064475759863853 40.73744460567832 377.15026669949293 80.305635690689087 309.21116474084556 35.003063518553972 114.22045701980824 257.60260516963899 164.42634390085004
leaf_count=1058258 64570 2951 266 2335 679 1898 2822 782 1726 2813 490 9020 4069 712 501 10096 3961 1995 2369 13173 765 485 202 2567 481 1764 233 2355 1763 3534
internal_value=-0.000193845 0.00231359 0.00797552 -1.37604e-05 -0.00877915 0.00237928 -0.00132649 0.00855939 0.000793401 0.0176154 0.000608175 -0.00241901 0.0281769 -0.0155008 0.001522 0.000323972 0.00928583 -0.00322249 -0.00291584 -0.0117551 0.0331775 0.0190415 0.00257236 0.00340654 0.000970558 -0.00655137 -0.0244378 -0.00432308 0.00240449 -0.00680054
internal_weight=5215.04 4959.89 1437.79 3522.1 749.628 2772.47 1738.1 1034.37 573.641 460.724 174.165 552.547 286.559 110.009 927.085 1655.91 434.724 250.127 1221.18 681.733 258.816 510.704 126.802 883.47 801.67 424.52 115.309 1177.2 536.249 278.647
internal_count=1199635 141377 9450 131927 16187 115740 93465 22275 12644 9631 4015 10746 5616 3525 5812 28895 8778 5956 20117 13852 4834 3638 687 5546 5045 2478 714 17748 7652 5889
cat_boundaries=0 22 51 77 106
cat_threshold=0 0 0 0 0 0 2048 0 0 114688 0 0 3407872 0 0 36700160 0 0 184549376 0 0 3221225472 0 0 0 0 0 0 0 0 0 16384 0 0 0 0 0 101711872 0 0 0 0 0 0 0 0 0 4 0 0 32 0 0 0 0 0 0 2048 0 0 0 0 0 1179648 0 0 75497472 0 0 201326592 0 0 3758096384 0 0 0 7 0 0 0 0 0 0 2048 0 0 0 0 0 131072 0 0 4194304 0 0 218103808 0 0 1879048192 0 0 0 2 0 0 32
is_linear=0
shrinkage=0.05


Tree=81
num_leaves=31
num_cat=1
split_feature=24 45 24 40 34 29 33 24 44 41 13 3 6 10 45 43 3 12 29 41 41 43 20 30 34 34 3 36 43 27
split_gain=229.489 23.8511 31.6984 30.888 29.0632 23.4403 53.2852 35.4171 30.4414 23.3527 23.1262 23.879 21.407 25.4561 20.8961 33.1348 24.2803 20.7854 17.9637 16.1602 15.7691 15.5728 14.702 14.5832 14.3503 17.1451 14.3478 14.965 14.2279 14.1478
threshold=32.533233642578132 33.415832519531257 40.765533447265632 1.6266155242919924 -4.3093566894531241 0.2191429138183594 23.194560050964359 39.172882080078132 36.194637298583991 31.374303817749027 0.97806876897811901 94.937267303466811 0 1.3832817077636721 35.609336853027351 36.12794494628907 343.88632202148443 3.1148467063903813 0.2146720886230469 30.738450050354007 31.374303817749027 28.311084747314457 2.0657478570938115 398.56250000000006 -4.0475769042968741 -12.776153564453123 241.13896179199222 0.30755996704101568 35.03559875488282 1004.9191284179689
decision_type=2 2 2 2 2 2 2 2 2 2 2 2 1 2 2 2 2 2 2 2 2 2 2 2 2 2 2 2 2 2
left_child=-1 2 10 -4 5 14 20 28 -9 -6 19 12 13 -12 15 -3 -16 21 -5 -2 -7 22 -13 -22 25 -21 -11 -28 29 -8
right_child=1 4 3 18 9 6 7 8 -10 26 11 17 -14 -15 16 -17 -18 -19 -20 24 23 -23 -24 -25 -26 -27 27 -29 -30 -31
leaf_value=-0.046680541704909838 -0.026669239461160756 0.0058037038203822434 0.02572446234975366 -0.038626098933781536 -0.0023213619517233062 -0.025760393178770553 -0.015421162065235972 -0.028551844003431689 -0.0028075278570091956 0.038133226933095676 -0.0066524739394221433 -0.014838982317645544 -0.012926140954000818 0.035433382940311918 0.022134669721044241 -0.023325394152927947 -0.014602200439961244 0.017409463820017814 -0.0020526490424675383 0.030527845761784148 0.034288639844895719 -0.0031210279468064372 0.050120585921901883 0.0083371483567693111 0.012188148556224179 -0.015568164834745699 0.027078924167000137 -0.0094516540638189452 0.031119517143182118 0.028061022309322038
leaf_weight=245.12074432514783 105.00590006321727 1250.0929163591936 22.566987160593271 116.45711685530841 89.780704272910953 13.2075979989022 52.046558291651309 270.91400676034391 198.25219653919339 125.8493910394609 44.052057037653867 7.4907501517736845 38.705557116860291 134.6783911780949 307.10046799853444 96.001383608207107 45.309417389333248 143.17140692766407 47.30042839050293 13.13481923562358 83.263553301803768 1150.4823853366979 16.3044082170818 151.0460790200159 83.8387766443484 191.10967994143721 52.878960382193327 43.48969410546124 45.386143434792757 16.84593671374023
leaf_count=1063546 41928 7230 184 625 481 183 732 1362 1116 1009 1845 6674 6944 3118 3027 453 353 3040 305 430 543 42186 1810 1215 2461 6920 305 267 263 144
internal_value=-0.000432685 0.00194421 -0.00207167 -0.0212118 0.00492916 0.00311462 -0.00373678 -0.0119391 -0.0179589 0.0190866 -0.000122004 0.00266143 0.0176227 0.0239866 0.00646879 0.00356958 0.0171388 7.80305e-05 -0.0287882 -0.0107868 0.0153105 -0.00216423 0.0313313 0.0185852 -0.00429723 -0.0113172 0.0274634 0.0112545 0.0122313 -0.00257953
internal_weight=5200.88 4955.76 2114.3 186.325 2841.47 2529.47 830.962 583.445 469.166 311.999 1927.97 1534.88 217.436 178.73 1698.5 1346.09 352.41 1317.45 163.758 393.089 247.517 1174.28 23.7952 234.31 288.083 204.244 222.218 96.3687 114.279 68.8925
internal_count=1200699 137153 118470 1114 18683 16621 5558 3617 2478 2062 117356 65617 11907 4963 11063 7683 3380 53710 930 51739 1941 50670 8484 1758 9811 7350 1581 572 1139 876
cat_boundaries=0 1
cat_threshold=2
is_linear=0
shrinkage=0.05


Tree=82
num_leaves=31
num_cat=5
split_feature=24 14 11 5 26 14 36 40 34 13 24 14 5 44 34 44 40 39 31 5 25 34 37 23 26 20 5 13 5 27
split_gain=223.569 22.4556 21.8535 21.0778 27.0003 23.9875 21.7951 19.7091 19.1518 34.3852 22.9469 19.2502 25.268 19.0318 18.4402 17.7938 16.5565 14.8839 31.6479 29.0811 30.0175 27.8578 24.6962 35.8558 26.9798 33.4957 25.129 22.0744 20.9359 25.6979
threshold=33.156463623046882 4.1402482986450204 3.4981837272644047 0 7.2256388664245614 1.2647083401679995 18.515110015869144 1.6784396171569826 -1.9707336425781248 1.6738812923431399 38.550567626953132 1.4767986536026003 1 33.453733444213874 0.50259399414062511 33.897922515869148 1.2661085128784182 0.6564404070377351 38.490858078002937 2 3.7261947393417363 -5.6639709472656241 0.13788414001464847 33.452064514160163 4.1266150474548349 1.7447567582130434 3 1.6738812923431399 4 1002.8060607910157
decision_type=2 2 2 9 2 2 2 2 2 2 2 2 9 2 2 2 2 2 2 9 2 2 2 2 2 2 9 2 9 2
left_child=-1 2 3 4 5 -2 8 15 11 10 -10 12 -5 -11 16 -6 -7 18 21 20 -20 -13 23 -19 25 -24 -26 -25 -27 -30
right_child=1 -3 -4 6 7 14 -8 -9 9 13 -12 17 -14 -15 -16 -17 -18 22 19 -21 -22 -23 24 27 26 28 -28 -29 29 -31
leaf_value=-0.045870462758119665 -0.022343102024280609 -0.030106409534940887 0.028264898641870175 0.02042870231521593 -0.0065534595993216723 0.028834822837840127 -0.036462771115049031 -0.015092380587219748 -0.027634777731182038 0.061689571194584694 0.020023413158913875 -0.034954931767116663 -0.0063537540488051471 -0.012106628088616692 -0.01795335288673652 0.028283342966103811 0.011043991471608436 -0.0092979283580804789 0.027022553313109689 -0.01839052179935019 -0.014142367151603065 -0.0046272110283607773 0.011636919396590485 0.0047872989915632158 -0.030327783150938349 0.003394499286668596 -0.0053617150699028955 0.022607524436625132 0.010286253179178553 -0.027048240482629628
leaf_weight=243.29981564442278 42.44353300833609 42.974454981624149 71.872152151569026 214.1299645761319 75.367767351825023 152.74762220040429 30.381475025496911 192.39552251450368 35.630139141168911 37.110576760664117 46.608710990753025 142.67232271441026 132.82090548626729 7.14850547350943 38.941094492794946 56.303774226456881 852.34037698214524 270.14532217656961 133.00951568793971 84.885549661848927 56.704505229543429 157.24649726584903 392.09041174521553 457.70073511893861 136.03248326882022 213.95631952647818 344.09773039532593 277.50911673996598 54.7181313772453 182.18827766197501
leaf_count=1086089 5174 1676 722 3131 1725 4846 9919 1608 12201 1479 362 1286 8259 77 2750 328 19608 8745 2775 3792 727 1610 6254 3358 1415 1740 3721 1715 493 2048
internal_value=-5.58572e-05 0.00229238 0.00263802 0.00219792 0.00728905 0.0110956 5.33496e-05 -0.00520492 0.000488789 0.0188365 -0.00138205 -0.00028096 0.0106793 0.0497358 0.0126541 0.00928795 0.0140052 -0.00162305 -0.00875646 0.00348638 0.0139291 -0.0197166 0.000166959 0.00604136 -0.00430858 0.00110277 -0.0136378 0.0117268 -0.00811192 -0.0176432
internal_weight=5175.47 4932.17 4889.2 4817.33 1410.54 1086.47 3406.79 324.067 3376.41 126.498 82.2389 3249.91 346.951 44.2591 1044.03 131.672 1005.09 2902.96 574.518 274.6 189.714 299.919 2328.44 1005.36 1323.08 842.953 480.13 735.21 450.863 236.906
internal_count=1199633 113544 111868 111146 36039 32378 75107 3661 65188 14119 12563 51069 11390 1556 27204 2053 24454 39679 10190 7294 3502 2896 29489 13818 15671 10535 5136 5073 4281 2541
cat_boundaries=0 32 48 74 100 122
cat_threshold=0 0 0 0 0 0 2048 0 0 32768 0 0 0 0 0 638582784 0 0 587202560 0 0 1073741824 0 0 0 4 0 0 32 0 0 256 0 0 0 0 0 0 0 0 0 16384 0 0 1703936 0 0 29360128 0 0 0 0 0 0 0 0 0 16384 0 0 393216 0 0 8388608 0 0 402653184 0 0 805306368 0 0 0 3 0 0 0 0 0 0 0 0 0 16384 0 0 393216 0 0 4194304 0 0 268435456 0 0 0 0 0 0 3 0 0 0 0 0 0 0 0 0 0 0 0 0 0 0 20971520 0 0 67108864 0 0 805306368
is_linear=0
shrinkage=0.05


end of trees

feature_importances:
region_id=179
blend_pred=168
now_t2m_C_max=151
now_msl_anom=138
now_anomaly=105
exp_climatology=93
now_ssrd_MJ=89
now_tcc_mean=85
rmse30_climatology=84
expert_spread=78
mae7_recent3=76
now_rh_pct_mean=76
now_msl_hPa_mean=72
longitude=66
exp_recent3=66
mae7_climatology=63
now_cape_max=61
now_msl_hPa_min=60
elev_proxy_m=58
latitude=53
mae7_anom_persistence=48
regmae_climatology=48
rmse30_recent3=40
now_wind_speed_max=40
now_target_tendency=38
mae7_persistence=35
regmae_persistence=34
now_t2m_C_mean=34
now_blh_mean=34
now_tp7=34
rmse30_persistence=33
exp_anom_persistence=32
expert_range=31
season_id=28
rmse30_anom_persistence=28
regmae_recent3=28
regmae_anom_persistence=24
now_wind_speed_mean=24
now_tp3=17
exp_persistence=11
now_tp_mm=10
lead_days=8
regime_id=8
lead_bucket_id=2

parameters:
[boosting: gbdt]
[objective: binary]
[metric: binary_logloss]
[tree_learner: serial]
[device_type: cpu]
[data_sample_strategy: bagging]
[data: ]
[valid: ]
[num_iterations: 1000]
[learning_rate: 0.05]
[num_leaves: 31]
[num_threads: 16]
[seed: 42]
[deterministic: 0]
[force_col_wise: 0]
[force_row_wise: 0]
[histogram_pool_size: -1]
[max_depth: -1]
[min_data_in_leaf: 100]
[min_sum_hessian_in_leaf: 0.001]
[bagging_fraction: 0.8]
[pos_bagging_fraction: 1]
[neg_bagging_fraction: 1]
[bagging_freq: 1]
[bagging_seed: 400]
[bagging_by_query: 0]
[feature_fraction: 0.6]
[feature_fraction_bynode: 1]
[feature_fraction_seed: 30056]
[extra_trees: 0]
[extra_seed: 12879]
[early_stopping_round: 0]
[early_stopping_min_delta: 0]
[first_metric_only: 0]
[max_delta_step: 0]
[lambda_l1: 0]
[lambda_l2: 10]
[linear_lambda: 0]
[min_gain_to_split: 0]
[drop_rate: 0.1]
[max_drop: 50]
[skip_drop: 0.5]
[xgboost_dart_mode: 0]
[uniform_drop: 0]
[drop_seed: 17869]
[top_rate: 0.2]
[other_rate: 0.1]
[min_data_per_group: 100]
[max_cat_threshold: 32]
[cat_l2: 10]
[cat_smooth: 10]
[max_cat_to_onehot: 4]
[top_k: 20]
[monotone_constraints: ]
[monotone_constraints_method: basic]
[monotone_penalty: 0]
[feature_contri: ]
[forcedsplits_filename: ]
[refit_decay_rate: 0.9]
[cegb_tradeoff: 1]
[cegb_penalty_split: 0]
[cegb_penalty_feature_lazy: ]
[cegb_penalty_feature_coupled: ]
[path_smooth: 0]
[interaction_constraints: ]
[verbosity: -1]
[saved_feature_importance_type: 0]
[use_quantized_grad: 0]
[num_grad_quant_bins: 4]
[quant_train_renew_leaf: 0]
[stochastic_rounding: 1]
[linear_tree: 0]
[max_bin: 255]
[max_bin_by_feature: ]
[min_data_in_bin: 3]
[bin_construct_sample_cnt: 200000]
[data_random_seed: 175]
[is_enable_sparse: 1]
[enable_bundle: 1]
[use_missing: 1]
[zero_as_missing: 0]
[feature_pre_filter: 1]
[pre_partition: 0]
[two_round: 0]
[header: 0]
[label_column: ]
[weight_column: ]
[group_column: ]
[ignore_column: ]
[categorical_feature: 5,6,8,9]
[forcedbins_filename: ]
[precise_float_parser: 0]
[parser_config_file: ]
[objective_seed: 16083]
[num_class: 1]
[is_unbalance: 0]
[scale_pos_weight: 1]
[sigmoid: 1]
[boost_from_average: 1]
[reg_sqrt: 0]
[alpha: 0.9]
[fair_c: 1]
[poisson_max_delta_step: 0.7]
[tweedie_variance_power: 1.5]
[lambdarank_truncation_level: 30]
[lambdarank_norm: 1]
[label_gain: ]
[lambdarank_position_bias_regularization: 0]
[eval_at: ]
[multi_error_top_k: 1]
[auc_mu_weights: ]
[num_machines: 1]
[local_listen_port: 12400]
[time_out: 120]
[machine_list_filename: ]
[machines: ]
[gpu_platform_id: -1]
[gpu_device_id: -1]
[gpu_device_id_list: ]
[gpu_use_dp: 0]
[num_gpu: 1]

end of parameters

pandas_categorical:[]
