tree
version=v4
num_class=1
num_tree_per_iteration=1
label_index=0
max_feature_idx=44
objective=regression
feature_names=latitude longitude is_ocean elev_proxy_m coastal region_id season_id lead_days lead_bucket_id regime_id mae7_climatology mae7_persistence mae7_recent3 mae7_anom_persistence rmse30_climatology rmse30_persistence rmse30_recent3 rmse30_anom_persistence regmae_climatology regmae_persistence regmae_recent3 regmae_anom_persistence now_tp_mm now_t2m_C_mean now_t2m_C_max now_wind_speed_mean now_wind_speed_max now_msl_hPa_mean now_msl_hPa_min now_tcc_mean now_cape_max now_rh_pct_mean now_blh_mean now_ssrd_MJ now_msl_anom now_tp3 now_tp7 now_target_tendency now_anomaly expert_spread expert_range exp_climatology exp_persistence exp_recent3 exp_anom_persistence
feature_infos=[7:37] [68:97] [0:1] [0:5388.1943359375] [0:1] -1:7:607:904:507:108:603:205:500:706:306:702:805:704:103:800:804:302:705:707:101:208:503:803:506:301:303:602:1:401:402:405:701:305:601:605:206:801:407:107:203:300:600:908:806:2:406:700:202:901:505:508:808:905:8:903:207:703:4:100:102:604:200:802:0:608:6:106:906:900:201:204:907:3:104:708:403:5:304:105:606:404:307:308:504:400:902:501:502:807:408:409:609:209:909:809:709:9:509:309:109:1007:1001:1004:1000:1003:1005:1008:1006:1002 none [1:3] -1:1:2 -1:5:4:3:1 [0.051721028983592987:11.137844085693359] [0.04961177334189415:8.6637783050537109] [0.051001138985157013:8.2553558349609375] [0.054734367877244949:8.613835334777832] [0.18938715755939484:7.164879322052002] [0.16537073254585266:7.5424466133117676] [0.18746140599250793:7.6929917335510254] [0.16111762821674347:7.2883949279785156] [0.39930936694145203:4.3360905647277832] [0.23572206497192383:4.3472285270690918] [0.27161964774131775:4.3054203987121582] [0.24366071820259094:4.4667496681213379] [0:283.55026245117188] [-29.495426177978516:39.815849304199219] [-25.89459228515625:46.916412353515625] [0.11442351341247559:11.730682373046875] [0.14706158638000488:15.401120185852051] [993.72515869140625:1042.611328125] [986.50872802734375:1038.0631103515625] [0:1] [0:6451.625] [4.8109898567199707:99.91357421875] [9.548309326171875:3571.593017578125] [1.1562240123748779:34.087295532226562] [-32.1673583984375:17.67425537109375] [0:113.3270263671875] [0:366.72879028320312] [-10.223136901855469:9.3244552612304688] [-14.748880386352539:10.778806686401367] [0.0023009448777884245:6.0649137496948242] [0.006378173828125:14.911105155944824] [-25.475414276123047:36.480915069580078] [-29.495426177978516:39.815849304199219] [-28.629793167114258:39.672893524169922] [-29.381034851074219:40.202835083007812]
tree_sizes=2886 2979 2974 2983 2980 2984 2988 2988 2976 3127 3129 2981 2983 2974 2984 3157 3180 3171 2991 3078 3256 3241 3221 3097 3276 3234 2982 3001 3361 3282 3456 3356 3003 3006 3502 3011 3546 3016 3547 3440 3016 3019 3411 3003 3008 3633 3025 3016 3426 3679 3778 3053 3518 3614 3636 3900 3565 3034 3036 3518 3655 3037 3653 3567 3478 3054 3647 3601 3042 3654 3452 3045 3061 3685 3871 3065 3703 3764 3051 3074 3681 3061 3799 3051 3060 3077 3693 3055 3749 3044 3085 3702 3055 3090 3815 3743 3064 3074 3066 3693 3888 3065 3062 3075 3479 3050 3054 3098 3960 3774 3068 3091 3077 3904 3066 3761 3060 3066 3731 3793 3087 3063 3881 3079 3729 3066 3927 3046 3958 3854 3085 3825

Tree=0
num_leaves=31
num_cat=0
split_feature=42 42 42 42 42 24 42 42 42 42 24 42 42 42 42 42 42 38 38 42 42 38 38 34 42 38 42 42 38 42
split_gain=6.06553e+07 2.17467e+06 1.81649e+06 659922 493082 402578 308753 122004 99676.4 57565.3 53021.2 40919.2 36980.1 33759.8 33189.8 27110 22432.5 17917 14404.9 13344.4 12279 11035.7 9998.58 9954.87 8384.69 7750.69 6743.21 6324.01 5116.48 4524.55
threshold=11.904300689697267 -4.7088966369628897 24.646499633789066 30.532341003417972 3.9728355407714848 -6.5183105468749991 19.221488952636722 27.663223266601566 -1.0220146179199217 33.406402587890632 -12.714675903320311 -7.5612640380859366 15.382835388183596 7.6824188232421884 22.090225219726566 28.931972503662113 26.462329864501957 1.7367086410522463 1.9634854793548586 1.1575431823730471 35.551300048828132 1.4606304168701174 0.81224024295806896 0.46542358398437506 31.818000793457035 -0.92243480682373036 -2.6046447753906246 17.199512481689457 0.10451507568359376 29.685317993164066
decision_type=2 2 2 2 2 2 2 2 2 2 2 2 2 2 2 2 2 2 2 2 2 2 2 2 2 2 2 2 2 2
left_child=1 5 6 7 8 10 12 16 26 24 -1 17 -2 -6 25 -9 21 -7 -13 -10 -11 -4 -16 -12 -5 -8 -3 -14 -18 -17
right_child=2 4 3 9 13 11 14 15 19 20 23 18 27 -15 22 29 28 -19 -20 -21 -22 -23 -24 -25 -26 -27 -28 -29 -30 -31
leaf_value=18.671935129276086 20.24814089297341 19.375188257354928 20.873224292256449 21.102038592788634 19.844383323678471 19.147192848277363 20.702948145815046 20.964134463558821 19.549416626626787 21.229095474837475 18.862780354659698 19.290943666944372 20.384248353158366 20.057566551168481 20.788104644093451 21.003272794750231 20.933411953164367 18.947444366270101 19.12621389393188 19.659736894278986 21.341600041534416 20.784284697730627 20.703316282278251 19.015887265153314 21.163199832101032 20.598444234846035 19.464788634160676 20.485671058985684 20.896131567902881 21.041367990712843
leaf_weight=3960 3835 9153 16052 12824 3895 9431 2397 72439 7753 10345 7000 9374 2594 3854 7428 32417 24021 2000 2476 6426 3826 4610 6673 3279 12936 6778 6414 3836 17307 12720
leaf_count=3960 3835 9153 16052 12824 3895 9431 2397 72439 7753 10345 7000 9374 2594 3854 7428 32417 24021 2000 2476 6426 3826 4610 6673 3279 12936 6778 6414 3836 17307 12720
internal_value=20.5718 19.3232 20.9419 20.9943 19.593 19.0539 20.5992 20.9534 19.5003 21.1782 18.8425 19.1838 20.3709 19.9496 20.7 20.9834 20.8965 19.1109 19.2553 19.5987 21.26 20.8535 20.7481 18.9101 21.133 20.6259 19.4114 20.4445 20.9179 21.0141
internal_weight=328053 75015 253038 219497 37495 37520 33541 179566 29746 39931 14239 23281 10265 7749 23276 117576 61990 11431 11850 14179 14171 20662 14101 10279 25760 9175 15567 6430 41328 45137
internal_count=328053 75015 253038 219497 37495 37520 33541 179566 29746 39931 14239 23281 10265 7749 23276 117576 61990 11431 11850 14179 14171 20662 14101 10279 25760 9175 15567 6430 41328 45137
is_linear=0
shrinkage=1


Tree=1
num_leaves=31
num_cat=0
split_feature=41 41 41 23 41 41 23 41 23 23 23 41 41 41 41 44 44 41 23 41 41 23 23 41 41 41 41 23 44 24
split_gain=5.47778e+07 1.99748e+06 1.77553e+06 604269 518643 312940 244798 116404 104225 62689.9 55945.5 50304.2 36586.5 31646.1 30224.6 27573.8 25013.8 12397.6 12232.8 11991.6 7624.67 7369.06 6510.42 6453.85 6134.43 6099.58 5734.48 4902.14 4117.37 3149.82
threshold=11.052023410797121 -6.1834168434143058 23.664754867553714 30.41526031494141 2.3100348711013798 -12.748454570770262 18.664348602294925 27.551375389099125 -1.9690551757812498 6.232990264892579 33.225700378417976 -9.3356332778930646 20.69999980926514 -17.039490699768063 14.655217647552492 28.841290473937992 26.735661506652836 -0.65928867459297169 35.551300048828132 -4.2117428779602042 28.648071289062504 31.677947998046879 9.1979217529296893 24.883111000061039 17.710202217102054 22.279569625854496 29.539716720581058 3.9728355407714848 27.971646308898929 26.606475830078129
decision_type=2 2 2 2 2 2 2 2 2 2 2 2 2 2 2 2 2 2 2 2 2 2 2 2 2 2 2 2 2 2
left_child=1 5 6 7 8 13 14 16 19 27 21 -7 29 -1 -2 20 23 -10 -12 -3 -9 -5 -11 -4 -16 -14 -17 -6 -18 -8
right_child=2 4 3 10 9 11 12 15 17 22 18 -13 25 -15 24 26 28 -19 -20 -21 -22 -23 -24 -25 -26 -27 -28 -29 -30 -31
leaf_value=-1.9286835128127244 -0.33217522370160291 -1.2015222810160011 0.21688769205469344 0.4975175107488104 -0.82446468356798397 -1.4912755233587049 -0.037867363006380605 0.35795799660411887 -1.0237078025492929 -0.59025578151656743 0.62066651758223867 -1.3247864948186261 0.097034913656915286 -1.6833590363688646 -0.19342462853853415 0.40802330010428439 0.3162079109939937 -0.91982939010632614 0.73026046361653296 -1.1059828861245939 0.3941881760603822 0.55496814137857808 -0.46408162240306927 0.27696404290914922 -0.087676071065144218 0.16080473077802837 0.45414678760232335 -0.70662278877945484 0.35641613096671299 0.036941579646157657
leaf_weight=2545 3649 8542 6474 12760 3370 9269 4295 54704 7069 2424 11666 12037 7500 6389 3140 39387 23495 7931 3841 10577 21724 12907 2349 16529 2480 7645 9339 2155 10027 2081
leaf_count=2545 3649 8542 6474 12760 3370 9269 4295 54704 7069 2424 11666 12037 7500 6389 3140 39387 23495 7931 3841 10577 21724 12907 2349 16529 2480 7645 9339 2155 10027 2081
internal_value=4.5679e-06 -1.19036 0.350408 0.399578 -0.976515 -1.50403 -0.00549065 0.360342 -1.07052 -0.664336 0.572576 -1.39788 0.0870335 -1.75532 -0.220178 0.387278 0.300643 -0.969433 0.648265 -1.14927 0.368306 0.526612 -0.52926 0.260158 -0.146998 0.12931 0.416955 -0.779861 0.328338 -0.0134316
internal_weight=328300 74657 253643 222853 44417 30240 30790 181679 34119 10298 41174 21306 21521 8934 9269 125154 56525 15000 15507 19119 76428 25667 4773 23003 5620 15145 48726 5525 33522 6376
internal_count=328300 74657 253643 222853 44417 30240 30790 181679 34119 10298 41174 21306 21521 8934 9269 125154 56525 15000 15507 19119 76428 25667 4773 23003 5620 15145 48726 5525 33522 6376
is_linear=0
shrinkage=0.05


Tree=2
num_leaves=31
num_cat=0
split_feature=41 41 41 42 41 41 41 42 41 42 42 41 41 41 42 41 41 41 42 42 42 42 24 24 42 41 42 42 41 3
split_gain=4.94719e+07 1.80444e+06 1.60296e+06 544465 468916 283962 219807 108573 102664 52617.3 40412.4 39825.2 34652 34322.3 25263 24103.1 20756.2 14054.4 12454 11257.6 8057.59 6832.19 6684.37 5879.02 5341.6 4327.13 3994.44 3876.61 2821.12 2325.36
threshold=11.052023410797121 -6.1834168434143058 23.664754867553714 30.302539825439457 2.9976640939712529 -12.228732109069822 18.476987838745121 -1.6486663818359373 27.514751434326175 33.225700378417976 6.232990264892579 -15.832387924194334 -8.4743461608886701 21.00716590881348 15.382835388183596 28.705168724060062 26.015069007873539 -3.4403440952301021 0.75207901000976574 35.151485443115241 31.409385681152347 28.338088989257816 33.506210327148445 25.952270507812504 9.1979217529296893 22.279569625854496 27.526210784912113 25.444076538085941 16.727837562561039 642.92349243164074
decision_type=2 2 2 2 2 2 2 2 2 2 2 2 2 2 2 2 2 2 2 2 2 2 2 2 2 2 2 2 2 2
left_child=1 5 6 8 7 11 14 17 16 20 -6 -1 -7 23 -2 21 27 -3 -9 -11 -5 -10 -17 -8 -12 -15 -18 29 -16 -4
right_child=2 4 3 9 10 12 13 18 15 19 24 -13 -14 25 28 22 26 -19 -20 -21 -22 -23 -24 -25 -26 -27 -28 -29 -30 -31
leaf_value=-1.7861435831709647 -0.30682940727495178 -1.1261783525400757 0.23227307270235031 0.46448894497368465 -0.71832215718492831 -1.384272850669648 -0.037933919778431996 -0.95067284359357618 0.33425839698075094 0.5830258023808329 -0.55829382038389708 -1.5577867203368809 -1.2390561396653696 0.095764418141729701 -0.17492276622863492 0.38423208694506805 0.29424542724639008 -1.0289070585218911 -0.84769215203353865 0.67982964560586412 0.52304964190543524 0.36577187465297312 0.43217054731351556 0.050329909393264038 -0.44276158122993198 0.15168596525303965 0.33068919130798119 0.26103832449197262 -0.097573365648366592 0.16978195133537302
leaf_weight=3887 4045 12069 5357 11534 4300 10602 4827 8585 41066 10372 2433 6431 9200 6394 2437 40532 23181 8409 6520 5061 15386 33391 9873 3083 2309 7759 12746 11644 2384 2281
leaf_count=3887 4045 12069 5357 11534 4300 10602 4827 8585 41066 10372 2433 6431 9200 6394 2437 40532 23181 8409 6520 5061 15386 33391 9873 3083 2309 7759 12746 11644 2384 2281
internal_value=-0.000808969 -1.13109 0.332681 0.379578 -0.928836 -1.43033 -0.00458684 -1.01065 0.3416 0.540928 -0.606125 -1.64546 -1.31746 0.0799125 -0.214716 0.366742 0.284682 -1.08676 -0.906812 0.615191 0.498141 0.348438 0.393706 -0.00351212 -0.503088 0.126507 0.307263 0.242469 -0.136954 0.213857
internal_weight=328098 74745 253353 222424 44625 30120 30929 35583 180071 42353 9042 10318 19802 22063 8866 124862 55209 20478 15105 15433 26920 74457 50405 7910 4742 14153 35927 19282 4821 7638
internal_count=328098 74745 253353 222424 44625 30120 30929 35583 180071 42353 9042 10318 19802 22063 8866 124862 55209 20478 15105 15433 26920 74457 50405 7910 4742 14153 35927 19282 4821 7638
is_linear=0
shrinkage=0.05


Tree=3
num_leaves=31
num_cat=0
split_feature=23 41 41 23 41 41 41 23 23 41 23 23 41 41 41 41 41 23 23 41 24 23 23 23 23 41 41 24 24 24
split_gain=4.45983e+07 1.66835e+06 1.3919e+06 490652 420880 300042 184710 96729.8 79929.1 46339.4 42597.9 40213 35304.4 33001.6 24031.6 23614.3 15701.5 11483.9 9915.36 9227.6 7310.99 7084.88 6958.55 5763.63 4880.18 3772.93 3556.17 3542.04 3119.89 2187.45
threshold=11.904300689697267 -5.6030323505401602 23.664754867553714 30.532341003417972 2.9976640939712529 -11.662373065948485 19.474234580993656 27.583393096923832 -1.348640441894531 -15.832387924194334 34.000892639160163 7.6824188232421884 -8.4743461608886701 14.655217647552492 28.648071289062504 26.185997962951664 21.293244361877445 -3.4966430664062496 32.105072021484382 1.0000000180025095e-35 34.059112548828132 17.914943695068363 4.9733009338378915 36.092712402343757 28.751609802246097 24.71176910400391 27.753051757812504 25.608886718750004 27.553573608398441 -3.2205047607421871
decision_type=2 2 2 2 2 2 2 2 2 2 2 2 2 2 2 2 2 2 2 2 2 2 2 2 2 2 2 2 2 2
left_child=1 5 6 7 8 9 13 15 17 -1 18 22 -7 -2 24 25 27 -3 -5 -10 -16 -15 -6 -12 -9 -4 -17 -8 -18 -14
right_child=2 4 3 10 11 12 16 14 19 -11 23 -13 29 21 20 26 28 -19 -20 -21 -22 -23 -24 -25 -26 -27 -28 -29 -30 -31
leaf_value=-1.698156886207606 -0.2899311946333496 -1.0536332777155655 0.19599101495673249 0.45953016809867897 -0.70764517368167157 -1.3031746888405173 -0.012071442349921229 0.32395972966525299 -0.89910935896563826 -1.4657912059834128 0.58431897369922747 -0.44169836974832138 -1.2155410733999261 -0.15168054363269604 0.36886675207348851 0.2840245223557788 0.089150255593379163 -0.96214754031660044 0.52024957241618153 -0.80574839227380812 0.42037394315050741 -0.055188150277450936 -0.58157043783413953 0.68215158006609511 0.35491670533174774 0.24438399576725406 0.3156226524096884 0.062381418012961654 0.14235715994034256 -1.1318877008645964
leaf_weight=3873 3470 10886 6119 15291 3154 9255 2828 50783 7085 7742 7710 3892 4173 3844 42638 25340 4128 8134 14215 6830 8984 3792 2386 2497 19097 13883 15922 3653 8752 7689
leaf_count=3873 3470 10886 6119 15291 3154 9255 2828 50783 7085 7742 7710 3892 4173 3844 42638 25340 4128 8134 14215 6830 8984 3792 2386 2497 19097 13883 15922 3653 8752 7689
internal_value=-0.000483675 -1.07034 0.317184 0.360586 -0.862792 -1.33864 0.000233581 0.325937 -0.947234 -1.54467 0.519923 -0.567246 -1.22464 -0.162231 0.351805 0.274586 0.0934635 -1.01504 0.488949 -0.853896 0.37791 -0.103898 -0.654492 0.608897 0.332469 0.229685 0.296291 0.0299252 0.125387 -1.16232
internal_weight=328045 75099 252946 222479 42367 32732 30467 182766 32935 11615 39713 9432 21117 11106 121502 61264 19361 19020 29506 13915 51622 7636 5540 10207 69880 20002 41262 6481 12880 11862
internal_count=328045 75099 252946 222479 42367 32732 30467 182766 32935 11615 39713 9432 21117 11106 121502 61264 19361 19020 29506 13915 51622 7636 5540 10207 69880 20002 41262 6481 12880 11862
is_linear=0
shrinkage=0.05


Tree=4
num_leaves=31
num_cat=0
split_feature=23 41 41 23 23 41 23 44 41 41 41 23 41 41 41 41 41 23 23 23 23 44 44 31 23 41 44 41 41 44
split_gain=4.0262e+07 1.42546e+06 1.38159e+06 450835 316413 230283 206478 92044.3 62376.3 46491.4 46016.8 43703.9 32067.3 23123.5 23093.5 21897 16872.1 11001.8 10148.5 5706.46 5653.58 4862.65 4848.64 4833.62 4813.3 4615.91 4204.75 3178.98 2484.86 2443.32
threshold=10.519222259521486 23.446244239807132 -6.1834168434143058 30.302539825439457 1.5958557128906252 -13.340123176574705 17.914943695068363 27.510910987854007 -2.2577089071273799 -9.3356332778930646 5.8450794219970712 33.054855346679695 20.314286231994632 13.547993659973146 26.102324485778812 28.648071289062504 -17.039490699768063 -4.1202850341796866 35.551300048828132 31.409385681152347 3.9728355407714848 24.14688873291016 28.646333694458011 51.231079101562507 -1.0220146179199217 16.727837562561039 25.205570220947269 28.500966072082523 22.279569625854496 20.482345581054691
decision_type=2 2 2 2 2 2 2 2 2 2 2 2 2 2 2 2 2 2 2 2 2 2 2 2 2 2 2 2 2 2
left_child=2 6 5 7 8 16 13 14 17 -7 20 19 29 -2 26 22 -1 -4 -13 -5 -6 28 -9 -17 -10 -15 -3 -16 -14 -8
right_child=1 3 4 11 10 9 12 15 24 -11 -12 18 21 25 27 23 -18 -19 -20 -21 -22 -23 -24 -25 -26 -27 -28 -29 -30 -31
leaf_value=-1.6590243070882 -0.32447840195445465 0.17623522139946254 -1.0338860445175706 0.41886508981112441 -0.73380073043680727 -1.2881308531593556 -0.059339750279030171 0.30465640126118471 -0.88669652510290009 -1.1351915120518918 -0.48646842055391204 0.52934875233215539 0.064859302770007426 -0.19904705693890548 0.27090397842394082 0.40247349669329036 -1.462533527055266 -0.94389947883221292 0.62761489895190259 0.46947931031979667 -0.62670137746616694 0.14322494885020234 0.33269166538612693 0.35110978152588612 -0.81146279329802296 -0.10522171589336687 0.22646502046806885 0.31462794806270061 0.11648277246324712 0.0047860345831542903
leaf_weight=2521 3499 6592 9519 11456 4848 10516 3796 50390 6182 11920 4135 12909 7293 3129 31516 5703 5144 8915 3801 14215 2504 4596 24913 44521 7481 2327 12657 5320 3468 2434
leaf_count=2521 3499 6592 9519 11456 4848 10516 3796 50390 6182 11920 4135 12909 7293 3129 31516 5703 5144 8915 3801 14215 2504 4596 24913 44521 7481 2327 12657 5320 3468 2434
internal_value=5.03712e-05 0.298011 -1.02911 0.341701 -0.848787 -1.28985 -0.0224197 0.3074 -0.929557 -1.20742 -0.622488 0.488584 0.0613205 -0.224128 0.254027 0.331225 -1.52924 -0.990902 0.552063 0.447064 -0.698225 0.100116 0.313974 0.357021 -0.846127 -0.159296 0.209364 0.277302 0.0815889 -0.0343189
internal_weight=328220 254535 73685 223993 43584 30101 30542 181612 32097 22436 11487 42381 21587 8955 56085 125527 7665 18434 16710 25671 7352 15357 75303 50224 13663 5456 19249 36836 10761 6230
internal_count=328220 254535 73685 223993 43584 30101 30542 181612 32097 22436 11487 42381 21587 8955 56085 125527 7665 18434 16710 25671 7352 15357 75303 50224 13663 5456 19249 36836 10761 6230
is_linear=0
shrinkage=0.05


Tree=5
num_leaves=31
num_cat=0
split_feature=41 41 41 23 41 41 23 23 41 41 23 23 41 41 23 41 41 23 23 41 23 23 12 41 23 23 23 41 41 23
split_gain=3.63653e+07 1.32534e+06 1.17849e+06 394516 317173 248901 172884 77212.7 65255.9 39074.1 33423.5 29435.9 28435.3 26866 20599 19339.5 18398.2 10690.8 10143.8 5866.91 5716.43 5599.55 5167.25 4138.07 3968.22 3938.84 3558.51 3151.17 3126.01 2965.85
threshold=11.052023410797121 -5.6030323505401602 23.894083023071293 30.640827178955082 2.9976640939712529 -11.662373065948485 18.664348602294925 27.744430541992191 -1.6543622612953184 -15.832387924194334 33.798725128173835 6.232990264892579 -8.1233038902282697 21.00716590881348 14.353691101074221 26.37138652801514 28.744082450866703 -3.1834754943847652 0.75207901000976574 16.727837562561039 36.092712402343757 32.105072021484382 2.0803062915802006 23.010026931762699 9.1979217529296893 28.931972503662113 21.339790344238285 28.517932891845707 25.044831275939945 29.540866851806644
decision_type=2 2 2 2 2 2 2 2 2 2 2 2 2 2 2 2 2 2 2 2 2 2 2 2 2 2 2 2 2 2
left_child=1 5 6 7 8 9 14 15 17 -1 21 -6 -7 26 -2 28 25 -3 -10 -16 -12 -5 29 -15 -13 -9 -8 -17 -4 -18
right_child=2 4 3 10 11 12 13 16 18 -11 20 24 -14 23 19 27 22 -19 -20 -21 -22 -23 -24 -25 -26 -27 -28 -29 -30 -31
leaf_value=-1.5371288907143379 -0.28478742596676154 -0.95524982110512713 0.18748586325496197 0.4171201030879127 -0.61597793353114494 -1.1664350883726866 -0.024671422203835461 0.29708171755258828 -0.81179793864921435 -1.3237529824868126 0.52301108964993082 -0.47961389549985606 -1.0412296584469343 0.095973858544479693 -0.17717375652124001 0.26594980826444126 0.33101371879289343 -0.8669238482823185 -0.71700839654533555 -0.079986132387710074 0.61668204072460808 0.46576089019754596 0.40691538977585495 0.15135908975616072 -0.38038291016661674 0.32678672512033141 0.048340673706308721 0.30304269378102677 0.22835146208225102 0.36197376634215706
leaf_weight=3834 3067 10671 7355 13908 4286 10603 5063 52871 8459 7771 9038 2457 10626 10149 2983 37868 30489 7786 5919 3291 2501 13051 3408 5135 2315 15860 2477 7495 15147 12642
leaf_count=3834 3067 10671 7355 13908 4286 10603 5063 52871 8459 7771 9038 2457 10626 10149 2983 37868 30489 7786 5919 3291 2501 13051 3408 5135 2315 15860 2477 7495 15147 12642
internal_value=-0.000196593 -0.969592 0.285254 0.326298 -0.7828 -1.20761 0.00243046 0.295679 -0.855163 -1.39551 0.471836 -0.519832 -1.10428 0.0765878 -0.178655 0.253259 0.32063 -0.91848 -0.773301 -0.126403 0.54383 0.440831 0.345144 0.114669 -0.432371 0.303983 -0.000653625 0.272144 0.215083 0.34017
internal_weight=328525 74727 253798 221633 41893 32834 32165 183135 32835 11605 38498 9058 21229 22824 9341 67865 115270 18457 14378 6274 11539 26959 46539 15284 4772 68731 7540 45363 22502 43131
internal_count=328525 74727 253798 221633 41893 32834 32165 183135 32835 11605 38498 9058 21229 22824 9341 67865 115270 18457 14378 6274 11539 26959 46539 15284 4772 68731 7540 45363 22502 43131
is_linear=0
shrinkage=0.05


Tree=6
num_leaves=31
num_cat=0
split_feature=44 41 41 23 41 41 41 41 23 41 23 41 41 41 44 44 44 23 44 29 44 41 41 44 41 24 23 44 44 44
split_gain=3.2793e+07 1.23034e+06 1.02346e+06 356848 286394 258506 144755 65773.9 48113.3 44536.8 36648.1 31014.6 28486.3 23528.4 15903.3 14429.5 13090.9 8107.9 7499.58 5718.47 5193.93 5189.35 4556.01 4334.54 3935.68 3098.16 2909.45 2844.86 2775.16 2686.17
threshold=12.30927085876465 -5.0150692462921134 23.894083023071293 30.302539825439457 2.9976640939712529 -11.157267570495604 19.474234580993656 27.583156585693363 -1.0220146179199217 -14.793064117431639 33.225700378417976 7.1946635246276864 -7.4007961750030509 14.655217647552492 28.931569099426273 26.573413848876957 22.724931716918949 34.827194213867195 -3.5098925828933711 0.16446304321289065 18.237266540527347 1.0000000180025095e-35 28.535879135131839 5.4047138690948495 21.00716590881348 34.383407592773445 9.1979217529296893 27.994071960449222 24.728641510009769 25.205570220947269
decision_type=2 2 2 2 2 2 2 2 2 2 2 2 2 2 2 2 2 2 2 2 2 2 2 2 2 2 2 2 2 2
left_child=1 5 6 7 8 9 13 15 18 -1 19 23 -7 -2 22 28 24 -12 -3 -5 -15 -10 -9 -6 -8 -16 -13 -17 -4 -18
right_child=2 4 3 10 11 12 16 14 21 -11 17 26 -14 20 25 27 29 -19 -20 -21 -22 -23 -24 -25 -26 -27 -28 -29 -30 -31
leaf_value=-1.4334492078283576 -0.24686837918242777 -0.89876567733732993 0.16354121014796461 0.42720944356735918 -0.61400218853342392 -1.0845855798710988 0.0052117149755114495 0.27705699119613569 -0.76351769776383238 -1.2296358979804221 0.47025383904308077 -0.43494742462268249 -0.96415719673421485 -0.12959734699001976 0.31839697544953416 0.24368227807897591 0.1055726147703368 0.54828262174911213 -0.8212987327733926 0.37828551443972497 -0.046981860282486979 -0.68693999275166728 0.30268710888776484 -0.50690038498947609 0.071272587890616801 0.35777619078227224 -0.34584776830574449 0.27603820964753972 0.20957795485094027 0.16125736034207694
leaf_weight=5123 3461 7702 4519 14540 2954 11997 4340 50830 5898 7780 9094 2005 10624 3939 35799 27041 8725 6349 9934 12264 3705 6535 29291 2087 4686 6733 2434 10182 14648 2952
leaf_count=5123 3461 7702 4519 14540 2954 11997 4340 50830 5898 7780 9094 2005 10624 3939 35799 27041 8725 6349 9934 12264 3705 6535 29291 2087 4686 6733 2434 10182 14648 2952
internal_value=-0.000288766 -0.917943 0.271928 0.310046 -0.725744 -1.13165 0.00672545 0.279171 -0.801395 -1.31161 0.440795 -0.4852 -1.02848 -0.138839 0.299753 0.23436 0.084835 0.502667 -0.85562 0.404974 -0.0896678 -0.723852 0.286464 -0.570753 0.0395493 0.324714 -0.386979 0.252605 0.198815 0.119776
internal_weight=328171 75073 253098 221290 39549 35524 31808 179043 30069 12903 42247 9480 22621 11105 122653 56390 20703 15443 17636 26804 7644 12433 80121 5041 9026 42532 4439 37223 19167 11677
internal_count=328171 75073 253098 221290 39549 35524 31808 179043 30069 12903 42247 9480 22621 11105 122653 56390 20703 15443 17636 26804 7644 12433 80121 5041 9026 42532 4439 37223 19167 11677
is_linear=0
shrinkage=0.05


Tree=7
num_leaves=31
num_cat=0
split_feature=41 41 41 23 23 41 41 41 41 41 23 41 23 41 41 23 41 24 23 23 41 23 23 41 41 24 23 24 24 35
split_gain=2.96844e+07 1.08606e+06 959263 326683 284368 177216 133917 66563.9 62207.3 30277.3 29674.6 27959.9 20438.2 20051.3 19840.2 15147.1 9619.42 8905.84 7356.58 7058.73 5378.52 4825.03 4480.75 4149.9 3612.44 3195.16 2679.04 2635.44 2549.26 2347.66
threshold=11.052023410797121 -6.1834168434143058 23.664754867553714 30.532341003417972 2.6059265136718754 -12.748454570770262 18.476987838745121 27.17413425445557 -2.2577089071273799 7.1946635246276864 34.000892639160163 -8.9068088531494123 28.884235382080082 20.69999980926514 -17.039490699768063 14.353691101074221 25.611072540283207 1.0000000180025095e-35 -0.33140182495117182 31.961082458496097 28.517932891845707 4.9733009338378915 36.092712402343757 22.279569625854496 29.60624980926514 22.930053710937504 27.795555114746097 25.952270507812504 33.838409423828132 0.27132034301757818
decision_type=2 2 2 2 2 2 2 2 2 2 2 2 2 2 2 2 2 2 2 2 2 2 2 2 2 2 2 2 2 2
left_child=1 5 6 7 8 14 15 16 17 21 19 -7 20 27 -1 -2 29 -3 -10 -5 26 -6 -12 -15 -14 -17 -9 -8 -18 -4
right_child=2 4 3 10 9 11 13 12 18 -11 22 -13 24 23 -16 25 28 -19 -20 -21 -22 -23 -24 -25 -26 -27 -28 -29 -30 -31
leaf_value=-1.4295851084144371 -0.25986832528039394 -0.89705811728197382 0.18870560930164537 0.37060689825011872 -0.59289040431944906 -1.0882083802772486 -0.032741293586650864 0.2469683067399896 -0.75105911411953985 -0.37203103508146329 0.47611403772998639 -0.96533615634614345 0.30247182848786347 0.067233600371163146 -1.2395842088780979 -0.14944776724557948 0.22370949482633629 -0.81601776385893943 -0.67462877678534683 0.42172053092152861 0.28701016233592519 -0.49136776854938502 0.5606350493675335 0.11944111205322101 0.33890346979909203 -0.072643384245704393 0.2691993178631652 0.034464809324829253 0.27753313725565348 0.13736031707930174
leaf_weight=2565 2975 7627 11122 13961 3632 10607 4426 24925 7918 3910 7775 10686 36972 7606 6415 3702 28439 10882 8135 15542 29239 2445 2528 7729 9442 2184 37155 2164 2587 2963
leaf_count=2565 2975 7627 11122 13961 3632 10607 4426 24925 7918 3910 7775 10686 36972 7606 6415 3702 28439 10882 8135 15542 29239 2445 2528 7729 9442 2184 37155 2164 2587 2963
internal_value=-0.000771293 -0.87578 0.257582 0.293752 -0.718421 -1.10703 -0.00401821 0.265464 -0.786421 -0.482542 0.423593 -1.02703 0.282751 0.0622791 -1.29538 -0.167945 0.212631 -0.849878 -0.712771 0.397667 0.268893 -0.552918 0.497376 0.0936074 0.309955 -0.121121 0.260315 -0.0106536 0.228285 0.178009
internal_weight=328258 74822 253436 222650 44549 30273 30786 182844 34562 9987 39806 21293 137733 21925 8980 8861 45111 18509 16053 29503 91319 6077 10303 15335 46414 5886 62080 6590 31026 14085
internal_count=328258 74822 253436 222650 44549 30273 30786 182844 34562 9987 39806 21293 137733 21925 8980 8861 45111 18509 16053 29503 91319 6077 10303 15335 46414 5886 62080 6590 31026 14085
is_linear=0
shrinkage=0.05


Tree=8
num_leaves=31
num_cat=0
split_feature=23 41 41 23 41 41 41 23 23 41 41 23 23 41 41 41 41 41 23 23 23 12 23 31 23 23 23 41 41 23
split_gain=2.67303e+07 996160 831326 285572 240007 198913 131192 52900.3 43957.2 28848.1 25222.3 23836.1 23249.7 19435.5 13717.5 12753.5 12391.1 8286.82 5268.58 4502.44 4272.28 3948.28 3735.72 3631.1 3366.34 2789.31 2692.79 2496.98 2438.02 2437.28
threshold=11.904300689697267 -5.2976229190826407 24.325369834899906 30.768047332763675 2.9976640939712529 -11.662373065948485 19.474234580993656 27.944332122802738 -1.9690551757812498 -14.793064117431639 -8.1233038902282697 7.6824188232421884 34.232566833496101 14.655217647552492 22.279569625854496 26.48182582855225 28.975871086120609 1.0000000180025095e-35 32.413002014160163 21.735786437988285 17.199512481689457 2.1370751857757573 4.9733009338378915 43.594747543334968 29.06977462768555 36.092712402343757 -5.3004798889160147 -17.039490699768063 28.500966072082523 -5.9017791748046866
decision_type=2 2 2 2 2 2 2 2 2 2 2 2 2 2 2 2 2 2 2 2 2 2 2 2 2 2 2 2 2 2
left_child=1 5 6 7 8 9 13 15 23 27 -7 22 18 -2 19 -4 24 -10 -5 -8 -15 -18 -6 -3 -9 -14 -25 -1 -17 -12
right_child=2 4 3 12 11 10 14 16 17 -11 29 -13 25 20 -16 28 21 -19 -20 -21 -22 -23 -24 26 -26 -27 -28 -29 -30 -31
leaf_value=-1.3579977208313627 -0.22391722881428267 -0.74989074602539907 0.1919571753584782 0.3639161757847173 -0.54573871873822244 -1.001056131886221 0.013604225627793424 0.26072914033682981 -0.70377045934139815 -1.1203307674920011 -0.9138515672056059 -0.34055916659698071 0.45832837645941649 -0.12819921387553007 0.1226829512554618 0.23166841841367491 0.2990997106765616 -0.6238719728560157 0.40954621403746244 0.076023927036023523 -0.051018286254110215 0.36283353270446989 -0.45184610547576814 -0.8720471228676282 0.28625537991525779 0.53010415074910544 -0.78971313121743092 -1.2254276748677464 0.26019604045246858 -0.84334928061848347
leaf_weight=2573 3435 5927 22613 15283 3100 10549 5652 55357 9017 6449 7344 3804 6467 2909 11522 43116 28564 7002 13028 5911 4712 2922 2373 2774 18749 2479 6739 2629 10085 4537
leaf_count=2573 3435 5927 22613 15283 3100 10549 5652 55357 9017 6449 7344 3804 6467 2909 11522 43116 28564 7002 13028 5911 4712 2922 2373 2774 18749 2479 6739 2629 10085 4537
internal_value=3.5029e-05 -0.830091 0.245733 0.281559 -0.662889 -1.02969 0.0162639 0.255635 -0.728882 -1.19868 -0.941414 -0.438558 0.407681 -0.125295 0.0840851 0.223679 0.278555 -0.669257 0.385051 0.0455513 -0.0806083 0.305128 -0.505927 -0.790269 0.267225 0.478788 -0.814612 -1.29348 0.237124 -0.887661
internal_weight=327621 74817 252804 218663 40736 34081 34141 181406 31459 11651 22430 9277 37257 11056 23085 75814 105592 16019 28311 11563 7621 31486 5473 15440 74106 8946 9513 5202 53201 11881
internal_count=327621 74817 252804 218663 40736 34081 34141 181406 31459 11651 22430 9277 37257 11056 23085 75814 105592 16019 28311 11563 7621 31486 5473 15440 74106 8946 9513 5202 53201 11881
is_linear=0
shrinkage=0.05


Tree=9
num_leaves=31
num_cat=2
split_feature=23 23 23 23 23 24 23 23 23 23 23 24 23 24 23 23 23 23 34 28 23 29 34 29 5 23 5 23 24 24
split_gain=2.41147e+07 820682 815540 272063 174739 139696 133403 57699 30965.8 29291.7 22463.9 18296.8 17899.1 14355.9 13113.7 12606.1 10502.7 7439.72 5811.13 5387 5371.38 4593.8 4156.44 3847.72 3411.19 3185.28 3138.14 3002.66 2604.33 2306.99
threshold=10.519222259521486 24.0743522644043 -5.6142807006835929 30.196441650390629 2.0801010131835942 -7.1114959716796866 18.664348602294925 27.278812408447269 -2.6046447753906246 32.892997741699226 4.9733009338378915 -13.990127563476561 15.382835388183596 -3.6018218994140621 20.953052520751957 28.751609802246097 25.814601898193363 34.827194213867195 -8.4481811523437482 1022.8178100585939 1.0000000180025095e-35 0.23604583740234378 -9.3986511230468732 0.0058403015136718759 0 7.6824188232421884 1 13.188972473144533 35.649932861328132 28.479461669921879
decision_type=2 2 2 2 2 2 2 2 2 2 2 2 2 2 2 2 2 2 2 2 2 2 2 2 9 2 9 2 2 2
left_child=2 6 5 7 8 11 12 16 -4 21 -6 -1 27 18 23 29 -3 -11 -7 -13 -10 -5 -15 -8 -16 -12 -23 -2 -17 -9
right_child=1 3 4 9 10 13 14 15 20 17 25 19 -14 22 24 28 -18 -19 -20 -21 -22 26 -24 -25 -26 -27 -28 -29 -30 -31
leaf_value=-1.2407079565370711 -0.26300166738313635 0.15412571552712812 -0.76424732670296458 0.35720897026022108 -0.54128334385932864 -1.0406943929743091 0.059448151090431438 0.22776359908632396 -0.68384452412290775 0.40045852731374609 -0.43264347799609282 -1.1028223220034288 -0.092075094263927168 -0.93719620945150717 0.12800817677667295 0.27094668019952767 0.2054647087501898 0.47099234207955504 -0.9191877305740882 -0.99176021860096442 -0.61692320645587928 0.33467983547004843 -0.83481701557065213 -0.022776087476098932 0.073244846723169818 -0.34743137838085675 0.26092627012873215 -0.18391364961454626 0.3265713755403416 0.24738719606756568
leaf_weight=2616 2597 14179 13174 16960 5010 2036 2084 23409 10345 11673 2572 7601 5126 2052 4096 49475 35037 6312 7146 2752 6419 5694 9263 4429 10067 2633 2990 2507 2453 55757
leaf_count=2616 2597 14179 13174 16960 5010 2036 2084 23409 10345 11673 2572 7601 5126 2052 4096 49475 35037 6312 7146 2752 6419 5694 9263 4429 10067 2633 2990 2507 2453 55757
internal_value=0.000505047 0.230772 -0.796527 0.264104 -0.64427 -0.978959 -0.0107507 0.236968 -0.705331 0.376172 -0.464801 -1.10879 -0.158345 -0.896315 0.0623167 0.254319 0.190708 0.425461 -0.947233 -1.07429 -0.658603 0.341451 -0.854195 0.00358445 0.0893038 -0.390287 0.3103 -0.224591 0.273637 0.241614
internal_weight=328464 254845 73619 223939 40153 33466 30906 180310 29938 43629 10215 12969 10230 20497 20676 131094 49216 17985 9182 10353 16764 25644 11315 6513 14163 5205 8684 5104 51928 79166
internal_count=328464 254845 73619 223939 40153 33466 30906 180310 29938 43629 10215 12969 10230 20497 20676 131094 49216 17985 9182 10353 16764 25644 11315 6513 14163 5205 8684 5104 51928 79166
cat_boundaries=0 19 41
cat_threshold=0 0 0 0 0 0 0 0 0 0 0 0 8126464 0 0 267386880 0 0 3271557120 8 0 0 128 0 0 6144 0 0 114688 0 0 8126464 0 0 93323264 0 0 16777216 0 0 805306368
is_linear=0
shrinkage=0.05


Tree=10
num_leaves=31
num_cat=2
split_feature=23 23 23 24 23 24 23 23 23 24 43 23 24 24 23 23 23 38 28 23 23 38 23 38 5 23 43 5 33 23
split_gain=2.17833e+07 743801 741865 243055 146004 135581 126836 51305.6 23457.3 21960.7 19335.8 16177.7 15990.2 14888.9 14373.5 13081.5 8642.3 4915.15 4491.47 4381.14 4303.87 3860.27 3811.79 3472.14 3377.05 2879.42 2757.39 2517.81 2422.01 2366.41
threshold=10.519222259521486 24.271488189697269 -5.3004798889160147 35.516754150390632 2.0801010131835942 -7.1114959716796866 18.664348602294925 27.378410339355472 -2.2898597717285152 39.375885009765632 5.6531715393066415 14.353691101074221 -13.990127563476561 -3.6018218994140621 29.06977462768555 20.953052520751957 26.08261871337891 1.4277215003967287 1022.8178100585939 31.677947998046879 35.551300048828132 1.4606304168701174 -1.0000000180025095e-35 1.4277215003967287 0 28.316379547119144 16.045271873474125 1 23.72678375244141 29.855499267578129
decision_type=2 2 2 2 2 2 2 2 2 2 2 2 2 2 2 2 2 2 2 2 2 2 2 2 9 2 2 9 2 2
left_child=2 6 5 7 8 12 11 16 -4 19 -6 -2 -1 23 25 27 21 -15 -14 28 -11 -3 -10 -7 -17 -9 -13 -8 -5 -16
right_child=1 3 4 9 10 13 15 14 22 20 -12 26 18 17 29 24 -18 -19 -20 -21 -22 -23 -24 -25 -26 -27 -28 -29 -30 -31
leaf_value=-1.1761943893903921 -0.2310982225098159 0.16984531888973972 -0.71562656623010212 0.26484957749208254 -0.49991291480150357 -0.87602864728653251 0.048177091064430744 0.22450128032481703 -0.64572920680445667 0.39746847040591382 -0.35670536281272563 -0.14361071581358642 -1.047605905159801 -0.7858550663998779 0.26106178147973996 0.12881154374720744 0.19920624000672546 -0.87587565392547018 -0.94431450720889942 0.35647011639283444 0.46570979094446452 0.11507105255670297 -0.58589505797799857 -0.97849721182137728 0.073969679860135917 0.24286584139579995 -0.075617278304331154 -0.018470918044698661 0.32573857782401094 0.28958978213860948
leaf_weight=2661 3839 12143 13066 2356 6168 7234 2067 48952 8940 8886 4058 2408 7634 9523 27135 3799 34810 3060 2752 15194 3838 4514 6411 2038 11750 43209 4034 4395 9608 11663
leaf_count=2661 3839 12143 13066 2356 6168 7234 2067 48952 8940 8886 4058 2408 7634 9523 27135 3799 34810 3060 2752 15194 3838 4514 6411 2038 11750 43209 4034 4395 9608 11663
internal_value=0.000293225 0.219248 -0.757617 0.251818 -0.606379 -0.924843 -0.004984 0.227348 -0.66482 0.363664 -0.443488 -0.149893 -1.05367 -0.847492 0.243992 0.0627379 0.184958 -0.808425 -1.02117 0.337874 0.418402 0.15508 -0.621139 -0.899581 0.0875734 0.233137 -0.101216 0.00293518 0.313979 0.26971
internal_weight=328145 254600 73545 222308 38643 34902 32292 182426 28417 39882 10226 10281 13047 21855 130959 22011 51467 12583 10386 27158 12724 16657 15351 9272 15549 92161 6442 6462 11964 38798
internal_count=328145 254600 73545 222308 38643 34902 32292 182426 28417 39882 10226 10281 13047 21855 130959 22011 51467 12583 10386 27158 12724 16657 15351 9272 15549 92161 6442 6462 11964 38798
cat_boundaries=0 19 45
cat_threshold=0 0 0 0 0 0 0 0 0 0 0 0 8126464 0 0 267386880 0 0 1124073472 0 0 0 0 0 0 0 0 0 0 0 0 33554432 0 0 666894336 0 0 1056964608 0 0 805306368 0 0 0 4
is_linear=0
shrinkage=0.05


Tree=11
num_leaves=31
num_cat=0
split_feature=41 41 41 44 41 41 41 41 41 24 24 41 41 41 44 41 41 24 24 41 23 44 44 24 24 41 44 24 32 24
split_gain=1.96587e+07 727184 640790 219525 191571 123768 88367.8 44107.6 34696.5 26292 23843.3 22649 13386.1 9942.61 9727 9658.27 9502.52 6191.55 5303.97 4653.03 4107.63 3641.91 3176.87 3002.85 2915.24 2454.9 2396.05 1969.22 2118.09 1811.51
threshold=11.052023410797121 -6.1834168434143058 23.664754867553714 30.282073020935062 1.7639073729515078 -13.340123176574705 18.476987838745121 27.583156585693363 -2.2577089071273799 11.574493408203127 39.375885009765632 -9.7261624336242658 20.69999980926514 -17.039490699768063 26.735661506652836 14.655217647552492 28.705168724060062 36.419097900390632 1.0000000180025095e-35 4.7287719249725351 36.092712402343757 0.7288489341735841 -9.2434720993041974 25.608886718750004 33.407989501953132 25.201691627502445 28.235711097717289 30.738937377929691 597.37805175781261 22.214538574218754
decision_type=2 2 2 2 2 2 2 2 2 2 2 2 2 2 2 2 2 2 2 2 2 2 2 2 2 2 2 2 2 2
left_child=1 5 6 7 8 13 15 14 18 19 17 -7 -8 -1 25 -2 26 -5 -3 -6 -12 -10 -13 -14 -18 -4 -9 28 -25 -17
right_child=2 4 3 10 9 11 12 16 21 -11 20 22 23 -15 -16 29 24 -19 -20 -21 -22 -23 -24 27 -26 -27 -28 -29 -30 -31
leaf_value=-1.1751967597814361 -0.19785584676528312 -0.72893693119376135 0.13127291894909149 0.28842366099575506 -0.49851325732311874 -0.90725396568203576 -0.0098569167430363532 0.21012238301581912 -0.60795556055641553 -0.30897709278303687 0.38244183171634955 -0.84880512428673749 0.020704647882535468 -1.028951224395378 0.19568432045592343 -0.11966942384773321 0.2426282410692806 0.3351063008574941 -0.66577407248355769 -0.40708607623748705 0.45887744054609902 -0.54618373144741783 -0.77678667670175461 0.08997171615144188 0.27432950744354961 0.16583196320905297 0.22914655639818135 0.12804915490555432 0.041927454977392975 -0.059581779690373163
leaf_weight=2532 3751 7723 8318 12868 4715 9087 6546 33987 9244 4272 10161 3902 2160 5171 34316 2742 40110 18301 10895 2531 2524 5087 9362 7767 9778 14841 37751 2173 3294 2375
leaf_count=2532 3751 7723 8318 12868 4715 9087 6546 33987 9244 4272 10161 3902 2160 5171 34316 2742 40110 18301 10895 2531 2524 5087 9362 7767 9778 14841 37751 2173 3294 2375
internal_value=0.000250314 -0.713692 0.209929 0.239463 -0.585021 -0.903812 -0.00381244 0.214888 -0.646472 -0.408824 0.339756 -0.843158 0.0500263 -1.07848 0.178709 -0.136919 0.231968 0.315932 -0.692352 -0.467183 0.398 -0.586425 -0.798597 0.0754803 0.248895 0.153481 0.220164 0.0843982 0.0757148 -0.091951
internal_weight=328284 74521 253763 222955 44467 30054 30808 179101 32949 11518 43854 22351 21940 7703 57475 8868 121626 31169 18618 7246 12685 14331 13264 15394 49888 23159 71738 13234 11061 5117
internal_count=328284 74521 253763 222955 44467 30054 30808 179101 32949 11518 43854 22351 21940 7703 57475 8868 121626 31169 18618 7246 12685 14331 13264 15394 49888 23159 71738 13234 11061 5117
is_linear=0
shrinkage=0.05


Tree=12
num_leaves=31
num_cat=0
split_feature=41 41 41 44 41 41 44 41 41 41 24 41 41 41 44 41 44 24 24 24 44 24 44 44 24 3 41 41 41 27
split_gain=1.77919e+07 656110 576929 203869 144723 141955 68662.3 47801.5 27597.1 25950.9 19106 15889.9 14660.9 12887.8 10216.5 9585.05 8107.45 4821.27 4260.75 3709.15 3601.61 2823.42 2730.75 2124.2 2097.37 2058.81 1990.84 1948.27 1679.67 1657.98
threshold=11.052023410797121 -5.0150692462921134 23.234238624572757 30.493535995483402 -11.157267570495604 2.9976640939712529 18.91781044006348 27.076436042785648 -1.0316247344017027 -14.793064117431639 39.375885009765632 -7.4007961750030509 7.1946635246276864 28.686632156372074 15.78423595428467 20.314286231994632 25.975798606872562 1.2052764892578127 36.937652587890632 33.407989501953132 28.016372680664066 42.009307861328132 2.0132945775985722 24.548272132873539 8.6753234863281268 679.49227905273449 17.710202217102054 13.547993659973146 29.757005691528324 1008.8164672851564
decision_type=2 2 2 2 2 2 2 2 2 2 2 2 2 2 2 2 2 2 2 2 2 2 2 2 2 2 2 2 2 2
left_child=1 4 6 7 9 8 14 16 17 -1 18 -6 24 20 27 -8 25 -3 28 -15 -9 -12 -10 -17 -7 -4 -16 -2 -5 -22
right_child=2 5 3 10 11 12 15 13 22 -11 21 -13 -14 19 26 23 -18 -19 -20 -21 29 -23 -24 -25 -26 -27 -28 -29 -30 -31
leaf_value=-1.0613069274318849 -0.21588392785104671 -0.66062978908794268 0.13716469465674708 0.25155932255217828 -0.79844712674265139 -0.45767696916032624 -0.017857658263927149 0.19383090533438099 -0.54603714541421333 -0.90629084079368072 0.36123847955527094 -0.70862774033549591 -0.28817411483143163 0.23050309685420381 -0.105685713594872 0.052637662750690886 0.17307757417557423 -0.6015017778127838 0.32315302775056087 0.26340326204758785 0.23048759698594373 0.41776719072011548 -0.48457175631477156 0.10070321897463669 -0.38330115579899254 0.090061674145160253 -0.042809664924624236 -0.14631045919266447 0.29433195550342933 0.20906273452933274
leaf_weight=5109 2108 8024 10777 3743 11991 2361 5001 35975 7944 7785 8849 10607 3950 41511 2672 10937 31123 10603 14819 11626 13887 3785 3724 2927 2699 3064 2415 2168 10038 36129
leaf_count=5109 2108 8024 10777 3743 11991 2361 5001 35975 7944 7785 8849 10607 3950 41511 2672 10937 31123 10603 14819 11626 13887 3785 3724 2927 2699 3064 2415 2168 10038 36129
internal_value=-0.000301517 -0.677898 0.199605 0.226298 -0.833841 -0.536907 -0.0134805 0.203767 -0.588807 -0.968488 0.326817 -0.75662 -0.361938 0.218266 -0.124098 0.0414572 0.158867 -0.627313 0.303865 0.23775 0.2062 0.378491 -0.526851 0.0628506 -0.418839 0.12681 -0.0759785 -0.181033 0.282905 0.215056
internal_weight=328351 74797 253554 225326 35492 39305 28228 184092 30295 12894 41234 22598 9010 139128 9363 18865 44964 18627 28600 53137 85991 12634 11668 13864 5060 13841 5087 4276 13781 50016
internal_count=328351 74797 253554 225326 35492 39305 28228 184092 30295 12894 41234 22598 9010 139128 9363 18865 44964 18627 28600 53137 85991 12634 11668 13864 5060 13841 5087 4276 13781 50016
is_linear=0
shrinkage=0.05


Tree=13
num_leaves=31
num_cat=0
split_feature=23 41 41 23 41 41 41 41 41 41 41 41 23 41 41 41 41 23 29 31 23 41 23 23 11 37 10 23 37 31
split_gain=1.60131e+07 568782 562072 184087 149992 82375.7 71350.7 48466.6 26284.6 25652.2 14624.1 14616.3 14310.3 9917.56 8062.93 7050.69 4860.15 4053 3957.84 3681.52 3677.08 3515.37 3264.41 3026.39 2289.46 2138.73 2029.37 1887.7 1705.61 1677.64
threshold=10.519222259521486 23.010026931762699 -7.0770857334136954 30.768047332763675 0.38648402690887457 -14.086885929107664 17.710202217102054 26.86499118804932 4.7287719249725351 -3.4403440952301021 28.705168724060062 -10.586040973663328 34.232566833496101 20.314286231994632 13.547993659973146 24.883111000061039 -17.039490699768063 27.944332122802738 0.082210540771484389 52.654727935791023 -5.3004798889160147 8.6004199981689471 -1.348640441894531 2.6059265136718754 1.9986915588378908 0.035472869873046882 1.2769174575805666 36.092712402343757 0.37242889404296881 42.489826202392585
decision_type=2 2 2 2 2 2 2 2 2 2 2 2 2 2 2 2 2 2 2 2 2 2 2 2 2 2 2 2 2 2
left_child=2 6 5 7 9 16 14 15 23 20 17 -7 18 -8 -2 -3 -1 -9 -5 24 -4 -10 29 -6 -12 -15 -20 -14 -17 -11
right_child=1 3 4 12 8 11 13 10 21 22 19 -13 27 25 -16 28 -18 -19 26 -21 -22 -23 -24 -25 -26 -27 -28 -29 -30 -31
leaf_value=-1.0656024257731747 -0.20457959735235598 0.11277366249383208 -0.67744710899042493 0.32161422522219391 -0.49025906486755777 -0.84140035583269845 -0.02252465582239227 0.18278988958471448 -0.35633164508847026 -0.54553864885719727 0.24355711452531717 -0.74647636474696943 0.35507270932257357 0.030644121928835921 -0.10507154355695306 0.15080836564475031 -0.94535055544155622 0.20432686113450718 0.29997737904768906 0.22230249970977334 -0.62166394951784343 -0.26881790447958126 -0.52812687587697593 -0.4221927437782288 0.30759979430429885 0.071730324209035912 0.26255942099163726 0.41334311476533092 0.17749488048864054 -0.60542237709737134
leaf_weight=2539 3496 11536 8294 11456 5618 7847 6535 38699 3530 3540 6732 11926 6502 5822 4969 20561 3781 54691 8545 45997 8936 2008 7049 3340 2017 7003 8204 2470 9160 5207
leaf_count=2539 3496 11536 8294 11456 5618 7847 6535 38699 3530 3540 6732 11926 6502 5822 4969 20561 3781 54691 8545 45997 8936 2008 7049 3340 2017 7003 8204 2470 9160 5207
internal_value=3.34545e-05 0.187966 -0.64935 0.214165 -0.546738 -0.835953 -0.0253663 0.194176 -0.412065 -0.605707 0.207535 -0.784554 0.315915 0.0275858 -0.146361 0.14617 -0.995268 0.195423 0.29809 0.228158 -0.648894 -0.325142 -0.558218 -0.46538 0.258656 0.0531174 0.281817 0.371557 0.15909 -0.581837
internal_weight=328010 254395 73615 226570 47522 26093 27825 189393 14496 33026 148136 19773 37177 19360 8465 41257 6320 93390 28205 54746 17230 5538 15796 8958 8749 12825 16749 8972 29721 8747
internal_count=328010 254395 73615 226570 47522 26093 27825 189393 14496 33026 148136 19773 37177 19360 8465 41257 6320 93390 28205 54746 17230 5538 15796 8958 8749 12825 16749 8972 29721 8747
is_linear=0
shrinkage=0.05


Tree=14
num_leaves=31
num_cat=0
split_feature=44 41 41 44 41 41 44 41 41 41 23 41 41 41 41 44 44 23 23 41 33 23 41 15 44 10 44 44 31 13
split_gain=1.44558e+07 550824 457790 155379 124175 119091 71480.9 26905.4 23829.7 21920.7 18142.3 14762 11777.4 8622.13 7410.82 6280.77 6024.27 4989.88 4084.71 3798.34 3319.24 2966.21 2251.3 2192.23 1924.15 1908.74 1903.43 1796.71 1655.68 1393.29
threshold=12.30927085876465 -4.7656462192535392 24.325369834899906 30.282073020935062 -11.157267570495604 3.8870520591735844 19.999049186706547 27.77741622924805 -0.65928867459297169 -14.086885929107664 32.717182159423835 -7.4007961750030509 16.727837562561039 7.1946635246276864 22.066006660461429 26.924036979675297 29.089735031127933 34.827194213867195 -3.1834754943847652 -17.039490699768063 23.761343955993656 2.6059265136718754 13.547993659973146 2.0938524007797246 27.62142372131348 1.3328753113746645 23.004340171813968 -9.2434720993041974 42.869907379150398 2.0652421712875371
decision_type=2 2 2 2 2 2 2 2 2 2 2 2 2 2 2 2 2 2 2 2 2 2 2 2 2 2 2 2 2 2
left_child=1 4 6 7 9 8 12 15 18 19 20 27 22 -7 26 -4 23 -12 28 -1 25 -10 -2 24 -9 -5 -8 -6 -3 -22
right_child=2 5 3 10 11 13 14 16 21 -11 17 -13 -14 -15 -16 -17 -18 -19 -20 -21 29 -23 -24 -25 -26 -27 -28 -29 -30 -31
leaf_value=-1.0078017893694253 -0.17948850878868605 -0.54909486939907826 0.13992830421206776 0.25787500238012157 -0.74989976637367639 -0.36338997586968391 0.014964490439045753 0.17337039487063913 -0.48037757132817938 -0.80442581423460102 0.30950291692057558 -0.63705167107732397 -0.040970592581980464 -0.25854343435983723 0.087761854124511568 0.17251844592101948 0.21945423719335122 0.36601335087050352 -0.53422090302120928 -0.89814217887403813 0.2679662044404611 -0.41235526982925541 -0.11440333584853135 0.22762184390215767 0.19516815244741273 0.20373661494466921 0.061544161811096093 -0.69299242050964627 -0.61152496751589269 0.31077732845282219
leaf_weight=2528 2347 3159 24114 3896 5660 3783 6736 13271 8884 6581 13034 11856 5976 4435 12710 39828 32356 6279 10308 3832 14402 2687 3296 4705 60603 3374 3249 6310 5050 2745
leaf_count=2528 2347 3159 24114 3896 5660 3783 6736 13271 8884 6581 13034 11856 5976 4435 12710 39828 32356 6279 10308 3832 14402 2687 3296 4705 60603 3374 3249 6310 5050 2745
internal_value=-0.000237932 -0.609459 0.18061 0.20726 -0.747786 -0.476528 0.0108184 0.186159 -0.522662 -0.873325 0.291583 -0.679262 -0.0899924 -0.307191 0.0624468 0.160252 0.201076 0.328055 -0.558455 -0.943244 0.262612 -0.464951 -0.141743 0.193481 0.191276 0.233064 0.0301674 -0.720504 -0.588198 0.274997
internal_weight=327994 75073 252921 218607 36767 38306 34314 174877 30088 12941 43730 23826 11619 8218 22695 63942 110935 19313 18517 6360 24417 11571 5643 78579 73874 7270 9985 11970 8209 17147
internal_count=327994 75073 252921 218607 36767 38306 34314 174877 30088 12941 43730 23826 11619 8218 22695 63942 110935 19313 18517 6360 24417 11571 5643 78579 73874 7270 9985 11970 8209 17147
is_linear=0
shrinkage=0.05


Tree=15
num_leaves=31
num_cat=2
split_feature=41 41 41 24 23 41 44 41 41 41 41 23 41 23 23 41 41 41 23 41 23 22 24 24 29 5 44 5 41 24
split_gain=1.30838e+07 524457 383570 142310 124615 113307 54302.7 27176 24048.8 18777.9 13395.2 13092.6 10755.4 7465.85 7230.05 6884.4 5217.24 4269.77 3796.31 3721.72 2481.06 2383.33 2296.16 2274.54 2179.14 3005.63 2057.01 1949.51 1909.65 1895.61
threshold=12.302085399627687 -4.7656462192535392 24.325369834899906 35.516754150390632 3.1937446594238286 -10.586040973663328 19.999049186706547 27.753051757812504 -14.086885929107664 -0.65928867459297169 7.1946635246276864 33.798725128173835 -7.4007961750030509 16.362854003906254 29.092990875244144 21.293244361877445 26.37138652801514 -17.039490699768063 -2.8926849365234371 29.92176723480225 36.092712402343757 0.010013580322265627 15.733947753906252 28.906661987304691 0.1465873718261719 0 25.046070098876957 1 19.04447174072266 -2.1814575195312496
decision_type=2 2 2 2 2 2 2 2 2 2 2 2 2 2 2 2 2 2 2 2 2 2 2 2 2 9 2 9 2 2
left_child=1 5 6 7 9 8 13 16 17 18 -6 19 -7 -2 23 -8 -4 -1 -3 -5 -13 -11 -12 -9 -21 -26 -17 -16 -15 -14
right_child=2 4 3 11 10 12 15 14 -10 21 22 20 29 28 27 26 -18 -19 -20 24 -22 -23 -24 -25 25 -27 -28 -29 -30 -31
leaf_value=-0.9619818736568766 -0.12740923630326453 -0.55690128631765501 0.13087595858251796 0.23239185348219357 -0.35363868776271934 -0.67965842308258118 0.015497424580206122 0.17363563466434567 -0.75977860302702205 -0.39681997440153438 -0.26420493280171597 0.31462263879791991 -0.64095244723929112 -0.066107768424053526 0.22777726404437837 0.065416523166222401 0.16164279817101496 -0.85185014844188067 -0.50515876747146859 0.28903528918259325 0.37554625416807286 -0.46064427265208635 -0.19225485444179313 0.19104732372562022 0.27370572869235416 0.19784655551583386 0.10537513328161563 0.2006058681011883 -0.011015370305477841 -0.58558086860957492
leaf_weight=2562 4356 9159 21435 7382 4833 10648 6486 34430 7862 2546 3016 8946 4219 3676 13378 11910 40481 3846 9215 12567 2501 8222 2023 46955 5901 2248 4472 22551 2752 7778
leaf_count=2562 4356 9159 21435 7382 4833 10648 6486 34430 7862 2546 3016 8946 4219 3676 13378 11910 40481 3846 9215 12567 2501 8222 2023 46955 5901 2248 4472 22551 2752 7778
internal_value=-0.000429591 -0.575863 0.172674 0.196846 -0.447817 -0.711031 0.0155178 0.177884 -0.822124 -0.499884 -0.293767 0.282723 -0.640693 -0.0769285 0.192051 0.0591279 0.151014 -0.897312 -0.53124 0.264066 0.32825 -0.445936 -0.235757 0.183704 0.275235 0.253625 0.0763822 0.210903 -0.042575 -0.605571
internal_weight=328356 75929 252427 218775 39014 36915 33652 179230 14270 29142 9872 39545 22645 10784 117314 22868 61916 6408 18374 28098 11447 10768 5039 81385 20716 8149 16382 35929 6428 11997
internal_count=328356 75929 252427 218775 39014 36915 33652 179230 14270 29142 9872 39545 22645 10784 117314 22868 61916 6408 18374 28098 11447 10768 5039 81385 20716 8149 16382 35929 6428 11997
cat_boundaries=0 22 44
cat_threshold=8 0 0 128 0 0 2048 0 0 114688 0 0 3932160 0 0 59768832 0 0 16777216 0 0 268435456 0 0 0 128 0 0 22528 0 0 2211840 0 0 41418752 0 0 596639744 0 0 419430400 0 0 2684354560
is_linear=0
shrinkage=0.05


Tree=16
num_leaves=31
num_cat=2
split_feature=41 41 41 24 41 41 41 41 41 41 23 24 24 44 41 41 44 29 41 23 24 24 5 23 41 5 24 31 24 24
split_gain=1.18355e+07 478825 345751 129539 108911 107874 49014.1 24621 21860.7 17203.4 12223.7 11293.8 9664.4 7395.07 6498.17 5096.66 4813.68 3402.67 3300.55 2927.15 2870.51 2653.94 2627.58 2466.63 2128.12 1887.88 1782.76 1773.8 1767.02 1564.46
threshold=12.302085399627687 -4.4988756179809561 24.325369834899906 35.516754150390632 -10.586040973663328 3.8870520591735844 19.91494178771973 27.753051757812504 -14.086885929107664 -0.65928867459297169 33.406402587890632 -2.8444519042968746 11.574493408203127 16.725761413574222 28.795186996459964 22.279569625854496 26.833596229553226 0.24861526489257815 -17.039490699768063 36.092712402343757 -0.59298706054687489 33.506210327148445 0 2.6059265136718754 -7.0770857334136954 1 25.608886718750004 36.278549194335945 15.733947753906252 28.742965698242191
decision_type=2 2 2 2 2 2 2 2 2 2 2 2 2 2 2 2 2 2 2 2 2 2 9 2 2 9 2 2 2 2
left_child=1 4 6 7 8 9 13 16 18 20 17 27 -7 -2 29 26 -4 -5 -1 -12 -3 25 -19 -11 -13 -16 -8 -6 -14 -9
right_child=2 5 3 10 11 12 15 14 -10 23 19 24 28 -15 21 -17 -18 22 -20 -21 -22 -23 -24 -25 -26 -27 -28 -29 -30 -31
leaf_value=-0.91163751961785244 -0.11974693832136576 -0.54865598967570228 0.12441260267665187 0.25806985115726322 -0.59527110332382216 -0.33096179814566895 -0.0010180360752823333 0.16203415897679807 -0.72233467786028693 -0.43401538154557351 0.29497786482097782 -0.60866252201746951 -0.24977987375692653 -0.037347480450233415 0.13770760408794491 0.081303839755303309 0.15376803738693579 0.16248096684977098 -0.81160689764767779 0.35799567841852636 -0.48862858445486596 0.21685306756632602 0.23915311085863256 -0.37259369921163132 -0.55468432063345419 0.19240351967646976 0.045646252233467209 -0.66215883398969244 -0.18765458762986451 0.17828912611304029
leaf_weight=2573 4375 3319 22028 19676 2526 3769 2810 24848 7948 8958 11612 4402 3075 7222 2036 11592 39943 2064 3869 2522 13907 12619 3798 2735 8910 33459 7521 7979 2163 44329
leaf_count=2573 4375 3319 22028 19676 2526 3769 2810 24848 7948 8958 11612 4402 3075 7222 2036 11592 39943 2064 3869 2522 13907 12619 3798 2735 8910 33459 7521 7979 2163 44329
internal_value=-0.000662306 -0.547062 0.164131 0.187026 -0.67206 -0.420993 0.0145837 0.168914 -0.781342 -0.468103 0.268805 -0.605733 -0.269385 -0.0685093 0.182405 0.05855 0.143355 0.24785 -0.852911 0.306468 -0.500506 0.196643 0.213164 -0.419979 -0.572977 0.189399 0.032965 -0.646657 -0.224532 0.172475
internal_weight=328587 76133 252454 218934 38207 37926 33520 179262 14390 28919 39672 23817 9007 11597 117291 21923 61971 25538 6442 14134 17226 48114 5862 11693 13312 35495 10331 10505 5238 69177
internal_count=328587 76133 252454 218934 38207 37926 33520 179262 14390 28919 39672 23817 9007 11597 117291 21923 61971 25538 6442 14134 17226 48114 5862 11693 13312 35495 10331 10505 5238 69177
cat_boundaries=0 26 55
cat_threshold=0 0 0 0 0 0 0 0 0 2097152 0 0 50462720 0 0 807403520 0 0 1040187392 2 0 3221225472 1 0 0 7 0 0 0 0 0 0 0 0 0 1064960 0 0 262144 0 0 283115520 0 0 1174405120 3 0 2415919104 1 0 0 4 0 0 32
is_linear=0
shrinkage=0.05


Tree=17
num_leaves=31
num_cat=2
split_feature=44 41 41 23 41 41 41 44 41 41 44 41 23 41 41 41 41 23 31 30 28 24 30 24 5 15 22 41 5 24
split_gain=1.06834e+07 409939 332188 117090 98624.6 82415.8 52223.8 24215.3 16042.7 13763.6 13411.1 10194.2 8879.68 7996.91 7138.04 6100.13 5867.49 2708.25 2508.33 2359.57 2262.49 2213.01 2177.1 2137.97 2037.25 1975.53 1801.26 1633.52 1570.34 1553.67
threshold=12.30927085876465 -5.2976229190826407 24.325369834899906 31.011646270751957 2.3100348711013798 -12.228732109069822 19.474234580993656 27.947537422180179 -1.9400983452796934 -8.4743461608886701 6.6762456893920907 -17.039490699768063 34.518890380859382 15.716941833496096 29.185872077941898 26.48182582855225 22.066006660461429 0.35860443115234381 45.048719406127937 346.31250000000006 1007.2509155273439 -2.1814575195312496 54.562500000000007 26.344085693359379 0 2.030545830726624 0.010013580322265627 9.829355716705324 1 -1.2328491210937498
decision_type=2 2 2 2 2 2 2 2 2 2 2 2 2 2 2 2 2 2 2 2 2 2 2 2 9 2 2 2 9 2
left_child=1 5 6 7 8 11 13 15 18 -7 -6 -1 22 -2 20 -4 23 26 -3 25 -9 -11 -5 -8 -24 -16 -10 -12 -17 -20
right_child=2 4 3 12 10 9 16 14 17 21 27 -13 -14 -15 19 28 -18 -19 29 -21 -22 -23 24 -25 -26 -27 -28 -29 -30 -31
leaf_value=-0.86466960986764529 -0.12966187972975207 -0.47126540749711721 0.11721491778544491 0.26980544481411567 -0.33997146378093651 -0.64319302418067914 -0.0016796888505139149 0.17987386613908055 -0.39467174457310189 -0.59037246797705223 -0.25063801788310747 -0.73716591073223103 0.31006325491943704 -0.043229994493677343 0.20715985709604801 0.16579145855437383 0.075282578062544139 -0.39421284806825896 -0.56402822286601706 0.19096907140231043 0.16293502735351739 -0.53918725976211801 0.26142605175970474 0.044367685193934629 0.22207888086686181 0.27003373589519825 -0.45900757980482637 -0.18987377636200986 0.14357653391933164 -0.50192870943302292
leaf_weight=2560 4603 6937 21866 8735 5600 10686 4419 34487 2067 6154 3167 7766 7670 6412 4350 12192 12863 6025 2295 18563 51854 7193 7173 5856 11206 2009 6303 2039 39035 6527
leaf_count=2560 4603 6937 21866 8735 5600 10686 4419 34487 2067 6154 3167 7766 7670 6412 4350 12192 12863 6025 2295 18563 51854 7193 7173 5856 11206 2009 6303 2039 39035 6527
internal_value=-0.000284511 -0.523052 0.15518 0.177784 -0.416016 -0.650494 0.0101332 0.16189 -0.462525 -0.599027 -0.285925 -0.769582 0.261948 -0.0794334 0.1766 0.139477 0.0527879 -0.423223 -0.498134 0.200356 0.169721 -0.563212 0.248228 0.0245816 0.237832 0.227416 -0.44361 -0.227249 0.148955 -0.518704
internal_weight=328612 75319 253293 219140 40960 34359 34153 184356 30154 24033 10806 10326 34784 11015 111263 73093 23138 14395 15759 24922 86341 13347 27114 10275 18379 6359 8370 5206 51227 8822
internal_count=328612 75319 253293 219140 40960 34359 34153 184356 30154 24033 10806 10326 34784 11015 111263 73093 23138 14395 15759 24922 86341 13347 27114 10275 18379 6359 8370 5206 51227 8822
cat_boundaries=0 22 48
cat_threshold=0 0 0 0 0 0 2048 0 0 49152 0 0 3670016 0 0 16777216 0 0 16777216 0 0 268435456 519 0 0 12336 0 0 131072 0 0 2129920 0 0 45613056 0 0 83886080 0 0 939524096 0 0 1610612736 0 0 0 6
is_linear=0
shrinkage=0.05


Tree=18
num_leaves=31
num_cat=0
split_feature=41 41 41 23 41 41 41 41 41 41 23 41 41 41 41 23 23 41 12 22 23 41 22 23 23 10 35 22 12 30
split_gain=9.61663e+06 359390 314948 112251 88963.5 66283.4 37653.9 24768.8 15820.2 14358 14132.6 13462.5 7275.75 4834.01 4743.61 4742.52 3774.41 3074.3 2333.16 2300.12 2254.94 2249.3 2209.45 1944.66 1708.47 1618.13 2430.96 1597.9 1582.44 1517.01
threshold=11.052023410797121 -5.89626121520996 23.234238624572757 30.012100219726566 1.2819922566413882 -13.340123176574705 18.476987838745121 26.752807617187504 5.8450794219970712 -9.3356332778930646 32.560810089111335 -2.5815318822860713 28.517932891845707 20.69999980926514 -17.039490699768063 15.382835388183596 35.151485443115241 25.201691627502445 2.5477242469787602 0.018596649169921878 -4.1202850341796866 29.757005691528324 0.024318695068359378 27.944332122802738 -6.9099388122558585 1.4260955452919009 0.059604644775390632 0.050067901611328132 2.1566663980484013 5.0625000000000009
decision_type=2 2 2 2 2 2 2 2 2 2 2 2 2 2 2 2 2 2 2 2 2 2 2 2 2 2 2 2 2 2
left_child=1 5 6 7 11 14 15 17 19 -7 21 20 23 -8 -1 -2 -12 27 -14 -6 -3 -5 -13 -9 -11 26 -15 -4 -23 -10
right_child=2 4 3 10 8 9 13 12 29 24 16 22 18 25 -16 -17 -18 -19 -20 -21 -22 28 -24 -25 -26 -27 -28 -29 -30 -31
leaf_value=-0.82237251626810492 -0.13481825344870516 -0.50598305405120303 0.10125105411704355 0.18639249594447496 -0.29262589151269935 -0.63082684416575008 -0.006116950986991763 0.13985653073685164 -0.18957696402095844 -0.56764715579402647 0.25391937050765029 -0.38342490220718145 0.16946026413600923 0.091658648525316674 -0.72124930933732145 -0.061382435958045371 0.30527342025697457 0.12260513978438717 0.22438664899851393 -0.35853846545243839 -0.46113808488314839 0.21362316644473958 -0.43118319680388462 0.15562085571519865 -0.51989303620101457 0.030350512033831163 0.025135500925579458 0.057451361746037391 0.25668873028816297 -0.24864424198217888
leaf_weight=2563 4111 8158 10099 7344 2215 10479 6601 38086 2004 7960 15684 4739 57595 3565 5157 4781 5087 24452 2095 5556 7713 15504 9604 44131 5318 7067 2246 2683 2822 3172
leaf_count=2563 4111 8158 10099 7344 2215 10479 6601 38086 2004 7960 15684 4739 57595 3565 5157 4781 5087 24452 2095 5556 7713 15504 9604 44131 5318 7067 2246 2683 2822 3172
internal_value=0.00011219 -0.498791 0.146756 0.166502 -0.404907 -0.627355 -0.010251 0.148527 -0.294799 -0.585302 0.235793 -0.451976 0.158059 0.0286693 -0.755842 -0.095447 0.266637 0.112164 0.171425 -0.340151 -0.484493 0.210741 -0.415682 0.148336 -0.548927 0.046491 0.0660342 0.0921094 0.220391 -0.226185
internal_weight=328591 74638 253953 225582 43161 31477 28371 179141 12947 23757 46441 30214 141907 19479 7720 8892 20771 37234 59690 7771 15871 25670 14343 82217 13278 12878 5811 12782 18326 5176
internal_count=328591 74638 253953 225582 43161 31477 28371 179141 12947 23757 46441 30214 141907 19479 7720 8892 20771 37234 59690 7771 15871 25670 14343 82217 13278 12878 5811 12782 18326 5176
is_linear=0
shrinkage=0.05


Tree=19
num_leaves=31
num_cat=1
split_feature=24 42 42 24 42 24 42 42 42 42 24 27 42 24 35 42 42 24 42 42 35 34 22 34 32 34 31 13 37 5
split_gain=8.67866e+06 316808 283657 95969 71643.1 54943.9 51468 16987.1 13472.3 10233.2 8195.28 8069.05 6914.94 6342.69 6016.81 5294.11 5095.12 4160.9 3046.98 2792.68 2479.35 2358.21 2234.26 2078.62 1713.64 1699.87 1626.44 1531.29 1529.29 1479.03
threshold=15.733947753906252 -5.6142807006835929 24.81504058837891 35.246505737304695 2.6059265136718754 -7.7325897216796866 19.221488952636722 27.526210784912113 -1.348640441894531 32.717182159423835 11.574493408203127 1009.6389160156251 15.382835388183596 -4.0119323730468741 0.79298019409179699 22.682186126708988 29.06977462768555 -12.714675903320311 35.151485443115241 26.518878936767582 1.0000000180025095e-35 -4.9598083496093741 0.024318695068359378 -5.7039489746093741 611.08807373046886 1.1332092285156252 36.278549194335945 1.8327677249908449 -0.77983093261718739 0
decision_type=2 2 2 2 2 2 2 2 2 2 2 2 2 2 2 2 2 2 2 2 2 2 2 2 2 2 2 2 2 9
left_child=1 5 6 7 8 14 12 19 22 27 21 -7 -2 -13 25 20 -9 -16 28 -4 29 -6 -3 -10 -17 -1 -15 -5 -11 -8
right_child=2 4 3 9 10 11 15 16 23 18 -12 13 -14 26 17 24 -18 -19 -20 -21 -22 -23 -24 -25 -26 -27 -28 -29 -30 -31
leaf_value=-0.6639913137860407 -0.13049008086487826 -0.41408032836280056 0.10603589218514023 0.19752308752653105 -0.34192028745460368 -0.63639008827972754 0.076443181345779598 0.1475954314000073 -0.40282191103264503 0.20236925274559536 -0.20452378294338358 -0.56578732280804001 -0.049383817873564578 -0.46596104163545021 -0.78147069001917735 0.080433926906898157 0.17012259756466552 -0.67566266470635328 0.28929220482610435 0.12962230034814592 0.0013640425552481181 -0.27194540831961705 -0.45894053200729018 -0.35724082662336454 0.038138197313148985 -0.58674044223596289 -0.51861763562831731 0.229816358343084 0.24993970302489776 0.024048016777170313
leaf_weight=3643 4478 5273 20687 17754 2272 2264 2448 85226 5753 2318 3874 8244 6392 3390 2242 9646 36518 3609 5081 33616 6112 3529 13090 7125 3223 2229 7913 5276 11957 3067
leaf_count=3643 4478 5273 20687 17754 2272 2264 2448 85226 5753 2318 3874 8244 6392 3390 2242 9646 36518 3609 5081 33616 6112 3529 13090 7125 3223 2229 7913 5276 11957 3067
internal_value=-0.00026193 -0.474912 0.138986 0.160255 -0.38135 -0.588922 0.00761603 0.143976 -0.418229 0.227817 -0.261956 -0.541242 -0.0828855 -0.529901 -0.677096 0.0477932 0.154366 -0.717471 0.254824 0.120658 0.0233092 -0.299893 -0.446291 -0.3779 0.0698789 -0.635714 -0.503251 0.205018 0.242362 0.0475833
internal_weight=328249 74450 253799 218433 40916 33534 35366 176047 31241 42386 9675 21811 10870 19547 11723 24496 121744 5851 19356 54303 11627 5801 18363 12878 12869 5872 11303 23030 14275 5515
internal_count=328249 74450 253799 218433 40916 33534 35366 176047 31241 42386 9675 21811 10870 19547 11723 24496 121744 5851 19356 54303 11627 5801 18363 12878 12869 5872 11303 23030 14275 5515
cat_boundaries=0 22
cat_threshold=0 0 0 0 0 0 0 0 0 0 0 0 0 0 0 267386880 0 0 1325400064 0 0 1879048192
is_linear=0
shrinkage=0.05


Tree=20
num_leaves=31
num_cat=3
split_feature=23 44 44 44 23 44 44 44 23 23 31 23 44 38 44 44 44 31 23 38 5 28 5 32 30 22 5 10 28 28
split_gain=7.83175e+06 279438 277852 89112.5 58105.8 46419.4 43592.7 17658.7 12624.4 11132.9 7835.1 7229.04 6054.91 5229.92 4499 4457.12 3675.3 3066 2990.67 2964.88 2657 2353.67 2169.35 1819.89 1704.66 1639.35 1335.75 1334.44 1293.32 1214.37
threshold=10.519222259521486 24.548272132873539 -5.6488361358642569 30.090651512146 0.75207901000976574 -11.263328075408934 18.91781044006348 27.264916419982914 4.9733009338378915 32.717182159423835 44.689151763916023 -3.1834754943847652 14.735501766204836 2.9524796009063725 22.113462448120121 28.625801086425785 -18.617178916931149 46.906227111816413 35.551300048828132 1.3391551971435549 0 1018.3478088378907 1 606.29666137695324 1.0000000180025095e-35 0.0071525573730468759 2 1.4507261514663699 1009.0109252929689 1010.5684204101564
decision_type=2 2 2 2 2 2 2 2 2 2 2 2 2 2 2 2 2 2 2 2 9 2 9 2 2 2 9 2 2 2
left_child=2 6 5 7 11 10 12 19 29 20 -1 -4 -2 17 24 -9 -12 -7 -11 22 -5 -18 -3 26 -8 -13 -16 -21 -27 -6
right_child=1 3 4 9 8 13 14 15 -10 18 16 25 -14 -15 23 -17 21 -19 -20 27 -22 -23 -24 -25 -26 28 -28 -29 -30 -31
leaf_value=-0.56803094636703966 -0.13977746441240185 0.13110202764360163 -0.44157896900038357 0.20188292457436643 -0.34336541640459606 -0.46928854633419359 0.031045188991107205 0.13578801950233851 -0.22246440702857773 0.23188268632992642 -0.72493529335072604 -0.35223962499406619 -0.060663472815873115 -0.59264001652923104 0.043723641676569974 0.1544279215969129 -0.66915442275736936 -0.52047504899647323 0.28307997603410179 0.10388088106864278 0.16329891833255658 -0.59705086525012341 0.10436991688786093 0.019844052065897802 -0.01210964905593543 -0.42988172703765787 0.081514682342210751 0.05996139163117347 -0.38478454987574162 -0.30065908285026388
leaf_weight=3981 3879 12147 11898 20014 4347 6507 4147 72307 5171 15532 2326 3539 6478 2055 4588 59578 4324 9575 3825 2978 7011 3418 24466 3127 5082 3252 5092 4279 8605 4566
leaf_count=3981 3879 12147 11898 20014 4347 6507 4147 72307 5171 15532 2326 3539 6478 2055 4588 59578 4324 9575 3825 2978 7011 3418 24466 3127 5082 3252 5092 4279 8605 4566
internal_value=1.4458e-05 0.131347 -0.454348 0.151352 -0.368466 -0.56461 -0.00584373 0.135067 -0.285543 0.213015 -0.633563 -0.411134 -0.0904002 -0.510878 0.0339211 0.14422 -0.658886 -0.500069 0.24214 0.107527 0.192072 -0.638133 0.113336 0.0530883 0.00729435 -0.387336 0.0637958 0.0781024 -0.397505 -0.321849
internal_weight=328094 254530 73564 222137 41378 32186 32393 175755 14084 46382 14049 27294 10357 18137 22036 131885 10068 16082 19357 43870 27025 7742 36613 12807 9229 15396 9680 7257 11857 8913
internal_count=328094 254530 73564 222137 41378 32186 32393 175755 14084 46382 14049 27294 10357 18137 22036 131885 10068 16082 19357 43870 27025 7742 36613 12807 9229 15396 9680 7257 11857 8913
cat_boundaries=0 26 52 81
cat_threshold=8 0 0 128 0 0 6144 0 0 114688 0 0 3932160 0 0 32505856 0 0 520093696 0 0 1879048192 0 0 0 1 999 0 0 13056 0 0 12288 0 0 2129920 0 0 3145728 0 0 251658240 0 0 1040187392 0 0 3758096384 0 0 0 6 24 0 0 192 0 0 3072 0 0 2228224 0 0 33619968 0 0 268435456 0 0 469762048 3 0 0 35 0 0 7 0 0 48
is_linear=0
shrinkage=0.05


Tree=21
num_leaves=31
num_cat=3
split_feature=41 41 44 24 41 41 41 41 41 41 24 44 24 41 41 41 24 31 23 41 3 5 24 3 41 31 34 5 5 41
split_gain=7.08027e+06 290277 207527 77265.9 68243.7 64267.3 31357.8 14444.2 14306.2 10536.7 8816.25 6676.92 5596.93 4951.08 4299.37 3626.52 3041.93 2647.32 2207.26 2006.38 1857.24 1838.04 1808.41 1706.45 1666.2 1639.89 1430.65 1343.29 1275.59 1206.5
threshold=12.302085399627687 -4.4988756179809561 25.205570220947269 35.246505737304695 -10.586040973663328 3.8870520591735844 19.91494178771973 27.950841903686527 -14.793064117431639 -0.65928867459297169 38.663116455078132 -8.4182267189025861 11.574493408203127 23.010026931762699 16.727837562561039 26.309281349182132 29.137725830078129 42.088556289672859 36.092712402343757 29.539716720581058 352.42338562011724 0 33.062988281250007 4770.2922363281259 -7.0770857334136954 44.689151763916023 3.0225830078125004 1 2 -17.039490699768063
decision_type=2 2 2 2 2 2 2 2 2 2 2 2 2 2 2 2 2 2 2 2 2 9 2 2 2 2 2 9 9 2
left_child=1 4 6 7 8 9 14 15 29 17 19 25 -7 26 -2 -4 -9 -3 -12 -5 -15 -18 -23 -11 -13 -6 -8 -17 -21 -1
right_child=2 5 3 10 11 12 13 16 -10 23 18 24 -14 20 -16 27 21 -19 -20 28 -22 22 -24 -25 -26 -27 -28 -29 -30 -31
leaf_value=-0.7137066086783217 -0.08716639470757076 -0.36093095897963773 0.095340323059294477 0.16215533243887004 -0.47186190039740705 -0.2542319782641303 0.019376638234368332 0.1307526576909567 -0.56726720019951027 -0.31332193201308667 0.22645153998541942 -0.47406211103100926 -0.1731158043029323 0.093768468848632339 -0.025815055096058699 0.1341157518296055 0.12439975919665534 -0.40489423111643141 0.27990314407550698 0.20378886999895163 0.052119000215634183 0.14709584938489872 0.16798375125427037 -0.3695939254925007 -0.43296865739491691 -0.5304392514788755 0.064559705649829865 0.11502894556618584 0.16902665172741743 -0.63730931811660996
leaf_weight=2558 5055 7256 20300 6342 3256 3777 10821 35878 9172 9599 14050 5677 5194 5302 6575 14466 7694 9926 2492 14728 5510 44899 14371 2022 10213 4793 2085 37008 4721 2619
leaf_count=2558 5055 7256 20300 6342 3256 3777 10821 35878 9172 9599 14050 5677 5194 5302 6575 14466 7694 9926 2492 14728 5510 44899 14371 2022 10213 4793 2085 37008 4721 2619
internal_value=-0.000445196 -0.423269 0.127039 0.145342 -0.52034 -0.324766 0.0146905 0.130635 -0.607071 -0.361201 0.205963 -0.468121 -0.207513 0.0476617 -0.0525335 0.113374 0.142669 -0.386549 0.234668 0.187467 0.0726109 0.149033 0.152162 -0.323422 -0.447939 -0.507358 0.0267204 0.120466 0.195634 -0.676361
internal_weight=328359 76062 252297 216949 38288 37774 35348 174616 14349 28803 42333 23939 8971 23718 11630 71774 102842 17182 16542 25791 10812 66964 59270 11621 15890 8049 12906 51474 19449 5177
internal_count=328359 76062 252297 216949 38288 37774 35348 174616 14349 28803 42333 23939 8971 23718 11630 71774 102842 17182 16542 25791 10812 66964 59270 11621 15890 8049 12906 51474 19449 5177
cat_boundaries=0 29 51 73
cat_threshold=964 0 0 12288 0 0 0 0 0 0 0 0 0 0 0 408944640 0 0 3858759680 3 0 268435456 1 0 0 0 0 0 32 515 0 0 8368 0 0 133888 0 0 2121728 0 0 3801088 0 0 803209216 0 0 100663296 0 0 2147483648 8 0 0 128 0 0 2048 0 0 114688 0 0 3932160 0 0 29360128 0 0 218103808 0 0 4026531840
is_linear=0
shrinkage=0.05


Tree=22
num_leaves=31
num_cat=3
split_feature=41 41 44 24 41 41 44 41 41 23 44 24 24 41 41 44 41 31 29 5 29 5 31 41 3 29 3 25 41 5
split_gain=6.40159e+06 260122 186904 71453 64738.1 54341.4 27252 14330 13232.5 8510.99 7037.86 6829.36 5101.24 4818.24 3808.87 3668.76 2972.08 2431.46 2260.19 3306.11 2099.03 1927.9 1901.63 1853.75 1632.23 1612 1556.14 1432.85 1404.65 1243.56
threshold=12.302085399627687 -4.2117428779602042 25.046070098876957 35.516754150390632 -10.586040973663328 3.8870520591735844 19.999049186706547 27.800981521606449 -14.086885929107664 -0.33140182495117182 -7.6183691024780265 39.375885009765632 12.946563720703127 22.759197235107425 28.829327583312992 16.725761413574222 26.185997962951664 43.949886322021491 0.24861526489257815 0 0.54458999633789074 1 44.307559967041023 -17.039490699768063 3069.9426269531255 0.10907363891601564 352.42338562011724 3.0974940061569218 -7.0770857334136954 2
decision_type=2 2 2 2 2 2 2 2 2 2 2 2 2 2 2 2 2 2 2 9 2 9 2 2 2 2 2 2 2 9
left_child=1 4 6 7 8 9 15 16 23 17 22 18 24 27 -9 -2 -4 -3 29 -20 -11 -16 -6 -1 -7 -13 -15 -8 -12 -5
right_child=2 5 3 11 10 12 13 14 -10 20 28 25 -14 26 21 -17 -18 -19 19 -21 -22 -23 -24 -25 -26 -27 -28 -29 -30 -31
leaf_value=-0.67662302858247536 -0.088891090883138901 -0.33857753318825345 0.088850327444496086 0.20749619268959252 -0.44250843075297014 -0.20711979231840758 0.028850989163841736 0.12750334657200502 -0.53104744603941378 -0.27572255932581552 -0.44874131956260821 0.24133014619558027 -0.15704126871235197 0.08666985318079537 0.16331195625710082 -0.029537440902924528 0.11248253715999515 -0.3817719862639346 0.18516227890655965 0.10889826355951007 -0.32425919689087429 0.13919798304884903 -0.49620987921788445 -0.60164058082949734 -0.26988485303335447 0.19993273880531262 0.048160029314465641 -0.015984200356724244 -0.40722942514835314 0.17880445596840422
leaf_weight=2530 4442 6728 19192 9584 3943 2799 10383 68671 7953 4231 4272 8846 4138 5165 13261 6309 45492 9646 4208 2425 6877 32066 6321 3865 2008 3787 5436 2144 10685 10967
leaf_count=2530 4442 6728 19192 9584 3943 2799 10383 68671 7953 4231 4272 8846 4138 5165 13261 6309 45492 9646 4208 2425 6877 32066 6321 3865 2008 3787 5436 2144 10685 10967
internal_value=-0.000247057 -0.402525 0.120898 0.137841 -0.491328 -0.305955 0.011621 0.124329 -0.576592 -0.340835 -0.442613 0.198428 -0.19853 0.042191 0.135011 -0.0541205 0.105486 -0.364241 0.184101 0.157929 -0.306036 0.146354 -0.476031 -0.632315 -0.233844 0.229088 0.0669867 0.0211708 -0.419378 0.192467
internal_weight=328374 75996 252378 218499 39569 36427 33879 178682 14348 27482 25221 39817 8945 23128 113998 10751 64684 16374 27184 6633 11108 45327 10264 6395 4807 12633 10601 12527 14957 20551
internal_count=328374 75996 252378 218499 39569 36427 33879 178682 14348 27482 25221 39817 8945 23128 113998 10751 64684 16374 27184 6633 11108 45327 10264 6395 4807 12633 10601 12527 14957 20551
cat_boundaries=0 22 48 70
cat_threshold=8 0 0 128 0 0 7168 0 0 114688 0 0 8257536 0 0 97517568 0 0 16777216 0 0 268435456 8 0 0 128 0 0 2048 0 0 98304 0 0 41418752 0 0 17825792 0 0 419430400 0 0 1610612736 0 0 0 3 0 0 0 0 0 0 0 0 0 0 0 0 3932160 0 0 12582912 0 0 469762048 0 0 1610612736
is_linear=0
shrinkage=0.05


Tree=23
num_leaves=31
num_cat=1
split_feature=44 44 44 23 23 44 44 44 36 44 44 44 23 23 22 44 11 44 29 10 29 29 5 34 34 34 38 23 22 32
split_gain=5.75714e+06 221249 180728 62721.1 52990.6 38115.4 30942.6 13682.4 10428.3 8890.35 6304.74 5017.15 4599.62 4336.79 3791.82 3761.16 3489.55 3271.55 2951.21 2382.61 2265.99 2185.5 3718.5 2177.43 2108.43 1963.98 1882.94 1819.13 1637.84 1325.27
threshold=12.30927085876465 -5.3310043811798087 25.205570220947269 31.146133422851566 2.6059265136718754 -10.729990005493162 19.999049186706547 28.302018165588382 4.616260528564454 -1.3274037837982176 6.6762456893920907 -17.221073150634762 34.827194213867195 16.362854003906254 0.030040740966796878 26.879555702209476 1.5452696084976199 23.245703697204593 0.13201904296875003 3.9022407531738286 0.53411865234375011 0.1701622009277344 0 -5.1956787109374991 3.2438049316406254 -6.3255920410156241 2.6561725139617924 29.295207977294925 0.050067901611328132 658.53164672851574
decision_type=2 2 2 2 2 2 2 2 2 2 2 2 2 2 2 2 2 2 2 2 2 2 9 2 2 2 2 2 2 2
left_child=1 5 6 7 9 8 13 15 19 28 -6 -10 21 -2 -7 -4 27 24 -18 -1 -11 -5 -23 -22 -8 -13 -16 -9 -3 -19
right_child=2 4 3 12 10 14 17 16 11 20 -12 25 -14 -15 26 -17 18 29 -20 -21 23 22 -24 -25 -26 -27 -28 -29 -30 -31
leaf_value=-0.51247400083749861 -0.092485740492116039 -0.33939815511290555 0.089887513200028482 0.19649650577227598 -0.24795437880236892 -0.39696801782163871 0.012935967270199876 0.12479917098175297 -0.6393667296336516 -0.27893247970612145 -0.16889359216338096 -0.59649947565595696 0.2332318373003322 -0.030506981317880079 -0.43757246845775316 0.11247067246295737 0.19185854967928295 0.067393738704078471 0.13570115653901807 -0.43633079148508147 -0.35260257885460455 0.18478981968968322 0.11417991570700721 -0.29991704852820533 0.068944307870538166 -0.51955055212623846 -0.50016409745328327 0.14101063529761212 -0.37723183684218614 0.026877418109432699
leaf_weight=4621 4969 5672 25974 16794 5226 6468 9574 55701 2730 4692 5121 2034 6310 6552 9640 66165 4526 10315 5190 2080 4389 7565 2753 4994 2030 3831 2077 26468 11372 2532
leaf_count=4621 4969 5672 25974 16794 5226 6468 9574 55701 2730 4692 5121 2034 6310 6552 9640 66165 4526 10315 5190 2080 4389 7565 2753 4994 2030 3831 2077 26468 11372 2532
internal_value=0.000190903 -0.384758 0.114048 0.131221 -0.307417 -0.480424 0.0102305 0.119764 -0.539129 -0.340054 -0.209026 -0.577188 0.194251 -0.0572954 -0.430776 0.106115 0.133438 0.0420583 0.162031 -0.489524 -0.309792 0.185096 0.166368 -0.32491 0.022785 -0.547207 -0.449085 0.130038 -0.364848 0.0594355
internal_weight=328365 74947 253418 217446 41466 33481 35972 184024 15296 31119 10347 8595 33422 11521 18185 92139 91885 24451 9716 6701 14075 27112 10318 9383 11604 5865 11717 82169 17044 12847
internal_count=328365 74947 253418 217446 41466 33481 35972 184024 15296 31119 10347 8595 33422 11521 18185 92139 91885 24451 9716 6701 14075 27112 10318 9383 11604 5865 11717 82169 17044 12847
cat_boundaries=0 26
cat_threshold=8 0 0 128 0 0 6144 0 0 114688 0 0 8257536 0 0 99614720 0 0 16777216 0 0 268435456 0 0 0 4
is_linear=0
shrinkage=0.05


Tree=24
num_leaves=31
num_cat=3
split_feature=24 44 44 24 42 24 44 44 42 24 36 34 42 42 24 24 44 44 29 5 34 44 29 34 34 5 29 5 13 31
split_gain=5.19921e+06 189696 174520 60559.6 46297.9 29209.1 24528.7 15145.6 7658.58 7186.86 6404.92 6155.6 4899.44 4264.67 3814.39 3678.71 3276.56 2632.04 2455.34 2769.78 2389.83 2357.44 2220.07 2445.83 1733.07 1514.19 1470.34 1458.76 1396.05 1288.42
threshold=15.733947753906252 -5.9356224536895743 24.353796005249027 35.948089599609382 1.5958557128906252 -8.4123840332031232 18.237266540527347 27.594197273254398 -2.8926849365234371 10.346328735351564 5.6061744689941415 -12.952575683593748 34.518890380859382 29.295207977294925 25.608886718750004 -4.8883361816406241 26.071736335754398 -17.221073150634762 0.17272949218750003 0 3.2438049316406254 14.735501766204836 0.50317764282226574 -4.9598083496093741 -6.8556518554687491 1 0.75712203979492199 2 1.5587356686592104 46.524101257324226
decision_type=2 2 2 2 2 2 2 2 2 2 2 2 2 2 2 2 2 2 2 9 2 2 2 2 2 9 2 9 2 2
left_child=1 5 6 7 8 10 21 16 26 24 -1 -7 18 28 -8 -13 -4 -12 -5 -20 -16 -2 -10 -24 -6 -15 -3 -18 -9 -17
right_child=2 4 3 12 9 11 14 13 22 -11 17 15 -14 25 20 29 27 -19 19 -21 -22 -23 23 -25 -26 -27 -28 -29 -30 -31
leaf_value=-0.48001433879151056 -0.11075702051634717 -0.34583916956821459 0.07063037951716869 0.18298076080887365 -0.28580614431647561 -0.51436907019051026 -0.0079992201211746949 0.11458706407253515 -0.27847991300371117 -0.17145042591321555 -0.61495437711171297 -0.44810953421131033 0.21829767701421324 0.11132787266962685 0.028234614506066149 -0.37438868988392526 0.12018483912231748 -0.53334160965281996 0.17170504484333363 0.11152487943529872 0.082566164260858749 -0.056210643974517596 -0.34712847125853652 -0.29765943977434506 -0.23041943223304184 0.14305743201796126 -0.38459510487923565 0.09360492717582046 0.13967082854495044 -0.41567449837098125
leaf_weight=4242 3288 9224 15296 19242 2473 2027 6852 91841 5006 5125 2425 7110 7672 5200 12560 4946 6522 3694 5865 3244 2409 5079 5572 6116 4618 25203 5148 37310 6137 6529
leaf_count=4242 3288 9224 15296 19242 2473 2027 6852 91841 5006 5125 2425 7110 7672 5200 12560 4946 6522 3694 5865 3244 2409 5079 5572 6116 4618 25203 5148 37310 6137 6529
internal_value=0.000121112 -0.367838 0.10782 0.123059 -0.300093 -0.462376 -0.00501976 0.11164 -0.332578 -0.217278 -0.531668 -0.427305 0.18245 0.121293 0.0228916 -0.417537 0.0906623 -0.566636 0.172675 0.150729 0.0370276 -0.0777525 -0.308788 -0.321519 -0.250111 0.137753 -0.359979 0.0976352 0.116172 -0.398221
internal_weight=327975 74255 253720 223532 43282 30973 30188 187509 31066 12216 10361 20612 36023 128381 21821 18585 59128 6119 28351 9109 14969 8367 16694 11688 7091 30403 14372 43832 97978 11475
internal_count=327975 74255 253720 223532 43282 30973 30188 187509 31066 12216 10361 20612 36023 128381 21821 18585 59128 6119 28351 9109 14969 8367 16694 11688 7091 30403 14372 43832 97978 11475
cat_boundaries=0 22 54 80
cat_threshold=8 0 0 128 0 0 2048 0 0 114688 0 0 4063232 0 0 32505856 0 0 16777216 0 0 268435456 39 0 0 8192 0 0 163840 0 0 4096 0 0 8388608 0 0 408944640 0 0 3858759680 3 0 1073741824 1 0 0 6 0 0 0 0 0 256 775 0 0 12320 0 0 131072 0 0 2129920 0 0 1572864 0 0 33554432 0 0 1006632960 0 0 1073741824 0 0 0 6
is_linear=0
shrinkage=0.05


Tree=25
num_leaves=31
num_cat=3
split_feature=41 41 41 24 41 41 41 41 41 23 41 41 41 24 24 41 23 31 41 41 31 12 5 5 19 24 12 39 5 27
split_gain=4.69231e+06 174188 168617 56401.2 41905.5 26930 22348.9 15147.3 9399.29 6849.52 5600.35 4650.95 4199.1 3595.32 2804.9 2406.92 2202.92 2059.35 1844.68 1753.77 1658.3 1643 1424.26 1385.82 1301.27 1194.74 1163.45 1157.93 1076.78 1059.35
threshold=9.829355716705324 23.010026931762699 -7.0770857334136954 34.997100830078132 0.80439651012420665 -14.086885929107664 17.710202217102054 27.076436042785648 -3.1714777946472164 32.560810089111335 5.8450794219970712 -10.145450115203856 28.517932891845707 26.344085693359379 18.316314697265629 25.36297702789307 36.092712402343757 42.088556289672859 29.831440925598148 -17.039490699768063 49.43872261047364 2.3610454797744755 0 1 1.7622191905975344 -2.5108795166015621 1.6670452356338503 1.1959570050239565 2 1008.6564025878907
decision_type=2 2 2 2 2 2 2 2 2 2 2 2 2 2 2 2 2 2 2 2 2 2 9 9 2 2 2 2 9 2
left_child=2 6 5 7 8 19 14 15 20 18 -6 -7 -9 -8 -2 23 24 -10 29 -1 26 -20 -14 -3 -11 -22 -4 -24 -17 -5
right_child=1 3 4 9 10 11 13 12 17 16 -12 -13 22 -15 -16 28 -18 -19 21 -21 25 -23 27 -25 -26 -27 -28 -29 -30 -31
leaf_value=-0.58617154502718227 -0.11534592557895074 0.082060562373109325 -0.30591889380810999 0.14721856184686519 -0.24048350292081111 -0.45286054084723165 -0.0096440753316493263 0.1036946027556986 -0.27372316351846393 0.19124685761277915 -0.16745070382466934 -0.4006489308445853 0.14047346298568883 0.03363498915316817 -0.057910160467120497 0.10293301930218982 0.23262069699671867 -0.31290173022145862 0.15168668096468796 -0.51672866763430159 -0.40255151419898416 0.20042364025305909 0.11950775077427969 0.050238220739949949 0.16172466955485765 -0.35322572353995485 -0.34872960718514034 0.080425115733246066 0.0806232243455825 0.11125449315560637
leaf_weight=2526 3578 5573 3605 4258 8956 9201 8592 73815 6952 11849 3883 10588 9281 10849 5327 7955 2505 8985 13353 3814 2385 2117 51528 9588 6277 6900 5536 2056 22081 4430
leaf_count=2526 3578 5573 3605 4258 8956 9201 8592 73815 6952 11849 3883 10588 9281 10849 5327 7955 2505 8985 13353 3814 2385 2117 51528 9588 6277 6900 5536 2056 22081 4430
internal_value=-5.08933e-05 0.10131 -0.352504 0.115923 -0.295966 -0.454489 -0.0155397 0.103534 -0.324821 0.166195 -0.218543 -0.425141 0.111838 0.0145126 -0.0810912 0.0784037 0.187481 -0.295994 0.147947 -0.545276 -0.34958 0.158481 0.121382 0.0620693 0.181118 -0.366315 -0.332199 0.118001 0.0866253 0.12903
internal_weight=328343 255012 73331 226666 47202 26129 28346 181877 34363 44789 12839 19789 136680 19441 8905 45197 20631 15937 24158 6340 18426 15470 62865 15161 18126 9285 9141 53584 30036 8688
internal_count=328343 255012 73331 226666 47202 26129 28346 181877 34363 44789 12839 19789 136680 19441 8905 45197 20631 15937 24158 6340 18426 15470 62865 15161 18126 9285 9141 53584 30036 8688
cat_boundaries=0 26 55 77
cat_threshold=0 0 0 128 0 0 0 0 0 65536 0 0 37289984 0 0 17825792 0 0 419430400 0 0 1610612736 0 0 0 3 0 0 0 128 0 0 2048 0 0 0 0 0 12582912 0 0 772800512 0 0 2080374784 0 0 1342177280 0 0 0 0 0 0 16 0 0 0 384 0 0 4352 0 0 2109440 0 0 196608 0 0 267386880 0 0 1325400064 0 0 2147483648
is_linear=0
shrinkage=0.05


Tree=26
num_leaves=31
num_cat=0
split_feature=41 41 41 24 41 41 41 41 41 41 41 24 41 44 24 41 24 33 29 31 29 0 30 35 3 29 0 34 3 3
split_gain=4.24569e+06 175809 125505 47273.5 42504.5 37813.6 18443.4 9989.15 8192.68 6825.29 5027.4 4850.91 3653.34 3396.28 2660.48 2016.57 2003.96 1820.93 1771.13 1722.91 1706.39 1634.07 1593.82 1509.77 1457.07 1336.9 1302.62 1202.24 1186.49 1058.8
threshold=12.302085399627687 -4.4988756179809561 24.516304016113285 35.649932861328132 -12.228732109069822 3.8870520591735844 19.474234580993656 28.411783218383793 -8.1233038902282697 -1.0316247344017027 -15.832387924194334 39.629547119140632 8.6004199981689471 27.083209037780765 27.601791381835941 15.716941833496096 33.731613159179695 23.587008476257328 0.41485214233398443 43.594747543334968 0.24861526489257815 24.250000000000004 10.812500000000002 0.99706649780273449 785.43887329101574 0.10907363891601564 26.750000000000004 2.3038635253906254 4770.2922363281259 569.34155273437511
decision_type=2 2 2 2 2 2 2 2 2 2 2 2 2 2 2 2 2 2 2 2 2 2 2 2 2 2 2 2 2 2
left_child=1 4 6 7 10 9 15 13 -6 19 -1 20 22 29 24 -2 -9 27 -11 -3 -5 -22 -7 -10 -8 26 -13 -16 -20 -4
right_child=2 5 3 11 8 12 14 16 23 18 -12 25 -14 -15 17 -17 -18 -19 28 -21 21 -23 -24 -25 -26 -27 -28 -29 -30 -31
leaf_value=-0.53958775974513629 -0.075425347802011128 -0.2812219457304066 0.081404754648608954 0.15828241619607625 -0.4034638536215755 -0.15306126778355733 0.026869097695814373 0.11187750215185632 -0.33578834629341714 -0.21494532230979801 -0.46091049170154497 0.18424326778446243 -0.12401292363493288 0.097553043615761281 0.031393982338087732 -0.029248259167217346 0.133412654198548 0.083529293864130369 -0.25237362673776242 -0.3177879299445055 0.14607668233751445 0.09148991316761336 -0.21234559025455912 -0.37537457983085409 -0.014433768103077685 0.16249779992805816 0.22773100641009938 0.073683149306005974 -0.29991762114231152 0.054463881515347728
leaf_weight=3885 3753 6994 25581 20838 11956 2034 6491 61497 11537 2917 6379 4809 3847 74156 9994 6424 13522 2777 8024 8801 4239 2136 3113 4371 3172 3363 3230 2022 2013 4356
leaf_count=3885 3753 6994 25581 20838 11956 2034 6491 61497 11537 2917 6379 4809 3847 74156 9994 6424 13522 2777 8024 8801 4239 2136 3113 4371 3172 3363 3230 2022 2013 4356
internal_value=9.48099e-06 -0.32793 0.0986122 0.112675 -0.403696 -0.251304 0.010199 0.101845 -0.371303 -0.279327 -0.491187 0.162866 -0.16152 0.091795 0.0337339 -0.0463344 0.115776 0.0470571 -0.251732 -0.301785 0.151228 0.127959 -0.18926 -0.346894 0.01331 0.190486 0.201977 0.0385656 -0.262198 0.0775042
internal_weight=328231 75871 252360 217727 38128 37743 34633 179112 27864 28749 10264 38615 8994 104093 24456 10177 75019 14793 12954 15795 27213 6375 5147 15908 9663 11402 8039 12016 10037 29937
internal_count=328231 75871 252360 217727 38128 37743 34633 179112 27864 28749 10264 38615 8994 104093 24456 10177 75019 14793 12954 15795 27213 6375 5147 15908 9663 11402 8039 12016 10037 29937
is_linear=0
shrinkage=0.05


Tree=27
num_leaves=31
num_cat=0
split_feature=41 41 41 23 41 41 44 41 41 41 41 23 44 12 41 41 37 41 44 35 37 44 30 30 35 30 0 13 19 44
split_gain=3.8505e+06 159098 114340 43190.3 41900.2 31246.9 16611.5 9651.03 6732.73 6731.23 5919.52 3505.68 3445.8 3165.63 3107.74 2595.05 1885.01 1710.56 1509.19 1358.11 1338.19 1263.14 1262.33 1220.36 1208.81 1161.3 1018.63 932.037 921.086 1198.93
threshold=12.302085399627687 -5.6030323505401602 24.516304016113285 31.146133422851566 1.7639073729515078 -13.340123176574705 19.490671157836918 28.46556377410889 -9.3356332778930646 5.8450794219970712 -2.5815318822860713 34.827194213867195 27.083209037780765 2.6717183589935307 21.293244361877445 -17.039490699768063 0.049343109130859382 16.727837562561039 29.400375366210941 0.45442581176757818 -0.35420608520507807 -9.2434720993041974 2.5625000000000004 8.0625000000000018 2.0146369934082036 40.812500000000007 26.250000000000004 1.5864621400833132 1.4191390275955202 25.631882667541507
decision_type=2 2 2 2 2 2 2 2 2 2 2 2 2 2 2 2 2 2 2 2 2 2 2 2 2 2 2 2 2 2
left_child=1 5 6 7 10 15 17 12 -7 23 19 20 28 18 -8 -1 -16 -2 -9 -3 -5 -10 -11 -6 -12 -22 -27 -14 29 -4
right_child=2 4 3 11 9 8 14 13 21 22 24 -13 27 -15 16 -17 -18 -19 -20 -21 25 -23 -24 -25 -26 26 -28 -29 -30 -31
leaf_value=-0.53050455410815844 -0.068028245084964079 -0.28689457903876209 0.047017694531489872 0.13292521041325389 -0.1750562635520348 -0.39916161673536488 0.0037980727839250017 0.10429839137560759 -0.37602980615117471 -0.1022048615911561 -0.25032377396669597 0.19308763397020112 0.092099959990172744 0.16872736821263928 0.023440107465187661 -0.45909925850856842 0.056301759237642184 -0.025628204937683342 0.11991640687672687 -0.3213562374967649 0.17633144894511532 -0.33515249682787945 -0.15126209196321971 -0.22486886026834851 -0.28640194990215145 0.15632633331496448 0.11933081977745573 0.11618080463923308 0.093784135975524527 0.074927665696741225
leaf_weight=2585 4736 7177 4813 7690 2072 10593 7575 48966 3369 2036 11912 6336 74740 2348 7740 5183 10064 4808 23662 7363 6463 11284 4303 4314 3713 10497 2496 4405 4811 20648
leaf_count=2585 4736 7177 4813 7690 2072 10593 7575 48966 3369 2036 11912 6336 74740 2348 7740 5183 10064 4808 23662 7363 6463 11284 4303 4314 3713 10497 2496 4405 4811 20648
internal_value=-0.000295595 -0.312579 0.0934778 0.10694 -0.248956 -0.395134 0.00948428 0.0974431 -0.367759 -0.172619 -0.28109 0.159197 0.0879506 0.111283 0.0306295 -0.483513 0.0420369 -0.0467175 0.109403 -0.304555 0.151218 -0.344801 -0.135691 -0.209006 -0.259075 0.158377 0.149317 0.0934547 0.073534 0.0696723
internal_weight=328702 75904 252798 217875 42890 33014 34923 184393 25246 12725 30165 33482 109417 74976 25379 7768 17804 9544 72628 14540 27146 14653 6339 6386 15625 19456 12993 79145 30272 25461
internal_count=328702 75904 252798 217875 42890 33014 34923 184393 25246 12725 30165 33482 109417 74976 25379 7768 17804 9544 72628 14540 27146 14653 6339 6386 15625 19456 12993 79145 30272 25461
is_linear=0
shrinkage=0.05


Tree=28
num_leaves=31
num_cat=4
split_feature=41 41 41 42 41 41 41 41 42 42 41 42 12 41 29 41 42 31 22 29 5 29 35 5 5 41 29 25 5 12
split_gain=3.4621e+06 129118 127545 41304.8 31178.2 20600.2 17516.2 11365.9 5554.7 5174.96 3344.02 3247.37 3118.41 2934.4 2570.47 2445.72 2435.83 2267.28 1767.17 1657.02 2365.4 1628.8 1478.31 1447.18 1440.34 1393.16 1339.29 1336.87 1275.8 1184.96
threshold=9.829355716705324 23.234238624572757 -7.0770857334136954 31.011646270751957 1.0000000180025095e-35 -14.086885929107664 17.710202217102054 27.753051757812504 3.9728355407714848 -3.8005104064941402 -10.145450115203856 34.232566833496101 2.7813705205917363 25.928996086120609 0.25748825073242193 20.314286231994632 29.06977462768555 43.243053436279304 0.058650970458984382 0.078910827636718764 0 0.51329040527343761 0.44393539428710943 1 2 14.655217647552492 0.40995788574218756 3.1159666776657109 3 1.6828370690345766
decision_type=2 2 2 2 2 2 2 2 2 2 2 2 2 2 2 2 2 2 2 2 9 2 2 9 9 2 2 2 9 2
left_child=2 6 5 7 9 22 14 13 18 17 -7 19 16 24 -2 -8 -9 -4 -6 28 -21 -11 -1 -15 -3 -16 -10 -17 -5 -23
right_child=1 3 4 11 8 10 15 12 26 21 -12 -13 -14 23 25 27 -18 -19 -20 20 -22 29 -24 -25 -26 -27 -28 -29 -30 -31
leaf_value=-0.42893072651238395 -0.032195504057299595 0.076756864363145175 -0.27729331377869931 0.12736895994990668 -0.18469193390739913 -0.38917258399540217 -0.011337507408403185 0.093718822892198406 -0.12250590465449258 -0.23654402884205142 -0.34487101413568144 0.17628882995563974 0.15977771222004533 0.0943048963102876 -0.10897016176838455 0.033011662143198069 0.10905230800276844 -0.31961848204640875 -0.23429922571903777 0.14524429631549871 0.1027562016148498 -0.25134001504742426 -0.49224949136223961 0.075249034315612751 0.048604603421531695 -0.058561557548599222 -0.1740872448521959 -0.0059122499839853529 0.16911298454959708 -0.28839785129113765
leaf_weight=2286 2973 7176 6027 3257 2850 9185 6599 79357 2002 5195 10666 8913 2153 15150 3574 11422 39359 9397 6540 9761 5568 4623 4096 34164 13308 2293 4106 2730 7167 6462
leaf_count=2286 2973 7176 6027 3257 2850 9185 6599 79357 2002 5195 10666 8913 2153 15150 3574 11422 39359 9397 6540 9761 5568 4623 4096 34164 13308 2293 4106 2730 7167 6462
internal_value=-0.000272402 0.0868679 -0.302744 0.0997625 -0.253511 -0.391201 -0.0113238 0.0906251 -0.195119 -0.281984 -0.365555 0.149979 0.0999103 0.0745339 -0.070221 0.0137884 0.0988112 -0.30327 -0.219455 0.140808 0.13005 -0.261644 -0.470276 0.0811556 0.0585608 -0.0894021 -0.157408 0.0255041 0.156489 -0.273183
internal_weight=328359 254924 73435 225333 47202 26233 29591 190667 15498 31704 19851 34666 120869 69798 8840 20751 118716 15424 9390 25753 15329 16280 6382 49314 20484 5867 6108 14152 10424 11085
internal_count=328359 254924 73435 225333 47202 26233 29591 190667 15498 31704 19851 34666 120869 69798 8840 20751 118716 15424 9390 25753 15329 16280 6382 49314 20484 5867 6108 14152 10424 11085
cat_boundaries=0 22 48 77 106
cat_threshold=8 0 0 128 0 0 6144 0 0 114688 0 0 3670016 0 0 126877696 0 0 16777216 0 0 268435456 771 0 0 8336 0 0 131328 0 0 2125824 0 0 131072 0 0 804257792 0 0 1728053248 0 0 3221225472 0 0 0 5 0 0 0 128 0 0 2048 0 0 266240 0 0 196608 0 0 235929600 0 0 2097152000 0 0 1879048192 0 0 0 0 0 0 48 0 0 0 128 0 0 2048 0 0 98304 0 0 33751040 0 0 103809024 0 0 1073741824 0 0 2147483648 1 0 0 7 0 0 32
is_linear=0
shrinkage=0.05


Tree=29
num_leaves=31
num_cat=3
split_feature=41 41 41 24 41 41 24 41 24 41 41 30 24 41 42 33 5 24 22 5 5 41 42 31 36 16 24 34 40 26
split_gain=3.12592e+06 115296 112527 37764.7 25838.6 20960.4 14927.2 10168.9 5898.49 5049.15 4532.76 4276.26 2710.03 2534.72 2137.19 1889.9 2251.5 1750.81 1735.59 1715 1446.35 1380.29 1272.7 1101.51 1065.23 1042.34 920.407 904.646 1073.21 903.9
threshold=9.829355716705324 23.010026931762699 -6.455979347229003 34.383407592773445 0.80439651012420665 -14.086885929107664 22.214538574218754 26.86499118804932 38.663116455078132 -3.1714777946472164 -9.3356332778930646 1.8125000000000002 29.066390991210941 19.474234580993656 3.9728355407714848 23.688767433166507 0 18.316314697265629 0.024318695068359378 1 2 -17.039490699768063 36.092712402343757 49.070140838623054 0.25033950805664068 1.5374941825866701 -2.1814575195312496 3.1263122558593754 3.0096981525421147 4.2648091316223153
decision_type=2 2 2 2 2 2 2 2 2 2 2 2 2 2 2 2 9 2 2 9 9 2 2 2 2 2 2 2 2 2
left_child=2 6 5 7 9 21 17 20 15 23 -7 -6 -9 -8 -13 16 -5 -2 -11 -14 -3 -1 29 -4 -18 -17 -25 28 -15 -10
right_child=1 3 4 8 11 10 13 12 22 18 -12 14 19 27 -16 25 24 -19 -20 -21 -22 -23 -24 26 -26 -27 -28 -29 -30 -31
leaf_value=-0.4809254435493493 -0.092831644765743973 0.049308337829604337 -0.26723135091570599 0.060926275816594502 -0.12270860389279843 -0.36386951027676973 -0.020137908182588513 0.082151536151481436 0.16251063894605366 -0.21614236551787919 -0.31670604031757799 -0.21353705039417498 0.079466081754333256 0.0097217819691758078 -0.16535732262152894 0.11294552128822409 0.088249156122948605 -0.047234488072191813 -0.2536809921036362 0.0999829896319262 0.069129767679809939 -0.42124014845617047 0.19108033180279796 -0.33061478786560633 0.12976606043067804 0.13539989266776975 -0.28507256692892302 0.051957226793796177 0.046670960286101876 0.13573991661397047
leaf_weight=2533 3765 16133 7776 2630 2836 11836 4763 61667 7879 5174 10679 5755 13152 10431 4288 8216 2407 4862 10699 61449 22970 3804 2482 2062 4934 16524 5911 2114 2414 6186
leaf_count=2533 3765 16133 7776 2630 2836 11836 4763 61667 7879 5174 10679 5755 13152 10431 4288 8216 2407 4862 10699 61449 22970 3804 2482 2062 4934 16524 5911 2114 2414 6186
internal_value=-9.1731e-05 0.0826584 -0.287706 0.0945494 -0.237733 -0.364676 -0.0124014 0.0835051 0.132312 -0.262101 -0.34165 -0.177747 0.0899591 0.0115992 -0.193151 0.120507 0.101825 -0.0672185 -0.241589 0.0964011 0.0609969 -0.445817 0.156989 -0.282608 0.116134 0.127992 -0.29725 0.021711 0.0166967 0.150841
internal_weight=328331 254978 73353 226629 44501 28852 28349 175371 51258 31622 22515 12879 136268 19722 10043 34711 9971 8627 15873 74601 39103 6337 16547 15749 7341 24740 7973 14959 12845 14065
internal_count=328331 254978 73353 226629 44501 28852 28349 175371 51258 31622 22515 12879 136268 19722 10043 34711 9971 8627 15873 74601 39103 6337 16547 15749 7341 24740 7973 14959 12845 14065
cat_boundaries=0 26 55 87
cat_threshold=0 0 0 64 0 0 0 0 0 0 0 0 16908288 0 0 409993216 0 0 4060086272 3 0 4026531840 1 0 0 7 964 0 0 12288 0 0 1024 0 0 16384 0 0 16777216 0 0 417333248 0 0 3321888768 3 0 268435456 0 0 0 0 0 0 32 24 0 0 4160 0 0 0 0 0 622592 0 0 54263808 0 0 826277888 0 0 2197815296 3 0 536870912 35 0 0 15 0 0 32 0 0 256
is_linear=0
shrinkage=0.05


Tree=30
num_leaves=31
num_cat=6
split_feature=24 41 41 24 41 41 24 41 41 24 24 41 41 41 5 5 13 31 10 12 24 5 5 5 5 42 37 37 22 31
split_gain=2.82765e+06 107328 96121.3 32628.8 30410.5 16631.4 15260.7 6981.59 5661.02 4806.68 4482.26 2711.6 2418.21 2205.8 2006.32 1550.98 1555.58 1527.01 1428.6 1418.93 1373.77 1371.32 1351.45 1337.23 1220.11 1136.29 981.12 878.886 868.397 859.742
threshold=15.733947753906252 -7.0770857334136954 24.117399215698246 34.997100830078132 0.80439651012420665 -14.086885929107664 23.614379882812504 27.97304725646973 -2.8739511966705318 10.346328735351564 39.117706298828132 -10.145450115203856 21.293244361877445 15.716941833496096 0 1 2.1100847721099858 40.23175239562989 1.3003467917442324 3.9652469158172612 -0.90292358398437489 2 3 4 5 36.092712402343757 -0.50091934204101551 -0.41185760498046869 0.1902580261230469 36.680400848388679
decision_type=2 2 2 2 2 2 2 2 2 2 2 2 2 2 9 9 2 2 2 2 2 9 9 9 9 2 2 2 2 2
left_child=1 5 6 7 8 19 13 14 20 22 21 -7 -8 -2 -4 16 -9 -10 23 -1 29 -5 28 -14 -17 27 -13 -12 -6 -3
right_child=2 4 3 10 9 11 12 15 17 -11 25 26 18 -15 -16 24 -18 -19 -20 -21 -22 -23 -24 -25 -26 -27 -28 -29 -30 -31
leaf_value=-0.402968300208501 -0.074446360445330317 -0.2543780278102199 0.059094813442033767 0.12664725969609011 -0.17341641767887503 -0.35078050655930887 0.0011476415634033719 0.096944954208905559 -0.20676334113167241 -0.12424138892772335 0.12081243199164121 -0.33504501321899038 0.083536431709520978 -0.027675155529122249 0.076285743503999956 0.049428510414829527 0.14276437838441031 -0.2419171436917163 0.022684173919231752 -0.46469879859490287 -0.25802289435081549 0.1032647345489691 -0.15478361201541949 0.033668553408144127 0.087275494769888481 0.1844785654329302 -0.29754487395668011 0.15410483250011342 -0.21743822598082119 -0.29914369128036794
leaf_weight=4317 4977 2006 27657 20053 2056 9194 8416 27171 5971 5007 2893 3722 2322 5136 47345 2343 2033 8473 9505 2062 12283 10825 3031 3339 68781 2501 6963 8650 3729 5630
leaf_count=4317 4977 2006 27657 20053 2056 9194 8416 27171 5971 5007 2893 3722 2322 5136 47345 2343 2033 8473 9505 2062 12283 10825 3031 3339 68781 2501 6963 8650 3729 5630
internal_value=-0.000181603 -0.271145 0.0792582 0.0912895 -0.226731 -0.35253 0.000610135 0.0815388 -0.251962 -0.163872 0.12932 -0.329516 0.0226452 -0.0507439 0.0699734 0.0901769 0.100148 -0.227538 0.0345661 -0.423619 -0.269551 0.11856 -0.186214 0.054441 0.086043 0.152874 -0.310909 0.145873 -0.201771 -0.287732
internal_weight=328391 74444 253947 220252 48186 26258 33695 175330 34363 13823 44922 19879 23582 10113 75002 100328 29204 14444 15166 6379 19919 30878 8816 5661 71124 14044 10685 11543 5785 7636
internal_count=328391 74444 253947 220252 48186 26258 33695 175330 34363 13823 44922 19879 23582 10113 75002 100328 29204 14444 15166 6379 19919 30878 8816 5661 71124 14044 10685 11543 5785 7636
cat_boundaries=0 32 58 84 116 142 165
cat_threshold=16 0 0 64 0 0 17408 0 0 1966080 0 0 65077248 0 0 806354944 0 0 2164260864 3 0 805306368 35 0 0 7 0 0 48 0 0 256 0 0 0 416 0 0 6656 0 0 2195456 0 0 41680896 0 0 554696704 0 0 419430400 0 0 3758096384 0 0 0 7 8 0 0 0 0 0 2048 0 0 114688 0 0 3932160 0 0 29360128 0 0 486539264 0 0 1610612736 0 0 0 1 0 0 0 0 0 0 0 0 0 0 0 0 0 0 0 0 0 0 0 0 0 0 14 0 0 1008 0 0 12336 0 0 2048 0 0 0 0 0 0 1024 0 0 0 0 0 0 0 0 801112064 0 0 2013265920 0 0 3221225472 1 0 0 4 256 0 0 0 0 0 0 0 0 0 0 0 0 0 0 6291456 0 0 3288334336 1 0 0 1
is_linear=0
shrinkage=0.05


Tree=31
num_leaves=31
num_cat=5
split_feature=41 41 41 23 41 41 24 41 23 24 41 5 33 12 29 21 29 22 24 41 5 41 5 23 29 5 13 5 40 25
split_gain=2.54994e+06 106815 75680.6 28361.3 27164.1 21875.4 12378.5 6161.17 4518.58 4463.08 4139.87 2919.02 2686.31 2578.4 2532.28 2904.77 2255.84 2063.74 1977.97 1762.28 1679.07 1618.34 1456.47 1425.29 1337.57 1258.44 1098.52 1095.39 1068.29 1023.88
threshold=12.302085399627687 -4.2117428779602042 24.883111000061039 31.146133422851566 -11.662373065948485 4.7287719249725351 25.183563232421879 28.46556377410889 1.0000000180025095e-35 -4.8883361816406241 -15.832387924194334 0 22.390463829040531 2.4100499153137211 0.078910827636718764 1.7281050682067873 0.32989501953125006 0.012874603271484377 21.374282836914066 26.58761024475098 1 22.759197235107425 2 33.798725128173835 0.45816421508789068 3 1.8678429722785952 4 2.7662186622619633 3.1159666776657109
decision_type=2 2 2 2 2 2 2 2 2 2 2 9 2 2 2 2 2 2 2 2 9 2 9 2 2 9 2 9 2 2
left_child=1 4 6 7 10 8 18 19 17 11 -1 -6 -11 27 20 23 -7 -3 -2 22 -5 29 -4 -16 -10 -21 -17 -9 -29 -8
right_child=2 5 3 14 9 16 21 13 24 12 -12 -13 -14 -15 15 26 -18 -19 -20 25 -22 -23 -24 -25 -26 -27 -28 28 -30 -31
leaf_value=-0.42007284853918575 -0.054594699408319694 -0.19830888571542712 0.085006815924851681 0.15996019532083816 -0.37165307100312245 -0.073854268798418762 0.024646534104396003 0.10529355649285416 -0.15797298839309448 -0.29788406024365804 -0.35275859701634982 -0.29179167744849521 -0.25753992860204161 0.13183782134550731 0.11931776324879213 0.056602152247796772 -0.13438957046326236 -0.23910372168601224 -0.013881839494687923 0.088942167546221307 0.12398939529112624 0.043766693357764397 0.053442770245961217 0.15801111974480503 -0.19824945883911982 0.07255611459189551 0.10660913235712551 0.087521650311435967 0.052773109314981796 -0.01327453298865253
leaf_weight=3881 5010 4629 4696 8883 2337 2196 10460 9372 3165 6920 7781 5143 13481 3690 10367 2230 5514 12913 7377 15062 6405 12215 18593 3267 8038 68299 2250 59301 2354 2138
leaf_count=3881 5010 4629 4696 8883 2337 2196 10460 9372 3165 6920 7781 5143 13481 3690 10367 2230 5514 12913 7377 15062 6405 12215 18593 3267 8038 68299 2250 59301 2354 2138
internal_value=-0.000297343 -0.254137 0.0762718 0.0876758 -0.31108 -0.192301 0.0104266 0.0798694 -0.212379 -0.28401 -0.375501 -0.318092 -0.271364 0.0908971 0.130027 0.117175 -0.117266 -0.228458 -0.0303792 0.0721358 0.145167 0.0308014 0.0599005 0.128699 -0.187022 0.0755465 0.0818988 0.0887519 0.0861897 0.0182055
internal_weight=327967 75998 251969 214769 39543 36455 37200 181367 28745 27881 11662 7480 20401 74717 33402 18114 7710 17542 12387 106650 15288 24813 23289 13634 11203 83361 4480 71027 61655 12598
internal_count=327967 75998 251969 214769 39543 36455 37200 181367 28745 27881 11662 7480 20401 74717 33402 18114 7710 17542 12387 106650 15288 24813 23289 13634 11203 83361 4480 71027 61655 12598
cat_boundaries=0 29 55 74 100 126
cat_threshold=0 0 0 0 0 0 0 0 0 0 0 0 0 0 0 0 0 0 0 0 0 0 26 0 0 768 0 0 128 0 0 0 0 0 0 0 0 0 0 0 0 3932160 0 0 0 0 0 251658240 0 0 1879048192 0 0 0 3 0 0 0 128 0 0 4096 0 0 4096 0 0 0 0 0 133169152 0 0 2130706432 0 0 0 48 0 0 133632 0 0 3153920 0 0 37093376 0 0 635437056 0 0 788529152 0 0 3221225472 0 0 0 4 0 0 0 0 0 0 0 0 0 65536 0 0 3997696 0 0 50331648 0 0 402653184 0 0 536870912 0 0 0 2
is_linear=0
shrinkage=0.05


Tree=32
num_leaves=31
num_cat=0
split_feature=24 42 24 24 42 24 24 42 29 27 36 27 24 43 31 24 19 42 27 24 24 34 13 32 42 29 29 24 27 34
split_gain=2.29919e+06 85312.6 82448 29311.5 15457.4 14156.7 10690.9 8053.25 4835.02 4486.62 4390.21 3569.64 2896.96 2793.35 2545.42 2383.18 2095.93 2108.97 2036.92 2022.14 1976.27 1945.08 1701.82 1672.16 1498.18 1193.08 1192.34 1107.34 1102.01 993.852
threshold=14.392944335937502 23.175521850585941 -1.2328491210937498 34.383407592773445 0.75207901000976574 -9.1017456054687482 23.614379882812504 27.10654449462891 0.19035720825195315 1010.902557373047 4.616260528564454 1011.4402770996095 39.912353515625007 4.4799168109893808 36.278549194335945 2.0663146972656254 1.8392676115036013 31.146133422851566 1008.8809509277345 18.316314697265629 -4.4347076416015616 3.8296813964843754 1.750714182853699 75.910278320312514 25.699066162109379 1.0000000180025095e-35 0.41485214233398443 27.815414428710941 1009.3750305175782 -3.0223083496093746
decision_type=2 2 2 2 2 2 2 2 2 2 2 2 2 2 2 2 2 2 2 2 2 2 2 2 2 2 2 2 2 2
left_child=2 6 5 7 11 10 19 24 12 -7 -1 -4 22 26 -11 29 17 -10 -9 -2 -16 27 28 -12 25 -3 -6 -8 -5 -13
right_child=1 3 4 8 13 9 21 18 16 14 23 15 -14 -15 20 -17 -18 -19 -20 -21 -22 -23 -24 -25 -26 -27 -28 -29 -30 -31
leaf_value=-0.30706385689411775 -0.079968639326348373 0.06745670064863217 -0.26913715306293617 0.11566184719348493 -0.13899599605505517 -0.34820558739075758 -0.002466331354512733 0.085706665796884157 0.077736278898254269 -0.24322534730745904 -0.35023854708281638 -0.24607694386093329 0.150260965749692 -0.1250806594275688 -0.30896480073286908 -0.19727479066986051 0.058663220690738531 0.1183268703983511 0.072583847524672326 -0.035494550033287331 -0.26980129577999473 0.058722972323002366 0.13779850010889436 -0.41100986838042486 0.060130102799358633 0.035179805330385748 -0.18426341241965677 0.030479039091005272 0.087964007695517099 -0.21563962183698826
leaf_weight=2897 3833 3599 3672 14073 2101 2748 9383 46767 5655 4627 2665 6025 8417 4744 6974 11245 3768 7681 82998 7736 8144 2059 6870 3587 29631 14241 6625 3492 5090 7041
leaf_count=2897 3833 3599 3672 14073 2101 2748 9383 46767 5655 4627 2665 6025 8417 4744 6974 11245 3768 7681 82998 7736 8144 2059 6870 3587 29631 14241 6625 3492 5090 7041
internal_value=-0.000101878 0.0706921 -0.247334 0.0805293 -0.200841 -0.30816 -0.0142266 0.0708691 0.11372 -0.286449 -0.361167 -0.222086 0.124544 -0.156576 -0.277682 -0.214871 0.091858 0.101186 0.0773195 -0.0502859 -0.28806 0.0137225 0.116175 -0.385706 0.0532237 0.0417254 -0.173536 0.00648594 0.108355 -0.229852
internal_weight=328388 255293 73095 228790 41453 31642 26503 177236 51554 22493 9149 27983 34450 13470 19745 24311 17104 13336 129765 11569 15118 14934 26033 6252 47471 17840 8726 12875 19163 13066
internal_count=328388 255293 73095 228790 41453 31642 26503 177236 51554 22493 9149 27983 34450 13470 19745 24311 17104 13336 129765 11569 15118 14934 26033 6252 47471 17840 8726 12875 19163 13066
is_linear=0
shrinkage=0.05


Tree=33
num_leaves=31
num_cat=0
split_feature=41 44 41 44 41 41 41 29 41 24 24 21 42 24 34 41 44 44 15 21 34 30 18 30 29 11 27 29 12 31
split_gain=2.07639e+06 77866.4 76439.1 24337.8 20155.8 14231.9 11707.4 4748.17 4183.5 4106.55 3033.76 2637.21 2259.53 2074.56 1973.49 1960.68 1819.49 1776.78 1469.04 1314.81 1265.05 1249.25 1192.5 1161.94 1158.32 1267.1 1152.07 1137.53 1130.62 1105.11
threshold=9.829355716705324 25.046070098876957 -7.4007961750030509 29.690262794494632 -0.65928867459297169 19.04447174072266 -14.086885929107664 0.1374320983886719 27.732185363769535 8.6753234863281268 1.0000000180025095e-35 1.7281050682067873 32.258152008056648 41.400421142578132 3.1263122558593754 14.655217647552492 -10.215592861175535 22.724931716918949 2.0938524007797246 1.5548930168151858 -4.4739379882812491 856.56250000000011 1.4214527010917666 2.1875000000000004 0.52381134033203136 1.8091529011726382 1010.9466857910157 0.39600753784179693 3.9652469158172612 43.243053436279304
decision_type=2 2 2 2 2 2 2 2 2 2 2 2 2 2 2 2 2 2 2 2 2 2 2 2 2 2 2 2 2 2
left_child=2 5 6 8 10 15 28 13 -3 20 29 12 -9 22 17 27 -8 -7 -10 -16 -6 -13 -5 -11 -12 -26 -18 -2 -1 -4
right_child=1 3 4 7 9 14 16 11 18 23 24 21 -14 -15 19 -17 26 -19 -20 -21 -22 -23 -24 -25 25 -27 -28 -29 -30 -31
leaf_value=-0.34672488880542462 -0.040836365050479419 0.058592225652281019 -0.21826995690118445 0.095441142500652609 -0.19544956268156022 -0.003209400624444358 -0.30188859447355182 0.089918509147396908 0.073717667983399154 -0.091721295646935347 -0.19194223556112289 0.080530148385995037 0.12623443590497699 0.15562354310670523 0.020407408485785643 -0.028360396243066927 -0.30457060404653546 0.026647318971251988 0.10029327840257288 0.074924192999417355 -0.16001747200915992 0.028783387838926356 0.12289842826610226 -0.13820668778039258 -0.20314267236556405 -0.2398879868515659 -0.25705289541576071 -0.089880486000900581 -0.40130431097966118 -0.25313500656275245
leaf_weight=4325 2009 60706 4066 5376 4435 8574 9282 15587 98196 2083 7063 2810 6040 4111 2002 6450 2036 11881 5570 2489 7264 2017 17785 4354 6026 4887 7185 2965 2047 8484
leaf_count=4325 2009 60706 4066 5376 4435 8574 9282 15587 98196 2083 7063 2810 6040 4111 2002 6450 2036 11881 5570 2489 7264 2017 17785 4354 6026 4887 7185 2965 2047 8484
internal_value=-0.000296609 0.0673081 -0.234306 0.0785975 -0.197776 -0.000424469 -0.305659 0.107823 0.0690449 -0.155839 -0.222632 0.0926397 0.100114 0.122511 0.0207409 -0.0466198 -0.285086 0.014137 0.0751537 0.050721 -0.173605 0.0590116 0.116569 -0.12333 -0.208969 -0.219802 -0.267863 -0.0701932 -0.36486 -0.242022
internal_weight=328105 254568 73537 218198 48662 36370 24875 53726 164472 18136 30526 26454 21627 27272 24946 11424 18503 20455 103766 4491 11699 4827 23161 6437 17976 10913 9221 4974 6372 12550
internal_count=328105 254568 73537 218198 48662 36370 24875 53726 164472 18136 30526 26454 21627 27272 24946 11424 18503 20455 103766 4491 11699 4827 23161 6437 17976 10913 9221 4974 6372 12550
is_linear=0
shrinkage=0.05


Tree=34
num_leaves=31
num_cat=7
split_feature=24 24 43 24 24 24 24 36 43 27 24 24 5 27 28 24 27 5 5 31 5 24 32 5 5 13 31 5 37 27
split_gain=1.87475e+06 78213.4 49419.1 20726.2 17924.5 14114 13159.5 5445.36 3968.83 3797.2 3578.31 3223.3 2746.89 2615.66 2249.94 2187.14 1869.24 1804.98 1736.49 1574.82 1559.24 1474.05 1467.8 1531.53 1405.73 1404.21 1189.1 1122.66 998.716 948.201
threshold=17.061569213867191 -0.59298706054687489 25.611124038696293 35.948089599609382 8.0010070800781268 -7.7325897216796866 25.183563232421879 4.1956901550292978 28.420286178588871 1009.8865661621095 30.183380126953129 3.9516906738281254 0 1013.526092529297 1009.3746948242189 40.928985595703132 1010.994354248047 1 2 26.652230262756351 3 -3.2205047607421871 599.48553466796886 4 5 2.1338194608688359 37.46087837219239 6 -0.96649932861328114 1008.8497009277345
decision_type=2 2 2 2 2 2 2 2 2 2 2 2 9 2 2 2 2 9 9 2 9 2 2 9 9 2 2 9 2 2
left_child=1 5 6 8 11 7 18 -1 20 -7 22 13 -9 -3 -6 27 -13 -10 -2 -11 -4 -21 23 -8 -15 -19 -12 28 -5 -22
right_child=2 4 3 15 14 9 10 12 17 19 26 16 -14 24 -16 -17 -18 25 -20 21 29 -23 -24 -25 -26 -27 -28 -29 -30 -31
leaf_value=-0.26750059714794616 -0.056294038303167329 -0.2449119881420134 0.070842989027100692 0.0803111297163277 -0.15158767525482361 -0.31337491659553807 0.052501535432618512 -0.38471918317456921 0.055152455915122245 -0.20396230318350331 0.095520258994338969 -0.21455025548724793 -0.31172086192160176 -0.21569832092723745 -0.099503435214052791 0.1367408375998099 -0.16017101016407789 0.078193001360013448 -0.015251395159990265 -0.26375423059251851 0.068080019207171258 -0.23252818450159812 3.485356153716813e-05 0.019283568387462466 -0.18093974191337525 0.12035190027076702 0.051066463125486176 0.092424524426494722 0.11799945445954584 0.05395032784349281
leaf_weight=3770 3580 3367 30809 2115 2979 2304 5310 3285 8950 2532 2024 2021 4727 6336 7305 6267 9634 63918 9211 9313 15516 8378 5186 10137 9753 2066 6067 13314 14160 53552
leaf_count=3770 3580 3367 30809 2115 2979 2304 5310 3285 8950 2532 2024 2021 4727 6336 7305 6267 9634 63918 9211 9313 15516 8378 5186 10137 9753 2066 6067 13314 14160 53552
internal_value=-0.000301096 -0.218496 0.0652062 0.0750316 -0.172148 -0.274351 0.0153414 -0.319063 0.0679209 -0.250834 0.0341232 -0.191087 -0.342961 -0.203759 -0.114723 0.10967 -0.169776 0.0766344 -0.0268295 -0.243558 0.0613765 -0.249106 0.0230527 0.0307755 -0.195 0.079519 0.062291 0.103892 0.113085 0.0571257
internal_weight=327886 75704 252182 210667 41395 34309 41515 11782 174811 22527 28724 31111 8012 19456 10284 35856 11655 74934 12791 20223 99877 17691 20633 15447 16089 65984 8091 29589 16275 69068
internal_count=327886 75704 252182 210667 41395 34309 41515 11782 174811 22527 28724 31111 8012 19456 10284 35856 11655 74934 12791 20223 99877 17691 20633 15447 16089 65984 8091 29589 16275 69068
cat_boundaries=0 32 64 96 122 144 176 198
cat_threshold=0 0 0 0 0 0 0 0 0 0 0 0 0 0 0 0 0 0 0 0 0 0 2 0 0 768 0 0 1920 0 0 49152 964 0 0 12288 0 0 131072 0 0 0 0 0 0 0 0 408944640 0 0 3288334336 0 0 268435456 1 0 0 4 0 0 32 0 0 256 0 0 0 0 0 0 0 0 0 0 0 0 0 0 0 0 0 0 0 0 0 0 16 0 0 9 0 0 12656 0 0 76032 7 0 0 12336 0 0 197376 0 0 2207744 0 0 35520512 0 0 603979776 0 0 1006632960 0 0 3221225472 0 0 0 6 0 0 0 0 0 0 0 0 0 0 0 0 7536640 0 0 267386880 0 0 1728053248 0 0 268435456 0 0 0 0 0 0 0 0 0 0 0 0 0 0 0 0 0 0 0 0 0 0 2 0 0 9 0 0 4064 0 0 49152 0 0 0 0 0 0 2048 0 0 49152 0 0 3932160 0 0 29360128 0 0 201326592 0 0 536870912
is_linear=0
shrinkage=0.05


Tree=35
num_leaves=31
num_cat=0
split_feature=24 41 41 41 41 41 41 41 29 41 27 18 24 33 7 29 30 29 33 24 41 29 15 12 1 38 33 29 10 1
split_gain=1.6976e+06 65899.1 62317.2 21721 14929.1 10925 8477.32 5557.77 3836.72 3161.47 2358.54 2197.13 2160.32 1873.57 1838.15 1708.34 1664.72 1617.76 1557.63 1342.28 1281.92 1214.4 1185.87 1169.66 1165.93 1156.86 1137.08 1130.45 1128.64 1106.59
threshold=14.392944335937502 23.010026931762699 -7.0770857334136954 29.92176723480225 -0.65928867459297169 -14.086885929107664 17.710202217102054 27.076436042785648 0.24861526489257815 4.7287719249725351 1008.7241516113282 2.315176367759705 0.30087280273437506 24.236736297607425 1.5000000000000002 0.38719177246093756 1741.9375000000002 0.40050125122070318 23.978303909301761 26.606475830078129 -17.039490699768063 0.34320449829101568 1.191550135612488 3.9652469158172612 83.250000000000014 -1.7527437210083006 23.654208183288578 0.73760604858398449 1.3117021918296816 89.750000000000014
decision_type=2 2 2 2 2 2 2 2 2 2 2 2 2 2 2 2 2 2 2 2 2 2 2 2 2 2 2 2 2 2
left_child=2 6 5 7 12 20 15 26 16 21 17 27 14 23 -4 -2 -5 22 -14 -8 -1 -6 -9 25 -12 -7 -3 -10 -21 -20
right_child=1 3 4 8 9 13 19 10 11 -11 24 -13 18 -15 -16 -17 -18 -19 29 28 -22 -23 -24 -25 -26 -27 -28 -29 -30 -31
leaf_value=-0.36363918658939104 -0.028614022767598044 0.042198962066432574 -0.24721245537069844 0.11474146042676457 -0.11946369831764632 -0.29577473284160954 -0.0060113979901225308 0.076468092699250798 0.094944336096178222 -0.10733057529478124 0.067815217953982196 0.031504464314651086 -0.2070110371552123 -0.23424352020304562 -0.20306185526730652 -0.071824425046696672 0.076676958498689385 0.066320449113341465 -0.18539880459282054 0.04222073079199759 -0.31038674834315083 -0.16195378785421388 0.099609157714685384 -0.30609126760019101 0.056339080171580819 -0.25059406288762215 0.059690926220668433 0.05534695786023687 0.007640430527063956 -0.14645009458653988
leaf_weight=2521 4546 33761 3676 27571 2175 2204 9218 14770 9454 4962 47300 2096 6740 7364 8783 4639 3302 21323 7118 3719 3787 10686 9195 2075 42632 8307 12945 2291 6441 2817
leaf_count=2521 4546 33761 3676 27571 2175 2204 9218 14770 9454 4962 47300 2096 6740 7364 8783 4639 3302 21323 7118 3719 3787 10686 9195 2075 42632 8307 12945 2291 6441 2817
internal_value=-0.000277282 0.0606119 -0.212496 0.0696314 -0.177924 -0.274229 -0.0109551 0.0619507 0.100861 -0.1417 0.0670906 0.0788575 -0.200028 -0.255739 -0.216276 -0.0504924 0.110696 0.0764253 -0.187765 0.00780154 -0.332211 -0.154866 0.0853848 -0.26812 0.0623819 -0.26034 0.0470588 0.0872741 0.0203274 -0.174514
internal_weight=328418 255203 73215 226640 46957 26258 28563 181926 44714 17823 135220 13841 29134 19950 12459 9185 30873 45288 16675 19378 6308 12861 23965 12586 89932 10511 46706 11745 10160 9935
internal_count=328418 255203 73215 226640 46957 26258 28563 181926 44714 17823 135220 13841 29134 19950 12459 9185 30873 45288 16675 19378 6308 12861 23965 12586 89932 10511 46706 11745 10160 9935
is_linear=0
shrinkage=0.05


Tree=36
num_leaves=31
num_cat=7
split_feature=24 44 44 23 44 24 44 36 44 27 34 29 27 35 10 34 13 24 34 29 5 29 5 29 5 25 5 5 5 5
split_gain=1.52716e+06 63544.8 47450 17225.3 15282 12686.2 7828.66 5046.91 4109.2 2513.91 2341.22 2279.33 1936.53 1903.27 1892.25 1819.4 1783.36 1758.98 1709.07 1675.37 2701.83 1582.63 1553.77 1518.43 1263.96 1198.94 1131.32 1117.1 1099.69 992.369
threshold=17.061569213867191 -4.1301672458648673 25.497763633728031 31.146133422851566 -10.729990005493162 8.6753234863281268 20.482345581054691 4.5275688171386728 28.281007766723636 1009.7252502441407 -5.7039489746093741 0.57664871215820324 1026.8220214843752 2.0985603332519536 2.9201457500457768 -5.9568176269531241 1.7980015873908999 3.2936706542968754 2.0792236328125004 0.16446304321289065 0 0.097309112548828139 1 0.12348937988281251 2 2.9892323017120366 3 4 5 6
decision_type=2 2 2 2 2 2 2 2 2 2 2 2 2 2 2 2 2 2 2 2 9 2 9 2 9 2 9 9 9 9
left_child=1 4 6 8 7 10 23 12 24 -6 11 -3 -1 -11 29 -7 27 -12 25 22 -21 -18 -5 -2 -4 -8 -25 -10 -20 -9
right_child=2 5 3 19 9 15 18 14 16 13 17 -13 -14 -15 -16 -17 21 -19 28 20 -22 -23 -24 26 -26 -27 -28 -29 -30 -31
leaf_value=-0.26596872738813254 0.00023673988229651742 -0.15363519877402215 0.067123106434638355 0.12334813235587549 -0.26586690543056063 -0.13606333307966872 0.020371040282836823 -0.31190826754384987 0.053153970475517544 -0.20287791064614066 -0.17068216000967451 -0.20268813334296698 -0.20468530206779345 -0.24393051863903181 -0.33456827151780733 -0.084180910305002854 0.1236162014197546 -0.13751943919716009 0.058979019991559502 0.048109574617295862 0.10114642464050397 0.073739892083598782 0.095279816776270121 -0.01886930905580881 0.051388042230016945 -0.016216800026547403 -0.055793049132117856 0.069767313773681713 0.018112476520197453 -0.24983980764187433
leaf_weight=4399 3993 3934 16017 10779 2424 2323 15867 2591 12365 17402 8605 6896 2151 3740 3805 6613 2744 8245 4508 3482 8475 3961 10727 4246 72089 2599 4135 74124 2653 2438
leaf_count=4399 3993 3934 16017 10779 2424 2323 15867 2591 12365 17402 8605 6896 2151 3740 3805 6613 2744 8245 4508 3482 8475 3961 10727 4246 72089 2599 4135 74124 2653 2438
internal_value=4.50757e-05 -0.19716 0.0590066 0.068119 -0.241638 -0.149793 0.00750373 -0.28062 0.0620285 -0.216083 -0.166535 -0.185028 -0.246186 -0.210252 -0.305843 -0.0978053 0.0693575 -0.154546 0.0232708 0.101088 0.0858794 0.0943053 0.1095 -0.0251428 0.0542693 0.0152155 -0.0372204 0.0674128 0.0439927 -0.283489
internal_weight=328330 75566 252764 214763 38950 36616 38001 15384 181300 23566 27680 10830 6550 21142 8834 8936 93194 16850 25627 33463 11957 6705 21506 12374 88106 18466 8381 86489 7161 5029
internal_count=328330 75566 252764 214763 38950 36616 38001 15384 181300 23566 27680 10830 6550 21142 8834 8936 93194 16850 25627 33463 11957 6705 21506 12374 88106 18466 8381 86489 7161 5029
cat_boundaries=0 23 49 75 107 139 161 193
cat_threshold=0 0 0 64 0 0 0 0 0 2228224 0 0 33816576 0 0 574619648 0 0 2113929216 0 0 3758096384 1 0 0 0 0 0 0 0 0 0 0 0 0 3670016 0 0 0 0 0 251658240 0 0 1879048192 0 0 0 3 7 0 0 12336 0 0 131072 0 0 2097152 0 0 35127296 0 0 33554432 0 0 1006632960 0 0 1610612736 0 0 0 6 0 0 0 0 0 0 0 0 0 0 0 0 16777216 0 0 838860800 0 0 3758096384 3 0 2684354560 19 0 0 0 0 0 0 0 0 4096 964 0 0 12288 0 0 0 0 0 0 0 0 16777216 0 0 402653184 0 0 3808428032 3 0 2415919104 1 0 0 4 0 0 0 0 0 256 0 0 0 0 0 0 0 0 0 0 0 0 7602176 0 0 267386880 0 0 4076863488 0 0 268435456 0 0 0 0 0 0 0 0 0 0 0 0 0 0 0 0 0 0 0 0 0 0 18 0 0 784 0 0 384 0 0 1024
is_linear=0
shrinkage=0.05


Tree=37
num_leaves=31
num_cat=0
split_feature=41 44 44 41 41 41 41 29 44 35 29 14 41 28 35 41 28 3 29 0 29 44 10 41 31 3 41 20 22 44
split_gain=1.38116e+06 52153.9 51410.8 15986.1 10842.5 10701.5 10065.9 2986.08 2883.96 2665.25 2427.86 2386.88 2195.68 1940.13 1638.94 1571.48 1495.74 1442.03 1385.95 1341.65 1316.93 1289.58 1278.27 1605.87 1273.89 1245.32 1172.63 1149.16 1067.18 992.792
threshold=9.829355716705324 -6.2574136257171622 25.497763633728031 29.92176723480225 0.38648402690887457 -13.340123176574705 19.04447174072266 0.10014724731445314 28.039430618286136 0.97799301147460949 0.32147979736328131 1.791368365287781 -3.1714777946472164 1006.2959594726564 0.45442581176757818 22.279569625854496 1007.2509155273439 4616.3193359375009 0.25400161743164068 27.250000000000004 0.55555725097656261 -9.6982779502868635 2.4589499235153203 32.533596038818366 29.772023200988773 315.09141540527349 14.655217647552492 2.5802580118179326 0.50497055053710949 -10.215592861175535
decision_type=2 2 2 2 2 2 2 2 2 2 2 2 2 2 2 2 2 2 2 2 2 2 2 2 2 2 2 2 2 2
left_child=1 5 6 8 12 14 18 19 -4 13 -6 20 -3 -7 -1 -8 -10 -12 -2 -5 -9 -11 23 -13 -15 -17 -20 29 -14 -26
right_child=2 4 3 7 10 9 15 11 16 21 17 22 28 24 -16 25 -18 -19 26 -21 -22 -23 -24 -25 27 -27 -28 -29 -30 -31
leaf_value=-0.26123190299556914 -0.013699175433422014 -0.18712491082285609 0.049982543581196665 0.098931285944435468 -0.077393135896810572 -0.25936236796947598 0.0053036312823862312 0.10345442487292174 0.069879107389494932 -0.27642936424421077 -0.12064080543624588 0.066661219653495113 -0.14719848311386904 -0.17480048830649667 -0.31366045003897092 0.043262242274213054 0.057406645088610909 -0.16444927401691045 -0.070676594016484864 0.13126228190756345 0.058693963748063904 -0.22842226385393696 0.093318795891412676 0.017747126482989088 -0.25888444447728737 0.015728317060389321 -0.030257920624147939 -0.1954756384693096 -0.17665069919117449 -0.21021032199693512
leaf_weight=2899 4144 15545 72116 15075 2720 2082 12466 10029 45279 3223 8796 8027 8404 3030 4746 7836 52397 2523 3517 4241 2021 3461 3095 2132 2226 8655 3707 5013 5604 2949
leaf_count=2899 4144 15545 72116 15075 2720 2082 12466 10029 45279 3223 8796 8027 8404 3030 4746 7836 52397 2523 3517 4241 2021 3461 3095 2132 2226 8655 3707 5013 5604 2949
internal_value=-0.000161336 -0.191533 0.0548514 0.0645922 -0.156671 -0.242754 0.00305536 0.091232 0.0575865 -0.224756 -0.120307 0.0798496 -0.173899 -0.212719 -0.294147 0.0187071 0.063195 -0.130542 -0.0367948 0.106094 0.0960022 -0.251949 0.0651029 0.0564235 -0.205182 0.0288299 -0.0500062 -0.214037 -0.159099 -0.231606
internal_weight=327958 73221 254737 214412 43592 29629 40325 44620 169792 21984 14039 25304 29553 15300 7645 28957 97676 11319 11368 19316 12050 6684 13254 10159 13218 16491 7224 10188 14008 5175
internal_count=327958 73221 254737 214412 43592 29629 40325 44620 169792 21984 14039 25304 29553 15300 7645 28957 97676 11319 11368 19316 12050 6684 13254 10159 13218 16491 7224 10188 14008 5175
is_linear=0
shrinkage=0.05


Tree=38
num_leaves=31
num_cat=7
split_feature=23 23 23 23 24 24 24 5 23 29 12 7 29 13 37 23 5 5 23 29 5 5 10 20 5 5 23 31 12 29
split_gain=1.24794e+06 55070.3 34627.6 14062.2 12718.1 10812.5 7067.52 3410.57 3178.84 2216.81 2189.92 1953.8 1792.41 1731.78 1672.72 1608.33 1583.89 1454.45 1372.19 1367.86 1226.06 1209.19 1132.22 1081.12 1045.06 989.69 979.663 965.372 953.939 952.041
threshold=13.188972473144533 -4.1202850341796866 25.699066162109379 31.146133422851566 -5.9215087890624991 8.6753234863281268 25.608886718750004 0 28.316379547119144 0.72808456420898449 4.1217246055603036 1.5000000000000002 0.00065994262695312511 2.0441818237304692 -0.69114303588867176 -0.33140182495117182 1 2 33.054855346679695 0.36481857299804693 3 4 3.5177738666534428 1.7434393763542178 5 6 -7.224468231201171 56.418251037597663 1.7576639652252199 0.51329040527343761
decision_type=2 2 2 2 2 2 2 9 2 2 2 2 2 2 2 2 9 9 2 2 9 9 2 2 9 9 2 2 2 2
left_child=1 4 6 8 7 15 20 -1 21 22 11 -9 23 25 16 29 -5 -14 -16 -7 -2 -4 28 -8 -15 -10 -11 -13 -6 -3
right_child=2 5 3 14 9 19 12 10 13 26 -12 27 17 24 18 -17 -18 -19 -20 -21 -22 -23 -24 -25 -26 -27 -28 -29 -30 -31
leaf_value=-0.28577292350229555 -0.049908630168829259 -0.14000248634574924 0.058322463387950052 0.036168552140432277 -0.17004922689047594 -0.059268677986366258 0.028180274365962866 -0.25537555634725118 0.047838312466960957 -0.23792507865659598 -0.27956886126099006 -0.1780349007587885 0.038430641844667941 0.11991344744222424 0.085017392959261251 -0.13375193869103361 0.088801029224589823 0.0098726170493900513 0.10773895645375837 -0.099878917260767544 -0.010873828463135022 0.045551258381333323 -0.14593640518683579 0.068120224646201363 0.067244852411201178 0.06357841414005154 -0.20058018151573442 -0.22497444347535686 -0.1991475821765043 -0.16805604709460134
leaf_weight=5797 2446 4865 27302 2489 5206 3117 3390 2693 12203 3399 2119 2730 6470 2087 13189 11065 3580 14356 14128 6566 11088 62187 2021 3426 2026 71629 5379 2382 8506 10666
leaf_count=5797 2446 4865 27302 2489 5206 3117 3390 2693 12203 3399 2119 2730 6470 2087 13189 11065 3580 14356 14128 6566 11088 62187 2021 3426 2026 71629 5379 2382 8506 10666
internal_value=-0.000166466 -0.177013 0.0535326 0.0617236 -0.217313 -0.132275 0.0115903 -0.252608 0.0561157 -0.194581 -0.232445 -0.219608 0.0260819 0.0628764 0.0915016 -0.148763 0.0675161 0.0187821 0.0968038 -0.0868809 -0.0180051 0.0494653 -0.182895 0.0483261 0.0946497 0.0613065 -0.215295 -0.200303 -0.188232 -0.159364
internal_weight=328507 76511 251996 210820 40232 36279 41176 15721 177434 24511 9924 7805 27642 87945 33386 26596 6069 20826 27317 9683 13534 89489 15733 6816 4113 83832 8778 5112 13712 15531
internal_count=328507 76511 251996 210820 40232 36279 41176 15721 177434 24511 9924 7805 27642 87945 33386 26596 6069 20826 27317 9683 13534 89489 15733 6816 4113 83832 8778 5112 13712 15531
cat_boundaries=0 32 54 80 112 138 161 193
cat_threshold=0 0 0 0 0 0 0 0 0 0 0 0 0 0 0 0 0 0 0 0 0 0 26 0 0 768 0 0 384 0 0 16384 0 0 0 0 0 0 4096 0 0 2097152 0 0 33947648 0 0 618659840 0 0 637534208 0 0 1073741824 0 0 0 0 0 0 32768 0 0 1572864 0 0 15728640 0 0 771751936 0 0 3758096384 0 0 0 0 0 0 4 0 0 0 0 0 0 0 0 0 0 0 0 0 0 0 0 0 0 0 0 0 0 0 0 0 1 0 0 12592 0 0 67840 519 0 0 12336 0 0 197120 0 0 2138112 0 0 37224448 0 0 771751936 0 0 1006632960 0 0 3758096384 0 0 0 7 0 0 0 0 0 0 0 0 0 2113536 0 0 786432 0 0 678428672 0 0 520093696 0 0 4026531840 1 964 0 0 12288 0 0 0 0 0 0 0 0 0 0 0 469762048 0 0 3875536896 3 0 2415919104 1 0 0 4 0 0 32 0 0 256
is_linear=0
shrinkage=0.05


Tree=39
num_leaves=31
num_cat=5
split_feature=41 41 41 41 41 41 24 44 20 27 5 5 23 41 5 41 44 35 41 37 11 27 3 27 7 13 23 35 5 5
split_gain=1.12077e+06 48474.4 34442.5 13523.1 13066.1 9502.86 5192.27 2709.93 2820.97 2644.63 2341.34 2216.42 2027.15 1968.15 1835.03 1768 1209.29 1182.26 1170.14 1427.8 1122.14 1061.94 995.902 969.706 1273.27 964.483 955.469 919.012 867.296 851.861
threshold=12.302085399627687 -4.2117428779602042 24.71176910400391 -12.748454570770262 29.92176723480225 4.7287719249725351 23.614379882812504 -8.805567264556883 2.7352899312973027 1008.8164672851564 0 1 -0.33140182495117182 32.27142524719239 2 -17.039490699768063 -12.37950277328491 0.56791305541992199 21.00716590881348 0.34413528442382818 1.5058991312980654 1009.1647033691407 477.24520874023443 1017.0781250000001 1.5000000000000002 1.369370758533478 34.827194213867195 2.5334358215332036 3 4
decision_type=2 2 2 2 2 2 2 2 2 2 9 9 2 2 9 2 2 2 2 2 2 2 2 2 2 2 2 2 9 9
left_child=1 3 6 15 9 12 28 8 16 14 17 -11 23 -12 22 -1 -5 26 -8 -20 -13 -9 -4 -3 -25 -16 -6 -23 -2 -26
right_child=2 5 4 7 10 -7 18 21 -10 11 13 20 -14 -15 25 -17 -18 -19 19 -21 -22 27 -24 24 29 -27 -28 -29 -30 -31
leaf_value=-0.29865009059876335 -0.056776054079130604 -0.17024427283212099 0.051446135813677733 -0.26010914298668569 0.091556271870847639 -0.077345732146409385 -0.0012212524711513663 -0.21340279697449685 -0.17622680164570961 0.035948536929362111 0.074186731309654558 0.050452707196407667 -0.12457155331965403 0.022435296506269974 0.063186109141091337 -0.24595636889385766 -0.21373702481891607 0.070246104406310836 0.0095868377000957686 0.036427220977176912 0.077484187674367488 -0.16959849349550141 0.013688630579329633 -0.16964565618563801 -0.14569007112441335 0.083537252988768726 0.11793744113756627 -0.20699502516100923 -0.019483951748154753 -0.10796135531709919
leaf_weight=2569 2041 5286 13312 2457 16346 7657 7255 2211 4109 30373 16397 84563 12337 2081 29579 6383 4975 5146 10530 9365 4052 14637 2020 3311 4754 7408 4554 2121 6684 3025
leaf_count=2569 2041 5286 13312 2457 16346 7657 7255 2211 4109 30373 16397 84563 12337 2081 29579 6383 4975 5146 10530 9365 4052 14637 2020 3311 4754 7408 4554 2121 6684 3025
internal_value=-0.000214997 -0.168709 0.0505522 -0.207105 0.0580925 -0.127003 0.0051844 -0.191095 -0.210635 0.0518145 0.0822303 0.0476837 -0.140214 0.0683368 0.0611983 -0.261395 -0.229396 0.0919953 0.0159675 0.0222331 0.0516915 -0.179102 0.0464534 -0.151915 -0.143032 0.0672655 0.0973582 -0.174452 -0.0283498 -0.131502
internal_weight=327538 75832 251706 39462 215831 36370 35875 30510 11541 171307 44524 118988 28713 18478 52319 8952 7432 26046 27150 19895 88615 18969 15332 16376 11090 36987 20900 16758 8725 7779
internal_count=327538 75832 251706 39462 215831 36370 35875 30510 11541 171307 44524 118988 28713 18478 52319 8952 7432 26046 27150 19895 88615 18969 15332 16376 11090 36987 20900 16758 8725 7779
cat_boundaries=0 29 61 90 122 154
cat_threshold=8 0 0 0 0 0 2048 0 0 81920 0 0 8126464 0 0 16777216 0 0 184549376 0 0 1879048192 0 0 0 3 0 0 32 0 0 0 2048 0 0 32768 0 0 1966080 0 0 65011712 0 0 1040187392 0 0 3758096384 3 0 2952790016 33 0 0 7 0 0 48 0 0 256 719 0 0 8384 0 0 3072 0 0 126976 0 0 983040 0 0 268435456 0 0 3221225472 3 0 268435456 33 0 0 1 0 0 48 0 0 0 0 0 0 0 0 0 0 0 0 0 0 0 0 0 0 0 0 0 268435456 0 0 0 1 0 0 304 0 0 2304 0 0 0 0 0 0 0 0 0 0 0 0 0 0 0 0 0 0 0 0 0 0 50 0 0 904 0 0 16224 0 0 49152
is_linear=0
shrinkage=0.05


Tree=40
num_leaves=31
num_cat=0
split_feature=41 41 41 42 41 41 41 41 3 12 12 33 34 37 39 30 37 27 37 31 10 1 41 35 10 41 30 33 3 41
split_gain=1.01842e+06 39473.8 38451.6 11930.5 10816.7 7084 6228.95 3160.65 3017.73 2026.54 1898.63 1610.75 1492.52 1446.12 1425.79 1358.97 1324.34 1221.28 2036.18 1134.79 1125.67 1098.54 1079.95 1055.81 1068.03 1029.95 970.963 954.791 947.641 852.336
threshold=9.829355716705324 -7.7365825176239005 24.71176910400391 31.409385681152347 -1.0316247344017027 19.04447174072266 -14.086885929107664 28.573466300964359 3148.5634765625005 2.7813705205917363 1.6520907282829287 23.978303909301761 -6.0403442382812491 0.042385101318359382 1.917292654514313 1.8125000000000002 -0.23837280273437497 1010.902557373047 1.1219444274902346 43.949886322021491 2.5765664577484135 78.750000000000014 26.58761024475098 0.044345855712890632 1.4384295344352724 30.069694519042972 1.0000000180025095e-35 23.035200119018558 4783.7895507812509 14.655217647552492
decision_type=2 2 2 2 2 2 2 2 2 2 2 2 2 2 2 2 2 2 2 2 2 2 2 2 2 2 2 2 2 2
left_child=1 6 5 7 10 26 20 22 15 12 19 -12 21 -7 16 -6 -5 -8 -19 -3 -1 -9 -4 24 -15 -14 -2 -26 -10 -28
right_child=2 4 3 14 8 13 17 9 28 -11 11 -13 25 23 -16 -17 -18 18 -20 -21 -22 -23 -24 -25 27 -27 29 -29 -30 -31
leaf_value=-0.23022619948454404 -0.0072710495454447899 -0.12402369968000204 0.036126290574052491 0.064639846738334394 -0.050129945777201618 0.0020113487835386008 -0.2351814030994317 0.011909861959717293 -0.11669600956402633 0.10839535153057012 -0.18339522981005235 -0.15347187231548762 0.056738998657723784 0.049269835297177496 0.12299631690863853 -0.098910912908178328 0.08823429365848294 -0.21041223200201423 -0.17057690028399441 -0.15712223549666871 -0.27799054485898972 0.054783267866371978 0.047963601159037673 0.0056172524174515374 -0.0015700547369070898 0.073754454791055732 -0.057300886461235226 0.043337601867602153 -0.15328178685457333 -0.025504122357433708
leaf_weight=2478 2997 5575 24657 8716 2350 11863 2564 2974 10920 2015 8824 10546 50654 5520 2219 3783 19882 9078 5547 5485 3959 3007 91186 4680 2847 10959 3971 2015 2265 4542
leaf_count=2478 2997 5575 24657 8716 2350 11863 2564 2974 10920 2015 8824 10546 50654 5520 2219 3783 19882 9078 5547 5485 3959 3007 91186 4680 2847 10959 3971 2015 2265 4542
internal_value=-0.000161858 -0.16428 0.0471212 0.0553107 -0.138951 0.00103751 -0.217534 0.050518 -0.109565 0.0589488 -0.157563 -0.167191 0.057459 0.0150719 0.0841263 -0.0803314 0.0810684 -0.201493 -0.19543 -0.140565 -0.259989 0.0335203 0.0454474 0.0253503 0.0342316 0.059777 -0.0317772 0.0170922 -0.123092 -0.040386
internal_weight=328078 73374 254704 216269 49748 38435 23626 185452 19318 69609 30430 19370 67594 26925 30817 6133 28598 17189 14625 11060 6437 5981 115843 15062 10382 61613 11510 4862 13185 8513
internal_count=328078 73374 254704 216269 49748 38435 23626 185452 19318 69609 30430 19370 67594 26925 30817 6133 28598 17189 14625 11060 6437 5981 115843 15062 10382 61613 11510 4862 13185 8513
is_linear=0
shrinkage=0.05


Tree=41
num_leaves=31
num_cat=0
split_feature=24 24 42 42 42 24 24 29 42 35 34 19 31 34 34 42 29 29 0 33 20 32 24 24 10 13 31 31 13 13
split_gain=916581 34749.4 34120.2 12224.3 6582.73 5550.35 4865.14 2955.05 2928.21 2820.11 2758.91 2250.15 2138.31 2032.82 2011.77 1721.41 1659.42 1654.6 1618.97 1614.91 1328.61 1230.56 1432.34 1105.98 1069.76 1045.28 1042.45 1026.4 1001.52 991.127
threshold=14.392944335937502 -1.5597839355468748 23.645198822021488 29.423641204833988 1.0000000180025095e-35 -9.8360137939453107 22.214538574218754 0.10313034057617189 27.10654449462891 0.52118301391601574 -12.952575683593748 1.8392676115036013 44.307559967041023 -5.3150634765624991 -4.4739379882812491 33.054855346679695 0.51836013793945324 0.0019798278808593754 25.250000000000004 24.706368446350101 1.8477347493171694 41.682035446166999 -4.0119323730468741 32.738372802734382 1.5516134500503542 1.8154265284538271 26.079738616943363 25.47368144989014 1.7659844160079958 2.1338194608688359
decision_type=2 2 2 2 2 2 2 2 2 2 2 2 2 2 2 2 2 2 2 2 2 2 2 2 2 2 2 2 2 2
left_child=1 5 6 8 13 9 -2 18 23 -1 -7 15 -12 19 16 -9 -6 20 -5 -3 -8 -14 -23 24 -4 -13 -20 -15 -10 -26
right_child=2 4 3 7 14 10 17 11 28 -11 12 25 21 27 -16 -17 -18 -19 26 -21 -22 22 -24 -25 29 -27 -28 -29 -30 -31
leaf_value=-0.19356514703314787 -0.036820028467026429 -0.17651344433966543 0.035880858827586043 0.072954654084156426 -0.088460264620147416 -0.24126445106643635 0.0052844979099124327 0.06162988243637884 0.047270419390935292 -0.25793365026239551 -0.15555944347003847 0.0099581701743462914 -0.15460148515279026 -0.097545677830941424 -0.085513137342782666 0.094631341076957254 -0.13908477392887247 -0.00093379486964240046 0.06976751164685259 -0.13579448399027472 0.056633875708119535 -0.21464831686491292 -0.17674968189139098 0.062038739403158731 0.0093666938360366797 0.05255387535939602 0.10822470390244338 -0.13609524193446557 0.068911367129797022 0.045638328827712647
leaf_weight=2917 9008 6243 31481 14208 2581 2031 2412 25363 114847 4900 6945 2703 2204 2114 8756 4728 4737 15024 2379 4408 2632 6128 5022 3132 8326 3087 7788 13876 5652 2427
leaf_count=2917 9008 6243 31481 14208 2581 2031 2412 25363 114847 4900 6945 2703 2204 2114 8756 4728 4737 15024 2379 4408 2632 6128 5022 3132 8326 3087 7788 13876 5652 2427
internal_value=1.05967e-05 -0.156388 0.0446687 0.0512244 -0.12732 -0.197518 -0.00631424 0.0705166 0.044212 -0.234192 -0.184581 0.0613489 -0.178794 -0.142609 -0.101905 0.0668449 -0.121375 0.00739053 0.0839811 -0.159805 0.0321381 -0.190752 -0.197752 0.033369 0.0312287 0.03272 0.0993034 -0.131063 0.0482911 0.0175882
internal_weight=328059 72862 255197 226121 42715 30147 29076 60256 165865 7817 22330 35881 20299 26641 16074 30091 7318 20068 24375 10651 5044 13354 11150 45366 42234 5790 10167 15990 120499 10753
internal_count=328059 72862 255197 226121 42715 30147 29076 60256 165865 7817 22330 35881 20299 26641 16074 30091 7318 20068 24375 10651 5044 13354 11150 45366 42234 5790 10167 15990 120499 10753
is_linear=0
shrinkage=0.05


Tree=42
num_leaves=31
num_cat=5
split_feature=41 42 41 41 42 42 41 31 13 29 33 42 41 37 34 29 29 34 33 37 5 29 5 31 42 5 5 33 29 5
split_gain=829390 36019.1 25707.8 10118.1 9627.55 6525.66 4671.31 2535.69 2487.6 2366.52 2082.43 1971.89 1769.95 1515.17 1422.05 1892.01 1321.04 1390.69 1307.05 1255.63 1094.26 1061.45 1503.58 1058.22 1056.37 1044.29 1000.7 965.429 1330.59 1193.25
threshold=12.302085399627687 -4.1202850341796866 25.36297702789307 -11.662373065948485 31.677947998046879 3.1937446594238286 20.314286231994632 50.855756759643562 1.7814688086509707 0.085178375244140639 24.502848625183109 28.037578582763675 -15.832387924194334 -0.013744354248046873 -5.1956787109374991 0.57664871215820324 0.26083755493164068 -5.8727416992187491 24.389183998107914 -0.69114303588867176 0 0.1465873718261719 1 27.208675384521488 -7.9358978271484366 2 3 21.908160209655765 0.20227432250976565 4
decision_type=2 2 2 2 2 2 2 2 2 2 2 2 2 2 2 2 2 2 2 2 9 2 9 2 2 9 9 2 2 9
left_child=1 3 6 10 8 14 27 -5 11 -10 12 -4 -1 -8 15 -3 -7 -18 24 20 -6 25 -23 -16 -9 -21 -13 29 -29 -2
right_child=2 5 4 7 19 16 13 18 9 -11 -12 26 -14 -15 23 -17 17 -19 -20 21 -22 22 -24 -25 -26 -27 -28 28 -30 -31
leaf_value=-0.25767359615323987 -0.056922597236265464 -0.10852318386372549 0.037900160654079626 -0.14543105260555256 0.02600117936204472 -0.038253089262040976 0.0051077683006376011 -0.2142392305749069 0.096100910205999132 0.052287986002296921 -0.16923244566542334 0.038594719285946884 -0.21012221576257317 0.028511659817226601 -0.07643018189477635 -0.15087518934593225 -0.11762131882934126 -0.069998749025996163 -0.16135099000617545 0.10261678696221571 0.074297445255925854 0.036708785500022934 0.082636779668785673 -0.11640865197504008 -0.17258410201561103 0.074926067132664892 0.051400797429029692 0.025259419666576129 -0.029172650883303942 -0.015402657375112797
leaf_weight=3373 2460 4408 67084 13634 2059 2094 11984 3244 4556 9694 2043 19379 6160 16358 2007 7193 2150 5652 8038 8336 2879 2714 5678 12251 3706 6699 82139 2496 2024 5855
leaf_count=3373 2460 4408 67084 13634 2059 2094 11984 3244 4556 9694 2043 19379 6160 16358 2007 7193 2150 5652 8038 8336 2879 2714 5678 12251 3706 6699 82139 2496 2024 5855
internal_value=-0.00016075 -0.14501 0.0434328 -0.177499 0.0504783 -0.108445 0.00728982 -0.161402 0.0462688 0.0663534 -0.217124 0.0445675 -0.227199 0.018621 -0.121677 -0.13489 -0.0737815 -0.0832559 -0.175824 0.0775882 0.0544553 0.0824389 0.0679869 -0.110839 -0.192307 0.0904549 0.0489691 -0.0177264 0.00087482 -0.0278269
internal_weight=328347 75953 252394 40198 211217 35755 41177 28622 182852 14250 11576 168602 9533 28342 25859 11601 9896 7802 14988 28365 4938 23427 8392 14258 6950 15035 101518 12835 4520 8315
internal_count=328347 75953 252394 40198 211217 35755 41177 28622 182852 14250 11576 168602 9533 28342 25859 11601 9896 7802 14988 28365 4938 23427 8392 14258 6950 15035 101518 12835 4520 8315
cat_boundaries=0 26 52 81 110 142
cat_threshold=0 0 0 0 0 0 4096 0 0 65536 0 0 393216 0 0 544210944 0 0 637534208 0 0 1073741824 0 0 0 1 0 0 0 0 0 0 0 0 0 0 0 0 33816576 0 0 570425344 0 0 1040187392 0 0 4026531840 0 0 0 6 0 0 0 0 0 0 0 0 0 16384 0 0 3932160 0 0 0 0 0 117440512 0 0 1879048192 0 0 0 2 0 0 32 964 0 0 12288 0 0 0 0 0 0 0 0 16777216 0 0 409993216 0 0 3875536896 3 0 2952790016 1 0 0 6 0 0 32 0 0 0 0 0 0 0 0 0 0 0 0 0 0 0 0 0 0 0 0 0 1879048192 0 0 0 7 0 0 304 0 0 2304
is_linear=0
shrinkage=0.05


Tree=43
num_leaves=31
num_cat=0
split_feature=24 44 44 44 24 44 24 36 34 29 44 29 29 19 23 12 34 34 30 12 19 40 10 24 12 3 11 34 34 36
split_gain=748831 29451.5 28711.3 10258.5 6079.57 4724.71 3948 2908.07 2554.5 2538.55 2428.84 2248.3 1671.92 1633.08 1710.3 1603.35 1545.82 1492.07 1405.33 1062.42 998.286 1361.84 992.643 954.685 918.434 845.466 746.638 727.496 690.923 688.434
threshold=14.392944335937502 24.14688873291016 -6.9362072944641104 29.589174270629886 3.9516906738281254 -13.673551082611082 22.930053710937504 4.0354728698730478 -3.9099426269531246 0.054340362548828132 27.04389572143555 0.68677902221679699 0.51329040527343761 1.8392676115036013 32.560810089111335 1.6520907282829287 -6.7456054687499991 3.6633911132812504 979.81250000000011 2.4100499153137211 2.0572662353515629 3.9037913084030156 2.8270161151885991 41.400421142578132 2.1996856927871709 1851.1920166015627 1.9014979600906374 -1.7580261230468748 -8.4481811523437482 16.217708587646488
decision_type=2 2 2 2 2 2 2 2 2 2 2 2 2 2 2 2 2 2 2 2 2 2 2 2 2 2 2 2 2 2
left_child=2 6 5 10 15 7 25 -1 12 19 -3 20 -6 14 -11 -4 -17 -8 -15 23 -7 -22 -9 -5 27 -2 -14 -12 -13 -18
right_child=1 3 4 9 8 11 17 22 -10 13 24 28 26 18 -16 16 29 -19 -20 -21 21 -23 -24 -25 -26 -27 -28 -29 -30 -31
leaf_value=-0.16895673276682877 -0.018986443969869034 0.029395782164090389 -0.11638091290534749 0.068887069846528995 -0.086126081190551207 -0.1706403581448126 0.0015605993327016772 -0.2079650600626228 -0.075357521106154332 0.055506920724841327 0.046635689836166748 -0.21119097116447005 -0.11460426978625685 0.051742953500913652 0.082500565997541492 -0.16610831390057848 -0.12496075623656951 0.040954509436629545 0.0051916011859263695 0.10577284256403491 -0.15487894230076193 -0.10371618771953826 -0.25235606660835547 0.10324474790648799 0.066090698502234022 -0.048157775922679696 -0.1513164551668563 0.038954115416244217 -0.176222377611016 -0.15521495226722243
leaf_weight=2852 6035 38684 9983 12942 3965 4383 17287 2883 8706 22569 63828 2562 4235 4836 8017 4970 9037 2782 2440 3364 4110 2050 3245 2452 4446 4239 2324 60765 5023 2675
leaf_count=2852 6035 38684 9983 12942 3965 4383 17287 2883 8706 22569 63828 2562 4235 4836 8017 4970 9037 2782 2440 3364 4110 2050 3245 2452 4446 4239 2324 60765 5023 2675
internal_value=-0.000102832 0.0403647 -0.141268 0.0466175 -0.117118 -0.182097 -0.0058662 -0.212082 -0.0955735 0.0650235 0.0404006 -0.167135 -0.11221 0.0575356 0.062607 -0.132614 -0.142253 0.00703913 0.0361606 0.0800987 -0.151746 -0.138048 -0.231845 0.0744231 0.0436971 -0.0310575 -0.127823 0.0428928 -0.188296 -0.131997
internal_weight=327689 254686 73003 224343 45895 27108 30343 8980 19230 56620 167723 18128 10524 37862 30586 26665 16682 20069 7276 18758 10543 6160 6128 15394 129039 10274 6559 124593 7585 11712
internal_count=327689 254686 73003 224343 45895 27108 30343 8980 19230 56620 167723 18128 10524 37862 30586 26665 16682 20069 7276 18758 10543 6160 6128 15394 129039 10274 6559 124593 7585 11712
is_linear=0
shrinkage=0.05


Tree=44
num_leaves=31
num_cat=0
split_feature=41 41 41 41 41 41 41 29 41 30 30 0 27 35 12 29 37 35 12 0 37 3 29 33 37 14 29 3 33 18
split_gain=677493 29273.3 24499.2 9525.3 5954.42 4222.41 3638.88 2801.29 2751.55 2132.5 1522.95 1450.9 1339.87 1235 1371.07 1208.27 1206.18 1142.67 1076.4 1470.1 1053.93 1040.26 1004.85 971.256 962.324 956.131 929.872 1109.81 908.284 1079.74
threshold=8.6004199981689471 22.759197235107425 -7.7365825176239005 29.60624980926514 -2.2577089071273799 -14.086885929107664 16.727837562561039 0.30509567260742193 26.58761024475098 1.0000000180025095e-35 1186.8125000000002 22.750000000000004 1008.7887268066407 2.8901100158691411 1.5409359931945803 0.72808456420898449 0.37242889404296881 0.44393539428710943 4.1217246055603036 32.750000000000007 -1.3763923645019529 4704.4782714843759 0.26083755493164068 25.225919723510746 -0.85522842407226551 1.8271866440773012 0.39170455932617193 105.35039138793947 22.279104232788089 2.092233538627625
decision_type=2 2 2 2 2 2 2 2 2 2 2 2 2 2 2 2 2 2 2 2 2 2 2 2 2 2 2 2 2 2
left_child=2 6 5 8 13 17 22 10 16 -6 24 15 26 14 -4 -9 -3 -1 19 -7 -21 -11 -2 -16 -5 -12 -10 -28 29 -8
right_child=1 3 4 7 9 18 28 11 12 21 25 -13 -14 -15 23 -17 -18 -19 -20 20 -22 -23 -24 -25 -26 -27 27 -29 -30 -31
leaf_value=-0.1821664810046931 -0.011371376594836712 0.019232718014748067 -0.10807201518052195 0.054256323627499714 -0.050874301286867034 -0.18159124253273781 0.0022769586727971716 0.067821125940282653 0.055712329172480229 -0.094817596758314304 0.065860582526627104 0.019270921742262938 0.038306837925328768 -0.16728511432184989 -0.14698965044383802 0.028562314580074674 0.03819703014720801 -0.22968075510285241 -0.19902923092251162 -0.180919074055195 -0.13888533875856809 -0.12001889322267029 -0.047849114268596414 -0.1215312617438436 0.079553335457853702 0.030966432699721064 0.046122512038408323 0.014885600439715461 0.020076298916998917 -0.032736165112869732
leaf_weight=2289 2741 22944 6304 4559 2299 5151 11518 5928 23393 15181 4595 4268 96456 2374 9374 2959 13247 4033 2133 2017 7922 5907 6111 7060 24403 3477 18381 3378 5147 2712
leaf_count=2289 2741 22944 6304 4559 2299 5151 11518 5928 23393 15181 4595 4268 96456 2374 9374 2959 13247 4033 2133 2017 7922 5907 6111 7060 24403 3477 18381 3378 5147 2712
internal_value=-0.000102923 0.0379875 -0.135554 0.0439343 -0.11519 -0.177435 -0.010039 0.0631739 0.0385001 -0.0969353 0.0702219 0.0432939 0.0416459 -0.132145 -0.128404 0.0547964 0.0261829 -0.212792 -0.16434 -0.159308 -0.147589 -0.10193 -0.0365794 -0.136133 0.0755914 0.0508869 0.048769 0.0412822 0.00209803 -0.00441426
internal_weight=328261 256217 72044 227988 48499 23545 28229 50189 177799 23387 37034 13155 141608 25112 22738 8887 36191 6322 17223 15090 9939 21088 8852 16434 28962 8072 45152 21759 19377 14230
internal_count=328261 256217 72044 227988 48499 23545 28229 50189 177799 23387 37034 13155 141608 25112 22738 8887 36191 6322 17223 15090 9939 21088 8852 16434 28962 8072 45152 21759 19377 14230
is_linear=0
shrinkage=0.05


Tree=45
num_leaves=31
num_cat=9
split_feature=41 44 44 41 41 41 41 5 41 12 29 5 41 12 31 5 24 29 29 37 20 12 5 5 29 3 5 5 5 5
split_gain=608115 23768.3 23616.1 8219.41 5351.32 4870.19 3111.93 2480.03 2364.12 1945.56 1808.65 2980.17 2011.93 1465.4 1561.13 1464.11 1347.55 1286.28 1202.26 1163.21 1130.17 1095.22 1067.29 964.61 932.021 930.298 911.126 846.811 829.746 820.218
threshold=9.829355716705324 -6.5907254219055167 24.14688873291016 30.069694519042972 1.2819922566413882 -14.793064117431639 19.474234580993656 0 26.752807617187504 1.6828370690345766 0.051269531250000007 1 31.354322433471683 4.1217246055603036 55.693561553955085 2 -4.8883361816406241 0.29694747924804693 0.53411865234375011 0.60836029052734386 2.5955529212951665 2.4100499153137211 3 4 0.37782669067382818 657.01156616210949 5 6 7 8
decision_type=2 2 2 2 2 2 2 9 2 2 2 9 2 2 2 9 2 2 2 2 2 2 9 9 2 2 9 9 9 9
left_child=1 5 6 8 9 22 24 16 19 27 21 12 -12 14 20 -10 -7 -6 28 23 -9 -5 -1 -4 -2 -8 -26 -3 -11 -17
right_child=2 4 3 10 17 7 25 13 15 18 11 -13 -14 -15 -16 29 -18 -19 -20 -21 -22 -23 -24 -25 26 -27 -28 -29 -30 -31
leaf_value=-0.23153545881278614 -0.0098890830690833223 -0.12623827924506775 -0.0016031346704231033 0.069437365375372179 -0.040269872019505798 -0.20721842928421164 0.017115353940852663 -0.13903354127815912 0.071496299580642672 -0.13174003938990372 0.046824062890810147 0.061890965850041384 -0.017540563946592102 -0.18342367323141415 -0.15712737336649663 0.034682963991421172 -0.15449864623145895 -0.082953094212601886 -0.13317303246490761 0.039515418035051382 -0.1027220318974266 0.10496052998050603 -0.1762911022414114 0.024522828679111427 -0.063320247112751915 -0.0071185157696677798 -0.023698390325726636 -0.093068919127326122 -0.090865660976380228 0.042540756441763583
leaf_weight=2763 6093 2714 4218 11845 2210 3006 11178 5509 3677 2223 2782 22797 2141 2091 6390 56480 2382 9388 13448 11324 3817 2715 2396 21891 2189 6123 4437 11122 4020 85135
leaf_count=2763 6093 2714 4218 11845 2210 3006 11178 5509 3677 2223 2782 22797 2141 2091 6390 56480 2382 9388 13448 11324 3817 2715 2396 21891 2189 6123 4437 11122 4020 85135
internal_value=-0.000124729 -0.126851 0.0363919 0.0419493 -0.104264 -0.16275 -0.00526215 -0.15281 0.0373484 -0.114409 0.06182 0.0542795 0.0188151 -0.143122 -0.137737 0.0402367 -0.1839 -0.0748615 -0.124604 0.0261302 -0.124298 0.0761289 -0.207058 0.0203119 -0.0240279 0.00853958 -0.0369949 -0.0998201 -0.105964 0.0394122
internal_weight=328504 73479 255025 225005 45125 28354 30020 23195 182725 33527 42280 27720 4923 17807 15716 145292 5388 11598 19691 37433 9326 14560 5159 26109 12719 17301 6626 13836 6243 141615
internal_count=328504 73479 255025 225005 45125 28354 30020 23195 182725 33527 42280 27720 4923 17807 15716 145292 5388 11598 19691 37433 9326 14560 5159 26109 12719 17301 6626 13836 6243 141615
cat_boundaries=0 32 55 77 109 138 170 202 231 260
cat_threshold=0 0 0 0 0 0 0 0 0 0 0 0 0 0 0 0 0 0 0 0 0 0 26 0 0 768 0 0 0 0 0 32768 0 0 0 256 0 0 0 0 0 2105344 0 0 16973824 0 0 6291456 0 0 1711276032 0 0 3221225472 1 0 0 0 0 0 0 0 0 0 0 0 0 0 0 0 14680064 0 0 234881024 0 0 1073741824 0 0 0 0 0 0 0 0 0 0 0 0 0 0 0 0 0 0 0 0 0 0 0 0 0 256 0 0 6048 0 0 16384 0 0 0 0 0 0 0 0 0 32768 0 0 3932160 0 0 130023424 0 0 50331648 0 0 536870912 35 0 0 2 0 0 48 0 0 0 0 0 0 0 0 0 0 0 0 0 0 0 0 0 0 0 0 0 268435456 0 0 0 13 0 0 8528 0 0 76032 0 0 0 0 0 0 0 0 0 0 0 0 0 0 0 0 0 0 0 0 0 0 0 0 0 9 0 0 2032 0 0 16896 0 0 0 0 0 0 0 0 0 0 0 0 0 0 0 0 0 0 0 0 0 0 19 0 0 56 0 0 3648 1020 0 0 7296 0 0 3072 0 0 311296 0 0 16842752 0 0 403701760 0 0 3238002688 3 0 268435456 1 0 0 1 0 0 48
is_linear=0
shrinkage=0.05


Tree=46
num_leaves=31
num_cat=0
split_feature=41 41 41 41 24 24 11 41 30 27 18 27 37 29 0 30 7 24 11 28 29 32 0 0 29 27 37 29 43 11
split_gain=548787 21907.6 21141.8 6804.49 5710.98 4372.75 3669.46 2026.08 2003.34 1798.48 1778.36 1654.98 1356.01 1233.96 1188.83 1163.99 1087.28 1766.63 1450.28 1318.44 1038.48 939.34 922.053 914.671 887.579 798.225 786.903 784.332 674.734 664.166
threshold=9.829355716705324 -7.7365825176239005 25.201691627502445 30.069694519042972 3.9516906738281254 23.614379882812504 4.7199940681457528 -12.748454570770262 887.56250000000011 1008.8164672851564 1.5115383267402651 1008.7241516113282 -0.85522842407226551 0.39170455932617193 33.250000000000007 1.0000000180025095e-35 1.5000000000000002 -1.8672180175781248 1.7398371100425722 1017.0496826171876 1.0000000180025095e-35 75.910278320312514 25.750000000000004 27.750000000000004 0.16446304321289065 1006.375946044922 -0.99689102172851551 0.63158798217773449 29.988182067871097 1.1614189147949221
decision_type=2 2 2 2 2 2 2 2 2 2 2 2 2 2 2 2 2 2 2 2 2 2 2 2 2 2 2 2 2 2
left_child=1 6 5 9 16 -2 7 21 12 13 -10 -6 -5 25 -9 -13 17 -3 -18 -20 -7 -1 -15 -14 -12 -4 -16 -23 -11 -22
right_child=2 4 3 8 11 20 -8 14 10 28 24 15 23 22 26 -17 18 -19 19 -21 29 27 -24 -25 -26 -27 -28 -29 -30 -31
leaf_value=-0.14799414953957804 -0.024222056397412768 -0.17036339294755684 0.067090723380181211 0.043979866083128386 -0.12356389027059621 0.029836989228423157 -0.22523466225350616 -0.16020847589560255 0.058509824996089199 0.033771696243071192 0.047674664354117859 -0.041877416767358858 0.06815837190098889 0.039132961306659719 -0.15682175132828213 -0.080550953965634109 -0.090661070864819449 -0.11781555836052847 -0.132765841888529 -0.10016224152000422 0.015591429847284228 -0.16268944220879744 0.0054679051958432014 0.096260329673793082 0.0083984031203496196 0.046879877550949897 -0.11980515930810404 -0.20573815420173527 0.0073700541415201368 -0.00084253060972578871
leaf_weight=2428 11243 2118 6342 5129 2027 6541 2033 5797 9094 113937 2331 2269 18470 22690 2094 15306 7407 7541 7465 5688 12366 2137 2238 3518 3745 22415 5995 2974 2479 12215
leaf_count=2428 11243 2118 6342 5129 2027 6541 2033 5797 9094 113937 2331 2269 18470 22690 2094 15306 7407 7541 7465 5688 12366 2137 2238 3518 3745 22415 5995 2974 2479 12215
internal_value=5.68202e-05 -0.120516 0.0347426 0.0411754 -0.101716 0.00249088 -0.160384 -0.154128 0.0591295 0.0367088 0.0445201 -0.0806066 0.067283 0.0442881 -0.142466 -0.0755847 -0.115377 -0.129502 -0.108682 -0.118753 0.0121458 -0.175391 0.036114 0.0726963 0.0235199 0.0513589 -0.129569 -0.188092 0.0332102 0.0074279
internal_weight=328032 73279 254753 212388 49821 42365 23458 21425 42287 170101 15170 19602 27117 53685 13886 17575 30219 9659 20560 13153 31122 7539 24928 21988 6076 28757 8089 5111 116416 24581
internal_count=328032 73279 254753 212388 49821 42365 23458 21425 42287 170101 15170 19602 27117 53685 13886 17575 30219 9659 20560 13153 31122 7539 24928 21988 6076 28757 8089 5111 116416 24581
is_linear=0
shrinkage=0.05


Tree=47
num_leaves=31
num_cat=0
split_feature=24 44 44 41 41 41 41 3 19 34 44 12 32 3 29 14 10 41 12 29 18 29 29 12 34 34 16 3 24 28
split_gain=497020 19893 19656.2 6138.02 4723.18 4310.06 3611.29 1850.64 1811.25 1695.77 1611.14 1480.18 1478.71 1452.03 1403.72 1782.49 1381.72 1155.58 1105.16 1092.4 923.74 1092.66 827.566 814.832 760.272 743.095 729.803 716.945 671.635 627.467
threshold=14.392944335937502 -7.265122413635253 25.877260208129886 30.252863883972172 -1.6543622612953184 19.04447174072266 -12.748454570770262 3415.4404296875005 2.8306940793991093 -1.8146667480468748 -12.975992679595945 4.1217246055603036 732.72555541992199 579.46560668945324 0.054340362548828132 1.7677884101867678 2.4589499235153203 32.710418701171882 1.6828370690345766 0.54458999633789074 1.8635838627815249 0.11194229125976564 0.39170455932617193 2.3610454797744755 -12.952575683593748 1.5216674804687502 1.4902492165565493 4809.6010742187509 41.400421142578132 1011.5190429687501
decision_type=2 2 2 2 2 2 2 2 2 2 2 2 2 2 2 2 2 2 2 2 2 2 2 2 2 2 2 2 2 2
left_child=1 6 5 9 18 22 11 25 10 20 -8 -1 13 29 23 26 17 -17 -3 -10 -4 -22 -2 28 -20 -6 -16 -9 -5 -7
right_child=2 4 3 14 7 12 8 27 19 -11 -12 -13 -14 -15 15 16 -18 -19 24 -21 21 -23 -24 -25 -26 -27 -28 -29 -30 -31
leaf_value=-0.16394999831207929 -0.010342575261631829 -0.096129755188644805 0.038395018932603615 0.057009487058813473 -0.06819933306111374 0.017354988674069729 -0.18722521193957858 -0.083962123165583019 -0.086080590952723468 0.030155331376640688 -0.13839115237990324 -0.21286211404820535 -0.015754932679454752 -0.00099427004399037927 0.053182677556705027 0.037334591195411264 0.066815565023455259 -0.0033306192132256454 -0.14728453181279483 -0.13426090322337583 0.072601967496233086 0.035779042964225023 -0.03695567087110322 0.093865313774549541 -0.11387943128281329 -0.032982326013389338 0.078417085182062807 -0.11540338445826087 0.08726653061377404 0.036469958177760567
leaf_weight=6510 5950 9239 76287 8813 5090 13502 2158 12268 2437 86725 9931 2248 4205 8746 6850 8287 3095 2211 2085 2459 4517 3696 5749 2826 14358 2165 5103 2228 2376 6315
leaf_count=6510 5950 9239 76287 8813 5090 13502 2158 12268 2437 86725 9931 2248 4205 8746 6850 8287 3095 2211 2085 2459 4517 3696 5749 2826 14358 2165 5103 2228 2376 6315
internal_value=-0.000125276 -0.114994 0.0328086 0.0391812 -0.0957485 0.00259889 -0.150405 -0.0785218 -0.136733 0.0350759 -0.147256 -0.176733 0.0119001 0.0159755 0.0569363 0.0499143 0.0374792 0.028775 -0.110302 -0.110503 0.0401218 0.0560946 -0.0234409 0.0696909 -0.118202 -0.0577499 0.0640123 -0.0888708 0.0635068 0.0234616
internal_weight=328429 73176 255253 210786 47433 44467 25743 21751 16985 171225 12089 8758 32768 28563 39561 25546 13593 10498 25682 4896 84500 8213 11699 14015 16443 7255 11953 14496 11189 19817
internal_count=328429 73176 255253 210786 47433 44467 25743 21751 16985 171225 12089 8758 32768 28563 39561 25546 13593 10498 25682 4896 84500 8213 11699 14015 16443 7255 11953 14496 11189 19817
is_linear=0
shrinkage=0.05


Tree=48
num_leaves=31
num_cat=6
split_feature=41 44 44 44 41 41 41 41 5 23 22 5 20 35 20 28 27 22 5 27 5 43 22 20 41 5 12 28 27 5
split_gain=449811 19749.7 16450.9 6453.17 4108.68 2872.47 2049.99 1943.34 1887.61 1655.35 1357.91 1278.26 1147.25 1090.89 1050.22 1013.34 1004.85 1030.46 1414.86 1003.36 905.286 863.089 838.573 820.582 936.095 819.312 1038.99 876.521 776.637 761.096
threshold=8.6004199981689471 23.245703697204593 -8.0226407051086408 29.43244552612305 -1.9400983452796934 -14.793064117431639 15.716941833496096 26.185997962951664 0 33.054855346679695 0.024318695068359378 1 1.7592953443527224 0.11491775512695314 1.8477347493171694 1014.6403198242189 1007.803436279297 2.4247169494628911 2 1016.5269165039064 3 23.682590484619144 3.5634040832519536 1.7592953443527224 24.516304016113285 4 2.1370751857757573 1003.0421752929689 1002.194793701172 5
decision_type=2 2 2 2 2 2 2 2 9 2 2 9 2 2 2 2 2 2 9 2 9 2 2 2 2 9 2 2 2 9
left_child=2 6 5 7 16 15 -2 21 -7 25 20 22 -9 -10 -11 -1 -4 18 -18 29 -6 -3 -12 -23 -25 26 27 -5 -16 -8
right_child=1 3 4 9 10 8 19 12 13 14 11 -13 -14 -15 28 -17 17 -19 -20 -21 -22 23 -24 24 -26 -27 -28 -29 -30 -31
leaf_value=-0.20635164601365125 -0.031831978154033984 0.03630680123381088 -0.13992183784440668 0.023670936073678501 -0.077683418601157947 -0.16660963155567915 -0.025697510690630077 0.031825252298305094 -0.1029932392652865 0.075262457947166739 -0.089684298407916918 -0.066463854345997775 0.050911770137328588 -0.13511648726662839 0.076516189057822454 -0.1584838584656682 -0.082473331969503405 -0.12835598457122907 -0.11020483275012279 0.031749842978691621 -0.040772041720832021 0.01962469186560533 -0.12640595977136962 -0.01935559035100114 0.023159797239521756 0.036335151814361359 0.073185592570662969 0.050407863916482804 0.040947731771360636 0.00035825302117720588
leaf_weight=2126 7682 5618 2225 3727 3438 4155 3549 131062 3884 8521 7505 5543 8400 9919 2072 2974 8103 3842 12892 2051 3476 17901 2064 3275 2127 18767 4170 17996 6125 13059
leaf_count=2126 7682 5618 2225 3727 3438 4155 3549 131062 3884 8521 7505 5543 8400 9919 2072 2974 8103 3842 12892 2051 3476 17901 2064 3275 2127 18767 4170 17996 6125 13059
internal_value=-0.00017336 0.0308931 -0.110441 0.0355943 -0.0940384 -0.145305 -0.0101113 0.0305316 -0.135698 0.049476 -0.0779202 -0.0863564 0.0329784 -0.126067 0.0629235 -0.178803 -0.107124 -0.10413 -0.099638 -0.00115659 -0.0593831 0.0187253 -0.0976268 0.0144729 -0.00260359 0.0444291 0.0502457 0.0458336 0.0500208 -0.00523702
internal_weight=328248 256102 72146 229761 49088 23058 26341 168383 17958 61378 22026 15112 139462 13803 16718 5100 27062 24837 20995 18659 6914 28921 9569 23303 5402 44660 25893 21723 8197 16608
internal_count=328248 256102 72146 229761 49088 23058 26341 168383 17958 61378 22026 15112 139462 13803 16718 5100 27062 24837 20995 18659 6914 28921 9569 23303 5402 44660 25893 21723 8197 16608
cat_boundaries=0 26 58 90 122 148 180
cat_threshold=0 0 0 0 0 0 0 0 0 0 0 0 0 0 0 0 0 0 0 0 0 0 26 0 0 768 0 0 0 0 0 0 0 0 0 0 0 0 0 0 0 0 0 0 0 0 0 0 12 0 0 481 0 0 16112 0 0 35072 0 0 0 0 0 0 0 0 0 0 0 0 0 0 0 0 0 0 0 0 0 0 56 0 0 961 0 0 12336 0 0 100352 0 0 0 0 0 0 0 0 0 0 0 0 0 0 0 0 0 0 0 0 0 0 23 0 0 316 0 0 6240 0 0 1536 8 0 0 1696 0 0 63744 0 0 245760 0 0 24969216 0 0 12582912 0 0 251658240 0 0 1879048192 0 0 0 1 0 0 0 0 0 0 1024 0 0 0 0 0 0 0 0 0 0 0 16777216 0 0 805306368 0 0 0 3 0 0 304 0 0 14592
is_linear=0
shrinkage=0.05


Tree=49
num_leaves=31
num_cat=9
split_feature=41 41 41 44 24 12 41 5 29 5 31 30 5 41 5 23 5 19 22 29 5 29 31 5 7 12 5 29 25 5
split_gain=405411 17829.8 15287.6 5553.1 4395.89 2742.79 2337.8 2264.67 1898.58 1817.4 1777.43 1488.57 1474.77 1425.26 1293.86 1083.78 1068.43 1035.4 966.945 960.632 1028.33 898.396 897.173 867.229 837.349 872.398 811.743 794.548 761.072 760.547
threshold=8.6004199981689471 23.010026931762699 -8.9068088531494123 29.368008613586429 2.9728088378906254 4.2916305065155038 17.710202217102054 0 0.054340362548828132 1 47.996704101562507 1420.5625000000002 2 26.48182582855225 3 33.798725128173835 4 1.7428746223449709 0.012874603271484377 1.0000000180025095e-35 5 0.75172805786132824 26.079738616943363 6 1.5000000000000002 1.7274138927459719 7 0.25400161743164068 3.0974940061569218 8
decision_type=2 2 2 2 2 2 2 9 2 9 2 2 9 2 9 2 9 2 2 2 9 2 2 9 2 2 9 2 2 9
left_child=2 6 5 13 10 7 27 18 12 11 24 -10 22 19 21 -11 -12 23 -1 -3 -21 -6 -5 -15 -4 -26 -24 -2 29 -8
right_child=1 3 4 8 14 -7 28 -9 9 15 16 -13 -14 17 -16 -17 -18 -19 -20 20 -22 -23 26 -25 25 -27 -28 -29 -30 -31
leaf_value=-0.12484032117666793 -0.0063615187058875247 0.035560451195841232 -0.10830797567057585 0.045630173674306364 -0.074205187417883664 -0.18741236563635585 0.022727551854076128 -0.11681763439652289 0.033653974031778854 0.043319497888110001 -0.12738322539406216 -0.0093797806315647336 0.042420536881006478 0.0044166355352407488 -0.055381057805663082 0.072361340123287904 -0.10127642699376903 0.051014004398903467 -0.16733110957770359 0.00042658374064280741 0.022178116079172184 -0.10148069317572034 0.097593470059791118 0.031135825329693903 -0.059798231880695697 -0.092565595963561287 0.065624622936138785 -0.036266370815859671 -0.018062597418651582 -0.00029946250057613123
leaf_weight=2017 3286 7289 3765 2772 10862 2964 5460 9128 7699 30669 8106 2713 7863 3136 6974 3610 9974 6464 5385 8198 16140 4345 3550 121124 3466 5233 5486 6876 3503 10382
leaf_count=2017 3286 7289 3765 2772 10862 2964 5460 9128 7699 30669 8106 2713 7863 3136 6974 3610 9974 6464 5385 8198 16140 4345 3550 121124 3466 5233 5486 6876 3503 10382
internal_value=-0.000141222 0.0293517 -0.104766 0.0341099 -0.0907435 -0.142628 -0.00720669 -0.134489 0.0465408 0.0408233 -0.103074 0.0224211 0.0595032 0.0291793 -0.0737255 0.0463846 -0.113172 0.0314847 -0.155727 0.0196434 0.0148638 -0.0820061 0.0707373 0.0304648 -0.0883472 -0.0795935 0.0784588 -0.0266121 0.00299551 0.00766036
internal_weight=328439 256220 72219 226713 52725 19494 29507 16530 64362 44691 30544 10412 19671 162351 22181 34279 18080 130724 7402 31627 24338 15207 11808 124260 12464 8699 9036 10162 19345 15842
internal_count=328439 256220 72219 226713 52725 19494 29507 16530 64362 44691 30544 10412 19671 162351 22181 34279 18080 130724 7402 31627 24338 15207 11808 124260 12464 8699 9036 10162 19345 15842
cat_boundaries=0 32 58 84 116 148 180 209 231 263
cat_threshold=0 0 0 0 0 0 0 0 0 0 0 0 0 0 0 0 0 0 0 0 0 0 26 0 0 784 0 0 400 0 0 49152 39 0 0 8192 0 0 0 0 0 4096 0 0 0 0 0 811597824 0 0 4127195136 3 0 3758096384 1 0 0 4 0 0 0 0 0 0 0 0 0 0 0 0 3932160 0 0 12582912 0 0 2113929216 0 0 4026531840 1 0 0 3 0 0 0 0 0 0 0 0 0 0 0 0 0 0 0 0 0 0 0 0 0 0 14 0 0 500 0 0 16320 0 0 49664 0 0 0 0 0 0 0 0 0 0 0 0 0 0 0 0 0 0 0 0 0 0 12 0 0 705 0 0 3968 0 0 11776 24 0 0 64 0 0 98304 0 0 16384 0 0 1835008 0 0 300941312 0 0 50331648 1 0 536870912 35 0 0 15 0 0 0 0 0 256 0 0 0 0 0 0 0 0 0 0 0 0 0 0 0 39845888 0 0 3321888768 1 0 268435456 0 0 0 5 0 0 32 0 0 0 0 0 0 0 0 0 0 0 0 0 0 0 0 0 0 100663296 0 0 1879048192 0 0 0 0 0 0 0 0 0 2097152 0 0 0 0 0 771751936 0 0 4043309056 0 0 268435456 0 0 0 1 0 0 0 0 0 4352
is_linear=0
shrinkage=0.05


Tree=50
num_leaves=31
num_cat=10
split_feature=41 41 41 41 23 3 41 12 13 5 34 5 27 5 30 33 5 37 37 5 5 38 5 37 39 37 5 5 35 5
split_gain=365140 17014.2 11966.1 4734.95 4428.84 3379.42 2285.59 2127.8 1744.21 1426.68 1300.96 1288.43 1286.78 1852.39 1206.32 1188.56 1221.71 1184.78 1160.22 1081.51 1057 1050.39 1038.89 1014.01 1012.83 919.408 1368.39 911.136 944.711 892.559
threshold=12.302085399627687 -4.2117428779602042 25.837391853332523 -11.662373065948485 31.818000793457035 3528.9951171875005 21.293244361877445 4.2916305065155038 1.8862346410751345 0 -6.6388854980468741 1 1009.0177307128907 2 0.18750000000000003 23.110079765319828 3 0.042385101318359382 2.5360527038574223 4 5 -1.2119245529174802 6 2.7851791381835942 1.917292654514313 -0.23837280273437497 7 8 3.0150413513183598 9
decision_type=2 2 2 2 2 2 2 2 2 9 2 9 2 9 2 2 9 2 2 9 9 2 9 2 2 2 9 9 2 9
left_child=1 3 6 7 8 14 -2 23 10 -10 11 -4 19 -14 -3 16 -5 20 -17 21 -8 -12 -15 -1 25 26 -6 -7 -29 -27
right_child=2 5 4 15 24 27 17 -9 9 -11 12 -13 13 22 -16 18 -18 -19 -20 -21 -22 -23 -24 -25 -26 29 -28 28 -30 -31
leaf_value=-0.14424116118647559 -0.0089217123089998639 -0.018997473439566006 -0.024311609351174837 -0.14329279730640415 0.068796467492762484 -0.11163993668265 -0.025227613007324064 -0.19051189416803715 0.067744710248192605 0.032738127530226278 -0.0064555378794364975 0.029939576028992859 -0.0021170527641722484 0.033853239681752537 -0.057921624731911418 -0.10449725334313298 -0.10723740345230802 0.023184666114089286 -0.066188493600454701 0.041824619310181048 0.010106477771626793 0.031178903600812047 0.023553241829106855 -0.10330843772235394 0.085699604671707841 0.036636745847069711 0.021717293481391776 -0.074239330734293424 -0.10330679476663028 0.063000213414148354
leaf_weight=7323 16747 2584 2175 4101 2165 2512 2627 2242 5686 6177 2035 2163 5141 49163 8848 13526 7658 16349 2396 36093 10547 20488 49655 2073 2162 4498 5437 19007 3368 12892
leaf_count=7323 16747 2584 2175 4101 2165 2512 2627 2242 5686 6177 2035 2163 5141 49163 8848 13526 7658 16349 2396 36093 10547 20488 49655 2073 2162 4498 5437 19007 3368 12892
internal_value=-9.08188e-05 -0.0964381 0.0288076 -0.119239 0.03397 -0.0717279 0.00582961 -0.146115 0.0311088 0.0496445 0.0297886 0.00275854 0.0305096 0.0271628 -0.0491478 -0.107891 -0.120136 0.0141975 -0.0987776 0.0364397 0.00303532 0.0277649 0.0286834 -0.13533 0.0527888 0.0499086 0.0353168 -0.0820762 -0.0786238 0.0562634
internal_weight=327838 75638 252200 39319 205930 36319 46270 11638 178776 11863 166913 4338 162575 103959 11432 27681 11759 29523 15922 58616 13174 22523 98818 9396 27154 24992 7602 24887 22375 17390
internal_count=327838 75638 252200 39319 205930 36319 46270 11638 178776 11863 166913 4338 162575 103959 11432 27681 11759 29523 15922 58616 13174 22523 98818 9396 27154 24992 7602 24887 22375 17390
cat_boundaries=0 26 55 84 116 139 171 193 219 251 277
cat_threshold=0 0 0 0 0 0 0 0 0 2113536 0 0 40632320 0 0 7340032 0 0 520093696 0 0 3758096384 1 0 0 3 0 0 0 64 0 0 3072 0 0 57344 0 0 262144 0 0 12582912 0 0 1174405120 0 0 4026531840 1 0 0 7 0 0 32 0 0 0 0 0 0 0 0 0 0 0 0 16777216 0 0 503316480 0 0 4043309056 1 0 2415919104 1 0 0 3 0 0 32 0 0 0 0 0 0 0 0 0 0 0 0 0 0 0 0 0 0 0 0 0 0 26 0 0 784 0 0 272 0 0 2048 989 0 0 9792 0 0 134144 0 0 28672 0 0 458752 0 0 275775488 0 0 2785017856 3 0 0 1 0 0 0 0 0 0 0 0 0 0 0 0 3932160 0 0 130023424 0 0 0 0 0 0 0 0 0 3 0 0 32 0 0 4352 15 0 0 8432 0 0 134912 0 0 2224128 0 0 1966080 0 0 14680064 0 0 234881024 0 0 1073741824 0 0 0 0 0 0 2048 0 0 49152 0 0 3670016 0 0 50331648 0 0 402653184 0 0 2147483648 0 0 0 4 0 0 0 0 0 0 0 0 0 0 0 0 0 0 0 0 0 0 0 0 0 0 0 0 0 0 0 0 3856 0 0 512 8 0 0 128 0 0 4096 0 0 2162688 0 0 131072 0 0 537919488 0 0 2013265920 0 0 3221225472 1 0 0 7
is_linear=0
shrinkage=0.05


Tree=51
num_leaves=31
num_cat=1
split_feature=41 41 41 41 41 43 41 30 18 33 10 33 33 37 37 29 1 10 38 40 37 29 20 9 33 1 29 40 41 43
split_gain=330525 14936.1 10862.3 4500.47 3965.88 2732.48 2063.99 1554.26 1508.61 1408.39 1297.43 1734.82 1165.01 1127.5 1123.07 1054.34 973.025 953.131 948.039 884.446 850.175 915.224 837.635 815.503 814.364 902.895 890.48 812.631 722.613 712.321
threshold=12.302085399627687 -3.9496663808822627 25.837391853332523 -12.228732109069822 29.992927551269535 2.8454093933105473 20.314286231994632 1002.1875000000001 1.5115383267402651 23.220671653747562 1.5005409121513369 23.72678375244141 24.27590370178223 -1.7022323608398435 -0.30221939086914057 0.29694747924804693 87.750000000000014 2.5765664577484135 0.092852592468261733 3.8408775329589848 0.38199234008789068 0.12665176391601565 1.845802962779999 0 22.023360252380375 75.250000000000014 0.1961936950683594 3.6648797988891606 28.009403228759769 -3.3284517526626582
decision_type=2 2 2 2 2 2 2 2 2 2 2 2 2 2 2 2 2 2 2 2 2 2 2 9 2 2 2 2 2 2
left_child=1 3 6 12 20 15 24 14 -9 -5 23 22 17 -11 -6 -3 27 -1 -10 -19 28 -22 -12 -8 25 -2 -26 -15 -4 -17
right_child=2 5 4 9 7 -7 10 8 18 13 11 -13 -14 16 -16 29 -18 19 -20 -21 21 -23 -24 -25 26 -27 -28 -29 -30 -31
leaf_value=-0.1272286239581098 -0.049227863956841575 -0.051456849519351082 0.021788554295590797 -0.11463538175419573 0.037942812767635475 -0.045467728412320656 0.032486430334503096 0.045147468883763461 -0.0070693719243672508 -0.12809647812796629 0.0010819254040235215 0.028183818514208689 -0.10583112539204212 -0.10470270650387972 0.059007042680108791 -0.097736872698646518 -0.068786102706733215 -0.18919163588332613 0.034367111778397366 -0.14415519998862569 0.04620516354037988 0.030160472061051619 -0.028017857019756995 0.011494392512291625 0.026903372587472343 -0.011248209626052254 -0.018344389745468311 -0.071449428638089049 0.029756913346520392 -0.075626815259918129
leaf_weight=3238 2061 3681 48573 13524 9386 10021 8259 8633 3039 2028 6529 4158 2030 7758 19958 4882 4738 2115 2515 2865 12317 32454 3970 10618 2350 6442 2007 2543 69299 16542
leaf_count=3238 2061 3681 48573 13524 9386 10021 8259 8633 3039 2028 6529 4158 2030 7758 19958 4882 4738 2115 2515 2865 12317 32454 3970 10618 2350 6442 2007 2543 69299 16542
internal_value=-0.00012266 -0.0915617 0.0273821 -0.112132 0.0323006 -0.0676206 0.00552179 0.0457085 0.0320795 -0.102443 0.0120518 0.000888648 -0.140925 -0.0927211 0.0522846 -0.0764416 -0.0878688 -0.149455 0.0117222 -0.163623 0.0287094 0.0345839 -0.0099378 0.0207144 -0.0115022 -0.0205009 0.00606625 -0.0965708 0.0264754 -0.0807084
internal_weight=328533 75965 252568 40839 206174 35126 46394 43531 14187 30591 33534 14657 10248 17067 29344 25105 15039 8218 5554 4980 162643 44771 10499 18877 12860 8503 4357 10301 117872 21424
internal_count=328533 75965 252568 40839 206174 35126 46394 43531 14187 30591 33534 14657 10248 17067 29344 25105 15039 8218 5554 4980 162643 44771 10499 18877 12860 8503 4357 10301 117872 21424
cat_boundaries=0 1
cat_threshold=16
is_linear=0
shrinkage=0.05


Tree=52
num_leaves=31
num_cat=8
split_feature=44 44 44 23 24 13 5 33 23 13 33 9 22 3 32 24 5 33 28 37 5 44 5 36 28 5 33 5 21 5
split_gain=298942 12463.9 11840.2 3665.9 2824.98 2813.65 2925.93 2336.89 2105.45 1636.95 1330.65 1159.79 1118.32 943.77 1011.48 924.89 892.719 1098.06 1050.65 890.458 1095.79 880.047 869.803 833.154 764.04 759.297 650.401 694.044 644.409 673.115
threshold=9.5607824325561541 25.975798606872562 -6.2574136257171622 31.818000793457035 23.614379882812504 4.7434003353118905 0 24.543168067932132 0.35860443115234381 1.7980015873908999 25.670975685119632 1 0.064373016357421889 361.97482299804693 627.07894897460949 -4.8883361816406241 2 23.552832603454593 1010.6271972656251 -0.30221939086914057 3 28.281007766723636 4 6.641864776611329 1012.5784301757814 5 23.761343955993656 6 2.8237762451171879 7
decision_type=2 2 2 2 2 2 9 2 2 2 2 9 2 2 2 2 9 2 2 2 9 2 9 2 2 9 2 9 2 9
left_child=2 4 5 9 -2 6 7 15 11 21 22 16 -8 14 -6 23 -4 18 -18 20 -5 -3 -11 -1 -10 -23 27 -15 29 -14
right_child=1 3 8 19 13 -7 12 -9 24 10 -12 -13 28 26 -16 -17 17 -19 -20 -21 -22 25 -24 -25 -26 -27 -28 -29 -30 -31
leaf_value=-0.13859374834243496 -0.018865395344748064 0.022733184642103457 -0.092697724215536279 0.010564577773620749 0.022295612163507974 -0.1698131988880214 -0.080903090461814167 -0.10002334164833993 -0.067832565217464322 0.014120379322850752 0.075412296485743047 -0.11213081319912542 -0.13815916563599595 -0.026723828273488043 -0.0093055945935304318 -0.11899313291617337 -0.10501286153530925 -0.05987384124953804 -0.069016403844371368 0.053219958167996489 0.049671908966504461 0.013181409826526328 0.045952969957917832 -0.18254969639680318 -0.044461098911610347 0.031220141190345468 0.017126002321666552 0.0013143028783643208 -0.081814909412602665 -0.10196879268710519
leaf_weight=2501 12127 77819 7133 3198 15127 2118 7327 4268 7667 3087 2815 2785 2404 2924 3035 2156 3621 10113 4871 19772 4128 6338 7349 2327 6616 85175 4236 8818 2017 4570
leaf_count=2501 12127 77819 7133 3198 15127 2118 7327 4268 7667 3087 2815 2785 2404 2924 3035 2156 3621 10113 4871 19772 4128 6338 7349 2327 6616 85175 4236 8818 2017 4570
internal_value=-4.28777e-05 0.0253445 -0.0896669 0.0305272 0.00185495 -0.113947 -0.109595 -0.129548 -0.072805 0.0279772 0.0449091 -0.0806739 -0.0956273 0.00921848 0.0170126 -0.147607 -0.0771543 -0.0711019 -0.0844708 0.0476919 0.0327203 0.0266497 0.0366168 -0.160113 -0.0570454 0.0299772 0.000353882 -0.00570619 -0.10763 -0.114968
internal_weight=328442 255948 72494 209681 46267 29688 27570 11252 42806 182583 13251 28523 16318 34140 18162 6984 25738 18605 8492 27098 7326 169332 10436 4828 14283 91513 15978 11742 8991 6974
internal_count=328442 255948 72494 209681 46267 29688 27570 11252 42806 182583 13251 28523 16318 34140 18162 6984 25738 18605 8492 27098 7326 169332 10436 4828 14283 91513 15978 11742 8991 6974
cat_boundaries=0 32 33 65 87 119 151 183 215
cat_threshold=0 0 0 0 0 0 0 0 0 0 0 0 0 0 0 0 0 0 0 0 0 0 26 0 0 784 0 0 384 0 0 16384 48 0 0 0 0 0 0 0 0 0 0 0 0 0 0 0 0 0 0 0 0 0 0 0 0 0 8 0 0 4032 0 0 16896 0 0 0 0 0 0 4096 0 0 0 0 0 393216 0 0 552599552 0 0 637534208 0 0 1073741824 8 0 0 128 0 0 1024 0 0 0 0 0 0 0 0 352321536 0 0 3221225472 3 0 268435456 0 0 0 7 0 0 48 0 0 256 896 0 0 4096 0 0 0 0 0 0 0 0 0 0 0 268435456 0 0 3791650816 1 0 805306368 1 0 0 4 0 0 0 0 0 256 0 0 0 0 0 0 3072 0 0 16384 0 0 0 0 0 14680064 0 0 3456106496 0 0 0 50 0 0 11 0 0 48 0 0 256 0 0 0 0 0 0 0 0 0 0 0 0 0 0 0 0 0 0 0 0 0 0 0 0 0 0 0 0 15888 0 0 32768
is_linear=0
shrinkage=0.05


Tree=53
num_leaves=31
num_cat=8
split_feature=41 41 24 41 5 41 33 29 5 5 41 41 33 5 29 5 7 40 34 24 34 5 37 41 37 29 5 14 5 40
split_gain=268969 11907.8 10720.3 4042.72 2771.89 2188.21 1932.18 1710.6 2702.16 1623.82 1454.07 1394.73 1303.05 1710.39 1257.01 1055.82 1048.94 993.415 874.487 867.738 861.146 847.022 841.214 793.02 760.862 754.036 774.221 751.834 725.779 696.127
threshold=8.6004199981689471 22.759197235107425 -2.5108795166015621 29.017740249633793 0 -1.6543622612953184 24.543168067932132 0.29694747924804693 1 2 17.710202217102054 -12.748454570770262 22.819392204284672 3 0.32147979736328131 4 1.5000000000000002 3.0432109832763676 -4.4251708984374991 -6.5183105468749991 -3.6136169433593746 5 0.091857910156250014 26.697682380676273 -0.20405197143554685 0.73296737670898449 6 1.9244790673255923 7 3.4275355339050297
decision_type=2 2 2 2 9 2 2 2 9 9 2 2 2 9 2 9 2 2 2 2 2 9 2 2 2 2 9 2 9 2
left_child=2 10 4 15 6 12 19 9 -9 -5 -2 29 20 -14 -7 -3 -13 -18 21 -1 -4 -16 23 -17 -19 -10 -27 -11 -24 -6
right_child=1 3 5 7 11 14 -8 8 25 27 -12 16 13 -15 18 22 17 24 -20 -21 -22 -23 28 -25 -26 26 -28 -29 -30 -31
leaf_value=-0.16342138279411511 -0.021713307899568903 0.0083185376574687053 -0.10830837084269546 0.054687830883383332 -0.14023748519680132 -0.03154737452462815 -0.10030402850368428 -0.019735503253838715 0.03921707361731594 0.040647397292948945 0.0018920022052568008 -0.11190883764012871 -0.047503870801693854 -0.083119568856131087 -0.10494666909212809 0.01113602973241673 -0.096661219697466064 -0.082990584676274334 -0.054505219026928953 -0.12361407834178893 -0.074291311375001556 -0.065769605438068063 0.038193235560688904 0.023511871573722344 -0.039811644400422758 -0.0042513556219345751 0.033247138297602806 0.022259613298346442 0.025754605527332965 -0.10257821071415259
leaf_weight=4049 10202 10901 5630 18836 2376 3565 3157 2765 13975 20302 18060 3322 4993 11521 2112 16394 3769 2001 9746 2391 2950 5010 15204 62010 2144 2375 3253 7715 54163 2983
leaf_count=4049 10202 10901 5630 18836 2376 3565 3157 2765 13975 20302 18060 3322 4993 11521 2112 16394 3769 2001 9746 2391 2950 5010 15204 62010 2144 2375 3253 7715 54163 2983
internal_value=1.37029e-05 0.0239767 -0.0855652 0.027773 -0.111069 -0.0708717 -0.132868 0.0378574 0.0264601 0.0432917 -0.00663369 -0.0982507 -0.0807912 -0.0724655 -0.0586559 0.0233715 -0.0881034 -0.0779822 -0.0643631 -0.148857 -0.0967126 -0.0777576 0.0244791 0.0209259 -0.0608059 0.0329759 0.0174948 0.035581 0.0284953 -0.119505
internal_weight=327874 256155 71719 227893 26192 45527 9597 69221 22368 46853 28262 16595 25094 16514 20433 158672 11236 7914 16868 6440 8580 7122 147771 78404 4145 19603 5628 28017 69367 5359
internal_count=327874 256155 71719 227893 26192 45527 9597 69221 22368 46853 28262 16595 25094 16514 20433 158672 11236 7914 16868 6440 8580 7122 147771 78404 4145 19603 5628 28017 69367 5359
cat_boundaries=0 32 58 87 119 151 183 209 238
cat_threshold=0 0 0 0 0 0 0 0 0 0 0 0 0 0 0 0 0 0 0 0 0 0 26 0 0 768 0 0 384 0 0 51200 0 0 0 0 0 0 0 0 0 0 0 0 0 0 0 6291456 0 0 1577058304 2 0 3221225472 1 0 0 4 0 0 0 0 0 0 0 0 0 2097152 0 0 54001664 0 0 536870912 0 0 503316480 0 0 4026531840 0 0 0 7 0 0 32 0 0 0 0 0 0 0 0 0 0 0 0 0 0 0 0 0 0 0 0 0 0 56 0 0 961 0 0 12288 0 0 34816 0 0 0 0 0 0 0 0 0 0 0 0 0 0 0 276824064 0 0 2147483648 3 0 805306368 35 0 0 11 0 0 32 0 0 256 0 0 0 0 0 0 0 0 0 0 0 0 0 0 0 0 0 0 0 0 0 0 0 0 0 384 0 0 16336 0 0 44288 0 0 0 0 0 0 146432 0 0 2342912 0 0 262144 0 0 0 0 0 0 0 0 0 0 0 0 2 0 0 0 16 0 0 133632 0 0 2097152 0 0 3932160 0 0 106954752 0 0 1006632960 0 0 3221225472 0 0 0 4 0 0 16
is_linear=0
shrinkage=0.05


Tree=54
num_leaves=31
num_cat=8
split_feature=24 24 41 24 23 41 29 34 34 35 38 5 17 29 5 5 34 5 5 5 34 29 24 5 39 20 29 5 29 34
split_gain=243645 12601.4 7485.05 3409.51 3019.9 2722.05 1558.49 1420.1 1334.97 1597.01 1333.97 1302.93 1226.39 1138.38 1409.8 1086.18 1015.54 1428.84 1007.83 1003.96 867.98 1396.3 853.571 997.133 850.929 883.886 1022.07 664.337 646.341 646.33
threshold=18.316314697265629 -1.2328491210937498 26.102324485778812 7.3887023925781259 31.818000793457035 -17.039490699768063 1.0000000180025095e-35 -3.4505310058593746 -7.4174194335937491 0.73289871215820324 -1.8714020848274229 0 2.1719624996185307 0.59317779541015636 1 2 -6.0403442382812491 3 4 5 -5.3731384277343741 0.56055068969726574 28.906661987304691 6 1.917292654514313 2.1424696445465092 0.12665176391601565 7 0.2109947204589844 1.1975097656250002
decision_type=2 2 2 2 2 2 2 2 2 2 2 9 2 2 9 9 2 9 9 9 2 2 2 9 2 2 2 9 2 2
left_child=1 5 6 7 12 -1 15 13 -7 19 -11 29 16 -3 -15 -2 17 -4 28 -10 21 -5 -18 -24 25 -6 -27 -12 -14 -8
right_child=2 3 4 20 24 8 11 -9 9 10 27 -13 18 14 -16 -17 22 -19 -20 -21 -22 -23 23 -25 -26 26 -28 -29 -30 -31
leaf_value=-0.15181107328719512 0.047797564208065406 -0.064079835514398858 -0.018042915761454489 -0.028473719721484464 0.046370972058195292 -0.11719266485829299 0.0058906539353471149 -0.058065394884681189 -0.092198084788634893 -0.12937295361359036 -0.068702868839552775 -0.0062932719507756297 0.072225999001532676 -0.05559073525820029 -0.10045255779238216 0.012192899473067429 0.020768283648109887 0.029832879913373096 0.028460086392433817 -0.062298578834285058 -0.029919433234390953 -0.085803850085145947 0.010684865459053845 0.029826370069431108 0.073850431240248399 0.03925694535610183 -0.0037393215371343581 -0.10538135719276882 0.035677216677031741 0.026641135663866968
leaf_weight=2562 3276 7420 3264 2112 18812 6876 13131 14760 6929 3965 2336 21537 3125 2436 7848 6216 62146 2947 7006 5317 8591 2157 7438 87005 2152 3988 2110 3550 2027 5249
leaf_count=2562 3276 7420 3264 2112 18812 6876 13131 14760 6929 3965 2336 21537 3125 2436 7848 6216 62146 2947 7006 5317 8591 2157 7438 87005 2152 3988 2110 3550 2027 5249
internal_value=1.26583e-05 -0.0778894 0.0238286 -0.0609769 0.0280949 -0.10217 0.0063827 -0.0696136 -0.0977295 -0.0916228 -0.106717 0.00205001 0.0256877 -0.0792032 -0.0900419 0.0245817 0.0245406 0.00470362 0.0410144 -0.0794037 -0.0391372 -0.0575738 0.0253271 0.0283244 0.0436422 0.0410039 0.0243978 -0.0912611 0.0578312 0.0118215
internal_weight=328288 76859 251429 45324 202020 31535 49409 32464 28973 22097 9851 39917 174958 17704 10284 9492 162800 6211 12158 12246 12860 4269 156589 94443 27062 24910 6098 5886 5152 18380
internal_count=328288 76859 251429 45324 202020 31535 49409 32464 28973 22097 9851 39917 174958 17704 10284 9492 162800 6211 12158 12246 12860 4269 156589 94443 27062 24910 6098 5886 5152 18380
cat_boundaries=0 32 64 96 125 151 180 209 241
cat_threshold=0 0 0 192 0 0 19456 0 0 4083712 0 0 65208320 0 0 1040187392 0 0 4026531840 0 0 268435456 0 0 0 0 0 0 0 0 0 4096 0 0 0 0 0 0 0 0 0 0 0 0 0 0 0 0 0 0 3221225472 1 0 0 51 0 0 540 0 0 32 0 0 70144 0 0 0 0 0 0 0 0 0 0 0 0 262144 0 0 3145728 0 0 251658240 0 0 1879048192 0 0 0 2 0 0 32 0 0 4096 0 0 0 0 0 0 3072 0 0 258048 0 0 262144 0 0 14680064 0 0 234881024 2 0 4026531840 0 0 0 6 0 0 32 0 0 0 0 0 0 0 0 0 0 0 0 54263808 0 0 551550976 0 0 503316480 2 0 3758096384 0 0 0 1 0 0 0 0 0 0 0 0 0 0 0 0 0 0 0 0 0 0 0 0 0 0 15 0 0 920 0 0 2432 896 0 0 12288 0 0 0 0 0 0 0 0 0 0 0 301989888 0 0 3758096384 1 0 0 1 0 0 0 0 0 32 0 0 0 0 0 0 0 0 0 0 0 0 0 0 0 0 0 0 0 0 0 0 9 0 0 196 0 0 13536 0 0 26112
is_linear=0
shrinkage=0.05


Tree=55
num_leaves=31
num_cat=12
split_feature=42 42 42 34 31 27 34 43 30 5 5 33 33 5 29 42 5 5 5 27 5 19 5 35 5 5 5 36 29 5
split_gain=218978 10874.4 6437.74 3503.09 2879.07 2718.71 2144.55 1867.79 1842.62 1852.3 1804.75 1763.49 1530.13 1670.11 1187.87 1111.32 1133.94 1065.09 970.442 938.801 1066.76 818.785 1303.77 768.669 881.53 753.357 724.769 716.016 699.216 666.461
threshold=13.188972473144533 -4.1202850341796866 26.67935943603516 -14.996643066406248 46.906227111816413 1008.7241516113282 -6.8556518554687491 4.4799168109893808 582.31250000000011 0 1 24.543168067932132 23.654208183288578 2 0.32560729980468756 -11.562671661376951 3 4 5 1008.3797607421876 6 1.2278052568435671 7 1.6150474548339846 8 9 10 5.2943229675292978 0.65995407104492199 11
decision_type=2 2 2 2 2 2 2 2 2 9 9 2 2 9 2 2 9 9 9 2 9 2 9 2 9 9 9 2 2 9
left_child=1 3 6 -1 -5 8 -2 19 17 14 -7 15 13 -8 26 16 -6 -4 -12 -3 -21 -14 -23 27 -25 -13 -10 29 -11 -22
right_child=2 7 5 4 11 10 12 -9 9 28 18 25 21 -15 -16 -17 -18 -19 -20 20 23 22 -24 24 -26 -27 -28 -29 -30 -31
leaf_value=-0.15181740264392951 -0.04254322108088765 -0.093457258208318739 0.054180295433562169 -0.070684133854242645 -0.15645002069622149 -0.011451420090310182 -0.0087825959880555565 -0.032895738312481153 0.036864829361156579 0.037275300572185116 0.027585748998598465 -0.056254543247534983 0.0096939963555017373 0.011971797516543608 -0.011352135651070801 -0.096887246131080351 -0.10929324477170069 0.035162365487437702 0.018078348267088769 -0.082259366428359376 -0.063036986747718141 0.017281511612772034 0.062378310893858216 -0.082021182246928559 -0.045409275530541769 -0.090726032224855882 0.0071119606015687875 -0.031035257245712617 0.022195707526758413 -0.034757931713111569
leaf_weight=2332 2034 2014 13133 14297 2261 3963 14032 7946 4019 28372 54435 2244 4408 31251 4035 6930 4267 17527 53587 3903 7117 3613 2915 4171 2968 7878 4196 4832 10624 3149
leaf_count=2332 2034 2014 13133 14297 2261 3963 14032 7946 4019 28372 54435 2244 4408 31251 4035 6930 4267 17527 53587 3903 7117 3613 2915 4171 2968 7878 4196 4832 10624 3149
internal_value=-0.000112414 -0.074318 0.0223473 -0.0922089 -0.0884998 0.0267263 0.00776978 -0.0543708 0.0336511 0.0278394 0.021659 -0.0992673 0.00959735 0.00554075 0.0108363 -0.111212 -0.126247 0.0433527 0.0228736 -0.0604179 -0.0578376 0.0263742 0.0376054 -0.0534551 -0.067063 -0.083292 0.0217485 -0.0470159 0.0331653 -0.0545001
internal_weight=328453 76309 252144 40209 37877 193891 58253 36100 81906 51246 111985 23580 56219 45283 12250 13458 6528 30660 108022 28154 26140 10936 6528 22237 7139 10122 8215 15098 38996 10266
internal_count=328453 76309 252144 40209 37877 193891 58253 36100 81906 51246 111985 23580 56219 45283 12250 13458 6528 30660 108022 28154 26140 10936 6528 22237 7139 10122 8215 15098 38996 10266
cat_boundaries=0 29 55 87 116 145 167 199 231 263 295 321 353
cat_threshold=5 0 0 32 0 0 256 0 0 28672 0 0 458752 0 0 14680064 0 0 3456106496 1 0 4026531840 0 0 0 7 0 0 32 0 0 0 0 0 0 0 0 0 0 0 0 0 0 0 503316480 0 0 4026531840 1 0 0 1 0 0 6 0 0 0 64 0 0 1024 0 0 16384 0 0 917504 0 0 32505856 0 0 117440512 1 0 805306368 51 0 0 15 0 0 112 0 0 14592 0 0 0 0 0 0 0 0 0 0 0 0 0 0 0 0 0 0 0 0 0 0 10 0 0 400 0 0 400 768 0 0 0 0 0 16384 0 0 524288 0 0 2686976 0 0 50331648 0 0 1493172224 0 0 4026531840 0 0 0 3 0 0 32 7 0 0 8432 0 0 139008 0 0 2224128 0 0 917504 0 0 14680064 0 0 234881024 0 0 1073741824 0 0 0 0 0 0 0 0 0 0 0 0 0 0 0 0 0 0 0 0 0 0 0 0 0 0 0 0 3808 0 0 17408 0 0 0 0 0 0 0 0 0 0 0 0 2097152 0 0 33554432 0 0 1879048192 0 0 3758096384 3 0 0 15 0 0 112 0 0 256 0 0 0 0 0 0 0 0 0 0 0 0 0 0 0 0 0 0 0 1 0 0 14 0 0 997 0 0 16 0 0 34816 0 0 0 0 0 0 0 0 0 0 0 0 0 0 0 0 0 0 0 0 0 0 57 0 0 549 0 0 12336 0 0 43008 0 0 0 32 0 0 0 0 0 20480 0 0 0 0 0 4194304 0 0 234881024 0 0 3758096384 0 0 0 6 0 0 0 0 0 0 0 0 0 0 0 0 0 0 0 0 0 0 0 0 0 0 31 0 0 60 0 0 12544 0 0 32768
is_linear=0
shrinkage=0.05


Tree=56
num_leaves=31
num_cat=8
split_feature=24 24 41 41 5 27 24 33 5 41 34 41 5 27 5 5 39 34 8 25 33 38 31 24 30 12 31 5 12 5
split_gain=200286 8612.76 8308.04 3030.77 2288.22 2015.41 2282.85 1703.01 1279.05 2115.63 1264.75 1180.66 1148.5 1121.26 1282.3 1238.69 917.709 1152.28 907.607 863.543 957.249 862.591 768.014 761.023 700.414 659.455 651.791 629.942 626.147 577.844
threshold=14.392944335937502 -2.5108795166015621 23.010026931762699 30.069694519042972 0 1008.2954101562501 5.4843444824218759 24.543168067932132 1 32.533596038818366 -9.3986511230468732 17.710202217102054 2 1009.242889404297 3 4 1.6108145713806155 -7.5357971191406241 5 3.3472146987915044 22.463808059692386 -0.86958312988281239 36.680400848388679 -9.1017456054687482 1492.4375000000002 1.5543925762176516 67.701667785644545 6 1.9522008895874026 7
decision_type=2 2 2 2 9 2 2 2 9 2 2 2 9 2 9 9 2 2 1 2 2 2 2 2 2 2 2 9 2 9
left_child=1 4 11 13 7 -3 12 23 16 24 -6 -2 22 14 21 -15 17 -5 -12 20 25 -4 -7 -1 -10 -13 -20 -8 -17 -16
right_child=2 5 3 8 10 6 27 -9 9 -11 18 19 -14 15 29 28 -18 -19 26 -21 -22 -23 -24 -25 -26 -27 -28 -29 -30 -31
leaf_value=-0.14797283512024187 -0.019377868612299676 -0.098681680095404914 -0.01686348593314731 0.013654202707921378 -0.11278815647971251 -0.055647721692541598 -0.049305727661391761 -0.085404255735543153 0.037666458206710468 -0.01717277675119749 -0.096572260542313063 0.0083214413959864838 -0.05249118544460793 0.010161030042179234 0.04212720916212398 0.020671388553645521 0.076079443304530342 0.046618266290372204 -0.057044581197105107 -0.022933426778342567 0.030384462488568516 0.018009174713981068 -0.078920685976934177 -0.11368379593304789 0.013025530256662267 -0.015705815054047605 -0.086366765786652755 -0.026656951942221202 0.043722142811338821 0.027545091128157687
leaf_weight=3013 9178 3180 2016 3181 2992 4963 7292 3574 14898 2376 3865 8926 12117 34320 8054 74432 2102 16219 5717 2860 3399 14305 13605 4190 3593 4187 2941 5550 3067 48284
leaf_count=3013 9178 3180 2016 3181 2992 4963 7292 3574 14898 2376 3865 8926 12117 34320 8054 74432 2102 16219 5717 2860 3399 14305 13605 4190 3593 4187 2941 5550 3067 48284
internal_value=-7.40489e-05 -0.0731057 0.0208023 0.0240015 -0.0960099 -0.0601949 -0.0573611 -0.114002 0.0360628 0.0271694 -0.0833196 -0.00461621 -0.0647769 0.0212295 0.0260676 0.0180837 0.0446435 0.041223 -0.0762611 0.0023839 0.00678028 0.0136856 -0.0726943 -0.128212 0.0328881 0.000643381 -0.0670931 -0.0396049 0.0215864 0.0296439
internal_weight=328396 72999 255397 226847 26292 46707 43527 10777 42369 20867 15515 28550 30685 184478 72659 111819 21502 19400 12523 19372 16512 16321 18568 7203 18491 13113 8658 12842 77499 56338
internal_count=328396 72999 255397 226847 26292 46707 43527 10777 42369 20867 15515 28550 30685 184478 72659 111819 21502 19400 12523 19372 16512 16321 18568 7203 18491 13113 8658 12842 77499 56338
cat_boundaries=0 32 61 93 125 157 158 190 212
cat_threshold=0 0 0 0 0 0 0 0 0 0 0 0 0 0 0 0 0 0 0 0 0 0 26 0 0 784 0 0 384 0 0 51200 8 0 0 128 0 0 2048 0 0 81920 0 0 8126464 0 0 536870912 0 0 16777216 0 0 1879048192 0 0 0 7 0 0 32 0 0 0 0 0 0 0 0 0 0 0 0 0 0 0 0 0 0 0 0 0 0 14 0 0 57 0 0 4080 0 0 17920 904 0 0 8320 0 0 3072 0 0 118784 0 0 1507328 0 0 0 0 0 2147483648 3 0 268435456 35 0 0 9 0 0 48 0 0 256 16 0 0 2048 0 0 49152 0 0 1966080 0 0 65011712 0 0 385875968 0 0 3774873600 3 0 2952790016 33 0 0 7 0 0 0 0 0 256 4 0 0 0 0 0 0 0 0 0 0 0 0 0 0 0 0 0 0 0 0 0 0 6 0 0 501 0 0 12880 0 0 49920 0 0 0 16 0 0 0 0 0 0 0 0 0 0 0 132120576 0 0 1040187392 0 0 1073741824
is_linear=0
shrinkage=0.05


Tree=57
num_leaves=31
num_cat=0
split_feature=41 44 44 41 41 36 30 18 30 27 27 27 30 18 7 29 3 39 27 19 29 1 14 27 13 31 19 44 19 19
split_gain=178510 8305.88 7625.11 2595.6 2024.56 1896.95 1486.53 1304.34 1203.67 1153.25 1147.42 1071.83 970.194 1252.8 894.073 855.206 1459.93 809.54 808.769 767.529 756.027 937.061 705.713 1004.36 637.841 627.912 839.653 617.403 606.537 593.974
threshold=8.6004199981689471 24.14688873291016 -9.2434720993041974 30.252863883972172 -2.2577089071273799 4.616260528564454 0.18750000000000003 2.1168541908264165 4.0625000000000009 1009.242889404297 1013.9350891113282 1016.3380737304689 867.31250000000011 2.0581488609313969 2.5000000000000004 0.39170455932617193 156.04345703125003 1.0634051561355593 1006.5132751464845 2.3524290323257451 0.76236724853515636 88.250000000000014 1.8271866440773012 1012.7288513183595 2.4299496412277226 39.078790664672859 1.6159074306488039 -16.083772659301754 2.0490984916687016 1.8516463637351992
decision_type=2 2 2 2 2 2 2 2 2 2 2 2 2 2 2 2 2 2 2 2 2 2 2 2 2 2 2 2 2 2
left_child=2 6 5 9 20 10 11 -8 17 15 -1 -2 24 -14 27 18 -17 -6 -3 -12 21 -4 -11 25 28 -24 -27 -7 -5 -22
right_child=1 3 4 12 8 14 7 -9 -10 22 19 -13 13 -15 -16 16 -18 -19 -20 -21 29 -23 23 -25 -26 26 -28 -29 -30 -31
leaf_value=-0.11274825286501473 0.0024924493810268133 0.044193894263303717 -0.071431043471508165 0.040333358819529354 -0.04518196921098977 -0.14392023210310564 -0.0062598522240978009 -0.037649524371907189 -0.055173098537714051 0.018581422795723269 -0.089160540847717018 0.042123816752673515 0.030153844453106649 -0.011481893061904665 -0.090028424643380345 0.023827779333120105 -0.0046463247779493779 -0.0068234232028908277 0.026511537246548218 -0.054689702485647466 -0.055635225022858628 -0.048562709618811817 0.020657060569301052 0.028230256924704274 0.064530944401458221 0.0052847352766165001 -0.029625512762343501 -0.11068500849300447 0.012987608467138412 -0.085889332610355473
leaf_weight=2015 9435 8002 11784 20884 3155 2296 15581 4194 17772 97672 2860 2073 12136 2117 3462 26690 5411 2440 34300 3901 2127 7410 2171 3648 2461 3910 3065 4554 2259 8106
leaf_count=2015 9435 8002 11784 20884 3155 2296 15581 4194 17772 97672 2860 2073 12136 2117 3462 26690 5411 2440 34300 3901 2127 7410 2171 3648 2461 3910 3065 4554 2259 8106
internal_value=-3.2609e-05 0.0195165 -0.0696502 0.0228766 -0.0598358 -0.0967495 -0.00462055 -0.0129328 -0.0488004 0.0203794 -0.0794557 0.00966184 0.0344515 0.023966 -0.111376 0.0251933 0.0190282 -0.0284957 0.0298661 -0.0693815 -0.0685791 -0.0626324 0.017135 0.00608693 0.0402768 -0.00276641 -0.0100762 -0.122018 0.0376709 -0.0796613
internal_weight=327891 256009 71882 224726 52794 19088 31283 19775 23367 184869 8776 11508 39857 14253 10312 74403 32101 5595 42302 6761 29427 19194 110466 12794 25604 9146 6975 6850 23143 10233
internal_count=327891 256009 71882 224726 52794 19088 31283 19775 23367 184869 8776 11508 39857 14253 10312 74403 32101 5595 42302 6761 29427 19194 110466 12794 25604 9146 6975 6850 23143 10233
is_linear=0
shrinkage=0.05


Tree=58
num_leaves=31
num_cat=0
split_feature=44 44 44 44 41 33 10 30 19 39 33 30 37 1 39 19 31 33 17 17 14 13 20 44 13 10 33 19 38 41
split_gain=161867 7212.33 6922.54 2605.98 1855.16 1426.33 1476.57 1328.84 1270.23 1220.15 1059.7 979.109 970.738 936.113 909.376 1081.24 890.81 878.769 847.46 838.935 816.647 1013.39 1199.93 955.59 760.926 1208.55 866.578 755.374 942.785 741.609
threshold=9.5607824325561541 23.004340171813968 -8.805567264556883 29.136693954467777 -1.0316247344017027 24.543168067932132 2.6409658193588261 1.0000000180025095e-35 2.0612000226974492 1.974758565425873 23.220671653747562 0.18750000000000003 0.84605026245117199 88.250000000000014 1.2976275086402895 2.8635715246200566 27.784189224243168 25.982016563415531 3.5011873245239262 2.489892959594727 1.9244790673255923 2.2590000629425053 2.174884676933289 33.705589294433601 2.4624123573303227 1.7280626296997073 23.941056251525882 1.4112696051597597 -0.5414295196533202 25.36297702789307
decision_type=2 2 2 2 2 2 2 2 2 2 2 2 2 2 2 2 2 2 2 2 2 2 2 2 2 2 2 2 2 2
left_child=2 7 5 24 10 6 18 27 -7 12 -4 -6 20 16 -8 -16 -12 -14 -1 -9 23 22 -22 -5 25 -3 29 -2 -29 -27
right_child=1 3 4 9 11 8 14 19 -10 -11 13 -13 17 -15 15 -17 -18 -19 -20 -21 21 -23 -24 -25 -26 26 -28 28 -30 -31
leaf_value=-0.09339037110828069 -0.009714000375191394 0.018668000008588297 -0.074021487666432739 0.026822832459972218 -0.010547597057613337 -0.098178267194130142 -0.14356556133521234 -0.011197534440776417 -0.050279900393479217 0.065790447221234241 -0.034185498990013316 -0.047502703144846767 0.030319227248340803 -0.040595313014042386 -0.12398090029458722 -0.077043132320077548 -0.069499021128151303 0.054488878609655747 -0.054759217043679954 -0.044711425009179295 0.018491186910563503 0.046207344239361833 -0.015411526168193222 0.059684894186200911 0.040359415705064017 -0.018922879690681668 0.022801901994996425 0.046880461805798364 0.0037198745225077694 0.0074104706844225939
leaf_weight=5367 3486 136519 13679 36641 2017 2323 2087 13493 3523 2187 2173 16571 11324 6769 2870 2279 10874 5675 2005 2160 12017 2372 3325 2353 3620 4596 4309 2034 3326 6364
leaf_count=5367 3486 136519 13679 36641 2017 2323 2087 13493 3523 2187 2173 16571 11324 6769 2870 2279 10874 5675 2005 2160 12017 2372 3325 2353 3620 4596 4309 2034 3326 6364
internal_value=2.28187e-06 0.0186973 -0.0659188 0.0214296 -0.0562178 -0.0905816 -0.0989857 -0.00709744 -0.0694482 0.0290252 -0.0632601 -0.0435005 0.0279256 -0.0557979 -0.115163 -0.103395 -0.0636482 0.0384154 -0.0829721 -0.0158478 0.0247749 0.0158577 0.0111384 0.0288206 0.0177186 0.017176 0.00383251 0.00838675 0.0201552 -0.00363942
internal_weight=328338 255801 72537 231302 52083 20454 14608 24499 5846 75894 33495 18588 73707 19816 7236 5149 13047 16999 7372 15653 56708 17714 15342 38994 155408 151788 15269 8846 5360 10960
internal_count=328338 255801 72537 231302 52083 20454 14608 24499 5846 75894 33495 18588 73707 19816 7236 5149 13047 16999 7372 15653 56708 17714 15342 38994 155408 151788 15269 8846 5360 10960
is_linear=0
shrinkage=0.05


Tree=59
num_leaves=31
num_cat=7
split_feature=42 42 44 11 31 41 33 3 5 32 5 41 5 29 29 5 42 33 32 41 39 11 16 38 5 31 5 5 29 31
split_gain=146234 7585.93 4884.22 2569.31 2415.68 2088.34 1347.79 1273.19 1265.31 1073.5 1062.49 1723.83 1042.14 932.746 889.773 1183.01 858.557 837.224 699.978 702.825 685.865 665.548 617.079 608.287 606.729 591.465 526.292 504.495 473.229 466.708
threshold=13.188972473144533 -4.1202850341796866 25.975798606872562 4.7199940681457528 46.906227111816413 30.33675575256348 24.543168067932132 361.97482299804693 0 51.046787261962898 1 32.710418701171882 2 0.51329040527343761 0.47211074829101568 3 -10.50925827026367 23.903424263000492 709.46038818359386 20.314286231994632 1.5812381505966189 1.659730911254883 3.3022080659866337 -0.31592082977294916 4 36.278549194335945 5 6 0.30108261108398443 34.242197036743171
decision_type=2 2 2 2 2 2 2 2 9 2 9 2 9 2 2 9 2 2 2 2 2 2 2 2 9 2 9 9 2 2
left_child=1 3 7 4 22 12 9 18 13 -6 20 23 17 -3 -9 -16 27 -4 19 -2 -7 29 25 -12 -8 -1 -14 -11 -10 -15
right_child=2 8 5 -5 6 10 24 14 28 16 11 -13 26 21 15 -17 -18 -19 -20 -21 -22 -23 -24 -25 -26 -27 -28 -29 -30 -31
leaf_value=-0.056411563874431497 -0.010080550625912421 -0.037613875479121039 0.012168295296211058 -0.12880581324922399 -0.061592151957715439 0.037187749187884804 -0.085185534459049722 0.0028032293961092487 -0.010139894654157636 -0.13021756386845615 0.013955024021181473 -0.017875869532123372 0.00074079800429360495 -0.027054277675259593 -0.045999076822324347 -0.0059284111320646966 -0.086423541566421347 0.04662060514415893 -0.015691417252120071 0.019404976167324711 0.06788031477066081 -0.068984004124959669 -0.044090453516011457 0.034754513106046096 -0.05846522104815545 -0.084133423324827705 0.018618443374452717 -0.09407429769167297 -0.035611196393647723 -0.055162124182007256
leaf_weight=6295 2326 8590 2531 2177 2231 16366 3740 14045 2255 2919 4860 2191 4239 2020 2551 6545 5666 5872 2001 15131 2060 7518 5752 12881 6060 2875 158552 2213 9744 5823
leaf_count=6295 2326 8590 2531 2177 2231 16366 3740 14045 2255 2919 4860 2191 4239 2020 2551 6545 5666 5872 2001 15131 2060 7518 5752 12881 6060 2875 158552 2213 9744 5823
internal_value=-4.0635e-05 -0.060893 0.0182729 -0.0758991 -0.0728148 0.0214104 -0.0830646 0.00283797 -0.04421 -0.0936686 0.0319572 0.0238892 0.0190455 -0.0508728 -0.00508765 -0.0172615 -0.100233 0.0362272 0.0122615 0.0154728 0.0406321 -0.0582911 -0.0570887 0.0290677 -0.0688854 -0.0651852 0.0181531 -0.115281 -0.0308111 -0.0479665
internal_weight=328029 75878 252151 39928 37751 209552 22829 42599 35950 13029 38358 19932 171194 23951 23141 9096 10798 8403 19458 17457 18426 15361 14922 17741 9800 9170 162791 5132 11999 7843
internal_count=328029 75878 252151 39928 37751 209552 22829 42599 35950 13029 38358 19932 171194 23951 23141 9096 10798 8403 19458 17457 18426 15361 14922 17741 9800 9170 162791 5132 11999 7843
cat_boundaries=0 32 58 90 122 154 177 206
cat_threshold=0 0 0 0 0 0 0 0 0 0 0 0 0 0 0 0 0 0 0 0 0 0 14 0 0 496 0 0 8176 0 0 50688 8 0 0 128 0 0 6144 0 0 81920 0 0 3670016 0 0 67108864 0 0 16777216 0 0 1879048192 0 0 0 7 0 0 0 0 0 0 0 0 0 0 0 0 0 0 0 14680064 0 0 503316480 0 0 1073741824 0 0 0 1 0 0 0 0 0 4096 0 0 0 0 0 0 1024 0 0 2113536 0 0 262144 0 0 4194304 0 0 0 0 0 2147483648 1 0 0 11 0 0 8496 0 0 14592 0 0 0 0 0 0 0 0 0 0 0 0 0 0 0 0 0 0 0 0 0 0 4 0 0 144 0 0 1920 0 0 512 0 0 0 0 0 0 0 0 0 0 0 0 0 0 0 0 0 0 3238002688 1 0 268435456 32 0 0 0 0 0 0 0 0 0 0 0 0 0 0 0 0 0 0 0 0 0 0 26 0 0 912 0 0 4528
is_linear=0
shrinkage=0.05


Tree=60
num_leaves=31
num_cat=8
split_feature=41 41 41 24 12 29 5 24 5 5 31 29 5 33 14 30 5 33 5 7 38 29 5 12 31 23 5 30 24 39
split_gain=131958 5702.25 5607.58 2186.93 1726.45 1713.69 1894.07 1473.71 1368.62 1281.47 1124.18 1090.09 1033.03 915.25 898.175 889.913 872.988 871.385 962.899 797.572 882.439 738.908 991.505 705.715 702.672 688.888 687.861 622.337 599.914 567.749
threshold=8.6004199981689471 22.279569625854496 -8.4743461608886701 33.407989501953132 4.2916305065155038 0.25124740600585943 0 3.2936706542968754 1 2 41.71191596984864 1.0000000180025095e-35 3 23.794367790222172 3.721076607704163 949.68750000000011 4 22.353216171264652 5 1.5000000000000002 0.24110889434814456 0.59317779541015636 6 1.8050320744514468 24.856538772583011 35.551300048828132 7 42.437500000000007 28.604461669921879 1.0972322821617129
decision_type=2 2 2 2 2 2 9 2 9 9 2 2 9 2 2 2 9 2 9 2 2 2 9 2 2 2 9 2 2 2
left_child=2 14 4 9 8 12 15 10 13 11 19 -3 24 -1 17 -7 27 26 -19 -4 -21 22 -9 -23 -5 -26 -2 -12 -11 -24
right_child=1 3 7 5 -6 6 -8 21 -10 28 16 -13 -14 -15 -16 -17 -18 18 -20 20 -22 23 29 -25 25 -27 -28 -29 -30 -31
leaf_value=-0.10625811542180455 -0.035993754638215913 0.031645241875104972 -0.065622214379416288 0.016577021437450042 -0.11651145547195041 0.0053767546360870468 0.024173349438598321 -0.044922609095350931 -0.063059097067928199 0.013499570894361705 -0.04318385389886914 -0.0039968391856357623 0.023170483387445599 -0.070620613059410142 -0.036980205437014448 -0.037775725671354038 -0.073948735930126838 0.027922953116714784 -0.012328101051797283 -0.02169496346537686 -0.059083050502052474 -0.037818294038628616 -0.029336438458101952 -0.06374777301478475 0.038690634693809123 0.06656436608510484 -0.0049681046457493794 -0.071909141019358025 0.020018943163350109 0.0061381987917466293
leaf_weight=4569 2007 2591 3021 3187 3068 2913 12801 5633 10047 55481 5946 12234 18272 3145 2082 2013 11519 3991 2348 4549 2424 5754 2506 4933 21145 2494 15202 2821 97464 2039
leaf_count=4569 2007 2591 3021 3187 3068 2913 12801 5633 10047 55481 5946 12234 18272 3145 2082 2013 11519 3991 2348 4549 2424 5754 2506 4933 21145 2494 15202 2821 97464 2039
internal_value=-1.48307e-05 0.0167889 -0.0598294 0.0192755 -0.0817123 0.0272337 0.014051 -0.0509033 -0.075639 0.016294 -0.0579627 0.00224803 0.0324113 -0.0917202 -0.0055827 -0.0122734 -0.0647454 -0.00279216 0.0130424 -0.044144 -0.0347581 -0.0406357 -0.0309365 -0.0498355 0.0386715 0.0416583 -0.00862906 -0.0524386 0.0176539 -0.0134136
internal_weight=328199 256225 71974 230595 20829 62825 17727 51145 17761 167770 30280 14825 45098 7714 25630 4926 20286 23548 6339 9994 6973 20865 10178 10687 26826 23639 17209 8767 152945 4545
internal_count=328199 256225 71974 230595 20829 62825 17727 51145 17761 167770 30280 14825 45098 7714 25630 4926 20286 23548 6339 9994 6973 20865 10178 10687 26826 23639 17209 8767 152945 4545
cat_boundaries=0 23 52 84 116 148 180 212 244
cat_threshold=0 0 0 0 0 0 0 0 0 2097152 0 0 50593792 0 0 6291456 0 0 4261412864 1 0 3758096384 1 0 0 0 0 0 0 0 0 0 0 0 0 0 0 0 0 0 0 0 0 0 0 26 0 0 784 0 0 400 0 0 0 0 0 0 0 0 0 16384 0 0 262144 0 0 283115520 0 0 2264924160 3 0 268435456 35 0 0 5 0 0 32 0 0 256 0 0 0 0 0 0 4096 0 0 2097152 0 0 37486592 0 0 8388608 0 0 520093696 0 0 4026531840 1 0 0 7 0 0 0 0 0 256 0 0 0 0 0 0 0 0 0 0 0 0 0 0 0 0 0 0 2147483648 0 0 0 49 0 0 276 0 0 12400 0 0 115968 0 0 0 64 0 0 0 0 0 0 0 0 0 0 0 0 0 0 67108864 0 0 4026531840 2 0 0 7 0 0 288 0 0 12544 0 0 0 0 0 0 0 0 0 0 0 0 0 0 0 0 0 0 1073741824 0 0 0 7 0 0 444 0 0 3680 0 0 50944 0 0 0 0 0 0 0 0 0 0 0 0 0 0 0 16777216 0 0 16777216 0 0 805306368 0 0 0 1 0 0 112 0 0 256
is_linear=0
shrinkage=0.05


Tree=61
num_leaves=31
num_cat=0
split_feature=3 24 41 11 35 3 23 12 24 34 19 7 34 34 23 29 34 27 39 12 31 20 29 1 0 1 23 1 21 12
split_gain=118820 6072.17 3863.36 2393.37 1680.6 1648.87 1609.4 1280.65 1157.41 1157.16 1471.29 1139.32 1319.22 1085.36 1047.13 1017.64 1258.65 982.741 912.398 854.637 804.422 792.279 975.143 769.591 940.223 743.326 721.255 711.272 670.88 596.703
threshold=1982.0452270507815 1.0000000180025095e-35 26.102324485778812 4.7199940681457528 0.99706649780273449 4531.0136718750009 32.258152008056648 2.9419019222259526 -11.534423828124998 3.0225830078125004 1.3147207498550417 1.5000000000000002 1.3882446289062502 -6.7456054687499991 19.725532531738285 0.50317764282226574 -5.9568176269531241 1008.7241516113282 1.5305697917938235 1.7576639652252199 56.052972793579109 1.8477347493171694 0.10907363891601564 81.250000000000014 22.250000000000004 74.250000000000014 -12.700357437133787 78.750000000000014 1.3824298381805422 1.7427735924720766
decision_type=2 2 2 2 2 2 2 2 2 2 2 2 2 2 2 2 2 2 2 2 2 2 2 2 2 2 2 2 2 2
left_child=2 3 9 4 11 15 7 13 -6 14 -11 26 29 27 25 18 -17 28 -3 -7 -12 -8 -23 -19 -25 -1 -2 -4 -15 -13
right_child=1 5 6 -5 8 19 21 -9 -10 10 20 12 -14 17 -16 16 -18 23 -20 -21 -22 22 -24 24 -26 -27 -28 -29 -30 -31
leaf_value=-0.038835233405555031 -0.098594882963872643 -0.027659287555977616 -0.019321012183129555 -0.12046107925539982 -0.11554329361104967 -0.041251900026197413 0.040488419108528961 0.052232146531948458 -0.073888263121708472 -0.0026824978984798281 0.063975991958856657 -0.035095762917701556 -0.026497727407903449 0.021264060983052183 0.0046969577691478408 -0.068008178915860473 -0.031456723236413076 0.01997975997825684 0.0096111873194744991 -0.063175830239966133 0.021030802600744414 0.032827228158812616 0.00072911143647556625 0.013647945851735732 -0.0089528935900760158 -0.0056020569320254752 -0.063611116602417458 0.015325522014701155 0.036004672906201629 -0.065113374598825421
leaf_weight=2361 2140 6695 3225 2149 2029 9103 12662 2692 10405 3468 2021 2101 4353 45600 33763 3156 9379 54319 2169 8886 2387 6930 3591 56363 5004 5810 5154 2723 9319 8578
leaf_count=2361 2140 6695 3225 2149 2029 9103 12662 2692 10405 3468 2021 2101 4353 45600 33763 3156 9379 54319 2169 8886 2387 6930 3591 56363 5004 5810 5154 2723 9319 8578
internal_value=5.17857e-05 -0.0546174 0.0165896 -0.069194 -0.0659907 -0.0409441 0.019659 0.0180537 -0.080773 0.0041141 0.0216861 -0.0577255 -0.0497866 0.0175297 0.000809366 -0.0315369 -0.0407063 0.0182616 -0.0185387 -0.0521107 0.0408208 0.0320578 0.0218827 0.0156442 0.0118039 -0.0152405 -0.073996 -0.0034607 0.0237714 -0.059246
internal_weight=328535 76297 252238 36909 34760 39388 202428 179245 12434 49810 7876 22326 15032 176553 41934 21399 12535 170605 8864 17989 4408 23183 10521 115686 61367 8171 7294 5948 54919 10679
internal_count=328535 76297 252238 36909 34760 39388 202428 179245 12434 49810 7876 22326 15032 176553 41934 21399 12535 170605 8864 17989 4408 23183 10521 115686 61367 8171 7294 5948 54919 10679
is_linear=0
shrinkage=0.05


Tree=62
num_leaves=31
num_cat=8
split_feature=24 3 24 27 5 29 5 5 27 5 24 29 34 35 5 40 10 20 10 33 5 37 33 10 5 5 38 29 34 12
split_gain=107313 4995.25 4613.74 2170.21 1751.25 1493.71 2439.73 1528.39 1459.84 1334.74 1185.78 1165.94 1906.7 1074.72 863.774 841.589 944.299 867.656 782.35 1068.42 925.764 772.567 772.172 979.554 655.799 633.417 726.23 548.137 493.029 684.374
threshold=12.946563720703127 679.49227905273449 -2.8444519042968746 1008.8497009277345 0 0.36005783081054693 1 2 1008.2954101562501 3 5.4843444824218759 0.36005783081054693 -5.2569274902343741 2.0575523376464848 4 3.2191939353942876 2.2110271453857426 2.5955529212951665 1.3898714780807497 23.941056251525882 5 1.5957183837890627 24.543168067932132 2.4075386524200444 6 7 0.8528118133544923 0.46316909790039068 -4.5245666503906241 1.5141372680664065
decision_type=2 2 2 2 9 2 9 9 2 9 2 2 2 2 9 2 2 2 2 2 9 2 2 2 9 9 2 2 2 2
left_child=2 3 4 5 13 7 -7 -2 -4 -5 14 21 -13 22 28 16 -6 -17 20 25 -11 -3 23 -1 -14 26 -20 -16 29 -10
right_child=1 11 8 9 15 6 -8 -9 10 18 -12 12 24 -15 27 17 -18 -19 19 -21 -22 -23 -24 -25 -26 -27 -28 -29 -30 -31
leaf_value=-0.06659708167267829 0.035938924447869204 -0.00094077282137505682 -0.077315953151676303 0.018978159611592518 -0.055159023478879389 -0.028540447186396131 0.019185313378655384 0.019413836355255735 -0.039797253645757112 0.036457029381227329 -0.028683471790874184 -0.061446201966861125 0.017063016312836823 -0.1147342883738451 -0.016079816772222606 -0.066605372780101563 -0.097456871599653994 -0.028156373028445526 0.00011337908321346273 0.025268872799979115 0.010254114115531787 0.032477252456917995 -0.057603321763543561 -0.10406291971027884 -0.014376752775119626 0.0015243615534830223 -0.038617896697856417 -0.042224855587339349 -0.047004363542631801 -0.071909685270634766
leaf_weight=3354 30562 9865 3232 61847 3596 2918 30597 26075 2334 3561 11575 2005 2029 2411 2548 2523 2142 3553 2222 3267 59228 2087 3461 3853 8746 8759 2648 9697 11307 6148
leaf_count=3354 30562 9865 3232 61847 3596 2918 30597 26075 2334 3561 11575 2005 2029 2411 2548 2523 2142 3553 2222 3267 59228 2087 3461 3853 8746 8759 2648 9697 11307 6148
internal_value=-7.38886e-05 0.0150499 -0.0541289 0.0173299 -0.0715337 0.0233938 0.01502 0.0283455 -0.044866 0.013466 -0.0424439 -0.00630765 -0.0168005 -0.0842614 -0.0474055 -0.0572641 -0.0710909 -0.0442052 0.0091824 -0.00036702 0.0117532 0.00491679 -0.0773524 -0.0867435 -0.00844362 -0.00652621 -0.0209393 -0.036772 -0.0539176 -0.0631305
internal_weight=328150 256416 71734 231684 24893 90152 33515 56637 46841 141532 43609 24732 12780 13079 32034 11814 5738 6076 79685 16896 62789 11952 10668 7207 10775 13629 4870 12245 19789 8482
internal_count=328150 256416 71734 231684 24893 90152 33515 56637 46841 141532 43609 24732 12780 13079 32034 11814 5738 6076 79685 16896 62789 11952 10668 7207 10775 13629 4870 12245 19789 8482
cat_boundaries=0 32 64 96 115 147 169 201 233
cat_threshold=0 0 0 0 0 0 0 0 0 0 0 0 0 0 0 0 0 0 0 0 0 0 58 0 0 912 0 0 1408 0 0 51200 0 0 0 0 0 0 1024 0 0 16384 0 0 0 0 0 6291456 0 0 234881024 0 0 3221225472 1 0 0 4 0 0 32 0 0 256 0 0 0 96 0 0 3072 0 0 3751936 0 0 62390272 0 0 50331648 0 0 520093696 0 0 4026531840 1 0 0 7 0 0 32 0 0 256 15 0 0 8688 0 0 139008 0 0 2224128 0 0 35520512 0 0 543162368 0 0 100663296 0 0 0 0 0 0 0 0 0 0 0 0 0 0 0 0 0 0 0 0 0 0 15 0 0 57 0 0 4080 0 0 17920 0 0 0 0 0 0 0 0 0 0 0 0 0 0 0 125829120 0 0 1879048192 0 0 268435456 0 0 0 192 0 0 3072 0 0 147456 0 0 2097152 0 0 41943040 0 0 536870912 0 0 0 0 0 0 0 0 0 8448 0 0 79872 0 0 0 0 0 0 0 0 0 0 0 0 65536 0 0 59768832 0 0 822083584 0 0 536870912 1 0 0 4 0 0 32 0 0 256
is_linear=0
shrinkage=0.05


Tree=63
num_leaves=31
num_cat=7
split_feature=24 24 41 41 27 5 3 37 13 36 27 7 38 38 5 37 5 5 5 27 5 10 42 5 22 37 3 33 0 38
split_gain=97941.4 5511.56 3100.32 1620.88 1604.73 1485.39 1482.12 1127.17 1297.46 1015.08 1013.28 981.335 3074.06 882.894 833.127 807.165 1084.87 936.77 765.587 738.687 853.099 801.542 619.489 931.534 1364 602.34 547.039 533.084 726.557 636.499
threshold=18.316314697265629 -0.59298706054687489 25.928996086120609 -17.039490699768063 1008.0122680664064 0 4646.2731933593759 0.44409942626953131 2.3687106370925908 17.957210540771488 1010.8122863769532 1.5000000000000002 -1.8714020848274229 0.86737251281738292 1 0.035472869873046882 2 3 4 1023.1231384277345 5 2.5765664577484135 35.151485443115241 6 0.0042915344238281259 0.97626495361328136 2897.434692382813 25.936320304870609 26.250000000000004 2.9524796009063725
decision_type=2 2 2 2 2 9 2 2 2 2 2 2 2 2 9 2 9 9 9 2 9 2 2 9 2 2 2 2 2 2
left_child=1 3 15 -1 -3 7 18 8 22 10 -5 12 -12 19 -11 16 -2 -17 -6 21 -21 -13 23 24 -4 -14 -20 28 -9 -29
right_child=2 4 5 9 6 -7 -8 27 -10 14 11 13 25 -15 -16 17 -18 -19 26 20 -22 -23 -24 -25 -26 -27 -28 29 -30 -31
leaf_value=-0.10282872722104719 -0.028807440954575575 -0.0753076241489124 0.012256970955917572 -0.08478168465579744 -0.036711100622584106 0.014809640153145546 -0.047563309910198796 0.032263442998702964 0.050921205001602292 -0.10486682717695051 -0.11683383557144567 -0.040809643674217216 -0.061483692352478372 -0.070054856001854696 -0.061036617159562927 0.018115305750997398 0.0013033667584101533 -0.00061530151187032137 -0.0042369752270830768 -0.043060877403734446 -0.0036951941859491503 -0.077188417473267545 0.041998631287258531 0.019676961698495306 -0.031099159069323191 -0.026698018331876044 -0.026103882472874346 0.052521051166991899 0.0052540819327980253 0.024025397220164727
leaf_weight=2549 3647 2621 7147 3037 12042 141259 14692 12682 2895 2284 2317 5137 3126 3340 2443 13782 16234 12934 4179 3519 2272 2176 2175 24475 2420 2105 9083 5578 3103 3061
leaf_count=2549 3647 2621 7147 3037 12042 141259 14692 12682 2895 2284 2317 5137 3126 3340 2443 13782 16234 12934 4179 3519 2272 2176 2175 24475 2420 2105 9083 5578 3103 3061
internal_value=-8.33997e-05 -0.0494492 0.0150231 -0.0643711 -0.0374254 0.0176716 -0.0349247 0.0240252 0.0187575 -0.0612527 -0.0574654 -0.0539738 -0.0689536 -0.0470601 -0.0827415 0.00338157 -0.00424574 0.00905698 -0.0275705 -0.0411501 -0.02773 -0.0517249 0.0161732 0.0145113 0.00126757 -0.0475633 -0.0192073 0.0324594 0.0269607 0.0424638
internal_weight=328314 76922 251392 34305 42617 204795 39996 63536 39112 31756 27029 23992 7548 16444 4727 46597 19881 26716 25304 13104 5791 7313 36217 34042 9567 5231 13262 24424 15785 8639
internal_count=328314 76922 251392 34305 42617 204795 39996 63536 39112 31756 27029 23992 7548 16444 4727 46597 19881 26716 25304 13104 5791 7313 36217 34042 9567 5231 13262 24424 15785 8639
cat_boundaries=0 26 58 90 122 154 186 212
cat_threshold=0 0 0 32 0 0 2560 0 0 2162688 0 0 37486592 0 0 98566144 0 0 520093696 0 0 1879048192 0 0 0 7 0 0 0 0 0 0 0 0 0 0 0 0 0 0 0 0 0 0 0 0 0 0 18 0 0 897 0 0 2480 0 0 512 0 0 0 0 0 0 0 0 0 0 0 0 3932160 0 0 130023424 0 0 0 0 0 0 0 0 0 1 0 0 272 0 0 80128 0 0 0 128 0 0 2048 0 0 2232320 0 0 6619136 0 0 802160640 0 0 4227858432 0 0 1342177280 0 0 0 1 0 0 272 0 0 14592 0 0 0 0 0 0 0 0 0 0 0 0 0 0 0 0 0 0 0 0 0 268435456 2 0 0 397 0 0 6896 0 0 50944 0 0 0 0 0 0 0 0 0 0 0 0 0 0 0 0 0 0 0 0 0 0 3 0 0 984 0 0 3456 0 0 32768 0 0 0 0 0 0 0 0 0 0 0 0 262144 0 0 6291456 0 0 100663296 0 0 1879048192 0 0 0 7
is_linear=0
shrinkage=0.05


Tree=64
num_leaves=31
num_cat=9
split_feature=3 44 44 24 35 23 5 3 33 21 33 9 5 29 11 5 21 5 33 5 29 5 35 5 29 8 38 30 38 29
split_gain=88241.4 4796.51 3022.76 1688.48 1435.73 1256.71 1029.23 1013.24 1009.44 1300.1 927.871 849.271 791.208 782.227 701.976 1547.17 700.799 608.043 950.371 594.628 794.299 583.954 564.586 567.014 554.897 541.326 1067.6 757.135 752.772 507.706
threshold=1982.0452270507815 -8.805567264556883 26.833596229553226 5.4843444824218759 0.79298019409179699 32.560810089111335 0 410.84867858886724 22.279104232788089 2.0568289756774907 25.449024200439457 1 2 0.41485214233398443 1.6304380893707278 3 1.4954082369804385 4 23.552832603454593 5 0.1292533874511719 6 1.7476081848144533 7 0.12348937988281251 8 0.57896137237548839 1.0000000180025095e-35 -0.34921646118164057 0.22365188598632815
decision_type=2 2 2 2 2 2 9 2 2 2 2 9 9 2 2 9 2 9 2 9 2 9 2 9 2 1 2 2 2 2
left_child=2 4 7 11 8 14 -6 25 21 -10 12 17 -9 -5 19 29 -7 -3 -19 20 -4 -2 23 -20 -18 28 27 -27 -1 -16
right_child=1 3 5 13 6 16 -8 10 9 -11 -12 -13 -14 -15 15 -17 24 18 22 -21 -22 -23 -24 -25 -26 26 -28 -29 -30 -31
leaf_value=-0.016882768970387006 -0.089368966128559477 -0.050917863378393838 0.017316788601377281 -0.012313312075505617 -0.10348643159691905 0.037801636846578196 -0.06685049022443805 -0.028658730433039282 -0.070701924195971502 -0.026938898372976673 0.02619491163870178 -0.066301791716538647 -0.0026540855645565374 -0.034489629526610624 0.054263199043095282 0.01308243211706419 0.027366721483491948 -0.047523612487215518 -0.0025344992305459811 0.015328804171769609 -0.021050445965504837 -0.053468324578602733 -0.04914462498645833 -0.030485581783491096 0.0021322765517981313 0.039169387949537671 0.00032675738314071761 0.014672226515296129 0.01002094097064639 0.023779733872022618
leaf_weight=3944 2837 13843 2726 6123 3826 10608 4483 3458 2845 4238 2353 4437 18458 11417 4416 9770 6836 10435 3031 150182 2651 2232 2016 4545 3198 4561 8898 10252 7583 2011
leaf_count=3944 2837 13843 2726 6123 3826 10608 4483 3458 2845 4238 2353 4437 18458 11417 4416 9770 6836 10435 3031 150182 2651 2232 2016 4545 3198 4561 8898 10252 7583 2011
internal_value=-0.000134771 -0.0472356 0.0141345 -0.0396345 -0.0679529 0.0171804 -0.0840289 0.0042851 -0.0569009 -0.0445919 -0.00357588 -0.0455211 -0.00678269 -0.0267596 0.0157778 0.0256867 0.0288384 -0.0427479 -0.0370554 0.0147445 -0.00160024 -0.0739787 -0.0256682 -0.0193645 0.0193342 0.00969856 0.014018 0.0222364 0.000809096 0.0447073
internal_weight=328213 76308 251905 55847 20461 192398 8309 59507 12152 7083 24269 38307 21916 17540 171756 16197 20642 33870 20027 155559 5377 5069 9592 7576 10034 35238 23711 14813 11527 6427
internal_count=328213 76308 251905 55847 20461 192398 8309 59507 12152 7083 24269 38307 21916 17540 171756 16197 20642 33870 20027 155559 5377 5069 9592 7576 10034 35238 23711 14813 11527 6427
cat_boundaries=0 32 33 65 88 120 146 178 207 208
cat_threshold=0 0 0 0 0 0 0 0 0 0 0 0 0 0 0 0 0 0 0 0 0 0 26 0 0 816 0 0 384 0 0 50176 48 0 0 0 0 0 0 1024 0 0 16384 0 0 262144 0 0 6291456 0 0 0 0 0 0 0 0 0 1 0 0 48 0 0 256 0 0 0 0 0 0 0 0 0 2097152 0 0 23986176 0 0 141557760 0 0 251658240 0 0 1610612736 1 0 0 0 0 0 0 0 0 0 0 0 0 0 0 0 0 0 0 0 0 0 0 2 0 0 24 0 0 4032 0 0 27648 0 0 0 0 0 0 0 0 0 0 0 0 0 0 0 2097152 0 0 3858759680 1 0 805306368 1 0 0 2 0 0 0 0 0 0 0 0 0 0 0 0 0 0 0 0 0 0 0 0 0 0 26 0 0 784 0 0 1920 0 0 49152 0 0 0 0 0 0 0 0 0 0 0 0 0 0 0 0 0 0 0 0 0 0 56 0 0 832 0 0 16 4
is_linear=0
shrinkage=0.05


Tree=65
num_leaves=31
num_cat=1
split_feature=41 42 44 34 35 39 34 44 34 33 41 34 18 19 40 44 41 44 41 10 33 10 9 19 41 15 3 18 1 34
split_gain=78387.9 4656.96 2358.13 2298.49 1454.52 1378.29 1341.95 1263.08 1180.63 1213.16 817.646 1410.19 1232.23 772.233 1068.12 762.034 734.834 713.992 685.703 680.534 626.884 922.115 1051.26 847.93 662.06 619.414 549.135 519.289 484.204 472.687
threshold=14.655217647552492 -4.7088966369628897 27.04389572143555 -14.996643066406248 0.73289871215820324 2.0338501930236821 -5.6366271972656241 -16.083772659301754 -5.9568176269531241 24.425663948059086 30.424592971801761 -5.7872314453124991 2.315176367759705 2.0612000226974492 3.2191939353942876 -11.793214797973631 7.1946635246276864 32.49067687988282 32.044546127319343 1.4384295344352724 23.515967369079593 1.2885216474533083 0 1.4191390275955202 24.883111000061039 2.5496542453765874 4478.0781250000009 2.3745454549789433 77.750000000000014 -1.6156311035156248
decision_type=2 2 2 2 2 2 2 2 2 2 2 2 2 2 2 2 2 2 2 2 2 2 9 2 2 2 2 2 2 2
left_child=1 3 6 -1 13 10 -2 -6 9 25 29 12 17 15 -15 -5 -10 -12 -14 -11 21 22 -8 -22 -23 -3 -16 -13 -19 -4
right_child=2 8 5 4 7 -7 20 -9 16 19 11 27 18 14 26 -17 -18 28 -20 -21 23 24 -24 -25 -26 -27 -28 -29 -30 -31
leaf_value=-0.10623387287841959 -0.028351006433918493 -0.045229379363405153 0.016848708237839287 -0.081991651766406506 -0.097819931588994477 0.054942162533056553 0.029754898528014564 -0.058574690060515945 -0.030416154450523994 -0.052785990840529706 0.0057324046488786921 0.027447594898020518 0.010911186061576802 -0.0526702975022088 -0.0017314059132496373 -0.047181976081982324 -0.011065095527966454 0.01815757892892203 -0.027717162002480797 -0.020410761503831046 0.0064012943851679055 -0.010086119802938488 0.0055191710398557478 0.0335546868037375 0.0098928612014930455 -0.077095095939703678 -0.032717000171563038 0.047507885256349573 0.04702198748592528 0.011120317627424346
leaf_weight=2173 2801 3363 86280 2225 2504 2303 5487 11971 20420 2339 4459 16475 2092 6007 2001 5611 6477 2992 2527 5336 7223 13519 23991 4773 5970 2894 5010 4039 2853 61984
leaf_count=2173 2801 3363 86280 2225 2504 2303 5487 11971 20420 2339 4459 16475 2092 6007 2001 5611 6477 2992 2527 5336 7223 13519 23991 4773 5970 2894 5010 4039 2853 61984
internal_value=4.04994e-05 -0.0435972 0.0137271 -0.0563209 -0.0532217 0.0165716 0.00542828 -0.0654265 -0.0318993 -0.0437206 0.0160876 0.0229131 0.0112079 -0.0447229 -0.0371998 -0.0571579 -0.0257621 0.0208213 -0.0102361 -0.0303331 0.0069847 0.00447323 0.0100509 0.0172241 -0.00396409 -0.0600675 -0.0238885 0.0314185 0.0323028 0.0144548
internal_weight=328099 78331 249768 37502 35329 186004 63764 14475 40829 13932 183701 35437 14923 20854 13018 7836 26897 10304 4619 7675 60963 48967 29478 11996 19489 6257 7011 20514 5845 148264
internal_count=328099 78331 249768 37502 35329 186004 63764 14475 40829 13932 183701 35437 14923 20854 13018 7836 26897 10304 4619 7675 60963 48967 29478 11996 19489 6257 7011 20514 5845 148264
cat_boundaries=0 1
cat_threshold=16
is_linear=0
shrinkage=0.05


Tree=66
num_leaves=31
num_cat=8
split_feature=44 23 44 34 31 34 39 37 5 34 29 5 5 13 21 36 36 31 5 5 29 34 21 38 34 5 5 5 43 1
split_gain=71656 4011.83 2270.01 2060.46 1833 1380.53 1277.91 1055.2 1407.93 1029.48 1594.97 926.04 863.255 855.853 1067.89 795.17 711.807 671.119 641.271 605.079 591.149 585.383 1104.31 580.512 559.578 689.305 685.067 558.904 534.151 523.146
threshold=14.735501766204836 -3.8005104064941402 26.162755966186527 -14.996643066406248 50.191337585449226 -6.1293029785156241 2.1041413545608525 0.64798355102539074 0 -5.7039489746093741 0.50808334350585949 1 2 2.2311520576477055 1.9947010874748232 20.695209503173832 12.023448944091799 25.47368144989014 3 4 0.38238143920898443 3.1263122558593754 1.3748033642768862 1.0283517837524416 -1.7580261230468748 5 6 7 -8.542994022369383 76.250000000000014
decision_type=2 2 2 2 2 2 2 2 9 2 2 9 9 2 2 2 2 2 9 9 2 2 2 2 2 9 9 9 2 2
left_child=1 3 5 -1 19 -2 7 13 20 10 18 16 -12 14 24 29 -6 -11 -3 28 -9 27 -23 -15 25 -4 -26 -7 -5 -13
right_child=2 9 6 4 11 21 -8 8 -10 17 12 15 -14 23 -16 -17 -18 -19 -20 -21 -22 22 -24 -25 26 -27 -28 -29 -30 -31
leaf_value=-0.098108154385102536 -0.035762820256192422 -0.035053609072258851 0.0089681382947834724 -0.07133844078316412 -0.061811198543970151 -0.0094313089510873957 0.054077260042338517 0.035299417360607571 0.013254535951999245 0.0016511270729905364 -0.080026910176940733 -0.018789130780443062 -0.043662736290218773 0.049467967655202338 -0.018964115245426537 -0.070700203905200987 -0.090598393613415013 -0.026428781669010134 0.0036589214846252044 -0.031495223674423388 0.010657472228180717 -0.0046739164230230655 0.036104720575791054 0.01424099298262415 0.0024992517526321173 0.018656902062409431 0.012963649556522747 0.0055158849468612062 -0.035803033171596443 -0.047942345434987266
leaf_weight=2351 2216 2168 27155 2145 8357 8119 2074 16545 22548 2366 2298 2087 6314 2626 2684 3014 2985 21033 2093 12352 2866 2963 3760 2122 23352 57297 47486 26994 2156 6053
leaf_count=2351 2216 2168 27155 2145 8357 8119 2074 16545 22548 2366 2298 2087 6314 2626 2684 3014 2985 21033 2093 12352 2866 2963 3760 2122 23352 57297 47486 26994 2156 6053
internal_value=-8.97672e-05 -0.0420176 0.0129127 -0.0526371 -0.0498821 0.00260669 0.0151083 0.0147108 0.0217818 -0.0298563 -0.0412193 -0.0592015 -0.0535911 0.0128862 0.0122559 -0.0486731 -0.0693994 -0.02359 -0.0161475 -0.0372648 0.0316521 0.00464713 0.0181523 0.0337872 0.0127967 0.0155462 0.00951705 0.00205691 -0.0535255 -0.0405
internal_weight=328579 77772 250807 41500 39149 44052 206755 204681 41959 36272 12873 22496 8612 162722 157974 11154 11342 23399 4261 16653 19411 41836 6723 4748 155290 84452 70838 35113 4301 8140
internal_count=328579 77772 250807 41500 39149 44052 206755 204681 41959 36272 12873 22496 8612 162722 157974 11154 11342 23399 4261 16653 19411 41836 6723 4748 155290 84452 70838 35113 4301 8140
cat_boundaries=0 29 61 93 125 157 186 212 241
cat_threshold=0 0 0 0 0 0 131072 0 0 2228224 0 0 41811968 0 0 653262848 0 0 251658240 0 0 1879048192 0 0 0 4 0 0 48 0 0 0 0 0 0 0 0 0 0 0 0 0 0 0 0 0 0 0 0 0 0 14 0 0 496 0 0 3968 0 0 49152 0 0 0 0 0 0 0 0 0 0 0 0 0 0 0 0 0 0 0 0 0 0 4 0 0 0 0 0 3920 0 0 27648 0 0 0 0 0 0 0 0 0 0 0 0 0 0 0 0 0 0 0 0 0 0 4 0 0 185 0 0 1920 0 0 82944 0 0 0 0 0 0 0 0 0 0 0 0 0 0 0 0 0 0 0 0 0 0 63 0 0 784 0 0 32 0 0 1024 780 0 0 12288 0 0 131072 0 0 2101248 0 0 34013184 0 0 812646400 0 0 3858759680 3 0 3758096384 1 0 0 6 0 0 32 2 0 0 2048 0 0 114688 0 0 1835008 0 0 33292288 0 0 261095424 0 0 4043309056 1 0 805306368 1 0 0 3 16 0 0 64 0 0 0 0 0 147456 0 0 0 0 0 31457280 0 0 385875968 0 0 805306368 48 0 0 2 0 0 96
is_linear=0
shrinkage=0.05


Tree=67
num_leaves=31
num_cat=8
split_feature=3 44 44 34 7 44 27 37 5 34 19 31 5 37 31 5 36 34 5 5 34 5 9 43 19 44 40 34 14 5
split_gain=65425.9 3810.4 2148.58 1501.14 1358.02 1289.35 1252.56 1236.89 1186.55 998.797 1220.88 1056.62 984.129 1117.14 966.819 1181.9 1043.01 1054.55 855.495 824.183 783.448 776.678 635.87 588.108 924.894 573.835 565.363 657.383 664.717 564.038
threshold=1982.0452270507815 -8.805567264556883 25.975798606872562 -9.3986511230468732 1.5000000000000002 2.0132945775985722 1008.8164672851564 0.39203643798828131 0 3.1263122558593754 1.4112696051597597 60.982551574707038 1 -0.88359832763671864 50.191337585449226 2 5.2943229675292978 -1.4705505371093748 3 4 -10.170074462890623 5 6 26.138191223144535 1.4112696051597597 22.436846733093265 4.4505355358123788 -7.7964172363281241 2.4029545783996586 7
decision_type=2 2 2 2 2 2 2 2 9 2 2 2 9 2 2 9 2 2 9 9 2 9 9 2 2 2 2 2 2 9
left_child=2 3 9 -2 7 14 12 -5 23 19 -11 -12 26 21 16 -16 17 -3 -6 -1 -7 -14 -17 -8 -25 -21 27 28 -4 -10
right_child=1 5 6 4 18 20 8 -9 29 10 11 -13 13 -15 15 22 -18 -19 -20 25 -22 -23 -24 24 -26 -27 -28 -29 -30 -31
leaf_value=-0.01938901292790202 -0.087122559128054583 -0.044084604347190276 0.022259316332594547 -0.093750639736011054 -0.017533241172004527 -0.049247461938576494 0.018906139450772973 -0.044765887685030731 0.01725896494133183 -0.0058515202150253767 0.060813596503845546 0.011023231158651217 -0.025234017999993696 0.017333902309667231 -0.071094367436911762 -0.057316225188465242 -0.0091749880929518704 -0.015131406540793202 -0.050217841365891025 -0.0063717230089221592 -0.016037276939232448 0.0099674758352139813 -0.034518606295950847 -0.00059635990031354103 -0.037112152845938377 0.007671849184232621 0.050478875952945125 0.027130618874587606 -0.014709540407232657 0.0098549350315431366
leaf_weight=5425 3880 11991 3009 3095 2679 2072 2135 2259 40852 2942 2130 2133 2695 47621 3836 4147 4464 4281 8551 12546 12252 3689 12912 6555 2348 17282 2145 26055 2027 70011
leaf_count=5425 3880 11991 3009 3095 2679 2072 2135 2259 40852 2942 2130 2133 2695 47621 3836 4147 4464 4281 8551 12546 12252 3689 12912 6555 2348 17282 2145 26055 2027 70011
internal_value=-8.34508e-05 -0.0405985 0.0122234 -0.0590659 -0.0524532 -0.0338353 0.0143052 -0.0732046 0.0110301 0.00196796 0.0189176 0.035985 0.0188797 0.0146986 -0.0382894 -0.0458919 -0.0306101 -0.0364813 -0.0425035 -0.00150058 -0.0208722 -0.0049329 -0.0401213 -0.00460046 -0.0102576 0.00176421 0.0256549 0.0239348 0.00737962 0.0125859
internal_weight=328019 76419 251600 20464 16584 55955 209142 5354 121901 42458 7205 4263 87241 54005 41631 20895 20736 16272 11230 35253 14324 6384 17059 11038 8903 29828 33236 31091 5036 110863
internal_count=328019 76419 251600 20464 16584 55955 209142 5354 121901 42458 7205 4263 87241 54005 41631 20895 20736 16272 11230 35253 14324 6384 17059 11038 8903 29828 33236 31091 5036 110863
cat_boundaries=0 32 64 96 128 160 189 190 212
cat_threshold=0 0 0 0 0 0 0 0 0 524288 0 0 16777216 0 0 504365056 0 0 4043309056 3 0 2147483648 1 0 0 6 0 0 16 0 0 256 0 0 0 6160 0 0 0 0 0 524288 0 0 66584576 0 0 251658240 0 0 419430400 0 0 4026531840 0 0 0 3 0 0 0 0 0 4352 0 0 0 0 0 0 0 0 0 0 0 0 0 0 0 0 0 0 0 0 0 0 0 0 0 224 0 0 3584 0 0 49408 0 0 0 0 0 0 0 0 0 0 0 0 0 0 0 0 0 0 0 0 0 0 0 0 0 4 0 0 12880 0 0 44544 0 0 0 0 0 0 1024 0 0 16384 0 0 0 0 0 31457280 0 0 117440512 0 0 268435456 0 0 0 128 0 0 16 0 0 8448 0 0 0 0 0 0 0 0 0 3162112 0 0 393216 0 0 14680064 0 0 67108864 0 0 0 0 0 0 0 0 0 48 24 1 0 0 8416 0 0 134656 0 0 2220032 0 0 917504 0 0 551550976 0 0 234881024 0 0 1610612736
is_linear=0
shrinkage=0.05


Tree=68
num_leaves=31
num_cat=0
split_feature=24 44 24 24 36 29 20 34 7 34 20 7 38 38 29 33 34 20 34 20 31 29 34 11 18 30 18 33 35 22
split_gain=57897.7 3413.73 2095.94 1289.88 1275.81 1201.74 1302.59 1096.68 805.323 750.772 823.524 803.976 990.741 826.799 713.021 682.479 658.034 1217.54 919.577 657.989 637.354 628.266 937.42 596.215 583.793 563.887 810.459 508.878 491.688 490.618
threshold=18.316314697265629 -9.6982779502868635 28.126998901367191 6.3467102050781259 4.616260528564454 0.010486602783203127 1.6714177131652834 -5.7039489746093741 2.5000000000000004 -0.88604736328124989 2.7948546409606938 1.5000000000000002 -0.061764717102050774 -0.5414295196533202 0.49470138549804693 23.62080001831055 -1.6156311035156248 1.7464224100112917 1.6636352539062502 2.5955529212951665 26.079738616943363 0.39170455932617193 -5.9568176269531241 1.7915600538253786 1.7460360527038576 1462.8125000000002 1.8635838627815249 23.184960365295414 1.9001960754394533 0.1273155212402344
decision_type=2 2 2 2 2 2 2 2 2 2 2 2 2 2 2 2 2 2 2 2 2 2 2 2 2 2 2 2 2 2
left_child=1 4 7 9 14 6 -4 -2 24 10 27 13 29 -11 19 -8 21 -18 -19 -1 -17 25 -23 -12 -6 -7 -27 -3 -29 -13
right_child=2 3 5 -5 8 16 15 -9 -10 11 23 12 -14 -15 -16 20 17 18 -20 -21 -22 22 -24 -25 -26 26 -28 28 -30 -31
leaf_value=-0.04800007470657331 -0.033233421692436448 -0.04442008611037504 0.013519006803208092 -0.01965541266092467 -0.0590481224913674 0.020780048629328349 0.0068648400950055881 0.0043044138940454861 -0.049008553973732466 -0.06801160965736576 -0.031894025737167243 0.0082413716361478505 -0.040208742874633469 -0.022519471690648062 -0.057713283576643709 0.017655464904470005 0.010598373831748262 -0.026632478488205304 0.011417097782451525 -0.008418887566333997 0.04447670136462778 -0.0089126177432237944 0.012673854147167284 -0.0634308206421869 -0.090954151919082293 0.014267432573027478 -0.016857423620544404 -0.024486503604507426 -0.050793617364144839 -0.020201171790895856
leaf_weight=2065 2011 10035 16909 15286 2326 44725 2011 52274 3325 2015 2081 2904 3423 2000 3915 2901 47545 4155 2559 2136 9620 5814 36959 5680 4149 21706 2306 10096 2163 3153
leaf_count=2065 2011 10035 16909 15286 2326 44725 2011 52274 3325 2015 2081 2904 3423 2000 3915 2901 47545 4155 2559 2136 9620 5814 36959 5680 4149 21706 2306 10096 2163 3153
internal_value=7.84011e-06 -0.0380012 0.0116086 -0.0321721 -0.0571154 0.0140033 0.0229661 0.00290795 -0.0692822 -0.03656 -0.0409661 -0.0267238 -0.0187479 -0.0454628 -0.0423568 0.0339417 0.0123021 0.00778367 -0.0121347 -0.0279428 0.0382815 0.0144998 0.00973828 -0.0550266 -0.0796013 0.0174609 0.0112726 -0.0360489 -0.0291658 -0.00657342
internal_weight=328247 76752 251495 58836 17916 197210 31441 54285 9800 43550 30055 13495 9480 4015 8116 14532 165769 54259 6714 4201 12521 111510 42773 7761 6475 68737 24012 22294 12259 6057
internal_count=328247 76752 251495 58836 17916 197210 31441 54285 9800 43550 30055 13495 9480 4015 8116 14532 165769 54259 6714 4201 12521 111510 42773 7761 6475 68737 24012 22294 12259 6057
is_linear=0
shrinkage=0.05


Tree=69
num_leaves=31
num_cat=10
split_feature=3 44 3 34 5 34 5 29 34 5 40 35 38 5 33 10 38 8 5 12 37 33 5 5 5 33 10 30 5 33
split_gain=52647.7 3039.67 2104.26 1776.61 1392.54 1237.02 1047.03 898.904 1384.69 953.024 909.664 897.475 847.736 1219.12 727.137 672.574 658.805 1884.9 1419.97 775.34 639.927 634.803 590.389 558.906 536.224 556.825 506.594 492.304 486.629 484.547
threshold=2074.2053222656255 -6.5907254219055167 585.85760498046886 -13.873260498046873 0 -2.4653015136718746 1 0.50317764282226574 -5.9568176269531241 2 3.7786903381347661 1.4624595642089846 -1.6511632800102232 3 23.654208183288578 4.6954541206359872 1.8832564353942873 4 5 2.289858460426331 -0.63069534301757801 24.543168067932132 6 7 8 24.124608039855961 2.5765664577484135 70.312500000000014 9 24.199104309082035
decision_type=2 2 2 2 9 2 9 2 2 9 2 2 2 9 2 2 2 1 9 2 2 2 9 9 9 2 2 2 9 2
left_child=2 3 5 -2 11 6 -1 10 9 -9 24 21 13 -8 22 26 19 18 -18 23 -16 -5 -4 -7 -3 -26 28 -22 -6 -11
right_child=1 7 14 4 15 16 12 8 -10 29 -12 -13 -14 -15 20 -17 17 -19 -20 -21 27 -23 -24 -25 25 -27 -28 -29 -30 -31
leaf_value=0.025799594671041627 -0.093596059047629118 -0.034170458141287878 -0.028368826611701248 -0.068174195293607784 -0.04346017457217622 0.014196524003085621 -0.034445827702690265 -0.076149972491869347 -0.025916206290549339 -0.050524319698276698 0.0053947077547423878 -0.092223949099059302 0.01527036304308315 0.018262392008018189 -0.016558854655695621 -0.01132374688025801 -0.051672400672471114 0.026148802860703587 -0.0027943057102452458 0.033637829372351678 0.024630950599394991 -0.033960577254205614 -0.0039277778386218138 0.00712289429440184 -0.034119825038336209 -0.0026442205253081005 -0.05303346065833292 0.00041683159452875077 -0.020646382413019977 -0.026578107312191249
leaf_weight=24960 2122 7236 2945 3181 6285 45597 2126 2388 19713 4907 3022 2077 62379 2227 2048 2041 2114 3770 4915 3523 4997 2422 14920 72371 2184 3913 6275 3615 3874 3781
leaf_count=24960 2122 7236 2945 3181 6285 45597 2126 2388 19713 4907 3022 2077 62379 2227 2048 2041 2114 3770 4915 3523 4997 2422 14920 72371 2184 3913 6275 3615 3874 3781
internal_value=1.67562e-05 -0.0366378 0.0109661 -0.0496026 -0.0459989 0.0125949 0.0170584 -0.0288526 -0.0338875 -0.0480385 -0.0193594 -0.063975 0.0137796 -0.00753728 -0.00182353 -0.0384403 0.00950009 -0.0023329 -0.0176245 0.010552 0.0085061 -0.0534716 -0.00798851 0.00985977 -0.0249699 -0.0139337 -0.0418225 0.014479 -0.0348523 -0.0400994
internal_weight=327928 75421 252507 28277 26155 223982 91692 47144 30789 11076 16355 7680 66732 4353 28525 18475 132290 10799 7029 121491 10660 5603 17865 117968 13333 6097 16434 8612 10159 8688
internal_count=327928 75421 252507 28277 26155 223982 91692 47144 30789 11076 16355 7680 66732 4353 28525 18475 132290 10799 7029 121491 10660 5603 17865 117968 13333 6097 16434 8612 10159 8688
cat_boundaries=0 29 55 87 107 108 134 166 185 217 249
cat_threshold=0 0 0 0 0 0 0 0 0 0 0 0 0 0 0 0 0 0 0 0 0 0 26 0 0 768 0 0 128 0 0 0 2048 0 0 65536 0 0 16384 0 0 7864320 0 0 117440512 0 0 419430400 0 0 1879048192 0 0 0 3 0 0 0 0 0 0 0 0 0 0 0 0 0 0 0 0 0 0 0 0 0 0 4 0 0 0 0 0 1648 0 0 11776 0 0 0 64 0 0 3072 0 0 3178496 0 0 393216 0 0 284164096 0 0 2785017856 3 2 0 0 0 0 0 0 0 0 0 81920 0 0 3670016 0 0 50331648 0 0 1879048192 1 0 2147483648 1 0 0 7 0 0 0 0 0 0 0 0 0 16384 0 0 524288 0 0 2097152 0 0 570425344 0 0 268435456 0 0 0 3 0 0 48 0 0 2304 9 0 0 9200 0 0 146944 0 0 2224128 0 0 37617664 0 0 543162368 0 0 1610612736 0 0 0 0 0 0 0 0 0 0 0 0 0 0 0 0 0 0 1073741824 0 0 0 3 0 0 57 0 0 14048 0 0 16896 0 0 0 0 0 0 0 0 0 0 0 0 0 0 0 0 0 0 0 0 0 0 32 0 0 48 0 0 1888 0 0 26112
is_linear=0
shrinkage=0.05


Tree=70
num_leaves=31
num_cat=6
split_feature=41 44 44 27 31 10 37 5 8 40 39 3 41 29 14 36 5 5 10 19 5 37 36 37 24 5 11 14 41 41
split_gain=48574.7 2846.67 2505.26 1288.68 1373.48 1037.95 1030.1 1274.07 997.272 1286.82 934.229 838.477 815.17 809.541 749.653 677.908 676.59 665.185 609.361 587.926 518.561 465.646 454.336 453.984 659.463 492.853 447.913 560.51 1002.06 905.727
threshold=7.1946635246276864 23.245703697204593 -13.673551082611082 1008.2954101562501 38.674386978149421 3.2698310613632207 0.63533782958984386 0 1 3.6648797988891606 1.8681939244270327 4531.0136718750009 26.185997962951664 0.45335769653320318 3.721076607704163 3.7980080842971806 2 3 1.9531149268150332 2.3524290323257451 4 1.8957939147949221 15.931606292724611 2.0035018920898442 0.91656494140625011 5 2.5174767971038823 1.9369511604309084 30.743941307067875 33.098413467407234
decision_type=2 2 2 2 2 2 2 9 1 2 2 2 2 2 2 2 9 9 2 2 9 2 2 2 2 9 2 2 2 2
left_child=2 14 8 19 5 15 10 13 9 -1 12 23 17 21 16 -5 -2 -3 -9 -4 -17 -8 -13 24 -6 -26 27 28 -14 -29
right_child=1 6 3 4 11 -7 7 18 -10 -11 -12 22 26 -15 -16 20 -18 -19 -20 -21 -22 -23 -24 -25 25 -27 -28 29 -30 -31
leaf_value=-0.08022501347026148 0.02478983992872234 -0.020916481652440196 -0.040034874653269034 -0.030413791883980523 -0.043417466071542066 0.014194454072227362 0.025835663981724939 0.012686324388936108 -0.086167156409506007 -0.032595082819007255 0.039504763373809329 -0.04000303128454815 0.010310791383606603 0.0029491279377347589 -0.033632903846793315 0.010816114411180466 -0.0052116160585117567 0.0039978982041039236 -0.012776856365833264 -0.076944548915897998 -0.02408134221882834 0.044398873099305014 -0.060038166659625559 -0.010475055564198107 -0.034748842689403127 -0.011681545234000199 0.030498254316437958 0.0062421153849934073 0.026491135410706253 -0.028318173528151441
leaf_weight=2242 2023 3211 2119 11033 7210 2019 18244 22378 2831 3901 2635 17025 123420 3350 2129 2092 23465 15663 2617 2286 2131 4173 3451 2874 4652 4692 2809 18825 10369 2098
leaf_count=2242 2023 3211 2119 11033 7210 2019 18244 22378 2831 3901 2635 17025 123420 3350 2129 2092 23465 15663 2617 2286 2131 4173 3451 2874 4652 4692 2809 18825 10369 2098
internal_value=-0.00011009 0.00996458 -0.0368606 -0.0332537 -0.0312356 -0.0194396 0.0117874 0.0180747 -0.061548 -0.0500806 0.0100037 -0.0363361 0.00956084 0.0258748 -0.00520107 -0.0238972 -0.00281391 -0.000258532 0.0100123 -0.0593203 -0.00684038 0.0293095 -0.0434074 -0.0288648 -0.0320493 -0.0232403 0.0107373 0.0103766 0.0115667 0.0027648
internal_weight=327967 257409 70558 61584 57179 17275 229792 50762 8974 6143 179030 39904 176395 25767 27617 15256 25488 18874 24995 4405 4223 22417 20476 19428 16554 9344 157521 154712 133789 20923
internal_count=327967 257409 70558 61584 57179 17275 229792 50762 8974 6143 179030 39904 176395 25767 27617 15256 25488 18874 24995 4405 4223 22417 20476 19428 16554 9344 157521 154712 133789 20923
cat_boundaries=0 32 33 65 97 129 161
cat_threshold=0 0 0 0 0 0 131328 0 0 2244608 0 0 41680896 0 0 753926144 0 0 251658240 0 0 4026531840 0 0 0 15 0 0 32 0 0 256 2 0 0 0 0 0 0 0 0 0 2162688 0 0 4194304 0 0 219152384 0 0 587202560 0 0 0 0 0 0 0 0 0 8448 0 0 14336 0 0 0 0 0 0 0 0 0 0 0 0 3932160 0 0 62914560 0 0 16777216 0 0 536870912 2 0 0 7 0 0 48 0 0 4352 0 0 0 0 0 0 0 0 0 0 0 0 0 0 0 0 0 0 0 0 0 0 4 0 0 128 0 0 15760 0 0 10240 0 0 0 0 0 0 0 0 0 0 0 0 0 0 0 0 0 0 0 1 0 0 3 0 0 133 0 0 7024 0 0 59136
is_linear=0
shrinkage=0.05


Tree=71
num_leaves=31
num_cat=0
split_feature=41 44 44 27 29 3 34 7 38 10 12 26 34 10 33 20 1 12 34 17 27 3 30 31 12 30 31 38 7 37
split_gain=43294.9 2558.46 2213.98 1043.87 1065.53 1102.01 997.063 1049.79 2133.59 971.324 970.696 940.023 843.854 742.309 1099.44 983.826 703.209 666.925 663 651.774 635.774 684.888 632.069 631.189 645.733 492.51 489.134 551.622 639.38 489.032
threshold=7.1946635246276864 21.728730201721195 -9.6982779502868635 1009.1894836425782 0.37782669067382818 201.32501220703128 -9.3986511230468732 1.5000000000000002 -1.7527437210083006 3.9022407531738286 1.7576639652252199 4.2420642375946054 4.1790466308593759 1.6712499260902407 23.903424263000492 1.8131936192512514 77.250000000000014 2.0608279705047612 -5.7872314453124991 1.5292941331863406 1007.803436279297 4531.0136718750009 867.31250000000011 27.784189224243168 2.0803062915802006 40.812500000000007 21.943204879760746 1.4930629730224612 1.5000000000000002 1.3676109313964846
decision_type=2 2 2 2 2 2 2 2 2 2 2 2 2 2 2 2 2 2 2 2 2 2 2 2 2 2 2 2 2 2
left_child=2 12 6 4 11 -6 -1 8 -8 10 26 22 18 29 15 -15 -7 -17 -2 -16 -12 25 -3 -13 -25 -22 -4 28 -28 -5
right_child=1 3 9 13 5 16 7 -9 -10 -11 20 23 -14 14 19 17 -18 -19 -20 -21 21 -23 -24 24 -26 -27 27 -29 -30 -31
leaf_value=-0.074357982843995349 -0.037404869635047064 0.028324826997308011 -0.0034670167244035609 0.008607872528735596 0.012360316850136034 -0.026992023748184098 -0.098449064294228408 -0.034748918356453988 -0.031121863676591328 0.0040489647810802521 -0.05990206366752876 -0.0085736931863069545 0.022456369527642961 0.00043145994632220032 -0.0058779077186150641 -0.050966445145067985 0.0029060865803722728 -0.010396752304600278 -0.0072744244677238352 0.030087305770925589 -0.01837587601691313 -0.041654671930270205 0.01537204332318807 0.011527354537587058 0.037141415030901202 -0.042236511399950293 -0.042464224325011887 -0.011824705585088828 -0.021465780604607985 0.024450945079638249
leaf_weight=3378 2036 24304 2774 106506 30388 3091 2264 9861 2467 2071 2760 3437 2152 6672 2031 2029 5372 2026 17056 3295 7840 14575 15450 23873 2737 2996 6554 5182 8195 5098
leaf_count=3378 2036 24304 2774 106506 30388 3091 2264 9861 2467 2071 2760 3437 2152 6672 2031 2029 5372 2026 17056 3295 7840 14575 15450 23873 2737 2996 6554 5182 8195 5098
internal_value=-6.50805e-05 0.0094605 -0.0346561 0.0109547 0.014557 0.00791712 -0.0498272 -0.0441014 -0.0634807 -0.0294986 -0.0308647 0.018251 -0.00715748 0.00788777 -0.0021642 -0.0113817 -0.00803278 -0.030772 -0.0105055 0.0163871 -0.0370702 -0.0345678 0.023296 0.0115707 0.0141749 -0.0250059 -0.0231525 -0.0258892 -0.0308193 0.0093337
internal_weight=328470 257553 70917 236309 108652 38851 17970 14592 4731 52947 50876 69801 21244 127657 16053 10727 8463 4055 19092 5326 28171 25411 39754 30047 26610 10836 22705 19931 14749 111604
internal_count=328470 257553 70917 236309 108652 38851 17970 14592 4731 52947 50876 69801 21244 127657 16053 10727 8463 4055 19092 5326 28171 25411 39754 30047 26610 10836 22705 19931 14749 111604
is_linear=0
shrinkage=0.05


Tree=72
num_leaves=31
num_cat=0
split_feature=44 3 44 22 10 33 15 10 31 22 29 28 43 29 19 40 13 19 38 38 31 17 21 32 22 11 18 12 17 18
split_gain=38514.8 2214.89 1986.52 971.085 1328.03 965.231 1299.18 1257.05 864.307 808.962 802.021 766.901 666.578 665.895 562.235 716.144 466.104 954.057 799.054 460.504 460.136 585.216 455.978 455.685 589.954 416.231 523.512 414.57 412.13 404.335
threshold=8.1497440338134783 579.46560668945324 -12.37950277328491 0.024318695068359378 3.6205378770828252 23.903424263000492 1.3860251903533938 1.5005409121513369 64.062850952148452 0.71096420288085949 0.36005783081054693 1005.6534423828126 -2.7252261638641353 0.030033111572265628 2.0572662353515629 3.8408775329589848 2.0005065202713017 1.6010149717330935 1.6991364955902102 1.6991364955902102 26.079738616943363 2.5795809030532841 1.9925801753997805 89.374919891357436 3.2057762145996098 2.9284204244613652 1.7460360527038576 1.5409359931945803 0.73129463195800792 2.419428944587708
decision_type=2 2 2 2 2 2 2 2 2 2 2 2 2 2 2 2 2 2 2 2 2 2 2 2 2 2 2 2 2 2
left_child=2 5 9 4 25 7 19 28 16 14 -3 -12 23 20 -1 -16 17 -9 -19 -7 -8 -22 -15 -5 27 26 -4 -25 -2 -13
right_child=1 10 3 12 -6 6 13 8 -10 -11 11 29 -14 22 15 -17 -18 18 -20 -21 21 -23 -24 24 -26 -27 -28 -29 -30 -31
leaf_value=-0.062721162225968324 0.0081095132845302644 0.0046591303267277569 -0.032116166477380421 -0.020845272441830678 0.018053282150258199 0.0088488149303340286 0.013049974826269201 -0.0035536425898570522 0.010431324525867314 -0.074333808737032839 -0.039488757616771522 -0.0033148047073969637 -0.025487788589277006 0.020261206693590054 -0.058855755804091928 -0.022291679035441856 0.0058395947051301149 -0.010620898357360967 -0.054799562890996967 0.025200641498802329 0.030024932507724811 0.059105759210687607 -0.0013714043830547404 -0.023934893818069465 -0.062655929007751271 -0.044467533444832702 -0.012702683729916293 -0.04197173006822106 0.014219500732768474 -0.027190656846487651
leaf_weight=2689 69743 17235 6046 3219 2101 47360 2960 7827 9153 2917 2026 12469 16953 12306 2053 3882 4038 2001 2098 4731 10062 2100 3035 4189 2782 2174 8195 13982 45740 2058
leaf_count=2689 69743 17235 6046 3219 2101 47360 2960 7827 9153 2917 2026 12469 16953 12306 2053 3882 4038 2001 2098 4731 10062 2100 3035 4189 2782 2174 8195 13982 45740 2058
internal_value=2.37991e-05 0.00904037 -0.0325195 -0.0288359 -0.0193095 0.0108467 0.0151384 0.00832587 -0.001811 -0.051514 -0.00288917 -0.0107465 -0.0331194 0.0233401 -0.0437182 -0.0350174 -0.00883231 -0.0138008 -0.0333113 0.0103385 0.0307879 0.0350907 0.0159834 -0.038459 -0.0411538 -0.0240997 -0.0209614 -0.0378291 0.0105306 -0.00671361
internal_weight=328124 256942 71182 59641 18516 223154 82554 140600 25117 11541 33788 16553 41125 30463 8624 5935 15964 11926 4099 52091 15122 12162 15341 24172 20953 16415 14241 18171 115483 14527
internal_count=328124 256942 71182 59641 18516 223154 82554 140600 25117 11541 33788 16553 41125 30463 8624 5935 15964 11926 4099 52091 15122 12162 15341 24172 20953 16415 14241 18171 115483 14527
is_linear=0
shrinkage=0.05


Tree=73
num_leaves=31
num_cat=9
split_feature=24 3 42 5 27 5 38 5 40 10 5 34 5 31 5 5 32 31 39 34 41 10 19 34 5 10 42 13 5 38
split_gain=35554.1 2123.89 1634.43 1111.5 1093.75 891.084 1195.88 779.551 665.044 928.619 751.293 636.456 1023.69 909.357 1295.47 849.474 580.806 574.93 574.113 662.939 517.625 531.525 479.157 476.099 503.198 470.804 451.256 440.696 434.802 442.984
threshold=11.574493408203127 679.49227905273449 -7.9358978271484366 0 1008.8497009277345 1 -1.5981817245483396 2 3.0432109832763676 2.2110271453857426 3 -0.88604736328124989 4 46.524101257324226 5 6 404.04962158203131 37.895574569702156 1.8681939244270327 -7.5357971191406241 30.743941307067875 1.7684516310691836 2.3807077407836919 -8.6274719238281232 7 3.0744864940643315 29.499198913574222 1.5587356686592104 8 1.6632995605468752
decision_type=2 2 2 9 2 9 2 9 2 2 9 2 9 2 9 9 2 2 2 2 2 2 2 2 9 2 2 2 9 2
left_child=2 4 3 17 5 18 -7 26 9 -5 -10 12 -4 -14 -15 16 -13 -1 19 28 21 -9 -17 -3 -25 -19 -6 -23 -2 -30
right_child=1 23 11 8 7 6 -8 20 10 -11 -12 15 13 14 -16 22 -18 25 -20 -21 -22 27 -24 24 -26 -27 -28 -29 29 -31
leaf_value=-0.029388371534440846 -0.014764230283246499 -0.028207251116908322 -0.013228041608855129 -0.029207104537210406 0.0030186086147579814 -0.018582624025495494 0.011913756987826903 0.010150951007557137 -0.037592081569659236 -0.071788246992218779 -0.0060080207960705317 -0.037767052151363383 -0.026172909582468415 -0.028226611276562404 -0.062776930359989033 -0.016180693090862813 -0.011683656664389653 -0.050989109316029818 0.045488947760142513 0.021059248437508324 0.028564272335638508 -0.017268911616047069 0.016053103382176151 0.019377905670959369 -0.0053128145732996715 -0.075563213727442111 -0.021001394222749686 0.010938289863012388 -0.0039505663639211701 0.028723408453720678
leaf_weight=2052 2149 2018 7441 3464 42785 3461 43697 87141 3858 2046 3696 4691 14592 5634 5389 2187 3932 6290 2041 34563 3571 3339 2416 2260 21763 2934 2039 2352 2010 2129
leaf_count=2052 2149 2018 7441 3464 42785 3461 43697 87141 3858 2046 3696 4691 14592 5634 5389 2187 3932 6290 2041 34563 3571 3339 2416 2260 21763 2934 2039 2352 2010 2129
internal_value=-3.1418e-05 0.00859364 -0.0314544 -0.041949 0.0101179 0.014424 0.00967006 0.00737134 -0.031884 -0.0451199 -0.0222247 -0.0259274 -0.0296384 -0.03438 -0.0452419 -0.0166368 -0.0258706 -0.0534958 0.0196405 0.0183431 0.00990383 0.00918408 0.000734555 -0.00494229 -0.00297705 -0.0588791 0.00192109 -0.00561258 0.00340356 0.0128539
internal_weight=327940 257318 70622 24340 231277 90050 47158 141227 13064 5510 7554 46282 33056 25615 11023 13226 8623 11276 42892 40851 96403 92832 4603 26041 24023 9224 44824 5691 6288 4139
internal_count=327940 257318 70622 24340 231277 90050 47158 141227 13064 5510 7554 46282 33056 25615 11023 13226 8623 11276 42892 40851 96403 92832 4603 26041 24023 9224 44824 5691 6288 4139
cat_boundaries=0 32 58 90 119 151 180 212 244 270
cat_threshold=0 0 0 0 0 0 0 0 0 0 0 0 0 0 0 0 0 0 0 0 0 0 30 0 0 912 0 0 384 0 0 49152 0 0 0 6160 0 0 65792 0 0 2031616 0 0 66584576 0 0 788529152 0 0 452984832 0 0 4026531840 0 0 0 3 256 0 0 2048 0 0 32768 0 0 917504 0 0 31457280 0 0 462422016 0 0 2969567232 3 0 3758096384 33 0 0 7 0 0 32 0 0 256 0 0 0 0 0 0 0 0 0 0 0 0 0 0 0 0 0 0 0 0 0 0 33 0 0 72 0 0 3088 0 0 0 0 0 0 0 0 0 0 0 0 0 0 0 0 0 0 3221225472 1 0 2147483648 49 0 0 780 0 0 32 0 0 69632 0 0 0 0 0 0 0 0 0 0 0 0 0 0 0 0 0 0 0 0 0 0 14 0 0 16 0 0 8384 0 0 0 0 0 0 0 0 0 0 0 0 0 0 0 0 0 0 0 0 0 0 63 0 0 924 0 0 3680 0 0 33280 0 0 0 0 0 0 1024 0 0 16384 0 0 0 0 0 8388608 0 0 0 0 0 0 8 0 0 2 0 0 8448 0 0 14848 0 0 0 0 0 0 0 0 0 65536 0 0 0 0 0 603979776 0 0 33554432 0 0 1610612736 0 0 0 3
is_linear=0
shrinkage=0.05


Tree=74
num_leaves=31
num_cat=11
split_feature=24 44 24 27 24 29 5 36 5 5 41 27 5 41 36 5 5 31 39 5 5 31 33 12 29 5 5 33 29 5
split_gain=32297.9 2189.71 1310.67 1287.66 1067.19 1014.84 1053.49 932.649 1334.22 925.505 1417.8 911.367 884.566 876.235 839.99 935.72 863.8 625.98 623.906 619.682 577.398 513.553 814.031 625.815 504.883 755.554 525.238 477.088 639.155 527.378
threshold=19.456939697265629 -12.37950277328491 28.554168701171879 1006.584930419922 4.3174133300781259 0.010486602783203127 0 6.5217018127441415 1 2 32.400312423706062 1005.9741210937501 3 31.554272651672367 18.646717071533207 4 5 50.855756759643562 0.88921329379081737 6 7 55.693561553955085 24.502848625183109 1.218594014644623 0.70238113403320324 8 9 22.023360252380375 0.2205619812011719 10
decision_type=2 2 2 2 2 2 9 2 9 9 2 2 9 2 2 9 9 2 2 9 9 2 2 2 2 9 9 2 2 9
left_child=1 7 12 -3 14 6 -4 19 -9 10 11 -7 27 21 16 -16 17 -5 -15 -1 -6 22 23 -11 26 -26 -23 29 -29 -2
right_child=2 3 5 4 20 9 -8 8 -10 13 -12 -13 -14 18 15 -17 -18 -19 -20 -21 -22 24 -24 -25 25 -27 -28 28 -30 -31
leaf_value=-0.04705680902656903 -0.0048660813821745095 -0.056897877381016176 0.031318404493831706 -0.023089737813055067 -0.021864836510242992 0.02140988173384839 0.011958484369315453 -0.094693682945793597 -0.042495375902963366 0.0081670072935727759 -0.036369804642651098 0.00040775686956399227 0.0059762421603939938 0.017044459807354386 -0.070629508429001245 -0.030138746595841051 -0.015015669359478548 -0.040294537435034396 0.043511374432464868 -0.014174630719233619 -0.0056844276400882165 0.02575252689632326 0.014130957371630216 -0.016255713398811333 -0.013998703472183578 0.010224065891443 0.012093946248942153 0.016333014555445745 -0.018380103165934376 -0.028396193799679594
leaf_weight=3963 6193 2945 11486 11417 11691 6514 18232 2100 3140 4408 2233 24807 56371 7174 2230 4162 13869 9943 3236 2302 10482 8001 8766 6450 4301 12619 59528 3736 2043 3869
leaf_count=3963 6193 2945 11486 11417 11691 6514 18232 2100 3140 4408 2233 24807 56371 7174 2230 4162 13869 9943 3236 2302 10482 8001 8766 6450 4301 12619 59528 3736 2043 3869
internal_value=-5.12319e-05 -0.0280839 0.00872424 -0.0246041 -0.0231046 0.0110318 0.0194637 -0.0482307 -0.0638164 0.00933794 0.00203193 0.00478112 0.00304325 0.0114777 -0.0278256 -0.0445106 -0.0247865 -0.0310991 0.0253057 -0.0351141 -0.0142342 0.0100934 0.0028055 -0.00634248 0.0117864 0.00405987 0.0137214 -0.00739024 0.00405063 -0.013966
internal_weight=328211 78244 249967 66739 63794 177755 29718 11505 5240 148037 33554 31321 72212 114483 41621 6392 35229 21360 10410 6265 22173 104073 19624 10858 84449 16920 67529 15841 5779 10062
internal_count=328211 78244 249967 66739 63794 177755 29718 11505 5240 148037 33554 31321 72212 114483 41621 6392 35229 21360 10410 6265 22173 104073 19624 10858 84449 16920 67529 15841 5779 10062
cat_boundaries=0 32 64 96 128 160 192 221 253 282 314 346
cat_threshold=0 0 0 0 0 0 0 0 0 0 0 0 1835008 0 0 12582912 0 0 201326592 0 0 4026531840 1 0 0 5 0 0 48 0 0 256 0 0 0 0 0 0 0 0 0 0 0 0 0 0 0 0 0 0 0 0 0 0 10 0 0 448 0 0 10112 0 0 49152 784 0 0 4096 0 0 0 0 0 0 0 0 17170432 0 0 284164096 0 0 3858759680 3 0 1610612736 33 0 0 0 0 0 0 0 0 8192 0 0 0 192 0 0 3072 0 0 16384 0 0 0 0 0 274726912 0 0 201326592 3 0 4026531840 51 0 0 7 0 0 12592 0 0 76032 0 0 0 0 0 0 0 0 0 0 0 0 0 0 0 0 0 0 0 0 0 0 0 0 0 993 0 0 3632 0 0 3584 0 0 0 0 0 0 0 0 0 0 0 0 0 0 0 0 0 0 0 0 0 0 14 0 0 56 0 0 4032 0 0 27648 0 0 0 0 0 0 0 0 0 0 0 0 0 0 0 0 0 0 0 0 0 0 27 0 0 976 0 0 7424 0 0 0 0 0 0 0 0 0 0 0 0 0 0 0 0 0 0 0 0 0 268435456 6 0 0 501 0 0 7888 0 0 49920 0 0 0 0 0 0 15360 0 0 3915776 0 0 42467328 0 0 0 0 0 0 0 0 2147483648 0 0 0 0 0 0 32 0 0 0 0 0 0 34816 0 0 3178496 0 0 34603008 0 0 33554432 0 0 268435456 0 0 0 2 0 0 0 0 0 0 0 0 256 0 0 0 64 0 0 0 0 0 0 0 0 0 0 0 268435456 0 0 201326592 3 0 0 35 0 0 0 0 0 256 0 0 8192
is_linear=0
shrinkage=0.05


Tree=75
num_leaves=31
num_cat=1
split_feature=3 13 24 24 35 7 38 34 28 10 29 12 29 3 10 34 16 12 34 1 39 29 34 43 38 8 26 13 7 1
split_gain=28791.9 1852.69 1267.19 1198.99 1045.88 1004.19 1347.63 942.055 909.334 880.712 869.457 767.414 763.016 724.273 694.22 736.83 655.262 616.534 604.62 668.751 599.823 582.51 716.08 548.987 532.393 952.436 447.139 570.862 881.542 636.762
threshold=1982.0452270507815 4.7434003353118905 1.4819641113281252 28.479461669921879 2.0985603332519536 2.5000000000000004 -4.254535198211669 2.8218383789062504 1004.7240600585939 1.5126976370811465 0.010486602783203127 2.0231338739395146 0.46316909790039068 124.31027221679689 1.0994037985801699 -1.8146667480468748 3.7701683044433598 1.7891115546226504 3.6633911132812504 75.250000000000014 0.88921329379081737 0.36005783081054693 -5.9568176269531241 32.597969055175788 -0.97906303405761708 0 3.7399535179138188 1.9613127708435061 1.5000000000000002 75.750000000000014
decision_type=2 2 2 2 2 2 2 2 2 2 2 2 2 2 2 2 2 2 2 2 2 2 2 2 2 1 2 2 2 2
left_child=3 2 4 13 5 6 -2 -7 -8 17 11 -5 -11 -1 23 21 -14 -4 19 20 -15 26 -23 -12 -17 -26 -16 28 -28 -30
right_child=1 -3 9 10 -6 7 8 -9 -10 12 14 -13 16 18 15 24 -18 -19 -20 -21 -22 22 -24 -25 25 -27 27 -29 29 -31
leaf_value=0.0059422429708178527 -0.071604025252072087 -0.070087503339731114 -0.021227870309424961 0.013668899211704272 -0.047561523451070051 -0.022057795684688367 -0.061145176106931765 0.015574840222485876 -0.025929691776296355 0.001365795831063015 0.010626906171542229 0.032747327666316516 -0.013523316552678036 -0.043115702435975747 0.01690029810897746 0.014410812227267429 -0.044128293857866659 -0.044911519908949121 0.015810471594386446 -0.0029048308466636985 -0.0073057441830436543 -0.019635894403041917 0.006921590058855738 0.034715181975394832 0.0097254748048272825 -0.019807380042187493 0.015686948368199848 0.022223097614259474 -0.036634387659072919 0.0011000260475098062
leaf_weight=48836 2103 2407 9878 23126 8067 8881 2040 2038 17969 7367 94996 6831 9460 2268 16590 2784 2141 3822 2991 14050 2413 3733 7876 2418 4124 8038 3471 3054 2238 2223
leaf_count=48836 2103 2407 9878 23126 8067 8881 2040 2038 17969 7367 94996 6831 9460 2268 16590 2784 2141 3822 2991 14050 2413 3733 7876 2418 4124 8038 3471 3054 2238 2223
internal_value=-4.54418e-05 -0.0269814 -0.0255655 0.0080954 -0.0314102 -0.0274524 -0.0335791 -0.0150259 -0.0295488 -0.0182053 0.0102454 0.0180288 -0.0112188 0.00256406 0.00870574 0.00416488 -0.0192047 -0.027863 -0.0050301 -0.00836462 -0.024711 0.0077671 -0.00162781 0.0112283 -0.00527821 -0.00979335 0.0117213 0.00389233 -0.00318452 -0.0178702
internal_weight=328233 76173 73766 252060 41098 33031 22112 10919 20009 32668 181502 29957 18968 70558 151545 54131 11601 13700 21722 18731 4681 39185 11609 97414 14946 12162 27576 10986 7932 4461
internal_count=328233 76173 73766 252060 41098 33031 22112 10919 20009 32668 181502 29957 18968 70558 151545 54131 11601 13700 21722 18731 4681 39185 11609 97414 14946 12162 27576 10986 7932 4461
cat_boundaries=0 1
cat_threshold=4
is_linear=0
shrinkage=0.05


Tree=76
num_leaves=31
num_cat=9
split_feature=44 42 34 31 5 33 5 16 31 29 19 10 5 34 5 5 16 10 5 5 37 5 0 10 5 37 39 7 37 34
split_gain=25883 1874.74 1252.46 1142.84 1062.53 927.74 1589.66 997.91 961.732 865.259 956.452 722.457 970.759 819.409 842.836 597.344 592.1 568.878 667.664 663.804 543.185 509.875 502.588 452.936 416.059 402.789 408.045 397.638 395.476 392.528
threshold=15.78423595428467 -3.4966430664062496 -14.996643066406248 57.540939331054695 0 23.72678375244141 1 1.6399580836296084 21.943204879760746 0.1672325134277344 1.8392676115036013 1.4384295344352724 2 2.3823852539062504 3 4 3.7701683044433598 1.8282111287117007 5 6 1.8449096679687502 7 32.250000000000007 4.3484816551208505 8 -0.82937240600585926 0.94336217641830455 1.5000000000000002 0.12119293212890626 1.4528198242187502
decision_type=2 2 2 2 9 2 9 2 2 2 2 2 9 2 9 9 2 2 9 9 2 9 2 2 9 2 2 2 2 2
left_child=1 2 -1 22 27 6 24 25 -9 15 -11 12 28 14 16 -10 -13 18 29 -19 -6 -12 -4 -24 -2 -7 -27 -5 -3 -8
right_child=5 11 3 4 20 7 17 8 9 10 21 13 -14 -15 -16 -17 -18 19 -20 -21 -22 -23 23 -25 -26 26 -28 -29 -30 -31
leaf_value=-0.067393408902590476 -0.018512961361668977 -0.0013163475209990159 -0.034698990502569853 -0.068902919796258733 -0.033948444855597795 -0.0076622192382556137 0.01471490314356827 -0.010853730373269326 0.015102956633163758 0.021080472118792631 -0.027948300729675853 -0.01806369063268674 -0.039615177634915309 0.019327751660773967 -0.0043934830577100964 0.030697518457512923 -0.048698974354368922 -0.017321816288336522 0.0072758134753686012 0.0076290057370312055 -0.0052009279572360805 0.0067343165113372934 -0.020876466171250614 0.0030071458812434243 -0.0027615490291490953 0.0077112457750027523 0.026220137136397145 -0.044830244690759975 -0.023420598355049563 0.035540251048917643
leaf_weight=2358 5385 3642 5692 2646 9177 3995 12021 2689 10000 5477 2093 6634 6424 2051 10665 16357 2070 4708 100903 6094 2006 2117 13375 2328 18761 52853 3148 5241 4547 2789
leaf_count=2358 5385 3642 5692 2646 9177 3995 12021 2689 10000 5477 2093 6634 6424 2051 10665 16357 2070 4708 100903 6094 2006 2117 13375 2328 18761 52853 3148 5241 4547 2789
internal_value=4.05295e-05 -0.0249265 -0.0319992 -0.0299205 -0.0388249 0.00793568 0.0054664 0.0117029 0.0179587 0.0201107 0.00732237 -0.0165146 -0.0250848 -0.0106588 -0.0138425 0.0248062 -0.0253678 0.00770977 0.00873473 -0.00326062 -0.0287753 -0.0105838 -0.0219694 -0.017336 -0.00628682 0.00766183 0.00875619 -0.0529164 -0.0135869 0.0186455
internal_weight=328246 78856 42823 40465 19070 249390 150661 98729 38733 36044 9687 36033 14613 21420 19369 26357 8704 126515 115713 10802 11183 4210 21395 15703 24146 59996 56001 7887 8189 14810
internal_count=328246 78856 42823 40465 19070 249390 150661 98729 38733 36044 9687 36033 14613 21420 19369 26357 8704 126515 115713 10802 11183 4210 21395 15703 24146 59996 56001 7887 8189 14810
cat_boundaries=0 32 64 96 128 157 176 195 224 256
cat_threshold=0 0 0 0 0 0 0 0 0 0 0 0 0 0 0 0 0 0 0 0 0 0 14 0 0 240 0 0 12160 0 0 49152 0 0 0 0 0 0 1024 0 0 16384 0 0 458752 0 0 7340032 0 0 2533359616 1 0 4026531840 51 0 0 15 0 0 48 0 0 14592 0 0 0 0 0 0 0 0 0 0 0 0 0 0 0 0 0 0 3221225472 3 0 2147483648 51 0 0 972 0 0 0 0 0 14336 0 0 0 0 0 0 0 0 0 0 0 0 0 0 0 0 0 0 0 0 0 268435456 0 0 0 453 0 0 4080 0 0 26880 0 0 0 0 0 0 2048 0 0 98304 0 0 1245184 0 0 126877696 0 0 687865856 0 0 0 1 0 0 10 0 0 64 0 0 0 144 0 0 2304 0 0 65536 0 0 1048576 0 0 117440512 0 0 1610612736 0 0 0 128 0 0 0 0 0 98304 0 0 16777216 0 0 58720256 0 0 1744830464 0 0 0 0 0 0 0 0 0 0 0 0 0 0 0 12582912 0 0 1056964608 0 0 268435456 1 0 0 1 0 0 272 0 0 0 0 0 0 0 0 0 16384 0 0 0 0 0 7340032 0 0 50331648 0 0 0 0 0 0 5 0 0 48 0 0 6400
is_linear=0
shrinkage=0.05


Tree=77
num_leaves=31
num_cat=9
split_feature=24 43 13 36 5 24 13 5 37 5 41 38 37 5 37 7 38 38 5 5 5 12 23 10 5 5 12 41 34 7
split_gain=23490.6 1698.8 1186.51 1040.52 1708.84 957.378 798.162 943.065 860.373 1226.37 1431.59 772.293 689.302 888.878 657.124 787.808 2126.32 1060.1 682.84 663.711 642.472 618.654 603.99 713.206 748.741 698.468 588.493 554.746 554.321 519.538
threshold=19.456939697265629 -3.6424472332000728 4.7434003353118905 17.613887786865238 0 28.453842163085941 2.2311520576477055 1 -0.35420608520507807 2 31.754849433898929 2.1261444091796879 1.8449096679687502 3 2.9366836547851567 1.5000000000000002 -2.2069604396820064 0.08081150054931642 4 5 6 2.7426580190658574 33.798725128173835 1.4507261514663699 7 8 1.4470082521438601 30.660932540893558 -11.629058837890623 1.5000000000000002
decision_type=2 2 2 2 9 2 2 9 2 9 2 2 2 9 2 2 2 2 9 9 9 2 2 2 9 9 2 2 2 2
left_child=1 2 3 14 -5 20 8 -8 9 10 -7 21 22 -14 15 16 -1 -17 -16 -19 -2 -9 23 24 -10 29 -24 -11 -3 -25
right_child=5 28 -4 4 -6 6 7 11 12 27 -12 -13 13 -15 18 17 -18 19 -20 -21 -22 -23 26 25 -26 -27 -28 -29 -30 -31
leaf_value=-0.085176477590593394 -0.0065896417454046818 -0.036429348747622742 -0.065452169909920907 -0.084635609389452957 -0.026700894887433387 -0.00256594749523584 0.0041803471128278825 0.027857273924145498 0.019411798283295728 0.0026213274995515873 -0.050961010751082184 0.014010557103634172 0.047753964429934043 0.0078598435769128474 -0.02485816823989212 -0.013258292013195658 -0.028185381240286623 -0.050364050894796619 0.011358133063542502 -0.021645453922263302 0.0049853764773486638 0.066596026869756658 0.03833871626815049 0.0040234179197970116 0.0083366178714687454 0.011337519050703307 0.009388544651255026 0.018765892297935766 -0.013743456496463004 -0.017434831333543812
leaf_weight=2043 15578 2941 2305 2066 3389 5380 4648 2103 18777 23807 2125 3063 2733 2872 2978 12210 8179 4209 2286 3997 51802 2059 3489 5037 81847 7900 3540 6844 31391 6392
leaf_count=2043 15578 2941 2305 2066 3389 5380 4648 2103 18777 23807 2125 3063 2733 2872 2978 12210 8179 4209 2286 3997 51802 2059 3489 5037 81847 7900 3540 6844 31391 6392
internal_value=-7.12904e-05 -0.024026 -0.0305702 -0.0286107 -0.0489613 0.00740278 0.00928221 0.0218142 0.00840954 0.00179273 -0.0162966 0.0330854 0.0103135 0.0274617 -0.0255058 -0.0283096 -0.0396479 -0.0226161 -0.00916438 -0.0365067 0.00230846 0.0471356 0.00955442 0.00871818 0.0104078 -7.85175e-05 0.0237927 0.00622913 -0.0156969 -0.00797551
internal_weight=327990 77994 43662 41357 5455 249996 182616 11873 170743 38156 7505 7225 132587 5605 35902 30638 10222 20416 5264 8206 67380 4162 126982 119953 100624 19329 7029 30651 34332 11429
internal_count=327990 77994 43662 41357 5455 249996 182616 11873 170743 38156 7505 7225 132587 5605 35902 30638 10222 20416 5264 8206 67380 4162 126982 119953 100624 19329 7029 30651 34332 11429
cat_boundaries=0 32 64 96 128 157 189 221 247 273
cat_threshold=0 0 0 0 0 0 0 0 0 0 0 0 0 0 0 0 0 0 0 0 0 0 2 0 0 897 0 0 3984 0 0 1536 0 0 0 0 0 0 2048 0 0 32768 0 0 1572864 0 0 118489088 0 0 3774873600 1 0 0 0 0 0 2 0 0 48 0 0 12288 0 0 0 4096 0 0 0 0 0 0 0 0 458752 0 0 14680064 0 0 1711276032 0 0 1073741824 3 0 0 0 0 0 0 0 0 256 0 0 0 0 0 0 2048 0 0 16384 0 0 4194304 0 0 254803968 0 0 1660944384 0 0 805306368 0 0 0 3 0 0 32 0 0 4096 0 0 0 0 0 0 0 0 0 0 0 0 0 0 0 0 0 0 0 0 0 0 15 0 0 1016 0 0 1408 0 0 0 0 0 0 0 0 0 0 0 0 0 0 0 0 0 0 0 0 0 0 14 0 0 56 0 0 960 0 0 26624 0 0 0 192 0 0 35840 0 0 16384 0 0 0 0 0 283115520 0 0 234881024 2 0 4026531840 51 0 0 7 0 0 12592 0 0 67584 0 0 0 128 0 0 34816 0 0 2097152 0 0 34865152 0 0 803209216 0 0 1006632960 0 0 1073741824 0 0 0 4 0 0 0 192 0 0 2048 0 0 1163264 0 0 50331648 0 0 394264576 0 0 4211081216 0 0 2952790016 1 0 0 6
is_linear=0
shrinkage=0.05


Tree=78
num_leaves=31
num_cat=0
split_feature=3 34 31 3 3 26 33 34 18 30 18 36 20 31 42 38 7 39 7 43 34 18 38 28 30 37 33 19 14 43
split_gain=21050.4 1470.33 1235.82 1305.47 971.663 872.836 789.716 716.622 703.367 622.363 696.182 613.507 685.905 504.005 701.734 501.1 1419.11 581.684 1143.37 541.631 460.648 880.665 672.449 422.934 414.775 438.251 410.501 428.218 392.149 389.492
threshold=1982.0452270507815 -16.667480468749996 36.278549194335945 4600.3168945312509 569.34155273437511 7.7896711826324472 24.389183998107914 -2.4653015136718746 2.4642261266708378 1002.1875000000001 2.092233538627625 12.481212615966799 2.3198221921920781 24.856538772583011 34.827194213867195 1.8832564353942873 1.5000000000000002 0.91587159037590038 2.5000000000000004 28.203367233276371 -6.7456054687499991 1.4877240657806399 2.6561725139617924 1011.8396911621095 1.0000000180025095e-35 1.1431732177734377 24.014399528503422 2.8635715246200566 3.5118774175643925 -7.7635185718536368
decision_type=2 2 2 2 2 2 2 2 2 2 2 2 2 2 2 2 2 2 2 2 2 2 2 2 2 2 2 2 2 2
left_child=4 -2 5 6 7 -3 8 9 28 13 -11 26 -13 -1 20 17 -17 -9 -19 -18 -15 -22 -23 -8 25 -6 27 29 -4 -5
right_child=1 2 3 11 24 -7 23 15 -10 10 -12 12 -14 14 -16 16 19 18 -20 -21 21 22 -24 -25 -26 -27 -28 -29 -30 -31
leaf_value=-0.0047056549110413553 -0.061070087667536778 -0.004946142246260837 -0.017160606005402711 -0.057070696324071885 0.0012210275871748909 -0.0302627134552109 0.0093214898960575759 0.0058027673284764911 -0.046399312130534193 0.0086663000577020376 -0.019938797037306645 -0.032697137411783532 -0.069081926012202033 0.0018163090257378772 0.036064658677338671 0.020384306472589771 -0.0088096649341929418 0.0018263477987541959 0.04209442791118731 -0.03932296335495708 0.010701712029206098 0.032435637006833842 0.0028400774673726474 -0.013512275334496095 -0.0051727161104208053 0.028061813168639933 -0.023030932852588313 -0.020688831456861116 -0.039777054548821029 -0.032097249992305961
leaf_weight=2902 2443 14799 12747 3206 5814 4414 2566 114020 3206 41033 2234 2899 2385 5892 4263 3677 4831 3789 3288 2076 21464 10760 2338 9554 21445 2050 10228 2640 2257 3148
leaf_count=2902 2443 14799 12747 3206 5814 4414 2566 114020 3206 41033 2234 2899 2385 5892 4263 3677 4831 3789 3288 2076 21464 10760 2338 9554 21445 2050 10228 2640 2257 3148
internal_value=9.74833e-06 -0.0229609 -0.0216955 -0.025519 0.00698631 -0.0107751 -0.0185739 0.00811322 -0.0251544 0.0115283 0.00718507 -0.0341037 -0.0492193 0.0154723 0.0167825 0.00575542 -0.00467419 0.00666729 0.020568 -0.0180245 0.0147422 0.0169446 0.027159 -0.0086743 -0.00157106 0.00824468 -0.0299251 -0.0377308 -0.0205869 -0.0447678
internal_weight=328368 76492 74049 54836 251876 19213 30330 222567 18210 90886 43267 24506 5284 47619 44717 131681 10584 121097 7077 6907 40454 34562 13098 12120 29309 7864 19222 8994 15004 6354
internal_count=328368 76492 74049 54836 251876 19213 30330 222567 18210 90886 43267 24506 5284 47619 44717 131681 10584 121097 7077 6907 40454 34562 13098 12120 29309 7864 19222 8994 15004 6354
is_linear=0
shrinkage=0.05


Tree=79
num_leaves=31
num_cat=1
split_feature=41 11 3 35 3 41 13 10 34 36 34 11 11 23 20 23 34 10 11 41 21 43 9 43 10 29 38 29 38 14
split_gain=19409.4 1490.95 1321.39 956.895 812.221 698.565 653.715 651.352 622.735 621.021 615.225 596.93 576.016 523.616 504.943 529.688 594.668 500.044 499.91 464.661 448.57 435.88 393.996 620.925 420.724 340.404 327.592 324.455 312.039 421.645
threshold=7.1946635246276864 4.7199940681457528 579.46560668945324 2.1443367004394536 4600.3168945312509 28.917327880859379 2.5278443098068242 3.9022407531738286 -8.0901794433593732 3.7980080842971806 -6.7456054687499991 1.6156531572341921 2.6562592983245854 -5.9017791748046866 2.4653595685958867 33.589668273925788 -7.4174194335937491 1.7553859949111941 1.389486610889435 25.201691627502445 1.9958552718162539 23.682590484619144 0 27.897194862365726 1.109982490539551 0.51329040527343761 -0.31592082977294916 1.0000000180025095e-35 2.9524796009063725 1.9797964692115786
decision_type=2 2 2 2 2 2 2 2 2 2 2 2 2 2 2 2 2 2 2 2 2 2 9 2 2 2 2 2 2 2
left_child=1 3 5 4 7 17 14 9 -4 -1 -5 20 28 -12 15 16 -7 22 -17 21 26 -19 -2 24 -24 -13 -6 -26 29 -10
right_child=2 -3 8 10 11 6 -8 -9 12 -11 13 25 -14 -15 -16 18 -18 19 -20 -21 -22 -23 23 -25 27 -27 -28 -29 -30 -31
leaf_value=-0.024034385952564286 0.0057340709183624685 -0.061850586501814013 -0.028682767374984586 -0.05652695002863467 -0.03619747976000539 -0.0083588520727770656 0.031540707053651279 0.015023241578580896 -0.0009859404569172558 -0.0062955395668893091 -0.044055606206940469 -0.021286013281346154 0.024191945544697793 -0.020881917429738328 -0.012792833006671606 0.030310673493540958 0.011064846527935671 0.00029797419754945938 0.0076180452351971382 0.0047188983456317177 -0.00074614365879857396 -0.026038943566049577 0.029382336416268546 -0.0021905774322381793 0.023566266007435183 -0.034118841777021285 -0.014226667825474168 0.0048100139929551948 0.015018166545615778 -0.016006577306440926
leaf_weight=8887 116344 2394 2154 2426 2559 4262 3988 2101 21707 11099 3675 8979 2114 7326 2200 6523 51176 3081 3875 8675 3875 3195 5476 4880 3746 12427 5071 5989 2272 5944
leaf_count=8887 116344 2394 2154 2426 2559 4262 3988 2101 21707 11099 3675 8979 2114 7326 2200 6523 51176 3081 3875 8675 3875 3195 5476 4880 3746 12427 5071 5989 2272 5944
internal_value=5.68689e-05 -0.0231237 0.00643027 -0.02176 -0.018832 0.00783116 0.0118847 -0.0114068 -0.002723 -0.0141914 -0.0337303 -0.0238101 -0.000969192 -0.0286563 0.010728 0.0115158 0.00957034 0.005902 0.0218693 -0.00277723 -0.0146049 -0.0131298 0.00685323 0.0133186 0.0183011 -0.0287484 -0.0216331 0.0120441 -0.00275426 -0.00421947
internal_weight=328420 70819 257601 68425 54998 223410 72024 22087 34191 19986 13427 32911 32037 11001 68036 65836 55438 151386 10398 14951 11505 6276 136435 20091 15211 21406 7630 9735 29923 27651
internal_count=328420 70819 257601 68425 54998 223410 72024 22087 34191 19986 13427 32911 32037 11001 68036 65836 55438 151386 10398 14951 11505 6276 136435 20091 15211 21406 7630 9735 29923 27651
cat_boundaries=0 1
cat_threshold=40
is_linear=0
shrinkage=0.05


Tree=80
num_leaves=31
num_cat=8
split_feature=24 44 5 28 13 5 37 5 23 34 29 5 5 31 38 12 11 5 41 41 7 38 37 5 33 34 38 7 38 5
split_gain=17635.4 1448.69 951.291 833.892 767.066 1034.68 880.076 1372.29 734.824 683.846 1255.3 1157.27 936.14 907.414 637.192 767.685 636.261 615.926 613.751 527.639 563.483 941.43 499.309 494.357 472.775 513.113 471.595 438.986 736.942 471.987
threshold=21.374282836914066 -8.4182267189025861 0 1007.9396972656251 2.1338194608688359 1 -0.85522842407226551 2 33.054855346679695 -5.1415710449218741 0.63751220703125011 3 4 20.220475196838382 2.9524796009063725 3.0330687761306767 1.414168179035187 5 31.456492424011234 0.80439651012420665 1.5000000000000002 -1.9303703308105467 1.8449096679687502 6 24.463680267333988 0.76882934570312511 -0.5614185333251952 1.5000000000000002 -0.061764717102050774 7
decision_type=2 2 9 2 2 9 2 9 2 2 2 9 9 2 2 2 2 9 2 2 2 2 2 9 2 2 2 2 2 9
left_child=1 2 -1 -4 6 -6 7 18 17 10 12 -12 -3 -11 15 -7 -10 24 -2 -15 26 -22 -19 -13 -8 -26 -21 -9 29 -29
right_child=4 9 3 -5 5 14 8 27 16 13 11 23 -14 19 -16 -17 -18 22 -20 20 21 -23 -24 -25 25 -27 -28 28 -30 -31
leaf_value=-0.047042139858944565 -0.011526305363374088 -0.021837450290739 -0.052148647515060848 -0.019250321489943014 0.00075922908941412524 0.023640818852993906 -0.0052946341517815581 -0.0053767313892244756 0.026687660855144825 0.01879132012469294 -0.067958625364673758 -0.0076761483973261163 0.0097470586995945137 -0.019389637414765321 0.0066557943826209588 0.058306761533319866 0.002067078716595437 0.0068937855782340227 -0.042566708631781289 -0.039616796944488553 0.029406863527945384 -0.0081080848157622232 0.0255505391834028 -0.033794485481796054 0.015153843048940484 -0.013507047046449949 -0.0075715966736703338 0.038748474313197764 -0.008336202372824307 0.011445586011680525
leaf_weight=6726 6777 6499 2270 12633 6314 5441 18644 5718 8243 2218 2115 2485 3653 20198 2980 2268 3850 162013 2077 2002 2096 8111 3659 6963 6913 2008 2688 2404 3115 4689
leaf_count=6726 6777 6499 2270 12633 6314 5441 18644 5718 8243 2218 2115 2485 3653 20198 2980 2268 3850 162013 2077 2002 2096 8111 3659 6963 6913 2008 2688 2404 3115 4689
internal_value=-3.77658e-05 -0.0203367 -0.0314075 -0.0242767 0.00658831 0.0168341 0.00583054 -0.00306941 0.00690472 -0.0162755 -0.0233309 -0.0345898 -0.0104859 -0.0121644 0.0262947 0.0339019 0.0188575 0.00615577 -0.0188264 -0.0141256 -0.00698008 -0.000383175 0.00730691 -0.0269556 -0.00076539 0.00869475 -0.0213058 0.00570519 0.0119175 0.0208114
internal_weight=327770 80657 21629 14903 247113 17003 230110 24780 205330 59028 21715 11563 10152 37313 10689 7709 12093 193237 8854 35095 14897 10207 165672 9448 27565 8921 4690 15926 10208 7093
internal_count=327770 80657 21629 14903 247113 17003 230110 24780 205330 59028 21715 11563 10152 37313 10689 7709 12093 193237 8854 35095 14897 10207 165672 9448 27565 8921 4690 15926 10208 7093
cat_boundaries=0 32 64 96 128 160 192 224 250
cat_threshold=0 0 0 0 0 0 0 0 0 0 0 0 0 0 0 0 0 0 0 0 0 0 14 0 0 896 0 0 128 0 0 16384 0 0 0 0 0 0 2048 0 0 98304 0 0 1572864 0 0 117440512 0 0 3758096384 1 0 0 34 0 0 2 0 0 8544 0 0 77824 0 0 0 128 0 0 53248 0 0 802816 0 0 17235968 0 0 417333248 0 0 637534208 0 0 1073741824 2 0 0 5 0 0 48 0 0 4352 0 0 0 0 0 0 0 0 0 0 0 0 0 0 0 0 0 0 0 0 0 0 0 0 0 0 0 0 1808 0 0 32512 0 0 0 0 0 0 0 0 0 0 0 0 0 0 0 0 0 0 0 0 0 2147483648 6 0 0 253 0 0 960 0 0 76800 0 0 0 0 0 0 0 0 0 0 0 0 16842752 0 0 269484032 0 0 2432696320 3 0 2684354560 51 0 0 7 0 0 8192 0 0 256 0 0 0 0 0 0 0 0 0 0 0 0 0 0 0 0 0 0 2147483648 0 0 0 49 0 0 796 0 0 0 0 0 65536 40 0 0 32 0 0 0 0 0 65536 0 0 3145728 0 0 101711872 0 0 1090519040 1 0 268435456 0 0 0 2
is_linear=0
shrinkage=0.05


Tree=81
num_leaves=31
num_cat=2
split_feature=41 44 24 10 36 20 7 38 38 40 40 9 15 29 20 10 9 20 41 33 33 7 38 29 33 33 20 36 18 10
split_gain=15678.2 1260.53 1112.06 800.521 703.983 667.516 577.557 1283.2 866 707.079 574.86 507.613 729.476 470.467 785.191 666.682 547.576 550.408 546.044 480.633 840.948 581.769 550.616 459.719 436.614 647.48 469.936 570.157 454.265 430.886
threshold=7.1946635246276864 -15.197465419769285 27.815414428710941 4.6954541206359872 9.0708732604980487 2.8770260810852055 1.5000000000000002 -1.5490207672119138 1.4930629730224612 2.1811294555664067 5.2329301834106454 0 3.1810626983642583 0.0035438537597656254 1.6355925202369692 1.1528816223144533 1 2.3167533874511723 30.743941307067875 24.014399528503422 21.632832527160648 1.5000000000000002 1.0475161075592043 0.28589248657226568 29.926272392272953 23.552832603454593 2.9112066030502324 3.8781167268753056 2.1168541908264165 2.23034679889679
decision_type=2 2 2 2 2 2 2 2 2 2 2 9 2 2 2 2 9 2 2 2 2 2 2 2 2 2 2 2 2 2
left_child=1 4 6 11 5 -1 7 -2 9 -8 13 24 -13 14 -4 18 17 -17 -15 20 -18 -22 -23 -11 25 29 28 -28 -27 -3
right_child=2 3 10 -5 -6 -7 8 -9 -10 23 -12 12 -14 15 -16 16 19 -19 -20 -21 21 22 -24 -25 -26 26 27 -29 -30 -31
leaf_value=-0.049676578083395651 -0.044060124434440309 -0.018167552217717289 0.0055598239212208429 0.011959580908324954 -0.063750931917476578 -0.008988913811265398 0.0023052400583296168 -0.0031207117448912715 -0.018988293978320865 0.041423504972307325 0.032164011132799736 -0.022407458720845579 -0.0578209185278864 0.0072007160731647679 0.022413765920321266 0.0092604104126317848 0.0013459057029540343 -0.015921913604779275 0.020059470333300213 0.0053043593228312017 -0.00035060642187412547 -0.0084762483927239805 -0.04123822949122375 0.0099545034906686463 -0.036879973704304 -0.012280938174924176 -0.041275364753308223 -0.0096122207564919935 0.0052442201248360087 -0.03229035801253257
leaf_weight=2001 2212 15536 15510 2045 2358 2032 25259 13824 4041 2009 2295 5268 2013 114359 12467 22790 10360 2389 8893 10526 2539 2030 3502 2750 2934 17618 2708 2998 4673 8329
leaf_count=2001 2212 15536 15510 2045 2358 2032 25259 13824 4041 2009 2295 5268 2013 114359 12467 22790 10360 2389 8893 10526 2539 2030 3502 2750 2934 17618 2708 2998 4673 8329
internal_value=4.91551e-07 -0.0208894 0.00571585 -0.0187733 -0.0420586 -0.0292493 -0.000970672 -0.00879182 0.00271326 0.00564006 0.00732885 -0.0197875 -0.03222 0.00704976 0.0130755 0.00609871 0.00147325 0.006863 0.00813007 -0.00321531 -0.00808291 -0.0201725 -0.029253 0.0232981 -0.0181207 -0.0170561 -0.0118909 -0.0246851 -0.00860633 -0.0231079
internal_weight=328268 70513 257755 64122 6391 4033 50095 16036 34059 30018 207660 62077 7281 205365 27977 177388 54136 25179 123252 28957 18431 8071 5532 4759 54796 51862 27997 5706 22291 23865
internal_count=328268 70513 257755 64122 6391 4033 50095 16036 34059 30018 207660 62077 7281 205365 27977 177388 54136 25179 123252 28957 18431 8071 5532 4759 54796 51862 27997 5706 22291 23865
cat_boundaries=0 1 2
cat_threshold=48 34
is_linear=0
shrinkage=0.05


Tree=82
num_leaves=31
num_cat=11
split_feature=41 11 31 44 13 20 5 9 30 5 5 30 27 5 26 5 36 0 35 26 5 5 30 36 5 5 40 28 5 30
split_gain=13829.7 1103.85 1093.18 1013.61 683.976 791.157 758.11 706.1 658.091 981.436 645.964 578.354 938.752 715.324 577.952 515.72 455.719 436.293 438.051 416.389 868.691 652.462 484.212 411.232 525.809 409.021 394.216 372.549 315.416 285.807
threshold=5.8450794219970712 4.7199940681457528 37.46087837219239 23.245703697204593 2.1564311981201176 2.435476660728455 0 1 34.687500000000007 2 3 0.18750000000000003 1016.7257080078126 4 7.7896711826324472 5 12.023448944091799 29.250000000000004 1.4910697937011721 4.0602450370788583 6 7 1160.8125000000002 31.106472015380863 8 9 2.0242691040039067 1011.1671752929689 10 39.312500000000007
decision_type=2 2 2 2 2 2 9 9 2 9 9 2 2 9 2 9 2 2 2 2 9 9 2 2 9 9 2 2 9 2
left_child=1 2 14 11 5 7 -6 -5 10 -10 16 12 25 27 15 -1 -4 -11 -19 21 22 -9 29 24 -12 -2 -8 -13 -22 -21
right_child=3 -3 8 4 6 -7 26 19 9 17 23 13 -14 -15 -16 -17 -18 18 -20 20 28 -23 -24 -25 -26 -27 -28 -29 -30 -31
leaf_value=-0.025232414057730131 0.017739871649829406 -0.053532783814612364 -0.022555619637570822 0.021701217292809605 0.0036293256673625568 -0.019652416800076563 0.045533557882186021 0.0023206325005799559 -0.048415805084028547 -0.0057079201089472349 0.010160968749726331 -0.042466445403968225 0.036785086631717707 -0.0034326889869440362 -0.023576798413241049 0.00031560181873258757 -0.047774369128459865 -0.017960764428070205 -0.040358201170511032 -0.014944335769406753 0.0017789574443825694 0.010800540726935729 -0.033462004625412087 -0.031504835316701535 -0.013525579641884332 -0.0081689233930661159 0.020477898280417749 -0.012329020041609457 0.0074778998569776656 0.0077025181300421604
leaf_weight=2328 2036 2332 10189 7050 5982 3001 2142 34411 5305 2936 2870 2002 2003 14662 4878 12451 2180 4930 3952 3212 47387 66690 2054 2356 12482 5861 5957 2115 49833 2446
leaf_count=2328 2036 2332 10189 7050 5982 3001 2142 34411 5305 2936 2870 2002 2003 14662 4878 12451 2180 4930 3952 3212 47387 66690 2054 2356 12482 5861 5957 2115 49833 2446
internal_value=8.46533e-05 -0.0197709 -0.0185854 0.00539259 0.00649703 0.00580068 0.0171715 0.00616006 -0.0227112 -0.0305408 -0.0182452 -0.00347033 0.00630475 -0.00862422 -0.00867205 -0.00373993 -0.0270135 -0.0224228 -0.0279606 0.00562592 0.00341934 0.00791611 -0.0127132 -0.0120866 -0.00909592 -0.00146304 0.0271191 -0.0269861 0.00470106 -0.0051576
internal_weight=328033 69189 66857 258844 230165 216084 14081 213083 47200 17123 30077 28679 9900 18779 19657 14779 12369 11818 8882 206033 104932 101101 7712 17708 15352 7897 8099 4117 97220 5658
internal_count=328033 69189 66857 258844 230165 216084 14081 213083 47200 17123 30077 28679 9900 18779 19657 14779 12369 11818 8882 206033 104932 101101 7712 17708 15352 7897 8099 4117 97220 5658
cat_boundaries=0 32 33 65 97 129 161 190 216 248 280 302
cat_threshold=0 0 0 0 0 0 2048 0 0 114688 0 0 1572864 0 0 125829120 0 0 3774873600 1 0 0 0 0 0 2 0 0 48 0 0 4096 2 0 0 0 0 0 0 0 0 0 0 0 0 0 0 0 0 0 0 0 0 0 0 0 0 0 193 0 0 5104 0 0 2048 0 0 0 0 0 0 0 0 0 0 0 0 0 0 0 0 0 0 1073741824 1 0 0 2 0 0 496 0 0 3712 0 0 49152 0 0 0 128 0 0 1024 0 0 0 0 0 0 0 0 33554432 0 0 234881024 0 0 1879048192 12 0 0 194 0 0 272 0 0 15104 0 0 0 0 0 0 0 0 0 0 0 0 0 0 0 0 0 0 0 0 0 0 51 0 0 24 0 0 32 0 0 1024 0 0 0 128 0 0 0 0 0 0 0 0 0 0 0 65011712 0 0 1996488704 0 0 536870912 1 0 0 6 0 0 32 980 0 0 12608 0 0 9984 0 0 397312 0 0 50331648 0 0 939524096 0 0 2181038080 3 0 1073741824 35 0 0 6 0 0 0 0 0 0 0 0 0 0 0 0 0 0 0 0 0 0 0 0 0 0 32 0 0 5 0 0 48 0 0 65536 0 0 0 0 0 0 0 0 0 65536 0 0 0 0 0 738197504 0 0 0 0 0 3221225472 0 0 0 4 0 0 8272 0 0 6144 79 0 0 3584 0 0 114688 0 0 3932160 0 0 65994752 0 0 1048576 0 0 134217728 0 0 3489660928
is_linear=0
shrinkage=0.05


Tree=83
num_leaves=31
num_cat=0
split_feature=3 44 27 40 3 36 27 10 15 31 10 27 20 36 31 30 3 0 10 25 0 43 10 21 39 0 18 27 40 1
split_gain=12874.2 1215.33 922.797 753.837 767.313 714.414 669.467 658.196 642.291 621.427 880.184 616.321 574.477 530.866 522.471 579.135 928.463 919.605 603.384 506.264 487.93 485.246 575.056 484.593 471.67 505.282 466.443 486.321 462.805 431.978
threshold=1851.1920166015627 -13.673551082611082 1005.9741210937501 3.1468322277069096 4095.781616210938 6.641864776611329 1009.6672973632814 2.9201457500457768 4.2839477062225351 30.226469039916996 1.2885216474533083 1020.2172851562501 2.6982620954513554 15.582561492919924 21.943204879760746 220.31250000000003 444.18954467773443 27.750000000000004 1.7684516310691836 3.3472146987915044 29.750000000000004 -3.6424472332000728 1.4507261514663699 1.5879380702972414 1.5812381505966189 26.250000000000004 1.1035392880439761 1012.9298400878907 2.4782476425170903 79.250000000000014
decision_type=2 2 2 2 2 2 2 2 2 2 2 2 2 2 2 2 2 2 2 2 2 2 2 2 2 2 2 2 2 2
left_child=6 5 -3 8 11 12 14 -7 21 23 20 -5 -2 -6 -1 17 24 -16 -18 28 26 -4 -23 -8 25 -17 -11 -28 -12 -30
right_child=1 2 3 4 13 7 9 -9 -10 10 19 -13 -14 -15 15 16 18 -19 -20 -21 -22 22 -24 -25 -26 -27 27 -29 29 -31
leaf_value=-0.016344266522912636 -0.040748624780103021 -0.044818020682671322 -0.022386071636853067 -0.002860545559388195 -0.0084505080767428194 -0.03060192031602308 0.0047820477644853121 -0.069867237815811667 -0.045173781333356089 0.0031091408345030329 -0.008742658406879435 0.03068143396884665 -0.0054634720234126412 -0.03587481611250902 0.009994410755253676 0.0085245819134748182 0.00018827744499622283 0.032022732474487017 -0.027088618673178966 -0.024744872276876301 -0.019202721684461677 -0.019602461881841834 -0.0042644420472616211 0.038728257026222693 0.026819373790392533 -0.0051968682234581412 0.0056905478135864662 0.022051355549755638 0.014237264919030296 -0.0074312614614093515
leaf_weight=2174 2113 2600 20091 4020 10648 2210 2125 2106 2056 67328 15121 2066 2534 2108 22900 79737 6374 5970 2963 3094 2111 12145 12304 2077 3225 7319 11921 7338 5590 3895
leaf_count=2174 2113 2600 20091 4020 10648 2210 2125 2106 2056 67328 15121 2066 2534 2108 22900 79737 6374 5970 2963 3094 2111 12145 12304 2077 3225 7319 11921 7338 5590 3895
internal_value=-4.87293e-05 -0.0179342 -0.01565 -0.0144844 -0.00604083 -0.0352372 0.0054329 -0.0498787 -0.0178967 0.00274615 0.00206324 0.00855752 -0.0215607 -0.0130071 0.00791235 0.00832401 0.00651574 0.0145591 -0.00848748 -0.00571576 0.00449296 -0.0166277 -0.0118885 0.0216134 0.00806816 0.00737052 0.00507282 0.0119325 -0.00331392 0.00534066
internal_weight=328263 77001 68038 65438 18842 8963 251262 4316 46596 120600 116398 6086 4647 12756 130662 128488 99618 28870 9337 27700 88698 44540 24449 4202 90281 87056 86587 19259 24606 9485
internal_count=328263 77001 68038 65438 18842 8963 251262 4316 46596 120600 116398 6086 4647 12756 130662 128488 99618 28870 9337 27700 88698 44540 24449 4202 90281 87056 86587 19259 24606 9485
is_linear=0
shrinkage=0.05


Tree=84
num_leaves=31
num_cat=1
split_feature=41 44 27 21 10 42 35 24 29 20 30 10 8 10 27 21 1 10 41 29 11 27 18 11 10 17 43 36 3 27
split_gain=11642.7 1183.8 939.051 844.274 776.551 697.942 662.008 636.544 639.7 675.62 577.181 522.612 520.7 491.672 665.144 632.128 631.806 960.401 775.151 692.331 497.618 774.411 481.063 473.024 437.738 717.041 423.202 414.639 401.382 368.257
threshold=15.716941833496096 -14.395932197570799 1008.339080810547 2.2731325626373295 4.3484816551208505 0.75207901000976574 0.32758712768554693 28.626953125000004 0.010486602783203127 1.6355925202369692 84.437500000000014 1.5126976370811465 0 1.1635977625846865 1008.9660034179689 1.3748033642768862 78.750000000000014 2.5444482564926152 32.533596038818366 0.33428192138671881 2.1526679992675786 1006.5132751464845 1.9574074149131777 1.7398371100425722 2.0572491884231572 1.777843236923218 32.016521453857429 7.6203346252441415 291.90365600585943 1012.6627197265626
decision_type=2 2 2 2 2 2 2 2 2 2 2 2 1 2 2 2 2 2 2 2 2 2 2 2 2 2 2 2 2 2
left_child=1 6 3 -3 5 10 -1 12 9 -9 -4 -7 22 26 16 -16 17 18 19 28 21 24 -2 -17 25 -18 -10 -8 -15 -11
right_child=7 2 4 -5 -6 11 27 8 13 29 -12 -13 -14 14 15 23 20 -19 -20 -21 -22 -23 -24 -25 -26 -27 -28 -29 -30 -31
leaf_value=-0.014739933660043961 -0.0023968001843061673 -0.014515553533943843 -0.015295507623171606 -0.055883499129706742 0.013304799138094263 -0.01499272385020285 -0.02957105134606108 0.0063615587111111446 0.0069829339710533005 0.017859189973466902 -0.031922008770421673 0.0019810616201294388 0.0043244446744933598 0.017430420101819208 0.0016612992409924079 -0.028700507791527326 0.018284246725736805 0.020907050327481191 -0.031694773894693114 -0.022741142229853573 -0.0062190004262181568 0.0052494994700098769 -0.027288643063220253 -0.0033243602298226199 0.011267781180084519 0.06028138536429644 0.022749745728903842 -0.058569482317493732 -0.0054500592917943805 0.039274267769506599
leaf_weight=2607 22016 2425 40289 2520 2666 8455 2249 15156 89541 11714 6001 9763 50841 4024 10949 4058 2010 3946 2582 2723 2651 6260 2119 3353 2039 2072 4461 2827 3645 2427
leaf_count=2607 22016 2425 40289 2520 2666 8455 2249 15156 89541 11714 6001 9763 50841 4024 10949 4058 2010 3946 2582 2723 2651 6260 2119 3353 2039 2072 4461 2827 3645 2427
internal_value=-3.01507e-05 -0.0166453 -0.0146537 -0.0356671 -0.0131017 -0.0141949 -0.0352966 0.00530413 0.00696678 0.0137023 -0.0174574 -0.0059004 0.00145378 0.00559856 0.00160892 -0.00597318 0.0059662 -0.000661651 -0.00723275 -0.00113028 0.013422 0.0176291 -0.00459265 -0.0172394 0.0302606 0.039697 0.00773351 -0.0458047 0.00656262 0.0215598
internal_weight=328389 79802 72119 4945 67174 64508 7683 248587 173611 29297 46290 18218 74976 144314 50312 18360 31952 16920 12974 10392 15032 12381 24135 7411 6121 4082 94002 5076 7669 14141
internal_count=328389 79802 72119 4945 67174 64508 7683 248587 173611 29297 46290 18218 74976 144314 50312 18360 31952 16920 12974 10392 15032 12381 24135 7411 6121 4082 94002 5076 7669 14141
cat_boundaries=0 1
cat_threshold=4
is_linear=0
shrinkage=0.05


Tree=85
num_leaves=31
num_cat=0
split_feature=3 11 33 33 34 22 3 26 23 34 44 37 40 3 36 0 1 29 0 22 37 10 32 29 12 34 17 34 19 17
split_gain=10435.6 1036.71 737.066 741.83 664.673 723.196 628.904 516.063 566.795 646.392 483.994 467.634 445.742 429.427 487.512 400.906 400.112 371.325 388.175 394.349 346.986 342.154 320.381 308.041 284.839 271.886 271.484 266.728 330.814 275.025
threshold=1982.0452270507815 4.7199940681457528 25.002431869506839 30.41452789306641 -6.9660339355468741 3.0255317687988286 579.46560668945324 4.2183928489685067 33.589668273925788 -7.4174194335937491 -16.083772659301754 0.40227127075195318 3.0096981525421147 4672.3715820312509 12.481212615966799 36.250000000000007 88.250000000000014 0.1435966491699219 24.250000000000004 1.0000000180025095e-35 1.8449096679687502 1.1312273740768435 715.83535766601574 0.67583847045898449 2.2218035459518437 -5.6366271972656241 1.5817493796348574 -1.5283813476562498 2.1824355125427251 2.4270763397216801
decision_type=2 2 2 2 2 2 2 2 2 2 2 2 2 2 2 2 2 2 2 2 2 2 2 2 2 2 2 2 2 2
left_child=6 2 4 13 5 12 7 8 9 -1 -6 21 23 -4 16 -12 -15 -13 26 -20 25 22 -11 -2 -23 -8 -19 28 29 -9
right_child=1 -3 3 -5 10 -7 20 27 -10 11 15 17 -14 14 -16 -17 -18 18 19 -21 -22 24 -24 -25 -26 -27 -28 -29 -30 -31
leaf_value=-0.014660838063840213 -0.020875250222277361 -0.049007296911085234 1.3133668429735327e-05 -0.035913010275206644 -0.035661984108271809 -0.054581933679483635 -0.01608136917746501 0.0055289681521325604 0.02262960149640194 0.0058964856283275661 -0.015183382542967049 0.017659123123339081 -0.011940137510600149 -0.013170973508581508 -0.034682226785948074 0.0044775669263641257 0.010458616221855579 0.0088801432450150378 0.010287343126168146 -0.014079710962719226 0.017259064278898235 -0.0017587590749099829 0.016566745443833086 -0.042166690917919476 0.013147184674909494 -0.0016148281807239332 0.025887946745496344 0.00054060063454372672 -0.013710251148911463 0.022677795837927565
leaf_weight=3261 3428 2331 12826 2334 2612 2189 3785 54120 6318 35156 25559 17615 5018 9360 2124 2881 2207 11200 3231 3395 2125 20172 8793 3435 3800 22549 2966 48903 2141 2435
leaf_count=3261 3428 2331 12826 2334 2612 2189 3785 54120 6318 35156 25559 17615 5018 9360 2124 2881 2207 11200 3231 3395 2125 20172 8793 3435 3800 22549 2966 48903 2141 2435
internal_value=-3.50852e-05 -0.0162336 -0.0151944 -0.00894801 -0.0191855 -0.0282027 0.00487086 0.00576221 0.00807702 0.00723605 -0.0150919 0.00790892 -0.0233007 -0.00656194 -0.0127171 -0.0131908 -0.00865727 0.0123183 0.00778717 -0.00220014 -0.00212897 0.00541415 0.0080346 -0.0315777 0.000608602 -0.00369943 0.0124569 0.00326815 0.00554014 0.0062712
internal_weight=328269 76304 73973 28851 45122 14070 251965 223506 115907 109589 31052 106328 11881 26517 13691 28440 11567 38407 20792 6626 28459 67921 43949 6863 23972 26334 14166 107599 58696 56555
internal_count=328269 76304 73973 28851 45122 14070 251965 223506 115907 109589 31052 106328 11881 26517 13691 28440 11567 38407 20792 6626 28459 67921 43949 6863 23972 26334 14166 107599 58696 56555
is_linear=0
shrinkage=0.05


Tree=86
num_leaves=31
num_cat=9
split_feature=44 44 5 33 10 5 33 10 5 30 16 27 5 5 38 14 5 12 27 21 12 31 10 5 38 31 16 33 5 5
split_gain=9698.18 927.324 961.656 710.622 655.684 516.393 542.513 514.083 654.555 516.906 632.751 472.765 696.029 635.174 1010.07 463.752 417.098 399.925 377.422 366.457 366.335 342.779 342.468 470.41 385.584 341.859 471.019 396.701 341.448 328.204
threshold=15.78423595428467 -6.9362072944641104 0 24.543168067932132 3.0744864940643315 1 25.315392494201664 1.6848719120025637 2 34.687500000000007 3.0669723749160771 1009.5484313964845 3 4 -1.5981817245483396 2.5619630813598637 5 4.2916305065155038 1020.4723510742189 2.9565012454986577 2.4361245632171635 35.466840744018562 1.6712499260902407 6 -0.17582988739013669 26.079738616943363 1.7529199123382571 23.829312324523929 7 8
decision_type=2 2 9 2 2 9 2 2 9 2 2 2 9 9 2 2 9 2 2 2 2 2 2 9 2 2 2 2 9 9
left_child=1 2 3 4 15 6 29 8 21 16 -11 13 -13 14 -2 -1 -9 19 -18 -4 22 -7 28 24 -24 -16 -27 -28 -14 -3
right_child=11 5 17 -5 -6 7 -8 9 -10 10 -12 12 20 -15 25 -17 18 -19 -20 -21 -22 -23 23 -25 -26 26 27 -29 -30 -31
leaf_value=-0.05138121053879207 -0.028043975039522207 -0.018880854135227627 -0.015605618422655333 -0.016577240886679678 -0.066383470165185421 -0.0032421814092596863 0.015604971305396377 -0.012448045050227606 -0.032939450325713722 -0.0077481956741771623 -0.040408467646365742 -0.0027553279234671731 0.015072939399714028 0.0090238632248752001 -0.015968467310490751 -0.022277258367338893 -0.0024583032025806092 -0.034498894791491957 0.023137684470485424 0.0046940509107780701 0.022824400519558443 -0.020355929088422979 0.0025751042451861725 0.010138580469081681 -0.02557358495948003 0.0013443459619635046 0.00037529242023800319 0.024642581639546426 0.0043769337290283676 -0.0015760945059551069
leaf_weight=2239 2734 4493 10124 4108 2079 4915 2959 5810 6707 3846 2410 41797 8468 91533 2081 3575 4374 2132 2136 2843 2829 7236 2003 3116 3082 22362 2624 4693 62252 7000
leaf_count=2239 2734 4493 10124 4108 2079 4915 2959 5810 6707 3846 2410 41797 8468 91533 2081 3575 4374 2132 2136 2843 2829 7236 2003 3116 3082 22362 2624 4693 62252 7000
internal_value=-0.000141845 -0.0154105 -0.0229071 -0.0334715 -0.0422745 -0.0114913 -0.00345096 -0.0145889 -0.0204076 -0.00868188 -0.0203743 0.00469085 0.00249264 0.00684543 0.00106089 -0.0335543 -0.00273283 -0.0144621 0.00595349 -0.0111548 0.00517553 -0.0134308 0.00454073 -0.00512669 -0.014474 0.0035747 0.00494992 0.0159523 0.00566237 -0.00836942
internal_weight=328560 78986 27100 12001 7893 51886 14452 37434 18858 18576 6256 249574 123547 126027 34494 5814 12320 15099 6510 12967 81750 12151 78921 8201 5085 31760 29679 7317 70720 11493
internal_count=328560 78986 27100 12001 7893 51886 14452 37434 18858 18576 6256 249574 123547 126027 34494 5814 12320 15099 6510 12967 81750 12151 78921 8201 5085 31760 29679 7317 70720 11493
cat_boundaries=0 32 64 96 128 160 192 211 237 269
cat_threshold=0 0 0 0 0 0 0 0 0 0 0 0 0 0 0 0 0 0 0 0 0 0 26 0 0 912 0 0 384 0 0 49152 0 0 0 0 0 0 0 0 0 0 0 0 0 0 0 0 0 0 3758096384 1 0 2147483648 56 0 0 774 0 0 0 0 0 79872 0 0 0 0 0 0 0 0 0 0 0 0 0 0 0 0 0 0 0 2 0 0 7 0 0 248 0 0 2064 0 0 32768 48 0 0 0 0 0 32768 0 0 1966080 0 0 31457280 0 0 319815680 0 0 4043309056 3 0 2684354560 51 0 0 6 0 0 32 0 0 256 896 0 0 8320 0 0 3072 0 0 61440 0 0 458752 0 0 6291456 0 0 3825205248 1 0 0 32 0 0 8 0 0 8464 0 0 80128 0 0 0 0 0 0 0 0 0 0 0 0 0 0 0 0 0 0 0 0 0 0 3 0 0 249 0 0 2144 0 0 33280 8 0 0 192 0 0 3072 0 0 8192 0 0 33685504 0 0 81788928 0 0 234881024 0 0 0 128 0 0 2048 0 0 16384 0 0 131072 0 0 207618048 0 0 0 0 0 0 0 0 0 8 0 0 0 0 0 0 0 0 0 0 0 0 0 0 0 0 0 0 0 0 0 0 8 0 0 768 0 0 0 0 0 2048
is_linear=0
shrinkage=0.05


Tree=87
num_leaves=31
num_cat=0
split_feature=41 31 11 44 13 20 23 30 0 31 30 27 0 33 38 11 31 28 28 26 43 32 38 39 27 17 38 38 1 23
split_gain=8309.03 801.86 901.28 637.236 615.748 702.533 647.703 506.986 740.94 555.308 502.747 706.192 481.484 467.435 564.675 463.369 438.15 463.229 374.646 368.706 357.457 512.44 463.896 448.261 350.449 354.489 534.828 401.333 851.609 347.814
threshold=7.1946635246276864 36.278549194335945 3.3304965496063237 23.245703697204593 2.1564311981201176 2.435476660728455 33.798725128173835 34.687500000000007 29.250000000000004 82.759590148925795 0.18750000000000003 1016.5269165039064 35.250000000000007 25.89331150054932 2.1261444091796879 1.2850657701492312 59.41011047363282 1009.8822021484376 1000.4412536621095 2.5101480484008794 -3.9501380920410152 89.374919891357436 -3.6363580226898189 1.0743741989135744 1009.6672973632814 1.9956735968589785 1.9634854793548586 -1.0450304746627805 77.750000000000014 30.41526031494141
decision_type=2 2 2 2 2 2 2 2 2 2 2 2 2 2 2 2 2 2 2 2 2 2 2 2 2 2 2 2 2 2
left_child=1 2 12 10 5 6 18 9 -9 20 11 -2 -1 -6 -15 -8 -10 -18 -5 -12 21 23 -23 -3 25 27 -27 28 -20 -26
right_child=3 7 -4 4 13 -7 15 8 16 -11 19 -13 -14 14 -16 -17 17 -19 24 -21 -22 22 -24 -25 29 26 -28 -29 -30 -31
leaf_value=-0.0056618434760787074 -0.00077108889905790729 -0.027674973330843802 -0.034598469284314474 -0.015810792571778719 0.0090829535850934628 -0.019471367426741909 0.027096311445282691 -0.0031606359602615072 -0.017718020735772215 0.0027767574578648007 -0.002935319737263355 0.032305149710811963 0.018663892340769341 0.048094040978699695 0.011917055323085896 0.0033710315893233089 -0.057102201668691593 -0.030212603625464636 -0.025592087197766789 -0.018236175855453621 -0.0090539828037571411 -0.047979860616811761 -0.022297176332503332 0.0014305845398254226 0.0027882659204824024 0.02269513101851986 -0.0065283942298208029 0.0067013875124542462 0.0052490869577814731 -0.014276101486857432
leaf_weight=14241 7678 2003 2454 2308 9642 3027 5407 3228 5254 4015 12027 2033 2363 2022 2318 3324 2006 8214 3104 5847 9423 2079 11525 3856 94245 6812 2027 84652 7951 3074
leaf_count=14241 7678 2003 2454 2308 9642 3027 5407 3228 5254 4015 12027 2033 2363 2022 2318 3324 2006 8214 3104 5847 9423 2079 11525 3856 94245 6812 2027 84652 7951 3074
internal_value=3.80484e-05 -0.0151487 -0.0063797 0.00420593 0.00506748 0.00440857 0.00474899 -0.0183854 -0.024962 -0.0146406 -0.00297411 0.00617954 -0.00219077 0.0152329 0.0288437 0.018078 -0.0295049 -0.0355412 0.00417814 -0.00794798 -0.0170616 -0.0209319 -0.0262544 -0.00854985 0.00440746 0.00641737 0.0159937 0.00553138 -0.00342574 0.00224785
internal_weight=328159 70661 19058 257498 229913 215931 212904 51603 18702 32901 27585 9711 16604 13982 4340 8731 15474 10220 204173 17874 28886 19463 13604 5859 201865 104546 8839 95707 11055 97319
internal_count=328159 70661 19058 257498 229913 215931 212904 51603 18702 32901 27585 9711 16604 13982 4340 8731 15474 10220 204173 17874 28886 19463 13604 5859 201865 104546 8839 95707 11055 97319
is_linear=0
shrinkage=0.05


Tree=88
num_leaves=31
num_cat=11
split_feature=24 44 5 33 30 5 5 12 13 19 5 10 10 5 5 38 14 5 38 12 7 15 12 33 5 5 10 9 33 5
split_gain=7735.46 849.52 659.015 612.102 686.366 1029.02 826.083 591.629 549.355 1183.54 775.2 543.934 530.501 1085.66 917.561 588.337 475.576 475.376 433.104 674.764 425.022 397.667 620.887 358.816 351.865 328.926 315.566 322.607 303.256 554.093
threshold=21.374282836914066 -14.395932197570799 0 30.41452789306641 4.5625000000000009 1 2 1.5409359931945803 2.1100847721099858 2.3749846220016484 3 3.0199062824249272 1.5005409121513369 4 5 4.3429222106933603 4.2215116024017343 6 2.5986080169677739 2.8221580982208256 1.5000000000000002 1.8416984677314761 1.2815229892730715 23.72678375244141 7 8 1.1751909852027895 9 23.761343955993656 10
decision_type=2 2 9 2 2 9 9 2 2 2 9 2 2 9 9 2 2 9 2 2 2 2 2 2 9 9 2 9 2 9
left_child=1 2 -1 4 5 -3 -6 17 9 12 18 -7 14 23 21 -15 24 -8 19 -10 -19 -2 -23 25 -9 -14 -26 28 -28 -30
right_child=8 3 -4 -5 6 11 7 16 10 -11 -12 -13 13 15 -16 -17 -18 20 -20 -21 -22 22 -24 -25 26 -27 27 -29 29 -31
leaf_value=-0.053009560873341278 0.010877090254667111 -0.014902975333994088 -0.020079677137462403 -0.037974967830829251 -0.040245567208964959 0.0021214730997384597 -0.024463772191085122 -0.0042153336543958864 0.016790529537637211 -0.033938136824269126 0.0011524950210442173 0.03010977140158826 -0.030207806288905556 0.0032961966377104686 0.0038826842285336859 0.031107927919549968 -0.032905772494007675 -0.010917653880254426 0.0075936339606034525 0.049905369154994439 0.0064267633447863404 0.04810489263616359 0.013093577060628371 -0.002870432277162098 -0.034254193643299034 -0.010351791157101978 -0.017984954053158777 -0.030558781859483505 0.015269459410970382 -0.014195803709008629
leaf_weight=2098 19158 8592 5660 2149 2781 6965 2555 7014 3936 2055 7829 2303 3222 25220 158958 2047 3760 6248 3328 2533 8099 2021 3393 7975 2385 6011 10203 2865 2351 4865
leaf_count=2098 19158 8592 5660 2149 2781 6965 2555 7014 3936 2055 7829 2303 3222 25220 158958 2047 3760 6248 3328 2533 8099 2021 3393 7975 2385 6011 10203 2865 2351 4865
internal_value=1.36245e-05 -0.0134096 -0.0291358 -0.0117377 -0.0109381 -0.00245681 -0.0137884 -0.0123088 0.00439795 0.0037458 0.0129031 0.00909143 0.00408692 -0.000812267 0.00527412 0.00539275 -0.0161638 -0.0046832 0.0222586 0.029814 -0.00112814 0.0142628 0.0262276 -0.0106388 -0.0140328 -0.0173499 -0.0170578 -0.0150283 -0.0124332 -0.00458658
internal_weight=328579 80893 7758 73135 70986 17860 53126 50345 247686 230060 17626 9268 228005 44475 183530 27267 33443 16902 9797 6469 14347 24572 5414 17208 29683 9233 22669 20284 17419 7216
internal_count=328579 80893 7758 73135 70986 17860 53126 50345 247686 230060 17626 9268 228005 44475 183530 27267 33443 16902 9797 6469 14347 24572 5414 17208 29683 9233 22669 20284 17419 7216
cat_boundaries=0 32 64 96 128 157 179 211 243 269 270 302
cat_threshold=0 0 0 0 0 0 0 0 0 0 0 0 0 0 0 0 0 0 0 0 0 0 10 0 0 480 0 0 128 0 0 16384 0 0 0 0 0 0 0 0 0 0 0 0 0 0 0 0 0 0 3221225472 3 0 2147483648 63 0 0 376 0 0 3072 0 0 49664 0 0 0 0 0 0 0 0 0 0 0 0 0 0 0 0 0 0 0 0 0 268435456 0 0 0 1 0 0 16 0 0 14592 0 0 0 0 0 0 0 0 0 2113536 0 0 56623104 0 0 946864128 0 0 520093696 2 0 3758096384 1 0 0 5 0 0 16 0 0 2304 8 0 0 192 0 0 2048 0 0 1163264 0 0 50724864 0 0 62914560 0 0 4026531840 0 0 0 3 0 0 4 0 0 8192 0 0 0 128 0 0 2048 0 0 16384 0 0 34865152 0 0 666894336 0 0 1711276032 0 0 268435456 0 0 0 0 0 0 0 0 0 0 0 0 0 0 0 0 0 0 0 0 0 0 0 0 0 520 0 0 8672 0 0 34304 0 0 0 0 0 0 0 0 0 0 0 0 0 0 0 0 0 0 1073741824 3 0 3758096384 49 0 0 8 0 0 224 0 0 66048 0 0 0 0 0 0 0 0 0 114688 0 0 0 0 0 4194304 0 0 805306368 0 0 0 3 0 0 4 48 0 0 0 0 0 0 0 0 0 0 0 0 0 0 0 0 0 0 0 0 0 0 14 0 0 768 0 0 0 0 0 1024
is_linear=0
shrinkage=0.05


Tree=89
num_leaves=31
num_cat=0
split_feature=24 16 34 31 24 39 30 3 0 31 10 31 10 13 7 40 30 0 17 3 27 27 34 43 16 24 7 40 34 7
split_gain=6922.45 921.118 828.803 724.888 554.3 752.874 542.79 682.826 540.363 530.753 502.238 469.802 380.768 647.875 945.859 450.139 435.057 520.172 532.338 400.749 392.185 383.01 837.817 428.298 387.347 378.431 371.423 693.998 346.398 335.066
threshold=8.0010070800781268 4.1658036708831796 -16.667480468749996 39.078790664672859 28.453842163085941 2.1041413545608525 31.812500000000004 4586.9907226562509 29.750000000000004 82.016624450683608 3.7535891532897954 59.41011047363282 1.6712499260902407 2.0652421712875371 2.5000000000000004 1.8028421401977541 124.31250000000001 23.250000000000004 1.5031656026840212 131.506462097168 1006.4467163085939 1013.1209716796876 -1.2226867675781248 28.903203010559086 1.8073041439056399 32.41969299316407 1.5000000000000002 3.968799471855164 -6.0403442382812491 1.5000000000000002
decision_type=2 2 2 2 2 2 2 2 2 2 2 2 2 2 2 2 2 2 2 2 2 2 2 2 2 2 2 2 2 2
left_child=2 4 -1 10 9 12 7 26 -8 -2 -4 -10 16 14 25 -15 21 18 -18 20 -19 22 24 -24 -6 -14 -5 -28 -13 -27
right_child=1 -3 3 6 5 -7 8 -9 11 -11 -12 28 13 15 -16 -17 17 19 -20 -21 -22 -23 23 -25 -26 29 27 -29 -30 -31
leaf_value=-0.044849874135309942 -0.0019469655643885979 -0.028840628087238612 -0.0081003559371987163 -0.016411140654520495 0.0098270013154937233 0.034507568804525983 -0.0065517259979965686 -0.020154511725811043 -0.01395156229509812 0.0075152925193755528 0.017530380680483702 -0.048213082472917536 -0.0083917223160552782 0.032691874944166775 -0.019444418783613353 0.0064223350110558745 0.0048538188253906623 0.020273652702314543 0.018241904612083325 -0.017532510837449378 -0.00870160914567078 0.023186982425905667 0.0032058385792623277 -0.021698341172473587 0.026231489534404098 0.01187807971269083 -0.007559451398904367 0.022872659062984954 -0.027737841535596275 -0.0026625549853691362
leaf_weight=2162 58256 2145 16444 4394 9218 2199 3509 14436 3868 19865 2153 3162 6403 2022 6706 8298 92782 2000 8063 4335 2778 5806 7389 2242 5915 9682 6436 2631 6155 6696
leaf_count=2162 58256 2145 16444 4394 9218 2199 3509 14436 3868 19865 2153 3162 6403 2022 6706 8298 92782 2000 8063 4335 2778 5806 7389 2242 5915 9682 6436 2631 6155 6696
internal_value=9.39063e-05 0.00371538 -0.0144679 -0.0134214 0.00398439 0.00549274 -0.0168795 -0.0126043 -0.0240119 0.000459799 -0.00512522 -0.0286502 0.00513704 0.000819978 -0.00295412 0.011596 0.00635977 0.00489209 0.00592596 -0.00654267 0.00344402 0.0116356 0.00891905 -0.0026081 0.0162521 0.0019065 -0.00449827 0.0012866 -0.034731 0.00593527
internal_weight=328150 262800 65350 63188 260655 182534 44591 27897 16694 78121 18597 13185 180335 39807 29487 10320 140528 109958 100845 9113 4778 30570 24764 9631 15133 22781 13461 9067 9317 16378
internal_count=328150 262800 65350 63188 260655 182534 44591 27897 16694 78121 18597 13185 180335 39807 29487 10320 140528 109958 100845 9113 4778 30570 24764 9631 15133 22781 13461 9067 9317 16378
is_linear=0
shrinkage=0.05


Tree=90
num_leaves=31
num_cat=1
split_feature=44 44 35 29 18 0 37 12 15 29 15 38 18 41 0 8 29 35 11 18 15 28 10 41 38 12 1 34 21 32
split_gain=6317.77 790.043 603.575 534.266 900.824 476.707 460.18 585.214 840.246 526.165 640.544 498.127 871.163 1300.7 481.288 663.553 450.299 441.939 500.946 462.112 355.582 431.763 398.938 389.141 340.281 339.438 542.529 461.697 572.948 411.096
threshold=17.539810180664066 -15.197465419769285 0.31900405883789068 0.26408767700195318 2.102447628974915 28.750000000000004 0.021266937255859378 2.8588275909423833 2.6933468580245976 0.014205932617187502 1.4625709652900698 2.8255356550216679 2.0581488609313969 31.844509124755863 26.250000000000004 0 0.2424278259277344 2.1443367004394536 4.140345811843873 2.1168541908264165 2.0782712697982793 1006.0990600585939 1.1528816223144533 30.910296440124515 2.441304206848145 1.5273973941802981 93.250000000000014 -1.3454284667968748 2.7717386484146123 846.01742553710949
decision_type=2 2 2 2 2 2 2 2 2 2 2 2 2 2 2 1 2 2 2 2 2 2 2 2 2 2 2 2 2 2
left_child=1 2 -1 4 -3 -5 7 8 11 10 -8 12 20 -14 -11 16 -16 18 25 -19 22 -22 23 -2 -17 -7 27 28 -27 -30
right_child=6 3 -4 5 -6 17 9 -9 -10 14 -12 -13 13 -15 15 24 -18 19 -20 -21 21 -23 -24 -25 -26 26 -28 -29 29 -31
leaf_value=-0.0067743826603379039 0.0026645363160100501 -0.010101599500875063 -0.039616581619145226 0.00031522576416274906 0.018335141813649015 -0.0026035400838760733 0.0045296075712553804 0.023789631782262111 -0.029915696161206054 0.0058237531458401916 0.020678714874595827 0.022456510807463193 -0.002131653162380637 -0.045136342383366848 -0.00089610696078893423 0.00029037722613855192 -0.02192002691214235 -0.015861275751941781 -0.034215250689129749 -0.037139261133402365 0.028269989900998257 -0.0019390250560605061 -0.0046871996949907329 0.020163054605613368 0.026504914415634701 -0.015099456988412543 0.0014415190358605312 -0.005467831987902661 -0.052349524431697929 -0.022492340980769673
leaf_weight=2076 70299 9217 4310 6401 3979 10256 12335 2896 2137 92864 12231 2798 6427 2411 5238 3054 4949 7978 2345 3764 2824 2028 18893 3318 2072 13671 5317 7322 2020 2734
leaf_count=2076 70299 9217 4310 6401 3979 10256 12335 2896 2137 92864 12231 2798 6427 2411 5238 3054 4949 7978 2345 3764 2824 2028 18893 3318 2072 13671 5317 7322 2020 2734
internal_value=-1.49443e-05 -0.0120942 -0.0289673 -0.0106539 -0.00151966 -0.0126035 0.00396931 0.00163951 0.00106023 0.00597041 0.0125751 0.00167023 0.00112052 -0.0139011 0.00446952 -0.00374152 -0.0111213 -0.0140957 -0.0117752 -0.0227079 0.00248538 0.0156655 0.00179249 0.00345585 0.0109176 -0.0104937 -0.013097 -0.0160987 -0.0203181 -0.0352621
internal_weight=328164 81390 6386 75004 13196 61808 246774 114031 111135 132743 24566 108998 106200 8838 108177 15313 10187 55407 43665 11742 97362 4852 92510 73617 5126 41320 31064 25747 18425 4754
internal_count=328164 81390 6386 75004 13196 61808 246774 114031 111135 132743 24566 108998 106200 8838 108177 15313 10187 55407 43665 11742 97362 4852 92510 73617 5126 41320 31064 25747 18425 4754
cat_boundaries=0 1
cat_threshold=2
is_linear=0
shrinkage=0.05


Tree=91
num_leaves=31
num_cat=9
split_feature=3 12 3 29 27 5 5 31 5 27 5 41 10 5 23 27 5 33 5 39 24 30 27 14 31 5 27 31 14 5
split_gain=5680.75 700.865 682.15 578.355 1001.64 799.447 627.258 483.37 883.794 447.623 531.365 791.791 426.94 426.766 784.292 425.868 384.026 587.265 553.411 359.698 346.732 439.875 345.748 390.647 339.779 319.303 438.025 301.548 351.494 297.822
threshold=2897.434692382813 4.5029857158660898 484.76017761230474 0.37782669067382818 1007.750946044922 0 1 50.191337585449226 2 1008.7241516113282 3 31.844509124755863 4.0984487533569345 4 30.302539825439457 1023.1231384277345 5 25.495871543884281 6 1.917292654514313 1.7655639648437502 42.437500000000007 1003.5559997558595 2.5431549549102788 82.304424285888686 7 1006.375946044922 60.982551574707038 2.7814795970916752 8
decision_type=2 2 2 2 2 9 9 2 9 2 9 2 2 9 2 2 9 2 9 2 2 2 2 2 2 9 2 2 2 9
left_child=2 7 9 6 -5 -6 -4 12 15 10 11 -1 16 -11 -15 27 -2 -18 -19 22 21 24 23 -12 -10 26 -24 -9 -29 -8
right_child=1 -3 3 4 5 -7 29 8 20 13 19 -13 -14 14 -16 -17 17 18 -20 -21 -22 -23 25 -25 -26 -27 -28 28 -30 -31
leaf_value=0.004265889702418103 -0.021841567665501365 -0.036101124617800733 0.029251402797082722 -0.039869597784387589 -0.019823767344853267 0.002622032722463136 -0.010004878577880847 -0.022312858698146892 -0.014513395770436692 0.0060226689490560231 0.0077577024997973545 -0.027478770590642285 0.012343209749568578 0.0011981974546781016 -0.029678521152224829 -0.01214664354959843 -0.011534434260438896 0.023079232486206143 -0.0057436949822904579 0.031126720813090064 -0.00096923022518936451 -0.027234576043647065 0.028035231871162108 -0.018906091390450172 0.0051605468421708801 0.008692910818852961 0.0077961833827413039 -0.026730948438405146 -0.054512731268283057 0.0035188402986120557
leaf_weight=23920 4814 3107 2045 2247 5810 12406 5218 3654 7383 58093 3849 2130 2544 75770 2104 3420 16158 2771 4117 2003 7152 4589 5732 2123 3115 34289 5022 2168 2476 18254
leaf_count=23920 4814 3107 2045 2247 5810 12406 5218 3654 7383 58093 3849 2130 2544 75770 2104 3420 16158 2771 4117 2003 7152 4589 5732 2123 3115 34289 5022 2168 2476 18254
internal_value=-4.75375e-06 -0.0129367 0.0033383 -0.00218906 -0.00844902 -0.00455345 0.00283237 -0.011813 -0.0159131 0.00452024 0.00751157 0.00166008 -0.00723002 0.00278028 0.00036022 -0.0270196 -0.00902111 -0.00632256 0.00589337 0.0103835 -0.0100348 -0.0143355 0.00956519 -0.00173683 -0.00867633 0.0110637 0.0185826 -0.03316 -0.0416284 0.000506459
internal_weight=328483 67468 261015 45980 20463 18216 25517 64361 33957 215035 79068 26050 30404 135967 77874 11718 27860 23046 6888 53018 22239 15087 51015 5972 10498 45043 10754 8298 4644 23472
internal_count=328483 67468 261015 45980 20463 18216 25517 64361 33957 215035 79068 26050 30404 135967 77874 11718 27860 23046 6888 53018 22239 15087 51015 5972 10498 45043 10754 8298 4644 23472
cat_boundaries=0 32 64 96 122 141 173 205 231 260
cat_threshold=8 0 0 0 0 0 0 0 0 2097152 0 0 52166656 0 0 553648128 0 0 0 0 0 2415919104 1 0 0 3 0 0 48 0 0 768 0 0 0 0 0 0 0 0 0 2097152 0 0 0 0 0 0 0 0 0 0 0 0 0 0 0 0 0 0 8464 0 0 80640 0 0 0 0 0 0 0 0 0 0 0 0 0 0 0 0 0 0 0 0 0 0 8 0 0 224 0 0 8064 0 0 59392 607 0 0 10208 0 0 4608 0 0 2109440 0 0 196608 0 0 7340032 0 0 3288334336 1 0 0 33 0 0 128 15 0 0 8688 0 0 147200 0 0 2224128 0 0 33947648 0 0 811597824 0 0 100663296 0 0 0 0 0 0 0 0 0 0 0 0 0 0 0 0 0 0 0 0 0 0 51 0 0 528 0 0 112 0 0 91136 0 0 0 0 0 0 0 0 0 0 0 0 0 0 0 0 0 0 0 0 0 0 12 0 0 448 0 0 2048 0 0 2048 0 0 0 16 0 0 0 0 0 16384 0 0 3670016 0 0 100663296 0 0 16777216 0 0 805306368 0 0 0 5 24 0 0 192 0 0 2048 0 0 196608 0 0 16777216 0 0 270532608 0 0 1644167168 1 0 268435456 50 0 0 0 0 0 64
is_linear=0
shrinkage=0.05


Tree=92
num_leaves=31
num_cat=0
split_feature=23 34 34 31 37 30 3 3 12 16 40 1 19 26 10 30 23 34 0 37 7 41 32 39 0 34 31 35 12 31
split_gain=5278.98 1023.73 675.996 709.176 613.347 539.513 540.185 509.321 461.607 682.067 474.249 495.826 427.587 409.947 406.787 401.626 389.153 398.629 376.001 320.332 537.339 309.223 340.356 291.093 281.444 279.038 274.216 270.203 255.37 266.213
threshold=2.0801010131835942 -11.629058837890623 -16.667480468749996 51.600582122802741 2.442132949829102 31.812500000000004 4586.9907226562509 484.76017761230474 3.0852203369140629 3.3022080659866337 3.3005614280700688 73.750000000000014 1.6451330780982973 4.0602450370788583 4.3484816551208505 1.8125000000000002 34.232566833496101 -7.5357971191406241 29.250000000000004 1.5957183837890627 1.5000000000000002 24.325369834899906 597.37805175781261 1.0857903361320498 34.250000000000007 -6.9660339355468741 64.062850952148452 3.3679008483886723 2.3363693952560429 82.45676422119142
decision_type=2 2 2 2 2 2 2 2 2 2 2 2 2 2 2 2 2 2 2 2 2 2 2 2 2 2 2 2 2 2
left_child=2 -2 -1 12 7 6 19 13 9 10 11 -9 -4 16 -14 -6 17 -3 -7 20 -5 22 -15 -22 -8 -20 -26 -27 29 -23
right_child=1 4 3 5 15 18 24 8 -10 -11 -12 -13 14 21 -16 -17 -18 -19 25 -21 23 28 -24 -25 26 27 -28 -29 -30 -31
leaf_value=-0.040442814283369322 -0.031944983591382946 -0.012827505653908847 -0.022480506613213717 -0.027057894240067739 0.038137986174846351 -0.0054537280356764303 -0.012644422305438476 -0.020658872798516404 0.018234927225880045 -0.030685581471067477 0.01484347665611073 -0.0013598824780182385 -0.0060429511475005322 0.0043092035013375741 0.015861743865736258 0.0070952337673882704 0.023313875367063731 0.006399828012205783 -0.040896457924801538 0.014141909382480803 -0.010052562992634266 0.00096353738139481676 -0.02225971611113171 0.014066255048065726 -0.017180938440060217 -0.017059959106790531 -0.042980522429091665 -0.037421747884764656 0.014810523824961045 0.0078307299797846196
leaf_weight=2152 2058 2766 3578 2484 2045 2086 5540 3678 2733 2094 3999 34127 23191 2187 2323 2125 3290 94297 3271 2055 2636 85774 2668 2363 2120 5310 2035 2366 4096 16883
leaf_count=2152 2058 2766 3578 2484 2045 2086 5540 3678 2733 2094 3999 34127 23191 2187 2323 2125 3290 94297 3271 2055 2636 85774 2668 2363 2120 5310 2035 2366 4096 16883
internal_value=-7.46677e-06 0.00309744 -0.0129526 -0.011982 0.0033731 -0.0170855 -0.0117532 0.00306585 -0.00166482 -0.00290761 -0.00150918 -0.00324242 -0.00631768 0.00410662 -0.00404314 0.0223737 0.00642543 0.00585064 -0.0249395 -0.00329904 -0.00810119 0.00202125 -0.0103071 0.00135359 -0.0200584 -0.0286442 -0.0298897 -0.0233767 0.00258285 0.00209357
internal_weight=328330 264820 63510 61358 262762 32266 19233 258592 46631 43898 41804 37805 29092 211961 25514 4170 100353 97063 13033 9538 7483 111608 4855 4999 9695 10947 4155 7676 106753 102657
internal_count=328330 264820 63510 61358 262762 32266 19233 258592 46631 43898 41804 37805 29092 211961 25514 4170 100353 97063 13033 9538 7483 111608 4855 4999 9695 10947 4155 7676 106753 102657
is_linear=0
shrinkage=0.05


Tree=93
num_leaves=31
num_cat=0
split_feature=24 16 11 37 35 37 12 34 21 39 13 34 39 34 27 16 41 12 29 19 27 33 29 2 26 30 0 1 39 29
split_gain=4846.7 725.28 624.798 596.175 524.886 523.856 443.724 514.874 533.232 640.836 503.382 604.678 432.109 499.441 430.978 365.539 362.519 438.95 834.891 645.557 507.675 403.547 360.746 371.657 322.501 375.96 610.145 466.272 388.044 368.919
threshold=8.0010070800781268 4.1658036708831796 4.7199940681457528 3.6198539733886723 3.0808448791503911 2.5360527038574223 1.5409359931945803 -10.780914306640623 2.2731325626373295 1.7059682011604311 2.1801105737686162 -1.7580261230468748 2.1041413545608525 -10.488739013671873 1009.6672973632814 3.1279011964797978 30.910296440124515 0.96542945504188549 1.0000000180025095e-35 1.3313329815864565 1013.3208312988282 26.849472045898441 0.76779174804687511 1.0000000180025095e-35 4.6578936576843271 157.18750000000003 23.250000000000004 80.250000000000014 1.4002810120582583 0.091186523437500014
decision_type=2 2 2 2 2 2 2 2 2 2 2 2 2 2 2 2 2 2 2 2 2 2 2 2 2 2 2 2 2 2
left_child=2 5 3 4 6 12 -1 -8 9 -9 11 -10 13 -2 22 -6 17 -16 19 -19 -21 -20 24 -24 25 27 -27 -15 29 -28
right_child=1 -3 -4 -5 15 -7 7 8 10 -11 -12 -13 -14 14 16 -17 -18 18 21 20 -22 -23 23 -25 -26 26 28 -29 -30 -31
leaf_value=-0.0026260704680684255 -0.020641784396851201 -0.025955269600607973 -0.037445891950716348 0.0077497805415096327 -0.017671408139748788 0.021968850578330385 -0.027736094661448364 -0.013586167012492011 -0.03194004866095488 -0.043350761628988169 0.0019203204545164738 0.00085930606268352092 0.021967030350555625 0.019545775119579042 0.002670518284304679 -0.041162538236854528 0.021404089355350864 -0.0052658156841551458 -0.0085762831026595029 0.0089027689091364815 0.041094069277976021 0.013744461519782092 -0.01398020011895598 0.0024382144211792852 0.0023025438390688654 0.0094583039360045407 0.013213428873994982 0.0033115838399634372 0.015580500610881688 -0.0098868798201830477
leaf_weight=12851 2262 2143 2368 3840 5981 3650 5356 14367 2993 2063 10503 2640 2933 12923 80522 2299 2097 3974 31975 3130 2010 2153 4401 15760 35975 34891 2057 6729 2453 10566
leaf_count=12851 2262 2143 2368 3840 5981 3650 5356 14367 2993 2063 10503 2640 2933 12923 80522 2299 2097 3974 31975 3130 2010 2153 4401 15760 35975 34891 2057 6729 2453 10566
internal_value=-8.40715e-05 0.00294656 -0.0122776 -0.0113242 -0.0125656 0.00318535 -0.0106581 -0.0133786 -0.0110095 -0.0173476 -0.00454914 -0.0165938 0.00291754 0.00269661 0.00290723 -0.0242357 0.000838661 0.000488509 -0.00357434 0.00986253 0.0215465 -0.00716454 0.00497731 -0.00115096 0.00614737 0.00813353 0.00582723 0.0139916 -0.00257701 -0.00611505
internal_weight=327865 262604 65261 62893 59053 260461 50773 37922 32566 16430 16136 5633 256811 253878 251616 8280 125861 123764 43242 9114 5140 34128 125755 20161 105594 69619 49967 19652 15076 12623
internal_count=327865 262604 65261 62893 59053 260461 50773 37922 32566 16430 16136 5633 256811 253878 251616 8280 125861 123764 43242 9114 5140 34128 125755 20161 105594 69619 49967 19652 15076 12623
is_linear=0
shrinkage=0.05


Tree=94
num_leaves=31
num_cat=10
split_feature=3 33 5 5 43 27 27 37 33 3 26 13 5 38 30 43 29 5 36 5 5 29 5 38 5 5 36 5 15 40
split_gain=4278.1 705.469 926.996 780.858 547.914 480.325 448.241 424.952 416.857 399.452 404.076 470.07 699.911 450.807 402.967 401.304 388.155 707.361 426.16 468.769 375.817 360.793 331.895 336.229 339.462 326.64 323.044 427.587 322.636 285.069
threshold=1851.1920166015627 24.543168067932132 0 1 -10.265573501586912 1018.7156982421876 1009.3750305175782 2.5360527038574223 30.41452789306641 484.76017761230474 3.7601984739303593 2.0652421712875371 2 2.168150901794434 1588.5625000000002 34.123319625854499 0.22977447509765628 3 14.981746673583986 4 5 0.016475677490234378 6 1.8103322982788088 7 8 2.7880668640136723 9 2.5496542453765874 2.8235960006713872
decision_type=2 2 9 9 2 2 2 2 2 2 2 2 9 2 2 2 2 9 2 9 9 2 9 2 9 9 2 9 2 2
left_child=7 2 4 -3 -2 28 -4 9 16 10 15 12 14 -13 -12 20 17 -5 19 -18 -1 25 23 24 -23 -11 27 -21 -6 -8
right_child=1 3 6 8 5 -7 29 -9 -10 21 11 13 -14 -15 -16 -17 18 -19 -20 26 -22 22 -24 -25 -26 -27 -28 -29 -30 -31
leaf_value=0.0094729401784989804 -0.043791552840796374 0.017853000361144605 -0.025917173130993384 -0.010582068990209272 -0.017460213403846642 -0.0024075031105938692 -0.012088801752364349 0.022062498226079693 -0.027340636547737641 0.020863532926456617 -0.0053941328103186935 0.028711339470195569 0.0027315567304819375 -0.00067463779033711581 -0.028588234758217746 0.026907757019202172 0.012138480052758758 0.024299448741793888 -0.027776247855713049 -0.031816725736767658 0.0027851018818726859 -0.0095098589156546315 -0.00089379001836203573 0.0010845406519638049 -0.03511145379054529 -0.003669004216036908 -0.002416313539694492 -0.007550231041410671 -0.044241748456368059 -0.0020093353715410225
leaf_weight=38063 3421 3402 4065 3074 2598 2630 18289 2921 2395 2989 13268 3104 104389 2246 2172 2300 2947 2724 2575 2925 46937 3215 21712 2899 2190 2467 7865 4811 2004 11383
leaf_count=38063 3421 3402 4065 3074 2598 2630 18289 2921 2395 2989 13268 3104 104389 2246 2172 2300 2947 2724 2575 2925 46937 3215 21712 2899 2190 2467 7865 4811 2004 11383
internal_value=-3.11327e-05 -0.0103306 -0.0144361 -0.00475786 -0.0272879 -0.0194691 -0.0103599 0.0031348 -0.00739051 0.00291094 0.00373091 0.00190976 0.00126166 0.0163965 -0.00866771 0.00634171 -0.00560892 0.00584311 -0.00875364 -0.0060992 0.00578212 -0.00200034 -0.00415072 -0.0126388 -0.0200112 0.00981587 -0.00955149 -0.0168055 -0.0291932 -0.00822402
internal_weight=327980 77108 44390 32718 10653 7232 33737 250872 29316 247951 212479 125179 119829 5350 15440 87300 26921 5798 21123 18548 85000 35472 30016 8304 5405 5456 15601 7736 4602 29672
internal_count=327980 77108 44390 32718 10653 7232 33737 250872 29316 247951 212479 125179 119829 5350 15440 87300 26921 5798 21123 18548 85000 35472 30016 8304 5405 5456 15601 7736 4602 29672
cat_boundaries=0 32 64 96 128 160 192 224 250 282 314
cat_threshold=0 0 0 0 0 0 0 0 0 0 0 0 0 0 0 0 0 0 0 0 0 0 10 0 0 768 0 0 144 0 0 3328 0 0 0 0 0 0 0 0 0 0 0 0 0 0 0 0 0 0 1073741824 0 0 2147483648 56 0 0 512 0 0 0 0 0 2304 0 0 0 128 0 0 32768 0 0 0 0 0 0 0 0 65011712 0 0 1996488704 0 0 2147483648 1 0 0 133 0 0 0 0 0 256 0 0 0 0 0 0 0 0 0 0 0 0 0 0 0 0 0 0 0 0 0 0 3 0 0 504 0 0 7200 0 0 98304 0 0 0 0 0 0 0 0 0 0 0 0 0 0 0 0 0 0 0 0 0 0 0 0 0 384 0 0 2080 0 0 32768 11 0 0 3744 0 0 114688 0 0 3211264 0 0 37093376 0 0 577765376 0 0 1459617792 0 0 3221225472 0 0 0 0 0 0 0 0 0 256 24 0 0 0 0 0 0 0 0 73728 0 0 17694720 0 0 551550976 0 0 1174405120 0 0 268435456 0 0 0 3 0 0 16 0 0 256 24 0 0 0 0 0 0 0 0 73728 0 0 17039360 0 0 545259520 0 0 0 0 0 0 0 0 0 2 0 0 0 0 0 0 0 0 0 81920 0 0 1966080 0 0 12582912 0 0 0 0 0 268435456 0 0 0 5 0 0 48 0 0 4352 0 0 0 0 0 0 0 0 0 0 0 0 0 0 0 0 0 0 0 0 0 0 0 0 0 21 0 0 13072 0 0 73728
is_linear=0
shrinkage=0.05


Tree=95
num_leaves=31
num_cat=9
split_feature=41 34 34 36 5 37 5 27 5 34 5 38 5 31 14 36 38 40 5 5 26 5 12 14 5 12 13 21 13 7
split_gain=3952.5 729.799 688.891 664.149 1582.83 568.715 1373.14 554.502 1003.53 521.402 456.766 462.88 417.877 456.905 454.526 351.488 542.669 444.056 604.935 380.314 329.519 384.792 318.916 495.358 302.755 296.216 291.502 300.482 287.774 275.367
threshold=1.7639073729515078 -10.780914306640623 5.4944152832031259 19.032955169677738 0 2.0035018920898442 1 1009.6672973632814 2 -16.667480468749996 3 -1.6511632800102232 4 47.617023468017585 4.2215116024017343 5.2943229675292978 -0.31592082977294916 2.7944035530090336 5 6 2.1250457763671879 7 2.8221580982208256 1.8039860129356386 8 2.0231338739395146 2.6013534069061284 2.2557300329208378 2.906466126441956 1.5000000000000002
decision_type=2 2 2 2 9 2 9 2 9 2 9 2 9 2 2 2 2 2 9 9 2 9 2 2 9 2 2 2 2 2
left_child=3 -2 5 9 -5 7 -7 10 22 -1 11 -3 -11 15 20 17 -17 18 25 28 -15 -22 23 -9 -10 -14 27 -12 -19 -20
right_child=1 2 -4 4 -6 6 -8 8 24 12 26 -13 13 14 -16 16 -18 19 29 -21 21 -23 -24 -25 -26 -27 -28 -29 -30 -31
leaf_value=-0.032412560156790483 -0.023672908476574338 -0.017455511054719923 0.031709352668014057 -0.062911221285828434 -0.011821385787843933 0.042223266432526961 -0.00030364824750247403 -0.0033271076501944878 0.0059507464943366244 0.0052878354539004331 0.0068604599745910894 0.0020394387751958543 0.007971300812258976 -0.0040799544027296884 -0.03182544431815372 -0.012123984785082618 0.022401711156730078 -0.015320209856901669 -0.011746756024650744 0.013332888861000465 -0.032400716555808638 -0.011652550225362919 0.0088553126226732348 -0.016756720794559501 0.00017405507759642532 -0.015891702022902042 0.02265222918589738 -0.011980360821477559 0.0078079646725241038 -0.034256524932118344
leaf_weight=2336 2605 3260 2045 2011 6069 3023 5054 14607 36670 5093 73651 44212 2983 7855 3382 2012 2596 3981 2190 3413 3097 8144 2537 12958 59421 2290 2826 2170 2021 3634
leaf_count=2336 2605 3260 2045 2011 6069 3023 5054 14607 36670 5093 73651 44212 2983 7855 3382 2012 2596 3981 2190 3413 3097 8144 2537 12958 59421 2290 2826 2170 2021 3634
internal_value=-6.6593e-05 0.00261116 0.00287295 -0.0113113 -0.0246914 0.00264527 0.0156974 0.00222684 -0.00011648 -0.00934251 0.00457136 0.000697139 -0.00831377 -0.00976901 -0.0149486 -0.00513392 0.00733308 -0.00793683 -0.0147084 5.16526e-05 -0.0119446 -0.0174317 -0.00807978 -0.00964401 0.00237932 -0.00239804 0.00690852 0.00631973 -0.00751992 -0.0257826
internal_weight=328146 265039 262434 63107 8080 260389 8077 252312 126193 55027 126119 47472 52691 47598 22478 25120 4608 20512 11097 9415 19096 11241 30102 27565 96091 5273 78647 75821 6002 5824
internal_count=328146 265039 262434 63107 8080 260389 8077 252312 126193 55027 126119 47472 52691 47598 22478 25120 4608 20512 11097 9415 19096 11241 30102 27565 96091 5273 78647 75821 6002 5824
cat_boundaries=0 32 64 96 125 157 189 218 250 282
cat_threshold=0 0 0 0 0 0 0 0 0 0 0 0 0 0 0 0 0 0 0 0 0 0 0 0 0 961 0 0 2192 0 0 3072 0 0 0 0 0 0 2048 0 0 16384 0 0 0 0 0 204472320 0 0 50331648 0 0 805306368 8 0 0 3 0 0 8480 0 0 14336 16 0 0 0 0 0 32768 0 0 524288 0 0 16777216 0 0 328204288 0 0 855638016 0 0 805306368 15 0 0 739 0 0 4272 0 0 66304 960 0 0 13440 0 0 134144 0 0 61440 0 0 458752 0 0 141557760 0 0 3825205248 1 0 0 37 0 0 2 0 0 16 0 0 0 0 0 0 0 0 0 0 0 0 0 0 0 0 0 0 0 0 0 0 32 0 0 513 0 0 48 0 0 66048 0 0 0 0 0 0 0 0 0 0 0 0 0 0 0 0 0 0 0 0 0 0 13 0 0 200 0 0 1536 0 0 49152 0 0 0 0 0 0 0 0 0 0 0 0 0 0 0 0 0 0 0 0 0 0 31 0 0 456 0 0 15360 0 0 0 0 0 0 0 0 0 0 0 0 0 0 0 0 0 0 0 0 0 0 4 0 0 128 0 0 5248 0 0 32768 768 0 0 12448 0 0 139008 0 0 126976 0 0 393216 0 0 677380096 0 0 0 0 0 0 16 0 0 16 0 0 8512 0 0 14336
is_linear=0
shrinkage=0.05


Tree=96
num_leaves=31
num_cat=0
split_feature=23 34 44 13 37 19 39 34 0 1 39 40 0 28 34 31 1 22 23 19 3 37 18 37 16 14 26 14 13 19
split_gain=3464.7 690.236 522.604 415.62 689.036 444.308 465.71 428.969 405.907 401.587 465.181 391.165 637.606 676.663 590.044 460.152 386.412 606.56 384.693 377.194 357.151 440.257 351.442 428.369 348.018 312.588 296.623 514.798 435.08 403.81
threshold=2.0801010131835942 -11.629058837890623 -15.197465419769285 2.2311520576477055 -2.8718566894531246 2.3807077407836919 1.5056500434875491 -7.4174194335937491 27.250000000000004 79.250000000000014 0.88921329379081737 3.2191939353942876 31.750000000000004 1021.6012268066407 -12.199951171874998 54.566890716552741 84.750000000000014 3.2057762145996098 -6.2484931945800772 2.3481167554855351 679.49227905273449 1.8449096679687502 2.1168541908264165 -0.7357959747314452 3.8849993944168095 4.1388871669769296 3.9052047729492192 1.8156167864799502 1.2045472264289858 1.1912553906440737
decision_type=2 2 2 2 2 2 2 2 2 2 2 2 2 2 2 2 2 2 2 2 2 2 2 2 2 2 2 2 2 2
left_child=2 -2 19 4 -3 6 7 9 -8 10 -6 14 18 15 -4 -14 24 25 -13 -1 21 26 23 -5 -16 -18 -9 -28 29 -29
right_child=1 3 11 22 5 -7 8 20 -10 -11 -12 12 13 -15 16 -17 17 -19 -20 -21 -22 -23 -24 -25 -26 -27 27 28 -30 -31
leaf_value=-0.039197330000939903 -0.026114289166912299 -0.021185891583025428 -0.033647936125626998 0.024310390895567885 -0.033031172008993664 -0.014721511603737789 0.0032051573494092794 0.0052390346607457984 0.026948378243603001 0.0049222303041824601 -0.0021289639670110517 -0.033728940316548453 0.0039893933776520268 0.024457904811653511 -0.012782428103679187 -0.018668912047049683 0.00034116493307126064 -0.025883888241580777 -0.0037394397381908858 -0.014300773920186118 -0.0034816478108620412 0.018472987911199241 0.018781501759541228 -0.0010999359528082802 -0.033228955971507226 -0.017538176039744707 0.002340280943652304 -0.0065786807801970579 0.00033935179099190582 -0.038085853358366839
leaf_weight=2493 2078 3094 2839 2089 2486 3669 3537 88259 3662 3159 2381 2239 7073 2807 12107 3268 15951 3210 2044 3930 20499 4748 7101 7901 2512 2877 101219 2052 4467 2016
leaf_count=2493 2078 3094 2839 2089 2486 3669 3537 88259 3662 3159 2381 2239 7073 2807 12107 3268 15951 3210 2044 3930 20499 4748 7101 7901 2512 2877 101219 2052 4467 2016
internal_value=4.05485e-06 0.00252035 -0.0104975 0.00274815 0.00222253 0.00252249 0.00278838 0.00239819 0.0153035 -0.00895192 -0.0179488 -0.00896892 -0.002728 0.00273279 -0.0117219 -0.00318228 -0.010015 -0.00582971 -0.0194589 -0.0240099 0.0028066 0.00344248 0.0102848 0.00423259 -0.0163161 -0.00239874 0.00308116 0.00134558 -0.0104398 -0.022248
internal_weight=327767 264417 63350 262339 245248 242154 238485 231286 7199 8026 4867 56927 17431 13148 39496 10341 36657 22038 4283 6423 223260 202761 17091 9990 14619 18828 198013 109754 8535 4068
internal_count=327767 264417 63350 262339 245248 242154 238485 231286 7199 8026 4867 56927 17431 13148 39496 10341 36657 22038 4283 6423 223260 202761 17091 9990 14619 18828 198013 109754 8535 4068
is_linear=0
shrinkage=0.05


Tree=97
num_leaves=31
num_cat=2
split_feature=23 15 11 35 38 37 8 38 38 38 1 22 11 28 37 38 10 9 37 11 30 44 15 17 43 23 26 23 31 1
split_gain=3261.22 676.776 592.072 672.144 476.137 462.384 422.53 2732.62 1080.14 809.92 726.721 543.951 453.376 417.264 429.446 360.207 318.204 706.47 338.314 413.643 329.267 335.747 327.36 422.33 292.144 288.711 287.734 306.396 280.056 263.217
threshold=1.5958557128906252 3.7580604553222661 4.7199940681457528 3.0150413513183598 5.1696054935455331 2.442132949829102 0 -1.9949202537536619 0.79948711395263683 2.7092645168304448 90.750000000000014 0.0042915344238281259 1.8829666972160342 1018.6990661621095 0.84605026245117199 1.1055202484130862 1.1528816223144533 1 0.88193130493164074 2.8769931793212895 867.31250000000011 25.75528717041016 2.7489575147628789 2.5110876560211186 -4.8431994915008536 29.357105255126957 3.3381632566452031 32.892997741699226 43.594747543334968 73.250000000000014
decision_type=2 2 2 2 2 2 1 2 2 2 2 2 2 2 2 2 2 9 2 2 2 2 2 2 2 2 2 2 2 2
left_child=2 4 3 6 5 16 8 -8 13 11 12 -9 -10 14 -1 24 17 29 19 22 21 -20 23 26 -5 -19 27 -18 -7 -2
right_child=1 -3 -4 15 -6 28 7 9 10 -11 -12 -13 -14 -15 -16 -17 18 25 20 -21 -22 -23 -24 -25 -26 -27 -28 -29 -30 -31
leaf_value=0.003586654709679225 -0.0023666917720289392 -0.024921215627052174 -0.035079574494920412 -0.044519847676232564 0.025220351499808946 0.032311361350021647 -0.054538262962888856 0.0090688952474946762 -0.0078293448443352391 0.024502742436430303 0.004500405869619954 -0.015109680102272822 -0.031352478804323423 0.011676587543107263 -0.014705507477226957 -0.0067103757505386098 -0.0010493785818551779 0.0013627631292648004 -0.00034408621852991119 0.017395947342322565 -0.0072986909461792209 0.013106129519088593 -0.016595842333867308 0.0149168409498195 -0.020490450463631737 0.0080580365629306407 -0.006897000158076665 0.018957799497934247 0.0061250063824963251 0.014092333361204516
leaf_weight=9431 2791 2239 2317 2176 2301 2016 3307 3092 3139 2089 3190 9313 5931 7908 4851 2290 29354 127453 7730 2620 4484 11594 4040 3502 3084 18421 25471 2037 2070 18588
leaf_count=9431 2791 2239 2317 2176 2301 2016 3307 3092 3139 2089 3190 9313 5931 7908 4851 2290 29354 127453 7730 2620 4484 11594 4040 3502 3084 18421 25471 2037 2070 18588
internal_value=-1.14332e-05 0.00239169 -0.0103283 -0.00936357 0.00262386 0.00242458 -0.00734569 -0.0135988 -0.00411158 -0.00422674 -0.0160162 -0.00908061 -0.023229 0.00246997 -0.00263237 -0.0233005 0.00215996 0.00345372 -0.000222405 -0.00204111 0.0048963 0.00772837 -0.0028344 -0.00191079 -0.0304967 0.00220859 -0.0029496 0.000254535 0.0190925 0.0119379
internal_weight=328829 266711 62118 59801 264472 262171 52251 17801 34450 14494 12260 12405 9070 22190 14282 7550 258085 167253 90832 67024 23808 19324 64404 60364 5260 145874 56862 31391 4086 21379
internal_count=328829 266711 62118 59801 264472 262171 52251 17801 34450 14494 12260 12405 9070 22190 14282 7550 258085 167253 90832 67024 23808 19324 64404 60364 5260 145874 56862 31391 4086 21379
cat_boundaries=0 1 2
cat_threshold=2 18
is_linear=0
shrinkage=0.05


Tree=98
num_leaves=31
num_cat=0
split_feature=41 14 14 11 36 0 32 41 40 1 29 21 14 38 25 43 36 38 1 1 13 38 1 14 41 26 17 27 20 29
split_gain=2796.08 626.18 620.244 537.269 490.09 532.278 471.632 373.529 340.073 295.506 280.086 499.002 483.52 408.379 389.291 468.899 282.643 544.108 510.548 447.002 276.293 438.878 571.044 403.381 657.411 615.622 519.602 493.124 426.025 418.285
threshold=1.2819922566413882 3.8593069314956669 3.2394433021545415 4.7199940681457528 16.558170318603519 30.250000000000004 62.590143203735359 21.293244361877445 2.6271066665649419 74.250000000000014 0.73760604858398449 1.8064352273941042 4.2215116024017343 -0.36550807952880854 1.7260557413101199 -10.756429672241209 4.1956901550292978 0.3839635848999024 90.250000000000014 84.250000000000014 1.9811304211616518 2.9524796009063725 76.750000000000014 1.9024167060852053 30.424592971801761 3.7399535179138188 1.6070770621299746 1008.4997863769532 1.9156007766723635 0.032680511474609382
decision_type=2 2 2 2 2 2 2 2 2 2 2 2 2 2 2 2 2 2 2 2 2 2 2 2 2 2 2 2 2 2
left_child=3 2 7 4 10 -6 -7 8 9 -2 11 13 14 -1 -12 -16 17 18 -13 -19 23 22 -22 24 -9 27 -26 -25 -27 -30
right_child=1 -3 -4 -5 5 6 -8 20 -10 -11 12 16 -14 -15 15 -17 -18 19 -20 -21 21 -23 -24 25 26 28 -28 -29 29 -31
leaf_value=-0.029738291845687936 -0.019609429268188209 -0.021967484354468592 0.024175673229924425 -0.033143599856125104 -0.0019696330086097585 -0.0099035839957468692 -0.03906528779536167 0.0023179072674034944 0.006785776425514852 -0.0038040337423089787 0.0030568293168677166 0.011776457890264651 -0.033654649245015641 -0.0063938491539659512 -0.03494225410073841 -0.0086258394477339295 0.0060560957122901592 -0.030875498966556614 -0.01466860771194552 -0.0050655121667589837 0.023824344183812071 -0.0068558243317249079 0.0042323127614920884 0.0089979341048727988 0.0074746598565680698 -0.0044069908502678773 0.027878859947307474 -0.0060376370946780599 -0.0053357483190541975 -0.035237151802490062
leaf_weight=2948 3597 2645 3231 2329 2891 2228 3699 163468 6149 16463 4751 5930 2233 5130 2152 7850 9646 2734 2625 4329 6311 3709 9049 12867 11588 9145 4266 9450 2010 2801
leaf_count=2948 3597 2645 3231 2329 2891 2228 3699 163468 6149 16463 4751 5930 2233 5130 2152 7850 9646 2734 2625 4329 6311 3709 9049 12867 11588 9145 4266 9450 2010 2801
internal_value=-2.15029e-05 0.002194 0.0024368 -0.00963367 -0.00870247 -0.0195708 -0.0281383 0.00216664 -0.00349371 -0.00664649 -0.00679471 -0.0041303 -0.0120192 -0.0149394 -0.00872388 -0.0143172 -0.000669605 -0.00482475 0.00365445 -0.0150858 0.00279895 0.00856635 0.0122924 0.00228846 0.00326115 -0.00251979 0.0129791 0.00263136 -0.010753 -0.0227815
internal_weight=328224 266749 264104 61475 59146 8818 5927 260873 26209 20060 50328 33342 16986 8078 14753 10002 25264 15618 8555 7063 234664 19069 15360 215595 179322 36273 15854 22317 13956 4811
internal_count=328224 266749 264104 61475 59146 8818 5927 260873 26209 20060 50328 33342 16986 8078 14753 10002 25264 15618 8555 7063 234664 19069 15360 215595 179322 36273 15854 22317 13956 4811
is_linear=0
shrinkage=0.05


Tree=99
num_leaves=31
num_cat=8
split_feature=44 27 31 5 38 31 40 5 5 34 40 11 29 5 38 21 7 38 34 33 5 33 5 11 38 27 5 38 5 23
split_gain=2614.19 738.394 637.359 615.729 518.125 457.538 577.028 984.458 966.877 444.063 368.981 359.95 359.111 342.037 327.301 403.617 340.762 710.293 312.886 288.554 628.457 374.47 351.012 254.444 474.116 231.442 448.949 854.477 405.434 519.379
threshold=21.324571609497074 1008.339080810547 19.24493503570557 0 -5.1643891334533683 87.781394958496108 2.6538356542587285 1 2 -4.2336730957031241 5.4191212654113778 1.7076045274734499 0.34320449829101568 3 -2.6810798645019527 2.2731325626373295 2.5000000000000004 2.0435827970504765 -9.9017944335937482 24.236736297607425 4 27.693120002746586 5 2.6562592983245854 2.2991260290145878 1008.7241516113282 6 -0.89578914642333973 7 30.41526031494141
decision_type=2 2 2 9 2 2 2 9 9 2 2 2 2 9 2 2 2 2 2 2 9 2 9 2 2 2 9 2 9 2
left_child=1 3 9 -1 -4 6 8 -8 11 -3 18 -6 13 -9 15 -14 23 -18 -2 22 -21 -22 -10 24 -16 26 27 -20 -27 -30
right_child=10 2 4 -5 5 -7 7 12 19 -11 -12 -13 14 -15 16 -17 17 -19 25 20 21 -23 -24 -25 -26 28 -28 -29 29 -31
leaf_value=-0.011619902685258934 -0.016579632453370456 -0.0030959971433445707 -0.026897134514148376 -0.046412492192194926 -0.01313170778398913 0.0079735175526280816 0.020962581271880817 -0.0075863582631610837 -0.017303342941553845 0.029246700392670189 0.023423562419091326 -0.027583339032261279 -0.037371087314103275 0.015113540331161773 -0.021002009426318625 -0.0062178370320083321 0.0012173546228177973 -0.038138103071428973 -0.024997502189868986 0.022093529055097781 0.0014416105295689066 -0.023681276783989819 -0.002990320066599494 0.013335047719319988 0.00861011022605211 0.0048120374000047662 0.0071395904539790266 0.0027325485320664586 0.00011694293213339461 -0.022400412222235284
leaf_weight=3321 2108 2158 3164 2074 9015 5240 4089 3156 7191 2075 2127 8306 2046 3460 2569 2113 2584 2050 3189 2746 5007 2097 10600 2677 2832 57988 60030 21102 88718 2627
leaf_count=3321 2108 2158 3164 2074 9015 5240 4089 3156 7191 2075 2127 8306 2046 3460 2569 2113 2584 2050 3189 2746 5007 2097 10600 2677 2832 57988 60030 21102 88718 2627
internal_value=-1.23765e-05 -0.00724115 -0.00610311 -0.0251637 -0.00709261 -0.00628361 -0.00731447 -0.00161926 -0.0108063 0.0127898 0.00273998 -0.0200621 -0.00556448 0.00430137 -0.00943695 -0.0215964 -0.00544487 -0.0162374 0.00255239 -0.00499204 0.00187087 -0.00598875 -0.00879342 0.000758781 -0.00548776 0.0027257 0.00481976 -0.000916352 0.00154304 -0.000532959
internal_weight=328459 90570 85175 5395 80942 77778 72538 27576 44962 4233 237889 17321 23487 6616 16871 4159 12712 4634 235762 27641 9850 7104 17791 8078 5401 233654 84321 24291 149333 91345
internal_count=328459 90570 85175 5395 80942 77778 72538 27576 44962 4233 237889 17321 23487 6616 16871 4159 12712 4634 235762 27641 9850 7104 17791 8078 5401 233654 84321 24291 149333 91345
cat_boundaries=0 29 61 93 122 154 186 215 247
cat_threshold=0 0 0 0 0 0 0 0 0 0 0 0 0 0 0 0 0 0 1610612736 0 0 2147483648 7 0 0 484 0 0 11808 0 0 0 0 0 0 0 0 0 0 0 0 0 0 0 0 0 0 3607101440 0 0 4026531840 0 0 0 38 0 0 64 0 0 73472 0 0 0 0 0 0 0 0 0 0 0 0 0 0 0 0 0 0 1073741824 0 0 1073741824 18 0 0 39 0 0 992 0 0 93952 0 0 0 0 0 0 0 0 0 0 0 0 0 0 0 281018368 0 0 134217728 1 0 0 39 0 0 216 0 0 1184 0 0 0 0 0 0 0 0 0 0 0 0 0 0 0 0 0 0 0 0 0 268435456 40 0 0 896 0 0 16 0 0 4096 0 0 0 0 0 0 0 0 0 0 0 0 0 0 0 0 0 0 0 0 0 268435456 44 0 0 768 0 0 6160 0 0 32768 79 0 0 8416 0 0 7168 0 0 28672 0 0 458752 0 0 7340032 0 0 2214592512 1 0 1073741824 32 0 0 0 0 0 16 3 0 0 8688 0 0 139008 0 0 2191360 0 0 393216 0 0 543162368 0 0 100663296 0 0 1073741824 0 0 0 9 0 0 16 0 0 4352
is_linear=0
shrinkage=0.05


Tree=100
num_leaves=31
num_cat=11
split_feature=5 33 5 34 5 38 34 34 37 5 27 32 5 31 5 34 7 19 37 27 5 32 34 38 5 5 5 38 5 35
split_gain=2408.61 793.986 822.771 728.791 1225.94 604.795 587.171 538.694 547.933 825.755 433.034 412.716 402.78 388.863 423.25 325.195 316.158 399.934 422.952 295.974 638.616 444.204 319.055 1626.85 1644.46 1108.81 586.468 615.445 539.2 509.832
threshold=0 24.91334438323975 1 -6.9660339355468741 2 -3.6363580226898189 -2.9237976074218746 -11.166748046874998 2.3550319671630864 3 1001.644012451172 41.682035446166999 4 45.048719406127937 5 5.0488281250000009 2.5000000000000004 2.2176897525787358 1.2124900817871096 1009.6975708007814 6 787.05465698242199 -6.0403442382812491 0.6965160369873048 7 8 9 2.9524796009063725 10 1.0000000180025095e-35
decision_type=9 2 9 2 9 2 2 2 2 9 2 2 9 2 9 2 2 2 2 2 9 2 2 2 9 9 9 2 9 2
left_child=1 3 6 4 -1 -5 -3 -2 10 -10 -9 -7 -13 -4 -15 19 17 18 -6 22 21 -21 23 24 -12 -25 27 -24 -26 -28
right_child=7 2 13 5 16 11 -8 8 9 -11 15 12 -14 14 -16 -17 -18 -19 -20 20 -22 -23 26 25 28 -27 29 -29 -30 -31
leaf_value=-0.056984731121926757 -0.022594891611891748 0.02996084153118371 0.0018620013794386496 -0.027678083384567367 -0.024403837047415902 0.016087115054027872 -0.001538912457269604 0.02348920347192357 0.041838460014614151 -0.00046343503444959779 -0.052029895605419187 -0.016713241090274292 -0.0032730069305261264 -0.031505998719456245 -0.007244684861474982 0.019590138614950046 -0.0034173537677255126 -0.035450038680036003 0.005430013873748701 -0.0027276785709386131 0.003001604745681315 -0.01775384179341763 0.015468960373444954 0.030296126837916472 0.013306192768877493 -0.0024170843972876558 -0.0047545919993854189 -0.011493014331285991 -0.01662421709815488 0.0047628934314139061
leaf_weight=2061 2142 3163 9446 3435 2882 2045 2770 2358 2172 2444 2547 7824 19347 2183 9958 2591 3810 2963 2011 41101 71024 5578 17781 4286 2528 6501 17762 2395 3659 67576
leaf_count=2061 2142 3163 9446 3435 2882 2045 2770 2358 2172 2444 2547 7824 19347 2183 9958 2591 3810 2963 2011 41101 71024 5578 17781 4286 2528 6501 17762 2395 3659 67576
internal_value=7.78569e-06 -0.00793736 -0.00120961 -0.0119301 -0.0215938 -0.00786194 0.0152507 0.00231572 0.00252819 0.019578 0.00220966 -0.00552344 -0.00715526 -0.00574296 -0.0116612 0.00200418 -0.0152361 -0.0209757 -0.0121562 0.00181567 1.61405e-05 -0.00452571 0.00350954 -0.00236157 -0.0183917 0.0106227 0.00459586 0.0122582 -0.00439122 0.0027813
internal_weight=328343 73898 27520 46378 13727 32651 5933 254445 252303 4616 247687 29216 27171 21587 12141 245329 11666 7856 4893 242738 117703 46679 125035 19521 8734 10787 105514 20176 6187 85338
internal_count=328343 73898 27520 46378 13727 32651 5933 254445 252303 4616 247687 29216 27171 21587 12141 245329 11666 7856 4893 242738 117703 46679 125035 19521 8734 10787 105514 20176 6187 85338
cat_boundaries=0 32 64 96 128 160 192 224 250 282 308 334
cat_threshold=0 0 0 0 0 0 0 0 0 0 0 0 0 0 0 0 0 0 0 1 0 0 62 0 0 1016 0 0 8176 0 0 50944 0 0 0 0 0 0 0 0 0 0 0 0 0 0 0 0 0 0 0 0 0 0 56 0 0 512 0 0 48 0 0 256 0 0 0 0 0 0 0 0 0 0 0 0 0 0 0 0 0 0 0 0 0 0 8 0 0 8 0 0 176 0 0 768 0 0 0 0 0 0 2048 0 0 16384 0 0 0 0 0 202375168 0 0 50331648 0 0 805306368 0 0 0 3 0 0 8192 0 0 79872 0 0 0 0 0 0 0 0 0 0 0 0 0 0 0 0 0 0 0 0 0 0 6 0 0 512 0 0 4272 0 0 32768 0 0 0 0 0 0 0 0 0 0 0 0 0 0 0 0 0 0 0 0 0 0 0 0 0 224 0 0 1536 0 0 16384 52 0 0 0 0 0 98304 0 0 1966080 0 0 31457280 0 0 328204288 0 0 3539992576 2 0 2952790016 1 0 0 3 0 0 8192 0 0 2048 0 0 0 0 0 0 1024 0 0 8192 0 0 0 0 0 98566144 0 0 1174405120 0 0 2952790016 1 0 0 1 0 0 0 0 0 0 0 0 0 16384 0 0 37421056 0 0 53477376 0 0 268435456 0 0 2147483648 1 0 0 1 0 0 8192 0 0 4096 0 0 0 48 0 0 32768 0 0 557056 0 0 786432 0 0 12582912 0 0 251658240 0 0 4026531840 1 0 0 4 24 0 0 928 0 0 512 0 0 262144 0 0 7340032 0 0 34603008 0 0 553648128 0 0 1073741824 0 0 0 2
is_linear=0
shrinkage=0.05


Tree=101
num_leaves=31
num_cat=0
split_feature=3 34 12 37 37 33 33 18 14 34 21 33 26 13 14 38 19 27 38 17 32 32 33 14 12 15 20 38 35 38
split_gain=2391.1 605.675 921.999 1088.35 669.116 402.594 464.622 526.359 380.991 872.787 335.995 309.344 326.296 325.745 764.056 602.2 324.519 402.209 327.683 304.482 294.126 280.186 276.375 472.464 463.026 836.791 487.365 483.852 278.204 415.105
threshold=679.49227905273449 -10.780914306640623 3.7299386262893681 0.38199234008789068 -3.6321983337402339 30.41452789306641 25.002431869506839 2.5329997539520268 4.1388871669769296 -3.0223083496093746 2.2731325626373295 28.524479866027836 4.2183928489685067 2.0652421712875371 1.7039352655410769 1.3679561614990237 2.0225017070770268 1007.0083618164064 0.76115894317626964 1.4772033095359804 41.682035446166999 743.55725097656261 24.085824012756351 2.5808696746826176 1.4207286238670351 2.1408673524856572 1.7464224100112917 -1.2852563858032224 0.0014305114746093752 1.6632995605468752
decision_type=2 2 2 2 2 2 2 2 2 2 2 2 2 2 2 2 2 2 2 2 2 2 2 2 2 2 2 2 2 2
left_child=11 2 3 -2 -3 6 8 -8 20 -10 -5 12 22 14 19 -15 17 18 -16 -14 -6 -19 24 -24 25 -1 -26 -28 29 -29
right_child=1 4 -4 10 5 -7 7 -9 9 -11 -12 -13 13 15 16 -17 -18 21 -20 -21 -22 -23 23 -25 26 -27 27 28 -30 -31
leaf_value=0.0037287998970798862 -0.033184339912674526 -0.027322968253325086 -0.046794214007364256 0.015872035621120498 0.011239851012600584 -0.024364950409122548 -0.001237604703604861 0.019397043505090451 -0.045049667456560208 -0.0021722007558429833 -0.010149046518639855 0.020730140344796047 0.0011084283945832283 0.033260230416601443 -0.015095787394493888 -0.0045101321713137982 -0.029481390680413944 -0.0061989600332684972 0.0098578219426582753 0.020601834750407472 -0.0061766860719552159 -0.029353775659780375 0.0061373252940471338 0.0271836607715529 0.003380261101568078 0.036349647176769188 0.0066285277968710435 0.0066503392101311693 -0.029561040187841094 -0.024191107058653825
leaf_weight=58097 3177 3314 2197 2755 2553 2451 24474 3527 2013 2874 2241 2336 87875 2068 2010 2140 2073 2579 3763 2040 45028 2652 37362 2863 11424 2025 2661 2016 3118 2359
leaf_count=58097 3177 3314 2197 2755 2553 2451 24474 3527 2013 2874 2241 2336 87875 2068 2010 2140 2073 2579 3763 2040 45028 2652 37362 2863 11424 2025 2661 2016 3118 2359
internal_value=-9.23319e-05 -0.00669932 -0.018111 -0.0103529 -0.00532508 -0.00444271 -0.00383295 0.00136753 -0.00660806 -0.0198897 0.00420309 0.00266537 0.0024803 0.000467936 -8.98093e-05 0.0140868 -0.0113776 -0.00794342 0.00115858 0.00155294 -0.00524002 -0.0179715 0.00424945 0.00764167 0.00257855 0.00483338 -0.00370332 -0.0116684 -0.0181663 -0.00999661
internal_weight=328065 96604 10370 8173 86234 82920 80469 28001 52468 4887 4996 231461 229125 107200 102992 4208 13077 11004 5773 89915 47581 5231 121925 40225 81700 60122 21578 10154 7493 4375
internal_count=328065 96604 10370 8173 86234 82920 80469 28001 52468 4887 4996 231461 229125 107200 102992 4208 13077 11004 5773 89915 47581 5231 121925 40225 81700 60122 21578 10154 7493 4375
is_linear=0
shrinkage=0.05


Tree=102
num_leaves=31
num_cat=3
split_feature=3 10 3 43 10 30 16 33 35 35 11 37 8 37 10 40 18 9 16 33 16 10 33 22 33 9 43 21 11 30
split_gain=1948.38 476.213 454.507 426.717 415.111 374.501 589.386 348.097 424.42 312.623 384.329 358.747 379.233 497.158 324.888 260.209 264.15 259.256 253.446 551.964 246.961 410.743 543.035 464.01 349.554 324.351 374.909 688.77 325.677 291.487
threshold=4095.781616210938 4.0984487533569345 484.76017761230474 -4.2488098144531241 1.4507261514663699 4.0625000000000009 3.2650265693664555 24.236736297607425 0.029087066650390628 2.8901100158691411 4.3978059291839608 3.6198539733886723 0 0.82808303833007824 2.3587135076522832 3.3005614280700688 2.102447628974915 1 2.6617245674133305 22.819392204284672 0.69578757882118236 1.0994037985801699 23.903424263000492 0.021457672119140628 19.770432472229007 2 23.682590484619144 1.3824298381805422 1.7915600538253786 33.062500000000007
decision_type=2 2 2 2 2 2 2 2 2 2 2 2 1 2 2 2 2 9 2 2 2 2 2 2 2 9 2 2 2 2
left_child=1 2 20 9 -5 7 15 -4 -9 10 11 12 18 14 -14 16 -7 -6 19 -2 -1 29 24 -24 -23 -26 -27 -28 -29 -22
right_child=3 -3 5 4 17 6 -8 8 -10 -11 -12 -13 13 -15 -16 -17 -18 -19 -20 -21 21 22 23 -25 25 26 27 28 -30 -31
leaf_value=0.00080746592152853419 -0.035007537123498855 0.024661204628642262 -0.0037809030002282761 -0.010959400176951097 -0.010464502070935697 -0.0032833014621814049 -0.023220877791131602 0.0039969515610458828 0.02866431035720543 -0.02678685306897953 -0.028586821744188081 0.0076925503724358029 -0.018491104210900201 -0.0048563708403491918 -0.043228292239023462 0.010512644564169614 -0.021796519821884713 0.0073440060457998571 -0.0028236162724119642 -0.00017336308776589603 0.015661392173490812 0.0049206618509305515 0.0088145106983008679 -0.01016288593252912 0.00080221662951845323 0.0053662158560027241 -0.0026111187481596071 -0.036625112158679522 -0.012041696481631614 0.0058303393994470574
leaf_weight=97609 2117 2254 8893 8502 2593 26259 4120 7199 2293 3066 2595 3047 3552 4012 2138 3137 2070 9384 14030 2444 9293 11270 27259 3644 11072 2938 5878 3452 2228 39942
leaf_count=97609 2117 2254 8893 8502 2593 26259 4120 7199 2293 3066 2595 3047 3552 4012 2138 3137 2070 9384 14030 2444 9293 11270 27259 3644 11072 2938 5878 3452 2228 39942
internal_value=5.0817e-05 0.0018255 0.00163293 -0.00830924 -0.00251682 -0.00246824 -0.00546142 0.00332517 0.00997979 -0.0115136 -0.0101262 -0.00858902 -0.0103446 -0.0183538 -0.0278456 -0.00312945 -0.00464328 0.00348038 -0.0061572 -0.016383 0.00266449 0.00421386 0.00168752 0.00657418 -0.00241253 -0.00564555 -0.0105608 -0.0146196 -0.0270203 0.00768873
internal_weight=328290 270810 268556 57480 20479 53971 35586 18385 9492 37001 33935 31340 28293 9702 5690 31466 28329 11977 18591 4561 214585 116976 67741 30903 36838 25568 14496 11558 5680 49235
internal_count=328290 270810 268556 57480 20479 53971 35586 18385 9492 37001 33935 31340 28293 9702 5690 31466 28329 11977 18591 4561 214585 116976 67741 30903 36838 25568 14496 11558 5680 49235
cat_boundaries=0 1 2 3
cat_threshold=2 24 40
is_linear=0
shrinkage=0.05


Tree=103
num_leaves=31
num_cat=1
split_feature=24 16 10 11 7 38 7 38 38 34 14 37 34 38 34 37 11 9 35 38 13 32 17 41 33 33 1 13 38 1
split_gain=1798.01 598.743 550.032 438.402 573.808 1760.32 1308.8 1270.35 571.044 501.049 370.078 357.559 413.044 578.654 296.77 271.055 264.484 282.741 262.103 347.173 284.249 326.932 251.671 225.23 306.37 437.773 396.537 267.157 468.66 620.405
threshold=7.3887023925781259 4.1658036708831796 3.7535891532897954 4.7199940681457528 2.5000000000000004 -2.9372692108154292 1.5000000000000002 -2.1362504959106441 1.8832564353942873 2.3038635253906254 3.2394433021545415 3.6198539733886723 -13.873260498046873 3.089258193969727 -10.780914306640623 2.7851791381835942 1.4521195292472842 0 1.6150474548339846 -1.2473754882812498 2.1338194608688359 965.57437133789074 2.1397199630737309 21.551319122314457 13.645632266998293 22.279104232788089 74.250000000000014 2.3993046283721928 1.2348890304565432 77.750000000000014
decision_type=2 2 2 2 2 2 2 2 2 2 2 2 2 2 2 2 2 9 2 2 2 2 2 2 2 2 2 2 2 2
left_child=3 2 10 4 5 6 -1 9 16 -6 14 12 -7 18 -2 23 -9 -18 20 -20 -14 -22 -21 24 -16 26 -26 -25 29 -29
right_child=1 -3 -4 -5 7 11 -8 8 -10 -11 -12 -13 13 -15 15 -17 17 -19 19 22 21 -23 -24 27 25 -27 -28 28 -30 -31
leaf_value=-0.063013675280305645 -0.016951051378966665 -0.023844548068614576 0.02800554234854933 -0.028783625578554468 0.0077880841373923456 -0.029168206453022483 -0.01296225884496135 0.014238781754541636 -0.023297865127103013 0.041763562277135964 0.020390276525154238 0.012224171204027854 -0.0087381497512013101 0.019771583537121468 0.011639838501301982 0.019903847102148403 -0.021130878501864032 -0.00019393393605879875 -0.033578247517392405 -0.0003589711917149559 -0.0049914231993648693 0.018051447918728904 -0.021015842125806764 0.0017497332231615832 -0.030719451812015398 0.004232671261539961 -0.0070164367069831882 0.041776305186502473 -0.0027181320434747219 0.0061474047026778139
leaf_weight=2524 2126 2250 2008 2334 2270 2060 2709 2281 3790 2079 2640 2450 15448 2013 3058 2033 2031 7555 2005 3317 4077 2460 2645 221399 2114 7506 10490 2039 3784 3037
leaf_count=2524 2126 2250 2008 2334 2270 2060 2709 2281 3790 2079 2640 2450 15448 2013 3058 2033 2031 7555 2005 3317 4077 2460 2645 221399 2114 7506 10490 2039 3784 3037
internal_value=-3.89934e-05 0.00178131 0.00200208 -0.00755496 -0.00674757 -0.010086 -0.0371774 0.000213909 -0.00642876 0.0240883 0.00180036 -0.00619015 -0.00751929 -0.00611543 0.00160905 0.00176417 -0.00102614 -0.0046695 -0.00786125 -0.0156264 -0.00504147 0.00369438 -0.00954309 0.00161787 -0.00308037 -0.00532346 -0.0110132 0.00209071 0.0105996 0.0205133
internal_weight=328532 264484 262234 64048 61714 41708 5233 20006 15657 4349 260226 36475 34025 31965 257586 255460 11867 9586 29952 7967 21985 6537 5962 253427 23168 20110 12604 230259 8860 5076
internal_count=328532 264484 262234 64048 61714 41708 5233 20006 15657 4349 260226 36475 34025 31965 257586 255460 11867 9586 29952 7967 21985 6537 5962 253427 23168 20110 12604 230259 8860 5076
cat_boundaries=0 1
cat_threshold=24
is_linear=0
shrinkage=0.05


Tree=104
num_leaves=31
num_cat=6
split_feature=41 34 14 33 5 34 5 5 11 32 44 37 40 33 27 5 31 11 35 7 37 13 5 19 40 43 34 14 7 5
split_gain=1707.26 604.885 626.382 408.895 739.411 569.62 479.667 406.793 397.226 380.113 341.55 386.164 339.517 329.405 327.811 301.309 274.723 395.895 275.105 267.587 384.317 226.517 547.85 447.743 300.123 261.379 551.084 453.251 338.368 460.223
threshold=0.80439651012420665 5.4944152832031259 3.8593069314956669 25.002431869506839 0 4.6815795898437509 1 2 1.8642114996910097 75.910278320312514 23.004340171813968 2.5360527038574223 4.2684557437896737 28.524479866027836 1017.4586791992189 3 57.149648666381843 3.9471514225006108 0.62036514282226574 2.5000000000000004 -1.1387538909912107 2.3993046283721928 4 2.1824355125427251 3.0432109832763676 32.763530731201179 -7.7964172363281241 1.6325535178184511 1.5000000000000002 5
decision_type=2 2 2 2 9 2 9 9 2 2 2 2 2 2 2 9 2 2 2 2 2 2 9 2 2 2 2 2 2 9
left_child=3 2 7 5 -5 6 8 -2 -1 -8 19 13 15 21 -10 -6 17 18 -11 -9 -21 23 -23 25 -24 26 -12 -27 -29 -30
right_child=1 -3 -4 4 12 -7 9 10 14 16 11 -13 -14 -15 -16 -17 -18 -19 -20 20 -22 22 24 -25 -26 27 -28 28 29 -31
leaf_value=-0.0067229781316159587 0.023675720407388579 0.028262302585125545 -0.022583229441910227 0.018238566161037497 0.002350254467885335 -0.036090935725419382 0.010206247307475335 -0.0066997792192156451 -0.042304384191756687 -0.0056832360291547276 -0.022511824679602388 0.022844339081081865 0.0087687726675620605 0.018649356312320928 -0.016185214282512805 -0.013350963109769541 -0.015629572484063034 -0.024685181602242492 0.0099979701288967458 0.021845886847729284 -0.0018726390418807562 -0.0056063645591711555 0.031157529357485676 -0.015105684978091449 0.0063069486420563514 0.025415156837631382 0.0016231437003143348 0.014043496518355037 0.013885655161539195 -0.014461482832107887
leaf_weight=3378 2075 2116 2666 3660 4139 2090 3149 20449 2377 10259 2384 2236 3128 2926 2459 11645 8280 2090 3834 2169 7893 3396 2818 3984 2141 3056 196665 4455 2246 3874
leaf_count=3378 2075 2116 2666 3660 4139 2090 3149 20449 2377 10259 2384 2236 3128 2926 2459 11645 8280 2090 3834 2169 7893 3396 2818 3984 2141 3056 196665 4455 2246 3874
internal_value=-1.69901e-05 0.00169818 0.00148535 -0.00760249 -0.00227305 -0.0107738 -0.00928716 0.0017304 -0.0198833 -0.00611955 0.00155385 0.00221284 -0.00625649 0.00200947 -0.0290842 -0.00924175 -0.0082269 -0.00443203 -0.0014131 -0.00341627 0.00325682 0.00179227 0.00986592 0.0014805 0.0204217 0.00179189 0.00133296 0.00848757 0.00357639 -0.00405353
internal_weight=328037 267549 265433 60488 22572 37916 35826 262767 8214 27612 260692 230181 18912 227945 4836 15784 24463 16183 14093 30511 10062 225019 8355 216664 4959 212680 199049 13631 10575 6120
internal_count=328037 267549 265433 60488 22572 37916 35826 262767 8214 27612 260692 230181 18912 227945 4836 15784 24463 16183 14093 30511 10062 225019 8355 216664 4959 212680 199049 13631 10575 6120
cat_boundaries=0 32 64 96 128 157 183
cat_threshold=0 0 0 0 0 0 0 0 0 0 0 0 0 0 0 0 0 0 0 0 0 0 56 0 0 641 0 0 4096 0 0 2048 0 0 0 0 0 0 0 0 0 0 0 0 0 0 0 0 0 0 0 1 0 0 14 0 0 1 0 0 400 0 0 16640 0 0 0 0 0 0 0 0 0 0 0 0 0 0 0 0 0 0 0 0 0 0 16 0 0 16 0 0 384 0 0 14336 0 0 0 0 0 0 0 0 0 0 0 0 0 0 0 0 0 0 0 0 0 0 6 0 0 320 0 0 10240 0 0 32768 0 0 0 0 0 0 2048 0 0 49152 0 0 1835008 0 0 117440512 0 0 3774873600 1 0 0 0 0 0 2 0 0 16 0 0 0 0 0 0 2048 0 0 0 0 0 3145728 0 0 50331648 0 0 285212672 0 0 3489660928 0 0 0 7
is_linear=0
shrinkage=0.05


Tree=105
num_leaves=31
num_cat=0
split_feature=3 36 34 37 12 14 3 36 1 37 12 1 34 33 40 31 27 38 7 38 21 27 40 33 7 34 33 21 1 10
split_gain=1593.53 627.083 460.756 642.597 455.759 414.855 403.033 508.013 758.571 549.797 729.356 740.826 423.806 474.495 390.078 330.704 312.423 791.168 1374.1 610.475 504.72 548.801 493.865 511.613 430.686 360.719 366.98 366.247 335.627 308.994
threshold=4513.4711914062509 12.481212615966799 -11.629058837890623 3.114526748657227 1.7576639652252199 2.6812571287155156 352.42338562011724 20.695209503173832 77.250000000000014 -1.209663391113281 3.0330687761306767 75.250000000000014 3.6633911132812504 23.515967369079593 2.225605964660645 21.943204879760746 1006.584930419922 1.8832564353942873 2.5000000000000004 0.59065628051757824 1.3824298381805422 1014.5383911132814 2.0054950714111333 25.270848274230961 1.5000000000000002 -6.2222595214843741 24.27590370178223 1.2691448926925661 78.750000000000014 1.656798303127289
decision_type=2 2 2 2 2 2 2 2 2 2 2 2 2 2 2 2 2 2 2 2 2 2 2 2 2 2 2 2 2 2
left_child=2 4 -1 6 15 -3 16 9 14 10 11 -8 13 -11 -9 -2 19 20 24 25 -18 22 23 28 -19 26 -4 -27 -22 -26
right_child=1 5 3 -5 -6 -7 7 8 -10 12 -12 -13 -14 -15 -16 -17 17 18 -20 -21 21 -23 -24 -25 29 27 -28 -29 -30 -31
leaf_value=-0.01713721538120307 0.01675672171384841 -0.011102620658875035 0.00032100692710557778 0.024502363503104078 -0.010401482977508999 -0.03618281334722448 -0.041439278646830828 -0.036126430105748696 -0.0019921245350824754 -0.0044801547655332263 0.015910147931641302 -0.007645870401517459 0.024004100940404935 0.0053641612612087483 -0.010046477900704117 -0.0028806917453256223 0.0016897754647514332 0.012294043409144386 -0.034613324746815832 0.014430291001474969 -0.023512903717582839 0.035508126126557737 0.01973020151596722 0.021069517726558993 0.0031636809365217598 -0.00030784336238398168 -0.02734941253892716 0.020810248463866893 0.0011419013903844041 -0.024252373276800136
leaf_weight=3333 2680 3481 2960 3003 24579 3145 2239 3082 12111 20040 2109 5838 2177 31418 2693 10552 138393 4203 3989 14813 2108 2015 5112 2112 2065 7429 2003 2827 3961 2032
leaf_count=3333 2680 3481 2960 3003 24579 3145 2239 3082 12111 20040 2109 5838 2177 31418 2693 10552 138393 4203 3989 14813 2108 2015 5112 2112 2065 7429 2003 2827 3961 2032
internal_value=-6.1484e-05 -0.00886513 0.00131596 0.00153564 -0.00637509 -0.0230434 0.00128644 -0.00166363 -0.00910847 0.000423906 -0.0102193 -0.0170533 0.00244673 0.00153023 -0.0240032 0.00110631 0.00251612 0.00166683 -0.010536 0.00720817 0.00264311 0.0112551 0.00755482 -6.79188e-05 0.00106331 0.000173856 -0.0108789 0.00552782 -0.00744626 -0.0104599
internal_weight=328502 44437 284065 280732 37811 6626 277729 81707 17886 63821 10186 8077 53635 51458 5775 13232 196022 165990 12289 30032 153701 15308 13293 8181 8300 15219 4963 10256 6069 4097
internal_count=328502 44437 284065 280732 37811 6626 277729 81707 17886 63821 10186 8077 53635 51458 5775 13232 196022 165990 12289 30032 153701 15308 13293 8181 8300 15219 4963 10256 6069 4097
is_linear=0
shrinkage=0.05


Tree=106
num_leaves=31
num_cat=0
split_feature=3 34 34 37 29 18 38 7 40 12 27 31 32 30 12 38 7 7 38 7 40 31 37 33 29 27 7 38 12 37
split_gain=1416.01 692.64 618.633 407.98 538.409 461.055 394.597 1779.61 563.265 1029.37 338.881 405.747 489.329 417.776 398.926 397.489 2327.76 868.865 615.726 461.588 342.593 327.563 502.058 525.001 478.944 349.892 317.043 1121.51 301.422 410.556
threshold=3784.774291992188 -10.780914306640623 5.4944152832031259 1.9495277404785158 0.38719177246093756 2.102447628974915 -3.6363580226898189 2.5000000000000004 3.8408775329589848 4.2916305065155038 1009.6672973632814 22.688546180725101 682.58996582031261 2240.3125000000005 0.96542945504188549 -0.5414295196533202 1.5000000000000002 1.5000000000000002 1.085044860839844 2.5000000000000004 1.8727922439575198 67.410678863525405 0.33483123779296881 21.275328636169437 0.0058403015136718759 1012.3739624023439 1.5000000000000002 3.6215333938598637 2.9419019222259526 -1.470497131347656
decision_type=2 2 2 2 2 2 2 2 2 2 2 2 2 2 2 2 2 2 2 2 2 2 2 2 2 2 2 2 2 2
left_child=1 -1 3 10 5 -5 7 -2 9 -8 11 -3 -13 28 -12 16 -16 18 -17 -18 -21 22 23 -19 -24 -25 -10 -28 29 -14
right_child=6 2 -4 4 -6 -7 8 -9 26 -11 14 12 13 -15 15 17 19 21 -20 20 -22 -23 24 25 -26 -27 27 -29 -30 -31
leaf_value=-0.023891976203465327 -0.041571784177855189 -0.01780966439690445 0.027235854951157535 0.0079871886695794432 -0.0086605065247428083 0.033696583862178192 -0.0061899085478522688 0.015614072631772178 0.020980064439890547 -0.042667047052210104 0.0014628245452929208 0.00077797951745502689 -0.0096244416418619621 -0.0083071989539883397 -0.031161681599382998 -0.010001482035244431 0.002556372511221176 -0.0065802025023667847 0.016866606279079138 0.0063280592554888606 0.031095940215018488 -0.0031003249875609807 0.012298003681854909 -0.044756258461841704 -0.015411098903718402 -0.018181052664942708 0.018737796572338889 -0.023987713265536011 0.026776793345547601 0.0089688261640597424
leaf_weight=2642 3494 2288 2357 4284 2437 2941 45195 2217 2521 2011 80316 72972 3192 4000 3898 3663 5231 2417 5076 2120 4114 5979 2118 3292 5839 2016 3490 2727 2147 41100
leaf_count=2642 3494 2288 2357 4284 2437 2941 45195 2217 2521 2011 80316 72972 3192 4000 3898 3663 5231 2417 5076 2120 4114 5979 2118 3292 5839 2016 3490 2727 2147 41100
internal_value=-4.66732e-05 0.00153349 0.00178903 0.00155858 0.011636 0.0184845 -0.00687443 -0.0193838 -0.00559417 -0.00775256 0.00117142 0.00300844 0.00339582 0.00718224 -0.000660168 -0.00438561 0.00216851 -0.00769744 0.00560614 0.0135178 0.0226967 -0.0130648 -0.0168595 -0.0259328 -0.00802929 -0.0347161 0.00606178 -1.15759e-05 0.00851791 0.00762699
internal_weight=328094 266439 263797 261440 9662 7225 61655 5711 55944 47206 251778 125699 123411 50439 126079 45763 15363 30400 8739 11465 6234 21661 15682 7725 7957 5308 8738 6217 46439 44292
internal_count=328094 266439 263797 261440 9662 7225 61655 5711 55944 47206 251778 125699 123411 50439 126079 45763 15363 30400 8739 11465 6234 21661 15682 7725 7957 5308 8738 6217 46439 44292
is_linear=0
shrinkage=0.05


Tree=107
num_leaves=31
num_cat=0
split_feature=41 34 16 35 12 38 38 38 31 31 22 25 22 29 18 34 17 34 0 38 19 25 34 35 19 31 29 34 30 31
split_gain=1300.87 456.737 472.425 455.288 402.675 364.331 344.905 340.545 299.767 251.242 310.729 286.711 311.67 286.13 312.345 236.362 225.781 252.088 271.721 510.676 568.322 435.527 277.548 367.923 327.212 266.577 239.052 523.596 281.179 368.065
threshold=0.80439651012420665 5.4944152832031259 4.0119605064392099 3.0150413513183598 4.5029857158660898 5.1696054935455331 1.2121896743774416 -5.1643891334533683 85.322456359863295 54.910295486450202 0.92554092407226574 1.3177282810211184 2.1500587463378911 0.83729171752929699 1.7440649271011355 -10.488739013671873 3.0964602231979375 -0.95578002929687489 26.750000000000004 -0.95043563842773426 1.8392676115036013 2.5433329343795781 1.3882446289062502 0.0014305114746093752 1.4112696051597597 80.010093688964858 0.38238143920898443 -5.9568176269531241 1885.9375000000002 59.043569564819343
decision_type=2 2 2 2 2 2 2 2 2 2 2 2 2 2 2 2 2 2 2 2 2 2 2 2 2 2 2 2 2 2
left_child=3 2 5 4 7 15 -5 -1 9 10 13 -11 -13 14 -9 -2 17 26 21 20 -20 22 24 -24 -19 -23 28 -28 -17 -30
right_child=1 -3 -4 6 -6 -7 -8 8 -10 11 -12 12 -14 -15 -16 16 -18 18 19 -21 -22 25 23 -25 -26 -27 27 -29 29 -31
leaf_value=-0.022364532530057456 -0.014622028960882725 0.02474527795932123 -0.019102079101505819 -0.027033573024160703 -0.023566929640620172 0.022280517823454322 -0.0032801333444318543 -0.010279501564945078 0.014119956440827645 -0.00081402220645589065 0.012589954187824191 -0.0095941442754473062 -0.030962359229800052 -0.017330321479500432 0.0025708705161926449 0.0053429499439487807 0.015337292477800843 0.0049962462508362331 -0.012497590396234617 -0.01286282327725001 0.021851990840539522 -0.0046891712279199657 0.019753810369878104 -0.00030074280151761888 -0.012311057449110726 0.0044283291533561793 -0.011971665292155846 0.0017989490682091696 -0.019197292085195161 0.001322290406979048
leaf_weight=2407 2276 2090 2788 4419 2778 2093 2338 6690 2384 6541 3552 7824 2179 3122 16063 80790 2916 14412 2152 10744 2710 34233 6077 3663 3359 10459 7777 60787 2527 15761
leaf_count=2407 2276 2090 2788 4419 2778 2093 2338 6690 2384 6541 3552 7824 2179 3122 16063 80790 2916 14412 2152 10744 2710 34233 6077 3663 3359 10459 7777 60787 2527 15761
internal_value=2.37401e-05 0.00151866 0.00133491 -0.00661024 -0.00506462 0.00155249 -0.0188316 -0.00404762 -0.00313141 -0.00402892 -0.00125639 -0.00895673 -0.0142752 -0.00316128 -0.00121034 0.0013852 0.00152677 0.00136852 -0.000801689 -0.00678209 0.00665386 0.000491679 0.00544009 0.0122192 0.00171981 -0.00255494 0.00250524 0.000235473 0.00407578 -0.00152201
internal_weight=327911 267614 265524 60297 53540 262736 6757 50762 48355 45971 29427 16544 10003 25875 22753 260643 258367 255451 87809 15606 4862 72203 27511 9740 17771 44692 167642 68564 99078 18288
internal_count=327911 267614 265524 60297 53540 262736 6757 50762 48355 45971 29427 16544 10003 25875 22753 260643 258367 255451 87809 15606 4862 72203 27511 9740 17771 44692 167642 68564 99078 18288
is_linear=0
shrinkage=0.05


Tree=108
num_leaves=31
num_cat=12
split_feature=5 33 5 5 10 34 34 13 5 10 5 5 14 27 5 34 38 10 5 5 33 27 5 5 16 34 40 38 16 5
split_gain=1109.17 544.061 573.45 528.183 629.497 446.713 442.11 336.213 518.26 455.198 804.348 612.653 445.23 414.009 405.567 365.413 339.192 331.017 362.995 342.925 325.44 325.221 546.461 530.096 294.056 274.448 371.059 450.8 340.382 274.436
threshold=0 25.002431869506839 1 2 3.1291533708572392 -11.166748046874998 -2.2700500488281246 2.1338194608688359 3 1.6433374881744387 4 5 1.9024167060852053 1008.5825805664064 6 2.2299194335937504 -2.4782962799072261 2.2929307222366337 7 8 28.524479866027836 1007.0083618164064 9 10 1.5971773862838747 -5.1415710449218741 2.7944035530090336 2.6561725139617924 3.3811520338058476 11
decision_type=9 2 9 9 2 2 2 2 9 2 9 9 2 2 9 2 2 2 9 9 2 2 9 9 2 2 2 2 2 9
left_child=1 3 6 4 -1 -2 -3 9 -9 11 21 15 24 -14 -15 -7 -10 18 -12 -19 -4 22 -11 -23 -13 26 28 -28 -5 -27
right_child=5 2 20 25 -6 7 -8 8 16 10 17 12 13 14 -16 -17 -18 19 -20 -21 -22 23 -24 -25 -26 29 27 -29 -30 -31
leaf_value=-0.012217677811821476 -0.021531351169221981 0.01920265336117986 -0.00034094962005111235 -0.012636071430886934 -0.044699524355275022 0.0077241343056828797 -0.0048339182679028175 0.024322097690913966 0.020973531192574151 -0.018795661263990127 -0.012221627570022741 0.0011645288712876488 0.0025250076420042641 -0.0057634997414989448 -0.031192246999022396 0.029835694222687049 0.00068370027126890705 0.0026960374847568892 0.0048981890630778588 0.02420322207558041 -0.014558604153311637 -0.036676283279885181 0.010135095270150357 -0.010759758688505986 0.0090935343052367529 -0.0088332779549970888 0.013163832455095044 -0.013601478208119237 -0.035649226389713705 0.0020594942038677107
leaf_weight=5834 2071 5577 13262 6965 2000 22600 2904 3895 2442 2925 5169 145971 4855 3641 2763 2029 12883 4803 7660 3011 5769 2564 3643 8555 12702 10544 2720 3703 2088 12765
leaf_count=5834 2071 5577 13262 6965 2000 22600 2904 3895 2442 2925 5169 145971 4855 3641 2763 2029 12883 4803 7660 3011 5769 2564 3643 8555 12702 10544 2720 3703 2088 12765
internal_value=-2.97871e-05 -0.00541037 0.000164956 -0.00870111 -0.0205304 0.00153974 0.0109633 0.00173017 0.0080844 0.00120544 -0.00377417 0.0021866 0.0011178 -0.00848558 -0.0168239 0.00955323 0.00392584 0.00293099 -0.0020095 0.0110382 -0.00465378 -0.0115923 -0.00277111 -0.0168062 0.00179979 -0.00630016 -0.0114616 -0.00226411 -0.0179773 -0.00287251
internal_weight=328313 74131 27512 46619 7834 254182 8481 252111 19220 232891 38330 194561 169932 11259 6404 24629 15325 20643 12829 7814 19031 17687 6568 11119 158673 38785 15476 6423 9053 23309
internal_count=328313 74131 27512 46619 7834 254182 8481 252111 19220 232891 38330 194561 169932 11259 6404 24629 15325 20643 12829 7814 19031 17687 6568 11119 158673 38785 15476 6423 9053 23309
cat_boundaries=0 32 64 96 128 160 192 224 256 288 311 330 362
cat_threshold=0 0 0 0 0 0 0 0 0 0 0 0 0 0 0 0 0 0 2147483648 1 0 0 14 0 0 1017 0 0 8176 0 0 50432 0 0 0 0 0 0 0 0 0 0 0 0 0 0 0 0 0 0 0 0 0 0 12 0 0 769 0 0 48 0 0 256 0 0 0 0 0 0 0 0 0 0 0 0 0 0 0 0 0 0 0 0 0 0 8 0 0 512 0 0 144 0 0 256 0 0 0 0 0 0 0 0 0 2097152 0 0 54657024 0 0 409993216 0 0 33554432 2 0 2147483648 32 0 0 0 0 0 0 0 0 79872 8 0 0 192 0 0 3072 0 0 122880 0 0 50724864 0 0 130023424 0 0 1946157056 0 0 0 49 0 0 0 0 0 0 0 0 2048 0 0 0 128 0 0 2048 0 0 16384 0 0 34865152 0 0 121634816 0 0 1677721600 0 0 0 0 0 0 0 0 0 0 0 0 4096 0 0 0 0 0 0 0 0 0 2097152 0 0 2228224 0 0 10485760 0 0 318767104 0 0 1610612736 49 0 0 4 0 0 0 0 0 10240 0 0 0 0 0 0 0 0 0 0 0 0 0 0 0 536870912 0 0 167772160 2 0 1610612736 0 0 0 4 0 0 8192 0 0 8704 0 0 0 0 0 0 0 0 0 2097152 0 0 0 0 0 137363456 0 0 50331648 0 0 1342177280 0 0 0 6 0 0 0 0 0 512 0 0 0 0 0 0 2048 0 0 114688 0 0 262144 0 0 4194304 0 0 67108864 0 0 0 1 8 0 0 128 0 0 2048 0 0 0 0 0 0 0 0 33554432 0 0 805306368 0 0 0 0 0 0 0 0 0 0 0 0 0 0 0 0 0 0 0 0 0 0 6 0 0 385 0 0 6176 0 0 32768
is_linear=0
shrinkage=0.05


Tree=109
num_leaves=31
num_cat=8
split_feature=3 27 31 38 5 34 31 5 30 5 15 25 31 33 27 5 30 13 13 26 5 30 5 13 14 27 5 41 5 30
split_gain=1053.45 546.109 460.043 512.526 561.406 897.734 502.824 461.984 464.143 515.458 357.645 346.127 292.144 337.112 506.458 471.996 363.648 441.317 323.435 262.525 458.113 395.733 376.084 249.669 234.752 218.585 280.265 236.056 463.642 253.164
threshold=555.75747680664074 1004.0314025878907 37.46087837219239 -4.6435494422912589 0 -4.7354431152343741 60.982551574707038 1 0.56250000000000011 2 3.8385643959045415 3.9059344530105595 86.542556762695327 23.72678375244141 1019.6971740722657 3 112.81250000000001 1.7026251554489138 1.8501713871955874 3.7601984739303593 4 2073.8125000000005 5 1.9811304211616518 2.418960809707642 1013.3898315429689 6 26.86499118804932 7 1186.8125000000002
decision_type=2 2 2 2 9 2 2 9 2 9 2 2 2 2 2 9 2 2 2 2 9 2 9 2 2 2 9 2 9 2
left_child=19 -2 7 -4 5 6 -5 11 9 -9 -10 24 13 15 16 -6 17 -15 -17 22 21 23 -1 -21 -3 27 -27 28 -24 -29
right_child=1 2 3 4 12 -7 -8 8 10 -11 -12 -13 -14 14 -16 18 -18 -19 -20 20 -22 -23 25 -25 -26 26 -28 29 -30 -31
leaf_value=-0.00089162739291772481 -0.028998716364249163 -0.011828357989040009 -0.025024716954417693 -0.015467139872548111 -0.015015610825671455 -0.0025943475459423212 -0.040832864056964013 0.0052985488034600512 0.0059661717430155919 0.039284676563676194 -0.01630242020317926 -0.024733734671991969 0.0081981494156073819 0.0058200889059315739 -0.008833665222915071 -0.005942152932209282 -0.0025500057295615559 0.030979764369435989 0.0096524398494585995 -0.0037345962439029583 0.0024440812351474751 -0.020552183685796529 -0.015016474151679554 0.011907212407490842 0.0071563289546051224 -0.00051950721086127083 0.022228253100457503 0.0091835591032270441 0.0055350427417131098 0.0012314033448144639
leaf_weight=28065 2149 2975 3209 6353 10823 12131 2827 2479 10219 2032 2179 2107 6269 5140 7467 11872 5361 2632 4607 32731 89251 3317 3995 2757 3573 2000 4208 32376 8652 14490
leaf_count=28065 2149 2975 3209 6353 10823 12131 2827 2479 10219 2032 2179 2107 6269 5140 7467 11872 5361 2632 4607 32731 89251 3317 3995 2757 3573 2000 4208 32376 8652 14490
internal_value=-1.73646e-05 -0.00410711 -0.00359129 -0.00548422 -0.00465028 -0.0115212 -0.0233145 0.00223537 0.00704089 0.0207594 0.00204239 -0.00715018 -0.00194314 -0.00327219 0.00155636 -0.00691468 0.00746602 0.0143693 -0.00157824 0.00194433 0.000472267 -0.00406193 0.00395404 -0.0025164 -0.001474 0.00602234 0.0149456 0.00509018 -0.000971103 0.0067257
internal_weight=328246 106404 104255 78691 75482 21311 9180 25564 16909 4511 12398 8655 54171 47902 20600 27302 13133 7772 16479 221842 128056 38805 93786 35488 6548 65721 6208 59513 12647 46866
internal_count=328246 106404 104255 78691 75482 21311 9180 25564 16909 4511 12398 8655 54171 47902 20600 27302 13133 7772 16479 221842 128056 38805 93786 35488 6548 65721 6208 59513 12647 46866
cat_boundaries=0 32 64 93 125 157 183 212 241
cat_threshold=24 0 0 0 0 0 0 0 0 0 0 0 17563648 0 0 8388608 0 0 603979776 0 0 268435456 4 0 0 226 0 0 6032 0 0 52224 0 0 0 0 0 0 2048 0 0 32768 0 0 3670016 0 0 52428800 0 0 100663296 0 0 268435456 51 0 0 315 0 0 96 0 0 1280 0 0 0 0 0 0 1024 0 0 16384 0 0 262144 0 0 8388608 0 0 0 0 0 0 4 0 0 196 0 0 3088 0 0 0 0 0 0 0 0 0 49152 0 0 0 0 0 2097152 0 0 1073741824 0 0 0 58 0 0 785 0 0 32 0 0 256 0 0 0 3200 0 0 114688 0 0 3670016 0 0 17760256 0 0 31457280 0 0 1962934272 0 0 2147483648 1 0 0 133 0 0 32 0 0 256 1012 0 0 12624 0 0 14080 0 0 438272 0 0 16842752 0 0 134217728 0 0 2147483648 3 0 0 32 0 0 134 2 0 0 128 0 0 247808 0 0 1589248 0 0 46137344 0 0 805306368 0 0 134217728 0 0 3758096384 1 0 0 0 0 0 32 0 0 0 1536 0 0 0 0 0 2097152 0 0 8126464 0 0 65011712 0 0 0 0 0 268435456 0 0 0 1 0 0 32
is_linear=0
shrinkage=0.05


Tree=110
num_leaves=31
num_cat=0
split_feature=3 3 40 11 1 30 16 32 20 0 1 33 12 13 11 21 41 35 12 10 0 16 12 33 29 40 12 20 13 12
split_gain=992.64 352.805 341.598 1003.3 506.374 366.769 344.97 337.877 333.774 322.103 309.357 259.482 224.459 311.031 309.844 224.75 215.896 215.093 263.376 210.996 240.482 204.862 566.949 662.398 659.589 594.726 458.457 384.715 361.308 475.512
threshold=679.49227905273449 5070.1796875000009 3.2191939353942876 3.9471514225006108 85.750000000000014 36.312500000000007 4.465034246444703 232.47906494140628 3.2296500205993657 35.750000000000007 78.250000000000014 28.524479866027836 1.0686036348342898 1.9613127708435061 1.8463222384452822 1.8064352273941042 33.351724624633796 3.0808448791503911 1.9353761672973635 1.4633299112319949 33.250000000000007 1.7529199123382571 1.1946876645088198 25.762368202209476 1.0000000180025095e-35 2.9423391819000249 1.7891115546226504 1.8131936192512514 1.3346372246742251 1.5967152714729311
decision_type=2 2 2 2 2 2 2 2 2 2 2 2 2 2 2 2 2 2 2 2 2 2 2 2 2 2 2 2 2 2
left_child=11 2 3 6 5 9 8 -6 12 10 -4 16 15 14 19 -2 21 18 -15 20 -14 -1 -23 24 -24 26 -25 -26 -29 -30
right_child=1 -3 4 -5 7 -7 -8 -9 -10 -11 -12 -13 13 17 -16 -17 -18 -19 -20 -21 -22 22 23 25 27 -27 -28 28 29 -31
leaf_value=0.00091168769921125346 -0.0018113030707253991 -0.01757763063048097 0.016772697776162779 -0.039015194728965807 -0.022773320342754262 -0.0050305633168046156 -0.023973592542696518 -0.0020856444481953669 0.014530851090083445 0.02546815781892477 -0.0052815856625603921 0.018154004608978768 -0.0073627086176524569 0.017998382799720304 -0.023210237584389212 0.015078957895165999 -0.01200555683206005 -0.014322370040320701 -0.0011082240727060654 -0.0021414418412835814 -0.021947735042052646 0.01605162739541997 0.014312299001908025 0.0043117399151159624 0.0021866250780631174 -0.0014578263861313807 0.02997729897229421 -0.02962488965118645 0.014564245891828288 -0.010984271118105718
leaf_weight=172494 11122 4737 3372 2158 2391 3920 2166 11104 2399 3399 2994 2376 10392 2146 3488 2383 2878 2368 11030 11064 3882 8791 5424 2719 11460 4997 4841 2007 2155 11490
leaf_count=172494 11122 4737 3372 2158 2391 3920 2166 11104 2399 3399 2994 2376 10392 2146 3488 2383 2878 2368 11030 11064 3882 8791 5424 2719 11460 4997 4841 2007 2155 11490
internal_value=-2.50858e-05 -0.00428506 -0.00359714 -0.00557557 0.00110525 0.00787953 -0.00441379 -0.00576517 -0.00370703 0.0130619 0.00640831 0.00175004 -0.0044654 -0.00618297 -0.00925618 0.00117799 0.00157925 -0.000481476 0.00201499 -0.00732688 -0.0113419 0.00175248 0.00444336 0.00217724 -0.00158813 0.0119271 0.0207644 -0.00477326 -0.00986725 -0.0069416
internal_weight=328147 96515 91778 64598 27180 13685 62440 13495 60274 9765 6366 231632 57875 44370 28826 13505 229256 15544 13176 25338 14274 226378 53884 45093 32536 12557 7560 27112 15652 13645
internal_count=328147 96515 91778 64598 27180 13685 62440 13495 60274 9765 6366 231632 57875 44370 28826 13505 229256 15544 13176 25338 14274 226378 53884 45093 32536 12557 7560 27112 15652 13645
is_linear=0
shrinkage=0.05


Tree=111
num_leaves=31
num_cat=2
split_feature=43 16 36 18 16 33 34 13 37 39 34 11 44 19 39 44 25 31 24 8 8 37 37 29 31 11 1 15 11 31
split_gain=766.62 570.697 469.4 743.725 331.706 309.842 305.669 332.43 261.584 233.294 377.571 219.867 227.901 218.332 392.271 367.239 215.906 189.789 318.842 279.33 276.995 742.212 451.756 275.262 236.611 218.961 363.639 199.397 196.962 195.76
threshold=-3.6424472332000728 4.1658036708831796 17.613887786865238 1.8470872640609743 2.2395880222320561 23.184960365295414 -14.996643066406248 2.1801105737686162 2.9366836547851567 2.0338501930236821 -10.488739013671873 2.0830110311508183 -9.6982779502868635 2.5651965141296391 0.97135433554649364 -11.793214797973631 3.4781730175018315 82.45676422119142 28.742965698242191 0 1 -1.6379356384277342 -1.470497131347656 0.76779174804687511 27.208675384521488 1.6450522541999819 76.750000000000014 1.7633145451545718 1.2504048943519595 59.043569564819343
decision_type=2 2 2 2 2 2 2 2 2 2 2 2 2 2 2 2 2 2 2 1 1 2 2 2 2 2 2 2 2 2
left_child=2 8 4 -4 5 -1 -6 11 9 10 -2 12 -8 15 -15 -9 -16 18 20 -19 21 -12 -22 29 -23 27 -27 -26 -29 -20
right_child=1 -3 3 -5 6 -7 7 13 -10 -11 17 -13 -14 14 16 -17 -18 19 23 -21 22 24 -24 -25 25 26 -28 28 -30 -31
leaf_value=-0.029305867560609586 -0.013636899726616171 -0.018985904660347379 -0.003288831833565146 -0.038991947330360169 -0.019319169914995521 -0.0039357580367348132 -0.018504834179031038 -0.015518480568470983 0.017942319917360415 0.013384543300603045 0.021819084173968176 -0.02167969224890047 -0.00031239302997997516 -0.0084386774713334483 0.020593019349296131 0.0064140115980571601 0.0027562329486537458 0.0083310553283138383 0.00076479828076446996 -0.0018411236151660106 -0.027422183907111382 0.014777956925499778 -0.0039085654186234546 -0.0045607004286143766 -0.0016513582152655689 -0.020674808105704184 -0.00074533613315516992 0.021021821575149018 0.00090845315253581529 0.0044896185611400553
leaf_weight=2332 4334 3501 3281 2619 2410 2483 2161 3254 2331 3838 3735 2128 8316 2550 4778 4587 2633 20263 66021 10112 2206 2203 26208 14131 35557 3816 5699 2017 3049 75743
leaf_count=2332 4334 3501 3281 2619 2410 2483 2161 3254 2331 3838 3735 2128 8316 2550 4778 4587 2633 20263 66021 10112 2206 2203 26208 14131 35557 3816 5699 2017 3049 75743
internal_value=0.000103278 0.00104803 -0.00607561 -0.0191765 -0.00401708 -0.0162583 -0.00221661 -0.000855186 0.00129806 0.00115833 0.000987276 -0.00706509 -0.00407886 0.00354334 0.00845262 -0.0026961 0.0142682 0.00122186 0.000751192 0.00494519 -0.00172221 0.000315863 -0.00574312 0.00209172 -0.00122246 -0.0019283 -0.00875138 -0.000328395 0.00894212 0.00275511
internal_weight=328296 284764 43532 5900 37632 4815 32817 30407 281263 278932 275094 12605 10477 17802 9961 7841 7411 270760 240385 30375 84490 56076 28414 155895 52341 50138 9515 40623 5066 141764
internal_count=328296 284764 43532 5900 37632 4815 32817 30407 281263 278932 275094 12605 10477 17802 9961 7841 7411 270760 240385 30375 84490 56076 28414 155895 52341 50138 9515 40623 5066 141764
cat_boundaries=0 1 2
cat_threshold=2 2
is_linear=0
shrinkage=0.05


Tree=112
num_leaves=31
num_cat=0
split_feature=3 34 16 31 33 33 18 44 32 29 1 34 31 29 21 23 26 34 7 7 13 31 34 41 34 32 23 34 7 1
split_gain=816.941 406.415 748.278 478.742 358.686 371.13 435.39 409.582 400.536 327.794 277.411 679.809 268.668 372.104 390.039 403.453 254.916 248.119 239.936 431.187 222.38 269.816 222.157 190.29 227.776 269.829 189.732 379.653 154.444 151.905
threshold=484.76017761230474 -10.780914306640623 3.9481445550918584 16.802490234375004 30.41452789306641 25.095359802246097 2.092233538627625 -18.617178916931149 41.682035446166999 0.1672325134277344 73.250000000000014 0.29724121093750006 90.24341201782228 0.68677902221679699 2.9565012454986577 -6.5777130126953116 3.7399535179138188 -4.1356201171874991 1.5000000000000002 2.5000000000000004 2.2311520576477055 82.016624450683608 -4.6802673339843741 33.351724624633796 -1.2226867675781248 895.08212280273449 33.589668273925788 -7.4174194335937491 1.5000000000000002 79.250000000000014
decision_type=2 2 2 2 2 2 2 2 2 2 2 2 2 2 2 2 2 2 2 2 2 2 2 2 2 2 2 2 2 2
left_child=16 2 18 -3 5 7 -7 -5 -9 -8 11 -10 13 -12 15 17 26 -15 -2 -20 21 23 -17 24 -18 29 27 -1 -23 -26
right_child=1 3 -4 4 -6 6 9 8 10 -11 12 -13 -14 14 -16 22 20 -19 19 -21 -22 28 -24 -25 25 -27 -28 -29 -30 -31
leaf_value=-0.016783346081469822 0.0043174935638052459 0.018867782428786204 -0.038978475628148629 -0.026856766775581277 -0.0220131483934034 -0.0018994166043515091 0.024377489943580497 0.016023500822159774 -0.031821619614684112 0.004454583720975314 -0.0011747891849426186 0.0053863054086160126 0.011333018378282475 -0.014626353489344818 0.0069392116417756741 -0.017287992171205951 0.0012937758644153514 -0.038507354660934863 -0.026254250248988222 0.0030660185132775908 0.011391926968029447 -0.00091787372817902905 -0.0037396802836304555 -0.015983252339260862 0.0012700592021873758 -0.020417611409217242 0.014143558349906174 0.0039270068619220262 0.0083291054707036721 -0.005054957436021381
leaf_weight=2265 3369 2554 2155 2014 2414 22888 3029 2392 2885 6458 31931 2127 2784 2383 2999 4529 57619 2023 2742 2300 4419 6770 9099 2083 15536 2233 4283 81344 13539 24380
leaf_count=2265 3369 2554 2155 2014 2414 22888 3029 2392 2885 6458 31931 2127 2784 2383 2999 4529 57619 2023 2742 2300 4419 6770 9099 2083 15536 2233 4283 81344 13539 24380
internal_value=9.24262e-06 -0.00342957 -0.0127618 -0.00246651 -0.00301346 -0.00254104 0.00183426 -0.00471467 -0.00400439 0.0108345 -0.00479535 -0.016052 -0.00378064 -0.00457706 -0.00973916 -0.012515 0.00182235 -0.0256536 -0.00600646 -0.0128997 0.000385863 -1.31689e-05 -0.00825157 -0.00106259 -0.000749502 -0.00354237 0.00389085 0.00336402 0.00524769 -0.00259345
internal_weight=327546 113075 10566 102509 99955 97541 32375 65166 63152 9487 60760 5012 55748 52964 21033 18034 214471 4406 8411 5042 126579 122160 13628 101851 99768 42149 87892 83609 20309 39916
internal_count=327546 113075 10566 102509 99955 97541 32375 65166 63152 9487 60760 5012 55748 52964 21033 18034 214471 4406 8411 5042 126579 122160 13628 101851 99768 42149 87892 83609 20309 39916
is_linear=0
shrinkage=0.05


Tree=113
num_leaves=31
num_cat=11
split_feature=3 36 5 29 5 10 5 5 37 5 5 41 5 37 5 29 33 38 5 41 11 7 38 10 33 5 5 33 38 7
split_gain=741.54 424.96 680.064 377.632 1642.18 631.701 467.22 370.117 314.601 833.845 296.063 280.456 282.769 220.844 232.344 253.633 231.511 248.713 444.233 354.74 219.182 298.781 232.907 215.874 565.67 554.146 505.43 421.2 428.018 809.834
threshold=4579.2087402343759 12.481212615966799 0 0.82063674926757824 1 4.3484816551208505 2 3 1.8957939147949221 4 5 31.354322433471683 6 -2.6980018615722652 7 0.1493339538574219 28.524479866027836 -2.3798542022705074 8 33.098413467407234 1.585929870605469 2.5000000000000004 -0.28758366405963892 0.85505405068397533 23.903424263000492 9 10 19.770432472229007 1.5583522319793703 1.5000000000000002
decision_type=2 2 9 2 9 2 9 9 2 9 9 2 9 2 9 2 2 2 9 2 2 2 2 2 2 9 9 2 2 2
left_child=3 20 -3 5 10 6 11 -6 13 -10 -5 12 -1 -8 15 -15 17 18 -16 23 21 22 -2 26 25 -25 -19 -27 -29 -30
right_child=1 2 -4 4 7 -7 8 -9 9 -11 -12 -13 -14 14 16 -17 -18 19 -20 -21 -22 -23 -24 24 -26 27 -28 28 29 -31
leaf_value=0.0094214487356870796 -0.014216428059746329 -0.040845437772542306 -0.0056157153961959722 -0.040122511780779468 0.0091750398837880196 0.026395231780511966 -0.0098397381758375639 -0.0021261763371072588 0.034534158052272799 0.0010751190238898986 -0.018000509563734789 -0.020505151730768542 -0.0028956464731032007 -0.0021812817403432478 -0.0012822292262110503 0.011683396733462584 0.015065201327771539 0.020076044186392014 0.030544052965475667 -0.01832143787814013 -0.0069709348126553482 0.018059359207616418 0.002947278524406211 -0.020143715534142955 0.0046195529687198351 0.0077617373579103397 0.00232985565136987 -0.0011133774751842334 0.0077170030474604792 -0.027787490871876576
leaf_weight=5100 2876 2165 3713 2076 10432 2549 3713 23595 2757 5668 5890 2065 51885 4477 2403 12492 3241 4215 2000 2274 23123 2190 6264 5032 28708 7800 76640 16001 2419 4748
leaf_count=5100 2876 2165 3713 2076 10432 2549 3713 23595 2757 5668 5890 2065 51885 4477 2403 12492 3241 4215 2000 2274 23123 2190 6264 5032 28708 7800 76640 16001 2419 4748
internal_value=4.59779e-05 -0.00630317 -0.0187179 0.000934734 -0.00344718 0.00168228 0.00142266 0.00134191 0.00266097 0.0120944 -0.0238517 -0.00244809 -0.0017907 0.0022093 0.00246929 0.00802157 0.0018622 0.00158028 0.0132772 0.00123104 -0.00418029 0.00151616 -0.0024631 0.00153773 -0.000614622 -0.00478871 0.00326011 -0.00228073 -0.00566462 -0.01581
internal_weight=328511 40331 5878 288180 41993 246187 243638 34027 184588 8425 7966 59050 56985 176163 172450 16969 155481 152240 4403 147837 34453 11330 9140 145563 64708 36000 80855 30968 23168 7167
internal_count=328511 40331 5878 288180 41993 246187 243638 34027 184588 8425 7966 59050 56985 176163 172450 16969 155481 152240 4403 147837 34453 11330 9140 145563 64708 36000 80855 30968 23168 7167
cat_boundaries=0 32 64 96 128 160 192 211 243 272 304 326
cat_threshold=0 0 0 0 0 0 0 0 0 0 0 0 0 0 0 0 0 0 0 0 0 0 2 0 0 192 0 0 3968 0 0 1024 0 0 0 0 0 0 7168 0 0 2875392 0 0 8388608 0 0 67108864 0 0 167772160 0 0 3758096384 0 0 0 834 0 0 8720 0 0 63744 984 0 0 4224 0 0 0 0 0 262144 0 0 65536 0 0 272629760 0 0 2214592512 1 0 0 51 0 0 30 0 0 4448 0 0 58880 24 0 0 4240 0 0 256 0 0 0 0 0 2031616 0 0 833617920 0 0 822083584 0 0 0 62 0 0 56 0 0 224 0 0 512 0 0 0 0 0 0 2048 0 0 16384 0 0 4194304 0 0 202375168 0 0 33554432 0 0 805306368 0 0 0 769 0 0 0 0 0 6144 0 0 0 0 0 0 0 0 0 114688 0 0 0 0 0 0 0 0 0 0 0 0 0 0 0 0 0 0 528 0 0 47360 0 0 0 0 0 0 0 0 0 0 0 0 0 0 0 4194304 0 0 67108864 0 0 0 0 0 0 3072 0 0 2179072 0 0 0 0 0 0 0 0 0 0 0 0 12 0 0 576 0 0 2176 0 0 69888 0 0 0 0 0 0 0 0 0 0 0 0 524288 0 0 799014912 0 0 1207959552 2 0 0 0 0 0 384 0 0 8720 0 0 0 16 0 0 0 0 0 0 0 0 786432 0 0 3145728 0 0 16777216 0 0 1879048192 0 0 0 1 0 0 16 0 0 2048 0 0 0 0 0 0 0 0 0 0 0 0 35389440 0 0 664797184 0 0 671088640 0 0 3221225472
is_linear=0
shrinkage=0.05


Tree=114
num_leaves=31
num_cat=0
split_feature=3 36 14 1 39 33 37 27 28 14 19 13 15 15 27 14 42 30 14 28 40 15 27 41 37 7 7 26 22 13
split_gain=748.085 444.903 417.591 363.491 478.466 336.785 596.669 604.942 421.115 734.908 567.291 326.311 342.075 321.297 331.754 362.331 428.517 482.896 302.513 290.395 295.597 385.315 366.246 285.172 271.722 688.928 447.253 428.659 381.06 437.679
threshold=299.59802246093756 16.558170318603519 2.7053467035293584 77.250000000000014 0.87192487716674816 23.515967369079593 -1.470497131347656 1012.6627197265626 1018.3478088378907 4.2215116024017343 2.6156399250030522 2.906466126441956 4.0929408073425302 0.79221329092979442 1006.584930419922 1.7293770313262942 30.012100219726566 398.81250000000006 1.3476169109344485 1021.0731201171876 2.5011498928070073 2.5728569030761723 1006.2208557128907 21.00716590881348 -1.3327293395996092 1.5000000000000002 1.5000000000000002 8.209630489349367 0.45919418334960943 1.6423425078392031
decision_type=2 2 2 2 2 2 2 2 2 2 2 2 2 2 2 2 2 2 2 2 2 2 2 2 2 2 2 2 2 2
left_child=13 5 3 4 -3 8 7 -7 9 18 -10 12 19 -1 -15 23 -17 -18 -2 20 22 -22 -8 -16 25 -20 28 -28 29 -26
right_child=1 2 -4 -5 -6 6 11 -9 10 -11 -12 -13 -14 14 15 16 17 -19 24 -21 21 -23 -24 -25 26 -27 27 -29 -30 -31
leaf_value=0.00041230477683820227 0.0068267138760693159 -0.027815059542045398 -0.020802107229441067 -0.0014021756911329348 0.0012473678264045874 -0.03475889827732994 -0.017892513587542506 -0.0021029477331532724 -0.0069574287551439785 -0.033446665139613405 0.028458916303088555 0.015040803258739986 -0.018710865134528066 0.0099408998490392586 -0.0084122447560211477 0.0019549053362858705 -0.0036487018966735842 -0.033216008083387608 -0.018253897345155735 -0.011427730638202018 0.013946267740731969 -0.0025992184250872318 0.0020495521530085603 0.0077504773626445138 -0.0014492144541856222 0.012535540852298067 -0.0097505294309366344 -0.031832484297162469 -0.013670646838944698 0.026718248653580697
leaf_weight=111708 5214 3465 5457 15857 2389 2192 2489 3988 2346 2293 2167 4826 2009 21172 3018 17772 4279 2031 2743 3591 11208 5123 29250 27786 4207 5333 16872 2521 3084 2041
leaf_count=111708 5214 3465 5457 15857 2389 2192 2489 3988 2346 2293 2167 4826 2009 21172 3018 17772 4279 2031 2743 3591 11208 5123 29250 27786 4207 5333 16872 2521 3084 2041
internal_value=5.36898e-05 -0.00270322 -0.00844942 -0.00533646 -0.0159729 -0.00132711 0.00103927 -0.0137232 -0.00446157 -0.005944 0.0100737 0.00260098 0.0014798 0.00211906 0.00462543 0.00257357 -0.00202063 -0.013203 -0.00443542 0.00226844 0.00329376 0.00875757 0.000480535 0.00616473 -0.00603247 0.00206832 -0.00830992 -0.012636 0.000684094 0.00778009
internal_weight=328431 140665 27168 21711 5854 113497 64676 6180 48821 44308 4513 58496 53670 187766 76058 54886 24082 6310 42015 51661 48070 16331 31739 30804 36801 8076 28725 19393 9332 6248
internal_count=328431 140665 27168 21711 5854 113497 64676 6180 48821 44308 4513 58496 53670 187766 76058 54886 24082 6310 42015 51661 48070 16331 31739 30804 36801 8076 28725 19393 9332 6248
is_linear=0
shrinkage=0.05


Tree=115
num_leaves=31
num_cat=9
split_feature=5 33 5 5 27 16 10 5 10 31 5 5 10 5 15 16 5 43 42 5 12 30 31 10 16 12 40 12 37 28
split_gain=636.557 397.988 548.174 493.555 641.56 496.69 373.486 386.329 326.662 249.59 306.4 292.158 269.913 730.555 299.586 289.782 353.123 504.518 314.096 297.712 288.021 361.411 522.336 405.002 346.789 250.401 207.711 400.954 380.498 321.667
threshold=0 24.829247474670414 1 2 1019.4526977539064 3.0669723749160771 1.6168459653854372 3 3.9022407531738286 82.156093597412124 4 5 1.0994037985801699 6 1.8416984677314761 1.6399580836296084 7 34.371091842651374 33.406402587890632 8 1.2063595056533816 1002.1875000000001 53.783136367797859 2.0400451421737675 1.9506087303161623 0.82511097192764293 3.2191939353942876 1.7576639652252199 -1.0276107788085935 1015.0365600585939
decision_type=9 2 9 9 2 2 2 9 2 2 9 9 2 9 2 2 9 2 2 9 2 2 2 2 2 2 2 2 2 2
left_child=1 3 -3 4 5 -1 7 -4 9 10 -2 -11 13 14 25 18 17 -17 19 -14 24 -22 -23 -24 -18 -12 27 28 -5 -29
right_child=8 2 6 26 -6 -7 -8 -9 -10 11 12 -13 15 -15 -16 16 20 -19 -20 -21 21 22 23 -25 -26 -27 -28 29 -30 -31
leaf_value=-0.014907000765988266 -0.0030127517024948424 0.018273185481696121 0.0068895094479870401 0.017236922182471533 -0.00060743873117369664 -0.046830976675691298 0.0029047707531249132 -0.017747846549620794 0.020083478333853003 0.010995631277609046 0.016491323630420666 0.0012069364935406741 0.00095207860686412544 0.001179977071781646 0.025220042511559366 0.012762470823091952 -0.0043817893837322635 -0.012978153795758098 0.012890901038433109 -0.011363626574201795 -0.00023417209450555203 -0.032355306776759685 0.010942893820948646 -0.019398712413590147 0.022947081201946315 0.0026102095816190542 0.0015767807960654304 -0.018985927474416436 -0.0052432671136450346 0.0004712907369533953
leaf_weight=2639 51295 3725 2186 2324 3062 2276 12318 5766 2244 12681 6039 19096 7401 87595 3658 10866 2153 2299 2121 14555 25340 2329 2366 2038 2502 7028 9405 8342 9717 2848
leaf_count=2639 51295 3725 2186 2324 3062 2276 12318 5766 2244 12681 6039 19096 7401 87595 3658 10866 2153 2299 2121 14555 25340 2329 2366 2038 2502 7028 9405 8342 9717 2848
internal_value=4.01493e-05 -0.00440686 0.000697868 -0.00742335 -0.0185582 -0.0297552 -0.00254711 -0.0109885 0.00113033 0.000966883 0.000391946 0.0051193 0.0013717 0.00300985 0.0125789 -0.000938486 0.00123559 0.00825469 -0.00544231 -0.0072184 -0.00128383 -0.00297178 -0.0132593 -0.00311016 0.0103248 0.00903316 -0.00468975 -0.00722834 -0.000893725 -0.0140378
internal_weight=328214 64608 23995 40613 7977 4915 20270 7952 263606 261362 229585 31777 178290 104320 16725 73970 49893 13165 24077 21956 36728 32073 6733 4404 4655 13067 32636 23231 12041 11190
internal_count=328214 64608 23995 40613 7977 4915 20270 7952 263606 261362 229585 31777 178290 104320 16725 73970 49893 13165 24077 21956 36728 32073 6733 4404 4655 13067 32636 23231 12041 11190
cat_boundaries=0 32 64 96 128 160 186 212 244 276
cat_threshold=0 0 0 0 0 0 0 0 0 0 0 0 0 0 0 0 0 0 2147483648 1 0 0 14 0 0 945 0 0 8144 0 0 52480 0 0 0 0 0 0 0 0 0 0 0 0 0 0 0 0 0 0 0 0 0 0 8 0 0 512 0 0 16 0 0 2304 0 0 0 0 0 0 0 0 0 0 0 0 0 0 0 0 0 0 0 0 0 0 8 0 0 512 0 0 144 0 0 2304 0 0 0 0 0 0 0 0 0 0 0 0 0 0 0 0 0 0 0 0 0 0 2 0 0 384 0 0 2048 0 0 32768 1008 0 0 4096 0 0 65536 0 0 786432 0 0 16842752 0 0 0 0 0 1140850688 0 0 0 49 0 0 6 0 0 8224 0 0 8192 800 0 0 13104 0 0 197120 0 0 8192 0 0 50462720 0 0 201326592 0 0 1073741824 0 0 2147483648 49 0 0 10 0 0 0 128 0 0 2048 0 0 16384 0 0 35389440 0 0 668991488 0 0 939524096 0 0 0 0 0 0 64 8 0 0 128 0 0 2048 0 0 2195456 0 0 40108032 0 0 808452096 0 0 50331648 2 0 0 0 0 0 0 0 0 0 0 0 70144 0 0 0 320 0 0 1024 0 0 3289088 0 0 8519680 0 0 772800512 0 0 0 2 0 1073741824 0 0 0 8 0 0 0 0 0 4096
is_linear=0
shrinkage=0.05


Tree=116
num_leaves=31
num_cat=0
split_feature=3 36 0 37 34 3 36 1 10 37 18 34 40 38 7 19 34 12 13 34 18 15 18 38 27 38 19 38 18 36
split_gain=651.43 428.6 562.649 355.822 370.668 322.237 333.739 520.175 370.827 328.956 373.785 813.348 303.1 286.535 806.717 278.706 290.11 268.894 258.61 255.822 241.846 237.747 229.406 215.69 201.12 698.051 1244.49 649.461 278.718 227.949
threshold=4586.9907226562509 12.481212615966799 32.750000000000007 2.7851791381835942 -5.8727416992187491 334.61912536621099 20.695209503173832 77.250000000000014 0.59076362848281871 -0.093078613281249986 2.315176367759705 -5.6366271972656241 2.1020801067352299 -1.8714020848274229 1.5000000000000002 2.3481167554855351 -2.7997741699218746 1.8860688805580141 2.34155285358429 -7.0813903808593741 2.4102299213409428 3.6224740743637089 1.7511956095695498 -0.6710977554321288 1006.0555419921876 2.4914073944091801 1.4112696051597597 0.10451507568359376 1.6521459221839907 0.0042915344238281259
decision_type=2 2 2 2 2 2 2 2 2 2 2 2 2 2 2 2 2 2 2 2 2 2 2 2 2 2 2 2 2 2
left_child=3 17 -3 5 -5 13 8 12 -7 10 15 -12 -8 14 -1 16 -10 -2 19 -19 -11 -17 23 -18 27 -26 -27 28 -15 -29
right_child=1 2 -4 4 -6 6 7 -9 9 20 11 -13 -14 24 -16 21 22 18 -20 -21 -22 -23 -24 -25 25 26 -28 29 -30 -31
leaf_value=-0.011648531648637064 0.0013741414576790344 -0.0063173062220602946 -0.03863925294473429 -0.0041978289742041026 0.022479968594213962 0.014257830046702067 -0.031491773837137513 -0.0021681888938689842 0.0011817907595023961 -0.00033501182825358016 -0.038718454103249408 -0.0017945360051025584 -0.0089490994899413725 0.00012516034697443015 0.02214474977124371 0.020282448532650366 0.0068848277294912639 -0.025167581528447159 -0.002820172185746666 -0.0072731571628453402 0.0092912440992864703 -0.003346181113337632 -0.023627570404513822 -0.012814358476453867 0.0013668234059107474 0.0081569109231535587 -0.03412698644059961 0.003415666659607896 -0.021582999094965975 0.017010504501818052
leaf_weight=2634 13922 3498 2184 2003 3696 4057 2936 12665 9192 31327 2430 3839 3042 4866 5318 2250 2091 3307 11508 5051 8231 2008 2697 4102 156940 3205 3789 4735 2114 8862
leaf_count=2634 13922 3498 2184 2003 3696 4057 2936 12665 9192 31327 2430 3839 3042 4866 5318 2250 2091 3307 11508 5051 8231 2008 2697 4102 156940 3205 3789 4735 2114 8862
internal_value=-6.89248e-05 -0.00609332 -0.018787 0.000753953 0.0131127 0.00050491 -0.00194899 -0.00791129 -0.000409082 -0.00128395 -0.00536731 -0.0161459 -0.0200547 0.00166351 0.0109506 -0.00233677 -0.00504713 -0.00395374 -0.00768631 -0.014375 0.00166981 0.00915786 -0.0114817 -0.00616276 0.00126268 0.000677664 -0.0147664 0.00592085 -0.00647096 0.0122822
internal_weight=328499 39470 5682 289029 5699 283330 90867 18643 72224 68167 28609 6269 5978 192463 7952 22340 18082 33788 19866 8358 39558 4258 8890 6193 184511 163934 6994 20577 6980 13597
internal_count=328499 39470 5682 289029 5699 283330 90867 18643 72224 68167 28609 6269 5978 192463 7952 22340 18082 33788 19866 8358 39558 4258 8890 6193 184511 163934 6994 20577 6980 13597
is_linear=0
shrinkage=0.05


Tree=117
num_leaves=31
num_cat=0
split_feature=3 38 40 15 32 15 38 38 31 13 33 34 14 40 30 30 14 31 33 18 13 33 33 18 38 41 12 18 16 38
split_gain=605.473 362.224 534.47 896.205 313.712 421.982 919.343 900.988 586.573 323.873 310.87 319.621 286.922 265.739 262.764 258.129 378.582 224.123 228.751 545.31 645.25 235.68 215.268 212.644 229.737 204.122 194.596 279.755 182.354 178.124
threshold=513.46130371093761 -5.1643891334533683 3.2582378387451176 4.3840262889862069 62.590143203735359 2.5496542453765874 3.2433147430419926 -0.34921646118164057 63.308551788330085 2.4624123573303227 29.926272392272953 -10.780914306640623 3.4682786464691167 4.2684557437896737 34.687500000000007 507.56250000000006 2.1104108095169072 86.193004608154311 23.654208183288578 2.102447628974915 1.7980015873908999 27.920063972473148 28.524479866027836 2.419428944587708 0.86737251281738292 33.351724624633796 1.0157784223556521 1.743447005748749 0.70234739780426036 1.8832564353942873
decision_type=2 2 2 2 2 2 2 2 2 2 2 2 2 2 2 2 2 2 2 2 2 2 2 2 2 2 2 2 2 2
left_child=22 -2 3 10 -4 7 8 -6 9 -7 11 14 -8 -9 -3 17 -17 18 23 21 -21 -20 25 24 -13 28 -26 -28 -1 -30
right_child=1 2 4 -5 5 6 12 13 -10 -11 -12 15 -14 -15 -16 16 -18 -19 19 20 -22 -23 -24 -25 26 -27 27 -29 29 -31
leaf_value=-0.00012363204631496248 -0.01912253527128982 -0.0055492141620841536 0.017789816389759388 -0.034923143108583576 -0.010603833115695183 0.00021718588690136794 -0.02743364305668395 0.014184395689277984 -0.015692438213403666 0.02366511394963287 -0.021490294000786413 -0.00039588614826511614 -0.0048701451918092597 0.037812838355094171 -0.028160800017128243 -0.0047176103923504522 -0.028158155429577683 0.0092500895617822539 0.00017068179725814958 0.00038515481773265109 0.03526546065655313 -0.013846583660818491 0.016570761064704839 -0.01935723957932229 0.0022482438239353406 -0.012227060525411495 -0.026953020511432113 -0.0052626834681092447 0.0038816838331800427 -0.00082263230824606247
leaf_weight=98299 3411 3096 3409 2354 3060 2375 3620 2932 2108 3867 2365 16909 2311 2017 2194 8930 2126 4946 18414 3033 2346 3572 2317 2372 2159 2751 2748 3238 88481 26040
leaf_count=98299 3411 3096 3409 2354 3060 2375 3620 2932 2108 3867 2365 16909 2311 2017 2194 8930 2126 4946 18414 3033 2346 3572 2317 2372 2159 2751 2748 3238 88481 26040
internal_value=-8.19098e-05 -0.00310732 -0.00259264 -0.00459009 0.00368704 0.00152317 -0.00362863 0.0107025 0.00706113 0.0147581 -0.00367555 -0.00311903 -0.0186648 0.0238712 -0.0149627 -0.00223203 -0.00924645 -0.000932483 -0.00185319 0.00138095 0.0156351 -0.00211192 0.00144431 -0.00507946 -0.00372052 0.00128096 -0.0106135 -0.0152484 0.00145614 0.00281203
internal_weight=327800 109912 106501 80802 25699 22290 14281 8009 8350 6242 78448 76083 5931 4949 5290 70793 11056 59737 54791 27365 5379 21986 217888 27426 25054 215571 8145 5986 212820 114521
internal_count=327800 109912 106501 80802 25699 22290 14281 8009 8350 6242 78448 76083 5931 4949 5290 70793 11056 59737 54791 27365 5379 21986 217888 27426 25054 215571 8145 5986 212820 114521
is_linear=0
shrinkage=0.05


Tree=118
num_leaves=31
num_cat=9
split_feature=3 31 5 10 14 34 5 14 34 5 31 38 33 5 40 34 5 5 38 19 19 15 5 33 10 5 31 5 10 33
split_gain=507.561 359.477 436.117 339.967 381.522 631.178 282.605 263.671 246.661 201.778 228.321 396.012 336.798 388.807 205.602 446.574 839.664 397.559 359.529 675.927 656.452 330.342 348.924 283.25 225.232 468.306 439.876 321.204 309.744 277.558
threshold=4600.3168945312509 57.540939331054695 0 4.6954541206359872 4.0397102832794198 -3.5706481933593746 1 3.1375774145126347 -1.0950622558593748 2 60.583564758300788 2.441304206848145 24.786240577697757 3 2.5502910614013676 -7.5357971191406241 4 5 2.3951103687286381 2.0612000226974492 1.564184904098511 2.7489575147628789 6 22.605887413024906 1.2885216474533083 7 72.046371459960952 8 2.2929307222366337 23.587008476257328
decision_type=2 2 9 2 2 2 9 2 2 9 2 2 2 9 2 2 9 9 2 2 2 2 9 2 2 9 2 9 2 2
left_child=3 -2 8 4 6 -6 -1 -4 -3 10 12 -12 13 -8 15 16 -11 18 20 -20 -16 22 23 -17 25 -24 27 -26 29 -29
right_child=1 2 7 -5 5 -7 9 -9 -10 14 11 -13 -14 -15 17 21 -18 -19 19 -21 -22 -23 24 -25 26 -27 -28 28 -30 -31
leaf_value=0.017702507924842816 -0.0018737303604971015 -0.030222257725661367 0.001544122708406117 0.020967774209114973 -0.034528482819172333 0.0028668067847106263 -0.02462063745837503 -0.019395917792161578 -0.0083615655773076492 -0.034985560855505818 -0.00090767033749971889 0.019538669047901261 0.0021853930161670611 -0.0050496062130194197 -0.0016535040708475794 -0.026783397113155766 0.0037550429985992611 0.0004241616948191962 0.014250969413524248 -0.015954166333397368 0.033565951212325543 0.017288255009239219 0.010385148306039736 -0.0015032202255876291 -0.014788329269099933 0.0010961581518985823 0.011765254641365942 -0.011979380970366696 0.016297855079886174 0.0019166436815045121
leaf_weight=2440 25419 3668 5522 2053 2019 2539 3851 2055 2003 2444 50787 2474 7003 7440 2055 2000 3233 19904 5954 2677 3700 3135 15310 2472 6663 118190 4354 6559 2060 7928
leaf_count=2440 25419 3668 5522 2053 2019 2539 3851 2055 2003 2444 50787 2474 7003 7440 2055 2000 3233 19904 5954 2677 3700 3135 15310 2472 6663 118190 4354 6559 2060 7928
internal_value=2.36131e-05 -0.00535582 -0.0120305 0.000742911 0.000597608 -0.013737 0.000829259 -0.00414775 -0.0224898 0.00068104 -0.00160983 4.55618e-05 -0.00642758 -0.0117668 0.0014668 0.000770652 -0.0130102 0.00500554 0.0113313 0.00487489 0.0210087 0.00123522 0.000930177 -0.0128151 0.00131331 0.00216299 -0.00280077 -0.00553713 -0.00179524 -0.00437872
internal_weight=327911 38667 13248 289244 287191 4558 282633 7577 5671 280193 71555 53261 18294 11291 208638 174348 5677 34290 14386 8631 5755 168671 165536 4472 161064 133500 27564 23210 16547 14487
internal_count=327911 38667 13248 289244 287191 4558 282633 7577 5671 280193 71555 53261 18294 11291 208638 174348 5677 34290 14386 8631 5755 168671 165536 4472 161064 133500 27564 23210 16547 14487
cat_boundaries=0 29 61 93 125 157 189 221 253 269
cat_threshold=0 0 0 0 0 0 0 0 0 0 0 0 0 0 0 0 0 0 0 0 0 0 0 0 0 224 0 0 8128 0 0 0 0 0 0 0 0 0 0 0 0 0 0 0 0 0 0 0 0 0 0 4 0 0 0 0 0 384 0 0 6144 464 0 0 0 0 0 0 0 0 786432 0 0 16973824 0 0 268435456 0 0 3825205248 1 0 0 35 0 0 784 0 0 6768 0 0 50944 0 0 0 0 0 0 0 0 0 0 0 0 0 0 0 0 0 0 536870912 0 0 0 35 0 0 512 0 0 48 0 0 1792 0 0 0 0 0 0 3072 0 0 98304 0 0 524288 0 0 12582912 0 0 167772160 0 0 3758096384 0 0 0 7 0 0 0 0 0 8192 8 0 0 64 0 0 4096 0 0 229376 0 0 7864320 0 0 1048576 0 0 33554432 0 0 805306368 24 0 0 47 0 0 0 0 0 8192 0 0 0 0 0 0 0 0 0 0 0 0 0 0 0 0 0 0 0 0 0 805306368 0 0 0 35 0 0 0 0 0 65536 0 0 0 128 0 0 2048 0 0 0 0 0 35389440 0 0 130023424 0 0 436207616 0 0 0 0 0 0 64 0 0 0 0 0 8192 8 0 0 192 0 0 6144 0 0 147456 0 0 38010880 0 0 117440512
is_linear=0
shrinkage=0.05


Tree=119
num_leaves=31
num_cat=11
split_feature=5 29 14 5 27 37 5 38 8 27 5 19 14 27 5 31 29 5 5 38 5 14 16 27 41 30 5 38 27 5
split_gain=472.941 295.402 548.264 303.28 291.297 252.118 214.36 281.415 1672.81 547.728 409.573 373.745 517.675 213.004 261.58 212.561 361.263 1079.73 388.542 379.518 313.681 275.855 644.616 371.025 652.881 480.317 456.493 355.991 400.549 267.925
threshold=0 0.73760604858398449 4.2215116024017343 1 1021.6861572265626 -0.99689102172851551 2 -1.1087484359741209 3 1024.4522705078127 4 3.1564389467239384 2.6373369693756108 1008.8809509277345 5 83.444648742675795 0.67070770263671886 6 7 -1.3704795241355894 8 1.9797964692115786 1.7659636139869692 1006.7973632812501 32.533596038818366 1091.8125000000002 9 1.8832564353942873 1007.6433410644532 10
decision_type=9 2 2 9 2 2 9 2 1 2 9 2 2 2 9 2 2 9 9 2 9 2 2 2 2 2 9 2 2 9
left_child=1 6 3 -3 5 -5 -1 8 9 10 -8 12 -9 -14 -15 16 18 -18 19 -2 -19 22 -20 24 26 -25 -23 -24 -29 -17
right_child=15 2 -4 4 -6 -7 7 11 -10 -11 -12 -13 13 14 -16 29 17 20 21 -21 -22 23 27 25 -26 -27 -28 28 -30 -31
leaf_value=-0.0061503683963878668 0.023317840595253929 -0.013870946419957786 -0.030316850519896979 0.0071859775300435122 0.014415079972840517 -0.0092619818710119907 0.015586546179784609 -0.0020139063723364206 -0.035485184790663107 0.029742592328381529 -0.013458988827052369 -0.012642508874517469 -0.00071474755761079505 0.031437578773644337 0.011877590212298237 0.011354811105214489 -0.017142243148972152 0.013669572716512599 -0.00018511812546876709 0.0044253023607358942 -0.00093414361808130415 0.019136558676163512 0.014115169591586221 -0.0043900356291720179 -0.01819649574868356 -0.024262846084979937 -0.00023960032873899425 0.016024498246458796 -0.012587522237213697 0.00034632082412368792
leaf_weight=16115 2854 7223 2497 3246 2437 8190 2087 9747 3270 2013 2843 2973 2011 2376 6240 10620 10995 4345 98358 37169 23322 4930 13696 17360 3131 3678 7885 2005 3103 11516
leaf_count=16115 2854 7223 2497 3246 2437 8190 2087 9747 3270 2013 2843 2973 2011 2376 6240 10620 10995 4345 98358 37169 23322 4930 13696 17360 3131 3678 7885 2005 3103 11516
internal_value=-6.26609e-05 -0.00360261 -0.00820864 -0.00557871 -0.00124358 -0.00459119 -0.0014145 0.000862328 -0.00605638 0.00783504 -0.00115227 0.00389054 0.00630808 0.0139357 0.017352 0.000954793 0.000509572 -0.00390357 0.00138845 0.00577656 0.00136753 0.000248418 0.00143684 -0.00351569 0.00223594 -0.00787421 0.00723836 0.00991639 -0.00134732 0.0056358
internal_weight=328235 73268 23593 21096 13873 11436 49675 33560 10213 6943 4930 23347 20374 10627 8616 254967 232831 38662 194169 40023 27667 154146 117162 36984 15946 21038 12815 18804 5108 22136
internal_count=328235 73268 23593 21096 13873 11436 49675 33560 10213 6943 4930 23347 20374 10627 8616 254967 232831 38662 194169 40023 27667 154146 117162 36984 15946 21038 12815 18804 5108 22136
cat_boundaries=0 32 64 93 94 126 158 190 222 254 273 299
cat_threshold=0 0 0 0 0 0 0 0 0 0 0 0 0 0 0 0 0 0 2147483648 1 0 0 14 0 0 1009 0 0 16368 0 0 50432 0 0 0 0 0 0 0 0 0 0 0 0 0 0 0 0 0 0 0 1 0 0 12 0 0 641 0 0 144 0 0 49408 0 0 0 0 0 0 0 0 0 0 0 0 0 0 0 0 0 0 0 0 0 0 2 0 0 48 0 0 1248 2 0 0 0 0 0 0 0 0 0 0 0 0 0 0 0 0 0 0 2147483648 1 0 0 12 0 0 512 0 0 768 0 0 32768 0 0 0 0 0 0 0 0 0 0 0 0 0 0 0 0 0 0 0 0 0 0 8 0 0 513 0 0 8192 0 0 33024 0 0 0 0 0 0 55296 0 0 3915776 0 0 58720256 0 0 0 0 0 1073741824 2 0 3758096384 49 0 0 6 0 0 0 0 0 14336 0 0 0 32 0 0 39936 0 0 3784704 0 0 33554432 0 0 0 0 0 0 0 0 1610612736 0 0 0 2 0 0 0 0 0 14336 0 0 0 144 0 0 768 0 0 0 0 0 3866624 0 0 866123776 0 0 553648128 0 0 0 0 0 0 0 0 0 0 0 0 512 0 0 0 0 0 0 0 0 0 0 0 0 6422528 0 0 640679936 0 0 570425344 818 0 0 13088 0 0 205312 0 0 262144 0 0 50462720 0 0 201326592 0 0 1073741824 0 0 2147483648 49 0 0 8
is_linear=0
shrinkage=0.05


Tree=120
num_leaves=31
num_cat=1
split_feature=3 31 28 42 40 34 0 10 38 10 36 14 25 28 33 34 14 10 10 21 20 28 17 40 42 38 34 20 8 18
split_gain=489.492 396.959 330.666 378.676 247.223 911.65 483.165 403.99 324.025 437.188 327.811 209.111 187.135 272.109 256.848 337.639 261.358 252.557 245.922 230.586 175.5 174.741 223.372 500.567 217.562 190.661 982.581 658.986 494.685 369.698
threshold=4586.9907226562509 59.41011047363282 1010.8540649414064 -7.5612640380859366 4.4505355358123788 -10.488739013671873 27.250000000000004 2.3137055635452275 -4.254535198211669 3.7535891532897954 2.3617744445800786 2.6812571287155156 1.1924480199813845 1017.0496826171876 13.929408073425295 -3.0863952636718746 1.479935944080353 3.2698310613632207 1.4260955452919009 2.3430382013320927 2.3771407604217534 1008.1140747070314 2.489892959594727 1.649162292480469 30.302539825439457 -0.50349330902099598 -5.1956787109374991 1.6282235980033877 0 2.0325124263763432
decision_type=2 2 2 2 2 2 2 2 2 2 2 2 2 2 2 2 2 2 2 2 2 2 2 2 2 2 2 2 1 2
left_child=4 -2 -3 -4 5 7 -6 -1 -8 10 -10 -5 14 17 -7 -16 -17 21 -18 -15 -20 22 25 -24 -23 26 27 -14 -28 -27
right_child=1 2 3 11 6 12 8 -9 9 -11 -12 -13 13 19 15 16 18 -19 20 -21 -22 24 23 -25 -26 29 28 -29 -30 -31
leaf_value=-0.0072264147633704151 -0.0018151916599182132 -0.029995549879666086 -0.017440539837665078 0.010879947825570231 -0.012769468430980868 0.0089850547724100917 -0.0016806033584731825 -0.038902367918949327 -0.0034149210423192015 0.036042206749115804 0.022790647171581368 -0.010250553037649997 -0.0075812804307151399 0.0017134796238473153 0.0028413402417107074 -0.00025575699524393213 -0.024856827047966604 -0.015853803793016381 -0.0017213634874617548 0.025393979916505743 -0.019924336389337018 -9.5734999489687604e-05 0.028039292087950998 0.0027242098045646861 -0.016251461776191203 0.0016459466327146178 -0.0070053081144536705 -0.040168676526949651 0.010612111418306574 0.011767376894937398
leaf_weight=2000 26685 2230 5737 2669 2348 3601 2894 2028 2419 2298 2341 2070 5047 2005 7919 4569 3701 2217 3662 2103 2066 107673 2655 7316 2115 86085 6220 2234 11050 10069
leaf_count=2000 26685 2230 5737 2669 2348 3601 2894 2028 2419 2298 2341 2070 5047 2005 7919 4569 3701 2217 3662 2103 2066 107673 2655 7316 2115 86085 6220 2234 11050 10069
internal_value=-5.27371e-05 -0.00528035 -0.0125507 -0.00881218 0.000660851 0.000351991 0.00759387 -0.0232313 0.0124062 0.0181765 0.00949391 0.00164797 0.000701679 0.0011232 -0.00337373 -0.00540747 -0.0100727 0.000906888 -0.0148244 0.0138684 -0.00831017 0.00106207 0.00229744 0.00948625 -0.000408417 0.00170286 -0.00222915 -0.0176213 0.0042666 0.00270695
internal_weight=328026 39391 12706 10476 288635 276335 12300 4028 9952 7058 4760 4739 272307 246789 25518 21917 13998 242681 9429 4108 5728 240464 130676 9971 109788 120705 24551 7281 17270 96154
internal_count=328026 39391 12706 10476 288635 276335 12300 4028 9952 7058 4760 4739 272307 246789 25518 21917 13998 242681 9429 4108 5728 240464 130676 9971 109788 120705 24551 7281 17270 96154
cat_boundaries=0 1
cat_threshold=4
is_linear=0
shrinkage=0.05


Tree=121
num_leaves=31
num_cat=0
split_feature=44 16 10 10 36 14 25 27 36 31 24 30 14 27 18 37 12 19 26 31 10 19 16 30 7 37 14 10 18 27
split_gain=484.986 417.21 350.47 318.673 496.149 414.943 331.75 279.465 276.249 194.749 311.301 284.669 581.187 506.227 514.464 366.627 425.665 474.363 419.789 351.18 349.939 329.497 297.839 279.026 250.54 829.035 229.013 228.535 298.781 276.757
threshold=-9.2434720993041974 4.5943403244018564 4.0984487533569345 2.5444482564926152 1.9068718552589419 2.5619630813598637 1.2300934791564944 1020.7528686523439 7.0309641361236581 82.45676422119142 28.742965698242191 1024.4375000000002 1.5261045694351199 1006.2208557128907 2.0243325233459477 -0.30221939086914057 2.5477242469787602 1.9909957051277163 4.9223034381866464 69.028232574462905 1.987463712692261 1.6159074306488039 1.2237150669097903 1.8125000000000002 2.5000000000000004 -1.6379356384277342 2.6176961660385136 0.76003992557525646 0.58574226498603832 1006.7973632812501
decision_type=2 2 2 2 2 2 2 2 2 2 2 2 2 2 2 2 2 2 2 2 2 2 2 2 2 2 2 2 2 2
left_child=3 2 9 5 -5 -1 -6 -7 -8 10 24 15 22 14 20 16 17 -12 26 21 -14 -15 -13 -20 -2 -26 27 28 -17 -29
right_child=1 -3 -4 4 6 7 8 -9 -10 -11 11 12 13 19 -16 18 -18 -19 23 -21 -22 -23 -24 -25 25 -27 -28 29 -30 -31
leaf_value=-0.014847118032158614 -0.0036151982288549476 -0.015864195375242886 0.019019653570348998 0.0076290842409180853 -0.0024373554626489734 0.018203730812469936 -0.017522825417819007 -0.0045388210140661382 -0.040120257238013657 0.0041543282699310477 -0.00190225126561563 0.00051953276738564251 0.016193709141305662 -0.014593053456966439 -0.020592393687939418 0.0029243767055455068 0.018841874293112192 -0.026628332974092984 -0.017799287703207579 -0.006043747024040729 -0.0090085947366769815 -0.040832440731840419 0.014070842463350823 0.00052457465863520549 0.027609561052719875 -0.00072807197297095787 0.019317092429245338 0.01243183744368782 0.016677766905140258 0.0019275281671998286
leaf_weight=3178 73509 3832 2583 2203 2228 2961 4166 2471 2017 33490 18228 43653 3950 2707 2233 6759 2143 2161 2636 3827 2104 2160 4460 9668 2789 33131 3397 7754 9505 32626
leaf_count=3178 73509 3832 2583 2203 2228 2961 4166 2471 2017 33490 18228 43653 3950 2707 2233 6759 2143 2161 2636 3827 2104 2160 4460 9668 2789 33131 3397 7754 9505 32626
internal_value=3.07998e-05 0.000509836 0.000715752 -0.00767292 -0.0134667 -0.000523218 -0.0189946 0.00786888 -0.0249474 0.000559036 0.000111956 0.00151767 -0.00102867 -0.00897837 -0.00013328 0.0032646 -0.002304 -0.0045347 0.00499903 -0.0173995 0.00743452 -0.0262981 0.00177838 -0.00341238 -0.00194296 0.00147927 0.00672304 0.00596448 0.0109674 0.0039472
internal_weight=328529 309305 305473 19224 10614 8610 8411 5432 6183 302890 269400 159971 65094 16981 8287 94877 22532 20389 72345 8694 6054 4867 48113 12304 109429 35920 60041 56644 16264 40380
internal_count=328529 309305 305473 19224 10614 8610 8411 5432 6183 302890 269400 159971 65094 16981 8287 94877 22532 20389 72345 8694 6054 4867 48113 12304 109429 35920 60041 56644 16264 40380
is_linear=0
shrinkage=0.05


Tree=122
num_leaves=31
num_cat=9
split_feature=34 5 33 29 5 5 38 19 41 33 5 5 5 25 43 38 34 5 7 38 13 5 11 19 36 17 29 33 5 38
split_gain=404.112 854.463 361.136 360.471 937.804 573.812 481.253 480.888 397.85 453.349 402.562 369.108 346.723 294.017 288.458 252.027 240.83 271.096 233.98 414.147 233.056 591.866 295.498 231.925 229.971 211.555 195.487 185.065 183.527 257.029
threshold=-10.780914306640623 0 30.41452789306641 0.0058403015136718759 1 2 -4.6435494422912589 2.1824355125427251 32.157556533813484 25.095359802246097 3 4 5 5.0063583850860605 32.597969055175788 2.9524796009063725 -7.7964172363281241 6 1.5000000000000002 0.28573703765869146 2.1801105737686162 7 2.1526679992675786 2.3524290323257451 3.0713081359863286 2.5110876560211186 0.96000289916992199 21.103680610656742 8 1.397213935852051
decision_type=2 9 2 2 9 9 2 2 2 2 9 9 9 2 2 2 2 9 2 2 2 9 2 2 2 2 2 2 9 2
left_child=1 23 3 4 7 6 -5 18 9 11 15 -8 -6 -14 16 25 17 -7 19 -2 22 27 28 -1 -25 -11 -13 -22 29 -18
right_child=2 -3 -4 5 12 14 8 -9 -10 10 -12 26 13 -15 -16 -17 20 -19 -20 -21 21 -23 -24 24 -26 -27 -28 -29 -30 -31
leaf_value=0.0088415249932984937 -0.014122578552654459 -0.029037120525770073 -0.018595280916387368 -0.026364186607889646 -0.019351271151255442 -0.020893333128818928 -0.01177310671023616 0.036525435989773786 -0.021921047157510754 0.010578587727714988 -0.0025015061188882904 -0.00044240447590940279 0.0043984908130368519 -0.00872873350176071 0.011293707352021521 -0.00040673868923679082 -0.00024269252121952926 0.0012090102603136942 0.017309682412202418 0.015533694165584653 0.010719302936665592 0.018074155394799795 -0.017897130073644376 -0.020025895048462406 0.0037506334912490984 0.031214865429938628 -0.016424766188848292 -0.0052130000940967839 0.0018487086481322687 -0.0099261479901702997
leaf_weight=3872 2047 3668 2488 2380 2266 2674 14892 2258 2780 3072 10098 22517 16878 5697 6700 2476 51146 2864 6748 2743 2426 6758 2139 2042 2011 2094 2081 7230 123491 7903
leaf_count=3872 2047 3668 2488 2380 2266 2674 14892 2258 2780 3072 10098 22517 16878 5697 6700 2476 51146 2864 6748 2743 2426 6758 2139 2042 2011 2094 2081 7230 123491 7903
internal_value=5.23976e-06 -0.00915963 0.000340849 0.000491307 0.00501365 -0.000142571 -0.00435961 0.0154555 -0.00348338 -0.00258408 0.00405397 -0.00556635 -0.000795228 0.00108284 0.00109103 0.0126949 0.000759728 -0.00951692 0.0113174 0.00285711 0.0010432 0.0067509 0.000535571 0.000101912 -0.00824836 0.0189875 -0.00179991 -0.00120193 0.000752534 -0.00153991
internal_weight=328439 11593 316846 314358 38637 275721 62390 13796 60010 57230 17740 39490 24841 22575 213331 7642 206631 5538 11538 4790 201093 16414 184679 7925 4053 5166 24598 9656 182540 59049
internal_count=328439 11593 316846 314358 38637 275721 62390 13796 60010 57230 17740 39490 24841 22575 213331 7642 206631 5538 11538 4790 201093 16414 184679 7925 4053 5166 24598 9656 182540 59049
cat_boundaries=0 32 64 96 128 160 192 224 253 285
cat_threshold=0 0 0 0 0 0 0 0 0 0 0 0 0 0 0 0 0 0 469762048 0 0 1073741824 4 0 0 1006 0 0 15936 0 0 33024 0 0 0 0 0 0 0 0 0 81920 0 0 786432 0 0 14680064 0 0 1207959552 0 0 4026531840 12 0 0 113 0 0 13296 0 0 55296 0 0 0 0 0 0 0 0 0 0 0 0 393216 0 0 14680064 0 0 3422552064 1 0 1879048192 14 0 0 914 0 0 14352 0 0 50944 0 0 0 0 0 0 0 0 0 0 0 0 0 0 0 6291456 0 0 201326592 0 0 1073741824 8 0 0 642 0 0 16 0 0 256 0 0 0 0 0 0 0 0 0 0 0 0 393216 0 0 0 0 0 134217728 0 0 1879048192 6 0 0 2 0 0 4112 0 0 33024 0 0 0 2176 0 0 104448 0 0 0 0 0 4194304 0 0 335544320 0 0 2147483648 3 0 0 50 0 0 768 0 0 3072 0 0 1280 0 0 0 0 0 0 2048 0 0 114688 0 0 1572864 0 0 0 0 0 268435456 2 0 2147483648 0 0 0 4 0 0 992 0 0 10240 0 0 0 0 0 0 2048 0 0 32768 0 0 3670016 0 0 117440512 0 0 553648128 0 0 0 0 0 0 108 0 0 1248 474 0 0 0 0 0 0 0 0 802816 0 0 53018624 0 0 17825792 0 0 285212672 2 0 2147483648 49 0 0 97 0 0 64 0 0 2048
is_linear=0
shrinkage=0.05


Tree=123
num_leaves=31
num_cat=0
split_feature=29 34 0 39 33 32 23 27 32 10 24 20 33 25 18 33 0 17 34 34 11 38 18 18 12 34 17 38 12 33
split_gain=401.557 668.917 497.544 869.627 423.976 414.338 895.186 320.907 278.513 275.416 497.125 245.639 228.695 211.615 306.333 211.518 325.417 399.048 309.316 250.125 270.646 237.782 660.992 318.237 513.752 474.034 498.144 447.321 636.108 408.989
threshold=0.73760604858398449 -6.7456054687499991 34.250000000000007 1.2508171796798708 30.41452789306641 89.374919891357436 -6.5777130126953116 1009.9928283691407 1756.7613525390627 4.3484816551208505 -4.0119323730468741 2.8974550962448125 12.964416027069094 1.1924480199813845 2.930805087089539 20.404031753540043 28.250000000000004 2.2759640216827397 4.3977966308593759 -0.74972534179687489 2.4511129856109624 -0.97906303405761708 2.0325124263763432 2.419428944587708 2.0608279705047612 -5.3731384277343741 2.1080839633941655 3.5194144248962407 2.0231338739395146 25.762368202209476
decision_type=2 2 2 2 2 2 2 2 2 2 2 2 2 2 2 2 2 2 2 2 2 2 2 2 2 2 2 2 2 2
left_child=4 2 7 -4 8 -3 -7 -2 9 12 -11 -8 -1 -14 15 16 -15 -18 19 21 -21 22 -17 24 25 26 -23 28 -25 -26
right_child=1 5 3 -5 -6 6 11 -9 -10 10 -12 -13 13 14 -16 18 17 -19 -20 20 -22 23 -24 27 29 -27 -28 -29 -30 -31
leaf_value=0.016771962028512423 -0.016088961185761218 0.016739801674138688 -0.047805465738561946 -0.0058067596936017853 -0.020095154600009414 -0.0252867854398964 -0.001185888037305711 0.0059188675635783155 -0.009452855121499645 -0.0024245208197965101 0.031567152036900269 0.016283858158819116 -0.004282888547488632 0.0075325410385441525 0.020069210906128392 0.0022684424917798407 -0.021295464211915513 0.0061460741488098634 0.01546682996516535 -0.0031847438176204109 0.01299758796618207 0.0051972061290171479 -0.022035868469884451 0.0036475843373022878 -0.014417174158902746 0.001207073615524526 0.024576048882085991 -0.0053010383198060064 0.036291522821263709 0.0022585882560354903
leaf_weight=2290 3415 3025 2414 2514 2385 3902 48635 3200 6162 2247 2051 2089 18012 24437 2154 9666 2378 2968 3410 55580 2700 12187 3926 3165 8405 78160 4550 2744 2818 6526
leaf_count=2290 3415 3025 2414 2514 2385 3902 48635 3200 6162 2247 2051 2089 18012 24437 2154 9666 2378 2968 3410 55580 2700 12187 3926 3165 8405 78160 4550 2744 2818 6526
internal_value=-5.96306e-05 -0.00344295 -0.0144241 -0.0264351 0.000844626 -0.00124216 -0.00224082 -0.00544983 0.00104008 0.00129869 0.0138319 -0.000463352 0.00107923 0.000931137 0.00134728 0.00116605 0.00508836 -0.0060774 0.000563158 0.000295478 -0.00243295 0.00149887 -0.00476281 0.0022171 0.00148633 0.00284293 0.0104769 0.0114014 0.0190578 -0.00713194
internal_weight=328115 69194 11543 4928 258921 57651 54626 6615 256536 250374 4298 50724 246076 243786 225774 223620 29783 5346 193837 190427 58280 132147 13592 118555 109828 94897 16737 8727 5983 14931
internal_count=328115 69194 11543 4928 258921 57651 54626 6615 256536 250374 4298 50724 246076 243786 225774 223620 29783 5346 193837 190427 58280 132147 13592 118555 109828 94897 16737 8727 5983 14931
is_linear=0
shrinkage=0.05


Tree=124
num_leaves=31
num_cat=8
split_feature=3 38 7 5 39 11 5 5 34 5 7 38 38 31 27 5 31 10 10 33 41 41 5 35 21 13 5 35 39 5
split_gain=396.424 337.855 3474.28 1079.93 483.511 729.078 617.206 397.632 416.224 529.029 397.629 961.046 322.171 237.525 425.793 376.793 246.701 255.628 227.362 210.621 364.628 266.343 288.829 208.989 260.957 173.837 237.79 182.765 173.273 172.306
threshold=334.61912536621099 -3.6363580226898189 1.5000000000000002 0 1.5553281307220461 4.140345811843873 1 2 -6.8556518554687491 3 1.5000000000000002 3.6215333938598637 -2.9372692108154292 38.300514221191413 1006.0555419921876 4 86.911682128906264 0.5631890892982484 2.4075386524200444 28.524479866027836 33.098413467407234 31.182805061340336 5 0.025272369384765628 1.9300199151039126 2.5278443098068242 6 7.6394081115722665 1.8681939244270327 7
decision_type=2 2 2 9 2 2 9 9 2 9 2 2 2 2 2 9 2 2 2 2 2 2 9 2 2 2 9 2 2 9
left_child=12 2 -2 -4 5 7 28 8 9 -3 -8 -12 -1 14 -9 -16 17 -15 23 20 21 -14 -23 24 -10 26 -19 -28 -6 -27
right_child=1 4 3 -5 6 -7 10 13 18 -11 11 -13 19 16 15 -17 -18 25 -20 -21 -22 22 -24 -25 -26 29 27 -29 -30 -31
leaf_value=0.018156237906797022 -0.063977297790892992 -0.0061562568594727366 -0.018698393771910109 0.0268034829533162 0.011350281354019984 -0.029678068033952423 0.014833152998755214 -0.015158599238665438 -0.0057749671346927663 -0.036122735001468599 0.014745238024407853 -0.025435223334280468 0.00074996355918525363 0.011918952384785738 -0.0004836711364692547 0.013074387725348968 0.0092178899691844549 -0.0097928392977887739 0.006642996893801884 0.016854709878884558 -0.019017608022943621 0.017975539152868848 0.0023549862043113481 -0.0030479771419810366 -0.02765094701223085 0.015044505831088901 -0.0008042273346894899 -0.016408301763475734 0.029538460456718808 -0.0037696233495052387
leaf_weight=2831 2277 3666 2099 3379 2549 2415 2761 2509 3611 2464 2617 3425 173908 2766 9782 10750 4635 14935 4304 2113 2234 4752 7829 16722 2187 2319 25455 2016 2727 2527
leaf_count=2831 2277 3666 2099 3379 2549 2415 2761 2509 3611 2464 2617 3425 173908 2766 9782 10750 4635 14935 4304 2113 2234 4752 7829 16722 2187 2319 25455 2016 2727 2527
internal_value=-6.92739e-06 -0.00208781 -0.0122129 0.00938104 -0.00146933 -0.00255754 0.00726528 -0.00196298 -0.00656341 -0.0183096 -0.000853631 -0.00803606 0.00144253 -1.02569e-05 0.00424648 0.006624 -0.00180529 -0.00282841 -0.00387572 0.00119365 0.00101742 0.00125843 0.0082808 -0.00588811 -0.01406 -0.00369402 -0.00471932 -0.0019542 0.02075 0.00526933
internal_weight=328564 134897 7755 5478 127142 113063 14079 110648 32954 6130 8803 6042 193667 77694 23041 20532 54653 50018 26824 190836 188723 186489 12581 22520 5798 47252 42406 27471 5276 4846
internal_count=328564 134897 7755 5478 127142 113063 14079 110648 32954 6130 8803 6042 193667 77694 23041 20532 54653 50018 26824 190836 188723 186489 12581 22520 5798 47252 42406 27471 5276 4846
cat_boundaries=0 32 64 96 128 160 186 218 250
cat_threshold=0 0 0 0 0 0 2048 0 0 0 0 0 0 0 0 62914560 0 0 67108864 0 0 0 11 0 0 960 0 0 3072 0 0 5632 0 0 0 0 0 0 0 0 0 0 0 0 0 0 0 8388608 0 0 1207959552 0 0 0 0 0 0 517 0 0 10336 0 0 48896 24 0 0 192 0 0 0 0 0 2293760 0 0 2228224 0 0 69206016 0 0 1778384896 0 0 268435456 2 0 0 23 0 0 8944 0 0 36608 0 0 0 0 0 0 0 0 0 0 0 0 2097152 0 0 2097152 0 0 0 0 0 0 2 0 0 17 0 0 8384 0 0 32768 0 0 0 0 0 0 2048 0 0 49152 0 0 1572864 0 0 50331648 0 0 0 0 0 0 21 0 0 808 0 0 4096 0 0 65536 8 0 0 0 0 0 2048 0 0 0 0 0 3407872 0 0 50331648 0 0 570425344 0 0 805306368 0 0 0 2 0 0 0 0 0 0 0 0 0 8192 0 0 17039360 0 0 12582912 0 0 67108864 0 0 0 52 0 0 480 0 0 5376 0 0 90112 0 0 0 0 0 0 0 0 0 0 0 0 33554432 0 0 817889280 0 0 0 2 0 2147483648 32 0 0 936 0 0 256 0 0 69632
is_linear=0
shrinkage=0.05


Tree=125
num_leaves=31
num_cat=0
split_feature=34 39 1 33 38 13 11 36 38 1 7 0 14 0 11 29 22 33 14 41 17 22 15 38 36 7 34 38 7 38
split_gain=361.474 542.655 572.522 361.141 325.138 337.347 654.37 482.683 362.894 556.273 360.898 319.531 293.066 267.741 256.929 237.46 237.419 236.22 230.582 514.447 435.628 426.537 304.645 490.757 263.498 562.797 823.678 495.573 683.743 445.453
threshold=-10.780914306640623 1.7440104484558108 82.250000000000014 30.41452789306641 -6.019944190979003 2.2311520576477055 2.3907901048660283 16.558170318603519 2.9524796009063725 75.250000000000014 2.5000000000000004 30.750000000000004 2.3694584369659428 33.250000000000007 3.7850846052169804 0.72808456420898449 0.012874603271484377 24.425663948059086 1.7550639510154726 30.910296440124515 1.7188491225242617 2.0670890808105473 2.5061572790145878 1.1055202484130862 3.8781167268753056 2.5000000000000004 2.1512145996093754 -0.44904136657714838 1.5000000000000002 -0.061764717102050774
decision_type=2 2 2 2 2 2 2 2 2 2 2 2 2 2 2 2 2 2 2 2 2 2 2 2 2 2 2 2 2 2
left_child=1 2 -1 4 -2 6 18 8 9 12 -10 -9 -7 17 16 -4 -15 -11 19 -6 -21 24 23 -23 25 29 -27 28 -26 -20
right_child=3 -3 15 -5 5 7 -8 11 10 13 -12 -13 -14 14 -16 -17 -18 -19 21 20 -22 22 -24 -25 27 26 -28 -29 -30 -31
leaf_value=-0.038588002378883157 -0.017238870095081973 0.0085624807991359197 -7.0831888044995626e-05 -0.018417670849167386 0.00054308007213184578 0.0094708351936229375 -0.027261236741236924 0.0047360616485804929 0.011378717404117202 -0.0042504575184347613 -0.015878342368183626 -0.016749547219387262 0.033602543313229198 0.030110159993067077 -0.0013582749329508587 -0.019825635738961751 0.010324565756261896 0.012043491862923939 -0.0079757218487108098 0.006909318063425692 0.032489503788507249 -0.011381580467175285 -0.026498010662086086 0.015576176077950707 -0.017686315701211781 -0.016438010964047404 0.017422116052298844 0.01067113818271735 0.0081256516924317398 0.0041345866577984581
leaf_weight=2018 2572 3262 3775 2552 174284 2022 2177 3232 2088 7020 2875 3706 3366 2469 2345 2538 3949 3244 10530 8768 2047 9555 2307 2041 4865 11432 2122 12658 5407 27151
leaf_count=2018 2572 3262 3775 2552 174284 2022 2177 3232 2088 7020 2875 3706 3366 2469 2345 2538 3949 3244 10530 8768 2047 9555 2307 2041 4865 11432 2122 12658 5407 27151
internal_value=-3.88366e-05 -0.0087067 -0.0154706 0.000278637 0.000431058 0.000577429 -2.00626e-05 0.0051063 0.00790726 0.0104121 -0.00441111 -0.00674827 0.0245808 0.00638904 0.0128028 -0.0080316 0.0179711 0.000906055 0.000198025 0.00120003 0.0117765 -0.00190786 -0.00994135 -0.00662744 -0.000400762 -0.00239447 -0.011128 0.00405309 -0.00410466 0.000749128
internal_weight=328377 11593 8331 316784 314232 311660 275344 36316 29378 24415 4963 6938 5388 19027 8763 6313 6418 10264 273167 185099 10815 88068 13903 11596 74165 51235 13554 22930 10272 37681
internal_count=328377 11593 8331 316784 314232 311660 275344 36316 29378 24415 4963 6938 5388 19027 8763 6313 6418 10264 273167 185099 10815 88068 13903 11596 74165 51235 13554 22930 10272 37681
is_linear=0
shrinkage=0.05


Tree=126
num_leaves=31
num_cat=10
split_feature=29 5 16 5 5 33 5 23 37 5 5 19 14 15 12 5 30 30 5 29 21 5 35 37 41 27 23 12 5 35
split_gain=331.57 1239.61 425.362 487.58 412.876 296.331 474.777 287.22 272.977 760.93 397.455 299.203 344.271 265.304 255.816 223.715 218.724 218.409 188.746 184.678 524.146 232.153 222.509 219.823 318.14 181.545 360.396 347.105 189.025 157.851
threshold=0.77944564819335949 0 4.0119605064392099 1 2 17.99788856506348 3 -9.1258621215820295 -1.470497131347656 4 5 1.6682752370834353 2.7557933330535893 2.2559018135070805 3.7299386262893681 6 2631.3750000000005 237.31250000000003 7 0.0025062561035156254 1.2165206074714663 8 0.069141387939453139 0.91892623901367199 29.185872077941898 1006.1406555175782 30.302539825439457 1.5682738423347475 9 0.0042915344238281259
decision_type=2 9 2 9 9 2 9 2 2 9 9 2 2 2 2 9 2 2 9 2 2 9 2 2 2 2 2 2 9 2
left_child=4 13 3 -3 16 6 -6 -5 9 -7 -10 -11 -13 17 15 25 -1 -2 -9 20 -17 22 23 24 -21 27 -27 28 -12 -23
right_child=1 2 -4 7 5 8 -8 18 10 11 14 12 -14 -15 -16 19 -18 -19 -20 21 -22 29 -24 -25 -26 26 -28 -29 -30 -31
leaf_value=-0.0020186819040645598 -0.00097467497113115902 0.012193661682864468 -0.018991671740493658 -0.018352790870782554 0.02193913257751387 -0.025223666010926932 0.001060778906543888 0.0029842989807539024 0.022437500643738527 -0.0087815145046815056 0.026634190265519594 0.020878590567374469 -0.0055862892190555293 -0.028960817533465102 -0.014566093290280505 -0.00022199421086130665 -0.016866881016727051 -0.018819574735076075 -0.0044612207257939381 -0.020693279712653265 0.018495180685136985 0.00050761170954797142 -0.015078963712232288 0.011596625125959338 0.0027362019796435509 -0.00012783474021475726 -0.016107728821772038 -0.0045887256874440436 0.0055185994051592333 0.0055769013725004155
leaf_weight=68994 2589 8290 2745 2280 4657 3554 6535 20683 2308 3616 2220 2985 2078 3814 2392 7958 2563 5074 14435 2137 7047 24287 3188 2908 4450 62915 3728 3521 2059 41763
leaf_count=68994 2589 8290 2745 2280 4657 3554 6535 20683 2308 3616 2220 2985 2078 3814 2392 7958 2563 5074 14435 2137 7047 24287 3188 2908 4450 62915 3728 3521 2059 41763
internal_value=-5.36181e-05 -0.00341592 8.82583e-05 0.00123853 0.00069849 0.00188361 0.00978064 -0.00119544 0.00140576 -0.00580936 0.0019166 0.00218708 0.010027 -0.018175 0.00163623 0.00186762 -0.00255243 -0.0127997 -7.69473e-05 0.0034924 0.00857487 0.00252326 -0.0036691 0.000169799 -0.0048848 -0.000178931 -0.00102403 0.00703341 0.0165852 0.00371269
internal_weight=327773 59910 48433 45688 267863 196306 11192 37398 185114 12233 172881 8679 5063 11477 170573 168181 71557 7663 35118 93738 15005 78733 12683 9495 6587 74443 66643 7800 4279 66050
internal_count=327773 59910 48433 45688 267863 196306 11192 37398 185114 12233 172881 8679 5063 11477 170573 168181 71557 7663 35118 93738 15005 78733 12683 9495 6587 74443 66643 7800 4279 66050
cat_boundaries=0 32 64 96 128 160 192 221 253 285 308
cat_threshold=0 0 0 0 0 0 39936 0 0 2867200 0 0 8388608 0 0 201326592 0 0 1107296256 0 0 3758096384 12 0 0 643 0 0 16 0 0 63744 0 0 0 4240 0 0 256 0 0 0 0 0 4128768 0 0 832569344 0 0 822083584 0 0 0 0 0 0 24 0 0 1376 0 0 512 984 0 0 4224 0 0 0 0 0 0 0 0 196608 0 0 808452096 0 0 335544320 1 0 0 51 0 0 57 0 0 1248 0 0 17920 2 0 0 10240 0 0 2048 0 0 106496 0 0 3145728 0 0 243269632 0 0 1660944384 0 0 0 12 0 0 320 0 0 12800 0 0 112896 0 0 0 0 0 0 0 0 0 0 0 0 34340864 0 0 146800640 0 0 0 0 0 0 8 0 0 896 0 0 256 0 0 47360 0 0 0 0 0 0 0 0 0 0 0 0 0 0 0 0 0 0 0 0 0 0 0 0 0 512 0 0 0 0 0 14592 39 0 0 10832 0 0 131328 0 0 393216 0 0 24117248 0 0 218103808 0 0 3774873600 2 0 2147483648 4 0 0 6 0 0 4624 1019 0 0 8768 0 0 131584 0 0 262144 0 0 0 0 0 1048576 0 0 67108864 0 0 268435456 51 0 0 256 0 0 640 0 0 65536 0 0 0 0 0 0 0 0 0 0 0 0 786432 0 0 8388608 0 0 134217728 0 0 1879048192 0 0 0 0 0 0 0 0 0 32768 0 0 0 0 0 0 0 0 0 0 0 0 3145728 0 0 218103808 0 0 1610612736 0 0 0 4
is_linear=0
shrinkage=0.05


Tree=127
num_leaves=31
num_cat=0
split_feature=14 29 3 36 40 34 28 16 38 12 13 15 38 34 14 35 14 20 39 14 38 21 21 14 28 3 33 25 30 0
split_gain=296.503 586.651 272.064 458.757 248.442 721.122 316.255 328.69 290.623 285.394 231.079 351.537 910.274 469.974 323.604 290.902 278.705 223.177 209.688 202.855 290.845 495.716 453.407 381.427 300.21 253.17 224.401 208.585 194.986 193.057
threshold=4.2215116024017343 0.74736785888671886 4922.5595703125009 10.610103607177736 2.5996387004852299 -7.4174194335937491 1020.6328125000001 3.1608837842941289 -0.31592082977294916 1.1821243166923525 3.6452214717864995 2.5496542453765874 2.7092645168304448 -7.6643371582031241 2.9141087532043461 0.63371658325195324 3.2737011909484868 2.5955529212951665 1.7440104484558108 1.7293770313262942 0.49828672409057623 1.5349346399307253 1.5879380702972414 2.2307274341583256 1010.147186279297 405.42007446289068 21.632832527160648 2.6339774131774907 57.062500000000007 32.750000000000007
decision_type=2 2 2 2 2 2 2 2 2 2 2 2 2 2 2 2 2 2 2 2 2 2 2 2 2 2 2 2 2 2
left_child=2 17 4 -4 5 8 7 -7 -1 -10 11 13 16 18 -14 -12 -13 -2 -6 26 22 -22 25 -24 27 -21 -15 -23 -11 -9
right_child=1 -3 3 -5 10 6 -8 29 9 28 15 12 14 19 -16 -17 -18 -19 -20 20 21 24 23 -25 -26 -27 -28 -29 -30 -31
leaf_value=-0.024467664240194132 -0.012387282828930667 -0.028232774540147165 -0.0026466930873652521 -0.028985504568296201 0.010262643050980763 0.00039657794878765842 -0.015616137262225348 0.02509302381664083 0.0094327103683665373 -0.0050636229863756863 0.0022822789797073786 0.01242534649632469 -0.025601472658827774 -0.0022234745016135151 -0.0055134494858257235 0.026517652497537649 -0.004900426264564924 0.0068159087771857245 0.028342680192594706 -0.0062579432892646905 0.014751032836820133 -0.00129783261206649 0.018484548673621003 -0.0077744614868517055 0.012035808595634688 -0.029282118597114545 0.018531350743427807 -0.021725845180629925 -0.020733513179742372 0.0054585257612412303
leaf_weight=3228 2449 2732 9119 2010 4266 226211 3004 2022 2040 4908 2624 6898 4103 2023 3925 2338 3489 3923 2579 2577 6983 2752 2492 3083 2060 2226 3636 2281 3334 3281
leaf_count=3228 2449 2732 9119 2010 4266 226211 3004 2022 2040 4908 2624 6898 4103 2023 3925 2338 3489 3923 2579 2577 6983 2752 2492 3083 2060 2226 3636 2281 3334 3281
internal_value=-2.37895e-06 -0.00889485 0.000251284 -0.00742548 0.000528575 -0.000171445 0.00047585 0.000685317 -0.0113998 -0.00727737 0.0034058 0.00247816 -0.00316454 0.00528984 -0.0157992 0.0137319 0.00660649 -0.000572447 0.0171061 0.00259909 0.000623258 0.00530382 -0.00572412 0.00397528 -0.00400456 -0.0169674 0.011121 -0.0105807 -0.0114197 0.0129782
internal_weight=328596 9104 319492 11129 308363 248028 234518 231514 13510 10282 60335 55373 18415 36958 8028 4962 10387 6372 6845 30113 24454 14076 10378 5575 7093 4803 5659 5033 8242 5303
internal_count=328596 9104 319492 11129 308363 248028 234518 231514 13510 10282 60335 55373 18415 36958 8028 4962 10387 6372 6845 30113 24454 14076 10378 5575 7093 4803 5659 5033 8242 5303
is_linear=0
shrinkage=0.05


Tree=128
num_leaves=31
num_cat=11
split_feature=3 39 30 5 16 5 28 33 5 37 5 7 5 5 41 5 41 30 32 13 5 5 31 12 20 28 37 12 5 5
split_gain=293.125 269.391 310.465 1107.84 487.548 487.008 286.663 308.105 377.869 369.174 373.855 279.764 269.739 267.59 473.625 290.376 228.931 480.577 224.635 341.541 246.389 230.21 208.99 270.093 265.14 206.475 188.839 189.782 345.05 191.918
threshold=291.90365600585943 2.9384969472885136 34.687500000000007 0 3.665620088577271 1 1001.9843750000001 24.463680267333988 2 2.9366836547851567 3 1.5000000000000002 4 5 30.996809959411625 6 31.182805061340336 2111.4375000000005 663.53259277343761 2.0228689908981328 7 8 26.652230262756351 2.2218035459518437 1.9192170500755312 1009.3371887207032 -1.5248260498046873 2.0803062915802006 9 10
decision_type=2 2 2 9 2 9 2 2 9 2 9 2 9 9 2 9 2 2 2 2 9 9 2 2 2 2 2 2 9 9
left_child=16 2 5 4 -4 -2 -7 9 -9 10 -8 25 -13 14 15 -5 -1 22 21 20 -20 -12 -18 24 -24 -10 -15 29 -29 -28
right_child=1 -3 3 13 -6 6 7 8 11 -11 18 12 -14 26 -16 -17 17 -19 19 -21 -22 -23 23 -25 -26 -27 27 28 -30 -31
leaf_value=0.00078131691636093819 -0.0053339518679407089 -0.018246071660345736 -0.014122463866704136 0.011123875544495676 -0.043505438181854275 -0.012900686071188758 -0.009340975155015049 0.0015041635469750449 0.015335845332096225 0.019269795704881659 0.02287978807988934 0.031308507014642439 0.012706605376228475 0.010930950834233774 -0.0284702957403721 -0.0059830943288084713 -0.0031501557010193901 -0.015254246030435042 -0.024092189863617369 0.011461461226920603 0.00030486789082832507 0.0037074486402636567 0.014173562905092094 0.028371331439412825 -0.0054540530749541604 -0.0058493913754516097 0.0081277384949155866 -0.024803777327688611 0.00077808451906181313 -0.0014843329739614951
leaf_weight=170729 23007 2408 4420 2859 2076 2565 9253 11493 2119 2333 2244 2985 5788 4245 2104 17976 2358 2092 2051 2505 2077 5136 6928 2325 2282 2493 7660 2053 3625 16025
leaf_count=170729 23007 2408 4420 2859 2076 2565 9253 11493 2119 2333 2244 2985 5788 4245 2104 17976 2358 2092 2051 2505 2077 5136 6928 2325 2282 2493 7660 2053 3625 16025
internal_value=1.64752e-05 -0.0016999 -0.00141215 -0.00400636 -0.023529 0.000738636 0.0033735 0.00420354 0.00816492 0.000352051 -0.00155239 0.0138673 0.0191144 -0.00175541 -0.0059163 -0.00362898 0.00131724 0.00703711 0.00359762 -0.00307542 -0.0119032 0.00959614 0.0104023 0.013173 0.00930971 0.00389636 0.00108642 -0.000339673 -0.00854116 0.00162924
internal_weight=328214 141500 139092 63043 6496 76049 53042 50477 24878 25599 23266 13385 8773 56547 22939 20835 186714 15985 14013 6633 4128 7380 13893 11535 9210 4612 33608 29363 5678 23685
internal_count=328214 141500 139092 63043 6496 76049 53042 50477 24878 25599 23266 13385 8773 56547 22939 20835 186714 15985 14013 6633 4128 7380 13893 11535 9210 4612 33608 29363 5678 23685
cat_boundaries=0 32 64 96 128 160 192 221 253 285 314 343
cat_threshold=0 0 0 0 0 0 0 0 0 0 0 0 131072 0 0 69206016 0 0 536870912 0 0 1342177280 0 0 0 0 0 0 12688 0 0 88320 24 0 0 128 0 0 2048 0 0 32768 0 0 36700160 0 0 270532608 0 0 3791650816 1 0 0 6 0 0 306 0 0 3072 0 0 50688 0 0 0 64 0 0 0 0 0 81920 0 0 0 0 0 50331648 0 0 0 0 0 268435456 1 0 0 73 0 0 13120 0 0 73728 0 0 0 0 0 0 1024 0 0 0 0 0 917504 0 0 4194304 0 0 134217728 0 0 2147483648 40 0 0 581 0 0 240 0 0 256 0 0 0 0 0 0 0 0 0 0 0 0 0 0 0 8388608 0 0 134217728 0 0 1073741824 56 0 0 512 0 0 16 0 0 6400 24 0 0 64 0 0 1024 0 0 2301952 0 0 19136512 0 0 817889280 0 0 234881024 0 0 0 24 0 0 135 0 0 608 0 0 1536 0 0 0 0 0 0 0 0 0 0 0 0 0 0 0 12582912 0 0 234881024 0 0 0 0 0 0 0 0 0 512 0 0 0 0 0 0 0 0 0 0 0 0 0 0 0 117440512 0 0 67108864 0 0 0 17 0 0 0 0 0 12288 0 0 69632 0 0 0 0 0 0 0 0 0 65536 0 0 0 0 0 33554432 0 0 67108864 0 0 1073741824 0 0 0 0 0 0 12544 0 0 69632 0 0 0 0 0 0 2048 0 0 32768 0 0 1048576 0 0 50331648 0 0 1073741824 0 0 0 6 0 0 0 0 0 2048 0 0 0 0 0 0 0 0 0 32768 0 0 1048576 0 0 50331648 0 0 0 0 0 0 4 0 0 112 0 0 2048
is_linear=0
shrinkage=0.05


Tree=129
num_leaves=31
num_cat=10
split_feature=34 37 33 13 5 15 12 5 34 38 7 33 5 7 32 5 37 5 41 43 33 33 37 5 41 5 14 5 5 5
split_gain=310.753 327.403 268.955 294.602 722.478 589.461 351.43 462.474 329.847 317.349 305.51 463.125 424.069 293.417 285.83 275.271 457.886 558.485 438.112 373.617 310.81 386.79 283.263 307.445 240.41 293.532 239.455 364.675 236.174 235.676
threshold=-16.667480468749996 -4.5826721191406241 30.41452789306641 2.2311520576477055 0 4.0044543743133554 1.9353761672973635 1 -4.1356201171874991 2.1261444091796879 2.5000000000000004 22.962624549865726 2 2.5000000000000004 865.13876342773449 3 1.5227508544921877 4 32.400312423706062 -10.756429672241209 24.014399528503422 27.626303672790531 0.67564010620117199 5 31.092195510864261 6 1.6473771929740908 7 8 9
decision_type=2 2 2 2 9 2 2 9 2 2 2 2 9 2 2 9 2 9 2 2 2 2 2 9 2 9 2 9 9 9
left_child=-1 -2 3 5 -5 15 -6 8 -8 10 14 -12 -13 -11 -9 18 24 -18 19 -3 22 29 23 -21 25 -17 -26 -28 -23 -22
right_child=1 2 -4 4 6 -7 7 9 -10 13 11 12 -14 -15 -16 16 17 -19 -20 20 21 28 -24 -25 26 -27 27 -29 -30 -31
leaf_value=-0.01731378315698642 -0.01769997290890753 -0.022138663276890191 -0.015925415245803501 0.013978146961443831 0.019361036259791527 -0.023538256044737485 -0.031204821292197323 -0.008638256803791447 -0.0027950581694840574 0.0036906679055456223 -0.0036235776922553492 0.036179555842054345 0.0067140825496646728 -0.018673055501962542 0.013431305978740888 -0.0060035769240990395 0.024456600657354874 0.001615473156037942 -0.024937644771851182 -0.011220994569594229 0.010971600547604142 -0.021876536749178461 -0.010852554143675253 0.001463073657367411 0.012930358462812781 0.00058846956853770378 -0.017557864416454443 0.0066409208976329183 -0.0019404547053785493 0.00091908878003664767
leaf_weight=2568 2549 2205 2538 13172 2095 2668 2080 5269 2003 2635 3057 2383 2527 3290 2022 18877 4471 6644 2120 6194 10906 2043 11479 20652 7333 158751 2068 6101 5342 12525
leaf_count=2568 2549 2205 2538 13172 2095 2668 2080 5269 2003 2635 3057 2383 2527 3290 2022 18877 4471 6644 2120 6194 10906 2043 11479 20652 7333 158751 2068 6101 5342 12525
internal_value=-2.25452e-05 0.00011419 0.000255121 0.00038358 0.00436743 -0.00019248 -0.000267741 -0.00190244 -0.0172665 0.00107336 0.0048872 0.0116493 0.0211464 -0.00873787 -0.00250773 3.26444e-05 0.000976762 0.0108405 -0.00259168 -0.00192465 -0.00127689 0.00246122 -0.00428245 -0.00147016 0.000408606 -0.000112688 0.00637802 0.000487621 -0.00750994 0.00560581
internal_weight=328567 325999 323450 320912 40533 280379 27361 25266 4083 21183 15258 7967 4910 5925 7291 277711 204245 11115 73466 71346 69141 30816 38325 26846 193130 177628 15502 8169 7385 23431
internal_count=328567 325999 323450 320912 40533 280379 27361 25266 4083 21183 15258 7967 4910 5925 7291 277711 204245 11115 73466 71346 69141 30816 38325 26846 193130 177628 15502 8169 7385 23431
cat_boundaries=0 32 58 90 122 154 183 215 231 263 292
cat_threshold=0 0 0 0 0 0 0 0 0 2097152 0 0 56754176 0 0 946864128 0 0 436207616 2 0 2415919104 33 0 0 513 0 0 13056 0 0 37632 0 0 0 0 0 0 2048 0 0 32768 0 0 1572864 0 0 33554432 0 0 3758096384 1 0 0 10 0 0 32 0 0 0 0 0 0 0 0 0 0 0 0 0 0 0 0 0 0 83886080 0 0 1610612736 16 0 0 386 0 0 176 0 0 26624 256 0 0 0 0 0 0 0 0 0 0 0 16908288 0 0 7340032 0 0 2650800128 3 0 2147483648 55 0 0 821 0 0 7936 0 0 33280 512 0 0 8192 0 0 0 0 0 0 0 0 65536 0 0 369098752 0 0 553648128 0 0 805306368 0 0 0 2 0 0 224 0 0 15616 0 0 0 0 0 0 0 0 0 0 0 0 131072 0 0 7340032 0 0 268435456 0 0 2147483648 0 0 0 517 0 0 2816 0 0 0 0 0 0 0 0 0 16384 0 0 3932160 0 0 0 0 0 553648128 0 0 805306368 0 0 0 2 0 0 224 0 0 11264 0 0 0 0 0 0 0 0 0 114688 0 0 786432 0 0 8388608 0 0 0 0 0 0 0 0 0 0 0 0 0 0 0 0 0 0 201326592 0 0 0 1 0 0 48 0 0 7168 0 0 33280 0 0 0 0 0 0 0 0 0 0 0 0 0 0 0 7340032 0 0 100663296 0 0 0 16 0 0 788 0 0 2048
is_linear=0
shrinkage=0.05


Tree=130
num_leaves=31
num_cat=0
split_feature=38 10 15 34 31 29 34 0 0 11 27 26 31 37 19 14 27 27 31 14 23 38 31 37 0 14 38 34 20 27
split_gain=280.998 318.211 337.986 673.994 189.716 326.786 371.829 347.921 347.56 301.737 268.399 263.664 264.277 243.215 470.822 250.341 519.343 267.177 372.028 296.553 290.329 259.746 250.109 271.336 225.334 217.457 212.079 959.369 730.743 511.387
threshold=-6.019944190979003 4.6954541206359872 4.5040290355682382 -3.3737487792968746 82.915767669677749 0.76236724853515636 -4.7354431152343741 33.250000000000007 34.750000000000007 1.7730609178543093 1021.0529174804689 7.9884114265441903 33.831756591796882 -2.6980018615722652 1.8392676115036013 3.0385850667953496 1017.0781250000001 1008.9914550781251 30.226469039916996 1.8156167864799502 28.422359466552738 0.99275922775268566 30.697413444519047 1.1891975402832033 18.250000000000004 1.9582508206367495 0.10451507568359376 -5.7872314453124991 1.6355925202369692 1006.584930419922
decision_type=2 2 2 2 2 2 2 2 2 2 2 2 2 2 2 2 2 2 2 2 2 2 2 2 2 2 2 2 2 2
left_child=-1 2 4 -4 5 11 8 9 24 -8 -9 13 -13 14 -2 17 21 22 -19 -20 -21 -17 23 25 -7 -15 27 28 -24 -28
right_child=1 -3 3 -5 -6 6 7 10 -10 -11 -12 12 -14 15 -16 16 -18 18 19 20 -22 -23 26 -25 -26 -27 29 -29 -30 -31
leaf_value=-0.016253559869798533 -0.028150616489848929 0.01791192212227909 -0.034657212515529986 0.0056610825480231594 0.003940131174767967 -0.016893190114401168 -0.0014785783768919568 -0.0011734810141001541 -0.024038805716790793 -0.020738786026868548 0.023388694355252513 -0.017794387621975369 -0.001066463063588227 0.0031710517843257431 0.0032636690044943991 0.0049997336614796255 -0.00078076415067666156 0.0090831725827206916 4.4627394116301719e-05 -0.0038447190106492011 -0.019260881883177285 0.025036832367821095 0.00084682783863378934 0.010874006589698785 -0.0010318204535267881 -0.016384282306761415 0.013462380392977664 0.0053863644922558865 -0.039309953822459526 0.0021443166188815344
leaf_weight=2597 2071 2514 2022 2111 31756 3292 21426 2087 3681 2237 2369 3775 6280 2108 2790 2600 8879 9261 99737 27506 3427 4296 2149 2044 6961 4338 15529 18047 2385 27913
leaf_count=2597 2071 2514 2022 2111 31756 3292 21426 2087 3681 2237 2369 3775 6280 2108 2790 2600 8879 9261 99737 27506 3427 4296 2149 2044 6961 4338 15529 18047 2385 27913
internal_value=9.65132e-05 0.000227421 8.92601e-05 -0.0141 0.000273566 -0.000131989 -0.00420358 -0.000892813 -0.0108793 -0.00330735 0.011908 0.000566637 -0.00735815 0.0009059 -0.0101505 0.00113978 0.00721683 0.000692426 -0.000595461 -0.00128206 -0.00555831 0.0175004 0.00311076 -0.00496322 -0.00613604 -0.0099942 0.0041496 0.000218784 -0.0203167 0.0061923
internal_weight=328188 325591 323077 4133 318944 287188 42053 28119 13934 23663 4456 245135 10055 235080 4861 230219 15775 214444 139931 130670 30933 6896 74513 8490 10253 6446 66023 22581 4534 43442
internal_count=328188 325591 323077 4133 318944 287188 42053 28119 13934 23663 4456 245135 10055 235080 4861 230219 15775 214444 139931 130670 30933 6896 74513 8490 10253 6446 66023 22581 4534 43442
is_linear=0
shrinkage=0.05


Tree=131
num_leaves=31
num_cat=9
split_feature=3 31 14 5 39 27 41 24 37 30 5 5 21 5 30 5 3 41 16 5 41 23 27 5 24 27 5 31 13 5
split_gain=262.658 330.071 263.124 190.053 290.571 180.628 200.469 210.214 214.483 213.347 179.034 177.801 169.803 161.727 161.185 319.607 170.948 401.466 285.298 295.069 181.514 269.84 527.207 169.301 278.495 262.152 196.017 303.163 189.188 275.764
threshold=5070.1796875000009 58.662914276123054 4.6661882400512704 0 2.1041413545608525 1003.5559997558595 31.092195510864261 35.649932861328132 0.17323684692382815 1.0000000180025095e-35 1 2 2.3430382013320927 3 2704.4375000000005 4 246.28636169433597 32.044546127319343 0.68311041593551647 5 31.943142890930179 29.738750457763675 1006.7973632812501 6 32.41969299316407 1006.0555419921876 7 28.839206695556644 2.2590000629425053 8
decision_type=2 2 2 9 2 2 2 2 2 2 9 9 2 9 2 9 2 2 2 9 2 2 2 9 2 2 9 2 2 9
left_child=2 -2 3 4 5 -1 7 8 12 10 -10 -11 13 -7 16 -16 18 23 -5 20 21 -20 -23 -18 25 -25 27 -26 -27 -30
right_child=1 -3 -4 14 -6 6 -8 -9 9 11 -12 -13 -14 -15 15 -17 17 -19 19 -21 -22 22 -24 24 26 28 -28 -29 29 -31
leaf_value=-0.011395474739781539 -0.00035850631458898607 -0.026992221326547262 -0.012759380575332597 -0.001274186933783667 0.020960654929167863 -0.0097973816806470344 0.0098090997095197485 -0.0096449244484643724 0.022724260766517922 -0.0068808309422069827 0.0046267739046983985 0.0050304891664909417 0.013043186697678191 0.00016262678588923671 -0.00032676862399279132 -0.022822367624235701 -0.0070178134650117595 -0.01964947848806289 0.001375197924939107 0.0073352781384399953 0.012656503839778017 0.0036273235249141608 -0.028279936771994654 -0.017333683081346609 -0.0039580531655491044 -0.002761475070586712 0.00039774491001559603 0.018336839808494276 -0.00239988548253698 0.0092757600756436034
leaf_weight=2483 2749 2007 3864 61535 2030 4589 7959 4016 2882 3644 2629 21707 2269 35226 4751 2348 10851 3004 23146 27789 2679 2777 2412 2575 2171 50548 8259 5088 11035 9308
leaf_count=2483 2749 2007 3864 61535 2030 4589 7959 4016 2882 3644 2629 21707 2269 35226 4751 2348 10851 3004 23146 27789 2679 2777 2412 2575 2171 50548 8259 5088 11035 9308
internal_value=2.15396e-05 -0.0116308 0.000193164 0.000350102 0.00230597 0.00187062 0.00225981 0.00147793 0.00209153 0.00525681 0.0141645 0.00331557 -0.000230407 -0.000989936 -0.000409664 -0.00782141 -0.000173583 -0.00167042 0.00110562 0.0035958 0.000241437 -0.000936341 -0.01123 -0.00112752 -0.000407701 -0.00169346 0.0056763 0.0116566 -0.00112299 0.00294765
internal_weight=328330 4756 323574 319710 89434 87404 84921 76962 72946 30862 5511 25351 42084 39815 230276 7099 223177 102839 120338 58803 31014 28335 5189 99835 88984 73466 15518 7259 70891 20343
internal_count=328330 4756 323574 319710 89434 87404 84921 76962 72946 30862 5511 25351 42084 39815 230276 7099 223177 102839 120338 58803 31014 28335 5189 99835 88984 73466 15518 7259 70891 20343
cat_boundaries=0 32 64 96 128 147 173 205 234 263
cat_threshold=0 0 0 8240 0 0 80640 0 0 2125824 0 0 3407872 0 0 771751936 0 0 134217728 0 0 1610612736 24 0 0 32 0 0 2176 0 0 71936 0 0 0 0 0 0 0 0 0 16384 0 0 2359296 0 0 201326592 0 0 134217728 0 0 1073741824 8 0 0 0 0 0 0 0 0 71936 0 0 0 0 0 0 8192 0 0 16384 0 0 1048576 0 0 0 0 0 134217728 0 0 1610612736 0 0 0 0 0 0 2048 0 0 65536 0 0 0 0 0 0 0 0 0 16384 0 0 3407872 0 0 0 0 0 0 0 0 536870912 0 0 0 0 0 0 2048 0 0 67840 28 0 0 448 0 0 131072 0 0 1277952 0 0 4784128 0 0 0 0 0 3221225472 977 0 0 4160 0 0 32768 0 0 32768 0 0 17367040 0 0 1048576 0 0 4043309056 3 0 2147483648 1 0 0 133 24 0 0 64 0 0 0 0 0 1179648 0 0 17301504 0 0 2097152 0 0 1610612736 0 0 268435456 0 0 0 2 0 0 0 0 0 50688 0 0 0 0 0 0 0 0 0 0 0 0 0 0 0 12582912 0 0 100663296 2 0 0 0 0 0 1 0 0 32 0 0 0 0 0 0 0 0 0 0 0 0 0 0 0 16777216 0 0 2248146944 1 0 0 7 0 0 476 0 0 1120
is_linear=0
shrinkage=0.05


end of trees

feature_importances:
exp_climatology=514
region_id=462
now_t2m_C_mean=207
now_t2m_C_max=196
now_msl_anom=186
exp_anom_persistence=170
now_tcc_mean=167
now_anomaly=146
now_ssrd_MJ=135
now_rh_pct_mean=127
now_msl_hPa_mean=113
now_target_tendency=106
mae7_climatology=102
mae7_recent3=93
exp_persistence=92
elev_proxy_m=87
now_cape_max=79
mae7_anom_persistence=66
lead_days=63
rmse30_climatology=62
mae7_persistence=52
regmae_persistence=52
now_tp7=52
now_tp3=51
expert_range=48
latitude=44
longitude=44
regmae_climatology=43
expert_spread=39
regmae_recent3=38
rmse30_recent3=37
now_msl_hPa_min=35
now_tp_mm=34
now_blh_mean=34
exp_recent3=34
regmae_anom_persistence=32
rmse30_persistence=31
rmse30_anom_persistence=21
now_wind_speed_max=21
now_wind_speed_mean=17
regime_id=14
lead_bucket_id=13
is_ocean=1

parameters:
[boosting: gbdt]
[objective: regression]
[metric: l2]
[tree_learner: serial]
[device_type: cpu]
[data_sample_strategy: bagging]
[data: ]
[valid: ]
[num_iterations: 1500]
[learning_rate: 0.05]
[num_leaves: 31]
[num_threads: 16]
[seed: 42]
[deterministic: 0]
[force_col_wise: 0]
[force_row_wise: 0]
[histogram_pool_size: -1]
[max_depth: -1]
[min_data_in_leaf: 2000]
[min_sum_hessian_in_leaf: 0.001]
[bagging_fraction: 0.8]
[pos_bagging_fraction: 1]
[neg_bagging_fraction: 1]
[bagging_freq: 1]
[bagging_seed: 400]
[bagging_by_query: 0]
[feature_fraction: 0.6]
[feature_fraction_bynode: 1]
[feature_fraction_seed: 30056]
[extra_trees: 0]
[extra_seed: 12879]
[early_stopping_round: 0]
[early_stopping_min_delta: 0]
[first_metric_only: 0]
[max_delta_step: 0]
[lambda_l1: 0]
[lambda_l2: 10]
[linear_lambda: 0]
[min_gain_to_split: 0]
[drop_rate: 0.1]
[max_drop: 50]
[skip_drop: 0.5]
[xgboost_dart_mode: 0]
[uniform_drop: 0]
[drop_seed: 17869]
[top_rate: 0.2]
[other_rate: 0.1]
[min_data_per_group: 100]
[max_cat_threshold: 32]
[cat_l2: 10]
[cat_smooth: 10]
[max_cat_to_onehot: 4]
[top_k: 20]
[monotone_constraints: ]
[monotone_constraints_method: basic]
[monotone_penalty: 0]
[feature_contri: ]
[forcedsplits_filename: ]
[refit_decay_rate: 0.9]
[cegb_tradeoff: 1]
[cegb_penalty_split: 0]
[cegb_penalty_feature_lazy: ]
[cegb_penalty_feature_coupled: ]
[path_smooth: 0]
[interaction_constraints: ]
[verbosity: -1]
[saved_feature_importance_type: 0]
[use_quantized_grad: 0]
[num_grad_quant_bins: 4]
[quant_train_renew_leaf: 0]
[stochastic_rounding: 1]
[linear_tree: 0]
[max_bin: 255]
[max_bin_by_feature: ]
[min_data_in_bin: 3]
[bin_construct_sample_cnt: 200000]
[data_random_seed: 175]
[is_enable_sparse: 1]
[enable_bundle: 1]
[use_missing: 1]
[zero_as_missing: 0]
[feature_pre_filter: 1]
[pre_partition: 0]
[two_round: 0]
[header: 0]
[label_column: ]
[weight_column: ]
[group_column: ]
[ignore_column: ]
[categorical_feature: 5,6,8,9]
[forcedbins_filename: ]
[precise_float_parser: 0]
[parser_config_file: ]
[objective_seed: 16083]
[num_class: 1]
[is_unbalance: 0]
[scale_pos_weight: 1]
[sigmoid: 1]
[boost_from_average: 1]
[reg_sqrt: 0]
[alpha: 0.9]
[fair_c: 1]
[poisson_max_delta_step: 0.7]
[tweedie_variance_power: 1.5]
[lambdarank_truncation_level: 30]
[lambdarank_norm: 1]
[label_gain: ]
[lambdarank_position_bias_regularization: 0]
[eval_at: ]
[multi_error_top_k: 1]
[auc_mu_weights: ]
[num_machines: 1]
[local_listen_port: 12400]
[time_out: 120]
[machine_list_filename: ]
[machines: ]
[gpu_platform_id: -1]
[gpu_device_id: -1]
[gpu_device_id_list: ]
[gpu_use_dp: 0]
[num_gpu: 1]

end of parameters

pandas_categorical:[]
