tree
version=v4
num_class=1
num_tree_per_iteration=1
label_index=0
max_feature_idx=45
objective=quantile
feature_names=latitude longitude is_ocean elev_proxy_m coastal region_id season_id lead_days lead_bucket_id regime_id mae7_climatology mae7_persistence mae7_recent3 mae7_anom_persistence rmse30_climatology rmse30_persistence rmse30_recent3 rmse30_anom_persistence regmae_climatology regmae_persistence regmae_recent3 regmae_anom_persistence now_tp_mm now_t2m_C_mean now_t2m_C_max now_wind_speed_mean now_wind_speed_max now_msl_hPa_mean now_msl_hPa_min now_tcc_mean now_cape_max now_rh_pct_mean now_blh_mean now_ssrd_MJ now_msl_anom now_tp3 now_tp7 now_target_tendency now_anomaly expert_spread expert_range exp_climatology exp_persistence exp_recent3 exp_anom_persistence blend_pred
feature_infos=[7:37] [68:97] [0:1] [0:5388.1943359375] [0:1] -1:208:901:600:206:806:502:7:400:401:501:903:2:106:302:800:602:500:406:701:808:700:404:601:102:307:707:304:907:100:203:505:207:301:708:8:104:402:200:902:300:908:407:702:0:508:703:308:905:105:202:605:403:803:306:5:3:103:802:305:204:504:900:205:1:4:405:507:807:904:608:6:606:408:201:805:108:704:603:705:706:503:906:101:604:801:303:607:107:506:804:409:9:609:709:909:309:509:809:109:209:1001:1008:1004:1002:1000:1006:1003:1007:1005 -1:2:3:1:0 [1:3] -1:1:2 -1:5:4:2:3:0:1 [0.039854321628808975:14.030465126037598] [0.0269339419901371:10.275632858276367] [0.027800967916846275:11.881755828857422] [0.030145373195409775:10.141719818115234] [0.095096953213214874:9.478520393371582] [0.10346969962120056:8.7787113189697266] [0.10686710476875305:8.4840202331542969] [0.10558220744132996:8.6510257720947266] [0.26390203833580017:4.3360905647277832] [0.16303868591785431:4.3472285270690918] [0.18597042560577393:4.3054203987121582] [0.19417853653430939:4.4667496681213379] [0:263.92938232421875] [-35.311538696289062:41.265533447265625] [-30.327835083007812:48.153472900390625] [0.16000412404537201:16.713184356689453] [0.212224081158638:20.085485458374023] [991.29266357421875:1047.8157958984375] [986.6312255859375:1046.9569091796875] [0:1] [0:6924.375] [4.0008754730224609:99.99932861328125] [9.2278718948364258:3571.593017578125] [0.29107201099395752:35.168254852294922] [-31.7266845703125:31.2340087890625] [0:160.36891174316406] [0:594.80096435546875] [-9.8437004089355469:10.400772094726562] [-17.444795608520508:10.95421314239502] [0.0030411905609071255:7.2051887512207031] [0.0077304840087890625:17.787746429443359] [-28.420093536376953:39.064094543457031] [-35.311538696289062:41.265533447265625] [-34.785049438476562:40.588245391845703] [-34.924385070800781:41.755260467529297] [-32.9327392578125:41.053791046142578]
tree_sizes=2249 2747 3420 2838 2951 3105 3434 3640 3054 3794 3055 3059 3847 3823 3787 3055 3074 3825 3064 3071 3981 3968 3702 3742 3583 3778 3091 3810 3087 3834 3736 3111 3096 3098 3070 3839 3936 3872 3065 3966 3713 3109 3604 3679 3118 4046 3992 3115 3104 3825 3100 3922 3879 3842 3108 3760 3778 3098 3101 3099 3881 3076 3101 4135 4058 3100 4174 3962 4044 3124 3842 3965 4076 3107 3940 3927 4207 3087 3092 3130 4206 3140 3881 3931 3871 3818 3127 4156 3793 3139 3853 3722 4007 3912 3674 3952 4193 4028 3125 3123 4055 3758 4021 4047 3151 3111 3108 4133 3887 3121 4150 3909 4070 4125 3881 3823 3130 3112 3917 3122 4050 3773 3149 3986 3131 3750 3103 3793 3109 3157 3834 4097 3138 3146 3986 3915 3979 4249 3098 3944 3811 4172 3926 3138 3747 3683 3768 3153 3122 3834 3647 3701 3899 3125 3992 3562 3125 3817 3144 3811 3741 3138 3116 4175 4058 3829 3132 3140 3111 3106 3898 3144 3131 4072 3116 3954 3781 3703 3926 3098 3124 3907

Tree=0
num_leaves=24
num_cat=0
split_feature=23 23 23 41 41 41 33 24 41 29 43 24 41 23 17 11 43 24 17 41 11 43 41
split_gain=11168.1 551.669 436.187 163.731 125.919 122.565 75.553 46.5005 32.4447 29.8214 18.7518 14.5274 15.881 9.54649 3.97713 2.96515 2.42765 0.734077 1.49091 0.375155 0.0481147 0.0283037 0.026105
threshold=30.983825683593754 30.073146820068363 31.967407226562504 29.831592559814457 29.949701309204105 29.530812263488773 23.643839836120609 33.276489257812507 31.135582923889164 0.42491531372070318 29.604886054992679 33.003585815429695 28.430032730102543 33.395072937011726 1.3994875550270083 1.1766341328620913 29.604886054992679 30.929473876953129 1.7949279546737673 28.73230075836182 0.70722416043281566 28.803215980529789 29.201843261718754
decision_type=2 2 2 2 2 2 2 2 2 2 2 2 2 2 10 2 2 2 10 2 2 2 2
left_child=1 5 4 9 -2 11 8 10 -4 -3 14 16 15 -8 -7 20 17 22 19 21 -13 -19 -1
right_child=2 3 6 -5 -6 7 13 -9 -10 -11 -12 12 -14 -15 -16 -17 -18 18 -20 -21 -22 -23 -24
leaf_value=30.872752556439519 31.181698565239312 31.160014644550394 31.314971303436177 31.211165512276857 31.284814326362831 31.004594347737001 31.356092342386948 31.183208234832126 31.469776257164121 31.072940367839983 31.121293602508995 30.964653304027451 31.097357775340789 31.621171705880371 31.058812254088988 31.043079828006448 31.019899407980557 30.902184077561106 31.004273082094077 31.012940651834359 30.978558969680197 30.977834444762848 30.962578117437953
leaf_weight=322389 2720 2121 2111 3599 3707 2003 3796 2290 2295 3851 2130 2946 2381 5996 3081 2055 3604 13964 3422 2291 2024 2316 2888
leaf_count=322389 2720 2121 2111 3599 3707 2003 3796 2290 2295 3851 2130 2946 2381 5996 3081 2055 3604 13964 3422 2291 2024 2316 2888
internal_value=31.0455 31.0424 31.1028 31.0613 31.0854 31.0419 31.1107 31.0508 31.1015 31.0532 31.0477 31.0416 31.0448 31.1147 31.045 31.0428 31.0416 31.0415 31.042 31.0417 31.0418 31.0416 31.0415
internal_weight=399980 379355 20625 9571 6427 369784 14198 9504 4406 5972 7214 360280 9406 9792 5084 7025 350874 347270 21993 18571 4970 16280 325277
internal_count=399980 379355 20625 9571 6427 369784 14198 9504 4406 5972 7214 360280 9406 9792 5084 7025 350874 347270 21993 18571 4970 16280 325277
is_linear=0
shrinkage=1


Tree=1
num_leaves=28
num_cat=0
split_feature=23 23 24 41 41 41 24 29 19 16 24 13 19 23 29 43 17 29 41 17 41 24 17 28 13 19 28
split_gain=10052.6 618.204 347.342 144.843 122.866 77.8551 58.2377 47.3968 42.1441 27.0903 21.6728 20.1385 16.0956 15.7278 9.92216 7.37555 5.98939 2.90271 2.35675 4.58604 1.61851 0.645619 2.1496 0.351992 0.0270439 0.0227082 0.00644767
threshold=31.192535400390629 30.197971343994144 36.657012939453132 29.723137855529789 29.723137855529789 29.949701309204105 39.074981689453132 0.32492065429687506 1.4260602593421938 1.5962277054786684 33.580108642578132 1.2294612526893618 1.081138074398041 29.354351043701175 0.1428489685058594 29.604886054992679 1.2874352931976321 0.097969055175781264 29.055116653442386 1.3465328812599184 27.729440689086918 30.827270507812504 2.1024420261383061 1003.7634277343751 1.4424318075180056 0.63704609870910656 1004.7540588378907
decision_type=2 2 2 2 2 2 2 2 2 10 2 2 2 2 2 2 10 2 2 10 2 2 10 2 2 2 2
left_child=1 4 5 9 10 -2 12 -5 13 -3 15 20 -4 -6 -14 18 -17 -8 21 25 -12 26 23 -23 -25 -20 -1
right_child=2 3 6 7 8 -7 17 -9 -10 -11 11 -13 14 -15 -16 16 -18 -19 19 -21 -22 22 -24 24 -26 -27 -28
leaf_value=-0.13339735755118312 0.15018065356275698 0.022367978385588756 0.26955163162398732 0.20561554714297528 -0.0051760098147993925 0.21377490747429581 0.53807932489130172 0.1125716643657234 0.15591007387420688 0.11208487227874855 -0.074951020955902545 0.067031323793029451 0.30489662374715865 0.055710841097273339 0.34037590810015333 -0.042819058044879788 0.023773139773941871 0.50834459360769535 -0.08615587843180976 0.0016365451546078969 -0.0079915048456337678 -0.053584529301395734 -0.029407050007911124 -0.1137587853459784 -0.087839288893941617 -0.0452693150167994 -0.16979768863191425
leaf_weight=39502 2248 3265 2169 2014 3587 3841 3567 2240 2023 2034 2395 2165 2251 2303 2422 3093 2000 2673 3869 2623 2024 3892 2051 16554 2029 2109 278975
leaf_count=39502 2248 3265 2169 2014 3587 3841 3567 2240 2023 2034 2395 2165 2251 2303 2422 3093 2000 2673 3869 2623 2024 3892 2051 16554 2029 2109 278975
internal_value=-0.00021842 -0.00306513 0.0562909 0.0170185 -0.00358244 0.040381 0.0636596 0.0279981 0.00627389 0.00816802 -0.0037973 0.000749772 0.0582475 0.00284068 0.055116 -0.00388125 -0.000856752 0.0694912 -0.00392503 -0.00261108 -0.00234726 -0.0039579 -0.00355494 -0.00378119 -0.00392901 -0.003833 -0.00398882
internal_weight=399918 380747 19171 9553 371194 6089 13082 4254 7913 5299 363281 6584 6842 5890 4673 356697 5093 6240 351604 8601 4419 343003 24526 22475 18583 5978 318477
internal_count=399918 380747 19171 9553 371194 6089 13082 4254 7913 5299 363281 6584 6842 5890 4673 356697 5093 6240 351604 8601 4419 343003 24526 22475 18583 5978 318477
is_linear=0
shrinkage=0.08


Tree=2
num_leaves=30
num_cat=6
split_feature=23 44 23 20 5 5 43 5 24 15 29 23 15 35 14 24 17 7 28 5 44 5 43 15 13 5 43 44 24
split_gain=8892.4 483.005 416.023 125.465 80.1121 66.6527 54.7032 52.3291 26.0903 28.0849 26.0748 23.8197 18.6969 16.1316 9.66704 5.38184 8.81164 4.71621 3.35819 2.64527 2.29456 0.751572 0.438369 0.739526 0.270031 0.118611 0.826959 0.0859114 0.00495616
threshold=31.192535400390629 29.953742027282718 32.307773590087898 1.4923238158226015 0 1 29.890172958374027 2 33.428253173828132 1.7521120309829714 0.23865127563476565 30.63474273681641 1.4832207560539248 0.084400177001953139 1.4621884822845461 30.929473876953129 2.2608194351196294 1.5000000000000002 1004.2890625000001 3 29.013522148132328 4 29.290386199951175 0.6785852611064912 1.486939609050751 5 27.486126899719242 29.053107261657718 30.023468017578129
decision_type=2 2 2 2 9 9 2 9 2 10 2 2 10 2 2 2 10 2 2 9 2 9 2 10 2 9 2 2 2
left_child=1 6 4 7 10 13 8 11 15 20 -2 -3 -8 17 -9 22 18 -4 19 -17 -10 -21 25 -24 27 26 -1 -20 -27
right_child=2 3 5 -5 -6 -7 12 14 9 -11 -12 -13 -14 -15 -16 16 -18 -19 24 21 -22 -23 23 -25 -26 28 -28 -29 -30
leaf_value=-0.24056592610164104 0.2109534282827924 0.056672228700016661 0.45438257313961744 0.19854371412642485 0.15829608977152529 0.40308073562957314 0.00066665074892284797 -0.0065365428345916148 -0.067406803160542733 0.093461083480584864 0.16450387605281522 0.089887018631404164 0.094086137707669021 0.36544061930248217 0.051247624084051813 0.0058488295747985489 0.030525819110812903 0.44951351301921227 -0.11520292962721015 -0.026193117961935377 -0.0019543335658618382 -0.057719242112692158 -0.068802640785737987 -0.033923917985295933 -0.050427372513610749 -0.15060865200234649 -0.039842932376066773 -0.041666967161847611 -0.1000330666885208
leaf_weight=11036 2225 2895 2225 2717 2177 3604 2006 2909 3015 2058 2106 2080 2000 2192 2023 2118 2050 4550 14500 2472 2125 2630 3095 2009 2104 298344 2032 2130 12414
leaf_count=11036 2225 2895 2225 2717 2177 3604 2006 2909 3015 2058 2106 2080 2000 2192 2023 2118 2050 4550 14500 2472 2125 2630 3095 2009 2104 298344 2032 2130 12414
internal_value=-0.000477189 -0.00314836 0.0528055 0.0122324 0.0362884 0.0613207 -0.00367611 0.00803993 -0.00377844 0.0009889 0.0426467 0.0138098 0.00561155 0.0653268 0.00217124 -0.0038746 -0.00280774 0.0676227 -0.00320659 -0.00173721 -0.00217476 -0.00271925 -0.00396534 -0.00321001 -0.00377166 -0.00397715 -0.00367604 -0.00388221 -0.00398945
internal_weight=399841 380762 19079 12624 6508 12571 368138 9907 364132 7198 4331 4975 4006 8967 4932 356934 28004 6775 25954 7220 5140 5102 328930 5104 18734 323826 13068 16630 310758
internal_count=399841 380762 19079 12624 6508 12571 368138 9907 364132 7198 4331 4975 4006 8967 4932 356934 28004 6775 25954 7220 5140 5102 328930 5104 18734 323826 13068 16630 310758
cat_boundaries=0 26 52 81 103 129 155
cat_threshold=8 0 0 128 0 0 6144 0 0 114688 0 0 1966080 0 0 32505856 0 0 117440512 0 0 805306368 0 0 0 2 8 0 0 0 0 0 2048 0 0 114688 0 0 3932160 0 0 32505856 0 0 50331648 0 0 805306368 0 0 0 1 8 0 0 128 0 0 2048 0 0 2211840 0 0 35258368 0 0 26214400 0 0 452984832 0 0 1879048192 0 0 0 1 0 0 32 0 0 0 128 0 0 6144 0 0 65536 0 0 5242880 0 0 67108864 0 0 956301312 1 0 1610612736 0 0 0 0 0 0 0 0 0 131072 0 0 2097152 0 0 704643072 0 0 3254779904 0 0 2415919104 0 0 0 6 0 0 0 0 0 0 0 0 0 0 0 0 2097152 0 0 67108864 0 0 1744830464 0 0 0 0 0 0 2
is_linear=0
shrinkage=0.08


Tree=3
num_leaves=29
num_cat=0
split_feature=42 42 42 41 41 41 30 18 31 22 42 31 10 24 41 43 24 11 41 17 24 17 41 17 41 21 22 41
split_gain=7660.32 522.26 286.658 114.451 98.799 75.9723 40.9875 39.8594 38.632 37.8974 23.6172 18.8894 12.3683 11.9487 13.6038 11.3295 2.91427 2.56946 1.94481 4.35415 0.657505 1.29509 0.481003 0.512984 0.136253 0.132864 0.116662 0.0214968
threshold=31.418525695800785 30.197971343994144 33.01243972778321 29.622937202453617 29.530812263488773 29.949701309204105 296.43750000000006 1.4047446846961977 58.629692077636726 0.0042915344238281259 35.078453063964851 75.619453430175795 1.6591954827308657 32.629882812500007 28.541362762451175 29.530437469482425 31.218658447265629 1.23436576128006 29.016220092773441 1.3366446495056155 30.308334350585941 2.1024420261383061 28.244681358337406 1.2683143615722658 27.676249504089359 0.65976920723915111 2.5248527526855473 28.868905067443851
decision_type=2 2 2 2 2 2 2 2 2 2 2 2 2 2 2 2 2 2 2 10 2 10 2 10 2 2 2 2
left_child=1 4 5 11 13 -2 -7 -5 -6 10 12 -3 -4 18 17 16 -10 24 20 25 27 22 26 -24 -15 -20 -22 -1
right_child=2 3 9 7 8 6 -8 -9 15 -11 -12 -13 -14 14 -16 -17 -18 -19 19 -21 21 -23 23 -25 -26 -27 -28 -29
leaf_value=-0.14778877148317066 0.13049475062787858 0.069146039470024623 0.26112667472384071 0.071117002512216518 0.12847795104460319 0.22964959240264535 0.18698146695280635 0.18667908629957708 -0.032585354259480635 0.33645606773283177 0.5161263454681676 0.0023054715560991211 0.28815804925586291 -0.085926422150523651 0.030687438859709346 0.051723724748064644 0.015741569623293324 -0.013637874396512237 -0.065667283256133205 0.0019129633588303419 -0.11949943018201666 -0.042604958948061322 -0.053352546376897701 -0.0175819883000124 -0.04127801294196097 -0.037767195623960366 -0.093954997673153004 -0.062292325095328352
leaf_weight=306479 2265 3234 2015 2983 2004 2245 3647 2560 2782 2147 2656 2257 2567 5359 3100 3085 2264 2587 4943 2191 17893 2136 2501 2002 2060 2142 3348 4165
leaf_count=306479 2265 3234 2015 2983 2004 2245 3647 2560 2782 2147 2656 2257 2567 5359 3100 3085 2264 2587 4943 2191 17893 2136 2501 2002 2060 2142 3348 4165
internal_value=-0.000729451 -0.00310334 0.0509476 0.0140406 -0.00361353 0.039879 0.0446954 0.0221408 0.00417348 0.0605152 0.0634227 0.00583821 0.0594233 -0.00383232 -0.00145959 0.00171428 -0.000621836 -0.00289377 -0.00392168 -0.00277235 -0.00395309 -0.00357404 -0.0037313 -0.002963 -0.00365002 -0.00373503 -0.00389271 -0.003987
internal_weight=399617 382075 17542 11034 371041 8157 5892 5543 10135 9385 7238 5491 4582 360906 13106 8131 5046 10006 347800 9276 338524 27880 25744 4503 7419 7085 21241 310644
internal_count=399617 382075 17542 11034 371041 8157 5892 5543 10135 9385 7238 5491 4582 360906 13106 8131 5046 10006 347800 9276 338524 27880 25744 4503 7419 7085 21241 310644
is_linear=0
shrinkage=0.08


Tree=4
num_leaves=30
num_cat=0
split_feature=45 45 45 45 20 45 45 45 20 28 43 14 29 24 20 28 14 41 21 41 28 41 37 44 14 24 24 43 29
split_gain=7268.91 420.807 404.882 70.4987 64.7304 47.5826 31.6377 31.2244 25.687 24.1074 9.04673 6.40642 6.3668 3.3787 4.98703 6.93078 3.19061 1.63304 1.10552 0.550924 0.240728 0.113512 0.163281 0.105107 0.142359 0.0897495 0.0174679 0.0563258 0.010985
threshold=31.153537750244144 29.926225662231449 32.573343276977546 33.836181640625007 1.6412028670310976 31.936362266540531 30.533614158630375 29.278869628906254 1.1247872114181521 1001.6453247070314 33.383216857910163 1.6285281181335451 0.45383834838867193 30.470489501953129 1.5976700186729433 1006.7171936035157 1.0395846366882326 28.485527992248539 0.84274867177009594 29.314944267272953 1001.0084228515626 28.764472007751468 -0.47514724731445307 28.625676155090336 1.6566210985183718 30.308334350585941 29.962844848632816 27.622714996337894 0.90480804443359386
decision_type=2 2 2 2 2 2 2 2 2 2 2 2 2 2 2 2 2 2 2 2 2 2 2 2 2 2 2 2 2
left_child=1 7 5 10 6 9 11 13 16 -2 -4 -3 -10 19 17 -16 25 20 -19 21 -15 26 -23 -22 -25 -9 -1 -28 -24
right_child=2 4 3 -5 -6 -7 -8 8 12 -11 -12 -13 -14 14 15 -17 -18 18 -20 -21 23 22 28 24 -26 -27 27 -29 -30
leaf_value=-0.14289645287576919 0.13928103166822214 0.018301226310074383 0.22019551672739485 0.44066715411494256 0.1633998067327749 0.19394907688890811 0.078837801439853528 -0.049642522909751172 0.070163972924771653 0.15254806737999979 0.24937159594591626 0.052514522272841022 0.018863902752314754 -0.061386206964174184 0.031910597776637004 -0.079410191533486094 -0.0059524156027044384 -0.059442657041670434 -0.017865621321386263 -0.044324943454775792 -0.12456840917626125 -0.05078673643833314 -0.05926910958848014 -0.062923350102401882 -0.048733321573639798 -0.024832631514870359 -0.17116122747063794 -0.067076364373719777 -0.066061873971942464
leaf_weight=297828 2036 2921 2490 4661 2263 3231 3599 3397 2152 2775 2247 2467 2557 2139 2132 2962 3900 2276 3862 2852 19679 2049 5549 3760 2124 2053 5245 2144 2562
leaf_count=297828 2036 2921 2490 4661 2263 3231 3599 3397 2152 2775 2247 2467 2557 2139 2132 2962 3900 2276 3862 2852 19679 2049 5549 3760 2124 2053 5245 2144 2562
internal_value=-0.00097191 -0.00327557 0.0495221 0.0608172 0.0119609 0.0362633 0.00889763 -0.00373763 -3.95205e-05 0.0310716 0.0536111 0.00500333 0.00477304 -0.00388319 -0.00317728 -0.000841694 -0.00246581 -0.00352851 -0.00234092 -0.00396946 -0.00379071 -0.00397958 -0.00368928 -0.00386079 -0.00353173 -0.00371429 -0.00398912 -0.00379997 -0.00385716
internal_weight=399912 382472 17440 9398 11250 8042 8987 371222 14059 4811 4737 5388 4709 357163 38934 5094 9350 33840 6138 318229 27702 315377 10160 25563 5884 5450 305217 7389 8111
internal_count=399912 382472 17440 9398 11250 8042 8987 371222 14059 4811 4737 5388 4709 357163 38934 5094 9350 33840 6138 318229 27702 315377 10160 25563 5884 5450 305217 7389 8111
is_linear=0
shrinkage=0.08


Tree=5
num_leaves=27
num_cat=5
split_feature=45 45 45 45 45 20 45 45 17 28 5 10 5 35 24 17 5 45 16 16 5 3 27 5 28 38
split_gain=6179.78 452.437 341.98 77.139 52.4467 48.0922 32.1429 19.0587 23.4152 16.8727 10.096 9.46984 8.01584 5.42708 2.10908 5.43379 1.68592 1.08382 1.31442 0.282789 0.212655 0.13237 0.110794 0.746323 0.0658243 0.0217535
threshold=31.153537750244144 32.948644638061531 29.828354835510257 31.936362266540531 34.510505676269538 1.6759923696517947 30.533614158630375 29.01556491851807 1.3067954778671267 1002.0971679687501 0 1.7647715806961062 1 0.050067901611328132 30.308334350585941 2.3892039060592656 2 28.386228561401371 1.6755703687667849 1.2928810119628908 3 1.0000000180025095e-35 1007.1914062500001 4 1003.7634277343751 -1.8230456113815305
decision_type=2 2 2 2 2 2 2 2 10 2 9 2 9 2 2 10 9 2 10 10 9 2 2 9 2 2
left_child=2 3 7 9 11 6 10 14 16 -2 -4 -3 -10 -5 22 17 -9 20 19 -19 -16 -18 23 -1 -22 -25
right_child=1 4 5 13 -6 -7 -8 8 12 -11 -12 -13 -14 -15 15 -17 21 18 -20 -21 24 -23 -24 25 -26 -27
leaf_value=-0.052122836847567341 0.13031642992003523 0.21666718632670681 0.044927860682474653 0.18636205742068787 0.43404849712679922 0.14569759752608241 0.072489930512726564 -0.015017731139238891 0.038161554730574906 0.14033659172223567 0.0054917688372950121 0.24716276842820425 -0.0031805384710778938 0.19131566874969255 -0.089417196154882847 0.012171758928381429 -0.048396462357956554 -0.059673516987872779 -0.013136201993558177 -0.035975524877480389 -0.0950004437839891 -0.028655450035748403 -0.13604275027629228 -0.10088077384701395 -0.11907924104177454 -0.099241286048910721
leaf_weight=3691 2177 2417 3923 2797 3191 2187 3745 3530 3569 2596 2978 2222 3768 2019 2734 2061 8906 3985 2056 2315 3316 2275 263861 3430 21322 38942
leaf_count=3691 2177 2417 3923 2797 3191 2187 3745 3530 3569 2596 2978 2222 3768 2019 2734 2061 8906 3985 2056 2315 3316 2275 263861 3430 21322 38942
internal_value=-0.00119146 0.0453958 -0.00331365 0.0336831 0.0596786 0.0095202 0.00728754 -0.00375931 -0.00147756 0.0263659 0.00403936 0.0538963 0.00221206 0.0408653 -0.00390395 -0.00333649 -0.00331798 -0.00356685 -0.00276166 -0.00333439 -0.00381156 -0.00380002 -0.00397303 -0.00384633 -0.00389294 -0.00394339
internal_weight=400013 17419 382594 9589 7830 12833 10646 369761 22048 4773 6901 4639 7337 4816 347713 37789 14711 35728 8356 6300 27372 11181 309924 46063 24638 42372
internal_count=400013 17419 382594 9589 7830 12833 10646 369761 22048 4773 6901 4639 7337 4816 347713 37789 14711 35728 8356 6300 27372 11181 309924 46063 24638 42372
cat_boundaries=0 29 61 87 119 151
cat_threshold=0 0 0 0 0 0 2048 0 0 81920 0 0 53608448 0 0 595591168 0 0 2063597568 1 0 3489660928 1 0 0 5 0 0 32 0 0 0 128 0 0 6144 0 0 2097152 0 0 57802752 0 0 571473920 0 0 671088640 1 0 4026531840 0 0 0 6 0 0 32 0 0 4096 512 0 0 128 0 0 2048 0 0 98304 0 0 8257536 0 0 658505728 0 0 4076863488 3 0 3489660928 0 0 0 4 4 0 0 0 0 0 4096 0 0 0 0 0 0 0 0 739246080 0 0 0 0 0 0 33 0 0 0 0 0 0 0 0 4096 0 0 0 128 0 0 0 0 0 0 0 0 0 0 0 67108864 0 0 3909091328 1 0 4026531840 0 0 0 6 0 0 0 0 0 256
is_linear=0
shrinkage=0.08


Tree=6
num_leaves=31
num_cat=5
split_feature=45 45 45 45 20 29 45 45 45 15 37 5 5 41 15 45 24 15 16 45 24 24 27 5 5 41 41 5 45 41
split_gain=5138.18 387.716 372.789 68.5788 46.273 39.1568 36.411 26.5353 23.4244 17.8098 12.4269 7.74486 6.98679 6.52233 6.78688 3.50871 2.73005 3.84503 1.04298 1.26434 0.874821 0.382483 0.777319 1.01829 0.24257 0.10775 0.0911474 0.611128 0.0570813 0.0530917
threshold=31.388112068176273 30.046763420104984 32.948644638061531 34.510505676269538 1.6759923696517947 0.067020416259765639 29.441835403442386 32.244066238403327 30.732134819030765 1.102203965187073 0.066852569580078139 0 1 29.016220092773441 1.2830994725227358 28.767078399658207 31.530639648437504 2.185264110565186 1.3884117603302004 28.239541053771976 31.530639648437504 29.962844848632816 1006.5191040039064 2 3 26.175403594970707 28.430032730102543 4 28.667377471923832 28.040756225585941
decision_type=2 2 2 2 2 2 2 2 2 10 2 9 9 2 10 2 2 10 10 2 2 2 2 9 9 2 2 9 2 2
left_child=1 6 5 10 8 -2 13 -7 12 20 -4 -11 -3 16 24 -16 21 18 28 25 -8 26 23 -23 -15 -20 -1 -28 -18 -24
right_child=2 4 3 -5 -6 7 9 -9 -10 11 -12 -13 -14 14 15 -17 17 -19 19 -21 -22 22 29 -25 -26 -27 27 -29 -30 -31
leaf_value=-0.13583630201647143 0.18769403431093612 0.055617574079752909 0.2122351742852806 0.39440241217103461 0.14348260165076604 0.12958424656053674 -0.041470796064691784 0.1689518057393232 0.072285491100707908 0.050590577570936372 0.21026604870427509 0.0094763466633796794 0.019149976209812809 -0.056771571208600789 -0.041529442640596964 0.01637527371199398 -0.091767954075606936 0.0034884415116654488 -0.14773408042062833 -0.016516831081120426 -0.014555504359809925 -0.017816718762723338 -0.12498235577145389 -0.069754132317810372 -0.040077453205952462 -0.062901864313784153 -0.051953060983250164 -0.037584790882452312 -0.035927615488150932 -0.047549028642611575
leaf_weight=285348 2212 2778 2001 3149 2251 3604 2613 2257 3655 2868 2657 3445 2602 5159 2112 3364 9301 2073 2296 3447 2088 2228 14752 3278 2100 2035 16407 2680 3126 2056
leaf_count=285348 2212 2778 2001 3149 2251 3604 2613 2257 3655 2868 2657 3445 2602 5159 2112 3364 9301 2073 2296 3447 2088 2228 14752 3278 2100 2035 16407 2680 3126 2056
internal_value=-0.00140719 -0.0032515 0.0431718 0.0556495 0.0113506 0.0310513 -0.00369387 0.0275244 0.00877612 0.000836719 0.0492048 0.00361031 0.0054026 -0.00383183 -0.002051 7.58284e-05 -0.00389675 -0.00303625 -0.00337274 -0.00263893 -0.00288771 -0.00395532 -0.00362552 -0.00278898 -0.00365332 -0.00354849 -0.00397937 -0.00378845 -0.00382954 -0.00389773
internal_weight=399942 384062 15880 7807 11286 8073 372776 5861 9035 11014 4658 6313 5380 361762 12735 5476 349027 22278 20205 7778 4701 326749 22314 5506 7259 4331 304435 19087 12427 16808
internal_count=399942 384062 15880 7807 11286 8073 372776 5861 9035 11014 4658 6313 5380 361762 12735 5476 349027 22278 20205 7778 4701 326749 22314 5506 7259 4331 304435 19087 12427 16808
cat_boundaries=0 32 61 90 109 122
cat_threshold=16 0 0 0 0 0 6144 0 0 2179072 0 0 58327040 0 0 50331648 0 0 268435456 0 0 4026531840 1 0 0 7 0 0 0 0 0 4096 0 0 0 128 0 0 2048 0 0 49152 0 0 37355520 0 0 553648128 0 0 973078528 1 0 1073741824 0 0 0 5 0 0 32 0 0 0 128 0 0 2048 0 0 69632 0 0 4194304 0 0 772800512 0 0 3825205248 1 0 3221225472 34 0 0 6 0 0 32 63 0 0 1904 0 0 30208 0 0 2523136 0 0 33619968 0 0 70254592 0 0 1241513984 123 0 0 3952 0 0 258816 0 0 1978368 0 0 29556736
is_linear=0
shrinkage=0.08


Tree=7
num_leaves=31
num_cat=7
split_feature=23 23 23 19 5 41 23 41 15 19 5 29 24 13 14 19 5 43 41 5 41 16 11 24 28 5 5 5 13 41
split_gain=3900.08 299.306 268.603 80.8511 68.2425 42.9486 37.9601 30.8423 21.8593 16.1734 15.1294 14.4014 7.8891 8.37747 5.47402 4.62543 4.62306 4.93075 3.72744 3.64714 0.948847 4.36802 0.806432 0.28067 0.58691 0.759885 0.0993378 0.0851741 0.0793409 0.00674712
threshold=31.684574127197269 29.960079193115238 34.330352783203132 1.5547210574150088 0 29.450872421264652 32.637813568115241 30.225848197937015 2.11713719367981 1.3121337890625002 1 0.1428489685058594 31.530639648437504 1.8882331252098086 1.4621884822845461 1.0629425048828127 2 29.241065025329593 28.196902275085453 3 28.73230075836182 1.356146037578583 1.1874427795410158 29.742218017578129 1003.7634277343751 4 5 6 1.5326444506645205 28.375350952148441
decision_type=2 2 2 2 9 2 2 2 10 2 9 2 2 2 2 2 9 2 2 9 2 10 2 2 2 9 9 9 2 2
left_child=1 5 4 7 6 12 -2 10 16 -4 -3 -8 20 18 -12 -9 17 -7 22 -20 23 26 27 29 25 -25 -22 -14 -26 -1
right_child=2 3 9 -5 -6 8 11 15 -10 -11 14 -13 13 -15 -16 -17 -18 -19 19 -21 21 -23 -24 24 28 -27 -28 -29 -30 -31
leaf_value=-0.12849669370741501 0.15284191425043575 0.044913836147025259 0.33465926216007369 0.15627851274813181 0.11919276263762249 -0.01183883542146069 0.19150429640084229 0.043887223155654957 0.082415758400497113 0.33758520604566628 -0.013324313835810174 0.17730939294269174 -0.053739034792366233 0.029983413574749384 0.026446300924455764 0.090493255878325823 -0.035097648769373553 0.03335947991980516 0.010962218068937742 -0.022714975396894998 -0.044860075691849848 -0.00077548280694777431 -0.046431154664547142 -0.029971690710893017 -0.079417313245574897 -0.062499318245784523 -0.031838771041517992 -0.073356658181563769 -0.089966540229516806 -0.053519555208070821
leaf_weight=280009 2785 3788 2065 2271 3917 2482 2138 2034 2146 2614 3183 2299 2095 2034 2551 2013 3368 2130 2174 3768 11339 2176 2965 2039 18142 2433 2738 10775 2390 13376
leaf_count=280009 2785 3788 2065 2271 3917 2482 2138 2034 2146 2614 3183 2299 2095 2034 2551 2013 3368 2130 2174 3768 11339 2176 2965 2039 18142 2433 2738 10775 2390 13376
internal_value=-0.00162177 -0.0032241 0.0372964 0.00754069 0.0304892 -0.00368692 0.0351605 0.00519361 0.00144988 0.0534024 0.00270164 0.0398678 -0.00383206 -0.00242324 0.000101494 0.0110357 -0.000480602 0.00116408 -0.0028819 -0.0011707 -0.00393223 -0.00332854 -0.00352288 -0.00396294 -0.00369457 -0.00284873 -0.00384383 -0.00379814 -0.00387733 -0.00398569
internal_weight=400237 384419 15818 15840 11139 368579 7222 13569 10126 4679 9522 4437 358453 23811 5734 4047 7980 4612 21777 5942 334642 16253 15835 318389 25004 4472 14077 12870 20532 293385
internal_count=400237 384419 15818 15840 11139 368579 7222 13569 10126 4679 9522 4437 358453 23811 5734 4047 7980 4612 21777 5942 334642 16253 15835 318389 25004 4472 14077 12870 20532 293385
cat_boundaries=0 26 58 84 110 142 161 193
cat_threshold=0 0 0 0 0 0 6144 0 0 81920 0 0 3932160 0 0 23068672 0 0 117440512 0 0 805306368 0 0 0 2 0 0 0 128 0 0 2048 0 0 49152 0 0 55967744 0 0 61865984 0 0 50331648 0 0 4026531840 0 0 0 2 0 0 48 0 0 256 8 0 0 128 0 0 2048 0 0 114688 0 0 20840448 0 0 562036736 0 0 2030043136 0 0 4026531840 0 0 0 7 0 0 0 0 0 0 2048 0 0 0 0 0 7536640 0 0 608174080 0 0 2986344448 3 0 3489660928 1 0 0 3 0 0 0 256 0 0 2048 0 0 851968 0 0 7340032 0 0 235929600 0 0 3825205248 1 0 2147483648 33 0 0 6 0 0 64 0 0 12288 63 0 0 1904 0 0 194304 0 0 667648 0 0 2162688 0 0 68157440 0 0 536870912 0 0 0 64 0 0 4096 0 0 196608 0 0 4259840 0 0 589299712 0 0 536870912 2 0 0 1 0 0 0 0 0 48 0 0 4096
is_linear=0
shrinkage=0.08


Tree=8
num_leaves=31
num_cat=0
split_feature=45 45 45 45 45 21 16 45 19 26 29 18 15 19 41 15 41 23 16 26 45 15 19 19 15 16 30 41 28 28
split_gain=3389.14 465.049 147.494 71.0882 54.3981 34.867 20.937 17.391 20.0814 11.5037 7.19039 7.17196 7.14495 4.45748 2.35273 4.45364 0.937327 0.830072 0.969643 0.47489 0.427687 4.2514 0.639723 0.401918 0.365466 0.153721 0.138759 0.0226155 0.0333096 0.0295487
threshold=30.933854103088382 32.948644638061531 29.828354835510257 34.510505676269538 32.244066238403327 1.5685179829597475 1.6349292397499087 29.01556491851807 1.286515533924103 4.3438315391540536 0.22066116333007815 1.4879485964775088 1.0558935999870303 0.82290345430374157 28.73230075836182 1.4832207560539248 29.016220092773441 29.086227416992191 1.3884117603302004 3.3195387125015263 27.875782966613773 1.6170384883880617 0.84983062744140636 0.65666580200195324 1.0930044651031496 1.26217657327652 2191.5625000000005 27.869449615478519 1006.6646728515626 1002.6515502929689
decision_type=2 2 2 2 2 2 10 2 2 2 2 2 10 2 2 10 2 2 10 2 2 10 2 2 10 10 2 2 2 2
left_child=2 4 7 9 5 11 13 14 12 -3 -8 -2 23 -4 17 24 -14 20 -19 -18 26 22 -22 -9 -16 -24 27 -1 29 -29
right_child=1 3 6 -5 -6 -7 10 8 -10 -11 -12 -13 16 -15 15 -17 19 18 -20 -21 21 -23 25 -25 -26 -27 -28 28 -30 -31
leaf_value=-0.15945679027033749 0.063192416552002487 0.18496685361257348 -0.00045097176204860953 0.3376603865950048 0.15280071960093367 0.16483438433818529 0.094086073814379015 -0.035829434452856933 0.045375400380791298 0.1603835414866053 0.048821689826082884 0.092836473325100255 -0.011051585653129265 0.032354878678663102 -0.049057506368469055 -0.003738359913394159 -0.0040478289301464146 -0.036766212380143999 -0.022103374891373203 0.011421727177302339 -0.061969694364556106 -0.0031186987661616446 -0.036866775165640985 -0.029078254349843704 -0.034714876485962387 -0.025411985383270465 -0.10986088967862534 -0.10327771336364663 -0.10405978435810596 -0.083650534998349763
leaf_weight=267260 3635 2587 2739 3099 3284 2077 2020 9791 2764 2050 3307 2196 2809 3158 7862 3239 2024 3887 2013 2008 41997 2098 2423 2550 2010 2087 2620 2079 5266 2313
leaf_count=267260 3635 2587 2739 3099 3284 2077 2020 9791 2764 2050 3307 2196 2809 3158 7862 3239 2024 3887 2013 2008 41997 2098 2423 2550 2010 2087 2620 2079 5266 2313
internal_value=-0.00181888 0.0312117 -0.00346353 0.0462918 0.0207563 0.0171215 0.00556738 -0.00373829 -0.00155329 0.0398218 0.00919843 0.0139079 -0.00247228 0.0022773 -0.00387637 -0.00282021 -0.000397607 -0.00391774 -0.00296447 0.000383967 -0.00393479 -0.00370956 -0.00386844 -0.00362108 -0.00366404 -0.0029469 -0.00397382 -0.00397963 -0.00380555 -0.0035911
internal_weight=399252 18928 380324 7736 11192 7908 11224 369100 21946 4637 5327 5831 19182 5897 347154 13111 6841 334043 5900 4032 328143 48605 46507 12341 9872 4510 279538 276918 9658 4392
internal_count=399252 18928 380324 7736 11192 7908 11224 369100 21946 4637 5327 5831 19182 5897 347154 13111 6841 334043 5900 4032 328143 48605 46507 12341 9872 4510 279538 276918 9658 4392
is_linear=0
shrinkage=0.08


Tree=9
num_leaves=31
num_cat=9
split_feature=45 45 45 45 45 19 21 45 19 5 5 5 5 5 45 19 43 5 5 45 11 10 11 45 19 11 45 5 5 13
split_gain=2784.45 383.305 127.455 66.8928 36.6729 33.9714 16.3781 15.919 19.9555 14.3412 11.5468 8.29124 7.45412 2.7204 2.08096 1.97842 1.19853 2.42178 0.806981 2.59137 2.3899 0.657858 0.344915 0.286896 0.347813 0.155295 0.14239 1.24866 0.114227 0.0350486
threshold=30.933854103088382 32.948644638061531 29.828354835510257 34.510505676269538 32.244066238403327 1.5547210574150088 1.5178777575492861 28.767078399658207 0.9428338110446931 0 1 2 3 4 30.196853637695316 1.352419435977936 28.769401550292972 5 6 27.477579116821293 1.0940715074539187 1.049688518047333 0.77977752685546886 26.324141502380375 1.0213301777839663 0.84528461098670971 28.007665634155277 7 8 0.9509064555168153
decision_type=2 2 2 2 2 2 2 2 2 9 9 9 9 9 2 2 2 9 9 2 2 2 2 2 2 2 2 9 9 2
left_child=2 4 7 9 5 10 11 16 13 -3 -2 -4 -10 -9 -13 21 18 -18 19 23 -21 -14 28 -1 -25 -19 -20 -28 -15 -29
right_child=1 3 6 -5 -6 -7 -8 8 12 -11 -12 14 15 22 -16 -17 17 25 26 20 -22 -23 -24 24 -26 -27 27 29 -30 -31
leaf_value=-0.25729663342437592 0.08622902685366754 0.17820604032151446 0.047545997848677607 0.31334665081468926 0.14166107853927026 0.15292483158247269 0.094265415514651438 -0.0081745321189821071 0.042079392351549262 0.13909842079087667 0.056131392445032513 -0.0022691496291516794 -0.0014684202460212837 -0.026181108364980547 0.022009550711082966 0.019197191523881666 -0.0054919829154419153 -0.047348419030013814 -0.13465866205282345 -0.054849713299242826 0.0034126176889042298 -0.014270083056930363 -0.019610815293389882 -0.11096640221330166 -0.057779313540144914 -0.039866826239430171 -0.028989195997437826 -0.060423848616924555 -0.035435812730381995 -0.030878596116554604
leaf_weight=21756 2127 2296 3991 3170 3269 2054 2056 2535 2320 2360 3841 2502 2506 2033 2681 2103 2082 5364 261045 3859 2129 3031 3286 2048 2068 2046 2280 29704 14815 2684
leaf_count=21756 2127 2296 3991 3170 3269 2054 2056 2535 2320 2360 3841 2502 2506 2033 2681 2103 2082 5364 261045 3859 2129 3031 3286 2048 2068 2046 2280 29704 14815 2684
internal_value=-0.00198296 0.0278022 -0.00347844 0.0414058 0.0183449 0.0153974 0.00491459 -0.00373352 -0.00204528 0.0351342 0.0123065 0.0034608 0.000938815 -0.00335623 0.00133538 -0.000271541 -0.00389688 -0.00300232 -0.00392271 -0.00352321 -0.00201934 -0.00106508 -0.00366657 -0.00387173 -0.00323413 -0.00367699 -0.00396538 -0.00380045 -0.0038173 -0.00392841
internal_weight=400041 19117 380924 7826 11291 8022 11230 369694 32629 4656 5968 9174 9960 22669 5183 7640 337065 9492 327573 31860 5988 5537 20134 25872 4116 7410 295713 34668 16848 32388
internal_count=400041 19117 380924 7826 11291 8022 11230 369694 32629 4656 5968 9174 9960 22669 5183 7640 337065 9492 327573 31860 5988 5537 20134 25872 4116 7410 295713 34668 16848 32388
cat_boundaries=0 26 58 87 119 145 177 209 241 267
cat_threshold=0 0 0 0 0 0 0 0 0 81920 0 0 3670016 0 0 16777216 0 0 335544320 0 0 805306368 0 0 0 7 0 0 0 0 0 0 2048 0 0 81920 0 0 40108032 0 0 645922816 0 0 33554432 0 0 805306368 0 0 0 3 0 0 0 0 0 256 0 0 0 0 0 0 2048 0 0 81920 0 0 53608448 0 0 595591168 0 0 838860800 0 0 1610612736 0 0 0 7 0 0 32 0 0 0 0 0 0 2048 0 0 0 0 0 50462720 0 0 34603008 0 0 0 1 0 4026531840 0 0 0 3 0 0 0 0 0 4096 0 0 0 128 0 0 2048 0 0 0 0 0 5242880 0 0 562036736 0 0 234881024 3 0 1879048192 1 0 0 1 0 0 0 64 0 0 34816 0 0 0 0 0 0 0 0 595591168 0 0 2768240640 1 0 1342177280 1 0 0 7 0 0 32 0 0 4352 0 0 0 0 0 0 0 0 0 65536 0 0 0 0 0 772800512 0 0 3758096384 2 0 268435456 0 0 0 2 0 0 0 0 0 4096 0 0 0 64 0 0 0 0 0 0 0 0 34603008 0 0 285212672 0 0 419430400 1 0 3758096384 33 0 0 5 0 0 32 0 0 256 644 0 0 4160 0 0 33792 0 0 0 0 0 42729472 0 0 308281344 0 0 16777216 0 0 0 0 0 0 2
is_linear=0
shrinkage=0.08


Tree=10
num_leaves=31
num_cat=0
split_feature=45 45 45 23 20 19 24 17 45 15 37 45 45 41 15 27 15 24 27 31 41 19 17 45 21 20 41 37 1 41
split_gain=2296.51 269.705 158.775 60.6566 38.7681 19.6893 15.6014 11.9203 11.1035 10.3068 9.46662 7.06592 5.23042 3.07285 2.58973 2.24604 2.04172 1.18787 2.37201 1.05101 1.02227 1.29578 0.838669 1.8058 0.4071 0.278259 0.22788 0.257041 0.133809 0.0724994
threshold=31.153537750244144 32.948644638061531 29.828354835510257 35.078453063964851 1.4923238158226015 1.5720022320747378 31.418609619140629 2.4164966344833378 31.936362266540531 0.96496483683586132 1.0000000180025095e-35 30.533614158630375 28.905835151672367 29.314944267272953 1.3218135237693789 1002.8308715820314 1.2156963348388674 29.376892089843754 1001.8374938964845 70.102165222167983 27.430541038513187 1.2097335457801821 1.519934415817261 27.207074165344242 0.89059048891067516 0.93743768334388744 28.513652801513675 -0.57303237915039051 71.750000000000014 27.827211380004886
decision_type=2 2 2 2 2 2 2 10 2 10 2 2 2 2 10 2 10 2 2 2 2 2 10 2 2 2 2 2 2 2
left_child=2 4 6 10 8 9 13 12 -2 -4 -3 15 20 17 24 -11 -15 26 -19 -16 28 25 29 -24 -14 -22 -1 -28 -8 -20
right_child=1 3 5 -5 -6 -7 7 -9 -10 11 -12 -13 14 16 19 -17 -18 18 22 -21 21 -23 23 -25 -26 -27 27 -29 -30 -31
leaf_value=-0.1039608981739959 0.056806091408819655 0.15479653249051509 -0.0059418963651887407 0.28933153725464539 0.15024111086470496 0.10806409755009909 -0.065802855850269529 0.052233316268055323 0.077221964978033575 0.03713164215374351 0.15080648325113219 0.048901558161934686 -0.021837740215096692 -0.044956758938654064 0.015135848959629467 0.016412883993407242 -0.0088020571365377883 -0.010725581616284842 -0.086971884480215339 -0.0037631064027372975 -0.06003678667472101 -0.010071397115640103 -0.13213822756926272 -0.010886344531675019 -0.0088686192035899829 -0.029041246185663696 -0.032351517888928288 -0.047034450701237553 -0.080510301420647148 -0.029082879054353691
leaf_weight=277714 3030 2025 2370 2978 3961 2082 2257 2105 2566 2037 2877 3158 3227 2753 2039 3227 3102 2254 17195 3129 2879 2004 4488 2451 2204 2338 2228 9717 10026 15504
leaf_count=277714 3030 2025 2370 2978 3961 2082 2257 2105 2566 2037 2877 3158 3227 2753 2039 3227 3102 2254 17195 3129 2879 2004 4488 2451 2204 2338 2228 9717 10026 15504
internal_value=-0.002119 0.0262654 -0.00341364 0.0372218 0.017202 0.00531698 -0.00371788 -0.00203464 0.0128748 0.00393557 0.0316107 0.00524573 -0.00244187 -0.00387849 -0.00101009 0.00344027 -0.00205627 -0.00391061 -0.00350838 0.000271919 -0.00321902 -0.00245665 -0.00365194 -0.002843 -0.00222827 -0.00311996 -0.00396865 -0.00360853 -0.00366485 -0.00382268
internal_weight=399925 17437 382488 7880 9557 12874 369614 32208 5596 10792 4902 8422 30103 337406 10599 5264 5855 331551 41892 5168 19504 7221 39638 6939 5431 5217 289659 11945 12283 32699
internal_count=399925 17437 382488 7880 9557 12874 369614 32208 5596 10792 4902 8422 30103 337406 10599 5264 5855 331551 41892 5168 19504 7221 39638 6939 5431 5217 289659 11945 12283 32699
is_linear=0
shrinkage=0.08


Tree=11
num_leaves=31
num_cat=0
split_feature=45 45 45 24 21 19 45 45 45 19 21 45 27 19 31 31 24 41 19 13 35 31 13 41 13 45 19 28 35 19
split_gain=1830.46 234.858 134.125 40.8801 30.9927 25.9127 19.3251 15.0629 10.7874 17.0053 6.75657 5.09135 4.13418 3.57257 3.03981 2.75786 1.33955 1.43364 1.53445 0.774899 0.675576 0.620104 0.527691 0.25966 0.793965 0.216238 0.324724 0.183152 0.103526 0.0692389
threshold=31.153537750244144 33.349782943725593 29.571803092956547 40.766632080078132 1.5685179829597475 1.6641703844070437 31.936362266540531 30.533614158630375 28.495258331298832 1.2027808427810671 0.72380256652832042 32.573343276977546 1001.8374938964845 0.72526931762695324 71.438369750976577 72.459224700927749 29.376892089843754 27.767153739929203 0.91166290640831005 0.82718572020530712 5.8073997497558603 68.025218963623061 1.7107998728752138 28.269337654113773 1.0271405577659609 27.207074165344242 1.1545636653900149 1001.6453247070314 0.99134445190429699 0.63704609870910656
decision_type=2 2 2 2 2 2 2 2 2 2 2 2 2 2 2 2 2 2 2 2 2 2 2 2 2 2 2 2 2 2
left_child=2 4 8 -3 6 7 -2 10 16 13 -4 -8 -12 19 -11 -14 23 22 -19 27 21 -15 25 -1 29 -18 -27 -10 -23 -25
right_child=1 3 5 -5 -6 -7 11 -9 9 14 12 -13 15 20 -16 -17 17 18 -20 -21 -22 28 -24 24 -26 26 -28 -29 -30 -31
leaf_value=-0.10606914193535005 0.055615934890098424 0.15524199554627038 -0.019272604141371722 0.26511646702043717 0.16311240933701066 0.10393122533183533 0.072276506667254006 0.044503669697041989 -0.037159530924463259 0.03602522138255887 0.039161772421367813 0.084314011266767977 0.023371535130391165 -0.013834128220529956 7.0786923968063203e-05 -0.0051191169014446584 -0.13398080682268171 -0.053763083616447757 -0.017495927212521693 -0.012715857664684811 -0.0076978240260909062 -0.02499712698402707 -0.066118879238481865 -0.062566574673297459 -0.02560993355863685 -0.061483895200655961 -0.036935705935962168 -0.03044531982517493 -0.017031653908148755 -0.037486401611430999
leaf_weight=266481 3552 3513 3184 2740 3263 2149 2207 3940 2026 2242 2304 2083 3234 2007 3139 2788 20654 4018 3997 2448 3228 2280 3351 8465 2008 9571 2112 22351 2451 2210
leaf_count=266481 3552 3513 3184 2740 3263 2149 2207 3940 2026 2242 2304 2083 3234 2007 3139 2788 20654 4018 3997 2448 3228 2280 3351 8465 2008 9571 2112 22351 2451 2210
internal_value=-0.00225953 0.0231419 -0.00341241 0.0355402 0.016135 0.00340757 0.0133765 0.00225873 -0.0037413 -0.00253682 0.000795138 0.0169953 0.00199328 -0.00315111 0.00166129 0.000887267 -0.00389854 -0.00348299 -0.00250966 -0.00363183 -0.00185485 -0.00231061 -0.00370082 -0.00396346 -0.00359348 -0.00380091 -0.00351082 -0.00376873 -0.00281038 -0.00386898
internal_weight=399996 17358 382638 6253 11105 17599 7842 15450 365039 42172 11510 4290 8326 36791 5381 6022 322867 43703 8015 26825 9966 6738 35688 279164 12683 32337 11683 24377 4731 10675
internal_count=399996 17358 382638 6253 11105 17599 7842 15450 365039 42172 11510 4290 8326 36791 5381 6022 322867 43703 8015 26825 9966 6738 35688 279164 12683 32337 11683 24377 4731 10675
is_linear=0
shrinkage=0.08


Tree=12
num_leaves=31
num_cat=10
split_feature=45 45 45 45 43 21 5 16 45 16 5 5 33 5 17 24 24 45 16 5 20 5 5 17 5 11 5 11 5 45
split_gain=1451.72 231.015 65.399 43.6633 33.8211 18.8759 17.148 17.0012 9.42523 15.5936 8.02279 7.30959 6.78754 4.93173 4.73319 2.07284 1.44516 1.46344 3.47923 1.34213 1.29365 1.07704 0.820723 0.886364 0.724333 0.592254 0.409164 0.18392 0.138626 0.90479
threshold=30.732134819030765 33.836181640625007 29.441835403442386 31.936362266540531 35.012138366699226 1.5479229092597964 0 1.7446093559265139 28.414020538330082 1.2725729346275332 1 2 23.108544349670414 3 1.5316156744956972 31.218658447265629 29.014984130859379 27.262450218200687 1.8486555218696596 4 1.2852694988250735 5 6 1.20038777589798 7 0.67930930852890026 8 0.77355930209159862 9 26.844254493713382
decision_type=2 2 2 2 2 2 9 10 2 10 9 9 2 9 10 2 2 2 10 9 2 9 9 10 9 2 9 2 9 2
left_child=2 3 8 5 -3 10 -5 11 16 21 -2 -4 -9 -11 -8 -13 28 -18 22 -17 24 25 23 -19 -15 26 -10 -23 29 -1
right_child=1 4 7 6 -6 -7 14 12 9 13 -12 15 -14 20 -16 19 17 18 -20 -21 -22 27 -24 -25 -26 -27 -28 -29 -30 -31
leaf_value=-0.20488025727455195 0.057331603875681598 0.13232761528200698 0.01522849130600923 0.13159861343473245 0.25959665835408269 0.11244869135461474 0.059687957866842244 0.026609314335130779 -0.021722846367153614 0.0218008482504542 0.0249891807975035 -0.026329058506711644 0.072420622329011877 -0.0097393908303393222 0.11038437422751286 0.00099516650572955092 -0.11943317789253571 -0.048131763641516133 -0.003905233028984868 -0.017131683863157231 0.0020017498949800399 -0.03258605988568844 -0.047253911302692193 -0.018567953983225222 -0.029782449419125841 -0.012323411869624773 -0.023825720893001071 -0.020453432457112446 -0.09784058942077821 -0.02878250835113156
leaf_weight=12245 3398 2089 3926 3885 2615 2151 2051 3625 2524 3555 2418 2723 2003 2206 2001 2937 28414 3972 2868 2241 2524 19433 12636 2569 2012 3030 5751 2653 252791 2894
leaf_count=12245 3398 2089 3926 3885 2615 2151 2051 3625 2524 3555 2418 2723 2003 2206 2001 2937 28414 3972 2868 2241 2524 19433 12636 2569 2012 3030 5751 2653 252791 2894
internal_value=-0.00238471 0.0182893 -0.00350772 0.0136675 0.0338532 0.00946371 0.0178699 0.00127455 -0.0037383 -0.00263518 0.00707449 -0.000448425 0.00488968 8.65422e-05 0.0140157 -0.00184876 -0.00388957 -0.00349355 -0.00300068 -0.000908251 -0.00118427 -0.00347427 -0.00338917 -0.00263436 -0.00204163 -0.00282031 -0.00317441 -0.00380458 -0.00396402 -0.0036728
internal_weight=400140 20608 379532 15904 4704 7967 7937 17455 362077 43688 5816 11827 5628 10297 4052 7901 318389 50459 22045 5178 6742 33391 19177 6541 4218 11305 8275 22086 267930 15139
internal_count=400140 20608 379532 15904 4704 7967 7937 17455 362077 43688 5816 11827 5628 10297 4052 7901 318389 50459 22045 5178 6742 33391 19177 6541 4218 11305 8275 22086 267930 15139
cat_boundaries=0 26 58 84 116 142 165 197 223 245 265
cat_threshold=0 0 0 0 0 0 0 0 0 32768 0 0 2883584 0 0 83886080 0 0 369098752 0 0 805306368 0 0 0 7 8 0 0 0 0 0 6144 0 0 98304 0 0 36044800 0 0 109051904 0 0 436207616 0 0 1879048192 0 0 0 7 0 0 0 0 0 256 4 0 0 128 0 0 2048 0 0 114688 0 0 50987008 0 0 562036736 0 0 117440512 1 0 1879048192 0 0 0 2 0 0 0 0 0 0 6144 0 0 2097152 0 0 37879808 0 0 838860800 0 0 1610612736 1 0 3489660928 1 0 0 3 0 0 48 0 0 4096 0 0 0 64 0 0 4096 0 0 2228224 0 0 4194304 0 0 103809024 0 0 1879048192 0 0 0 0 0 0 4 4 0 0 208 0 0 2304 0 0 2949120 0 0 29491200 0 0 948961280 0 0 2667577344 1 0 3489660928 1 0 0 0 1152 0 0 6400 0 0 81920 0 0 10682368 0 0 170917888 0 0 3221225472 3 0 536870912 1 0 0 7 0 0 32 0 0 256 0 0 0 128 0 0 1024 0 0 65536 0 0 19988480 0 0 26214400 0 0 2483027968 2 0 0 0 0 0 4 4 0 0 128 0 0 2048 0 0 65536 0 0 4194304 0 0 9437184 0 0 50331648 0 0 1342177280 0 0 0 128 0 0 0 0 0 65536 0 0 9437184 0 0 201326592 0 0 1610612736 2
is_linear=0
shrinkage=0.08


Tree=13
num_leaves=31
num_cat=9
split_feature=45 45 45 43 20 20 29 43 45 15 17 5 5 5 5 14 45 15 5 5 20 20 5 29 5 32 20 5 45 15
split_gain=1157.98 152.564 79.3489 35.1844 30.4587 15.5314 15.2948 12.9208 11.973 15.9757 8.12921 5.15161 5.06271 4.792 3.04385 2.15416 1.80021 6.16482 2.88456 1.68497 1.39005 1.32725 1.16151 0.876395 0.806918 0.507544 0.313297 0.269666 1.33246 1.62327
threshold=30.933854103088382 33.836181640625007 29.571803092956547 35.012138366699226 1.4478527903556826 1.7280134558677676 0.080165863037109389 32.64001655578614 28.495258331298832 1.2924503087997439 1.20038777589798 0 1 2 3 2.0464737415313725 27.683953285217289 1.4598401188850405 4 5 1.4105407595634463 0.61705803871154796 6 0.32492065429687506 7 593.12612915039074 0.55206340551376354 8 26.780919075012211 1.3950274586677553
decision_type=2 2 2 2 2 2 2 2 2 10 10 9 9 9 9 2 2 10 9 9 2 2 9 2 9 2 2 9 2 10
left_child=2 4 8 -3 7 10 -6 12 16 19 14 -12 -2 -11 -4 -13 27 21 -19 23 24 -18 -23 -10 -15 -25 -21 28 -1 -30
right_child=1 3 5 -5 6 -7 -8 -9 9 13 11 15 -14 20 -16 -17 17 18 -20 26 -22 22 -24 25 -26 -27 -28 -29 29 -31
leaf_value=-0.17655141668734919 0.05070979730494659 0.12112843449621334 0.0058358393592152485 0.23198012104550017 0.12592152621996941 0.074070477409232865 0.10241966266966251 0.072664101428812383 -0.018867378038894923 0.023952430041268166 0.048740263906843641 2.3499427176719436e-06 0.026070350552874686 -0.0050446785176735199 -0.019134662601467348 0.024889732444703109 -0.051528891599532695 0.016825447645105088 -0.024800973973996828 -0.031179107038695975 0.009340313942158061 -0.0077713560601678265 -0.030817223755905045 -0.018623283058602322 -0.024234479394645719 -0.0085743108429147761 -0.018312969785611949 -0.11844136857811964 -0.067046430804660342 -0.015471612207109433
leaf_weight=39263 2773 2080 2395 2591 2914 2117 3717 2741 3303 2925 2642 3254 2177 2384 3436 2154 35160 2126 2803 15746 2308 2069 13145 2898 2118 2702 7652 220484 5086 2565
leaf_count=39263 2773 2080 2395 2591 2914 2117 3717 2741 3303 2925 2642 3254 2177 2384 3436 2154 35160 2126 2803 15746 2308 2069 13145 2898 2118 2702 7652 220484 5086 2565
internal_value=-0.00248711 0.0167862 -0.00344898 0.0293348 0.012676 0.00206447 0.0166535 0.00922945 -0.00369086 -0.00241983 0.00108819 0.00273449 0.00676613 0.000420728 -0.00118541 0.00130582 -0.00385634 -0.00343811 -0.000736182 -0.00327579 -0.000743778 -0.00370229 -0.00307252 -0.00232343 -0.00156206 -0.00171123 -0.00363447 -0.00394271 -0.00374603 -0.00277301
internal_weight=399728 18993 380735 4671 14322 15998 6631 7691 364737 42036 13881 8050 4950 9735 5831 5408 322701 55303 4929 32301 6810 50374 15214 8903 4502 5600 23398 267398 46914 7651
internal_count=399728 18993 380735 4671 14322 15998 6631 7691 364737 42036 13881 8050 4950 9735 5831 5408 322701 55303 4929 32301 6810 50374 15214 8903 4502 5600 23398 267398 46914 7651
cat_boundaries=0 29 61 93 116 148 174 203 232 264
cat_threshold=8 0 0 0 0 0 6144 0 0 2179072 0 0 53608448 0 0 595591168 0 0 33554432 0 0 536870912 0 0 0 7 0 0 32 0 0 0 0 0 0 6144 0 0 114688 0 0 36306944 0 0 595591168 0 0 301989888 0 0 1073741824 0 0 0 5 0 0 0 0 0 256 0 0 0 128 0 0 6144 0 0 2097152 0 0 54657024 0 0 34603008 0 0 536870912 1 0 2415919104 1 0 0 7 0 0 32 0 0 4096 4 0 0 128 0 0 2048 0 0 81920 0 0 21102592 0 0 261095424 0 0 721420288 1 0 268435456 1 0 0 0 0 0 0 0 0 0 65536 0 0 131072 0 0 1043333120 0 0 2818572288 2 0 0 33 0 0 5 0 0 32 0 0 4096 260 0 0 208 0 0 35072 0 0 65536 0 0 29622272 0 0 998244352 0 0 2667577344 3 0 1342177280 1 0 0 5 0 0 0 64 0 0 131072 0 0 8192 0 0 25296896 0 0 0 0 0 0 0 0 2147483648 1 0 0 7 0 0 32 0 0 0 0 0 0 0 0 0 65536 0 0 3211264 0 0 352321536 0 0 3690987520 2 0 0 0 0 0 0 0 0 16 0 0 0 128 0 0 6144 0 0 65536 0 0 2097152 0 0 791674880 0 0 3758096384 3 0 268435456 0 0 0 3 0 0 0 0 0 4096
is_linear=0
shrinkage=0.08


Tree=14
num_leaves=31
num_cat=9
split_feature=23 23 41 41 19 5 43 23 37 5 5 5 37 5 43 14 41 17 5 19 5 5 33 17 5 41 19 17 29 19
split_gain=842.865 117.079 94.9463 34.9535 26.1582 25.4376 17.0442 14.0218 9.10261 8.8242 6.04932 5.73935 5.71425 5.3407 4.97041 4.05096 3.59418 11.7303 4.56739 2.01195 1.72684 1.51648 0.920736 0.703013 0.58717 1.55843 2.4152 0.423309 0.781977 0.296785
threshold=31.418525695800785 35.078453063964851 29.314944267272953 30.378687858581547 1.7707731127738955 0 30.12672328948975 29.00846099853516 0.25881958007812506 1 2 3 0.46410751342773443 4 29.290386199951175 1.6285281181335451 27.847079277038578 1.519934415817261 5 0.69535836577415477 6 7 17.580479621887211 1.1618094444274905 8 26.345618247985843 1.2298029065132143 0.81668028235435497 0.58821487426757824 0.85524356365203869
decision_type=2 2 2 2 2 9 2 2 2 9 9 9 2 9 2 2 2 10 9 2 9 9 2 10 9 2 2 10 2 2
left_child=2 3 7 11 6 8 13 16 -5 15 -8 -2 -7 14 -4 22 24 19 -19 -18 27 -21 -9 -15 25 -1 29 -11 -29 -27
right_child=1 -3 4 5 -6 12 10 9 -10 20 -12 -13 -14 23 -16 -17 17 18 -20 21 -22 -23 -24 -25 -26 26 -28 28 -30 -31
leaf_value=-0.14041020665799658 0.060962978056936762 0.20740208533985593 -0.0096932571934450606 0.11379643102138787 0.10724249700179096 0.055404966829218825 0.056899130768284421 0.00028845459447690509 0.12969608608993421 -0.013651760057806946 0.018487674161055134 0.017106864417619383 0.077859648683497457 -0.035863742308611626 0.024755217943299233 0.020438041753943849 -0.03819589316248289 0.028727662003237179 -0.013722907697522031 -0.004327009888646669 -0.022198737843131321 -0.021647578134875736 -0.015120823777705763 -0.018384026371940788 -0.093069945795863016 -0.049784092685103268 -0.0067435476419452269 -0.0025431359562427024 -0.016681739812147666 -0.036426304632775776
leaf_weight=30859 2094 3122 3875 2481 2051 3686 2329 2003 2002 2385 3976 2006 2071 2679 2994 3653 41376 2083 2325 2057 9201 6857 2948 2452 239797 6424 2048 2208 2859 2905
leaf_count=30859 2094 3122 3875 2481 2051 3686 2329 2003 2002 2385 3976 2006 2071 2679 2994 3653 41376 2083 2325 2057 9201 6857 2948 2452 239797 6424 2048 2208 2859 2905
internal_value=-0.00257725 0.0146058 -0.00336237 0.0115345 0.00195306 0.0140332 0.000990444 -0.00366133 0.0185805 -0.00184225 0.00435471 0.00527494 0.0104158 -0.000779351 0.000679924 0.000239331 -0.00379771 -0.00320231 0.000753281 -0.00354911 -0.00291561 -0.00245361 -0.00125056 -0.00272646 -0.00391306 -0.00362136 -0.00281619 -0.00199786 -0.00158125 -0.00336182
internal_weight=399806 17462 382344 14340 20356 10240 18305 361988 4483 25257 6305 4100 5757 12000 6869 8604 336731 54698 4408 50290 16653 8914 4951 5131 282033 42236 11377 7452 5067 9329
internal_count=399806 17462 382344 14340 20356 10240 18305 361988 4483 25257 6305 4100 5757 12000 6869 8604 336731 54698 4408 50290 16653 8914 4951 5131 282033 42236 11377 7452 5067 9329
cat_boundaries=0 29 61 87 116 142 168 187 213 245
cat_threshold=0 0 0 0 0 0 0 0 0 0 0 0 3932160 0 0 16777216 0 0 100663296 0 0 805306368 0 0 0 6 0 0 32 0 0 0 128 0 0 34816 0 0 0 0 0 57016320 0 0 655360000 0 0 1644167168 3 0 4026531840 33 0 0 7 0 0 48 0 0 4352 0 0 0 64 0 0 0 0 0 98304 0 0 1179648 0 0 12582912 0 0 50331648 0 0 1879048192 0 0 0 7 0 0 0 0 0 0 0 0 0 32768 0 0 35651584 0 0 100663296 0 0 1040187392 0 0 2684354560 0 0 0 7 0 0 48 8 0 0 128 0 0 2048 0 0 2211840 0 0 41549824 0 0 889192448 0 0 2030043136 1 0 2952790016 0 0 0 3 0 0 0 0 0 0 2048 0 0 65536 0 0 54525952 0 0 369098752 0 0 3758096384 3 0 3758096384 33 0 0 7 4 0 0 1088 0 0 16640 0 0 4030464 0 0 1572864 0 0 413138944 0 0 2634022912 0 0 0 64 0 0 132096 0 0 65536 0 0 25296896 0 0 33554432 0 0 134217728 1 0 3489660928 1 0 0 4 0 0 0 128 0 0 6144 0 0 65536 0 0 15728640 0 0 707788800 0 0 3774873600 0 0 0 0 0 0 3 0 0 0 0 0 4096
is_linear=0
shrinkage=0.08


Tree=15
num_leaves=31
num_cat=0
split_feature=42 43 41 41 19 17 29 42 42 43 14 20 19 41 15 19 20 30 3 41 12 26 3 14 37 27 15 43 29 3
split_gain=677.495 116.403 45.7421 40.7221 22.7408 19.1764 13.8864 13.0217 8.71058 6.93815 6.80366 6.41673 5.58716 3.32647 8.95071 2.52543 2.4891 2.2961 1.62467 1.03926 1.03481 1.01725 0.76687 1.05331 0.677368 0.57308 0.911956 2.72691 1.86004 0.72234
threshold=30.63474273681641 35.012138366699226 29.101341247558597 30.225848197937015 1.7150374054908755 1.20038777589798 0.16542053222656253 33.01243972778321 28.689712524414066 29.194940567016605 1.9569863080978396 1.4105407595634463 1.0688381195068362 27.847079277038578 1.6042402386665346 0.61609953641891491 0.61705803871154796 736.81250000000011 28.420645713806156 28.485527992248539 1.4324668049812319 5.631399631500245 118.66753387451173 0.6661527454853059 0.63379287719726574 1009.5068664550782 1.0468526482582095 26.527865409851078 0.62221145629882824 341.06002807617193
decision_type=2 2 2 2 2 10 2 2 2 2 2 2 2 2 10 2 2 2 2 2 2 2 2 2 2 2 10 2 2 2
left_child=2 3 8 10 7 18 -7 12 13 20 -2 15 -5 25 16 -10 -15 -11 -4 24 -8 22 23 -18 -17 26 -1 -28 -29 -30
right_child=1 -3 5 4 -6 6 9 -9 11 17 -12 -13 -14 14 -16 19 21 -19 -20 -21 -22 -23 -24 -25 -26 -27 27 28 29 -31
leaf_value=-0.062196572649595223 0.0076369582912482106 0.19161063710276405 -0.029120162647964822 0.025802267373012874 0.12716580808732045 0.071044498037077436 0.00081590559008722638 0.071043790237553125 -0.01993768597915763 0.033326223454087464 0.038352900744575216 0.01373037198774851 0.059231557259888983 -0.042836078124145922 0.010569755206953153 -0.021207030133162195 -0.014048752756131764 0.0126655232558055 -0.010022999228025957 -0.0054338616738065287 -0.021770490803180418 -0.031388626837138521 -0.032113381689341074 -0.0024315666612791022 -0.0086352189638854611 -0.10258206399380294 -0.13719440383007794 0.00011462851401472647 -0.014907121486292212 -0.052220964625334376
leaf_weight=41043 3421 3138 5957 2993 3074 2043 2173 3883 16574 2102 3872 2237 3385 28103 2796 6508 2330 3394 3307 4636 2716 3097 4133 2863 2045 211742 19057 2024 2055 3655
leaf_count=41043 3421 3138 5957 2993 3074 2043 2173 3883 16574 2102 3872 2237 3385 28103 2796 6508 2330 3394 3307 4636 2716 3097 4133 2863 2045 211742 19057 2024 2055 3655
internal_value=-0.00262736 0.0104701 -0.00345417 0.00827832 0.010906 0.000112062 0.00216498 0.00908149 -0.00367214 0.000975468 0.00346542 -0.00241175 0.00683907 -0.00379697 -0.00314244 -0.00272233 -0.00344445 0.00292336 -0.00264136 -0.00189378 -0.00121576 -0.00249755 -0.00207626 -0.00142456 -0.00241644 -0.00389828 -0.00369165 -0.00332391 -0.00205269 -0.00279021
internal_weight=400356 23766 376590 20628 13335 21692 12428 10261 354898 10385 7293 32000 6378 322898 43322 29763 40526 5496 9264 13189 4889 12423 9326 5193 8553 279576 67834 26791 7734 5710
internal_count=400356 23766 376590 20628 13335 21692 12428 10261 354898 10385 7293 32000 6378 322898 43322 29763 40526 5496 9264 13189 4889 12423 9326 5193 8553 279576 67834 26791 7734 5710
is_linear=0
shrinkage=0.08


Tree=16
num_leaves=31
num_cat=1
split_feature=24 24 43 20 43 24 43 17 17 15 23 37 1 23 15 40 6 24 10 33 43 11 20 25 20 20 23 26 24 37
split_gain=587.459 94.7307 53.6967 19.0318 14.8354 12.3005 11.3902 9.81901 7.22068 6.56119 5.59966 4.6265 4.04257 3.26479 3.92798 3.12314 3.03458 2.72759 1.60923 1.21348 1.03356 4.34649 1.39417 0.99483 0.914032 0.6158 0.722139 0.548072 0.869259 0.481695
threshold=35.282257080078132 40.766632080078132 29.400737762451175 1.4478527903556826 30.94681549072266 29.203811645507816 32.64001655578614 2.3892039060592656 2.4164966344833378 1.3320141434669497 31.967407226562504 0.62075042724609386 77.250000000000014 27.620227813720707 1.1870377659797671 1.2308702468872073 0 31.317260742187504 1.0295693278312685 12.412224292755129 27.643452644348148 0.96724757552146923 0.61705803871154796 3.0450302362442021 1.2449809908866885 0.5463639795780183 28.534973144531254 5.0919346809387216 29.962844848632816 0.96867370605468761
decision_type=2 2 2 2 2 2 2 10 10 10 2 2 2 2 10 2 1 2 2 2 2 2 2 2 2 2 2 2 2 2
left_child=2 3 5 6 9 20 11 10 13 17 -5 -2 -6 -7 25 -11 -16 -4 -19 -18 -1 22 -22 -24 -17 -15 -27 28 -28 -21
right_child=1 -3 4 7 12 8 -8 -9 -10 15 -12 -13 -14 14 16 24 19 18 -20 29 21 -23 23 -25 -26 26 27 -29 -30 -31
leaf_value=-0.098325814098751255 0.012536839959216499 0.17039065785015325 -0.021818627489458731 0.038294611600134754 0.076964671610453339 -0.071902151082766541 0.062362739520781939 0.13224274099842104 0.016105352512169491 0.021927216352263849 0.071286191020390716 0.037197732427334644 0.016415862141778727 -0.020885563827887799 0.0074449652192296089 -0.009071018972256973 -0.0016741844692104832 0.002369956307444561 -0.017038396818953552 -0.025863908487908059 -0.0393213166365948 -0.0020966759548178343 -0.0091440734322448033 -0.019164044413869694 0.010474335218163194 -0.032998275908196914 -0.0013711488678331205 -0.018771300415397343 -0.019183946919305545 -0.011025956992182144
leaf_weight=234201 3315 3074 4401 2248 2083 27927 3503 2795 2966 2603 3581 2077 2393 12335 3067 2250 2018 3029 2837 6528 40021 2503 2474 4791 2511 6833 2054 3325 4728 2006
leaf_count=234201 3315 3074 4401 2248 2083 27927 3503 2795 2966 2603 3581 2077 2393 12335 3067 2250 2018 3029 2837 6528 40021 2503 2474 4791 2511 6833 2054 3325 4728 2006
internal_value=-0.0026871 0.0104697 -0.00340057 0.0081878 0.000425554 -0.00363699 0.00558113 0.0108668 -0.00271594 -0.00061924 0.00896797 0.00326398 0.00453321 -0.00287789 -0.00243837 0.00120206 -0.00131455 -0.00192547 -0.000793738 -0.00195687 -0.0038762 -0.00354136 -0.0037133 -0.00268591 -1.76073e-05 -0.00296056 -0.00264307 -0.00220896 -0.00179152 -0.00237547
internal_weight=400477 20593 379884 17519 22107 357777 8895 8624 73787 17631 5829 5392 4476 70821 42894 7364 13619 10267 5866 10552 283990 49789 47286 7265 4761 29275 16940 10107 6782 8534
internal_count=400477 20593 379884 17519 22107 357777 8895 8624 73787 17631 5829 5392 4476 70821 42894 7364 13619 10267 5866 10552 283990 49789 47286 7265 4761 29275 16940 10107 6782 8534
cat_boundaries=0 1
cat_threshold=2
is_linear=0
shrinkage=0.08


Tree=17
num_leaves=31
num_cat=11
split_feature=24 24 41 41 12 24 5 24 5 17 41 19 27 5 15 5 27 24 5 5 19 41 19 5 19 41 5 5 5 5
split_gain=476.806 70.9543 52.5896 23.9978 21.7101 17.1704 13.9981 12.8054 8.14264 7.62876 5.33284 9.33984 4.80953 4.61248 3.8898 3.12535 2.9783 2.27714 1.91986 1.46067 1.39855 1.24127 3.10484 2.06523 0.932548 1.10672 0.830731 0.786848 0.694102 0.462125
threshold=35.282257080078132 40.766632080078132 29.016220092773441 29.201843261718754 2.0874423980712895 31.116546630859379 0 29.014984130859379 1 1.3366446495056155 26.105274200439457 1.56354296207428 1005.1331176757814 2 1.273664712905884 3 1000.1585998535157 34.128204345703132 4 5 0.93822118639945995 27.827211380004886 0.69535836577415477 6 0.61253392696380626 27.786580085754398 7 8 9 10
decision_type=2 2 2 2 2 2 9 2 9 10 2 2 2 9 10 9 2 2 9 9 2 2 2 9 2 2 9 9 9 9
left_child=2 3 7 -2 6 14 9 21 12 -5 -9 13 -7 19 29 -8 -10 18 -18 -12 26 -1 -23 -24 -21 -26 -15 -22 -27 -4
right_child=1 -3 5 4 -6 8 15 10 16 -11 11 -13 -14 20 -16 -17 17 -19 -20 24 27 22 23 -25 25 28 -28 -29 -30 -31
leaf_value=-0.080157864068395646 0.0050814139298429864 0.15790947703024524 -0.017846925821892467 0.032545844318442513 0.12073991769991983 0.065076421103159005 0.052512031175948097 -0.083473562598355117 0.026104996208260966 0.067734971365674634 -0.00035279705205091058 0.030826354809013874 0.015164691175614555 -0.014548972465852706 -0.0034147086491203129 0.017461174618577793 0.0074160191807574197 0.017203112244185702 -0.0099077243004025272 -0.016477799323721527 -0.0035063998054108252 -0.035027712971602031 -0.026765211688887642 0.0018955089666625334 -0.025049234462547823 -0.01220196818463609 -0.027869684962941989 -0.023699634502575079 0.0003591220679850589 -0.031581675122840609
leaf_weight=239260 2903 3037 2267 2064 3074 2014 3080 22145 2275 3857 3877 2361 2047 9809 3671 2503 2539 2406 5174 3995 2295 29111 2114 2022 3870 3451 19640 5424 2765 5305
leaf_count=239260 2903 3037 2267 2064 3074 2014 3080 22145 2275 3857 3877 2361 2047 9809 3671 2503 2539 2406 5174 3995 2295 29111 2114 2022 3870 3451 19640 5424 2765 5305
internal_value=-0.00271727 0.00915861 -0.00335901 0.00718975 0.00851165 -2.59948e-06 0.00690498 -0.003623 0.00164349 0.00961387 -0.00272982 -0.0023227 0.00474295 -0.00253381 -0.00241109 0.00399572 0.000620589 3.19864e-05 -0.000638613 -0.00147692 -0.0030427 -0.0038839 -0.00342148 -0.00136614 -0.00185547 -0.00144453 -0.00329529 -0.00207996 -0.000781241 -0.00344606
internal_weight=400355 20518 379837 17481 14578 27698 11504 352139 16455 5921 79632 57487 4061 55126 11243 5583 12394 10119 7713 17958 37168 272507 33247 4136 14081 10086 29449 7719 6216 7572
internal_count=400355 20518 379837 17481 14578 27698 11504 352139 16455 5921 79632 57487 4061 55126 11243 5583 12394 10119 7713 17958 37168 272507 33247 4136 14081 10086 29449 7719 6216 7572
cat_boundaries=0 29 55 87 113 135 167 190 209 225 245 268
cat_threshold=0 0 0 0 0 0 2048 0 0 49152 0 0 37486592 0 0 25165824 0 0 402653184 0 0 2952790016 0 0 0 1 0 0 32 0 0 0 0 0 0 6144 0 0 212992 0 0 5242880 0 0 0 0 0 16777216 1 0 805306368 0 0 0 7 4 0 0 1088 0 0 33024 0 0 589824 0 0 14811136 0 0 671088640 0 0 4127195136 3 0 3758096384 33 0 0 5 0 0 48 0 0 4352 0 0 0 0 0 0 0 0 0 65536 0 0 131072 0 0 641728512 0 0 620756992 0 0 0 0 0 0 2 8 0 0 128 0 0 0 0 0 2105344 0 0 19005440 0 0 587202560 0 0 33554432 0 0 1073741824 0 0 0 0 0 0 0 0 0 0 0 0 8388608 0 0 0 0 0 3254779904 1 0 0 33 0 0 1 0 0 48 0 0 4096 0 0 0 192 0 0 0 0 0 32768 0 0 57409536 0 0 787480576 0 0 100663296 0 0 268435456 1 2 0 0 48 0 0 151040 0 0 1323008 0 0 0 0 0 11534336 0 0 150994944 0 0 0 128 0 0 2048 0 0 2097152 0 0 50331648 0 0 35651584 0 0 0 0 0 0 0 0 0 0 0 0 2228224 0 0 671088640 0 0 872415232 2 0 0 0 32 0 0 32768 0 0 520192 0 0 37879808 0 0 138412032 0 0 1946157056 1 0 0 1
is_linear=0
shrinkage=0.08


Tree=18
num_leaves=31
num_cat=2
split_feature=44 43 43 19 19 23 40 31 21 43 19 11 32 25 27 10 27 19 44 40 6 6 19 12 25 27 19 43 0 18
split_gain=381.252 65.7762 28.8577 22.4828 18.7767 14.1203 13.6536 5.88871 4.30158 4.25811 10.1222 3.79941 3.37008 3.14635 2.81203 2.72049 2.49546 2.14971 1.96032 1.54334 1.48574 1.43712 1.42563 1.20017 0.940773 0.696131 0.701519 2.60068 0.744074 0.65317
threshold=30.332028388977054 35.012138366699226 28.466056823730472 1.5720022320747378 1.0774706006050112 33.01243972778321 2.838754534721375 70.343826293945327 0.83982253074646007 27.287828445434574 0.69535836577415477 0.67930930852890026 771.90872192382824 2.971573114395142 1004.1149902343751 1.3014652132987978 1002.2657775878907 1.4206603169441225 27.862637519836429 1.1673364639282229 0 1 0.6070137917995454 0.7881358563899995 2.7241977453231816 1009.2343139648439 0.97652113437652599 25.328434944152836 23.750000000000004 0.43038401007652288
decision_type=2 2 2 2 2 2 2 2 2 2 2 2 2 2 2 2 2 2 2 2 1 1 2 2 2 2 2 2 2 2
left_child=2 3 9 5 11 7 -5 8 -2 18 23 22 14 -7 -6 -10 -9 19 25 20 24 -16 29 -11 -12 26 -1 -28 -29 -4
right_child=1 -3 4 6 12 13 -8 16 15 10 17 -13 -14 -15 21 -17 -18 -19 -20 -21 -22 -23 -24 -25 -26 -27 27 28 -30 -31
leaf_value=-0.070354551530387457 0.0038833454889095364 0.15899829649874139 -0.035119466764837778 0.098158406236650453 0.019052107604819738 0.064190900423528402 0.043331305517595058 0.01606747537935984 0.039836970205620402 -0.035989943984598413 0.0047281178513599266 -0.007800576181078869 0.036629864454713869 0.038592170402024527 -0.013158733229589069 0.02621324848825806 -0.010408094585854209 0.007547923446794026 -0.020913676448697755 -0.028934139147829926 -0.023895929305384561 0.010642173716063425 -0.013072930317656778 -0.015906620226810834 -0.0065564325632234566 -0.11471395471146265 -0.19892700254947365 -0.036058787077829592 -0.013205458881018369 -0.015187506621307816
leaf_weight=24352 2424 3116 6849 3524 3758 2096 2039 2403 3005 57950 2033 11635 2153 2087 2997 3948 2296 2027 2385 8681 4012 2404 7630 5061 2033 192733 12325 3753 2720 15993
leaf_count=24352 2424 3116 6849 3524 3758 2096 2039 2403 3005 57950 2033 11635 2153 2087 2997 3948 2296 2027 2385 8681 4012 2404 7630 5061 2033 192733 12325 3753 2720 15993
internal_value=-0.00274765 0.00644233 -0.00341065 0.00500806 -0.0016889 0.00364793 0.00945774 0.00243192 0.00358922 -0.00369795 -0.0031986 -0.00246618 0.00120403 0.0077243 0.000532663 0.00459974 0.00011977 -0.00156757 -0.00386923 -0.00186511 -0.00106726 -0.000636482 -0.00293577 -0.00368455 1.37044e-05 -0.00389233 -0.00359685 -0.00322374 -0.00192072 -0.00325258
internal_weight=400422 26938 373484 23822 53419 18259 5563 14076 9377 320065 81797 42107 11312 4183 9159 6953 4699 18786 238268 16759 8078 5401 30472 63011 4066 235883 43150 18798 6473 22842
internal_count=400422 26938 373484 23822 53419 18259 5563 14076 9377 320065 81797 42107 11312 4183 9159 6953 4699 18786 238268 16759 8078 5401 30472 63011 4066 235883 43150 18798 6473 22842
cat_boundaries=0 1 2
cat_threshold=10 12
is_linear=0
shrinkage=0.08


Tree=19
num_leaves=31
num_cat=0
split_feature=23 23 24 41 41 19 41 19 17 18 25 33 33 41 28 12 17 12 43 39 41 19 0 21 18 11 11 18 43 1
split_gain=328.939 46.8113 33.749 20.8149 14.1882 13.0699 11.1314 12.5147 8.91636 5.26646 4.68344 3.35104 2.85327 2.75757 2.39979 2.09995 2.01244 2.49988 1.93632 1.81956 1.49296 1.19665 1.72522 1.19493 1.18768 1.15126 1.06607 0.974817 0.797568 0.820638
threshold=30.479167938232425 35.078453063964851 31.317260742187504 29.949701309204105 28.662018775939945 1.1441886425018313 27.641057968139652 0.61609953641891491 2.1236810684204106 2.3971341848373418 3.7920384407043461 24.785856246948246 24.131520271301273 29.201843261718754 1002.2346801757814 1.5582545995712282 1.508604168891907 1.4790672063827517 28.154544830322269 0.64038631319999706 26.5946798324585 0.82290345430374157 21.250000000000004 0.84274867177009594 0.43994699418544775 0.92667770385742199 0.80490821599960338 0.92107129096984874 28.612201690673832 85.750000000000014
decision_type=2 2 2 2 2 2 2 2 10 2 2 2 2 2 2 2 10 2 2 2 2 2 2 2 2 2 2 2 2 2
left_child=2 3 6 13 12 11 18 24 14 15 16 -5 20 -2 -6 -7 19 -18 -1 25 -4 -16 -23 -22 -8 -9 28 -20 -26 -30
right_child=1 -3 4 5 8 9 7 10 -10 -11 -12 -13 -14 -15 21 -17 17 -19 27 -21 23 22 -24 -25 26 -27 -28 -29 29 -31
leaf_value=-0.079412219755720825 -0.0028025063436399244 0.13642834677111451 -0.050843188851938878 0.032509046857090836 0.010800299592990172 0.052186618608049858 -0.035952389192335107 -0.0056832774878510621 0.056657847339095894 0.095477756435429537 -0.019949594978753673 0.0099579964255800974 -0.0018953893500424576 0.02167352856308909 -0.015880759186431233 0.052396636741463602 0.017702827995171574 -0.0091665800250969581 -0.023367712310150314 -0.031540007973638359 -0.031560162583204654 0.0122295301512041 -0.0096602336504110174 -0.013514802330387416 -0.025385602466011816 0.0036813760528230915 -0.0061463774176713816 -0.0082156668923087806 -0.014990930459815715 -0.0059896418282143985
leaf_weight=248127 3662 3098 8332 3914 3377 3053 20951 6095 2626 2685 9304 2514 3820 3511 2921 2926 2417 2581 2313 2464 4283 2116 3096 7380 23428 2176 2302 2686 9005 3035
leaf_count=248127 3662 3098 8332 3914 3377 3053 20951 6095 2626 2685 9304 2514 3820 3511 2921 2926 2417 2581 2313 2464 4283 2116 3096 7380 23428 2176 2302 2686 9005 3035
internal_value=-0.00274975 0.00606582 -0.0033464 0.00477935 -0.00108438 0.00646484 -0.00360118 -0.00280098 0.000922945 0.00849251 -0.00130267 0.00372289 -0.00227576 0.00122901 -3.81954e-05 0.0071471 -0.00046065 0.000864216 -0.00386584 -0.00107771 -0.00265834 -0.000782514 -5.51522e-05 -0.00207076 -0.00343948 -0.000507669 -0.00316887 -0.00229906 -0.0032773 -0.00274191
internal_weight=400198 25363 374835 22265 37951 15092 336884 83758 14136 8664 25037 6428 23815 7173 11510 5979 15733 4998 253126 10735 19995 8133 5212 11663 58721 8271 37770 4999 35468 12040
internal_count=400198 25363 374835 22265 37951 15092 336884 83758 14136 8664 25037 6428 23815 7173 11510 5979 15733 4998 253126 10735 19995 8133 5212 11663 58721 8271 37770 4999 35468 12040
is_linear=0
shrinkage=0.08


Tree=20
num_leaves=31
num_cat=13
split_feature=45 5 45 45 15 5 45 29 6 5 45 5 5 31 5 13 5 18 5 24 45 5 7 44 5 39 15 5 5 15
split_gain=318.6 44.8382 32.2163 30.2759 16.0775 10.3255 8.729 4.80688 4.78647 8.3613 4.62544 7.80015 3.57734 3.32319 2.96289 2.66993 2.31472 2.1582 1.71824 1.51339 1.64508 2.07301 1.33726 1.29157 1.34994 1.24897 1.30629 1.56922 1.15451 1.1285
threshold=30.196853637695316 0 28.101893424987797 33.349782943725593 0.88150107860565197 1 31.64718055725098 0.049892425537109382 2 3 27.477579116821293 4 5 43.070329666137702 6 0.63467091321945202 7 0.44652090966701513 8 28.221801757812504 26.515492439270023 9 1.5000000000000002 28.279472351074222 10 0.64038631319999706 1.1772981882095339 11 12 1.4832207560539248
decision_type=2 9 2 2 10 9 2 2 1 9 2 9 9 2 9 2 9 2 9 2 2 9 2 2 9 2 10 9 9 10
left_child=2 3 10 -2 12 6 29 -8 9 -6 19 15 17 -9 25 -12 -17 -4 -11 -1 -21 -22 -19 -24 -25 26 -10 -28 -27 -3
right_child=1 5 4 -5 8 -7 7 13 14 18 11 -13 -14 -15 -16 16 -18 22 -20 20 21 -23 23 24 -26 28 27 -29 -30 -31
leaf_value=-0.090980500898972777 0.070449915431340576 0.012908226761940518 -0.027835848587101166 0.15130690028111032 0.039476955508090765 0.012019408862587509 0.073419569043551236 0.032060135364450563 -0.007889375584801777 -0.011569293247947095 -0.01937979211377067 -0.03032567262783872 -0.02143937398532185 0.057803775775743332 -0.015126861675504005 -0.012286963721721509 0.0095731774558622616 -0.013354862397269747 0.0034436069458968427 -0.10187393003323708 -0.021683952798895324 -0.03830256511818924 -0.015925769512861298 0.0020609822411599608 -0.0049106098732749999 -0.021106954838068747 -0.0019960000037780594 0.017483174639261915 0.0026663637420111398 0.03550526373258385
leaf_weight=206736 3271 2383 3646 2471 2564 6905 2205 2122 2047 2034 4070 37294 25490 3053 9577 3553 2244 7119 3597 26363 4953 12593 2344 2462 5812 3004 2548 2359 2166 3002
leaf_count=206736 3271 2383 3646 2471 2564 6905 2205 2122 2047 2034 4070 37294 25490 3053 9577 3553 2244 7119 3597 26363 4953 12593 2344 2462 5812 3004 2548 2359 2166 3002
internal_value=-0.00275889 0.00590795 -0.00334701 0.0121194 -0.00188536 0.00408126 0.0054298 0.00722057 -0.000435499 0.00120998 -0.00372372 -0.00299515 -0.0028098 0.00586692 -0.00105723 -0.000989988 0.000112277 -0.0020414 -0.000517431 -0.00386069 -0.00343077 -0.00282661 -0.00167623 -0.00110576 -0.000634477 -0.000225297 0.000474439 0.00118202 -0.00116602 0.00297683
internal_weight=399987 25412 374575 5742 76769 19670 12765 7380 29896 8195 297806 47161 46873 5175 21701 9867 5797 21383 5631 250645 43909 17546 17737 10618 8274 12124 6954 4907 5170 5385
internal_count=399987 25412 374575 5742 76769 19670 12765 7380 29896 8195 297806 47161 46873 5175 21701 9867 5797 21383 5631 250645 43909 17546 17737 10618 8274 12124 6954 4907 5170 5385
cat_boundaries=0 29 61 62 88 120 142 174 196 215 244 260 286 312
cat_threshold=0 0 0 0 0 0 0 0 0 0 0 0 35651584 0 0 0 0 0 0 0 0 805306368 0 0 0 3 0 0 32 0 0 0 0 0 0 2048 0 0 114688 0 0 1835008 0 0 645922816 0 0 251658240 0 0 1073741824 0 0 0 4 0 0 16 0 0 256 2 2 0 0 64 0 0 133120 0 0 65536 0 0 29491200 0 0 808452096 0 0 822083584 1 0 1879048192 1 0 0 2 0 0 0 128 0 0 133120 0 0 212992 0 0 31588352 0 0 1059061760 0 0 3892314112 3 0 2415919104 33 0 0 5 0 0 16 0 0 4096 4 0 0 1232 0 0 166656 0 0 3993600 0 0 12779520 0 0 939524096 0 0 2902458368 0 0 2415919104 24 0 0 128 0 0 6144 0 0 65536 0 0 32571392 0 0 58720256 0 0 3154116608 1 0 3489660928 33 0 0 7 0 0 48 0 0 4096 0 0 0 0 0 0 2048 0 0 81920 0 0 19005440 0 0 855638016 0 0 3355443200 3 0 2147483648 793 0 0 4736 0 0 107520 0 0 1310720 0 0 1835008 0 0 29360128 0 0 2147483648 0 0 0 0 0 0 6144 0 0 528384 0 0 7929856 0 0 202375168 0 0 3774873600 3 0 2147483648 35 0 0 3 0 0 32 0 0 0 1024 0 0 32768 0 0 3153920 0 0 4259840 0 0 268435456 8 0 0 0 0 0 0 0 0 65536 0 0 16842752 0 0 16777216 0 0 2885681152 0 0 1073741824 0 0 0 4 8 0 0 0 0 0 0 0 0 65536 0 0 24117248 0 0 0 0 0 2617245696 0 0 3221225472 1 0 0 2
is_linear=0
shrinkage=0.08


Tree=21
num_leaves=31
num_cat=11
split_feature=45 45 5 28 19 19 19 5 24 19 5 45 19 5 5 5 5 15 24 14 5 15 33 41 5 12 13 5 38 5
split_gain=269.279 36.0161 33.4984 27.6809 17.3198 10.434 8.56071 8.22099 5.76888 3.53009 3.19035 3.18096 6.71635 3.12246 2.85028 2.47215 2.05283 1.87343 1.74524 1.72756 1.8091 1.51565 1.3312 1.24945 2.31222 2.16868 1.24514 1.17486 0.937562 0.915282
threshold=30.358722686767582 28.101893424987797 0 997.98031616210949 0.6070137917995454 1.1441886425018313 1.8206238150596621 1 28.323699951171879 1.5720022320747378 2 26.324141502380375 1.0213301777839663 3 4 5 6 1.4598401188850405 29.141311645507816 1.7852091789245608 7 1.2924503087997439 11.231423854827883 27.464397430419925 8 0.54286316037178051 0.55345439910888683 9 0.28543519973754888 10
decision_type=2 2 9 2 2 2 2 9 2 2 9 2 2 9 9 9 9 10 2 2 9 10 2 2 9 2 2 9 2 9
left_child=1 8 3 -2 16 10 13 -7 23 -9 21 -10 14 19 -13 -14 18 -17 -3 27 -21 -4 -15 -1 25 -25 28 -6 -20 -16
right_child=2 4 5 -5 6 7 -8 9 11 -11 -12 12 15 22 29 17 -18 -19 26 20 -22 -23 -24 24 -26 -27 -28 -29 -30 -31
leaf_value=-0.083693609120152196 0.14093001023596777 -0.018018031421156003 0.01501595266977219 0.063778094026094717 -0.01407963891712714 0.023910553138284298 0.051089776348036527 0.051022260854889166 -0.10286223171613156 0.079914550500375575 0.0028145183891654271 -0.0052611606901900769 -0.017929062659446923 0.0018640966571897379 -0.024983097946372629 -0.0094274585167605125 -0.020926215571164891 0.016049476036963831 -0.016792725936050273 0.020685213160889324 -0.0031380163498421799 0.031094006574660122 -0.010095859141038679 -0.03831399066728617 -0.036927994642553495 0.0013752810351666486 0.00017952727639782937 0.00024950371698825283 -0.0050264766942868157 -0.031137092370352878
leaf_weight=200612 2060 8632 2881 3079 3925 4048 2019 3493 23021 2297 3878 2927 5686 2526 11008 2118 21207 2539 2617 2034 2286 2026 18586 2085 24559 2027 2281 7831 4697 21017
leaf_count=200612 2060 8632 2881 3079 3925 4048 2019 3493 23021 2297 3878 2927 5686 2526 11008 2118 21207 2539 2617 2034 2286 2026 18586 2085 24559 2027 2281 7831 4697 21017
internal_value=-0.00275594 -0.00327761 0.00550193 0.0112122 -0.00175464 0.00391289 -0.000563736 0.00570349 -0.00367998 0.00763511 0.0019079 -0.00303346 -0.00264298 -0.000839616 -0.00317282 -0.000851155 -0.00293824 0.000515714 -0.00230767 9.93083e-07 0.0013672 0.00325797 -0.00147871 -0.00387248 -0.0033738 -0.00159923 -0.00156377 -0.000501786 -0.00207209 -0.00339086
internal_weight=400002 376240 23762 5139 78641 18623 39207 9838 297599 5790 8785 68316 45295 37188 34952 10343 39434 4657 18227 16076 4320 4907 21112 229283 28671 4112 9595 11756 7314 32025
internal_count=400002 376240 23762 5139 78641 18623 39207 9838 297599 5790 8785 68316 45295 37188 34952 10343 39434 4657 18227 16076 4320 4907 21112 229283 28671 4112 9595 11756 7314 32025
cat_boundaries=0 29 61 93 122 145 177 199 228 254 283 315
cat_threshold=0 0 0 0 0 0 0 0 0 0 0 0 33554432 0 0 0 0 0 0 0 0 805306368 0 0 0 3 0 0 32 0 0 0 0 0 0 2048 0 0 0 0 0 524288 0 0 57671680 0 0 2013265920 0 0 2147483648 1 0 0 0 0 0 0 0 0 256 8 0 0 0 0 0 2048 0 0 2211840 0 0 4718592 0 0 125829120 0 0 452984832 0 0 0 1 0 0 4 0 0 0 0 0 256 2 0 0 2176 0 0 34816 0 0 3678208 0 0 47382528 0 0 588251136 0 0 1627389952 3 0 2415919104 33 0 0 5 0 0 32 0 0 0 0 0 0 135168 0 0 0 0 0 12713984 0 0 134217728 0 0 268435456 3 0 0 33 0 0 0 0 0 0 0 0 0 32768 0 0 1835008 0 0 331350016 0 0 369098752 3 0 1610612736 1 0 0 2 0 0 0 0 0 256 0 0 0 9456 0 0 148224 0 0 3059712 0 0 31588352 0 0 1048576 0 0 0 1 0 3221225472 0 0 0 0 0 0 0 0 0 0 0 0 37748736 0 0 554696704 0 0 536870912 3 0 2147483648 0 0 0 1 0 0 32 256 0 0 0 0 0 131072 0 0 2555904 0 0 1048576 0 0 486539264 0 0 1342177280 3 0 2147483648 1 0 0 2 0 0 0 0 0 0 0 0 0 0 0 0 33554432 0 0 588251136 0 0 536870912 2 0 2415919104 0 0 0 4 0 0 32 560 0 0 8336 0 0 3072 0 0 1769472 0 0 20512768 0 0 369098752 0 0 16777216 0 0 2147483648 2 0 0 5 0 0 16 0 0 256
is_linear=0
shrinkage=0.08


Tree=22
num_leaves=31
num_cat=12
split_feature=45 45 5 20 43 19 19 45 5 6 45 19 37 5 25 5 37 39 5 5 19 20 45 14 5 12 5 9 5 9
split_gain=237.394 38.1244 27.2795 25.6128 22.4408 8.22142 6.53196 5.38627 4.53714 3.25321 3.22158 8.71424 3.02689 2.69696 2.68694 3.53698 2.88462 2.31016 2.27897 2.13974 1.94101 1.86691 1.59716 1.56583 1.56007 2.42061 1.36999 2.10927 1.12649 1.08973
threshold=30.196853637695316 27.588443756103519 0 0.60694691538810741 33.827184677124031 1.081138074398041 1.8286781311035158 31.64718055725098 1 2 25.744664192199711 1.0213301777839663 0.58226776123046886 3 5.4549295902252206 4 -1.2552280426025388 0.64038631319999706 5 6 1.0213301777839663 1.0725865364074709 27.067754745483402 2.1093345880508427 7 0.62373229861259472 8 9 10 11
decision_type=2 2 9 2 2 2 2 2 9 1 2 2 2 9 2 9 2 2 9 9 2 2 2 2 9 2 9 1 9 1
left_child=1 10 4 9 -2 18 8 19 20 24 -1 26 23 -13 15 -10 -17 21 -4 -7 -5 -18 -15 -9 25 -3 27 -12 -11 -22
right_child=2 3 5 6 -6 7 -8 12 14 28 11 13 -14 22 -16 16 17 -19 -20 -21 29 -23 -24 -25 -26 -27 -28 -29 -30 -31
leaf_value=-0.22708115386397928 0.055850071434530364 -0.0095529835978244403 0.017863306635887938 -0.013904317021323352 0.12728371186996454 0.038687244128867919 0.040672189756211126 0.042351114897929143 0.0079965166969672014 -0.018905089416460515 -0.0066400262402076136 0.012841856243785895 0.052161229871154506 -0.035181516444635262 -0.018185751931045917 0.014442437773487063 -0.0033946847009826324 -0.018249401881840183 -0.00085772272098170955 0.0094372162605095965 0.007693850050205911 0.0073442785195341007 -0.0035030590411612183 0.043716985305958148 -0.015194003828757192 0.0019470152451876678 -0.042435664559066721 -0.044706347006252922 -0.028522517584234783 -0.0089071058265003788
leaf_weight=167321 2938 9528 4005 14463 2404 3163 2150 2033 3503 4812 2158 2292 2497 6450 2680 2069 8363 5793 3759 2245 2165 3837 2801 2366 18086 2036 65255 13595 28711 6595
leaf_count=167321 2938 9528 4005 14463 2404 3163 2150 2033 3503 4812 2158 2292 2497 6450 2680 2069 8363 5793 3759 2245 2165 3837 2801 2366 18086 2036 65255 13595 28711 6595
internal_value=-0.00272477 -0.00323229 0.00475688 -0.00201779 0.00983066 0.00339546 -0.000695592 0.0046828 -0.000883464 -0.00309786 -0.00376867 -0.00338851 0.00616507 -0.00133056 -0.000162194 0.000111134 -0.000299174 -0.000625008 0.00135631 0.00278479 -0.00169737 -9.52893e-10 -0.00193766 0.00488183 -0.00248197 -0.00174862 -0.00368155 -0.00299575 -0.00363987 -0.000757128
internal_weight=400073 374663 25410 114791 5342 20068 51618 12304 49468 63173 259872 92551 6896 11543 26245 23565 20062 17993 7764 5408 23223 12200 9251 4399 29650 11564 81008 15753 33523 8760
internal_count=400073 374663 25410 114791 5342 20068 51618 12304 49468 63173 259872 92551 6896 11543 26245 23565 20062 17993 7764 5408 23223 12200 9251 4399 29650 11564 81008 15753 33523 8760
cat_boundaries=0 29 61 62 94 120 152 178 191 223 224 240 241
cat_threshold=0 0 0 0 0 0 0 0 0 0 0 0 33554432 0 0 0 0 0 0 0 0 805306368 0 0 0 3 0 0 32 412 0 0 7232 0 0 1024 0 0 442368 0 0 36438016 0 0 501219328 0 0 2466250752 0 0 536870912 0 0 0 2 0 0 0 0 0 256 10 0 0 0 0 0 0 0 0 0 2162688 0 0 0 0 0 672137216 0 0 3758096384 1 0 0 32 0 0 2 0 0 32 0 0 4096 0 0 0 0 0 0 32768 0 0 532480 0 0 12779520 0 0 1048576 0 0 0 0 0 0 32 0 0 1 8 0 0 64 0 0 6144 0 0 114688 0 0 524288 0 0 595591168 0 0 587202560 0 0 0 1 0 0 0 0 0 0 0 0 256 0 0 0 0 0 0 0 0 0 114688 0 0 2359296 0 0 549453824 0 0 1325400064 0 0 1073741824 0 0 0 4 2 0 0 8240 0 0 135680 0 0 667648 0 0 12713984 512 0 0 128 0 0 138240 0 0 327680 0 0 58195968 0 0 503316480 0 0 1895825408 3 0 2147483648 35 0 0 5 0 0 16 0 0 256 8 16 0 0 128 0 0 0 0 0 327680 0 0 12582912 0 0 1048576 24
is_linear=0
shrinkage=0.08


Tree=23
num_leaves=31
num_cat=11
split_feature=45 45 19 5 34 33 5 9 21 24 29 32 5 34 26 45 5 19 25 26 40 33 5 5 5 5 31 5 3 5
split_gain=198.775 37.8843 22.3917 22.2063 19.4717 12.1188 4.48405 4.01304 3.98285 3.53048 3.46733 3.43265 4.54375 3.56527 3.13126 3.18054 4.46791 2.52741 2.08546 2.31168 3.30195 1.867 2.03169 1.82234 1.742 1.59115 1.56371 1.56351 1.52829 1.42375
threshold=30.196853637695316 27.549312591552738 0.6238064467906953 0 -11.834106445312498 26.45932769775391 1 2 0.81199476122856151 27.983627319335941 0.38006973266601568 693.77120971679699 3 -6.1772155761718741 5.3929812908172616 28.551164627075199 4 0.98270919919013988 1.5564047098159792 5.1291618347167978 1.5501394271850588 11.231423854827883 5 6 7 8 72.459224700927749 9 148.32388305664065 10
decision_type=2 2 2 9 2 2 9 1 2 2 2 2 9 2 2 2 9 2 2 2 2 2 9 9 9 9 2 9 2 9
left_child=1 9 14 4 -2 10 18 -8 -5 -1 -6 27 13 -13 15 23 -17 29 -4 20 28 22 -11 -3 26 -16 -19 -10 -20 -9
right_child=3 2 6 8 5 -7 7 17 11 21 -12 12 -14 -15 25 16 -18 24 19 -21 -22 -23 -24 -25 -26 -27 -28 -29 -30 -31
leaf_value=-0.076771412172253695 0.12354153382359133 -0.008081232957334537 -0.011986206317256751 -0.0020397638061055569 0.012139263786373427 0.092253332795035017 0.0082779130511372832 -0.0053883349984181197 0.019678126754676086 0.0020199854083877526 0.059151256056405636 0.024621472406142385 0.014649823171010583 0.043450806236359905 -0.015187714868494399 0.0026997118538795504 -0.0090726565917763763 0.01863307493681933 0.014226447121329535 -0.0032230640557314441 -0.00038859649913508928 -0.041335667524254459 -0.023701575883726608 -0.022694300157579009 -0.0099103144847089483 -0.024668252578529982 -0.0056889237160776887 -0.0011456040731883089 0.009206226715395241 -0.017907503935255975
leaf_weight=201893 2110 5750 3074 3042 2995 2121 2817 5791 2275 2076 2003 2295 3878 2347 16952 2539 6591 2358 2216 3222 3685 50034 2453 10394 8589 27142 3358 2381 2005 11476
leaf_count=201893 2110 5750 3074 3042 2995 2121 2817 5791 2275 2076 2003 2295 3878 2347 16952 2539 6591 2358 2216 3222 3685 50034 2453 10394 8589 27142 3358 2381 2005 11476
internal_value=-0.0027345 -0.00319952 -0.0020127 0.00410622 0.00723581 0.00522991 -0.000695542 -0.00118911 0.00231605 -0.00374531 0.00306869 0.00291946 0.00387339 0.00555813 -0.00293511 -0.00222338 -0.00102845 -0.00144746 0.000500069 0.00100988 0.00174532 -0.00317249 -0.00161181 -0.00289811 -0.000660846 -0.00334246 0.000421198 0.00116931 0.00327015 -0.00209921
internal_weight=399862 374415 117959 25447 9229 7119 48591 34389 16218 256456 4998 13176 8520 4642 69368 25274 9130 31572 14202 11128 7906 54563 4529 16144 14305 44094 5716 4656 4221 17267
internal_count=399862 374415 117959 25447 9229 7119 48591 34389 16218 256456 4998 13176 8520 4642 69368 25274 9130 31572 14202 11128 7906 54563 4529 16144 14305 44094 5716 4656 4221 17267
cat_boundaries=0 29 61 62 88 104 126 139 165 184 210 229
cat_threshold=0 0 0 0 0 0 0 0 0 0 0 0 35651584 0 0 536870912 0 0 50331648 0 0 805306368 0 0 0 3 0 0 48 0 0 0 128 0 0 133120 0 0 2891776 0 0 12779520 0 0 33554432 0 0 671088640 3 0 1342177280 33 0 0 5 0 0 48 0 0 4096 8 0 0 0 0 0 0 2048 0 0 114688 0 0 1441792 0 0 8388608 0 0 201326592 0 0 1073741824 0 0 0 4 2 0 0 15360 0 0 49920 0 0 786432 0 0 8388608 0 0 1048576 799 0 0 448 0 0 6144 0 0 196608 0 0 7864320 0 0 521142272 0 0 3154116608 3 0 2147483648 272 0 0 14336 0 0 200704 0 0 929792 0 0 12910592 0 0 0 0 0 0 0 0 0 16384 0 0 33554432 0 0 808452096 0 0 3573547008 0 0 536870912 0 0 0 2 80 0 0 8400 0 0 135680 0 0 405504 0 0 46202880 0 0 0 0 0 16777216 0 0 0 0 0 0 2048 0 0 65536 0 0 1179648 0 0 119537664 0 0 1610612736 0 0 1073741824 0 0 0 4 20 0 0 2112 0 0 16384 0 0 1048576 0 0 16777216 0 0 9437184 0 0 3321888768
is_linear=0
shrinkage=0.08


Tree=24
num_leaves=31
num_cat=9
split_feature=45 45 20 5 12 44 19 19 6 5 45 19 45 5 5 19 17 5 5 41 12 40 5 40 25 10 25 5 38 45
split_gain=182.666 36.8964 23.8219 18.2806 19.6244 7.61688 5.6514 5.42277 4.75122 3.99816 3.916 8.45687 3.11813 3.02621 2.98059 2.89517 2.78606 4.04218 2.6834 2.73961 2.08783 1.96412 1.87992 1.56796 2.23165 1.82725 1.55484 2.33386 1.37026 1.36047
threshold=30.046763420104984 27.402981758117679 0.60694691538810741 0 2.1188863515853886 33.410411834716804 1.8206238150596621 1.103980600833893 1 2 25.484137535095218 0.96412894129753124 31.388112068176273 3 4 1.0213301777839663 0.59140905737876903 5 6 26.105274200439457 0.63401454687118541 1.6029282808303835 7 1.6750078201293948 4.2310891151428232 0.60366401076316845 3.9308457374572758 8 0.25060367584228521 26.975084304809574
decision_type=2 2 2 9 2 2 2 2 1 9 2 2 2 9 9 2 10 9 9 2 2 2 9 2 2 2 2 9 2 2
left_child=1 10 8 4 5 -2 9 26 16 23 -1 -12 21 20 -14 22 -3 -18 19 -13 -10 -9 -11 24 25 -4 27 -5 -27 -20
right_child=3 2 6 7 -6 -7 -8 12 13 15 11 18 14 -15 -16 -17 17 -19 29 -21 -22 -23 -24 -25 -26 28 -28 -29 -30 -31
leaf_value=-0.22652067562175851 0.01708707999654337 -0.011880679321187618 0.0092446321922947158 0.025071612615169186 0.10744689024626944 0.083582986123475214 0.038239089939881531 0.032940014892638619 -0.016028731846535801 -0.0046771720711146015 -0.037758932581173209 -0.028183836454320748 0.050101039791392861 -0.025476014562355053 0.02195990736628296 -0.003644889863929936 0.0052675079565336711 -0.0067270169160183173 -0.034443397399752822 0.012765026441719476 -0.0021315534038353662 0.0046501995089266238 -0.017151531924608113 -0.010687732226660916 -0.006815203771733668 0.0097652883593696907 -0.0098131871808582512 0.0028169996582344437 -0.0027854577634657046 -0.0050237591057435979
leaf_weight=162792 2738 15047 2046 2018 2057 2270 2175 2018 12957 10274 68012 2073 3788 37567 2793 13585 2117 4423 6469 2777 2621 2592 14113 4191 2579 2498 2136 4668 2675 2033
leaf_count=162792 2738 15047 2046 2018 2057 2270 2175 2018 12957 10274 68012 2073 3788 37567 2793 13585 2117 4423 6469 2777 2621 2592 14113 4191 2579 2498 2136 4668 2675 2033
internal_value=-0.00270466 -0.00316522 -0.0020698 0.00363881 0.00713338 0.00442567 -0.000791638 0.00239744 -0.00299548 -0.000959074 -0.00374329 -0.00328872 0.00356718 -0.00340262 0.00468457 -0.00138471 -0.00198954 -0.000610688 -0.00144649 5.74939e-05 -0.00245621 0.00196537 -0.0019063 0.000197301 0.000751223 0.0014724 0.000913948 0.00151374 0.00066911 -0.00230087
internal_weight=400102 373024 128868 27078 7065 5008 54136 20013 74732 51961 244156 81364 11191 53145 6581 37972 21587 6540 13352 4850 15578 4610 24387 13989 9798 7219 8822 6686 5173 8502
internal_count=400102 373024 128868 27078 7065 5008 54136 20013 74732 51961 244156 81364 11191 53145 6581 37972 21587 6540 13352 4850 15578 4610 24387 13989 9798 7219 8822 6686 5173 8502
cat_boundaries=0 29 30 62 75 98 111 143 165 184
cat_threshold=0 0 0 0 0 0 0 0 0 0 0 0 50331648 0 0 0 0 0 33554432 0 0 805306368 0 0 0 3 0 0 48 2 272 0 0 0 0 0 231424 0 0 532480 0 0 12713984 0 0 33554432 0 0 1476395008 3 0 2415919104 33 0 0 1 0 0 48 0 0 4096 16 0 0 128 0 0 135680 0 0 995328 0 0 12648448 0 0 0 0 0 0 0 0 0 114688 0 0 3407872 0 0 75497472 0 0 687865856 0 0 1073741824 1 68 0 0 11312 0 0 114944 0 0 663552 0 0 8388608 0 0 0 0 0 0 0 0 0 2162688 0 0 51511296 0 0 691011584 0 0 3758096384 3 0 0 0 0 0 2 0 0 32 0 0 4096 4 0 0 14528 0 0 16384 0 0 3145728 0 0 16842752 0 0 142606336 0 0 67108864 0 0 1073741824 0 0 0 0 0 0 6144 0 0 65536 0 0 0 0 0 588251136 0 0 553648128
is_linear=0
shrinkage=0.08


Tree=25
num_leaves=31
num_cat=10
split_feature=45 45 45 20 5 34 20 20 5 45 21 21 5 26 10 5 25 11 5 5 41 45 5 34 34 5 5 34 14 5
split_gain=153.808 33.4494 20.9296 20.1183 13.8741 9.35706 6.95813 5.24736 4.52647 4.00298 7.25412 3.42507 3.60818 3.03227 4.98172 3.02619 3.01231 2.32418 2.32429 2.26593 2.01435 1.82485 1.81381 1.77667 1.6108 1.56507 1.56268 1.34819 1.38601 1.2372
threshold=29.647540092468265 27.332193374633793 32.573343276977546 0.5463639795780183 0 -9.4716186523437482 2.0657478570938115 1.8383963704109194 1 24.769509315490726 0.93787753582000744 0.8236241638660432 2 5.0552365779876718 0.53145694732666027 3 3.3570531606674199 0.81143188476562511 4 5 26.041644096374515 28.579281806945804 6 -7.0281982421874991 -2.6979064941406246 7 8 -4.4276428222656241 1.7275752425193789 9
decision_type=2 2 2 2 9 2 2 2 9 2 2 2 9 2 2 9 2 2 9 9 2 2 9 2 2 9 9 2 2 9
left_child=1 9 6 19 5 -4 11 8 13 -1 -11 22 23 14 -5 20 -6 25 -19 21 -12 -3 -2 -13 -23 -10 -16 28 -14 -15
right_child=2 3 4 7 16 -7 -8 -9 17 10 15 12 27 29 26 -17 -18 18 -20 -21 -22 24 -24 -25 -26 -27 -28 -29 -30 -31
leaf_value=-0.27536859958237464 0.0026155487448665314 -0.015773226277103682 0.10877573348073769 0.0076755687143613529 0.037242941900646469 0.044517380090910538 0.053196639238984468 0.027805501598130455 -0.0071319630799891124 -0.040316645119986783 -0.025699383956001052 0.039244665252702614 -0.0029189929109610887 -0.0032534274853858848 0.0062861822562826058 -0.031467228151820945 0.0078666772326234577 -0.0011145348077984537 -0.012873201947630357 -0.019553394487772022 0.0083218845751436774 0.0013078105406346256 -0.013199779355001306 0.014980453944640685 -0.010998588410213521 -0.015825199925122994 -0.0057831732221439117 -0.0069760793473762376 0.013851932237380937 -0.015602616214767344
leaf_weight=151622 3123 10544 2105 2276 2778 2022 2258 2074 10475 65903 3756 2467 2545 3467 2501 13625 2412 9612 7613 51413 3224 2676 2428 3796 2184 14487 7185 2069 5261 2218
leaf_count=151622 3123 10544 2105 2276 2778 2022 2258 2074 10475 65903 3756 2467 2545 3467 2501 13625 2412 9612 7613 51413 3224 2676 2428 3796 2184 14487 7185 2069 5261 2218
internal_value=-0.00270112 -0.00317343 0.00250718 -0.00213415 0.00572231 0.00917579 0.00125441 -0.00109487 -0.00123214 -0.00373511 -0.00329957 0.000813124 0.00140253 -0.000155545 0.000567323 -0.00198787 0.0029405 -0.0016819 -0.000966639 -0.00309677 -0.000628572 -0.00223652 -0.000899839 0.00290116 -0.000952773 -0.00217556 -0.000225248 0.000446689 0.000928351 -0.00167515
internal_weight=400119 366855 33264 128725 9317 4127 23947 61908 59834 238130 86508 21689 16138 17647 11962 20605 5190 42187 17225 66817 6980 15404 5551 6263 4860 24962 9686 9875 7806 5685
internal_count=400119 366855 33264 128725 9317 4127 23947 61908 59834 238130 86508 21689 16138 17647 11962 20605 5190 42187 17225 66817 6980 15404 5551 6263 4860 24962 9686 9875 7806 5685
cat_boundaries=0 26 58 87 119 141 154 174 193 222 254
cat_threshold=0 0 0 0 0 0 2048 0 0 32768 0 0 3145728 0 0 0 0 0 805306368 0 0 1879048192 0 0 0 3 2 0 0 8320 0 0 165888 0 0 1581056 0 0 13762560 0 0 33554432 0 0 201326592 3 0 0 33 0 0 5 0 0 48 0 0 4096 0 0 0 0 0 0 2048 0 0 114688 0 0 52822016 0 0 589299712 0 0 50331648 0 0 0 0 0 0 5 0 0 48 0 0 0 128 0 0 0 0 0 65536 0 0 6291456 0 0 219152384 0 0 3774873600 3 0 0 32 0 0 2 0 0 48 0 0 12288 40 0 0 7232 0 0 69632 0 0 2293760 0 0 18939904 0 0 940572672 0 0 4043309056 0 0 2415919104 0 0 0 16 0 0 135936 0 0 266240 0 0 8388608 8 0 0 192 0 0 6400 0 0 131072 0 0 21102592 0 0 210763776 0 0 1090519040 1 788 0 0 5120 0 0 16384 0 0 2457600 0 0 18939904 0 0 354418688 0 0 33554432 0 0 0 0 0 0 163840 0 0 0 0 0 8519680 0 0 0 0 0 0 3 0 0 32 0 0 1 0 0 48 0 0 0 8320 0 0 2048 0 0 8192 0 0 5373952 0 0 0 0 0 0 0 0 0 1 0 0 0 0 0 0 0 0 4096
is_linear=0
shrinkage=0.08


Tree=26
num_leaves=31
num_cat=2
split_feature=44 24 21 33 6 34 34 33 34 15 7 31 33 6 15 0 42 35 33 40 15 7 3 21 12 32 34 24 15 38
split_gain=131.459 33.6789 18.223 11.4699 11.319 10.3561 6.82731 6.68619 6.44235 5.69856 5.35018 4.8356 3.93591 4.76328 4.07166 3.2692 4.58261 2.67832 2.59984 2.32906 3.62026 2.17527 1.68353 2.74881 1.63702 1.49006 2.58323 5.24071 1.41842 2.97163
threshold=29.596309661865238 27.934738159179691 1.5969048738479616 26.043456077575687 0 -13.114654541015623 -6.6523742675781241 13.523136138916017 -2.3525085449218746 1.2830994725227358 1.5000000000000002 71.231155395507827 19.38604831695557 1 1.5065944790840151 14.250000000000002 27.039451599121097 9.5210075378417987 17.329728126525882 0.61587047576904308 1.8823012709617617 1.5000000000000002 504.80117797851568 0.98330283164978038 0.62373229861259472 582.36013793945324 -3.6539001464843746 30.308334350585941 0.66378134489059459 1.3144135475158694
decision_type=2 2 2 2 1 2 2 2 2 10 2 2 2 1 10 2 2 2 2 2 10 2 2 2 2 2 2 2 10 2
left_child=1 17 5 6 8 -2 -4 9 10 24 -3 12 -7 14 -14 -9 -17 -1 -13 -12 -21 -18 23 -19 -6 26 -23 -28 -10 -30
right_child=2 4 3 -5 7 11 -8 15 28 -11 19 18 13 -15 -16 16 21 22 -20 20 -22 25 -24 -25 -26 -27 27 -29 29 -31
leaf_value=-0.071620591458943186 0.055606545256435221 -0.0092112080506449208 0.058912138160713903 0.080593931601902632 -0.016167032108574314 0.033398349296173538 -0.0060315679415274782 -0.02387168917846896 -0.011693481258801557 0.0027432296976548152 0.0050055597877434257 0.0047153562612797986 0.0039602323186163539 -0.0087040686470594274 0.030657151980624395 -0.074383011772961 -0.017508802008231912 -0.020855359196284111 -0.010251921730706397 -0.0036756405010870169 0.028705041954151148 -0.018551973189531553 -0.15979333514540542 0.00027174271166258986 -0.0084337108128384377 -0.015344671790473099 0.006449612690465365 -0.015862642767112127 -0.0041430992212001987 -0.046739925809682357
leaf_weight=178711 2264 6332 2368 3079 10150 2397 2091 31049 14074 6765 3921 3849 6696 5563 3724 19959 11639 15660 6184 5501 2126 6778 9558 2270 6390 9560 3280 4004 10242 3856
leaf_count=178711 2264 6332 2368 3079 10150 2397 2091 31049 14074 6765 3921 3849 6696 5563 3724 19959 11639 15660 6184 5501 2126 6778 9558 2270 6390 9560 3280 4004 10242 3856
internal_value=-0.00264067 -0.00311197 0.00182132 0.00534287 -0.00222329 0.00095454 0.00273976 -0.00266562 -0.00116965 -0.00146258 1.78861e-05 0.000538577 0.00130941 0.000854623 0.00186207 -0.00299072 -0.00262032 -0.00378255 -0.000873445 0.00104239 0.00022679 -0.00207094 -0.0030443 -0.00258417 -0.00226224 -0.00162864 -0.00110347 -5.70341e-05 -0.0019235 -0.00135469
internal_weight=400040 361825 38215 7538 155626 30677 4459 109574 46052 23305 17880 28413 18380 15983 10420 86269 55220 206199 10033 11548 7627 35261 27488 17930 16540 23622 14062 7284 28172 14098
internal_count=400040 361825 38215 7538 155626 30677 4459 109574 46052 23305 17880 28413 18380 15983 10420 86269 55220 206199 10033 11548 7627 35261 27488 17930 16540 23622 14062 7284 28172 14098
cat_boundaries=0 1 2
cat_threshold=2 2
is_linear=0
shrinkage=0.08


Tree=27
num_leaves=31
num_cat=14
split_feature=45 45 20 45 27 45 5 6 5 33 5 40 19 45 19 5 5 27 28 27 5 6 5 16 5 6 27 5 5 5
split_gain=130.139 34.993 21.837 19.5817 11.9294 8.04907 5.25321 5.06133 5.00105 3.7879 4.57984 3.57504 5.85683 3.45099 5.96694 3.30202 2.96485 2.79772 3.41571 2.75981 7.002 2.74647 2.23204 2.17347 2.02832 1.98775 4.50755 3.50387 3.44645 1.75266
threshold=29.278869628906254 26.950093269348148 0.60694691538810741 31.64718055725098 1001.6183166503907 33.836181640625007 0 1 2 11.609471797943117 3 2.9389696121215825 1.5547210574150088 24.375152587890629 1.0510513782501223 4 5 1010.3540954589845 1005.6015625000001 1008.8302307128907 6 7 8 1.3347378969192507 9 10 1002.8308715820314 11 12 13
decision_type=2 2 2 2 2 2 9 1 9 2 9 2 2 2 2 9 9 2 2 2 9 1 9 10 9 1 2 9 9 9
left_child=1 13 7 8 5 -5 17 19 -2 10 -8 12 24 -1 -15 -9 -16 18 23 20 -3 22 -11 -4 -6 28 27 -27 -10 -28
right_child=3 2 6 4 11 -7 9 15 25 21 -12 -13 -14 14 16 -17 -18 -19 -20 -21 -22 -23 -24 -25 -26 26 29 -29 -30 -31
leaf_value=-0.28160615345634155 -0.0068016775011986875 0.0052591171409430574 -0.010428697599709595 0.046153817191903909 0.019867043078848304 0.092369364070427715 0.013093425294860277 -0.0086953017752221771 0.03277388466658978 0.0080070674464188911 -0.0073893359645947699 -0.00010683335919295074 0.055987243161385439 -0.054487248907104498 0.0092841744715356986 -0.020293719809603122 -0.028641279812312296 -0.010604568490615061 0.0069507567176712963 -0.010085531211815562 -0.0090788652972354084 -0.016140486132372466 -0.0073305242925278792 0.010661261359764636 -0.0022037613348949579 0.042571950565613637 -0.018186210895698378 0.0042718091357458014 0.0044601903186190775 -0.00072321608647127171
leaf_weight=147117 7588 2146 2608 2611 2017 2322 2103 8932 2878 3366 4622 2927 2240 48550 2188 67014 10431 2368 3978 16270 3366 21509 8293 2782 2054 2056 2227 4078 5172 4569
leaf_count=147117 7588 2146 2608 2611 2017 2322 2103 8932 2878 3366 4622 2927 2240 48550 2188 67014 10431 2368 3978 16270 3366 21509 8293 2782 2054 2056 2227 4078 5172 4569
internal_value=-0.00259987 -0.00309846 -0.00216372 0.00157206 0.00400226 0.0071754 -0.000832627 -0.00286677 0.000365595 -0.00127006 0.000460281 0.0023019 0.00337225 -0.0037686 -0.00326184 -0.00317542 -0.00171003 0.000654643 0.00127618 -0.00178736 -0.000240494 -0.00162132 -0.000629849 -3.7038e-05 0.00155746 0.0010019 0.000386099 0.00195703 0.00198761 -0.00103203
internal_weight=400382 357643 149357 42739 14171 4933 51629 97728 28568 39893 6725 9238 6311 208286 61169 75946 12619 11736 9368 21782 5512 33168 11659 5390 4071 20980 12930 6134 8050 6796
internal_count=400382 357643 149357 42739 14171 4933 51629 97728 28568 39893 6725 9238 6311 208286 61169 75946 12619 11736 9368 21782 5512 33168 11659 5390 4071 20980 12930 6134 8050 6796
cat_boundaries=0 32 33 65 91 104 136 149 150 176 198 199 225 251 274
cat_threshold=0 0 0 14400 0 0 65536 0 0 786432 0 0 13828096 0 0 0 0 0 671088640 3 0 0 33 0 0 1 0 0 48 0 0 4096 2 53 0 0 880 0 0 160768 0 0 12288 0 0 1638400 0 0 815792128 0 0 2147483648 2 0 2147483648 0 0 0 0 0 0 16 0 0 4352 400 0 0 128 0 0 0 0 0 114688 0 0 2621440 0 0 318767104 0 0 16777216 0 0 2147483648 0 0 0 6 512 0 0 0 0 0 4096 0 0 393216 0 0 12582912 0 0 0 0 0 0 0 0 0 65536 0 0 0 0 0 70254592 0 0 3758096384 0 0 0 2 0 0 2 0 0 16 0 0 14336 967 0 0 7280 0 0 66304 0 0 4096 0 0 8388608 2 0 0 0 0 0 0 34816 0 0 0 0 0 524288 0 0 774897664 0 0 16777216 0 0 4026531840 0 0 0 6 0 0 0 0 0 0 2048 0 0 114688 0 0 1703936 0 0 8388608 0 0 402653184 0 0 2147483648 2 0 0 0 0 0 0 2048 0 0 360448 0 0 14680064 0 0 117440512 0 0 50331648 0 0 268435456 0 0 0 4 0 0 0 0 0 0 2048 0 0 524288 0 0 50462720 0 0 167772160 0 0 1325400064 0 0 1879048192 0 0 0 3 0 0 0 0 0 0 0 0 0 507904 0 0 40239104 0 0 1048576 0 0 117440512 0 0 268435456 1
is_linear=0
shrinkage=0.08


Tree=28
num_leaves=31
num_cat=2
split_feature=41 41 19 41 6 27 18 27 18 17 41 21 7 34 32 17 6 19 34 19 27 38 34 38 27 19 27 36 35 18
split_gain=98.2232 38.4285 22.2164 13.7481 9.82679 7.44813 7.1276 6.73103 6.2039 5.23758 4.99903 6.12925 4.77848 4.37733 4.14889 3.849 3.82361 3.12547 3.03948 2.98394 2.89379 2.53262 1.92377 1.8868 1.81005 1.80069 1.78929 1.74446 1.60346 1.43841
threshold=29.314944267272953 26.859025001525882 0.91688245534896862 31.135582923889164 0 1001.1057434082032 0.6431579887866975 1010.7930603027345 1.8034571409225466 0.7044007182121278 24.202914237976078 0.94672632217407238 1.5000000000000002 -2.0318908691406246 598.40667724609386 0.7095930576324464 1 1.8878329992294314 -6.3615417480468741 1.6641703844070437 1007.9593811035157 -0.15771102905273435 -1.4239501953124998 0.28543519973754888 1001.8374938964845 0.48869755864143377 1008.7355957031251 0.1559257507324219 23.760318756103519 1.4047446846961977
decision_type=2 2 2 2 1 2 2 2 2 10 2 2 2 2 2 10 1 2 2 2 2 2 2 2 2 2 2 2 2 2
left_child=1 10 4 9 15 8 25 13 -5 -2 -1 -12 -7 23 -15 22 20 21 -14 -13 -4 29 -3 -8 -23 -6 -17 -22 -27 -11
right_child=3 2 16 5 6 12 7 -9 -10 17 11 19 18 14 -16 26 -18 -19 -20 -21 27 24 -24 -25 -26 28 -28 -29 -30 -31
leaf_value=-0.22577016906749475 -0.023857763823100592 -0.0037214708942321859 0.040494628956979105 0.036072745598032883 -0.022421964569512533 -0.003486369861123083 -0.018287381520919539 -0.041074485924795207 0.083045811403667388 -0.0006700166667485837 -0.049778402852509472 -0.028328436231636573 0.011533927132030771 0.0085975462371467009 -0.0072693751303537588 0.0043673783952900263 -0.0033172350046264754 0.036320610688609922 0.037903572271002779 0.0079453224971788045 0.010514373936422588 0.021436373229099161 -0.01156551572002432 -0.0036424544588394801 0.0019856997834235097 -0.015400365364293208 -0.0028332370203512985 -0.011320762033650785 -0.0038052161071195647 -0.024783731837707348
leaf_weight=144448 2422 13987 2712 2059 48010 3237 9908 8572 2518 5257 36886 19252 2549 3232 2221 2782 15003 2101 3734 2058 2264 3195 11181 7629 7051 24277 4808 2308 2139 2371
leaf_count=144448 2422 13987 2712 2059 48010 3237 9908 8572 2518 5257 36886 19252 2549 3232 2221 2782 15003 2101 3734 2058 2264 3195 11181 7629 7051 24277 4808 2308 2139 2371
internal_value=-0.00257714 -0.00297417 -0.00205145 0.00137914 -0.00242803 0.00333536 -0.00280236 -0.00179425 0.00598474 0.000146917 -0.00370729 -0.00307982 0.00205666 -0.00108 0.000898407 -0.00121521 0.000292953 0.000573429 0.00334149 -0.00199812 0.00179408 0.000229478 -0.00169164 -0.00169533 0.0010507 -0.00322994 0.000363157 0.000565691 -0.00269674 -0.000873528
internal_weight=400171 363677 161033 36494 138746 14097 105988 31562 4577 22397 202644 58196 9520 22990 5453 32758 22287 19975 6283 21310 7284 17874 25168 17537 10246 74426 7590 4572 26416 7628
internal_count=400171 363677 161033 36494 138746 14097 105988 31562 4577 22397 202644 58196 9520 22990 5453 32758 22287 19975 6283 21310 7284 17874 25168 17537 10246 74426 7590 4572 26416 7628
cat_boundaries=0 1 2
cat_threshold=2 2
is_linear=0
shrinkage=0.08


Tree=29
num_leaves=31
num_cat=10
split_feature=43 24 5 27 5 31 16 15 5 20 42 5 33 7 5 5 36 27 34 20 27 14 5 27 19 5 5 5 31 14
split_gain=100.69 32.1737 21.9464 14.3226 9.63169 7.83314 7.13052 5.90756 4.56432 4.37735 4.64369 4.05365 5.1607 4.02554 3.22989 2.76335 2.99754 2.64888 3.35986 4.07013 2.54874 2.5876 3.27224 2.49833 2.22577 2.21786 2.11841 2.05484 2.02833 2.52258
threshold=28.803215980529789 27.665039062500004 0 1001.6183166503907 1 47.648519515991218 2.672854065895081 0.89806050062179577 2 0.45439362525939947 26.383361816406254 3 13.084991931915285 1.5000000000000002 4 5 22.2773551940918 1010.6616516113282 -3.3653259277343746 0.54337897896766674 1010.3540954589845 0.59972244501113903 6 1008.7355957031251 1.56354296207428 7 8 9 71.015319824218764 2.1759501695632939
decision_type=2 2 9 2 9 2 10 10 9 2 2 9 2 2 9 9 2 2 2 2 2 2 9 2 2 9 9 9 2 2
left_child=1 11 3 5 13 -2 15 -4 -7 -6 24 12 -1 -3 -12 -5 -17 18 27 -20 21 -15 -23 -21 -11 -25 -22 -16 29 -9
right_child=2 4 7 6 9 8 -8 28 -10 10 14 -13 -14 20 17 16 -18 -19 19 23 26 22 -24 25 -26 -27 -28 -29 -30 -31
leaf_value=-0.0029585144576525632 0.089052192506456102 -0.016797627547116327 -0.0082138944317416279 -0.0055090081706128061 -0.018946352873864983 0.050192548924986924 0.047979217777106398 0.010984411332029168 0.0066822459505706646 -0.072529304879685605 -0.015037162083471405 -0.07752275511189255 -0.033545094227445844 -0.0097606468872882303 -0.004268440150847104 0.0095126856779314921 -0.0090619412591485763 -0.016028687665013582 -0.0075983169844277589 0.0062504230140942906 -0.002368636634883126 0.012519545680024023 -0.00064525536146410091 0.0060309604091983993 -0.02135452446810341 -0.0059744032394807968 -0.027720958485677558 -0.016476322495395854 -0.004557963481830009 -0.012275311562552516
leaf_weight=4760 2078 10446 15368 7302 31311 3570 2397 6272 2458 17459 25756 169845 14637 2780 5031 9179 2855 10250 6449 2987 4572 3387 6666 2174 3108 4223 3258 8156 9351 2090
leaf_count=4760 2078 10446 15368 7302 31311 3570 2397 6272 2458 17459 25756 169845 14637 2780 5031 9179 2855 10250 6449 2987 4572 3387 6666 2174 3108 4223 3258 8156 9351 2090
internal_value=-0.00252218 -0.00307029 0.000415699 0.00198814 -0.0021865 0.00485658 0.000917444 -0.00100311 0.00338655 -0.00251938 -0.00222296 -0.00376138 -0.00265685 -0.00093405 -0.00189102 0.000406078 0.00115016 -0.00143243 -0.00104168 -0.000255761 -0.000286945 0.000407069 0.00100447 0.000807323 -0.00327103 -8.55324e-05 -0.00142347 -0.00198439 -7.4489e-06 0.000897276
internal_weight=400175 337255 62920 29839 148013 8106 21733 33081 6028 116904 85593 189242 19397 31109 65026 19336 12034 39270 29020 15833 20663 12833 10053 9384 20567 6397 7830 13187 17713 8362
internal_count=400175 337255 62920 29839 148013 8106 21733 33081 6028 116904 85593 189242 19397 31109 65026 19336 12034 39270 29020 15833 20663 12833 10053 9384 20567 6397 7830 13187 17713 8362
cat_boundaries=0 29 61 87 103 135 164 196 218 237 263
cat_threshold=4 0 0 32 0 0 51456 0 0 835584 0 0 15990784 0 0 583008256 0 0 654311424 0 0 1879048192 1 0 0 7 0 0 48 0 0 0 0 0 0 133632 0 0 65536 0 0 15794176 0 0 202375168 0 0 4160749568 1 0 0 32 0 0 2 0 0 32 0 0 12288 0 0 0 0 0 0 0 0 0 32768 0 0 15728640 0 0 33554432 0 0 50331648 0 0 536870912 0 0 0 6 992 0 0 6400 0 0 102400 0 0 196608 0 0 5242880 0 0 87031808 461 0 0 1632 0 0 24576 0 0 53248 0 0 33816576 0 0 10485760 0 0 100663296 0 0 0 3 0 0 4 0 0 16 0 0 2304 0 0 0 0 0 0 0 0 0 0 0 0 14680064 0 0 33554432 0 0 50331648 0 0 805306368 0 0 0 7 0 0 32 0 0 0 0 0 0 131584 0 0 0 0 0 12582912 0 0 68157440 0 0 0 0 0 0 32 0 0 2 0 0 0 0 0 4096 34 0 0 0 0 0 36864 0 0 917504 0 0 16908288 0 0 4194304 0 0 0 0 0 1073741824 0 0 0 0 0 0 133120 0 0 65536 0 0 3145728 0 0 68157440 0 0 805306368 512 0 0 8464 0 0 69632 0 0 532480 0 0 0 0 0 318767104 0 0 0 2 0 2952790016 0 0 0 1
is_linear=0
shrinkage=0.08


Tree=30
num_leaves=31
num_cat=13
split_feature=45 45 45 18 26 9 5 12 7 45 5 5 5 5 5 6 5 24 5 15 40 11 15 5 9 14 12 5 15 26
split_gain=101.125 35.115 20.4211 14.1918 8.919 7.09892 6.34878 5.65689 5.21547 4.83516 6.27378 4.5392 4.15734 4.0321 3.56892 3.14759 3.53484 2.69804 2.67949 2.65337 2.76338 2.48571 2.45156 2.3902 2.12361 2.51172 1.98703 1.96003 1.89213 1.73209
threshold=28.667377471923832 26.780919075012211 31.64718055725098 0.82850691676139843 5.8725912570953378 0 1 2.2845857143402104 1.5000000000000002 24.0994987487793 2 3 4 5 6 7 8 28.874877929687504 9 0.70395696163177501 1.639052748680115 1.2706952691078188 0.47890347242355352 10 11 2.2258104085922246 0.59398105740547191 12 1.0468526482582095 3.3195387125015263
decision_type=2 2 2 2 2 1 9 2 2 2 9 9 9 9 9 1 9 2 9 10 2 2 10 9 1 2 2 9 10 2
left_child=1 9 4 5 6 13 18 14 -5 -1 21 -6 17 26 -4 16 22 -10 -2 -8 23 -11 -7 -21 -16 -26 -3 -17 -12 -25
right_child=2 3 7 8 11 15 19 -9 12 10 28 -13 -14 -15 24 27 -18 -19 -20 20 -22 -23 -24 29 25 -27 -28 -29 -30 -31
leaf_value=-0.26631344280505254 0.009852980131421149 -0.0022682884447294493 0.0010469076693139928 -0.016836901424906955 0.0019052563691392282 -0.0090441489025928079 -0.0063988859699210142 0.066705957804388399 0.014100234140592843 -0.024038641556305515 -0.05852143816974234 -0.0128825016071164 -0.0054566422680103633 -0.010109160116156283 0.056954918767606028 -0.023270860519754352 -0.013671423391110986 0.0023643070055798933 0.0080262977530467638 0.011946456510950346 -0.0082727873342698603 0.009044493869223345 0.0027973752900831324 -0.004199565666502451 0.026966377898265174 0.0033534254086917347 0.0043136415142865396 -0.014671246756930989 -0.03400544738562182 0.0058605136823708217
leaf_weight=143874 2014 4508 3537 12132 3268 2545 6165 2660 2652 5955 32036 10508 16458 8742 2104 27924 10133 5496 7964 3950 9887 2367 3984 5164 3725 2253 2898 36333 14500 4377
leaf_count=143874 2014 4508 3537 12132 3268 2545 6165 2660 2652 5955 32036 10508 16458 8742 2104 27924 10133 5496 7964 3950 9887 2367 3984 5164 3725 2253 2898 36333 14500 4377
internal_value=-0.00247777 -0.00305108 0.000343502 -0.00204895 -0.000376462 -0.00255579 0.00023465 0.00302918 -0.000709482 -0.00372568 -0.00308508 -0.00212854 -3.9975e-05 -0.00102128 0.00226365 -0.00286137 -0.00187556 0.00143585 0.00197719 -0.000354904 3.45467e-05 -0.00105586 -0.000420829 0.000778904 0.00318835 0.00240213 0.000352275 -0.00311633 -0.00344669 9.16213e-05
internal_weight=400113 332537 67576 133805 53297 97067 39521 14279 36738 198732 54858 13776 24606 16148 11619 80919 16662 8148 9978 29543 23378 8322 6529 13491 8082 5978 7406 64257 46536 9541
internal_count=400113 332537 67576 133805 53297 97067 39521 14279 36738 198732 54858 13776 24606 16148 11619 80919 16662 8148 9978 29543 23378 8322 6529 13491 8082 5978 7406 64257 46536 9541
cat_boundaries=0 1 30 62 88 120 133 165 166 179 195 221 222 238
cat_threshold=8 0 0 0 7168 0 0 117504 0 0 2887680 0 0 2293760 0 0 34603008 0 0 50331648 0 0 1610612736 0 0 0 5 0 0 32 256 0 0 0 0 0 0 0 0 65536 0 0 2097152 0 0 70254592 0 0 4076863488 2 0 0 32 0 0 5 0 0 48 0 0 14336 4 0 0 224 0 0 2048 0 0 671744 0 0 46137344 0 0 134217728 0 0 1929379840 0 0 3489660928 0 0 0 2 0 0 0 0 0 0 6144 0 0 2228224 0 0 12779520 0 0 118489088 0 0 805306368 3 0 2147483648 33 0 0 1 0 0 32 0 0 4096 808 0 0 14336 0 0 229376 0 0 1056768 0 0 12582912 8 0 0 128 0 0 4096 0 0 65536 0 0 262144 0 0 40894464 0 0 637534208 0 0 2147483648 0 0 0 0 0 0 0 0 0 256 2 35 0 0 3152 0 0 197120 0 0 1056768 0 0 8454144 0 0 0 3072 0 0 114688 0 0 790528 0 0 131072 0 0 1048576 2 0 0 112 0 0 143360 0 0 73728 0 0 17825792 0 0 549453824 0 0 335544320 0 0 0 0 0 0 2 2 380 0 0 10032 0 0 4352 0 0 2121728 0 0 196608 0 0 1048576
is_linear=0
shrinkage=0.08


Tree=31
num_leaves=31
num_cat=1
split_feature=24 44 41 19 6 41 12 33 28 18 17 1 21 3 38 25 28 26 38 21 15 22 38 10 33 41 41 34 40 20
split_gain=87.9422 28.7791 22.1186 11.64 7.22774 7.17103 6.28642 5.37687 5.2921 5.60335 4.97895 3.36883 6.18504 3.34484 2.84573 2.91558 2.7276 4.34659 2.65402 2.85347 2.5931 2.53584 2.12856 2.11524 2.0881 2.0353 1.65835 2.44862 2.80323 1.63949
threshold=28.689636230468754 29.760511398315433 26.49907207489014 0.54734948277473461 0 30.717366218566898 2.2845857143402104 13.816128253936769 1009.4015502929689 0.43038401007652288 2.4164966344833378 78.750000000000014 0.98330283164978038 392.81716918945318 1.2539262771606448 2.8530334234237675 1009.0053100585939 4.0394649505615243 1.5900001525878908 1.5850855112075808 1.1580309271812441 3.1371116638183598 0.27368450164794927 0.84232774376869213 14.504255771636965 27.869449615478519 28.868905067443851 -2.3525085449218746 0.77318763732910167 0.45439362525939947
decision_type=2 2 2 2 1 2 2 2 2 2 10 2 2 2 2 2 2 2 2 2 10 2 2 2 2 2 2 2 2 2
left_child=2 4 -1 21 10 -3 14 11 9 -6 18 -5 25 20 23 -16 17 -9 19 26 22 -4 -11 -7 -22 -13 27 28 -2 -23
right_child=1 5 3 7 8 6 -8 16 -10 13 -12 12 -14 -15 15 -17 -18 -19 -20 -21 24 29 -24 -25 -26 -27 -28 -29 -30 -31
leaf_value=-0.13306473532548702 0.0045327538329623376 0.00084089532009613463 -0.023671422286498871 -0.013157634664403284 -0.014781478029807458 0.018331915111779628 0.060417582867830902 0.0071976226844271234 -0.037627176474608073 -0.012423200152239511 0.042715083950807559 0.0024838014073728532 0.029150460905120541 -0.02697053059152265 0.037129595885165456 0.014876286954552117 -0.015678551126593932 -0.0078371744573407093 -0.03839483682305065 0.01691187418492671 0.0062092352044298702 -0.016053762124299927 -0.003975358253957572 -0.001702209133988592 -0.0059230819950513835 -0.011319833804885444 -0.0081955767709767334 -0.0048933654316334549 -0.0034546146103380882 -0.0089972844653736436
leaf_weight=158920 4253 19596 38445 3367 9339 2250 2746 2022 15928 8825 2002 4637 2138 10703 2020 2817 10515 7898 3966 2008 6230 14869 13779 5385 7938 2185 8107 12448 3941 10216
leaf_count=158920 4253 19596 38445 3367 9339 2250 2746 2022 15928 8825 2002 4637 2138 10703 2020 2817 10515 7898 3966 2008 6230 14869 13779 5385 7938 2185 8107 12448 3941 10216
internal_value=-0.00243035 -0.000851641 -0.00332279 -0.00236556 -0.00148879 0.00115162 0.0024539 -0.00114024 -0.00195058 -0.00158905 -0.00057314 0.000179297 0.000989966 -0.00123618 0.00168819 0.00320446 -0.00193593 -0.000982881 -0.000797283 -0.000545651 -0.000873472 -0.00299717 -0.00140515 0.000724656 -2.48282e-05 -0.000188526 -0.00074954 -0.000368391 0.000705021 -0.0023694
internal_weight=399493 144281 255212 96292 109467 34814 15218 32762 72742 56814 36725 12327 8960 47475 12472 4837 20435 9920 34723 30757 36772 63530 22604 7635 14168 6822 28749 20642 8194 25085
internal_count=399493 144281 255212 96292 109467 34814 15218 32762 72742 56814 36725 12327 8960 47475 12472 4837 20435 9920 34723 30757 36772 63530 22604 7635 14168 6822 28749 20642 8194 25085
cat_boundaries=0 1
cat_threshold=2
is_linear=0
shrinkage=0.08


Tree=32
num_leaves=31
num_cat=0
split_feature=45 20 45 45 18 21 27 27 26 34 7 22 19 19 41 23 14 34 24 19 35 45 37 19 1 26 32 41 3 23
split_gain=98.2419 42.542 10.4627 10.0219 10.0108 9.28584 5.46912 5.26762 4.33446 3.74894 3.75666 3.58464 3.47531 3.44317 3.32619 2.90505 2.81745 3.44093 3.01623 2.77635 2.67022 2.57649 2.23003 2.19216 1.91424 1.84778 1.60437 1.55359 2.06197 1.44441
threshold=27.020914077758793 0.96303215622901928 31.64718055725098 23.80170822143555 0.44652090966701513 1.0747827887535097 1010.3540954589845 1001.3552551269532 6.5020453929901132 -4.1058044433593741 1.5000000000000002 3.0112266540527348 1.7150374054908755 1.9523353576660158 32.798923492431648 34.330352783203132 0.67257463932037365 -2.7414245605468746 29.962844848632816 0.48869755864143377 19.989490509033207 29.441835403442386 -1.5866127014160154 1.5720022320747378 93.250000000000014 1.8206425905227663 501.14173889160162 25.355710029602054 290.15364074707037 28.565837860107425
decision_type=2 2 2 2 2 2 2 2 2 2 2 2 2 2 2 2 2 2 2 2 2 2 2 2 2 2 2 2 2 2
left_child=3 4 13 -1 -2 -5 8 14 9 21 29 -8 27 22 -4 23 17 -12 -18 -10 -21 -6 -3 -9 25 -24 -19 -7 -29 -11
right_child=1 2 7 5 6 12 11 15 19 10 16 -13 -14 -15 -16 -17 18 26 -20 20 -22 -23 24 -25 -26 -27 -28 28 -30 -31
leaf_value=-0.26268849167961833 -0.014717158890474022 0.013264545924634195 0.040259156640548667 -0.03723413846194043 -0.016953494895183042 -0.030242416723211422 -0.014444595195972883 0.0088783512510499478 -0.012668378800169538 -0.0096146387078133236 0.0040347075145354639 0.00011141010005616581 0.017485997655504008 0.034521779823413139 0.078349585997697202 -0.0081442079476227343 0.0093919947354711032 0.0034491271521097174 -0.0008483564103962982 -0.0070435793664703171 0.0036181985363473398 -7.0954053826981201e-05 -0.021749837706959912 0.037890530794774613 0.017069833671375927 -0.00097222407198129543 -0.0058636124895880938 0.0052996759284264306 -0.018322187765399085 -0.00046892392900559055
leaf_weight=140686 38295 3330 2336 54166 10115 7743 23114 3705 11748 6371 3417 3536 2487 2351 2027 2137 4060 2093 2430 10938 2688 4611 2971 2572 2006 29276 6192 2535 5050 4872
leaf_count=140686 38295 3330 2336 54166 10115 7743 23114 3705 11748 6371 3417 3536 2487 2351 2027 2137 4060 2093 2430 10938 2688 4611 2971 2572 2006 29276 6192 2535 5050 4872
internal_value=-0.00238817 -0.00105151 0.000874717 -0.0035646 -0.00180653 -0.00279596 -0.00137076 0.00286635 -0.000997053 -0.000518078 3.39521e-06 -0.00234509 -0.00121066 0.000236931 0.0051196 0.00169326 0.000713767 -2.80064e-05 0.00204923 -0.00183013 -0.00105192 -0.00155972 5.07532e-05 0.00255957 -0.000141611 -0.000291039 -0.000908982 -0.00166071 -0.000845294 -0.00114565
internal_weight=399858 187191 52711 212667 134480 71981 96185 12777 69535 44161 29435 26650 17815 39934 4363 8414 18192 11702 6490 25374 13626 14726 37583 6277 34253 32247 8285 15328 7585 11243
internal_count=399858 187191 52711 212667 134480 71981 96185 12777 69535 44161 29435 26650 17815 39934 4363 8414 18192 11702 6490 25374 13626 14726 37583 6277 34253 32247 8285 15328 7585 11243
is_linear=0
shrinkage=0.08


Tree=33
num_leaves=31
num_cat=2
split_feature=43 20 20 24 43 6 21 27 27 34 14 6 40 10 18 14 41 40 21 14 1 26 31 18 3 41 43 29 26 12
split_gain=93.3289 37.139 10.8384 9.41686 8.18866 5.38129 5.23399 6.09871 4.69951 4.41651 3.85541 3.80255 3.77918 3.73816 3.79037 3.73694 3.62316 4.01625 4.24349 3.31972 3.10803 4.58828 2.90309 2.40892 2.16432 1.99919 1.96742 2.79252 1.81779 1.77156
threshold=26.491275787353519 0.94870471954345714 0.45439362525939947 27.286865234375004 30.588803291320804 0 1.4998007416725161 1013.2805480957032 1010.3540954589845 -3.9027404785156246 0.61696794629096996 1 1.6927362680435183 0.66734012961387645 0.54677987098693859 1.3431411981582644 33.282495498657234 2.8049049377441411 1.5969048738479616 2.8226450681686406 81.250000000000014 3.007140159606934 82.708068847656264 0.56489610671997081 106.71034622192384 25.355710029602054 28.612201690673832 0.99320602416992199 4.15889596939087 0.84533515572547924
decision_type=2 2 2 2 2 1 2 2 2 2 2 1 2 2 2 2 2 2 2 2 2 2 2 2 2 2 2 2 2 2
left_child=3 2 5 -1 12 -2 25 -8 9 26 28 13 15 14 -12 -3 17 18 29 -19 -17 -22 -10 -24 -14 -5 -4 -28 -11 -6
right_child=1 4 8 6 16 -7 7 -9 22 10 11 -13 24 -15 -16 20 -18 19 -20 -21 21 -23 23 -25 -26 -27 27 -29 -30 -31
leaf_value=-0.12135085608438777 -0.0037743974766161511 -0.0036715350373479993 -0.013816287018251843 -0.064872938394066701 0.024333953651334152 -0.016324474070649284 -0.025665750209641108 0.02170441772293244 -0.014751780649640668 0.00073886088918136974 0.00012024308965841686 -0.0082999195895132449 0.0049101730190702093 -0.00028168075252393469 0.0087744541653711466 0.0021011133728345527 0.056184973846334633 -0.014904667791868182 0.046842841728210328 0.029260539192324769 0.0072970331562011151 0.053139872875978399 0.0033583033825942709 -0.010940738228783196 -0.016287082729917884 -0.024056029197161901 -0.0092822597648160796 0.0064939960702115789 -0.0059049787146633302 0.0080698672549579572
leaf_weight=152594 10781 9665 14457 16601 2202 47748 4940 2082 22802 4422 2287 4398 3797 7699 3714 7507 2891 4516 2447 2051 3054 2020 2799 2293 13407 12690 8426 2050 16830 6658
leaf_count=152594 10781 9665 14457 16601 2202 47748 4940 2082 22802 4422 2287 4398 3797 7699 3714 7507 2891 4516 2447 2051 3054 2020 2799 2293 13407 12690 8426 2050 16830 6658
internal_value=-0.00232042 -0.00116362 -0.0018346 -0.00361189 0.000515732 -0.00268601 -0.00245277 -0.000490331 -0.00129376 -0.000917239 -0.000389229 0.000468742 -0.000161177 0.00112536 0.00262119 0.000527318 0.0018012 0.00137464 0.00228788 -0.000198876 0.00143563 0.00296302 -0.00216084 -0.000432772 -0.00105124 -0.0029229 -0.00175007 -0.000913981 -0.00111975 0.00147012
internal_weight=399828 210921 150706 188907 60215 58529 36313 7022 92177 64283 39350 18098 39450 13700 6001 22246 20765 17874 11307 6567 12581 5074 27894 5092 17204 29291 24933 10476 21252 8860
internal_count=399828 210921 150706 188907 60215 58529 36313 7022 92177 64283 39350 18098 39450 13700 6001 22246 20765 17874 11307 6567 12581 5074 27894 5092 17204 29291 24933 10476 21252 8860
cat_boundaries=0 1 2
cat_threshold=2 10
is_linear=0
shrinkage=0.08


Tree=34
num_leaves=31
num_cat=3
split_feature=43 15 20 24 41 19 19 43 34 41 6 6 33 6 0 14 3 0 34 33 41 30 43 30 27 30 27 40 39 34
split_gain=93.5343 32.1085 11.6262 7.46821 7.44728 5.98725 5.94348 5.60128 5.13963 4.85219 4.62556 3.88944 3.42892 3.64351 3.29358 3.00074 5.34796 3.01752 5.64417 2.59285 2.51142 2.47549 6.6051 1.94552 1.91492 1.85295 2.21538 1.83984 1.64122 2.46354
threshold=26.090857505798343 1.0283707380294802 0.45064899325370794 26.454437255859379 26.345618247985843 2.1184194087982182 1.1545636653900149 32.26677322387696 1.3176574707031252 23.21889686584473 0 1 11.231423854827883 2 26.750000000000004 0.61696794629096996 28.420645713806156 11.750000000000002 -3.4591369628906246 24.883775711059574 31.840277671813968 468.81250000000006 28.129077911376957 312.43750000000006 1002.6428527832032 486.06250000000006 1010.9788208007814 1.3134965896606448 0.77782490849494945 -4.5968322753906241
decision_type=2 10 2 2 2 2 2 2 2 2 1 1 2 1 2 2 2 2 2 2 2 2 2 2 2 2 2 2 2 2
left_child=3 2 10 -1 -3 7 -5 12 15 -8 -2 -11 27 28 19 23 17 -17 24 -9 -16 -20 -23 -4 -19 -12 -27 -6 29 -14
right_child=1 4 8 6 5 -7 9 14 -10 11 25 -13 13 -15 20 16 -18 18 21 -21 -22 22 -24 -25 -26 26 -28 -29 -30 -31
leaf_value=-0.16027447039176157 -0.0036683488083785179 -0.018131405529238708 -0.017099667559260234 -0.056411861937725613 0.014543648360371459 0.058991225130076888 -0.06456975801681486 0.019455519176620157 -0.020219788830987219 0.016510584750155422 -0.032242339884108455 -0.017541931319544332 0.029963700636329291 -0.0051202374339572674 0.018824667453283057 -0.0045136699424198215 -0.013573647406393006 0.0035020496625653473 0.00015886743837567732 -0.008330084701382922 0.050794813610802514 0.01585858277438058 0.0020008559365712305 -0.0052679438239727518 -0.0073853863609896243 -0.012526405480859676 -0.00081897538519583551 0.0030483506685607636 -0.0040081891131434275 0.0039028852857901472
leaf_weight=137362 10486 8978 5661 26200 3356 2163 5668 2221 10161 3141 18345 4015 2567 25508 2315 9315 16682 2205 3145 2999 3037 2660 4342 35806 5190 28317 2542 4750 4671 5681
leaf_count=137362 10486 8978 5661 26200 3356 2163 5668 2221 10161 3141 18345 4015 2567 25508 2315 9315 16682 2205 3145 2999 3037 2660 4342 35806 5190 28317 2542 4750 4671 5681
internal_value=-0.00227434 -0.00118582 -0.00182291 -0.00365101 0.000259844 0.000585174 -0.00267295 0.000428258 -0.00127371 -0.0012604 -0.00269816 0.000125034 5.0447e-05 -0.000265058 0.00208959 -0.0010702 -0.000606123 9.27522e-05 0.000710573 0.000657743 0.00348228 0.00193482 0.00277125 -0.0015572 -0.000969616 -0.00302324 -0.0026433 0.0015446 0.000828811 0.00150739
internal_weight=399489 223103 154857 176386 68246 59268 39024 57105 95167 12824 59690 7156 46533 38427 10572 85006 43539 26857 17542 5220 5352 10147 7002 41467 7395 49204 30859 8106 12919 8248
internal_count=399489 223103 154857 176386 68246 59268 39024 57105 95167 12824 59690 7156 46533 38427 10572 85006 43539 26857 17542 5220 5352 10147 7002 41467 7395 49204 30859 8106 12919 8248
cat_boundaries=0 1 2 3
cat_threshold=2 2 2
is_linear=0
shrinkage=0.08


Tree=35
num_leaves=31
num_cat=12
split_feature=43 19 19 9 5 30 5 43 19 23 5 9 5 43 5 23 34 5 32 38 5 5 35 5 5 30 23 29 14 19
split_gain=97.2441 32.9893 10.6493 8.04466 13.1082 7.8753 8.70422 5.67377 7.70626 5.44418 5.31117 4.6949 5.24965 4.60839 4.45198 3.93571 3.92909 3.89751 3.89241 3.68933 3.77828 3.56085 3.43382 3.12535 3.12504 2.87075 2.52603 2.15271 2.0801 2.00897
threshold=25.504605293273929 0.93822118639945995 0.39726324379444128 0 1 574.18750000000011 2 21.575139045715336 1.1545636653900149 28.33466720581055 3 4 5 30.765390396118168 6 27.886505126953129 -3.8003234863281246 7 541.46539306640636 0.69322586059570324 8 9 0.45824050903320318 10 11 924.81250000000011 28.534973144531254 0.53032302856445324 0.69218647480010997 1.4106529951095583
decision_type=2 2 2 1 9 2 9 2 2 2 9 1 9 2 9 2 2 9 2 2 9 9 2 9 9 2 2 2 2 2
left_child=7 2 15 4 -3 9 16 -1 -9 11 -10 12 -4 19 -11 -2 26 -15 22 20 25 -17 -18 -13 27 -5 -7 -21 -20 -22
right_child=1 3 5 13 -6 6 -8 8 10 14 -12 23 -14 17 -16 21 18 -19 28 24 29 -23 -24 -25 -26 -27 -28 -29 -30 -31
leaf_value=-0.40313723009926672 -0.02606853206550195 0.068144530690801924 0.0079073064528029854 0.026758766800477299 0.0060820197431500304 -0.014134501574014854 -0.0060332261341014696 -0.068563697030753212 0.022293384356650906 0.0051760283129714578 -0.025659163401168264 -0.014336670758946639 -0.0092328898287424507 0.036569885856821048 -0.0097574225248723296 -0.00037012915026962657 0.0018369768403049803 0.0039493197453705125 -0.0016556014368793671 0.0070922231115714543 -0.0052402929518565664 -0.0098778864465508959 0.0098437923734152853 -0.024640623766989361 -0.017407770282137129 -0.0017594855243666758 0.0013510925697875092 -0.015061321165484826 0.0069717538210816443 0.0091623975814938124
leaf_weight=124450 23341 2096 2116 3485 4344 4965 51949 28709 2052 4366 8628 13982 3858 4488 5571 4899 3022 8851 8218 4941 11941 14439 3588 26109 9659 2005 4498 2929 2143 4488
leaf_count=124450 23341 2096 2116 3485 4344 4965 51949 28709 2052 4366 8628 13982 3858 4488 5571 4899 3022 8851 8218 4941 11941 14439 3588 26109 9659 2005 4498 2929 2143 4488
internal_value=-0.00221693 -0.00117835 -0.00172502 0.000455998 0.00312074 -0.0013752 -0.000857373 -0.00371462 -0.00287611 -0.00209969 -0.00104023 -0.00246598 -0.000369704 0.000129755 -0.000400926 -0.00282593 0.000324487 0.00141464 0.00105271 -0.000304933 0.000386884 -0.00198015 0.00256797 -0.00277739 -0.00116974 0.00219964 -0.000980894 1.52082e-05 8.44653e-05 -0.000221048
internal_weight=400130 236291 177064 59227 6440 134385 78383 163839 39389 56002 10680 46065 5974 52787 9937 42679 26434 13339 16971 39448 21919 19338 6610 40091 17529 5490 9463 7870 10361 16429
internal_count=400130 236291 177064 59227 6440 134385 78383 163839 39389 56002 10680 46065 5974 52787 9937 42679 26434 13339 16971 39448 21919 19338 6610 40091 17529 5490 9463 7870 10361 16429
cat_boundaries=0 1 27 46 78 79 98 130 159 188 201 230 262
cat_threshold=10 0 0 0 0 0 0 0 0 0 65536 0 0 19922944 0 0 234881024 0 0 0 0 0 1879048192 0 0 0 1 6 0 0 2064 0 0 166400 0 0 405504 0 0 30474240 0 0 201326592 0 0 1191182336 0 0 0 0 0 0 0 0 0 98304 0 0 2097152 0 0 605028352 0 0 50331648 0 0 0 0 0 0 2 0 0 0 0 0 12544 8 802 0 0 12288 0 0 247808 0 0 3735552 0 0 20971520 0 0 2097152 0 0 805306368 602 0 0 7312 0 0 94720 0 0 1056768 0 0 17498112 0 0 269484032 0 0 2701131776 3 0 268435456 1 0 0 0 0 0 16 0 0 256 0 0 0 0 0 0 0 0 0 98304 0 0 3276800 0 0 33554432 0 0 2197815296 0 0 536870912 0 0 0 5 0 0 48 0 0 0 128 0 0 3072 0 0 2113536 0 0 50462720 0 0 272629760 0 0 2684354560 3 0 268435456 33 0 0 5 0 0 16 6 0 0 10240 0 0 131840 0 0 0 0 0 8454144 705 0 0 2176 0 0 157952 0 0 102400 0 0 34799616 0 0 360710144 0 0 1895825408 3 0 0 0 0 0 5 0 0 16 0 0 0 128 0 0 1024 0 0 2097152 0 0 34471936 0 0 577765376 0 0 1946157056 0 0 0 33 0 0 2 0 0 48 0 0 6144
is_linear=0
shrinkage=0.08


Tree=36
num_leaves=31
num_cat=12
split_feature=23 20 20 34 5 33 5 33 44 5 5 5 26 5 18 5 44 19 5 23 5 5 35 10 33 38 5 34 20 5
split_gain=96.2215 29.9914 8.46409 8.8118 8.72614 5.90827 9.66239 4.98663 4.05173 4.16585 3.95571 3.70887 3.38519 5.07584 5.12622 3.21829 3.19886 4.18463 3.10786 3.00474 2.63162 2.56464 2.62604 2.49202 2.31193 2.4307 2.86432 2.10563 2.36611 3.40134
threshold=24.273036956787113 0.97233057022094738 0.42987488210201269 1.1508483886718752 0 25.920191764831547 1 10.834176063537599 28.794993400573734 2 3 4 5.1653432846069345 5 0.69573214650154125 6 21.449008941650394 1.56354296207428 7 28.968132019042972 8 9 5.4926872253417978 0.60366401076316845 12.695807933807375 -0.057206153869628899 10 -4.9040832519531241 1.4923238158226015 11
decision_type=2 2 2 2 9 2 9 2 2 9 9 9 2 9 2 9 2 2 9 2 9 9 2 2 2 2 9 2 2 9
left_child=16 2 19 4 12 7 -7 11 9 -9 -5 -3 13 14 23 -14 -1 -18 -10 -2 -8 22 -6 -4 -17 -26 -27 28 -20 -30
right_child=1 5 3 10 21 6 20 8 18 -11 -12 -13 15 -15 -16 24 17 -19 27 -21 -22 -23 -24 -25 25 26 -28 -29 29 -31
leaf_value=-0.38866655334689737 -0.01551105590290257 -0.0077873131276488131 0.0043244364779005196 -0.0010370215936827414 -0.0086070823500113743 0.052009588459044166 0.012389707491807822 0.0017785509930399201 0.016123357890170539 -0.015365208997619069 -0.027813987918124207 0.016697642218018532 -0.0084869494087908906 -0.0035455383145006894 0.014730077959528028 0.0047273230832304593 -0.080027294595388029 -0.0077025702327059081 -0.0026464199004699817 -0.0025540917094979089 -0.018332697302642406 -0.015936538323061508 -0.0026409384975450349 -0.0032667909746019264 -0.012910569538919317 0.0063441972684840945 -0.0033139450142199707 -0.0089975041926976113 -0.00411075159843501 0.039333271072265037
leaf_weight=123342 45527 2083 4498 2835 24031 2834 4934 9796 6901 18673 16941 5596 9972 10349 2136 3035 19603 3942 8910 5903 2029 26466 16161 2946 3401 2307 4878 5860 2186 2052
leaf_count=123342 45527 2083 4498 2835 24031 2834 4934 9796 6901 18673 16941 5596 9972 10349 2136 3035 19603 3942 8910 5903 2029 26466 16161 2946 3401 2307 4878 5860 2186 2052
internal_value=-0.00217753 -0.00123262 -0.00178055 -0.00143656 -0.00115727 0.000150617 0.00197532 -0.000137723 -0.000407297 -0.00106591 -0.00299121 0.00176928 -0.000275781 0.000491699 0.00181667 -0.000924121 -0.0038064 -0.00294884 0.000316524 -0.0026493 0.000364885 -0.00173239 -0.00132816 0.000824254 -0.000123452 -0.000681768 0.000152883 -0.000211899 0.000350204 0.00190395
internal_weight=400127 253240 181386 129956 110180 71854 9797 62057 54378 28469 19776 7679 43522 19929 9580 23593 146887 23545 25909 51430 6963 66658 40192 7444 13621 10586 7185 19008 13148 4238
internal_count=400127 253240 181386 129956 110180 71854 9797 62057 54378 28469 19776 7679 43522 19929 9580 23593 146887 23545 25909 51430 6963 66658 40192 7444 13621 10586 7185 19008 13148 4238
cat_boundaries=0 23 55 84 103 132 148 167 193 225 247 266 295
cat_threshold=32 0 0 6528 0 0 249856 0 0 1978368 0 0 12648448 0 0 3145728 0 0 1694498816 2 0 0 1 0 0 0 0 0 0 0 0 0 0 0 0 0 0 0 0 0 0 134217728 0 0 1879048192 0 0 0 2 0 0 0 0 0 4096 0 0 0 128 0 0 2048 0 0 2179072 0 0 33685504 0 0 745537536 0 0 1744830464 0 0 0 32 0 0 0 0 0 16 450 0 0 6208 0 0 163840 0 0 2097152 0 0 0 0 0 268435456 0 0 1073741824 0 0 0 0 0 0 0 0 0 2113536 0 0 50593792 0 0 550502400 0 0 754974720 0 0 805306368 32 0 0 1 0 0 32 0 0 0 0 0 0 245760 0 0 1839104 0 0 12648448 0 0 1048576 0 0 0 0 0 0 245760 0 0 1835008 0 0 0 0 0 3145728 0 0 67108864 0 0 0 128 0 0 2048 0 0 2113536 0 0 33685504 0 0 814743552 0 0 1124073472 0 0 536870912 32 0 0 1 0 0 0 0 0 0 0 0 0 16384 0 0 393216 0 0 12582912 0 0 385875968 0 0 0 0 0 0 5 0 0 32 0 0 2048 967 0 0 9744 0 0 10752 0 0 65536 0 0 20054016 0 0 134217728 0 0 2181038080 1 0 536870912 0 0 0 0 0 0 0 0 0 12288 0 0 8454144 0 0 0 0 0 1610612736 0 0 0 0 0 0 0 0 0 0 0 0 262144 0 0 6291456 0 0 201326592 0 0 1073741824 0 0 0 2 0 0 32
is_linear=0
shrinkage=0.08


Tree=37
num_leaves=31
num_cat=12
split_feature=43 15 30 9 5 43 5 43 15 5 43 34 5 38 38 9 5 18 5 43 5 5 30 37 5 28 5 34 14 24
split_gain=98.0149 26.7441 8.99952 8.24681 11.3911 7.15993 6.95354 5.94599 6.75184 5.22639 4.93209 4.63704 4.58282 3.70834 3.65666 3.40293 4.25544 3.37035 3.28736 3.01668 3.00581 2.89657 2.6884 2.8502 2.52115 2.40748 2.39096 2.38509 2.93359 2.32366
threshold=25.024097442626957 1.0193285942077639 461.06250000000006 0 1 28.129077911376957 2 21.053441047668461 1.6686051487922671 3 30.765390396118168 -4.0063171386718741 4 1.0697524547576907 2.3381347656250004 5 6 0.42006203532218939 7 27.505432128906254 8 9 610.18750000000011 0.54730224609375011 10 1007.9096679687501 11 -2.5253601074218746 0.59972244501113903 29.903289794921879
decision_type=2 10 2 1 9 2 9 2 10 9 2 2 9 2 2 1 9 2 9 2 9 9 2 2 9 2 9 2 2 2
left_child=7 2 5 4 -3 21 11 -1 -9 -10 13 -4 -7 20 26 25 -17 -8 -15 -18 22 -2 23 -5 -6 -13 -12 -21 -29 -24
right_child=1 3 6 10 24 12 17 8 9 -11 14 15 -14 18 -16 16 19 -19 -20 27 -22 -23 29 -25 -26 -27 -28 28 -30 -31
leaf_value=-0.38233829214481402 -0.013289469271266776 0.058734109432522275 -0.0088966253653049495 0.0058865963473843453 0.013313122438161906 0.008109255015264721 -0.012505808604924172 -0.06560053873809836 0.021066160322937778 -0.033755275741852102 0.044484636345010091 -0.0023002490185524563 -0.004935988880392754 0.0021585871090087712 -0.0081116386348824374 -0.0049137755647120267 -0.016538803547728916 -0.0059020745336599793 -0.018875919470273901 0.0055900475711294492 -0.0045697255748694404 -0.025032651215610619 0.0099973315692986064 0.026000027421343171 -0.015882110571697933 0.0070914908275730602 0.011175990219745371 -0.0054792979942201612 0.0053696971287994612 -0.0084794164050903745
leaf_weight=121399 18389 2280 12894 6295 3727 2000 13970 27474 2001 4889 2436 2439 5355 4620 4395 16761 2783 43403 13334 3572 19895 34149 2515 2022 2009 3895 8614 3062 3429 5566
leaf_count=121399 18389 2280 12894 6295 3727 2000 13970 27474 2001 4889 2436 2439 5355 4620 4395 16761 2783 43403 13334 3572 19895 34149 2515 2022 2009 3895 8614 3062 3429 5566
internal_value=-0.00214256 -0.00114099 -0.00171406 8.3995e-05 0.0025107 -0.00249824 -0.00127165 -0.00371009 -0.00277931 -0.000539131 -0.000195778 -0.000569441 -0.000160218 -0.000554916 0.00106503 -0.000102474 -0.000462687 -0.00186873 -0.00149499 0.000632363 -8.95803e-05 -0.00282546 0.000711901 0.00172115 0.000600416 0.00157759 0.00184087 0.00127747 0.000362405 -0.000326784
internal_weight=399572 243809 166101 77708 8016 59893 106208 155763 34364 6890 69692 48835 7355 54247 15445 35941 29607 57373 17954 12846 36293 52538 16398 8317 5736 6334 11050 10063 6491 8081
internal_count=399572 243809 166101 77708 8016 59893 106208 155763 34364 6890 69692 48835 7355 54247 15445 35941 29607 57373 17954 12846 36293 52538 16398 8317 5736 6334 11050 10063 6491 8081
cat_boundaries=0 1 27 49 81 103 104 123 155 184 204 233 262
cat_threshold=10 4 0 0 0 0 0 6144 0 0 229376 0 0 24117248 0 0 234881024 0 0 0 0 0 1610612736 0 0 0 1 775 0 0 6144 0 0 166400 0 0 962560 0 0 30081024 0 0 67108864 0 0 520093696 2 0 2415919104 0 0 0 0 0 0 0 0 0 98304 0 0 23068672 0 0 771751936 0 0 721420288 2 0 536870912 0 0 0 0 0 0 0 0 0 8448 528 0 0 3600 0 0 90368 0 0 0 0 0 131072 0 0 269484032 0 0 452984832 0 0 268435456 8 775 0 0 6144 0 0 32768 0 0 131072 0 0 524288 0 0 67108864 0 0 268435456 0 0 0 0 0 0 6144 0 0 2113536 0 0 44236800 0 0 36700160 0 0 1879048192 0 0 0 32 0 0 0 0 0 32 0 0 6144 26 0 0 128 0 0 6144 0 0 196608 0 0 62980096 0 0 944766976 0 0 3825205248 3 0 2415919104 34 0 0 5 0 0 16 993 0 0 4224 0 0 256000 0 0 2195456 0 0 12058624 0 0 92274688 0 0 1895825408 3 392 0 0 4224 0 0 0 0 0 2097152 0 0 524288 0 0 805306368 0 0 3674210304 0 0 268435456 0 0 0 6 0 0 32 8 0 0 0 0 0 4096 0 0 0 0 0 33554432 0 0 33554432 0 0 2181038080 1 0 536870912 0 0 0 6 0 0 48
is_linear=0
shrinkage=0.08


Tree=38
num_leaves=31
num_cat=5
split_feature=45 19 45 20 21 9 38 9 25 43 9 45 34 33 45 9 8 0 39 25 33 30 41 19 31 38 0 38 45 19
split_gain=105.873 28.2573 16.3497 10.6931 7.44198 3.65178 4.05026 3.29451 4.20534 3.06656 3.01754 2.99756 2.88104 2.80357 2.60147 2.55563 2.53219 2.07586 2.74423 2.08829 2.032 2.00969 3.57417 1.89237 1.81741 2.2163 1.81522 1.73355 1.66621 3.56341
threshold=23.466054916381839 1.0911421775817873 26.714642524719242 0.45439362525939947 2.0664657354354863 0 1.9238193035125735 1 4.114272117614747 28.383353233337406 2 32.244066238403327 -7.4246826171874991 24.580415725708011 28.287750244140629 3 4 11.250000000000002 0.27030736207962042 2.4701445102691655 7.70092797279358 697.68750000000011 27.251212120056156 0.6070137917995454 85.371898651123061 -0.33960247039794916 12.750000000000002 0.28543519973754888 21.851572036743168 1.3216753005981448
decision_type=2 2 2 2 2 1 2 1 2 2 1 2 2 2 2 1 1 2 2 2 2 2 2 2 2 2 2 2 2 2
left_child=28 2 10 9 5 12 11 24 14 15 -2 13 -3 20 16 -4 17 -9 19 -19 -7 -10 -23 -12 -5 -26 -11 -28 -1 -30
right_child=1 4 3 7 -6 6 -8 8 21 26 23 -13 -14 -15 -16 -17 -18 18 -20 -21 -22 22 -24 -25 25 -27 27 -29 29 -31
leaf_value=-0.33289698606605195 -0.0042016804692470338 0.043909606517983549 -0.0020331989810574809 -0.0012332995322712412 0.045743477639353984 0.013479731663381594 -0.01320603483278324 -0.0079700749893378865 -0.01320840156537164 -0.0062629235447084963 -0.048020081432325834 0.031203841238941439 0.0067058569771684734 0.018164939418002096 0.00019527627718955384 -0.013958403732823846 -0.01503374726335582 0.010461405758384704 -0.0063248127596973337 0.00011882530374385532 -0.0018745547498788693 0.0049652808612577863 -0.0063812887611201007 -0.032268342449979691 0.00096931827764222349 0.0088810397292934645 -0.0061669095460065194 0.0013846624549891681 -0.096753384582127885 -0.0076658474229436592
leaf_weight=125182 3767 2009 3453 15101 3378 2421 9603 4565 14916 8953 18136 2518 3028 4271 26670 37267 9662 2083 8410 2762 24146 2254 15848 23436 4910 2015 3012 3913 9552 2972
leaf_count=125182 3767 2009 3453 15101 3378 2421 9603 4565 14916 8953 18136 2518 3028 4271 26670 37267 9662 2083 8410 2762 24146 2254 15848 23436 4910 2015 3012 3913 9552 2972
internal_value=-0.00209057 -0.00114807 -0.00155749 -0.00118921 0.000534484 0.000278631 3.9181e-05 -0.000726554 -0.000947357 -0.00208154 -0.00290362 0.000456032 0.00231204 0.000238848 -0.000513424 -0.0024493 -0.00105951 -0.000493551 1.35686e-05 0.00152832 -6.72772e-05 -0.00165896 -0.00109143 -0.00309983 0.00014769 0.0012199 -0.00113746 -0.000164385 -0.00388701 -0.00300112
internal_weight=400213 262507 211133 165794 51374 47996 42959 109196 87170 56598 45339 33356 5037 30838 54152 40720 27482 17820 13255 4845 26567 33018 18102 41572 22026 6925 15878 6925 137706 12524
internal_count=400213 262507 211133 165794 51374 47996 42959 109196 87170 56598 45339 33356 5037 30838 54152 40720 27482 17820 13255 4845 26567 33018 18102 41572 22026 6925 15878 6925 137706 12524
cat_boundaries=0 1 2 3 4 5
cat_threshold=10 11 8 8 2
is_linear=0
shrinkage=0.08


Tree=39
num_leaves=31
num_cat=14
split_feature=24 23 7 6 5 5 5 38 41 22 9 33 5 9 5 5 5 39 33 33 17 29 5 23 26 23 5 18 5 5
split_gain=101.59 20.905 13.1298 12.8353 13.3884 9.17667 6.80962 5.71356 14.947 4.72936 4.71752 4.68712 4.86775 3.90368 4.5712 3.55104 3.34403 3.51017 3.07179 3.02297 3.39465 2.9033 2.6577 2.99294 2.53526 2.39679 2.26162 2.20916 2.68745 2.12243
threshold=26.522918701171879 28.968132019042972 1.5000000000000002 0 1 2 3 0.88003253936767589 27.711793899536136 4.8136711120605478 4 8.3168640136718768 5 6 7 8 9 0.17801183462142947 10.425600051879885 26.175167083740238 2.0372895002365117 0.058483123779296882 10 27.362354278564457 6.5020453929901132 28.031291961669925 11 0.68032643198966991 12 13
decision_type=2 2 2 1 9 9 9 2 2 2 1 2 9 1 9 9 9 2 2 2 10 2 9 2 2 2 9 2 9 9
left_child=11 2 13 4 7 10 19 8 -4 22 -5 12 -1 14 -2 18 17 -6 -11 21 -21 -3 -7 -24 29 -15 -27 -25 -29 -8
right_child=1 6 3 5 16 9 24 -9 -10 15 -12 -13 -14 25 -16 -17 -18 -19 -20 20 -22 -23 23 27 -26 26 -28 28 -30 -31
leaf_value=0.0078998916802663875 -0.00016342715888433704 -0.015723229061836697 0.042404122231747339 0.0081196597333548504 0.006313139847506896 -0.017918300833079024 0.0060145238934014187 -0.0031370627538330241 0.0056676995901530549 0.0070189521448385432 -0.0045874863173898835 -0.12446842691719916 -0.047101518294814126 -0.024840197619203752 -0.01255508077443317 -0.0091463875971257054 -0.0074278036465195568 -0.001556666188110935 -0.0033183113736424481 0.0060652704682892192 0.045545822444788275 0.0072786456496504864 -0.023609013264374114 -0.0075776343506544133 -0.006650200461430068 0.00085989192407231465 -0.0099065385700189239 0.0063455855868323361 -0.0090417743391622684 -0.0022674395359406625
leaf_weight=2022 8135 2107 2021 3545 2693 20878 2570 2193 4244 2897 30258 134252 5284 33657 11927 10921 10219 9735 6458 2673 2022 16720 14991 7607 6773 2820 9755 2137 2498 25336
leaf_count=2022 8135 2107 2021 3545 2693 20878 2570 2193 4244 2897 30258 134252 5284 33657 11927 10921 10219 9735 6458 2673 2022 16720 14991 7607 6773 2820 9755 2137 2498 25336
internal_value=-0.00206259 -0.00111699 -0.001506 -0.00104827 0.000374618 -0.00148127 0.000217071 0.00308658 0.00431872 -0.00201424 -0.000402449 -0.00378442 -0.00180755 -0.00242604 -0.00149029 -0.000989057 -0.00064005 0.000241644 0.000155732 0.00126718 0.00308183 0.000813929 -0.00244642 -0.0019217 -0.000495577 -0.00283075 -0.00188637 -0.000993145 0.000383207 -0.000158476
internal_weight=399348 257790 199589 133295 31105 102190 58201 8458 6265 68387 33803 141558 7306 66294 20062 20276 22647 12428 9355 23522 4695 18827 48111 27233 34679 46232 12575 12242 4635 27906
internal_count=399348 257790 199589 133295 31105 102190 58201 8458 6265 68387 33803 141558 7306 66294 20062 20276 22647 12428 9355 23522 4695 18827 48111 27233 34679 46232 12575 12242 4635 27906
cat_boundaries=0 1 33 65 94 95 117 118 147 173 199 231 257 286 302
cat_threshold=2 3 0 0 16 0 0 200192 0 0 106496 0 0 196608 0 0 640679936 0 0 587202560 0 0 805306368 0 0 0 2 0 0 48 0 0 256 3 0 0 2176 0 0 186368 0 0 458752 0 0 33030144 0 0 12582912 0 0 3154116608 1 0 0 32 0 0 1 0 0 32 0 0 14336 0 0 0 10272 0 0 100608 0 0 2625536 0 0 56819712 0 0 662700032 0 0 50331648 2 0 1879048192 32 0 0 3 0 0 48 8 774 0 0 4224 0 0 6144 0 0 98304 0 0 3145728 0 0 258998272 0 0 1107296256 0 0 2147483648 12 903 0 0 14336 0 0 0 0 0 360448 0 0 15728640 0 0 221249536 0 0 2483027968 2 0 2147483648 32 0 0 6 0 0 32 756 0 0 5888 0 0 8192 0 0 32768 0 0 0 0 0 318767104 0 0 0 2 0 3221225472 1 0 0 6 868 0 0 15488 0 0 57344 0 0 3149824 0 0 3145728 0 0 150994944 0 0 3355443200 2 0 3221225472 0 0 0 5 872 0 0 1872 0 0 9472 0 0 0 0 0 0 0 0 537919488 0 0 50331648 2 0 3758096384 1 0 0 14 0 0 320 0 0 256 4 0 0 64 0 0 131584 0 0 1048576 0 0 25493504 0 0 821035008 0 0 2030043136 3 0 3221225472 1 0 0 5 16 0 0 0 0 0 0 0 0 2109440 0 0 33751040 0 0 337641472 0 0 0 0 0 0 0 0 0 0 0 0 16 0 0 0 1024 0 0 28672 0 0 393216 0 0 0 0 0 1048576
is_linear=0
shrinkage=0.08


Tree=40
num_leaves=31
num_cat=12
split_feature=45 21 30 45 19 45 5 34 5 9 9 5 5 45 18 5 19 38 5 41 5 34 5 40 34 22 25 5 5 38
split_gain=114.012 20.3236 9.5421 8.38388 10.1398 7.44342 6.46248 6.21031 4.34879 4.33684 4.30166 8.28306 4.2516 3.58914 3.58376 3.32198 2.99181 2.74935 2.54512 2.54393 2.47752 2.91409 2.46978 2.37118 2.3189 3.35635 4.34161 4.51758 4.23997 4.56473
threshold=25.310702323913578 0.93787753582000744 486.06250000000006 22.305402755737308 1.1545636653900149 28.731710433959964 0 2.6247863769531254 1 2 3 4 5 30.196853637695316 0.43994699418544775 6 0.52808210253715526 1.0944609642028811 7 28.430032730102543 8 0.87561035156250011 9 1.6927362680435183 -3.9027404785156246 1.7066001892089846 7.6077008247375497 10 11 0.35668373107910162
decision_type=2 2 2 2 2 2 9 2 9 1 1 9 9 2 2 9 2 2 9 2 9 2 9 2 2 2 2 9 9 2
left_child=3 2 5 -1 -5 9 24 17 -7 12 11 -3 -2 15 -8 -12 -11 -6 19 -16 21 -18 -15 -17 -4 28 27 -27 29 -26
right_child=1 10 6 4 7 8 14 -9 -10 16 13 -13 -14 22 18 23 20 -19 -20 -21 -22 -23 -24 -25 25 26 -28 -29 -30 -31
leaf_value=-0.27467751686642466 0.0059307571385977054 0.046535508291495518 -0.0054142008310070124 -0.056321581933633853 0.0012350947177171855 -0.0074889807018623531 -0.0086300574800559013 0.026665102765720927 0.0064451873972496366 -0.021079878007868338 0.0069536142874687835 -0.00010209582998923047 -0.015097216624532544 0.028275047379332428 0.0023648520357639471 -3.5178663412230242e-05 0.003626826749473201 -0.051189442157926146 -0.0052906002672511096 -0.0082267460234030816 -0.017104474375444743 -0.017079785181475664 0.0053308851270874062 -0.013616464387491539 -0.0047140591804360303 0.0099524870802823514 -0.0062792445258350342 0.0027459804033210743 -0.0049942412575981624 0.0077215630973078569
leaf_weight=127989 2202 2699 12830 22859 3342 3415 20815 2197 3797 30690 10033 4263 2701 3650 6657 16232 3431 3060 41020 2147 17197 2493 11669 15708 2699 2208 2645 7221 8962 3128
leaf_count=127989 2202 2699 12830 22859 3342 3415 20815 2197 3797 30690 10033 4263 2701 3650 6657 16232 3431 3060 41020 2147 17197 2493 11669 15708 2699 2208 2645 7221 8962 3128
internal_value=-0.00199375 -0.000893923 -0.00133792 -0.00365257 -0.002481 -0.00209937 -0.000882784 -0.000138925 0.000325671 -0.00239725 0.000324037 0.0021988 -0.00011619 9.54764e-05 -0.0013416 -0.00028707 -0.00260452 -0.00139863 -0.000973152 0.000261105 -0.00191622 -0.000500674 0.00114319 -0.000685858 -6.57729e-05 0.000356788 0.00134591 0.00214896 -0.000451113 0.00122661
internal_weight=399959 240512 176258 159447 31458 65926 110332 8599 7212 58714 64254 6962 4903 57292 70639 41973 53811 6402 49824 8804 23121 5924 15319 31940 39693 26863 12074 9429 14789 5827
internal_count=399959 240512 176258 159447 31458 65926 110332 8599 7212 58714 64254 6962 4903 57292 70639 41973 53811 6402 49824 8804 23121 5924 15319 31940 39693 26863 12074 9429 14789 5827
cat_boundaries=0 22 41 42 43 72 91 123 133 156 185 198 217
cat_threshold=7 0 0 6144 0 0 166400 0 0 692224 0 0 30736384 0 0 205520896 0 0 1459617792 0 0 1073741824 1 0 0 8448 0 0 142848 0 0 2609152 0 0 45940736 0 0 742391808 0 0 1308622848 8 10 0 0 0 0 0 0 2048 0 0 2195456 0 0 7340032 0 0 234881024 0 0 0 0 0 1879048192 0 0 0 1 0 0 32 962 0 0 15360 0 0 100352 0 0 2555904 0 0 655360 0 0 2097152 0 0 268435456 0 0 0 128 0 0 3072 0 0 2113536 0 0 37879808 0 0 537919488 0 0 1610612736 3 0 0 34 0 0 1 0 0 0 0 0 4096 16 0 0 9232 0 0 81920 0 0 1056768 168 0 0 3584 0 0 246272 0 0 65536 0 0 8585216 0 0 553648128 0 0 3489660928 2 0 0 33 0 0 0 0 0 0 0 0 0 2162688 0 0 35782656 0 0 67108864 0 0 1107296256 0 0 536870912 0 0 0 5 0 0 48 3 0 0 0 0 0 0 0 0 0 0 0 29360128 0 0 0 0 0 0 166400 0 0 561152 0 0 17104896 0 0 0 0 0 1124073472
is_linear=0
shrinkage=0.08


Tree=41
num_leaves=31
num_cat=0
split_feature=45 15 45 45 19 27 19 38 22 34 25 28 1 33 45 19 36 34 25 36 15 45 14 42 32 19 34 34 19 28
split_gain=117.478 19.5584 7.40859 7.30604 8.08358 7.30027 5.28041 5.27127 4.00098 6.0432 4.76553 4.75558 4.01128 3.94384 5.44281 3.37127 2.9004 2.84122 2.54145 2.66325 2.09149 2.02211 1.98331 1.96477 1.89188 1.86039 2.04965 2.27738 2.61917 2.69043
threshold=24.999158859252933 1.0006400942802431 26.870697975158695 21.34037017822266 1.56354296207428 1013.0769653320314 0.39726324379444128 0.43044090270996099 2.8939247131347661 -3.4591369628906246 5.2396206855773935 1009.0053100585939 70.250000000000014 11.231423854827883 29.182903289794925 1.8636177182197573 12.486934661865236 -8.9011535644531232 9.0198101997375506 122.43890380859376 1.4274798035621645 26.515492439270023 0.50981485843658458 28.006042480468754 549.10052490234386 0.40814821422100073 1.6183166503906252 -1.7062683105468748 0.58977502584457409 1009.6365661621095
decision_type=2 8 2 2 2 2 2 2 2 2 2 2 2 2 2 2 2 2 2 2 10 2 2 2 2 2 2 2 2 2
left_child=3 2 25 -1 -5 -6 7 -4 10 18 11 12 -8 17 15 21 -14 -3 -10 -20 -19 -15 -11 -9 -12 -2 27 -27 -29 -30
right_child=1 13 6 4 5 -7 8 23 9 22 24 -13 16 14 -16 -17 -18 20 19 -21 -22 -23 -24 -25 -26 26 -28 28 29 -31
leaf_value=-0.30699041729092064 -0.0366455501168454 -0.0038439783443902941 -0.011704772563036297 -0.05521120306032179 -0.037569142905010323 0.036190291215970671 0.011605783230134852 -0.010726252094308216 -0.011364180360256311 -0.0017909763214590442 0.00014613314402768567 -0.008866099303283052 0.0015831364245574187 -0.017297908941945009 0.0057143980329263534 0.021462110733693016 -0.0051686311269806256 0.0062811053559931407 -0.0057899244884624026 0.0056650450805169955 0.019026249539442167 -0.0034706002702552812 0.0029814632390879514 0.00073238367654793071 -0.0099145536856171373 -0.026825461955264744 -0.027017655409875815 -0.01549677942884291 0.0090063852626657923 -0.010134594092546832
leaf_weight=122019 8193 3433 26012 28029 2965 2027 2091 2330 10400 6786 2027 14874 13072 10321 32338 2106 10867 4396 2647 2211 3502 24977 15085 6619 18184 5879 7327 4976 2021 2033
leaf_count=122019 8193 3433 26012 28029 2965 2027 2091 2330 10400 6786 2027 14874 13072 10321 32338 2106 10867 4396 2647 2211 3502 24977 15085 6619 18184 5879 7327 4976 2021 2033
internal_value=-0.00195746 -0.000865768 -0.00136917 -0.00368036 -0.00262311 0.000342262 -0.00111174 -0.00195602 -0.000811123 -0.000156063 -0.001209 -0.000712129 -5.99088e-05 0.000150314 -7.46655e-05 -0.000731706 -0.00035392 0.0015339 -0.00137752 0.000133113 0.00236823 -0.000917413 0.000696311 -0.000280836 -0.00221374 -0.00249535 -0.00211382 -0.00157356 -0.000774337 0.000734251
internal_weight=399747 244707 163634 155040 33021 4992 133205 34961 98244 37129 61115 40904 26030 81073 69742 37404 23939 11331 15258 4858 7898 35298 21871 8949 20211 30429 22236 14909 9030 4054
internal_count=399747 244707 163634 155040 33021 4992 133205 34961 98244 37129 61115 40904 26030 81073 69742 37404 23939 11331 15258 4858 7898 35298 21871 8949 20211 30429 22236 14909 9030 4054
is_linear=0
shrinkage=0.08


Tree=42
num_leaves=31
num_cat=9
split_feature=43 19 30 43 19 5 42 41 27 18 5 5 5 5 5 8 41 34 5 19 34 33 26 43 38 29 5 39 14 33
split_gain=110.929 16.2284 11.9405 5.96617 8.4683 5.94841 5.42251 5.19828 4.59236 4.36042 4.2603 4.14814 3.87086 3.85565 3.69533 3.51893 2.88013 4.337 6.13495 2.77526 3.34345 2.85954 2.73714 4.58216 2.62859 2.57129 2.47687 2.37996 3.71131 2.33478
threshold=23.991120338439945 0.90588241815567028 420.18750000000006 20.524338722229007 1.3216753005981448 0 28.689712524414066 25.269367218017582 1013.4140930175782 0.42006203532218939 1 2 3 4 5 6 27.605217933654789 -1.4658813476562498 7 1.9523353576660158 -10.886108398437498 11.609471797943117 4.7356550693511972 28.330252647399906 0.58960247039794933 0.42491531372070318 8 0.68238258361816417 1.5184265971183779 13.084991931915285
decision_type=2 2 2 2 2 9 2 2 2 2 9 9 9 9 9 1 2 2 9 2 2 2 2 2 2 2 9 2 2 2
left_child=3 2 6 -1 -5 15 14 13 -6 -7 -8 19 25 -3 29 16 17 -4 -19 20 -9 -22 -18 -24 -17 -11 -25 28 -13 -2
right_child=1 7 5 4 8 9 10 11 -10 12 -12 27 -14 -15 -16 24 22 18 -20 -21 21 -23 23 26 -26 -27 -28 -29 -30 -31
leaf_value=-0.31227657598874542 0.0041650115402285118 0.00011857732222814818 -0.00046013288567169162 -0.067079841626627681 -0.025668482775883891 -0.0097130418738915654 -0.011197804832231695 0.041449689520405467 0.023636955938458108 -0.0027628791337778978 0.0053497103445398512 -0.0027583707541034854 -0.0057477439257324694 -0.037377886265364875 -0.019340070279553732 -0.0069615709094309509 0.0033490538560898842 0.012000913792600171 0.00035751410109982786 0.039655480752308521 0.023907142323075652 0.0011283985806353897 -0.010388261844475609 0.0035790855308852972 0.0012561782921198378 0.0037164117680597154 -0.0035413436602287967 -0.0079675050322895406 0.012978907976712778 -0.01198608240771158
leaf_weight=118353 2039 5447 4947 19444 3610 14451 2768 3584 2055 4431 3970 10199 44117 5700 42647 13597 5291 2532 2359 2175 2919 18226 6613 5170 5560 5298 2535 15465 8593 15940
leaf_count=118353 2039 5447 4947 19444 3610 14451 2768 3584 2055 4431 3970 10199 44117 5700 42647 13597 5291 2532 2359 2175 2919 18226 6613 5170 5560 5298 2535 15465 8593 15940
internal_value=-0.00192493 -0.000928714 -0.00132726 -0.00370642 -0.00258434 -0.00083828 -0.00217556 8.69484e-05 0.000137444 -0.00131956 -2.25261e-05 0.000376583 -0.000988266 -0.00150112 -0.0024148 -0.000161567 0.000387411 0.00150365 0.00319037 0.00111959 0.000878127 0.000494445 -0.000173098 -0.000747628 -0.00100527 0.000455841 0.000578094 -0.00020737 0.000397404 -0.00144875
internal_weight=400035 256573 184265 143462 25109 116901 67364 72308 5665 68297 6738 61161 53846 11147 60626 48604 29447 9838 4891 26904 24729 21145 19609 14318 19157 9729 7705 34257 18792 17979
internal_count=400035 256573 184265 143462 25109 116901 67364 72308 5665 68297 6738 61161 53846 11147 60626 48604 29447 9838 4891 26904 24729 21145 19609 14318 19157 9729 7705 34257 18792 17979
cat_boundaries=0 22 44 73 83 115 144 145 158 171
cat_threshold=7 0 0 6400 0 0 170496 0 0 950272 0 0 16056320 0 0 675282944 0 0 1728053248 2 0 1073741824 7 0 0 8192 0 0 3584 0 0 2617344 0 0 32768000 0 0 650117120 0 0 1174405120 0 0 536870912 0 0 0 128 0 0 2048 0 0 81920 0 0 35782656 0 0 68157440 0 0 3271557120 3 0 805306368 34 0 0 7 0 0 48 32 0 0 9232 0 0 65792 0 0 12288 0 0 0 0 0 0 0 0 0 114688 0 0 7864320 0 0 653262848 0 0 1895825408 0 0 268435456 32 0 0 0 0 0 48 0 0 12288 229 0 0 5248 0 0 190464 0 0 98304 0 0 11534336 0 0 16777216 0 0 4043309056 2 0 0 33 0 0 1 0 0 16 2 3 0 0 6144 0 0 163840 0 0 0 0 0 6356992 0 0 0 256 0 0 512 0 0 917504 0 0 12648448
is_linear=0
shrinkage=0.08


Tree=43
num_leaves=31
num_cat=9
split_feature=45 6 5 28 5 5 21 22 45 5 24 29 5 21 45 19 7 17 40 28 5 30 36 28 5 38 5 28 12 28
split_gain=116.96 20.8745 14.5582 8.81258 8.96383 8.1691 5.38614 5.27953 5.079 4.86686 4.06767 3.12382 3.62231 2.78263 2.70389 2.94043 2.66368 2.53416 2.4462 4.41802 9.15631 3.05759 2.37954 3.54046 3.99324 2.88189 2.37541 4.16241 2.35476 2.34633
threshold=22.735630035400394 0 1 1009.7340698242189 2 3 1.9895210862159731 2.3875236511230473 27.12876129150391 4 27.665039062500004 0.99750137329101574 5 0.40337991714477545 20.237113952636722 1.7444579601287844 1.5000000000000002 1.6151739954948428 0.86560964584350597 1007.2228088378907 6 222.81250000000003 10.346889495849611 999.91967773437511 7 2.1149559020996098 8 1005.7246704101564 1.5110645294189455 1007.9096679687501
decision_type=2 1 9 2 9 9 2 2 2 9 2 2 9 2 2 2 2 10 2 2 9 2 2 2 9 2 9 2 2 2
left_child=14 5 8 9 7 6 10 -5 -3 -4 -2 22 -13 -10 -1 -16 -7 -12 19 20 -18 -21 23 25 -25 -11 27 -15 -19 -24
right_child=1 2 3 4 -6 16 -8 -9 13 11 17 12 -14 26 15 -17 18 28 -20 21 -22 -23 29 24 -26 -27 -28 -29 -30 -31
leaf_value=-0.33574871685324248 0.015624654930578699 -0.023112366509082466 -0.0045819084049372443 -0.0078647078683963395 -0.03019090513716895 -0.0059742017957044227 0.052949265718584375 0.0065593947918888484 -0.0094922836682780239 0.046196972862212839 0.00053158994161018984 0.018461660575215005 0.0012069852614562816 -0.0093527191865734882 -0.085558610065895671 -0.0063928571863392236 -0.00083724145245581692 0.030018827035895583 -0.0042830416988037072 0.0077863980528159122 0.014135207841020981 -0.0030624403452484852 -0.0049643214209175428 0.0097808909705312409 -0.0057131264345110086 0.0014770580114889188 -0.0062037366719100775 0.007375408897580895 0.0087364115697353868 0.010098584605522647
leaf_weight=115260 2373 36585 42244 7086 17252 15112 2272 2096 12863 2961 16417 2412 3312 2363 13298 2634 2837 2009 14523 2014 2048 8325 24424 2484 9176 2075 24084 2689 3892 2251
leaf_count=115260 2373 36585 42244 7086 17252 15112 2272 2096 12863 2961 16417 2412 3312 2363 13298 2634 2837 2009 14523 2014 2048 8325 24424 2484 9176 2075 24084 2689 3892 2251
internal_value=-0.00188202 -0.000924409 -0.00135122 -0.000788265 -0.00207442 0.000242643 0.00134262 -5.30329e-05 -0.00219449 -0.000415944 0.000998987 0.000125826 0.00188071 -0.00159385 -0.00383933 -0.00285836 -0.000418816 0.000663202 2.05656e-05 0.000728895 0.00270889 -0.00020833 -0.00010613 0.000642642 -0.000123394 0.002413 -0.0011605 0.000416403 0.00208357 -0.000574856
internal_weight=399371 268179 196357 117773 26434 71822 26963 9182 78584 91339 24691 49095 5724 41999 131192 15932 44859 22318 29747 15224 4885 10339 43371 16696 11660 5036 29136 5052 5901 26675
internal_count=399371 268179 196357 117773 26434 71822 26963 9182 78584 91339 24691 49095 5724 41999 131192 15932 44859 22318 29747 15224 4885 10339 43371 16696 11660 5036 29136 5052 5901 26675
cat_boundaries=0 1 33 49 78 107 133 153 185 208
cat_threshold=2 312 0 0 9840 0 0 75520 0 0 3207168 0 0 50790400 0 0 805306368 0 0 0 0 0 0 3 0 0 8 0 0 0 0 0 256 199 0 0 6272 0 0 163840 0 0 65536 0 0 0 0 0 12582912 258 0 0 11264 0 0 59904 0 0 32768 0 0 2818048 0 0 739246080 0 0 1795162112 2 0 1879048192 3 0 0 2 0 0 16 711 0 0 6144 0 0 182272 0 0 524288 0 0 0 0 0 180355072 0 0 3355443200 0 0 3221225472 0 0 0 0 0 0 32 0 0 0 384 0 0 4096 0 0 65536 0 0 12582912 0 0 16777216 0 0 50331648 0 0 536870912 0 0 0 4 60 0 0 896 0 0 201728 0 0 458752 0 0 5242880 0 0 18874368 0 0 2147483648 1 0 0 0 128 0 0 0 0 0 393216 0 0 13107200 0 0 16777216 0 0 536870912 0 0 0 0 0 0 0 0 0 256 0 0 14336 32 0 0 0 0 0 768 0 0 4096 0 0 16842752 0 0 0 0 0 0 0 0 0 1
is_linear=0
shrinkage=0.08


Tree=44
num_leaves=31
num_cat=2
split_feature=45 6 45 11 21 21 38 45 21 34 24 8 24 34 27 40 29 25 24 25 36 21 31 15 0 16 26 38 45 31
split_gain=117.233 18.4574 11.9288 10.7878 8.69504 5.62499 4.24858 3.56597 3.87687 3.48044 3.93036 3.17888 3.06558 5.24115 3.09072 2.95132 2.79013 2.57535 3.41897 2.86753 4.08037 2.2541 2.19741 2.12863 2.05728 2.03043 1.96972 1.8948 3.92636 1.85687
threshold=22.935878753662113 0 26.599131584167484 0.39857646822929388 1.1182888746261599 2.0664657354354863 0.54774761199951183 20.528858184814457 1.2831273078918459 -11.109832763671873 26.809799194335941 1 27.665039062500004 -0.050476074218749993 1009.5068664550782 0.86560964584350597 0.99556350708007824 3.9669339656829838 29.846893310546879 2.6416463851928715 28.605937004089359 1.2474785447120669 86.851333618164077 0.3452563881874085 9.7500000000000018 1.1205481886863711 2.3569906949996953 0.38097631931304937 28.146377563476566 83.180595397949233
decision_type=2 1 2 2 2 2 2 2 2 2 2 1 2 2 2 2 2 2 2 2 2 2 2 8 2 10 2 2 2 2
left_child=7 5 4 6 -3 11 23 -1 -9 21 -11 12 13 -2 15 -14 17 18 19 20 -12 -5 -6 -4 -18 -17 -16 -13 -29 -19
right_child=1 2 3 9 22 -7 -8 8 -10 10 16 27 14 -15 26 25 24 29 -20 -21 -22 -23 -24 -25 -26 -27 -28 28 -30 -31
leaf_value=-0.2905889579755736 0.014019822567996403 -0.034434382944382495 -0.016835083573441777 -0.00050918349016429486 -0.010852358985277914 0.040994261596763115 -0.0017027593376015798 -0.090983295800588226 -0.016966892817687228 0.0098541071597115955 0.012653460981373535 -0.007560611745400978 0.0048894618114638869 -0.0010676296386223417 0.0088211205285164927 -0.0065052351194963103 0.0065148379870847341 -0.007596303907760971 -0.0061623484566747603 -0.0022364990265888304 0.0014143379823592689 0.031211059335958264 0.0087496654390125089 -0.0084932715407998998 -0.00021502027449474159 0.0063736360204491166 -0.003710008682416637 -0.014565801029866741 0.0035369147515536465 -0.0026043911499580288
leaf_weight=116936 2219 36477 8135 4422 9646 2793 9424 9719 6191 2020 2357 12274 9900 2407 2476 3217 2180 21468 27937 6811 4288 3770 2161 29780 9887 9093 15539 4130 7714 14678
leaf_count=116936 2219 36477 8135 4422 9646 2793 9424 9719 6191 2020 2357 12274 9900 2407 2476 3217 2180 21468 27937 6811 4288 3770 2161 29780 9887 9093 15539 4130 7714 14678
internal_value=-0.00185582 -0.000890122 -0.00129296 -0.000934912 -0.00238407 0.000207182 -0.00192942 -0.00379798 -0.00267086 -0.000463118 -0.000604392 6.44245e-05 0.000462673 0.0024107 0.0002381 0.000869486 -0.000683183 -0.000859277 -0.000428279 0.00061904 0.00180015 0.00111582 -0.000496574 -0.00230719 0.000448124 4.22068e-05 -0.000540362 -0.000676062 4.58907e-05 -0.00135258
internal_weight=400049 267203 195441 147157 48284 71762 47339 132846 15910 99818 91626 68969 44851 4626 40225 22210 89606 77539 41393 13456 6645 8192 11807 37915 12067 12310 18015 24118 11844 36146
internal_count=400049 267203 195441 147157 48284 71762 47339 132846 15910 99818 91626 68969 44851 4626 40225 22210 89606 77539 41393 13456 6645 8192 11807 37915 12067 12310 18015 24118 11844 36146
cat_boundaries=0 1 2
cat_threshold=2 2
is_linear=0
shrinkage=0.08


Tree=45
num_leaves=31
num_cat=14
split_feature=45 6 5 9 5 5 27 45 19 5 5 45 12 24 5 27 5 39 5 5 27 29 36 5 43 5 14 5 21 36
split_gain=119.641 14.2511 12.3357 12.0005 13.1795 7.54751 6.66436 6.40135 6.63486 6.24508 5.96392 5.32279 3.89639 3.88308 3.71587 3.65662 6.94789 4.89468 3.70875 3.62054 3.33111 2.73534 2.9256 3.23152 2.19473 2.1553 1.96973 2.13436 1.96565 2.09756
threshold=23.466054916381839 0 1 2 3 4 1011.5660095214845 19.419721603393558 1.5938898324966433 5 6 26.92636871337891 0.27458980679512029 27.441741943359379 7 1008.6871032714845 8 0.5381910800933839 9 10 1009.3226623535157 0.15655899047851565 7.6632499694824228 11 27.505432128906254 12 0.64258182048797619 13 0.39664542675018316 5.669116973876954
decision_type=2 1 9 1 9 9 2 2 2 9 9 2 2 2 9 2 9 2 9 9 2 2 2 9 2 9 2 9 2 2
left_child=7 5 11 4 -4 -2 19 -1 25 -10 -8 -3 -13 -7 20 16 17 -15 26 21 -6 -5 23 -23 -20 -9 -17 -28 -14 -30
right_child=1 2 3 6 14 13 10 8 9 -11 -12 12 28 15 -16 18 -18 -19 24 -21 -22 22 -24 -25 -26 -27 27 -29 29 -31
leaf_value=-0.35199458205040574 -0.0037788985261872927 -0.024060434405812986 0.035531504040173009 -0.011181108348366725 0.00063153987502802419 0.01313957029337246 -0.0034438996888193634 -0.024426191145134852 0.037411929053727928 -0.035498947867767701 -0.03310463664138627 -0.011578642354155524 -0.0070046662216446034 0.021178112064197573 -0.0047534199057854554 -0.0011948134764653926 0.0019265406820344444 0.016922484592655069 0.0041440908182905807 -0.0050739595078983296 0.0098861235932857679 0.029752432156902823 -0.00054642819363887821 0.00016085918331695394 -0.0060969793144670771 -0.076958146699464436 0.012606959974544396 0.0056943460501373312 0.0021772104015137161 -0.0043078593418513092
leaf_weight=110662 25926 27171 2123 4836 2175 2706 6603 2832 2067 3169 12168 10940 8181 2297 5056 4258 11687 2985 3822 48287 2016 3357 23256 3456 9573 18838 3196 4513 6297 25902
leaf_count=110662 25926 27171 2123 4836 2175 2706 6603 2832 2067 3169 12168 10940 8181 2297 5056 4258 11687 2985 3822 48287 2016 3357 23256 3456 9573 18838 3196 4513 6297 25902
internal_value=-0.00179591 -0.000795246 -0.00115352 -0.000619411 0.00184372 0.000173393 -0.000894385 -0.00370722 -0.0025986 -4.27002e-05 -0.00225568 -0.00192437 -0.00144477 0.000799253 0.00053221 0.000611132 0.00151976 0.00392154 2.83682e-06 -0.000587102 0.00228829 3.37857e-05 0.000317962 0.00177459 -0.000910922 -0.00321587 0.00102544 0.00178831 -0.00108146 -0.000799653
internal_weight=400355 262787 191824 113333 11370 70963 101963 137568 26906 5236 18771 78491 51320 45037 9247 42331 16969 5282 25362 83192 4191 34905 30069 6813 13395 21670 11967 7709 40380 32199
internal_count=400355 262787 191824 113333 11370 70963 101963 137568 26906 5236 18771 78491 51320 45037 9247 42331 16969 5282 25362 83192 4191 34905 30069 6813 13395 21670 11967 7709 40380 32199
cat_boundaries=0 1 33 34 56 88 120 139 165 188 217 249 275 307 333
cat_threshold=2 312 0 0 9840 0 0 91904 0 0 3174400 0 0 50790400 0 0 805306368 0 0 0 0 0 1073741824 2 0 0 8 0 0 0 0 0 256 10 0 0 0 0 0 0 133120 0 0 360448 0 0 7864320 0 0 67108864 0 0 0 0 0 268435456 188 0 0 960 0 0 5120 0 0 1445888 0 0 29622272 0 0 31457280 0 0 67108864 1 0 2147483648 32 0 0 5 0 0 32 0 0 4352 0 0 0 0 0 0 0 0 0 0 0 0 1048576 0 0 234881024 0 0 50331648 0 0 805306368 33 0 0 3 0 0 16 0 0 14592 71 0 0 4224 0 0 133120 0 0 65536 0 0 2097152 0 0 62914560 0 0 268435456 516 0 0 6144 0 0 32768 0 0 655360 0 0 8388608 0 0 40894464 0 0 469762048 0 0 0 0 0 0 3 769 0 0 14384 0 0 768 0 0 0 0 0 33554432 0 0 234881024 0 0 1610612736 0 0 1610612736 1 2 0 0 9216 0 0 248320 0 0 57344 0 0 720896 0 0 605028352 0 0 50331648 2 0 1879048192 0 0 0 2 0 0 16 0 0 0 384 0 0 4096 0 0 131072 0 0 13631488 0 0 218103808 0 0 3875536896 3 0 536870912 32 0 0 7 0 0 32 0 0 14336 0 0 0 0 0 0 0 0 0 131072 0 0 12582912 0 0 16777216 0 0 2734686208 0 0 536870912 0 0 0 6 0 0 0 0 0 0 0 0 0 253952 0 0 2359296 0 0 0 0 0 67108864 0 0 0 0 0 0 1 0 0 8448 0 0 69632 2 0 0 0 0 0 180224 0 0 8192 0 0 131072 0 0 537919488 0 0 0 2 0 268435456 0 0 0 2
is_linear=0
shrinkage=0.08


Tree=46
num_leaves=31
num_cat=13
split_feature=42 43 21 13 5 5 9 5 5 28 5 5 38 18 5 5 5 19 28 10 31 39 19 5 5 43 38 20 28 5
split_gain=113.701 14.1484 13.809 10.6125 5.5736 5.41675 4.37314 10.6639 5.08378 4.01008 5.10231 3.36855 3.28914 4.79773 4.96039 3.89103 2.77168 2.67456 2.43058 2.4223 2.26892 2.12746 4.16987 2.66271 1.99298 1.94491 1.92755 3.1408 2.77252 1.79459
threshold=19.973983764648441 25.824207305908207 1.1263576745986941 0.56698867678642284 0 1 2 3 4 1009.0459594726564 5 6 -0.15771102905273435 0.49302548170089727 7 8 9 0.40814821422100073 1010.2178344726564 1.2111167907714846 83.854152679443374 0.66837790608406078 1.5547210574150088 10 11 26.910461425781254 1.0944609642028811 1.7637692093849184 1009.9784545898439 12
decision_type=2 2 2 2 9 9 1 9 9 2 9 9 2 2 9 9 9 2 2 2 2 2 2 9 9 2 2 2 2 9
left_child=-1 2 16 5 19 -3 7 -5 -9 11 -11 -8 15 20 18 -7 -2 -17 -15 -4 -14 22 23 -13 -23 -10 27 28 -6 -22
right_child=1 3 4 6 26 12 9 8 25 10 -12 21 13 14 -16 17 -18 -19 -20 -21 29 24 -24 -25 -26 -27 -28 -29 -30 -31
leaf_value=-0.26163017371967212 -0.016154606653048836 -0.0085763434733363546 0.022770226962380204 0.028556870003049583 0.0055567266011483886 -0.014278691375925152 -0.0038660115587619698 -0.010197487114178319 0.01022838607454989 0.0055400410799039627 -0.013783186690218474 -0.0029685853542290182 -0.0056887598969525754 0.0051861860272621211 -0.0024480836398726295 -0.0088915369508979457 -0.045120549463517304 0.00051379376333285755 -0.0024050141383256114 0.005298040738949932 0.0040977767180044276 -0.0085620804209713044 0.041585994736549725 0.0040776543487869889 0.0042987567453017343 0.0037552145618337173 -0.033131595909671067 0.016476348444112211 -0.038145972648035424 -0.0035521846323498421
leaf_weight=115273 5244 32759 2009 2309 3326 15561 25874 5235 2058 3640 13381 9766 19062 9044 16792 4343 28669 9875 2745 3385 2192 13345 2046 19713 9346 8093 5330 2063 4940 2670
leaf_count=115273 5244 32759 2009 2309 3326 15561 25874 5235 2058 3640 13381 9766 19062 9044 16792 4343 28669 9875 2745 3385 2192 13345 2046 19713 9346 8093 5330 2063 4940 2670
internal_value=-0.00178064 -0.000922603 -0.00207552 -0.000646815 -0.000465842 -0.00118982 -0.000102635 0.00105334 0.000289237 -0.000313433 -0.00142822 -7.64054e-05 -0.000842925 -0.000461964 0.000237696 -0.00151452 -0.00307438 -0.000555697 0.00149411 0.00174806 -0.00129757 0.000282026 0.00070715 0.000464036 -0.000308534 0.00133281 -0.00122942 -0.000591548 -0.00128855 0.000244662
internal_weight=400088 284815 54966 229849 21053 115043 114806 17695 15386 97111 17021 80090 82284 52505 28581 29779 33913 14218 11789 5394 23924 54216 31525 29479 22691 10151 15659 10329 8266 4862
internal_count=400088 284815 54966 229849 21053 115043 114806 17695 15386 97111 17021 80090 82284 52505 28581 29779 33913 14218 11789 5394 23924 54216 31525 29479 22691 10151 15659 10329 8266 4862
cat_boundaries=0 32 64 65 94 117 139 171 190 209 238 264 290 300
cat_threshold=0 0 0 0 0 0 2048 0 0 114688 0 0 18874368 0 0 234881024 0 0 16777216 0 0 268435456 32 0 0 0 0 0 8192 0 0 14592 56 0 0 592 0 0 256 0 0 401408 0 0 35651584 0 0 985661440 0 0 3825205248 2 0 4026531840 1 0 0 7 0 0 0 0 0 256 10 1 0 0 12288 0 0 0 0 0 131072 0 0 7340032 0 0 201326592 0 0 0 0 0 1073741824 0 0 0 1 0 0 32 16 0 0 1968 0 0 26368 0 0 2912256 0 0 34013184 0 0 15728640 0 0 603979776 3 0 0 1 131 0 0 96 0 0 150016 0 0 65536 0 0 16973824 0 0 536870912 0 0 536870912 2 0 268435456 323 0 0 14880 0 0 91648 0 0 3264512 0 0 27787264 0 0 553648128 0 0 0 0 0 2415919104 2 0 0 0 0 0 0 0 0 12544 0 0 0 9472 0 0 204800 0 0 1052672 0 0 12910592 0 0 2097152 0 0 50331648 0 0 0 12288 0 0 243200 0 0 3215360 0 0 29556736 0 0 70254592 0 0 50331648 0 0 0 128 0 0 67584 0 0 65536 0 0 6291456 0 0 1048576 0 0 0 2 0 0 0 0 0 0 0 0 256 140 0 0 256 0 0 2048 0 0 0 0 0 393216 0 0 42991616 0 0 570425344 2 0 1073741824 0 0 0 6 0 0 0 64 0 0 4096 0 0 0 0 0 5242880 0 0 507510784 0 0 3154116608 1 0 1610612736 33 0 0 2 961 0 0 4096 0 0 49152 0 0 524288
is_linear=0
shrinkage=0.08


Tree=47
num_leaves=31
num_cat=1
split_feature=24 6 41 33 21 27 17 38 21 21 33 44 27 20 40 32 22 38 32 1 22 14 27 44 1 42 40 42 27 41
split_gain=119.934 13.8777 12.8211 8.16495 6.76411 5.32961 5.24798 6.35644 5.66648 4.58522 4.33488 4.01032 3.84938 3.64306 3.22179 3.246 3.63424 2.9595 3.37004 4.62837 3.14422 2.69994 2.41094 2.38701 3.41191 2.34653 2.27002 2.23793 2.54015 2.20165
threshold=25.629425048828129 0 26.947054862976078 16.233792304992679 0.92511701583862316 997.52478027343761 1.6414130330085757 1.3458187580108645 1.9056416153907778 0.59007540345191967 10.834176063537599 18.029183387756351 1006.7299194335939 1.8043996095657351 0.78094768524169933 714.27114868164074 0.31614303588867193 0.11343288421630861 606.67102050781261 74.250000000000014 2.2473335266113286 0.61247605085372936 1002.4497680664064 28.863798141479496 73.750000000000014 25.643821716308597 1.4040861129760744 27.773002624511722 1009.8176879882814 28.129172325134281
decision_type=2 1 2 2 2 2 10 2 2 2 2 2 2 2 2 2 2 2 2 2 2 2 2 2 2 2 2 2 2 2
left_child=11 6 4 9 -3 -5 14 8 26 -4 -6 -1 -9 -13 15 16 21 20 19 -19 -7 -2 -20 24 -16 -12 -8 -18 -29 -17
right_child=1 2 3 5 10 17 7 12 -10 -11 25 13 -14 -15 23 29 27 18 22 -21 -22 -23 -24 -25 -26 -27 -28 28 -30 -31
leaf_value=-0.42422390589701509 -0.007130876686480889 -0.022621438329069429 -0.0026961497738792312 0.031835191652835305 0.010882601683704442 -0.012283674290330877 0.027547870134074417 0.012342272659792368 0.058004505105581181 0.0033769602309332305 -0.033366059238917535 -0.049549495441963444 -0.026334959609639958 0.0064572630838817145 0.0050477276598338127 0.008181604717800349 0.0090849882955481541 0.010260564613510752 0.0037588282246461785 -0.0023676582338155341 -0.0028725949743450834 0.0023256469060841784 -0.0065362878678857598 0.00052443202270918558 -0.011071330703901953 -0.0045231077748524098 0.0033127310520311821 0.0044277861991415873 -0.0063518843638698096 0.001801213709780265
leaf_weight=104239 8011 35904 25281 2354 2395 24553 2682 3229 2553 28486 15542 19853 3811 2035 2820 2012 2088 2832 3682 14161 12149 5176 21487 11487 14763 11210 3911 4795 2344 4314
leaf_count=104239 8011 35904 25281 2354 2395 24553 2682 3229 2553 28486 15542 19853 3811 2035 2820 2012 2088 2832 3682 14161 12149 5176 21487 11487 14763 11210 3911 4795 2344 4314
internal_value=-0.00172746 -0.000787793 -0.001134 -0.00068936 -0.00205659 -0.00119555 0.000148291 0.00142109 0.00281083 7.53472e-05 -0.0011506 -0.00376882 -0.000385817 -0.00278162 -0.000208233 0.000392347 -5.958e-05 -0.00130761 -0.000850044 2.0466e-05 -0.00183286 -0.00091142 -0.00143755 -0.000801927 -0.0013876 -0.00144264 0.00156717 0.00115752 0.000481745 0.00199116
internal_weight=400159 274032 200036 134985 65051 81218 73996 16186 9146 53767 29147 126127 7040 21888 57810 28740 22414 78864 42162 16993 36702 13187 25169 29070 17583 26752 6593 9227 7139 6326
internal_count=400159 274032 200036 134985 65051 81218 73996 16186 9146 53767 29147 126127 7040 21888 57810 28740 22414 78864 42162 16993 36702 13187 25169 29070 17583 26752 6593 9227 7139 6326
cat_boundaries=0 1
cat_threshold=2
is_linear=0
shrinkage=0.08


Tree=48
num_leaves=31
num_cat=3
split_feature=41 6 41 19 33 33 17 12 29 23 27 24 19 30 9 17 38 28 1 0 34 36 28 24 41 9 38 40 7 34
split_gain=121.205 13.0482 11.0023 7.49079 6.8977 6.12949 5.4001 5.24394 5.07655 4.47625 4.38835 4.25704 5.62138 3.85743 3.83974 3.84108 3.38806 3.13363 2.88666 2.67611 4.72789 4.17723 2.6153 2.76804 2.46537 2.45756 2.35375 2.32738 2.26092 2.24538
threshold=22.628522872924808 0 27.060803413391117 0.96412894129753124 9.1937279701232928 16.181183815002445 1.6414130330085757 1.1584647893905642 0.080165863037109389 27.064136505126957 997.52478027343761 22.435623168945316 1.8206238150596621 592.06250000000011 1 0.99551048874855053 1.3458187580108645 1004.1221923828126 76.750000000000014 14.250000000000002 -3.9027404785156246 27.1754264831543 1011.0290527343751 27.983627319335941 27.847079277038578 2 -0.45668196678161616 0.96734046936035167 1.5000000000000002 -0.93414306640624989
decision_type=2 1 2 2 2 2 10 2 2 2 2 2 2 2 1 8 2 2 2 2 2 2 2 2 2 1 2 2 2 2
left_child=11 6 3 9 -5 14 22 -8 16 25 -7 -1 -13 -12 29 26 -9 -17 24 -20 -21 -22 23 28 -15 -3 -16 -26 -2 -4
right_child=1 2 5 4 -6 10 7 8 -10 -11 13 12 -14 18 15 17 -18 -19 19 20 21 -23 -24 -25 27 -27 -28 -29 -30 -31
leaf_value=-0.43281675163566585 -0.0026100330034973772 -0.0032190538485624563 0.0024431989912491558 0.016079660319647998 -0.01043847078633702 0.029531548314177699 0.038991519273849494 0.036584270233875824 -0.0051919005404767096 -0.004929415742460589 -0.0098795405951963341 -0.070455294560837003 -0.00014507888968482631 0.0041243211007144006 -0.010567806900054591 0.00067945315420059587 0.006468767755355328 0.010968707301377612 -0.006335856490283869 -0.0062651178882073433 0.0092857508163245728 -0.0015325245077630445 -0.009593876805602343 -0.00083264039501190616 -0.0077848498772569085 -0.027761527614523995 -0.0012808423869946901 0.0056462501749947889 0.0070045321431667831 0.0077650600760380412
leaf_weight=102312 2519 2808 6747 2381 18393 2354 2045 2721 7385 11359 32771 19374 3907 5356 8695 12715 2711 3355 15779 9273 2015 2546 5121 44266 3758 39549 16419 3554 4608 3490
leaf_count=102312 2519 2808 6747 2381 18393 2354 2045 2721 7385 11359 32771 19374 3907 5356 8695 12715 2711 3355 15779 9273 2015 2546 5121 44266 3758 39549 16419 3554 4608 3490
internal_value=-0.00169581 -0.000754459 -0.0010811 -0.00185503 -0.000564666 -0.000633577 0.000176143 0.00153254 0.000930224 -0.00235387 -0.00108329 -0.00375447 -0.00277549 -0.00119006 4.34748e-05 -0.000301331 0.00278427 0.000664178 -0.000684875 -0.00111711 -0.000304537 0.00180179 -0.000180738 -8.79421e-06 0.000325602 -0.00273203 -0.000919281 -0.000629337 0.00145327 0.00142849
internal_weight=400286 274693 203317 74490 20774 128827 71376 14862 12817 53716 77406 125593 23281 75052 51421 41184 5432 16070 42281 29613 13834 4561 56514 51393 12668 42357 25114 7312 7127 10237
internal_count=400286 274693 203317 74490 20774 128827 71376 14862 12817 53716 77406 125593 23281 75052 51421 41184 5432 16070 42281 29613 13834 4561 56514 51393 12668 42357 25114 7312 7127 10237
cat_boundaries=0 1 2 3
cat_threshold=2 24 8
is_linear=0
shrinkage=0.08


Tree=49
num_leaves=31
num_cat=10
split_feature=45 45 20 16 27 30 5 33 25 5 31 5 5 5 34 5 16 5 45 20 40 37 30 36 33 5 5 37 5 20
split_gain=123.569 14.2477 10.6021 9.30847 5.15491 4.71885 4.72369 4.35681 4.26744 7.17603 5.50249 6.18796 4.64905 3.32065 3.0082 4.70734 2.95048 2.83073 2.64529 3.99062 2.5208 2.41638 3.82429 2.38999 2.29522 5.1406 3.30569 2.85113 2.20916 2.1429
threshold=20.804831504821781 26.270361900329593 0.98546710610389721 0.54221829771995556 1016.2439880371095 513.06250000000011 0 8.6311678886413592 4.8322091102600107 1 83.465538024902358 2 3 4 -0.46484374999999994 5 3.1954164505004887 6 18.199746131896976 1.7546899914741518 0.4768896102905274 -0.38015747070312494 4.0312500000000009 0.030040740966796878 17.329728126525882 7 8 0.71777725219726574 9 0.45439362525939947
decision_type=2 2 2 8 2 2 9 2 2 9 2 9 9 9 2 9 8 9 2 2 2 2 2 2 2 9 9 2 9 2
left_child=18 2 28 5 7 17 -7 -4 9 -5 12 20 -10 21 23 -16 24 -3 -1 -20 -12 -9 -23 -8 25 27 -26 -11 -2 -25
right_child=1 3 4 8 -6 6 14 13 10 16 11 -13 -14 -15 15 -17 -18 -19 19 -21 -22 22 -24 29 26 -27 -28 -29 -30 -31
leaf_value=-0.38071061942510598 -0.016870136480925557 -0.0032020877878092993 0.011916260786768775 0.0072427214975094066 0.032892940559934657 -0.0072825546240823493 0.0043486784423940709 -0.031608206999690303 0.0032422707980157921 0.0058388477192270862 0.0072667918488479623 -0.0028567596748325726 -0.0072796564797359478 -0.025643663747230563 -0.0045325042765424527 0.0071244371163843587 0.012618709228903985 -0.014905370993628368 -0.085192632048528158 0.0099860108678756949 0.0029403214467132914 0.019487832612477957 -0.0098106165694502988 -0.004286366595757941 -0.0070100468184176269 -0.002150931754470889 0.00023759401413500514 0.018550529251087914 -0.039495554575788371 0.00081752934414320568
leaf_weight=104490 9395 5600 2459 14266 2005 13429 2096 2841 4457 11574 2422 11092 22474 14233 2085 2801 2199 16977 12221 2043 4648 3171 3406 14320 24690 21008 33437 2108 23772 8335
leaf_count=104490 9395 5600 2459 14266 2005 13429 2096 2841 4457 11574 2422 11092 22474 14233 2085 2801 2199 16977 12221 2043 4648 3171 3406 14320 24690 21008 33437 2108 23772 8335
internal_value=-0.00167147 -0.000757884 -0.00183659 -0.000457361 -0.000693334 -0.00125527 -0.00076386 -0.000993875 -0.000118018 0.000152179 -0.000772721 0.000303323 -0.00149824 -0.00132725 -0.000199212 0.00161274 -9.91634e-05 -0.00219188 -0.0038353 -0.00280902 0.00214951 -0.000160204 0.000681948 -0.000557491 -0.000167926 0.000346973 -0.000475223 0.00155247 -0.0028052 -0.000796824
internal_weight=400054 281300 61282 220018 28115 65643 43066 26110 154375 109282 45093 18162 26931 23651 29637 4886 95016 22577 118754 14264 7070 9418 6577 24751 92817 34690 58127 13682 33167 22655
internal_count=400054 281300 61282 220018 28115 65643 43066 26110 154375 109282 45093 18162 26931 23651 29637 4886 95016 22577 118754 14264 7070 9418 6577 24751 92817 34690 58127 13682 33167 22655
cat_boundaries=0 16 48 67 89 121 134 150 176 208 231
cat_threshold=248 0 0 704 0 0 9216 0 0 1245184 0 0 2097152 0 0 135266304 1 0 0 16 0 0 160000 0 0 1048576 0 0 12779520 0 0 1048576 0 0 16777216 2 0 0 32 0 0 1 0 0 16 0 0 4096 1012 0 0 3072 0 0 256 0 0 1769472 0 0 4194304 0 0 33554432 0 0 2147483648 48 0 0 384 0 0 4096 0 0 2277376 0 0 2097152 0 0 0 0 0 805306368 0 0 1610612736 0 0 0 128 0 0 0 0 0 114688 0 0 3145728 0 0 780140544 0 0 3758096384 0 0 268435456 48 0 0 0 0 0 32 0 0 14336 5 0 0 272 0 0 768 0 0 274432 0 0 29491200 100 0 0 160 0 0 122880 0 0 3670016 0 0 8388608 0 0 1048576 282 0 0 384 0 0 3072 0 0 999424 0 0 1048576 0 0 201326592 0 0 1442840576 1 0 2952790016 0 0 0 2 1016 0 0 6528 0 0 0 0 0 442368 0 0 2359296 0 0 486539264 0 0 1342177280 1 0 3758096384 0 0 0 0 0 0 0 0 0 256 4 0 0 160 0 0 199168 0 0 1802240 0 0 6553600 0 0 85983232 0 0 167772160 2 0 0 32
is_linear=0
shrinkage=0.08


Tree=50
num_leaves=31
num_cat=3
split_feature=23 43 21 19 23 9 6 6 33 27 36 10 19 0 36 7 33 29 30 27 21 0 27 23 44 27 30 18 32 7
split_gain=117.837 13.0643 12.5443 8.86078 5.36416 5.20796 10.8766 5.64638 4.94016 4.83454 4.19794 3.95251 4.76047 4.21032 2.99562 2.95193 2.58131 2.52703 2.45237 2.53174 2.79092 4.63472 2.3973 2.34312 2.09664 2.07747 2.06876 1.91032 1.81811 1.78141
threshold=18.853691101074222 25.671688079833988 1.1263576745986941 0.39726324379444128 27.862705230712894 0 1 2 23.720640182495121 1013.4140930175782 11.130809783935549 1.1380689144134524 1.5317373275756838 21.750000000000004 4.0383338928222665 1.5000000000000002 13.310400009155275 0.93972396850585949 1519.5625000000002 1012.1456909179689 0.66468194127082836 13.250000000000002 1013.2132263183595 22.97163009643555 28.330719947814945 1002.0603942871095 1091.8125000000002 0.34325097501277929 501.14173889160162 1.5000000000000002
decision_type=2 2 2 2 2 1 1 1 2 2 2 2 2 2 2 2 2 2 2 2 2 2 2 2 2 2 2 2 2 2
left_child=-1 2 -2 4 26 6 -5 22 11 10 15 12 23 -13 -15 24 17 28 19 20 21 -17 -7 -4 -9 -22 -3 -6 -12 -29
right_child=1 3 8 5 27 7 -8 9 -10 -11 16 13 -14 14 -16 18 -18 -19 -20 -21 25 -23 -24 -25 -26 -27 -28 29 -30 -31
leaf_value=-0.26951056931736039 -0.034421870666204495 -0.014666777829645396 -0.042243001611893795 0.022155673059307168 -0.0062836426742354234 -0.01877468718427636 0.00064601032037108473 -0.012124302941464979 0.031143863964957701 -0.019888759536475311 0.01333554127918533 0.014586273512940234 0.02940253784987909 -0.045494567643899204 0.0012569796519897379 0.0019106662870059829 -0.0040623709548027387 -0.0018324980222966338 -0.0027897946601607667 -0.003219033810312244 0.028258103155126335 0.0090881827666489667 0.00049654440612447945 0.007937294724105811 -7.0630104406289691e-05 0.0019347093337833585 -0.0014954076262117374 -0.0019815955460251236 -7.701506830613231e-05 0.0026915325995083036
leaf_weight=108883 34085 20111 2162 2478 2909 8716 25139 6426 2774 5149 2654 2123 2006 9655 2785 5585 57678 19035 9943 5447 3084 4128 2223 2530 10286 19977 2661 12701 2266 3844
leaf_count=108883 34085 20111 2162 2478 2909 8716 25139 6426 2774 5149 2654 2123 2006 9655 2785 5585 57678 19035 9943 5447 3084 4128 2223 2530 10286 19977 2661 12701 2266 3844
internal_value=-0.0016567 -0.000815502 -0.00188818 -0.000547215 -0.00159542 -0.000314451 0.000700943 -0.000486961 -0.000488252 -0.000360185 -0.000275433 -0.000902826 0.000704829 -0.00164222 -0.00220402 0.000204912 -0.000657155 4.0892e-05 0.000522771 0.000813894 0.00107931 0.00221619 -0.00224072 -0.000690771 -0.000710921 0.000599713 -0.00242858 -0.000619401 0.00165517 -0.000286319
internal_weight=399443 290560 58120 232440 42226 190214 27617 162597 24035 151658 146509 21261 6698 14563 12440 64876 81633 23955 48164 38221 32774 9713 10939 4692 16712 23061 22772 19454 4920 16545
internal_count=399443 290560 58120 232440 42226 190214 27617 162597 24035 151658 146509 21261 6698 14563 12440 64876 81633 23955 48164 38221 32774 9713 10939 4692 16712 23061 22772 19454 4920 16545
cat_boundaries=0 1 2 3
cat_threshold=10 5 1
is_linear=0
shrinkage=0.08


Tree=51
num_leaves=31
num_cat=11
split_feature=23 7 44 5 9 5 5 5 33 5 34 5 5 23 23 16 29 12 12 44 24 20 34 28 5 34 26 5 5 12
split_gain=119.732 11.1278 12.1703 6.76967 5.65352 10.4073 4.10949 4.00542 3.60334 4.42834 4.03814 9.5175 3.93331 3.91755 3.53387 3.21553 3.08604 3.02606 4.64458 2.59541 2.16851 4.13779 2.14868 2.68966 2.31721 2.34563 1.89538 2.94676 1.89089 1.8754
threshold=18.853691101074222 1.5000000000000002 27.344641685485843 0 1 2 3 4 24.307392120361332 5 0.93081665039062511 6 7 27.578308105468754 25.721824645996097 0.56196221709251415 0.99320602416992199 1.4477663040161135 0.66630893945693981 26.784683227539066 21.533691406250004 1.5916151404380801 -6.0858154296874991 1008.9146728515626 8 -2.5665283203124996 4.7356550693511972 9 10 1.7018012404441836
decision_type=2 2 2 9 1 9 9 9 2 9 2 9 9 2 2 10 2 2 2 2 2 2 2 2 9 2 2 9 9 2
left_child=20 2 7 14 5 -5 -4 -2 10 -10 12 17 16 -11 -3 -16 -6 18 -12 -7 -1 -22 -17 24 25 -24 27 -14 -21 -15
right_child=1 3 6 4 8 19 -8 -9 9 13 11 -13 26 29 15 22 -18 -19 -20 28 21 -23 23 -25 -26 -27 -28 -29 -30 -31
leaf_value=-0.44660797665317942 -0.0073472993277204001 -0.02682885231267346 0.0011591141392641108 0.028566989986113393 0.0012683529645508777 0.0074274744313446925 -0.0041817626366995979 -0.024048744181138941 -0.0056439723124135609 0.044290551789126081 -0.0015171480333409449 -0.023497007691598393 0.0048426836087680112 0.00011361273913036205 -0.006205174503488683 -0.0096066060313088238 0.0098894873296417815 -0.021983311830411866 0.019626631886305274 0.0023059537717334019 -0.1167575337744986 0.0013445057252061165 0.0030877069347350944 -0.0059969227917868176 -0.00046176197127881409 0.0099412474104358054 -0.0049640416113690793 -0.0019633303900384274 -0.0046421192194658805 0.029192782549254788
leaf_weight=99137 14067 14640 17711 2612 21161 2757 34656 30694 5481 2011 3863 16022 2545 4173 15809 6278 3609 2630 3099 5305 7341 2477 4845 7723 9732 2773 24031 26199 4634 2187
leaf_count=99137 14067 14640 17711 2612 21161 2757 34656 30694 5481 2011 3863 16022 2545 4173 15809 6278 3609 2630 3099 5305 7341 2477 4845 7723 9732 2773 24031 26199 4634 2187
internal_value=-0.00160377 -0.000757366 -0.0014564 -0.000407544 -8.46019e-05 0.00136012 -0.000628292 -0.00242487 -0.000273809 0.000937238 -0.000436527 -0.00130721 -0.000148799 0.00209224 -0.00109867 -0.000761502 0.000682532 0.000685808 0.00155938 0.000410191 -0.00386601 -0.00272609 -0.000292211 3.93883e-05 0.000592165 0.00163498 -0.000539067 -0.000100717 -0.000192583 0.00111774
internal_weight=400202 291247 97128 194119 132319 15308 52367 44761 117011 13852 103159 25614 77545 8371 61800 47160 24770 9592 6962 12696 108955 9818 31351 25073 17350 7618 52775 28744 9939 6360
internal_count=400202 291247 97128 194119 132319 15308 52367 44761 117011 13852 103159 25614 77545 8371 61800 47160 24770 9592 6962 12696 108955 9818 31351 25073 17350 7618 52775 28744 9939 6360
cat_boundaries=0 32 33 62 94 126 155 174 206 229 245 271
cat_threshold=312 0 0 8784 0 0 9216 0 0 2371584 0 0 33947648 0 0 809500672 0 0 3221225472 1 0 2147483648 17 0 0 12 0 0 4416 0 0 256 10 512 0 0 0 0 0 2048 0 0 229376 0 0 15728640 0 0 67108864 0 0 134217728 0 0 1073741824 34 0 0 0 0 0 32 642 0 0 2048 0 0 198656 0 0 1048576 0 0 14155776 0 0 815792128 0 0 4244635648 3 0 3221225472 33 0 0 5 0 0 0 0 0 256 871 0 0 16096 0 0 24576 0 0 606208 0 0 0 0 0 83886080 0 0 1358954496 2 0 268435456 0 0 0 0 0 0 8512 0 0 69632 7 0 0 384 0 0 6144 0 0 98304 0 0 1572864 0 0 25165824 0 0 671088640 0 0 0 0 0 0 0 0 0 16 192 0 0 1056 0 0 213760 0 0 114688 0 0 3145728 0 0 260046848 0 0 536870912 7 0 0 384 0 0 38912 0 0 131072 0 0 9502720 0 0 0 0 0 587202560 2 0 536870912 0 0 0 0 0 0 8208 0 0 8192 48 0 0 80 0 0 0 0 0 0 0 0 33947648 0 0 809500672 0 0 2147483648 0 0 0 1 0 0 0 32 0 0 81920 0 0 1048576 0 0 0 0 0 1048576 64 0 0 4352 0 0 233472 0 0 1572864 0 0 16777216 0 0 184549376 0 0 83886080 2 0 805306368 0 0 0 2
is_linear=0
shrinkage=0.08


Tree=52
num_leaves=31
num_cat=10
split_feature=43 41 21 5 15 38 33 33 5 5 34 41 19 44 5 44 5 26 5 33 5 22 30 5 5 43 43 5 33 16
split_gain=120.403 11.278 10.8715 5.86823 5.43038 4.87637 5.58838 4.78209 4.20767 3.94651 4.15502 3.90231 8.65067 3.33435 3.11459 2.90695 4.36582 2.82285 2.9108 2.58121 2.55659 3.62176 4.3934 2.46268 2.40049 2.20487 2.02768 2.50565 1.89302 1.80126
threshold=19.436133384704593 26.947054862976078 1.1234214901924136 0 0.33488267660140997 0.97864532470703136 21.577919960021976 9.7261438369750994 1 2 2.8035888671875004 17.406168937683109 1.6080585122108462 26.390935897827152 3 26.429767608642582 4 5.7114913463592538 5 17.782464027404789 6 6.9422721862792978 1204.4375000000002 7 8 28.357369422912601 24.431935310363773 9 14.00121593475342 0.62754878401756298
decision_type=2 2 2 9 8 2 2 2 9 9 2 2 2 2 9 2 9 2 9 2 9 2 2 9 9 2 2 9 2 8
left_child=11 2 3 13 -3 6 7 -4 -9 -6 15 -1 -13 28 -7 16 -11 18 -17 -10 -19 25 23 -23 -15 -22 -5 -28 -2 -20
right_child=1 4 5 26 9 14 -8 8 19 10 -12 12 -14 24 -16 17 -18 20 29 -21 21 22 -24 -25 -26 -27 27 -29 -30 -31
leaf_value=-0.43062044669034727 0.0025816553748611217 -0.0066276970968684613 0.017934640985174895 -0.047478388459790584 -0.0029977196220686659 -0.039631410188263133 0.033070394551991039 -0.021741937873747435 -0.0057264486991702749 0.015473792227441998 -0.022268307719755673 -0.088576068066336028 0.019002847957187503 0.008310864598088899 -0.0049175318042470805 0.0049619180131725742 -0.00044613828671199177 -0.004720057324014322 -0.0024971787691788682 0.022953814606225552 -0.0053427105344125295 0.0054123643707197902 0.008745793483411193 -0.0067060282889240402 -0.0020233643910925552 0.0013024792013417953 -0.0093118802278401754 -0.017431930301606061 -0.024643020806576335 0.0016202846977145988
leaf_weight=98376 2090 9954 2112 14684 72455 5002 3082 7369 2750 2112 3059 10967 2504 2281 9129 17712 2708 15447 11155 2481 9145 2146 2468 2620 4292 8585 13907 18064 7837 33672
leaf_count=98376 2090 9954 2112 14684 72455 5002 3082 7369 2750 2112 3059 10967 2504 2281 9129 17712 2708 15447 11155 2481 9145 2146 2468 2620 4292 8585 13907 18064 7837 33672
internal_value=-0.00157796 -0.000713605 -0.00142686 -0.00203499 -0.000362602 -0.00022358 0.000657379 7.60671e-06 -0.000583665 -0.000263708 3.64811e-05 -0.00380582 -0.00252533 -0.000736078 -0.00133258 0.000119131 0.00203727 2.91366e-05 0.000365856 0.00114949 -0.000491923 8.96479e-06 0.00151629 9.54764e-05 0.000660488 -0.00060654 -0.00249341 -0.00213514 -0.00166127 2.25647e-05
internal_weight=400165 288318 95080 63155 193238 31925 17794 14712 12600 183284 110829 111847 13471 16500 14131 107770 4820 102950 62539 5231 40411 24964 7234 4766 6573 17730 46655 31971 9927 44827
internal_count=400165 288318 95080 63155 193238 31925 17794 14712 12600 183284 110829 111847 13471 16500 14131 107770 4820 102950 62539 5231 40411 24964 7234 4766 6573 17730 46655 31971 9927 44827
cat_boundaries=0 29 61 93 122 148 177 203 222 241 270
cat_threshold=770 0 0 11904 0 0 247808 0 0 65536 0 0 7405568 0 0 5242880 0 0 687865856 2 0 0 48 0 0 8 0 0 256 0 0 0 0 0 0 2048 0 0 32768 0 0 524288 0 0 32505856 0 0 1996488704 0 0 3758096384 1 0 0 14 0 0 112 0 0 256 920 0 0 12944 0 0 156672 0 0 2383872 0 0 35586048 0 0 66060288 0 0 0 0 0 0 0 0 0 0 0 0 0 0 0 4352 0 0 0 0 0 0 0 0 0 65536 0 0 50331648 0 0 838860800 0 0 100663296 1 0 3758096384 17 0 0 15 0 0 4368 7 0 0 3072 0 0 102400 0 0 0 0 0 20971520 0 0 469762048 0 0 268435456 3 0 2147483648 1 0 0 6 0 0 0 0 0 0 35584 0 0 1576960 0 0 31457280 0 0 0 0 0 50331648 1 0 536870912 32 0 0 1 0 0 16 3 0 0 32 0 0 98304 0 0 1675264 0 0 18874368 0 0 872415232 0 0 83886080 0 0 0 0 0 0 6 96 0 0 2304 0 0 4096 0 0 0 0 0 0 0 0 0 0 0 1073741824 256 0 0 2048 0 0 147456 0 0 65536 0 0 65536 0 0 1048576 0 0 553648128 0 0 0 0 0 0 1024 0 0 3194880 0 0 9306112 0 0 916455424 0 0 3523215360 1 0 0 1 0 0 1 0 0 16
is_linear=0
shrinkage=0.08


Tree=53
num_leaves=31
num_cat=13
split_feature=45 45 21 14 5 5 22 27 8 23 5 37 5 5 5 37 23 28 5 31 5 5 9 28 6 45 15 21 27 5
split_gain=126.328 14.1374 10.1938 8.10784 5.126 3.53842 3.33079 5.56845 3.25606 3.81025 6.78646 3.61939 4.53578 3.87446 3.07733 2.9906 2.7254 2.56732 3.93275 2.78823 6.292 2.73483 2.88008 2.58742 2.51948 2.49637 3.75258 2.48478 4.27846 2.31661
threshold=19.139172554016117 26.270361900329593 0.94672632217407238 0.55371767282485973 0 1 1.5778541564941408 1010.7930603027345 2 26.297382354736332 3 0.40406799316406256 4 5 6 0.2360343933105469 28.362731933593754 1009.9784545898439 7 77.531173706054702 8 9 10 1004.2084350585939 11 16.434700012207035 1.8823012709617617 1.4998007416725161 1015.176239013672 12
decision_type=2 2 2 2 9 9 2 2 1 2 9 2 9 9 9 2 2 2 9 2 9 9 1 2 1 2 10 2 2 9
left_child=25 2 -2 5 15 6 -3 -8 9 10 -5 13 -13 -10 -11 -4 24 19 -19 20 -16 -21 -23 -24 -7 -1 -27 -6 -29 -18
right_child=1 3 4 8 27 16 7 -9 11 14 -12 12 -14 -15 17 -17 29 18 -20 21 -22 22 23 -25 -26 26 -28 28 -30 -31
leaf_value=-0.43297073484465592 -0.027866595580083808 -0.0040222273265893985 -0.0024681855804985727 -0.007307524375882387 -0.018647750138964393 -0.0042315291350405355 -0.0011053887490710885 0.0063185408057749365 0.0026074375737420654 -0.0018172111133545 0.01855434097852008 0.0073793001485981391 -0.0024976709143596713 -0.0065147137843353312 0.010804541231896794 0.023836818402516471 0.0018493581112953852 0.0043573504946349106 -0.011940399650556183 -0.0052508173163584903 0.0054761562188868134 0.0088122005111198071 -0.005334887113587281 0.0029363134035270922 -0.013587200175710036 -0.088203059243800855 0.0057314371370781828 -0.011820243767921941 0.026461935690800208 -0.0050868686129242856
leaf_weight=98079 33666 17517 4420 2176 19991 9539 15036 2528 6732 36650 2841 5829 9169 28632 3923 3147 4374 3286 4463 7038 20495 3512 6878 9715 15354 8790 2073 7440 2083 4201
leaf_count=98079 33666 17517 4420 2176 19991 9539 15036 2528 6732 36650 2841 5829 9169 28632 3923 3147 4374 3286 4463 7038 20495 3512 6878 9715 15354 8790 2073 7440 2083 4201
internal_value=-0.00153395 -0.000663009 -0.00164659 -0.000346489 -0.000731283 -0.00106822 -0.000506083 0.000272219 -1.9532e-05 0.000242525 0.0023895 -0.000544907 0.000496268 -0.000986488 0.00013004 0.00112455 -0.00165647 0.000486094 -0.000870732 0.000690232 0.0013103 0.000132139 0.000607204 0.000165412 -0.00208055 -0.00385719 -0.00270137 -0.00120729 -0.000143922 -0.000426326
internal_weight=399577 290635 70747 219888 37081 68549 35081 17564 151339 100977 5017 50362 14998 35364 95960 7567 33468 59310 7749 51561 24418 27143 20105 16593 24893 108942 10863 29514 9523 8575
internal_count=399577 290635 70747 219888 37081 68549 35081 17564 151339 100977 5017 50362 14998 35364 95960 7567 33468 59310 7749 51561 24418 27143 20105 16593 24893 108942 10863 29514 9523 8575
cat_boundaries=0 32 45 46 75 104 133 165 184 216 245 246 247 260
cat_threshold=0 0 0 128 0 0 0 0 0 81920 0 0 2359296 0 0 234881024 0 0 0 0 0 268435456 0 0 0 0 0 0 8192 0 0 79872 455 0 0 14688 0 0 126976 0 0 32768 0 0 29360128 2 48 0 0 400 0 0 96256 0 0 2514944 0 0 2490368 0 0 599785472 0 0 922746880 0 0 1610612736 0 0 0 0 0 0 32 679 0 0 6144 0 0 215040 0 0 1048576 0 0 13697024 0 0 240123904 0 0 3909091328 3 0 268435456 0 0 0 1 0 0 16 64 0 0 1536 0 0 33280 0 0 1572864 0 0 8519680 0 0 4194304 0 0 1342177280 2 0 3221225472 1 0 0 4 0 0 32 358 0 0 12832 0 0 135168 0 0 561152 0 0 262144 0 0 170917888 0 0 3959422976 3 0 2415919104 1 0 0 6 0 0 0 0 0 256 640 0 0 3072 0 0 84224 0 0 2162688 0 0 39321600 0 0 805306368 0 0 268435456 0 0 0 1024 0 0 123392 0 0 1449984 0 0 50528256 0 0 805306368 0 0 0 0 0 0 0 0 0 0 0 0 16 0 0 4096 0 0 0 1152 0 0 26624 0 0 2105344 0 0 33685504 0 0 541065216 0 0 50331648 0 0 1610612736 0 0 0 0 0 0 32 8 10 0 0 0 16 0 0 768 0 0 1978368 0 0 65536
is_linear=0
shrinkage=0.08


Tree=54
num_leaves=31
num_cat=2
split_feature=45 45 17 14 45 20 20 9 18 34 35 34 24 28 7 1 45 40 7 37 40 37 37 16 9 18 14 40 10 1
split_gain=125.556 11.6514 9.07484 5.698 4.71916 8.37733 3.46778 3.88489 2.98826 2.15294 2.90296 3.99245 2.55932 2.43536 2.20508 2.9651 2.05145 2.03726 2.00457 3.36546 2.09385 2.77982 2.6475 1.99654 1.76336 1.74922 5.01703 2.39177 1.95613 1.74387
threshold=19.952752113342289 26.640208244323734 1.0312488079071047 0.54284444451332103 15.922363281250002 1.8043996095657351 2.2284873723983769 0 0.37664714455604559 -4.0555419921874991 2.2206306457519536 -2.7850341796874996 28.199584960937504 1009.5440673828126 2.5000000000000004 72.250000000000014 23.630142211914066 0.4768896102905274 1.5000000000000002 0.25113677978515631 1.0843744277954104 1.0590591430664065 -1.6529693603515623 0.44940890371799475 1 1.8034571409225466 1.49003541469574 2.3383414745330815 1.0393108725547793 74.250000000000014
decision_type=2 2 10 2 2 2 2 1 2 2 2 2 2 2 2 2 2 2 2 2 2 2 2 10 1 2 2 2 2 2
left_child=4 2 16 8 -1 -6 7 -4 -3 -10 11 17 13 -12 -13 -16 -2 -11 19 -5 21 24 -22 -14 -20 26 -9 -28 -27 -24
right_child=1 3 6 18 5 -7 -8 25 9 10 12 14 23 -15 15 -17 -18 -19 20 -21 22 -23 29 -25 -26 28 27 -29 -30 -31
leaf_value=-0.44377224222584377 -0.060881116181169176 -0.0079354098293027715 0.01661309082875986 -0.004257557374442532 -0.074956165740269906 0.026201405069349978 0.029838275803787121 -0.015312762247520881 -0.0068060222352973234 -0.0011277374077433041 0.0014928160620904271 -0.0072195829978892161 0.0043832212732692159 0.007476459527980042 0.0040862837471466497 -0.0061111789892741184 -0.015743915077716965 0.0062385956257727682 0.0042751112925448016 0.0018387710169753151 0.01395420972566439 0.010639903910914975 0.0031255304950146452 -0.0043268885147942282 0.00043379055216231487 0.0014393994551350701 0.015974974832628577 -0.0085216606757607602 -0.022884343240751885 -0.0046981568712198612
leaf_weight=96741 8148 9428 2693 30098 14692 2315 2002 8633 9179 2407 6654 13890 2032 2096 2256 4581 29833 2072 9992 18694 3982 2119 11860 6337 40502 3633 4652 2249 16611 29697
leaf_count=96741 8148 9428 2693 30098 14692 2315 2002 8633 9179 2407 6654 13890 2032 2096 2256 4581 29833 2072 9992 18694 3982 2119 11860 6337 40502 3633 4652 2249 16611 29697
internal_value=-0.00151425 -0.000620941 -0.00145157 -0.0003074 -0.00376266 -0.00253088 -0.000617841 -0.000786987 -0.000957764 -0.000717786 -0.000476675 -0.00102253 0.000327164 0.0012831 -0.00149048 -0.000313715 -0.00233961 0.00114146 -3.76726e-05 -0.000456704 0.000170656 0.000514375 -0.000226482 -0.000672635 0.000394898 -0.00100766 -0.000369018 0.00123803 -0.00149778 -0.000415427
internal_weight=400078 286330 78454 207876 113748 17007 40473 38471 60932 51504 42325 25206 17119 8750 20727 6837 37981 4479 146944 48792 98152 52613 45539 8369 50494 35778 15534 6901 20244 41557
internal_count=400078 286330 78454 207876 113748 17007 40473 38471 60932 51504 42325 25206 17119 8750 20727 6837 37981 4479 146944 48792 98152 52613 45539 8369 50494 35778 15534 6901 20244 41557
cat_boundaries=0 1 2
cat_threshold=8 26
is_linear=0
shrinkage=0.08


Tree=55
num_leaves=31
num_cat=10
split_feature=45 45 21 19 5 43 5 45 19 26 5 22 5 5 44 6 38 39 33 44 26 39 5 38 31 5 27 5 36 5
split_gain=125.172 11.6567 9.20226 5.62872 4.55929 3.71431 3.58756 3.49899 6.01061 3.46876 6.57698 4.86703 9.43146 8.52056 3.22481 3.19636 4.25913 3.15171 3.00192 2.89642 2.74624 2.67644 2.45234 2.43408 2.58 2.41738 2.41061 4.28232 2.36196 3.3616
threshold=19.139172554016117 26.088876724243168 1.1263576745986941 0.34136448800563818 0 28.28099346160889 1 15.315701484680178 1.6269018054008486 4.603518247604371 2 2.8367042541503911 3 4 24.19478797912598 5 0.35668373107910162 0.24740747362375262 17.932224273681644 26.390935897827152 8.3512849807739276 0.25282482802867895 6 -0.22711372375488278 75.01456451416017 7 1010.1859436035157 8 112.79868698120119 9
decision_type=2 2 2 2 9 2 9 2 2 2 9 2 9 9 2 1 2 2 2 2 2 2 9 2 2 9 2 9 2 9
left_child=7 2 6 5 14 25 -2 -1 -9 10 15 12 20 -13 18 16 -5 -7 -4 -15 26 28 -23 -17 -25 -3 27 -11 29 -21
right_child=1 3 4 9 -6 17 -8 8 -10 11 -12 13 -14 19 -16 23 -18 -19 -20 21 -22 22 -24 24 -26 -27 -28 -29 -30 -31
leaf_value=-0.46459023211298783 -0.012029061682778069 -0.00090338123107503636 0.00011686640776338163 0.013660325826814182 -0.013910818377948832 -0.0035401854120227223 -0.033475130359839511 -0.084661631475285812 0.0098646342980549147 0.015514429854091549 -0.00080925225228892521 -0.0090324552636465872 -0.0064217182685453204 0.0083316787921745659 -0.0060307365217352298 -0.0044327461412816968 0.0027344530132886232 0.0038912462405443645 0.029131359064576996 -0.0029020571474382933 -0.007753568874076292 0.0050303569493086288 -0.0042587277037104123 0.009259646322366628 0.0012892894039170865 -0.01260382061113483 -0.001842733043556116 0.0024709800423446367 0.0075554695229305673 0.0039896165615420269
leaf_weight=95201 14635 2779 2314 2026 16933 5505 25091 11147 2825 2429 81885 10930 41778 2466 4000 3473 2077 3063 3206 4795 2663 3709 7958 3173 4591 11988 6633 9513 3034 8293
leaf_count=95201 14635 2779 2314 2026 16933 5505 25091 11147 2825 2429 81885 10930 41778 2466 4000 3473 2077 3063 3206 4795 2663 3709 7958 3173 4591 11988 6633 9513 3034 8293
internal_value=-0.00150007 -0.000633237 -0.00156636 -0.000358428 -0.000410083 -0.00153438 -0.00233602 -0.00380986 -0.00262395 -0.000222126 0.00012156 -0.000542784 -0.000984737 0.00013351 0.000989517 0.00164062 0.0035479 -0.000208907 0.00224231 0.000825102 0.000387994 0.000591531 -0.00033125 0.000939148 0.00172678 -0.00230277 0.000732848 0.00141165 0.00125911 0.00079157
internal_weight=400113 290940 66179 224761 26453 23335 39726 109173 13972 201426 97225 104201 63016 41185 9520 15340 4103 8568 5520 30255 21238 27789 11667 11237 7764 14767 18575 11942 16122 13088
internal_count=400113 290940 66179 224761 26453 23335 39726 109173 13972 201426 97225 104201 63016 41185 9520 15340 4103 8568 5520 30255 21238 27789 11667 11237 7764 14767 18575 11942 16122 13088
cat_boundaries=0 32 58 87 119 145 146 172 179 211 230
cat_threshold=0 0 0 0 0 0 0 0 0 98304 0 0 20185088 0 0 251658240 0 0 16777216 2 0 805306368 16 0 0 2 0 0 8192 0 0 80128 8 0 0 128 0 0 100352 0 0 1818624 0 0 7602176 0 0 34603008 0 0 939524096 2 0 0 49 0 0 8 0 0 0 1584 0 0 254720 0 0 1314816 0 0 29425664 0 0 1048576 0 0 16777216 0 0 0 32 0 0 1 0 0 16 1 0 0 192 0 0 146176 0 0 290816 0 0 1114112 0 0 251658240 0 0 1912602624 0 0 4026531840 0 0 0 7 0 0 0 0 0 4352 0 0 0 8192 0 0 134912 0 0 3420160 0 0 62062592 0 0 1022361600 0 0 117440512 0 0 1342177280 0 0 0 2 8 638 0 0 96 0 0 0 0 0 49152 0 0 524288 0 0 0 0 0 4026531840 0 0 2684354560 1 0 0 4 583 0 0 4096 0 0 24576 0 0 0 0 0 0 256 0 0 4096 0 0 1114112 0 0 201326592 0 0 536870912 0 0 1073741824 0 0 0 0 0 0 0 0 0 4352 560 0 0 736 0 0 61440 0 0 589824 0 0 262144 0 0 0 0 0 1610612736
is_linear=0
shrinkage=0.08


Tree=56
num_leaves=31
num_cat=10
split_feature=45 45 21 19 30 5 44 28 33 5 5 28 5 5 18 45 25 33 31 35 45 19 5 5 24 34 5 34 5 5
split_gain=126.969 12.044 8.43204 6.86874 8.26604 5.83339 4.84393 4.35504 4.24965 6.12451 3.7343 4.2994 3.39766 3.20756 2.59362 2.46526 2.46133 2.4227 2.41059 2.69692 2.39119 4.1319 2.36706 2.36537 2.27319 1.92611 2.51119 2.46486 2.08297 1.82546
threshold=18.531413078308109 25.217026710510257 1.2775999903678896 0.60308045148849498 592.06250000000011 0 28.442725181579593 1011.3809204101564 13.19712018966675 1 2 1010.365936279297 3 4 0.82850691676139843 29.571803092956547 4.9793181419372567 21.115200042724613 69.60050201416017 1.6369819641113283 14.682906627655031 1.7289245128631594 5 6 27.865173339843754 -4.4851684570312491 7 -2.5253601074218746 8 9
decision_type=2 2 2 2 2 9 2 2 2 9 9 2 9 9 2 2 2 2 2 2 2 2 9 9 2 2 9 2 9 9
left_child=20 2 22 4 6 17 13 -7 9 -5 -6 14 16 18 25 -14 24 -4 -3 -20 -1 -22 -2 -21 -10 28 27 -27 -12 -11
right_child=1 3 5 8 10 7 -8 -9 12 29 11 -13 15 -15 -16 -17 -18 -19 19 23 21 -23 -24 -25 -26 26 -28 -29 -30 -31
leaf_value=-0.48070897602663282 -0.017836692660418527 0.0039584204305750702 -0.028646606204684441 0.012272314836928358 -0.0040185759147106067 -0.0016873413292720321 0.0026580475713329035 0.039506802606227936 0.0089288562059654103 -0.0093024456408695756 -0.00034452525890858656 0.0060226016216384584 -0.0046852495641793611 -0.011661581151074919 0.0052675851134915963 0.0013887320138410186 -0.00555684797674215 0.0079942200319843195 -0.0099492830562387582 -0.0094747535066446054 -0.090839426808066046 0.004481673176905625 -0.039337925562740635 0.003289366419804042 0.0033546921063144887 0.0057023783785559827 -0.00076799402087918665 -0.00020892982178239176 -0.0093048618446842073 0.0018480460071209509
leaf_weight=93731 10611 2408 8549 9875 15839 4042 3752 2819 2021 2945 5235 3316 45096 27236 3077 22521 4610 2201 10272 2465 10136 2247 23825 4393 22632 3239 33298 3611 4760 9458
leaf_count=93731 10611 2408 8549 9875 15839 4042 3752 2819 2021 2945 5235 3316 45096 27236 3077 22521 4610 2201 10272 2465 10136 2247 23825 4393 22632 3239 33298 3611 4760 9458
internal_value=-0.00147375 -0.000617798 -0.00172173 -0.000380372 -0.000799962 -0.0002976 -0.00158509 0.00152245 5.24292e-05 0.00104846 -0.000251711 5.26195e-05 -0.000176696 -0.00180694 -0.000121737 -0.000488314 0.000543249 -0.00145961 -0.00102219 -0.00135589 -0.00384584 -0.0027961 -0.00244975 -0.000126967 0.000860722 -0.000260245 -1.27506e-05 0.00137991 -0.00125337 -0.0001362
internal_weight=400220 294106 52047 242059 122901 17611 50526 6861 119158 22278 72375 56536 96880 46774 53220 67617 29263 10750 19538 17130 106114 12383 34436 6858 24653 50143 40148 6850 9995 12403
internal_count=400220 294106 52047 242059 122901 17611 50526 6861 119158 22278 72375 56536 96880 46774 53220 67617 29263 10750 19538 17130 106114 12383 34436 6858 24653 50143 40148 6850 9995 12403
cat_boundaries=0 29 55 77 109 128 160 173 186 202 231
cat_threshold=0 0 0 0 0 0 2048 0 0 0 0 0 34340864 0 0 15728640 0 0 4261412864 0 0 3221225472 51 0 0 12 0 0 48 830 0 0 2176 0 0 133120 0 0 229376 0 0 66060288 0 0 335544320 0 0 33554432 3 0 3758096384 1 0 0 4 56 0 0 512 0 0 9216 0 0 2101248 0 0 51511296 0 0 939524096 0 0 0 1 0 268435456 66 0 0 6336 0 0 248832 0 0 1052672 0 0 196608 0 0 610271232 0 0 553648128 0 0 0 32 0 0 1 0 0 48 0 0 8192 743 0 0 9888 0 0 223232 0 0 2686976 0 0 8388608 0 0 0 0 0 16777216 8 0 0 128 0 0 18432 0 0 253952 0 0 7077888 0 0 58720256 0 0 671088640 2 0 0 16 0 0 8 0 0 256 0 0 2048 36 0 0 8224 0 0 131072 0 0 0 0 0 8388608 4 0 0 0 0 0 768 0 0 393216 0 0 12582912 0 0 0 3328 0 0 36864 0 0 532480 0 0 12648448 0 0 1048576 0 0 0 13312 0 0 16384 0 0 1843200 0 0 655360 0 0 12582912 0 0 0 0 0 268435456 2 0 0 1 0 0 32
is_linear=0
shrinkage=0.08


Tree=57
num_leaves=31
num_cat=0
split_feature=45 45 33 21 16 30 21 42 21 24 34 22 0 38 33 27 45 0 21 39 21 38 27 29 45 27 0 34 3 24
split_gain=127.577 13.1501 9.43951 6.39514 6.33389 5.44099 4.86423 3.91835 3.87802 3.73476 3.5241 4.10912 4.07058 3.26536 4.17101 2.64386 4.01882 2.53282 2.19405 2.17959 2.36133 2.17503 2.58227 2.03816 1.98263 2.37935 1.91437 2.69152 1.85069 1.93471
threshold=17.399168014526371 24.999158859252933 22.377023696899418 1.5573101043701174 1.1002877354621889 697.68750000000011 0.59339153766632091 28.534973144531254 1.1562660336494448 27.959228515625004 -3.9027404785156246 1.5778541564941408 13.250000000000002 0.28543519973754888 17.932224273681644 1009.2343139648439 27.875782966613773 11.750000000000002 0.31803065538406378 0.74400460720062267 1.7477888464927676 1.2244615554809573 1010.8400878906251 0.35304641723632818 32.244066238403327 1002.2657775878907 24.250000000000004 4.7471923828125009 363.72732543945318 30.227813720703129
decision_type=2 2 2 2 8 2 2 2 2 2 2 2 2 2 2 2 2 2 2 2 2 2 2 2 2 2 2 2 2 2
left_child=-1 2 8 -4 5 6 7 18 -2 -6 -7 12 -12 -14 -15 -13 17 -17 -3 20 28 22 -10 -16 -21 -26 27 -24 29 -11
right_child=1 4 3 -5 9 10 -8 -9 21 19 11 15 13 14 23 16 -18 -19 -20 24 -22 -23 26 -25 25 -27 -28 -29 -30 -31
leaf_value=-0.2694663084506897 -0.036934023886869803 -0.01559063057386318 -0.013488605233488165 0.043070377564970598 0.0085175896194597065 -0.0035578076302660417 -0.0013641091157370301 0.0021572559008127667 0.013964205268393853 0.010554466857458884 -0.0037908718422209929 0.00034222384265826538 -0.0045048044362458392 -0.0055833840320002682 0.0024843353438583848 0.0038760553839283975 -0.0012512547395661306 0.0095884728032824933 -0.0069263682075586894 -0.006713138109205442 0.035263780504858934 -0.040086294455344292 0.013840784323643215 0.0087224922174603155 0.022034792925366548 -0.0047053601075872069 -0.029863537424558918 -0.037923039119241254 -0.0034093981308931649 0.0020454089073605915
leaf_weight=101084 27882 4900 2793 2257 7028 23198 28181 3223 2566 5046 18423 16094 5798 2426 4467 6586 4042 2700 42983 25237 2448 4653 3276 2663 3059 4035 7747 2246 11414 21120
leaf_count=101084 27882 4900 2793 2257 7028 23198 28181 3223 2566 5046 18423 16094 5798 2426 4467 6586 4042 2700 42983 25237 2448 4653 3276 2663 3059 4035 7747 2246 11414 21120
internal_value=-0.00144205 -0.00061013 -0.00174733 0.0015415 -0.000362183 -0.000643694 -0.00112221 -0.00158745 -0.00209095 0.000225348 -0.000204475 0.000105111 -0.000496878 0.000464982 0.0013732 0.000796139 0.00162903 0.00254475 -0.00176919 5.42212e-05 0.000448773 -0.00125437 -0.000806565 0.00234734 -0.000434249 0.000746621 -0.00125582 -0.000117138 0.000291566 0.000662285
internal_weight=399575 298491 53420 5050 245071 165684 79287 51106 48370 79387 86397 63199 33777 15354 9556 29422 13328 9286 47883 72359 40028 20488 15835 7130 32331 7094 13269 5522 37580 26166
internal_count=399575 298491 53420 5050 245071 165684 79287 51106 48370 79387 86397 63199 33777 15354 9556 29422 13328 9286 47883 72359 40028 20488 15835 7130 32331 7094 13269 5522 37580 26166
is_linear=0
shrinkage=0.08


Tree=58
num_leaves=31
num_cat=2
split_feature=44 6 34 35 17 33 24 18 17 39 6 0 37 40 44 32 34 32 7 34 37 44 17 34 7 0 12 0 24 14
split_gain=127.519 11.5397 9.49697 6.26678 5.36302 4.91793 4.50886 4.42751 3.64828 3.96463 3.48357 3.24703 3.11459 3.0752 3.07633 3.9098 3.05233 2.86466 2.85412 2.79897 2.69836 2.66085 3.89964 2.4686 2.36616 2.19326 2.39233 3.32971 2.27388 2.19128
threshold=17.265515327453617 0 1.0429077148437502 1.9955635070800783 0.91660282015800487 12.261695861816408 27.441741943359379 0.69573214650154125 2.5059154033660893 1.1510136127471926 1 17.250000000000004 -1.5279464721679685 1.0383262634277346 27.473629951477054 655.14190673828136 2.7135314941406254 371.64308166503912 1.5000000000000002 -4.1572570800781241 0.19270324707031253 14.551947593688967 1.8743662834167483 -2.3946228027343746 1.5000000000000002 26.750000000000004 0.67723068594932567 19.250000000000004 27.499862670898441 2.8226450681686406
decision_type=2 1 2 2 8 2 2 2 10 2 1 2 2 2 2 2 2 2 2 2 2 2 8 2 2 2 2 2 2 2
left_child=21 8 4 18 6 11 10 -5 13 -10 24 -6 -7 14 15 20 -15 -14 -4 -13 -2 -1 -23 -16 -3 26 28 -28 -20 -29
right_child=1 2 3 7 5 12 -8 -9 9 -11 -12 19 17 16 23 -17 -18 -19 25 -21 -22 22 -24 -25 -26 -27 27 29 -30 -31
leaf_value=-0.41902574099537959 0.00022719930042591592 -0.0096210790982431647 -0.025025674985636633 0.0071302900557135033 0.016350788572618302 0.014968698362530328 -0.0022346111300343254 -0.011865776350334834 0.051727506577367306 -0.002398900740237376 -0.014202098169060172 0.00076870209422174446 -0.012316966492133126 -0.0046198922379649269 0.0029140719863056538 0.010461129704084084 0.017242353657453365 -0.0010974687167472402 -0.021218147896740449 0.01299063082087224 0.015540803189043939 -0.085001765440351401 0.0062021179583010948 -0.0014265885693670352 0.0027398481116798659 -0.061184649036766792 0.0084632493243078852 -0.028746188484926823 -0.0034780609410165072 0.0085863853381165558
leaf_weight=93395 5542 2615 15316 2314 2152 2704 79767 2067 2496 2036 16071 12127 13717 29948 12894 2020 2153 35717 7748 3571 2114 5603 2048 17735 3660 4945 3667 8350 3547 2142
leaf_count=93395 5542 2615 15316 2314 2152 2704 79767 2067 2496 2036 16071 12127 13717 29948 12894 2020 2153 35717 7748 3571 2114 5603 2048 17735 3660 4945 3667 8350 3547 2142
internal_value=-0.00140094 -0.000570895 -0.000863247 -0.0018326 -0.000581045 -4.16021e-05 -0.000950737 0.00105579 0.000273499 0.00247292 -0.00195491 0.00110414 -0.000433997 0.000135549 0.000600768 0.00184348 -0.00044857 -0.000578757 -0.00210957 0.000703335 0.00101435 -0.0038579 -0.00241796 0.000207708 -0.000352662 -0.0016599 -0.00135941 -0.000665962 -0.00222733 -0.00139097
internal_weight=400181 299135 222197 50096 172101 69988 102113 4381 76938 4532 22346 17850 52138 72406 40305 9676 32101 49434 45715 15698 7656 101046 7651 30629 6275 30399 25454 14159 11295 10492
internal_count=400181 299135 222197 50096 172101 69988 102113 4381 76938 4532 22346 17850 52138 72406 40305 9676 32101 49434 45715 15698 7656 101046 7651 30629 6275 30399 25454 14159 11295 10492
cat_boundaries=0 1 2
cat_threshold=2 8
is_linear=0
shrinkage=0.08


Tree=59
num_leaves=31
num_cat=3
split_feature=43 27 6 27 17 35 18 6 8 43 15 29 0 36 40 30 14 0 35 0 1 14 44 44 36 43 35 40 24 27
split_gain=125.971 9.88015 8.24588 6.85227 6.11306 4.86258 4.94349 4.72343 4.24551 4.22751 3.74859 3.71118 3.01209 2.88337 6.70412 5.85794 4.76694 4.04275 2.84837 5.01356 2.56209 3.52168 2.59728 2.5562 2.77345 2.70428 2.42057 2.50622 2.19425 1.91633
threshold=16.221160888671879 1011.5660095214845 0 1014.956756591797 0.39185442030429846 1.9955635070800783 0.82850691676139843 1 2 28.383353233337406 1.1966556310653689 0.99999618530273449 26.750000000000004 23.590564727783207 0.86560964584350597 1690.6875000000002 1.6429574489593508 9.7500000000000018 2.5658607482910161 10.750000000000002 80.750000000000014 1.423167943954468 28.93563270568848 27.840999603271488 41.99266433715821 27.137992858886722 11.164188385009767 1.0959672927856448 28.151016235351566 1001.8374938964845
decision_type=2 2 1 2 8 2 2 1 1 2 8 2 2 2 2 2 2 2 2 2 2 2 2 2 2 2 2 2 2 2
left_child=-1 4 3 -3 28 8 -7 11 12 10 18 13 -4 14 15 17 -15 -6 -9 23 21 22 -16 24 -20 -26 -11 -28 -2 -12
right_child=1 2 5 -5 7 6 -8 9 -10 26 29 -13 -14 16 20 -17 -18 -19 19 -21 -22 -23 -24 -25 25 -27 27 -29 -30 -31
leaf_value=-0.27245099122194794 -0.013144744994686871 -0.0022156182287746333 -0.0093383957715876577 0.0345080457131531 0.00014208306262721699 0.0059699570455574681 -0.020936882430803001 -0.010085349677694628 -0.021779940196910586 -0.00057158040149931071 -0.016790330427009892 0.014108231567363794 -0.057791338309659691 -0.0027527384878042317 0.010158528449138875 -0.0026336188786034217 0.018396168516666801 0.0082267992493940175 0.0075471530942676024 -0.0070002024605438995 -0.0050759280349135698 -0.0023289342870356027 0.00065981580177967825 -0.0060240907930814679 -0.0069092266476145307 0.0058486926914687685 0.0098536398096162724 -0.00063852862209421715 -0.0018742866853632943 0.0028031351567665325
leaf_weight=97895 8531 15499 31462 2138 3669 3093 2593 17673 19089 34206 3005 2700 5629 31331 4159 4993 3452 12073 2038 25054 14789 15404 3585 2065 2119 2129 2445 2099 10020 15021
leaf_count=97895 8531 15499 31462 2138 3669 3093 2593 17673 19089 34206 3005 2700 5629 31331 4159 4993 3452 12073 2038 25054 14789 15404 3585 2065 2119 2129 2445 2099 10020 15021
internal_value=-0.00140529 -0.000596982 -0.00136244 0.000163787 -0.000323495 -0.00179724 0.000431179 -0.000197022 -0.00202314 -0.000560433 -0.000935499 0.000210657 -0.00152352 0.000126036 0.000468149 0.00162449 -0.000451011 0.00238141 -0.00128547 -0.000850517 -0.000164125 0.000361343 0.00175187 0.000846309 0.00164803 0.000480976 0.000108358 0.00184102 -0.00171349 5.63308e-05
internal_weight=399958 302063 79503 17637 222560 61866 5686 204009 56180 107854 69104 96155 37091 93455 58672 20735 34783 15742 51078 33405 37937 23148 7744 8351 6286 4248 38750 4544 18551 18026
internal_count=399958 302063 79503 17637 222560 61866 5686 204009 56180 107854 69104 96155 37091 93455 58672 20735 34783 15742 51078 33405 37937 23148 7744 8351 6286 4248 38750 4544 18551 18026
cat_boundaries=0 1 2 3
cat_threshold=6 10 2
is_linear=0
shrinkage=0.08


Tree=60
num_leaves=31
num_cat=11
split_feature=45 45 19 5 16 5 23 5 5 22 24 5 5 5 36 21 34 13 34 3 5 12 5 33 5 31 14 19 5 33
split_gain=128.619 12.9325 11.8753 7.13857 5.33524 6.92282 5.08444 4.63246 3.67271 3.51302 3.96697 3.4705 3.22296 3.18699 4.29001 3.04914 2.90016 2.83126 2.71343 3.56677 3.6245 2.34803 2.26767 2.20101 3.17029 2.98858 2.19161 2.14603 1.96005 2.95958
threshold=15.315701484680178 25.217026710510257 1.5720022320747378 0 1.1205481886863711 1 19.973983764648441 2 3 2.1643638610839848 28.638458251953129 4 5 6 12.787342071533205 0.59895154833793651 -4.2662048339843741 0.29611368477344518 4.9243164062500009 514.84716796875011 7 1.6091415882110598 8 13.19712018966675 9 85.065193176269545 1.8705018162727358 0.68040671944618236 10 26.767680168151859
decision_type=2 2 2 9 8 9 2 9 9 2 2 9 9 9 2 2 2 2 2 2 9 2 9 2 9 2 2 2 9 2
left_child=-1 2 7 -4 8 -6 -5 18 17 10 12 -12 -10 14 -11 -14 -16 -3 19 20 -2 -9 -18 24 -7 -26 -21 -25 -29 -30
right_child=1 4 3 6 5 23 -8 21 9 13 11 -13 15 -15 16 -17 22 -19 -20 26 -22 -23 -24 27 25 -27 -28 28 29 -31
leaf_value=-0.31926408273981705 0.024377730729624743 -0.0091869137071768723 -0.013773122979876651 0.059233029830630363 0.011998048979679349 -0.0026719509991581427 0.0080873137608050358 -0.041955094365357867 -0.0078273925299400266 0.0077074153053608213 0.0019275088779897752 -0.0023674352124577048 -0.0033981802479397878 -0.0013992755819637475 -0.0038819929601544246 0.0038154734603590207 0.0016271622792530681 -0.003534447217315041 -0.061514380268475256 -0.023638702658978352 -0.005335146986389489 -0.0081573470230098827 0.0059687877534931166 -0.011581307065738051 0.021700583936003576 0.006028299013483656 0.0064464317212232962 0.0069410688990156856 -0.0035488815429485505 0.017362191202723653
leaf_weight=95096 2077 8443 5862 2025 2896 5517 2870 28220 19868 2060 17405 18680 16681 26939 6563 4118 9491 31141 4543 7283 4321 3520 4602 3826 2999 5508 2167 11934 39482 3985
leaf_count=95096 2077 8443 5862 2025 2896 5517 2870 28220 19868 2060 17405 18680 16681 26939 6563 4118 9491 31141 4543 7283 4321 3520 4602 3826 2999 5508 2167 11934 39482 3985
internal_value=-0.00135018 -0.000549261 -0.00157131 0.000848146 -0.000283761 0.00027065 0.00309664 -0.00207062 -0.000538094 -0.000327368 -0.000666581 -5.59644e-05 -0.00120825 0.000196918 0.00089444 -0.00051088 0.000546597 -0.00121038 -0.00112704 -0.000632615 0.000825218 -0.00267506 0.00119322 0.000118409 0.00101924 0.00198569 -0.00161945 -9.50091e-05 3.16895e-05 -0.000217721
internal_weight=400122 305026 62888 10757 242138 76147 4895 52131 165991 126407 76752 36085 40667 49655 22716 20799 20656 39584 20391 15848 6398 31740 14093 73251 14024 8507 9450 59227 55401 43467
internal_count=400122 305026 62888 10757 242138 76147 4895 52131 165991 126407 76752 36085 40667 49655 22716 20799 20656 39584 20391 15848 6398 31740 14093 73251 14024 8507 9450 59227 55401 43467
cat_boundaries=0 32 61 93 125 147 163 185 201 208 237 263
cat_threshold=0 0 0 0 0 0 0 0 0 0 0 0 786432 0 0 31457280 0 0 503316480 0 0 2147483648 51 0 0 13 0 0 32 0 0 512 982 0 0 12288 0 0 245760 0 0 1048576 0 0 4259840 0 0 268435456 0 0 0 0 0 0 32 0 0 0 0 0 16 8 0 0 128 0 0 19456 0 0 1818624 0 0 8126464 0 0 176160768 0 0 436207616 2 0 0 16 0 0 9 0 0 8512 0 0 71680 536 0 0 4096 0 0 0 0 0 126976 0 0 35848192 0 0 998244352 0 0 2785017856 1 0 2684354560 1 0 0 5 0 0 0 0 0 256 0 0 0 2416 0 0 113408 0 0 1441792 0 0 17825792 0 0 4194304 0 0 1358954496 2 0 1342177280 132 0 0 3952 0 0 47104 0 0 393216 0 0 20971520 0 0 5242880 391 0 0 3120 0 0 16640 0 0 655360 0 0 12582912 0 0 1048576 0 0 419430400 2 0 268435456 8 0 0 128 0 0 18432 0 0 229376 0 0 2097152 0 0 41943040 385 0 0 3088 0 0 16640 1 0 0 2112 0 0 0 0 0 2236416 0 0 51249152 0 0 568328192 0 0 687865856 0 0 1073741824 0 0 0 3 0 0 32 8 0 0 0 0 0 0 0 0 2097152 0 0 52559872 0 0 544210944 0 0 2684354560 2 0 0 0 0 0 1
is_linear=0
shrinkage=0.08


Tree=61
num_leaves=31
num_cat=5
split_feature=45 45 21 15 45 9 14 36 15 13 28 44 38 22 32 24 6 40 37 29 28 22 6 6 18 32 31 6 21 3
split_gain=129.399 12.4852 10.5348 5.47635 6.162 4.03635 3.96288 3.55017 2.94337 2.79435 2.63437 2.62611 2.96033 2.59283 4.40749 2.90044 3.44935 2.52183 4.33833 2.90002 2.51368 3.31539 2.4465 2.23375 2.79103 2.20653 3.69508 2.17021 2.62318 2.32518
threshold=13.963983535766603 23.29136943817139 1.4480326771736147 0.96496483683586132 26.599131584167484 0 3.4786094427108769 1.7895699143409731 0.32413765788078314 1.1375398039817812 1005.7246704101564 26.348183631896976 -0.15771102905273435 2.4790763854980473 495.69873046875006 30.308334350585941 1 1.7108259201049807 1.1127433776855471 0.51348495483398449 1005.6015625000001 2.4790763854980473 2 3 0.49881038069725042 543.97961425781261 85.267482757568374 4 0.65102496743202221 531.11642456054699
decision_type=2 2 2 8 2 1 2 2 10 2 2 2 2 2 2 2 1 2 2 2 2 2 1 1 2 2 2 1 2 2
left_child=-1 2 9 4 27 10 7 -4 -6 -2 -5 -10 20 14 15 16 -14 18 22 -20 -13 23 -7 24 -22 -15 -27 -3 -29 -30
right_child=1 3 6 5 8 17 -8 -9 11 -11 -12 12 13 25 -16 -17 -18 -19 19 -21 21 -23 -24 -25 -26 26 -28 28 29 -31
leaf_value=-0.39767637056350935 -0.053359249632444747 0.00094404501076021164 -0.020443931896636455 0.035186562135835424 -0.0049603228803460553 0.0083888606019259133 0.03524198039881158 0.019084713156781858 0.0069042916944457846 -0.017639695552991927 0.0049380914895305657 -0.0081937696956701517 0.0080204152329629071 -0.0031772133853266013 -0.0016524656994433907 -0.0044346167379467 0.0018949069990346133 -0.0036613294351095027 0.031421627765942962 0.0053469409014255745 0.0050373777800497444 0.00090263409043222489 -0.00098087063583955549 -0.01108578889444861 -0.0061954965772132156 0.001308214436575784 0.0076699827666032415 -0.018177658936245848 -0.00019079175530789278 -0.022171072263068862
leaf_weight=92039 22162 3182 8776 2042 10013 9809 2005 3489 2113 7502 3533 11518 2935 4754 49918 3937 5630 44257 2098 2632 2210 18122 31771 7346 5452 12573 3666 14672 6389 3600
leaf_count=92039 22162 3182 8776 2042 10013 9809 2005 3489 2113 7502 3533 11518 2935 4754 49918 3937 5630 44257 2098 2632 2210 18122 31771 7346 5452 12573 3666 14672 6389 3600
internal_value=-0.00132674 -0.000540395 -0.00178901 -0.000332681 -0.000608189 0.000148847 -2.80207e-06 -0.000542567 -0.00039222 -0.00264798 0.00223414 -0.000290482 -0.00033672 -5.52855e-05 -0.000313953 0.00102877 0.00185423 2.00019e-05 0.000432642 0.00272574 -0.000862377 -0.000508148 0.000171194 -0.00138714 -0.000428014 0.000713611 0.00115724 -0.00169504 -0.00194822 -0.000947696
internal_weight=400145 308106 43934 264172 168030 96142 14270 12265 140187 29664 5575 130174 128061 83413 62420 12502 8565 90567 46310 4730 44648 33130 41580 15008 7662 20993 16239 27843 24661 9989
internal_count=400145 308106 43934 264172 168030 96142 14270 12265 140187 29664 5575 130174 128061 83413 62420 12502 8565 90567 46310 4730 44648 33130 41580 15008 7662 20993 16239 27843 24661 9989
cat_boundaries=0 1 2 3 4 5
cat_threshold=8 9 2 10 2
is_linear=0
shrinkage=0.08


Tree=62
num_leaves=31
num_cat=3
split_feature=45 45 20 38 7 14 45 14 45 6 44 7 38 44 38 34 3 44 38 16 39 40 45 14 6 43 12 37 9 16
split_gain=130.126 11.347 9.38267 7.92618 5.79116 4.45801 3.35209 3.76509 3.14488 4.15872 2.94396 2.85614 4.29647 2.67188 2.57965 2.15541 4.26921 2.06664 2.34629 3.2311 2.05773 2.02136 2.43284 2.09123 1.88811 3.05466 1.85868 1.82042 1.79617 3.18608
threshold=13.963983535766603 25.960359573364261 1.9272703528404238 1.2244615554809573 1.5000000000000002 0.53162312507629406 23.630142211914066 2.9350360631942753 27.207074165344242 0 25.226552963256839 1.5000000000000002 -0.10150623321533202 26.348183631896976 -0.10150623321533202 0.66030883789062511 267.91935729980474 27.280289649963382 0.091293334960937514 0.42298468947410589 0.27321416139602667 1.0843744277954104 32.244066238403327 1.4100317955017092 1 27.307347297668461 0.25250928103923803 0.13217926025390628 2 1.5723591446876528
decision_type=2 2 2 2 2 2 2 2 2 1 2 2 2 2 2 2 2 2 2 10 2 2 2 2 1 2 2 2 1 8
left_child=-1 2 4 -4 -2 8 7 -6 9 14 28 12 -7 15 -3 16 -13 -10 26 20 -20 23 -23 24 25 -15 -19 -14 29 -8
right_child=1 5 3 -5 6 11 10 -9 17 -11 -12 13 27 21 -16 -17 -18 18 19 -21 -22 22 -24 -25 -26 -27 -28 -29 -30 -31
leaf_value=-0.36501087282487626 -0.028690514778726733 0.0045091657426132399 0.038887181718076598 -0.024183315963957012 -0.030597530991702638 -0.0077921273066843431 0.021076949326717519 0.0073041118521987103 0.0025470717893470614 -0.01356561906752592 -0.01029830986812694 0.017196858757238184 -0.0018418710475828807 0.0070581371859347146 -0.0094592069291164847 -0.00057944495423212759 0.0016157761220932283 -0.0098389424146874873 0.0009349615956735619 -0.00231632899065492 0.0052399127501499485 -0.0037754259295444854 0.012060847555077117 0.011263332689269772 -0.00028497489018833061 0.0012086762775648287 -0.0032151736374661645 0.0025143266790158924 -0.0018112152595166613 -0.0063882048323965022
leaf_weight=92258 26652 3133 3680 2825 22461 20309 2897 3756 5244 10987 8491 3217 17197 2486 2043 3319 2917 4637 6051 14002 2277 38944 6229 6962 35810 11936 11945 18339 6948 2000
leaf_count=92258 26652 3133 3680 2825 22461 20309 2897 3756 5244 10987 8491 3217 17197 2486 2043 3319 2917 4637 6051 14002 2277 38944 6229 6962 35810 11936 11945 18339 6948 2000
internal_value=-0.00130985 -0.000519643 -0.0013412 0.00156869 -0.00159995 -0.000232358 -0.00106119 -0.0016589 -0.000822093 -0.00177654 -0.000290181 -2.0159e-05 -0.000487334 0.00021318 9.54571e-05 0.00149931 0.00238672 -0.000472401 -0.000673348 -0.00013787 0.00110914 9.4278e-05 -0.000305691 0.00041018 0.000229926 0.00100208 -0.00139393 4.32107e-05 0.000524672 0.00169453
internal_weight=399952 307694 79710 6505 73205 227984 46553 26217 60319 16163 20336 167665 55845 111820 5176 9453 6134 44156 38912 22330 8328 102367 45173 57194 50232 14422 16582 35536 11845 4897
internal_count=399952 307694 79710 6505 73205 227984 46553 26217 60319 16163 20336 167665 55845 111820 5176 9453 6134 44156 38912 22330 8328 102367 45173 57194 50232 14422 16582 35536 11845 4897
cat_boundaries=0 1 2 3
cat_threshold=10 2 24
is_linear=0
shrinkage=0.08


Tree=63
num_leaves=31
num_cat=15
split_feature=45 45 11 33 5 5 25 5 5 23 5 33 5 33 9 5 5 6 5 43 45 5 5 34 25 5 5 26 10 21
split_gain=129.74 11.5866 9.90291 7.40397 6.58715 6.00424 3.83503 6.18784 4.07351 3.36795 3.44579 3.05127 3.04404 2.90516 2.83699 2.84325 2.69766 2.64787 3.19449 2.85196 2.62266 3.49305 2.57915 2.4518 2.45011 3.01972 2.4404 2.74504 2.18005 2.17007
threshold=13.209395408630373 24.999158859252933 0.83839035034179699 22.439231872558597 0 1 3.728741049766541 2 3 29.354351043701175 4 16.12780857086182 5 9.1937279701232928 6 7 8 9 10 26.149421691894535 28.05482387542725 11 12 -3.7008972167968746 2.68140721321106 13 14 8.4448843002319354 0.64774170517921459 0.92511701583862316
decision_type=2 2 2 2 9 9 2 9 9 2 9 2 9 2 1 9 9 1 9 2 2 9 9 2 2 9 9 2 2 2
left_child=-1 2 12 5 -5 -4 7 17 23 14 -11 16 29 -7 26 -16 -9 19 -19 -3 21 -13 -22 -8 25 -21 27 -10 -27 -2
right_child=1 6 3 4 -6 13 8 11 9 10 -12 20 -14 -15 15 -17 -18 18 -20 24 22 -23 -24 -25 -26 28 -28 -29 -30 -31
leaf_value=-0.38836062654887554 -0.029059339997090903 0.020488488320109525 0.01140520760622135 0.049248056509098144 -0.0059461877371210763 0.0075291776088743162 -0.010209947417113565 -0.0035622935540235842 0.00078318733806855445 0.0080841928564529993 0.00060646772999939922 -0.0012223335998959668 -0.037834012796461078 -0.025762742969735415 0.0027661340689978465 -0.0015958643972301912 0.006150873223514544 0.0057428433088226819 -0.0062207222345683089 0.011147757726858432 -0.0048709615630595964 -0.011415273814210687 0.0026661817050009353 -0.0024310258102048067 0.00072352121847872044 0.0074432940383079372 -0.0048204072606897316 -0.0066319989904099728 0.00071101915235997697 0.010306157509661573
leaf_weight=90656 2223 2022 5688 2445 2487 2094 15179 8184 17359 2549 4826 13580 25438 21940 14414 16997 16549 6154 7698 2915 14313 15352 20500 21337 9064 3321 23685 3987 5121 2086
leaf_count=90656 2223 2022 5688 2445 2487 2094 15179 8184 17359 2549 4826 13580 25438 21940 14414 16997 16549 6154 7698 2915 14313 15352 20500 21337 9064 3321 23685 3987 5121 2086
internal_value=-0.00129047 -0.000510823 -0.00146565 -0.000546274 0.00232133 -0.00102274 -0.000259894 5.08714e-05 -0.000582104 -0.000274677 0.0013568 -0.000309974 -0.00253614 -0.00157546 -0.000432272 0.000151315 0.000444084 0.000930193 5.9976e-05 0.00146677 -0.00060262 -0.00116537 -0.000134739 -0.00128706 0.00118232 0.00196463 -0.000839139 -0.000218292 0.00119026 -0.000562718
internal_weight=400163 309507 64401 34654 4932 29722 245106 124773 120333 83817 7375 88478 29747 24034 76442 31411 24733 36295 13852 22443 63745 28932 34813 36516 20421 11357 45031 21346 8442 4309
internal_count=400163 309507 64401 34654 4932 29722 245106 124773 120333 83817 7375 88478 29747 24034 76442 31411 24733 36295 13852 22443 63745 28932 34813 36516 20421 11357 45031 21346 8442 4309
cat_boundaries=0 32 64 96 128 150 182 183 205 234 235 267 296 318 337 363
cat_threshold=0 0 0 0 0 0 0 0 0 0 0 0 0 0 0 70254592 0 0 117440512 0 0 805306368 0 0 0 2 0 0 8560 0 0 72192 0 0 0 0 0 0 2048 0 0 753664 0 0 7602176 0 0 33554432 0 0 1610612736 0 0 0 0 0 0 0 0 0 8512 0 0 12544 7 0 0 9760 0 0 232192 0 0 1114112 0 0 29556736 0 0 7340032 0 0 1090519040 2 0 0 34 0 0 0 0 0 16 0 0 12288 24 0 0 0 0 0 230400 0 0 3485696 0 0 53346304 0 0 837812224 0 0 83886080 0 0 268435456 1 0 0 5 0 0 0 0 0 256 38 0 0 816 0 0 768 0 0 131072 0 0 4194304 0 0 201326592 0 0 1073741824 0 0 1073741824 0 0 0 128 0 0 2048 0 0 327680 0 0 3145728 0 0 234881024 0 0 536870912 0 0 0 0 0 0 0 0 0 4160 0 0 256 32 998 0 0 9216 0 0 2048 0 0 180224 0 0 5242880 0 0 33554432 0 0 2818572288 0 0 2147483648 224 0 0 2304 0 0 17408 0 0 2289664 0 0 34078720 0 0 545259520 0 0 536870912 0 0 0 1 0 0 1 0 0 32 10 7 0 0 8224 0 0 0 0 0 0 0 0 20971520 0 0 5242880 0 0 16777216 2 0 0 34 0 0 0 0 0 16 0 0 12288 352 0 0 144 0 0 1024 0 0 2670592 0 0 1572864 0 0 1031798784 0 0 939524096 0 0 0 0 0 0 1 0 0 32 1008 0 0 16 0 0 1024 0 0 659456 0 0 1572864 0 0 469762048 0 0 2550136832 0 0 3489660928 0 0 0 1536 0 0 99072 0 0 0 0 0 4390912 0 0 0 0 0 16777216 5 0 0 4304 0 0 29440 0 0 524288 0 0 1114112 0 0 0 0 0 838860800 0 0 0 0 0 0 2
is_linear=0
shrinkage=0.08


Tree=64
num_leaves=31
num_cat=13
split_feature=45 45 20 5 28 7 44 5 5 38 5 44 5 5 14 5 45 5 28 5 27 28 5 5 9 38 0 12 5 35
split_gain=131.637 10.909 12.0072 7.08728 7.05826 5.09952 4.75681 3.87138 3.85198 3.6379 4.12761 3.35512 3.36742 3.29983 3.23433 2.98939 2.84725 2.74218 2.63073 4.53252 3.41315 3.02042 6.30507 4.87107 2.81231 2.66084 4.76147 2.38429 2.40047 2.25324
threshold=12.355759620666506 23.29136943817139 1.5916151404380801 0 1011.1434326171876 1.5000000000000002 27.01993560791016 1 2 0.27368450164794927 3 26.348183631896976 4 5 0.53162312507629406 6 27.020914077758793 7 1010.2690429687501 8 1013.7031860351564 1005.7246704101564 9 10 11 1.0697524547576907 19.750000000000004 1.3498589992523196 12 3.2753944396972661
decision_type=2 2 2 9 2 2 2 9 9 2 9 2 9 9 2 9 2 9 2 9 2 2 9 9 1 2 2 2 9 2
left_child=-1 2 15 -4 -5 6 8 11 -3 10 29 12 -7 -11 16 -2 -9 -18 21 20 -20 23 25 -16 -25 26 -23 -17 -29 -8
right_child=1 5 3 4 -6 7 9 14 -10 13 -12 -13 -14 -15 18 27 17 -19 19 -21 -22 22 -24 24 -26 -27 -28 28 -30 -31
leaf_value=-0.40405127041532141 -0.0054133957218364141 -0.001794485606305321 -0.012440482549818386 0.0032756188651013062 0.055101321343250652 0.022431707203263051 -0.0033745199136252378 -0.012253856487881593 -0.015113417285404357 -0.0025782912020832689 -0.0071434805085470602 0.0009117631322348677 0.0060184262292551994 0.0027504189206964264 -0.009720027561445797 -0.049128172846196548 0.0041344196078299976 -0.0027726875088531812 -0.0012776341562066415 -0.013923921893218155 0.012790293365454659 0.0036918635668069981 0.0005072783012728398 0.0056664810951359817 -4.3735640792572772e-05 0.002025688215918886 0.022362534809619361 0.010081526426895972 -0.032506295381285286 0.003901041499761059
leaf_weight=88979 3803 9401 7161 2935 2049 2061 5352 5772 18876 10625 17735 44486 8601 20314 12320 24776 2737 20495 5995 9643 2049 3498 32106 2480 19279 2370 2131 2028 4290 5664
leaf_count=88979 3803 9401 7161 2935 2049 2061 5352 5772 18876 10625 17735 44486 8601 20314 12320 24776 2737 20495 5995 9643 2049 3498 32106 2480 19279 2370 2131 2028 4290 5664
internal_value=-0.00125585 -0.000479576 -0.0016018 0.000564376 0.0028745 -0.000279546 -0.000776886 -3.09724e-05 -0.00163142 -0.00037186 -0.00101958 0.000524361 0.00179835 0.000230184 -0.00028438 -0.00235563 -0.00102075 -0.000625076 -5.18506e-05 -0.000928294 0.000474205 0.000157209 0.000627694 -0.000396492 0.00032343 0.00263424 0.0035829 -0.00261413 -0.00122503 0.000197172
internal_weight=400011 311032 47042 12145 4984 263990 87967 176023 28277 59690 28751 55148 10662 30939 120875 34897 29004 23232 91871 17687 8044 74184 40105 34079 21759 7999 5629 31094 6318 11016
internal_count=400011 311032 47042 12145 4984 263990 87967 176023 28277 59690 28751 55148 10662 30939 120875 34897 29004 23232 91871 17687 8044 74184 40105 34079 21759 7999 5629 31094 6318 11016
cat_boundaries=0 32 64 96 122 154 186 215 228 250 276 308 309 338
cat_threshold=0 0 0 0 0 0 0 0 0 0 0 0 0 0 0 618659840 0 0 503316480 0 0 3221225472 51 0 0 13 0 0 32 0 0 2048 7 0 0 48 0 0 18688 0 0 1146880 0 0 7340032 0 0 76546048 0 0 3774873600 3 0 536870912 34 0 0 1 0 0 48 0 0 14336 551 0 0 3600 0 0 512 0 0 622592 0 0 3145728 0 0 801112064 0 0 1375731712 3 0 268435456 0 0 0 8 0 0 48 0 0 4096 965 0 0 12352 0 0 18944 0 0 524288 0 0 7864320 0 0 478150656 0 0 1006632960 2 0 3489660928 1 0 0 4 3 0 0 16 0 0 0 0 0 65536 0 0 0 0 0 67108864 0 0 1610612736 0 0 0 32 0 0 0 0 0 0 0 0 12288 477 0 0 5360 0 0 11776 0 0 544768 0 0 33554432 0 0 83886080 0 0 67108864 1 0 268435456 0 0 0 4 0 0 48 0 0 4096 8 0 0 0 0 0 2048 0 0 221184 0 0 7733248 0 0 0 0 0 33554432 0 0 0 16 0 0 8 0 0 12288 0 0 0 256 0 0 4096 0 0 266240 0 0 16777216 960 0 0 15872 0 0 197120 0 0 2650112 0 0 34078720 0 0 136314880 0 0 301989888 0 0 2415919104 32 0 0 0 0 0 8704 0 0 270336 0 0 25362432 0 0 543162368 0 0 0 0 0 0 0 0 0 2 320 0 0 6208 0 0 196608 0 0 2387968 0 0 25559040 0 0 543162368 0 0 0 0 0 2147483648 0 0 0 10 0 0 0 0 0 256 9 0 0 0 0 0 0 0 0 0 0 0 0 16777216 0 0 8388608 0 0 218103808 0 0 805306368 35 0 0 5 0 0 256
is_linear=0
shrinkage=0.08


Tree=65
num_leaves=31
num_cat=2
split_feature=45 45 19 33 33 6 45 1 41 30 19 32 12 35 30 1 13 38 10 38 32 6 30 1 30 10 34 33 37 19
split_gain=129.922 10.4888 11.7491 6.78878 4.18908 5.20651 5.51439 4.10517 5.63569 5.58966 3.61839 3.5716 3.89233 3.47699 3.42167 4.08706 3.18919 2.31865 2.92686 2.16896 2.52586 2.94962 2.12586 3.18548 2.0989 15.0336 4.06685 2.19284 2.07979 2.072
threshold=12.355759620666506 23.29136943817139 1.5317373275756838 22.377023696899418 14.660160064697267 0 27.149129867553714 77.750000000000014 27.847079277038578 71.437500000000014 0.59354323148727428 760.16278076171886 0.53813919425010692 12.131214141845705 477.43750000000006 75.750000000000014 1.0992168784141543 0.5614910125732423 1.2626364231109621 -0.62532901763916005 313.78219604492193 1 21.406250000000004 75.750000000000014 14.687500000000002 0.70843207836151134 1.3176574707031252 20.441663742065433 -1.0281257629394529 1.8575242757797243
decision_type=2 2 2 2 2 1 2 2 2 2 2 2 2 2 2 2 2 2 2 2 2 1 2 2 2 2 2 2 2 2
left_child=-1 2 16 17 7 24 10 9 11 -3 14 12 -9 -13 -7 -16 -2 18 -4 -14 -21 -22 23 -12 25 -6 27 -26 -8 -27
right_child=1 4 3 -5 5 6 28 8 -10 -11 22 13 19 -15 15 -17 -18 -19 -20 20 21 -23 -24 -25 26 29 -28 -29 -30 -31
leaf_value=-0.37081697127920238 -0.043401214165105069 0.014082032969324457 0.027267516852733063 0.052826062759395304 0.017521435239188924 -0.013382882640120764 0.009222441028020353 -0.0011005560043956665 -0.0014840008710218532 -0.0072628513958209167 -0.013147891424507934 0.0040205538701959158 0.013475656493407279 0.012234765169090934 0.0047717862926414121 -0.011439533112441502 -0.016850652246872291 -0.036550044281187029 -0.010849045518220324 -0.0067341675325751429 0.00026883097260050351 0.013351716848606577 -0.0088279638318168648 0.0060483425864355537 0.0035091174468681332 -0.0062408292201262955 -0.0098155690001217617 -0.00059007474123760515 -0.0014085042821320199 0.01523285345501336
leaf_weight=88773 24433 2023 2045 2574 2202 19426 3440 7903 19315 14161 4893 2238 4705 2216 2505 3294 11724 3003 3247 2808 2272 2727 12170 7658 10806 8084 4557 38328 83288 3054
leaf_count=88773 24433 2023 2045 2574 2202 19426 3440 7903 19315 14161 4893 2238 4705 2216 2505 3294 11724 3003 3247 2808 2272 2727 12170 7658 10806 8084 4557 38328 83288 3054
internal_value=-0.00124349 -0.000473134 -0.00157377 0.000732052 -0.000277081 -0.000450532 -0.000733727 0.000308191 0.000707425 -0.000781525 -0.00140332 0.00150344 0.00105459 0.00355376 -0.00207727 -0.000371149 -0.00226693 -0.000382903 0.000624669 0.00193196 0.00111193 0.00218886 -0.000715055 1.56029e-05 0.000127007 0.00102472 -9.6163e-05 0.000116066 -0.000348084 -0.000171512
internal_weight=399872 311099 47026 10869 264073 203705 136674 60368 44184 16184 49946 24869 20415 4454 25225 5799 36157 8295 5292 12512 7807 4999 24721 12551 67031 13340 53691 49134 86728 11138
internal_count=399872 311099 47026 10869 264073 203705 136674 60368 44184 16184 49946 24869 20415 4454 25225 5799 36157 8295 5292 12512 7807 4999 24721 12551 67031 13340 53691 49134 86728 11138
cat_boundaries=0 1 2
cat_threshold=2 4
is_linear=0
shrinkage=0.08


Tree=66
num_leaves=31
num_cat=15
split_feature=44 27 5 33 5 5 37 5 41 37 5 5 9 5 26 29 35 5 7 13 35 5 18 5 43 5 5 34 5 5
split_gain=131.375 7.99457 11.7135 5.41188 8.709 5.06116 4.86743 4.34646 5.0556 4.03174 3.77341 3.59634 3.27998 5.52242 3.74142 3.23127 2.79691 2.35649 2.36939 1.97617 2.0494 2.54252 1.83209 1.80069 4.03366 3.02862 1.69939 1.58655 4.25773 4.15827
threshold=13.134623527526857 1011.7232360839845 0 22.569024085998539 1 2 0.37616348266601568 3 26.947054862976078 0.24380874633789065 4 5 6 7 7.8383712768554696 0.0065956115722656259 1.0647773742675783 8 1.5000000000000002 0.975468009710312 0.015735626220703128 9 0.60555502772331249 10 27.20627593994141 11 12 -4.4276428222656241 13 14
decision_type=2 2 9 2 9 9 2 9 2 2 9 9 1 9 2 2 2 9 2 2 2 9 2 9 2 9 9 2 9 9
left_child=-1 7 6 5 -5 9 16 12 10 -4 -9 -8 13 -2 23 -10 17 -3 -19 -12 -21 -22 -15 24 25 -14 -20 29 -29 -17
right_child=1 2 3 4 -6 -7 11 8 15 -11 19 -13 14 22 -16 27 -18 18 26 20 21 -23 -24 -25 -26 -27 -28 28 -30 -31
leaf_value=-0.29778949751150552 0.020923838761657421 -0.016653147639184625 -0.014113377028649978 0.021619242072039892 -0.0083035775024723202 -0.024682813633369546 0.015977690377064206 -0.014051578082893583 0.0088602598494189506 0.0016962530077131103 -0.007094981195663817 0.0031714083433807732 0.01328737917218166 0.003609020486421379 -0.0049450854752306371 -0.0092708075703399322 0.0066363552450845898 -0.0093427922902864485 0.012301039914147752 -0.023193944030278812 -0.0061373652590406063 0.013501701338514076 -0.0048851882072739987 8.00049502872899e-05 0.00061670776651762951 0.0077909769403185034 -0.00023686669387107604 0.0027299796497482539 -0.0014681186201620194 -0.00069559670149574196
leaf_weight=90664 2428 3290 14600 2693 6660 29398 2122 10798 3761 9125 17261 3073 2651 3888 6732 10528 2005 2868 2233 2249 3742 3794 2849 41075 14051 2460 3800 22334 53173 24113
leaf_count=90664 2428 3290 14600 2693 6660 29398 2122 10798 3761 9125 17261 3073 2651 3888 6732 10528 2005 2868 2233 2249 3742 3794 2849 41075 14051 2460 3800 22334 53173 24113
internal_value=-0.00120749 -0.000423472 -0.00110151 -0.00163441 0.000139698 -0.00194704 0.000615938 -0.000179854 -0.000427297 -0.0010756 -0.0012283 0.00270893 0.000313364 0.00173108 0.000118884 -0.000161133 -0.000150923 -0.000606836 7.12915e-05 -0.000722088 0.000185808 0.000818446 0.000546395 0.000318886 0.000958815 0.00288147 0.00097104 -0.000239947 -3.42714e-05 -0.00068812
internal_weight=400418 309754 81867 62476 9353 53123 19391 227887 151753 23725 37844 5195 76134 9165 66969 113909 14196 12191 8901 27046 9785 7536 6737 60237 19162 5111 6033 110148 75507 34641
internal_count=400418 309754 81867 62476 9353 53123 19391 227887 151753 23725 37844 5195 76134 9165 66969 113909 14196 12191 8901 27046 9785 7536 6737 60237 19162 5111 6033 110148 75507 34641
cat_boundaries=0 32 61 93 125 157 189 190 216 232 264 296 316 348 368 400
cat_threshold=418 0 0 15920 0 0 150272 0 0 2686976 0 0 3145728 0 0 167772160 0 0 536870912 0 0 0 0 0 0 0 0 0 8512 0 0 15104 4 0 0 0 0 0 0 0 0 274432 0 0 524288 0 0 1048576 0 0 117440512 0 0 805306368 0 0 0 2 0 0 32 585 0 0 192 0 0 99328 0 0 1105920 0 0 4980736 0 0 629145600 0 0 3674210304 2 0 0 0 0 0 0 0 0 0 0 0 65536 7 0 0 0 0 0 45056 0 0 688128 0 0 7405568 0 0 133169152 0 0 1795162112 2 0 0 0 0 0 1 0 0 12352 0 0 66048 616 0 0 7952 0 0 16896 0 0 3420160 0 0 33554432 0 0 134217728 0 0 0 0 0 1879048192 8 0 0 538 0 0 384 0 0 2304 32 0 0 13312 0 0 131072 0 0 589824 0 0 2097152 0 0 134217728 0 0 0 0 0 0 0 0 0 0 0 0 320 0 0 12544 9 0 0 0 0 0 0 0 0 0 163840 0 0 7340032 0 0 73400320 0 0 134217728 0 0 0 0 0 0 1 128 0 0 15872 0 0 0 0 0 2621440 0 0 0 0 0 134217728 0 0 0 0 0 0 1024 0 0 16384 0 0 131072 0 0 536870912 0 0 2147483648 1 0 2147483648 33 0 0 0 0 0 32 0 0 4096 3 0 0 0 0 0 12288 0 0 524288 0 0 4259840 0 0 1048576 0 0 0 2 0 0 0 0 0 1 0 0 4160 0 0 66048 3 0 0 0 0 0 12288 0 0 0 0 0 65536 0 0 1048576 0 0 0 2 34 0 0 16 0 0 2560 0 0 65536 0 0 0 0 0 0 0 0 0 0 0 0 0 0 0 0 0 0 8448 0 0 14592 0 0 0 320 0 0 85760 0 0 1331200 0 0 58982400 0 0 939524096 0 0 0 1 64 0 0 14448 0 0 198400 0 0 3420160 0 0 25559040 0 0 268435456 0 0 0 0 0 0 0 0 0 0 0 0 0 0 0 4352
is_linear=0
shrinkage=0.08


Tree=67
num_leaves=31
num_cat=13
split_feature=24 7 23 19 38 41 6 5 28 38 5 34 5 5 24 5 5 34 5 5 9 29 32 5 5 38 35 5 14 28
split_gain=129.591 7.7344 8.95694 5.29278 7.24898 5.59365 4.94283 5.19084 4.06468 3.64326 4.56575 3.41493 7.49218 3.8778 4.65805 6.30915 3.03122 2.9992 5.13924 3.77856 2.65118 5.41074 2.63368 2.38134 2.30496 2.04167 1.90909 1.85091 1.83752 2.55485
threshold=16.775390625000004 1.5000000000000002 25.984733581542972 2.1184194087982182 0.93822860717773449 22.790029525756839 0 1 1010.8690795898439 -0.057206153869628899 2 1.3748474121093752 3 4 26.700958251953129 5 6 -4.0555419921874991 7 8 9 0.95978927612304699 876.70989990234386 10 11 0.20561218261718753 2.7327537536621098 12 1.7275752425193789 1001.3378295898439
decision_type=2 2 2 2 2 2 1 9 2 2 9 2 9 9 2 9 9 2 9 9 1 2 2 9 9 2 2 9 2 2
left_child=-1 2 23 5 -5 6 -3 8 -8 10 -4 13 -13 -7 15 -15 -11 18 -16 -19 21 24 -21 -2 -20 -9 -12 -14 -22 -30
right_child=1 3 9 4 -6 11 7 25 -10 16 26 12 27 14 17 -17 -18 19 20 22 28 -23 -24 -25 -26 -27 -28 -29 29 -31
leaf_value=-0.31398644984634017 -0.011762114705037421 -0.052953340521264443 -0.011680587941451898 0.06123081516280305 -0.0042247482980807358 -0.0016855914362624649 -0.0044925044837789505 -0.0049120891102962397 0.035389600256030301 0.0041037226168832959 -0.0064753598694899097 0.0048567336570897674 -0.005455075543347866 0.022436364405084105 -0.012099999908348685 0.002091442138732386 -0.0013801698996108486 0.0093129747990642799 0.013101714750773832 0.0015857918904223348 -0.0035877826675964676 0.015083755521235953 -0.0052786420189021126 -0.029431580259186768 -0.0088902635117305041 -0.043474156924945037 0.0015133386049561587 -0.020673264131364361 -0.0032615129289890409 0.017915038273154608
leaf_weight=88529 10051 7809 12150 2581 3036 56157 2439 5752 2016 10813 6300 8316 11255 2124 6765 3359 34945 8934 2415 36785 17061 2461 4704 18935 2361 5238 10431 7750 5433 2713
leaf_count=88529 10051 7809 12150 2581 3036 56157 2439 5752 2016 10813 6300 8316 11255 2124 6765 3359 34945 8934 2415 36785 17061 2461 4704 18935 2361 5238 10431 7750 5433 2713
internal_value=-0.0012079 -0.000439334 -0.00100372 -0.000157399 0.00226266 -0.000224853 -0.00139168 -0.000559975 0.00173855 -0.000540075 -0.00124343 -7.28553e-05 -0.000895834 7.58309e-05 0.000387028 0.00264846 -9.59632e-05 0.000248454 -0.000276296 0.000656474 0.000142434 0.00148987 0.000334481 -0.00219699 -8.0235e-05 -0.00149319 -0.000384694 -0.00177135 -0.000245294 0.00074252
internal_weight=399618 311089 103625 207464 5617 201847 23254 15445 4455 74639 28881 178593 27321 151272 95115 5483 45758 89632 39209 50423 32444 7237 41489 28986 4776 10990 16731 19005 25207 8146
internal_count=399618 311089 103625 207464 5617 201847 23254 15445 4455 74639 28881 178593 27321 151272 95115 5483 45758 89632 39209 50423 32444 7237 41489 28986 4776 10990 16731 19005 25207 8146
cat_boundaries=0 1 33 59 78 110 136 165 185 205 206 238 267 289
cat_threshold=8 0 0 0 0 0 0 0 0 0 0 0 0 23330816 0 0 243269632 0 0 1879048192 0 0 268435456 16 0 0 16 0 0 8672 0 0 8192 26 0 0 272 0 0 168192 0 0 3633152 0 0 46596096 0 0 275775488 0 0 50331648 0 0 536870912 0 0 0 3 898 0 0 13408 0 0 197376 0 0 3268608 0 0 2883584 0 0 134217728 0 0 50331648 952 0 0 15936 0 0 196608 0 0 2125824 0 0 8650752 0 0 150994944 0 0 0 0 0 3489660928 3 0 0 14 0 0 0 0 0 256 3 0 0 176 0 0 36864 0 0 1015808 0 0 65536 0 0 305135616 0 0 3388997632 3 0 0 16 0 0 1 0 0 0 0 0 0 221184 0 0 3145728 0 0 12582912 0 0 140509184 0 0 4043309056 2 0 2147483648 1 0 0 3 0 0 16 5 0 0 48 0 0 256 0 0 1310720 0 0 16908288 0 0 6291456 0 0 0 2 0 0 0 0 0 0 2048 0 0 262144 0 0 21102592 0 0 609222656 0 0 738197504 2 25 4 0 0 1184 0 0 512 0 0 872448 0 0 3473408 0 0 243269632 0 0 2030043136 2 0 0 0 0 0 8 0 0 12608 0 0 69888 64 0 0 0 0 0 32768 0 0 32768 0 0 3735552 0 0 377487360 0 0 2164260864 0 0 536870912 0 0 0 1 0 0 48 72 0 0 2560 0 0 56320 0 0 659456 0 0 30408704 0 0 321912832 0 0 671088640 1 0 3221225472
is_linear=0
shrinkage=0.08


Tree=68
num_leaves=31
num_cat=12
split_feature=45 45 20 19 5 37 5 3 17 34 5 26 24 5 5 41 22 5 5 5 5 5 22 28 10 5 5 17 11 41
split_gain=130.012 8.04017 13.7763 6.67062 5.00901 3.406 8.05292 3.33192 3.19518 3.60394 5.56969 4.77459 3.28385 6.93005 2.70166 2.82899 4.54352 9.22843 3.7065 2.60332 2.21241 2.10322 1.9297 1.88739 1.82452 1.81775 1.68525 1.62602 1.61036 1.54669
threshold=10.755770206451418 22.935878753662113 2.2816572189331059 0.97652113437652599 0 1.5529937744140627 1 659.45242309570324 0.35253442823886877 1.3176574707031252 2 7.1454904079437265 26.454437255859379 3 4 27.341011047363285 0.0042915344238281259 5 6 7 8 9 4.147052764892579 997.06094360351574 0.24702208489179614 10 11 1.0773832798004153 0.76693779230117809 27.060803413391117
decision_type=2 2 2 2 9 2 9 2 8 2 9 2 2 9 9 2 2 9 9 9 9 9 2 2 2 9 9 10 2 2
left_child=-1 2 3 26 22 7 -7 8 21 12 28 19 13 -10 15 16 17 -14 -18 -12 -6 -3 -5 -17 -25 -8 -2 -9 -11 -16
right_child=1 5 -4 4 20 6 25 27 9 10 11 -13 14 -15 29 23 18 -19 -20 -21 -22 -23 -24 24 -26 -27 -28 -29 -30 -31
leaf_value=-0.37756670681871313 -0.028061407662629063 -0.0059937272058295755 0.06911370401041704 -0.032500422236312956 -0.0057687067688809782 0.032105769312168943 -0.012572008226910274 -0.022376146639059739 -0.0059645927243634567 -0.016406923928742885 0.0044320988991193846 0.0066863966341485235 0.01792447100039465 0.017745193021656024 -0.0040452895575603413 0.020693806476764661 0.0079797517240614776 -0.0031139963352579433 -0.0027725665697410735 -0.0055086626626416977 0.021569210007253096 -0.00014676314207307068 0.0029243780456242453 0.0035394317748992823 -0.0010129845371055347 0.0089621017031825574 -0.056331775529284922 -0.0072381918573307625 -0.0080294839967449093 -0.00059119094761506715
leaf_weight=85776 3907 9685 2049 13223 9568 2101 2471 4770 3064 10370 4557 2553 3080 3087 28537 2080 2633 2351 8033 12128 3748 4686 2099 2167 37051 3349 12496 7169 3365 107850
leaf_count=85776 3907 9685 2049 13223 9568 2101 2471 4770 3064 10370 4557 2553 3080 3087 28537 2080 2633 2351 8033 12128 3748 4686 2099 2167 37051 3349 12496 7169 3365 107850
internal_value=-0.00119539 -0.000441795 -0.00140552 -0.00169772 -0.000960347 -0.000271866 0.00136124 -0.000321821 -0.000258761 -0.000187296 -0.000962072 -8.26679e-05 -5.94779e-05 0.0017588 -0.000117281 0.000343115 0.00124244 0.00312369 0.000282502 -0.000576221 0.000175164 -0.00141604 -0.00194551 -7.55397e-06 -0.000132355 -0.000178083 -0.00298373 -0.00162658 -0.0021912 -0.000311041
internal_weight=400003 314227 47090 45041 28638 267137 7921 259216 247277 232906 32973 19238 199933 6151 193782 57395 16097 5431 10666 16685 13316 14371 15322 41298 39218 5820 16403 11939 13735 136387
internal_count=400003 314227 47090 45041 28638 267137 7921 259216 247277 232906 32973 19238 199933 6151 193782 57395 16097 5431 10666 16685 13316 14371 15322 41298 39218 5820 16403 11939 13735 136387
cat_boundaries=0 32 64 93 116 145 164 183 202 234 250 276 299
cat_threshold=0 0 0 128 0 0 2048 0 0 0 0 0 34078720 0 0 32505856 0 0 402653184 0 0 3758096384 63 0 0 1005 0 0 48 0 0 4608 6 0 0 4256 0 0 71680 0 0 98304 0 0 4325376 0 0 202375168 0 0 1073741824 3 0 268435456 34 0 0 1 0 0 16 0 0 4096 93 0 0 384 0 0 13312 0 0 393216 0 0 54722560 0 0 542113792 0 0 2348810240 1 0 1879048192 1 0 0 7 0 0 32 728 0 0 3904 0 0 90880 0 0 290816 0 0 18743296 0 0 274726912 0 0 2684354560 0 0 1073741824 32 100 0 0 384 0 0 14592 0 0 135168 0 0 5439488 0 0 565182464 0 0 2684354560 0 0 805306368 0 0 0 1 0 0 32 96 0 0 128 0 0 14592 0 0 4096 0 0 196608 0 0 17825792 0 0 536870912 64 0 0 256 0 0 12288 0 0 131072 0 0 4194304 0 0 3145728 0 0 2147483648 162 0 0 8288 0 0 131840 0 0 81920 0 0 786432 0 0 411041792 0 0 553648128 0 0 0 0 0 0 0 0 0 0 0 0 0 0 0 872415232 0 0 3875536896 3 0 0 0 0 0 18 0 0 64 0 0 2048 57 0 0 8592 0 0 1280 0 0 2568192 0 0 2293760 0 0 135266304 272 0 0 64 0 0 1024 0 0 3416064 0 0 50593792 0 0 568328192 0 0 402653184 0 0 2147483648 1 0 0 4 0 0 0 128 0 0 2048 0 0 1269760 0 0 7274496 0 0 8388608 0 0 1358954496 0 0 536870912 1
is_linear=0
shrinkage=0.08


Tree=69
num_leaves=31
num_cat=1
split_feature=23 43 19 33 38 33 43 29 30 1 41 22 41 6 39 30 19 43 41 19 35 33 1 3 1 23 1 10 16 41
split_gain=128.89 6.3337 11.8458 4.68303 4.90898 2.84533 3.06122 2.98672 4.37157 3.771 2.9597 2.94564 2.91645 2.82055 5.24692 4.59278 2.70354 2.89841 2.52266 3.39222 2.42048 2.30043 2.19889 2.18136 2.18019 3.02249 2.17176 2.92315 2.03139 1.98195
threshold=11.544403076171877 23.841281890869144 1.4106529951095583 21.577919960021976 1.0697524547576907 14.584127902984621 28.077894210815433 0.79302215576171886 96.062500000000014 75.750000000000014 27.827211380004886 0.70810317993164074 27.847079277038578 0 0.27030736207962042 62.812500000000007 0.88536071777343761 19.436133384704593 27.100508689880375 0.68846020102500927 1.9097328186035158 24.580415725708011 83.750000000000014 514.84716796875011 75.250000000000014 28.506679534912113 77.750000000000014 1.1866422295570376 1.7030662298202517 27.954804420471195
decision_type=2 2 2 2 2 2 2 2 2 2 2 2 2 1 2 2 2 2 2 2 2 2 2 2 2 2 2 2 10 2
left_child=-1 2 16 26 -5 7 10 11 -9 -10 13 -3 -11 14 15 -7 -2 -18 19 20 -15 -16 -13 28 25 -8 -4 -28 -21 -26
right_child=1 5 3 4 -6 6 24 8 9 12 -12 22 -14 18 21 -17 17 -19 -20 23 -22 -23 -24 -25 29 -27 27 -29 -30 -31
leaf_value=-0.31543367970846875 -0.034952187241449342 -0.003815458720659888 -0.023932700005746505 0.051265271787943503 0.0063605768933789513 0.012099447486369043 0.0056784446103057239 0.013158108358605331 -0.0086541992685941083 0.0035129684283738637 -0.0074807304337663359 0.0034329525254419724 -0.0024871894482593987 -0.01027785752342567 -0.0062616566562137491 0.002539414022486813 -0.032446634101217557 -0.0049972031529227478 -0.00068837773619663577 0.005212935244721279 -0.0015586023712300706 0.010796524553162807 0.01305677142790628 -0.014489108897757608 -0.0050488872183637222 0.00051394638778748543 0.027862184140067657 -0.0066813042163739057 -0.014671747705498669 -0.00028103602914584104
leaf_weight=86994 16990 2467 4642 2137 2514 2017 5478 3256 8706 20479 17022 2537 17837 17319 9169 4569 10907 11951 34922 9691 6450 2045 3042 5944 12170 25882 2207 3641 2035 44712
leaf_count=86994 16990 2467 4642 2137 2514 2017 5478 3256 8706 20479 17022 2537 17837 17319 9169 4569 10907 11951 34922 9691 6450 2045 3042 5944 12170 25882 2207 3641 2035 44712
internal_value=-0.00117028 -0.000412576 -0.00119195 0.000712559 0.00282257 -0.000246262 -0.000390003 0.000245208 1.60665e-05 -0.000180474 -0.000669216 0.00167527 0.000161143 -0.000493614 0.000413018 0.00220376 -0.0019156 -0.00134651 -0.000704941 -0.00112707 -0.00175096 -0.000639345 0.00269171 -0.000287331 -3.81644e-05 0.000497289 -0.000224763 0.000800272 0.000345602 -0.000333405
internal_weight=399732 312738 54989 15141 4651 257749 199425 58324 50278 47022 111183 8046 38316 94161 17800 6586 39848 22858 76361 41439 23769 11214 5579 17670 88242 31360 10490 5848 11726 56882
internal_count=399732 312738 54989 15141 4651 257749 199425 58324 50278 47022 111183 8046 38316 94161 17800 6586 39848 22858 76361 41439 23769 11214 5579 17670 88242 31360 10490 5848 11726 56882
cat_boundaries=0 1
cat_threshold=2
is_linear=0
shrinkage=0.08


Tree=70
num_leaves=31
num_cat=12
split_feature=45 45 20 21 5 16 5 30 5 5 6 27 5 30 33 5 41 5 31 5 5 27 21 33 5 45 30 10 5 37
split_gain=131.005 7.8444 11.3065 6.22274 5.25376 3.4471 8.44174 4.20188 4.6481 3.72801 3.36127 3.8628 3.37233 3.61129 2.85295 4.02848 2.74322 3.4598 2.82073 2.95315 2.64113 2.62535 2.79018 2.60983 2.40671 2.59081 2.29421 2.26982 2.38276 2.26804
threshold=10.09006452560425 22.935878753662113 2.2816572189331059 1.1858280301094057 0 1.1205481886863711 1 806.56250000000011 2 3 4 1013.7864074707032 5 21.406250000000004 9.4682879447937029 6 28.375350952148441 7 81.928752899169936 8 9 1013.3452758789064 0.92511701583862316 17.180735588073734 10 29.182903289794925 2937.4375000000005 0.30282102525234228 11 1.6613616943359377
decision_type=2 2 2 2 9 8 9 2 9 9 1 2 9 2 2 9 2 9 2 9 9 2 2 2 9 2 2 2 9 2
left_child=-1 2 3 -2 23 7 -7 8 21 -9 11 12 13 -10 15 -8 17 -11 19 -19 -18 22 -3 -5 29 -26 -22 -20 -29 -16
right_child=1 5 -4 4 -6 6 14 9 10 16 -12 -13 -14 -15 24 -17 20 18 27 -21 26 -23 -24 -25 25 -27 -28 28 -30 -31
leaf_value=-0.3603976052431338 -0.038624665783250085 -0.00059364997568446543 0.058693370901756747 -0.0092122155901726982 -0.020139614750583394 0.013932944561321155 0.016119700967265654 -0.0041716345994420017 0.0084892357472285199 0.0042773849809952628 -0.0091081874017068 -0.021582695209680879 -0.0055856159896264098 -0.00066885196663646525 0.0014723088582417863 -0.0002166486763212537 -0.0042179644096560411 0.0024254836762876964 0.0063507014803812446 -0.0033275185445772377 -0.00057622692458291532 -0.011547761469678119 0.011518464380116855 0.024556464212716646 -0.0070017286625638497 0.0010562637693513554 0.0055252442565676277 0.0038119981768466528 -0.001824077620740498 0.017659317487274957
leaf_weight=84104 22342 32801 2145 2478 17923 2223 3870 15314 3053 11943 29780 3714 9812 12393 31540 5219 8217 3821 3146 8201 11543 3270 3808 3717 23349 21114 2083 7486 7016 2306
leaf_count=84104 22342 32801 2145 2478 17923 2223 3870 15314 3053 11943 29780 3714 9812 12393 31540 5219 8217 3821 3146 8201 11543 3270 3808 3717 23349 21114 2083 7486 7016 2306
internal_value=-0.00114465 -0.000397001 -0.00133169 -0.00159415 -0.000702587 -0.00022682 0.000177572 -0.000431113 -0.000779028 4.56873e-06 -0.00123134 -0.000616999 -0.000262467 0.00047433 5.31689e-05 0.001394 0.000275001 0.000656079 0.000192657 -0.000751996 -0.000450832 -0.000112184 8.2033e-05 0.0013033 -0.000102607 -0.000489446 0.000232741 0.000836334 0.000412899 0.000405598
internal_weight=399731 315627 48605 46460 24118 267022 89621 177401 98631 78770 58752 28972 25258 15446 87398 9089 63456 41613 29670 12022 21843 39879 36609 6195 78309 44463 13626 17648 14502 33846
internal_count=399731 315627 48605 46460 24118 267022 89621 177401 98631 78770 58752 28972 25258 15446 87398 9089 63456 41613 29670 12022 21843 39879 36609 6195 78309 44463 13626 17648 14502 33846
cat_boundaries=0 32 64 86 112 113 129 155 174 187 200 232 252
cat_threshold=0 0 0 0 0 0 0 0 0 114688 0 0 3407872 0 0 771751936 0 0 2684354560 1 0 268435456 0 0 0 2 0 0 8640 0 0 76032 918 0 0 12288 0 0 229376 0 0 1835008 0 0 12582912 0 0 0 0 0 0 0 0 0 32 0 0 0 0 0 16 0 0 2048 481 0 0 2768 0 0 92416 0 0 589824 0 0 3670016 0 0 368050176 0 0 1493172224 0 0 268435456 792 0 0 128 0 0 67584 0 0 114688 0 0 35651584 0 0 871366656 0 0 721420288 1 0 2952790016 3 0 0 5 10 512 0 0 9248 0 0 169472 0 0 1355776 0 0 8847360 0 0 33554432 0 0 0 1024 0 0 7168 0 0 114688 0 0 65536 0 0 321912832 0 0 1241513984 2 0 3221225472 1 0 0 4 4 0 0 272 0 0 153344 0 0 139264 0 0 4653056 0 0 0 0 0 268435456 3 0 0 0 0 0 8192 0 0 3149824 0 0 25165824 192 0 0 7184 0 0 193792 0 0 262144 0 0 16973824 64 0 0 48 0 0 22528 0 0 2179072 0 0 53477376 0 0 781189120 0 0 3774873600 1 0 0 18 0 0 1 0 0 96 0 0 12288 226 0 0 9312 0 0 32768 0 0 262144 0 0 524288 0 0 201326592 0 0 0 2
is_linear=0
shrinkage=0.08


Tree=71
num_leaves=31
num_cat=12
split_feature=23 6 5 27 33 5 5 5 41 5 43 23 5 32 33 22 11 5 15 32 33 5 5 29 30 5 30 36 27 5
split_gain=128.283 6.40646 13.9891 7.15299 5.59716 9.93801 4.95635 4.09826 3.83505 4.27222 3.00141 2.74334 2.72359 2.69747 2.67912 2.67807 2.53098 2.44663 2.36419 2.17658 2.97696 2.12182 1.92742 2.10214 3.04164 2.30064 2.17891 1.86031 2.84525 3.18097
threshold=10.271636962890627 0 1 1015.9899902343751 13.627968311309816 2 3 4 27.355570793151859 5 26.634738922119144 28.057224273681644 6 525.36157226562511 16.826687812805179 1.0000000180025095e-35 0.68484061956405651 7 3.0637612342834477 598.40667724609386 22.125504493713382 8 9 0.18397903442382815 35.937500000000007 10 2937.4375000000005 7.8549387454986581 1002.4497680664064 11
decision_type=2 1 9 2 2 9 9 9 2 9 2 2 9 2 2 2 2 9 10 2 2 9 9 2 2 9 2 2 2 9
left_child=-1 3 -3 6 5 -4 11 19 9 -7 16 13 15 21 -14 -12 -9 -18 22 20 -6 -2 23 25 -25 -8 -26 28 -24 -30
right_child=1 2 4 -5 7 8 18 10 -10 -11 12 -13 14 -15 -16 -17 17 -19 -20 -21 -22 -23 27 24 26 -27 -28 -29 29 -31
leaf_value=-0.33233227777130764 -0.022358098033327743 -0.033038958006888997 -0.0050491350284831817 0.044333771704916779 0.00086870837457691521 0.0087752745088732261 0.00413000049756365 -0.015264618394580317 0.002217831104855717 0.020189224931596268 0.010135928139744033 -0.00067714291890320032 0.0018346722409177134 -0.012509041727037807 -0.0057518066404099967 -0.00082327951802058791 -0.021052159442581677 0.0019758489162976902 0.036063033387413804 -0.0028959402025519653 0.0087889641394127936 -0.00083223413583352721 0.019392152305961068 0.025238607858998757 0.0010672200184406587 -0.0075686044074464113 0.0093433869107259499 -0.0017436331922102591 0.0047240382062516961 -0.0028562836354860954
leaf_weight=83905 2435 22234 6844 2061 19047 2771 3016 14283 3335 2110 2066 18080 5056 12539 13506 3944 6731 6469 2290 10756 2089 9714 4446 2032 41898 6188 2053 57417 9861 20768
leaf_count=83905 2435 22234 6844 2061 19047 2771 3016 14283 3335 2110 2066 18080 5056 12539 13506 3944 6731 6469 2290 10756 2089 9714 4446 2032 41898 6188 2053 57417 9861 20768
internal_value=-0.00114277 -0.000404483 -0.000860987 -0.000120277 -0.000453493 0.000966157 -0.000170525 -0.000708316 0.00283827 0.00426825 -0.00114566 -0.000929981 -0.000503133 -0.00147834 -0.000982027 0.000975123 -0.00172015 -0.000920516 4.61624e-05 6.01559e-06 0.000477442 -0.000628013 6.52628e-06 0.000380603 0.000601569 -0.00072238 0.000461226 -0.000216708 0.000242268 -3.25085e-05
internal_weight=399944 316039 121241 194798 99007 15060 192737 83947 8216 4881 52055 42768 24572 24688 18562 6010 27483 13200 149969 31892 21136 12149 147679 55187 45983 9204 43951 92492 35075 30629
internal_count=399944 316039 121241 194798 99007 15060 192737 83947 8216 4881 52055 42768 24572 24688 18562 6010 27483 13200 149969 31892 21136 12149 147679 55187 45983 9204 43951 92492 35075 30629
cat_boundaries=0 1 33 52 84 116 148 167 186 215 247 279 298
cat_threshold=6 0 0 0 0 0 0 0 0 0 0 0 0 33554432 0 0 805306368 0 0 3221225472 3 0 4026531840 51 0 0 15 0 0 368 0 0 14336 965 0 0 10352 0 0 36608 0 0 3174400 0 0 25362432 0 0 184549376 0 0 536870912 24 0 0 0 0 0 131072 0 0 1454080 0 0 33947648 0 0 12582912 0 0 268435456 0 0 2147483648 63 0 0 1016 0 0 8208 0 0 1280 390 0 0 8416 0 0 199424 0 0 3219456 0 0 2949120 0 0 50331648 0 0 536870912 0 0 0 0 0 0 0 0 0 8192 0 0 65792 0 0 0 4224 0 0 20480 0 0 753664 0 0 1310720 0 0 12582912 0 0 469762048 0 0 0 0 0 0 0 0 0 0 0 0 256 0 0 0 0 0 0 20480 0 0 921600 0 0 16908288 0 0 7340032 0 0 335544320 56 0 0 256 0 0 25600 0 0 0 0 0 16777216 0 0 74448896 0 0 117440512 16 0 0 0 0 0 0 0 0 262144 0 0 262144 0 0 0 0 0 268435456 0 0 0 28 0 0 1008 0 0 8192 707 0 0 272 0 0 8448 0 0 524288 0 0 13631488 0 0 738197504 0 0 3238002688 3 0 0 0 0 0 5 0 0 224 0 0 12288 3 0 0 0 0 0 0 0 0 524288 0 0 8388608 0 0 0 0 0 0 2 0 0 0 0 0 1 0 0 96 0 0 4096 288 0 0 1664 0 0 117760 0 0 49152 0 0 524288 0 0 0 0 0 536870912
is_linear=0
shrinkage=0.08


Tree=72
num_leaves=31
num_cat=12
split_feature=45 5 45 19 11 39 37 5 5 10 28 5 31 31 5 35 28 5 5 27 5 35 5 31 23 5 5 30 5 27
split_gain=130.081 6.69424 6.89469 4.06556 3.69699 3.68195 3.48572 6.39586 2.81276 2.80908 2.73038 2.60972 3.02983 2.83059 2.25066 2.16392 2.09835 2.88124 2.05136 2.87661 2.00388 1.86869 3.28622 1.81181 1.74016 1.70539 1.70143 1.56989 1.56314 1.54028
threshold=10.09006452560425 0 27.089449882507328 2.1184194087982182 1.0844585299491885 1.3924297690391543 0.60801696777343761 1 2 3.0701650381088261 1005.8471679687501 3 83.854152679443374 76.052387237548842 4 0.2284049987792969 1008.1646728515626 5 6 1012.253143310547 7 0.18930435180664065 8 91.691574096679702 27.228942871093754 9 10 296.43750000000006 11 1005.8596191406251
decision_type=2 9 2 2 2 2 2 9 9 2 2 9 2 2 9 2 2 9 9 2 9 2 9 2 2 9 9 2 9 2
left_child=-1 2 4 5 23 6 11 24 -7 10 28 15 13 14 -13 18 17 -12 19 -3 -9 -6 -23 -2 -8 -14 -15 -28 -4 -27
right_child=1 3 9 -5 21 8 7 20 -10 -11 16 12 25 26 -16 -17 -18 -19 -20 -21 -22 22 -24 -25 -26 29 27 -29 -30 -31
leaf_value=-0.30651595494725092 -0.018911828048372131 0.0031673926253631764 -0.0096383079296475434 0.043451553075816877 -0.019136621693936203 0.0013785815143765273 0.020396475567450865 -0.0027023688444182958 -0.024718755901725151 0.023502124195322233 0.0093604222471784498 0.0067313139232976016 -0.00066685701189263442 -9.9078635397362955e-05 -8.0654737166547277e-05 -0.00108681463968476 -0.0023674669538841491 -0.00061818884380559309 -0.0094240110823820018 -0.011947121997156156 0.002657642882427372 0.017709703357908019 -0.016792375572485082 -0.0013458122570012159 0.0044802278350707467 -0.00027068620660416207 -0.011724386154812525 -0.0027625714139016509 -0.0021496602218229973 0.0039923548234711255
leaf_weight=84022 27687 5526 7681 3519 6592 4508 3392 12266 9955 2213 2964 5134 9842 14405 32935 50513 4769 2921 19017 4181 16341 3404 3104 2609 4976 4961 5237 21093 10577 13540
leaf_count=84022 27687 5526 7681 3519 6592 4508 3392 12266 9955 2213 2964 5134 9842 14405 32935 50513 4769 2921 19017 4181 16341 3404 3104 2609 4976 4961 5237 21093 10577 13540
internal_value=-0.00112694 -0.000382713 -0.00104539 -0.000178008 -0.00169709 -0.000218004 -0.000137871 0.000571582 -0.00145457 -0.000136824 -0.000347418 -0.000278637 -2.11642e-05 -0.000276297 0.000219648 -0.000626671 0.000669917 0.00167939 -0.00118104 -0.000233166 1.81551e-06 -0.000573609 0.000387848 -0.00218254 0.00251407 0.000688039 -0.000739724 -0.00112182 -0.0009411 0.00114011
internal_weight=399884 315862 74521 241341 43396 237822 223359 36975 14463 31125 28912 186384 107147 78804 38069 79237 10654 5885 28724 9707 28607 13100 6508 30296 8368 28343 40735 26330 18258 18501
internal_count=399884 315862 74521 241341 43396 237822 223359 36975 14463 31125 28912 186384 107147 78804 38069 79237 10654 5885 28724 9707 28607 13100 6508 30296 8368 28343 40735 26330 18258 18501
cat_boundaries=0 32 64 93 125 157 179 211 243 272 291 320 346
cat_threshold=16 0 0 0 0 0 0 0 0 12288 0 0 50462720 0 0 809500672 0 0 2214592512 1 0 3758096384 63 0 0 1022 0 0 16 0 0 1024 3 0 0 8192 0 0 131072 0 0 1114112 0 0 6291456 0 0 235929600 0 0 0 0 0 0 0 0 0 1 0 0 8544 0 0 73728 0 0 0 0 0 0 0 0 0 131072 0 0 327680 0 0 3145728 0 0 587202560 0 0 0 0 0 0 0 0 0 416 521 0 0 13632 0 0 172032 0 0 3424256 0 0 2162688 0 0 204472320 0 0 167772160 2 0 268435456 0 0 0 1 0 0 288 0 0 78336 96 0 0 32 0 0 16384 0 0 0 0 0 0 0 0 16777216 0 0 536870912 0 0 0 0 0 0 0 0 0 12480 0 0 256 0 0 0 0 0 0 0 0 0 12288 0 0 16908288 0 0 272629760 0 0 0 0 0 536870912 0 0 0 256 0 0 139264 0 0 2113536 0 0 65536 0 0 2097152 0 0 0 2 0 0 0 0 0 0 0 0 0 0 0 512 352 0 0 2832 0 0 59136 0 0 2932736 0 0 65536 0 0 2097152 0 0 838860800 0 0 0 0 0 0 0 0 0 4096 0 0 256 0 0 0 0 0 0 0 0 0 0 0 0 50462720 0 0 272629760 0 0 2214592512 0 0 0 1 0 0 134 0 0 16 2 0 0 2176 0 0 7168 0 0 32768 0 0 8650752 0 0 50331648 0 0 1610612736 0 0 0 640 0 0 5632 0 0 131072 0 0 14155776 0 0 8388608 0 0 1610612736 0 0 0 0 0 0 0 0 0 64 0 0 0 0 0 0 0 0 0 4096 0 0 16908288 0 0 541065216 0 0 0 0 0 1073741824 0 0 0 4
is_linear=0
shrinkage=0.08


Tree=73
num_leaves=31
num_cat=2
split_feature=44 8 44 16 33 39 3 14 33 14 32 30 26 27 34 44 12 0 34 34 0 1 30 35 13 36 20 20 39 9
split_gain=125.827 5.61217 7.83008 3.76519 3.08169 2.67668 2.33405 7.29944 3.94045 2.47043 2.1689 2.31866 2.00038 1.8398 2.04566 2.99572 1.96766 4.27648 2.69827 1.89164 1.98216 2.42204 4.98982 1.86832 1.59588 1.58217 1.61056 2.03163 1.563 1.6898
threshold=9.6748151779174822 0 26.637869834899906 3.3947000503540044 7.70092797279358 1.2543721199035647 514.84716796875011 1.6566210985183718 23.566656112670902 0.53162312507629406 603.80346679687511 629.31250000000011 5.7114913463592538 1016.7608642578126 1.2595520019531252 27.045028686523441 0.60878533124923717 19.250000000000004 2.5407104492187504 -5.5931091308593741 25.750000000000004 89.250000000000014 91.812500000000014 2.2206306457519536 1.0271405577659609 43.354511260986335 0.55537819862365734 0.4390572607517243 0.27910467982292181 1
decision_type=2 1 2 10 2 2 2 2 2 2 2 2 2 2 2 2 2 2 2 2 2 2 2 2 2 2 2 2 2 1
left_child=-1 3 4 5 -3 6 9 -8 -9 10 25 12 -12 14 15 19 -16 18 -18 -11 21 22 -21 -23 -7 26 27 -2 -17 -30
right_child=1 2 -4 -5 -6 24 7 8 -10 13 11 -13 -14 -15 16 28 17 -19 -20 20 -22 23 -24 -25 -26 -27 -28 -29 29 -31
leaf_value=-0.31340159339213869 0.00043643507289509691 0.0041372684867107372 -0.0011999086737111819 0.039316448144952311 -0.016551751805243792 -0.026534028672376208 -0.015391057464756665 0.0015473613448810663 0.053900359350497265 -0.0056083100476476766 -0.00039698811687461651 -0.00051218384761547416 -0.0098308716366557313 0.024296490664020027 -0.0066057044505103205 0.0014520484821046664 0.000869358310720741 -0.00677653420861113 0.011826508096558792 0.021312344985637117 -0.0054747822880868088 -0.0045728254629493507 0.0041524947591758668 0.0071171518140310513 -0.006207535868463409 -0.0037040509813693447 -0.0023205651686431564 0.0059623568141813563 -0.005929478885068412 0.00014059240688864611
leaf_weight=82432 4437 3352 66892 2205 35709 5399 19011 7292 2161 2979 3602 13009 8118 2035 8816 26325 2009 10766 2069 3740 2638 2966 7557 3162 14899 4656 3405 3555 8240 36469
leaf_count=82432 4437 3352 66892 2205 35709 5399 19011 7292 2161 2979 3602 13009 8118 2035 8816 26325 2009 10766 2069 3740 2638 2966 7557 3162 14899 4656 3405 3555 8240 36469
internal_value=-0.00110909 -0.000385949 -0.000861169 -0.000147876 -0.001761 -0.000182588 -8.88137e-05 -0.00075634 0.00105971 2.957e-05 -0.00050814 -0.000978052 -0.00179369 0.000212687 0.000171351 0.000338583 -0.000493453 6.89367e-05 0.00227201 0.00113101 0.00141025 0.00171953 0.00241373 0.000437927 -0.00105535 0.000215899 0.000723414 0.00134366 8.14134e-05 -0.000206535
internal_weight=399905 317473 105953 211520 39061 209315 189017 28464 9453 160553 40782 24729 11720 119771 117736 94076 23660 14844 4078 23042 20063 17425 11297 6128 20298 16053 11397 7992 71034 44709
internal_count=399905 317473 105953 211520 39061 209315 189017 28464 9453 160553 40782 24729 11720 119771 117736 94076 23660 14844 4078 23042 20063 17425 11297 6128 20298 16053 11397 7992 71034 44709
cat_boundaries=0 1 2
cat_threshold=2 4
is_linear=0
shrinkage=0.08


Tree=74
num_leaves=31
num_cat=12
split_feature=45 45 15 5 44 5 33 5 5 29 5 5 6 45 5 38 24 5 5 21 30 36 22 5 31 23 41 5 33 32
split_gain=128.679 7.58541 10.8334 6.13073 5.2685 3.7885 2.87505 8.26873 3.69673 3.09043 4.76165 3.83666 2.94197 2.98799 4.08114 2.82051 2.65607 3.98699 2.7416 2.63972 2.12715 2.05912 5.41316 2.33575 2.04347 1.93481 3.80035 2.33474 1.98268 1.87378
threshold=9.0243248939514178 23.29136943817139 1.7661774158477785 0 18.029183387756351 1 14.584127902984621 2 3 0.83449554443359386 4 5 6 26.844254493713382 7 0.61713790893554699 27.665039062500004 8 9 0.92087605595588695 20.437500000000004 45.58610916137696 1.5778541564941408 10 61.859464645385749 28.968132019042972 27.748003005981449 11 11.032127857208254 760.16278076171886
decision_type=2 2 10 9 2 9 2 9 9 2 9 9 1 2 9 2 2 9 9 2 2 2 2 9 2 2 2 9 2 2
left_child=-1 2 5 -4 15 19 7 25 21 10 -9 29 16 14 20 -5 17 -10 -18 -2 24 22 -8 -24 -14 26 27 -3 -29 -11
right_child=1 6 3 4 -6 -7 8 9 12 11 -12 -13 13 -15 -16 -17 18 -19 -20 -21 -22 -23 23 -25 -26 -27 -28 28 -30 -31
leaf_value=-0.32651226724447957 -0.033667450100586346 0.011478203489939413 -0.016349126071596443 0.068726559596705372 -0.00034607184186267645 -0.033613211787789234 1.8686839471095855e-05 0.014942931670508988 0.009009219088198725 -0.0014575214238545923 -0.00056351066881036498 -0.0084017461534467205 -0.0098884716928304157 -0.0017424922619576947 -0.013739103163884766 0.027862283922731233 0.0022165037071774827 -0.0021361724192953402 -0.0031715096784686206 -0.0007220737771677897 -0.0091996088758990648 -0.0033427285096671363 0.007661986021154526 0.0033981087707823446 0.0094914212992810651 0.017872062106720016 0.00031499032572171053 0.013066022941898044 0.00083501697660045031 0.0038663498809889596
leaf_weight=80995 4487 2200 6202 2001 3440 27184 47531 2064 2249 13810 4732 16106 2250 66856 15406 2046 17780 2245 22201 9599 4717 10751 4459 4973 3110 2010 6954 3439 2982 5127
leaf_count=80995 4487 2200 6202 2001 3440 27184 47531 2064 2249 13810 4732 16106 2250 66856 15406 2046 17780 2245 22201 9599 4717 10751 4459 4973 3110 2010 6954 3439 2982 5127
internal_value=-0.00107909 -0.000355838 -0.00121079 0.000739031 0.00227681 -0.00185756 -0.000177784 0.000312009 -0.000320098 -0.00029996 0.00126006 -0.000602859 -0.000559336 -0.00081677 -0.00155384 0.00423268 -2.47228e-05 0.00181705 -0.000232153 -0.000790019 -0.000299892 0.000163344 0.000355044 0.00210464 0.000789571 0.00176654 0.00146423 0.00258556 0.00180034 0.000169435
internal_weight=399906 318911 54959 13689 7487 41270 263952 59424 204528 41839 6796 35043 136814 92339 25483 4047 44475 4494 39981 14086 10077 67714 56963 9432 5360 17585 15575 8621 6421 18937
internal_count=399906 318911 54959 13689 7487 41270 263952 59424 204528 41839 6796 35043 136814 92339 25483 4047 44475 4494 39981 14086 10077 67714 56963 9432 5360 17585 15575 8621 6421 18937
cat_boundaries=0 29 61 87 119 138 164 165 191 211 237 266 285
cat_threshold=0 0 0 0 0 0 0 0 0 0 0 0 3932160 0 0 351272960 0 0 2399141888 0 0 1610612736 21 0 0 717 0 0 4096 8 0 0 128 0 0 2048 0 0 253952 0 0 16515072 0 0 179306496 0 0 1728053248 2 0 268435456 0 0 0 0 0 0 8256 0 0 4352 634 0 0 1664 0 0 0 0 0 327680 0 0 7340032 0 0 235929600 0 0 50331648 3 0 2952790016 34 0 0 2 5 0 0 8272 0 0 200448 0 0 1572864 0 0 1572864 0 0 568328192 0 0 3774873600 0 0 1073741824 0 0 0 1 0 0 112 0 0 14336 5 0 0 12400 0 0 33024 0 0 0 0 0 42729472 0 0 4194304 0 0 3758096384 385 0 0 6400 0 0 129024 0 0 2260992 0 0 58785792 0 0 293601280 0 0 402653184 0 0 1073741824 1 0 0 4 2 898 0 0 2208 0 0 0 0 0 245760 0 0 14942208 0 0 234881024 0 0 301989888 3 0 0 32 0 0 8 456 0 0 3840 0 0 61440 0 0 12288 0 0 65536 0 0 335544320 0 0 33554432 3 32 0 0 6304 0 0 32768 0 0 2154496 0 0 52559872 0 0 269484032 0 0 402653184 3 0 805306368 0 0 0 2 1 0 0 80 0 0 67328 0 0 524288 0 0 0 0 0 0 0 0 0 0 0 0 0 0 0 0 0 0 48 18 0 0 1536 0 0 0 0 0 262144 0 0 4194304 0 0 134217728 0 0 50331648
is_linear=0
shrinkage=0.08


Tree=75
num_leaves=31
num_cat=10
split_feature=45 45 21 33 5 37 5 16 5 34 5 22 5 5 28 5 7 36 33 19 38 5 37 12 38 5 5 43 33 43
split_gain=129.571 6.74721 9.66432 6.92413 4.44729 4.70249 3.25193 2.80327 8.47041 3.19579 5.75476 5.01146 5.66736 5.24098 3.82265 3.81689 3.40987 3.19293 2.68984 2.51152 2.43 2.38143 2.6432 2.9553 2.46408 2.34568 2.17957 2.09451 2.44692 2.02858
threshold=9.0243248939514178 22.735630035400394 1.9951949715614321 21.464256286621097 0 -0.054534912109374993 1 1.1103480458259585 2 -4.4851684570312491 3 1.3403892517089846 4 5 1010.7665405273439 6 1.5000000000000002 125.97655868530275 9.1937279701232928 1.0671289563179018 0.54774761199951183 7 0.48389053344726568 0.76842048764228832 -0.56014633178710926 8 9 30.588803291320804 19.38604831695557 28.769401550292972
decision_type=2 2 2 2 9 2 9 8 9 2 9 2 9 9 2 9 2 2 2 2 2 9 2 2 2 9 9 2 2 2
left_child=-1 2 4 -4 5 -2 -7 9 -9 10 17 13 -13 16 15 -14 20 29 -6 -20 -11 22 24 -24 26 -21 -10 -23 -29 -3
right_child=1 7 3 -5 18 6 -8 8 21 11 -12 12 14 -15 -16 -17 -18 -19 19 25 -22 27 23 -25 -26 -27 -28 28 -30 -31
leaf_value=-0.30082093698467827 -0.030921157130937207 -0.0045613472083113268 -0.002040348773525799 0.077198295158216426 0.012332522735630914 -0.00068208226217180519 0.031463125522611317 0.012332760884074444 -0.0023018426889930628 -0.0061353905216091856 -0.010468224080769783 -0.004575800777604784 0.0087155877988131999 -0.0039673912105962382 0.0086266822936605769 0.001119079655911836 0.001857362257716432 0.0068414701752270513 -0.044830725684067423 -0.036952262457723276 0.0016772100463996423 -0.004120373079069567 0.019792730003801752 0.0052116499830683928 -0.003495979678545055 -0.0092667909860665518 0.015939835380693039 0.026521829704968306 0.00025569929103512262 0.0021089921993378401
leaf_weight=80865 5196 5881 3609 2141 2056 3253 2143 2033 4176 10780 16275 13720 2146 46369 2554 39706 27399 2069 14459 7055 5249 34982 2019 10569 16489 10407 5401 2458 13694 4819
leaf_count=80865 5196 5881 3609 2141 2056 3253 2143 2033 4176 10780 16275 13720 2146 46369 2554 39706 27399 2069 14459 7055 5249 34982 2019 10569 16489 10407 5401 2458 13694 4819
internal_value=-0.00104937 -0.000324484 -0.00117459 0.00190972 -0.00157285 -0.00014022 0.00151239 -0.0001653 0.000193354 -0.000351391 -0.00111847 -0.000200713 0.000378009 -0.000575324 0.000816998 0.000633318 5.63423e-05 0.000153569 -0.00201865 -0.00219987 -0.00087013 7.71414e-05 0.00055086 0.00150246 9.11173e-05 -0.00155266 0.00111109 -0.000281035 0.000472218 -0.000403362
internal_weight=399972 319107 50319 5750 44569 10592 5396 268788 91821 176967 29044 147923 58126 89797 44406 41852 43428 12769 33977 31921 16029 89788 38654 12588 26066 17462 9577 51134 16152 10700
internal_count=399972 319107 50319 5750 44569 10592 5396 268788 91821 176967 29044 147923 58126 89797 44406 41852 43428 12769 33977 31921 16029 89788 38654 12588 26066 17462 9577 51134 16152 10700
cat_boundaries=0 32 64 87 119 142 164 183 215 247 279
cat_threshold=0 0 0 0 0 0 0 0 0 245760 0 0 7733248 0 0 134217728 0 0 1728053248 0 0 268435456 0 0 0 48 0 0 9088 0 0 73984 0 0 0 0 0 0 0 0 0 65536 0 0 131072 0 0 0 0 0 1627389952 0 0 268435456 0 0 0 48 0 0 256 0 0 8448 902 0 0 12320 0 0 249856 0 0 1835008 0 0 12582912 0 0 0 0 0 0 0 0 0 16 242 0 0 3840 0 0 61952 0 0 720896 0 0 65536 0 0 68157440 0 0 3539992576 3 0 1342177280 0 0 0 1 0 0 0 0 0 256 16 0 0 8576 0 0 145408 0 0 2224128 0 0 196608 0 0 827326464 0 0 3791650816 3 0 0 3 34 0 0 8592 0 0 147200 0 0 1290240 0 0 10289152 0 0 65011712 0 0 1342177280 0 0 1073741824 0 0 0 0 0 0 256 0 0 0 0 0 14680064 0 0 67108864 0 0 335544320 16 0 0 1040 0 0 2048 0 0 245760 0 0 52559872 0 0 1041235968 0 0 3892314112 3 0 0 34 0 0 0 0 0 368 0 0 6144 0 0 0 128 0 0 2048 0 0 0 0 0 33554432 0 0 4194304 0 0 402653184 0 0 1073741824 63 0 0 969 0 0 0 0 0 3584 0 0 0 0 0 0 0 0 0 131072 0 0 35782656 0 0 771751936 0 0 2147483648 0 0 0 32 0 0 0 0 0 32 0 0 4096
is_linear=0
shrinkage=0.08


Tree=76
num_leaves=31
num_cat=15
split_feature=45 45 20 19 5 38 37 5 5 33 5 5 29 5 45 5 34 22 37 5 5 5 32 5 5 32 6 5 5 28
split_gain=128.119 6.78997 10.0514 6.01608 5.92519 3.0679 2.74284 4.18745 2.70538 2.67621 6.38066 4.04744 2.26056 3.96735 2.24214 2.47728 2.32021 2.29576 2.4403 3.04839 2.36344 2.32063 2.20681 2.18115 2.16737 2.48525 2.10972 1.8521 1.71257 1.68159
threshold=8.5431647300720233 23.466054916381839 2.2816572189331059 0.97652113437652599 0 0.88003253936767589 0.35004425048828131 1 2 14.584127902984621 3 4 0.86963653564453136 5 28.635791778564457 6 -4.6589050292968741 2.3875236511230473 0.2215843200683594 7 8 9 917.82568359375011 10 11 797.90707397460949 12 13 14 1010.1165771484376
decision_type=2 2 2 2 9 2 2 9 9 2 9 9 2 9 2 9 2 2 2 9 9 9 2 9 9 2 1 9 9 2
left_child=-1 2 3 8 -5 6 26 -8 -2 10 29 22 13 -12 15 -13 -17 18 21 -20 -19 -18 -11 -16 -14 -26 -6 -28 -24 -3
right_child=1 9 -4 4 5 -7 7 -9 -10 11 12 14 24 -15 23 16 17 20 19 -21 -22 -23 28 -25 25 -27 27 -29 -30 -31
leaf_value=-0.30761287822221733 -0.0091450755676062735 0.0059752185488099706 0.04941602242652185 -0.023836493374115079 0.01740676545242123 -0.018159299343988463 0.00092892984747121798 0.037791946384201643 -0.038702875397187933 0.0014055667104719829 0.016330208004655979 -0.0084067024889850107 -0.007921880915599977 -0.00079869113934617872 0.0025063815371607766 -0.009322450002900105 -0.0016792582758038696 0.0035598311002766588 -0.0039706787487096083 0.0027336515520538884 -0.0014807004824777667 -0.0067369709372568677 -0.0072510967796397289 -0.0018243421568792505 -0.0025889393781274687 0.0044531430285338017 0.01636984830785063 -0.02231719133545805 -0.0012392382907163582 -0.0032370253841639048
leaf_weight=79608 4583 19231 2652 16859 2679 4814 2319 2190 15386 58232 2053 13788 12239 5069 8767 7936 16612 7228 8798 11373 9000 19386 3098 32192 14502 3915 2019 4442 6698 2198
leaf_count=79608 4583 19231 2652 16859 2679 4814 2319 2190 15386 58232 2053 13788 12239 5069 8767 7936 16612 7228 8798 11373 9000 19386 3098 32192 14502 3915 2019 4442 6698 2198
internal_value=-0.00105419 -0.000340191 -0.00112388 -0.00135484 -0.000727047 0.000263376 0.000875905 0.00248816 -0.00246439 -0.000167046 0.000306195 -0.000305006 -0.000319383 0.000963544 -0.000558402 -0.000773434 -0.00060299 -0.000460564 -0.000702683 1.7829e-06 0.000377385 -0.00109731 0.000198212 -6.43423e-05 -0.000617754 -6.87757e-05 7.86876e-05 -0.000704213 -0.000912096 0.00140818
internal_weight=399866 320258 57943 55291 35322 18463 13649 4509 19969 262315 59207 203108 37778 7122 135080 94121 80333 72397 56169 20171 16228 35998 68028 40959 30656 18417 9140 6461 9796 21429
internal_count=399866 320258 57943 55291 35322 18463 13649 4509 19969 262315 59207 203108 37778 7122 135080 94121 80333 72397 56169 20171 16228 35998 68028 40959 30656 18417 9140 6461 9796 21429
cat_boundaries=0 32 64 96 122 154 176 208 231 253 273 295 324 325 357 376
cat_threshold=0 0 0 128 0 0 2048 0 0 0 0 0 33554432 0 0 568328192 0 0 301989888 0 0 1610612736 63 0 0 969 0 0 4400 0 0 7680 0 0 0 0 0 0 0 0 0 65536 0 0 0 0 0 1048576 0 0 3774873600 3 0 2415919104 0 0 0 20 0 0 0 0 0 8448 8 0 0 128 0 0 2048 0 0 221184 0 0 15597568 0 0 8388608 0 0 1509949440 0 0 536870912 32 0 0 16 0 0 0 0 0 1024 634 0 0 1664 0 0 12288 0 0 2424832 0 0 49283072 0 0 168820736 0 0 33554432 3 0 3758096384 35 0 0 2 5 0 0 8240 0 0 200448 0 0 3153920 0 0 1572864 0 0 551550976 0 0 4043309056 2 0 0 2 0 0 1 0 0 48 0 0 10240 4 0 0 12368 0 0 0 0 0 0 0 0 262144 0 0 335544320 0 0 4026531840 0 0 268435456 16 0 0 768 0 0 0 0 0 0 0 0 33554432 0 0 134217728 0 0 100663296 0 0 805306368 1 0 0 14 0 0 256 0 0 256 968 0 0 5120 0 0 45056 0 0 315392 0 0 0 0 0 301989888 0 0 0 1 0 0 32 650 0 0 5120 0 0 16384 0 0 528384 0 0 29360128 0 0 67108864 0 0 0 0 0 3221225472 352 0 0 64 0 0 12288 0 0 380928 0 0 8781824 0 0 385875968 0 0 0 1 0 0 0 1856 0 0 32768 0 0 917504 0 0 50397184 0 0 0 0 0 0 1 0 536870912 4 0 0 8304 0 0 131840 0 0 1060864 0 0 917504 0 0 541065216 0 0 3758096384 0 0 268435456 0 0 0 9 0 0 32 6 0 0 0 0 0 0 0 0 0 114688 0 0 3407872 0 0 33554432 0 0 536870912 0 0 2415919104 0 0 0 0 0 0 8192 0 0 256 5 0 0 8240 0 0 1024 0 0 0 0 0 1048576 0 0 536870912 0 0 1879048192
is_linear=0
shrinkage=0.08


Tree=77
num_leaves=31
num_cat=4
split_feature=45 45 15 36 6 16 35 6 16 40 6 34 22 43 36 28 18 45 35 25 34 36 27 24 24 6 35 27 12 17
split_gain=127.477 6.55564 11.6743 8.33085 4.34915 2.42122 2.28646 2.18199 1.91025 4.20046 3.21971 2.5185 3.79039 3.36094 4.49317 3.01765 3.18202 2.53769 3.38111 2.51552 2.46012 2.3521 2.29853 2.18023 1.99507 1.90384 2.09889 1.87998 1.81514 1.68046
threshold=8.064918518066408 22.735630035400394 2.1632820367813115 6.8764686584472665 0 0.24887728691101077 14.192104339599611 1 1.1205481886863711 1.7108259201049807 2 -4.4276428222656241 1.5778541564941408 28.28099346160889 72.399616241455092 1009.7803344726564 0.55620291829109203 28.361094474792484 0.023365020751953128 9.821540832519533 2.2923278808593754 15.305042743682863 1009.2778930664064 27.411407470703129 30.152618408203129 3 0.029087066650390628 1016.9002380371095 0.76842048764228832 1.7218559384346011
decision_type=2 2 10 2 1 8 2 1 8 2 1 2 2 2 2 2 2 2 2 2 2 2 2 2 2 1 2 2 2 10
left_child=-1 2 4 7 27 -3 -6 -4 11 10 20 13 15 19 -15 16 17 18 -13 -7 22 -14 29 -11 -12 26 -18 -2 -24 -10
right_child=1 5 3 -5 6 8 -8 -9 9 23 24 12 21 14 -16 -17 25 -19 -20 -21 -22 -23 28 -25 -26 -27 -28 -29 -30 -31
leaf_value=-0.31313176780227236 -0.01032716770309902 -0.0058106270312568058 0.025930174242442542 0.068091901158175497 -0.041842915470222661 -0.011286634026707544 0.0037156286514020711 -0.024472178986218344 0.0084888220649826547 0.009022084209878236 0.0051504346349215621 0.0022403621341525893 0.0037033030378421389 -0.0023922253717206317 0.0059060352528102055 -0.0042175893440921123 0.009929488992065777 0.00070419668901018282 -0.0057580775101972242 0.00026750036780063272 0.01804960097821719 0.00049488575172589933 0.004945803036411827 -0.0048886108020842122 -0.0020458019376173959 0.00023876306924256672 0.0022684296250095855 0.012062922116419071 -0.004444019830573233 0.031405908776470079
leaf_weight=77941 15349 3177 2699 2321 25708 13018 2159 2443 3976 4077 12291 3217 8284 10308 2508 35259 2038 9726 15627 3626 2105 45174 2131 42228 16564 19929 5984 2583 4167 2984
leaf_count=77941 15349 3177 2699 2321 25708 13018 2159 2443 3976 4077 12291 3217 8284 10308 2508 35259 2038 9726 15627 3626 2105 45174 2131 42228 16564 19929 5984 2583 4167 2984
internal_value=-0.00102821 -0.000324806 -0.00113546 0.00179687 -0.00161357 -0.000163901 -0.00223861 -1.55375e-06 -0.000137557 0.000160692 0.000718277 -0.0002921 -0.000155266 -0.000966407 7.48384e-06 -0.000467154 -0.000104793 -0.000698391 -0.00123984 -0.00171587 0.00165299 0.000380189 0.00124872 -0.000371803 0.000219566 0.000501984 0.00154091 -0.00063993 0.000140773 0.00224964
internal_weight=399601 321660 53262 7463 45799 268398 27867 5142 265221 90523 44218 174698 145238 29460 12816 91780 56521 28570 18844 16644 15363 53458 13258 46305 28855 27951 8022 17932 6298 6960
internal_count=399601 321660 53262 7463 45799 268398 27867 5142 265221 90523 44218 174698 145238 29460 12816 91780 56521 28570 18844 16644 15363 53458 13258 46305 28855 27951 8022 17932 6298 6960
cat_boundaries=0 1 2 3 4
cat_threshold=3 6 3 8
is_linear=0
shrinkage=0.08


Tree=78
num_leaves=31
num_cat=4
split_feature=45 45 15 35 6 33 14 3 15 30 26 28 33 6 45 34 30 6 24 31 25 14 14 24 36 6 28 14 28 44
split_gain=127.603 6.22492 12.4209 7.46171 4.215 3.61266 4.29325 2.24578 2.57521 2.49131 2.21781 2.0854 2.12339 2.57137 4.55546 3.39969 4.43638 2.37892 1.89924 1.70214 1.67867 1.88625 1.59431 2.00307 1.46397 1.46108 5.57408 5.87115 2.14264 2.35869
threshold=7.6520216464996347 22.735630035400394 2.208348393440247 0.015735626220703128 0 9.7261438369750994 2.9062763452529912 514.84716796875011 0.44030147790908819 667.81250000000011 7.8383712768554696 995.22091674804699 16.233792304992679 1 27.920263290405277 2.8945617675781254 117.43750000000001 2 27.527679443359379 57.288919448852546 2.6005213260650639 1.3562685847282412 1.49003541469574 27.841613769531254 41.99266433715821 3 1012.0178222656251 1.263052821159363 1012.4328002929689 27.538824081420902
decision_type=2 2 10 2 1 2 2 2 8 2 2 2 2 1 2 2 2 1 2 2 2 2 2 2 2 1 2 2 2 2
left_child=-1 2 4 -4 20 -6 -7 8 9 10 -3 -10 13 14 -13 16 -15 18 -14 -19 21 -2 -9 -24 25 28 27 -27 29 -21
right_child=1 7 3 -5 5 6 -8 22 11 -11 -12 12 17 15 -16 -17 -18 19 -20 24 -22 -23 23 -25 -26 26 -28 -29 -30 -31
leaf_value=-0.31466811322036009 -0.019230849360546556 -0.002952861200588523 -0.0080307449126242811 0.059521279323947261 0.0093484308478488706 -0.048529212198039788 0.001135432043655353 -0.011251441541580001 0.025562955968411995 -0.00014071241655878275 -0.012078847025988809 0.010683511048276169 0.0064586964320931537 0.010774861530012267 -0.0024650898760549202 -0.014941220238447447 0.00048569934809074533 -0.01139597277907997 0.00055450024795246941 0.0034228529151449304 -0.023444716286453539 0.0023199805242931468 0.012965559104630415 -0.0067788284957760285 -0.0027844642675770763 -0.0093766365339780916 0.0090034882534261989 0.01884154205266781 -0.011894412723423351 -0.00057098801688659111
leaf_weight=76213 3810 12559 3546 3673 2017 23460 3835 14851 2502 19240 4315 3848 3121 5227 2643 2690 51569 9650 47387 12602 3520 11131 2219 8602 20718 11708 2097 2004 2247 26980
leaf_count=76213 3810 12559 3546 3673 2017 23460 3835 14851 2502 19240 4315 3848 3121 5227 2643 2690 51569 9650 47387 12602 3520 11131 2219 8602 20718 11708 2097 2004 2247 26980
internal_value=-0.00100526 -0.000311953 -0.00108738 0.0020036 -0.00155478 -0.00215083 -0.00239297 -0.000153266 -7.81033e-05 -0.000701363 -0.00141057 3.06653e-05 2.52226e-06 0.000376013 0.00188542 0.000210667 0.000342498 -0.000175393 0.00026219 -0.000426511 -0.000606245 -0.000235704 -0.000864731 -0.000125936 -0.000302989 -9.56157e-05 -0.000750269 -0.00133858 0.00015207 0.000288744
internal_weight=399984 323771 54992 7219 47773 29312 27295 268779 243107 36114 16874 206993 204491 65977 6491 59486 56796 138514 50508 88006 18461 14941 25672 10821 78356 57638 15809 13712 41829 39582
internal_count=399984 323771 54992 7219 47773 29312 27295 268779 243107 36114 16874 206993 204491 65977 6491 59486 56796 138514 50508 88006 18461 14941 25672 10821 78356 57638 15809 13712 41829 39582
cat_boundaries=0 1 2 3 4
cat_threshold=3 3 2 12
is_linear=0
shrinkage=0.08


Tree=79
num_leaves=31
num_cat=2
split_feature=45 45 15 35 6 33 14 7 15 33 31 29 6 45 12 33 29 27 36 30 31 29 36 32 2 25 27 25 22 29
split_gain=125.278 5.75936 8.25509 5.26754 4.70697 2.75622 2.95476 2.1585 2.13271 2.01032 1.95234 3.53008 1.99005 2.57285 3.36494 1.96582 1.99814 2.20817 2.20046 1.84299 2.21238 1.81707 2.13752 4.55514 4.1107 3.92989 3.66016 2.75009 2.65955 1.87403
threshold=8.064918518066408 22.935878753662113 2.0319753885269169 0.47349929809570318 0 9.4682879447937029 2.8226450681686406 1.5000000000000002 0.33488267660140997 20.943936347961429 87.889499664306655 0.97283554077148449 1 26.470517158508304 0.70081970095634472 20.725823402404789 0.43075561523437506 1006.7299194335939 2.5649070739746098 14.687500000000002 63.425832748413093 0.99659347534179699 31.644344329833988 595.90359497070324 1.0000000180025095e-35 2.6005213260650639 1009.5994567871095 4.435204505920411 2.4790763854980473 0.1747093200683594
decision_type=2 2 10 2 1 2 2 2 8 2 2 2 1 2 2 2 2 2 2 2 2 2 2 2 2 2 2 2 2 2
left_child=-1 2 4 9 -2 -6 -7 -8 -3 -4 12 -12 15 14 -14 16 18 -18 -10 20 -16 22 23 24 29 -26 -24 -25 -29 -15
right_child=1 8 3 -5 5 6 7 -9 10 -11 11 -13 13 21 19 -17 17 -19 -20 -21 -22 -23 26 27 25 -27 -28 28 -30 -31
leaf_value=-0.26489612478454305 -0.0052470075110418249 -0.0028796758142068967 -0.017484075133228073 0.048936021760581538 0.0047615201892302625 -0.04420327490087711 -0.033388958321906206 0.013853958234735522 0.0023545575175208206 0.024339555351538224 0.0077418222492339631 -0.0010192335476723231 -0.010697201079481968 -0.01001546552451746 -0.0032464411501082775 -0.00018066320171344943 -0.0091586797174942978 0.0029068932449136187 0.013411479920677812 -0.0060109546491163724 0.0090255859289832784 0.002279584134515017 -0.0036821429481051688 0.001428139741486034 0.0096252408599046112 0.0030552511760895281 0.001674446073267078 -0.0047960764409509405 0.0020025417298752237 0.0022697661125143918
leaf_weight=77793 17632 12815 3749 2831 2026 21871 2042 2129 2180 2767 7569 13682 17420 3964 5088 50833 2213 10419 2592 8745 4060 12024 38887 16604 2399 11065 10240 19296 4274 10952
leaf_count=77793 17632 12815 3749 2831 2026 21871 2042 2129 2180 2767 7569 13682 17420 3964 5088 50833 2213 10419 2592 8745 4060 12024 38887 16604 2399 11065 10240 19296 4274 10952
internal_value=-0.00100718 -0.000311784 -0.00105687 0.00110847 -0.00149989 -0.00214298 -0.00236481 -0.000412342 -0.000158322 -0.000144653 -0.000107593 0.00062631 -0.000174481 -0.000324726 -0.000930047 0.000188873 0.000922475 0.000394873 0.00231535 -0.000159304 0.000634199 -0.00015989 -0.000255619 3.30193e-05 0.000808735 0.00182158 -0.000658324 -0.000515032 -0.0010704 -0.000106124
internal_weight=400161 322368 55047 9347 45700 28068 26042 4171 267321 6516 254506 21251 233255 165018 35313 68237 17404 12632 4772 17893 9148 129705 117681 68554 28380 13464 49127 40174 23570 14916
internal_count=400161 322368 55047 9347 45700 28068 26042 4171 267321 6516 254506 21251 233255 165018 35313 68237 17404 12632 4772 17893 9148 129705 117681 68554 28380 13464 49127 40174 23570 14916
cat_boundaries=0 1 2
cat_threshold=3 2
is_linear=0
shrinkage=0.08


Tree=80
num_leaves=31
num_cat=16
split_feature=45 5 21 45 21 5 14 37 5 8 5 5 15 5 24 41 5 30 31 37 5 43 5 5 5 5 5 29 5 9
split_gain=125.181 7.3875 5.38991 4.69903 4.88213 3.54915 3.98833 3.09997 5.90722 4.32173 3.91857 3.74155 2.36879 2.21929 2.20065 2.75203 2.14563 2.08789 2.03845 1.91538 4.31435 1.83918 2.16112 1.81422 1.80119 1.54888 1.40771 1.66705 2.27294 1.75512
threshold=7.2156240940094003 0 2.3255139589309697 19.952752113342289 1.1932929158210757 1 3.0959628820419316 0.29922103881835943 2 3 4 5 1.5065944790840151 6 29.014984130859379 27.711793899536136 7 707.06250000000011 85.371898651123061 -1.4205131530761717 8 28.803215980529789 9 10 11 12 13 0.20679092407226565 14 15
decision_type=2 9 2 2 2 9 2 2 9 1 9 9 10 9 2 2 9 2 2 2 9 2 9 9 9 9 9 2 9 1
left_child=-1 12 3 4 -3 -6 13 9 14 11 18 -5 -2 -7 15 16 -9 -12 21 20 -13 -11 -23 -10 -20 -19 -21 28 -28 -29
right_child=1 2 -4 7 5 6 -8 8 23 10 17 19 -14 -15 -16 -17 -18 25 24 26 -22 22 -24 -25 -26 -27 27 29 -30 -31
leaf_value=-0.29772202791587776 -0.048322573133089922 -0.031071328588855984 0.045759999869986683 -0.0028227114184244868 -0.02426336469554741 -0.021971895038991423 0.036614690366983171 0.0039590449457623592 -0.003971147630638828 -0.0037910956259044983 -0.0099940499082028632 0.032852370235573046 -0.0099372737664184651 0.015150280147143376 0.002857298310872879 -0.003384261170849015 0.013162926324881153 0.0010691177270721688 0.0099100645876250698 0.0015749567610621896 -0.0027834397951841962 0.0062229434294460454 -0.0032531709591404547 0.00019362836353422811 -0.00014402087177345027 -0.0034066829870700328 0.0029189318821261777 0.0040492795859208312 -0.0096215158530654661 -0.00081754109598324259
leaf_weight=74509 8205 11734 3483 41298 5740 3686 2203 3952 17295 15428 22299 2087 4746 2990 18679 2001 5915 5179 2313 38981 3072 2509 2818 40894 2779 11325 2750 7345 7390 25894
leaf_count=74509 8205 11734 3483 41298 5740 3686 2203 3952 17295 15428 22299 2087 4746 2990 18679 2001 5915 5179 2313 38981 3072 2509 2818 40894 2779 11325 2750 7345 7390 25894
internal_value=-0.000975588 -0.000297478 -0.00021969 -0.000255065 -0.00127649 -0.0003005 0.000701651 -0.000159639 0.000231852 -0.000339204 -0.000872874 -7.13214e-05 -0.00216822 -0.00027281 0.00113233 0.00198417 0.00253235 -0.00138093 -0.000109329 0.000224859 0.00171871 -0.000461354 0.000819186 -0.000241132 0.0013234 -0.00069856 0.000131115 -0.000182401 -0.0010798 9.15507e-05
internal_weight=399499 324990 312039 308556 26353 14619 8879 282203 88736 193467 64650 128817 12951 6676 30547 11868 9867 38803 25847 87519 5159 20755 5327 58189 5092 16504 82360 43379 10140 33239
internal_count=399499 324990 312039 308556 26353 14619 8879 282203 88736 193467 64650 128817 12951 6676 30547 11868 9867 38803 25847 87519 5159 20755 5327 58189 5092 16504 82360 43379 10140 33239
cat_boundaries=0 29 61 93 94 126 158 190 222 248 280 312 338 357 376 395 396
cat_threshold=0 0 0 0 0 0 0 0 0 0 0 0 0 0 0 0 0 0 0 0 0 0 63 0 0 984 0 0 7168 0 0 0 0 0 0 0 0 0 0 0 0 524288 0 0 297795584 0 0 234881024 2 0 1610612736 0 0 0 4 0 0 16 0 0 6656 35 0 0 8336 0 0 167936 0 0 2162688 0 0 6553600 0 0 747634688 0 0 3456106496 3 0 0 0 0 0 1 0 0 8448 0 0 75776 2 358 0 0 12000 0 0 108032 0 0 557056 0 0 0 0 0 31457280 0 0 1560281088 0 0 3221225472 0 0 0 4 0 0 0 0 0 256 915 0 0 9216 0 0 131072 0 0 2097152 0 0 50790400 0 0 747634688 0 0 3221225472 0 0 3489660928 0 0 0 2 0 0 336 0 0 12544 0 0 0 0 0 0 0 0 0 0 0 0 1048576 0 0 33554432 0 0 285212672 0 0 2147483648 0 0 0 33 0 0 864 0 0 65536 0 0 0 8208 0 0 36864 0 0 0 0 0 0 0 0 545259520 0 0 3221225472 1 0 0 0 0 0 1 0 0 0 0 0 73728 8 0 0 608 0 0 6144 0 0 131072 0 0 0 0 0 2097152 0 0 620756992 3 0 536870912 0 0 0 5 32 0 0 1696 0 0 98304 0 0 524288 0 0 0 0 0 14680064 0 0 1073741824 0 0 1073741824 0 0 0 4 0 0 0 0 0 256 0 0 0 768 0 0 9216 0 0 307200 0 0 0 0 0 2097152 0 0 822083584 0 0 3221225472 0 0 0 4 0 0 16 0 0 4352 320 0 0 1056 0 0 512 0 0 524288 0 0 0 0 0 29360128 0 0 469762048 0 0 2147483648 0 0 0 4 0 0 0 4112 0 0 149760 0 0 270336 0 0 720896 0 0 671088640 0 0 2181038080 64 0 0 784 0 0 7936 0 0 1298432 0 0 9961472 0 0 304087040 0 0 402653184 4 0 0 32 0 0 65536 0 0 8192 0 0 2097152 0 0 16777216 0 0 67108864 25
is_linear=0
shrinkage=0.08


Tree=81
num_leaves=31
num_cat=1
split_feature=45 45 15 21 44 28 37 45 33 8 13 40 33 27 44 45 35 43 20 29 45 12 30 3 34 43 41 34 10 27
split_gain=123.888 5.79783 13.5268 4.71531 2.84457 2.80722 2.63215 3.19595 2.84833 3.06701 2.84155 2.76531 2.68977 3.27535 2.39474 2.07004 1.96764 1.85289 2.25717 1.83213 1.95727 1.70147 1.70198 2.09113 1.25179 4.60583 2.50766 4.62817 2.32843 2.139
threshold=7.2156240940094003 19.697567939758304 1.6686051487922671 1.9951949715614321 19.820819854736332 1007.8684387207032 0.79601287841796886 26.270361900329593 10.425600051879885 0 0.92038154602050792 1.0959672927856448 18.702527999877933 1014.5317687988282 26.214757919311527 11.455700874328615 1.4376640319824221 26.861407279968265 0.47034798562526708 0.27907943725585943 16.95029449462891 1.1267338991165163 10.031250000000002 102.19856262207033 -4.0555419921874991 28.28099346160889 27.847079277038578 -2.3946228027343746 0.32939012348651892 1001.6183166503907
decision_type=2 2 10 2 2 2 2 2 2 1 2 2 2 2 2 2 2 2 2 2 2 2 2 2 2 2 2 2 2 2
left_child=-1 2 15 5 -3 -4 7 8 10 12 -6 16 -10 21 -9 -2 -8 18 -16 -17 -21 22 23 -14 25 -19 -26 -28 -27 -30
right_child=1 4 3 -5 6 -7 11 14 9 -11 -12 -13 13 -15 17 19 -18 24 -20 20 -22 -23 -24 -25 26 28 27 -29 29 -31
leaf_value=-0.2734232770925985 -0.074901553306150156 0.020178294303079311 0.02657976661634243 0.043184540197196475 -0.0056007676998234071 -0.0126626146448282 0.013410419767710005 0.0055853227413811928 -0.010065997369925941 -0.016051758066317715 0.012008028044238376 -0.00021881858618547903 -0.0012282812586990473 0.01856218507948746 -0.0063103290471937532 -0.035393703500780152 0.0021207785148272319 -0.0062651197552432945 -0.0004827888205168893 -0.021720190979481396 0.0086258340701746671 -0.025075075667631643 -0.0076647752791783944 0.016487436890214913 0.0012127204442024524 0.0046434734328846018 0.0011559799678547695 -0.0032992981943882646 0.0066769647643447252 -0.0019888878729623933
leaf_weight=74840 7758 2724 2657 3539 4317 5820 3324 6372 17454 15694 3405 24181 2527 2525 9301 10621 8474 19635 10424 4288 2785 3827 2542 2087 59849 2304 20777 27388 10786 27785
leaf_count=74840 7758 2724 2657 3539 4317 5820 3324 6372 17454 15694 3405 24181 2527 2525 9301 10621 8474 19635 10424 4288 2785 3827 2542 2087 59849 2304 20777 27388 10786 27785
internal_value=-0.000972052 -0.000296575 -0.00123251 0.000979211 -0.000174648 -4.57179e-05 -0.00019928 -0.000291701 -0.000833861 -0.00106939 0.000588721 0.000440245 -0.000607259 0.000240271 -0.000140184 -0.00227665 0.00144377 -0.000191843 -0.000925261 -0.00179711 -0.000797968 -0.000357683 0.000370638 0.00128547 -0.00010595 -0.000397225 5.72456e-05 -0.000372393 8.65834e-05 -6.12746e-05
internal_weight=400010 325170 37468 12016 287702 8477 284978 248999 54378 46656 7722 35979 30962 13508 194621 25452 11798 188249 19725 17694 7073 10983 7156 4614 168524 60510 108014 48165 40875 38571
internal_count=400010 325170 37468 12016 287702 8477 284978 248999 54378 46656 7722 35979 30962 13508 194621 25452 11798 188249 19725 17694 7073 10983 7156 4614 168524 60510 108014 48165 40875 38571
cat_boundaries=0 1
cat_threshold=2
is_linear=0
shrinkage=0.08


Tree=82
num_leaves=31
num_cat=10
split_feature=24 44 15 5 27 21 5 37 5 27 5 19 5 34 5 20 14 12 39 5 36 11 31 5 30 5 5 23 31 40
split_gain=118.321 5.30423 6.341 3.91253 5.51635 3.60392 3.5107 3.13951 3.94835 3.62028 3.15347 3.10542 2.60012 2.52426 4.15761 2.06256 1.94818 1.88594 2.70667 1.60697 1.53564 1.53418 1.26552 3.27092 1.25523 1.17491 1.16183 1.444 1.32786 1.08429
threshold=14.779327392578127 5.66888451576233 1.9352951645851137 0 1011.9341430664064 2.3255139589309697 1 0.17169952392578128 2 1013.7864074707032 3 1.474335849285126 4 2.3715515136718754 5 1.1044000983238222 0.48791365325450903 0.53368705511093151 0.67528858780860912 6 4.4474601745605478 0.74221256375312816 88.05838775634767 7 2297.8125000000005 8 9 27.207244873046879 79.011917114257827 2.0723900794982915
decision_type=2 2 10 9 2 2 9 2 9 2 9 2 9 2 9 2 2 2 2 9 2 2 2 9 2 9 9 2 2 2
left_child=1 -1 -3 4 16 7 -4 9 -9 10 -5 12 -11 19 -15 -16 -2 -14 -19 20 -10 -6 -12 -24 26 -23 -18 28 -28 -21
right_child=3 2 6 5 21 -7 -8 8 13 11 22 -13 17 14 15 -17 24 18 -20 29 -22 25 23 -25 -26 -27 27 -29 -30 -31
leaf_value=-0.35915920134178964 -0.0064675518124142689 -0.0723215599973345 -0.041029752177876022 0.00068527264187039029 -0.020569459998205985 0.048434215197614899 0.035562645546757005 -0.0012575480740472517 0.00029885754033558495 -0.026870955293927815 -0.0025896899917265191 0.0077403074423082474 -0.019850351691317592 0.023168469447765686 -0.0056876723400351168 0.01875359436381278 0.0022525783525287435 0.00973512908186395 -0.019081148571012774 0.0016632760100570823 0.0087776585526150672 -0.0038033477140760816 0.0099379441716313729 -0.0042507436261978128 -0.011646940382193867 -0.024682478654767227 -0.02035005004868112 0.00085023755827852367 -0.0020614386782124177 -0.0035731036268218464
leaf_weight=68238 4114 11385 2096 62606 10716 2054 2112 37965 2242 7108 61603 2164 2112 2486 2592 2409 21086 2090 2505 34127 3345 7725 2026 5116 2626 4714 4528 11838 4751 9145
leaf_count=68238 4114 11385 2096 62606 10716 2054 2112 37965 2242 7108 61603 2164 2112 2486 2592 2409 21086 2090 2505 34127 3345 7725 2026 5116 2626 4714 4528 11838 4751 9145
internal_value=-0.000962522 -0.00363407 -0.00230033 -0.000253235 -0.000770849 -0.000100036 0.000352773 -0.000128467 0.00023193 -0.00035917 -0.000220797 -0.00149578 -0.00193707 0.000656707 0.00202374 0.000684325 -0.000289503 -0.000800952 0.000108577 0.00044699 0.00172142 -0.00178804 -0.00059478 0.000412751 -0.0001364 -0.0011821 -3.06076e-05 -0.000449828 -0.00119669 0.000281622
internal_weight=399624 83831 15593 315793 72098 243695 4208 241641 94311 147330 131351 15979 13815 56346 7487 5001 48943 6707 4595 48859 5587 23155 68745 7142 44829 12439 42203 21117 9279 43272
internal_count=399624 83831 15593 315793 72098 243695 4208 241641 94311 147330 131351 15979 13815 56346 7487 5001 48943 6707 4595 48859 5587 23155 68745 7142 44829 12439 42203 21117 9279 43272
cat_boundaries=0 32 64 96 128 160 176 208 227 253 279
cat_threshold=16 0 0 4096 0 0 0 0 0 0 0 0 33751040 0 0 810549248 0 0 2214592512 1 0 3758096384 63 0 0 989 0 0 4096 0 0 3072 0 0 0 0 0 0 0 0 0 0 0 0 0 0 0 0 0 0 3221225472 0 0 2147483648 31 0 0 768 0 0 16128 0 0 82944 454 0 0 1888 0 0 83712 0 0 839680 0 0 0 0 0 10485760 0 0 285212672 0 0 0 0 0 0 0 0 0 8240 0 0 70400 198 0 0 832 0 0 12032 0 0 2084864 0 0 5242880 0 0 10485760 0 0 1895825408 0 0 0 0 0 0 32 0 0 8224 0 0 65536 0 0 0 208 0 0 13056 0 0 131072 0 0 21495808 0 0 262144000 0 0 973078528 0 0 268435456 0 0 0 2 0 0 32 0 0 4608 0 0 0 10240 0 0 131072 0 0 2162688 0 0 15466496 0 0 201326592 0 0 0 16 0 0 4096 0 0 0 0 0 16777216 0 0 67108864 0 0 0 0 0 0 0 0 0 32 0 0 384 0 0 8192 0 0 0 3120 0 0 4096 0 0 0 0 0 10485760 0 0 50331648 0 0 134217728 0 0 0 4096 0 0 0 0 0 0 0 0 196608 0 0 806354944 0 0 2214592512 1 0 3758096384 16 0 0 16 16 0 0 0 0 0 0 0 0 0 0 0 196608 0 0 5242880 0 0 0 1 0 2147483648 35 0 0 5
is_linear=0
shrinkage=0.08


Tree=83
num_leaves=31
num_cat=12
split_feature=45 5 6 5 27 34 12 5 16 37 24 5 5 43 34 5 5 38 30 31 5 12 12 5 37 5 5 45 42 38
split_gain=123.467 7.55935 3.90008 11.0299 5.41068 4.52057 5.11162 6.64975 3.39326 3.36318 4.11535 3.5171 3.32544 3.20017 3.62167 4.0908 3.0995 2.90752 3.59079 2.76386 2.71346 2.58612 2.56185 2.3587 2.32962 2.31058 2.1598 2.09614 2.07011 2.24618
threshold=6.7985877990722665 0 1 2 1016.7608642578126 5.2969665527343759 0.61876603960990917 3 1.5356665253639223 -0.92414093017578114 26.454437255859379 4 5 28.330252647399906 -4.9674072265624991 6 7 0.46915960311889654 34.312500000000007 83.274261474609389 8 1.4180124998092654 0.33330278098583227 9 -1.4205131530761717 10 11 26.640208244323734 14.49696731567383 1.7497081756591799
decision_type=2 9 1 9 2 2 2 9 10 2 2 9 9 2 2 9 9 2 2 2 9 2 2 9 2 9 9 2 2 2
left_child=-1 8 4 -4 12 6 26 -8 -2 -9 11 -11 24 14 16 -16 -14 18 -17 -20 22 23 -15 -12 -3 -21 -5 -28 -26 -30
right_child=1 2 3 5 -6 -7 7 9 -10 10 21 -13 13 20 15 17 -18 -19 19 25 -22 -23 -24 -25 28 -27 27 -29 29 -31
leaf_value=-0.26559467600913772 -0.058118074325073786 0.021195127305660293 -0.014559812597452329 0.00040083649221239824 0.042594913828809061 -0.024688471428721614 -0.002736900505867093 -0.0083822285849910055 -0.0061713368188430319 0.010625478416862948 0.011385490457924823 0.032352275265635083 -0.01677553924943357 0.0040778632242339961 -0.003995659888669097 0.011492900838475031 -0.0038873899646213292 -0.0040419757802715173 -0.0023547413336705374 0.00043711417538544835 -0.0015946154116185244 -0.0088023369261323505 0.0019367684953938813 0.0028853362202942729 0.023930511102976726 0.0063284764748362671 -0.011850439206768495 -0.0016443417880118508 0.001303158498106378 -0.01026211981053006
leaf_weight=73012 6868 3885 29018 21747 2072 8414 14386 2833 4158 2333 5344 2009 8625 4558 21146 2581 10128 9997 8955 5657 26304 2202 25397 6250 2292 5139 7279 20085 50053 7376
leaf_count=73012 6868 3885 29018 21747 2072 8414 14386 2833 4158 2333 5344 2009 8625 4558 21146 2581 10128 9997 8955 5657 26304 2202 25397 6250 2292 5139 7279 20085 50053 7376
internal_value=-0.000926569 -0.000262562 -0.000190646 -0.000545277 3.20304e-05 -0.000119783 5.64398e-05 0.000789775 -0.00231975 0.00169768 0.00209874 0.00424448 -1.19321e-05 -0.00024612 -0.000598467 -0.000262878 -0.00155476 0.000303069 0.00081067 0.000443094 0.000206223 0.00142083 0.000726605 0.00189797 0.000461068 0.00130446 -0.000471571 -0.000944202 0.000337445 0.000243109
internal_weight=400103 327091 316065 121900 194165 92882 84468 35357 11026 20971 18138 4342 192093 128487 72228 53475 18753 32329 22332 19751 56259 13796 29955 11594 63606 10796 49111 27364 59721 57429
internal_count=400103 327091 316065 121900 194165 92882 84468 35357 11026 20971 18138 4342 192093 128487 72228 53475 18753 32329 22332 19751 56259 13796 29955 11594 63606 10796 49111 27364 59721 57429
cat_boundaries=0 32 33 65 84 103 135 167 196 219 238 254 273
cat_threshold=0 0 0 0 0 0 0 0 0 0 0 0 0 0 0 0 0 0 0 0 0 0 62 0 0 984 0 0 3072 0 0 33792 6 1 0 0 256 0 0 0 0 0 0 0 0 50331648 0 0 806354944 0 0 3221225472 3 0 4026531840 1 0 0 7 0 0 368 0 0 14848 190 0 0 12528 0 0 11264 0 0 2113536 0 0 8585216 0 0 203423744 0 0 50331648 0 0 0 2048 0 0 20480 0 0 929792 0 0 4456448 0 0 8388608 0 0 469762048 517 0 0 6192 0 0 45824 0 0 540672 0 0 1048576 0 0 67108864 0 0 3221225472 3 0 2415919104 0 0 0 7 0 0 240 0 0 12800 56 0 0 1728 0 0 131072 0 0 471040 0 0 4259840 0 0 16777216 0 0 922746880 0 0 1610612736 1 0 0 32 0 0 4096 0 0 67584 64 0 0 384 0 0 198656 0 0 3420160 0 0 63897600 0 0 7340032 0 0 654311424 0 0 1610612736 0 0 0 0 0 0 512 98 0 0 1600 0 0 2048 0 0 405504 0 0 15269888 0 0 813694976 0 0 654311424 0 0 1610612736 1 0 0 0 0 0 0 233472 0 0 1712128 0 0 7340032 0 0 62914560 0 0 67108864 2 0 0 8192 0 0 68608 0 0 3178496 0 0 34209792 0 0 542113792 294 0 0 8384 0 0 163584 0 0 393216 0 0 1310720 0 0 224395264 0 0 419430400
is_linear=0
shrinkage=0.08


Tree=84
num_leaves=31
num_cat=12
split_feature=45 5 21 28 6 5 5 37 6 5 14 5 37 14 28 5 5 15 15 5 36 43 38 43 5 37 12 38 5 28
split_gain=120.816 6.91961 5.05979 5.4178 8.95688 8.94641 7.5942 4.77539 2.9016 12.6146 5.29721 2.53696 2.91951 2.50024 2.45823 2.50377 2.34438 2.18256 2.1353 2.06839 1.96697 1.91962 2.07632 1.90096 1.65532 1.59719 1.87534 1.33803 2.98645 2.12739
threshold=6.396303892135621 0 2.3831326961517338 1012.4328002929689 1 2 3 0.018253326416015628 4 5 2.4438469409942631 6 1.5042915344238283 0.37124037742614752 1009.1777954101564 7 8 0.42371147871017462 1.5065944790840151 9 190.29950714111331 27.071198463439945 0.11343288421630861 19.712667465209964 10 -1.4697494506835935 0.31961958110332495 2.0639953613281254 11 1003.4665527343751
decision_type=2 9 2 2 1 9 9 2 1 9 2 9 2 2 2 9 9 10 10 9 2 2 2 2 9 2 2 2 9 2
left_child=-1 18 3 8 5 -5 7 -6 9 10 17 12 14 -13 20 21 23 -3 -2 -19 25 22 -16 -7 -11 -10 -27 -15 -29 -30
right_child=1 2 -4 4 6 16 -8 -9 11 24 -12 13 -14 27 15 -17 -18 19 -20 -21 -22 -23 -24 -25 -26 26 -28 28 29 -31
leaf_value=-0.27002274093189071 -0.059275421856253487 0.0038225722841801636 0.051798656937635509 0.016747349757174464 -0.029650044265735524 -0.015688278493375889 -0.026776643870773907 0.026418562912713259 0.01249681725232491 -0.0066497426226743584 0.030131137265844047 -0.003797117610469023 0.017897152812141603 -0.00023742648268583363 0.011901805490929236 0.00026624751293052396 -0.020021706906847351 0.0063637244208992238 -0.010565233594420114 -0.0044974222352741284 0.0078321544051131661 0.0033773104583094231 0.0057568690737077721 0.0068508641727642247 -0.018933041596191868 0.0017246474455478941 -0.0010319244141265558 0.007899278958596807 -0.0015341989256259375 -0.01554060569616527
leaf_weight=71425 6123 2459 2749 3778 2832 2964 18854 2199 2752 9168 2331 6548 2532 135778 2085 7734 4070 3131 3285 6731 2142 4802 2018 3007 9259 10559 51331 2497 6121 8885
leaf_count=71425 6123 2459 2749 3778 2832 2964 18854 2199 2752 9168 2331 6548 2532 135778 2085 7734 4070 3131 3285 6731 2142 4802 2018 3007 9259 10559 51331 2497 6121 8885
internal_value=-0.000916727 -0.000268717 -0.000205628 -0.000235356 -0.00113528 0.000485872 -0.00207237 0.00068818 -0.000113644 -0.000816823 0.000934568 -1.89429e-05 0.000331491 -0.000207422 0.000250116 0.00111983 -0.000763742 0.000272159 -0.00240475 -0.000260131 3.32955e-05 0.00203249 0.00330367 0.000246369 -0.00220892 -4.59083e-05 -0.000129888 -0.000141979 -0.000800092 -0.00122614
internal_weight=400149 328724 319316 316567 37704 13819 23885 5031 278863 33079 14652 245784 85955 159829 83423 16639 10041 12321 9408 9862 66784 8905 4103 5971 18427 64642 61890 153281 17503 15006
internal_count=400149 328724 319316 316567 37704 13819 23885 5031 278863 33079 14652 245784 85955 159829 83423 16639 10041 12321 9408 9862 66784 8905 4103 5971 18427 64642 61890 153281 17503 15006
cat_boundaries=0 29 30 56 88 89 115 147 176 205 224 250 282
cat_threshold=0 0 0 0 0 0 0 0 0 0 0 0 0 0 0 0 0 0 0 0 0 0 30 0 0 968 0 0 3584 3 0 0 0 14080 0 0 246784 0 0 2101248 0 0 720896 0 0 2097152 0 0 3892314112 0 0 268435456 0 0 0 2 0 0 0 0 0 0 1024 0 0 114688 0 0 12320768 0 0 0 0 0 50331648 0 0 536870912 0 0 0 0 0 0 12416 0 0 103680 1 887 0 0 4336 0 0 133120 0 0 237568 0 0 7340032 0 0 260046848 0 0 939524096 0 0 2147483648 0 0 0 4 1 0 0 2336 0 0 130816 0 0 1966080 0 0 524288 0 0 614465536 0 0 1090519040 3 0 0 32 0 0 1 0 0 224 0 0 65536 1 0 0 2048 0 0 51968 0 0 1572864 0 0 524288 0 0 545259520 0 0 0 2 0 0 0 0 0 0 0 0 160 0 0 0 2048 0 0 12288 0 0 1581056 0 0 29622272 0 0 332398592 0 0 352321536 3 0 2147483648 0 0 0 1 0 0 112 545 0 0 144 0 0 0 0 0 131072 0 0 0 0 0 142606336 0 0 671088640 136 0 0 11264 0 0 12544 0 0 266240 0 0 51118080 0 0 809500672 0 0 1157627904 0 0 0 1 0 0 2 24 0 0 0 0 0 0 0 0 98304 0 0 458752 0 0 1048576 0 0 536870912 0 0 0 0 0 0 0 0 0 0 0 0 256
is_linear=0
shrinkage=0.08


Tree=85
num_leaves=31
num_cat=11
split_feature=45 3 16 6 5 27 33 5 5 34 5 14 16 33 26 5 6 22 5 42 45 34 26 5 34 43 5 5 31 33
split_gain=117.552 7.29304 8.58725 4.04393 10.9732 4.36295 3.98844 8.92589 3.2604 3.21398 3.47259 2.38566 5.27941 2.27571 2.34039 2.59254 2.36852 3.66378 2.84198 2.24331 2.20896 2.02949 2.515 2.49295 2.28369 2.01032 4.12266 2.43442 3.54573 2.18835
threshold=5.9970154762268075 4176.9626464843759 2.2531726360321049 0 1 1016.7608642578126 8.3168640136718768 2 3 5.2969665527343759 4 2.3685066699981694 1.8942162990570071 22.969920158386234 5.1291618347167978 5 6 0.0042915344238281259 7 26.57260894775391 26.640208244323734 2.0746459960937504 5.7114913463592538 8 -0.15097045898437497 28.179669380187992 9 10 85.267482757568374 24.682559967041019
decision_type=2 2 10 1 9 2 2 9 9 2 9 2 8 2 2 9 1 2 9 2 2 2 2 9 2 2 9 9 2 2
left_child=-1 3 -3 5 -5 8 7 -6 19 10 20 13 -13 14 15 -12 17 -17 -19 -2 -8 22 23 24 -22 26 29 -27 -29 -10
right_child=1 2 -4 4 6 -7 9 -9 25 -11 11 12 -14 -15 -16 16 -18 18 -20 -21 21 -23 -24 -25 -26 27 -28 28 -30 -31
leaf_value=-0.27647452671979511 0.0092442176923217441 -0.069686267811353203 0.028995520535800956 -0.021675765150001362 -0.006994639345882939 0.039112078783366665 -0.0092961034209321763 0.015363071211210498 -0.0058496951398095097 -0.020097795124321888 -0.0017096114509978916 0.032763375381168088 -0.012417496268245665 0.0076910272768976017 -0.0028107150551222254 0.017508176331872145 -0.0028693906184931233 -0.009174620293883164 0.0063123890833682687 0.00045220785695579608 0.00067874630564236334 0.0051969759991302321 -0.003805644969198092 -0.0017324590949491969 0.0071229369856653738 -0.0026603479613456849 -0.00015745366681690917 0.00082701319672026251 0.0088397443572871374 0.0038448626830155166
leaf_weight=70094 15445 8690 2009 21786 2313 2428 17727 3167 27634 9362 10600 2623 2200 2684 13887 2768 3419 2080 2962 35824 2758 2173 11222 7835 2095 24757 46382 37607 3398 2069
leaf_count=70094 15445 8690 2009 21786 2313 2428 17727 3167 27634 9362 10600 2623 2200 2684 13887 2768 3419 2080 2962 35824 2758 2173 11222 7835 2095 24757 46382 37607 3398 2069
internal_value=-0.000923962 -0.000291762 -0.00234532 -0.00022286 -0.000580882 3.59889e-06 -0.000232201 0.00186521 -3.88564e-05 -0.000351642 -0.00020004 0.000308673 0.00198386 9.78902e-05 -7.12096e-05 0.000445258 0.00129114 0.00205875 0.000774346 0.000507788 -0.000701803 -0.000233474 -0.000446489 0.00032509 0.00174595 -0.000236476 -0.000516461 8.74527e-05 0.000465569 -0.00125196
internal_weight=399998 329904 10699 319205 123661 195544 101875 5480 193116 96395 87033 43223 4823 38400 35716 21829 11229 7810 5042 51269 43810 26083 23910 12688 4853 141847 76085 65762 41005 29703
internal_count=399998 329904 10699 319205 123661 195544 101875 5480 193116 96395 87033 43223 4823 38400 35716 21829 11229 7810 5042 51269 43810 26083 23910 12688 4853 141847 76085 65762 41005 29703
cat_boundaries=0 1 33 55 87 109 128 129 148 164 196 228
cat_threshold=6 0 0 0 0 0 0 0 0 0 0 0 0 65536 0 0 268435456 0 0 3221225472 3 0 1879048192 63 0 0 15 0 0 368 0 0 14848 451 0 0 14384 0 0 246528 0 0 3698688 0 0 59113472 0 0 184549376 0 0 536870912 0 0 2147483648 3 0 0 10544 0 0 12544 0 0 16384 0 0 16777216 0 0 536870912 0 0 3221225472 3 0 268435456 40 0 0 518 0 0 13280 0 0 12288 729 0 0 3888 0 0 62464 0 0 2670592 0 0 58851328 0 0 674234368 0 0 50331648 0 0 2147483648 6 0 0 12352 0 0 2048 0 0 331776 0 0 3932160 0 0 67108864 0 0 134217728 8 32 0 0 128 0 0 0 0 0 0 0 0 0 0 0 54525952 0 0 536870912 128 0 0 304 0 0 36864 0 0 524288 0 0 50462720 0 0 3145728 16 0 0 1600 0 0 133120 0 0 1978368 0 0 46530560 0 0 14680064 0 0 922746880 0 0 1610612736 4 0 0 128 0 0 0 0 0 67072 792 0 0 4096 0 0 214016 0 0 2129920 0 0 36700160 0 0 525336576 0 0 134217728 0 0 3221225472 0 0 0 0 0 0 0 0 0 256
is_linear=0
shrinkage=0.08


Tree=86
num_leaves=31
num_cat=2
split_feature=45 3 16 29 33 16 3 12 38 45 6 6 32 19 43 19 1 33 16 30 26 1 22 32 40 1 42 29 0 0
split_gain=117.931 8.3077 8.29089 4.07401 8.27215 2.49841 5.13945 2.72706 3.37303 4.05263 2.74943 2.70013 2.26225 2.41708 2.02523 2.00607 1.93704 3.37556 2.05342 1.8706 3.06918 2.46764 2.09954 2.82004 2.48186 2.14496 2.08704 1.82278 1.69018 1.68997
threshold=5.5958764553070077 4248.2268066406259 2.3205643892288212 0.1747093200683594 18.439488410949711 1.1205481886863711 684.99069213867199 1.1478430032730105 -0.44339084625244135 25.574098587036136 0 1 347.80049133300787 2.1184194087982182 23.161844253540043 1.5317373275756838 79.250000000000014 16.774080276489261 1.4099016785621645 806.56250000000011 5.3929812908172616 75.750000000000014 3.6063194274902348 595.90359497070324 0.44346714019775396 90.250000000000014 27.794082641601566 0.76412582397460949 13.250000000000002 21.750000000000004
decision_type=2 2 10 2 2 8 2 2 2 2 1 1 2 2 2 2 2 2 10 2 2 2 2 2 2 2 2 2 2 2
left_child=-1 3 -3 4 16 6 19 10 9 11 14 -9 29 -14 -7 -12 -2 -18 -19 20 -5 26 27 -24 -25 -26 -22 28 -21 -6
right_child=1 2 -4 5 12 7 -8 8 -10 -11 15 -13 13 -15 -16 -17 17 18 -20 22 21 -23 23 24 25 -27 -28 -29 -30 -31
leaf_value=-0.28475086027334484 -0.031619057004235333 -0.066686267556316015 0.028223359614819473 0.00060941850767535371 0.0095250695304855606 -0.046108471203532141 -0.018202818305120889 0.030104097245297133 -0.0054818539836380357 -0.00097309171527606791 0.0046011195993753348 0.0066415351489959818 -0.0022213098768328809 0.022767487956944873 0.0017730756447620591 0.029663616621279063 -0.016821625572164038 -0.0044970150277002206 0.014659111804224037 -0.00080985459339111873 -0.0075471966846571547 -0.0012576058219989947 -0.00070084197635898336 0.0052868607355861432 0.0030553495498676065 -0.0036046123770418661 0.0017128154713536064 -0.0017145763091775262 0.0028316252380920425 -0.00089844406681307252
leaf_weight=68444 11099 9578 2004 37053 4318 2054 9506 3408 25586 10985 28161 3112 48313 2703 4204 2760 7597 4983 2027 12304 13107 23738 10817 6574 6684 3253 2358 18359 11122 4229
leaf_count=68444 11099 9578 2004 37053 4318 2054 9506 3408 25586 10985 28161 3112 48313 2703 4204 2760 7597 4983 2027 12304 13107 23738 10817 6574 6684 3253 2358 18359 11122 4229
internal_value=-0.000894195 -0.000270791 -0.00237474 -0.000194668 -0.000668348 -2.28795e-05 -0.000210609 0.000339311 -9.38271e-05 0.000761632 0.000841216 0.00233997 -0.000150606 -0.000352449 -0.000686844 0.00115045 -0.00186748 -0.00126072 5.69705e-06 -9.26966e-05 -0.000365878 -0.000859206 0.000208728 0.000753822 0.00141129 0.000612445 -0.00164524 -0.000147866 0.000319849 0.00105317
internal_weight=400440 331996 11582 320414 85269 235145 154875 80270 43091 17505 37179 6520 59563 51016 6258 30921 25706 14607 7010 145369 76256 39203 69113 27328 16511 9937 15465 41785 23426 8547
internal_count=400440 331996 11582 320414 85269 235145 154875 80270 43091 17505 37179 6520 59563 51016 6258 30921 25706 14607 7010 145369 76256 39203 69113 27328 16511 9937 15465 41785 23426 8547
cat_boundaries=0 1 2
cat_threshold=8 12
is_linear=0
shrinkage=0.08


Tree=87
num_leaves=31
num_cat=13
split_feature=45 3 17 8 28 0 38 5 28 5 5 19 5 5 45 22 45 5 5 38 5 32 5 26 30 5 38 5 5 28
split_gain=115.55 8.80646 7.30253 3.4353 5.59549 4.09629 4.00474 6.74499 3.61783 3.23491 3.11869 3.9264 3.03271 2.87392 2.49935 2.2212 2.36716 1.97586 1.83804 1.82182 3.04343 2.07225 1.9638 1.78739 3.43072 3.25928 2.34726 3.39112 2.23202 2.16796
threshold=5.2022025585174569 4176.9626464843759 2.2370764017105107 0 1012.3459472656251 35.250000000000007 0.99994850158691417 1 1009.9784545898439 2 3 2.1184194087982182 4 5 24.886857032775882 1.0771751403808596 27.683953285217289 6 7 -0.10150623321533202 8 361.34713745117193 9 5.3929812908172616 1117.6875000000002 10 -0.91317677497863758 11 12 1014.0321655273439
decision_type=2 2 10 1 2 2 2 9 2 9 9 2 9 9 2 2 2 9 9 2 9 2 9 2 2 9 2 9 9 2
left_child=-1 3 -3 5 9 6 10 -8 -7 -5 15 23 -6 -9 -15 18 17 -17 -2 20 -11 -22 -21 25 26 29 27 -25 -28 -12
right_child=1 2 -4 4 12 8 7 13 -10 19 11 -13 -14 14 -16 16 -18 -19 -20 22 21 -23 -24 24 -26 -27 28 -29 -30 -31
leaf_value=-0.29327428642103759 -0.0085343038215476147 -0.059401979394468327 0.024618483659698636 -0.0047141845077835701 -0.0043909775680831551 2.9656637733513349e-05 0.0069465183831980692 -0.01664837656471526 0.060685687952055048 -0.0071847770575562755 0.0054720351808584524 0.044944152030654543 -0.030534704077342614 -0.025551664311171902 -0.0030412172856460057 -0.0018348948340232527 -0.0018488850196358893 0.0041574757800225091 -0.0016661350470673691 0.0025888450407567992 0.012177835003101264 -0.0013229433829092905 -0.0006030162946247127 0.010951727192953174 0.0021049403649875372 0.00047057962279611166 -0.0084174751347790878 -0.0061076954451271381 -0.0013386892055727709 -0.0086238989151858087
leaf_weight=66773 8706 10968 2144 25448 5198 2009 6709 8451 2177 9680 26053 2048 8536 5615 19961 4637 13530 11925 19541 15559 2887 14174 25358 2210 13203 37619 6312 2131 17499 2933
leaf_count=66773 8706 10968 2144 25448 5198 2009 6709 8451 2177 9680 26053 2048 8536 5615 19961 4637 13530 11925 19541 15559 2887 14174 25358 2210 13203 37619 6312 2131 17499 2933
internal_value=-0.000879532 -0.000270816 -0.00230209 -0.000187544 -0.000557792 -2.04522e-06 -5.171e-05 -0.000763364 0.00247283 -0.000335325 0.000120529 0.00037125 -0.00206461 -0.00122031 -0.000796375 -0.000352235 0.000125971 0.000767076 -0.000861664 -4.59834e-05 -0.000559382 8.40691e-05 0.000289588 0.000305269 -0.000107822 0.000561734 -0.000606776 0.00110227 -0.000918686 0.00119892
internal_weight=399994 333221 13112 320109 106840 213269 209083 40736 4186 93106 168347 110008 13734 34027 25576 58339 30092 16562 28247 67658 26741 17061 40917 107960 41355 66605 28152 4341 23811 28986
internal_count=399994 333221 13112 320109 106840 213269 209083 40736 4186 93106 168347 110008 13734 34027 25576 58339 30092 16562 28247 67658 26741 17061 40917 107960 41355 66605 28152 4341 23811 28986
cat_boundaries=0 1 30 62 91 123 149 175 204 236 268 297 323 349
cat_threshold=2 8 0 0 9472 0 0 37376 0 0 2105344 0 0 35323904 0 0 9437184 0 0 0 0 0 0 0 0 0 512 0 0 64 24 0 0 256 0 0 3328 0 0 2314240 0 0 50790400 0 0 286261248 0 0 33554432 0 0 536870912 40 0 0 640 0 0 4240 0 0 36352 834 0 0 7680 0 0 253952 0 0 2097152 0 0 35258368 0 0 697303040 0 0 67108864 0 0 1073741824 7 0 0 524 0 0 32 0 0 0 0 0 0 124160 0 0 1994752 0 0 18677760 0 0 0 0 0 1627389952 2 0 2952790016 0 0 0 2 0 0 784 0 0 256 1013 0 0 6672 0 0 65792 0 0 1900544 0 0 25165824 0 0 268435456 0 0 0 1 0 2415919104 53 0 0 137 66 0 0 0 0 0 131072 0 0 0 0 0 655360 0 0 25165824 0 0 0 0 0 1073741824 4 0 0 520 768 0 0 7168 0 0 0 0 0 0 0 0 0 0 0 9437184 0 0 0 0 0 0 3 0 0 12 0 0 32 2 0 0 4624 0 0 192512 0 0 1056768 0 0 13631488 0 0 2097152 0 0 2164260864 1 0 268435456 0 0 0 2 0 0 8480 0 0 8448 258 0 0 13824 0 0 258048 0 0 1048576 0 0 13631488 0 0 136314880 0 0 1627389952 0 0 0 3 0 0 0 0 0 8448 0 0 65536 41 0 0 48 0 0 3840 0 0 1249280 0 0 31784960 0 0 4194304 0 0 150994944 0 0 2147483648 24 0 0 129 0 0 64 28 0 0 8432 0 0 3072 0 0 389120 0 0 8388608 0 0 0 0 0 50331648 0 0 268435456 0 0 0 3 4 0 0 32 0 0 1024 0 0 245760 0 0 31784960 0 0 104857600 0 0 536870912 0 0 536870912 0 0 0 2
is_linear=0
shrinkage=0.08


Tree=88
num_leaves=31
num_cat=8
split_feature=41 41 16 5 36 15 37 5 5 7 43 38 5 41 16 40 37 5 22 27 5 37 5 32 41 38 34 5 20 34
split_gain=115.734 5.39661 8.42935 4.74182 3.91264 3.37845 2.88168 4.2168 3.42067 2.77939 2.666 2.22583 3.57645 2.20964 3.39443 2.18852 3.25531 2.17803 2.17747 1.80122 1.78585 1.72659 1.61364 1.52459 1.51875 2.01065 1.64484 1.93517 1.5159 2.55778
threshold=6.0670838356018075 22.272419929504398 2.7750731706619267 0 2.7623176574707036 1.2065497040748598 0.19270324707031253 1 2 1.5000000000000002 21.053441047668461 0.18248748779296878 3 2.9977456331253056 2.7393678426742558 2.9746980667114262 1.860343933105469 4 1.0000000180025095e-35 1014.7371520996095 5 -1.4205131530761717 6 293.27053833007818 27.827211380004886 0.29721260070800787 -2.2285156249999996 7 1.3397374749183657 2.0079040527343754
decision_type=2 2 10 9 2 10 2 9 9 2 2 2 9 2 8 2 2 9 2 2 9 2 9 2 2 2 2 9 2 2
left_child=13 2 3 28 -4 -5 8 -8 21 18 -9 12 -7 -1 -15 16 22 -17 -10 -14 -20 -3 24 -23 26 -26 -12 -28 -2 -30
right_child=1 6 4 5 -6 11 7 10 9 -11 15 -13 19 14 -16 17 -18 -19 20 -21 -22 23 -24 -25 25 -27 27 -29 29 -31
leaf_value=-0.36600767630314368 -0.014132963169501953 0.017720256793912263 -0.00044338082774493493 -0.03205149712840899 0.063779339968002738 -0.020134595801730153 -0.0014944302205250615 0.026090039494688445 -0.010506930773490424 -0.00099644804775466007 0.0017011724899019514 -0.024870206808013051 0.019227496879300688 -0.085728432741934077 0.0039010927582420812 0.0069802869345371365 0.019061012250949808 -0.018180025813311768 -0.00031530371910959301 -0.0018755942786809346 -0.0051895557105718585 -0.013409407667086638 0.001137414287873894 0.00074706715883405737 -0.0044493587380811193 0.0046093680255541256 0.0094905782751102119 0.0049264356211887262 -0.002605954276507394 0.029618134573435522
leaf_weight=59760 2353 3690 2047 16341 2026 5407 37598 2014 12010 80300 3137 11361 2991 10581 2006 2082 2106 3765 14527 3245 13594 3622 41464 46405 3029 3052 3024 2643 2175 2056
leaf_count=59760 2353 3690 2047 16341 2026 5407 37598 2014 12010 80300 3137 11361 2991 10581 2006 2082 2106 3765 14527 3245 13594 3622 41464 46405 3029 3052 3024 2643 2175 2056
internal_value=-0.000862403 -0.000223658 -0.000988724 -0.00129816 0.00249522 -0.00163038 -8.60506e-05 0.000247334 -0.000284984 -0.00052174 0.000630969 -0.0010053 -0.000227582 -0.00375842 -0.00279019 0.000540987 0.000688616 -0.000933585 -0.00106535 0.00107673 -0.00067982 0.000245863 0.000572827 0.000122548 0.00128682 0.000314562 0.0019587 0.00277118 0.000688067 0.00159302
internal_weight=400411 328064 50002 45929 4073 39345 278062 103914 174148 120431 66316 23004 11643 72347 12587 64302 58455 5847 40131 6236 28121 53717 56349 50027 14885 6081 8804 5667 6584 4231
internal_count=400411 328064 50002 45929 4073 39345 278062 103914 174148 120431 66316 23004 11643 72347 12587 64302 58455 5847 40131 6236 28121 53717 56349 50027 14885 6081 8804 5667 6584 4231
cat_boundaries=0 32 64 96 128 160 183 212 232
cat_threshold=0 0 0 128 0 0 0 0 0 16384 0 0 4587520 0 0 242221056 0 0 1610612736 0 0 268435456 0 0 0 0 0 0 640 0 0 102656 468 0 0 4928 0 0 75520 0 0 831488 0 0 0 0 0 18874368 0 0 1879048192 0 0 3221225472 1 0 0 14 0 0 32 0 0 256 262 0 0 768 0 0 75520 0 0 1839104 0 0 0 0 0 2097152 0 0 1895825408 1 0 3221225472 17 0 0 13 0 0 48 0 0 2048 0 0 0 0 0 0 0 0 0 0 0 0 524288 0 0 8388608 0 0 100663296 0 0 1610612736 7 0 0 1017 0 0 12352 0 0 11264 0 0 0 0 0 0 4096 0 0 2113536 0 0 40828928 0 0 13631488 0 0 0 0 0 268435456 0 0 0 0 0 0 16 0 0 4096 161 0 0 14576 0 0 163840 0 0 32768 0 0 23986176 0 0 62914560 0 0 234881024 0 0 268435456 32 1 0 0 8208 0 0 131072 0 0 2097152 0 0 11599872 0 0 67108864 0 0 2281701376 2 0 0 34 0 0 1 0 0 16 1 0 0 16 0 0 131072 0 0 0 0 0 10485760 0 0 0 0 0 134217728 2
is_linear=0
shrinkage=0.08


Tree=89
num_leaves=31
num_cat=1
split_feature=24 23 16 6 23 11 27 14 28 32 31 43 16 16 22 31 29 14 30 30 24 34 25 0 25 14 37 30 31 34
split_gain=112.339 4.04404 4.85198 3.79766 5.31387 4.26917 4.01404 2.92105 3.2817 2.37977 2.80878 2.00296 1.80889 1.78704 1.64731 1.80023 1.6382 2.3906 3.20256 2.99837 2.64259 2.24402 2.52508 1.93889 1.92283 2.28591 1.51051 1.56084 5.51837 2.69374
threshold=11.893447875976564 4.0038986206054696 2.4612061977386479 0 22.97163009643555 0.68484061956405651 1015.7557373046876 3.4330714941024785 1012.7153320312501 361.34713745117193 78.418453216552749 11.577303409576418 1.6475567817687991 3.468857049942017 0.67090988159179699 76.184738159179702 0.1747093200683594 1.3431411981582644 27.531250000000004 697.68750000000011 29.656524658203129 0.50967407226562511 1.3535770177841189 7.7500000000000009 4.9285030364990243 0.40290619432926184 -0.33339691162109369 55.312500000000007 57.723901748657234 0.98788452148437511
decision_type=2 2 10 1 2 2 2 2 2 2 2 2 10 8 2 2 2 2 2 2 2 2 2 2 2 2 2 2 2 2
left_child=1 -1 -3 6 5 -5 9 11 -9 10 -2 12 -7 16 15 26 -6 19 20 23 -19 22 -21 -18 -25 -26 -11 28 -28 -29
right_child=3 2 -4 4 13 7 -8 8 -10 14 -12 -13 -14 -15 -16 -17 17 18 -20 21 -22 -23 -24 24 25 -27 27 29 -30 -31
leaf_value=-0.33786398040354088 0.0014882830493310603 -0.066129943353998882 0.014445636126511983 -0.025972239533245976 -0.0030107257664975301 -0.053237331098528309 0.030694403835871881 0.040210948115605473 -0.013124231813690226 -0.0069107054834416023 0.018799309161875836 -0.0054506349223442689 -0.012223940966430013 0.0040473682532444115 0.0020913120690419793 -0.0038784089869464827 0.0022230825414578832 0.021918072562748383 0.00064032602427172599 -0.012482613703799826 0.0055276363586878935 0.0039781917869871185 0.00029299747464501717 -0.0015428800782965977 -0.0094434633298404527 -0.0032983924090311569 0.00047598897198800722 0.00084042957293359939 0.011476442783352152 -0.014773753582781447
leaf_weight=61906 4730 10125 2378 15667 28896 3741 2278 2481 2151 9233 2803 23461 3966 2897 18564 11379 4166 2177 33955 4652 3710 3047 55646 30545 5255 19246 9528 16588 2762 2128
leaf_count=61906 4730 10125 2378 15667 28896 3741 2278 2481 2151 9233 2803 23461 3966 2897 18564 11379 4166 2177 33955 4652 3710 3047 55646 30545 5255 19246 9528 16588 2762 2128
internal_value=-0.00085226 -0.00365654 -0.00234093 -0.00021141 -0.000367293 -0.00108996 0.000267306 -0.000607652 0.00126497 0.000170086 0.00152035 -0.000886267 -0.00200441 -0.000175735 2.49592e-05 -0.000207485 -0.000205641 -0.000106867 0.000431395 -0.000281871 0.00215228 0.000100701 -6.50092e-06 -0.000691095 -0.00081706 -0.00134487 4.38262e-05 0.000311322 0.00101138 -0.000148671
internal_weight=400061 74409 12503 325652 245659 51467 79993 35800 4632 77715 7533 31168 7707 194192 70182 51618 191295 162399 39842 122557 5887 63345 60298 59212 55046 24501 40239 31006 12290 18716
internal_count=400061 74409 12503 325652 245659 51467 79993 35800 4632 77715 7533 31168 7707 194192 70182 51618 191295 162399 39842 122557 5887 63345 60298 59212 55046 24501 40239 31006 12290 18716
cat_boundaries=0 1
cat_threshold=2
is_linear=0
shrinkage=0.08


Tree=90
num_leaves=31
num_cat=11
split_feature=45 5 17 37 28 6 5 43 5 14 37 29 5 5 5 6 30 14 26 33 33 5 45 17 38 14 5 31 17 5
split_gain=111.595 6.62165 3.39482 2.68402 3.08265 6.58249 2.73129 2.68376 1.64887 2.91923 1.83713 3.03696 4.25374 2.76678 2.15276 1.3695 1.40848 1.28097 2.13043 1.25989 1.44985 1.93274 1.23375 1.67014 1.22071 1.4668 2.45341 1.72599 1.23265 1.18324
threshold=5.2022025585174569 0 1.825224041938782 2.3840446472167973 1014.9271850585939 1 2 12.322314262390138 3 3.4330714941024785 0.24380874633789065 0.12908172607421878 4 5 6 7 1906.1250000000002 0.39550973474979406 6.3152894973754892 27.077183723449711 16.876223564147953 8 3.5407916307449345 2.1686761379241948 2.7336778640747075 1.9710244536399844 9 72.063686370849624 1.7078553438186648 10
decision_type=2 9 10 2 2 1 9 2 9 2 2 2 9 9 9 1 2 2 2 2 2 9 2 10 2 2 9 2 8 9
left_child=22 2 7 4 8 -6 -7 -2 9 24 11 12 -10 19 15 29 -17 18 -16 20 21 -12 -1 -24 25 28 -27 -28 -3 -13
right_child=1 3 -4 -5 5 6 -8 -9 10 -11 13 14 -14 -15 17 16 -18 -19 -20 -21 -22 -23 23 -25 -26 26 27 -29 -30 -31
leaf_value=-0.35621035409689666 -0.058043272276352628 -0.00021272224359037372 0.0054536097183010106 0.019728366703742849 0.01389045130356987 0.002534231972208778 -0.040474344820299893 -0.0067523972283204791 -0.00023703800665452349 0.036937007119359627 0.0032527626320644769 0.0049885363731995772 -0.013173518477616393 0.0021411721990434178 0.00072719580911908318 0.0030948053361512934 -0.0025315373978356736 -0.0013552555744108139 -0.006830594366404639 0.0093101847150868795 -0.0041012585785847088 -0.0030338470742804495 -0.097907807183458428 -0.024972114743219583 -0.015582986848994203 -0.0059599284304837317 0.025058937604603697 0.0066711140527184977 0.0083958609970943426 -0.0055992052950018028
leaf_weight=60425 9307 76625 3254 2693 3978 2179 8962 3851 12006 2002 5428 2221 17019 36403 2304 18666 2485 70915 4399 2555 23216 5013 4259 2082 2669 3226 2648 2019 3849 3351
leaf_count=60425 9307 76625 3254 2693 3978 2179 8962 3851 12006 2002 5428 2221 17019 36403 2304 18666 2485 70915 4399 2555 23216 5013 4259 2082 2669 3226 2648 2019 3849 3351
internal_value=-0.00087065 -0.000272503 -0.00183837 -0.000191271 -0.000212869 -0.00132699 -0.00232273 -0.0024113 -0.000156494 0.000123019 -0.000282737 -0.000459034 -0.00118271 4.10317e-05 -0.000257631 0.000361514 0.000655424 -0.000470801 -0.00152719 -0.000453964 -0.000584193 0.00019864 -0.00385564 -0.00278444 5.64101e-05 0.000107403 0.00114741 0.00231534 5.26717e-06 -0.000752505
internal_weight=400009 333243 16412 316831 314138 15119 11141 13158 299019 93038 205981 133366 29025 72615 104341 26723 21151 77618 6703 36212 33657 10441 66766 6341 91036 88367 7893 4667 80474 5572
internal_count=400009 333243 16412 316831 314138 15119 11141 13158 299019 93038 205981 133366 29025 72615 104341 26723 21151 77618 6703 36212 33657 10441 66766 6341 91036 88367 7893 4667 80474 5572
cat_boundaries=0 32 33 65 97 129 161 190 191 217 249 278
cat_threshold=0 0 0 0 0 0 0 0 0 0 0 0 0 0 0 0 0 0 0 0 0 0 63 0 0 976 0 0 3584 0 0 1024 3 0 0 0 0 0 0 0 0 0 65536 0 0 4456448 0 0 1048576 0 0 50331648 0 0 536870912 0 0 0 2 0 0 256 0 0 35584 582 0 0 9184 0 0 1280 0 0 1658880 0 0 3145728 0 0 570425344 0 0 536870912 2 0 0 0 0 0 8 0 0 8416 0 0 114944 49 0 0 0 0 0 512 0 0 303104 0 0 458752 0 0 24117248 0 0 335544320 0 0 3221225472 0 0 0 32 0 0 16 0 0 4096 400 0 0 5120 0 0 90112 0 0 434176 0 0 131072 0 0 283115520 0 0 1392508928 0 0 3489660928 0 0 0 37 0 0 4368 0 0 2048 0 0 0 0 0 0 81920 0 0 393216 0 0 12582912 0 0 10485760 0 0 1258291200 0 0 2415919104 0 0 0 5 0 0 4112 2 400 0 0 1024 0 0 24576 0 0 262144 0 0 0 0 0 276824064 0 0 318767104 0 0 0 0 0 0 4 0 0 0 128 0 0 0 0 0 16384 0 0 0 0 0 33554432 0 0 0 0 0 0 0 0 0 8 0 0 224 0 0 65792 0 0 0 0 0 0 16384 0 0 0 0 0 0 0 0 8388608 0 0 1090519040 0 0 2415919104 0 0 0 1 0 0 4112
is_linear=0
shrinkage=0.08


Tree=91
num_leaves=31
num_cat=11
split_feature=45 3 17 6 5 5 23 15 29 5 33 45 17 12 34 6 5 6 45 18 5 43 3 31 12 31 5 5 22 5
split_gain=112.554 4.91945 6.51716 3.29668 7.88526 3.09939 3.65599 5.1449 2.68813 2.60617 2.54108 2.23174 2.33502 2.01337 2.08915 1.74496 2.88122 1.66893 1.5857 1.52677 2.2914 2.51712 2.06033 2.81073 1.9001 2.71632 6.20145 1.95199 1.88207 2.89704
threshold=5.5958764553070077 4305.9995117187509 2.1236810684204106 0 1 2 14.49696731567383 1.6432787179946902 0.99914169311523449 3 22.439231872558597 3.9625599384307866 2.1686761379241948 0.67723068594932567 4.9243164062500009 4 5 6 28.976885795593265 0.37664714455604559 7 28.736724853515629 290.15364074707037 75.315174102783217 0.5652655065059663 75.619453430175795 8 9 1.2860298156738283 10
decision_type=2 2 10 1 9 9 2 10 2 9 2 2 10 2 2 1 9 1 2 2 9 2 2 2 2 2 9 9 2 9
left_child=11 3 -3 5 17 18 7 -7 9 10 13 -1 -13 -6 15 16 -15 -5 -2 -8 21 22 23 -21 25 26 -22 -26 -27 -30
right_child=1 2 -4 4 8 6 19 -9 -10 -11 -12 12 -14 14 -16 -17 -18 -19 -20 20 24 -23 -24 -25 27 28 -28 -29 29 -31
leaf_value=-0.30174473062116119 -0.003203097703333122 -0.046422409948517103 0.02694236812619303 -0.017462032293625605 -0.0018349137656784396 -0.008709684739445233 -0.0018327190572828376 0.058427244119398973 0.0061040725476726922 -0.0024257895837872167 0.0095842705792550161 -0.082255672776374869 -0.0060825230847642306 0.017679772514662236 -0.013822124779111438 0.00033476784864082946 0.0032587921337965688 -0.035645547470107765 0.00080168251895567104 0.0019494385200517651 0.010034015928658191 -0.0020990274786981361 0.0034526759062822954 0.010615870785693701 -0.0036091295910571819 -0.0011108052329644302 -0.00040813900880106336 0.00081634040957710154 -0.0046105915940597422 0.0028715730038280942
leaf_weight=61924 40518 9290 2000 3794 15643 2160 10844 3141 3357 77155 2056 4405 2013 2332 2508 4066 4107 8935 19095 2343 3219 4105 4427 3668 20611 15030 4380 41792 3848 17502
leaf_count=61924 40518 9290 2000 3794 15643 2160 10844 3141 3357 77155 2056 4405 2013 2332 2508 4066 4107 8935 19095 2343 3219 4105 4427 3668 20611 15030 4380 41792 3848 17502
internal_value=-0.000833702 -0.000224936 -0.00186549 -0.000167114 -0.000490204 3.65414e-05 0.000245969 0.0023039 -0.000274137 -0.000343615 0.000279577 -0.00378991 -0.00236341 8.42801e-05 0.000819165 0.00131431 0.00213098 -0.00237478 -0.000444922 0.00016303 0.000244593 0.00118574 0.00184609 0.0028095 0.000115711 0.000518401 0.00189302 -0.000168107 0.000230832 0.000713482
internal_weight=400268 331926 11290 320636 123953 196683 137070 5301 111224 107867 30712 68342 6418 28656 13013 10505 6439 12729 59613 131769 120925 14543 10438 6011 106382 43979 7599 62403 36380 21350
internal_count=400268 331926 11290 320636 123953 196683 137070 5301 111224 107867 30712 68342 6418 28656 13013 10505 6439 12729 59613 131769 120925 14543 10438 6011 106382 43979 7599 62403 36380 21350
cat_boundaries=0 1 33 65 97 98 130 131 151 170 202 228
cat_threshold=6 0 0 0 0 0 0 0 0 0 0 0 0 0 0 0 268435456 0 0 2147483648 1 0 268435456 55 0 0 13 0 0 368 0 0 14848 272 0 0 192 0 0 198656 0 0 425984 0 0 38141952 0 0 97517568 0 0 469762048 0 0 2147483648 23 0 0 648 0 0 8192 0 0 65536 256 0 0 8256 0 0 133888 0 0 1454080 0 0 7602176 0 0 12582912 0 0 805306368 0 0 0 0 0 0 512 0 0 12288 0 0 65792 8 0 0 0 0 0 0 131840 0 0 8192 0 0 6553600 0 0 8388608 0 0 0 0 0 0 0 0 0 512 0 0 8192 0 0 65536 1 32 0 0 8208 0 0 512 0 0 12288 0 0 0 0 0 0 0 0 3221225472 3 0 0 0 1056 0 0 57344 0 0 3751936 0 0 524288 0 0 840957952 0 0 50331648 578 0 0 800 0 0 62464 0 0 3751936 0 0 8388608 0 0 2097152 0 0 33554432 0 0 0 0 0 0 0 0 0 4304 0 0 2304 0 0 0 0 0 0 4096 0 0 1114112 0 0 19464192 0 0 939524096 0 0 0 0 0 0 32 0 0 1
is_linear=0
shrinkage=0.08


Tree=92
num_leaves=31
num_cat=13
split_feature=45 3 17 6 5 28 5 33 5 5 35 41 10 41 5 38 5 6 5 29 5 35 33 5 45 38 5 14 44 5
split_gain=111.87 5.95112 5.70787 3.36526 6.06471 4.80927 5.90913 4.59584 7.25478 3.40593 3.21294 2.97313 2.95472 6.79398 3.05234 2.71717 2.6524 2.42101 2.30011 2.07748 2.5002 2.03126 1.90809 1.78078 1.70951 4.35721 5.43436 2.77043 2.43382 2.234
threshold=5.2022025585174569 4176.9626464843759 2.2150076627731328 0 1 1014.1453247070314 2 26.043456077575687 3 4 1.0000000180025095e-35 23.959451675415043 0.46843391656875616 27.251212120056156 5 1.1965084075927737 6 7 8 0.015033721923828127 9 0.1387596130371094 16.181183815002445 10 26.375752449035648 -0.30141830444335932 11 1.5590246319770815 26.259904861450199 12
decision_type=2 2 10 1 9 2 9 2 9 9 2 2 2 2 9 2 9 1 9 2 9 2 2 9 2 2 9 2 2 9
left_child=-1 3 -3 4 7 9 -7 8 -2 11 -9 15 13 -6 -14 16 -5 -8 -15 20 -16 -20 -10 -17 25 26 27 -11 -26 -27
right_child=1 2 -4 5 12 6 17 10 22 24 -12 -13 14 18 19 23 -18 -19 21 -21 -22 -23 -24 -25 28 29 -28 -29 -30 -31
leaf_value=-0.21029597853704654 0.02447938562928172 -0.04237212325596626 0.01964628791446513 0.028848424371923014 0.0090731975029792085 0.0095939086716106525 -0.0018776018121916841 -0.0086422995330340743 0.020901008635254979 0.0011447034120342183 0.0050344065406739283 0.00010336300757207618 -0.0060182040738841524 -0.0040172658430666849 0.016730420519865393 0.01300507781530816 0.010489958732019487 -0.034394751188688386 -0.0016933304762043249 -0.0015613586553970635 0.001198727694158985 0.0042186221602334159 0.004370876404808822 -0.0090476491896639265 0.007515215718153845 -0.018096371569835436 -0.0071352355383983513 0.021019512752753006 -0.000961520480208944 -0.0062476724988967678
leaf_weight=66889 2273 10964 2285 2399 2206 3905 3393 3980 2006 5912 2157 45588 15821 3864 2169 2063 3643 13048 2714 22578 3994 3977 13050 2943 3669 11237 13813 4256 111564 11812
leaf_count=66889 2273 10964 2285 2399 2206 3905 3393 3980 2006 5912 2157 45588 15821 3864 2169 2063 3643 13048 2714 22578 3994 3977 13050 2943 3669 11237 13813 4256 111564 11812
internal_value=-0.000835741 -0.000236466 -0.00189728 -0.000167653 0.00027873 -0.000318393 -0.0014946 0.00136149 0.00202803 -0.000209019 -0.000518628 0.000325048 -0.000164834 0.000907994 -0.000472226 0.0015019 0.00264243 -0.00215807 6.24695e-05 1.93308e-05 0.00131994 0.000959022 0.00138604 0.000122806 -0.000395434 -0.000801872 -4.68519e-05 0.00135532 -0.000229533 -0.00158706
internal_weight=400172 333283 13249 320034 80789 239245 20346 23466 17329 218899 6137 56636 57323 12761 44562 11048 6042 16441 10555 28741 6163 6691 15056 5006 162263 47030 23981 10168 115233 23049
internal_count=400172 333283 13249 320034 80789 239245 20346 23466 17329 218899 6137 56636 57323 12761 44562 11048 6042 16441 10555 28741 6163 6691 15056 5006 162263 47030 23981 10168 115233 23049
cat_boundaries=0 1 33 65 97 129 161 193 194 207 233 265 297 329
cat_threshold=2 34 0 0 8272 0 0 2816 0 0 110592 0 0 131072 0 0 806354944 0 0 3758096384 1 0 268435456 2 0 0 1 0 0 12624 0 0 14592 0 0 0 0 0 0 200704 0 0 3932160 0 0 9175040 0 0 0 0 0 1124073472 2 0 536870912 0 0 0 0 0 0 512 0 0 768 0 0 0 16 0 0 256 0 0 8192 0 0 0 0 0 1048576 0 0 0 0 0 0 0 0 0 0 0 0 8528 0 0 12288 68 0 0 2560 0 0 65536 0 0 1507328 0 0 7340032 0 0 62914560 0 0 603979776 0 0 0 58 0 0 516 0 0 4320 0 0 68864 17 0 0 2432 0 0 119808 0 0 1966080 0 0 4194304 0 0 62914560 0 0 33554432 0 0 0 48 0 0 12 0 0 0 0 0 66048 0 0 0 0 0 0 0 0 0 131072 0 0 7340032 0 0 50331648 0 0 67108864 0 0 0 24 0 0 0 0 0 64 0 0 66560 1 716 0 0 2560 0 0 163840 0 0 0 0 0 15794176 0 0 0 0 0 0 131072 0 0 0 0 0 8454144 0 0 0 0 0 67108864 0 0 3758096384 0 0 0 2 0 0 0 0 0 0 0 0 0 0 0 0 7340032 0 0 12582912 0 0 536870912 0 0 0 8 0 0 512 0 0 192 0 0 65792 32 0 0 1248 0 0 133120 0 0 53248 0 0 327680 0 0 268435456 0 0 436207616 2 0 3221225472 1 0 0 9 0 0 272 0 0 12800 24 0 0 448 0 0 24832 0 0 2666496 0 0 50397184 0 0 270532608 0 0 167772160 1 0 2952790016 1 0 0 1 0 0 256 0 0 512
is_linear=0
shrinkage=0.08


Tree=93
num_leaves=31
num_cat=13
split_feature=45 5 16 17 40 18 5 19 5 5 43 45 14 14 5 33 5 6 10 5 5 38 6 43 5 44 5 38 19 5
split_gain=108.657 6.10831 3.87653 2.66003 2.70149 3.68536 3.65908 2.56856 2.32945 2.26044 2.20699 1.82799 2.26024 1.81811 2.57592 1.89468 3.13057 2.20176 3.28132 1.96289 1.7844 1.69021 1.50426 1.49664 3.57949 1.95171 2.39236 2.3013 2.88139 2.01678
threshold=4.7959589958190927 0 1.4774245023727419 3.107384562492371 2.4179573059082036 2.9459803104400639 1 0.81094756722450267 2 3 12.322314262390138 2.6212915182113652 2.8226450681686406 0.61696794629096996 4 9.1937279701232928 5 6 0.72284245491027843 7 8 0.99994850158691417 9 27.005108833312992 10 27.408617019653324 11 -0.14624309539794919 0.49845239520072943 12
decision_type=2 9 8 10 2 2 9 2 9 9 2 2 2 2 9 2 9 1 2 9 9 2 1 2 9 2 9 2 2 9
left_child=11 2 10 4 5 8 -6 -8 -3 -9 -2 -1 -13 23 15 16 -15 18 19 -17 -20 22 -4 24 -10 26 -25 29 -29 -27
right_child=1 3 21 -5 6 -7 7 9 13 -11 -12 12 -14 14 -16 17 -18 -19 20 -21 -22 -23 -24 25 -26 27 -28 28 -30 -31
leaf_value=-0.3496587685665643 -0.058033687141656055 -0.0026223562666631882 0.014954449972834143 0.028968963846243773 0.010318119086540747 0.022164733528898667 -0.016561406959536191 0.00025854525824035087 0.001714214050002937 -0.012119160881359108 -0.0083736004484924118 -0.085040001566140958 -0.0087198175694653945 0.014397885789122855 0.0020211846018427506 0.0016879420837059794 -0.0012869774662304652 -0.0028484527293388497 -0.007338558365211331 0.014274842050758216 0.003040989392056223 -0.019665345842857954 -0.014577907546440057 -0.0013874304294285908 -0.0053181250835607312 -0.007940937339292688 0.0035717381684141325 0.0010712018051987498 -0.0024633884434167494 -0.00063032427707740359
leaf_weight=57291 7199 54655 3308 3966 3908 2274 8675 18258 5349 20605 3349 5813 2016 3236 44664 2168 4687 44906 4732 2606 8395 5419 2002 6660 12901 6067 9561 24823 14683 5375
leaf_count=57291 7199 54655 3308 3966 3908 2274 8675 18258 5349 20605 3349 5813 2016 3236 44664 2168 4687 44906 4732 2606 8395 5419 2002 6660 12901 6067 9561 24823 14683 5375
internal_value=-0.000822013 -0.000239816 -0.00155083 -0.000150639 -0.000177078 -7.14184e-05 -0.000706313 -0.000899786 -0.000100017 -0.000621821 -0.00263989 -0.00381145 -0.00265799 2.60306e-05 0.000233128 -6.72801e-05 0.00109769 -0.000214402 0.00053546 0.00232943 -0.000117836 -0.00048012 0.000533834 -0.000253732 -0.000895948 -7.91328e-05 0.000684861 -0.000322463 -3.30002e-05 -0.00132099
internal_weight=399551 334431 21277 313154 309188 257742 51446 47538 255468 38863 10548 65120 7829 200813 115394 70730 7923 62807 17901 4774 13127 10729 5310 85419 18250 67169 16221 50948 39506 11442
internal_count=399551 334431 21277 313154 309188 257742 51446 47538 255468 38863 10548 65120 7829 200813 115394 70730 7923 62807 17901 4774 13127 10729 5310 85419 18250 67169 16221 50948 39506 11442
cat_boundaries=0 32 64 96 128 160 182 183 205 227 228 247 263 279
cat_threshold=0 0 0 0 0 0 0 0 0 0 0 0 0 0 0 0 0 0 0 0 0 0 63 0 0 980 0 0 3712 0 0 17408 24 0 0 0 0 0 4096 0 0 131072 0 0 458752 0 0 1048576 0 0 0 0 0 0 0 0 0 8 0 0 0 0 0 12288 48 0 0 0 0 0 0 0 0 73728 0 0 54919168 0 0 9437184 0 0 134217728 1 0 1610612736 0 0 0 43 0 0 4400 0 0 11008 0 0 0 128 0 0 0 0 0 2211840 0 0 16777216 0 0 421527552 0 0 1660944384 2 0 3489660928 0 0 0 34 0 0 320 0 0 256 772 0 0 12448 0 0 72704 0 0 2146304 0 0 3735552 0 0 421527552 0 0 4060086272 2 0 2415919104 0 0 0 0 0 0 64 0 0 4096 0 0 0 128 0 0 6144 0 0 0 0 0 1572864 0 0 285212672 0 0 301989888 2 0 2415919104 2 260 0 0 12320 0 0 4096 0 0 2097152 0 0 1638400 0 0 0 0 0 805306368 2 0 2147483648 4 0 0 12416 0 0 70656 0 0 49152 0 0 0 0 0 134217728 0 0 33554432 0 0 2415919104 4 263 0 0 1040 0 0 99840 0 0 3145728 0 0 8388608 0 0 536870912 0 0 2147483648 131 0 0 16 0 0 173824 0 0 3149824 0 0 8454144 0 0 134217728 2 0 0 4704 0 0 242688 0 0 1839104 0 0 10485760 0 0 134217728
is_linear=0
shrinkage=0.08


Tree=94
num_leaves=31
num_cat=9
split_feature=45 3 17 21 28 5 6 38 5 5 14 45 17 37 5 31 29 45 17 26 5 5 45 41 34 21 27 5 9 29
split_gain=109.559 6.45213 5.86012 3.52245 3.5502 5.09646 2.14654 1.8273 3.30486 1.91239 2.60207 1.72409 1.72453 1.60562 5.4327 1.58631 1.51409 1.39407 2.00283 1.37731 2.31795 2.04612 1.8164 1.79755 1.79854 1.48196 1.39097 1.4008 1.3882 1.28637
threshold=4.3717133998870858 4305.9995117187509 2.3649792671203618 2.4855581521987919 1014.9271850585939 0 1 2.3381347656250004 2 3 3.5746949911117558 25.960359573364261 0.78905731439590465 1.5529937744140627 4 92.781368255615249 0.99750137329101574 2.1524105072021489 2.4164966344833378 6.2239890098571786 5 6 31.388112068176273 27.806479454040531 -3.0847778320312496 0.66708219051361095 1008.6871032714845 7 8 0.44243240356445318
decision_type=2 2 10 2 2 9 1 2 9 9 2 2 8 2 9 2 2 2 10 2 9 9 2 2 2 2 2 9 1 2
left_child=17 3 29 4 7 -6 -7 9 -9 11 13 12 -2 15 -15 -11 19 -1 -19 21 28 23 -23 24 -13 -26 27 -25 -21 -3
right_child=1 2 -4 -5 5 6 -8 8 -10 10 -12 16 -14 14 -16 -17 -18 18 -20 20 -22 22 -24 26 25 -27 -28 -29 -30 -31
leaf_value=-0.35851713218406522 -0.017944029238568974 -0.010618196684526068 0.021735019996011844 0.074038525773000324 0.01213551279973139 -0.0029329173091121471 -0.037089033860364329 0.0019322422487105843 -0.01417121435397444 -0.00010103778411728566 0.022843547349549412 -0.0011214084871467227 -0.0052366075059543582 -0.0060784560138698379 0.026019953919552277 0.010596916444172513 0.0049300549221095256 -0.096856355989435469 -0.012768056519765878 0.0031206950755626357 -0.0064419655028301551 -0.0039263836449670653 0.013605964784058306 0.010043315515576901 0.0035631409699811273 0.016541131158660263 -0.0040523831974800502 -0.0021600519441226755 -0.0023864455956591601 -0.049340772744275334
leaf_weight=55928 4589 2542 2226 2071 3891 3069 9565 9066 11923 187456 2473 2508 21601 2685 2442 3743 3727 5802 2052 3164 8924 16614 2328 2214 3203 2164 3315 3435 4933 10055
leaf_count=55928 4589 2542 2226 2071 3891 3069 9565 9066 11923 187456 2473 2508 21601 2685 2442 3743 3727 5802 2052 3164 8924 16614 2328 2214 3203 2164 3315 3435 4933 10055
internal_value=-0.000802046 -0.000224877 -0.00185613 -0.000149518 -0.000170913 -0.00131237 -0.00209072 -0.000108517 -0.000828421 -5.48161e-05 7.96896e-05 -0.000378009 -0.000914505 4.71427e-05 0.00144286 9.64294e-06 -0.000129398 -0.00384136 -0.0028352 -0.000239492 -0.000831661 4.23561e-05 -0.000527793 0.000683551 0.001565 0.00239018 -9.09303e-05 0.000672203 0.000149315 -0.00252463
internal_weight=399708 335926 14823 321103 319032 16525 12634 302507 20989 281518 198799 82719 26190 196326 5127 191199 56529 63782 7854 52802 17021 35781 18942 16839 7875 5367 8964 5649 8097 12597
internal_count=399708 335926 14823 321103 319032 16525 12634 302507 20989 281518 198799 82719 26190 196326 5127 191199 56529 63782 7854 52802 17021 35781 18942 16839 7875 5367 8964 5649 8097 12597
cat_boundaries=0 32 33 65 97 126 152 184 213 214
cat_threshold=0 0 0 0 0 0 0 0 0 786432 0 0 262144 0 0 1048576 0 0 1660944384 0 0 805306368 0 0 0 1 0 0 512 0 0 33280 3 16 0 0 0 0 0 0 0 0 2211840 0 0 6225920 0 0 15728640 0 0 1610612736 2 0 1610612736 0 0 0 524 0 0 96 0 0 256 665 0 0 80 0 0 0 0 0 16384 0 0 42336256 0 0 550502400 0 0 2197815296 1 0 1610612736 21 0 0 644 0 0 16 0 0 37120 256 0 0 32 0 0 1024 0 0 3481600 0 0 20447232 0 0 52428800 0 0 939524096 0 0 2147483648 0 0 0 8 0 0 8288 664 0 0 64 0 0 0 0 0 16384 0 0 33554432 0 0 0 0 0 0 0 0 0 0 0 0 4 1 0 0 16 0 0 0 0 0 0 0 0 42074112 0 0 542113792 0 0 2164260864 1 0 0 1 0 0 0 0 0 16 0 0 4096 1 0 0 16 0 0 0 0 0 0 0 0 33554432 0 0 1048576 0 0 16777216 1 0 0 0 0 0 0 0 0 16 28
is_linear=0
shrinkage=0.08


Tree=95
num_leaves=31
num_cat=12
split_feature=45 5 27 21 45 21 5 34 5 5 28 14 5 16 45 41 14 5 45 17 5 5 35 9 5 36 5 5 33 33
split_gain=106.117 5.92415 4.75114 3.17025 2.23838 4.08482 2.75455 2.27907 5.12702 3.74835 3.23575 2.22429 2.21144 2.14525 2.01316 2.00516 1.95469 1.85112 1.75859 2.88503 1.7401 1.68041 1.65273 1.63202 4.90409 1.86666 2.60347 2.21558 2.0437 1.57049
threshold=4.3717133998870858 0 1013.7031860351564 2.4855581521987919 24.999158859252933 0.89059048891067516 1 -4.1058044433593741 2 3 1010.2690429687501 1.3431411981582644 4 1.356146037578583 28.101893424987797 27.954804420471195 3.5746949911117558 5 1.627222537994385 2.5372682809829716 6 7 6.7582130432128915 8 9 11.130809783935549 10 11 19.826496124267582 22.249535560607914
decision_type=2 9 2 2 2 2 9 2 9 9 2 2 9 10 2 2 2 9 2 10 9 9 2 1 9 2 9 9 2 2
left_child=18 2 13 4 5 12 -7 8 14 10 11 -9 -3 -2 20 17 21 -13 -1 -20 -6 -8 -15 24 -10 26 -25 -27 -28 -23
right_child=1 3 -4 -5 7 6 16 9 23 -11 -12 15 -14 22 -16 -17 -18 -19 19 -21 -22 29 -24 25 -26 27 28 -29 -30 -31
leaf_value=-0.37073260252461759 -0.022963928506048562 -0.026522100586812654 -0.042065433240359218 0.077323182700777787 -0.0035436292938843162 0.0093990376961214511 -0.011578989542287716 0.0016624938046489346 0.018874154462800975 -0.00047068361959539008 -0.0011395438224724172 0.02229094093807556 -0.0072603935691746566 -0.0038172840867265303 -0.0028566968085930993 0.0023738362407466889 0.011858784969448317 0.009661746493081564 -0.094350105927724151 -0.0027304700915773551 -0.013247303954400054 -0.0030911535363028881 0.018450124574953781 -0.0039874434614629193 -9.2560714004054551e-05 0.0016225866316255657 0.019515499638301414 -0.0049491792739774845 0.0036905157822842696 0.013361518661407753
leaf_weight=54313 3747 6719 10280 2015 4140 6350 17490 33077 2019 107121 13595 2135 12857 6762 10785 3295 3782 3958 7295 2074 6999 19080 2000 6540 7126 7703 2919 22636 8566 2606
leaf_count=54313 3747 6719 10280 2015 4140 6350 17490 33077 2019 107121 13595 2135 12857 6762 10785 3295 3782 3958 7295 2074 6999 19080 2000 6540 7126 7703 2919 22636 8566 2606
internal_value=-0.000800453 -0.000233379 -0.00147819 -0.000142799 -0.00016331 -0.00056574 -0.000177462 -4.90316e-05 -0.000400439 0.00012204 0.000651925 0.000995879 -0.00154314 -0.000431026 -0.00144076 0.00208214 -0.000407465 0.00294085 -0.00379464 -0.00277599 -0.00219535 -0.000575308 0.000254445 -3.40793e-06 0.000975449 -0.000188824 0.000455779 -0.000571881 0.00118036 -0.000104304
internal_weight=399984 336302 22789 313513 311498 68884 49308 242614 79433 163181 56060 42465 19576 12509 21924 9388 42958 6093 63682 9369 11139 39176 8762 57509 9145 48364 18025 30339 11485 21686
internal_count=399984 336302 22789 313513 311498 68884 49308 242614 79433 163181 56060 42465 19576 12509 21924 9388 42958 6093 63682 9369 11139 39176 8762 57509 9145 48364 18025 30339 11485 21686
cat_boundaries=0 32 64 96 118 147 167 199 231 232 258 284 306
cat_threshold=0 0 0 0 0 0 0 0 0 0 0 0 0 0 0 0 0 0 0 0 0 0 63 0 0 980 0 0 7680 0 0 17408 0 0 0 0 0 0 1024 0 0 2211840 0 0 24117248 0 0 0 0 0 16777216 0 0 268435456 0 0 0 0 0 0 0 0 0 66304 13 0 0 12400 0 0 215296 0 0 3420160 0 0 29753344 0 0 542113792 0 0 0 2 0 0 0 0 0 8 0 0 0 0 0 6400 4 0 0 224 0 0 67840 0 0 1593344 0 0 63373312 0 0 812646400 0 0 4227858432 3 0 2147483648 16 0 0 0 0 0 12288 0 0 2097152 0 0 33685504 0 0 488636416 0 0 553648128 1 0 2415919104 0 0 0 3 0 0 48 0 0 0 0 0 0 0 0 0 0 0 0 4653056 0 0 810549248 0 0 0 2 1 0 0 8208 0 0 18432 0 0 2359296 0 0 4456448 0 0 536870912 0 0 0 2 0 0 0 0 0 0 0 0 0 0 0 4096 0 0 0 0 0 0 2048 0 0 0 0 0 33751040 0 0 57671680 0 0 2550136832 0 0 536870912 0 0 0 40 0 0 368 0 0 14336 11 432 0 0 640 0 0 0 0 0 589824 0 0 3145728 0 0 251658240 0 0 268435456 0 0 1073741824 0 0 0 1 34 0 0 640 0 0 46080 0 0 655360 0 0 65536 0 0 201326592 0 0 3422552064 1 0 2415919104 0 0 0 1 128 0 0 3840 0 0 13824 0 0 0 0 0 0 0 0 0 0 0 3758096384 1 0 2147483648
is_linear=0
shrinkage=0.08


Tree=96
num_leaves=31
num_cat=14
split_feature=45 5 37 37 37 7 5 5 5 45 16 16 43 6 5 38 5 21 18 5 5 30 5 30 5 35 5 5 0 5
split_gain=105.733 4.86538 3.28956 3.23991 2.61042 5.16689 3.82818 3.63808 2.90511 2.3595 4.65355 2.05213 1.95573 1.8248 3.35349 1.76388 3.0064 2.65055 1.7869 1.72885 1.71826 1.46447 2.80547 1.42453 2.15846 1.42416 3.19851 1.41708 1.37904 1.39243
threshold=4.7959589958190927 0 -1.1808280944824217 2.3840446472167973 -0.023616790771484372 1.5000000000000002 1 2 3 1.0940650105476382 2.899208784103394 1.5478812456130984 23.841281890869144 4 5 0.66226863861083995 6 1.5178777575492861 2.2840194702148442 7 8 22.562500000000004 9 19.312500000000004 10 15.622615814208986 11 12 7.7500000000000009 13
decision_type=2 9 2 2 2 2 9 9 9 2 10 10 2 1 9 2 9 2 2 9 9 2 9 2 9 2 9 9 2 9
left_child=9 2 -2 4 5 6 -3 -7 23 -1 -11 -4 -8 14 -10 17 -17 18 -9 -19 -15 22 -22 24 -6 27 -27 -25 -23 -30
right_child=1 3 11 -5 8 7 12 15 13 10 -12 -13 -14 20 -16 16 -18 19 -20 -21 21 28 -24 25 -26 26 -28 -29 29 -31
leaf_value=-0.37661641167050447 0.010748894043103257 -0.00066391019573398564 -0.028962986821096756 0.023796584716260651 0.015706455014831217 -0.0036919419469779616 -0.033546537367366756 0.0012975080885478196 0.0015975327650551005 -0.083690037476130894 0.010456627158783746 -0.011030300434416331 -0.006498594116266433 -0.0022612707266359668 -0.011456835807145188 0.0031033313863723477 -0.013072211884273582 0.040286631406387712 -0.021284837846437053 0.0079392721846594724 0.011736618601886293 0.0027770103585438976 0.0026817468868802815 0.001301948793897198 0.0020191417986367504 -0.0047720016093306316 0.0093435733480499595 -0.0013658616559502213 -0.0021711571083675653 0.000629160025652093
leaf_weight=52456 2845 18411 10241 2535 4080 32986 6947 43199 7354 10565 2067 8836 23108 35318 8530 6659 5449 2835 2207 2982 2501 2959 8847 19000 8812 2208 3557 17162 17202 27671
leaf_count=52456 2845 18411 10241 2535 4080 32986 6947 43199 7354 10565 2067 8836 23108 35318 8530 6659 5449 2835 2207 2982 2501 2959 8847 19000 8812 2208 3557 17162 17202 27671
internal_value=-0.000786598 -0.000212421 -0.00136396 -0.000131556 -0.000154894 -0.000402866 -0.00107649 -6.38252e-05 6.24404e-05 -0.0037364 -0.0027502 -0.00174297 -0.00163259 -0.000173983 -0.000966802 0.000291013 -0.000576994 0.00049632 0.000290117 0.00210262 -4.05435e-05 0.000222972 0.00103962 0.000538375 0.0012736 0.000312182 0.00147879 0.000125842 2.90948e-05 -8.13681e-05
internal_weight=399529 334441 21922 312519 309984 144783 48466 96317 165201 65088 12632 19077 30055 110382 15884 63331 12108 51223 45406 5817 94498 59180 11348 54819 12892 41927 5765 36162 47832 44873
internal_count=399529 334441 21922 312519 309984 144783 48466 96317 165201 65088 12632 19077 30055 110382 15884 63331 12108 51223 45406 5817 94498 59180 11348 54819 12892 41927 5765 36162 47832 44873
cat_boundaries=0 32 64 96 128 129 158 190 222 254 280 312 328 360 386
cat_threshold=0 0 0 0 0 0 0 0 0 0 0 0 0 0 0 0 0 0 0 0 0 0 63 0 0 924 0 0 7680 0 0 32768 423 0 0 11056 0 0 74496 0 0 1613824 0 0 131072 0 0 10485760 0 0 1895825408 0 0 3221225472 0 0 0 2 0 0 0 0 0 1024 258 0 0 8368 0 0 167936 0 0 2097152 0 0 55443456 0 0 491782144 0 0 2348810240 0 0 1073741824 0 0 0 66 0 0 0 0 0 3584 832 0 0 8336 0 0 167936 0 0 3473408 0 0 16580608 0 0 478150656 0 0 134217728 2 0 0 0 0 0 0 0 0 192 0 0 6912 1 55 0 0 4192 0 0 10496 0 0 135168 0 0 16777216 0 0 37748736 0 0 4026531840 0 0 2415919104 0 0 0 2 0 0 48 8 0 0 320 0 0 67328 0 0 61440 0 0 8454144 0 0 10485760 0 0 1912602624 2 0 536870912 0 0 0 32 0 0 8304 0 0 4096 0 0 0 0 0 0 0 0 0 0 0 0 2097152 0 0 2097152 0 0 1090519040 0 0 268435456 0 0 0 33 0 0 8368 0 0 65792 20 0 0 4160 0 0 2048 0 0 536576 0 0 0 0 0 0 0 0 1946157056 1 0 3489660928 0 0 0 67 0 0 8464 0 0 91136 32 0 0 3104 0 0 82432 0 0 49152 0 0 0 0 0 1048576 0 0 0 0 0 0 0 0 0 32 0 0 0 8192 0 0 131072 0 0 65536 0 0 14680064 0 0 134217728 0 0 134217728 0 0 0 0 0 0 0 0 0 192 0 0 4608 0 0 0 8336 0 0 131072 0 0 3407872 0 0 65536 0 0 75497472 256 0 0 8208 0 0 167936 0 0 3407872 0 0 589824 0 0 335544320 0 0 0 0 0 0 0 0 0 0 0 0 64 0 0 2560 35 0 0 32 0 0 16384 0 0 49152 0 0 131072 0 0 24117248 0 0 50331648 0 0 0 0 0 0 32
is_linear=0
shrinkage=0.08


Tree=97
num_leaves=31
num_cat=11
split_feature=41 41 16 43 5 41 14 16 5 5 5 38 5 41 44 5 5 3 14 5 5 34 33 18 5 27 5 21 12 0
split_gain=103.843 4.10046 5.69707 3.66164 3.74815 3.6395 3.61784 3.31044 3.08675 2.01891 1.84834 1.60529 3.1871 3.62068 1.90833 4.77366 2.20607 1.90002 2.27257 2.97874 2.33936 2.2434 1.78681 1.89666 1.54999 1.52863 1.43356 1.42165 1.38626 1.53549
threshold=4.9409799575805673 22.272419929504398 1.3131135106086733 21.053441047668461 0 1.1231527924537661 3.4330714941024785 2.9403301477432255 1 2 3 -2.4230117797851558 4 24.662114143371586 24.19478797912598 5 6 396.20188903808599 0.54284444451332103 7 8 -4.1572570800781241 16.456128120422367 1.2027318477630617 9 1012.5149230957032 10 1.1562660336494448 0.19608647376298907 8.2500000000000018
decision_type=2 2 10 2 9 2 2 10 9 9 9 2 9 2 2 9 9 2 2 9 9 2 2 2 9 2 9 2 2 2
left_child=5 2 8 4 -4 -1 10 9 27 -7 -6 12 13 -3 15 -13 -17 18 20 22 -16 -22 23 -20 -23 -15 -19 -2 -26 -30
right_child=1 11 3 -5 6 7 -8 -9 -10 -11 -12 14 -14 25 17 16 -18 26 19 -21 21 24 -24 -25 28 -27 -28 -29 29 -31
leaf_value=-0.29481379106012645 -0.013223758869156325 0.023323808068387054 -0.0076890585106965358 -0.028728079635389332 -0.0013976256317787155 -0.010546278692401694 0.053057387569318964 0.007077840623154954 -0.028695318099601491 -0.077016836335551592 0.020847697518956664 0.021185460313311488 -0.022060142699481908 0.0039996538856047351 -0.002662247352859329 -0.011498562036535629 0.0045703099452173695 -0.0072282856803795583 -0.00047922186054675928 0.0015150563500839122 -0.0039451034607304886 0.0024541519744817235 -0.0018190584779525459 0.0087276823944662605 -0.0036850753367851253 -0.030078717390503107 -0.0011143568142157653 0.0070438331236272857 0.0030997577747729449 -0.00058449604260975611
leaf_weight=53414 4788 2217 16635 4197 7298 2011 2025 2020 13790 10067 3908 2328 7759 2492 25541 2909 9164 15176 12160 85336 6118 8999 46836 6833 3177 2668 16286 2245 5053 17060
leaf_count=53414 4788 2217 16635 4197 7298 2011 2025 2020 13790 10067 3908 2328 7759 2492 25541 2909 9164 15176 12160 85336 6118 8999 46836 6833 3177 2668 16286 2245 5053 17060
internal_value=-0.000769101 -0.000189041 -0.000820899 -0.000183489 0.000127727 -0.00362975 0.00113169 -0.00248313 -0.00186301 -0.00298412 0.000568473 -6.43181e-05 -0.00086518 0.000326077 -1.8192e-05 0.000876829 0.000233853 -7.00776e-05 1.41293e-05 0.000185083 -0.000377696 1.28532e-06 -0.00021923 0.000435088 0.000253184 -0.000835591 -0.000650992 -0.000495109 -6.79583e-05 0.000156759
internal_weight=400510 332998 54886 34063 29866 67512 13231 14098 20823 12078 11206 278112 15136 7377 262976 14401 12073 248575 217113 151165 65948 40407 65829 18993 34289 5160 31462 7033 25290 22113
internal_count=400510 332998 54886 34063 29866 67512 13231 14098 20823 12078 11206 278112 15136 7377 262976 14401 12073 248575 217113 151165 65948 40407 65829 18993 34289 5160 31462 7033 25290 22113
cat_boundaries=0 32 64 96 128 160 192 224 256 272 285 317
cat_threshold=0 0 0 0 0 0 0 0 0 0 0 0 524288 0 0 9437184 0 0 2399141888 2 0 1610612736 23 0 0 733 0 0 8080 0 0 35840 16 0 0 192 0 0 0 0 0 2293760 0 0 262144 0 0 720371712 0 0 3758096384 2 0 805306368 0 0 0 6 0 0 2064 0 0 256 0 0 0 0 0 0 0 0 0 0 0 0 0 0 0 0 0 0 0 0 0 2147483648 0 0 0 525 0 0 192 0 0 14848 0 0 0 0 0 0 0 0 0 0 0 0 1310720 0 0 50331648 0 0 1342177280 1 0 2147483648 8 0 0 290 0 0 96 0 0 8704 24 0 0 128 0 0 4096 0 0 2310144 0 0 25100288 0 0 403701760 0 0 50331648 3 0 805306368 1 0 0 5 0 0 0 0 0 4096 0 0 0 0 0 0 0 0 0 1024000 0 0 524288 0 0 16777216 0 0 83886080 0 0 3489660928 51 0 0 8 0 0 16 0 0 4096 16 0 0 0 0 0 0 0 0 3145728 0 0 37945344 0 0 136314880 0 0 2147483648 0 0 0 0 0 0 4 0 0 32 0 0 256 99 0 0 48 0 0 114688 0 0 593920 0 0 29425664 0 0 1041235968 0 0 1392508928 0 0 4026531840 0 0 0 2 0 0 0 0 0 256 152 0 0 8064 0 0 139776 0 0 466944 0 0 2228224 0 0 135266304 0 0 0 32 0 0 65536 0 0 3674112 0 0 29425664 24 0 0 192 0 0 2048 0 0 106496 0 0 53346304 0 0 83886080 0 0 2785017856 0 0 2415919104 1 0 0 8 0 0 0 0 0 256
is_linear=0
shrinkage=0.08


Tree=98
num_leaves=31
num_cat=0
split_feature=23 41 16 38 16 29 37 21 10 38 28 17 12 10 21 38 41 34 23 30 31 26 44 22 38 0 34 12 41 1
split_gain=99.7421 6.70931 8.28759 3.47204 5.83292 2.67414 3.44282 2.56413 2.26843 1.81734 2.04712 1.54508 2.76363 2.31591 2.92982 2.05097 2.72554 2.04995 2.4818 2.11279 1.94014 1.91094 1.89029 1.74708 2.51238 2.39227 2.36845 2.31727 1.80703 1.72586
threshold=3.1156120300292973 9.7499432563781756 1.9570356607437136 2.6624155044555669 2.8130515813827519 0.12908172607421878 -0.12577438354492185 1.6569866538047793 3.774041056632996 2.7336778640747075 1008.2496948242189 0.88418880105018627 1.2617566585540774 2.4935541152954106 1.5969048738479616 -0.76927042007446278 27.891339302062992 -4.4851684570312491 28.258014678955082 378.93750000000006 84.142997741699233 10.80152463912964 28.442725181579593 1.1801719665527346 0.39315128326416021 13.250000000000002 0.77081298828125011 0.34211349487304693 28.196902275085453 84.750000000000014
decision_type=2 2 10 2 10 2 2 2 2 2 2 8 2 2 2 2 2 2 2 2 2 2 2 2 2 2 2 2 2 2
left_child=-1 2 -2 4 -4 6 7 -3 9 10 -8 17 13 14 -13 16 -14 18 21 -19 29 -7 -18 24 -21 28 -25 -27 -26 -20
right_child=1 5 3 -5 -6 11 8 -9 -10 -11 -12 12 15 -15 -16 -17 22 19 20 23 -22 -23 -24 26 25 27 -28 -29 -30 -31
leaf_value=-0.22358969899664782 -0.041322112784347123 -0.010771055002211904 -0.0026050615012088237 -0.033092219910210149 0.063511110233463869 -0.0089165801506881342 0.0038892665623157536 0.0030450411237299834 0.016080435943440771 -0.011716601345243589 -0.0020325246751364528 0.0026374672592850475 0.011861895460486747 -0.0086748731913027406 0.020933668753655276 -0.0060453014108212775 -0.013181192792421912 -0.0017852585482102965 0.0007289780955077518 -0.002767141136880012 0.0045789019373530136 7.516694444208265e-05 0.0071476551779227774 0.00082892369778016087 -0.0026510141380657886 0.0067472118417828634 0.0053120886862848393 0.0015935060236421657 0.0021459900190419104 -0.0092035793999785103
leaf_weight=58813 15798 22618 4857 3183 2042 10215 10771 4572 2494 4486 27204 56782 6094 5428 3659 24522 4718 37639 5168 14160 2332 3629 2901 43447 7423 2040 3485 4985 2328 2195
leaf_count=58813 15798 22618 4857 3183 2042 10215 10771 4572 2494 4486 27204 56782 6094 5428 3659 24522 4718 37639 5168 14160 2332 3629 2901 43447 7423 2040 3485 4985 2328 2195
internal_value=-0.000754285 -0.00022973 -0.00146775 0.000324216 0.00133217 -0.000128067 -0.000555749 -0.00126618 -0.000125877 -0.000263804 -8.37182e-05 -1.15246e-06 0.000231899 0.000545909 0.000688094 -0.000309061 0.000474239 -0.000175642 -0.000855918 -3.69479e-05 0.000125707 -0.00154295 -0.000534278 0.000200929 -0.000265754 0.00039652 0.000508542 0.00152097 -0.000414303 -0.000511597
internal_weight=399988 341175 25880 10082 6899 315295 72145 27190 44955 42461 37975 243150 104104 65869 60441 38235 13713 139046 23539 115507 9695 13844 7619 77868 30936 16776 46932 7025 9751 7363
internal_count=399988 341175 25880 10082 6899 315295 72145 27190 44955 42461 37975 243150 104104 65869 60441 38235 13713 139046 23539 115507 9695 13844 7619 77868 30936 16776 46932 7025 9751 7363
is_linear=0
shrinkage=0.08


Tree=99
num_leaves=31
num_cat=0
split_feature=45 3 33 37 16 28 33 45 27 16 38 45 25 30 7 37 22 38 33 13 28 41 33 30 13 13 30 41 16 22
split_gain=102.98 5.06514 7.19617 3.19795 2.49175 2.3979 5.55829 2.18404 2.14354 1.76641 1.67242 2.8613 2.20844 2.26948 2.31321 3.20987 2.39553 2.14385 2.39886 3.15283 1.97208 3.98972 4.12948 2.41866 3.85867 1.94799 2.04442 3.35626 1.78124 1.75733
threshold=3.5407916307449345 4305.9995117187509 26.175167083740238 2.3840446472167973 1.7305768728256228 1015.0728149414064 19.229760169982914 0.56275889277458202 1014.4288330078126 2.6401363611221318 1.5183884501457217 25.113566398620609 2.9459589719772343 1539.8125000000002 1.5000000000000002 -0.060913085937499993 0.010013580322265627 0.40544569492340093 25.328831672668461 1.3616758584976199 1011.0878295898439 24.202914237976078 16.565184593200687 26.312500000000004 0.7330128848552705 2.1997783184051518 816.06250000000011 27.267179489135746 1.0000000180025095e-35 0.55074691772460949
decision_type=2 2 2 2 10 2 2 2 2 10 2 2 2 2 2 2 2 2 2 2 2 2 2 2 2 2 2 2 10 2
left_child=7 3 4 5 -3 10 -7 -1 -6 -9 12 -12 13 14 15 16 -2 18 19 20 23 22 -22 24 -16 26 28 -28 -14 -25
right_child=1 2 -4 -5 8 6 -8 9 -10 -11 11 -13 25 -15 17 -17 -18 -19 -20 -21 21 -23 -24 29 -26 -27 27 -29 -30 -31
leaf_value=-0.34645819820997209 -0.01630566283908837 -0.043228043789018414 0.017060131935680328 0.02314975448641823 0.0063818142222405953 -0.020933419425250413 0.032272687992493963 -0.083628431574773038 -0.048286925124615222 -0.025966145146797907 -0.019514194003910003 -0.0010853227266387419 0.0049082485260263358 -0.0033962225771873005 0.017946269721830881 0.0022633197374343195 -0.00073843965191842378 -0.00013244151516543032 0.02702578041983604 -0.001558035878298695 -0.0046636653594209375 -0.0078283040842890301 0.025916573463462354 -0.0013892694312910099 0.00571728197748119 0.02055675385987767 0.0036824509122405846 -0.00031267141501939276 -0.0020132546717826121 0.0065721030574643459
leaf_weight=51019 6097 9143 3237 2864 2663 14126 2225 7007 2026 2429 10936 29670 2040 14025 2229 17765 9079 19537 2751 12707 2508 4774 2573 3760 2381 2175 8103 55316 82126 12746
leaf_count=51019 6097 9143 3237 2864 2663 14126 2225 7007 2026 2429 10936 29670 2040 14025 2229 17765 9079 19537 2751 12707 2508 4774 2573 3760 2381 2175 8103 55316 82126 12746
internal_value=-0.000714087 -0.000172467 -0.00151508 -0.000101364 -0.00230949 -0.000125247 -0.00106864 -0.00375589 -0.000807832 -0.00263223 -7.43544e-05 -0.000552099 -4.88198e-07 0.000266614 0.000401669 -0.000145793 -0.000999869 0.000675032 0.000970821 0.000826038 0.00126129 0.000326406 0.00188489 0.00169724 0.00331602 -0.000201911 -0.000237001 0.000106007 -0.000495439 0.0012434
internal_weight=400037 339582 17069 322513 13832 319649 16351 60455 4689 9436 303298 40606 262692 112932 98907 32941 15176 65966 46429 43678 30971 9855 5081 21116 4610 149760 147585 63419 84166 16506
internal_count=400037 339582 17069 322513 13832 319649 16351 60455 4689 9436 303298 40606 262692 112932 98907 32941 15176 65966 46429 43678 30971 9855 5081 21116 4610 149760 147585 63419 84166 16506
is_linear=0
shrinkage=0.08


Tree=100
num_leaves=31
num_cat=12
split_feature=24 5 41 16 21 16 41 41 6 5 38 5 5 5 30 30 27 37 5 24 25 5 40 5 31 5 31 5 5 31
split_gain=96.0646 4.43763 4.43262 3.32352 2.21613 2.1533 2.71772 2.08549 3.91297 4.5278 3.51686 3.95784 3.72481 2.32006 1.84355 1.62918 2.01 1.56464 5.32613 2.83299 2.4799 2.27311 2.04515 2.73017 1.98744 3.56446 2.04063 3.68731 1.87504 1.79616
threshold=8.9877014160156268 0 1.0000000180025095e-35 2.9403301477432255 2.4855581521987919 1.5962277054786684 6.0670838356018075 23.078572273254398 1 2 -0.51381587982177723 3 4 5 6.0625000000000009 0.71875000000000011 1013.2805480957032 0.55859375000000011 6 28.221801757812504 4.4747285842895517 7 1.9264354705810549 8 86.134834289550795 9 73.88169097900392 10 11 56.009637832641609
decision_type=2 9 2 10 2 10 2 2 1 9 2 9 9 9 2 2 2 2 9 2 2 9 2 9 2 9 2 9 9 2
left_child=2 5 -1 -4 7 -2 -7 8 9 -3 12 14 -10 -11 -12 16 -13 21 19 -19 22 -9 23 -21 26 -26 27 -23 -28 -29
right_child=1 4 3 -5 -6 6 -8 17 10 13 11 15 -14 -15 -16 -17 -18 18 -20 20 -22 24 -24 -25 25 -27 28 29 -30 -31
leaf_value=-0.3050881678971305 -0.034559215062623674 -0.036319043481664717 -0.061457765331658448 0.019548847109750089 0.05332155837520907 -0.028916465539579942 0.016216199748080036 -0.0023260592174286256 -0.0088069978489449929 -0.014379357199751582 0.016036896697594016 -0.015944858869312961 0.014089865977414009 0.01058922510754956 -0.0039157282526966538 -0.026165772747370857 0.012116791192988238 0.010198502567638643 -0.0010467884169227438 0.022465742244530212 -0.0034209800074946773 0.0060928661053822409 0.00042851498837365854 0.0040852470769908887 0.0049980262214605791 6.6362905709421003e-06 -0.0019311264968908035 -0.0059213250167878453 7.5573566761421028e-05 0.0015339761976786582
leaf_weight=49954 7547 6021 11503 2060 2138 2712 2152 74755 4043 6359 3788 3404 8439 3331 6204 8828 2096 3485 32104 2022 3168 5326 4304 5414 6972 13815 38255 11027 44849 24268
leaf_count=49954 7547 6021 11503 2060 2138 2712 2152 74755 4043 6359 3788 3404 8439 3331 6204 8828 2096 3485 32104 2022 3168 5326 4304 5414 6972 13815 38255 11027 44849 24268
internal_value=-0.000731585 -0.000193401 -0.00358506 -0.00229957 -0.000136546 -0.00167678 -0.000364383 -0.000153616 -0.000614817 -0.00167084 -0.000163164 -0.000723388 0.000927953 -0.000597323 0.000498601 -0.00157458 -0.000493649 -6.38173e-05 0.000337616 0.00142226 0.00094168 -0.000156278 0.00147745 0.00227988 2.9003e-05 0.000752608 -9.26182e-05 0.00037203 -0.000319755 7.53211e-05
internal_weight=400343 336826 63517 13563 324415 12411 4864 322277 52513 15711 36802 24320 12482 9690 9992 14328 5500 269764 50497 18393 14908 219267 11740 7436 144512 20787 123725 40621 83104 35295
internal_count=400343 336826 63517 13563 324415 12411 4864 322277 52513 15711 36802 24320 12482 9690 9992 14328 5500 269764 50497 18393 14908 219267 11740 7436 144512 20787 123725 40621 83104 35295
cat_boundaries=0 32 33 65 97 129 161 193 225 254 277 306 332
cat_threshold=0 0 0 0 0 0 0 0 0 0 0 0 0 0 0 0 0 0 0 0 0 0 30 0 0 464 0 0 3584 0 0 16384 8 16 0 0 64 0 0 3072 0 0 2260992 0 0 4325376 0 0 470810624 0 0 4043309056 1 0 268435456 32 0 0 556 0 0 480 0 0 10752 0 0 0 128 0 0 1024 0 0 65536 0 0 6553600 0 0 134217728 0 0 3758096384 0 0 268435456 0 0 0 46 0 0 4320 0 0 48640 16 0 0 0 0 0 0 0 0 0 0 0 44040192 0 0 159383552 0 0 2197815296 0 0 1610612736 0 0 0 36 0 0 12416 0 0 48128 0 0 0 128 0 0 0 0 0 0 0 0 17301504 0 0 570425344 0 0 201326592 2 0 2684354560 1 0 0 3 0 0 16 0 0 36864 139 0 0 13376 0 0 200704 0 0 1114112 0 0 56623104 0 0 470810624 0 0 3271557120 3 0 536870912 32 0 0 1 0 0 16 0 0 8192 137 0 0 10240 0 0 133120 0 0 2179072 0 0 55443456 0 0 1062207488 0 0 2214592512 0 0 805306368 0 0 0 8 0 0 0 0 0 12544 0 0 0 0 0 0 131072 0 0 0 0 0 0 0 0 67108864 0 0 3238002688 1 0 536870912 32 0 0 1 0 0 16 64 0 0 1584 0 0 123648 0 0 921600 0 0 0 0 0 0 0 0 134217728 0 0 2147483648 1 368 0 0 1056 0 0 57344 0 0 0 0 0 0 0 0 0 0 0 536870912 2 0 0 33 0 0 0 0 0 48 112 0 0 1072 0 0 122880 0 0 1581056 0 0 10485760 0 0 10485760 0 0 184549376 3 0 0 0 0 0 1
is_linear=0
shrinkage=0.08


Tree=101
num_leaves=31
num_cat=9
split_feature=45 5 27 16 38 5 45 45 33 19 44 38 16 16 38 33 18 45 37 16 5 45 5 5 33 37 5 6 5 5
split_gain=99.5098 5.77704 3.42858 2.70774 5.84683 2.07157 1.98144 1.88089 2.15795 1.75437 3.49482 1.82099 1.75148 1.6739 2.1907 1.63896 1.47805 1.36643 1.32588 1.68261 1.86952 1.28285 1.13468 1.0781 1.00781 0.972062 2.07677 1.36095 3.30369 2.91011
threshold=3.1001744270324711 0 1014.4288330078126 3.1954164505004887 1.5900001525878908 1 -0.55015555024147023 17.821199417114261 23.720640182495121 1.4106529951095583 18.355928421020511 1.4833631515502932 2.9403301477432255 1.2121706604957583 1.0697524547576907 13.816128253936769 2.5271049737930302 17.821199417114261 0.50473785400390636 1.8789092898368838 2 27.832033157348636 3 4 21.635136604309086 -0.22567367553710935 5 6 7 8
decision_type=2 9 2 10 2 9 2 2 2 2 2 2 10 10 2 2 2 2 2 8 9 2 9 9 2 2 9 1 9 9
left_child=6 2 13 5 -5 7 -1 8 16 17 -11 -12 -8 -2 -15 23 -3 -7 21 20 -20 -17 24 -9 -23 26 -19 29 -29 -27
right_child=1 3 -4 4 -6 9 12 15 -10 10 11 -13 -14 14 -16 18 -18 25 19 -21 -22 22 -24 -25 -26 27 -28 28 -30 -31
leaf_value=-0.37418342124295112 -0.01453884114905931 -0.027344152277588653 -0.038038112026178447 0.070067661604653539 -0.012536996519118717 -0.021371144568819684 -0.086138515965000079 -0.0051557447708226005 0.005106798317835678 0.032943094500103583 0.0082353484555340965 -0.0098260598224393942 -0.01900611250932582 0.011687146270987983 -0.016829568552087205 -0.0050419309258411876 2.7048181345664521e-05 0.00066209141518378998 -0.0029584032671045612 -0.0066147653259627636 0.0059066147539809846 -0.0011169022166594522 0.00081341244684341298 0.0031604026890607005 -0.015065789132567842 0.0023419016470344911 -0.0032211034414920178 -0.0031061369134511656 0.00072493760159220535 -0.00044900512485612846
leaf_weight=48055 4882 11491 8319 2293 2369 4284 8879 2563 3387 3535 7494 3730 2119 3707 4095 28607 2875 29813 3776 7695 8039 5775 12904 12788 2960 31077 30045 26876 40063 35446
leaf_count=48055 4882 11491 8319 2293 2369 4284 8879 2563 3387 3535 7494 3730 2119 3707 4095 28607 2875 29813 3776 7695 8039 5775 12904 12788 2960 31077 30045 26876 40063 35446
internal_value=-0.0007253 -0.000200037 -0.00148466 -0.000115598 0.00179623 -0.000143933 -0.00375687 -0.00043857 -0.00118741 -1.18749e-06 0.000839866 0.000148121 -0.0027827 -0.000656689 7.06596e-05 -0.000282295 -0.00161547 -6.4045e-05 -0.000446981 0.000112704 0.00071205 -0.00066428 -0.000199364 0.000465854 -0.000902342 -3.26912e-05 -0.000300529 8.74481e-05 -0.000167208 0.000343657
internal_weight=399941 340888 21003 319885 4662 315223 59053 102860 17753 212363 14759 11224 10998 12684 7802 85107 14366 197604 69756 19510 11815 50246 21639 15351 8735 193320 59858 133462 66939 66523
internal_count=399941 340888 21003 319885 4662 315223 59053 102860 17753 212363 14759 11224 10998 12684 7802 85107 14366 197604 69756 19510 11815 50246 21639 15351 8735 193320 59858 133462 66939 66523
cat_boundaries=0 32 64 93 122 151 173 174 206 225
cat_threshold=0 0 0 0 0 0 0 0 0 0 0 0 33554432 0 0 0 0 0 0 0 0 0 62 0 0 976 0 0 3584 0 0 16384 66 0 0 288 0 0 0 0 0 2097152 0 0 8519680 0 0 265289728 0 0 2248146944 1 0 1610612736 1 0 0 47 0 0 12592 0 0 2048 64 0 0 256 0 0 0 0 0 2097152 0 0 8388608 0 0 0 0 0 67108864 0 0 1073741824 1 0 0 14 0 0 16 0 0 0 0 0 0 0 0 0 0 0 0 8388608 0 0 252706816 0 0 100663296 1 0 0 0 0 0 0 0 0 16 0 0 0 32 0 0 0 0 0 0 0 0 131072 0 0 4194304 0 0 0 0 0 1073741824 0 0 0 1 0 0 32 293 0 0 7744 0 0 139008 0 0 831488 0 0 0 0 0 268435456 0 0 822083584 2 0 2415919104 10 264 0 0 1040 0 0 200448 0 0 585728 0 0 2359296 0 0 536870912 0 0 805306368 0 0 2147483648 0 0 0 0 0 0 0 0 0 8448 264 0 0 1552 0 0 182016 0 0 1110016 0 0 2949120 0 0 538968064 0 0 671088640
is_linear=0
shrinkage=0.08


Tree=102
num_leaves=31
num_cat=11
split_feature=42 41 16 5 29 5 5 5 44 36 5 30 5 5 38 38 42 41 5 20 32 16 5 35 29 5 41 5 35 44
split_gain=95.0415 7.58455 6.01565 3.24217 2.21076 7.27109 3.17391 3.0979 2.59384 2.50527 2.79063 2.06244 4.38851 1.99282 1.71878 1.66985 1.57685 1.78774 1.79556 1.48364 1.45607 1.43682 1.4272 1.71822 1.3171 1.6214 1.27968 2.36382 2.00718 1.40928
threshold=1.6131057739257815 7.2054853439331064 2.899208784103394 0 0.22066116333007815 1 2 3 21.449008941650394 1.0000000180025095e-35 4 4.5312500000000009 5 6 2.6624155044555669 -0.7315387725830077 28.006042480468754 28.430032730102543 7 1.1368095874786379 171.58024597167972 1.5356665253639223 8 2.5143623352050786 0.74486160278320324 9 27.847079277038578 10 1.0000000180025095e-35 27.142286300659183
decision_type=2 2 10 9 2 9 9 9 2 2 9 2 9 9 2 2 2 2 9 2 2 10 9 2 2 9 2 9 2 2
left_child=-1 2 3 -2 5 8 -7 16 -3 13 14 12 -9 -8 15 -11 22 18 -18 -15 -13 -5 -6 -24 25 -14 27 -10 -28 -29
right_child=1 4 -4 21 7 6 9 11 26 10 -12 20 24 19 -16 -17 17 -19 -20 -21 -22 -23 23 -25 -26 -27 28 29 -30 -31
leaf_value=-0.23032948341931792 0.0034773364501128885 0.032360925439057005 0.027955148855532092 -0.056995528306641417 -0.0060383214718177083 -0.0086905912947938535 -0.0017693666322135791 -0.0050563133669116753 0.0065643318132856121 -0.0029404522351228549 -0.0026491315758026997 0.013499574140664229 0.012421978116912286 -0.021290127170620638 -0.0080807532749030252 0.01034558256119973 0.0063960702241670307 -0.0019689174189696616 0.00054682839954393588 -0.0089734966065224183 0.00021396116503976986 -0.031303294312493367 -0.0054909837962357948 0.00024697756858683067 0.019765615209010687 0.0029637781857690254 -0.0054695910609752112 -0.0010144944744717907 0.0029740808938067262 0.0058306340455190576
leaf_weight=54121 2882 2023 3092 7384 9104 11224 13269 4318 2541 2808 21162 2993 3092 7274 2052 6554 2379 8997 4607 10132 153345 9656 13935 16138 2127 5506 4805 6597 2936 2716
leaf_count=54121 2882 2023 3092 7384 9104 11224 13269 4318 2541 2808 21162 2993 3092 7274 2052 6554 2379 8997 4607 10132 153345 9656 13935 16138 2127 5506 4805 6597 2936 2716
internal_value=-0.00070348 -0.000215335 -0.00161814 -0.00212763 -0.000115224 -0.000436741 -0.000811599 2.11687e-05 0.000854422 -0.000591172 -0.000102622 0.000189006 0.00108337 -0.00110999 0.000904669 0.00136492 -0.000500182 0.000169323 0.00112864 -0.00167244 0.000102898 -0.00254631 -0.000773421 -0.00050683 0.00194881 0.0015065 0.000572302 0.0010944 -0.000227584 0.00050016
internal_weight=399769 345648 23014 19922 322634 96093 74475 226541 21618 63251 32576 171381 15043 30675 11414 9362 55160 15983 6986 17406 156338 17040 39177 30073 10725 8598 19595 11854 7741 9313
internal_count=399769 345648 23014 19922 322634 96093 74475 226541 21618 63251 32576 171381 15043 30675 11414 9362 55160 15983 6986 17406 156338 17040 39177 30073 10725 8598 19595 11854 7741 9313
cat_boundaries=0 32 64 93 125 157 186 218 244 276 308 340
cat_threshold=0 0 0 0 0 0 0 0 0 0 0 0 0 0 0 0 0 0 0 0 0 268435456 0 0 0 13 0 0 192 0 0 106240 2 0 0 32 0 0 131584 0 0 3174400 0 0 2555904 0 0 3145728 0 0 0 0 0 0 8 0 0 240 0 0 12544 0 0 71680 832 0 0 7824 0 0 81920 0 0 0 0 0 4194304 0 0 0 0 0 2147483648 1 0 0 55 0 0 780 0 0 32 10 0 0 2336 0 0 512 0 0 2125824 0 0 34013184 0 0 269484032 0 0 335544320 0 0 0 20 0 0 489 0 0 192 0 0 104448 0 0 0 0 0 0 0 0 0 524288 0 0 50855936 0 0 599785472 0 0 1476395008 0 0 268435456 0 0 0 1 0 0 16 0 0 8192 901 0 0 4624 0 0 256 0 0 98304 0 0 26738688 0 0 671088640 0 0 0 0 0 268435456 34 0 0 20 0 0 4144 0 0 0 8192 0 0 3328 0 0 229376 0 0 9961472 0 0 201326592 0 0 754974720 0 0 2147483648 0 0 0 2 0 0 0 0 0 512 0 0 0 0 0 0 0 0 0 2105344 0 0 33751040 0 0 0 0 0 67108864 0 0 0 0 0 0 1 0 0 0 0 0 0 0 0 0 12288 0 0 196608 0 0 1048576 0 0 0 0 0 0 0 0 0 480 0 0 0 0 0 32768 112 0 0 1024 0 0 183296 0 0 1048576 0 0 4194304 0 0 20971520 0 0 3221225472 0 0 1073741824 8 0 0 0 0 0 0 0 0 8960 2 0 0 32 0 0 512 0 0 12288 0 0 0 0 0 0 0 0 0 0 0 0 0 0 0 0 0 0 8192 0 0 2048
is_linear=0
shrinkage=0.08


Tree=103
num_leaves=31
num_cat=12
split_feature=42 5 33 43 41 17 29 5 33 41 5 5 5 5 30 21 5 5 39 5 33 5 5 38 17 25 43 27 5 33
split_gain=92.2347 5.53411 3.67197 4.138 2.85497 2.7357 2.46176 5.99834 2.86091 5.06583 5.15713 2.84473 2.83178 2.59464 2.52085 3.05843 2.7321 2.43259 2.37623 4.02188 2.15194 1.94582 1.86423 1.65208 1.55941 1.25521 1.24227 2.74626 2.48997 2.22507
threshold=2.6123046875000004 0 26.328000068664554 12.322314262390138 -1.6952406167984007 2.75385594367981 0.1702079772949219 1 21.060288429260257 27.847079277038578 2 3 4 5 4.5312500000000009 0.73589375615119945 6 7 0.6200043559074403 8 22.308287620544437 9 10 0.19388031959533694 1.825224041938782 3.695494651794434 28.054075241088871 1005.8596191406251 11 14.733503818511965
decision_type=2 9 2 2 2 10 2 9 2 2 9 9 9 9 2 2 9 9 2 9 2 9 9 2 10 2 2 2 9 2
left_child=4 2 3 24 -1 -6 7 8 17 10 -10 26 -9 -11 15 16 -13 -3 -17 -20 21 -14 -22 -15 -2 -19 27 28 -8 -29
right_child=1 6 -4 -5 5 -7 11 12 9 13 -12 14 20 23 -16 18 -18 25 19 -21 22 -23 -24 -25 -26 -27 -28 29 -30 -31
leaf_value=-0.33832273983828109 -0.040741518451244393 0.0097713967075305375 0.0101152444962246 0.010612816380182291 -0.08011738300753532 -0.0081826485103922136 0.001326280519702433 -0.012929494791824529 -0.003321137362585878 -0.0093669105117240737 0.013393924233282575 0.0037660605697624303 -0.014790543245522874 -0.00278869971653762 0.00028992777515671582 0.02273235696745193 -0.008796453928172538 -0.001821266027865549 0.033240598737612259 -0.0027699869875131467 -0.0045599575930616405 -0.0027419542353389974 0.0028576939077111741 0.0093130197710948812 -0.012247338262516807 -0.010338281145988849 0.00015598621732983433 0.002782912835657752 -0.012624211608896922 -0.0032035944484911493
leaf_weight=45323 11271 3471 2791 2214 9219 2685 2560 7653 2046 2669 4664 3570 12230 2694 150195 3366 2643 8323 2068 4276 5982 16654 12400 3183 3243 2878 25633 11301 6208 27134
leaf_count=45323 11271 3471 2791 2214 9219 2685 2560 7653 2046 2669 4664 3570 12230 2694 150195 3366 2643 8323 2068 4276 5982 16654 12400 3183 3243 2878 25633 11301 6208 27134
internal_value=-0.000686515 -0.000190838 -0.00149834 -0.00194719 -0.00365966 -0.00255296 -0.000111927 -0.000482083 0.000429009 0.00119586 0.00283928 1.95166e-05 -0.000978468 -9.63076e-05 0.000202289 0.0011591 -0.000226901 -0.000368343 0.00204527 0.00113063 -0.000746607 -0.00117727 -7.00314e-05 0.00084314 -0.00243845 -0.00094145 -0.000397278 -0.000640757 -0.00191752 -0.000349071
internal_weight=400547 343320 19519 16728 57227 11904 323801 84847 29928 15256 6710 238954 54919 8546 166118 15923 6213 14672 9710 6344 47266 28884 18382 5877 14514 11201 72836 47203 8768 38435
internal_count=400547 343320 19519 16728 57227 11904 323801 84847 29928 15256 6710 238954 54919 8546 166118 15923 6213 14672 9710 6344 47266 28884 18382 5877 14514 11201 72836 47203 8768 38435
cat_boundaries=0 32 64 96 128 160 176 198 230 262 294 326 358
cat_threshold=0 0 0 0 0 0 0 0 0 0 0 0 0 0 0 0 0 0 0 0 0 0 62 0 0 496 0 0 3584 0 0 49152 55 0 0 8224 0 0 512 0 0 3239936 0 0 45023232 0 0 34603008 0 0 268435456 2 0 3221225472 0 0 0 0 0 0 12288 0 0 77824 1 0 0 8224 0 0 0 0 0 2179072 0 0 35913728 0 0 33554432 0 0 268435456 0 0 0 0 0 0 0 0 0 4096 0 0 8192 18 0 0 256 0 0 512 0 0 3698688 0 0 34537472 0 0 355467264 0 0 469762048 0 0 2147483648 1 0 0 513 0 0 12544 0 0 67584 704 0 0 6784 0 0 18432 0 0 0 0 0 4194304 0 0 0 0 0 2147483648 1 0 0 1 0 0 524 0 0 192 0 0 1024 36 0 0 0 0 0 0 0 0 90112 0 0 65536 0 0 1048576 104 0 0 8816 0 0 260096 0 0 393216 0 0 0 0 0 0 0 0 0 3 0 1610612736 32 0 0 32 0 0 512 0 0 90112 0 0 2359296 0 0 0 0 0 0 2 0 0 0 0 0 0 0 0 0 0 0 73728 0 0 0 0 0 0 0 0 0 131072 0 0 14680064 0 0 0 0 0 3238002688 0 0 1073741824 0 0 0 0 0 0 208 0 0 13568 0 0 0 0 0 0 40960 0 0 262144 0 0 0 0 0 75497472 0 0 50331648 0 0 805306368 0 0 0 3 0 0 304 0 0 2560 264 0 0 1360 0 0 136448 0 0 163840 0 0 0 0 0 16777216 0 0 0 0 0 0 0 0 0 0 0 0 16 0 0 256 0 0 0 256 0 0 0 0 0 16384 0 0 0 0 0 83886080 0 0 402653184 0 0 2147483648 1 0 0 513 0 0 8192 0 0 67584
is_linear=0
shrinkage=0.08


Tree=104
num_leaves=31
num_cat=1
split_feature=23 3 33 34 27 33 34 8 24 34 16 33 37 3 27 35 29 23 25 16 29 22 30 34 20 30 30 31 22 44
split_gain=90.3162 7.37203 6.90354 3.34761 2.53931 5.44495 3.41522 2.96334 2.46856 2.03299 2.00585 1.89054 1.60068 1.54112 1.53152 1.37042 1.48518 1.32933 1.32421 2.39143 2.51211 4.27464 2.89339 2.1543 1.82741 1.7255 1.42523 1.47641 3.69433 2.23363
threshold=1.063835144042969 4176.9626464843759 26.328000068664554 -9.9309997558593732 1013.6191711425782 22.636992454528812 2.8035888671875004 0 22.035079956054691 7.5606689453125009 1.4205444455146792 15.961344242095949 -0.44214630126953119 514.84716796875011 1014.234832763672 11.632442474365236 0.83449554443359386 -1.0836982727050779 3.1417204141616826 1.7169331908226015 0.90480804443359386 0.47349929809570318 1766.1250000000002 0.41317749023437506 0.67581477761268627 362.06250000000006 1766.1250000000002 76.052387237548842 1.1544227600097658 25.320807456970218
decision_type=2 2 2 2 2 2 2 1 2 2 10 2 2 2 2 2 2 2 2 10 2 2 2 2 2 2 2 2 2 2
left_child=17 4 10 -4 8 7 -7 9 -2 11 -3 -6 14 18 -12 16 -15 -1 19 20 21 24 -23 -21 -10 -22 27 29 -29 -20
right_child=1 2 3 -5 5 6 -8 -9 13 -11 12 -13 -14 15 -16 -17 -18 -19 26 23 25 22 -24 -25 -26 -27 -28 28 -30 -31
leaf_value=-0.33272212765985715 0.01480163335743127 -0.044219233848491253 -0.010702905162690471 0.030846663018049454 -0.016193576016856559 0.0019270113382067035 0.019623214119613756 -0.014313989616962841 -0.0013486873728149097 0.014445929444049294 0.01351775299041847 -0.0010164705756456668 -0.033429211132078175 -0.0031743923671433073 -0.024939147847069847 0.0034451619103526977 -0.013661856368994836 -0.072341281050700937 -0.02021184914544619 -0.00047255567121445472 0.0050892779819602819 0.0072563408538476358 -0.00061782833621595076 -0.01786772625837579 0.0036380263860732597 -0.0042160385253202301 0.00090433999200410591 -0.0035192422281039794 -0.00026901100274306493 0.00097182672263208098
leaf_weight=46207 6977 7911 2542 2021 9564 3747 2012 14999 14649 2649 2096 17499 7318 17852 2295 4622 7668 6208 2196 18776 4180 14615 3726 5606 23643 14089 19771 23092 59248 32153
leaf_count=46207 6977 7911 2542 2021 9564 3747 2012 14999 14649 2649 2096 17499 7318 17852 2295 4622 7668 6208 2196 18776 4180 14615 3726 5606 23643 14089 19771 23092 59248 32153
internal_value=-0.000681211 -0.00021427 -0.00156128 0.00123945 -0.000113478 -0.000634708 0.00167863 -0.000932985 -1.70492e-05 -0.000469956 -0.00221294 -0.000677133 -0.00154587 -5.60529e-05 -0.000337197 -0.000594588 -0.000824129 -0.00377644 1.2826e-05 0.000235099 0.000459098 0.000722207 0.00172612 -0.000452936 0.000241031 -0.000356476 -0.000148898 -0.000255324 -0.000439102 0.00018522
internal_weight=399931 347516 24183 4563 323333 50470 5759 44711 272863 29712 19620 27063 11709 265886 4391 30142 25520 52415 235744 99284 74902 56633 18341 24382 38292 18269 136460 116689 82340 34349
internal_count=399931 347516 24183 4563 323333 50470 5759 44711 272863 29712 19620 27063 11709 265886 4391 30142 25520 52415 235744 99284 74902 56633 18341 24382 38292 18269 136460 116689 82340 34349
cat_boundaries=0 1
cat_threshold=2
is_linear=0
shrinkage=0.08


Tree=105
num_leaves=31
num_cat=2
split_feature=45 27 6 27 25 14 12 45 6 36 27 16 17 29 25 19 40 23 18 30 1 36 16 14 1 12 36 36 32 40
split_gain=92.5717 4.37132 7.95333 6.50858 5.73836 3.88211 2.94521 2.71419 2.56122 3.50467 2.2349 2.06271 1.95377 1.93845 2.19086 3.53752 2.73 2.76633 3.86029 6.65798 2.46476 1.86654 1.81139 2.93593 3.12743 3.18126 1.67559 1.7293 1.6689 2.00122
threshold=2.1524105072021489 1013.7031860351564 0 1018.6175842285157 4.6045868396759042 2.966187715530396 0.8231344223022462 -1.1275194883346555 1 8.7046623229980487 1015.9899902343751 0.68392476439476024 2.75385594367981 0.80765151977539074 5.0797383785247812 0.52499490976333629 2.3115553855896001 27.385002136230472 0.77501484751701366 25.062500000000004 75.250000000000014 7.6632499694824228 0.32633702456951147 1.5590246319770815 75.750000000000014 1.1167922616004946 1.3632774353027346 190.29950714111331 530.60818481445324 1.8271501064300539
decision_type=2 2 1 2 2 2 2 2 1 2 2 10 10 2 2 2 2 2 2 2 2 2 10 2 2 2 2 2 2 2
left_child=7 8 3 4 11 6 -4 -1 9 22 -8 -3 -9 14 16 -16 17 18 19 -10 -21 -22 -2 -24 -25 -26 -15 -28 29 -13
right_child=1 2 5 -5 -6 -7 10 12 13 -11 -12 28 -14 26 15 -17 -18 -19 -20 20 21 -23 23 24 25 -27 27 -29 -30 -31
leaf_value=-0.3193870743528136 0.0020296518070299177 -0.015763614638202392 -0.022645775574913027 0.055674287243143078 0.0086072696067575772 0.006178281333387106 -0.00024404029849966311 -0.072137385169001061 0.011614389414171492 0.0044652213265221688 -0.023567654461377697 0.0090879773668727671 -0.0071850340511190255 0.0072369963389015274 0.00067087921280857955 -0.0054396419264980426 -0.0024217855615097919 0.00071954778266966352 0.0038590553492937958 0.0067128079544553597 -0.0060644506804440725 0.0043786216773875168 -0.00818607702447453 -0.033101764620559644 0.018572276813660856 -0.0029695024651187445 -0.0012451874527592312 0.0043185230015964559 -0.012445030309101284 -0.0048323387708753933
leaf_weight=46400 2502 3453 15181 2145 2018 5220 7160 7415 2153 2871 11221 4985 2069 3029 17292 11576 31380 54574 21725 2078 2129 2406 17341 2050 2005 3499 99913 5310 4065 4932
leaf_count=46400 2502 3453 15181 2145 2018 5220 7160 7415 2153 2871 11221 4985 2069 3029 17292 11576 31380 54574 21725 2078 2129 2406 17341 2050 2005 3499 99913 5310 4065 4932
internal_value=-0.000680389 -0.000190029 -0.000808082 0.00042224 -3.9666e-05 -0.00149291 -0.00180889 -0.00370015 -5.85263e-05 -0.000753831 -0.00112686 -0.000507883 -0.00246219 2.45273e-05 0.000215436 -0.000408339 0.000370099 0.000605347 0.00121557 0.00263172 0.00136917 0.000321231 -0.00103288 -0.00123911 7.72069e-05 0.00107073 -0.000231735 -0.000285197 -7.49009e-05 0.000484738
internal_weight=400097 344213 60380 21598 19453 38782 33562 55884 283833 30268 18381 17435 9484 253565 145313 28868 116445 85065 30491 8766 6613 4535 27397 24895 7554 5504 108252 105223 13982 9917
internal_count=400097 344213 60380 21598 19453 38782 33562 55884 283833 30268 18381 17435 9484 253565 145313 28868 116445 85065 30491 8766 6613 4535 27397 24895 7554 5504 108252 105223 13982 9917
cat_boundaries=0 1 2
cat_threshold=3 1
is_linear=0
shrinkage=0.08


Tree=106
num_leaves=31
num_cat=0
split_feature=45 45 16 21 30 24 45 27 38 14 41 1 37 44 45 36 45 34 29 36 31 16 16 1 7 27 1 12 14 40
split_gain=91.0927 3.86024 8.69271 5.91771 3.67497 3.59561 2.52652 2.37758 2.92509 2.85064 2.16138 2.01189 1.62621 3.32844 3.18009 2.56711 1.39846 1.71354 1.81952 1.54679 1.54097 1.37575 1.37372 1.30273 2.18344 1.32046 1.26694 1.70209 2.7347 4.22608
threshold=2.1524105072021489 17.399168014526371 1.4205444455146792 1.9951949715614321 3.5312500000000004 22.435623168945316 -2.2785953283309932 1014.956756591797 2.887473583221436 2.8782670497894292 20.299735069274906 87.750000000000014 -0.030143737792968747 21.449008941650394 20.804831504821781 0.064373016357421889 29.571803092956547 -4.3744506835937491 0.54189682006835949 52.212238311767585 82.026008605957045 1.3671861290931704 2.9403301477432255 76.250000000000014 2.5000000000000004 1008.1309509277345 78.250000000000014 1.525999188423157 1.800024747848511 1.373745918273926
decision_type=2 2 10 2 2 2 2 2 2 2 2 2 2 2 2 2 2 2 2 2 2 8 10 2 2 2 2 2 2 2
left_child=6 2 -2 7 -5 -3 -1 8 9 11 -7 -4 15 14 -14 -12 17 18 -17 -20 23 -22 -8 24 -19 -25 -15 28 -28 -30
right_child=1 5 3 4 -6 10 22 -9 -10 -11 12 -13 13 26 -16 16 -18 20 19 -21 21 -23 -24 25 -26 -27 27 -29 29 -31
leaf_value=-0.35844785284708197 -0.026077553998008068 0.016080724174843197 -0.0145482682383442 0.070942101879678754 0.0099630107326256923 -0.016466690806595751 -0.077481920475215141 -0.018954924282867464 -0.026335621202529493 0.041315061455291201 -0.0053031502143821956 0.014545526257180301 0.0053014675173878034 -0.00090093648040475804 0.03073784607050134 0.011133259633221022 0.0048505727261526372 -0.0016760926995894158 -0.0080461486141728909 -0.0014394020476293989 0.00071943509569117106 0.010782803407403022 -0.026399038147696317 0.0023173261021855857 0.0054353162254266937 -0.003584784100696202 0.00041835095988307933 -0.0061185281740522689 0.025544164675890841 0.0013356195492866076
leaf_weight=43043 18079 3260 3452 2051 2846 7533 9820 10875 2784 2059 28147 3501 3756 61254 2161 2583 10419 5541 10475 13433 31052 2047 2812 2684 2883 22105 74877 7738 2182 4582
leaf_count=43043 18079 3260 3452 2051 2846 7533 9820 10875 2784 2059 28147 3501 3756 61254 2161 2583 10419 5541 10475 13433 31052 2047 2812 2684 2883 22105 74877 7738 2182 4582
internal_value=-0.000684066 -0.000198613 -0.000883721 1.04422e-05 0.00252945 -9.38943e-05 -0.00368609 -0.000534545 0.000252074 0.000952338 -0.00012309 0.00017636 -8.80643e-05 8.61002e-05 0.00194567 -0.000295604 -0.000110897 -0.000209584 -0.000753331 -0.00097132 7.71896e-06 0.00039397 -0.00268692 -0.00037721 0.000481858 -0.000669221 1.29303e-05 0.000204991 0.0003125 0.00185179
internal_weight=400034 344359 45647 27568 4897 298712 55675 22671 11796 9012 295452 6953 287919 156550 5917 131369 103222 92803 26491 23908 66312 33099 12632 33213 8424 24789 150633 89379 81641 6764
internal_count=400034 344359 45647 27568 4897 298712 55675 22671 11796 9012 295452 6953 287919 156550 5917 131369 103222 92803 26491 23908 66312 33099 12632 33213 8424 24789 150633 89379 81641 6764
is_linear=0
shrinkage=0.08


Tree=107
num_leaves=31
num_cat=12
split_feature=45 45 5 5 21 36 5 5 38 39 32 5 37 45 38 5 16 5 5 5 31 5 24 29 24 37 5 27 26 5
split_gain=90.3489 4.86373 3.52292 2.74329 2.5142 2.21614 4.79002 2.12385 2.00162 1.98317 1.74543 1.60694 1.59921 1.50299 1.70072 2.93556 1.7586 15.1528 1.84045 1.7023 1.55603 1.71433 1.5495 1.49188 1.46805 1.39447 5.96711 1.33404 1.18507 2.22417
threshold=3.1001744270324711 -1.1275194883346555 0 1 2.4855581521987919 1.0000000180025095e-35 2 3 -1.0086727142333982 0.16426853090524676 324.01763916015631 4 -0.030143737792968747 32.573343276977546 2.8056461811065678 5 2.9403301477432255 6 7 8 92.781368255615249 9 39.074981689453132 0.42491531372070318 13.209259033203127 1.5529937744140627 10 1011.3116760253907 7.0284857749938974 11
decision_type=2 2 9 9 2 2 9 9 2 2 2 9 2 2 2 9 8 9 9 9 2 9 2 2 2 2 9 2 2 9
left_child=1 -1 8 -3 5 6 9 12 -2 -4 11 -11 -8 14 16 -16 18 -18 24 -19 25 -22 -15 -10 -7 -20 -27 -25 29 -12
right_child=2 3 4 -5 -6 13 7 -9 23 10 28 -13 -14 22 15 -17 17 19 20 -21 21 -23 -24 27 -26 26 -28 -29 -30 -31
leaf_value=-0.27431469300727773 0.014075137093106782 0.0081357814276870107 0.0056910164354493885 -0.055757547395006241 0.067287895500662442 -0.028323226051773925 -0.013460651884581827 -0.020782413353526614 -0.001173429204094094 2.158265952673084e-05 -0.0085445386595105095 0.016952085405523929 -0.0017618388651639127 0.015933395310797519 0.0050038546804624861 -0.022075390735784139 0.030668065662633394 0.0020661829790584079 8.458179608505173e-05 -0.018806710682797656 0.018663551385201177 0.00025124193831700279 -0.00064354972941072983 -0.009507250132127958 -0.0012672821708087007 0.026841840203440076 -0.010080124444361783 -0.033806519730869289 0.002626776996283602 0.00089273131292186259
leaf_weight=46390 2129 2287 2702 10327 2325 2772 11875 7410 2863 3438 6001 2855 14982 3061 3769 5204 2014 2019 161060 2334 2048 2222 3159 3310 69203 2067 2126 7286 2333 8209
leaf_count=46390 2129 2287 2702 10327 2325 2772 11875 7410 2863 3438 6001 2855 14982 3061 3769 5204 2014 2019 161060 2334 2048 2222 3159 3310 69203 2067 2126 7286 2333 8209
internal_value=-0.00064574 -0.0035357 -0.000145265 -0.00214005 -8.89041e-05 -0.00010782 -0.000547355 -0.00116511 -0.00131932 0.000282024 3.92182e-05 0.00117214 -0.000832981 -7.87724e-06 -3.76575e-05 -0.001119 1.53208e-06 0.00131284 -3.3093e-05 -0.00134736 0.000110815 0.00161682 0.0012199 -0.0016806 -0.000371971 7.18119e-05 0.00151035 -0.00211805 -0.000392196 -0.000666668
internal_weight=399780 59004 340776 12614 325188 322863 59805 34267 15588 25538 22836 6293 26857 263058 256838 8973 247865 6367 241498 4353 169523 4270 6220 13459 71975 165253 4193 10596 16543 14210
internal_count=399780 59004 340776 12614 325188 322863 59805 34267 15588 25538 22836 6293 26857 263058 256838 8973 247865 6367 241498 4353 169523 4270 6220 13459 71975 165253 4193 10596 16543 14210
cat_boundaries=0 32 64 96 122 144 176 208 240 272 298 330 362
cat_threshold=0 0 0 0 0 0 0 0 0 0 0 0 0 0 0 0 0 0 0 0 0 0 30 0 0 976 0 0 3584 0 0 16384 0 0 0 0 0 0 0 0 0 0 0 0 0 0 0 0 0 0 1073741824 0 0 0 0 0 0 0 0 0 12608 0 0 109824 24 0 0 12656 0 0 139008 0 0 126976 0 0 10944512 0 0 1048576 0 0 553648128 0 0 3221225472 0 0 0 0 0 0 0 0 0 66304 0 0 0 0 0 0 65536 0 0 3276800 0 0 39321600 0 0 1071644672 0 0 503316480 0 0 805306368 1 0 0 2 0 0 0 0 0 0 512 0 0 45056 0 0 8519680 0 0 0 0 0 16777216 0 0 3221225472 0 0 0 0 0 0 2048 0 0 49152 0 0 5111808 0 0 82837504 0 0 1912602624 0 0 536870912 0 0 0 12 0 0 160 0 0 4096 518 0 0 12608 0 0 245760 0 0 1835008 0 0 16777216 0 0 33554432 0 0 1073741824 0 0 0 0 0 0 46 0 0 480 0 0 8192 512 0 0 12832 0 0 133120 0 0 3268608 0 0 983040 0 0 5242880 0 0 2952790016 0 0 1610612736 0 0 0 36 0 0 4400 0 0 8448 384 0 0 1584 0 0 0 0 0 0 0 0 10485760 0 0 16777216 0 0 2449473536 0 0 3758096384 0 0 0 1 0 0 12304 0 0 39168 24 0 0 128 0 0 0 0 0 0 0 0 1048576 0 0 285212672 0 0 134217728 2 0 2147483648 33 0 0 8 12 0 0 128 0 0 69632 0 0 262144 0 0 4194304 0 0 503316480 0 0 1174405120 3 0 268435456 32 0 0 1 0 0 64 0 0 65536 8 0 0 32 0 0 4864 0 0 77824 0 0 2424832 0 0 0 0 0 0 0 0 3221225472 0 0 0 0 0 0 0 0 0 256
is_linear=0
shrinkage=0.08


Tree=108
num_leaves=31
num_cat=10
split_feature=42 41 16 5 42 39 5 5 37 5 21 38 41 33 16 37 5 5 43 24 42 41 43 5 5 24 31 5 5 35
split_gain=85.9118 5.3979 4.08906 2.998 2.27818 1.72089 5.20186 2.03849 2.19233 3.1894 2.1817 2.20524 1.78093 2.48788 1.54077 1.26 1.35024 1.30201 1.23922 1.30949 1.20488 1.20219 2.76418 2.72606 2.32689 1.64155 2.37809 2.25024 2.01008 1.73232
threshold=1.063835144042969 5.7054181098937997 2.9403301477432255 0 -2.1950149536132808 1.7668656110763552 1 2 -1.1808280944824217 3 1.9951949715614321 1.4470067024230959 20.299735069274906 22.969920158386234 2.899208784103394 0.35004425048828131 4 5 11.577303409576418 22.435623168945316 26.780483245849613 28.375350952148441 28.383353233337406 6 7 30.387756347656254 81.242656707763686 8 9 1.4061927795410158
decision_type=2 2 10 9 2 2 9 9 2 9 2 2 2 2 10 2 9 9 2 2 2 2 2 9 9 2 2 9 9 2
left_child=4 2 3 -2 -1 7 -7 8 9 -3 21 -12 13 18 -6 17 -17 -14 -10 -20 -8 25 23 -23 -24 28 27 -27 -9 -30
right_child=1 5 -4 -5 14 6 20 10 12 -11 11 -13 15 -15 -16 16 -18 -19 19 -21 -22 22 24 -25 -26 26 -28 -29 29 -31
leaf_value=-0.30029325432760134 0.0049946076807558431 0.019544319141207019 0.021871194568995639 -0.038127388338131694 -0.080593915099428481 0.018718131073389828 -0.02924178506093961 0.0020382340107990269 -0.035184509134117505 -0.0050793665776482401 0.03121631094287184 -0.010768724754804395 -0.00088748730765124417 0.0091664507578128208 -0.014628080726251947 0.008989116233658466 -0.00097739956658880463 -0.0082671975568630856 -0.0019207354706401543 -0.023808190889747047 -0.00140887661024202 0.0027233922993444449 0.0019070011450367718 -0.0094519567761842498 -0.0022413285872511291 0.013954156275705612 -0.016821579746543018 -0.004353430128323294 -0.0011134192477160148 0.00070835821290678462
leaf_weight=42953 2735 4095 2711 12984 7224 2347 7426 50127 5143 4844 3745 2021 25033 2564 2157 4559 18955 16274 4934 3475 2006 2237 18237 8514 19296 2553 3765 12796 49639 54782
leaf_count=42953 2735 4095 2711 12984 7224 2347 7426 50127 5143 4844 3745 2021 25033 2564 2157 4559 18955 16274 4934 3475 2006 2237 18237 8514 19296 2553 3765 12796 49639 54782
internal_value=-0.000652081 -0.000197317 -0.00152929 -0.00202403 -0.0036737 -0.000122742 -0.00107185 -8.75078e-05 -0.000410075 0.000778187 3.98353e-05 0.00157479 -0.000541442 -0.00129381 -0.00253903 -0.000354214 0.000113245 -0.000620278 -0.001726 -0.00112555 -0.00190944 -1.09083e-07 -0.000353171 -0.00148351 -2.90876e-05 9.8069e-05 -0.00060113 -0.000158605 0.000184577 -1.53589e-05
internal_weight=400131 347797 18430 15719 52334 329367 11779 317588 89876 8939 227712 5766 80937 16116 9381 64821 23514 41307 13552 8409 9432 221946 48284 10751 37533 173662 19114 15349 154548 104421
internal_count=400131 347797 18430 15719 52334 329367 11779 317588 89876 8939 227712 5766 80937 16116 9381 64821 23514 41307 13552 8409 9432 221946 48284 10751 37533 173662 19114 15349 154548 104421
cat_boundaries=0 32 61 93 119 148 171 191 220 240 272
cat_threshold=0 0 0 0 0 0 0 0 0 0 0 0 0 0 0 0 0 0 0 0 0 0 0 0 0 525 0 0 192 0 0 40704 0 0 0 0 0 0 0 0 0 16384 0 0 4194304 0 0 5242880 0 0 50331648 0 0 1610612736 48 0 0 0 0 0 256 32 0 0 384 0 0 34816 0 0 0 0 0 33554432 0 0 426770432 0 0 2264924160 1 0 1610612736 47 0 0 717 0 0 256 0 0 32768 0 0 0 0 0 0 34816 0 0 0 0 0 0 0 0 1048576 0 0 2164260864 1 0 536870912 45 0 0 13 0 0 0 0 0 0 0 0 0 0 0 0 0 0 0 269484032 0 0 2147483648 1 0 0 34 0 0 1 0 0 256 32 0 0 384 0 0 32768 0 0 0 0 0 33554432 0 0 291504128 0 0 16777216 0 0 1073741824 3 527 0 0 8192 0 0 17408 0 0 32768 0 0 1179648 0 0 67108864 0 0 268435456 2 532 0 0 1648 0 0 8704 0 0 708608 0 0 25952256 0 0 578813952 0 0 536870912 0 0 2415919104 0 0 0 0 0 0 48 0 0 0 0 0 0 4096 0 0 131072 0 0 196608 0 0 536870912 0 0 939524096 2 0 0 0 0 0 0 226560 0 0 2424832 0 0 22806528 0 0 645922816 0 0 1073741824 0 0 2147483648 0 0 0 48 0 0 14464 0 0 83200
is_linear=0
shrinkage=0.08


Tree=109
num_leaves=31
num_cat=2
split_feature=45 45 14 38 6 7 27 14 45 36 12 6 40 12 34 45 41 34 36 45 41 27 25 1 14 39 24 40 31 11
split_gain=86.7514 3.69998 3.91824 3.80328 3.78621 3.22627 3.19689 3.32521 3.15183 3.05726 2.87372 2.18873 2.94187 2.67627 1.78232 2.22208 2.08273 2.20963 2.17274 1.97731 2.64193 3.41078 1.78311 2.23484 2.03638 2.04817 2.29809 1.69155 1.6514 1.52828
threshold=1.627222537994385 24.999158859252933 3.0959628820419316 0.99994850158691417 0 2.5000000000000004 1013.4140930175782 1.3831767439842226 -2.7959265708923335 36.772727966308601 1.2263248562812807 1 1.2170643806457522 0.7430609166622163 -4.0555419921874991 28.835530281066898 28.375350952148441 0.50967407226562511 38.65098953247071 28.287750244140629 27.827211380004886 1009.5994567871095 9.821540832519533 80.250000000000014 1.3562685847282412 0.57384979724884044 29.076126098632816 0.53868198394775402 60.716400146484382 0.52121353149414074
decision_type=2 2 2 2 1 2 2 2 2 2 2 1 2 2 2 2 2 2 2 2 2 2 2 2 2 2 2 2 2 2
left_child=8 2 3 4 10 -4 7 -6 -1 -9 -2 12 -8 -13 15 22 19 18 -18 20 -16 -22 24 -24 -3 26 -26 -21 -7 -29
right_child=1 14 5 -5 6 28 11 9 -10 -11 -12 13 -14 -15 16 -17 17 -19 -20 27 21 -23 23 -25 25 -27 -28 29 -30 -31
leaf_value=-0.31910260113864009 0.019009065770110741 -0.005661605397640844 -0.0017634286762661597 -0.018329680517671056 -0.0070096475422923958 0.015518973011807312 0.011166249423321586 0.0025832895945801394 -0.059462922329545344 0.018094533247878245 -0.001214430962383943 -0.031089325328301852 -0.0077141408006937938 -0.010320437311213293 0.00090952731576438971 0.00064910432624680969 0.00015418655183208735 -0.022608498166865169 -0.0062303046174705312 0.0044554756858393987 0.00065042812341618286 -0.0069961046793679581 -0.0025712360750488618 0.0049989519056510764 0.016718681172556489 -0.0085293278707884775 -0.00074757481106561342 0.0032744160519232596 0.041543799536887756 -0.0009024226434169064
leaf_weight=41641 3476 22527 8801 23777 10113 2165 2529 8228 12549 2593 4486 8721 6393 17069 101990 39050 22619 2837 4495 2240 9118 8331 2440 3226 2018 8930 4444 6223 2034 4955
leaf_count=41641 3476 22527 8801 23777 10113 2165 2529 8228 12549 2593 4486 8721 6393 17069 101990 39050 22619 2837 4495 2240 9118 8331 2440 3226 2018 8930 4444 6223 2034 4955
internal_value=-0.000645536 -0.000179137 -0.000588277 -0.000781053 -0.000458236 0.000707147 -0.000691698 8.89983e-05 -0.0036214 0.00106324 0.00117164 -0.00116261 -8.14145e-05 -0.00153584 -1.17833e-05 -0.000314358 0.000141802 -0.000460733 -0.000238019 0.00027766 0.000174165 -0.000735209 -0.000706963 0.000615926 -0.000904744 -0.0001953 0.000888751 0.00119809 0.00252887 0.000794422
internal_weight=400018 345828 100385 87385 63608 13000 55646 20934 54190 10821 7962 34712 8922 25790 245443 82635 162808 29951 27114 132857 119439 17449 43585 5666 37919 15392 6462 13418 4199 11178
internal_count=400018 345828 100385 87385 63608 13000 55646 20934 54190 10821 7962 34712 8922 25790 245443 82635 162808 29951 27114 132857 119439 17449 43585 5666 37919 15392 6462 13418 4199 11178
cat_boundaries=0 1 2
cat_threshold=2 1
is_linear=0
shrinkage=0.08


Tree=110
num_leaves=31
num_cat=13
split_feature=24 43 17 5 36 41 17 22 5 5 37 5 27 5 5 30 5 19 25 40 5 43 5 5 41 6 25 27 5 5
split_gain=80.6326 5.80782 6.3551 3.13821 2.66959 2.15665 2.2561 1.97539 5.41111 3.68752 2.64314 3.62894 2.53319 4.1797 3.93134 2.14202 1.86261 1.84592 1.72488 1.59152 2.59586 2.06745 1.37548 1.35688 1.69765 3.39318 1.87864 1.79767 2.4381 2.22583
threshold=4.6412353515625009 7.3813426494598398 2.75385594367981 0 9.1366767883300799 -3.7930114269256587 2.9893555641174321 0.79965591430664074 1 2 0.25113677978515631 3 1005.6685180664064 4 5 320.31250000000006 6 1.6940994262695315 8.0987586975097674 1.1081981658935549 7 27.328972816467289 8 9 27.847079277038578 10 3.7589944601058964 1009.5545349121095 11 12
decision_type=2 2 10 9 2 2 10 2 9 9 2 9 2 9 9 2 9 2 2 2 9 2 9 9 2 1 2 2 9 9
left_child=5 2 3 -2 -4 -1 -7 9 -9 18 16 -12 14 -14 -10 -16 -11 -5 -3 20 21 -13 -21 -15 25 -25 -26 29 -29 -27
right_child=1 7 4 17 -6 6 -8 8 12 10 11 19 13 23 15 -17 -18 -19 -20 22 -22 -23 -24 24 26 27 -28 28 -30 -31
leaf_value=-0.32524980354204824 -0.037854127360027946 0.0011722332666146518 -0.012602694629829119 -0.018126432233601268 0.047057199215653822 -0.094684480029567447 -0.010863083382235818 -0.0033330756302366198 -0.0065436812038176433 -0.0010862416601027684 -0.0056473256348399496 0.0036186778354893169 0.00591183393576083 -0.00051613903365298284 0.012243785335860598 0.00047008271644840893 -0.0053290095366380777 0.019889875102185168 -0.0037005488525499522 -0.0036994619055191521 0.0088584211099407683 -0.0027890677602724033 0.0032125811747550103 0.011405231576467403 0.0029874416607880709 -0.0040328697691047084 -0.0025151591651705351 -0.0021643402884308502 0.0041901957753889283 0.0033242354135491355
leaf_weight=37897 16142 51870 2003 3131 2092 8681 2257 30999 11396 26462 13994 3225 16061 24290 2393 14881 49774 2185 2371 14311 5524 4167 12031 2543 4166 6912 8028 3914 10623 5507
leaf_count=37897 16142 51870 2003 3131 2092 8681 2257 30999 11396 26462 13994 3225 16061 24290 2393 14881 49774 2185 2371 14311 5524 4167 12031 2543 4166 6912 8028 3914 10623 5507
internal_value=-0.00062295 -0.000199143 -0.00136025 -0.00191131 0.00152497 -0.00366834 -0.00267373 -0.000107937 0.00011648 -0.00028103 -0.000512958 -8.05086e-05 0.000378058 0.000604284 -0.000269178 0.00049173 -0.000815047 -0.00022189 0.000272681 0.000313864 0.001041 5.82829e-05 -4.28061e-05 0.000322227 0.000599045 0.000927309 -0.000194691 0.000661921 0.00126569 -4.4735e-05
internal_weight=399830 350995 25553 21458 4095 48835 10938 325442 141713 183729 129488 53252 110714 82044 28670 17274 76236 5316 54241 39258 12916 7392 26342 65983 41693 29499 12194 26956 14537 12419
internal_count=399830 350995 25553 21458 4095 48835 10938 325442 141713 183729 129488 53252 110714 82044 28670 17274 76236 5316 54241 39258 12916 7392 26342 65983 41693 29499 12194 26956 14537 12419
cat_boundaries=0 29 61 93 125 154 183 215 241 273 305 306 332 361
cat_threshold=0 0 0 0 0 0 0 0 0 0 0 0 0 0 0 0 0 0 3221225472 1 0 0 63 0 0 1008 0 0 7712 48 0 0 384 0 0 4608 0 0 2187264 0 0 34013184 0 0 272629760 0 0 536870912 0 0 0 4 0 0 739 0 0 9216 0 0 127232 32 0 0 8608 0 0 13056 0 0 2289664 0 0 327680 0 0 2097152 0 0 553648128 2 0 0 12 0 0 161 0 0 10496 0 0 37888 964 0 0 5632 0 0 66560 0 0 262144 0 0 1048576 0 0 0 0 0 335544320 0 0 2147483648 49 0 0 780 0 0 4704 0 0 67584 0 0 0 0 0 0 16640 0 0 4096 0 0 33030144 0 0 681574400 0 0 486539264 0 0 0 34 0 0 276 0 0 6176 193 0 0 6240 0 0 149760 0 0 1052672 0 0 31981568 0 0 748683264 0 0 2147483648 0 0 0 8 0 0 24 0 0 64 978 0 0 512 0 0 3072 0 0 262144 0 0 1048576 0 0 54525952 0 0 1409286144 0 0 2415919104 1 0 0 2 0 0 4096 0 0 65536 27 0 0 2064 0 0 49152 0 0 1048576 0 0 15204352 0 0 420478976 0 0 3254779904 0 0 1073741824 0 0 0 64 19 0 0 80 0 0 18432 0 0 1638400 0 0 16777216 0 0 46137344 0 0 134217728 1 0 1879048192 2 0 0 2 0 0 16 0 0 256 192 0 0 9280 0 0 139264 0 0 32768 0 0 0 0 0 51380224 0 0 0 3 0 3758096384 9 0 0 0 0 0 64 0 0 2048 2 256 0 0 0 0 0 2048 0 0 1179648 0 0 0 0 0 0 0 0 3221225472 0 0 0 16 0 0 8 271 0 0 4144 0 0 33792 0 0 0 0 0 0 0 0 67108864 0 0 1073741824 0 0 0 0 0 0 0 0 0 128
is_linear=0
shrinkage=0.08


Tree=111
num_leaves=31
num_cat=10
split_feature=45 45 17 33 45 5 5 45 38 17 33 5 5 5 45 43 32 29 5 5 19 16 45 31 5 33 5 31 30 5
split_gain=84.819 4.32266 6.54656 3.00959 1.86689 1.79747 1.33307 1.5589 3.9859 3.6752 2.93859 3.11046 2.00566 1.92561 1.58589 2.59099 1.87471 1.41622 2.49158 1.4093 1.29202 1.23115 1.1589 1.12467 3.01765 2.13915 5.39278 1.84911 2.02906 1.95826
threshold=1.0000000180025095e-35 6.7985877990722665 3.0455144643783574 26.328000068664554 -2.7959265708923335 0 1 25.113566398620609 1.0221633911132815 0.95208773016929638 24.485951423645023 2 3 4 19.952752113342289 21.053441047668461 209.87223815917972 0.46439361572265631 5 6 1.7056074738502505 2.8533841371536259 23.29136943817139 74.392944335937514 7 17.429951667785648 8 57.288919448852546 935.56250000000011 9
decision_type=2 2 10 2 2 9 9 2 2 10 2 9 9 9 2 2 2 2 9 9 2 8 2 2 9 2 9 2 2 9
left_child=4 2 3 5 -1 20 21 8 9 13 11 17 -10 -8 16 -16 -13 -11 -19 -17 -2 -3 -21 24 27 26 -26 -9 29 -29
right_child=1 6 -4 -5 -6 -7 7 23 12 10 -12 14 -14 -15 15 19 -18 18 -20 22 -22 -23 -24 -25 25 -27 -28 28 -30 -31
leaf_value=-0.27630997963977433 -0.027168233942861348 0.00029119487425744171 0.049467291002909315 0.007197795519356771 -0.065872268506599524 -0.043487221074491725 -0.0034542462671452202 0.00057429503259077183 -0.028951656755019511 -0.012328455432076928 0.028472333521650971 0.01356946868756888 -0.010189599351613475 -0.020894579323762649 0.0300147189358357 0.016615301332496966 -0.0077705195054870403 0.019566391647975221 -0.013758156233950675 -0.009837447306080058 0.0012807561107562942 0.010439997883860186 0.0049097842961024537 -0.00062537512515247146 0.015798317023027329 -0.0014761923482657854 -0.0047379324420477728 0.020577314493985584 -0.00045920538007543805 0.0050837482761562957
leaf_weight=41436 4641 76699 2342 3153 7933 10232 7962 7127 5051 11816 2226 2384 11374 6114 2296 2011 5896 2270 2513 2277 3207 3461 2697 114266 2267 43920 2968 2084 2409 4995
leaf_count=41436 4641 76699 2342 3153 7933 10232 7962 7127 5051 11816 2226 2384 11374 6114 2296 2011 5896 2270 2513 2277 3207 3461 2697 114266 2267 43920 2968 2084 2409 4995
internal_value=-0.000611414 -0.000174274 -0.00122027 -0.00166323 -0.00371567 -0.00206081 -9.88475e-05 -0.000190863 -0.000520622 -0.000168173 0.000256511 7.25773e-05 -0.00160268 -0.00126537 0.000814287 0.00153223 9.64923e-06 -0.000712198 0.000448153 0.000763401 -0.00114286 0.000184584 3.68433e-05 -6.8339e-05 0.000195195 -0.000119981 0.00140705 0.00112654 0.00185807 0.00253971
internal_weight=400027 350658 23575 21233 49369 18080 327083 246923 66887 50462 36386 34160 16425 14076 17561 9281 8280 16599 4783 6985 7848 80160 4974 180036 65770 49155 5235 16615 9488 7079
internal_count=400027 350658 23575 21233 49369 18080 327083 246923 66887 50462 36386 34160 16425 14076 17561 9281 8280 16599 4783 6985 7848 80160 4974 180036 65770 49155 5235 16615 9488 7079
cat_boundaries=0 32 64 96 128 154 180 203 232 254 280
cat_threshold=0 0 0 0 0 0 0 0 0 0 0 0 0 0 0 0 0 0 0 0 0 268435456 16 0 0 521 0 0 14832 0 0 113920 769 0 0 1600 0 0 86272 0 0 1314816 0 0 16777216 0 0 671088640 0 0 1073741824 2 0 0 0 0 0 306 0 0 6592 0 0 15616 24 0 0 128 0 0 2048 0 0 524288 0 0 1245184 0 0 32505856 0 0 2969567232 0 0 805306368 4 0 0 717 0 0 48 0 0 32768 8 0 0 0 0 0 0 0 0 2285568 0 0 131072 0 0 273678336 0 0 520093696 0 0 2684354560 37 0 0 128 0 0 1536 0 0 65536 8 0 0 128 0 0 3072 0 0 712704 0 0 12386304 0 0 326107136 0 0 570425344 0 0 268435456 33 0 0 640 0 0 0 0 0 0 0 0 0 0 0 0 0 0 0 15728640 0 0 2969567232 0 0 536870912 0 0 0 12 0 0 0 0 0 0 1024 0 0 131072 0 0 4194304 0 0 33554432 0 0 134217728 0 0 3221225472 19 240 0 0 32 0 0 0 0 0 8192 0 0 41943040 0 0 300941312 0 0 536870912 0 0 1073741824 32 0 0 4 0 0 16 10 0 0 14464 0 0 134144 0 0 16384 0 0 0 0 0 0 0 0 50331648 0 0 805306368 32 0 0 0 0 0 0 0 0 0 0 0 33554432 0 0 293601280 0 0 536870912 0 0 1073741824 0 0 0 4
is_linear=0
shrinkage=0.08


Tree=112
num_leaves=31
num_cat=12
split_feature=23 43 33 28 5 21 44 32 40 5 5 5 5 37 21 5 32 5 43 5 27 25 30 16 5 5 34 5 27 5
split_gain=78.3144 5.04232 6.38985 3.9214 3.67927 3.07298 1.6557 1.54906 1.8372 4.44853 2.07479 1.78542 1.72531 1.58885 1.46584 1.4014 1.18717 2.08317 1.42355 1.08607 1.16274 1.90206 1.00523 0.924537 4.62634 2.05696 1.79323 3.89538 2.08303 3.91089
threshold=-0.51977920532226551 7.7782413959503183 23.720640182495121 1006.8228149414064 0 2.0299381017684941 -4.3853201866149893 119.30320358276369 2.838754534721375 1 2 3 4 1.7877616882324221 2.3426833152771001 5 802.17877197265636 6 27.622714996337894 7 1010.1859436035157 3.728741049766541 20.437500000000004 1.3884117603302004 8 9 -4.4851684570312491 10 1007.4314575195314 11
decision_type=2 2 2 2 9 2 2 2 2 9 9 9 9 2 2 9 2 9 2 9 2 2 2 8 9 9 2 9 2 9
left_child=6 2 5 -4 -5 15 -1 -3 10 12 16 22 -10 23 -8 -2 19 18 -18 20 21 -9 -11 26 -25 -26 27 -12 29 -28
right_child=1 7 3 4 -6 -7 14 8 9 11 13 -13 -14 -15 -16 -17 17 -19 -20 -21 -22 -23 -24 24 25 -27 28 -29 -30 -31
leaf_value=-0.33370501239350092 -0.010451323418739382 0.01509680385554462 -0.034836347307286922 -0.0035664984193834121 0.029209780122893783 0.0082589376773525552 -0.093443441822635143 0.0038942378517574068 0.014466559861125071 -0.011295367993902143 0.00080815379598281215 -0.021432240310483474 0.0018267607698347007 0.012279312745783803 -0.030100091436922702 -0.043834733951648136 0.0076559637755900843 -0.0023986614257894118 0.00047328610963130431 -0.0018244280367812713 -0.010894915102506477 -0.0032066818946143191 -0.0013170510796888784 0.013376811405602245 -0.002923949905163373 0.0046688389990527986 -0.0048551547551564057 -0.0059113210250403489 -0.00012230308533330383 0.0040688854878734339
leaf_weight=36679 2952 2669 2648 3148 2980 2515 8547 2894 2101 11207 15518 8150 9195 3514 2487 13975 2207 7313 2200 46397 5946 5138 10127 2119 20761 23616 2939 16811 113938 8655
leaf_count=36679 2952 2669 2648 3148 2980 2515 8547 2894 2101 11207 15518 8150 9195 3514 2487 13975 2207 7313 2200 46397 5946 5138 10127 2119 20761 23616 2939 16811 113938 8655
internal_value=-0.000639691 -0.00022697 -0.00125237 0.000539038 0.00165005 -0.00206087 -0.00368066 -0.000137467 -0.000153463 -0.000655063 -8.03793e-05 -0.00117191 0.000694237 4.78895e-05 -0.00281565 -0.00244837 -0.000450115 0.000286444 0.0016562 -0.000593195 -0.00121103 -0.000582941 -0.000785615 1.88475e-05 0.000332343 0.000157037 -7.3504e-05 -0.00060472 6.33404e-05 0.00108445
internal_weight=399346 351633 28218 8776 6128 19442 47713 323415 320746 40780 279966 29484 11296 207871 11034 16927 72095 11720 4407 60375 13978 8032 21334 204357 46496 44377 157861 32329 125532 11594
internal_count=399346 351633 28218 8776 6128 19442 47713 323415 320746 40780 279966 29484 11296 207871 11034 16927 72095 11720 4407 60375 13978 8032 21334 204357 46496 44377 157861 32329 125532 11594
cat_boundaries=0 32 64 96 128 157 189 218 247 279 311 343 362
cat_threshold=0 0 0 0 0 0 0 0 0 0 0 0 0 0 0 0 0 0 0 0 0 0 47 0 0 48 0 0 944 0 0 84992 8 0 0 0 0 0 4096 0 0 131072 0 0 20381696 0 0 269484032 0 0 536870912 2 0 3221225472 6 0 0 298 0 0 6528 0 0 6144 56 0 0 1024 0 0 148480 0 0 2121728 0 0 131072 0 0 275775488 0 0 0 2 0 1610612736 55 0 0 620 0 0 1792 0 0 32768 0 0 0 0 0 0 0 0 0 2154496 0 0 38273024 0 0 216006656 0 0 1526726656 0 0 805306368 33 0 0 533 0 0 96 0 0 1024 8 0 0 0 0 0 4096 0 0 0 0 0 16973824 0 0 269484032 0 0 0 0 0 0 0 0 0 256 0 0 2432 0 0 0 0 0 0 0 0 0 0 0 0 0 0 0 0 0 0 0 2 0 2147483648 0 0 0 24 0 0 12288 0 0 114688 48 0 0 1024 0 0 16384 0 0 0 0 0 0 0 0 0 0 0 0 0 0 0 5 0 0 96 0 0 256 48 0 0 0 0 0 16384 0 0 0 0 0 0 0 0 1048576 0 0 0 0 0 0 4 0 0 616 0 0 1792 774 0 0 12544 0 0 98304 0 0 1310720 0 0 29360128 0 0 0 0 0 0 0 0 0 8 0 0 400 0 0 8192 0 0 1024 65 0 0 2752 0 0 13056 0 0 724992 0 0 0 0 0 209715200 0 0 520093696 0 0 268435456 0 0 0 2 0 0 32 0 0 14336 194 0 0 7040 0 0 45056 0 0 983040 0 0 0 0 0 746586112 0 0 2130706432 0 0 268435456 0 0 0 0 0 0 0 0 0 256 6 0 0 6256 0 0 0 0 0 1052672 0 0 50921472 0 0 612368384 0 0 3858759680
is_linear=0
shrinkage=0.08


Tree=113
num_leaves=31
num_cat=14
split_feature=43 41 17 41 20 5 6 5 5 38 27 41 5 5 5 40 5 5 30 27 5 5 29 5 5 27 43 5 27 41
split_gain=74.711 4.56578 4.08897 3.86506 3.79317 1.66579 1.60953 5.49001 3.11725 2.52393 2.49599 2.44795 4.0841 2.47791 2.21268 1.69437 4.36812 3.77356 4.66017 2.95112 3.17859 2.84365 2.79132 3.43475 1.83129 1.57855 2.03097 4.38571 2.38058 2.26258
threshold=1.0000000180025095e-35 5.3247210979461679 1.5432783961296084 -4.2839314937591544 2.436557531356812 0 1 2 3 -0.54463720321655262 1006.797821044922 27.827211380004886 4 5 6 1.0843744277954104 7 8 13.812500000000002 1008.7816467285157 9 10 0.67831039428710949 11 12 1006.9290466308595 27.026091575622562 13 1009.5994567871095 27.341011047363285
decision_type=2 2 10 2 2 9 1 9 9 2 2 2 9 9 9 2 9 9 2 2 9 9 2 9 9 2 2 9 2 2
left_child=3 2 -2 -1 -5 -4 8 -8 9 10 -3 13 -13 -9 -12 17 -17 -10 -19 21 -21 -20 23 -23 -24 -15 -27 29 -29 -28
right_child=1 6 5 4 -6 -7 7 11 15 -11 14 12 -14 25 -16 16 -18 18 19 20 -22 22 24 -25 -26 26 27 28 -30 -31
leaf_value=-0.27576886552423518 -0.042452976091546246 8.0655609977174151e-05 0.0051717436681239445 -0.081054904983383372 0.0048153340609000438 -0.021854478561533903 -0.023200429772756059 0.0014766051324800042 -0.0064443449357762207 0.00074982589281826189 0.027182957330556326 0.0035308402162352232 -0.010071241625993146 -0.0064403575525862553 0.0047308003210153257 -0.0077716769680468778 -0.00072733534614913221 0.0096395240491395605 0.0077555021335979669 0.00052560863017945983 -0.0047579002228409278 0.0077511807969052049 -0.0029566493087349868 0.0016126315254255685 0.0010207268019011679 -0.0029187075854659158 0.0081674461946489012 -0.0077537685374661726 0.00068437154866625698 0.00064363445528524074
leaf_weight=37252 6911 4380 5651 9286 2882 7450 9444 38149 12338 40355 3363 2412 7070 3913 4374 16238 48099 3387 4079 18133 13705 2347 10030 6906 18946 44654 3657 3473 9095 2307
leaf_count=37252 6911 4380 5651 9286 2882 7450 9444 38149 12338 40355 3363 2412 7070 3913 4374 16238 48099 3387 4079 18133 13705 2347 10030 6906 18946 44654 3657 3473 9095 2307
internal_value=-0.000618004 -0.000207778 -0.00138088 -0.00352984 -0.00228872 -0.000549463 -0.000136782 -0.000364399 -9.53582e-10 0.000532499 0.00154465 -0.000211591 -0.00144206 -0.00010063 0.00240764 -0.000181239 -0.000494632 4.31227e-05 0.000249996 0.000117265 -0.000464457 0.000555035 0.000339982 0.00154896 -4.63682e-05 -0.000393273 -0.000296602 0.000407291 -0.000441056 0.00218984
internal_weight=400286 350866 20012 49420 12168 13101 330854 124174 206680 52472 12117 114730 9482 105248 7737 154208 64337 89871 77533 74146 31838 42308 38229 9253 28976 67099 63186 18532 12568 5964
internal_count=400286 350866 20012 49420 12168 13101 330854 124174 206680 52472 12117 114730 9482 105248 7737 154208 64337 89871 77533 74146 31838 42308 38229 9253 28976 67099 63186 18532 12568 5964
cat_boundaries=0 32 33 65 97 119 151 183 215 247 276 305 321 340 363
cat_threshold=0 0 0 0 0 0 0 0 0 0 0 0 0 0 0 0 0 0 0 0 0 0 24 0 0 781 0 0 6464 0 0 79616 6 0 0 0 0 0 0 0 0 0 0 0 0 0 0 0 0 0 0 2147483648 1 0 268435456 60 0 0 13 0 0 352 0 0 6656 641 0 0 32 0 0 8192 0 0 20480 0 0 196608 0 0 805306368 0 0 3221225472 3 0 268435456 48 0 0 23 0 0 2400 0 0 56576 8 0 0 0 0 0 32768 0 0 4063232 0 0 50331648 0 0 0 0 0 268435456 0 0 1610612736 294 0 0 8832 0 0 212480 0 0 491520 0 0 15466496 0 0 138412032 0 0 335544320 0 0 0 0 0 0 0 0 0 12288 0 0 65792 0 0 0 0 0 0 0 0 0 0 0 0 131072 0 0 268435456 0 0 0 3 0 268435456 48 0 0 3 0 0 288 0 0 256 292 0 0 7952 0 0 251648 0 0 2039808 0 0 12582912 0 0 4194304 0 0 872415232 0 0 0 4 0 0 0 0 0 1024 0 0 65536 8 0 0 128 0 0 131072 0 0 0 0 0 786432 0 0 17825792 0 0 50331648 0 0 1073741824 12 0 0 992 0 0 4224 0 0 73728 38 0 0 9040 0 0 7936 0 0 2105344 0 0 54525952 0 0 6291456 0 0 0 0 0 0 0 0 0 0 0 0 8192 320 0 0 2048 0 0 0 0 0 0 0 0 0 0 0 0 0 0 872415232 0 0 0 1 0 0 8 0 0 16 2 0 0 80 0 0 99328 0 0 3735552 0 0 58720256 0 0 234881024 38 0 0 336 0 0 5376 0 0 3153920 0 0 50331648 0 0 100663296 0 0 134217728 24 0 0 256 0 0 16640 0 0 2650112 0 0 33751040 0 0 270532608 0 0 134217728 0 0 2147483648 1
is_linear=0
shrinkage=0.08


Tree=114
num_leaves=31
num_cat=9
split_feature=45 5 14 41 19 45 16 19 29 5 5 5 10 27 30 14 37 5 11 14 41 45 5 5 5 20 36 10 5 27
split_gain=78.0294 4.44207 2.81647 2.79549 2.7317 2.13674 2.02747 1.9455 1.64123 4.86987 2.60035 2.20126 1.90914 2.14496 2.64104 2.29747 1.51515 2.24284 1.49733 1.3859 1.38268 4.30003 3.48896 3.0968 2.14078 2.03802 1.90514 1.74142 2.06283 1.83799
threshold=-1.1275194883346555 0 3.1313626766204838 7.2054853439331064 2.5891747474670415 -3.8371863365173335 1.3347378969192507 2.025324940681458 0.22066116333007815 1 2 3 1.7468279004096987 1010.3123474121095 1054.1875000000002 0.78534606099128734 -0.23290634155273435 4 0.3498785942792893 0.42336872220039373 27.847079277038578 28.262769699096683 5 6 7 1.2449809908866885 179.7852478027344 3.6709352731704716 8 1010.7043762207032
decision_type=2 9 2 2 2 2 10 2 2 9 9 9 2 2 2 2 2 9 2 2 2 2 9 9 9 2 2 2 9 2
left_child=5 2 3 -2 8 -1 -5 -7 9 -3 19 12 13 14 -11 18 17 -13 -15 -10 23 22 -22 25 -23 -12 27 28 -25 -30
right_child=1 4 -4 6 -6 7 -8 -9 10 11 20 16 -14 15 -16 -17 -18 -19 -20 -21 21 24 -24 26 -26 -27 -28 -29 29 -31
leaf_value=-0.2832754292555667 -0.030645492781469233 -0.0082968519507911429 0.022085684318602111 -0.012598570765194519 0.054456811727795137 -0.089166347757454273 0.010994909046904873 -0.016937137405990503 -0.0035433016763926888 0.010061590841686214 0.0094009251449281902 0.00031775632815451489 0.024557085117340574 -0.0010719922826171698 -0.00054236868806876385 -0.009328262119899124 -0.00039742322973060145 -0.013799775961710923 0.0053364084567396912 -0.0011965027048882939 0.0014835153644396915 0.0028714648219224999 -0.0062890500313468704 -0.00065864888127024001 -0.00024440474835300726 0.0059683557666230956 0.0083266345373291181 -0.028042292157674256 0.00031932118019453194 0.0039513435413785145
leaf_weight=38684 14587 20399 2015 3285 2379 4932 3257 2972 5338 2966 3411 8073 2148 2333 2940 5822 40963 10192 2378 65667 5225 14564 13189 43415 28677 3249 2800 2064 23337 19057
leaf_count=38684 14587 20399 2015 3285 2379 4932 3257 2972 5338 2966 3411 8073 2148 2333 2940 5822 40963 10192 2378 65667 5225 14564 13189 43415 28677 3249 2800 2064 23337 19057
internal_value=-0.000595692 -0.00019031 -0.00126127 -0.00153442 -0.000115256 -0.00367295 -0.000159952 -0.00246854 -0.000134875 -0.000408618 -1.79659e-05 -0.000119998 0.000639113 0.000345552 0.00156457 -0.000338804 -0.000358359 -0.00096416 0.000973522 -0.000420416 0.000161802 -0.000134599 -0.00115806 0.000349567 0.000301402 0.00201198 0.000227007 0.000161441 0.000216781 0.00061357
internal_weight=400318 353730 23144 21129 330586 46588 6542 7904 328207 98214 229993 77815 18587 16439 5906 10533 59228 18265 4711 71005 158988 61655 18414 97333 43241 6660 90673 87873 85809 42394
internal_count=400318 353730 23144 21129 330586 46588 6542 7904 328207 98214 229993 77815 18587 16439 5906 10533 59228 18265 4711 71005 158988 61655 18414 97333 43241 6660 90673 87873 85809 42394
cat_boundaries=0 29 61 93 125 151 177 209 238 270
cat_threshold=0 0 0 0 0 0 0 0 0 0 0 0 0 0 0 0 0 0 0 0 0 0 46 0 0 1008 0 0 1536 200 0 0 7824 0 0 83968 0 0 0 0 0 4194304 0 0 268435456 0 0 3254779904 1 0 0 17 0 0 12 0 0 2544 0 0 25856 130 0 0 64 0 0 139776 0 0 3174400 0 0 53411840 0 0 51380224 0 0 402653184 0 0 3221225472 16 0 0 1 0 0 6144 0 0 71680 55 0 0 8288 0 0 512 0 0 2125824 0 0 36110336 0 0 0 0 0 0 0 0 0 0 0 0 0 0 0 12288 0 0 100352 256 0 0 0 0 0 131328 0 0 1572864 0 0 0 0 0 3145728 0 0 889192448 0 0 805306368 0 0 0 3 64 0 0 12320 0 0 18688 0 0 32768 0 0 4194304 0 0 67108864 0 0 2684354560 2 0 268435456 1 0 0 6 0 0 0 0 0 0 0 0 0 524288 0 0 12582912 0 0 134217728 0 0 117440512 0 0 0 0 0 0 8 0 0 0 0 0 1536 44 0 0 1808 0 0 67840 0 0 32768 0 0 0 0 0 2097152 0 0 50331648 1 0 268435456 0 0 0 4 0 0 16 637 0 0 8960 0 0 6400 0 0 163840 0 0 0 0 0 335544320 0 0 2684354560 3 0 268435456 1 0 0 0 0 0 8192 0 0 8192
is_linear=0
shrinkage=0.08


Tree=115
num_leaves=31
num_cat=8
split_feature=45 5 33 43 34 45 21 34 40 5 5 21 33 35 12 5 18 44 33 5 28 45 33 35 5 34 5 33 5 43
split_gain=79.4417 3.78756 3.95725 3.85125 3.55447 2.97143 2.69573 1.83384 1.95474 2.83127 1.81752 2.08017 4.47602 3.27543 2.83211 2.81512 1.7685 2.26856 1.66021 2.9012 1.50271 1.49774 1.87592 1.47553 1.22907 1.10295 3.36361 2.79333 1.87527 1.89847
threshold=-0.55015555024147023 0 26.175167083740238 8.6723737716674822 -9.6156005859374982 -4.3661670684814444 2.1279845237731938 8.5230407714843768 3.8094339370727544 1 2 1.4903995394706728 24.131520271301273 0.0014305114746093752 1.2030618190765383 3 2.1449353694915776 19.556418418884281 13.816128253936769 4 1015.5159301757814 24.516264915466312 22.125504493713382 8.6436271667480487 5 -4.2662048339843741 6 6.657600164413453 7 21.575139045715336
decision_type=2 9 2 2 2 2 2 2 2 9 9 2 2 2 2 9 2 2 2 9 2 2 2 2 9 2 9 2 9 2
left_child=5 2 3 -2 -4 -1 -7 8 10 -10 18 20 14 -14 15 -13 -16 -18 19 -3 25 22 -20 -5 -11 26 -12 -28 -27 -30
right_child=1 7 4 23 -6 6 -8 -9 9 24 11 12 13 -15 16 -17 17 -19 21 -21 -22 -23 -24 -25 -26 28 27 -29 29 -31
leaf_value=-0.29120860058313353 -0.027872005901459895 0.013100234651269218 -0.013660638350246595 -0.0056964623584520313 0.028887527239883682 -0.079155097040292388 -0.012837011978952572 0.019425363404688523 0.0095112425037055144 -0.022575003911736356 -0.0059411334735865453 -0.001988881550225217 0.0052169637865318733 0.044731732373677467 -0.01695056607256468 0.025089010237403762 0.028483851302754371 -0.0090180353200469202 -0.014162396640152175 -0.00035405050605373029 -0.021566326193272652 -0.00087490050218694564 0.0059533178327706576 0.0080346314279716724 -0.006464703674563553 -0.00063265979724954193 0.0079325366621964457 -0.00011500443780618677 0.017748106426396022 0.00092001557448177567
leaf_weight=37003 14489 2866 2079 10380 2019 7682 3318 2070 2416 6565 17326 2683 2851 3502 6623 2859 2583 2636 13787 14607 3511 54414 2951 3023 11365 51931 3139 28989 2075 78414
leaf_count=37003 14489 2866 2079 10380 2019 7682 3318 2070 2416 6565 17326 2683 2851 3502 6623 2859 2583 2636 13787 14607 3511 54414 2951 3023 11365 51931 3139 28989 2075 78414
internal_value=-0.000539937 -0.000123728 -0.000953453 -0.00129482 0.00136514 -0.00359261 -0.00243415 -4.07651e-05 -5.62469e-05 -0.000814699 -4.3938e-06 0.000124278 0.000829241 0.00264466 0.000164654 0.00165562 -0.000533919 0.000566838 -0.000307971 0.00039055 3.39805e-05 -0.000479583 -0.00114115 -0.000317007 -0.001161 6.56673e-05 -0.000256672 0.000227945 0.00018606 0.000427827
internal_weight=400156 352153 31990 27892 4098 48003 11000 320163 318093 20346 297747 209122 23737 6353 17384 5542 11842 5219 88625 17473 185385 71152 16738 13403 17930 181874 49454 32128 132420 80489
internal_count=400156 352153 31990 27892 4098 48003 11000 320163 318093 20346 297747 209122 23737 6353 17384 5542 11842 5219 88625 17473 185385 71152 16738 13403 17930 181874 49454 32128 132420 80489
cat_boundaries=0 29 51 83 115 147 179 211 240
cat_threshold=0 0 0 0 0 0 0 0 0 0 0 0 33554432 0 0 268435456 0 0 0 0 0 0 62 0 0 1008 0 0 1536 0 0 0 0 0 0 0 0 0 155648 0 0 65536 0 0 3145728 0 0 0 2 0 1610612736 658 0 0 2496 0 0 32768 0 0 524288 0 0 131072 0 0 15728640 0 0 2248146944 1 0 3758096384 1 0 0 0 0 0 288 0 0 16640 0 0 0 0 0 0 0 0 0 0 0 0 1310720 0 0 134217728 0 0 150994944 0 0 268435456 0 0 0 12 0 0 14336 0 0 100352 16 0 0 0 0 0 0 0 0 0 0 0 0 0 0 1048576 0 0 33554432 0 0 2684354560 1 0 0 0 0 0 0 0 0 256 0 0 0 0 0 0 2048 0 0 2195456 0 0 9175040 0 0 662700032 0 0 3221225472 1 0 2147483648 1 0 0 1 0 0 14336 0 0 46592 269 0 0 4144 0 0 196864 0 0 2383872 0 0 31719424 0 0 536870912 0 0 134217728 0 0 0 0 0 0 0 0 0 6288 0 0 45568 328 0 0 13824 0 0 5120 0 0 2195456 0 0 524288 0 0 83886080 0 0 1358954496 2 0 268435456 0 0 0 15 0 0 6208
is_linear=0
shrinkage=0.08


Tree=116
num_leaves=31
num_cat=2
split_feature=45 45 15 45 15 15 8 27 38 38 16 3 16 34 11 12 35 27 29 43 45 45 34 15 3 9 29 34 12 43
split_gain=77.765 3.81316 3.45514 2.3808 1.89022 1.52131 1.18231 4.00976 2.9334 2.49864 2.15408 2.02929 1.43751 1.40633 1.67197 1.37254 1.34967 1.39407 1.65618 1.31751 2.49504 2.04529 1.91352 2.41212 1.5208 1.47521 2.56213 1.38787 1.29802 1.51307
threshold=-1.1275194883346555 4.3717133998870858 1.4170191884040835 -4.9262075424194327 2.7493158578872685 2.8866739273071294 0 1016.2439880371095 -0.23935794830322263 1.0458822250366213 3.1383969783782963 557.13189697265636 1.1916185617446902 1.7434387207031252 0.46117565035820013 2.3204880952835087 3.0817985534667973 1009.3226623535157 0.90480804443359386 21.575139045715336 21.059271812438968 22.935878753662113 -3.1774597167968746 1.3950274586677553 4176.9626464843759 1 0.44243240356445318 7.5606689453125009 2.2129100561141972 28.357369422912601
decision_type=2 2 10 2 10 10 1 2 2 2 10 2 10 2 2 2 2 2 2 2 2 2 2 10 2 1 2 2 2 2
left_child=3 2 -2 -1 -5 -4 9 8 16 10 19 13 -13 -10 -15 -11 -8 -18 -19 20 22 -21 23 -3 -25 26 -23 -24 29 -27
right_child=1 6 5 4 -6 -7 7 -9 11 15 -12 12 -14 14 -16 -17 17 18 -20 21 -22 25 27 24 -26 28 -28 -29 -30 -31
leaf_value=-0.30564936793212111 -0.060132472806305126 -0.0044630002311085767 -0.016983308405956868 -0.081091006886474318 -0.020441558631593595 0.022290991658342217 -0.0063597120940246665 -0.020759474238552091 0.00061833772442385462 -0.0023239870473497062 0.038436885986563925 -0.012148554114540635 0.00054287476916535223 0.00041035658054389747 0.012418351510201214 -0.020205457975395639 -0.0031941394654691059 0.007627619833950286 -0.0029695271834395856 -0.01677625230247921 0.018291167675978343 0.0028295216336101455 -0.0026841258867627261 0.047470443178128159 0.0086416180010968468 -0.0003489991060939752 0.022143079855558724 0.014081884392297626 -0.013692821109106525 0.0014229745154054842
leaf_weight=35373 4126 2255 10695 8039 2995 2543 19524 8024 50495 41253 2169 6310 6139 2287 2216 5518 11988 2633 2683 4137 2988 12330 16066 2054 2169 94011 2012 2255 3364 31683
leaf_count=35373 4126 2255 10695 8039 2995 2543 19524 8024 50495 41253 2169 6310 6139 2287 2216 5518 11988 2633 2683 4137 2988 12330 16066 2054 2169 94011 2012 2255 3364 31683
internal_value=-0.000542874 -0.000139088 -0.00129481 -0.00362169 -0.00259109 -0.000663648 -7.9425e-05 -0.000291304 -0.000158605 2.66807e-05 0.00016376 0.000154942 -0.000766997 0.000363728 0.00171682 -0.000493449 -0.000732723 -0.00021809 0.00085918 0.000132683 0.00063791 3.74922e-05 0.000374218 0.00155487 0.00268084 8.81379e-05 0.000857261 -4.38611e-05 2.54015e-06 4.41027e-05
internal_weight=400334 353927 17364 46407 11034 13238 336563 112299 104275 224264 177493 67447 12449 54998 4503 46771 36828 17304 5316 175324 27787 147537 24799 6478 4223 143400 14342 18321 129058 125694
internal_count=400334 353927 17364 46407 11034 13238 336563 112299 104275 224264 177493 67447 12449 54998 4503 46771 36828 17304 5316 175324 27787 147537 24799 6478 4223 143400 14342 18321 129058 125694
cat_boundaries=0 1 2
cat_threshold=2 18
is_linear=0
shrinkage=0.08


Tree=117
num_leaves=31
num_cat=2
split_feature=45 45 45 33 21 0 21 33 15 37 28 39 9 0 38 33 0 33 7 33 41 16 34 41 13 16 6 7 44 38
split_gain=73.1874 4.03147 2.9242 3.79816 2.83269 2.34018 1.89821 1.79798 2.0399 1.59236 2.90504 2.69964 2.62138 1.63551 2.01196 1.59182 1.48018 1.3518 2.61747 1.52591 1.5164 1.32089 1.93853 1.6068 1.29485 1.66343 1.20153 1.19674 1.55764 1.44513
threshold=-0.55015555024147023 -5.4536685943603507 4.7959589958190927 25.442879676818851 1.9056416153907778 33.750000000000007 2.0299381017684941 12.830016136169435 0.86651712656021129 0.53645324707031261 1009.5440673828126 0.39255833625793463 0 33.250000000000007 2.6624155044555669 27.077183723449711 16.250000000000004 22.636992454528812 2.5000000000000004 24.396479606628422 11.528477668762209 2.2531726360321049 1.6183166503906252 22.272419929504398 0.78804820775985729 1.4654574394226076 1 1.5000000000000002 9.6748151779174822 -0.10150623321533202
decision_type=2 2 2 2 2 2 2 2 10 2 2 2 1 2 2 2 2 2 2 2 2 8 2 2 2 10 1 2 2 2
left_child=1 -1 3 6 -3 -5 -2 8 -4 10 27 12 -11 15 -15 21 -10 20 -19 -20 -12 22 23 -13 -24 -26 -14 29 -29 -9
right_child=2 4 7 5 -6 -7 -8 9 16 11 17 13 26 14 -16 -17 -18 18 19 -21 -22 -23 24 -25 25 -27 -28 28 -30 -31
leaf_value=-0.3144916742664553 -0.03768171517444939 -0.085037390713788213 -0.00058084539735687307 -0.016462919556401751 -0.02642940806831251 0.029550874591258002 0.0043904296768224119 -0.0041994997243778431 0.011107570658107207 0.01749449260275656 -0.021771623694343278 -0.017279736130030057 -0.0010362731488091038 0.02435752509167129 -0.0091311715414990578 0.013991300422286697 0.0036377397103420145 -0.0029690520346482324 0.00081299958283926655 0.01178999423735385 -0.0031870865441147333 -0.015202788950617184 -0.0029256899966982205 -0.001413377102609533 0.014273573665643855 0.0029791750263751227 0.0025622513664100488 0.019101091048949831 0.00016340161411253153 -0.00018794845296193867
leaf_weight=33682 10894 7741 25247 2067 6537 2045 2310 14665 2372 2077 6368 4738 4118 2975 2148 2468 23869 8263 2205 2065 62144 6445 2377 19764 2007 3361 13366 2528 87897 30694
leaf_count=33682 10894 7741 25247 2067 6537 2045 2310 14665 2372 2077 6368 4738 4118 2975 2148 2468 23869 8263 2205 2065 62144 6445 2377 19764 2007 3361 13366 2528 87897 30694
internal_value=-0.00054933 -0.00348051 -0.000149275 -0.00116265 -0.00235106 0.000958757 -0.00182352 -9.67299e-05 0.000338032 -0.000175929 -0.000280559 0.000168614 0.000956312 -0.000164432 0.00118215 -0.000332282 0.000831815 -0.000659553 0.00010428 0.00171028 -0.000799277 -0.000458065 -0.000248877 -0.000597586 0.000853642 0.00154109 0.000634368 -5.43185e-05 0.000113893 -0.000389606
internal_weight=399437 47960 351477 17316 14278 4112 13204 334161 51488 282673 216829 65844 19561 46283 5123 41160 26241 81045 12533 4270 68512 38692 32247 24502 7745 5368 17484 135784 90425 45359
internal_count=399437 47960 351477 17316 14278 4112 13204 334161 51488 282673 216829 65844 19561 46283 5123 41160 26241 81045 12533 4270 68512 38692 32247 24502 7745 5368 17484 135784 90425 45359
cat_boundaries=0 1 2
cat_threshold=18 8
is_linear=0
shrinkage=0.08


Tree=118
num_leaves=31
num_cat=10
split_feature=45 45 33 20 5 45 31 5 29 5 20 5 45 29 38 15 38 31 5 5 41 5 5 32 5 29 5 20 33 33
split_gain=72.9198 4.88447 4.11354 3.57754 3.30156 1.90712 1.71143 4.96008 2.0894 1.76659 1.64013 1.62656 1.4582 2.03198 2.5708 1.51399 1.54901 1.81926 1.76043 1.44408 1.20112 1.02564 0.977498 0.953601 0.939102 0.936629 4.5583 2.2791 1.60723 4.85365
threshold=-2.2785953283309932 5.5958764553070077 25.676352500915531 2.2660721540451054 0 -5.4536685943603507 88.861618041992202 1 0.92517471313476574 2 2.5058693885803227 3 23.630142211914066 0.58205032348632824 0.021928787231445316 1.0283707380294802 0.35668373107910162 66.835334777832045 4 5 33.282495498657234 6 7 449.79301452636724 8 0.023605346679687503 9 1.8043996095657351 26.328000068664554 22.69727993011475
decision_type=2 2 2 2 9 2 2 9 2 9 2 9 2 2 2 10 2 2 9 9 2 9 9 2 9 2 9 2 2 2
left_child=5 2 3 22 -4 -1 9 -8 -9 12 -7 -10 15 14 19 -3 17 21 -19 -14 25 -17 23 -2 -18 26 28 -28 29 -11
right_child=1 6 4 -5 -6 10 7 8 11 20 -12 -13 13 -15 -16 16 24 18 -20 -21 -22 -23 -24 -25 -26 -27 27 -29 -30 -31
leaf_value=-0.29003045141590983 -0.0090777153972958456 -0.015498868761131978 -0.034575227791813788 0.013077168383727602 0.022768438754580952 -0.075265176341859127 0.012244853444486092 0.011450911700191573 -0.011275917793100174 0.0011748638734450042 -0.023720231529620418 0.0016436871264928399 0.0030060622828823862 -0.0035982314918422188 0.003935051458668389 -0.02297219707968072 -0.0059360056568121943 -0.0023581693295432089 0.012540288665020365 -0.010502712828620673 0.019619620673111748 -0.0021151781095291719 -0.043891556383083605 -0.035141614255299367 -0.021614823683460606 -4.7097588838473271e-06 -0.012243532855628471 0.0067798364800049551 -0.0044127328242616953 0.01060639071507217
leaf_weight=33887 3583 8255 2019 2853 3581 7216 4957 2937 5232 6859 2253 6862 2568 21517 18440 2416 5966 2860 3655 5680 2845 4304 8558 4819 4662 200918 13150 2568 2326 2031
leaf_count=33887 3583 8255 2019 2853 3581 7216 4957 2937 5232 6859 2253 6862 2568 21517 18440 2416 5966 2860 3655 5680 2845 4304 8558 4819 4662 200918 13150 2568 2326 2031
internal_value=-0.000565872 -0.000188997 -0.0012576 -0.00179852 0.000655971 -0.00366333 -0.00010692 0.00061046 -0.000114545 -0.000153041 -0.00265387 -0.000579644 -0.00047611 -0.000197865 0.000268484 -0.000893676 -0.000570185 7.54907e-06 0.000959386 -0.000904821 -4.05181e-05 -0.000915306 -0.00223925 -0.00161577 -0.00128897 -6.09501e-05 -0.000503861 -0.00138213 0.00072766 0.00121798
internal_weight=399777 356421 25413 19813 5600 43356 331008 19988 15031 311020 9469 12094 80323 48205 26688 32118 23863 13235 6515 8248 230697 6720 16960 8402 10628 227852 26934 15718 11216 8890
internal_count=399777 356421 25413 19813 5600 43356 331008 19988 15031 311020 9469 12094 80323 48205 26688 32118 23863 13235 6515 8248 230697 6720 16960 8402 10628 227852 26934 15718 11216 8890
cat_boundaries=0 32 58 90 119 145 174 200 232 264 296
cat_threshold=0 0 0 0 0 0 0 0 0 0 0 0 0 0 0 0 0 0 0 0 0 0 35 0 0 184 0 0 80 0 0 34816 0 0 0 15904 0 0 111104 0 0 462848 0 0 12713984 0 0 51380224 0 0 402653184 2 0 0 36 0 0 270 0 0 0 0 0 0 131072 0 0 2097152 0 0 35258368 0 0 396361728 0 0 2617245696 3 0 2147483648 31 0 0 540 0 0 1552 0 0 65536 384 0 0 128 0 0 134144 0 0 1105920 0 0 3407872 0 0 207618048 0 0 1694498816 0 0 1073741824 8 0 0 0 0 0 96 0 0 0 0 0 0 0 0 0 2097152 0 0 34078720 0 0 77594624 0 0 2617245696 0 0 0 6 0 0 20 0 0 0 0 0 0 131072 0 0 0 0 0 33554432 0 0 343932928 0 0 2147483648 3 0 0 0 0 0 4 0 0 16 0 0 0 0 0 0 0 0 0 0 0 0 0 0 0 77594624 0 0 0 1 0 2147483648 3 0 0 524 0 0 0 0 0 0 0 0 0 0 0 0 0 0 0 0 0 0 3221225472 0 0 2415919104 25 0 0 24 0 0 15168 0 0 103680 0 0 0 0 0 0 0 0 0 0 0 0 1048576 0 0 33554432 0 0 2147483648 2 0 0 3 0 0 540 0 0 16 0 0 65536 0 0 0 48 0 0 512 0 0 1404928 0 0 8716288 0 0 537919488 0 0 536870912 0 0 1073741824 0 0 0 32 0 0 4096 0 0 12800
is_linear=0
shrinkage=0.08


Tree=119
num_leaves=31
num_cat=1
split_feature=45 45 17 45 21 33 33 14 27 36 27 34 10 10 37 30 27 33 40 21 27 27 21 14 33 6 45 34 30 25
split_gain=69.2027 3.33006 3.75467 3.26855 3.02758 2.45423 1.42602 2.14518 1.79702 2.4539 1.76558 1.62183 1.5625 1.35843 2.09846 2.02763 2.43688 2.69598 1.84964 1.69802 2.48568 1.56808 1.50494 1.38212 2.13369 2.91446 3.72498 1.82034 2.20469 1.72719
threshold=-1.7242704033851621 4.3717133998870858 1.6804192662239077 -6.5069067478179923 2.1038404703140263 25.676352500915531 13.627968311309816 1.3431411981582644 1001.3552551269532 35.581111907958991 1005.2493896484376 -3.7510070800781246 1.236484229564667 0.51141342520713817 0.48389053344726568 2.7812500000000004 1013.3452758789064 18.2348165512085 1.0497603416442873 1.5178777575492861 1013.479461669922 1015.2924194335939 0.77065899968147289 0.50640010833740245 26.043456077575687 0 27.402981758117679 2.0746459960937504 816.06250000000011 3.47669529914856
decision_type=2 2 10 2 2 2 2 2 2 2 2 2 2 2 2 2 2 2 2 2 2 2 2 2 2 1 2 2 2 2
left_child=3 2 -2 -1 -5 -4 7 -3 -9 -10 12 -12 -11 23 19 16 -16 -18 -17 20 -15 -19 -22 -8 25 26 -25 28 -27 -28
right_child=1 6 5 4 -6 -7 13 8 9 10 11 -13 -14 14 15 18 17 21 -20 -21 22 -23 -24 24 -26 27 29 -29 -30 -31
leaf_value=-0.33681184163706518 -0.041382189671119084 -0.00034912382324619388 -0.018127494720733949 -0.08435357991064113 -0.024607786946274805 0.02134048412814557 -0.00051992912127155327 -0.0039292804615746278 0.001685067972558209 0.012867458532528058 0.024131786314576225 0.011265887834054262 -0.0024941375828988186 -0.001406021244744917 -9.4113165098083057e-05 0.0017395925566956786 0.00091578475160196231 0.010713975428904714 -0.0035218290662119055 0.0020148224252037948 -0.012604314794642437 0.035410767400058669 -0.0073871950589209576 0.0090274166881357115 -0.0087292288030999341 -0.0024888612678713442 0.005092719476497933 0.0044879187828512487 0.0015366177695548006 -0.00033116186019512109
leaf_weight=30529 6942 39358 8776 9088 5158 3302 37568 3970 8476 2063 2280 2300 2054 85831 11053 11562 4088 2600 28075 21872 7931 2013 17967 2062 2304 16257 3762 3620 13429 3895
leaf_count=30529 6942 39358 8776 9088 5158 3302 37568 3970 8476 2063 2280 2300 2054 85831 11053 11562 4088 2600 28075 21872 7931 2013 17967 2062 2304 16257 3762 3620 13429 3895
internal_value=-0.000533591 -0.00016015 -0.0011897 -0.00349715 -0.00249327 -0.000336864 -0.000101903 0.000249805 0.00089954 0.00125403 0.00219731 0.00327669 0.000991518 -0.000179037 -0.000295376 0.000100267 0.000762193 0.00176283 -0.000229728 -0.00047125 -0.000597429 0.00308631 -0.00128424 9.18128e-05 0.000389156 0.000516323 0.00173365 0.000160114 -4.66066e-05 0.000919785
internal_weight=400185 355410 19020 44775 14246 12078 336390 60501 21143 17173 8697 4580 4117 275889 192992 59391 19754 8701 39637 133601 111729 4613 25898 82897 45329 43025 9719 33306 29686 7657
internal_count=400185 355410 19020 44775 14246 12078 336390 60501 21143 17173 8697 4580 4117 275889 192992 59391 19754 8701 39637 133601 111729 4613 25898 82897 45329 43025 9719 33306 29686 7657
cat_boundaries=0 1
cat_threshold=2
is_linear=0
shrinkage=0.08


Tree=120
num_leaves=31
num_cat=11
split_feature=24 41 15 33 5 5 41 19 21 5 36 16 23 41 5 38 5 33 5 5 30 5 27 11 5 27 41 5 5 33
split_gain=66.0048 4.65287 4.20766 3.23169 2.60811 2.53972 2.29276 2.66328 1.55347 1.18422 1.93159 1.49373 1.30649 3.08415 3.88206 2.47445 4.19793 3.59638 6.28736 3.82988 3.35123 2.20268 2.10962 1.86016 1.79684 1.65955 2.20373 2.908 1.9224 1.5739
threshold=2.0914916992187504 5.3247210979461679 1.3846107721328738 24.580415725708011 0 1 -6.5999813079833975 2.5891747474670415 2.0067181587219243 2 155.63822174072268 1.5723591446876528 28.231655120849613 27.847079277038578 3 0.41728401184082037 4 21.757247924804691 5 6 2.4062500000000004 7 1016.1122436523439 0.52904617786407482 8 1001.1057434082032 28.83557224273682 9 10 9.1937279701232928
decision_type=2 2 10 2 9 9 2 2 2 9 2 10 2 2 9 2 9 2 9 9 2 9 2 2 9 2 2 9 9 2
left_child=6 2 -2 4 -4 -5 -1 -8 -6 10 11 -3 13 15 -15 17 -17 19 20 -11 -19 -14 24 -22 29 -23 27 -27 -28 -21
right_child=1 9 3 5 8 -7 7 -9 -10 12 -12 -13 21 14 -16 16 -18 18 -20 22 23 25 -24 -25 -26 26 28 -29 -30 -31
leaf_value=-0.2893989890249884 -0.038533222009871568 -1.5509038545332904e-05 -0.036569465171271201 -0.017629263615861816 -0.01306476198201794 0.027332106912733359 -0.084717244832546612 -0.0032662308360870036 0.023166566332212968 -0.0048083444944877667 0.0075361961414868112 0.0095050440208154403 -0.0011382046354611079 0.0026897538365693329 -0.0066875811125602092 -0.0085134018110157497 -7.4975175057756315e-05 0.026051173756455222 -0.0015265807097225408 0.01504696563905138 0.00063229863026368922 0.015168491686576576 -0.0095345096923380931 0.013777299041067968 0.00035791071833642113 0.0050441040136677499 0.002402809498724668 0.00023900157531333367 -0.0052193837381788481 0.0032244771402412126
leaf_weight=28286 6258 66459 8415 2632 4382 3994 10542 2375 2148 29932 2871 8899 33742 5480 18643 19196 30656 2230 7232 2778 2756 6832 8261 2323 32404 6532 8314 10250 9535 15487
leaf_count=28286 6258 66459 8415 2632 4382 3994 10542 2375 2148 29932 2871 8899 33742 5480 18643 19196 30656 2230 7232 2778 2756 6832 8261 2323 32404 6532 8314 10250 9535 15487
internal_value=-0.000503025 -0.000154591 -0.00114789 -0.000617396 -0.00126914 0.00085232 -0.0035351 -0.00264779 -6.71765e-05 -7.09999e-05 0.000200947 0.000123234 -0.000155233 -0.000273706 -0.00111433 -0.000141325 -0.000604229 8.18843e-05 0.00124775 -0.000109012 0.00289862 0.000124176 0.000265309 0.00176145 0.000458651 0.000514619 0.000289714 0.000947593 -0.000329023 0.0010927
internal_weight=399844 358641 27829 21571 14945 6626 41203 12917 6530 330812 78229 75358 252583 177378 24123 153255 49852 103403 14541 88862 7309 75205 58930 5079 50669 41463 34631 16782 17849 18265
internal_count=399844 358641 27829 21571 14945 6626 41203 12917 6530 330812 78229 75358 252583 177378 24123 153255 49852 103403 14541 88862 7309 75205 58930 5079 50669 41463 34631 16782 17849 18265
cat_boundaries=0 32 64 96 122 151 180 212 238 267 296 322
cat_threshold=0 0 0 0 0 0 0 0 0 0 0 0 0 0 0 0 0 0 0 1 0 0 46 0 0 372 0 0 3744 0 0 53760 0 0 0 0 0 0 0 0 0 0 0 0 0 0 0 0 0 0 0 0 0 0 3 0 0 244 0 0 8240 0 0 19456 297 0 0 4128 0 0 28928 0 0 1445888 0 0 2359296 0 0 0 0 0 1073741824 0 0 0 50 0 0 48 0 0 14336 0 0 87808 192 0 0 8192 0 0 1024 0 0 32768 0 0 131072 0 0 419430400 0 0 2818572288 3 0 268435456 0 0 0 3 518 0 0 9296 0 0 2560 0 0 598016 0 0 16777216 0 0 270532608 0 0 117440512 2 0 4026531840 12 0 0 15 0 0 1792 518 0 0 576 0 0 165888 0 0 2629632 0 0 9109504 0 0 70254592 0 0 50331648 0 0 805306368 8 0 0 963 0 0 352 80 0 0 512 0 0 133120 0 0 2105344 0 0 33751040 0 0 9437184 0 0 2701131776 0 0 805306368 4 0 0 967 0 0 240 0 0 43008 726 0 0 10240 0 0 132096 0 0 622592 0 0 14286848 0 0 155189248 0 0 3087007744 1 0 2147483648 0 0 0 2 512 0 0 1152 0 0 0 0 0 589824 0 0 13631488 0 0 322961408 0 0 469762048 0 0 3221225472 9 0 0 8 0 0 256 0 0 0 1088 0 0 512 0 0 2105344 0 0 16842752 0 0 3145728 0 0 16777216 0 0 0 1 0 0 1 0 0 16 0 0 0 656 0 0 2048 0 0 16384 0 0 50331648 0 0 612368384 0 0 67108864 0 0 1073741824 1 0 0 5
is_linear=0
shrinkage=0.08


Tree=121
num_leaves=31
num_cat=9
split_feature=45 45 17 5 45 31 17 5 23 24 27 17 27 33 30 5 5 5 10 5 31 31 5 44 39 5 10 5 33 30
split_gain=67.4085 4.4388 3.55555 2.44005 2.09742 1.94116 1.93143 1.54757 1.55983 2.32783 1.50379 1.58061 1.70192 2.17448 1.70014 2.20245 1.55544 1.32528 1.44719 2.75592 1.27229 1.60077 1.69087 1.20469 1.23171 1.91882 1.17299 1.4478 1.14506 1.12767
threshold=-3.3140602111816402 4.3717133998870858 1.5316156744956972 0 -5.9670064449310294 40.643161773681648 2.75385594367981 1 27.910564422607425 29.014984130859379 1002.6428527832032 0.87584787607193004 1010.4404602050782 24.580415725708011 320.31250000000006 2 3 4 1.127113461494446 5 74.046272277832045 55.545135498046882 6 5.66888451576233 1.1930717229843142 7 2.5573270320892338 8 25.328831672668461 6.6875000000000009
decision_type=2 2 10 9 2 2 10 9 2 2 2 10 2 2 2 9 9 9 2 9 2 2 9 2 2 9 2 9 2 2
left_child=4 2 -2 28 -1 -5 -6 8 10 -10 -3 -12 14 17 15 -13 -16 -14 19 -19 21 -11 -23 -9 29 26 -26 -28 -4 -25
right_child=1 7 3 5 6 -7 -8 23 9 20 11 12 13 -15 16 -17 -18 18 -20 -21 -22 22 -24 24 25 -27 27 -29 -30 -31
leaf_value=-0.26112988240298934 -0.045571083177797574 -0.022311176313871913 -0.03488605540982697 0.029713814511757298 -0.085925294683940237 -0.0048965352774593953 -0.010395628784994797 0.017741318704666199 0.0042293560460858496 -0.0024935070064218611 -0.0038768740653571006 0.019325378981018798 -0.01544579023998559 0.010602384663882839 0.0048085616999073259 0.0023804086102878286 -0.0084993080600491693 0.016312326237954353 -0.0070390759732336938 -0.0027389941034671301 -0.003678407313227704 0.02643337166673923 0.0019144747672839143 0.002130816899293815 -0.0056096505031707966 -0.015799391337751111 -0.0020044610645919138 0.015050923577613435 -0.0037453359214922877 -5.6649991271011963e-05
leaf_weight=32160 6426 2722 5942 2036 5349 6214 2618 2575 2982 9391 18933 2428 8522 2314 3216 4452 4197 2086 14382 5263 10707 2073 5061 35848 6813 8655 3707 2645 3047 177438
leaf_count=32160 6426 2722 5942 2036 5349 6214 2618 2575 2982 9391 18933 2428 8522 2314 3216 4452 4197 2086 14382 5263 10707 2073 5061 35848 6813 8655 3707 2645 3047 177438
internal_value=-0.000508551 -0.000161907 -0.0012207 -0.000621254 -0.00361831 0.00037243 -0.00245055 -8.73917e-05 -0.000353584 0.000125198 -0.000564758 -0.000488307 -0.00023896 -0.000558309 0.000488568 0.00139332 -0.00035188 -0.000739254 -0.000406603 0.000506046 -0.000107482 0.000332627 0.00123516 2.32047e-05 4.32032e-06 -0.000568027 4.09547e-05 0.000822382 -0.00153136 6.28976e-05
internal_weight=400202 360075 23665 17239 40127 8250 7967 336410 98729 30214 68515 65793 46860 32567 14293 6880 7413 30253 21731 7349 27232 16525 7134 237681 235106 21820 13165 6352 8989 213286
internal_count=400202 360075 23665 17239 40127 8250 7967 336410 98729 30214 68515 65793 46860 32567 14293 6880 7413 30253 21731 7349 27232 16525 7134 237681 235106 21820 13165 6352 8989 213286
cat_boundaries=0 32 61 87 113 142 161 187 219 251
cat_threshold=0 0 0 0 0 0 0 0 0 0 0 0 0 0 0 0 0 0 0 1 0 0 39 0 0 884 0 0 1760 0 0 12544 6 0 0 0 0 0 2560 0 0 2105344 0 0 33816576 0 0 332398592 0 0 436207616 1 0 2684354560 13 0 0 909 0 0 13312 0 0 0 0 0 0 0 0 0 2097152 0 0 33554432 0 0 13631488 0 0 134217728 0 0 2147483648 0 0 0 5 4 0 0 0 0 0 0 0 0 8192 0 0 33554432 0 0 33554432 0 0 134217728 1 0 0 13 0 0 772 6 0 0 0 0 0 0 0 0 0 0 0 0 0 0 1048576 0 0 0 0 0 536870912 12 0 0 900 0 0 13312 0 0 0 0 0 0 2560 0 0 0 0 0 0 0 0 54525952 0 0 436207616 0 0 0 0 0 0 0 0 0 0 0 0 33554432 0 0 327155712 0 0 268435456 0 0 536870912 1 0 0 1 0 0 0 64 0 0 4096 0 0 147456 0 0 23265280 0 0 69206016 0 0 1627389952 2 0 1342177280 2 0 0 34 0 0 2304 0 0 15104 0 0 0 0 0 0 0 0 0 16384 0 0 65536 0 0 0 0 0 1627389952 0 0 268435456 0 0 0 34 0 0 2048 0 0 2816
is_linear=0
shrinkage=0.08


Tree=122
num_leaves=31
num_cat=1
split_feature=45 45 21 45 33 21 21 45 38 8 38 41 12 33 38 33 14 40 12 31 37 36 28 19 33 34 21 29 34 34
split_gain=66.1712 4.9201 2.21695 2.21119 1.73586 1.65053 1.62541 1.61751 2.80241 3.68028 2.32904 2.78672 3.02912 2.23765 3.32553 1.96235 1.90871 1.8553 1.71122 2.29903 1.5885 1.5567 2.30578 1.51709 2.0501 1.75115 1.63962 1.60121 1.97982 1.65538
threshold=-3.3140602111816402 3.5407916307449345 2.0299381017684941 -7.0711865425109854 26.175167083740238 2.0828645229339604 2.4855581521987919 27.12876129150391 -0.068717956542968736 0 -0.39079093933105463 27.827211380004886 0.42855167388916021 24.580415725708011 2.6624155044555669 12.695807933807375 2.3143557310104375 0.94787192344665538 0.41637842357158666 84.142997741699233 0.52607345581054699 0.0071525573730468759 1008.5815429687501 0.59354323148727428 22.377023696899418 -2.2723083496093746 1.8347746133804324 1.0000000180025095e-35 6.6543579101562509 1.6183166503906252
decision_type=2 2 2 2 2 2 2 2 2 1 2 2 2 2 2 2 2 2 2 2 2 2 2 2 2 2 2 2 2 2
left_child=3 2 4 -1 -2 -5 7 8 9 23 11 -9 -13 -10 16 -11 -15 -17 19 21 -19 22 -12 25 26 -3 27 -25 29 -29
right_child=1 6 -4 5 -6 -7 -8 10 13 15 18 12 -14 14 -16 17 -18 20 -20 -21 -22 -23 -24 24 -26 -27 -28 28 -30 -31
leaf_value=-0.30593732275875196 -0.038502014478905715 -0.011354977449006803 -0.0002600456784995612 -0.087612147367704993 -0.00063115654545512769 -0.025860182859746447 0.046352741473481132 0.0026467143229883926 -0.0046184488341512514 0.002608453682221218 0.0079352393860132545 -0.0094772669650911422 -0.0017150092349595325 0.0034956053243004664 -0.017736843850431797 -0.00014145641074289945 0.031330573888028575 -0.015113427561887638 9.3618954847913774e-05 0.0042758322703363022 -0.00028194326459155721 0.00036004593167765215 0.00016518906427262704 -0.0027767671808288791 0.013233265727426041 0.00033554685669103033 -0.0095614146644714942 0.0065342015637216691 0.025374922256284113 -0.00050716069805691868
leaf_weight=28968 12042 2155 5645 6910 2677 4251 2300 7869 64410 6860 2126 5761 27215 3222 3211 8333 2128 11554 93141 7054 3607 34055 2392 7113 4265 9461 4383 15732 2010 9302
leaf_count=28968 12042 2155 5645 6910 2677 4251 2300 7869 64410 6860 2126 5761 27215 3222 3211 8333 2128 11554 93141 7054 3607 34055 2392 7113 4265 9461 4383 15732 2010 9302
internal_value=-0.000487524 -0.000144021 -0.00135153 -0.0035685 -0.00186815 -0.00260711 -7.15883e-05 -8.6067e-05 -0.000272979 3.98646e-05 7.80959e-05 -0.000452822 -0.000775603 -0.000636386 0.000578228 -0.000665789 0.00179851 -0.00101328 0.000234388 0.000635711 -0.00154004 0.000392607 0.00178622 0.000433502 0.000653508 -0.000377087 0.000469 0.000655954 0.000936792 0.000742053
internal_weight=400152 360023 20364 40129 14719 11161 339659 337359 157746 84775 179613 40845 32976 72971 8561 30354 5350 23494 138768 45627 15161 38573 4518 54421 42805 11616 38540 34157 27044 25034
internal_count=400152 360023 20364 40129 14719 11161 339659 337359 157746 84775 179613 40845 32976 72971 8561 30354 5350 23494 138768 45627 15161 38573 4518 54421 42805 11616 38540 34157 27044 25034
cat_boundaries=0 1
cat_threshold=2
is_linear=0
shrinkage=0.08


Tree=123
num_leaves=31
num_cat=11
split_feature=45 45 15 45 5 21 21 5 43 3 15 5 35 14 5 5 29 35 5 28 5 5 5 39 14 24 5 5 43 12
split_gain=62.6585 4.2799 3.771 2.73948 2.27866 2.40292 1.96029 1.72591 1.40272 1.20594 2.25595 1.90173 1.87743 2.45692 2.60982 2.17651 2.64162 2.52931 1.75592 1.34668 1.31525 1.18445 1.15228 1.1331 1.26075 1.80481 1.63369 1.55118 1.18497 1.14074
threshold=-3.3140602111816402 5.9970154762268075 1.3846107721328738 -7.6388113498687735 0 1.9056416153907778 1.9951949715614321 1 2.6490122079849248 514.84716796875011 0.82128703594207775 2 2.9015541076660161 1.5876979231834414 3 4 0.58205032348632824 0.013828277587890627 5 995.22091674804699 6 7 8 1.5419647097587588 0.54284444451332103 27.934738159179691 9 10 26.861407279968265 1.1694408655166628
decision_type=2 2 10 2 9 2 2 9 2 2 10 9 2 2 9 9 2 2 9 2 9 9 9 2 2 2 9 9 2 2
left_child=3 2 -2 -1 8 -6 -5 -8 -4 19 -11 -12 15 -14 -15 -13 17 22 -19 -3 23 -10 -17 24 28 26 -26 -27 -21 -29
right_child=1 9 4 6 5 -7 7 -9 21 10 11 12 13 14 -16 16 -18 18 -20 20 -22 -23 -24 -25 25 27 -28 29 -30 -31
leaf_value=-0.31789300103730461 -0.037405362817282461 0.020829126462862425 -0.030531091891740438 -0.089489426101046113 -0.010942062213426819 0.028707366293511762 -0.05638181177573505 0.0035371054732898249 0.0087084364008173879 -0.011311636225247427 -0.0065213513539817735 -0.012592730809206349 -0.00049591059291586833 -0.0016375160623659393 0.025852725862870792 0.0092159787155326172 -0.016092251715202475 0.0018368373530447131 0.028233570459519478 -0.0032633506225600386 -0.000441329220044668 -0.018034735121064845 -0.012699829984132296 -0.013660156900032114 0.00023317885061267975 -0.0021715028215997319 0.0047356793393364726 0.0024250395832488298 0.00019905180916424695 -0.0026444520754686472
leaf_weight=27232 6878 2567 8071 7569 6225 3645 2917 2384 2380 9221 13281 11142 8330 2225 4248 2503 3912 2135 3102 5067 173722 2591 3727 2531 6018 12067 11986 26228 19151 6890
leaf_count=27232 6878 2567 8071 7569 6225 3645 2917 2384 2380 9221 13281 11142 8330 2225 4248 2503 3912 2135 3102 5067 173722 2591 3727 2531 6018 12067 11986 26228 19151 6890
internal_value=-0.000491306 -0.000156987 -0.00107517 -0.00349043 -0.000581451 0.000335692 -0.00252485 -0.00134137 -0.00127454 -7.40838e-05 -0.000386366 -0.000190791 7.70114e-05 0.000798487 0.00196637 -0.000325808 0.000291187 0.00090372 0.00219783 7.95329e-07 -1.69919e-05 -0.000217628 -0.000185898 0.000231307 0.000279716 0.000467791 0.00114489 0.000197809 -0.000210996 0.000480656
internal_weight=399945 359843 29790 40102 22912 9870 12870 5301 13042 330053 63826 54605 41324 14803 6473 26521 15379 11467 5237 266227 263660 4971 6230 89938 87407 63189 18004 45185 24218 33118
internal_count=399945 359843 29790 40102 22912 9870 12870 5301 13042 330053 63826 54605 41324 14803 6473 26521 15379 11467 5237 266227 263660 4971 6230 89938 87407 63189 18004 45185 24218 33118
cat_boundaries=0 32 64 96 128 157 189 221 253 285 308 340
cat_threshold=0 0 0 0 0 0 0 0 0 0 0 0 0 0 0 0 0 0 0 1 0 0 51 0 0 1013 0 0 1760 0 0 8448 0 0 0 0 0 0 0 0 0 0 0 0 0 0 0 0 0 0 0 0 0 0 12 0 0 345 0 0 2016 0 0 66048 24 0 0 192 0 0 2048 0 0 73728 0 0 36569088 0 0 29360128 0 0 2248146944 0 0 2147483648 4 0 0 512 0 0 1792 0 0 98816 0 0 0 0 0 0 0 0 0 0 0 0 17825792 0 0 35651584 0 0 0 2 0 268435456 1 0 0 105 0 0 10368 0 0 10240 0 0 0 0 0 0 0 0 0 131072 0 0 0 0 0 301989888 0 0 1610612736 1 0 0 56 0 0 284 0 0 112 0 0 0 0 0 0 1024 0 0 2097152 0 0 1048576 0 0 0 0 0 0 2 0 0 3 0 0 2 0 0 4096 0 0 29696 344 0 0 13008 0 0 6400 0 0 184320 0 0 50593792 0 0 427819008 0 0 3221225472 1 0 2147483648 33 0 0 128 0 0 0 0 0 256 0 0 0 0 0 0 0 0 0 0 0 0 0 0 0 0 0 0 0 0 0 0 19 0 0 528 0 0 736 0 0 8192 0 0 0 0 0 0 1024 0 0 2146304 0 0 17825792 0 0 2097152 0 0 0 2 0 0 0 0 0 32 0 0 4096 0 0 12288 0 0 0 4224 0 0 4096 0 0 180224 0 0 33554432 0 0 142606336 0 0 2147483648 0 0 0 33 256 0 0 8192 0 0 0 0 0 4096 0 0 16777216 0 0 268435456 0 0 1073741824 1 0 2147483648 0 0 0 0 0 0 0 0 0 256
is_linear=0
shrinkage=0.08


Tree=124
num_leaves=31
num_cat=1
split_feature=45 45 45 33 16 1 44 3 39 14 18 25 27 6 10 14 18 12 27 32 33 33 25 41 16 30 36 7 30 37
split_gain=60.929 3.23901 2.97148 2.04041 1.91324 1.80769 1.25275 1.50241 1.98177 1.7769 2.01754 1.80457 2.18519 1.80253 2.76377 1.71138 2.02867 1.65258 1.75812 1.62424 1.54483 1.38187 1.36059 2.71503 2.12951 2.07949 1.87944 2.19471 1.89662 1.81738
threshold=-3.3140602111816402 3.5407916307449345 -7.6388113498687735 24.993023872375492 3.468857049942017 87.250000000000014 3.9103633165359502 267.91935729980474 2.016081809997559 1.3431411981582644 2.3822149038314824 2.8764376640319829 1016.6324157714845 0 0.72284245491027843 3.6280148029327397 1.5854197144508364 1.2380757927894595 1011.4636230468751 330.87295532226568 17.03135967254639 18.385344505310062 2.7448208332061772 23.355064392089847 1.909661650657654 1519.5625000000002 1.6407966613769533 2.5000000000000004 68.562500000000014 0.31557846069335943
decision_type=2 2 2 2 10 2 2 2 2 2 2 2 2 1 2 2 2 2 2 2 2 2 2 2 8 2 2 2 2 2
left_child=2 3 -1 -2 -4 -5 -3 22 9 10 13 12 15 14 -9 16 17 19 -19 -11 -15 -14 24 -24 25 26 27 29 -29 -8
right_child=1 6 4 5 -6 -7 7 8 -10 11 -12 -13 21 20 -16 -17 -18 18 -20 -21 -22 -23 23 -25 -26 -27 -28 28 -30 -31
leaf_value=-0.29189007274300316 -0.027602608047684829 0.015361896039034833 -0.071424274512387143 -0.013453841048223397 -0.017555436385183889 0.030906773381967883 -0.0044434761860018364 0.012003702687684572 -0.022384413630503811 0.015785281488485525 0.012445600034906973 -0.0074415863716387476 -0.018405968075714495 -0.0041136354432926769 -0.0050411392436567563 0.026950415514083309 -0.0010506600498966109 -0.0068361654603709991 0.017363454242610026 0.0053883726026158997 -0.014555971747221664 0.0027722079730911585 -0.023507227247377561 -0.00013466251144759564 -0.0048014180510402172 -0.0028196490069698492 0.0037879239445913556 0.011540549433268781 -0.0028900507936921354 0.0040994037755599962
leaf_weight=27219 14902 2178 10151 3406 2759 2049 11890 2177 4248 2832 2099 13896 7020 16552 3934 2569 28500 5283 2083 9294 10333 3598 2982 148777 12524 9339 23949 5398 2006 6298
leaf_count=27219 14902 2178 10151 3406 2759 2049 11890 2177 4248 2832 2099 13896 7020 16552 3934 2569 28500 5283 2083 9294 10333 3598 2982 148777 12524 9339 23949 5398 2006 6298
internal_value=-0.000464555 -0.00013502 -0.00342101 -0.00111494 -0.00241796 0.000208599 -7.62763e-05 -8.86408e-05 -0.000324327 -0.00025885 -0.000728672 -3.91566e-05 0.000147803 -0.00088178 0.000358179 0.000366929 0.000258988 0.000887703 -5.74847e-05 0.00146144 -0.00116335 -0.000894995 3.22072e-05 -0.00010329 0.00032016 0.00052165 0.000728057 0.000251229 0.00141138 -0.000221564
internal_weight=400245 360116 40129 20357 12910 5455 339759 337581 114418 110170 35095 75075 61179 32996 6111 50561 47992 19492 7366 12126 26885 10618 223163 151759 71404 58880 49541 25592 7404 18188
internal_count=400245 360116 40129 20357 12910 5455 339759 337581 114418 110170 35095 75075 61179 32996 6111 50561 47992 19492 7366 12126 26885 10618 223163 151759 71404 58880 49541 25592 7404 18188
cat_boundaries=0 1
cat_threshold=2
is_linear=0
shrinkage=0.08


Tree=125
num_leaves=31
num_cat=13
split_feature=24 5 6 8 37 33 17 13 5 27 35 41 6 5 5 35 5 26 5 41 33 34 23 9 5 25 5 5 33 27
split_gain=57.3401 4.23067 3.28087 1.96927 2.56512 1.73688 1.46109 1.47195 1.47954 1.4147 1.35025 1.28541 1.22981 1.36066 1.06107 1.4446 3.50599 1.13071 2.07637 2.00806 2.15406 2.76913 1.24902 1.22895 1.53211 1.09962 2.73966 2.50981 2.2395 2.42249
threshold=1.0000000180025095e-35 0 1 2 -0.72536849975585926 25.098048210144047 3.4049012660980229 2.5742551088333134 3 1022.4835205078126 5.089282989501954 -7.4832873344421378 4 5 6 22.910118103027347 7 3.0994778871536259 8 24.202914237976078 16.565184593200687 1.0000000180025095e-35 26.297382354736332 9 10 3.0207325220108037 11 12 15.849024295806887 1009.0597534179689
decision_type=2 9 1 1 2 2 10 2 9 2 2 2 1 9 9 2 9 2 9 2 2 2 2 1 9 2 9 9 2 2
left_child=11 2 3 4 -2 10 7 9 -9 14 -6 -1 13 -13 15 17 -17 18 22 20 -20 -22 -3 -19 -25 26 28 -27 -16 -30
right_child=1 6 -4 -5 5 -7 -8 8 -10 -11 -12 12 -14 -15 25 16 -18 23 19 -21 21 -23 -24 24 -26 27 -28 -29 29 -31
leaf_value=-0.25645270344192217 0.017101818827535552 0.0046167479588764141 -0.046663642121625028 -0.019464735290955243 -0.025553263585562768 0.0076361182093007468 0.025489549777127501 -0.023969275271313668 0.0009983061004535821 -0.039568015933935191 0.0020815252363217251 -0.075983676499423461 -0.13600593112688439 -0.0020019442949165385 0.013569793521825298 0.0092643628055499305 -0.0025409265078136949 4.2931299875721876e-05 -0.0058147078345157453 -0.0014341284636792389 0.0036696645940501771 0.025075840726674938 0.0093870189605232655 0.0027733603287035131 -0.0076502477836806861 -0.01372933671206544 -0.0008485243098534359 -0.00069400830904617513 0.0087689615204353411 -0.00032309117258729175
leaf_weight=24661 3322 2367 6527 7085 4966 3617 3894 3908 2819 2614 2141 2053 6138 2120 2152 2295 2215 67917 2391 13434 2537 2426 2198 2097 5296 9092 111382 83881 3233 9289
leaf_count=24661 3322 2367 6527 7085 4966 3617 3894 3908 2819 2614 2141 2053 6138 2120 2152 2295 2215 67917 2391 13434 2537 2426 2198 2097 5296 9092 111382 83881 3233 9289
internal_value=-0.00047258 -0.000176115 -0.00112696 -0.000641295 -9.27727e-05 -0.000694616 -9.81112e-05 -0.00011612 -0.00128663 -9.19887e-05 -0.00142026 -0.00356664 -0.00281019 -0.00172955 -7.70123e-05 0.000131833 0.00153097 6.90146e-05 0.000531009 0.000190695 0.00125258 0.00220149 0.00207197 -8.65649e-05 -0.00106462 -0.000177295 -2.33538e-05 -0.000386007 0.0010034 0.000593041
internal_weight=400067 365095 27658 21131 14046 10724 337437 333543 6727 326816 7107 34972 10311 4173 324202 105173 4510 100663 25353 20788 7354 4963 4565 75310 7393 219029 126056 92973 14674 12522
internal_count=400067 365095 27658 21131 14046 10724 337437 333543 6727 326816 7107 34972 10311 4173 324202 105173 4510 100663 25353 20788 7354 4963 4565 75310 7393 219029 126056 92973 14674 12522
cat_boundaries=0 32 33 34 66 67 99 131 147 179 180 212 244 276
cat_threshold=0 0 0 0 0 0 0 0 0 0 0 0 0 0 0 0 0 0 0 0 0 0 30 0 0 368 0 0 1664 0 0 16384 6 2 0 0 0 0 0 0 2048 0 0 0 0 0 3145728 0 0 130023424 0 0 1828716544 0 0 2684354560 33 0 0 141 0 0 14336 0 0 42496 2 0 0 0 0 0 0 0 0 0 0 0 0 0 0 0 0 0 0 0 0 0 0 35 0 0 652 0 0 3776 0 0 9728 985 0 0 560 0 0 20480 0 0 1445888 0 0 9830400 0 0 234881024 0 0 335544320 0 0 0 0 0 0 136 0 0 256 0 0 71168 584 0 0 512 0 0 4096 0 0 393216 0 0 9830400 0 0 67108864 321 0 0 528 0 0 16384 0 0 0 0 0 131072 0 0 0 0 0 67108864 0 0 0 0 0 0 0 0 0 256 0 0 69632 44 24 0 0 528 0 0 0 0 0 1179648 0 0 131072 0 0 0 0 0 0 0 0 0 0 0 0 128 0 0 0 0 0 65536 2 0 0 3072 0 0 197376 0 0 0 0 0 4194304 0 0 7340032 0 0 50331648 0 0 0 0 0 0 0 0 0 0 0 0 32768 0 0 0 0 0 0 0 0 0 65536 0 0 0 0 0 836763648 0 0 150994944 1 0 0 0 0 0 0 0 0 6144 0 0 33024
is_linear=0
shrinkage=0.08


Tree=126
num_leaves=31
num_cat=1
split_feature=23 43 14 44 11 40 18 19 36 1 31 32 40 37 31 1 10 18 34 34 31 1 27 14 14 6 26 10 34 43
split_gain=54.1175 2.79864 3.84184 2.69094 2.52556 2.35957 2.33798 2.2773 1.75343 1.34486 1.77725 1.25848 1.37596 1.4211 1.5674 2.47695 1.17144 3.33486 1.16804 1.04329 1.3368 1.2823 1.00372 1.42895 0.91496 0.85424 2.13508 2.59988 1.9532 2.12724
threshold=-3.2950553894042964 7.7782413959503183 3.5254925489425664 -7.1117959022521964 0.95038822293281566 3.8666477203369145 2.9789439439773564 2.1546379327774052 28.605937004089359 87.250000000000014 40.643161773681648 119.30320358276369 2.838754534721375 1.5529937744140627 52.330961227416999 83.750000000000014 3.8770236968994145 2.4151827096939091 -4.7806701660156241 2.9902038574218754 30.355532646179203 74.250000000000014 1008.9243774414064 1.7707492113113406 3.0301710367202763 0 2.5295628309249882 0.67406788468360912 -1.1170043945312498 27.287828445434574
decision_type=2 2 2 2 2 2 2 2 2 2 2 2 2 2 2 2 2 2 2 2 2 2 2 2 2 1 2 2 2 2
left_child=3 2 4 -1 -2 -4 8 -5 9 -6 -11 -3 13 25 -15 -16 19 -18 -10 20 -14 -21 24 -24 -22 26 27 -13 -28 -30
right_child=1 11 5 7 6 -7 -8 -9 18 10 -12 12 16 14 15 -17 17 -19 -20 21 22 -23 23 -25 -26 -27 28 -29 29 -31
leaf_value=-0.20867263812633205 -0.025798188070087047 0.016049894305005086 0.038041230250354906 -0.065766348408621819 -0.035819227764825781 -0.013173728465713465 0.023001587072593775 -0.015571637884262794 0.014868665251746823 0.017551889655292748 -0.015530803259702051 0.01040273171604016 -0.021393687682526537 0.019987760171807607 -0.0067454361649619812 0.01430255257792264 0.019965107437209521 -0.010132837305067517 -0.011256009370601965 -0.00067173357283136772 -0.0076889473603433739 -0.020854153173307563 0.011735570904310726 -0.0025203312112535626 0.0043602910436944323 -0.0004504443328882372 0.001007734966403401 0.0029287762743980365 0.00066196389144764054 -0.0040874734466266839
leaf_weight=28922 8798 2678 2776 7000 7360 2043 2056 3947 2038 2002 7167 2695 2641 2137 3379 2080 2269 3271 2021 2989 9977 6294 3955 7252 2078 205170 33912 9859 9212 11599
leaf_count=28922 8798 2678 2776 7000 7360 2043 2056 3947 2038 2002 7167 2695 2641 2137 3379 2080 2269 3271 2021 2989 9977 6294 3955 7252 2078 205170 33912 9859 9212 11599
internal_value=-0.000468655 -0.000158659 -0.000825013 -0.00326478 -0.0011474 0.00127645 -0.000699921 -0.00219294 -0.000956987 -0.00132269 -0.00067502 -8.39317e-05 -9.8374e-05 -3.518e-05 0.00104339 0.000322544 -0.000532797 0.000547747 0.000531825 -0.000703035 -0.000441941 -0.00143032 -0.000247852 0.000297048 -0.000754249 -6.52883e-05 0.000182058 0.00112257 -3.38379e-05 -0.000643774
internal_weight=399577 359708 36261 39869 31442 4819 22644 10947 20588 16529 9169 323447 320769 280043 7596 5459 40726 5540 4059 35186 25903 9283 23262 11207 12055 272447 67277 12554 54723 20811
internal_count=399577 359708 36261 39869 31442 4819 22644 10947 20588 16529 9169 323447 320769 280043 7596 5459 40726 5540 4059 35186 25903 9283 23262 11207 12055 272447 67277 12554 54723 20811
cat_boundaries=0 1
cat_threshold=2
is_linear=0
shrinkage=0.08


Tree=127
num_leaves=31
num_cat=11
split_feature=24 3 19 6 30 6 5 5 38 5 17 5 31 24 21 10 5 5 5 38 17 16 31 5 30 10 34 5 43 23
split_gain=52.2602 5.23631 3.4663 2.97453 2.16836 1.57379 6.1446 3.17782 2.40256 2.51069 2.01718 1.98569 2.03662 1.53215 1.56811 1.49256 3.45432 1.35612 1.28869 1.2248 1.49823 1.09883 1.16496 1.05929 1.22184 5.99553 2.75293 1.60069 1.02919 1.11276
threshold=1.0000000180025095e-35 4568.1076660156259 2.9008541107177739 0 18.312500000000004 1 2 3 -1.4781017303466795 4 2.3649792671203618 5 85.694946289062514 -3.6044616699218746 1.8724941015243532 0.7848029136657716 6 7 8 2.9681794643402104 2.4764870405197148 1.2725729346275332 83.854152679443374 9 22.562500000000004 0.62248665094375621 1.4327697753906252 10 29.020405769348148 30.197971343994144
decision_type=2 2 2 1 2 1 9 9 2 9 8 9 2 2 2 2 9 9 9 2 10 10 2 9 2 2 2 9 2 2
left_child=13 2 5 4 17 7 -7 8 9 -2 11 12 15 -1 -15 -8 -17 -3 -5 20 -10 -6 -23 28 25 -25 -26 -27 -9 -30
right_child=1 3 -4 18 21 6 10 23 19 -11 -12 -13 -14 14 -16 16 -18 -19 -20 -21 -22 22 -24 24 26 27 -28 -29 29 -31
leaf_value=-0.25066086233484652 0.03374175176350664 0.016388512919293628 0.073243727469924677 -0.0083183111983184104 -0.022738483811256364 -0.024287774919816783 -0.00084912815829214382 -0.0044999752429640567 0.0012384484013276654 0.0039611694742119246 -0.0083962077945799914 -0.00082820880566450308 0.010610081725121748 -0.10793763584780205 -0.037215301780664595 0.013034110794743113 0.001445897004393151 -0.0058143867786739486 -0.047819964962285251 -0.012548605039506982 0.024989628877526773 -0.0131608555142569 0.0086307540103866837 0.012273727544977074 -0.00011487326347247483 0.0093903322540903507 -0.0080925688513489961 -0.0029925283356236516 0.0066099831012887645 -0.0036876012486484993
leaf_weight=23814 2127 2561 2049 2439 3355 11074 9840 23219 46103 2722 5709 89044 2059 5697 5305 2248 10283 2116 8048 3427 2080 6859 2075 2003 95727 2082 3432 9185 4590 8952
leaf_count=23814 2127 2561 2049 2439 3355 11074 9840 23219 46103 2722 5709 89044 2059 5697 5305 2248 10283 2116 8048 3427 2080 6859 2075 2003 95727 2082 3432 9185 4590 8952
internal_value=-0.000433587 -0.000151367 -6.50373e-05 -0.00121371 -0.000557166 -8.50937e-05 -0.000302648 5.27245e-05 0.000563819 0.00226466 -0.000134998 -6.11197e-05 0.000577504 -0.00339471 -0.00260879 0.000355479 0.000934215 0.000907189 -0.00227163 0.000403719 0.000507708 -0.00111521 -0.000650269 -0.000140742 -1.88184e-05 0.000701806 -0.000115319 -1.66721e-05 -0.000513418 4.0731e-05
internal_weight=400224 365408 337955 27453 16966 335906 130257 205649 56459 4849 119183 113474 24430 34816 11002 22371 12531 4677 10487 51610 48183 12289 8934 149190 112429 13270 99159 11267 36761 13542
internal_count=400224 365408 337955 27453 16966 335906 130257 205649 56459 4849 119183 113474 24430 34816 11002 22371 12531 4677 10487 51610 48183 12289 8934 149190 112429 13270 99159 11267 36761 13542
cat_boundaries=0 1 2 34 66 98 130 162 191 220 252 278
cat_threshold=4 6 0 0 0 0 0 0 0 0 0 0 0 0 0 0 0 0 0 0 2147483648 1 0 0 60 0 0 61 0 0 480 0 0 28160 641 0 0 304 0 0 4096 0 0 4096 0 0 1245184 0 0 805306368 0 0 3221225472 3 0 268435456 56 0 0 21 0 0 864 0 0 3584 1 0 0 0 0 0 0 0 0 0 0 0 65536 0 0 268435456 0 0 0 3 0 268435456 56 0 0 1 0 0 256 0 0 512 0 0 0 8192 0 0 199168 0 0 1441792 0 0 4456448 0 0 8388608 0 0 369098752 0 0 536870912 3 0 0 704 0 0 12288 0 0 98560 0 0 0 8192 0 0 199168 0 0 131072 0 0 0 0 0 0 0 0 0 0 0 0 0 0 0 192 0 0 0 0 0 98560 0 0 0 0 0 0 0 0 0 0 0 0 0 0 0 0 0 0 0 0 0 0 36 0 0 104 0 0 1664 0 0 0 0 0 0 0 0 0 0 0 0 0 0 0 0 0 0 0 0 0 0 0 0 0 384 0 0 6144 16 0 0 0 0 0 133120 0 0 327680 0 0 0 0 0 37748736 0 0 486539264 0 0 1073741824 5 0 0 360 0 0 12416 0 0 61696 0 0 0 0 0 0 8192 0 0 1572864 0 0 8388608 0 0 76546048 0 0 0 0 0 0 0 0 0 642
is_linear=0
shrinkage=0.08


Tree=128
num_leaves=31
num_cat=0
split_feature=45 45 21 29 45 34 20 45 15 44 0 34 31 12 45 43 45 45 12 36 33 34 29 15 36 37 44 33 29 31
split_gain=53.1671 4.88481 3.32513 2.34658 1.75827 1.74693 1.62994 1.60578 4.93859 4.33588 1.71987 2.11184 2.59125 1.88855 1.47247 1.53346 3.95526 2.88713 1.40514 1.32813 1.8067 2.17205 1.22776 1.15311 0.969257 0.967833 0.951557 0.909716 2.33217 3.37915
threshold=-5.9670064449310294 1.0000000180025095e-35 2.0067181587219243 0.76412582397460949 -8.7573966979980451 8.5230407714843768 1.9963284730911257 17.821199417114261 1.4170191884040835 18.029183387756351 35.750000000000007 -3.2674255371093746 83.946025848388686 2.1497370004653935 18.849663734436039 21.053441047668461 22.52426910400391 20.804831504821781 1.8989266753196719 5.0368309020996103 24.580415725708011 -10.667114257812498 0.26443481445312506 0.85150381922721874 39.912700653076179 -0.41979598999023432 21.449008941650394 16.233792304992679 0.86145401000976574 74.217937469482436
decision_type=2 2 2 2 2 2 2 2 10 2 2 2 2 2 2 2 2 2 2 2 2 2 2 10 2 2 2 2 2 2
left_child=4 2 -2 18 -1 7 -6 8 23 -9 11 12 19 -12 -11 17 26 22 -4 -10 25 -22 -16 -3 -25 -21 -17 28 -18 -30
right_child=1 5 3 -5 6 -7 -8 9 10 14 13 -13 -14 -15 15 16 27 -19 -20 20 21 -23 -24 24 -26 -27 -28 -29 29 -31
leaf_value=-0.2910535176184928 -0.037693402935984499 -0.024357959589447819 0.0291535893305165 -0.050186657881510749 -0.10927111617625203 0.018207595194769405 -0.030077845905909863 0.019564571452923018 -0.022699485643984791 -0.021444739196572346 0.027700138335526245 -0.012561791838800464 0.024159970277835324 -0.0085200854040710424 -0.0036336508457043061 -0.0055387599351478505 0.003121009545926218 0.018934934968242691 -0.0075644452339365545 0.010423385231644445 -0.0015781013406728542 0.030635901345866572 0.0090426091888085591 -0.01499330255687951 0.0011033085153791774 -0.01490791557636361 -0.029556170117373614 -0.00035830966414576287 0.012434717800328213 -0.00067835764200516679
leaf_weight=24106 10930 4245 2099 2069 3911 2016 4169 2105 2430 2900 4009 9295 2066 2268 6594 2997 24208 3666 2377 2080 2075 2096 2875 14535 3291 3649 5411 186074 2336 57151
leaf_count=24106 10930 4245 2099 2069 3911 2016 4169 2105 2430 2900 4009 9295 2066 2268 6594 2997 24208 3666 2377 2080 2075 2096 2875 14535 3291 3649 5411 186074 2336 57151
internal_value=-0.000421686 -0.000148831 -0.00145382 -2.74609e-05 -0.00353907 -8.37039e-05 -0.00251174 -9.73239e-05 -0.000507138 -2.53378e-05 0.000161718 -0.000150374 0.000456476 0.001338 -5.1282e-05 -3.33936e-05 -7.32898e-05 0.000810954 0.00100223 1.62065e-05 0.00042785 0.00169242 7.21586e-05 -0.00141497 -0.00113164 -0.000494164 -0.00178095 -2.00025e-05 0.000199031 -7.03911e-05
internal_weight=400033 367847 17475 6545 32186 350372 8080 348356 52039 296317 29968 23691 14396 6277 294212 291312 278177 13135 4476 12330 9900 4171 9469 22071 17826 5729 8408 269769 83695 59487
internal_count=400033 367847 17475 6545 32186 350372 8080 348356 52039 296317 29968 23691 14396 6277 294212 291312 278177 13135 4476 12330 9900 4171 9469 22071 17826 5729 8408 269769 83695 59487
is_linear=0
shrinkage=0.08


Tree=129
num_leaves=31
num_cat=1
split_feature=45 45 17 29 45 14 17 27 0 41 45 27 6 14 37 15 12 1 14 38 21 41 38 43 31 33 38 17 12 0
split_gain=51.3089 4.95482 3.96197 3.00803 1.86667 1.51507 1.49152 1.31203 1.26259 1.39849 1.12207 1.04462 3.12223 2.60783 1.16264 1.00408 1.80611 2.25385 1.77718 1.74475 1.96099 1.75594 1.68845 2.55188 1.69991 1.52641 2.64525 2.21952 1.52383 2.67538
threshold=-5.9670064449310294 4.7959589958190927 2.9893555641174321 0.67831039428710949 -8.7573966979980451 2.9963179826736455 1.3774101734161379 1020.1275024414064 7.2500000000000009 27.497195243835453 -0.55015555024147023 1016.1122436523439 0 2.1928104162216191 0.55859375000000011 0.88150107860565197 1.525999188423157 71.750000000000014 3.1966773271560673 -0.18065452575683591 0.50095316767692577 27.827211380004886 -0.46978855133056635 31.649625778198246 55.545135498046882 24.785856246948246 2.4596643447875981 2.5692383050918584 0.32434381544590002 14.250000000000002
decision_type=2 2 10 2 2 2 10 2 2 2 2 2 1 2 2 10 2 2 2 2 2 2 2 2 2 2 2 10 2 2
left_child=4 2 6 -4 -1 -6 -2 8 9 -3 -8 15 13 -13 -14 19 17 -17 22 21 28 -10 24 -24 -19 -18 27 -27 29 -21
right_child=1 7 3 -5 5 -7 10 -9 11 -11 -12 12 14 -15 -16 16 25 18 -20 20 -22 -23 23 -25 -26 26 -28 -29 -30 -31
leaf_value=-0.26727330541277289 -0.039729545909750696 0.0040978713499410088 0.034103452566075804 -0.023605522625841251 -0.092299382144486325 -0.031876070987779344 -0.030447958853092257 0.02465486429811636 -0.00058239570689888826 -0.00011947373686666224 -0.0072032289159980421 0.014905181784854362 -0.015441998378758742 -0.0092191523965496486 0.0017618360678548636 -0.0051527632056422249 -0.0057357705954014298 -0.0061935235030653379 0.014670496709134393 0.00027238591918652614 -0.0010570533292492087 -0.0039678960342958806 -0.00010163285461597718 0.012055454960648877 0.0061947703944131198 0.0028198234793397033 -0.0090387311490445852 0.033597210748630466 1.3195370047346176e-05 0.0033669214145319814
leaf_weight=24070 5744 2937 3411 2467 4125 3964 10165 2285 40677 3631 11325 3382 12772 2643 2999 11617 30901 3420 3031 12217 46703 20972 59813 4037 21853 4422 4672 2039 30546 7401
leaf_count=24070 5744 2937 3411 2467 4125 3964 10165 2285 40677 3631 11325 3382 12772 2643 2999 11617 30901 3420 3031 12217 46703 20972 59813 4037 21853 4422 4672 2039 30546 7401
internal_value=-0.000427543 -0.000159765 -0.00109317 0.000789401 -0.00349144 -0.00243438 -0.00149963 -6.74677e-05 -8.06153e-05 0.00101672 -0.00119256 -0.000102746 -0.000637624 0.000909842 -0.0012288 -6.44177e-05 8.70957e-05 0.000266291 0.00039868 -0.000203778 7.96791e-06 -0.000536435 0.000333747 0.000114625 0.000887077 -0.000355248 0.000447634 0.00149529 0.000355243 0.000905236
internal_weight=400241 368082 33112 5878 32159 8089 27234 334970 332685 6568 21490 326117 21796 6025 15771 304321 145805 103771 92154 158516 96867 61649 89123 63850 25273 42034 11133 6461 50164 19618
internal_count=400241 368082 33112 5878 32159 8089 27234 334970 332685 6568 21490 326117 21796 6025 15771 304321 145805 103771 92154 158516 96867 61649 89123 63850 25273 42034 11133 6461 50164 19618
cat_boundaries=0 1
cat_threshold=3
is_linear=0
shrinkage=0.08


Tree=130
num_leaves=31
num_cat=9
split_feature=45 45 21 22 5 5 14 5 31 45 5 33 45 16 26 5 31 35 43 41 14 40 26 26 5 31 5 5 5 30
split_gain=49.3713 4.51069 3.81193 2.1452 2.46284 1.55365 1.74346 4.30373 2.01498 1.51611 1.71893 1.36378 2.62384 2.13337 1.9479 2.05192 1.90798 1.61222 1.56869 1.49559 1.59698 1.73402 1.31767 1.46729 1.30167 1.24171 2.2381 1.35799 1.12299 1.81381
threshold=-6.5069067478179923 1.0000000180025095e-35 1.753966808319092 0.11873245239257814 0 1 3.3888387680053715 2 65.57367324829103 -9.8891592025756818 3 24.396479606628422 11.455700874328615 1.3131135106086733 4.6368474960327157 4 83.946025848388686 0.0081062316894531267 30.42187595367432 28.904561996459964 1.5736096501350405 1.3281774520874026 8.8288412094116229 4.8048546314239511 5 56.439182281494148 6 7 8 0.28125000000000006
decision_type=2 2 2 2 9 9 2 9 2 2 9 2 2 10 2 9 2 2 2 2 2 2 2 2 9 2 9 9 9 2
left_child=9 2 -2 4 -4 11 25 -8 -9 -1 -11 12 13 -3 15 -13 -15 -14 19 20 22 -22 23 -19 -5 26 -7 -28 29 -27
right_child=1 5 3 24 -6 6 7 8 -10 10 -12 14 17 16 -16 -17 -18 18 -20 -21 21 -23 -24 -25 -26 28 27 -29 -30 -31
leaf_value=-0.32024351408878815 -0.045296899350309304 -0.022649484161311042 -0.024060407352251487 -0.00010939424904001572 0.028041989943982038 -0.014631510171629216 -0.0060917440734083571 0.015583281606021607 0.042189259053667973 -0.025711177121630527 -0.097369851801361346 0.017566393766209713 -0.0055160155298035543 -0.015690895296302122 -0.010615935085974349 0.00023053496086177072 0.010160462150660972 0.00015984793182895136 0.015858608001186453 -0.0081598315837016315 0.012874024902981432 0.0016979285824285401 0.0034218192004159794 -0.0058614766221422926 -0.043594492915076326 0.0054636993064240804 0.0064184317078702603 -0.0040927119467571811 -0.00026202361367879025 0.00035446087356715217
leaf_weight=20712 8098 6801 2160 2374 2983 6142 4573 2169 2006 2933 6730 3953 16656 9821 5177 6468 2472 13682 2071 3151 2109 4062 2343 5781 3436 10289 6265 20387 139455 74523
leaf_count=20712 8098 6801 2160 2374 2983 6142 4573 2169 2006 2933 6730 3953 16656 9821 5177 6468 2472 13682 2071 3151 2109 4062 2343 5781 3436 10289 6265 20387 139455 74523
internal_value=-0.000414436 -0.000159463 -0.00135796 -0.000384202 0.000804967 -9.42567e-05 7.66457e-07 0.00111075 0.00296067 -0.00351423 -0.00268087 -0.00039292 -0.000545775 -0.00134297 0.000282418 0.00091228 -0.000712998 -0.00024025 8.2025e-05 -6.01204e-05 0.0001262 0.00126128 -0.000195454 -0.000411442 -0.00143643 -3.70491e-05 -0.00049677 -0.000178765 3.01939e-05 0.000259712
internal_weight=399782 369407 19051 10953 5143 350356 265809 8748 4175 30375 9663 84547 68949 19094 15598 10421 12293 49855 33199 31128 27977 6171 21806 19463 5810 257061 32794 26652 224267 84812
internal_count=399782 369407 19051 10953 5143 350356 265809 8748 4175 30375 9663 84547 68949 19094 15598 10421 12293 49855 33199 31128 27977 6171 21806 19463 5810 257061 32794 26652 224267 84812
cat_boundaries=0 32 64 96 128 160 192 224 256 288
cat_threshold=0 0 0 0 0 0 0 0 0 0 0 0 0 0 0 0 0 0 0 0 0 0 6 0 0 29 0 0 1984 0 0 26112 0 0 0 1024 0 0 16384 0 0 2129920 0 0 33685504 0 0 13631488 0 0 67108864 1 0 805306368 63 0 0 753 0 0 7808 0 0 34816 0 0 0 0 0 0 2048 0 0 81920 0 0 1310720 0 0 186646528 0 0 452984832 0 0 0 0 0 0 258 0 0 8208 0 0 4352 0 0 0 0 0 0 0 0 0 0 0 0 0 0 0 0 0 0 0 0 0 0 16 0 0 896 0 0 6160 0 0 40960 0 0 0 0 0 0 0 0 0 0 0 0 131072 0 0 1048576 0 0 0 0 0 0 44 0 0 193 0 0 3584 0 0 32768 0 0 0 0 0 0 0 0 0 0 0 0 0 0 0 0 0 0 0 0 0 0 14 0 0 153 0 0 14336 0 0 18432 8 0 0 0 0 0 512 0 0 73728 0 0 30408704 0 0 1006632960 0 0 4026531840 0 0 0 0 0 0 264 0 0 320 0 0 17152 16 0 0 192 0 0 4096 0 0 151552 0 0 0 0 0 0 0 0 134217728 2 0 0 0 0 0 2 0 0 8192 0 0 69632 0 0 0 8752 0 0 9984 0 0 335872 0 0 27000832 0 0 889192448 0 0 989855744 0 0 0 0 0 0 256 0 0 8464 0 0 20736
is_linear=0
shrinkage=0.08


Tree=131
num_leaves=31
num_cat=13
split_feature=45 45 17 29 45 5 5 33 19 5 27 33 5 11 5 17 5 5 29 5 5 24 5 41 33 45 28 5 5 5
split_gain=46.7634 4.13852 3.13137 3.08283 2.24157 2.05228 1.88112 1.87178 1.74072 1.60852 1.32201 2.32942 1.09427 0.963267 3.43299 1.75284 2.01067 1.70712 1.57941 2.70369 1.6758 1.47701 1.31285 1.15408 1.10792 1.01879 1.71108 1.69519 1.37861 1.36766
threshold=-5.9670064449310294 0.56275889277458202 1.9074313044548037 0.79302215576171886 -9.3026924133300763 0 1 22.569024085998539 2.5891747474670415 2 1016.1122436523439 23.720640182495121 3 1.0844585299491885 4 1.7653239369392397 5 6 0.29379653930664068 7 8 29.698760986328129 9 27.37000942230225 21.115200042724613 28.767078399658207 1004.1221923828126 10 11 12
decision_type=2 2 10 2 2 9 9 2 2 9 2 2 9 2 9 10 9 9 2 9 9 2 9 2 2 2 2 9 9 9
left_child=4 2 -2 6 -1 -6 -4 -8 9 10 -3 12 -12 17 -15 16 -16 18 20 -20 23 22 -18 24 -11 26 28 -28 -21 -27
right_child=1 8 3 -5 5 -7 7 -9 -10 13 11 -13 -14 14 15 -17 21 -19 19 25 -22 -23 -24 -25 -26 29 27 -29 -30 -31
leaf_value=-0.25813049035218139 -0.039643706925914797 -0.0013126374682247272 -0.020072268518434883 -0.047018851472879118 -0.0050951371903793542 -0.07445965272814796 -0.0010713723505350956 0.038786456074758224 0.049523719350770386 -0.00068190477140324445 -0.0079583803610689795 0.01080343641444783 -0.025112476108035547 -0.0020057368932150828 0.027168403498468364 0.002539455152639068 0.0046730474966073712 0.00023786787810400916 0.018451774209197247 0.00037448929575179717 -0.006341735047276446 0.00023756917092125244 0.015475987750418141 -0.0043428346701537036 0.0085555136569357756 0.004926780893887827 0.004959697787215043 -0.0010445936975595567 -0.012680372745136313 -0.00068915957520088872
leaf_weight=22403 7291 62767 3245 3145 2335 7353 3048 2269 2016 4707 5871 2185 6518 31018 2167 13033 3828 133833 2106 2175 18595 4919 3293 4541 2419 2387 2162 29880 4303 4356
leaf_count=22403 7291 62767 3245 3145 2335 7353 3048 2269 2016 4707 5871 2185 6518 31018 2167 13033 3828 133833 2106 2175 18595 4919 3293 4541 2419 2387 2162 29880 4303 4356
internal_value=-0.000397504 -0.000142109 -0.00129167 -0.000480329 -0.00332588 -0.00230481 0.000307045 0.0012314 -7.95108e-05 -9.31571e-05 -0.000414732 -0.00110093 -0.00152561 -9.20351e-07 0.000287086 0.000942039 0.00155673 -8.02756e-05 -0.00037867 -9.02519e-05 -0.000830075 0.00114759 0.00188417 -7.76941e-05 0.000557174 -0.000221099 -0.000379965 -0.000140023 -0.00156474 0.000685324
internal_weight=400168 368077 18998 11707 32091 9688 8562 5317 349079 347063 77341 14574 12389 269722 58258 27240 14207 211464 77631 47369 30262 12040 7121 11667 7126 45263 38520 32042 6478 6743
internal_count=400168 368077 18998 11707 32091 9688 8562 5317 349079 347063 77341 14574 12389 269722 58258 27240 14207 211464 77631 47369 30262 12040 7121 11667 7126 45263 38520 32042 6478 6743
cat_boundaries=0 32 64 96 128 160 192 224 250 282 314 333 356 378
cat_threshold=0 0 0 0 0 0 0 0 0 0 0 0 0 0 0 0 0 0 0 0 0 0 16 0 0 896 0 0 8208 0 0 40960 0 0 0 0 0 0 0 0 0 0 0 0 0 0 0 0 0 0 0 0 0 0 35 0 0 60 0 0 1760 0 0 54784 16 0 0 128 0 0 2048 0 0 548864 0 0 0 0 0 58720256 0 0 33554432 1 0 0 62 0 0 225 0 0 7792 0 0 30976 0 0 0 0 0 0 0 0 0 524288 0 0 0 0 0 8388608 0 0 33554432 1 0 0 6 0 0 65 0 0 528 0 0 28928 710 0 0 12320 0 0 229376 0 0 2392064 0 0 12320768 0 0 73400320 0 0 469762048 2 0 3758096384 0 0 0 260 0 0 0 0 0 1024 264 0 0 512 0 0 12288 0 0 4096 0 0 65536 0 0 1048576 0 0 0 0 0 268435456 0 0 0 16 0 0 8192 0 0 65536 128 0 0 8720 0 0 33792 0 0 98304 0 0 46333952 0 0 806354944 0 0 3774873600 0 0 2952790016 1 0 0 278 0 0 8576 0 0 65536 0 0 0 0 0 0 0 0 0 0 0 0 0 0 0 0 0 0 16777216 0 0 536870912 0 0 0 6 128 0 0 512 0 0 0 0 0 98304 0 0 42139648 0 0 1048576 0 0 0 0 0 0 0 0 0 0 0 0 8192 0 0 65536 0 0 0 3072 0 0 16384 0 0 0 0 0 33554432 0 0 134217728 0 0 1610612736 0 0 0 1 0 0 522 0 0 128 0 0 33280 0 0 0 0 0 0 0 0 0 0 0 0 12582912 0 0 0 0 0 536870912 0 0 0 528 0 0 32768 0 0 32768 0 0 131072 0 0 0 0 0 1073741824 0 0 2147483648 1 0 0 0 528 0 0 32768 0 0 0 0 0 8454144 0 0 1048576 0 0 0 0 0 2147483648
is_linear=0
shrinkage=0.08


Tree=132
num_leaves=31
num_cat=1
split_feature=45 45 15 45 17 12 3 3 6 38 32 7 16 38 14 33 30 12 27 40 14 10 43 14 14 43 25 26 35 1
split_gain=43.878 4.06679 2.78419 2.22074 2.2256 1.28129 1.51406 1.18769 2.64105 3.24353 2.25081 2.30977 1.74625 2.23216 3.05232 1.17135 1.14398 1.13511 1.81909 1.13145 1.11314 1.24177 1.25107 1.60849 1.25121 1.46093 2.51865 1.24442 1.73691 1.36459
threshold=-6.5069067478179923 1.0000000180025095e-35 1.8295655250549319 -10.458421707153319 2.9893555641174321 1.740951716899872 4558.4914550781259 522.80386352539074 0 -0.75051927566528309 351.17031860351568 2.5000000000000004 1.4099016785621645 3.7840986251831059 3.4786094427108769 19.656000137329105 30.281250000000004 1.066637456417084 1011.3116760253907 1.373745918273926 4.2318987846374521 4.1360049247741708 16.221160888671879 2.2603789567947392 0.52775564789772045 28.837240219116214 3.8269172906875615 7.2677037715911874 1.4376640319824221 70.750000000000014
decision_type=2 2 10 2 10 2 2 2 1 2 2 2 10 2 2 2 2 2 2 2 2 2 2 2 2 2 2 2 2 2
left_child=3 2 -2 -1 -5 15 -7 20 9 10 -9 -12 16 14 17 -4 19 18 -14 -11 21 22 -3 24 25 27 -27 29 -29 -24
right_child=1 7 5 4 -6 6 -8 8 -10 12 11 -13 13 -15 -16 -17 -18 -19 -20 -21 -22 -23 23 -25 -26 26 -28 28 -30 -31
leaf_value=-0.31231172614293906 -0.038649571354696273 0.01285627225247617 -0.010879780916837818 -0.097727417495055008 -0.01644427116098875 -0.00094579189598311677 -0.041241358217536439 0.023598561648260061 -0.0098290166683044529 0.0056143642507396887 -0.0046945042202813118 0.020049789710369654 0.015552676572101911 -0.025665174540559041 0.033282757084129887 0.020429944248656125 -0.0088930996127154945 -0.0037707780148716146 -0.0031295507841647904 -0.012972379971620577 -0.020318187304635651 0.013960186395585819 0.0021888923166285845 -0.0047057124391090008 0.00048824968168892629 -0.0043070220527834779 0.0027817996630395557 -0.0060545332698649507 -0.0011499762705403111 -0.00083136279196220414
leaf_weight=19336 6348 2216 2105 7644 3584 3642 4049 3720 22491 2505 6387 3472 3111 3680 2751 2843 14525 14736 3446 2307 2010 2358 5517 28184 172633 2142 4534 5156 14416 28064
leaf_count=19336 6348 2216 2105 7644 3584 3642 4049 3720 22491 2505 6387 3472 3111 3680 2751 2843 14525 14736 3446 2307 2010 2358 5517 28184 172633 2142 4534 5156 14416 28064
internal_value=-0.000395398 -0.000154301 -0.00129431 -0.00330791 -0.00240897 -0.000606847 -0.00125231 -9.24858e-05 -0.000356552 -8.17682e-05 0.00100699 0.000373289 -0.000396083 1.09603e-05 0.000292009 0.000396933 -0.000979378 -3.24846e-05 0.000842393 8.95884e-05 -1.03287e-05 3.92017e-06 -1.25089e-05 -2.86364e-05 4.05717e-05 -0.000274671 0.000839963 -0.000414801 -0.000921664 -0.0001192
internal_weight=399912 369348 18987 30564 11228 12639 7691 350361 83131 60640 13579 9859 47061 27724 24044 4948 19337 21293 6557 4812 267230 265220 262862 260646 232462 59829 6676 53153 19572 33581
internal_count=399912 369348 18987 30564 11228 12639 7691 350361 83131 60640 13579 9859 47061 27724 24044 4948 19337 21293 6557 4812 267230 265220 262862 260646 232462 59829 6676 53153 19572 33581
cat_boundaries=0 1
cat_threshold=6
is_linear=0
shrinkage=0.08


Tree=133
num_leaves=31
num_cat=1
split_feature=45 45 45 20 21 19 3 38 8 38 11 0 20 31 44 18 10 0 42 3 31 35 19 30 18 11 44 45 37 31
split_gain=41.5993 3.75567 2.83997 2.62877 2.39328 1.56109 1.37382 1.97189 1.54331 1.34473 2.36838 2.35796 1.5786 1.32711 1.32049 1.61837 2.28531 1.39234 1.88246 1.29886 1.27569 1.46791 1.38412 1.27241 1.38439 1.1527 1.13978 1.29593 1.10574 1.09493
threshold=-5.9670064449310294 1.0000000180025095e-35 -10.458421707153319 2.4848353862762456 1.5897022485733034 2.5891747474670415 376.49961853027349 0.27368450164794927 0 -0.14624309539794919 0.70166069269180309 17.750000000000004 1.3041549921035769 79.579299926757827 24.056722640991214 1.3079466819763186 0.94081836938858043 35.250000000000007 17.9022331237793 4719.5080566406259 86.361030578613295 9.5210075378417987 0.54734948277473461 48.562500000000007 0.60151702165603649 1.1245138645172121 26.540179252624515 24.646111488342289 -0.073665618896484361 81.928752899169936
decision_type=2 2 2 2 2 2 2 2 1 2 2 2 2 2 2 2 2 2 2 2 2 2 2 2 2 2 2 2 2 2
left_child=2 4 -1 -4 -2 6 9 8 14 10 11 20 26 -10 15 16 -8 18 -17 -6 22 -22 -3 -24 -25 -20 27 -12 -29 -11
right_child=1 5 3 -5 19 -7 7 -9 13 29 12 -13 -14 -15 -16 17 -18 -19 25 -21 21 -23 23 24 -26 -27 -28 28 -30 -31
leaf_value=-0.28900648206426816 -0.044695515670894637 -0.0023018096572651327 -0.076120443893534923 -0.0052704175244771582 0.00087612600136332403 0.047413847314402777 0.0029025527390601153 -0.0051747799668808974 -0.0095919484279781905 0.00011139511256829656 0.0032565373222448041 -0.0062414977652844933 -0.0039481461294074774 0.0017270234825645971 -0.0017310958870869779 -0.0060593956051528102 0.0235097362937314 0.023617996786487409 0.019599752510419545 -0.021300156558456705 0.003597696043941992 -0.00029352324968153843 0.0053260248595244789 0.0017674327238160707 -0.0059167828795732335 0.00070715172044438562 0.00054605951824592555 0.0057322731083828274 0.014852038288663702 0.0013110985145698307
leaf_weight=19216 5473 26330 9650 3189 6886 2087 2809 55203 10220 103176 6981 18110 13267 6636 10060 10609 2019 2389 2396 4989 3397 6686 2090 3739 2668 2355 14818 3697 2057 36111
leaf_count=19216 5473 26330 9650 3189 6886 2087 2809 55203 10220 103176 6981 18110 13267 6636 10060 10609 2019 2389 2396 4989 3397 6686 2090 3739 2668 2355 14818 3697 2057 36111
internal_value=-0.00038959 -0.000148318 -0.00315297 -0.00222866 -0.00129692 -9.13361e-05 -0.000104453 -0.000346724 1.99574e-05 -1.16115e-07 -0.000218008 -0.000525465 0.000256673 -0.000601448 0.00034098 0.000680568 0.00197768 0.000326819 4.68435e-05 -0.000657973 -0.000214605 0.000577429 -0.000444012 0.000443399 -0.000116566 0.00136862 0.00060182 0.00115653 0.00204441 0.000162328
internal_weight=399313 367258 32055 12839 17348 349910 347823 104696 49493 243127 103840 63020 40820 16856 32637 22577 4828 17749 15360 11875 44910 10083 34827 8497 6407 4751 27553 12735 5754 139287
internal_count=399313 367258 32055 12839 17348 349910 347823 104696 49493 243127 103840 63020 40820 16856 32637 22577 4828 17749 15360 11875 44910 10083 34827 8497 6407 4751 27553 12735 5754 139287
cat_boundaries=0 1
cat_threshold=2
is_linear=0
shrinkage=0.08


Tree=134
num_leaves=31
num_cat=13
split_feature=45 5 6 45 20 29 5 36 38 5 33 19 17 5 17 5 33 5 14 27 5 5 40 14 5 5 27 5 43 5
split_gain=39.3792 3.35459 3.46821 2.46039 2.78963 2.30495 2.28962 2.16272 2.29159 2.10092 2.05193 1.82614 1.66247 1.66663 1.51179 2.93363 3.36827 1.52452 1.50477 1.45704 1.42816 1.35011 1.29944 1.73829 1.72717 1.63174 1.56914 2.20875 2.25192 1.66081
threshold=-6.5069067478179923 0 1 -11.052321434020994 1.9030182957649233 0.61695098876953136 2 4.7364234924316415 -0.079563140869140611 3 16.233792304992679 2.801019668579102 1.9419394135475161 4 1.9977996945381167 5 25.920191764831547 6 2.1928104162216191 1008.2353820800782 7 8 1.1081981658935549 1.4487369656562807 9 10 1005.6685180664064 11 28.256079673767093 12
decision_type=2 9 1 2 2 2 9 2 2 9 2 2 10 9 8 9 2 9 2 2 9 9 2 2 9 9 2 9 2 9
left_child=3 2 5 -1 -5 7 -6 8 -2 -4 -7 14 20 -14 17 18 -17 -3 -16 -18 -9 -12 23 26 -25 -24 27 -19 -29 -28
right_child=1 11 9 4 6 10 -8 12 -10 -11 21 -13 13 -15 15 16 19 22 -20 -21 -22 -23 25 24 -26 -27 29 28 -30 -31
leaf_value=-0.30506754016757809 0.016548845454818453 0.0010339997298220954 -0.0077909766240979051 -0.10899759025100997 0.0039581084528222945 0.0033257476915792574 -0.063731868292836627 0.01142026726632521 -0.012160658830293703 -0.042450468707782622 -0.0032222602221688135 0.036570223105375478 0.040580344759195974 0.0072099786026869972 0.017194245092196067 -0.011580690845452218 -0.00020803945885351338 0.0012739787707700778 -0.001926556343496467 0.025131549430438084 -0.0092999098382120851 -0.018300884412049027 -0.0049839180542873389 0.010159791980157248 0.0014134376201537585 -0.00062109240488542202 0.0015311214637266043 -0.011143294964507569 0.00015247223196304937 -0.00030031554174002393
leaf_weight=17555 2114 86166 8592 5409 3404 4453 4039 2110 6957 6398 4518 2322 2706 2122 2010 26140 3193 5708 2011 2159 3081 9590 19196 3720 5881 51670 26049 5750 3251 72480
leaf_count=17555 2114 86166 8592 5409 3404 4453 4039 2110 6957 6398 4518 2322 2706 2122 2010 26140 3193 5708 2011 2159 3081 9590 19196 3720 5881 51670 26049 5750 3251 72480
internal_value=-0.000363646 -0.000136377 -0.00072775 -0.00313075 -0.00228643 -0.000317593 -0.00127895 0.000299475 -0.00059509 -0.00175616 -0.000952238 -3.83485e-05 0.00110918 0.0021761 -5.48403e-05 -0.000546464 -0.000806297 7.5594e-06 0.00148379 0.00102051 0.000114592 -0.00142457 -0.000116971 4.04064e-05 0.00107335 -0.000389752 -4.72601e-05 -0.00081772 -0.00159672 6.78301e-05
internal_weight=400754 370347 52641 30407 12852 37651 7443 19090 9071 14990 18561 317706 10019 4828 315384 35513 31492 279871 4021 5352 5191 14108 193705 122839 9601 70866 113238 14709 9001 98529
internal_count=400754 370347 52641 30407 12852 37651 7443 19090 9071 14990 18561 317706 10019 4828 315384 35513 31492 279871 4021 5352 5191 14108 193705 122839 9601 70866 113238 14709 9001 98529
cat_boundaries=0 32 33 65 97 129 161 193 225 257 289 321 344 364
cat_threshold=0 0 0 0 0 0 0 0 0 0 0 0 0 0 0 135266304 0 0 0 0 0 0 30 0 0 121 0 0 1776 0 0 60416 6 0 0 0 0 0 0 0 0 0 0 0 0 0 0 0 0 0 0 0 0 0 0 54 0 0 896 0 0 6160 0 0 49152 0 0 0 0 0 0 0 0 0 0 0 0 0 0 0 135266304 0 0 0 0 0 0 18 0 0 65 0 0 16 0 0 49152 0 0 0 0 0 0 0 0 0 0 0 0 0 0 0 0 0 0 0 0 0 0 8 0 0 57 0 0 560 0 0 41984 588 0 0 12800 0 0 245760 0 0 2621440 0 0 32374784 0 0 0 0 0 1879048192 0 0 0 0 0 0 0 0 0 0 0 0 512 137 0 0 12336 0 0 12544 0 0 0 0 0 34603008 0 0 85983232 0 0 251658240 2 0 1879048192 0 0 0 900 0 0 14336 0 0 65792 0 0 0 0 0 0 0 0 0 0 0 0 0 0 0 134217728 0 0 0 0 0 0 24 0 0 65 0 0 80 0 0 18432 0 0 0 0 0 0 0 0 0 0 0 0 0 0 0 0 0 0 0 0 0 0 16 0 0 24 0 0 112 0 0 11264 0 0 0 192 0 0 2048 0 0 688128 0 0 12582912 0 0 549453824 0 0 805306368 0 0 0 1 0 0 0 0 0 0 0 0 4096 848 0 0 3840 0 0 49152 0 0 1835008 0 0 18874368 0 0 4194304 0 0 805306368 0 0 0 1 0 0 0 0 0 0 0 0 4608 16 0 0 1792 0 0 98304 0 0 983040 0 0 0 0 0 4194304 0 0 2952790016 0 0 2147483648 1 0 0 0 0 0 0 17408 0 0 3428352 0 0 31588352 0 0 574619648 0 0 2415919104 1
is_linear=0
shrinkage=0.08


Tree=135
num_leaves=31
num_cat=12
split_feature=24 5 3 33 7 6 5 33 31 5 17 12 32 5 33 34 34 6 10 5 32 5 22 5 22 5 5 5 43 17
split_gain=38.0289 3.19965 2.9677 2.78869 2.19664 1.69006 1.91829 1.49087 1.25721 1.24227 1.93413 1.2048 1.1683 2.25982 1.408 1.14189 1.00196 2.7733 1.86186 1.9324 1.27971 3.06019 2.4571 1.8281 1.53843 2.64499 2.10696 1.52152 1.41139 1.84684
threshold=1.0000000180025095e-35 0 4580.4367675781259 16.344384193420414 2.5000000000000004 1 2 26.328000068664554 85.371898651123061 3 3.4049012660980229 2.8002666234970097 797.90707397460949 4 17.580479621887211 -9.4716186523437482 4.9243164062500009 5 3.5850750207901005 6 506.67803955078131 7 8.4013938903808612 8 1.0285377502441408 9 10 11 28.154544830322269 0.87584787607193004
decision_type=2 9 2 2 2 1 9 2 2 9 10 2 2 9 2 2 2 1 2 9 2 9 2 9 2 9 9 9 2 10
left_child=1 3 9 -1 -5 7 -7 8 -4 12 11 16 -2 14 -14 -16 20 -18 19 -19 21 -11 27 -24 26 28 -22 -23 -26 -30
right_child=2 -3 5 4 -6 6 -8 -9 -10 10 -12 -13 13 -15 15 -17 17 18 -20 -21 24 22 23 -25 25 -27 -28 -29 29 -31
leaf_value=-0.10221585167104713 -0.0020190927406665356 -0.1202191623865522 -0.011832993914247619 -0.037630773568661076 0.028484264231810084 -0.0068108399258242774 -0.042021167507356141 0.01255641468187182 0.0063856191953846377 -0.00094457844473352188 0.037401964901316725 -0.021917719523562234 0.0060544983710917131 -0.0047520182596469014 0.019288662623789168 -0.0005529261564867665 0.0078453168056012434 -0.0010607396279291895 0.0046806241543996549 -0.037726869574655153 0.0016599742306973809 0.012221430805049645 0.0047016130637526536 -0.0076972143066317321 -0.0045649989048012797 0.0012487946689801839 -0.0017044332022634822 0.0035694577398547845 0.0046994869135459872 -0.0063912170772765769
leaf_weight=6426 76445 22303 10705 4003 2113 4592 5578 3498 2342 35826 2168 3278 3236 8430 2566 6006 2878 2090 2003 3912 21452 2460 4101 5845 11227 45725 55456 38905 2267 2390
leaf_count=6426 76445 22303 10705 4003 2113 4592 5578 3498 2342 35826 2168 3278 3236 8430 2566 6006 2878 2090 2003 3912 21452 2460 4101 5845 11227 45725 55456 38905 2267 2390
internal_value=-0.000365445 -0.00289026 -0.000124591 -0.00186021 -0.000637285 -0.000936203 -0.00174681 -0.00043586 -0.000829288 -6.05426e-05 3.63126e-05 1.47598e-05 -0.000302908 0.000237455 0.000950963 0.000413889 3.58989e-05 -0.000713487 -0.00147788 -0.00218363 7.20708e-05 0.000312253 0.000708265 -0.00042025 -7.90325e-05 0.000218828 -0.000317638 0.000979818 -0.000670021 0.000499678
internal_weight=400226 34845 365381 12542 6116 26715 10170 16545 13047 338666 241983 239815 96683 20238 11808 8572 236537 10883 8005 6002 225654 87137 51311 9946 138517 61609 76908 41365 15884 4657
internal_count=400226 34845 365381 12542 6116 26715 10170 16545 13047 338666 241983 239815 96683 20238 11808 8572 236537 10883 8005 6002 225654 87137 51311 9946 138517 61609 76908 41365 15884 4657
cat_boundaries=0 32 33 62 94 123 124 156 188 211 243 275 307
cat_threshold=0 0 0 0 0 0 0 0 0 0 0 0 0 0 0 0 0 0 0 0 0 0 28 0 0 961 0 0 12304 0 0 47360 4 0 0 0 0 0 0 0 0 0 0 0 0 0 0 0 0 0 0 0 0 0 0 12 0 0 384 0 0 6144 80 0 0 128 0 0 51200 0 0 2621440 0 0 8388608 0 0 273678336 0 0 234881024 1 0 1879048192 20 0 0 365 0 0 176 0 0 17408 80 0 0 128 0 0 49152 0 0 524288 0 0 0 0 0 0 0 0 134217728 0 0 1879048192 0 0 0 1 0 0 160 3 0 0 0 0 0 0 8192 0 0 163840 0 0 50331648 0 0 673185792 0 0 16777216 2 0 2147483648 0 0 0 2 0 0 8448 0 0 69888 676 0 0 15472 0 0 65536 0 0 1085440 0 0 50397184 0 0 0 0 0 2701131776 2 0 2147483648 40 0 0 146 0 0 832 0 0 32768 11 0 0 512 0 0 131328 0 0 0 0 0 7864320 0 0 10485760 0 0 268435456 0 0 0 3 32 0 0 256 0 0 132096 0 0 24576 0 0 17760256 0 0 748683264 0 0 16777216 0 0 0 33 0 0 642 0 0 12608 0 0 98304 32 0 0 8192 0 0 8192 0 0 1064960 0 0 51183616 0 0 545259520 0 0 553648128 2 0 0 3 0 0 642 0 0 2816 0 0 45568 259 0 0 256 0 0 0 0 0 0 0 0 0 0 0 0 0 0 0 0 0 0 0 0 0 0 0 0 14336 0 0 78080
is_linear=0
shrinkage=0.08


Tree=136
num_leaves=31
num_cat=12
split_feature=43 5 33 3 6 5 29 5 38 21 5 38 7 5 5 33 5 39 12 34 5 31 5 5 38 33 27 34 5 25
split_gain=33.5111 3.13834 3.63143 3.11201 3.15988 4.76345 2.83368 4.59013 3.35553 3.48444 3.31996 2.38965 1.9684 2.55225 2.4382 1.66215 1.53167 1.44271 1.4186 1.88655 2.16986 1.39582 1.35424 1.21107 1.08935 1.04353 1.03358 1.29519 1.7574 1.18424
threshold=-6.2283794879913321 0 16.826687812805179 514.84716796875011 1 2 0.71976089477539074 3 2.6624155044555669 2.0067181587219243 4 -1.2484455108642576 1.5000000000000002 5 6 25.551936149597172 7 0.69012939929962169 1.5918331146240237 -6.2691955566406241 8 35.941522598266609 9 10 0.38097631931304937 24.993023872375492 1018.276092529297 5.7070007324218759 11 2.9459589719772343
decision_type=2 9 2 2 1 9 2 9 2 2 9 2 2 9 9 2 9 2 2 2 9 2 9 9 2 2 2 2 9 2
left_child=1 2 -1 26 6 -6 8 11 9 12 -11 -8 13 -5 -14 23 -7 -18 19 20 -13 -4 -10 -16 -21 -3 27 29 -29 -2
right_child=3 25 21 4 5 16 7 -9 22 10 -12 18 14 -15 15 -17 17 -19 -20 24 -22 -23 -24 -25 -26 -27 -28 28 -30 -31
leaf_value=-0.12109440726808055 0.00097196098901315188 -0.14464086031826562 0.015684790652412971 0.0054263785441937733 -0.027704190774369319 -0.0071411022449319019 0.018029108750105431 -0.013730922137481495 0.0034451826006163941 0.06517050793267741 0.007866513409230589 0.023940403330227972 0.017629019149124115 -0.013748472256874257 0.0025595909617528965 0.015627309816757088 0.020238232703222284 -0.002656478273797498 -0.022554911452889726 0.0032416818127944057 -0.0024472172330263194 -0.028930653863422896 -0.022111930459323727 -0.011891999624665653 -0.016413746842468359 -0.044725553286102643 0.01302336139044453 -0.026065412759297489 3.1862704120497709e-06 -0.0002940720932371387
leaf_weight=6474 103482 17899 2065 3260 13233 11307 2782 17839 2304 2158 3224 2256 3081 6710 4338 3928 2019 4748 3097 2571 2319 2872 4622 3663 2721 2634 2883 3362 4653 151643
leaf_count=6474 103482 17899 2065 3260 13233 11307 2782 17839 2304 2158 3224 2256 3081 6710 4338 3928 2019 4748 3097 2571 2319 2872 4622 3663 2721 2634 2883 3362 4653 151643
internal_value=-0.000346935 -0.00283207 -0.00176048 -0.000131262 -0.000506508 -0.0011756 -0.000210628 -0.000743564 0.000269397 0.000631897 0.00247626 0.000252187 0.000233693 -0.000637276 0.000812249 0.000291572 -0.000330276 0.000620597 -0.000204718 0.000264452 0.00145256 -0.000126947 -0.00131834 -0.000369992 -0.000763486 -0.00342393 1.28847e-05 -3.64906e-06 -0.00100436 2.78275e-05
internal_weight=400147 31944 11411 368203 102180 31307 70873 33585 37288 30362 5382 15746 24980 9970 15010 11929 18074 6767 12964 9867 4575 4937 6926 8001 5292 20533 266023 263140 8015 255125
internal_count=400147 31944 11411 368203 102180 31307 70873 33585 37288 30362 5382 15746 24980 9970 15010 11929 18074 6767 12964 9867 4575 4937 6926 8001 5292 20533 266023 263140 8015 255125
cat_boundaries=0 32 33 65 97 129 161 193 225 254 283 312 338
cat_threshold=0 0 0 0 0 0 0 0 0 0 0 0 0 0 0 0 0 0 0 0 0 0 28 0 0 929 0 0 12304 0 0 34816 6 24 0 0 0 0 0 0 0 0 2105344 0 0 16777216 0 0 12582912 0 0 3858759680 1 0 2147483648 56 0 0 60 0 0 2032 0 0 11776 8 0 0 0 0 0 0 0 0 196608 0 0 20054016 0 0 301989888 0 0 3858759680 3 0 2147483648 49 0 0 286 0 0 10576 0 0 768 0 0 0 0 0 0 0 0 0 0 0 0 0 0 0 0 0 0 0 0 0 268435456 8 0 0 515 0 0 14352 0 0 113152 0 0 0 128 0 0 1024 0 0 229376 0 0 1835008 0 0 847249408 0 0 1140850688 3 0 0 60 0 0 128 0 0 32 0 0 68608 0 0 0 0 0 0 1024 0 0 32768 0 0 50855936 0 0 538968064 0 0 2147483648 0 0 0 0 0 0 96 0 0 416 0 0 60928 0 0 0 192 0 0 3072 0 0 49152 0 0 36044800 0 0 318767104 0 0 0 0 0 0 5 0 0 65 0 0 0 0 0 36864 0 0 0 0 0 0 0 0 0 131072 0 0 0 0 0 0 0 0 3288334336 0 0 0 48 0 0 268 0 0 2112 0 0 0 0 0 0 0 0 0 16384 0 0 262144 0 0 33554432 0 0 1073741824 0 0 0 2 0 0 780 0 0 4512 0 0 0 64 0 0 0 0 0 2244608 0 0 1048576 0 0 318767104 0 0 0 1 0 2415919104 19 0 0 924 0 0 4096 0 0 0 0 0 0 0 0 0 98304 0 0 3604480 0 0 62914560 0 0 1946157056 3 0 2415919104 1 0 0 1
is_linear=0
shrinkage=0.08


Tree=137
num_leaves=31
num_cat=13
split_feature=24 5 43 14 5 33 5 7 18 36 5 5 37 5 30 5 37 5 41 5 40 30 33 5 5 23 41 5 5 32
split_gain=32.9556 2.88778 2.86072 3.32408 3.24627 2.69134 2.55041 1.92465 1.7491 1.03788 3.10399 1.52474 1.72676 2.68936 1.61069 2.4803 1.4323 1.5783 2.6735 1.42662 1.30339 1.12085 0.983667 4.28434 1.69171 1.50166 2.35725 2.23419 1.4532 1.44549
threshold=-1.5173034667968748 0 5.3063101768493661 3.5254925489425664 1 16.344384193420414 2 2.5000000000000004 2.6421165466308598 1.0000000180025095e-35 3 4 -0.62804794311523426 5 2.0937500000000004 6 -0.97422790527343739 7 24.202914237976078 8 0.92844200134277355 786.31250000000011 14.584127902984621 9 10 28.822177886962894 27.310735702514652 11 12 889.39624023437511
decision_type=2 9 2 2 9 2 9 2 2 2 9 9 2 9 2 9 2 9 2 9 2 2 2 9 9 2 2 9 9 2
left_child=1 5 3 6 -5 -1 -2 -7 -8 10 -4 12 13 -11 15 -14 19 18 -18 -12 -20 -15 23 25 -24 26 27 -13 -25 -30
right_child=2 -3 9 4 -6 7 8 -9 -10 11 16 22 14 21 -16 -17 17 -19 20 -21 -22 -23 24 28 -26 -27 -28 -29 29 -31
leaf_value=-0.12327195868739299 -0.023864035226818868 -0.13309341227522908 -0.0098739251905135671 -0.0088791927276661142 0.033362634065020304 -0.038765582338435543 -0.010716665013659669 0.023444299282156002 0.02278913600547702 -0.0005670395879800946 0.00091946601668478102 0.0029923648993911527 0.012443141559275129 0.018106459239308769 5.7193323911860644e-05 0.00034680544486316551 0.024026810125842544 -0.00057949799709729167 0.0042422814569930706 -0.031828163074072137 -0.0031087547938464248 0.0032625916848007652 -0.0019333612358242377 -0.0073023045682534624 8.9681019405296066e-05 0.014104554153664553 0.00059758489893929807 0.015983727666279163 -0.00058532448176862458 0.0030351514526651309
leaf_weight=6393 16450 18022 14658 3332 3493 3739 10531 2014 2629 5497 2052 2929 2211 4334 46641 3349 2700 30904 3128 2101 4350 2275 58040 6134 95918 2361 8101 2145 30538 2991
leaf_count=6393 16450 18022 14658 3332 3493 3739 10531 2014 2629 5497 2052 2929 2211 4334 46641 3349 2700 30904 3128 2101 4350 2275 58040 6134 95918 2361 8101 2145 30538 2991
internal_value=-0.000308824 -0.00285082 -0.000101374 -0.000774318 0.000816385 -0.0018892 -0.00114112 -0.000633699 -0.000309561 -2.78021e-05 -0.0003294 3.82623e-05 0.000378876 0.00123935 0.000179195 0.00146499 -1.32677e-06 0.000141924 0.0010049 -0.00141533 0.000225426 0.00232373 -6.64901e-05 0.000223224 -0.000170374 0.00134842 0.00101479 0.00236507 -0.000218029 -1.06123e-05
internal_weight=399960 30168 369792 36435 6825 12146 29610 5753 13160 333357 59893 273464 64307 12106 52201 5560 45235 41082 10178 4153 7478 6609 209157 55199 153958 15536 13175 5074 39663 33529
internal_count=399960 30168 369792 36435 6825 12146 29610 5753 13160 333357 59893 273464 64307 12106 52201 5560 45235 41082 10178 4153 7478 6609 209157 55199 153958 15536 13175 5074 39663 33529
cat_boundaries=0 32 64 96 128 160 192 224 256 288 320 352 384 416
cat_threshold=0 0 0 0 0 0 0 0 0 0 0 0 0 0 0 0 0 0 0 0 0 0 60 0 0 992 0 0 12304 0 0 43264 0 0 0 0 0 0 0 0 0 0 0 0 0 0 0 0 0 0 0 0 0 0 48 0 0 493 0 0 1248 0 0 22528 0 0 0 0 0 0 0 0 0 0 0 0 0 0 0 0 0 0 1073741824 1 0 0 15 0 0 124 0 0 1856 0 0 17920 1 0 0 128 0 0 57344 0 0 1835008 0 0 16777216 0 0 914358272 0 0 3221225472 3 0 268435456 33 0 0 61 0 0 368 0 0 2304 33 0 0 64 0 0 32768 0 0 790528 0 0 17301504 0 0 60817408 0 0 1090519040 0 0 268435456 26 0 0 636 0 0 2448 0 0 22528 1 0 0 0 0 0 32768 0 0 0 0 0 17301504 0 0 44040192 0 0 0 0 0 0 0 0 0 608 0 0 2448 0 0 4096 32 0 0 0 0 0 0 0 0 524288 0 0 16777216 0 0 58720256 0 0 1073741824 0 0 0 2 0 0 608 0 0 128 0 0 6144 24 0 0 12544 0 0 135936 0 0 245760 0 0 2359296 0 0 134217728 0 0 536870912 0 0 2147483648 2 0 0 0 0 0 0 0 0 12800 0 0 0 0 0 0 2048 0 0 2097152 0 0 196608 0 0 3145728 0 0 654311424 0 0 1610612736 0 0 0 2 0 0 0 0 0 65536 88 0 0 3584 0 0 0 0 0 65536 0 0 14680064 0 0 202375168 0 0 436207616 0 0 2684354560 5 0 0 386 0 0 12288 0 0 65536 280 0 0 3712 0 0 2048 0 0 2326528 0 0 6291456 0 0 68157440 0 0 234881024 0 0 2684354560 5 0 0 384 0 0 5184 0 0 9984 8 0 0 2048 0 0 0 0 0 65536 0 0 0 0 0 134217728 0 0 268435456 0 0 2684354560 5 0 0 2 0 0 0 0 0 65536 0 0 0 32 0 0 132864 0 0 8192 0 0 0 0 0 4194304 0 0 0 0 0 1073741824 0 0 0 1 0 0 96 0 0 32768
is_linear=0
shrinkage=0.08


Tree=138
num_leaves=31
num_cat=3
split_feature=45 3 20 27 45 21 20 7 37 33 29 33 32 27 41 17 18 6 31 37 27 33 38 27 9 6 45 32 29 38
split_gain=34.5801 3.51093 3.08403 2.16096 1.8059 1.99169 1.63006 1.3742 1.55641 1.4153 0.941617 2.66874 1.76739 1.71219 1.66045 2.39553 1.52908 1.52825 1.51161 1.62614 1.49666 1.33204 1.58154 1.30508 2.40518 3.90967 1.71126 1.31572 3.08172 2.22472
threshold=-8.7573966979980451 4742.8308105468759 3.2598662376403813 1020.7056884765626 -11.669060230255125 1.8724941015243532 2.1811342239379887 1.5000000000000002 -0.47514724731445307 24.785856246948246 0.1382560729980469 18.439488410949711 402.26318359375006 1005.1331176757814 24.316019058227543 1.5667586922645571 0.45810116827487951 0 65.57367324829103 -0.23290634155273435 1010.3540954589845 16.12780857086182 0.12462043762207033 1005.6685180664064 1 2 28.287750244140629 509.27342224121099 0.90843582153320324 -0.079563140869140611
decision_type=2 2 2 2 2 2 2 2 2 2 2 2 2 2 2 10 2 1 2 2 2 2 2 2 1 1 2 2 2 2
left_child=4 2 3 10 -1 -6 -5 -3 -9 -10 11 18 14 17 15 -13 -15 -14 -2 -20 -16 -21 -23 24 25 -12 -26 28 -25 -30
right_child=1 7 -4 6 5 -7 -8 8 9 -11 23 12 13 16 20 -17 -18 -19 19 21 -22 22 -24 27 26 -27 -28 -29 29 -31
leaf_value=-0.29969134115654639 -0.018209342894524805 -0.024245557598986296 0.059934628745155448 -0.02963142789673702 -0.11961563675284621 -0.023213037012125261 0.0056749139540128481 0.0051370078768361539 -0.021610836123564531 0.0015860854353080562 0.026031012788416741 0.024936992986975364 0.014573668937122107 0.0039485445536613139 0.0073153278423111383 0.0011835025320921209 -0.0024995245697639955 -0.0043673424564160601 -0.011424398582282723 -0.006027420222854905 -0.001889495915328397 0.01033392529035188 -0.0020535218057669623 0.0028655098570035103 -0.0043904620069116678 -0.0036263777379326517 -0.00050638121919195308 -0.00013641668768242196 0.0012388774033284887 -0.0067161331686781678
leaf_weight=15993 10632 7497 2002 7438 4160 3919 2786 5151 6420 3370 2856 2155 2896 2017 2421 2124 34220 2523 4301 3284 5674 2722 2573 56176 20297 3409 27196 128280 14072 11457
leaf_count=15993 10632 7497 2002 7438 4160 3919 2786 5151 6420 3370 2856 2155 2896 2017 2421 2124 34220 2523 4301 3284 5674 2722 2573 56176 20297 3409 27196 128280 14072 11457
internal_value=-0.000315387 -0.000127132 -6.55246e-05 -8.3399e-05 -0.00325422 -0.0022742 -0.00122885 -0.00109729 -0.000653068 -0.0012449 -4.90494e-05 -0.0002941 1.55431e-05 -0.000233861 0.00085465 0.0021273 -0.000432257 0.00109118 -0.00100536 -0.000422034 0.000180135 0.000214692 0.000999057 2.30054e-05 -0.000328672 0.0011424 -0.000523058 0.000113049 0.000363947 -0.000364776
internal_weight=400021 375949 353511 351509 24072 8079 10224 22438 14941 9790 341285 77542 54030 41656 12374 4279 36237 5419 23512 12880 8095 8579 5295 263743 53758 6265 47493 209985 81705 25529
internal_count=400021 375949 353511 351509 24072 8079 10224 22438 14941 9790 341285 77542 54030 41656 12374 4279 36237 5419 23512 12880 8095 8579 5295 263743 53758 6265 47493 209985 81705 25529
cat_boundaries=0 1 2 3
cat_threshold=10 24 4
is_linear=0
shrinkage=0.08


Tree=139
num_leaves=31
num_cat=10
split_feature=24 24 19 43 5 5 19 30 15 28 38 34 5 25 5 5 28 5 15 15 5 38 5 26 33 5 12 5 25 38
split_gain=29.3721 2.82204 4.29869 2.67054 2.53707 2.51713 1.38085 2.50175 1.31309 1.18943 1.17507 1.46811 1.02061 1.06999 2.48243 2.1682 1.52586 2.47251 1.50103 1.46614 1.73308 1.31899 1.30465 1.67669 1.20826 1.51636 1.68264 1.63613 1.29206 1.53056
threshold=-2.0167999267578121 -8.7858123779296857 2.0606013536453252 5.3063101768493661 0 1 1.6080585122108462 1.2812500000000002 1.6170384883880617 1007.7352905273439 2.6624155044555669 -5.6695556640624991 2 2.9459589719772343 3 4 1002.7884521484376 5 1.6821814179420473 0.80705571174621593 6 3.3594713211059575 7 2.4146845340728764 26.175167083740238 8 1.525999188423157 9 1.6406585574150088 -0.35257291793823237
decision_type=2 2 2 2 9 9 2 2 10 2 2 2 9 2 9 9 2 9 10 10 9 2 9 2 2 9 2 9 2 2
left_child=1 -1 -3 5 -4 8 -7 -8 -2 -10 11 -9 -5 14 18 -15 17 -17 22 20 -16 24 23 -14 25 -21 28 -28 29 -27
right_child=3 2 4 12 -6 6 7 10 9 -11 -12 -13 13 15 19 16 -18 -19 -20 21 -22 -23 -24 -25 -26 26 27 -29 -30 -31
leaf_value=-0.29082813817026198 -0.025880596994036883 -0.10350768583242732 0.015034914284740642 0.00044102195717247213 -0.051394959502768657 -0.01636751012805298 0.035517316708835366 0.028657230182247057 -0.039051805413755171 -0.0057818284500409855 -0.02960008147528714 -0.0066472443011407756 0.011282006809357618 -0.0027044204021047717 -0.00066387005925641271 0.015938986673825629 -0.00041946194102802453 5.747446883040527e-05 -0.0042851730254448153 -0.0059637755879854773 -0.010131373942031528 -0.013035121171168201 0.0014295385362910707 0.0038828484990748248 0.01111765935735755 0.0064130885958509319 0.0089801124770586757 -0.0079653028959634966 0.0043573152691355225 -0.0023849714084623729
leaf_weight=11012 7288 10846 2965 92420 3762 5845 2477 2118 2725 10138 2089 5251 2449 41117 9449 2480 59358 5189 6162 15585 7468 4957 14436 8330 4084 8075 2173 11533 22077 16288
leaf_count=11012 7288 10846 2965 92420 3762 5845 2477 2118 2725 10138 2089 5251 2449 41117 9449 2480 59358 5189 6162 15585 7468 4957 14436 8330 4084 8075 2173 11533 22077 16288
internal_value=-0.000324934 -0.00279559 -0.00216414 -0.000134791 -0.000574144 -0.000770777 -7.64054e-05 0.00041691 -0.00138238 -0.000895829 -0.000176596 0.000298685 -6.24635e-05 -0.00014907 2.8245e-06 -0.000335966 -5.53054e-05 0.00100586 0.000624645 -0.000189129 -0.000868909 -5.34085e-05 0.000898314 0.00156348 2.53044e-05 -4.7056e-05 0.000135225 -0.000643337 0.000365123 -3.65988e-05
internal_weight=400146 28585 17573 371561 6727 37931 17780 11935 20151 12863 9458 7369 333630 241210 133066 108144 67027 7669 31377 101689 16917 84772 25215 10779 79815 75731 60146 13706 46440 24363
internal_count=400146 28585 17573 371561 6727 37931 17780 11935 20151 12863 9458 7369 333630 241210 133066 108144 67027 7669 31377 101689 16917 84772 25215 10779 79815 75731 60146 13706 46440 24363
cat_boundaries=0 32 64 96 128 160 189 221 240 272 295
cat_threshold=0 0 0 0 0 0 0 0 0 0 0 0 0 0 0 0 0 0 0 0 0 0 8 0 0 481 0 0 12336 0 0 24576 0 0 0 0 0 0 0 0 0 0 0 0 0 0 0 0 0 0 1073741824 1 0 0 30 0 0 125 0 0 1664 0 0 17408 237 0 0 768 0 0 133632 0 0 1970176 0 0 1572864 0 0 0 0 0 1073741824 2 0 0 18 0 0 882 0 0 2304 0 0 17408 2 0 0 9264 0 0 99584 0 0 65536 0 0 29491200 0 0 7340032 0 0 251658240 0 0 0 0 0 0 0 0 0 512 0 0 4096 2 0 0 1024 0 0 65536 0 0 2162688 0 0 31850496 0 0 619708416 0 0 251658240 1 0 536870912 12 0 0 128 0 0 4624 0 0 12544 0 0 0 128 0 0 5120 0 0 16384 0 0 0 0 0 16777216 0 0 805306368 0 0 2147483648 1 0 0 4 0 0 8192 768 0 0 6336 0 0 24576 0 0 2113536 0 0 262144 0 0 117440512 0 0 2684354560 0 0 268435456 0 0 0 129 0 0 16 0 0 256 0 0 0 9216 0 0 33024 0 0 0 0 0 4325376 0 0 7340032 0 0 100663296 512 0 0 6272 0 0 16384 0 0 8192 0 0 0 0 0 0 0 0 536870912 0 0 268435456 4 0 0 129 0 0 9328 0 0 76288 0 0 0 0 0 0 0 0 0 2097152 0 0 33554432 0 0 805306368 0 0 0 0 0 536870912 9
is_linear=0
shrinkage=0.08


Tree=140
num_leaves=31
num_cat=9
split_feature=45 45 19 5 31 12 5 5 5 45 20 31 15 45 28 45 5 34 5 45 12 5 34 5 10 10 5 42 41 45
split_gain=30.9791 3.18445 3.52568 2.21587 2.01062 1.58941 2.3921 1.53094 1.16522 1.07682 1.05133 0.936156 1.13359 1.1454 1.31038 1.07318 1.78398 1.45789 1.02016 0.941149 0.904889 1.45008 1.1439 2.41828 1.59788 1.56079 2.57111 0.897422 0.77115 2.66829
threshold=-8.7573966979980451 0.56275889277458202 1.4260602593421938 0 24.268591880798343 1.6636033654212954 1 2 3 -12.304445743560789 2.5058693885803227 55.545135498046882 1.3737369179725649 17.399168014526371 1006.1534423828126 28.551164627075199 4 -6.6523742675781241 5 27.644923210144047 1.9730412364006045 6 -4.5429382324218741 7 0.93139430880546581 2.1140511035919194 8 -5.5520515441894522 28.430032730102543 28.216340065002445
decision_type=2 2 2 9 2 2 9 9 9 2 2 2 8 2 2 2 9 2 9 2 2 9 2 9 2 2 9 2 2 2
left_child=4 2 -2 -4 -1 6 -5 -7 11 -6 -11 18 13 -13 15 16 -15 -17 -3 -18 22 -22 24 -24 -14 26 -26 -9 29 -10
right_child=1 8 3 5 9 7 -8 27 28 10 -12 12 20 14 -16 17 19 -19 -20 -21 21 -23 23 -25 25 -27 -28 -29 -30 -31
leaf_value=-0.015478677743461478 -0.040905912939464176 -0.0044895471205941588 -0.023163914043699347 0.031117116186824886 -0.30310565076945428 -0.040343730237272508 -0.0025261964554076756 0.019365907085680423 -2.5831060320875462e-05 -0.10957907905044416 -0.021875249675386964 -0.010092169888088308 -0.0045660062659236165 -0.010126108043617047 0.00022186574291982862 0.00481271268041182 0.0021130315549267873 -0.0045406486096049225 -0.016905624071499856 -0.0043538732792597424 0.012041391243594639 -0.016760965436957653 -0.021015224020712243 0.0045043600966522398 0.030413244330957899 -0.00049806691151396123 0.003754184206417125 -0.0078877961195080084 -0.00082662408814745817 0.001880800955992709
leaf_weight=2200 6143 13948 7310 2334 13532 2118 3260 2270 178761 6077 2095 8962 2194 4154 25997 2012 2640 2007 3639 2137 2066 3420 2615 5650 2479 2495 3098 3711 60311 20466
leaf_count=2200 6143 13948 7310 2334 13532 2118 3260 2270 178761 6077 2095 8962 2194 4154 25997 2012 2640 2007 3639 2137 2066 3420 2615 5650 2479 2495 3098 3711 60311 20466
internal_value=-0.000313124 -0.000135639 -0.0009701 -0.000476468 -0.00310513 0.000124552 0.0011606 -0.000591443 -7.07164e-05 -0.00333868 -0.0026067 -0.00031957 -0.000191616 -0.000416454 -0.000228663 -0.000885803 -0.0013739 0.000199552 -0.000842645 -0.000314364 0.000256877 -0.000644834 0.000524027 -0.000176436 0.00108758 0.00160752 0.00235046 6.59881e-05 1.51325e-05 9.10062e-05
internal_weight=400101 376197 27146 21003 23904 13693 5594 8099 349051 21704 8172 89513 71926 47909 38947 12950 8931 4019 17587 4777 24017 5486 18531 8265 10266 8072 5577 5981 259538 199227
internal_count=400101 376197 27146 21003 23904 13693 5594 8099 349051 21704 8172 89513 71926 47909 38947 12950 8931 4019 17587 4777 24017 5486 18531 8265 10266 8072 5577 5981 259538 199227
cat_boundaries=0 32 64 96 128 157 189 221 253 285
cat_threshold=0 0 0 0 0 0 0 0 0 0 0 0 0 0 0 0 0 0 0 0 0 0 32 0 0 61 0 0 1728 0 0 77312 0 0 0 0 0 0 0 0 0 0 0 0 0 0 0 0 0 0 0 0 0 0 4 0 0 192 0 0 10240 0 0 16384 0 0 0 0 0 0 0 0 0 0 0 0 0 0 0 0 0 0 0 0 0 0 6 0 0 64 0 0 2048 0 0 16384 0 0 0 9216 0 0 0 0 0 2654208 0 0 16842752 0 0 839909376 0 0 2181038080 1 0 2684354560 11 0 0 488 0 0 3696 0 0 24576 0 0 0 0 0 0 0 0 0 2097152 0 0 16842752 0 0 269484032 0 0 33554432 0 0 0 0 0 0 0 0 0 32 0 0 0 0 0 0 0 0 0 0 0 0 65536 0 0 34603008 0 0 2181038080 0 0 2684354560 8 0 0 224 0 0 560 0 0 8192 0 0 0 0 0 0 0 0 0 2129920 0 0 16777216 0 0 1048576 0 0 33554432 0 0 536870912 8 0 0 256 0 0 1552 0 0 24576 0 0 0 0 0 0 0 0 0 32768 0 0 65536 0 0 1048576 0 0 0 0 0 536870912 8 0 0 392 0 0 1136 0 0 8192 0 0 0 0 0 0 0 0 0 0 0 0 0 0 0 33554432 0 0 0 0 0 2147483648 9 0 0 392 0 0 1104 0 0 16384
is_linear=0
shrinkage=0.08


Tree=141
num_leaves=31
num_cat=13
split_feature=24 3 37 5 41 33 33 29 37 5 5 29 5 43 41 5 38 5 5 5 27 11 5 5 9 5 5 31 38 10
split_gain=26.3365 3.06486 1.72453 3.8615 1.63391 1.86111 1.5224 2.41685 1.8703 1.8543 1.48647 2.73036 1.81003 1.43356 3.09438 3.13608 2.67058 3.23664 2.54112 2.14649 1.55363 2.07667 1.49001 1.35806 1.31276 1.33641 1.18528 1.94383 1.3911 1.28687
threshold=-4.1370544433593741 4580.4367675781259 2.3840446472167973 0 -9.4903459548950178 17.477952003479007 25.098048210144047 0.61117172241210949 -0.44214630126953119 1 2 0.80765151977539074 3 28.803215980529789 28.430032730102543 4 0.50853896141052257 5 6 7 1001.6183166503907 0.78603744506835949 8 9 10 11 12 78.028251647949233 -0.11249220371246337 0.25379385054111486
decision_type=2 2 2 9 2 2 2 2 2 9 9 2 9 2 2 9 2 9 9 9 2 2 9 9 1 9 9 2 2 2
left_child=4 2 10 -4 -1 -6 8 9 -3 -8 11 26 -13 14 16 -16 18 -18 -12 -15 21 -21 -19 -22 -23 -26 27 -2 -29 -28
right_child=1 6 3 -5 5 -7 7 -9 -10 -11 13 12 -14 19 15 -17 17 22 -20 20 23 24 -24 -25 25 -27 29 28 -30 -31
leaf_value=-0.17501309856920425 0.0024181858702355063 -0.0028256495356204325 0.033072403729615833 -0.0074922962092681426 -0.11998000750022872 -0.00040695404385789448 0.021525495151521214 -0.027687333748630985 -0.020134869449723286 -0.0044488818243626129 -0.0018078119706954367 0.00020530069326714275 -0.0052224300689926763 0.0029239632774463891 0.001927584443426627 -0.007589964515884241 -0.0059262958808845466 0.0024885474154679806 0.00099086606351521519 0.015380611493218859 -0.00021108956636362646 0.01999189543576765 -0.0021736323722693776 -0.0067065645358322179 0.0084685390529127651 -0.019890354972356111 -0.0029777655220429677 0.0028473373627228055 0.0081076806755931638 0.0010814645503378366
leaf_weight=16578 17418 9436 2283 2293 3481 2242 2802 2994 15985 3015 46054 20864 14480 13928 4079 12491 20600 6524 79376 2074 16935 2513 27059 8559 2110 2487 3229 2264 3022 32833
leaf_count=16578 17418 9436 2283 2293 3481 2242 2802 2994 15985 3015 46054 20864 14480 13928 4079 12491 20600 6524 79376 2074 16935 2513 27059 8559 2110 2487 3229 2264 3022 32833
internal_value=-0.000301867 -0.000144098 -7.21438e-05 0.00146882 -0.00297271 -0.0018022 -0.000865838 4.03573e-05 -0.00117982 0.00099056 -9.29935e-05 0.000177201 -0.000378346 -0.000196873 -0.000293243 -0.00133896 -0.000196702 -0.000665991 6.05772e-06 0.000192035 -0.000145024 0.000746573 -0.000181294 -0.000466438 9.55047e-05 -0.00070782 0.000511364 0.000963914 0.00230665 0.000225929
internal_weight=400008 377707 343475 4576 22301 5723 34232 8811 25421 5817 338899 94110 35344 244789 196183 16570 179613 54183 125430 48606 34678 9184 33583 25494 7110 4597 58766 22704 5286 36062
internal_count=400008 377707 343475 4576 22301 5723 34232 8811 25421 5817 338899 94110 35344 244789 196183 16570 179613 54183 125430 48606 34678 9184 33583 25494 7110 4597 58766 22704 5286 36062
cat_boundaries=0 32 64 96 125 151 183 215 244 276 308 309 338 370
cat_threshold=0 0 0 128 0 0 0 0 0 32768 0 0 0 0 0 503316480 0 0 1929379840 0 0 268435456 60 0 0 771 0 0 8976 0 0 78080 0 0 0 0 0 0 0 0 0 0 0 0 0 0 0 0 0 0 0 0 0 0 44 0 0 192 0 0 3584 0 0 16384 294 0 0 16 0 0 140800 0 0 323584 0 0 35127296 0 0 8388608 0 0 3758096384 2 0 0 2 0 0 976 0 0 6656 0 0 32768 294 0 0 16 0 0 139776 0 0 262144 0 0 1572864 0 0 0 0 0 2147483648 2 0 0 2 0 0 16 0 0 512 1 0 0 8256 0 0 18432 0 0 131072 0 0 2293760 0 0 335544320 0 0 134217728 1 0 805306368 0 0 0 2 129 0 0 9312 0 0 18432 0 0 1638400 0 0 25165824 0 0 270532608 0 0 33554432 0 0 4026531840 29 0 0 35 0 0 256 0 0 83456 24 0 0 832 0 0 102400 0 0 2097152 0 0 2293760 0 0 676331520 0 0 268435456 0 0 536870912 4 0 0 12 0 0 8688 0 0 80128 24 0 0 1888 0 0 100608 0 0 2097152 0 0 27328512 0 0 553648128 0 0 67108864 0 0 0 0 0 0 5 0 0 16 8 0 0 2816 0 0 69632 0 0 2097152 0 0 65536 0 0 135266304 0 0 0 0 0 0 0 0 0 0 0 0 128 0 0 2304 1 0 0 128 0 0 20480 0 0 720896 0 0 393216 0 0 140509184 0 0 402653184 0 0 3489660928 0 0 0 2 0 0 0 0 0 4096 26 0 0 0 0 0 0 4096 0 0 65536 0 0 262144 0 0 33554432 0 0 318767104 0 0 2684354560 0 0 0 0 0 0 32 0 0 0 0 0 0 1024 0 0 61440 0 0 33554432 0 0 0 0 0 1610612736 0 0 0 0 0 0 960 0 0 2560 0 0 32768
is_linear=0
shrinkage=0.08


Tree=142
num_leaves=31
num_cat=10
split_feature=44 24 21 5 21 24 14 31 5 5 5 14 41 42 27 11 10 25 5 35 5 44 28 5 5 35 5 10 5 31
split_gain=24.5634 4.1185 4.34614 2.66054 1.87473 3.63601 1.48527 1.31878 6.1232 2.47241 1.81174 1.35488 1.46214 1.337 1.62431 1.61129 1.31935 1.47574 1.2729 1.10783 1.10611 1.10483 1.0386 4.41212 2.16308 1.79633 2.87395 1.63217 2.44434 1.5926
threshold=-10.669801712036131 3.0746002197265629 1.7331808209419253 0 2.7047616243362431 -9.6332702636718732 2.8226450681686406 85.267482757568374 1 2 3 3.5746949911117558 21.194136619567875 28.258014678955082 1005.7689819335939 1.1142834424972536 1.4517375230789187 8.8460636138916033 4 0.010013580322265627 5 21.449008941650394 1005.9084472656251 6 7 0.31900405883789068 8 2.4356718063354497 9 75.471069335937514
decision_type=2 2 2 9 2 2 2 2 9 9 9 2 2 2 2 2 2 2 9 2 9 2 2 9 9 2 9 2 9 2
left_child=4 2 -2 -4 -1 -6 -5 9 16 11 13 12 19 14 18 20 17 -9 -10 -3 -16 -14 23 -11 25 27 -27 -24 -29 -28
right_child=1 7 3 6 5 -7 -8 8 10 22 -12 -13 21 -15 15 -17 -18 -19 -20 -21 -22 -23 24 -25 -26 26 29 28 -30 -31
leaf_value=-0.18107220136317867 -0.039292113868078966 -0.023134463828318217 -0.0269020886623926 -0.0087226601403330214 -0.19192048988258129 0.017623534584397773 0.020833104569157448 0.0022649574537871708 0.0024372043434601311 -0.0050982984376475686 -0.0035808151990774696 0.011339464452778126 0.0064809228316666427 0.0076955324906405973 0.007495887256343009 0.012414726649578541 0.020234586056308408 0.0045546124757642045 -0.007549094125083749 -0.0069786877750876676 -0.00028343333684422914 -0.0013190063733642475 -0.00031844078255106059 0.00054103706667731608 -0.0003977409281566558 0.010926274678937243 0.0074880009561042781 0.021738292729854791 -6.5290555095652773e-05 0.00029513975960549421
leaf_weight=13510 10035 6464 6645 3712 3533 2077 4750 9547 2052 16262 20487 3633 2380 2182 2048 2032 2564 2945 4309 19944 12683 43958 31874 42920 97032 4607 5573 2193 3192 14922
leaf_count=13510 10035 6464 6645 3712 3533 2077 4750 9547 2052 16262 20487 3633 2380 2182 2048 2032 2564 2945 4309 19944 12683 43958 31874 42920 97032 4607 5573 2193 3192 14922
internal_value=-0.000280598 -0.000140122 -0.00112945 -0.000271748 -0.00307789 -0.00184342 0.000668709 -7.01839e-05 0.000268883 -0.00014014 -0.000191475 -0.000531893 -0.000607291 0.000261233 8.23022e-05 0.000495319 0.00166728 0.00132715 -0.00100518 -0.00108229 0.000203242 -0.000336412 -3.20322e-06 -0.000289364 0.000103059 0.000470591 0.000993628 0.000118167 0.001405 0.000585912
internal_weight=400065 380945 25142 15107 19120 5610 8462 355803 60849 294954 45793 76379 72746 25306 23124 16763 15056 12492 6361 26408 14731 46338 218575 59182 159393 62361 25102 37259 5385 20495
internal_count=400065 380945 25142 15107 19120 5610 8462 355803 60849 294954 45793 76379 72746 25306 23124 16763 15056 12492 6361 26408 14731 46338 218575 59182 159393 62361 25102 37259 5385 20495
cat_boundaries=0 32 64 96 122 144 163 195 227 259 291
cat_threshold=0 0 0 0 0 0 0 0 0 0 0 0 0 0 0 0 0 0 0 0 0 0 0 0 0 649 0 0 1984 0 0 91648 224 0 0 1040 0 0 123648 0 0 393216 0 0 4194304 0 0 0 0 0 134217728 0 0 0 43 0 0 820 0 0 16192 0 0 1024 0 0 0 2048 0 0 115200 0 0 786432 0 0 4325376 0 0 301989888 0 0 436207616 0 0 0 63 0 0 309 0 0 9760 0 0 25600 774 0 0 6752 0 0 1024 0 0 1576960 0 0 44171264 0 0 330301440 0 0 3590324224 1 0 2147483648 4 0 0 8 0 0 0 2080 0 0 0 0 0 0 0 0 33554432 0 0 50331648 0 0 3221225472 1 0 2147483648 0 0 0 544 0 0 0 0 0 524288 0 0 2097152 0 0 41943040 0 0 268435456 109 0 0 4208 0 0 131328 0 0 3149824 0 0 25493504 0 0 542113792 0 0 0 2 0 2147483648 0 0 0 192 0 0 6480 0 0 6144 49 0 0 64 0 0 133376 0 0 1105920 0 0 25952256 0 0 678428672 0 0 1610612736 2 0 0 0 0 0 192 0 0 336 0 0 6400 0 0 0 0 0 0 0 0 0 0 0 0 25952256 0 0 671088640 0 0 0 0 0 0 0 0 0 0 0 0 272 0 0 6144 0 0 0 0 0 0 0 0 0 24576 0 0 786432 0 0 4194304 0 0 536870912 2 0 0 0 0 0 128 0 0 256 0 0 4096
is_linear=0
shrinkage=0.08


Tree=143
num_leaves=31
num_cat=1
split_feature=45 45 15 32 15 45 38 31 18 33 12 38 33 38 0 12 18 8 35 16 41 41 45 25 45 34 22 41 31 18
split_gain=27.1399 2.4417 2.86495 1.81767 1.42399 2.57579 2.4026 1.8096 1.53856 1.49329 1.28574 1.4053 1.49089 1.37512 1.10488 1.41217 1.0981 0.912514 0.965968 0.883456 2.03506 1.90609 3.71978 3.80772 1.80969 1.46096 2.19287 2.15403 1.44009 2.07047
threshold=-9.3026924133300763 -12.923419952392576 3.5647634267807011 1665.0174560546877 3.3606779575347905 -1.7242704033851621 1.6277675628662112 26.488566398620609 2.9789439439773564 22.69727993011475 2.439576387405396 -1.3195466995239256 24.044352531433109 2.4596643447875981 7.2500000000000009 0.42447893321514135 3.405864000320435 0 0.1463890075683594 1.1103480458259585 11.528477668762209 28.430032730102543 28.216340065002445 8.6852545738220233 28.579281806945804 -3.7510070800781246 1.1801719665527346 27.827211380004886 75.619453430175795 0.43038401007652288
decision_type=2 2 10 2 10 2 2 2 2 2 2 2 2 2 2 2 2 1 2 10 2 2 2 2 2 2 2 2 2 2
left_child=1 -1 -3 4 5 7 9 -2 17 -6 14 -12 -13 -14 15 -7 19 18 -9 20 -16 22 25 -24 -23 -22 27 28 29 -27
right_child=3 2 -4 -5 6 10 -8 8 -10 -11 11 12 13 -15 16 -17 -18 -19 -20 -21 21 24 23 -25 -26 26 -28 -29 -30 -31
leaf_value=-0.29447662870223285 0.011391241145001032 -0.085097771544774256 0.008485035473307409 -0.023401540526863902 0.010381515377540715 0.0049142528763535349 -0.01856697919971393 -0.03877336432774605 0.010473235692620668 0.040850662797658518 0.0019333671242955466 -0.026258726861077508 0.0074482965989473727 -0.02142931127224983 -0.015150275571342785 -4.7710556498463599e-05 0.015048192283418865 -0.045535319696911776 -0.006368096776403178 0.00052390536026816206 -0.0024873369418079039 -0.0063431986884078797 0.001193569300609797 0.0056988064704230268 -0.00079395520269642556 0.0047287044740469105 0.00098502117586105704 -0.0056064418940970926 -0.0018151345491102145 -0.0001024105044480272
leaf_weight=12703 2072 7522 2186 3370 2181 2730 2542 3301 2028 2633 4272 4666 2025 2047 5257 3767 2290 5160 4207 137415 22512 8103 15775 2021 24172 2478 45143 6249 27395 31652
leaf_count=12703 2072 7522 2186 3370 2181 2730 2542 3301 2028 2633 4272 4666 2025 2047 5257 3767 2290 5160 4207 137415 22512 8103 15775 2021 24172 2478 45143 6249 27395 31652
internal_value=-0.000266418 -0.00297061 -0.00201194 -0.000105789 -8.90994e-05 -0.000111217 0.00101222 -0.00107951 -0.00139154 0.00206136 -6.47934e-05 -0.000844855 -0.0014257 -0.000305733 -3.4651e-05 0.000997694 -5.49769e-05 -0.00171888 -0.0011535 -6.71832e-05 -0.000178585 -0.000134549 -1.68378e-05 0.0010702 -0.000693202 -0.000159748 -4.24e-05 -0.000330108 -0.000186236 0.000160515
internal_weight=399874 22411 9708 377463 374093 366737 7356 16768 14696 4814 349969 13010 8738 4072 336959 6497 330462 12668 7508 328172 190757 185500 153225 17796 32275 135429 112917 67774 61525 34130
internal_count=399874 22411 9708 377463 374093 366737 7356 16768 14696 4814 349969 13010 8738 4072 336959 6497 330462 12668 7508 328172 190757 185500 153225 17796 32275 135429 112917 67774 61525 34130
cat_boundaries=0 1
cat_threshold=2
is_linear=0
shrinkage=0.08


Tree=144
num_leaves=31
num_cat=11
split_feature=45 45 19 20 5 5 6 5 26 32 12 5 38 9 29 5 37 33 5 5 29 15 18 32 5 37 45 5 16 12
split_gain=26.7315 2.91959 2.3673 2.35118 2.25029 1.66892 3.09449 2.76096 1.28203 1.17958 1.23059 1.64372 1.2905 1.06732 1.18963 1.0089 0.898495 0.917802 1.56918 1.35281 1.38471 1.09735 1.30243 0.835127 0.804205 0.88591 0.699759 1.06455 0.917742 1.42771
threshold=-8.2108817100524885 -12.923419952392576 2.1184194087982182 3.2598662376403813 0 1 2 3 3.8125796318054204 119.30320358276369 2.8002666234970097 4 1.0221633911132815 5 0.92195510864257824 6 -1.2958488464355467 25.212287902832035 7 8 0.1702079772949219 1.3025742769241335 2.4675953388214116 535.96719360351574 9 2.0327796936035161 25.960359573364261 10 1.1715622544288637 1.1369679570198061
decision_type=2 2 2 2 9 9 1 9 2 2 2 9 2 1 2 9 2 2 9 9 2 8 2 2 9 2 2 9 10 2
left_child=1 -1 -3 5 -4 6 7 -2 13 -7 24 -12 -13 14 -8 -10 -15 19 -19 -18 -21 -22 -23 -17 26 -26 27 -11 -29 -30
right_child=3 2 4 -5 -6 9 8 -9 15 10 11 12 -14 16 -16 23 17 18 -20 20 21 22 -24 -25 25 -27 -28 28 29 -31
leaf_value=-0.27062683532361326 -0.0016184134452975128 -0.07983480313504164 0.014481307727617593 0.051037979178146682 -0.043315814601619769 0.015170262894027918 0.01483701512052478 -0.01858828771013174 -0.0004760064835373071 -0.0070510823630632879 -0.036037355966845361 0.012273604158774163 -0.026821866130905141 0.01323075533733664 -0.00043152921954009356 0.00097696766178613417 -0.015166842019382102 -0.0082314872652375897 0.012063387915887059 -0.011547277174131714 0.0068301459148370084 -0.017641104755409569 0.0097670623327637922 -0.0076848802030521574 0.00020484307560448319 0.011706945292855162 -9.7414690397193854e-05 -0.004464578856565907 0.0069470785985970328 -0.0050627323967330426
leaf_weight=12671 8453 8224 2211 2208 2396 2540 3381 8965 11838 9871 2458 2240 2041 3023 2990 2257 4657 2609 4413 2950 3512 2668 2272 7868 168952 3303 78447 13411 7862 9215
leaf_count=12671 8453 8224 2211 2208 2396 2540 3381 8965 11838 9871 2458 2240 2041 3023 2990 2257 4657 2609 4413 2950 3512 2668 2272 7868 168952 3303 78447 13411 7862 9215
internal_value=-0.000257315 -0.00276294 -0.00190982 -8.65789e-05 -0.000456574 -0.000102052 -0.000448329 -0.00137585 -0.000151163 -1.91779e-05 -3.3848e-05 -0.00110179 -0.000149734 0.000168077 0.00109466 -0.000623129 -5.87975e-05 -0.000228835 0.00053356 -0.000562326 -9.17537e-05 0.000429212 -0.000339395 -0.00120848 -9.08465e-06 0.000101349 -0.00016919 -0.000439843 -0.000205586 0.000183296
internal_weight=399906 25502 12831 374404 4607 372196 71856 17418 54438 300340 297800 6739 4281 32475 6371 21963 26104 23081 7022 16059 11402 8452 4940 10125 291061 172255 118806 40359 30488 17077
internal_count=399906 25502 12831 374404 4607 372196 71856 17418 54438 300340 297800 6739 4281 32475 6371 21963 26104 23081 7022 16059 11402 8452 4940 10125 291061 172255 118806 40359 30488 17077
cat_boundaries=0 29 61 62 94 126 127 159 191 223 249 271
cat_threshold=0 0 0 0 0 0 0 0 0 0 0 0 0 0 0 0 0 0 0 0 0 0 48 0 0 448 0 0 7184 512 0 0 4096 0 0 256 0 0 2228224 0 0 0 0 0 1048576 0 0 0 1 0 0 40 0 0 126 0 0 1776 0 0 81664 8 0 0 0 4096 0 0 256 0 0 2228224 0 0 0 0 0 1048576 0 0 0 0 0 0 0 0 0 66 0 0 528 0 0 73984 0 0 0 0 0 0 0 0 0 0 0 0 3145728 0 0 528482304 0 0 956301312 0 0 2147483648 2 0 0 128 0 0 6144 0 0 16384 6 512 0 0 4096 0 0 256 0 0 2097152 0 0 0 0 0 0 0 0 0 0 0 0 0 0 0 102 0 0 0 0 0 10496 0 0 0 0 0 0 256 0 0 0 0 0 0 0 0 0 0 0 0 0 0 0 0 0 0 12 0 0 1040 0 0 15616 0 0 0 0 0 0 0 0 0 0 0 0 0 0 0 0 0 0 0 0 0 0 40 0 0 96 0 0 1600 0 0 74240 75 0 0 2240 0 0 41472 0 0 610304 0 0 53084160 0 0 811597824 0 0 2181038080 2 0 536870912 23 0 0 256 8 0 0 64 0 0 8192 0 0 528384 0 0 34209792 0 0 6291456 0 0 0 0 0 536870912
is_linear=0
shrinkage=0.08


Tree=145
num_leaves=31
num_cat=10
split_feature=45 5 6 21 14 21 21 28 5 10 7 6 5 23 34 5 12 10 5 25 12 5 5 28 34 34 12 45 35 5
split_gain=24.732 2.87186 4.18387 2.19819 2.06316 1.33603 1.30228 1.18041 4.15745 1.57391 1.49831 1.8796 1.46195 2.15081 1.43441 1.31564 1.27137 1.06328 1.06168 1.00222 0.981901 1.34674 1.13121 1.12966 1.12637 1.12035 1.11549 1.04813 1.02373 1.59077
threshold=-11.052321434020994 0 1 3.0268659591674809 3.5746949911117558 3.2842856645584111 1.8347746133804324 1015.2190551757814 2 4.2934651374816903 1.5000000000000002 3 4 3.1156120300292973 -1.6669311523437498 5 1.5418615937232973 2.3016456365585332 6 0.91374689340591442 1.3112667798995974 7 8 1001.3378295898439 -4.0555419921874991 -6.5573730468749991 0.86785110831260692 25.113566398620609 14.192104339599611 9
decision_type=2 9 1 2 2 2 2 2 9 2 2 1 9 2 2 9 2 2 9 2 2 9 9 2 2 2 2 2 2 9
left_child=5 2 4 7 17 -1 -4 9 10 12 -9 -12 13 -3 -10 16 -16 -2 -8 -15 22 -22 23 -21 28 -23 -25 -26 -24 -30
right_child=1 3 6 -5 -6 -7 18 8 14 -11 11 -13 -14 19 15 -17 -18 -19 -20 20 21 25 24 26 27 -27 -28 -29 29 -31
leaf_value=-0.17771218716167694 0.0019993817082818071 0.021930150348879542 -0.031244012351056304 0.044014238889016281 0.028038450095530344 -0.078075600195296052 0.00015279087877927727 -0.0076587049109380035 0.0058009889242674308 0.01742631935037477 0.040921756647130228 0.0043354628868048344 -0.00044826878524322644 0.0087450947242783995 -0.015392225263561947 -0.033684317525638073 0.0042861376084281167 -0.013618937129773766 -0.031596388571387135 -0.0046571504424822371 -0.0076245138590063889 -0.012475877663271535 -0.0037727285287905629 0.0015929952090432329 -0.0037538322480498844 0.0053464295128715592 0.01029422546458243 0.0010190600300461585 0.0046433861336135978 -0.003595427424445199
leaf_weight=15260 8291 3374 10102 2551 3002 2327 3972 3399 2051 2708 2060 4455 219585 3351 6300 5863 2485 3321 3768 2038 9472 2158 11623 3912 6592 4642 4659 42727 2250 2017
leaf_count=15260 8291 3374 10102 2551 3002 2327 3972 3399 2051 2708 2060 4455 219585 3351 6300 5863 2485 3321 3768 2038 9472 2158 11623 3912 6592 4642 4659 42727 2250 2017
internal_value=-0.000242354 -0.000107521 -0.000827196 -4.07898e-05 0.000176574 -0.00317486 -0.00164864 -5.79883e-05 -0.000569884 -1.55466e-05 0.000727199 0.00143755 -3.19095e-05 0.000223604 -0.00133955 -0.00161768 -0.000992619 -0.000307005 -0.000867098 0.000153334 0.000103799 -0.000459895 0.000224824 0.00099012 0.000100016 0.000398826 0.00139331 0.000288754 -0.000485536 0.000573298
internal_weight=400315 382728 32456 350272 14614 17587 17842 347721 26613 321108 9914 6515 318400 98815 16699 14648 8785 11612 7740 95441 92090 16272 75818 10609 65209 6800 8571 49319 15890 4267
internal_count=400315 382728 32456 350272 14614 17587 17842 347721 26613 321108 9914 6515 318400 98815 16699 14648 8785 11612 7740 95441 92090 16272 75818 10609 65209 6800 8571 49319 15890 4267
cat_boundaries=0 32 33 65 66 98 130 162 194 226 249
cat_threshold=0 0 0 0 0 0 0 0 0 0 0 0 0 0 0 0 0 0 0 0 0 0 2 0 0 120 0 0 1760 0 0 3584 4 0 0 0 0 0 0 0 0 0 262144 0 0 25165824 0 0 1048576 0 0 1526726656 2 0 4026531840 4 0 0 769 0 0 16 0 0 20480 3 161 0 0 8272 0 0 8448 0 0 2392064 0 0 31064064 0 0 44040192 0 0 2214592512 0 0 0 49 0 0 4 0 0 14336 0 0 90112 0 0 0 0 0 0 0 0 0 0 0 0 33554432 0 0 874512384 0 0 2751463424 1 0 0 57 0 0 134 0 0 0 0 0 8448 0 0 0 0 0 0 0 0 0 0 0 0 0 0 0 0 0 0 0 0 0 0 2 0 0 112 0 0 32 0 0 2048 0 0 0 64 0 0 0 0 0 294912 0 0 1572864 0 0 41943040 0 0 0 0 0 0 32 0 0 4 0 0 6144 0 0 65536 0 0 0 0 0 0 0 0 0 0 0 0 1572864 0 0 41943040 0 0 0 0 0 0 0 0 0 4 0 0 6144 0 0 65536 33 0 0 0 0 0 8192 0 0 2392064 0 0 4325376 0 0 0 0 0 0 0 0 0 1
is_linear=0
shrinkage=0.08


Tree=146
num_leaves=31
num_cat=10
split_feature=44 42 19 19 22 5 33 3 33 5 39 5 14 6 14 37 5 5 6 5 14 22 28 26 5 19 39 29 5 19
split_gain=20.6016 2.77424 3.12787 2.23903 3.33501 1.79497 1.09836 1.04195 2.02433 2.4939 2.6514 1.90457 1.81663 1.25737 1.09146 1.08032 2.4728 1.37421 1.31412 1.04912 1.50357 1.31548 1.91182 1.32886 1.226 1.19909 1.13669 1.07595 1.10253 0.993833
threshold=-10.669801712036131 -3.2950553894042964 1.8490945696830752 2.6640291213989262 0.024318695068359378 0 19.440959930419925 522.80386352539074 25.551936149597172 1 1.3203355669975283 2 2.5843914747238164 3 4.2318987846374521 0.036350250244140632 4 5 6 7 3.4330714941024785 1.5463829040527346 1010.2690429687501 9.958867549896242 8 0.42175199091434484 1.5419647097587588 0.99027633666992199 9 0.26423461735248571
decision_type=2 2 2 2 2 9 2 2 2 9 2 9 2 1 2 2 9 9 1 9 2 2 2 2 9 2 2 2 9 2
left_child=3 2 -2 -1 -5 -4 -7 14 11 13 12 -9 -11 -10 19 17 -17 -13 -18 26 21 23 24 27 25 -23 -3 28 -21 -30
right_child=1 7 5 4 -6 6 -8 8 9 10 -12 15 -14 -15 -16 16 18 -19 -20 20 -22 22 -24 -25 -26 -27 -28 -29 29 -31
leaf_value=-0.14104038623959014 -0.038422444048213635 0.00083010661957544753 -0.028678184818901952 0.022510213057004239 -0.13332610737413539 -0.0028348284092914546 0.021357760201967901 -0.0089288719644975111 0.0041185761045394211 0.0074389704854299979 -0.010892355596009326 -0.0040869490495352954 0.039761831446983455 -0.018754438724657107 -0.018049654354105812 -0.011461707167335983 0.013656941247892429 0.0036990481677806469 -0.0011541355440602922 -0.0023655328777392637 0.015672380445644053 0.003086058901490823 0.0039139408585003466 -0.0042501195919632442 -0.00041636814588269706 0.0008180910906966846 -0.011746018344113138 0.0036587199781410312 -0.002541008225052811 -8.9741512090850241e-05
leaf_weight=13501 9105 90300 3882 2048 3645 4503 3148 21911 4107 3291 2375 12063 2579 2921 2033 15033 2677 17157 8943 36620 2910 3374 4021 2725 40289 12444 2662 2068 2767 64767
leaf_count=13501 9105 90300 3882 2048 3645 4503 3148 21911 4107 3291 2375 12063 2579 2921 2033 15033 2677 17157 8943 36620 2910 3374 4021 2725 40289 12444 2662 2068 2767 64767
internal_value=-0.000245765 -0.00011679 -0.0010186 -0.00280233 -0.001468 -0.000143118 0.000567852 -6.50702e-05 -0.000295573 0.000546227 0.0014882 -0.000460911 0.00240136 -0.000560727 1.52805e-05 -0.000212765 -0.000581031 0.00012316 0.000295532 2.94831e-05 -8.75565e-05 -0.00011864 0.000181714 -0.000284407 6.08006e-05 0.000657153 0.000245982 -0.000239552 -0.00027549 -8.37266e-05
internal_weight=399869 380675 20638 19194 5693 11533 7651 360037 93057 15273 8245 77784 5870 7028 266980 55873 26653 29220 11620 264947 171985 169075 60128 108947 56107 15818 92962 106222 104154 67534
internal_count=399869 380675 20638 19194 5693 11533 7651 360037 93057 15273 8245 77784 5870 7028 266980 55873 26653 29220 11620 264947 171985 169075 60128 108947 56107 15818 92962 106222 104154 67534
cat_boundaries=0 32 64 96 97 126 158 159 191 217 246
cat_threshold=0 0 0 0 0 0 0 0 0 0 0 0 0 0 0 0 0 0 0 0 0 0 32 0 0 24 0 0 1984 0 0 91648 0 0 0 192 0 0 3072 0 0 32768 0 0 524288 0 0 20971520 0 0 33554432 0 0 2147483648 3 0 0 446 0 0 400 0 0 85248 16 0 0 0 0 0 2048 0 0 2244608 0 0 35782656 0 0 29360128 0 0 100663296 1 0 0 4 0 0 98 0 0 1120 0 0 36608 4 8 0 0 64 0 0 0 0 0 98304 0 0 0 0 0 0 0 0 3758096384 0 0 2415919104 57 0 0 921 0 0 4736 0 0 0 128 0 0 1024 0 0 0 0 0 17563648 0 0 840957952 0 0 0 2 0 0 0 0 0 772 0 0 8976 0 0 12288 2 60 0 0 448 0 0 23552 0 0 3923968 0 0 51642368 0 0 25165824 0 0 3288334336 1 0 0 33 0 0 0 0 0 0 0 0 256 640 0 0 32 0 0 65792 0 0 4096 0 0 4849664 0 0 1048576 0 0 167772160 0 0 2147483648 0 0 0 133 641 0 0 6656 0 0 98304 0 0 0 0 0 13107200 0 0 570425344 0 0 0 0 0 4026531840 0 0 0 133 0 0 32
is_linear=0
shrinkage=0.08


Tree=147
num_leaves=31
num_cat=1
split_feature=45 45 21 31 31 34 28 9 18 27 27 27 0 36 34 17 31 24 18 36 31 37 36 7 30 24 1 16 10 10
split_gain=21.7342 2.57338 4.23273 2.4404 2.01386 1.61118 1.54588 1.68404 1.53371 1.34816 1.28143 1.26954 1.0287 1.23712 1.24693 1.35959 0.973201 1.16843 1.04339 1.21697 1.40652 1.09031 2.25548 1.50127 1.47903 2.40605 1.47752 1.42991 1.48653 1.42644
threshold=-11.669060230255125 4.7959589958190927 1.5850855112075808 24.268591880798343 32.944164276123054 -2.6109313964843746 1006.7171936035157 0 2.0325124263763432 1013.4140930175782 1020.1275024414064 1019.6436462402345 8.2500000000000018 83.251476287841811 -2.9125976562499996 0.56081804633140575 87.267341613769545 30.152618408203129 0.37664714455604559 43.354511260986335 81.54123687744142 -0.23290634155273435 0.54788589477539074 1.5000000000000002 4.5312500000000009 27.380828857421879 73.250000000000014 1.3131135106086733 2.7248598337173466 3.774041056632996
decision_type=2 2 2 2 2 2 2 1 2 2 2 2 2 2 2 8 2 2 2 2 2 2 2 2 2 2 2 8 2 2
left_child=4 2 5 -4 -1 9 -5 8 11 -2 12 -8 13 14 -3 -16 18 -18 19 20 -14 22 23 -20 26 -26 -23 -24 -29 -28
right_child=1 10 3 6 -6 -7 7 -9 -10 -11 -12 -13 16 -15 15 -17 17 -19 21 -21 -22 24 27 -25 25 -27 29 28 -30 -31
leaf_value=-0.054964854845701655 -0.034255562481923602 -0.004332646818081722 0.01703132529048387 -0.029778090828795852 -0.19768251088431471 -0.033430931835706494 0.0023546673927620641 -0.02237655815176251 0.009365473992361005 -0.0032279082973935536 0.019876752740619778 -0.028946622591437033 -0.0027506017602934893 0.0035266255310713091 0.002817428896385062 -0.00020907688930531194 0.0018552286721860026 -0.0078475627935653807 -0.012138074082951629 -0.0050878422683000735 0.0014585865640756963 -0.0021317529567513233 -0.0011252377873730156 -0.002882564411376166 -0.0040679587878759485 6.1249409968889033e-05 0.0023662456636627392 0.0052478716930340862 -0.012114150159760171 0.013212890443148986
leaf_weight=2977 2677 2354 3902 2821 13009 9144 3746 6926 11197 5824 2221 3178 3983 2397 6189 8815 29896 2227 9837 3997 3795 13680 33135 19600 26566 112186 30837 16793 3719 2433
leaf_count=2977 2677 2354 3902 2821 13009 9144 3746 6926 11197 5824 2221 3178 3983 2397 6189 8815 29896 2227 9837 3997 3795 13680 33135 19600 26566 112186 30837 16793 3719 2433
internal_value=-0.000247967 -0.000127629 -0.000666465 -0.000114538 -0.00313729 -0.00165959 -0.000377072 -0.000176718 0.000229093 -0.000865234 -4.80483e-05 -0.000706087 -6.08704e-05 0.000498861 0.000263011 0.000531769 -9.62484e-05 0.000320791 -0.000144007 -0.000880782 -0.000296868 -0.000111699 -0.000352566 -0.000915137 -3.921e-06 -0.000135254 0.000384156 -4.37604e-05 0.000481044 0.000671874
internal_weight=400061 384075 49415 31770 15986 17645 27868 25047 18121 8501 334660 6924 332439 19755 17358 15004 312684 32123 280561 11775 7778 268786 83084 29437 185702 138752 46950 53647 20512 33270
internal_count=400061 384075 49415 31770 15986 17645 27868 25047 18121 8501 334660 6924 332439 19755 17358 15004 312684 32123 280561 11775 7778 268786 83084 29437 185702 138752 46950 53647 20512 33270
cat_boundaries=0 1
cat_threshold=37
is_linear=0
shrinkage=0.08


Tree=148
num_leaves=31
num_cat=3
split_feature=45 31 45 21 31 31 17 34 45 16 31 39 30 6 38 30 12 26 21 28 31 37 6 12 17 45 34 31 26 6
split_gain=19.356 2.59232 2.29142 3.40162 1.4543 1.10425 1.15908 1.03119 0.89062 0.971215 0.885255 1.6918 2.07163 3.46597 2.63201 1.87474 1.80491 1.4978 1.47873 1.58051 1.90582 1.40116 1.26241 1.19664 2.13499 1.18531 1.59738 1.53511 2.13565 1.88148
threshold=-11.052321434020994 30.355532646179203 0.56275889277458202 1.5850855112075808 24.268591880798343 81.438293457031264 3.7240839004516606 8.5230407714843768 -13.604599475860594 3.0835921764373784 58.183362960815437 1.8360447883605959 22.562500000000004 0 0.19388031959533694 4.5312500000000009 0.33330278098583227 7.0883288383483896 0.66708219051361095 1012.8121948242189 65.57367324829103 -0.23290634155273435 1 2.0278103351593022 2.4449543952941899 26.515492439270023 -3.9535522460937496 82.026008605957045 2.2653508186340336 2
decision_type=2 2 2 2 2 2 10 2 2 10 2 2 2 1 2 2 2 2 2 2 2 2 1 2 10 2 2 2 2 1
left_child=1 -1 3 -2 -5 6 -6 10 -3 -10 21 12 13 14 15 -12 -15 18 -18 20 -20 -4 -22 24 25 -14 -27 28 -28 -30
right_child=2 8 7 4 5 -7 -8 -9 9 -11 11 -13 23 16 -16 -17 17 -19 19 -21 22 -23 -24 -25 -26 26 27 -29 29 -31
leaf_value=-0.019246404357733404 -0.029400261344552592 -0.26873924336043364 -0.0076347513089996778 0.012525554115435969 -0.015826057321011968 0.011599679128923247 0.01145743336989995 0.016306572755176184 -0.11758847875157882 -0.023328342671123787 0.01775127787882249 -0.012546387142295896 -0.0023460615279646451 -0.0034773769423965544 0.0037652798769623893 0.00859903593961844 -0.0026117594116227471 0.0058902301723839211 -0.00077708071664825461 -0.0013019208091297205 0.01338830147375307 -0.00028762227715864067 0.0066468410848903705 -0.0093986176148141785 0.028575620359017697 -0.00084020953671454929 0.0051636152317603556 0.0014487780811582743 0.0010194464194000199 -0.00098344459457840516
leaf_weight=2787 10318 10040 21031 3234 14142 2948 2920 2005 2771 2087 2231 6263 52059 5161 6826 2481 8795 2022 3399 9102 3074 42007 4087 8411 2760 56543 4682 42362 22713 40493
leaf_count=2787 10318 10040 21031 3234 14142 2948 2920 2005 2771 2087 2231 6263 52059 5161 6826 2481 8795 2022 3399 9102 3074 42007 4087 8411 2760 56543 4682 42362 22713 40493
internal_value=-0.000208464 -0.00279514 -8.86632e-05 -0.000719887 -0.000183023 -0.000437563 -0.000684631 -2.78561e-05 -0.00321385 -0.00231553 -3.83488e-05 2.19552e-05 5.13534e-05 0.000534203 0.00173802 0.00319187 0.000143577 0.000377971 0.000228053 0.000613663 0.00127909 -0.000309479 0.00201869 -4.76985e-05 -1.21297e-05 -4.00627e-05 6.39547e-05 0.000241247 5.41894e-06 -0.000116807
internal_weight=399754 17685 382069 33562 23244 20010 17062 348507 14898 4858 346502 283464 277201 47178 11538 4712 35640 30479 28457 19662 10560 63038 7161 230023 221612 218852 166793 110250 67888 63206
internal_count=399754 17685 382069 33562 23244 20010 17062 348507 14898 4858 346502 283464 277201 47178 11538 4712 35640 30479 28457 19662 10560 63038 7161 230023 221612 218852 166793 110250 67888 63206
cat_boundaries=0 1 2 3
cat_threshold=6 8 9
is_linear=0
shrinkage=0.08


Tree=149
num_leaves=31
num_cat=9
split_feature=45 5 21 45 31 26 33 29 35 29 5 8 14 5 13 16 31 5 24 5 34 5 27 33 5 27 5 27 24 33
split_gain=19.4406 2.4065 2.37204 2.35597 2.0658 1.5987 2.15375 2.43671 1.77998 1.71747 1.72229 1.46611 1.19173 0.915375 1.10013 1.08383 0.908946 5.18244 1.67185 1.42999 1.12249 1.093 1.13873 1.06324 3.31325 1.87249 1.54735 1.15928 1.04368 1.0741
threshold=-11.669060230255125 0 3.0268659591674809 -3.3140602111816402 34.508890151977546 4.6702871322631845 24.682559967041019 0.57099533081054699 0.042438507080078132 0.2160453796386719 1 2 4.4840557575225839 3 0.32866165041923529 0.57830974459648143 86.851333618164077 4 30.023468017578129 5 -4.4276428222656241 6 1019.6436462402345 22.762175559997562 7 1014.5317687988282 8 1012.8108825683595 9.8598937988281268 16.977215766906742
decision_type=2 9 2 2 2 2 2 2 2 2 9 1 2 9 2 10 2 9 2 9 2 9 2 2 9 2 9 2 2 2
left_child=4 3 12 11 -1 6 9 8 -8 -5 -11 -2 16 14 -7 -16 21 20 19 -19 -18 22 28 26 27 -26 -23 -25 -3 -30
right_child=1 2 -4 5 -6 13 7 -9 -10 10 -12 -13 -14 -15 15 -17 17 18 -20 -21 -22 23 -24 24 25 -27 -28 -29 29 -31
leaf_value=-0.045832797959531296 -0.017961461126382791 0.021709286408884795 0.044319811361909565 -0.013256024182585886 -0.16770223836233025 -0.0042656458747339547 0.0021594281309063905 -0.010397720473416168 0.024652337122748801 0.0053660141574615808 -0.0049590979081200739 -0.048006167180898437 -0.022416493536305666 -0.022894752502782462 0.0019550332633252337 -0.0039467882752407439 0.0038806106483473962 -0.0083853704637655967 -0.015979204602244026 0.00097905333982897433 0.0095078842668256894 -0.0027757608696627424 -0.027670559524705544 -0.0023850565411319075 0.001804276085520698 0.026534035741959602 -0.00024250485716983391 0.0036814643889096933 0.0029023916277641478 -5.638012557355428e-05
leaf_weight=3334 8823 2069 2690 6364 12632 3125 2124 2205 3687 6423 11103 4340 2737 2816 2648 7368 4704 2738 2591 24150 3604 50289 2461 17526 22513 2440 107439 3801 23149 48141
leaf_count=3334 8823 2069 2690 6364 12632 3125 2124 2205 3687 6423 11103 4340 2737 2816 2648 7368 4704 2738 2591 24150 3604 50289 2461 17526 22513 2440 107439 3801 23149 48141
internal_value=-0.000206518 -9.27738e-05 -5.72122e-06 -0.00055342 -0.00294091 -0.000292692 3.43392e-05 0.0011682 0.00202645 -0.000346444 6.2499e-05 -0.00150095 -2.5622e-05 -0.000946202 -0.000662869 -0.000253741 -1.12721e-05 0.000356959 -0.000140887 4.63965e-05 0.00211912 -6.10077e-05 0.000198311 -0.000157391 0.000179735 0.000805189 -0.000256325 -0.00055221 0.000255202 0.000203646
internal_weight=400034 384068 323042 61026 15966 47863 31906 8016 5811 23890 17526 13163 320352 15957 13141 10016 317615 37787 29479 26888 8308 279828 75820 204008 46280 24953 157728 21327 73359 71290
internal_count=400034 384068 323042 61026 15966 47863 31906 8016 5811 23890 17526 13163 320352 15957 13141 10016 317615 37787 29479 26888 8308 279828 75820 204008 46280 24953 157728 21327 73359 71290
cat_boundaries=0 32 61 62 94 123 155 187 219 251
cat_threshold=0 0 0 1024 0 0 0 0 0 0 0 0 65536 0 0 5242880 0 0 33554432 0 0 0 14 0 0 120 0 0 1760 0 0 3584 0 0 0 1024 0 0 0 0 0 0 0 0 65536 0 0 5242880 0 0 33554432 0 0 0 0 0 0 24 0 0 512 2 0 0 0 1024 0 0 0 0 0 0 0 0 65536 0 0 1048576 0 0 33554432 0 0 0 8 0 0 0 0 0 1536 0 0 2048 64 0 0 560 0 0 107264 0 0 790528 0 0 12713984 0 0 33554432 0 0 402653184 0 0 0 1 0 0 772 0 0 8448 3 0 0 8192 0 0 131072 0 0 49152 0 0 262144 0 0 0 0 0 83886080 0 0 1879048192 0 0 0 0 0 0 4112 0 0 8192 512 0 0 8336 0 0 131072 0 0 57344 0 0 51642368 0 0 469762048 0 0 1157627904 2 0 1610612736 0 0 0 0 0 0 12288 0 0 90112 463 0 0 6752 0 0 50176 0 0 2752512 0 0 8388608 0 0 18874368 0 0 536870912 0 0 2147483648 17 0 0 128 0 0 272 0 0 4352 0 0 0 0 0 0 41728 0 0 69632 0 0 4849664 0 0 0 0 0 402653184 0 0 268435456 33 0 0 775 0 0 2304 0 0 36864
is_linear=0
shrinkage=0.08


Tree=150
num_leaves=31
num_cat=10
split_feature=45 45 20 5 5 20 10 34 37 32 33 33 29 28 6 29 5 5 10 33 28 28 5 6 6 5 41 25 5 23
split_gain=17.5475 3.60832 3.76624 2.92065 1.6447 1.4248 1.1268 1.09614 1.02719 1.01125 0.981331 1.30057 2.61065 2.21257 2.41733 1.19002 2.24821 1.27034 1.49414 0.92374 0.860676 0.834724 3.8786 4.50609 1.93855 5.8665 4.14078 2.12024 1.82777 1.81241
threshold=-9.3026924133300763 -15.078511238098143 2.5058693885803227 0 1 3.1325850486755376 0.46843391656875616 -1.2083129882812498 2.3840446472167973 640.61901855468761 13.627968311309816 23.643839836120609 0.049892425537109382 1007.0772094726564 2 0.49713516235351568 3 4 1.7115024328231814 17.180735588073734 1010.3165588378907 1012.7153320312501 5 6 7 8 27.827211380004886 6.1381902694702157 9 21.609470367431644
decision_type=2 2 2 9 9 2 2 2 2 2 2 2 2 2 1 2 9 9 2 2 2 2 9 1 1 9 2 2 9 2
left_child=1 -1 7 -4 6 8 9 -3 21 -2 -8 15 -13 -14 -15 17 -17 18 20 -18 -12 24 23 -23 25 26 -6 28 -27 -25
right_child=4 2 3 -5 5 -7 10 -9 -10 -11 11 12 13 14 -16 16 19 -19 -20 -21 -22 22 -24 29 -26 27 -28 -29 -30 -31
leaf_value=-0.32609683570293074 0.0063105737739351936 -0.031845483067686489 -0.051021107252830537 0.042449437448629668 0.004019390917018059 0.048635289641605496 0.0045625581937411451 -0.087429024306450526 0.011091092646531617 -0.0014324010877986432 -0.005426182025013093 0.015163005751736708 -0.022463582916302651 0.015597701395153457 -0.015809782845026057 0.0049832138235489289 0.00081050275887930385 -0.014518447190218744 -0.016409323413799935 -0.018736615429147091 0.0076127854795098992 0.013398574420863932 -0.007378466583443136 0.0045538584315378151 0.00036489444836173413 -0.014603992186160613 -0.0091305866973292217 0.0018142385198918773 -0.0049829958280617542 -0.0064591124311986978
leaf_weight=7920 2294 3687 2001 2574 12081 2034 3693 6270 3981 2261 2280 2787 4618 3440 4048 5108 2042 6812 5280 5629 2610 3833 31576 8032 237740 7064 2241 2279 9707 4129
leaf_count=7920 2294 3687 2001 2574 12081 2034 3693 6270 3981 2261 2280 2787 4618 3440 4048 5108 2042 6812 5280 5629 2610 3833 31576 8032 237740 7064 2241 2279 9707 4129
internal_value=-0.000176884 -0.00234921 -0.00159868 0.000300981 -4.76587e-05 1.97455e-05 -0.000461208 -0.00247096 6.40801e-06 0.000740415 -0.000574644 -0.00067831 -6.79067e-05 -0.000576429 0.000273139 -0.000983643 -0.000400032 -0.00142232 -0.000851816 -0.00126434 0.000155101 -9.56505e-06 -0.000318622 0.00069589 4.46727e-05 -0.000526115 0.000696694 -0.0014452 -0.00175699 -5.94378e-05
internal_weight=400051 22452 14532 4575 377599 324697 52902 9957 322663 4555 48347 44654 14893 12106 7488 29761 12779 16982 10170 7671 4890 318682 47570 15994 271112 33372 14322 19050 16771 12161
internal_count=400051 22452 14532 4575 377599 324697 52902 9957 322663 4555 48347 44654 14893 12106 7488 29761 12779 16982 10170 7671 4890 318682 47570 15994 271112 33372 14322 19050 16771 12161
cat_boundaries=0 32 64 65 97 126 158 159 160 186 215
cat_threshold=0 0 0 0 0 0 0 0 0 0 0 0 0 0 0 0 0 0 0 0 0 0 0 0 0 520 0 0 992 0 0 59904 0 0 0 4096 0 0 0 0 0 524288 0 0 0 0 0 0 0 0 301989888 0 0 1610612736 2 0 0 120 0 0 3776 0 0 17920 4 0 0 0 4096 0 0 0 0 0 0 0 0 0 0 0 0 0 0 33554432 0 0 536870912 0 0 0 56 0 0 64 0 0 1536 0 0 0 0 0 0 0 0 0 0 0 0 0 0 0 0 0 0 301989888 0 0 1610612736 2 0 0 64 0 0 512 0 0 0 10496 0 0 246784 0 0 3166208 0 0 59572224 0 0 271581184 0 0 218103808 2 0 268435456 4 0 0 514 0 0 256 0 0 4352 1 1 1015 0 0 8432 0 0 6144 0 0 229376 0 0 7340032 0 0 226492416 0 0 671088640 0 0 2147483648 1 0 0 256 0 0 0 3584 0 0 115712 0 0 1077248 0 0 65536 0 0 3145728 0 0 16777216 0 0 268435456 28 0 0 129 0 0 48
is_linear=0
shrinkage=0.08


Tree=151
num_leaves=31
num_cat=8
split_feature=24 19 24 5 23 31 17 14 5 40 38 27 5 5 19 38 27 5 14 5 26 14 5 27 14 16 34 31 5 21
split_gain=15.587 2.54241 3.98244 2.33646 2.17509 1.89367 1.68721 1.34227 2.31955 1.99242 1.27517 0.900828 1.53194 1.09643 0.84976 2.46539 1.28058 1.39624 0.965704 0.858799 1.07345 1.41 1.50116 1.06436 1.04927 0.853234 0.850106 0.837041 1.6379 0.855867
threshold=-6.5777130126953116 2.2148618698120122 -11.585052490234373 0 -3.2950553894042964 39.357360839843757 1.9611207842826845 3.2705868482589726 1 3.8666477203369145 0.67759895324707042 1007.6656188964845 2 3 2.6640291213989262 0.82509422302246105 1020.7056884765626 4 4.2318987846374521 5 7.9123651981353769 0.56839174032211315 6 997.52478027343761 0.35038356482982641 0.6622510850429536 -10.886108398437498 39.357360839843757 7 1.8117156624794009
decision_type=2 2 2 9 2 2 10 2 9 2 2 2 9 9 2 2 2 9 2 9 2 2 9 2 2 10 2 2 9 2
left_child=1 -1 -3 4 5 6 -2 10 -9 -10 11 12 -6 -13 16 -16 18 -18 19 20 24 -22 25 -21 -5 -23 -26 28 -28 -29
right_child=3 2 -4 14 7 -7 -8 8 9 -11 -12 13 -14 -15 15 -17 17 -19 -20 23 21 22 -24 -25 26 -27 27 29 -30 -31
leaf_value=-0.15113312230106796 -0.037818093192857782 -0.19306457191681584 0.0065968146847562937 0.0035874639950168319 0.0022419634854495972 -0.043962149615177505 0.006983663676602663 0.031443705591386685 0.014207678479980746 -0.027213403715826798 -0.0069218039811811335 0.0060629144001210283 -0.015687274766448586 -0.00097617996505590127 0.052934361832069857 -0.011188355070944447 0.0027654692650882513 -0.030300267240504827 -0.017359778168206458 0.02051227308579007 -0.0029274555307980499 0.001359842942407929 0.0045486597861133229 -0.00026878997632794554 -0.0100015428678457 -0.0058765503063915271 0.023546962700204527 0.00099485949411230908 -0.00037366177269004017 -0.010423191391799218
leaf_weight=8985 2030 3243 3638 2118 2473 7458 3459 2633 2711 2465 21319 5641 3031 17668 2283 2116 3238 4351 2759 2312 6736 2041 2529 193145 2855 2046 2295 75878 2508 3702
leaf_count=8985 2030 3243 3638 2118 2473 7458 3459 2633 2711 2465 21319 5641 3031 17668 2283 2116 3238 4351 2759 2312 6736 2041 2529 193145 2855 2046 2295 75878 2508 3702
internal_value=-0.000190615 -0.00264702 -0.00148658 -8.90033e-05 -0.000503639 -0.00144077 -0.000312058 -0.000294111 0.000680905 -0.000304851 -0.000446094 -9.89497e-05 -0.0010185 0.000118529 4.95859e-06 0.00110773 -1.08008e-05 -0.00103645 1.50987e-05 2.89082e-05 0.000216182 -0.000452628 0.000376697 -6.9513e-05 0.000316182 -0.000571708 0.000273335 0.000319315 0.00134386 0.000257318
internal_weight=399666 15866 6881 383800 70888 12947 5489 57941 7809 5176 50132 28813 5504 23309 312912 4399 308513 7589 300924 298165 102708 13352 6616 195457 89356 4087 87238 84383 4803 79580
internal_count=399666 15866 6881 383800 70888 12947 5489 57941 7809 5176 50132 28813 5504 23309 312912 4399 308513 7589 300924 298165 102708 13352 6616 195457 89356 4087 87238 84383 4803 79580
cat_boundaries=0 32 61 87 119 151 183 215 247
cat_threshold=0 0 0 10240 0 0 0 0 0 0 0 0 16777216 0 0 0 0 0 0 3 0 1073741824 6 0 0 123 0 0 2016 0 0 3840 0 0 0 0 0 0 0 0 0 0 0 0 0 0 0 0 0 0 0 0 0 1073741824 6 0 0 48 0 0 288 0 0 0 10240 0 0 0 0 0 0 0 0 0 0 0 0 0 0 0 3 0 0 2 0 0 1 0 0 0 0 0 0 0 0 0 0 0 0 16777216 0 0 0 0 0 0 0 0 1073741824 4 0 0 16 0 0 640 0 0 1024 0 0 0 0 0 0 0 0 0 0 0 0 0 0 0 0 0 0 1073741824 0 0 805306368 17 0 0 772 0 0 16 0 0 4096 19 0 0 528 0 0 1280 0 0 1982464 0 0 35323904 0 0 142606336 0 0 3288334336 0 0 0 56 0 0 128 0 0 6144 0 0 122880 3 0 0 0 0 0 0 0 0 393216 0 0 33751040 0 0 134217728 0 0 0 0 0 0 0 0 0 128 0 0 4096 0 0 65536 0 0 0 0 0 0 0 0 0 0 0 0 131072 0 0 0 0 0 67108864 0 0 0 8 0 0 128 0 0 6144 0 0 114688
is_linear=0
shrinkage=0.08


Tree=152
num_leaves=31
num_cat=12
split_feature=45 45 5 5 32 12 21 31 3 7 37 5 28 30 31 30 43 5 5 6 5 6 5 31 5 32 5 5 24 37
split_gain=15.8488 2.67121 2.60241 1.83948 1.47982 1.25272 1.23497 1.17774 1.24319 1.13842 1.28055 0.965905 1.18582 1.27966 0.973329 2.56562 1.82331 1.58251 1.18848 1.22498 1.18826 0.970481 2.99659 2.26465 1.51945 1.42914 3.14578 3.12922 1.75588 1.48056
threshold=-12.923419952392576 -8.2108817100524885 0 1 1665.0174560546877 1.9993481040000918 2.4855581521987919 19.899738311767582 4789.2966308593759 1.5000000000000002 0.65967178344726574 2 1001.944061279297 195.31250000000003 65.57367324829103 22.562500000000004 26.028437614440922 3 4 5 6 7 8 77.411575317382827 9 680.67086791992199 10 11 37.089904785156257 0.18548965454101565
decision_type=2 2 9 9 2 2 2 2 2 2 2 9 2 2 2 2 2 9 9 1 9 1 9 2 9 2 9 9 2 2
left_child=3 2 5 6 7 -2 -1 -3 11 -10 -11 12 13 -9 18 16 17 -16 19 -14 -17 22 23 24 -13 27 29 -24 -28 -27
right_child=1 4 -4 -5 -6 -7 -8 8 9 10 -12 21 14 -15 15 20 -18 -19 -20 -21 -22 -23 25 -25 -26 26 28 -29 -30 -31
leaf_value=-0.14543453600005507 -0.03181996195233576 0.013771098230082884 -0.049888390351340732 -0.20055445006817457 -0.022328700365622071 0.015603351485035314 -0.011145938263877671 0.01590296807438505 -0.017690078963391628 0.0022455876819054694 -0.019746557277653905 0.026253210771400512 -0.016475145914710766 7.3490739977970476e-05 0.0023245688727162386 -0.010420962101422165 -0.0034757854663289458 0.014957782897620625 -0.01133338778032671 -4.9881673877274509e-06 -0.00081486941524060803 -0.00016577098800759201 -0.0048759031417974366 0.0095460906591951188 -0.00014753451324703962 0.007624221573032444 -0.0028055668220844615 0.0012061620418929201 0.010135772744688481 0.0019915598768948761
leaf_weight=2000 2234 2445 7265 8761 3112 3375 2011 2590 5482 7808 3206 2300 3110 9291 3196 5468 2472 3612 11769 13896 34213 197235 12961 3018 4557 4251 9573 22373 2941 3834
leaf_count=2000 2234 2445 7265 8761 3112 3375 2011 2590 5482 7808 3206 2300 3110 9291 3196 5468 2472 3612 11769 13896 34213 197235 12961 3018 4557 4251 9573 22373 2941 3834
internal_value=-0.000205002 -0.000113593 -0.0012462 -0.00297669 -7.46481e-05 5.04521e-05 -0.00153907 -6.00745e-05 -7.16869e-05 -0.000750274 -0.000280843 -3.9925e-05 -0.000266721 0.000477335 -0.000380522 -0.000163445 0.00103337 0.00170842 -0.000749697 -0.000320922 -0.000443527 3.73589e-05 0.000303335 0.00158666 0.000782291 7.62774e-05 0.000605754 -0.000232459 -0.000189565 0.00183344
internal_weight=400359 387587 12874 12772 374713 5609 4011 371601 369156 16496 11014 352660 89617 11881 77736 48961 9280 6808 28775 17006 39681 263043 65808 9875 6857 55933 20599 35334 12514 8085
internal_count=400359 387587 12874 12772 374713 5609 4011 371601 369156 16496 11014 352660 89617 11881 77736 48961 9280 6808 28775 17006 39681 263043 65808 9875 6857 55933 20599 35334 12514 8085
cat_boundaries=0 32 61 93 125 157 158 190 191 223 255 281 310
cat_threshold=0 0 0 0 0 0 0 0 0 0 0 0 0 0 0 0 0 0 0 0 0 0 16 0 0 772 0 0 13904 0 0 58368 0 0 0 0 0 0 0 0 0 0 0 0 0 0 0 0 0 0 0 0 0 0 16 0 0 640 0 0 15376 520 0 0 4224 0 0 32768 0 0 2785280 0 0 65536 0 0 34603008 0 0 50331648 0 0 2684354560 4 0 0 269 0 0 1776 0 0 28160 8 0 0 0 0 0 32768 0 0 2129920 0 0 0 0 0 33554432 0 0 0 0 0 536870912 4 0 0 13 0 0 672 0 0 16384 8 0 0 128 0 0 0 0 0 163840 0 0 0 0 0 1048576 0 0 50331648 0 0 0 0 0 0 257 0 0 720 0 0 16384 1 0 0 0 0 0 0 0 0 0 32768 0 0 0 0 0 1048576 0 0 50331648 0 0 2684354560 0 0 0 1 0 0 128 0 0 17408 2 0 0 0 8208 0 0 512 0 0 4096 0 0 0 0 0 536870912 0 0 3221225472 1 0 0 1 0 0 16 0 0 8448 0 0 4096 0 0 0 0 0 0 0 0 0 0 0 0 0 0 0 536870912 0 0 2147483648 0 0 0 0 0 0 16 0 0 8448 0 0 4096 240 0 0 864 0 0 92416 0 0 335872 0 0 33554432 0 0 134217728 0 0 939524096 2 0 268435456 8 0 0 2 192 0 0 32 0 0 92416 0 0 1392640 0 0 4456448 0 0 12582912 0 0 469762048 0 0 1342177280 40 0 0 194 0 0 2048
is_linear=0
shrinkage=0.08


Tree=153
num_leaves=31
num_cat=2
split_feature=45 45 19 38 10 6 31 29 6 7 45 18 33 10 36 36 33 31 29 28 38 33 1 18 29 18 28 12 28 24
split_gain=14.8112 3.21894 3.48182 1.51509 1.2713 5.61285 1.38758 2.30722 1.8367 1.56426 1.51288 1.77357 2.688 4.42414 2.34782 1.68892 1.78869 1.95337 1.71842 1.65072 1.56756 1.81899 3.18092 1.512 2.51061 1.77587 1.51633 1.75306 1.48234 1.40015
threshold=-14.292426109313963 -8.2108817100524885 2.1184194087982182 -0.37833118438720698 4.2934651374816903 0 85.267482757568374 0.97437667846679699 1 2.5000000000000004 25.113566398620609 2.439227938652039 17.231040000915531 0.96973541378974926 6.5245628356933603 25.364398956298832 18.702527999877933 70.102165222167983 0.12016677856445314 1012.2584228515626 2.887473583221436 25.551936149597172 86.750000000000014 0.46149234473705297 0.99972152709960949 0.59479686617851268 1008.2940673828126 0.61380216479301464 1005.8471679687501 21.533691406250004
decision_type=2 2 2 2 2 1 2 2 1 2 2 2 2 2 2 2 2 2 2 2 2 2 2 2 2 2 2 2 2 2
left_child=-1 2 3 -2 6 -6 10 8 -8 29 11 20 -13 -14 -15 16 17 18 -12 -16 21 -3 -23 -17 25 26 -25 -28 -19 -9
right_child=1 4 -4 -5 5 -7 7 9 -10 -11 15 12 13 14 19 23 -18 28 -20 -21 -22 22 -24 24 -26 -27 27 -29 -30 -31
leaf_value=-0.22892925908501144 -0.073444158473516791 -0.0053467465826225373 0.0047911472506465573 -0.011627135008358953 0.024563097271224826 -0.01523892232022152 0.0045015375428234458 0.0077155557750718771 -0.00052649787797391884 0.0016769287575296519 -0.0014713675982940921 -0.0089569014349834015 0.021964020722573287 -0.0039734270558899601 0.0029701784741210297 -0.0026175143209263229 -0.00016536933893439139 -0.0022214099724320959 0.01076757509387428 0.027460722467289318 -0.026671016144172395 -0.0074157751653261229 0.018477023723991525 -0.00061183684215834148 0.0067948986415509519 -0.0028411671693446862 0.0033433004288072944 -0.0019412039718567241 0.0019154423168490156 -0.0033725331765216537
leaf_weight=9448 6671 63153 5958 3485 3560 3150 21869 2134 11219 10183 2227 11300 2108 9608 3046 17677 100335 8914 5492 2312 5156 5357 3925 7951 2252 27471 4303 2230 20227 17556
leaf_count=9448 6671 63153 5958 3485 3560 3150 21869 2134 11219 10183 2227 11300 2108 9608 3046 17677 100335 8914 5492 2312 5156 5357 3925 7951 2252 27471 4303 2230 20227 17556
internal_value=-0.000207822 -0.000132117 -0.0012389 -0.0021389 -8.44896e-05 0.00100595 -0.000104399 0.000237505 0.000697564 -0.000272129 -0.000174973 -0.000419156 0.00012204 0.000755326 0.000270832 -4.49859e-05 0.000111511 0.000588011 0.00171872 0.00161103 -0.000617055 -0.000520948 0.000524321 -0.000391897 -0.000141756 -0.000281664 0.000434938 0.001337 0.000288017 -0.000688326
internal_weight=400277 390829 16114 10156 374715 6710 368005 62961 33088 29873 305044 105965 28374 17074 14966 199079 137195 36860 7719 5358 77591 72435 9282 61884 44207 41955 14484 6533 29141 19690
internal_count=400277 390829 16114 10156 374715 6710 368005 62961 33088 29873 305044 105965 28374 17074 14966 199079 137195 36860 7719 5358 77591 72435 9282 61884 44207 41955 14484 6533 29141 19690
cat_boundaries=0 1 2
cat_threshold=10 6
is_linear=0
shrinkage=0.08


Tree=154
num_leaves=31
num_cat=11
split_feature=45 45 5 25 13 10 32 5 10 5 12 5 10 28 5 6 5 32 5 11 38 12 24 5 24 5 38 5 38 27
split_gain=14.8395 2.50633 2.74876 2.47103 3.34565 1.7321 1.38647 1.13085 1.7288 4.48242 1.37948 1.08054 0.905029 0.853466 3.069 1.67124 1.36311 1.1537 1.06868 0.926029 0.9211 0.828204 0.820358 3.02882 1.95783 3.44826 1.8192 3.74996 1.799 1.71743
threshold=-13.604599475860594 -8.2108817100524885 0 3.728741049766541 2.4148181676864628 1.8034259080886843 1665.0174560546877 1 4.1360049247741708 2 2.3995592594146733 3 1.7287661433219912 1014.9271850585939 4 5 6 267.46296691894537 7 0.96724757552146923 -4.1408882141113272 1.3370901346206667 26.522918701171879 8 27.220718383789066 9 -0.45668196678161616 10 1.3789911270141604 1014.234832763672
decision_type=2 2 9 2 2 2 2 9 2 9 2 9 2 2 9 1 9 2 9 2 2 2 2 9 2 9 2 9 2 2
left_child=5 2 3 4 -2 -1 7 10 13 -10 -3 -12 -4 20 19 16 17 -16 -17 -15 -9 -20 23 -22 25 -24 27 -26 -25 -28
right_child=1 6 12 -5 -6 -7 -8 8 9 -11 11 -13 -14 14 15 18 -18 -19 21 -21 22 -23 24 28 26 -27 29 -29 -30 -31
leaf_value=-0.067362225944125068 -0.063425968525677126 -0.00074557433726901972 -0.020179831796399844 0.034847318924331717 0.024597933283137856 -0.21051242979303569 -0.019788751093474638 -0.017207175366269693 -0.0064473523291723716 0.029663605102367124 -0.0046496084896484055 -0.027097598515107579 -0.066798085540355601 -0.0010605101081336097 0.002248052989633494 -0.011695209415023626 -0.034116063206272272 -0.022899030111842539 0.013298369920974011 0.015822464424259674 -0.0017384047393232977 -0.0042240279195211797 0.0051563010307683075 0.0059452039135319979 0.0017740186349666565 -0.0041231188154973262 0.00047919691696292349 -0.0049903837973346446 -0.0043357380947316101 0.0071768579870222452
leaf_weight=2008 3311 85654 2000 2212 2048 9084 3112 2307 2605 2280 4764 3663 4930 2701 2020 2037 3833 2387 2158 3630 25009 2416 3322 20286 16000 14796 140865 22096 4254 2262
leaf_count=2008 3311 85654 2000 2212 2048 9084 3112 2307 2605 2280 4764 3663 4930 2701 2020 2037 3833 2387 2158 3630 25009 2416 3322 20286 16000 14796 140865 22096 4254 2262
internal_value=-0.000175675 -9.33557e-05 -0.00112494 -6.90301e-05 -0.00099758 -0.00305963 -5.33782e-05 -3.92626e-05 4.20642e-05 0.00153217 -0.000278893 -0.00125495 -0.00227338 1.5286e-05 -0.000472255 -0.0011004 -0.00185957 -0.000891801 -0.000151411 0.00100079 5.64147e-05 0.000527644 7.11923e-05 0.000362476 -1.22493e-06 -0.000793911 7.80643e-05 -0.000413164 0.000993484 0.000208834
internal_weight=400050 388958 14501 7571 5359 11092 374457 371345 277264 4885 94081 8427 6930 272379 21182 14851 8240 4407 6611 6331 251197 4574 248890 49549 199341 18118 181223 38096 24540 143127
internal_count=400050 388958 14501 7571 5359 11092 374457 371345 277264 4885 94081 8427 6930 272379 21182 14851 8240 4407 6611 6331 251197 4574 248890 49549 199341 18118 181223 38096 24540 143127
cat_boundaries=0 32 64 96 128 160 161 193 225 257 289 318
cat_threshold=0 0 0 0 0 0 0 0 0 0 0 0 0 0 0 0 0 0 0 0 0 0 16 0 0 900 0 0 7792 0 0 57344 64 0 0 3200 0 0 18432 0 0 532480 0 0 65536 0 0 16777216 0 0 184549376 2 0 2415919104 0 0 0 313 0 0 7872 0 0 77312 0 0 0 0 0 0 0 0 0 0 0 0 0 0 0 183500800 0 0 1946157056 0 0 0 51 0 0 514 0 0 48 0 0 4352 0 0 0 0 0 0 0 0 0 0 0 0 0 0 0 0 0 0 50331648 0 0 268435456 0 0 0 281 0 0 192 0 0 10752 0 0 0 0 0 0 0 0 0 262144 0 0 50331648 0 0 806354944 0 0 1342177280 0 0 536870912 2 0 0 194 0 0 16 0 0 4352 8 0 0 0 0 0 0 0 0 0 65536 0 0 0 0 0 140509184 0 0 603979776 0 0 1073741824 61 0 0 512 0 0 0 0 0 32768 0 0 0 0 0 0 0 0 0 196608 0 0 14680064 0 0 205520896 0 0 67108864 0 0 1073741824 16 0 0 512 0 0 8192 0 0 32768 792 0 0 64 0 0 106496 0 0 2150400 0 0 36306944 0 0 1048576 0 0 3758096384 1 0 1610612736 14 0 0 192 0 0 272 0 0 4096 547 0 0 16 0 0 0 0 0 2097152 0 0 18087936 0 0 102760448 0 0 1073741824 1 0 1610612736 1 0 0 2 0 0 8192 0 0 256 924 0 0 12320 0 0 256 0 0 507904 0 0 54132736 0 0 0 0 0 536870912 0 0 1610612736 33 0 0 4 0 0 16
is_linear=0
shrinkage=0.08


Tree=155
num_leaves=31
num_cat=7
split_feature=45 5 45 35 5 15 31 40 14 34 20 38 14 31 21 43 7 5 12 34 12 40 5 36 45 3 14 5 9 5
split_gain=14.3433 1.94926 1.95447 1.7362 1.77896 1.71264 1.57662 1.468 2.45872 1.39558 1.27615 1.76361 1.19482 1.09609 0.994292 1.5121 1.23129 1.19975 1.16876 0.945963 1.11823 1.23738 1.06804 1.1578 0.986574 0.797747 1.54244 1.86626 1.54093 4.65272
threshold=-13.604599475860594 0 -7.0711865425109854 0.0061988830566406259 1 1.7095618247985842 40.010990142822273 3.9830778837203984 2.0309960842132573 -1.3785095214843748 3.2598662376403813 -5.3061232566833487 2.8782670497894292 48.217626571655281 1.3137056827545168 5.3063101768493661 1.5000000000000002 2 1.9463987350463869 -2.0714416503906246 0.33780898153781896 1.1434774398803713 3 27.1754264831543 27.568328857421879 355.30209350585943 1.3431411981582644 4 5 6
decision_type=2 9 2 2 9 10 2 2 2 2 2 2 2 2 2 2 2 9 2 2 2 2 9 2 2 2 2 9 1 9
left_child=6 2 12 4 -4 7 -1 8 9 -6 11 -3 -2 -14 15 -5 -16 18 -18 22 -21 24 23 -17 -22 -13 27 -27 29 -28
right_child=1 10 3 14 5 -7 -8 -9 -10 -11 -12 25 13 -15 16 19 17 -19 -20 20 21 -23 -24 -25 -26 26 28 -29 -30 -31
leaf_value=-0.097560153878701122 -0.053578670053236709 -0.023399323624213948 -0.011764645062651197 -0.020016357654851352 -0.004451499939177244 -0.015180537151248751 -0.18292276082481329 0.011510455219556626 -0.017857319392156699 0.01046687968920423 0.042803397993649864 0.00025656216527866917 0.0086265689977725046 -0.036833232208076876 -0.017870750460643719 0.0052005892260619793 0.0046078977095575027 0.0091926355225910288 -0.017334962547774793 -0.0041105545540448376 0.0072013539615255187 -0.0023946128079473604 -0.0039516826807649875 -0.0016815235995174401 0.000506268709118373 -0.0095481264715266776 0.023959981049970498 -0.00044442563863005186 -0.00088460939120958454 -0.0015920253262068252
leaf_weight=2738 4313 2946 3995 3317 2372 7398 8349 2226 3968 3425 2330 201483 2051 2433 2108 3114 5382 10894 2749 2016 2800 2168 9916 4900 2194 11621 2718 16025 61933 5577
leaf_count=2738 4313 2946 3995 3317 2372 7398 8349 2226 3968 3425 2330 201483 2051 2433 2108 3114 5382 10894 2749 2016 2800 2168 9916 4900 2194 11621 2718 16025 61933 5577
internal_value=-0.00017282 -9.17869e-05 -0.000433578 -0.0003011 -0.000872703 -0.000554177 -0.00300874 3.63294e-05 -0.000386702 0.000663336 2.1917e-06 -1.22135e-05 -0.00156103 -0.000644416 -4.17323e-05 -0.000334484 0.000379699 0.000583135 -0.00015262 -0.000136884 0.00052329 0.000991633 -0.000474917 0.000212098 0.00168345 6.98712e-06 -0.000180378 -0.000686434 1.89062e-05 0.00104149
internal_weight=399459 388372 83739 74942 23384 19389 11087 11991 9765 5797 304633 302303 8797 4484 51558 30425 21133 19025 8131 27108 9178 7162 17930 8014 4994 299357 97874 27646 70228 8295
internal_count=399459 388372 83739 74942 23384 19389 11087 11991 9765 5797 304633 302303 8797 4484 51558 30425 21133 19025 8131 27108 9178 7162 17930 8014 4994 299357 97874 27646 70228 8295
cat_boundaries=0 32 64 96 128 157 158 187
cat_threshold=9 0 0 0 0 0 16384 0 0 524288 0 0 0 0 0 610271232 0 0 16777216 0 0 805306368 6 0 0 633 0 0 1408 0 0 52736 1 0 0 0 0 0 16384 0 0 524288 0 0 0 0 0 0 0 0 0 0 0 0 4 0 0 56 0 0 128 0 0 16384 0 0 0 0 0 0 0 0 0 0 0 0 0 0 0 71303168 0 0 0 0 0 0 0 0 0 584 0 0 1024 0 0 50176 0 0 0 0 0 0 16384 0 0 524288 0 0 0 0 0 67108864 0 0 0 0 0 805306368 2 0 0 585 0 0 0 0 0 3072 16 0 0 64 0 0 2048 0 0 2293760 0 0 52822016 0 0 0 0 0 671088640 3 0 3221225472 24 0 0 384 0 0 32 4 0 0 0 0 0 0 1024 0 0 81920 0 0 0 0 0 0 0 0 1073741824 1 0 0 56 0 0 4 0 0 592
is_linear=0
shrinkage=0.08


Tree=156
num_leaves=31
num_cat=1
split_feature=45 45 19 31 38 9 1 31 31 18 15 44 33 29 15 19 18 28 1 36 33 28 44 3 18 32 37 38 15 38
split_gain=13.8895 2.65367 3.33824 2.58522 2.14619 1.40368 1.35638 1.18932 1.14613 0.89572 0.79543 0.752642 0.782388 1.44647 1.5201 2.35032 1.74419 0.941706 2.68094 1.46673 1.9723 1.28277 0.927944 1.38421 0.910688 1.15803 0.870191 0.859165 1.25136 0.840064
threshold=-14.292426109313963 -1.7242704033851621 1.8490945696830752 24.268591880798343 -0.64176177978515614 0 89.750000000000014 40.010990142822273 53.76359939575196 2.2954916954040532 1.7661774158477785 -1.1170655488967893 12.55468797683716 0.97437667846679699 0.80047613382339489 1.0036201477050783 1.8930761218070986 1001.1759338378907 74.750000000000014 8.9249610900878924 22.569024085998539 997.55313110351574 20.907462120056156 571.19168090820324 0.38591067492961889 903.40603637695324 -0.74355506896972645 4.7153143882751474 3.1289134025573735 -0.60900115966796864
decision_type=2 2 2 2 2 1 2 2 2 2 10 2 2 2 10 2 2 2 2 2 2 2 2 2 2 2 2 2 10 2
left_child=7 2 4 -4 -2 6 -5 -1 -8 10 -6 -3 13 14 -13 -16 29 18 19 20 -14 -22 -15 24 -24 26 -26 28 -19 -17
right_child=1 11 3 5 9 -7 8 -9 -10 -11 -12 12 17 22 15 16 -18 27 -20 -21 21 -23 23 -25 25 -27 -28 -29 -30 -31
leaf_value=-0.11279817346539099 -0.055568231570124284 0.019645139818894521 0.025540160670791592 -0.014800192979744494 -0.038924852657026214 -0.025376899149508511 0.033677001854042557 -0.19488281386928966 0.00093206956479440991 0.0040772936615224445 -0.0058144010256087134 -0.00049084121094415071 0.024402200032579459 0.01079864099571738 0.012046636789674398 0.01864968998984377 -0.0094629491549801919 -0.00016374710019848336 -0.0092795881703526175 -0.0047797930159273931 0.018678452820809047 -0.0094428221285480524 -0.005247978824040214 -0.0089391198375854044 -0.004006934606778971 0.0036209243268774073 0.00090077050449654985 -0.017083363024902726 0.015728190035474696 0.001965838239639763
leaf_weight=2053 7966 2183 2816 5724 2011 5518 2105 7498 3289 2989 2736 6893 2349 2140 4981 2077 3033 273299 13029 2590 2233 2733 2118 3525 6216 2113 14995 2062 3848 2229
leaf_count=2053 7966 2183 2816 5724 2011 5518 2105 7498 3289 2989 2736 6893 2349 2140 4981 2077 3033 273299 13029 2590 2233 2733 2118 3525 6216 2113 14995 2062 3848 2229
internal_value=-0.000163372 -8.94804e-05 -0.000752361 -5.17942e-05 -0.00161965 -0.000431576 8.69087e-05 -0.00317582 0.000996298 -0.00066925 -0.00135127 -2.37535e-05 -3.29453e-05 0.000259089 0.00080466 0.00133658 0.000425091 -8.15888e-05 -0.000574269 0.000417548 0.000996586 9.16389e-05 -7.8029e-05 -0.000196985 9.11424e-06 0.000153595 -2.46935e-05 -4.11013e-05 -2.89665e-05 0.00145876
internal_weight=399351 389800 35154 19452 15702 16636 11118 9551 5394 7736 4747 354646 352463 50320 19213 12320 7339 302143 22934 9905 7315 4966 31107 28967 25442 23324 21211 279209 277147 4306
internal_count=399351 389800 35154 19452 15702 16636 11118 9551 5394 7736 4747 354646 352463 50320 19213 12320 7339 302143 22934 9905 7315 4966 31107 28967 25442 23324 21211 279209 277147 4306
cat_boundaries=0 1
cat_threshold=32
is_linear=0
shrinkage=0.08


Tree=157
num_leaves=31
num_cat=9
split_feature=45 45 21 22 26 15 5 29 5 5 36 26 19 5 5 5 5 28 5 5 26 26 12 36 43 36 36 12 17 39
split_gain=12.3717 3.40028 4.45189 3.9561 1.59957 1.27779 0.989757 0.912458 3.94269 2.76483 2.66708 1.75366 2.53985 2.03813 2.00823 1.73532 1.50928 1.42902 1.43903 1.34819 1.37061 1.41181 1.83706 1.56129 1.33211 1.24004 1.13604 1.34231 1.69559 1.27253
threshold=-16.021200180053707 -8.2108817100524885 2.7339659929275517 0.087261199951171889 7.4704895019531259 2.8866739273071294 0 0.84360504150390636 1 2 0.54788589477539074 5.0183706283569345 0.44093050062656408 3 4 5 6 1010.3165588378907 7 8 2.2285348176956181 6.3657755851745614 1.3370901346206667 6.1755180358886728 28.306226730346683 46.347141265869148 18.085956573486332 1.6636033654212954 1.8575360774993899 0.21910703182220462
decision_type=2 2 2 2 2 10 9 2 9 9 2 2 2 9 9 9 9 2 9 9 2 2 2 2 2 2 2 2 8 2
left_child=-1 2 4 -4 5 -2 -3 9 25 10 -8 15 13 -13 24 17 -10 18 -11 20 -12 22 23 -22 -14 -9 27 28 29 -21
right_child=1 6 3 -5 -6 -7 7 8 16 11 19 12 14 -15 -16 -17 -18 -19 -20 26 21 -23 -24 -25 -26 -27 -28 -29 -30 -31
leaf_value=-0.27483825448067051 -0.059889029959441578 -0.0012148923106153737 0.077979945851748403 -0.027074598140722925 0.0035554591259113998 -0.022725846470844541 -0.00034087483723231149 -0.007704248261404905 0.0051660140643219618 0.0066531053281113119 0.00064015890932520795 0.0030674965501277635 -0.0022499051421761389 -0.00068497442125552783 -0.0058913775035715566 -0.0006628044112182319 0.00010877353302520793 -0.00048641872914656107 0.0020253950356905661 0.0042532569902843254 0.004400110653668206 0.0017488823790940281 0.003238606065164064 0.014539188928565868 0.0048328460334628558 -0.0015866717691435522 -0.00040525626518538266 -0.0047287381213661737 0.031063290407993552 0.0016451463040944134
leaf_weight=6345 9155 106813 2157 2074 2175 3717 27281 16536 5334 2854 3371 4502 7341 9309 16566 55065 47448 8820 9933 2830 2067 2151 2211 4074 2492 15490 8799 3492 2019 7221
leaf_count=6345 9155 106813 2157 2074 2175 3717 27281 16536 5334 2854 3371 4502 7341 9309 16566 55065 47448 8820 9933 2830 2067 2151 2211 4074 2492 15490 8799 3492 2019 7221
internal_value=-0.000189986 -0.000133403 -0.00116923 0.00112143 -0.00181364 -0.00215246 -7.99841e-05 2.30421e-06 -0.000214484 0.000103109 0.000519042 -0.000130093 -0.000557932 0.00032096 -0.00101768 9.43106e-05 0.000210446 0.00070153 0.00124185 0.000950189 0.00157939 0.00203063 0.00250084 0.00321183 -0.00011083 -0.000914436 0.000590459 0.00100128 0.00140066 0.00097366
internal_weight=399642 393297 19278 4231 15047 12872 374019 267206 84808 182398 65516 116882 40210 13811 26399 76672 52782 21607 12787 38235 13874 10503 8352 6141 9833 32026 24361 15562 12070 10051
internal_count=399642 393297 19278 4231 15047 12872 374019 267206 84808 182398 65516 116882 40210 13811 26399 76672 52782 21607 12787 38235 13874 10503 8352 6141 9833 32026 24361 15562 12070 10051
cat_boundaries=0 32 64 96 109 141 170 196 212 244
cat_threshold=576 0 0 4096 0 0 102400 0 0 2101248 0 0 7864320 0 0 138412032 0 0 2717908992 0 0 805306368 5 0 0 58 0 0 1984 0 0 3072 32 0 0 0 0 0 27648 0 0 57344 0 0 58982400 0 0 612368384 0 0 1342177280 3 0 1073741824 10 0 0 704 0 0 8240 0 0 107008 32 0 0 64 0 0 27904 0 0 57344 0 0 58982400 0 0 629145600 0 0 1073741824 2 0 0 8 0 0 704 0 0 10240 0 0 127488 388 0 0 2336 0 0 0 0 0 917504 0 0 131072 136 0 0 2048 0 0 512 0 0 1966080 0 0 65536 0 0 0 0 0 268435456 0 0 1073741824 0 0 0 5 0 0 0 0 0 256 2 0 0 9744 0 0 131584 0 0 1114112 0 0 196608 0 0 3145728 0 0 16777216 0 0 0 2 0 0 0 0 0 4096 17 0 0 0 0 0 0 0 0 0 0 0 0 0 0 1048576 0 0 16777216 0 0 2147483648 0 0 0 4 0 0 0 1536 0 0 0 0 0 0 0 0 196608 0 0 1048576 0 0 0 0 0 0 9216 0 0 24576 0 0 50593792 0 0 603979776 0 0 1073741824 0 0 0 0 0 0 128 0 0 0 0 0 45056
is_linear=0
shrinkage=0.08


Tree=158
num_leaves=31
num_cat=2
split_feature=45 10 34 17 45 38 38 27 32 10 6 38 7 41 45 45 10 31 31 6 1 41 27 41 45 19 34 40 44 24
split_gain=12.4498 2.88202 1.96643 1.31176 2.54421 1.76608 1.5897 1.33497 0.852684 0.807873 3.0062 0.986372 1.6657 1.24167 3.09863 2.25625 1.52751 2.27586 1.50578 1.44179 2.34101 1.28703 1.74391 1.3173 1.28562 1.63039 1.96694 1.99643 1.60865 1.52711
threshold=-12.923419952392576 1.9002979397773745 -16.401916503906246 3.7240839004516606 -7.6388113498687735 -1.0647926330566404 0.93822860717773449 1021.0176391601564 255.07832336425784 4.2934651374816903 0 1.5183884501457217 2.5000000000000004 28.375350952148441 28.287750244140629 28.905835151672367 0.66734012961387645 81.438293457031264 21.604017257690433 1 76.750000000000014 27.827211380004886 1009.5068664550782 28.040756225585941 27.314851760864261 0.58977502584457409 -2.3525085449218746 1.1081981658935549 27.561738967895511 3.0746002197265629
decision_type=2 2 2 10 2 2 2 2 2 2 1 2 2 2 2 2 2 2 2 1 2 2 2 2 2 2 2 2 2 2
left_child=1 -1 -2 4 5 8 -5 -7 -4 11 -11 13 -13 14 18 19 17 -16 -6 20 -15 24 23 -23 25 26 -20 -28 -26 -27
right_child=2 -3 3 6 9 7 -8 -9 -10 10 -12 12 -14 15 16 -17 -18 -19 21 -21 -22 22 -24 -25 28 29 27 -29 -30 -31
leaf_value=-0.016866074777770156 -0.028953873769485678 -0.14690258633164696 -0.019927943292278368 0.036765294153247405 0.023429153685177888 0.010295276900885227 -0.0090429543536911326 -0.026594226194526595 -0.061192484592951395 0.020326514942834994 -0.013151108317978706 -0.00049816171087441901 -0.0089232753487867821 0.0039354096005450763 0.0014113711177319616 0.0001957869313444068 0.00029915392605645209 0.0056069801440630914 -0.0047699114316486491 -0.0052955064997500809 -0.0037451828477047333 -0.0023283370037289358 -0.0045209215481162579 0.0016070213444592425 0.0029382577387211911 -0.011473369777462107 0.00023264964038605839 -0.0058790263797548715 0.00013783052774222275 0.00096384652969622078
leaf_weight=2848 2799 9925 2016 4044 2002 2881 2364 2699 3974 3060 2697 37565 17578 3832 6001 38887 5218 2637 9444 14864 6527 7258 8731 8370 14524 10268 29377 6920 26322 104474
leaf_count=2848 2799 9925 2016 4044 2002 2881 2364 2699 3974 3060 2697 37565 17578 3832 6001 38887 5218 2637 9444 14864 6527 7258 8731 8370 14524 10268 29377 6920 26322 104474
internal_value=-0.000163614 -0.00262004 -8.25428e-05 -6.7135e-05 -8.63826e-05 -0.00125389 0.001067 -0.000228981 -0.00220667 -4.94982e-05 0.00088989 -6.45115e-05 -0.000375901 -8.32376e-06 7.47478e-05 -0.000321274 0.00123583 0.00188807 4.03945e-06 -0.000910396 -0.000184604 -1.53843e-05 -0.000564489 -5.83204e-05 5.10771e-05 -5.09191e-05 -0.000454723 -0.000186962 0.000451732 0.00011008
internal_weight=400106 12773 387333 384534 378126 11570 6408 5580 5990 366556 5757 360799 55143 305656 241546 64110 13856 8638 227690 25223 10359 225688 24359 15628 201329 160483 45741 36297 40846 114742
internal_count=400106 12773 387333 384534 378126 11570 6408 5580 5990 366556 5757 360799 55143 305656 241546 64110 13856 8638 227690 25223 10359 225688 24359 15628 201329 160483 45741 36297 40846 114742
cat_boundaries=0 1 2
cat_threshold=10 2
is_linear=0
shrinkage=0.08


Tree=159
num_leaves=31
num_cat=10
split_feature=23 43 16 30 5 9 43 38 5 5 5 34 32 39 18 43 35 5 43 10 23 25 12 5 5 15 43 5 34 5
split_gain=8.92805 2.90646 2.94503 5.50058 4.78873 1.80767 1.6349 1.46706 1.18489 1.18482 1.09619 1.06118 1.02654 0.917808 1.05888 1.76824 0.896768 1.86543 1.23679 2.09753 0.978794 1.41568 0.795068 1.71648 0.96329 0.901957 1.7915 2.20806 2.08739 5.43277
threshold=-16.735918045043942 -2.8396198749542232 2.5485227108001713 2.0937500000000004 0 1 -8.5679063796997053 0.82509422302246105 2 3 4 -1.6669311523437498 130.1257247924805 2.2780526876449589 3.1313029527664189 16.221160888671879 8.2955360412597674 5 27.184188842773441 0.71555233001708995 28.89374923706055 4.3105094432830819 2.6267068386077885 6 7 0.82866838574409496 28.029124259948734 8 -3.1323547363281246 9
decision_type=2 2 10 2 9 1 2 2 9 9 9 2 2 2 2 2 2 9 2 2 2 2 2 9 9 10 2 9 2 9
left_child=-1 2 6 4 -4 7 11 10 -8 12 -5 -2 -3 14 22 -16 20 -18 19 -19 -14 -22 24 -24 -11 26 28 -28 29 -26
right_child=1 9 3 5 -6 -7 8 -9 -10 13 -12 -13 16 -15 15 -17 17 18 -20 -21 21 -23 23 -25 25 -27 27 -29 -30 -31
leaf_value=-0.14544768937509797 -0.014580484525194242 0.0093802698919249524 0.065590335751269435 0.0274741897848476 -0.0003228847112602329 -0.051233041707672233 -0.029704257392564354 -0.029393649263308296 -0.0018804556094719953 -0.016210587438325961 -0.0052825219639781882 -0.077790507783259216 -0.0026387548276642341 -0.017361669409181612 0.026922077648716635 -0.0032358623546638009 -0.0051107176873168222 -0.0049803616823550527 0.0034552452374537186 0.0089147391643488293 0.0032758585871384845 -0.0045749048952011115 -0.023496800049796481 0.0021908893426455757 0.0032300621208885909 0.0012141515844732115 -0.0027833731420583573 0.0010218190976336685 -0.00022368080069846047 -0.0066091105728386139
leaf_weight=6330 2026 2444 2321 2208 3200 5227 3068 3136 4981 2917 3838 5038 66255 3400 2614 2204 6047 3158 4267 2603 11842 4459 2880 3585 4105 112592 6591 35305 67107 14383
leaf_count=6330 2026 2444 2321 2208 3200 5227 3068 3136 4981 2917 3838 5038 66255 3400 2614 2204 6047 3158 4267 2603 11842 4459 2880 3585 4105 112592 6591 35305 67107 14383
internal_value=-0.000170051 -0.0001221 -0.000817392 -0.000178537 0.00196637 -0.00100118 -0.0016592 -0.00032254 -0.000878026 -5.41641e-05 0.000405547 -0.00254679 -0.000286266 3.68942e-05 5.43773e-05 0.00122784 -0.000326478 0.00022008 0.000888534 0.000124068 -0.000432915 0.00012237 3.16655e-05 -0.000843244 5.49762e-05 7.25846e-05 -7.31298e-05 0.000355461 -0.000282928 -0.00103536
internal_weight=400131 393801 35043 19930 5521 14409 15113 9182 8049 358758 6046 7064 101075 257683 254283 4818 98631 16075 10028 5761 82556 16301 249465 6465 243000 240083 127491 41896 85595 18488
internal_count=400131 393801 35043 19930 5521 14409 15113 9182 8049 358758 6046 7064 101075 257683 254283 4818 98631 16075 10028 5761 82556 16301 249465 6465 243000 240083 127491 41896 85595 18488
cat_boundaries=0 32 33 65 97 129 161 193 225 247 273
cat_threshold=0 0 0 0 0 0 0 0 0 0 0 0 0 0 0 0 0 0 0 0 0 0 16 0 0 868 0 0 15888 0 0 37120 32 0 0 0 0 0 0 0 0 0 0 0 0 0 0 0 0 0 0 0 0 0 0 16 0 0 25 0 0 15584 0 0 91648 424 0 0 9344 0 0 2048 0 0 0 0 0 18874368 0 0 819986432 0 0 50331648 2 0 536870912 52 0 0 628 0 0 1552 0 0 3072 0 0 0 0 0 0 0 0 0 0 0 0 0 0 0 0 0 0 0 0 0 0 53 0 0 640 0 0 8288 0 0 18944 0 0 0 128 0 0 2048 0 0 0 0 0 16777216 0 0 549453824 0 0 16777216 2 0 536870912 16 0 0 516 0 0 1024 0 0 2048 0 0 0 0 0 0 0 0 0 2097152 0 0 1310720 0 0 251658240 0 0 2013265920 1 0 3221225472 3 0 0 128 0 0 6144 0 0 17152 0 0 0 0 0 0 0 0 0 0 0 0 0 0 0 0 0 0 0 0 0 0 0 0 0 264 0 0 64 0 0 4096 512 0 0 6144 0 0 8192 0 0 360448 0 0 35127296 0 0 167772160 0 0 2550136832 0 0 3221225472 576 0 0 2816 0 0 28672 0 0 458752 0 0 1048576 0 0 33554432 0 0 67108864 0 0 0 8 0 0 128
is_linear=0
shrinkage=0.08


Tree=160
num_leaves=31
num_cat=9
split_feature=24 5 43 31 18 10 7 34 40 5 5 10 10 12 29 16 34 5 5 29 5 10 34 5 30 5 5 43 43 12
split_gain=10.2359 2.54912 2.37349 1.68419 1.13006 3.27684 1.09488 1.08258 1.05193 3.07734 1.46338 1.14159 0.978414 0.935863 0.923217 0.895872 0.877012 0.867023 0.817825 1.02944 1.32409 0.937211 1.79691 0.993389 1.07068 1.31604 1.247 1.02931 1.47194 0.874474
threshold=-10.516647338867186 0 -2.8396198749542232 29.455540657043461 3.1076257228851323 2.253380656242371 1.5000000000000002 -4.3744506835937491 3.9830778837203984 1 2 3.234108686447144 3.6709352731704716 1.7624539732933047 0.25981903076171881 3.0324213504791264 -6.0858154296874991 3 4 0.85234069824218761 5 1.2885506749153139 -7.2206726074218741 6 1130.9375000000002 7 8 27.643452644348148 27.026091575622562 0.67171123623847973
decision_type=2 9 2 2 2 2 2 2 2 9 9 2 2 2 2 10 2 9 9 2 9 2 2 9 2 9 9 2 2 2
left_child=-1 2 3 13 8 -6 -4 -7 18 12 -11 14 -10 -2 -12 16 -8 -13 19 -3 29 23 -23 -22 26 -26 27 28 -25 -21
right_child=1 4 6 -5 5 7 15 -9 9 10 11 17 -14 -15 -16 -17 -18 -19 -20 20 21 22 -24 24 25 -27 -28 -29 -30 -31
leaf_value=-0.12712643053648212 0.007466517244196549 0.0008686727638129567 -0.0060994169568746592 -0.036241899905386142 0.029547192951210739 -0.030601163521059606 -0.0067151351371754269 0.0051764564667244294 -0.034896932707680954 0.014347093844152215 -0.018073623847299828 -0.0049990173181023263 -0.0046047279978167488 -0.021408599755639163 1.1101318619011777e-05 0.0225784250785213 0.0020215154459514808 0.011654654638482446 -0.00046201105787764237 1.7732336574231165e-05 -0.0091967858685248118 -0.0069809195514159896 0.012603607493517327 -0.0014591619236986012 0.006000860348156385 -0.00012948509017953174 -0.0033917066088646969 -0.0024749143525699085 0.003607832987210906 -0.01156798763509503
leaf_weight=7840 2208 68852 9749 12182 3303 2087 6562 2492 4597 2096 3559 2787 2020 2437 2981 2639 10272 2368 211656 2261 3034 2306 2722 2551 2834 4505 7438 2666 3120 4295
leaf_count=7840 2208 68852 9749 12182 3303 2087 6562 2492 4597 2096 3559 2787 2020 2437 2981 2639 10272 2368 211656 2261 3034 2306 2722 2551 2834 4505 7438 2666 3120 4295
internal_value=-0.00019698 -0.000139781 -0.000698866 -0.0014556 -6.54461e-05 0.000880891 -0.000263 -0.000504686 -8.74993e-05 -0.000644138 3.73606e-05 -0.000312421 -0.00205937 -0.00015897 -0.00101374 8.35591e-05 -0.000131561 0.000576959 -5.17841e-05 0.000128925 -0.000206879 1.07697e-05 0.00100992 -0.000181666 -2.42163e-06 0.000795209 -0.000373774 0.000298192 0.000907586 -0.00123844
internal_weight=400419 392579 46049 16827 346530 7882 29222 4579 338648 20408 13791 11695 6617 4645 6540 19473 16834 5155 318240 106584 37732 31176 5028 26148 23114 7339 15775 8337 5671 6556
internal_count=400419 392579 46049 16827 346530 7882 29222 4579 338648 20408 13791 11695 6617 4645 6540 19473 16834 5155 318240 106584 37732 31176 5028 26148 23114 7339 15775 8337 5671 6556
cat_boundaries=0 32 64 83 115 147 179 205 221 250
cat_threshold=0 0 0 128 0 0 0 0 0 0 0 0 33554432 0 0 0 0 0 0 0 0 0 6 0 0 120 0 0 1920 0 0 44544 0 0 0 0 0 0 2048 0 0 98304 0 0 10223616 0 0 855638016 0 0 3489660928 3 0 2147483648 1 0 0 384 0 0 14336 0 0 16640 0 0 0 0 0 0 0 0 0 147456 0 0 4259840 0 0 137363456 0 0 50331648 0 0 0 0 0 0 0 0 0 0 0 0 0 0 0 4194304 0 0 0 0 0 0 56 0 0 517 0 0 112 0 0 4096 256 0 0 12384 0 0 74496 0 0 389120 0 0 29884416 0 0 58720256 0 0 1610612736 2 0 0 16 0 0 256 0 0 12288 0 0 82176 0 0 0 0 0 0 0 0 0 57344 0 0 0 0 0 0 0 0 1610612736 0 0 0 0 0 0 0 0 0 0 0 0 65536 0 0 0 0 0 0 0 0 0 0 0 0 524288 0 0 25165824 0 0 0 0 0 0 16 0 0 256 0 0 0 96 0 0 768 0 0 4096 0 0 12582912 0 0 33554432 256 0 0 12288 0 0 73728 0 0 327680 0 0 16777216 0 0 0 0 0 0 0 0 0 0 0 0 0 0 0 8192
is_linear=0
shrinkage=0.08


Tree=161
num_leaves=31
num_cat=1
split_feature=45 45 7 33 38 31 14 32 38 38 31 29 14 41 45 45 21 38 6 30 41 37 33 36 13 33 45 15 21 33
split_gain=11.6565 2.12758 3.27464 2.22655 2.05654 2.6611 3.49271 2.75023 1.95365 1.38878 1.8187 0.981131 0.863788 0.838389 2.80209 2.28143 2.82816 2.03732 2.35344 5.64364 2.0077 1.94939 1.68968 2.21135 1.69318 1.59774 1.79323 2.2019 2.03985 2.00601
threshold=-16.021200180053707 1.0000000180025095e-35 1.5000000000000002 15.849024295806887 1.4833631515502932 39.357360839843757 2.8499461412429814 80.82355117797853 0.44383525848388677 -1.3967368602752683 32.109716415405281 0.75932693481445324 2.9963179826736455 28.375350952148441 28.905835151672367 28.216340065002445 0.56554546952247631 0.72585391998291027 0 0.15625000000000003 27.847079277038578 0.018253326416015628 19.123776435852054 14.326572895050051 0.53100287914276134 26.615615844726566 27.169059753417972 0.53265187144279491 0.5123792588710786 21.060288429260257
decision_type=2 2 2 2 2 2 2 2 2 2 2 2 2 2 2 2 2 2 1 2 2 2 2 2 2 2 2 8 2 2
left_child=-1 2 9 8 5 6 -5 -7 12 -2 -11 -9 -4 15 -15 17 -17 18 19 21 25 -3 24 -24 -21 26 28 29 -20 -28
right_child=1 13 3 4 -6 7 -8 11 -10 10 -12 -13 -14 14 -16 16 -18 -19 20 22 -22 -23 23 -25 -26 -27 27 -29 -30 -31
leaf_value=-0.224464496009602 -0.058598095159554942 0.0057031330499947019 -0.066599410496497008 0.0030727409948001056 -0.012965382845018301 0.03769108082720278 0.067194405764411699 -0.0018266900983898232 0.0075322368346699385 0.010708809421290107 -0.024109429112691112 -0.033025707120383649 -0.017973659937048921 -0.003203626446277343 0.00027245259130882305 0.0028004052443645891 1.855367383275656e-05 -0.0023474677382874683 -0.0022499898039029147 0.0068453639291591161 -0.0024933304378462694 0.022316230223609856 0.0015513463416991548 -0.0064693185765945542 0.0019242768429860908 0.02055127176107387 0.0020372799382556935 0.00016704465073862269 0.00028734376592556827 0.0058260294208000649
leaf_weight=6302 5207 2176 2944 2674 5496 2242 2328 5722 2385 2298 6870 2076 2889 25235 51624 10463 12946 64231 22715 2041 14741 2325 9253 4810 5737 2509 10110 24188 82121 3076
leaf_count=6302 5207 2176 2944 2674 5496 2242 2328 5722 2385 2298 6870 2076 2889 25235 51624 10463 12946 64231 22715 2041 14741 2325 9253 4810 5737 2509 10110 24188 82121 3076
internal_value=-0.00013943 -8.47098e-05 -0.000614822 -0.000121811 0.000323534 0.000807334 0.00231285 5.57204e-05 -0.00123384 -0.00160028 -0.00100588 -0.000654714 -0.00202157 -1.94237e-05 -0.000252847 4.61936e-05 0.000801229 -2.45247e-05 0.000109744 0.000809953 -6.02052e-06 0.00338639 0.000278064 -0.000245293 0.00122342 8.45985e-05 4.92186e-05 0.000524929 -0.000120406 0.00135617
internal_weight=399734 393432 43131 28756 20538 15042 5002 10040 8218 14375 9168 7798 5833 350301 76859 273442 23409 250033 185802 26342 159460 4501 21841 14063 7778 144719 142210 37374 104836 13186
internal_count=399734 393432 43131 28756 20538 15042 5002 10040 8218 14375 9168 7798 5833 350301 76859 273442 23409 250033 185802 26342 159460 4501 21841 14063 7778 144719 142210 37374 104836 13186
cat_boundaries=0 1
cat_threshold=2
is_linear=0
shrinkage=0.08


Tree=162
num_leaves=31
num_cat=3
split_feature=45 32 31 27 20 23 29 25 30 6 10 6 13 29 17 14 10 9 36 14 45 44 41 38 14 45 0 45 25 17
split_gain=10.5218 1.97885 1.56531 1.5549 3.377 1.87179 1.52917 2.1505 2.46395 2.01646 1.56107 1.74195 1.03623 1.02862 2.91086 2.54566 5.61873 1.72879 1.60871 1.40049 1.36703 2.06752 1.91633 2.25032 2.52072 1.66681 1.89973 1.28398 1.58467 1.83063
threshold=-15.078511238098143 1665.0174560546877 85.267482757568374 1022.0563049316407 2.5928300619125371 -8.953880310058592 0.95978927612304699 8.3661756515502947 935.56250000000011 0 0.92170798778533947 1 1.2404145002365115 0.72510528564453136 1.9977996945381167 3.2705868482589726 1.423204302787781 2 4.7364234924316415 4.0428137779235849 22.935878753662113 21.449008941650394 24.202914237976078 0.63238388299942028 1.7131848335266116 20.804831504821781 36.250000000000007 25.113566398620609 5.0797383785247812 0.72091650962829601
decision_type=2 2 2 2 2 2 2 2 2 1 2 1 2 2 8 2 2 1 2 2 2 2 2 2 2 2 2 2 2 8
left_child=-1 2 3 13 5 -5 9 10 -9 -4 -8 -12 -7 15 17 20 -17 -15 19 -18 21 25 23 -22 -25 26 -2 -24 -29 -30
right_child=1 -3 6 4 -6 12 7 8 -10 -11 11 -13 -14 14 -16 16 18 -19 -20 -21 22 -23 27 24 -26 -27 -28 28 29 -31
leaf_value=-0.16994075345191981 -0.0046318613742807255 -0.020643268629925601 0.0046074459994727779 -0.050136136654285519 0.033991973672807985 -0.021460857490669043 -0.0038697514843537137 -0.0011412098932786568 0.0067108051100279289 -0.00054394453407787338 0.015024852112319249 -0.00085120071073684685 0.0022291264322558645 0.0096993637429884424 -0.016537432168899226 0.033568834705383542 0.0040558610830735246 -0.00064190458087827256 0.017361247962468924 -0.016754434127427276 0.014696772765882913 -0.018773210164888039 -0.0079817361730816737 0.010389875821142583 -0.0039404095149769714 0.0095833312913588004 0.01384922906341607 0.00054747803091982226 -0.00023186442913339486 -0.0058857799115323633
leaf_weight=8019 42718 4619 19118 6598 3002 3169 16714 2355 2582 10977 2467 10111 4573 3213 11566 2455 5764 79046 4047 3771 2140 6927 7417 3103 4635 3909 3523 94350 20720 6924
leaf_count=8019 42718 4619 19118 6598 3002 3169 16714 2355 2582 10977 2467 10111 4573 3213 11566 2455 5764 79046 4047 3771 2140 6927 7417 3103 4635 3909 3523 94350 20720 6924
internal_value=-0.000141729 -8.3084e-05 -6.346e-05 -0.000135114 -0.000871831 -0.00138258 0.000296949 -6.88114e-05 0.00147402 0.000712837 -0.000329262 0.000343819 -0.000537669 -9.33662e-05 -0.000313956 4.08543e-06 0.000972891 -0.000146788 0.000334902 -0.000232583 -7.50814e-05 -0.000404787 6.00425e-05 0.00113349 0.000496643 -0.000225679 -0.000359863 -2.19757e-05 4.01944e-05 -0.000492371
internal_weight=400532 392513 387894 323570 17342 14340 64324 34229 4937 30095 29292 12578 7742 306228 93825 212403 16037 82259 13582 9535 196366 57077 139289 9878 7738 50150 46241 129411 121994 27644
internal_count=400532 392513 387894 323570 17342 14340 64324 34229 4937 30095 29292 12578 7742 306228 93825 212403 16037 82259 13582 9535 196366 57077 139289 9878 7738 50150 46241 129411 121994 27644
cat_boundaries=0 1 2 3
cat_threshold=6 8 16
is_linear=0
shrinkage=0.08


Tree=163
num_leaves=31
num_cat=13
split_feature=24 5 43 17 38 24 32 5 34 5 5 39 17 5 5 27 22 40 5 5 5 27 26 5 41 5 43 5 27 5
split_gain=8.49177 2.63042 1.70709 1.25017 2.95641 1.73315 1.16771 1.12434 1.60219 3.05601 1.55213 1.51783 1.24302 2.14297 1.32953 1.23363 1.30018 1.63885 1.47664 1.2426 1.21827 1.0061 0.976553 0.969104 0.960184 2.48309 1.05685 1.61164 1.41471 1.17448
threshold=-11.585052490234373 0 -6.79190969467163 3.7240839004516606 0.82509422302246105 -6.5777130126953116 94.82309722900392 1 -8.2705078124999982 2 3 1.800540626049042 0.96059536933898937 4 5 1004.2604064941407 0.010013580322265627 1.2170643806457522 6 7 8 1001.1057434082032 6.1301016807556161 9 28.430032730102543 10 26.95782566070557 11 1008.3892822265626 12
decision_type=2 9 2 10 2 2 2 9 2 9 9 2 10 9 9 2 2 2 9 9 9 2 2 9 2 9 2 9 2 9
left_child=-1 2 -2 5 -5 -3 -7 21 9 -9 -11 12 14 23 -10 -15 17 18 -17 -18 -13 22 -8 -14 26 -26 27 28 -16 -28
right_child=1 3 -4 4 -6 6 7 8 11 10 -12 20 13 15 24 16 19 -19 -20 -21 -22 -23 -24 -25 25 -27 29 -29 -30 -31
leaf_value=-0.1447080251413809 -0.031251602312240855 -0.039253226279703742 -0.0033786137446889641 0.049438617572665898 -0.015812345937046911 0.013528583277880524 0.013943055103834001 -0.015587543217037663 -0.0041267115546120507 0.0085795825999764232 -0.0016483652438803367 0.0013212452595287489 0.011731522035049078 0.0079206492695853645 -0.0068088695356420615 0.021149403778021783 0.00085312070399366855 0.00022804875906805519 0.0035654444469350273 -0.0059585191327302754 -0.0218321674666535 -0.0011893229704218831 -0.001900540822799713 0.0040319400701751464 -0.0060315296781240134 0.0001365227883010241 0.0026061160565712055 0.001671920592264016 -0.00088287157808326639 0.00047167510688638436
leaf_weight=6300 10131 3611 29902 3678 2678 3829 3872 8234 11093 2161 9010 2256 3725 3080 3097 2196 12027 16060 2645 11165 3194 104598 2042 26224 4554 14096 9163 12600 18649 53759
leaf_count=6300 10131 3611 29902 3678 2678 3829 3872 8234 11093 2161 9010 2256 3725 3080 3097 2196 12027 16060 2645 11165 3194 104598 2042 26224 4554 14096 9163 12600 18649 53759
internal_value=-0.000156632 -0.000109921 -0.000724341 -4.02595e-05 0.00107069 -6.06437e-05 -4.22799e-05 -5.79668e-05 4.31766e-05 -0.000652074 0.000210525 0.000107579 0.000142781 0.000396099 -1.10542e-05 5.99232e-05 -4.83423e-05 0.000409162 0.00169779 -0.000460651 -0.00120879 -0.000267507 0.000746792 0.000925088 6.90704e-05 -0.000456593 0.000169904 -0.000186984 -0.000603879 0.00036471
internal_weight=399629 393329 40033 353296 6356 346940 343329 339500 228988 19405 11171 209583 204133 77122 127011 47173 44093 20901 4841 23192 5450 110512 5914 29949 115918 18650 97268 34346 21746 62922
internal_count=399629 393329 40033 353296 6356 346940 343329 339500 228988 19405 11171 209583 204133 77122 127011 47173 44093 20901 4841 23192 5450 110512 5914 29949 115918 18650 97268 34346 21746 62922
cat_boundaries=0 32 64 96 128 160 189 211 243 275 307 326 345 364
cat_threshold=0 0 0 0 0 0 0 0 0 0 0 0 0 0 0 0 0 0 67108864 0 0 268435456 2 0 0 120 0 0 1408 0 0 44544 133 0 0 8448 0 0 21504 0 0 262144 0 0 65536 0 0 338690048 0 0 50331648 3 0 536870912 37 0 0 773 0 0 12400 0 0 256 0 0 0 1024 0 0 33536 0 0 536576 0 0 54263808 0 0 683671552 0 0 1207959552 0 0 0 0 0 0 128 0 0 512 0 0 20480 0 0 0 512 0 0 8192 0 0 1097728 0 0 131072 0 0 33554432 0 0 0 0 0 0 16 0 0 0 0 0 0 0 0 65536 18 0 0 2048 0 0 65792 0 0 204800 0 0 66191360 0 0 679477248 0 0 1207959552 0 0 0 0 0 0 128 0 0 512 0 0 20480 0 0 0 0 0 0 0 0 0 65536 0 0 50462720 0 0 671088640 0 0 134217728 0 0 3221225472 24 0 0 0 0 0 2048 8 0 0 192 0 0 0 0 0 16384 0 0 0 0 0 54525952 0 0 2952790016 0 0 1073741824 8 0 0 128 0 0 2048 0 0 2097152 0 0 786432 0 0 4194304 0 0 2147483648 0 0 0 16 0 0 0 0 0 2048 0 0 65536 0 0 0 0 0 0 0 0 0 16384 0 0 4194304 0 0 171966464 0 0 268435456 0 0 0 8 0 0 130 0 0 512 0 0 69632 16 0 0 2048 0 0 256 0 0 131072 0 0 46137344 0 0 0 0 0 0 0 0 0 0 0 0 0 0 0 0 0 0 4096 64 0 0 7168 0 0 196608 0 0 1056768 0 0 14942208 0 0 8388608 0 0 3221225472 856 0 0 6752 0 0 205568 0 0 716800 0 0 4194304 0 0 0 0 0 2147483648 0 0 0 0 0 0 131328 0 0 1056768 0 0 4456448 0 0 16777216 0 0 2415919104
is_linear=0
shrinkage=0.08


Tree=164
num_leaves=31
num_cat=12
split_feature=45 21 45 14 5 37 5 43 41 38 33 5 5 7 27 5 16 12 5 5 25 5 5 5 19 22 5 5 25 43
split_gain=9.0895 2.29529 2.52921 1.90042 1.71296 1.45172 1.30971 1.06848 1.36881 1.17536 1.34883 1.681 1.53102 1.32048 1.1395 1.07198 1.05018 1.29628 2.34816 0.988492 0.907926 2.89107 2.70634 1.83486 1.348 1.22696 1.42461 1.34805 1.28452 1.18633
threshold=-16.021200180053707 3.2842856645584111 -11.052321434020994 2.8782670497894292 0 3.0534744262695317 1 28.4098014831543 28.269337654113773 2.0639953613281254 22.899647712707523 2 3 1.5000000000000002 1013.0769653320314 4 2.2105770111083989 1.2992076277732851 5 6 2.7448208332061772 7 8 9 0.58078056573867809 1.8124580383300783 10 11 8.2374863624572772 27.932456970214847
decision_type=2 2 2 2 9 2 9 2 2 2 2 9 9 2 2 9 8 2 9 9 2 9 9 9 2 2 9 9 2 2
left_child=-1 2 3 -2 -5 6 7 8 9 10 12 13 -4 -12 -15 -11 17 -14 -19 -10 21 -8 -22 -24 29 26 -25 -27 -28 -23
right_child=1 -3 5 4 -6 -7 20 -9 19 15 11 -13 16 14 -16 -17 -18 18 -20 -21 22 24 23 25 -26 27 28 -29 -30 -31
leaf_value=-0.18741616455845969 -0.073223335546892601 0.063042559289222255 -0.0068964372416360567 0.017050339378371502 -0.035834916643275067 0.015261741395270888 0.0038931317115765978 0.0003191488306781968 -0.009831036766990927 -0.022594406828620368 -0.0016282124292426637 -0.0028649908390738451 -0.00058864163116652312 0.0054246668048150495 0.022971191748968247 -0.0068588797269114278 -0.010550012689262518 -0.0022065457434720047 0.01906111866429128 -0.0034979732276777006 -0.011409681442833157 -0.0065696196331971003 0.011396369051053101 -0.0021321773228746739 0.00048101993404160259 -0.00097903440662064486 0.00013358173233316052 0.001114182280963708 -0.0030820207108718882 0.00086147961568050144
leaf_weight=6355 3693 2500 15076 2410 4059 2814 14534 22258 2238 2840 2092 6156 24237 2130 2013 8078 5261 2629 2102 2111 12517 8181 3157 27187 112297 17438 42933 34494 3660 2547
leaf_count=6355 3693 2500 15076 2410 4059 2814 14534 22258 2238 2840 2092 6156 24237 2130 2013 8078 5261 2629 2102 2111 12517 8181 3157 27187 112297 17438 42933 34494 3660 2547
internal_value=-0.000165168 -0.000116673 -0.000132144 -0.00137711 -0.000548851 -9.89012e-05 -0.000112393 -0.000361988 -0.00050319 -0.000420468 -0.000284965 0.00046093 -0.000472474 0.00138449 0.00221238 -0.00118521 -0.00017624 1.26983e-05 0.00122253 -0.00188025 -2.35881e-05 0.00012273 -0.000165946 -5.6763e-05 -3.41434e-06 -0.000104732 -0.000314407 0.000193138 -4.57393e-05 -0.000859751
internal_weight=399997 393642 391142 10162 6469 380980 378166 99221 76963 72614 61696 12391 49305 6235 4143 10918 34229 28968 4731 4349 278945 137559 141386 128869 123025 125712 73780 51932 46593 10728
internal_count=399997 393642 391142 10162 6469 380980 378166 99221 76963 72614 61696 12391 49305 6235 4143 10918 34229 28968 4731 4349 278945 137559 141386 128869 123025 125712 73780 51932 46593 10728
cat_boundaries=0 32 64 96 128 160 186 212 244 276 308 330 359
cat_threshold=0 0 0 0 0 0 0 0 0 0 0 0 0 0 0 0 0 0 0 0 0 0 0 0 0 524 0 0 3632 0 0 8704 128 0 0 768 0 0 14336 0 0 532480 0 0 0 0 0 337641472 0 0 100663296 0 0 1610612736 32 0 0 249 0 0 9424 0 0 44288 0 0 0 0 0 0 4096 0 0 8192 0 0 0 0 0 2097152 0 0 67108864 0 0 0 32 0 0 97 0 0 8336 0 0 8192 0 0 0 0 0 0 4096 0 0 8192 0 0 0 0 0 0 0 0 0 0 0 0 0 0 0 113 0 0 208 0 0 44032 0 0 0 0 0 0 2048 0 0 0 0 0 0 0 0 270532608 0 0 0 0 0 1610612736 32 0 0 1 0 0 1024 0 0 1280 0 0 0 0 0 0 0 0 0 0 0 0 0 0 0 69206016 0 0 0 0 0 1073741824 32 0 0 136 0 0 0 512 0 0 8192 0 0 524288 0 0 0 0 0 2097152 0 0 100663296 0 0 0 0 0 0 1 835 0 0 11312 0 0 164608 0 0 131072 0 0 4325376 0 0 4194304 0 0 16777216 0 0 0 0 0 0 0 0 0 512 0 0 4096 0 0 0 0 0 0 0 0 0 0 0 0 524288 0 0 549453824 0 0 150994944 1 0 0 30 0 0 768 0 0 800 0 0 4096 0 0 0 0 0 0 0 0 0 0 0 0 1048576 0 0 0 0 0 2684354560 0 0 0 1 0 0 6 0 0 0 0 0 16384 586 0 0 7168 0 0 98304 0 0 102400 0 0 12713984 0 0 50331648 0 0 268435456 0 0 2147483648 2 0 0 8384 0 0 148480 0 0 3293184 0 0 19070976 0 0 135266304 0 0 1073741824 0 0 268435456 0 0 0 0 0 0 6144
is_linear=0
shrinkage=0.08


Tree=165
num_leaves=31
num_cat=9
split_feature=42 5 43 21 7 28 5 32 12 5 38 13 5 27 43 12 5 16 5 14 38 38 5 22 14 5 5 29 42 32
split_gain=5.98575 2.69468 1.9866 1.56848 1.37177 0.954949 0.873564 1.48859 1.02746 1.7217 2.24218 1.59937 1.09375 1.17721 1.02019 0.954106 2.95908 2.43227 2.3338 1.27835 1.69602 1.04998 3.20369 1.09634 1.47393 2.95331 1.68523 1.71723 1.58949 1.32947
threshold=-17.911525726318356 0 5.3063101768493661 3.2072780132293706 1.5000000000000002 1007.3178100585939 1 94.82309722900392 1.1801221966743471 2 -1.2139682769775388 1.3481596112251284 3 1016.4956970214845 30.588803291320804 0.67723068594932567 4 0.98866170644760143 5 0.83360412716865551 0.079469680786132826 -0.64176177978515614 6 1.8467903137207033 0.56839174032211315 7 8 0.70965957641601574 27.686698913574222 736.71304321289074
decision_type=2 9 2 2 2 2 9 2 2 9 2 2 9 2 2 2 9 8 9 2 2 2 9 2 2 9 9 2 2 2
left_child=-1 2 4 6 -2 -6 -3 -8 11 10 -10 12 -9 15 -11 17 19 21 -19 20 -17 22 -14 24 26 -26 27 28 -23 -25
right_child=1 3 -4 -5 5 -7 7 8 9 14 -12 -13 13 -15 -16 16 -18 18 -20 -21 -22 23 -24 29 25 -27 -28 -29 -30 -31
leaf_value=-0.12816908942677002 -0.029015153972982603 -0.0010917504793235453 0.00015865909398788512 0.054943729678555098 -0.038060817895701135 -0.006650364306282356 0.021626683362897386 0.0018871017415230552 0.01994061137375536 -0.0056702424306242453 -0.00023444759118284276 0.013355633636090432 -0.0084219501384491732 -0.013771257780933551 0.0037077661830591138 0.0064133234308464413 -0.0030370566552558871 0.0091869977108439433 0.0010046946978005203 0.00020916130633661214 3.0977710388263634e-05 0.0058245138179650584 0.00091682521614657505 0.00038883169525690084 0.0031506722493416283 -0.001051500563535172 -0.0020352534482122736 -0.0017576109959194534 0.00061333580675496677 0.0022862148999213232
leaf_weight=4685 7879 114179 11878 2467 2070 13365 2283 33709 2038 35940 5435 3271 6899 3913 5424 2243 24442 3418 5101 7666 2042 2001 9376 22070 10681 14835 21470 3326 4131 11317
leaf_count=4685 7879 114179 11878 2467 2070 13365 2283 33709 2038 35940 5435 3271 6899 3913 5424 2243 24442 3418 5101 7666 2042 2001 9376 22070 10681 14835 21470 3326 4131 11317
internal_value=-0.000146501 -0.000112734 -0.000780644 -4.73408e-05 -0.00120974 -0.000770477 -6.12517e-05 2.45042e-05 5.18267e-06 -0.000322395 0.000793807 8.85563e-05 5.80961e-05 -3.17787e-05 -0.000524262 3.75994e-06 -0.000353049 0.000117066 0.00141681 0.000677971 0.00178347 1.2589e-05 -0.000578447 0.000119722 -9.52289e-05 0.000354775 -0.000466482 0.000422873 0.00121654 0.000483036
internal_weight=399554 394869 35192 359677 23314 15435 357210 243031 240748 48837 7473 191911 188640 154931 41364 151018 36393 114625 8519 11951 4285 106106 16275 89831 56444 25516 30928 9458 6132 33387
internal_count=399554 394869 35192 359677 23314 15435 357210 243031 240748 48837 7473 191911 188640 154931 41364 151018 36393 114625 8519 11951 4285 106106 16275 89831 56444 25516 30928 9458 6132 33387
cat_boundaries=0 32 64 96 125 157 183 202 225 241
cat_threshold=0 0 0 0 0 0 0 0 0 0 0 0 0 0 0 536870912 0 0 0 0 0 0 2 0 0 120 0 0 1408 0 0 36352 259 0 0 2560 0 0 0 0 0 0 0 0 8126464 0 0 136314880 0 0 83886080 0 0 4026531840 13 0 0 130 0 0 12912 0 0 69888 12 0 0 0 0 0 135168 0 0 3342336 0 0 25362432 0 0 269484032 0 0 2147483648 0 0 0 32 0 0 0 0 0 0 0 0 16384 0 0 0 8320 0 0 2048 0 0 4096 0 0 0 0 0 130023424 0 0 33554432 3 0 0 0 0 0 261 0 0 2048 40 0 0 16 0 0 197376 0 0 1318912 0 0 25362432 0 0 0 0 0 3221225472 0 0 0 16 0 0 512 0 0 0 0 0 16384 652 0 0 4368 0 0 245760 0 0 49152 0 0 33685504 0 0 1048576 0 0 402653184 0 0 0 0 0 0 512 24 0 0 256 0 0 234752 0 0 1114112 0 0 25296896 0 0 269484032 0 0 3221225472 128 0 0 1360 0 0 46848 0 0 2310144 0 0 33554432 0 0 268435456 0 0 0 0 0 0 32 48 0 0 96 0 0 69632 0 0 1081344 0 0 25231360 0 0 268435456
is_linear=0
shrinkage=0.08


Tree=166
num_leaves=31
num_cat=2
split_feature=45 3 21 37 27 3 36 35 8 18 35 29 26 41 43 45 21 27 33 41 27 17 27 8 22 29 33 1 14 28
split_gain=8.21548 1.51562 1.54803 1.58957 1.81582 2.03264 1.97181 1.91351 1.33508 1.04585 1.17098 0.881251 0.841632 0.783647 3.12821 1.58248 2.16524 2.04392 1.68294 1.42613 1.8892 1.70044 1.38826 1.7471 1.6604 1.35694 1.2553 2.45645 2.02014 1.99162
threshold=-16.021200180053707 4839.3413085937509 3.2072780132293706 3.0534744262695317 1019.6436462402345 2156.905639648438 7.6632499694824228 2.6192665100097661 0 3.0853774547576909 0.28181076049804693 0.55918121337890636 2.6683863401412968 28.375350952148441 28.803215980529789 28.216340065002445 0.56554546952247631 1007.9593811035157 25.328831672668461 27.847079277038578 1009.5994567871095 2.4164966344833378 1011.4636230468751 1 0.0042915344238281259 0.42491531372070318 12.695807933807375 78.750000000000014 1.5736096501350405 1005.9684448242189
decision_type=2 2 2 2 2 2 2 2 1 2 2 2 2 2 2 2 2 2 2 2 2 8 2 1 2 2 2 2 2 2
left_child=-1 2 3 4 13 -6 8 -8 -7 10 -3 -12 -13 15 -15 18 17 -17 19 21 -21 26 25 24 -24 -20 27 28 -2 -28
right_child=1 9 -4 -5 5 6 7 -9 -10 -11 11 12 -14 14 -16 16 -18 -19 22 20 -22 -23 23 -25 -26 -27 29 -29 -30 -31
leaf_value=-0.16478261122839208 -0.0043187497178434862 -0.029936614354512621 0.039488560383933474 0.019036777084817772 0.014008807281298059 -0.015448167359541765 0.01497769522331628 -0.016673923158850645 -0.040750743154557921 0.012899937997518509 0.0049038254457924252 0.0010712682451002888 -0.015169924488943314 -0.0035975156226065318 0.00027691101493849518 0.0042580307708567139 -0.00011766123381690842 0.0010060526923992797 0.0037247642463435105 -0.00045275676140444396 -0.0058028083864172277 -0.0074540284948179727 0.0073329679705976068 -0.00074761400618402125 0.032487690340289949 -0.012677430819270183 -0.0037089324501434974 0.0041141706970660996 0.0090246275015399887 0.0001471774234914614
leaf_weight=6341 8735 7199 2693 2983 2207 9470 3119 2544 4680 2288 3131 2537 4470 25150 51647 3676 12995 6707 4898 13399 6639 15379 2128 2446 2364 2039 18623 21276 2882 145604
leaf_count=6341 8735 7199 2693 2983 2207 9470 3119 2544 4680 2288 3131 2537 4470 25150 51647 3676 12995 6707 4898 13399 6639 15379 2128 2446 2364 2039 18623 21276 2882 145604
internal_value=-0.000144198 -9.81737e-05 -6.22303e-05 -7.61043e-05 -9.10114e-05 -0.00079528 -0.00105191 0.000209412 -0.0015565 -0.000783296 -0.000995447 -0.000440679 -0.000938864 -4.62449e-05 -0.000271695 1.79383e-05 0.000646826 0.00150755 -4.17505e-05 -9.28338e-05 -0.00073783 -3.19808e-05 0.000813827 0.00161313 0.0025482 1.32422e-05 3.12475e-05 0.000482265 -0.000453084 -5.91107e-05
internal_weight=400249 393908 374283 371590 368607 22020 19813 5663 14150 19625 17337 10138 7007 346587 76797 269790 23378 10383 246412 232537 20038 212499 13875 6938 4492 6937 197120 32893 11617 164227
internal_count=400249 393908 374283 371590 368607 22020 19813 5663 14150 19625 17337 10138 7007 346587 76797 269790 23378 10383 246412 232537 20038 212499 13875 6938 4492 6937 197120 32893 11617 164227
cat_boundaries=0 1 2
cat_threshold=2 2
is_linear=0
shrinkage=0.08


Tree=167
num_leaves=31
num_cat=1
split_feature=45 45 17 10 32 38 14 37 22 29 29 24 6 33 30 33 17 43 0 43 41 41 36 45 16 32 41 36 16 24
split_gain=7.91703 1.52119 4.06161 6.55002 2.26588 1.98744 2.38048 0.774871 0.748847 1.73783 1.55282 1.46251 1.30949 2.05428 1.54981 1.6343 1.26457 1.31546 1.21206 1.24564 1.65667 1.31046 1.68662 1.20155 1.18617 1.30521 2.85311 2.104 1.47378 1.17116
threshold=-17.063447952270504 -8.2108817100524885 3.1692472696304326 2.1810736656188969 185.29268646240237 -0.49890232086181635 2.9963179826736455 3.0534744262695317 0.79965591430664074 0.99609756469726574 0.82984542846679699 30.560760498046879 0 17.530560493469242 164.81250000000003 17.329728126525882 2.8376413583755498 6.1281750202178964 14.250000000000002 28.872670173645023 29.055116653442386 27.847079277038578 0.30183792114257818 28.124294281005863 2.4122749567031865 784.79635620117199 28.430032730102543 96.931457519531264 1.4205444455146792 28.587585449218754
decision_type=2 2 10 2 2 2 2 2 2 2 2 2 1 2 2 2 10 2 2 2 2 2 2 2 10 2 2 2 10 2
left_child=-1 2 5 -4 -5 -2 -7 8 9 18 12 24 13 -10 -14 -16 17 -15 19 21 -21 22 -3 -23 25 28 27 29 -12 -27
right_child=1 7 3 4 -6 6 -8 -9 10 -11 11 -13 14 16 15 -17 -18 -19 -20 20 -22 23 -24 -25 -26 26 -28 -29 -30 -31
leaf_value=-0.20898023776783259 -0.04790114911195454 0.0017787328847652145 0.070833347615191763 0.021894005002844916 -0.051153254203887312 -0.038291463357234795 0.017281301255527733 0.01298547507748634 0.0065461202174964365 0.0059775432937462939 -0.00092183550410438288 -0.0073494681593426923 -0.0089603229261864675 -0.0099178048128127534 0.0023475417718412913 -0.002036396229989355 0.030220041516775369 0.001163968886675261 -0.00046469823305676561 0.0024362763557709754 -0.002444054741266037 -0.011339555154737059 -0.0021140178389898708 -0.0018333765793518539 -0.018335507145864637 -8.969293074800503e-05 -0.0029951386643612987 0.0055303496963305665 0.0045608115228493061 0.0030822953332567782
leaf_weight=4744 8613 5238 2142 2016 3514 2451 2091 2201 10125 2685 55706 8977 4620 4941 10028 6693 2199 26472 166872 3873 3370 2679 19634 6752 4046 5846 3456 3722 12657 2122
leaf_count=4744 8613 5238 2142 2016 3514 2451 2091 2201 10125 2685 55706 8977 4620 4941 10028 6693 2199 26472 166872 3873 3370 2679 19634 6752 4046 5846 3456 3722 12657 2122
internal_value=-0.000123698 -8.47108e-05 -0.000750013 0.000712314 -0.000743683 -0.00160274 -0.000247804 -4.77333e-05 -5.65899e-05 -0.000155804 7.30098e-05 -0.000130597 0.000374999 0.000625545 -0.000138759 0.000219711 0.000324548 0.000194379 -0.000181896 -0.000568487 0.000384392 -0.000769738 -0.000464915 -0.00157229 -3.08352e-05 3.40512e-05 0.000705726 0.00130256 -0.000114842 0.00056756
internal_weight=400485 395741 20827 7672 5530 13155 4542 374914 372713 211103 161610 96532 65078 43737 21341 16721 33612 31413 208418 41546 7243 34303 24872 9431 87555 83509 15146 11690 68363 7968
internal_count=400485 395741 20827 7672 5530 13155 4542 374914 372713 211103 161610 96532 65078 43737 21341 16721 33612 31413 208418 41546 7243 34303 24872 9431 87555 83509 15146 11690 68363 7968
cat_boundaries=0 1
cat_threshold=6
is_linear=0
shrinkage=0.08


Tree=168
num_leaves=31
num_cat=0
split_feature=45 34 21 45 21 10 32 28 19 34 34 33 41 41 18 18 23 0 32 22 41 35 14 10 31 28 43 41 43 28
split_gain=7.22775 1.80112 1.08678 1.43003 2.14667 0.944889 0.80897 0.873133 2.07941 1.30149 1.748 5.65286 0.846868 2.20014 1.00054 0.82975 0.697888 0.669731 1.46493 1.26198 1.04194 1.21326 0.991002 1.51657 1.1937 1.80501 2.41598 1.75619 1.63097 1.27602
threshold=-16.021200180053707 -16.401916503906246 3.2842856645584111 -11.052321434020994 2.1147049665451054 2.253380656242371 94.82309722900392 1014.9271850585939 1.4009098410606386 -1.9491271972656248 3.7603149414062504 17.180735588073734 11.528477668762209 18.323655128479007 2.2231792211532597 2.4947301149368291 -6.1040534973144522 8.2500000000000018 606.67102050781261 6.9422721862792978 27.447614669799808 1.3127326965332033 0.61247605085372936 0.33994224667549139 81.633537292480483 1010.2690429687501 27.249402046203617 28.430032730102543 28.435997009277347 1008.2940673828126
decision_type=2 2 2 2 2 2 2 2 2 2 2 2 2 2 2 2 2 2 2 2 2 2 2 2 2 2 2 2 2 2
left_child=5 -2 3 4 -3 -1 16 17 12 -10 15 -12 -9 -14 -15 -11 -5 18 -8 20 21 -20 24 -24 -19 26 -26 28 29 -28
right_child=1 2 -4 6 -6 -7 7 8 9 10 11 -13 13 14 -16 -17 -18 22 19 -21 -22 -23 23 -25 25 -27 27 -29 -30 -31
leaf_value=-0.073491846195299651 -0.027919163743499526 -0.04443416065715914 0.045882590376796657 0.02219314187231837 0.00768614830375286 -0.17939308906944201 -0.0012697642441313489 -0.017940581216855028 0.018183993370608564 -0.01804813528162991 -0.0085862813176107011 0.038852924028239796 0.0094670580567065496 0.00020036380382495371 -0.018108895517228683 0.0016677200980890865 0.0010054674078765168 -0.0012963296363280325 0.00024438650051762027 0.0039300397502293732 -0.00015523472964845003 0.0044481794956472143 0.0031032827146245771 -7.7812328054580035e-05 -0.0022650895871912848 0.0053553741934241192 0.00029020482091701158 -0.0027805391678913894 0.0034899450753001311 0.0052463658346166902
leaf_weight=2062 3075 6408 2354 2244 3380 4283 6714 8083 3358 6693 3826 2129 2445 2679 5130 3032 3382 42911 2124 2325 6342 2293 6472 228587 12982 2123 14599 4009 2019 2529
leaf_count=2062 3075 6408 2354 2244 3380 4283 6714 8083 3358 6693 3826 2129 2445 2679 5130 3032 3382 42911 2124 2325 6342 2293 6472 228587 12982 2123 14599 4009 2019 2529
internal_value=-0.000133919 -9.07742e-05 -7.55873e-05 -8.59824e-05 -0.00104021 -0.00281039 -6.13137e-05 -7.56703e-05 -0.000442424 0.000143216 -0.000163162 0.000915339 -0.0010502 -0.000566642 -0.00122215 -0.000823832 0.000889992 -3.4866e-05 0.000416396 0.000909118 0.000542668 0.00148453 -6.313e-05 2.00953e-05 -0.000304108 2.07981e-05 -0.000112649 0.000377103 0.000695933 0.000441591
internal_weight=400592 394247 391172 388818 9788 6345 379030 373404 37375 19038 15680 5955 18337 10254 7809 9725 5626 336029 19798 13084 10759 4417 316231 235059 81172 38261 36138 23156 19147 17128
internal_count=400592 394247 391172 388818 9788 6345 379030 373404 37375 19038 15680 5955 18337 10254 7809 9725 5626 336029 19798 13084 10759 4417 316231 235059 81172 38261 36138 23156 19147 17128
is_linear=0
shrinkage=0.08


Tree=169
num_leaves=31
num_cat=0
split_feature=44 17 10 34 37 34 44 43 31 19 35 37 31 35 33 33 18 14 17 44 30 31 23 14 18 10 0 32 1 1
split_gain=4.25931 4.24084 5.0132 1.49547 1.0864 0.905747 0.829573 0.750895 2.18327 1.49184 1.13996 1.05996 0.75785 0.755488 1.15799 0.923959 1.01188 0.939156 0.783493 0.746686 0.636842 0.613555 0.838553 0.892412 0.786897 1.09397 0.643589 1.29594 1.71994 1.45068
threshold=-11.915470123291014 3.4049012660980229 2.5245705842971806 -16.401916503906246 3.0534744262695317 1.0000000180025095e-35 -15.636057853698729 1.0994694828987124 19.899738311767582 1.4260602593421938 2.8414726257324223 -1.8734169006347654 23.011600494384769 0.24843215942382815 18.749760627746586 18.07929611206055 2.1237550973892216 3.0301710367202763 2.7939599752426152 2.076903343200684 2.4062500000000004 88.861618041992202 20.514694213867191 1.315666735172272 0.66105481982231151 0.70843207836151134 8.2500000000000018 606.67102050781261 78.750000000000014 80.750000000000014
decision_type=2 10 2 2 2 2 2 2 2 2 2 2 2 2 2 2 2 2 10 2 2 2 2 2 2 2 2 2 2 2
left_child=1 6 -3 -2 7 -4 -1 8 -5 -10 11 -11 -9 15 -15 17 -17 -13 -16 -14 -8 26 23 -23 -24 -26 27 28 -21 -29
right_child=3 2 5 4 -6 -7 20 12 9 10 -12 13 19 14 18 16 -18 -19 -20 21 -22 22 24 -25 25 -27 -28 29 -30 -31
leaf_value=-0.1298326738328042 -0.025148953865362783 0.073311160051136096 -0.096000101855765976 0.018962406348271333 0.014374146829313449 -0.0075852412505401446 -0.014191104510875949 -0.019787178925389684 -0.02116067739756872 0.019973016120152273 -0.02345843545371468 -0.044359781190385875 0.011588973928115573 0.014602118799273103 -0.017034650133371514 -0.016194532408543807 0.015876793118003534 -0.0031227809887685422 0.0072643380285900448 0.0031547951670264276 -0.063540566598947495 0.001815923300977593 0.0038670703375962767 0.01860314532205198 -0.011200238597133504 0.0014666210695646576 -0.00031150091627371644 -0.00013443978654222309 -0.0048963094966738433 0.0027820146166976649
leaf_weight=4385 3019 2042 2035 2267 3024 2011 2132 2566 7437 2076 2950 2937 3524 3056 2989 2818 2474 2021 2450 2055 3269 2094 3485 2292 3181 10005 298034 6042 4452 6919
leaf_count=4385 3019 2042 2035 2267 3024 2011 2132 2566 7437 2076 2950 2937 3524 3056 2989 2818 2474 2021 2450 2055 3269 2094 3485 2292 3181 10005 298034 6042 4452 6919
internal_value=-0.000129994 -0.00141375 0.000244013 -7.69134e-05 -6.2841e-05 -0.00138659 -0.00244426 -7.49374e-05 -0.000436614 -0.000610931 -0.00030125 -9.23633e-05 -3.97968e-05 -0.000282592 0.000275131 -0.00074464 -9.05414e-06 -0.00152818 -0.000425033 -2.95017e-05 -0.0017749 -4.15759e-05 0.000376512 0.00135942 0.000117258 -0.000165506 -6.93149e-05 0.000376218 -0.000544423 0.000838485
internal_weight=400041 15874 6088 384167 381148 4046 9786 378124 33475 31208 23771 20821 344649 18745 8495 10250 5292 4958 5439 342083 5401 338559 21057 4386 16671 13186 317502 19468 6507 12961
internal_count=400041 15874 6088 384167 381148 4046 9786 378124 33475 31208 23771 20821 344649 18745 8495 10250 5292 4958 5439 342083 5401 338559 21057 4386 16671 13186 317502 19468 6507 12961
is_linear=0
shrinkage=0.08


Tree=170
num_leaves=31
num_cat=13
split_feature=45 5 24 21 21 39 5 27 26 25 45 6 14 5 12 5 5 6 45 34 5 5 41 5 41 5 34 5 5 22
split_gain=6.74463 1.61181 1.83624 1.82692 1.35536 1.26238 2.37718 1.85756 1.06276 1.16693 1.47405 1.19937 1.03289 1.90102 1.50503 2.76405 2.17055 1.31441 1.15573 2.08376 3.67063 3.2233 2.48489 2.8448 1.5878 1.42239 1.12402 4.53003 2.62254 3.27938
threshold=-17.063447952270504 0 -5.3255310058593741 1.9951949715614321 3.1672210693359379 1.566038250923157 1 1019.8751525878907 10.80152463912964 2.7448208332061772 28.338005065917972 2 1.3562685847282412 3 1.066637456417084 4 5 6 28.287750244140629 -2.2285156249999996 7 8 28.868905067443851 9 28.456707000732425 10 -2.8700866699218746 11 12 1.6407966613769533
decision_type=2 9 2 2 2 2 9 2 2 2 2 1 2 9 2 9 9 1 2 2 9 9 2 9 2 9 2 9 9 2
left_child=-1 2 3 -2 5 12 7 -7 9 10 -4 -12 13 -3 15 -14 -16 -17 24 21 -21 22 25 -24 26 -20 27 -15 29 -28
right_child=1 4 8 -5 -6 6 -8 -9 -10 -11 11 -13 14 18 16 17 -18 -19 19 20 -22 -23 23 -25 -26 -27 28 -29 -30 -31
leaf_value=-0.17630773683389986 -0.056661845430271189 -0.0057085026251329166 -0.00098675137335179968 -0.0013603355032509234 0.044438117170647953 -0.0024608570107765406 -0.019919566788820502 0.018904069136459322 0.0040366547761561868 -0.0020054284097130474 0.0075471589355888581 -0.00046549073222588723 -0.00054227052233779213 -0.0048324919579948705 -0.0047446062786695086 0.01567564729634845 0.0027991108982924231 0.0061097274653697242 0.0055120200535747534 0.0024376724657765351 -0.0051092251447759441 -6.6511689967134303e-05 -0.0040375697699414261 0.0056695967848326657 -0.01263907496987904 0.0031343857853822878 0.00029154596921606888 0.0020391197541002582 -0.00091277107031921935 0.004071462761272268
leaf_weight=4776 4663 15140 50238 3380 2026 10010 8135 2123 2150 41368 2805 2220 17972 15995 23019 3054 42863 17833 4271 5180 7115 14538 2057 3466 2317 2193 25002 11577 42970 9519
leaf_count=4776 4663 15140 50238 3380 2026 10010 8135 2123 2150 41368 2805 2220 17972 15995 23019 3054 42863 17833 4271 5180 7115 14538 2057 3466 2317 2193 25002 11577 42970 9519
internal_value=-0.000120555 -8.44019e-05 -0.000349819 -0.00151149 1.39383e-05 -6.85409e-07 -0.000609134 0.000101044 -0.000255125 -0.000294327 -5.37704e-05 0.00125124 4.56827e-05 -8.13149e-05 0.000241295 0.000636084 8.37639e-06 0.00126139 7.11162e-06 0.000381148 -0.000479481 0.000780101 0.00174998 0.000503885 -0.000128132 0.00281495 -8.23437e-05 -0.00052092 7.37529e-05 0.000592802
internal_weight=399975 395199 106824 8043 288375 286349 20268 12133 98781 96631 55263 5025 266081 161340 104741 38859 65882 20887 146200 38820 12295 26525 11987 5523 107380 6464 105063 27572 77491 34521
internal_count=399975 395199 106824 8043 288375 286349 20268 12133 98781 96631 55263 5025 266081 161340 104741 38859 65882 20887 146200 38820 12295 26525 11987 5523 107380 6464 105063 27572 77491 34521
cat_boundaries=0 32 61 62 91 123 152 153 169 188 201 214 233 259
cat_threshold=129 0 0 1280 0 0 49152 0 0 1048576 0 0 0 0 0 807403520 0 0 50331648 1 0 536870912 39 0 0 120 0 0 1936 0 0 24064 0 0 0 0 0 0 0 0 0 147456 0 0 5963776 0 0 206569472 0 0 939524096 0 0 3489660928 24 0 0 519 0 0 96 10 0 0 0 0 0 0 2048 0 0 0 0 0 2359296 0 0 26214400 0 0 603979776 2 0 3221225472 24 0 0 897 0 0 32 24 0 0 0 0 0 4096 0 0 2531328 0 0 50921472 0 0 152043520 0 0 2885681152 0 0 3489660928 8 0 0 514 0 0 12288 0 0 106496 16 0 0 192 0 0 3072 0 0 2146304 0 0 45088768 0 0 104857600 0 0 402653184 0 0 0 0 0 0 5 0 0 96 1 554 0 0 2752 0 0 74240 0 0 2105344 0 0 51052544 0 0 138412032 76 0 0 8432 0 0 131840 0 0 2879488 0 0 1638400 0 0 138412032 0 0 2147483648 68 0 0 64 0 0 131840 0 0 667648 0 0 65536 68 0 0 192 0 0 131840 0 0 724992 0 0 65536 542 0 0 12528 0 0 131328 0 0 2633728 0 0 58916864 0 0 138412032 0 0 1207959552 6 0 0 4144 0 0 197888 0 0 274432 0 0 60358656 0 0 104857600 0 0 402653184 0 0 0 0 0 0 2
is_linear=0
shrinkage=0.08


Tree=171
num_leaves=31
num_cat=1
split_feature=45 45 17 25 22 31 1 43 28 10 45 26 27 43 41 1 1 10 41 6 14 26 30 27 26 31 28 45 41 0
split_gain=5.91842 1.28649 3.06709 1.51202 0.676451 1.42947 1.09809 1.23392 1.08379 1.23953 0.946741 0.922069 0.878481 0.640532 2.30756 1.8222 1.5955 1.44351 2.24537 1.52987 1.54227 1.71187 1.44275 1.35844 1.34426 1.25366 2.19021 1.36475 1.8773 1.57819
threshold=-17.063447952270504 -11.052321434020994 3.7240839004516606 3.728741049766541 22.634983062744144 87.565849304199233 96.250000000000014 27.137992858886722 1003.3646850585939 1.1866422295570376 27.314851760864261 2.1543458700180058 1011.8309936523439 28.077894210815433 27.847079277038578 90.750000000000014 76.250000000000014 0.69453293085098278 28.430032730102543 0 0.4408367276191712 8.8288412094116229 970.43750000000011 1005.9496154785157 9.958867549896242 24.268591880798343 1010.4159545898439 25.113566398620609 26.105274200439457 19.750000000000004
decision_type=2 2 10 2 2 2 2 2 2 2 2 2 2 2 2 2 2 2 2 1 2 2 2 2 2 2 2 2 2 2
left_child=-1 2 3 -2 5 6 13 12 -7 10 -10 -11 -8 14 23 17 -16 18 19 -15 -21 -22 -17 -3 -20 26 -25 28 -27 -29
right_child=1 4 -4 -5 -6 8 7 -9 9 11 -12 -13 -14 15 16 22 -18 -19 24 20 21 -23 -24 25 -26 27 -28 29 -30 -31
leaf_value=-0.15536784064415898 -0.052143841622992612 -0.0046427922143257704 0.026505064349301159 0.0053185925931395475 -0.0018196651982315456 -0.0034663933609514136 -0.0059549612077337624 0.0043469615990536382 0.00044281958955285202 0.0068085926232330455 0.0052088889928875171 0.014797615143309175 0.0076129097595061595 -0.0017119878365535754 -0.009209946495896024 0.00047872905225989146 -0.0018421187225607443 -0.0003202027507698861 0.00063969164632413469 0.0048628208392984219 0.0012445993594780746 0.004072186823964619 -0.0050601302870434631 -0.0071762131194815807 -0.0032052087017680531 -0.0015510124776359944 0.024120111426014352 -2.5990461058603287e-05 -0.023757414868933489 0.0034164356648202204
leaf_weight=4735 7151 9801 3672 2034 18013 4964 2586 3718 10587 3867 2233 2894 4131 2041 5282 4073 14268 49474 19741 2413 7875 2001 5933 2769 3140 107338 3009 70800 2200 17337
leaf_count=4735 7151 9801 3672 2034 18013 4964 2586 3718 10587 3867 2233 2894 4131 2041 5282 4073 14268 49474 19741 2413 7875 2001 5933 2769 3140 107338 3009 70800 2200 17337
internal_value=-0.000103978 -7.02669e-05 -0.000857077 -0.00163785 -4.37973e-05 -2.0139e-05 -6.27179e-05 0.000744853 0.000569333 0.000836914 0.000374122 0.0017126 9.69219e-05 -8.83152e-05 -0.000160198 8.47552e-05 -0.000991821 0.000202779 0.000579134 0.00136402 0.00169989 0.00125592 -0.000936902 -8.39157e-05 8.71949e-05 -3.95757e-05 0.00112094 -7.35523e-05 -0.000262096 0.000160776
internal_weight=400080 395345 12857 9185 382488 364475 339930 10435 24545 19581 12820 6761 6717 329495 232804 96691 19550 86685 37211 14330 12289 9876 10006 213254 22881 203453 5778 197675 109538 88137
internal_count=400080 395345 12857 9185 382488 364475 339930 10435 24545 19581 12820 6761 6717 329495 232804 96691 19550 86685 37211 14330 12289 9876 10006 213254 22881 203453 5778 197675 109538 88137
cat_boundaries=0 1
cat_threshold=8
is_linear=0
shrinkage=0.08


Tree=172
num_leaves=31
num_cat=3
split_feature=24 32 21 24 21 30 38 32 28 11 3 27 35 6 3 42 1 38 25 30 41 41 28 41 14 6 42 35 25 6
split_gain=5.30478 1.82266 1.75707 1.84677 1.91574 1.91943 0.963462 0.780536 0.722048 1.63559 1.53458 2.89546 1.09094 1.34578 1.73547 0.953881 0.707531 0.697998 0.696036 2.68665 2.18485 1.10093 1.73046 1.83971 2.24704 1.4884 1.47941 2.08921 1.6172 1.49234
threshold=-11.585052490234373 1665.0174560546877 3.2072780132293706 -5.3255310058593741 1.8460385203361513 7.9375000000000009 -5.3061232566833487 94.82309722900392 1015.2190551757814 0.91874802112579357 1851.1920166015627 1018.1119689941407 0.29516220092773443 0 4505.6960449218759 -6.6873741149902335 74.250000000000014 -0.59185123443603505 2.5260953903198247 1539.8125000000002 23.355064392089847 27.447614669799808 1008.5815429687501 27.847079277038578 0.49155125021934515 1 27.08808517456055 0.0014305114746093752 4.1936314105987558 2
decision_type=2 2 2 2 2 2 2 2 2 2 2 2 2 1 2 2 2 2 2 2 2 2 2 2 2 1 2 2 2 1
left_child=-1 2 3 4 -2 -6 -5 17 15 16 11 -11 -12 14 -14 -9 -10 -8 19 -17 -20 26 25 24 -24 -23 29 28 -28 -22
right_child=1 -3 -4 6 5 -7 7 8 9 10 12 -13 13 -15 -16 18 -18 -19 20 -21 21 22 23 -25 -26 -27 27 -29 -30 -31
leaf_value=-0.083932757895743004 -0.051667014869600174 -0.018969354066338748 0.040449278017012286 -0.014682585475189245 0.026709213175366092 -0.02350497571275708 0.02005786240695619 0.016138025017628441 -0.00024159412734109882 -0.008053298937739671 -0.011695111961460758 0.023707209131645889 -0.0053630802217698049 -0.01393887806864046 0.017030297645428027 0.0011529362763558672 -0.013005434651075143 0.00071422242271964882 -0.0098930802849373761 -0.0049154982670643237 0.0012799126173617204 0.00017695304136085453 0.0032995283419783171 -0.0055807523118786319 -0.0022517621829600894 -0.0031570319872392325 0.0029523613852226061 0.00068874911626317465 0.0064275581760873599 -0.001587035632656237
leaf_weight=6291 5532 4669 3112 3643 2271 2940 2104 2662 2782 2073 8039 2062 2043 3324 3022 123997 8734 2252 16818 15820 16716 75107 2981 10036 9031 8534 2278 23194 2038 25569
leaf_count=6291 5532 4669 3112 3643 2271 2940 2104 2662 2782 2073 8039 2062 2043 3324 3022 123997 8734 2252 16818 15820 16716 75107 2981 10036 9031 8534 2278 23194 2038 25569
internal_value=-0.000116433 -7.95448e-05 -6.06507e-05 -7.59529e-05 -0.00110964 -8.42846e-06 -4.62998e-05 -3.35762e-05 -4.62299e-05 -0.000408739 1.88587e-05 0.00139445 -0.000328021 0.000310036 0.00112881 -1.14827e-05 -0.00117161 0.00102977 -2.35942e-05 0.000112223 -0.000122344 -3.88399e-05 -0.000201668 -0.000831989 -0.000163701 -3.54339e-05 0.000207721 0.000664243 0.00227832 -8.93732e-05
internal_weight=399674 393383 388714 385602 10743 5211 374859 371216 366860 32079 20563 4135 16428 8389 5065 334781 11516 4356 332119 139817 192302 175484 105689 22048 12012 83641 69795 27510 4316 42285
internal_count=399674 393383 388714 385602 10743 5211 374859 371216 366860 32079 20563 4135 16428 8389 5065 334781 11516 4356 332119 139817 192302 175484 105689 22048 12012 83641 69795 27510 4316 42285
cat_boundaries=0 1 2 3
cat_threshold=12 6 10
is_linear=0
shrinkage=0.08


Tree=173
num_leaves=31
num_cat=12
split_feature=24 34 21 24 15 5 38 5 10 29 5 5 30 5 33 36 5 12 14 5 5 38 29 5 24 34 9 5 34 5
split_gain=5.62471 1.83535 1.83132 1.93837 1.54865 1.69211 1.30694 1.3001 1.77174 1.12295 3.59354 1.74974 1.5544 3.03121 1.39606 1.25054 2.06458 1.19902 1.64515 2.36529 1.39153 1.20003 1.14712 1.59692 1.2683 1.16966 1.22937 1.73753 1.5608 2.39927
threshold=-12.775726318359373 -16.401916503906246 3.2842856645584111 -6.5777130126953116 2.8866739273071294 0 -5.3061232566833487 1 3.5044693946838383 0.32492065429687506 2 3 7.3125000000000009 4 17.580479621887211 1.7123222351074221 5 1.525999188423157 1.8983132839202883 6 7 -0.62532901763916005 0.54189682006835949 8 30.308334350585941 -9.6156005859374982 9 10 0.20950317382812503 11
decision_type=2 2 2 2 10 9 2 9 2 2 9 9 2 9 2 2 9 2 2 9 9 2 2 9 2 2 1 9 2 9
left_child=-1 -2 3 4 -3 -6 -5 8 -8 10 15 22 13 14 -13 -9 -17 18 -14 -20 -19 -22 23 -11 25 -24 27 -27 -28 -30
right_child=1 2 -4 6 5 -7 7 9 -10 11 -12 12 17 -15 -16 16 -18 20 19 -21 21 -23 24 -25 -26 26 28 -29 29 -31
leaf_value=-0.10343898432288541 -0.026106902247184195 -0.049104384992433338 0.042619578093140362 -0.016124802520902037 0.020980459888530076 -0.032973066466654828 0.00049608764821888589 -0.00030898883748135521 0.018083851623441709 0.0056825200349200997 -0.0035584305325572678 0.020602859513437991 0.00029401029521482441 -0.00155155315922419 0.0067942849103894264 0.0054492038209451232 -7.5377393461884012e-05 -0.013440221699784665 0.022329096825180608 0.0017383604375148401 0.014433067206914143 -0.0062881420754358356 -0.011302218475755446 -0.0014371593577861776 -0.0080141575340733524 -0.0016663673296866211 -0.0021495053880215202 0.0035730194418786181 0.0059091076942163366 -0.0052351479823381933
leaf_weight=4664 3207 5428 2566 3951 2351 2058 101636 34966 3517 5435 49896 2477 69889 4829 3034 5479 7447 6976 3181 5652 2712 4544 3520 8548 9015 7976 22299 8081 2274 2335
leaf_count=4664 3207 5428 2566 3951 2351 2058 101636 34966 3517 5435 49896 2477 69889 4829 3034 5479 7447 6976 3181 5652 2712 4544 3520 8548 9015 7976 22299 8081 2274 2335
internal_value=-0.000102843 -7.02179e-05 -5.46018e-05 -6.86605e-05 -0.00117681 -6.24585e-05 -3.99189e-05 -2.46784e-05 0.000214008 -0.00011745 -0.000334077 5.16147e-06 0.000213949 0.00114396 0.00242198 0.000160961 0.000833023 0.000110407 0.000232586 0.00126066 -0.00056509 0.000211104 -0.000305196 0.00034217 -0.000468385 -0.000299818 -0.00018476 0.000368973 -0.000515152 0.000823554
internal_weight=399943 395279 392072 389506 9837 4409 379669 375718 105153 270565 97788 172777 103294 10340 5511 47892 12926 92954 78722 8833 14232 7256 69483 13983 55500 46485 42965 16057 26908 4609
internal_count=399943 395279 392072 389506 9837 4409 379669 375718 105153 270565 97788 172777 103294 10340 5511 47892 12926 92954 78722 8833 14232 7256 69483 13983 55500 46485 42965 16057 26908 4609
cat_boundaries=0 32 64 96 128 160 186 218 250 282 283 315 347
cat_threshold=0 0 0 0 0 0 0 0 0 0 0 0 0 0 0 0 0 0 0 0 0 0 48 0 0 672 0 0 12128 0 0 8192 17 0 0 512 0 0 136960 0 0 552960 0 0 19529728 0 0 1048576 0 0 536870912 0 0 1073741824 18 0 0 448 0 0 12560 0 0 94208 130 0 0 96 0 0 8192 0 0 3375104 0 0 42270720 0 0 727711744 0 0 1476395008 0 0 2415919104 8 0 0 1 0 0 1568 0 0 34816 130 0 0 7264 0 0 8192 0 0 3211264 0 0 42270720 0 0 794820608 0 0 0 0 0 268435456 40 0 0 33 0 0 1536 0 0 35840 32 0 0 128 0 0 81920 0 0 262144 0 0 0 0 0 0 0 0 3674210304 3 0 2684354560 5 0 0 518 0 0 192 0 0 256 128 0 0 64 0 0 8192 0 0 3342336 0 0 33554432 0 0 677380096 0 0 0 0 0 0 8 0 0 1 0 0 0 0 0 0 2048 0 0 131072 0 0 1048576 0 0 268435456 0 0 16777216 2 0 2147483648 4 0 0 6 0 0 2048 0 0 512 0 0 0 128 0 0 34816 0 0 0 0 0 0 0 0 8388608 0 0 1543503872 3 0 0 4 0 0 2 0 0 2208 0 0 768 128 0 0 64 0 0 0 0 0 3211264 0 0 327680 0 0 90177536 0 0 0 0 0 0 0 0 0 0 0 0 1536 0 0 32768 21 0 0 0 6208 0 0 8192 0 0 1048576 0 0 33882112 0 0 73400320 0 0 0 0 0 268435456 0 0 0 1 0 0 0 0 0 2048 130 0 0 7168 0 0 0 0 0 2097152 0 0 33554432 0 0 744488960 0 0 0 0 0 268435456 0 0 0 0 0 0 0 0 0 2048
is_linear=0
shrinkage=0.08


Tree=174
num_leaves=31
num_cat=2
split_feature=23 12 18 33 38 16 29 1 6 27 38 18 34 33 33 3 23 20 10 23 36 17 33 33 33 35 29 6 21 39
split_gain=3.48369 1.38057 2.11843 1.72523 2.72059 3.44526 3.7949 2.14966 1.92351 1.57908 1.3658 0.986932 0.93436 0.686485 0.632945 2.68104 0.990867 2.32973 1.19114 0.921789 0.87242 2.3191 1.15591 1.78351 1.11979 2.61408 2.07832 1.3395 2.99351 1.01461
threshold=-19.396116256713864 2.2472815513610844 1.944993317127228 15.294528007507326 2.0639953613281254 3.3274321556091313 0.45383834838867193 74.250000000000014 0 1027.3775024414065 -1.5659122467041013 3.4000884294509892 2.1445617675781254 22.636992454528812 13.084991931915285 4000.4367675781255 -8.3846893310546857 1.8383963704109194 4.2934651374816903 29.305637359619144 1.0000000180025095e-35 1.7218559384346011 26.175167083740238 24.785856246948246 26.175167083740238 1.0000000180025095e-35 0.071640014648437514 1 1.2695562243461611 0.54976052045822155
decision_type=2 2 2 2 2 10 2 2 1 2 2 2 2 2 2 2 2 2 2 2 2 8 2 2 2 2 2 1 2 2
left_child=-1 9 10 8 5 7 -7 -5 -4 11 -3 14 -9 -12 15 19 17 -16 20 -2 21 22 23 -18 -22 -26 -27 29 -29 -28
right_child=1 2 3 4 -6 6 -8 12 -10 -11 13 -13 -14 -15 16 -17 18 -19 -20 -21 24 -23 -24 -25 25 26 27 28 -30 -31
leaf_value=-0.11158116568772013 0.00011436870232658121 -0.0005770990189532607 0.0058666632468412092 0.015618632752869706 -0.012480082525152899 0.065796070665077228 0.0049780501338568426 -0.016610967950490364 -0.07138832977466536 -0.028045152181304118 -0.026526152589698371 0.014542477559732869 0.0058019500348392211 -0.014114048146875341 -0.047680670138614378 0.025118259457793984 -0.00062396434349597577 0.00443104324278669 0.0079851226370776657 0.010281889443239703 -0.0001414877074489858 -0.011964721722110208 -0.0060422599894968164 0.0067870850914121192 -0.0072439969759095129 0.013836777543469314 0.0025596468049339121 -0.0026350231610083124 0.044900704471400196 -0.019069253225970844
leaf_weight=3161 50643 3919 2162 2218 6040 2356 2228 4138 3301 3953 5061 2569 2060 5037 3095 2036 34395 3612 3987 2002 218819 11394 4749 3027 3253 2028 2146 2078 2021 2275
leaf_count=3161 50643 3919 2162 2218 6040 2356 2228 4138 3301 3953 5061 2569 2060 5037 3095 2036 34395 3612 3987 2002 218819 11394 4749 3027 3253 2028 2146 2078 2021 2275
internal_value=-0.000110093 -8.89746e-05 -0.000543993 -9.51341e-05 0.000264566 0.000916217 0.00267828 -4.55742e-05 -0.00134698 -4.0013e-05 -0.00132801 -2.22408e-05 -0.000810568 -0.00181955 -3.36785e-05 0.000216415 -7.97479e-05 -0.00104035 -5.75097e-05 0.000105972 -7.6662e-05 -0.00036771 -9.39769e-05 5.53528e-05 -9.62998e-06 0.000689015 0.00130025 0.000750292 0.00178781 -0.000217069
internal_weight=399763 396602 38520 24503 19040 13000 4584 8416 5463 358082 14017 354129 6198 10098 351560 54681 296879 6707 290172 52645 286185 53565 42171 37422 232620 13801 10548 8520 4099 4421
internal_count=399763 396602 38520 24503 19040 13000 4584 8416 5463 358082 14017 354129 6198 10098 351560 54681 296879 6707 290172 52645 286185 53565 42171 37422 232620 13801 10548 8520 4099 4421
cat_boundaries=0 1 2
cat_threshold=12 2
is_linear=0
shrinkage=0.08


Tree=175
num_leaves=31
num_cat=12
split_feature=41 39 5 5 20 32 5 10 5 5 44 36 5 31 29 28 5 29 5 5 33 32 32 5 25 6 5 33 41 39
split_gain=3.49335 1.32122 3.31094 1.59139 1.50576 1.41112 1.28128 1.24834 2.55138 1.03908 0.952583 0.980728 2.37432 1.26845 0.883293 1.40641 1.19916 1.62722 1.7026 1.31584 1.18783 2.23719 1.60716 1.24682 1.15365 1.6687 2.71194 1.60947 1.11074 1.09282
threshold=-17.367986679077145 1.7668656110763552 0 1 2.7591042518615727 1558.3032836914065 2 3.5850750207901005 3 4 -14.769707202911375 0.0071525573730468759 5 27.473191261291507 0.85234069824218761 1009.8278198242189 6 0.99027633666992199 7 8 22.899647712707523 614.92193603515636 402.26318359375006 9 7.855119228363038 10 11 17.782464027404789 27.569948196411136 0.19427938014268878
decision_type=2 2 9 9 2 2 9 2 9 9 2 2 9 2 2 2 9 2 9 9 2 2 2 9 2 1 9 2 2 2
left_child=-1 3 6 4 14 10 -3 9 -9 -8 -5 12 -12 -13 15 24 -16 19 -19 -18 22 -22 -17 -24 25 26 -2 -27 -20 -21
right_child=1 2 -4 5 -6 -7 7 8 -10 -11 11 13 -14 -15 16 20 17 18 28 29 21 -23 23 -25 -26 27 -28 -29 -30 -31
leaf_value=-0.13245297202891357 0.01112644671517663 0.014356269143477225 -0.018410397033593401 -0.044097131462771472 0.042989899080222584 -0.021849790900757997 0.0037075377718912067 -0.011543299671040515 0.024120994659746885 -0.02113559309174827 0.00039571782356638937 0.01606062064784531 -0.0070726759063462364 -0.00010987732709690336 -0.0033821969036335114 0.0028844629024928907 -0.0091681643327129886 -0.00057723686013669794 0.013265151113549718 -0.0047991689318795921 0.0072463379027753183 -0.0015941277838829109 -0.007593977091881584 -0.0013563613041797568 -0.0029747268569067938 0.0087527220980681848 0.0042762565569072304 0.0007696750928327423 0.0032780375232915912 0.0016459807234331123
leaf_weight=3247 2012 2069 11785 2620 2895 4195 2209 2456 2084 3684 24296 3037 16667 218360 10774 8716 2981 3432 2057 2593 2534 3225 3871 10934 2290 3967 4036 26381 2505 8026
leaf_count=3247 2012 2069 11785 2620 2895 4195 2209 2456 2084 3684 24296 3037 16667 218360 10774 8716 2981 3432 2057 2593 2534 3225 3871 10934 2290 3967 4036 26381 2505 8026
internal_value=-7.65909e-05 -5.51659e-05 -0.000626745 -1.78735e-05 0.000249144 -0.000120286 0.000280465 -8.15087e-05 0.000914285 -0.000849061 -9.72122e-05 -8.20225e-05 -0.00044156 -1.54838e-05 0.000197161 0.00036095 -0.000146767 0.000197279 0.00110245 -0.000335049 -5.73584e-05 0.000971398 -0.00030955 -0.000816741 0.000677485 0.000787122 0.00199868 0.000544256 0.00211087 8.30896e-05
internal_weight=399938 396691 24287 372404 103229 269175 12502 10433 4540 5893 264980 262360 40963 221397 100334 67966 32368 21594 7994 13600 29280 5759 23521 14805 38686 36396 6048 30348 4562 10619
internal_count=399938 396691 24287 372404 103229 269175 12502 10433 4540 5893 264980 262360 40963 221397 100334 67966 32368 21594 7994 13600 29280 5759 23521 14805 38686 36396 6048 30348 4562 10619
cat_boundaries=0 32 64 96 125 154 186 218 247 263 295 296 328
cat_threshold=0 0 0 0 0 0 0 0 0 16384 0 0 6815744 0 0 206569472 0 0 117440512 0 0 4026531840 48 0 0 543 0 0 992 0 0 4608 514 0 0 64 0 0 105216 0 0 28672 0 0 7077888 0 0 27262976 0 0 1879048192 0 0 0 8 0 0 256 0 0 14336 0 0 29440 0 0 0 0 0 0 0 0 0 16384 0 0 0 0 0 139460608 0 0 16777216 0 0 805306368 0 0 0 0 0 0 0 0 0 512 0 0 0 0 0 0 0 0 0 0 0 0 0 0 0 0 0 0 0 0 0 0 16 0 0 25 0 0 224 0 0 0 0 0 0 0 0 0 0 0 0 0 0 0 0 0 0 100663296 0 0 0 48 0 0 1 0 0 224 24 0 0 4608 0 0 131072 0 0 3244032 0 0 43188224 0 0 437256192 0 0 251658240 0 0 3221225472 36 0 0 194 0 0 1536 0 0 65536 0 0 0 0 0 0 32768 0 0 28672 0 0 262144 0 0 8388608 0 0 1879048192 0 0 0 0 0 0 0 0 0 0 0 0 8704 0 0 0 64 0 0 66304 0 0 0 0 0 524288 0 0 2097152 0 0 0 0 0 0 8 0 0 0 0 0 2048 0 0 0 0 0 0 6144 0 0 0 0 0 4194304 0 0 16777216 514 0 0 0 0 0 0 0 0 4096 0 0 2883584 0 0 18874368 0 0 536870912 0 0 0 0 0 0 0 0 0 8192 0 0 20736 8 0 0 0 0 0 0 103168 0 0 4096 0 0 262144 0 0 16777216 0 0 0 0 0 0 0 0 0 0 0 0 14336 0 0 8192
is_linear=0
shrinkage=0.08


Tree=176
num_leaves=31
num_cat=8
split_feature=45 5 18 12 5 21 22 28 11 5 38 14 12 36 10 30 21 5 45 36 5 25 15 45 5 10 5 10 28 5
split_gain=5.04358 1.11367 1.17079 1.10608 2.49848 2.09216 1.36739 1.22032 1.39787 1.21584 0.989742 0.976623 1.36285 0.903445 1.62004 0.863414 2.66824 2.38517 1.87902 1.34212 1.77561 1.25295 1.35466 1.24355 2.99321 1.20082 2.28384 1.62057 1.90439 2.37654
threshold=-17.063447952270504 0 3.4000884294509892 1.7624539732933047 1 2.0828645229339604 0.2131462097167969 1021.2896728515626 1.6719654202461245 2 0.93822860717773449 1.9569863080978396 1.0966449975967409 37.395000457763679 0.38164016604423529 4.5312500000000009 2.7047616243362431 3 -12.923419952392576 0.0071525573730468759 4 1.4119853973388674 1.273664712905884 27.149129867553714 5 0.92170798778533947 6 2.5245705842971806 1013.0196838378907 7
decision_type=2 9 2 2 9 2 2 2 2 9 2 2 2 2 2 2 2 9 2 2 9 2 10 2 9 2 9 2 2 9
left_child=-1 2 3 5 6 7 10 8 9 11 -5 12 -2 -11 -15 16 17 19 -17 21 -21 -3 -23 24 -20 26 -26 28 29 -27
right_child=1 15 -4 4 -6 -7 -8 -9 -10 13 -12 -13 -14 14 -16 18 -18 -19 23 20 -22 22 -24 -25 25 27 -28 -29 -30 -31
leaf_value=-0.12662168948914318 -0.0058765846786221201 -0.014618951468062996 0.018415295322753291 0.021512718638584873 -0.016116087859529109 0.018455514978017611 -0.010550547511998038 -0.031172744135346694 0.015980314280778032 0.00053358182238032788 -0.0040870320277211023 -0.012820899317902817 0.010096146559270509 0.0029773732189591214 -0.003321422759059397 -0.074171009633275831 0.057559162435732357 -0.0013143480966274551 -0.0037777661477138187 0.010570629588588527 0.0044941048603436579 0.00018087118722097208 0.010538036566431963 0.00028172193636089845 -0.01264437407645851 0.016634964506491764 -0.00027345392658080291 -0.0064211665933381823 -0.0047902706283284163 0.0019107403069936702
leaf_weight=4752 4809 2004 2264 3702 16601 3972 4308 3226 2213 33025 2528 9732 2221 2273 11384 2218 2226 34725 26558 2022 7858 9548 4145 136475 4427 7646 21727 8634 8420 14421
leaf_count=4752 4809 2004 2264 3702 16601 3972 4308 3226 2213 33025 2528 9732 2221 2273 11384 2218 2226 34725 26558 2022 7858 9548 4145 136475 4427 7646 21727 8634 8420 14421
internal_value=-9.32237e-05 -6.20466e-05 -0.00028933 -0.000330148 -0.000765996 -0.000167708 0.000197764 -0.00027074 -0.000195959 -0.000265012 0.000955127 -0.000849006 -0.000130683 -5.49879e-05 -0.000602035 1.7278e-05 0.000280916 0.000180262 -5.42398e-05 0.000766183 0.00149646 0.000306359 0.000580018 -3.16761e-05 -0.000259269 3.21608e-05 -0.000387403 0.000312692 0.00058668 0.000977125
internal_weight=400064 395312 102258 99994 27139 72855 10538 68883 65657 63444 6230 16762 7030 46682 13657 293054 62528 60302 230526 25577 9880 15697 13693 228308 91833 65275 26154 39121 30487 22067
internal_count=400064 395312 102258 99994 27139 72855 10538 68883 65657 63444 6230 16762 7030 46682 13657 293054 62528 60302 230526 25577 9880 15697 13693 228308 91833 65275 26154 39121 30487 22067
cat_boundaries=0 32 64 96 125 141 173 205 234
cat_threshold=386 0 0 128 0 0 131072 0 0 0 0 0 8388608 0 0 33554432 0 0 251658240 2 0 268435456 38 0 0 121 0 0 3520 0 0 125952 0 0 0 0 0 0 0 0 0 0 0 0 0 0 0 0 0 0 50331648 0 0 268435456 32 0 0 0 0 0 1344 0 0 57344 0 0 0 0 0 0 0 0 0 0 0 0 0 0 0 0 0 0 16777216 0 0 268435456 32 0 0 56 0 0 1472 0 0 9216 48 0 0 1072 0 0 32256 0 0 1568768 0 0 20971520 0 0 76546048 0 0 536870912 0 0 3221225472 0 0 0 518 0 0 8224 32 0 0 0 0 0 11776 0 0 1318912 0 0 16777216 0 0 1048576 104 0 0 14624 0 0 54016 0 0 2048000 0 0 19005440 0 0 18874368 0 0 0 0 0 3758096384 0 0 0 6 0 0 16 0 0 4352 0 0 0 0 0 0 2048 0 0 0 0 0 4980736 0 0 75497472 0 0 0 0 0 0 8 0 0 896 0 0 12288 0 0 512 4 0 0 0 0 0 0 0 0 2097152 0 0 38076416 0 0 1048576 0 0 268435456 0 0 0 25 0 0 256 0 0 12288
is_linear=0
shrinkage=0.08


Tree=177
num_leaves=31
num_cat=7
split_feature=45 5 12 21 24 5 18 5 21 12 21 10 30 22 17 32 24 40 5 17 5 5 33 10 32 33 33 26 5 44
split_gain=4.52566 1.58086 1.47987 1.58485 2.63112 1.9441 2.05528 1.56191 1.00413 0.983513 1.12299 1.03447 0.826312 0.783538 0.745054 0.737605 1.09718 0.717876 2.08317 1.03384 1.06505 0.799533 1.67717 1.17077 1.27913 2.03286 0.819011 1.51403 1.53867 1.17846
threshold=-18.357194900512692 0 2.2129100561141972 1.4903995394706728 4.1226196289062509 1 3.0853774547576909 2 3.0268659591674809 1.6636033654212954 2.0664657354354863 2.0906583070755009 7.9375000000000009 1.0000000180025095e-35 3.7240839004516606 80.82355117797853 -4.1370544433593741 3.9830778837203984 3 1.9074313044548037 4 5 6.2883839607238778 1.9207253456115725 569.53488159179699 18.131903648376468 21.404736518859867 3.3429983854293828 6 29.091310501098636
decision_type=2 9 2 2 2 9 2 9 2 2 2 2 2 2 10 2 2 2 9 10 9 9 2 2 2 2 2 2 9 2
left_child=-1 2 3 4 13 6 -5 12 15 10 11 -7 -4 -2 -9 -3 -17 21 19 20 -19 22 -18 26 25 -25 -24 28 -28 -29
right_child=1 8 7 5 -6 9 -8 14 -10 -11 -12 -13 -14 -15 -16 16 17 18 -20 -21 -22 -23 23 24 -26 -27 27 29 -30 -31
leaf_value=-0.18519926339580761 -0.0072403361280838317 0.013464371181053716 0.013243132335973995 -0.01110440177377625 -0.00080512617085019529 0.013810890041616742 0.022666969343462774 -0.018224300988698261 0.031958202350422016 0.00094911807335480507 0.026450758050827861 -0.005366821356228622 -0.0082288406498214721 -0.040264549714983951 -0.004868685469610611 -0.029828565920667544 0.0069023547491028764 -0.0029992956063186679 -0.017188086694861472 -0.0061583295068669362 0.010140405172955877 -7.7867077632762704e-05 -0.00036029225511217863 0.0026932745060798901 -0.0010419331785549749 0.021236560997618649 0.013054074360110048 0.00091611880593547217 0.0026883715862207414 -0.0022912098843283039
leaf_weight=3216 2420 3090 2499 10321 58608 4495 2043 11269 2299 4608 2026 2148 3126 3804 3277 3601 2521 2403 5384 3948 3022 187952 39258 3279 4016 2288 2231 11299 4492 4789
leaf_count=3216 2420 3090 2499 10321 58608 4495 2043 11269 2299 4608 2026 2148 3126 3804 3277 3601 2521 2403 5384 3948 3022 187952 39258 3279 4016 2288 2231 11299 4492 4789
internal_value=-8.57763e-05 -6.1495e-05 -0.000318225 -0.000180057 -0.000390612 0.000352266 -0.00036951 -0.000937715 3.78875e-05 0.00102369 0.00152598 0.00102029 0.000194862 -0.00195316 -0.00137471 2.43588e-05 1.07943e-05 2.88623e-05 -0.000513849 0.000207388 0.000923642 5.94341e-05 0.000281805 0.00021032 0.00103284 0.00181675 8.31834e-05 0.000464308 0.00147156 4.27373e-05
internal_weight=399732 396516 110644 90473 64832 25641 12364 20171 285872 13277 8669 6643 5625 6224 14546 283573 280483 276882 14757 9373 5425 262125 74173 71652 9583 5567 62069 22811 6723 16088
internal_count=399732 396516 110644 90473 64832 25641 12364 20171 285872 13277 8669 6643 5625 6224 14546 283573 280483 276882 14757 9373 5425 262125 74173 71652 9583 5567 62069 22811 6723 16088
cat_boundaries=0 32 64 93 125 154 186 215
cat_threshold=16 0 0 0 0 0 40960 0 0 2105344 0 0 65536 0 0 344981504 0 0 33554432 0 0 3221225472 38 0 0 248 0 0 6096 0 0 76800 0 0 0 0 0 0 0 0 0 0 0 0 0 0 0 0 0 0 33554432 0 0 1073741824 32 0 0 8 0 0 1488 0 0 3072 0 0 0 0 0 0 0 0 0 2097152 0 0 0 0 0 269484032 0 0 0 0 0 1073741824 32 0 0 0 0 0 336 0 0 0 0 0 0 0 0 0 16384 0 0 5373952 0 0 140509184 0 0 1023410176 1 0 805306368 24 0 0 515 0 0 32 0 0 4096 0 0 0 0 0 0 0 0 0 0 0 0 5373952 0 0 0 0 0 402653184 1 0 536870912 16 0 0 2 0 0 32 8 0 0 768 0 0 7424 0 0 102400 0 0 9043968 0 0 536870912 0 0 134217728 0 0 0 16 0 0 262 0 0 10240 0 0 49664 0 0 0 512 0 0 2304 0 0 69632 0 0 8519680 0 0 536870912 0 0 0 0 0 0 0 0 0 256 0 0 10240
is_linear=0
shrinkage=0.08


Tree=178
num_leaves=31
num_cat=12
split_feature=45 5 20 24 45 39 5 26 24 5 3 44 5 22 38 5 5 26 6 5 5 36 40 5 30 5 44 5 24 36
split_gain=3.97192 1.25702 1.65498 0.923401 0.890203 1.02144 2.51341 0.979885 0.955958 1.41376 1.32171 1.05434 1.00977 1.5349 1.46182 2.11121 1.4136 1.07031 1.37575 1.70712 1.5694 0.984398 1.10745 0.939807 0.934548 1.06828 1.04053 1.66232 1.05354 0.914124
threshold=-18.357194900512692 0 3.1325850486755376 -7.2832336425781241 32.573343276977546 1.800540626049042 1 4.2176501750946054 30.387756347656254 2 244.35803985595706 28.128105163574222 3 21.9569206237793 1.1701641082763674 4 5 2.5487058162689213 6 7 8 29.567240715026859 1.4850085973739626 9 1406.9375000000002 10 31.183823585510257 11 32.174285888671882 83.251476287841811
decision_type=2 9 2 2 2 2 9 2 2 9 2 2 9 2 2 9 9 2 1 9 9 2 2 9 2 9 2 9 2 2
left_child=-1 -2 3 -3 5 8 -7 -6 12 10 24 -11 14 -14 17 -16 -15 18 19 -5 -20 22 -12 -19 26 -26 27 28 -10 -25
right_child=1 2 -4 4 7 6 -8 -9 9 11 21 -13 13 16 15 -17 -18 23 20 -21 -22 -23 -24 29 25 -27 -28 -29 -30 -31
leaf_value=-0.17787539766537655 -0.0012804306963758775 -0.03035417628689039 0.042998092706553734 0.014912368081107869 0.012646414115298743 0.0090539195345486299 -0.013709647147177779 -0.0010080215282295686 -0.0053790486003997377 -0.0091339791307054365 0.0032324207987826084 -0.0023406539280343259 0.0011022306684642252 -0.0063289657764935402 0.0050190466757436053 -0.010816342596445646 0.0012077882706565016 -0.0098513077392576569 -0.0063146985698385432 0.0032947503945152225 0.0064039159468308347 -0.013264727776003203 -0.0052037253534839142 -0.00041758460921453199 -0.011870247709426178 0.0017355991395281314 -0.0038372159654949003 0.01119019714413904 0.00640891694106156 0.0010776962425760833
leaf_weight=3165 109875 3171 2045 2013 3638 2262 7652 3396 2537 8175 4898 14736 113603 4294 2638 5154 4689 4048 4156 4074 2787 2689 7112 52078 2325 3800 2236 5131 2968 8903
leaf_count=3165 109875 3171 2045 2013 3638 2262 7652 3396 2537 8175 4898 14736 113603 4294 2638 5154 4689 4048 4156 4074 2787 2689 7112 52078 2325 3800 2236 5131 2968 8903
internal_value=-8.56257e-05 -6.30894e-05 2.49548e-05 8.65344e-06 2.39421e-05 1.19191e-06 -0.000795648 0.000911981 3.10267e-05 -0.000260488 6.92837e-05 -0.000745019 0.000110205 0.000257539 -0.000100198 -0.00114432 -0.000748583 4.14922e-06 0.000665643 0.00154118 -0.000105128 -0.000500103 -0.000189685 -0.000128478 0.000509916 -0.000303179 0.000896754 0.00122638 0.000257013 -4.99018e-05
internal_weight=400248 397083 287208 285163 281992 274958 9914 7034 265044 56607 33696 22911 208437 122586 85851 7792 8983 78059 13030 6087 6943 14699 12010 65029 18997 6125 12872 10636 5505 60981
internal_count=400248 397083 287208 285163 281992 274958 9914 7034 265044 56607 33696 22911 208437 122586 85851 7792 8983 78059 13030 6087 6943 14699 12010 65029 18997 6125 12872 10636 5505 60981
cat_boundaries=0 32 64 93 125 154 180 181 213 245 265 291 310
cat_threshold=802 0 0 1024 0 0 65536 0 0 32768 0 0 37814272 0 0 18874368 0 0 33554432 0 0 268435456 5 0 0 632 0 0 6096 0 0 27648 0 0 0 0 0 0 0 0 0 16384 0 0 0 0 0 206569472 0 0 83886080 0 0 536870912 8 0 0 0 0 0 0 0 0 70144 8 0 0 128 0 0 6144 0 0 409600 0 0 3014656 0 0 349175808 0 0 3170893824 2 0 2147483648 32 0 0 4 0 0 32 200 0 0 96 0 0 31488 0 0 737280 0 0 8519680 0 0 5242880 0 0 486539264 2 0 536870912 40 0 0 0 0 0 8224 0 0 70144 64 0 0 0 0 0 20992 0 0 196608 0 0 0 0 0 1048576 0 0 0 0 0 0 8 0 0 0 0 0 32 20 0 0 14480 0 0 132096 0 0 3153920 0 0 18874368 0 0 8388608 0 0 0 0 0 0 0 0 0 259 5 8 0 0 0 0 0 22528 0 0 0 0 0 0 0 0 5242880 0 0 469762048 0 0 0 8 0 0 0 0 0 8192 0 0 512 136 0 0 64 0 0 14336 0 0 0 0 0 131072 0 0 0 0 0 402653184 2 0 536870912 8 0 0 0 0 0 32 0 0 512 0 0 0 0 0 0 0 0 0 0 0 0 0 0 0 5242880 0 0 16777216 2 0 0 0 0 0 0 0 0 0 0 0 0 262144 0 0 0 0 0 3087007744 2 0 0 0 0 0 4 8 0 0 128 0 0 0 0 0 131072 0 0 2097152 0 0 336592896 0 0 2164260864
is_linear=0
shrinkage=0.08


Tree=179
num_leaves=31
num_cat=0
split_feature=45 17 34 7 38 38 33 29 38 33 41 28 20 17 14 11 28 0 39 34 25 34 7 33 17 34 33 20 11 40
split_gain=4.39424 1.82253 0.962619 0.647582 5.63188 3.59731 2.29052 2.50137 2.03577 2.20088 2.22913 1.77373 1.7278 1.60887 1.57247 1.37746 1.3332 1.11512 1.0201 1.13068 0.99407 0.941622 0.939866 1.2576 0.939454 0.922321 1.29064 2.97671 2.12076 1.53711
threshold=-14.292426109313963 3.7240839004516606 -16.401916503906246 2.5000000000000004 -1.2139682769775388 -1.3967368602752683 15.961344242095949 0.51923751831054699 1.6669664382934573 22.308287620544437 27.447614669799808 1018.3878173828126 2.2284873723983769 1.6939073801040652 0.44637188315391546 2.3286204338073735 1004.1221923828126 13.750000000000002 1.3552919626235964 -1.1170043945312498 2.2337862253189091 -9.9309997558593732 1.5000000000000002 10.425600051879885 2.2370764017105107 1.8096618652343752 16.826687812805179 0.55537819862365734 0.46117565035820013 1.4040861129760744
decision_type=2 10 2 2 2 2 2 2 2 2 2 2 2 8 2 2 2 2 2 2 2 2 2 2 8 2 2 2 2 2
left_child=1 -1 -2 5 6 22 7 -5 9 21 12 13 17 -8 -12 24 -9 -11 25 -20 -19 -6 23 -4 -15 -7 27 -27 -28 -30
right_child=2 -3 3 4 8 18 11 16 -10 10 14 -13 -14 15 -16 -17 -18 20 19 -21 -22 -23 -24 -25 -26 26 28 -29 29 -31
leaf_value=-0.083375490941648631 -0.018976078207098873 -0.0080674240020073458 0.0019560489177240549 -0.01048913818542938 0.0062006028190077769 -0.00023978926869896636 0.015296484929384346 -0.00093203446788554887 -0.008551365151519906 0.0025145375260461566 0.0036000633555978252 0.051814553622052228 -0.0036932412217689104 0.0090272914150119326 -0.0013050718861110681 0.026535183693967488 0.018017226847325235 0.013721523332689542 0.0017632520865656638 0.011115584646398797 0.012076289903407375 -0.00075476410656789242 -0.0030047661573361713 -0.012001211880588175 -0.0098348551385571241 0.0048202631729163236 -0.001129700811498247 -0.0074307706447489076 0.0098356880215127798 0.0021694345534185679
leaf_weight=6167 2955 3380 2961 3811 2856 181322 3450 2200 18116 2259 2092 2083 2059 2422 9149 2274 3380 2168 9677 3232 2322 65222 20445 17489 2912 2032 5514 6776 5393 3815
leaf_count=6167 2955 3380 2961 3811 2856 181322 3450 2200 18116 2259 2092 2083 2059 2422 9149 2274 3380 2168 9677 3232 2322 65222 20445 17489 2912 2032 5514 6776 5393 3815
internal_value=-8.27427e-05 -0.00177755 -4.12514e-05 -3.0261e-05 0.000116317 -0.000103238 0.00126484 0.000310179 -0.000127357 3.14501e-05 0.000767934 0.00194631 0.00172012 0.0015403 2.0975e-05 0.000888421 0.00138819 0.00233821 2.60631e-05 0.000715534 0.00306667 -0.000185526 -0.000791591 -0.00117498 0.000184131 -1.74176e-05 0.000453695 -0.00031209 0.000911756 0.00165415
internal_weight=399933 9547 390386 387431 128775 258656 22532 9391 106243 88127 20049 13141 8808 11058 11241 7608 5580 6749 217761 12909 4490 68078 40895 20450 5334 204852 23530 8808 14722 9208
internal_count=399933 9547 390386 387431 128775 258656 22532 9391 106243 88127 20049 13141 8808 11058 11241 7608 5580 6749 217761 12909 4490 68078 40895 20450 5334 204852 23530 8808 14722 9208
is_linear=0
shrinkage=0.08


Tree=180
num_leaves=31
num_cat=0
split_feature=45 34 37 28 18 33 34 28 0 36 38 34 45 45 24 0 12 20 29 33 34 14 39 20 33 1 29 36 1 19
split_gain=3.99988 1.23271 0.834785 0.846018 2.48046 1.65578 2.32802 0.717541 0.714975 1.517 0.915496 0.955383 1.17601 0.93126 1.20085 0.748586 0.745001 0.836033 0.670861 1.58208 1.86076 1.5072 2.46415 2.26147 1.53926 1.40154 1.39038 1.20325 1.66255 1.13403
threshold=-18.357194900512692 -16.401916503906246 3.4867935180664067 1019.0465698242189 2.9789439439773564 15.480767726898195 3.8872375488281254 995.22091674804699 8.2500000000000018 85.076808929443374 0.61713790893554699 -2.6979064941406246 28.168746948242191 27.513121604919437 27.499862670898441 9.2500000000000018 0.39201109111309057 0.46056760847568518 0.90843582153320324 12.695807933807375 1.1508483886718752 3.2705868482589726 0.85696333646774303 2.0657478570938115 27.077183723449711 78.750000000000014 0.76412582397460949 4.1670799255371103 80.750000000000014 2.4563888311386113
decision_type=2 2 2 2 2 2 2 2 2 2 2 2 2 2 2 2 2 2 2 2 2 2 2 2 2 2 2 2 2 2
left_child=-1 -2 3 7 5 -5 -7 -3 9 10 11 -9 13 14 -13 16 -10 -18 19 20 25 29 23 -23 -24 -17 -27 28 -20 -21
right_child=1 2 -4 4 -6 6 -8 8 15 -11 -12 12 -14 -15 -16 18 17 -19 27 21 -22 22 24 -25 -26 26 -28 -29 -30 -31
leaf_value=-0.15892223420581369 -0.020743717821548994 0.01761371434339665 0.013177267060955296 -0.029773591173007326 0.024658767580197659 -0.015555493670238892 0.016506149324200709 -0.0026183750281910723 -0.0027591375724715351 0.0032840719578764057 -0.0039708618912860216 -0.00050609187360374746 0.0040672461246097462 -0.0013689867944033692 0.0040700712323118431 -7.4547990808387541e-05 0.0022369335896364833 -0.0016088124155592845 0.011097521313470828 -0.00018706608342979752 -0.0054021385943235972 0.0075628742698271093 -0.0023011702556699604 0.058087366402186279 0.018550224236781505 0.020171507033475856 0.0050055430579715454 -0.0010660725613104148 -0.0065857006564236011 -0.01901968422809628
leaf_weight=3206 3227 2356 2652 6757 2764 7151 3782 2407 5180 2254 2607 2601 2072 4216 3638 2591 2184 5798 2915 219652 2819 3317 10696 2245 2152 2449 3263 76697 2175 4407
leaf_count=3206 3227 2356 2652 6757 2764 7151 3782 2407 5180 2254 2607 2601 2072 4216 3638 2591 2184 5798 2915 219652 2819 3317 10696 2245 2152 2449 3263 76697 2175 4407
internal_value=-8.30511e-05 -6.0288e-05 -4.75065e-05 -5.71139e-05 -0.000557859 -0.000906216 -0.000297177 -2.94694e-05 -3.83889e-05 0.000429184 0.000177539 0.000419164 0.000699688 0.000353559 0.000973595 -6.49558e-05 -0.000656545 -0.000171172 -4.17198e-05 2.25384e-05 0.000955083 -2.02749e-05 0.000675352 0.0020804 6.59502e-05 0.00155756 0.00225655 -0.000240939 0.000949019 -7.74592e-05
internal_weight=400230 397024 393797 391145 20454 17690 10933 370691 368335 19795 17541 14934 12527 10455 6239 348540 13162 7982 335378 253591 11122 242469 18410 5562 12848 8303 5712 81787 5090 224059
internal_count=400230 397024 393797 391145 20454 17690 10933 370691 368335 19795 17541 14934 12527 10455 6239 348540 13162 7982 335378 253591 11122 242469 18410 5562 12848 8303 5712 81787 5090 224059
is_linear=0
shrinkage=0.08


Tree=181
num_leaves=31
num_cat=10
split_feature=45 5 10 45 16 32 5 27 45 5 14 5 9 14 22 33 14 26 14 27 26 40 5 41 43 5 5 45 5 5
split_gain=3.69423 1.2167 1.21193 0.957647 0.850683 0.805245 1.41885 0.724026 1.34885 1.00049 0.997028 1.2966 0.930637 1.51136 0.846582 1.77918 1.14397 1.5177 1.12864 1.04597 0.713573 0.659663 2.31971 0.90583 1.82458 5.26125 2.24436 1.63778 4.84519 1.73655
threshold=-18.357194900512692 0 0.26060445606708532 -13.604599475860594 2.9845149517059331 94.82309722900392 1 1011.2154846191407 4.7959589958190927 2 1.7852091789245608 3 4 0.62616950273513805 0.012874603271484377 18.2348165512085 1.8983132839202883 2.0390377044677739 2.7419296503067021 1015.0652465820314 5.4689271450042733 3.8666477203369145 5 28.293520927429203 28.803215980529789 6 7 28.216340065002445 8 9
decision_type=2 9 2 2 10 2 9 2 2 9 2 9 1 2 2 2 2 2 2 2 2 2 9 2 2 9 9 2 9 9
left_child=-1 2 -2 4 -4 6 -3 8 -5 14 12 -12 13 -10 15 18 17 -16 -9 -17 -18 23 -23 27 25 -25 -26 29 -29 -7
right_child=1 5 3 7 -6 21 -8 9 10 -11 11 -13 -14 -15 16 19 20 -19 -20 -21 -22 22 -24 24 26 -27 -28 28 -30 -31
leaf_value=-0.14238046613533159 0.0021509924135678306 0.027009796496901925 -0.068981220919000039 -0.034051004198884668 -0.0061851563556292646 -0.00082087000957149206 -0.0014047102118845884 -0.0099830123629752743 -0.0021936103462667318 -0.0020842705020055878 0.010513094557947092 -0.001123812732659158 -0.0029972693337545417 0.0036179621877770957 -0.0051634257252346754 0.0031703340355501747 -0.015391781888376843 0.0079590238587634067 0.013591792214427257 0.02539571423663849 0.0033269081959308683 0.0030303242001866897 -0.013638415776058626 0.002588369175286384 0.0020609578598613505 -0.0052837583622105371 -0.0014145508021939409 0.0051778035339804232 -0.00039795627309444824 0.00074428601546836989
leaf_weight=3219 2364 2186 2172 3307 2486 75216 2846 3610 3266 29898 2411 9866 26079 2519 2293 2103 5255 2739 2013 2534 2384 10292 9354 7006 15289 16517 26701 5880 9652 108747
leaf_count=3219 2364 2186 2172 3307 2486 75216 2846 3610 3266 29898 2411 9866 26079 2519 2293 2103 5255 2739 2013 2534 2384 10292 9354 7006 15289 16517 26701 5880 9652 108747
internal_value=-0.000103386 -8.14629e-05 -0.000311558 -0.000351995 -0.00147215 3.78219e-06 0.00100595 -0.00029982 -0.000526614 -9.60664e-05 -0.000409595 0.000202815 -0.000645543 0.000272178 0.000301337 0.000841284 -0.000135952 0.000799682 -0.000115747 0.00199957 -0.000752518 -1.39683e-05 -0.000461132 1.91977e-05 -0.000238879 -0.000802789 7.71419e-05 0.000103956 0.000892548 3.73306e-05
internal_weight=400204 396985 107299 104935 4658 289686 5032 100277 47448 52829 44141 12277 31864 5785 22931 10260 12671 5032 5623 4637 7639 284654 19646 265008 65513 23523 41990 199495 15532 183963
internal_count=400204 396985 107299 104935 4658 289686 5032 100277 47448 52829 44141 12277 31864 5785 22931 10260 12671 5032 5623 4637 7639 284654 19646 265008 65513 23523 41990 199495 15532 183963
cat_boundaries=0 32 64 93 125 126 158 184 213 245 277
cat_threshold=64 0 0 14336 0 0 0 0 0 1835008 0 0 2097152 0 0 285212672 0 0 805306368 3 0 536870912 8 0 0 252 0 0 1984 0 0 52480 0 0 0 0 0 0 0 0 0 0 0 0 0 0 0 0 0 0 16777216 0 0 0 49 0 0 768 0 0 0 0 0 8704 64 0 0 4096 0 0 0 0 0 0 0 0 0 0 0 16777216 0 0 536870912 3 0 536870912 0 0 0 192 0 0 1792 0 0 0 0 0 0 0 0 0 0 0 0 2097152 0 0 268435456 0 0 0 1 0 0 0 0 0 104 0 0 128 0 0 2048 9 0 0 0 0 0 0 0 0 0 147456 0 0 5439488 0 0 149946368 0 0 1224736768 0 0 3489660928 6 0 0 3 0 0 48 0 0 69632 559 0 0 64 0 0 3584 0 0 172032 0 0 196608 0 0 67108864 0 0 3221225472 0 0 268435456 0 0 0 2 556 0 0 1904 0 0 75776 0 0 2117632 0 0 29884416 0 0 181403648 0 0 67108864 0 0 0 0 0 0 0 0 0 16 136 0 0 1472 0 0 147712 0 0 2109440 0 0 4653056 0 0 537919488 0 0 3321888768 0 0 0 0 0 0 1 0 0 48 0 0 4096 189 0 0 224 0 0 512 0 0 2236416 0 0 16973824 0 0 139460608 0 0 2197815296 0 0 268435456 52 0 0 513 0 0 16 0 0 77824
is_linear=0
shrinkage=0.08


end of trees

feature_importances:
region_id=1110
blend_pred=414
now_ssrd_MJ=218
exp_climatology=197
now_msl_anom=165
now_anomaly=163
now_msl_hPa_mean=161
regmae_persistence=154
exp_recent3=144
now_t2m_C_max=136
rmse30_climatology=135
season_id=134
regmae_anom_persistence=127
now_rh_pct_mean=121
now_tcc_mean=112
now_msl_hPa_min=109
now_cape_max=104
rmse30_anom_persistence=103
now_target_tendency=99
rmse30_recent3=96
mae7_recent3=95
rmse30_persistence=90
regmae_recent3=82
mae7_climatology=81
now_t2m_C_mean=80
now_tp7=77
exp_anom_persistence=75
now_blh_mean=74
regmae_climatology=69
now_wind_speed_max=63
now_tp3=63
now_wind_speed_mean=62
expert_range=62
now_tp_mm=57
elev_proxy_m=54
longitude=52
lead_days=50
regime_id=49
latitude=48
expert_spread=41
mae7_persistence=37
exp_persistence=32
mae7_anom_persistence=28
lead_bucket_id=18
is_ocean=1

parameters:
[boosting: gbdt]
[objective: quantile]
[metric: quantile]
[tree_learner: serial]
[device_type: cpu]
[data_sample_strategy: bagging]
[data: ]
[valid: ]
[num_iterations: 600]
[learning_rate: 0.08]
[num_leaves: 31]
[num_threads: 16]
[seed: 42]
[deterministic: 0]
[force_col_wise: 0]
[force_row_wise: 0]
[histogram_pool_size: -1]
[max_depth: -1]
[min_data_in_leaf: 2000]
[min_sum_hessian_in_leaf: 0.001]
[bagging_fraction: 0.8]
[pos_bagging_fraction: 1]
[neg_bagging_fraction: 1]
[bagging_freq: 1]
[bagging_seed: 400]
[bagging_by_query: 0]
[feature_fraction: 0.6]
[feature_fraction_bynode: 1]
[feature_fraction_seed: 30056]
[extra_trees: 0]
[extra_seed: 12879]
[early_stopping_round: 0]
[early_stopping_min_delta: 0]
[first_metric_only: 0]
[max_delta_step: 0]
[lambda_l1: 0]
[lambda_l2: 10]
[linear_lambda: 0]
[min_gain_to_split: 0]
[drop_rate: 0.1]
[max_drop: 50]
[skip_drop: 0.5]
[xgboost_dart_mode: 0]
[uniform_drop: 0]
[drop_seed: 17869]
[top_rate: 0.2]
[other_rate: 0.1]
[min_data_per_group: 100]
[max_cat_threshold: 32]
[cat_l2: 10]
[cat_smooth: 10]
[max_cat_to_onehot: 4]
[top_k: 20]
[monotone_constraints: ]
[monotone_constraints_method: basic]
[monotone_penalty: 0]
[feature_contri: ]
[forcedsplits_filename: ]
[refit_decay_rate: 0.9]
[cegb_tradeoff: 1]
[cegb_penalty_split: 0]
[cegb_penalty_feature_lazy: ]
[cegb_penalty_feature_coupled: ]
[path_smooth: 0]
[interaction_constraints: ]
[verbosity: -1]
[saved_feature_importance_type: 0]
[use_quantized_grad: 0]
[num_grad_quant_bins: 4]
[quant_train_renew_leaf: 0]
[stochastic_rounding: 1]
[linear_tree: 0]
[max_bin: 255]
[max_bin_by_feature: ]
[min_data_in_bin: 3]
[bin_construct_sample_cnt: 200000]
[data_random_seed: 175]
[is_enable_sparse: 1]
[enable_bundle: 1]
[use_missing: 1]
[zero_as_missing: 0]
[feature_pre_filter: 1]
[pre_partition: 0]
[two_round: 0]
[header: 0]
[label_column: ]
[weight_column: ]
[group_column: ]
[ignore_column: ]
[categorical_feature: 5,6,8,9]
[forcedbins_filename: ]
[precise_float_parser: 0]
[parser_config_file: ]
[objective_seed: 16083]
[num_class: 1]
[is_unbalance: 0]
[scale_pos_weight: 1]
[sigmoid: 1]
[boost_from_average: 1]
[reg_sqrt: 0]
[alpha: 0.95]
[fair_c: 1]
[poisson_max_delta_step: 0.7]
[tweedie_variance_power: 1.5]
[lambdarank_truncation_level: 30]
[lambdarank_norm: 1]
[label_gain: ]
[lambdarank_position_bias_regularization: 0]
[eval_at: ]
[multi_error_top_k: 1]
[auc_mu_weights: ]
[num_machines: 1]
[local_listen_port: 12400]
[time_out: 120]
[machine_list_filename: ]
[machines: ]
[gpu_platform_id: -1]
[gpu_device_id: -1]
[gpu_device_id_list: ]
[gpu_use_dp: 0]
[num_gpu: 1]

end of parameters

pandas_categorical:[]
