tree
version=v4
num_class=1
num_tree_per_iteration=1
label_index=0
max_feature_idx=45
objective=quantile
feature_names=latitude longitude is_ocean elev_proxy_m coastal region_id season_id lead_days lead_bucket_id regime_id mae7_climatology mae7_persistence mae7_recent3 mae7_anom_persistence rmse30_climatology rmse30_persistence rmse30_recent3 rmse30_anom_persistence regmae_climatology regmae_persistence regmae_recent3 regmae_anom_persistence now_tp_mm now_t2m_C_mean now_t2m_C_max now_wind_speed_mean now_wind_speed_max now_msl_hPa_mean now_msl_hPa_min now_tcc_mean now_cape_max now_rh_pct_mean now_blh_mean now_ssrd_MJ now_msl_anom now_tp3 now_tp7 now_target_tendency now_anomaly expert_spread expert_range exp_climatology exp_persistence exp_recent3 exp_anom_persistence blend_pred
feature_infos=[7:37] [68:97] [0:1] [0:5388.1943359375] [0:1] -1:208:901:600:206:806:502:7:400:401:501:903:2:106:302:800:602:500:406:701:808:700:404:601:102:307:707:304:907:100:203:505:207:301:708:8:104:402:200:902:300:908:407:702:0:508:703:308:905:105:202:605:403:803:306:5:3:103:802:305:204:504:900:205:1:4:405:507:807:904:608:6:606:408:201:805:108:704:603:705:706:503:906:101:604:801:303:607:107:506:804:409:9:609:709:909:309:509:809:109:209:1001:1008:1004:1002:1000:1006:1003:1007:1005 -1:2:3:1:0 [1:3] -1:1:2 -1:5:4:2:3:0:1 [0.039854321628808975:14.030465126037598] [0.0269339419901371:10.275632858276367] [0.027800967916846275:11.881755828857422] [0.030145373195409775:10.141719818115234] [0.095096953213214874:9.478520393371582] [0.10346969962120056:8.7787113189697266] [0.10686710476875305:8.4840202331542969] [0.10558220744132996:8.6510257720947266] [0.26390203833580017:4.3360905647277832] [0.16303868591785431:4.3472285270690918] [0.18597042560577393:4.3054203987121582] [0.19417853653430939:4.4667496681213379] [0:263.92938232421875] [-35.311538696289062:41.265533447265625] [-30.327835083007812:48.153472900390625] [0.16000412404537201:16.713184356689453] [0.212224081158638:20.085485458374023] [991.29266357421875:1047.8157958984375] [986.6312255859375:1046.9569091796875] [0:1] [0:6924.375] [4.0008754730224609:99.99932861328125] [9.2278718948364258:3571.593017578125] [0.29107201099395752:35.168254852294922] [-31.7266845703125:31.2340087890625] [0:160.36891174316406] [0:594.80096435546875] [-9.8437004089355469:10.400772094726562] [-17.444795608520508:10.95421314239502] [0.0030411905609071255:7.2051887512207031] [0.0077304840087890625:17.787746429443359] [-28.420093536376953:39.064094543457031] [-35.311538696289062:41.265533447265625] [-34.785049438476562:40.588245391845703] [-34.924385070800781:41.755260467529297] [-32.9327392578125:41.053791046142578]
tree_sizes=1322 1821 1534 1815 1907 2187 2242 2223 1999 2357 2194 2288 2868 2871 3162 2853 2849 3278 3022 3042 3441 3718 3505 3522 3767 3559 3041 3610 3044 3715 3703 3047 3039 3047 3051 3646 3635 3762 3070 3704 3652 3047 3873 3702 3030 3904 3777 3056 3046 4021 3066 3688 3773 3612 3073 3950 3776 3074 3054 3084 3866 3092 3088 3854 4086 3088 3738 4056 3983 3081 3878 3898 3864 3080 3762 3786 4021 3091 3080 3081 3828 3097 3638 3745 3821 3908 3090 3659 3813 3092 3732 3972 3649 3741 3971 3655 3712 3811 3080 3075 4031 4100 4014 3932 3107 3103 3116 4234 4038 3122 3784 4039 3895 3703 3896 3760 3135 3052 3976 3114 4085 4217 3129 4106 3128 4171 3087 4050 3113 3122 4500 4192 3139 3122 4174 3882 4400 4215 3111 4073 4043 4240 3896 3127 4059 4077 4109 3096 3080 4209 3798 3991 4093 3104 4228 4029 3109 4306 3107 3968 4234 3125 3124 4451 3968 3902 3107 3088 3112 3112

Tree=0
num_leaves=13
num_cat=0
split_feature=44 41 41 23 33 44 33 41 24 24 44 24
split_gain=13748.9 546.698 361.844 160.484 130.505 78.2266 18.922 15.9271 5.57381 3.55916 1.35547 0.0538559
threshold=-10.063461780548094 -9.4903459548950178 -10.013496875762938 -7.8025054931640616 17.180735588073734 -12.566979408264158 17.03135967254639 -6.1368286609649649 -0.47206115722656244 -8.7858123779296857 -4.9291360378265372 0.55941772460937511
decision_type=2 2 2 2 2 2 2 2 2 2 2 2
left_child=2 -2 5 6 -4 9 -3 8 -5 -1 -9 -12
right_child=1 3 4 7 -6 -7 -8 10 -10 -11 11 -13
leaf_value=-11.334980009482736 -10.602041931152344 -10.383615295177442 -10.744529308938155 -10.268400568841535 -10.595123839569277 -10.770370725807343 -10.287153527760804 -10.120036618781201 -10.129478454589844 -10.911178418967175 -9.9421688827534673 -9.167439270019532
leaf_weight=9571 2994 2000 3212 2321 2049 3253 2448 3839 2665 2672 2619 360337
leaf_count=9571 2994 2000 3212 2321 2049 3253 2448 3839 2665 2672 2619 360337
internal_value=-10.1923 -10.1888 -10.2557 -10.1885 -10.2374 -10.2618 -10.2036 -10.1884 -10.1928 -10.2649 -10.1883 -10.1883
internal_weight=399980 379223 20757 376229 5261 15496 4448 371781 4986 12243 366795 362956
internal_count=399980 379223 20757 376229 5261 15496 4448 371781 4986 12243 366795 362956
is_linear=0
shrinkage=1


Tree=1
num_leaves=18
num_cat=0
split_feature=44 41 41 23 33 41 44 33 29 41 41 33 24 43 24 41 24
split_gain=12055.8 656.063 320.935 157.042 115.566 84.5217 69.039 17.5713 12.2901 10.6254 3.50089 11.3379 3.29986 1.68916 0.262137 0.0619862 0.0418874
threshold=-10.669801712036131 -8.9883384704589826 -10.565097808837889 -7.8025054931640616 16.977215766906742 -10.565097808837889 -14.008723735809324 18.184895515441898 0.49713516235351568 -6.1368286609649649 -14.842382431030272 15.906623840332033 -0.47206115722656244 -5.6802420616149893 -0.47206115722656244 -2.8110318183898921 3.0746002197265629
decision_type=2 2 2 2 2 2 2 2 2 2 2 2 2 2 2 2 2
left_child=2 5 6 7 -4 -2 10 -3 -8 12 -1 -12 -5 -11 -15 16 -16
right_child=1 3 4 9 -6 -7 8 -9 -10 13 11 -13 -14 14 15 -17 -18
leaf_value=-1.15125952159344 -0.47751019577885007 -0.1809926017721383 -0.54576785548026008 -0.053879820183199742 -0.45971897851362409 -0.18150993233456122 -0.43325739869503482 -0.07874957261498168 -0.67981914173520996 0.053318934740557468 -0.78031922632694073 -0.59984234228087407 0.075312441621067594 0.13742098392222274 0.20846597678467021 1.0366905734715548 0.30014917144713221
leaf_weight=5485 2243 2728 3091 2110 2039 2454 2024 2043 2228 2680 2152 2013 2534 2047 3250 356337 2460
leaf_count=5485 2243 2728 3091 2110 2039 2454 2024 2043 2228 2680 2152 2013 2534 2047 3250 356337 2460
internal_value=0.000264428 0.00337001 -0.0618565 0.00374131 -0.0445837 -0.0263123 -0.0681938 -0.0106664 -0.0592285 0.00392666 -0.0720787 -0.068824 0.000123765 0.00397481 0.00398956 0.00399481 0.00368531
internal_weight=399918 380886 19032 376189 5130 4697 13902 4771 4252 371418 9650 4165 4644 366774 364094 362047 5710
internal_count=399918 380886 19032 376189 5130 4697 13902 4771 4252 371418 9650 4165 4644 366774 364094 362047 5710
is_linear=0
shrinkage=0.08


Tree=2
num_leaves=15
num_cat=0
split_feature=44 43 44 29 34 24 44 19 23 44 43 24 10 17
split_gain=10810.8 480.084 421.588 66.3008 57.5636 50.4624 50.0926 48.4012 23.1081 10.8362 3.21628 0.78955 0.88448 0.0507965
threshold=-10.669801712036131 -7.3987948894500724 -13.26793336868286 0.39739990234375006 -8.2705078124999982 -11.585052490234373 -9.4182066917419416 2.0606013536453252 -6.1040534973144522 -8.2659354209899885 -5.1326904296874991 3.0746002197265629 2.7248598337173466 2.2150076627731328
decision_type=2 2 2 2 2 2 2 2 2 2 2 2 2 10
left_child=2 4 5 -4 -2 -1 -6 -7 -3 -8 -10 12 13 -12
right_child=1 8 3 -5 6 7 9 -9 10 -11 11 -13 -14 -15
leaf_value=-1.0365148658370655 -0.41648648129135118 -0.046830742416347722 -0.30831451680773242 -0.52618718262934983 -0.24621685080449637 -0.60668641955182734 -0.14387108066812809 -0.67631797367187274 0.040363086671004245 -0.061390433309846469 0.21795433647249024 0.97352044372966207 0.096540929061915276 0.19222328097510769
leaf_weight=6234 2004 3702 2900 3515 2594 3784 2227 2711 3031 2793 3891 355245 2095 3115
leaf_count=6234 2004 3702 2900 3515 2594 3784 2227 2711 3031 2793 3891 355245 2095 3115
internal_value=0.000485591 0.0034361 -0.0581593 -0.0413167 -0.0142011 -0.0666084 -0.011 -0.0612975 0.00389361 -0.00631412 0.00395699 0.00397859 0.0032317 0.00366363
internal_weight=399841 380697 19144 6415 9618 12729 7614 6495 371079 5020 367377 364346 9101 7006
internal_count=399841 380697 19144 6415 9618 12729 7614 6495 371079 5020 367377 364346 9101 7006
is_linear=0
shrinkage=0.08


Tree=3
num_leaves=18
num_cat=0
split_feature=42 41 41 18 42 41 43 42 18 41 10 17 42 42 41 19 24
split_gain=9593.95 583.96 378.201 119.876 118.772 94.4624 53.1835 37.8085 16.1388 9.82881 3.25304 2.88921 1.47219 0.621179 0.113816 0.041381 0.00689843
threshold=-11.404857635498045 -8.9883384704589826 -12.487942695617674 2.2199301719665532 -7.8025054931640616 -11.17696952819824 -13.479141235351561 -15.79728317260742 2.3279390335083012 -4.7597205638885489 2.5883991718292241 3.7240839004516606 -6.1040534973144522 -3.8631782531738277 -1.1528183817863462 1.6490153074264529 3.5998077392578129
decision_type=2 2 2 2 2 2 2 2 2 2 2 10 2 2 2 2 2
left_child=2 5 7 -4 8 -2 -5 11 -3 10 12 -1 -6 -11 15 -15 -17
right_child=1 4 3 6 9 -7 -8 -9 -10 13 -12 -13 -14 14 -16 16 -18
leaf_value=-0.93492159160631561 -0.44704428324364287 -0.060496492391967034 -0.3240427325697639 -0.59342736360893855 0.012490486890446602 -0.17081907481250255 -0.35322587030841734 -0.60080391344864825 -0.18391037017033404 0.11789449885568999 -0.042453383757745801 -0.97074704612005924 0.10540364984759019 0.28890023319086117 0.9573548753951322 0.19941297715927281 0.23564837362381666
leaf_weight=4129 2177 3233 2707 2204 2226 3467 2537 3694 2148 3836 2109 2402 3806 2492 351986 2182 2282
leaf_count=4129 2177 3233 2707 2204 2226 3467 2537 3694 2148 3836 2109 2402 3806 2492 351986 2182 2282
internal_value=0.000697621 0.00336464 -0.0569105 -0.043085 0.00374797 -0.0221549 -0.0507843 -0.0669292 -0.00804229 0.00391923 0.00116845 -0.0708448 0.00211321 0.00398093 0.00399187 0.00363824 0.00345463
internal_weight=399617 381944 17673 7448 376300 5644 4741 10225 5381 370919 8141 6531 6032 362778 358942 6956 4464
internal_count=399617 381944 17673 7448 376300 5644 4741 10225 5381 370919 8141 6531 6032 362778 358942 6956 4464
is_linear=0
shrinkage=0.08


Tree=4
num_leaves=19
num_cat=0
split_feature=45 45 45 45 45 30 45 30 35 31 40 45 18 45 3 12 45 12
split_gain=9143.38 467.295 344.402 62.7462 54.7579 20.1899 19.4238 14.3174 12.4148 3.28702 2.7537 2.16836 1.30498 0.252285 0.222312 0.195336 0.0938342 0.0367048
threshold=-11.669060230255125 -8.2108817100524885 -13.604599475860594 -16.021200180053707 -10.458421707153319 7.3125000000000009 -6.5069067478179923 6.6875000000000009 0.21791458129882815 52.330961227416999 3.0889627933502202 -3.3140602111816402 2.5700099468231206 -0.55015555024147023 4517.7197265625009 1.9993481040000918 -18.357194900512692 1.7845038771629336
decision_type=2 2 2 2 2 2 2 2 2 2 2 2 2 2 2 2 2 2
left_child=2 4 3 16 -2 -4 9 -5 10 -3 -6 12 14 15 -8 -13 -1 -16
right_child=1 6 5 7 8 -7 11 -9 -10 -11 -12 13 -14 -15 17 -17 -18 -19
leaf_value=-0.97715850392624792 -0.22426247260828622 0.0097759528768191616 -0.28911870264335499 -0.40644115018548471 -0.11260817334497876 -0.34499123403904158 0.10642335856806082 -0.50739363822607597 -0.19552276800605856 -0.083067559384499182 -0.073214220384405559 0.21809825908403468 0.051548031715665708 0.89206653547288828 0.16179942366779596 0.17087865926340315 -0.61112611386765092 0.12098677110146668
leaf_weight=3189 3242 2831 2243 2136 2037 2600 2376 2605 2390 2000 2001 5253 2600 352036 2459 2636 3122 2156
leaf_count=3189 3242 2831 2243 2136 2037 2600 2376 2605 2390 2000 2001 5253 2600 352036 2459 2636 3122 2156
internal_value=0.000979711 0.00344139 -0.0584583 -0.0662766 -0.0139132 -0.0405168 0.00389005 -0.0589004 -0.00961292 -0.0011477 -0.00687945 0.00395594 0.00276263 0.00398766 0.00333152 0.00351893 -0.0717159 0.0036627
internal_weight=399912 384017 15895 11052 9670 4843 374347 4741 6428 4831 4038 369516 9591 359925 6991 7889 6311 4615
internal_count=399912 384017 15895 11052 9670 4843 374347 4741 6428 4831 4038 369516 9591 359925 6991 7889 6311 4615
is_linear=0
shrinkage=0.08


Tree=5
num_leaves=19
num_cat=4
split_feature=45 45 45 45 45 45 45 5 5 10 45 45 5 17 5 45 31 13
split_gain=8137.14 414.713 369.203 54.7819 46.9576 32.926 18.1459 9.25959 3.86138 2.09033 1.7679 1.03799 0.959913 0.16424 0.261438 0.140271 0.0135569 0.00626878
threshold=-11.669060230255125 -14.292426109313963 -8.2108817100524885 -17.063447952270504 -12.923419952392576 -10.458421707153319 -5.9670064449310294 0 1 2.4073460102081303 1.0000000180025095e-35 -7.0711865425109854 2 1.825224041938782 3 -3.3140602111816402 48.217626571655281 1.2076022624969485
decision_type=2 2 2 2 2 2 2 9 9 2 2 2 9 10 9 2 2 2
left_child=1 3 5 -1 -3 -2 8 -7 11 -5 12 -4 -8 17 16 -16 -15 -14
right_child=2 4 6 9 -6 7 10 -9 -10 -11 -12 -13 13 14 15 -17 -18 -19
leaf_value=-0.84042318707207786 -0.19575981362991546 -0.35210919986134043 -0.0017684544133447391 -0.43654565588915673 -0.26016624497623292 -0.070964061624230135 0.077697316274200234 -0.16632260804184185 -0.070608145850215506 -0.50637502280936952 0.85434166120242827 0.070490912306801587 0.197644718505779 0.16980526126309781 0.11208638334070094 0.17249353633922992 0.11877037049582219 0.18823416649664865
leaf_weight=4754 3248 3155 2091 2030 3187 3002 2389 3378 2356 2792 350526 2095 3034 2636 2519 2343 2219 2259
leaf_count=4754 3248 3155 2091 2030 3187 3002 2389 3378 2356 2792 350526 2095 3034 2636 2519 2343 2219 2259
internal_value=0.00116286 -0.0548674 0.00348629 -0.065397 -0.0388904 -0.0119743 0.00388411 -0.00861346 -0.000291819 -0.0589719 0.00395836 0.00116595 0.00316595 0.00340386 0.00319811 0.00273822 0.00363897 0.00378126
internal_weight=400013 15918 384095 9576 6342 9628 374467 6380 6542 4822 367925 4186 17399 15010 9717 4862 4855 5293
internal_count=400013 15918 384095 9576 6342 9628 374467 6380 6542 4822 367925 4186 17399 15010 9717 4862 4855 5293
cat_boundaries=0 32 64 96 128
cat_threshold=0 0 0 0 0 0 0 0 0 0 0 0 0 0 0 0 0 0 0 0 0 0 7 0 0 92 0 0 3712 0 0 82944 0 0 0 0 0 0 0 0 0 0 0 0 0 0 0 0 0 0 0 0 0 0 5 0 0 248 0 0 8096 0 0 49152 0 0 0 0 0 0 0 0 0 0 0 0 0 0 0 0 0 0 2147483648 1 0 2147483648 0 0 0 517 0 0 528 0 0 13056 0 0 0 0 0 0 0 0 0 0 0 0 0 0 0 0 0 0 0 0 0 0 1 0 0 232 0 0 14432 0 0 82944
is_linear=0
shrinkage=0.08


Tree=6
num_leaves=21
num_cat=2
split_feature=45 45 45 45 45 30 45 45 33 22 5 27 33 45 22 5 11 33 45 15
split_gain=6979.4 459.013 297.087 64.7618 41.8006 28.8662 25.8978 18.385 13.8911 10.756 4.61222 4.22862 2.2365 1.72061 1.18483 0.951826 0.31958 0.0587868 0.000941716 0.000189647
threshold=-11.669060230255125 -15.078511238098143 -8.2108817100524885 -12.923419952392576 -18.357194900512692 5.0312500000000009 -10.458421707153319 -5.4536685943603507 15.417791843414308 0.1273155212402344 0 1023.3155822753907 17.131584167480472 0.56275889277458202 1.3403892517089846 1 2.3766536712646489 17.932224273681644 3.1001744270324711 2.1412144899368291
decision_type=2 2 2 2 2 2 2 2 2 2 9 2 2 2 2 9 2 2 2 10
left_child=1 4 6 5 -1 -3 -2 10 -6 11 -4 -8 -12 14 16 -16 17 -9 -15 -19
right_child=2 3 7 -5 8 -7 9 13 -10 -11 12 -13 -14 18 15 -17 -18 19 -20 -21
leaf_value=-0.83335696988338759 -0.18331900154745243 -0.29603536977510631 -0.072839843928430903 -0.2368607019797267 -0.50687681334234036 -0.35814344342077398 -0.097100443536145498 0.13196955318566217 -0.48616731588919315 -0.18310181910241766 -0.016722163198367748 -0.036032815495636833 0.057581069732176762 0.28264373083489863 0.028466455095682273 0.13642901169869928 0.11051827967345 0.22246162592477003 0.97189208324387066 0.19873603558151856
leaf_weight=3215 3273 2027 2294 3196 2012 2784 2356 3234 2740 2042 2011 2027 3817 7887 2330 2010 2123 4289 340838 3437
leaf_count=3215 3273 2027 2294 3196 2012 2784 2356 3234 2740 2042 2011 2027 3817 7887 2330 2010 2123 4289 340838 3437
internal_value=0.00135958 -0.0504369 0.0035157 -0.0368282 -0.0640506 -0.0427372 -0.0103016 0.003874 -0.0588559 -0.00733178 0.000109198 -0.00507808 0.00130506 0.0039575 0.00317627 0.00202299 0.00355702 0.00373382 0.00399644 0.00387073
internal_weight=399942 15974 383968 8007 7967 4811 9698 374270 4752 6425 8122 4383 5828 366148 17423 4340 13083 10960 348725 7726
internal_count=399942 15974 383968 8007 7967 4811 9698 374270 4752 6425 8122 4383 5828 366148 17423 4340 13083 10960 348725 7726
cat_boundaries=0 32 64
cat_threshold=0 0 0 0 0 0 0 0 0 0 0 0 0 0 0 0 0 0 0 0 0 0 58 0 0 772 0 0 16 0 0 11776 0 0 0 0 0 0 0 0 0 0 0 0 0 0 0 0 0 0 0 1 0 2147483648 57 0 0 705 0 0 1808 0 0 10752
is_linear=0
shrinkage=0.08


Tree=7
num_leaves=21
num_cat=3
split_feature=23 41 41 6 23 23 41 29 24 5 18 43 18 5 43 12 27 23 12 13
split_gain=5166.28 433.664 273.827 130.83 139.112 55.5827 51.7175 39.4168 23.6149 14.0618 10.8996 6.21297 1.42316 1.33319 0.985755 0.433524 0.102933 0.090655 0.135918 0.0302528
threshold=-11.404857635498045 -15.928809642791746 -8.461512088775633 0 -14.924133300781248 -7.2217178344726554 -11.17696952819824 0.50245666503906261 -14.299041748046873 1 2.2231792211532597 1.0000000180025095e-35 2.6124904155731206 2 -5.6802420616149893 2.3204880952835087 1016.7608642578126 2.6123046875000004 2.1188863515853886 1.486939609050751
decision_type=2 2 2 1 2 2 2 2 2 9 2 2 2 9 2 2 2 2 2 2
left_child=1 8 6 4 -3 10 -2 -6 -1 -8 -4 12 14 -14 -7 16 -16 18 -13 -18
right_child=2 3 5 -5 7 11 9 -9 -10 -11 -12 17 13 -15 15 -17 19 -19 -20 -21
leaf_value=-0.80561947708172088 -0.30309875312325962 -0.43036427673589217 -0.007840531515582002 -0.28436541834408957 -0.24636205048277859 0.050685407369502021 -0.17514632691323737 -0.27801576093514885 -0.52495865401202368 -0.05358952451466948 -0.11366194481822406 0.25206376107927381 0.12339279557873609 -0.005904989271419761 0.10964543407629045 0.10289458048532059 0.15588054845198712 0.85666722144625962 0.16545675267087037 0.13881508430167863
leaf_weight=2407 2191 3953 2848 3399 3594 3123 2024 2021 2234 2556 3041 5774 2001 2336 2522 2955 3894 343050 2034 2280
leaf_count=2407 2191 3953 2848 3399 3594 3123 2024 2021 2234 2556 3041 5774 2001 2336 2522 2955 3894 343050 2034 2280
internal_value=0.00155521 -0.0408019 0.00350543 -0.0332444 -0.0380526 0.0037928 -0.0124283 -0.0298987 -0.0618009 -0.00756427 -0.00391321 0.00391556 0.00250845 0.00123027 0.00288258 0.00322134 0.00350839 0.00399213 0.0036879 0.00369599
internal_weight=400237 17608 382629 12967 9568 375858 6771 5615 4641 4580 5889 369969 19111 4337 14774 11651 8696 350858 7808 6174
internal_count=400237 17608 382629 12967 9568 375858 6771 5615 4641 4580 5889 369969 19111 4337 14774 11651 8696 350858 7808 6174
cat_boundaries=0 1 33 65
cat_threshold=9 0 0 0 0 0 0 0 0 0 0 0 0 0 0 0 0 0 0 0 0 0 0 48 0 0 824 0 0 12400 0 0 34816 0 0 0 0 0 0 0 0 0 0 0 0 0 0 0 0 0 0 0 0 0 0 26 0 0 24 0 0 192 0 0 3840
is_linear=0
shrinkage=0.08


Tree=8
num_leaves=20
num_cat=0
split_feature=45 45 45 45 22 45 22 45 45 22 26 39 45 45 3 11 18 11 30
split_gain=4837.39 355.012 287.449 47.2405 42.1395 37.8562 13.761 10.4655 7.09682 3.97695 2.94542 2.30278 1.49278 1.04455 0.85477 0.787602 0.308066 0.112682 0.0211574
threshold=-12.304445743560789 -16.021200180053707 -7.6388113498687735 -18.357194900512692 0.021457672119140628 -11.052321434020994 0.17023086547851565 -3.3140602111816402 -9.8891592025756818 1.7409324645996096 2.8989577293396001 1.2088128924369814 -5.9670064449310294 1.627222537994385 4730.1259765625009 2.0233538150787358 2.2690172195434575 1.4769101738929751 52.937500000000007
decision_type=2 2 2 2 2 2 2 2 2 2 2 2 2 2 2 2 2 2 2
left_child=1 3 5 -1 -3 -2 8 9 -7 12 -6 -10 14 15 -4 17 -14 18 -9
right_child=2 4 7 -5 10 6 -8 13 11 -11 -12 -13 16 -15 -16 -17 -18 -19 -20
leaf_value=-0.70502227979219756 -0.170749946093745 -0.25477298755427752 0.00082127620384514716 -0.42742694143749144 -0.32244846859303844 -0.11284107347432513 -0.1675578629895163 0.19223932542077068 -0.057364093532451949 -0.041369352046394942 -0.32935981444069468 0.00035861494877716392 0.12525813190397389 0.73418634791259252 0.064002339751182372 0.092751917188216529 0.074988668578698847 0.16583691985162766 0.1776965397931593
leaf_weight=3153 3255 3452 2275 3163 2015 2228 2820 5104 2437 2028 2529 2072 3872 345131 2019 3500 2772 3421 2006
leaf_count=3153 3255 3452 2275 3163 2015 2228 2820 5104 2437 2028 2529 2072 3872 345131 2019 3500 2772 3421 2006
internal_value=0.00178461 -0.0438676 0.00348305 -0.0580613 -0.0325976 -0.00829449 -0.005746 0.00388875 -0.00377234 0.00165413 -0.0377128 -0.00193937 0.00225722 0.00396937 0.00109108 0.00328495 0.00300812 0.00363191 0.00382584
internal_weight=399252 14312 384940 6316 7996 12812 9557 372128 6737 12966 4544 4509 10938 359162 4294 14031 6644 10531 7110
internal_count=399252 14312 384940 6316 7996 12812 9557 372128 6737 12966 4544 4509 10938 359162 4294 14031 6644 10531 7110
is_linear=0
shrinkage=0.08


Tree=9
num_leaves=22
num_cat=2
split_feature=45 45 45 45 45 22 22 22 45 33 45 18 45 5 11 22 45 5 33 29 45
split_gain=3934.61 323.17 244.1 69.6787 30.2208 24.8758 16.4699 11.9414 9.84148 9.24994 3.87024 2.95736 2.35783 2.16687 1.10066 0.56333 0.408306 0.121125 0.0384404 0.0312776 0.00120356
threshold=-12.304445743560789 -17.063447952270504 -7.6388113498687735 -14.292426109313963 -11.052321434020994 0.032901763916015632 0.015735626220703128 0.1273155212402344 -4.9262075424194327 15.356735706329347 -9.8891592025756818 2.3279390335083012 2.1524105072021489 0 2.4262593984603886 2.0384788513183598 -6.5069067478179923 1 17.180735588073734 0.66189956665039074 4.3717133998870858
decision_type=2 2 2 2 2 2 2 2 2 2 2 2 2 9 2 2 2 9 2 2 2
left_child=1 9 4 5 -2 -3 -5 10 11 -1 -6 16 14 -12 15 17 -4 -10 -19 -20 -14
right_child=2 3 8 6 7 -7 -8 -9 12 -11 13 -13 20 -15 -16 -17 -18 18 19 -21 -22
leaf_value=-0.66106044718566215 -0.15808665112023876 -0.30502458756112394 0.036289291341218693 -0.19097199549171195 -0.084379654403014592 -0.36590273151479119 -0.26247670072103174 -0.13765805493218047 0.13599661981453037 -0.5622974199683205 0.0021127455695637704 -0.019795819162618248 0.23487603846309074 -0.047358662470980438 0.081133321476154596 0.093335980097617455 0.081669868483305749 0.11699690039660147 0.19128545329792127 0.16292687489593419 0.87354858032451288
leaf_weight=2018 3279 2024 2120 2053 2170 2708 2734 3146 2007 2789 2152 2861 7784 2197 3129 3821 3070 2257 6954 2330 336438
leaf_count=2018 3279 2024 2120 2053 2170 2708 2734 3146 2007 2789 2152 2861 7784 2197 3129 3821 3070 2257 6954 2330 336438
internal_value=0.00198076 -0.0391724 0.00351022 -0.0305766 -0.00728609 -0.037493 -0.0236756 -0.00502532 0.00388529 -0.0560955 -0.00306387 0.00111698 0.00394637 -0.0016802 0.00310864 0.00335785 0.00225385 0.00360171 0.00371629 0.00380633 0.00399617
internal_weight=400041 14326 385715 9519 12944 4732 4787 9665 372771 4807 6519 8051 364720 4349 20498 17369 5190 13548 11541 9284 344222
internal_count=400041 14326 385715 9519 12944 4732 4787 9665 372771 4807 6519 8051 364720 4349 20498 17369 5190 13548 11541 9284 344222
cat_boundaries=0 32 64
cat_threshold=0 0 0 0 0 0 0 0 0 0 0 0 0 0 0 0 0 0 0 0 0 0 49 0 0 656 0 0 12016 0 0 17408 0 0 0 0 0 0 0 0 0 0 0 0 0 0 0 0 0 0 2147483648 0 0 2147483648 0 0 0 768 0 0 176 0 0 13568
is_linear=0
shrinkage=0.08


Tree=10
num_leaves=22
num_cat=0
split_feature=45 45 45 45 29 45 45 29 29 29 36 45 45 27 27 3 14 3 45 45 21
split_gain=3132.08 274.286 207.577 78.2565 28.0141 19.3057 10.4391 8.87836 7.95383 3.76569 2.87252 1.64749 1.41374 1.21948 0.390877 0.368478 0.175207 0.0741393 0.0610394 0.0199374 0.018278
threshold=-12.304445743560789 -18.357194900512692 -7.6388113498687735 -14.292426109313963 0.60550308227539074 -9.8891592025756818 -3.3140602111816402 0.38601684570312506 0.50245666503906261 0.49713516235351568 9.1366767883300799 2.1524105072021489 -6.5069067478179923 1012.0407104492189 1019.6436462402345 4487.5478515625009 2.6714397668838505 4646.2731933593759 5.2022025585174569 -1.7242704033851621 1.7227486371994021
decision_type=2 2 2 2 2 2 2 2 2 2 2 2 2 2 2 2 2 2 2 2 2
left_child=1 -1 5 4 -3 8 10 -5 -2 -7 12 13 -4 -8 -14 16 -15 -16 20 -17 -13
right_child=2 3 6 7 -6 9 11 -9 -10 -11 -12 18 14 15 17 19 -18 -19 -20 -21 -22
leaf_value=-0.59437055285245433 -0.10134301412205397 -0.31549613539219595 0.013500764544320105 -0.18634700776080199 -0.35360679895777575 -0.029823772886669136 0.047657271040965607 -0.23808247402968577 -0.16171515994229269 -0.11589769039309079 -0.020005817224986608 0.24330436458825372 0.066133651629323872 0.14121579632894699 0.084694162202812201 0.15346188457520038 0.097074115368473227 0.14490833500075334 0.88811342525091963 0.20438173763248696 0.18226988238869749
leaf_weight=3212 3780 3982 2825 2055 2361 3864 2025 2759 2686 2556 2624 7675 3243 2659 2187 2530 2677 2030 333005 5828 3362
leaf_count=3212 3780 3982 2825 2055 2361 3864 2025 2759 2686 2556 2624 7675 3243 2659 2187 2530 2677 2030 333005 5828 3362
internal_value=0.0021622 -0.0344978 0.00352932 -0.0285208 -0.0343756 -0.00644975 0.00387453 -0.0207512 -0.00953304 -0.00333437 0.00163759 0.00395475 0.00223992 0.00314807 0.0028166 0.00341915 0.00288515 0.00332813 0.00399151 0.00375621 0.00377188
internal_weight=399925 14369 385556 11157 6343 12886 372670 4814 6466 6420 12909 359761 10285 15719 7460 13694 5336 4217 344042 8358 11037
internal_count=399925 14369 385556 11157 6343 12886 372670 4814 6466 6420 12909 359761 10285 15719 7460 13694 5336 4217 344042 8358 11037
is_linear=0
shrinkage=0.08


Tree=11
num_leaves=23
num_cat=0
split_feature=45 45 45 45 22 45 22 22 45 22 35 27 30 7 45 45 27 13 3 45 19 3
split_gain=2468.55 243.539 176.53 60.9179 33.0453 21.1792 10.0002 8.86111 7.67441 6.95146 2.34121 2.26867 1.32556 0.710175 0.693807 0.347635 0.347499 0.337858 0.123969 0.0596323 0.0518743 0.0478131
threshold=-12.304445743560789 -18.357194900512692 -7.0711865425109854 -14.292426109313963 0.032901763916015632 -10.458421707153319 0.015735626220703128 0.010013580322265627 0.56275889277458202 0.17023086547851565 1.4061927795410158 1021.6949462890626 26.312500000000004 1.5000000000000002 -4.9262075424194327 2.6212915182113652 1017.1739196777345 1.8181269168853762 4505.6960449218759 6.396303892135621 1.9088407158851626 4544.3505859375009
decision_type=2 2 2 2 2 2 2 2 2 2 2 2 2 2 2 2 2 2 2 2 2 2
left_child=1 -1 5 4 -3 7 -5 -2 10 11 13 -7 -12 21 -15 17 -16 -10 -18 20 -17 -4
right_child=2 3 8 6 -6 9 -8 -9 15 -11 12 -13 -14 14 16 19 18 -19 -20 -21 -22 -23
leaf_value=-0.55863547676407999 -0.085889664386715539 -0.27275287567924911 0.11879821058054255 -0.16261486417259119 -0.31541313931331444 -0.046288587522175489 -0.22253361181754533 -0.16013582813566551 0.18042785302392317 -0.11849626799671645 0.10362444886849265 -0.0026989917122750202 0.0029067206021959036 0.037655164741178186 0.08078226727137286 0.24126166026341403 0.089453983303151505 0.11695429333992516 0.14974131955099718 0.96344227758682699 0.17704318859729534 0.14617117867863014
leaf_weight=3224 2126 2700 2079 2056 3591 3080 2832 2725 4229 2945 2036 3669 3411 3558 2521 11970 2077 2044 3124 328328 2225 3446
leaf_count=3224 2126 2700 2079 2056 3591 3080 2832 2725 4229 2945 2036 3669 3411 3558 2521 11970 2077 2044 3124 328328 2225 3446
internal_value=0.00233433 -0.0301719 0.00354928 -0.0245459 -0.0297661 -0.00509378 -0.0177803 -0.00940465 0.00388821 -0.0029291 0.00244578 -0.00150969 0.00100202 0.00291288 0.00254384 0.00398016 0.00297051 0.00336973 0.00334753 0.00399124 0.00380007 0.00366034
internal_weight=399996 14403 385593 11179 6291 14545 4888 4851 371048 9694 22252 6749 5447 16805 11280 348796 7722 6273 5201 342523 14195 5525
internal_count=399996 14403 385593 11179 6291 14545 4888 4851 371048 9694 22252 6749 5447 16805 11280 348796 7722 6273 5201 342523 14195 5525
is_linear=0
shrinkage=0.08


Tree=12
num_leaves=25
num_cat=6
split_feature=45 41 45 45 22 45 24 45 5 22 5 33 33 45 27 5 5 17 5 24 5 22 20 21
split_gain=1956.59 216.165 156.528 51.9905 18.0159 16.8119 12.6524 8.15106 6.55843 6.50606 4.1792 2.49644 1.85898 1.75607 1.42891 0.948183 0.651138 0.222883 0.19587 0.179555 0.226239 0.0528205 0.044519 0.044349
threshold=-12.304445743560789 -17.367986679077145 -7.0711865425109854 -15.078511238098143 0.032901763916015632 -9.8891592025756818 -8.7858123779296857 2.1524105072021489 0 1.0000000180025095e-35 1 17.03135967254639 17.180735588073734 -3.8371863365173335 1010.9788208007814 2 3 2.2849425077438359 4 8.9877014160156268 5 0.13589859008789065 2.6861301660537724 1.7094220519065859
decision_type=2 2 2 2 2 2 2 2 9 2 9 2 2 2 2 9 9 10 9 2 9 2 2 2
left_child=1 -1 5 4 -3 9 -5 12 -7 -2 -11 -10 13 -4 -14 -16 -15 23 21 20 -9 -19 -21 -17
right_child=2 3 7 6 -6 8 -8 19 11 10 -12 -13 14 16 15 17 -18 18 -20 22 -22 -23 -24 -25
leaf_value=-0.52802517825022965 -0.071077141375223654 -0.28223639732827704 0.00020068773535917046 -0.16019235233613333 -0.31252464787558121 -0.1021305758132829 -0.19725157731416559 0.14186367300053201 -0.048535344306029689 -0.16683104415205094 -0.090771119027603403 0.010049491986870203 0.024881226939938168 0.1286680599823736 0.075701415942070402 0.15437698341363271 0.052591934375110255 0.13400310491794998 0.088991634760564362 0.6685576363724447 0.19740795948740417 0.10305278368327665 0.35429148127969262 0.12706464820708882
leaf_weight=3239 2195 2153 3128 2800 2636 2176 3527 2157 2314 2176 2103 3628 2200 2099 2158 5098 2031 2005 2966 334042 5800 2009 2187 3313
leaf_count=3239 2195 2153 3128 2800 2636 2176 3527 2157 2314 2176 2103 3628 2200 2099 2158 5098 2031 2005 2966 334042 5800 2009 2187 3313
internal_value=0.00247987 -0.0265103 0.00355925 -0.0211771 -0.0274816 -0.00456595 -0.0163693 0.00387877 -0.00213681 -0.00760395 -0.00942038 -0.000750084 0.0025387 0.00144084 0.00294124 0.00318219 0.00252174 0.00340302 0.00305579 0.00398385 0.00358328 0.00344472 0.00399322 0.00369125
internal_weight=400140 14355 385785 11116 4789 14592 6327 371193 8118 6474 4279 5942 27007 7258 19749 17549 4130 15391 6980 344186 7957 4014 336229 8411
internal_count=400140 14355 385785 11116 4789 14592 6327 371193 8118 6474 4279 5942 27007 7258 19749 17549 4130 15391 6980 344186 7957 4014 336229 8411
cat_boundaries=0 32 64 96 128 160 192
cat_threshold=0 0 0 0 0 0 0 0 0 0 0 0 0 0 0 0 0 0 0 0 0 0 56 0 0 772 0 0 8240 0 0 35328 0 0 0 0 0 0 0 0 0 0 0 0 0 0 0 0 0 0 0 0 0 0 49 0 0 880 0 0 10256 0 0 98304 0 0 0 0 0 0 0 0 0 0 0 0 0 0 0 0 0 0 0 0 0 0 16 0 0 517 0 0 48 0 0 2560 0 0 0 0 0 0 0 0 0 0 0 0 0 0 0 0 0 0 2147483648 0 0 0 58 0 0 284 0 0 5344 0 0 256 0 0 0 0 0 0 0 0 0 0 0 0 0 0 0 0 0 0 0 0 0 0 0 0 0 240 0 0 15104 0 0 49152 0 0 0 0 0 0 0 0 0 0 0 0 0 0 0 0 0 0 0 1 0 2147483648 1 0 0 56 0 0 240 0 0 77312
is_linear=0
shrinkage=0.08


Tree=13
num_leaves=26
num_cat=6
split_feature=45 41 45 45 45 5 45 45 5 8 28 45 18 34 5 20 30 5 45 20 17 11 18 5 18
split_gain=1492.94 157.898 133.27 32.6904 13.5235 11.1732 9.68659 6.91271 6.29093 3.01405 3.08069 2.08517 1.78217 1.61641 1.44065 0.380503 0.425574 0.325997 0.267856 0.533307 0.195362 0.0653062 0.0207287 0.0158271 0.00821288
threshold=-12.304445743560789 -17.367986679077145 -7.0711865425109854 -15.078511238098143 -11.052321434020994 0 3.5407916307449345 -13.604599475860594 1 2 1020.2784423828126 -5.4536685943603507 2.2636115550994877 -11.834106445312498 3 1.6033234596252444 57.812500000000007 4 8.064918518066408 1.9618402123451235 2.2608194351196294 1.9090557098388674 2.14323902130127 5 2.5507564544677739
decision_type=2 2 2 2 2 9 2 2 9 1 2 2 2 2 9 2 2 9 2 2 8 2 2 9 2
left_child=1 -1 4 5 -2 -3 11 -5 -6 10 -10 12 -4 -13 -15 23 17 21 19 24 -19 22 -17 -16 -8
right_child=2 3 6 7 8 -7 18 -9 9 -11 -12 13 -14 14 15 16 -18 20 -20 -21 -22 -23 -24 -25 -26
leaf_value=-0.46676823617904978 -0.12480264164446632 -0.22474888534708179 0.055887536022404934 -0.20237429659517464 -0.12245768654454679 -0.31024803494891018 0.22627834017425802 -0.14904319252734041 -0.073050732937926577 0.0061683374536027425 -0.013275242128395448 0.023749391152016949 -0.016278855536669939 0.032768022893201056 0.1508407280002699 0.17322684324461665 0.084061095771882532 0.11705945407931616 1.0540547092257311 0.13459447408890116 0.072140786638357074 0.12794850302985039 0.12128200720760621 0.14545475382844053 0.22011830791478681
leaf_weight=3212 3288 2539 2770 3096 2331 2245 13030 3237 3393 2963 2562 2147 2018 2229 3837 3076 3924 2040 321967 2144 3009 2031 2068 2357 2215
leaf_count=3212 3288 2539 2770 3096 2331 2245 13030 3237 3393 2963 2562 2147 2018 2229 3837 3076 3924 2040 321967 2144 3009 2031 2068 2357 2215
internal_value=0.0026196 -0.0227271 0.00356254 -0.0181839 -0.00394941 -0.0231923 0.00385709 -0.0143699 -0.00262581 -0.0016478 -0.00268567 0.00251377 0.000973739 0.00278928 0.00297319 0.00316644 0.00295779 0.00319241 0.00398173 0.00366205 0.00265851 0.00355525 0.00372837 0.00370986 0.00382956
internal_weight=399728 14329 385399 11117 14537 4784 370862 6333 11249 8918 5955 31506 4788 26718 24571 22342 16148 12224 339356 17389 5049 7175 5144 6194 15245
internal_count=399728 14329 385399 11117 14537 4784 370862 6333 11249 8918 5955 31506 4788 26718 24571 22342 16148 12224 339356 17389 5049 7175 5144 6194 15245
cat_boundaries=0 32 64 65 97 129 158
cat_threshold=0 0 0 0 0 0 0 0 0 0 0 0 0 0 0 0 0 0 0 0 0 0 33 0 0 252 0 0 1520 0 0 16384 0 0 0 0 0 0 0 0 0 0 0 0 0 0 0 0 0 0 0 0 0 0 40 0 0 769 0 0 8208 0 0 2048 2 0 0 0 0 0 0 0 0 0 0 0 0 0 0 0 0 0 0 0 0 0 0 0 0 0 513 0 0 16 0 0 14848 0 0 0 0 0 0 0 0 0 0 0 0 0 0 0 0 0 0 0 0 0 0 26 0 0 504 0 0 672 0 0 16640 0 0 0 0 0 0 0 0 0 0 0 0 0 0 0 0 0 0 2147483648 0 0 0 6 0 0 444 0 0 15232
is_linear=0
shrinkage=0.08


Tree=14
num_leaves=28
num_cat=6
split_feature=43 41 41 22 33 10 14 33 41 10 41 43 5 5 17 5 17 23 5 33 34 28 5 19 5 23 22
split_gain=1051.5 215.669 56.4856 51.8278 33.5874 18.1528 19.1067 11.7007 8.91142 7.15183 6.95769 6.14414 5.84906 2.75749 1.30354 1.81275 0.855354 0.794683 0.585638 0.50293 0.328318 0.15378 0.118557 0.0893476 0.0820523 0.00603757 0.00244834
threshold=-10.368892192840574 -17.367986679077145 -4.7597205638885489 1.0000000180025095e-35 17.378111839294437 3.3583831787109379 2.966187715530396 16.233792304992679 -12.487942695617674 2.2765947580337529 -8.9883384704589826 1.6240997314453127 0 1 2.1686761379241948 2 2.5059154033660893 6.565082550048829 3 16.774080276489261 -4.9674072265624991 1007.0246887207032 4 2.4563888311386113 5 8.7021484375000018 0.20456314086914065
decision_type=2 2 2 2 2 2 2 2 2 2 2 2 9 9 10 9 10 2 9 2 2 2 9 2 9 2 2
left_child=1 -1 7 12 5 6 -5 9 -6 -2 -9 14 -3 -12 19 -16 -15 18 -13 -4 -17 -20 -21 25 -23 -19 -24
right_child=2 3 11 4 8 -7 -8 10 -10 -11 13 17 -14 16 15 20 -18 23 21 22 -22 24 26 -25 -26 -27 -28
leaf_value=-0.42727813448757701 -0.027450230704654119 -0.061105927931344929 0.053780193946465875 -0.22164111676080001 -0.19169178096554923 -0.27700911458159783 -0.14543038095995958 -0.063588819481314021 -0.10850106491965358 -0.12987942262605087 -0.012822331146471194 0.10964008074221573 -0.14587525848959929 0.063914821280898981 0.0074110555625241147 0.066911914147632479 0.023244416139661758 0.24329600650200087 0.10868660871014285 0.10307666147711356 0.096755933290030363 0.15521652103043782 0.15563535033351758 0.36241046049044484 0.1815350576309758 1.0267518861553322 0.1123274373461217
leaf_weight=3302 2329 3343 2854 2020 2224 2002 3313 2438 2245 2030 2764 2476 2238 3423 2944 2071 2427 7508 2190 2007 3589 2684 2476 2050 10109 318740 2010
leaf_count=3302 2329 3343 2854 2020 2224 2002 3313 2438 2245 2030 2764 2476 2238 3423 2944 2071 2427 7508 2190 2007 3589 2684 2476 2050 10109 318740 2010
internal_value=0.00272932 -0.0148298 0.00368781 -0.0112573 -0.0142597 -0.0175929 -0.0150979 -0.00105544 -0.00876178 -0.00456031 0.000329778 0.00388882 -0.00489286 0.00139796 0.00244329 0.00172928 0.00237819 0.00396379 0.00342985 0.003098 0.00256338 0.00362141 0.00348947 0.00399208 0.00373444 0.00399571 0.00375144
internal_weight=399806 20687 379119 17385 11804 7335 5333 15411 4469 4359 11052 363708 5581 8614 17951 8604 5850 345757 17459 9347 5660 14983 6493 328298 12793 326248 4486
internal_count=399806 20687 379119 17385 11804 7335 5333 15411 4469 4359 11052 363708 5581 8614 17951 8604 5850 345757 17459 9347 5660 14983 6493 328298 12793 326248 4486
cat_boundaries=0 32 64 96 128 160 192
cat_threshold=0 0 0 0 0 0 0 0 0 0 0 0 0 0 0 0 0 0 0 0 0 0 33 0 0 504 0 0 15488 0 0 106496 0 0 0 0 0 0 0 0 0 0 0 0 0 0 0 0 0 0 0 0 0 0 58 0 0 773 0 0 8272 0 0 3584 0 0 0 0 0 0 0 0 0 0 0 0 0 0 0 0 0 0 0 0 0 0 52 0 0 513 0 0 1808 0 0 12288 0 0 0 0 0 0 0 0 0 0 0 0 0 0 0 0 0 0 0 2 0 0 32 0 0 16 0 0 80 0 0 72192 0 0 0 0 0 0 0 0 0 0 0 0 0 0 0 0 0 0 2147483648 0 0 2147483648 20 0 0 773 0 0 400 0 0 109056 0 0 0 0 0 0 0 0 0 0 0 0 0 0 0 0 0 0 0 0 0 2415919104 9 0 0 512 0 0 288 0 0 8448
is_linear=0
shrinkage=0.08


Tree=15
num_leaves=29
num_cat=2
split_feature=43 41 43 31 10 41 6 6 41 35 42 18 42 34 18 41 10 32 29 12 42 20 20 34 17 42 18 18
split_gain=841.131 165.969 53.9101 31.8976 13.8004 15.3317 15.3768 13.3244 7.12932 6.87892 6.38134 4.28273 1.79736 1.69328 1.34533 1.30579 1.29086 1.03063 0.797293 0.565465 0.524682 0.543626 0.297049 0.169639 0.139623 0.0610582 0.0231856 0.00309682
threshold=-10.368892192840574 -17.367986679077145 -4.5938391685485831 62.671810150146491 1.5415157675743105 -12.487942695617674 0 1 -9.4903459548950178 0.1387596130371094 4.0038986206054696 2.3279390335083012 -7.2217178344726554 -11.568756103515623 2.1746259927749638 -6.1368286609649649 1.7287661433219912 271.15602111816412 0.68907546997070324 1.7209224700927737 10.271636962890627 1.9178766012191775 2.1239733695983891 -11.109832763671873 1.9795584678649905 -1.0836982727050779 2.3379489183425908 1.8483551740646365
decision_type=2 2 2 2 2 2 1 1 2 2 2 2 2 2 2 2 2 2 2 2 2 2 2 2 10 2 2 2
left_child=1 -1 8 4 -3 9 -7 -5 -2 -6 13 15 -13 -4 22 16 -10 -16 24 -17 21 23 25 -12 -19 -15 -25 -27
right_child=2 3 10 7 5 6 -8 -9 11 -11 20 12 -14 14 17 19 -18 18 -20 -21 -22 -23 -24 26 -26 27 -28 -29
leaf_value=-0.41911107620014887 -0.06817571106502715 -0.019769147867860673 0.010206510421411224 -0.22818405266082015 -0.14335391851504342 -0.05647613895592634 -0.15806706419609259 -0.19270772017078711 0.022155838424100883 -0.23772283895464452 0.13429151294915292 -0.071690903379945076 -0.0078115665842922255 0.098176690925656854 0.04835577026074632 0.07241708064389038 -0.022003780484774655 0.11896152978075158 0.058953310546172311 0.021654108282511082 1.0549858720739753 0.12609047233669415 0.09508374862296877 0.22421772073742066 0.077830853678077613 0.16016192380342401 0.2050941758789164 0.15636048411193085
leaf_weight=3207 2644 2068 2152 2110 2207 3506 2474 3068 2440 2058 3013 2347 2139 2470 3064 2008 2260 3117 2228 2039 316353 3248 3136 13309 2169 4776 2549 2197
leaf_count=3207 2644 2068 2152 2110 2207 3506 2474 3068 2440 2058 3013 2347 2139 2470 3064 2008 2260 3117 2228 2039 316353 3248 3136 13309 2169 4776 2549 2197
internal_value=0.00282438 -0.0128766 0.00368067 -0.00979807 -0.00757186 -0.00877426 -0.00614357 -0.0150671 -0.000881979 -0.0124398 0.00387982 -0.000122933 -0.00212989 0.0026524 0.00285182 0.000907617 1.04087e-10 0.00218285 0.00268687 0.00195908 0.00397152 0.00358606 0.00341219 0.00375213 0.00322205 0.00364033 0.00386136 0.0037766
internal_weight=400356 20698 379658 17491 12313 10245 5980 5178 15877 4265 363781 13233 4486 25309 23157 8747 4700 10578 7514 4047 338472 22119 12579 18871 5286 9443 15858 6973
internal_count=400356 20698 379658 17491 12313 10245 5980 5178 15877 4265 363781 13233 4486 25309 23157 8747 4700 10578 7514 4047 338472 22119 12579 18871 5286 9443 15858 6973
cat_boundaries=0 1 2
cat_threshold=3 8
is_linear=0
shrinkage=0.08


Tree=16
num_leaves=29
num_cat=0
split_feature=24 24 23 31 33 10 15 33 43 17 23 10 11 27 11 43 33 27 33 23 20 1 17 27 26 33 10 17
split_gain=666.282 103.004 48.75 24.0999 24.795 25.8931 11.7452 11.051 8.94805 7.87504 7.54155 4.72437 4.49425 2.16853 1.86759 1.64245 1.81831 0.552842 0.541326 0.499906 0.442413 0.402202 0.0979281 0.0972174 0.067874 0.0117744 0.00732725 0.00213921
threshold=-4.7101135253906241 -14.299041748046873 -4.4444808959960929 35.220981597900398 21.577919960021976 2.7248598337173466 2.7932338714599614 17.830080032348636 -14.147947311401365 2.9893555641174321 4.8525466918945321 2.4073460102081303 2.4262593984603886 1009.8176879882814 2.2433915138244633 1.0000000180025095e-35 17.932224273681644 1017.1739196777345 20.780735969543461 10.271636962890627 1.9178766012191775 77.750000000000014 2.3113805055618291 1010.3540954589845 2.1162804365158085 25.212287902832035 1.3657895326614382 3.3208961486816411
decision_type=2 2 2 2 2 2 8 2 2 8 2 2 2 2 2 2 2 2 2 2 2 2 10 2 2 2 2 10
left_child=1 -1 7 12 5 6 -5 9 -7 11 13 -2 -3 -4 18 16 -15 -18 -9 20 23 -17 -19 -12 -23 -25 -26 -21
right_child=2 3 10 4 -6 8 -8 14 -10 -11 19 -13 -14 15 -16 21 17 22 -20 27 -22 24 -24 25 26 -27 -28 -29
leaf_value=-0.3562005692711111 0.0099982298327470492 -0.034917391663493669 0.0034332611418700937 -0.082375240548598128 -0.084395503262120308 -0.24389887191879847 -0.1777178143625632 0.027086732012042369 -0.18522127531149796 -0.12138164177529635 0.13778087727840113 -0.088632992333404048 -0.096560834182957911 0.018127856510201438 -0.0077344427378679527 0.088102565271132707 0.068951385166549126 0.12091725950481744 0.074727467356173971 0.98155792263104347 0.12850626680389951 0.14234848471483794 0.10764948127028151 0.21511539104723351 0.12481710663106495 0.20118418129951207 0.14378698752798363 0.49304003747960573
leaf_weight=3093 3640 2599 2026 3147 2374 2410 2665 2303 2134 2018 2475 2066 2201 3925 2715 2072 2918 2895 3224 314456 2691 3224 2207 11828 2946 2004 6185 2036
leaf_count=3093 3640 2599 2026 3147 2374 2410 2665 2303 2134 2018 2475 2066 2201 3925 2715 2072 2918 2895 3224 314456 2691 3224 2207 11828 2946 2004 6185 2036
internal_value=0.00291642 -0.0110846 0.00367683 -0.00870011 -0.0105212 -0.0122107 -0.00864857 -0.000649474 -0.0167378 -0.00282183 0.00386667 -0.00129741 -0.00385863 0.00261307 0.0013873 0.00280676 0.00210958 0.0027995 0.00223009 0.0039727 0.00356439 0.00338214 0.0033036 0.00372299 0.00355681 0.00381217 0.00368056 0.00399709
internal_weight=400477 20623 379854 17530 12730 10356 5812 15966 4544 7724 363888 5706 4800 28398 8242 26372 11945 8020 5527 335490 18998 14427 5102 16307 12355 13832 9131 316492
internal_count=400477 20623 379854 17530 12730 10356 5812 15966 4544 7724 363888 5706 4800 28398 8242 26372 11945 8020 5527 335490 18998 14427 5102 16307 12355 13832 9131 316492
is_linear=0
shrinkage=0.08


Tree=17
num_leaves=30
num_cat=5
split_feature=44 41 42 33 16 29 41 5 27 32 14 33 7 41 41 34 5 24 27 17 5 5 19 15 5 29 41 15 41
split_gain=566.552 105.947 37.1359 18.4283 19.947 9.19393 8.6693 8.10547 8.08999 7.0383 4.35245 4.0602 3.63658 3.30394 2.20927 2.15107 1.75686 1.35303 0.705576 0.391354 0.461899 0.24527 0.134536 0.118571 0.0579264 0.0507707 0.0252724 0.0198788 0.0127915
threshold=-9.4182066917419416 -17.367986679077145 0.54163742065429699 23.643839836120609 3.8546439409255986 0.73015975952148449 -9.4903459548950178 0 1019.6436462402345 267.46296691894537 3.1313626766204838 18.131903648376468 1.5000000000000002 -5.2019467353820792 9.7499432563781756 -9.9309997558593732 1 -2.0167999267578121 1007.9017944335939 2.191460490226746 2 3 1.6269018054008486 1.8995751738548281 4 0.53032302856445324 3.4143828153610234 2.1412144899368291 12.597339630126955
decision_type=2 2 2 2 8 2 2 9 2 2 2 2 2 2 2 2 9 2 2 10 9 9 2 10 9 2 2 10 2
left_child=1 -1 6 4 5 7 -2 9 -6 -3 -9 12 -8 -14 16 -13 -4 -17 -18 25 -21 23 27 -20 -24 -19 -26 -23 -16
right_child=2 3 14 -5 8 -7 11 10 -10 -11 -12 15 13 -15 28 17 18 19 21 20 -22 22 24 -25 26 -27 -28 -29 -30
leaf_value=-0.33936171551946631 -0.074655407707050966 -0.14472489182869466 0.057766815960365869 -0.00025128194372123116 -0.1330446522314683 -0.15347576285497014 0.063783986579122931 -0.083099363114804703 -0.23623664818645179 -0.086558895070463104 -0.016354256470189989 -0.0034217167537894458 -0.051413212570384358 0.015326918718646476 0.25987221243110747 0.01317844732211069 0.068568883475771905 0.10162399124723243 0.1698800988101726 0.04710487438462635 0.094555770424607277 0.19088069585512521 0.11866603692440185 0.10291941300053972 0.11269210710162898 0.092563105146619959 0.15484109232267249 0.13905073302793633 1.0060725324052544
leaf_weight=3238 2333 2023 2817 2106 2054 2428 3595 3078 2390 2746 2305 2096 2937 3848 4740 2498 2047 3127 3078 2295 3713 14144 2282 2350 2620 2117 2166 2488 310696
leaf_count=3238 2333 2023 2817 2106 2054 2428 3595 3078 2390 2746 2305 2096 2937 3848 4740 2498 2047 3127 3078 2295 3713 14144 2282 2350 2620 2117 2166 2488 310696
internal_value=0.00297144 -0.00939709 0.0037036 -0.00712435 -0.00799718 -0.0063606 0.000929539 -0.00529345 -0.0126053 -0.00769346 -0.00313678 0.00134563 0.000115496 -0.000974246 0.00393029 0.00215086 0.00331416 0.00251453 0.0034871 0.0028883 0.00243802 0.00358954 0.00370995 0.00304552 0.00339531 0.00339855 0.0036005 0.00384377 0.00399658
internal_weight=400355 22368 377987 19130 17024 12580 28559 10152 4444 4769 5383 26226 10380 6785 349428 15846 33992 13750 31175 11252 6008 29128 23700 5428 7068 5244 4786 16632 315436
internal_count=400355 22368 377987 19130 17024 12580 28559 10152 4444 4769 5383 26226 10380 6785 349428 15846 33992 13750 31175 11252 6008 29128 23700 5428 7068 5244 4786 16632 315436
cat_boundaries=0 32 64 96 128 160
cat_threshold=0 0 0 0 0 0 0 0 0 0 0 0 0 0 0 0 0 0 0 0 0 0 47 0 0 264 0 0 1472 0 0 25088 0 0 0 0 0 0 0 0 0 0 0 0 0 0 0 0 0 0 0 0 0 0 0 0 0 0 0 0 272 0 0 14592 0 0 0 0 0 0 0 0 0 0 0 0 0 0 0 0 0 0 0 0 0 0 22 0 0 521 0 0 5200 0 0 33792 0 0 0 0 0 0 0 0 0 0 0 0 0 0 0 0 0 0 2147483648 2 0 0 33 0 0 0 0 0 8288 0 0 66048 0 0 0 0 0 0 0 0 0 0 0 0 0 0 0 0 0 0 0 0 0 2147483648 8 0 0 796 0 0 0 0 0 16384
is_linear=0
shrinkage=0.08


Tree=18
num_leaves=31
num_cat=2
split_feature=44 44 23 29 10 6 11 7 43 27 44 31 43 36 30 1 6 27 43 44 0 1 18 27 43 19 32 21 0 11
split_gain=468.029 75.7411 36.0886 17.7857 8.8024 9.08395 8.01734 5.94298 6.23559 6.28978 4.53178 4.84165 2.63969 2.63062 2.78715 1.96932 1.7101 1.6335 1.51825 0.868881 0.781375 0.403325 0.228232 0.160199 0.137424 0.140936 0.0860167 0.0825749 0.120562 0.0655942
threshold=-9.4182066917419416 -19.329110145568844 0.54163742065429699 0.44820022583007818 2.3265807628631596 0 3.3106648921966557 1.5000000000000002 -7.3987948894500724 1020.7056884765626 -11.915470123291014 56.867021560668952 8.1900839805603045 7.0710184574127206 30.281250000000004 83.750000000000014 1 1009.5994567871095 -4.0235290527343741 -6.0097968578338614 36.250000000000007 76.250000000000014 1.8557468652725222 1016.6324157714845 12.322314262390138 1.7056074738502505 437.61914062500006 1.1691920161247256 30.750000000000004 1.0469469428062441
decision_type=2 2 2 2 2 1 2 2 2 2 2 2 2 2 2 2 1 2 2 2 2 2 2 2 2 2 2 2 2 2
left_child=1 -1 7 4 15 -6 10 19 9 -9 11 -5 17 16 -15 -3 22 -4 -18 -2 21 -19 -10 -21 25 -14 -25 -23 29 -29
right_child=2 3 12 6 5 -7 -8 8 13 -11 -12 -13 24 14 -16 -17 18 20 -20 23 -22 27 -24 26 -26 -27 -28 28 -30 -31
leaf_value=-0.32520217787430883 0.03892576172636366 -0.052361694586738859 0.034762169514204001 -0.1039237780311319 -0.1538764644583161 -0.059122113614170593 -0.18852821861551683 -0.090246996696338691 0.091536637904618565 0.013106341215065612 -0.083704847571468108 -0.15348084877784979 0.21678208810838809 0.05253438755961469 -0.04594778816636963 0.0063518995930117398 -0.009664038256639999 0.097103321909334711 0.049930746461358255 0.066858612365262249 0.068552421572970007 0.17047569303160132 0.052434754752608725 0.094532380835561286 0.90856115835252127 0.15285172685265339 0.10273133704765496 0.12882459482356853 0.13106703025826641 0.11029190123864185
leaf_weight=3190 3158 2140 2171 2006 2783 2532 2728 2174 2220 2140 2408 2293 8822 2399 2561 2373 2628 2263 2860 2033 2720 5633 2003 2016 311474 2324 2470 2115 9709 2076
leaf_count=3190 3158 2140 2171 2006 2783 2532 2728 2174 2220 2140 2408 2293 8822 2399 2561 2373 2628 2263 2860 2033 2720 5633 2003 2016 311474 2324 2470 2115 9709 2076
internal_value=0.00303394 -0.00818537 0.00370062 -0.00628797 -0.00389998 -0.00610329 -0.00876866 0.000971261 0.00014846 -0.00252174 -0.00726098 -0.00881968 0.00392454 0.000934814 -0.00056338 -0.00129737 0.00169983 0.00315646 0.000761075 0.00258367 0.00334274 0.00350289 0.00290643 0.00311166 0.00398797 0.00368806 0.00338612 0.00362135 0.00350252 0.0031145
internal_weight=400422 22453 377969 19263 9828 5315 9435 28662 18985 4314 6707 4299 349307 14671 4960 4513 9711 26687 5488 9677 24516 21796 4223 6519 322620 11146 4486 19533 13900 4191
internal_count=400422 22453 377969 19263 9828 5315 9435 28662 18985 4314 6707 4299 349307 14671 4960 4513 9711 26687 5488 9677 24516 21796 4223 6519 322620 11146 4486 19533 13900 4191
cat_boundaries=0 1 2
cat_threshold=8 6
is_linear=0
shrinkage=0.08


Tree=19
num_leaves=31
num_cat=0
split_feature=24 41 43 31 31 33 33 1 10 43 11 17 39 34 12 19 35 35 7 1 41 17 34 34 34 18 41 34 43 35
split_gain=395.629 76.5945 36.2837 18.5524 12.5483 9.50122 8.96794 8.04089 6.55066 3.85477 3.79486 2.68069 1.87781 1.83932 1.74698 0.983439 0.771653 0.666443 0.490341 0.44643 0.31487 0.345224 0.229962 0.168094 0.192389 0.103557 0.0445901 0.0152002 0.0147702 0.00495796
threshold=-4.1370544433593741 -15.928809642791746 1.0000000180025095e-35 64.169151306152358 62.671810150146491 14.801856040954592 17.632319450378422 82.250000000000014 2.8357511758804326 8.1900839805603045 1.9637009501457217 2.1456825733184819 1.4520213007926943 -13.114654541015623 2.528996586799622 2.1546379327774052 1.3747215270996096 0.23889541625976565 2.5000000000000004 77.250000000000014 13.621316432952883 2.0808414220809941 -6.6523742675781241 0.77081298828125011 -9.6156005859374982 2.2188211679458623 -5.6688554286956778 -10.096374511718748 2.6490122079849248 5.394458770751954
decision_type=2 2 2 2 2 2 2 2 2 2 2 8 2 2 2 2 2 2 2 2 2 10 2 2 2 2 2 2 2 2
left_child=1 3 6 -1 5 -3 8 -6 11 13 -7 -2 -12 -4 16 19 18 -16 22 -15 21 27 -8 24 -21 28 -24 -11 -26 -30
right_child=2 4 9 -5 7 10 14 -9 -10 20 12 -13 -14 15 17 -17 -18 -19 -20 23 -22 -23 26 -25 25 -27 -28 -29 29 -31
leaf_value=-0.19242982972226824 0.034035227382751818 -0.10707272304776533 0.021673733543817197 -0.30510206975643739 -0.074612243143790918 0.0059476970054092209 0.051209693153123792 -0.18576843794228076 -0.084234433453817856 0.17186433879496932 -0.07694961907650609 -0.022965547142790609 -0.039525060285060219 0.089336164072451402 0.040375139592331862 0.055480644610770118 0.036400718314730733 -0.0087432468067428874 0.038428165461219181 0.10042109174069193 0.87386690856028781 0.13201867687544408 0.079209416618892678 0.1151960925231945 0.10527336746792125 0.13014048108134949 0.11678723472344572 0.22698740494028957 0.15487524566055708 0.15937047518416747
leaf_weight=2285 3755 3949 2064 2544 2447 3178 2094 3214 2932 2004 2581 3470 2149 2686 2028 2410 2510 2086 2955 3357 308989 3206 2079 2060 2741 3389 3109 8376 7205 2346
leaf_count=2285 3755 3949 2064 2544 2447 3178 2094 3214 2932 2004 2581 3470 2149 2686 2028 2410 2510 2086 2955 3357 308989 3206 2079 2060 2741 3389 3109 8376 7205 2346
internal_value=0.00307458 -0.00726627 0.00368634 -0.0161777 -0.00480192 -0.00331777 0.000861033 -0.00789914 -0.00101623 0.00390389 -0.00171356 0.000279198 -0.00314768 0.00300524 0.00199182 0.00318638 0.00245418 0.000556741 0.00276256 0.00334269 0.00398252 0.00359106 0.00311684 0.0034675 0.00354431 0.00366605 0.00340746 0.00381906 0.00378215 0.00385357
internal_weight=400198 22347 377851 4829 17518 11857 27018 5661 10157 350833 7908 7225 4730 28258 16861 26194 12747 4114 10237 23784 322575 13586 7282 21098 19038 15681 5188 10380 12292 9551
internal_count=400198 22347 377851 4829 17518 11857 27018 5661 10157 350833 7908 7225 4730 28258 16861 26194 12747 4114 10237 23784 322575 13586 7282 21098 19038 15681 5188 10380 12292 9551
is_linear=0
shrinkage=0.08


Tree=20
num_leaves=31
num_cat=8
split_feature=45 45 45 45 45 10 22 23 5 45 5 15 5 10 29 14 5 18 45 10 5 6 5 15 10 24 22 15 41 5
split_gain=379.602 48.5482 48.263 12.6627 10.4374 8.64043 5.3298 4.29955 4.28814 2.9871 2.23685 2.14828 2.30958 1.98766 1.4813 1.09024 0.80091 0.734543 0.719301 0.662916 0.45851 0.475428 0.601241 0.218435 0.324235 0.208142 0.175277 0.107983 0.101502 0.0433414
threshold=-11.669060230255125 -18.357194900512692 -4.3661670684814444 -14.292426109313963 5.9970154762268075 3.1220432519912724 2.3388862609863286 -13.41831588745117 0 -7.0711865425109854 1 2.185264110565186 2 2.8795458078384404 0.58205032348632824 2.5639272928237919 3 1.9116753339767458 9.0243248939514178 1.7647715806961062 4 5 6 1.3320141434669497 1.3657895326614382 5.1769104003906259 0.76532363891601574 2.2310029268264775 13.621316432952883 7
decision_type=2 2 2 2 2 2 2 2 9 2 9 10 9 2 2 2 9 2 2 2 9 1 9 8 2 2 2 10 2 9
left_child=1 -1 6 5 11 8 9 -5 -3 10 -2 20 14 15 -13 -12 18 26 -6 -11 25 22 -22 -23 -25 -4 -14 -20 29 -18
right_child=2 3 4 7 16 -7 -8 -9 -10 19 13 12 17 -15 -16 -17 28 -19 27 -21 21 23 -24 24 -26 -27 -28 -29 -30 -31
leaf_value=-0.27842762355378081 0.022585132274706134 -0.08371957820776349 0.082547347344902211 -0.046596300641933375 0.10720137462741511 -0.1804939865795166 -0.10069321095987643 -0.10113263140410647 -0.14456998771047619 0.054307685107294057 -0.019799308117914069 0.058106888680122239 0.098872521120749207 -0.078097922786155766 -0.027357036049606296 0.014042211187684214 0.16291010863128091 0.04370999635057167 0.23297981883668459 0.022016003262128627 0.10018391446994292 0.13233965057525446 0.021878464947093963 0.071012146757884267 0.097087297451512553 0.12973289429979429 0.071826138576535734 0.20148039758767813 0.82188393188025355 0.19272376193828325
leaf_weight=3167 3033 2027 2555 2839 2821 2029 2024 3620 2231 3121 2147 2175 2259 2978 2202 3791 2352 3952 4095 3918 2273 2538 2168 2175 3404 5253 2013 2017 305600 13210
leaf_count=3167 3033 2027 2555 2839 2821 2029 2024 3620 2231 3121 2147 2175 2259 2978 2202 3791 2352 3952 4095 3918 2273 2538 2168 2175 3404 5253 2013 2017 305600 13210
internal_value=0.00311409 -0.00899001 0.00361581 -0.00677767 0.00383155 -0.00933333 -0.000111883 -0.00427949 -0.00725586 0.000304874 -0.000465256 0.00247288 0.00164967 -0.00110295 0.000161019 -0.000256893 0.00396716 0.00243765 0.00318686 0.00161101 0.00298115 0.00266433 0.00197355 0.0030365 0.00274754 0.00347879 0.00316861 0.00367984 0.00398854 0.00376625
internal_weight=399987 15913 384074 12746 363062 6287 21012 6459 4258 18988 11949 32967 12601 8916 4377 5938 330095 8224 8933 7039 20366 12558 4441 8117 5579 7808 4272 6112 321162 15562
internal_count=399987 15913 384074 12746 363062 6287 21012 6459 4258 18988 11949 32967 12601 8916 4377 5938 330095 8224 8933 7039 20366 12558 4441 8117 5579 7808 4272 6112 321162 15562
cat_boundaries=0 32 64 96 128 160 161 187 216
cat_threshold=0 0 0 0 0 0 0 0 0 0 0 0 0 0 0 0 0 0 0 0 0 0 47 0 0 564 0 0 3616 0 0 1536 0 0 0 0 0 0 0 0 0 0 0 0 0 0 0 0 0 0 0 0 0 0 0 0 0 13 0 0 1920 0 0 74752 0 0 0 0 0 0 0 0 0 0 0 0 0 0 0 0 0 0 0 0 0 0 20 0 0 512 0 0 1872 0 0 47872 0 0 0 0 0 0 0 0 0 0 0 0 0 0 0 0 0 0 0 0 0 0 0 0 0 536 0 0 8464 0 0 64256 0 0 0 0 0 0 0 0 0 0 0 0 0 0 0 0 0 0 3221225472 0 0 2147483648 0 0 0 237 0 0 3712 0 0 49152 8 0 0 0 0 0 0 0 0 0 0 0 0 0 0 0 0 0 0 0 1 0 0 55 0 0 272 0 0 0 0 0 0 0 0 0 0 0 0 0 0 0 0 0 0 0 0 0 0 1 0 0 3 0 0 64
is_linear=0
shrinkage=0.08


Tree=21
num_leaves=31
num_cat=11
split_feature=45 45 45 10 38 45 5 14 5 22 5 45 5 7 30 5 5 5 39 33 13 12 5 22 5 5 13 33 22 5
split_gain=311.596 42.8022 41.4013 14.2157 8.71793 8.59727 4.82313 5.26481 4.1527 3.75756 3.41218 2.62659 2.29183 2.14339 2.23142 1.4472 1.38757 1.28356 1.20724 0.777043 0.688744 0.587228 0.368475 0.362608 0.346188 0.269626 0.263242 0.243842 0.207746 0.1781
threshold=-11.052321434020994 3.5407916307449345 -18.357194900512692 3.8770236968994145 1.4470067024230959 -5.9670064449310294 0 2.9350360631942753 1 0.2474784851074219 2 10.755770206451418 3 1.5000000000000002 71.437500000000014 4 5 6 1.5419647097587588 19.013567924499515 1.6000317931175234 2.3995592594146733 7 0.25892257690429693 8 9 1.089725196361542 19.013567924499515 1.2059211730957033 10
decision_type=2 2 2 2 2 2 9 2 9 2 9 2 9 2 2 9 9 9 2 2 2 2 9 2 9 9 2 2 2 9
left_child=2 5 -1 4 6 9 -4 -8 -9 15 -11 12 -3 22 17 20 -16 19 -17 -15 -2 25 -7 27 -25 26 -14 -19 -24 -28
right_child=1 11 3 -5 -6 13 7 8 -10 10 -12 -13 21 14 16 18 -18 23 -20 -21 -22 -23 28 24 -26 -27 29 -29 -30 -31
leaf_value=-0.25055702651670753 0.041486251150058683 0.02537915352948748 -0.017506957005144694 -0.19477306558228585 -0.13291187104295665 0.066279198700122444 -0.11967404223984933 -0.0032608189134641294 -0.11614542520933611 -0.10996758169955684 -0.0025322605854484022 0.6576676119260324 0.14503769080934398 -0.0041496434178718141 -0.020192965116418098 -0.020428551212977167 0.038634744974888321 0.047496611054553231 0.02452845447334312 0.051822346291536876 0.0102836291512999 0.066268507243247288 0.10229688848813717 0.035493102617614486 0.075741432369583001 0.14637926452931782 0.13449702273351175 0.090826856170082224 0.06626923545640033 0.096390875180296903
leaf_weight=3219 2133 2417 3583 2223 2198 2044 2333 2015 2068 2071 2085 314132 4931 2023 2018 3684 2118 2009 2185 2549 2339 2123 5089 2047 2225 11553 2276 3876 2416 2020
leaf_count=3219 2133 2417 3583 2223 2198 2044 2333 2015 2068 2071 2085 314132 4931 2023 2018 3684 2118 2009 2185 2549 2339 2123 5089 2047 2225 11553 2276 3876 2416 2020
internal_value=0.00314933 0.00362895 -0.0072437 -0.00540541 -0.00432637 0.00124797 -0.00331741 -0.00462648 -0.00288981 -0.000337216 -0.00236582 0.00392989 0.00314252 0.00205657 0.00156079 0.000479567 -8.10419e-05 0.00202158 -0.000347088 0.000898955 0.00156011 0.00338926 0.00303337 0.00252216 0.00195423 0.00352092 0.00316081 0.00293469 0.00329834 0.0026902
internal_weight=400002 382363 17639 14420 12197 42911 9999 6416 4083 14497 4156 339452 25320 28414 18865 10341 4136 14729 5869 4572 4472 22903 9549 10157 4272 20780 9227 5885 7505 4296
internal_count=400002 382363 17639 14420 12197 42911 9999 6416 4083 14497 4156 339452 25320 28414 18865 10341 4136 14729 5869 4572 4472 22903 9549 10157 4272 20780 9227 5885 7505 4296
cat_boundaries=0 32 64 96 128 160 192 224 256 285 317 349
cat_threshold=0 0 0 0 0 0 0 0 0 0 0 0 0 0 0 0 0 0 0 0 0 0 41 0 0 244 0 0 2336 0 0 2560 0 0 0 0 0 0 0 0 0 0 0 0 0 0 0 0 0 0 0 0 0 0 6 0 0 0 0 0 13824 0 0 24576 0 0 0 0 0 0 0 0 0 0 0 0 0 0 0 0 0 0 0 0 0 0 62 0 0 896 0 0 4112 0 0 10240 0 0 0 0 0 0 0 0 0 0 0 0 0 0 0 0 0 0 0 0 0 0 0 0 0 2 0 0 8208 0 0 14592 0 0 0 0 0 0 0 0 0 0 0 0 0 0 0 0 0 0 0 0 0 0 4 0 0 25 0 0 10144 0 0 124416 0 0 0 0 0 0 0 0 0 0 0 0 0 0 0 0 0 0 0 0 0 0 19 0 0 785 0 0 10016 0 0 18944 0 0 0 0 0 0 0 0 0 0 0 0 0 0 0 0 0 0 0 1 0 0 4 0 0 529 0 0 4368 0 0 114176 0 0 0 0 0 0 0 0 0 0 0 0 0 0 0 0 0 0 0 1 0 2147483648 16 0 0 4 0 0 4208 0 0 47616 0 0 0 0 0 0 0 0 0 0 0 0 0 0 0 0 0 0 0 0 0 0 42 0 0 44 0 0 8832 0 0 0 0 0 0 0 0 0 0 0 0 0 0 0 0 0 0 2147483648 0 0 0 45 0 0 537 0 0 288 0 0 34304 0 0 0 0 0 0 0 0 0 0 0 0 0 0 0 0 0 0 2147483648 0 0 0 12 0 0 520 0 0 256 0 0 32768
is_linear=0
shrinkage=0.08


Tree=22
num_leaves=31
num_cat=7
split_feature=45 45 45 45 45 43 5 22 45 7 5 22 45 39 33 32 43 5 5 5 17 5 33 5 29 14 29 23 26 20
split_gain=277.587 43.7675 35.1102 11.7491 8.15906 7.30201 4.33597 3.40807 2.987 2.37254 2.3549 2.00742 2.14287 1.55571 1.50257 1.32407 1.30013 1.27221 1.24233 0.787142 0.526849 0.464088 0.244728 0.232179 0.209971 0.205529 0.203548 0.165849 0.0858505 0.0340164
threshold=-11.052321434020994 3.9625599384307866 -18.357194900512692 -14.292426109313963 -7.0711865425109854 -15.667059421539305 0 0.087261199951171889 13.963983535766603 1.5000000000000002 1 0.41627883911132818 -2.2785953283309932 1.2543721199035647 18.54547214508057 418.81301879882818 -12.848461627960203 2 3 4 2.1236810684204106 5 20.668607711791996 6 0.38006973266601568 1.800024747848511 0.78393173217773449 -2.7548828124999996 4.3772075176239023 1.6966602206230166
decision_type=2 2 2 2 2 2 9 2 2 2 9 2 2 2 2 2 2 9 9 9 8 9 2 9 2 2 2 2 2 2
left_child=2 4 -1 5 7 -4 -5 13 10 21 -3 14 -13 -2 18 -9 -8 -14 -11 -16 23 -6 -19 25 -22 -12 27 -23 -21 -25
right_child=1 8 3 6 9 -7 16 15 -10 11 20 12 17 -15 19 -17 -18 22 -20 28 24 26 -24 29 -26 -27 -28 -29 -30 -31
leaf_value=-0.23815087977969268 -0.01171709699357892 0.028141827437074222 -0.093612056458222723 -0.11535741348152344 0.054844069840517519 -0.16046968417716623 -0.0082759668804628581 -0.090078374452139592 0.70632730156047308 0.039946034199467774 0.14990274959104419 -0.020261634077421577 -0.0042908990373372513 0.032683588739187461 0.044669229026884319 -0.024827753408586509 -0.050792035918952386 0.085110134046649591 -0.0060205338238733643 0.088697474450736252 0.10129105297347309 0.06028814271860268 0.038634013481907606 0.14490085837023725 0.078220110520745886 0.12155084554162547 0.065493214290300972 0.11241886145749114 0.071976383366789853 0.12764311347729806
leaf_weight=3176 3949 3194 3754 2632 3241 2623 2699 2004 307932 2190 2441 3233 2013 3269 2567 2022 2711 2316 2123 3422 2325 2330 2087 13815 3976 2195 2030 3584 2118 2102
leaf_count=3176 3949 3194 3754 2632 3241 2623 2699 2004 307932 2190 2441 3233 2013 3269 2567 2022 2711 2316 2123 3422 2325 2330 2087 13815 3976 2195 2030 3584 2118 2102
internal_value=0.00315947 0.00361149 -0.00666288 -0.00497914 0.00125263 -0.00754219 -0.00293989 -0.000609916 0.00392201 0.0018824 0.00315763 0.00140024 0.000533803 0.000430548 0.00207241 -0.00247175 -0.00162799 0.0013794 0.000863289 0.00271381 0.00340165 0.00283162 0.00213701 0.00360123 0.00275139 0.0030378 0.00316625 0.00341256 0.0032518 0.00375905
internal_weight=400073 382478 17595 14419 44498 6377 8042 11244 337980 33254 30048 22069 9649 7218 12420 4026 5410 6416 4313 8107 26854 11185 4403 20553 6301 4636 7944 5914 5540 15917
internal_count=400073 382478 17595 14419 44498 6377 8042 11244 337980 33254 30048 22069 9649 7218 12420 4026 5410 6416 4313 8107 26854 11185 4403 20553 6301 4636 7944 5914 5540 15917
cat_boundaries=0 32 64 96 128 160 192 224
cat_threshold=0 0 0 0 0 0 0 0 0 0 0 0 0 0 0 0 0 0 0 0 0 0 27 0 0 540 0 0 528 0 0 114688 0 0 0 0 0 0 0 0 0 0 0 0 0 0 0 0 0 0 0 0 0 0 0 0 0 3 0 0 16 0 0 14592 0 0 0 0 0 0 0 0 0 0 0 0 0 0 0 0 0 0 0 1 0 0 0 0 0 785 0 0 1648 0 0 51200 0 0 0 0 0 0 0 0 0 0 0 0 0 0 0 0 0 0 2147483648 0 0 0 58 0 0 428 0 0 10848 0 0 65792 0 0 0 0 0 0 0 0 0 0 0 0 0 0 0 0 0 0 0 0 0 0 16 0 0 128 0 0 6576 0 0 36352 0 0 0 0 0 0 0 0 0 0 0 0 0 0 0 0 0 0 0 0 0 2147483648 20 0 0 261 0 0 4176 0 0 47616 0 0 0 0 0 0 0 0 0 0 0 0 0 0 0 318767104 0 0 939524096 0 0 0 33 0 0 16 0 0 8480 0 0 65536
is_linear=0
shrinkage=0.08


Tree=23
num_leaves=31
num_cat=10
split_feature=45 45 45 5 12 31 27 8 34 45 27 5 45 8 33 5 5 27 5 33 21 5 27 27 34 5 31 41 5 19
split_gain=240.397 37.2764 29.5708 13.3823 6.85155 4.3413 4.91303 4.42868 5.1842 3.62888 3.01342 2.75253 2.31343 2.22641 3.30238 2.11801 1.6654 1.09484 0.954334 0.833339 0.75081 0.719327 0.630865 0.445564 0.352613 0.186896 0.15003 0.135099 0.0820341 0.128531
threshold=-8.7573966979980451 -15.078511238098143 5.5958764553070077 0 2.8002666234970097 77.411575317382827 1023.7680664062501 1 -3.0416870117187496 -2.7959265708923335 1009.8176879882814 2 14.682906627655031 3 15.608640193939211 4 5 1020.7056884765626 6 20.780735969543461 1.8347746133804324 7 1017.1739196777345 1008.6389770507814 -8.6385498046874982 8 52.330961227416999 1.5914077758789065 9 1.264353930950165
decision_type=2 2 2 9 2 2 2 1 2 2 2 9 2 1 2 9 9 2 9 2 2 9 2 2 2 9 2 2 9 2
left_child=1 3 9 4 -1 6 7 8 -3 13 -11 -8 15 14 -2 -4 -12 19 -19 -16 24 -15 -22 -17 -18 -26 -25 -27 29 -28
right_child=2 5 12 -5 -6 -7 11 -9 -10 10 16 -13 -14 21 17 23 20 18 -20 -21 22 -23 -24 26 25 27 28 -29 -30 -31
leaf_value=-0.14623894453647804 -0.047382633524567438 -0.04294195086367357 0.045438940367422992 -0.1187669305927018 -0.27629237977959081 -0.1144363969837271 0.022017522256772337 -0.01182628458520776 -0.13481492015665139 -0.012005047714961343 0.011289736081033275 -0.033562420758187168 0.66946235471966309 0.055613376540877106 -0.011958989314836719 0.076542068919474751 0.067458115577690089 0.01338810941857819 0.069185019237991127 0.030335603133052624 0.033302304653760488 0.022756223398248846 0.078320676303336986 0.10577809874833509 0.075954878486782548 0.090323475448351995 0.14912571325526811 0.10682425926280796 0.14594719212071888 0.11306578740473237
leaf_weight=2009 2313 3480 3373 3916 2026 2085 3268 2712 2017 2011 2597 2462 306342 3623 2506 2033 2871 2067 2515 2407 3191 2189 3703 2953 2561 4243 3002 5517 11477 2393
leaf_count=2009 2313 3480 3373 3916 2026 2085 3268 2712 2017 2011 2597 2462 306342 3623 2506 2033 2871 2067 2515 2407 3191 2189 3703 2953 2561 4243 3002 5517 11477 2393
internal_value=0.00318184 -0.0045837 0.00367725 -0.00905866 -0.0122959 -0.00235899 -0.00184701 -0.00310062 -0.00440385 0.00173576 0.00232385 -4.87804e-05 0.00393667 0.000844016 0.000212557 0.00319655 0.0025664 0.000873225 0.00176132 4.30633e-05 0.00279128 0.00212436 0.00209386 0.00348441 0.00310801 0.00329608 0.00360272 0.0034683 0.00369909 0.00334995
internal_weight=399862 23975 375887 7951 4035 16024 13939 8209 5497 44314 26694 5730 331573 17620 11808 25231 24683 9495 4582 4913 22086 5812 6894 21858 15192 12321 19825 9760 16872 5395
internal_count=399862 23975 375887 7951 4035 16024 13939 8209 5497 44314 26694 5730 331573 17620 11808 25231 24683 9495 4582 4913 22086 5812 6894 21858 15192 12321 19825 9760 16872 5395
cat_boundaries=0 32 33 65 66 98 130 162 194 226 258
cat_threshold=0 0 0 0 0 0 0 0 0 0 0 0 0 0 0 0 0 0 0 0 0 0 30 0 0 256 0 0 14528 0 0 9728 2 0 0 0 0 0 0 0 0 0 0 0 0 0 0 0 0 0 0 0 0 0 0 0 0 0 240 0 0 3984 0 0 11264 2 0 0 0 0 0 0 0 0 0 0 0 0 0 0 0 0 0 0 0 0 0 0 0 0 0 3 0 0 8208 0 0 4352 0 0 0 0 0 0 0 0 0 0 0 0 0 0 0 0 0 0 0 0 0 0 0 0 0 1 0 0 48 0 0 47872 0 0 0 0 0 0 0 0 0 0 0 0 0 0 0 0 0 0 0 0 0 0 59 0 0 776 0 0 1216 0 0 512 0 0 0 0 0 0 0 0 0 0 0 0 0 0 0 0 0 0 0 0 0 0 43 0 0 496 0 0 7936 0 0 77824 0 0 0 0 0 0 0 0 0 0 0 0 0 0 0 0 0 0 0 1 0 2147483648 9 0 0 16 0 0 8448 0 0 65536 0 0 0 0 0 0 0 0 0 0 0 0 0 0 0 318767104 0 0 738197504 0 0 1879048192 41 0 0 24 0 0 128 0 0 60928
is_linear=0
shrinkage=0.08


Tree=24
num_leaves=31
num_cat=11
split_feature=45 45 45 16 10 5 5 10 45 5 5 7 45 29 11 5 14 31 5 14 17 37 5 5 45 44 5 5 5 29
split_gain=201.763 30.1963 28.2039 20.702 6.67157 6.44997 3.69149 3.25808 3.1069 2.03761 2.02524 2.01246 1.84327 1.14198 0.968519 1.48032 0.944856 0.8141 0.74259 0.741556 0.585598 0.541397 0.438452 0.360542 0.345441 0.195208 0.173151 0.169545 0.116945 0.10937
threshold=-8.7573966979980451 4.7959589958190927 -13.604599475860594 4.7594928741455087 3.178634881973267 0 1 3.0701650381088261 15.315701484680178 2 3 1.5000000000000002 -4.3661670684814444 0.36352920532226568 2.0233538150787358 4 2.8499461412429814 53.296745300292976 5 2.8226450681686406 2.1024420261383061 -1.4205131530761717 6 7 -1.1275194883346555 -2.7481076717376705 8 9 10 0.32492065429687506
decision_type=2 2 2 8 2 9 9 2 2 9 9 2 2 2 2 9 2 2 9 2 10 2 9 9 2 2 9 9 9 2
left_child=2 6 3 4 5 -1 -2 9 10 -4 13 21 17 -3 18 -16 -11 19 -14 -13 28 -8 -23 -20 -25 -24 -22 -26 29 -12
right_child=1 8 7 -5 -6 -7 11 -9 -10 16 20 12 14 -15 15 -17 -18 -19 23 -21 26 22 25 24 27 -27 -28 -29 -30 -31
leaf_value=-0.12376139577645039 -0.023993826784257814 0.10238746354154281 -0.04622442633151428 -0.22643135052409832 -0.12060349725833464 -0.038124487936072753 0.030611199573794348 -0.073738045807563546 0.63760275403740252 -0.0089628747754042001 0.12650931437883972 0.0015631433938822002 0.023661597265153721 0.0048426318280599184 -0.015237979530573209 0.049469782647356797 0.023866848103532266 -0.009600721382304736 0.082035988450553238 0.051250235589307018 0.068753388336642823 0.048221973754552581 0.061793023175240831 0.039373381612054698 0.056571345236228678 0.093579815460227561 0.088849833198082206 0.08469490836220997 0.12956351513301859 0.1148992927157968
leaf_weight=2243 3015 2642 2674 2262 2632 3995 2053 3861 304748 2881 2591 2485 2177 2023 2042 3513 3489 3169 2619 2416 2024 2858 3328 2193 2697 4570 2991 2268 12445 5198
leaf_count=2243 3015 2642 2674 2262 2632 3995 2053 3861 304748 2881 2591 2485 2177 2023 2042 3513 3489 3169 2619 2416 2024 2858 3328 2193 2697 4570 2991 2268 12445 5198
internal_value=0.00321512 0.00366932 -0.00388955 -0.00683827 -0.00508559 -0.00365045 0.0016307 -0.00134262 0.00392148 -0.000510713 0.00314049 0.00184212 0.00143171 0.00159232 0.00189257 0.00101707 0.000269171 0.000430693 0.00229823 0.00107595 0.0034238 0.00266136 0.0028891 0.00259549 0.00228364 0.00320182 0.00263881 0.00265729 0.00361865 0.00331361
internal_weight=400102 376065 24037 11132 8870 6238 41403 12905 334662 9044 29914 38388 25579 4665 17509 5555 6370 8070 11954 4901 25249 12809 10756 9777 7158 7898 5015 4965 20234 7789
internal_count=400102 376065 24037 11132 8870 6238 41403 12905 334662 9044 29914 38388 25579 4665 17509 5555 6370 8070 11954 4901 25249 12809 10756 9777 7158 7898 5015 4965 20234 7789
cat_boundaries=0 32 64 96 128 160 192 224 256 288 320 352
cat_threshold=0 0 0 0 0 0 0 0 0 0 0 0 0 0 0 0 0 0 0 0 0 0 0 0 0 264 0 0 208 0 0 9216 0 0 0 0 0 0 0 0 0 0 0 0 0 0 0 0 0 0 0 0 0 0 0 0 0 512 0 0 16 0 0 10752 0 0 0 0 0 0 0 0 0 0 0 0 0 0 0 0 0 0 0 0 0 0 19 0 0 768 0 0 336 0 0 98304 0 0 0 0 0 0 0 0 0 0 0 0 0 0 0 0 0 0 0 0 0 536870912 0 0 0 1 0 0 8464 0 0 14592 0 0 0 0 0 0 0 0 0 0 0 0 0 0 0 0 0 0 0 0 0 0 17 0 0 144 0 0 1856 0 0 37888 0 0 0 0 0 0 0 0 0 0 0 0 0 0 0 0 0 0 0 1 0 0 0 0 0 16 0 0 12384 0 0 98304 0 0 0 0 0 0 0 0 0 0 0 0 0 0 0 0 0 0 0 0 0 2147483648 8 0 0 260 0 0 6208 0 0 38144 0 0 0 0 0 0 0 0 0 0 0 0 0 0 0 0 0 0 3221225472 0 0 2147483648 0 0 0 172 0 0 512 0 0 20480 0 0 0 0 0 0 0 0 0 0 0 0 0 0 0 0 0 0 201326592 0 0 0 44 0 0 778 0 0 1728 0 0 34304 0 0 0 0 0 0 0 0 0 0 0 0 0 0 0 0 0 0 0 0 0 0 11 0 0 256 0 0 3328 0 0 1024 0 0 0 0 0 0 0 0 0 0 0 0 0 0 0 285212672 0 0 2214592512 0 0 3489660928 11 0 0 26 0 0 32 0 0 114688
is_linear=0
shrinkage=0.08


Tree=25
num_leaves=31
num_cat=8
split_feature=45 45 45 5 10 40 5 40 41 15 20 30 14 5 5 5 5 36 14 5 29 21 34 30 34 15 11 5 13 17
split_gain=188.564 27.7896 26.7342 10.3066 6.2938 8.78771 7.26944 4.0713 3.09354 2.83332 2.5098 2.39209 2.3537 2.94503 2.17716 1.91363 1.70903 1.32908 1.19804 0.788016 0.671403 0.593546 0.530256 0.512163 0.411855 0.331423 0.298451 0.28042 0.205638 0.119403
threshold=-7.0711865425109854 -15.078511238098143 5.9970154762268075 0 2.8795458078384404 3.366209983825684 1 4.1825683116912851 15.477098464965822 1.797548294067383 1.6412028670310976 34.312500000000007 2.8226450681686406 2 3 4 5 0.075817108154296889 2.4834690093994145 6 0.61695098876953136 1.1562660336494448 -12.418243408203123 57.812500000000007 -3.3153381347656246 3.1289134025573735 1.9933019280433657 7 1.3878270983695986 1.2969953417778017
decision_type=2 2 2 9 2 2 9 2 2 8 2 2 2 9 9 9 9 2 2 9 2 2 2 2 2 10 2 9 2 10
left_child=1 3 9 -1 10 -6 -7 -5 16 21 -3 17 13 -12 -14 -13 18 -11 -4 24 -17 29 -18 27 -19 -16 -21 -23 -24 -2
right_child=2 4 8 7 5 6 -8 -9 -10 11 12 15 14 -15 25 20 22 19 -20 26 -22 23 28 -25 -26 -27 -28 -29 -30 -31
leaf_value=-0.19852056209175284 0.092473529600669499 0.027493744972216828 0.11009902275650985 -0.068688635072814627 -0.13631444480994942 -0.12326591208979978 0.018416197357709732 -0.11211227364506571 0.57196379919246743 -0.00091168447366675193 -0.010683556337876106 -0.025905131759658698 -0.040743506981554295 -0.069417266336307265 0.043822822212549364 0.051348044097209826 0.067684118895278519 0.010729568646429207 0.0051297222720208683 0.07950212683506018 0.013607637392188707 0.070654378265178272 0.13695337427816839 0.041780087594192751 0.047875687786925872 0.0050645002113218996 0.056191901755641177 0.050736731277827955 0.10794370497669416 0.073246404045201677
leaf_weight=2853 2805 2851 2255 3044 2103 2015 2972 2032 305967 2054 2637 3145 2026 2146 2209 2112 2420 2900 2029 4106 3648 3853 12947 3846 3934 2056 2940 3498 4493 2223
leaf_count=2853 2805 2851 2255 3044 2103 2015 2972 2032 305967 2054 2637 3145 2026 2146 2209 2112 2420 2900 2029 4106 3648 3853 12947 3846 3934 2056 2940 3498 4493 2223
internal_value=0.00320176 -0.00301665 0.00368673 -0.00704925 -0.00149251 -0.00343099 -0.00159536 -0.0048383 0.00392621 0.00176111 -0.000503767 0.00122323 -0.00104872 -0.00238431 -3.11061e-05 0.000172743 0.00305109 0.00180983 0.00158364 0.00209071 0.00103806 0.00258331 0.00336419 0.00225466 0.00146717 0.000994166 0.00268667 0.00264692 0.00352092 0.00330925
internal_weight=400119 28944 371175 7929 21015 7090 4987 5076 330111 41064 13925 24839 11074 4783 6291 8905 24144 15934 4284 13880 5760 16225 19860 11197 6834 4265 7046 7351 17440 5028
internal_count=400119 28944 371175 7929 21015 7090 4987 5076 330111 41064 13925 24839 11074 4783 6291 8905 24144 15934 4284 13880 5760 16225 19860 11197 6834 4265 7046 7351 17440 5028
cat_boundaries=0 32 64 96 128 160 192 224 256
cat_threshold=0 0 0 0 0 0 0 0 0 0 0 0 0 0 0 0 0 0 0 0 0 0 14 0 0 0 0 0 8384 0 0 26112 0 0 0 0 0 0 0 0 0 0 0 0 0 0 0 0 0 0 0 0 0 0 63 0 0 768 0 0 8208 0 0 16896 0 0 0 0 0 0 0 0 0 0 0 0 0 0 0 0 0 0 0 0 0 0 12 0 0 124 0 0 1264 0 0 3584 0 0 0 0 0 0 0 0 0 0 0 0 0 0 0 0 0 0 0 0 0 0 1 0 0 552 0 0 8400 0 0 35328 0 0 0 0 0 0 0 0 0 0 0 0 0 0 0 0 0 0 0 0 0 0 48 0 0 513 0 0 1904 0 0 3584 0 0 0 0 0 0 0 0 0 0 0 0 0 0 0 0 0 0 0 0 0 536870912 0 0 0 3 0 0 8464 0 0 13056 0 0 0 0 0 0 0 0 0 0 0 0 0 0 0 0 0 0 0 0 0 2147483648 29 0 0 768 0 0 14416 0 0 113408 0 0 0 0 0 0 0 0 0 0 0 0 0 0 0 0 0 0 1073741824 0 0 0 57 0 0 685 0 0 6848 0 0 8192
is_linear=0
shrinkage=0.08


Tree=26
num_leaves=31
num_cat=1
split_feature=24 42 24 10 35 15 40 38 6 34 10 21 31 34 10 40 30 42 29 42 38 34 42 7 1 40 30 15 15 15
split_gain=154.712 26.6774 16.7768 8.29512 6.64879 5.6343 5.00632 4.1043 3.34659 3.70067 3.51381 3.11163 2.9051 2.48036 1.64591 1.55578 1.0928 0.789423 0.75602 0.648496 0.524445 0.49398 0.504833 0.475396 0.294269 0.293105 0.372801 0.291927 0.261357 0.198388
threshold=-1.5173034667968748 13.122814178466799 -14.299041748046873 3.0701650381088261 0.031948089599609382 1.797548294067383 4.1156897544860849 2.0167684555053715 0 -14.520019531249998 1.5733159780502322 2.3426833152771001 61.090549468994148 -1.9491271972656248 1.6938580274581911 3.2028579711914067 6.6875000000000009 6.1723861694335946 0.29912185668945318 15.710342407226564 -1.3195466995239256 -5.2991638183593741 0.54163742065429699 1.5000000000000002 87.750000000000014 1.6208257675170901 23.812500000000004 1.3417257666587832 1.2156963348388674 3.8262720108032231
decision_type=2 2 2 2 2 10 2 2 1 2 2 2 2 2 2 2 2 2 2 2 2 2 2 2 2 2 2 10 8 8
left_child=2 5 -1 7 -5 17 -6 12 10 -10 -7 21 14 -13 18 -16 -14 23 -4 28 -19 22 -11 27 -24 -25 -27 -2 -3 -21
right_child=1 19 3 4 6 8 -8 -9 9 11 -12 13 16 -15 15 -17 -18 20 -20 29 -22 -23 24 25 -26 26 -28 -29 -30 -31
leaf_value=-0.1731527574119241 0.07711949733590838 0.11559199271494043 0.054406554338026603 -0.017140293487804169 -0.14892157870422482 0.04735043749280618 -0.073248243645129843 -0.068356767052498157 -0.028138187171822669 0.021922297061824341 -0.034961139064095537 -0.0146901832089875 -0.007262191235144713 0.097503404590624107 -0.024219883289146291 0.020930671658995457 -0.044563956680604068 0.046560773208432556 0.018280812299327338 0.56377789094408681 0.12100593134894098 0.085674851846206407 0.085634018024576972 0.06060355941083042 0.047736345858907965 0.04709059243473053 0.026929590366851937 0.059345552433928264 0.083134184490311347 0.326518830764781
leaf_weight=3137 5099 2638 2121 2905 2022 2227 3085 2218 2250 2422 3377 3279 2047 2226 3813 3272 3463 2112 2123 301580 11737 7522 3523 2157 3130 2070 2404 4402 3650 2029
leaf_count=3137 5099 2638 2121 2905 2022 2227 3085 2218 2250 2422 3377 3279 2047 2226 3813 3272 3463 2112 2123 301580 11737 7522 3523 2157 3130 2070 2404 4402 3650 2029
internal_value=0.0032256 0.00367521 -0.00227879 -0.00163536 -0.00379357 0.00212968 -0.00552902 -0.000726491 0.001353 0.00175808 -0.000409673 0.00207344 -0.000299365 0.000424297 0.000433548 -0.000312896 -0.00180435 0.002905 0.00167748 0.00397406 0.0033506 0.00261986 0.00221684 0.00252063 0.00257722 0.00199428 0.0016182 0.0028855 0.00315529 0.00399091
internal_weight=400040 369834 30206 27069 8012 59937 5107 19057 29956 24352 5604 22102 16839 5505 11329 7085 5510 29981 4244 309897 13849 16597 9075 16132 6653 6631 4474 9501 6288 303609
internal_count=400040 369834 30206 27069 8012 59937 5107 19057 29956 24352 5604 22102 16839 5505 11329 7085 5510 29981 4244 309897 13849 16597 9075 16132 6653 6631 4474 9501 6288 303609
cat_boundaries=0 1
cat_threshold=8
is_linear=0
shrinkage=0.08


Tree=27
num_leaves=31
num_cat=12
split_feature=45 45 45 16 22 5 6 16 5 27 6 5 32 27 6 45 5 5 19 27 38 5 37 5 5 5 22 38 13 41
split_gain=158.668 28.8965 23.0353 14.5199 6.00359 5.2739 5.2238 4.38029 3.07454 2.70524 6.36334 3.20592 2.20803 3.04955 2.02144 1.49241 1.32443 1.1715 0.833959 0.829852 0.658225 0.644851 0.598046 0.588095 0.517851 0.505796 0.370151 0.225254 0.204522 0.183083
threshold=-4.9262075424194327 -13.604599475860594 16.434700012207035 4.7594928741455087 2.4333000183105473 0 1 2.1706105470657353 2 1023.7680664062501 3 4 259.08529663085943 1012.0407104492189 5 -1.7242704033851621 6 7 1.0688381195068362 1009.8999023437501 -1.4368160963058469 8 1.3369560241699221 9 10 11 0.1959800720214844 -0.022700309753417965 0.90517324209213268 17.865936279296879
decision_type=2 2 2 8 2 9 1 8 9 2 1 9 2 2 1 2 9 9 2 2 2 9 2 9 9 9 2 2 2 2
left_child=1 3 7 5 9 -1 -7 15 12 10 -3 -11 -9 -14 27 -2 -12 18 -17 -10 -20 -13 24 26 -18 -22 -21 -15 -19 -4
right_child=2 4 29 -5 -6 6 -8 8 19 11 16 21 13 14 -16 17 22 28 20 23 25 -23 -24 -25 -26 -27 -28 -29 -30 -31
leaf_value=-0.11300385645207905 0.025265829516350365 -0.047737124685031836 0.17147789707603642 -0.19210799128576311 -0.08865828442773234 0.010022579320261807 -0.091032723824359285 -0.029075252265450584 0.028034903917223134 -0.041058791709119857 -0.020470792072394751 0.053876298979117505 -0.024957667541905676 0.10704894591376535 0.017097557927645741 0.099112557417554051 0.039136448919823888 0.10481893990659295 0.026193461310412308 0.067953155042259877 0.047702989074076996 0.019890106877260349 -0.0076536018465474193 0.085392389242862257 0.016796942357295886 0.087714831559037254 0.039960734978682487 0.053394061731763996 0.083736917619707113 0.57757528829465299
leaf_weight=3419 3807 3870 3560 2243 2032 2428 2955 2187 2139 2082 3024 3170 2180 2016 3733 4056 2249 8732 2162 2435 3029 3301 2006 4854 2580 5309 2719 2005 11575 298525
leaf_count=3419 3807 3870 3560 2243 2032 2428 2955 2187 2139 2082 3024 3170 2180 2016 3733 4056 2249 8732 2162 2435 3029 3301 2006 4854 2580 5309 2719 2005 11575 298525
internal_value=0.00320508 -0.00191139 0.00370074 -0.00530258 -0.000369347 -0.00383023 -0.00224838 0.00230781 0.00146437 1.11252e-05 -0.000684475 0.00112718 0.000560415 0.00106758 0.00181041 0.00283661 0.000396396 0.00300095 0.00244127 0.00236278 0.0020628 0.00200339 0.0010124 0.00267039 0.00149535 0.00238524 0.0020518 0.00304974 0.00339785 0.00399086
internal_weight=400382 35359 365023 11045 24314 8802 5383 62938 24268 22282 13729 8553 12121 9934 7754 38670 9859 34863 14556 12147 10500 6471 6835 10008 4829 8338 5154 4021 20307 302085
internal_count=400382 35359 365023 11045 24314 8802 5383 62938 24268 22282 13729 8553 12121 9934 7754 38670 9859 34863 14556 12147 10500 6471 6835 10008 4829 8338 5154 4021 20307 302085
cat_boundaries=0 32 33 65 66 98 99 131 163 195 224 256 288
cat_threshold=0 0 0 0 0 0 0 0 0 0 0 0 0 0 0 0 0 0 0 0 0 0 4 0 0 256 0 0 1216 0 0 57344 1 0 0 0 0 0 0 0 0 0 0 0 0 0 0 0 0 0 0 100663296 0 0 1879048192 20 0 0 771 0 0 7952 0 0 48896 8 0 0 0 0 0 0 0 0 0 0 0 0 0 0 0 0 0 0 0 0 0 0 55 0 0 516 0 0 64 0 0 49152 5 0 0 0 0 0 0 0 0 0 0 0 0 0 0 0 0 0 0 0 0 0 0 2 0 0 9 0 0 13264 0 0 2560 0 0 0 0 0 0 0 0 0 0 0 0 16777216 0 0 117440512 0 0 536870912 0 0 2147483648 43 0 0 17 0 0 12592 0 0 92928 0 0 0 0 0 0 0 0 0 0 0 0 0 0 0 0 0 0 0 0 0 0 0 0 0 225 0 0 15872 0 0 3072 0 0 0 0 0 0 0 0 0 0 0 0 0 0 0 75497472 0 0 0 0 0 2147483648 41 0 0 128 0 0 8288 0 0 0 0 0 0 0 0 0 0 0 0 0 0 0 0 0 0 0 0 0 0 41 0 0 224 0 0 32 0 0 41984 0 0 0 0 0 0 0 0 0 0 0 0 0 0 0 0 0 0 0 0 0 0 11 0 0 0 0 0 8192 0 0 82432
is_linear=0
shrinkage=0.08


Tree=28
num_leaves=31
num_cat=1
split_feature=41 41 16 10 6 27 41 17 18 35 27 34 18 38 17 7 32 27 19 41 38 41 18 32 25 30 21 3 11 15
split_gain=135.376 22.7795 19.5244 8.49668 7.22973 16.3057 5.19321 4.50681 2.48895 2.29321 1.64431 1.5758 1.47361 1.46428 1.45275 1.289 1.17198 1.06705 1.72028 0.977047 0.756068 0.633744 0.471406 0.432556 0.411704 0.381484 0.50401 0.34553 0.273454 0.212367
threshold=-4.2839314937591544 17.406168937683109 5.2229049205780038 2.8795458078384404 0 1023.3155822753907 -13.192596435546873 2.1236810684204106 2.2690172195434575 1.1982917785644533 1008.6871032714845 1.0429077148437502 1.9116753339767458 -1.3195466995239256 2.6770495176315312 2.5000000000000004 541.46539306640636 1018.9903869628907 2.25915539264679 -7.4832873344421378 0.57588195800781261 5.7054181098937997 2.0901790857315068 341.11325073242193 1.7988702654838564 39.187500000000007 1.129728436470032 4711.4819335937509 1.5745136141777041 0.97408533096313488
decision_type=2 2 8 2 1 2 2 8 2 2 2 2 2 2 10 2 2 2 2 2 2 2 2 2 2 2 2 2 2 10
left_child=2 7 3 6 5 -5 14 13 -7 11 -9 15 28 16 -1 19 22 18 20 -8 -14 25 -2 -19 -13 -15 -27 -28 -12 -23
right_child=1 -3 -4 4 -6 8 9 10 -10 -11 12 24 17 21 -16 -17 -18 23 -20 -21 -22 29 -24 -25 -26 26 27 -29 -30 -31
leaf_value=-0.014945320408368748 0.07891714475974991 0.49430029360397626 -0.16111208069774052 -0.14282695619451821 0.021050260044564832 0.023399883787470432 0.0051366866277232819 -0.013369149700040855 -0.034894259052173394 -0.030965155322373653 0.057834570336712451 0.024907114017527213 0.0051517592134837989 0.069388438761166016 -0.067751853530129413 -0.011713822365688069 0.0045390115086139443 0.031348269553286144 -0.028133887899138954 0.036230589409571905 0.06947550875284661 0.13466838311103563 0.043508343766995625 0.077861962032551454 0.043749590425277762 0.077312488574568239 0.028420948452057292 0.055050316335042954 0.063512664273079222 0.10816372126398713
leaf_weight=2076 2322 301160 2451 3573 2433 2465 4029 2238 2283 2978 2571 2076 2295 8149 3587 3378 2008 2098 2015 3041 2369 3577 3715 2244 3093 2063 2532 2838 4722 13792
leaf_count=2076 2322 301160 2451 3573 2433 2465 4029 2238 2283 2978 2571 2076 2295 8149 3587 3378 2008 2098 2015 3041 2369 3577 3715 2244 3093 2063 2532 2838 4722 13792
internal_value=0.00322705 0.00369993 -0.00135105 -0.000866655 -0.00273727 -0.00385517 -3.65913e-05 0.00229689 -0.000783522 0.000609514 0.00132905 0.000997504 0.00157913 0.00278164 -0.00215547 0.00043144 0.00181006 0.000993926 0.0003582 0.0010452 0.00120154 0.00301823 0.00236613 0.00196875 0.00213864 0.00264289 0.00222115 0.00180669 0.00246091 0.00335324
internal_weight=400171 362708 37463 35012 10754 8321 24258 61548 4748 18595 20552 15617 18314 40996 5663 10448 8045 11021 6679 7070 4664 32951 6037 4342 5169 15582 7433 5370 7293 17369
internal_count=400171 362708 37463 35012 10754 8321 24258 61548 4748 18595 20552 15617 18314 40996 5663 10448 8045 11021 6679 7070 4664 32951 6037 4342 5169 15582 7433 5370 7293 17369
cat_boundaries=0 1
cat_threshold=10
is_linear=0
shrinkage=0.08


Tree=29
num_leaves=31
num_cat=10
split_feature=43 43 24 16 31 5 5 15 14 5 33 36 5 33 17 34 7 27 5 36 5 5 19 5 27 36 5 13 34 5
split_gain=127.427 19.1125 17.2903 13.4998 6.02286 4.55408 3.9265 3.0915 3.76789 4.24977 2.99504 2.81794 2.64167 2.50554 2.17129 2.16174 2.91492 1.77778 1.7244 1.21699 1.03565 0.92922 0.887697 0.785207 0.708898 0.508219 0.44925 0.384342 0.377611 0.3383
threshold=1.0000000180025095e-35 16.691842079162601 -3.6044616699218746 5.2229049205780038 72.459224700927749 0 1 1.9539801478385928 2.9350360631942753 2 17.932224273681644 3.3087730407714848 3 16.722623825073246 2.1236810684204106 1.3748474121093752 1.5000000000000002 1012.7457580566407 4 11.65437698364258 5 6 1.0145336985588076 7 1010.1859436035157 8.2697868347167987 8 0.8900572955608369 -3.2674255371093746 9
decision_type=2 2 2 8 2 9 9 10 2 9 2 2 9 2 8 2 2 2 9 2 9 9 2 9 2 2 9 2 2 9
left_child=2 6 3 4 7 -6 13 -1 9 -9 15 12 -10 -2 21 16 -4 -12 -17 23 -16 22 -8 28 -22 -24 -26 -23 -19 -29
right_child=1 -3 10 -5 5 -7 14 8 11 -11 17 -13 -14 -15 20 18 -18 19 -20 -21 24 27 25 -25 26 -27 -28 29 -30 -31
leaf_value=0.023139137974929249 -0.023922892209579914 0.46878306591587232 0.026786647380985063 -0.16117899196772381 -0.11626724603080511 -0.032256469331092837 0.081507444538273577 -0.096312638531915712 0.040142369921468503 -0.0059814854604986435 -0.011421530765535934 -0.056027671449155603 -0.024850989332360771 0.055357201213926531 0.0094484929465686006 0.042081964896309637 -0.040230895755109089 0.016855781165626187 -0.012307134725904275 0.0086859892007392255 0.023512075450597726 0.0897624527818255 0.046454943661525125 0.061878594704338721 0.042063334655851721 0.022663064307584139 0.078150911534307255 0.063169138318694057 0.045495087666088702 0.075587619768982373
leaf_weight=2770 2081 300524 2025 2237 2817 2418 2975 2672 3684 2131 2239 2515 2572 3825 2564 2273 3825 2091 2012 2943 2004 9899 2683 5389 4182 2753 2985 5707 2770 8610
leaf_count=2770 2081 300524 2025 2237 2817 2418 2975 2672 3684 2131 2239 2515 2572 3825 2564 2273 3825 2091 2012 2943 2004 9899 2683 5389 4182 2753 2985 5707 2770 8610
internal_value=0.00320567 0.00374128 -0.000599032 -0.00214958 -0.0015343 -0.00389323 0.00229667 -0.000776813 -0.00127385 -0.00307251 0.000845604 -0.000286528 0.000623045 0.000355046 0.00255437 -0.00022277 -0.00122184 0.00154695 0.00114086 0.00190048 0.00161941 0.00289083 0.00214969 0.00231189 0.00201545 0.00153948 0.0023893 0.00314507 0.00155788 0.00287485
internal_weight=400175 350792 49383 23816 21579 5235 50268 16344 13574 4803 25567 8771 6256 5906 44362 10135 5850 15432 4285 13193 11735 32627 8411 10250 9171 5436 7167 24216 4861 14317
internal_count=400175 350792 49383 23816 21579 5235 50268 16344 13574 4803 25567 8771 6256 5906 44362 10135 5850 15432 4285 13193 11735 32627 8411 10250 9171 5436 7167 24216 4861 14317
cat_boundaries=0 32 64 96 128 160 192 224 256 288 317
cat_threshold=0 0 0 0 0 0 0 0 0 0 0 0 0 0 0 0 0 0 0 0 0 0 6 0 0 912 0 0 8400 0 0 16384 0 0 0 0 0 0 0 0 0 0 0 0 0 0 0 117440512 0 0 234881024 0 0 536870912 0 0 0 0 0 0 272 0 0 15104 0 0 0 0 0 0 0 0 0 0 0 0 0 0 0 0 0 0 0 0 0 0 24 0 0 896 0 0 8064 0 0 57344 0 0 0 0 0 0 0 0 0 0 0 0 0 0 0 0 0 0 0 0 0 0 48 0 0 496 0 0 6784 0 0 115200 0 0 0 0 0 0 0 0 0 0 0 0 0 0 0 0 0 0 0 0 0 0 8 0 0 432 0 0 7408 0 0 101376 0 0 0 0 0 0 0 0 0 0 0 0 0 0 0 0 0 0 0 0 0 1342177280 32 0 0 770 0 0 1088 0 0 32768 0 0 0 0 0 0 0 0 0 0 0 0 0 0 0 0 0 0 536870912 0 0 2147483648 7 0 0 17 0 0 8192 0 0 16384 0 0 0 0 0 0 0 0 0 0 0 0 0 0 0 0 0 0 0 0 0 0 31 0 0 12 0 0 6480 0 0 101376 0 0 0 0 0 0 0 0 0 0 0 0 0 0 0 0 0 0 0 1 0 0 13 0 0 77 0 0 12320 0 0 65536 0 0 0 0 0 0 0 0 0 0 0 0 16777216 0 0 0 0 0 268435456 2 0 268435456 48 0 0 266 0 0 96
is_linear=0
shrinkage=0.08


Tree=30
num_leaves=31
num_cat=11
split_feature=45 45 45 5 24 5 5 45 30 22 22 5 14 5 15 40 15 14 5 15 5 45 6 10 5 15 5 5 11 41
split_gain=121.614 30.2828 13.5586 6.35158 4.48245 3.66554 3.33027 3.21463 2.41977 1.96049 1.90277 1.99304 1.55515 1.57649 1.56054 1.52528 1.45477 1.29016 1.2874 0.995815 0.832284 0.814642 0.712722 0.708879 0.644073 0.595447 0.427544 0.401046 0.384389 0.266549
threshold=3.9625599384307866 -12.923419952392576 17.821199417114261 0 -8.7858123779296857 1 2 -7.6388113498687735 32.812500000000007 0.81968307495117199 0.43058395385742193 3 3.3092482089996342 4 1.9539801478385928 3.2428474426269536 1.7826693058013918 1.8425164222717287 5 2.208348393440247 6 -2.7959265708923335 7 1.1985251903533938 8 2.7090824842453007 9 10 1.804314196109772 -1.1528183817863462
decision_type=2 2 2 9 2 9 9 2 2 2 2 9 2 9 8 2 8 2 9 10 9 2 1 2 9 10 9 9 2 2
left_child=1 3 5 -1 6 16 -5 9 18 12 -10 -12 14 -14 -3 -16 -2 27 25 -13 28 22 -20 -22 -25 29 -23 -7 -19 -9
right_child=2 7 -4 4 -6 17 -8 8 10 -11 11 19 13 -15 15 -17 -18 20 21 -21 23 26 -24 24 -26 -27 -28 -29 -30 -31
leaf_value=-0.14448712702280975 0.046391711311505858 0.020280651698647151 0.47502400987222254 -0.068485231899160545 -0.08021081056848757 0.070903375240136318 -0.00047647008194422977 0.03959393296300813 0.035631764839523711 -0.059969728770935336 -0.022254584595357084 0.03354768848352082 -0.0064768243640760384 0.049719593196596662 -0.044752939477063387 0.00748131161604541 -0.030647318477934726 0.063075235816217004 0.05152126660677997 -0.0074108535910821383 0.081964499402472094 0.044105883746606525 0.013170413101953831 0.0048291955100451655 0.048780275665045392 -0.0058528511996703272 0.06612602981721355 0.095108354813825541 0.037651273507169604 0.020388152195469616
leaf_weight=2583 2047 2190 297266 3493 2637 4705 3964 2813 3704 2267 3470 3324 2070 3075 2818 2092 2006 6698 3060 2370 2482 2460 3803 2396 6908 2186 5475 11527 2008 2216
leaf_count=2583 2047 2190 297266 3493 2637 4705 3964 2813 3704 2267 3470 3324 2070 3075 2818 2092 2006 6698 3060 2370 2482 2460 3803 2396 6908 2186 5475 11527 2008 2216
internal_value=0.00320914 -4.57473e-05 0.00380678 -0.00353212 -0.00261262 0.00243774 -0.00160868 0.000849584 0.00126577 -0.000150943 0.00039385 -0.000224984 0.000249694 0.00130747 -0.000517581 -0.00130894 0.000150258 0.00268931 0.00177505 0.000695835 0.00226554 0.00220219 0.00156147 0.00181806 0.00149624 0.000892882 0.00275645 0.00322423 0.00286317 0.00137249
internal_weight=400113 62070 338043 12677 10094 40777 7457 49393 34881 14512 12868 9164 12245 5145 7100 4910 4053 36724 22013 5694 20492 14798 6863 11786 9304 7215 7935 16232 8706 5029
internal_count=400113 62070 338043 12677 10094 40777 7457 49393 34881 14512 12868 9164 12245 5145 7100 4910 4053 36724 22013 5694 20492 14798 6863 11786 9304 7215 7935 16232 8706 5029
cat_boundaries=0 32 64 96 128 157 189 221 222 248 277 309
cat_threshold=0 0 0 0 0 0 0 0 0 0 0 0 0 0 0 0 0 0 0 0 0 0 28 0 0 0 0 0 128 0 0 57856 0 0 0 0 0 0 0 0 0 0 0 0 0 0 0 100663296 0 0 654311424 0 0 0 0 0 0 0 0 0 16 0 0 78080 0 0 0 0 0 0 0 0 0 0 0 0 0 0 0 0 0 0 0 0 0 0 2 0 0 776 0 0 12384 0 0 1024 0 0 0 0 0 0 0 0 0 0 0 0 0 0 0 0 0 0 0 0 0 0 23 0 0 529 0 0 1552 0 0 2560 0 0 0 0 0 0 0 0 0 0 0 0 0 0 0 0 0 0 0 0 0 0 63 0 0 12 0 0 12640 0 0 0 0 0 0 0 0 0 0 0 0 0 0 0 0 0 0 0 1 0 2147483648 12 0 0 512 0 0 6224 0 0 47616 0 0 0 0 0 0 0 0 0 0 0 0 2097152 0 0 817889280 0 0 2550136832 3 0 1073741824 8 0 0 868 0 0 7808 0 0 17920 2 0 0 0 0 0 0 0 0 0 0 0 0 0 0 0 16777216 0 0 0 0 0 2684354560 33 0 0 3 0 0 0 0 0 0 0 0 0 0 0 0 0 0 0 0 0 0 0 0 0 0 0 0 0 1 0 0 9632 0 0 0 0 0 0 0 0 0 0 0 0 0 0 0 553648128 0 0 402653184 0 0 2147483648 9 0 0 26 0 0 12512 0 0 2560
is_linear=0
shrinkage=0.08


Tree=31
num_leaves=31
num_cat=2
split_feature=41 23 41 41 12 10 6 17 1 19 22 33 10 34 17 6 34 10 34 1 33 34 19 3 34 33 34 38 18 33
split_gain=112.727 16.8868 16.057 7.17453 4.91721 4.02965 6.42244 3.28687 2.35512 1.98085 1.79189 1.41547 1.67488 2.46805 1.36814 1.60875 1.1835 1.39852 1.99792 2.01939 1.16703 1.03442 0.96177 0.875793 0.806765 0.725458 0.529148 0.916224 0.360812 0.332736
threshold=2.5562857389450078 18.244308471679691 -15.928809642791746 -7.0371377468109122 3.3043996095657353 3.3583831787109379 0 2.1024420261383061 75.750000000000014 1.4206603169441225 1.6722679138183596 18.031295776367191 1.6418929696083071 1.0429077148437502 1.20038777589798 1 3.0812377929687504 1.512272894382477 -1.9917297363281248 88.250000000000014 15.228096008300783 -11.109832763671873 1.5547210574150088 4616.3193359375009 -11.109832763671873 23.87961578369141 -1.3345031738281248 0.97864532470703136 2.1746259927749638 24.307392120361332
decision_type=2 2 2 2 2 2 1 8 2 2 2 2 2 2 10 1 2 2 2 2 2 2 2 2 2 2 2 2 2 2
left_child=2 7 4 5 -1 9 -7 14 -9 -4 11 12 -5 -14 -2 20 17 -11 19 -19 -16 -17 -12 25 -10 -13 27 -25 -24 -23
right_child=1 -3 3 10 -6 6 -8 8 24 16 22 23 13 -15 15 21 -18 18 -20 -21 -22 29 28 26 -26 -27 -28 -29 -30 -31
leaf_value=-0.045175688941780007 0.08162399721089951 0.47432982905261056 0.027154357719898076 0.041232561883407313 -0.14526993015670456 -0.10103655354774968 -0.0025728498825577048 -0.010161054770320711 0.01678319444787631 0.010581634875921309 0.027789427716659567 0.0093935751360821156 -0.031397565822598818 0.021674731150006482 -0.0075011359802165502 0.025568086476329743 0.021973809437987084 -0.037467709589126999 -0.057342257422184593 0.014620645476611929 0.056760158602960395 0.080239531521428514 0.00039140049912905485 0.017823643770128159 0.062101861261053978 0.052786177094832659 0.077047223512060156 0.051483960090113537 -0.035769206140399454 0.065968025453972401
leaf_weight=2684 13678 293961 3165 2858 2161 2189 2764 3849 2049 2780 2352 2859 2048 3230 2035 2410 2722 2941 3129 2966 2006 12968 2050 3189 6333 2747 2684 4138 2166 2382
leaf_count=2684 13678 293961 3165 2858 2161 2189 2764 3849 2049 2780 2352 2859 2048 3230 2035 2410 2722 2941 3129 2966 2006 12968 2050 3189 6333 2747 2684 4138 2166 2382
internal_value=0.00320872 0.00376153 -5.79609e-05 0.000345519 -0.00446138 -0.000731316 -0.00274592 0.00236463 0.00123225 -0.000166431 0.00115011 0.00147338 0.000616745 -0.000228442 0.00275454 0.00235863 -0.000561452 -0.00090783 -0.00139023 -0.000522562 0.000907166 0.00268616 -1.94587e-05 0.00191899 0.00198379 0.00111538 0.00236743 0.00201009 -0.000742073 0.00292969
internal_weight=399493 341671 57822 52977 4845 22656 4953 47710 12231 17703 30321 23753 8136 5278 35479 21801 14538 11816 9036 5907 4041 17760 6568 15617 8382 5606 10011 7327 4216 15350
internal_count=399493 341671 57822 52977 4845 22656 4953 47710 12231 17703 30321 23753 8136 5278 35479 21801 14538 11816 9036 5907 4041 17760 6568 15617 8382 5606 10011 7327 4216 15350
cat_boundaries=0 1 2
cat_threshold=8 8
is_linear=0
shrinkage=0.08


Tree=32
num_leaves=31
num_cat=2
split_feature=45 45 45 16 24 45 14 31 35 27 6 18 21 27 6 30 11 32 22 16 37 34 30 45 16 21 3 3 31 26
split_gain=119.981 23.877 13.3607 7.03596 5.85554 3.94323 3.86998 3.50241 3.00641 2.7864 5.82075 1.90415 1.59524 1.52434 1.51927 1.39946 1.49291 1.29375 1.25481 0.973462 0.901638 0.785302 0.68426 0.639792 0.632764 0.612693 0.569296 0.457606 0.426017 0.280581
threshold=5.5958764553070077 -12.923419952392576 18.199746131896976 4.7594928741455087 -8.7858123779296857 -5.4536685943603507 3.6280148029327397 61.090549468994148 1.7867088317871096 1022.8938598632814 0 2.2199301719665532 1.129728436470032 1017.0366516113282 1 27.531250000000004 1.8551431298255923 236.08650207519534 0.43058395385742193 1.3988980054855349 1.7202644348144533 -11.109832763671873 3.5312500000000004 3.5407916307449345 2.2105770111083989 2.7047616243362431 4601.4963378906259 4742.8308105468759 43.66026687622071 1.7994124889373782
decision_type=2 2 2 8 2 2 2 2 2 2 1 2 2 2 1 2 2 2 2 10 2 2 2 2 10 2 2 2 2 2
left_child=1 3 6 4 7 8 11 -1 9 10 -3 21 -13 15 18 26 23 -11 22 -14 28 -2 -15 -17 -21 29 -7 -19 -12 -16
right_child=2 5 -4 -5 -6 13 -8 -9 -10 17 20 12 19 14 25 16 -18 27 -20 24 -22 -23 -24 -25 -26 -27 -28 -29 -30 -31
leaf_value=0.014678064825154796 0.033180954923196289 -0.058649764915693965 0.42011513218152674 -0.13086372226623219 -0.082280569801563688 0.01870370072604214 -0.0013344864760071098 -0.060704212186205669 -0.077405335615615037 0.0032922610476540342 0.025004120633671106 0.066098864811353603 -0.0069523331529782063 0.014832759850353913 0.049544758868058043 0.0054736149918392365 -0.022679135513807909 0.020174799635310076 -0.011233141012861528 0.050644746837069356 -0.014470629671417481 0.084774417952236267 0.051090776067406647 0.032676334172311423 0.017216407466637385 0.03277379520942672 0.0476017596707198 0.049403720671477538 0.0039372439866218936 0.063183797227296654
leaf_weight=3995 2197 2675 295450 2427 2775 2816 3714 3602 2268 3178 3658 3222 2074 2705 3345 3380 2753 2028 2115 3332 2045 19253 2169 2087 2056 2104 3528 2902 2200 7805
leaf_count=3995 2197 2675 295450 2427 2775 2816 3714 3602 2268 3178 3658 3222 2074 2705 3345 3380 2753 2028 2115 3332 2045 19253 2169 2087 2056 2104 3528 2902 2200 7805
internal_value=0.00318163 0.000135336 0.00381202 -0.00297947 -0.00206819 0.000850693 0.00235239 -0.000916524 -1.6409e-05 0.000317929 -0.000537212 0.00263489 0.00175949 0.00137255 0.00182156 0.000747633 5.83233e-05 0.00143287 0.000861179 0.00111456 0.00055686 0.0030699 0.00156757 0.000823078 0.00168062 0.00232454 0.00163928 0.00224292 0.00106203 0.00256272
internal_weight=399858 68560 331298 12799 10372 55761 35848 7597 20954 18686 10578 32134 10684 34807 20243 14564 8220 8108 6989 7462 7903 21450 4874 5467 5388 13254 6344 4930 5858 11150
internal_count=399858 68560 331298 12799 10372 55761 35848 7597 20954 18686 10578 32134 10684 34807 20243 14564 8220 8108 6989 7462 7903 21450 4874 5467 5388 13254 6344 4930 5858 11150
cat_boundaries=0 1 2
cat_threshold=8 8
is_linear=0
shrinkage=0.08


Tree=33
num_leaves=31
num_cat=2
split_feature=24 24 41 21 15 6 34 41 18 35 10 7 34 29 41 15 41 43 13 6 16 27 31 34 34 34 29 21 29 14
split_gain=111.402 22.7614 8.99646 4.8068 3.25842 3.34538 7.67433 3.17998 3.07625 2.56512 1.89368 1.84807 1.82145 1.65862 1.39969 1.388 1.25406 1.18413 1.14726 0.933421 0.858315 0.841404 0.808873 1.00166 0.634609 0.676305 0.545374 0.522604 0.486595 0.479054
threshold=21.013641357421879 -3.0806884765624996 -17.367986679077145 1.2378420233726504 2.0533852577209477 0 3.5037841796875004 18.768437385559086 2.0325124263763432 0.50401687622070324 1.8610587716102602 2.5000000000000004 -8.2705078124999982 0.55918121337890636 -11.17696952819824 2.2310029268264775 -4.2839314937591544 6.1281750202178964 0.80761975049972545 1 2.9403301477432255 1018.9903869628907 39.357360839843757 -5.1658020019531241 1.7434387207031252 -9.3246154785156232 0.32492065429687506 1.4115573763847353 0.65018463134765636 2.1423057317733769
decision_type=2 2 2 2 8 1 2 2 2 2 2 2 2 2 2 8 2 2 2 1 10 2 2 2 2 2 2 2 2 2
left_child=1 2 -1 18 26 6 -6 10 17 12 -2 13 -7 27 -11 29 -13 22 -3 -18 -14 -21 -5 -24 25 -20 -4 -10 -25 -15
right_child=7 3 4 8 5 9 -8 -9 11 14 -12 16 20 15 -16 -17 19 -19 24 21 -22 -23 23 28 -26 -27 -28 -29 -30 -31
leaf_value=-0.10814191594020345 0.074144793795418357 0.068083473312387233 0.035625294322706988 0.054431033456951827 -0.10197721277190225 -0.03370953155635098 -0.003922919426776977 0.38664920284355331 0.015956740901728435 -0.074627323115765726 0.0036099908379222689 -0.025546018857730616 -0.00086150503265067777 0.049944750831392944 -0.018473237179803453 -0.01872901806515008 0.02969653721281575 0.070064450224944674 0.028761615816855986 -0.024847345187885152 0.038942497302190029 0.011262925858578039 0.0024799924611423199 0.021401550155798248 0.011248780710330024 0.062699880288510756 0.0096084059501192094 0.036550496878512855 0.054604720381874243 0.0097622357617778831
leaf_weight=3215 4929 8488 2006 3855 2155 2031 3022 294976 2179 2572 2005 2846 2057 2049 2342 2654 4092 7847 2861 2610 3759 2413 4576 3389 2425 6880 2391 8026 2515 2663
leaf_count=3215 4929 8488 2006 3855 2155 2031 3022 294976 2179 2572 2005 2846 2057 2049 2342 2654 4092 7847 2861 2610 3759 2413 4576 3389 2425 6880 2391 8026 2515 2663
internal_value=0.00318137 0.000836451 -0.00121596 0.00156114 -0.000645334 -0.00112369 -0.00283471 0.00394184 0.00114871 -0.000425319 0.00224309 0.000613635 0.000471936 0.00113554 -0.00185703 0.000220174 -0.000153371 0.00186049 0.00259272 0.000304658 0.0011919 -0.000425937 0.00142628 0.00106006 0.00209133 0.00237965 0.00130429 0.0017954 0.00174772 0.00104363
internal_weight=399828 97918 25550 72368 22335 17938 5177 301910 51714 12761 6934 29532 7847 17571 4914 7366 11961 22182 20654 9115 5816 5023 14335 10480 12166 9741 4397 10205 5904 4712
internal_count=399828 97918 25550 72368 22335 17938 5177 301910 51714 12761 6934 29532 7847 17571 4914 7366 11961 22182 20654 9115 5816 5023 14335 10480 12166 9741 4397 10205 5904 4712
cat_boundaries=0 1 2
cat_threshold=8 5
is_linear=0
shrinkage=0.08


Tree=34
num_leaves=31
num_cat=2
split_feature=43 41 16 16 15 41 6 6 12 33 14 34 34 1 34 32 16 20 20 43 40 34 40 44 13 43 30 19 30 41
split_gain=113.863 20.5678 7.71909 4.70111 3.32582 3.10744 2.85638 2.54033 4.28817 3.42667 3.75028 5.36743 2.44935 2.23787 2.19905 1.87961 1.80717 1.75956 1.58847 1.55521 2.5093 1.3424 1.13123 0.760461 0.683898 0.560317 0.548621 0.358606 0.504593 0.337703
threshold=17.151924133300785 -7.0371377468109122 5.2229049205780038 1.8789092898368838 1.6821814179420473 19.570797920227054 0 1 3.7357174158096318 18.439488410949711 3.1966773271560673 2.2923278808593754 -13.970428466796873 81.250000000000014 0.26092529296875006 236.08650207519534 4.7594928741455087 1.4677785634994509 2.436557531356812 4.905031919479371 4.334942340850831 -1.9491271972656248 2.838754534721375 -11.915470123291014 0.77540874481201183 18.871397972106937 170.81250000000003 1.0671289563179018 34.312500000000007 -1.1528183817863462
decision_type=2 2 8 8 10 2 1 1 2 2 2 2 2 2 2 2 8 2 2 2 2 2 2 2 2 2 2 2 2 2
left_child=1 2 4 19 -1 17 14 13 9 10 11 -9 -8 -6 -5 -16 18 -2 26 27 24 -20 -11 -15 -21 -7 -14 -3 29 -29
right_child=5 3 -4 6 7 25 12 8 -10 22 -12 -13 16 23 15 -17 -18 -19 21 20 -22 -23 -24 -25 -26 -27 -28 28 -30 -31
leaf_value=0.034979166993882413 0.076257479360644198 0.042672639800647109 -0.11794924165380341 -0.039271975305947983 -0.049920081814744055 0.074609213927993703 -0.021722022512866649 -0.086746378851992406 -0.10503465334618234 -0.018805151339865718 -0.0050888732662811324 -0.0090325016927711877 0.045541954675495051 0.030437927863973816 -0.038554848400599133 0.033677810240959574 -0.010136982167734969 0.016444341317096208 -0.010300767762976495 0.076207060833964294 -0.00054767405434042826 0.057775313908533445 0.041464102075558076 0.00010811044907955625 0.057297397469713005 0.45038392347140505 0.024053245845995091 0.04202181367425508 0.01530276163244898 0.017311735195917607
leaf_weight=2354 4229 2242 2203 2059 2071 3900 2819 2052 2129 2659 3631 2002 16862 3179 2005 3183 2336 2932 3272 8388 2062 3016 2898 2414 12655 287422 3462 2649 3837 2567
leaf_count=2354 4229 2242 2203 2059 2071 3900 2819 2052 2129 2659 3631 2002 16862 3179 2005 3183 2336 2932 3272 8388 2062 3016 2898 2414 12655 287422 3462 2649 3837 2567
internal_value=0.00315364 0.000831789 -0.00103007 0.0015316 -0.000634828 0.0039393 0.000930094 -0.00092775 -0.00152011 -0.000983399 -0.00207667 -0.00374606 0.00125674 0.000262363 -0.000502546 0.000375529 0.00147635 0.00228755 0.00166359 0.00221331 0.00258966 0.000551286 0.000529549 0.00109441 0.00285052 0.00397982 0.00200728 0.00144184 0.00121505 0.00172675
internal_weight=399489 101006 27592 73414 25389 298483 39014 23035 15371 13242 7685 4054 31767 7664 7247 5188 28948 7161 26612 34400 23105 6288 5557 5593 21043 291322 20324 11295 9053 5216
internal_count=399489 101006 27592 73414 25389 298483 39014 23035 15371 13242 7685 4054 31767 7664 7247 5188 28948 7161 26612 34400 23105 6288 5557 5593 21043 291322 20324 11295 9053 5216
cat_boundaries=0 1 2
cat_threshold=8 5
is_linear=0
shrinkage=0.08


Tree=35
num_leaves=31
num_cat=8
split_feature=43 43 16 21 5 34 23 5 5 33 34 7 35 43 33 35 34 5 37 5 5 5 33 29 36 43 39 36 5 16
split_gain=112.67 17.8244 5.31656 4.16928 3.1257 3.08824 3.01326 2.98745 2.59883 2.3201 2.05858 3.04255 2.00394 1.98191 1.81245 1.54692 1.44149 1.26803 1.21217 1.38206 1.16737 1.03031 1.02738 1.0154 0.952568 0.58378 0.565972 0.552261 0.548993 0.847162
threshold=17.151924133300785 -7.966374158859252 5.2229049205780038 1.2378420233726504 0 -11.834106445312498 19.147075653076175 1 2 16.181183815002445 3.6267700195312504 2.5000000000000004 0.47349929809570318 4.905031919479371 15.961344242095949 0.73480606079101574 -12.418243408203123 3 -0.81534576416015614 4 5 6 17.830080032348636 0.36352920532226568 9.8776817321777362 12.322314262390138 0.58018952608108532 10.106563568115236 7 1.1715622544288637
decision_type=2 2 8 2 9 2 2 9 9 2 2 2 2 2 2 2 2 9 2 9 9 9 2 2 2 2 2 2 9 10
left_child=1 2 5 18 9 -1 8 12 -2 -5 11 14 17 16 -9 -11 -6 -7 19 -3 22 -15 -18 25 -25 -23 -10 -24 29 -20
right_child=6 3 -4 4 13 7 -8 10 26 15 -12 -13 -14 21 -16 -17 20 -19 28 -21 -22 23 27 24 -26 -27 -28 -29 -30 -31
leaf_value=-0.068286274951833439 0.0052121085025090474 -0.0023501403550117727 -0.10229286711075758 -0.034247553100371586 -0.013528677432724965 0.018285646796764529 0.40144085450962025 -0.013492224057415507 0.035045174835063413 0.035086833105078437 0.034604982158706672 -0.045250642670304056 -0.060500239397944626 0.054358150120832789 0.037071347742236388 -0.021716568748933535 0.0082928441664224389 -0.034192198916003162 0.067800337681524422 0.041262647982761164 0.010804495766897298 0.076607454114085954 0.04636790129622001 -0.013225014244644753 0.042304545718011913 0.025102214335970947 0.074306967861755502 0.023037717142282817 0.060194600873952953 0.031503645731994087
leaf_weight=2068 2156 2245 2330 2612 2060 3080 289720 2394 2080 4083 3681 3008 3052 6642 4053 2285 3436 3444 2285 2528 12155 2389 5844 2007 3422 2065 5207 3182 11045 3572
leaf_count=2068 2156 2245 2330 2612 2060 3080 289720 2394 2080 4083 3681 3008 3052 6642 4053 2285 3436 3444 2285 2528 12155 2389 5844 2007 3422 2065 5207 3182 11045 3572
internal_value=0.0031462 0.000835319 -0.000918879 0.00147925 0.00109151 -0.000574425 0.00392606 -0.000304198 0.00251476 -0.000266667 0.000479173 -0.0001458 -0.00137724 0.00137356 0.000834443 0.000556914 0.000946828 -0.000585246 0.00241181 0.00128204 0.00111699 0.00206229 0.00166063 0.0015361 0.000800883 0.0024319 0.00323361 0.00210978 0.0027299 0.00208065
internal_weight=400130 100967 27110 73857 52182 24780 299163 22712 9443 8980 13136 9455 9576 43202 6447 6368 26677 6524 21675 4773 24617 16525 12462 9883 5429 4454 7287 9026 16902 5857
internal_count=400130 100967 27110 73857 52182 24780 299163 22712 9443 8980 13136 9455 9576 43202 6447 6368 26677 6524 21675 4773 24617 16525 12462 9883 5429 4454 7287 9026 16902 5857
cat_boundaries=0 32 64 96 125 157 189 221 253
cat_threshold=0 0 0 0 0 0 0 0 0 0 0 0 0 0 0 117440512 0 0 922746880 0 0 536870912 4 0 0 514 0 0 16 0 0 39680 0 0 0 0 0 0 0 0 0 0 0 0 0 0 0 0 0 0 0 0 0 0 31 0 0 896 0 0 192 0 0 42496 0 0 0 0 0 0 0 0 0 0 0 0 0 0 0 67108864 0 0 1644167168 0 0 0 0 0 0 9 0 0 368 0 0 78080 0 0 0 0 0 0 0 0 0 0 0 0 0 0 0 0 0 0 0 0 0 0 17 0 0 768 0 0 128 0 0 0 0 0 0 0 0 0 0 0 0 0 0 0 33554432 0 0 0 0 0 2952790016 59 0 0 14 0 0 1200 0 0 68608 0 0 0 0 0 0 0 0 0 0 0 0 0 0 0 0 0 0 1073741824 0 0 2415919104 32 0 0 500 0 0 1824 0 0 65536 0 0 0 0 0 0 0 0 0 0 0 0 0 0 0 272629760 0 0 3221225472 0 0 1073741824 58 0 0 224 0 0 7680 0 0 16384 0 0 0 0 0 0 0 0 0 0 0 0 0 0 0 104857600 0 0 16777216 0 0 1342177280 19 0 0 449 0 0 256 0 0 30976
is_linear=0
shrinkage=0.08


Tree=36
num_leaves=31
num_cat=8
split_feature=23 24 17 5 36 33 5 34 10 28 5 5 19 38 18 5 31 14 33 10 13 34 5 33 10 5 34 33 33 5
split_gain=111.782 18.0571 6.74312 5.17739 5.45404 3.19249 6.75008 2.83775 2.47923 4.42513 2.45284 2.0654 1.62798 1.50897 1.33925 1.31223 1.23386 1.78211 3.69457 1.14359 0.984586 0.897817 1.2847 0.852154 3.11841 0.969955 0.785727 0.609235 0.56538 0.546284
threshold=19.700504302978519 -2.0167999267578121 1.3672859072685244 0 2.8681755065917973 15.356735706329347 1 -5.1658020019531241 3.178634881973267 1021.2896728515626 2 3 2.0431597232818608 1.3144135475158694 2.9459803104400639 4 64.892086029052749 2.7172323465347294 16.456128120422367 1.7841944098472597 0.80761975049972545 -12.418243408203123 5 17.530560493469242 1.5267614722251894 6 -12.118377685546873 21.818688392639164 22.969920158386234 7
decision_type=2 2 8 9 2 2 9 2 2 2 9 9 2 2 2 9 2 2 2 2 2 2 9 2 2 9 2 2 2 9
left_child=1 3 15 4 -1 6 -4 11 13 -10 23 26 21 16 -2 20 17 18 -5 -8 -3 -13 -23 24 -9 -25 -7 -27 -24 -19
right_child=14 2 5 8 -6 7 19 10 9 -11 -12 12 -14 -15 -16 -17 -18 29 -20 -21 -22 22 28 25 -26 27 -28 -29 -30 -31
leaf_value=-0.0029840207960273352 0.41582910328077161 0.055028875721950525 -0.043542012003075142 -0.035413447965373462 -0.11284011067018947 0.010074516797027819 0.038882348090983489 0.05770882758909629 -0.075357464204245841 0.0069999373941944578 0.059148689982060437 -0.01209200753708866 -0.021473779734985158 -0.032987839108934873 0.058836773205176933 0.056045344366976536 -0.011181102279345463 0.021716118095005298 0.037217296554724714 0.00074184949940894111 0.011857435437151344 -0.007411635067918019 0.016314477145877495 0.050211579924038192 -0.029590602066267013 0.0062902306807742885 0.044584159938938273 0.046222279681317611 0.044311844636333329 0.051635564227604867
leaf_weight=2807 283654 3261 2430 2054 3359 2864 3317 2177 2780 3347 9874 2036 2892 2646 2586 20747 3455 2043 2440 3494 3057 2815 2762 5619 2353 3210 6231 3628 2481 3708
leaf_count=2807 283654 3261 2430 2054 3359 2864 3317 2177 2780 3347 9874 2036 2892 2646 2586 20747 3455 2043 2440 3494 3057 2815 2762 5619 2353 3210 6231 3628 2481 3708
internal_value=0.0031176 0.000997638 0.00158146 -0.00074013 -0.00278952 0.00109587 -0.000267647 0.00135333 -0.000175521 -0.00154668 0.00190555 0.000681001 3.26004e-05 0.000338958 0.00396101 0.00262456 0.000676878 0.0011175 -7.63764e-05 0.00102533 0.00160177 0.000512272 0.000891423 0.00131875 0.000378855 0.00166103 0.00160395 0.00101371 0.00162873 0.00204895
internal_weight=400127 113887 85248 28639 6166 58183 9241 48942 22473 6127 26861 22081 12986 16346 286240 27065 13700 10245 4494 6811 6318 10094 8058 16987 4530 12457 9095 6838 5243 5751
internal_count=400127 113887 85248 28639 6166 58183 9241 48942 22473 6127 26861 22081 12986 16346 286240 27065 13700 10245 4494 6811 6318 10094 8058 16987 4530 12457 9095 6838 5243 5751
cat_boundaries=0 32 64 96 128 160 192 224 256
cat_threshold=0 0 0 0 0 0 0 0 0 0 0 0 0 0 0 0 0 0 0 0 0 0 24 0 0 512 0 0 144 0 0 49664 0 0 0 0 0 0 0 0 0 0 0 0 0 0 0 117440512 0 0 1577058304 0 0 2415919104 0 0 0 544 0 0 144 0 0 16128 0 0 0 0 0 0 0 0 0 0 0 0 33554432 0 0 37748736 0 0 117440512 0 0 0 28 0 0 991 0 0 14576 0 0 88832 0 0 0 0 0 0 0 0 0 0 0 0 0 0 0 0 0 0 0 0 0 0 24 0 0 184 0 0 8352 0 0 87552 0 0 0 0 0 0 0 0 0 0 0 0 0 0 0 83886080 0 0 536870912 0 0 268435456 11 0 0 0 0 0 864 0 0 91392 0 0 0 0 0 0 0 0 0 0 0 0 0 0 0 0 0 0 0 0 0 2147483648 37 0 0 773 0 0 64 0 0 8192 0 0 0 0 0 0 0 0 0 0 0 0 0 0 0 37748736 0 0 117440512 0 0 0 4 0 0 192 0 0 14464 0 0 81920 0 0 0 0 0 0 0 0 0 0 0 0 0 0 0 0 0 0 0 0 0 0 4 0 0 268 0 0 8800 0 0 10240
is_linear=0
shrinkage=0.08


Tree=37
num_leaves=31
num_cat=10
split_feature=43 43 17 24 22 5 5 34 7 5 10 14 16 5 16 28 5 18 22 5 30 34 18 5 5 5 5 37 39 43
split_gain=115.138 15.8493 4.61444 4.34859 3.0623 4.64153 2.40044 2.18949 3.38695 3.57789 4.09807 5.86136 1.9384 1.9361 1.70847 1.7681 2.49876 1.4348 1.33827 1.30248 1.09874 1.35036 1.05292 1.04338 1.0412 0.933005 0.781176 0.732224 0.727876 0.664418
threshold=19.712667465209964 -2.8396198749542232 1.2489606738090517 -14.299041748046873 0.33903121948242193 0 1 1.7434387207031252 1.5000000000000002 2 1.6938580274581911 3.0621427297592168 1.3131135106086733 3 2.3205643892288212 1014.6590576171876 4 2.9459803104400639 0.28181076049804693 5 7.3125000000000009 -12.118377685546873 2.110896229743958 6 7 8 9 0.67319869995117199 0.77782490849494945 21.053441047668461
decision_type=2 2 8 2 2 9 9 2 2 9 2 2 10 9 10 2 9 2 2 9 2 2 2 9 9 9 9 2 2 2
left_child=1 3 19 -1 7 -6 12 8 25 -10 -11 -12 -4 -9 26 16 -16 29 -18 28 -8 -22 27 -7 -24 -5 -14 -23 -3 -2
right_child=17 2 6 4 5 23 20 13 9 10 11 -13 14 -15 15 -17 18 -19 -20 -21 21 22 24 -25 -26 -27 -28 -29 -30 -31
leaf_value=-0.076049146967976752 0.071077907364299697 0.056877844557847917 -0.028862022105259792 0.00019948200686857142 -0.07504618349893101 0.02709440805709629 0.045438065506833665 -0.021137777451993175 0.018879297235989759 0.008176209611065046 -0.076044257392000922 -0.019448444203019322 0.0090519621401534949 0.032198119067007182 0.028126963807143374 0.044430223690051084 -0.0061426966829803246 0.050690851022500566 -0.05230074651796926 0.05495327583111858 -0.008656111439050965 0.05683925239679917 -0.0066548249966625426 -0.010159463003940789 0.031590320246361464 0.036202847271993653 0.034773562967826112 0.02343387572995308 0.0098367824802217275 0.45037932624576399
leaf_weight=3131 7249 3843 2029 2031 3939 2915 9558 2069 4005 2630 2054 2675 2982 8368 2221 3142 2106 2563 2016 13909 2334 6652 2412 3803 3072 3675 10738 2586 2516 276349
leaf_count=3131 7249 3843 2029 2031 3939 2915 9558 2069 4005 2630 2054 2675 2982 8368 2221 3142 2106 2563 2016 13909 2334 6652 2412 3803 3072 3675 10738 2586 2516 276349
internal_value=0.00309856 0.000941307 0.00165688 -0.000308437 -7.29291e-05 -0.00122359 0.00125635 0.000373151 -0.000185012 -0.000983295 -0.00202792 -0.00343617 0.000695969 0.00128535 0.000903726 7.79359e-05 -0.000690697 0.00395345 -0.00185225 0.00268034 0.00178629 0.00140068 0.00168395 5.81776e-05 0.000803786 0.00140378 0.00147414 0.00220502 0.00171751 0.00397052
internal_weight=399572 113411 72116 41295 38164 10657 51848 27507 17070 11364 7359 4729 25234 10437 23205 9485 6343 286161 4122 20268 26614 17056 14722 6718 5484 5706 13720 9238 6359 283598
internal_count=399572 113411 72116 41295 38164 10657 51848 27507 17070 11364 7359 4729 25234 10437 23205 9485 6343 286161 4122 20268 26614 17056 14722 6718 5484 5706 13720 9238 6359 283598
cat_boundaries=0 32 64 96 128 160 192 224 253 285 317
cat_threshold=0 0 0 0 0 0 0 0 0 0 0 0 0 0 0 0 0 0 0 0 0 0 21 0 0 792 0 0 8208 0 0 32768 0 0 0 0 0 0 0 0 0 0 0 0 33554432 0 0 658505728 0 0 1996488704 0 0 2147483648 5 0 0 579 0 0 5968 0 0 113408 0 0 0 0 0 0 0 0 0 0 0 0 0 0 0 0 0 0 0 0 0 0 55 0 0 772 0 0 8416 0 0 1024 0 0 0 0 0 0 0 0 0 0 0 0 0 0 0 0 0 0 0 0 0 0 55 0 0 512 0 0 0 0 0 100096 0 0 0 0 0 0 0 0 0 0 0 0 0 0 0 50331648 0 0 1342177280 0 0 2147483648 1 0 0 64 0 0 4096 0 0 70144 0 0 0 0 0 0 0 0 0 65536 0 0 0 0 0 1048576 0 0 1610612736 0 0 2415919104 15 0 0 2 0 0 32 0 0 27648 0 0 0 0 0 0 0 0 0 0 0 0 0 0 0 0 0 0 0 0 0 0 40 0 0 100 0 0 224 0 0 512 0 0 0 0 0 0 0 0 0 0 0 0 0 0 0 0 0 0 134217728 0 0 0 58 0 0 8 0 0 8192 0 0 0 0 0 0 0 0 0 0 0 0 0 0 0 0 0 0 0 0 0 0 20 0 0 360 0 0 192 0 0 65536 0 0 0 0 0 0 0 0 0 0 0 0 0 0 0 570425344 0 0 268435456 0 0 0 0 0 0 64 0 0 4096 0 0 72448
is_linear=0
shrinkage=0.08


Tree=38
num_leaves=31
num_cat=1
split_feature=45 45 21 44 45 33 33 36 30 34 34 8 21 36 11 20 24 41 38 22 43 41 21 45 31 21 41 13 25 25
split_gain=120.152 16.3343 7.0255 3.43921 3.3764 3.2576 1.93062 4.17557 2.42471 2.29103 1.82484 1.82135 2.43917 2.00195 1.54013 1.5085 1.44219 1.15838 1.15015 1.11716 1.03761 1.02866 0.911401 0.720659 0.772426 0.686089 0.766548 0.641524 0.632101 0.598395
threshold=20.528858184814457 -9.3026924133300763 1.129728436470032 20.098581314086918 -16.021200180053707 15.228096008300783 15.356735706329347 0.0071525573730468759 15.437500000000002 -13.510375976562498 2.6247863769531254 0 2.1038404703140263 1.5006065368652346 1.7131996154785158 2.436557531356812 19.011001586914066 -2.2675513029098506 -1.7139444351196287 0.027179718017578128 -1.7262623906135557 21.443408966064457 1.330608665943146 5.9970154762268075 67.735012054443374 2.040154337882996 -0.5732450783252715 1.5820924043655398 2.4889577627182011 2.2968491315841679
decision_type=2 2 2 2 2 2 2 2 2 2 2 1 2 2 2 2 2 2 2 2 2 2 2 2 2 2 2 2 2 2
left_child=1 4 16 6 5 -1 7 -4 14 -10 11 12 -6 -14 20 23 18 -9 -3 -12 29 22 -2 28 -25 -16 -27 -19 -11 -8
right_child=21 2 3 -5 10 -7 8 17 9 15 19 -13 13 -15 25 -17 -18 27 -20 -21 -22 -23 -24 24 -26 26 -28 -29 -30 -31
leaf_value=-0.092981371701355647 0.1201379932420569 0.0096475846038983643 -0.023343538741793738 -0.024400972373402885 -0.063773852412006782 -0.028854107227016135 0.038614805129143934 -0.0065049586032373619 -0.028581442070437967 0.0077018390128828478 0.030256592809629508 0.0084813195359718253 0.018425671123880657 -0.049922195007068119 0.028483644242995321 -0.012868327349303888 0.05730112636615748 0.039732910089037933 0.050990622946215598 -0.012285938238172717 0.055277390670402236 0.40977318207906793 0.032934680924452522 0.010180456674737963 0.056663802036528391 0.025295783906876836 -0.01161125392473167 0.0093051342235650533 0.025990891402637741 0.0049070232507013086
leaf_weight=2499 2569 2631 2627 2089 2399 3796 2443 2895 2219 9248 3124 3646 2269 2777 5110 3639 9667 4891 10631 2047 13006 278435 2008 2634 5636 3283 2049 2560 5100 2286
leaf_count=2499 2569 2631 2627 2089 2399 3796 2443 2895 2219 9248 3124 3646 2269 2777 5110 3639 9667 4891 10631 2047 13006 278435 2008 2634 5636 3283 2049 2560 5100 2286
internal_value=0.00308101 0.00092691 0.00138796 0.000997978 -0.00100731 -0.00257891 0.00109403 0.00021351 0.00129559 0.000774556 -0.000397738 -0.000976128 -0.00169282 -0.000691456 0.00182169 0.000983287 0.00260674 0.000937041 0.00206209 0.000842309 0.00227557 0.00397301 0.00277044 0.00122645 0.00182126 0.00104937 0.000413328 0.00146415 0.000882574 0.00125681
internal_weight=400213 117201 94644 71715 22557 6295 69626 12973 56653 28476 16262 11091 7445 5046 28177 26257 22929 10346 13262 5171 17735 283012 4577 22618 8270 10442 5332 7451 14348 4729
internal_count=400213 117201 94644 71715 22557 6295 69626 12973 56653 28476 16262 11091 7445 5046 28177 26257 22929 10346 13262 5171 17735 283012 4577 22618 8270 10442 5332 7451 14348 4729
cat_boundaries=0 1
cat_threshold=2
is_linear=0
shrinkage=0.08


Tree=39
num_leaves=31
num_cat=11
split_feature=41 17 5 33 6 23 24 5 17 5 9 7 5 38 5 40 33 5 14 22 5 29 41 14 5 31 29 31 5 29
split_gain=120.474 15.3551 6.37972 6.98934 4.92673 3.60205 2.78563 2.77886 2.7673 2.54821 2.11071 1.63026 1.60305 1.43447 1.14336 1.45416 1.12836 1.79752 1.58731 1.14381 1.11437 1.0144 0.9299 0.747349 0.683235 0.684843 0.661205 0.698395 0.611573 0.593961
threshold=21.194136619567875 2.2150076627731328 0 15.356735706329347 1 1.063835144042969 23.152435302734379 2 3.5016745328903203 3 4 1.5000000000000002 5 -1.4368160963058469 6 2.2365655899047856 16.12780857086182 7 2.6258656978607182 0.038623809814453132 8 0.40330505371093756 -13.981431007385252 2.7172323465347294 9 66.835334777832045 0.37452316284179693 77.411575317382827 10 0.10263824462890626
decision_type=2 8 9 2 1 2 2 9 8 9 1 2 9 2 9 2 2 9 2 2 9 2 2 2 9 2 2 2 9 2
left_child=1 5 3 -3 7 16 -2 -4 21 11 14 29 -13 -14 15 -6 17 -1 -19 28 -21 -5 -17 -16 25 -11 -15 -28 -18 -7
right_child=6 2 4 8 10 9 -8 -9 -10 24 -12 12 13 26 23 22 19 18 -20 20 -22 -23 -24 -25 -26 -27 27 -29 -30 -31
leaf_value=0.025205878847377679 0.017934030133278815 -0.10767546904161902 -0.062085841790471101 0.021883699367113867 -0.0084224404465204749 0.051634862100575885 0.32699254061884003 -0.0011364749766628092 -0.069449415846156951 0.033050120846048324 -0.029749284758468119 -0.011697354450413014 -0.008616888552180289 0.047576866602752128 0.011391106036830951 -0.014025759852017157 0.039152538942198473 -0.030891218845529138 0.0090494109118645777 -0.0099794322177236758 0.027077757047095953 -0.026900871243686439 0.029134282038813231 0.04196279869184967 0.054157931379135354 0.050487375656935098 -0.0012061317905530927 0.045136362290822789 0.017869046773383402 0.037084266013495494
leaf_weight=2590 2457 2111 3160 3136 5108 2498 282599 3506 2666 7090 2499 2091 2055 3207 4465 2034 2533 2006 2007 3433 3163 2339 7413 8649 7129 12961 2082 2375 3672 6314
leaf_count=2590 2457 2111 3160 3136 5108 2498 282599 3506 2666 7090 2499 2091 2055 3207 4465 2034 2533 2006 2007 3433 3163 2339 7413 8649 7129 12961 2082 2375 3672 6314
internal_value=0.0030684 0.000873896 -0.000233905 -0.00199688 0.000257665 0.00164996 0.00394822 -0.00170745 -0.00093191 0.00202309 0.000692726 0.00134909 0.000734349 0.00116603 0.000894074 0.000404803 0.000730195 -0.000119159 -0.00117729 0.00116806 0.000433545 9.84504e-05 0.000992704 0.00143566 0.00253235 0.00228608 0.00167005 0.00103604 0.0019469 0.00217275
internal_weight=399348 114292 47086 10252 36834 67206 285056 6666 8141 47802 30168 20622 11810 9719 27669 14555 19404 6603 4013 12801 6596 5475 9447 13114 27180 20051 7664 4457 6205 8812
internal_count=399348 114292 47086 10252 36834 67206 285056 6666 8141 47802 30168 20622 11810 9719 27669 14555 19404 6603 4013 12801 6596 5475 9447 13114 27180 20051 7664 4457 6205 8812
cat_boundaries=0 32 33 65 97 98 130 162 194 226 258 290
cat_threshold=0 0 0 0 0 0 0 0 0 0 0 0 0 0 0 29360128 0 0 234881024 0 0 1610612736 4 0 0 515 0 0 144 0 0 47360 8 0 0 0 0 0 0 0 0 0 0 0 0 0 0 0 0 0 0 0 0 0 0 59 0 0 136 0 0 3584 0 0 1536 0 0 0 0 0 0 0 0 0 0 0 0 2097152 0 0 62914560 0 0 989855744 0 0 2415919104 7 0 0 275 0 0 13088 0 0 65280 52 0 0 0 0 0 0 0 0 0 0 0 0 2097152 0 0 25165824 0 0 939524096 0 0 0 0 0 0 0 0 0 256 0 0 61952 0 0 0 0 0 0 0 0 0 0 0 0 0 0 0 33554432 0 0 16777216 0 0 2415919104 8 0 0 268 0 0 6976 0 0 82944 0 0 0 0 0 0 0 0 0 0 0 0 0 0 0 0 0 0 2147483648 0 0 0 56 0 0 396 0 0 2144 0 0 125440 0 0 0 0 0 0 0 0 0 0 0 0 0 0 0 0 0 0 0 0 0 0 30 0 0 64 0 0 4848 0 0 33792 0 0 0 0 0 0 0 0 0 0 0 0 0 0 0 67108864 0 0 1073741824 2 0 0 56 0 0 748 0 0 2256 0 0 65536 0 0 0 0 0 0 0 0 0 0 0 0 0 0 0 0 0 0 0 0 0 0 1 0 0 273 0 0 13232 0 0 26112
is_linear=0
shrinkage=0.08


Tree=40
num_leaves=31
num_cat=8
split_feature=45 15 45 21 5 5 5 36 34 5 10 13 5 22 31 45 18 32 42 5 41 18 16 32 5 5 10 19 18 40
split_gain=127.59 13.2438 6.80588 5.20222 4.72102 4.262 3.64589 2.79638 2.73736 2.285 1.90068 1.88598 2.39901 1.51301 2.24185 1.39177 1.38095 1.33834 0.976081 0.969502 0.914914 1.36657 0.889281 1.1846 0.875388 0.859489 0.787429 0.780236 0.660076 0.745419
threshold=20.804831504821781 2.3872911930084233 -15.078511238098143 1.129728436470032 0 1 2 0.030040740966796878 -14.520019531249998 3 3.0196816921234135 1.0710186362266543 4 0.041484832763671882 66.222221374511733 5.5958764553070077 2.1401038169860844 361.34713745117193 13.122814178466799 5 22.080218315124515 2.3822149038314824 2.672854065895081 231.19474029541018 6 7 2.7248598337173466 2.0976599454879765 2.1009842157363896 2.5256671905517583
decision_type=2 8 2 2 9 9 9 2 2 9 2 2 9 2 2 2 2 2 2 9 2 2 8 2 9 9 2 2 2 2
left_child=1 3 5 11 10 -3 7 9 -6 -5 17 18 -13 -9 -15 -8 24 -4 -1 -16 21 -2 -18 -24 -10 28 -7 -25 -17 -30
right_child=20 2 4 6 8 26 15 13 16 -11 -12 12 -14 14 19 25 22 -19 -20 -21 -22 -23 23 27 -26 -27 -28 -29 29 -31
leaf_value=0.035999060641574814 0.10741742709326708 -0.11728771239942111 -0.045132514474796499 -0.034579956603628094 -0.038225931861332406 -0.00030907113170865837 0.017574271584321854 0.030776730647605516 0.00028315066263317367 -5.5863461518957766e-05 -0.084000137385019727 -0.0090674368577525893 0.039215590076812579 -0.023472126897951379 0.046599303116273964 0.054110415314923069 -0.020620729982972166 0.01366361801173664 0.05565694681748113 0.0010868057381300535 0.37857422935890667 0.02891514309764262 -0.026613707543764648 0.034822165279756914 0.035366248677891794 0.047106616788870265 -0.044771897018009044 0.010580399911728875 -0.0020053542967977535 0.027108050413758324
leaf_weight=8446 4649 2347 2357 2187 2218 2008 19334 4933 2383 3101 2304 2156 4196 3387 2968 4061 2311 2233 9127 3378 274649 2110 2481 2912 10228 6625 2114 3874 2306 2576
leaf_count=8446 4649 2347 2357 2187 2218 2008 19334 4933 2383 3101 2304 2156 4196 3387 2968 4061 2311 2233 9127 3378 274649 2110 2481 2912 10228 6625 2114 3874 2306 2576
internal_value=0.00304063 0.000839096 -0.00035093 0.00143981 0.000110594 -0.00272326 0.00101017 0.000146991 0.000597419 -0.00142846 -0.00175065 0.00242407 0.00123986 0.000715726 0.000136714 0.00150301 0.000844498 -0.000808696 0.00285116 0.00102329 0.00396802 0.00303679 0.000213324 0.000563544 0.00142334 0.0020665 -0.00115693 0.00111006 0.00154546 0.000917416
internal_weight=399959 118551 39770 78781 33301 6469 54856 19954 26407 5288 6894 23925 6352 14666 9733 34902 24189 4590 17573 6346 281408 6759 11578 9267 12611 15568 4122 6786 8943 4882
internal_count=399959 118551 39770 78781 33301 6469 54856 19954 26407 5288 6894 23925 6352 14666 9733 34902 24189 4590 17573 6346 281408 6759 11578 9267 12611 15568 4122 6786 8943 4882
cat_boundaries=0 32 64 96 128 160 189 221 253
cat_threshold=0 0 0 0 0 0 0 0 0 0 0 0 0 0 0 0 0 0 251658240 0 0 4026531840 21 0 0 515 0 0 16 0 0 14592 0 0 0 0 0 0 0 0 0 0 0 0 0 0 0 0 0 0 0 0 0 0 22 0 0 0 0 0 12480 0 0 17408 0 0 0 0 0 0 0 0 0 0 0 0 2097152 0 0 130023424 0 0 4194304000 0 0 2147483648 7 0 0 528 0 0 4480 0 0 4352 0 0 0 0 0 0 0 0 0 0 0 0 0 0 0 117440512 0 0 3758096384 0 0 0 0 0 0 16 0 0 4096 0 0 4096 0 0 0 0 0 0 0 0 0 0 0 0 0 0 0 176160768 0 0 16777216 1 0 3489660928 35 0 0 263 0 0 32 0 0 84992 0 0 0 0 0 0 0 0 0 0 0 0 0 0 0 0 0 0 1610612736 0 0 2147483648 0 0 0 528 0 0 4352 0 0 0 0 0 0 0 0 0 0 0 0 0 0 0 0 0 0 0 0 0 0 8 0 0 256 0 0 2080 0 0 1024 0 0 0 0 0 0 0 0 0 0 0 0 0 0 0 270532608 0 0 67108864 2 0 0 8 0 0 143 0 0 8816 0 0 67072
is_linear=0
shrinkage=0.08


Tree=41
num_leaves=31
num_cat=0
split_feature=45 15 45 16 36 19 44 39 43 45 33 15 32 37 22 39 45 36 14 33 19 33 1 13 34 32 22 1 13 19
split_gain=127.589 11.9445 7.06167 3.46194 2.53934 2.48085 2.26496 1.87795 1.77777 1.34879 1.32772 1.43958 2.13966 1.47251 1.35957 1.17268 1.15268 1.5934 1.90819 2.3101 1.0034 0.902221 0.867225 0.805286 0.730789 0.718667 0.798182 0.72621 0.537109 0.46949
threshold=21.059271812438968 1.797548294067383 -13.604599475860594 2.4884552955627446 4.1670799255371103 0.83723747730255138 19.556418418884281 2.016081809997559 5.3063101768493661 22.52426910400391 23.038271903991703 3.0637612342834477 320.85038757324224 0.39471817016601568 0.024318695068359378 1.6750093698501589 -1.7242704033851621 7.0710184574127206 2.8499461412429814 16.181183815002445 1.5938898324966433 26.917439460754398 74.750000000000014 1.6000317931175234 -4.4851684570312491 968.88223266601574 0.30469894409179693 90.250000000000014 0.88291782140731823 2.25915539264679
decision_type=2 8 2 10 2 2 2 2 2 2 2 8 2 2 2 2 2 2 2 2 2 2 2 2 2 2 2 2 2 2
left_child=1 5 3 -3 15 28 10 8 25 20 11 16 -13 -14 -12 -5 17 18 19 -4 -2 29 -18 -10 -24 26 -7 -28 -1 -16
right_child=9 2 6 4 -6 7 -8 -9 23 -11 14 12 13 -15 21 -17 22 -19 -20 -21 -22 -23 24 -25 -26 -27 27 -29 -30 -31
leaf_value=0.055179754939189384 0.080966325576391274 -0.073373954351685977 -0.035265102510640599 0.013764103865792972 -0.06740898085161981 0.026727504024163892 -0.023255155764179532 -0.006979618678283536 0.034958788807780666 0.38838069904177219 0.050978262343558803 -0.038182194588347138 0.023715433388607973 -0.026794291131884751 0.030531707753693623 -0.026381001104546119 -0.00039662267565749882 -0.041345672815092882 0.027897136681439231 0.010806344401131778 0.022527778071929357 -0.0099900012589706766 0.012739990991493902 0.0093588339623430668 0.045325225420994181 -0.0021184878439781921 -0.0012343300918335627 0.02933578938709918 0.022766738977472688 0.003814887597277159
leaf_weight=6658 7485 2076 2174 3487 2792 6355 2092 3361 25509 269890 6895 3429 3482 2250 4318 2023 2903 2076 5275 3415 2022 3913 4439 2242 5313 2751 4050 2690 2177 2205
leaf_count=6658 7485 2076 2174 3487 2792 6355 2092 3361 25509 269890 6895 3429 3482 2250 4318 2023 2903 2076 5275 3415 2022 3913 4439 2242 5313 2751 4050 2690 2177 2205
internal_value=0.0030189 0.000841143 0.000100175 -0.00181055 -0.001077 0.00169833 0.000466442 0.00146636 0.00160681 0.00395691 0.000570244 0.000284876 -0.000575292 0.000370603 0.00114203 -7.971e-05 0.000592853 6.17762e-05 0.000450248 -0.000579389 0.00301229 0.000565193 0.00113541 0.00199287 0.00149641 0.000929869 0.00117665 0.000568889 0.00292821 0.00114067
internal_weight=399747 120350 64557 10378 8302 55793 54179 46958 43597 279397 52087 34756 9161 5732 17331 5510 25595 12940 10864 5589 9507 10436 12655 27751 9752 15846 13095 6740 8835 6523
internal_count=399747 120350 64557 10378 8302 55793 54179 46958 43597 279397 52087 34756 9161 5732 17331 5510 25595 12940 10864 5589 9507 10436 12655 27751 9752 15846 13095 6740 8835 6523
is_linear=0
shrinkage=0.08


Tree=42
num_leaves=31
num_cat=12
split_feature=43 13 33 5 5 34 5 18 5 41 5 8 5 5 41 30 39 18 27 15 5 43 33 14 34 5 34 5 29 5
split_gain=125.578 8.6471 5.5636 8.60539 4.09536 3.24536 3.32354 3.1271 2.6834 2.65593 3.52328 2.27336 3.1975 1.66016 1.41573 1.1902 1.27127 1.3493 1.05019 1.03253 1.17598 1.14503 0.983097 1.80581 2.41363 1.42853 0.979574 0.907659 0.892949 0.709409
threshold=20.791519165039066 1.1670265793800356 17.378111839294437 0 1 -8.0471191406249982 2 1.8187864422798159 3 22.790029525756839 4 5 6 7 4.5745031833648691 3.5312500000000004 1.1930717229843142 1.7639567255973818 1016.6324157714845 1.5652409791946413 8 -7.3987948894500724 15.608640193939211 2.9062763452529912 1.9403991699218752 9 -1.1170043945312498 10 0.40330505371093756 11
decision_type=2 2 2 9 9 2 9 2 9 2 9 1 9 9 2 2 2 2 2 10 9 2 2 2 2 9 2 9 2 9
left_child=1 4 3 -3 -1 8 19 -5 -4 10 -2 12 -6 26 27 -10 17 -17 -14 -7 -21 -22 23 24 -15 -25 -9 -13 -28 -20
right_child=9 2 5 7 11 6 -8 13 15 -11 -12 14 18 22 -16 16 -18 -19 29 20 21 -23 -24 25 -26 -27 28 -29 -30 -31
leaf_value=0.043325280962425786 -0.0046499574957702943 -0.052042607244823971 -0.046503318777831773 0.042493818833235053 -0.020401433768129432 0.043682581388295921 0.044007271515091768 -0.00083361627707910588 0.0387568608551647 0.35122485760727501 0.084991293634336745 -0.0049728772117822694 0.032837827336651464 -0.056371951140395844 0.042474563799153424 0.0019990441176859102 0.02193947794159808 -0.03636907132939917 0.01956915579653111 0.018862706607190499 -0.049788465860880163 0.007301257941755822 0.01203925840036151 -0.01663225222675464 0.00047048135667339288 0.029677558193911997 -0.016110803660226641 0.021555381534620034 -0.051517549237712602 -0.0070265441669870952
leaf_weight=17005 2026 3718 2435 3006 2630 2317 13807 2070 2367 268764 9311 2093 6029 2040 7986 2238 3615 2253 2070 9417 2552 3836 6088 2255 2438 3698 2252 4952 2005 2762
leaf_count=17005 2026 3718 2435 3006 2630 2317 13807 2070 2367 268764 9311 2093 6029 2040 7986 2238 3615 2253 2070 9417 2552 3836 6088 2255 2438 3698 2252 4952 2005 2762
internal_value=0.00300441 0.000838191 0.000306758 -0.000544963 0.00170648 0.000868464 0.00130111 -2.59739e-05 -0.000201889 0.00393188 0.00272742 0.00111863 0.000364714 -0.000345467 0.00179536 0.000355666 -0.000105471 -0.00100333 0.000970867 0.000586925 0.000355359 -0.000481898 7.71511e-05 -0.000394215 -0.00160606 0.000518531 -0.00144509 0.00096669 -0.00214015 9.25239e-05
internal_weight=400035 119934 74407 29570 45527 44837 31929 25852 12908 280101 11337 28522 13491 22846 15031 10473 8106 4491 10861 18122 15805 6388 16519 10431 4478 5953 6327 7045 4257 4832
internal_count=400035 119934 74407 29570 45527 44837 31929 25852 12908 280101 11337 28522 13491 22846 15031 10473 8106 4491 10861 18122 15805 6388 16519 10431 4478 5953 6327 7045 4257 4832
cat_boundaries=0 32 61 93 125 157 158 190 222 251 283 315 347
cat_threshold=0 0 0 0 0 0 0 0 0 0 0 0 0 0 0 113246208 0 0 251658240 0 0 268435456 1 0 0 16 0 0 128 0 0 5120 0 0 0 64 0 0 2048 0 0 180224 0 0 52166656 0 0 812646400 0 0 2264924160 1 0 805306368 32 0 0 163 0 0 176 0 0 0 0 0 0 0 0 0 0 0 0 0 0 0 268435456 0 0 536870912 0 0 0 31 0 0 815 0 0 6384 0 0 256 0 0 0 0 0 0 0 0 0 0 0 0 0 0 0 0 0 0 0 0 0 2147483648 33 0 0 261 0 0 768 0 0 57600 0 0 0 0 0 0 0 0 0 131072 0 0 0 0 0 213909504 0 0 0 0 0 0 1 0 0 1 0 0 8192 0 0 78080 2 0 0 0 0 0 0 0 0 0 65536 0 0 2097152 0 0 117440512 0 0 2013265920 0 0 0 0 0 0 0 0 0 4608 0 0 119552 0 0 0 0 0 0 0 0 0 0 0 0 0 0 0 419430400 0 0 2147483648 3 0 536870912 22 0 0 523 0 0 1024 0 0 51200 0 0 0 0 0 0 0 0 0 0 0 0 0 0 0 0 0 0 0 0 0 0 9 0 0 44 0 0 6256 0 0 0 0 0 0 0 0 0 0 0 0 0 0 0 0 0 0 0 0 0 1073741824 8 0 0 4 0 0 2160 0 0 8960 0 0 0 0 0 0 0 0 0 0 0 0 0 0 0 0 0 0 0 0 0 0 8 0 0 256 0 0 13376 0 0 11264 0 0 0 0 0 0 0 0 0 0 0 0 4194304 0 0 134217728 0 0 0 0 0 0 3 0 0 284 0 0 320 0 0 3072
is_linear=0
shrinkage=0.08


Tree=43
num_leaves=31
num_cat=9
split_feature=45 17 45 5 21 5 5 36 14 6 22 39 45 5 28 18 39 43 45 5 38 5 5 38 12 40 12 22 5 12
split_gain=132.851 10.3889 4.15924 4.46184 3.51051 3.37905 2.95674 2.52354 5.99088 2.52166 1.82981 1.68545 1.62202 2.84548 1.56961 1.55828 2.14172 1.51766 1.24247 1.19874 1.14693 1.15027 1.04995 0.938734 0.85218 0.902669 0.836688 0.765354 0.936206 0.720102
threshold=21.34037017822266 2.2150076627731328 -12.304445743560789 0 1.129728436470032 1 2 0.030040740966796878 2.2603789567947392 3 0.0042915344238281259 1.5904040932655337 22.52426910400391 4 1021.8015747070314 2.3519940376281743 1.1784424185752871 5.3063101768493661 16.95029449462891 5 -2.1974143981933589 6 7 -2.2695708274841304 1.3370901346206667 3.2852897644042973 1.7018012404441836 0.91981887817382824 8 1.0567013621330263
decision_type=2 8 2 9 2 9 9 2 2 1 2 2 2 9 2 2 2 2 2 9 2 9 9 2 2 2 2 2 9 2
left_child=1 4 3 -3 18 7 15 8 -6 11 -9 -5 13 -2 -11 -4 -17 29 23 -19 21 -8 -22 -1 -24 27 -12 28 -26 -7
right_child=12 2 6 9 5 17 20 10 -10 14 26 -13 -14 -15 -16 16 -18 19 -20 -21 22 -23 24 -25 25 -27 -28 -29 -30 -31
leaf_value=0.0065482841484477174 0.0077663737086939482 -0.09878637326865701 0.0021610264656501837 0.027610961188896086 -0.034216116636693938 9.9157428294674709e-05 0.0052519592111352972 0.041733455280674667 0.0093661650623120506 -0.067240448931668861 0.0077868263695922337 -0.027387516218286313 0.33283606051957831 0.076504776863496646 -0.013171153357514205 -0.065835839964447709 -0.007758734320734385 0.025088967834455064 0.041583721070506265 0.043105146873478321 0.025765236570725297 0.050938666339295072 -0.013462745679093816 0.034795523407483445 -0.009352556118904027 0.034539057199214948 -0.022569308701318309 -0.026669442186729946 0.024006619987163677 0.018557891756762698
leaf_weight=3213 2069 2300 4245 3190 2052 4038 2067 3113 3093 2344 6886 2009 269774 5798 2089 2318 2615 9851 9192 5714 6753 3627 2403 12548 2538 3299 2073 2750 3161 12249
leaf_count=3213 2069 2300 4245 3190 2052 4038 2067 3113 3093 2344 6886 2009 269774 5798 2089 2318 2615 9851 9192 5714 6753 3627 2403 12548 2538 3299 2073 2750 3161 12249
internal_value=0.00298072 0.000777066 -0.00014351 -0.00143628 0.00137033 0.000977119 0.000287934 7.35628e-05 -0.00140834 -0.000674679 0.000705843 0.000520406 0.00394684 0.00280665 -0.00207231 -0.000948902 -0.00191544 0.00146486 0.00214285 0.00203018 0.000715005 0.0017209 0.000440662 0.00170972 4.82677e-05 0.000329308 0.000124429 -0.000109233 0.000419688 0.000924587
internal_weight=399371 121730 47708 11932 74022 49069 35776 17217 5145 9632 12072 5199 277641 7867 4433 9178 4933 31852 24953 15565 26598 5694 20904 15761 14151 11748 8959 8449 5699 16287
internal_count=399371 121730 47708 11932 74022 49069 35776 17217 5145 9632 12072 5199 277641 7867 4433 9178 4933 31852 24953 15565 26598 5694 20904 15761 14151 11748 8959 8449 5699 16287
cat_boundaries=0 32 64 96 97 129 161 190 222 254
cat_threshold=0 0 0 0 0 0 0 0 0 0 0 0 0 0 0 0 0 0 0 0 0 0 29 0 0 0 0 0 128 0 0 58368 0 0 0 0 0 0 0 0 0 65536 0 0 2097152 0 0 125829120 0 0 4194304000 0 0 2147483648 14 0 0 22 0 0 8320 0 0 5376 0 0 0 0 0 0 0 0 0 0 0 0 2097152 0 0 12582912 0 0 251658240 0 0 536870912 4 0 0 513 0 0 4112 0 0 14592 1 0 0 0 0 0 0 0 0 0 0 0 0 1048576 0 0 230686720 0 0 67108864 0 0 2147483648 3 0 0 3 0 0 32 0 0 2304 0 0 0 0 0 0 2048 0 0 0 0 0 262144 0 0 406847488 0 0 67108864 2 0 0 33 0 0 777 0 0 4976 0 0 51200 0 0 0 0 0 0 0 0 0 0 0 0 0 0 0 0 0 0 0 0 0 3221225472 59 0 0 148 0 0 384 0 0 0 0 0 0 0 0 0 0 0 0 262144 0 0 540016640 0 0 3758096384 1 0 3221225472 35 0 0 208 0 0 160 0 0 1024 0 0 0 0 0 0 0 0 0 0 0 0 0 0 0 285212672 0 0 268435456 0 0 0 0 0 0 44 0 0 2368 0 0 32768
is_linear=0
shrinkage=0.08


Tree=44
num_leaves=31
num_cat=4
split_feature=45 17 16 34 6 10 34 17 45 20 38 6 45 6 31 31 34 38 6 14 40 31 13 34 36 18 36 10 18 34
split_gain=134.552 9.79229 3.94399 3.33055 3.96122 5.68386 4.09755 3.0738 2.38419 3.03277 1.70285 1.60995 1.53627 1.4953 4.51447 1.79469 1.4863 1.50776 1.41127 1.10081 1.05766 1.30231 1.04942 1.04403 1.0067 1.31262 0.928848 0.96123 1.38237 1.05754
threshold=21.34037017822266 2.191460490226746 1.2222947478294375 -16.401916503906246 0 2.0251234769821171 4.7471923828125009 1.2777395844459536 23.80170822143555 1.7394835352897646 -1.0647926330566404 1 3.9625599384307866 2 73.53409576416017 30.355532646179203 -7.2206726074218741 0.28543519973754888 3 3.3092482089996342 2.8049049377441411 80.225246429443374 0.61426809430122387 1.0000000180025095e-35 3.3087730407714848 2.1237550973892216 9.1366767883300799 2.8795458078384404 1.9213373661041262 -4.0555419921874991
decision_type=2 8 10 2 1 2 2 10 2 2 2 1 2 1 2 2 2 2 1 2 2 2 2 2 2 2 2 2 2 2
left_child=1 7 -3 -4 5 -5 -7 18 9 -2 24 19 26 14 15 -9 17 -15 -1 -12 21 -18 -20 -17 -6 -26 27 28 -13 -30
right_child=8 2 3 4 10 6 -8 13 -10 -11 11 12 -14 16 -16 23 20 -19 22 -21 -22 -23 -24 -25 25 -27 -28 -29 29 -31
leaf_value=0.044009967780312687 0.087932796822226267 -0.059194931510007327 -0.051447004456279748 0.02256442210209059 0.03494442662893104 -0.083650527117406184 -0.0063372663261586186 -0.011997574778015122 0.3672602210825523 0.015544391965226442 0.0053945433402570447 0.023507271483595289 -0.034644620305077763 -0.014619059099413845 -0.02625375168449251 -4.336454957714484e-05 0.014406834150849231 0.017406467047988337 0.036860732328516867 0.063199710111834659 0.045985563356313847 0.047912623377955023 0.011404437741979223 0.020152053398545488 0.044942262621028045 -0.0096548482550340379 -0.032982589304425082 0.041512682080546058 -0.023641498742490507 0.0098295516463284879
leaf_weight=13544 15642 2324 2021 3520 5511 3105 2172 2072 259359 3260 3882 3349 2386 2794 2823 2871 11529 6805 4005 2248 4982 3907 9331 8608 3805 3454 3041 2394 3257 2048
leaf_count=13544 15642 2324 2021 3520 5511 3105 2172 2072 259359 3260 3882 3349 2386 2794 2823 2871 11529 6805 4005 2248 4982 3907 9331 8608 3805 3454 3041 2394 3257 2048
internal_value=0.00295565 0.000737878 -0.000143672 1.84405e-05 0.000164049 -0.00135329 -0.00301343 0.00132154 0.00392626 0.00305457 0.000541885 0.000124696 -0.00028736 0.00092679 0.000310846 0.000917632 0.00126204 0.000440837 0.00200223 0.00122927 0.00164833 0.00131969 0.0014124 0.00130873 0.00128013 0.000659788 3.09243e-05 0.000371858 -2.12372e-05 -0.000824083
internal_weight=400049 121788 48517 46193 44172 8797 5277 73271 278261 18902 35375 22605 16475 46391 16374 13551 30017 9599 26880 6130 20418 15436 13336 11479 12770 7259 14089 11048 8654 5305
internal_count=400049 121788 48517 46193 44172 8797 5277 73271 278261 18902 35375 22605 16475 46391 16374 13551 30017 9599 26880 6130 20418 15436 13336 11479 12770 7259 14089 11048 8654 5305
cat_boundaries=0 1 2 3 4
cat_threshold=8 4 8 5
is_linear=0
shrinkage=0.08


Tree=45
num_leaves=31
num_cat=14
split_feature=45 21 45 44 5 6 31 5 5 41 5 5 24 13 6 5 27 27 6 5 13 5 5 19 5 39 21 13 38 5
split_gain=136.795 8.79524 4.20903 3.65169 3.31025 2.78031 4.31778 2.45407 2.32465 2.25466 2.57602 2.23219 2.94786 1.92335 2.48926 3.70941 1.92184 1.51059 1.43535 1.36162 1.54956 1.27552 0.935306 0.94211 0.876054 0.839098 0.829859 0.780095 0.765176 0.844014
threshold=21.851572036743168 1.4480326771736147 -13.604599475860594 20.628742218017582 0 1 73.53409576416017 2 3 23.597916603088382 4 5 -10.516647338867186 0.82718572020530712 6 7 1007.1914062500001 1022.0563049316407 8 9 1.486939609050751 10 11 1.0629425048828127 12 1.2088128924369814 1.9381260871887209 1.2633268833160403 0.19388031959533694 13
decision_type=2 2 2 2 9 1 2 9 9 2 9 9 2 2 1 9 2 2 1 9 2 9 9 2 9 2 2 2 2 9
left_child=1 4 11 5 27 6 8 -7 17 10 18 -3 24 22 15 -15 -9 -4 -2 -16 -21 25 23 -6 -13 26 -18 -1 29 -17
right_child=9 2 3 -5 13 7 -8 16 -10 -11 -12 12 -14 14 19 28 21 -19 -20 20 -22 -23 -24 -25 -26 -27 -28 -29 -30 -31
leaf_value=0.041160082970572706 0.11894544911897185 -0.085260158422822419 -0.02379383965010998 -0.025657381803718706 0.031775534224149686 0.037059777835510191 -0.046885059429582397 -0.026640289999809934 0.018298599822818375 0.31216451065152567 0.11285278582708508 -0.022691213083132409 -0.049089814804221643 -0.033606951924639944 0.037146577848052739 0.011575169504288217 0.025578871975321844 0.015198197223851351 0.0041411940349581206 0.023656417241588831 -0.010109410283410461 0.0022618884562174836 0.034345059723551244 -0.0026676520907628616 0.025896331717661356 0.041082259028410714 0.0011926656356822313 0.022243508880978719 0.033070856416649114 -0.0073720867998021055
leaf_weight=9371 2345 2067 2588 2531 2436 9486 3142 2410 7201 260703 9646 2063 2592 2212 7280 2110 6051 2026 2681 7229 3049 13456 10462 2004 2960 7174 6287 2139 2018 2636
leaf_count=9371 2345 2067 2588 2531 2436 9486 3142 2410 7201 260703 9646 2063 2592 2212 7280 2110 6051 2026 2681 7229 3049 13456 10462 2004 2960 7174 6287 2139 2018 2636
internal_value=0.00293567 0.000740539 0.000165121 0.000406145 0.00152323 0.000532233 -0.000412098 0.000846983 0.000289218 0.00393188 0.00296199 -0.00138589 -0.000746562 0.00118834 0.000779687 -0.000304135 0.000539918 -0.00111006 0.00147919 0.00133303 0.000737231 0.000699618 0.00191577 0.000932736 0.000383867 0.00111243 0.000712018 0.00272333 0.000627359 7.23298e-05
internal_weight=400355 124980 72034 62352 52946 59821 14957 44864 11815 275375 14672 9682 7615 41436 26534 8976 35378 4614 5026 17558 10278 32968 14902 4440 5023 19512 12338 11510 6764 4746
internal_count=400355 124980 72034 62352 52946 59821 14957 44864 11815 275375 14672 9682 7615 41436 26534 8976 35378 4614 5026 17558 10278 32968 14902 4440 5023 19512 12338 11510 6764 4746
cat_boundaries=0 32 33 65 97 129 161 162 194 195 227 259 291 323 355
cat_threshold=16 0 0 192 0 0 3072 0 0 2154496 0 0 60751872 0 0 842006528 0 0 956301312 1 0 0 32 0 0 0 0 0 16 0 0 41216 8 0 0 0 0 0 0 0 0 0 0 0 0 1048576 0 0 267386880 0 0 2030043136 0 0 4026531840 48 0 0 128 0 0 32 0 0 22016 0 0 0 0 0 0 0 0 0 0 0 0 262144 0 0 60817408 0 0 1073741824 0 0 0 8 0 0 144 0 0 9648 0 0 5632 8 0 0 0 0 0 0 0 0 8192 0 0 0 0 0 232783872 0 0 117440512 0 0 1610612736 3 0 0 1 0 0 32 0 0 8448 0 0 0 0 0 0 0 0 0 0 0 0 0 0 0 0 0 0 0 0 0 0 4 0 0 512 0 0 8320 0 0 8192 8 0 0 0 0 0 0 0 0 0 196608 0 0 0 0 0 201326592 0 0 3221225472 2 0 268435456 8 0 0 3 0 0 32 0 0 7680 12 0 0 0 0 0 0 0 0 0 0 0 0 0 0 0 92274688 0 0 3221225472 2 0 0 8 0 0 184 0 0 1184 0 0 19456 0 0 0 0 0 0 0 0 0 0 0 0 0 0 0 0 0 0 0 0 0 0 9 0 0 120 0 0 11712 0 0 75776 0 0 0 0 0 0 0 0 0 65536 0 0 0 0 0 16777216 0 0 1140850688 0 0 2147483648 12 0 0 264 0 0 13440 0 0 89088 0 0 0 0 0 0 0 0 0 0 0 0 0 0 0 0 0 0 0 0 0 0 18 0 0 264 0 0 4160 0 0 16384 0 0 0 0 0 0 0 0 0 0 0 0 6291456 0 0 20971520 0 0 0 0 0 1610612736 0 0 0 72 0 0 15232 0 0 16384
is_linear=0
shrinkage=0.08


Tree=46
num_leaves=31
num_cat=11
split_feature=43 42 5 16 21 42 5 15 5 36 10 44 39 5 5 17 28 16 0 36 5 39 5 5 32 10 5 13 5 5
split_gain=135.513 7.25874 3.78091 2.54328 2.26701 2.11777 4.7628 1.79048 1.77529 2.52461 1.56455 1.52254 1.31177 1.3748 1.30077 1.13196 1.05039 0.92942 1.18108 1.41628 1.69333 1.32716 1.31273 1.15005 0.874901 0.865358 1.48671 0.857916 0.835204 0.765315
threshold=21.575139045715336 -2.1950149536132808 0 5.2229049205780038 1.1403889656066897 24.670078277587894 1 1.5412240624427798 2 7.6632499694824228 1.6938580274581911 20.098581314086918 1.238577723503113 3 4 1.2100856304168703 1007.9940795898439 1.1509218215942385 35.750000000000007 10.106563568115236 5 0.88564693927764904 6 7 374.98229980468756 1.6591954827308657 8 2.1997783184051518 9 10
decision_type=2 2 9 8 2 2 9 10 9 2 2 2 2 9 9 10 2 8 2 2 9 2 9 9 2 2 9 2 9 9
left_child=1 3 15 8 25 6 7 -2 16 10 28 17 14 -14 -12 -3 -1 -6 21 20 -20 23 -23 -19 -25 -4 -27 -18 -10 -11
right_child=5 2 4 -5 11 -7 -8 -9 9 29 12 -13 13 -15 -16 -17 27 18 19 -21 -22 22 -24 24 -26 26 -28 -29 -30 -31
leaf_value=-0.019450885062631238 0.064585528555101468 0.036424640149001576 0.036004003841725529 -0.055997517075078815 -0.017010058091187743 0.35451349239161772 0.094330749977238643 -0.0081874905458834187 0.029133771627129379 -0.053299956771775028 -0.03235337696086079 -0.010858375288510439 0.032061019276527249 -0.0085684664735287304 0.00010568879256817976 0.023976340428111826 0.0073765476226201167 -0.01174534427006993 -0.041655874941894364 0.026525084509757518 0.0041181023518645698 0.014586380536259422 0.036581721265927562 0.034188839760281808 0.0050088669580908097 0.030117313715521836 -0.00041248980075141135 0.034114271497362979 0.0012554303762949779 -0.025298328261085273
leaf_weight=2133 2442 10512 8075 2619 2127 248673 21831 2511 3281 2155 3318 3793 2671 4492 2280 13522 8738 2607 2186 2194 3260 8770 6194 4294 6568 3797 3781 5858 3201 2205
leaf_count=2133 2442 10512 8075 2619 2127 248673 21831 2511 3281 2155 3318 3793 2671 4492 2280 13522 8738 2607 2186 2194 3260 8770 6194 4294 6568 3797 3781 5858 3201 2205
internal_value=0.00291457 0.000725636 0.00116832 -0.000116291 0.000816148 0.00390489 0.0032252 0.000975669 4.08508e-05 -0.000405876 -1.18422e-05 0.000509773 -0.000525879 0.000191273 -0.00144223 0.00201114 0.000670846 0.000661607 0.000757476 -0.00012549 -0.000816715 0.000994691 0.00151302 0.000418132 0.000780004 0.00163775 0.00102161 0.000913597 0.000999384 -0.00214188
internal_weight=400088 124631 81680 42951 57646 275457 26784 4953 40332 23603 19243 41993 12761 7163 5598 24034 16729 38200 36073 7640 5446 28433 14964 13469 10862 15653 7578 14596 6482 4360
internal_count=400088 124631 81680 42951 57646 275457 26784 4953 40332 23603 19243 41993 12761 7163 5598 24034 16729 38200 36073 7640 5446 28433 14964 13469 10862 15653 7578 14596 6482 4360
cat_boundaries=0 26 58 90 122 151 180 209 238 270 299 328
cat_threshold=16 0 0 192 0 0 3072 0 0 2146304 0 0 62849024 0 0 808452096 0 0 285212672 3 0 1342177280 48 0 0 224 0 0 0 0 0 0 0 0 0 0 0 0 0 0 0 96468992 0 0 234881024 0 0 0 1 0 0 3 0 0 8480 0 0 78080 0 0 0 0 0 0 0 0 0 0 0 0 0 0 0 0 0 0 0 0 0 0 32 0 0 324 0 0 14688 0 0 97024 0 0 0 0 0 0 0 0 0 0 0 0 0 0 0 0 0 0 0 0 0 0 16 0 0 56 0 0 144 0 0 32768 0 0 0 0 0 0 0 0 0 0 0 0 0 0 0 0 0 0 0 0 0 0 6 0 0 56 0 0 640 0 0 0 0 0 0 0 0 0 0 0 0 0 0 0 0 0 0 0 0 0 0 0 0 0 0 0 0 7664 0 0 0 0 0 0 0 0 0 0 0 0 0 0 0 58720256 0 0 33554432 0 0 2147483648 7 0 0 799 0 0 12416 0 0 0 0 0 0 0 0 0 0 0 0 0 0 0 29360128 0 0 234881024 0 0 0 0 0 0 4 0 0 5632 0 0 0 0 0 0 0 0 0 196608 0 0 0 0 0 62914560 0 0 771751936 0 0 0 10 0 0 26 0 0 1200 0 0 256 0 0 0 0 0 0 0 0 0 0 0 0 0 0 0 0 0 0 0 0 0 0 2 0 0 672 0 0 1536 0 0 0 0 0 0 0 0 0 0 0 0 0 0 0 0 0 0 0 0 0 0 2 0 0 689 0 0 1664
is_linear=0
shrinkage=0.08


Tree=47
num_leaves=31
num_cat=2
split_feature=42 17 41 20 33 10 40 3 21 6 31 1 41 38 24 31 27 15 32 14 13 6 10 31 40 38 1 32 27 10
split_gain=135.363 6.40208 5.72299 6.50052 2.94495 4.00758 3.32975 3.42774 2.70449 2.14812 3.4033 2.63037 1.72211 1.60111 1.511 1.50676 1.38477 1.32104 1.9641 1.56741 1.30489 1.16322 1.13013 1.05791 1.04875 0.972907 1.14445 1.15936 0.878446 0.861784
threshold=21.328063964843754 2.2849425077438359 23.959451675415043 1.7280134558677676 23.038271903991703 3.2964507341384892 3.8666477203369145 4589.9460449218759 0.99222800135612499 0 74.217937469482436 90.250000000000014 6.0670838356018075 -1.8793071508407591 -4.7101135253906241 29.455540657043461 1010.4404602050782 3.2022997140884404 361.34713745117193 2.3336970806121831 0.75706481933593761 1 1.2885506749153139 47.648519515991218 2.4993829727172856 -4.3250584602355948 82.750000000000014 371.64308166503912 1013.3452758789064 1.4517375230789187
decision_type=2 8 2 2 2 2 2 2 2 1 2 2 2 2 2 2 2 8 2 2 2 1 2 2 2 2 2 2 2 2
left_child=1 8 3 -2 5 13 -7 -8 20 10 15 -12 22 14 23 -10 -6 19 -19 -15 -1 -22 -11 -3 -20 -17 27 -27 -24 -18
right_child=2 4 -4 -5 16 6 7 -9 9 12 11 -13 -14 17 -16 25 29 18 24 -21 21 -23 28 -25 -26 26 -28 -29 -30 -31
leaf_value=0.038376617489504328 0.086533865185480077 0.020950120983370821 0.28116019605893483 -0.0071709263848967536 -0.012620711601585954 -0.069615766106787352 0.021748117593894202 -0.062801127702278955 -0.014514013415322973 -0.0024361937662141842 -0.036397869109337122 0.0046396903117640557 0.031078719230727327 -0.020823306714776037 0.042512153883367938 0.028645705874197312 0.0034280783378759787 -0.050671979752914549 0.022705062558465796 0.011366205676660177 -0.0020563658037464233 0.033343656377929333 -0.000561614756448512 -0.023182691072595712 -0.022826615205766686 0.0076200254716326903 0.023095353235897672 -0.016340225070690786 0.023147072772114446 0.041569684256723631
leaf_weight=8319 16946 2001 256430 3559 2306 2664 2697 2186 2223 5793 2339 2190 21608 2742 2994 2230 2772 2374 2033 8034 2437 4191 3175 2154 2009 4478 6925 2045 9941 8364
leaf_count=8319 16946 2001 256430 3559 2306 2664 2697 2186 2223 5793 2339 2190 21608 2742 2994 2230 2772 2374 2033 8034 2437 4191 3175 2154 2009 4478 6925 2045 9941 8364
internal_value=0.00289737 0.000691498 0.00387882 0.0025903 -6.44022e-05 -0.00048304 -0.00209236 -0.000847742 0.00113134 0.000901377 0.000272606 -0.00168407 0.00124893 1.65908e-05 0.00102193 0.000768466 0.000928338 -0.000401814 -0.00130968 0.00013944 0.00209855 0.00125821 0.000691157 3.36135e-05 -0.000234946 0.00104488 0.000787041 2.6328e-05 0.00110194 0.00129769
internal_weight=400159 123224 276935 20505 45330 31888 7547 4883 77894 62947 22430 4529 40517 24341 7149 17901 13442 17192 6416 10776 14947 6628 18909 4155 4042 15678 13448 6523 13116 11136
internal_count=400159 123224 276935 20505 45330 31888 7547 4883 77894 62947 22430 4529 40517 24341 7149 17901 13442 17192 6416 10776 14947 6628 18909 4155 4042 15678 13448 6523 13116 11136
cat_boundaries=0 1 2
cat_threshold=8 8
is_linear=0
shrinkage=0.08


Tree=48
num_leaves=31
num_cat=3
split_feature=23 17 41 19 34 33 6 30 44 16 24 6 33 29 6 34 38 33 0 28 40 34 41 23 1 38 19 0 22 14
split_gain=138.117 7.48077 3.92489 3.86553 3.24942 3.72015 3.4827 3.33214 2.86401 2.77885 1.73166 1.67085 2.42025 1.667 2.02037 3.77488 4.39064 1.86546 1.87955 1.64694 1.59186 1.59026 1.33569 1.17202 1.171 1.56897 1.15715 1.13558 1.1329 0.852418
threshold=22.346626281738285 1.3994875550270083 23.959451675415043 1.6641703844070437 -16.401916503906246 17.830080032348636 0 16.312500000000004 19.820819854736332 1.161241412162781 -3.0806884765624996 1 14.876351833343508 0.0025062561035156254 2 1.0429077148437502 0.20561218261718753 14.504255771636965 31.250000000000004 1014.7871704101564 2.5561553239822392 -7.9358215332031241 6.0670838356018075 -1.6295814514160154 89.250000000000014 0.38097631931304937 0.99252367019653331 35.250000000000007 1.0000000180025095e-35 1.6285281181335451
decision_type=2 8 2 2 2 2 1 2 2 10 2 1 2 2 1 2 2 2 2 2 2 2 2 2 2 2 2 2 2 2
left_child=1 11 3 29 -3 6 21 23 9 -8 -9 12 20 -11 24 16 -16 -17 -19 27 -1 -6 -13 -7 25 -15 -24 -12 -14 -2
right_child=2 4 -4 -5 5 7 8 10 -10 13 19 22 28 14 15 17 -18 18 -20 -21 -22 -23 26 -25 -26 -27 -28 -29 -30 -31
leaf_value=0.014970360074831919 0.10972138286639925 -0.042696584509973053 0.27085266698381033 -0.0037943288443755248 -0.0054816750053722166 0.014892456342742319 -0.04791426759890962 -0.030132834695299732 -0.024486226604786158 0.023459467240123443 0.0054571067357944356 0.014426463593452675 0.025835046786353302 0.015255105934785207 -0.072059300591707565 -0.017216531091903492 -0.0044361208625054065 -0.017796973325661342 0.02713140807301553 0.033213304289525312 -0.014230067378820965 0.047452553163473549 0.052768051513371494 0.02860000995506418 0.0294006662391634 -0.028088112789787956 0.032962750172813006 -0.021802187127722878 0.0097110158348962666 0.073720878476252596
leaf_weight=2667 6903 2538 254762 2296 2041 11410 2793 3018 2247 3120 11900 5590 6726 3876 2000 3801 2227 2227 3999 4627 2953 5094 7172 16593 3187 2024 9729 2787 3187 6792
leaf_count=2667 6903 2538 254762 2296 2041 11410 2793 3018 2247 3120 11900 5590 6726 3876 2000 3801 2227 2227 3999 4627 2953 5094 7172 16593 3187 2024 9729 2787 3187 6792
internal_value=0.00287393 0.000725412 0.00390176 0.00268258 0.000333439 0.000414066 -0.00017637 0.000867216 -0.000537927 -0.000326134 0.000138215 0.0016684 0.00102694 -7.2381e-05 -0.000304741 -0.000898417 -0.00290111 -5.30038e-05 0.00079923 0.000416891 -0.000298401 0.00141719 0.00210937 0.00144833 0.000626771 -4.0609e-05 0.0024649 1.90525e-06 0.0017789 0.00319154
internal_weight=400286 129533 270753 15991 91509 88971 38636 50335 31501 29254 22332 38024 15533 26461 23341 14254 4227 10027 6226 19314 5620 7135 22491 28003 9087 5900 16901 14687 9913 13695
internal_count=400286 129533 270753 15991 91509 88971 38636 50335 31501 29254 22332 38024 15533 26461 23341 14254 4227 10027 6226 19314 5620 7135 22491 28003 9087 5900 16901 14687 9913 13695
cat_boundaries=0 1 2 3
cat_threshold=6 8 1
is_linear=0
shrinkage=0.08


Tree=49
num_leaves=31
num_cat=12
split_feature=45 20 5 45 16 5 30 45 5 5 13 34 33 5 27 34 5 5 5 33 34 5 45 31 30 11 5 5 34 5
split_gain=143.006 8.62955 3.86607 3.31281 2.72996 2.18899 2.3772 2.18769 3.63398 2.04396 1.96127 2.06528 3.59405 1.80885 1.76706 1.66653 2.33948 1.47692 1.34327 1.21308 1.63411 1.69626 1.14368 1.1457 1.22434 1.03411 0.989322 0.891178 0.73096 2.15026
threshold=23.29136943817139 1.4677785634994509 0 -15.078511238098143 4.4963481426239023 1 28.937500000000004 24.516264915466312 2 3 0.80761975049972545 2.5407104492187504 15.157439708709719 4 1016.4956970214845 -8.2705078124999982 5 6 7 14.876351833343508 3.5037841796875004 8 5.9970154762268075 79.128036499023452 2.4062500000000004 1.0561965107917788 9 10 1.6819458007812502 11
decision_type=2 2 9 2 8 9 2 2 9 9 2 2 2 9 2 2 9 9 9 2 2 9 2 2 2 2 9 9 2 9
left_child=1 2 -1 4 27 6 19 8 -2 -8 13 15 -13 -4 -15 16 -12 -14 -17 -5 21 -21 28 24 -24 -19 -26 -3 -7 -30
right_child=7 3 10 5 -6 22 9 -9 -10 -11 11 12 17 14 -16 18 -18 25 -20 20 -22 -23 23 -25 26 -27 -28 -29 29 -31
leaf_value=0.035443318092834492 -0.0037906148901980436 -0.023530804225880417 0.033764579732734945 -0.026319924743952373 -0.067749515622161374 0.0026299509559958205 -0.054725476793690629 0.28130255353985578 0.085893710870711723 -0.0083366206069630782 -0.030883116932859184 -0.015886061738785363 0.034421153546430217 0.030390515236266524 -0.0030512644908715354 0.0069720620286028755 0.02643532010119292 0.014742390856666007 0.034404784528611294 0.015150178605181825 0.039996183197412896 -0.022608985918483031 0.020571400306389123 0.048061548829226426 0.019809024879222467 -0.01077899347732309 -0.013846627252291244 0.017632943480634457 0.036668691418101189 -0.0057862126712354776
leaf_weight=12765 2033 3090 9187 2000 2263 28449 2056 251370 10604 4024 2180 3680 2006 4130 3532 3613 2861 2132 9031 5382 2964 3583 5747 2573 3580 2034 2035 2043 5438 3669
leaf_count=12765 2033 3090 9187 2000 2263 28449 2056 251370 10604 4024 2180 3680 2006 4130 3532 3613 2861 2132 9031 5382 2964 3583 5747 2573 3580 2034 2035 2043 5438 3669
internal_value=0.00284289 0.00073578 0.0014843 0.000193445 -0.00141723 0.000360229 -0.000349693 0.00392864 0.00289618 -0.00166831 0.00113012 0.00071398 -0.000214155 0.00181007 0.000896642 0.00123086 7.92026e-07 0.000965383 0.00172088 0.000226415 0.000532373 -6.68513e-06 0.000636058 0.00125493 0.000908196 0.00010129 6.75557e-05 -0.000394322 0.000406325 0.00102972
internal_weight=400054 136047 57151 78896 7396 71500 20009 264007 12637 6080 44386 27537 9852 16849 7662 17685 5041 6172 12644 13929 11929 8965 51491 13935 11362 4166 5615 5133 37556 9107
internal_count=400054 136047 57151 78896 7396 71500 20009 264007 12637 6080 44386 27537 9852 16849 7662 17685 5041 6172 12644 13929 11929 8965 51491 13935 11362 4166 5615 5133 37556 9107
cat_boundaries=0 32 64 96 128 160 192 224 256 288 320 352 384
cat_threshold=24 0 0 64 0 0 3072 0 0 3170304 0 0 59441152 0 0 542113792 0 0 822083584 1 0 0 0 0 0 128 0 0 16 0 0 24832 0 0 0 0 0 0 0 0 0 0 0 0 0 0 0 230686720 0 0 704643072 0 0 0 4 0 0 515 0 0 4624 0 0 37120 0 0 0 0 0 0 0 0 0 131072 0 0 0 0 0 96468992 0 0 486539264 0 0 536870912 2 0 0 0 0 0 0 0 0 4352 0 0 0 0 0 0 0 0 0 0 0 0 0 0 0 25165824 0 0 134217728 0 0 0 0 0 0 1 0 0 528 0 0 256 0 0 0 128 0 0 0 0 0 229376 0 0 7602176 0 0 413138944 0 0 2281701376 2 0 268435456 34 0 0 583 0 0 2080 0 0 1024 0 0 0 0 0 0 0 0 0 0 0 0 0 0 0 0 0 0 3221225472 0 0 2147483648 51 0 0 772 0 0 12800 0 0 1024 0 0 0 0 0 0 0 0 0 0 0 0 0 0 0 100663296 0 0 3221225472 0 0 3221225472 1 0 0 118 0 0 7552 0 0 32768 0 0 0 128 0 0 0 0 0 32768 0 0 0 0 0 136314880 0 0 100663296 0 0 1073741824 10 0 0 12 0 0 6432 0 0 66560 0 0 0 0 0 0 0 0 0 0 0 0 0 0 0 8388608 0 0 167772160 0 0 0 0 0 0 512 0 0 4624 0 0 36864 0 0 0 0 0 0 0 0 0 0 0 0 0 0 0 536870912 0 0 1090519040 0 0 1610612736 2 0 0 312 0 0 9440 0 0 2560 0 0 0 0 0 0 0 0 0 0 0 0 0 0 0 0 0 0 0 0 0 0 22 0 0 520 0 0 1728 0 0 25088 0 0 0 0 0 0 0 0 0 0 0 0 0 0 0 0 0 0 0 0 0 0 8 0 0 240 0 0 3552 0 0 2560
is_linear=0
shrinkage=0.08


Tree=50
num_leaves=31
num_cat=2
split_feature=43 21 15 23 20 32 18 33 6 44 10 30 17 13 27 23 37 33 44 32 18 6 27 18 29 10 23 10 11 27
split_gain=140.491 6.64499 2.85727 2.83069 3.51001 2.2943 2.27392 2.1984 5.71703 4.69576 3.49798 2.6298 1.8409 1.8362 1.75967 1.47525 1.32806 1.09775 2.62101 2.00588 1.06061 1.00203 0.973501 1.50425 1.3824 0.89493 0.831673 1.24201 1.20739 0.881992
threshold=22.538384437561039 0.99222800135612499 3.2798150777816777 25.099063873291019 1.6966602206230166 598.40667724609386 2.6677595376968388 15.356735706329347 0 18.029183387756351 1.7841944098472597 2.4062500000000004 1.6804192662239077 1.8882331252098086 1007.2523803710939 13.122814178466799 1.6056079864501955 19.013567924499515 20.628742218017582 434.53758239746099 1.8034571409225466 1 1017.0366516113282 2.1449353694915776 0.52500534057617199 1.4665849208831789 7.3899841308593759 2.3016456365585332 0.83140617609024059 1013.0769653320314
decision_type=2 2 8 2 2 2 2 2 1 2 2 2 10 2 2 2 2 2 2 2 2 1 2 2 2 2 2 2 2 2
left_child=1 15 7 4 20 6 -4 8 -3 10 -10 17 -12 -14 -13 -1 -7 18 19 -9 -2 26 23 24 -23 -24 28 -28 -16 -30
right_child=3 2 5 -5 -6 16 -8 11 9 -11 12 14 13 -15 21 -17 -18 -19 -20 -21 -22 22 25 -25 -26 -27 27 -29 29 -31
leaf_value=0.01626987665421701 0.092050788949415902 0.040765114489442283 -0.0089286756600681829 0.28149346581745077 0.0080981099634671403 0.019160599357696192 -0.0725458024968135 0.029932123557395669 0.018798392720660993 -0.026272453619838428 0.0046952444259173902 -0.028836254416428449 -0.046353905091441022 -0.011543461488811569 -0.0089875939851261494 0.032140965863042645 -0.020022197145488637 0.032899378145112346 -0.015552950844374603 -0.0015858275068893139 0.049502153958761237 0.020738174538437164 -0.0073931469062848906 -0.020753179593398126 -0.011992083908671444 0.026669278157575204 0.042367300397368073 -0.0028950296993727541 -0.011261636893233125 0.017884609151056333
leaf_weight=6169 16572 5475 6217 241842 2887 5935 3516 8655 5459 2109 2894 2242 2963 2575 2923 11905 2065 14563 2327 3634 7227 3216 2649 2640 3390 4621 6083 2132 2029 12529
leaf_count=6169 16572 5475 6217 241842 2887 5935 3516 8655 5459 2109 2894 2242 2963 2575 2923 11905 2065 14563 2327 3634 7227 3216 2649 2640 3390 4621 6083 2132 2029 12529
internal_value=0.00282509 0.000676265 0.00044806 0.00387264 0.0030875 -0.000484022 -0.00130843 0.00062188 -9.02954e-05 -0.000853932 -0.000319114 0.00082957 -0.00133997 -0.00219322 0.000442066 0.00209998 0.000519351 0.00141958 0.000928757 0.00139491 0.00340695 0.000558193 7.16015e-05 -0.000472774 0.000172914 0.000763736 0.000870431 0.00153435 0.00055823 0.000856123
internal_weight=399443 130915 112841 268528 26686 17733 9733 95108 21475 16000 13891 73633 8432 5538 44454 18074 8000 29179 14616 12289 23799 42212 16516 9246 6606 7270 25696 8215 17481 14558
internal_count=399443 130915 112841 268528 26686 17733 9733 95108 21475 16000 13891 73633 8432 5538 44454 18074 8000 29179 14616 12289 23799 42212 16516 9246 6606 7270 25696 8215 17481 14558
cat_boundaries=0 1 2
cat_threshold=6 12
is_linear=0
shrinkage=0.08


Tree=51
num_leaves=31
num_cat=8
split_feature=23 20 5 23 20 5 33 28 5 34 34 31 23 5 28 5 0 33 36 44 5 16 16 5 34 25 5 0 34 34
split_gain=141.266 6.90507 3.74372 2.11824 5.05745 1.92067 1.83117 2.40827 1.71069 1.37809 1.34471 2.57497 1.58551 1.36884 1.28525 1.27709 1.06308 1.05923 1.21606 1.50409 1.16668 1.18792 1.93954 1.14908 1.06248 1.1224 1.02643 1.01027 1.7564 0.994412
threshold=23.162212371826175 1.5752828717231753 0 25.643821716308597 1.6759923696517947 1 15.085631847381594 1013.115936279297 2 0.71688842773437511 4.7471923828125009 75.169490814208999 7.3899841308593759 3 1012.3459472656251 4 29.250000000000004 23.182271957397464 8.9249610900878924 2.076903343200684 5 1.7169331908226015 2.4884552955627446 6 -9.3246154785156232 2.9459589719772343 7 35.250000000000007 1.9403991699218752 -8.9011535644531232
decision_type=2 2 9 2 2 9 2 2 9 2 2 2 2 9 2 9 2 2 2 2 9 8 10 9 2 2 9 2 2 2
left_child=1 2 14 4 -2 6 -3 8 -8 -9 12 15 29 -14 -1 -12 -7 20 23 -20 -18 -22 27 -19 -24 26 -26 28 -23 -4
right_child=3 5 10 -5 -6 16 7 9 -10 -11 11 -13 13 -15 -16 -17 17 18 19 -21 21 22 24 -25 25 -27 -28 -29 -30 -31
leaf_value=0.050479456132351261 0.09840259800875048 -0.051101959645801179 -0.0088091922442767208 0.28311015861318795 0.0033896658770909329 0.01887763331166668 0.00086164266963534243 -0.0082365959700638567 -0.040665483546227545 0.03559380481716938 0.017404079140171919 -0.023811453002686701 -0.0038020356583476785 0.029432351033210222 0.019259495266324592 -0.0015974203095965359 -0.015127229840339302 0.038354216347617445 -0.028152231024950396 0.022519398470427658 0.033731529526337595 -0.015761049047200708 -0.013034342457878229 0.0079221876346511847 0.018021920432253966 0.032493535707550592 -0.015109151306543705 -0.023237462273756251 0.03184780960951511 0.011566207322057067
leaf_weight=8166 28591 3332 3291 232958 2960 8585 2878 4176 3280 4612 3884 2033 2333 16840 8586 4794 6920 4144 2561 2064 2737 3696 3543 4032 4605 4121 2448 2646 2049 13337
leaf_count=8166 28591 3332 3291 232958 2960 8585 2878 4176 3280 4612 3884 2033 2333 16840 8586 4794 6920 4144 2561 2064 2737 3696 3543 4032 4605 4121 2448 2646 2049 13337
internal_value=0.00279814 0.000699557 0.00131011 0.00387464 0.00325604 0.000166154 -0.000542573 -0.000164215 -0.00137613 0.00068561 0.00093974 0.000153344 0.00117517 0.00167085 0.00233532 0.000754144 0.000405457 0.000251536 0.000868316 -0.000168285 1.03739e-05 0.000257491 7.05944e-05 0.00145419 0.000623888 0.00100644 0.000392468 -0.000899417 -0.000302346 0.000602957
internal_weight=400202 135693 63264 264509 31551 72429 18278 14946 6158 8788 46512 10711 35801 19173 16752 8678 54151 45566 12801 4625 32765 25845 23108 8176 14717 11174 7053 8391 5745 16628
internal_count=400202 135693 63264 264509 31551 72429 18278 14946 6158 8788 46512 10711 35801 19173 16752 8678 54151 45566 12801 4625 32765 25845 23108 8176 14717 11174 7053 8391 5745 16628
cat_boundaries=0 32 64 96 128 160 192 224 256
cat_threshold=24 0 0 192 0 0 3072 0 0 2351104 0 0 60489728 0 0 810549248 0 0 285212672 1 0 0 0 0 0 129 0 0 16 0 0 41216 0 0 0 0 0 0 0 0 0 0 0 0 0 0 0 205520896 0 0 67108864 0 0 0 4 0 0 515 0 0 656 0 0 53504 0 0 0 0 0 0 0 0 0 0 0 0 0 0 0 0 0 0 67108864 0 0 0 4 0 0 512 0 0 128 0 0 4096 0 0 0 0 0 0 0 0 0 1048576 0 0 4194304 0 0 201326592 0 0 201326592 0 0 0 0 0 0 4 0 0 8224 0 0 66560 0 0 0 0 0 0 0 0 0 0 0 0 6291456 0 0 236978176 0 0 671088640 0 0 1073741824 16 0 0 122 0 0 6944 0 0 16384 0 0 0 0 0 0 0 0 0 0 0 0 0 0 0 0 0 0 0 0 0 2147483648 27 0 0 48 0 0 0 0 0 66048 0 0 0 0 0 0 0 0 0 0 0 0 0 0 0 0 0 0 0 0 0 2147483648 34 0 0 496 0 0 9248 0 0 2048 0 0 0 0 0 0 0 0 0 0 0 0 0 0 0 0 0 0 0 0 0 268435456 0 0 0 76 0 0 12384 0 0 1024
is_linear=0
shrinkage=0.08


Tree=52
num_leaves=31
num_cat=9
split_feature=43 41 5 21 25 5 34 33 5 18 43 10 33 5 5 38 43 10 5 13 5 15 5 34 37 33 5 37 16 10
split_gain=141.297 7.21583 8.08358 6.10678 4.40624 2.97259 3.6912 3.3049 2.10011 2.01349 2.39744 2.41615 2.06587 2.84536 1.98562 1.5499 1.47784 1.35563 1.32596 1.27764 1.28453 1.19074 1.09892 1.10029 1.09163 1.0916 1.00118 0.890484 0.786032 1.41083
threshold=22.969458580017093 24.878975868225101 0 0.96740761399269115 2.0608587265014653 1 -16.401916503906246 15.228096008300783 2 1.8930761218070986 7.7782413959503183 0.96053060889244091 18.54547214508057 3 4 2.3984535932540898 20.524338722229007 1.325690805912018 5 0.76940575242042553 6 3.1289134025573735 7 3.1797790527343754 -1.4697494506835935 14.00121593475342 8 0.83176040649414074 2.5178369283676152 1.423204302787781
decision_type=2 2 9 2 2 9 2 2 9 2 2 2 2 9 9 2 2 2 9 2 9 10 9 2 2 2 9 2 10 2
left_child=3 2 4 8 -2 7 -7 -5 19 10 11 -8 14 17 -11 22 21 -14 -15 -1 -21 -9 23 24 -16 -25 -12 -28 29 -26
right_child=1 -3 -4 5 -6 6 9 16 -10 12 26 -13 13 18 15 -17 -18 -19 -20 20 -22 -23 -24 25 28 -27 27 -29 -30 -31
leaf_value=0.02366918991837812 0.042875765810511182 0.22700077378757783 0.079229807300927463 -0.052443364079926537 -0.028690691404647289 -0.035785335937407854 -0.014618462062796531 0.012063759937537369 0.037958879898888458 -0.014519666087392762 0.050960713480594173 0.015684425755460897 -0.032678937442688155 0.049813454819571695 -0.020871345432096448 -0.016914952999380537 -0.0106204576023411 0.0067709747725917735 0.019428410974232715 0.018087030753565849 -0.014621136640329322 -0.036885086555628659 -0.00077879270444696977 0.00088713683883913917 0.026540819414766572 0.029949629807495558 0.029581247097492797 0.0022288939625983214 0.026098281966699482 -0.02054359709634641
leaf_weight=5793 3782 243712 15583 2838 2950 2308 3079 10244 7078 3249 4111 17454 2146 2364 2000 3702 2191 7796 11717 2009 2113 2271 14953 2083 2327 4947 7565 2005 3540 2255
leaf_count=5793 3782 243712 15583 2838 2950 2308 3079 10244 7078 3249 4111 17454 2146 2364 2000 3702 2191 7796 11717 2009 2113 2271 14953 2083 2327 4947 7565 2005 3540 2255
internal_value=0.00276884 0.00383626 0.00245733 0.000651758 0.000137441 0.000446076 0.000615172 -0.000513778 0.00206858 0.000690339 0.00118443 0.000637297 0.000422197 0.00100578 6.30729e-05 0.000235242 -3.09866e-05 -3.13189e-05 0.00173633 0.00131052 0.000234269 0.00030499 0.000414137 0.000850687 0.000316621 0.00161932 0.00200453 0.00154745 0.000728972 3.65855e-05
internal_weight=400165 266027 22315 134138 6732 117145 99601 17544 16993 97293 34214 20533 63079 24023 39056 35807 14706 9942 14081 9915 4122 12515 32105 17152 10122 7030 13681 9570 8122 4582
internal_count=400165 266027 22315 134138 6732 117145 99601 17544 16993 97293 34214 20533 63079 24023 39056 35807 14706 9942 14081 9915 4122 12515 32105 17152 10122 7030 13681 9570 8122 4582
cat_boundaries=0 32 64 93 122 154 186 212 244 276
cat_threshold=0 0 0 0 0 0 0 0 0 0 0 0 0 0 0 98566144 0 0 1056964608 0 0 0 3 0 0 1 0 0 288 0 0 8448 0 0 0 128 0 0 3072 0 0 16384 0 0 2555904 0 0 96468992 0 0 67108864 0 0 0 4 0 0 512 0 0 128 0 0 4864 0 0 0 0 0 0 0 0 0 1245184 0 0 0 0 0 260046848 0 0 3422552064 3 0 4026531840 57 0 0 151 0 0 32 0 0 0 0 0 0 0 0 0 0 0 0 524288 0 0 0 0 0 536870912 0 0 0 9 0 0 271 0 0 14416 0 0 0 0 0 0 0 0 0 0 0 0 0 0 0 268435456 0 0 3405774848 2 0 0 0 0 0 16 0 0 0 0 0 1024 0 0 0 0 0 0 0 0 0 0 0 0 1048576 0 0 134217728 0 0 452984832 0 0 0 16 0 0 192 0 0 1024 0 0 65536 0 0 0 0 0 0 0 0 0 0 0 0 0 0 0 58720256 0 0 2214592512 3 0 3221225472 8 0 0 16 0 0 0 0 0 0 0 0 0 0 0 0 1572864 0 0 3145728 0 0 536870912 0 0 0 32 0 0 363 0 0 13872 0 0 49152 0 0 0 0 0 0 0 0 0 2097152 0 0 20971520 0 0 705691648 0 0 805306368 0 0 0 50 0 0 8 0 0 3088 0 0 32768
is_linear=0
shrinkage=0.08


Tree=53
num_leaves=31
num_cat=8
split_feature=45 21 45 5 5 37 23 24 45 6 27 10 5 25 5 18 5 16 28 23 14 14 5 15 22 5 18 10 14 14
split_gain=151.828 6.5411 4.42941 6.16166 3.69008 2.49918 2.00782 2.10673 1.98746 1.89558 3.06279 6.5686 1.80425 1.33585 1.26489 1.25298 1.40434 1.58806 2.34662 1.18043 1.15897 1.13331 1.5595 1.02549 0.994934 0.935708 0.870604 0.75313 0.695308 0.688226
threshold=23.466054916381839 1.0035604238510134 25.217026710510257 0 1 -1.1174011230468748 21.609470367431644 -6.5777130126953116 -8.2108817100524885 2 1023.7680664062501 2.7248598337173466 3 2.4328509569168095 4 1.2288293838500979 5 1.1916185617446902 1010.7665405273439 10.906162261962892 3.3888387680053715 2.2424029111862187 6 1.1580309271812441 0.1444816589355469 7 1.9281826615333559 1.5574883222579958 2.3493909835815434 1.7707492113113406
decision_type=2 2 2 9 9 2 2 2 2 1 2 2 9 2 9 2 9 8 2 2 2 2 9 10 2 9 2 2 2 2
left_child=1 5 3 -2 6 -1 7 -3 9 14 11 -11 27 -12 20 19 29 -18 26 -10 -6 22 -9 -5 25 -23 -19 -7 -29 -17
right_child=2 4 -4 23 8 12 -8 21 15 10 13 -13 -14 -15 -16 16 17 18 -20 -21 -22 24 -24 -25 -26 -27 -28 28 -30 -31
leaf_value=-0.0069125220414534188 -0.0053003163570503019 -0.04457239081466316 0.23019385482003146 0.085361254179077084 -0.017319388179194501 0.029375471137594929 -0.020153597238693997 -0.025553358333000972 0.011239975430506201 0.00216290871140803 -0.0045738826153655602 -0.083396676567006708 0.036714175552908887 0.024743452694373655 0.034433992683850868 0.020197016148723698 -0.014503168321799322 0.0033246553786255013 0.014342941988619993 0.060729763307804108 0.024676578694197319 -0.0021805774347353917 0.0017719968071252452 0.048038813697184601 -0.0088489377779250155 0.026827565440354563 -0.020593875301877302 -0.0038088391738537249 0.017492606522890378 0.011555346752298615
leaf_weight=2337 3203 3473 241781 11241 2107 5415 2169 2009 2025 3417 4508 2250 9217 2091 3557 8687 3347 3075 16894 2522 2015 2022 3600 6011 3917 5417 4536 2317 2539 31878
leaf_count=2337 3203 3473 241781 11241 2107 5415 2169 2009 2025 3417 4508 2250 9217 2091 3557 8687 3347 3075 16894 2522 2015 2022 3600 6011 3917 5417 4536 2317 2539 31878
internal_value=0.0027362 0.000581314 0.00386471 0.00273149 0.000341257 0.00185116 -0.000575065 -0.00032903 0.000564259 -0.000143322 -0.000759889 -0.00212295 0.0021475 0.000410955 0.000841148 0.000757749 0.000672074 0.000234214 0.000457679 0.00204257 -0.000113955 3.88808e-05 -0.00089055 0.00332839 0.000498328 0.00104121 -0.000708043 0.00141133 0.000687218 0.00097228
internal_weight=399577 137341 262236 20455 115516 21825 22607 20438 92909 19945 12266 5667 19488 6599 7679 72964 68417 27852 24505 4547 4122 16965 5609 17252 11356 7439 7611 10271 4856 40565
internal_count=399577 137341 262236 20455 115516 21825 22607 20438 92909 19945 12266 5667 19488 6599 7679 72964 68417 27852 24505 4547 4122 16965 5609 17252 11356 7439 7611 10271 4856 40565
cat_boundaries=0 32 64 65 94 126 158 190 222
cat_threshold=0 0 0 0 0 0 0 0 0 0 0 0 0 0 0 81788928 0 0 1056964608 0 0 0 3 0 0 0 0 0 0 0 0 256 0 0 0 128 0 0 1024 0 0 16384 0 0 2490368 0 0 98566144 0 0 100663296 0 0 0 4 0 0 528 0 0 128 0 0 5888 5 0 0 0 0 0 0 0 0 0 1056768 0 0 524288 0 0 226492416 0 0 3422552064 3 0 4026531840 19 0 0 502 0 0 32 0 0 0 0 0 0 0 0 0 0 0 0 0 0 0 0 0 0 0 0 0 0 2 0 0 96 0 0 15440 0 0 122880 0 0 0 0 0 0 0 0 0 0 0 0 524288 0 0 537919488 0 0 419430400 0 0 4026531840 48 0 0 488 0 0 11376 0 0 81920 0 0 0 128 0 0 0 0 0 0 0 0 262144 0 0 83886080 0 0 0 0 0 0 0 0 0 16 0 0 128 0 0 512 0 0 0 0 0 0 0 0 0 0 0 0 2490368 0 0 12582912 0 0 67108864 0 0 0 0 0 0 0 0 0 0 0 0 4096
is_linear=0
shrinkage=0.08


Tree=54
num_leaves=31
num_cat=0
split_feature=45 17 45 45 20 23 11 18 16 20 23 34 10 37 40 45 34 10 10 14 10 34 7 45 34 3 30 34 37 7
split_gain=156.132 9.48138 3.99735 2.86857 4.77949 2.64688 2.35341 1.74889 2.36622 1.4267 2.01163 1.97158 2.19991 1.32782 1.30476 1.70538 2.28197 2.04129 1.27531 1.23988 1.77787 1.47991 1.57368 2.10098 1.15434 1.13433 1.10668 1.01926 1.1007 1.11213
threshold=24.0994987487793 1.2100856304168703 19.139172554016117 25.744664192199711 1.3041549921035769 24.998271942138675 4.3136107921600351 2.110896229743958 1.1715622544288637 1.4627366065979006 21.862552642822269 5.7070007324218759 2.9699037075042729 -3.0063629150390621 2.8049049377441411 6.7985877990722665 -0.75207519531249989 0.95067775249481212 0.96973541378974926 3.3888387680053715 3.9973627328872685 3.1797790527343754 2.5000000000000004 -2.2785953283309932 -9.4716186523437482 315.52516174316412 3.5312500000000004 -1.5457458496093748 -0.76076507568359364 1.5000000000000002
decision_type=2 8 2 2 2 2 2 2 10 2 2 2 2 2 2 2 2 2 2 2 2 2 2 2 2 2 2 2 2 2
left_child=1 2 27 4 -2 -6 7 14 -9 11 13 -10 -13 -11 15 17 -17 -3 -18 21 -21 22 -15 -24 -19 -20 -16 -1 -29 -30
right_child=3 6 -4 -5 5 -7 -8 8 9 10 -12 12 -14 19 26 16 18 24 25 20 -22 -23 23 -25 -26 -27 -28 28 29 -31
leaf_value=0.022913676367350502 0.082650168839765156 -0.017870694345655913 0.036459906289202364 0.23037088220990684 0.059300778625396573 -0.026345157299873169 -0.045816799551901675 -0.038952520283025441 0.019828784975518862 -0.032317023897345531 -0.024671502734854776 -0.013167719742093917 0.012117272135654675 0.00091174962795910713 0.039700352126741445 0.040211287599307949 0.020772102409651601 -0.021044876292191459 0.0030879952688202083 0.03169631112361062 -0.015152104336463973 0.012236523314298628 -0.033182323173924375 -0.0020279742563827021 0.0084906853822198421 -0.022626635362857712 0.014407505210200726 -0.0082329638228066434 0.017019272858866143 -0.0034296173857634917
leaf_weight=8613 19323 2806 15443 232790 2154 2045 3059 2812 9642 2227 2004 2566 2110 12219 5383 7956 2278 2615 2277 9611 3127 6451 3530 5082 11905 2131 8240 2001 5026 2652
leaf_count=8613 19323 2806 15443 232790 2154 2045 3059 2812 9642 2227 2004 2566 2110 12219 5383 7956 2278 2615 2277 9611 3127 6451 3530 5082 11905 2131 8240 2001 5026 2652
internal_value=0.00269799 0.000587748 0.00176085 0.00388156 0.00303621 0.000588263 0.000227952 0.000290591 1.17934e-05 0.000120794 -0.000103838 0.000814629 -0.00053265 1.3915e-05 0.000665863 0.000386266 0.00102157 -0.0001509 -6.81003e-05 0.00011991 0.000771258 -0.000184376 -0.000512259 -0.00133983 0.000231246 -0.000861928 0.00132121 0.000959895 0.000395913 0.000831426
internal_weight=400078 143766 33735 256312 23522 4199 110031 106972 61381 58569 44251 14318 4676 42247 45591 31968 14642 17326 6686 40020 12738 27282 20831 8612 14520 4408 13623 18292 9679 7678
internal_count=400078 143766 33735 256312 23522 4199 110031 106972 61381 58569 44251 14318 4676 42247 45591 31968 14642 17326 6686 40020 12738 27282 20831 8612 14520 4408 13623 18292 9679 7678
is_linear=0
shrinkage=0.08


Tree=55
num_leaves=31
num_cat=12
split_feature=45 21 45 5 5 5 44 6 27 31 45 32 13 38 10 5 29 5 33 19 5 5 5 5 26 28 10 5 5 27
split_gain=151.917 7.68849 3.50966 6.10334 3.01719 2.94315 2.52879 2.19089 2.21795 3.8339 1.80668 1.79533 1.49107 1.43414 2.05101 2.41639 1.41798 1.73836 2.4235 1.33407 1.4182 1.31401 1.29989 1.28897 1.32734 1.18349 1.21491 1.15071 1.02515 0.950148
threshold=24.0994987487793 0.98330283164978038 25.823145866394047 0 1 2 23.248457908630375 3 1015.6409606933595 74.046272277832045 9.0243248939514178 64.519126892089858 0.77540874481201183 -3.9742414951324458 1.7468279004096987 4 0.40829086303710943 5 18.131903648376468 2.0976599454879765 6 7 8 9 3.3429983854293828 1008.2940673828126 1.0820676088333132 10 11 1014.4288330078126
decision_type=2 2 2 9 9 9 2 1 2 2 2 2 2 2 2 9 2 9 2 2 9 9 9 9 2 2 2 9 9 2
left_child=1 5 3 -2 6 12 11 8 -6 13 25 -3 -1 -10 21 -16 17 18 -13 20 -18 -15 -14 -12 27 -9 -27 -25 -28 -7
right_child=2 4 -4 -5 7 29 -8 10 9 -11 23 16 22 14 15 -17 19 -19 -20 -21 -22 -23 -24 24 -26 26 28 -29 -30 -31
leaf_value=0.020142230318301767 -0.0025186590823616977 -0.05417153713740841 0.21439256682369717 0.077276927096858058 0.022021603344226693 0.050071811165726753 -0.027603823045251198 -0.0035188355253794289 0.018081043715107655 -0.02801748148983883 0.043593540297917233 -0.026812799897131798 0.013385659250583661 0.027025058608452217 -0.025717751922373702 0.0039511408189398887 -0.0080322978432625976 0.013170322226486833 0.011625199540250075 -0.024097338437211149 0.0155027240895935 -0.0052978261119065138 -0.016561936360337589 0.036599190876020662 -0.0024416729066720631 -0.004966569423570647 0.029698085168373686 0.010453163820316141 0.0075650723359983931 0.020986854034777142
leaf_weight=6390 3485 2514 231024 21619 3811 7146 2110 6654 2588 3131 6450 2017 2536 2880 2411 2404 11027 18824 2020 6268 7449 2102 2128 4961 3202 3452 9977 5309 9086 5138
leaf_count=6390 3485 2514 231024 21619 3811 7146 2110 6654 2588 3131 6450 2017 2536 2880 2411 2404 11027 18824 2020 6268 7449 2102 2128 4961 3202 3452 9977 5309 9086 5138
internal_value=0.0026893 0.00061016 0.00385805 0.00295676 0.000352968 0.00193901 -0.000104959 0.000702417 -1.92277e-05 -0.000444158 0.000986419 9.49561e-06 0.000987538 0.000188786 -0.000254104 -0.00143005 0.00011971 0.000573827 -0.000929751 -0.000299911 4.24106e-05 0.000883013 -9.92725e-05 0.00157375 0.00112422 0.000585215 0.000862153 0.00156809 0.00111215 0.00279064
internal_weight=400113 143985 256128 25104 120647 23338 52229 68418 19327 15516 49091 50119 11054 12385 9797 4815 47605 22861 4037 24744 18476 4982 4664 19922 13472 29169 22515 10270 19063 12284
internal_count=400113 143985 256128 25104 120647 23338 52229 68418 19327 15516 49091 50119 11054 12385 9797 4815 47605 22861 4037 24744 18476 4982 4664 19922 13472 29169 22515 10270 19063 12284
cat_boundaries=0 32 64 93 94 123 155 187 219 245 277 306 335
cat_threshold=0 0 0 0 0 0 0 0 0 0 0 0 0 0 0 73400320 0 0 2130706432 0 0 2147483648 0 0 0 1 0 0 0 0 0 12288 0 0 0 128 0 0 1024 0 0 32768 0 0 393216 0 0 98566144 0 0 234881024 0 0 0 15 0 0 789 0 0 4736 0 0 128256 0 0 0 0 0 0 0 0 0 1056768 0 0 4194304 0 0 243269632 0 0 3724541952 1 0 805306368 53 0 0 215 0 0 32 8 0 0 0 0 0 0 2048 0 0 65536 0 0 1572864 0 0 1048576 0 0 2147483648 1 0 805306368 0 0 0 34 0 0 11584 0 0 0 0 0 0 1024 0 0 0 0 0 393216 0 0 88080384 0 0 100663296 0 0 0 0 0 0 0 0 0 0 0 0 4096 0 0 0 0 0 0 0 0 0 0 0 0 0 0 0 83886080 0 0 134217728 0 0 0 15 0 0 21 0 0 512 0 0 75008 0 0 0 0 0 0 0 0 0 65536 0 0 1048576 0 0 0 0 0 2684354560 0 0 0 16 0 0 104 0 0 11328 0 0 2048 0 0 0 0 0 0 0 0 0 1048576 0 0 4194304 0 0 167772160 0 0 268435456 1 0 536870912 5 0 0 145 0 0 0 0 0 0 2048 0 0 65536 0 0 54067200 0 0 537919488 0 0 2147483648 3 0 0 0 0 0 168 0 0 8208 0 0 512 0 0 0 0 0 0 0 0 0 0 0 0 0 0 0 33554432 0 0 1895825408 0 0 805306368 16 0 0 0 0 0 64 0 0 0 0 0 0 0 0 0 0 0 0 0 0 0 0 0 0 1073741824 0 0 268435456 48 0 0 96 0 0 3328
is_linear=0
shrinkage=0.08


Tree=56
num_leaves=31
num_cat=9
split_feature=45 21 5 5 44 45 5 45 35 33 5 31 18 33 30 5 5 31 34 5 16 10 33 5 14 5 33 10 19 25
split_gain=149.096 8.28981 3.29296 3.03932 2.829 2.74563 4.52712 1.7176 2.79672 2.20205 1.97606 1.70468 1.64974 1.35461 2.05894 2.39754 2.36922 1.44447 1.86681 1.33317 1.53912 1.24154 1.29324 1.34855 1.22423 1.19369 1.06327 1.06008 0.982562 0.948477
threshold=24.375152587890629 0.98330283164978038 0 1 23.903535842895511 26.088876724243168 2 -2.7959265708923335 1.0647773742675783 21.635136604309086 3 86.247261047363295 1.3470931053161623 14.660160064697267 6.6875000000000009 4 5 69.34238433837892 -3.6539001464843746 6 3.0324213504791264 1.6244372725486758 14.876351833343508 7 3.3888387680053715 8 22.69727993011475 3.1220432519912724 1.7444579601287844 2.154145479202271
decision_type=2 2 9 9 2 2 9 2 2 2 9 2 2 2 2 9 9 2 2 9 8 2 2 9 2 9 2 2 2 2
left_child=1 2 -1 12 7 6 -2 8 9 19 -10 13 -3 -9 15 29 -16 18 26 24 -21 -4 -23 -24 28 -14 -18 -26 -5 -15
right_child=5 3 21 4 -6 -7 -8 11 10 -11 -12 -13 25 14 16 -17 17 -19 -20 20 -22 22 23 -25 27 -27 -28 -29 -30 -31
leaf_value=0.037505775620776241 0.005130428498411407 0.03780134396994677 0.024411402638128268 0.01008663484908136 -0.02803636326510699 0.2086956297569634 0.07706366536028815 -0.013369439095877541 -0.061738084042309072 0.030565689008054862 -0.0035395853707689208 0.031812563594663772 -0.0074878253610048909 0.011081290322517224 -0.030035499419337301 0.033829043899073083 -0.032444444580262424 0.015317610450306307 0.022693703461693252 -0.0027692549220901387 -0.052751582165547165 -0.012865255524654706 -0.0042068207494550276 0.028656337336185781 0.05139388696074261 0.010891877227057676 -0.0087264772743961237 -0.0019213304315559606 -0.018347227398191994 -0.0058544129724163842
leaf_weight=10265 3157 5253 8135 2680 2081 224879 25025 3845 3174 4874 2465 4807 2238 4812 2415 9095 2049 7836 2732 4032 2613 2166 2050 2378 2364 38716 3852 2154 4036 4042
leaf_count=10265 3157 5253 8135 2680 2081 224879 25025 3845 3174 4874 2465 4807 2238 4812 2415 9095 2049 7836 2732 4032 2613 2166 2050 2378 2364 38716 3852 2154 4036 4042
internal_value=0.00268046 0.000655546 0.00198272 0.000383876 7.25474e-05 0.00385791 0.00311039 0.000154669 -0.000333498 6.20306e-05 -0.00192671 0.000459391 0.000895321 0.000290798 0.000440029 0.00105329 -0.000143114 0.000201104 -0.000512322 -0.000349041 -0.00124531 0.00121201 0.000396124 0.00117891 0.000182691 0.000723953 -0.00131213 0.00119965 -0.000501933 0.000114492
internal_weight=400220 147159 24994 122165 75958 253061 28182 73877 28392 22753 5639 45485 46207 40678 36833 17949 18884 16469 8633 17879 6645 14729 6594 4428 11234 40954 5901 4518 6716 8854
internal_count=400220 147159 24994 122165 75958 253061 28182 73877 28392 22753 5639 45485 46207 40678 36833 17949 18884 16469 8633 17879 6645 14729 6594 4428 11234 40954 5901 4518 6716 8854
cat_boundaries=0 32 64 96 128 160 192 224 253 273
cat_threshold=24 0 0 192 0 0 3072 0 0 4046848 0 0 62324736 0 0 544210944 0 0 553648128 2 0 1073741824 0 0 0 0 0 0 16 0 0 256 0 0 0 0 0 0 2048 0 0 0 0 0 58261504 0 0 940572672 0 0 4043309056 3 0 1879048192 32 0 0 226 0 0 9312 0 0 8192 0 0 0 0 0 0 0 0 0 0 0 0 0 0 0 6291456 0 0 1728053248 0 0 268435456 3 0 0 1 0 0 32 0 0 12288 0 0 0 0 0 0 0 0 0 0 0 0 0 0 0 0 0 0 0 0 0 0 22 0 0 537 0 0 144 0 0 1024 0 0 0 128 0 0 1024 0 0 114688 0 0 393216 0 0 132120576 0 0 67108864 0 0 0 20 0 0 257 0 0 6144 0 0 33280 0 0 0 128 0 0 0 0 0 0 0 0 0 0 0 31457280 0 0 167772160 0 0 2147483648 3 0 0 0 0 0 0 0 0 20736 0 0 0 0 0 0 0 0 0 0 0 0 0 0 0 0 0 0 0 0 0 0 26 0 0 784 0 0 6416 0 0 38912 0 0 0 0 0 0 0 0 0 139264 0 0 4194304 0 0 8388608 0 0 1140850688 1 0 805306368 56 0 0 150 0 0 32 0 0 0 0 0 0 0 0 0 0 0 0 33554432 0 0 268435456 0 0 2147483648 3
is_linear=0
shrinkage=0.08


Tree=57
num_leaves=31
num_cat=0
split_feature=45 17 45 14 44 45 17 10 39 31 14 33 34 44 34 14 38 18 29 29 38 16 45 33 35 3 18 31 45 18
split_gain=152.002 6.09775 4.94402 5.23949 3.4538 2.95061 1.99969 1.85726 3.27432 1.33964 2.42541 2.32399 2.27304 3.83202 2.03717 2.15061 1.92041 1.9404 1.45799 1.25864 1.25713 2.13798 1.03411 1.16513 1.66175 0.995427 0.987624 1.85689 0.92501 0.825742
threshold=23.953387260437015 1.0773832798004153 26.025021553039554 1.6285281181335451 25.728669166564945 21.34037017822266 2.5059154033660893 3.3583831787109379 1.4520213007926943 80.013214111328139 2.7945389747619633 14.660160064697267 1.0950622558593752 21.964864730834964 2.3715515136718754 2.2967513799667363 -0.4845516681671142 2.1237550973892216 0.74974822998046886 0.45916366577148443 -0.18065452575683591 2.8130515813827519 6.7985877990722665 15.356735706329347 1.0142326354980471 4544.3505859375009 2.1237550973892216 69.849697113037124 -6.5069067478179923 2.4456361532211308
decision_type=2 8 2 2 2 2 8 2 2 2 2 2 2 2 2 2 2 2 2 2 2 10 2 2 2 2 2 2 2 2
left_child=1 5 3 -2 -5 22 9 20 -9 10 11 19 16 29 15 -11 17 -13 -12 -3 26 -22 -1 24 -24 -10 -8 -28 -23 -14
right_child=2 6 -4 4 -6 -7 7 8 25 14 18 12 13 -15 -16 -17 -18 -19 -20 -21 21 28 23 -25 -26 -27 27 -29 -30 -31
leaf_value=-0.0014046088525826578 0.074691845885340738 -0.030230424224564425 0.18996873040985607 0.044145796814928244 -0.013787684794985771 0.041294798613279352 0.032307275578216547 -0.062510693086989144 0.028236305369473098 0.037696701908410596 0.022002531391893263 -0.0038893530604688781 0.023386715980344419 -0.0095652959054847164 -0.01127264395673931 -4.5547682329731043e-05 0.0020651702557875551 -0.041650700317473532 -0.014536607738743967 -0.0041882922304654572 -0.023581020651989387 -0.010649284382126123 -0.0061462231150022639 0.021294508556794777 0.034023695933736185 -0.032567604681717766 0.013997787745628485 -0.049222731538830028 0.013139292844510195 0.0052073997977647325
leaf_weight=3345 20816 2123 226279 7511 2906 7745 5645 2444 3017 10000 14506 3957 9795 3245 2650 3910 18979 2050 2158 2305 3459 4785 3101 7340 2012 3091 6671 2012 6862 4856
leaf_count=3345 20816 2123 226279 7511 2906 7745 5645 2444 3017 10000 14506 3957 9795 3245 2650 3910 18979 2050 2158 2305 3459 4785 3101 7340 2012 3091 6671 2012 6862 4856
internal_value=0.00264089 0.000540089 0.00379978 0.00285414 0.00138755 0.00171579 0.00030642 -0.000172018 -0.00120906 0.000532082 0.000365967 7.35419e-05 0.000253847 0.000941807 0.0011732 0.00156034 -0.000239078 -0.00148446 0.00119563 -0.00166922 0.000129602 -0.000379465 0.00108755 0.00142277 0.000494242 -0.000217064 0.000666202 0.00013022 0.000139659 0.00149267
internal_weight=399575 142063 257512 31233 10417 23543 118520 37986 8552 80534 63974 47310 42882 17896 16560 13910 24986 6007 16664 4428 29434 15106 15798 12453 5113 6108 14328 8683 11647 14651
internal_count=399575 142063 257512 31233 10417 23543 118520 37986 8552 80534 63974 47310 42882 17896 16560 13910 24986 6007 16664 4428 29434 15106 15798 12453 5113 6108 14328 8683 11647 14651
is_linear=0
shrinkage=0.08


Tree=58
num_leaves=31
num_cat=3
split_feature=44 18 44 20 32 17 0 10 6 34 44 40 16 34 9 38 6 16 10 16 15 34 10 40 36 14 35 44 31 32
split_gain=141.004 7.05903 5.24152 5.59837 5.01165 4.43928 2.12506 1.86901 1.81684 2.1284 1.87779 2.26482 1.88464 2.16223 2.49403 3.09663 1.85168 2.78113 1.58663 2.09161 1.78922 2.6879 1.82011 2.35171 1.60312 1.57203 1.41997 1.3959 1.34199 1.32701
threshold=23.589303970336918 1.7639567255973818 27.323516845703129 1.170610308647156 652.14410400390636 1.0773832798004153 23.250000000000004 2.0036692619323735 0 -5.1658020019531241 -19.329110145568844 2.8049049377441411 1.7739778757095339 0.26092529296875006 1 -0.4845516681671142 2 3.7443605661392216 1.3394652605056765 2.0231622457504277 2.1632820367813115 0.77081298828125011 2.0036692619323735 2.5837926864624028 0.044345855712890632 3.4330714941024785 0.31900405883789068 26.00065898895264 70.343826293945327 670.99288940429699
decision_type=2 2 2 2 2 8 2 2 1 2 2 2 8 2 1 2 1 10 2 8 10 2 2 2 2 2 2 2 2 2
left_child=5 27 3 -3 7 6 -1 -5 18 16 -11 12 -12 -14 -15 -16 25 -18 19 24 22 -22 23 -20 -7 28 -13 -2 29 -10
right_child=1 2 -4 4 -6 8 -8 -9 9 10 11 26 13 14 15 -17 17 -19 20 -21 21 -23 -24 -25 -26 -27 -28 -29 -30 -31
leaf_value=0.032152455518860978 0.066143944465073212 0.070035085652423279 0.18578873746436753 0.04633624052878859 -0.033318584288455556 -0.013648820432212031 0.011410612751442473 -0.0085012510363958304 -0.023594295549439648 -0.043993316681192718 0.015836694305296082 0.040206163593404919 0.014655930376137855 0.011006675126708063 -0.0014867668398286849 -0.035078042032336325 -0.0015561560810018183 -0.05845744900900357 0.0057758564478177024 0.035937493687322478 -0.062269056255549807 -0.011416857447516674 0.006029502932566079 -0.017800283985503925 0.011520075445023512 0.028279939176207875 0.021564564306221994 0.17859838578313292 0.011368703985478358 -0.0002348953220042932
leaf_weight=6170 25044 9045 22669 4820 2216 2006 15904 2048 2619 2194 12051 9388 9924 3686 2349 2117 7520 2118 2696 3232 2015 5554 11878 2451 3208 6133 6241 195536 9572 7777
leaf_count=6170 25044 9045 22669 4820 2216 2006 15904 2048 2619 2194 12051 9388 9924 3686 2349 2117 7520 2118 2696 3232 2015 5554 11878 2451 3208 6133 6241 195536 9572 7777
internal_value=0.00260257 0.00369685 0.00272868 0.00171321 0.000309655 0.000541823 0.00158196 0.00137714 0.000345009 0.000543263 0.000891576 0.00100127 0.000595547 7.8735e-05 -0.000886057 -0.00215247 7.59743e-05 -0.000870574 -0.00015729 0.00078808 -0.000482198 -0.00150468 -2.70031e-05 -0.00128214 -0.000203675 0.000425864 0.00178247 0.00387579 8.169e-05 -0.000547376
internal_weight=400181 261378 40798 18129 9084 138803 22074 6868 116729 83689 47950 45756 30127 18076 8152 4466 35739 9638 33040 8446 24594 7569 17025 5147 5214 26101 15629 220580 19968 10396
internal_count=400181 261378 40798 18129 9084 138803 22074 6868 116729 83689 47950 45756 30127 18076 8152 4466 35739 9638 33040 8446 24594 7569 17025 5147 5214 26101 15629 220580 19968 10396
cat_boundaries=0 1 2 3
cat_threshold=8 36 5
is_linear=0
shrinkage=0.08


Tree=59
num_leaves=31
num_cat=2
split_feature=23 18 23 20 18 10 38 40 13 43 6 30 31 15 38 10 0 14 21 34 34 31 44 21 27 1 13 8 38 34
split_gain=141.502 7.492 5.46343 4.86184 4.30707 3.13898 5.90697 4.42701 2.54854 1.95384 1.60694 2.9816 1.96299 1.67806 1.56983 2.03474 1.50392 1.72686 1.50366 1.90804 1.42045 1.41865 1.39494 1.34104 1.32341 1.51711 1.23696 1.26856 1.21922 1.30093
threshold=23.162212371826175 1.6416606307029726 27.427913665771488 1.170610308647156 1.1112112402915957 1.482197701931 0.033011436462402351 2.7085032463073735 0.60961052775383007 25.41486740112305 0 1.0000000180025095e-35 75.619453430175795 2.9949944019317631 -2.5867490768432613 2.5883991718292241 28.750000000000004 2.7419296503067021 2.9459009170532231 -2.9125976562499996 -9.1777038574218732 65.904491424560561 -6.0097968578338614 0.9747617542743684 1008.9713134765626 92.750000000000014 2.0937272310256962 1 -1.520529508590698 4.9243164062500009
decision_type=2 2 2 2 2 2 2 2 2 2 1 2 2 10 2 2 2 2 2 2 2 2 2 2 2 2 2 1 2 2
left_child=4 9 3 -3 -1 -5 -7 -8 -6 23 13 14 16 26 -12 -16 -13 24 21 -20 -14 -19 -22 -2 -18 -26 27 -10 29 -29
right_child=1 2 -4 5 8 6 7 -9 10 -11 11 12 20 -15 15 -17 17 18 19 -21 22 -23 -24 -25 25 -27 -28 28 -30 -31
leaf_value=0.041810860889651698 0.062739756227313634 0.065064596962352242 0.18340099150797501 0.048867442702184453 0.016723574514154026 0.04041895198611762 -0.043433984985564875 0.009659903328197595 -0.0052057677871354593 0.15407070085703822 0.047732062884316688 -0.017994787948965064 -0.0065339069542211213 -0.050725137277352998 0.017880616872416419 -0.015394983625084265 -0.036514150834652995 0.022708099174058725 -0.030737206174429068 0.026694806329943508 -0.011843454672560972 -0.0070152398436301652 0.02366017559088323 0.030204520118790785 -2.4794057241854066e-05 -0.030166860036700716 0.025160944673497197 -0.01801152460901588 0.020801054789486011 0.0074185380283400574
leaf_weight=4464 11280 11175 24271 4747 11636 2562 2050 2021 19544 201559 4196 2787 3604 2438 13453 2488 2184 12351 3150 2133 3019 3520 15608 4716 14006 2088 3484 2099 4774 2551
leaf_count=4464 11280 11175 24271 4747 11636 2562 2050 2021 19544 201559 4196 2787 3604 2438 13453 2488 2184 12351 3150 2133 3019 3520 15608 4716 14006 2088 3484 2099 4774 2551
internal_value=0.00257859 0.00365612 0.00273687 0.00183913 0.000477243 0.000674276 -0.000449797 -0.00234158 0.00039392 0.00385384 0.00028378 0.00047216 0.00020664 -0.000173016 0.00132169 0.000958185 -0.000113761 1.33868e-05 0.000505387 -0.000662762 0.000814892 0.000894402 0.0010961 0.00299788 -0.000555993 -0.000304521 -2.0701e-05 -0.000192146 0.000569854 -0.000351931
internal_weight=399958 264381 46826 22555 135577 11380 6633 4071 131113 217555 119477 84587 64450 34890 20137 15941 42219 39432 21154 5283 22231 15871 18627 15996 18278 16094 32452 28968 9424 4650
internal_count=399958 264381 46826 22555 135577 11380 6633 4071 131113 217555 119477 84587 64450 34890 20137 15941 42219 39432 21154 5283 22231 15871 18627 15996 18278 16094 32452 28968 9424 4650
cat_boundaries=0 1 2
cat_threshold=8 2
is_linear=0
shrinkage=0.08


Tree=60
num_leaves=31
num_cat=11
split_feature=45 21 41 5 5 5 44 14 5 34 15 5 22 5 45 13 5 41 14 31 5 41 5 34 33 5 45 5 15 45
split_gain=151.443 8.65988 5.71752 3.72939 3.32035 2.72226 2.5062 2.39463 2.34704 2.02568 1.69662 2.12483 1.76028 1.5067 1.65209 1.41786 1.69137 1.1177 1.18047 1.36245 1.19075 1.12712 2.70456 1.12499 1.20514 1.03178 0.901971 0.976822 0.895175 0.817466
threshold=24.769509315490726 0.96740761399269115 26.041644096374515 0 1 2 24.056722640991214 1.7424904108047488 3 -14.520019531249998 3.2022997140884404 4 0.092983245849609389 5 27.367950439453129 0.76940575242042553 6 6.4113457202911386 3.3092482089996342 64.169151306152358 7 -7.967606544494628 8 5.7070007324218759 16.017215728759769 9 23.117721557617191 10 1.4170191884040835 21.34037017822266
decision_type=2 2 2 9 9 9 2 2 9 2 8 9 2 9 2 2 9 2 2 2 9 2 9 2 2 9 2 9 10 2
left_child=1 3 4 15 7 6 10 -2 -9 -7 26 -12 -13 14 28 -1 -17 18 21 -20 -21 22 -11 25 -25 -19 27 -3 -4 -29
right_child=2 5 13 -5 -6 9 -8 8 -10 17 11 12 -14 -15 -16 16 -18 23 19 20 -22 -23 -24 24 -26 -27 -28 29 -30 -31
leaf_value=0.017146968846290443 0.047627534346407582 -0.0087583156091011003 0.053286896108098003 0.030285105167363224 0.065698350671120523 -0.01945725639446335 -0.024002749358015996 -0.034174307700838277 0.046809408541197535 -0.037475926989983845 -0.071407973875375771 0.02173795400896323 -0.033395928629303386 0.15231278500382567 0.17534741150522531 0.011877250440039335 -0.017597161919264009 0.01040791836816559 0.0315681050651773 -0.023274621356438284 0.02296793790837184 0.0046873422205802543 0.0019877786589506041 -0.011171995212407079 0.0088199267285101485 0.024521823947549592 0.022406162376415351 0.00072628315151530029 0.013502312701506501 0.0206745346271738
leaf_weight=7076 5139 2884 3097 13214 16784 2915 2547 2089 2259 2048 2021 2409 2015 196195 20607 3104 2090 15312 8795 2105 2792 23294 6206 2466 2218 10621 2069 31228 2312 2211
leaf_count=7076 5139 2884 3097 13214 16784 2915 2547 2089 2259 2048 2021 2409 2015 196195 20607 3104 2090 15312 8795 2105 2792 23294 6206 2466 2218 10621 2069 31228 2312 2211
internal_value=0.00253098 0.000538609 0.00374679 0.00188342 0.00262867 0.000266823 -0.000212303 0.00142506 4.4057e-05 0.00055498 -7.3405e-05 -0.00127343 -0.000284428 0.00387886 0.00329329 0.000875509 -0.000127594 0.000634637 0.000381879 0.0010019 -6.76583e-05 0.000112555 -0.000690223 0.00100787 -0.000132936 0.00121389 0.000128327 3.55601e-05 0.00204392 0.000157686
internal_weight=400122 151640 248482 25484 26271 126156 47384 9487 4348 78772 44837 6445 4424 222211 26016 12270 5194 75857 45240 13692 4897 31548 8254 30617 4684 25933 38392 36323 5409 33439
internal_count=400122 151640 248482 25484 26271 126156 47384 9487 4348 78772 44837 6445 4424 222211 26016 12270 5194 75857 45240 13692 4897 31548 8254 30617 4684 25933 38392 36323 5409 33439
cat_boundaries=0 29 61 93 116 148 180 206 238 267 299 315
cat_threshold=8 0 0 0 0 0 0 0 0 131072 0 0 4718592 0 0 532676608 0 0 1577058304 1 0 2952790016 61 0 0 149 0 0 32 0 0 0 256 0 0 0 0 0 98304 0 0 0 0 0 300941312 0 0 3875536896 3 0 2147483648 3 0 0 7 0 0 32 0 0 6144 0 0 0 128 0 0 1024 0 0 2211840 0 0 393216 0 0 98566144 0 0 2382364672 2 0 1073741824 13 0 0 537 0 0 4224 0 0 70400 0 0 0 0 0 0 0 0 0 0 0 0 0 0 0 292552704 0 0 3808428032 0 0 0 2 0 0 0 0 0 0 0 0 0 0 0 0 0 0 0 0 0 0 100663296 0 0 1073741824 5 0 0 1 0 0 128 0 0 256 0 0 0 0 0 0 2048 0 0 0 0 0 1572864 0 0 39845888 0 0 3758096384 0 0 268435456 35 0 0 6 0 0 48 0 0 4096 0 0 0 0 0 0 0 0 0 0 0 0 524288 0 0 390070272 0 0 0 1 0 0 60 0 0 145 0 0 0 0 0 0 0 0 0 0 0 0 0 0 0 0 0 0 0 0 0 0 16 0 0 388 0 0 3088 0 0 19456 0 0 0 0 0 0 0 0 0 0 0 0 0 0 0 0 0 0 0 0 0 0 16 0 0 480 0 0 8208 0 0 0 0 0 0 0 0 0 0 0 0 38273024 0 0 436207616 0 0 822083584 0 0 2147483648 16 0 0 134 0 0 880 0 0 8192 0 0 0 128 0 0 1024 0 0 2162688 0 0 393216 0 0 90177536
is_linear=0
shrinkage=0.08


Tree=61
num_leaves=31
num_cat=1
split_feature=45 21 45 21 18 44 44 44 14 45 28 6 22 31 22 24 1 37 44 45 45 16 40 3 24 21 45 28 44 15
split_gain=150.776 7.54988 7.28316 6.01754 3.56442 3.26847 2.2686 2.17167 1.96248 1.55095 1.53641 1.51508 1.35667 3.62888 1.44879 1.25045 1.20928 1.16619 1.13846 2.84242 1.35584 1.18484 1.89456 1.10993 1.04703 1.03014 1.79085 1.01227 1.00353 1.55681
threshold=24.769509315490726 0.77065899968147289 26.515492439270023 0.91370323300361644 1.3415153622627261 26.259904861450199 24.697245597839359 21.449008941650394 1.6714389324188235 7.6520216464996347 1000.5072021484376 0 2.0785331726074223 83.465538024902358 4.9109458923339853 -14.299041748046873 73.750000000000014 0.76409149169921886 19.276341438293461 19.952752113342289 18.849663734436039 1.161241412162781 3.0889627933502202 349.88102722167974 27.791519165039066 0.96740761399269115 27.458024024963382 1014.5403137207032 21.185291290283207 1.2344257831573489
decision_type=2 2 2 2 2 2 2 2 2 2 2 1 2 2 2 2 2 2 2 2 2 10 2 2 2 2 2 2 2 10
left_child=1 7 3 24 9 -5 10 -1 -7 -3 -6 16 15 14 -14 -13 -12 -11 20 -20 21 22 -17 -23 -2 -4 -27 -15 -21 -30
right_child=2 4 25 5 6 8 -8 -9 -10 17 11 12 13 27 -16 18 -18 -19 19 28 -22 23 -24 -25 -26 26 -28 -29 29 -31
leaf_value=0.009233703824854167 0.082799452695725487 8.0690535325204048e-05 0.16050435774235325 0.033327414115299769 -0.026747127882507344 0.011854368499124666 -0.019134044048281625 0.039333629671058364 -0.033936211109543118 0.031083564187631821 0.045465949398354792 -0.04296493070476997 -0.017618924940608661 0.039630079378662468 -0.050900119102060673 -0.020331907986585566 0.0081336719932264458 0.0043992462969489844 -0.019834429903165762 0.01071329042574759 0.026757274043228647 0.015882312876708899 0.0073154269210906784 0.0063847863875595903 0.047579470000422924 0.048465783657517247 0.17707213501344318 -0.0023000774172014394 0.017378574030749553 -0.007640948151540131
leaf_weight=5787 14808 3474 160422 9993 2645 2049 2290 8035 2155 9569 3046 2847 3537 2438 2132 2883 21842 2087 2682 4675 2714 3512 2393 50112 7045 8181 43825 2299 3300 7368
leaf_count=5787 14808 3474 160422 9993 2645 2049 2290 8035 2155 9569 3046 2847 3537 2438 2132 2883 21842 2087 2682 4675 2714 3512 2393 50112 7045 8181 43825 2299 3300 7368
internal_value=0.00248529 0.000497557 0.0036985 0.00264559 0.000318741 0.00136186 0.00017584 0.00227935 -0.00050878 0.00147688 0.000223357 0.000266237 0.000117617 -0.000742703 -0.00210671 0.000226241 0.000820299 0.00191874 0.000285201 -0.000273912 0.000448786 0.000368019 -0.000774877 0.000480591 0.00347857 0.00387705 0.00356398 0.000890668 0.000146682 -0.000281701
internal_weight=400145 151667 248478 36050 137845 14197 122715 13822 4204 15130 120425 117780 92892 10406 5669 82486 24888 11656 79639 18025 61614 58900 5276 53624 21853 212428 52006 4737 15343 10668
internal_count=400145 151667 248478 36050 137845 14197 122715 13822 4204 15130 120425 117780 92892 10406 5669 82486 24888 11656 79639 18025 61614 58900 5276 53624 21853 212428 52006 4737 15343 10668
cat_boundaries=0 1
cat_threshold=4
is_linear=0
shrinkage=0.08


Tree=62
num_leaves=31
num_cat=1
split_feature=45 18 45 20 21 23 43 45 23 16 34 6 27 14 12 38 34 30 37 44 40 12 45 16 21 45 16 34 27 14
split_gain=148.044 9.66267 5.22669 4.90172 3.79505 3.04535 2.71061 2.27984 1.97491 1.97395 1.81636 1.61181 3.10646 2.00749 3.41408 3.95188 2.18227 1.94865 2.67219 1.84367 1.6517 2.02817 1.63211 1.59981 1.52774 1.96736 1.42211 1.27052 1.20123 1.08535
threshold=25.217026710510257 1.2288293838500979 26.42303562164307 0.80894139409065258 0.77065899968147289 25.099063873291019 26.697519302368168 8.5431647300720233 21.862552642822269 1.2019268274307253 -16.401916503906246 0 1013.2132263183595 2.2603789567947392 1.2146580815315249 0.18248748779296878 -0.51675415039062489 0.53125000000000011 -1.7931823730468748 18.029183387756351 2.7391424179077153 1.6091415882110598 10.09006452560425 3.0324213504791264 0.96740761399269115 27.458024024963382 5.2229049205780038 -0.46484374999999994 1010.4832153320314 1.9130223989486697
decision_type=2 2 2 2 2 2 2 2 2 10 2 1 2 2 2 2 2 2 2 2 2 2 2 10 2 2 8 2 2 2
left_child=1 7 3 -2 8 10 -5 -1 -3 -9 -6 12 -12 14 15 19 -15 18 -13 -14 21 -20 -22 -18 -4 29 -19 -23 -11 -26
right_child=2 4 24 6 5 -7 -8 9 -10 28 11 17 13 16 -16 -17 23 26 20 -21 22 27 -24 -25 25 -27 -28 -29 -30 -31
leaf_value=-0.0033120077899798156 0.070677569456419398 0.0082751343088748736 0.1454667434979649 0.030671866788846876 -0.027027150488674379 -0.026516599603892757 -0.016517538733706743 0.04209861420164715 0.039513025466427133 0.038041758396800657 0.03688220849195234 -0.01536341976343669 -0.013916694777613628 -0.027644984888399626 0.0036903924773637443 3.2724122456409908e-05 0.0088954296651508388 0.0050898345675610447 0.0205638939147554 -0.028916615665927563 0.021803740028438604 0.024905232393955094 0.050350740509138597 -0.028255674695756766 0.053174626418085798 0.16284591147796534 -0.034088568782386523 -0.015715406827838369 -0.0032059019520114412 0.014674686548508644
leaf_weight=2090 13846 5527 162861 10559 2749 2274 2117 12242 3954 2173 3832 2119 2652 2854 6212 3420 15151 58245 9012 2396 4122 2011 5105 2500 6523 43698 2069 3242 2051 2346
leaf_count=2090 13846 5527 162861 10559 2749 2274 2117 12242 3954 2173 3832 2119 2652 2854 6212 3420 15151 58245 9012 2396 4122 2011 5105 2500 6523 43698 2069 3242 2051 2346
internal_value=0.00246875 0.000564059 0.00371251 0.00265069 0.000335762 0.000222966 0.00151222 0.00227857 0.0018801 0.00259432 0.000274736 0.000319547 -0.000106873 -0.000342662 -0.0010565 -0.0021005 0.000168657 0.000513119 0.00109769 -0.00352076 0.0013432 0.000802802 0.0021769 0.000500764 0.00384311 0.00346517 0.000264837 -0.000446133 0.00109967 0.00237369
internal_weight=399952 158002 241950 26522 139446 129965 12676 18556 9481 16466 127691 124942 39017 35185 14680 8468 20505 85925 25611 5048 23492 14265 9227 17651 215428 52567 60314 5253 4224 8869
internal_count=399952 158002 241950 26522 139446 129965 12676 18556 9481 16466 127691 124942 39017 35185 14680 8468 20505 85925 25611 5048 23492 14265 9227 17651 215428 52567 60314 5253 4224 8869
cat_boundaries=0 1
cat_threshold=8
is_linear=0
shrinkage=0.08


Tree=63
num_leaves=31
num_cat=11
split_feature=45 5 45 5 16 45 36 33 26 5 5 5 5 5 10 10 3 16 45 10 21 16 36 43 21 5 34 5 6 5
split_gain=147.933 9.80307 6.38275 5.14996 4.23452 2.49147 3.70845 3.91464 4.50725 6.23266 3.90755 2.87586 2.87476 2.17949 2.06958 2.00129 1.93138 1.86771 1.82937 1.57032 1.34918 1.27886 1.27731 1.61327 1.74078 1.24369 1.15297 2.78185 1.4839 2.51991
threshold=25.310702323913578 0 26.515492439270023 1 1.2222947478294375 7.2156240940094003 4.7364234924316415 14.876351833343508 3.0299737453460698 2 3 4 5 6 1.7468279004096987 2.4627606868743901 548.72091674804699 0.92711773514747631 28.007665634155277 2.0906583070755009 1.0747827887535097 1.2928810119628908 0.30183792114257818 20.791519165039066 1.1932929158210757 7 2.7135314941406254 8 9 10
decision_type=2 9 2 9 10 2 2 2 2 9 9 9 9 9 2 2 2 10 2 2 2 10 2 2 2 9 2 9 1 9
left_child=1 4 3 14 -1 17 7 10 12 -10 -7 19 -9 18 -2 25 -5 -3 20 -8 -4 -12 23 -14 -25 -11 28 -28 29 -19
right_child=2 5 13 16 -6 6 11 8 9 15 21 -13 22 -15 -16 -17 -18 26 -20 -21 -22 -23 -24 24 -26 -27 27 -29 -30 -31
leaf_value=0.035041801592646762 0.023393598151741551 -0.03309372564444709 0.064169680067881443 0.063170441122294113 -0.0017887092957267533 -0.033662403687095582 0.013660008290531942 0.032458584284408058 -0.031954738065725852 -0.003985710595580466 -0.010910633473818718 0.032360670276018147 0.014209655140091579 0.13785812194014158 -0.023456737134510144 -0.028463300742146803 0.018635023206991144 -0.02244908097991723 0.17174561025795668 -0.019902311836555251 0.030711964667689193 0.012022505585579962 -0.0097049182407630205 0.011611716250997954 -0.0085740936258175346 0.020986483751917695 -0.020351505078054465 0.023453169632595427 0.0018476067576235764 0.0059922909063122708
leaf_weight=14789 4668 2652 6136 18544 3814 2005 7824 9125 2229 2605 2923 15749 6377 174163 2023 2000 2880 7044 25563 2141 6291 2022 3194 2158 2661 3385 4169 10151 45482 5396
leaf_count=14789 4668 2652 6136 18544 3814 2005 7824 9125 2229 2605 2923 15749 6377 174163 2023 2000 2880 7044 25563 2141 6291 2022 3194 2158 2661 3385 4169 10151 45482 5396
internal_value=0.00242478 0.000539195 0.00367954 0.00254507 0.00226451 0.000311708 0.000668474 0.000193051 0.000549313 -0.000852869 -0.00153448 0.00142031 0.00115877 0.00382975 0.000602593 0.000194757 0.00314941 -4.59244e-06 0.00327177 0.000354532 0.0024723 -0.000318227 0.000452464 0.000855256 -0.000249327 0.000926667 7.20812e-05 0.000714585 -8.68604e-05 -0.000860353
internal_weight=400163 159895 240268 28115 18603 141292 66398 40684 33734 10219 6950 25714 23515 212153 6691 7990 21424 74894 37990 9965 12427 4945 14390 11196 4819 5990 72242 14320 57922 12440
internal_count=400163 159895 240268 28115 18603 141292 66398 40684 33734 10219 6950 25714 23515 212153 6691 7990 21424 74894 37990 9965 12427 4945 14390 11196 4819 5990 72242 14320 57922 12440
cat_boundaries=0 16 48 80 106 138 170 202 234 266 267 299
cat_threshold=24 0 0 448 0 0 64512 0 0 2060288 0 0 64421888 0 0 537919488 0 0 0 0 0 0 2048 0 0 98304 0 0 1048576 0 0 7340032 0 0 3338665984 3 0 2415919104 35 0 0 7 0 0 32 0 0 4096 0 0 0 0 0 0 0 0 0 0 0 0 524288 0 0 62914560 0 0 1677721600 0 0 0 0 0 0 144 0 0 0 0 0 256 0 0 0 0 0 0 0 0 0 2097152 0 0 2097152 0 0 348127232 0 0 1577058304 2 0 0 0 0 0 1 0 0 0 0 0 0 0 0 0 0 0 0 0 0 0 134217728 0 0 2617245696 0 0 2952790016 17 0 0 710 0 0 11040 0 0 6912 0 0 0 0 0 0 0 0 0 0 0 0 524288 0 0 33554432 0 0 4026531840 0 0 3221225472 0 0 0 527 0 0 16 0 0 4352 0 0 0 128 0 0 2048 0 0 32768 0 0 1835008 0 0 308281344 0 0 3791650816 3 0 268435456 35 0 0 6 0 0 48 0 0 4096 0 0 0 0 0 0 0 0 0 32768 0 0 2097152 0 0 67108864 0 0 285212672 0 0 1073741824 3 0 0 33 0 0 4368 0 0 4096 0 0 0 0 0 0 0 0 0 0 0 0 0 0 0 0 0 0 2147483648 0 0 0 51 0 0 772 0 0 128 0 0 46080 8 0 0 0 0 0 0 0 0 0 0 0 0 0 0 0 0 0 0 0 0 0 0 44 0 0 956 0 0 8544 0 0 3584
is_linear=0
shrinkage=0.08


Tree=64
num_leaves=31
num_cat=12
split_feature=45 17 5 45 5 44 45 10 5 5 37 44 18 5 20 29 5 5 18 38 5 10 5 5 45 14 5 21 33 5
split_gain=146.856 9.70146 6.85161 7.03853 4.9081 4.52544 3.3665 2.69738 2.26075 1.79859 1.62108 1.51952 1.36558 1.33219 1.28902 1.03869 1.40067 1.01339 1.00917 0.890385 2.50284 1.4144 3.40451 1.47696 1.48259 1.74821 1.15599 1.17319 1.0919 1.25926
threshold=25.484137535095218 0.97828182578086864 0 27.067754745483402 1 25.652617454528812 23.466054916381839 2.1810736656188969 2 3 -1.8734169006347654 22.432072639465336 1.2288293838500979 4 1.0432198047637942 0.084732055664062514 5 6 1.3193393349647524 -3.41199779510498 7 3.234108686447144 8 9 5.5958764553070077 2.767644047737122 10 1.9280741810798647 26.45932769775391 11
decision_type=2 8 9 2 9 2 2 2 9 9 2 2 2 9 2 2 9 9 2 2 9 2 9 9 2 2 9 2 2 9
left_child=1 4 3 7 18 6 9 14 -8 10 -3 15 -11 -6 -2 16 -12 -16 -1 20 -14 23 -23 -21 25 -25 -27 -28 29 -26
right_child=2 5 -4 -5 13 -7 8 -9 -10 12 11 -13 19 -15 17 -17 -18 -19 -20 21 -22 22 -24 24 28 26 27 -29 -30 -31
leaf_value=0.019586021499681017 0.03600661198864015 -0.030830310568110881 0.11523670493342937 0.11587006507068287 0.021605355459093117 -0.03474420113220214 0.0031100144774356621 -0.012742004925299611 0.032788292429568926 0.027173600801244247 -0.0066067915478855467 -0.01852478668949132 0.020417838059566217 0.042738594981816251 -0.0021901457383867802 -0.0036821942375221271 0.018409870019721334 0.026352624163585237 -0.0044256643378012437 -0.0063043298460960552 -0.0024006926341985178 -0.044877066359973843 0.0040516712042170163 -0.0039436129701278114 0.00017664102582802058 -0.013167160019471437 0.029268217004597568 0.0055643535506272749 0.059768793972867468 0.017153865271624335
leaf_weight=2053 8537 3192 175062 44967 9572 2132 4874 2044 7885 4442 2051 2197 6075 9000 2015 17679 5454 4718 4979 5442 6632 2370 5757 21729 8574 2846 6781 7184 2813 10955
leaf_count=2053 8537 3192 175062 44967 9572 2132 4874 2044 7885 4442 2051 2197 6075 9000 2015 17679 5454 4718 4979 5442 6632 2370 5757 21729 8574 2846 6781 7184 2813 10955
internal_value=0.00239078 0.000539176 0.00365975 0.00293549 0.0019683 0.000272087 0.000329979 0.00156407 0.00156598 0.000200781 -0.000330402 -0.000131284 0.000378083 0.00264888 0.00192932 4.50902e-05 0.000833001 0.00109921 0.000165627 0.000308278 0.000926948 0.000202576 -0.000792921 0.00032466 0.000437556 0.000136965 0.000749302 0.00104827 0.000955977 0.000742925
internal_weight=400011 162668 237343 62281 25604 137064 134932 17314 12759 122173 30573 27381 91600 18572 15270 25184 7505 6733 7032 87158 12707 74451 8127 66324 60882 38540 16811 13965 22342 19529
internal_count=400011 162668 237343 62281 25604 137064 134932 17314 12759 122173 30573 27381 91600 18572 15270 25184 7505 6733 7032 87158 12707 74451 8127 66324 60882 38540 16811 13965 22342 19529
cat_boundaries=0 32 61 93 125 151 180 209 241 273 305 337 369
cat_threshold=0 0 0 128 0 0 3072 0 0 114688 0 0 20709376 0 0 316669952 0 0 3791650816 3 0 268435456 35 0 0 7 0 0 32 0 0 12288 0 0 0 0 0 0 0 0 0 0 0 0 524288 0 0 201326592 0 0 3690987520 3 0 3758096384 44 0 0 820 0 0 5920 16 0 0 0 0 0 1024 0 0 2326528 0 0 5242880 0 0 284164096 0 0 2533359616 0 0 536870912 3 0 0 0 0 0 32 0 0 12288 8 0 0 128 0 0 3072 0 0 3350528 0 0 4587520 0 0 222298112 0 0 251658240 0 0 2147483648 17 0 0 513 0 0 4224 0 0 4352 24 0 0 64 0 0 1024 0 0 32768 0 0 50593792 0 0 843055104 0 0 50331648 0 0 268435456 19 0 0 137 0 0 0 0 0 0 0 0 0 73728 0 0 393216 0 0 150994944 0 0 16777216 0 0 0 0 0 0 0 0 0 128 0 0 0 0 0 0 2048 0 0 114688 0 0 262144 0 0 0 0 0 33554432 0 0 268435456 35 0 0 0 0 0 32 0 0 0 0 0 0 0 0 0 49152 0 0 20447232 0 0 848297984 0 0 805306368 3 0 1073741824 0 0 0 120 0 0 784 0 0 98304 0 0 0 0 0 0 0 0 0 0 0 0 0 0 0 0 0 0 0 0 0 1879048192 4 0 0 198 0 0 3088 0 0 73728 0 0 0 0 0 0 0 0 0 49152 0 0 53477376 0 0 310378496 0 0 536870912 3 0 0 0 0 0 0 0 0 0 0 0 34816 0 0 0 0 0 0 0 0 0 0 0 0 0 0 0 0 0 0 0 0 0 0 0 0 0 8 0 0 80 0 0 9216 0 0 0 0 0 0 0 0 0 0 0 0 524288 0 0 2097152 0 0 268435456 0 0 1342177280 40 0 0 68 0 0 2352 0 0 17920
is_linear=0
shrinkage=0.08


Tree=65
num_leaves=31
num_cat=2
split_feature=45 45 2 17 45 14 45 44 44 45 19 44 19 23 34 6 38 41 27 28 45 33 6 41 33 45 10 13 18 30
split_gain=145.589 8.15379 7.90176 7.68558 4.0392 2.55469 3.03764 2.49146 2.30833 2.5616 1.61229 1.22197 1.41378 1.21399 1.24117 1.37023 2.29867 1.99842 1.63044 1.71277 2.0409 3.32376 1.56769 3.22286 1.84037 1.42248 1.33993 1.33792 1.97239 1.33505
threshold=25.217026710510257 26.714642524719242 1.0000000180025095e-35 1.0773832798004153 21.851572036743168 1.3562685847282412 28.216340065002445 27.045028686523441 25.320807456970218 24.242400169372562 1.1601123213768008 25.728669166564945 0.65666580200195324 -19.396116256713864 -16.401916503906246 0 -0.7315387725830077 24.316019058227543 1014.3306579589845 1017.3465576171876 -4.3661670684814444 14.733503818511965 1 19.187689781188968 17.131584167480472 18.849663734436039 1.3795777559280398 1.1085793972015383 2.8672728538513188 16.312500000000004
decision_type=2 2 2 8 2 2 2 2 2 2 2 2 2 2 2 1 2 2 2 2 2 2 1 2 2 2 2 2 2 2
left_child=3 2 7 4 -1 -3 10 11 9 13 -7 -2 -13 -5 -15 17 25 18 -16 20 -20 -22 24 27 -18 -17 -21 -24 -29 -26
right_child=1 5 -4 8 -6 6 -8 -9 -10 -11 -12 12 -14 14 15 16 22 -19 19 26 21 -23 23 -25 29 -27 -28 28 -30 -31
leaf_value=0.0068632200748059112 0.038651094863250871 0.12312039208699189 0.064327373417403313 -0.035861777690998041 0.032902457407171869 0.054615624936623267 0.17548616107199025 -0.014953720603702189 -0.027131653475387169 0.026817533740271245 0.023992785950240503 0.041956344564903124 0.0087065021347856961 -0.022182394811104584 0.034857961789627585 0.011262570435104827 0.028803115615798448 -0.012219700725797887 -0.043307797887278378 0.027398209578849666 -0.029641099732701268 0.0033492664597074883 0.02006887089592712 -0.01944442540358356 0.012573924582836873 0.022364690085604617 -0.00096568437345625341 -0.02258080133143971 0.030153602999697399 -0.0037598725205977928
leaf_weight=16732 7971 150440 16073 3163 14621 9577 39687 2155 2034 4685 4935 2776 8465 2779 3519 23274 6045 2531 2377 3788 2069 7756 2043 2650 14345 6229 11257 3686 2659 19551
leaf_count=16732 7971 150440 16073 3163 14621 9577 39687 2155 2034 4685 4935 2776 8465 2779 3519 23274 6045 2531 2377 3788 2069 7756 2043 2650 14345 6229 11257 3686 2659 19551
internal_value=0.00235802 0.0035904 0.0025036 0.000467241 0.00158824 0.0037891 0.00331598 0.0014945 0.000189166 0.00023296 0.00232255 0.00178379 0.00124469 0.000161061 0.000203075 0.000243925 0.000422449 -0.000187652 -9.61778e-06 -0.0002191 -0.000923026 -0.000412811 9.71975e-05 -0.000745885 0.000330422 0.00098438 0.000352043 2.28627e-05 -0.000550747 0.000100985
internal_weight=399872 242079 37440 157793 31353 204639 54199 21367 126440 124406 14512 19212 11241 119721 116558 113779 80482 33297 30766 27247 12202 9825 50979 11038 39941 29503 15045 8388 6345 33896
internal_count=399872 242079 37440 157793 31353 204639 54199 21367 126440 124406 14512 19212 11241 119721 116558 113779 80482 33297 30766 27247 12202 9825 50979 11038 39941 29503 15045 8388 6345 33896
cat_boundaries=0 1 2
cat_threshold=8 6
is_linear=0
shrinkage=0.08


Tree=66
num_leaves=31
num_cat=8
split_feature=41 19 5 23 44 5 37 5 5 34 19 5 19 41 11 18 5 33 34 32 32 29 5 1 37 34 43 32 31 5
split_gain=139.822 11.5244 6.47802 5.59675 4.29252 2.93243 2.54784 2.14692 1.71575 1.55102 1.54643 2.2343 1.46098 2.3765 1.27034 1.04623 1.36255 1.47715 1.6005 1.60805 1.43784 1.01673 1.62156 1.3067 1.15147 0.967004 0.949344 0.930793 0.814156 1.86036
threshold=26.041644096374515 0.86718329787254345 0 21.862552642822269 27.045028686523441 1 -0.60002517700195301 2 3 1.3748474121093752 0.86333897709846508 4 1.1911121606826784 28.401855468750004 4.3136107921600351 1.1179956793785097 5 18.439488410949711 -2.3946228027343746 289.75216674804693 551.69622802734386 0.0065956115722656259 6 69.250000000000014 -0.60002517700195301 -16.401916503906246 22.538384437561039 629.16369628906261 79.128036499023452 7
decision_type=2 2 9 2 2 9 2 9 9 2 2 9 2 2 2 2 9 2 2 2 2 2 9 2 2 2 2 2 2 9
left_child=1 3 4 6 10 26 -1 9 -8 -5 -2 -12 -6 -14 15 -7 17 18 -17 -20 -19 22 -18 -23 -24 -25 -3 -28 -27 -30
right_child=2 5 -4 7 12 14 8 -9 -10 -11 11 -13 13 -15 -16 16 21 20 19 -21 -22 23 24 25 -26 28 27 -29 29 -31
leaf_value=-0.010732024644369995 0.037303641422304447 0.0068398533613195332 0.10010650782665678 0.03289634175201054 0.10744442220042039 0.020727328844332652 0.0013285897671962991 0.04933283080744684 0.021054916484475855 -0.0020009034115887939 0.0419899918855604 -0.00084591329105626254 0.018703313031958407 0.15250933973963013 -0.02914949846213807 0.018306133075753083 -0.011392186046544987 0.016505693266419187 -0.0056352204878203985 -0.027637988074518192 -0.0098433588045954493 -0.040394049137993736 -0.00050082783547409412 -0.021440075114922266 0.029000718297973835 0.0020820182851194391 0.02854280108902341 0.0024366529854094056 0.033382911444526202 0.0064975233816112511
leaf_weight=3064 6833 11553 165931 7610 30597 3715 4572 13254 4348 2006 2737 4881 3900 9273 3050 2123 2018 4384 3889 3747 3830 2050 2238 2180 6431 63058 7796 2037 3000 14313
leaf_count=3064 6833 11553 165931 7610 30597 3715 4572 13254 4348 2006 2737 4881 3900 9273 3050 2123 2018 4384 3889 3747 3830 2050 2238 2180 6431 63058 7796 2037 3000 14313
internal_value=0.0023191 0.000633234 0.00364472 0.00193598 0.00291485 0.000312031 0.000534934 0.00266958 0.00121837 0.0017501 0.001718 0.000932355 0.00331019 0.00260123 0.000158139 0.000200229 0.000156828 -0.000481743 -0.00114689 -0.00168663 0.000308366 0.000277333 0.00101225 0.000184421 0.00148648 0.000234057 0.00117462 0.00175272 0.00027922 0.000764995
internal_weight=400418 176266 224152 34854 58221 141412 11984 22870 8920 9616 14451 7618 43770 13173 120026 116976 113261 17973 9759 7636 8214 95288 10687 84601 8669 82551 21386 9833 80371 17313
internal_count=400418 176266 224152 34854 58221 141412 11984 22870 8920 9616 14451 7618 43770 13173 120026 116976 113261 17973 9759 7636 8214 95288 10687 84601 8669 82551 21386 9833 80371 17313
cat_boundaries=0 32 64 90 116 142 174 206 238
cat_threshold=0 0 0 128 0 0 3072 0 0 2211840 0 0 54394880 0 0 316669952 0 0 3758096384 1 0 268435456 35 0 0 7 0 0 32 0 0 4096 0 0 0 0 0 0 2048 0 0 2113536 0 0 54460416 0 0 705691648 0 0 805306368 0 0 805306368 32 0 0 2 0 0 0 0 0 8192 24 0 0 64 0 0 66816 0 0 2236416 0 0 50855936 0 0 944766976 0 0 1577058304 1 0 0 0 0 0 4 0 0 0 0 0 0 0 0 0 49152 0 0 21626880 0 0 494927872 0 0 3355443200 3 0 4026531840 16 0 0 18 0 0 0 0 0 0 0 0 0 0 0 0 19005440 0 0 314572800 0 0 536870912 0 0 0 1 0 0 3 0 0 0 128 0 0 0 0 0 65536 0 0 4194304 0 0 272629760 0 0 2264924160 3 0 0 4 0 0 512 0 0 0 0 0 65792 0 0 0 0 0 0 0 0 0 32768 0 0 0 0 0 16777216 0 0 1073741824 0 0 0 2 0 0 256 0 0 192 0 0 16896 0 0 0 0 0 0 0 0 0 32768 0 0 0 0 0 25165824 0 0 134217728 0 0 0 0 0 0 49 0 0 14352 0 0 35328
is_linear=0
shrinkage=0.08


Tree=67
num_leaves=31
num_cat=13
split_feature=41 20 14 23 23 5 14 5 34 5 5 5 34 29 34 6 5 5 17 5 41 5 39 5 5 31 14 26 5 31
split_gain=136.579 10.7049 7.60063 6.87032 5.53842 4.01824 2.50937 2.48583 2.37887 2.25254 1.98565 1.51079 1.46237 1.31321 2.1468 1.76221 1.46022 1.37647 1.31044 1.71432 1.2999 1.97358 1.27373 1.54631 1.44456 1.99236 1.00554 0.99044 1.86155 1.07834
threshold=26.041644096374515 1.0552840828895571 1.1445126533508303 27.72946929931641 23.341701507568363 0 2.093244314193726 1 1.6819458007812502 2 3 4 1.1508483886718752 0.49153900146484381 -13.510375976562498 5 6 7 1.2683143615722658 8 28.570401191711429 9 1.2088128924369814 10 11 83.465538024902358 3.4786094427108769 3.546377539634705 12 41.24494934082032
decision_type=2 2 2 2 2 9 2 9 2 9 9 9 2 2 2 1 9 9 10 9 2 9 2 9 9 2 2 2 9 2
left_child=1 4 -2 5 8 6 -4 12 11 -10 13 -1 -6 16 -15 -16 -3 -17 19 -12 21 -5 24 -24 25 -20 -26 29 -29 -18
right_child=2 10 3 20 7 -7 -8 -9 9 -11 18 -13 -14 14 15 17 27 -19 22 -21 -22 -23 23 -25 26 -27 -28 28 -30 -31
leaf_value=0.0079335655389506255 0.092540389237875331 0.011267825468855368 0.015562389130419588 0.023362314202426845 0.027849205900325826 0.035502976704236071 -0.017080412519795845 0.051549592188984195 -0.010087953313255307 0.004713902240337027 -0.0019393950024394102 0.026743926616549788 -0.0011895720982548694 -0.037603494267949254 0.0086596110401281415 -0.02872548982961512 0.024408633128508366 -0.004084023118764212 -0.012435152887464097 0.023908907394986224 0.17032403879135452 0.079340965900251942 0.025616171786222601 0.0055946248163360555 0.0033036113205666203 0.022805173923071111 0.022731953100084169 -0.023885191852179914 0.0023460155417540235 -0.0030795570589482045
leaf_weight=4261 153018 15112 7659 3048 10709 11586 2176 11755 4214 6487 3781 5957 2079 2085 9383 4872 2240 10679 10130 10567 35647 10644 8055 13060 20786 2214 3311 2177 2774 9152
leaf_count=4261 153018 15112 7659 3048 10709 11586 2176 11755 4214 6487 3781 5957 2079 2085 9383 4872 2240 10679 10130 10567 35647 10644 8055 13060 20786 2214 3311 2177 2774 9152
internal_value=0.0022831 0.000614615 0.00359408 0.00290745 0.00167153 0.00170986 0.000517504 0.00248654 0.000714607 -0.00011913 0.000245974 0.00158702 0.00170768 -0.000100249 -0.000509231 -0.000302437 0.000251073 -0.000824353 0.000527446 0.00121131 0.00342694 0.00275931 0.000356877 0.000851124 7.03411e-05 -0.000632805 0.000430734 -0.000273055 -0.00121669 0.00013752
internal_weight=399618 175840 223778 70760 45462 21421 9835 24543 20919 10701 130378 10218 12788 58474 27019 24934 31455 15551 71904 14348 49339 13692 57556 21115 36441 12344 24097 16343 4951 11392
internal_count=399618 175840 223778 70760 45462 21421 9835 24543 20919 10701 130378 10218 12788 58474 27019 24934 31455 15551 71904 14348 49339 13692 57556 21115 36441 12344 24097 16343 4951 11392
cat_boundaries=0 32 61 83 115 141 142 174 206 238 264 293 322 348
cat_threshold=8 0 0 128 0 0 3072 0 0 2686976 0 0 58589184 0 0 3145728 0 0 1073741824 0 0 268435456 34 0 0 5 0 0 32 0 0 4096 24 0 0 192 0 0 68608 0 0 2211840 0 0 50331648 0 0 808452096 0 0 4261412864 3 0 0 2 0 0 4 0 0 16 0 0 0 128 0 0 3072 0 0 3284992 0 0 50724864 0 0 503316480 0 0 201326592 3 0 268435456 0 0 0 0 0 0 0 0 0 65536 0 0 2097152 0 0 274726912 0 0 2264924160 1 0 2147483648 15 0 0 530 0 0 15232 0 0 36096 0 0 0 0 0 0 0 0 0 65536 0 0 2162688 0 0 5242880 0 0 3825205248 0 0 0 55 0 0 7 4 0 0 0 0 0 0 0 0 0 0 0 0 0 0 0 2097152 0 0 2147483648 0 0 2147483648 10 0 0 512 0 0 13056 0 0 35072 0 0 0 0 0 0 0 0 0 0 0 0 0 0 0 6291456 0 0 2147483648 0 0 2147483648 12 0 0 0 0 0 128 0 0 36096 0 0 0 0 0 0 0 0 0 2113536 0 0 0 0 0 67108864 0 0 1073741824 2 0 1610612736 0 0 0 36 0 0 32 0 0 70144 0 0 0 0 0 0 4096 0 0 0 0 0 17825792 0 0 34603008 0 0 3758096384 0 0 268435456 33 0 0 2 0 0 0 0 0 0 0 0 0 49152 0 0 262144 0 0 227540992 0 0 939524096 2 0 1879048192 0 0 0 36 0 0 80 0 0 0 0 0 0 2048 0 0 32768 0 0 524288 0 0 126877696 0 0 134217728 0 0 1342177280 16 0 0 8 0 0 80 0 0 0 0 0 0 0 0 0 0 0 0 0 0 0 4194304 0 0 117440512 1 0 0 1 0 0 16
is_linear=0
shrinkage=0.08


Tree=68
num_leaves=31
num_cat=10
split_feature=45 2 5 45 31 5 13 44 5 20 5 5 45 45 37 34 34 30 5 27 44 5 33 5 5 17 5 34 45 10
split_gain=144.567 17.5467 7.82558 5.84675 4.83232 3.29052 3.08701 2.96325 2.84275 2.47751 2.34393 1.85471 1.83285 1.29019 1.13261 1.10751 1.76067 1.08644 2.22221 1.7147 2.7881 2.06611 2.01284 3.00903 2.2162 1.45205 1.39559 1.34626 1.2231 1.79406
threshold=26.270361900329593 1.0000000180025095e-35 0 27.875782966613773 86.996994018554702 1 0.58571910858154308 26.259904861450199 2 1.0432198047637942 3 4 23.466054916381839 -18.357194900512692 -1.2172355651855467 -0.35998535156249994 -6.7512817382812491 48.562500000000007 5 1011.1213684082032 21.964864730834964 6 14.660160064697267 7 8 1.2683143615722658 9 -0.75207519531249989 7.2156240940094003 1.2885506749153139
decision_type=2 2 9 2 2 9 2 2 9 2 9 9 2 2 2 2 2 2 9 2 2 9 2 9 9 10 9 2 2 2
left_child=1 4 3 9 6 15 8 10 -1 -2 12 -11 -8 -12 -5 16 -6 19 -19 21 22 -15 23 -21 -24 -22 -27 -26 29 -20
right_child=2 -3 -4 14 5 -7 7 -9 -10 11 13 -13 -14 17 -16 -17 -18 18 28 20 25 -23 24 -25 27 26 -28 -29 -30 -31
leaf_value=-0.0035426278211177324 0.040227170282510355 0.043059755905148343 0.091823414295032255 0.068529916257356341 -0.0062716479385237882 0.032168105786548148 0.0039008559692290789 -0.021373810474040772 0.021843545961052452 -0.01436933803765806 -0.059412774640822043 0.019645932196985398 0.021351886464566348 -0.015171927279908527 0.12272976373405278 -0.013557742758794624 0.025133327708846236 -0.024292118673623752 -0.027369502751533742 0.0017327097361543682 -0.0014357553046763654 0.038645304988032404 -0.002135147222256677 -0.032602228509466452 0.0043889832497837431 -0.024482145994637685 -0.0052877807147919068 0.017546705747280077 0.0055974940911121766 -0.0053922419276952885
leaf_weight=4473 10464 11127 166426 3648 2617 8506 42498 3227 10142 2690 2244 6573 7403 2083 30191 2298 6143 2186 2292 4476 2884 5180 16990 2601 7822 2072 2047 11331 9645 7724
leaf_count=4473 10464 11127 166426 3648 2617 8506 42498 3227 10142 2690 2244 6573 7403 2083 30191 2298 6143 2186 2292 4476 2884 5180 16990 2601 7822 2072 2047 11331 9645 7724
internal_value=0.00223576 0.000554402 0.00361146 0.00276684 0.000351558 0.00153346 0.000196612 7.67547e-05 0.00130051 0.00167138 0.000135617 0.000717352 0.000567377 -0.000128583 0.0034056 0.000620329 0.00103079 -7.49656e-05 -0.000555062 0.000107555 -5.86864e-05 0.0012556 0.000181356 -0.0010515 0.00042298 -0.00153829 -0.00250036 0.00101247 -0.000284335 -0.000903251
internal_weight=400003 180011 219992 53566 168884 19564 149320 134705 14615 19727 131478 9263 49901 81577 33839 11058 8760 79333 21847 57486 50223 7263 43220 7077 36143 7003 4119 19153 19661 10016
internal_count=400003 180011 219992 53566 168884 19564 149320 134705 14615 19727 131478 9263 49901 81577 33839 11058 8760 79333 21847 57486 50223 7263 43220 7077 36143 7003 4119 19153 19661 10016
cat_boundaries=0 32 64 96 125 157 189 221 253 285 305
cat_threshold=0 0 0 128 0 0 3072 0 0 114688 0 0 20709376 0 0 333447168 0 0 3758096384 3 0 268435456 35 0 0 7 0 0 32 0 0 4096 0 0 0 0 0 0 1024 0 0 65536 0 0 1048576 0 0 1048576 0 0 3321888768 1 0 2147483648 63 0 0 383 0 0 2032 0 0 256 16 0 0 0 0 0 4096 0 0 131072 0 0 524288 0 0 275775488 0 0 1845493760 1 0 2147483648 60 0 0 48 0 0 14080 0 0 65792 24 0 0 192 0 0 6144 0 0 1056768 0 0 37486592 0 0 570425344 0 0 4026531840 1 0 1610612736 32 0 0 187 0 0 3088 0 0 0 0 0 0 0 0 0 81920 0 0 524288 0 0 268435456 0 0 3221225472 0 0 268435456 32 0 0 4 0 0 32 0 0 4096 0 0 0 0 0 0 1024 0 0 2129920 0 0 20971520 0 0 2097152 0 0 167772160 0 0 0 0 0 0 0 0 0 512 0 0 88320 0 0 0 0 0 0 0 0 0 65536 0 0 0 0 0 1048576 0 0 33554432 0 0 0 0 0 0 64 0 0 5024 0 0 58624 0 0 0 0 0 0 0 0 0 0 0 0 0 0 0 16777216 0 0 16777216 2 0 0 15 0 0 320 0 0 13024 0 0 51456 0 0 0 0 0 0 1024 0 0 65536 0 0 4194304 0 0 411041792 0 0 67108864 2 0 268435456 31 0 0 832 0 0 4096 0 0 33024 0 0 0 0 0 0 1024 0 0 2260992 0 0 16908288 0 0 433061888 0 0 16777216 2
is_linear=0
shrinkage=0.08


Tree=69
num_leaves=31
num_cat=2
split_feature=41 2 3 23 19 31 38 41 16 10 40 43 6 23 22 41 19 41 12 6 38 40 38 12 35 16 41 29 40 3
split_gain=132.282 11.2099 9.92015 8.7803 4.85192 2.08475 1.93849 1.76343 1.61588 1.52827 6.00946 5.13389 2.77889 2.04565 1.94764 1.28689 1.84329 1.16496 1.82263 1.7983 7.87449 2.63274 1.96334 1.69857 1.49151 2.55022 2.22844 1.25299 1.22429 1.17966
threshold=26.105274200439457 1.0000000180025095e-35 6.228431463241578 27.72946929931641 0.67780673503875744 91.173122406005874 -0.93760967254638661 27.156193733215336 1.2423650026321413 2.8795458078384404 3.1271147727966313 10.22121047973633 0 27.039451599121097 2.9511451721191411 28.347573280334476 1.1812277436256411 5.7054181098937997 0.89113080501556408 1 0.43044090270996099 2.8049049377441411 1.8771566152572634 2.2129100561141972 0.30755996704101568 1.5123908519744875 23.078572273254398 0.99027633666992199 1.6566731929779055 3474.8134765625005
decision_type=2 2 2 2 2 2 2 2 8 2 2 2 1 2 2 2 2 2 2 1 2 2 2 2 2 10 2 2 2 2
left_child=1 4 -2 7 6 9 -1 8 -4 13 11 12 -11 17 -12 16 -5 18 -6 20 24 22 23 27 25 26 -19 -21 -22 -20
right_child=2 -3 3 15 5 -7 -8 -9 -10 10 14 -13 -14 -15 -16 -17 -18 19 29 21 28 -23 -24 -25 -26 -27 -28 -29 -30 -31
leaf_value=0.0043742631879362713 0.079641790646134428 0.046228443358518063 0.019968411684186355 0.072859890683141734 -0.012329076624879809 0.023627267486244222 0.035895294920187268 0.034010273920680803 -0.00079522003870737782 0.017248610848615335 0.010920025672038503 -0.0445568822974831 -0.036706972634060059 0.04068253105692661 -0.02932141732263184 0.14864384656479562 0.027361749111335903 -0.013517286933555559 -0.015737741635727397 0.012729289092696019 0.0080423576666877137 0.033482128347614208 -0.014256197403042325 -0.015578455488774961 0.0024594299474561929 -0.0016929324422205083 -0.030300919340403465 -0.0058491868488011276 0.049032954321251106 0.0043522315652745917
leaf_weight=4706 138671 6837 6366 11461 5829 6747 8689 13906 5492 2397 19467 2432 2681 4271 2051 42618 4029 2831 3668 31314 2754 8543 3924 2522 2200 2964 2006 2336 4783 41237
leaf_count=4706 138671 6837 6366 11461 5829 6747 8689 13906 5492 2397 19467 2432 2681 4271 2051 42618 4029 2831 3668 31314 2754 8543 3924 2522 2200 2964 2006 2336 4783 41237
internal_value=0.00220594 0.000574924 0.00350448 0.00281691 0.00044733 0.000322539 0.00190824 0.00158672 0.000868891 0.000260684 -0.000260624 -0.00220745 -0.000756289 0.00038557 0.000419547 0.00336199 0.0027329 0.000322645 3.4211e-05 0.000543732 -0.000150814 0.000794016 0.000522216 0.00070665 -0.00162182 -0.00214006 -0.00327048 0.000856803 0.00180045 0.000207058
internal_weight=399732 177189 222543 83872 170352 156957 13395 25764 11858 150210 29028 7510 5078 121182 21518 58108 15490 116911 50734 66177 17538 48639 40096 36172 10001 7801 4837 33650 7537 44905
internal_count=399732 177189 222543 83872 170352 156957 13395 25764 11858 150210 29028 7510 5078 121182 21518 58108 15490 116911 50734 66177 17538 48639 40096 36172 10001 7801 4837 33650 7537 44905
cat_boundaries=0 1 2
cat_threshold=5 8
is_linear=0
shrinkage=0.08


Tree=70
num_leaves=31
num_cat=12
split_feature=45 2 5 45 31 10 5 44 5 16 16 45 41 6 5 27 5 27 37 5 44 27 29 5 6 33 5 45 5 5
split_gain=137.96 16.506 9.51799 5.96938 3.88347 3.00797 2.98567 4.00374 2.77132 2.08785 1.96259 1.91814 2.77552 1.57648 3.2387 2.9205 1.56545 1.53423 1.38231 1.37099 1.78985 1.63222 1.28531 1.26676 1.24133 1.38908 1.22956 1.20842 3.53566 1.08638
threshold=26.375752449035648 1.0000000180025095e-35 0 28.287750244140629 89.643501281738295 2.3265807628631596 1 25.803732872009281 2 5.2229049205780038 1.0192906856536867 21.599944114685062 23.959451675415043 3 4 1012.8108825683595 5 1019.4204101562501 -0.92414093017578114 6 20.364825248718265 1012.0407104492189 0.98262405395507824 7 8 16.344384193420414 9 26.899627685546879 10 11
decision_type=2 2 9 2 2 2 9 2 9 8 10 2 2 1 9 2 9 2 2 9 2 2 2 9 1 2 9 2 9 9
left_child=1 4 3 5 6 10 7 9 -6 22 -2 17 29 14 -14 -16 -15 19 23 20 21 -8 -1 -5 -23 -26 -12 28 -4 -13
right_child=2 -3 27 18 8 -7 11 -9 -10 -11 26 12 13 16 15 -17 -18 -19 -20 -21 -22 24 -24 -25 25 -27 -28 -29 -30 -31
leaf_value=0.0010209848239981186 0.057149691164811237 0.033630372969225837 0.00049533736219990287 0.014770375439419227 0.0063769514784039862 -0.010277659779943804 -0.029583610033575396 -0.035099445064030343 0.032546372104997924 -0.04405661537240315 0.010687271208530564 0.054190100486404255 -0.022396117419288004 -0.0032116661206840142 0.037864180954338626 -0.0099230678690540274 0.01762603653494102 0.014030986549327726 0.12930086583989095 0.002686706822244722 -0.023236184917674648 0.013815283113673121 -0.018672023160576746 0.094076651491124152 -0.015192430438598676 0.0065464105543432283 0.033346125593235812 0.093746289972632846 0.041420693599328047 0.022299555688925835
leaf_weight=52561 6472 12632 2033 2011 6439 2079 2033 2179 6238 2226 7170 4517 2011 3222 2280 2017 7866 19420 24997 35718 2045 4520 2558 2384 2008 3071 7830 148400 13548 7246
leaf_count=52561 6472 12632 2033 2011 6439 2079 2033 2179 6238 2226 7170 4517 2011 3222 2280 2017 7866 19420 24997 35718 2045 4520 2558 2384 2008 3071 7830 148400 13548 7246
internal_value=0.00215611 0.000537084 0.00352041 0.00258467 0.000329876 0.00163507 0.000221398 -0.000225447 0.00167636 -9.72887e-05 0.0019164 0.000492847 0.00103658 0.000394347 -0.000614412 0.000627288 0.000967951 0.000262405 0.00334562 2.55036e-05 -0.000655034 -0.000270744 -7.24528e-08 0.00202951 0.000166094 -0.000691116 0.00141239 0.00382195 0.00314566 0.00198522
internal_weight=399731 182807 216924 52943 170175 23551 157498 59524 12677 57345 21472 97974 29159 17396 6308 4297 11088 68815 29392 49395 13677 11632 55119 4395 9599 5079 15000 163981 15581 11763
internal_count=399731 182807 216924 52943 170175 23551 157498 59524 12677 57345 21472 97974 29159 17396 6308 4297 11088 68815 29392 49395 13677 11632 55119 4395 9599 5079 15000 163981 15581 11763
cat_boundaries=0 32 64 93 94 123 152 184 216 217 249 271 300
cat_threshold=0 0 0 128 0 0 3072 0 0 114688 0 0 20709376 0 0 333447168 0 0 3791650816 3 0 0 35 0 0 7 0 0 32 0 0 4352 8 0 0 0 0 0 1024 0 0 2228224 0 0 4390912 0 0 15728640 0 0 251658240 0 0 0 31 0 0 540 0 0 10368 0 0 71424 0 0 0 0 0 0 0 0 0 65536 0 0 1048576 0 0 4194304 0 0 3321888768 1 0 3221225472 63 0 0 348 0 0 816 8 0 0 0 192 0 0 0 0 0 0 0 0 50331648 0 0 301989888 0 0 4026531840 3 0 0 0 0 0 0 0 0 32 16 0 0 0 0 0 0 0 0 8192 0 0 2883584 0 0 67108864 0 0 0 0 0 2952790016 32 0 0 3 0 0 32 0 0 0 64 0 0 2048 0 0 65536 0 0 1310720 0 0 520093696 0 0 3758096384 0 0 0 0 0 0 1 0 0 768 0 0 18432 0 0 0 128 0 0 0 0 0 65536 0 0 262144 0 0 48234496 0 0 1107296256 0 0 0 1 0 0 1 0 0 0 0 0 4352 5 0 0 0 128 0 0 3072 0 0 98304 0 0 19660800 0 0 0 0 0 3254779904 0 0 0 1 0 0 4 0 0 32 0 0 256 0 0 0 256 0 0 24576 0 0 2097152 0 0 0 0 0 135266304 0 0 16777216 0 0 2415919104 0 0 0 64 0 0 2048 0 0 1105920 0 0 1310720 0 0 0 0 0 3758096384 2 0 1342177280 0 0 0 2 0 0 336
is_linear=0
shrinkage=0.08


Tree=71
num_leaves=31
num_cat=11
split_feature=41 3 3 23 20 27 5 5 27 5 14 5 38 5 14 41 21 5 27 5 5 10 39 5 32 14 5 38 5 20
split_gain=125.628 12.0099 10.2583 9.45896 3.71623 3.72562 2.7774 2.57801 2.3992 4.87266 2.27566 2.16382 2.05624 2.24105 1.90346 1.64431 2.10241 2.49752 1.60522 1.56988 1.53509 2.53465 1.05779 1.73015 1.69036 2.52322 1.04194 1.85633 1.01086 1.70587
threshold=26.105274200439457 7.7909035682678232 3.3835405111312871 27.750976562500004 1.0552840828895571 1012.9448242187501 0 1 1013.0084838867189 2 1.8286156654357912 3 0.70890551805496227 4 2.2603789567947392 28.83557224273682 1.2118253707885744 5 1006.5191040039064 6 7 3.774041056632996 1.3376811146736147 8 789.04687500000011 2.3493909835815434 9 -0.96062898635864247 10 0.84357649087905895
decision_type=2 2 2 2 2 2 9 9 2 9 2 9 2 9 2 2 2 9 2 9 9 2 2 9 2 2 9 2 9 2
left_child=2 8 -1 6 5 7 -3 -4 -2 -10 28 -12 13 14 -7 16 -5 -18 -9 -20 21 22 24 -24 -6 -26 27 -17 -8 -30
right_child=1 3 4 15 20 12 10 18 9 -11 11 -13 -14 -15 -16 26 17 -19 19 -21 -22 -23 23 -25 25 -27 -28 -29 29 -31
leaf_value=0.037914773777254156 0.073377087363325239 0.036359557691363842 -0.0025948296301652315 0.069264120510422952 0.0010280510350676401 -0.016304621626713613 0.025949275880098013 0.0010868779985638908 -0.003112716038985934 0.037773392193264525 -0.019242661576443928 0.010272682565916787 0.034762303750149652 0.0042443065204022402 0.0031660488654057673 0.013680403234155723 -0.0092967283509952613 0.05980147776717458 0.066496005467297128 0.024194661634398349 0.005095120261050478 -0.043958457243356043 -0.0064645003351602049 0.034028435957202674 -0.027104292181137669 0.0042925680622974399 0.15857196009054819 0.13127763572956908 0.023432183414335568 -0.0046547759853299113
leaf_weight=7234 130662 7538 3414 14283 21687 3283 6357 2275 2283 6630 2100 2899 2958 8408 2384 2002 2413 3375 4502 12979 90614 3666 3861 3953 3340 2778 26261 8720 3796 3289
leaf_count=7234 130662 7538 3414 14283 21687 3283 6357 2275 2283 6630 2100 2899 2958 8408 2384 2002 2413 3375 4502 12979 90614 3666 3861 3953 3340 2778 26261 8720 3796 3289
internal_value=0.00212668 0.00339214 0.000538067 0.00262963 0.000412481 0.00108452 0.0013635 0.00174461 0.00384554 0.00256999 0.000832241 -0.000623677 0.000186118 -0.000217252 -0.00144399 0.0032058 0.00261959 0.00133011 0.00209466 0.00235573 0.00020442 -0.000213204 -6.84825e-06 0.000814929 -0.000238001 -0.00141123 0.00352315 0.00283821 0.00137437 0.000712175
internal_weight=399944 222608 177336 83033 170102 40203 25979 23170 139575 8913 18441 4999 17033 14075 5667 57054 20071 5788 19756 17481 129899 39285 35619 7814 27805 6118 36983 10722 13442 7085
internal_count=399944 222608 177336 83033 170102 40203 25979 23170 139575 8913 18441 4999 17033 14075 5667 57054 20071 5788 19756 17481 129899 39285 35619 7814 27805 6118 36983 10722 13442 7085
cat_boundaries=0 29 52 68 100 123 149 181 213 245 274 300
cat_threshold=12 0 0 0 0 0 4096 0 0 3153920 0 0 65536 0 0 654311424 0 0 1040187392 2 0 1610612736 3 0 0 2 0 0 16 0 0 0 0 0 0 0 0 0 0 0 0 4259840 0 0 540016640 0 0 3288334336 0 0 0 50 0 0 0 768 0 0 155648 0 0 2621440 0 0 16777216 0 0 3145728 0 0 0 0 0 0 0 0 0 0 0 0 40763392 0 0 277872640 0 0 0 0 0 268435456 32 0 0 5 0 0 32 0 0 4096 16 0 0 64 0 0 1024 0 0 3383296 0 0 20971520 0 0 528482304 0 0 218103808 1 0 805306368 33 0 0 0 0 0 0 0 0 0 0 0 0 1572864 0 0 445644800 0 0 3758096384 0 0 268435456 1 0 0 2 0 0 0 0 0 0 0 0 0 65536 0 0 3407872 0 0 260046848 0 0 16777216 0 0 4026531840 0 0 0 0 0 0 16 0 0 256 0 0 0 0 0 0 0 0 0 65536 0 0 2097152 0 0 290455552 0 0 117440512 1 0 2147483648 15 0 0 17 0 0 8320 0 0 4352 0 0 0 0 0 0 0 0 0 65536 0 0 0 0 0 0 0 0 0 0 0 2147483648 1 0 0 16 0 0 8320 0 0 4352 0 0 0 0 0 0 0 0 0 98304 0 0 4325376 0 0 106954752 0 0 100663296 2 0 2147483648 1 0 0 5 0 0 48 0 0 0 256 0 0 0 0 0 0 0 0 54263808 0 0 414187520 0 0 2164260864 0 0 2415919104 0 0 0 1
is_linear=0
shrinkage=0.08


Tree=72
num_leaves=31
num_cat=9
split_feature=45 3 5 45 14 31 5 5 30 45 5 45 5 3 11 13 44 5 45 39 1 5 5 5 44 36 24 27 10 28
split_gain=133.147 14.0435 10.6786 5.44014 4.46971 3.87595 3.21037 2.97554 2.94299 1.98048 3.11196 1.89708 1.86227 1.65183 1.61494 1.59087 1.78378 2.89499 1.80788 1.58786 1.76561 1.50374 1.48121 1.44671 1.25981 1.63395 2.04472 1.34959 1.06422 1.0488
threshold=26.42303562164307 1.0000000180025095e-35 0 29.137887954711918 1.7424904108047488 86.596122741699233 1 2 1104.9375000000002 26.780919075012211 3 27.568328857421879 4 335.72839355468756 1.6128649115562441 0.54429817199707042 24.697245597839359 5 24.242400169372562 1.1930717229843142 84.250000000000014 6 7 8 19.556418418884281 2.1986961364746098 -3.0806884765624996 1012.6814270019532 2.6901383399963383 1017.1253051757814
decision_type=2 2 9 2 2 2 9 9 2 2 9 2 9 2 2 2 2 9 2 2 2 9 9 9 2 2 2 2 2 2
left_child=1 22 3 4 11 7 -7 14 12 10 -4 -2 -6 -11 -3 23 18 -18 21 20 -16 24 -1 -9 25 28 -27 -26 -17 -21
right_child=2 5 9 -5 8 6 -8 15 -10 13 -12 -13 -14 -15 19 16 17 -19 -20 29 -22 -23 -24 -25 27 26 -28 -29 -30 -31
leaf_value=0.01060652305380814 0.023472358431825741 0.01076902782219755 -0.0007522536233620751 0.13512232873469002 0.037670945589879004 0.0061348651765636125 0.025631271293139756 0.023626445998428038 -0.022938320736728739 0.078032054546351051 0.030817400614829828 0.064843466285157553 -0.0028355036586547732 0.044130622185225905 -0.022964365829358419 -0.0030460690729117034 -0.00088634132413229979 -0.032624645454601253 0.030819407865039287 0.00087161956461407177 0.011440444606899493 0.00075418379717422882 0.030614230093975077 0.00094375630053560435 -0.0046074987363767372 -0.073979268933988498 -0.0026561955091496665 -0.016537565374570958 0.031794870691158439 0.036579608362170196
leaf_weight=2800 10303 39147 2066 20979 4061 11864 9453 2563 2799 148529 7605 12786 2919 3409 5973 3363 5253 3254 2018 4982 3790 57367 10767 3840 2040 2012 4749 3431 2289 3473
leaf_count=2800 10303 39147 2066 20979 4061 11864 9453 2563 2799 148529 7605 12786 2919 3409 5973 3363 5253 3254 2018 4982 3790 57367 10767 3840 2040 2012 4749 3431 2289 3473
internal_value=0.0020968 0.000518939 0.00344734 0.00246882 0.0018259 0.000322138 0.00133108 0.000178237 0.000391869 0.00377281 0.00265716 0.00243283 0.00127039 0.00384389 0.000630478 -0.000103298 -0.000194157 -0.00129294 -7.3034e-05 8.33892e-06 -0.000686381 -0.000136538 0.00299536 0.00111212 -0.000776586 -0.000330677 -0.0011691 -0.00178726 0.000672554 0.000810396
internal_weight=399884 184428 215456 53847 32868 170861 21317 149544 9779 161609 9671 23089 6980 151938 57365 92179 85776 8507 77269 18218 9763 75251 13567 6403 17884 12413 6761 5471 5652 8455
internal_count=399884 184428 215456 53847 32868 170861 21317 149544 9779 161609 9671 23089 6980 151938 57365 92179 85776 8507 77269 18218 9763 75251 13567 6403 17884 12413 6761 5471 5652 8455
cat_boundaries=0 32 64 96 118 144 176 208 234 263
cat_threshold=0 0 0 128 0 0 3072 0 0 114688 0 0 20709376 0 0 400556032 0 0 3758096384 3 0 2147483648 35 0 0 7 0 0 32 0 0 4096 24 0 0 0 0 0 1024 0 0 65536 0 0 3145728 0 0 0 0 0 3321888768 1 0 2147483648 63 0 0 493 0 0 1968 0 0 16384 16 0 0 448 0 0 4096 0 0 1138688 0 0 3407872 0 0 570425344 0 0 2684354560 1 0 1610612736 32 0 0 207 0 0 848 0 0 98304 0 0 0 256 0 0 155648 0 0 3145728 0 0 33685504 0 0 135266304 0 0 318767104 0 0 805306368 0 0 0 0 0 0 3072 0 0 114688 0 0 262144 0 0 119537664 0 0 1610612736 3 0 0 0 0 0 3 0 0 0 0 0 0 3072 0 0 163840 0 0 17498112 0 0 494927872 0 0 134217728 2 0 268435456 1 0 0 0 0 0 0 0 0 2048 0 0 0 0 0 0 1024 0 0 2097152 0 0 4390912 0 0 226492416 0 0 201326592 2 0 0 1 0 0 512 0 0 128 0 0 1280 0 0 0 0 0 0 28672 0 0 2105344 0 0 0 0 0 403701760 0 0 0 1 0 0 0 0 0 128 8 0 0 0 0 0 3072 0 0 2097152 0 0 33685504 0 0 201326592 0 0 285212672 0 0 268435456 2 0 0 256 0 0 10400
is_linear=0
shrinkage=0.08


Tree=73
num_leaves=31
num_cat=0
split_feature=23 3 2 23 3 34 14 34 14 16 21 35 16 13 27 27 27 34 14 33 36 32 35 22 12 34 23 0 0 0
split_gain=117.14 15.2362 13.7399 8.83664 3.8927 3.32851 2.62089 2.16583 2.04729 2.26826 3.31351 1.66855 1.41091 1.47704 1.57445 1.3951 1.45243 4.73494 2.32303 2.12351 4.14408 2.24439 2.97328 1.84729 1.64841 1.71289 1.2935 1.49452 1.16707 1.14023
threshold=26.15400314331055 7.7909035682678232 1.0000000180025095e-35 29.00846099853516 464.62908935546881 -6.4603576660156241 1.0114517807960512 1.6819458007812502 1.8141787052154543 2.0231622457504277 0.95700952410697948 27.011871337890629 0.21321278810501101 0.53100287914276134 1016.6324157714845 1003.9756774902345 1010.7043762207032 -5.7536621093749991 2.966187715530396 14.660160064697267 0.71668624877929699 771.90872192382824 0.0042915344238281259 0.96273422241210949 1.3630952239036562 0.77081298828125011 26.889507293701175 16.250000000000004 24.750000000000004 24.750000000000004
decision_type=2 2 2 2 2 2 2 2 2 8 2 2 10 2 2 2 2 2 2 2 2 2 2 2 2 2 2 2 2 2
left_child=2 7 6 4 8 -6 28 -2 -3 10 -10 12 -8 14 -14 -15 17 -17 19 20 -18 29 -23 -20 25 -22 27 -9 -1 -21
right_child=1 3 -4 -5 5 -7 11 26 9 -11 -12 -13 13 15 -16 16 18 -19 23 21 24 22 -24 -25 -26 -27 -28 -29 -30 -31
leaf_value=0.021914793279080694 0.066924377540241831 0.037210645259802673 0.028165397406177406 0.12189598078395152 -0.021114238974479921 0.017598866614016422 -0.013415538500511534 0.0008028219470091806 0.040882049600525036 0.045951931888955438 -0.020596050193773367 0.027921988864268582 0.024685915064194992 -0.014206577873212696 -0.0020226518838950399 -0.0013689706895747445 -0.025500453267905284 0.033068844985701791 0.017062012611571423 -0.0021334902177362449 0.0097203993898190774 -0.02385107245552974 -0.0020390925079072091 -0.0086830265030959503 0.026732896621786528 -0.019426640763208044 0.048157386755249866 0.030775582936278287 0.0022197795813841507 0.0066524397754604758
leaf_weight=8041 124139 25020 11895 41455 2809 6653 3878 2093 2711 3847 3385 2381 6348 3635 2827 13569 4441 8828 26914 13954 2346 3034 9239 7029 3562 2278 5836 2014 3124 42620
leaf_count=8041 124139 25020 11895 41455 2809 6653 3878 2093 2711 3847 3385 2381 6348 3635 2827 13569 4441 8828 26914 13954 2346 3034 9239 7029 3562 2278 5836 2014 3124 42620
internal_value=0.00206429 0.00330264 0.000550433 0.00247014 0.00168561 0.000245777 0.000364351 0.00383564 0.00207509 0.00110238 0.0001415 0.000280013 0.000247541 0.000286363 0.00126946 0.00022251 0.00026335 0.000852769 0.000148908 -8.27646e-05 -0.00103601 9.21912e-05 -0.000888057 0.000704857 3.22109e-05 -0.000963315 0.00269386 0.00160019 0.0015481 0.000304963
internal_weight=399905 219962 179943 85880 44425 9462 168048 134082 34963 9943 6096 156883 154502 150624 9175 141449 137814 22397 115417 81474 12627 68847 12273 33943 8186 4624 9943 4107 11165 56574
internal_count=399905 219962 179943 85880 44425 9462 168048 134082 34963 9943 6096 156883 154502 150624 9175 141449 137814 22397 115417 81474 12627 68847 12273 33943 8186 4624 9943 4107 11165 56574
is_linear=0
shrinkage=0.08


Tree=74
num_leaves=31
num_cat=8
split_feature=45 19 5 45 5 19 5 44 5 5 31 21 17 43 45 5 33 5 45 23 22 23 41 45 23 5 40 20 28 29
split_gain=127.771 19.0803 11.2752 4.58638 4.51682 3.75265 3.86757 2.96438 2.62376 1.69887 1.69557 1.63632 1.59394 1.51704 1.62894 1.47846 1.30092 1.33579 1.22512 2.84348 2.26375 1.74753 1.6917 1.52947 2.06088 1.94898 1.35967 2.81853 1.50908 1.47794
threshold=26.780919075012211 0.67780673503875744 0 29.330956459045414 1 1.1391890048980715 2 27.094746589660648 3 4 94.151325225830092 0.49501572549343115 1.143164396286011 26.149421691894535 23.117721557617191 5 25.328831672668461 6 7.2156240940094003 10.271636962890627 9.5028877258300799 11.544403076171877 13.621316432952883 16.95029449462891 18.244308471679691 7 2.6435947418212895 1.6412028670310976 1012.5259399414064 0.98869705200195324
decision_type=2 2 9 2 9 2 9 2 9 9 2 2 10 2 2 9 2 9 2 2 2 2 2 2 2 9 2 2 2 2
left_child=1 4 3 5 13 9 -7 8 12 -2 15 -6 -3 14 -1 -10 17 -14 20 -20 -17 -21 -23 25 -25 -24 27 28 29 -26
right_child=2 7 -4 -5 11 6 -8 -9 10 -11 -12 -13 16 -15 -16 18 -18 -19 19 21 -22 22 23 24 26 -27 -28 -29 -30 -31
leaf_value=0.0011323892640004412 0.060193083913314967 0.015225947514735026 0.066464805287027071 0.12733859427166455 0.03231838291509994 -0.023453954454048069 0.023631276170810338 -0.025648567960376338 -0.010110702772316835 0.027013022043993997 0.022377445858955354 0.016823633778360259 -0.014659109395979142 -0.0059849397661993139 0.024869618859968603 -0.000765114875099161 0.043926697350618174 0.0058861642321892706 0.032692850878013109 -0.017756972439009387 -0.034383968716548322 0.045478164245316831 0.0016796689054055691 0.026987883798436561 0.012517517460518622 -0.020046139430223105 0.014201804037627145 -0.015851202581157416 -0.0097200266429842228 -0.0078110382190477966
leaf_weight=3548 8519 12962 150503 20616 10405 2914 7602 2318 4922 11415 2796 13530 3937 2053 3617 61950 3305 20460 7651 2463 2133 3225 2781 3442 12239 2543 7296 3861 2684 2216
leaf_count=3548 8519 12962 150503 20616 10405 2914 7602 2318 4922 11415 2796 13530 3937 2053 3617 61950 3305 20460 7651 2463 2133 3225 2781 3442 12239 2543 7296 3861 2684 2216
internal_value=0.00201268 0.00057106 0.00343109 0.00240113 0.00232223 0.00177676 0.000553297 0.000219475 0.000259977 0.00242158 7.46839e-05 0.00290127 0.000816439 0.000813163 0.00136307 2.90079e-05 0.00047373 0.000271562 8.7473e-05 0.000382536 -0.000144602 0.000128157 0.000254808 0.00010164 0.000312209 -0.00115186 8.70488e-05 -0.000239886 0.000200362 0.000524024
internal_weight=399906 198337 201569 51066 33153 30450 10516 165184 162866 19934 122202 23935 40664 9218 7165 119406 27702 24397 114484 50401 64083 42750 40287 37062 31738 5324 28296 21000 17139 14455
internal_count=399906 198337 201569 51066 33153 30450 10516 165184 162866 19934 122202 23935 40664 9218 7165 119406 27702 24397 114484 50401 64083 42750 40287 37062 31738 5324 28296 21000 17139 14455
cat_boundaries=0 32 54 83 115 147 179 211 243
cat_threshold=0 0 0 128 0 0 0 0 0 114688 0 0 3932160 0 0 1071644672 0 0 3791650816 3 0 2147483648 33 0 0 7 0 0 32 0 0 4352 16 0 0 0 0 0 157696 0 0 32768 0 0 35258368 0 0 803209216 0 0 2197815296 3 0 2684354560 0 0 0 0 0 0 0 0 0 81920 0 0 524288 0 0 402653184 0 0 3221225472 1 0 0 0 0 0 4 0 0 32 264 0 0 128 0 0 65536 0 0 1675264 0 0 50266112 0 0 688914432 0 0 1879048192 0 0 536870912 0 0 0 66 0 0 272 0 0 2560 0 0 0 0 0 0 0 0 0 65536 0 0 3145728 0 0 738197504 0 0 1644167168 0 0 2147483648 0 0 0 0 0 0 32 0 0 256 0 0 0 64 0 0 1024 0 0 2097152 0 0 0 0 0 0 0 0 50331648 0 0 0 0 0 0 0 0 0 0 0 0 256 8 0 0 0 0 0 0 0 0 65536 0 0 4390912 0 0 1048576 0 0 0 0 0 0 0 0 0 0 0 0 16 0 0 512 0 0 0 0 0 0 0 0 0 0 0 0 16777216 0 0 276824064 0 0 134217728 1 0 0 35 0 0 13 0 0 8192 0 0 12288
is_linear=0
shrinkage=0.08


Tree=75
num_leaves=31
num_cat=8
split_feature=45 19 5 19 45 5 19 5 44 36 44 5 5 10 38 17 28 5 45 42 5 45 34 27 45 37 5 38 27 43
split_gain=125.649 17.8339 12.0627 4.37567 4.05313 4.02915 3.74878 2.61472 2.96694 2.40822 2.39852 2.11019 2.02519 2.80741 1.78887 1.71969 1.5195 1.39551 2.71249 1.28731 1.22681 1.18605 1.19721 1.17343 1.15987 1.09525 1.02312 1.95308 1.63794 0.967446
threshold=26.814517974853519 0.67780673503875744 0 0.42821182310581213 29.571803092956547 1 1.3037756085395815 2 25.936984062194828 9.6316337585449237 26.057066917419437 3 4 1.9412299394607546 -2.4230117797851558 1.0869675874710085 1002.7884521484376 5 27.207074165344242 23.162212371826175 6 25.217026710510257 -2.1920471191406246 1010.6200256347657 27.704365730285648 -0.92414093017578114 7 -2.0637369155883785 1014.1421203613282 23.516644477844242
decision_type=2 2 9 2 2 9 2 9 2 2 2 9 9 2 2 10 2 9 2 2 9 2 2 2 2 2 9 2 2 2
left_child=1 3 4 -1 6 10 12 15 21 -10 19 -8 24 16 -7 20 -14 18 23 -5 -3 26 -23 -4 -2 -6 27 -9 29 -29
right_child=2 7 17 5 25 14 11 8 9 -11 -12 -13 13 -15 -16 -17 -18 -19 -20 -21 -22 22 -24 -25 -26 -27 -28 28 -30 -31
leaf_value=0.032476450995924534 0.023009391020371028 0.008667297761244348 0.032879425014519743 -0.0028172404369239392 0.061220686489395999 0.0010383241684865706 -0.032729468279260321 0.0053608178516789977 -0.024820745466227093 0.0026682609612296471 -0.0098499825693451684 0.01887631759901524 0.0014867785012100398 -0.01658049989134092 0.019791081090451936 0.0050086296877358888 0.042788365929290098 0.063188057367185316 0.077486955195291959 0.019543268600133962 0.0272780446164212 0.0027095409995628655 0.038631257674866533 0.00014268556167333364 0.063164928871614151 0.13985608093257162 0.0014370634748383684 0.0047215672018479033 -0.024980163001002489 -0.016454578055620631
leaf_weight=9560 3955 6837 2685 2012 2553 2190 2051 3135 3792 2442 2426 3731 2506 2045 15770 34335 8150 114179 29913 2474 4276 2384 2215 2020 11164 14730 100340 2064 2025 2013
leaf_count=9560 3955 6837 2685 2012 2553 2190 2051 3135 3792 2442 2426 3731 2506 2045 15770 34335 8150 114179 29913 2474 4276 2384 2215 2020 11164 14730 100340 2064 2025 2013
internal_value=0.00195801 0.000542187 0.00337804 0.00219871 0.00231215 0.00163845 0.0017996 0.000198182 2.98939e-06 -0.00169507 -4.61617e-06 -5.38673e-05 0.00218469 0.00143416 0.00226919 0.000715052 0.00195612 0.00374197 0.00328633 0.00109075 0.00157979 9.58437e-05 0.00135301 0.00149735 0.00281102 0.00330839 4.29614e-05 -0.000761802 -0.00159555 -0.000668461
internal_weight=399972 200290 199682 34432 50885 24872 33602 165858 120410 6234 6912 5782 27820 12701 17960 45448 10656 148797 34618 4486 11113 114176 4599 4705 15119 17283 109577 9237 6102 4077
internal_count=399972 200290 199682 34432 50885 24872 33602 165858 120410 6234 6912 5782 27820 12701 17960 45448 10656 148797 34618 4486 11113 114176 4599 4705 15119 17283 109577 9237 6102 4077
cat_boundaries=0 32 54 86 112 144 176 208 240
cat_threshold=0 0 0 128 0 0 3072 0 0 49152 0 0 3932160 0 0 1071644672 0 0 3825205248 3 0 2147483648 33 0 0 7 0 0 32 0 0 4096 16 0 0 768 0 0 28672 0 0 532480 0 0 131072 0 0 675282944 0 0 2197815296 3 0 536870912 264 0 0 0 0 0 65536 0 0 1642496 0 0 39780352 0 0 729808896 0 0 1342177280 2 0 1610612736 32 0 0 66 0 0 80 0 0 8192 0 0 0 0 0 0 0 0 0 0 0 0 524288 0 0 134217728 0 0 3221225472 0 0 2147483648 1 0 0 4 0 0 0 0 0 0 1024 0 0 0 0 0 3145728 0 0 740294656 0 0 3825205248 1 0 2147483648 0 0 0 1 0 0 32 0 0 4096 26 0 0 832 0 0 0 0 0 2162688 0 0 50462720 0 0 0 0 0 33554432 0 0 268435456 0 0 0 0 0 0 0 0 0 256 0 0 0 0 0 0 0 0 0 1048576 0 0 33816576 0 0 671088640 0 0 1342177280 2 0 1610612736 32 0 0 66 0 0 0 0 0 8192 0 0 0 64 0 0 1024 0 0 2129920 0 0 8388608 0 0 2097152 0 0 251658240 0 0 0 0 0 0 0 0 0 0 0 0 4352
is_linear=0
shrinkage=0.08


Tree=76
num_leaves=31
num_cat=13
split_feature=45 2 5 45 5 19 19 5 5 34 5 27 5 43 37 3 34 5 6 5 38 32 5 28 12 13 34 5 5 5
split_gain=122.437 17.5349 13.7821 4.37024 3.57124 3.23998 2.64108 2.33141 2.11085 2.10378 6.59225 3.92933 2.24702 2.09328 2.08294 1.90817 1.8355 1.80657 1.73343 1.9956 1.89997 2.0516 1.83725 1.70681 1.65773 2.34472 1.86139 1.82483 1.81564 1.65497
threshold=26.814517974853519 1.0000000180025095e-35 0 28.52329254150391 1 0.67780673503875744 0.86718329787254345 2 3 -7.3217468261718741 4 1010.5778808593751 5 23.161844253540043 -1.2172355651855467 335.72839355468756 2.6247863769531254 6 7 8 -0.36554431915283198 551.69622802734386 9 1001.4884338378907 1.1267338991165163 0.83362141251564037 2.2133789062500004 10 11 12
decision_type=2 2 9 2 9 2 2 9 9 2 9 2 9 2 2 2 2 9 1 9 2 2 9 2 2 2 2 9 9 9
left_child=1 5 3 6 -3 16 -2 13 -8 10 -9 29 -13 -7 -5 -4 -1 -12 19 20 -14 -22 -20 -10 25 28 -26 -28 -24 -11
right_child=2 4 15 14 -6 7 8 9 23 11 17 12 18 -15 -16 -17 -18 -19 22 -21 21 -23 24 -25 26 -27 27 -29 -30 -31
leaf_value=0.018050846757428077 0.039476834285333981 -0.00063095161172012761 0.057356645590310507 0.020920805063846932 0.022403735414068385 0.00060006485444058771 -0.0076269741939348152 -0.031036885592009074 -0.0035208632938534884 0.0040855243105608306 0.012676546534869982 0.0084894809984372276 0.01636184525764444 -0.01621445167548146 0.087724448911907407 0.033932257707280894 0.0004240383714116264 -0.0052779827148636401 0.0013350982124792773 0.013940194868075779 0.00031946310826526386 -0.031123840899463212 0.0094085932241265626 0.032969119792127688 -0.014551461505091973 -0.030360209120151055 0.03524046020275496 -0.006994245114475957 -0.017785591152646579 0.023794067531262213
leaf_weight=10657 7365 2707 143254 3503 20034 5238 4368 2735 2575 3970 13295 41386 3230 5077 27686 3578 4596 16883 19108 17753 2073 2223 2212 7382 5245 3303 2855 2533 2298 10744
leaf_count=10657 7365 2707 143254 3503 20034 5238 4368 2735 2575 3970 13295 41386 3230 5077 27686 3578 4596 16883 19108 17753 2073 2223 2212 7382 5245 3303 2855 2533 2298 10744
internal_value=0.00190265 0.000504284 0.00330403 0.00219429 0.00259523 0.000236135 0.00132166 0.000131244 0.000687827 0.000210343 -0.000355618 0.000366999 0.00019415 -0.00103145 0.00280124 0.0037031 0.00135046 -1.35107e-05 -0.000107362 0.000404601 -0.000685926 -0.00178727 -0.000452015 0.00132986 -0.00102112 -0.00190566 -0.000370948 0.000672842 -0.000716814 0.00159033
internal_weight=399866 200155 199711 52879 22741 177414 21690 162161 14325 151846 32913 118933 104219 10315 31189 146832 15253 30178 62833 25279 7526 4296 37554 9957 18446 7813 10633 5388 4510 14714
internal_count=399866 200155 199711 52879 22741 177414 21690 162161 14325 151846 32913 118933 104219 10315 31189 146832 15253 30178 62833 25279 7526 4296 37554 9957 18446 7813 10633 5388 4510 14714
cat_boundaries=0 32 58 90 119 151 183 215 216 245 277 306 335 364
cat_threshold=0 0 0 128 0 0 0 0 0 114688 0 0 3932160 0 0 1071644672 0 0 3858759680 3 0 2147483648 33 0 0 7 0 0 32 0 0 4096 0 0 0 256 0 0 24576 0 0 2097152 0 0 0 0 0 268435456 0 0 0 0 0 0 0 0 0 128 8 0 0 64 0 0 1024 0 0 2097152 0 0 21168128 0 0 3145728 0 0 117440512 0 0 0 0 0 0 0 0 0 0 0 0 4096 0 0 0 128 0 0 0 0 0 16384 0 0 786432 0 0 268435456 0 0 3254779904 1 0 0 0 0 0 4 0 0 32 0 0 0 0 0 0 0 0 0 114688 0 0 1572864 0 0 41943040 0 0 0 0 0 2415919104 1 0 0 4 0 0 0 0 0 49408 0 0 0 0 0 0 0 0 0 1081344 0 0 1048576 0 0 536870912 0 0 805306368 0 0 4026531840 49 0 0 102 0 0 864 0 0 59136 0 0 0 0 0 0 0 0 0 0 0 0 35651584 0 0 20971520 0 0 2147483648 3 0 0 8 0 0 970 0 0 2224 0 0 65536 6 0 0 0 0 0 0 0 0 0 16384 0 0 786432 0 0 29360128 0 0 0 0 0 0 8 0 0 769 0 0 2048 0 0 0 0 0 0 0 0 0 81920 0 0 36438016 0 0 58720256 0 0 0 0 0 0 6 0 0 777 0 0 7168 0 0 2048 0 0 0 0 0 0 0 0 0 0 0 0 0 0 0 201326592 0 0 3221225472 2 0 0 8 0 0 144 0 0 16 0 0 0 128 0 0 0 0 0 0 0 0 0 0 0 473956352 0 0 134217728 2 0 0 8 0 0 0 0 0 128 0 0 0 0 0 0 2048 0 0 98304 0 0 0 0 0 0 0 0 0 0 0 4026531840 21 0 0 167 0 0 80
is_linear=0
shrinkage=0.08


Tree=77
num_leaves=31
num_cat=2
split_feature=45 19 19 45 17 44 19 19 34 45 18 34 28 37 45 44 40 34 34 44 44 36 23 6 44 25 6 28 44 22
split_gain=119.001 19.2052 10.425 6.77262 4.42202 2.54689 2.31141 2.23775 2.28704 2.06291 1.87308 1.76789 1.62714 2.13926 1.44285 3.11278 2.37126 1.69123 2.76862 1.67146 1.43493 1.36312 1.33781 1.30564 1.2701 1.23306 1.28278 2.02473 4.36846 2.60716
threshold=26.950093269348148 0.51941406726837169 0.75219979882240307 29.571803092956547 0.92502668499946605 27.258123397827152 0.42821182310581213 1.5317373275756838 -7.2206726074218741 27.625521659851078 1.2764934301376345 -6.4603576660156241 1010.4653320312501 -0.69187164306640614 24.375152587890629 24.697245597839359 2.3924599885940556 0.61172485351562511 -6.9306640624999991 25.871672630310062 26.109680175781254 54.083347320556648 23.681671142578129 0 24.46145057678223 5.9420986175537118 1 1011.6521911621095 22.204647064208988 0.37622451782226568
decision_type=2 2 2 2 8 2 2 2 2 2 2 2 2 2 2 2 2 2 2 2 2 2 2 1 2 2 1 2 2 2
left_child=1 6 -2 7 11 14 -1 8 10 -10 21 -3 -13 -14 24 -16 17 18 -17 -19 22 -4 -15 -8 25 26 27 -6 29 -29
right_child=2 4 3 -5 5 -7 23 -9 9 -11 -12 12 13 20 15 16 -18 19 -20 -21 -22 -23 -24 -25 -26 -27 -28 28 -30 -31
leaf_value=0.028512907564648877 0.054951189535367179 -0.0075641523973009397 0.002547087577299456 0.13311887126813082 0.024219107889054254 -0.026826509873465385 0.0029891986478521059 -0.0031118322408102451 0.018082365864788865 0.055516547072418411 -0.0072089778062304471 0.019100138636039748 -0.010498653646535584 0.006558895459795433 0.029802938309949584 -0.014883966950292796 0.032734714199869008 -0.0016996456312197677 0.012284617254835251 -0.018789219203847466 -0.0016306863018117307 0.043838212579068385 0.024486843766225234 0.020410713519684775 -0.015144511025075592 -0.024445308334280474 0.0035497945883453488 0.0009768448315684037 -0.017334341387029419 -0.026047156944749201
leaf_weight=11909 128166 2102 2236 28807 4110 2252 3601 3647 5950 16686 3205 11745 2328 7026 4406 2671 3792 2596 8534 2004 2470 3180 3639 5615 2111 2039 88849 26641 2272 5012
leaf_count=11909 128166 2102 2236 28807 4110 2252 3601 3647 5950 16686 3205 11745 2328 7026 4406 2671 3792 2596 8534 2004 2470 3180 3639 5615 2111 2039 88849 26641 2272 5012
internal_value=0.00185842 0.000531526 0.00329479 0.00245765 0.000272634 0.000104489 0.00281713 0.00170751 0.00192625 0.00234849 0.000816128 0.00117462 0.00134734 0.000807342 0.000143363 0.000713447 0.00028092 -0.00015049 0.000379849 -0.00144035 0.0012035 0.00172208 0.00160562 0.00186256 3.88878e-05 7.08276e-05 0.000102259 -0.000286427 -0.00048976 -0.000245965
internal_weight=399601 207724 191877 63711 186599 157289 21125 34904 31257 22636 8621 29310 27208 15463 155037 24003 19597 15805 11205 4600 13135 5416 10665 9216 131034 128923 126884 38035 33925 31653
internal_count=399601 207724 191877 63711 186599 157289 21125 34904 31257 22636 8621 29310 27208 15463 155037 24003 19597 15805 11205 4600 13135 5416 10665 9216 131034 128923 126884 38035 33925 31653
cat_boundaries=0 1 2
cat_threshold=1 8
is_linear=0
shrinkage=0.08


Tree=78
num_leaves=31
num_cat=0
split_feature=45 2 3 45 31 19 34 44 44 28 3 32 13 28 14 30 45 43 28 30 33 31 18 34 30 23 3 34 45 26
split_gain=112.019 19.3584 12.4842 7.62293 3.88331 3.14915 3.14907 2.64144 2.43293 5.23785 2.4194 2.26842 2.2423 1.7645 1.74632 2.45443 1.72612 3.05888 1.70513 2.83483 1.53688 2.24822 1.44827 1.30244 1.68958 1.45824 1.22028 1.28899 1.07482 1.06038
threshold=26.975084304809574 1.0000000180025095e-35 10.082123279571535 28.905835151672367 87.71958160400392 0.42821182310581213 -6.5573730468749991 27.301537513732914 26.057066917419437 1010.5178222656251 407.59436035156256 569.53488159179699 0.58571910858154308 1009.2215576171876 1.8141787052154543 786.31250000000011 30.732134819030765 30.94681549072266 1001.1759338378907 46.687500000000007 23.566656112670902 44.795431137084968 0.82850691676139843 -7.2206726074218741 15.437500000000002 6.1723861694335946 4671.7736816406259 -6.2691955566406241 27.262450218200687 2.9633821249008183
decision_type=2 2 2 2 2 2 2 2 2 2 2 2 2 2 2 2 2 2 2 2 2 2 2 2 2 2 2 2 2 2
left_child=1 4 13 6 7 -3 10 12 -7 -10 -4 -11 -1 -2 28 -16 17 -5 19 -14 29 -22 -15 24 -23 -26 27 -6 -8 -20
right_child=2 5 3 16 26 8 14 -9 9 11 -12 -13 18 22 15 -17 -18 -19 20 -21 21 23 -24 -25 25 -27 -28 -29 -30 -31
leaf_value=0.009269119126209405 0.060254492238798092 0.026142810037367317 0.011442742535759861 0.071971260172430038 0.0047785244478482656 0.021393067410211124 0.012505881311519798 -0.027206933756040153 0.016085455352415328 0.0042635773978297025 -0.023244650841431246 -0.0099466262306337466 0.0049425041743680707 0.033908030403673309 0.03393876612904239 -0.022935962989772182 0.20499110247169114 0.00072227971302912624 0.0019325905506386504 -0.031638286722911899 0.03290865741438935 0.017887815523427341 0.012608386418798342 0.012482098861400759 -0.031973605398026884 -0.0010084799341497119 -0.011863069861745498 0.021240097776813471 0.043414614064380304 -0.0031039849483011877
leaf_weight=16452 91107 11024 6083 18901 5324 7635 2916 2441 5905 2000 2503 2731 2390 23925 3359 2053 20066 2604 65564 2017 8329 2271 2360 10019 2237 2076 2116 12444 14744 46388
leaf_count=16452 91107 11024 6083 18901 5324 7635 2916 2441 5905 2000 2503 2731 2390 23925 3359 2053 20066 2604 65564 2017 8329 2271 2360 10019 2237 2076 2116 12444 14744 46388
internal_value=0.00181327 0.000535752 0.00321629 0.00239594 0.000225414 0.00244259 0.0014599 9.44855e-05 0.00179662 0.00101296 0.000151699 -0.000969416 0.000134971 0.00372777 0.00194645 0.000687569 0.00310825 0.00260748 3.20169e-05 -0.00151506 8.19321e-05 0.000649828 0.00314661 0.000111479 -0.000761905 -0.00169049 0.00127958 0.00149578 0.00233164 -4.45865e-05
internal_weight=399984 209363 190621 73229 180068 29295 31658 160184 18271 10636 8586 4731 157743 117392 23072 5412 41571 21505 141291 4407 136884 24932 26285 16603 6584 4313 19884 17768 17660 111952
internal_count=399984 209363 190621 73229 180068 29295 31658 160184 18271 10636 8586 4731 157743 117392 23072 5412 41571 21505 141291 4407 136884 24932 26285 16603 6584 4313 19884 17768 17660 111952
is_linear=0
shrinkage=0.08


Tree=79
num_leaves=31
num_cat=2
split_feature=45 2 2 45 19 31 27 45 6 45 27 29 31 30 45 20 30 27 27 27 19 23 19 31 18 33 29 19 6 31
split_gain=108.289 17.5062 13.3175 7.73196 3.55459 2.64019 2.60563 3.42106 4.53139 2.2442 2.16437 1.99689 2.63156 3.1068 1.81673 3.22326 2.15122 1.76745 1.66269 1.54088 1.44608 1.44515 1.41943 1.3294 1.31704 1.3051 2.41884 1.2586 1.16091 1.23747
threshold=26.975084304809574 1.0000000180025095e-35 1.0000000180025095e-35 28.905835151672367 0.42175199091434484 87.71958160400392 1010.7043762207032 26.025021553039554 0 27.568328857421879 1003.9756774902345 0.0083503723144531267 74.392944335937514 776.06250000000011 31.153537750244144 1.4105407595634463 947.31250000000011 1009.5994567871095 1004.5337829589845 1018.9903869628907 0.67780673503875744 23.162212371826175 0.45432782173156744 74.86188125610353 1.3415153622627261 23.643839836120609 0.45383834838867193 0.76027005910873424 1 81.049507141113295
decision_type=2 2 2 2 2 2 2 2 1 2 2 2 2 2 2 2 2 2 2 2 2 2 2 2 2 2 2 2 1 2
left_child=1 5 3 11 -3 10 -6 -8 23 17 -1 -2 13 27 15 -5 -17 -4 24 -7 21 -12 -19 -9 -14 -22 -27 -13 -24 -30
right_child=2 4 9 14 6 19 7 8 -10 -11 20 12 18 -15 -16 16 -18 22 -20 -21 25 -23 28 -25 -26 26 -28 -29 29 -31
leaf_value=-0.019174466812537309 0.071769477195263512 0.024631576732595035 0.035385887977742815 0.079669348614815644 0.023388278679951826 0.013533534888297352 0.018893953428012297 0.023657283387110626 -0.0053736504096003326 0.082847123924962657 -0.00044256238978420689 0.040733019531142424 0.016157210841257538 -0.026281020518730523 0.21590176447741349 0.078554326186061285 -0.0094205358668272565 0.032844434941712561 0.033198069619051203 -0.0211398334918345 -0.00049074083037174861 0.016661848903609219 0.043855946929173432 0.0031139214113519334 -0.0068543834086592995 0.026712673907459412 -0.0034405593076632934 0.0048298590572991365 0.0066306006806612083 0.021022109397398011
leaf_weight=3301 2715 10165 16759 19205 4578 17762 6295 2112 3581 75093 4895 2270 5397 2226 17416 4144 3106 8566 13947 2188 118563 7448 2147 2626 2124 14484 11531 4950 6252 4315
leaf_count=3301 2715 10165 16759 19205 4578 17762 6295 2112 3581 75093 4895 2270 5397 2226 17416 4144 3106 8566 13947 2188 118563 7448 2147 2626 2124 14484 11531 4950 6252 4315
internal_value=0.00175106 0.000495736 0.00313073 0.00232228 0.00230694 0.000200508 0.00166483 0.00114168 7.63598e-05 0.00368429 9.24161e-05 0.00140896 0.00122546 0.000112521 0.0030219 0.00260193 0.00116253 0.00318106 0.00171487 0.00106814 0.000135117 0.000965919 0.00269422 0.00169651 0.000754747 6.41271e-05 0.000577137 0.000918396 0.00215467 0.00180108
internal_weight=400161 209529 190632 77500 29357 180172 19192 14614 8319 113132 160222 33629 30914 9446 43871 26455 7250 38039 21468 19950 156921 12343 21280 4738 7521 144578 26015 7220 12714 10567
internal_count=400161 209529 190632 77500 29357 180172 19192 14614 8319 113132 160222 33629 30914 9446 43871 26455 7250 38039 21468 19950 156921 12343 21280 4738 7521 144578 26015 7220 12714 10567
cat_boundaries=0 1 2
cat_threshold=10 2
is_linear=0
shrinkage=0.08


Tree=80
num_leaves=31
num_cat=9
split_feature=45 17 5 5 45 14 27 31 30 5 41 14 5 5 5 27 23 34 18 5 24 45 41 43 34 5 41 37 5 14
split_gain=105.743 18.0684 15.0105 6.24931 4.31179 5.57007 3.68445 2.86203 6.99502 3.30877 2.61695 2.6071 5.08644 2.42089 2.22876 2.73932 2.01838 1.85076 1.88145 1.6528 1.52831 1.48446 2.11857 2.02605 2.03823 1.62148 1.60945 1.39343 1.2808 1.25424
threshold=27.020914077758793 0.6885550618171693 0 1 30.358722686767582 1.8286156654357912 1012.8108825683595 71.015319824218764 765.56250000000011 2 27.550858497619632 1.053937613964081 3 4 5 1011.2625427246095 26.424629211425785 -7.2206726074218741 1.2424356937408449 6 26.306488037109379 23.117721557617191 24.771409988403324 27.115560531616214 -6.1772155761718741 7 24.433707237243656 -0.58586883544921864 8 0.83360412716865551
decision_type=2 8 9 9 2 2 2 2 2 9 2 2 9 9 9 2 2 2 2 9 2 2 2 2 2 9 2 2 9 2
left_child=1 3 4 6 5 17 -1 8 -7 -9 14 12 20 16 15 -4 -13 18 -2 -19 -3 26 25 24 -24 -23 -15 -6 -26 -12
right_child=2 11 10 -5 27 7 -8 9 -10 -11 29 13 -14 21 -16 -17 -18 19 -20 -21 -22 22 23 -25 28 -27 -28 -29 -30 -31
leaf_value=0.013461661650465858 0.028379126333380956 0.00047179682987941038 0.024924754641743249 0.020944504264074161 0.06650555523703848 0.016881893116224456 -0.01001171256439754 -0.010653715094599782 -0.082059427293384501 0.038234252986048226 0.069598753081737005 -0.0029552251764930659 0.013280834198774261 0.0019761188068710897 0.031594799800923383 -0.0008996911914275975 -0.028699276434855141 0.02532501979128721 -0.0072182380142179429 0.055244563965415869 -0.015564340595247788 0.0039730427147971091 -0.0068944067379394548 -0.026677684310213955 0.00037293124144497373 0.041216602186494818 -0.011076339188414231 0.16294898133483174 0.019263216443741623 0.075018480446786634
leaf_weight=6425 3399 2900 9823 20596 2636 3359 2538 2495 2067 3937 71121 29491 13911 103509 29046 2691 2013 9127 2211 10690 2017 3913 3693 2049 4170 7066 2136 9685 5691 25094
leaf_count=6425 3399 2900 9823 20596 2636 3359 2538 2495 2067 3937 71121 29491 13911 103509 29046 2691 2013 9127 2211 10690 2017 3913 3693 2049 4170 7066 2136 9685 5691 25094
internal_value=0.0017181 0.000494758 0.00310284 0.00232933 0.00190755 0.00147848 0.000562396 4.65117e-05 -0.00130537 0.00118721 0.00353264 0.000197602 0.00108886 9.50527e-05 0.00300024 0.00209797 -0.000534957 0.00214601 0.00086121 0.0025091 -0.00112052 0.000245208 0.000779483 0.000180106 0.000534946 0.00163036 0.000110738 0.00320526 0.00113504 0.00376264
internal_weight=399499 212118 187381 29559 49606 37285 8963 11858 5426 6432 137775 182559 18828 163731 41560 12514 31504 25427 5610 19817 4917 132227 26582 15603 13554 10979 105645 12321 9861 96215
internal_count=399499 212118 187381 29559 49606 37285 8963 11858 5426 6432 137775 182559 18828 163731 41560 12514 31504 25427 5610 19817 4917 132227 26582 15603 13554 10979 105645 12321 9861 96215
cat_boundaries=0 32 58 87 116 148 180 206 238 267
cat_threshold=0 0 0 128 0 0 0 0 0 114688 0 0 37486592 0 0 1071644672 0 0 3791650816 3 0 2147483648 33 0 0 7 0 0 32 0 0 4096 276 0 0 1920 0 0 29696 0 0 2113536 0 0 1572864 0 0 549453824 0 0 3221225472 3 0 2952790016 56 0 0 37 0 0 0 128 0 0 0 0 0 114688 0 0 2621440 0 0 465567744 0 0 0 0 0 0 32 0 0 4 0 0 32 20 0 0 0 0 0 24576 0 0 1171456 0 0 0 0 0 134217728 0 0 0 3 0 2147483648 27 0 0 416 0 0 48 24 0 0 0 0 0 7168 0 0 2228224 0 0 62980096 0 0 271581184 0 0 2264924160 0 0 0 16 0 0 0 0 0 4224 0 0 69888 795 0 0 320 0 0 3072 0 0 2359296 0 0 25165824 0 0 0 0 0 0 0 0 1879048192 0 0 0 0 0 0 0 0 0 256 0 0 0 128 0 0 0 0 0 32768 0 0 35389440 0 0 268435456 0 0 3221225472 3 0 2147483648 1 0 0 5 0 0 0 64 0 0 0 0 0 8192 0 0 524288 0 0 29360128 0 0 402653184 3 0 0 3 0 0 0 0 0 256 0 0 8192 0 0 0 64 0 0 0 0 0 1679360 0 0 2228224 0 0 536870912 0 0 1610612736 3 0 0 32 0 0 3 0 0 48
is_linear=0
shrinkage=0.08


Tree=81
num_leaves=31
num_cat=1
split_feature=45 2 3 45 28 44 21 6 3 34 41 20 23 45 13 45 21 30 40 34 28 37 20 36 28 40 27 34 33 41
split_gain=100.2 19.0769 14.1467 7.04973 4.01469 3.16199 2.94194 3.49719 2.76291 3.02718 2.42984 2.4243 2.41429 2.27549 1.99581 1.55454 1.55218 1.60226 1.31198 1.17592 1.66772 1.15824 1.17256 1.1565 1.15482 1.86381 1.72239 2.74745 1.84425 3.46877
threshold=27.109156608581547 1.0000000180025095e-35 10.082123279571535 30.046763420104984 1009.3134155273439 26.00065898895264 0.41848884522914892 0 290.15364074707037 -6.6523742675781241 27.189777374267582 1.5976700186729433 27.406639099121097 27.568328857421879 0.58571910858154308 27.875782966613773 0.55111047625541698 320.31250000000006 2.0303101539611821 -5.7536621093749991 1015.3740844726564 -0.38015747070312494 1.7394835352897646 109.61866378784181 1001.1759338378907 2.1642084121704106 1010.6616516113282 -6.2691955566406241 15.356735706329347 24.081372261047367
decision_type=2 2 2 2 2 2 2 1 2 2 2 2 2 2 2 2 2 2 2 2 2 2 2 2 2 2 2 2 2 2
left_child=1 12 13 8 -3 -6 -7 -8 11 18 -9 15 14 16 19 -4 -2 -18 -10 -1 -21 22 -5 24 25 -16 27 -26 29 -28
right_child=2 4 3 21 5 6 7 10 9 -11 -12 -13 -14 -15 23 -17 17 -19 -20 20 -22 -23 -24 -25 26 -27 28 -29 -30 -31
leaf_value=-0.0028494129801718221 0.03132191632392417 0.021903679786489282 0.015438274195718804 0.10611085981106971 0.019842695164657875 0.016294884707976146 -0.0050298634385352661 0.016985232057287938 -0.0134200583383835 0.025244598274546726 -0.0022814885877013029 -0.0039112046596745031 -0.027862920828255318 0.071257210498523807 -0.021700521128484564 0.04786830372658351 0.0046081835172146826 0.023304220380662408 0.010486196936666531 0.014718597592614497 -0.0020771209749853 0.14592152912516326 0.044112498668719143 0.012683095918828869 -0.0015221796924173101 0.0027256339973196538 -0.0035562873510402541 0.01968857496133913 0.0019968725231436831 -0.022552331928309143
leaf_weight=3035 20273 13488 6386 5287 8427 4069 3669 3713 3719 10404 2888 2536 2067 78646 2156 19913 2985 8277 2015 14397 3495 18470 2192 5849 12218 3039 26042 13987 94328 2040
leaf_count=3035 20273 13488 6386 5287 8427 4069 3669 3713 3719 10404 2888 2536 2067 78646 2156 19913 2985 8277 2015 14397 3495 18470 2192 5849 12218 3039 26042 13987 94328 2040
internal_value=0.00166782 0.000516123 0.00305981 0.00217797 0.00219215 0.00154303 0.000819291 9.72764e-05 0.00157153 0.000732722 0.0011968 0.00204056 0.000183354 0.00362719 0.000214534 0.00226827 0.00305025 0.00229312 -0.00074234 0.000948942 0.00119584 0.00322801 0.00238163 0.00011822 7.61931e-05 -0.0010951 0.000117208 0.000705703 -8.82198e-06 -0.000577816
internal_weight=400010 218907 181103 70922 36254 22766 14339 10270 44973 16138 6601 28835 182653 110181 180586 26299 31535 11262 5734 20927 17892 25949 7479 159659 153810 5195 148615 26205 122410 28082
internal_count=400010 218907 181103 70922 36254 22766 14339 10270 44973 16138 6601 28835 182653 110181 180586 26299 31535 11262 5734 20927 17892 25949 7479 159659 153810 5195 148615 26205 122410 28082
cat_boundaries=0 1
cat_threshold=1
is_linear=0
shrinkage=0.08


Tree=82
num_leaves=31
num_cat=8
split_feature=2 23 34 5 5 21 30 18 44 30 5 34 23 5 24 21 44 5 26 36 31 5 44 18 24 15 21 5 5 20
split_gain=90.4043 26.5538 11.5146 6.40462 6.0436 4.47314 4.27669 8.49421 4.23754 5.65987 3.29797 3.184 3.40766 2.68639 2.28295 2.16147 1.56546 1.99097 2.05091 1.44571 1.39278 2.21 1.36461 1.65149 1.79113 1.32818 1.27684 1.72874 1.26504 1.61196
threshold=1.0000000180025095e-35 28.307857513427738 0.31164550781250006 0 1 0.45047985017299658 1645.4375000000002 1.3663926124572756 26.057066917419437 362.06250000000006 2 -6.5573730468749991 23.341701507568363 3 37.528106689453132 1.0162957310676577 27.408617019653324 4 6.1761934757232675 46.347141265869148 71.015319824218764 5 17.657257080078129 2.2726978063583378 25.374343872070316 0.83702829480171215 0.55551314353942882 6 7 1.8043996095657351
decision_type=2 2 2 9 9 2 2 2 2 2 9 2 2 9 2 2 2 9 2 2 2 9 2 2 2 10 2 9 9 2
left_child=1 10 16 5 6 -4 14 -8 -7 -10 11 13 22 -1 15 -3 17 18 19 -2 21 -17 -13 -24 -25 -5 -12 -28 29 -14
right_child=2 4 3 25 -6 8 7 -9 9 -11 26 12 28 -15 -16 20 -18 -19 -20 -21 -22 -23 23 24 -26 -27 27 -29 -30 -31
leaf_value=-0.0163315986027893 0.012073411811967028 0.053781256051296994 0.017630420230774435 0.020771714712448743 0.085576891336717739 0.015660789335079812 0.041643645789357454 -0.076873189087997201 -0.014578134598408543 0.0049928122377646007 0.012020219899618347 0.011950114847386674 0.033774056466213363 0.0095291109273170933 0.21158527640580166 -0.024649049940135347 0.058764131252272665 0.028046987568085151 0.023449140338473173 -0.0016285635175223073 0.030555655124544223 0.023833417970544137 0.0059784396545965257 -0.013234217575043008 0.0016805558821100372 0.0037855945074062093 -0.013737745170689855 0.0012752710183517814 0.011185292462034886 0.0013548086175970565
leaf_weight=3918 3616 5884 4109 19868 29417 2062 2471 2083 2974 2145 4259 7359 11698 3687 4170 2142 74082 21439 7623 2116 3807 3715 7470 4046 3874 2162 2619 132986 19790 2033
leaf_count=3918 3616 5884 4109 19868 29417 2062 2471 2083 2974 2145 4259 7359 11698 3687 4170 2142 74082 21439 7623 2116 3807 3715 7470 4046 3874 2162 2619 132986 19790 2033
internal_value=0.00162753 0.000733194 0.00324645 0.00194419 0.0023158 0.000392573 0.00137856 -0.000829097 -0.00081157 -0.00204406 0.000316056 0.000792237 0.001 -0.00074327 0.00188929 0.00144183 0.00364477 0.00319894 0.00242093 0.00127621 0.000704569 -7.02232e-05 0.000244123 -0.000184415 -0.000988651 0.00273742 9.84817e-05 5.55987e-05 0.00151275 0.00210341
internal_weight=399624 257428 142196 33320 53689 11290 24272 4554 7181 5119 203739 63875 56270 7605 19718 15548 108876 34794 13355 5732 9664 5857 22749 15390 7920 22030 139864 135605 33521 13731
internal_count=399624 257428 142196 33320 53689 11290 24272 4554 7181 5119 203739 63875 56270 7605 19718 15548 108876 34794 13355 5732 9664 5857 22749 15390 7920 22030 139864 135605 33521 13731
cat_boundaries=0 26 55 87 119 145 171 184 210
cat_threshold=30 0 0 1792 0 0 28672 0 0 2621440 0 0 8388608 0 0 268435456 0 0 0 0 0 0 0 0 0 128 0 0 0 0 0 0 0 0 0 1081344 0 0 18808832 0 0 870318080 0 0 3825205248 3 0 2147483648 33 0 0 7 0 0 32 12 0 0 384 0 0 2048 0 0 3203072 0 0 36962304 0 0 799014912 0 0 939524096 0 0 3758096384 0 0 0 6 0 0 0 0 0 41472 0 0 0 0 0 0 2048 0 0 2113536 0 0 3407872 0 0 545259520 0 0 0 0 0 2147483648 0 0 0 4 0 0 0 0 0 32768 831 0 0 224 0 0 512 0 0 2097152 0 0 6291456 0 0 402653184 0 0 0 0 0 0 0 0 0 128 0 0 0 0 0 0 0 0 0 0 0 0 1572864 0 0 8388608 0 0 3288334336 0 0 0 1 0 0 4 16 0 0 64 0 0 4096 0 0 131072 0 0 4390912 4 0 0 0 0 0 0 0 0 0 0 0 1310720 0 0 662700032 0 0 0 0 0 3758096384 0 0 0 6
is_linear=0
shrinkage=0.08


Tree=83
num_leaves=31
num_cat=11
split_feature=45 14 17 45 5 45 5 6 5 27 5 5 31 5 26 5 5 43 32 34 5 17 20 45 31 6 24 24 45 27
split_gain=94.338 15.5826 14.3402 7.93728 6.33171 4.54646 4.30705 3.17662 3.72265 2.57395 2.4341 2.39606 2.2328 2.93006 2.16449 2.07081 2.03652 2.88218 1.8725 1.82972 2.04759 1.7158 1.70842 2.0216 1.6209 1.58002 1.52106 1.42962 1.42925 1.66332
threshold=26.975084304809574 0.9543425738811494 0.65806204080581676 30.732134819030765 0 27.606508255004886 1 2 3 1012.7457580566407 4 5 87.71958160400392 6 6.3152894973754892 7 8 26.203628540039066 543.97961425781261 -7.8303527832031241 9 1.2777395844459536 1.4314094185829165 27.832033157348636 40.643161773681648 10 26.700958251953129 -9.6332702636718732 21.599944114685062 1005.8596191406251
decision_type=2 2 8 2 9 2 9 1 9 2 9 9 2 9 2 9 9 2 2 2 9 8 2 2 2 1 2 2 2 2
left_child=2 5 6 4 7 11 9 19 -9 -1 -4 -2 16 -14 25 -6 17 21 -19 20 -3 -12 23 -17 -23 -13 27 -26 -18 -30
right_child=1 3 10 -5 15 -7 -8 8 -10 -11 12 14 13 -15 -16 22 28 18 -20 -21 -22 24 -24 -25 26 -27 -28 -29 29 -31
leaf_value=0.011183671817099975 0.026680036396561212 -0.012767465779002935 0.010316855794557751 0.1485702879186622 0.050190592993649502 0.064954614428218621 0.01789928871324439 -0.040889065286354623 0.0020907062960265864 -0.006090329130340153 0.0062941509403183875 0.03090035735346865 -0.0020594752524079074 0.017790961525513588 0.021309236543944482 0.0068965758108580676 0.00024694966656290269 -0.0035037623406377416 -0.025685857759415533 0.028290275400184164 0.016519488633623874 0.0071345862490827588 -0.00076084367122376763 0.043732853634864614 -0.058807672631243028 0.0045290316204416852 -0.015941790682723736 -0.0028128234282541941 -0.0079432350486851305 0.0080944232863360884
leaf_weight=5816 19525 2382 2464 19871 9422 76855 16794 2212 4827 2456 10652 3162 7822 11221 11805 5540 91404 2067 2008 6622 2314 4444 3229 15788 2054 7193 3429 13031 2908 30786
leaf_count=5816 19525 2382 2464 19871 9422 76855 16794 2212 4827 2456 10652 3162 7822 11221 11805 5540 91404 2067 2008 6622 2314 4444 3229 15788 2054 7193 3429 13031 2908 30786
internal_value=0.00157678 0.00286369 0.000404192 0.00193677 0.00141948 0.00342809 0.00219907 0.000221364 -0.00111121 0.000700434 0.000159957 0.00275381 0.000125953 0.000945363 0.00217854 0.00206583 3.00505e-05 -0.000485347 -0.00249204 0.00105063 -0.000156396 -0.000241523 0.00167588 0.00193608 -0.000630791 0.00133333 -0.000960052 -0.000613448 0.000185361 0.000630667
internal_weight=400103 190747 209356 72207 52336 118540 25066 18357 7039 8272 184290 41685 181826 19043 22160 33979 162783 37685 4075 11318 4696 33610 24557 21328 22958 10355 18514 15085 125098 33694
internal_count=400103 190747 209356 72207 52336 118540 25066 18357 7039 8272 184290 41685 181826 19043 22160 33979 162783 37685 4075 11318 4696 33610 24557 21328 22958 10355 18514 15085 125098 33694
cat_boundaries=0 29 55 56 82 95 111 143 175 207 236 237
cat_threshold=60 0 0 320 0 0 5632 0 0 81920 0 0 851968 0 0 62914560 0 0 3221225472 2 0 268435456 33 0 0 7 0 0 32 22 0 0 1920 0 0 162816 0 0 16384 0 0 34340864 0 0 939524096 0 0 3221225472 3 0 2147483648 41 0 0 39 5 56 0 0 320 0 0 512 0 0 0 0 0 0 0 0 4194304 0 0 2147483648 0 0 0 1 0 0 6 482 0 0 15664 0 0 256 0 0 262144 0 0 65536 64 0 0 12800 0 0 259840 0 0 3878912 0 0 26148864 0 0 68157440 4 0 0 0 0 0 1024 0 0 1114112 0 0 9568256 0 0 269484032 0 0 3321888768 1 0 3221225472 15 0 0 223 0 0 1584 0 0 16384 384 0 0 0 0 0 245760 0 0 1191936 0 0 33554432 0 0 0 0 0 486539264 0 0 1610612736 0 0 0 0 0 0 0 0 0 4352 29 0 0 512 0 0 156672 0 0 3842048 0 0 20971520 0 0 24117248 0 0 83886080 0 0 0 18 0 0 512 0 0 8320 0 0 102656 0 0 0 0 0 0 0 0 0 65536 0 0 786432 0 0 29360128 0 0 0 0 0 0 33 0 0 0 0 0 32 3
is_linear=0
shrinkage=0.08


Tree=84
num_leaves=31
num_cat=12
split_feature=45 5 21 5 21 14 30 5 6 43 45 29 5 45 5 5 44 5 19 17 5 28 30 5 17 5 28 5 19 24
split_gain=89.3151 17.3454 15.0774 3.97402 3.52874 3.52228 4.71656 4.50395 3.46364 4.49598 3.38481 3.24052 3.21971 3.21402 2.92665 2.38765 4.02014 6.0527 1.99577 1.86995 1.49836 1.44343 1.41151 2.16047 1.37143 1.33495 1.23441 1.25914 1.36856 1.20512
threshold=27.109156608581547 0 0.63035541772842418 1 0.50095316767692577 1.7131848335266116 1233.3125000000002 2 3 26.405443191528324 27.745410919189457 0.26926803588867193 4 28.101893424987797 5 6 26.784683227539066 7 1.1441886425018313 1.0046171545982363 8 1012.0965576171876 362.06250000000006 9 0.66295793652534496 10 1003.1415405273439 11 0.77831166982650768 26.381027221679691
decision_type=2 9 2 9 2 2 2 9 1 2 2 2 9 2 9 9 2 9 2 10 9 2 2 9 8 9 2 9 2 2
left_child=2 5 3 -1 -3 13 11 -8 9 29 12 -7 -6 26 -13 19 24 -18 -16 -4 -12 25 23 -14 -17 -10 -2 28 -28 -5
right_child=1 4 15 8 10 6 7 -9 21 -11 20 14 22 -15 18 16 17 -19 -20 -21 -22 -23 -24 -25 -26 -27 27 -29 -30 -31
leaf_value=0.01493629735787144 -0.0058578844664695885 0.044453620068326337 0.012246632683964663 0.015423083225465047 -0.003353658666611364 0.08894052170088855 -0.060059856419053266 0.012601985808532491 0.0087538526731992614 -0.010736119753858473 0.058343694664794693 0.044184126388728151 -0.004675161650132674 0.054758441810580392 0.014306994812564375 0.014643488192063127 0.0020580344606104836 -0.039747992735814024 -0.030085772498728201 0.0037264372508496691 0.06525522801020231 0.00049186803807964113 0.023016035048186893 0.015505137083538836 -7.3314967898331751e-05 0.024544719583150864 0.021067758898349966 0.03792045224323929 -0.0079554816961142465 -0.0016779486835238786
leaf_weight=20673 2068 64339 10903 2248 2550 6393 2436 3267 4414 2044 16111 2972 2012 17530 2878 2684 2526 2170 2536 37171 31839 2311 12679 4225 125323 4053 2129 3101 2312 2252
leaf_count=20673 2068 64339 10903 2248 2550 6393 2436 3267 4414 2044 16111 2972 2012 17530 2878 2684 2526 2170 2536 37171 31839 2311 12679 4225 125323 4053 2129 3101 2312 2252
internal_value=0.00151489 0.00282748 0.00042658 0.00187502 0.00329434 0.0015148 0.000722624 -0.00123018 0.000978434 -0.000472882 0.00289782 0.0014765 0.00206109 0.00211271 0.000441163 0.000122066 -5.29523e-05 -0.00234934 -0.000666912 0.000604982 0.00327189 0.00185886 0.00241994 0.00143237 3.14647e-05 0.00234375 0.000935551 0.00140996 0.000538893 0.000940133
internal_weight=400149 181377 218772 37995 133755 47622 20482 5703 17322 6544 69416 14779 21466 27140 8386 180777 132703 4696 5414 48074 47950 10778 18916 6237 128007 8467 9610 7542 4441 4500
internal_count=400149 181377 218772 37995 133755 47622 20482 5703 17322 6544 69416 14779 21466 27140 8386 180777 132703 4696 5414 48074 47950 10778 18916 6237 128007 8467 9610 7542 4441 4500
cat_boundaries=0 29 45 71 72 91 117 149 181 203 225 241 264
cat_threshold=0 0 0 128 0 0 0 0 0 2211840 0 0 37486592 0 0 937426944 0 0 3825205248 3 0 2147483648 33 0 0 7 0 0 48 745 0 0 14576 0 0 131840 0 0 995328 0 0 46202880 0 0 1048576 0 0 0 0 0 0 0 0 0 114688 0 0 262144 0 0 308281344 0 0 1610612736 0 0 0 1 0 0 2 1 568 0 0 256 0 0 0 0 0 0 0 0 12582912 0 0 0 0 0 33554432 0 0 0 0 0 0 0 0 0 2129920 0 0 33554432 0 0 2097152 0 0 1610612736 3 0 2147483648 0 0 0 3 962 0 0 1152 0 0 133120 0 0 233472 0 0 983040 0 0 587202560 0 0 939524096 0 0 1073741824 32 0 0 71 0 0 16 0 0 34816 0 0 0 64 0 0 66560 0 0 8192 0 0 61865984 0 0 482344960 0 0 16777216 0 0 0 1 0 0 0 0 0 32 0 0 256 24 0 0 2048 0 0 35328 0 0 262144 0 0 16908288 0 0 134217728 0 0 33554432 0 0 1342177280 198 0 0 4160 0 0 12288 0 0 393216 0 0 16842752 0 0 134217728 0 0 0 0 0 536870912 278 0 0 0 0 0 1024 0 0 16384 0 0 2228224 0 0 134217728 0 0 0 128 0 0 0 0 0 2211840 0 0 34078720 0 0 0 0 0 3758096384 3 0 0 1
is_linear=0
shrinkage=0.08


Tree=85
num_leaves=31
num_cat=12
split_feature=45 3 16 45 5 5 45 19 5 5 5 34 5 19 42 27 30 19 31 5 22 5 45 42 5 5 20 5 27 5
split_gain=83.3037 17.4948 14.0835 9.28772 4.50424 4.10213 3.55432 3.41772 2.63551 2.57494 2.50712 2.47006 3.45216 2.40069 2.37524 2.03717 1.95187 2.14864 1.73458 2.594 2.41688 1.99564 2.28852 2.76977 3.74175 1.82626 1.64729 1.60954 1.54466 1.42297
threshold=27.149129867553714 10.082123279571535 0.64702713489532482 29.441835403442386 0 1 27.683953285217289 0.42175199091434484 2 3 4 -5.8407287597656241 5 1.1601123213768008 27.449157714843754 1012.3618164062501 87.812500000000014 1.352419435977936 86.134834289550795 6 11.228084564208986 7 24.375152587890629 25.721824645996097 8 9 0.46056760847568518 10 1009.8176879882814 11
decision_type=2 2 8 2 9 9 2 2 9 9 9 2 9 2 2 2 2 2 2 9 2 9 2 2 9 9 2 9 2 9
left_child=2 6 5 4 13 7 8 -1 26 16 -4 12 -6 -3 18 -9 -5 -18 20 -20 21 -12 29 25 -25 -24 -2 -13 -28 -23
right_child=1 3 10 9 11 -7 -8 15 -10 -11 14 27 -14 -15 -16 -17 17 -19 19 -21 -22 22 23 24 -26 -27 28 -29 -30 -31
leaf_value=0.016140908684508438 0.020604261403825149 0.0045652520901500945 0.010837978235906556 0.16303499549935169 -0.013538822221895952 0.016947670167762791 0.061132870792460457 0.0059090585299033183 0.023584302564158426 0.10904830206938551 -0.0049456884697437111 0.058534332018441521 0.023681646261338209 -0.033211747332471876 -0.023232479198980069 -0.0067975002456479444 0.048961864649120355 -0.012112971058743698 -0.0062512919038499037 0.011761499639444046 -0.020287305883631715 -0.0042715976942121177 0.0051693319893838354 -0.011846059768848232 0.0078942254452879276 0.024162365571630758 0.012293955041370846 0.018819490754295922 -0.00087755061897152882 0.0019127082834611976
leaf_weight=4727 4517 6560 2352 2827 4016 15567 71430 6924 25149 22129 2666 4965 5835 2611 2163 2942 5207 3354 5281 20400 3150 18040 4872 4423 11970 7350 3034 12656 3560 109321
leaf_count=4727 4517 6560 2352 2827 4016 15567 71430 6924 25149 22129 2666 4965 5835 2611 2163 2942 5207 3354 5281 20400 3150 18040 4872 4423 11970 7350 3034 12656 3560 109321
internal_value=0.00148655 0.00277679 0.000453515 0.00179336 0.000912668 0.00206032 0.00341727 0.001093 0.00277033 0.00275563 0.000201002 0.00142471 0.0004101 -0.000621913 0.000168642 0.000245444 0.00176999 0.00116719 0.000199122 0.000809778 0.00010215 0.000145778 0.000182979 0.000829345 0.000149485 0.00174035 0.00173605 0.00199217 0.000929134 3.77167e-05
internal_weight=399998 177850 222148 70160 36643 30160 107690 14593 36260 33517 191988 27472 9851 9171 189636 9866 11388 8561 187473 25681 161792 158642 155976 28615 16393 12222 11111 17621 6594 127361
internal_count=399998 177850 222148 70160 36643 30160 107690 14593 36260 33517 191988 27472 9851 9171 189636 9866 11388 8561 187473 25681 161792 158642 155976 28615 16393 12222 11111 17621 6594 127361
cat_boundaries=0 29 52 72 101 108 127 159 169 201 230 259 291
cat_threshold=0 0 0 128 0 0 0 0 0 1114112 0 0 5046272 0 0 402653184 0 0 1073741824 0 0 268435456 33 0 0 7 0 0 16 286 0 0 8128 0 0 62464 0 0 802816 0 0 33816576 0 0 805306368 0 0 3221225472 1 0 0 4 827 0 0 272 0 0 0 0 0 2424832 0 0 12582912 0 0 136314880 0 0 0 1 0 0 0 64 0 0 0 0 0 0 0 0 196608 0 0 133169152 0 0 1677721600 2 0 2147483648 1 0 0 6 0 0 32 992 0 0 15632 0 0 256 0 0 0 0 0 0 2048 0 0 2277376 0 0 3276800 0 0 49283072 0 0 33554432 16 0 0 0 0 0 4096 0 0 1048576 0 0 9437184 0 0 0 0 0 3590324224 0 0 1073741824 6 0 0 255 0 0 1552 0 0 256 22 0 0 544 0 0 4608 0 0 2367488 1 0 0 128 0 0 90112 0 0 1593344 0 0 50331648 0 0 2097152 0 0 3271557120 2 0 0 35 0 0 0 0 0 0 0 0 12288 8 0 0 128 0 0 2048 0 0 98304 0 0 59244544 0 0 818937856 0 0 905969664 1 0 268435456 3 0 0 1 0 0 32 4 0 0 256 0 0 0 0 0 139264 0 0 0 0 0 32505856 0 0 520093696 0 0 536870912 0 0 0 0 0 0 32 0 0 0 192 0 0 2048 0 0 147456 0 0 65208320 0 0 264241152 0 0 83886080 0 0 1073741824 1 0 0 0 0 0 0 0 0 4352
is_linear=0
shrinkage=0.08


Tree=86
num_leaves=31
num_cat=1
split_feature=45 3 2 45 45 6 38 29 19 19 30 3 30 43 17 22 19 43 44 19 45 39 44 45 19 44 32 38 36 22
split_gain=82.0005 16.3079 14.0901 8.45411 4.29256 3.18614 3.64912 3.1124 3.82416 2.80591 3.47956 2.6773 2.08678 3.06397 2.22922 2.06344 2.48863 2.00344 1.93164 1.82133 1.52341 2.93109 2.44945 1.49624 1.30653 1.2967 1.23629 1.22757 1.18776 2.25021
threshold=27.149129867553714 10.082123279571535 1.0000000180025095e-35 30.046763420104984 27.852884292602543 0 -0.52901744842529286 0.010421752929687502 1.5938898324966433 0.52808210253715526 320.31250000000006 341.06002807617193 565.06250000000011 25.751732826232914 0.49841488897800451 0.035762786865234382 1.1391890048980715 26.601817131042484 27.538824081420902 0.91166290640831005 24.242400169372562 0.97809565067291271 25.728669166564945 28.124294281005863 0.68040671944618236 24.328988075256351 577.22348022460949 0.79117739200592052 41.99266433715821 11.711597442626955
decision_type=2 2 2 2 2 1 2 2 2 2 2 2 2 2 10 2 2 2 2 2 2 2 2 2 2 2 2 2 2 2
left_child=2 4 18 7 9 28 -7 -3 11 -2 -11 23 13 -8 -15 -5 -17 -16 20 -13 25 22 24 -9 -22 -1 -26 -18 -4 -30
right_child=1 3 5 15 -6 6 12 8 -10 10 -12 19 -14 14 17 16 27 -19 -20 -21 21 -23 -24 -25 26 -27 -28 -29 29 -31
leaf_value=0.00047671372195618334 0.023713451190212061 0.069125460527324989 0.019942713265739993 0.16073346452350187 0.066736943219688025 0.012387971491710701 0.012468553940465069 0.0087474272529934234 -0.025887944501201215 -0.0004952925195653823 0.018082871694458318 0.022198386683111453 0.010446766974900868 0.0029980044243109205 -0.010296863308504371 0.08198001349294852 -0.00975915848261758 -0.0022932705541775333 -0.021574356953925431 -0.0097087943603345727 0.020899919674516713 0.029325353704432736 -0.0032223073459100144 0.030787467678817817 0.010856079397001036 -0.017771574689058416 -0.01028333384158275 0.045253551730241946 -0.00070547320931857156 0.018304020798998517
leaf_weight=141793 28834 3685 9936 16586 62013 11808 2484 9182 2720 3925 13223 4144 2640 3233 2061 4566 2708 2528 2228 5844 3632 6784 15995 18654 7996 2251 2519 2092 2032 2344
leaf_count=141793 28834 3685 9936 16586 62013 11808 2484 9182 2720 3925 13223 4144 2640 3233 2061 4566 2708 2528 2228 5844 3632 6784 15995 18654 7996 2251 2519 2092 2032 2344
internal_value=0.00141741 0.00269597 0.000392381 0.00174615 0.00331299 0.00177152 0.00121967 0.00107317 0.000870346 0.00272587 0.00191351 0.00107882 0.000292066 -0.000222567 -0.001 0.00289223 0.00193942 -0.00213177 9.82054e-05 -4.48089e-05 0.000127086 0.000585445 0.000247015 0.00148186 0.00101349 9.55208e-06 0.00056057 0.000665281 0.00272174 0.0016197
internal_weight=400440 178176 222264 70181 107995 39066 24754 44229 40544 45982 17148 37824 12946 10306 7822 25952 9366 4589 183198 9988 180970 36926 30142 27836 14147 144044 10515 4800 14312 4376
internal_count=400440 178176 222264 70181 107995 39066 24754 44229 40544 45982 17148 37824 12946 10306 7822 25952 9366 4589 183198 9988 180970 36926 30142 27836 14147 144044 10515 4800 14312 4376
cat_boundaries=0 1
cat_threshold=6
is_linear=0
shrinkage=0.08


Tree=87
num_leaves=31
num_cat=9
split_feature=45 2 2 45 28 5 5 5 29 19 45 19 5 5 30 22 5 22 32 5 45 41 41 41 28 5 19 30 5 23
split_gain=77.0518 16.209 15.8216 7.74095 4.42503 4.58657 4.33311 4.28755 3.44022 2.7073 2.62279 2.5614 2.58962 2.26888 2.26344 2.14746 2.75871 1.71919 1.6236 5.69003 1.90744 2.90948 1.84513 1.61334 1.55675 1.51708 1.48748 1.92022 2.76955 1.47349
threshold=27.280554771423343 1.0000000180025095e-35 1.0000000180025095e-35 31.388112068176273 1008.4996948242189 0 1 2 0.010421752929687502 0.42372940480709081 28.124294281005863 1.1441886425018313 3 4 539.18750000000011 4.318714141845704 5 0.1959800720214844 684.01358032226574 6 23.29136943817139 23.959451675415043 24.202914237976078 27.605217933654789 1010.2690429687501 7 1.1391890048980715 601.56250000000011 8 25.721824645996097
decision_type=2 2 2 2 2 9 9 9 2 2 2 2 9 9 2 2 9 2 2 9 2 2 2 2 2 9 2 2 9 2
left_child=2 3 13 6 -3 14 8 -4 -2 -9 17 -10 -13 18 -6 16 24 -8 20 -20 22 -22 -1 25 -11 -7 -12 -28 -29 -15
right_child=1 4 7 -5 5 23 10 9 11 15 26 12 -14 29 -16 -17 -18 -19 19 -21 21 -23 -24 -25 -26 -27 27 28 -30 -31
leaf_value=0.0046917814385227258 0.10072749619682096 0.043357604527986648 0.01300130973539218 0.16340537737741184 -0.0070668071099524478 0.0091243109218615975 0.032819746592903126 0.012661365519027107 0.012949823620930084 -0.00034996758938903472 0.052151850360674212 0.0048561647717600956 -0.026559670942550979 -0.00036475307278410952 0.012688249909542069 0.0086385490989975052 0.0034241155207510149 -0.0016756732953655195 -0.028114962763947038 0.0064117451637730099 0.048161387874796249 0.0061332961172524203 -0.009187747085408992 0.041535835132872352 -0.013134580415909307 0.02743597189997982 0.070320163056698984 0.033453059069650563 -0.028783431141873015 -0.010328389188370757
leaf_weight=33084 2191 66337 19138 15858 2005 5331 3267 7924 12886 2004 15550 4391 3822 102495 3395 6299 10251 4945 2243 12921 4854 16880 2014 14275 2025 3389 3839 3228 2093 11060
leaf_count=33084 2191 66337 19138 15858 2005 5331 3267 7924 12886 2004 15550 4391 3822 102495 3395 6299 10251 4945 2243 12921 4854 16880 2014 14275 2025 3389 3839 3228 2093 11060
internal_value=0.00136813 0.00268091 0.000429019 0.00177636 0.00336881 0.00253124 0.00133556 0.00172932 0.000499357 0.00110549 0.00192605 0.000185513 -0.000917913 9.50847e-05 0.000428044 0.000621497 7.83766e-05 0.000686938 0.000446345 -0.000288915 0.000642624 0.00123142 0.000277772 0.00302325 -0.00169029 0.00216266 0.00233819 0.00152672 0.000540987 -0.000127669
internal_weight=399994 166802 233192 72070 94732 28395 56212 47641 23290 28503 32922 21099 8213 185551 5400 20579 14280 8212 71996 15164 56832 21734 35098 22995 4029 8720 24710 9160 5321 113555
internal_count=399994 166802 233192 72070 94732 28395 56212 47641 23290 28503 32922 21099 8213 185551 5400 20579 14280 8212 71996 15164 56832 21734 35098 22995 4029 8720 24710 9160 5321 113555
cat_boundaries=0 16 45 61 90 122 138 164 177 199
cat_threshold=192 0 0 2304 0 0 49152 0 0 327680 0 0 10485760 0 0 1048576 0 0 0 0 0 0 0 0 0 1114112 0 0 23003136 0 0 333447168 0 0 3221225472 2 0 2415919104 1 0 0 7 0 0 48 224 0 0 12432 0 0 66816 0 0 208896 0 0 19070976 0 0 134217728 0 0 0 0 0 0 0 0 0 0 0 0 131072 0 0 58720256 0 0 0 2 0 2147483648 0 0 0 3 0 0 16 4 0 0 384 0 0 0 0 0 57344 0 0 35389440 0 0 666894336 0 0 805306368 0 0 3758096384 48 0 0 103 0 0 1040 0 0 10240 12 0 0 1568 0 0 24576 0 0 2097152 0 0 0 0 0 268435456 0 0 0 128 0 0 0 0 0 8192 0 0 35389440 0 0 29360128 0 0 268435456 0 0 2684354560 32 0 0 4 803 0 0 5728 0 0 208896 0 0 1048576 0 0 16908288 0 0 0 0 0 0 0 0 0 0 0 0 33554432 0 0 68157440 0 0 402653184 0 0 1610612736
is_linear=0
shrinkage=0.08


Tree=88
num_leaves=31
num_cat=9
split_feature=2 41 28 5 5 29 43 19 5 5 13 19 37 18 18 27 27 36 41 22 5 38 5 40 5 20 29 5 5 34
split_gain=68.4651 19.7176 14.8588 5.38294 4.76123 4.00339 3.70197 3.4808 3.19992 3.19771 3.05412 2.91602 2.89796 2.36134 2.13718 2.03674 1.94516 2.17719 1.87737 1.85894 3.71901 1.78075 1.73565 1.40551 1.92623 1.8252 2.76699 4.12607 2.69922 1.94695
threshold=1.0000000180025095e-35 28.629814147949222 1009.1353149414064 0 1 0.058483123779296882 27.328972816467289 0.42175199091434484 2 3 0.34765012562274938 0.86718329787254345 -1.2172355651855467 0.82850691676139843 2.1656663417816167 1016.9002380371095 1008.7816467285157 43.354511260986335 27.430541038513187 0.20456314086914065 4 -0.71156883239746083 5 3.0500864982604985 6 1.3629429936408999 1.0000000180025095e-35 7 8 -7.8303527832031241
decision_type=2 2 2 9 9 2 2 2 9 9 2 2 2 2 2 2 2 2 2 2 9 2 9 2 9 2 2 9 9 2
left_child=1 8 6 7 5 -3 9 -4 -1 16 -9 12 -10 -12 -7 22 -2 -18 -5 -6 21 -21 -14 25 -25 28 -27 -28 -13 -30
right_child=2 4 3 18 19 14 -8 10 11 -11 13 23 15 -15 -16 -17 17 -19 -20 20 -22 -23 -24 24 -26 26 27 -29 29 -31
leaf_value=-0.0014934940529280566 0.012828159289496051 0.14801147161116052 0.014522545363176575 0.0092139352365842274 0.10673202940966622 0.010778199840818061 0.040269478363604179 -0.007759404718525092 -0.014303209847997827 0.0178096816085371 0.0063094022364593083 -0.00083818233676744816 0.02914135498406159 -0.0083441113440012333 -0.04338019973987562 -0.003206367704488935 0.0081442197492386983 -0.0056379590816019159 0.026737719167553863 -0.024642210781636448 0.042819576017582676 0.027923182259701553 0.01007745387399459 0.019343771304342009 0.0031942203138235446 0.016585827684348343 -0.021700600456929977 -0.0009846241438642401 -0.0051582271799202883 0.020622883483196266
leaf_weight=82528 3129 2698 5906 15594 17650 7325 70726 3532 2366 15990 9837 20406 10292 2202 2417 3442 2460 2330 10867 2027 11060 2274 17485 10036 17606 5043 7847 22464 2739 10133
leaf_count=82528 3129 2698 5906 15594 17650 7325 70726 3532 2366 15990 9837 20406 10292 2202 2417 3442 2460 2330 10867 2027 11060 2274 17485 10036 17606 5043 7847 22464 2739 10133
internal_value=0.00133451 0.000556576 0.00274122 0.00159323 0.00206867 0.000731942 0.00332252 0.000650696 0.000232904 0.0024598 2.33619e-05 0.000480416 0.00112219 0.000630426 -2.37899e-05 0.00132684 0.00113818 0.000125 0.00235656 0.00257104 0.00192596 -7.31311e-05 0.00155425 0.000256491 0.00073803 6.24691e-05 -0.000337744 -0.000626496 0.000487623 0.00139373
internal_weight=400411 257838 142573 47938 45451 12440 94635 21477 212387 23909 15571 129859 33585 12039 9742 31219 7919 4790 26461 33011 15361 4301 27777 96274 27642 68632 35354 30311 33278 12872
internal_count=400411 257838 142573 47938 45451 12440 94635 21477 212387 23909 15571 129859 33585 12039 9742 31219 7919 4790 26461 33011 15361 4301 27777 96274 27642 68632 35354 30311 33278 12872
cat_boundaries=0 16 42 74 100 129 158 190 219 248
cat_threshold=222 0 0 1792 0 0 126976 0 0 2883584 0 0 8388608 0 0 268435456 0 0 0 0 0 0 0 0 0 0 0 0 16973824 0 0 601882624 0 0 2214592512 0 0 2147483648 1 0 0 7 16 0 0 64 0 0 5120 0 0 131072 0 0 21168128 0 0 268435456 0 0 3221225472 2 0 0 23 0 0 688 0 0 7104 0 0 115456 913 0 0 6192 0 0 512 0 0 0 0 0 4194304 0 0 134217728 0 0 0 0 0 0 0 0 0 128 0 0 0 0 0 0 3072 0 0 114688 0 0 2883584 0 0 1048576 0 0 50331648 0 0 268435456 0 0 0 0 0 0 32 0 0 0 0 0 0 0 0 0 98304 0 0 1048576 0 0 166723584 0 0 184549376 0 0 3489660928 8 0 0 1 0 0 16 0 0 0 128 0 0 2048 0 0 114688 0 0 0 0 0 760217600 0 0 1056964608 1 0 1610612736 32 0 0 4 0 0 16 0 0 8192 0 0 0 0 0 0 0 0 0 0 0 0 786432 0 0 230686720 0 0 452984832 0 0 2684354560 0 0 0 2 0 0 16 0 0 0 128 0 0 2048 0 0 2211840 0 0 36700160 0 0 571473920 0 0 973078528 1 0 3221225472 8 0 0 320 0 0 32
is_linear=0
shrinkage=0.08


Tree=89
num_leaves=31
num_cat=2
split_feature=14 23 43 21 26 7 29 6 31 19 23 28 35 29 0 25 28 34 27 0 6 29 7 0 16 31 23 31 27 16
split_gain=62.8168 16.0006 15.279 7.17012 6.15452 4.08352 3.28667 3.24255 3.867 2.81293 3.65433 2.64966 2.45477 2.31907 2.63815 2.3058 4.45445 2.23111 5.29433 3.68761 2.60592 3.48179 3.30835 3.34026 2.58228 2.50015 2.12634 2.50697 2.00941 1.88804
threshold=0.92603698372840892 28.657581329345707 27.836079597473148 0.43017539381980902 7.5415465831756601 1.5000000000000002 0.020587921142578128 0 83.180595397949233 1.5938898324966433 33.01243972778321 1010.5684204101564 23.760318756103519 0.76412582397460949 12.750000000000002 4.7344377040863046 1010.8690795898439 -6.1772155761718741 1011.4142456054689 20.250000000000004 1 0.76412582397460949 2.5000000000000004 21.750000000000004 0.98866170644760143 78.540828704833999 30.63474273681641 71.015319824218764 1012.1988830566407 0.99861520528793346
decision_type=2 2 2 2 2 2 2 1 2 2 2 2 2 2 2 2 2 2 2 2 1 2 2 2 8 2 2 2 2 10
left_child=2 12 3 -1 7 -3 -7 -5 13 26 -11 -6 17 15 -15 -9 -17 19 -19 -2 21 22 -20 -24 -22 -23 27 -8 -26 -30
right_child=1 5 -4 4 11 6 9 8 -10 10 -12 -13 -14 14 -16 16 -18 18 20 -21 24 25 23 -25 28 -27 -28 -29 29 -31
leaf_value=0.017573609190357199 -0.017489347911412614 0.075383615445133986 0.051240711277367942 0.020010661167514408 0.020849442275698279 0.12212802210168625 -0.011536597880766339 0.0065586403604264874 0.0086412557412364165 -0.031889455319515328 0.076716977241834947 0.0020145697885898591 0.017082455359013572 -0.009139409484816766 0.0069560221512063461 0.0049662870913415261 -0.0095504498468583308 0.01340520664784777 0.0031453954316179528 -0.0016335257665015344 0.020025046462332559 -0.031418408367955723 -0.017389117439553421 -0.0077347456228279718 -0.012848209234131411 -0.011190133519862902 0.056242183784885047 0.018214050931901222 -0.010742852923004982 0.0068123519890582306
leaf_weight=28701 2461 15364 60440 7522 13830 4502 3478 10350 15666 3613 2035 2485 5544 3682 2077 3677 2586 34293 29379 44635 6650 2022 2456 12275 3977 2904 8517 8969 4503 51468
leaf_count=28701 2461 15364 60440 7522 13830 4502 3478 10350 15666 3613 2035 2485 5544 3682 2077 3677 2586 34293 29379 44635 6650 2022 2456 12275 3977 2904 8517 8969 4503 51468
internal_value=0.00129018 0.000509526 0.00257746 0.00191977 0.0014346 0.00184805 0.0013204 0.00095677 0.000655631 0.000981444 -0.000602333 0.00276753 0.000202333 -1.93011e-05 -0.00140128 0.000460326 -0.000750518 0.000155568 0.000306449 -0.000324714 4.75253e-05 -0.000394977 -0.000169538 -0.00114755 0.000373353 -0.00241005 0.00140822 0.000740788 0.000207345 0.000330898
internal_weight=400061 249045 151016 90576 61875 46478 31114 45560 38038 26612 5648 16315 202567 22372 5759 16613 6263 197023 149927 47096 115634 49036 44110 14731 66598 4926 20964 12447 59948 55971
internal_count=400061 249045 151016 90576 61875 46478 31114 45560 38038 26612 5648 16315 202567 22372 5759 16613 6263 197023 149927 47096 115634 49036 44110 14731 66598 4926 20964 12447 59948 55971
cat_boundaries=0 1 2
cat_threshold=2 8
is_linear=0
shrinkage=0.08


Tree=90
num_leaves=31
num_cat=12
split_feature=45 14 2 45 45 5 31 5 41 5 5 6 29 23 20 31 22 5 5 26 6 38 31 22 5 5 5 20 5 17
split_gain=66.159 16.8686 11.3655 7.93712 5.16786 5.01643 4.36153 4.19173 3.45426 3.26687 2.68994 4.07762 2.49956 2.3503 2.3488 2.46359 2.89387 2.51802 2.09016 1.98343 1.8805 1.86544 1.80314 1.96836 4.28969 1.81162 1.77599 1.74285 2.21485 1.66661
threshold=27.280554771423343 1.0947389006614687 1.0000000180025095e-35 31.388112068176273 27.985341072082523 0 83.562000274658217 1 27.060803413391117 2 3 4 0.0016670227050781252 27.599777221679691 0.89911824464797985 75.01456451416017 0.41627883911132818 5 6 5.2786710262298593 7 -0.33960247039794916 90.739406585693374 9.5028877258300799 8 9 10 0.5686042606830598 11 0.49377287924289709
decision_type=2 2 2 2 2 9 2 9 2 9 9 1 2 2 2 2 2 9 9 2 1 2 2 2 9 9 9 2 9 10
left_child=2 4 13 5 10 -3 7 8 20 -10 11 19 -7 22 -14 16 17 -16 -17 -2 -4 -5 23 25 -25 -1 -24 -6 -29 -9
right_child=1 3 6 21 27 12 -8 29 9 -11 -12 -13 14 -15 15 18 -18 -19 -20 -21 -22 -23 26 24 -26 -27 -28 28 -30 -31
leaf_value=-0.0025337200426773254 -0.01076348406108104 0.026433389803191206 0.013692368485978483 0.029870172380696839 0.065526839296183817 0.069056574013870733 0.010948260848300091 0.012451988857059343 -0.012554749651911098 0.00026274390069586171 0.020842894991374671 0.016348277432105388 0.02137227860301007 -0.023214370127759985 0.016502006570725734 -0.0099775742313645572 -0.038189893755399246 -0.024948444979287557 0.016272600561405625 0.0059694616238137009 -0.0013247595242423082 0.16340227427196033 0.0002503750221915625 -0.03482752874582247 0.00043471797735861385 0.0032521333828589979 0.016866403774484878 0.015004270271809617 0.049987685319328914 0.004672799184761013
leaf_weight=46625 2017 18137 2260 2317 39033 2003 17392 7674 2161 2189 32321 9734 6994 2026 4143 2207 3036 2981 6390 2507 3648 12803 5646 2716 6152 116212 6264 2922 17079 12420
leaf_count=46625 2017 18137 2260 2317 39033 2003 17392 7674 2161 2189 32321 9734 6994 2026 4143 2207 3036 2981 6390 2507 3648 12803 5646 2716 6152 116212 6264 2922 17079 12420
internal_value=0.00123483 0.00245242 0.000365475 0.00139303 0.00306422 0.000868914 0.00146618 0.000886898 -0.000428877 -0.00213761 0.00243311 0.00151226 0.000192122 8.23266e-05 -2.00302e-05 -0.000486599 -0.0013294 -0.000446313 0.000509818 -0.000471831 0.00083001 0.00298215 0.000112294 4.62395e-05 -0.00111376 0.000109477 0.00106376 0.00356168 0.00295058 0.00155792
internal_weight=400009 166624 233385 61011 105613 45891 47744 30352 10258 4350 46579 14258 27754 185641 25751 18757 10160 7124 8597 4524 5908 15120 183615 171705 8868 162837 11910 59034 20001 20094
internal_count=400009 166624 233385 61011 105613 45891 47744 30352 10258 4350 46579 14258 27754 185641 25751 18757 10160 7124 8597 4524 5908 15120 183615 171705 8868 162837 11910 59034 20001 20094
cat_boundaries=0 32 48 55 75 76 105 128 129 158 190 219 235
cat_threshold=0 0 0 320 0 0 131072 0 0 2236416 0 0 58851328 0 0 201326592 0 0 1056964608 1 0 1610612736 0 0 0 0 0 0 0 0 0 4352 799 0 0 1888 0 0 155648 0 0 3145728 0 0 0 0 0 268435456 540 0 0 1792 0 0 24576 251 0 0 464 0 0 0 0 0 2195456 0 0 33816576 0 0 824180736 0 0 0 2 8 0 0 0 0 0 0 2048 0 0 49152 0 0 2097152 0 0 870318080 0 0 0 0 0 0 0 0 0 3 0 0 32 0 0 0 128 0 0 2048 0 0 16384 0 0 524288 0 0 301989888 0 0 2147483648 2 0 0 33 10 28 0 0 64 0 0 1024 0 0 1114112 0 0 131072 0 0 167772160 0 0 771751936 0 0 0 56 0 0 287 0 0 11776 16 0 0 320 0 0 4096 0 0 2105344 0 0 21430272 0 0 136314880 0 0 352321536 2 0 0 23 0 0 520 0 0 4160 0 0 87296 4 0 0 0 0 0 0 0 0 1064960 0 0 5832704 0 0 269484032 0 0 3321888768 3 0 1073741824 31 0 0 4 0 0 304 128 0 0 2048 0 0 49152 0 0 2359296 0 0 33947648 0 0 268435456
is_linear=0
shrinkage=0.08


Tree=91
num_leaves=31
num_cat=12
split_feature=45 21 21 5 29 18 5 34 45 34 5 31 5 5 23 5 6 45 28 5 32 5 5 5 34 27 5 43 45 29
split_gain=59.8812 15.7602 9.18679 7.40941 4.32105 4.6152 5.21404 3.78742 3.75294 3.6381 3.66806 3.52724 4.41879 3.11127 3.15532 3.57565 2.75542 2.72543 2.63533 2.55282 2.01839 2.20301 1.99862 1.78142 1.75713 2.44991 1.71326 1.70252 1.66865 1.70157
threshold=27.207074165344242 0.54683181643486034 0.41848884522914892 0 0.2112846374511719 1.5115383267402651 1 -1.0716857910156248 27.963274955749515 -7.6213684082031241 2 84.337593078613295 3 4 25.86017990112305 5 6 24.375152587890629 1010.2690429687501 7 517.42150878906261 8 9 10 -6.9306640624999991 1019.4204101562501 11 29.020405769348148 24.0994987487793 0.73509597778320324
decision_type=2 2 2 9 2 2 9 2 2 2 9 2 9 9 2 9 1 2 2 9 2 9 9 9 2 2 9 2 2 2
left_child=2 8 -1 18 23 7 -7 9 -2 10 -6 13 24 28 17 -16 -9 -15 -3 -11 22 -22 -17 -5 -13 -26 -14 -21 -4 -30
right_child=1 3 11 4 5 6 -8 16 -10 19 -12 12 26 14 15 20 -18 -19 -20 27 21 -23 -24 -25 25 -27 -28 -29 29 -31
leaf_value=0.010626786912577161 0.016603868100271809 0.033104695915928725 0.0027705765733089228 0.015638592438944783 -0.022247201590619596 -0.047327782242113779 0.0059043694779711857 -0.011204523313590205 0.060496795743094918 0.02918811366193896 0.013302991745935563 -0.017106110603712154 0.013908628653804662 -0.00094964451236139683 -0.013948864242544943 -0.0054855921788897052 0.0068763401987972294 0.0096679341867388479 0.0029577383160191983 0.0036497098401206329 -0.013317728269399254 -5.9084315744313818e-05 0.012211263855999417 0.05783886128707829 0.0053665295631551077 -0.032455704198322499 0.0091374188502688046 0.040203588802994433 0.012269004930655969 -0.0026880384455902732
leaf_weight=14654 32037 35459 21016 3718 2534 2303 5079 2391 39158 12158 7301 3167 6075 104223 5288 2094 2911 10768 3383 7944 3850 4364 4678 12643 11616 2111 18321 4272 12043 2709
leaf_count=14654 32037 35459 21016 3718 2534 2303 5079 2391 39158 12158 7301 3167 6075 104223 5288 2094 2911 10768 3383 7944 3850 4364 4678 12643 11616 2111 18321 4272 12043 2709
internal_value=0.00118626 0.00230607 0.000331244 0.0016687 0.00113374 0.000743066 -0.00109199 0.00108611 0.00321972 0.00139443 9.548e-05 0.000197482 0.000861017 3.72539e-05 -0.000138227 -0.00105817 -0.000902108 2.40347e-05 0.00253842 0.00191831 -0.000424897 -0.00126751 0.000596874 0.00225301 -0.000133854 0.000258281 0.00154915 0.00109709 0.00070057 0.00135266
internal_weight=400268 173291 226977 102096 63254 46893 7382 39511 71195 34209 9835 212323 41290 171033 135265 20274 5302 114991 38842 24374 14986 8214 6772 16361 16894 13727 24396 12216 35768 14752
internal_count=400268 173291 226977 102096 63254 46893 7382 39511 71195 34209 9835 212323 41290 171033 135265 20274 5302 114991 38842 24374 14986 8214 6772 16361 16894 13727 24396 12216 35768 14752
cat_boundaries=0 32 55 78 110 142 174 175 194 220 249 278 310
cat_threshold=260 0 0 13888 0 0 243200 0 0 1732608 0 0 12582912 0 0 135266304 0 0 419430400 0 0 1879048192 0 0 0 0 0 0 0 0 0 4352 0 0 0 0 0 0 0 0 0 0 0 0 0 0 0 543162368 0 0 3858759680 3 0 0 1 0 0 0 0 0 0 2048 0 0 98304 0 0 36962304 0 0 12582912 0 0 0 0 0 0 32 16 0 0 64 0 0 1536 0 0 1081344 0 0 9437184 0 0 335544320 0 0 3053453312 0 0 3489660928 63 0 0 44 0 0 560 0 0 16640 225 0 0 10256 0 0 132352 0 0 1806336 0 0 13762560 0 0 0 0 0 536870912 0 0 1610612736 8 0 0 36 0 0 16 0 0 100352 6 0 0 5664 0 0 8192 0 0 2097152 0 0 33554432 0 0 271581184 0 0 3254779904 3 0 0 2 0 0 0 0 0 0 0 0 4096 8 139 0 0 2208 0 0 16384 0 0 327680 0 0 19922944 0 0 113246208 0 0 603979776 16 0 0 320 0 0 49152 0 0 262144 0 0 19660800 0 0 188743680 0 0 83886080 0 0 2415919104 0 0 0 2 8 0 0 128 0 0 71680 0 0 24576 0 0 65536 0 0 603979776 0 0 0 0 0 0 32 0 0 0 0 0 32 72 0 0 2208 0 0 0 0 0 0 0 0 18874368 0 0 335544320 0 0 1610612736 0 0 0 1 0 0 6 0 0 16 739 0 0 16144 0 0 258304 0 0 266240 0 0 33751040 0 0 134217728 0 0 0 0 0 0 0 0 0 2 0 0 256 0 0 11776
is_linear=0
shrinkage=0.08


Tree=92
num_leaves=31
num_cat=12
split_feature=45 20 2 5 45 29 5 15 26 6 38 5 12 14 5 35 5 5 6 14 5 20 12 5 45 14 5 5 43 15
split_gain=55.5127 15.1727 10.7624 7.84417 4.1483 3.86416 4.53133 3.65127 3.15715 3.43806 4.52054 4.05593 2.64082 3.04883 2.64047 2.28168 3.04728 2.95163 2.11319 3.11832 1.92249 1.89024 2.08148 2.56392 1.87115 2.39421 1.7039 1.67079 2.71674 1.93868
threshold=27.385593414306644 0.55537819862365734 1.0000000180025095e-35 0 27.942685127258304 0.2112846374511719 1 0.36333703994750982 9.4097628593444842 2 -0.65850353240966786 3 0.68285790085792553 1.8425164222717287 4 1.9097328186035158 5 6 7 1.1844261288642886 8 1.0725865364074709 1.4636064171791079 9 28.287750244140629 0.76555851101875316 10 11 26.665157318115238 3.3606779575347905
decision_type=2 2 2 9 2 2 9 10 2 1 2 9 2 2 9 2 9 9 1 2 9 2 2 9 2 2 9 9 2 8
left_child=2 4 27 24 26 -5 12 -4 9 -9 14 -12 -7 -14 -11 17 -17 -13 -8 20 -20 -21 23 -23 25 -3 -2 28 29 -1
right_child=1 3 7 5 -6 6 18 8 -10 10 11 15 13 -15 -16 16 -18 -19 19 21 -22 22 -24 -25 -26 -27 -28 -29 -30 -31
leaf_value=-8.4910967390158396e-06 0.0041912243409420666 0.024298361780187818 0.016646141631244591 0.047701013826089059 0.053399582114204716 -0.018308806532303604 -0.008032490060447128 0.019356459697487286 0.016012781336893652 0.001857866906575452 0.0048558211719444289 -0.010097018612953462 0.014179525707654276 -0.024091663930070735 0.013364662186811043 -0.0046012782884360367 0.0075065144019816768 -0.0017497484222240246 0.0054103631662051066 0.025358756376403169 0.034560898338306591 -0.035522499254718877 0.018256417303448413 0.0068116815768740537 0.05719182621788263 0.0053804472810206018 0.018375967328650756 0.0025466517145494813 -0.022759820559014925 -0.045774272236885433
leaf_weight=42289 3069 6566 7925 12118 41046 2023 2719 5322 4565 4638 9411 3386 2844 2255 7090 3662 4163 5130 2113 5912 5788 2575 4413 3081 31013 5602 24062 138997 3599 2796
leaf_count=42289 3069 6566 7925 12118 41046 2023 2719 5322 4565 4638 9411 3386 2844 2255 7090 3662 4163 5130 2113 5912 5788 2575 4413 3081 31013 5602 24062 138997 3599 2796
internal_value=0.001145 0.00231638 0.000387072 0.00162827 0.00321451 0.000898454 0.000458068 0.00136791 0.00110155 0.000887789 0.000616533 2.36008e-05 -0.00133184 -0.000360932 0.00191787 -0.000738097 0.000247607 -0.00164391 0.000937756 0.00117848 0.00247807 0.000535551 -0.000131362 -0.00114649 0.00240189 0.00155953 0.00244516 9.80549e-05 -0.00030519 -0.000136157
internal_weight=400172 157199 242973 89022 68177 45841 33723 55292 47367 42802 37480 25752 7122 5099 11728 16341 7825 8516 26601 23882 7901 15981 10069 5656 43181 12168 27131 187681 48684 45085
internal_count=400172 157199 242973 89022 68177 45841 33723 55292 47367 42802 37480 25752 7122 5099 11728 16341 7825 8516 26601 23882 7901 15981 10069 5656 43181 12168 27131 187681 48684 45085
cat_boundaries=0 32 58 59 75 91 117 130 131 153 172 182 214
cat_threshold=516 0 0 13504 0 0 203776 0 0 3293184 0 0 29556736 0 0 1048576 0 0 520093696 0 0 1879048192 0 0 0 0 0 0 0 0 0 4352 64 0 0 2048 0 0 16384 0 0 270336 0 0 0 0 0 281018368 0 0 2147483648 2 0 0 33 0 0 5 2 224 0 0 12496 0 0 1280 0 0 3080192 0 0 6422528 0 0 134217728 319 0 0 2048 0 0 24576 0 0 1572864 0 0 14680064 0 0 402653184 792 0 0 2304 0 0 16896 0 0 8192 0 0 0 0 0 0 0 0 0 0 0 0 0 0 0 128 3 0 0 1568 0 0 229376 0 0 0 0 0 16842752 8 0 0 0 0 0 0 32768 0 0 557056 0 0 33816576 0 0 2097152 0 0 1073741824 1 0 2147483648 0 0 0 0 0 0 0 0 0 98304 0 0 0 0 0 236978176 0 0 1610612736 49 0 0 256 0 0 135168 0 0 2097152 28 0 0 320 0 0 5120 0 0 196608 0 0 21168128 0 0 3145728 0 0 3338665984 0 0 0 23 0 0 16 0 0 128 0 0 73984
is_linear=0
shrinkage=0.08


Tree=93
num_leaves=31
num_cat=9
split_feature=45 19 16 5 5 45 6 5 14 29 25 19 5 5 40 25 5 44 40 45 45 19 14 19 10 5 5 39 40 10
split_gain=54.9985 13.5358 9.05887 6.28464 4.9604 4.71399 3.95891 4.73362 3.77097 3.72661 3.66044 3.5394 4.0728 2.76165 2.19897 2.13274 2.13254 3.27838 1.77318 1.66476 1.6176 1.60959 1.53268 1.52533 2.29241 2.98049 2.18068 1.89938 1.45671 3.1771
threshold=27.298180580139164 0.55452677607536327 0.7624131739139558 0 1 28.124294281005863 2 3 1.8141787052154543 0.080165863037109389 4.0399320125579843 1.1441886425018313 4 5 0.74191570281982433 8.3661756515502947 6 26.00065898895264 2.8049049377441411 28.216340065002445 28.262769699096683 0.38529998064041143 0.96786326169967662 0.86718329787254345 1.9821479320526125 7 8 1.2709332108497622 2.8049049377441411 3.234108686447144
decision_type=2 2 8 9 9 2 1 9 2 2 2 2 9 9 2 2 9 2 2 2 2 2 2 2 2 9 9 2 2 2
left_child=2 5 4 19 -1 -2 8 10 13 -10 -8 -11 -13 14 -5 21 17 -4 -14 22 -16 -6 -3 24 25 -18 -26 -28 29 -25
right_child=1 3 16 6 15 -7 7 -9 9 11 -12 12 18 -15 20 -17 23 -19 -20 -21 -22 -23 -24 28 26 -27 27 -29 -30 -31
leaf_value=0.010403763698754228 0.016223029898809201 0.014070891365550477 -0.00061911174698194471 -0.0088145914728040373 0.0079476410138738275 0.061924564344634503 -0.018437217756123756 0.012049488415439019 0.099505921197065458 0.020710366771460254 0.0051330089306571205 -0.060695343211170934 -0.014295946839078505 0.029938350743149031 -0.001851230918304514 0.012452046123908192 -0.0019345724901007066 -0.012794598577569444 0.027717811113267602 0.055930721758414896 0.047132199581797957 0.00082838958844284026 -0.0050444054702690659 -0.0010233281475424299 0.011589562481935708 0.014845966830351729 -0.022459012490977464 -0.00049103006963363994 0.0052164714629442978 -0.031605387251379582
leaf_weight=17226 36050 7661 12274 2677 6196 34788 3421 4757 3395 6228 2071 2450 4250 22697 2265 2715 5913 4804 2709 22729 5122 23932 2012 84707 2706 13789 2156 2719 52060 3072
leaf_count=17226 36050 7661 12274 2677 6196 34788 3421 4757 3395 6228 2071 2450 4250 22697 2265 2715 5913 4804 2709 22729 5122 23932 2012 84707 2706 13789 2156 2719 52060 3072
internal_value=0.00107949 0.00219689 0.000291089 0.00156961 0.00124515 0.00303286 0.0010971 -0.000339273 0.00138135 0.000485663 -0.00193614 -3.65564e-05 -0.00101539 0.0019018 0.000794923 0.000667377 3.17031e-05 -0.000819277 -2.3499e-05 0.00247264 0.0015071 0.000473555 0.00159166 0.000118749 0.000665812 0.00112054 -0.000515874 -0.001524 1.19845e-05 -0.000186857
internal_weight=399551 165282 234269 94444 50069 70838 62042 10249 51793 19032 5492 15637 9409 32761 10064 32843 184200 17078 6959 32402 7387 30128 9673 167122 27283 19702 7581 4875 139839 87779
internal_count=399551 165282 234269 94444 50069 70838 62042 10249 51793 19032 5492 15637 9409 32761 10064 32843 184200 17078 6959 32402 7387 30128 9673 167122 27283 19702 7581 4875 139839 87779
cat_boundaries=0 32 61 62 88 111 140 172 198 227
cat_threshold=4 0 0 13408 0 0 242688 0 0 1732608 0 0 12648448 0 0 1048576 0 0 452984832 0 0 805306368 0 0 0 0 0 0 0 0 0 4352 225 0 0 8192 0 0 67840 0 0 3379200 0 0 24313856 0 0 34603008 0 0 570425344 0 0 0 0 0 0 1 0 0 16 6 1018 0 0 384 0 0 0 0 0 2129920 0 0 53215232 0 0 301989888 0 0 2147483648 2 0 0 0 0 0 7 0 0 0 0 0 0 2048 0 0 65536 0 0 262144 0 0 148897792 0 0 1677721600 2 0 0 32 0 0 0 2048 0 0 16384 0 0 294912 0 0 33685504 0 0 824180736 0 0 3221225472 3 0 2147483648 1 0 0 4 0 0 32 567 0 0 96 0 0 67072 0 0 3420160 0 0 46268416 0 0 3145728 0 0 67108864 0 0 0 0 0 0 0 0 0 0 0 0 21504 8 0 0 4096 0 0 131072 0 0 524288 0 0 18939904 0 0 587202560 0 0 1073741824 0 0 0 39 0 0 16 0 0 0 0 0 0 0 0 0 0 0 0 3407872 0 0 125829120 0 0 2147483648 1 0 1073741824 35 0 0 16 0 0 16
is_linear=0
shrinkage=0.08


Tree=94
num_leaves=31
num_cat=10
split_feature=45 21 21 5 45 45 31 26 21 5 29 31 5 5 5 29 5 28 45 21 23 5 45 11 36 5 14 5 5 31
split_gain=50.8046 15.2747 8.80367 6.5107 4.62114 3.77836 3.47423 5.18793 3.41027 3.4058 3.02963 3.47826 4.20335 2.8768 2.62406 2.59722 3.23536 2.49309 2.46814 2.38922 2.23795 2.65684 2.34375 2.15451 2.11291 2.85616 2.04032 2.18264 2.15694 1.94372
threshold=27.385593414306644 0.54183736443519603 0.41848884522914892 0 31.388112068176273 28.192523956298832 82.126922607421889 6.6036043167114267 0.92511701583862316 1 0.017635345458984378 73.022117614746108 2 3 4 0.76905441284179699 5 1009.4472045898439 28.606468200683597 1.8117156624794009 25.721824645996097 6 24.886857032775882 1.2831448316574099 61.110019683837898 7 2.8499461412429814 8 9 46.573707580566413
decision_type=2 2 2 9 2 2 2 2 2 9 2 2 9 9 9 2 9 2 2 2 2 9 2 2 2 9 2 9 9 2
left_child=2 5 -1 17 8 -2 13 9 18 -8 -10 12 23 15 -13 -4 -17 -3 24 -6 22 -22 26 -12 25 -5 27 -15 -28 -30
right_child=1 3 6 4 19 -7 7 -9 10 -11 11 14 -14 20 -16 16 -18 -19 -20 -21 21 -23 -24 -25 -26 -27 28 -29 29 -31
leaf_value=0.0093523779140957525 0.017569539105153534 0.030759131698355851 0.0075862166520794362 -0.010155873655657297 0.13908533516347688 0.06272929271289937 -0.0047274152361070259 0.011786904184900826 0.058940730194521729 0.0067831724578679186 -0.06365046945852558 0.01982988609910899 0.0023567103873292847 0.0014501863099219308 -0.0031823746527121066 -0.042149221070913838 0.0045089093986147603 0.0039804852594845039 0.047279344770858628 0.010837831132148108 -0.0086360129014490215 -0.00039775998933631206 0.01214180294281696 -0.018130535770178834 0.021133270658969722 0.0075135782478670332 0.023977671149627622 -0.0070631282885048365 0.016248432070390856 -0.010085668768795309
leaf_weight=17885 31521 28942 38917 2975 7106 30219 14528 10254 2652 34085 2041 7380 5968 26435 7896 2000 3198 4258 9908 2014 10790 11160 6097 2493 4360 7271 10272 33521 9800 13762
leaf_count=17885 31521 28942 38917 2975 7106 30219 14528 10254 2652 34085 2041 7380 5968 26435 7896 2000 3198 4258 9908 2014 10790 11160 6097 2493 4360 7271 10272 33521 9800 13762
internal_value=0.00103501 0.00215634 0.000309566 0.00152083 0.00103627 0.00313652 0.000173625 0.000701598 0.000749632 0.000356457 0.000153305 -0.00011199 -0.00123212 -1.36898e-05 0.00065838 0.000539708 -0.00113825 0.00242505 0.00144087 0.0026988 -0.00021412 -0.000945355 -5.33749e-05 -0.00306192 0.000778873 0.000150546 -0.000152239 -0.000432512 0.000344404 -7.76863e-05
internal_weight=399708 157004 242704 95264 62064 61740 224819 58867 52944 48613 28430 25778 10502 165952 15276 44115 5198 33200 24514 9120 121837 21950 99887 4534 14606 10246 93790 59956 33834 23562
internal_count=399708 157004 242704 95264 62064 61740 224819 58867 52944 48613 28430 25778 10502 165952 15276 44115 5198 33200 24514 9120 121837 21950 99887 4534 14606 10246 93790 59956 33834 23562
cat_boundaries=0 32 64 90 122 148 180 212 238 270 299
cat_threshold=774 0 0 13888 0 0 242688 0 0 1716224 0 0 12648448 0 0 0 0 0 419430400 0 0 1879048192 0 0 0 0 0 0 0 0 0 4352 310 0 0 6208 0 0 3584 0 0 1220608 0 0 13631488 0 0 0 0 0 2516582400 0 0 1073741824 20 0 0 517 0 0 528 0 0 16640 0 0 0 0 0 0 0 0 0 0 0 0 18612224 0 0 417333248 0 0 3758096384 2 0 2147483648 1 0 0 6 224 0 0 10240 0 0 100096 0 0 1150976 0 0 9437184 0 0 104857600 0 0 805306368 0 0 3221225472 8 0 0 71 0 0 16 0 0 57344 0 0 0 0 0 0 0 0 0 0 0 0 53739520 0 0 603979776 0 0 1677721600 0 0 2147483648 0 0 0 3 128 0 0 0 0 0 0 0 0 1048576 0 0 1048576 0 0 67108864 0 0 805306368 0 0 0 8 0 0 5 0 0 16 0 0 49152 542 0 0 1856 0 0 12288 0 0 3031040 0 0 35651584 0 0 19922944 0 0 3254779904 3 0 0 32 0 0 0 0 0 32 0 0 4096 104 0 0 2304 0 0 18432 0 0 262144 0 0 786432 0 0 0 0 0 0 0 0 0 1 0 0 4 24 0 0 128 0 0 2048 0 0 655360 0 0 2162688 0 0 271581184 0 0 3321888768 2 0 805306368 2 0 0 392 0 0 1248 0 0 71936 0 0 0 0 0 0 0 0 0 0 0 0 917504 0 0 159383552 0 0 1224736768 0 0 0 51 0 0 48 0 0 800
is_linear=0
shrinkage=0.08


Tree=95
num_leaves=31
num_cat=10
split_feature=45 21 21 5 45 45 45 10 5 39 5 5 5 35 5 14 34 5 27 33 5 6 5 21 16 33 34 27 14 45
split_gain=48.4289 14.3672 8.03973 6.67863 4.83085 2.92954 2.61845 2.51721 5.76114 4.44695 2.41643 2.13845 1.9855 3.30015 1.97705 1.7213 1.78684 2.51413 1.69643 1.73418 1.59481 1.491 1.71456 1.5474 1.43397 1.6036 2.06881 3.12507 1.36159 1.48974
threshold=27.298180580139164 0.52283439040184032 0.41848884522914892 0 28.216340065002445 30.933854103088382 28.579281806945804 2.0477114915847783 1 1.1108087897300722 2 3 4 0.0081062316894531267 5 0.87186831235885631 -1.4658813476562498 6 1008.0150756835939 20.100287437438968 7 8 9 0.94672632217407238 0.78579652309417736 25.098048210144047 -6.9306640624999991 1009.8999023437501 0.89780935645103466 31.64718055725098
decision_type=2 2 2 9 2 2 2 2 9 2 9 9 9 2 9 2 2 9 2 2 9 1 9 2 10 2 2 2 2 2
left_child=2 4 20 6 14 7 15 11 -9 -10 24 -5 13 -7 -2 16 -3 -18 -16 -20 -1 22 -13 -23 -4 26 -26 -28 -8 -30
right_child=1 3 10 5 -6 12 28 8 9 -11 -12 21 -14 -15 18 -17 17 -19 19 -21 -22 23 -24 -25 25 -27 27 -29 29 -31
leaf_value=0.011475728028549001 0.021867974811199158 0.021659743450057594 0.0050100255005130438 -0.00044194305978546193 0.060366185857333048 0.13758901805680801 0.062827756162268433 0.033133764037188443 -0.048391851937892472 -0.00077789580652029263 -0.00012356007396834855 -0.0044020883808976582 0.12381902752358166 -0.020833966999364243 0.019919594107357549 0.001920980276389753 -0.0070860053168007274 0.014344359612742193 0.0025301106194297257 0.018808645731057786 0.0048342257744385594 0.021016168813923763 0.0070320487787506186 0.010806109017874104 -0.013717267354352454 0.044230565432585509 0.02147783780295295 -0.0008008756662436226 0.033419900567911415 0.15211248584689427
leaf_weight=9009 16105 8778 16842 11289 28603 2923 6088 3084 2036 2037 171577 3351 4730 2207 4675 4509 2213 4017 7483 5999 7235 13656 3914 11382 3422 2843 4807 18942 9448 6780
leaf_count=9009 16105 8778 16842 11289 28603 2923 6088 3084 2036 2037 171577 3351 4730 2207 4675 4509 2213 4017 7483 5999 7235 13656 3914 11382 3422 2843 4807 18942 9448 6780
internal_value=0.000992055 0.00204085 0.000253222 0.00145637 0.00299292 0.000918966 0.00223382 0.000673693 -0.00071606 -0.00268458 0.000125488 0.000901977 0.00218034 0.00107961 0.00235084 0.0015562 0.00196777 0.000929487 0.00177301 0.00131693 0.00196973 0.00123293 0.000222375 0.00152574 0.000634525 0.000302958 0.000113462 0.000378636 0.00282648 0.00244069
internal_weight=399984 165307 234677 102442 62865 60609 41833 50749 7157 4073 218433 43592 9860 5130 34262 19517 15008 6230 18157 13482 16244 32303 7265 25038 46856 30014 27171 23749 22316 16228
internal_count=399984 165307 234677 102442 62865 60609 41833 50749 7157 4073 218433 43592 9860 5130 34262 19517 15008 6230 18157 13482 16244 32303 7265 25038 46856 30014 27171 23749 22316 16228
cat_boundaries=0 32 58 90 119 148 161 174 187 188 204
cat_threshold=518 0 0 12352 0 0 193536 0 0 1011712 0 0 29425664 0 0 1048576 0 0 419430400 0 0 1879048192 0 0 0 0 0 0 0 0 0 4352 0 0 0 0 0 0 0 0 0 2129920 0 0 35913728 0 0 941621248 0 0 2248146944 3 0 2147483648 1 0 0 1 481 0 0 15408 0 0 229632 0 0 2379776 0 0 917504 0 0 176160768 0 0 1610612736 0 0 1073741824 0 0 0 0 0 0 1040 0 0 8704 73 0 0 256 0 0 0 0 0 32768 0 0 1835008 0 0 268435456 0 0 2147483648 3 0 2147483648 33 0 0 5 0 0 32 0 0 0 0 0 0 0 0 0 0 0 0 131072 0 0 6291456 0 0 637534208 0 0 2147483648 1 0 0 6 0 0 32 300 0 0 5856 0 0 4864 0 0 1585152 0 0 58916864 2 0 0 0 0 0 61440 0 0 786432 0 0 25165824 556 0 0 12288 0 0 13056 0 0 1708032 0 0 196608 8 432 0 0 160 0 0 0 0 0 3145728 0 0 0 0 0 704643072
is_linear=0
shrinkage=0.08


Tree=96
num_leaves=31
num_cat=10
split_feature=45 21 21 5 45 29 19 5 45 45 5 5 2 20 5 15 16 5 6 29 5 40 37 37 39 6 5 30 30 13
split_gain=45.8697 14.6463 5.92828 5.54375 5.13752 4.03333 3.30545 5.67906 3.30698 3.19886 2.45161 2.3689 2.17218 2.10937 1.94191 1.65658 1.55921 10.8382 1.53941 1.40238 1.35096 1.34981 1.47058 1.30328 1.29381 1.5114 1.29048 1.65713 2.14061 1.39427
threshold=27.349493026733402 0.54183736443519603 0.41848884522914892 0 28.124294281005863 0.041866302490234382 1.5938898324966433 1 31.64718055725098 28.361094474792484 2 3 1.0000000180025095e-35 0.40092861652374273 4 0.90601477026939403 0.37617968022823339 5 6 0.69400787353515636 7 0.76510000228881847 -0.81534576416015614 -0.011806488037109373 0.17535994946956637 8 9 27.531250000000004 697.68750000000011 0.58571910858154308
decision_type=2 2 2 9 2 2 2 9 2 2 9 9 2 2 9 10 10 9 1 2 9 2 2 2 2 1 9 2 2 2
left_child=2 4 14 9 13 -5 8 -8 11 12 15 18 -3 -2 -1 24 17 -12 19 -7 -15 -17 -23 -20 25 -4 27 -18 -29 -28
right_child=1 3 10 5 -6 6 7 -9 -10 -11 16 -13 -14 20 -16 21 26 -19 23 -21 -22 22 -24 -25 -26 -27 29 28 -30 -31
leaf_value=0.011566730307000197 0.021668409965737427 -0.0053366550547118271 0.0069657016542734075 0.067211963084844645 0.049792317832375622 0.035653942904874947 0.021231361929311156 -0.070401465136645441 0.12792793703402544 0.04696146579999283 -0.033241113012730757 0.0082451651686344506 0.013477554863739262 0.0049733718808372398 0.0032753175139872727 -0.0088522167905726833 0.00091006605489962462 0.017989036425954116 -0.02093929197065136 -0.0039178160285617556 0.01230906965466632 -0.0079564476174516317 0.0081906204198633065 -0.0012067371671833009 0.0071822197385755021 -0.0033664832505482778 0.0048777497933069234 -0.010544058324826579 0.0058605185011712533 0.00040037115316354164
leaf_weight=9112 11738 3923 3241 6300 32580 2448 2765 2189 3307 25915 2040 29167 10988 7715 8103 2785 20588 2839 2012 5442 11423 4751 15967 2420 15437 2808 21924 12108 3219 114275
leaf_count=9112 11738 3923 3241 6300 32580 2448 2765 2189 3307 25915 2040 29167 10988 7715 8103 2785 20588 2839 2012 5442 11423 4751 15967 2420 15437 2808 21924 12108 3219 114275
internal_value=0.000947582 0.00199454 0.000245762 0.00137547 0.00293927 0.000858213 0.00061656 -0.00134247 0.00083346 0.00208451 0.000134816 0.000638955 0.00115033 0.00219854 0.00167547 0.000662001 7.45812e-07 -0.00140806 -0.000291039 0.000379267 0.00167913 0.000197848 0.000420301 -0.00148068 0.00116971 0.000177587 4.07614e-05 -0.000385696 -0.00101532 0.000153253
internal_weight=399529 160332 239197 96876 63456 56050 49750 4954 44796 40826 221982 41489 14911 30876 17215 44989 176993 4879 12322 7890 19138 23503 20718 4432 21486 6049 172114 35915 15327 136199
internal_count=399529 160332 239197 96876 63456 56050 49750 4954 44796 40826 221982 41489 14911 30876 17215 44989 176993 4879 12322 7890 19138 23503 20718 4432 21486 6049 172114 35915 15327 136199
cat_boundaries=0 32 58 90 116 129 161 162 178 179 211
cat_threshold=518 0 0 12480 0 0 242688 0 0 1794048 0 0 29425664 0 0 1048576 0 0 419430400 0 0 1879048192 0 0 0 0 0 0 0 0 0 4352 0 0 0 0 0 0 0 0 0 0 0 0 1310720 0 0 125829120 0 0 0 0 0 0 0 0 0 3 737 0 0 14384 0 0 229632 0 0 1191936 0 0 18219008 0 0 117440512 0 0 536870912 0 0 1073741824 32 0 0 0 0 0 16 0 0 8704 64 0 0 2304 0 0 512 0 0 0 0 0 917504 0 0 295698432 0 0 2181038080 1 0 0 33 0 0 7 972 0 0 4608 0 0 13056 0 0 659456 0 0 8585216 272 0 0 768 0 0 0 0 0 49152 0 0 48234496 0 0 536870912 0 0 117440512 0 0 2684354560 16 0 0 774 0 0 15584 0 0 16384 4 659 0 0 9984 0 0 82432 0 0 2359296 0 0 4194304 0 0 805306368 10 12 0 0 64 0 0 8704 0 0 524288 0 0 65536 0 0 3145728 0 0 2348810240 0 0 268435456 2 0 0 16 0 0 768 0 0 4352
is_linear=0
shrinkage=0.08


Tree=97
num_leaves=31
num_cat=12
split_feature=41 5 21 21 31 5 5 5 27 44 6 31 43 34 38 34 33 27 5 18 5 5 25 33 40 5 5 34 6 5
split_gain=36.8901 15.1554 10.911 3.82643 4.0706 3.79608 3.06784 2.97163 3.51584 2.95158 2.91437 2.90434 2.68988 3.63114 2.64462 2.87371 2.32421 2.92511 3.21135 2.28987 2.48787 2.12523 1.88042 1.78677 1.77431 6.10365 1.94625 2.76021 3.64761 1.68798
threshold=27.658625602722172 0 0.5691034495830537 0.95700952410697948 38.698404312133796 1 2 3 1011.3616333007814 28.625676155090336 4 83.562000274658217 26.028437614440922 1.6819458007812502 0.49507999420166021 -5.7536621093749991 21.115200042724613 1010.0250854492189 5 0.61188259720802318 6 7 6.9968533515930185 24.219071388244632 0.47050118446350103 8 9 0.20950317382812503 10 11
decision_type=2 9 2 2 2 9 9 9 2 2 1 2 2 2 2 2 2 2 9 2 9 9 2 2 2 9 9 2 1 9
left_child=2 16 6 9 -5 -6 10 8 21 19 -1 12 -12 -14 15 -7 17 22 -19 -3 -21 -4 -2 -10 25 -9 27 -26 -29 -11
right_child=1 3 7 4 5 14 -8 24 23 29 11 -13 13 -15 -16 -17 -18 18 -20 20 -22 -23 -24 -25 26 -27 -28 28 -30 -31
leaf_value=0.022475396204317849 0.019994512273322867 0.010573543430776771 0.020402955158726876 0.083861226274104264 0.013997863481492788 -0.034380071309816226 0.009958053730440829 -0.014213610356558978 -0.0013188339602644833 0.022867828173071949 0.017383697756648678 0.0066647601935486533 0.00071830337424227486 -0.0094917107633674877 0.0087109844252308884 -0.0011869369299468185 0.045351909030995854 -0.0086817913477421904 0.018601842308390373 -0.01463887716448125 0.00945850280770409 0.0055735761887270464 0.034950760640806745 0.047964360387631494 0.00054834166993294184 0.0048658409108315436 0.0012170769693727271 -0.017318503022813746 0.001874574719969887 0.056695123992171061
leaf_weight=3369 15524 10421 8193 5796 19749 2999 25755 3758 23189 3827 2371 11142 14644 2535 4300 2653 26578 2038 2817 2187 6973 11978 9876 2312 6905 5538 145216 2815 2031 13021
leaf_count=3369 15524 10421 8193 5796 19749 2999 25755 3758 23189 3827 2371 11142 14644 2535 4300 2653 26578 2038 2817 2187 6973 11978 9876 2312 6905 5538 145216 2815 2031 13021
internal_value=0.000926096 0.00204145 0.00039757 0.00126906 0.000677838 0.000299014 0.00135165 0.000128241 0.000699641 0.00184517 0.000852205 0.000605887 1.8405e-05 -0.000330676 -0.000973927 -0.00211091 0.00301782 0.00253692 0.000735869 0.00117625 0.000252999 0.00148873 0.00288076 7.54186e-05 -2.87942e-05 -0.00110208 3.48332e-05 -0.000954549 -0.0024168 0.00262143
internal_weight=400510 128759 271751 71926 35497 29701 59816 211935 45672 36429 34061 30692 19550 17179 9952 5652 56833 30255 4855 19581 9160 20171 25400 25501 166263 9296 156967 11751 4846 16848
internal_count=400510 128759 271751 71926 35497 29701 59816 211935 45672 36429 34061 30692 19550 17179 9952 5652 56833 30255 4855 19581 9160 20171 25400 25501 166263 9296 156967 11751 4846 16848
cat_boundaries=0 32 58 68 100 101 114 140 172 201 233 234 260
cat_threshold=575 0 0 6000 0 0 201472 0 0 929792 0 0 29425664 0 0 0 0 0 134217728 0 0 536870912 0 0 0 0 0 0 16 0 0 256 0 0 0 0 0 0 2048 0 0 2195456 0 0 36831232 0 0 118489088 0 0 889192448 0 0 3489660928 0 0 0 2 919 0 0 6000 0 0 225792 0 0 139264 896 0 0 11296 0 0 116736 0 0 1048576 0 0 917504 0 0 684720128 0 0 721420288 0 0 1073741824 0 0 0 512 0 0 16 0 0 10240 2 45 0 0 512 0 0 69632 0 0 917504 0 0 12582912 0 0 0 0 0 0 51200 0 0 32768 0 0 34078720 0 0 8388608 0 0 50331648 0 0 0 1 0 0 1 128 0 0 10272 0 0 114688 0 0 0 0 0 0 0 0 146800640 0 0 150994944 0 0 0 0 0 0 0 0 0 16 0 0 2048 114 0 0 4352 0 0 131072 0 0 2961408 0 0 3211264 0 0 335544320 0 0 3489660928 1 0 2684354560 8 0 0 10 0 0 12864 29 0 0 832 0 0 144384 0 0 262144 0 0 25165824 0 0 0 0 0 67108864 0 0 0 0 0 0 0 0 0 0 0 0 1280 8 0 0 0 8192 0 0 0 0 0 1048576 0 0 131072 0 0 152043520 0 0 3221225472 2 0 0 1 0 0 3
is_linear=0
shrinkage=0.08


Tree=98
num_leaves=31
num_cat=0
split_feature=41 14 21 22 41 18 30 31 34 18 29 0 34 22 35 23 23 29 12 28 22 26 28 7 28 1 31 41 1 31
split_gain=34.6149 15.2387 9.15653 5.98758 5.77299 4.3859 4.18109 3.25166 3.15827 3.87128 6.59669 2.76224 3.88635 3.60299 3.96505 3.16817 2.39906 2.15438 2.52152 2.14796 2.09149 2.03721 2.71778 2.02046 1.9462 1.85996 1.74746 2.56268 1.74336 1.61905
threshold=27.641057968139652 0.96786326169967662 0.64525672793388378 0.024318695068359378 28.541362762451175 1.9753450751304629 826.93750000000011 68.025218963623061 -1.5867309570312498 0.60151702165603649 0.31455230712890631 14.750000000000002 2.2923278808593754 0.032901763916015632 7.153034210205079 23.841220855712894 31.967407226562504 0.80282592773437511 0.9573040008544923 1010.5178222656251 1.2860298156738283 5.7496683597564706 1007.9940795898439 1.5000000000000002 1009.1353149414064 86.750000000000014 67.735012054443374 30.378687858581547 94.250000000000014 76.184738159179702
decision_type=2 2 2 2 2 2 2 2 2 2 2 2 2 2 2 2 2 2 2 2 2 2 2 2 2 2 2 2 2 2
left_child=2 4 6 16 8 17 11 -7 28 20 -11 12 13 -1 19 -13 -3 26 23 21 -10 24 -23 -19 -15 -20 27 -5 -2 -4
right_child=1 3 29 5 -6 7 -8 -9 9 10 -12 15 -14 14 -16 -17 -18 18 25 -21 -22 22 -24 -25 -26 -27 -28 -29 -30 -31
leaf_value=0.011055268066487409 0.022106199925928754 0.021793931094622639 -0.00078416598444560552 -0.024257803900968461 0.059613488281740477 -0.064340919752981285 0.011739313511889145 0.0001547260037403421 0.024732895116745032 0.022997541801175112 -0.01581392508898995 -0.0022048183952414809 -0.010116349906043818 0.00074673549374191964 0.0063673665967856168 0.0097484493227456923 0.12044642608003486 0.0045354043867857326 0.0033842414060101045 -0.0090123283998374149 0.0041290359274321923 -0.0047134014384944498 0.0057115479449700735 -0.015379053034308967 -0.0080690565627868291 0.036795231217693354 0.03429675365349933 0.045505881717594052 0.005028607913016285 0.0040984958491626453
leaf_weight=8237 28202 11815 128092 2151 24076 2097 17981 2341 7956 2895 2503 3391 2058 2390 8070 18894 10560 2824 7886 2921 4869 2140 5430 3708 2585 2663 8586 2513 2642 67512
leaf_count=8237 28202 11815 128092 2151 24076 2097 17981 2341 7956 2895 2503 3391 2058 2390 8070 18894 10560 2824 7886 2921 4869 2140 5430 3708 2585 2663 8586 2513 2642 67512
internal_value=0.000895485 0.00196619 0.000378198 0.000987088 0.00273088 0.000329969 0.00113549 -0.00201619 0.00223217 0.00139593 -0.000400887 0.000795068 0.000339352 0.000557908 5.36823e-05 0.00148643 0.00200759 0.000673808 7.98082e-05 -0.000696304 0.00215193 -0.000240542 0.000585752 -0.00115439 -0.00149649 0.000844398 0.00143891 0.000191699 0.00272561 9.12819e-05
internal_weight=399988 130287 269701 57144 73143 34769 74097 4438 49067 18223 5398 56116 33831 31773 23536 22285 22375 30331 17081 15466 12825 12545 7570 6532 4975 10549 13250 4664 30844 195604
internal_count=399988 130287 269701 57144 73143 34769 74097 4438 49067 18223 5398 56116 33831 31773 23536 22285 22375 30331 17081 15466 12825 12545 7570 6532 4975 10549 13250 4664 30844 195604
is_linear=0
shrinkage=0.08


Tree=99
num_leaves=31
num_cat=0
split_feature=45 21 45 22 3 25 10 0 27 18 30 22 27 45 27 41 25 21 30 41 28 32 30 38 19 27 10 33 38 33
split_gain=39.327 12.298 5.67552 5.20819 7.51295 5.08954 4.46821 3.605 2.79445 3.11988 3.7169 2.70868 3.59748 2.64982 2.55734 2.7332 2.01336 1.82065 1.80305 1.70298 1.6696 1.6384 4.55337 2.54458 3.01554 2.44301 2.02005 1.86671 1.85277 2.48391
threshold=27.402981758117679 0.52570688724517833 28.239541053771976 0.024318695068359378 311.56382751464849 6.0088541507720956 1.8809336423873904 22.750000000000004 1010.5303955078126 1.3286324739456179 1204.4375000000002 0.1444816589355469 1008.0728454589845 31.64718055725098 1011.3116760253907 26.972559928894047 3.3025386333465581 0.36735489964485174 1479.5625000000002 28.020038604736332 1002.0971679687501 495.69873046875006 57.812500000000007 0.70890551805496227 1.352419435977936 1010.5778808593751 3.234108686447144 21.635136604309086 1.7497081756591799 25.212287902832035
decision_type=2 2 2 2 2 2 2 2 2 2 2 2 2 2 2 2 2 2 2 2 2 2 2 2 2 2 2 2 2 2
left_child=5 2 11 13 8 17 20 14 9 -5 -11 -2 -13 -3 -7 -16 -10 -1 19 -14 -6 23 25 27 -25 -23 -24 -19 -27 -30
right_child=1 3 -4 4 6 7 -8 -9 16 10 -12 12 18 -15 15 -17 -18 21 -20 -21 -22 22 26 24 -26 28 -28 -29 29 -31
leaf_value=0.0070430541158082553 0.026691517790161365 0.023504326064744029 0.047627431403476049 0.014835495952334479 -0.017659149552484713 0.010208673956330639 -0.037343858828167695 -0.020790528125269669 0.010374834611314417 0.02280433888683427 -0.013290392906975357 0.017524297472865685 0.0037901027978310526 0.13851585639398795 0.010356558770162392 -0.0038936262025251835 -0.010505791680796272 -0.0010088752893226498 0.017660902384158194 -0.0093922833455177233 0.010605419584146356 0.016733516903174286 -0.0043244822857781235 0.017238189245395528 -0.0011364648152285873 0.0020128354053380471 -0.044906848063968836 0.012483202958633735 -0.019095784594614199 0.017838021767536592
leaf_weight=5303 7416 22900 27808 37177 2649 15642 2623 2020 2339 6015 5039 9773 8851 10819 3143 3385 2649 77252 3021 2179 4655 11344 32433 20060 13835 37952 2019 10816 6469 2451
leaf_count=5303 7416 22900 27808 37177 2649 15642 2623 2020 2339 6015 5039 9773 8851 10819 3143 3385 2649 77252 3021 2179 4655 11344 32433 20060 13835 37952 2019 10816 6469 2451
internal_value=0.000830273 0.00182277 0.00273277 0.00126782 0.000838939 0.000196351 -0.00118064 0.00129752 0.0012158 0.00140221 0.000221981 0.00199168 0.00157489 0.0020705 0.00159243 0.000261854 -0.000585834 7.51829e-05 0.000754143 0.000278986 -0.000161881 3.89675e-05 -0.000214592 0.000231625 0.000820528 0.00021681 -0.000943416 4.90485e-06 -3.82235e-05 -0.00107503
internal_weight=400037 155913 59048 96865 63146 244124 9927 24190 53219 48231 11054 31240 23824 33719 22170 6528 4988 219934 14051 11030 7304 214631 92668 121963 33895 58216 34452 88068 46872 8920
internal_count=400037 155913 59048 96865 63146 244124 9927 24190 53219 48231 11054 31240 23824 33719 22170 6528 4988 219934 14051 11030 7304 214631 92668 121963 33895 58216 34452 88068 46872 8920
is_linear=0
shrinkage=0.08


Tree=100
num_leaves=31
num_cat=14
split_feature=41 5 21 37 5 25 25 6 41 5 22 25 5 5 5 31 5 14 5 14 5 22 37 5 5 40 34 34 5 5
split_gain=33.4527 15.2357 8.5903 5.00824 6.0477 3.86707 3.5152 3.2659 2.99983 2.76422 2.6238 3.78453 3.38861 2.93106 2.60038 2.47632 3.13551 2.39973 2.55745 2.15754 2.1396 2.07617 1.94013 2.48596 1.80953 1.77889 1.82542 1.77279 5.65791 1.68846
threshold=27.693644523620609 0 0.41660760343074804 -0.85749816894531239 1 8.3661756515502947 1.2659990787506106 2 27.847079277038578 3 1.1286735534667971 7.9763841629028329 4 5 6 86.018665313720717 7 3.1966773271560673 8 0.88528960943222057 9 0.1273155212402344 -0.87952423095703114 10 11 0.57378673553466808 1.6183166503906252 -0.98013305664062489 12 13
decision_type=2 9 2 2 9 2 2 1 2 9 2 2 9 9 9 2 9 2 9 2 9 2 2 9 9 2 2 2 9 9
left_child=2 8 29 4 7 14 -5 -3 9 -2 13 12 -12 -8 22 17 -17 20 -19 27 -16 -21 23 -4 -7 -18 -27 -10 -29 -1
right_child=1 3 5 6 -6 24 10 -9 19 -11 11 -13 -14 -15 15 16 25 18 -20 21 -22 -23 -24 -25 -26 26 -28 28 -30 -31
leaf_value=0.0047482951297822462 0.020545467616721508 -0.0039561740950308701 -0.02161606036574841 -0.0072669526805778607 0.013641409686282441 0.021354134902414335 0.01152523129804627 -0.056361972099781242 0.034225966798138288 -0.0053749847790836146 0.011840741975075406 0.027910877701293992 -0.0046613097051029255 0.036824534551333742 -0.0050885451683266364 0.013461501539441676 -0.008684247252430553 0.02265012702745996 -0.0027435562876493109 0.067084388356800931 -0.00077627266177290963 0.011157458184381288 0.0054866458814074219 0.0074281513350590248 0.0026241663418725253 0.0079398639966912869 -0.014628736977843376 -0.0070493169683126279 0.038304797143698027 0.010650408074543323
leaf_weight=10885 3416 2958 3431 3152 5551 3435 9925 2248 33780 2007 9949 4110 8840 22611 37832 6543 3112 12867 16036 6902 92102 4284 52925 3797 2840 15021 2049 2124 3676 11935
leaf_count=10885 3416 2958 3431 3152 5551 3435 9925 2248 33780 2007 9949 4110 8840 22611 37832 6543 3112 12867 16036 6902 92102 4284 52925 3797 2840 15021 2049 2124 3676 11935
internal_value=0.000791931 0.00187388 0.000297649 0.00107975 -0.000506362 0.000163016 0.0013712 -0.00246001 0.00285285 0.0010624 0.00151898 0.000862369 0.000380659 0.0019807 0.000112891 -3.5305e-05 0.000677015 -0.000155193 0.000503995 0.00304443 -0.000301853 0.00206002 0.00056989 -0.000658745 0.00212251 0.000182556 0.000503513 0.00332205 0.0020241 0.00178362
internal_weight=400343 125533 274810 69344 10757 251990 58587 5206 56189 5423 55435 22899 18789 32536 245715 185562 26725 158837 28903 50766 129934 11186 60153 7228 6275 20182 17070 39580 5800 22820
internal_count=400343 125533 274810 69344 10757 251990 58587 5206 56189 5423 55435 22899 18789 32536 245715 185562 26725 158837 28903 50766 129934 11186 60153 7228 6275 20182 17070 39580 5800 22820
cat_boundaries=0 32 58 59 78 100 132 164 196 225 257 286 312 325 335
cat_threshold=63 0 0 6000 0 0 70400 0 0 929792 0 0 29425664 0 0 0 0 0 150994944 0 0 805306368 0 0 0 0 0 0 16 0 0 256 128 0 0 2176 0 0 60416 0 0 1130496 0 0 917504 0 0 149946368 0 0 100663296 0 0 1073741824 0 0 0 4 12 4 0 0 5152 0 0 66304 0 0 798720 0 0 25231360 0 0 0 0 0 16777216 896 0 0 0 0 0 0 0 0 3145728 0 0 36962304 0 0 254803968 0 0 4026531840 0 0 1073741824 64 0 0 0 0 0 2048 0 0 3145728 0 0 131072 0 0 385875968 0 0 1879048192 2 0 2147483648 1 0 0 7 0 0 0 0 0 4096 32 0 0 10384 0 0 230656 0 0 1904640 0 0 5373952 0 0 206569472 0 0 1258291200 0 0 1610612736 0 0 0 5 0 0 16 0 0 1024 715 0 0 5920 0 0 30720 0 0 155648 0 0 34406400 0 0 52428800 0 0 0 0 0 268435456 0 0 0 0 0 0 12288 0 0 27136 0 0 0 0 0 0 0 0 0 0 0 0 2883584 0 0 60817408 0 0 805306368 0 0 2147483648 33 0 0 352 0 0 15136 651 0 0 1888 0 0 0 0 0 0 0 0 50331648 0 0 52428800 0 0 0 0 0 0 33 0 0 512 0 0 12576 0 0 33280 0 0 0 2048 0 0 0 0 0 589824 0 0 4194304 0 0 5242880 0 0 1207959552 0 0 0 0 0 0 1 0 0 16 1008 0 0 15376 0 0 95232 0 0 200704 0 0 0 0 0 0 0 0 0 0 0 0 0 0 0 128 36 0 0 1024 0 0 69632 0 0 917504 0 0 29360128 85 0 0 9584 0 0 254464 0 0 8192
is_linear=0
shrinkage=0.08


Tree=101
num_leaves=31
num_cat=13
split_feature=45 5 19 25 37 5 5 5 45 40 41 20 5 6 5 37 5 7 5 5 7 37 5 12 5 36 5 20 33 19
split_gain=34.8481 14.9511 9.65604 4.22165 4.0965 7.01418 3.5389 2.87225 2.63493 2.43907 2.27306 1.9992 1.96224 1.80344 1.72356 1.70668 4.72993 2.71307 2.77217 2.59365 2.51964 1.85373 3.35062 1.72656 1.68197 1.59609 1.45931 1.42338 1.40178 1.37649
threshold=28.030317306518558 0 0.45432782173156744 8.0987586975097674 -0.74355506896972645 1 2 3 29.056795120239261 1.0959672927856448 27.41484355926514 0.34479752182960516 4 5 6 -0.83646011352539051 7 1.5000000000000002 8 9 1.5000000000000002 0.79601287841796886 10 1.066637456417084 11 26.254177093505863 12 1.6282235980033877 17.180735588073734 1.0036201477050783
decision_type=2 9 2 2 2 9 9 9 2 2 2 2 9 1 9 2 9 2 9 9 2 2 9 2 9 2 9 2 2 2
left_child=2 -2 11 7 5 -3 9 10 26 28 -4 -1 -5 -12 -13 16 25 19 -19 -17 24 -20 23 -23 -18 29 -8 -11 -6 -9
right_child=1 4 3 12 6 -7 8 15 -10 27 13 14 -14 -15 -16 17 20 18 21 -21 -22 22 -24 -25 -26 -27 -28 -29 -30 -31
leaf_value=0.012621321319304555 0.035334931983229331 -0.034146189607824964 -0.0015729950763030793 -0.00073551716450564845 -0.017490822777733346 0.014882507438534181 -0.0024958868655629578 -0.017775455406638902 0.056406677956747191 0.031032812153930563 -0.0093761547330771366 0.0088839467671123027 0.018528253109655821 -0.0031511942109824797 0.0032907116863675036 0.00012144597476295847 -0.019636780238100331 0.0042723596016610082 0.00015050453421727825 0.013456556340950498 0.010451551706472698 -0.022646915092885772 -0.0014069665905112991 -0.015513565706829713 0.0018338101396624569 0.00015823005347503162 0.013626495650113136 -0.0083511191699711575 0.0020980190272642291 -0.017719032310033651
leaf_weight=8502 43977 3515 23522 2054 2017 6998 3621 2350 23769 5976 2792 12064 5416 3507 21227 18281 4317 40667 60564 30674 20257 2623 13764 5256 5826 2751 13040 2022 2025 6567
leaf_count=8502 43977 3515 23522 2054 2017 6998 3621 2350 23769 5976 2792 12064 5416 3507 21227 18281 4317 40667 60564 30674 20257 2623 13764 5256 5826 2751 13040 2022 2025 6567
internal_value=0.000750502 0.00198635 0.000299272 0.000111912 0.00119505 -0.000245937 0.00148399 5.44542e-05 0.00184227 0.000278607 -0.000680808 0.00142507 0.00198396 -0.00202948 0.00114483 0.000157014 -0.000299634 0.000268833 6.81619e-05 0.000772389 0.000226167 -0.000199107 -0.000834434 -0.00214761 -0.000802521 -0.00166735 0.00107036 0.00108791 -0.00132083 -0.00218797
internal_weight=399941 106960 292981 251188 62983 10513 52470 243718 40430 12040 29821 41793 7470 6299 33291 213897 42068 171829 122874 48955 30400 82207 21643 7879 10143 11668 16661 7998 4042 8917
internal_count=399941 106960 292981 251188 62983 10513 52470 243718 40430 12040 29821 41793 7470 6299 33291 213897 42068 171829 122874 48955 30400 82207 21643 7879 10143 11668 16661 7998 4042 8917
cat_boundaries=0 32 61 87 119 148 149 162 194 226 258 287 316 348
cat_threshold=251 0 0 16240 0 0 235264 0 0 536576 0 0 12648448 0 0 0 0 0 16777216 0 0 536870912 0 0 0 0 0 0 0 0 0 256 0 0 0 128 0 0 8192 0 0 2162688 0 0 393216 0 0 284164096 0 0 100663296 0 0 1073741824 1 0 0 0 0 0 16 4 0 0 0 0 0 0 0 0 0 0 0 18874368 0 0 822083584 0 0 3758096384 2 0 2147483648 33 0 0 7 634 0 0 1376 0 0 4096 0 0 2097152 0 0 4718592 0 0 0 0 0 2684354560 0 0 0 0 0 0 0 0 0 8192 0 0 4352 27 0 0 832 0 0 1536 0 0 131072 0 0 196608 0 0 135266304 0 0 0 0 0 0 0 0 0 192 0 0 3584 8 840 0 0 6336 0 0 102400 0 0 655360 0 0 8519680 128 0 0 6656 0 0 25600 0 0 532480 0 0 18874368 0 0 988807168 0 0 436207616 0 0 268435456 0 0 0 3 0 0 176 0 0 76288 1 0 0 14864 0 0 122880 0 0 1585152 0 0 393216 0 0 36700160 0 0 285212672 0 0 1073741824 0 0 0 7 0 0 1264 0 0 2560 257 0 0 128 0 0 2048 0 0 0 0 0 196608 0 0 687865856 0 0 369098752 2 0 1610612736 4 0 0 400 0 0 6112 0 0 512 388 0 0 0 0 0 134144 0 0 81920 0 0 50331648 0 0 268435456 0 0 0 2 0 536870912 37 0 0 192 0 0 6144 256 0 0 0 0 0 0 0 0 0 0 0 131072 0 0 67108864 0 0 1157627904 2 0 0 63 0 0 8 0 0 3136 0 0 0 128 0 0 2048 0 0 49152 0 0 35389440 0 0 75497472 0 0 0 0 0 268435456 0 0 0 0 0 0 16 0 0 4096
is_linear=0
shrinkage=0.08


Tree=102
num_leaves=31
num_cat=15
split_feature=41 5 21 25 22 5 5 31 5 5 31 30 6 22 5 25 5 5 6 5 38 30 5 38 5 7 5 7 5 14
split_gain=27.7358 16.0846 6.72716 3.74516 5.36137 4.64479 3.92612 3.58572 4.95942 3.75505 3.45692 3.26595 3.09824 3.08664 5.00398 2.67692 2.33815 2.14372 2.08142 2.7664 2.02414 2.08364 2.79129 1.89188 2.50489 1.75025 1.72222 1.57389 1.54958 1.5223
threshold=27.729440689086918 0 0.41660760343074804 8.0987586975097674 1.2059211730957033 1 2 82.708068847656264 3 4 78.900154113769545 1819.1875000000002 5 3.1371116638183598 6 7.0917656421661386 7 8 9 10 0.57588195800781261 46.687500000000007 11 0.19388031959533694 12 1.5000000000000002 13 1.5000000000000002 14 0.84605792164802562
decision_type=2 9 2 2 2 9 9 2 9 9 2 2 1 2 9 2 9 9 1 9 2 2 9 2 9 2 9 2 9 2
left_child=2 12 23 4 6 -6 11 9 -9 18 -7 25 -2 17 -15 16 -10 -11 19 -4 21 28 -23 24 -1 -3 -22 -8 -20 -14
right_child=1 3 7 -5 5 10 27 8 15 13 -12 -13 29 14 -16 -17 -18 -19 20 -21 26 22 -24 -25 -26 -27 -28 -29 -30 -31
leaf_value=0.0099460351022422795 0.0039803526827923118 0.041898309692041023 0.019113663618220613 0.025896769614855288 0.0079858437525576961 -0.032832262973626548 0.048271146598579139 -0.0025975170940174814 0.0017826210303575494 0.0065333481872838694 -0.0025008186981130306 -0.041229319043202255 0.029368503652079277 -0.023074488912889723 -0.00078807253684878994 0.013685042938211434 0.011522988225659222 0.00013806638646747402 0.0038037694442047115 -0.010718835822186372 -0.005938348658475816 -0.0043873027195414126 -0.016005352926458195 0.014504471985225826 0.0007406288026373328 0.001390955107910215 0.013331182249346481 0.024322903954588106 -0.0089502217629954823 0.039707601485492683
leaf_weight=6218 4011 3494 3355 5632 15400 3343 8778 18735 21395 53680 9479 2040 38131 3466 9612 7117 14396 101100 2050 2198 2052 3482 2908 8414 9069 7307 2888 17275 5212 7532
leaf_count=6218 4011 3494 3355 5632 15400 3343 8778 18735 21395 53680 9479 2040 38131 3466 9612 7117 14396 101100 2050 2198 2052 3482 2908 8414 9069 7307 2888 17275 5212 7532
internal_value=0.000733295 0.00173621 0.000290557 0.000977793 0.00081137 -2.80532e-05 0.00142032 0.000170089 0.000700891 -3.54038e-07 -0.00115185 0.000274007 0.00284574 0.000133859 -0.00104584 0.0011748 0.000892824 0.000233607 -0.000932754 0.000425624 -0.00133849 -0.00184102 -0.00289375 0.00157918 0.00104779 0.000829156 4.8485e-05 0.00198412 -0.000911991 0.00303334
internal_weight=399769 122422 277347 72748 67116 28222 38894 253646 61643 192003 12822 12841 49674 167858 13078 42908 35791 154780 24145 5553 18592 13652 6390 23701 15287 10801 4940 26053 7262 45663
internal_count=399769 122422 277347 72748 67116 28222 38894 253646 61643 192003 12822 12841 49674 167858 13078 42908 35791 154780 24145 5553 18592 13652 6390 23701 15287 10801 4940 26053 7262 45663
cat_boundaries=0 32 54 80 112 144 145 177 206 238 239 259 269 282 314 346
cat_threshold=63 0 0 6000 0 0 71424 0 0 667648 0 0 29425664 0 0 0 0 0 16777216 0 0 536870912 32 0 0 0 0 0 16 0 0 4352 960 0 0 8320 0 0 0 0 0 1310720 0 0 35651584 0 0 117440512 0 0 4160749568 3 0 3489660928 320 0 0 0 0 0 0 0 0 1310720 0 0 655360 0 0 341835776 0 0 4026531840 3 0 3221225472 1 0 0 5 20 0 0 64 0 0 3584 0 0 98304 0 0 1048576 0 0 608174080 0 0 4127195136 0 0 0 30 0 0 549 0 0 560 0 0 17664 159 0 0 1888 0 0 90112 0 0 131072 0 0 50331648 0 0 0 0 0 0 3 0 0 1 0 0 0 0 0 0 0 0 768 8 512 0 0 0 0 0 1792 0 0 61440 0 0 2162688 0 0 384827392 0 0 469762048 0 0 3489660928 0 0 0 578 0 0 9232 0 0 18432 1001 0 0 7296 0 0 131328 0 0 3170304 0 0 18874368 0 0 301989888 0 0 0 1 0 3221225472 33 0 0 392 0 0 3072 864 0 0 8192 0 0 134912 0 0 73728 0 0 1179648 0 0 206569472 0 0 1895825408 0 0 1073741824 8 0 0 577 0 0 1072 0 0 33792 2 129 0 0 1792 0 0 73728 0 0 0 0 0 50331648 0 0 0 0 0 0 3 133 0 0 1120 0 0 0 0 0 131072 906 0 0 12288 0 0 0 0 0 1978368 0 0 196608 137 0 0 1120 0 0 0 0 0 0 0 0 50331648 0 0 0 0 0 0 0 0 0 0 0 0 0 0 0 0 0 0 512 31 0 0 0 0 0 81920 0 0 131072 0 0 0 0 0 0 0 0 0 0 0 0 0 0 0 0 0 0 0 0 0 256
is_linear=0
shrinkage=0.08


Tree=103
num_leaves=31
num_cat=12
split_feature=41 5 21 37 5 33 33 25 5 29 25 5 25 5 5 10 39 43 5 39 5 36 8 5 14 28 5 38 5 29
split_gain=26.8843 14.9534 6.65676 4.18089 6.42241 3.6509 3.62062 4.43486 4.13596 3.59096 4.41584 2.85828 2.76842 2.71182 2.19837 2.0277 4.57914 2.13333 1.97035 1.93187 4.17479 1.8602 1.80774 1.69662 1.8035 1.64856 1.49149 1.48728 1.76947 1.41742
threshold=27.729440689086918 0 0.41848884522914892 -0.85749816894531239 1 19.768511772155765 20.046527862548832 4.9285030364990243 2 0.22516250610351565 8.0987586975097674 3 8.3661756515502947 4 5 2.8357511758804326 1.495895564556122 27.747475624084476 6 0.30095757544040685 7 99.283218383789077 8 9 1.2889639139175417 1007.1746826171876 10 0.27368450164794927 11 0.62221145629882824
decision_type=2 9 2 2 9 2 2 2 9 2 2 9 2 9 9 2 2 2 9 2 9 2 1 9 2 2 9 2 9 2
left_child=2 6 27 4 5 -3 7 8 -2 11 13 -5 14 -11 15 17 -17 -4 -14 20 21 -16 -15 24 -21 -9 -19 28 -1 -22
right_child=1 3 12 9 -6 -7 -8 25 -10 10 -12 -13 18 22 19 16 -18 26 -20 23 29 -23 -24 -25 -26 -27 -28 -29 -30 -31
leaf_value=0.0085210091932270658 -0.01304067035851487 -0.0047690397511564201 0.0036448433734297225 0.012391843101416484 0.012936370913846118 -0.063858478330381788 0.033775255556312306 0.026314628775017185 0.012971692265076174 -0.0051852563507349524 0.025852156887418293 0.048755996875465821 -0.00045306010238964031 0.0039239142327713011 -0.0088367781206437988 -0.021893386012675656 0.0098311991899517684 0.001725113365676146 0.017525506476716916 0.0082524303735503606 0.0054115658316732651 0.0047168465426809057 0.016904793330435767 -0.00085945341630955382 0.0011421904966300211 0.004966991477366926 0.021517842293849235 0.014116631049713819 0.0016051462446445167 -0.0017900924162200323
leaf_weight=6824 2436 2998 47637 4519 6439 2079 31029 9453 4729 7501 5494 11146 2024 21821 12392 3287 4204 2215 4302 15995 10152 2003 11005 101619 28789 2005 4903 7662 9926 13959
leaf_count=6824 2436 2998 47637 4519 6439 2079 31029 9453 4729 7501 5494 11146 2024 21821 12392 3287 4204 2215 4302 15995 10152 2003 11005 101619 28789 2005 4903 7662 9926 13959
internal_value=0.000702492 0.00168897 0.000267043 0.00095982 -0.00043866 -0.00256072 0.00275986 0.00187689 0.000314983 0.00122193 0.000864131 0.0022673 0.000145504 0.000573865 0.00010317 0.00051431 -0.000719371 0.000683283 0.00179672 -3.52783e-05 -0.000539412 -0.00161637 0.000887292 9.73412e-05 0.000507455 0.00285246 0.00197419 0.00152846 0.00110501 0.000104596
internal_weight=400547 122654 277893 73002 11516 5077 49652 18623 7165 61486 45821 15665 253481 40327 247155 62246 7491 54755 6326 184909 38506 14395 32826 146403 44784 11458 7118 24412 16750 24111
internal_count=400547 122654 277893 73002 11516 5077 49652 18623 7165 61486 45821 15665 253481 40327 247155 62246 7491 54755 6326 184909 38506 14395 32826 146403 44784 11458 7118 24412 16750 24111
cat_boundaries=0 32 55 74 103 132 164 193 225 226 255 284 297
cat_threshold=63 0 0 6000 0 0 71424 0 0 684032 0 0 12648448 0 0 0 0 0 16777216 0 0 536870912 0 0 0 0 0 0 16 0 0 4352 128 0 0 2176 0 0 172032 0 0 1310720 0 0 1966080 0 0 217055232 0 0 100663296 0 0 1073741824 1 57 0 0 1536 0 0 5120 0 0 24576 0 0 65536 0 0 0 0 0 16777216 256 0 0 128 0 0 2048 0 0 1048576 0 0 524288 0 0 385875968 0 0 1879048192 0 0 0 1 0 0 7 0 0 32 64 0 0 0 0 0 16384 0 0 2097152 0 0 393216 0 0 272629760 0 0 2147483648 2 0 2147483648 33 0 0 7 0 0 32 32 0 0 10240 0 0 238848 0 0 1851392 0 0 4849664 0 0 164626432 0 0 50331648 0 0 4026531840 0 0 0 66 0 0 16 0 0 2560 27 0 0 352 0 0 1792 0 0 532480 0 0 0 0 0 0 0 0 0 0 0 0 0 0 0 1 0 0 3584 82 0 0 1312 0 0 4096 0 0 2101248 0 0 3211264 0 0 872415232 0 0 4026531840 3 0 0 17 0 0 532 0 0 9024 0 0 36864 2 851 0 0 6064 0 0 4608 0 0 2166784 0 0 37027840 0 0 872415232 0 0 1610612736 0 0 0 0 0 0 132 0 0 576 0 0 0 0 0 0 98304 0 0 0 0 0 524288 0 0 26214400 0 0 0 0 0 536870912 0 0 0 2 0 0 16 910 0 0 12288 0 0 0 0 0 1970176 0 0 196608
is_linear=0
shrinkage=0.08


Tree=104
num_leaves=31
num_cat=1
split_feature=23 20 22 31 44 14 39 20 25 29 26 31 33 31 25 29 29 34 23 23 33 27 3 13 13 34 24 8 34 27
split_gain=21.7481 10.3087 6.88044 10.1303 5.46014 6.83111 4.3056 3.65185 3.25781 3.81585 3.47619 2.96115 4.519 2.78393 4.2382 2.69974 2.54014 2.38769 2.14319 2.13899 1.89636 1.87828 3.4849 3.29348 1.836 1.79337 1.76556 1.68986 1.6332 1.59665
threshold=27.13706207275391 0.40092861652374273 0.035762786865234382 74.392944335937514 28.5039176940918 1.2496961951255801 0.35861183702945715 1.5976700186729433 7.6077008247375497 0.55918121337890636 7.1454904079437265 72.063686370849624 23.798208236694339 85.694946289062514 5.7451350688934335 0.0050010681152343759 0.76412582397460949 -2.8700866699218746 28.506679534912113 30.073146820068363 22.762175559997562 1007.5455932617189 11.923545837402346 1.0178735852241518 0.61931160092353832 -6.3615417480468741 30.929473876953129 0 -6.9306640624999991 1010.6616516113282
decision_type=2 2 2 2 2 2 2 2 2 2 2 2 2 2 2 2 2 2 2 2 2 2 2 2 2 2 2 1 2 2
left_child=13 18 11 4 6 -6 -4 19 9 10 -5 12 15 16 28 -3 20 -17 -2 -7 29 22 -11 25 -22 26 -24 -19 -15 -1
right_child=1 2 3 8 5 7 -8 -9 -10 21 -12 -13 -14 14 -16 17 -18 27 -20 -21 24 -23 23 -25 -26 -27 -28 -29 -30 -31
leaf_value=0.0071036361071637327 0.012593462386254176 0.028692524578564096 -0.025212692434024801 0.018007215393966641 0.041655952409304933 -0.026293225694793528 -0.010565680403145868 -0.049419349542737703 0.014568054351088924 0.013553689366975648 -0.0040731956107127503 0.025636398910528317 0.048149488035801075 -0.0042123152989859379 0.010107908106228041 0.026272670201529662 -0.0033614617856827741 -0.015331138039452713 0.055235281233796896 0.012087888719785346 0.014416907526818972 -0.00064388138083808417 -0.0027364245345239346 0.015791074936123851 0.0078976007385937724 0.0038687984130461816 -0.02709435192145674 0.010608278338590758 0.0046520218848037564 -0.00059576159494163111
leaf_weight=14435 18251 2481 2142 17218 3314 2477 2468 2378 13004 9220 2178 14652 17558 7636 8121 5717 37697 4587 9555 4803 5000 19997 2076 9096 28100 3965 2336 2137 26276 101056
leaf_count=14435 18251 2481 2142 17218 3314 2477 2468 2378 13004 9220 2178 14652 17558 7636 8121 5717 37697 4587 9555 4803 5000 19997 2076 9096 28100 3965 2336 2137 26276 101056
internal_value=0.00067441 0.00135485 0.00108206 0.000695559 -0.00104093 -0.000199661 -0.0034026 -0.00127513 0.00108167 0.000853667 0.00179656 0.00187451 0.00144783 0.000162939 0.000750946 0.000423788 3.02312e-05 -5.75053e-05 0.00276474 -0.000384088 0.00017903 0.00046167 0.000900723 0.000236344 0.000712776 -0.000907595 -0.00201538 -0.0010787 0.000357526 2.60085e-05
internal_weight=399931 171610 143804 96672 17582 12972 4610 9658 79090 66086 19396 47132 32480 228321 42033 14922 186288 12441 27806 7280 148591 46690 26693 17473 33100 8377 4412 6724 33912 115491
internal_count=399931 171610 143804 96672 17582 12972 4610 9658 79090 66086 19396 47132 32480 228321 42033 14922 186288 12441 27806 7280 148591 46690 26693 17473 33100 8377 4412 6724 33912 115491
cat_boundaries=0 1
cat_threshold=2
is_linear=0
shrinkage=0.08


Tree=105
num_leaves=31
num_cat=2
split_feature=45 14 19 45 28 25 45 23 30 18 45 28 18 29 36 15 6 8 39 36 29 30 30 2 30 27 14 17 18 1
split_gain=30.5804 12.2546 8.39843 5.87684 3.62997 3.52256 3.22216 2.83577 2.70248 6.19973 2.42177 2.17829 2.4303 3.20274 1.96049 1.85159 1.8057 1.66262 1.51504 1.7959 1.4839 2.02191 1.40244 1.87676 1.3777 3.64522 1.96977 2.46511 2.20471 1.88137
threshold=28.192523956298832 0.96786326169967662 0.41575814783573156 32.948644638061531 1002.6515502929689 8.8460636138916033 28.579281806945804 28.629245758056644 1263.0625000000002 1.5115383267402651 27.349493026733402 1006.8746948242189 0.49302548170089727 0.28892135620117193 109.61866378784181 0.26311667263507849 0 1 0.35518749058246618 49.651622772216804 0.68907546997070324 629.31250000000011 1117.6875000000002 1.0000000180025095e-35 21.406250000000004 1009.9419555664064 2.767644047737122 0.87584787607193004 1.2027318477630617 79.750000000000014
decision_type=2 2 2 2 2 2 2 2 2 2 2 2 2 2 2 10 1 1 2 2 2 2 2 2 2 2 2 10 2 2
left_child=2 6 10 4 16 7 11 14 17 -10 15 -2 -13 -14 22 -1 18 -6 -3 -20 -17 -22 24 -24 25 -4 27 -27 -29 -30
right_child=1 3 5 -5 8 -7 -8 -9 9 -11 -12 12 13 -15 -16 20 -18 -19 19 -21 21 -23 23 -25 -26 26 -28 28 29 -31
leaf_value=0.013614286536932476 0.021540405761548923 -0.014146070281775136 0.025454609320482931 0.16532434832475493 0.024191319106528268 0.011324981719801085 0.048941011827347003 -0.019233481855521217 0.023612558987123992 -0.0632384085690577 0.012227928881279363 0.017718232697991342 0.024434409628387183 -0.0091876300233907221 0.0056890034497630894 0.005121098073963725 -0.022213086299377231 0.061010574831104177 0.00013711723631158146 0.028474473647498288 -0.0038716392280924469 0.0067395074922843926 -0.00071694930842276924 0.0063704760845705241 -0.001310513383487707 0.0036808056134738179 0.0074940275772922161 -0.0098152714480377462 0.0021313224097238678 -0.0063004489429654108
leaf_weight=2205 8221 3235 8470 7728 11904 6644 26286 2424 4516 2016 15828 4030 2297 3183 15297 8173 3569 6138 8793 4021 5013 2324 11365 9892 113921 17323 32388 4064 22349 26480
leaf_count=2205 8221 3235 8470 7728 11904 6644 26286 2424 4516 2016 15828 4030 2297 3183 15297 8173 3569 6138 8793 4021 5013 2324 11365 9892 113921 17323 32388 4064 22349 26480
internal_value=0.000648996 0.00189425 0.000256173 0.00106143 0.000705127 0.000108149 0.00287614 6.23223e-05 0.00135275 -4.15774e-05 0.00145 0.0020407 0.00121429 0.000116576 8.76132e-05 0.00080677 -0.000106379 0.0018573 0.000256145 0.000646912 0.000497423 -0.000328297 3.30056e-05 0.000653971 -2.56882e-05 0.000174787 4.30352e-05 -0.000195027 -0.000466287 -0.000317042
internal_weight=400097 95937 304160 51920 44192 270617 44017 263973 24574 6532 33543 17731 9510 5480 261549 17715 19618 18042 16049 12814 15510 7337 246252 21257 224995 111074 102604 70216 52893 48829
internal_count=400097 95937 304160 51920 44192 270617 44017 263973 24574 6532 33543 17731 9510 5480 261549 17715 19618 18042 16049 12814 15510 7337 246252 21257 224995 111074 102604 70216 52893 48829
cat_boundaries=0 1 2
cat_threshold=4 2
is_linear=0
shrinkage=0.08


Tree=106
num_leaves=31
num_cat=0
split_feature=45 14 14 30 27 30 20 21 13 45 45 29 44 23 45 34 18 29 18 34 30 31 16 27 37 7 44 38 7 38
split_gain=29.6915 13.5161 7.37523 6.44966 4.03887 3.80564 3.59612 3.3461 3.33871 3.23331 3.20373 2.79922 2.78795 2.44504 2.02647 1.95778 2.21592 1.74947 1.7246 1.68814 2.01996 1.86763 2.2063 1.77152 1.94988 4.00802 3.08795 2.78666 1.7573 2.31576
threshold=28.192523956298832 0.96786326169967662 0.77500948309898388 504.06250000000006 1007.5455932617189 871.18750000000011 1.5976700186729433 0.36735489964485174 1.6528823375701907 30.933854103088382 28.606468200683597 0.97113037109375011 26.00065898895264 28.418071746826175 26.375752449035648 -1.5457458496093748 0.60151702165603649 0.39176559448242193 1.451089680194855 -6.1772155761718741 77.812500000000014 60.303867340087898 1.0393905043601992 1007.6045227050782 -0.14645004272460935 1.5000000000000002 26.214757919311527 0.13657093048095706 1.5000000000000002 -0.034222602844238274
decision_type=2 2 2 2 2 2 2 2 2 2 2 2 2 2 2 2 2 2 2 2 2 2 10 2 2 2 2 2 2 2
left_child=2 10 4 9 -1 7 11 -6 -8 18 15 -5 -9 19 -14 -2 -17 -7 -3 20 -4 -22 -23 -21 26 -26 28 -28 29 -25
right_child=1 3 13 6 5 17 8 12 -10 -11 -12 -13 14 -15 -16 16 -18 -19 -20 23 21 22 -24 24 25 -27 27 -29 -30 -31
leaf_value=0.0099843917094739523 0.018328416560946734 0.0042973029728808256 0.001517395388724126 0.018137481952340908 0.0063671944968155094 0.017982828495058167 -0.071588597358862194 0.0087615198207100717 0.00012489163115570991 0.10489459753564914 0.048373890317685686 -0.0076261409140973733 -0.0065182305911094356 -0.019054687556917208 -0.00057832641845065324 0.013064923505806179 -0.0097568715327620761 0.0054255247902891173 0.042950048987685133 0.010148098472155377 -0.035121512978575214 -0.015472935395856152 -0.0027029545097738954 -0.0089203231038973031 0.01286608981198328 -0.00067829226880227421 -0.014997441613719336 -0.002761385297873301 0.0023704498802815184 0.0083810089201523559
leaf_weight=16727 13386 7428 24605 19189 8872 4310 2281 6271 3059 9787 25076 4275 2292 3098 37500 3120 2269 18915 5841 8739 2707 2676 17596 13648 28629 56293 3296 4267 38106 5776
leaf_count=16727 13386 7428 24605 19189 8872 4310 2281 6271 3059 9787 25076 4275 2292 3098 37500 3120 2269 18915 5841 8739 2707 2676 17596 13648 28629 56293 3296 4267 38106 5776
internal_value=0.000611073 0.00183997 0.00022453 0.000965491 0.000809594 0.000567993 0.000167141 0.000204932 -0.00170467 0.00196237 0.00287371 0.000593678 -6.91944e-05 -4.05641e-05 -0.000316366 0.00208145 0.000791999 0.0014263 0.00114738 -7.01717e-06 -0.000424927 -0.000964113 -0.000699734 0.000118264 5.37245e-05 0.000306222 -0.000275686 -0.00179427 -7.57733e-05 -0.000694865
internal_weight=400034 95711 304323 51860 94887 78160 28804 54935 5340 23056 43851 23464 46063 209436 39792 18775 5389 23225 13269 206338 47584 22979 20272 158754 150015 84922 65093 7563 57530 19424
internal_count=400034 95711 304323 51860 94887 78160 28804 54935 5340 23056 43851 23464 46063 209436 39792 18775 5389 23225 13269 206338 47584 22979 20272 158754 150015 84922 65093 7563 57530 19424
is_linear=0
shrinkage=0.08


Tree=107
num_leaves=31
num_cat=15
split_feature=45 5 19 29 21 5 5 31 5 29 5 5 34 5 45 5 5 31 5 29 45 5 5 45 31 5 26 5 45 5
split_gain=25.4064 12.9065 6.85321 3.27451 4.77517 2.97667 2.92637 3.3313 4.01276 2.47504 4.58515 2.81817 2.25584 2.36218 2.09403 2.04918 2.03102 1.84859 3.48808 2.85363 2.84846 1.77478 1.75633 1.8024 2.46008 1.5386 1.47808 2.0099 1.99506 1.93348
threshold=28.287750244140629 0 0.45029187202453619 0.037746429443359382 0.96740761399269115 1 2 83.465538024902358 3 0.63878631591796886 4 5 -6.8395080566406241 6 27.402981758117679 7 8 71.231155395507827 9 0.94269180297851574 30.358722686767582 10 11 28.905835151672367 79.011917114257827 12 3.0299737453460698 13 25.217026710510257 14
decision_type=2 9 2 2 2 9 9 2 9 2 9 9 2 9 2 9 9 2 9 2 2 9 9 2 2 9 2 9 2 9
left_child=2 -2 14 -3 22 -6 -4 9 -9 11 -11 -8 13 -10 16 -12 -1 18 -7 -19 -20 -16 -5 24 -24 -14 27 28 -13 -28
right_child=1 3 6 4 5 17 7 8 12 10 15 26 25 -15 21 -17 -18 19 20 -21 -22 -23 23 -25 -26 -27 29 -29 -30 -31
leaf_value=-0.00091123520966920337 0.034975591921393996 0.059010487299245518 -0.0019745497616040129 -0.0016595082000715217 -0.031705023796810318 -0.037271184977725198 0.0074985123518210807 0.010625339581135177 -0.016819159928208611 0.0042908199164998183 -0.021886922131867676 0.0041472710508100715 0.020131378882374446 0.00098351459513036795 0.0048626969093475084 -0.0068287529510467748 0.0045398283420284864 0.031690069828323952 -0.019841829901237548 -0.0057263440923007083 0.028713353865078482 0.013514433831177135 -0.0029187476370555153 0.044848007468427459 0.017204085737778946 0.0032000615699108123 -0.0068514213460206001 -0.0024249121345257599 0.024323152600804351 0.00037644582095375684
leaf_weight=8743 34119 7249 72828 2955 2824 2402 40418 12987 2101 19160 2294 10473 3884 5146 9749 20040 16229 7065 3349 3668 6200 11827 3847 11128 4633 20829 11102 19677 4225 18629
leaf_count=8743 34119 7249 72828 2955 2824 2402 40418 12987 2101 19160 2294 10473 3884 5146 9749 20040 16229 7065 3349 3668 6200 11827 3847 11128 4633 20829 11102 19677 4225 18629
internal_value=0.000611521 0.00179942 0.000269128 0.00104373 0.000804559 5.45498e-05 0.000111189 0.000275729 0.000877906 9.03389e-05 -0.000432344 0.000297855 0.000395247 -0.000844977 0.00116397 -0.0012107 0.000664799 0.000360113 -0.000324053 0.00112185 0.000363256 0.00174113 0.00165206 0.00192541 0.00104594 0.000759293 -3.20618e-05 0.000325142 0.00103221 -0.000445042
internal_weight=399780 89439 310341 55320 48071 25508 263793 190965 44947 146018 41494 104524 31960 7247 46548 22334 24972 22684 11951 10733 9549 21576 22563 19608 8480 24713 64106 34375 14698 29731
internal_count=399780 89439 310341 55320 48071 25508 263793 190965 44947 146018 41494 104524 31960 7247 46548 22334 24972 22684 11951 10733 9549 21576 22563 19608 8480 24713 64106 34375 14698 29731
cat_boundaries=0 32 55 87 119 151 183 212 241 251 273 286 312 341 367 393
cat_threshold=249 0 0 3952 0 0 63232 0 0 536576 0 0 46202880 0 0 0 0 0 16777216 0 0 536870912 0 0 0 0 0 0 16 0 0 4352 0 0 0 0 0 0 0 0 0 0 0 0 393216 0 0 812646400 0 0 0 2 0 0 1 314 0 0 448 0 0 12288 0 0 2097152 0 0 4718592 0 0 2097152 0 0 2801795072 1 0 268435456 27 0 0 160 0 0 512 0 0 21760 577 0 0 4144 0 0 114688 0 0 929792 0 0 10682368 0 0 50331648 0 0 0 0 0 1610612736 0 0 0 2 0 0 12416 0 0 10752 64 0 0 13312 0 0 134144 0 0 1511424 0 0 8388608 0 0 473956352 0 0 134217728 0 0 1610612736 32 0 0 840 0 0 3264 0 0 98816 512 0 0 10800 0 0 1792 0 0 126976 0 0 9568256 0 0 1048576 0 0 1342177280 0 0 2147483648 4 0 0 260 0 0 12592 0 0 43008 0 0 0 0 0 0 1024 0 0 49152 0 0 1310720 0 0 536870912 0 0 1073741824 0 0 0 36 0 0 5 0 0 272 0 0 0 32 0 0 32768 0 0 8192 0 0 65536 0 0 1048576 0 0 268435456 0 0 0 0 0 0 4 0 0 16 341 0 0 11280 0 0 164352 0 0 1056768 0 0 0 0 0 0 0 0 0 0 0 0 0 0 0 134217728 0 0 1677721600 0 0 3221225472 181 0 0 1792 0 0 258048 0 0 393216 0 0 4194304 0 0 0 0 0 0 0 0 0 0 0 0 393216 0 0 17825792 0 0 2147483648 3 0 0 1 0 0 7 0 0 0 0 0 0 0 0 0 16384 0 0 1310720 0 0 80740352 0 0 134217728 0 0 0 0 0 0 0 0 0 2368 133 0 0 1024 0 0 114688 0 0 1835008 0 0 0 0 0 666894336 0 0 134217728 0 0 1610612736 0 0 0 17 68 0 0 0 0 0 81920 0 0 786432 0 0 33816576 0 0 591396864 0 0 0 2 0 1610612736 0 0 0 17
is_linear=0
shrinkage=0.08


Tree=108
num_leaves=31
num_cat=12
split_feature=41 5 21 7 33 25 5 11 25 5 16 5 5 24 25 42 37 5 5 5 41 5 31 5 5 34 5 3 16 34
split_gain=19.6069 14.0305 3.92083 3.65593 3 3.3311 2.84666 3.04973 4.46222 2.51925 2.82349 11.9569 2.29941 2.19653 1.99165 1.98281 1.90442 3.31301 1.97717 1.89027 2.14061 1.70039 1.681 3.91257 1.93332 1.49791 6.18854 2.44494 2.7632 2.11791
threshold=27.827211380004886 0 0.41660760343074804 1.5000000000000002 20.498111724853519 7.4893727302551278 1 1.1874427795410158 4.8322091102600107 2 0.39850167930126196 3 4 36.657012939453132 7.9763841629028329 28.33466720581055 -0.24058532714843747 5 6 7 28.401855468750004 8 85.802875518798842 9 10 -1.5457458496093748 11 78.369640350341811 1.2725729346275332 -5.7536621093749991
decision_type=2 9 2 2 2 2 9 2 2 9 10 9 9 2 2 2 2 9 9 9 2 9 2 9 9 2 9 2 10 2
left_child=2 4 21 13 5 19 7 8 -5 14 11 -11 -13 16 15 -4 17 -3 -18 -2 -21 -1 24 -24 -12 27 -27 -8 -29 -30
right_child=1 3 9 6 -6 -7 25 -9 -10 10 22 12 -14 -15 -16 -17 18 -19 -20 20 -22 -23 23 -25 -26 26 -28 28 29 -31
leaf_value=0.0018759782742306243 0.01159481929942845 -0.022518129106322116 0.0022077818317106025 -0.021199564845997752 0.028366218626280172 0.021843842110570791 0.013951754130761947 0.013967518844464233 0.0065892801471801009 -0.042381705719064904 -0.0030430957641908317 0.02211413833570897 -0.0030269458382030431 0.10831868586346342 0.014481066487291663 0.02252919059172382 0.031851775572028208 0.0091506180779401189 0.011432459387759383 -0.0091808323512251235 0.01405851595485889 0.0078844499861796553 0.014107355351529488 0.00027250669254707887 0.00040455476705574667 -0.020098620148907415 0.013235723618843492 -0.019262660964079557 0.00064884208140703439 0.035726214707226152
leaf_weight=12461 6594 2002 41376 4691 24782 6126 11906 4210 2122 2001 19096 2052 2893 3485 2907 3608 5083 5272 8142 2001 2593 13296 8451 22307 155136 2138 3445 2047 11552 6356
leaf_count=12461 6594 2002 41376 4691 24782 6126 11906 4210 2122 2001 19096 2052 2893 3485 2907 3608 5083 5272 8142 2001 2593 13296 8451 22307 155136 2138 3445 2047 11552 6356
internal_value=0.00056791 0.0014521 0.000213226 0.000776642 0.00261335 0.0018042 0.000376839 -0.000752332 -0.00179804 0.000119875 1.43436e-06 -0.00158367 0.00053575 0.0015844 0.000643777 0.000512424 0.00126754 0.000227348 0.00183906 0.000981604 -0.000265279 0.0011545 5.52196e-05 0.000600364 -4.10463e-05 0.000709374 -0.00049848 0.000921339 0.000379665 0.000698292
internal_weight=400131 114547 285584 72451 42096 17314 48467 11023 6813 259827 211936 6946 4945 23984 47891 44984 20499 7274 13225 11188 4594 25757 204990 30758 174232 37444 5583 31861 19955 17908
internal_count=400131 114547 285584 72451 42096 17314 48467 11023 6813 259827 211936 6946 4945 23984 47891 44984 20499 7274 13225 11188 4594 25757 204990 30758 174232 37444 5583 31861 19955 17908
cat_boundaries=0 32 61 93 125 157 183 209 231 241 273 305 331
cat_threshold=59 0 0 14192 0 0 70400 0 0 536576 0 0 12648448 0 0 0 0 0 16777216 0 0 536870912 0 0 0 0 0 0 0 0 0 256 384 0 0 2048 0 0 32768 0 0 2097152 0 0 131072 0 0 945815552 0 0 1073741824 3 0 0 33 0 0 5 0 0 32 64 0 0 14352 0 0 189440 0 0 1572864 0 0 131072 0 0 208666624 0 0 1610612736 0 0 1073741824 0 0 0 0 0 0 16 0 0 40960 263 0 0 32 0 0 0 0 0 180224 0 0 39911424 0 0 536870912 0 0 100663296 0 0 2684354560 16 0 0 774 0 0 14528 0 0 16896 552 0 0 1152 0 0 0 0 0 0 0 0 18087936 0 0 25165824 0 0 2550136832 3 0 0 46 0 0 241 0 0 768 0 0 2048 0 0 0 0 0 0 43008 0 0 3407872 0 0 917504 0 0 7340032 0 0 33554432 0 0 268435456 1 0 0 5 0 0 0 2176 0 0 140288 0 0 475136 0 0 1048576 0 0 275775488 0 0 33554432 0 0 1342177280 1 0 0 4 18 0 0 12560 0 0 256 0 0 528384 0 0 12582912 0 0 0 0 0 0 0 0 536870912 117 0 0 10608 0 0 180736 0 0 532480 643 0 0 1696 0 0 67840 0 0 323584 0 0 2949120 0 0 50331648 0 0 134217728 0 0 0 0 0 0 2 0 0 14784 0 0 1536 572 0 0 864 0 0 66304 0 0 8192 0 0 0 0 0 16777216 0 0 0 2 0 0 0 0 0 0 0 0 0 0 0 1280 64 0 0 0 0 0 24576 0 0 1441792 0 0 524288 0 0 34603008 0 0 805306368 0 0 3489660928 0 0 0 2
is_linear=0
shrinkage=0.08


Tree=109
num_leaves=31
num_cat=2
split_feature=45 3 45 21 25 34 6 45 38 31 43 25 29 34 18 27 26 1 45 29 31 34 41 32 34 6 34 24 1 41
split_gain=22.1886 11.5101 5.69147 5.56799 3.46646 3.25397 5.56925 2.9017 2.76508 2.21946 2.75115 2.68671 2.2711 2.11036 2.20607 1.99144 2.1257 2.19287 2.88404 1.89889 4.42521 1.87208 1.79203 1.72847 1.71775 1.68922 2.87485 2.29836 2.14495 3.16329
threshold=28.287750244140629 10.082123279571535 31.388112068176273 0.41660760343074804 9.4159884452819842 -6.2691955566406241 0 28.700772285461429 0.26196479797363287 85.267482757568374 28.769401550292972 5.7451350688934335 0.66189956665039074 -1.6274108886718748 0.5924782156944276 1010.3540954589845 3.007140159606934 91.750000000000014 24.886857032775882 0.70965957641601574 79.691581726074233 -5.7536621093749991 23.355064392089847 80.82355117797853 -1.1631774902343748 1 2.0079040527343754 28.822052001953129 74.250000000000014 -1.1528183817863462
decision_type=2 2 2 2 2 2 1 2 2 2 2 2 2 2 2 2 2 2 2 2 2 2 2 2 2 1 2 2 2 2
left_child=3 7 5 19 9 6 -3 13 -4 10 12 -11 15 -2 -15 21 17 18 22 -1 -21 -5 23 -17 -22 26 27 -18 -27 -30
right_child=1 2 8 4 -6 -7 -8 -9 -10 11 -12 -13 -14 14 -16 16 25 -19 -20 20 24 -23 -24 -25 -26 28 -28 -29 29 -31
leaf_value=0.0086599003703329708 0.018724338067635096 0.0004585586850944816 0.0057143990329402514 -0.0014891830063726097 0.011801100225662305 0.014889425268792287 -0.037101513413720887 0.04680677162880012 0.092068204029889161 0.0017208200535963312 -0.022776939471254254 0.0074993623674130417 -0.00253042510061005 0.014479862582983439 -0.0090670417981737091 -0.016448586775927757 0.0019010110612285162 -0.0057844725253275286 0.020749801169312132 -0.0093182989885984505 0.0062341673158949652 0.0098396548225750009 -0.0054844291289072979 0.008426778958859649 -0.0017629231161571609 0.0021770238372214512 0.026199003843579032 -0.022971642252987909 0.0011484316971767602 -0.0074504442804951953
leaf_weight=16607 12261 12608 3685 9271 5138 20561 2155 21614 11770 39492 2174 8402 68157 2691 2268 4874 13429 11536 10536 2542 11758 17353 6910 32693 2375 9834 4012 2054 11642 19616
leaf_count=16607 12261 12608 3685 9271 5138 20561 2155 21614 11770 39492 2174 8402 68157 2691 2268 4874 13429 11536 10536 2542 11758 17353 6910 32693 2375 9834 4012 2054 11642 19616
internal_value=0.000539542 0.00164837 0.000855225 0.000219384 0.000101944 0.000294787 -0.000611115 0.002685 0.00213514 6.3016e-05 -4.26414e-05 0.000557281 -1.48336e-05 0.0019083 0.000514389 0.000155557 2.37838e-05 0.000335883 0.000546172 0.00119692 0.000593347 0.000784561 0.000264077 0.000481891 0.00114629 -0.000319026 0.000294133 -0.000200607 -0.000609846 -0.000934118
internal_weight=400018 89613 50779 310405 277123 35324 14763 38834 15455 271985 224091 47894 221917 17220 4959 153760 127136 66549 55013 33282 16675 26624 44477 37567 14133 60587 19495 15483 41092 31258
internal_count=400018 89613 50779 310405 277123 35324 14763 38834 15455 271985 224091 47894 221917 17220 4959 153760 127136 66549 55013 33282 16675 26624 44477 37567 14133 60587 19495 15483 41092 31258
cat_boundaries=0 1 2
cat_threshold=4 6
is_linear=0
shrinkage=0.08


Tree=110
num_leaves=31
num_cat=14
split_feature=43 5 5 37 5 7 41 15 5 37 5 39 6 5 14 5 32 34 19 5 41 5 5 25 27 5 6 5 37 40
split_gain=17.1261 13.5674 4.57618 3.70702 6.05065 3.9454 3.35637 2.82269 2.77513 2.50573 2.39482 2.32568 4.00485 2.56731 2.30582 2.87441 2.80705 1.84149 1.76946 1.74598 1.6485 1.83916 1.60172 1.58212 1.53747 3.19842 2.00041 1.81514 1.44339 1.41551
threshold=28.256079673767093 0 1 -0.69187164306640614 2 1.5000000000000002 27.399603843688968 0.24051281809806827 3 -0.81534576416015614 4 0.19427938014268878 5 6 1.6148297786712649 7 554.36495971679699 -1.5457458496093748 0.46872697770595556 8 29.949701309204105 9 10 9.6195292472839373 1009.5068664550782 11 12 13 0.88723754882812511 0.91925811767578136
decision_type=2 9 9 2 9 2 2 10 9 2 9 2 1 9 2 9 2 2 2 9 2 9 9 2 2 9 1 9 2 2
left_child=2 9 6 4 -3 19 7 -1 28 -2 -8 12 -9 -14 15 -13 -16 22 -11 -5 21 -6 -10 -4 27 -26 -27 -12 29 -7
right_child=1 3 23 5 20 8 10 11 17 18 24 14 13 -15 16 -17 -18 -19 -20 -21 -22 -23 -24 -25 25 26 -28 -29 -30 -31
leaf_value=0.013439617033989359 0.0027232670552999219 -0.032675085173251878 9.3023055996564638e-05 0.011830055453755576 -0.030410784191778572 -0.010360490322739236 0.013264880438466544 -0.0077074664081160926 0.030915863488155292 0.033312082074501273 0.0099738617191946818 -0.0014931006796325714 0.0086677594254238322 -0.0023058947923903553 0.0014216413096387575 0.0077417597469618838 -0.02363009581911172 -0.0044803779345507213 0.019184992446294818 0.035928905523631663 0.033460406690812773 0.0085364489214570134 0.013494624989117354 0.015612756718668299 -0.010044900214560044 0.011978239932439976 -0.0015964227790829213 0.0027326990912054888 -0.025870171304763538 0.01173749433733173
leaf_weight=2518 2428 3794 214022 4564 2059 2565 7277 2741 3023 17810 10364 7750 3857 8580 9218 18640 2169 3217 14743 10708 3167 3327 14266 2307 2756 5465 3668 5671 2051 5105
leaf_count=2518 2428 3794 214022 4564 2059 2565 7277 2741 3023 17810 10364 7750 3857 8580 9218 18640 2169 3217 14743 10708 3167 3327 14266 2307 2756 5465 3668 5671 2051 5105
internal_value=0.000526911 0.00147902 0.000238987 0.00072623 -0.000502711 0.00105992 0.00071599 0.000328245 0.000530079 0.00272232 0.00132697 0.000203531 -0.000632605 -2.02295e-05 0.000539551 0.00095 -0.000411687 0.00105739 0.00290796 0.00210758 0.000677942 -0.000173462 0.00138482 3.89927e-05 0.000988262 0.000298849 0.00101956 0.00149953 -0.000582692 -7.81249e-05
internal_weight=399830 92827 307003 57846 12347 45499 90674 55473 30227 34981 35201 52955 15178 12437 37777 26390 11387 20506 32553 15272 8553 5386 17289 216329 27924 11889 9133 16035 9721 7670
internal_count=399830 92827 307003 57846 12347 45499 90674 55473 30227 34981 35201 52955 15178 12437 37777 26390 11387 20506 32553 15272 8553 5386 17289 216329 27924 11889 9133 16035 9721 7670
cat_boundaries=0 32 54 76 105 127 128 144 160 186 212 225 241 242 258
cat_threshold=377 0 0 16240 0 0 161536 0 0 12288 0 0 12648448 0 0 0 0 0 16777216 2 0 536870912 0 0 0 0 0 0 0 0 0 4352 526 0 0 14896 0 0 99072 0 0 1978368 0 0 15925248 0 0 49283072 0 0 0 0 0 1073741824 130 0 0 0 0 0 65536 0 0 1572864 0 0 917504 0 0 15728640 0 0 100663296 0 0 1073741824 514 0 0 0 0 0 0 0 0 0 0 0 1048576 0 0 959447040 0 0 3758096384 0 0 2147483648 1 0 0 6 0 0 48 0 0 0 4096 0 0 768 0 0 12288 0 0 8388608 0 0 33554432 0 0 0 0 0 1073741824 1 12 0 0 2560 0 0 0 0 0 266240 0 0 12713984 0 0 15728640 516 0 0 12288 0 0 512 0 0 1056768 0 0 8388608 0 0 33554432 6 0 0 0 0 0 0 0 0 32768 0 0 2621440 0 0 654311424 0 0 3489660928 1 0 0 1 0 0 7 0 0 0 128 0 0 0 0 0 49152 0 0 36700160 0 0 369098752 0 0 0 0 0 268435456 1 0 0 7 128 0 0 0 0 0 0 0 0 1458176 0 0 524288 8 0 0 2560 0 0 32768 0 0 786432 0 0 0 0 0 1048576 3 2 0 0 10768 0 0 98304 0 0 1835008 0 0 4194304 0 0 1048576
is_linear=0
shrinkage=0.08


Tree=111
num_leaves=31
num_cat=13
split_feature=45 5 17 5 25 29 18 5 23 19 29 31 5 5 31 5 29 5 5 38 25 5 29 32 45 5 5 12 5 5
split_gain=20.468 11.7561 5.52282 4.05033 3.47587 3.38999 3.5558 9.05728 2.5963 2.44099 2.40478 4.27184 3.37505 2.37665 2.16196 2.06554 1.95545 2.81909 1.88572 2.00116 1.85481 1.73595 1.65725 1.56527 2.09831 2.04861 1.67713 1.49273 1.47955 1.40837
threshold=28.338005065917972 0 0.56485557556152355 1 9.4159884452819842 0.2112846374511719 1.6416606307029726 2 28.629245758056644 0.48064850270748144 0.70965957641601574 80.544929504394545 3 4 80.744857788085952 5 0.69400787353515636 6 7 0.93822860717773449 6.7359921932220468 8 0.037746429443359382 710.58251953125011 27.207074165344242 9 10 0.37143747508525854 11 12
decision_type=2 9 10 9 2 2 2 9 2 2 2 2 9 9 2 9 2 9 9 2 2 9 2 2 2 9 9 2 9 9
left_child=2 27 3 9 8 18 13 -8 21 -1 23 12 -12 -7 -11 -13 29 -18 -3 22 -17 -4 -20 24 26 -25 -5 -2 -21 -15
right_child=1 5 4 10 -6 6 7 -9 -10 14 11 15 -14 16 -16 20 17 -19 19 28 -22 -23 -24 25 -26 -27 -28 -29 -30 -31
leaf_value=0.0020179786489740868 0.037925809558551259 0.052259010815237615 0.0028271848454445446 0.017747111186173489 0.013488334410483822 0.015456587395814294 0.01630628652920757 -0.056772259414935203 -0.015053040439429084 -0.013091510183791255 0.002957608776692682 0.012008461910271748 -0.014556709316002645 -0.0065492245760810875 0.0016028498167408914 -0.0011409839436020001 -0.027745840476396392 0.0015940080178811131 0.030090070197391256 0.011904260765191986 0.0075742476372712446 -0.00068985949202433232 -0.017430203114724933 -0.0023425780469278892 0.017798681714085031 0.0093105041120320458 0.0027631083452850031 0.024727858192777667 0.073446130113126548 0.032337176874584074
leaf_weight=10473 11942 5578 65164 2326 3972 14853 3776 2084 3346 2576 2081 5696 2042 2176 2011 6033 2110 7185 2034 2153 5750 180570 2724 3159 8739 3008 6701 20845 4531 4389
leaf_count=10473 11942 5578 65164 2326 3972 14853 3776 2084 3346 2576 2081 5696 2042 2176 2011 6033 2110 7185 2034 2153 5750 180570 2724 3159 8739 3008 6701 20845 4531 4389
internal_value=0.000502424 0.00159278 0.000202093 0.000888046 3.7809e-05 0.000861955 0.000427849 -0.00137649 3.21273e-07 -0.000249337 0.00126397 0.00065186 -0.00166175 0.000772451 -0.00178638 0.00119824 9.06802e-05 -0.000655561 0.00179448 0.00120119 0.000590697 3.05034e-05 -5.20133e-05 0.00181648 0.00219757 0.000716853 0.00133983 0.00278563 0.00209382 0.00114677
internal_weight=400027 86380 313647 60595 253052 53593 36573 5860 249080 15060 45535 21602 4123 30713 4587 17479 15860 9295 17020 11442 11783 245734 4758 23933 17766 6167 9027 32787 6684 6565
internal_count=400027 86380 313647 60595 253052 53593 36573 5860 249080 15060 45535 21602 4123 30713 4587 17479 15860 9295 17020 11442 11783 245734 4758 23933 17766 6167 9027 32787 6684 6565
cat_boundaries=0 32 61 90 103 125 148 171 194 226 252 281 310 333
cat_threshold=249 0 0 3952 0 0 161536 0 0 274432 0 0 29425664 0 0 0 0 0 16777216 0 0 536870912 0 0 0 0 0 0 16 0 0 4352 407 0 0 1024 0 0 155648 0 0 262144 0 0 262144 0 0 805306368 0 0 2264924160 3 0 1610612736 17 0 0 768 0 0 14496 0 0 0 0 0 0 2048 0 0 81920 0 0 0 0 0 125829120 0 0 134217728 0 0 268435456 0 0 0 6 0 0 32 608 0 0 4544 0 0 6912 0 0 1245184 0 0 131072 516 0 0 12416 0 0 100352 0 0 131072 0 0 524288 0 0 201326592 0 0 1946157056 1 0 1073741824 0 0 0 528 0 0 36864 0 0 2686976 0 0 63111168 0 0 135266304 0 0 0 0 0 0 2 0 0 0 0 0 0 0 0 0 1097728 0 0 3145728 0 0 29360128 0 0 0 0 0 0 1 4 0 0 0 0 0 98304 0 0 2736128 0 0 36700160 0 0 671088640 0 0 2382364672 1 0 0 1 595 0 0 9232 0 0 32768 0 0 339968 0 0 36962304 0 0 104857600 0 0 0 0 0 1610612736 0 0 0 35 0 0 2128 0 0 107008 512 0 0 12944 0 0 99072 0 0 1081344 0 0 29360128 0 0 0 0 0 0 0 0 0 0 0 0 64 512 0 0 544 0 0 3584 0 0 2187264 0 0 18481152 0 0 166723584 0 0 2013265920 0 0 0 42 0 0 208 0 0 272 0 0 0 128 0 0 2048 0 0 0 0 0 524288 0 0 301989888 0 0 1879048192 0 0 2147483648 0 0 0 2 0 0 32 258 0 0 0 0 0 0 0 0 2097152 0 0 33947648 0 0 805306368 0 0 33554432 2 0 0 1
is_linear=0
shrinkage=0.08


Tree=112
num_leaves=31
num_cat=12
split_feature=43 5 5 37 5 5 31 33 5 5 32 27 7 21 43 33 24 17 26 5 5 40 28 5 34 5 5 11 33 5
split_gain=14.2075 12.9112 4.20019 3.10813 5.37038 3.28899 2.53889 3.27324 3.3881 2.85324 2.41438 2.72315 2.37922 2.2055 2.20009 1.89499 1.85936 1.69832 2.33977 3.32018 1.99648 1.68893 1.54817 3.12389 1.49585 2.23609 2.11512 1.50866 1.46043 1.61858
threshold=28.256079673767093 0 1 -0.48679351806640619 2 3 83.755573272705092 16.12780857086182 4 5 559.37963867187511 1004.5337829589845 1.5000000000000002 0.49809969961643225 27.22858810424805 23.720640182495121 26.908325195312504 1.3564917445182803 5.2401914596557626 6 7 2.212773442268372 1006.8228149414064 8 -6.1772155761718741 9 10 1.1557192206382754 21.001152038574222 11
decision_type=2 9 9 2 9 9 2 2 9 9 2 2 2 2 2 2 2 10 2 9 9 2 2 9 2 9 9 2 2 9
left_child=2 13 6 4 10 -5 7 8 -1 -8 -3 -12 -7 -2 -11 17 -10 18 20 -20 -9 -19 24 -24 26 -26 -14 -28 29 -15
right_child=1 3 -4 5 -6 12 9 15 16 14 11 -13 22 28 -16 -17 -18 21 19 -21 -22 -23 23 -25 25 -27 27 -29 -30 -31
leaf_value=-0.012407488033177394 0.027471253132587907 0.00094394440954903265 0.00013857140762187583 -0.0049037076417080931 0.0079232763609796992 0.030088974895220898 0.010888178021656718 0.012642406384597557 -0.015948278438226559 -0.00011469417992087283 -0.015110869519391725 -0.057487879471511107 0.025090470759466292 -0.0056362753012616038 0.0094327760118188136 0.013628191362868912 0.0030736199316407139 -0.013478784525762875 0.0067816219053756059 -0.0026816357907151821 0.0029327227194570196 0.0042133690155546936 -0.012931730834305545 0.010539234655422726 0.0089206093715189626 0.033984762507689802 -0.019608322458316264 0.0096388125562329018 0.029374141836072509 0.014537041782041306
leaf_weight=3001 19982 2024 216599 8227 9709 11636 9789 9743 2679 9933 2136 2230 3198 2097 6113 6826 6612 4004 6534 9754 9903 5117 2386 3278 3715 5514 2378 2580 7660 3989
leaf_count=3001 19982 2024 216599 8227 9709 11636 9789 9743 2679 9933 2136 2230 3198 2097 6113 6826 6612 4004 6534 9754 9903 5117 2386 3278 3715 5514 2378 2580 7660 3989
internal_value=0.000476227 0.0013438 0.000213778 0.000629568 -0.000318083 0.000985229 0.000673035 0.000403409 -0.000769956 0.00134262 -0.00211544 -0.0031755 0.00132603 0.00259192 0.00068368 0.000681506 -1.24583e-05 0.000493066 0.000740485 3.1415e-05 0.00132804 -0.000481437 0.000855024 -0.000293267 0.00122909 0.00192618 0.000438893 -0.000596223 0.00181041 0.000883202
internal_weight=399346 92739 306607 59011 16099 42912 90008 64173 12292 25835 6390 4366 34685 33728 16046 51881 9291 45055 35934 16288 19646 9121 23049 5664 17385 9229 8156 4958 13746 6086
internal_count=399346 92739 306607 59011 16099 42912 90008 64173 12292 25835 6390 4366 34685 33728 16046 51881 9291 45055 35934 16288 19646 9121 23049 5664 17385 9229 8156 4958 13746 6086
cat_boundaries=0 32 61 90 119 132 148 164 190 212 238 264 283
cat_threshold=249 0 0 6000 0 0 161536 0 0 12288 0 0 12648448 0 0 0 0 0 16777216 0 0 536870912 0 0 0 0 0 0 0 0 0 4352 512 0 0 14896 0 0 103168 0 0 1847296 0 0 28508160 0 0 116391936 0 0 33554432 0 0 0 0 0 0 2 0 0 16 2 0 0 2048 0 0 98304 0 0 2949120 0 0 34471936 0 0 49283072 0 0 100663296 0 0 1073741824 1 0 0 1 0 0 16 516 0 0 0 0 0 0 0 0 0 0 0 1048576 0 0 822083584 0 0 3221225472 3 0 2147483648 1 0 0 6 0 0 16 0 0 0 0 0 0 98304 0 0 274432 0 0 25362432 0 0 0 8720 0 0 98304 0 0 790528 0 0 8454144 0 0 9437184 512 0 0 0 0 0 70144 0 0 8192 0 0 27459584 0 0 1048576 0 0 0 10272 0 0 33536 0 0 1052672 0 0 26214400 0 0 104857600 0 0 0 0 0 0 0 0 0 2 2 0 0 2048 0 0 98304 0 0 1490944 0 0 19398656 0 0 33554432 0 0 939524096 0 0 1073741824 0 0 0 128 0 0 100352 0 0 2097152 0 0 33685504 0 0 203423744 0 0 805306368 0 0 1073741824 0 0 0 1 0 0 0 128 0 0 2048 0 0 393216 0 0 34209792 0 0 33554432 0 0 805306368 0 0 1073741824 0 0 0 1 0 0 0 5696 0 0 1536 0 0 12288 0 0 8454144 0 0 0 0 0 16777216
is_linear=0
shrinkage=0.08


Tree=113
num_leaves=31
num_cat=9
split_feature=41 2 11 22 5 5 5 25 30 5 41 5 22 41 40 31 5 30 23 5 24 5 41 24 10 10 5 2 27 44
split_gain=13.869 10.027 6.24616 5.29315 5.16921 3.79721 3.50708 3.19994 3.06519 3.02302 2.6713 2.12916 2.17808 3.57244 2.116 2.10494 2.5522 1.90464 1.70564 2.51715 1.70062 1.67622 1.80369 1.66585 1.70046 1.60431 3.8388 1.8735 2.03503 2.00717
threshold=28.513652801513675 1.0000000180025095e-35 0.28695842623710638 1.0085105895996096 0 1 2 9.4159884452819842 1204.4375000000002 3 27.464397430419925 4 3.1371116638183598 27.767153739929203 0.80582046508789074 86.018665313720717 5 1342.9375000000002 26.86307525634766 6 33.003585815429695 7 28.93946743011475 37.954620361328132 1.275743365287781 0.31394113600254064 8 1.0000000180025095e-35 1006.5191040039064 26.429767608642582
decision_type=2 2 2 2 9 9 9 2 2 9 2 9 2 2 2 2 9 2 2 9 2 9 2 2 2 2 9 2 2 2
left_child=2 3 5 6 -5 10 8 11 -2 -9 -1 12 17 15 -6 16 -14 -4 19 -7 -16 -3 -23 24 -8 26 -13 -27 -29 -30
right_child=1 21 7 4 14 18 23 9 -10 -11 -12 25 13 -15 20 -17 -18 -19 -20 -21 -22 22 -24 -25 -26 27 -28 28 29 -31
leaf_value=-0.0062325183258110563 0.019753975478157892 0.036194025180234124 -0.0010492405174747144 -0.034849655587534924 -0.010246877426075551 -0.0024917704737627759 0.039956464373383162 -0.0027457065374048564 -0.036654541564226914 0.01360052880725718 0.0063573814429250487 -0.005315192663401822 -0.01784638429400752 -0.0098010399871116469 0.015362288998443186 0.0013265954623858885 -0.0010647439244091713 0.011567228242609504 0.011548963981296675 0.0085336242367211861 -0.012388939773271384 0.0096260455197592909 0.041348872419085934 0.12061991601454553 0.0091372147083462387 0.001196638370566174 0.0057434004394664052 0.010263230757637439 0.0068334466337092786 0.0013052468548634321
leaf_weight=3712 7605 10334 55778 2890 2662 3183 8271 2198 2536 4993 3988 6406 3986 3555 7538 9924 5232 4653 15550 3669 2879 7135 4759 6180 6412 148741 3422 3506 8289 40300
leaf_count=3712 7605 10334 55778 2890 2662 3183 8271 2198 2536 4993 3988 6406 3986 3555 7538 9924 5232 4653 15550 3669 2879 7135 4759 6180 6412 148741 3422 3506 8289 40300
internal_value=0.000442732 0.00147266 0.000227427 0.00080991 -0.00037324 0.00132598 0.00141923 0.000117518 0.000197225 0.00178364 -0.000207254 7.66776e-05 -0.000266128 -0.000934161 0.000305062 -0.000500835 -0.00137061 -1.51552e-05 0.00185211 0.000799767 0.000819795 0.0028722 0.00221387 0.00201178 0.00154713 0.000211957 -0.000785525 0.000260817 0.00067364 0.000539024
internal_weight=400286 69201 331085 46973 15969 30102 31004 300983 10141 7191 7700 293792 83128 22697 13079 19142 9218 60431 22402 6852 10417 22228 11894 20863 14683 210664 9828 200836 52095 48589
internal_count=400286 69201 331085 46973 15969 30102 31004 300983 10141 7191 7700 293792 83128 22697 13079 19142 9218 60431 22402 6852 10417 22228 11894 20863 14683 210664 9828 200836 52095 48589
cat_boundaries=0 29 55 84 100 132 164 180 196 212
cat_threshold=0 0 0 0 0 0 5120 0 0 114688 0 0 17694720 0 0 13631488 0 0 50331648 0 0 0 0 0 0 5 0 0 32 903 0 0 1040 0 0 198656 0 0 2359296 0 0 786432 0 0 327155712 0 0 3875536896 1 0 1610612736 18 0 0 128 0 0 0 0 0 0 0 0 0 0 0 0 37945344 0 0 24117248 0 0 2952790016 2 0 3221225472 1 0 0 7 0 0 32 18 0 0 352 0 0 8192 0 0 405504 0 0 8585216 0 0 1048576 120 0 0 2240 0 0 27136 0 0 2269184 0 0 65536 0 0 269484032 0 0 0 1 0 268435456 27 0 0 528 0 0 288 0 0 53504 8 0 0 0 0 0 512 0 0 40960 0 0 65536 0 0 269484032 0 0 0 0 0 268435456 25 0 0 512 0 0 32 0 0 49408 16 0 0 11104 0 0 41728 0 0 1712128 0 0 8388608 0 0 140509184 248 0 0 3968 0 0 50432 0 0 339968 0 0 2162688 0 0 1048576 386 0 0 5936 0 0 102656 0 0 1576960 0 0 34078720 0 0 536870912
is_linear=0
shrinkage=0.08


Tree=114
num_leaves=31
num_cat=12
split_feature=45 5 20 45 36 5 5 41 10 26 18 5 34 5 27 5 10 14 5 5 30 41 29 5 13 5 5 42 37 5
split_gain=18.5354 10.025 5.17486 4.19417 3.30999 7.60025 3.64941 4.57963 3.94559 5.07374 3.68503 5.24608 2.90925 4.1656 4.91659 3.66902 2.58772 2.2585 2.56122 2.23294 2.02437 1.96841 2.39817 2.45997 2.15585 1.94091 1.93067 1.78292 1.75284 1.74609
threshold=28.441132545471195 0 0.37678891420364385 33.349782943725593 101.55916213989259 1 2 27.355570793151859 2.4935541152954106 2.7084915637969975 0.52605828642845165 3 -6.7512817382812491 4 1008.3405761718751 5 0.26698724925518041 0.74758830666542064 6 7 1005.9375000000001 31.598865509033207 0.33594131469726568 8 1.0710186362266543 9 10 28.418071746826175 -0.92414093017578114 11
decision_type=2 9 2 2 2 9 9 2 2 2 2 9 2 9 2 9 2 2 9 9 2 2 2 9 2 9 9 2 2 9
left_child=2 -2 26 12 6 25 7 8 16 -10 29 -12 15 14 -14 -3 -4 18 -8 -18 -20 22 -17 24 -24 -6 -1 -19 -15 -9
right_child=1 3 4 -5 5 -7 17 10 9 -11 11 -13 13 28 -16 21 19 27 20 -21 -22 -23 23 -25 -26 -27 -28 -29 -30 -31
leaf_value=0.010577998776447571 0.029645444825182374 0.013954470061111309 -0.0065937536516394047 0.15196655061359468 -0.010706443597314649 0.011672326059817042 0.0089260240643504324 -0.0050230538743510165 0.0025507627890531842 -0.044465783489371392 -0.014938877585217591 -0.0066656692138170508 0.014353701234759614 -0.0045695226441003845 -0.026037443486442335 0.035811919753524726 0.0067756993530388885 0.00067792867212318508 -0.00025298769379166001 -0.00046383421497299605 0.0064520887455397566 -0.038245686786170567 -0.016846503419806324 -0.032956852990328266 0.022210064352746167 2.8432540077316885e-05 0.0032569929675759592 -0.012619110756555831 0.02633528654988199 0.0015346392247498496
leaf_weight=6260 21568 7774 2134 6228 2699 13421 10054 3231 2449 2104 2760 8554 7468 2007 3037 2039 13362 168452 22248 21776 9819 2023 2189 2862 2648 7706 13119 3752 20162 6413
leaf_count=6260 21568 7774 2134 6228 2699 13421 10054 3231 2449 2104 2760 8554 7468 2007 3037 2039 13362 168452 22248 21776 9819 2023 2189 2862 2648 7706 13119 3752 20162 6413
internal_value=0.000436822 0.00152596 0.000164746 0.000981029 8.31252e-05 0.00098775 5.31192e-06 -0.000530994 -4.73287e-05 -0.00226781 -0.00149599 -0.00247474 0.000746778 0.00120842 -0.000104513 -2.55819e-05 0.000224452 0.000162448 0.000687475 0.000388984 0.000337458 -0.000916391 -0.000443988 -0.00109015 1.40005e-05 -0.000635012 0.00143153 3.40043e-05 0.00182956 -0.000346385
internal_weight=400318 80005 320313 58437 300934 23826 277108 62783 41825 4553 20958 11314 52209 32674 10505 19535 37272 214325 42121 35138 32067 11761 9738 7699 4837 10405 19379 172204 22169 9644
internal_count=400318 80005 320313 58437 300934 23826 277108 62783 41825 4553 20958 11314 52209 32674 10505 19535 37272 214325 42121 35138 32067 11761 9738 7699 4837 10405 19379 172204 22169 9644
cat_boundaries=0 32 61 93 112 138 167 190 222 251 280 293 300
cat_threshold=761 0 0 3952 0 0 259840 0 0 12288 0 0 65536 0 0 0 0 0 0 0 0 0 0 0 0 0 0 0 0 0 0 4352 264 0 0 192 0 0 142848 0 0 3276800 0 0 6160384 0 0 939524096 0 0 2181038080 3 0 3221225472 60 0 0 4 0 0 32 638 0 0 1952 0 0 63488 0 0 2113536 0 0 33619968 0 0 0 0 0 3338665984 0 0 805306368 0 0 0 0 0 0 0 0 0 4864 120 0 0 256 0 0 32768 0 0 0 0 0 0 0 0 0 0 0 33554432 256 0 0 12288 0 0 2048 0 0 1835008 0 0 524288 0 0 855638016 0 0 4026531840 3 0 2415919104 1 0 0 7 0 0 0 0 0 0 0 0 0 917504 0 0 46792704 0 0 570425344 0 0 1879048192 3 0 2952790016 0 0 0 1 0 0 16 0 0 0 64 0 0 1536 0 0 73728 0 0 31850496 0 0 1048576 0 0 0 0 0 0 7 106 0 0 1792 0 0 61440 0 0 0 0 0 0 0 0 0 0 0 100663296 0 0 536870912 0 0 0 0 0 0 0 0 0 4352 0 0 0 0 0 0 0 0 0 0 0 0 0 0 0 477102080 0 0 2348810240 0 0 1073741824 1 0 0 4 0 0 32 8 0 0 64 0 0 131072 0 0 0 0 0 5242880 0 0 0 0 0 0 0 0 0 40 0 0 4 0 0 32 526 0 0 96 0 0 4608 0 0 1048576 0 0 65536 2 0 0 1024 0 0 24576
is_linear=0
shrinkage=0.08


Tree=115
num_leaves=31
num_cat=9
split_feature=45 21 45 20 25 5 5 34 5 5 25 33 25 36 12 33 5 5 5 41 28 35 5 21 30 45 5 35 30 30
split_gain=15.6123 10.3028 4.66653 3.99454 3.08529 3.44337 2.72361 2.65876 3.10121 2.34478 2.24022 2.20559 2.05024 2.03152 1.97904 1.9457 7.48868 3.69642 3.51504 6.07412 2.37258 2.07524 2.00243 1.79484 1.78897 1.70248 2.23318 1.52822 1.42863 2.37867
threshold=28.468694686889652 0.64089176058769237 33.349782943725593 0.34479752182960516 9.4159884452819842 0 1 -6.4603576660156241 2 3 3.7920384407043461 19.990847587585453 2.0920538902282719 0.67090988159179699 1.0865610241889956 22.69727993011475 4 5 6 28.129172325134281 1010.2178344726564 7.8520774841308603 7 0.84274867177009594 1263.0625000000002 28.905835151672367 8 27.011871337890629 860.31250000000011 37.437500000000007
decision_type=2 2 2 2 2 9 9 2 9 9 2 2 2 2 2 2 9 9 9 2 2 2 9 2 2 2 9 2 2 2
left_child=3 25 6 11 15 -6 24 8 10 13 14 -1 -10 -9 -8 18 -17 20 19 21 23 28 -23 -18 -3 26 -2 -20 29 -5
right_child=1 2 -4 4 5 -7 7 9 12 -11 -12 -13 -14 -15 -16 16 17 -19 27 -21 -22 22 -24 -25 -26 -27 -28 -29 -30 -31
leaf_value=0.0015677932545405432 0.023553555578061304 4.1887081428064248e-06 0.13515592228830733 -0.0018482138448495846 -0.0025103993984344213 0.015910415312016521 -0.04097768603287736 -0.028478863690840038 -0.010800635761829833 0.030225823179852181 0.0082107153083249389 0.01004841464923851 0.026855561558074365 0.013417515492869859 -0.0077634143765291253 0.016910973681366365 -0.0033995244232496954 0.004042137383346577 0.00067745391711021227 -0.014747983222083419 0.004230159243099039 0.0085704075583238008 -0.00092906624813482094 -0.042385438201648133 -0.023305052768600704 0.047875312289479111 0.0043028004904830473 0.008308095322093853 0.0019794196584703087 -0.0060798281882575664
leaf_weight=4572 7616 4253 6141 21857 2403 5069 2101 2052 2936 14918 2638 6593 6183 5486 2600 9609 2002 35989 185900 2921 2558 4331 6343 2030 2504 13846 5308 5693 7263 16441
leaf_count=4572 7616 4253 6141 21857 2403 5069 2101 2052 2936 14918 2638 6593 6183 5486 2600 9609 2002 35989 185900 2921 2558 4331 6343 2030 2504 13846 5308 5693 7263 16441
internal_value=0.000402193 0.00141297 0.000754274 0.000155157 0.000101656 0.0017065 0.000475559 0.000732933 -3.93489e-05 0.00129903 -0.00126158 0.00164116 0.000944961 0.000147129 -0.00230864 6.20176e-05 0.00050638 5.06116e-05 -3.04833e-05 -0.00056942 -0.00168835 -0.00038439 0.000619244 -0.00289758 -0.00100516 0.00268708 0.00202381 0.000135962 -0.000619604 -0.00081466
internal_weight=400156 78582 51812 321574 310409 7472 45671 38914 16458 22456 7339 11165 9119 7538 4701 302937 52188 42579 250749 59156 6590 56235 10674 4032 6757 26770 12924 191593 45561 38298
internal_count=400156 78582 51812 321574 310409 7472 45671 38914 16458 22456 7339 11165 9119 7538 4701 302937 52188 42579 250749 59156 6590 56235 10674 4032 6757 26770 12924 191593 45561 38298
cat_boundaries=0 16 45 64 86 118 150 182 211 230
cat_threshold=23 0 0 320 0 0 24832 0 0 405504 0 0 196608 0 0 134217728 20 0 0 8192 0 0 0 0 0 393216 0 0 25296896 0 0 289406976 0 0 2147483648 2 0 0 1 0 0 3 0 0 32 0 0 0 0 0 0 0 0 0 114688 0 0 3407872 0 0 78643200 0 0 251658240 0 0 0 0 0 0 137216 0 0 2637824 0 0 35127296 0 0 570425344 0 0 1879048192 1 0 2147483648 864 0 0 7680 0 0 81152 0 0 880640 0 0 12713984 0 0 352321536 0 0 805306368 0 0 1073741824 0 0 0 0 0 0 16 0 0 10240 4 0 0 160 0 0 512 0 0 32768 0 0 51642368 0 0 15728640 0 0 16777216 0 0 2952790016 33 0 0 0 0 0 0 0 0 36864 75 0 0 1856 0 0 65280 0 0 12288 0 0 65536 0 0 268435456 0 0 0 0 0 1073741824 0 0 0 656 0 0 304 0 0 76544 64 0 0 512 0 0 61440 0 0 4096 0 0 65536 0 0 0 0 0 0 0 0 0 0 0 0 144 0 0 32 248 0 0 7936 0 0 118528 0 0 2174976 0 0 4259840 0 0 134217728 0 0 16777216
is_linear=0
shrinkage=0.08


Tree=116
num_leaves=31
num_cat=1
split_feature=45 21 20 29 36 20 13 45 22 9 36 3 22 34 1 40 3 1 27 24 45 10 38 12 34 43 24 44 43 11
split_gain=14.5713 8.47554 4.48454 4.38469 3.46932 2.30283 5.24687 2.48776 2.256 3.8957 2.44519 2.59501 2.15725 2.13324 2.58522 2.58713 2.58297 2.10534 2.08267 1.87342 1.80571 3.27523 1.80365 1.53258 1.95011 1.54528 1.48264 4.81087 1.86428 1.85278
threshold=28.495258331298832 0.63035541772842418 0.34479752182960516 0.030506134033203128 101.55916213989259 1.8734380006790163 1.9159370660781863 31.64718055725098 0.027179718017578128 0 5.1856040954589853 4063.473022460938 0.63371658325195324 -6.9306640624999991 87.750000000000014 2.6435947418212895 407.59436035156256 81.750000000000014 1011.168426513672 35.282257080078132 27.020914077758793 0.32422038912773138 0.2393835783004761 1.2742236256599428 1.9403991699218752 3.1265640258789067 25.629425048828129 20.098581314086918 28.103194236755375 0.76060378551483165
decision_type=2 2 2 2 2 2 2 2 2 1 2 2 2 2 2 2 2 2 2 2 2 2 2 2 2 2 2 2 2 2
left_child=2 12 -1 -3 8 7 -7 19 9 20 11 -10 -2 14 15 16 -12 -14 22 -5 21 -4 -18 24 -15 -25 27 -11 29 -28
right_child=1 3 4 5 -6 6 -8 -9 10 26 13 -13 17 23 -16 -17 18 -19 -20 -21 -22 -23 -24 25 -26 -27 28 -29 -30 -31
leaf_value=0.0067132205051043253 0.034505151256703545 0.052309218434605204 -0.0058333494326031788 0.0063501818695326515 0.0049897024941076432 -0.069582942823031957 0.029684084770308164 0.054953990532961287 -0.0086010360182590898 -0.0019267749372332338 -0.00058923134791478093 -2.4118010839633578e-05 0.00055662921878630624 0.00039229330522269569 0.004564270566610522 0.0025546627396672034 -0.032305486541623518 0.018280468765893013 -0.011243386051502555 -0.018914515766748293 0.008513930114489511 0.0054761805600570656 -0.026312676531005465 0.0017483183503227378 -0.0083359514117347551 0.019803139926205165 0.010886997967560659 -0.025041686022940258 -0.022823638812576905 -0.00039252340174305032
leaf_weight=11428 15895 7831 2570 28542 25139 2077 2221 7986 19492 32884 3004 16867 3444 82398 8549 5179 2223 6092 2741 3148 14353 33321 2182 9496 3539 10702 13582 2181 2126 19142
leaf_count=11428 15895 7831 2570 28542 25139 2077 2221 7986 19492 32884 3004 16867 3444 82398 8549 5179 2223 6092 2741 3148 14353 33321 2182 9496 3539 10702 13582 2181 2126 19142
internal_value=0.000403593 0.00139067 0.000167597 0.000803242 0.000110498 0.000492361 -0.00126462 0.000682961 3.14232e-05 0.000295551 -0.000159344 -0.000739201 0.00258653 2.86114e-06 -0.000680174 -0.00130152 -0.00204331 0.00163252 -0.00286976 0.000364669 0.000832723 0.000529345 -0.00394564 0.000156578 9.16855e-06 0.000783452 -9.06555e-05 -0.000457876 0.00027883 0.000428179
internal_weight=400334 77236 323098 51805 311670 43974 4298 39676 286531 120159 166372 36359 25431 130013 23878 15329 10150 9536 7146 31690 50244 35891 4405 106135 85937 20198 69915 35065 34850 32724
internal_count=400334 77236 323098 51805 311670 43974 4298 39676 286531 120159 166372 36359 25431 130013 23878 15329 10150 9536 7146 31690 50244 35891 4405 106135 85937 20198 69915 35065 34850 32724
cat_boundaries=0 1
cat_threshold=32
is_linear=0
shrinkage=0.08


Tree=117
num_leaves=31
num_cat=5
split_feature=45 21 19 45 26 34 0 33 44 17 33 39 33 34 41 45 9 6 0 26 13 6 34 6 34 24 6 37 45 44
split_gain=14.797 7.93697 4.63981 3.54668 2.58405 2.58039 2.48407 2.78615 2.08755 1.85648 2.19716 2.08558 1.72444 1.65786 2.47935 2.18391 2.003 1.62733 1.54938 1.50961 1.7642 1.48957 2.54106 1.44624 2.22053 1.47579 1.85404 1.41629 1.3657 1.32543
threshold=28.579281806945804 0.65102496743202221 0.30066563189029699 33.836181640625007 8.5354518890380877 -0.050476074218749993 12.750000000000002 15.849024295806887 28.794993400573734 0.57824754714965831 22.125504493713382 0.17535994946956637 18.493632316589359 -6.2691955566406241 32.419576644897468 30.933854103088382 0 1 16.750000000000004 6.5020453929901132 0.88291782140731823 2 1.4327697753906252 3 -0.35998535156249994 27.934738159179691 4 -0.45295333862304682 28.905835151672367 28.93563270568848
decision_type=2 2 2 2 2 2 2 2 2 10 2 2 2 2 2 2 1 1 2 2 2 1 2 1 2 2 1 2 2 2
left_child=2 27 12 13 8 6 -6 -8 9 10 18 23 -1 14 19 16 29 -12 -4 20 -3 -20 -23 25 -25 -11 -27 -2 -29 -15
right_child=1 3 4 -5 5 -7 7 -9 -10 11 17 -13 -14 15 -16 -17 -18 -19 21 -21 -22 22 -24 24 -26 26 -28 28 -30 -31
leaf_value=0.0013478916594077933 0.0053198226510304024 -0.015634811470160503 -0.00032273748233409559 0.15194095076515685 0.0095592631709744275 -0.0055175379469234358 0.0067286670121774758 -0.0043741797437364342 -0.011167599891006002 0.0071992252078990453 0.0095008079582208985 0.00031339880545017026 0.010740534489596965 0.014574726605817172 -0.03470478932895258 0.055333375903521491 0.016257414284390363 -0.00047099514895382474 0.0091047499313683493 0.041452876173264833 0.0077804437223658778 -0.010520463194127676 0.0090939465891963344 -0.0046169722033658229 -0.010525248179078543 0.0033872566990185145 -0.0066882531438009173 0.016805068907890304 0.046511177363427345 -0.013128865541604567
leaf_weight=2708 2022 4074 27413 4591 10800 2742 7527 6368 4810 4499 8542 216182 6344 2111 2032 6037 10818 2756 5773 2013 12133 2032 3243 7961 2021 2608 2862 8362 13212 4841
leaf_count=2708 2022 4074 27413 4591 10800 2742 7527 6368 4810 4499 8542 216182 6344 2111 2032 6037 10818 2756 5773 2013 12133 2032 3243 7961 2021 2608 2862 8362 13212 4841
internal_value=0.000382499 0.00141862 0.000153679 0.000834361 0.000102832 0.000844828 0.00110342 0.000395541 3.27748e-05 6.06083e-05 0.000504652 -3.29799e-05 0.00193864 0.000613493 8.13346e-05 0.00106596 0.000618673 0.00148497 0.000216371 0.0003774 0.000120121 0.00101574 4.15487e-05 -0.00081539 -0.0014949 -0.000132546 -0.0010146 0.00262238 0.00281208 -0.00044062
internal_weight=399437 72246 327191 48650 318139 27437 24695 13895 290702 285892 49759 236133 9052 44059 20252 23807 17770 11298 38461 18220 16207 11048 5275 19951 9982 9969 5470 23596 21574 6952
internal_count=399437 72246 327191 48650 318139 27437 24695 13895 290702 285892 49759 236133 9052 44059 20252 23807 17770 11298 38461 18220 16207 11048 5275 19951 9982 9969 5470 23596 21574 6952
cat_boundaries=0 1 2 3 4 5
cat_threshold=20 3 12 10 2
is_linear=0
shrinkage=0.08


Tree=118
num_leaves=31
num_cat=14
split_feature=45 5 8 11 5 29 31 5 5 33 5 44 41 45 11 6 5 5 6 33 5 26 31 29 5 45 32 5 5 38
split_gain=10.883 8.6327 3.32547 3.32428 3.44411 3.04282 2.7775 5.1204 2.78958 3.3563 4.73708 2.78315 2.41014 2.88619 2.31391 2.22837 2.09396 2.00941 1.9047 1.69481 2.93225 1.67688 1.65269 1.48293 3.7464 2.52891 3.48766 4.0892 3.34757 2.59394
threshold=28.414020538330082 0 1 0.25645555555820471 2 0.26443481445312506 84.541854858398452 3 4 16.565184593200687 5 28.473943710327152 32.419576644897468 32.244066238403327 0.34132003784179693 6 7 8 9 23.643839836120609 10 6.9132156372070321 81.049507141113295 0.66189956665039074 11 24.242400169372562 703.84695434570324 12 13 -0.022700309753417965
decision_type=2 9 1 2 9 2 2 9 9 2 9 2 2 2 2 1 9 9 1 2 9 2 2 2 9 2 2 9 9 2
left_child=3 14 12 4 18 -4 8 -8 9 10 22 -11 13 16 -2 -7 -3 -9 -1 20 -16 -20 -5 25 -25 -10 28 29 -27 -28
right_child=1 2 5 6 -6 15 7 17 23 11 -12 -13 -14 -15 19 -17 -18 -19 21 -21 -22 -23 -24 24 -26 26 27 -29 -30 -31
leaf_value=0.0055948795586917557 0.029792936099782785 -0.0092208860829083757 0.045211199105589926 -0.022323423493244645 0.0077902255522364306 0.018334933073446975 0.0079353944106178055 0.003705546803615802 -2.313681203765231e-05 1.7950566165893365e-05 -0.0044439523199657051 -0.013351788546977914 -0.034866034552117176 0.083081858923628737 -0.0057138060555832985 -0.010800210541498392 0.0030678628760007765 -0.0018060879929130305 -0.0089104436092509055 0.034984510982510056 0.017749861803327341 0.0026165085351981358 -0.0080336719776055807 0.0038486169227091812 -0.0047207904800407345 0.0011104718396531704 4.6203808256733113e-05 0.005338709319470906 0.01105514299500117 -0.014403541570058966
leaf_weight=3621 9545 4549 6533 2100 11538 7537 15354 20646 78601 39897 12089 2178 2456 3044 3041 3332 24330 27709 2632 7295 10003 2026 2010 22719 31807 12127 2007 6863 19328 2860
leaf_count=3621 9545 4549 6533 2100 11538 7537 15354 20646 78601 39897 12089 2178 2456 3044 3041 3332 24330 27709 2632 7295 10003 2026 2010 22719 31807 12127 2007 6863 19328 2860
internal_value=0.000357761 0.00118151 0.000556051 0.000146258 0.00114934 0.00145693 7.95831e-05 0.000547969 -4.76392e-05 -0.000527396 -0.00150558 -0.000150647 9.99158e-05 0.000285974 0.00226378 0.00063572 3.86307e-05 0.000143463 -9.6879e-05 0.00178073 0.00123303 -0.0011646 -0.00384504 0.000110973 -0.000235734 0.000266216 0.000757958 -0.00041908 0.00119689 -0.00218785
internal_weight=399777 81665 51781 318112 19817 17402 298295 63709 234586 58274 16199 42075 34379 31923 29884 10869 28879 48355 8279 20339 13044 4658 4110 176312 54526 121786 43185 11730 31455 4867
internal_count=399777 81665 51781 318112 19817 17402 298295 63709 234586 58274 16199 42075 34379 31923 29884 10869 28879 48355 8279 20339 13044 4658 4110 176312 54526 121786 43185 11730 31455 4867
cat_boundaries=0 32 33 62 94 126 142 143 172 201 202 221 253 276 305
cat_threshold=761 0 0 1904 0 0 63232 0 0 2109440 0 0 38338560 0 0 0 0 0 16777216 0 0 536870912 0 0 0 0 0 0 0 0 0 4352 2 951 0 0 3856 0 0 196864 0 0 2359296 0 0 262144 0 0 476053504 0 0 100663296 1 0 1610612736 16 0 0 128 0 0 32 231 0 0 8752 0 0 116736 0 0 790528 0 0 10485760 0 0 25165824 0 0 0 0 0 805306368 0 0 0 0 0 0 15104 0 0 11776 587 0 0 128 0 0 57344 0 0 2371584 0 0 51314688 0 0 51380224 0 0 0 3 0 2147483648 0 0 0 512 0 0 256 0 0 30208 3 0 0 0 0 0 24576 0 0 2109440 0 0 50528256 0 0 1048576 5 0 0 0 12288 0 0 131072 0 0 16384 0 0 1048576 0 0 838860800 0 0 0 3 0 268435456 1 0 0 2 0 0 48 520 0 0 7424 0 0 139264 0 0 1269760 0 0 983040 0 0 104857600 0 0 0 2 0 0 20 0 0 394 0 0 1216 3 0 0 0 368 0 0 512 0 0 8192 0 0 524288 0 0 0 0 0 16777216 148 0 0 9472 0 0 4352 0 0 1048576 0 0 8388608 0 0 408944640 0 0 184549376 0 0 1879048192 49 0 0 232 0 0 3264 0 0 65536 20 0 0 14176 0 0 197120 0 0 0 0 0 11534336 0 0 81788928 0 0 1560281088 0 0 805306368 1 148 0 0 0 0 0 137216 0 0 1769472 0 0 2097152 0 0 402653184 0 0 3254779904 0 0 0 35 0 0 5 0 0 48
is_linear=0
shrinkage=0.08


Tree=119
num_leaves=31
num_cat=1
split_feature=45 11 29 25 34 34 6 45 25 38 27 20 21 45 21 29 17 0 24 12 10 36 33 26 22 33 14 12 11 34
split_gain=12.1751 8.14001 6.12161 3.65426 2.56291 2.52497 5.10995 2.42689 2.41242 2.28003 2.1349 2.12018 2.05448 2.54362 2.24888 2.71264 1.98938 1.84335 1.8024 2.11784 2.44108 1.7742 1.58477 2.98029 1.42543 3.33964 2.93893 2.7078 2.37353 1.83037
threshold=27.704365730285648 0.34569494426250463 0.29912185668945318 7.7339768409729013 -1.6274108886718748 -6.6523742675781241 0 28.731710433959964 2.78755795955658 0.045410752296447761 1007.5455932617189 0.90334305167198192 0.58505988121032726 30.732134819030765 1.3614609241485598 0.054439544677734382 0.2720066905021668 25.250000000000004 29.742218017578129 0.85295063257217418 1.1866422295570376 122.43890380859376 17.733695983886722 8.4448843002319354 0.018596649169921878 16.344384193420414 2.3493909835815434 0.68900394439697277 0.76693779230117809 2.9902038574218754
decision_type=2 2 2 2 2 2 1 2 2 2 2 2 2 2 2 2 10 2 2 2 2 2 2 2 2 2 2 2 2 2
left_child=16 7 12 4 5 6 17 22 -6 -10 -7 -12 -3 -14 -15 -16 -1 18 -4 -20 -21 24 23 -2 25 26 27 -18 -27 -30
right_child=1 2 3 -5 8 10 -8 -9 9 -11 11 -13 13 14 15 -17 21 -19 19 20 -22 -23 -24 -25 -26 28 -28 -29 29 -31
leaf_value=0.0079139378798978172 -0.0055706558171644532 0.020559501830936276 0.00557428821562407 0.0079085142498369152 0.0031089016947965275 0.011031519657369718 -0.030456263717601129 0.039527759834987207 -0.014282044281435185 -0.0052803109141923476 0.0018911921856377232 -0.022913794143902419 0.007003157702478102 0.087431887375738496 0.074093608061344171 -0.012818648965703177 -0.017338217846754177 0.01166095653422413 -0.035226950314528868 0.018551288348610095 -0.019140410381386991 0.0050580273607551355 0.011362170359015171 0.012729968465773886 -0.0011178272942893956 0.004697082517441901 0.0019437964014569766 -0.0050056778931602749 -0.0026113927914903387 0.0088802945560258438
leaf_weight=5433 2719 6646 2012 9935 4016 17843 2081 8879 2223 3846 10693 2094 14673 6479 3343 3198 3494 8914 2097 2161 2384 13243 12311 2348 143418 37619 12316 6695 35268 11804
leaf_count=5433 2719 6646 2012 9935 4016 17843 2081 8879 2223 3846 10693 2094 14673 6479 3343 3198 3494 8914 2097 2161 2384 13243 12311 2348 143418 37619 12316 6695 35268 11804
internal_value=0.000361274 0.000994156 0.000678006 0.000250267 1.6166e-05 0.000249677 -0.000458009 0.00225332 -0.0011471 -0.00215233 0.000703655 -8.53324e-05 0.00155335 0.0012494 0.00206293 0.0010142 5.36206e-05 -1.18261e-05 -0.000843029 -0.00147805 -0.00050494 2.23902e-05 0.00170186 0.00050975 -2.53127e-05 0.000195362 -0.000670664 -0.00167507 0.000425544 4.6897e-05
internal_weight=400185 130895 104638 70299 60364 50279 19649 26257 10085 6069 30630 12787 34339 27693 13020 6541 269290 17568 8654 6642 4545 263857 17378 5067 250614 107196 22505 10189 84691 47072
internal_count=400185 130895 104638 70299 60364 50279 19649 26257 10085 6069 30630 12787 34339 27693 13020 6541 269290 17568 8654 6642 4545 263857 17378 5067 250614 107196 22505 10189 84691 47072
cat_boundaries=0 1
cat_threshold=4
is_linear=0
shrinkage=0.08


Tree=120
num_leaves=31
num_cat=14
split_feature=11 41 41 5 5 22 5 5 30 5 26 5 30 24 13 5 6 5 24 5 38 36 15 5 15 5 35 5 33 5
split_gain=8.23491 5.51532 4.99902 6.45231 3.99162 2.7382 4.84735 3.16223 3.15832 2.21751 2.96333 2.04355 1.72035 1.68869 1.9436 1.66871 1.64169 2.388 1.91281 1.82981 3.17882 1.83497 1.6101 1.53201 1.52557 1.42075 1.39263 1.39524 1.36265 1.75762
threshold=0.3055670708417893 28.040756225585941 28.662018775939945 0 1 0.91981887817382824 2 3 1581.3125000000002 4 9.4097628593444842 5 565.06250000000011 30.152618408203129 0.90517324209213268 6 7 8 29.614288330078129 9 -0.71156883239746083 79.992771148681655 0.4885269701480866 10 0.76192566752433788 11 0.010013580322265627 12 23.798208236694339 13
decision_type=2 2 2 9 9 2 9 9 2 9 2 9 2 2 2 9 1 9 2 9 2 2 10 9 10 9 2 9 2 9
left_child=1 4 9 24 -1 7 -7 -5 -9 10 16 -6 25 -8 -15 -16 17 -2 19 20 -18 22 -22 -14 -4 -13 -26 -28 29 -19
right_child=2 -3 3 5 11 6 13 8 -10 -11 -12 12 23 14 15 -17 18 28 -20 -21 21 -23 -24 -25 26 -27 27 -29 -30 -31
leaf_value=0.011974114850172066 0.012477614657357319 0.019033482726164334 0.028184895572966408 0.031159652264944937 -0.003704455810461586 -0.018246329004427037 0.012656210730177135 0.0091861348572747636 -0.047866588458323353 -0.00017999710412342407 0.0094261415872805843 -0.0034168781546819009 0.00027730030904867821 -0.020939578071292923 0.023348346252531717 -0.0079753694625397682 0.0039881354093637029 0.0041127845996362308 0.014163398162064888 0.0022231259227622601 0.00021200398834927601 0.0012991964653672279 -0.0075739722552686916 0.011585609752316976 0.067666207648083815 0.0020590411985265049 -0.0021513538841793508 0.024536708578916159 0.024765216755804065 -0.027771552245508278
leaf_weight=5264 7481 14055 6757 10698 5200 3759 3648 10744 2000 214217 5606 3436 2446 2356 2296 3074 6669 4416 9319 33677 2414 2434 8845 4795 4355 7284 3923 2284 4097 2295
leaf_count=5264 7481 14055 6757 10698 5200 3759 3648 10744 2000 214217 5606 3436 2446 2356 2296 3074 6669 4416 9319 33677 2414 2434 8845 4795 4355 7284 3923 2284 4097 2295
internal_value=0.000362973 0.00141586 0.000237779 0.000932599 0.000774398 0.000356005 -0.000482599 0.000897493 4.5127e-05 0.000108929 0.000448845 0.000321125 0.000725432 0.000341934 -0.000327818 0.000513011 0.000326586 0.000993828 0.000133674 -4.89185e-05 -0.000647238 -0.00134481 -0.00177514 0.00167756 0.00221443 8.20132e-05 0.00161256 0.00084092 0.000231991 -0.000469573
internal_weight=399844 42480 357364 55894 28425 38575 15133 23442 12744 301470 87253 23161 17961 11374 7726 5370 81647 18289 63358 54039 20362 13693 11259 7241 17319 10720 10562 6207 10808 6711
internal_count=399844 42480 357364 55894 28425 38575 15133 23442 12744 301470 87253 23161 17961 11374 7726 5370 81647 18289 63358 54039 20362 13693 11259 7241 17319 10720 10562 6207 10808 6711
cat_boundaries=0 32 64 93 122 154 180 200 201 233 255 278 301 323 352
cat_threshold=123 0 0 3632 0 0 124160 0 0 4075520 0 0 11010048 0 0 268435456 0 0 16777216 0 0 805306368 0 0 0 0 0 0 0 0 0 256 0 0 0 128 0 0 21504 0 0 114688 0 0 53673984 0 0 739246080 0 0 402653184 0 0 0 48 0 0 65 0 0 48 0 0 256 0 0 0 256 0 0 6656 0 0 114688 0 0 16908288 0 0 541065216 0 0 2181038080 2 0 0 0 0 0 5 0 0 32 0 0 0 320 0 0 4608 0 0 114688 0 0 5242880 0 0 209715200 0 0 1308622848 1 0 0 0 0 0 0 0 0 32 100 0 0 14128 0 0 65536 0 0 1056768 0 0 12845056 0 0 216006656 0 0 838860800 0 0 3221225472 0 0 0 276 0 0 80 0 0 8192 149 0 0 8480 0 0 65536 0 0 131072 0 0 262144 0 0 16777216 0 0 3825205248 1 0 805306368 12 0 0 128 0 0 0 192 0 0 0 0 0 0 0 0 34603008 0 0 202375168 0 0 805306368 1 2 96 0 0 5936 0 0 65536 0 0 1056768 0 0 0 0 0 67108864 0 0 805306368 0 0 0 0 0 0 0 0 0 0 0 0 8192 96 0 0 5888 0 0 65536 0 0 1056768 0 0 0 0 0 201326592 0 0 805306368 0 0 1073741824 866 0 0 0 0 0 8192 0 0 3149824 0 0 0 0 0 0 0 0 0 0 0 0 1 8 0 0 3600 0 0 32768 0 0 1572864 0 0 12582912 0 0 278921216 0 0 0 0 0 2147483648 2 0 0 0 48 0 0 1280 0 0 1454080 0 0 2097152 0 0 0 0 0 16777216 0 0 805306368 4 0 0 8192 0 0 0 0 0 0 0 0 8650752 0 0 134217728 0 0 0 0 0 3221225472 0 0 0 4 0 0 64
is_linear=0
shrinkage=0.08


Tree=121
num_leaves=31
num_cat=15
split_feature=45 3 30 5 31 5 31 27 23 5 5 33 5 5 6 5 5 39 34 30 5 5 11 5 12 5 32 34 5 5
split_gain=9.33995 7.61407 6.0307 5.74123 4.78441 5.3592 4.66773 6.20496 4.53285 4.17774 4.01593 2.98522 3.7849 3.03925 2.81439 2.96135 2.68972 2.68618 2.67737 2.31249 4.55811 2.52743 2.28975 2.24539 1.78239 1.67214 1.45756 2.98466 2.55789 1.77851
threshold=28.905835151672367 11.923545837402346 547.81250000000011 0 73.022117614746108 1 65.904491424560561 1002.8308715820314 27.470722198486332 2 3 20.834112167358402 4 5 6 7 8 0.47290517389774328 2.8945617675781254 504.06250000000006 9 10 0.74221256375312816 11 0.52040332555770885 12 614.92193603515636 0.41317749023437506 13 14
decision_type=2 2 2 9 2 9 2 2 2 9 9 2 9 9 1 9 9 2 2 2 9 9 2 9 2 9 2 2 9 9
left_child=4 -2 16 -4 5 8 7 -5 -1 -10 -6 13 14 26 23 -16 -3 -8 -15 21 -21 -7 -20 -13 -25 -19 28 29 -12 -28
right_child=1 2 3 6 10 19 17 -9 9 -11 11 12 -14 18 15 -17 -18 25 22 20 -22 -23 -24 24 -26 -27 27 -29 -30 -31
leaf_value=-0.0042157836445103417 0.033759578617559897 0.0041646619154790745 0.02141121408876645 -0.010377726989137524 -0.00095909140831033164 0.0067782363846283092 -0.013173407911822572 -0.079656458611343836 -0.0050272543249846348 -0.028161586279219174 -0.0049650631512720101 0.012805566291324207 0.01016057809600752 0.0052211970692783776 -0.0081538962799074053 0.0022871284733526152 0.048358469480730096 -0.0076884257482667572 -0.019074205636222519 0.012840745050964638 -0.033814649729485925 -0.00084182904331631635 0.0046524176552476806 -0.004129179551766146 0.013298726793978402 0.030403856438496409 0.0077492420692828815 -0.005972988092379017 0.00030983238327233884 0.00074435490908635526
leaf_weight=17469 15579 5762 8013 2998 54522 22443 2654 2622 2190 2191 7430 4693 18319 59056 2589 5379 14047 2049 2020 2023 3177 89520 2537 2538 2259 2982 7988 2875 22010 10268
leaf_count=17469 15579 5762 8013 2998 54522 22443 2654 2622 2190 2191 7430 4693 18319 59056 2589 5379 14047 2049 2020 2023 3177 89520 2537 2538 2259 2982 7988 2875 22010 10268
internal_value=0.000324448 0.00127555 0.00070467 -0.000229182 0.000167403 -0.000194701 -0.00124728 -0.00299822 -0.00134431 -0.00364291 0.000413569 0.000627306 0.00126493 0.000427483 0.000420643 -0.00068703 0.00170927 3.37883e-05 0.000795374 1.99006e-05 -0.00162764 9.65591e-05 -0.00107116 0.00135016 0.000130372 0.00111962 -3.55003e-05 0.000471312 -0.000399321 0.00084879
internal_weight=400202 56706 41127 21318 343496 139013 13305 5620 21850 4381 204483 149961 35777 114184 17458 7968 19809 7685 63613 117163 5200 111963 4557 9490 4797 5031 50571 21131 29440 18256
internal_count=400202 56706 41127 21318 343496 139013 13305 5620 21850 4381 204483 149961 35777 114184 17458 7968 19809 7685 63613 117163 5200 111963 4557 9490 4797 5031 50571 21131 29440 18256
cat_boundaries=0 26 58 90 122 154 186 187 210 236 265 297 320 349 375 401
cat_threshold=24 0 0 448 0 0 7168 0 0 2351104 0 0 37224448 0 0 310378496 0 0 268435456 1 0 0 0 0 0 4 504 0 0 10192 0 0 98304 0 0 1310720 0 0 32243712 0 0 12582912 0 0 1073741824 0 0 0 49 0 0 0 0 0 0 0 0 256 256 0 0 9936 0 0 65536 0 0 1048576 0 0 0 0 0 12582912 0 0 0 0 0 0 0 0 0 0 0 0 0 0 0 256 6 0 0 0 0 0 145408 0 0 2342912 0 0 1048576 0 0 268435456 0 0 2332033024 3 0 1073741824 10 0 0 780 0 0 9872 0 0 16384 449 0 0 9904 0 0 49664 0 0 786432 0 0 40370176 0 0 150994944 0 0 1610612736 0 0 268435456 33 0 0 0 0 0 6464 0 0 10240 825 0 0 6464 0 0 83712 0 0 12288 0 0 33554432 0 0 741343232 0 0 0 0 0 0 20 0 0 49 0 0 64 0 0 1024 3 192 0 0 9248 0 0 512 0 0 524288 0 0 2097152 0 0 16777216 0 0 1073741824 0 0 268435456 1 0 0 0 192 0 0 6144 0 0 2301952 0 0 36896768 0 0 298844160 0 0 3221225472 3 0 0 1 0 0 4 2 0 0 32 0 0 132864 0 0 2207744 0 0 34668544 0 0 956301312 0 0 402653184 0 0 1610612736 14 0 0 312 0 0 8256 6 0 0 2048 0 0 23296 0 0 532480 0 0 0 0 0 603979776 0 0 2181038080 2 0 1073741824 8 0 0 6 0 0 16 0 0 67584 192 0 0 9264 0 0 512 0 0 0 0 0 2097152 0 0 0 0 0 1610612736 0 0 0 33 0 0 0 0 0 0 0 0 0 0 0 0 4390912 0 0 89128960 0 0 2332033024 0 0 536870912 0 0 0 1 0 0 32 296 0 0 6144 0 0 256 0 0 12288 0 0 0 0 0 1048576 0 0 0 0 0 0 0 0 0 1 312 0 0 6400 0 0 0 0 0 0 0 0 0 0 0 2097152 0 0 0 0 0 0 16 0 0 32
is_linear=0
shrinkage=0.08


Tree=122
num_leaves=31
num_cat=1
split_feature=45 14 29 25 19 20 31 23 1 29 34 6 14 24 12 45 23 23 41 45 34 1 25 12 25 38 40 24 34 45
split_gain=9.86922 7.1455 4.76255 4.76076 3.66261 2.3788 2.13787 4.27281 3.34557 3.19599 3.9342 5.27867 4.63716 2.38488 2.55363 2.10125 2.52469 2.45758 2.93612 2.1205 2.08479 2.26371 2.07372 1.97927 3.12593 2.44282 1.88553 1.7406 1.86563 1.71474
threshold=28.835530281066898 0.94012027978897106 0.14722061157226565 9.821540832519533 0.27949178218841558 1.8734380006790163 72.839588165283217 27.66342926025391 77.750000000000014 0.66189956665039074 2.6247863769531254 0 2.0763257741928105 29.414825439453129 0.9573040008544923 24.242400169372562 25.643821716308597 22.346626281738285 23.47373199462891 26.270361900329593 -3.1323547363281246 84.250000000000014 1.697551488876343 0.48574100434780126 6.1381902694702157 0.17043650150299075 1.2570481300354006 28.296234130859379 -6.1772155761718741 22.079897880554203
decision_type=2 2 2 2 2 2 2 2 2 2 2 1 2 2 2 2 2 2 2 2 2 2 2 2 2 2 2 2 2 2
left_child=3 -2 -3 4 -1 22 7 15 -9 10 -8 12 -12 20 -15 17 -17 29 -19 -18 21 27 26 24 25 -22 -4 28 -11 -6
right_child=1 2 5 -5 6 -7 9 8 -10 13 11 -13 -14 14 -16 16 19 18 -20 -21 23 -23 -24 -25 -26 -27 -28 -29 -30 -31
leaf_value=0.0074803413497497731 0.030210658199705819 0.04239774244393632 -0.015406469600550957 0.0094173765914989088 -0.0017675030463984473 -0.026933289446554497 0.0051566285352594131 -0.0025907219001599941 -0.020656300542284876 -0.0034211135364912767 -0.020445127307899161 0.011553891480188467 0.0012016294451741957 -0.012130341487535586 0.0021376920217846718 0.01201414410848882 -0.0074538268245935256 -0.0012517784780733331 -0.014176775070232624 0.0021328696996473725 -0.0066331800385079475 0.0056653782735539724 0.011955871093976316 0.00077454509504264689 0.0013837346119173737 -0.00033749006277123908 0.0030958859110996459 -0.006096472938408936 0.0076430803951916173 0.017873387693787317
leaf_weight=6206 17141 13355 2060 8158 84807 2525 61063 5865 5260 8063 3644 4722 3154 8069 6090 9713 5355 4346 3953 14462 8900 25233 21674 31902 9168 4613 3334 6166 8742 2409
leaf_count=6206 17141 13355 2060 8158 84807 2525 61063 5865 5260 8063 3644 4722 3154 8069 6090 9713 5355 4346 3953 14462 8900 25233 21674 31902 9168 4613 3334 6166 8742 2409
internal_value=0.000314793 0.00125985 0.000708413 0.000147768 0.000100809 0.000142283 6.40941e-05 -0.000177706 -0.00167939 0.000237819 0.000654774 -0.00070078 -0.00212496 -2.09992e-05 -0.000994001 -4.39805e-05 0.000545701 -0.000226328 -0.00154098 2.76392e-05 0.000113116 0.000496453 0.000361622 -0.00022545 -0.000796615 -0.00156977 -0.00104071 -7.81514e-05 0.000343741 -0.000101071
internal_weight=400152 60089 42948 340063 331905 29593 325699 136170 11125 189529 72583 11520 6798 116946 14159 125045 29530 95515 8299 19817 102787 48204 27068 54583 22681 13513 5394 22971 16805 87216
internal_count=400152 60089 42948 340063 331905 29593 325699 136170 11125 189529 72583 11520 6798 116946 14159 125045 29530 95515 8299 19817 102787 48204 27068 54583 22681 13513 5394 22971 16805 87216
cat_boundaries=0 1
cat_threshold=8
is_linear=0
shrinkage=0.08


Tree=123
num_leaves=31
num_cat=13
split_feature=45 11 5 21 29 5 5 25 5 18 25 29 5 5 30 37 5 5 5 37 41 5 5 30 5 5 29 24 28 27
split_gain=9.64486 7.36491 4.17253 3.17144 3.11934 3.55553 2.66694 2.38155 2.77312 2.04657 2.46391 3.69159 2.18988 1.92146 1.7633 1.65333 2.22621 1.41409 1.39703 1.18025 1.11956 9.86492 2.45464 1.77995 3.55789 2.27037 2.26575 2.26657 2.03626 1.61338
threshold=28.667377471923832 0.39857646822929388 0 0.29597653448581701 0.29912185668945318 1 2 9.821540832519533 3 1.6416606307029726 2.0920538902282719 0.93972396850585949 4 5 1117.6875000000002 -1.0281257629394529 6 7 8 -0.67514038085937489 28.129172325134281 9 10 947.31250000000011 11 12 0.60550308227539074 28.103195190429691 1005.4090576171876 1010.3975830078126
decision_type=2 2 9 2 2 9 9 2 9 2 2 2 9 9 2 2 9 9 9 2 2 9 9 2 9 9 2 2 2 2
left_child=3 17 19 -1 6 -6 14 13 -9 10 11 12 -7 15 -4 16 -5 -2 -12 -3 23 -22 -23 25 28 26 27 -15 -25 -28
right_child=1 2 4 7 5 9 -8 8 -10 -11 18 -13 -14 20 -16 -17 -18 -19 -20 -21 21 22 -24 24 -26 -27 29 -29 -30 -31
leaf_value=0.0071911040999761726 0.030714195343014641 0.0049259909341894713 0.014317352580711522 -0.013101775996427105 -0.015816131265562163 0.032495407596613374 0.035840448395829332 -0.0036979014881794903 0.014237245548576085 -0.020097546959023261 0.028140795563307369 -0.017997044875101394 -0.014404108552337406 0.0025107680957255386 -0.024154588785026486 0.0026344803090283526 0.0033346780159897609 0.0214814555333134 0.0021288075270120077 0.025903897123114979 -0.015372095954378611 -0.0037957533833864435 0.00900250159181166 -0.014910160591035755 0.0067954633339944752 -0.00014180471867527303 -0.002101377574688494 -0.010963376480185654 -0.00036679212242487645 -0.0068841008825952475
leaf_weight=6466 7224 2516 4264 4024 3424 2244 9688 2314 4709 2474 5998 2306 2084 7268 2200 79096 4814 5498 4715 13135 3525 7045 5309 2055 18461 165783 5924 2005 9299 4078
leaf_count=6466 7224 2516 4264 4024 3424 2244 9688 2314 4709 2474 5998 2306 2084 7268 2200 79096 4814 5498 4715 13135 3525 7045 5309 2055 18461 165783 5924 2005 9299 4078
internal_value=0.000293483 0.00116318 0.00076196 0.00011602 0.000322399 -0.000270909 0.00117609 8.11621e-05 0.00153732 0.000141324 0.000448695 -0.000762191 0.000615952 4.90249e-05 -8.38987e-05 0.000367192 -0.000669982 0.00289727 0.00119855 0.00186612 -7.22444e-05 -0.000720247 0.00034718 -2.43294e-05 0.000549204 -0.000116757 -0.000938067 -3.74878e-05 -0.000564797 -0.00177307
internal_weight=399945 67770 55048 332175 39397 23245 16152 325709 7023 19821 17347 6634 4328 318686 6464 87934 8838 12722 10713 15651 230752 15879 12354 214873 29815 185058 19275 9273 11354 10002
internal_count=399945 67770 55048 332175 39397 23245 16152 325709 7023 19821 17347 6634 4328 318686 6464 87934 8838 12722 10713 15651 230752 15879 12354 214873 29815 185058 19275 9273 11354 10002
cat_boundaries=0 32 58 84 100 122 154 183 209 231 257 286 315 347
cat_threshold=121 0 0 3584 0 0 128256 0 0 290816 0 0 8912896 0 0 134217728 0 0 16777216 0 0 805306368 0 0 0 0 0 0 48 0 0 4352 6 0 0 8560 0 0 512 0 0 1572864 0 0 0 0 0 31457280 0 0 0 0 0 0 1 0 0 1 4 0 0 8192 0 0 133120 0 0 131072 0 0 4390912 0 0 389021696 0 0 1610612736 1 0 1073741824 1 0 0 2 519 0 0 64 0 0 24576 0 0 397312 0 0 8585216 0 0 134217728 0 0 0 128 0 0 0 0 0 131072 0 0 2359296 0 0 335544320 0 0 3825205248 1 0 3221225472 20 0 0 12288 0 0 67840 0 0 598016 0 0 29556736 0 0 381681664 0 0 2013265920 1 0 3221225472 0 0 0 2 0 0 16 0 0 51200 0 0 0 4096 0 0 0 0 0 524288 0 0 21037056 0 0 306184192 0 0 671088640 0 0 0 0 0 0 2 0 0 16 633 0 0 3760 0 0 58112 0 0 2428928 0 0 42008576 0 0 606076928 0 0 33554432 0 0 1073741824 0 0 0 4 0 0 0 0 0 0 0 0 0 163840 0 0 6356992 0 0 637534208 0 0 1946157056 0 0 3221225472 258 0 0 2176 0 0 58368 0 0 16384 0 0 524288 0 0 0 0 0 33554432 2 0 268435456 0 0 0 1 521 0 0 1568 0 0 4096 0 0 3440640 0 0 34865152 0 0 673185792 0 0 0 0 0 0 0 0 0 4 0 0 32 576 0 0 64 0 0 13312 0 0 2281472 0 0 33554432 0 0 540016640 0 0 2214592512 0 0 0 61 0 0 420 0 0 15936 169 0 0 816 0 0 131584 0 0 131072 0 0 0 0 0 0 0 0 0 0 0 0 0 0 0 0 0 0 0 0 0 65536
is_linear=0
shrinkage=0.08


Tree=124
num_leaves=31
num_cat=1
split_feature=45 14 30 11 41 18 25 45 18 28 34 44 27 11 1 18 34 27 24 12 18 37 7 7 37 6 34 18 34 27
split_gain=7.86437 6.80749 3.74852 3.69078 2.81132 2.59494 2.54378 2.29041 1.99243 2.84386 1.64821 1.59355 1.56581 1.45729 1.4534 1.37586 1.34879 2.20603 1.9507 2.40261 1.92532 1.88505 2.87229 2.33801 2.86501 1.84289 5.92229 3.60291 2.59379 7.12981
threshold=28.869156837463382 1.0395846366882326 530.31250000000011 0.3055670708417893 27.481550216674808 2.3279390335083012 9.821540832519533 33.836181640625007 0.64100876450538646 1009.1353149414064 -7.4246826171874991 29.1740837097168 1007.8442993164064 0.37477548420429235 75.250000000000014 0.38591067492961889 -6.1772155761718741 1007.5455932617189 29.414825439453129 0.93177428841590892 0.46804577112197882 -1.1808280944824217 1.5000000000000002 1.5000000000000002 -0.26454544067382807 0 3.1797790527343754 0.50918415188789379 2.4547424316406254 1018.4409484863282
decision_type=2 2 2 2 2 2 2 2 2 2 2 2 2 2 2 2 2 2 2 2 2 2 2 2 2 1 2 2 2 2
left_child=3 13 7 4 8 -4 11 10 9 15 14 16 -12 -2 -3 -1 18 20 -5 -20 -18 22 -19 24 -23 26 27 -25 -27 -30
right_child=1 2 5 6 -6 -7 -8 -9 -10 -11 12 -13 -14 -15 -16 -17 17 21 19 -21 -22 23 -24 25 -26 28 -28 -29 29 -31
leaf_value=-0.0018123724084967944 0.033521922767988245 0.024816628560693527 0.0032605391286790486 -0.0010229394191335831 0.0078211407487575307 -0.034236943148980958 0.0079284034533718753 0.15423554208067561 0.0063269213757641508 -0.0050177661544974859 0.048778207794510399 -0.016516503727736515 0.0059991713373311242 0.02032642773160687 -0.015696816102549107 0.0054072255368790888 -0.00069489955326874344 -0.01477074584928249 -0.020377229237537899 -0.0028411639999835181 0.008951487268820486 -0.0013106680181664038 4.6484976453600699e-05 0.006540046830592304 0.0067881389530586927 -0.0002052199443149971 0.024634738399255451 -0.0023779738858589958 -0.01148531708499779 0.012851893057868907
leaf_weight=2717 7334 2285 18468 46335 17911 3227 6146 3062 6796 5176 6966 3405 4366 10626 2258 4355 5813 7707 3092 4293 16233 17536 14908 9146 42889 57764 9471 41917 11366 6677
leaf_count=2717 7334 2285 18468 46335 17911 3227 6146 3062 6796 5176 6966 3405 4366 10626 2258 4355 5813 7707 3092 4293 16233 17536 14908 9146 42889 57764 9471 41917 11366 6677
internal_value=0.000309053 0.00116528 0.000591703 0.000162183 0.000917084 -0.000126238 7.05988e-05 0.00141384 0.00024016 -0.000369391 0.00102613 3.74061e-05 0.00154188 0.00246188 -0.000260927 0.000673256 5.72849e-05 0.000137957 -0.00030523 -0.00151183 0.000900617 6.12788e-05 -0.000630276 0.00014079 0.000554977 -4.28012e-05 0.00028629 -5.45884e-05 -0.00030559 -0.00114264
internal_weight=400245 58592 40632 341653 36955 21695 304698 18937 19044 12248 15875 298552 11332 17960 4543 7072 295147 241427 53720 7385 22046 219381 22615 196766 60425 136341 60534 51063 75807 18043
internal_count=400245 58592 40632 341653 36955 21695 304698 18937 19044 12248 15875 298552 11332 17960 4543 7072 295147 241427 53720 7385 22046 219381 22615 196766 60425 136341 60534 51063 75807 18043
cat_boundaries=0 1
cat_threshold=3
is_linear=0
shrinkage=0.08


Tree=125
num_leaves=31
num_cat=14
split_feature=33 5 25 5 5 37 5 5 41 10 5 23 16 5 35 5 8 37 5 38 33 24 5 41 26 5 5 34 33 5
split_gain=6.30424 10.0835 3.84071 4.73579 2.66915 2.44338 7.52408 3.04227 2.21524 2.10535 4.59498 3.43914 2.22977 1.90297 1.84457 1.83138 1.746 1.9527 1.68998 1.6206 1.91357 2.03727 2.02503 1.47643 1.46933 2.19491 1.46529 1.44519 2.25029 2.28149
threshold=23.488703727722172 0 7.9763841629028329 1 2 -0.81534576416015614 3 4 28.513652801513675 2.5883991718292241 5 24.888233184814457 2.2105770111083989 6 0.33330917358398443 7 8 0.90771102905273449 9 1.0221633911132815 22.125504493713382 29.307998657226566 10 28.868905067443851 11.277322292327883 11 12 0.61172485351562511 16.233792304992679 13
decision_type=2 9 2 9 9 2 9 9 2 2 9 2 8 9 2 9 1 2 9 2 2 2 9 2 2 9 9 2 2 9
left_child=2 14 4 8 27 6 -3 23 24 13 -11 12 -12 16 -2 -14 17 19 -19 20 21 -6 -23 -7 25 -4 -21 -1 -29 -30
right_child=1 5 3 -5 9 7 -8 -9 -10 10 11 -13 15 -15 -16 -17 -18 18 -20 26 -22 22 -24 -25 -26 -27 -28 28 29 -31
leaf_value=0.0048888074827272256 0.018583974633022495 -0.063789637512096056 -0.010039475038954495 0.01021571736844523 -0.0018292924438113843 0.0063162327355083042 0.0099039879106563432 -0.00055118335730495658 0.011698358763347148 0.0058679385227318956 0.0011581586056648285 -0.039247130434589828 -0.045430488692080176 0.0014504604424264284 0.0070934311883473636 -0.0034457813878528663 0.0011095430194046454 -0.0032280284787031661 -0.024732920985571023 0.026898649103130431 0.0059857460184150005 -0.0036948261473403643 -0.0244570798276957 0.043115207049165043 0.0032799075554300278 -0.00056177124267906876 -0.0012278426691229637 -0.0066415789606651884 -0.0024262189055781541 0.0095163132795392461
leaf_weight=58266 16658 2176 2203 14531 29531 11899 5601 22513 2245 11724 5865 3008 4625 109270 4887 2674 26024 2413 3713 2887 3293 3070 2447 6653 2681 3439 4618 11163 6978 13012
leaf_count=58266 16658 2176 2203 14531 29531 11899 5601 22513 2245 11724 5865 3008 4625 109270 4887 2674 26024 2413 3713 2887 3293 3070 2447 6653 2681 3439 4618 11163 6978 13012
internal_value=0.000291614 0.000978849 0.000144863 0.00109586 6.6463e-05 0.000342352 -0.000956979 0.000588679 -0.000193426 -8.62153e-05 -0.000734466 -0.00160771 -0.00104934 1.03805e-05 0.00241966 -0.00198167 -0.000291427 -0.00055927 -0.00189961 -0.000379798 -0.000590232 -0.000763535 -0.00217333 0.00134654 -0.000795392 -0.00152725 0.000694611 0.000433771 -6.03269e-06 0.000502
internal_weight=400067 70387 329680 25099 304581 48842 7777 41065 10568 215162 27896 16172 13164 187266 21545 7299 77996 51972 6126 45846 38341 35048 5517 18552 8323 5642 7505 89419 31153 19990
internal_count=400067 70387 329680 25099 304581 48842 7777 41065 10568 215162 27896 16172 13164 187266 21545 7299 77996 51972 6126 45846 38341 35048 5517 18552 8323 5642 7505 89419 31153 19990
cat_boundaries=0 32 61 93 125 157 189 221 253 254 286 305 334 366 395
cat_threshold=96 0 0 3888 0 0 63232 0 0 356352 0 0 3145728 0 0 8388608 0 0 1224736768 0 0 536870912 0 0 0 512 0 0 16 0 0 10496 15 0 0 96 0 0 42752 0 0 2887680 0 0 8454144 0 0 1048576 0 0 0 0 0 0 0 0 0 64 0 0 3584 24 0 0 640 0 0 8960 0 0 851968 0 0 48300032 0 0 102760448 0 0 268435456 2 0 4026531840 1 0 0 256 0 0 3136 0 0 37888 26 0 0 128 0 0 0 0 0 0 0 0 917504 0 0 6291456 0 0 100663296 0 0 1073741824 49 0 0 1 0 0 0 0 0 512 27 0 0 64 0 0 0 0 0 163840 0 0 917504 0 0 37748736 0 0 637534208 0 0 268435456 24 0 0 35 0 0 32 0 0 16896 0 0 0 0 0 0 3072 0 0 2138112 0 0 17956864 0 0 956301312 0 0 2701131776 1 0 0 48 0 0 120 0 0 12320 0 0 65536 450 0 0 3136 0 0 3072 0 0 1110016 0 0 1048576 0 0 956301312 0 0 2684354560 1 0 0 16 0 0 16 0 0 4144 0 0 92672 0 0 0 0 0 0 0 0 0 0 0 0 0 0 0 0 0 0 100663296 0 0 0 6 0 0 642 0 0 400 0 0 256 2 258 0 0 1024 0 0 0 0 0 4096 0 0 0 0 0 150994944 0 0 2147483648 0 0 0 16 0 0 16 0 0 32 0 0 83968 66 0 0 3072 0 0 2048 0 0 1081344 0 0 1048576 0 0 553648128 0 0 536870912 8 0 0 0 0 0 8448 0 0 2883584 0 0 8388608 0 0 0 0 0 0 0 0 0 0 0 0 0 0 0 512 64 0 0 2048 0 0 3072 0 0 0 0 0 0 0 0 939524096 0 0 536870912 1 0 0 0 0 0 0 0 0 0 0 0 512 24 0 0 640 0 0 8448 0 0 262144 0 0 4259840 0 0 0 0 0 0 0 0 0 1 0 0 256 0 0 64
is_linear=0
shrinkage=0.08


Tree=126
num_leaves=31
num_cat=4
split_feature=41 11 9 11 34 38 18 27 38 7 30 31 32 40 6 34 41 9 30 10 32 34 18 31 26 9 40 36 1 10
split_gain=6.83071 5.37702 3.34855 2.6629 2.52588 2.4111 4.81953 2.03419 3.52513 2.1701 1.85109 3.53068 2.67121 2.4993 3.4612 2.45504 4.03587 2.21445 2.18298 2.12856 1.83139 1.79044 1.48608 1.48258 1.52775 2.53229 2.34 2.40321 1.8241 2.60782
threshold=28.513652801513675 0.34569494426250463 0 0.20792061835527423 -5.8407287597656241 0.93822860717773449 2.0796307325363164 1009.5068664550782 0.22811222076416018 2.5000000000000004 1017.6875000000001 71.438369750976577 842.67639160156261 0.55920124053955089 1 1.3748474121093752 26.105274200439457 2 37.437500000000007 0.38164016604423529 541.46539306640636 -7.6213684082031241 0.68032643198966991 85.694946289062514 2.9409546852111821 3 2.6435947418212895 88.698863983154311 84.250000000000014 1.9821479320526125
decision_type=2 2 1 2 2 2 2 2 2 2 2 2 2 2 1 2 2 1 2 2 2 2 2 2 2 1 2 2 2 2
left_child=3 -2 -3 -1 5 6 -4 9 -9 -6 13 -12 17 14 -5 18 -17 20 -16 -18 -13 -7 -11 24 -15 -26 27 28 29 -27
right_child=1 2 4 10 7 21 -8 8 -10 22 11 12 -14 23 15 16 19 -19 -20 -21 -22 -23 -24 -25 25 26 -28 -29 -30 -31
leaf_value=0.0049862185217068563 0.021870299067111406 0.035692763418673702 -0.001129312807756548 0.0061952422826046421 0.019353920119442699 0.0031074733761204182 -0.05081506810966812 0.0056273254115633111 -0.021660799077791105 0.010676671428015257 -0.030169994864988479 0.010642166770170707 0.013263047618075251 0.002447777164575538 0.0044586737652228805 0.00092648399411712225 -0.0098434669419701481 -0.0010774579993370666 -0.0028282843531702538 -0.0070023676524856512 0.00087808238733445051 0.044245040380574904 -0.0064018979377243514 0.0034983130728736657 0.000905123662800281 -0.0083428202219379514 0.0007258996636311817 0.0040341279362257195 -0.0027386426489289105 -0.030534869214089513
leaf_weight=11663 9330 5621 13485 7367 15253 5891 2098 4579 2008 3251 2235 14296 4888 89437 5729 2726 2182 19490 26577 2183 11481 2563 5074 29362 56268 11903 16837 3087 10141 2572
leaf_count=11663 9330 5621 13485 7367 15253 5891 2098 4579 2008 3251 2235 14296 4888 89437 5729 2726 2182 19490 26577 2183 11481 2563 5074 29362 56268 11903 16837 3087 10141 2572
internal_value=0.000254032 0.000976996 0.000698143 0.000102701 0.00050474 -0.000106957 -0.000696979 0.000992212 -0.000250417 0.00133933 5.92401e-05 0.000493893 0.000632712 -2.6263e-05 -0.000557233 -0.000854758 -0.00220194 0.000440577 -0.000558732 -0.00370743 0.000926775 0.000980151 0.00029994 8.6824e-05 5.15109e-06 -0.000208375 -0.000658887 -0.00111096 -0.00137481 -0.00195098
internal_weight=399577 69153 59823 330424 54202 24037 15583 30165 6587 23578 318761 52390 50155 266371 46764 39397 7091 45267 32306 4365 25777 8454 8325 219607 190245 100808 44540 27703 24616 14475
internal_count=399577 69153 59823 330424 54202 24037 15583 30165 6587 23578 318761 52390 50155 266371 46764 39397 7091 45267 32306 4365 25777 8454 8325 219607 190245 100808 44540 27703 24616 14475
cat_boundaries=0 1 2 3 4
cat_threshold=3 2 48 34
is_linear=0
shrinkage=0.08


Tree=127
num_leaves=31
num_cat=12
split_feature=19 24 31 23 5 5 30 18 5 5 25 34 19 23 30 5 5 5 5 23 3 24 18 5 34 5 5 5 25 18
split_gain=5.74571 4.8371 2.44706 4.8538 5.01431 4.4206 5.23879 2.89465 2.83874 2.24219 1.90056 1.95924 1.85552 2.30436 2.2175 9.1337 1.87584 1.79394 1.77282 1.63341 1.58704 1.73683 2.52963 1.46535 1.4064 1.96129 1.9024 1.39621 1.38542 2.39652
threshold=0.30066563189029699 39.773468017578132 68.297290802001967 28.968132019042972 0 1 891.68750000000011 1.6361306905746462 2 3 2.0165390968322758 -6.9306640624999991 0.89375776052474987 29.960079193115238 452.81250000000006 4 5 6 7 28.389827728271488 4923.8823242187509 28.848602294921879 1.6361306905746462 8 2.0746459960937504 9 10 11 9.821540832519533 0.43566000461578375
decision_type=2 2 2 2 9 9 2 2 9 9 2 2 2 2 2 9 9 9 9 2 2 2 2 9 2 9 9 9 2 2
left_child=19 2 5 8 -5 6 7 9 20 -2 11 -6 13 16 17 -16 -7 -14 -17 -1 21 23 -23 -4 26 -26 -19 -12 29 -10
right_child=1 -3 3 4 10 12 -8 -9 28 -11 27 -13 14 -15 15 18 -18 24 -20 -21 -22 22 -24 -25 25 -27 -28 -29 -30 -31
leaf_value=0.0034753772274982862 -0.020051337756398415 0.0953069347783084 0.0139509030509268 0.02488475210600135 -0.022023197941030432 0.008340897111788502 -0.054300008345762339 -0.0004074945908877716 -0.0013692626783904215 -0.0050995041441645626 -0.0082097660655508116 0.0025866774394725789 -0.016930803566422653 0.053651199888712871 -0.07187423737437848 0.030897333357766298 -0.0014230479819255573 0.012944419116729531 -0.015463965309399226 0.023371981348447989 -0.028757573444445385 -0.0084755215288221421 0.01511413692284835 -0.00045693984886802688 -0.0089775248580343907 0.010114730259550838 -0.0039722188195605987 0.015352705206339828 0.0077171294747065888 0.0025984720740683011
leaf_weight=7986 2492 4716 3665 12942 2026 8140 2186 12649 21798 3915 2034 3232 2029 3441 2243 2992 10538 11184 2894 5088 2366 10940 2452 39914 3633 19217 46564 8078 5754 133116
leaf_count=7986 2492 4716 3665 12942 2026 8140 2186 12649 21798 3915 2034 3232 2029 3441 2243 2992 10538 11184 2894 5088 2366 10940 2452 39914 3633 19217 46564 8078 5754 133116
internal_value=0.000250893 0.000195165 0.000163726 0.000312443 0.00129821 -0.000111625 -0.00116979 -0.000743522 0.000185533 -0.00212747 0.000319688 -0.00091268 8.76922e-05 0.000744543 -7.24499e-05 -0.00133235 0.000393408 5.16477e-05 0.000329157 0.00189972 -0.000287279 -0.000202804 -0.000999254 4.21208e-05 0.000111042 0.00064217 -9.91723e-05 0.000961075 0.000360151 0.000314838
internal_weight=400224 387150 382434 248317 28312 134117 21242 19056 220005 6407 15370 5258 112875 22119 90756 8129 18678 82627 5886 13074 59337 56971 13392 43579 80598 22850 57748 10112 160668 154914
internal_count=400224 387150 382434 248317 28312 134117 21242 19056 220005 6407 15370 5258 112875 22119 90756 8129 18678 82627 5886 13074 59337 56971 13392 43579 80598 22850 57748 10112 160668 154914
cat_boundaries=0 26 58 90 113 145 177 187 213 242 274 306 332
cat_threshold=241 0 0 7968 0 0 128768 0 0 466944 0 0 4718592 0 0 2097152 0 0 536870912 1 0 1342177280 0 0 0 6 656 0 0 13664 0 0 237568 0 0 1183744 0 0 58982400 0 0 72351744 0 0 1610612736 0 0 2147483648 49 0 0 2 0 0 0 0 0 2560 770 0 0 32 0 0 14336 0 0 2330624 0 0 65536 0 0 402653184 0 0 50331648 3 0 1073741824 12 0 0 260 0 0 9872 0 0 17664 0 0 0 5440 0 0 98304 0 0 1048576 0 0 8650752 0 0 1048576 0 0 0 0 0 2147483648 48 0 0 0 0 0 0 0 0 0 0 0 0 0 0 0 538968064 0 0 2264924160 2 0 1342177280 0 0 0 0 0 0 48 0 0 256 67 0 0 2064 0 0 20224 0 0 573440 0 0 0 0 0 446693376 0 0 100663296 0 0 1073741824 10 0 0 5 0 0 16 0 0 256 0 0 0 128 0 0 3072 0 0 98304 0 0 0 128 0 0 2048 0 0 114688 0 0 1572864 0 0 25165824 0 0 134217728 1 0 0 4 0 0 288 0 0 0 0 0 0 0 0 0 2162688 0 0 0 0 0 0 0 0 16777216 0 0 0 4 0 0 0 0 0 128 0 0 0 0 0 0 0 0 0 16384 0 0 0 0 0 813694976 0 0 2214592512 0 0 268435456 2 0 0 768 0 0 0 0 0 4096 0 0 0 0 0 0 0 0 0 16384 0 0 131072 0 0 939524096 0 0 2399141888 3 0 536870912 0 0 0 513 0 0 16 0 0 8192 772 0 0 8272 0 0 131072 0 0 1048576 0 0 262144 0 0 331350016 0 0 33554432 0 0 0 0 0 0 1
is_linear=0
shrinkage=0.08


Tree=128
num_leaves=31
num_cat=1
split_feature=45 21 11 45 45 44 25 29 31 34 6 10 24 12 31 21 39 31 29 10 29 25 34 39 10 33 0 35 31 39
split_gain=7.57288 5.83112 3.46411 3.42697 2.8227 2.27072 2.02543 1.92583 2.62734 3.2653 2.8144 3.83892 2.3597 3.03375 2.10035 1.81479 2.67558 1.72211 2.32802 3.45131 2.14241 3.12078 1.68807 1.65206 3.52391 1.64476 1.6426 1.76843 1.78327 1.62335
threshold=28.941106796264652 0.66468194127082836 0.3055670708417893 32.573343276977546 27.832033157348636 29.1740837097168 11.140342235565187 0.67303085327148449 73.022117614746108 3.2866210937500004 0 2.5573270320892338 29.307998657226566 0.76184096932411205 84.95224761962892 1.343410909175873 0.9672532081604005 70.578464508056655 0.28892135620117193 0.97998550534248363 0.95055007934570324 2.3983862400054936 -6.0858154296874991 1.2543721199035647 3.234108686447144 18.598847389221195 16.750000000000004 0.1387596130371094 83.755573272705092 1.0239686369895937
decision_type=2 2 2 2 2 2 2 2 2 2 1 2 2 2 2 2 2 2 2 2 2 2 2 2 2 2 2 2 2 2
left_child=2 22 4 17 26 6 7 8 23 -10 -11 -12 14 -14 -9 -5 -17 18 -3 -20 -19 -22 -2 24 -4 -25 27 -1 -29 -21
right_child=1 3 5 15 -6 -7 -8 12 9 10 11 -13 13 -15 -16 16 -18 20 19 29 21 -23 -24 25 -26 -27 -28 28 -30 -31
leaf_value=0.0033173815381656443 0.003932579012053317 0.0068662043064364256 -0.00076114311178539511 0.1024262254152829 0.0086402058094973422 -0.014776367176795303 0.013420720809588914 -0.0018873215163162046 0.0048934415454079281 0.0099462178130808807 -0.022363677013863503 0.0068149915753910589 -0.014660748964749434 -0.0020357301864275907 0.0016416147789612072 -0.025065288905763389 0.082249159605206734 0.020805948838543739 0.027009582216798066 -0.0380045816280885 -0.017140549290091053 0.016571115725823298 0.029644330801246163 -0.00048810136146401617 -0.025765502141445681 0.018597844170116826 0.0052446681017775647 -0.0049724243805024564 0.001289995311222294 -0.0097503791886566545
leaf_weight=5850 2332 10183 75390 4133 13340 4165 2035 65584 54402 2866 3303 2079 6648 10392 45857 2023 3008 10255 2024 3037 2036 2328 11789 17294 3015 14326 7981 5964 4237 2157
leaf_count=5850 2332 10183 75390 4133 13340 4165 2035 65584 54402 2866 3303 2079 6648 10392 45857 2023 3008 10255 2024 3037 2036 2328 11789 17294 3015 14326 7981 5964 4237 2157
internal_value=0.000265302 0.00113423 0.00012587 0.000652911 0.000853031 3.74278e-05 6.29418e-05 4.59017e-05 0.000220401 0.000633897 -0.000848632 -0.00192373 -0.00018862 -0.0010651 -5.45171e-05 0.00201613 0.00099266 0.000262254 -0.000275458 -0.00137355 0.000902044 -0.000581619 0.00253655 -1.5086e-05 -0.000211949 0.000472969 0.000334748 -0.000131748 -0.000767408 -0.00246426
internal_weight=400033 55305 344728 41184 37372 307356 303191 301156 172675 62650 8248 5382 128481 17040 111441 9164 5031 32020 17401 7218 14619 4364 14121 110025 78405 31620 24032 16051 10201 5194
internal_count=400033 55305 344728 41184 37372 307356 303191 301156 172675 62650 8248 5382 128481 17040 111441 9164 5031 32020 17401 7218 14619 4364 14121 110025 78405 31620 24032 16051 10201 5194
cat_boundaries=0 1
cat_threshold=3
is_linear=0
shrinkage=0.08


Tree=129
num_leaves=31
num_cat=1
split_feature=45 11 45 31 29 27 29 21 38 10 29 0 10 31 35 14 33 21 36 33 27 29 27 41 0 12 17 6 10 17
split_gain=6.52817 6.15897 3.65206 2.30049 2.37436 2.29247 2.38798 2.17161 2.40063 2.08503 2.89677 2.30863 1.87809 1.80511 2.71379 3.20312 2.38959 2.09144 1.74407 1.70324 1.67869 1.61807 2.88819 1.54187 1.50883 1.74244 2.04525 1.48643 1.34645 1.41056
threshold=28.414020538330082 0.36254991590976721 32.573343276977546 68.549034118652358 0.30437088012695318 1009.3688354492189 0.95293807983398449 1.3614609241485598 1.8771566152572634 0.88513931632041942 0.1880912780761719 22.750000000000004 2.1584626436233525 80.013214111328139 0.65851211547851574 0.54988199472427379 23.488703727722172 0.41660760343074804 24.031162261962894 27.616703987121586 1006.0368652343751 0.67303085327148449 1015.0652465820314 29.622937202453617 35.750000000000007 1.4324668049812319 3.0455144643783574 0 0.25379385054111486 0.6834968924522401
decision_type=2 2 2 2 2 2 2 2 2 2 2 2 2 2 2 2 2 2 2 2 2 2 2 2 2 2 8 1 2 10
left_child=13 -2 3 9 -5 6 -6 -4 -9 23 -11 -12 -13 14 16 18 24 -18 -16 -17 -8 22 -15 -3 28 -26 -27 -24 -1 -30
right_child=1 2 7 4 5 -7 20 8 -10 10 11 12 -14 21 15 19 17 -19 -20 -21 -22 -23 27 -25 25 26 -28 -29 29 -31
leaf_value=-0.0038344546328597613 0.015867209492588408 -0.0037982139226509495 0.099895740680776196 0.016388922863528024 0.011010013394351705 -0.010453172125675259 0.0020243396997425907 -0.031952548083965984 0.069479914188953731 0.0039866061590246313 -0.0075426769182064838 -0.049390486902058606 -0.01502863269441523 0.0054827061951529636 -0.011306265927931377 -0.0018383486497707225 0.0076346090474534488 0.0063601866143505985 -0.002121921120108805 -0.028725704198054966 -0.01132240929465872 0.00074345701381046568 -0.018198389911369867 0.043741004248004471 -0.025452075582711668 0.018174430019078133 -0.035557519116719061 0.0076812534551894355 0.0027359491692428195 -0.00033391993133164046
leaf_weight=4094 14860 2044 4493 7832 17167 2620 7765 2028 2838 7527 3438 2121 2297 25055 3845 41903 3288 22192 2955 2894 2333 95247 2510 2403 3078 3739 2224 2204 20647 82600
leaf_count=4094 14860 2044 4493 7832 17167 2620 7765 2028 2838 7527 3438 2121 2297 25055 3845 41903 3288 22192 2955 2894 2333 95247 2510 2403 3078 3739 2224 2204 20647 82600
internal_value=0.000256849 0.000894443 0.000567039 0.000328509 0.000695205 0.000369962 0.000587351 0.00203181 0.00085808 -0.000368952 -0.000809978 -0.00188355 -0.00309124 9.31285e-05 -5.99785e-05 -0.000556746 0.000120729 0.000822283 -0.00217327 -0.000310933 -0.000388603 0.000330043 0.000844756 0.00115504 -3.29231e-05 -0.00102486 -0.000225682 -0.000970364 5.07123e-05 0.000107189
internal_weight=400241 81766 66906 57547 37717 29885 27265 9359 4866 19830 15383 7856 4418 318475 193459 51597 141862 25480 6800 44797 10098 125016 29769 4447 116382 9041 5963 4714 107341 103247
internal_count=400241 81766 66906 57547 37717 29885 27265 9359 4866 19830 15383 7856 4418 318475 193459 51597 141862 25480 6800 44797 10098 125016 29769 4447 116382 9041 5963 4714 107341 103247
cat_boundaries=0 1
cat_threshold=8
is_linear=0
shrinkage=0.08


Tree=130
num_leaves=31
num_cat=15
split_feature=45 5 22 5 7 37 5 5 22 31 5 5 5 33 5 16 5 37 5 33 5 5 5 40 32 5 40 16 5 32
split_gain=7.1528 6.25746 3.62032 4.02302 3.15934 2.53026 2.46487 1.95152 1.93303 5.20603 10.0633 4.91287 4.615 2.78012 2.52166 2.45483 2.17827 2.04736 2.47499 2.90084 3.57483 2.42156 1.95274 1.87127 1.74095 2.16548 1.67723 2.40351 2.54648 1.65984
threshold=28.551164627075199 0 1.5778541564941408 1 1.5000000000000002 -0.54726409912109364 2 3 0.027179718017578128 80.013214111328139 4 5 6 21.875904083251957 7 0.54608619213104259 8 0.30723571777343756 9 16.4008321762085 10 11 12 0.80582046508789074 752.18319702148449 13 0.33661746978759771 1.0192906856536867 14 942.10128784179699
decision_type=2 9 2 9 2 2 9 9 2 2 9 9 9 2 9 8 9 2 9 2 9 9 9 2 2 9 2 10 9 2
left_child=8 5 4 -4 7 -2 -6 -3 12 10 15 29 13 -1 -12 -10 -13 18 -14 20 -20 -19 -17 -5 -18 -26 -21 -28 -29 -11
right_child=1 2 3 23 6 -7 -8 -9 9 11 14 16 17 -15 -16 22 24 21 19 26 -22 -23 -24 -25 25 -27 27 28 -30 -31
leaf_value=0.003628154777071384 5.6185115037887051e-05 0.0069943926275170707 -0.017882513911792644 -0.0074307791794594527 0.012379499549370244 0.01969682342180305 -0.0054742220458566483 0.029263846283322927 -0.012726202966264239 -0.0030283389682026099 0.0047708744979052609 0.0062128199158221833 0.0031932003464485242 0.010425044817640583 -0.004313966428109395 -0.030413327862633458 0.00055309502255020983 0.012929844438941979 -0.026708649539405136 -0.0056574047541731922 -0.006809358849802028 -0.00012758280145772749 -0.008355337544537194 0.0083821936575217589 -0.0025088795174755432 0.0088638106094248818 0.0025546616697451159 -0.020525248903441977 -0.0024958704956085319 0.0082485768572428293
leaf_weight=20106 3600 4879 3342 2980 11429 21463 11669 7518 3622 34994 21358 26669 21548 11749 46677 2499 48874 13694 2116 2285 3932 21774 6434 6845 2295 6462 12539 2313 12049 2068
leaf_count=20106 3600 4879 3342 2980 11429 21463 11669 7518 3622 34994 21358 26669 21548 11749 46677 2499 48874 13694 2116 2285 3932 21774 6434 6845 2295 6462 12539 2313 12049 2068
internal_value=0.000223937 0.000935512 0.000406064 -0.000726417 0.000826363 0.00196197 0.000273152 0.00185605 6.30178e-05 -8.96801e-05 -0.000588089 0.000241308 0.000311485 0.00114133 -0.000203659 -0.0026672 0.000578748 2.47102e-05 -0.000273137 -0.000685993 -0.0022793 0.000501494 -0.00195326 9.14171e-05 0.000301886 0.00134003 -0.000355391 -0.000178217 -0.000884498 -0.000526185
internal_weight=399782 73725 48662 13167 35495 25063 23098 12397 326057 201952 80590 121362 124105 31855 68035 12555 84300 92250 56782 35234 6048 35468 8933 9825 57631 8757 29186 26901 14362 37062
internal_count=399782 73725 48662 13167 35495 25063 23098 12397 326057 201952 80590 121362 124105 31855 68035 12555 84300 92250 56782 35234 6048 35468 8933 9825 57631 8757 29186 26901 14362 37062
cat_boundaries=0 32 61 87 113 145 177 209 241 273 305 337 369 401 430 462
cat_threshold=505 0 0 3616 0 0 124672 0 0 2109440 0 0 4718592 0 0 276824064 0 0 83886080 0 0 805306368 0 0 0 0 0 0 16 0 0 4352 0 0 0 336 0 0 4096 0 0 638976 0 0 8388608 0 0 40894464 0 0 33554432 0 0 0 0 0 0 3 0 0 32 516 0 0 272 0 0 6144 0 0 376832 0 0 35651584 0 0 251658240 0 0 167772160 0 0 1073741824 0 0 0 1 514 0 0 12352 0 0 2048 0 0 1048576 0 0 53542912 0 0 117440512 0 0 2952790016 2 0 1073741824 1 0 0 7 8 0 0 1552 0 0 123136 0 0 946176 0 0 21037056 0 0 419430400 0 0 167772160 1 0 2684354560 1 0 0 2 0 0 0 0 0 102656 532 0 0 96 0 0 145152 0 0 2142208 0 0 0 0 0 0 0 0 3858759680 1 0 1073741824 24 0 0 261 0 0 560 0 0 17408 894 0 0 4144 0 0 80640 0 0 73728 0 0 0 0 0 0 0 0 2852126720 1 0 0 0 0 0 70 0 0 528 0 0 35840 528 0 0 96 0 0 5120 0 0 2129920 0 0 35913728 0 0 113246208 0 0 1895825408 0 0 1073741824 12 0 0 416 0 0 2048 0 0 16384 1 0 0 528 0 0 32768 0 0 786432 0 0 15663104 0 0 293601280 0 0 150994944 0 0 2952790016 0 0 0 176 0 0 12416 0 0 43776 1 0 0 3136 0 0 148480 0 0 16384 0 0 1048576 0 0 469762048 0 0 352321536 0 0 1610612736 49 0 0 289 0 0 7264 0 0 90368 0 0 0 0 0 0 0 0 0 3932160 0 0 60817408 0 0 1048576 0 0 0 0 0 268435456 0 0 0 16 0 0 8320 0 0 512 0 0 0 11136 0 0 49152 0 0 2789376 0 0 14024704 0 0 44040192 0 0 335544320 0 0 2415919104 14 0 0 512 0 0 8352 0 0 512 0 0 0 0 0 0 24576 0 0 8192 0 0 16842752 0 0 150994944 0 0 167772160 0 0 536870912 0 0 0 2 0 0 0 0 0 33024 0 0 0 1280 0 0 81920 0 0 131072 0 0 34603008 0 0 772800512 0 0 0 0 0 0 0 0 0 8 0 0 1024 0 0 0 0 0 0 0 0 0 2097152 0 0 4653056 0 0 1048576 0 0 0 0 0 0 2 0 0 0 0 0 0 0 0 512
is_linear=0
shrinkage=0.08


Tree=131
num_leaves=31
num_cat=14
split_feature=45 5 35 5 5 41 19 27 5 29 5 31 5 5 28 39 6 5 29 5 32 5 5 5 31 42 32 5 31 43
split_gain=5.99985 5.4008 3.46596 4.85237 4.65531 2.61064 2.11095 2.02482 2.90527 1.81421 2.09773 1.71115 3.8315 2.6601 2.68016 1.94144 4.42974 1.7281 1.7253 3.71571 3.19579 4.28787 2.55138 2.17411 1.51726 1.83062 1.44352 2.42726 2.09571 1.71818
threshold=28.767078399658207 0 0.71573257446289074 1 2 31.598865509033207 0.27949178218841558 1007.1256103515626 3 0.68405914306640636 4 85.065193176269545 5 6 1002.9078063964845 0.20526199787855151 7 8 0.67303085327148449 9 748.03372192382824 10 11 12 73.022117614746108 27.620227813720707 620.41595458984386 13 78.028251647949233 27.307347297668461
decision_type=2 9 2 9 9 2 2 2 9 2 9 2 9 9 2 2 1 9 2 9 2 9 9 9 2 2 2 9 2 2
left_child=6 -2 3 5 9 7 -1 -3 -9 10 -4 13 -13 14 -8 16 -16 -14 22 -20 23 -22 24 -21 25 -15 28 29 -17 -28
right_child=1 2 4 -5 -6 -7 11 8 -10 -11 -12 12 17 18 15 26 -18 -19 19 20 21 -23 -24 -25 -26 -27 27 -29 -30 -31
leaf_value=0.0042066865708340027 0.023176763572892348 0.025197624238076873 0.023673141828818391 0.026499786684119103 0.0077590900252929819 -0.041622672478406689 -0.016143515006974203 0.013477468963790406 -0.028247179417523416 -0.01970275776498958 -0.01612895208172966 0.0072619620585052348 -0.0033546465163887735 0.0046365128293670375 -0.0079757730027357546 -0.0012427636834468824 -0.0017995948741889823 0.0021964164022637055 0.0034959171778931879 -0.012981620947841124 -0.016489674456181946 0.0074981672415890214 2.3176403239930033e-05 -0.0047054582902716687 0.0074843328025478119 -0.0084017864737992998 0.0070907520992727867 -0.0097685766570206958 0.0065939110113924252 -0.0056082487817216888
leaf_weight=7201 7075 5595 2001 21510 14532 2006 2487 2383 2016 3785 2044 14519 13477 31415 2919 18189 12576 34771 24873 4019 3301 8348 88328 26108 18058 2874 3842 6675 10269 2972
leaf_count=7201 7075 5595 2001 21510 14532 2006 2487 2383 2016 3785 2044 14519 13477 31415 2919 18189 12576 34771 24873 4019 3301 8348 88328 26108 18058 2874 3842 6675 10269 2972
internal_value=0.000222581 0.000939498 0.000675016 0.00118974 -9.61916e-05 -9.98335e-05 8.87345e-05 0.000429428 -0.000853708 -0.00166624 -0.000488286 5.91462e-05 0.000435 -2.91397e-05 -0.00049849 -0.000386966 -0.00115189 9.18208e-05 0.000106567 -0.000228686 -0.000689444 0.000435372 0.000265416 -0.0011246 0.00070785 0.00039523 -0.000104202 -0.00078554 0.000218913 0.000277436
internal_weight=400168 62947 55872 33510 22362 12000 337221 9994 4399 7830 4045 330020 62767 267253 59929 57442 15495 48248 207324 66649 41776 11649 140675 30127 52347 34289 41947 13489 28458 6814
internal_count=400168 62947 55872 33510 22362 12000 337221 9994 4399 7830 4045 330020 62767 267253 59929 57442 15495 48248 207324 66649 41776 11649 140675 30127 52347 34289 41947 13489 28458 6814
cat_boundaries=0 32 58 87 109 128 160 192 193 225 257 289 321 353 385
cat_threshold=249 0 0 7680 0 0 123648 0 0 0 0 0 0 0 0 0 0 0 0 0 0 0 0 0 0 0 0 0 16 0 0 4352 512 0 0 8384 0 0 131072 0 0 2101248 0 0 50790400 0 0 577765376 0 0 1879048192 1 0 3221225472 1 0 0 6 6 0 0 8560 0 0 137216 0 0 1171456 0 0 1310720 0 0 566231040 0 0 184549376 2 0 0 1 0 0 3 0 0 32 0 0 0 0 0 0 0 0 0 2101248 0 0 393216 0 0 7340032 0 0 0 1 0 1073741824 0 0 0 368 0 0 2048 0 0 49152 0 0 1048576 0 0 25165824 0 0 150994944 579 0 0 9744 0 0 124928 0 0 2510848 0 0 2293760 0 0 16777216 0 0 0 0 0 268435456 0 0 0 1 0 0 14464 0 0 11776 8 0 0 432 0 0 256000 0 0 397312 0 0 19857408 0 0 268435456 0 0 0 0 0 268435456 17 0 0 0 0 0 0 0 0 5888 1 0 0 0 2496 0 0 1792 0 0 73728 0 0 1048576 0 0 2097152 0 0 2734686208 0 0 2684354560 2 0 0 28 0 0 1072 0 0 256 6 0 0 5120 0 0 1280 0 0 0 0 0 4194304 0 0 213909504 0 0 251658240 1 0 3758096384 34 0 0 746 0 0 3264 0 0 65536 0 0 0 0 0 0 0 0 0 532480 0 0 42991616 0 0 3145728 0 0 0 0 0 0 12 0 0 21 0 0 4864 0 0 59392 800 0 0 8256 0 0 1792 0 0 1613824 0 0 9437184 0 0 537919488 0 0 4026531840 0 0 2147483648 4 0 0 262 0 0 12816 0 0 51200 96 0 0 512 0 0 0 0 0 16384 0 0 0 0 0 536870912 0 0 805306368 0 0 0 0 0 0 0 0 0 16 0 0 16384 8 0 0 272 0 0 100352 0 0 135168 0 0 16973824 0 0 268435456 0 0 0 0 0 0 0 0 0 0 0 0 0 0 0 4096
is_linear=0
shrinkage=0.08


Tree=132
num_leaves=31
num_cat=1
split_feature=45 14 45 11 45 6 32 31 30 27 43 10 39 27 33 31 33 38 33 39 14 30 1 27 27 14 38 16 14 43
split_gain=6.17373 4.81228 3.74316 2.57629 2.36018 2.1229 2.11088 1.79792 2.69308 2.09584 2.90598 1.91684 3.01895 1.86007 1.76805 1.83501 1.70817 1.6252 1.61323 2.23182 1.76414 1.56878 1.60035 3.02255 2.78292 1.56402 2.39533 2.21332 2.10935 1.46016
threshold=29.056795120239261 0.9543425738811494 33.836181640625007 0.3055670708417893 27.149129867553714 0 598.40667724609386 79.458057403564467 55.312500000000007 1010.1075744628907 27.747475624084476 3.3583831787109379 0.9672532081604005 1004.9100646972657 23.643839836120609 40.643161773681648 26.328000068664554 0.54774761199951183 20.780735969543461 0.15015020966529849 1.5736096501350405 304.43750000000006 74.750000000000014 1002.0603942871095 1001.1057434082032 2.6051285266876225 1.9676666259765627 2.1706105470657353 1.8705018162727358 2.1652324199676518
decision_type=2 2 2 2 2 1 2 2 2 2 2 2 2 2 2 2 2 2 2 2 2 2 2 2 2 2 2 8 2 2
left_child=3 -2 21 4 -1 6 -6 8 9 16 14 12 13 -10 25 -16 -5 -9 19 -15 -20 -3 23 -23 -24 26 -11 -27 -28 -17
right_child=1 2 -4 7 5 -7 -8 17 11 10 -12 -13 -14 18 15 29 -18 -19 20 -21 -22 22 24 -25 -26 27 28 -29 -30 -31
leaf_value=-0.00035744325602047862 0.025329753623678383 0.016005476877791677 0.10426285394399411 0.016491621485395368 0.0046258960934238503 0.0065454304908482818 -0.0066038078298957482 0.00055733520282718154 -0.024183879913784092 -0.00089680471661041528 -0.017576876035936967 -0.042845114586523153 0.010960414042704448 -0.0095822240480963692 0.035929081557852953 -0.011233379036789866 -0.0065640771835806565 0.0066465673726537949 0.0012116912786753423 -0.0056752640219411002 -0.019316000941092738 0.009263074971043516 -0.013965640033681184 -0.043218758870860963 0.012024647000219952 0.012184076239516197 -0.00063345404806940911 -0.001780003645640774 -0.027543294309394378 0.010397224395537695
leaf_weight=13316 11647 11956 4673 11053 2005 21061 2046 97498 2184 53771 2607 2512 11727 2500 5643 5482 2488 28311 16204 20681 4980 3097 3434 3243 12482 10916 2005 21009 2791 6590
leaf_count=13316 11647 11956 4673 11053 2005 21061 2046 97498 2184 53771 2607 2512 11727 2500 5643 5482 2488 28311 16204 20681 4980 3097 3434 3243 12482 10916 2005 21009 2791 6590
internal_value=0.000241367 0.00106779 0.000640185 0.000121812 0.000739685 0.00119608 -0.000480472 4.54333e-05 -0.000113139 0.000100189 -1.46538e-05 -0.000549492 -0.000455958 -0.000744947 4.90497e-05 0.00077969 0.00103933 0.000278782 -0.000632338 -0.00109336 -0.000127583 0.000349717 -4.74265e-05 -0.00112126 0.000380761 -9.40531e-05 -0.000339587 0.000356349 -0.00205077 0.00022248
internal_weight=399912 50532 38885 349380 38428 25112 4051 310952 185143 124355 110814 60788 58276 46549 108207 17715 13541 125809 44365 23181 21184 34212 22256 6340 15916 90492 58567 31925 4796 12072
internal_count=399912 50532 38885 349380 38428 25112 4051 310952 185143 124355 110814 60788 58276 46549 108207 17715 13541 125809 44365 23181 21184 34212 22256 6340 15916 90492 58567 31925 4796 12072
cat_boundaries=0 1
cat_threshold=8
is_linear=0
shrinkage=0.08


Tree=133
num_leaves=31
num_cat=2
split_feature=45 11 45 11 14 22 11 14 30 3 10 31 22 8 37 22 26 31 42 35 14 6 16 40 32 0 44 14 45 44
split_gain=5.32435 4.99871 3.20483 2.35964 2.23639 1.69509 2.15955 2.13429 2.892 1.80926 1.6177 1.50794 2.74128 1.84259 3.30062 2.44843 1.79575 1.79068 3.73146 2.23296 1.71125 1.72241 1.69968 1.69836 1.64919 1.94079 2.47916 1.64888 1.72104 3.45156
threshold=28.835530281066898 0.39080810546875006 34.510505676269538 0.2275396063923836 3.4330714941024785 0.89979171752929699 1.1346773505210879 1.7002336382865908 1005.9375000000001 194.8557052612305 2.2290601730346684 85.802875518798842 3.1371116638183598 0 0.099628448486328139 11.479854583740236 7.7625319957733163 72.839588165283217 27.935623168945316 0.18930435180664065 0.53162312507629406 1 0.41106024384498602 0.81413555145263683 139.09190368652347 17.250000000000004 25.728669166564945 3.1313626766204838 24.999158859252933 25.575583457946781
decision_type=2 2 2 2 2 2 2 2 2 2 2 2 2 1 2 2 2 2 2 2 2 1 10 2 2 2 2 2 2 2
left_child=3 -2 4 -1 5 7 -7 -3 10 -8 -9 12 17 -14 15 -15 23 18 27 -20 22 -22 -19 -13 -23 26 -26 28 -5 -30
right_child=1 2 -4 11 -6 6 9 8 -10 -11 -12 16 13 14 -16 -17 -18 20 19 -21 21 24 -24 -25 25 -27 -28 -29 29 -31
leaf_value=0.0031435905430290643 0.020484232957320693 0.019576138656310613 0.12525316576166157 -0.0029535227134971625 -0.025198455105916208 -0.0079402821253591709 0.024297866977013222 0.001678941946398328 -0.020108575039837838 -0.0084041057839857811 0.040300608596420082 -0.0028750812305339424 -0.0013478277032499758 -0.0069375353788862703 0.000889294348499598 -0.01356776992266525 0.0052122053596435616 0.0030315393374575582 -0.0082405974412657328 -0.023453601519862151 0.007994948863857234 -0.028489258219646586 -0.002533904363634416 0.0035236532606002075 0.018781419572998236 0.0073043610906817474 -0.0021181295433107222 0.0088286430354817865 0.017923730185064869 -0.00017040357605421603
leaf_weight=16138 9624 16182 3129 69644 2009 8081 3421 7455 3941 2048 3848 12779 31899 6350 5603 2893 10246 6069 5468 2544 16095 2703 15392 28939 2724 32974 18429 27486 4445 20755
leaf_count=16138 9624 16182 3129 69644 2009 8081 3421 7455 3941 2048 3848 12779 31899 6350 5603 2893 10246 6069 5468 2544 16095 2703 15392 28939 2724 32974 18429 27486 4445 20755
internal_value=0.000193858 0.000890273 0.000569308 7.13225e-05 0.000403873 0.000520695 -0.000227139 0.00084311 0.000163629 0.000999453 0.000814285 2.42019e-05 -5.1377e-05 -0.000608705 -0.00134464 -0.00227256 0.000418979 6.45731e-05 -0.000127593 -0.00179905 0.000329929 0.000514705 -0.00029789 0.000185775 0.000307476 0.000403938 -0.000194112 -1.79826e-05 -0.000176102 0.000390321
internal_weight=399313 59738 50114 339575 46985 44976 13550 31426 15244 5469 11303 323437 271473 46745 14846 9243 51964 224728 130342 8012 94386 72925 21461 41718 56830 54127 21153 122330 94844 25200
internal_count=399313 59738 50114 339575 46985 44976 13550 31426 15244 5469 11303 323437 271473 46745 14846 9243 51964 224728 130342 8012 94386 72925 21461 41718 56830 54127 21153 122330 94844 25200
cat_boundaries=0 1 2
cat_threshold=2 2
is_linear=0
shrinkage=0.08


Tree=134
num_leaves=31
num_cat=13
split_feature=45 5 7 22 5 14 5 25 5 40 20 33 5 5 5 15 5 14 5 5 14 15 41 5 19 31 5 5 34 40
split_gain=4.26104 5.83602 3.42745 4.32953 2.62304 2.35174 2.13726 2.08659 2.30846 1.99801 2.13965 1.61963 4.60277 2.27603 2.17791 1.56709 2.91833 2.40023 2.30891 1.50087 1.46079 1.31293 1.27016 1.23118 1.17751 1.16019 3.14744 2.95633 2.48628 2.23894
threshold=28.667377471923832 0 1.5000000000000002 1.5463829040527346 1 0.49155125021934515 2 9.821540832519533 3 1.0724534988403323 1.1892526149749758 23.182271957397464 4 5 6 1.273664712905884 7 1.7002336382865908 8 9 0.89780935645103466 3.2798150777816777 28.196902275085453 10 1.4830961227416994 79.793220520019545 11 12 -5.5162658691406241 0.90972518920898449
decision_type=2 9 2 2 9 2 9 2 9 2 2 2 9 9 9 10 9 2 9 9 2 10 2 9 2 2 9 9 2 2
left_child=7 -2 3 19 9 -6 -5 11 -9 20 -11 13 -13 21 -14 16 -7 23 -19 -3 -4 22 -1 -17 -20 27 28 29 -27 -15
right_child=1 2 4 6 5 15 -8 8 -10 10 -12 12 14 25 -16 17 -18 18 24 -21 -22 -23 -24 -25 -26 26 -28 -29 -30 -31
leaf_value=-0.0011691457826877294 0.020569293999749712 0.026254019232385871 -0.0043588762882661438 0.0081450881055710883 0.02150299243226847 -0.02140329855589192 -0.015463469347018042 -0.0014442097773654011 0.013423135266364846 0.012866898018632294 -0.024642051796165038 0.010385871921181636 0.0054514003497920203 -0.0050603639450799874 -0.003509410327322693 0.0056580189700786978 0.0026919665483182221 0.01301730670490038 -0.019663950784469999 0.015781299586254304 -0.027803253980884585 -0.030175551448691582 -0.010339574912256441 0.035563792681357134 -0.00045590776669135523 -0.00040819926362932631 1.1697968563660578e-05 0.0017252748216900146 0.0082799069823074282 -0.00049839438015359836
leaf_weight=62823 6375 8628 2055 2113 2629 2266 2231 2933 4671 3722 2249 8201 22715 15584 18791 2322 4956 8247 2943 7734 2090 3953 3401 4166 2899 9796 61663 77751 20477 20370
leaf_count=62823 6375 8628 2055 2113 2629 2266 2231 2933 4671 3722 2249 8201 22715 15584 18791 2322 4956 8247 2943 7734 2090 3953 3401 4166 2899 9796 61663 77751 20477 20370
internal_value=0.000207943 0.000786871 0.000546434 0.00138366 0.000118755 0.000489753 -0.000859899 9.04008e-05 0.00139953 -0.000996054 -5.95217e-05 5.97786e-05 0.000480077 -1.59809e-05 0.00013736 0.000273149 -0.000740044 0.000628941 4.22726e-05 0.00197948 -0.00234416 -0.000409305 -0.000324667 0.00190089 -0.0011723 0.000118272 0.000329585 -5.25875e-05 0.000997326 -0.000652249
internal_weight=400754 67625 61250 20706 40544 30428 4344 333129 7604 10116 5971 325525 49707 275818 41506 27799 7222 20577 14089 16362 4145 70177 66224 6488 5842 205641 91936 113705 30273 35954
internal_count=400754 67625 61250 20706 40544 30428 4344 333129 7604 10116 5971 325525 49707 275818 41506 27799 7222 20577 14089 16362 4145 70177 66224 6488 5842 205641 91936 113705 30273 35954
cat_boundaries=0 32 61 90 106 138 170 202 224 250 279 301 333 365
cat_threshold=104 0 0 3584 0 0 123648 0 0 0 0 0 0 0 0 0 0 0 0 0 0 0 0 0 0 0 0 0 16 0 0 4352 4 0 0 8384 0 0 131072 0 0 720896 0 0 25296896 0 0 677380096 0 0 3221225472 3 0 0 1 0 0 4 0 0 32 2 0 0 0 0 0 133120 0 0 86016 0 0 6225920 0 0 473956352 0 0 3925868544 0 0 1610612736 0 0 0 4 0 0 32 527 0 0 64 0 0 90112 0 0 397312 0 0 8585216 0 0 135266304 480 0 0 3840 0 0 59136 0 0 811008 0 0 6422528 0 0 92274688 0 0 1677721600 0 0 1073741824 0 0 0 512 0 0 0 0 0 10496 128 0 0 1600 0 0 28416 0 0 2125824 0 0 1048576 0 0 2097152 0 0 16777216 0 0 0 8 0 0 752 0 0 400 0 0 96512 10 0 0 96 0 0 2048 0 0 200704 0 0 524288 0 0 33554432 0 0 402653184 0 0 0 24 0 0 246 0 0 1008 0 0 116224 2 0 0 304 0 0 1024 0 0 53248 0 0 1835008 0 0 268435456 0 0 922746880 0 0 268435456 0 0 0 0 0 0 0 0 0 2129920 0 0 33554432 0 0 335544320 0 0 385875968 0 0 805306368 0 0 0 3 20 0 0 272 0 0 136192 0 0 3141632 0 0 14942208 0 0 407896064 0 0 1124073472 0 0 805306368 0 0 0 0 0 0 32 16 0 0 0 0 0 1024 0 0 0 0 0 4194304 0 0 335544320 0 0 318767104 0 0 2415919104 1 0 0 8208 0 0 65536 0 0 458752 0 0 32440320 0 0 29360128 0 0 402653184 0 0 805306368 5 0 0 10 0 0 13376 0 0 33280 47 0 0 2448 0 0 98304 0 0 1441792 0 0 61800448 0 0 285212672 0 0 0 2 0 0 34 0 0 0 0 0 32 0 0 512
is_linear=0
shrinkage=0.08


Tree=135
num_leaves=31
num_cat=13
split_feature=43 5 10 27 30 5 27 24 5 27 40 5 11 5 43 5 5 5 27 5 32 30 6 5 34 5 25 17 3 5
split_gain=4.20025 5.62144 3.49533 2.2772 2.57227 3.0959 3.68061 2.10023 2.25578 1.60063 1.81286 1.57153 1.55332 3.44119 1.87627 1.62009 1.59091 1.54886 1.39319 2.06054 1.77956 1.53243 2.15125 1.49048 1.47484 1.76529 1.3258 1.30112 1.26646 1.50696
threshold=28.872670173645023 0 0.60366401076316845 1009.1445922851564 195.31250000000003 1 1002.4497680664064 39.773468017578132 2 1000.5227661132814 0.83989810943603527 3 0.25645555555820471 4 27.270109176635746 5 6 7 1009.1863098144532 8 889.39624023437511 716.81250000000011 9 10 -4.5429382324218741 11 1.9729249477386477 0.6834968924522401 144.02491760253909 12
decision_type=2 9 2 2 2 9 2 2 9 2 2 9 2 9 2 9 9 9 2 9 2 2 1 9 2 9 2 10 2 9
left_child=12 3 11 4 -2 6 -6 8 -4 -7 -11 -3 13 -1 17 18 -16 -15 19 26 24 -20 -23 -24 -21 -26 -14 -28 -10 -30
right_child=1 2 7 -5 5 9 -8 -9 28 10 -12 -13 15 14 16 -17 -18 -19 21 20 -22 22 23 -25 25 -27 27 -29 29 -31
leaf_value=0.009634894477603427 0.023725734898951703 0.004785023674622497 -0.016136997989874561 -0.022276299994415504 0.00213908853774239 -0.010334920539553472 -0.040374388782411071 0.091840811788932011 0.013578329708778798 -0.0045306883815573445 0.017035776423070931 0.024101708113905298 -0.012646106837879 -0.0050284808001000445 0.0075783375292804581 0.00098239682960091202 0.00016000028586929122 4.6470818063803748e-06 -0.00089224427993156398 -0.019274834744748219 0.0011778109878175993 -0.0041972849620988632 0.0019727261323382824 0.015007822152395576 0.0010144803945612442 -0.0073151208649428557 -0.0012216268533017419 0.0063514210552400377 -0.019689875223570987 0.0092916438529164029
leaf_weight=5103 5859 2138 2541 2370 2628 2771 2761 2409 9767 2230 6705 9250 3413 2234 4284 234292 6154 4850 46836 2440 2785 3014 3599 4183 2046 2846 6612 5512 2605 5989
leaf_count=5103 5859 2138 2541 2370 2628 2771 2761 2409 9767 2230 6705 9250 3413 2234 4284 234292 6154 4850 46836 2440 2785 3014 3599 4183 2046 2846 6612 5512 2605 5989
internal_value=0.000208137 0.00082508 0.0014861 -8.14393e-05 0.00016269 -0.000333236 -0.00191607 0.00092466 0.000666029 0.000397749 0.000918949 0.00263485 9.92673e-05 0.000739563 0.000205678 5.36293e-05 0.000887443 -0.000798421 -0.000249394 -0.000739713 -0.00162691 -3.10883e-05 0.000827688 0.00152884 -0.00228167 -0.00147532 -0.000160185 0.000232075 0.000975137 0.000266853
internal_weight=400226 60023 34699 25324 22954 17095 5389 23311 20902 11706 8935 11388 340203 22625 17522 317578 10438 7084 83286 25654 10117 57632 10796 7782 7332 4892 15537 12124 18361 8594
internal_count=400226 60023 34699 25324 22954 17095 5389 23311 20902 11706 8935 11388 340203 22625 17522 317578 10438 7084 83286 25654 10117 57632 10796 7782 7332 4892 15537 12124 18361 8594
cat_boundaries=0 29 58 77 99 128 160 176 199 231 232 252 275 297
cat_threshold=260 0 0 8384 0 0 163840 0 0 786432 0 0 3473408 0 0 57671680 0 0 3992977408 0 0 1073741824 33 0 0 7 0 0 48 0 0 0 8192 0 0 163840 0 0 524288 0 0 262144 0 0 6291456 0 0 100663296 0 0 0 0 0 0 3 0 0 48 16 0 0 768 0 0 12288 0 0 0 0 0 0 0 0 0 0 0 16777216 2 0 0 0 0 0 65536 0 0 2125824 0 0 12713984 0 0 75497472 0 0 268435456 0 0 2415919104 0 0 0 192 0 0 35840 0 0 90112 0 0 57868288 0 0 638582784 0 0 419430400 2 0 2415919104 13 0 0 7 0 0 16 257 0 0 10720 0 0 81408 0 0 184320 0 0 65536 0 0 268435456 0 0 822083584 2 0 0 2 0 0 16 0 0 2048 0 0 14080 68 0 0 12304 0 0 25344 0 0 659456 0 0 8388608 0 0 136314880 23 0 0 9520 0 0 256 0 0 2097152 0 0 0 0 0 0 0 0 0 0 0 0 18 1 0 0 10624 0 0 69632 0 0 184320 0 0 0 0 0 268435456 0 0 553648128 2 0 0 0 0 0 0 0 0 0 0 0 512 4 1 0 0 2048 0 0 79872 0 0 163840 0 0 0 0 0 268435456 0 0 536870912 2 0 0 0 64 0 0 9216 0 0 0 0 0 0 0 0 0 0 0 268435456 0 0 0 2 8 0 0 0 0 0 0 0 0 2301952 0 0 37879808 0 0 603979776 0 0 0 0 0 805306368
is_linear=0
shrinkage=0.08


Tree=136
num_leaves=31
num_cat=16
split_feature=43 5 9 5 34 5 5 33 5 22 5 7 38 5 5 22 5 21 5 38 31 5 5 36 5 33 5 5 34 27
split_gain=3.5578 5.30508 2.18596 2.16231 1.92967 2.7016 1.85223 1.92041 1.82831 1.80018 2.44741 1.64326 2.28043 3.45496 2.42595 1.84602 1.97598 1.61938 1.5446 1.55654 1.33451 2.04684 1.33754 1.32063 1.8495 1.41611 1.81034 1.33203 1.41493 1.33426
threshold=28.872670173645023 0 1 2 -11.834106445312498 3 4 23.643839836120609 5 0.2131462097167969 6 1.5000000000000002 0.19388031959533694 7 8 1.0000000180025095e-35 9 0.69103235006332409 10 -2.0637369155883785 81.342693328857436 11 12 92.747211456298842 13 15.417791843414308 14 15 -6.2691955566406241 1007.1256103515626
decision_type=2 9 1 9 2 9 9 2 9 2 9 2 2 9 9 2 9 2 9 2 2 9 9 2 9 2 9 9 2 2
left_child=6 9 4 -4 -3 -6 7 23 -9 17 -11 12 14 -14 -8 16 -15 -2 19 -13 21 -17 -22 25 -25 26 -1 -27 -29 -30
right_child=1 2 3 -5 5 -7 11 8 -10 10 -12 18 13 15 -16 20 -18 -19 -20 -21 22 -23 -24 24 -26 27 -28 28 29 -31
leaf_value=0.004842986853475225 0.023856434394511343 -0.018140874697972407 -0.015398859610373969 0.0040948800058632703 0.026901086209846055 0.0015240998209646642 -0.0042014547111080599 0.0023000468142418949 0.014404715909632063 -0.011164499954132871 0.014836806217854135 0.0068415314490910721 0.014899065334725457 -0.0023978535807835898 0.0016263270897473542 -0.015062267326448423 0.01962984197785125 0.026890731354397995 0.00021818117933511467 -0.003378287862464001 -0.0016862413822231769 -0.0007910528884544233 0.01823619863721988 -0.0013695783871829331 0.012363337152878635 0.0033411343795639258 -0.0040896836243936151 -0.017608293461259514 0.012497006418011186 0.00033776052145611846
leaf_weight=6290 6119 2458 7905 7609 9628 12595 17303 7144 4973 2126 5346 7132 12769 2287 29666 2817 3301 6067 99208 54442 2345 7883 2397 3228 5709 23293 12331 3096 2289 30391
leaf_count=6290 6119 2458 7905 7609 9628 12595 17303 7144 4973 2126 5346 7132 12769 2287 29666 2817 3301 6067 99208 54442 2345 7883 2397 3228 5709 23293 12331 3096 2289 30391
internal_value=0.000216585 0.000785327 0.000258113 -0.000485644 0.000725639 0.000961274 0.000116531 0.000408408 0.00135136 0.00186157 0.000883186 -2.81481e-06 0.000291565 0.00079257 -6.9052e-05 0.00016152 0.00140622 0.00246179 -0.000150704 -0.00046537 -0.000289412 -0.000784314 0.000826599 0.000276418 0.00119683 0.000170399 -0.000437765 0.000362159 5.54253e-05 0.000210462
internal_weight=400147 59853 40195 15514 24681 22223 340294 98744 12117 19658 7472 241550 80768 33799 46969 21030 5588 12186 160782 61574 15442 10700 4742 86627 8937 77690 18621 59069 35776 32680
internal_count=400147 59853 40195 15514 24681 22223 340294 98744 12117 19658 7472 241550 80768 33799 46969 21030 5588 12186 160782 61574 15442 10700 4742 86627 8937 77690 18621 59069 35776 32680
cat_boundaries=0 32 33 62 91 123 155 174 206 238 270 302 334 363 385 417 449
cat_threshold=235 0 0 7984 0 0 96000 0 0 1228800 0 0 12582912 0 0 268435456 0 0 285212672 0 0 536870912 0 0 0 0 0 0 0 0 0 4352 35 0 0 0 128 0 0 34816 0 0 851968 0 0 35586048 0 0 36700160 0 0 1275068416 0 0 1073741824 1 0 0 4 0 0 48 0 0 0 128 0 0 34816 0 0 65536 0 0 34078720 0 0 25165824 0 0 1811939328 2 0 3489660928 0 0 0 4 0 0 48 736 0 0 48 0 0 49920 0 0 524288 0 0 44236800 0 0 116391936 0 0 234881024 0 0 1073741824 0 0 0 194 0 0 16 0 0 81920 0 0 0 48 0 0 512 0 0 0 0 0 196608 0 0 9437184 0 0 0 0 0 0 0 0 0 192 0 0 0 0 0 81920 3 0 0 288 0 0 5888 0 0 32768 0 0 0 0 0 0 0 0 16777216 24 0 0 3840 0 0 78848 0 0 2195456 0 0 5242880 0 0 939524096 0 0 536870912 2 0 2415919104 18 0 0 521 0 0 128 0 0 14592 27 0 0 5888 0 0 139264 0 0 32768 0 0 1048576 0 0 134217728 0 0 1610612736 2 0 805306368 26 0 0 289 0 0 192 0 0 14336 4 0 0 4096 0 0 0 0 0 1179648 0 0 262144 0 0 16777216 0 0 285212672 0 0 536870912 36 0 0 16 0 0 11840 0 0 1024 256 0 0 2496 0 0 78848 0 0 212992 0 0 20971520 0 0 805306368 0 0 2684354560 1 0 2415919104 32 0 0 556 0 0 4096 0 0 43776 6 0 0 8320 0 0 2048 0 0 1466368 0 0 0 0 0 16777216 0 0 0 1 0 536870912 33 0 0 4 0 0 0 0 0 1536 261 0 0 4160 0 0 2048 0 0 1060864 0 0 16777216 0 0 0 0 0 3221225472 0 0 0 12 0 0 288 0 0 6464 0 0 0 32 0 0 768 0 0 524288 0 0 42074112 0 0 8388608 0 0 0 0 0 1073741824 0 0 0 16 0 0 512 0 0 0 0 0 35782656 0 0 46137344 0 0 0 0 0 0 0 0 0 192 0 0 0 0 0 16384 672 0 0 0 0 0 512 0 0 524288 0 0 8454144 0 0 68157440 0 0 134217728 0 0 1073741824 0 0 0 2 0 0 0 0 0 16384
is_linear=0
shrinkage=0.08


Tree=137
num_leaves=31
num_cat=17
split_feature=19 24 34 5 28 5 5 5 41 5 24 9 5 5 5 30 5 6 33 5 5 23 41 5 6 5 33 40 7 5
split_gain=3.33844 3.46512 1.95797 7.1061 3.80445 8.55812 3.63149 2.61697 2.41742 4.59408 2.4111 2.40705 3.44035 2.2247 2.1293 1.93048 2.45369 1.85093 1.71135 3.59336 2.03374 1.69908 1.54993 5.16632 1.94276 2.76873 1.46522 2.95903 2.55042 2.33352
threshold=0.30066563189029699 39.773468017578132 -6.1772155761718741 0 1006.5565795898439 1 2 3 27.847079277038578 4 27.636672973632816 5 6 7 8 12.312500000000002 9 10 22.249535560607914 11 12 28.389827728271488 28.173361778259281 13 14 15 14.178624153137209 2.0723900794982915 1.5000000000000002 16
decision_type=2 2 2 9 2 9 9 9 2 9 2 1 9 9 9 2 9 1 2 9 9 2 2 9 1 9 2 2 2 9
left_child=21 2 3 15 5 10 8 -5 -6 -10 -4 12 -12 -13 -7 -2 -17 -16 20 -20 -8 -1 24 -24 25 -22 -18 28 -28 -30
right_child=1 -3 4 7 6 14 18 -9 9 -11 11 13 -14 -15 17 16 26 -19 19 -21 22 -23 23 -25 -26 -27 27 -29 29 -31
leaf_value=0.0020272846750526105 0.012552793413058039 0.060471610106071369 0.005814535469822182 0.01301210941187172 -0.00086515027865364982 0.016565766209120762 0.0047816370784618872 8.0848483128126165e-05 -0.021668287899745092 -0.0018628707305388919 -0.013783379408647108 -0.021286202999349788 0.006911428764505516 -0.0038913127942557437 -0.002935907010409574 -0.020666922691803848 -0.0028243652663170111 0.010544120617596169 -0.00071556819880432693 0.0085523766769951028 0.013870422460648155 0.016068468152777536 0.0045994509888291693 -0.017492424353584148 -0.00062352109393408971 -0.0039261976868517059 -0.0062394134044018871 -0.0016971252427376345 -0.01505460944577941 -0.044392440870873191
leaf_weight=7896 2134 4756 3402 11551 61874 13484 43893 43200 2693 8875 2857 2725 7373 5591 3190 2534 7567 19423 15808 20446 6858 5089 2524 2125 74505 5123 2587 4861 2107 2909
leaf_count=7896 2134 4756 3402 11551 61874 13484 43893 43200 2693 8875 2857 2725 7373 5591 3190 2534 7567 19423 15808 20446 6858 5089 2524 2125 74505 5123 2587 4861 2107 2909
internal_value=0.000211616 0.000169257 0.000142522 -0.000210924 0.000235274 0.000817501 9.71505e-05 0.000297311 -0.000373417 -0.00143444 -0.000428259 -0.00078767 3.51221e-05 -0.00179654 0.00157455 -0.00133679 -0.00155482 0.00109804 0.000298934 0.000786896 0.000167894 0.00147287 -4.76111e-05 -0.00146898 2.89494e-05 0.000973586 -0.0012546 -0.00178804 -0.00277263 -0.00382332
internal_weight=399960 386975 382219 79450 302769 58045 244724 54751 73442 11568 21948 18546 10230 8316 36097 24699 22565 22613 171282 36254 135028 12985 91135 4649 86486 11981 20031 12464 7603 5016
internal_count=399960 386975 382219 79450 302769 58045 244724 54751 73442 11568 21948 18546 10230 8316 36097 24699 22565 22613 171282 36254 135028 12985 91135 4649 86486 11981 20031 12464 7603 5016
cat_boundaries=0 32 58 90 122 141 142 168 194 223 255 256 288 320 342 343 375 407
cat_threshold=0 0 0 448 0 0 1024 0 0 2318336 0 0 8126464 0 0 653262848 0 0 100663296 0 0 268435456 35 0 0 4 0 0 512 0 0 49408 11 0 0 368 0 0 81408 0 0 3682304 0 0 33751040 0 0 16777216 0 0 1879048192 3 0 0 41 0 0 6 148 0 0 1936 0 0 180224 0 0 1445888 0 0 21495808 0 0 50331648 0 0 3909091328 0 0 0 8 0 0 784 0 0 160 0 0 4096 73 0 0 3600 0 0 118784 0 0 1052672 0 0 0 0 0 0 0 0 805306368 3 0 536870912 8 0 0 512 0 0 16 0 0 5120 0 0 0 128 0 0 49152 0 0 262144 0 0 4194304 0 0 33554432 0 0 1761607680 33 3 0 0 96 0 0 0 0 0 12288 0 0 65536 0 0 16777216 0 0 268435456 2 0 0 32 0 0 2 8 0 0 320 0 0 3072 0 0 12288 0 0 33751040 0 0 0 0 0 536870912 1 0 0 0 0 0 4 964 0 0 10240 0 0 0 0 0 393216 0 0 15204352 0 0 281018368 0 0 218103808 0 0 1073741824 0 0 0 8 0 0 16 0 0 0 320 0 0 1024 0 0 2121728 0 0 262144 0 0 0 0 0 0 0 0 0 32 0 0 0 0 0 0 0 0 16640 8 3 0 0 64 0 0 0 0 0 557056 0 0 36765696 0 0 485490688 0 0 33554432 0 0 805306368 21 0 0 13 0 0 3136 0 0 512 0 0 0 32 0 0 0 0 0 2097152 0 0 37158912 0 0 212860928 0 0 33554432 0 0 268435456 33 0 0 79 0 0 576 0 0 49920 107 0 0 4160 0 0 66816 0 0 49152 0 0 0 0 0 0 0 0 67108864 0 0 536870912 2 800 0 0 14336 0 0 71680 0 0 65536 0 0 8388608 0 0 541065216 0 0 67108864 3 0 0 0 0 0 0 0 0 13312 0 0 74752 0 0 0 0 0 0 0 0 0 0 0 0 4718592 0 0 638582784 0 0 0 0 0 268435456 0 0 0 4 0 0 0 0 0 32768
is_linear=0
shrinkage=0.08


Tree=138
num_leaves=31
num_cat=0
split_feature=45 25 45 21 21 29 13 44 29 31 37 7 7 37 31 24 25 25 16 16 38 41 25 38 29 25 31 40 27 18
split_gain=5.09833 4.24166 2.2675 2.08638 1.83998 2.63846 1.95713 1.64437 1.47436 3.12899 1.33058 3.11125 2.09215 2.93658 2.3747 1.95706 1.82139 1.81479 1.64095 1.6369 1.81809 2.06764 1.7725 1.48448 1.4083 1.30644 1.96846 1.3061 1.23357 1.21094
threshold=29.096235275268558 4.8817038536071786 34.510505676269538 0.29597653448581701 1.129728436470032 0.42491531372070318 1.0091919898986819 29.463607788085941 0.080165863037109389 65.242889404296889 -1.0869445800781248 1.5000000000000002 1.5000000000000002 -0.26454544067382807 86.481357574462905 28.638458251953129 2.3471722602844243 3.8939988613128667 0.54999831318855297 0.48607423901557928 -0.2636140882968902 27.786580085754398 10.068286418914797 -4.3250584602355948 0.70965957641601574 1.6406585574150088 71.65539932250978 2.5561553239822392 1007.6656188964845 0.39188104867935186
decision_type=2 2 2 2 2 2 2 2 2 2 2 2 2 2 2 2 2 2 10 10 2 2 2 2 2 2 2 2 2 2
left_child=3 2 4 -1 5 -2 -6 10 -8 27 11 17 13 14 18 25 -15 28 24 20 -14 29 23 -21 -12 26 -13 -10 -5 -22
right_child=1 -3 -4 7 6 -7 8 -9 9 -11 12 15 19 16 -16 -17 -18 -19 -20 22 21 -23 -24 -25 -26 -27 -28 -29 -30 -31
leaf_value=0.0044827323717600669 0.024554176835737875 0.031252332183731392 0.10629826155563925 0.0075990904633421019 -0.024259773886669771 0.00031023438148559311 0.028879901821866033 -0.018292540571077719 -0.028722791877955785 0.012929927255609175 -0.0027485653778682013 -0.027169889780587146 0.0049925093913775771 0.01150266332299181 0.0062164355743444845 -0.014603049174362606 0.0012690853180211063 -0.018715763129188014 -0.0015917347381611707 0.012403151200087543 -0.0042382386249274137 0.0054709113001938725 0.0083054406433130615 -0.0010357063769767822 -0.007681623238355151 0.0087038116040303003 0.0049324372318435795 -0.0021356932611284237 -0.011719109927183962 -0.00043410143384781005
leaf_weight=7588 9738 8533 2567 2003 3820 9649 4084 2846 3008 4987 2796 2481 9690 32143 5028 3482 39059 2278 15471 4713 2570 5862 3624 170603 2325 14357 5033 2775 8873 8035
leaf_count=7588 9738 8533 2567 2003 3820 9649 4084 2846 3008 4987 2796 2481 9690 32143 5028 3482 39059 2278 15471 4713 2570 5862 3624 170603 2325 14357 5033 2775 8873 8035
internal_value=0.000179196 0.0009421 0.000601211 7.22776e-05 0.000445589 0.000991287 -0.000121173 4.32532e-05 0.000294403 -0.00019666 5.92888e-05 -0.000383519 0.000115776 0.000422257 -0.000312134 0.000134527 0.000686514 -0.00138134 -0.000692748 -2.89214e-05 0.000562082 5.0252e-05 -0.000115339 -0.00015158 -0.00193257 0.000415155 -0.000439128 -0.00146176 -0.000949476 -0.000616109
internal_weight=400021 49161 40628 350860 38061 19387 18674 343272 14854 10770 340426 38507 301919 96822 25620 25353 71202 13154 20592 205097 26157 16467 178940 175316 5121 21871 7514 5783 10876 10605
internal_count=400021 49161 40628 350860 38061 19387 18674 343272 14854 10770 340426 38507 301919 96822 25620 25353 71202 13154 20592 205097 26157 16467 178940 175316 5121 21871 7514 5783 10876 10605
is_linear=0
shrinkage=0.08


Tree=139
num_leaves=31
num_cat=15
split_feature=43 5 9 7 5 5 5 30 23 10 5 31 5 30 5 27 5 6 33 5 24 5 31 5 38 10 38 5 10 5
split_gain=3.13037 4.25418 2.5847 2.10108 2.55822 1.94234 1.84156 1.86117 1.82958 1.85938 2.3392 1.66693 2.47923 3.18226 2.97904 2.34774 2.18025 2.27906 2.14678 1.90724 1.57524 2.29925 1.48713 1.38451 1.46853 1.3701 1.83122 2.63524 1.35497 1.62682
threshold=28.910410881042484 0 1 2.5000000000000004 2 3 4 1622.8125000000002 28.28318023681641 0.31924399733543402 5 80.013214111328139 6 21.406250000000004 7 1011.3116760253907 8 9 16.456128120422367 10 28.742294311523441 11 62.671810150146491 12 0.26196479797363287 2.2041845321655278 -2.963288307189941 13 2.4627606868743901 14
decision_type=2 9 1 2 9 9 9 2 2 2 9 2 9 2 9 2 9 1 2 9 2 9 2 9 2 2 2 9 2 9
left_child=5 -2 -3 6 -5 8 7 -4 9 10 -1 12 13 -7 15 -15 -13 19 -16 -18 28 -22 -6 -20 -25 -11 -27 -28 29 -19
right_child=1 2 3 4 22 11 -8 -9 -10 25 -12 16 -14 14 18 -17 17 20 23 -21 21 -23 -24 24 -26 26 27 -29 -30 -31
leaf_value=-0.0056340376234117421 0.018423912714242228 0.040459471979287363 0.002811167642938909 -0.018331246697457868 -0.019121302794011471 -2.2183337725129605e-05 0.0097849830234243533 -0.020238523882483556 0.0074560892392427592 0.0032285981317310979 0.0027710378205539525 0.0029015600571813765 -0.00014111408366263343 -0.023021936072353196 -0.014103957476158002 -0.0055605521118188648 0.017059433463059964 0.0047567212800906566 0.0011614091448334581 0.00099595301080880583 -0.014533196920806374 -0.0037055354706085021 0.006259635595090054 0.00027734360406513948 -0.0151312715359062 0.0063784381245003546 -0.026679529858880443 0.00069408598376724388 -0.021590790499864249 -0.0012091292433292816
leaf_weight=5122 8066 4801 7975 5003 3772 18631 20464 2042 11518 57763 3290 43166 109713 2513 2842 2108 3268 11753 7224 4626 2263 7162 6249 2399 3195 6361 3588 5607 2980 24682
leaf_count=5122 8066 4801 7975 5003 3772 18631 20464 2042 11518 57763 3290 43166 109713 2513 2842 2108 3268 11753 7224 4626 2263 7162 6249 2399 3195 6361 3588 5607 2980 24682
internal_value=0.000162397 0.000703779 0.000429679 0.000242944 -0.000531063 6.99156e-05 0.000624578 -0.000264222 0.00038122 0.00024815 -0.000877701 -4.69129e-05 -0.000216773 -0.000765232 -0.00145858 -0.00323982 0.000205785 -0.000120238 -0.000928571 0.00113925 -0.000324191 -0.00125278 0.000207549 -0.000487059 -0.00142928 0.000377422 -0.000288835 -0.00101032 -0.000101966 3.23777e-05
internal_weight=400146 58372 50306 45505 15024 341774 30481 10017 93249 81731 8412 248525 148625 38912 20281 4621 99900 56734 15660 7894 48840 9425 10021 12818 5594 73319 15556 9195 39415 36435
internal_count=400146 58372 50306 45505 15024 341774 30481 10017 93249 81731 8412 248525 148625 38912 20281 4621 99900 56734 15660 7894 48840 9425 10021 12818 5594 73319 15556 9195 39415 36435
cat_boundaries=0 32 33 52 84 110 129 161 193 225 226 258 277 297 323 352
cat_threshold=225 0 0 7968 0 0 24832 0 0 163840 0 0 4194304 0 0 268435456 0 0 0 2 0 0 0 0 0 0 0 0 16 0 0 4352 3 512 0 0 8320 0 0 197632 0 0 2449408 0 0 393216 0 0 175112192 0 0 150994944 704 0 0 1552 0 0 768 0 0 532480 0 0 393216 0 0 108003328 0 0 1308622848 0 0 3758096384 0 0 0 7 0 0 288 0 0 41472 260 0 0 8192 0 0 131072 0 0 528384 0 0 34013184 0 0 20971520 0 0 3321888768 1 0 1342177280 1 0 0 7 640 0 0 1552 0 0 256 0 0 524288 0 0 0 0 0 2097152 0 0 1073741824 11 0 0 2176 0 0 49152 0 0 1445888 0 0 31522816 0 0 427819008 0 0 0 3 0 0 1 0 0 0 0 0 0 0 0 3328 0 0 0 0 0 0 16384 0 0 393216 0 0 65536 0 0 16777216 0 0 0 0 0 0 1 0 0 0 0 0 0 0 0 2304 35 0 0 2048 0 0 114688 0 0 1458176 0 0 27852800 0 0 427819008 0 0 16777216 2 0 0 0 0 0 184 0 0 14528 0 0 2048 2 28 0 0 4480 0 0 143360 0 0 2101248 0 0 33554432 0 0 536870912 0 0 0 0 0 268435456 12 0 0 0 0 0 512 0 0 17408 28 0 0 480 0 0 12288 0 0 0 0 0 0 0 0 0 0 0 268435456 1 0 0 128 0 0 32768 0 0 1052672 0 0 25165824 0 0 134217728 0 0 0 1 0 0 0 0 0 0 0 0 0 0 0 0 0 0 0 4194304 0 0 1308622848 0 0 2684354560 0 0 0 3 4 0 0 128 0 0 9216 0 0 2162688 0 0 33554432 0 0 536870912 0 0 2415919104 0 0 0 6 0 0 832 0 0 512
is_linear=0
shrinkage=0.08


Tree=140
num_leaves=31
num_cat=13
split_feature=45 25 34 5 5 40 10 5 25 5 44 29 5 5 25 5 31 5 36 41 5 5 36 5 37 18 5 42 44 5
split_gain=3.22943 4.09762 3.11835 4.23573 3.75491 2.07892 2.26817 2.20595 1.81514 1.67381 1.61182 1.88298 5.48319 2.82752 2.73644 2.925 2.42395 2.92508 1.87731 1.86227 1.79616 1.77367 1.61147 1.5869 1.58559 1.73152 1.62044 1.5283 1.58819 2.04808
threshold=29.096235275268558 4.8817038536071786 -5.8407287597656241 0 1 2.5561553239822392 1.3795777559280398 2 10.347094535827638 3 29.463607788085941 0.77914047241210949 4 5 6.647775650024415 6 75.169490814208999 7 94.666957855224624 28.173361778259281 8 9 109.61866378784181 10 -1.1497840881347654 0.39188104867935186 11 26.462314605712894 27.094746589660648 12
decision_type=2 2 2 9 9 2 2 9 2 9 2 2 9 9 2 9 2 9 2 2 9 9 2 9 2 2 9 2 2 9
left_child=8 2 4 -4 -2 6 23 -8 10 -10 11 13 16 24 15 22 17 -13 -15 -18 -16 -21 27 -6 26 -26 -1 -14 29 -29
right_child=1 -3 3 -5 5 -7 7 -9 9 -11 -12 12 14 18 20 -17 19 -19 -20 21 -22 -23 -24 -25 25 -27 -28 28 -30 -31
leaf_value=0.0095004853475807588 -0.028204061658638074 0.027792228456636744 -0.0029959667104849414 0.023960483362241755 -0.015505846610439631 0.027331784280185852 -0.028675086133037663 0.0017633444848611489 -0.00017986773301898815 0.012477583438246653 -0.017456476375003121 -0.0048059616257635279 -0.00025058238491523977 0.00018983224520736374 -0.0011681683504836924 0.0025500811226316896 -0.0018277011449204803 -0.035918805897448829 0.014089909912295232 -0.015261099872014175 0.0066312891969157808 -0.0033801089790438505 0.0032223835977456747 0.016589900816629796 -0.0029996630395059238 0.0052160507956777137 -0.021267182452156089 -0.010679378571691789 -0.0035694537982826212 -0.0024446179680357562
leaf_weight=2816 3781 8467 8073 12617 2011 5521 2170 2065 2571 3387 2738 2147 10158 158053 4124 40084 20944 2083 3403 2055 13044 2670 4404 4208 2317 54427 2199 2008 13149 2407
leaf_count=2816 3781 8467 8073 12617 2011 5521 2170 2065 2571 3387 2738 2147 10158 158053 4124 40084 20944 2083 3403 2055 13044 2670 4404 4208 2317 54427 2199 2008 13149 2407
internal_value=0.000201554 0.000810498 0.000475183 0.00116135 -0.000243651 0.000293842 -0.000369266 -0.00179505 0.000116721 0.0015 9.28051e-05 0.000108286 -0.000148314 0.000245403 0.000165462 -5.04014e-05 -0.00108573 -0.00285849 6.92612e-05 -0.000793021 0.001073 -0.00222598 -0.000618926 0.000602986 0.000705677 0.000826303 -0.000656716 -0.000844944 -0.00129646 -0.00260791
internal_weight=400101 48913 40446 20690 19756 15975 10454 4235 351188 5958 345230 342492 119277 223215 89378 72210 29899 4230 161456 25669 17168 4725 32126 6219 61759 56744 5015 27722 17564 4415
internal_count=400101 48913 40446 20690 19756 15975 10454 4235 351188 5958 345230 342492 119277 223215 89378 72210 29899 4230 161456 25669 17168 4725 32126 6219 61759 56744 5015 27722 17564 4415
cat_boundaries=0 26 55 81 94 126 158 187 216 245 271 297 326 345
cat_threshold=20 0 0 960 0 0 133120 0 0 2101248 0 0 33751040 0 0 590348288 0 0 4026531840 3 0 0 1 0 0 7 0 0 0 256 0 0 12288 0 0 135168 0 0 6422528 0 0 141557760 0 0 100663296 0 0 0 0 0 0 0 0 0 32 0 0 0 0 0 0 0 0 0 49152 0 0 786432 0 0 125829120 0 0 3355443200 0 0 1073741824 0 0 0 7 7 0 0 80 0 0 16384 0 0 798720 0 0 12713984 0 0 0 2272 0 0 46848 0 0 536576 0 0 5308416 0 0 0 0 0 2986344448 1 0 0 0 0 0 21 0 0 8752 0 0 51456 273 0 0 6368 0 0 42752 0 0 532480 0 0 9437184 0 0 38797312 0 0 1644167168 0 0 0 8 0 0 260 0 0 8208 0 0 11008 1021 0 0 14096 0 0 67584 0 0 3293184 0 0 18874368 0 0 2097152 0 0 1207959552 0 0 2147483648 8 0 0 320 0 0 4096 0 0 0 2048 0 0 38400 0 0 8192 0 0 0 0 0 0 0 0 33554432 0 0 0 0 0 0 16 0 0 8704 8 0 0 0 0 0 212992 0 0 393216 0 0 8388608 0 0 1048576 0 0 0 0 0 0 0 0 0 32 0 0 3072 0 0 0 2272 0 0 38400 0 0 8192 0 0 0 0 0 0 0 0 33554432 0 0 0 0 0 0 4 0 0 0 128 0 0 0 0 0 98304 0 0 0 0 0 8388608 0 0 16777216 0 0 2952790016 1 0 0 1 17 0 0 96 0 0 8192 0 0 8192 0 0 9437184 0 0 33554432 0 0 1610612736 0 0 0 0 0 0 260 0 0 8192 309 0 0 5392 0 0 0 0 0 16384 0 0 0 0 0 0 0 0 1073741824
is_linear=0
shrinkage=0.08


Tree=141
num_leaves=31
num_cat=12
split_feature=33 5 31 5 29 5 34 26 14 29 26 5 34 29 5 5 25 12 17 27 5 29 5 5 5 37 5 34 31 5
split_gain=3.54579 6.43072 2.50617 3.88966 3.59193 3.17844 2.70525 2.38542 2.43863 2.20474 2.07086 2.01094 1.84761 1.77115 4.34242 2.75708 2.12958 2.62752 1.76727 1.74838 3.08947 1.74694 1.74069 1.64039 1.6132 1.57008 3.88315 1.48232 1.43185 1.8113
threshold=23.488703727722172 0 73.022117614746108 1 0.79791641235351574 2 2.9902038574218754 2.5295628309249882 2.2603789567947392 0.90105056762695324 11.277322292327883 3 2.7135314941406254 0.67303085327148449 4 5 6.8184640407562265 0.75543609261512767 1.1332031488418581 1010.7043762207032 6 1.0000000180025095e-35 7 8 9 -0.32449722290039057 10 2.6247863769531254 86.596122741699233 11
decision_type=2 9 2 9 2 9 2 2 2 2 2 9 2 2 9 9 2 2 10 2 9 2 9 9 9 2 9 2 2 9
left_child=2 -2 3 4 6 9 7 8 -1 12 13 -11 -4 14 -7 16 17 18 -15 -9 -21 -8 25 -5 -16 26 -3 -26 -17 -30
right_child=1 22 5 23 -6 10 21 19 -10 11 -12 -13 -14 15 24 28 -18 -19 -20 20 -22 -23 -24 -25 27 -27 -28 -29 29 -31
leaf_value=-0.014025085033537759 0.011565491908068945 0.0033034030035742914 0.011896729396527696 -0.0028630953668869179 -0.02901647286773559 0.0086169020084737678 -0.003481115543078553 -0.0044678593508439097 0.026266500974283697 -0.0033982441679996172 0.0069411296764629099 0.0068124141950270146 -0.0048297237851316708 -0.0014493532878876508 -0.0043269524470604106 -0.0035174720242939009 0.0047085886264400714 0.0052014146720894116 -0.015721500348208815 -0.0249696102586002 -0.0058488482247258458 0.0075523772275757428 0.0049508796377759614 0.0027004269475873334 0.0019472551640391141 0.00072262190290095485 -0.050573960378953543 -0.0071938351544415984 -0.0024693279225717112 0.0050060959328692691
leaf_weight=3762 19881 3338 20510 37845 2115 20924 3977 3708 3208 8078 5572 8231 2371 15794 10306 41815 9826 16913 2466 2725 4972 5147 30098 55066 23375 15146 2111 4079 9555 7094
leaf_count=3762 19881 3338 20510 37845 2115 20924 3977 3708 3208 8078 5572 8231 2371 15794 10306 41815 9826 16913 2466 2725 4972 5147 30098 55066 23375 15146 2111 4079 9555 7094
internal_value=0.000176472 0.000691035 6.62208e-05 -0.000220508 -0.00101856 0.000236015 -0.00077371 -0.00133261 -0.000166189 0.000884468 8.43931e-05 0.000173785 0.00139111 3.22405e-05 0.000383276 -0.000166884 0.000303783 1.28472e-05 -0.000652436 -0.00204468 -0.00273154 0.000352091 0.000212411 3.40469e-05 -0.000129169 -0.000354111 -0.00151749 0.000191308 -0.000529102 9.82053e-05
internal_weight=400008 70574 329434 122525 29614 206909 27499 18375 6970 39190 167719 16309 22881 162147 58684 103463 44999 35173 18260 11405 7697 9124 50693 92911 37760 20595 5449 27454 58464 16649
internal_count=400008 70574 329434 122525 29614 206909 27499 18375 6970 39190 167719 16309 22881 162147 58684 103463 44999 35173 18260 11405 7697 9124 50693 92911 37760 20595 5449 27454 58464 16649
cat_boundaries=0 32 64 96 128 157 189 221 253 285 317 349 381
cat_threshold=224 0 0 2848 0 0 57600 0 0 389120 0 0 3670016 0 0 0 0 0 1862270976 0 0 0 0 0 0 514 0 0 16 0 0 10496 384 0 0 10064 0 0 33792 0 0 143360 0 0 32374784 0 0 29360128 0 0 2684354560 0 0 0 32 0 0 18 0 0 48 0 0 768 0 0 0 528 0 0 0 0 0 0 0 0 42926080 0 0 15728640 0 0 603979776 0 0 3489660928 1 0 0 122 0 0 4896 0 0 43776 0 0 0 16 0 0 0 0 0 0 0 0 8978432 0 0 1048576 0 0 603979776 0 0 3221225472 1 0 0 96 0 0 512 0 0 256 793 0 0 10432 0 0 3072 0 0 1105920 0 0 7340032 0 0 587202560 0 0 3539992576 0 0 536870912 2 0 0 260 0 0 10240 230 0 0 13568 0 0 16384 0 0 69632 0 0 20971520 0 0 1023410176 0 0 402653184 3 0 0 52 0 0 129 0 0 3072 0 0 1024 384 0 0 768 0 0 32768 0 0 131072 0 0 6815744 0 0 29360128 0 0 536870912 0 0 0 0 0 0 0 0 0 16 0 0 256 19 0 0 128 0 0 0 0 0 131072 0 0 327680 0 0 73400320 0 0 0 0 0 3221225472 23 0 0 280 0 0 3136 0 0 37888 113 0 0 0 0 0 65536 0 0 3194880 0 0 33619968 0 0 437256192 0 0 1191182336 3 0 2147483648 3 0 0 168 0 0 4352 0 0 14336 4 0 0 1024 0 0 131328 0 0 331776 0 0 0 0 0 134217728 0 0 0 0 0 0 16 0 0 641 0 0 1168 0 0 1024 3 0 0 0 0 0 0 0 0 0 0 0 0 0 0 67108864 0 0 0 0 0 2147483648 18 0 0 280 0 0 3136 0 0 32768 24 0 0 2112 0 0 4096 0 0 3153920 0 0 1048576 0 0 0 0 0 3254779904 0 0 536870912 10 0 0 260 0 0 208 0 0 16384
is_linear=0
shrinkage=0.08


Tree=142
num_leaves=31
num_cat=12
split_feature=24 20 24 22 5 5 31 31 31 5 6 5 8 5 5 37 6 37 5 5 5 10 3 10 20 26 41 28 32 22
split_gain=2.87237 2.41698 2.36177 2.02429 4.44328 3.68049 2.35529 2.20838 1.80114 5.49638 1.75388 1.67233 1.62727 3.54553 2.27172 1.71311 3.45652 1.69083 2.34246 1.47108 1.42179 1.40303 1.68419 1.68236 1.38852 1.36168 1.42484 2.62796 2.10909 1.70486
threshold=39.773468017578132 0.32593616843223577 27.220718383789066 0.59938430786132824 0 1 71.438369750976577 86.996994018554702 77.156303405761733 2 3 4 5 6 7 -0.011806488037109373 8 -0.32449722290039057 9 10 11 0.97998550534248363 28.420645713806156 0.67406788468360912 2.1811342239379887 7.6858797073364267 26.041644096374515 1008.8721923828126 684.01358032226574 0.015735626220703128
decision_type=2 2 2 2 9 9 2 2 2 9 1 9 1 9 9 2 1 2 9 9 9 2 2 2 2 2 2 2 2 2
left_child=1 2 -1 5 7 6 -3 24 9 -6 -8 -10 14 15 25 16 -14 18 -15 -17 -12 22 -13 -24 -5 26 29 -28 -29 -7
right_child=-2 3 -4 4 8 12 10 -9 11 -11 20 21 13 17 -16 19 -18 -19 -20 -21 -22 -23 23 -25 -26 -27 27 28 -30 -31
leaf_value=-0.0028096861902073213 0.049668076314579902 0.0026209320755031262 0.0061353566643209513 -0.0046290778405593293 -0.017824986736804105 0.0019388600956918556 0.011190407931317153 0.0016293403524760611 -0.00046932879257909332 -0.00082696900510202621 0.014395086797636082 0.002179652372190147 -0.021394078452296999 -0.013426906167960996 0.00096817586259589255 -0.0077504939215890245 -0.0023158411509726995 0.0091845735662834677 0.0051949955547266283 0.0082482073313600753 0.00091708081455826114 0.0095906355800560589 -0.013086122171259483 0.0017463962040732007 -0.050838504363263731 0.007326500364520934 -0.0030452503337473264 -0.01378478681460571 -0.0024320398325035257 -0.017321289717759793
leaf_weight=2045 4720 32713 12113 27733 2731 11617 13347 7581 50647 22072 2903 29280 2085 2116 69738 4941 6760 22264 5946 6864 8716 17862 3619 5700 2197 3158 8148 3905 2570 3974
leaf_count=2045 4720 32713 12113 27733 2731 11617 13347 7581 50647 22072 2903 29280 2085 2116 69738 4941 6760 22264 5946 6864 8716 17862 3619 5700 2197 3158 8148 3905 2570 3974
internal_value=0.000154421 0.000130971 0.00115697 9.2834e-05 -0.000113272 0.000257726 0.000802718 -0.000881298 0.000105237 -0.000508927 0.00138789 0.000247503 5.36255e-05 0.000423332 -0.00012917 -0.000385099 -0.00122643 0.000973572 -1.88304e-05 0.000245451 0.00066638 0.000546803 0.00027548 -0.000660735 -0.00119038 -0.000671778 -0.000837215 -0.00140422 -0.00260601 -0.000304852
internal_weight=400065 395345 14158 381187 169422 211765 57679 37511 131911 24803 24966 107108 154086 50976 103110 20650 8845 30326 8062 11805 11619 56461 38599 9319 29930 33372 30214 14623 6475 15591
internal_count=400065 395345 14158 381187 169422 211765 57679 37511 131911 24803 24966 107108 154086 50976 103110 20650 8845 30326 8062 11805 11619 56461 38599 9319 29930 33372 30214 14623 6475 15591
cat_boundaries=0 32 64 87 88 117 118 150 182 183 206 238 270
cat_threshold=515 0 0 416 0 0 5888 0 0 2191360 0 0 1114112 0 0 134217728 0 0 50331648 0 0 268435456 0 0 0 583 0 0 8208 0 0 84224 849 0 0 480 0 0 29440 0 0 122880 0 0 1048576 0 0 171966464 0 0 2315255808 0 0 0 0 0 0 512 0 0 48 0 0 39168 236 0 0 6672 0 0 106496 0 0 917504 0 0 29491200 0 0 5242880 0 0 0 0 0 0 1 6 308 0 0 12864 0 0 149504 0 0 1343488 0 0 34078720 0 0 570425344 0 0 3825205248 1 0 0 47 0 0 256 0 0 1568 2 10 0 0 13312 0 0 133120 0 0 1052672 0 0 983040 0 0 16777216 0 0 0 2 0 2147483648 30 0 0 414 0 0 3264 0 0 1536 134 0 0 1552 0 0 1024 0 0 3014656 0 0 58720256 0 0 271581184 0 0 16777216 2 0 2415919104 0 0 0 128 0 0 6144 0 0 75264 1 0 0 0 0 0 0 98304 0 0 524288 0 0 31457280 0 0 10485760 0 0 536870912 0 0 268435456 33 8 0 0 12288 0 0 2048 0 0 0 0 0 0 0 0 16777216 0 0 0 2 0 0 16 0 0 274 0 0 1216 0 0 512 256 0 0 64 0 0 512 0 0 57344 0 0 1048576 0 0 4194304 0 0 33554432 0 0 0 0 0 0 512 0 0 0 0 0 256
is_linear=0
shrinkage=0.08


Tree=143
num_leaves=31
num_cat=1
split_feature=45 25 45 34 18 31 41 32 22 12 22 31 33 12 31 23 22 34 41 12 26 33 34 15 40 0 6 1 32 40
split_gain=4.1567 3.91874 2.21452 2.37921 2.15734 1.5154 3.26533 2.56381 1.5375 1.28165 1.26101 2.86016 2.1316 2.11444 2.41026 3.40378 2.87787 2.22674 2.00408 1.85203 1.83928 2.15523 2.6624 2.06322 1.68313 2.14714 1.83529 3.1582 3.14311 3.11729
threshold=29.137887954711918 4.8817038536071786 34.510505676269538 -5.8407287597656241 2.2840194702148442 66.222221374511733 30.717366218566898 806.69326782226574 0.50210952758789074 0.76184096932411205 1.0000000180025095e-35 80.013214111328139 15.157439708709719 1.1801221966743471 70.578464508056655 27.862705230712894 0.65088272094726574 -2.8700866699218746 28.150588989257816 0.67171123623847973 2.4146845340728764 19.826496124267582 3.1797790527343754 0.46020452678203588 2.7085032463073735 17.750000000000004 0 81.250000000000014 632.16613769531261 1.1434774398803713
decision_type=2 2 2 2 2 2 2 2 2 2 2 2 2 2 2 2 2 2 2 2 2 2 2 10 2 2 1 2 2 2
left_child=10 2 3 4 9 6 7 -5 -7 -2 12 13 19 14 15 -12 -16 -18 -19 -1 -14 -22 23 -23 25 -25 -27 28 29 -28
right_child=1 -3 -4 5 -6 8 -8 -9 -10 -11 11 -13 20 -15 16 -17 17 18 -20 -21 21 22 -24 24 -26 26 27 -29 -30 -31
leaf_value=-0.013981348299263742 -0.011751144283341848 0.027683313179780147 0.089723204709776752 -0.028166719032194774 -0.028222883486760601 0.025014884756539291 0.033880016356365734 0.0070402136965414808 0.0039322780130859403 0.0046769474549541697 -0.0089520867092445326 0.00087694633070508471 0.010521393779210415 0.0006518641077897804 0.00083626116155913525 -0.028544532484707685 -0.00041238880724922474 -0.0055326803044108367 -0.017328724907830641 -0.0020041120908522304 -0.0016998338737708443 0.003711530548928589 0.017124095071865606 0.0020912641801423362 0.020760315772010509 0.009568541479735548 -0.011676044820148427 0.0036480074522654317 -0.045171700833424221 0.0056351246862005903
leaf_weight=2709 2660 8071 2532 3153 3085 5460 4558 3061 3179 11644 12285 134680 26746 46525 26079 2024 8491 9498 2116 8324 28948 8868 4741 10939 5974 3205 2144 4012 2039 2124
leaf_count=2709 2660 8071 2532 3153 3085 5460 4558 3061 3179 11644 12285 134680 26746 46525 26079 2024 8491 9498 2116 8324 28948 8868 4741 10939 5974 3205 2144 4012 2039 2124
internal_value=0.000162587 0.000865839 0.000536018 0.000378158 -0.000301397 0.000986767 0.000353181 -0.000839332 0.00177547 0.000112897 6.79867e-05 -3.44547e-05 0.000291489 -0.000343162 -0.000654976 -0.00156184 -0.000373728 -0.00109272 -0.00181211 -0.000763198 0.000408221 0.000200208 0.00055257 0.000336259 2.32536e-05 -0.000270829 -0.000944584 -0.00146281 -0.00257907 -0.00133894
internal_weight=399874 47403 39332 36800 17389 19411 10772 6214 8639 14304 352471 241698 110773 107018 60493 14309 46184 20105 11614 11033 99740 72994 44046 39305 30437 24463 13524 10319 6307 4268
internal_count=399874 47403 39332 36800 17389 19411 10772 6214 8639 14304 352471 241698 110773 107018 60493 14309 46184 20105 11614 11033 99740 72994 44046 39305 30437 24463 13524 10319 6307 4268
cat_boundaries=0 1
cat_threshold=12
is_linear=0
shrinkage=0.08


Tree=144
num_leaves=31
num_cat=15
split_feature=45 14 8 5 5 12 6 29 20 24 5 31 23 5 45 23 5 38 29 5 5 9 5 36 24 5 9 5 31 5
split_gain=3.52151 3.57477 2.85457 2.31369 2.17674 2.33669 2.14222 1.51948 1.28415 2.27362 1.5647 1.37227 2.0383 5.01682 1.89402 3.44586 2.2938 1.76658 1.75488 3.79265 3.15054 1.57164 3.21227 2.81703 1.56136 2.31741 1.51568 1.38584 1.38314 1.55683
threshold=29.096235275268558 0.49540890753269201 0 1 2 1.5582545995712282 3 0.24764251708984378 0.34479752182960516 27.220718383789066 4 72.250705718994155 27.862705230712894 5 24.999158859252933 24.670078277587894 6 -0.91317677497863758 0.93127441406250011 7 8 9 10 79.992771148681655 28.372970581054691 11 12 13 39.357360839843757 14
decision_type=2 2 1 9 9 2 1 2 2 2 9 2 2 9 2 2 9 2 2 9 9 1 9 2 2 9 1 9 2 9
left_child=8 -2 4 7 5 6 -3 -4 9 -1 -10 12 14 -14 15 26 -16 -18 19 -13 24 23 -23 27 -20 -26 28 -21 -12 -30
right_child=1 2 3 -5 -6 -7 -8 -9 10 -11 11 18 13 -15 16 -17 17 -19 20 21 -22 22 -24 -25 25 -27 -28 -29 29 -31
leaf_value=-0.0030359903848590792 0.021610766095809558 -0.0034776254360916687 0.027248686394894972 0.027465670710453641 0.0067067907953991561 0.0140819807383618 -0.023932703793495637 -0.0051736990895464617 -0.0010533793471092156 0.0038155588001754733 0.0086728786508442519 0.0097951206013852776 -0.025594869849301292 0.00085978166587075242 0.01280487664736751 -0.030456574143252528 0.010117872572351973 -0.0036972876455260927 -0.0011666103901849581 0.0049789874710838384 0.0025486917989372528 -0.009300253355579869 0.0019628514495610479 0.014228249255895322 -0.013178662089666018 -0.0038208784550504988 -0.018145385286672006 -0.00081045550956419354 0.0019636071833209756 -0.0049043103941409719
leaf_weight=2399 3095 2991 2538 8917 22422 2040 2737 4207 96041 11858 20486 25933 2619 5085 8676 2033 2015 6186 14985 18308 28029 5035 7657 4074 2555 5265 2719 25841 27662 25498
leaf_count=2399 3095 2991 2538 8917 22422 2040 2737 4207 96041 11858 20486 25933 2619 5085 8676 2033 2015 6186 14985 18308 28029 5035 7657 4074 2555 5265 2719 25841 27662 25498
internal_value=0.000157493 0.000793104 0.000615063 0.00149107 0.000160265 -0.000992296 -0.00182084 0.000369549 6.88267e-05 0.000812224 3.73258e-05 0.000146268 -7.46098e-05 -0.00132538 2.6657e-05 -0.000138863 0.000795168 -0.000164943 0.000311478 0.000529969 -6.18361e-05 0.000184787 -0.000606671 0.000393259 -0.000759693 -0.00167561 -5.21112e-05 0.000207342 1.66156e-05 -0.000198608
internal_weight=399906 48947 45852 15662 30190 7768 5728 6745 350959 14257 336702 240661 102979 7704 95275 78398 16877 8201 137682 86848 50834 60915 12692 48223 22805 7820 76365 44149 73646 53160
internal_count=399906 48947 45852 15662 30190 7768 5728 6745 350959 14257 336702 240661 102979 7704 95275 78398 16877 8201 137682 86848 50834 60915 12692 48223 22805 7820 76365 44149 73646 53160
cat_boundaries=0 1 27 56 57 89 115 147 179 211 212 241 264 265 294 326
cat_threshold=2 21 0 0 272 0 0 34816 0 0 3543040 0 0 42598400 0 0 589299712 0 0 3019898880 3 0 3221225472 1 0 0 7 19 0 0 832 0 0 132864 0 0 274432 0 0 393216 0 0 711983104 0 0 3221225472 3 0 2147483648 1 0 0 0 0 0 32 5 42 0 0 3632 0 0 15104 0 0 4067328 0 0 65536 0 0 203423744 0 0 0 0 0 268435456 2 0 0 276 0 0 160 0 0 20480 852 0 0 4096 0 0 32768 0 0 32768 0 0 33292288 0 0 50331648 0 0 1073741824 3 0 0 1 0 0 2 901 0 0 4160 0 0 17408 0 0 49152 0 0 5767168 0 0 578813952 0 0 1056964608 0 0 1610612736 0 0 0 2 0 0 16 0 0 256 0 0 0 448 0 0 1024 0 0 8192 0 0 12320768 0 0 55574528 0 0 1728053248 0 0 2684354560 1 0 0 224 0 0 4352 0 0 43776 516 0 0 12480 0 0 132096 0 0 24576 0 0 14155776 0 0 806354944 0 0 4211081216 0 0 3221225472 9 0 0 160 0 0 16 0 0 256 41 976 0 0 8192 0 0 114688 0 0 0 0 0 54525952 0 0 0 0 0 0 0 0 1073741824 24 0 0 0 0 0 9808 0 0 0 8256 0 0 132096 0 0 16384 0 0 8388608 0 0 1048576 0 0 570425344 0 0 2147483648 1 48 592 0 0 8192 0 0 0 0 0 81920 0 0 54657024 0 0 545259520 0 0 134217728 3 0 0 8 0 0 2 0 0 3136 0 0 0 0 0 0 0 0 0 65536 0 0 57409536 0 0 806354944 0 0 3422552064 3 0 1610612736 20 0 0 523 0 0 848 0 0 101376
is_linear=0
shrinkage=0.08


Tree=145
num_leaves=31
num_cat=14
split_feature=45 25 5 12 7 41 5 29 5 14 34 5 5 41 5 14 5 9 14 5 45 5 15 35 5 6 5 5 28 0
split_gain=3.53035 3.75831 2.15252 2.08786 2.71897 3.25348 1.91983 1.50219 1.67909 1.58654 1.49611 6.39542 2.2555 1.66564 4.13569 2.44337 1.4972 1.54156 2.01405 2.21205 1.81429 1.62065 1.45968 1.42892 1.4151 1.30158 1.26081 1.25207 1.23682 1.26026
threshold=29.278869628906254 4.7834634780883798 0 2.1188863515853886 1.5000000000000002 29.723137855529789 1 0.67303085327148449 2 1.7707492113113406 -6.9306640624999991 3 4 28.662018775939945 5 0.55723923444747936 6 7 2.8499461412429814 8 25.574098587036136 9 0.24051281809806827 18.850803375244144 10 11 12 13 1010.1165771484376 25.250000000000004
decision_type=2 2 9 2 2 2 9 2 9 2 2 9 9 2 9 2 9 1 2 9 2 9 10 2 9 1 9 9 2 2
left_child=10 2 3 4 -2 -6 -7 9 -9 -4 11 23 -12 16 15 -15 17 18 19 -14 28 -20 -18 27 25 -13 -19 -1 -21 -30
right_child=1 -3 7 -5 5 6 -8 8 -10 -11 12 24 13 14 -16 -17 22 26 21 20 -22 -23 -24 -25 -26 -27 -28 -29 29 -31
leaf_value=-0.027533155639497403 0.011898754523555852 0.035322935141932368 0.029304822911014355 0.026931629413920844 0.0038130389492028599 -0.063640909355704087 -0.010137109918525121 -0.011242216173811364 0.017619718158637304 0.0069837611832337596 -0.0012144552270258611 -0.014045330189626781 -0.0088274563959875145 0.0062003143329077059 0.013823431553970617 -0.011330077176279969 0.005391728021187989 0.012616467295172875 0.038252655244034831 -0.018873674638619376 0.020908527629705326 0.0020278065033710901 9.7888419368591837e-05 -0.0011623253169285631 -0.0027769079131344972 0.0070745379028882265 0.0044644689279004649 -0.014572272768056298 -0.0047296360183327266 0.0085955985544438722
leaf_weight=2166 5394 7024 7268 3656 3921 2196 2082 2478 2540 6163 85069 2813 8618 2147 7541 3668 3493 11528 2882 2007 4210 4107 131782 2432 22132 14985 28998 8342 3966 4707
leaf_count=2166 5394 7024 7268 3656 3921 2196 2082 2478 2540 6163 85069 2813 8618 2147 7541 3668 3493 11528 2882 2007 4210 4107 131782 2432 22132 14985 28998 8342 3966 4707
internal_value=0.000161019 0.000848264 0.000515067 -0.000127627 -0.000584283 -0.00150128 -0.00302425 0.00111517 -6.52346e-05 0.00155673 7.88921e-05 -0.000313918 0.000147053 0.000282491 0.00114799 -0.00045587 0.000226419 0.000523796 9.39805e-05 -0.000260566 0.00032998 0.00128533 7.0217e-05 -0.00185802 0.000187234 0.000717926 0.000847038 -0.00226355 -0.000224509 0.000190257
internal_weight=400315 42722 35698 17249 13593 8199 4278 18449 5018 13431 357593 52870 304723 219654 13356 5815 206298 71023 30497 23508 14890 6989 135275 12940 39930 17798 40526 10508 10680 8673
internal_count=400315 42722 35698 17249 13593 8199 4278 18449 5018 13431 357593 52870 304723 219654 13356 5815 206298 71023 30497 23508 14890 6989 135275 12940 39930 17798 40526 10508 10680 8673
cat_boundaries=0 29 58 77 109 141 167 199 200 232 264 296 297 329 361
cat_threshold=23 0 0 768 0 0 131072 0 0 4096 0 0 34013184 0 0 711983104 0 0 3875536896 2 0 3221225472 1 0 0 7 0 0 32 0 0 0 256 0 0 0 0 0 0 0 0 0 0 0 7340032 0 0 2264924160 0 0 2147483648 0 0 0 4 0 0 32 0 0 0 128 0 0 12288 0 0 2351104 0 0 3145728 0 0 25165824 0 0 134217728 0 0 0 0 0 0 3584 0 0 2351104 0 0 41680896 0 0 848297984 0 0 184549376 0 0 2415919104 33 0 0 4 0 0 512 0 0 49408 512 0 0 4544 0 0 135168 0 0 1998848 0 0 0 0 0 16777216 0 0 3221225472 3 0 268435456 24 0 0 817 0 0 176 0 0 72704 13 0 0 48 0 0 2560 0 0 65536 0 0 1966080 0 0 753926144 0 0 301989888 0 0 536870912 1 0 0 4 0 0 0 16 0 0 3072 0 0 65536 0 0 25034752 0 0 650117120 0 0 251658240 0 0 0 1 0 0 68 0 0 13056 0 0 58112 17 0 0 0 0 0 0 0 0 0 0 0 0 25034752 0 0 8388608 0 0 0 0 0 0 0 0 0 0 0 0 13056 0 0 33280 0 0 0 0 0 0 1024 0 0 0 0 0 1966080 0 0 67108864 0 0 0 0 0 0 0 0 0 68 0 0 4608 0 0 49152 1 0 0 896 0 0 106752 0 0 1835008 0 0 8454144 0 0 16777216 0 0 2415919104 1 0 1610612736 8 0 0 915 0 0 2192 0 0 6144 2 0 0 0 0 0 0 0 0 0 0 0 0 8126464 0 0 12582912 0 0 201326592 0 0 0 0 0 0 0 0 0 0 0 0 41728 0 0 0 0 0 0 3584 0 0 2170880 0 0 5242880 0 0 0 0 0 184549376 0 0 0 0 0 0 0 0 0 0 0 0 256
is_linear=0
shrinkage=0.08


Tree=146
num_leaves=31
num_cat=15
split_feature=33 5 22 5 5 11 5 41 5 6 5 37 32 34 5 34 39 5 5 14 5 30 14 6 5 28 36 5 5 34
split_gain=2.33827 5.09207 1.93278 2.75981 2.39682 1.49808 2.94089 2.5895 2.15586 2.28452 1.79602 1.63192 1.54084 1.47089 1.38008 1.45391 1.32095 3.83868 3.71791 1.78824 2.23984 1.45629 1.41651 1.33106 2.53615 2.10176 2.6284 2.35976 2.29742 1.44484
threshold=23.643839836120609 0 0.038623809814453132 1 2 0.26732090115547186 3 27.481550216674808 4 5 6 -1.0869445800781248 35.646385192871101 -2.2285156249999996 7 -2.1920471191406246 0.34428101778030401 8 9 1.0811366438865664 10 495.18750000000006 0.54284444451332103 11 12 1010.2178344726564 50.469875335693366 13 14 -1.1631774902343748
decision_type=2 9 2 9 9 2 9 2 9 1 9 2 2 2 9 2 2 9 9 2 9 2 2 1 9 2 2 9 9 2
left_child=5 -2 4 -4 -3 6 -1 10 9 13 -8 -11 -10 -7 -9 -16 18 -18 22 23 -21 -22 -14 25 -25 26 27 29 -28 -20
right_child=1 2 3 -5 -6 8 7 14 12 11 -12 -13 16 -15 15 -17 17 -19 19 20 21 -23 -24 24 -26 -27 28 -29 -30 -31
leaf_value=0.0077765436047325734 0.011244364390166716 -0.0034667601649075942 -0.036695707549081191 -0.00083762201077559363 0.0077495276296296886 -0.037195538340831294 -0.0057711208054492683 0.0084100746956489135 -0.037774423697464865 -0.020835834175037097 -8.0363716204546586e-05 -0.00074861159061528264 -0.00060200966502954232 -0.013094821594968095 0.0058896947704843638 -0.0038686099993022805 0.0064495178593626887 0.00032573115818566439 -0.0034121980379801255 -0.016427481313868678 0.00069162500153874349 -0.013831735446323495 0.0063125232228610209 0.00062459337500929456 -0.0041138482264621466 0.0064750517579595284 -0.0035937675732666346 0.0007190935066199622 0.010466032412638479 -0.012288903040206536
leaf_weight=7478 19613 10367 2123 17994 17149 2025 2822 3636 2356 3297 4908 26614 8808 2005 3394 2075 39400 133052 3715 4414 7037 3262 19339 14172 16130 6442 2522 6401 4885 2434
leaf_count=7478 19613 10367 2123 17994 17149 2025 2822 3636 2356 3297 4908 26614 8808 2005 3394 2075 39400 133052 3715 4414 7037 3262 19339 14172 16130 6442 2522 6401 4885 2434
internal_value=0.000158938 0.000589152 0.000142111 -0.000453719 0.000577781 7.19473e-05 0.000676397 8.89945e-05 2.42606e-05 -0.000577015 -0.00098708 -0.000335304 9.86775e-05 -0.00236049 0.00100274 0.000196029 0.000116358 0.000250305 -0.000115656 -0.000422544 -0.00120818 -0.000558581 0.000662761 -0.000218582 -0.000580173 0.000196677 -0.000208945 -0.000914013 0.000985304 -0.00203015
internal_weight=399869 67246 47633 20117 27516 332623 24313 16835 308310 33941 7730 29911 274369 4030 9105 5469 272013 172452 99561 71414 14713 10299 28147 56701 30302 26399 19957 12550 7407 6149
internal_count=399869 67246 47633 20117 27516 332623 24313 16835 308310 33941 7730 29911 274369 4030 9105 5469 272013 172452 99561 71414 14713 10299 28147 56701 30302 26399 19957 12550 7407 6149
cat_boundaries=0 32 64 96 125 157 158 181 200 229 261 280 281 304 320 333
cat_threshold=64 0 0 1280 0 0 61696 0 0 389120 0 0 3670016 0 0 100663296 0 0 1996488704 0 0 536870912 0 0 0 642 0 0 16 0 0 8448 0 0 0 0 0 0 512 0 0 131072 0 0 327680 0 0 14680064 0 0 0 0 0 3489660928 35 0 0 0 0 0 0 0 0 34816 16 0 0 2688 0 0 3072 0 0 0 0 0 131072 0 0 19922944 0 0 0 0 0 2147483648 17 0 0 280 0 0 6240 0 0 83456 0 0 0 8896 0 0 19456 0 0 647168 0 0 58130432 0 0 672137216 0 0 419430400 0 0 0 40 0 0 5 0 0 32 0 0 0 320 0 0 1024 0 0 12288 0 0 196608 0 0 1048576 0 0 16777216 0 0 0 0 0 0 514 0 0 48 0 0 22272 2 900 0 0 7456 0 0 41216 0 0 0 0 0 8388608 0 0 318767104 0 0 3221225472 0 0 2415919104 18 260 0 0 6448 0 0 8960 0 0 4096 0 0 8388608 0 0 2097152 0 0 33554432 802 0 0 5296 0 0 230144 0 0 786432 0 0 10747904 0 0 805306368 0 0 3221225472 0 0 3221225472 0 0 0 0 0 0 192 140 0 0 3584 0 0 18432 0 0 98304 0 0 4718592 0 0 65011712 0 0 335544320 0 0 1073741824 6 0 0 105 0 0 3264 0 0 40960 16 0 0 128 0 0 0 0 0 2359296 0 0 53477376 0 0 134217728 0 0 3221225472 10 610 0 0 160 0 0 32768 0 0 3538944 0 0 62128128 0 0 201326592 0 0 536870912 0 0 0 32 608 0 0 4144 0 0 164352 0 0 2490368 0 0 8388608 0 0 268435456 561 0 0 160 0 0 768 0 0 2113536 0 0 45088768
is_linear=0
shrinkage=0.08


Tree=147
num_leaves=31
num_cat=3
split_feature=45 21 39 34 27 30 1 6 44 26 6 1 39 30 44 18 36 30 14 44 45 37 27 18 34 21 45 21 6 39
split_gain=3.0389 2.58468 2.70403 1.97005 4.03631 2.45263 2.86253 2.95568 2.92526 1.99363 1.71506 3.56535 1.63393 1.53229 1.41872 1.39588 2.47982 2.02758 4.78129 2.97536 4.18936 3.09329 2.92089 2.7022 2.58521 2.38175 1.8665 1.85027 1.75257 1.51387
threshold=32.573343276977546 1.3614609241485598 0.97809565067291271 -6.6523742675781241 1007.7241516113282 142.31250000000003 75.250000000000014 0 27.664793968200687 7.3330171108245858 1 77.250000000000014 1.2869445085525515 2937.4375000000005 -8.2659354209899885 0.42212666571140295 63.467504501342781 697.68750000000011 1.9869643449783327 26.00065898895264 24.0994987487793 -0.28941726684570307 1009.6897583007814 1.3470931053161623 1.9403991699218752 0.64525672793388378 29.096235275268558 0.74381092190742504 2 0.89477914571762096
decision_type=2 2 2 2 2 2 2 1 2 2 1 2 2 2 2 2 2 2 2 2 2 2 2 2 2 2 2 2 1 2
left_child=3 -2 -3 10 5 -5 7 9 -9 -7 11 -1 -13 -8 -12 16 -6 19 26 20 22 24 -17 25 -21 -23 29 -25 -24 -19
right_child=1 2 -4 4 15 6 13 8 -10 -11 14 12 -14 -15 -16 17 -18 18 -20 21 -22 23 28 27 -26 -27 -28 -29 -30 -31
leaf_value=-0.06000062240016335 0.066237173295639287 -0.037553643143975586 0.039911259651432544 0.022283313423358556 -0.00041324290958714364 -0.0064902381373163186 0.0040397922586134852 0.00029240859237317278 -0.021258813519759362 0.0091111148703294821 0.028295288149325307 -0.013394208826071468 0.025282854655178235 0.019228926000891197 -0.001491027828996171 0.034339739493132168 -0.0071409532838370184 0.0019779936392300664 -0.028721387063630605 -0.0037963869962292954 0.0078682720585857985 -0.00037026780241763974 0.005479025121205198 0.031739921543402251 -0.010550118149462991 -0.0078912242453474269 0.016839500074226944 0.0040147489617697483 -0.0021447950209889568 0.036032576137065286
leaf_weight=2114 4559 2026 2797 6802 18753 2290 35168 2227 2472 2817 2935 5856 2429 3102 56271 2059 3686 46896 2605 10988 21580 26368 35583 2051 2163 9206 4900 9882 67418 2058
leaf_count=2114 4559 2026 2797 6802 18753 2290 35168 2227 2472 2817 2935 5856 2429 3102 56271 2059 3686 46896 2605 10988 21580 26368 35583 2051 2163 9206 4900 9882 67418 2058
internal_value=0.000137586 0.00155963 0.000267329 0.000103397 0.000187041 0.000811689 0.00061024 -0.000608802 -0.00205213 0.00072323 -0.00028241 -0.00122891 -0.000479807 0.000922675 -0.00011576 5.82407e-05 -0.000545414 0.00011383 0.000534028 -1.28557e-05 0.000207817 -0.000473528 -7.61293e-07 -0.000172822 -0.00155885 -0.000522257 0.000696124 0.000868459 -6.05371e-05 0.000546851
internal_weight=400061 9382 4823 390679 321074 54878 48076 9806 4699 5107 69605 10399 8285 38270 59206 266196 22439 243757 56459 187298 126640 60658 105060 47507 13151 35574 53854 11933 103001 48954
internal_count=400061 9382 4823 390679 321074 54878 48076 9806 4699 5107 69605 10399 8285 38270 59206 266196 22439 243757 56459 187298 126640 60658 105060 47507 13151 35574 53854 11933 103001 48954
cat_boundaries=0 1 2 3
cat_threshold=4 2 6
is_linear=0
shrinkage=0.08


Tree=148
num_leaves=31
num_cat=3
split_feature=45 21 23 10 30 37 45 21 31 30 39 6 12 39 6 40 38 24 23 23 6 0 34 10 15 0 26 34 40 24
split_gain=3.45039 1.60999 1.7301 1.28722 3.08066 1.71073 1.62028 2.21516 1.68269 2.59273 1.5658 1.66274 1.36617 3.0447 2.04562 3.24288 1.87541 1.78098 2.60663 1.7664 1.70929 1.6715 1.44447 1.41483 1.26215 2.27281 1.3077 1.25348 1.2394 1.29391
threshold=33.836181640625007 0.29597653448581701 28.258014678955082 3.1220432519912724 48.562500000000007 -0.62804794311523426 29.737526893615726 1.2118253707885744 63.425832748413093 796.68750000000011 1.73468554019928 0 1.2380757927894595 1.800540626049042 1 2.8049049377441411 1.8771566152572634 31.942199707031254 28.657581329345707 29.00846099853516 2 20.750000000000004 0.71688842773437511 0.31394113600254064 1.9179710745811465 34.750000000000007 11.937189102172853 -7.9358215332031241 0.96734046936035167 33.580108642578132
decision_type=2 2 2 2 2 2 2 2 2 2 2 1 2 2 1 2 2 2 2 2 1 2 2 2 8 2 2 2 2 2
left_child=1 2 -1 6 5 -5 12 27 9 -9 11 -6 13 17 21 16 -16 19 20 24 -19 -14 -17 -21 26 -26 -3 -8 -20 -30
right_child=-2 3 -4 4 10 -7 7 8 -10 -11 -12 -13 14 -15 15 22 -18 18 28 23 -22 -23 -24 -25 25 -27 -28 -29 29 -31
leaf_value=0.00049784375516704151 0.062257915080959805 -0.00018265180565295723 0.011353686730945127 -0.012811349398269856 -0.011618171318565948 0.0065259858791498681 0.0031488440626440658 0.0037405710695301831 0.019318414209135982 -0.039255056922671255 -0.0026104300866304155 -0.066794204046201705 -0.0037973013416811581 -0.016678698080509344 -0.0027322643060733792 0.0051576814506543601 -0.02539083941963588 -0.011802730522038112 -0.020267720451393387 0.01287552424339708 0.011101251853477108 0.010955432477119983 0.026553060918407347 0.003487332033033952 0.017032230041015034 -0.013054905746688366 0.0070360029026218483 0.02851092290190527 -0.0016436657321895803 -0.021800148002652935
leaf_weight=4940 4710 199095 3766 5998 3190 15393 4008 5248 3322 2219 2825 2080 4427 2707 27171 10552 3629 2939 2009 2611 4337 37000 5792 10648 6963 2425 3559 10033 3734 2424
leaf_count=4940 4710 199095 3766 5998 3190 15393 4008 5248 3322 2219 2825 2080 4427 2707 27171 10552 3629 2939 2009 2611 4337 37000 5792 10648 6963 2425 3559 10033 3734 2424
internal_value=0.000146426 0.000120733 0.00119596 9.64727e-05 -0.000411446 9.17715e-05 0.000138451 0.000761675 -0.00010038 -0.000766618 -0.00173967 -0.00255303 9.18226e-05 -6.06247e-06 0.000360845 3.39346e-07 -0.00048296 2.39914e-05 -0.000806834 8.09726e-05 0.000294263 0.000770816 0.000910848 0.000976411 2.49374e-05 0.000931262 -1.70922e-05 0.00142367 -0.00178696 -0.00122049
internal_weight=399754 395044 8706 386338 29486 21391 356852 24830 10789 7467 8095 5270 332022 243451 88571 47144 30800 240744 15443 225301 7276 41427 16344 13259 212042 9388 202654 14041 8167 6158
internal_count=399754 395044 8706 386338 29486 21391 356852 24830 10789 7467 8095 5270 332022 243451 88571 47144 30800 240744 15443 225301 7276 41427 16344 13259 212042 9388 202654 14041 8167 6158
cat_boundaries=0 1 2 3
cat_threshold=5 12 2
is_linear=0
shrinkage=0.08


Tree=149
num_leaves=31
num_cat=13
split_feature=45 22 19 5 33 5 5 27 31 5 5 45 33 5 34 26 5 33 33 41 5 5 5 26 5 5 29 31 5 16
split_gain=3.28426 1.7663 4.11131 3.55717 3.00993 3.44434 2.88723 2.77951 2.53701 2.90479 2.7357 2.79068 2.14836 2.92725 2.40044 1.86088 1.779 1.6841 1.512 2.38941 2.11292 1.94922 1.81774 1.49387 2.7375 1.9588 1.73835 1.75934 1.72264 1.62721
threshold=34.510505676269538 0.041484832763671882 0.48869755864143377 0 14.660160064697267 1 2 1009.2778930664064 65.242889404296889 3 4 31.64718055725098 16.344384193420414 5 2.8945617675781254 2.7084915637969975 6 27.434304237365726 18.801216125488285 28.020038604736332 7 8 9 8.8288412094116229 10 11 0.85692977905273449 65.242889404296889 12 0.29619786143302923
decision_type=2 2 2 9 2 9 9 2 2 9 9 2 2 9 2 2 9 2 2 2 9 9 9 2 9 9 2 2 9 10
left_child=1 2 7 12 5 -5 -3 -1 10 -10 -6 18 13 -4 15 16 -14 23 20 22 -12 -21 -20 25 -25 26 27 28 -8 -27
right_child=-2 6 3 4 8 -7 17 -9 9 -11 11 -13 14 -15 -16 -17 -18 -19 19 21 -22 -23 -24 24 -26 29 -28 -29 -30 -31
leaf_value=0.011262773197737113 0.080799429878938206 -0.0021992208332816407 -0.02225452079728887 0.011569699866356855 0.0154530999345363 -0.018237524443521457 -0.018635815970950393 0.002314604461968228 0.00038968807158863391 0.013857074873757976 0.012135162130093618 0.028288784937264916 -0.01390260898076859 -0.0039202314011902769 0.0071160850157584053 -0.0060066731070356717 0.017150011241735812 -0.02472635432132108 0.013062077984601451 -0.029183456562692084 -0.012324524866338962 -0.00050614724767008949 -0.0028569501116756878 -2.3444948377925797e-05 0.0092302223747718348 -0.0092055294782059597 -0.00060615836388450833 0.010116252475634366 0.0050559110537526774 -0.00051522032423557496
leaf_weight=5599 3207 57793 2149 2991 20913 5864 2067 19191 9536 17106 2303 5363 2736 3025 6727 16977 3795 3691 9306 2472 9010 3036 9703 11068 8469 2181 24915 24616 8017 96208
leaf_count=5599 3207 57793 2149 2991 20913 5864 2067 19191 9536 17106 2303 5363 2736 3025 6727 16977 3795 3691 9306 2472 9010 3036 9703 11068 8469 2181 24915 24616 8017 96208
internal_value=0.000123726 0.000103085 0.0003108 0.000134474 0.000383639 -0.001022 -3.40535e-05 0.00125645 0.000524032 0.00117695 0.000243802 -0.000134618 -0.000552203 -0.0020571 -0.000294263 -0.000675568 0.000471488 0.000122967 -0.000389509 -3.6368e-05 -0.00115411 -0.00150199 0.000388874 0.000158174 0.000817926 7.65503e-05 0.000438333 0.000804379 -8.55953e-05 -0.00014271
internal_weight=400034 396827 157802 133012 97603 8855 239025 24790 88748 26642 62106 41193 35409 5174 30235 23508 6531 181232 35830 24517 11313 5508 19009 177541 19537 158004 59615 34700 10084 98389
internal_count=400034 396827 157802 133012 97603 8855 239025 24790 88748 26642 62106 41193 35409 5174 30235 23508 6531 181232 35830 24517 11313 5508 19009 177541 19537 158004 59615 34700 10084 98389
cat_boundaries=0 32 64 96 128 160 192 224 256 282 308 337 369 401
cat_threshold=157 0 0 3104 0 0 32768 0 0 3805184 0 0 63111168 0 0 53477376 0 0 0 0 0 1073741824 0 0 0 152 0 0 2176 0 0 8704 0 0 0 128 0 0 72704 0 0 376832 0 0 2359296 0 0 0 0 0 385875968 0 0 536870912 34 0 0 864 0 0 4624 0 0 114944 774 0 0 496 0 0 6912 0 0 270336 0 0 131072 0 0 0 0 0 117440512 2 0 805306368 1 0 0 3 0 0 8208 0 0 103680 288 0 0 784 0 0 20480 0 0 262144 0 0 0 0 0 947912704 0 0 301989888 3 0 536870912 24 0 0 2 0 0 80 0 0 1280 2 0 0 16 0 0 24576 0 0 0 0 0 0 0 0 939524096 0 0 2181038080 3 0 0 8 0 0 515 0 0 13168 0 0 105728 0 0 0 0 0 0 0 0 0 3670016 0 0 62914560 0 0 16777216 0 0 0 0 0 0 0 0 0 0 0 0 128 0 0 8704 28 0 0 0 0 0 0 0 0 655360 0 0 4390912 0 0 1048576 0 0 0 0 0 0 0 0 0 24 0 0 128 0 0 512 0 0 0 192 0 0 6144 0 0 49152 0 0 524288 0 0 0 0 0 0 0 0 0 16 0 0 260 0 0 1024 0 0 16384 0 0 0 192 0 0 7168 0 0 32768 0 0 0 0 0 0 0 0 822083584 0 0 2415919104 1 0 0 4 0 0 0 0 0 0 133120 0 0 327680 0 0 0 0 0 79691776 0 0 2080374784 0 0 268435456 6 0 0 96 137 0 0 4096 0 0 58368 0 0 2756608 0 0 8454144 0 0 1048576 0 0 0 0 0 0 8 0 0 400 0 0 1792 0 0 0 0 0 0 32768 0 0 1572864 0 0 39387136 0 0 665845760 0 0 1879048192 0 0 3221225472 2 0 0 248 0 0 5696 0 0 16896 0 0 0 0 0 0 0 0 0 0 0 0 4718592 0 0 607125504 0 0 1610612736 0 0 3221225472 2 0 0 0 0 0 64 0 0 512
is_linear=0
shrinkage=0.08


Tree=150
num_leaves=31
num_cat=11
split_feature=45 25 5 34 14 29 9 5 25 11 5 35 5 28 5 5 9 41 33 5 10 18 45 14 33 5 24 23 34 5
split_gain=2.76 3.42497 2.41777 1.57137 1.38008 1.72029 1.31173 2.74837 1.15574 1.12532 1.99792 1.10754 2.81455 1.41236 4.96805 1.7089 1.42037 2.10523 2.12439 1.37428 1.3165 1.43362 1.85159 1.47355 1.39795 1.75032 1.3055 1.41294 1.1512 1.06884
threshold=29.229447364807132 4.8817038536071786 0 -5.0968627929687491 0.94012027978897106 0.023605346679687503 1 2 1.4539009332656863 0.1643856540322304 3 27.011871337890629 4 1001.7971801757814 5 6 7 27.587244987487797 23.720640182495121 8 0.95067775249481212 1.8557468652725222 25.402079582214359 3.1313626766204838 14.342207908630373 9 29.846893310546879 26.723613739013675 -0.61404418945312489 10
decision_type=2 2 9 2 2 2 1 9 2 2 9 2 9 2 9 9 1 2 2 9 2 2 2 2 2 9 2 2 2 9
left_child=9 2 3 -2 -4 -6 7 -7 -8 10 -1 13 -13 14 26 16 -15 18 20 -16 28 -22 23 24 -23 -26 27 -11 -18 -3
right_child=1 29 4 -5 5 6 8 -9 -10 11 -12 12 -14 15 19 -17 17 -19 -20 -21 21 22 -24 -25 25 -27 -28 -29 -30 -31
leaf_value=-0.0011856194413701301 -0.023760767934795934 0.038384746218092167 0.015722471649393447 0.0041238772189356636 0.028103015824123175 -0.041675949780782442 -0.010838235324102795 0.0079132713813410433 0.010687402095126617 -0.018768815133408081 0.0069580057693952634 -0.0019805138544386723 0.010110031144676306 0.0030837321919050605 0.0097135799536160368 -0.00040662136158085165 -0.0022231502645790337 -0.0070740008725941233 0.032385954746932767 -0.0026483396804105018 -0.011845025282990234 -0.02711985498759328 0.030533912388367002 0.011810025654718748 -0.011084760998796435 0.0022630429281238953 -0.027449198574322743 -0.00058672660333280362 0.012998582377788353 0.0067787854099986469
leaf_weight=2641 3382 4848 3474 2304 3951 2108 2171 3108 16687 2818 3438 4533 5426 52836 4290 232810 2311 3140 2733 6735 3114 2053 2871 3417 4488 6684 2153 2237 4982 2308
leaf_count=2641 3382 4848 3474 2304 3951 2108 2171 3108 16687 2818 3438 4533 5426 52836 4290 232810 2311 3140 2733 6735 3114 2053 2871 3417 4488 6684 2153 2237 4982 2308
internal_value=0.000112093 0.000707177 0.000398441 -0.00111742 0.000672483 0.000485821 0.000231523 -0.000889228 0.000542007 3.78951e-05 0.00111611 1.91169e-05 0.000850236 -5.27542e-06 -0.000690018 3.35855e-05 0.000332502 -5.66274e-05 0.000133852 0.000378452 -6.14767e-05 -0.000362769 -0.000107975 -0.0004319 -0.000814507 -0.00046074 -0.00231987 -0.001615 0.000872518 0.00230868
internal_weight=400051 44341 37185 5686 31499 28025 24074 5216 18858 355710 6079 349631 9959 339672 18233 321439 88629 35793 32653 11025 29920 22627 19513 16642 13225 11172 7208 5055 7293 7156
internal_count=400051 44341 37185 5686 31499 28025 24074 5216 18858 355710 6079 349631 9959 339672 18233 321439 88629 35793 32653 11025 29920 22627 19513 16642 13225 11172 7208 5055 7293 7156
cat_boundaries=0 29 30 56 72 98 130 162 163 195 221 243
cat_threshold=4 0 0 768 0 0 131072 0 0 1052672 0 0 65536 0 0 24117248 0 0 33554432 2 0 0 1 0 0 1 0 0 32 16 16 0 0 0 0 0 4096 0 0 65536 0 0 34209792 0 0 268435456 0 0 2097152000 0 0 3221225472 0 0 0 4 141 0 0 3632 0 0 20736 0 0 266240 0 0 4194304 0 0 2097152 25 0 0 15744 0 0 208128 0 0 8192 0 0 14876672 0 0 10485760 0 0 3254779904 0 0 1073741824 49 0 0 12 0 0 0 0 0 0 2560 0 0 241664 0 0 8126464 0 0 15728640 0 0 184549376 0 0 805306368 34 0 0 48 0 0 8960 0 0 94208 65 0 0 3072 0 0 1280 0 0 73728 0 0 7995392 0 0 14680064 0 0 2382364672 0 0 2415919104 1 0 0 546 0 0 800 0 0 14336 37 0 0 0 256 0 0 57600 0 0 1851392 0 0 33554432 0 0 134217728 0 0 1073741824 1 0 1073741824 28 0 0 775 0 0 16 0 0 2304 0 0 0 0 0 0 0 0 0 0 0 0 524288 0 0 14680064 0 0 67108864 0 0 0 0 0 0 32 56 0 0 912 0 0 14336 0 0 81920 0 0 6291456 0 0 6291456 0 0 318767104 0 0 536870912
is_linear=0
shrinkage=0.08


Tree=151
num_leaves=31
num_cat=11
split_feature=23 5 14 7 7 5 13 5 7 5 25 24 34 5 5 27 25 5 33 38 14 40 5 34 13 15 5 39 5 5
split_gain=1.75345 3.92112 2.09773 1.46267 1.3691 1.96605 1.80827 1.61877 1.53133 1.21623 1.16151 1.14412 1.78 2.41098 1.46229 1.06206 1.02356 1.37878 1.15697 1.481 1.02356 1.50161 1.01231 0.98657 1.55797 0.947543 3.56931 1.08277 2.65793 2.64002
threshold=29.046817779541019 0 0.61696794629096996 1.5000000000000002 1.5000000000000002 1 1.1868475675582888 2 2.5000000000000004 3 11.140342235565187 29.109313964843754 -5.2301635742187491 4 5 1011.3616333007814 6.7359921932220468 6 18.332736015319828 -3.41199779510498 1.8425164222717287 1.0724534988403323 7 -12.118377685546873 2.0602103471755986 0.26311667263507849 8 0.38879415392875677 9 10
decision_type=2 9 2 2 2 9 2 9 2 9 2 2 2 9 9 2 2 9 2 2 2 2 9 2 2 10 9 2 9 9
left_child=9 2 -2 -4 7 6 8 -3 -6 11 25 16 13 -13 15 -14 17 18 19 -1 21 -21 -20 -7 -25 26 -11 28 -27 -29
right_child=1 4 3 -5 5 23 -8 -9 -10 10 -12 12 14 -15 -16 -17 -18 -19 22 20 -22 -23 -24 24 -26 27 -28 29 -30 -31
leaf_value=0.0037798611536367321 0.016498017030142281 -0.0011666498319729574 0.024992555958986633 0.0037753583100127715 -0.0056101297727373664 -0.010424275189276022 0.0017080453974016455 0.015764235081146386 -0.022915899197816277 -0.0020248096513285092 0.0069062951627131101 -0.020755058387750415 0.0084508196327607397 0.008625819391373692 0.016050136827446337 -0.013443216029257441 0.0043759038076493532 0.0023058051101526524 0.014308804323627307 -0.0086208685783158902 -0.020547341643893231 0.0041509100077583337 -0.0011795513136745185 0.00040215370279134496 0.035729443903461465 -0.0030100165122936835 0.0085639531347255424 0.0045518122286244377 -3.8143155610607859e-05 -0.0010052088619637997
leaf_weight=2136 4534 6189 4664 9262 2644 2159 3014 5899 2066 2471 2827 2452 2950 3209 12985 2021 5836 40774 2044 2355 3453 2085 7196 12206 2451 36949 3093 28953 79892 100897
leaf_count=2136 4534 6189 4664 9262 2644 2159 3014 5899 2066 2471 2827 2452 2950 3209 12985 2021 5836 40774 2044 2355 3453 2085 7196 12206 2451 36949 3093 28953 79892 100897
internal_value=0.000107147 0.00052619 0.00147619 0.000989093 4.67148e-05 -0.000296538 -0.00135124 0.000743263 -0.00233051 4.01408e-05 -4.88901e-05 0.000293847 0.00077149 -0.000464821 0.0011613 -7.21288e-06 0.00012257 2.41787e-05 -0.000533154 -0.001128 -0.0016333 -0.000826966 0.000112433 0.000189119 0.000424627 -6.69929e-05 0.000964478 -9.02954e-05 -0.000266972 6.86895e-05
internal_weight=399666 55088 18460 13926 36628 24540 7724 12088 4710 344578 255082 89496 23617 5661 17956 4971 65879 60043 19269 10029 7893 4440 9240 16816 14657 252255 5564 246691 116841 129850
internal_count=399666 55088 18460 13926 36628 24540 7724 12088 4710 344578 255082 89496 23617 5661 17956 4971 65879 60043 19269 10029 7893 4440 9240 16816 14657 252255 5564 246691 116841 129850
cat_boundaries=0 32 61 87 119 138 160 186 208 237 269 298
cat_threshold=504 0 0 3936 0 0 126976 0 0 606208 0 0 6291456 0 0 402653184 0 0 16777216 1 0 805306368 32 0 0 0 0 0 16 0 0 4352 6 0 0 144 0 0 131840 0 0 3153920 0 0 18087936 0 0 544210944 0 0 1073741824 2 0 0 1 0 0 0 0 0 32 517 0 0 8192 0 0 3072 0 0 1179648 0 0 34668544 0 0 656408576 0 0 3019898880 2 0 2147483648 1 0 0 7 101 0 0 0 0 0 1024 0 0 0 0 0 18350080 0 0 108003328 0 0 1325400064 0 0 3758096384 5 0 0 547 0 0 1024 0 0 43520 0 0 0 0 0 0 1024 0 0 0 0 0 18350080 0 0 40894464 0 0 50331648 1 0 0 0 0 0 0 0 0 0 0 0 17301504 0 0 1048576 0 0 1073741824 0 0 536870912 101 0 0 0 0 0 0 0 0 0 0 0 1048576 0 0 67108864 0 0 251658240 0 0 1073741824 0 0 0 2 0 0 0 0 0 0 0 0 0 0 0 0 1048576 0 0 67108864 0 0 234881024 0 0 1073741824 16 0 0 272 0 0 200960 0 0 3084288 0 0 14680064 0 0 536870912 0 0 0 0 0 268435456 16 0 0 332 0 0 14560 16 0 0 32 0 0 74496 0 0 2232320 0 0 2555904 0 0 939524096 0 0 2952790016 3 0 0 24 0 0 20 0 0 576 0 0 16384 786 0 0 4144 0 0 230144 0 0 4067328 0 0 10944512 0 0 805306368 0 0 2147483648 0 0 0 0 0 0 0 0 0 512
is_linear=0
shrinkage=0.08


Tree=152
num_leaves=31
num_cat=13
split_feature=45 30 5 5 31 44 22 5 5 45 5 31 42 10 5 44 43 5 5 37 6 5 5 12 5 45 5 12 31 10
split_gain=2.62717 1.56258 6.90346 4.15586 3.60964 3.22188 2.70179 2.95633 2.25694 1.90536 3.78949 1.87705 1.71804 1.64629 1.52565 1.59864 1.73758 2.47248 1.49531 1.49366 1.45716 1.78719 1.73387 1.40997 1.63992 1.38581 1.41066 1.36772 1.51742 1.3393
threshold=34.510505676269538 736.81250000000011 0 1 65.242889404296889 28.201913833618168 0.47349929809570318 2 3 27.458024024963382 4 68.025218963623061 27.70743560791016 0.29145118594169622 5 26.00065898895264 26.566643714904789 6 7 -0.41979598999023432 8 9 10 0.71883735060691845 11 24.769509315490726 12 1.3630952239036562 78.028251647949233 0.31394113600254064
decision_type=2 2 9 9 2 2 2 9 9 2 9 2 2 2 9 2 2 9 9 2 1 9 9 2 9 2 9 2 2 2
left_child=1 3 4 5 -3 13 7 11 27 12 -11 -4 14 18 19 25 17 -17 -1 -5 22 -22 -18 -6 -25 -16 -27 28 -8 -30
right_child=-2 2 6 9 23 -7 8 -9 -10 10 -12 -13 -14 -15 15 16 20 -19 -20 -21 21 -23 -24 24 -26 26 -28 -29 29 -31
leaf_value=-0.0067645827363617137 0.07175297208530905 -0.046049549199653969 -0.017252516311470137 -0.0014383949167111252 -0.0047067894604434501 -0.013582822446818767 -0.013866317106069595 0.0089413284367857709 0.0036894399603973134 0.00960766282237107 -0.00053827685430677145 0.0040188570036254253 -0.01475345192037604 -0.00095425420628428043 -0.00090925498908984656 -0.0094935959256333153 -0.0046282705872994828 0.0009766045489131962 -0.0019023923372863338 0.0045884887820890549 -0.007349556074088652 -0.00043978420202510018 0.0065248168717925922 -0.010197848282597623 0.0076836569262608177 0.0011986632226786574 0.013629554549352128 0.013515415802785693 -0.0046134459150083225 0.00036325110852802628
leaf_weight=2100 3174 3596 2040 19423 10646 2870 2962 18828 33471 21794 27141 11039 2098 22972 98565 3951 2167 2366 2960 43881 3533 6670 4594 2983 6408 5368 3089 3120 3269 23281
leaf_count=2100 3174 3596 2040 19423 10646 2870 2962 18828 33471 21794 27141 11039 2098 22972 98565 3951 2167 2366 2960 43881 3533 6670 4594 2983 6408 5368 3089 3120 3269 23281
internal_value=0.000115683 9.73326e-05 0.000336136 -8.1e-06 -0.000890711 -0.000881961 0.000632052 0.00123658 0.000340206 0.000102346 0.000548779 0.000311169 -9.29913e-06 -0.000620212 1.54326e-05 -0.000141095 -0.000741746 -0.00187324 -0.00192505 0.000337566 -0.000319547 -0.000922234 0.000590473 -0.000471492 0.000242953 -1.03893e-05 0.000971773 -0.000133284 -0.000301876 -0.00010994
internal_weight=400359 397185 121643 275542 23633 30902 98010 31907 66103 244640 48935 13079 195705 28032 193607 130303 23281 6317 5060 63304 16964 10203 6761 20037 9391 107022 8457 32632 29512 26550
internal_count=400359 397185 121643 275542 23633 30902 98010 31907 66103 244640 48935 13079 195705 28032 193607 130303 23281 6317 5060 63304 16964 10203 6761 20037 9391 107022 8457 32632 29512 26550
cat_boundaries=0 32 45 71 100 132 164 196 206 207 239 261 290 322
cat_threshold=516 0 0 64 0 0 65536 0 0 1064960 0 0 33554432 0 0 6291456 0 0 2399141888 0 0 1879048192 53 0 0 387 0 0 6512 0 0 256 104 0 0 7936 0 0 4864 0 0 2232320 0 0 14680064 131 0 0 9232 0 0 132096 0 0 2490368 0 0 29818880 0 0 654311424 0 0 1610612736 2 0 2147483648 2 0 0 68 274 0 0 416 0 0 194048 0 0 2990080 0 0 16973824 0 0 772800512 0 0 805306368 0 0 2147483648 0 0 0 4 0 0 512 516 0 0 8272 0 0 212992 0 0 1056768 0 0 1048576 0 0 241172480 0 0 2533359616 0 0 3758096384 0 0 0 3 0 0 0 0 0 4352 640 0 0 128 0 0 1024 0 0 835584 0 0 18481152 0 0 567279616 0 0 1744830464 1 0 2147483648 1 0 0 34 0 0 2096 0 0 43520 21 0 0 96 0 0 59392 0 0 1056768 0 0 33619968 0 0 268435456 0 0 50331648 2 0 0 34 0 0 1 0 0 0 0 0 4096 8 0 0 3072 0 0 4352 0 0 131072 8 257 0 0 8240 0 0 32768 0 0 0 0 0 262144 0 0 201326592 0 0 0 0 0 805306368 0 0 0 0 0 0 0 0 0 4352 258 0 0 0 0 0 16384 0 0 1114112 0 0 33619968 0 0 2097152 0 0 2483027968 2 0 1073741824 0 0 0 64 0 0 0 0 0 16384 0 0 0 0 0 6291456 0 0 16777216 0 0 536870912 36 0 0 384 0 0 6512 16 0 0 64 0 0 2048 0 0 1122304 0 0 327680 0 0 436207616 0 0 2264924160 2 0 0 34 0 0 1 0 0 0 0 0 4096
is_linear=0
shrinkage=0.08


Tree=153
num_leaves=31
num_cat=0
split_feature=45 21 40 31 22 45 31 39 44 33 40 40 10 14 18 44 14 38 45 7 44 7 10 38 1 0 28 28 29 13
split_gain=2.87773 2.07914 2.04524 1.68079 2.95051 4.0906 2.67856 2.66713 2.30963 3.93915 2.99551 1.92198 2.18345 2.51804 2.39095 3.74753 2.08074 1.98971 1.70193 1.72162 1.70603 1.67772 1.69385 1.66902 2.01261 1.58763 1.52784 1.52074 1.4517 1.47028
threshold=32.573343276977546 1.343410909175873 2.4451708793640141 66.835334777832045 0.29325485229492193 27.280554771423343 79.458057403564467 0.38476154208183294 26.00065898895264 15.157439708709719 3.8094339370727544 4.7765369415283212 3.1220432519912724 2.7419296503067021 2.1401038169860844 18.029183387756351 3.3092482089996342 1.8341054916381838 29.096235275268558 1.5000000000000002 28.413509368896488 2.5000000000000004 1.9207253456115725 -0.22711372375488278 86.250000000000014 16.750000000000004 1010.0715637207032 1010.9728088378907 0.67831039428710949 1.0178735852241518
decision_type=2 2 2 2 2 2 2 2 2 2 2 2 2 2 2 2 2 2 2 2 2 2 2 2 2 2 2 2 2 2
left_child=3 -2 -3 11 5 8 7 -6 9 10 -5 12 13 17 -14 16 -16 -1 19 -7 -21 -19 -23 27 -25 -22 -26 -10 -8 -30
right_child=1 2 -4 4 6 18 28 -9 23 -11 -12 -13 14 -15 15 -17 -18 21 -20 20 25 22 -24 24 26 -27 -28 -29 29 -31
leaf_value=-0.001083193993169929 0.055957037934001939 -0.035224564019143097 0.036078197447226394 -0.00051563322832250667 -0.0054214044065894682 0.0063020248829326296 0.0040964881222992182 0.0001784122288375508 -0.0017793404622798623 0.007285605690353178 -0.027931781324600845 0.012136622766703948 0.0029223513338017611 0.0083926481216320091 -0.026596074352485705 -0.04910490269331317 0.011433945487471097 -0.0069409155584331866 0.01640792844284842 0.0044387488264614108 0.0015588587654359744 -0.034134534997476401 -0.0078337408703013575 0.0023189739736239083 -0.0078987475576082246 -0.0076145785285821766 0.0007627579776558626 -0.008664036884454919 -0.0003086693655952602 0.0053385694702668407
leaf_weight=63262 4385 2029 3057 5004 18729 10306 27321 24495 3030 23949 2000 11266 3097 22723 2048 2084 2613 10005 9956 11634 5582 2970 2068 6775 2399 3164 2003 2021 84275 26027
leaf_count=63262 4385 2029 3057 5004 18729 10306 27321 24495 3030 23949 2000 11266 3097 22723 2048 2084 2613 10005 9956 11634 5582 2970 2068 6775 2399 3164 2003 2021 84275 26027
internal_value=0.000137871 0.00151503 0.000412873 0.000104458 0.000216317 0.000596723 3.1561e-05 -0.000517741 8.99325e-05 0.000495172 -0.00117251 -0.000141601 -0.000242785 -0.000131911 -0.00137962 -0.00222354 -0.000958253 -0.00034706 0.00118489 0.000889497 0.000462972 -0.00117372 -0.00236292 -0.000682843 -0.000136945 -0.000380996 -0.00146691 -0.00188816 0.000204108 7.47698e-05
internal_weight=400277 9471 5086 390806 268670 87823 180847 43224 47181 30953 7004 122136 110870 101028 9842 6745 4661 78305 40642 30686 20380 15043 5038 16228 11177 8746 4402 5051 137623 110302
internal_count=400277 9471 5086 390806 268670 87823 180847 43224 47181 30953 7004 122136 110870 101028 9842 6745 4661 78305 40642 30686 20380 15043 5038 16228 11177 8746 4402 5051 137623 110302
is_linear=0
shrinkage=0.08


Tree=154
num_leaves=31
num_cat=15
split_feature=45 22 5 31 5 5 31 27 37 5 5 27 32 5 10 7 5 5 6 37 5 5 6 27 5 22 10 5 5 12
split_gain=2.42606 1.71146 3.12792 2.65549 6.12229 3.08244 2.20888 2.08643 1.8998 3.88587 2.72474 1.73952 1.64917 1.8801 1.56825 1.55289 3.26908 2.29656 2.4241 4.2659 3.62261 1.99231 1.71707 2.26559 2.24331 1.49997 1.55721 1.82243 1.43757 1.41738
threshold=34.510505676269538 0.098705291748046889 0 75.169490814208999 1 2 63.798088073730476 1008.2897033691407 0.43286895751953131 3 4 1010.2277221679689 1063.221862792969 5 0.73021453619003307 2.5000000000000004 6 7 8 0.2289543151855469 9 10 11 1013.9627380371095 12 4.0612220764160165 0.86782729625701915 13 14 0.62373229861259472
decision_type=2 2 9 2 9 9 2 2 2 9 9 2 2 9 2 2 9 9 1 2 9 9 1 2 9 2 2 9 9 2
left_child=1 2 11 4 6 25 -3 -8 10 -10 -6 14 13 -7 -1 17 22 -4 19 20 -19 -21 23 -17 -24 -5 27 -27 -20 -15
right_child=-2 3 15 5 8 12 7 -9 9 -11 -12 -13 -14 29 -16 16 -18 18 28 21 -22 -23 24 -25 -26 26 -28 -29 -30 -31
leaf_value=0.0098557716797815585 0.065857465346887051 -0.057059623887529325 0.0053249697848987707 0.01155443975349924 -0.010556237099468116 -0.0037124294243748102 -0.00021521308565208502 -0.017074723701962516 -0.026164772976395422 -0.00020551656573357589 0.007898659767335928 0.0021629036631134026 0.0099730361212345825 -0.00086370110566475855 0.0073315728847964555 -0.006611025580844118 0.0017598864706491768 -0.00064446884253703432 0.0050874142443487445 -0.0088583661411320673 -0.017807970536975241 0.021710023171469386 -0.01983528342840753 0.022404656056213869 -0.008775495009408078 -0.014765544298658629 0.0092398496918795429 0.0010454096719230037 -0.0015616751421412031 0.0016741588381600659
leaf_weight=8248 3149 2100 33119 16286 10040 10773 2446 3130 4846 10768 17504 31588 2229 70363 8438 7076 25283 2759 15284 2086 4239 3564 2085 2340 4235 2150 9079 4247 21577 59019
leaf_count=8248 3149 2100 33119 16286 10040 10773 2446 3130 4846 10768 17504 31588 2229 70363 8438 7076 25283 2759 15284 2086 4239 3564 2085 2340 4235 2150 9079 4247 21577 59019
internal_value=0.000107684 9.01059e-05 0.000280136 -5.51135e-05 -0.000563764 9.33876e-05 -0.00264241 -0.00180738 -0.000192876 -0.000897593 0.000206721 0.000826107 -6.5616e-05 -0.000100025 0.00148682 6.68571e-05 -0.00033547 0.000266609 -7.84186e-05 -0.00103315 -0.00235274 0.000600707 -0.00123991 -0.000552776 -0.00225867 0.000805739 0.000241767 -0.000713594 0.000249559 -1.53938e-05
internal_weight=400050 396901 171921 224980 50834 174146 7676 5576 43158 15614 27544 48274 142384 140155 16686 123647 41019 82628 49509 12648 6998 5650 15736 9416 6320 31762 15476 6397 36861 129382
internal_count=400050 396901 171921 224980 50834 174146 7676 5576 43158 15614 27544 48274 142384 140155 16686 123647 41019 82628 49509 12648 6998 5650 15736 9416 6320 31762 15476 6397 36861 129382
cat_boundaries=0 32 64 96 128 160 192 224 256 257 289 321 322 338 361 393
cat_threshold=874 0 0 4912 0 0 94464 0 0 106496 0 0 0 0 0 138412032 0 0 184549376 0 0 0 40 0 0 577 0 0 16 0 0 33024 405 0 0 816 0 0 65536 0 0 401408 0 0 31653888 0 0 677380096 0 0 100663296 0 0 2415919104 1 0 0 3 0 0 0 0 0 4352 16 0 0 128 0 0 0 0 0 0 0 0 29884416 0 0 292552704 0 0 1073741824 0 0 4026531840 1 0 0 243 0 0 4544 0 0 43776 546 0 0 128 0 0 40448 0 0 540672 0 0 1310720 0 0 17825792 0 0 134217728 2 0 536870912 34 0 0 64 0 0 12544 0 0 16896 72 0 0 13440 0 0 40960 0 0 2625536 0 0 0 0 0 343932928 0 0 1224736768 0 0 0 18 0 0 524 0 0 1008 0 0 66560 0 0 0 16 0 0 6912 0 0 8192 0 0 0 0 0 0 0 0 50331648 0 0 0 0 0 0 0 0 0 16 0 0 16384 145 0 0 3264 0 0 1024 0 0 1986560 0 0 40108032 0 0 573571072 0 0 0 2 0 2147483648 0 0 0 0 0 0 12032 0 0 74752 145 0 0 2240 0 0 35840 0 0 933888 0 0 2097152 0 0 637534208 0 0 2952790016 1 0 2684354560 2 0 0 0 0 0 14112 0 0 67584 1 4 0 0 0 0 0 512 0 0 1048576 0 0 17825792 0 0 3145728 0 0 0 2 0 0 1 0 0 446 0 0 0 0 0 5120 4 0 0 8192 0 0 131584 0 0 2101248 0 0 34799616 0 0 287309824 0 0 0 0 0 0 1 0 0 0 0 0 192 0 0 9216 3 128 0 0 64 0 0 1024 0 0 933888 0 0 33554432 0 0 573571072 16 0 0 0 0 0 0 0 0 0 0 0 0 0 0 19922944 0 0 1073741824 0 0 2147483648 1 0 0 0 9216 0 0 131584 0 0 2101248 0 0 4653056 0 0 271581184 0 0 1073741824 0 0 0 5 0 0 0 0 0 128 0 0 12800
is_linear=0
shrinkage=0.08


Tree=155
num_leaves=31
num_cat=12
split_feature=45 5 5 19 44 5 9 31 5 35 5 11 36 5 35 33 5 36 45 5 11 40 14 34 5 16 5 5 3 12
split_gain=2.03132 2.20083 1.30928 1.47812 1.27416 1.09732 1.00843 1.32189 2.5091 1.22397 1.76532 1.13718 1.12326 1.07206 0.993185 1.12285 1.72728 1.7693 1.00006 1.164 0.999149 0.971862 0.93891 0.928201 3.51993 1.20295 1.10463 1.02677 0.992756 1.12192
threshold=29.229447364807132 0 1 1.352419435977936 29.463607788085941 2 3 54.23333930969239 4 0.53548812866210949 5 0.85883277654647838 0.11301040649414064 6 15.984535217285158 16.286399841308597 7 17.731189727783207 27.809443473815922 8 1.6128649115562441 1.4850085973739626 2.6950592994689946 -6.2691955566406241 9 1.0696649551391604 10 11 4931.0278320312509 1.6445850133895876
decision_type=2 9 9 2 2 9 1 2 9 2 9 2 2 9 2 2 9 2 2 9 2 2 2 2 9 10 9 9 2 2
left_child=4 -2 3 21 5 14 -4 8 -8 13 -11 -12 -10 -9 15 16 17 -1 19 20 -17 -3 -22 24 25 -7 -27 -25 29 -29
right_child=1 2 6 -5 -6 23 7 9 12 10 11 -13 -14 -15 -16 18 -18 -19 -20 -21 22 -23 -24 27 -26 26 -28 28 -30 -31
leaf_value=-0.014096729183800383 0.018095665054523095 -0.0047249089248577285 0.037374046235734926 -0.030085208430191392 -0.0082935330169798017 -0.015515102921948678 -0.028278703978694579 0.029371673074029242 -0.0075804661939496481 -0.013535349472485159 -0.0039961741854244032 0.018315478631841828 0.022138185399944107 0.0055452791371147824 0.0059276057420191691 0.0088255679725796794 0.00063633063221362602 0.0011734918898433833 0.0048879681920284733 -0.00040819262677183765 -0.016717277242724378 0.016223092114000109 0.010385711115728844 0.0016922104582906842 0.00034581101750116839 -0.02020847354751644 -0.0042403698441901942 -0.00043989664536550047 -0.016208565147658331 0.0088738615274143486
leaf_weight=3090 5161 2750 3952 2446 3903 2260 2927 4510 2004 2393 2588 5406 3466 3761 6947 15023 20584 2091 14437 28497 3038 2855 3596 81212 31495 2038 5149 115454 3628 12798
leaf_count=3090 5161 2750 3952 2446 3903 2260 2927 4510 2004 2393 2588 5406 3466 3761 6947 15023 20584 2091 14437 28497 3038 2855 3596 81212 31495 2038 5149 115454 3628 12798
internal_value=0.000132566 0.000643831 0.000437894 -0.000470326 6.89093e-05 8.48962e-05 0.000673865 0.000498615 -0.000334483 0.000873795 0.000295085 0.000865485 0.000677596 0.00159932 0.000313307 0.000242392 -0.000204074 -0.00150663 0.000420489 0.000251495 0.000693269 0.00024577 -0.000124022 -2.61351e-06 -0.000351436 -0.00170402 -0.00119661 6.442e-05 -7.33888e-05 -3.64253e-05
internal_weight=399459 44219 39058 8051 355240 351337 31007 27055 8397 18658 10387 7994 5470 8271 97303 90356 25765 5181 64591 50154 21657 5605 6634 254034 40942 9447 7187 213092 131880 128252
internal_count=399459 44219 39058 8051 355240 351337 31007 27055 8397 18658 10387 7994 5470 8271 97303 90356 25765 5181 64591 50154 21657 5605 6634 254034 40942 9447 7187 213092 131880 128252
cat_boundaries=0 32 61 93 94 120 146 172 204 236 268 300 332
cat_threshold=40 0 0 272 0 0 29440 0 0 557056 0 0 6291456 0 0 268435456 0 0 0 0 0 0 0 0 0 0 0 0 0 0 0 4352 7 0 0 0 0 0 1024 0 0 1314816 0 0 42336256 0 0 593494016 0 0 536870912 2 0 0 1 0 0 0 0 0 32 52 0 0 8192 0 0 98304 0 0 4096 0 0 28966912 0 0 57671680 0 0 67108864 0 0 3221225472 4 0 0 547 0 0 80 0 0 47104 3 16 0 0 0 0 0 0 0 0 73728 0 0 65536 0 0 1048576 0 0 117440512 0 0 1342177280 0 0 0 4 0 0 0 32 0 0 0 0 0 155648 0 0 0 0 0 8388608 0 0 150994944 0 0 2147483648 0 0 0 3 0 0 0 544 0 0 0 0 0 221184 0 0 1048576 0 0 209715200 0 0 419430400 0 0 3489660928 0 0 0 6 32 0 0 0 0 0 0 0 0 4096 0 0 25165824 0 0 1048576 0 0 0 0 0 1073741824 0 0 0 0 0 0 0 0 0 12288 0 0 0 0 0 0 0 0 0 0 0 0 26214400 0 0 5242880 0 0 0 0 0 1073741824 0 0 0 547 0 0 64 0 0 14336 0 0 0 64 0 0 1280 0 0 2277376 0 0 4456448 0 0 612368384 0 0 50331648 0 0 536870912 33 0 0 4 0 0 512 0 0 82176 0 0 0 0 0 0 0 0 0 131072 0 0 4194304 0 0 8388608 0 0 50331648 0 0 536870912 0 0 0 4 0 0 0 0 0 16640 192 0 0 32 0 0 9216 0 0 2252800 0 0 4456448 0 0 746586112 0 0 704643072 0 0 536870912 49 0 0 204 0 0 1792 0 0 82176
is_linear=0
shrinkage=0.08


Tree=156
num_leaves=31
num_cat=0
split_feature=45 25 28 39 32 25 44 29 45 31 29 3 28 3 39 31 37 29 32 24 12 31 31 28 28 39 45 44 33 45
split_gain=2.29828 2.97625 1.63026 2.74255 2.04939 1.89734 1.58336 1.55135 1.22666 2.4361 1.54565 1.35086 1.1783 1.94549 1.93475 1.20909 1.06732 0.894868 2.57006 1.72429 1.80671 1.64006 1.58613 2.50156 1.3733 1.08855 3.47867 2.45273 2.20029 2.20629
threshold=29.278869628906254 5.0797383785247812 1002.3822021484376 0.83871442079544078 744.29434204101574 2.1227046251297002 29.463607788085941 0.64420700073242199 31.388112068176273 63.067817687988288 0.78393173217773449 315.52516174316412 1001.1759338378907 319.14978027343756 1.2244688272476199 84.045356750488295 0.92698669433593761 0.68405914306640636 942.10128784179699 29.529953002929691 1.1069474816322329 64.169151306152358 82.126922607421889 1013.7909545898439 1006.9252929687501 0.42174029350280767 24.999158859252933 24.697245597839359 22.50566387176514 28.124294281005863
decision_type=2 2 2 2 2 2 2 2 2 2 2 2 2 2 2 2 2 2 2 2 2 2 2 2 2 2 2 2 2 2
left_child=6 2 3 4 5 -2 12 -8 9 11 -11 -4 13 15 -15 -1 -5 22 19 21 -21 -19 24 -24 -14 28 27 -27 29 -26
right_child=1 -3 8 16 -6 -7 7 -9 -10 10 -12 -13 17 14 -16 -17 -18 18 -20 20 -22 -23 23 -25 25 26 -28 -29 -30 -31
leaf_value=-0.0052038978085831925 -0.020081697864203999 0.02447098196316215 -0.025570191715620055 0.020132680784295184 -0.034380834665094152 0.0089934243321917774 -0.019823871067309574 0.00042106169854077039 0.02525772462077653 0.019317552989689787 -0.0023222198641992689 0.0069297239986251405 0.0062184574612912684 -0.018271667162997177 0.0084998353428789863 0.0044626581574329213 -0.0057445858885019413 -0.014442599532210498 0.0074268098630648786 -0.0091628323926715022 0.0041454519589697453 0.00022259616220561093 0.0057249606717586863 -0.012844756825068313 -0.0014728441783681259 0.00045679739169353356 0.0080557864169883905 -0.021838277130797824 0.0017610424640567247 -0.011007434707489071
leaf_weight=2189 2240 6083 3171 6084 3103 3316 2243 2015 6051 5641 2437 2562 20635 5762 2467 5848 2005 6170 10773 10253 4032 106373 18085 3036 35291 74163 21590 2441 19467 3825
leaf_count=2189 2240 6083 3171 6084 3103 3316 2243 2015 6051 5641 2437 2562 20635 5762 2467 5848 2005 6170 10773 10253 4032 106373 18085 3036 35291 74163 21590 2441 19467 3825
internal_value=0.000134124 0.000688757 0.000416166 -0.000165175 -0.001154 -0.000232842 6.77157e-05 -0.00146392 0.0009062 0.0004894 0.00138378 -0.000771025 8.62633e-05 -0.00057852 -0.00144241 0.000306698 0.000893444 0.000118449 -3.83399e-05 -0.000139138 -0.000966771 -3.40105e-05 0.000227115 0.000882306 0.000149068 6.82966e-05 0.000231111 -2.17192e-05 -0.000204598 -0.000550427
internal_weight=399351 42693 36610 16748 8659 5556 356658 4258 19862 13811 8078 5733 352400 16266 8229 8037 8089 336134 137601 126828 14285 112543 198533 21121 177412 156777 98194 76604 58583 39116
internal_count=399351 42693 36610 16748 8659 5556 356658 4258 19862 13811 8078 5733 352400 16266 8229 8037 8089 336134 137601 126828 14285 112543 198533 21121 177412 156777 98194 76604 58583 39116
is_linear=0
shrinkage=0.08


Tree=157
num_leaves=31
num_cat=15
split_feature=45 26 29 5 5 12 19 5 5 41 28 5 5 5 5 43 5 40 29 5 39 5 5 5 12 13 5 39 5 12
split_gain=2.20236 2.16247 1.85677 6.92425 3.29154 1.65279 2.9592 1.46796 1.11767 1.14057 3.63738 16.0426 5.03801 1.76139 1.53204 1.50298 4.19979 1.32077 1.1017 1.07539 1.06516 1.59889 1.02083 0.957843 1.12558 1.23152 2.27882 1.35654 1.39918 1.20971
threshold=29.056795120239261 8.26037645339966 0.74486160278320324 0 1 2.0278103351593022 1.7707731127738955 2 3 28.173361778259281 1007.4121704101564 4 5 6 7 28.230167388916019 8 0.51775455474853527 0.2160453796386719 9 0.43070347607135778 10 11 12 1.4324668049812319 1.053423345088959 13 0.63349220156669628 14 1.2617566585540774
decision_type=2 2 2 9 9 2 2 9 9 2 2 9 9 9 9 2 9 2 2 9 2 9 9 9 2 2 9 2 9 2
left_child=8 2 4 -4 -2 6 7 18 -1 15 12 -12 22 -13 -14 23 -17 -15 -6 -7 -5 -22 -11 -10 25 27 -27 -25 -29 -28
right_child=1 -3 3 20 5 19 -8 -9 9 10 11 13 14 17 -16 16 -18 -19 -20 -21 21 -23 -24 24 -26 26 29 28 -30 -31
leaf_value=0.0014530864961061795 0.018154589383197452 0.016782305942422106 -0.026370322237787361 -0.0040548698653962347 0.0042645372302119464 0.0019085121734812528 -0.047765745625139938 0.0074345182483076238 0.0010841316895251901 0.0081316732408760958 -0.029815989988768901 0.0057139986565058346 -0.018845770533433729 -0.0067281093980519216 -0.0032132662370516268 -0.0074828685052964871 0.008399185259289399 0.00059049876202297907 -0.01633626871431422 0.044728255798816251 0.030309068975488559 0.0028000498971371391 0.0023353796115479562 -0.0011506391797047556 0.0037076568058025533 0.0052662096331967303 -0.016817458315656626 0.011306512880674951 -0.0017009402929163747 -0.002379402211876424
leaf_weight=93164 9554 3820 2244 3902 2270 2206 2325 12624 89670 5787 2069 2688 2072 2112 7806 4217 10952 2660 2329 3189 2179 3953 7512 64417 27355 3900 6460 6257 7201 2748
leaf_count=93164 9554 3820 2244 3902 2270 2206 2325 12624 89670 5787 2069 2688 2072 2112 7806 4217 10952 2660 2329 3189 2179 3953 7512 64417 27355 3900 6460 6257 7201 2748
internal_value=0.000122927 0.000616145 0.000466389 -0.000378255 0.000767033 0.000282498 -5.97197e-05 0.000302443 5.14186e-05 -3.49663e-05 -0.000476097 -0.00179096 6.50365e-05 -5.34758e-05 -0.00130208 2.96972e-05 0.000798208 -0.000974958 -0.000918813 0.00152081 0.000522777 0.00118007 0.00108086 -2.63822e-05 -0.000175806 -0.000311101 -0.00102821 -0.00019028 0.000539947 -0.00171305
internal_weight=399642 50595 46775 12278 34497 24943 19548 17223 349047 255883 32706 9529 23177 7460 9878 223177 15169 4772 4599 5395 10034 6132 13299 208008 118338 90983 13108 77875 13458 9208
internal_count=399642 50595 46775 12278 34497 24943 19548 17223 349047 255883 32706 9529 23177 7460 9878 223177 15169 4772 4599 5395 10034 6132 13299 208008 118338 90983 13108 77875 13458 9208
cat_boundaries=0 22 54 83 115 137 166 185 207 236 265 288 311 343 375 407
cat_threshold=1 0 0 768 0 0 143872 0 0 167936 0 0 10682368 0 0 62914560 0 0 16777216 0 0 2147483648 40 0 0 1808 0 0 127232 0 0 4165632 0 0 31522816 0 0 335544320 0 0 150994944 0 0 2147483648 0 0 0 0 0 0 0 0 0 4352 23 0 0 0 0 0 131072 0 0 0 0 0 33685504 0 0 707788800 0 0 2147483648 3 0 0 1 0 0 3 0 0 16 340 0 0 8192 0 0 0 0 0 2117632 0 0 19202048 0 0 616562688 0 0 939524096 0 0 3758096384 2 0 0 323 0 0 512 0 0 11008 0 0 0 3200 0 0 49152 0 0 1966080 0 0 12582912 0 0 134217728 0 0 1073741824 0 0 268435456 163 0 0 3600 0 0 246016 0 0 1441792 0 0 46137344 0 0 34603008 0 0 3305111552 1 0 0 1 0 0 0 0 0 32 137 0 0 320 0 0 6400 0 0 8192 0 0 1179648 0 0 270532608 0 0 67108864 0 0 0 96 0 0 2560 0 0 40960 0 0 524288 0 0 0 0 0 0 2 0 268435456 522 0 0 1216 0 0 0 0 0 163840 0 0 39321600 0 0 51380224 0 0 16777216 0 0 268435456 33 0 0 4 0 0 16 0 0 0 0 0 0 0 0 0 0 0 0 1048576 0 0 16777216 0 0 1879048192 0 0 1073741824 1 0 0 6 0 0 32 8 0 0 0 0 0 256 0 0 2097152 0 0 21233664 0 0 939524096 0 0 3892314112 1 0 536870912 1 162 0 0 3072 0 0 147712 0 0 1310720 0 0 0 0 0 33554432 0 0 1090519040 0 0 0 1 512 0 0 2048 0 0 59904 0 0 950272 0 0 39321600 0 0 3145728 0 0 33554432 0 0 268435456 21 0 0 188 0 0 8528 0 0 1024 1 0 0 4288 0 0 4096 0 0 1048576 0 0 8388608 0 0 50331648 0 0 2147483648 1 0 0 8 0 0 0 0 0 0 0 0 20480 0 0 0 896 0 0 200704 0 0 1056768 0 0 0 0 0 452984832 0 0 0 1 0 0 0 0 0 512 0 0 2208 0 0 4096
is_linear=0
shrinkage=0.08


Tree=158
num_leaves=31
num_cat=2
split_feature=45 10 7 13 44 35 34 35 15 1 34 27 12 10 6 1 38 40 12 6 10 34 36 34 1 40 29 31 24 1
split_gain=2.32256 2.21837 1.53982 3.24592 1.50007 1.47536 1.43161 1.68271 1.12675 0.984849 0.956443 2.36481 2.05017 2.5507 1.93347 2.89225 1.78538 1.28586 1.49091 1.19006 2.47815 2.19148 3.03837 2.4505 2.83853 3.49022 2.13787 2.42602 2.07973 4.69249
threshold=29.386546134948734 0.76063168048858654 2.5000000000000004 1.1375398039817812 29.675170898437504 0.77390670776367199 -7.6213684082031241 0.0014305114746093752 0.26311667263507849 80.250000000000014 -5.5162658691406241 1006.5191040039064 0.32434381544590002 0.56341347098350536 0 78.750000000000014 0.18248748779296878 3.4096161127090459 2.3204880952835087 1 0.29145118594169622 1.1508483886718752 39.912700653076179 -1.6669311523437498 91.750000000000014 2.9389696121215825 0.34170532226562506 79.235897064208999 27.380828857421879 84.750000000000014
decision_type=2 2 2 2 2 2 2 2 10 2 2 2 2 2 1 2 2 2 2 1 2 2 2 2 2 2 2 2 2 2
left_child=4 5 6 -4 8 -2 7 -3 9 -1 12 -12 -10 16 15 -15 -14 18 -17 20 -13 22 23 26 25 28 -22 -28 -25 -30
right_child=1 2 3 -5 -6 -7 -8 -9 10 -11 11 19 13 14 -16 17 -18 -19 -20 -21 21 -23 -24 24 -26 -27 27 -29 29 -31
leaf_value=0.0044260185588424318 0.026338971431681006 0.035197990549312719 -0.037547770527581424 0.0045050381023682279 -0.013562998177143369 0.0021562598578844924 0.016625598389276335 -0.0062510726102450063 0.0074995108165089612 -0.00095792094152125659 0.0059296790688705692 0.0080053832957991729 -0.00306295909599714 -0.056572296464979348 0.00086204097882841254 -0.00097760237060813115 -0.01899076989424741 0.038317250317253783 -0.030960552205651415 -7.2051964964393023e-05 0.0076092045395318208 0.010573930104958057 0.0078356978392252474 -0.0034621196788775311 0.0078296065844089251 0.037954524604785635 -0.011453148672945312 0.0085710728846523695 -0.0054012628852753396 -0.018544534588492385
leaf_weight=4740 5615 2220 2038 8165 3262 2601 12408 6417 2912 2667 12133 5428 5780 2093 49667 4111 2090 2263 2371 197510 9591 14705 8613 4011 3661 2035 7420 4109 6608 2862
leaf_count=4740 5615 2220 2038 8165 3262 2601 12408 6417 2912 2667 12133 5428 5780 2093 49667 4111 2090 2263 2371 197510 9591 14705 8613 4011 3661 2035 7420 4109 6608 2862
internal_value=0.000133221 0.000715813 0.00040796 -0.000398316 6.94521e-05 0.00188476 0.00079886 7.8641e-06 8.50612e-05 0.00106081 6.43804e-05 0.000131269 -0.000197091 -0.000285735 -0.000109394 -0.00107644 -0.00163959 -0.000436322 -0.00100924 8.15268e-05 0.000367375 0.000227269 -3.02534e-05 -0.00032183 -0.000976286 -0.00144892 0.000272598 -0.000461392 -0.00191505 -0.00256118
internal_weight=400106 39464 31248 10203 360642 8216 21045 8637 357380 7407 349973 278686 71287 68375 60505 10838 7870 8745 6482 266553 69043 63615 48910 40297 19177 15516 21120 11529 13481 9470
internal_count=400106 39464 31248 10203 360642 8216 21045 8637 357380 7407 349973 278686 71287 68375 60505 10838 7870 8745 6482 266553 69043 63615 48910 40297 19177 15516 21120 11529 13481 9470
cat_boundaries=0 1 2
cat_threshold=2 2
is_linear=0
shrinkage=0.08


Tree=159
num_leaves=31
num_cat=11
split_feature=43 5 10 5 30 5 3 5 10 39 5 26 10 5 33 18 5 14 5 5 40 15 5 39 43 23 34 3 5 39
split_gain=1.52324 2.86356 2.11454 1.3762 1.35553 5.70382 1.43979 1.16016 1.23205 1.5352 1.13373 1.08302 1.93976 3.32796 1.39855 1.58689 1.50792 1.55747 1.43604 1.32475 1.47092 1.05457 1.22868 0.945218 0.918994 0.913914 0.845022 0.863659 0.900573 0.844693
threshold=28.872670173645023 0 0.63503313064575206 1 2556.1875000000005 2 444.31674194335943 3 1.9207253456115725 0.42174029350280767 4 3.007140159606934 2.2041845321655278 5 14.660160064697267 2.1656663417816167 6 2.2603789567947392 7 8 2.3924599885940556 1.2546676397323611 9 1.3552919626235964 23.841281890869144 29.126716613769535 3.1797790527343754 319.14978027343756 10 0.30095757544040685
decision_type=2 9 2 9 2 9 2 9 2 2 9 2 2 9 2 2 9 2 9 9 2 10 9 2 2 2 2 2 9 2
left_child=3 2 -2 11 6 -6 7 8 9 -3 -4 14 19 -14 15 -1 -16 21 -17 -13 26 -18 -23 -15 -19 29 27 -21 -29 -5
right_child=1 4 10 25 5 -7 -8 -9 -10 -11 -12 12 13 23 16 18 17 24 -20 20 -22 22 -24 -25 -26 -27 -28 28 -30 -31
leaf_value=0.0087721882806608177 0.013408542263888717 -0.0052588154854100767 -0.0034855288433023285 -0.00066893571559746698 0.0099116248215516626 -0.024273459926574061 -0.018586810724010989 0.0060850750120673962 -0.024359786809712507 0.014343256594002807 0.010842255476159033 -0.011017244860048439 -0.026862477208341222 -0.010718801798465918 0.016648225661135333 -0.024207160413460011 0.0074480524939620511 0.011923646978800636 -0.0012030109764752551 0.0010023396725133103 0.022355956878614719 -0.00059448393990170869 -0.016828224893945778 0.014372372043939241 0.030563781614542321 -0.0093148843718285287 0.010843938518989927 -0.01994210501911825 0.002017506268666884 0.00050517599637767217
leaf_weight=3747 7037 2560 3969 92194 2020 2048 3513 27628 2120 3033 6038 2617 2324 2226 8975 2091 5550 11195 3360 23366 3844 5570 2212 2031 2008 2483 2003 2195 2274 157900
leaf_count=3747 7037 2560 3969 92194 2020 2048 3513 27628 2120 3033 6038 2617 2324 2226 8975 2091 5550 11195 3360 23366 3844 5570 2212 2031 2008 2483 2003 2195 2274 157900
internal_value=0.000116869 0.000488596 0.00136521 5.13266e-05 0.00013991 -0.00124767 0.000285509 0.000439139 -0.000427777 0.000194896 0.00061775 0.000324537 3.73048e-05 -0.00122531 0.000600027 -0.000278888 0.000827703 0.000523442 -0.00114924 0.000266491 0.000401401 -8.63438e-05 -0.000686858 0.000109423 0.00113918 -4.34367e-05 0.000211472 9.69654e-05 -0.000920741 -2.82441e-05
internal_weight=400131 59966 17044 340165 42922 4068 38854 35341 7713 5593 10007 87588 42880 6581 44708 9198 35510 26535 5451 36299 33682 13332 7782 4257 13203 252577 29838 27835 4469 250094
internal_count=400131 59966 17044 340165 42922 4068 38854 35341 7713 5593 10007 87588 42880 6581 44708 9198 35510 26535 5451 36299 33682 13332 7782 4257 13203 252577 29838 27835 4469 250094
cat_boundaries=0 32 64 93 122 141 173 205 231 263 292 321
cat_threshold=230 0 0 8000 0 0 95232 0 0 1163264 0 0 20971520 0 0 822083584 0 0 16777216 3 0 2147483648 32 0 0 0 0 0 0 0 0 4352 0 0 0 9232 0 0 33280 0 0 65536 0 0 1703936 0 0 74448896 0 0 1845493760 0 0 3758096384 4 0 0 515 0 0 112 0 0 43520 536 0 0 128 0 0 2304 0 0 2232320 0 0 2621440 0 0 67108864 0 0 1409286144 0 0 268435456 1 0 0 2 0 0 32 512 0 0 8336 0 0 131328 0 0 12288 0 0 2359296 0 0 67108864 0 0 1073741824 0 0 0 1 0 0 7 0 0 32 0 0 0 4864 0 0 12288 0 0 65536 0 0 0 0 0 0 0 0 16777216 0 0 0 0 0 0 0 0 0 0 0 0 1703936 0 0 6291456 0 0 1275068416 0 0 536870912 0 0 0 0 0 0 0 0 0 8192 0 0 0 1024 0 0 32768 0 0 0 0 0 524288 0 0 4194304 0 0 1677721600 0 0 0 0 0 0 1 0 0 0 0 0 40960 0 0 0 0 0 0 0 0 0 0 0 0 0 0 0 67108864 0 0 1778384896 0 0 2147483648 4 0 0 513 0 0 0 0 0 0 0 0 0 0 0 0 0 0 0 0 0 0 1610612736 0 0 3221225472 0 0 0 0 0 0 16 0 0 32768 0 0 0 0 0 0 0 0 0 0 0 0 0 0 0 2097152 0 0 134217728 0 0 3221225472 4 0 0 514 0 0 112 0 0 0 0 0 0 0 0 0 65536 0 0 655360 0 0 4194304 0 0 33554432 0 0 0 0 0 0 3 0 0 32
is_linear=0
shrinkage=0.08


Tree=160
num_leaves=31
num_cat=13
split_feature=24 31 5 23 5 5 35 5 29 5 40 10 5 5 5 5 29 32 5 41 41 34 5 29 43 30 41 5 5 41
split_gain=1.22081 1.05227 2.76433 2.49754 3.1782 2.46564 2.2289 2.95625 1.95644 2.64702 1.54309 2.87314 3.43112 1.86079 1.59142 1.5335 1.48992 1.40518 1.48737 1.48838 2.19826 5.26034 1.78975 1.6358 1.9179 1.40423 1.68704 1.99609 1.39026 2.03782
threshold=40.766632080078132 66.835334777832045 0 29.046817779541019 1 2 2.5143623352050786 3 0.78393173217773449 4 4.675464630126954 3.0196816921234135 5 6 7 8 0.94813156127929699 1036.1160278320315 9 28.662018775939945 28.173361778259281 -1.4658813476562498 10 0.66189956665039074 28.154544830322269 697.68750000000011 27.447614669799808 11 12 26.919735908508304
decision_type=2 2 9 2 9 9 2 9 2 9 2 2 9 9 9 9 2 2 9 2 2 2 9 2 2 2 2 9 9 2
left_child=1 2 -1 5 -5 16 10 -8 15 -10 11 13 -13 -4 -12 -6 -3 18 25 20 -20 23 -21 -22 -25 28 27 -27 29 -7
right_child=-2 3 6 4 8 17 7 -9 9 -11 14 12 -14 -15 -16 -17 -18 -19 19 22 21 -23 -24 24 -26 26 -28 -29 -30 -31
leaf_value=-0.0089356265455659226 0.036972495323083783 0.0077260654328787232 -0.0018708557328199771 -0.0018173692319824644 0.0030717905948941062 -0.0014035924639871789 -0.037339626353598609 0.0049515296756867831 0.013037403836041404 -0.0042612042819133852 0.024323885577396395 0.0038623234371575363 -0.028710538932548345 0.004545383594058405 0.00066859606542384834 0.01789551958306404 -0.0010030170713728474 0.0064336919195163876 0.00078022418114759978 -0.0027789709372888624 0.0082601612169947523 -0.015915877509967372 0.012805051779477359 0.0024691293099235231 -0.0084500692804308584 -0.0019862177097906969 -0.0012721514135810373 0.0092406693082638762 -0.0014104335819698638 -0.0049070843542299474
leaf_weight=12412 3084 33415 43062 9091 2290 8185 2560 2174 3935 5124 5388 4340 5934 46548 5839 8826 13246 4042 94306 2040 2337 2003 3267 2717 2741 4828 21179 6404 32432 6670
leaf_count=12412 3084 33415 43062 9091 2290 8185 2560 2174 3935 5124 5388 4340 5934 46548 5839 8826 13246 4042 94306 2040 2337 2003 3267 2717 2741 4828 21179 6404 32432 6670
internal_value=0.00010288 9.05511e-05 -9.80142e-05 0.000180432 0.000877989 9.52708e-05 2.36483e-05 -0.00167454 0.00143699 0.00056412 9.61475e-05 -3.84397e-06 -0.00127032 0.000141486 0.00098496 0.00214848 0.000617039 -3.08327e-05 -6.24156e-05 0.000129068 6.23932e-05 -0.00107749 0.00143464 -0.00013581 -0.000893928 -0.000325246 8.03184e-05 0.000872443 -0.000603252 -0.0012437
internal_weight=400419 397335 128257 269078 29266 239812 115845 4734 20175 9059 111111 99884 10274 89610 11227 11116 46661 193151 189109 109411 104104 9798 5307 7795 5458 79698 32411 11232 47287 14855
internal_count=400419 397335 128257 269078 29266 239812 115845 4734 20175 9059 111111 99884 10274 89610 11227 11116 46661 193151 189109 109411 104104 9798 5307 7795 5458 79698 32411 11232 47287 14855
cat_boundaries=0 32 55 87 116 138 170 202 234 260 292 311 340 372
cat_threshold=112 0 0 12640 0 0 164352 0 0 3153920 0 0 8388608 0 0 35651584 0 0 536870912 0 0 2147483648 35 0 0 0 0 0 0 0 0 512 267 0 0 8368 0 0 133888 0 0 3203072 0 0 26214400 0 0 566231040 0 0 503316480 2 0 536870912 33 0 0 0 8192 0 0 131072 0 0 0 0 0 20185088 0 0 73400320 0 0 1560281088 0 0 2952790016 3 0 0 665 0 0 14368 0 0 35584 8 0 0 0 0 0 2048 0 0 65536 0 0 262144 0 0 608174080 0 0 234881024 0 0 1073741824 20 0 0 1018 0 0 8480 100 0 0 6912 0 0 57344 0 0 65536 0 0 34144256 0 0 404750336 0 0 2147483648 1 0 1073741824 0 0 0 0 0 0 1024 0 0 114688 0 0 36175872 0 0 818937856 0 0 285212672 2 0 0 16 0 0 916 0 0 3296 0 0 37888 0 0 0 128 0 0 0 0 0 4096 0 0 20840448 0 0 231735296 0 0 1543503872 2 0 1342177280 20 0 0 84 0 0 6848 0 0 32768 0 0 0 0 0 0 0 0 0 0 0 0 524288 0 0 71303168 0 0 1543503872 0 0 1342177280 16 0 0 103 0 0 13136 0 0 103424 4 0 0 6144 0 0 32768 0 0 65536 0 0 33751040 0 0 402653184 0 0 2147483648 1 0 0 0 0 0 2 551 0 0 944 0 0 15104 0 0 217088 0 0 4194304 0 0 134217728 0 0 2181038080 3 0 0 8 0 0 4 0 0 1168 0 0 17408 0 0 0 64 0 0 1024 0 0 32768 0 0 42598400 0 0 579862528 0 0 536870912 516 0 0 0 0 0 0 0 0 20480 0 0 4194304 0 0 0 0 0 2181038080 2 0 0 8 0 0 4 0 0 16 32 0 0 768 0 0 256 0 0 200704 0 0 4194304 0 0 134217728 0 0 0 0 0 0 0 0 0 0 0 0 1040 0 0 16384
is_linear=0
shrinkage=0.08


Tree=161
num_leaves=31
num_cat=2
split_feature=45 21 28 45 14 31 30 7 0 15 39 26 32 15 29 23 39 6 24 31 45 10 1 39 14 29 13 45 33 6
split_gain=1.60252 1.21157 0.993149 1.6843 3.06023 1.69735 2.5503 1.16665 1.10597 0.985379 0.970142 1.25202 1.59242 1.55644 1.00773 0.900853 0.909228 2.33555 1.68777 1.60708 1.58238 1.54683 3.29541 1.54609 1.33102 1.37686 1.31877 1.22796 1.20628 2.13557
threshold=34.510505676269538 0.25686523318290716 1001.0084228515626 29.386546134948734 1.7852091789245608 63.067817687988288 159.06250000000003 2.5000000000000004 32.750000000000007 1.3846107721328738 1.2244688272476199 4.4420535564422616 600.97766113281261 1.3846107721328738 0.93972396850585949 29.469223022460941 0.23035803437232974 0 30.740463256835941 75.315174102783217 -5.4536685943603507 0.35435117781162268 86.750000000000014 0.80401393771171581 2.8499461412429814 0.80765151977539074 2.126540064811707 28.262769699096683 19.332672119140629 1
decision_type=2 2 2 2 2 2 2 2 2 10 2 2 2 10 2 2 2 1 2 2 2 2 2 2 2 2 2 2 2 1
left_child=1 -1 8 15 7 6 -6 -5 10 -9 11 12 13 -3 -15 16 17 21 -19 24 -21 -4 -23 27 28 -26 -27 -22 -18 -30
right_child=-2 2 3 4 5 -7 -8 9 -10 -11 -12 -13 -14 14 -16 -17 19 18 -20 20 23 22 -24 -25 25 26 -28 -29 29 -31
leaf_value=0.0042726563360581281 0.056347504363595285 -0.013643287896372773 0.0055009465314945095 0.021959896218375536 0.0070380179567263437 0.019430615281492807 -0.034500976262076377 -0.0085811616184478523 -0.022275826393481534 0.017885617867711166 0.010550130741165058 0.001303456446126193 -0.022694578042538011 0.016659420920401499 -0.0045061592186001025 -0.0078730795668328548 -0.0026528583836275578 -0.0008924545636293668 -0.015831533062601599 -0.018683339557352092 0.00078528983650289982 -0.0047116899315022172 0.0074497444359277326 0.0098275453658957651 0.0079876249289350734 -0.036078141562783092 0.0081553262479898744 0.0046407149841178911 0.0052986601607240818 -0.0012626776598028044
leaf_weight=3651 3163 3162 7569 9785 3664 2632 3304 2009 2511 2439 4398 10428 3329 2718 2501 3802 46495 61430 2142 5638 73646 5964 5999 22703 32141 2014 2241 14944 11651 41661
leaf_count=3651 3163 3162 7569 9785 3664 2632 3304 2009 2511 2439 4398 10428 3329 2718 2501 3802 46495 61430 2142 5638 73646 5964 5999 22703 32141 2014 2241 14944 11651 41661
internal_value=0.000129223 0.000114892 0.000101392 0.00013733 0.000787317 -0.000316337 -0.000969905 0.00153142 -0.000348694 0.00045581 -0.000196489 -0.000412136 -0.000979522 -0.000390418 0.000458214 9.17513e-05 0.000105613 -0.000123974 -0.000359039 0.000180988 0.000398526 0.000640753 7.45011e-05 0.000464785 -5.78495e-06 0.000408284 -0.000942556 0.00031377 -0.000156807 0.000102922
internal_weight=399734 396571 392920 363873 23833 9600 6968 14233 29047 4448 26536 22138 11710 8381 5219 340040 336238 83104 63572 253134 116931 19532 11963 111293 136203 36396 4255 88590 99807 53312
internal_count=399734 396571 392920 363873 23833 9600 6968 14233 29047 4448 26536 22138 11710 8381 5219 340040 336238 83104 63572 253134 116931 19532 11963 111293 136203 36396 4255 88590 99807 53312
cat_boundaries=0 1 2
cat_threshold=2 1
is_linear=0
shrinkage=0.08


Tree=162
num_leaves=31
num_cat=1
split_feature=45 14 30 1 7 13 20 41 25 36 31 27 39 31 13 18 36 44 38 36 45 29 20 38 25 26 27 6 1 1
split_gain=1.40532 2.10242 2.16391 2.8717 1.62839 1.22668 1.11932 1.34925 2.52644 1.37572 1.11191 2.04542 2.39533 1.40412 1.92497 1.40402 3.13282 1.47413 1.24507 1.20878 1.07417 1.06799 1.6221 3.62668 1.83531 1.44052 1.94504 1.39595 1.91046 1.75419
threshold=29.828354835510257 1.2363364696502688 993.18750000000011 76.250000000000014 2.5000000000000004 1.486939609050751 0.32593616843223577 27.156193733215336 5.6829533576965341 2.8681755065917973 84.541854858398452 1003.9756774902345 0.85696333646774303 78.287425994873061 0.8618818223476411 0.43566000461578375 51.393985748291023 29.953742027282718 0.50853896141052257 99.283218383789077 27.568328857421879 0.74974822998046886 0.49498356878757482 0.13657093048095706 4.7344377040863046 9.6702947616577166 1009.1011657714845 0 74.250000000000014 79.250000000000014
decision_type=2 2 2 2 2 2 2 2 2 2 2 2 2 2 2 2 2 2 2 2 2 2 2 2 2 2 2 1 2 2
left_child=6 -2 4 -4 -3 -6 7 -1 9 -9 11 12 13 -8 -15 16 18 19 -13 21 -18 25 23 -23 -24 26 27 28 -17 -29
right_child=1 2 3 -5 5 -7 10 8 -10 -11 -12 15 -14 14 -16 17 20 -19 -20 -21 -22 22 24 -25 -26 -27 -28 29 -30 -31
leaf_value=-0.00093803833017100911 0.029855192993337627 0.019475507793674962 -0.029402142368089215 0.0063986902648048502 -0.027510672194582302 0.0083646352085281657 -0.030072139693936389 0.0023984175628494679 0.0083749603060019259 -0.0067827240162993676 0.0015663707592750591 0.0015822887562133032 0.010022357807243183 -0.0090760863230803217 0.0044044262886512708 -0.0016848099880966531 -0.0048596599842196516 -0.019250140457524625 -0.0044794048539999048 0.0063648119906892569 -0.010416296401944547 -0.008370285120478797 -0.0024384441380821582 0.0018862181105919068 0.0071275457720342541 -0.011355844733544632 0.00031943835002952366 0.010056500200805849 0.014233835532279065 -0.0043115670859100235
leaf_weight=3244 4524 11728 3789 4263 2051 3916 2433 2353 6118 2359 73226 10285 3657 3490 2356 2776 2579 2591 3249 6229 2374 4038 35779 4278 6792 2165 164703 5572 11691 5924
leaf_count=3244 4524 11728 3789 4263 2051 3916 2433 2353 6118 2359 73226 10285 3657 3490 2356 2776 2579 2591 3249 6229 2374 4038 35779 4278 6792 2165 164703 5572 11691 5924
internal_value=0.000114165 0.000638156 0.000358272 -0.000728355 0.000852867 -0.000222854 7.131e-05 0.000770804 0.00119926 -0.000193138 4.36501e-05 -2.82572e-05 -0.00105274 -0.00180528 -0.00112978 1.68983e-05 -0.00065589 6.61737e-05 -2.53986e-05 8.58869e-05 -0.00237518 5.77366e-05 -0.000268228 -0.00128945 -6.84811e-05 0.000143766 0.000167111 0.000810534 0.00133278 0.000151442
internal_weight=400532 30271 25747 8052 17695 5967 370261 14074 10830 4712 356187 282961 11936 8279 5846 271025 18487 252538 13534 249947 4953 243718 50887 8316 42571 192831 190666 25963 14467 11496
internal_count=400532 30271 25747 8052 17695 5967 370261 14074 10830 4712 356187 282961 11936 8279 5846 271025 18487 252538 13534 249947 4953 243718 50887 8316 42571 192831 190666 25963 14467 11496
cat_boundaries=0 1
cat_threshold=3
is_linear=0
shrinkage=0.08


Tree=163
num_leaves=31
num_cat=14
split_feature=7 37 5 5 5 26 5 7 5 5 38 37 37 5 37 5 25 5 26 29 5 30 30 38 5 5 38 5 5 34
split_gain=1.41116 2.83597 6.23493 3.56713 2.81643 2.59751 2.49356 1.80464 2.70619 1.82969 1.72198 1.56624 1.40707 1.3389 1.30132 1.22213 1.20767 1.17131 1.06132 2.18904 2.03194 1.41893 1.71779 1.03216 1.7168 1.59363 1.02602 1.01955 0.979894 1.08425
threshold=2.5000000000000004 -0.54726409912109364 0 1 2 6.7009706497192392 3 1.5000000000000002 4 5 0.091293334960937514 1.5529937744140627 -1.7931823730468748 6 -0.0057258605957031241 7 6.7359921932220468 8 6.6520636081695566 0.86574172973632824 9 837.81250000000011 176.56250000000003 -0.4845516681671142 10 11 -2.5867490768432613 12 13 -5.6695556640624991
decision_type=2 2 9 9 9 2 9 2 9 9 2 2 2 9 2 9 2 9 2 2 9 2 2 2 9 9 2 9 9 2
left_child=1 2 5 18 11 12 -4 8 14 16 28 -2 -1 -14 -5 -12 -9 -6 19 27 -21 22 -20 25 -25 -8 -11 -3 -10 -30
right_child=4 3 6 7 17 -7 23 9 10 26 15 -13 13 -15 -16 -17 -18 -19 21 20 -22 -23 -24 24 -26 -27 -28 -29 29 -31
leaf_value=-0.037332876750122722 -0.0030627106410311164 0.0016906823802645416 0.0057069008434918389 -0.0022422185536191109 0.0027039718664203451 -0.011418089758055317 -0.010910562478411911 -0.0025466196580227487 0.0053452661875325351 0.020078649363580094 0.019537623579891462 -0.027144423905290239 -0.013153198792415563 -6.4991473040420868e-05 0.0034714145116961038 0.0085233859568041252 0.0059876460249893076 -0.00068177325129870113 0.0027727834606093675 -0.010159531868352653 -0.0033714738933456972 0.0044543350801183055 -0.0028647901169328665 -0.011805994049173421 0.006594492482670882 -0.0010576577640246116 0.0026117903269230812 -0.0027156649323227182 -0.009114929708379009 0.0026942241784675318
leaf_weight=2135 37819 17005 17901 8534 35201 2591 5097 23625 11153 3267 9945 2581 3663 5326 17161 16860 2094 56984 4627 2983 6125 7578 5697 3574 8962 9632 45138 15507 2005 8859
leaf_count=2135 37819 17005 17901 8534 35201 2591 5097 23625 11153 3267 9945 2581 3663 5326 17161 16860 2094 56984 4627 2983 6125 7578 5697 3574 8962 9632 45138 15507 2005 8859
internal_value=8.13635e-05 0.000187288 -0.000302865 0.000325941 -0.000131981 -0.00179541 0.00015102 0.000535473 0.000813504 0.000255969 0.0011631 -0.000688768 -0.00126316 -0.000822758 0.000148552 0.00159388 -0.000289211 0.000112142 -0.000197373 -0.000418929 -0.00151437 0.000317553 -0.000292626 -0.000330584 0.000202774 -0.000784585 0.000545586 -0.000111678 0.000638671 9.70233e-05
internal_weight=399629 267044 58881 208163 132585 13715 45166 148641 74517 74124 48822 40400 11124 8989 25695 26805 25719 92185 59522 41620 9108 17902 10324 27265 12536 14729 48405 32512 22017 10864
internal_count=399629 267044 58881 208163 132585 13715 45166 148641 74517 74124 48822 40400 11124 8989 25695 26805 25719 92185 59522 41620 9108 17902 10324 27265 12536 14729 48405 32512 22017 10864
cat_boundaries=0 32 64 96 128 157 189 218 250 282 314 346 378 410 442
cat_threshold=144 0 0 272 0 0 258560 0 0 4001792 0 0 4259840 0 0 808452096 0 0 83886080 0 0 268435456 16 0 0 1 0 0 144 0 0 768 735 0 0 12352 0 0 131584 0 0 12288 0 0 65536 0 0 25165824 0 0 2214592512 1 0 0 0 0 0 418 0 0 14336 0 0 53760 4 0 0 2752 0 0 3328 0 0 610304 0 0 54525952 0 0 274726912 0 0 134217728 1 0 2684354560 35 0 0 640 0 0 4880 0 0 65536 551 0 0 15552 0 0 0 0 0 49152 0 0 34603008 0 0 25165824 0 0 402653184 2 0 2684354560 0 0 0 194 0 0 13056 0 0 102400 32 0 0 1056 0 0 51200 0 0 1966080 0 0 11010048 0 0 536870912 0 0 268435456 2 0 0 1 0 0 68 0 0 2016 256 0 0 144 0 0 74752 0 0 3162112 0 0 50724864 0 0 201326592 0 0 1073741824 0 0 805306368 44 0 0 28 0 0 32 0 0 74752 144 0 0 0 0 0 0 0 0 2162688 0 0 4259840 0 0 807403520 0 0 0 0 0 0 0 0 0 0 0 0 16 0 0 0 256 0 0 8192 0 0 98304 0 0 4194304 0 0 407896064 0 0 1761607680 0 0 268435456 16 0 0 1 0 0 16 0 0 73984 731 0 0 12288 0 0 131584 0 0 8192 0 0 589824 0 0 8388608 0 0 369098752 0 0 1073741824 20 0 0 38 0 0 2112 0 0 60928 587 0 0 4160 0 0 0 0 0 4096 0 0 0 0 0 0 0 0 67108864 0 0 0 0 0 0 0 0 0 4096 0 0 16896 8 0 0 32 0 0 0 0 0 8192 0 0 2621440 0 0 33554432 0 0 1610612736 0 0 1073741824 32 0 0 0 0 0 3072 0 0 1024 320 0 0 512 0 0 1024 0 0 131072 0 0 25427968 0 0 138412032 0 0 33554432 1 0 0 6 0 0 4 0 0 64 0 0 18432 525 0 0 4160 0 0 131584 0 0 0 0 0 0 0 0 25165824 0 0 2214592512 0 0 0 0 0 0 0 0 0 12288 0 0 33280 256 0 0 2064 0 0 75008 0 0 0 0 0 22020096 0 0 103809024 0 0 587202560 0 0 2415919104 32 0 0 520 0 0 16 0 0 3328
is_linear=0
shrinkage=0.08


Tree=164
num_leaves=31
num_cat=11
split_feature=45 44 19 41 25 5 5 43 25 34 5 27 5 5 41 38 34 33 16 5 45 5 43 5 27 5 5 5 45 41
split_gain=1.66302 2.49906 2.21247 1.7886 1.25172 5.07795 2.19891 2.0947 1.80921 1.66011 4.13136 2.31669 5.83001 1.9787 2.61047 3.39145 1.65135 1.60683 3.42176 2.97844 1.44609 1.95437 1.56954 1.5386 1.80832 1.41605 1.34985 1.30033 1.29192 1.33012
threshold=32.244066238403327 32.285491943359382 1.3216753005981448 32.419576644897468 7.0917656421661386 0 1 28.803215980529789 9.4159884452819842 -6.1772155761718741 2 1008.2897033691407 3 4 28.106838226318363 -0.079563140869140611 -2.2723083496093746 14.178624153137209 1.5603885650634768 5 27.298180580139164 6 26.028437614440922 7 1009.8577270507814 8 9 10 24.999158859252933 23.842046737670902
decision_type=2 2 2 2 2 9 9 2 2 2 9 2 9 9 2 2 2 2 10 9 2 9 2 9 2 9 9 9 2 2
left_child=1 4 -2 -4 6 8 -1 26 16 10 17 12 -11 -13 20 -16 -6 25 19 -19 22 -22 28 -24 -25 -8 -7 -14 29 -15
right_child=2 -3 3 -5 5 7 9 -9 -10 11 -12 13 27 14 15 -17 -18 18 -20 -21 21 -23 23 24 -26 -27 -28 -29 -30 -31
leaf_value=-0.001158840426599688 0.047285377558511366 -0.030293900634865981 0.025730793734307072 -0.029220073843592775 -0.0079486336893074775 0.00051450087133375882 -0.010465558220094996 0.014176350907404092 0.0012355014576716603 -0.0039901957629155044 0.0032980559983450163 0.0028976276931575768 0.019677132547116113 0.0010371567552869391 0.0003327731220862508 -0.017194953809971131 -0.00066818389705668364 -0.003840633403769049 -0.0040380994763681358 -0.032659743391031601 0.0072223627324203956 -0.0029288157518165604 -0.0073351843193731102 -0.0089830686784427589 0.00083782380781072805 0.0035172658983952847 0.0052931396999074606 0.0081085730454489371 0.0077443491752077044 -0.0048826705979477646
leaf_weight=98435 5698 2401 2962 2371 3694 11226 3092 4284 4738 8674 34205 58828 7214 57226 3969 3587 3104 2127 6258 3604 9364 4685 2615 2289 7205 4817 11904 17161 5674 6586
leaf_count=98435 5698 2401 2962 2371 3694 11226 3092 4284 4738 8674 34205 58828 7214 57226 3969 3587 3104 2127 6258 3604 9364 4685 2615 2289 7205 4817 11904 17161 5674 6586
internal_value=0.000108168 8.06837e-05 0.00107635 -9.50776e-05 9.66954e-05 0.000526694 4.85006e-05 0.0011189 -0.000880581 0.00017496 -0.000217101 0.000283709 0.000894038 0.000159173 -5.19278e-05 -0.00148242 -0.0017168 -0.00113305 -0.00171714 -0.00312768 6.12208e-05 0.000810584 -6.78879e-05 -0.000907996 -0.000431364 -0.000248011 0.000817632 0.00152736 7.86233e-05 -2.43175e-05
internal_weight=399997 388966 11031 5333 386565 38950 347615 27414 11536 249180 54103 195077 33049 162028 103200 7556 6798 19898 11989 5731 95644 14049 81595 12109 9494 7909 23130 24375 69486 63812
internal_count=399997 388966 11031 5333 386565 38950 347615 27414 11536 249180 54103 195077 33049 162028 103200 7556 6798 19898 11989 5731 95644 14049 81595 12109 9494 7909 23130 24375 69486 63812
cat_boundaries=0 32 64 96 122 154 186 206 232 264 280 302
cat_threshold=520 0 0 32 0 0 50944 0 0 786432 0 0 8388608 0 0 134217728 0 0 0 0 0 0 0 0 0 97 0 0 3584 0 0 65536 499 0 0 11856 0 0 4096 0 0 1208320 0 0 34144256 0 0 318767104 0 0 0 0 0 0 8 0 0 536 0 0 256 0 0 81920 0 0 0 128 0 0 9984 0 0 2162688 0 0 32899072 0 0 619708416 0 0 234881024 0 0 2415919104 33 0 0 4 0 0 512 0 0 41216 0 0 0 4384 0 0 9984 0 0 2097152 0 0 131072 0 0 0 0 0 805306368 3 0 536870912 32 0 0 2 0 0 0 288 0 0 9984 0 0 2883584 0 0 3538944 0 0 81788928 0 0 100663296 0 0 2684354560 33 0 0 64 0 0 1536 0 0 47872 0 0 0 0 0 0 8192 0 0 0 0 0 10485760 0 0 9437184 0 0 134217728 0 0 268435456 0 0 0 4 0 0 512 0 0 256 520 0 0 4224 0 0 180224 0 0 0 0 0 12582912 0 0 672137216 0 0 419430400 1 0 0 0 0 0 0 180224 0 0 0 0 0 0 0 0 0 0 0 3221225472 0 0 0 0 0 0 5 0 0 0 0 0 0 9216 0 0 0 0 0 7340032 0 0 75497472 0 0 134217728 0 0 0 0 0 0 4 0 0 0 0 0 40960 135 0 0 5568 0 0 204800 0 0 4096 0 0 65536 0 0 1048576 4 0 0 0 0 0 49152 0 0 32768 0 0 4194304 0 0 541065216 0 0 251658240 0 0 1073741824
is_linear=0
shrinkage=0.08


Tree=165
num_leaves=31
num_cat=10
split_feature=5 16 27 5 34 5 5 28 5 5 30 5 5 14 12 29 22 16 0 43 18 0 30 30 5 26 38 42 33 5
split_gain=0.984494 2.08537 1.12988 3.62495 2.79646 2.14023 1.76851 2.28777 3.06144 1.75041 1.63399 3.93051 2.07718 1.51903 2.01879 1.286 1.2171 1.15162 1.13125 1.07587 1.02294 1.51036 1.48378 1.71413 1.01407 1.00709 0.993041 0.976132 1.10636 2.6081
threshold=0 5.2229049205780038 1007.9593811035157 1 -7.5220642089843741 2 3 1007.4584350585939 4 5 1041.9375000000002 6 7 1.1193783879280093 1.0567013621330263 0.98585128784179699 0.31614303588867193 2.3413137197494511 35.750000000000007 -16.540018081665036 0.42212666571140295 11.250000000000002 412.93750000000006 1668.8125000000002 8 7.9123651981353769 0.10231590270996095 27.750976562500004 19.990847587585453 9
decision_type=9 8 2 9 2 9 9 2 9 9 2 9 9 2 2 2 2 10 2 2 2 2 2 2 9 2 2 2 2 9
left_child=1 -1 3 10 5 17 7 8 -4 -6 12 -12 -2 -7 -15 20 -11 -5 19 -8 21 -9 27 -24 -10 -13 -26 28 -22 -30
right_child=2 -3 6 4 9 13 18 15 24 16 11 25 -14 14 -16 -17 -18 -19 -20 -21 22 -23 23 -25 26 -27 -28 -29 29 -31
leaf_value=-0.00016915782157477497 -0.012304740870793213 -0.021859816344575008 0.0030650724475737592 0.013206844059031934 0.000213954697365872 0.0065216675475638199 0.03718932413668332 -0.0092331736350179435 -0.021138636073741498 0.015851004455629827 -0.037051422361654505 -0.003669207046335215 0.0029388163247888255 -0.022766922601333572 -0.0012417175524832582 -0.0063581120291408598 0.0061526219367612133 -0.0066141301274825516 -0.0073246062414157606 0.0015647854956120609 -0.0013318569688855993 0.0010568386780989113 0.0056081940570643918 -0.0057173915935347566 -0.010899261724701705 0.0042975084272829827 -0.0018639897907478146 -0.0066518567278932988 0.018138672206216767 -0.0011740539281941311
leaf_weight=106293 3196 2229 3836 6996 7004 2719 2123 2185 3162 9445 2099 4497 17523 3705 6417 3614 22532 2007 10074 113690 26554 2212 12790 2040 2094 2201 2696 2892 3736 6993
leaf_count=106293 3196 2229 3836 6996 7004 2719 2123 2185 3162 9445 2099 4497 17523 3705 6417 3614 22532 2007 10074 113690 26554 2212 12790 2040 2094 2201 2696 2892 3736 6993
internal_value=0.00010105 -0.000104586 0.000177728 0.000412657 0.000765552 4.09995e-05 7.19679e-05 -0.000236074 -0.00125852 0.00117166 -0.000314734 -0.00122766 7.31344e-05 -0.000621724 -0.00107304 -4.46799e-05 0.00142226 0.000985482 0.000255014 0.000325773 4.45702e-05 -0.00112821 0.000138508 0.000822103 -0.00215153 -0.000275082 -0.00140541 -0.000113973 -3.96847e-06 0.000681255
internal_weight=399554 108522 291032 90341 60825 21844 200691 74804 11788 38981 29516 8797 20719 12841 10122 63016 31977 9003 125887 115813 59402 4397 55005 14830 7952 6698 4790 40175 37283 10729
internal_count=399554 108522 291032 90341 60825 21844 200691 74804 11788 38981 29516 8797 20719 12841 10122 63016 31977 9003 125887 115813 59402 4397 55005 14830 7952 6698 4790 40175 37283 10729
cat_boundaries=0 32 64 96 122 148 177 199 228 250 272
cat_threshold=13 0 0 13472 0 0 131584 0 0 2363392 0 0 10682368 0 0 0 0 0 0 0 0 0 7 0 0 388 0 0 12448 0 0 117760 0 0 0 64 0 0 13312 0 0 1597440 0 0 34865152 0 0 14680064 0 0 33554432 1 0 536870912 32 0 0 114 0 0 2816 0 0 4096 0 0 0 768 0 0 16640 0 0 0 0 0 16777216 0 0 16777216 0 0 4026531840 2 0 268435456 8 0 0 513 0 0 1104 0 0 8448 208 0 0 2832 0 0 18688 0 0 163840 0 0 4718592 0 0 788529152 0 0 3909091328 2 0 1342177280 8 0 0 513 0 0 0 2304 0 0 16384 0 0 131072 0 0 4718592 0 0 0 0 0 2164260864 0 0 0 8 0 0 512 2 0 0 0 0 0 65536 0 0 0 0 0 16777216 0 0 16777216 0 0 805306368 2 0 268435456 16 0 0 1 0 0 16 0 0 0 64 0 0 0 0 0 16384 0 0 33816576 0 0 6291456 0 0 33554432 0 0 536870912 0 0 0 64 0 0 9216 0 0 0 0 0 1048576 0 0 0 0 0 0 0 0 0 32 0 0 16 0 0 2816 0 0 0 0 0 0 2304 0 0 32768 0 0 0 0 0 234881024 0 0 671088640 0 0 1073741824 192 0 0 16 0 0 2048 0 0 163840 0 0 0 0 0 771751936 0 0 3758096384 2 0 268435456
is_linear=0
shrinkage=0.08


Tree=166
num_leaves=31
num_cat=0
split_feature=45 10 29 21 12 41 35 22 36 27 12 44 10 24 12 10 43 16 18 36 44 43 16 36 14 12 28 14 18 35
split_gain=1.36054 1.98428 1.34368 1.50537 1.30142 2.28009 1.02547 1.17213 1.3739 1.1024 2.00449 1.97337 1.13955 1.08205 2.1618 1.04897 1.41091 1.01685 0.971064 2.18359 1.8269 1.7989 1.47354 1.1046 0.948902 1.50486 0.870623 0.974448 1.39491 0.826307
threshold=29.828354835510257 0.71555233001708995 0.037746429443359382 1.2118253707885744 2.1497370004653935 32.103178024291999 27.011871337890629 4.8136711120605478 14.326572895050051 1007.9593811035157 0.25250928103923803 29.529846191406254 3.178634881973267 29.962844848632816 0.90675422549247753 0.47747993469238287 28.230167388916019 0.60028713941574108 0.43038401007652288 47.935009002685554 27.516734123229984 28.306226730346683 0.50667923688888561 104.28142547607423 1.8705018162727358 1.5582545995712282 1002.0971679687501 2.4249532222747807 1.1376913189888003 0.31900405883789068
decision_type=2 2 2 2 2 2 2 2 2 2 2 2 2 2 2 2 2 10 2 2 2 2 8 2 2 2 2 2 2 2
left_child=6 -2 -3 -4 5 -5 7 9 -9 10 -1 18 15 24 -15 16 -12 -18 19 20 29 22 -22 -20 -10 -26 27 28 -17 -11
right_child=1 2 3 4 -6 -7 -8 8 13 11 12 -13 -14 14 -16 26 17 -19 23 -21 21 -23 -24 -25 25 -27 -28 -29 -30 -31
leaf_value=0.0056070160275210369 0.034238589754416071 0.020707069506998046 0.0096180056126809483 -0.0033838928203520995 0.0074297261574987365 -0.054274455944983188 0.0041768958963609932 -0.0115961922544767 0.00023213823419623641 0.0071131009269928581 -0.0049790880735231151 -0.016999758823610326 -0.024801571581431387 -0.018284425136289025 0.00063056576739170295 0.0043339260693785507 0.005658794539458667 -0.0027650160795831468 0.00046884734107180388 -0.0090410092796250809 -0.0069765366226612283 0.0021955193433220743 -0.00068015914707286122 0.008157948236011861 -0.021843291826330439 0.0025433574931361526 0.0068629549524168599 0.014794605540090662 -0.012777629209375812 0.00071622304858616167
leaf_weight=5238 3682 6177 10393 4660 3197 2053 10128 4446 50433 2017 3977 2702 2137 3090 4087 3359 2734 2642 218482 2033 2990 2825 2106 3020 3970 4477 21475 3384 3673 4662
leaf_count=5238 3682 6177 10393 4660 3197 2053 10128 4446 50433 2017 3977 2702 2137 3090 4087 3359 2734 2642 218482 2033 2990 2825 2106 3020 3970 4477 21475 3384 3673 4662
internal_value=8.8233e-05 0.000604799 0.000362401 4.78512e-05 -0.000657258 -0.00128931 4.61177e-05 2.37688e-05 -0.000268716 9.50164e-05 0.000442452 2.48624e-05 0.000263741 -0.000176972 -0.00110366 0.000357202 -0.000387483 0.000457482 4.92978e-05 -0.000540047 -0.000197125 -0.00101828 -0.00191461 9.35752e-05 -6.38477e-05 -0.000848055 0.000575656 -2.45539e-05 -0.000561204 0.000776798
internal_weight=400249 30162 26480 20303 9910 6713 370087 359959 70503 289456 48619 240837 43381 66057 7177 41244 9353 5376 238135 16633 14600 7921 5096 221502 58880 8447 31891 10416 7032 6679
internal_count=400249 30162 26480 20303 9910 6713 370087 359959 70503 289456 48619 240837 43381 66057 7177 41244 9353 5376 238135 16633 14600 7921 5096 221502 58880 8447 31891 10416 7032 6679
is_linear=0
shrinkage=0.08


Tree=167
num_leaves=31
num_cat=4
split_feature=45 24 7 32 16 6 30 1 29 9 14 32 6 43 39 45 14 10 6 10 32 16 18 10 39 33 41 14 41 24
split_gain=1.5144 1.70339 1.16545 1.03974 1.46347 1.17457 1.00839 1.08007 1.00321 1.96855 2.26872 2.14795 2.82124 2.65362 2.16562 2.32352 2.2165 1.81126 1.90037 1.8067 1.81948 1.77144 2.66492 1.75015 1.77748 1.69826 1.5509 2.13676 1.9577 1.55293
threshold=32.244066238403327 37.528106689453132 1.5000000000000002 171.58024597167972 0.92711773514747631 0 648.68750000000011 72.250000000000014 0.71465682983398449 1 2.3336970806121831 725.13861083984386 2 26.782923698425297 0.43070347607135778 25.217026710510257 1.5036137104034426 1.1866422295570376 3 3.8770236968994145 1023.0572814941407 1.9570356607437136 2.2018055915832524 1.5415157675743105 1.3552919626235964 18.031295776367191 28.764472007751468 0.53162312507629406 28.375350952148441 33.580108642578132
decision_type=2 2 2 2 10 1 2 2 2 1 2 2 1 2 2 2 2 2 1 2 2 10 2 2 2 2 2 2 2 2
left_child=1 3 -2 4 -1 -6 7 -4 9 26 11 12 13 -11 16 21 -14 -13 -19 20 -10 22 -16 -12 -25 -24 27 28 -5 -28
right_child=2 -3 6 8 5 -7 -8 -9 19 10 23 17 14 -15 15 -17 -18 18 -20 -21 -22 -23 25 24 -26 -27 29 -29 -30 -31
leaf_value=-0.015157913361933293 0.036291458085267035 -0.022682916476475572 0.060979455664554053 -0.00017314465518099368 0.0093051310030926211 -0.0081003324532537939 -0.018403272863359268 -0.00027091948498206953 -0.00031531574892557578 0.027482041426943275 0.014291065095496524 -0.0013945485581463122 -0.02442550191110085 -0.0027243838573845205 -0.00058543380804854258 0.016259367902282627 -0.0056579946959550986 -0.033072226972687448 -0.009670605563463372 -0.038405022362200031 0.0072938862601712095 0.0135723215008302 -0.022420791383053973 -0.006266591044550191 0.0072972791709389456 -0.0065540095553011648 0.0081118379670757218 0.0026792895231784871 -0.010372223276897376 0.00079649906063317501
leaf_weight=2597 3882 2167 2177 22631 10456 10458 2470 2551 136956 7290 8660 5891 2006 6172 6957 4781 2254 2947 3631 2018 8272 2370 3305 11074 11220 2164 11341 93661 2620 5506
leaf_count=2597 3882 2167 2177 22631 10456 10458 2470 2551 136956 7290 8660 5891 2006 6172 6957 4781 2254 2947 3631 2018 8272 2370 3305 11074 11220 2164 11341 93661 2620 5506
internal_value=0.000102523 7.62684e-05 0.00102435 8.88114e-05 -0.000426682 -0.000203785 0.000420644 0.00110426 0.000122143 0.000231714 -8.11473e-05 -0.000415605 -0.000111608 0.000813529 -0.000634279 -0.000278348 -0.00226698 -0.00132414 -0.00223558 -3.89525e-05 -5.83859e-06 -0.00077374 -0.001156 0.00045653 8.14205e-05 -0.00247563 0.000417708 0.000315905 -0.00033712 0.00113591
internal_weight=400485 389405 11080 387238 23511 20914 7198 4728 363727 216481 80722 49768 37299 13462 23837 19577 4260 12469 6578 147246 145228 14796 12426 30954 22294 5469 135759 118912 25251 16847
internal_count=400485 389405 11080 387238 23511 20914 7198 4728 363727 216481 80722 49768 37299 13462 23837 19577 4260 12469 6578 147246 145228 14796 12426 30954 22294 5469 135759 118912 25251 16847
cat_boundaries=0 1 2 3 4
cat_threshold=3 40 6 2
is_linear=0
shrinkage=0.08


Tree=168
num_leaves=31
num_cat=0
split_feature=45 21 23 31 22 17 45 23 41 39 36 10 36 13 23 34 18 16 41 16 0 10 28 22 34 0 43 10 36 22
split_gain=1.37555 1.60873 1.27179 1.0241 1.8264 1.74489 1.13989 3.07901 2.70082 1.90777 2.35865 1.60149 1.45768 1.40217 1.35344 1.19852 1.7723 2.0418 1.66145 2.39073 2.37616 1.46501 1.35408 1.09916 1.24168 1.57139 1.47428 2.94175 1.40561 1.0893
threshold=31.64718055725098 1.1858280301094057 31.684574127197269 80.119049072265639 0.35047531127929693 0.73853343725204479 24.242400169372562 25.643821716308597 23.959451675415043 1.1510136127471926 0.90551379323005687 1.7647715806961062 16.323566436767582 1.6528823375701907 22.346626281738285 -1.5457458496093748 2.1237550973892216 1.181832551956177 27.295952796936039 0.44940890371799475 17.750000000000004 1.049688518047333 1010.6177978515626 2.6192665100097661 2.2923278808593754 16.750000000000004 28.103194236755375 0.29698017239570623 33.865928649902351 10.776042938232424
decision_type=2 2 2 2 2 10 2 2 2 2 2 2 2 2 2 2 2 10 2 8 2 2 2 2 2 2 2 2 2 2
left_child=2 -2 3 4 6 -6 8 -8 12 10 11 15 -1 -14 -10 21 17 18 19 -17 22 -9 -20 24 25 26 27 -5 -29 -7
right_child=1 -3 -4 23 5 29 7 9 14 -11 -12 -13 13 -15 -16 16 -18 -19 20 -21 -22 -23 -24 -25 -26 -27 -28 28 -30 -31
leaf_value=0.001096871761406381 0.031624658277042764 0.0023376550479243929 -0.021070703196734208 -0.0048050932380735685 -0.0044132526118688337 -0.00061765501596104829 0.010086568172939321 0.0037104300073455671 -0.0029833301142825016 0.019372109058834939 0.0024246326401844041 -0.017933869261988533 -0.00018145298282733175 -0.041046740395195964 -0.010673782957879652 -0.0072902777547115384 0.017660903557961627 -0.025428380266373202 -9.448848479152235e-05 -0.0017064837408638672 -0.0090564158275042005 -0.013363401773457904 0.0070951216651634888 0.00025111969671429867 -0.004597499226171268 0.0070999841702541313 0.0045176243311948949 0.0043660224257979384 -0.0023364495147745351 -0.028445497032057464
leaf_weight=72608 5574 8748 2359 3351 15895 45152 11869 6419 3862 6231 33336 3152 2856 2376 3750 2152 2656 2100 5642 7851 2213 2120 3319 91892 4948 25750 8447 6412 5389 2163
leaf_count=72608 5574 8748 2359 3351 15895 45152 11869 6419 3862 6231 33336 3152 2856 2376 3750 2152 2656 2100 5642 7851 2213 2120 3319 91892 4948 25750 8447 6412 5389 2163
internal_value=8.49922e-05 0.000854591 5.64358e-05 6.7837e-05 -3.46271e-05 -0.000403037 9.88301e-05 0.000299091 -0.000109897 0.000114558 -3.38161e-06 -0.000437477 3.08286e-05 -0.00125754 -0.0015471 -0.000279334 -0.000549975 -0.000773479 -0.000536744 -0.00128513 0.000133763 0.000542286 0.000713856 0.000234448 0.000519786 0.000640937 0.000169258 -0.000302862 0.000291593 -0.000159324
internal_weight=400592 14322 386270 383911 237722 63210 174512 89060 85452 77191 70960 37624 77840 5232 7612 34472 25933 23277 21177 10003 11174 8539 8961 146189 54297 49349 23599 15152 11801 47315
internal_count=400592 14322 386270 383911 237722 63210 174512 89060 85452 77191 70960 37624 77840 5232 7612 34472 25933 23277 21177 10003 11174 8539 8961 146189 54297 49349 23599 15152 11801 47315
is_linear=0
shrinkage=0.08


Tree=169
num_leaves=31
num_cat=0
split_feature=39 34 32 27 21 44 14 43 35 7 37 37 34 26 23 34 37 13 31 10 30 0 33 10 17 32 32 41 3 23
split_gain=0.999902 1.75531 1.27229 1.05104 1.77711 1.72677 0.948002 1.78772 1.26764 0.913239 4.3925 2.4913 2.0183 1.88217 1.85269 1.42945 1.375 1.36774 1.38428 2.65 2.78023 1.44794 1.32647 1.50815 1.32429 1.86995 1.25893 1.34271 3.19622 1.48285
threshold=0.17535994946956637 0.71688842773437511 310.09776306152349 1014.0491333007814 0.603532373905182 27.01993560791016 4.2318987846374521 11.577303409576418 0.30755996704101568 1.5000000000000002 -0.62804794311523426 0.60801696777343761 1.3176574707031252 3.007140159606934 28.657581329345707 -5.9209289550781241 -2.5741615295410152 1.8181269168853762 46.573707580566413 1.4517375230789187 0.53125000000000011 27.750000000000004 19.440959930419925 2.0036692619323735 0.76312807202339183 506.67803955078131 883.05871582031261 23.959451675415043 458.22656250000006 21.061828613281254
decision_type=2 2 2 2 2 2 2 2 2 2 2 2 2 2 2 2 2 2 2 2 2 2 2 2 10 2 2 2 2 2
left_child=1 2 -1 4 5 -3 9 8 -8 10 16 17 -13 15 -15 -12 -2 18 19 -11 21 -21 23 -14 25 -18 27 29 -29 -20
right_child=6 3 -4 -5 -6 -7 7 -9 -10 11 13 12 22 14 -16 -17 24 -19 26 20 -22 -23 -24 -25 -26 -27 -28 28 -30 -31
leaf_value=-0.011868862341706697 -0.021103436381082946 -0.0059168738098014616 0.00021967738333823365 0.0012536037608787437 -0.012442736678690914 0.0015854863014128967 0.020072805942924436 -0.021981012674753289 -0.025045531424163891 0.0043589274673926795 0.00072272460389846357 -0.0050947379514437617 -0.008287976932300543 0.00015289183257970732 0.0078911533083591175 0.012361972825086545 0.00077252265216119851 0.00951355970710277 0.0027554339330830117 0.0082760933496195295 -0.042234523965730165 -0.016589650299223928 0.021918853242113633 0.015665531195826976 -8.5781846835390031e-05 -0.0076236107813788326 0.0056055697835284257 0.00054167514588927368 -0.010779097661846329 0.017055112632265969
leaf_weight=2145 2832 2575 49459 2105 2048 2946 4756 2728 3474 5870 6726 42343 4417 37311 12749 27269 2277 27404 23631 2025 2775 2013 3831 3098 16372 3040 10468 76476 7467 7411
leaf_count=2145 2832 2575 49459 2105 2048 2946 4756 2728 3474 5870 6726 42343 4417 37311 12749 27269 2277 27404 23631 2025 2775 2013 3831 3098 16372 3040 10468 76476 7467 7411
internal_value=9.35982e-05 -0.000203759 -1.82895e-05 -0.00119207 -0.00163135 -0.000881576 0.000147391 -0.000584245 4.85447e-06 0.000171865 0.000361594 7.78877e-05 -0.000395612 0.000636412 0.000324346 0.00109572 -0.000580327 0.000231471 0.000129023 -0.000667139 -0.00173941 -0.000397233 0.000551603 -6.64451e-05 -0.000363335 -0.00145898 0.00020956 0.000133049 -3.3209e-05 0.000582507
internal_weight=400041 61278 51604 9674 7569 5521 338763 10958 8230 327805 108576 219229 53689 84055 50060 33995 24521 165540 138136 12683 6813 4038 11346 7515 21689 5317 125453 114985 83943 31042
internal_count=400041 61278 51604 9674 7569 5521 338763 10958 8230 327805 108576 219229 53689 84055 50060 33995 24521 165540 138136 12683 6813 4038 11346 7515 21689 5317 125453 114985 83943 31042
is_linear=0
shrinkage=0.08


end of trees

feature_importances:
region_id=1044
blend_pred=406
now_msl_anom=223
exp_climatology=164
now_rh_pct_mean=153
now_ssrd_MJ=150
now_msl_hPa_mean=135
mae7_climatology=134
season_id=128
now_tcc_mean=127
rmse30_climatology=124
now_cape_max=106
exp_anom_persistence=105
regmae_climatology=100
regmae_anom_persistence=97
now_tp_mm=97
now_t2m_C_mean=97
exp_recent3=90
regmae_persistence=86
now_anomaly=84
now_t2m_C_max=81
now_wind_speed_mean=75
rmse30_recent3=74
now_target_tendency=70
expert_range=67
now_msl_hPa_min=63
now_blh_mean=63
rmse30_anom_persistence=62
now_tp7=62
expert_spread=59
regmae_recent3=57
mae7_recent3=56
mae7_anom_persistence=56
rmse30_persistence=54
lead_days=52
elev_proxy_m=49
mae7_persistence=48
now_wind_speed_max=44
longitude=43
now_tp3=40
latitude=35
exp_persistence=28
is_ocean=21
regime_id=17
lead_bucket_id=14

parameters:
[boosting: gbdt]
[objective: quantile]
[metric: quantile]
[tree_learner: serial]
[device_type: cpu]
[data_sample_strategy: bagging]
[data: ]
[valid: ]
[num_iterations: 600]
[learning_rate: 0.08]
[num_leaves: 31]
[num_threads: 16]
[seed: 42]
[deterministic: 0]
[force_col_wise: 0]
[force_row_wise: 0]
[histogram_pool_size: -1]
[max_depth: -1]
[min_data_in_leaf: 2000]
[min_sum_hessian_in_leaf: 0.001]
[bagging_fraction: 0.8]
[pos_bagging_fraction: 1]
[neg_bagging_fraction: 1]
[bagging_freq: 1]
[bagging_seed: 400]
[bagging_by_query: 0]
[feature_fraction: 0.6]
[feature_fraction_bynode: 1]
[feature_fraction_seed: 30056]
[extra_trees: 0]
[extra_seed: 12879]
[early_stopping_round: 0]
[early_stopping_min_delta: 0]
[first_metric_only: 0]
[max_delta_step: 0]
[lambda_l1: 0]
[lambda_l2: 10]
[linear_lambda: 0]
[min_gain_to_split: 0]
[drop_rate: 0.1]
[max_drop: 50]
[skip_drop: 0.5]
[xgboost_dart_mode: 0]
[uniform_drop: 0]
[drop_seed: 17869]
[top_rate: 0.2]
[other_rate: 0.1]
[min_data_per_group: 100]
[max_cat_threshold: 32]
[cat_l2: 10]
[cat_smooth: 10]
[max_cat_to_onehot: 4]
[top_k: 20]
[monotone_constraints: ]
[monotone_constraints_method: basic]
[monotone_penalty: 0]
[feature_contri: ]
[forcedsplits_filename: ]
[refit_decay_rate: 0.9]
[cegb_tradeoff: 1]
[cegb_penalty_split: 0]
[cegb_penalty_feature_lazy: ]
[cegb_penalty_feature_coupled: ]
[path_smooth: 0]
[interaction_constraints: ]
[verbosity: -1]
[saved_feature_importance_type: 0]
[use_quantized_grad: 0]
[num_grad_quant_bins: 4]
[quant_train_renew_leaf: 0]
[stochastic_rounding: 1]
[linear_tree: 0]
[max_bin: 255]
[max_bin_by_feature: ]
[min_data_in_bin: 3]
[bin_construct_sample_cnt: 200000]
[data_random_seed: 175]
[is_enable_sparse: 1]
[enable_bundle: 1]
[use_missing: 1]
[zero_as_missing: 0]
[feature_pre_filter: 1]
[pre_partition: 0]
[two_round: 0]
[header: 0]
[label_column: ]
[weight_column: ]
[group_column: ]
[ignore_column: ]
[categorical_feature: 5,6,8,9]
[forcedbins_filename: ]
[precise_float_parser: 0]
[parser_config_file: ]
[objective_seed: 16083]
[num_class: 1]
[is_unbalance: 0]
[scale_pos_weight: 1]
[sigmoid: 1]
[boost_from_average: 1]
[reg_sqrt: 0]
[alpha: 0.05]
[fair_c: 1]
[poisson_max_delta_step: 0.7]
[tweedie_variance_power: 1.5]
[lambdarank_truncation_level: 30]
[lambdarank_norm: 1]
[label_gain: ]
[lambdarank_position_bias_regularization: 0]
[eval_at: ]
[multi_error_top_k: 1]
[auc_mu_weights: ]
[num_machines: 1]
[local_listen_port: 12400]
[time_out: 120]
[machine_list_filename: ]
[machines: ]
[gpu_platform_id: -1]
[gpu_device_id: -1]
[gpu_device_id_list: ]
[gpu_use_dp: 0]
[num_gpu: 1]

end of parameters

pandas_categorical:[]
