tree
version=v4
num_class=1
num_tree_per_iteration=1
label_index=0
max_feature_idx=45
objective=quantile
feature_names=latitude longitude is_ocean elev_proxy_m coastal region_id season_id lead_days lead_bucket_id regime_id mae7_climatology mae7_persistence mae7_recent3 mae7_anom_persistence rmse30_climatology rmse30_persistence rmse30_recent3 rmse30_anom_persistence regmae_climatology regmae_persistence regmae_recent3 regmae_anom_persistence now_tp_mm now_t2m_C_mean now_t2m_C_max now_wind_speed_mean now_wind_speed_max now_msl_hPa_mean now_msl_hPa_min now_tcc_mean now_cape_max now_rh_pct_mean now_blh_mean now_ssrd_MJ now_msl_anom now_tp3 now_tp7 now_target_tendency now_anomaly expert_spread expert_range exp_climatology exp_persistence exp_recent3 exp_anom_persistence blend_pred
feature_infos=[7:37] [68:97] [0:1] [0:5388.1943359375] [0:1] -1:208:901:600:206:806:502:7:400:401:501:903:2:106:302:800:602:500:406:701:808:700:404:601:102:307:707:304:907:100:203:505:207:301:708:8:104:402:200:902:300:908:407:702:0:508:703:308:905:105:202:605:403:803:306:5:3:103:802:305:204:504:900:205:1:4:405:507:807:904:608:6:606:408:201:805:108:704:603:705:706:503:906:101:604:801:303:607:107:506:804:409:9:609:709:909:309:509:809:109:209:1001:1008:1004:1002:1000:1006:1003:1007:1005 -1:2:3:1:0 [1:3] -1:1:2 -1:5:4:2:3:0:1 [0.039854321628808975:14.030465126037598] [0.0269339419901371:10.275632858276367] [0.027800967916846275:11.881755828857422] [0.030145373195409775:10.141719818115234] [0.095096953213214874:9.478520393371582] [0.10346969962120056:8.7787113189697266] [0.10686710476875305:8.4840202331542969] [0.10558220744132996:8.6510257720947266] [0.26390203833580017:4.3360905647277832] [0.16303868591785431:4.3472285270690918] [0.18597042560577393:4.3054203987121582] [0.19417853653430939:4.4667496681213379] [0:263.92938232421875] [-35.311538696289062:41.265533447265625] [-30.327835083007812:48.153472900390625] [0.16000412404537201:16.713184356689453] [0.212224081158638:20.085485458374023] [991.29266357421875:1047.8157958984375] [986.6312255859375:1046.9569091796875] [0:1] [0:6924.375] [4.0008754730224609:99.99932861328125] [9.2278718948364258:3571.593017578125] [0.29107201099395752:35.168254852294922] [-31.7266845703125:31.2340087890625] [0:160.36891174316406] [0:594.80096435546875] [-9.8437004089355469:10.400772094726562] [-17.444795608520508:10.95421314239502] [0.0030411905609071255:7.2051887512207031] [0.0077304840087890625:17.787746429443359] [-28.420093536376953:39.064094543457031] [-35.311538696289062:41.265533447265625] [-34.785049438476562:40.588245391845703] [-34.924385070800781:41.755260467529297] [-32.9327392578125:41.053791046142578]
tree_sizes=1105 1442 1973 1902 1873 2278 2874 3168 2990 3268 3005 2999 3448 3203 3390 3007 3002 3434 3004 3034 3257 3574 3529 3472 3644 3420 3066 3521 3019 3546 3581 3061 3066 3020 3082 3592 3586 3858 3074 3623 3739 3080 3928 3724 3067 3876 3787 3054 3087 3838 3070 3973 3814 3683 3079 3739 4017 3095 3081 3072 3934 3086 3095 3858 3816 3083 4184 3888 4137 3099 4206 3869 4042 3086 4185 4098 4009 3102 3115 3116 4014 3095 3832 3840 4046 3906 3130 3789 4264 3109 4130 4037 4156 3870 4082 4031 4470 3916 3114 3108 3762 4006 4301 4142 3127 3075 3100 4282 4012 3126 3690 4323 3848 3806 3609 4083 3099 3088 3969 3080 4027 3917 3107

Tree=0
num_leaves=11
num_cat=0
split_feature=23 23 23 41 41 41 41 41 43 23
split_gain=71190.2 411.057 377.804 76.7369 68.421 62.5077 15.2554 8.18359 2.57037 1.12481
threshold=16.714626312255863 15.125473022460939 17.9022331237793 17.406168937683109 18.768437385559086 18.768437385559086 15.477098464965822 20.299735069274906 19.712667465209964 18.853691101074222
decision_type=2 2 2 2 2 2 2 2 2 2
left_child=1 6 4 -3 -2 -4 -1 8 -7 -9
right_child=2 3 5 -5 -6 7 -8 9 -10 -11
leaf_value=14.783092498779297 16.805064544677734 16.678647308349611 16.911107635498048 16.755604705810548 16.877284393310546 16.945969696044923 16.569174652099608 16.957537994384765 17.063061065673828 17.61348175048828
leaf_weight=92490 2281 2573 3233 2073 2268 2361 2561 2248 2398 285494
leaf_count=92490 2281 2573 3233 2073 2268 2361 2561 2248 2398 285494
internal_value=16.8542 16.7956 16.8736 16.819 16.8507 16.874 16.7945 16.8741 16.8707 16.8741
internal_weight=399980 99697 300283 4646 4549 295734 95051 292501 4759 287742
internal_count=399980 99697 300283 4646 4549 295734 95051 292501 4759 287742
is_linear=0
shrinkage=1


Tree=1
num_leaves=14
num_cat=1
split_feature=23 23 23 41 6 41 41 23 19 41 18 23 43
split_gain=69747.2 619.95 360.846 80.782 73.9873 73.7952 39.6785 15.7849 8.99024 5.2083 4.67138 0.517328 0.0996519
threshold=16.714626312255863 13.834983825683596 18.244308471679691 18.323655128479007 0 16.183845520019535 19.570797920227054 12.326766967773439 1.3121337890625002 21.443408966064457 2.4456361532211308 19.431278228759769 20.252180099487308
decision_type=2 2 2 2 1 2 2 2 2 2 2 2 2
left_child=1 7 3 -2 -3 -6 8 -1 -4 10 12 -11 -8
right_child=2 4 6 -5 5 -7 9 -9 -10 11 -12 -13 -14
leaf_value=-1.9294302368164062 -0.045511730957031205 -0.19015244140625001 0.10943657226562493 0.028802844238281295 -0.15994852294921885 -0.08679965209960934 0.12123640136718762 -0.2599664306640625 0.069216223144531172 0.10225592956542975 0.10729734497070326 0.70794111328125009 0.23595403442382817
leaf_weight=88638 2336 2339 2515 3792 3001 2474 2261 3263 2193 2352 2026 279649 3079
leaf_count=88638 2336 2339 2515 3792 3001 2474 2261 3263 2193 2352 2026 279649 3079
internal_value=0.000141525 -0.057824 0.0193966 0.00018247 -0.0361094 -0.0306788 0.0197969 -0.0596662 0.0124629 0.0199158 0.0176952 0.0199732 0.0189757
internal_weight=399918 99715 300203 6128 7814 5475 294075 91901 4708 289367 7366 282001 5340
internal_count=399918 99715 300203 6128 7814 5475 294075 91901 4708 289367 7366 282001 5340
cat_boundaries=0 1
cat_threshold=8
is_linear=0
shrinkage=0.08


Tree=2
num_leaves=17
num_cat=3
split_feature=23 23 23 43 23 19 15 5 43 5 5 24 19 44 21 23
split_gain=68191.7 690.49 466.915 97.6741 66.615 43.328 25.889 19.4825 18.0849 12.4289 8.4972 5.29633 4.21467 1.77688 1.34072 0.309696
threshold=16.21872711181641 17.528831481933597 10.906162261962892 18.871397972106937 14.49696731567383 1.264353930950165 1.7826693058013918 0 20.791519165039066 1 2 25.084197998046879 1.0911421775817873 9.6748151779174822 2.285845279693604 21.061828613281254
decision_type=2 2 2 2 2 2 10 9 2 9 9 2 2 2 2 2
left_child=2 7 13 9 6 -6 12 -2 10 -3 -5 -12 -4 -1 15 -10
right_child=1 3 4 8 5 -7 -8 -9 14 -11 11 -13 -14 -15 -16 -17
leaf_value=-1.8253858764648436 -0.0596764610595703 0.064902623229980499 -0.20650647583007811 0.11152261608886718 -0.13602328076171874 -0.14014113122558591 -0.2474726440429687 -0.022806542724609358 0.15911862939453131 0.032840862426757836 0.060008709472656109 0.09938589929199225 -0.2063433559570311 -0.31205518798828125 0.41273328393554692 0.65554837792968756
leaf_weight=82323 2492 3292 2644 6744 2671 2004 2205 2110 2638 3080 2090 2044 3088 3139 2106 275171
leaf_count=82323 2492 3292 2644 6744 2671 2004 2205 2110 2638 3080 2090 2044 3088 3139 2106 275171
internal_value=0.000299962 0.0191346 -0.057649 0.0196109 -0.0432008 -0.0354365 -0.0477237 -0.0115958 0.0198257 0.00979003 0.0165724 0.0134714 -0.0506862 -0.0597758 0.0199516 0.0199693
internal_weight=399841 301767 98074 297165 12612 4675 7937 4602 290793 6372 10878 4134 5732 85462 279915 277809
internal_count=399841 301767 98074 297165 12612 4675 7937 4602 290793 6372 10878 4134 5732 85462 279915 277809
cat_boundaries=0 32 64 93
cat_threshold=0 0 0 0 0 0 0 0 0 0 0 0 0 0 0 385875968 0 0 1610612736 1 0 0 49 0 0 15 0 0 4592 0 0 73984 0 0 0 0 0 0 0 0 0 0 0 0 54001664 0 0 762314752 0 0 2617245696 1 0 4026531840 1 0 0 8 0 0 0 0 0 4096 0 0 0 64 0 0 0 0 0 32768 0 0 54263808 0 0 997195776 0 0 2197815296 3 0 1879048192 17 0 0 10 0 0 16
is_linear=0
shrinkage=0.08


Tree=3
num_leaves=19
num_cat=1
split_feature=42 42 41 6 41 41 24 24 15 42 42 42 18 18 3 41 14 43
split_gain=66931.1 614.992 612.865 95.7539 86.5963 81.8324 57.4007 40.0416 23.6235 20.0853 18.0242 4.44812 4.27611 2.77532 2.55345 2.23536 1.78982 0.72402
threshold=16.21872711181641 17.9022331237793 10.541378021240236 0 17.865936279296879 19.570797920227054 19.751770019531254 14.779327392578127 1.6686051487922671 20.514694213867191 19.147075653076175 8.2283630371093768 2.9158852100372319 1.8930761218070986 4146.9572753906259 21.885763168334964 2.4438469409942631 21.323054313659672
decision_type=2 2 2 1 2 2 2 2 10 2 2 2 2 2 2 2 2 2
left_child=2 4 7 -4 -2 10 8 11 -5 13 -3 -1 17 -7 -9 -15 -17 -11
right_child=1 5 3 6 -6 9 -8 14 -10 12 -12 -13 -14 15 -16 16 -18 -19
leaf_value=-1.7210768081054688 -0.07783121339843746 0.023616107325439516 -0.21130636208984371 -0.15014824880859379 0.0049724973974609558 0.11533830360961915 -0.10568106091796868 -0.25926113741943357 -0.17728406665039059 0.15736524662109388 0.12185872886230463 -0.27761539453124995 0.2920764895068359 0.073975209954834045 -0.26088299707031243 0.064932843056640766 0.098433209267578259 0.60632716394531261
leaf_weight=77259 2369 2518 3489 3997 3715 2564 2328 2012 2012 4160 2870 5184 2408 2802 2016 2250 2160 273504
leaf_count=77259 2369 2518 3489 3997 3715 2564 2328 2012 2012 4160 2870 5184 2408 2802 2016 2250 2160 273504
internal_value=0.000403026 0.019103 -0.0569162 -0.0397668 -0.00606498 0.0196219 -0.0348331 -0.0592567 -0.0390331 0.0198036 0.00982586 -0.059656 0.0199293 0.0161864 -0.0509559 0.0153088 0.0164977 0.0199598
internal_weight=399617 301320 98297 11826 6084 295236 8337 86471 6009 289848 5388 82443 280072 9776 4028 7212 4410 277664
internal_count=399617 301320 98297 11826 6084 295236 8337 86471 6009 289848 5388 82443 280072 9776 4028 7212 4410 277664
cat_boundaries=0 1
cat_threshold=8
is_linear=0
shrinkage=0.08


Tree=4
num_leaves=19
num_cat=0
split_feature=45 45 45 45 45 45 45 20 36 12 21 42 38 45 20 45 3 45
split_gain=65873.6 668.531 541.165 85.1032 62.008 61.9146 36.7319 24.4115 23.3508 13.2317 12.3604 9.41522 7.92546 5.18025 6.14168 3.73413 2.48678 0.75665
threshold=16.434700012207035 10.755770206451418 18.199746131896976 7.2156240940094003 21.059271812438968 17.399168014526371 13.963983535766603 1.2756935358047488 3.7808418273925786 0.98399406671524059 1.38381564617157 8.2283630371093768 -0.89084339141845692 22.52426910400391 1.717895030975342 19.139172554016117 4063.473022460938 19.952752113342289
decision_type=2 2 2 2 2 2 2 2 2 2 2 2 2 2 2 2 2 2
left_child=1 3 5 -1 10 -2 7 -3 9 -8 15 -5 -12 14 -6 -4 -13 -17
right_child=2 6 4 11 13 -7 8 -9 -10 -11 12 16 -14 -15 -16 17 -18 -19
leaf_value=-1.5976747210742186 -0.038537115253515428 -0.16987147348398438 0.058614806520312472 -0.1861056597949218 0.14740615710625007 0.012741558648144604 -0.1411631886304687 -0.18425478281015628 -0.10118455921796887 -0.1361723118453125 0.07473261486992186 -0.24328530115234373 0.06039599297683125 0.56316522911093758 0.13932670208496092 0.081863957478808799 -0.25155922693359373 0.1152685220312501
leaf_weight=74693 3069 2663 2905 3170 7489 3099 2119 3665 2011 2078 3037 2989 2948 270134 2032 2835 4910 4066
leaf_count=74693 3069 2663 2905 3170 7489 3099 2119 3665 2011 2078 3037 2989 2948 270134 2032 2835 4910 4066
internal_value=0.000611519 -0.0562595 0.0191474 -0.0587861 0.019637 -0.00429913 -0.0389415 -0.0433323 -0.0344033 -0.037875 0.014737 -0.0520318 0.0118265 0.0199132 0.0179729 0.0164996 -0.0537641 0.0175517
internal_weight=399912 98298 301614 85762 295446 6168 12536 6328 6208 4197 15791 11069 5985 279655 9521 9806 7899 6901
internal_count=399912 98298 301614 85762 295446 6168 12536 6328 6208 4197 15791 11069 5985 279655 9521 9806 7899 6901
is_linear=0
shrinkage=0.08


Tree=5
num_leaves=22
num_cat=2
split_feature=45 45 45 45 17 45 6 45 38 38 16 5 38 16 45 45 45 20 13 20 42
split_gain=63218.5 864.677 525.587 172.749 83.6446 70.8543 66.7968 51.3294 29.7741 18.3613 19.5267 15.3688 9.91395 8.75462 8.01655 7.29804 4.24367 6.9742 1.30474 1.07122 1.05141
threshold=16.434700012207035 5.9970154762268075 18.199746131896976 11.455700874328615 1.7653239369392397 21.599944114685062 0 17.399168014526371 0.84256267547607433 0.34406661987304693 1.2326489090919497 1 -1.0362234115600584 1.4310141801834109 5.2022025585174569 19.697567939758304 23.29136943817139 1.6966602206230166 1.0443062186241152 1.3481741547584536 8.2283630371093768
decision_type=2 2 2 2 10 2 1 2 2 2 10 9 2 10 2 2 2 2 2 2 2
left_child=1 14 7 4 13 11 -5 -2 -6 10 -8 12 -4 20 -1 18 17 -7 -13 -17 -3
right_child=2 3 5 6 8 16 9 -9 -10 -11 -12 15 -14 -15 -16 19 -18 -19 -20 -21 -22
leaf_value=-1.5342207897750002 -0.035994467275031285 -0.15084412961874991 0.066880335810894573 -0.16859227413065625 -0.17922241436991398 0.16476484281331266 -0.11112419824233584 0.011176305914154342 -0.25266137146572254 -0.14272618134979695 -0.089651881300031142 0.065206020060210784 0.054805635341017622 -0.18954042169394519 -0.23600698362265618 0.10284468945019541 0.52551069242268766 0.14362581187286722 0.055815892444195256 0.11154589996816747 -0.20725489844701561
leaf_weight=66707 3050 3158 3437 3069 2741 10029 2020 3127 3379 3494 2293 2821 2850 4208 3213 5843 264217 2527 2016 2038 3776
leaf_count=66707 3050 3158 3437 3069 2741 10029 2020 3127 3379 3494 2293 2821 2850 4208 3213 5843 264217 2527 2016 2038 3776
internal_value=0.000973994 -0.0548317 0.0190978 -0.0429544 -0.0479551 0.0195801 -0.0349807 -0.00399224 -0.040261 -0.0307883 -0.0271617 0.0148357 0.0114761 -0.0521413 -0.0596047 0.0164641 0.0199053 0.018367 0.0139509 0.0180079 -0.0542224
internal_weight=400013 98058 301955 28138 17262 295778 10876 6177 6120 7807 4313 19005 6287 11142 69920 12718 276773 12556 4837 7881 6934
internal_count=400013 98058 301955 28138 17262 295778 10876 6177 6120 7807 4313 19005 6287 11142 69920 12718 276773 12556 4837 7881 6934
cat_boundaries=0 1 33
cat_threshold=8 16 0 0 128 0 0 1024 0 0 2293760 0 0 131072 0 0 125829120 0 0 1543503872 0 0 0 0 0 0 6 0 0 12640 0 0 80128
is_linear=0
shrinkage=0.08


Tree=6
num_leaves=27
num_cat=4
split_feature=45 45 45 45 15 45 45 6 33 38 5 5 5 45 45 38 21 33 41 20 16 45 38 45 20 21
split_gain=60771.5 1077.52 520.659 233.466 104.275 65.371 64.6261 56.5835 28.5297 30.5938 20.3737 17.6303 15.9875 14.9883 10.8273 9.92972 7.68795 8.26859 5.11019 7.4193 4.80042 2.71248 1.43491 0.801007 0.549275 0.446447
threshold=16.434700012207035 4.3717133998870858 18.531413078308109 11.455700874328615 1.5528079867362978 22.079897880554203 17.399168014526371 0 23.643839836120609 1.4470067024230959 1 2 3 13.963983535766603 3.5407916307449345 -0.41688060760498041 1.3614609241485598 18.131903648376468 23.597916603088382 1.7280134558677676 1.3671861290931704 19.697567939758304 -0.32696914672851557 20.237113952636722 1.3297395110130312 0.96740761399269115
decision_type=2 2 2 2 10 2 2 1 2 2 9 9 9 2 2 2 2 2 2 2 8 2 2 2 2 2
left_child=1 14 6 4 20 12 -2 -5 15 -10 -9 -8 21 -12 -1 -6 23 -18 19 24 22 -4 -3 -14 -7 -23
right_child=2 3 5 7 8 18 11 10 9 -11 13 -13 16 -15 -16 -17 17 -19 -20 -21 -22 25 -24 -25 -26 -27
leaf_value=-1.4625906095031562 -0.032984316949278711 -0.1471997133484631 0.067315932167261255 -0.15571362447395359 -0.19277564326603183 0.20166178038824767 0.029432137915910064 -0.13739756965798819 -0.15860509055451588 -0.22555627430120304 -0.118532030381581 -0.0036505111401794466 0.060945216484980164 -0.085575565399625755 -0.24912198157346865 -0.21433061798782416 0.037979752642134844 0.09944833722390016 0.48701109679449761 0.17470985708400633 -0.17997619031370302 0.10830446415643508 -0.17769781104377003 0.11086642989056827 0.20660511282931793 0.097810455405300312
leaf_weight=60607 3033 2027 2771 3091 2289 8570 2451 2093 2035 2309 2616 2231 2261 3111 3178 4758 2640 2811 259906 2476 4331 3181 5873 2039 2498 4756
leaf_count=60607 3033 2027 2771 3091 2289 8570 2451 2093 2035 2309 2616 2231 2261 3111 3178 4758 2640 2811 259906 2476 4331 3181 5873 2039 2498 4756
internal_value=0.00122525 -0.0533923 0.0190297 -0.041983 -0.0464675 0.0195682 -0.0014835 -0.0322406 -0.0408543 -0.0354984 -0.0283776 0.0044075 0.0151869 -0.0256168 -0.0595617 -0.0441009 0.0127459 0.0107196 0.0198954 0.0182913 -0.0516575 0.0173676 -0.0532187 0.0153132 0.0191948 0.018183
internal_weight=399942 98318 301624 34533 23622 293909 7715 10911 11391 4344 7820 4682 20459 5727 63785 7047 9751 5451 273450 13544 12231 10708 7900 4300 11068 7937
internal_count=399942 98318 301624 34533 23622 293909 7715 10911 11391 4344 7820 4682 20459 5727 63785 7047 9751 5451 273450 13544 12231 10708 7900 4300 11068 7937
cat_boundaries=0 1 33 59 88
cat_threshold=8 0 0 0 0 0 0 0 0 0 0 0 0 0 0 0 0 0 0 469762048 0 0 1610612736 24 0 0 562 0 0 12352 0 0 512 0 0 0 0 0 0 0 0 0 0 0 0 54263808 0 0 542113792 0 0 3422552064 1 0 4026531840 35 0 0 10 0 0 0 192 0 0 3072 0 0 49152 0 0 58589184 0 0 808452096 0 0 2197815296 3 0 805306368 49 0 0 8 0 0 8208
is_linear=0
shrinkage=0.08


Tree=7
num_leaves=31
num_cat=3
split_feature=23 23 23 41 16 6 41 43 23 23 41 23 5 38 16 41 19 14 7 18 41 16 43 38 41 41 31 5 18 41
split_gain=57902.3 1301.22 531.73 278.705 102.732 95.417 91.6593 90.7112 84.9235 24.8795 24.8053 22.8923 19.9006 16.8696 14.6795 13.3311 16.1051 9.79774 9.48013 10.389 7.82659 6.54522 5.73083 2.44316 2.28749 1.11735 0.916798 0.730981 0.476873 0.109266
threshold=16.21872711181641 4.8525466918945321 18.5523796081543 11.528477668762209 1.6222724318504336 0 18.323655128479007 22.083118438720707 2.1327857971191411 17.528831481933597 7.2054853439331064 14.49696731567383 1 2.7336778640747075 2.2752467393875127 23.078572273254398 1.474335849285126 2.4249532222747807 1.5000000000000002 2.4272553920745854 4.5745031833648691 1.1509218215942385 19.436133384704593 0.58960247039794933 2.5562857389450078 24.202914237976078 66.530151367187514 2 1.9753450751304629 2.0831081867218022
decision_type=2 2 2 2 10 1 2 2 2 2 2 2 9 2 10 2 2 2 2 2 2 10 2 2 2 2 2 9 2 2
left_child=1 8 6 4 21 -5 -2 12 24 -8 13 -7 22 17 -12 16 26 -6 -14 -20 29 -3 -4 -23 -1 28 -9 -24 -17 -10
right_child=2 3 7 5 10 11 9 15 20 -11 14 -13 18 -15 -16 25 -18 -19 19 -21 -22 23 27 -25 -26 -27 -28 -29 -30 -31
leaf_value=-1.4102195912116537 -0.04315949564258631 -0.15604752595792998 0.060287510333297829 -0.14615382583256073 -0.19064300858200361 -0.10440969052824273 -0.00058430504304347159 0.16341191530042665 -0.2796122914069662 0.040599914270047749 -0.15841001651432693 -0.068144215334351943 0.084881241243308383 -0.22224380784920172 -0.1856259691564548 0.18224454498843784 0.093125636088804531 -0.1590674999078803 0.084938534878701968 0.034421434421107906 -0.20069187800221644 -0.14277725108691997 0.092383314247448431 -0.17561183014284132 -0.38546556289134115 0.45489652252750035 0.171821562566563 0.09862346823246583 0.24712062777998242 -0.21787538955149743
leaf_weight=53277 3651 4779 2439 3102 2044 3961 2188 2494 3153 3372 2621 3105 2866 2724 2419 5414 2015 2005 2666 3266 2464 2465 3457 3890 2357 253129 4316 5739 5091 3768
leaf_count=53277 3651 4779 2439 3102 2044 3961 2188 2494 3153 3372 2621 3105 2866 2724 2419 5414 2015 2005 2666 3266 2464 2465 3457 3890 2357 253129 4316 5739 5091 3768
internal_value=0.00151172 -0.0518736 0.0188543 -0.0389416 -0.0438359 -0.027864 -7.15758e-05 0.0194495 -0.058453 0.00639138 -0.0385469 -0.0225515 0.0142924 -0.0418193 -0.0340752 0.0198357 0.0167085 -0.0382311 0.0113359 0.00949175 -0.0511911 -0.0494078 0.0164925 -0.047249 -0.0596686 0.0199398 0.0185748 0.0174408 0.0189311 -0.052838
internal_weight=400237 98134 302103 33115 22947 10168 9211 292892 65019 5560 11813 7066 20433 6773 5040 272459 8825 4049 8798 5932 9385 11134 11635 6355 55634 263634 6810 9196 10505 6921
internal_count=400237 98134 302103 33115 22947 10168 9211 292892 65019 5560 11813 7066 20433 6773 5040 272459 8825 4049 8798 5932 9385 11134 11635 6355 55634 263634 6810 9196 10505 6921
cat_boundaries=0 1 30 56
cat_threshold=8 16 0 0 64 0 0 3072 0 0 2146304 0 0 54394880 0 0 808452096 0 0 2197815296 3 0 2952790016 19 0 0 12 0 0 16 16 0 0 64 0 0 0 0 0 2097152 0 0 1048576 0 0 270532608 0 0 2147483648 0 0 2684354560 19 0 0 12
is_linear=0
shrinkage=0.08


Tree=8
num_leaves=31
num_cat=0
split_feature=45 45 45 45 45 17 45 45 23 41 45 45 16 18 45 23 15 21 29 21 40 45 20 29 45 17 45 16 45 0
split_gain=55947.1 1383.4 689.206 207.899 112.943 103.43 74.1514 52.3773 63.5893 48.3339 38.3438 28.219 20.945 19.0455 15.9151 33.1309 15.6024 13.1467 8.62489 8.62275 9.09932 8.45032 9.98732 5.93796 5.23382 3.04571 1.73378 1.1316 0.550623 0.540791
threshold=15.922363281250002 2.6212915182113652 18.531413078308109 10.755770206451418 22.735630035400394 1.5432783961296084 17.399168014526371 5.9970154762268075 8.2283630371093768 15.477098464965822 13.209395408630373 0.56275889277458202 2.6081969738006596 2.3379489183425908 6.396303892135621 8.2283630371093768 1.5065944790840151 1.2118253707885744 0.11542510986328126 1.1182888746261599 3.4532752037048344 24.375152587890629 1.3481741547584536 0.067020416259765639 19.697567939758304 1.2200297117233279 4.3717133998870858 1.2222947478294375 1.627222537994385 26.750000000000004
decision_type=2 2 2 2 2 10 2 2 2 2 2 2 10 2 2 2 10 2 2 2 2 2 2 2 2 10 2 8 2 2
left_child=1 11 6 5 13 14 18 12 -9 10 16 -1 26 24 -3 -16 -5 -8 -2 -15 23 22 -6 -21 -4 -26 -7 -17 -13 -27
right_child=2 3 4 9 21 7 17 8 -10 -11 -12 28 -14 19 15 27 -18 -19 -20 20 -22 -23 -24 -25 25 29 -28 -29 -30 -31
leaf_value=-1.3145184179576901 -0.043874356491304417 -0.1650385590709714 0.063188284467738068 -0.10429702554465617 0.14299698822530019 -0.21322947703972139 0.024861182739415285 -0.1202665036427376 -0.21116793870189657 -0.14122501002216697 -0.079519139126362867 -0.29398115599479951 -0.21198208579552003 0.064605055488694066 -0.10985521756144806 -0.16946306369300898 -0.12584424002491992 0.00057757063581746597 -0.027582448131986438 0.048518746444382331 0.07503643404523104 0.4206733798268627 0.13854208901282702 0.030783670611547791 0.099035751984489342 0.07145805042200877 -0.17787081751777259 -0.16761968604062541 -0.24542314818229949 0.12597781178885128
leaf_weight=50985 2056 5517 3173 2350 11567 2669 2231 3436 3774 3178 3464 3136 2650 2993 3422 2133 2014 2495 2425 2458 2879 252687 3989 2025 6267 3259 2492 2152 3146 2230
leaf_count=50985 2056 5517 3173 2350 11567 2669 2231 3436 3774 3178 3464 3136 2650 2993 3422 2133 2014 2495 2425 2458 2879 252687 3989 2025 6267 3259 2492 2152 3146 2230
internal_value=0.00179972 -0.0512345 0.0187093 -0.0396449 0.0193853 -0.0432907 -0.0028404 -0.0386707 -0.0336233 -0.0302578 -0.0268028 -0.0591696 -0.0432809 0.0142611 -0.0485054 -0.045865 -0.0318244 0.00414696 -0.0102026 0.0115986 0.0100977 0.0198677 0.0179931 0.00781215 0.0160988 0.0168961 -0.0463933 -0.0507148 -0.0536364 0.0154101
internal_weight=399252 96518 302734 39251 293527 28245 9207 15021 7210 11006 7828 57267 7811 25284 13224 7707 4364 4726 4481 10355 7362 268243 15556 4483 14929 11756 5161 4285 6282 5489
internal_count=399252 96518 302734 39251 293527 28245 9207 15021 7210 11006 7828 57267 7811 25284 13224 7707 4364 4726 4481 10355 7362 268243 15556 4483 14929 11756 5161 4285 6282 5489
is_linear=0
shrinkage=0.08


Tree=9
num_leaves=31
num_cat=4
split_feature=45 45 45 45 45 33 45 45 6 34 5 29 45 45 5 12 12 5 33 45 45 45 21 21 39 34 45 19 12 19
split_gain=53475.4 1694.9 695.73 208.451 142.758 84.1305 76.5656 63.6742 61.5013 51.4192 32.0325 28.8895 27.7561 40.4044 24.0753 19.4099 17.7642 17.2802 12.7418 10.4537 9.78176 8.55098 5.93259 5.56823 8.97251 4.82502 4.10797 4.23341 3.68062 3.19074
threshold=15.922363281250002 2.6212915182113652 18.531413078308109 10.755770206451418 23.466054916381839 23.643839836120609 -0.55015555024147023 16.95029449462891 0 -12.118377685546873 1 0.37452316284179693 5.9970154762268075 7.2156240940094003 2 0.79508045315742504 1.3241404891014101 3 25.920191764831547 19.952752113342289 13.209395408630373 9.0243248939514178 1.2021121978759768 1.1691920161247256 1.0239686369895937 3.5037841796875004 24.516264915466312 1.2923638820648196 1.3767385482788088 1.4206603169441225
decision_type=2 2 2 2 2 2 2 2 1 2 9 2 2 2 9 2 2 9 2 2 2 2 2 2 2 2 2 2 2 2
left_child=1 6 7 5 10 12 -1 -2 -5 -7 23 -11 16 -14 -10 -15 29 -9 -8 25 -16 -17 -21 -4 -25 -12 27 -6 -24 -3
right_child=2 3 4 8 26 9 18 17 14 11 19 -13 13 15 20 21 -18 -19 -20 22 -22 -23 28 24 -26 -27 -28 -29 -30 -31
leaf_value=-1.23841822381795 -0.045468075366239195 -0.1550290029254861 0.059971364760836109 -0.12934739551472832 0.14945700944071377 -0.22558103024011086 -0.24534713238728587 0.01901755697907433 -0.1031378651979022 -0.099215598439708924 0.070868983959931312 -0.14714009425423613 -0.10571400563016869 -0.15244488578506832 -0.1041005836915538 -0.16530378070757384 -0.18128642847909551 -0.010551900349865377 -0.23666376825154367 0.094080016740919772 -0.074281682444769501 -0.14599233650490046 0.10442805439045059 0.032784128909601619 0.065426212469832878 0.0317651548920194 0.38848984635477624 0.14101605672383385 0.077369331356560447 -0.18077331614216868
leaf_weight=48021 3030 2953 2331 2987 9129 2256 7340 3418 2464 2760 2955 3281 3376 2721 2424 2934 3787 2742 2045 11346 3183 2238 3757 3106 3049 2072 251349 2038 2920 2029
leaf_count=48021 3030 2953 2331 2987 9129 2256 7340 3418 2464 2760 2955 3281 3376 2721 2424 2934 3787 2742 2045 11346 3183 2238 3757 3106 3049 2072 251349 2038 2920 2029
internal_value=0.00208158 -0.0496848 0.0186072 -0.0368881 0.0192846 -0.0405327 -0.0584583 -0.00306522 -0.0275208 -0.0336463 0.0141888 -0.029691 -0.0433659 -0.0405834 -0.0237128 -0.0437783 -0.0468914 0.00160778 -0.0516168 0.0157451 -0.0206042 -0.040633 0.0166617 0.00991771 0.00863909 0.0124638 0.0198962 0.0182858 0.0146942 -0.0502644
internal_weight=400041 96799 303242 39393 294052 28335 57406 9190 11058 8297 31536 6041 20038 11269 8071 7893 8769 6160 9385 23050 5607 5172 18023 8486 6155 5027 262516 11167 6677 4982
internal_count=400041 96799 303242 39393 294052 28335 57406 9190 11058 8297 31536 6041 20038 11269 8071 7893 8769 6160 9385 23050 5607 5172 18023 8486 6155 5027 262516 11167 6677 4982
cat_boundaries=0 1 33 65 97
cat_threshold=8 8 0 0 0 0 0 0 0 0 1048576 0 0 2097152 0 0 96468992 0 0 469762048 0 0 1073741824 0 0 0 2 0 0 352 0 0 80128 0 0 0 0 0 0 0 0 0 0 0 0 0 0 0 301989888 0 0 469762048 0 0 1610612736 28 0 0 634 0 0 12288 0 0 66048 0 0 0 0 0 0 0 0 0 0 0 0 53739520 0 0 542113792 0 0 3288334336 3 0 4026531840 3 0 0 10 0 0 4112 0 0 65536
is_linear=0
shrinkage=0.08


Tree=10
num_leaves=31
num_cat=0
split_feature=45 45 45 45 45 45 15 45 41 45 23 41 17 38 14 45 45 38 38 27 36 38 0 10 45 45 14 29 27 45
split_gain=50911.8 1915.49 651.864 187.957 164.384 145.387 102.115 75.1421 48.9298 42.5757 50.555 36.121 30.7783 20.7292 19.5859 16.4733 37.2474 15.5975 14.3581 13.3108 13.2548 14.254 10.29 8.06101 7.72068 7.25792 6.74187 6.62019 5.61751 4.24393
threshold=15.922363281250002 2.6212915182113652 18.849663734436039 10.755770206451418 -1.7242704033851621 23.80170822143555 1.4832207560539248 17.399168014526371 15.477098464965822 5.9970154762268075 8.2283630371093768 12.597339630126955 1.2777395844459536 1.8341054916381838 2.4633164405822758 5.9970154762268075 7.2156240940094003 0.25060367584228521 -2.342814445495605 1013.7031860351564 1.8696785569190981 -1.3967368602752683 27.250000000000004 2.3806107044219975 21.851572036743168 20.528858184814457 3.4786094427108769 1.0000000180025095e-35 1015.0652465820314 24.999158859252933
decision_type=2 2 2 2 2 2 10 2 2 2 2 2 10 2 2 2 2 2 2 2 2 2 2 2 2 2 2 2 2 2
left_child=1 4 7 6 -1 12 15 28 11 14 -11 -5 25 -12 -8 -3 -17 -18 -9 -20 21 27 24 -16 -23 -4 -6 -14 -2 -7
right_child=2 3 5 8 26 29 9 18 -10 10 13 -13 20 -15 23 16 17 -19 19 -21 -22 22 -24 -25 -26 -27 -28 -29 -30 -31
leaf_value=-1.171569878827553 -0.021553862301896203 -0.14033337354273848 0.051853211040349123 -0.10342804984425097 -0.22582406150333423 0.15034339790420659 -0.17204819577067013 0.033787618976765119 -0.12302088813773089 -0.10121710605589072 -0.14366662346428299 -0.062735517782271974 0.044893550562131138 -0.20639592993355435 -0.14827279201468344 -0.08571491070446037 -0.10530754666783271 -0.14835580639882864 0.031551416922801535 -0.0071831543324629623 0.11031329748022969 0.01157350661856448 0.1078964626171063 -0.18780366461426684 0.062281713826668722 0.097461971830114749 -0.24102324595157645 0.085662033745552577 -0.038762978954176859 0.36309242801026137
leaf_weight=44790 2204 4457 4087 3926 10502 14081 3962 2063 3195 3669 2009 3944 3538 2019 2127 2369 2008 3680 2153 2038 4271 2216 2165 2140 2235 12139 2131 2399 2256 245152
leaf_count=44790 2204 4457 4087 3926 10502 14081 3962 2063 3195 3669 2009 3944 3538 2019 2127 2369 2008 3680 2153 2038 4271 2216 2165 2140 2235 12139 2131 2399 2256 245152
internal_value=0.00238924 -0.0480744 0.0185335 -0.0344998 -0.0574057 0.0192439 -0.0379501 -0.000846699 -0.0256054 -0.0336421 -0.0292591 -0.0221574 0.0142371 -0.0354829 -0.0377012 -0.0434015 -0.0410239 -0.0446051 0.00480843 0.00210902 0.0118237 0.0104959 0.00792031 -0.0336918 0.00569827 0.0167307 -0.0492146 0.0133479 -0.00876957 0.0198817
internal_weight=399925 96928 302997 39505 57423 292283 28440 10714 11065 15926 7697 7870 33050 4028 8229 12514 8057 5688 6254 4191 16824 12553 6616 4267 4451 16226 12633 5937 4460 259233
internal_count=399925 96928 302997 39505 57423 292283 28440 10714 11065 15926 7697 7870 33050 4028 8229 12514 8057 5688 6254 4191 16824 12553 6616 4267 4451 16226 12633 5937 4460 259233
is_linear=0
shrinkage=0.08


Tree=11
num_leaves=31
num_cat=0
split_feature=45 45 45 45 45 45 45 45 38 41 23 45 38 45 21 21 45 45 18 38 13 13 22 28 13 32 38 18 0 13
split_gain=48027.2 2179.6 669.681 211.604 202.793 121.226 112.279 70.5463 45.0903 37.0378 35.4662 33.7035 32.7246 29.8656 24.9758 19.4519 19.0999 14.5027 13.2823 16.0417 13.1933 10.8687 10.0656 9.39538 9.04802 6.93813 6.69078 9.67236 12.2459 6.04505
threshold=15.922363281250002 1.627222537994385 19.952752113342289 10.755770206451418 -2.7959265708923335 17.821199417114261 23.953387260437015 4.3717133998870858 -0.54463720321655262 15.477098464965822 8.2283630371093768 8.5431647300720233 0.74190711975097667 6.396303892135621 0.98330283164978038 1.3137056827545168 16.95029449462891 5.2022025585174569 1.8034571409225466 -3.5317459106445308 1.1181027293205263 0.95890486240386974 0.37622451782226568 1014.2765502929689 0.975468009710312 320.85038757324224 -2.1274013519287105 1.8187864422798159 26.750000000000004 1.3105768561363222
decision_type=2 2 2 2 2 2 2 2 2 2 2 2 2 2 2 2 2 2 2 2 2 2 2 2 2 2 2 2 2 2
left_child=1 4 5 7 -1 16 14 20 15 12 13 -12 -5 17 -4 -9 -2 -10 -7 -20 -3 -13 26 25 -15 -21 -16 -28 29 -29
right_child=2 3 6 9 -6 18 -8 8 10 -11 11 21 -14 24 22 -17 -18 -19 19 23 -22 -23 -24 -25 -26 -27 27 28 -30 -31
leaf_value=-1.1103236128621692 -0.040110957032711954 -0.15476680421718855 0.089442272788108429 -0.055635196913770953 -0.22091995767437611 0.056478425871287215 0.32289451440557315 -0.098294906805392088 -0.10952715785247748 -0.11226705653909722 -0.19817135843528705 -0.12244554079821128 -0.10158466610492116 -0.08227149578759764 0.064314349684264721 -0.10474992725000809 -0.0044687150295101927 -0.13745168763238355 0.037164857101309179 0.047288697716981715 -0.17914182225201281 -0.13785801876726753 0.10942036713733294 -8.1187331628029827e-06 -0.082710434843812242 0.013657680951493206 0.098120317123086095 0.051535415940400071 0.11205319667086058 0.020832900532680724
leaf_weight=41751 3005 3276 10943 3990 12606 2382 257643 2325 2109 3176 2097 2265 3826 2083 4326 3058 3008 3410 2354 2014 6073 2705 3478 2103 2139 2049 2387 2307 2765 2343
leaf_count=41751 3005 3276 10943 3990 12606 2382 257643 2325 2109 3176 2097 2265 3826 2083 4326 3058 3008 3410 2354 2014 6073 2705 3478 2103 2139 2049 2387 2307 2765 2343
internal_value=0.00274956 -0.0462781 0.0184224 -0.0326999 -0.0568944 0.00295303 0.0193366 -0.0360368 -0.0335345 -0.0231013 -0.0356 -0.0400085 -0.0200869 -0.0323639 0.0145642 -0.0270313 -0.00615972 -0.0363067 0.00798021 0.00649004 -0.041934 -0.0362329 0.0126817 0.0043329 -0.0271361 0.00657501 0.0117131 0.01053 0.00908013 0.00654936
internal_weight=399996 96889 303107 42532 54357 16915 286192 31540 22191 10992 16808 7067 7816 9741 28549 5383 6013 5519 10902 8520 9349 4970 17606 6166 4222 4063 14128 9802 7415 4650
internal_count=399996 96889 303107 42532 54357 16915 286192 31540 22191 10992 16808 7067 7816 9741 28549 5383 6013 5519 10902 8520 9349 4970 17606 6166 4222 4063 14128 9802 7415 4650
is_linear=0
shrinkage=0.08


Tree=12
num_leaves=31
num_cat=5
split_feature=45 45 45 45 45 45 45 16 45 39 33 45 17 42 45 38 5 45 40 17 45 7 33 5 42 5 5 45 5 45
split_gain=45050.8 2193.17 875.374 264.984 153.375 137.539 136.813 71.932 47.4081 57.2537 46.8616 41.7997 32.6792 29.4083 42.311 19.5294 16.8387 16.6167 15.6074 15.3225 15.1293 15.02 12.7021 12.1858 11.9643 11.0237 10.8461 10.3719 12.5491 9.42174
threshold=15.315701484680178 -1.1275194883346555 19.952752113342289 4.3717133998870858 17.399168014526371 24.0994987487793 -4.3661670684814444 1.4205444455146792 11.455700874328615 0.71277660131454479 25.795968055725101 10.09006452560425 1.3162152171134951 8.2283630371093768 6.396303892135621 -0.33960247039794916 0 18.531413078308109 2.6141586303710942 1.4848484396934511 7.2156240940094003 1.5000000000000002 23.108544349670414 1 12.326766967773439 2 3 25.484137535095218 4 2.6212915182113652
decision_type=2 2 2 2 2 2 2 10 2 2 2 2 10 2 2 2 9 2 2 10 2 2 2 9 2 9 9 2 9 2
left_child=1 6 4 10 26 12 -1 8 15 -10 19 13 -4 14 22 -5 -14 23 -15 -3 -17 -8 -9 -6 -13 -19 -2 28 -7 -21
right_child=2 3 5 7 17 27 21 11 9 -11 -12 24 16 18 -16 20 -18 25 -20 29 -22 -23 -24 -25 -26 -27 -28 -29 -30 -31
leaf_value=-1.0648078129445238 -0.045617036754554474 -0.15079256342370725 0.08252604923745864 -0.082305946819839729 0.021418997610372869 0.11180537050857262 -0.21990073896991427 -0.12527101086545039 -0.052363024048512445 -0.1189452323140533 -0.17453958212614867 -0.064324011638001583 0.04728404819055932 -0.12796282478808549 -0.075750890831381812 -0.091554688607600923 0.074721297688663674 0.012841459422323922 -0.18372332197224495 -0.19885201811853151 -0.11715456691639663 -0.2358490598764045 -0.11599381460154502 -0.004660626772934222 -0.10836917352172265 0.04349381221940888 -0.024867411177696683 0.31497616126093986 0.12538597624754944 -0.15268874876168426
leaf_weight=37029 2204 3994 16468 2367 2480 2068 3210 3369 2045 2041 3785 2666 3646 2025 3437 2619 10171 2196 2008 6237 3874 6256 2146 2229 2938 5521 3941 237117 16809 3244
leaf_count=37029 2204 3994 16468 2367 2480 2068 3210 3369 2045 2041 3785 2666 3646 2025 3437 2619 10171 2196 2008 6237 3874 6256 2146 2229 2938 5521 3941 237117 16809 3244
internal_value=0.00309764 -0.0449121 0.0181055 -0.0330528 0.00127334 0.0191973 -0.0573482 -0.0286708 -0.0332788 -0.0260059 -0.0410376 -0.0254455 0.0140888 -0.0279538 -0.0253247 -0.0365998 0.0112027 0.00638469 -0.0337126 -0.0432851 -0.0389451 -0.0485986 -0.0296869 0.00263191 -0.0195939 0.00866831 -0.00905605 0.0198011 0.0179436 -0.0413423
internal_weight=400140 95290 304850 48795 18571 286279 46495 31535 12946 4086 17260 18589 30285 12985 8952 8860 13817 12426 4033 13475 6493 9466 5515 4709 5604 7717 6145 255994 18877 9481
internal_count=400140 95290 304850 48795 18571 286279 46495 31535 12946 4086 17260 18589 30285 12985 8952 8860 13817 12426 4033 13475 6493 9466 5515 4709 5604 7717 6145 255994 18877 9481
cat_boundaries=0 32 61 93 125 157
cat_threshold=0 0 0 192 0 0 1024 0 0 163840 0 0 4194304 0 0 29360128 0 0 201326592 0 0 0 0 0 0 0 0 0 320 0 0 6400 0 0 0 0 0 0 0 0 0 0 0 0 20185088 0 0 675282944 0 0 2348810240 3 0 3758096384 51 0 0 10 0 0 4128 0 0 0 0 0 0 0 0 0 196608 0 0 6291456 0 0 125829120 0 0 603979776 0 0 1073741824 2 0 0 2 0 0 320 0 0 79872 0 0 0 0 0 0 0 0 0 0 0 0 0 0 0 117440512 0 0 234881024 0 0 268435456 2 0 0 11 0 0 96 0 0 73984 0 0 0 0 0 0 32768 0 0 0 0 0 0 0 0 6291456 0 0 1056964608 0 0 0 2 0 0 8 0 0 32 0 0 12544
is_linear=0
shrinkage=0.08


Tree=13
num_leaves=31
num_cat=2
split_feature=45 45 45 45 45 45 45 41 15 45 17 5 45 38 17 45 45 45 29 38 17 45 45 38 5 45 18 15 29 38
split_gain=42092.4 2500.36 843.773 348.545 168.037 131.073 64.2654 96.2647 58.8991 58.4926 47.4995 32.9221 31.2707 26.6268 25.5084 22.3818 35.0771 20.8167 18.3762 18.0224 17.8658 16.9598 14.7251 15.0142 14.721 14.0889 13.7148 13.3835 12.9498 11.9156
threshold=15.315701484680178 -3.3140602111816402 19.952752113342289 4.3717133998870858 24.0994987487793 17.821199417114261 10.755770206451418 15.477098464965822 1.4274798035621645 -5.4536685943603507 1.4848484396934511 0 13.209395408630373 3.0572021007537846 2.8834478855133061 7.2156240940094003 5.9970154762268075 16.95029449462891 0.61117172241210949 0.38097631931304937 2.6770495176315312 25.574098587036136 6.396303892135621 0.57588195800781261 1 2.1524105072021489 1.714900851249695 1.264328718185425 0.73015975952148449 -1.6110200881958006
decision_type=2 2 2 2 2 2 2 2 10 2 10 9 2 2 10 2 2 2 2 2 10 2 2 2 9 2 2 8 2 2
left_child=1 9 5 10 11 17 8 12 15 -1 -3 27 -8 20 25 16 -5 -2 -16 -17 22 24 -10 -24 -6 28 -7 -4 -12 -29
right_child=2 3 4 6 21 26 7 -9 13 -11 14 -13 -14 -15 18 19 -18 -19 -20 -21 -22 -23 23 -25 -26 -27 -28 29 -30 -31
leaf_value=-1.0163428534363055 -0.038245046052052846 -0.15087954912348669 0.060510335923304556 -0.097767946962440566 0.10171790704324636 0.052715593891046381 -0.076150252351906325 -0.11780272284386321 -0.11388847668405049 -0.25648720158083677 -0.16560199286997965 0.078953239643250586 -0.043147270663853307 -0.14731626661963521 -0.15554834762706754 -0.079413567337292795 -0.060769325733187003 -0.0040078243401640637 -0.21277950499160636 -0.11859964231537891 -0.1094563600524136 0.29125389843818966 -0.080382496105015702 -0.11021490608966465 0.11671040440541106 -0.1435982818543351 0.021311069347797515 0.062805073670686162 -0.21884389781959943 0.048853003976089722
leaf_weight=33654 4598 5754 4399 2255 2299 2255 4386 2095 3314 6399 6238 16969 2902 2200 2041 2046 2188 3047 2062 3262 2110 235689 2267 2506 18053 4438 8593 3188 2918 5603
leaf_count=33654 4598 5754 4399 2255 2299 2255 4386 2095 3314 6399 6238 16969 2902 2200 2041 2046 2188 3047 2062 3262 2110 235689 2267 2506 18053 4438 8593 3188 2918 5603
internal_value=0.00350049 -0.0429803 0.017999 -0.0318948 0.0190691 0.00143652 -0.0263841 -0.0207836 -0.0287463 -0.0581859 -0.0392899 0.0134118 -0.016399 -0.0250359 -0.0371684 -0.033433 -0.0290546 -0.00658132 -0.031398 -0.0370365 -0.0232605 0.0197349 -0.0249895 -0.0220238 0.0174796 -0.0388856 0.00708786 0.0103649 -0.0407942 0.0085513
internal_weight=399728 95035 304693 54982 286200 18493 31531 9383 22148 40053 23451 30159 7288 12397 17697 9751 4443 7645 4103 5308 10197 256041 8087 4773 20352 13594 10848 13190 9156 8791
internal_count=399728 95035 304693 54982 286200 18493 31531 9383 22148 40053 23451 30159 7288 12397 17697 9751 4443 7645 4103 5308 10197 256041 8087 4773 20352 13594 10848 13190 9156 8791
cat_boundaries=0 32 64
cat_threshold=0 0 0 0 0 0 0 0 0 565248 0 0 2097152 0 0 266338304 0 0 1056964608 0 0 536870912 49 0 0 9 0 0 8544 0 0 14592 0 0 0 0 0 0 0 0 0 0 0 0 0 0 0 6291456 0 0 1056964608 0 0 0 3 0 0 8 0 0 32 0 0 12544
is_linear=0
shrinkage=0.08


Tree=14
num_leaves=31
num_cat=7
split_feature=23 23 43 43 43 23 41 33 29 6 41 5 17 21 5 39 41 28 6 10 5 5 33 41 38 33 23 5 23 41
split_gain=39247.1 2533.62 1062.77 262.816 188.858 140.725 90.7496 74.2305 63.3535 52.5984 88.6326 46.388 40.4396 33.1358 32.7141 29.6686 28.797 28.5171 26.2986 43.878 43.5629 26.9012 23.6647 21.5129 21.2426 31.9615 19.4133 15.3242 14.9022 14.4004
threshold=14.49696731567383 -3.2950553894042964 20.524338722229007 4.905031919479371 17.151924133300785 24.998271942138675 -6.5999813079833975 23.643839836120609 0.54760360717773449 0 9.7499432563781756 1 1.5432783961296084 1.8724941015243532 2 0.94582229852676403 16.822158813476566 1010.9209594726564 3 2.9699037075042729 4 5 16.017215728759769 4.5745031833648691 2.6624155044555669 23.566656112670902 8.2283630371093768 6 6.565082550048829 25.165945053100589
decision_type=2 2 2 2 2 2 2 2 2 1 2 9 10 2 9 2 2 2 1 2 9 9 2 2 2 2 2 9 2 2
left_child=1 6 4 7 16 11 -1 23 14 15 12 -4 26 -8 -9 -5 -2 -10 19 20 -6 -20 -18 -3 25 -14 28 -12 -11 -7
right_child=2 3 5 9 18 29 13 8 17 10 27 -13 24 -15 -16 -17 22 -19 21 -21 -22 -23 -24 -25 -26 -27 -28 -29 -30 -31
leaf_value=-0.99167109105495577 -0.055877740897763817 -0.16191810467535625 0.06178540530569919 -0.08282508373688037 -0.025492901391339588 0.14417770892418616 -0.35946901596424413 -0.12634803631598127 -0.21800368612647472 -0.083406713725712206 -0.083024970755075991 0.084396403351027799 -0.10085275789955091 -0.31671160621630057 -0.080023779661868993 -0.13018342903101954 -0.033564110819650071 -0.14482518019387142 0.056731903123165069 0.034890058920716102 0.015966296279220131 0.022373114997048662 0.010765322896266447 -0.13015438522976791 -0.13255290084407151 -0.077930311723047471 -0.10147345947395138 -0.046572258720522904 -0.060124315168775984 0.26863687513735329
leaf_weight=28718 3770 14733 11986 2150 2015 12285 5720 2065 2041 2376 2710 25719 3770 5441 2175 2395 2021 2003 5437 2734 2124 4834 2014 2256 2925 2196 3486 3502 2749 231456
leaf_count=28718 3770 14733 11986 2150 2015 12285 5720 2065 2041 2376 2710 25719 3770 5441 2175 2395 2021 2003 5437 2734 2124 4834 2014 2256 2925 2196 3486 3502 2749 231456
internal_value=0.00380085 -0.0415917 0.0176406 -0.0302103 0.00181498 0.0190434 -0.0568583 -0.0361468 -0.0298433 -0.0248902 -0.02331 0.014486 -0.026238 -0.0505577 -0.0229082 -0.0329419 -0.00849392 -0.03704 0.00651043 0.00266067 -0.00253073 0.00907006 -0.00378245 -0.0392011 -0.0223907 -0.0195783 -0.0301798 -0.0150691 -0.0269017 0.0197478
internal_weight=399806 93411 306395 53532 24949 281446 39879 25273 8284 28259 23714 37705 17502 11161 4240 4545 7805 4044 17144 6873 4139 10271 4035 16989 8891 5966 8611 6212 5125 243741
internal_count=399806 93411 306395 53532 24949 281446 39879 25273 8284 28259 23714 37705 17502 11161 4240 4545 7805 4044 17144 6873 4139 10271 4035 16989 8891 5966 8611 6212 5125 243741
cat_boundaries=0 1 33 65 66 98 124 156
cat_threshold=8 0 0 0 0 0 0 0 0 0 0 0 0 0 0 0 232783872 0 0 1056964608 0 0 805306368 17 0 0 9 0 0 8560 0 0 80128 0 0 0 0 0 0 0 0 0 0 0 0 0 0 0 0 0 0 0 0 0 0 7 0 0 56 0 0 496 0 0 1024 8 0 0 0 0 0 0 2048 0 0 0 0 0 2097152 0 0 125829120 0 0 4227858432 2 0 1610612736 16 0 0 2 0 0 16 0 0 256 0 0 0 64 0 0 0 0 0 0 0 0 52166656 0 0 1072693248 0 0 2181038080 3 0 805306368 33 0 0 10 0 0 0 0 0 0 0 0 0 0 0 0 0 0 0 0 0 0 469762048 0 0 1879048192 3 0 0 539 0 0 12512 0 0 2560
is_linear=0
shrinkage=0.08


Tree=15
num_leaves=31
num_cat=3
split_feature=42 42 42 42 42 42 41 6 27 15 20 41 27 41 41 30 18 42 10 41 6 43 10 42 42 19 19 15 8 37
split_gain=36241.5 2723.47 1056.04 282.464 237.954 104.341 65.5247 52.1056 71.4594 46.7175 44.3183 41.3673 41.0776 36.2897 35.6253 32.4207 31.8504 31.6215 43.5563 24.2529 24.6931 15.3779 14.3095 12.2564 16.5695 12.1595 11.7194 11.2592 11.1914 14.0323
threshold=14.49696731567383 -4.4444808959960929 22.7683219909668 4.4197082519531259 17.137451171875004 -7.2217178344726554 25.763653755187992 0 1011.9341430664064 1.4381585717201235 1.6966602206230166 18.323655128479007 1008.7816467285157 -2.2675513029098506 7.2054853439331064 23.812500000000004 1.8773267269134524 10.906162261962892 1.482197701931 16.183845520019535 1 2.1652324199676518 2.1810736656188969 8.2283630371093768 6.565082550048829 1.4106529951095583 1.9598458409309389 1.2830994725227358 2 -0.45295333862304682
decision_type=2 2 2 2 2 2 2 1 2 10 2 2 2 2 2 2 2 2 2 2 1 2 2 2 2 2 2 10 1 2
left_child=1 5 4 7 19 -1 10 8 -3 17 -4 -6 -11 -10 25 -15 -13 23 -19 -2 -21 -17 -16 24 -5 -14 -7 -9 -18 -30
right_child=2 3 6 9 11 26 -8 27 13 12 -12 16 14 15 22 21 28 18 -20 20 -22 -23 -24 -25 -26 -27 -28 -29 29 -31
leaf_value=-0.91468367147075469 -0.055873321648000886 -0.21060439980369977 0.10906497474926255 -0.081844491777419176 0.00044292186942811895 -0.25536994489988657 0.24735558088808376 -0.14565228581772402 -0.16084091605767328 -0.16409069347345898 0.080903696824936588 0.053564692561036513 -0.063649153316818113 -0.097356199057973436 -0.054932640593183812 -0.16179448347607053 0.024702937095136976 -0.043220278151531913 -0.098633055373549008 0.0059657296325475789 -0.034922423617879166 -0.10831055639369469 -0.10561457958138362 -0.095601584589388944 -0.059174512168654374 -0.10754795298282949 -0.29794809993558141 -0.17086798011267157 0.015310429658332793 0.049505820513178665
leaf_weight=28905 2954 2633 33867 3161 3492 4231 229769 2053 3082 2003 3911 9532 2439 5364 4372 3229 12217 2351 2060 2659 2213 3066 2005 3770 3029 4878 3543 7337 2003 4228
leaf_count=28905 2954 2633 33867 3161 3492 4231 229769 2053 3082 2003 3911 9532 2439 5364 4372 3229 12217 2351 2060 2659 2213 3066 2005 3770 3029 4878 3543 7337 2003 4228
internal_value=0.00420355 -0.039395 0.0174911 -0.0284184 0.00524372 -0.0563902 0.0192897 -0.0344035 -0.0316362 -0.0230813 0.0161882 0.00834763 -0.0200306 -0.0294421 -0.0184384 -0.0273425 0.00937192 -0.0263973 -0.0206514 -0.00723328 -0.00375256 -0.0312799 -0.0140254 -0.0289188 -0.0265871 -0.0222601 -0.0479599 -0.0394091 0.00742442 0.0101875
internal_weight=400356 93511 306845 56832 39298 36679 267547 26764 17374 30068 37778 31472 15697 14741 13694 11659 27980 14371 4411 7826 4872 6295 6377 9960 6190 7317 7774 9390 18448 6231
internal_count=400356 93511 306845 56832 39298 36679 267547 26764 17374 30068 37778 31472 15697 14741 13694 11659 27980 14371 4411 7826 4872 6295 6377 9960 6190 7317 7774 9390 18448 6231
cat_boundaries=0 1 2 3
cat_threshold=6 3 2
is_linear=0
shrinkage=0.08


Tree=16
num_leaves=31
num_cat=3
split_feature=23 24 23 23 23 23 23 6 23 33 33 27 17 27 23 10 40 6 20 25 12 23 23 33 10 6 10 24 20 31
split_gain=33198 2889.08 1077.03 225.287 201.664 197.295 99.856 52.5378 58.336 49.227 40.7918 53.9007 38.4011 31.891 29.3107 28.1332 25.6702 23.49 25.6355 22.1261 27.8087 19.7018 18.5999 20.0629 18.5252 17.677 30.6983 17.2395 16.3769 12.8788
threshold=14.49696731567383 1.0779113769531252 22.7683219909668 3.1156120300292973 17.528831481933597 -8.3846893310546857 25.643821716308597 0 10.906162261962892 23.643839836120609 23.643839836120609 1010.4404602050782 1.1523500084877016 1014.7371520996095 19.973983764648441 1.7647715806961062 2.4993829727172856 1 1.0860178470611574 1.7844891548156741 0.75543609261512767 -1.0836982727050779 -5.5520515441894522 21.001152038574222 1.9002979397773745 2 2.7981581687927251 4.1226196289062509 1.6966602206230166 73.712985992431655
decision_type=2 2 2 2 2 2 2 1 2 2 2 2 8 2 2 2 2 1 2 2 2 2 2 2 2 1 2 2 2 2
left_child=1 5 4 9 17 -1 12 16 10 21 19 -12 -4 -11 25 -13 -5 -2 -19 20 -9 -3 23 -7 -10 26 -6 -15 -14 -22
right_child=2 3 6 7 14 22 -8 8 24 13 11 15 28 27 -16 -17 -18 18 -20 -21 29 -23 -24 -25 -26 -27 -28 -29 -30 -31
leaf_value=-0.87752055917399274 -0.0043479122259301303 -0.17714607499517074 0.085004382528011541 -0.072719488738156063 -0.0097879324586787678 -0.33689877401302726 0.22963683656547459 -0.076111385945390561 -0.037362015338504334 -0.17444696551181005 -0.13957741294157563 -0.0317809957478805 0.075365954462613377 -0.12392328525618541 0.045560038859962335 -0.076482770258804358 -0.11210673249040723 -0.0086481138239121336 -0.063183317228448888 -0.097960253349247906 -0.095936819178116847 -0.12666880905047617 -0.20726177604809951 -0.23591902854320362 -0.088074185866853089 0.03530892682912317 0.024910996171568698 -0.084535506319622852 0.079244924004889583 -0.058466689622190059
leaf_weight=25504 4695 5791 18992 2671 2773 4892 232917 2801 3645 2029 2024 2583 12294 2308 17527 3067 2846 2074 2545 5550 2340 8246 5163 2519 2419 7490 2290 2398 3379 4705
leaf_count=25504 4695 5791 18992 2671 2773 4892 232917 2801 3645 2029 2024 2583 12294 2308 17527 3067 2846 2074 2545 5550 2340 8246 5163 2519 2419 7490 2290 2398 3379 4705
internal_value=0.00457188 -0.0371608 0.0172839 -0.0254971 0.00493249 -0.0541262 0.0191021 -0.0215349 -0.0201317 -0.0320932 -0.0219775 -0.0171629 0.0150846 -0.0263692 0.00811698 -0.0131095 -0.0288062 -0.00534964 -0.00938564 -0.0243645 -0.0220252 -0.0348188 -0.0458201 -0.0485676 -0.0131182 0.0051596 0.00149125 -0.0226548 0.0121367 -0.0192856
internal_weight=400477 93501 306976 55423 39394 38078 267582 34651 29134 20772 23070 7674 34665 6735 30080 5650 5517 9314 4619 15396 9846 14037 12574 7411 6064 12553 5063 4706 15673 7045
internal_count=400477 93501 306976 55423 39394 38078 267582 34651 29134 20772 23070 7674 34665 6735 30080 5650 5517 9314 4619 15396 9846 14037 12574 7411 6064 12553 5063 4706 15673 7045
cat_boundaries=0 1 2 3
cat_threshold=8 3 8
is_linear=0
shrinkage=0.08


Tree=17
num_leaves=31
num_cat=5
split_feature=42 24 42 44 41 41 41 33 41 29 44 19 18 44 19 15 27 5 33 5 33 5 5 19 34 33 5 14 33 42
split_gain=30637.2 3153.16 875.961 270.487 252.036 122.232 94.6008 90.0536 49.9391 49.1449 48.1458 45.7033 42.5172 41.6529 40.3046 34.4611 28.746 25.096 23.4358 22.4715 21.6061 20.2374 18.8341 18.4761 16.5955 23.5993 22.8281 15.7618 14.7913 14.5189
threshold=15.710342407226564 1.0779113769531252 23.341701507568363 -9.4182066917419416 5.7054181098937997 18.323655128479007 26.041644096374515 23.408831596374515 -7.4832873344421378 0.51348495483398449 13.828519821166994 1.8575242757797243 1.8773267269134524 -1.6602410078048704 1.6490153074264529 1.5179883241653445 1013.6191711425782 0 18.439488410949711 1 19.990847587585453 2 3 0.86333897709846508 -10.469299316406248 22.899647712707523 4 2.1093345880508427 22.899647712707523 6.1723861694335946
decision_type=2 2 2 2 2 2 2 2 2 2 2 2 2 2 2 10 2 9 2 9 2 9 9 2 2 2 9 2 2 2
left_child=1 3 5 28 7 17 14 13 -5 19 15 -10 -7 -3 23 27 -11 -2 21 -9 -13 -14 -12 -4 -17 26 -26 -6 -1 -15
right_child=2 4 6 8 10 12 -8 9 11 16 22 20 18 29 -16 24 -18 -19 -20 -21 -22 -23 -24 -25 25 -27 -28 -29 -30 -31
leaf_value=-0.87613002589026845 0.0003619766193526175 -0.16368101682390701 0.097495779747160685 -0.35807648923578017 -0.058411000298318146 0.048562573810741298 0.21424104833164279 -0.083351614205523103 -0.21940212425210662 -0.15466064298666923 -0.018654138538625596 -0.27105318879062806 0.0046367165024140886 -0.10766843120547337 0.061067798995259041 -0.13622069857847668 -0.10147088650721381 -0.043905856949353748 0.050643176409313075 -0.052042739808284395 -0.17447160623681765 0.026525932943958355 -0.060345369413865771 0.090821027678395588 -0.097544159666120761 -0.04120475769297819 -0.040767316465666996 -0.090892656343170231 -0.61832683375159669 -0.080480549605191382
leaf_weight=19717 3944 5125 18680 5010 8706 12601 223243 2514 5146 2433 2590 2506 7586 14134 2971 2078 3354 2291 7545 2877 3098 6812 2019 18053 3130 2160 2105 3030 2640 2257
leaf_count=19717 3944 5125 18680 5010 8706 12601 223243 2514 5146 2433 2590 2506 7586 14134 2971 2078 3354 2291 7545 2877 3098 6812 2019 18053 3130 2160 2105 3030 2640 2257
internal_value=0.00488709 -0.0343462 0.0173697 -0.0522501 -0.0226759 0.00645811 0.0190616 -0.0273447 -0.0441497 -0.0214766 -0.0167555 -0.0409554 0.00831857 -0.0303819 0.0154525 -0.0183675 -0.0266103 -0.00384628 0.00618685 -0.0159267 -0.035782 0.00428928 -0.0093137 0.0161778 -0.0147443 -0.0129345 -0.015836 -0.021277 -0.057938 -0.0283653
internal_weight=400355 96629 303726 38117 58512 40779 262947 32694 15760 11178 25818 10750 34544 21516 39704 21209 5787 6235 21943 5391 5604 14398 4609 36733 9473 7395 5235 11736 22357 16391
internal_count=400355 96629 303726 38117 58512 40779 262947 32694 15760 11178 25818 10750 34544 21516 39704 21209 5787 6235 21943 5391 5604 14398 4609 36733 9473 7395 5235 11736 22357 16391
cat_boundaries=0 32 64 96 125 157
cat_threshold=0 0 0 0 0 0 0 0 0 0 0 0 16777216 0 0 872415232 0 0 4160749568 3 0 2147483648 3 0 0 9 0 0 8240 0 0 4352 0 0 0 0 0 0 0 0 0 0 0 0 0 0 0 0 0 0 0 0 0 0 19 0 0 56 0 0 480 0 0 9728 0 0 0 0 0 0 0 0 0 0 0 0 2097152 0 0 96468992 0 0 2650800128 2 0 1879048192 32 0 0 2 0 0 64 0 0 4096 0 0 0 0 0 0 0 0 0 0 0 0 0 0 0 348127232 0 0 3271557120 1 0 3489660928 59 0 0 10 0 0 8336 0 0 0 0 0 0 0 0 0 0 0 0 0 0 0 0 0 0 0 0 0 1342177280 4 0 0 833 0 0 13168 0 0 15104
is_linear=0
shrinkage=0.08


Tree=18
num_leaves=31
num_cat=4
split_feature=43 44 23 23 44 23 23 23 18 23 19 10 19 44 23 27 21 6 7 29 6 37 39 27 6 6 21 36 43 23
split_gain=28145.6 3174.35 961.487 384.094 168.335 139.248 78.5524 61.9968 58.9512 57.5081 45.6203 42.0549 37.7969 36.3349 35.0101 27.6665 22.7454 22.3762 21.137 20.7884 24.9188 19.6639 17.8933 19.1159 24.7643 17.7956 18.4375 17.6408 17.0473 33.5516
threshold=15.670443058013918 -6.0097968578338614 24.273036956787113 3.1156120300292973 -10.669801712036131 18.244308471679691 26.15400314331055 10.906162261962892 1.3415153622627261 -1.0836982727050779 1.8286781311035158 1.0703013539314272 0.75219979882240307 9.6748151779174822 6.1723861694335946 1014.3306579589845 1.5850855112075808 0 1.5000000000000002 0.73509597778320324 1 -0.76076507568359364 1.238577723503113 1014.7371520996095 2 3 1.1263576745986941 3.1971931457519536 9.1671042442321795 8.2283630371093768
decision_type=2 2 2 2 2 2 2 2 2 2 2 2 2 2 2 2 2 1 2 2 1 2 2 2 1 1 2 2 2 2
left_child=1 4 5 9 -1 25 12 13 -7 15 -6 -9 -4 14 -5 -3 -17 -13 21 20 -12 -10 23 -11 -25 -2 -27 -19 29 -16
right_child=2 3 6 7 10 8 -8 11 18 22 19 17 -14 -15 28 16 -18 27 -20 -21 -22 -23 -24 24 -26 26 -28 -29 -30 -31
leaf_value=-0.83402912577217214 0.0074754012137473328 -0.21367398956808981 0.082130877478843442 -0.078291549348357845 -0.26969806290616183 0.058237922585240229 0.20359498956276753 -0.01832994171524362 0.011027791249451866 -0.13966530017147927 -0.21513624648639848 -0.047697604470960435 0.075029158587798364 -0.10268561098318429 -0.04725083779750909 -0.13415153069975863 -0.15303688388768333 -0.086774861267157916 0.024957361009116923 -0.40657352884834397 -0.32755615502065311 0.047012278420336888 -0.13378071882104678 -0.073728733586429535 -0.10174817097729101 -2.7006842052230696e-05 -0.037644555299833585 -0.056616493139548113 -0.037493701535990631 -0.086949076706057671
leaf_weight=19169 4676 2693 15938 11136 5540 10978 220273 3562 2024 2249 2311 2740 17116 3141 7484 3589 8030 2337 19898 2038 2980 8104 3950 4436 2032 2237 2456 2289 2130 2886
leaf_count=19169 4676 2693 15938 11136 5540 10978 220273 3562 2024 2249 2311 2740 17116 3141 7484 3589 8030 2337 19898 2038 2980 8104 3950 4436 2032 2237 2456 2289 2130 2886
internal_value=0.00511837 -0.0324629 0.0170879 -0.0222574 -0.0530542 0.00699164 0.0190951 -0.0170346 0.0090018 -0.0295476 -0.0458716 -0.0119364 0.0154452 -0.01911 -0.0180191 -0.0330512 -0.0312821 -0.015385 0.0071634 -0.0415506 -0.0386833 0.0101401 -0.025566 -0.0234651 -0.0211794 -0.00180616 -0.00527477 -0.0187947 -0.0150855 -0.0164277
internal_weight=400422 96722 303700 64684 32038 50373 253327 37705 41004 26979 12869 10928 33054 26777 23636 14312 11619 7366 30026 7329 5291 10128 12667 8717 6468 9369 4693 4626 12500 10370
internal_count=400422 96722 303700 64684 32038 50373 253327 37705 41004 26979 12869 10928 33054 26777 23636 14312 11619 7366 30026 7329 5291 10128 12667 8717 6468 9369 4693 4626 12500 10370
cat_boundaries=0 1 2 3 4
cat_threshold=3 6 6 3
is_linear=0
shrinkage=0.08


Tree=19
num_leaves=31
num_cat=0
split_feature=23 24 23 43 41 23 33 41 41 41 31 41 17 39 33 33 34 31 33 23 19 34 31 24 10 18 10 34 10 18
split_gain=25688.1 3189.72 979.819 332.263 255.536 136.252 132.606 73.3418 72.1859 69.6434 53.7782 50.3695 44.7245 42.0192 37.1967 35.8544 61.8435 34.7596 33.8513 29.7302 28.2793 27.4759 25.4279 23.7563 23.399 21.8428 24.7283 20.8402 19.4333 16.0914
threshold=15.710342407226564 -0.97705078124999989 24.783554077148441 2.6490122079849248 -8.9883384704589826 19.973983764648441 18.283967971801761 9.7499432563781756 26.105274200439457 -4.7597205638885489 50.808612823486335 17.406168937683109 1.0046171545982363 1.566038250923157 23.643839836120609 24.131520271301273 -11.568756103515623 40.010990142822273 16.509119987487797 -7.8025054931640616 0.8775010108947755 -0.097686767578124986 75.909027099609389 -5.9399871826171866 1.7841944098472597 1.8930761218070986 2.7628749608993535 -8.2705078124999982 1.7468279004096987 2.4456361532211308
decision_type=2 2 2 2 2 2 2 2 2 2 2 2 8 2 2 2 2 2 2 2 2 2 2 2 2 2 2 2 2 2
left_child=1 4 5 9 23 11 19 15 20 29 -8 -2 -7 28 -11 22 -17 -16 25 -6 -4 27 -5 -1 -18 -13 -27 -14 -9 -3
right_child=2 3 8 7 6 12 10 13 -10 14 -12 18 21 -15 17 16 24 -19 -20 -21 -22 -23 -24 -25 -26 26 -28 -29 -30 -31
leaf_value=-0.83696347295649209 -0.026509796930589715 -0.17918285047423971 0.091277153165559788 -0.078941664931044764 -0.35737224882241014 0.050193101693888312 -0.1333448582238661 -0.023535053112922845 0.18411708278055869 -0.11579953497188786 -0.21331603417560843 0.019929441109842402 0.024476588267250889 -0.082198537377005748 -0.045663246835089495 -0.10971120744185363 -0.0057268362324246168 -0.12179610065717097 0.028807926788277351 -0.21453862126326681 0.08339324669867125 0.027942852038244155 -0.054040509667316501 -0.3920565872763585 -0.058776755294913254 -0.025231267739271531 0.011006702693632775 0.073082789923215194 -0.07320035354959227 -0.1817294673842762
leaf_weight=15137 3726 4066 13971 9934 4565 13075 2081 6876 219116 11995 3072 2013 2047 2095 2022 2784 2174 4820 8204 2028 13813 15449 10180 4967 2534 2630 2174 7288 2876 2486
leaf_count=15137 3726 4066 13971 9934 4565 13075 2081 6876 219116 11995 3072 2013 2047 2095 2022 2784 2174 4820 8204 2028 13813 15449 10180 4967 2534 2630 2174 7288 2876 2486
internal_value=0.00549224 -0.0304151 0.0169324 -0.0202264 -0.051145 0.00743747 -0.0416842 -0.0156253 0.0191088 -0.0273672 -0.0319465 0.00185851 0.0101988 -0.0103449 -0.0248644 -0.0178867 -0.0131272 -0.0200876 0.00392389 -0.0492352 0.0152522 0.00819553 -0.0196522 -0.0566491 -0.00751166 -0.000243152 -0.00317408 0.0116233 -0.00812129 -0.0345139
internal_weight=400198 96692 303506 64842 31850 56606 11746 39453 246900 25389 5153 18747 37859 11847 18837 27606 7492 6842 15021 6593 27784 24784 20114 20104 4708 6817 4804 9335 9752 6552
internal_count=400198 96692 303506 64842 31850 56606 11746 39453 246900 25389 5153 18747 37859 11847 18837 27606 7492 6842 15021 6593 27784 24784 20114 20104 4708 6817 4804 9335 9752 6552
is_linear=0
shrinkage=0.08


Tree=20
num_leaves=31
num_cat=4
split_feature=45 45 45 45 45 45 16 45 22 45 44 45 45 23 45 39 15 2 5 5 5 29 6 14 10 39 31 44 45 45
split_gain=23787.1 3676.99 990.836 378.76 158.329 141.707 68.9933 56.3923 52.1857 42.0077 109.578 46.632 41.2856 34.3606 31.8021 30.6103 27.4253 26.8599 26.4008 22.8298 20.3579 19.7874 19.1882 18.8318 17.8214 17.7921 17.3673 17.2411 38.9684 16.4293
threshold=16.434700012207035 -7.6388113498687735 25.823145866394047 2.6212915182113652 -11.052321434020994 21.851572036743168 1.009092450141907 -3.8371863365173335 4.2328834533691415 10.09006452560425 9.6748151779174822 8.5431647300720233 17.821199417114261 -7.2217178344726554 26.560926437377933 1.7668656110763552 2.9390476942062382 1.0000000180025095e-35 0 1 2 0.25981903076171881 3 3.3486959934234624 1.049688518047333 1.2244688272476199 34.508890151977546 7.7466638088226327 5.9970154762268075 5.2022025585174569
decision_type=2 2 2 2 2 2 8 2 2 2 2 2 2 2 2 2 10 2 9 9 9 2 1 2 2 2 2 2 2 2
left_child=1 4 5 7 -1 12 -7 13 19 10 11 22 -2 -3 17 24 -6 -4 21 26 -15 -8 23 27 -11 -21 -9 28 29 -5
right_child=2 3 14 9 16 6 18 8 -10 15 -12 -13 -14 20 -16 -17 -18 -19 -20 25 -22 -23 -24 -25 -26 -27 -28 -29 -30 -31
leaf_value=-0.73765091416294137 -0.0093990765214485347 -0.12649374636798918 0.072481742474683919 -0.059675908820827107 -0.24770779362826864 0.055025708412710872 0.0098122449957459418 -0.060025965682271441 -0.15978522114051175 -0.018376817093311574 -0.12432337996790623 -0.020384657750884543 0.020564033703933261 -0.15211920686995403 0.18075124154873889 -0.07844414404447235 -0.28046919834305906 0.077855511583386133 0.052960372748490275 -0.087207089222401668 -0.1599075477912556 0.047626868325279188 -0.075938451158090711 -0.041308077542965831 -0.044907915994396037 -0.121028195886084 -0.08669297343509158 -0.073056264551915856 -0.029369064840667286 -0.074783604683598168
leaf_weight=17532 4573 2434 10960 6361 6357 16594 5232 2061 2687 4784 2091 2952 22181 4360 210488 2081 3313 9374 17900 5204 4501 4356 3687 2084 7291 2774 6114 2541 4739 2381
leaf_count=17532 4573 2434 10960 6361 6357 16594 5232 2061 2687 4784 2091 2952 22181 4360 210488 2081 3313 9374 17900 5204 4501 4356 3687 2084 7291 2774 6114 2541 4739 2381
internal_value=0.00568799 -0.0284809 0.0168263 -0.0189091 -0.0534926 0.00854812 0.0113354 -0.025719 -0.0230069 -0.0138979 -0.015761 -0.0142638 0.00395307 -0.0302185 0.0193663 -0.0103572 -0.0451446 0.0163173 0.00887046 -0.0212621 -0.0325533 0.00545379 -0.0155419 -0.0144169 -0.00879934 -0.0244011 -0.0181208 -0.0153568 -0.0141946 -0.0173629
internal_weight=399987 98329 301658 71127 27202 70836 44082 30135 18840 40992 26836 24745 26754 11295 230822 14156 9670 20334 27488 16153 8861 9588 21793 18106 12075 7978 8175 16022 13481 8742
internal_count=399987 98329 301658 71127 27202 70836 44082 30135 18840 40992 26836 24745 26754 11295 230822 14156 9670 20334 27488 16153 8861 9588 21793 18106 12075 7978 8175 16022 13481 8742
cat_boundaries=0 32 64 93 94
cat_threshold=24 0 0 0 0 0 2048 0 0 2457600 0 0 4849664 0 0 15728640 0 0 520093696 0 0 0 18 0 0 0 0 0 256 0 0 14592 0 0 0 0 0 0 0 0 0 0 0 0 0 0 0 0 0 0 3221225472 1 0 0 45 0 0 708 0 0 9984 0 0 66560 0 0 0 0 0 0 0 0 0 0 0 0 0 0 0 0 0 0 0 0 0 0 62 0 0 965 0 0 12288 6
is_linear=0
shrinkage=0.08


Tree=21
num_leaves=31
num_cat=6
split_feature=45 45 45 45 45 45 45 15 22 38 5 33 45 45 40 33 19 5 45 5 33 28 19 5 5 28 2 33 5 10
split_gain=21826 3664.6 1032.29 377.922 147.705 135.036 72.0868 67.083 58.9306 51.0633 38.479 42.4983 36.7865 36.5871 35.1608 30.7479 30.3557 29.6966 29.2266 37.278 25.8605 25.4343 23.856 19.4473 18.1238 17.8148 17.7768 16.9293 21.7225 16.3255
threshold=16.434700012207035 -8.2108817100524885 25.960359573364261 2.1524105072021489 -11.669060230255125 21.851572036743168 -6.5069067478179923 0.99174964427948009 2.4333000183105473 0.70890551805496227 0 15.849024295806887 18.531413078308109 6.396303892135621 3.8666477203369145 23.566656112670902 2.1184194087982182 1 26.749094009399418 2 25.328831672668461 1012.2584228515626 1.9598458409309389 3 4 1006.3884277343751 1.0000000180025095e-35 22.69727993011475 5 3.178634881973267
decision_type=2 2 2 2 2 2 2 8 2 2 9 2 2 2 2 2 2 9 2 9 2 2 2 9 9 2 2 2 9 2
left_child=1 4 5 6 -1 12 22 26 10 13 15 -12 -2 -5 27 21 -6 -9 19 -4 24 -8 -3 29 -11 -22 -7 28 -15 -14
right_child=2 3 18 9 16 7 8 17 -10 20 11 -13 23 14 -16 -17 -18 -19 -20 -21 25 -23 -24 -25 -26 -27 -28 -29 -30 -31
leaf_value=-0.70426367013146862 -0.0023026588578423457 -0.18013279723066419 0.067129719374513078 -0.057785990119595683 -0.24587234469279431 0.048619923730792179 -0.11613816353099793 0.026676226366137853 -0.1533911294678616 -0.050725204964253479 -0.1466206286116789 -0.090437689034970251 0.0038746753520138102 -0.050363360273279235 -0.064659940698371512 -0.043226912733464254 -0.27281038892228149 0.053039329643932834 0.17143457484202743 0.081599369763902418 -0.08463508205726139 -0.068620687018405693 -0.17775253809319902 0.031441236347688459 -0.067326428652591308 -0.031547854119008324 0.048995939216138991 0.0013375543007509805 -0.018113913224368457 0.036024033192373184
leaf_weight=16017 7735 2788 8630 8632 6239 13574 2158 10758 4765 5136 2138 10575 6777 2772 2049 2341 3372 15833 203045 16293 2139 3337 2124 10161 9147 2820 6776 2113 7722 2036
leaf_count=16017 7735 2788 8630 8632 6239 13574 2158 10758 4765 5136 2138 10575 6777 2772 2049 2341 3372 15833 203045 16293 2139 3337 2124 10161 9147 2820 6776 2113 7722 2036
internal_value=0.00597832 -0.0267398 0.0166511 -0.0175719 -0.0527498 0.00841542 -0.024412 0.0109991 -0.022671 -0.0127062 -0.0207899 -0.0235467 0.00387215 -0.0101777 -0.0077349 -0.0162424 -0.0447791 0.00834781 0.0193113 0.0167 -0.0157594 -0.019535 -0.0333198 0.00576696 -0.0174925 -0.0107426 0.0144578 -0.00614568 -0.00746002 0.00300011
internal_weight=400002 98384 301618 72756 25628 73650 30226 46941 25314 42530 20549 12713 26709 23288 14656 7836 9611 26591 227968 24923 19242 5495 4912 18974 14283 4959 20350 12607 10494 8813
internal_count=400002 98384 301618 72756 25628 73650 30226 46941 25314 42530 20549 12713 26709 23288 14656 7836 9611 26591 227968 24923 19242 5495 4912 18974 14283 4959 20350 12607 10494 8813
cat_boundaries=0 32 64 96 128 160 192
cat_threshold=0 0 0 0 0 0 0 0 0 0 0 0 0 0 0 0 0 0 3221225472 1 0 2147483648 44 0 0 964 0 0 1024 0 0 256 24 0 0 128 0 0 2048 0 0 2588672 0 0 5898240 0 0 15728640 0 0 520093696 0 0 0 19 0 0 0 0 0 288 0 0 14592 0 0 0 128 0 0 2048 0 0 2211840 0 0 20709376 0 0 66060288 0 0 3254779904 3 0 2415919104 34 0 0 5 0 0 48 0 0 4352 0 0 0 128 0 0 3072 0 0 245760 0 0 7929856 0 0 260046848 0 0 2080374784 0 0 1610612736 3 0 0 0 0 0 320 0 0 14336 0 0 0 0 0 0 0 0 0 0 0 0 0 0 0 0 0 0 2147483648 0 0 2415919104 3 0 0 61 0 0 384 0 0 7936 0 0 0 0 0 0 0 0 0 0 0 0 0 0 0 33554432 0 0 67108864 0 0 805306368 0 0 0 397 0 0 8464 0 0 37632
is_linear=0
shrinkage=0.08


Tree=22
num_leaves=31
num_cat=7
split_feature=45 45 45 45 45 14 45 22 45 33 5 45 44 19 5 45 45 39 37 33 14 6 5 45 3 5 33 5 29 5
split_gain=19915 3642.33 1033.22 331.71 196.489 120.048 73.2862 58.4341 51.658 48.1952 47.4404 45.7319 99.9002 39.436 35.5646 47.1498 34.7349 25.5505 24.5473 23.8949 22.5154 21.9091 25.2973 21.4508 20.8495 20.7177 20.4287 35.2118 22.7281 19.7735
threshold=16.95029449462891 -8.2108817100524885 26.025021553039554 2.1524105072021489 -12.923419952392576 1.1326996088027956 -6.5069067478179923 0.41627883911132818 20.528858184814457 22.69727993011475 0 10.09006452560425 9.6748151779174822 2.1184194087982182 1 27.367950439453129 8.5431647300720233 1.8766729831695559 -0.17395782470703122 17.530560493469242 2.0464737415313725 2 3 -10.458421707153319 1.0000000180025095e-35 4 23.408831596374515 5 0.40330505371093756 6
decision_type=2 2 2 2 2 2 2 2 2 2 9 2 2 2 9 2 2 2 2 2 2 1 9 2 2 9 2 9 2 9
left_child=1 4 5 6 -1 24 19 9 21 -8 -11 12 16 23 15 -4 26 25 29 -3 -9 22 -7 -6 -2 -13 27 -5 -28 -10
right_child=2 3 14 11 13 8 7 20 18 10 -12 17 -14 -15 -16 -17 -18 -19 -20 -21 -22 -23 -24 -25 -26 -27 28 -29 -30 -31
leaf_value=-0.70942343101313865 0.04844927557874492 -0.20134363601531227 0.07211895907308026 -0.036590993784259944 -0.2735976182391997 0.016840587055380211 -0.090846603633805062 -0.083858577376064877 0.040234359078716649 -0.0086967096104041634 -0.072457100521691284 -0.01285577929721427 -0.10905461524047425 -0.26292337416685191 0.14382790211638394 0.20628853444060269 -0.014071667060111964 -0.068277498391424843 0.047443439836046791 -0.13894294960492323 -0.12894686917442272 0.023012845965271252 -0.009610770134232496 -0.20867898072311605 0.046464085214510648 -0.039560345964960247 -0.02001333464204336 -0.063915682262155368 -0.063750712947764673 0.013886153928515057
leaf_weight=12738 6314 2137 13806 7862 4091 2207 8850 2382 5278 2007 3988 6854 2071 4554 182143 30565 2945 2041 23475 2804 8162 9082 4653 4149 12023 6637 2947 8231 4344 10733
leaf_count=12738 6314 2137 13806 7862 4091 2207 8850 2382 5278 2007 3988 6854 2071 4554 182143 30565 2945 2041 23475 2804 8162 9082 4653 4149 12023 6637 2947 8231 4344 10733
internal_value=0.00623976 -0.0247201 0.0165293 -0.0157545 -0.0507807 0.00830444 -0.0221898 -0.0204378 0.00644612 -0.0171781 -0.011607 -0.0113076 -0.0132179 -0.0436895 0.0192073 0.0171255 -0.0118782 -0.00780852 0.00799777 -0.0311331 -0.0250066 0.0026003 -0.000813953 -0.0470788 0.0139151 -0.00653729 -0.0129093 -0.0145054 -0.00937132 0.00557643
internal_weight=400073 99794 300279 74262 25532 73765 30330 25389 55428 14845 5995 43932 28400 12794 226514 44371 26329 15532 39486 4941 10544 15942 6860 8240 18337 13491 23384 16093 7291 16011
internal_count=400073 99794 300279 74262 25532 73765 30330 25389 55428 14845 5995 43932 28400 12794 226514 44371 26329 15532 39486 4941 10544 15942 6860 8240 18337 13491 23384 16093 7291 16011
cat_boundaries=0 32 64 65 97 126 158 187
cat_threshold=0 0 0 0 0 0 0 0 0 0 0 0 0 0 0 0 0 0 0 0 0 0 56 0 0 993 0 0 16 0 0 32768 0 0 0 128 0 0 3072 0 0 49152 0 0 3932160 0 0 333447168 0 0 3221225472 3 0 0 35 0 0 5 0 0 48 0 0 12544 8 0 0 0 0 0 0 0 0 0 16384 0 0 51118080 0 0 140509184 0 0 117440512 0 0 0 51 0 0 13 0 0 32 0 0 4096 0 0 0 0 0 0 0 0 0 0 0 0 16777216 0 0 360710144 0 0 4177526784 1 0 2147483648 47 0 0 707 0 0 8192 0 0 0 0 0 0 0 0 0 0 0 0 0 0 0 0 0 0 1073741824 0 0 2147483648 31 0 0 568 0 0 448 0 0 67328 24 0 0 64 0 0 7168 0 0 1859584 0 0 8716288 0 0 16777216 0 0 3221225472 1 0 4026531840 2 0 0 6 0 0 16
is_linear=0
shrinkage=0.08


Tree=23
num_leaves=31
num_cat=5
split_feature=45 45 45 45 45 45 21 27 45 5 45 33 29 34 33 45 33 5 5 41 45 23 3 33 43 5 19 5 40 34
split_gain=18375.4 3578.78 1085.18 256.106 227.556 108.985 66.436 62.0407 57.2505 45.8095 57.3785 43.0296 42.0414 46.9792 35.9806 41.8483 35.352 30.2943 27.8019 26.7429 23.4062 22.2687 20.9366 22.0954 27.7798 20.2393 19.6911 17.4752 17.2184 15.7431
threshold=16.95029449462891 -8.2108817100524885 26.088876724243168 1.627222537994385 -12.923419952392576 22.305402755737308 0.7402244806289674 1007.4314575195314 -6.5069067478179923 0 27.606508255004886 16.925760269165043 0.71465682983398449 -6.4603576660156241 26.328000068664554 14.682906627655031 16.826687812805179 1 2 24.202914237976078 18.531413078308109 -7.2217178344726554 851.79400634765636 17.429951667785648 21.323054313659672 3 2.0431597232818608 4 4.0473971366882333 -1.0716857910156248
decision_type=2 2 2 2 2 2 2 2 2 9 2 2 2 2 2 2 2 9 9 2 2 2 2 2 2 9 2 9 2 2
left_child=1 4 5 8 -1 20 -7 -5 21 10 -4 -6 16 -14 15 17 -10 28 -18 27 -2 -3 23 25 -25 -22 -13 -8 -9 -20
right_child=2 3 9 7 11 6 19 14 12 -11 -12 26 13 -15 -16 -17 18 -19 29 -21 22 -23 -24 24 -26 -27 -28 -29 -30 -31
leaf_value=-0.65252398768443132 -0.00082150082361536652 -0.12727052678817846 0.071051798102252095 -0.11162962799680047 -0.25368945733950499 0.044143485011841718 0.041813004426480518 -0.054746815539050218 -0.1075634358849074 0.13302326906816689 0.20706450441972948 -0.19801798159283615 -0.14872349834610696 -0.092990674435700638 -0.02425891338118235 -0.016274480301976126 -0.078174349220950429 -0.034690593372753577 -0.065111635099838278 0.024830863469657131 -0.0088506623338990668 -0.18334785505594947 0.043471514520376363 0.03894065872472318 -0.0042369381116039049 0.017361686035897536 -0.21734695281756658 0.063948714943327406 -0.086351212997296187 -0.025171178699659586
leaf_weight=12748 6162 2808 14864 2055 6501 15506 3611 10811 3431 182721 27113 3197 2618 5161 5440 5671 6361 19360 4109 17730 3787 2135 5576 6294 2116 4350 3129 10280 2185 2032
leaf_count=12748 6162 2808 14864 2055 6501 15506 3611 10811 3431 182721 27113 3197 2618 5161 5440 5671 6361 19360 4109 17730 3787 2135 5576 6294 2116 4350 3129 10280 2185 2032
internal_value=0.00637554 -0.0233692 0.0162627 -0.014468 -0.0491702 0.00795736 0.0103133 -0.0107344 -0.0203935 0.0190496 0.0166207 -0.0415689 -0.0187438 -0.0235845 -0.0100876 -0.0109583 -0.0163671 -0.0120695 -0.0143702 0.00820524 0.00402969 -0.0282536 0.00524375 0.00381108 0.00668409 0.000837118 -0.0366982 0.0108352 -0.0150768 -0.0104366
internal_weight=399862 99752 300110 74177 25575 75412 47127 45522 28655 224698 41977 12827 23712 7779 43467 38027 15933 32356 12502 31621 28285 4943 22123 16547 8410 8137 6326 13891 12996 6141
internal_count=399862 99752 300110 74177 25575 75412 47127 45522 28655 224698 41977 12827 23712 7779 43467 38027 15933 32356 12502 31621 28285 4943 22123 16547 8410 8137 6326 13891 12996 6141
cat_boundaries=0 32 64 96 122 154
cat_threshold=0 0 0 128 0 0 2048 0 0 49152 0 0 3932160 0 0 333447168 0 0 3221225472 3 0 0 35 0 0 5 0 0 48 0 0 12288 0 0 0 0 0 0 0 0 0 0 0 0 0 0 0 50331648 0 0 469762048 1 0 1610612736 0 0 0 261 0 0 16112 0 0 54016 0 0 0 0 0 0 0 0 0 0 0 0 0 0 0 0 0 0 0 0 0 2147483648 31 0 0 25 0 0 2288 0 0 3584 0 0 0 0 0 0 0 0 0 196608 0 0 7864320 0 0 427819008 0 0 201326592 1 0 1879048192 0 0 0 7 8 0 0 0 0 0 0 0 0 2097152 0 0 4718592 0 0 73400320 0 0 503316480 1 0 536870912 32 0 0 0 0 0 256 0 0 14592
is_linear=0
shrinkage=0.08


Tree=24
num_leaves=31
num_cat=8
split_feature=45 45 45 45 45 14 45 5 45 45 45 35 38 45 42 5 40 5 17 5 19 19 6 10 5 44 5 5 16 37
split_gain=16655.6 3444.59 1135.41 257.745 245.961 123.147 75.2732 51.3876 60.8154 48.2049 47.4797 41.4689 39.5606 29.9735 28.6041 27.8518 25.321 23.3878 22.9187 22.1507 20.8888 20.2542 18.9549 37.6253 42.1209 18.6104 17.4703 15.4481 15.3818 15.1512
threshold=16.95029449462891 -8.7573966979980451 26.150158882141117 1.627222537994385 -13.604599475860594 1.1074613332748415 -6.5069067478179923 0 27.896944046020511 -10.458421707153319 20.528858184814457 2.9015541076660161 1.0697524547576907 6.396303892135621 -8.3846893310546857 1 4.1156897544860849 2 1.1241891384124758 3 1.2433141469955447 2.0431597232818608 4 2.9229067564010625 5 21.185291290283207 6 7 1.5123908519744875 0.25881958007812506
decision_type=2 2 2 2 2 2 2 9 2 2 2 2 2 2 2 9 2 9 8 9 2 2 1 2 9 2 9 9 10 2
left_child=1 4 5 6 -1 19 14 8 -4 21 22 15 13 -5 -3 -8 -15 -12 -19 -2 28 -6 23 24 -7 -20 -24 -22 -14 -27
right_child=2 3 7 12 9 10 11 -9 -10 -11 17 -13 20 16 -16 -17 -18 18 25 -21 27 -23 26 -25 -26 29 -28 -29 -30 -31
leaf_value=-0.6388730940603019 0.037269019068186825 -0.1074684267227395 0.072043569185293213 -0.045991810940058983 -0.23907855850034587 -0.027956320915313315 -0.057702205240990068 0.12317207520098805 0.21129524250365109 -0.17950357513075127 0.042979006178041172 -0.12443236705980618 -0.034605953408485136 -0.016502294945840958 -0.15767834937312611 -0.082033721010497343 -0.053710581022940435 0.029410708250323835 0.054885409833139533 0.043215935473038133 -0.053830116669549212 -0.26168664072793468 -0.0088950443990540862 0.016844406689889554 0.0073275450603119199 0.0046439552158355473 0.025170467641412415 -0.078233872452411021 -0.019403079102478387 0.034403929778777355
leaf_weight=11132 7781 2096 17004 10627 4743 2095 8448 182155 24085 4807 13645 3806 3397 15609 4479 11558 2082 9867 2553 11318 6220 3355 2033 2712 2058 9199 7155 4544 3076 6463
leaf_count=11132 7781 2096 17004 10627 4743 2095 8448 182155 24085 4807 13645 3806 3397 15609 4479 11558 2082 9867 2553 11318 6220 3355 2033 2712 2058 9199 7155 4544 3076 6463
internal_value=0.00657526 -0.0217034 0.015996 -0.0133458 -0.0480917 0.00760967 -0.0190525 0.0188836 0.016285 -0.0405033 0.00576709 -0.0169457 -0.00953583 -0.00769133 -0.0266454 -0.0154736 -0.00566861 0.0071893 0.00585723 0.0131781 -0.0125599 -0.0443365 0.00206811 -0.00111256 -0.00589479 0.00417339 0.00443962 -0.0147243 -0.00894339 0.0031368
internal_weight=400102 99979 300123 75942 24037 76879 30387 223244 41089 12905 57780 23812 45555 28318 6575 20006 17691 41727 28082 19099 17237 8098 16053 6865 4153 18215 9188 10764 6473 15662
internal_count=400102 99979 300123 75942 24037 76879 30387 223244 41089 12905 57780 23812 45555 28318 6575 20006 17691 41727 28082 19099 17237 8098 16053 6865 4153 18215 9188 10764 6473 15662
cat_boundaries=0 32 64 96 128 129 155 187 219
cat_threshold=0 0 0 128 0 0 2048 0 0 49152 0 0 3932160 0 0 333447168 0 0 3221225472 3 0 0 35 0 0 5 0 0 48 0 0 4096 0 0 0 0 0 0 0 0 0 0 0 0 0 0 0 0 0 0 2147483648 0 0 2147483648 46 0 0 965 0 0 1024 0 0 256 16 0 0 64 0 0 4096 0 0 1572864 0 0 10551296 0 0 588251136 0 0 3758096384 1 0 3489660928 0 0 0 14 0 0 16 0 0 65792 16 0 0 1152 0 0 134144 0 0 49152 0 0 0 0 0 855638016 0 0 3758096384 3 0 2147483648 51 0 0 9 0 0 16 0 0 256 8 0 0 0 0 0 0 2048 0 0 196608 0 0 7340032 0 0 931135488 0 0 939524096 3 0 3758096384 0 0 0 2 0 0 0 0 0 0 0 0 0 0 0 0 2097152 0 0 2097152 0 0 117440512 0 0 0 19 0 0 4 0 0 320 0 0 14848 0 0 0 0 0 0 0 0 0 0 0 0 0 0 0 0 0 0 1073741824 0 0 2147483648 7 0 0 761 0 0 1424 0 0 7424
is_linear=0
shrinkage=0.08


Tree=25
num_leaves=31
num_cat=4
split_feature=45 45 45 45 45 14 34 45 5 45 45 45 22 11 36 40 41 5 40 41 30 43 42 45 10 5 34 45 45 5
split_gain=15183.3 3176.53 1205.55 280.347 235.628 125.878 74.271 58.8703 57.1867 54.4288 52.9269 47.9926 43.9158 33.0648 28.1621 25.8113 24.6005 24.2221 23.7683 22.408 21.329 20.6262 19.3892 45.7146 19.317 32.0231 19.1537 18.3613 17.9826 18.8813
threshold=16.95029449462891 -8.7573966979980451 26.324141502380375 -14.292426109313963 -3.8371863365173335 1.1074613332748415 -11.834106445312498 4.3717133998870858 0 28.101893424987797 -10.458421707153319 22.935878753662113 0.2360343933105469 1.882338345050812 0.54788589477539074 4.8879408836364755 24.202914237976078 1 4.5807106494903573 12.597339630126955 6.0625000000000009 -9.7589874267578107 8.2283630371093768 9.0243248939514178 1.7468279004096987 2 -7.1247558593749991 26.950093269348148 18.531413078308109 3
decision_type=2 2 2 2 2 2 2 2 9 2 2 2 2 2 2 2 2 9 2 2 2 2 2 2 2 9 2 2 2 9
left_child=1 3 5 -1 12 17 13 18 9 -4 20 28 14 -6 -3 19 24 -2 -8 22 -5 -12 -9 -24 -13 -26 -18 -10 -7 -30
right_child=2 4 8 10 6 11 7 15 27 -11 21 16 -14 -15 -16 -17 26 -19 -20 -21 -22 -23 23 -25 25 -27 -28 -29 29 -31
leaf_value=-0.6225868549339153 0.027504162049510512 -0.11746104175443169 0.071911392426426635 -0.19722345747584114 -0.066788747012177838 -0.0022229001003695715 -0.050323761073835842 -0.020568317809846734 0.055460764767612435 0.21128951128695264 -0.13691556747389469 0.070435910416136102 -0.14342269833715066 -0.13957343894703705 -0.072140515869732275 -0.060677297010157505 -0.001229372557523618 0.038204574335670073 -0.087460055111432497 -0.010928286126777991 -0.26060198775328963 -0.20007401610956493 -0.06445432449533961 -0.025915611588623193 0.077264923722452541 -0.0019373680801297157 0.025872521431630276 0.13119951652663445 0.024851377986145097 0.0076861709510028225
leaf_weight=9499 4619 4474 17423 4307 4072 5820 20528 12165 20429 22260 2573 6361 5121 2047 4978 2089 2593 17254 2409 8591 5395 2237 2666 6621 2158 2098 16812 158444 11854 12222
leaf_count=9499 4619 4474 17423 4307 4072 5820 20528 12165 20429 22260 2573 6361 5121 2047 4978 2089 2593 17254 2409 8591 5395 2237 2666 6621 2158 2098 16812 158444 11854 12222
internal_value=0.0066802 -0.0203572 0.0156621 -0.0457075 -0.0123179 0.0073757 -0.0101376 -0.00920532 0.0187627 0.0159741 -0.0386558 0.00547791 -0.0214592 -0.0184989 -0.0181864 -0.00699148 0.00773708 0.0125696 -0.0123023 -0.00638938 -0.0421046 -0.0316266 -0.00777188 -0.010526 0.0108347 0.00663854 0.0060376 0.0193784 0.00320738 0.00417172
internal_weight=400119 99772 300347 24011 75761 81791 61188 55069 218556 39683 14512 59918 14573 6119 9452 32132 30022 21873 22937 30043 9702 4810 21452 9287 10617 4256 19405 178873 29896 24076
internal_count=400119 99772 300347 24011 75761 81791 61188 55069 218556 39683 14512 59918 14573 6119 9452 32132 30022 21873 22937 30043 9702 4810 21452 9287 10617 4256 19405 178873 29896 24076
cat_boundaries=0 32 64 93 125
cat_threshold=0 0 0 128 0 0 2048 0 0 49152 0 0 3932160 0 0 333447168 0 0 3221225472 3 0 0 35 0 0 5 0 0 48 0 0 12288 0 0 0 128 0 0 2048 0 0 49152 0 0 0 0 0 50331648 0 0 2684354560 3 0 2147483648 51 0 0 9 0 0 16 0 0 256 0 0 0 0 0 0 0 0 0 114688 0 0 3407872 0 0 385875968 0 0 2701131776 1 0 268435456 0 0 0 15 0 0 16 0 0 0 0 0 0 0 0 0 0 0 0 58720256 0 0 605028352 0 0 3539992576 3 0 2415919104 51 0 0 13 0 0 8240 0 0 65792
is_linear=0
shrinkage=0.08


Tree=26
num_leaves=31
num_cat=1
split_feature=42 24 42 44 24 2 33 3 34 6 34 34 10 33 19 38 30 24 42 31 42 33 34 7 33 21 31 29 35 35
split_gain=13716.1 2620.23 1124.14 351.08 231.138 150.467 109.178 72.9204 70.5886 77.3849 64.1596 64.0095 63.5747 57.3906 55.9285 55.5661 44.4223 44.1891 42.0989 36.4569 36.4263 51.3914 33.5564 32.9696 31.865 29.0618 27.3307 26.0811 25.3055 24.0242
threshold=17.137451171875004 -2.5363464355468746 26.297382354736332 -14.008723735809324 3.5998077392578129 1.0000000180025095e-35 18.493632316589359 290.15364074707037 2.0079040527343754 0 -6.6523742675781241 -14.520019531249998 3.2964507341384892 17.580479621887211 1.4206603169441225 1.7497081756591799 0.71875000000000011 -11.585052490234373 28.968132019042972 64.892086029052749 13.834983825683596 23.488703727722172 -6.4603576660156241 1.5000000000000002 19.656000137329105 1.9895210862159731 41.853982925415046 0.28892135620117193 0.41532516479492193 0.37336349487304693
decision_type=2 2 2 2 2 2 2 2 2 1 2 2 2 2 2 2 2 2 2 2 2 2 2 2 2 2 2 2 2 2
left_child=1 3 5 17 10 8 16 -4 14 24 -3 -6 23 29 22 20 -5 -1 -9 -8 21 28 -2 -11 27 -19 -15 -10 -13 -12
right_child=2 4 7 6 11 -7 19 18 9 12 13 15 -14 26 -16 -17 -18 25 -20 -21 -22 -23 -24 -25 -26 -27 -28 -29 -30 -31
leaf_value=-0.65741979911732695 0.015360966926728281 -0.1432498935609017 0.10830762014590989 -0.13407277228116043 -0.10015746747957466 0.035079107443876156 -0.1082968620756618 0.070664705049181514 -0.0020510236453286268 0.0050162034048587146 -0.12541368681212459 -0.052371841126431902 0.022199770967545333 -0.028743882882578901 0.010391010852633685 -0.049509877451181628 -0.21724514957664773 -0.32770695202015421 0.25364245773472838 -0.17410466549046305 -0.0048012119272252815 -0.0081361609620095466 0.041806090925992336 -0.01999555339291156 0.069662951248726582 -0.32299383476185822 -0.069294214958248612 0.046230163075211904 -0.026066510225882595 -0.092028190424101888
leaf_weight=6146 6793 4373 184700 2409 2717 14172 3298 19226 3738 3115 3574 7730 3731 2765 7514 13411 8067 2613 12084 2237 8151 7183 29976 6778 5063 2245 5613 2116 15975 2527
leaf_count=6146 6793 4373 184700 2409 2717 14172 3298 19226 3738 3115 3574 7730 3731 2765 7514 13411 8067 2613 12084 2237 8151 7183 29976 6778 5063 2245 5613 2116 15975 2527
internal_value=0.00680415 -0.0186782 0.015415 -0.0399993 -0.0108922 0.00750018 -0.0323987 0.0184555 0.00595287 0.00250988 -0.0185389 -0.00827627 -0.00151275 -0.0159528 0.00785993 -0.00765307 -0.0372153 -0.0510187 0.0148723 -0.0232317 -0.0061241 -0.00737912 0.00914489 -0.00486923 0.00752126 -0.0450205 -0.0116309 0.00349932 -0.00917478 -0.0218589
internal_weight=400040 101034 299006 27015 74019 82996 16011 216010 68824 24541 18852 55167 13624 14479 44283 52450 10476 11004 31310 5535 39039 30888 36769 9893 10917 4858 8378 5854 23705 6101
internal_count=400040 101034 299006 27015 74019 82996 16011 216010 68824 24541 18852 55167 13624 14479 44283 52450 10476 11004 31310 5535 39039 30888 36769 9893 10917 4858 8378 5854 23705 6101
cat_boundaries=0 1
cat_threshold=3
is_linear=0
shrinkage=0.08


Tree=27
num_leaves=31
num_cat=8
split_feature=45 45 45 45 45 16 5 45 45 33 27 28 6 33 22 39 6 5 40 13 28 14 45 33 5 5 5 5 13 29
split_gain=12554.2 2805.34 1165.8 285.59 234.771 131.821 65.7709 64.0906 63.543 53.115 49.2951 44.1308 74.7634 42.305 38.876 38.3243 32.1007 48.0763 49.6085 30.4632 29.8329 29.206 28.6742 26.5907 25.8829 25.3027 23.6947 23.6753 22.5895 21.9974
threshold=17.821199417114261 -9.8891592025756818 26.599131584167484 -15.078511238098143 -3.8371863365173335 0.78579652309417736 0 28.312583923339847 9.0243248939514178 22.308287620544437 1008.3405761718751 1013.9171752929689 1 16.672703742980961 0.10442733764648439 1.7668656110763552 2 3 2.7391424179077153 1.089725196361542 1002.9078063964845 2.5639272928237919 -7.6388113498687735 23.87961578369141 4 5 6 7 1.7107998728752138 0.46439361572265631
decision_type=2 2 2 2 2 8 9 2 2 2 2 2 1 2 2 2 1 9 2 2 2 2 2 2 9 9 9 9 2 2
left_child=1 3 5 -1 9 24 7 -4 10 22 -6 16 -13 -5 -11 23 17 18 19 -7 -18 26 -3 -12 -2 -22 -14 -15 -10 -25
right_child=2 4 6 13 8 11 -8 -9 28 14 15 12 21 27 -16 -17 20 -19 -20 -21 25 -23 -24 29 -26 -27 -28 -29 -30 -31
leaf_value=-0.57361398069087044 0.025040910389439688 -0.13736670814030746 0.067105102588729718 -0.2141939668714759 -0.09879156856596101 0.0018918934865980929 0.10140936795611197 0.1997341505425618 -0.012584127936328286 -0.028313037629939756 -0.038762172210107353 0.062019469471466096 -0.021242671727192998 -0.19038586309690381 -0.098134229562081579 -0.075639826196578261 0.0071444247923157182 0.028139858731652936 0.058562126220950431 -0.039421813044386626 0.026393911743836398 0.010014319449216699 -0.094237946582537799 -0.0053751474372709974 0.035381066781274909 0.044716365022988001 0.0003946820085105429 -0.15462999611489039 -0.056741773005861161 -0.045497167128711526
leaf_weight=7910 5844 4991 18141 6987 2178 3398 166983 24127 18021 2900 26008 2698 3177 3150 2381 4157 4546 6606 2040 2544 16548 3154 7435 4706 13576 21556 2564 2805 3819 5432
leaf_count=7910 5844 4991 18141 6987 2178 3398 166983 24127 18021 2900 26008 2698 3177 3150 2381 4157 4546 6606 2040 2544 16548 3154 7435 4706 13576 21556 2564 2805 3819 5432
internal_value=0.00688156 -0.0172067 0.0152119 -0.0434014 -0.0105434 0.00749935 0.0184641 0.0156092 -0.00829553 -0.0186996 -0.0100986 0.00585552 0.0013531 -0.0360253 -0.011941 -0.00946047 0.00676705 0.00351588 -0.000664834 -0.00436156 0.00787532 -0.00219181 -0.02156 -0.00861932 0.0133196 0.00860786 -0.00558859 -0.0309304 -0.00478535 -0.00513599
internal_weight=400382 102880 297502 20852 82028 88251 209251 42268 64321 17707 42481 68831 11593 12942 5281 40303 57238 14588 7982 5942 42650 8895 12426 36146 19420 38104 5741 5955 21840 10138
internal_count=400382 102880 297502 20852 82028 88251 209251 42268 64321 17707 42481 68831 11593 12942 5281 40303 57238 14588 7982 5942 42650 8895 12426 36146 19420 38104 5741 5955 21840 10138
cat_boundaries=0 32 33 34 57 83 115 147 179
cat_threshold=0 0 0 128 0 0 2048 0 0 114688 0 0 3932160 0 0 333447168 0 0 3758096384 3 0 0 35 0 0 5 0 0 48 0 0 4096 3 1 16 0 0 256 0 0 0 0 0 2371584 0 0 37879808 0 0 1071644672 0 0 4227858432 3 0 3221225472 1 0 0 0 128 0 0 31744 0 0 2113536 0 0 262144 0 0 1019215872 0 0 3825205248 3 0 0 3 0 0 1 8 0 0 128 0 0 3072 0 0 2875392 0 0 29360128 0 0 6291456 0 0 520093696 1 0 0 51 0 0 1 0 0 320 0 0 14336 0 0 0 0 0 0 2048 0 0 147456 0 0 1835008 0 0 328204288 0 0 3674210304 3 0 805306368 16 0 0 2 0 0 0 0 0 256 0 0 0 0 0 0 0 0 0 0 0 0 0 0 0 0 0 0 0 0 0 0 31 0 0 312 0 0 8576 0 0 32768
is_linear=0
shrinkage=0.08


Tree=28
num_leaves=31
num_cat=4
split_feature=41 41 41 41 41 28 19 6 38 38 6 38 10 34 6 30 39 41 38 7 13 41 3 34 6 38 16 10 41 19
split_gain=11204.7 2170.79 1049.44 286.301 218.516 127.843 100.792 87.7339 76.543 75.8228 75.6136 80.0283 55.727 52.529 51.5418 47.7646 45.281 40.3888 40.3146 39.4273 39.3669 36.975 36.7471 34.0806 33.4775 30.2452 29.5715 29.1262 26.7347 25.3709
threshold=17.865936279296879 -9.4903459548950178 26.680010795593265 -3.7930114269256587 -14.842382431030272 1013.9171752929689 0.86333897709846508 0 -4.7427287101745597 -1.2831134796142576 1 -2.1274013519287105 3.2964507341384892 -11.834106445312498 2 2.4062500000000004 1.1930717229843142 28.485527992248539 -1.120550751686096 1.5000000000000002 1.2987784743309023 12.597339630126955 290.15364074707037 1.4925537109375002 3 1.4833631515502932 2.672854065895081 1.6938580274581911 28.375350952148441 0.67343357205390941
decision_type=2 2 2 2 2 2 2 1 2 2 1 2 2 2 1 2 2 2 2 2 2 2 2 2 1 2 10 2 2 2
left_child=1 4 5 10 -1 6 18 -7 -5 17 -3 -12 19 25 16 26 20 29 -2 -9 -8 24 23 -11 -15 -10 -6 -13 -24 -4
right_child=2 3 9 8 15 7 14 12 13 22 11 27 -14 21 -16 -17 -18 -19 -20 -21 -22 -23 28 -25 -26 -27 -28 -29 -30 -31
leaf_value=-0.55952672863950048 0.014474818942718386 -0.068129386903503036 0.029399654836423397 -0.098049495403498346 -0.15474620079661619 0.049248637152007294 0.0090898477699578005 0.0032050515865523011 -0.11207045173013926 0.097908740101654249 -0.16700854870264564 -0.062199451607401687 0.016692118203930021 -0.024591544087798366 0.04089189871130515 -0.2202093301875904 0.063704865932074889 0.13342355454102886 0.040230644091471958 -0.024917095323775128 -0.038258220749850129 -0.0070289237990462184 0.069973005340642658 0.046347862809002723 -0.047964074861888889 -0.05483325882403927 -0.16421868220453859 -0.11649282744166016 0.23756892470659879 0.017083312726382048
leaf_weight=6454 5036 7337 3487 2112 2268 3693 5196 2372 2038 155655 4273 3562 3465 31914 33114 8303 2012 10356 31611 5064 2688 10064 10627 10695 11284 4047 2377 4519 9890 4658
leaf_count=6454 5036 7337 3487 2112 2268 3693 5196 2372 2038 155655 4273 3562 3465 31914 33114 8303 2012 10356 31611 5064 2688 10064 10627 10695 11284 4047 2377 4519 9890 4658
internal_value=0.00694381 -0.0161628 0.0146986 -0.0104125 -0.0401958 0.0077086 0.00896959 0.000824432 -0.00772064 0.0179061 -0.0188062 -0.0226378 -0.00278912 -0.00718534 0.00634031 -0.0341472 0.00126664 0.0130052 0.0120528 -0.00669353 -0.00146947 -0.00637859 0.0183906 0.0187865 -0.00739585 -0.0142248 -0.0275102 -0.0179335 0.0151732 0.00877253
internal_weight=400171 100552 299619 81150 19402 94251 79657 14594 61459 205368 19691 12354 10901 59347 43010 12948 9896 18501 36647 7436 7884 53262 186867 166350 43198 6085 4645 8081 20517 8145
internal_count=400171 100552 299619 81150 19402 94251 79657 14594 61459 205368 19691 12354 10901 59347 43010 12948 9896 18501 36647 7436 7884 53262 186867 166350 43198 6085 4645 8081 20517 8145
cat_boundaries=0 1 2 3 4
cat_threshold=3 2 1 6
is_linear=0
shrinkage=0.08


Tree=29
num_leaves=31
num_cat=6
split_feature=43 24 43 42 24 14 5 33 34 42 33 24 27 42 5 14 5 33 21 36 5 42 1 14 34 34 27 33 5 5
split_gain=9986.36 1911.72 1182.5 286.895 218.917 109.619 109.32 93.9234 66.4776 66.4066 63.3566 46.275 45.559 37.5685 35.1304 31.9807 29.7792 27.3183 27.1027 26.7297 25.9844 25.9549 24.5226 22.7792 22.4463 22.1054 52.3657 22.6833 28.4528 21.5082
threshold=17.151924133300785 -4.1370544433593741 26.566643714904789 -16.735918045043942 3.5998077392578129 1.1074613332748415 0 16.286399841308597 -6.8395080566406241 29.046817779541019 17.580479621887211 30.085723876953129 1008.2897033691407 27.014854431152347 1 0.84605792164802562 2 18.07929611206055 1.5479229092597964 1.6407966613769533 3 -12.729434967041014 80.750000000000014 2.8226450681686406 -2.1119689941406246 -6.9306640624999991 1010.8865661621095 15.906623840332033 4 5
decision_type=2 2 2 2 2 2 9 2 2 2 2 2 2 2 9 2 9 2 2 2 9 2 2 2 2 2 2 2 9 9
left_child=1 3 5 17 8 14 9 21 20 -4 19 25 -6 15 -2 -8 -9 -1 -14 23 -3 -5 -12 -10 -18 -7 -27 -28 -29 -13
right_child=2 4 6 7 12 11 13 16 10 -11 22 29 18 -15 -16 -17 24 -19 -20 -21 -22 -23 -24 -25 -26 26 27 28 -30 -31
leaf_value=-0.5502586376407298 0.017951409278831678 -0.092263726469564628 0.05873675585791624 -0.23047609091702087 -0.075766803294769286 -0.0023374823140298417 0.041103003393805723 -0.1560134928198734 -0.1339617603005506 0.20299084500556697 -0.069804496291758403 0.024076678158725003 -0.014064279785966853 0.10377049890133436 0.02962345991848906 0.030311322346622375 -0.15843682478762725 -0.42366134760166729 -0.037019601377473989 -0.076159819053466887 -0.16767029652415516 -0.16117681198611039 -0.03366164577243589 -0.087715786140867211 -0.079111171357128043 0.042919804398070201 -0.00068210725234109761 0.0052844153005403884 0.023994993566894253 0.061714393735287559
leaf_weight=4235 8847 2967 21562 4180 3532 6212 19871 3916 2189 16274 2635 3919 29232 145241 20681 4847 2063 2025 22600 3767 2217 3777 7655 2189 2042 10293 9953 13389 11738 6127
leaf_count=4235 8847 2967 21562 4180 3532 6212 19871 3916 2189 16274 2635 3919 29232 145241 20681 4847 2063 2025 22600 3767 2217 3777 7655 2189 2042 10293 9953 13389 11738 6127
internal_value=0.00700471 -0.0147131 0.0143583 -0.0354279 -0.00887699 0.00676085 0.0176907 -0.0297048 -0.0153244 0.0137743 -0.0130604 0.00483931 -0.00612417 0.0185598 0.0107685 0.0156567 -0.0235363 -0.0499649 -0.00552294 -0.0183323 -0.0233346 -0.0358855 -0.00887379 -0.022598 -0.018497 0.00387053 0.00448318 0.0030094 0.00428929 0.00980509
internal_weight=400175 101221 298954 22238 78983 91159 207795 15978 23619 37836 18435 61631 55364 169959 29528 24718 8021 6260 51832 8145 5184 7957 10290 4378 4105 51585 45373 35080 25127 10046
internal_count=400175 101221 298954 22238 78983 91159 207795 15978 23619 37836 18435 61631 55364 169959 29528 24718 8021 6260 51832 8145 5184 7957 10290 4378 4105 51585 45373 35080 25127 10046
cat_boundaries=0 32 64 96 128 160 192
cat_threshold=0 0 0 128 0 0 2048 0 0 49152 0 0 3932160 0 0 333447168 0 0 3221225472 3 0 0 35 0 0 5 0 0 48 0 0 12544 17 0 0 384 0 0 30720 0 0 49152 0 0 0 0 0 419430400 0 0 3758096384 3 0 2147483648 51 0 0 9 0 0 16 0 0 256 0 0 0 0 0 0 0 0 0 0 0 0 0 0 0 0 0 0 0 0 0 0 31 0 0 280 0 0 384 0 0 1024 0 0 0 0 0 0 0 0 0 0 0 0 0 0 0 0 0 0 0 0 0 0 62 0 0 616 0 0 2496 0 0 65536 24 0 0 192 0 0 3072 0 0 2613248 0 0 34209792 0 0 31457280 0 0 1056964608 0 0 268435456 3 0 0 0 0 0 256 0 0 4352 24 0 0 0 0 0 0 0 0 2236416 0 0 54919168 0 0 309329920 0 0 50331648 0 0 0 1 0 0 1 0 0 256 0 0 12288
is_linear=0
shrinkage=0.08


Tree=30
num_leaves=31
num_cat=7
split_feature=45 45 45 45 15 45 5 45 30 45 43 45 22 37 7 38 5 5 5 45 5 30 14 10 45 14 26 6 5 30
split_gain=9116.23 2100.94 1221.57 385.545 147.963 137.24 82.4133 75.1128 61.6404 47.3654 57.4401 42.0144 39.7268 32.212 34.1059 31.2195 26.1077 25.2479 25.132 23.8004 23.9076 22.1826 21.9369 32.399 21.4507 21.4228 21.3145 25.5776 30.4142 26.7451
threshold=18.199746131896976 -9.8891592025756818 26.844254493713382 -16.021200180053707 0.639519363641739 1.627222537994385 0 28.869156837463382 6.6875000000000009 -7.0711865425109854 -9.7589874267578107 27.314851760864261 1.4262199401855471 -0.18867492675781247 1.5000000000000002 1.1439554691314699 1 2 3 21.34037017822266 4 71.437500000000014 2.767644047737122 2.6562263965606694 -12.304445743560789 0.82023805379867565 3.2206459045410161 5 6 3.1562500000000004
decision_type=2 2 2 2 8 2 9 2 2 2 2 2 2 2 2 2 9 9 9 2 9 2 2 2 2 2 2 1 9 2
left_child=1 3 4 -1 16 9 7 -4 22 10 -3 25 17 18 -15 26 -2 -11 -6 -16 -21 -14 -5 -24 -10 -8 27 28 -7 -29
right_child=2 5 6 8 13 15 11 -9 24 12 -12 -13 21 14 19 -17 -18 -19 -20 20 -22 -23 23 -25 -26 -27 -28 29 -30 -31
leaf_value=-0.49734060624401749 0.018307109410607085 -0.036421291014112324 0.063300038922584886 -0.1361599134574854 -0.0019773658963176642 0.0039247193422518476 0.039724528235315762 0.20183521577960592 -0.20439842363410413 -0.028682369702437482 -0.11475721742482307 0.10731456211422767 -0.058144557999625805 0.038250289510577885 0.0040563062679134987 -0.03127825337647417 0.028141690435741395 -0.054040819821286348 0.014703027458575662 0.03725868278121041 0.017857672124137663 -0.11174067536026293 -0.070658039553275709 -0.15670540328660565 -0.1530665022869141 0.032352518235139772 -0.030588300356328979 0.016788619107528487 -0.035153596335353254 -0.010816219363953206
leaf_weight=6276 5710 2476 21478 2424 7774 2142 25062 19712 4391 10872 5677 127810 3537 12817 6947 17160 14249 8380 23097 6295 20550 2630 2004 2193 3414 4180 7222 5206 4993 13435
leaf_count=6276 5710 2476 21478 2424 7774 2142 25062 19712 4391 10872 5677 127810 3537 12817 6947 17160 14249 8380 23097 6295 20550 2630 2004 2193 3414 4180 7222 5206 4993 13435
internal_value=0.0069809 -0.0133372 0.0141573 -0.036151 0.00682182 -0.00769286 0.0177622 0.014547 -0.0289138 -0.0116515 -0.0169619 0.0186024 -0.00994219 0.00523835 0.00656599 -0.00504146 0.0129631 -0.00814453 0.00323241 0.00523046 0.00631018 -0.0155318 -0.0231609 -0.0195626 -0.0337582 0.0158499 -0.00360034 -0.0025223 -0.0065884 -0.00095922
internal_weight=400113 104432 295681 20702 97439 83730 198242 41190 14426 33572 8153 157052 25419 77480 46609 50158 19959 19252 30871 33792 26845 6167 6621 4197 7805 29242 32998 25776 7135 18641
internal_count=400113 104432 295681 20702 97439 83730 198242 41190 14426 33572 8153 157052 25419 77480 46609 50158 19959 19252 30871 33792 26845 6167 6621 4197 7805 29242 32998 25776 7135 18641
cat_boundaries=0 32 58 90 122 154 155 187
cat_threshold=0 0 0 128 0 0 2048 0 0 114688 0 0 3932160 0 0 870318080 0 0 3758096384 3 0 0 33 0 0 5 0 0 48 0 0 4096 16 0 0 448 0 0 30720 0 0 2146304 0 0 33816576 0 0 1044381696 0 0 3254779904 3 0 268435456 0 0 0 1 0 0 0 0 0 0 0 0 0 0 0 0 0 0 0 0 0 0 2147483648 0 0 0 63 0 0 996 0 0 1536 0 0 256 0 0 0 0 0 0 139264 0 0 3080192 0 0 12582912 0 0 149946368 0 0 855638016 0 0 0 33 0 0 0 0 0 320 0 0 14592 928 0 0 15408 0 0 164608 0 0 524288 0 0 8454144 0 0 545259520 0 0 4093640704 0 0 3221225472 0 0 0 6 0 0 48 0 0 256 8 0 0 0 0 0 0 0 0 0 0 0 0 52428800 0 0 809500672 0 0 117440512 0 0 1879048192 6 0 0 134 0 0 12544 0 0 71680
is_linear=0
shrinkage=0.08


Tree=31
num_leaves=31
num_cat=0
split_feature=23 41 23 24 41 3 3 33 44 41 33 24 44 10 34 34 38 21 19 10 10 33 35 34 44 12 24 33 34 26
split_gain=8046.03 1782.44 913.908 327.724 207.318 137.577 94.0913 87.228 86.7399 61.8039 60.6572 56.1454 54.6056 54.4275 52.6782 47.4121 42.7263 34.3586 34.2992 39.3039 32.3001 30.5204 40.9787 34.7401 28.5724 26.8123 26.1761 25.5749 22.4256 21.9876
threshold=19.973983764648441 -10.565097808837889 26.723613739013675 3.0746002197265629 -15.928809642791746 1.0000000180025095e-35 290.15364074707037 17.131584167480472 13.828519821166994 27.587244987487797 18.283967971801761 33.580108642578132 -7.1117959022521964 1.8610587716102602 -1.8670349121093748 0.20950317382812503 0.045410752296447761 0.64525672793388378 1.3359603285789492 1.482197701931 2.4073460102081303 20.834112167358402 0.42963027954101568 -6.4603576660156241 -14.008723735809324 2.439576387405396 -14.299041748046873 23.720640182495121 -9.1777038574218732 1.9605359435081484
decision_type=2 2 2 2 2 2 2 2 2 2 2 2 2 2 2 2 2 2 2 2 2 2 2 2 2 2 2 2 2 2
left_child=1 4 5 7 26 15 9 12 25 17 13 -8 20 -6 -9 -2 21 -4 -18 -20 -3 22 -7 -24 -15 27 -1 -5 -27 -16
right_child=2 3 6 8 10 16 11 14 -10 -11 -12 -13 -14 24 29 -17 18 -19 19 -21 -22 -23 23 -25 -26 28 -28 -29 -30 -31
leaf_value=-0.62208531116705945 0.032687374609911189 -0.090757724944818249 0.044423366871652097 -0.024843786799071382 -0.11355146352831927 -0.0025964814201542199 0.053277781428625846 -0.071576844902716208 -0.00010516126746264121 0.1145722926529021 -0.12426736798833958 0.19765734121180173 -0.071879931356017585 -0.24913688656440131 -0.062407332731215188 0.018253324624415299 0.036406888453751667 0.054571552748538824 0.065707805444378806 -0.026740781438496699 -0.15695008198854993 0.037109218387680588 -0.0021208577300942011 0.026588297930477723 -0.1770163146885452 -0.084400069016660306 -0.35958259798151149 -0.0094051985438953888 -0.039736819235075452 -0.016122923357873731
leaf_weight=2456 10378 2977 42138 30809 2276 12830 16734 8408 23382 112439 3421 10637 4940 2988 2642 16198 20258 14488 3155 3257 3834 5735 4979 11303 2618 2233 2389 10876 3518 5197
leaf_count=2456 10378 2977 42138 30809 2276 12830 16734 8408 23382 112439 3421 10637 4940 2988 2642 16198 20258 14488 3155 3257 3834 5735 4979 11303 2618 2233 2389 10876 3518 5197
internal_value=0.00692025 -0.0109402 0.0141369 -0.00691154 -0.0355737 0.00736524 0.0171732 -0.0142374 -0.00401367 0.0178786 -0.029589 0.0128111 -0.0194898 -0.0334668 -0.0104287 0.0121748 0.00528581 0.0157137 0.00769565 0.00259109 -0.0241402 0.00343977 0.0023872 0.00505033 -0.0377279 -0.00597901 -0.0494459 -0.00527018 -0.0110988 -0.00570009
internal_weight=399493 114964 284529 98816 16148 88093 196436 27998 70818 169065 11303 27371 11751 7882 16247 26576 61517 56626 26670 6412 6811 34847 29112 16282 5606 47436 4845 41685 5751 7839
internal_count=399493 114964 284529 98816 16148 88093 196436 27998 70818 169065 11303 27371 11751 7882 16247 26576 61517 56626 26670 6412 6811 34847 29112 16282 5606 47436 4845 41685 5751 7839
is_linear=0
shrinkage=0.08


Tree=32
num_leaves=31
num_cat=2
split_feature=45 45 45 45 45 16 45 14 45 22 3 22 45 34 6 22 37 7 27 21 14 31 34 43 3 26 6 45 23 41
split_gain=7511.22 1687.16 1202.83 298.438 215.95 121.02 98.3778 91.3598 57.0414 56.1274 53.7812 48.5131 46.3876 32.9671 34.1639 29.7491 29.295 41.178 27.6554 27.4999 25.4497 25.1277 20.3758 19.8048 19.1741 19.0649 18.6777 16.697 19.9322 16.1614
threshold=18.531413078308109 -11.669060230255125 26.844254493713382 -17.063447952270504 -7.0711865425109854 0.71400088071823131 27.588443756103519 0.82023805379867565 4.3717133998870858 0.024318695068359378 214.59271240234378 0.018596649169921878 29.441835403442386 -5.8407287597656241 0 3.2029151916503911 0.042308807373046882 1.5000000000000002 1012.7457580566407 1.639541029930115 1.2363364696502688 34.508890151977546 -7.7219238281249991 -10.964972019195555 35.413455963134773 1.9999501109123232 1 13.963983535766603 12.326766967773439 26.293337821960453
decision_type=2 2 2 2 2 8 2 2 2 2 2 2 2 2 1 2 2 2 2 2 2 2 2 2 2 2 1 2 2 2
left_child=1 3 5 -1 11 18 7 -4 13 -5 -8 23 -12 15 21 -6 20 -18 24 27 -7 -15 -9 -3 -2 -11 -19 28 -10 -20
right_child=2 4 6 9 8 16 10 22 19 25 12 -13 -14 14 -16 -17 17 26 29 -21 -22 -23 -24 -25 -26 -27 -28 -29 -30 -31
leaf_value=-0.47856314569752273 0.02646246747949263 -0.033750506340201054 0.037869619592232485 -0.11014632971197315 -0.0424590668715846 0.017449790728158804 0.10958752120356061 0.0054746282852070746 -0.0099339960718743472 -0.18687657166674015 0.074047073331297078 -0.12181563270885765 0.24215508820640708 0.025182092394808064 -0.045409578529169686 -0.088839317912812202 0.036110938937110579 0.057372959289118626 0.022697201834444344 -0.034114136400814225 0.0060665540856783906 -0.023463928537059715 0.036550726846398693 -0.076766749823263397 0.021806465632904733 -0.19300140892011364 0.011580948161718965 0.00093899985910155697 -0.037353604165664578 0.0050727395020021505
leaf_weight=4793 12375 2199 43481 4997 9180 10729 111528 2057 17552 2009 14346 6326 14214 2026 10943 2574 10890 4619 2853 12206 27380 10189 12522 4392 2984 4232 20339 9995 2403 3525
leaf_count=4793 12375 2199 43481 4997 9180 10729 111528 2057 17552 2009 14346 6326 14214 2026 10943 2574 10890 4619 2853 12206 27380 10189 12522 4392 2984 4232 20339 9995 2403 3525
internal_value=0.00683516 -0.0114183 0.013421 -0.0353207 -0.00715662 0.00605492 0.016978 0.0142022 -0.00555074 -0.0281472 0.0181273 -0.0167262 0.0150144 -0.00794227 -0.00618612 -0.0113941 0.00451147 0.00615316 0.0113018 -0.00356875 0.00296597 -0.00326441 0.00871204 -0.0118921 0.013142 -0.0332331 0.00435918 -0.00226302 -0.0035993 0.00685661
internal_weight=399858 106016 293842 16031 89985 95694 198148 58060 77068 11238 140088 12917 28560 34912 23158 11754 73957 35848 21737 42156 38109 12215 14579 6591 15359 6241 24958 29950 19955 6378
internal_count=399858 106016 293842 16031 89985 95694 198148 58060 77068 11238 140088 12917 28560 34912 23158 11754 73957 35848 21737 42156 38109 12215 14579 6591 15359 6241 24958 29950 19955 6378
cat_boundaries=0 1 2
cat_threshold=6 2
is_linear=0
shrinkage=0.08


Tree=33
num_leaves=31
num_cat=4
split_feature=43 41 43 24 41 41 15 41 3 41 16 6 10 10 34 31 37 7 40 27 6 10 27 6 6 43 27 39 26 41
split_gain=6603.87 1415.31 864 251.555 231.846 140.379 106.532 77.7046 62.2331 66.2778 58.5471 52.0913 51.0745 44.3333 34.7112 34.6381 29.7568 28.9321 27.8611 27.7833 24.5001 41.2505 23.969 31.4365 26.7006 23.676 28.1319 22.894 26.9128 22.3493
threshold=20.252180099487308 -10.565097808837889 26.566643714904789 1.5877075195312502 -17.367986679077145 27.605217933654789 0.93092933297157299 16.822158813476566 3.3835405111312871 28.798824310302738 0.73355636000633251 0 1.9002979397773745 1.7115024328231814 -13.970428466796873 41.853982925415046 0.25881958007812506 1.5000000000000002 4.334942340850831 1010.7043762207032 1 2.9699037075042729 1013.7031860351564 2 3 -11.566504955291746 1022.4835205078126 1.303148150444031 3.3195387125015263 -13.192596435546873
decision_type=2 2 2 2 2 2 10 2 2 2 8 1 2 2 2 2 2 2 2 2 1 2 2 1 1 2 2 2 2 2
left_child=1 4 10 11 -1 6 19 14 -7 -10 -2 15 -6 -13 -5 -3 22 -18 -16 -4 21 -9 24 -24 -12 -15 -27 28 -22 -14
right_child=2 3 5 7 12 8 -8 20 9 -11 16 13 29 25 18 -17 17 -19 -20 -21 27 -23 23 -25 -26 26 -28 -29 -30 -31
leaf_value=-0.51332011979855685 0.0198775877253199 -0.0055379760681837807 0.039198659967515537 -0.068051661584693376 -0.096392524919122979 0.086904819232626385 0.039147310424968114 -0.019338950600223656 0.065275223901394383 0.18622996164594752 0.033859580745837829 -0.044948044160866375 -0.21120800409266763 -0.14265619502008092 -0.01597849252673475 -0.065517946648692801 0.043299133025718466 0.022227770619021998 -0.046271318093537669 0.031025401868291596 0.014578471417134366 0.01133654288801182 0.023781462811152496 -0.008083888984442851 0.010742399247637025 -0.10691470771889591 -0.059474460835107122 0.044501282888934103 -0.022630566701336008 -0.14505189265039092
leaf_weight=3222 17450 2913 37999 3558 3826 71847 18227 4641 16853 41766 6817 4133 4763 2525 48872 6275 7302 16112 4884 21171 6856 3400 3843 6122 17667 4043 3655 2588 2042 4456
leaf_count=3222 17450 2913 37999 3558 3826 71847 18227 4641 16853 41766 6817 4133 4763 2525 48872 6275 7302 16112 4884 21171 6856 3400 3843 6122 17667 4043 3655 2588 2042 4456
internal_value=0.00676914 -0.00924928 0.0133679 -0.00570048 -0.0311323 0.0160278 0.0133241 -0.00348284 0.0176305 0.0156875 0.00602552 -0.0129337 -0.0263485 -0.0159488 -0.00496755 -0.00818419 0.00479913 0.00699966 -0.00445932 0.0149719 0.000875262 -0.00250837 0.0033019 -6.01504e-06 0.00464767 -0.0187882 -0.0165387 0.00324353 0.00131567 -0.0295872
internal_weight=399828 116652 283176 100385 16267 207863 77397 76841 130466 58619 75313 23544 13045 14356 57314 9188 57863 23414 53756 59170 19527 8041 34449 9965 24484 10223 7698 11486 8898 9219
internal_count=399828 116652 283176 100385 16267 207863 77397 76841 130466 58619 75313 23544 13045 14356 57314 9188 57863 23414 53756 59170 19527 8041 34449 9965 24484 10223 7698 11486 8898 9219
cat_boundaries=0 1 2 3 4
cat_threshold=2 8 3 8
is_linear=0
shrinkage=0.08


Tree=34
num_leaves=31
num_cat=1
split_feature=23 41 23 41 24 16 41 19 44 33 3 23 33 27 44 12 34 30 34 34 6 0 27 32 33 0 3 19 34 25
split_gain=5845.26 1185.77 913.851 224.294 209.032 132.581 120.426 82.8551 74.1245 63.0899 60.761 68.4928 60.0441 40.5367 35.5631 27.5972 26.6925 26.6135 24.9528 41.5605 44.0512 29.1243 24.7954 23.0108 22.1859 22.0202 21.7281 20.7223 20.5451 19.3143
threshold=19.973983764648441 -10.565097808837889 26.836856842041019 -17.367986679077145 1.0000000180025095e-35 0.73355636000633251 27.658625602722172 0.86718329787254345 13.134623527526857 15.732672214508058 10.082123279571535 29.354351043701175 16.925760269165043 1012.7457580566407 -15.636057853698729 2.0565565824508671 -11.568756103515623 629.31250000000011 -6.6523742675781241 0.61172485351562511 0 28.250000000000004 1021.6949462890626 514.81082153320324 24.131520271301273 16.250000000000004 35.413455963134773 0.69535836577415477 -6.3615417480468741 2.4701445102691655
decision_type=2 2 2 2 2 8 2 2 2 2 2 2 2 2 2 2 2 2 2 2 1 2 2 2 2 2 2 2 2 2
left_child=1 3 5 -1 12 13 7 17 15 14 -8 28 -3 26 -5 24 -17 -4 -7 -20 23 27 -14 -21 29 -15 -2 -22 -12 -6
right_child=2 4 6 9 8 18 10 -9 -10 -11 11 -13 22 25 -16 16 -18 -19 19 20 21 -23 -24 -25 -26 -27 -28 -29 -30 -31
leaf_value=-0.46196912307904742 0.023948019875339812 -0.096420266634148044 0.031338523808359754 -0.24081816263325237 -0.015914074943360678 0.0014037237332313168 0.085620959896399992 0.039504417298703132 0.00063726263908900902 -0.11853584194263732 0.041773848063905064 0.21186173722790194 -0.066405926955962258 -0.00026214465675366227 -0.13414895798350571 -0.080417178824558511 -0.033618166917715818 0.048393204429368453 0.026686428612684807 0.08179092579260995 0.0089501696478939859 0.030935225934294409 -0.030499332525720745 0.02191430860270174 -0.003648738961762348 0.016709212487351691 0.018050239076373133 -0.0032461183882001878 0.083621145841736327 -0.036331873709536958
leaf_weight=3248 18761 8607 29246 2104 25400 8638 68949 12690 24706 7624 6977 34262 5189 2725 3253 2541 10080 25998 27051 2915 7076 2113 5123 2002 9964 4023 3340 15492 12150 7242
leaf_count=3248 18761 8607 29246 2104 25400 8638 68949 12690 24706 7624 6977 34262 5189 2725 3253 2541 10080 25998 27051 2915 7076 2113 5123 2002 9964 4023 3340 15492 12150 7242
internal_value=0.00666059 -0.00855167 0.0128161 -0.0285867 -0.00525986 0.00636798 0.0160057 0.0132998 -0.00346922 -0.0238488 0.0175071 0.0154718 -0.0128195 0.010884 -0.0305236 -0.00509839 -0.00838413 0.0146393 0.0043711 0.00498173 0.00290867 0.00152625 -0.00868824 0.00980758 -0.00412333 0.0054454 0.0125413 0.000683852 0.0116246 -0.00513169
internal_weight=399489 115081 284408 16229 98852 94136 190272 67934 79933 12981 122338 53389 18919 28849 5357 55227 12621 55244 65287 56649 29598 24681 10312 4917 42606 6748 22101 22568 19127 32642
internal_count=399489 115081 284408 16229 98852 94136 190272 67934 79933 12981 122338 53389 18919 28849 5357 55227 12621 55244 65287 56649 29598 24681 10312 4917 42606 6748 22101 22568 19127 32642
cat_boundaries=0 1
cat_threshold=2
is_linear=0
shrinkage=0.08


Tree=35
num_leaves=31
num_cat=9
split_feature=23 23 23 23 16 23 5 33 29 6 10 23 5 5 5 34 5 30 5 38 28 3 33 19 6 36 33 5 28 40
split_gain=5265 1111.46 634.837 393.434 157.31 155.077 138.873 113.962 67.7218 63.6761 55.444 51.5929 44.4778 41.5775 38.4984 38.4741 39.6147 38.2316 37.2967 35.0406 33.7341 28.918 27.6412 25.7801 25.5468 25.1235 35.3941 26.0364 24.8166 23.8091
threshold=23.521526336669925 -4.9968490600585929 27.228942871093754 -17.911525726318356 0.77804476022720348 13.834983825683596 0 16.509119987487797 0.47549819946289068 1 1.841296970844269 30.800765991210941 2 3 4 -0.56695556640624989 5 3.5312500000000004 6 -4.3250584602355948 1011.0878295898439 267.91935729980474 17.080895423889164 1.4955707192420962 7 4.7364234924316415 14.876351833343508 8 1009.0053100585939 4.4099416732788095
decision_type=2 2 2 2 8 2 9 2 2 1 2 2 9 9 9 2 9 2 9 2 2 2 2 2 1 2 2 9 2 2
left_child=1 3 4 22 13 19 11 8 10 12 -5 -4 -8 20 -10 17 -17 -9 -6 -3 -2 -11 -1 -21 -7 26 -26 29 -15 -28
right_child=2 5 6 7 18 24 9 15 14 21 -12 -13 -14 28 -16 16 -18 -19 -20 23 -22 -23 -24 -25 25 -27 27 -29 -30 -31
leaf_value=-0.39928986672088768 0.018361405629121565 -0.060473807978857368 0.051705280412600842 -0.020458379458764497 0.033200469172661611 0.032330021025841024 0.055529234403986293 -0.036947292706703758 -0.12161026363514474 0.07982169814375055 -0.10376180067151257 0.24108320094240918 0.029786125970911143 0.02596357620573855 -0.16585871559015705 0.0090980976796670287 -0.070393489638608447 -0.09276401550852878 0.0123938405497222 -0.0091449114328036891 -0.003530345728592863 0.094231074659328021 -0.27610723122284064 -0.031094508516063771 -0.019078468870858813 0.015547488839275446 0.003853882076025883 -0.0069005479662402535 0.018983760716957364 0.027011272061009207
leaf_weight=2734 8186 2121 18859 2130 10456 7546 15018 3040 3011 103003 4528 6196 12024 17755 3732 2683 4467 6642 37249 26527 2053 10855 2004 28080 4920 8719 12797 10272 19748 2775
leaf_count=2734 8186 2121 18859 2130 10456 7546 15018 3040 3011 103003 4528 6196 12024 17755 3732 2683 4467 6642 37249 26527 2053 10855 2004 28080 4920 8719 12797 10272 19748 2775
internal_value=0.00654081 -0.00605573 0.0132259 -0.0183877 0.00802602 -0.00189791 0.0162158 -0.015019 -0.0205249 0.0171933 -0.014763 0.0107031 0.0136649 0.0112724 -0.0261839 -0.0106258 -0.00616201 -0.0139125 0.00477544 -0.0047136 0.00671995 0.0180288 -0.0398062 -0.0043199 0.00149876 0.000681974 -0.000392539 0.00079214 0.0125081 0.00285274
internal_weight=400130 138728 261402 34971 95447 103757 165955 30233 13401 140900 6658 25055 27042 47742 6743 16832 7150 9682 47705 56728 10239 113858 4738 54607 47029 39483 30764 25844 37503 15572
internal_count=400130 138728 261402 34971 95447 103757 165955 30233 13401 140900 6658 25055 27042 47742 6743 16832 7150 9682 47705 56728 10239 113858 4738 54607 47029 39483 30764 25844 37503 15572
cat_boundaries=0 32 33 55 78 110 142 174 175 207
cat_threshold=0 0 0 0 0 0 0 0 0 32768 0 0 3932160 0 0 333447168 0 0 3221225472 3 0 0 35 0 0 4 0 0 48 0 0 4096 8 0 0 0 10752 0 0 258816 0 0 1994752 0 0 29556736 0 0 134217728 0 0 184549376 0 0 4026531840 16 0 0 960 0 0 27648 0 0 2113536 0 0 33816576 0 0 884998144 0 0 536870912 3 0 0 1 0 0 0 0 0 0 0 0 0 0 0 0 0 0 0 0 0 0 0 0 0 0 61 0 0 972 0 0 96 0 0 67584 0 0 0 0 0 0 0 0 0 0 0 0 0 0 0 0 0 0 0 0 0 0 0 0 0 97 0 0 16144 0 0 26624 964 0 0 14864 0 0 58112 0 0 524288 0 0 3145728 0 0 201326592 0 0 201326592 0 0 4026531840 16 0 0 2 0 0 336 0 0 256 2 0 0 0 0 0 0 0 0 0 557056 0 0 29229056 0 0 751828992 0 0 2130706432 0 0 2147483648 50 0 0 15 0 0 32 0 0 256
is_linear=0
shrinkage=0.08


Tree=36
num_leaves=31
num_cat=6
split_feature=23 24 23 44 44 17 5 24 33 24 23 5 5 5 44 19 28 34 26 19 34 5 5 28 33 31 33 31 34 33
split_gain=4657.6 979.356 635.132 266.951 207.028 161.58 145.265 67.3746 57.971 52.0764 51.6517 49.0341 43.1168 42.5357 38.6139 34.1586 32.7917 30.3106 28.8966 26.7214 26.3039 29.0159 25.3025 24.6383 23.206 25.3097 23.2055 27.4818 26.8547 42.3945
threshold=23.521526336669925 -4.7101135253906241 27.406639099121097 -19.329110145568844 13.134623527526857 0.80930548906326305 0 0.55941772460937511 18.07929611206055 35.564483642578132 27.983081817626957 1 2 3 -14.769707202911375 0.53875851631164562 1007.9096679687501 -13.970428466796873 7.6858797073364267 0.91688245534896862 -6.9306640624999991 4 5 1011.3809204101564 16.876223564147953 47.119762420654304 23.566656112670902 69.849697113037124 -1.4239501953124998 14.801856040954592
decision_type=2 2 2 2 2 8 9 2 2 2 2 9 9 9 2 2 2 2 2 2 2 9 9 2 2 2 2 2 2 2
left_child=1 3 5 -1 7 11 9 16 14 19 15 23 -10 -7 -5 -8 -3 -9 -13 -4 -15 -22 -12 -2 -18 -26 27 28 -19 -30
right_child=2 4 6 8 -6 13 10 17 12 -11 22 18 -14 20 -16 -17 24 26 -20 -21 21 -23 -24 -25 25 -27 -28 -29 29 -31
leaf_value=-0.38878331538906963 0.017072446497024673 -0.10980713568426161 0.068065721784375977 -0.17160878736821736 0.0043356272522012771 0.030581193651395468 0.042073262275485489 -0.063002455227077661 -0.10094330272321358 0.2421832854694958 0.096990889884921855 0.019294566380467587 -0.01794536253965898 -0.0056957500096594064 -0.090166410641335307 0.036834412895520217 -0.070872445962969335 -0.040916309502316894 0.027464115056727537 0.036097874521459232 0.027801745168898648 0.0044099915167173974 0.10588103065162557 -0.0010729157771072551 -0.0017682758420086487 -0.052430169456491316 -0.0044437032949068379 -0.0099605923797031447 -0.055701020523553024 -0.0018933476658590819
leaf_weight=3139 12536 2064 6566 4383 48631 10410 21878 3302 3324 5438 27630 32091 2312 6259 7567 14727 5551 8910 13167 11601 16764 14536 65134 2296 3089 5093 13982 18824 2310 6613
leaf_count=3139 12536 2064 6566 4383 48631 10410 21878 3302 3324 5438 27630 32091 2312 6259 7567 14727 5551 8910 13167 11601 16764 14536 65134 2296 3089 5093 13982 18824 2310 6613
internal_value=0.00639216 -0.00543162 0.0126925 -0.02147 -0.00262192 0.00799619 0.0160093 -0.0054155 -0.0176154 0.0102138 0.0170637 0.0107601 -0.0108962 0.0045324 -0.0207726 0.0145083 -0.0100095 -0.00406851 0.0120703 0.00815426 0.00327364 0.00422102 0.0180723 0.00674387 -0.00858473 -0.00586426 -0.0035827 -0.00464014 -0.0068901 -0.00378148
internal_weight=400127 139094 261033 20725 118369 108059 152974 69738 17586 23605 129369 60090 5636 47969 11950 36605 15797 53941 45258 18167 37559 31300 92764 14832 13733 8182 50639 36657 17833 8923
internal_count=400127 139094 261033 20725 118369 108059 152974 69738 17586 23605 129369 60090 5636 47969 11950 36605 15797 53941 45258 18167 37559 31300 92764 14832 13733 8182 50639 36657 17833 8923
cat_boundaries=0 32 52 84 116 145 177
cat_threshold=0 0 0 0 0 0 0 0 0 32768 0 0 3932160 0 0 333447168 0 0 3221225472 3 0 0 33 0 0 4 0 0 48 0 0 4096 20 0 0 960 0 0 19456 0 0 2408448 0 0 33816576 0 0 702545920 0 0 4043309056 3 0 0 0 0 0 0 0 0 0 0 0 0 0 0 0 0 0 0 0 0 0 0 59 0 0 792 0 0 384 0 0 50176 967 0 0 14384 0 0 58112 0 0 786432 0 0 2097152 0 0 738197504 0 0 201326592 0 0 3758096384 0 0 0 2 0 0 80 0 0 256 0 0 0 1024 0 0 1024 0 0 114688 0 0 35389440 0 0 331350016 0 0 318767104 0 0 268435456 0 0 0 5 0 0 32 896 0 0 128 0 0 2048 0 0 2179072 0 0 50462720 0 0 739246080 0 0 603979776 0 0 2147483648 0 0 0 3 0 0 0 0 0 256
is_linear=0
shrinkage=0.08


Tree=37
num_leaves=31
num_cat=10
split_feature=43 43 24 5 24 24 16 43 34 22 24 5 24 5 22 43 26 5 24 34 34 5 5 14 5 5 34 5 37 5
split_gain=4108.74 823.688 722.497 183.843 161.016 158.405 140.899 81.4674 78.4175 62.8881 53.3135 44.2859 41.3981 40.4904 39.2996 32.7482 32.3867 30.5817 29.3966 30.5116 38.7451 31.7255 26.6501 25.434 24.69 23.8518 23.3619 23.0127 22.6925 20.0038
threshold=20.524338722229007 27.249402046203617 -7.2832336425781241 0 -14.299041748046873 4.1226196289062509 0.66762155294418346 28.029124259948734 -12.750518798828123 0.018596649169921878 35.911651611328132 1 23.152435302734379 2 1.0000000180025095e-35 -5.6802420616149893 7.6164891719818124 3 31.317260742187504 0.61172485351562511 -6.4603576660156241 4 5 2.8782670497894292 6 7 0.10513305664062501 8 0.036350250244140632 9
decision_type=2 2 2 9 2 2 8 2 2 2 2 9 2 9 2 2 2 9 2 2 2 9 9 2 9 9 2 9 2 9
left_child=2 6 4 10 -1 8 16 17 -4 -6 13 -8 24 -3 23 -16 27 -5 19 20 -13 -21 -11 -10 -7 -9 -19 -2 -23 -28
right_child=1 3 5 7 9 12 11 25 14 22 -12 18 -14 -15 15 -17 -18 26 -20 21 -22 28 -24 -25 -26 -27 29 -29 -30 -31
leaf_value=-0.35873387469246437 0.018272444235587954 0.053601416918844222 -0.13191085976308131 0.029583761032759809 -0.057987721588131931 -0.0235543480540195 0.024989150015109658 0.10869327027143982 -0.035814686181932627 -0.092869711919358056 0.23739909703801523 -0.0044807523756142586 0.0062824594444889923 0.031180681335660623 -0.071099408441441941 -0.032159221668401385 0.022844152696528612 0.038982214503066645 0.038504202425908289 -0.011291307424925704 0.01889452811745599 -0.0023359677673676772 -0.17004295140638362 0.005319438699742403 -0.0062394589199839959 0.097599146832307901 0.034209819588776114 0.011591996797158118 0.017379237299338327 0.016001409601701936
leaf_weight=3131 15037 14317 2259 10669 4089 20024 19621 27273 4835 2233 5414 6686 13902 14594 10838 10564 11216 30077 5739 5830 23505 8066 4681 4739 36922 54954 4786 13811 6944 2816
leaf_count=3131 15037 14317 2259 10669 4089 20024 19621 27273 4835 2233 5414 6686 13902 14594 10838 10564 11216 30077 5739 5830 23505 8066 4681 4739 36922 54954 4786 13811 6944 2816
internal_value=0.00620228 0.0114606 -0.00631243 0.0150982 -0.0232777 -0.00400661 0.00630902 0.0164691 -0.00856249 -0.0186925 0.00987218 0.00429288 -0.00186853 0.00850524 -0.00750791 -0.00941341 0.0101512 0.0138567 0.0031576 0.00254658 0.00417139 0.000191847 -0.0233449 -0.0032429 -0.00282393 0.0180053 0.0149346 0.00872687 0.00213706 0.0109459
internal_weight=399572 281355 118217 164900 14134 104083 116455 130575 33235 11003 34325 76391 70848 28911 30976 21402 40064 48348 56770 51031 30191 20840 6914 9574 56946 82227 37679 28848 15010 7602
internal_count=399572 281355 118217 164900 14134 104083 116455 130575 33235 11003 34325 76391 70848 28911 30976 21402 40064 48348 56770 51031 30191 20840 6914 9574 56946 82227 37679 28848 15010 7602
cat_boundaries=0 32 64 84 116 136 168 200 232 248 270
cat_threshold=128 0 0 0 0 0 0 0 0 32768 0 0 3932160 0 0 937426944 0 0 3758096384 3 0 0 33 0 0 5 0 0 48 0 0 4096 963 0 0 15376 0 0 172800 0 0 524288 0 0 2424832 0 0 100663296 0 0 1207959552 0 0 3489660928 0 0 0 14 0 0 16 0 0 65536 128 0 0 0 0 0 0 0 0 32768 0 0 2097152 0 0 606076928 0 0 536870912 1 305 0 0 448 0 0 3072 0 0 2179072 0 0 0 0 0 134217728 0 0 301989888 0 0 2952790016 0 0 0 2 0 0 0 0 0 256 28 0 0 384 0 0 3072 0 0 2449408 0 0 33554432 0 0 4194304 0 0 16777216 1 0 0 0 0 0 0 0 0 0 0 0 0 0 0 0 0 0 0 0 0 0 0 57 0 0 244 0 0 96 0 0 68096 0 0 0 0 0 0 0 0 0 0 0 0 33554432 0 0 117440512 0 0 251658240 0 0 268435456 0 0 0 5 0 0 15216 0 0 65280 0 0 0 128 0 0 2048 0 0 3489792 0 0 50528256 0 0 135266304 0 0 100663296 0 0 2415919104 0 0 0 2 0 0 0 0 0 256 737 0 0 8208 0 0 197376 0 0 2076672 0 0 32702464 0 0 536870912 512 0 0 12336 0 0 213760 0 0 1060864 0 0 33751040 0 0 0 0 0 83886080 0 0 1073741824
is_linear=0
shrinkage=0.08


Tree=38
num_leaves=31
num_cat=0
split_feature=45 45 45 45 45 21 2 45 22 34 11 21 25 33 34 44 34 34 34 37 45 34 19 41 23 37 25 33 45 33
split_gain=3869.54 1100.9 416.969 362.072 311.677 97.4565 82.3055 121.57 64.6387 43.2041 42.3908 34.763 40.0721 30.7321 38.1813 35.6636 38.5442 33.7165 28.8259 28.7295 28.3881 27.5917 26.1077 23.169 22.2212 23.9258 21.6454 24.7334 19.7045 19.4339
threshold=26.42303562164307 -9.8891592025756818 27.745410919189457 -18.357194900512692 18.531413078308109 0.64525672793388378 1.0000000180025095e-35 29.441835403442386 0.024318695068359378 -6.3615417480468741 1.8300748467445376 0.41660760343074804 7.0917656421661386 20.046527862548832 2.7135314941406254 26.305183410644535 -6.1772155761718741 3.6267700195312504 -8.1583557128906232 -0.62804794311523426 -15.078511238098143 -9.3246154785156232 1.4373358488082888 25.525170326232914 18.853691101074222 0.13872528076171878 2.971573114395142 19.440959930419925 28.192523956298832 14.876351833343508
decision_type=2 2 2 2 2 2 2 2 2 2 2 2 2 2 2 2 2 2 2 2 2 2 2 2 2 2 2 2 2 2
left_child=1 3 5 -1 10 11 7 9 -5 -4 26 -2 -13 14 15 16 -6 19 -7 -15 -10 -12 -18 -20 -16 -26 29 -28 -8 -3
right_child=2 4 6 8 13 18 28 -9 20 -11 21 12 -14 17 24 -17 22 -19 23 -21 -22 -23 -24 -25 25 -27 27 -29 -30 -31
leaf_value=-0.3670580868723789 0.022352038041777222 -0.018797198126954625 0.03013545694742021 -0.055169938466433595 -0.0060541693662834462 -0.0067938365567832195 0.048069688212466419 0.18687326921967554 -0.16197708782860068 0.070241776971712688 -0.06154394525368518 0.015187119911944578 0.029516494983486581 -0.0060712401504656559 0.024670453072252983 -0.010308707436286682 0.019512617025945929 0.054344286590543335 0.055570982817774284 0.01824168482236331 -0.098181955295577703 -0.029728345445563794 -0.0054322863409514352 0.016077098474008338 -0.0084037469004843504 0.0060371966361719848 -0.048096482149231436 -0.011413261301455573 0.096657706657732378 -0.004186886054168411
leaf_weight=3201 20094 11876 9241 8135 5040 2986 23794 34999 2930 19433 5246 30584 10511 3361 2006 3735 27737 2569 2681 14860 6621 17016 3059 20670 9809 6653 3793 4910 40283 42380
leaf_count=3201 20094 11876 9241 8135 5040 2986 23794 34999 2930 19433 5246 30584 10511 3361 2006 3735 27737 2569 2681 14860 6621 17016 3059 20670 9809 6653 3793 4910 40283 42380
internal_value=0.00604108 -0.002446 0.0133318 -0.0197397 -0.000243082 0.00907649 0.0162464 0.0142032 -0.0152419 0.0103347 -0.00359658 0.010828 0.00948936 0.00338234 0.00243622 0.0038377 0.00461307 0.00602115 0.00500474 0.0048061 -0.0197071 -0.00659662 0.00567422 0.00595094 -0.000567161 -0.00153715 -0.0025349 -0.00623666 0.0182742 -0.00194007
internal_weight=400213 184937 215276 20887 164050 87526 127750 63673 17686 28674 85221 61189 41095 78829 58039 39571 35836 20790 26337 18221 9551 22262 30796 23351 18468 16462 62959 8703 64077 54256
internal_count=400213 184937 215276 20887 164050 87526 127750 63673 17686 28674 85221 61189 41095 78829 58039 39571 35836 20790 26337 18221 9551 22262 30796 23351 18468 16462 62959 8703 64077 54256
is_linear=0
shrinkage=0.08


Tree=39
num_leaves=31
num_cat=8
split_feature=23 41 41 24 41 5 5 23 22 18 5 7 6 18 33 22 23 26 5 23 33 7 38 5 29 17 5 38 38 5
split_gain=3381.8 851.915 301.952 292.462 233.691 161.43 84.531 64.2253 62.2877 43.3463 41.7114 40.5461 39.6158 39.574 36.0704 40.3515 35.0061 36.9575 33.2521 32.1303 31.7726 28.6425 36.2632 28.1071 28.1023 26.8847 26.3936 24.035 22.4303 21.8035
threshold=26.462314605712894 -7.967606544494628 27.748003005981449 22.035079956054691 -17.367986679077145 0 1 29.960079193115238 0.010013580322265627 0.52605828642845165 2 1.5000000000000002 3 1.6925440430641177 16.565184593200687 0.027179718017578128 27.470722198486332 7.5415465831756601 4 27.750976562500004 17.932224273681644 1.5000000000000002 0.3321759700775147 5 0.0025062561035156254 0.37782853841781622 6 1.2539262771606448 -2.963288307189941 7
decision_type=2 2 2 2 2 9 9 2 2 2 9 2 1 2 2 2 2 2 9 2 2 2 2 9 2 8 9 2 2 9
left_child=1 4 6 13 -1 7 11 10 -6 -5 -4 -2 18 27 23 -16 17 25 -11 26 29 22 -14 -15 -20 -8 -7 -3 -17 -10
right_child=2 3 5 9 8 19 16 -9 20 12 -12 -13 21 14 15 28 -18 -19 24 -21 -22 -23 -24 -25 -26 -27 -28 -29 -30 -31
leaf_value=-0.3195620468814051 0.032878801573703952 0.0049316138088719439 0.049440839956115708 0.018436868060126912 -0.043290011963572364 0.036099230880092821 0.022221180051379647 0.14656237597657942 -0.083349354266205322 0.039373274257933064 0.0085298246831968082 0.0091344367616505197 0.0054802894151581684 -0.018264660785488589 0.00071593816818463555 -0.062395070264249029 0.035056678851306346 0.021266112708943654 0.084476835295752159 0.085125045884596781 -0.068877575817765546 0.0028229449471093206 0.032852794883408191 -0.054943934987888098 0.0063296351781918503 0.012199014153113339 0.025968121719740511 -0.016666251758250147 -0.021648941609850356 -0.12177145278513359
leaf_weight=3210 7175 15053 12720 4830 8450 8173 3186 13650 2025 5716 5271 14438 17728 10256 14564 2230 31013 12310 2001 71300 4681 46558 5840 7981 6772 23324 6352 6391 20142 6008
leaf_count=3210 7175 15053 12720 4830 8450 8173 3186 13650 2025 5716 5271 14438 17728 10256 14564 2230 31013 12310 2001 71300 4681 46558 5840 7981 6772 23324 6352 6391 20142 6008
internal_value=0.00587503 -0.00183569 0.0129036 0.000214606 -0.0157989 0.0155875 0.0094546 0.0106838 -0.0127364 0.00332167 0.00754069 0.00507096 0.00290009 -0.00341264 -0.00454597 -0.00310724 0.0108081 0.00920319 0.00670618 0.0173906 -0.0162748 0.0021116 0.00438375 -0.00745657 0.00359604 0.00751584 0.0139374 -0.000495945 -0.00523992 -0.0193336
internal_weight=399348 190436 208912 166062 24374 117466 91446 31641 21164 89445 17991 21613 84615 76617 55173 36936 69833 38820 14489 85825 12714 70126 23568 18237 8773 26510 14525 21444 22372 8033
internal_count=399348 190436 208912 166062 24374 117466 91446 31641 21164 89445 17991 21613 84615 76617 55173 36936 69833 38820 14489 85825 12714 70126 23568 18237 8773 26510 14525 21444 22372 8033
cat_boundaries=0 32 64 90 91 110 142 164 196
cat_threshold=0 0 0 128 0 0 2048 0 0 2113536 0 0 3932160 0 0 1071644672 0 0 3825205248 3 0 2147483648 33 0 0 5 0 0 48 0 0 4096 16 0 0 480 0 0 3072 0 0 114688 0 0 37486592 0 0 318767104 0 0 3758096384 3 0 536870912 35 0 0 6 0 0 32 0 0 12288 0 0 0 128 0 0 2048 0 0 2113536 0 0 2097152 0 0 773849088 0 0 603979776 1 0 2147483648 0 0 0 4 2 0 0 0 0 0 0 114688 0 0 2068480 0 0 67043328 0 0 738197504 0 0 3892314112 0 0 0 0 0 0 0 0 0 0 0 0 0 0 0 276824064 0 0 4026531840 3 0 2952790016 63 0 0 62 0 0 3168 0 0 49152 775 0 0 13936 0 0 66304 0 0 1978368 0 0 8454144 0 0 0 0 0 0 0 0 1073741824 0 0 0 0 0 0 0 0 0 0 0 0 0 0 0 0 0 0 0 0 0 0 56 0 0 580 0 0 96 0 0 66048
is_linear=0
shrinkage=0.08


Tree=40
num_leaves=31
num_cat=8
split_feature=45 45 45 45 5 45 45 5 45 5 42 21 25 21 21 22 41 45 45 5 25 45 45 5 41 42 45 5 5 5
split_gain=3268.94 868.995 388.116 312.429 159.077 124.255 105.444 71.5354 68.5532 45.6391 44.2951 42.7149 45.8011 41.2205 32.2502 32.1067 30.3355 30.6851 29.1345 30.9399 25.2453 23.5154 23.5108 20.8829 20.8397 21.4663 19.4034 19.0782 18.8805 18.8596
threshold=26.844254493713382 -15.078511238098143 19.139172554016117 27.852884292602543 0 -18.357194900512692 -7.6388113498687735 1 30.732134819030765 2 -8.3846893310546857 0.41848884522914892 7.2811863422393808 0.41366839408874517 1.466920852661133 0.27036666870117193 24.202914237976078 22.935878753662113 24.769509315490726 3 3.3025386333465581 28.239541053771976 27.530855178833011 4 20.299735069274906 19.431278228759769 21.34037017822266 5 6 7
decision_type=2 2 2 2 9 2 2 9 2 9 2 2 2 2 2 2 2 2 2 9 2 2 2 9 2 2 2 9 9 9
left_child=1 5 6 7 8 -1 10 -2 9 -5 15 -9 22 -4 20 -3 17 24 29 -20 -8 -6 28 -16 -15 -26 -27 -24 -13 -18
right_child=3 2 13 4 21 -7 14 11 -10 -11 -12 12 -14 16 23 -17 18 -19 19 -21 -22 -23 27 -25 25 26 -28 -29 -30 -31
leaf_value=-0.3217447197967036 0.012347373119273045 -0.030106251125885847 0.011998639775399198 0.057512299798876683 0.043986531077379001 -0.1187591777561488 -0.0010787846086315156 0.022353069156672092 0.20366665573757708 0.030144875893873293 -0.11186067095911013 0.0056274483328225249 0.027630683083128816 0.0382302476629107 -0.010057557360187142 -0.079796516108495683 -0.011820982790691588 0.030016171500107304 0.015567762187854016 0.0027486067524164072 -0.03189535117026928 0.09682398061502312 0.013045007844520952 -0.029152196563807849 0.027734452963480864 -0.010844620262247631 0.010439337465506569 0.029615641947895954 0.016366969539727733 0.0036614942067613042
leaf_weight=3229 13086 12444 8191 18415 21223 4753 35888 17843 8628 9719 2669 9776 10597 4405 17756 4154 6020 14485 10830 27491 2466 61784 3230 25817 2321 5114 8048 8604 15381 5592
leaf_count=3229 13086 12444 8191 18415 21223 4753 35888 17843 8628 9719 2669 9776 10597 4405 17756 4154 6020 14485 10830 27491 2466 61784 3230 25817 2321 5114 8048 8604 15381 5592
internal_value=0.00572099 -0.00145049 -0.000383787 0.0130147 0.0155862 -0.0273023 -0.00380736 0.00909063 0.011187 0.00927089 -0.00913109 0.0101704 0.00891634 0.00336169 -0.0025544 -0.0075843 0.00283457 0.00466335 0.001575 0.0026386 -0.000862267 0.0175295 0.00758412 -0.00404332 0.00262137 0.00123798 -1.51837e-05 0.0105268 0.00619621 -0.00193426
internal_weight=399959 201673 193691 198286 119769 7982 101194 78517 36762 28134 19267 65431 47588 92497 81927 16598 84306 34373 49933 38321 38354 83007 36991 43573 19888 15483 13162 11834 25157 11612
internal_count=399959 201673 193691 198286 119769 7982 101194 78517 36762 28134 19267 65431 47588 92497 81927 16598 84306 34373 49933 38321 38354 83007 36991 43573 19888 15483 13162 11834 25157 11612
cat_boundaries=0 29 61 87 119 148 164 196 225
cat_threshold=256 0 0 128 0 0 2048 0 0 49152 0 0 20709376 0 0 1071644672 0 0 3825205248 3 0 2147483648 33 0 0 5 0 0 48 16 0 0 384 0 0 2048 0 0 2195456 0 0 3932160 0 0 857735168 0 0 3758096384 3 0 805306368 33 0 0 7 0 0 48 0 0 4096 256 0 0 128 0 0 2048 0 0 49152 0 0 18874368 0 0 740294656 0 0 603979776 1 0 2147483648 0 0 0 1 835 0 0 13360 0 0 197376 0 0 491520 0 0 12713984 0 0 213909504 0 0 486539264 0 0 3221225472 0 0 0 0 0 0 0 0 0 256 0 0 0 0 0 0 0 0 0 0 0 0 0 0 0 216006656 0 0 2013265920 0 0 2147483648 58 0 0 1010 0 0 256 224 0 0 1632 0 0 5120 0 0 28672 0 0 131072 0 0 134217728 813 0 0 1648 0 0 131072 0 0 270336 0 0 0 0 0 0 0 0 0 0 0 0 0 0 0 0 0 0 0 0 0 256 8 0 0 192 0 0 1024 0 0 2547712 0 0 12713984 0 0 283115520 0 0 3137339392 3 0 1342177280 3 0 0 4 0 0 32
is_linear=0
shrinkage=0.08


Tree=41
num_leaves=31
num_cat=0
split_feature=45 45 45 45 45 14 3 45 16 22 45 13 34 22 26 37 7 34 33 34 27 3 14 19 38 19 19 14 33 25
split_gain=3017.98 718.036 261.492 260.736 242.997 88.7112 84.1758 110.28 49.3877 38.4365 35.9654 34.8951 32.5063 30.6729 30.3674 28.2531 28.0019 27.6054 32.4082 28.3633 26.6909 23.1415 21.2459 20.9548 18.3821 31.7177 23.3291 23.2899 17.8589 17.8318
threshold=26.998735427856449 -10.458421707153319 28.05482387542725 19.139172554016117 -18.357194900512692 0.80772125720977794 10.082123279571535 30.358722686767582 0.71400088071823131 0.070095062255859389 27.513121604919437 1.4010256528854372 -6.6523742675781241 0.87976455688476574 7.7625319957733163 0.45429611206054693 1.5000000000000002 -15.277252197265623 16.826687812805179 2.6247863769531254 1012.7457580566407 319.14978027343756 0.60777008533477794 0.41575814783573156 0.12462043762207033 1.264353930950165 1.3037756085395815 1.1579359173774721 19.990847587585453 3.4169460535049443
decision_type=2 2 2 2 2 2 2 2 8 2 2 2 2 2 2 2 2 2 2 2 2 2 2 2 2 2 2 2 2 2
left_child=1 4 5 11 -1 10 -4 12 20 -6 14 29 21 -7 23 24 -17 -13 -19 -20 -5 -8 -22 -2 26 -26 27 -10 -18 -3
right_child=2 3 6 8 9 13 7 -9 15 -11 -12 17 -14 -15 -16 16 28 18 19 -21 22 -23 -24 -25 25 -27 -28 -29 -30 -31
leaf_value=-0.29514583424056184 0.018674740078325272 -0.0028768813200753308 0.069978695692881343 0.011696819497969954 -0.04880317475798357 0.02922492057205375 0.049313353483523344 0.21573500490229436 0.0053395660018921379 -0.10256264846314786 0.028633575102103351 -0.069134805634862129 0.070936229243780388 0.0073341486258739512 0.02349929901496239 0.032774104006351903 0.0027236082428198929 -0.040931612049922315 -0.018330035643710368 0.025819664079515317 -0.0046424725139655723 0.0051870110972748766 0.0084229063132682577 0.010476366270125085 0.017267492587072015 -0.015965109366541129 0.025419744977057377 -0.0065683223566917808 0.035485538050335212 -0.026149924497658218
leaf_weight=3201 5884 45868 50684 20790 8931 10227 8135 23038 9157 7043 30466 2071 20399 10811 10362 6807 10291 10783 24652 3418 2608 3004 4442 15657 15201 4552 4803 18632 4487 3343
leaf_count=3201 5884 45868 50684 20790 8931 10227 8135 23038 9157 7043 30466 2071 20399 10811 10362 6807 10291 10783 24652 3418 2608 3004 4442 15657 15201 4552 4803 18632 4487 3343
internal_value=0.00554852 -0.00102326 0.0129007 0.000451971 -0.01578 0.00955273 0.0155524 0.0133661 0.00322696 -0.0117342 0.0110681 -0.00268124 0.0102865 0.00505701 0.00918434 0.00214498 0.00457976 -0.00440709 -0.00392507 -0.00249145 0.00609838 0.00680061 0.00184136 0.00746601 0.00114029 0.00306532 -2.69922e-05 -0.000917299 0.00262104 -0.0012454
internal_weight=399747 211080 188667 191905 19175 83407 105260 54576 101770 15974 62369 90135 31538 21038 31903 73930 21585 40924 38853 28070 27840 11139 7050 21541 52345 19753 32592 27789 14778 49211
internal_count=399747 211080 188667 191905 19175 83407 105260 54576 101770 15974 62369 90135 31538 21038 31903 73930 21585 40924 38853 28070 27840 11139 7050 21541 52345 19753 32592 27789 14778 49211
is_linear=0
shrinkage=0.08


Tree=42
num_leaves=31
num_cat=11
split_feature=42 43 41 41 5 42 5 33 42 30 5 5 43 5 27 8 29 34 42 5 31 5 5 14 34 5 38 5 38 33
split_gain=2467.29 529.293 303.442 263.096 185.393 80.6381 78.5181 63.0555 57.7593 47.2755 44.4152 43.7501 40.0315 37.865 36.4559 34.6399 28.1791 27.7738 27.4416 26.7828 26.1568 24.4858 23.406 22.8438 22.0547 24.0345 21.7036 21.6766 20.3141 23.0487
threshold=26.605068206787113 4.905031919479371 27.933351516723636 -15.928809642791746 0 19.973983764648441 1 17.632319450378422 31.418525695800785 826.93750000000011 2 3 -14.862068176269529 4 1012.5709838867189 5 0.58205032348632824 -10.886108398437498 -19.396116256713864 6 45.376791000366218 7 8 2.2603789567947392 -1.2083129882812498 9 1.3458187580108645 10 0.21652245521545413 21.695424079895023
decision_type=2 2 2 2 9 2 9 2 2 2 9 9 2 9 2 1 2 2 2 9 2 9 9 2 2 9 2 9 2 2
left_child=1 3 6 18 8 17 15 12 11 13 -7 -4 -5 -8 16 -2 -9 -3 -1 -6 26 -11 -19 -13 -21 -26 -16 -14 29 -12
right_child=2 5 4 7 19 10 9 14 -10 21 28 23 27 -15 20 -17 -18 22 -20 24 -22 -23 -24 -25 25 -27 -28 -29 -30 -31
leaf_value=-0.27090757459481607 0.0062061172635065279 -0.029399821836839379 0.046868279290559658 -0.08981917918104472 0.069293907144891878 0.014861893862735088 0.010951835617740642 -0.015734979553771726 0.18586405155093416 0.021515689833874845 0.0017508764745353034 0.035694464303539918 -0.026776262908033494 0.020865803597747857 0.022130132603365417 0.027231650512839139 -0.072531630690706589 0.0089810548228639684 -0.14085578932106002 0.065758750894891874 -0.019216508066230206 0.034912827396024963 -0.0042285540331665674 -0.018900755526463513 0.010233866938091581 0.040256027455248783 -0.020443225208968182 -0.053189739747905217 0.017100294856733457 0.016789060772889785
leaf_weight=2456 14334 5609 16648 3245 39219 18393 27633 2474 6933 13134 36922 5515 10635 21303 6296 7059 2782 13254 2443 28499 20505 15781 31206 2361 2134 2380 2809 11498 20919 5656
leaf_count=2456 14334 5609 16648 3245 39219 18393 27633 2474 6933 13134 36922 5515 10635 21303 6296 7059 2782 13254 2443 28499 20505 15781 31206 2361 2134 2380 2809 11498 20919 5656
internal_value=0.00534315 -0.0010319 0.0115348 -0.00693168 0.0145616 0.0018809 0.00837125 -0.00547947 0.00941958 0.00955092 0.00342711 0.00759436 -0.00851268 0.00803334 -0.00326987 0.00406949 -0.00940372 -0.000648176 -0.0247423 0.0167957 -0.00217826 0.0121189 2.15876e-05 0.00266464 0.0150716 0.00984085 0.00138892 -0.00728989 0.00242234 0.00141918
internal_weight=400035 197102 202933 65143 103689 131959 99244 60244 31457 77851 81890 24524 25378 48936 34866 21393 5256 50069 4899 72232 29610 28915 44460 7876 33013 4514 9105 22133 63497 42578
internal_count=400035 197102 202933 65143 103689 131959 99244 60244 31457 77851 81890 24524 25378 48936 34866 21393 5256 50069 4899 72232 29610 28915 44460 7876 33013 4514 9105 22133 63497 42578
cat_boundaries=0 29 61 93 115 137 138 170 199 231 257 289
cat_threshold=768 0 0 128 0 0 2048 0 0 2113536 0 0 37486592 0 0 1071644672 0 0 3825205248 3 0 2147483648 1 0 0 5 0 0 48 16 0 0 960 0 0 3072 0 0 114688 0 0 3932160 0 0 318767104 0 0 4026531840 3 0 536870912 35 0 0 7 0 0 16 0 0 4096 1003 0 0 15888 0 0 197376 0 0 1835008 0 0 10485760 0 0 100663296 0 0 0 0 0 2147483648 0 0 0 14 0 0 80 0 0 65536 768 0 0 128 0 0 2048 0 0 2113536 0 0 35651584 0 0 740294656 0 0 603979776 1 0 2147483648 495 0 0 7216 0 0 164352 0 0 2498560 0 0 54525952 0 0 0 0 0 0 0 0 2147483648 2 63 0 0 880 0 0 4864 0 0 143360 0 0 12648448 0 0 1048576 0 0 16777216 0 0 805306368 0 0 0 0 0 0 0 0 0 256 964 0 0 12288 0 0 4096 0 0 3145728 0 0 50462720 0 0 619708416 0 0 234881024 0 0 2415919104 0 0 0 0 0 0 32 0 0 0 64 0 0 0 0 0 0 0 0 18612224 0 0 141557760 0 0 1023410176 0 0 536870912 6 0 0 752 0 0 3584 0 0 82944 0 0 0 3072 0 0 114688 0 0 1835008 0 0 16777216 0 0 0 0 0 268435456 0 0 0 0 0 0 2 0 0 0 0 0 0 0 0 0 0 0 0 0 0 0 0 0 0 3221225472 0 0 2147483648 61 0 0 473 0 0 544 0 0 256
is_linear=0
shrinkage=0.08


Tree=43
num_leaves=31
num_cat=11
split_feature=45 45 45 45 5 45 14 45 17 45 41 11 5 6 28 5 22 5 5 32 6 5 5 28 14 5 36 5 28 28
split_gain=2507.13 552.044 250.349 244.227 149.396 132.778 98.581 57.5219 48.6781 45.7504 38.2531 35.2694 34.9829 34.2086 41.3717 30.0528 29.7735 29.6871 27.7764 35.0348 24.8144 24.5315 22.732 22.0934 21.1873 20.1692 24.6575 18.8144 17.3696 17.3351
threshold=27.109156608581547 -12.304445743560789 28.262769699096683 17.821199417114261 0 -18.357194900512692 0.83360412716865551 30.933854103088382 0.6885550618171693 27.704365730285648 26.235942840576175 1.8300748467445376 1 2 1008.6221923828126 3 0.024318695068359378 4 5 748.03372192382824 6 7 8 1000.6781311035157 1.9428046941757204 9 13.102054595947267 10 1002.7884521484376 1002.7884521484376
decision_type=2 2 2 2 9 2 2 2 8 2 2 2 9 1 2 9 2 9 9 2 1 9 9 2 2 9 2 9 2 2
left_child=1 5 6 11 7 -1 9 12 20 13 -8 -3 -4 -2 18 -12 -7 -10 19 -15 -5 -22 -11 -19 -14 -16 -27 -6 -17 -13
right_child=2 3 4 8 27 16 10 -9 17 22 15 29 24 14 25 28 -18 23 -20 -21 21 -23 -24 -25 -26 26 -28 -29 -30 -31
leaf_value=-0.25088005049610718 0.021457358244588248 -0.0068807459472866933 0.057621424077646637 0.018712713317300712 0.078149336079953294 -0.04051581345673682 0.056810634192955262 0.17349810151031256 -0.0018746037841755481 0.024360371023094844 -0.0036278443958399011 -0.069977277944738611 0.043217705206989192 0.0017149799525546427 0.018930076631932805 0.0032115194983623496 -0.095257253541167444 -0.015757243478829393 0.020523971064986029 0.027034689158136588 0.0094402551705852749 0.0037207010834765697 0.033740068165776765 0.010441703654622785 -0.0006753434188743057 -0.0072800306848506578 0.0094982548160692203 0.081562430383943646 0.022569416398918775 -0.027009327629508216
leaf_weight=3227 10133 62828 12932 4225 28996 4761 2987 7384 21334 12641 7382 2304 5543 4357 2258 3211 6425 2343 11375 2715 14406 13860 16679 59986 3716 2895 4767 32352 8159 23190
leaf_count=3227 10133 62828 12932 4225 28996 4761 2987 7384 21334 12641 7382 2304 5543 4357 2258 3211 6425 2343 11375 2715 14406 13860 16679 59986 3716 2895 4767 32352 8159 23190
internal_value=0.00515353 -0.000602196 0.0121337 0.000464775 0.0150913 -0.015729 0.00912972 0.0104011 0.00287559 0.0106325 0.00443882 -0.0027057 0.00836269 0.00881433 0.0073745 0.00309562 -0.0115863 0.0018546 0.00961695 0.00564016 0.00550322 0.00463975 0.013016 0.00273589 0.00458455 0.00320645 0.00123405 0.0173458 0.00567164 -0.00521487
internal_weight=399371 218889 180482 204476 90923 14413 89559 29575 116154 67820 21739 88322 22191 38500 28367 18752 11186 83663 18447 7072 32491 28266 29320 62329 9259 9920 7662 61348 11370 25494
internal_count=399371 218889 180482 204476 90923 14413 89559 29575 116154 67820 21739 88322 22191 38500 28367 18752 11186 83663 18447 7072 32491 28266 29320 62329 9259 9920 7662 61348 11370 25494
cat_boundaries=0 29 55 56 82 114 130 131 163 179 192 224
cat_threshold=768 0 0 0 0 0 2048 0 0 1097728 0 0 3932160 0 0 1071644672 0 0 3825205248 3 0 2147483648 33 0 0 5 0 0 48 768 0 0 0 0 0 0 0 0 1081344 0 0 2097152 0 0 740294656 0 0 603979776 1 0 2147483648 0 0 0 1 3 820 0 0 384 0 0 66560 0 0 770048 0 0 851968 0 0 303038464 0 0 4026531840 2 0 805306368 32 0 0 7 60 0 0 1984 0 0 215040 0 0 2568192 0 0 4390912 0 0 3145728 0 0 2147483648 1 0 0 50 0 0 0 0 0 0 0 0 14336 1009 0 0 4576 0 0 136704 0 0 2162688 0 0 33554432 0 0 201326592 2 1001 0 0 12304 0 0 768 0 0 1945600 0 0 24838144 0 0 102760448 0 0 16777216 0 0 0 0 0 0 1 0 0 0 0 0 256 960 0 0 1152 0 0 261120 0 0 2342912 0 0 50331648 0 0 939524096 0 0 0 12288 0 0 198400 0 0 3153920 0 0 33554432 6 0 0 12416 0 0 74752 0 0 3080192 0 0 58851328 0 0 1048576 0 0 436207616 0 0 1073741824 0 0 0 2 0 0 0 0 0 4096
is_linear=0
shrinkage=0.08


Tree=44
num_leaves=31
num_cat=3
split_feature=45 45 45 45 45 21 21 45 26 6 18 6 38 31 14 0 34 10 34 14 8 38 34 21 31 45 29 18 25 10
split_gain=2307.62 466.72 262.234 178.684 154.814 98.1161 79.355 83.1974 50.1406 49.5078 41.6281 42.8663 36.2354 42.1086 39.9632 35.7352 37.8374 33.7271 29.9138 29.4218 28.9833 39.1442 28.7269 27.0203 23.5886 22.0116 21.0489 20.7918 18.9429 18.8371
threshold=27.109156608581547 -8.2108817100524885 28.386228561401371 -18.357194900512692 19.139172554016117 0.45492748916149145 0.62481293082237255 31.388112068176273 8.6315412521362322 0 0.51480063796043407 1 2.887473583221436 63.067817687988288 2.9062763452529912 11.750000000000002 -6.2691955566406241 2.1140511035919194 -6.6523742675781241 0.88528960943222057 2 0.18248748779296878 1.4327697753906252 1.466920852661133 85.477706909179702 27.942685127258304 0.39739990234375006 1.6700234413146975 3.3025386333465581 2.2290601730346684
decision_type=2 2 2 2 2 2 2 2 2 1 2 1 2 2 2 2 2 2 2 2 1 2 2 2 2 2 2 2 2 2
left_child=1 3 5 -1 23 25 -4 18 9 19 -6 22 13 14 26 -11 -17 -16 -8 -7 24 -22 -12 28 27 -2 -5 -13 -3 -29
right_child=2 4 6 12 10 8 7 -9 -10 15 11 20 -14 -15 17 16 -18 -19 -20 -21 21 -23 -24 -25 -26 -27 -28 29 -30 -31
leaf_value=-0.23286297038752579 0.018303940303658808 0.00070917112176346105 0.07367986791602249 -0.031459418603753446 0.0095244914873782709 0.025306657577021385 0.04861870152978838 0.24648055641492192 0.026817057954327764 0.0020224632969646451 0.011014462426341822 -0.0052085963632900701 -0.12244299759760083 -0.08548023277922781 0.036452596338174742 0.0030029215834818501 0.02120106923999529 -0.026775202102454047 0.070236288372181127 0.022597812092973017 0.0029049798815184149 0.024428659488666824 0.039262885710741886 -0.016532210507734985 0.0088564100188352774 0.036019748591077205 -0.087127289114628609 0.010580299204305704 -0.025794316825454616 -0.0082996820007308261
leaf_weight=3195 20619 36189 29154 4183 14386 12259 14473 15402 9976 12227 11445 19344 2026 6029 2498 6532 20444 5529 24543 5533 17987 8364 5358 44796 12564 10116 2138 13571 2506 6663
leaf_count=3195 20619 36189 29154 4183 14386 12259 14473 15402 9976 12227 11445 19344 2026 6029 2498 6532 20444 5529 24543 5533 17987 8364 5358 44796 12564 10116 2138 13571 2506 6663
internal_value=0.00496552 -0.000565406 0.01164 -0.0107138 0.000779882 0.00882435 0.0149305 0.0131205 0.007105 0.00618718 0.00275572 0.00214971 -0.00818186 -0.00716045 -0.00479733 0.00459271 0.00621952 -0.00104765 0.0111495 0.00968785 0.0013636 0.00352566 0.00581466 -0.00181579 0.000270747 0.0125672 -0.00954983 -0.000688087 -0.000267149 0.00110452
internal_weight=400049 218771 181278 25598 193173 97706 83572 54418 66971 56995 109682 95296 22403 20377 14348 39203 26976 8027 39016 17792 78493 26351 16803 83491 52142 30735 6321 39578 38695 20234
internal_count=400049 218771 181278 25598 193173 97706 83572 54418 66971 56995 109682 95296 22403 20377 14348 39203 26976 8027 39016 17792 78493 26351 16803 83491 52142 30735 6321 39578 38695 20234
cat_boundaries=0 1 2 3
cat_threshold=3 2 2
is_linear=0
shrinkage=0.08


Tree=45
num_leaves=31
num_cat=12
split_feature=45 45 45 45 5 45 14 18 19 45 41 6 5 38 27 31 5 5 5 14 5 14 6 27 27 5 5 5 5 31
split_gain=2111.01 412.128 217.584 161.21 142.129 119.799 101.571 55.0368 48.5993 45.8498 39.4895 37.7172 37.3938 37.2696 32.0609 31.2446 31.129 30.1566 29.6987 28.9883 29.567 27.6337 27.6188 25.6969 27.2374 27.6773 23.1075 22.8182 22.1424 20.0163
threshold=27.244429588317875 -9.3026924133300763 28.468694686889652 17.821199417114261 0 -18.357194900512692 0.9543425738811494 0.50918415188789379 0.42175199091434484 31.64718055725098 26.345618247985843 1 2 2.3984535932540898 1010.2277221679689 62.671810150146491 3 4 5 1.8983132839202883 6 2.9062763452529912 7 1013.0769653320314 1004.7857971191407 8 9 10 11 75.315174102783217
decision_type=2 2 2 2 9 2 2 2 2 2 2 1 9 2 2 2 9 9 9 2 9 2 1 2 2 9 9 9 9 2
left_child=1 5 6 26 9 -1 8 -5 -2 19 -8 12 -9 15 16 21 -10 -12 -13 -4 -21 -7 -16 24 -20 -26 -3 -6 -24 -30
right_child=2 3 4 7 27 13 10 11 14 -11 17 18 -14 -15 22 -17 -18 -19 23 20 -22 -23 28 -25 25 -27 -28 -29 29 -31
leaf_value=-0.21350244590185269 0.024171507539513755 -0.019790714454460387 0.054193385883203576 0.0091322904695513071 0.083783004228187394 -0.048669737766744173 0.055356995303567802 0.022751142635799512 0.025455920242721176 0.18196356829565966 -0.016719095568490019 -0.0018069773417056468 0.0075230489980987157 -0.11599163028414168 0.022797252681496332 -0.083215235284495814 0.015815055583020411 0.014960211421429222 -0.0076274930547572239 -0.010554150930969399 0.05686525089278284 -0.0072645868061130513 0.02183044329729995 -0.00018329302416987049 0.0059905961091834574 0.023002332282228793 -0.0042573416605820574 0.081677920499110712 -0.0078447048121961412 0.0071824287881756274
leaf_weight=3243 23817 26341 13028 19424 22826 5072 2879 9397 18628 5164 3207 28853 9447 2189 4515 5059 15523 13543 4967 3168 4654 6826 2381 20209 20781 14202 54041 29870 2376 4725
leaf_count=3243 23817 26341 13028 19424 22826 5072 2879 9397 18628 5164 3207 28853 9447 2189 4515 5059 15523 13543 4967 3168 4654 6826 2381 20209 20781 14202 54041 29870 2376 4725
internal_value=0.00473703 -0.000261235 0.0114884 0.000850765 0.0145737 -0.010571 0.00883586 0.00262204 0.0102272 0.00971499 0.00373237 0.00191571 0.00516539 -0.0081541 0.00876116 -0.00687806 0.0100834 0.00224105 0.00122653 0.00804027 0.00418284 -0.00463218 0.00553009 0.00223832 0.00341441 0.00420141 -0.00195393 0.0169649 0.00306041 0.000811684
internal_weight=400355 230051 170304 207662 78710 22389 91594 127280 71965 26014 19629 107856 18844 19146 48148 16957 34151 16750 89012 20850 7822 11898 13997 60159 39950 34983 80382 52696 9482 7101
internal_count=400355 230051 170304 207662 78710 22389 91594 127280 71965 26014 19629 107856 18844 19146 48148 16957 34151 16750 89012 20850 7822 11898 13997 60159 39950 34983 80382 52696 9482 7101
cat_boundaries=0 29 30 56 72 104 136 165 166 195 227 259 275
cat_threshold=256 0 0 12288 0 0 2048 0 0 1064960 0 0 3932160 0 0 1071644672 0 0 3825205248 3 0 2147483648 1 0 0 5 0 0 48 2 8 0 0 3072 0 0 94208 0 0 3551232 0 0 63111168 0 0 746586112 0 0 4160749568 0 0 2147483648 0 0 0 12 15 0 0 12800 0 0 245760 0 0 2011136 0 0 30277632 0 0 68157440 4 0 0 256 0 0 5632 0 0 24576 0 0 851968 0 0 0 0 0 3758096384 0 0 0 32 0 0 5 0 0 16 0 0 256 56 0 0 800 0 0 212992 0 0 2174976 0 0 50921472 0 0 137363456 0 0 3221225472 3 0 805306368 34 0 0 0 0 0 64 0 0 14336 0 0 0 0 0 0 0 0 0 16384 0 0 1835008 0 0 197132288 0 0 1073741824 2 0 0 1 0 0 0 0 0 32 2 262 0 0 8384 0 0 39936 0 0 1064960 0 0 12713984 0 0 872415232 0 0 838860800 0 0 1073741824 17 0 0 1 0 0 272 0 0 0 0 0 0 0 0 0 0 0 0 0 0 0 251658240 0 0 251658240 0 0 268435456 0 0 0 768 0 0 12912 0 0 130816 518 0 0 128 0 0 197632 0 0 2719744 0 0 58851328 0 0 1048576 0 0 436207616 0 0 1073741824 0 0 0 2 0 0 0 0 0 4352 0 0 0 4160 0 0 1792 0 0 3452928 0 0 49086464 0 0 605028352
is_linear=0
shrinkage=0.08


Tree=46
num_leaves=31
num_cat=9
split_feature=42 44 5 44 42 18 7 31 5 11 22 5 37 7 5 42 38 21 31 5 5 42 5 5 28 28 19 42 5 10
split_gain=1710.37 388.612 212.406 116.081 108.891 86.0506 69.4995 51.8173 47.4814 36.2322 36.1652 34.6222 33.9932 50.0737 32.9209 30.2948 27.5971 27.2741 25.9101 31.6102 30.7752 24.0061 22.9797 22.1542 20.2856 19.046 18.6768 23.7149 18.4998 18.1882
threshold=27.295429229736332 13.134623527526857 0 -14.769707202911375 28.181354522705082 0.50918415188789379 1.5000000000000002 60.716400146484382 1 2.0569419860839848 1.3689994812011721 2 -0.2180824279785156 1.5000000000000002 3 31.418525695800785 3.9575866460800175 0.50095316767692577 84.750152587890639 4 5 28.754478454589847 6 7 1009.0459594726564 1013.9171752929689 0.4613166898488999 29.00846099853516 8 1.7287661433219912
decision_type=2 2 9 2 2 2 2 2 9 2 2 9 2 2 9 2 2 2 2 9 9 2 9 9 2 2 2 2 9 2
left_child=1 3 4 7 17 23 10 -1 15 29 -4 -9 18 22 -15 -8 -11 -2 20 -20 -7 -10 -14 -3 -19 -16 -6 -28 -12 -5
right_child=2 5 6 9 26 12 8 11 21 16 28 -13 13 14 25 -17 -18 24 19 -21 -22 -23 -24 -25 -26 -27 27 -29 -30 -31
leaf_value=-0.045010993437126244 0.021741228806278982 0.0052206998186170497 0.045432633521595989 -0.0024981827739302977 0.058581103411976872 -0.011306322661400827 0.0047164557626029335 -0.19473284353121167 0.015119728331835773 -0.029247493820766444 0.022942745903353271 -0.084130661142247973 0.021006880511071701 -0.0091472547689441085 0.0086523793890654586 0.097254228113085053 -0.09282682374320049 0.019785953876257523 -0.0011341373784583197 0.016668729704197461 0.0013367169306313543 0.055909280813803405 0.0094213047462287144 0.013572886735391948 0.002704752927544689 -0.0041887299011337835 0.038551387206974756 0.11704015561685367 0.012642264575778484 -0.015906990739348821
leaf_weight=5071 14054 8968 17459 32214 19007 9696 11758 2372 28055 19468 7814 2024 9571 5606 37161 2063 2096 8002 8401 7909 23870 15770 15559 14950 2937 7028 10508 19935 3558 27204
leaf_count=5071 14054 8968 17459 32214 19007 9696 11758 2372 28055 19468 7814 2024 9571 5606 37161 2063 2096 8002 8401 7909 23870 15770 15559 14950 2937 7028 10508 19935 3558 27204
internal_value=0.00456088 0.000270259 0.0109374 -0.00386451 0.0140717 0.00278507 0.00823543 -0.0122423 0.00663036 -0.00288374 0.0114441 -0.0185928 0.0019423 0.00301942 0.00154964 0.00253305 -0.00569204 0.00976283 0.000323939 0.00293873 -0.000947105 0.00791926 0.00592999 0.00717987 0.00675678 0.00228234 0.0162499 0.0150048 0.00792128 -0.00186377
internal_weight=400088 239168 160920 90449 74443 148719 86477 9467 57646 80982 28831 4396 124801 74925 49795 13821 21564 24993 49876 16310 33566 43825 25130 23918 10939 44189 49450 30443 11372 59418
internal_count=400088 239168 160920 90449 74443 148719 86477 9467 57646 80982 28831 4396 124801 74925 49795 13821 21564 24993 49876 16310 33566 43825 25130 23918 10939 44189 49450 30443 11372 59418
cat_boundaries=0 32 64 96 128 157 189 221 231 253
cat_threshold=57 0 0 880 0 0 29440 0 0 929792 0 0 12779520 0 0 1048576 0 0 452984832 0 0 1879048192 0 0 0 0 0 0 0 0 0 256 256 0 0 0 0 0 0 0 0 32768 0 0 3670016 0 0 327155712 0 0 3221225472 2 0 0 33 0 0 4 0 0 48 0 0 4096 0 0 0 0 0 0 0 0 0 0 0 0 0 0 0 0 0 0 0 0 0 0 14 0 0 0 0 0 12224 0 0 17408 58 0 0 8992 0 0 65536 0 0 2113536 0 0 0 0 0 0 0 0 0 0 0 536870912 48 0 0 16 0 0 12672 0 0 76288 56 0 0 2368 0 0 3072 0 0 0 0 0 18350080 0 0 417333248 0 0 4127195136 3 0 2684354560 48 0 0 4 0 0 48 366 0 0 864 0 0 24576 0 0 2621440 0 0 38010880 0 0 333447168 0 0 0 2 0 0 1 0 0 0 0 0 320 0 0 15104 0 0 0 3584 0 0 28672 0 0 966656 0 0 33030144 0 0 381681664 0 0 134217728 0 0 2147483648 0 0 0 17 0 0 352 0 0 6400 64 0 0 3840 0 0 131840 0 0 8192 454 0 0 15488 0 0 230400 0 0 1114112 0 0 19922944 0 0 939524096 0 0 536870912 0 0 2147483648
is_linear=0
shrinkage=0.08


Tree=47
num_leaves=31
num_cat=3
split_feature=42 41 41 41 21 14 20 22 3 10 6 27 33 21 27 32 16 32 37 7 38 42 9 33 27 22 1 22 33 6
split_gain=1542.27 383.58 135.623 135.523 82.7808 82.6194 78.7041 88.9533 51.3011 47.8531 47.7395 46.863 45.82 35.3295 32.0941 27.8418 25.5237 24.7691 24.4423 33.5686 27.5865 23.7315 21.349 27.6354 20.8337 20.606 20.0466 19.4246 19.2934 19.0219
threshold=27.556339263916019 12.597339630126955 -17.367986679077145 28.375350952148441 0.45047985017299658 0.67257463932037365 0.61705803871154796 0.1273155212402344 290.15364074707037 2.5883991718292241 0 1007.6656188964845 17.733695983886722 1.068320691585541 1016.9002380371095 752.18319702148449 4.4963481426239023 364.73469543457037 -1.0281257629394529 1.5000000000000002 0.44383525848388677 32.307773590087898 1 22.125504493713382 1012.6814270019532 0.015735626220703128 76.750000000000014 0.064373016357421889 7.70092797279358 2
decision_type=2 2 2 2 2 2 2 2 2 2 1 2 2 2 2 2 8 2 2 2 2 2 1 2 2 2 2 2 2 1
left_child=1 2 -1 4 -2 11 -5 21 17 16 15 -3 -11 29 -14 25 -4 -9 -12 20 -20 -8 -13 24 -24 -7 -15 -25 -21 -6
right_child=3 5 9 6 13 10 7 8 -10 12 18 22 14 26 -16 -17 -18 -19 19 28 -22 -23 23 27 -26 -27 -28 -29 -30 -31
leaf_value=-0.1777329718805386 0.026402628211490652 0.014479052989530316 -0.0066934905311081044 0.056448332755044246 0.028618025284052918 0.027112042466338266 0.079225896686658359 0.017433239801864814 -0.00074320560433491776 -0.056724916124192053 -0.0075660874619067186 0.016577202385637122 -0.032260368851729407 0.043426132853066693 0.0078276558119569906 -0.010288731531240956 -0.057179366678419399 0.054051456765034374 0.0050594227276684481 0.018429230770557796 0.025821518262761956 0.24879927422808693 0.0050081626060008945 0.013992472268459864 -0.0045169034155920686 0.01241120207281405 0.00035076865942080816 0.0045300730591962693 -0.00020577877607934171 0.017371190001436717
leaf_weight=3228 19816 9318 58827 23896 9830 10921 13241 3324 3967 11806 11838 7335 6748 3652 6882 3037 2147 16431 21247 4256 7432 10411 21935 4892 4110 7708 6578 3355 51461 30530
leaf_count=3228 19816 9318 58827 23896 9830 10921 13241 3324 3967 11806 11838 7335 6748 3652 6882 3037 2147 16431 21247 4256 7432 10411 21935 4892 4110 7708 6578 3355 51461 30530
internal_value=0.0043891 0.00071205 -0.00351731 0.0110972 0.00860543 0.00295745 0.0135572 0.0116639 0.00819653 -0.0029146 0.00179391 0.0056493 -0.00582881 0.00688617 -0.00266569 0.00518491 -0.00169815 0.00986289 0.00102936 0.001507 0.00373035 0.0151365 0.00449936 0.00365586 0.00237728 0.00634476 0.00268359 0.00769044 0.000362122 0.00795046
internal_weight=400159 258483 89638 141676 70406 168845 71270 47374 23722 86410 117900 50945 25436 50590 13630 21666 60974 19755 96234 84396 28679 23652 41627 34292 26045 18629 10230 8247 55717 40360
internal_count=400159 258483 89638 141676 70406 168845 71270 47374 23722 86410 117900 50945 25436 50590 13630 21666 60974 19755 96234 84396 28679 23652 41627 34292 26045 18629 10230 8247 55717 40360
cat_boundaries=0 1 2 3
cat_threshold=2 8 2
is_linear=0
shrinkage=0.08


Tree=48
num_leaves=31
num_cat=2
split_feature=23 24 41 41 22 14 2 19 27 6 34 29 19 33 19 23 34 27 30 33 26 28 35 28 33 23 6 26 0 28
split_gain=1414.31 315.092 160.082 91.8661 85.7821 78.3159 78.1804 77.543 58.0918 48.7841 44.8576 40.3286 41.1629 37.0004 31.9315 31.683 28.7286 35.7552 34.558 33.8087 38.1284 25.2564 24.7391 23.4237 23.2842 22.1285 21.7345 28.6502 22.0441 21.2685
threshold=27.406639099121097 8.1208801269531268 28.375350952148441 -17.367986679077145 0.78248977661132824 1.0114517807960512 1.0000000180025095e-35 0.44093050062656408 1007.5455932617189 0 -14.520019531249998 0.27907943725585943 0.925441473722458 16.826687812805179 0.52280324697494518 32.307773590087898 -7.1247558593749991 1011.2625427246095 77.812500000000014 21.875904083251957 3.0299737453460698 1010.365936279297 2.6192665100097661 1013.9171752929689 28.252223968505863 28.131511688232425 1 8.6315412521362322 11.250000000000002 1007.2228088378907
decision_type=2 2 2 2 2 2 2 2 2 1 2 2 2 2 2 2 2 2 2 2 2 2 2 2 2 2 1 2 2 2
left_child=1 3 7 -1 14 -6 16 25 -8 -10 -5 21 26 -12 -4 -16 24 18 -18 20 23 -9 -15 -19 -3 -2 27 28 -13 -30
right_child=2 6 4 10 5 -7 8 11 9 -11 13 12 -14 22 15 -17 17 19 -20 -21 -22 -23 -24 -25 -26 -27 -28 -29 29 -31
leaf_value=-0.16126182581707696 0.015808364779292105 -0.0098650237401076875 0.061098385246506695 -0.087998335477490461 0.038806308823976961 0.027836951686496435 0.013850785202572241 0.036927552107732423 0.015107114827741271 0.0036942477849158453 -0.034204976935184955 -0.0065111049778974464 -0.00078761322831070405 -0.0042447692094056766 0.066226040925104077 0.22279132765672502 0.028491153688245278 0.0083869522438607368 0.0063805466559642811 0.019345991311164559 -0.011438925168662167 0.0048347959252739514 -0.035940388909050131 -0.0032632916515948551 0.028602635315615379 0.036129182055121875 0.016942914911830656 0.024900735319763143 -0.0056452626020910661 0.020608257881584963
leaf_weight=3165 13146 21149 11824 2085 13745 14226 7929 12483 7823 43048 21324 3523 8077 27934 21216 11543 10333 26798 21919 11204 13995 2602 5767 19580 3148 9021 23298 2462 2009 3910
leaf_count=3165 13146 21149 11824 2085 13745 14226 7929 12483 7823 43048 21324 3523 8077 27934 21216 11543 10333 26798 21919 11204 13995 2602 5767 19580 3148 9021 23298 2462 2009 3910
internal_value=0.004185 0.00044278 0.0102275 -0.00458655 0.0129535 0.00947429 0.00206466 0.0077702 0.00447951 0.00348539 -0.00384944 0.00623839 0.0049948 -0.00341128 0.0151338 0.0138369 0.000956172 0.00153565 0.00374682 0.000538925 -0.000210324 0.0098006 -0.00176026 0.000894197 -0.00151973 0.0117987 0.0061763 0.00338142 0.00137537 0.00435487
internal_weight=400286 247201 153085 60275 72554 27971 186926 80531 58800 50871 57110 58364 43279 55025 44583 32759 128126 103829 32252 71577 60373 15085 33701 46378 24297 22167 35202 11904 9442 5919
internal_count=400286 247201 153085 60275 72554 27971 186926 80531 58800 50871 57110 58364 43279 55025 44583 32759 128126 103829 32252 71577 60373 15085 33701 46378 24297 22167 35202 11904 9442 5919
cat_boundaries=0 1 2
cat_threshold=2 8
is_linear=0
shrinkage=0.08


Tree=49
num_leaves=31
num_cat=10
split_feature=45 45 5 45 45 45 45 34 5 26 20 5 45 44 16 5 5 44 25 30 17 5 30 5 32 33 5 5 5 45
split_gain=1447.45 253.859 196.155 110.077 93.353 90.4348 70.6621 69.9793 50.3751 47.1452 38.4965 35.8806 50.9932 34.0579 31.8668 31.69 29.92 29.6947 26.5196 23.6763 22.1275 20.8108 20.1402 19.1567 18.7923 18.5413 18.4304 18.3155 17.4396 15.7283
threshold=27.439084053039554 -7.0711865425109854 0 28.606468200683597 -16.021200180053707 20.237113952636722 30.933854103088382 -6.6523742675781241 1 7.5415465831756601 0.44590759277343756 2 28.579281806945804 27.79548263549805 3.9860358238220219 3 4 -7.6769013404846183 9.0198101997375506 707.06250000000011 0.37782853841781622 5 3.1562500000000004 6 559.37963867187511 19.656000137329105 7 8 9 27.942685127258304
decision_type=2 2 9 2 2 2 2 2 9 2 2 9 2 2 8 9 9 2 2 2 8 9 2 9 2 2 9 9 9 2
left_child=1 4 3 10 14 23 7 8 -4 13 29 -9 18 15 -1 24 -11 22 -13 -18 -17 -12 28 -3 25 -7 -26 -5 -6 -2
right_child=2 5 6 27 17 9 -8 11 -10 16 21 12 -14 -15 -16 20 19 -19 -20 -21 -22 -23 -24 -25 26 -27 -28 -29 -30 -31
leaf_value=-0.070393934783188783 0.014090999530236844 -0.012178164658710654 -0.021600853174548719 0.081243814716157353 0.015823891699847083 0.01357648781562034 0.11942038819717191 0.017450049393749865 0.02067265905583085 0.01427491621715724 0.023663449029396801 0.013415271453138757 0.057421108570882784 -0.018197904261996384 -0.17730415025952312 0.0090611691898803311 0.00030133493094055554 -0.074849478750970921 0.030644396230123619 0.013814089933064082 0.0021484322650331222 0.01025087630867688 -0.031209012515224437 -0.00034504339121834706 0.0081689889155721583 0.023872473778232289 -0.0035066949957332128 0.075991533037587267 -0.029204150821739425 0.028169295199459442
leaf_weight=3514 5339 23754 4873 15739 4617 16777 8484 10610 8623 9104 10846 33401 12652 3086 2801 3392 6239 2647 2808 2791 73562 9169 12050 62740 5264 5890 5892 21097 3328 8965
leaf_count=3514 5339 23754 4873 15739 4617 16777 8484 10610 8623 9104 10846 33401 12652 3086 2801 3392 6239 2647 2808 2791 73562 9169 12050 62740 5264 5890 5892 21097 3328 8965
internal_value=0.00403965 0.000260569 0.010167 0.013237 -0.00677668 0.0011935 0.00748119 0.0066769 0.0014749 0.00251093 0.00997349 0.00785696 0.00877273 0.00190721 -0.0153708 0.00213834 0.0062985 -0.00437401 0.00724316 0.00301878 0.00124042 0.00770137 -0.00331617 -0.000817072 0.00417871 0.00550249 0.00149024 0.0162775 -0.000188561 0.0131452
internal_weight=400054 247448 152606 71155 28957 218491 81451 72967 13496 131997 34319 59471 48861 113863 6315 110777 18134 22642 36209 9030 76954 20015 19995 86494 33823 22667 11156 36836 7945 14304
internal_count=400054 247448 152606 71155 28957 218491 81451 72967 13496 131997 34319 59471 48861 113863 6315 110777 18134 22642 36209 9030 76954 20015 19995 86494 33823 22667 11156 36836 7945 14304
cat_boundaries=0 32 61 90 122 135 167 199 231 257 286
cat_threshold=57 0 0 880 0 0 29440 0 0 929792 0 0 12648448 0 0 1048576 0 0 452984832 0 0 1879048192 0 0 0 2 0 0 0 0 0 256 0 0 0 0 0 0 3072 0 0 2113536 0 0 37486592 0 0 333447168 0 0 0 0 0 0 32 0 0 0 0 0 48 0 0 0 128 0 0 2048 0 0 49152 0 0 1572864 0 0 301989888 0 0 3758096384 3 0 0 1 0 0 1 0 0 32 610 0 0 32 0 0 12544 0 0 786432 0 0 11534336 0 0 662700032 0 0 1040187392 0 0 2147483648 0 0 0 6 0 0 8528 0 0 65792 453 0 0 15376 0 0 116736 0 0 69632 0 0 4390912 8 0 0 16 0 0 0 0 0 929792 0 0 12582912 0 0 1048576 0 0 184549376 0 0 1610612736 0 0 0 0 0 0 0 0 0 256 0 0 0 0 0 0 0 0 0 245760 0 0 6291456 0 0 595591168 0 0 100663296 0 0 268435456 0 0 0 0 0 0 14960 0 0 48384 610 0 0 32 0 0 4352 0 0 0 0 0 0 0 0 536870912 0 0 0 0 0 0 0 0 0 4 0 0 8528 0 0 65792 0 0 0 64 0 0 0 0 0 655360 0 0 12582912 0 0 1048576 0 0 436207616 0 0 1073741824 0 0 0 2 0 0 0 0 0 0 0 0 0 0 0 0 0 0 0 0 0 0 0 0 0 0 49 0 0 752 0 0 7984
is_linear=0
shrinkage=0.08


Tree=50
num_leaves=31
num_cat=2
split_feature=23 23 33 18 44 19 19 23 23 6 23 30 18 22 27 6 0 10 21 33 21 29 37 7 27 32 23 0 43 10
split_gain=1180.41 244.566 131.696 74.8016 62.2292 53.7913 39.6599 62.593 38.2151 38.0078 33.3397 27.0703 29.1008 26.8042 25.5468 28.9922 31.2546 30.7416 25.475 25.2072 24.6545 47.2651 23.7421 28.7128 23.4223 22.4772 22.1949 19.3624 19.145 18.0232
threshold=27.556339263916019 10.906162261962892 21.171648025512699 0.50918415188789379 -14.769707202911375 0.44357626140117651 0.4613166898488999 32.307773590087898 28.93039703369141 0 28.657581329345707 15.437500000000002 1.7338767647743227 0.39052963256835943 1012.6263122558595 1 12.250000000000002 2.2041845321655278 0.95700952410697948 23.408831596374515 1.1473417878150942 0.054439544677734382 -0.042415618896484368 2.5000000000000004 1012.5149230957032 408.68605041503912 29.046817779541019 26.750000000000004 28.4098014831543 2.1584626436233525
decision_type=2 2 2 2 2 2 2 2 2 1 2 2 2 2 2 1 2 2 2 2 2 2 2 2 2 2 2 2 2 2
left_child=1 4 5 -3 13 10 28 20 -7 24 -2 19 -13 29 15 16 -11 -18 -10 -6 26 -22 -16 -24 25 -5 -8 -26 -4 -1
right_child=2 3 6 9 11 8 7 -9 18 14 -12 12 -14 -15 22 -17 17 -19 -20 -21 21 -23 23 -25 27 -27 -28 -29 -30 -31
leaf_value=-0.0009912086894455286 0.018001560685937789 0.007939704409959631 0.020323987039831976 0.019485898331181702 -0.0097335853347603057 0.013269215174441983 0.019746008118199116 0.19390630461624739 0.053364283367182214 -0.0011358114694637322 0.054185873068030188 -0.0014582601426752007 -0.02529264381474489 -0.12016531726219881 -0.0051639495767075516 0.001898559786202938 0.020081995237292177 -0.0074574640801779429 0.040144342326823054 0.015694593849827267 0.108092427105219 0.014370190863498208 0.0085185624587415989 -0.0085914705374300834 0.026171433364803747 0.0015123194049974132 0.062704942236926228 0.016973337107696624 0.051822819441857675 -0.067142445195504483
leaf_weight=2044 12751 32823 7412 5306 24549 40916 12887 10917 10382 6190 5132 13171 28172 2061 22946 44619 14285 2812 12097 9994 2908 6215 15892 7515 5668 11131 9396 3375 10444 5433
leaf_count=2044 12751 32823 7412 5306 24549 40916 12887 10917 10382 6190 5132 13171 28172 2061 22946 44619 14285 2812 12097 9994 2908 6215 15892 7515 5668 11131 9396 3375 10444 5433
internal_value=0.00384721 0.000626831 0.00972001 0.00235983 -0.0028738 0.00761785 0.0125574 0.0112173 0.00652283 0.00155235 0.0114939 -0.00210762 -0.0034885 -0.00896104 0.00092878 0.00191707 0.00420389 0.00596832 0.00917337 -0.000454374 0.00939776 0.00588416 -0.000518948 0.00127343 0.0043451 0.00254515 0.010833 0.00761516 0.015726 -0.00671831
internal_weight=399443 257986 141457 172562 85424 81278 60179 42323 63395 139739 17883 75886 41343 9538 114259 67906 23287 17097 22479 34543 31406 9123 46353 23407 25480 16437 22283 9043 17856 7477
internal_count=399443 257986 141457 172562 85424 81278 60179 42323 63395 139739 17883 75886 41343 9538 114259 67906 23287 17097 22479 34543 31406 9123 46353 23407 25480 16437 22283 9043 17856 7477
cat_boundaries=0 1 2
cat_threshold=2 8
is_linear=0
shrinkage=0.08


Tree=51
num_leaves=31
num_cat=11
split_feature=23 24 5 23 26 29 24 33 5 22 5 5 5 34 31 5 5 5 20 28 5 16 33 5 12 34 7 5 7 26
split_gain=1075.75 242.801 201.489 68.7835 67.3108 65.3228 58.183 53.1164 50.0769 45.6276 38.595 38.5134 35.5938 26.6666 34.1682 33.9585 28.2276 26.5789 24.0376 23.6166 23.3532 23.0817 22.9434 26.4408 24.0118 22.3384 21.4366 21.3872 20.2242 19.5719
threshold=27.773002624511722 20.401275634765629 0 28.721389770507816 7.5415465831756601 0.28892135620117193 0.55941772460937511 21.695424079895023 1 0.092983245849609389 2 3 4 -8.2705078124999982 73.88169097900392 5 6 7 0.44590759277343756 1009.9784545898439 8 4.1317639350891122 24.485951423645023 9 2.1188863515853886 2.0079040527343754 1.5000000000000002 10 1.5000000000000002 3.0533505678176884
decision_type=2 2 9 2 2 2 2 2 9 2 9 9 9 2 2 9 9 9 2 2 9 8 2 9 2 2 2 9 2 2
left_child=1 6 3 18 7 17 9 11 28 22 -9 -3 -6 16 29 -16 -13 -4 -2 -14 -5 27 23 24 -1 26 -25 -11 -7 -15
right_child=2 4 5 20 12 8 -8 10 -10 21 -12 13 19 14 15 -17 -18 -19 -20 -21 -22 -23 -24 25 -26 -27 -28 -29 -30 -31
leaf_value=-0.019705797506479002 0.022102987354784033 -0.0021271294187329916 0.021855175820219161 0.066242807997633685 0.012922009365976806 0.01951363008559227 -0.0037419315835342816 0.018971194496234817 0.018644343741782449 -0.072796256130737758 0.0069851747420982945 -0.033754868478882753 0.0066014348385234458 0.0069154289164225701 0.01706455455428987 0.0054712027931056182 0.0052509482937966824 0.050647102911025213 0.019663433674376167 -0.0063527574242118589 0.069821433263579785 -0.088865669811497558 0.028628272898718877 0.009716792495275399 -0.10673852848662276 0.013876868743958255 -0.047920739958244529 -0.026362540266368768 -0.0057181677662512696 -0.0031378393738798849
leaf_weight=2792 11510 34402 5459 17201 15036 4067 59905 7570 33377 3985 20076 2196 8562 21715 14528 32799 2942 13884 14077 2232 17784 3239 2785 2522 2018 5345 5077 8752 8565 15800
leaf_count=2792 11510 34402 5459 17201 15036 4067 59905 7570 33377 3985 20076 2196 8562 21715 14528 32799 2942 13884 14077 2232 17784 3239 2785 2522 2018 5345 5077 8752 8565 15800
internal_value=0.00365296 0.000842472 0.00977401 0.0130988 0.00259496 0.00668788 -0.00239013 0.0019532 0.00504705 -0.00490678 0.00512439 0.00124799 0.00636997 0.00211822 0.00245746 0.0038866 -0.00347319 0.0105896 0.00994101 0.00285186 0.0154085 -0.0081121 -0.00241082 -0.00346994 -0.00852174 -0.00157976 -0.00436588 -0.00656939 0.00075245 0.000653964
internal_weight=400202 274278 125924 60572 177858 65352 96420 152028 46009 36515 27646 124382 25830 89980 84842 47327 5138 19343 25587 10794 34985 15976 20539 17754 4810 12944 7599 12737 12632 37515
internal_count=400202 274278 125924 60572 177858 65352 96420 152028 46009 36515 27646 124382 25830 89980 84842 47327 5138 19343 25587 10794 34985 15976 20539 17754 4810 12944 7599 12737 12632 37515
cat_boundaries=0 32 61 93 125 147 176 205 237 269 301 333
cat_threshold=57 0 0 1904 0 0 29440 0 0 405504 0 0 12648448 0 0 1048576 0 0 452984832 0 0 1879048192 0 0 0 2 0 0 0 0 0 256 512 0 0 0 0 0 0 0 0 49152 0 0 20709376 0 0 331350016 0 0 2147483648 3 0 0 33 0 0 5 0 0 48 192 0 0 12288 0 0 144128 0 0 2940928 0 0 9633792 0 0 218103808 0 0 671088640 0 0 1610612736 0 0 0 20 0 0 0 0 0 65536 124 0 0 3456 0 0 138240 0 0 2125824 0 0 0 0 0 0 0 0 2147483648 3 0 805306368 50 0 0 0 0 0 4176 0 0 78080 453 0 0 15504 0 0 116736 0 0 864256 0 0 31653888 0 0 2097152 0 0 0 0 0 2147483648 0 0 0 16 0 0 16640 0 0 1900544 0 0 11730944 0 0 131072000 0 0 117440512 0 0 0 0 0 0 9 0 0 32 0 0 0 0 0 0 0 0 0 98304 0 0 1572864 0 0 415236096 0 0 0 0 0 0 0 0 0 7 0 0 32 384 0 0 14464 0 0 68608 0 0 0 0 0 2097152 0 0 318767104 0 0 1610612736 3 0 0 1 0 0 5 0 0 48 0 0 4096 0 0 0 64 0 0 0 0 0 405504 0 0 12648448 0 0 1048576 0 0 436207616 0 0 1073741824 0 0 0 2 0 0 0 0 0 256 0 0 0 0 0 0 0 0 0 0 0 0 0 0 0 0 0 0 0 0 0 0 6 0 0 8 0 0 192 0 0 126464 0 0 0 0 0 0 0 0 0 0 0 0 0 0 0 0 0 0 0 0 0 0 0 0 0 784 0 0 400 0 0 115712
is_linear=0
shrinkage=0.08


Tree=52
num_leaves=31
num_cat=10
split_feature=23 41 5 41 23 8 26 34 33 5 30 22 5 5 16 33 5 10 33 34 10 33 18 34 5 5 22 5 5 19
split_gain=957.21 203.695 192.523 76.215 65.9008 64.8021 63.8128 43.8919 43.1028 39.24 38.2844 36.7751 35.7457 35.3022 34.302 31.3741 26.9842 23.7313 22.0876 22.0249 28.8251 26.9748 21.9149 21.8966 26.0817 22.1141 21.5278 21.0801 20.681 19.7975
threshold=27.72946929931641 17.865936279296879 0 -17.367986679077145 28.721389770507816 1 7.5415465831756601 -16.401916503906246 21.937344551086429 2 522.06250000000011 0.78248977661132824 3 4 5.2229049205780038 24.131520271301273 5 2.7628749608993535 23.643839836120609 4.7471923828125009 3.774041056632996 18.749760627746586 1.2288293838500979 -6.9306640624999991 6 7 0.50210952758789074 8 9 0.42175199091434484
decision_type=2 2 9 2 2 1 2 2 2 9 2 2 9 9 8 2 9 2 2 2 2 2 2 2 9 9 2 9 9 2
left_child=1 3 4 -1 29 12 8 -5 16 -10 13 -7 -4 -8 17 22 -3 -9 27 23 21 28 -14 25 -25 -18 -6 -19 -21 -2
right_child=2 6 5 7 26 11 10 14 9 -11 -12 -13 15 -15 -16 -17 19 18 -20 20 -22 -23 -24 24 -26 -27 -28 -29 -30 -31
leaf_value=-0.12949959413056092 0.020327967798969837 -0.0028512475869760579 0.020726792114011162 -0.065984603271605879 0.072629706049020235 0.041590311057611302 -0.0050983969462117789 -0.0019245065999378697 0.018839785025201082 0.0054549699021669085 0.014104250988022357 0.017009134007557238 0.0073523538204494799 0.0074849457270186551 -0.058846165018641525 0.049376741461948939 -0.02333493957886873 -0.050354959886880143 0.0083514679332096619 -0.020040172839056895 0.017138994071233642 0.013711969485073326 -0.016981641029375539 0.011170286148540215 0.0033347221843757781 0.0043529960396895715 0.047181313445099418 -0.01277614071997105 -0.0043665990713975594 0.018952649387286868
leaf_weight=3211 10069 20002 29648 2577 21476 14334 3707 70496 7338 15889 14387 11389 12877 6896 3048 3516 3315 7517 4853 2970 3009 2071 5284 31216 48138 5545 8469 8487 6265 12166
leaf_count=3211 10069 20002 29648 2577 21476 14334 3707 70496 7338 15889 14387 11389 12877 6896 3048 3516 3315 7517 4853 2970 3009 2071 5284 31216 48138 5545 8469 8487 6265 12166
internal_value=0.00348453 0.000782219 0.00914963 -0.00208126 0.0129027 0.00660404 0.00246243 -0.00167897 0.0018218 0.00498085 0.0061968 0.00988225 0.00496075 0.00254593 -0.00139708 0.00248606 0.00122261 -0.00111796 -0.0034878 0.00174687 -0.001163 -0.0030152 0.00114578 0.00221935 0.00264049 -0.0015513 0.015357 -0.00492069 -0.00486533 0.00959766
internal_weight=400165 270937 129228 100189 52180 77048 170748 96978 145758 23227 24990 25723 51325 10603 94401 21677 122531 91353 20857 102529 14315 11306 18161 88214 79354 8860 29945 16004 9235 22235
internal_count=400165 270937 129228 100189 52180 77048 170748 96978 145758 23227 24990 25723 51325 10603 94401 21677 122531 91353 20857 102529 14315 11306 18161 88214 79354 8860 29945 16004 9235 22235
cat_boundaries=0 32 33 65 91 123 155 184 213 245 271
cat_threshold=57 0 0 1904 0 0 13056 0 0 274432 0 0 4194304 0 0 1048576 0 0 452984832 0 0 1879048192 0 0 0 0 0 0 0 0 0 256 2 192 0 0 4096 0 0 13056 0 0 843776 0 0 14352384 0 0 83886080 0 0 2818572288 0 0 1610612736 0 0 0 4 0 0 16 0 0 65792 66 0 0 6272 0 0 183296 0 0 2818048 0 0 42139648 0 0 744488960 0 0 67108864 0 0 2147483648 0 0 0 3 12 0 0 9056 0 0 25344 0 0 2392064 0 0 262144 0 0 0 0 0 33554432 0 0 0 0 0 0 1 0 0 0 0 0 4096 120 0 0 1408 0 0 7168 0 0 2125824 0 0 0 0 0 0 0 0 0 0 0 0 34 0 0 0 0 0 80 0 0 14592 768 0 0 8224 0 0 65792 0 0 622592 0 0 12386304 0 0 113246208 0 0 117440512 0 0 2415919104 0 0 0 15 0 0 288 1 0 0 0 0 0 0 0 0 98304 0 0 1835008 0 0 813694976 0 0 0 0 0 0 0 0 0 7 0 0 32 0 0 0 0 0 0 0 0 0 0 0 0 0 0 0 0 0 0 0 0 0 536870912 30 0 0 900 0 0 1104 0 0 32512 0 0 0 0 0 0 0 0 0 491520 0 0 3735552 0 0 58720256 0 0 939524096 0 0 2147483648 0 0 0 4
is_linear=0
shrinkage=0.08


Tree=53
num_leaves=31
num_cat=9
split_feature=45 5 45 45 14 21 45 5 45 6 31 5 21 5 45 22 5 5 5 26 26 22 5 10 28 10 27 14 45 28
split_gain=1024.94 185.023 164.203 79.2344 74.3097 54.2273 53.7525 48.9773 48.503 43.3546 47.9879 37.6642 37.001 36.8566 34.9492 32.6581 32.4903 26.8588 26.7087 24.415 21.9081 21.8402 21.5232 21.5076 20.5131 20.3133 21.0954 23.3442 19.9466 30.4214
threshold=27.852884292602543 0 -5.9670064449310294 28.835530281066898 0.9543425738811494 0.65102496743202221 -16.021200180053707 1 31.936362266540531 2 84.337593078613295 3 0.41660760343074804 4 28.767078399658207 0.11014938354492189 5 6 7 8.8288412094116229 9.958867549896242 1.0771751403808596 8 0.60961097478866588 1003.5697021484376 1.423204302787781 1023.7680664062501 2.8499461412429814 25.217026710510257 1001.944061279297
decision_type=2 9 2 2 2 2 2 9 2 1 2 9 2 9 2 2 9 9 9 2 2 2 9 2 2 2 2 2 2 2
left_child=2 14 6 7 9 -5 22 -3 11 18 12 -7 -11 -12 -2 25 -14 28 -4 -18 23 -16 -1 -9 -25 -8 27 -27 -6 -30
right_child=1 3 4 5 17 8 15 20 -10 10 13 -13 16 -15 21 -17 19 -19 -20 -21 -22 -23 -24 24 -26 26 -28 -29 29 -31
leaf_value=-0.039635429614525319 0.020829150932982543 -0.0039183345706243246 0.0063985786917187685 0.058765782753137333 0.0024299111756591785 -0.010335880079332753 0.025419306277870958 0.006774436047005992 0.13012810720664533 0.0055493156527788301 0.011987020765905073 0.042855847921291004 0.0076697767240773377 0.0044004693295913453 0.074101345847834635 -0.041268209713274065 -0.0038815119447436074 -0.0017698444209923458 0.02004294988179801 0.0093967868853900433 0.024694239863974659 0.046994191938072166 -0.12111646815399432 0.0022457138129457379 0.024742878257307907 -0.07002269052811301 0.0062914037416403092 -0.011662726944722906 -0.010719230210521858 0.021181190465124188
leaf_weight=2331 18680 8353 6827 6333 34272 2753 3201 16699 6025 14245 11785 20125 8337 17594 20864 9388 25214 105556 5134 3137 3890 4824 3942 2052 8950 2429 6070 4539 2775 13253
leaf_count=2331 18680 8353 6827 6333 34272 2753 3201 16699 6025 14245 11785 20125 8337 17594 20864 9388 25214 105556 5134 3137 3890 4824 3942 2052 8950 2429 6070 4539 2775 13253
internal_value=0.00326342 0.00946419 0.000615986 0.00704149 0.00131064 0.00980764 -0.00478596 0.00460129 0.00833328 0.00310978 0.00243888 0.00664628 0.000953615 0.00501344 0.0135622 -0.00315872 -0.000390212 0.000245339 0.00760037 -0.00168129 0.0060403 0.0154845 -0.0114181 0.00524918 0.00799491 -0.000985907 -0.00238811 -0.00538836 0.0017663 0.00409527
internal_weight=399577 119548 280029 75180 248129 35236 31900 39944 28903 92273 80312 22878 50933 29379 44368 25627 36688 155856 11961 28351 31591 25688 6273 27701 11002 16239 13038 6968 50300 16028
internal_count=399577 119548 280029 75180 248129 35236 31900 39944 28903 92273 80312 22878 50933 29379 44368 25627 36688 155856 11961 28351 31591 25688 6273 27701 11002 16239 13038 6968 50300 16028
cat_boundaries=0 32 61 62 91 114 140 166 195 227
cat_threshold=57 0 0 880 0 0 4864 0 0 12288 0 0 4390912 0 0 1048576 0 0 184549376 0 0 1879048192 0 0 0 0 0 0 0 0 0 256 0 0 0 128 0 0 2048 0 0 49152 0 0 3932160 0 0 394264576 0 0 4026531840 3 0 0 33 0 0 3 0 0 16 2 4 0 0 0 0 0 131072 0 0 16384 0 0 0 0 0 327155712 0 0 0 2 0 0 1 0 0 0 0 0 48 203 0 0 11792 0 0 122880 0 0 921600 0 0 3997696 0 0 33554432 0 0 0 2 0 0 36 1 0 0 64 0 0 3584 0 0 360448 0 0 66977792 0 0 1009778688 0 0 1073741824 0 0 0 15 0 0 96 387 0 0 0 0 0 28672 0 0 966656 0 0 3145728 0 0 784334848 0 0 1056964608 0 0 3221225472 32 0 0 224 184 0 0 3136 0 0 115712 0 0 2002944 0 0 56623104 0 0 134217728 0 0 0 3 0 2147483648 0 0 0 0 0 0 32 0 0 0 0 0 0 0 0 0 0 0 0 0 0 0 0 0 0 0 0 0 0 33 0 0 924 0 0 4400 0 0 40960
is_linear=0
shrinkage=0.08


Tree=54
num_leaves=31
num_cat=0
split_feature=45 45 45 20 45 45 3 45 25 34 34 26 3 16 10 30 7 37 35 34 23 16 37 34 35 18 30 14 28 10
split_gain=936.199 152.937 139.145 71.1562 93.9929 68.0446 64.899 45.3322 38.53 33.5646 31.1698 30.4126 29.6243 29.3979 35.1336 27.5732 27.1984 52.3788 24.4511 20.3729 19.3221 18.4527 16.9784 16.8697 23.853 15.8297 15.4707 21.1544 15.2989 23.3159
threshold=27.809443473815922 28.767078399658207 3.9625599384307866 0.61705803871154796 31.388112068176273 -16.021200180053707 11.923545837402346 27.149129867553714 9.4159884452819842 -5.9209289550781241 -6.2691955566406241 9.958867549896242 267.91935729980474 0.46835914254188543 0.62248665094375621 22.562500000000004 1.5000000000000002 -0.85749816894531239 0.55265426635742199 -13.510375976562498 27.014854431152347 3.9860358238220219 0.40406799316406256 -6.9306640624999991 1.1153221130371096 1.2813037633895876 574.18750000000011 1.7852091789245608 1013.9171752929689 3.8770236968994145
decision_type=2 2 2 2 2 2 2 2 2 2 2 2 2 10 2 2 2 2 2 2 2 8 2 2 2 2 2 2 2 2
left_child=2 6 5 -3 9 21 8 16 13 12 -8 18 25 -2 -15 -7 17 -4 -9 -18 28 -1 -19 24 -17 -5 -11 -28 -21 -30
right_child=1 3 7 4 -6 15 10 11 -10 26 -12 -13 -14 14 -16 23 19 22 -20 20 -22 -23 -24 -25 -26 -27 27 -29 29 -31
leaf_value=-0.045137359055695041 0.017118268991504735 0.049704109918219927 -0.0092117000330517139 0.046344873627825932 0.14939115826245555 -0.0026874387406393917 -0.013176412502968731 0.0082571930431331007 0.024580750736522886 0.062705867638294138 0.01560931880315195 0.015404401205544219 -0.0068627739312196925 0.0063492327392096117 0.023425777266908979 -0.01729979840732157 -0.038287426862378487 0.004098155667160484 0.0030580330110143452 0.0028119208578658572 -0.0068532845186788198 -0.13408398875032326 0.017232686439249106 -0.013595900558263594 -0.056043917849158388 0.015942054915808229 0.042864285611200044 0.0081654189698411976 -0.0079602202547900455 0.022732865430446694
leaf_weight=3535 11744 15763 8420 6731 15490 33578 4873 15285 5214 7907 10281 5147 3997 19760 8334 4576 2294 30785 34705 77147 8022 2790 15001 14265 3213 3551 6873 2537 16045 2215
leaf_count=3535 11744 15763 8420 6731 15490 33578 4873 15285 5214 7907 10281 5147 3997 19760 8334 4576 2294 30785 34705 77147 8022 2790 15001 14265 3213 3551 6873 2537 16045 2215
internal_value=0.00310802 0.00891415 0.000528673 0.0116747 0.010113 -0.0028115 0.00603096 0.00149101 0.00755404 0.00760615 0.00150092 0.00346891 0.00472951 0.00670448 0.00529604 -0.00191654 0.000808933 0.00226575 0.0028648 6.18539e-05 0.000227574 -0.0106677 0.00333217 -0.00411349 -0.00710604 0.00699961 0.00997403 0.00776645 0.000544767 -0.00153695
internal_weight=400078 123055 277023 62849 47086 61957 60206 215066 45052 31596 15154 55137 14279 39838 28094 55632 159929 54206 49990 105723 103429 6325 45786 22054 7789 10282 17317 9410 95407 18260
internal_count=400078 123055 277023 62849 47086 61957 60206 215066 45052 31596 15154 55137 14279 39838 28094 55632 159929 54206 49990 105723 103429 6325 45786 22054 7789 10282 17317 9410 95407 18260
is_linear=0
shrinkage=0.08


Tree=55
num_leaves=31
num_cat=11
split_feature=45 5 45 22 37 45 5 26 31 38 5 45 44 26 6 5 33 5 28 5 16 10 5 16 5 21 38 5 5 28
split_gain=845.007 181.103 124.952 61.3629 57.8846 58.5298 50.8874 43.1454 40.2571 49.5678 36.5573 33.5046 32.9461 26.2259 25.5363 24.2632 23.5767 22.5214 20.9248 24.9621 20.4644 26.8069 18.925 18.1058 17.0294 16.9444 28.1001 17.4928 16.8767 16.4998
threshold=27.809443473815922 0 -7.6388113498687735 0.44488906860351568 -0.48679351806640619 28.667377471923832 1 9.4097628593444842 64.536827087402358 2.3984535932540898 2 28.667377471923832 28.93563270568848 10.292251586914064 3 4 16.344384193420414 5 1010.3165588378907 6 0.31239286065101629 0.377109244465828 7 4.7594928741455087 8 0.96740761399269115 0.48151779174804693 9 10 1000.6781311035157
decision_type=2 9 2 2 2 2 9 2 2 2 9 2 2 2 1 9 2 9 2 9 10 2 9 8 9 2 2 9 9 2
left_child=2 3 8 11 15 12 13 22 9 16 -7 -2 -6 14 18 -3 -1 -10 19 -4 -16 -22 -5 25 -23 26 27 -8 -28 -27
right_child=1 4 6 7 5 10 23 -9 17 -11 -12 -13 -14 -15 20 -17 -18 -19 -20 -21 21 24 -24 -25 -26 29 28 -29 -30 -31
leaf_value=-0.023196941155684599 0.017233968901072105 -0.017047339625554797 0.014872634612194844 0.0079312055725308285 0.01170516875763724 0.019409063554783758 -0.0023836285543139013 0.031337040510971977 -0.098710900741963606 -0.084340012874173809 0.04494130566016892 0.064628613728349937 -0.01231116050541921 0.013078422611586973 0.010086222315960356 0.0096157465298566079 0.011053861999669472 -0.046848941948452634 0.022919560070725282 -0.00083212710888965098 -0.0022330142641473574 0.0087674627940280917 0.022420363168486404 -0.01802934437214276 0.0032255727921577915 -0.02424441300674289 0.018027200099407212 0.0031433008077684831 0.0056453644755165297 -0.00020324436141905267
leaf_weight=8578 9117 3977 2751 4262 27231 5547 19455 4469 2793 2135 21335 23429 2222 4263 3889 9297 8004 5655 3090 3846 14906 8863 12047 3999 34308 3577 7127 28596 9156 102189
leaf_count=8578 9117 3977 2751 4262 27231 5547 19455 4469 2793 2135 21335 23429 2222 4263 3889 9297 8004 5655 3090 3846 14906 8863 12047 3999 34308 3577 7127 28596 9156 102189
internal_value=0.00290276 0.00842293 0.000454273 0.0119316 0.00573123 0.00685172 0.00101422 0.00852992 -0.0046977 -0.00262615 0.0095508 0.0141037 0.00438584 0.00274231 0.00237919 0.000978621 -0.00114513 -0.00927879 0.00619553 0.00364765 0.0017804 0.00140376 0.00661438 0.000260397 0.00241356 0.000385633 0.0014093 0.000435696 0.00428037 -0.000237105
internal_weight=400113 122933 277180 53324 69609 56335 250015 20778 27165 18717 26882 32546 29453 75916 71653 13274 16582 8448 9687 6597 61966 58077 16309 174099 43171 170100 64334 48051 16283 105766
internal_count=400113 122933 277180 53324 69609 56335 250015 20778 27165 18717 26882 32546 29453 75916 71653 13274 16582 8448 9687 6597 61966 58077 16309 174099 43171 170100 64334 48051 16283 105766
cat_boundaries=0 32 51 80 81 113 145 158 184 194 226 258
cat_threshold=57 0 0 880 0 0 13056 0 0 12288 0 0 4390912 0 0 1048576 0 0 520093696 0 0 1879048192 0 0 0 2 0 0 0 0 0 256 971 0 0 15408 0 0 90880 0 0 1835008 0 0 11862016 0 0 79691776 0 0 939524096 4 0 0 8192 0 0 0 0 0 0 0 0 2097152 0 0 327155712 0 0 3221225472 3 0 0 1 0 0 4 0 0 48 2 512 0 0 0 0 0 16384 0 0 16384 0 0 786432 0 0 450887680 0 0 1073741824 2 0 0 1 0 0 0 0 0 16 0 0 4096 0 0 0 0 0 0 0 0 0 0 0 0 0 0 0 0 0 0 0 0 0 0 6 0 0 160 0 0 12176 0 0 16384 971 0 0 12304 0 0 8448 0 0 0 0 0 65536 0 0 0 32 0 0 12288 0 0 12288 0 0 131072 0 0 0 0 0 100663296 0 0 0 0 0 0 2 3 0 0 9232 0 0 16640 0 0 786432 16 0 0 832 0 0 135168 0 0 2101248 0 0 0 0 0 402653184 0 0 3305111552 1 0 268435456 35 0 0 3 0 0 32 0 0 256 52 0 0 768 0 0 6144 0 0 102400 0 0 0 0 0 989855744 0 0 3338665984 1 0 0 1 0 0 7 0 0 32 0 0 256
is_linear=0
shrinkage=0.08


Tree=56
num_leaves=31
num_cat=14
split_feature=45 5 45 45 45 45 14 5 5 30 25 5 22 34 5 5 6 5 5 28 23 34 5 22 5 16 6 5 25 5
split_gain=760.121 170.746 109.712 66.1911 58.6139 50.6216 48.002 42.0287 33.1824 32.9889 31.4609 40.1241 30.7859 26.0137 24.797 23.6208 22.9401 34.3821 33.0678 33.9975 29.8767 24.8713 22.7306 21.8786 21.742 19.5829 19.5708 23.0223 18.9283 17.7245
threshold=27.896944046020511 0 -14.292426109313963 27.067754745483402 28.767078399658207 28.941106796264652 1.756554961204529 1 2 40.812500000000007 8.8460636138916033 3 1.4262199401855471 -6.1772155761718741 4 5 6 7 8 1011.3197021484376 26.15400314331055 1.4925537109375002 9 1.3117790222167971 10 4.7594928741455087 11 12 2.0920538902282719 13
decision_type=2 9 2 2 2 2 2 9 9 2 2 9 2 2 9 9 1 9 9 2 2 2 9 2 9 8 1 9 2 9
left_child=2 4 25 8 14 7 23 -3 -4 -8 11 -5 -6 15 -2 -10 17 21 19 -18 -19 -15 -12 -7 -11 -1 29 -28 -25 -13
right_child=1 5 3 10 12 6 9 -9 13 24 22 26 -14 16 -16 -17 18 20 -20 -21 -22 -23 -24 28 -26 -27 27 -29 -30 -31
leaf_value=-0.03895139134901527 0.019163155372067139 -0.0024768328777338413 -0.0049082389554740763 -0.00023357893312834222 0.060180986949322134 0.054162385765833959 0.076968899283427275 0.011585826683535813 -0.025477637285849754 -0.021377074048804446 0.0018450140718464781 0.015364469714107116 0.039266800954923013 0.010030249106599562 0.012117713366501448 -0.00087685888918395346 0.016978667188878378 0.0099799796468005297 -0.0010727654698538913 -0.00098435241483919357 -0.0049469191767101961 0.037466159185758949 0.020624033155166331 0.0037703202699134407 0.029215707680741047 -0.13563107400713789 0.001730650195195338 0.011505528321158422 0.040322160693119717 0.0064621606479271067
leaf_weight=7527 9333 10311 58605 22977 24576 12513 2113 26492 5429 3170 2188 4156 5755 10965 11705 19029 9777 23225 60331 8018 7797 3159 4273 2233 5773 2081 16180 11208 2690 6631
leaf_count=7527 9333 10311 58605 22977 24576 12513 2113 26492 5429 3170 2188 4156 5755 10965 11705 19029 9777 23225 60331 8018 7797 3159 4273 2233 5773 2081 16180 11208 2690 6631
internal_value=0.00284916 0.00828428 0.000612767 0.000907584 0.0117352 0.00556534 0.00809768 0.0036047 0.000195692 0.00396891 0.00307972 0.0025179 0.0139897 0.000834653 0.00848537 -0.00154814 0.00130757 0.00274277 0.000477568 0.00350603 0.00125121 0.00601244 0.0083851 0.0107119 0.00183849 -0.0077854 0.00410682 0.00296556 0.00617474 0.00699362
internal_weight=400220 116664 283556 273948 51369 65295 28492 36803 206335 11056 67613 61152 30331 147730 21038 24458 123272 45146 78126 17795 31022 14124 6461 17436 8943 9608 38175 27388 4923 10787
internal_count=400220 116664 283556 273948 51369 65295 28492 36803 206335 11056 67613 61152 30331 147730 21038 24458 123272 45146 78126 17795 31022 14124 6461 17436 8943 9608 38175 27388 4923 10787
cat_boundaries=0 32 61 93 122 144 173 174 203 232 248 277 278 310 329
cat_threshold=57 0 0 3888 0 0 13056 0 0 12288 0 0 4390912 0 0 1048576 0 0 452984832 0 0 1879048192 0 0 0 2 0 0 0 0 0 4352 256 0 0 128 0 0 2048 0 0 180224 0 0 3932160 0 0 394264576 0 0 3758096384 3 0 0 33 0 0 1 0 0 48 28 0 0 768 0 0 229376 0 0 2105344 0 0 0 0 0 2097152 0 0 0 1 0 0 18 0 0 776 0 0 14672 0 0 130816 240 0 0 12176 0 0 144384 0 0 2166784 0 0 34078720 0 0 33554432 0 0 3758096384 2 0 536870912 0 0 0 7 0 0 32 48 0 0 272 0 0 768 0 0 12288 0 0 0 0 0 1048576 0 0 33554432 0 0 536870912 0 0 0 128 0 0 3072 0 0 1130496 0 0 20840448 0 0 536870912 0 0 0 0 0 2415919104 1 0 0 6 0 0 512 6 609 0 0 3088 0 0 28672 0 0 69632 0 0 13828096 0 0 247463936 0 0 2013265920 0 0 2147483648 0 0 0 36 0 0 1664 995 0 0 12336 0 0 512 0 0 835584 0 0 20709376 0 0 33554432 0 0 536870912 0 0 0 0 0 0 0 0 0 1024 515 0 0 4160 0 0 34560 0 0 8192 0 0 8585216 0 0 135266304 0 0 0 0 0 0 2048 0 0 16384 0 0 786432 0 0 331350016 0 0 3221225472 2 0 0 1 0 0 0 0 0 48 3 775 0 0 4192 0 0 35072 0 0 1105920 0 0 9437184 0 0 218103808 0 0 67108864 0 0 268435456 32 0 0 0 0 0 0 0 0 256 768 0 0 96 0 0 256 0 0 1835008 0 0 25165824 0 0 97517568 0 0 117440512
is_linear=0
shrinkage=0.08


Tree=57
num_leaves=31
num_cat=1
split_feature=45 45 22 45 21 44 45 21 33 9 31 34 30 31 27 33 0 44 3 45 22 14 34 33 29 31 0 3 21 29
split_gain=691.748 147.489 78.6433 74.4631 67.172 40.9457 33.9571 40.1604 32.5983 27.987 33.6007 26.6857 27.0566 25.984 25.3334 33.2679 34.4853 31.8125 22.6353 25.1688 22.4283 22.0406 21.6988 21.9532 28.9845 25.8535 20.5344 18.7685 17.7271 17.6822
threshold=28.551164627075199 27.149129867553714 0.038623809814453132 -12.304445743560789 0.65976920723915111 28.973555564880375 32.573343276977546 0.51835855841636669 20.780735969543461 0 75.315174102783217 -7.1247558593749991 7.3125000000000009 62.671810150146491 1012.875701904297 16.233792304992679 14.250000000000002 27.301537513732914 290.15364074707037 29.182903289794925 0.55074691772460949 1.9130223989486697 2.3715515136718754 19.990847587585453 1.0000000180025095e-35 59.86529731750489 18.750000000000004 290.15364074707037 0.37026131153106695 0.55353164672851574
decision_type=2 2 2 2 2 2 2 2 2 1 2 2 2 2 2 2 2 2 2 2 2 2 2 2 2 2 2 2 2 2
left_child=1 3 6 13 -4 8 7 -2 9 -3 -11 12 -5 29 17 -16 -17 -13 19 -6 -12 -20 -18 24 25 -24 -26 -9 -10 -1
right_child=2 5 4 11 18 -7 -8 27 28 10 20 14 -14 -15 15 16 22 -19 21 -21 -22 -23 23 -25 26 -27 -28 -29 -30 -31
leaf_value=-0.0024825517699705911 0.033789287898460002 0.016408358384070426 0.030035013814436056 0.013615319341547893 0.0076774234017076282 -0.019630883560395631 0.20372302292544789 0.051977311805473082 0.011389196390094582 -0.0051436190481241083 0.015479643257065733 0.0046383113974245308 -0.012353189482174383 -0.074981842311242136 -0.0081433834979723237 -0.016647636069824969 -1.5089736147260168e-05 -0.012869271385381751 0.02916888661265709 0.048009065991732318 0.0050204673741895793 -0.023871358782493746 -0.014117729829927299 0.020088522567482416 -0.0045983361163619918 0.0058287390600663255 0.020672715542814534 0.022045244189723263 0.0088848651251652207 -0.040958448753091264
leaf_weight=5902 7170 5131 15170 7472 7032 2687 7897 11986 6501 7450 6913 71967 25860 5547 32111 2498 35823 3839 2256 13993 51530 2946 4106 8899 2344 3220 9166 5439 23827 2893
leaf_count=5902 7170 5131 15170 7472 7032 2687 7897 11986 6501 7450 6913 71967 25860 5547 32111 2498 35823 3839 2256 13993 51530 2946 4106 8899 2344 3220 9166 5439 23827 2893
internal_value=0.00271437 0.00112878 0.00970216 -3.76257e-05 0.00738667 0.00361349 0.0126491 0.0111742 0.00387206 0.00293381 0.00248843 0.000348166 -0.00172515 -0.00561037 0.000745475 -0.000102875 0.000923925 0.00184394 0.00493273 0.00610126 0.0031338 0.000207214 0.00128681 0.0029663 0.00141781 -0.00251363 0.00392014 0.00909091 0.00606764 -0.00290062
internal_weight=399575 325686 73889 221647 41397 104039 32492 24595 101352 71024 65893 207305 33332 14342 173973 98167 66056 75806 26227 21025 58443 5202 63558 27735 18836 7326 11510 17425 30328 8795
internal_count=399575 325686 73889 221647 41397 104039 32492 24595 101352 71024 65893 207305 33332 14342 173973 98167 66056 75806 26227 21025 58443 5202 63558 27735 18836 7326 11510 17425 30328 8795
cat_boundaries=0 1
cat_threshold=17
is_linear=0
shrinkage=0.08


Tree=58
num_leaves=31
num_cat=3
split_feature=44 24 24 21 25 6 44 34 34 7 6 10 25 33 34 6 0 16 34 34 40 37 25 10 10 34 7 31 25 37
split_gain=500.829 120.127 84.4249 113.598 61.0875 50.6113 45.4808 33.617 32.8255 32.7153 31.6796 38.0101 31.4972 30.9729 28.9667 27.5117 46.513 33.13 27.9437 27.196 26.8104 28.2686 26.5493 26.4253 26.1739 27.2559 25.9231 25.3092 24.2929 23.6684
threshold=28.304667472839359 23.443725585937504 37.089904785156257 0.48009385168552404 9.6195292472839373 0 28.93563270568848 1.9403991699218752 -16.401916503906246 1.5000000000000002 1 1.3526041507720949 6.0721077919006357 18.54547214508057 -8.5097351074218732 2 12.250000000000002 0.32633702456951147 -1.5867309570312498 -5.0310668945312491 4.4099416732788095 0.055271148681640632 1.4406986832618716 2.2290601730346684 1.3014652132987978 -1.5867309570312498 2.5000000000000004 76.052387237548842 1.9729249477386477 -0.74355506896972645
decision_type=2 2 2 2 2 1 2 2 2 2 1 2 2 2 2 1 2 8 2 2 2 2 2 2 2 2 2 2 2 2
left_child=1 8 3 6 5 12 -2 15 -1 29 14 -12 19 -13 -10 16 27 -17 28 -3 21 -9 -11 -20 25 -24 -23 -7 -18 -5
right_child=2 4 -4 9 -6 7 -8 20 10 22 11 13 -14 -15 -16 17 18 -19 23 -21 -22 26 24 -25 -26 -27 -28 -29 -30 -31
leaf_value=-0.054454911624587723 0.014376784452339848 -0.020417507546430968 0.12957566645014906 0.0026430404909899606 0.012638610324263198 -0.013142852257351905 0.038795833018202761 -0.0072979334513344441 -0.01432032842924408 -0.0091606216110668021 0.0044684888123715186 -0.024619874972066781 0.026599185889075515 0.0080135575645981314 0.0066736085138391953 0.0079352789461079702 -0.018811451156862589 0.0011518002431883901 0.024245128545190085 0.0098310025985441033 0.014283459270178796 0.0072371684854140028 0.024528714289273806 -0.0025172748391955224 0.0062254832845198395 0.0029438412089385934 -0.010652532969499333 0.0026130994359510849 0.0092034434867508709 0.038268915914433987
leaf_weight=2541 12253 2082 12554 2225 7258 2560 9845 15423 15346 4465 13731 29693 3192 5393 40610 4606 2018 77892 14803 31409 3476 9355 20973 2336 11289 6034 4332 13414 7205 11868
leaf_count=2541 12253 2082 12554 2225 7258 2560 9845 15423 15346 4465 13731 29693 3192 5393 40610 4606 2018 77892 14803 31409 3476 9355 20973 2336 11289 6034 4332 13414 7205 11868
internal_value=0.00251645 0.000975428 0.00771406 0.0067435 0.00212752 0.00185778 0.0116103 0.00123374 -0.00118631 0.00485017 -0.000967905 -0.00245674 0.00453314 -0.00385343 0.000331571 0.00183109 0.00348853 0.000979665 0.00555286 0.00380824 -0.00105412 -0.00184753 0.00374693 0.00746283 0.0044275 0.00577932 0.000798715 8.25826e-05 0.00199935 0.00819258
internal_weight=400181 308675 91506 78952 201361 194103 22098 157420 107314 56854 104773 48817 36683 35086 55956 124834 42336 82498 26362 33491 32586 29110 42761 17139 38296 27007 13687 15974 9223 14093
internal_count=400181 308675 91506 78952 201361 194103 22098 157420 107314 56854 104773 48817 36683 35086 55956 124834 42336 82498 26362 33491 32586 29110 42761 17139 38296 27007 13687 15974 9223 14093
cat_boundaries=0 1 2 3
cat_threshold=2 6 8
is_linear=0
shrinkage=0.08


Tree=59
num_leaves=31
num_cat=3
split_feature=23 43 22 21 24 21 6 34 31 8 22 14 10 29 38 0 27 1 10 23 34 22 14 20 23 38 10 14 6 15
split_gain=483.399 97.0041 95.7428 50.4246 45.5333 46.8865 39.8839 49.4145 42.0967 46.2041 33.1782 32.4994 28.3826 28.7123 27.7989 27.3557 24.6192 22.6398 21.0604 20.6866 19.2496 18.9928 17.7414 17.6247 17.4749 17.008 16.7713 24.9193 17.0485 19.6876
threshold=28.307857513427738 4.0440330505371103 0.11873245239257814 0.41007389128208166 39.074981689453132 0.47305297851562506 0 -5.6695556640624991 83.274261474609389 1 0.10442733764648439 0.68544781208038341 1.7115024328231814 0.81206893920898449 0.010556221008300783 25.750000000000004 1009.1011657714845 74.750000000000014 0.56341347098350536 -3.8631782531738277 1.9403991699218752 0.78248977661132824 2.9963179826736455 0.34479752182960516 29.046817779541019 1.1439554691314699 2.2041845321655278 2.3336970806121831 2 1.9352951645851137
decision_type=2 2 2 2 2 2 1 2 2 1 2 2 2 2 2 2 2 2 2 2 2 2 2 2 2 2 2 2 1 8
left_child=1 10 4 -4 5 24 7 -3 9 22 26 -10 13 -5 -11 -14 -7 -18 -13 -12 -20 -16 23 -8 -2 -9 27 -1 -28 -30
right_child=2 6 3 12 -6 16 8 25 11 14 19 18 15 -15 21 -17 17 -19 20 -21 -22 -23 -24 -25 -26 -27 28 -29 29 -31
leaf_value=-0.011194850033821445 0.014520566740358376 -0.049430223373716872 0.020705340544395483 0.023512097532596813 0.19254268657261733 0.044882858999842623 0.0050434507937630714 0.011078396209056152 0.0061826986691207253 0.00085082025743730581 -0.035365214695890899 -0.0058577327825469188 -0.023290718234763832 0.0072405743992476346 0.015410793167422767 0.027387855544396301 0.027450827428227242 0.0047227266286552095 0.0070855824073949233 -0.0088847666806374376 -0.013725019556733003 0.0031702315094741707 0.014799086127568266 -0.0031418246679230321 0.048280679724958024 0.0035461161634494686 0.014905575101381602 0.021225208085599984 0.0095222740077064577 -0.035736560389277514
leaf_weight=6335 4156 2140 7997 17496 5959 18930 2904 33386 31902 23018 15187 5757 3430 15545 13233 3937 3480 6013 32298 14081 2416 7802 7839 76779 4367 7526 4161 10460 2913 8511
leaf_count=6335 4156 2140 7997 17496 5959 18930 2904 33386 31902 23018 15187 5757 3430 15545 13233 3937 3480 6013 32298 14081 2416 7802 7839 76779 4367 7526 4161 10460 2913 8511
internal_value=0.00237929 0.000866461 0.00749233 0.00505174 0.010244 0.00919255 0.001575 0.00378715 0.00110762 0.000255196 -0.00197217 0.00265725 0.00390123 0.00490212 0.00236797 -0.000588315 0.00762705 0.00429549 0.00115165 -0.00392377 0.00189494 0.00446947 -0.00080839 -0.00116572 0.0143982 0.00440839 -0.000207471 0.00154597 -0.00209683 -0.00369102
internal_weight=399958 308648 91310 48405 42905 36946 247000 43052 203948 131575 61648 72373 40408 33041 44053 7367 28423 9493 40471 29268 34714 21035 87522 79683 8523 40912 32380 16795 15585 11424
internal_count=399958 308648 91310 48405 42905 36946 247000 43052 203948 131575 61648 72373 40408 33041 44053 7367 28423 9493 40471 29268 34714 21035 87522 79683 8523 40912 32380 16795 15585 11424
cat_boundaries=0 1 2 3
cat_threshold=2 2 2
is_linear=0
shrinkage=0.08


Tree=60
num_leaves=31
num_cat=10
split_feature=45 5 45 45 45 44 5 5 34 5 5 41 17 44 5 33 5 40 12 5 31 22 5 34 14 14 5 22 22 45
split_gain=549.256 143.229 106.385 56.5787 47.9107 43.4739 44.1988 37.7636 29.8088 32.9763 29.5793 23.4188 23.2498 27.1515 22.8135 21.6852 21.5286 21.5001 26.3128 20.7244 20.1175 21.8871 19.4054 18.1599 17.4437 29.9947 17.1544 16.8403 16.6887 15.2714
threshold=28.731710433959964 0 27.109156608581547 -16.021200180053707 33.349782943725593 28.973555564880375 1 2 -6.1772155761718741 3 4 26.235942840576175 2.2150076627731328 26.259904861450199 5 23.643839836120609 6 0.78900527954101574 0.31484384834766393 7 81.928752899169936 0.56791305541992199 8 0.15701293945312503 2.9963179826736455 1.8141787052154543 9 1.0000000180025095e-35 1.9211769104003908 27.745410919189457
decision_type=2 9 2 2 2 2 9 9 2 9 9 2 8 2 9 2 9 2 2 9 2 2 9 2 2 2 9 2 2 2
left_child=2 -2 3 26 7 6 17 -3 9 -9 24 -8 13 -12 -10 19 28 18 -4 -14 21 -18 -15 -20 25 -5 -1 -26 -13 -19
right_child=1 4 5 10 -6 -7 11 8 14 -11 12 16 15 22 -16 -17 20 29 23 -21 -22 -23 -24 -25 27 -27 -28 -29 -30 -31
leaf_value=-0.10104125391306119 0.043964665123260999 -0.006714270019499367 0.0090784411628190755 0.0064267439748485347 0.15669701357633828 -0.013740203307523232 0.037087402019513861 0.034907746125770134 0.018142318629679865 -0.0042601931796153996 0.0023717091467345599 0.0049992030465580229 -0.036618009441148729 -0.0090962386911758852 0.037129527820594463 0.0062067301977169718 0.0042359032817113019 0.0080496065173737471 0.0056732847266161455 -0.013369763929634378 0.0069719082127967626 -0.002785309703145842 -0.001043466467212113 -0.0049440272753082581 0.040167636500656488 -0.0045989104063269438 -0.028408226465972037 0.006829912921995902 -0.014778327243962367 0.024002033198359529
leaf_weight=2482 22806 4142 10352 26217 2928 4508 2132 8354 6596 5918 97344 4231 4713 7502 13907 11499 16043 5283 16237 22219 27263 13792 16719 2968 3989 18975 3875 3394 3887 9847
leaf_count=2482 22806 4142 10352 26217 2928 4508 2132 8354 6596 5918 97344 4231 4713 7502 13907 11499 16043 5283 16237 22219 27263 13792 16719 2968 3989 18975 3875 3394 3887 9847
internal_value=0.00229874 0.00904997 0.000997434 -4.2021e-05 0.00626251 0.0029499 0.00325994 0.00551853 0.00637735 0.00356813 0.000180543 0.00196414 -0.000360464 0.000181781 0.00833325 -0.00207539 0.0016938 0.00521037 0.00395373 -0.00331675 0.00224168 0.000806165 -0.00221452 0.00219932 0.00182641 0.00123711 -0.00747291 0.00542946 -0.00215778 0.00766446
internal_weight=400122 64651 335471 218928 41845 116543 112035 38917 34775 14272 212571 67348 159996 121565 20503 38431 65216 44687 29557 26932 57098 29835 24221 19205 52575 45192 6357 7383 8118 15130
internal_count=400122 64651 335471 218928 41845 116543 112035 38917 34775 14272 212571 67348 159996 121565 20503 38431 65216 44687 29557 26932 57098 29835 24221 19205 52575 45192 6357 7383 8118 15130
cat_boundaries=0 32 64 93 125 154 180 206 238 264 296
cat_threshold=123 0 0 3872 0 0 127744 0 0 1310720 0 0 65536 0 0 1048576 0 0 50331648 0 0 805306368 0 0 0 0 0 0 0 0 0 256 56 0 0 864 0 0 66304 0 0 1978368 0 0 12779520 0 0 544210944 0 0 251658240 0 0 3758096384 0 0 0 0 0 0 0 0 0 4096 4 0 0 8192 0 0 0 0 0 16384 0 0 0 0 0 327155712 0 0 0 3 0 0 1 0 0 0 0 0 48 0 0 0 128 0 0 2048 0 0 200704 0 0 33685504 0 0 671088640 0 0 3087007744 0 0 3221225472 0 0 0 2 0 0 0 0 0 4096 995 0 0 15376 0 0 12288 0 0 0 0 0 45350912 0 0 113246208 0 0 956301312 0 0 0 32 0 0 100 0 0 1024 512 0 0 192 0 0 133120 0 0 8192 0 0 1048576 0 0 0 0 0 4026531840 0 0 0 0 0 0 3 0 0 0 128 0 0 7168 0 0 16384 0 0 524288 0 0 134217728 0 0 4026531840 2 0 268435456 32 0 0 5 16 0 0 896 0 0 0 0 0 2596864 0 0 4194304 0 0 538968064 0 0 67108864 1 0 1610612736 0 0 0 8 0 0 16 0 0 31488 16 0 0 288 0 0 98304 0 0 4063232 0 0 20971520 0 0 540016640 0 0 33554432 2 0 2147483648 2 0 0 2 0 0 0 0 0 0 0 0 0 0 0 0 0 0 0 0 0 0 0 0 0 0 14 0 0 0 0 0 12496 0 0 16896
is_linear=0
shrinkage=0.08


Tree=61
num_leaves=31
num_cat=2
split_feature=45 45 22 3 45 44 45 21 45 21 9 31 29 32 40 14 28 31 29 14 16 6 45 44 45 31 38 23 32 28
split_gain=523.624 114.364 76.7015 51.9757 49.8634 39.4195 31.1078 29.032 27.8321 32.7037 26.3081 26.3857 29.0927 41.5946 29.3216 26.118 24.2432 25.32 30.465 26.1214 31.1076 30.1883 27.7379 28.8468 19.5508 18.1283 17.9444 17.4153 17.2351 16.9163
threshold=28.869156837463382 27.207074165344242 1.3117790222167971 290.15364074707037 -18.357194900512692 29.1740837097168 32.948644638061531 0.37026131153106695 32.244066238403327 0.46666540205478674 0 72.839588165283217 0.67303085327148449 756.33279418945324 0.94787192344665538 0.99741244316101085 1000.6781311035157 86.247261047363295 0.60550308227539074 2.9963179826736455 2.5178369283676152 1 24.0994987487793 26.214757919311527 26.270361900329593 63.425832748413093 0.22811222076416018 -8.953880310058592 684.01358032226574 1009.2215576171876
decision_type=2 2 2 2 2 2 2 2 2 2 1 2 2 2 2 2 2 2 2 2 8 1 2 2 2 2 2 2 2 2
left_child=1 4 3 8 -1 7 -5 26 9 -2 -9 29 14 -14 28 -4 -6 18 19 22 -21 -22 -18 -24 -25 27 -3 -23 -13 -12
right_child=2 5 15 6 16 -7 -8 10 -10 -11 11 12 13 -15 -16 -17 17 -19 -20 20 21 25 23 24 -26 -27 -28 -29 -30 -31
leaf_value=-0.091801700574213496 0.034963290777151171 0.0050707543349545149 0.028602717017053862 0.014236205941055645 -0.019479726254906068 -0.017065770079321398 0.10788437167418763 0.017644468692370695 0.18810187187349806 0.040389951512782435 0.0040538224207069366 0.0081402943633861469 0.00050462505517685937 0.010517334051788155 0.025135131596132256 0.0082762176407696585 -0.0039824859979359674 0.0054725186077063627 -0.0048119643685787137 0.029015335342097083 0.030533480746245571 0.024325213168460563 0.0090049050060620316 -0.016283241973916347 0.0010357027842215415 -0.038757202065770859 0.015203927634439509 -0.021774048789755404 -0.00046212779695309792 -0.0077311173684100256
leaf_weight=3197 6982 11384 3596 7964 5758 3643 2086 8464 7568 20312 4976 15943 36993 10860 6706 9862 62658 31834 59255 8790 7312 3043 18838 2965 17517 2783 5972 2880 6053 3951
leaf_count=3197 6982 11384 3596 7964 5758 3643 2086 8464 7568 20312 4976 15943 36993 10860 6706 9862 62658 31834 59255 8790 7312 3043 18838 2965 17517 2783 5972 2880 6053 3951
internal_value=0.00214562 0.000949544 0.00914765 0.0107351 -9.22236e-05 0.00300518 0.00565805 0.00327332 0.0121966 0.0109977 0.00271744 0.00229468 0.0027749 0.00156655 0.00478824 0.00384615 4.98115e-05 0.000185327 -0.000171458 0.000528408 0.00285599 0.000756177 -3.80437e-05 0.00162726 -0.000450908 -0.00242494 0.00627894 7.75324e-05 0.00337363 -0.0018194
internal_weight=400145 341775 58370 44912 226830 114945 10050 111302 34862 27294 93946 85482 76555 47853 28702 13458 223633 217875 186041 126786 24808 16018 101978 39320 20482 8706 17356 5923 21996 8927
internal_count=400145 341775 58370 44912 226830 114945 10050 111302 34862 27294 93946 85482 76555 47853 28702 13458 223633 217875 186041 126786 24808 16018 101978 39320 20482 8706 17356 5923 21996 8927
cat_boundaries=0 1 2
cat_threshold=17 6
is_linear=0
shrinkage=0.08


Tree=62
num_leaves=31
num_cat=2
split_feature=45 45 45 21 43 45 3 30 20 34 7 37 38 10 6 34 35 14 45 34 6 30 37 35 34 10 30 14 12 24
split_gain=478.73 94.8672 66.9993 80.6195 45.2138 38.7638 37.808 31.0326 29.5638 21.0287 20.1586 56.6113 27.3428 30.4096 29.7118 38.5575 28.6555 33.9726 31.2846 29.5829 25.5089 32.3765 20.7646 18.9594 34.9967 30.6199 19.2708 18.7455 21.1786 17.8587
threshold=28.941106796264652 27.207074165344242 32.948644638061531 0.65102496743202221 29.461051940917972 -12.304445743560789 290.15364074707037 304.43750000000006 0.32593616843223577 -6.2691955566406241 1.5000000000000002 -1.0869445800781248 -0.49890232086181635 2.9229067564010625 0 3.3905944824218754 1.1153221130371096 2.1928104162216191 25.217026710510257 -7.6213684082031241 1 34.312500000000007 -0.0057258605957031241 22.910118103027347 -7.0281982421874991 0.61614280939102184 871.18750000000011 2.8499461412429814 1.0865610241889956 28.717300415039066
decision_type=2 2 2 2 2 2 2 2 2 2 2 2 2 2 1 2 2 2 2 2 1 2 2 2 2 2 2 2 2 2
left_child=1 5 3 -2 8 -1 7 -5 -3 -8 11 -7 14 20 15 -12 17 18 -16 -18 21 27 -13 24 29 26 -26 28 -14 -10
right_child=2 4 -4 6 -6 10 9 -9 23 -11 12 22 13 -15 16 -17 19 -19 -20 -21 -22 -23 -24 -25 25 -27 -28 -29 -30 -31
leaf_value=-0.027714533470145214 0.033546657411496102 0.0082300317973258083 0.16111588451475201 0.059357404843388084 -0.032204901913249061 -0.015759955363762668 -0.016671504422789668 0.028697813324010186 0.0056143915168691905 0.021754578471200433 0.0039052956571652689 0.0011070821606820403 -0.00097302827723765972 -0.037818244084875378 -0.023698548682689165 0.038086479635746857 -0.0205496448974435 0.0032950554271997134 0.002963134199182065 0.011280543511964822 -0.00027227651271054753 -0.019063646999356615 0.0090288473816656275 0.012299202922675079 0.00019362755609868997 0.012623083420832159 0.0058008249412658591 0.040934084701897432 -0.044360525159866597 -0.014734581805472331
leaf_weight=14348 13392 8523 7785 7099 2202 9652 4017 18174 2326 4877 15024 26955 4934 6433 6879 6585 3027 9965 2395 11863 65616 3480 34963 6847 27264 32984 32063 2123 2433 5724
leaf_count=14348 13392 8523 7785 7099 2202 9652 4017 18174 2326 4877 15024 26955 4934 6433 6879 6585 3027 9965 2395 11863 65616 3480 34963 6847 27264 32984 32063 2123 2433 5724
internal_value=0.0020836 0.000974296 0.00898941 0.00786016 0.00281441 1.68516e-05 0.00579513 0.00737333 0.00303073 0.00130728 0.00028888 0.00138195 -0.000266966 -0.00116972 0.00110999 0.00342965 -0.000360186 -0.00239909 -0.00588109 0.00227383 -0.000736424 -0.00397537 0.00227038 0.0026697 0.00239133 0.00283251 0.00174562 -0.00155368 -0.00346211 -0.00266501
internal_weight=399952 344608 55344 47559 117933 226675 34167 25273 115731 8894 212327 71570 140757 85019 55738 21609 34129 19239 9274 14890 78586 12970 61918 107208 100361 92311 59327 9490 7367 8050
internal_count=399952 344608 55344 47559 117933 226675 34167 25273 115731 8894 212327 71570 140757 85019 55738 21609 34129 19239 9274 14890 78586 12970 61918 107208 100361 92311 59327 9490 7367 8050
cat_boundaries=0 1 2
cat_threshold=3 1
is_linear=0
shrinkage=0.08


Tree=63
num_leaves=31
num_cat=11
split_feature=45 5 45 26 5 5 16 45 41 5 37 5 43 5 5 41 6 28 5 33 25 10 5 34 34 5 25 34 34 25
split_gain=441.878 129.932 87.7838 58.9199 52.4409 41.8089 41.741 37.8914 28.2341 33.8978 28.0327 26.144 25.2209 23.8001 23.2959 22.8885 21.241 24.1217 19.7323 17.9799 17.6322 17.3366 17.0061 18.7824 16.9016 28.6458 21.7688 21.3677 16.2152 15.6468
threshold=29.01556491851807 0 27.663696289062504 9.6702947616577166 1 2 5.2229049205780038 33.836181640625007 27.587244987487797 3 -0.85749816894531239 4 28.154544830322269 5 6 27.399603843688968 7 1006.9252929687501 8 22.69727993011475 9.6195292472839373 3.1220432519912724 9 -8.1583557128906232 -1.5049743652343748 10 3.6317864656448369 -6.8395080566406241 -7.0281982421874991 2.6416463851928715
decision_type=2 9 2 2 9 9 8 2 2 9 2 9 2 9 9 2 1 2 9 2 2 2 9 2 2 9 2 2 2 2
left_child=2 -2 5 4 15 6 19 10 14 -10 18 -12 20 -5 -6 -4 17 -11 -3 21 22 -1 23 -7 27 26 -26 -17 29 -13
right_child=1 7 3 13 8 12 -8 -9 9 16 11 28 -14 -15 -16 24 -18 -19 -20 -21 -22 -23 -24 -25 25 -27 -28 -29 -30 -31
leaf_value=-0.0032392048335503176 0.048143056533155079 -0.031533665380570494 0.029541446720092426 0.0039297803542642385 0.025939281700109618 -0.0079698535986827499 -0.054731538229241324 0.15417949106616086 -0.025975122196166184 0.021281922437340058 0.0069831249734727411 0.00081100372752892721 -0.028753996049255763 0.016142855979243507 0.0013045463451848605 -0.0031538676889917385 -0.0032948298902579156 0.001000693018714287 0.020778307487813095 0.0042082540996447194 0.0092977406408037665 -0.028781403040491507 0.00040057918847651307 0.0054426992630831703 0.0080136786710520626 0.0088712978883583558 -0.010283436236590901 0.011161984201584403 0.038773949864631591 0.035688510997169236
leaf_weight=46116 18534 2162 4046 2487 3982 6969 2946 2114 3241 3682 5949 3180 2121 7475 4369 2641 16772 8999 2945 21732 3119 8340 107424 67592 2068 2905 2734 16328 13704 3487
leaf_count=46116 18534 2162 4046 2487 3982 6969 2946 2114 3241 3682 5949 3180 2121 7475 4369 2641 16772 8999 2945 21732 3119 8340 107424 67592 2068 2905 2734 16328 13704 3487
internal_value=0.00189753 0.0087699 0.000869181 0.00316251 0.00236148 0.00016541 -0.00137605 0.00579065 0.000489468 -0.000571184 0.00509145 0.00614356 0.000817004 0.00892499 0.0046382 0.0048598 0.000285685 0.00275411 -0.000332226 -0.0010142 0.000916624 -0.00179047 0.000814198 0.00174227 0.00400809 0.00084748 -0.00294484 0.00529111 0.00750429 0.00426239
internal_weight=400163 52075 348088 81729 71767 266359 79134 33541 41045 32694 31427 26320 187225 9962 8351 30722 29453 12681 5107 76188 185104 54456 181985 74561 26676 7707 4802 18969 20371 6667
internal_count=400163 52075 348088 81729 71767 266359 79134 33541 41045 32694 31427 26320 187225 9962 8351 30722 29453 12681 5107 76188 185104 54456 181985 74561 26676 7707 4802 18969 20371 6667
cat_boundaries=0 32 64 96 122 151 167 190 191 220 249 268
cat_threshold=58 0 0 1840 0 0 127744 0 0 1966080 0 0 8454144 0 0 1048576 0 0 50331648 0 0 805306368 0 0 0 0 0 0 0 0 0 256 59 0 0 3936 0 0 131840 0 0 270336 0 0 46137344 0 0 544210944 0 0 251658240 0 0 3758096384 0 0 0 0 0 0 32 0 0 256 56 0 0 256 0 0 131072 0 0 2174976 0 0 0 0 0 0 0 0 0 0 0 268435456 10 0 0 777 0 0 15312 0 0 65280 0 0 0 128 0 0 2048 0 0 16384 0 0 851968 0 0 8388608 0 0 1073741824 2 0 268435456 32 0 0 1 4 0 0 64 0 0 0 0 0 24576 0 0 1048576 0 0 327155712 0 0 3221225472 3 0 0 1 0 0 5 0 0 48 512 0 0 8256 0 0 163840 0 0 851968 0 0 14680064 0 0 135266304 260 0 0 144 0 0 57344 0 0 3883008 0 0 458752 0 0 469762048 0 0 4026531840 0 0 268435456 32 2 0 0 0 128 0 0 0 0 0 2179072 0 0 5111808 0 0 48234496 0 0 67108864 0 0 1073741824 0 0 0 1 0 0 32 259 0 0 8240 0 0 0 0 0 1867776 0 0 12517376 0 0 250609664 0 0 939524096 0 0 0 32 0 0 100 0 0 1024 59 0 0 3840 0 0 131072 0 0 262144 0 0 12582912 0 0 0 0 0 134217728
is_linear=0
shrinkage=0.08


Tree=64
num_leaves=31
num_cat=11
split_feature=45 5 45 5 5 45 22 29 14 41 5 29 44 21 10 5 27 5 32 29 5 28 7 5 18 45 5 37 5 9
split_gain=408.934 137.667 84.2336 44.0495 40.7045 37.8846 34.6525 28.4391 30.0942 26.0448 25.3226 22.8063 22.7985 21.4557 26.8961 26.1368 19.5355 66.2435 28.1078 30.295 23.2977 18.7861 17.8713 17.0177 15.6973 15.5393 14.9953 19.8248 14.2981 14.0288
threshold=29.056795120239261 0 27.402981758117679 1 2 -18.357194900512692 0.98562240600585949 0.080165863037109389 1.756554961204529 27.384542465209964 3 0.92821884155273449 27.862637519836429 0.32667541503906256 0.62883892655372631 4 1010.4404602050782 5 832.01409912109386 0.39176559448242193 6 1002.0971679687501 1.5000000000000002 7 1.1376913189888003 27.809443473815922 8 0.15177917480468753 9 10
decision_type=2 9 2 9 9 2 2 2 2 2 9 2 2 2 2 9 2 9 2 2 9 2 2 9 2 2 9 2 9 1
left_child=2 6 4 9 5 -1 -2 28 11 -4 -10 -9 26 -5 16 -16 18 25 19 20 -15 -17 -7 -21 -11 -18 27 29 -3 -6
right_child=1 7 3 13 12 22 -8 8 10 24 -12 -13 -14 14 15 21 17 -19 -20 23 -22 -23 -24 -25 -26 -27 -28 -29 -30 -31
leaf_value=-0.12093798986881731 0.05290132743586845 0.020895332323800347 0.017262387624742387 0.0080693683822165956 0.010481490610790446 0.0015232371736844641 0.024785739360685569 0.032380623622644225 -0.031220703438848717 -0.00019084141297462054 0.020054740264494483 0.0026978080129485705 -0.023051409047429843 -0.00054406468975798817 0.0079840896829640687 0.0032917711794436854 -0.0056464030018244672 0.0053128709307318188 0.011965463098572968 0.0056733277566840459 0.018082015618218462 0.020349061397933497 -0.0071171220821051404 -0.0011402855056010708 -0.017750587743051653 -0.017845249714243394 0.00059591596841329425 0.010468906477643855 0.064801824068433836 0.00015628273049507867
leaf_weight=2230 18594 2282 4327 7494 4029 19567 4053 9278 3163 8310 6740 3343 2234 2109 13940 2025 2199 7524 7620 9384 4741 9729 39069 17564 6204 2132 117881 25175 3119 33952
leaf_count=2230 18594 2282 4327 7494 4029 19567 4053 9278 3163 8310 6740 3343 2234 2109 13940 2025 2199 7524 7620 9384 4741 9729 39069 17564 6204 2132 117881 25175 3119 33952
internal_value=0.00184605 0.00856906 0.00087286 0.00276398 5.70967e-05 -0.00173505 0.0132025 0.00480157 0.00355019 -0.000741212 0.000248159 0.00613886 0.000652405 0.00352748 0.00313889 0.00526455 0.00211287 -0.000750105 0.00293232 0.00194155 0.00668805 0.00804145 -0.00134502 0.000732992 -0.00236574 -0.00860952 0.000751738 0.00174623 0.0100129 0.000592246
internal_weight=400011 50572 349439 105302 244137 60866 22647 27925 22524 18841 9903 12621 183271 86461 78967 25694 53273 11855 41418 33798 6850 11754 58636 26948 14514 4331 181037 63156 5401 37981
internal_count=400011 50572 349439 105302 244137 60866 22647 27925 22524 18841 9903 12621 183271 86461 78967 25694 53273 11855 41418 33798 6850 11754 58636 26948 14514 4331 181037 63156 5401 37981
cat_boundaries=0 32 61 93 122 148 161 180 199 225 257 258
cat_threshold=58 0 0 1840 0 0 127744 0 0 2035712 0 0 33619968 0 0 1048576 0 0 184549376 0 0 805306368 0 0 0 2 0 0 0 0 0 256 0 0 0 128 0 0 7168 0 0 245760 0 0 2752512 0 0 394264576 0 0 1879048192 3 0 0 33 0 0 3 0 0 48 280 0 0 12608 0 0 131584 0 0 2621440 0 0 0 0 0 0 0 0 0 1 0 0 0 0 0 776 0 0 14544 0 0 65024 0 0 0 0 0 0 0 0 0 49152 0 0 18612224 0 0 331350016 0 0 3221225472 2 0 0 1 0 0 0 0 0 16 908 0 0 6912 0 0 8960 0 0 2633728 0 0 55902208 0 0 671088640 0 0 2164260864 0 0 268435456 0 0 0 4 240 0 0 3856 0 0 114688 0 0 3932160 0 0 29360128 196 0 0 10240 0 0 256 0 0 2109440 0 0 65536 0 0 135266304 0 0 16777216 27 0 0 6416 0 0 65792 0 0 2363392 0 0 20971520 0 0 537919488 0 0 234881024 707 0 0 2064 0 0 61696 0 0 32768 0 0 12189696 0 0 264241152 0 0 1040187392 0 0 0 32 0 0 96 0 0 0 192 0 0 3072 0 0 57344 0 0 1048576 0 0 56623104 0 0 0 0 0 0 0 0 0 0 0 0 48 0 0 4096 8
is_linear=0
shrinkage=0.08


Tree=65
num_leaves=31
num_cat=3
split_feature=45 45 45 19 29 44 41 17 18 34 34 33 33 34 19 44 45 32 6 12 27 45 21 14 29 34 6 27 34 6
split_gain=363.415 80.8686 67.4983 66.4961 44.9285 43.8837 35.5239 32.5578 31.0285 39.7802 28.1872 27.4814 22.2007 22.1133 22.1103 20.656 19.9056 19.3185 18.929 20.6211 20.9776 18.0191 16.5257 16.2519 25.351 17.1456 55.4127 19.0326 18.1167 15.7327
threshold=29.096235275268558 27.663696289062504 32.948644638061531 0.68846020102500927 0.067020416259765639 29.409983634948734 27.384542465209964 2.058281779289246 0.87450671195983898 -1.6274108886718748 -16.401916503906246 19.496640205383304 15.228096008300783 3.1797790527343754 1.4955707192420962 27.934124946594242 -18.357194900512692 896.09753417968761 0 0.31021063029766088 1008.0728454589845 30.358722686767582 0.39664542675018316 2.9963179826736455 0.48654556274414068 4.7471923828125009 1 1018.7969665527345 -6.9306640624999991 2
decision_type=2 2 2 2 2 2 2 8 2 2 2 2 2 2 2 2 2 2 1 2 2 2 2 2 2 2 1 2 2 1
left_child=1 7 3 22 -5 6 -3 15 9 17 -9 16 -11 -13 21 23 -12 18 -8 20 -20 -6 -2 25 -25 28 -27 -28 -1 -30
right_child=2 5 -4 4 14 -7 8 10 -10 12 11 13 -14 -15 -16 -17 -18 -19 19 -21 -22 -23 -24 24 -26 26 27 -29 29 -31
leaf_value=-0.0047075657284115736 0.033211314874563129 0.023069576798663009 0.14061859803903537 0.054166131715838048 0.011418700778197533 -0.019987664256138658 0.013629619540412535 -0.059481893134773998 -0.0007089972100295228 -0.011042104050328022 -0.090754914614588386 -0.00036212377088794766 0.0021549641142568276 0.052358193215973188 -0.012403125726503247 -0.010404300250972299 -0.010803372047097781 0.013375779527348187 0.013725726058215457 0.0023252219418912292 -0.00024077897932585303 0.04678027980122984 0.028855017137464644 0.025862869835497619 -0.0061813364475108391 0.022302406762122473 -0.01214217495640682 0.0029135746556429253 -0.00093546230274917271 0.0031136485758923626
leaf_weight=20434 3363 9404 7818 5278 11476 3073 12111 2237 16970 2213 2443 24414 14858 3007 4168 4484 29773 4821 4827 14578 2047 8174 8826 7414 4087 3551 8471 3047 29786 122719
leaf_count=20434 3363 9404 7818 5278 11476 3073 12111 2237 16970 2213 2443 24414 14858 3007 4168 4484 29773 4821 4827 14578 2047 8174 8826 7414 4087 3551 8471 3047 29786 122719
internal_value=0.00174772 0.000845262 0.00819294 0.00689914 0.00481825 0.00299463 0.0033473 0.000158795 0.00274591 0.00366177 -0.00144852 -0.0011169 0.000448451 0.000744413 0.00333557 0.000646363 -0.00270092 0.00509038 0.00440771 0.00297317 0.00658338 0.00445778 0.0118583 0.000767145 0.00368517 0.000588454 -0.00199881 -0.00469059 0.000813997 0.00111373
internal_weight=399872 350769 49103 41285 29096 84902 81829 265867 72425 55455 61874 59637 17071 27421 23818 203993 32216 38384 33563 21452 6874 19650 12189 199509 11501 188008 15069 11518 172939 152505
internal_count=399872 350769 49103 41285 29096 84902 81829 265867 72425 55455 61874 59637 17071 27421 23818 203993 32216 38384 33563 21452 6874 19650 12189 199509 11501 188008 15069 11518 172939 152505
cat_boundaries=0 1 2 3
cat_threshold=2 3 1
is_linear=0
shrinkage=0.08


Tree=66
num_leaves=31
num_cat=13
split_feature=41 5 41 26 5 35 29 7 37 5 23 5 5 31 5 5 32 5 27 5 23 5 32 5 5 5 34 26 44 29
split_gain=258.113 168.529 60.7363 51.5076 39.3454 38.6621 36.0578 46.5534 68.507 32.6024 30.3637 32.0994 28.5465 28.0773 26.4947 23.9862 23.6786 23.6547 23.1836 28.8555 22.9115 24.062 22.577 27.2704 22.3168 21.5633 21.0776 20.4415 22.0802 19.1612
threshold=28.697124481201175 0 16.822158813476566 9.958867549896242 1 0.050067901611328132 0.81664657592773449 1.5000000000000002 -0.85749816894531239 2 30.479167938232425 3 4 86.134834289550795 5 6 490.20722961425787 7 1010.8400878906251 8 27.13706207275391 9 760.16278076171886 10 11 12 -16.401916503906246 4.603518247604371 28.227965354919437 0.067020416259765639
decision_type=2 9 2 2 9 2 2 2 2 9 2 9 9 2 9 9 2 9 2 9 2 9 2 9 9 9 2 2 2 2
left_child=2 5 26 6 -5 -2 7 8 15 -9 11 -3 -8 22 -12 -4 -7 -15 19 27 25 -22 -14 -24 -20 -10 -1 -11 -29 -16
right_child=1 10 3 4 -6 16 12 9 20 18 14 -13 13 17 29 -17 -18 -19 24 -21 21 -23 23 -25 -26 -27 -28 28 -30 -31
leaf_value=-0.044942218385397664 0.062830126065946248 0.012429025402180969 -0.024611232766036793 0.016187040406025376 0.0022841193961382089 0.0093160165509156914 0.0051120531490633425 -0.0023903440587293547 -0.00013059267812337794 0.030813877767421047 0.048278109297233557 -0.0057062509552150689 -0.0059512437245909664 0.010907375676895299 0.045037172359745629 0.00027443342378962398 0.025782522265007799 -0.0017473706435995951 -0.0026872161016346752 0.0027350437169013733 0.019883660740098109 0.0072502181742861186 -0.009660755636621516 0.0087893301848257013 0.0071307593432510434 0.010221357695396307 -0.0037195569524143936 0.011987641785353916 -0.0092355114767654102 -0.0062461633091373163
leaf_weight=2672 9846 7813 2082 6784 7083 2980 18817 32174 9261 8755 6071 12361 28851 6757 2061 2008 14523 12896 22107 15984 7114 14986 2010 5013 18353 16837 94877 2830 2288 4224
leaf_count=2672 9846 7813 2082 6784 7083 2980 18817 32174 9261 8755 6071 12361 28851 6757 2061 2008 14523 12896 22107 15984 7114 14986 2010 5013 18353 16837 94877 2830 2288 4224
internal_value=0.00159759 0.00644092 0.000745796 0.00142272 0.00615551 0.0110673 0.00113602 0.00183153 0.00377376 0.000840382 0.00254501 0.000632184 -0.000312021 -0.00122455 0.00566715 -0.0061561 0.00880603 0.00120531 0.00180531 0.00349617 0.00461749 0.00651289 -0.00255601 0.00151002 0.00055745 0.00301057 -0.000940354 0.00616282 0.00214509 0.00200793
internal_weight=400418 59879 340539 242990 13867 27349 229123 154779 52288 102491 32530 20174 74344 55527 12356 4090 17503 19653 70317 29857 48198 22100 35874 7023 40460 26098 97549 13873 5118 6285
internal_count=400418 59879 340539 242990 13867 27349 229123 154779 52288 102491 32530 20174 74344 55527 12356 4090 17503 19653 70317 29857 48198 22100 35874 7023 40460 26098 97549 13873 5118 6285
cat_boundaries=0 32 45 77 103 135 157 189 218 250 282 298 330 353
cat_threshold=122 0 0 3872 0 0 127232 0 0 1970176 0 0 33619968 0 0 1048576 0 0 184549376 0 0 1879048192 0 0 0 2 0 0 0 0 0 256 240 0 0 12080 0 0 160256 0 0 1245184 0 0 16777216 72 0 0 14224 0 0 97280 0 0 217088 0 0 34078720 0 0 16777216 0 0 2147483648 1 0 268435456 19 0 0 0 0 0 256 0 0 14336 1 0 0 0 0 0 1536 0 0 2105344 0 0 12582912 0 0 536870912 0 0 872415232 0 0 2147483648 0 0 0 1 9 0 0 784 0 0 0 0 0 462848 0 0 4390912 0 0 586153984 0 0 2399141888 1 0 2952790016 1 0 0 8 0 0 8448 0 0 65536 0 0 0 128 0 0 3072 0 0 114688 0 0 6946816 0 0 603979776 0 0 2415919104 1 0 2147483648 137 0 0 2080 0 0 1024 0 0 811008 0 0 56492032 0 0 535822336 0 0 1778384896 0 0 0 0 0 0 1 0 0 0 0 0 8192 998 0 0 9344 0 0 123136 0 0 573440 0 0 2883584 0 0 16777216 0 0 0 0 0 0 0 0 0 0 0 0 64 2 0 0 0 0 0 163840 0 0 3678208 0 0 8847360 0 0 217055232 0 0 520093696 0 0 3758096384 0 0 0 4 0 0 16 0 0 65792 256 0 0 0 0 0 196608 0 0 1581056 0 0 55377920 0 0 795869184 0 0 1056964608 0 0 3489660928 0 0 0 4 0 0 32 0 0 4096 4 0 0 3104 0 0 58112 0 0 532480 0 0 10223616 0 0 16777216 55 0 0 2048 0 0 163840 0 0 3678208 0 0 15138816 0 0 283115520 0 0 234881024 2 0 2684354560 0 0 0 0 0 0 0 0 0 256 17 0 0 14944 0 0 254720 0 0 3485696 0 0 50528256 0 0 537919488 0 0 2164260864 0 0 2415919104 2
is_linear=0
shrinkage=0.08


Tree=67
num_leaves=31
num_cat=11
split_feature=23 5 5 7 26 5 6 31 5 17 5 39 5 30 5 31 5 5 22 26 5 28 22 34 32 14 26 29 29 18
split_gain=246.419 151.338 57.6859 44.1677 40.2897 43.8243 39.6993 31.0339 28.8201 26.6835 24.0034 22.5019 34.2282 27.4007 22.1628 21.8113 23.0307 20.3878 20.117 18.5272 21.3532 18.0609 22.7683 15.8133 16.6739 25.8089 14.7139 14.4857 14.2053 33.9335
threshold=29.170215606689457 0 1 1.5000000000000002 10.447816371917726 2 3 81.633537292480483 4 2.1024420261383061 5 0.23035803437232974 6 1391.1875000000002 7 38.698404312133796 8 9 0.052928924560546882 6.0873730182647714 10 1009.1777954101564 2.6192665100097661 -14.520019531249998 306.88388061523443 3.0959628820419316 7.0284857749938974 1.0000000180025095e-35 0.11103820800781251 1.714900851249695
decision_type=2 9 9 2 2 9 1 2 9 8 9 2 9 2 9 2 9 9 2 2 9 2 2 2 2 2 2 2 2 2
left_child=2 18 9 -3 6 -6 7 8 27 -1 -5 12 21 -14 -13 -10 -17 -15 -2 20 -9 22 -8 -11 -25 -26 -20 -4 -12 -30
right_child=1 3 4 10 5 -7 11 19 15 23 28 14 13 17 -16 16 -18 -19 26 -21 -22 -23 -24 24 25 -27 -28 -29 29 -31
leaf_value=0.00037960008911227307 0.055426135525670828 0.029627059503964121 0.041565271534722115 -0.011069641030188109 -0.0010644288339190667 0.013265279124681797 0.0099061057385354447 -0.0061628049280619736 0.030569533366553294 -0.054624623689776115 0.036512237087914345 0.0067023691329066541 -0.0039967719794187671 -0.0078267872113291764 0.0019754202811661514 -0.031112139540510918 0.0010323198148304159 0.0076777326294913449 0.026128103186250088 0.022265785214325148 0.020458476303389546 -0.0024850601624525838 -0.00073578932967507168 -0.034257430990890708 -0.019765947886485825 0.012014136798261141 0.027786973246346918 0.0077320278334828173 0.014999513051605788 -0.045683273800384255
leaf_weight=53501 12020 10495 2522 5490 3930 7945 5594 2056 4321 2229 3305 19933 34596 2064 116312 2450 22522 5191 4449 3631 4633 4154 3281 11118 11194 10274 2124 15763 10454 2067
leaf_count=53501 12020 10495 2522 5490 3930 7945 5594 2056 4321 2229 3305 19933 34596 2064 116312 2450 22522 5191 4449 3631 4633 4154 3281 11118 11194 10274 2124 15763 10454 2067
internal_value=0.00154113 0.00676955 0.000786315 0.0034124 0.0013845 0.00593521 0.00116732 0.00300218 0.00213919 -0.000980801 0.00132045 0.000611159 -0.000756422 -0.00187098 0.00116209 0.000581994 -0.000326635 0.00259601 0.0124999 0.00697773 0.00446932 0.00282167 0.00485988 -0.00270438 -0.00225672 -0.000953534 0.00892298 0.00462934 0.00290042 0.00166786
internal_weight=399618 50404 349214 31811 260898 11875 249023 57898 47578 88316 21316 191125 54880 41851 136245 29293 24972 7255 18593 10320 6689 13029 8875 34815 32586 21468 6573 18285 15826 12521
internal_count=399618 50404 349214 31811 260898 11875 249023 57898 47578 88316 21316 191125 54880 41851 136245 29293 24972 7255 18593 10320 6689 13029 8875 34815 32586 21468 6573 18285 15826 12521
cat_boundaries=0 32 64 93 94 116 148 177 196 225 251 280
cat_threshold=120 0 0 3872 0 0 94976 0 0 1376256 0 0 65536 0 0 1048576 0 0 50331648 0 0 805306368 0 0 0 2 0 0 0 0 0 256 0 0 0 128 0 0 7168 0 0 2113536 0 0 0 0 0 0 0 0 2147483648 1 0 268435456 6 0 0 777 0 0 15312 0 0 130816 11 0 0 64 0 0 0 0 0 274432 0 0 8585216 0 0 135266304 0 0 0 0 0 0 8 0 0 224 0 0 1024 2 659 0 0 11056 0 0 139776 0 0 8192 0 0 39321600 0 0 444596224 0 0 1056964608 0 0 3758096384 5 0 0 8208 0 0 131072 0 0 2105344 0 0 11796480 0 0 327155712 0 0 1073741824 3 0 0 33 0 0 0 0 0 48 0 0 4096 298 0 0 64 0 0 0 0 0 32768 0 0 4390912 0 0 32505856 0 0 503316480 0 0 1610612736 33 0 0 82 0 0 32 3 0 0 48 0 0 99072 0 0 1966080 0 0 0 0 0 68157440 0 0 67108864 0 0 0 0 0 0 0 0 0 0 0 0 0 0 0 5242880 0 0 0 0 0 0 0 0 0 240 0 0 1024 512 0 0 2048 0 0 40960 0 0 1900544 0 0 20447232 0 0 301989888 0 0 1610612736 2 0 2147483648 24 0 0 128 992 0 0 64 0 0 49152 0 0 196608 0 0 37748736 0 0 268435456 0 0 536870912 0 0 0 8 0 0 148 0 0 32
is_linear=0
shrinkage=0.08


Tree=68
num_leaves=31
num_cat=12
split_feature=45 5 25 10 5 5 22 5 37 34 5 7 37 31 5 5 7 33 5 5 37 45 10 27 28 5 25 5 45 5
split_gain=288.981 117.833 56.1083 43.2379 37.7635 35.7068 35.5784 24.6925 23.6002 21.9719 32.3111 20.6086 42.0976 29.1107 26.8457 19.4778 18.9965 18.4593 17.4832 17.4099 15.3695 15.3408 17.4603 15.2022 25.8422 35.8362 25.2363 30.7699 20.9882 17.0424
threshold=29.096235275268558 0 9.821540832519533 2.1810736656188969 1 2 1.0771751403808596 3 -1.1808280944824217 -6.9306640624999991 4 1.5000000000000002 -0.23290634155273435 83.946025848388686 5 6 1.5000000000000002 24.219071388244632 7 8 -1.1174011230468748 32.244066238403327 0.73021453619003307 1010.4404602050782 1002.6515502929689 9 2.7027204036712651 10 24.242400169372562 11
decision_type=2 9 2 2 9 9 2 9 2 2 9 2 2 2 9 9 2 2 9 9 2 2 2 2 2 9 2 9 2 9
left_child=2 6 3 5 17 23 21 -4 -3 10 -7 12 19 15 -15 -13 -10 -5 -14 -11 -21 22 -2 24 -1 -26 28 -28 -25 -27
right_child=1 8 7 4 -6 9 -8 -9 16 11 -12 13 18 14 -16 -17 -18 -19 -20 20 -22 -23 -24 26 25 29 27 -29 -30 -31
leaf_value=-0.0020795619281392418 0.02893485065054165 -0.017426648570610867 0.018769595880070256 -0.022981820879226653 0.00086848130014651305 0.0032959495157979289 0.019722066342801697 0.0038853986066010294 0.026695420236753337 0.0031099051488565977 -0.016841457596548252 0.0018412061281472348 0.011247423683840338 0.010111507502542735 0.0004328932889146131 -0.0035787447801023122 0.012387496831015312 0.0052562138189503572 0.0038750205258083524 -0.02219009434222969 -0.0025909714611566416 0.17225043812162169 0.041389135070346014 0.0054466477600251294 0.0034858142443965792 0.04334612631692835 0.0064817528320460843 -0.0060746940335974385 0.017628077568676018 0.010547796181100608
leaf_weight=7213 5589 2623 3501 21091 38448 11685 4111 5361 8363 8039 11073 36599 12309 12237 17677 51403 15438 4681 26292 2446 9512 6345 6597 12686 16065 2319 9103 11736 6855 12606
leaf_count=7213 5589 2623 3501 21091 38448 11685 4111 5361 8363 8039 11073 36599 12309 12237 17677 51403 15438 4681 26292 2446 9512 6345 6597 12686 16065 2319 9103 11736 6855 12606
internal_value=0.0014527 0.00720271 0.000648588 0.000485669 -0.00138502 0.000918072 0.0114359 0.00692967 0.00356678 0.000348433 -0.00199051 0.00065011 0.00187619 4.07035e-05 0.00219623 -0.000692178 0.00436185 -0.0037531 0.00341923 -0.00110261 -0.00303557 0.0129346 0.0112529 0.002362 0.00350614 0.00450968 0.00127952 -0.000657106 0.00334407 0.00732954
internal_weight=400003 49066 350937 342075 64220 277855 22642 8862 26424 199272 22758 176514 58598 117916 29914 88002 23801 25772 38601 19997 11958 18531 12186 78583 38203 30990 40380 20839 19541 14925
internal_count=400003 49066 350937 342075 64220 277855 22642 8862 26424 199272 22758 176514 58598 117916 29914 88002 23801 25772 38601 19997 11958 18531 12186 78583 38203 30990 40380 20839 19541 14925
cat_boundaries=0 32 64 96 106 138 167 199 231 263 292 321 353
cat_threshold=56 0 0 1824 0 0 127232 0 0 2031616 0 0 65536 0 0 1048576 0 0 184549376 0 0 1879048192 0 0 0 2 0 0 0 0 0 256 0 0 0 192 0 0 0 0 0 262144 0 0 12779520 0 0 6291456 0 0 1207959552 0 0 536870912 30 0 0 898 0 0 4304 0 0 65280 563 0 0 528 0 0 512 0 0 786432 0 0 12582912 0 0 653262848 0 0 1040187392 0 0 536870912 4 0 0 448 0 0 1024 0 0 4352 246 0 0 3888 0 0 12800 0 0 1245184 0 0 0 1408 0 0 90368 0 0 4096 0 0 196608 0 0 150994944 0 0 3221225472 3 0 1342177280 10 0 0 553 0 0 6256 0 0 67072 192 0 0 15360 0 0 114688 0 0 184320 0 0 4128768 0 0 268435456 0 0 0 0 0 3489660928 16 0 0 544 0 0 2464 256 0 0 352 0 0 132096 0 0 1056768 0 0 20381696 0 0 134217728 0 0 3238002688 0 0 3221225472 10 0 0 47 0 0 4864 0 0 10240 0 0 0 0 0 0 57344 0 0 253952 0 0 20774912 0 0 419430400 0 0 0 0 0 2147483648 48 0 0 1 0 0 8224 0 0 117248 320 0 0 5600 0 0 16384 0 0 65536 0 0 1048576 0 0 0 0 0 2164260864 1 0 2415919104 11 0 0 534 0 0 15136 0 0 18944 514 0 0 528 0 0 512 0 0 524288 0 0 0 0 0 637534208 0 0 805306368 0 0 0 4 0 0 192 0 0 1024 512 0 0 16 0 0 512 0 0 0 0 0 0 0 0 3145728 0 0 67108864 0 0 536870912 0 0 0 448 0 0 1024 0 0 0 0 0 0 0 0 0 0 0 0 0 0 0 6291456 0 0 234881024 0 0 0 0 0 0 0 0 0 0 0 0 256
is_linear=0
shrinkage=0.08


Tree=69
num_leaves=31
num_cat=2
split_feature=23 9 3 30 3 22 24 35 8 22 31 33 24 29 31 41 41 31 12 33 38 43 40 13 41 10 20 24 20 12
split_gain=205.15 68.699 60.082 44.1052 50.4572 35.3094 28.9361 23.3746 20.4004 20.1842 28.466 27.4519 17.9224 17.9201 18.11 17.0555 22.8713 16.7057 21.5807 17.3297 17.7808 16.2902 15.6157 16.1805 15.1272 14.7547 16.4393 14.4989 14.4901 14.4695
threshold=29.213840484619144 0 290.15364074707037 796.68750000000011 11.923545837402346 0.075817108154296889 31.317260742187504 23.760318756103519 1 0.010013580322265627 81.438293457031264 16.344384193420414 29.109313964843754 0.87385177612304699 70.578464508056655 25.763653755187992 27.156193733215336 64.536827087402358 1.5918331146240237 25.551936149597172 2.1149559020996098 21.848702430725101 0.97689914703369152 1.7728496789932253 29.201843261718754 0.51141342520713817 0.35664208233356481 28.848602294921879 0.47034798562526708 0.8602929711341859
decision_type=2 1 2 2 2 2 2 2 1 2 2 2 2 2 2 2 2 2 2 2 2 2 2 2 2 2 2 2 2 2
left_child=3 -2 5 6 25 8 7 9 24 11 12 22 -11 14 -6 17 28 19 -19 20 21 -13 -1 -24 -3 26 -5 -15 -17 -29
right_child=1 2 -4 4 13 -7 -8 -9 -10 10 -12 15 -14 27 -16 16 -18 18 -20 -21 -22 -23 23 -25 -26 -27 -28 29 -30 -31
leaf_value=-0.01776676055722504 0.099284426660865968 0.0096683819351194699 -0.0013103098853766682 0.0068070236234570557 -0.01885717574855221 0.016588849076174271 0.012598515820917129 0.0074386188925235786 0.039395906587804036 -0.0066697803323023663 0.0011259245752219726 0.0092761812261212516 0.005915007686006106 -0.00077875451173866847 0.0098311119684210274 0.0011976140998041275 0.0024403185441345698 0.019317441308413095 -0.008866874354753947 0.028565083430855235 -0.018373946896873293 -0.006162367051539306 0.0001360691125301372 -0.034211307672608486 0.048285573329573027 0.0089129092646077629 0.0028307491041145738 -0.026506817179134005 -0.0066832014573137144 -0.0077210193773345282
leaf_weight=2325 4949 3991 10072 5900 2691 17382 16416 8455 5730 73593 55121 20458 8605 6072 11503 4847 12326 9839 2602 6396 4875 7352 15575 3985 6687 24104 33128 2472 8734 3547
leaf_count=2325 4949 3991 10072 5900 2691 17382 16416 8455 5730 73593 55121 20458 8605 6072 11503 4847 12326 9839 2602 6396 4875 7352 15575 3985 6687 24104 33128 2472 8734 3547
internal_value=0.00133966 0.00619856 0.0051839 0.000663663 0.00219732 0.00680118 0.000139189 -7.86624e-05 0.00946278 -0.000226417 -0.000854736 0.000642342 -0.00179788 -0.000747671 0.00117995 0.00134945 -0.000324883 0.00219126 0.00474339 0.00137781 0.000631901 0.00141337 -0.00185887 -0.00112008 0.00738398 0.00342339 0.00246119 -0.00300967 -0.00258848 -0.00578869
internal_weight=399732 48811 43862 350921 89417 33790 261504 245088 16408 236633 137319 99314 82198 26285 14194 77429 25907 51522 12441 39081 32685 27810 21885 19560 10678 63132 39028 12091 13581 6019
internal_count=399732 48811 43862 350921 89417 33790 261504 245088 16408 236633 137319 99314 82198 26285 14194 77429 25907 51522 12441 39081 32685 27810 21885 19560 10678 63132 39028 12091 13581 6019
cat_boundaries=0 1 2
cat_threshold=3 2
is_linear=0
shrinkage=0.08


Tree=70
num_leaves=31
num_cat=14
split_feature=45 5 45 5 41 28 5 5 10 40 5 5 45 5 31 29 5 5 5 37 41 29 5 20 36 5 37 6 5 33
split_gain=249.362 75.9106 59.9857 75.2607 30.6382 48.1081 42.3731 36.5466 29.8622 37.5548 36.3695 35.8913 27.6025 24.8001 25.0518 28.3762 29.3362 28.9005 22.4323 20.8427 20.0722 17.9924 17.861 17.7247 17.6004 17.341 16.2392 15.8745 24.243 15.0358
threshold=29.737526893615726 0 27.832033157348636 1 27.587244987487797 1008.1646728515626 2 3 2.5245705842971806 3.2028579711914067 4 5 33.836181640625007 6 85.802875518798842 0.59385681152343761 7 8 9 -0.2180824279785156 32.103178024291999 0.45916366577148443 10 1.1557095646858218 69.624423980712905 11 1.0867500305175783 12 13 14.733503818511965
decision_type=2 9 2 9 2 2 9 9 2 2 9 9 2 9 2 2 9 9 9 2 2 2 9 2 2 9 2 1 9 2
left_child=2 -2 8 25 22 7 21 -6 13 10 -10 -11 20 -1 15 17 24 26 -16 -9 -3 -7 -5 -12 27 -4 -15 -17 -29 -13
right_child=1 12 3 4 5 6 -8 19 9 11 23 29 -14 14 18 16 -18 -19 -20 -21 -22 -23 -24 -25 -26 -27 -28 28 -30 -31
leaf_value=0.0051085931358056773 0.086824017191129532 0.026694079220174347 -0.019416000917374845 0.011251125001816931 0.010435502892947568 -0.0052626022769301532 0.0031285288130665379 -0.0026083661903015098 -0.04833670376028195 0.014623263270996674 0.011784538867157935 -0.029466207832081821 0.11708184394639737 -0.0032323479550871782 0.010282482005983268 -0.0086852218428413869 -0.0012160120251132867 0.0046874330357692881 0.002117778410633946 0.0076928444589466948 -0.013967481048219953 -0.023819598163600519 0.03277900133037015 -0.02019820800844636 0.0036159951126673207 -0.0012297547114852136 0.017343357661035803 -0.0089881728777183416 -0.025567923588992656 -0.0042442754948639558
leaf_weight=60233 11070 16358 4590 3200 23795 2331 8006 7346 5948 9436 2314 4243 2084 30878 6191 9234 39708 47073 28335 17974 2249 2019 3890 7235 2370 16528 3704 2432 3146 15811
leaf_count=60233 11070 16358 4590 3200 23795 2331 8006 7346 5948 9436 2314 4243 2084 30878 6191 9234 39708 47073 28335 17974 2249 2019 3890 7235 2370 16528 3704 2432 3146 15811
internal_value=0.00134142 0.00814139 0.00075428 0.00255349 0.00383926 0.00326442 -0.00119683 0.00438677 0.000174415 -0.00171256 -0.00489972 -3.66102e-05 0.00526773 0.00053833 5.16491e-05 -0.000428855 -0.00180035 0.000526786 0.00197938 0.00226677 0.00428748 -0.00753318 0.0088169 -0.00182882 -0.00455993 -0.00162172 -0.00122883 -0.00558629 -0.0089532 -0.00195078
internal_weight=399731 31761 367970 89679 68561 61471 12356 49115 278291 44987 15497 29490 20691 233304 173071 138545 56890 81655 34526 25320 18607 4350 7090 9549 17182 21118 34582 14812 5578 20054
internal_count=399731 31761 367970 89679 68561 61471 12356 49115 278291 44987 15497 29490 20691 233304 173071 138545 56890 81655 34526 25320 18607 4350 7090 9549 17182 21118 34582 14812 5578 20054
cat_boundaries=0 32 64 80 102 134 166 198 230 262 294 316 342 343 375
cat_threshold=24 0 0 256 0 0 12544 0 0 196608 0 0 4194304 0 0 1048576 0 0 50331648 0 0 805306368 0 0 0 0 0 0 0 0 0 256 772 0 0 8320 0 0 2048 0 0 114688 0 0 3932160 0 0 394264576 0 0 3758096384 3 0 268435456 33 0 0 7 0 0 48 0 0 256 112 0 0 3328 0 0 119808 0 0 1966080 0 0 29360128 0 0 1048576 243 0 0 3888 0 0 230144 0 0 1048576 0 0 37748736 0 0 0 0 0 67108864 0 0 3758096384 0 0 0 128 0 0 0 0 0 196608 0 0 65536 0 0 7340032 0 0 1862270976 0 0 4026531840 48 0 0 14 0 0 624 0 0 81152 0 0 0 0 0 0 2048 0 0 57344 0 0 51380224 0 0 528482304 0 0 1795162112 3 0 3489660928 32 0 0 53 0 0 768 0 0 65536 67 0 0 0 0 0 24576 0 0 262144 0 0 15728640 0 0 216006656 0 0 1056964608 0 0 3758096384 36 0 0 706 0 0 1024 0 0 256 48 0 0 800 0 0 4608 0 0 2125824 0 0 17301504 0 0 587202560 0 0 0 3 0 268435456 0 0 0 1 0 0 11152 0 0 64512 16 0 0 15632 0 0 229632 0 0 3805184 0 0 131072 0 0 319815680 0 0 0 2 0 268435456 17 0 0 24 0 0 8384 0 0 66560 640 0 0 11952 0 0 98304 0 0 524288 0 0 0 0 0 17825792 0 0 0 0 0 268435456 0 0 0 288 0 0 6144 0 0 1536 128 0 0 7264 0 0 230912 0 0 2240512 0 0 54525952 0 0 536870912 0 0 218103808 0 0 3221225472 0 0 0 128 0 0 2048 0 0 49152 0 0 524288 0 0 8388608 0 0 0 2 0 0 32 0 0 1 6 0 0 0 32 0 0 512 0 0 2113536 0 0 17301504 0 0 536870912 0 0 0 0 0 268435456 0 0 0 0 0 0 11008 0 0 13312
is_linear=0
shrinkage=0.08


Tree=71
num_leaves=31
num_cat=11
split_feature=23 5 5 26 5 6 5 16 27 16 39 5 30 22 5 14 14 5 38 29 23 10 29 18 5 30 5 5 41 29
split_gain=176.977 108.342 46.8243 38.6882 42.1471 37.5309 26.6607 23.8697 23.8597 22.8342 28.1514 26.7996 22.4212 19.8401 19.1302 24.2172 29.3362 24.2786 18.8324 19.7266 18.5783 25.2063 19.2438 19.3256 18.0282 16.634 21.4835 15.6704 15.1106 21.2203
threshold=29.761161804199222 0 1 9.958867549896242 2 3 4 5.2229049205780038 1008.5891723632814 0.31239286065101629 0.24153847992420199 5 404.06250000000006 0.075817108154296889 6 1.6148297786712649 2.9062763452529912 7 1.4112138748168948 0.52500534057617199 33.808727264404304 1.1616572737693789 0.080165863037109389 1.5042540431022646 8 981.93750000000011 9 10 27.913507461547855 0.81664657592773449
decision_type=2 9 9 2 9 1 9 8 2 8 2 9 2 2 9 2 2 9 2 2 2 2 2 2 9 2 9 9 2 2
left_child=2 13 7 5 -5 6 8 -1 24 -7 11 -11 -6 -2 -12 18 27 -18 -16 -20 21 -3 -23 -24 -4 -13 -27 -17 -10 -30
right_child=1 20 3 4 12 9 -8 -9 28 10 14 25 -14 -15 15 16 17 -19 19 -21 -22 22 23 -25 -26 26 -28 -29 29 -31
leaf_value=-0.0026955286995590912 0.074138446497364396 0.02275499375157878 0.0055282066700820566 0.0160276933948807 -0.0065306496148129865 0.0049320335025757342 0.0035912778118249379 -0.04853956218667136 0.0085601481510730083 0.0026293808155273268 -0.00067256804186289544 -0.0048320245781425086 0.0048060351754473634 0.042404624408937934 0.0047849111361810519 0.0053620375270415719 0.038387274534730696 0.0020562532655949185 0.032684324879151419 0.0044967199393433077 0.062089809110296129 0.026182596564802055 0.0015319635734321936 -0.047969409171309464 0.024824783163652313 0.0063402790618212633 -0.005343333493111402 -0.0083105180464491113 0.0041122894069675195 -0.012416739736073908
leaf_weight=85574 11344 6655 2023 5740 2598 5397 36974 2767 10855 15625 52088 27478 9156 4808 38481 9670 4149 6130 3071 2082 2306 2086 4620 3016 3723 5221 5725 19431 9130 2021
leaf_count=85574 11344 6655 2023 5740 2598 5397 36974 2767 10855 15625 52088 27478 9156 4808 38481 9670 4149 6130 3071 2082 2306 2086 4620 3016 3723 5221 5725 19431 9130 2021
internal_value=0.00120554 0.00665289 0.000685639 0.00119745 0.00483775 0.000951698 0.00262008 -0.000917826 0.00449373 0.000396365 0.00024984 -0.00129303 0.00208255 0.0114469 0.000867132 0.00162102 0.000182788 0.0038546 0.00291907 0.0074569 0.00249693 0.00154879 -0.00104809 -0.00290871 0.0090827 -0.00242847 0.000208105 -0.00111504 0.00329397 0.0012239
internal_weight=399944 34835 365109 276768 17494 259274 64726 88341 27752 194548 189151 54049 11754 16152 135102 83014 39380 10279 43634 5153 18683 16377 9722 7636 5746 38424 10946 29101 22006 11151
internal_count=399944 34835 365109 276768 17494 259274 64726 88341 27752 194548 189151 54049 11754 16152 135102 83014 39380 10279 43634 5153 18683 16377 9722 7636 5746 38424 10946 29101 22006 11151
cat_boundaries=0 32 64 93 94 116 145 174 203 225 247 276
cat_threshold=24 0 0 1008 0 0 29952 0 0 458752 0 0 37879808 0 0 1048576 0 0 50331648 0 0 1879048192 0 0 0 2 0 0 0 0 0 256 0 0 0 128 0 0 2048 0 0 2211840 0 0 524288 0 0 0 0 0 2147483648 1 0 0 6 0 0 795 0 0 14544 0 0 130816 496 0 0 3840 0 0 143360 0 0 131072 0 0 2097152 0 0 0 0 0 33554432 0 0 0 0 0 0 0 0 0 256 2 995 0 0 16176 0 0 209408 0 0 1318912 0 0 47185920 0 0 0 0 0 167772160 0 0 3758096384 435 0 0 64 0 0 17408 0 0 0 0 0 4194304 0 0 569376768 0 0 520093696 0 0 3758096384 0 0 0 192 0 0 256 504 0 0 14656 0 0 29696 0 0 143360 0 0 65536 0 0 25165824 0 0 16777216 2 0 1879048192 57 0 0 128 0 0 256 0 0 0 0 0 0 0 0 0 0 0 0 3538944 0 0 637534208 0 0 1879048192 0 0 2147483648 0 0 0 32 0 0 512 67 0 0 8240 0 0 12800 0 0 8192 0 0 33554432 0 0 0 0 0 33554432 0 0 2147483648 76 0 0 10032 0 0 768 0 0 143360 0 0 10944512 0 0 0 0 0 0 0 0 268435456 0 0 0 0 0 0 0 0 0 524288 0 0 0 0 0 0 0 0 1174405120 0 0 2147483648 0 0 0 68 0 0 1024
is_linear=0
shrinkage=0.08


Tree=72
num_leaves=31
num_cat=13
split_feature=45 5 45 5 44 5 26 5 30 5 31 45 38 5 28 5 5 37 28 5 45 31 5 37 5 5 37 19 5 30
split_gain=225.754 63.5453 62.1681 70.4051 26.3263 26.2706 25.8781 29.767 25.4986 27.5061 22.8008 22.2079 18.8683 24.878 35.6102 22.9285 21.8906 18.8167 17.1256 21.95 15.516 14.6917 26.3119 18.1149 43.1564 27.5857 14.8453 17.7943 14.5889 14.2445
threshold=30.533614158630375 0 27.875782966613773 1 28.227965354919437 2 8.9398875236511248 3 112.93750000000001 4 65.242889404296889 -18.357194900512692 0.74190711975097667 5 1008.6653137207032 6 7 -0.60002517700195301 1000.1281127929689 8 33.349782943725593 86.481357574462905 9 0.055271148681640632 10 11 -0.90184020996093739 1.5938898324966433 12 891.68750000000011
decision_type=2 9 2 9 2 9 2 9 2 9 2 2 2 9 2 9 9 2 2 9 2 2 9 2 9 9 2 2 9 2
left_child=2 29 4 18 5 11 8 -8 9 -5 -10 -1 13 -12 -15 -14 -16 -3 -4 -20 -19 23 -23 25 -25 -7 27 28 -27 -2
right_child=1 17 3 6 -6 21 7 -9 10 -11 12 -13 15 14 16 -17 -18 20 19 -21 -22 22 -24 24 -26 26 -28 -29 -30 -31
leaf_value=-0.083790894852292297 0.11151204586501706 -0.010674334873661664 -0.022654109929648315 0.037786369258041359 -0.016954062775043612 0.0024610114255133909 0.014964724950637418 0.0043444108777961074 -0.028014856489943157 0.0026370465102584719 -0.0026301556684912696 -0.0024173098804477176 0.00099406243328616041 0.0085063942054372892 -0.013078518472488625 0.019515153869190699 0.0026018028367249713 0.019782614869903483 -0.016876008983570331 0.0023441800257575809 0.076418572705669444 0.011159639538999287 0.0022186295293416692 0.011847676780280026 0.00021299246900960967 -0.031362230098536656 -0.0016905105003494469 0.005098994396305301 -0.011391651418530983 0.067058135100804467
leaf_weight=2209 7689 2238 3532 3427 3723 40319 6228 6264 2045 2173 10176 70260 3536 22674 2144 8275 2398 5982 4985 18088 2108 8498 22926 23960 61066 2049 38458 3055 5135 4264
leaf_count=2209 7689 2238 3532 3427 3723 40319 6228 6264 2045 2173 10176 70260 3536 22674 2144 8275 2398 5982 4985 18088 2108 8498 22926 23960 61066 2049 38458 3055 5135 4264
internal_value=0.00119292 0.00901619 0.000731066 0.00248971 0.000131928 0.000221555 0.0038316 0.00712846 0.00310669 0.00822816 0.00254555 -0.00108789 0.00288989 0.00200845 0.0032692 0.00567634 -0.00318981 0.00439892 -0.00100883 -0.00021401 0.00619753 0.000683453 0.00227524 0.000395974 0.00123101 -0.00040168 -0.00168278 -0.00438872 -0.00656102 0.0129842
internal_weight=399884 22281 377603 95945 281658 277935 69340 12492 56848 5600 51248 72469 49203 37392 27216 11811 4542 10328 26605 23073 8090 205466 31424 174042 85026 89016 48697 10239 7184 11953
internal_count=399884 22281 377603 95945 281658 277935 69340 12492 56848 5600 51248 72469 49203 37392 27216 11811 4542 10328 26605 23073 8090 205466 31424 174042 85026 89016 48697 10239 7184 11953
cat_boundaries=0 26 55 87 100 126 152 174 187 216 245 274 303 332
cat_threshold=24 0 0 384 0 0 7168 0 0 65536 0 0 4325376 0 0 68157440 0 0 318767104 0 0 805306368 0 0 0 2 772 0 0 12480 0 0 2048 0 0 114688 0 0 12320768 0 0 398458880 0 0 1073741824 3 0 268435456 33 0 0 3 0 0 48 56 0 0 1856 0 0 135168 0 0 2228224 0 0 0 0 0 0 0 0 67108864 0 0 0 2 0 0 777 0 0 13008 0 0 130816 243 0 0 1792 0 0 12288 0 0 4096 0 0 4259840 0 0 0 0 0 0 0 0 0 524288 0 0 65536 0 0 540016640 0 0 771751936 0 0 3758096384 0 0 0 4 192 0 0 0 0 0 28928 0 0 4096 0 0 16973824 0 0 136314880 0 0 2466250752 0 0 0 0 0 0 4 139 0 0 3584 0 0 256 0 0 131072 0 0 37748736 0 0 540016640 0 0 234881024 0 0 2684354560 49 0 0 1792 0 0 98304 0 0 1966080 0 0 4194304 0 0 0 128 0 0 2048 0 0 49152 0 0 524288 0 0 0 0 0 0 2 0 0 33 0 0 0 0 0 16 963 0 0 14512 0 0 122880 0 0 839680 0 0 0 0 0 53477376 0 0 134217728 0 0 1342177280 0 0 0 80 0 0 2048 0 0 0 0 0 0 256 0 0 819200 0 0 33357824 0 0 250609664 0 0 973078528 0 0 2147483648 0 0 0 0 0 0 32 775 0 0 14352 0 0 8192 0 0 65536 0 0 1179648 0 0 8388608 0 0 3372220416 1 0 4026531840 8 0 0 230 0 0 3328 192 0 0 0 0 0 17408 0 0 794624 0 0 4194304 0 0 241172480 0 0 536870912 0 0 0 0 0 0 0 0 0 32
is_linear=0
shrinkage=0.08


Tree=73
num_leaves=31
num_cat=3
split_feature=23 25 23 34 27 8 33 9 30 26 0 25 3 22 30 26 30 36 35 30 26 1 12 8 33 0 12 14 34 14
split_gain=148.964 55.5308 41.9958 37.939 47.4054 35.1693 31.9723 31.5821 28.3982 35.991 31.4098 19.9419 19.957 18.6854 21.7152 21.5676 21.4101 19.0205 18.2751 24.8176 17.9662 17.8619 25.475 17.6659 15.9747 15.8463 15.2295 14.9368 14.6658 14.4899
threshold=29.761161804199222 4.9285030364990243 34.330352783203132 -7.1247558593749991 1007.9593811035157 0 16.12780857086182 1 91.812500000000014 7.4704895019531259 14.250000000000002 1.5138443708419802 253.70385742187503 0.075817108154296889 806.56250000000011 2.8781759738922124 648.68750000000011 0.075817108154296889 19.989490509033207 15.437500000000002 8.1646938323974627 84.250000000000014 0.83751100301742565 2 22.69727993011475 20.250000000000004 1.7018012404441836 1.6429574489593508 -15.277252197265623 0.62147754430770885
decision_type=2 2 2 2 2 1 2 1 2 2 2 2 2 2 2 2 2 2 2 2 2 2 2 1 2 2 2 2 2 2
left_child=3 2 5 18 8 11 7 23 -5 21 -11 -2 -13 15 20 26 17 24 19 -1 -15 22 -10 -6 29 -24 -8 -16 -21 -17
right_child=1 -3 -4 4 6 -7 13 -9 9 10 -12 12 -14 14 27 16 -18 -19 -20 28 -22 -23 25 -25 -26 -27 -28 -29 -30 -31
leaf_value=0.0082865009413264096 -0.026307549915281926 0.056427519941801806 0.13289417060841913 0.02242366217996903 -0.0082373177611374613 0.035621766298371257 0.011941820711227394 0.0060223779733589566 -0.0068152305118908884 0.01118111999446242 0.0021358147538872176 0.025789551491451734 -0.0058581296509873934 -0.0010770112358299854 0.0043590683371358806 -0.0078357953376296061 0.0059368888417836987 0.0035221497931741653 0.0059473476960945964 -0.044291153257098703 -0.0075838225456612918 0.0060398245948721299 -0.007359960603917557 0.0006372360186519899 0.0031813425574099344 0.024209060228756699 0.0037015810776936321 -0.020594678029000592 -0.007903524533736217 -0.0029238435439174282
leaf_weight=10764 2000 4532 3873 4281 38599 8845 31046 13860 8733 10691 8007 10270 5528 45162 27002 3358 11992 24706 5688 2676 3328 15656 2751 20348 7366 5192 10470 2037 32687 18457
leaf_count=10764 2000 4532 3873 4281 38599 8845 31046 13860 8733 10691 8007 10270 5528 45162 27002 3358 11992 24706 5688 2676 3328 15656 2751 20348 7366 5192 10470 2037 32687 18457
internal_value=0.0011711 0.00615209 0.00492171 0.000692472 0.00102437 0.00378719 0.000568245 -0.000851724 0.00314926 0.00262304 0.00541586 0.0017363 0.00268978 0.00112732 0.000180812 0.00181053 0.000910319 0.000229697 -0.00131249 -0.00184017 -0.000855258 0.00100674 -0.000815055 -0.00165957 -0.0011531 0.00246196 0.00323845 0.00191056 -0.00286377 -0.00224055
internal_weight=399905 35048 30516 364857 313042 26643 257731 72807 55311 51030 18698 17798 15798 184924 77529 107395 65879 53887 51815 46127 48490 32332 16676 58947 29181 7943 41516 29039 35363 21815
internal_count=399905 35048 30516 364857 313042 26643 257731 72807 55311 51030 18698 17798 15798 184924 77529 107395 65879 53887 51815 46127 48490 32332 16676 58947 29181 7943 41516 29039 35363 21815
cat_boundaries=0 1 2 3
cat_threshold=2 52 2
is_linear=0
shrinkage=0.08


Tree=74
num_leaves=31
num_cat=14
split_feature=45 5 45 5 41 28 5 5 32 5 43 5 29 5 43 38 45 30 5 41 5 6 31 5 31 29 5 5 45 5
split_gain=191.273 63.9052 46.4155 41.6944 30.8262 37.621 27.7285 27.1254 26.9808 28.5136 26.4658 23.4836 21.4972 19.2894 21.2122 18.5464 17.6397 15.9267 13.0474 13.8296 13.9619 12.5158 19.1897 12.3961 11.874 19.7518 32.1083 26.1855 23.8938 18.4411
threshold=30.732134819030765 0 27.663696289062504 1 27.447614669799808 1008.1234436035157 2 3 714.27114868164074 4 28.029124259948734 5 0.81664657592773449 6 28.054075241088871 1.4470067024230959 -18.357194900512692 629.31250000000011 7 28.220036506652836 8 9 84.646900177001967 10 86.247261047363295 0.77372741699218761 11 12 25.823145866394047 13
decision_type=2 9 2 9 2 2 9 9 2 9 2 9 2 9 2 2 2 2 9 2 9 1 2 9 2 2 9 9 2 9
left_child=2 17 13 10 6 8 -5 -7 9 -6 -4 21 -11 16 24 -3 -1 -2 -12 20 -20 -10 -23 -21 25 27 -27 28 -15 -26
right_child=1 15 3 4 5 7 -8 -9 11 12 18 -13 -14 14 -16 -17 -18 -19 19 23 -22 22 -24 -25 29 26 -28 -29 -30 -31
leaf_value=-0.082684798628040429 0.10127231316776239 -0.0056340941565051136 0.0076839406361884953 0.0055361721106539363 -0.001780680268732482 -0.010163286944024037 0.028991747502352824 0.0016992816430695258 0.01641040986990859 0.011652742277561429 -0.016625809767603601 0.011827569526027447 0.0021912556012779307 0.0044867020932193215 -0.022460391381265765 0.031371151684694211 -0.0022393742979530274 0.064584690731480668 -0.0064814693601648798 -0.017611583504406666 0.0099944757500651359 -0.0060551515349384745 0.0099550262598089041 -0.0049975709394827561 0.010758212836160368 -0.0089832525463799592 0.001191323607465904 -0.00033063427816443892 0.0091844609104066426 0.0020345012892583015
leaf_weight=2033 7078 3572 8564 3434 13222 4727 4338 11313 2427 14064 4278 12131 10761 36401 2529 4320 68575 5495 2700 2069 4455 2890 2717 9314 8302 14889 23949 75601 13872 19886
leaf_count=2033 7078 3572 8564 3434 13222 4727 4338 11313 2427 14064 4278 12131 10761 36401 2529 4320 68575 5495 2700 2069 4455 2890 2717 9314 8302 14889 23949 75601 13872 19886
internal_value=0.00107293 0.00860464 0.000666489 0.00202162 0.00297011 0.00246802 0.0077615 -0.000961994 0.00341314 0.00215834 -0.000458599 0.00577844 0.00375528 8.87813e-05 0.000498237 0.00294237 -0.00104435 0.0121417 -0.00188206 -0.000959155 0.00179484 0.00240874 0.000323441 -0.00269113 0.000593852 0.000334139 -0.00124279 0.000820756 0.0022353 0.00211079
internal_weight=399906 20465 379441 113404 82024 74252 7772 16040 58212 38047 31380 20165 24825 266037 195429 7892 70608 12573 22816 18538 7155 8034 5607 11383 192900 164712 38838 125874 50273 28188
internal_count=399906 20465 379441 113404 82024 74252 7772 16040 58212 38047 31380 20165 24825 266037 195429 7892 70608 12573 22816 18538 7155 8034 5607 11383 192900 164712 38838 125874 50273 28188
cat_boundaries=0 32 61 93 112 138 170 202 231 257 258 287 319 351 380
cat_threshold=24 0 0 384 0 0 7168 0 0 81920 0 0 37879808 0 0 68157440 0 0 184549376 0 0 1879048192 0 0 0 2 0 0 0 0 0 256 260 0 0 12480 0 0 2048 0 0 114688 0 0 12320768 0 0 398458880 0 0 3221225472 3 0 268435456 33 0 0 2 0 0 48 640 0 0 2080 0 0 201984 0 0 3149824 0 0 54525952 0 0 536870912 0 0 83886080 0 0 3221225472 0 0 0 5 0 0 0 0 0 4352 120 0 0 3840 0 0 119808 0 0 655360 0 0 4194304 0 0 1048576 0 0 268435456 576 0 0 512 0 0 25344 0 0 2109440 0 0 33751040 0 0 137363456 0 0 570425344 0 0 0 0 0 0 1 523 0 0 2096 0 0 99328 0 0 3022848 0 0 21102592 0 0 134217728 0 0 201326592 0 0 0 0 0 0 5 0 0 0 0 0 256 56 0 0 320 0 0 139776 0 0 2105344 0 0 16777216 0 0 536870912 0 0 2197815296 0 0 0 2 0 0 776 0 0 12496 0 0 130560 0 0 0 4096 0 0 2048 0 0 49152 0 0 524288 0 0 8388608 0 0 0 0 0 0 32 0 0 0 0 0 16 260 0 0 0 0 0 0 0 0 0 0 0 3145728 0 0 50331648 0 0 1073741824 0 0 0 1 0 0 2 2 0 0 0 8192 0 0 0 0 0 0 0 0 8650752 0 0 272629760 0 0 0 2 0 0 0 0 0 0 0 0 32 390 0 0 1184 0 0 4096 0 0 376832 0 0 4784128 0 0 251658240 0 0 805306368 3 0 0 0 0 0 7 0 0 2848 0 0 256 966 0 0 160 0 0 4096 0 0 49152 0 0 1900544 0 0 181403648 0 0 1879048192 0 0 0 8 0 0 100 0 0 1792 0 0 256 451 0 0 3760 0 0 114688 0 0 839680 0 0 2097152 0 0 120586240 0 0 134217728 0 0 1342177280 0 0 0 18 0 0 2560
is_linear=0
shrinkage=0.08


Tree=75
num_leaves=31
num_cat=12
split_feature=45 5 45 5 41 34 5 26 32 5 13 43 43 5 5 5 38 34 37 36 5 10 41 5 7 22 37 5 5 5
split_gain=166.359 58.7082 49.9074 50.8683 29.3915 41.1886 27.6371 30.4519 22.284 29.4895 21.576 21.2406 20.2073 21.424 18.0942 17.3775 16.4235 16.0714 15.2095 19.4153 15.5468 15.1793 17.6333 37.0653 15.6882 21.3256 20.3563 19.623 17.0196 14.8307
threshold=31.153537750244144 0 27.832033157348636 1 27.41484355926514 -1.6669311523437498 2 4.8779797554016122 690.59515380859386 3 1.0443062186241152 28.054075241088871 28.4098014831543 4 5 6 1.4470067024230959 -8.0471191406249982 -0.30699539184570307 0.1559257507324219 7 3.1220432519912724 27.587244987487797 8 1.5000000000000002 15.88869094848633 -0.15346908569335935 9 10 11
decision_type=2 9 2 9 2 2 9 2 2 9 2 2 2 9 9 9 2 2 2 2 9 2 2 9 2 2 2 9 9 9
left_child=2 -2 12 11 14 8 -7 -8 9 10 -6 -4 13 18 -5 -10 -3 -11 19 20 -1 22 24 -24 26 28 29 -27 -26 -15
right_child=1 16 3 4 5 6 7 -9 15 17 -12 -13 -14 21 -16 -17 -18 -19 -20 -21 -22 -23 23 -25 25 27 -28 -29 -30 -31
leaf_value=-0.016316263009424931 0.089454880034174802 -0.0079410049755279741 0.0073661448255797528 0.011958685876845721 -0.0056057050570224474 0.0041118028822586441 0.0018681202142195731 -0.01187476047691078 0.012234982743657951 -0.0019642659510338946 0.01745167390297496 -0.0052642328282797735 -0.026655054540086737 -0.006319603175989741 0.032902170365965447 0.0071870118813679084 0.03070392384534941 0.0097044649095522576 0.0052809988932922634 0.0038106707600358194 -0.0022459134415228734 -0.01338572946972775 -0.009849284571232601 0.00038691520443911998 0.0013746018186989774 0.016805834390753276 0.0056672584280282479 0.0021918509269920608 -0.0038057318144068476 0.0023626070897169883
leaf_weight=3036 10471 2816 6452 2701 9798 6517 3605 3995 9221 2974 4693 21241 2104 7975 2817 12848 4015 17071 51832 17032 6131 19311 5969 10384 41577 2490 31496 5323 59943 14134
leaf_count=3036 10471 2816 6452 2701 9798 6517 3605 3995 9221 2974 4693 21241 2104 7975 2817 12848 4015 17071 51832 17032 6131 19311 5969 10384 41577 2490 31496 5323 59943 14134
internal_value=0.00101465 0.0086853 0.000667607 0.00216369 0.00323 0.00279082 -0.00107454 -0.00434646 0.00375484 0.0024848 -0.000266005 -0.000772922 0.000109705 0.000169243 0.00884949 0.0057403 0.00289301 0.00447047 0.00129223 -0.00027853 -0.00324507 -0.000272075 -4.24984e-05 -0.00254599 0.000208901 -0.000340763 0.00132985 0.00368401 -0.000650842 -0.000530765
internal_weight=399972 17302 382670 103933 76240 70722 14117 7600 56605 34536 14491 27693 278737 276633 5518 22069 6831 20045 78031 26199 9167 198602 179291 16353 162938 109333 53605 7813 101520 22109
internal_count=399972 17302 382670 103933 76240 70722 14117 7600 56605 34536 14491 27693 278737 276633 5518 22069 6831 20045 78031 26199 9167 198602 179291 16353 162938 109333 53605 7813 101520 22109
cat_boundaries=0 32 61 83 109 138 170 192 208 234 263 295 327
cat_threshold=8 0 0 128 0 0 6144 0 0 81920 0 0 37748736 0 0 68157440 0 0 452984832 0 0 805306368 0 0 0 2 0 0 0 0 0 256 772 0 0 12480 0 0 2048 0 0 114688 0 0 29097984 0 0 331350016 0 0 1073741824 3 0 268435456 33 0 0 1 0 0 48 194 0 0 0 0 0 144896 0 0 2371584 0 0 33751040 0 0 538968064 0 0 520093696 0 0 1610612736 64 0 0 512 0 0 25344 0 0 2109440 0 0 33751040 0 0 204472320 0 0 3003121664 0 0 0 0 0 0 2 256 0 0 8336 0 0 16384 0 0 950272 0 0 8257536 0 0 401604608 0 0 2030043136 0 0 0 0 0 0 98 0 0 1024 128 0 0 2048 0 0 202496 0 0 3280896 0 0 37748736 0 0 536870912 0 0 2399141888 0 0 3221225472 0 0 0 6 0 0 0 0 0 4096 224 0 0 1792 0 0 12544 0 0 1052672 0 0 37814272 0 0 537919488 0 0 16777216 0 0 2684354560 0 0 0 16 0 0 0 0 0 786432 0 0 6553600 0 0 121634816 115 0 0 3840 0 0 7168 0 0 2101248 0 0 65536 0 0 0 0 0 2147483648 1 0 0 0 0 0 4 99 0 0 7936 0 0 112896 0 0 69632 0 0 0 0 0 0 0 0 67108864 0 0 0 4 0 0 384 0 0 32 243 0 0 2048 0 0 14336 0 0 1052672 0 0 33619968 0 0 134217728 0 0 100663296 0 0 1879048192 62 0 0 132 0 0 2560 0 0 768 149 0 0 2080 0 0 205568 0 0 3145728 0 0 58785792 0 0 671088640 0 0 33554432 0 0 1342177280 36 0 0 1 0 0 208 0 0 13568
is_linear=0
shrinkage=0.08


Tree=76
num_leaves=31
num_cat=13
split_feature=45 5 34 27 5 5 5 45 5 34 5 30 6 5 30 5 43 5 45 32 18 29 5 30 29 33 6 5 29 22
split_gain=161.521 66.2446 35.9303 45.6346 59.1863 42.4994 30.3644 25.384 19.5609 18.4439 25.6119 18.2312 17.1247 23.8677 18.9331 20.6967 17.2235 16.9242 16.1265 17.1015 16.1154 14.9934 16.6179 14.7305 14.4552 15.5045 13.7787 13.7665 12.9886 12.9618
threshold=30.196853637695316 0 -7.1247558593749991 1007.8442993164064 1 2 3 33.836181640625007 4 -5.9209289550781241 5 117.43750000000001 6 7 2092.8750000000005 8 28.492959976196293 9 27.244429588317875 535.96719360351574 1.465136766433716 0.86574172973632824 10 22.562500000000004 0.48654556274414068 8.6311678886413592 11 12 0.31990432739257818 0.081539154052734389
decision_type=2 9 2 2 9 9 9 2 9 2 9 2 1 9 2 9 2 9 2 2 2 2 9 2 2 2 1 9 2 2
left_child=2 29 5 4 11 24 18 9 -6 10 -3 -4 13 16 15 -14 -8 26 -5 -20 21 22 -13 -19 -1 -26 -7 -27 -21 -2
right_child=1 7 3 6 8 17 12 -9 -10 -11 -12 20 14 -15 -16 -17 -18 23 19 28 -22 -23 -24 -25 25 27 -28 -29 -30 -31
leaf_value=0.00096260717584497615 0.089710724735623582 -0.033802733994986199 0.012968526899735764 0.0030511632320406792 0.012293389135448224 -0.015783311218283344 0.00011555277555252985 0.08523179254883928 0.0061998483730933175 0.025409137896767079 0.019655996439787771 -0.0031047997695786479 -0.0037239735830224417 0.0058285405002143874 0.008177956168256912 0.00018807104709026135 -0.012973473769611133 0.010703529499275461 0.013540628269901447 0.0077144762446707208 -0.027048436663033686 -0.0042648601384566833 0.014770121259729336 -0.0084301761581371086 -0.0025356671509534578 -0.017406280176136022 0.0092037484842391847 -0.049688340588061937 -0.00035401896204305671 0.054787004273578931
leaf_weight=2642 7120 2559 2270 52199 16634 2551 18894 2121 21095 6270 4996 2208 52062 30109 2927 81573 3149 5823 7507 6396 2114 9748 2572 18154 2807 5869 14441 3168 7523 2365
leaf_count=2642 7120 2559 2270 52199 16634 2551 18894 2121 21095 6270 4996 2208 52062 30109 2927 81573 3149 5823 7507 6396 2114 9748 2572 18154 2807 5869 14441 3168 7523 2365
internal_value=0.000959597 0.00712786 0.00054048 0.000867237 0.00292634 -0.00133886 0.000422567 0.00396593 0.00475615 0.00271341 5.02313e-05 -0.000726812 -0.000115083 0.00111784 -0.000586022 -0.000725654 -0.00088202 -2.09812e-05 0.00180026 0.00364807 -0.00164545 -0.000693355 0.00297286 -0.00138934 -0.00505998 -0.00625612 0.00190924 -0.0078678 0.00198579 0.0124166
internal_weight=399866 25431 374435 318980 56641 55455 262339 15946 37729 13825 7555 18912 188714 52152 136562 133635 22043 40969 73625 21426 16642 14528 4780 23977 14486 11844 16992 9037 13919 9485
internal_count=399866 25431 374435 318980 56641 55455 262339 15946 37729 13825 7555 18912 188714 52152 136562 133635 22043 40969 73625 21426 16642 14528 4780 23977 14486 11844 16992 9037 13919 9485
cat_boundaries=0 22 48 80 112 141 167 168 200 232 264 280 281 313
cat_threshold=24 0 0 256 0 0 4096 0 0 73728 0 0 4194304 0 0 739246080 0 0 50331648 0 0 805306368 265 0 0 96 0 0 132096 0 0 3174400 0 0 52363264 0 0 17825792 0 0 4026531840 3 0 268435456 35 0 0 8 1 0 0 0 0 0 3840 0 0 2220032 0 0 12320768 0 0 417333248 0 0 16777216 0 0 268435456 0 0 0 6 0 0 4864 0 0 59904 3 0 0 32 0 0 8704 0 0 1056768 0 0 51773440 0 0 686817280 0 0 956301312 0 0 2147483648 32 0 0 84 0 0 1792 0 0 18432 736 0 0 12176 0 0 32768 0 0 131072 0 0 4194304 0 0 14680064 0 0 201326592 0 0 3221225472 0 0 0 4 0 0 16 0 0 0 128 0 0 0 0 0 32768 0 0 786432 0 0 48234496 0 0 1140850688 0 0 0 1 0 0 4 2 128 0 0 128 0 0 100608 0 0 970752 0 0 15269888 0 0 100663296 0 0 3221225472 0 0 0 14 0 0 770 0 0 2160 0 0 1024 752 0 0 16256 0 0 235520 0 0 2097152 0 0 0 0 0 0 0 0 0 1 0 0 0 0 0 520 0 0 10448 0 0 79616 0 0 0 1920 0 0 126976 0 0 1576960 0 0 16777216 0 0 0 0 0 4060086272 3 0 1610612736 8 0 0 1000 0 0 16 0 0 65536 257 0 0 32 0 0 1024 0 0 3162112 0 0 17760256 0 0 1048576 2 0 0 0 0 0 0 768 0 0 106496 0 0 10747904 0 0 411041792 0 0 16777216 0 0 0 0 0 0 4 0 0 4608 0 0 32768
is_linear=0
shrinkage=0.08


Tree=77
num_leaves=31
num_cat=2
split_feature=45 45 25 29 27 25 34 45 18 35 6 7 37 34 34 34 12 36 45 27 24 24 36 25 34 37 6 25 26 29
split_gain=140.726 55.1698 34.4783 35.9917 41.1047 31.5402 27.329 26.7179 23.4756 22.3652 21.8527 23.1753 28.585 21.8449 21.3113 17.0606 20.7864 19.3444 15.6454 15.4217 16.4478 14.2461 13.7303 13.4465 13.3321 14.8439 13.1185 13.0678 12.7311 12.6624
threshold=29.926225662231449 34.510505676269538 7.3810763359069833 0.76412582397460949 1011.168426513672 4.7834634780883798 -5.5162658691406241 28.941106796264652 1.944993317127228 1.0000000180025095e-35 0 1.5000000000000002 -1.2958488464355467 -5.9209289550781241 1.0950622558593752 -9.3246154785156232 0.73075896501541149 53.147792816162116 -3.3140602111816402 1007.9593811035157 32.401489257812507 26.992858886718754 88.698863983154311 2.3643667697906499 -0.56695556640624989 0.042308807373046882 1 6.1381902694702157 4.5381240844726571 0.52500534057617199
decision_type=2 2 2 2 2 2 2 2 2 2 1 2 2 2 2 2 2 2 2 2 2 2 2 2 2 2 1 2 2 2
left_child=2 5 3 4 6 13 -1 22 9 24 14 12 -12 -2 -6 17 27 -5 -18 26 29 -20 -4 -10 25 -8 -11 -17 -28 -21
right_child=1 -3 7 15 10 -7 8 -9 23 19 11 -13 -14 -15 -16 16 18 -19 21 20 -22 -23 -24 -25 -26 -27 28 -29 -30 -31
leaf_value=-0.0020152044226163213 0.009130425514057806 0.16774125192524203 0.0012842248573795702 -0.02607106782580729 0.001293949614069625 0.055103543214405304 -0.0040260337054257179 0.014855924691361225 0.031865337851529035 0.021714203084931185 -0.021230211945103151 -0.0044276253262933093 0.0037944679474847475 0.031548309850151814 0.0097650359106353345 -0.0039907427659434096 -0.019176398792520786 0.0012958465550308063 0.010717174515988739 0.0067464444788988944 -0.014838907775642412 -0.0005860813279880972 0.0063540706607352606 0.0065679220090420643 -0.010121443184093479 0.0075599429041805881 0.018985694127733696 0.0014572411716779498 0.00052679165816719835 0.0012056216924895579
leaf_weight=18650 11980 3158 21571 8077 30360 3133 4104 3159 5983 4306 3053 63775 29763 10339 13616 40844 6561 4791 19131 22972 2070 22758 9361 2119 2404 4332 2748 9436 3582 11465
leaf_count=18650 11980 3158 21571 8077 30360 3133 4104 3159 5983 4306 3053 63775 29763 10339 13616 40844 6561 4791 19131 22972 2070 22758 9361 2119 2404 4332 2748 9436 3582 11465
internal_value=0.000910736 0.00631586 0.000493745 0.000248375 0.000830315 0.00507423 0.00222196 0.0029178 0.0029851 0.00242064 -8.67852e-06 -0.000681703 0.00104551 0.00401541 0.00146922 -0.000926457 -0.000569172 -0.00366517 0.000613289 0.00317392 0.00239176 0.00118237 0.00220025 0.00701677 -0.0008553 0.000644092 0.00585384 -0.00170849 0.00350866 0.00280837
internal_weight=399601 28610 370991 336900 225302 25452 84735 34091 66085 57983 140567 96591 32816 22319 43976 111598 98730 12868 48450 47143 36507 41889 30932 8102 10840 8436 10636 50280 6330 34437
internal_count=399601 28610 370991 336900 225302 25452 84735 34091 66085 57983 140567 96591 32816 22319 43976 111598 98730 12868 48450 47143 36507 41889 30932 8102 10840 8436 10636 50280 6330 34437
cat_boundaries=0 1 2
cat_threshold=6 2
is_linear=0
shrinkage=0.08


Tree=78
num_leaves=31
num_cat=1
split_feature=45 45 37 3 26 34 45 44 14 31 33 18 31 30 33 34 26 33 36 34 15 24 32 37 18 14 6 14 15 44
split_gain=131.787 41.8136 34.853 33.0484 19.8109 20.7836 25.6891 22.9929 25.3335 20.225 19.8232 18.3854 18.3446 21.6323 27.0027 22.8105 17.8902 31.2195 28.2122 19.0636 17.6456 17.3739 13.8104 13.4161 13.1505 12.8715 18.3475 12.2616 18.624 13.4132
threshold=31.936362266540531 27.896944046020511 -0.58586883544921864 262.67770385742193 8.8288412094116229 -6.8395080566406241 29.229447364807132 29.409983634948734 0.63115379214286815 63.425832748413093 16.977215766906742 1.6416606307029726 86.247261047363295 7.3125000000000009 21.875904083251957 -15.277252197265623 3.076076984405518 14.504255771636965 0.14162063598632815 2.1445617675781254 0.26311667263507849 29.614288330078129 191.53401184082034 0.073154449462890639 1.8811295628547671 2.3336970806121831 0 2.8499461412429814 2.9949944019317631 19.556418418884281
decision_type=2 2 2 2 2 2 2 2 2 2 2 2 2 2 2 2 2 2 2 2 8 2 2 2 2 2 1 2 8 2
left_child=1 12 -3 -2 5 11 7 8 10 24 -7 -4 13 14 16 -15 17 -1 19 -18 -17 -6 -22 -16 -8 26 -14 29 -29 -19
right_child=3 2 4 -5 21 6 9 -9 -10 -11 -12 -13 25 15 23 20 18 27 -20 -21 22 -23 -24 -25 -26 -27 -28 28 -30 -31
leaf_value=-0.017932948792735035 0.0850179979768933 -0.0049786587703082577 0.001358538831551428 0.013284637566083574 0.0048814935506577232 -0.0094882937375723488 -0.0028309997955017251 -0.017433532491880115 0.0098152264853988667 0.019838625801571794 0.0018616368443814225 -0.036943214063220466 0.011031280264567088 -0.043360540481835699 0.0024378243214502504 0.0048155166347831372 -0.015892543631540548 0.010863512038908426 0.0042623457640775797 -0.0025949442012229442 -0.022129512923880625 0.020201821661688726 -0.0012808478453860772 0.018787334477081787 0.029057466331392875 -0.010737704091702086 0.00161505993541752 0.027311796795875695 -0.0077813520025148322 -0.001597061876037884
leaf_weight=6317 8597 15046 10506 4078 10634 3159 4151 2360 20606 10159 20787 2004 12667 2987 9978 2590 7285 10777 11246 9847 5900 2490 136876 13212 2126 4893 24791 6794 2626 14495
leaf_count=6317 8597 15046 10506 4078 10634 3159 4151 2360 20606 10159 20787 2004 12667 2987 9978 2590 7285 10777 11246 9847 5900 2490 136876 13212 2126 4893 24791 6794 2626 14495
internal_value=0.000822812 0.000560004 0.0019316 0.00884667 0.00253371 0.0020367 0.00262508 0.00167086 0.0020789 0.00534598 0.0003089 -0.000942492 5.62672e-05 -0.000213663 0.000745893 -0.000812467 -4.40941e-05 0.0010244 -0.00158799 -0.00363085 -0.000669987 0.00540277 -0.000788873 0.00310862 0.00177191 0.00159156 0.00209565 0.00196646 0.00442842 0.00104739
internal_weight=399984 387309 104028 12675 88982 75858 63348 46912 44552 16436 23946 12510 283281 240930 92577 148353 69387 41009 28378 17132 145366 13124 142776 23190 6277 42351 37458 34692 9420 25272
internal_count=399984 387309 104028 12675 88982 75858 63348 46912 44552 16436 23946 12510 283281 240930 92577 148353 69387 41009 28378 17132 145366 13124 142776 23190 6277 42351 37458 34692 9420 25272
cat_boundaries=0 1
cat_threshold=10
is_linear=0
shrinkage=0.08


Tree=79
num_leaves=31
num_cat=2
split_feature=45 45 25 29 27 31 31 31 30 45 29 30 23 25 12 20 30 22 39 30 33 6 7 6 33 40 45 45 1 25
split_gain=117.971 43.1404 30.2967 27.5774 43.9094 31.6777 26.8313 24.3059 42.6928 37.5498 22.3639 22.1827 25.2608 19.6608 34.2994 18.8772 19.632 18.1779 17.4947 26.0799 28.7092 19.5578 19.2307 16.1227 15.6705 15.6488 14.7078 14.5971 13.6878 13.1825
threshold=30.933854103088382 34.510505676269538 9.821540832519533 0.64420700073242199 1010.8400878906251 75.619453430175795 53.296745300292976 65.57367324829103 182.81250000000003 29.278869628906254 0.037746429443359382 65.562500000000014 0.54163742065429699 6.3456244468688974 0.80175471305847179 0.49498356878757482 2353.8750000000005 0.56791305541992199 0.17801183462142947 288.56250000000006 19.229760169982914 0 2.5000000000000004 1 16.233792304992679 3.4096161127090459 27.477579116821293 -5.9670064449310294 78.250000000000014 2.6208111047744755
decision_type=2 2 2 2 2 2 2 2 2 2 2 2 2 2 2 2 2 2 2 2 2 1 2 1 2 2 2 2 2 2
left_child=2 6 3 4 7 17 10 8 29 24 -2 27 -13 14 23 16 -15 -5 21 20 22 -6 -20 -14 -9 -22 -23 -7 -16 -1
right_child=1 -3 -4 5 18 11 -8 9 -10 -11 -12 12 13 15 28 -17 -18 -19 19 -21 25 26 -24 -25 -26 -27 -28 -29 -30 -31
leaf_value=0.019313428839619392 0.033131359511980915 0.15071471221605209 0.0054281911756271489 -0.0029812426183955763 -0.0089076363293432333 -0.016769998865864083 0.051042323683386716 0.022718238883967744 -0.025913250207206317 0.023785453698603406 -0.0041169939991076631 -0.05925038872465313 0.0028966992418583003 -0.00043828975365400424 -0.0058405670897533927 0.0092515327572280631 0.010741603529974456 -0.020637473846782085 -0.00055965351449188466 0.0070781093759182314 0.0019715109032090086 0.0051037355344546141 -0.011730358543328521 -0.0045726779128057162 0.0036029443505489669 0.022985227293674963 -0.0052650039525124013 0.013712510973959766 0.0070363888858901548 -0.0013465195894515514
leaf_weight=8166 3190 3199 9441 21130 5125 2707 7229 4560 6034 6848 5440 2034 7469 17807 9236 8017 2232 13905 40419 15018 39356 5023 20021 42095 40763 8468 2784 10866 25843 5736
leaf_count=8166 3190 3199 9441 21130 5125 2707 7229 4560 6034 6848 5440 2034 7469 17807 9236 8017 2232 13905 40419 15018 39356 5023 20021 42095 40763 8468 2784 10866 25843 5736
internal_value=0.00077132 0.0069121 0.000464062 0.000350309 0.000960491 -0.000427913 0.00519629 0.00255668 0.000180487 0.00346448 0.00218056 0.000154307 -0.000207594 -4.77335e-05 -0.00065609 0.00178722 0.000473839 -0.00255957 0.000115398 0.00040911 -2.43826e-05 -0.00268274 -0.00118313 -0.00201073 0.00262899 0.00143998 -0.000155871 0.00321137 0.00125794 0.00261932
internal_weight=400161 19058 381103 371662 208321 163341 15859 72107 19936 52171 8630 128306 114733 112699 84643 28056 20039 35035 136214 123282 108264 12932 60440 49564 45323 47824 7807 13573 35079 13902
internal_count=400161 19058 381103 371662 208321 163341 15859 72107 19936 52171 8630 128306 114733 112699 84643 28056 20039 35035 136214 123282 108264 12932 60440 49564 45323 47824 7807 13573 35079 13902
cat_boundaries=0 1 2
cat_threshold=1 3
is_linear=0
shrinkage=0.08


Tree=80
num_leaves=31
num_cat=12
split_feature=45 45 5 43 10 5 45 26 45 31 34 8 37 31 5 38 5 5 5 5 5 5 10 23 5 37 10 33 34 5
split_gain=113.473 49.7118 56.9942 27.6298 24.5453 21.2985 19.5206 19.3553 29.9755 25.5553 19.6863 17.9333 47.8913 23.3617 31.2137 21.1066 23.6609 19.9828 17.0537 16.7285 16.3907 15.1199 13.3714 19.1264 14.9352 13.3227 13.0584 12.3133 21.6234 12.9949
threshold=33.836181640625007 29.229447364807132 0 29.784662246704105 0.65407493710517894 1 30.933854103088382 4.3106803894042978 26.92636871337891 80.744857788085952 -6.2691955566406241 2 -0.2180824279785156 83.657283782958999 3 0.48151779174804693 4 5 6 7 8 9 1.9412299394607546 22.7683219909668 10 -1.0281257629394529 3.6709352731704716 19.768511772155765 3.3905944824218754 11
decision_type=2 2 9 2 2 9 2 2 2 2 2 1 2 2 9 2 9 9 9 9 9 9 2 2 9 2 2 2 2 9
left_child=1 3 4 5 -3 7 -6 8 22 18 -10 13 19 17 -15 21 -17 -7 -9 -13 -12 -14 24 26 -1 -21 -24 29 -29 -19
right_child=-2 2 -4 -5 6 11 -8 9 10 -11 20 12 15 14 -16 16 -18 27 -20 25 -22 -23 23 -25 -26 -27 -28 28 -30 -31
leaf_value=0.026212428035860994 0.10215427237748728 0.020126619701145074 0.0025585128880906893 -0.037247253623195462 0.0067069730419298422 -0.0063874557084982802 0.057262564378274664 0.0010839821851744346 -0.0016412651099369669 0.0030262552296721878 0.033613806197473936 0.00096432316969396136 0.0055666911208493274 0.0085192265946352572 -0.00063190948334323593 0.015976996008347798 0.0066484759973060295 -0.0002508474794733928 -0.0055847606339344226 -0.019218434907881773 0.010285977734525886 -0.0005034774164214184 -0.0041568711952145064 -0.020474885780314481 0.0047945804363149595 -0.0030540120850000817 0.017697275203171686 0.00022030678838603769 0.025403254624036153 -0.007197456958093369
leaf_weight=2119 4735 5334 22196 2183 6496 29436 5590 12190 3540 25553 2597 14008 12653 12412 27619 7970 12348 25760 13123 4097 12538 19632 6243 3513 20907 12134 3047 42408 2409 24709
leaf_count=2119 4735 5334 22196 2183 6496 29436 5590 12190 3540 25553 2597 14008 12653 12412 27619 7970 12348 25760 13123 4097 12538 19632 6243 3513 20907 12134 3047 42408 2409 24709
internal_value=0.000781309 0.000633476 0.00332105 0.000333598 0.00674312 0.000389206 0.00474537 0.00134168 0.00238911 0.000219357 0.00498689 -1.62349e-05 0.000943852 -0.00049902 0.00118229 0.00240207 0.00442149 -0.00103871 -0.00158196 -0.00159278 0.00624232 0.00113021 0.00103407 -0.00103801 0.00218614 -0.00333887 0.000864516 -0.000475521 0.000489437 -0.00133244
internal_weight=399499 394764 39616 355148 17420 352965 12086 105370 54504 50866 18675 247595 82842 164753 40031 52603 20318 124722 25313 30239 15135 32285 35829 12803 23026 16231 9290 95286 44817 50469
internal_count=399499 394764 39616 355148 17420 352965 12086 105370 54504 50866 18675 247595 82842 164753 40031 52603 20318 124722 25313 30239 15135 32285 35829 12803 23026 16231 9290 95286 44817 50469
cat_boundaries=0 22 51 52 84 116 148 177 209 231 263 282 311
cat_threshold=60 0 0 816 0 0 28928 0 0 2031616 0 0 21168128 0 0 672137216 0 0 50331648 0 0 4026531840 35 0 0 3616 0 0 512 0 0 1835008 0 0 5636096 0 0 116391936 0 0 2080374784 0 0 3758096384 32 0 0 64 0 0 1024 2 192 0 0 12432 0 0 122880 0 0 184320 0 0 2097152 0 0 16777216 0 0 16777216 0 0 268435456 4 0 0 50 0 0 10240 0 0 512 92 0 0 16 0 0 127232 0 0 2207744 0 0 27852800 0 0 419430400 0 0 2147483648 0 0 0 0 0 0 1 0 0 224 0 0 4352 128 0 0 144 0 0 122880 0 0 2244608 0 0 2621440 0 0 0 0 0 0 0 0 0 0 0 0 0 0 0 12416 0 0 114176 32 0 0 0 0 0 512 0 0 0 0 0 4325376 0 0 1048576 0 0 201326592 0 0 2147483648 32 0 0 64 0 0 1024 80 0 0 448 0 0 256 0 0 65536 0 0 0 0 0 0 0 0 2164260864 1 0 268435456 27 0 0 958 0 0 15136 0 0 114688 0 0 0 0 0 0 0 0 0 0 0 0 4194304 0 0 7340032 0 0 201326592 0 0 2147483648 768 0 0 8336 0 0 17408 0 0 237568 0 0 27787264 0 0 822083584 0 0 33554432 0 0 0 24 0 0 56 0 0 6176 0 0 116992 0 0 0 0 0 0 0 0 0 524288 0 0 0 0 0 0 0 0 805306368 848 0 0 8512 0 0 137216 0 0 0 0 0 0 0 0 134217728 0 0 2147483648 1 0 0 27 0 0 390 0 0 2656
is_linear=0
shrinkage=0.08


Tree=81
num_leaves=31
num_cat=2
split_feature=45 45 3 44 22 45 8 35 28 45 30 44 29 22 10 27 34 30 30 27 6 40 45 27 44 10 10 45 34 33
split_gain=103.388 41.1357 52.9366 36.0471 22.595 17.948 17.208 16.4451 18.409 15.3718 18.1906 17.841 13.4436 12.8236 17.3036 12.4522 12.6164 11.8033 20.817 36.0785 22.3797 21.3709 21.7313 21.1257 36.9312 24.3293 20.4023 18.5111 17.4824 23.6098
threshold=33.349782943725593 29.137887954711918 267.91935729980474 29.409983634948734 1.2059211730957033 -14.292426109313963 0 27.011871337890629 1002.0971679687501 28.52329254150391 1819.1875000000002 28.829353332519535 0.041866302490234382 0.35047531127929693 2.3265807628631596 1009.1445922851564 -5.6695556640624991 981.93750000000011 32.812500000000007 1010.0250854492189 1 3.6482152938842778 18.849663734436039 1014.0491333007814 19.276341438293461 3.1220432519912724 3.5044693946838383 21.059271812438968 0.87561035156250011 14.876351833343508
decision_type=2 2 2 2 2 2 1 2 2 2 2 2 2 2 2 2 2 2 2 2 1 2 2 2 2 2 2 2 2 2
left_child=1 3 4 5 6 13 15 8 -7 11 -11 17 -4 14 -1 16 -3 18 19 27 23 -22 -23 -21 28 -26 -20 -10 -25 -30
right_child=-2 2 12 -5 -6 7 -8 -9 9 10 -12 -13 -14 -15 -16 -17 -18 -19 26 20 21 22 -24 24 25 -27 -28 -29 29 -31
leaf_value=0.029867221772266746 0.075587375904802773 0.010889576097604277 0.011821437996225086 -0.022835231286762507 0.0046387455662023312 -0.0056078638015543449 0.021525668110324147 0.0060612873220503615 0.0011721025787603523 0.0080693258234519755 -0.0010249252826832844 -0.015588812939023597 -0.013812119554434404 -0.051486356554060822 -0.032498807797897981 -0.0027344231837149379 0.018085034570144813 0.0027190098672070207 -0.00066220408408184999 0.0059796383881004543 0.0025363155174650842 0.016442184989738279 0.050591524776287929 -0.017973964373648545 -0.013166833299114842 0.0047757538669129925 -0.037703781295290083 0.020465541217022078 -0.0088202224064967538 0.014005127136200529
leaf_weight=2491 6238 5841 2013 3635 8384 18573 8249 9833 2496 14319 7125 2495 7826 2749 4342 2090 6763 47936 117413 9451 57495 7881 2216 5790 8461 2014 3328 6092 6877 9594
leaf_count=2491 6238 5841 2013 3635 8384 18573 8249 9833 2496 14319 7125 2495 7826 2749 4342 2090 6763 47936 117413 9451 57495 7881 2216 5790 8461 2014 3328 6092 6877 9594
internal_value=0.000756462 0.000594441 0.00298718 0.000315017 0.00459457 0.000397672 0.00589291 0.000494109 0.000397857 0.000543999 0.00261024 0.000390884 -0.00213017 -0.00301501 -0.00115446 0.00424646 0.00519423 0.000449532 0.000219808 0.000973669 0.000582754 0.00148494 0.00487781 -0.00086289 -0.00182496 -0.00573963 -0.00051925 0.00596418 1.88586e-05 0.00134822
internal_weight=400010 393772 41166 352606 31327 348971 22943 339389 329556 310983 21444 289539 9839 9582 6833 14694 12604 287044 239108 118367 109779 67592 10097 42187 32736 10475 120741 8588 22261 16471
internal_count=400010 393772 41166 352606 31327 348971 22943 339389 329556 310983 21444 289539 9839 9582 6833 14694 12604 287044 239108 118367 109779 67592 10097 42187 32736 10475 120741 8588 22261 16471
cat_boundaries=0 1 2
cat_threshold=2 8
is_linear=0
shrinkage=0.08


Tree=82
num_leaves=31
num_cat=10
split_feature=24 5 23 5 34 5 37 5 5 40 31 14 30 18 31 27 5 5 30 26 25 30 40 14 5 5 34 5 25 39
split_gain=77.2642 30.5265 29.7482 35.2192 19.4579 32.9831 16.042 16.8523 15.2915 16.6746 17.045 26.542 13.6385 15.5899 13.4964 13.0372 22.5513 19.2562 18.1166 16.4409 12.7041 12.6041 12.0018 11.1011 10.987 10.7532 10.2403 11.7328 10.1571 9.83056
threshold=39.773468017578132 0 29.535415649414066 1 -7.1247558593749991 2 -0.40947151184082026 3 4 0.77318763732910167 65.242889404296889 2.8226450681686406 1204.4375000000002 1.3470931053161623 86.996994018554702 1010.8400878906251 5 6 117.43750000000001 8.8288412094116229 9.0198101997375506 3.5312500000000004 4.1825683116912851 4.8587317466735849 7 8 -5.9209289550781241 9 5.4002933502197275 0.34097184240818029
decision_type=2 9 2 9 2 9 2 9 9 2 2 2 2 2 2 2 9 9 2 2 2 2 2 2 9 9 2 9 2 2
left_child=1 2 6 28 5 -3 7 -1 9 -6 11 25 26 -14 -9 16 19 -17 -18 29 23 -7 -19 -10 -23 -11 27 -5 -4 -8
right_child=-2 4 3 12 8 21 15 14 20 10 -12 -13 13 -15 -16 17 18 22 -20 -21 -22 24 -24 -25 -26 -27 -28 -29 -30 -31
leaf_value=0.0036379704010152383 0.075562476867422887 -0.01677701932108178 0.033229268147514687 0.024176637990122884 -0.00014614988898706827 0.017894663152548559 -0.0029596987299935051 -0.010370333022785162 -0.00038872106972384304 -0.012484495848457478 0.0075916936440525978 0.026821892415391915 0.01201080476609377 -0.032213699869308103 0.0050599746853746555 0.007878529480829996 0.023485897773033743 -0.0030433233456716381 0.0049634249319845478 0.0062712304304929495 0.0055937439376502595 0.0061238255703730008 0.016787622684015419 -0.039676854895844257 -0.006639454107579326 0.0017225965114769793 0.031283627858071837 -0.011249392769861685 0.031519297582617581 0.0053085864996556612
leaf_weight=13090 4726 13979 5653 2843 38636 4729 10455 9712 128066 8246 33382 5819 2926 2674 3246 11155 4969 20968 14494 4185 3698 8398 2134 2305 15616 8103 3533 2188 2333 7363
leaf_count=13090 4726 13979 5653 2843 38636 4729 10455 9712 128066 8246 33382 5819 2926 2674 3246 11155 4969 20968 14494 4185 3698 8398 2134 2305 15616 8103 3533 2188 2333 7363
internal_value=0.000712452 0.000590619 0.00163061 0.004287 0.000114909 -0.00145184 0.00105226 -0.000660066 0.00040821 0.00118931 0.00207703 0.000357111 0.00188381 -0.0011836 -0.00270304 0.00164129 0.00259524 0.000486182 0.00457732 0.000838215 -0.000140653 9.94333e-05 -0.000832108 -0.000271972 -0.000644356 -0.0012947 0.00389083 0.00156715 0.0085286 -0.000222123
internal_weight=399624 394898 123921 22150 270977 42722 101771 26048 228255 94186 55550 22168 14164 5600 12958 75723 41466 34257 19463 22003 134069 28743 23102 130371 24014 16349 8564 5031 7986 17818
internal_count=399624 394898 123921 22150 270977 42722 101771 26048 228255 94186 55550 22168 14164 5600 12958 75723 41466 34257 19463 22003 134069 28743 23102 130371 24014 16349 8564 5031 7986 17818
cat_boundaries=0 26 48 80 106 138 164 183 212 241 267
cat_threshold=104 0 0 768 0 0 4608 0 0 1507328 0 0 5373952 0 0 208666624 0 0 1056964608 0 0 4026531840 0 0 0 98 8 0 0 768 0 0 4096 0 0 458752 0 0 0 0 0 1048576 0 0 16777216 0 0 805306368 0 0 0 0 0 0 3328 0 0 2154496 0 0 11272192 0 0 847249408 0 0 0 0 0 0 1 0 0 4 0 0 4864 0 0 31232 96 0 0 512 0 0 512 0 0 1048576 0 0 0 0 0 0 0 0 251658240 0 0 4026531840 0 0 0 98 3 0 0 5152 0 0 49408 0 0 565248 0 0 11337728 0 0 847249408 0 0 0 0 0 0 33 0 0 4 0 0 5920 0 0 18432 96 0 0 0 0 0 4608 0 0 1245184 0 0 5242880 0 0 201326592 0 0 570425344 0 0 0 0 0 0 32 0 0 0 0 0 0 512 0 0 196608 0 0 5242880 0 0 205520896 0 0 838860800 0 0 0 1024 0 0 122880 0 0 524288 0 0 0 0 0 16777216 0 0 2147483648 3 0 0 0 0 0 896 0 0 2048 0 0 0 0 0 0 0 0 0 8192 0 0 2883584 0 0 33554432 0 0 0 0 0 0 33 0 0 0 0 0 5632 0 0 0 0 0 0 0 0 0 0 0 0 131072 0 0 134217728 0 0 838860800 0 0 1073741824 0 0 0 2
is_linear=0
shrinkage=0.08


Tree=83
num_leaves=31
num_cat=10
split_feature=45 5 30 5 16 37 43 45 5 20 45 31 33 31 40 5 30 5 5 34 26 5 6 26 5 5 30 24 27 26
split_gain=88.6207 53.1018 23.5533 21.3757 25.4398 16.2758 15.9741 22.4014 31.9584 13.7968 13.6408 13.2176 19.4374 18.1619 28.9404 27.2737 23.5458 31.8472 24.9455 22.1231 18.5061 24.7793 17.7819 40.2699 25.6121 23.1626 18.578 31.9149 16.0682 15.0218
threshold=30.046763420104984 0 891.68750000000011 1 0.24887728691101077 -0.61365127563476551 30.42187595367432 28.941106796264652 2 1.096634089946747 33.349782943725593 38.698404312133796 23.108544349670414 72.063686370849624 5.4326686859130868 3 6.0625000000000009 4 5 -5.5162658691406241 10.447816371917726 6 7 6.6520636081695566 8 9 20.437500000000004 28.030441284179691 1022.4835205078126 3.0533505678176884
decision_type=2 9 2 9 10 2 2 2 9 2 2 2 2 2 2 9 2 9 9 2 2 9 1 2 9 9 2 2 2 2
left_child=3 2 10 4 -1 -3 7 11 -9 -4 -2 12 28 16 15 19 18 -18 -13 -15 22 -22 23 24 26 -24 -17 -28 -5 -20
right_child=1 5 9 6 -6 -7 -8 8 -10 -11 -12 13 -14 14 -16 20 17 -19 29 -21 21 -23 25 -25 -26 -27 27 -29 -30 -31
leaf_value=-0.018099736303719353 0.042983814473458538 -0.018591615421145704 0.049547953591815318 -0.0019836138242121139 -0.0016714032608203411 0.012780344152877987 -0.028846061484374845 0.012627103095542509 0.0022726063623373705 0.0062785764315363224 0.12548638919506402 0.0091839123390600724 0.033435943090131419 0.00018373533627233485 -0.034315858603445978 0.0047266906887501389 -0.016600033084261716 -0.0032579111092293435 0.0022256958615376023 0.00963802566816554 0.012628721434702755 0.00056040235667268238 0.0018089814801712123 0.010152446165006665 0.0033880211535273477 -0.0027353274917653893 -0.010681550430172137 0.0010031316101938614 0.040033864003711131 -0.0059737627754472555
leaf_weight=2096 5372 2866 2155 10041 86101 10672 2465 7481 14147 3107 3015 13594 5224 13202 2014 3368 6694 21348 16402 25709 3349 5439 38045 7681 19167 43716 5499 5209 2205 12720
leaf_count=2096 5372 2866 2155 10041 86101 10672 2465 7481 14147 3107 3015 13594 5224 13202 2014 3368 6694 21348 16402 25709 3349 5439 38045 7681 19167 43716 5499 5209 2205 12720
internal_value=0.00063817 0.00504688 0.0085639 0.000316631 -0.000771507 0.0014899 0.000653721 0.000709832 0.00318329 0.00436267 0.0112016 0.000504458 0.00262929 0.000351694 0.000794627 0.000907544 -0.000727447 -0.00252816 0.000454992 0.00276746 0.000356673 0.00390089 0.000102531 0.00146346 0.000256819 -0.000578863 -0.00233258 -0.00396343 0.000884465 -0.000866104
internal_weight=400103 27187 13649 372916 88197 13538 284719 282254 21628 5262 8387 260626 17470 243156 172398 170384 70758 28042 42716 38911 131473 8788 122685 40924 33243 81761 14076 10708 12246 29122
internal_count=400103 27187 13649 372916 88197 13538 284719 282254 21628 5262 8387 260626 17470 243156 172398 170384 70758 28042 42716 38911 131473 8788 122685 40924 33243 81761 14076 10708 12246 29122
cat_boundaries=0 26 58 80 106 132 161 174 175 204 233
cat_threshold=24 0 0 320 0 0 5120 0 0 204800 0 0 37879808 0 0 739246080 0 0 2466250752 1 0 2952790016 0 0 0 2 16 0 0 8384 0 0 2048 0 0 2183168 0 0 524288 0 0 0 0 0 0 1 0 268435456 2 0 0 771 0 0 14544 0 0 130816 96 0 0 3840 0 0 90112 0 0 1835008 0 0 16842752 0 0 6291456 0 0 218103808 0 0 3221225472 0 0 0 0 0 0 0 0 0 1310720 0 0 15073280 0 0 124780544 0 0 1056964608 0 0 2684354560 5 0 0 240 36 0 0 4880 0 0 256 0 0 1441792 0 0 14680064 0 0 569376768 0 0 436207616 0 0 3221225472 1 0 0 32 609 0 0 48 0 0 135680 0 0 655360 0 0 26214400 0 0 134217728 0 0 2583691264 2 0 3221225472 0 0 0 4 0 0 1824 740 0 0 3840 0 0 143360 0 0 131072 0 0 16777216 3 192 0 0 3584 0 0 123904 0 0 131072 0 0 33619968 0 0 411041792 0 0 2147483648 0 0 1073741824 0 0 0 12 0 0 1312 3 0 0 16 0 0 82944 0 0 40960 0 0 51445760 0 0 947912704 0 0 3221225472 2 0 1073741824 0 0 0 12 0 0 1312
is_linear=0
shrinkage=0.08


Tree=84
num_leaves=31
num_cat=12
split_feature=45 45 5 43 25 5 29 5 27 5 5 5 12 5 25 5 43 45 25 5 43 29 5 19 18 5 35 27 5 37
split_gain=86.6969 42.5272 43.5397 27.7075 21.3653 23.735 21.1589 36.729 27.9041 51.7762 28.4438 24.6718 16.8258 29.334 19.7015 29.268 17.3855 18.773 16.4394 16.3594 15.7664 15.4391 15.1231 14.7831 14.7107 16.3798 14.5327 13.8146 13.5914 13.2735
threshold=34.510505676269538 29.737526893615726 0 30.271771430969242 9.821540832519533 1 0.64420700073242199 2 1010.8400878906251 3 4 5 0.62879097461700451 6 5.5682601928710946 7 28.581898689270023 2.6212915182113652 5.4002933502197275 8 32.26677322387696 0.037746429443359382 9 1.7444579601287844 2.2690172195434575 10 1.5063285827636721 1008.5891723632814 11 1.0590591430664065
decision_type=2 2 9 2 2 9 2 9 2 9 9 9 2 9 2 9 2 2 2 9 2 2 9 2 2 9 2 2 9 2
left_child=1 3 20 4 6 -6 8 24 9 -1 -10 -11 14 -14 15 -9 17 26 21 -19 -3 -4 27 -23 -8 -26 -15 -16 -17 -12
right_child=-2 2 18 -5 5 -7 7 12 10 11 29 -13 13 16 22 28 -18 19 -20 -21 -22 23 -24 -25 25 -27 -28 -29 -30 -31
leaf_value=0.012377410522556644 0.11564736776347971 0.0055374325249771062 0.048417228602757517 -0.037819990733937631 0.013849687312344941 0.0007209702296222531 -0.0041728055837688769 -0.0098665135270812956 0.0050442563706567965 -0.0039765271230064059 -0.0023802549911582107 0.0037383866033033541 0.010661147772780169 -0.0007377462781706257 0.0071976465886682203 0.01184635327017162 -0.01520880424118019 0.011611963985505512 0.040751471378358918 -0.00086494569531723184 -0.028291398470568083 0.021633439991080364 -0.0011102661319512209 -0.01597666458265138 -0.055894098032538933 -0.017075384792513228 -0.041832357970480703 0.00034891373334360764 -0.0017547380000323188 0.0081076663278990511
leaf_weight=17846 3156 5112 2816 2349 3467 5881 32850 9770 36985 13241 83754 33197 21179 5798 5803 2097 3925 13110 2358 15180 2989 13356 14369 2041 2213 3832 3565 5442 18108 14360
leaf_count=17846 3156 5112 2816 2349 3467 5881 32850 9770 36985 13241 83754 33197 21179 5798 5803 2097 3925 13110 2358 15180 2989 13356 14369 2041 2213 3832 3565 5442 18108 14360
internal_value=0.000610607 0.000505437 0.00347256 0.000274373 0.000330071 0.00410344 0.000231049 -0.000462827 0.000778262 0.00215012 0.00012538 0.000741315 0.000238244 0.00113595 -0.000775194 -0.00216708 -9.90432e-05 0.000429599 0.00542664 0.00145724 -0.00149489 0.00461066 0.000853887 0.00361005 -0.00259489 -0.00621965 -0.00267364 0.00304838 -0.000426205 -0.00058736
internal_weight=400149 396993 28672 368321 365972 9348 356624 157241 199383 64284 135099 46438 118346 62757 55589 29975 41578 37653 20571 28290 8101 18213 25614 15397 38895 6045 9363 11245 20205 98114
internal_count=400149 396993 28672 368321 365972 9348 356624 157241 199383 64284 135099 46438 118346 62757 55589 29975 41578 37653 20571 28290 8101 18213 25614 15397 38895 6045 9363 11245 20205 98114
cat_boundaries=0 32 42 74 106 138 170 202 228 260 273 305 334
cat_threshold=0 0 0 0 0 0 2048 0 0 2113536 0 0 851968 0 0 333447168 0 0 2214592512 0 0 0 1 0 0 4 0 0 48 0 0 4352 214 0 0 12064 0 0 61440 0 0 1114112 8 0 0 96 0 0 12800 0 0 585728 0 0 524288 0 0 0 0 0 1879048192 2 0 0 8 0 0 5 0 0 15248 0 0 63744 256 0 0 8448 0 0 196608 0 0 3670016 0 0 43843584 0 0 32505856 0 0 469762048 2 0 2684354560 24 0 0 544 0 0 528 0 0 256 708 0 0 736 0 0 2816 0 0 1089536 0 0 16777216 0 0 738197504 0 0 1879048192 2 0 0 8 0 0 132 0 0 6912 0 0 49408 196 0 0 5264 0 0 2816 0 0 65536 0 0 0 0 0 805306368 0 0 0 0 0 1073741824 35 0 0 9 0 0 14720 0 0 10752 357 0 0 6160 0 0 229376 0 0 1310720 0 0 65536 0 0 1042284544 0 0 251658240 0 0 4026531840 48 0 0 8 0 0 0 0 0 512 433 0 0 768 0 0 32768 0 0 65536 0 0 5505024 0 0 754974720 0 0 2147483648 1 0 2415919104 49 0 0 48 528 0 0 8192 0 0 0 0 0 2228224 0 0 14942208 0 0 26214400 0 0 0 0 0 0 6 0 0 1008 0 0 1024 0 0 66560 436 0 0 6016 0 0 3072 0 0 2097152 0 0 39976960 0 0 0 0 0 0 0 0 0 0 0 0 0 0 0 0 0 0 1879048192 0 0 0 0 0 0 4 0 0 2064 0 0 28672 0 0 0 0 0 0 256 0 0 0 0 0 65536 0 0 4194304 0 0 251658240 0 0 0 2 0 0 322 0 0 1024
is_linear=0
shrinkage=0.08


Tree=85
num_leaves=31
num_cat=10
split_feature=45 5 10 5 5 27 26 5 5 14 45 31 16 31 30 5 27 14 5 16 12 27 5 34 14 5 14 22 31 5
split_gain=77.4262 48.0874 19.6035 31.2063 26.1884 18.372 16.924 34.6064 17.1389 16.76 16.5296 16.2825 15.1996 13.3297 18.8636 22.2409 18.5865 15.4936 13.2288 13.0707 13.0466 12.0893 25.8618 13.5079 13.1484 12.0827 11.8572 17.4999 16.9011 17.4879
threshold=31.64718055725098 0 2.2041845321655278 1 2 1002.4497680664064 8.0779104232788104 3 4 0.40290619432926184 34.510505676269538 86.247261047363295 0.31239286065101629 71.231155395507827 84.437500000000014 5 1010.7930603027345 3.3888387680053715 6 0.81193348765373241 0.85295063257217418 1004.9100646972657 7 2.0079040527343754 0.84605792164802562 8 2.3860492706298833 0.021457672119140628 67.735012054443374 9
decision_type=2 9 2 9 9 2 2 9 9 2 2 2 8 2 2 9 2 2 9 10 2 2 9 2 2 9 2 2 2 9
left_child=2 -2 4 -4 13 -5 8 11 -6 -9 -3 -8 -10 14 16 -16 25 -18 -11 -7 21 22 24 -23 -15 -1 28 -28 29 -14
right_child=1 10 3 5 6 19 7 9 12 18 -12 -13 26 20 15 -17 17 -19 -20 -21 -22 23 -24 -25 -26 -27 27 -29 -30 -31
leaf_value=0.039214040018126964 -0.0074264835945803045 0.038944328468700745 0.0048725788001380364 -0.037923623825151367 -0.0019004968423682557 -0.024818755768582435 -0.0053750644374613897 -0.0016287873001664367 0.0063340233648949609 0.010078959463063484 0.12998997394769332 0.003463714040700552 -0.01468376854994788 -0.00055167532907859137 -0.032078850803647328 0.0056257521897244804 -0.0003765211731981566 0.040480837487993429 0.0037765171446876166 -0.0061221976224183549 0.015810760651498796 0.0054906307411414449 0.017365313228079132 -0.0059745248525614868 -0.03191721686916537 0.0078213992363580336 0.026759113033247496 0.00074802216892834396 0.0011976006713345555 -0.00031893544406642605
leaf_weight=2390 3343 8237 26773 2950 80671 2663 6889 3201 2729 8817 2621 3040 8988 2107 3155 3458 19064 2045 13492 35588 18652 18696 2002 2074 2033 2666 6163 8189 82060 15242
leaf_count=2390 3343 8237 26773 2950 80671 2663 6889 3201 2729 8817 2621 3040 8988 2107 3155 3458 19064 2045 13492 35588 18652 18696 2002 2074 2033 2666 6163 8189 82060 15242
internal_value=0.000563489 0.00636268 0.000349864 -0.000883149 0.000613593 -0.00226438 0.000198162 0.00181162 -8.21359e-05 0.00337015 0.00893914 -0.00219319 0.000510734 0.00188306 0.000652678 -0.00316171 0.00161757 0.000572944 0.00414804 -0.00179452 0.00276825 0.00164029 -0.00147594 0.00256208 -0.00507692 0.00596921 0.000376952 0.00253447 8.54186e-05 -0.00177063
internal_weight=399998 14201 385797 67974 317823 41201 239481 35439 204042 25510 10858 9929 123371 78342 32778 6613 26165 21109 22309 38251 45564 26912 6142 20770 4140 5056 120642 14352 106290 24230
internal_count=399998 14201 385797 67974 317823 41201 239481 35439 204042 25510 10858 9929 123371 78342 32778 6613 26165 21109 22309 38251 45564 26912 6142 20770 4140 5056 120642 14352 106290 24230
cat_boundaries=0 29 61 93 122 154 183 215 234 266 298
cat_threshold=0 0 0 0 0 0 0 0 0 0 0 0 35389440 0 0 48234496 0 0 0 0 0 0 1 0 0 5 0 0 32 8 0 0 0 0 0 1024 0 0 2170880 0 0 33947648 0 0 940572672 0 0 2164260864 3 0 3489660928 33 0 0 125 0 0 864 0 0 65536 2 0 0 768 0 0 0 0 0 0 0 0 14155776 0 0 250609664 0 0 1040187392 0 0 3758096384 0 0 0 962 0 0 1024 0 0 22784 8 0 0 64 0 0 198400 0 0 1867776 0 0 17170432 0 0 0 0 0 0 0 0 0 8 0 0 49 0 0 12672 500 0 0 15488 0 0 14336 0 0 2125824 0 0 0 0 0 268435456 0 0 2164260864 3 0 268435456 0 0 0 16 0 0 8848 0 0 74752 0 0 0 0 0 0 0 0 0 0 0 0 12582912 0 0 211812352 0 0 100663296 0 0 3221225472 0 0 0 192 0 0 1024 240 0 0 1024 0 0 6144 0 0 86016 0 0 2162688 0 0 0 0 0 0 0 0 0 0 0 0 0 0 0 2560 0 0 32768 0 0 0 0 0 0 0 0 0 0 0 0 14155776 0 0 238026752 0 0 268435456 0 0 0 0 0 0 0 0 0 0 0 0 0 0 0 149946368 0 0 469762048 0 0 3221225472 0 0 0 258 0 0 1024 0 0 256 0 0 0 64 0 0 33792 0 0 1310720 0 0 2359296 0 0 0 0 0 0 0 0 0 53 0 0 40 0 0 6144 0 0 33280
is_linear=0
shrinkage=0.08


Tree=86
num_leaves=31
num_cat=1
split_feature=45 45 3 44 26 30 38 36 29 45 39 43 33 9 13 26 32 0 30 3 38 26 29 30 1 19 29 12 19 26
split_gain=73.7122 33.1201 38.4232 27.55 20.8001 18.358 16.1482 14.3604 16.5601 17.9729 27.3087 24.8741 24.9173 16.7424 16.716 15.7454 18.2492 18.0706 15.7525 14.9181 16.278 14.5495 15.4111 14.507 18.3263 13.9291 15.0689 20.9587 13.5064 13.2489
threshold=34.510505676269538 29.330956459045414 244.35803985595706 29.463607788085941 7.4016113281250009 924.81250000000011 -0.16939544677734372 122.43890380859376 0.65620803833007824 23.630142211914066 0.32689949870109564 22.316637039184574 16.12780857086182 0 0.58571910858154308 6.6520636081695566 561.83319091796886 13.750000000000002 104.56250000000001 4424.5563964843759 -1.2139682769775388 5.0552365779876718 0.2341270446777344 1846.5625000000002 92.750000000000014 2.4244318008422856 0.98776626586914074 0.94019901752471935 0.48615457117557531 2.8781759738922124
decision_type=2 2 2 2 2 2 2 2 2 2 2 2 2 1 2 2 2 2 2 2 2 2 2 2 2 2 2 2 2 2
left_child=1 3 4 7 5 -3 -7 8 9 11 21 12 14 -14 -1 16 25 -17 -18 20 -16 23 28 24 -11 26 -10 -28 -23 -13
right_child=-2 2 -4 -5 -6 6 -8 -9 15 10 -12 29 13 -15 19 17 18 -19 -20 -21 -22 22 -24 -25 -26 -27 27 -29 -30 -31
leaf_value=0.0095010591694475021 0.098463298831283061 0.023677314701156291 -0.0045086361554021442 -0.016411463538445831 0.021791308479389784 -0.016610185166769469 0.010334163819984071 0.0039316307586574339 0.0016135541975710766 0.00446965840130062 0.006488798957579007 -0.0048194888128386994 0.005670998153727078 -0.023235481502121333 -0.0072699893477726363 0.0029118808293739562 -0.0012295172354848205 -0.0017702564206797434 -0.0089281702845533314 0.0012917286645051718 -0.029116341080164396 -0.00073223795953872186 0.00050755238122931698 -0.0053578291874714521 -0.0051266845001644865 -0.043245197396260482 -0.0097952197156314473 0.0052511333743758826 -0.009470042685187181 -0.023447751993279128
leaf_weight=2780 3128 12015 11411 4916 3149 2843 8668 19635 48842 19598 48990 3708 59970 2745 8838 24848 12745 16298 17824 7281 5384 5602 17168 2075 3135 3495 9109 6084 5266 2890
leaf_count=2780 3128 12015 11411 4916 3149 2843 8668 19635 48842 19598 48990 3708 59970 2745 8838 24848 12745 16298 17824 7281 5384 5602 17168 2075 3135 3495 9109 6084 5266 2890
internal_value=0.000559371 0.000462899 0.0027058 0.000225033 0.00436725 0.00354691 0.00126204 0.000307632 0.000184233 0.00065923 0.00139468 -0.000141017 0.000218371 0.00106082 -0.00195694 -0.000482424 -0.00103334 0.000830985 -0.00265476 -0.00271185 -0.00421866 0.000133197 -0.00111531 0.00154404 0.00212901 -0.000299082 -3.02912e-05 -0.00222982 -0.00347123 -0.00487288
internal_weight=400440 397312 38086 359226 26675 23526 11511 354310 334675 195430 101834 93596 86998 62715 24283 139245 98099 41146 30569 21503 14222 52844 28036 24808 22733 67530 64035 15193 10868 6598
internal_count=400440 397312 38086 359226 26675 23526 11511 354310 334675 195430 101834 93596 86998 62715 24283 139245 98099 41146 30569 21503 14222 52844 28036 24808 22733 67530 64035 15193 10868 6598
cat_boundaries=0 1
cat_threshold=48
is_linear=0
shrinkage=0.08


Tree=87
num_leaves=31
num_cat=10
split_feature=45 45 3 5 23 38 5 29 5 28 5 5 40 5 26 24 22 5 26 19 22 45 5 32 19 5 29 38 29 8
split_gain=67.4494 32.5125 42.1596 24.1502 16.9067 14.1832 13.4977 10.6112 20.259 17.4025 31.277 23.455 18.2715 13.8481 13.2195 16.05 20.1699 23.7801 15.4064 15.0363 14.8619 12.7468 11.8556 11.7169 11.3351 14.0339 10.4349 10.3109 10.2855 10.1632
threshold=34.510505676269538 29.229447364807132 290.15364074707037 0 29.409133911132816 -6.3870093822479239 1 0.64420700073242199 2 1009.7803344726564 3 4 0.49782180786132818 5 6.6036043167114267 27.186004638671879 0.11014938354492189 6 4.0394649505615243 1.8575242757797243 1.9211769104003908 -10.458421707153319 7 559.37963867187511 0.53132915496826183 8 0.034152984619140632 -0.21505069732666013 0.2341270446777344 9
decision_type=2 2 2 9 2 2 9 2 9 2 9 9 2 9 2 2 2 9 2 2 2 2 9 2 2 9 2 2 2 1
left_child=1 4 3 27 5 -1 -7 9 21 10 -8 -11 13 -13 15 19 -17 18 -18 -10 -20 -9 -14 -19 -16 -26 -4 -3 -15 -5
right_child=-2 2 26 29 -6 6 7 8 14 11 -12 12 22 28 24 16 17 23 20 -21 -22 -23 -24 -25 25 -27 -28 -29 -30 -31
leaf_value=-0.027967207418331981 0.091022567977001353 0.0094907239615536557 0.0093217571500579764 0.0054909556561076305 -0.016192240706274105 0.0022938640619110727 0.0086547107378157767 -0.040111670385806375 0.0068153491789647094 0.004493764458474772 0.00032759039761913299 -6.1764739104503972e-05 0.0045746977870209093 -0.015209492589173763 0.00053565850392544689 0.0066352976220778719 -0.022328609343218276 0.0013727008528060481 0.0038910181326167505 -0.018113474963049755 -0.011574329623070412 -0.0036649979640418452 -0.0032736491965304282 -0.008332854192554251 0.017835002255337074 0.0043112598080979536 -0.013705342218088674 0.019566511072519787 -0.0055576222510973139 0.014835778618623294
leaf_weight=3201 3167 2064 2012 14028 4042 102614 18705 2837 16470 32759 32353 2174 3693 2028 17489 3687 3866 9991 2193 4812 2929 37117 37684 3790 2434 6506 7507 8260 2313 7269
leaf_count=3201 3167 2064 2012 14028 4042 102614 18705 2837 16470 32759 32353 2174 3693 2028 17489 3687 3866 9991 2193 4812 2929 37117 37684 3790 2434 6506 7507 8260 2313 7269
internal_value=0.000571094 0.000478131 0.00260705 0.00401189 0.000231827 0.000291024 0.000339787 1.80598e-05 -0.000546565 0.000507292 0.00166288 -0.000224396 -0.00135248 -0.00528736 0.00023589 -0.000558767 -0.0018741 -0.00276307 -0.00595915 0.00107646 -0.00307872 -0.0019983 -0.000732114 -0.000670966 0.00167102 0.00398659 -0.00205898 0.00718484 -0.00788351 0.00246658
internal_weight=399994 396827 41140 31621 355687 351645 348444 245830 114121 131709 51058 80651 47892 6515 74167 47738 26456 22769 8988 21282 5122 39954 41377 13781 26429 8940 9519 10324 4341 21297
internal_count=399994 396827 41140 31621 355687 351645 348444 245830 114121 131709 51058 80651 47892 6515 74167 47738 26456 22769 8988 21282 5122 39954 41377 13781 26429 8940 9519 10324 4341 21297
cat_boundaries=0 22 54 86 118 150 182 204 214 233 234
cat_threshold=40 0 0 784 0 0 29696 0 0 1966080 0 0 16973824 0 0 1048576 0 0 83886080 0 0 805306368 67 0 0 1536 0 0 131584 0 0 262144 0 0 49414144 0 0 108003328 0 0 1006632960 0 0 3221225472 48 0 0 100 0 0 32 0 0 65536 0 0 0 352 0 0 12288 0 0 1581056 0 0 17301504 0 0 134217728 0 0 3221225472 3 0 0 10 0 0 3 0 0 15248 0 0 63744 776 0 0 8512 0 0 109568 0 0 3719168 0 0 786432 0 0 25165824 0 0 2147483648 3 0 0 0 0 0 512 0 0 3280 0 0 20736 640 0 0 224 0 0 8448 0 0 8192 0 0 16777216 0 0 671088640 0 0 3221225472 2 0 0 15 0 0 131 0 0 3856 0 0 40960 20 0 0 8192 0 0 6144 0 0 1687552 0 0 262144 0 0 268435456 0 0 0 0 0 268435456 0 0 0 280 0 0 4224 0 0 1024 952 0 0 128 0 0 3072 0 0 53248 0 0 0 0 0 0 0 0 50331648 0 0 268435456 288 0 0 272 0 0 114688 0 0 131072 308 0 0 14464 0 0 65536 0 0 0 0 0 0 0 0 0 0 0 33554432 2
is_linear=0
shrinkage=0.08


Tree=88
num_leaves=31
num_cat=13
split_feature=23 23 5 31 29 5 5 34 5 5 31 7 37 5 38 5 5 5 34 31 34 29 5 5 32 5 5 36 41 13
split_gain=49.4546 22.6889 35.658 15.6499 31.5684 43.938 28.5344 22.6641 22.5728 21.1728 21.9179 13.8282 21.3961 28.4278 16.1937 19.3725 16.8578 13.8416 13.7407 13.3595 12.6415 18.5793 18.6919 13.9464 12.032 19.6995 15.0097 11.4228 12.1893 11.4048
threshold=35.078453063964851 30.073146820068363 0 83.090137481689467 0.69400787353515636 1 2 -8.0471191406249982 3 4 77.020034790039077 2.5000000000000004 -0.62804794311523426 5 -0.090309143066406236 6 7 8 -12.118377685546873 53.76359939575196 2.5407104492187504 0.63878631591796886 9 10 707.35818481445324 11 12 122.43890380859376 27.481550216674808 1.0443062186241152
decision_type=2 2 9 2 2 9 9 2 9 9 2 2 2 9 2 9 9 9 2 2 2 2 9 9 2 9 9 2 2 2
left_child=1 3 19 4 9 7 27 -6 -7 10 -1 12 13 -11 16 -16 -13 -14 -10 -3 21 22 -8 -23 25 -20 -26 28 -5 -25
right_child=-2 2 -4 6 5 8 20 -9 18 11 -12 14 17 -15 15 -17 -18 -19 24 -21 -22 23 -24 29 26 -27 -28 -29 -30 -31
leaf_value=0.0022484262980252369 0.085077881572916 0.0090099219259487037 0.0025972716469419765 0.011065862467169722 -0.044151523105863788 0.0053031150395487009 -0.0042178256587305186 -0.010018063021609507 -0.045935855254035263 -0.022478460815246421 0.0090169611918491915 0.0089625879489688039 0.0054000038165833075 0.0011545680012421001 -0.012299436014725273 -0.0026122247318085103 -0.0051283826766001543 0.00021828404762963771 -0.0086654474766974937 0.039306276727918428 -0.013833632511981194 0.0025574746761891733 0.010807803253248949 -0.0027876811992334181 -0.0037177479382083335 -0.0013368581817498181 0.0052626258948825465 0.013003263843845049 0.0020793238068046093 0.0059686760971464281
leaf_weight=50139 3077 2647 18121 7943 2766 13670 2056 9934 2069 5357 12331 8329 30797 10536 8795 15145 11869 44016 10263 6421 3329 28658 6572 27068 8729 16805 10051 3125 11973 7820
leaf_count=50139 3077 2647 18121 7943 2766 13670 2056 9934 2069 5357 12331 8329 30797 10536 8795 15145 11869 44016 10263 6421 3329 28658 6572 27068 8729 16805 10051 3125 11973 7820
internal_value=0.000493231 0.000414855 0.00264495 0.000250976 -6.23686e-05 -0.00146789 0.00111452 -0.00574843 -0.000583375 0.000466846 0.00168411 -9.72832e-05 0.000467834 -0.00219707 -0.00125849 -0.00266555 0.000409739 0.00103417 -0.00140142 0.00673415 0.000362009 0.000584617 0.00406576 0.000111398 -0.001113 -0.00219219 0.000442789 0.00357747 0.00287062 -0.00096253
internal_weight=400411 397334 27189 370145 271601 74287 98544 12700 61587 197314 62470 134844 90706 15893 44138 23940 20198 74813 47917 9068 75503 72174 8628 63546 45848 27068 18780 23041 19916 34888
internal_count=400411 397334 27189 370145 271601 74287 98544 12700 61587 197314 62470 134844 90706 15893 44138 23940 20198 74813 47917 9068 75503 72174 8628 63546 45848 27068 18780 23041 19916 34888
cat_boundaries=0 22 54 86 118 150 182 214 246 278 307 336 355 384
cat_threshold=24 0 0 256 0 0 13312 0 0 458752 0 0 54525952 0 0 68157440 0 0 16777216 1 0 1879048192 0 0 0 0 0 0 49152 0 0 2301952 0 0 33161216 0 0 125829120 0 0 268435456 3 0 0 0 0 0 7 0 0 656 0 0 63744 195 0 0 1552 0 0 114688 0 0 458752 0 0 2228224 0 0 1048576 0 0 201326592 0 0 1879048192 0 0 0 114 0 0 15488 0 0 33280 16 0 0 256 0 0 1536 0 0 0 0 0 0 0 0 941621248 0 0 117440512 0 0 3758096384 54 0 0 584 0 0 0 0 0 1024 768 0 0 352 0 0 1536 0 0 1089536 0 0 11599872 0 0 208666624 0 0 4160749568 0 0 536870912 8 0 0 36 0 0 1792 0 0 256 24 0 0 6784 0 0 28672 0 0 999424 0 0 21889024 0 0 838860800 0 0 0 0 0 0 32 0 0 0 0 0 240 0 0 7680 201 0 0 6288 0 0 6400 0 0 983040 0 0 0 0 0 58720256 0 0 0 2 0 0 32 0 0 258 0 0 4192 0 0 81408 141 0 0 6160 0 0 98560 0 0 917504 0 0 21757952 0 0 578813952 0 0 100663296 2 0 3221225472 0 0 0 2 0 0 112 0 0 57344 41 0 0 128 0 0 14336 0 0 458752 0 0 4980736 0 0 58720256 0 0 67108864 1 0 2147483648 33 0 0 1 0 0 6320 0 0 112640 768 0 0 4352 0 0 135936 0 0 0 0 0 0 0 0 20971520 0 0 3254779904 1 0 0 24 0 0 9 0 0 624 800 0 0 12416 0 0 8448 0 0 577536 0 0 47448064 0 0 65011712 0 0 0 0 0 2147483648 53 0 0 648 0 0 96 483 0 0 1760 0 0 71680 0 0 49152 0 0 33554432 0 0 0 0 0 536870912 15 0 0 9328 0 0 73984 0 0 790528 0 0 327680 0 0 4194304 0 0 1073741824 0 0 268435456 8 0 0 144 0 0 6144
is_linear=0
shrinkage=0.08


Tree=89
num_leaves=31
num_cat=3
split_feature=24 7 37 43 31 30 34 22 6 29 26 6 34 27 14 14 28 22 29 11 34 28 30 6 19 30 29 26 31 30
split_gain=47.1467 20.1935 70.145 30.7625 22.0718 19.95 19.6907 19.1524 19.0401 17.3738 16.479 15.9803 44.2812 27.4276 28.7429 22.2132 15.8479 15.5252 15.2928 16.4462 16.028 15.0943 17.9891 15.0749 15.7014 15.3814 14.8408 18.5309 15.9777 18.2938
threshold=40.766632080078132 1.5000000000000002 -0.23290634155273435 29.194940567016605 82.89737701416017 9.3125000000000018 -15.277252197265623 2.8367042541503911 0 0.015033721923828127 3.0994778871536259 1 3.3905944824218754 1014.0491333007814 2.5843914747238164 2.3860492706298833 1017.8462524414064 1.9211769104003908 0.98488998413085949 0.77977752685546886 2.0079040527343754 1009.0459594726564 87.812500000000014 2 0.48869755864143377 337.31250000000006 0.35825729370117193 8.5354518890380877 46.573707580566413 2556.1875000000005
decision_type=2 2 2 2 2 2 2 2 1 2 2 1 2 2 2 2 2 2 2 2 2 2 2 1 2 2 2 2 2 2
left_child=1 2 8 7 5 11 -7 -4 17 -10 18 13 -13 -3 16 -14 -15 -1 20 -20 -6 22 -8 24 -23 -25 28 -28 -24 -30
right_child=-2 4 3 -5 10 6 21 -9 9 -11 -12 12 15 14 -16 -17 -18 -19 19 -21 -22 23 26 25 -26 -27 27 -29 29 -31
leaf_value=0.0042772129562299458 0.071691931110080556 0.0098840472741954875 0.0051459380236571666 0.017152984663838283 0.0066256374732587631 -0.048715303623292419 0.0090841025642168921 -0.00048156627110756744 -0.016187249698737888 -0.0048130929460074865 0.0036633642773659858 0.0014685702226883281 0.044296143836176326 -0.015283089341570123 0.0050420486229879203 0.013287032412231845 9.1501116105803252e-05 -0.0034830389072564574 -0.026755378782722942 -0.0019392309663600572 -0.020779945305279098 -0.0063187723639717324 -0.024194423703119555 -0.010921719286606546 0.00086102054372375395 -5.1814722110066216e-06 -0.0053095959787071937 0.0031843498265433112 0.0060808805198760045 -0.0086274859556618819
leaf_weight=13591 3094 6064 60266 9395 15567 2169 11594 17182 2854 14343 43157 36564 4145 8207 7393 3690 2929 15289 2407 4680 2120 2299 2498 19314 19980 6811 37033 6634 16672 2120
leaf_count=13591 3094 6064 60266 9395 15567 2169 11594 17182 2854 14343 43157 36564 4145 8207 7393 3690 2929 15289 2407 4680 2120 2299 2498 19314 19980 6811 37033 6634 16672 2120
internal_value=0.000500961 0.000424156 0.00122832 0.00256687 1.9314e-05 -0.000411164 -0.00100555 0.00204188 -0.00129451 -0.00340013 0.00126198 0.000684038 0.00158986 -0.00095153 -0.00248018 0.00704398 -0.00504576 -3.87543e-05 -0.000382505 -0.0035198 0.000875855 -0.000874005 -0.000174763 -0.00197959 -0.000449348 -0.00328246 -0.000692967 -0.00153719 0.0010385 0.0018381
internal_weight=400061 396967 132920 86843 264047 196116 127124 77448 46077 17197 67931 68992 44399 24593 18529 7835 11136 28880 24774 7087 17687 124955 76551 48404 22279 26125 64957 43667 21290 18792
internal_count=400061 396967 132920 86843 264047 196116 127124 77448 46077 17197 67931 68992 44399 24593 18529 7835 11136 28880 24774 7087 17687 124955 76551 48404 22279 26125 64957 43667 21290 18792
cat_boundaries=0 1 2 3
cat_threshold=12 8 6
is_linear=0
shrinkage=0.08


Tree=90
num_leaves=31
num_cat=15
split_feature=45 45 5 31 40 22 5 5 40 5 5 5 5 30 41 41 43 37 5 5 38 8 5 6 31 5 5 5 31 29
split_gain=55.6458 19.7389 27.5911 18.2684 32.5528 29.672 33.9955 21.7038 17.2243 40.3125 27.643 16.3668 15.9958 17.0859 15.0775 15.4077 15.0295 14.5798 25.2668 25.1169 13.6432 19.5341 13.6654 13.0096 22.2188 19.1812 16.7675 14.0776 12.1802 14.5219
threshold=33.836181640625007 30.046763420104984 0 75.315174102783217 5.634817600250245 0.098705291748046889 1 2 0.79738163948059093 3 4 5 6 91.812500000000014 27.869449615478519 -4.7597205638885489 32.26677322387696 0.24380874633789065 7 8 1.9676666259765627 9 10 11 80.544929504394545 12 13 14 50.808612823486335 0.20679092407226565
decision_type=2 2 9 2 2 2 9 9 2 9 9 9 9 2 2 2 2 2 9 9 2 1 9 1 2 9 9 9 2 2
left_child=1 3 16 5 8 7 -7 20 10 14 -5 -11 13 -12 15 -10 -3 18 -9 -19 -1 22 -22 24 25 -14 -26 -25 -4 -30
right_child=-2 2 28 4 -6 6 -8 17 9 11 12 -13 23 -15 -16 -17 -18 19 -20 -21 21 -23 -24 27 26 -27 -28 -29 29 -31
leaf_value=0.0071286874210029797 0.056419891943006777 0.0046836573314179477 0.0034062106425857054 -0.010426326722384758 -0.036034968762193816 -0.020102707059951826 -0.0052113646494978743 -0.0059341711594483116 -0.052526659107279987 0.0091119103123411798 0.021013789051628748 0.0051121900289612656 0.0063421691053183338 0.0029491239287216331 -0.012026867038340328 0.0014141808893268859 -0.034737737907949082 0.010746140471575317 0.00042213020760936362 -0.0036205778611486041 0.00024009400201549625 0.017706358185718776 -0.041267470101490782 -0.0036940648251877661 0.0095033611767313172 -0.0038010252604534145 0.0019241131876702867 0.00026029882507728531 0.04644214170871884 0.0191020834366212
leaf_weight=33048 4722 3572 4879 8372 2557 6792 38659 20683 2298 14806 2051 58450 3719 15400 4571 18650 2136 16304 28296 18961 2168 2152 2320 17210 6650 11070 11885 25915 2922 8791
leaf_count=33048 4722 3572 4879 8372 2557 6792 38659 20683 2298 14806 2051 58450 3719 15400 4571 18650 2136 16304 28296 18961 2168 2152 2320 17210 6650 11070 11885 25915 2922 8791
internal_value=0.000463228 0.000359982 0.00267145 0.000221718 0.000732366 -0.000392106 -0.0021403 0.000249149 0.000846626 0.00160004 0.000118887 0.00255363 0.000511925 0.0026959 -0.00113787 -0.000229029 -0.00212291 -0.000477547 -0.00137051 0.00076258 0.00179107 -0.00151579 -0.00451756 1.28157e-05 0.00119962 -0.00111224 0.00304449 -0.000904392 0.00431977 0.00572038
internal_weight=400009 395287 22300 372987 203604 169383 45451 123932 201047 98775 102272 73256 93900 17451 25519 20948 5708 84244 48979 35265 39688 6640 4488 76449 33324 14789 18535 43125 16592 11713
internal_count=400009 395287 22300 372987 203604 169383 45451 123932 201047 98775 102272 73256 93900 17451 25519 20948 5708 84244 48979 35265 39688 6640 4488 76449 33324 14789 18535 43125 16592 11713
cat_boundaries=0 32 64 93 125 157 186 212 244 276 277 306 307 320 336 359
cat_threshold=0 0 0 0 0 0 0 0 0 2113536 0 0 2424832 0 0 736100352 0 0 3288334336 0 0 0 1 0 0 4 0 0 0 0 0 256 453 0 0 10016 0 0 0 0 0 409600 0 0 12648448 0 0 96468992 0 0 3221225472 2 0 2415919104 1 0 0 3 0 0 0 0 0 37888 195 0 0 3616 0 0 204800 0 0 16384 0 0 0 0 0 201326592 0 0 2550136832 0 0 3221225472 41 0 0 229 0 0 1936 396 0 0 2304 0 0 7168 0 0 122880 0 0 524288 0 0 12582912 0 0 50331648 0 0 0 10 0 0 783 0 0 144 0 0 27648 0 0 0 0 0 0 512 0 0 0 0 0 1048576 0 0 469762048 0 0 4026531840 3 0 0 24 0 0 37 0 0 16368 0 0 1024 513 0 0 4144 0 0 230144 0 0 4096 0 0 8650752 0 0 67108864 0 0 536870912 0 0 1073741824 0 0 0 112 0 0 12288 132 0 0 384 0 0 3072 0 0 73728 0 0 4194304 0 0 49283072 0 0 100663296 0 0 2684354560 38 0 0 920 16 0 0 8400 0 0 33024 0 0 3346432 0 0 66912256 0 0 62914560 0 0 0 0 0 268435456 4 0 0 0 0 0 0 0 0 47616 16 0 0 8272 0 0 35072 0 0 720896 0 0 16580608 0 0 65011712 0 0 1107296256 0 0 268435456 0 0 0 536 0 0 96 0 0 33280 2 0 0 0 0 0 0 0 0 0 16384 0 0 0 0 0 67108864 0 0 2281701376 0 0 0 8 0 0 5 0 0 144 10 512 0 0 8256 0 0 4352 0 0 3198976 0 0 786432 2 0 0 10336 0 0 212992 0 0 1445888 0 0 42729472 0 0 553648128 514 0 0 15456 0 0 200704 0 0 3440640 0 0 34340864 0 0 0 0 0 0 0 0 0 1
is_linear=0
shrinkage=0.08


Tree=91
num_leaves=31
num_cat=13
split_feature=45 45 3 31 5 28 5 5 31 34 19 5 29 39 5 33 8 37 5 6 5 5 31 5 5 23 27 5 40 25
split_gain=50.1918 22.7214 28.2586 15.9339 24.807 24.106 37.9914 23.2428 17.5313 16.3654 22.2105 16.3774 16.9193 15.4109 14.7681 13.8656 12.6963 30.4016 17.9959 17.2916 31.4473 21.7169 14.1614 16.7833 14.1248 13.1609 15.6755 12.6711 12.4952 12.3378
threshold=34.510505676269538 29.926225662231449 217.44782257080081 83.755573272705092 0 1000.8515625000001 1 2 71.85630035400392 3.1797790527343754 1.4509539604187014 3 0.0083503723144531267 0.97809565067291271 4 23.330880165100101 5 -0.17395782470703122 6 7 8 9 81.242656707763686 10 11 28.822177886962894 1009.1863098144532 12 3.8094339370727544 4.7834634780883798
decision_type=2 2 2 2 9 2 9 9 2 2 2 9 2 2 9 2 1 2 9 1 9 9 2 9 9 2 2 9 2 2
left_child=1 3 29 5 -5 6 -1 8 9 11 -11 13 -13 -7 -10 -14 19 18 -18 21 -21 28 23 -22 -19 -23 -27 -24 -9 -3
right_child=-2 2 -4 4 -6 7 -8 16 14 10 -12 12 15 -15 -16 -17 17 24 -20 20 22 25 27 -25 -26 26 -28 -29 -30 -31
leaf_value=0.0087504881049400747 0.072915670073254127 0.019586032327011085 -0.001451291353921249 0.0063599941939321523 0.00068883724857954581 -0.021986432317675834 -0.023880198076054456 -0.0058309008846481446 0.02187426330092947 0.0006364399626918527 0.042255594568508172 0.015334736176389363 -0.0093383081976867559 0.0032825244056804339 0.0036556020417975788 0.0080995177921161596 -0.0071830839381583191 0.0074859691407386467 -0.00045753284861447694 0.0004391250775668709 -0.012122827491441007 0.0043607782699506001 0.0025643061683487643 -0.0072753364797172541 0.0013659628135445701 0.0035919327377792599 -0.013225019024912826 -0.0055482929755800115 0.021910810547078656 0.035535708675892008
leaf_weight=3843 3176 12317 10455 23175 64618 4360 5825 20569 4243 8728 4124 4634 15828 2388 33473 6960 7783 13356 13731 29745 9504 31870 5493 16526 28694 2098 2003 5393 2677 2679
leaf_count=3843 3176 12317 10455 23175 64618 4360 5825 20569 4243 8728 4124 4634 15828 2388 33473 6960 7783 13356 13731 29745 9504 31870 5493 16526 28694 2098 2003 5393 2677 2679
internal_value=0.000469674 0.000389421 0.00270139 0.000231023 0.00117285 -6.03118e-05 -0.00398429 7.8194e-05 0.00117936 0.000148835 0.00258125 -0.00076653 0.000103491 -0.00429078 0.00246408 -0.000793052 -0.000414437 0.000507126 -0.0019383 -0.00087983 -0.00176332 0.000115131 -0.0033225 -0.00433641 0.00175844 0.00134645 -0.00291413 -0.000899413 -0.00178974 0.00492603
internal_weight=400268 397092 25451 371641 87793 283848 9668 274180 84738 47022 12852 34170 27422 6748 37716 22788 189442 63564 21514 125878 66661 59217 36916 26030 42050 35971 4101 10886 23246 14996
internal_count=400268 397092 25451 371641 87793 283848 9668 274180 84738 47022 12852 34170 27422 6748 37716 22788 189442 63564 21514 125878 66661 59217 36916 26030 42050 35971 4101 10886 23246 14996
cat_boundaries=0 32 64 96 115 134 135 167 168 200 232 264 296 325
cat_threshold=227 0 0 1552 0 0 114688 0 0 475136 0 0 6684672 0 0 35651584 0 0 134217728 0 0 1342177280 0 0 0 18 0 0 14464 0 0 33280 0 0 0 0 0 0 12288 0 0 49152 0 0 0 0 0 956301312 0 0 3019898880 3 0 1610612736 60 0 0 1000 0 0 208 0 0 69888 0 0 0 288 0 0 5632 0 0 1048576 0 0 7405568 0 0 250609664 0 0 4227858432 0 0 2147483648 0 0 0 100 0 0 1824 0 0 65536 0 0 0 256 0 0 0 0 0 1048576 0 0 6291456 0 0 74448896 0 0 1610612736 0 0 0 0 0 0 0 0 0 0 0 0 0 0 0 73400320 0 0 603979776 2 783 0 0 8208 0 0 73728 0 0 2994176 0 0 59637760 0 0 285212672 0 0 0 2 0 0 32 0 0 0 0 0 192 0 0 5376 3 18 0 0 64 0 0 131328 0 0 12288 0 0 33947648 0 0 805306368 0 0 50331648 0 0 1879048192 15 0 0 147 0 0 6352 0 0 12288 0 0 0 1152 0 0 253952 0 0 12288 0 0 393216 0 0 805306368 0 0 33554432 2 0 268435456 31 0 0 2 0 0 8400 0 0 56832 456 0 0 3600 0 0 24576 0 0 409600 0 0 8388608 0 0 16777216 0 0 0 0 0 0 0 0 0 0 0 0 8192 0 0 32768 256 0 0 528 0 0 0 0 0 2285568 0 0 26083328 0 0 553648128 0 0 0 0 0 0 40 0 0 1 0 0 12480 0 0 39168 105 0 0 1680 0 0 8192 0 0 393216 0 0 8912896 0 0 16777216 0 0 0 1 0 0 0 0 0 264 0 0 8192
is_linear=0
shrinkage=0.08


Tree=92
num_leaves=31
num_cat=15
split_feature=45 5 43 45 43 35 5 7 38 38 5 5 6 5 5 34 5 5 5 28 14 10 6 34 5 34 28 5 5 6
split_gain=45.274 49.3682 16.8043 17.5167 13.6204 12.9134 21.9914 14.3066 61.0797 23.8151 44.2174 32.2921 20.1844 26.6945 21.7523 21.0103 19.0765 13.6109 12.6559 12.5241 14.1771 12.9403 17.0275 11.2797 15.9903 11.4065 11.2795 11.2044 11.1493 11.1126
threshold=31.64718055725098 0 31.948521614074711 29.926225662231449 30.12672328948975 27.011871337890629 1 1.5000000000000002 0.3321759700775147 -0.079563140869140611 2 3 4 5 6 -4.9040832519531241 7 8 9 1003.3646850585939 0.52402549982070934 0.72284245491027843 10 -2.3946228027343746 11 -7.1247558593749991 1006.8228149414064 12 13 14
decision_type=2 9 2 2 2 2 9 2 2 2 9 9 1 9 9 2 9 9 9 2 2 2 1 2 9 2 2 9 9 1
left_child=2 -2 3 4 5 7 -7 8 17 10 29 19 13 -12 -14 -15 -10 -1 -13 -11 26 22 -22 24 -16 -26 -21 -24 -17 -9
right_child=1 -3 -4 -5 -6 6 -8 9 16 11 12 18 14 15 23 28 -18 -19 -20 20 21 -23 27 -25 25 -27 -28 -29 -30 -31
leaf_value=-0.0039006790546914517 -0.011227813954718826 0.044541500791300877 -0.034426043707985202 0.013130555671383491 -0.019429686232376894 0.016721242108632097 0.00043038046409307642 0.012895999424813454 0.0018291722801646415 -0.018034430903068142 0.022084994833635959 0.0022487671068516591 -0.008701969360339774 -0.031078584756878629 0.013881862118291509 0.026711532581651057 0.0087914972914570205 0.00024538119989728105 -0.0023925483805061275 -0.0013959459952690167 0.0084900072689660534 -0.011196569124776942 -0.0092294104446371244 -0.0021387691984703851 -0.015812687996426576 0.0039479967266369447 -0.0099070398436522569 0.003059710697905942 0.00013329489657236239 0.0045138858700468631
leaf_weight=20268 3900 10282 2268 12334 3739 3666 6530 6871 13895 2937 3745 38703 20289 2077 4707 2869 32296 53373 55677 2021 4139 13361 3175 26683 3090 5842 4523 2534 6612 27766
leaf_count=20268 3900 10282 2268 12334 3739 3666 6530 6871 13895 2937 3745 38703 20289 2077 4707 2869 32296 53373 55677 2021 4139 13361 3175 26683 3090 5842 4523 2534 6612 27766
internal_value=0.000446797 0.00488444 0.000283627 0.000324289 0.000225742 0.000274657 0.00308054 0.000194538 0.000907194 -0.000164877 0.000693735 -0.000911867 -0.000387178 0.00220714 -0.0010427 0.00030057 0.00318738 -0.000523279 -0.000161017 -0.00307796 -0.00258509 -0.0016564 0.000543721 3.27202e-05 0.00190344 -8.93655e-05 -0.00587122 -0.00228661 0.00189864 0.00306143
internal_weight=400172 14182 385990 383722 371388 367649 10196 357453 119832 237621 110551 127070 75914 15303 60611 11558 46191 73641 94380 32690 29753 23209 9848 40322 13639 8932 6544 5709 9481 34637
internal_count=400172 14182 385990 383722 371388 367649 10196 357453 119832 237621 110551 127070 75914 15303 60611 11558 46191 73641 94380 32690 29753 23209 9848 40322 13639 8932 6544 5709 9481 34637
cat_boundaries=0 29 51 83 115 116 148 180 212 244 270 271 303 335 367 368
cat_threshold=0 0 0 128 0 0 0 0 0 0 0 0 3932160 0 0 65011712 0 0 0 0 0 0 0 0 0 5 0 0 32 748 0 0 5888 0 0 28672 0 0 3133440 0 0 4980736 0 0 639631360 0 0 201326592 0 0 3221225472 385 0 0 6160 0 0 17152 0 0 1974272 0 0 31457280 0 0 19922944 0 0 402653184 0 0 3758096384 0 0 0 32 0 0 5696 0 0 256 388 0 0 4112 0 0 16640 0 0 1966080 0 0 31981568 0 0 16777216 0 0 0 0 0 1610612736 0 0 0 0 0 0 12512 0 0 129792 2 574 0 0 8480 0 0 65536 0 0 0 0 0 1703936 0 0 37748736 0 0 117440512 0 0 0 0 0 0 8 0 0 2048 0 0 57344 56 0 0 768 0 0 4096 0 0 2162688 0 0 1310720 0 0 402653184 0 0 2684354560 3 0 0 3 0 0 140 0 0 8320 0 0 48128 788 0 0 12416 0 0 0 0 0 32768 0 0 0 0 0 16777216 0 0 0 1 0 1879048192 56 0 0 242 0 0 7952 0 0 58624 19 0 0 32 0 0 241664 0 0 2101248 0 0 17170432 0 0 406847488 0 0 318767104 3 0 268435456 7 0 0 1 0 0 128 0 0 5888 610 0 0 1792 0 0 131072 0 0 2113536 0 0 393216 0 0 484442112 0 0 4127195136 1 0 268435456 38 0 0 84 3 70 0 0 1184 0 0 33792 0 0 0 0 0 131072 0 0 33554432 0 0 1157627904 0 0 0 0 0 0 768 0 0 16 0 0 66048 384 0 0 0 0 0 16384 0 0 1966080 0 0 16777216 0 0 16777216 0 0 0 0 0 0 0 0 0 0 0 0 12288 0 0 16384 0 0 0 0 0 0 14336 0 0 2211840 0 0 262144 0 0 75497472 0 0 2684354560 0 0 0 33 0 0 84 0 0 128 0 0 7168 2
is_linear=0
shrinkage=0.08


Tree=93
num_leaves=31
num_cat=12
split_feature=45 5 45 19 29 36 25 5 25 10 5 29 29 14 32 5 36 5 5 36 5 33 6 5 5 24 10 22 5 5
split_gain=37.8525 16.3595 24.1777 13.2412 11.7253 11.5586 10.7036 13.5562 10.1746 12.9018 12.8415 9.70297 9.14703 18.9068 28.4669 18.3839 19.2694 19.2144 16.5273 17.0413 26.7498 13.1194 17.0679 33.2483 14.2911 12.1636 17.289 16.2562 10.8548 10.5266
threshold=34.510505676269538 0 30.732134819030765 0.91688245534896862 0.097969055175781264 52.212238311767585 10.347094535827638 1 2.5260953903198247 2.8357511758804326 2 0.75932693481445324 0.53633499145507824 2.9963179826736455 163.75168609619143 3 0.67090988159179699 4 5 119.21453857421876 6 14.660160064697267 7 8 9 30.023468017578129 1.6244372725486758 1.5463829040527346 10 11
decision_type=2 9 2 2 2 2 2 9 2 2 9 2 2 2 2 9 2 9 9 2 9 2 1 9 9 2 2 2 9 9
left_child=1 2 5 -4 -5 8 12 -8 10 -10 11 -1 13 15 -15 -3 21 -18 -14 25 -21 -17 23 -23 -24 -20 27 29 -16 -27
right_child=-2 6 3 4 -6 -7 7 -9 9 -11 -12 -13 18 14 28 16 17 -19 19 20 -22 22 24 -25 -26 26 -28 -29 -30 -31
leaf_value=0.013072316001554753 0.062396690699776797 -0.003250053251669569 0.045115787909140441 0.039242788553849835 0.0074471314867457037 0.00645630438001632 0.013873355910061492 8.5051026909681578e-05 -0.00037086242433545638 -0.026254766527836468 0.00064735936947599268 -0.0066544091395542892 -0.0045129399905618796 -0.020378695933986321 0.034207393121543445 -0.020744084533491289 0.0086140995675475559 0.0015152687391736209 0.00018014423649844957 0.01869625992293706 0.00023995975670572988 -0.0097774691197928115 0.0027990778174408247 0.012485931826319928 -0.0044360417335593642 0.014216685160800964 -0.038763158260654934 -0.015485713020225092 0.011193083701750926 -0.0047007020553759557
leaf_weight=11011 3119 36302 2103 3095 5770 16413 2053 2922 38935 2180 27498 2080 47994 4963 8148 2301 12770 24754 80641 3350 6106 2996 7866 7553 17295 2958 2046 3344 7582 3403
leaf_count=11011 3119 36302 2103 3095 5770 16413 2053 2922 38935 2180 27498 2080 47994 4963 8148 2301 12770 24754 80641 3350 6106 2996 7866 7553 17295 2958 2046 3344 7582 3403
internal_value=0.000382169 0.000312984 0.00114697 0.0047076 0.00334648 0.000748622 -3.68866e-06 0.00367101 0.000359302 -0.00052766 0.00125767 0.00331782 -6.85596e-05 0.000415573 0.00263633 4.47039e-06 0.000715505 0.00200139 -0.000496757 8.01037e-05 0.00331291 -0.000553904 -0.000175812 0.00252247 -0.00130813 -0.000251077 -0.00265454 -0.00124138 0.00430241 0.00113326
internal_weight=399551 396432 109085 10968 8865 98117 287347 4975 81704 41115 40589 13091 282372 132530 20693 111837 75535 37524 149842 101848 9456 38011 35710 10549 25161 92392 11751 9705 15730 6361
internal_count=399551 396432 109085 10968 8865 98117 287347 4975 81704 41115 40589 13091 282372 132530 20693 111837 75535 37524 149842 101848 9456 38011 35710 10549 25161 92392 11751 9705 15730 6361
cat_boundaries=0 32 45 71 103 135 167 193 194 220 249 281 301
cat_threshold=11 0 0 256 0 0 4096 0 0 458752 0 0 5242880 0 0 739246080 0 0 1056964608 0 0 4026531840 32 0 0 98 0 0 0 0 0 65536 496 0 0 3616 0 0 24576 0 0 1572864 0 0 16777216 3 0 0 256 0 0 0 0 0 262144 0 0 1048576 0 0 0 0 0 1006632960 0 0 0 0 0 0 32 208 0 0 7184 0 0 3328 0 0 0 0 0 524288 0 0 329252864 0 0 0 0 0 0 22 0 0 792 0 0 13312 0 0 48640 512 0 0 96 0 0 0 0 0 3715072 0 0 61276160 0 0 0 0 0 0 2 0 0 0 0 0 0 0 0 16 0 0 256 512 0 0 96 0 0 8704 0 0 1581056 0 0 50855936 0 0 0 0 0 3221225472 2 0 0 0 0 0 5 0 0 16304 0 0 64768 244 0 0 1664 0 0 49152 0 0 53248 0 0 0 0 0 56623104 0 0 0 0 0 0 5 0 0 8 8 256 0 0 96 0 0 8192 0 0 2670592 0 0 61079552 0 0 0 0 0 0 2 0 0 0 0 0 128 4 0 0 32 0 0 73728 0 0 2146304 0 0 25165824 0 0 0 0 0 1073741824 2 0 0 1 0 0 132 0 0 96 0 0 0 0 0 0 0 0 0 0 0 0 3014656 0 0 60817408 0 0 1073741824 0 0 0 2 0 0 16 0 0 15216 0 0 12544 4 0 0 16 0 0 3072 0 0 49152 0 0 196608 0 0 39845888 0 0 0 1
is_linear=0
shrinkage=0.08


Tree=94
num_leaves=31
num_cat=15
split_feature=45 5 10 5 5 34 37 14 35 6 31 5 6 5 28 5 5 8 38 5 37 5 5 31 35 29 24 5 34 5
split_gain=36.6657 19.5899 14.7536 24.3466 18.8471 15.0286 15.4623 14.6629 14.6132 15.2091 13.4211 15.0198 14.6783 18.0069 14.6166 19.3535 13.1366 13.1262 30.9985 17.6371 16.5798 17.9216 17.5025 12.8432 18.6895 13.2273 20.223 13.0802 13.3392 12.7768
threshold=33.349782943725593 0 3.0196816921234135 1 2 2.4547424316406254 -0.26454544067382807 3.1313626766204838 0.0052452087402343759 3 81.928752899169936 4 5 6 1000.6781311035157 7 8 9 0.52170896530151378 10 0.50473785400390636 11 12 65.57367324829103 1.6732215881347658 0.83911514282226574 29.014984130859379 13 2.4547424316406254 14
decision_type=2 9 2 9 9 2 2 2 2 1 2 9 1 9 2 9 9 1 2 9 2 9 9 2 2 2 2 9 2 9
left_child=2 -2 4 8 7 16 -7 23 -4 -10 14 -12 29 -14 15 -6 -5 -16 20 -20 21 -19 -22 24 27 26 -25 -1 -29 -13
right_child=1 -3 3 5 10 6 -8 -9 9 -11 11 12 13 -15 17 -17 -18 18 19 -21 22 -23 -24 25 -26 -27 -28 28 -30 -31
leaf_value=0.0066092538316504705 0.066240796905433538 0.0020035220047236635 -0.0018235154522721331 0.020376319367444291 0.0033180239385848156 -0.0052663169483796327 0.019607464252627337 0.021606923344939445 -0.076599924495172098 -0.019403643851966274 -0.0015919962052674918 -0.00088669686548009002 0.011281509714335912 0.0031543502348057475 -0.0015808057757629303 -0.032494505229832098 -0.01613239278769794 -0.0072818061720650463 0.00067506129391048831 0.0097342100705454723 -0.0071855807477481902 -0.00014096987766748726 0.01370510605939586 0.0020132554789964274 -0.030952466871828222 0.0007541660028676844 0.014436315833547368 -0.010641577613632337 0.011495343025748497 0.0030697123172255657
leaf_weight=17562 4006 2253 5928 2024 2017 2731 4775 10449 2898 6617 24068 26076 7364 21050 110115 2345 7531 9549 7878 12876 2351 18441 4393 15001 2734 19794 14418 12983 3719 15762
leaf_count=17562 4006 2253 5928 2024 2017 2731 4775 10449 2898 6617 24068 26076 7364 21050 110115 2345 7531 9549 7878 12876 2351 18441 4393 15001 2734 19794 14418 12983 3719 15762
internal_value=0.000358453 0.00642846 0.00026173 -0.00137049 0.000408749 0.000713073 0.0033901 0.0013645 -0.0036694 -0.0056126 5.90984e-05 0.00082434 0.00141507 0.00281775 -0.000365583 -0.00493138 -0.00139049 -0.000245029 0.000758226 0.00320362 -0.000703431 -0.00156143 0.0028546 0.00102133 -0.000104842 0.00186783 0.00294336 0.000403805 -0.00119842 0.000461561
internal_weight=399708 6259 393449 32504 360945 17061 7506 96660 15443 9515 264285 94320 70252 28414 169965 4362 9555 165603 55488 20754 34734 27990 6744 86211 36998 49213 29419 34264 16702 41838
internal_count=399708 6259 393449 32504 360945 17061 7506 96660 15443 9515 264285 94320 70252 28414 169965 4362 9555 165603 55488 20754 34734 27990 6744 86211 36998 49213 29419 34264 16702 41838
cat_boundaries=0 26 58 87 88 120 121 150 182 214 215 247 279 311 337 360
cat_threshold=0 0 0 0 0 0 0 0 0 65536 0 0 0 0 0 1048576 0 0 989855744 0 0 2952790016 0 0 0 2 0 0 0 0 0 0 0 0 0 196608 0 0 4259840 0 0 7340032 0 0 251658240 0 0 1879048192 22 0 0 899 0 0 13376 0 0 30464 0 0 0 0 0 0 4096 0 0 1114112 0 0 2097152 0 0 208666624 0 0 1023410176 0 0 4026531840 10 0 0 994 0 0 3104 8 784 0 0 288 0 0 134912 0 0 40960 0 0 524288 0 0 0 0 0 3254779904 1 0 0 0 0 0 5 0 0 784 0 0 26368 4 6 0 0 8256 0 0 81920 0 0 933888 0 0 50593792 0 0 8388608 0 0 0 0 0 0 0 0 0 0 0 0 8192 0 0 0 0 0 0 8192 0 0 49152 0 0 0 0 0 301989888 0 0 1107296256 3 0 0 20 0 0 9 0 0 8272 0 0 65792 0 0 0 0 0 0 1024 0 0 0 0 0 51118080 0 0 939524096 0 0 2147483648 3 0 2147483648 33 0 0 16 0 0 2048 0 0 65536 2 690 0 0 10496 0 0 512 0 0 540672 0 0 0 0 0 805306368 0 0 0 3 0 0 53 0 0 24 0 0 4816 0 0 28416 68 0 0 8192 0 0 245760 0 0 2396160 0 0 51249152 0 0 327155712 0 0 1107296256 3 0 0 4 0 0 9 0 0 208 0 0 256 500 0 0 704 0 0 51200 0 0 32768 0 0 33619968 0 0 536870912 0 0 3221225472 3 0 0 1 0 0 0 0 0 12416 0 0 9216 0 0 0 0 0 0 4096 0 0 65536 0 0 0 0 0 135266304 0 0 218103808 0 0 1879048192 8 0 0 66 132 0 0 12352 0 0 114688 0 0 3035136 0 0 60030976 0 0 813694976 0 0 0 0 0 0 49
is_linear=0
shrinkage=0.08


Tree=95
num_leaves=31
num_cat=15
split_feature=45 5 10 39 5 45 5 5 5 5 9 34 5 5 5 14 27 5 5 34 6 34 34 5 27 6 34 34 24 45
split_gain=36.5628 17.8171 13.4658 33.8663 41.2356 19.6242 14.9935 14.9228 14.7906 13.4368 11.9922 18.0978 19.9228 17.7717 15.332 10.911 14.61 12.2921 10.704 15.8504 12.4701 9.96084 9.54744 10.2364 10.1954 10.3611 16.4902 12.1567 9.62456 9.06838
threshold=33.349782943725593 0 3.1220432519912724 1.3742428421974184 1 -9.3026924133300763 2 3 4 5 6 -7.8303527832031241 7 8 9 3.1313626766204838 1011.4636230468751 10 11 -5.4425354003906241 12 -3.5581054687499996 -9.1777038574218732 13 1006.7299194335939 14 -0.46484374999999994 -1.0716857910156248 29.962844848632816 29.330956459045414
decision_type=2 9 2 2 9 2 9 9 9 9 1 2 9 9 9 2 2 9 9 2 1 2 2 9 2 1 2 2 2 2
left_child=2 -2 7 4 -4 9 -7 15 -6 -5 11 12 -9 21 -13 16 18 -17 22 20 -20 -12 23 -1 -24 26 -26 28 -27 -16
right_child=1 -3 3 5 8 6 -8 10 -10 -11 13 14 -14 -15 29 17 -18 -19 19 -21 -22 -23 24 -25 25 27 -28 -29 -30 -31
leaf_value=0.0038229528978110496 0.061241346447229152 0.0018316432162183106 0.017634913418730244 -0.054195493784978982 -0.057452056119616658 -0.0035368384418825016 0.014957186969082272 -0.02472590018592925 -0.029972966535283165 -0.0020372777041849587 0.0060336702777848928 0.011070891169427596 -0.00042438272004417853 -0.0037665834613494556 0.00040438633446527206 0.048751989436834411 -0.00086158954132685038 0.010338115660111278 -0.026728231300360721 0.010990379444147607 0.0082910338589118025 -0.001027142905151166 0.0096243436410921399 -0.01761408403180326 -0.0027258761464122473 0.0034928603001586822 0.025576229992939261 -0.011586230832052423 -0.01322547359305375 0.0078140742334579013
leaf_weight=2486 4089 2087 2324 2254 2178 6096 7975 4588 5384 3045 11997 12774 9161 53774 143112 2031 41575 9054 2012 9804 9777 16210 10494 2319 2066 6710 2065 2701 3240 6602
leaf_count=2486 4089 2087 2324 2254 2178 6096 7975 4588 5384 3045 11997 12774 9161 53774 143112 2031 41575 9054 2012 9804 9777 16210 10494 2319 2066 6710 2065 2701 3240 6602
internal_value=0.000311805 0.00641448 0.000215937 -0.00143511 -0.00524252 0.000509804 0.0020723 0.000348473 -0.00809813 -0.00363534 1.99816e-05 0.000391814 -0.00239407 -0.000779259 0.0006277 0.00114598 0.000869419 0.0035205 0.0017413 0.00311757 0.00114077 0.000846707 0.000813059 -0.00247144 0.00139266 0.000169128 0.00363768 -0.000967564 0.000325301 0.000400443
internal_weight=399984 6176 393808 29256 9886 19370 14071 364552 7562 5299 258218 176237 13749 81981 162488 106334 95249 11085 53674 21593 11789 28207 32081 4805 27276 16782 4131 12651 9950 149714
internal_count=399984 6176 393808 29256 9886 19370 14071 364552 7562 5299 258218 176237 13749 81981 162488 106334 95249 11085 53674 21593 11789 28207 32081 4805 27276 16782 4131 12651 9950 149714
cat_boundaries=0 26 55 87 119 151 183 184 216 248 280 306 335 336 365 366
cat_threshold=0 0 0 0 0 0 0 0 0 65536 0 0 0 0 0 0 0 0 989855744 0 0 4026531840 0 0 0 2 0 0 0 0 0 0 1024 0 0 2129920 0 0 41811968 0 0 822083584 0 0 2415919104 3 0 0 3 0 0 280 0 0 256 0 0 0 0 0 0 0 0 0 81920 0 0 6750208 0 0 7340032 0 0 218103808 0 0 536870912 5 0 0 900 0 0 368 0 0 7936 2 0 0 256 0 0 512 0 0 0 0 0 39845888 0 0 206569472 0 0 2097152000 0 0 4026531840 12 0 0 994 0 0 3104 0 0 512 0 0 0 0 0 0 0 0 0 196608 0 0 0 0 0 139460608 0 0 83886080 0 0 1879048192 32 0 0 3 0 0 4096 0 0 256 0 0 0 0 0 0 0 0 0 0 0 0 0 0 0 0 0 0 0 0 0 0 30 0 0 432 0 0 13312 0 0 512 41 0 0 0 0 0 0 35072 0 0 1155072 0 0 1310720 0 0 278921216 0 0 2147483648 0 0 0 3 0 0 20 0 0 512 0 0 51200 697 0 0 2576 0 0 40960 0 0 266240 0 0 8388608 0 0 318767104 0 0 2181038080 1 0 0 3 0 0 20 0 0 12800 0 0 16384 0 0 0 0 0 0 0 0 0 98304 0 0 1835008 0 0 10485760 0 0 0 0 0 0 0 0 0 0 0 0 768 0 0 121088 0 0 0 0 0 0 0 0 0 0 0 0 6291456 0 0 201326592 0 0 1879048192 0 0 2147483648 4 0 0 96 2 0 0 0 0 0 512 0 0 0 0 0 39845888 0 0 201326592 0 0 1879048192 0 0 2147483648 0 0 0 34 0 0 1056 2 0 0 0 0 0 0 0 0 0 0 0 0 0 0 0 134217728 0 0 1879048192 0 0 0 0 0 0 32 0 0 1024 8
is_linear=0
shrinkage=0.08


Tree=96
num_leaves=31
num_cat=16
split_feature=45 5 23 45 5 38 35 5 7 38 37 5 5 5 5 6 5 5 37 16 5 37 5 38 5 5 43 5 5 40
split_gain=27.9506 33.2099 21.8113 16.0045 12.1738 15.2885 11.9355 21.5743 11.8037 39.2045 33.1256 31.3284 28.8321 26.6888 22.3909 14.8687 17.9697 14.8955 13.186 12.5556 15.9422 12.5539 11.3707 9.796 12.3831 12.3482 9.0869 15.0544 10.3581 8.62242
threshold=32.244066238403327 0 32.307773590087898 30.196853637695316 1 -0.78790760040283192 28.383731842041019 2 2.5000000000000004 -0.090309143066406236 -0.1673469543457031 3 4 5 6 7 8 9 -1.1497840881347654 0.29619786143302923 10 0.45429611206054693 11 1.8771566152572634 12 13 28.330252647399906 14 15 0.65180206298828136
decision_type=2 9 2 2 9 2 2 9 2 2 2 9 9 9 9 1 9 9 2 10 9 2 9 2 9 9 2 9 9 2
left_child=2 -2 3 6 -5 -6 8 -8 10 13 11 18 21 -10 -11 17 -17 -15 22 -13 -21 -12 -1 25 -25 -16 28 -28 -14 -20
right_child=1 -3 -4 4 5 -7 7 -9 9 14 12 19 26 15 23 16 -18 -19 29 20 -22 -23 -24 24 -26 -27 27 -29 -30 -31
leaf_value=-0.038201954352398031 -0.015505684383270336 0.036469488926592818 -0.036242335252741925 -0.0027719731716358354 -0.0073462003366850581 0.025621390266666991 0.019433926903682987 9.7009736436461935e-05 0.0087324327339038631 -0.010551246652675702 0.0026384494063698936 -0.011703882191307642 0.0025359064797171272 0.015596910919435346 0.0031700041618869792 0.0020723546034473374 -0.0085748156493617254 -0.00026866428373551799 -0.0054503405945021659 0.0069219194293450668 -0.001080334146643267 0.012987038234769842 -0.01200815935231498 -0.00022918409023858999 -0.025588295522229229 -0.0031810245738058286 0.0089248284632056848 0.0010190572058243674 -0.0011061855804652509 -0.0021118190910280532
leaf_weight=2862 2562 8495 2070 3467 2105 6983 3178 5881 16621 16744 25024 2012 40802 5789 14886 9144 13758 10036 6842 18988 47914 19470 2692 4336 5208 24460 4700 11696 48731 12073
leaf_count=2862 2562 8495 2070 3467 2105 6983 3178 5881 16621 16744 25024 2012 40802 5789 14886 9144 13758 10036 6842 18988 47914 19470 2692 4336 5208 24460 4700 11696 48731 12073
internal_value=0.000302399 0.00426674 0.000189455 0.00023343 0.00304178 0.0045762 0.000139037 0.00300584 6.77635e-05 -0.00057822 0.000388326 -0.000795135 0.00112302 0.00098992 -0.00190055 -0.000161561 -0.0014641 0.00172294 -0.00325289 7.83358e-05 0.000266021 0.00283147 -0.00667865 -0.00103455 -0.00333264 -0.000476674 0.000404912 0.0021358 8.77791e-05 -0.00224571
internal_weight=399529 11057 388472 386402 12555 9088 373847 9059 364788 120982 243806 93383 150423 55348 65634 38727 22902 15825 24469 68914 66902 44494 5554 48890 9544 39346 105929 16396 89533 18915
internal_count=399529 11057 388472 386402 12555 9088 373847 9059 364788 120982 243806 93383 150423 55348 65634 38727 22902 15825 24469 68914 66902 44494 5554 48890 9544 39346 105929 16396 89533 18915
cat_boundaries=0 32 64 87 119 151 183 215 216 248 280 312 344 376 408 430 462
cat_threshold=0 0 0 128 0 0 0 0 0 0 0 0 1835008 0 0 48234496 0 0 0 0 0 0 0 0 0 4 0 0 32 0 0 256 16 0 0 64 0 0 0 0 0 49152 0 0 35979264 0 0 60817408 0 0 3758096384 0 0 2147483648 1 0 0 0 0 0 0 0 0 256 740 0 0 5888 0 0 28672 0 0 1032192 0 0 38010880 0 0 104857600 0 0 939524096 2 0 3221225472 2 260 0 0 16 0 0 193024 0 0 856064 0 0 1900544 0 0 116391936 0 0 0 0 0 0 0 0 0 2 0 0 208 0 0 38656 0 0 0 16 0 0 16384 0 0 1015808 0 0 33357824 0 0 804257792 0 0 536870912 0 0 0 32 0 0 1 0 0 224 0 0 4352 385 0 0 6160 0 0 512 0 0 1974272 0 0 37748736 0 0 57671680 0 0 402653184 0 0 2147483648 0 0 0 610 0 0 1632 0 0 8192 128 0 0 16 0 0 17152 0 0 1974272 0 0 524288 0 0 51380224 0 0 285212672 0 0 805306368 0 0 0 770 0 0 4832 0 0 96768 3 66 0 0 9312 0 0 57600 0 0 4096 0 0 16973824 0 0 872415232 0 0 117440512 0 0 1610612736 4 0 0 256 0 0 6160 0 0 71168 572 0 0 0 0 0 65536 0 0 65536 0 0 12386304 0 0 276824064 0 0 536870912 2 0 536870912 49 0 0 29 0 0 272 0 0 49920 544 0 0 0 0 0 0 0 0 0 0 0 2097152 0 0 0 0 0 2231369728 0 0 2684354560 10 0 0 968 0 0 15360 0 0 81920 256 0 0 0 0 0 16384 0 0 786432 0 0 65536 0 0 108003328 0 0 0 0 0 0 0 0 0 0 0 0 144 0 0 4352 16 0 0 0 0 0 1024 0 0 2179072 0 0 26607616 0 0 1010827264 0 0 3355443200 1 0 0 23 0 0 56 0 0 0 0 0 33024 2 0 0 1408 0 0 200704 0 0 2134016 0 0 33882112 0 0 4194304 0 0 637534208 3 0 3221225472 37 0 0 240 0 0 2304 0 0 33792 192 0 0 3584 0 0 102400 0 0 3153920 0 0 0 0 0 0 0 0 67108864 0 0 3221225472 259 0 0 8384 0 0 143104 0 0 16384 0 0 33554432 0 0 268435456 0 0 402653184 3 0 0 29 0 0 316 0 0 784 0 0 512
is_linear=0
shrinkage=0.08


Tree=97
num_leaves=31
num_cat=16
split_feature=5 9 34 5 5 9 14 14 25 6 33 25 5 5 5 31 5 33 38 5 5 5 14 14 5 27 33 41 6 5
split_gain=16.3855 20.4016 13.7389 31.6078 13.2916 14.8571 16.8866 15.1772 13.1058 14.2916 18.1748 31.4356 24.1012 20.598 20.5606 19.1633 12.4964 12.4714 19.7611 16.3023 14.0157 12.5907 11.7282 11.2568 11.02 13.8375 13.3489 12.4629 10.955 10.7476
threshold=0 1 -6.8395080566406241 2 3 4 2.8782670497894292 0.53922307491302501 9.821540832519533 5 25.795968055725101 5.5125551223754892 6 7 8 74.392944335937514 9 12.412224292755129 1.2539262771606448 10 11 12 1.7275752425193789 4.8587317466735849 13 1005.8596191406251 21.001152038574222 27.481550216674808 14 15
decision_type=9 1 2 9 9 1 2 2 2 1 2 2 9 9 9 2 9 2 2 9 9 9 2 2 9 2 2 2 1 9
left_child=1 -1 3 17 5 7 22 -4 9 10 11 13 -13 -6 15 -12 -10 20 19 -19 -2 -20 -7 24 26 -26 -11 -28 -5 -30
right_child=2 -3 4 28 8 6 -8 -9 16 23 14 12 -14 -15 -16 -17 -18 18 21 -21 -22 -23 -24 -25 25 -27 27 -29 29 -31
leaf_value=0.047731872874398111 0.010652881097914317 0.0035543598119244279 -0.0042364092006138779 -0.016485187805523369 0.007741119886551644 0.0040519888253610506 0.020249759873774878 0.0080900746987616397 -4.1346959481529669e-05 -0.00042019541036950162 -0.013297908347845749 0.020238737086299637 0.0031907156478211364 -4.1603416679549813e-05 0.0037423581148837391 -9.1899018457226587e-05 0.0098068363886499553 -0.012041481371189704 0.014868304103449361 -0.03178398656688259 -0.0095973714883474774 -0.017768922773765895 -0.010196373466257284 -0.046341460246255614 0.0063503067226433531 -0.0020283659629251362 0.0071349891388566532 -0.00040954643516101898 0.012210041033583537 -0.00019419605972814224
leaf_weight=3348 2444 73017 2625 5273 10855 6280 3139 25547 2819 57105 2961 2741 2868 33749 5576 2352 3178 3849 2181 3520 3443 3285 9177 2076 3339 80849 10105 6335 9493 16981
leaf_count=3348 2444 73017 2625 5273 10855 6280 3139 25547 2819 57105 2961 2741 2868 33749 5576 2352 3178 3849 2181 3520 3443 3285 9177 2076 3339 80849 10105 6335 9493 16981
internal_value=0.000363228 0.00141729 0.000114818 -0.00109788 0.00033849 0.00156621 -0.000189085 0.00272418 8.53134e-05 -1.49375e-05 0.00102549 0.00166816 0.00730735 0.000957547 -0.00193596 -0.00548659 0.00377227 -0.00370291 -0.00510237 -0.00780323 -0.00065457 -0.00145362 -0.00127627 -0.000412816 -0.000335609 -0.000960479 0.0003798 0.00238784 0.000440079 0.00110365
internal_weight=400510 76365 324145 50469 273676 46768 18596 28172 226908 220911 61102 50213 5609 44604 10889 5313 5997 18722 12835 7369 5887 5466 15457 159809 157733 84188 73545 16440 31747 26474
internal_count=400510 76365 324145 50469 273676 46768 18596 28172 226908 220911 61102 50213 5609 44604 10889 5313 5997 18722 12835 7369 5887 5466 15457 159809 157733 84188 73545 16440 31747 26474
cat_boundaries=0 29 30 62 94 95 96 109 141 173 186 218 250 276 308 309 341
cat_threshold=0 0 0 0 0 0 65536 0 0 0 0 0 0 0 0 202375168 0 0 1056964608 0 0 4026531840 0 0 0 98 0 0 544 2 1 0 0 0 0 0 36096 0 0 2547712 0 0 41811968 0 0 316669952 0 0 0 0 0 0 1 0 0 4 0 0 1280 0 0 60416 0 0 0 0 0 0 0 0 0 393216 0 0 41680896 0 0 283115520 0 0 0 0 0 0 0 0 0 4 0 0 1280 0 0 18432 44 2 976 0 0 12800 0 0 13056 0 0 77824 0 0 8454144 8 0 0 12432 0 0 131840 0 0 3678208 0 0 196608 0 0 0 0 0 0 0 0 0 1 0 0 8 0 0 10240 0 0 111872 16 0 0 128 0 0 2816 0 0 61440 0 0 196608 0 0 16777216 0 0 0 0 0 0 0 0 0 256 0 0 2048 0 0 33792 809 0 0 4176 0 0 256 0 0 536576 0 0 25362432 0 0 0 0 0 0 33024 0 0 311296 0 0 1179648 0 0 310378496 0 0 0 0 0 0 0 0 0 0 0 0 1280 0 0 41984 0 0 0 0 0 0 0 0 0 163840 0 0 39976960 0 0 35651584 0 0 0 0 0 0 1 0 0 0 0 0 1024 0 0 16384 0 0 0 0 0 0 0 0 0 131072 0 0 7995392 0 0 6291456 0 0 0 0 0 0 1 0 0 4 31 0 0 64 0 0 166912 0 0 647168 0 0 25362432 0 0 570425344 0 0 1073741824 0 0 0 46 0 0 145 0 0 4160 0 0 512 2 0 0 0 1808 0 0 28672 0 0 0 0 0 0 0 0 0 0 0 2147483648 1 0 0 10 0 0 896 0 0 2064 0 0 256
is_linear=0
shrinkage=0.08


Tree=98
num_leaves=31
num_cat=0
split_feature=23 7 38 37 22 38 7 31 0 31 10 37 18 38 34 44 38 34 16 34 16 31 22 34 37 29 28 31 18 37
split_gain=19.9988 12.3328 35.6025 29.7718 24.004 18.1314 27.4668 17.5221 15.4979 15.3137 14.2007 14.1401 12.852 18.2183 12.0512 13.6367 11.6724 10.9904 18.8168 10.8779 10.6235 10.6161 10.3118 10.061 10.1881 16.3061 9.96762 9.93834 11.9731 9.92465
threshold=35.078453063964851 2.5000000000000004 -0.090309143066406236 -0.72536849975585926 3.0112266540527348 0.49507999420166021 1.5000000000000002 79.011917114257827 25.750000000000004 85.802875518798842 3.5044693946838383 0.52607345581054699 2.110896229743958 -1.0647926330566404 0.61172485351562511 26.259904861450199 3.7840986251831059 0.87561035156250011 1.5240895152091982 -5.9209289550781241 3.9860358238220219 74.392944335937514 0.038623809814453132 -8.0471191406249982 0.55859375000000011 0.023605346679687503 1006.5021972656251 72.063686370849624 2.2231792211532597 -1.7155780792236326
decision_type=2 2 2 2 2 2 2 2 2 2 2 2 2 2 2 2 2 2 10 2 8 2 2 2 2 2 2 2 2 2
left_child=1 3 12 8 5 11 27 -6 9 29 16 -5 13 -3 -15 -16 23 -14 -19 -13 -10 22 -8 -4 -25 -26 -21 28 -7 -1
right_child=-2 2 10 4 7 6 21 -9 20 -11 -12 19 17 14 15 -17 -18 18 -20 26 -22 -23 -24 24 25 -27 -28 -29 -30 -31
leaf_value=-0.030966236904070001 0.045497644349040911 0.014479667047936431 0.0049880817373005471 0.00015074503705648113 -0.015960212398780982 0.0038863120009029117 0.0032168163402278437 -0.00010095020559873547 0.0017365879458412792 0.00030505472083831365 -0.049825117313216566 -0.0062582631305691198 -0.022158087567498531 0.0026583480413407304 0.0032286587714158801 -0.0088622319662344049 -0.039295615440800589 -0.020149173630786023 0.0094759837963587761 0.017244645002187725 -0.041768656852448204 0.005142485618738135 -0.013651263720790752 -0.0017677902502575905 0.015050858197021597 -0.0127748175047563 0.0071534734524480829 0.0095262838693404468 0.020412618301941451 -0.007890046702730729
leaf_weight=2189 3056 14839 9129 70914 5337 12902 14742 45809 25121 6299 2118 3983 5568 22793 3062 3218 2361 2202 8018 2936 2073 13708 6832 42974 2048 13161 19436 16270 6569 10321
leaf_count=2189 3056 14839 9129 70914 5337 12902 14742 45809 25121 6299 2118 3983 5568 22793 3062 3218 2361 2202 8018 2936 2073 13708 6832 42974 2048 13161 19436 16270 6569 10321
internal_value=0.000295601 0.00024588 -0.000387678 0.000559727 0.00094765 0.0014089 0.00238058 -0.000570021 -0.0012905 -0.00305542 -0.001588 0.000699226 0.00105577 0.00175948 0.000594849 -0.00250556 -0.00139116 -0.00090138 0.000656891 0.00228105 -6.91075e-05 0.000796781 -0.000309489 -0.00119664 -0.00158404 -0.0033629 0.00296667 0.00394339 0.00272163 -0.00467412
internal_weight=399988 396932 131491 265441 219438 168292 71023 51146 46003 18809 71791 97269 59700 43912 29073 6280 69673 15788 10220 26355 27194 35282 21574 67312 58183 15209 22372 35741 19471 12510
internal_count=399988 396932 131491 265441 219438 168292 71023 51146 46003 18809 71791 97269 59700 43912 29073 6280 69673 15788 10220 26355 27194 35282 21574 67312 58183 15209 22372 35741 19471 12510
is_linear=0
shrinkage=0.08


Tree=99
num_leaves=31
num_cat=0
split_feature=45 3 25 28 18 0 16 45 30 19 7 38 37 37 33 45 26 3 22 18 33 38 28 27 38 37 45 3 32 38
split_gain=25.0084 27.1771 11.3143 11.9543 15.0845 18.1608 12.6437 11.3429 11.0054 16.2267 9.9407 28.8751 20.1689 15.811 14.8189 12.4116 13.7635 13.7423 10.5632 10.4804 14.0918 14.8763 12.1853 16.3056 10.4746 9.94015 8.74064 8.71308 10.525 14.3349
threshold=30.533614158630375 290.15364074707037 11.140342235565187 1001.7971801757814 1.1511881351470949 25.250000000000004 1.3450266122817995 -18.357194900512692 786.31250000000011 0.98270919919013988 2.5000000000000004 -0.27586650848388666 -0.33339691162109369 0.77933883666992199 21.695424079895023 29.386546134948734 3.2206459045410161 10.082123279571535 1.0000000180025095e-35 1.9753450751304629 19.175999641418461 -4.3250584602355948 1016.7109375000001 1014.956756591797 -0.91317677497863758 0.70166397094726574 26.324141502380375 4424.5563964843759 320.85038757324224 -0.20379352569580075
decision_type=2 2 2 2 2 2 10 2 2 2 2 2 2 2 2 2 2 2 2 2 2 2 2 2 2 2 2 2 2 2
left_child=2 8 3 4 5 -1 -6 -5 -2 -10 12 19 27 -13 -15 16 18 -17 25 24 21 -21 23 -23 -12 -14 -20 28 29 -9
right_child=1 -3 -4 7 6 -7 -8 10 9 -11 11 13 15 14 -16 17 -18 -19 26 20 -22 22 -24 -25 -26 -27 -28 -29 -30 -31
leaf_value=-0.0019671913102066443 0.030978882388604634 -0.0050715861588369647 0.0051407617793719851 -0.045525032701684724 -0.027233947098541194 0.021057976693472823 -0.0096416180354009385 -0.0029755041782743063 0.030985724308455857 -0.0026491128917999164 0.012342487761706948 -0.0014959138012297047 0.0041795961407659196 -0.019816128309797777 -0.001342311274537149 0.015125983731293431 0.0004678005247072292 0.0039086556152078348 0.00031524026183017641 0.014348087709435121 0.019692734787422631 -0.001941278239613169 0.00057927651999811758 -0.030193329612325358 0.001350808511221544 0.019599371414095543 0.0062979669010712769 0.00496081384159961 -0.0034718835199731759 0.013994466728743191
leaf_weight=10478 9110 6379 3193 3179 2629 2753 11126 9358 2202 4545 13202 56254 17098 8100 4458 2438 94219 4123 24416 2406 4217 2246 3565 3166 16353 9819 11568 14182 38814 4441
leaf_count=10478 9110 6379 3193 3179 2629 2753 11126 9358 2202 4545 13202 56254 17098 8100 4458 2438 94219 4123 24416 2406 4217 2246 3565 3166 16353 9819 11568 14182 38814 4441
internal_value=0.000320612 0.00292727 0.000167121 0.000126636 -0.00149504 0.000433502 -0.00334907 0.000252566 0.00470032 0.00224656 0.000296528 -0.000314625 0.000598735 -0.00134608 -0.00391152 0.00107678 0.000934258 0.00448334 0.00185055 0.00125717 -0.000420243 -0.00188361 -0.00338044 -0.00576909 0.0021424 0.00304898 0.000953492 -0.000572712 -0.00104707 0.00085017
internal_weight=400037 22236 377801 374608 26986 13231 13755 347622 15857 6747 344443 113967 230476 68812 12558 163681 157120 6561 62901 45155 15600 11383 8977 5412 29555 26917 35984 66795 52613 13799
internal_count=400037 22236 377801 374608 26986 13231 13755 347622 15857 6747 344443 113967 230476 68812 12558 163681 157120 6561 62901 45155 15600 11383 8977 5412 29555 26917 35984 66795 52613 13799
is_linear=0
shrinkage=0.08


Tree=100
num_leaves=31
num_cat=10
split_feature=24 34 5 40 16 14 13 14 10 5 40 43 5 30 16 5 5 41 5 25 41 5 43 5 5 14 26 29 6 27
split_gain=17.8664 10.2853 10.2348 16.4742 15.0802 10.5407 14.1665 14.0896 9.87687 24.8617 17.1761 13.8566 12.167 11.7486 9.84231 9.81586 8.94195 8.85359 22.886 9.9217 9.21124 20.0682 14.8231 34.8618 11.9924 12.1061 16.6742 13.7981 12.237 23.0844
threshold=40.766632080078132 -16.401916503906246 0 0.44346714019775396 4.4963481426239023 1.8705018162727358 2.4148181676864628 3.3486959934234624 1.6591954827308657 1 3.2428474426269536 26.665157318115238 2 1342.9375000000002 1.0393905043601992 3 4 28.764472007751468 5 2.2968491315841679 27.587244987487797 6 27.663818359375004 7 8 2.0018343925476079 6.8592095375061044 0.31990432739257818 9 1014.234832763672
decision_type=2 2 9 2 8 2 2 2 2 9 2 2 9 2 10 9 9 2 9 2 2 9 2 9 9 2 2 2 1 2
left_child=1 -1 3 16 5 -5 7 -7 12 10 11 -10 14 15 -4 -11 -3 20 -19 -20 22 -22 24 -24 25 26 28 -27 29 -14
right_child=-2 2 8 4 -6 6 -8 -9 9 13 -12 -13 17 -15 -16 -17 -18 18 19 -21 21 -23 23 -25 -26 27 -28 -29 -30 -31
leaf_value=-0.026187523286108461 0.039860909146298695 -0.0068092251851501829 -0.006830766428163315 0.0055285033924820934 -0.020670575659291188 -0.0018148502330078743 0.028795485682431378 0.018960428369991719 -0.015362389847497835 0.01749060038147018 -0.001317787417338252 -0.038376598826775993 0.0066478382559621713 -0.028178432325427424 0.01077412661971227 -0.0005911770114229853 -6.6051119677581479e-05 0.0070793741182480835 -0.0099404087687653946 0.0030916726982863451 0.000957614265967095 -0.0031155573885817489 0.019193620700360441 0.00020823911685923237 -0.0014148286850598879 0.028256555029044873 0.0037918928190613598 0.0015592190180284326 -0.0036048083907046901 -0.010979736907306119
leaf_weight=3073 3164 4205 2877 42089 2145 32704 5549 4989 3679 2082 4039 2419 10983 2393 18004 59450 5713 6490 4580 9237 28945 30545 4000 8848 55099 3698 11035 3630 20084 4595
leaf_count=3073 3164 4205 2877 42089 2145 32704 5549 4989 3679 2082 4039 2419 10983 2393 18004 59450 5713 6490 4580 9237 28945 30545 4000 8848 55099 3698 11035 3630 20084 4595
internal_value=0.000297687 0.000249906 0.000285906 0.000997393 0.00134787 0.00151463 0.000637196 8.11607e-05 5.23031e-05 -0.000747921 -0.00442453 -0.00710544 0.000318513 -0.000163578 0.00215588 5.06971e-05 -0.00209106 0.000128154 0.00171187 -0.000131531 -4.91536e-05 -0.00086521 0.000348904 0.00291803 4.61818e-05 0.00089296 0.000418353 0.00391387 -0.000422741 0.00125914
internal_weight=400343 397179 394106 97394 87476 85331 43242 37693 296712 74062 10137 6098 222650 63925 20881 61532 9918 201769 20307 13817 181462 59490 121972 12848 109124 54025 46697 7328 35662 15578
internal_count=400343 397179 394106 97394 87476 85331 43242 37693 296712 74062 10137 6098 222650 63925 20881 61532 9918 201769 20307 13817 181462 59490 121972 12848 109124 54025 46697 7328 35662 15578
cat_boundaries=0 29 61 93 125 151 167 190 209 241 242
cat_threshold=0 0 0 16 0 0 4608 0 0 393216 0 0 3145728 0 0 470810624 0 0 486539264 0 0 4026531840 0 0 0 70 0 0 5152 16 0 0 192 0 0 2048 0 0 536576 0 0 8454144 0 0 8388608 0 0 1610612736 0 0 0 2 0 0 0 0 0 0 0 0 14592 0 0 0 0 0 0 0 0 0 0 0 0 0 0 0 48234496 0 0 1610612736 0 0 0 2 0 0 896 0 0 256 0 0 14592 8 0 0 0 0 0 131072 0 0 3145728 0 0 0 0 0 0 0 0 0 3 0 0 0 0 0 0 0 0 0 0 0 65536 0 0 0 16 0 0 0 0 0 262144 0 0 2097152 0 0 469762048 0 0 0 0 0 2147483648 0 0 0 4 122 0 0 3840 0 0 114944 0 0 1052672 0 0 33554432 0 0 536870912 900 0 0 12864 0 0 196864 0 0 1638400 0 0 29360128 0 0 553648128 0 0 2181038080 0 0 0 1 62 0 0 896 0 0 24576 0 0 2629632 0 0 8585216 0 0 0 0 0 33554432 195 0 0 11424 0 0 35840 0 0 61440 0 0 983040 0 0 0 0 0 2147483648 0 0 0 29 0 0 41 0 0 16 0 0 17920 10
is_linear=0
shrinkage=0.08


Tree=101
num_leaves=31
num_cat=13
split_feature=45 45 5 44 5 41 41 5 36 5 5 5 33 16 5 27 5 45 41 26 5 5 5 18 26 5 36 11 33 5
split_gain=23.084 11.7923 17.6891 11.589 17.3661 11.2458 8.83022 9.11383 8.33514 54.6614 17.3979 13.9959 9.69071 11.4967 9.43827 9.21653 27.4922 8.53396 19.1643 20.612 17.936 14.9066 11.3102 11.7773 10.6085 9.75533 7.93313 7.70712 7.38109 8.81519
threshold=34.510505676269538 29.737526893615726 0 29.854415893554691 1 32.419576644897468 28.93946743011475 2 96.931457519531264 3 4 5 25.098048210144047 3.468857049942017 6 1004.4049072265626 7 28.414020538330082 27.341011047363285 5.91512155532837 8 9 10 0.665491282939911 3.4430700540542607 11 15.651226043701174 0.30093002319335943 15.085631847381594 12
decision_type=2 2 9 2 9 2 2 9 2 9 9 9 2 10 9 2 9 2 2 2 9 9 9 2 2 9 2 2 2 9
left_child=1 3 -3 8 -5 6 -4 -8 11 -10 -11 12 13 17 -14 16 -13 18 19 21 -19 24 -20 27 -1 -21 -22 -24 29 -18
right_child=-2 2 5 4 -6 -7 7 -9 9 10 -12 15 14 -15 -16 -17 28 20 22 25 26 -23 23 -25 -26 -27 -28 -29 -30 -31
leaf_value=-0.0042305302245033974 0.042591530798794394 0.023547787446570965 0.021097021543961886 0.0017495749716491104 -0.028512976613625229 -0.020989124033139534 -0.0062960494558763 0.0078417896167434272 0.011850753561780607 -0.01019747678544519 0.0001070109702419586 0.0062593689255866286 0.013093156465952518 -0.042725539139007507 -0.0032695034518106071 0.00098105558550599893 0.0037714022605715059 0.0043735381625229055 0.0019979409364843546 0.0089866217517020879 0.00060220964973701997 -0.0012833945096353716 0.00014497535545132223 -0.015971664538694627 -0.011199836297616983 -6.1016974265157841e-05 -0.013182333056783194 -0.0063383710596281876 -0.015146103866659183 -0.013403388424507128
leaf_weight=3768 3144 5858 2016 2609 2072 2842 5451 12433 11130 3945 16350 4920 4165 2901 3764 229137 2095 6952 3287 5042 2772 30828 3322 2860 3006 3676 2235 10418 3827 3116
leaf_count=3768 3144 5858 2016 2609 2072 2842 5451 12433 11130 3945 16350 4920 4165 2901 3764 229137 2095 6952 3287 5042 2772 30828 3322 2860 3006 3676 2235 10418 3827 3116
internal_value=0.000259682 0.00020549 0.00177001 8.39202e-05 -0.00386698 0.000757403 0.00143044 0.000862859 0.000134901 0.00137999 -0.0010918 1.7043e-05 -0.000841197 -0.00110241 0.00182643 0.000331284 -0.0016638 -0.00091844 -0.00127369 -0.00038161 0.00104771 -0.0011943 -0.00335025 -0.00419735 -0.0045864 0.00312099 -0.00259797 -0.00322327 -0.00427909 -0.00231756
internal_weight=399941 396797 28600 368197 4681 22742 19900 17884 363516 31425 20295 332091 88996 81067 7929 243095 13958 78166 66207 46320 11959 37602 19887 16600 6774 8718 5007 13740 9038 5211
internal_count=399941 396797 28600 368197 4681 22742 19900 17884 363516 31425 20295 332091 88996 81067 7929 243095 13958 78166 66207 46320 11959 37602 19887 16600 6774 8718 5007 13740 9038 5211
cat_boundaries=0 22 54 83 109 135 167 199 228 247 279 295 324 350
cat_threshold=8 0 0 96 0 0 12288 0 0 2564096 0 0 16777216 0 0 603979776 0 0 3221225472 1 0 805306368 0 0 0 320 0 0 12288 0 0 8192 0 0 40632320 0 0 769654784 0 0 3036676096 1 0 1073741824 0 0 0 0 0 0 0 0 0 4352 0 0 0 0 0 0 0 0 0 16384 0 0 35848192 0 0 199229440 0 0 536870912 0 0 0 1 0 0 5 0 0 32 228 0 0 10112 0 0 61440 0 0 446464 0 0 2097152 0 0 123731968 0 0 1006632960 0 0 2147483648 5 0 0 8 256 0 0 64 0 0 3584 0 0 0 0 0 9437184 0 0 0 0 0 0 0 0 0 40 0 0 36 108 0 0 1312 0 0 61440 0 0 2441216 0 0 33554432 0 0 16777216 0 0 2147483648 2 0 0 3 0 0 3 0 0 8336 0 0 16128 44 0 0 0 0 0 0 0 0 0 0 0 0 0 0 16777216 0 0 0 0 0 0 0 0 0 2 0 0 144 0 0 4864 0 0 0 640 0 0 2048 0 0 4096 0 0 65536 0 0 671088640 0 0 1946157056 1 0 3758096384 60 0 0 708 0 0 64 96 0 0 1280 0 0 57344 0 0 2097152 0 0 33554432 0 0 0 0 0 2147483648 4 0 0 1056 0 0 61440 0 0 0 0 0 0 0 0 0 0 0 0 0 0 0 0 0 0 0 0 0 16 0 0 8960 0 0 0 0 0 0 0 0 0 344064 0 0 33554432 0 0 16777216 100 0 0 1024 0 0 61440 0 0 65536 0 0 0 0 0 0 0 0 0 0 0 0 0 0 0 1 0 0 8192 0 0 0 0 0 0 0 0 0 131072 0 0 30408704 0 0 69206016 0 0 167772160 0 0 0 0 0 0 264
is_linear=0
shrinkage=0.08


Tree=102
num_leaves=31
num_cat=19
split_feature=42 31 5 22 5 5 6 5 5 7 38 5 5 5 21 38 5 6 5 6 14 5 31 5 5 30 29 6 5 5
split_gain=14.3161 8.58507 27.9424 15.4996 50.657 21.3417 15.7802 15.2399 14.4825 13.6533 23.7927 14.1008 12.6468 12.4837 11.3463 11.1382 19.3898 15.6521 14.687 22.0268 16.9966 19.2487 15.7232 13.5131 12.2295 11.7373 11.0605 10.5874 10.3785 10.1146
threshold=35.078453063964851 86.996994018554702 0 2.9511451721191411 1 2 3 4 5 1.5000000000000002 0.3321759700775147 6 7 8 0.54683181643486034 1.7922267913818362 9 10 11 12 0.52775564789772045 13 81.828235626220717 14 15 18.312500000000004 0.97729873657226574 16 17 18
decision_type=2 2 9 2 9 9 1 9 9 2 2 9 9 9 2 2 9 1 9 1 2 9 2 9 9 2 2 1 9 9
left_child=1 3 -3 5 -5 6 7 -1 14 10 11 -7 -4 -12 -6 18 27 -18 19 20 24 25 23 -21 -11 -22 29 -17 -28 -14
right_child=-2 2 12 4 8 9 -8 -9 -10 15 13 -13 26 -15 -16 16 17 -19 -20 22 21 -23 -24 -25 -26 -27 28 -29 -30 -31
leaf_value=0.011475023495509619 0.034899447120243114 0.011209291399834313 -0.0061452155131929941 -0.012457150242232587 -0.00028748126405645283 0.0025660457347770915 0.0019916281740770358 0.0043189304444382513 -0.0020883068079329803 0.00088767378989331293 0.008425153007895432 -0.0024733269957589242 0.015410440722390605 0.0031358189548927841 0.0083268396924125378 0.012587964690770833 -0.013069411862762817 -0.039231087976629803 0.00081601832423267245 -0.0043956082633795288 0.024460641328892904 -0.0015769479994673929 0.0007110320377791624 -0.010772041990911276 -0.0090944148582676118 0.0037794123580661677 -0.0094486053942638652 -0.015098335130567193 0.0026335980240278899 0.0029627080876745283
leaf_weight=9041 3114 7674 9291 14467 10420 13942 70296 14213 32383 2157 9111 21846 4216 20005 11826 4337 5920 2835 69430 5191 2115 9966 5340 10059 2816 4309 4511 3641 7818 7479
leaf_count=9041 3114 7674 9291 14467 10420 13942 70296 14213 32383 2157 9111 21846 4216 20005 11826 4337 5920 2835 69430 5191 2115 9966 5340 10059 2816 4309 4511 3641 7818 7479
internal_value=0.000252189 0.000209698 0.00130589 8.33343e-05 -0.000992099 0.000342662 0.00133419 0.00313998 0.000123333 -0.000138002 0.000807222 -0.000574334 0.000301785 0.00250498 0.00169406 -0.000616893 -0.00254076 -0.00513504 -0.000327669 -0.00150907 0.000290885 0.00153415 -0.00337506 -0.00468414 -0.00380092 0.00494103 0.001271 0.000315079 -0.000400357 0.00303289
internal_weight=399769 396655 40989 355666 69096 286570 93550 23254 54629 193020 64904 35788 33315 29116 22246 128116 16733 8755 111383 41953 21363 16390 20590 15250 4973 6424 24024 7978 12329 11695
internal_count=399769 396655 40989 355666 69096 286570 93550 23254 54629 193020 64904 35788 33315 29116 22246 128116 16733 8755 111383 41953 21363 16390 20590 15250 4973 6424 24024 7978 12329 11695
cat_boundaries=0 32 64 93 94 120 152 184 216 248 280 281 313 314 346 378 391 392 421 447
cat_threshold=770 0 0 13232 0 0 27392 0 0 970752 0 0 524288 0 0 52428800 0 0 0 0 0 805306368 0 0 0 0 0 0 14848 0 0 512 16 0 0 0 0 0 7680 0 0 126976 0 0 1769472 0 0 460324864 0 0 134217728 0 0 268435456 8 0 0 515 0 0 528 0 0 26624 520 0 0 0 0 0 7168 0 0 24576 0 0 1703936 0 0 206569472 0 0 4278190080 0 0 805306368 40 0 0 582 0 0 1536 4 8 0 0 0 0 0 0 0 0 8192 0 0 131072 0 0 139460608 0 0 2701131776 0 0 805306368 0 0 0 2 102 0 0 7680 0 0 65536 0 0 262144 0 0 65011712 0 0 0 0 0 2684354560 0 0 3758096384 5 0 0 56 0 0 4096 0 0 98816 448 0 0 4816 0 0 8192 0 0 196608 0 0 14680064 0 0 16777216 0 0 0 0 0 0 16 0 0 432 0 0 14640 0 0 125184 40 0 0 0 0 0 0 0 0 0 0 0 46137344 0 0 138412032 0 0 4143972352 0 0 0 2 0 0 719 0 0 1296 0 0 9472 64 0 0 1536 0 0 57600 0 0 2560000 0 0 37814272 0 0 838860800 0 0 0 2 0 0 2 0 0 1 0 0 8224 0 0 69632 0 0 0 128 0 0 0 0 0 2293760 0 0 6553600 0 0 857735168 0 0 0 1 0 0 22 0 0 265 0 0 8256 0 0 34048 6 196 0 0 16016 0 0 90112 0 0 327680 0 0 31719424 0 0 318767104 0 0 0 0 0 0 2 0 0 1 0 0 8192 0 0 127488 3 196 0 0 3584 0 0 8192 0 0 262144 0 0 12582912 0 0 50331648 0 0 0 0 0 0 0 0 0 0 0 0 0 0 0 32768 0 0 0 8320 0 0 65536 0 0 0 0 0 17039360 0 0 268435456 0 0 0 0 0 0 0 0 0 1 0 0 0 0 0 127488 132 0 0 4112 0 0 65536 0 0 65536 0 0 2097152 12 1 0 0 64 0 0 0 0 0 0 0 0 0 0 0 880803840 0 0 0 3 0 3221225472 9 0 0 48 0 0 128 1 0 0 3136 0 0 99328 0 0 0 0 0 3407872 0 0 880803840 0 0 134217728 2 0 1073741824 0 0 0 48
is_linear=0
shrinkage=0.08


Tree=103
num_leaves=31
num_cat=13
split_feature=24 10 39 5 5 14 5 5 5 14 5 5 29 30 5 41 5 24 26 29 5 19 42 43 28 5 5 28 5 36
split_gain=13.9659 9.86761 32.9435 32.124 18.0756 16.1769 29.761 18.2683 16.3942 22.8574 31.8612 25.1746 22.6351 18.2312 16.2124 20.8754 15.5056 14.294 14.0865 14.8995 13.5512 13.3926 12.9104 17.372 12.4561 20.6489 18.46 12.2024 16.5514 14.5448
threshold=40.766632080078132 2.8357511758804326 1.2709332108497622 0 1 2.966187715530396 2 3 4 1.8705018162727358 5 6 0.93406295776367199 796.68750000000011 7 27.384542465209964 8 30.227813720703129 8.1646938323974627 0.97583389282226574 9 0.90588241815567028 -8.3846893310546857 -2.2605006694793697 1008.7915649414064 10 11 1002.6515502929689 12 0.030040740966796878
decision_type=2 2 2 9 9 2 9 9 9 2 9 9 2 2 9 2 9 2 2 2 9 2 2 2 2 9 9 2 9 2
left_child=1 5 3 -3 -4 8 -7 -8 -1 11 -11 12 27 16 15 20 -13 -14 19 24 -15 -12 -9 -24 25 -16 -26 28 -10 -29
right_child=-2 2 4 -5 -6 6 7 22 9 10 21 13 17 14 18 -17 -18 -19 -20 -21 -22 -23 23 -25 26 -27 -28 29 -30 -31
leaf_value=0.0084191359065756907 0.032317590998089403 0.006961132719860803 -0.010936752374232271 -0.032964931177021699 0.0085657273311187509 0.046217257977256551 -0.013953413065252463 0.032293647845832399 0.015492861650844958 -0.013264363663451491 0.013109381357233971 -0.0034788181420334751 0.0030933192076288661 0.004805709466383235 -0.0068035947041872194 0.001493022646490303 -7.5646591979037229e-05 -0.015066745988892762 0.0031958623553272505 -0.0090753737802340591 0.014277957686313273 -0.0015922540112509864 -0.017172147677370297 0.016348209008600421 0.0098119411929856425 0.00075186672225470376 -0.0030149737401036704 0.0044009225170380259 -0.013206499831627241 0.015503200950253131
leaf_weight=21388 3086 4231 9145 8431 17069 3074 5467 5781 2371 24452 4020 33728 7410 5463 5944 32802 92388 3671 11768 5079 4108 31145 4148 8158 4327 11798 3634 9280 2391 14790
leaf_count=21388 3086 4231 9145 8431 17069 3074 5467 5781 2371 24452 4020 33728 7410 5463 5944 32802 92388 3671 11768 5079 4108 31145 4148 8158 4327 11798 3634 9280 2391 14790
internal_value=0.000242013 0.000200317 -0.00101013 -0.00435922 0.000608603 0.000331572 0.0022284 0.00125732 0.000179355 3.17461e-05 -0.00137622 0.000366271 0.0022082 1.77202e-05 0.000923787 0.002031 -0.000592423 -0.000863763 -0.000179469 -0.0010795 0.00531677 0.000166548 0.00248191 0.00101656 -0.000296348 -0.00147589 0.00233095 0.0033895 -0.000310142 0.00412126
internal_weight=400547 397461 38876 12662 26214 358585 26628 23554 331957 310569 59617 250952 39913 211039 84923 42373 126116 11081 42550 30782 9571 35165 18087 12306 25703 17742 7961 28832 4762 24070
internal_count=400547 397461 38876 12662 26214 358585 26628 23554 331957 310569 59617 250952 39913 211039 84923 42373 126116 11081 42550 30782 9571 35165 18087 12306 25703 17742 7961 28832 4762 24070
cat_boundaries=0 32 64 90 122 154 186 218 247 279 308 331 357 379
cat_threshold=0 0 0 128 0 0 3072 0 0 2138112 0 0 41811968 0 0 805306368 0 0 2415919104 3 0 0 2 0 0 792 0 0 3456 0 0 98304 0 0 0 0 0 0 0 0 0 196608 0 0 6750208 0 0 6291456 0 0 67108864 0 0 536870912 23 0 0 896 0 0 7168 0 0 30464 0 0 0 0 0 0 0 0 0 229376 0 0 7995392 0 0 203423744 0 0 1610612736 0 0 2147483648 54 0 0 32 0 0 0 0 0 0 0 0 0 0 0 0 262144 0 0 8388608 0 0 33554432 0 0 1342177280 0 0 0 12 0 0 144 0 0 31744 0 0 0 0 0 0 0 0 0 0 0 0 0 0 0 0 0 0 117440512 0 0 1879048192 0 0 0 522 0 0 0 0 0 256 0 0 0 0 0 0 4096 0 0 2105344 0 0 58654720 0 0 871366656 0 0 402653184 2 0 2147483648 2 0 0 16 0 0 10368 0 0 6144 0 0 0 0 0 0 0 0 0 0 0 0 3538944 0 0 804257792 0 0 939524096 0 0 2147483648 0 0 0 0 0 0 3776 0 0 13312 107 0 0 928 0 0 3840 0 0 3092480 0 0 46137344 0 0 268435456 0 0 0 2 0 0 2 0 0 80 0 0 48 106 0 0 928 0 0 2560 0 0 2293760 0 0 8388608 0 0 268435456 0 0 0 0 0 0 0 0 0 48 0 0 12336 0 0 98816 8 0 0 128 0 0 3072 0 0 200704 0 0 37748736 0 0 268435456 0 0 0 2 0 0 2 0 0 64 0 0 48 896 0 0 13328 0 0 8192 0 0 32768 0 0 65536 0 0 0 0 0 0 0 0 0 48 768 0 0 15424 0 0 155648 0 0 32768 0 0 17367040 0 0 0 0 0 1073741824 1 0 0 0 0 0 1 0 0 0 0 0 0 0 0 0 0 0 0 1048576 0 0 50331648 0 0 939524096 0 0 2147483648
is_linear=0
shrinkage=0.08


Tree=104
num_leaves=31
num_cat=1
split_feature=24 25 29 30 31 27 14 16 33 27 25 26 34 36 33 14 25 33 20 17 30 8 44 29 27 30 3 33 11 34
split_gain=15.6384 9.20202 10.8415 17.3152 15.8561 20.9565 19.9496 27.0438 19.1022 27.1758 17.9335 17.335 16.9036 22.6637 15.3374 15.1847 15.1187 16.0221 15.7649 14.127 13.9927 13.4784 17.0174 13.3847 16.2453 14.3735 15.2135 13.099 12.9377 12.5191
threshold=40.766632080078132 10.689398765563967 0.82557296752929699 122.18750000000001 80.949840545654311 1015.6409606933595 3.1313626766204838 5.2229049205780038 16.12780857086182 1011.4142456054689 8.5215172767639178 3.3195387125015263 3.1797790527343754 0.012874603271484377 16.233792304992679 2.125612854957581 5.6829533576965341 9.1937279701232928 0.49498356878757482 2.3381295204162602 122.18750000000001 0 25.652617454528812 0.35825729370117193 1010.6616516113282 1104.9375000000002 239.99234771728518 18.853823661804203 0.28226362168788915 -6.3615417480468741
decision_type=2 2 2 2 2 2 2 8 2 2 2 2 2 2 2 2 2 2 2 10 2 1 2 2 2 2 2 2 2 2
left_child=1 2 4 15 6 10 8 -8 9 -1 14 23 13 20 -6 -4 17 -5 -18 -11 -13 22 -14 24 25 26 -10 -7 -22 -16
right_child=-2 -3 3 16 5 27 7 -9 11 19 -12 12 21 -15 29 -17 18 -19 -20 -21 28 -23 -24 -25 -26 -27 -28 -29 -30 -31
leaf_value=0.0084349120155368957 0.031776931732442504 0.0035412538793154623 0.0075344998828302768 0.0018683883927639044 0.014403587932910186 -0.01947402791199835 0.015791112723074718 -0.026883953748752989 0.022034648639932968 -0.0073924968126800649 -0.0031266135053631674 -0.0098691453355486663 0.026696656994408912 -0.00019380660146325112 -0.010665316921742374 -0.0049049600446390154 -0.00078936681634196766 -0.0050564647445689561 0.0053833730877340712 -0.047194031708095462 0.005286570518231528 -0.002860515468578342 -0.00080083290476466121 -0.0020909734507956303 0.0024736457872380413 -0.0016118741448598684 0.0087017433503567086 0.012366734059994826 -0.0039735562120490897 0.0033502842923500255
leaf_weight=5190 3087 4748 14383 13670 12254 3755 28205 3220 5714 17856 2902 13383 3558 64559 2689 11258 21986 49827 9524 2612 2316 2446 2151 22602 35778 3558 6266 2201 5599 22634
leaf_count=5190 3087 4748 14383 13670 12254 3755 28205 3220 5714 17856 2902 13383 3558 64559 2689 11258 21986 49827 9524 2612 2316 2446 2151 22602 35778 3558 6266 2201 5599 22634
internal_value=0.000246186 0.000201989 0.000159549 -0.000471415 0.000439994 0.00178577 0.000162206 0.00203149 -0.000141324 -0.00217391 0.0024377 0.000169346 -0.00055136 -0.000882062 0.00290579 0.00137305 -0.0009693 -0.00168013 0.000463198 -0.00348472 -0.00314436 0.00292713 0.00505333 0.00108592 0.00180026 0.00395935 0.0052844 -0.00264164 -0.000476972 0.00178029
internal_weight=399931 396844 392096 120648 271448 46435 225013 31425 193588 25658 40479 167930 94012 85857 37577 25641 95007 63497 31510 20468 21298 8155 5709 73918 51316 15538 11980 5956 7915 25323
internal_count=399931 396844 392096 120648 271448 46435 225013 31425 193588 25658 40479 167930 94012 85857 37577 25641 95007 63497 31510 20468 21298 8155 5709 73918 51316 15538 11980 5956 7915 25323
cat_boundaries=0 1
cat_threshold=2
is_linear=0
shrinkage=0.08


Tree=105
num_leaves=31
num_cat=2
split_feature=45 37 25 29 11 12 45 25 39 30 27 14 18 40 40 1 23 6 27 28 27 45 12 39 6 1 14 45 28 1
split_gain=17.1841 12.9893 11.1709 9.76215 13.1375 11.7736 9.13568 8.42156 10.1907 9.63581 20.6584 17.6729 15.0572 22.2519 20.406 14.0352 11.622 14.4504 26.5451 18.8364 12.7795 50.6249 12.4884 29.6726 17.5704 15.6198 11.9791 11.6605 11.5531 11.2494
threshold=30.533614158630375 -1.4697494506835935 4.645963430404664 0.037746429443359382 1.3467042446136477 2.1794379949569707 -18.357194900512692 10.347094535827638 0.26447218656539923 23.812500000000004 1010.1075744628907 3.3092482089996342 2.5507564544677739 3.5486929416656499 3.8666477203369145 80.750000000000014 27.535293579101566 0 1014.0491333007814 1017.8462524414064 1014.234832763672 19.952752113342289 1.0188549757003786 1.0011604428291323 1 73.750000000000014 1.9710244536399844 -10.458421707153319 1014.7871704101564 91.750000000000014
decision_type=2 2 2 2 2 2 2 2 2 2 2 2 2 2 2 2 2 1 2 2 2 2 2 2 1 2 2 2 2 2
left_child=6 -2 3 -3 -5 -6 -1 9 -9 10 -8 16 14 -14 15 -13 17 18 -12 26 22 -22 25 24 -24 -19 -20 -21 -28 -27
right_child=1 2 -4 4 5 -7 7 8 -10 -11 11 12 13 -15 -16 -17 -18 20 19 27 21 -23 23 -25 -26 29 28 -29 -30 -31
leaf_value=-0.041376726123839802 -0.023243772517468814 0.024668367525146381 0.026608745842845068 0.013924862669560127 -0.027920396577697487 0.010099150533807801 0.010878735078431703 0.00059828907753875168 0.0078844682925235075 -0.00034687110279513434 0.0064591818172962693 -0.027929623948172111 0.055992729718775433 0.0070237581152871086 0.031401044368795608 0.0070546547516634204 -0.00809228327318408 -0.0053251529031658152 -0.01125309569993874 -0.018235181935228866 0.0016348591808946367 0.034028886376906653 -0.0038158266457765946 0.017350855314493076 -0.026545578745351295 0.0070387739943120666 0.0024255807483899616 0.010341816031066884 -0.010431602131217623 -0.0023330528502543049
leaf_weight=3199 2043 4390 2944 7684 2773 2409 13077 4070 2190 245496 7559 3398 3652 4185 3520 3455 5240 3267 7865 2529 17921 4617 3986 3811 4213 9830 4335 6089 6772 3578
leaf_count=3199 2043 4390 2944 7684 2773 2409 13077 4070 2190 245496 7559 3398 3652 4185 3520 3455 5240 3267 7865 2529 17921 4617 3986 3811 4213 9830 4335 6089 6772 3578
internal_value=0.000232988 0.00239339 0.00300841 0.00222866 0.00111525 -0.00199538 0.000105752 0.000142154 0.00304944 9.26698e-05 0.000670903 0.000312841 0.00258836 0.00523257 0.000587499 -0.00195541 -0.000139704 8.24246e-05 -0.00116637 -0.00231739 0.000939445 0.00236473 -0.000180519 -0.00214642 -0.00485565 0.00123584 -0.00372563 0.000783496 -0.00203112 0.00244448
internal_weight=400097 22243 20200 17256 12866 5182 377854 374655 6260 368395 122899 109822 18210 7837 10373 6853 91612 86372 35149 27590 51223 22538 28685 12010 8199 16675 18972 8618 11107 13408
internal_count=400097 22243 20200 17256 12866 5182 377854 374655 6260 368395 122899 109822 18210 7837 10373 6853 91612 86372 35149 27590 51223 22538 28685 12010 8199 16675 18972 8618 11107 13408
cat_boundaries=0 1 2
cat_threshold=8 6
is_linear=0
shrinkage=0.08


Tree=106
num_leaves=31
num_cat=0
split_feature=45 31 30 31 34 31 40 30 30 27 37 29 45 27 7 38 34 45 31 30 39 27 44 29 38 31 40 30 40 39
split_gain=14.7912 22.9674 20.4728 19.9009 15.2035 14.9037 18.2093 18.0882 15.0932 14.3266 13.5487 12.8464 12.427 11.2591 11.154 10.6745 13.3715 10.527 15.683 29.5942 17.6288 11.5939 11.4715 11.4583 10.3603 9.75252 9.91293 19.3779 9.65557 11.8126
threshold=30.732134819030765 35.220981597900398 891.68750000000011 54.68022537231446 -5.6695556640624991 79.458057403564467 5.4326686859130868 7.3125000000000009 77.812500000000014 1021.0176391601564 0.71777725219726574 0.74486160278320324 33.349782943725593 1002.6428527832032 2.5000000000000004 0.6480236053466798 -4.0555419921874991 27.402981758117679 70.578464508056655 1174.8125000000002 0.38476154208183294 1009.3688354492189 27.323516845703129 0.40829086303710943 1.5900001525878908 58.183362960815437 0.82264900207519542 1.0000000180025095e-35 4.1825683116912851 0.33029814064502722
decision_type=2 2 2 2 2 2 2 2 2 2 2 2 2 2 2 2 2 2 2 2 2 2 2 2 2 2 2 2 2 2
left_child=5 4 12 -4 -2 7 8 10 9 -7 25 15 -3 -9 -12 -10 -17 22 19 21 -20 23 -15 -19 -16 28 27 -27 29 -1
right_child=1 2 3 -5 -6 6 -8 13 11 -11 14 -13 -14 17 24 16 -18 18 20 -21 -22 -23 -24 -25 -26 26 -28 -29 -30 -31
leaf_value=0.0083448278840250363 -0.033182784238098936 0.018697585096415566 -0.023539899606277288 0.019046941060253248 0.0062389945757189485 0.010974437503961668 -0.026872275798585577 -0.02065494419462759 0.0013612588674767067 -0.012050460396528564 0.013926507457165513 4.0731469904358162e-05 0.054450278978431327 -0.0033600502773135331 0.0076173798161856612 -0.0010957713062828135 0.010960882398991458 0.01924249412118435 -0.00035021252365233127 -0.041377902667555873 0.0068980167459466203 -0.0056239087663612969 -0.0083073166777796817 -0.0038724393564285721 -0.027526128884363565 -0.007175523586439283 0.0038945239382680089 0.0041740400421858229 0.0074928521632608635 -0.0073619985250236832
leaf_weight=3827 2302 6306 2437 4392 2653 13687 2061 4866 29400 2769 16490 96889 2430 66883 5687 3203 7167 2974 28462 2801 11883 4370 5174 2899 2306 5301 25478 4337 5117 25483
leaf_count=3827 2302 6306 2437 4392 2653 13687 2061 4866 29400 2769 16490 96889 2430 66883 5687 3203 7167 2974 28462 2801 11883 4370 5174 2899 2306 5301 25478 4337 5117 25483
internal_value=0.000211477 0.00230297 0.00381252 0.000529317 -0.00243706 9.83337e-05 0.000701094 -0.000318612 0.000801829 0.00309 0.000527032 0.000526089 0.00637549 -0.000928776 0.0021451 0.00173655 0.0039422 -0.000782107 6.92897e-05 -0.00234104 0.000848965 -0.000345265 -0.00141285 0.00197518 -0.000307385 -4.2845e-05 0.000895063 -0.00128939 -0.000999506 -0.00155935
internal_weight=400034 20520 15565 6829 4955 379514 155176 224338 153115 16456 94026 136659 8736 130312 24483 39770 10370 125446 53389 13044 40345 10243 72057 5873 7993 69543 35116 9638 34427 29310
internal_count=400034 20520 15565 6829 4955 379514 155176 224338 153115 16456 94026 136659 8736 130312 24483 39770 10370 125446 53389 13044 40345 10243 72057 5873 7993 69543 35116 9638 34427 29310
is_linear=0
shrinkage=0.08


Tree=107
num_leaves=31
num_cat=17
split_feature=45 5 44 31 45 31 5 29 5 5 6 5 5 6 5 5 6 5 34 5 38 5 34 5 34 26 5 5 16 36
split_gain=15.4526 27.1898 17.7384 12.3108 11.3673 11.8028 20.2757 16.0932 35.4709 19.0518 16.0745 14.1937 13.5541 12.5289 27.7075 22.9074 11.7323 31.6297 11.0268 13.7021 10.9991 17.5069 14.6331 10.653 9.97536 9.8093 24.4097 19.7552 10.4695 10.2209
threshold=31.936362266540531 0 31.965969085693363 36.599124908447273 29.737526893615726 82.026008605957045 1 0.65018463134765636 2 3 4 5 6 7 8 9 10 11 -10.278289794921873 12 0.49507999420166021 13 -5.2301635742187491 14 -5.6695556640624991 4.912196397781373 15 16 0.42298468947410589 0.0071525573730468759
decision_type=2 9 2 2 2 2 9 2 9 9 1 9 9 1 9 9 1 9 2 9 2 9 2 9 2 2 9 9 10 2
left_child=2 -2 4 -3 5 7 10 9 -9 -1 -7 -12 24 15 -15 -8 17 -14 -18 -20 22 -22 23 -6 -10 27 29 -11 -29 -27
right_child=1 3 -4 -5 20 6 13 8 12 25 11 -13 16 14 -16 -17 18 -19 19 -21 21 -23 -24 -25 -26 26 -28 28 -30 -31
leaf_value=0.0034544090574948074 -0.013809160462387383 0.003470136257240455 -0.03375384738121319 0.035066405649771468 0.0031076962228904392 0.00014875362575479835 0.0055384661963620201 0.0039639972866153169 -0.027844967109422074 0.0042060567999574515 -0.0012282360216000399 -0.017633680350893143 0.0048028879821023201 0.010003359123589349 0.0015335640259395689 -0.00071520333647754339 -0.025326703210665175 -0.019207713468935877 -0.0036337088025284459 0.0030479924143563862 -0.0067975910741444783 0.023759954637581088 0.011620052936585523 -0.034046395825146764 -0.0064464946266118515 -0.015558944938710085 0.00031948985839960644 -0.0079259641154870771 -0.0010163079543093546 -0.0049194803909166753
leaf_weight=58774 3451 2714 2476 6433 2387 16428 17298 19670 3303 23442 3378 3746 2538 13573 21971 38773 3604 4419 10115 15286 2002 6418 3925 2045 11484 2819 21113 3342 62909 9944
leaf_count=58774 3451 2714 2476 6433 2387 16428 17298 19670 3303 23442 3378 3746 2538 13573 21971 38773 3604 4419 10115 15286 2002 6418 3925 2045 11484 2819 21113 3342 62909 9944
internal_value=0.000260937 0.00301713 0.000171181 0.00529508 0.000214704 0.000121814 0.00079304 -0.000184039 -0.00121115 0.000212664 -0.00129985 -0.00446809 -0.00232859 0.00133115 0.0025059 0.000585834 -0.00148852 -0.00443457 -0.000779328 -0.000191256 0.00225055 0.00428944 0.000193618 -0.00295362 -0.00436685 -0.000351326 -0.00151095 8.67307e-05 -0.000619577 -0.00426973
internal_weight=399780 12598 387182 9147 384706 367929 115167 252762 70419 182343 23552 7124 50749 91615 35544 56071 35962 6957 29005 25401 16777 8420 8357 4432 14787 123569 33876 89693 66251 12763
internal_count=399780 12598 387182 9147 384706 367929 115167 252762 70419 182343 23552 7124 50749 91615 35544 56071 35962 6957 29005 25401 16777 8420 8357 4432 14787 123569 33876 89693 66251 12763
cat_boundaries=0 29 61 93 125 126 152 184 185 214 246 247 279 305 337 359 388 414
cat_threshold=0 0 0 128 0 0 0 0 0 0 0 0 786432 0 0 65011712 0 0 0 0 0 1073741824 0 0 0 5 0 0 32 16 0 0 256 0 0 7936 0 0 32768 0 0 65536 0 0 138412032 0 0 1929379840 1 0 0 12 0 0 589 0 0 784 0 0 27904 16 0 0 6400 0 0 3328 0 0 0 0 0 0 0 0 1006632960 0 0 2936012800 0 0 1879048192 53 0 0 600 0 0 1088 0 0 66560 258 0 0 352 0 0 512 0 0 45056 0 0 34209792 0 0 213909504 0 0 1879048192 0 0 0 8 0 0 132 0 0 7984 0 0 49408 6 0 0 0 0 0 0 7936 0 0 32768 0 0 0 0 0 4194304 0 0 33554432 1 0 0 8 0 0 8 9 0 0 64 0 0 114688 0 0 3895296 0 0 18743296 0 0 26214400 0 0 268435456 2 0 0 0 0 0 6 0 0 144 0 0 26880 4 262 0 0 12384 0 0 221184 0 0 1986560 0 0 53215232 0 0 278921216 0 0 201326592 0 0 805306368 0 0 0 2 0 0 8192 97 0 0 1552 0 0 0 0 0 204800 0 0 8388608 0 0 128974848 0 0 2214592512 0 0 3489660928 0 0 0 432 0 0 15488 0 0 33280 8 36 0 0 9728 0 0 143360 0 0 32768 0 0 33554432 0 0 33554432 0 0 0 0 0 2147483648 10 0 0 32 0 0 0 0 0 4096 38 0 0 9760 0 0 143360 0 0 294912 0 0 44040192 0 0 0 0 0 0 0 0 2147483648 0 0 0 128 16 0 0 64 0 0 2304 0 0 49152 0 0 3932160 0 0 806354944 0 0 33554432 0 0 0 1 0 0 1 0 0 16 0 0 256 8 0 0 128 0 0 6144 0 0 32768 0 0 3670016 0 0 605028352 0 0 1795162112 0 0 3221225472 4 0 0 3584 0 0 122880 0 0 3670016 0 0 17039360 0 0 34603008 0 0 117440512 0 0 1879048192 1 0 0 49 0 0 128 37 0 0 9216 0 0 123136 0 0 1589248 0 0 12845056 0 0 34603008 0 0 0 0 0 0 0 0 0 49
is_linear=0
shrinkage=0.08


Tree=108
num_leaves=31
num_cat=10
split_feature=24 5 39 31 5 30 5 5 35 5 5 41 30 34 5 5 3 25 41 31 33 5 38 10 34 16 5 34 30 34
split_gain=11.8958 8.42295 9.14036 19.4264 19.2283 18.3027 20.0658 14.8111 11.7459 17.3003 12.2632 11.6283 11.1373 11.1304 21.101 12.6403 10.2934 15.7024 12.2114 13.7565 9.97105 15.1026 11.5584 14.3899 10.7386 11.0468 9.91183 10.4444 9.62178 8.6495
threshold=40.766632080078132 0 0.30095757544040685 71.231155395507827 1 1247.9375000000002 2 3 1.9536018371582033 4 5 -2.8110318183898921 2.4062500000000004 -8.5097351074218732 6 7 1.0000000180025095e-35 3.8589626550674443 28.798824310302738 84.646900177001967 18.801216125488285 8 -4.1408882141113272 2.5245705842971806 1.8096618652343752 2.5178369283676152 9 -9.9309997558593732 26.312500000000004 2.4547424316406254
decision_type=2 9 2 2 9 2 9 9 2 9 9 2 2 2 9 9 2 2 2 2 2 9 2 2 2 10 9 2 2 2
left_child=1 -1 7 5 -5 8 -7 -3 10 -10 12 28 -4 14 -13 -15 17 -9 19 -19 21 24 -23 -24 25 -12 -22 -28 -6 -17
right_child=-2 2 3 4 11 6 -8 16 9 -11 20 13 -14 15 -16 29 -18 18 -20 -21 26 22 23 -25 -26 -27 27 -29 -30 -31
leaf_value=-0.0007600291783241886 0.027746064680785311 0.0012715618637162863 0.00063013186736426974 0.0070827987801988001 0.0022313363098061248 -0.054409714953239215 0.0035066966766947871 0.0023868559376106903 -0.032209367979832565 0.00012569865794901603 -0.015181273291066671 -0.020570614885453579 -0.010350079187727488 0.013016774518891055 0.0069962488670283563 0.0025537578605904798 -0.0090747030557739097 -0.0036936230996323614 0.0046877361570281549 0.0011046817005099286 0.0017254760982109475 0.0080946945248169307 -0.0031474741438108468 -0.029654936902468877 0.012841234257535064 0.015143102715852983 -0.0050851638602530261 0.015515564816017414 -0.05440758940268095 -0.0044173687837361086
leaf_weight=105546 3092 40500 13910 37263 2040 3027 2106 11260 2371 4141 3581 3755 9190 8696 4135 34227 13789 16877 2625 7283 16544 2769 9552 3809 6521 4031 3443 17182 2028 4838
leaf_count=105546 3092 40500 13910 37263 2040 3027 2106 11260 2371 4141 3581 3755 9190 8696 4135 34227 13789 16877 2625 7283 16544 2769 9552 3809 6521 4031 3443 17182 2028 4838
internal_value=0.000223071 0.000184511 0.000406225 0.000711255 0.00152219 -5.85202e-05 -0.00470931 -0.000251668 0.000187937 -0.00309108 0.000424113 0.000631748 -0.00116609 0.000933868 -0.0018481 0.00139373 -0.00114707 -0.00046827 -0.00152193 -0.00208523 0.000968985 -0.000109008 -0.0017808 -0.00275671 0.00179891 -0.000241406 0.00184674 0.00301574 -0.00349191 0.000778304
internal_weight=400131 397039 291493 199159 96982 102177 5133 92334 97044 6512 90532 59719 23100 55651 7890 47761 51834 38045 26785 24160 67432 30263 16130 13361 14133 7612 37169 20625 4068 39065
internal_count=400131 397039 291493 199159 96982 102177 5133 92334 97044 6512 90532 59719 23100 55651 7890 47761 51834 38045 26785 24160 67432 30263 16130 13361 14133 7612 37169 20625 4068 39065
cat_boundaries=0 32 64 90 119 151 183 212 241 273 305
cat_threshold=684 0 0 10368 0 0 2048 0 0 323584 0 0 16842752 0 0 0 0 0 2181038080 1 0 0 34 0 0 1 0 0 4304 0 0 93440 1 0 0 4144 0 0 230144 0 0 3145728 0 0 10747904 0 0 102760448 0 0 1946157056 0 0 1342177280 1 0 0 112 0 0 10272 0 0 33280 16 0 0 0 0 0 0 0 0 0 0 0 393216 0 0 392167424 0 0 1946157056 0 0 3758096384 1 0 0 6 323 0 0 5696 0 0 21504 0 0 65536 0 0 4980736 0 0 552599552 0 0 201326592 0 0 1610612736 4 0 0 282 0 0 11264 256 0 0 0 0 0 4096 0 0 1048576 0 0 1310720 0 0 625999872 0 0 1811939328 2 0 268435456 24 0 0 324 0 0 2048 0 0 32768 259 0 0 5952 0 0 42752 0 0 1114112 0 0 48496640 0 0 281018368 0 0 603979776 2 0 0 1 0 0 16 0 0 8192 0 0 512 0 0 0 0 0 0 8192 0 0 196608 0 0 1572864 0 0 12582912 0 0 150994944 0 0 0 16 0 0 6 0 0 1792 0 0 0 0 0 0 0 0 0 65536 0 0 1048576 0 0 9437184 0 0 16777216 0 0 0 16 0 0 770 0 0 1792 16 0 0 0 0 0 86016 0 0 655360 0 0 655360 0 0 201326592 0 0 0 0 0 0 24 0 0 846 0 0 1792 0 0 32768 16 0 0 0 0 0 4096 0 0 655360 0 0 524288 0 0 3145728 0 0 150994944 0 0 0 20 0 0 776 0 0 1824 0 0 32768
is_linear=0
shrinkage=0.08


Tree=109
num_leaves=31
num_cat=1
split_feature=45 36 29 7 38 6 34 31 27 38 7 45 32 34 31 12 14 41 14 27 27 36 38 32 34 38 31 31 34 21
split_gain=16.7703 8.21156 8.46734 12.9404 21.5754 21.2469 33.8024 18.4275 20.3753 14.0195 18.1617 12.2487 11.245 13.4576 13.0571 19.2855 14.0931 20.883 12.0352 10.823 22.5089 18.8461 11.1088 10.5367 10.3149 24.4505 10.2579 9.91422 9.81779 9.50413
threshold=34.510505676269538 122.43890380859376 0.74021911621093761 2.5000000000000004 2.1688385009765629 0 3.6267700195312504 61.090549468994148 1006.9290466308595 0.57588195800781261 1.5000000000000002 19.952752113342289 917.82568359375011 -8.0471191406249982 79.458057403564467 0.84533515572547924 0.76555851101875316 24.202914237976078 1.1445126533508303 1013.479461669922 1018.276092529297 3.1971931457519536 -2.8646678924560542 661.33248901367199 0.10513305664062501 -0.46978855133056635 77.283100128173842 72.839588165283217 3.6267700195312504 0.56194564700126659
decision_type=2 2 2 2 2 1 2 2 2 2 2 2 2 2 2 2 2 2 2 2 2 2 2 2 2 2 2 2 2 2
left_child=1 2 3 9 5 19 24 8 -6 -1 27 -8 14 -14 -4 16 29 -18 -17 21 22 -5 -21 -23 -7 -26 -12 -11 -24 -16
right_child=-2 -3 12 4 7 6 11 -9 -10 10 26 -13 13 -15 15 18 17 -19 -20 20 -22 23 28 -25 25 -27 -28 -29 -30 -31
leaf_value=0.00031136191899506116 0.031697184736176498 0.0029088576793870401 -0.0054620015361628305 0.014119383189427098 -0.00026006996552837338 0.0026913256128253018 0.019417315542242405 0.002507185969199739 -0.047787154094520723 0.0061676129656427041 -0.0016874573369563706 0.030498312420386357 -0.0076236594908554523 0.0046203738534494219 -0.0011078452904310155 0.011387076186096294 0.0028870502419211519 -0.011992840285373348 0.0025787054202654016 -0.0061724188305345255 -0.00050942443151001269 -0.0015748917924722149 -0.015466299639084946 -0.014498475466467368 0.005848537428536105 -0.009745381144564717 0.0070420865047331202 0.0087808803855776319 -0.02430960353690061 0.003192310484419778
leaf_weight=104251 3118 20377 32863 3572 2101 31860 2220 3620 4302 19466 23346 2209 3490 9713 29991 6322 5495 11835 23006 2001 5969 3817 2063 2001 5191 7612 6250 10217 2360 9380
leaf_count=104251 3118 20377 32863 3572 2101 31860 2220 3620 4302 19466 23346 2209 3490 9713 29991 6322 5495 11835 23006 2001 5969 3817 2063 2001 5191 7612 6250 10217 2360 9380
internal_value=0.000162689 0.000116702 3.20291e-05 0.000310917 -0.000516636 -2.51111e-05 0.00089754 -0.00398884 -0.00656479 0.000720313 0.00170251 0.00755576 -0.000484009 0.00173011 -0.000730013 -0.000211764 -0.00107316 -0.00297347 0.00145341 -0.00210338 -0.00365557 -5.53191e-05 -0.00693814 -0.00286205 0.000235937 -0.00168111 0.000299939 0.00310039 -0.00917212 -0.000236154
internal_weight=400018 396900 376523 244428 80898 70875 49092 10023 6403 163530 59279 4429 132095 13203 118892 86029 56701 17330 29328 21783 12393 9390 6424 5818 44663 12803 29596 29683 4423 39371
internal_count=400018 396900 376523 244428 80898 70875 49092 10023 6403 163530 59279 4429 132095 13203 118892 86029 56701 17330 29328 21783 12393 9390 6424 5818 44663 12803 29596 29683 4423 39371
cat_boundaries=0 1
cat_threshold=8
is_linear=0
shrinkage=0.08


Tree=110
num_leaves=31
num_cat=10
split_feature=5 24 41 34 6 41 43 34 30 5 28 30 5 5 12 25 40 5 5 17 12 43 32 14 6 5 34 36 5 34
split_gain=10.5356 8.49039 7.78958 6.58757 6.89394 11.15 13.5575 12.0887 10.435 11.5816 10.8108 8.91406 16.4096 8.22368 8.10114 6.96812 7.75177 7.10646 6.84933 6.87049 8.56671 6.83105 6.34136 9.76819 15.5524 17.8585 15.3862 6.94966 36.5904 8.50165
threshold=0 40.766632080078132 32.419576644897468 8.5230407714843768 1 27.605217933654789 20.252180099487308 -4.1572570800781241 2.0937500000000004 2 1017.1253051757814 304.43750000000006 3 4 2.3204880952835087 7.9763841629028329 0.66617155075073253 5 6 1.3067954778671267 1.037901818752289 28.203762054443363 178.71656036376956 3.4786094427108769 7 8 -3.1774597167968746 119.21453857421876 9 -6.8395080566406241
decision_type=9 2 2 2 1 2 2 2 2 9 2 2 9 9 2 2 2 9 9 8 2 2 2 2 1 9 2 2 9 2
left_child=1 3 22 4 11 6 7 -6 9 -9 -10 12 -1 -13 15 16 21 -18 -8 -20 -21 -15 -2 27 25 -25 -26 29 -29 -24
right_child=2 -3 -4 -5 5 -7 18 8 10 -11 -12 13 -14 14 -16 -17 17 -19 19 20 -22 -23 23 24 26 -27 -28 28 -30 -31
leaf_value=0.015489185290099244 -0.0078137383974915056 0.029631838466758043 -0.024432892354906671 0.020295513386374042 0.016766056588873611 -0.005972235201650378 0.011721104527406965 0.012088415728768212 -0.027658283810358598 -0.0068687591976785353 -0.0068753466944404895 0.0039327021416009703 0.0037960487426445199 -0.014025132833313875 0.024838008767232366 0.003222754395981724 -0.017513307181425831 0.000695204613566176 0.0037575145258546172 -0.012476434734095179 0.0047877182323129829 -0.0026231308881103387 -0.0041159921643694024 -0.0045880036582043983 -0.038156539838460388 0.036132366957904623 0.013865131913352969 0.012439775298668394 -0.0017548762124116025 3.6148720285922311e-06
leaf_weight=7824 15794 2385 2071 2219 3129 3524 4514 3701 3877 7030 3582 16639 23518 2073 2102 2317 2731 10161 11386 2170 2327 2464 30590 2374 2358 5124 3417 5916 10153 202360
leaf_count=7824 15794 2385 2071 2219 3129 3524 4514 3701 3877 7030 3582 16639 23518 2073 2102 2317 2731 10161 11386 2170 2327 2464 30590 2374 2358 5124 3417 5916 10153 202360
internal_value=0.00017597 0.000804224 -9.24416e-05 0.00070794 0.000624441 -0.00014494 0.000220486 -0.00118993 -0.00198022 -0.000381715 -0.00427634 0.00112271 0.00212427 0.000307037 -0.000713371 -0.00121685 -0.00176501 -0.000762672 0.00169452 0.000909262 -0.00173508 -0.00460523 -5.59519e-05 3.7819e-05 0.00215162 0.00454908 -0.000969802 -7.4931e-05 0.00153368 -0.000185955
internal_weight=399830 119673 280157 117288 115069 45240 41716 21319 18190 10731 7459 69829 31342 38487 21848 19746 17429 12892 20397 15883 4497 4537 278086 262292 13273 7498 5775 249019 16069 232950
internal_count=399830 119673 280157 117288 115069 45240 41716 21319 18190 10731 7459 69829 31342 38487 21848 19746 17429 12892 20397 15883 4497 4537 278086 262292 13273 7498 5775 249019 16069 232950
cat_boundaries=0 32 33 65 87 116 138 167 168 200 229
cat_threshold=80 0 0 32 0 0 512 0 0 131072 0 0 39845888 0 0 605028352 0 0 1593835520 0 0 4026531840 48 0 0 228 0 0 3104 0 0 16896 6 0 0 0 0 0 0 0 0 0 0 0 0 33554432 0 0 1048576 0 0 268435456 0 0 0 48 0 0 68 0 0 1056 0 0 16896 64 0 0 0 0 0 0 0 0 0 0 0 0 0 0 537919488 0 0 1275068416 0 0 3758096384 16 0 0 0 0 0 0 0 0 131072 0 0 39845888 0 0 67108864 0 0 285212672 0 0 805306368 0 0 0 32 0 0 2048 64 0 0 0 0 0 0 0 0 0 0 0 0 0 0 0 0 0 100663296 0 0 1073741824 0 0 0 32 0 0 512 0 0 0 0 0 0 0 0 0 0 0 1342177280 0 0 2415919104 0 0 0 4 0 0 32 5 0 0 0 0 0 0 3072 0 0 114688 0 0 0 0 0 146800640 0 0 0 0 0 0 4 0 0 0 0 0 208 0 0 4352 164 0 0 3968 0 0 53248 0 0 315392 0 0 262144 0 0 65011712 0 0 536870912 1 0 0 3 0 0 0 0 0 64
is_linear=0
shrinkage=0.08


Tree=111
num_leaves=31
num_cat=13
split_feature=45 31 5 29 5 5 10 22 5 7 38 5 5 5 7 5 5 38 10 5 39 5 17 19 14 38 14 5 33 5
split_gain=12.7187 8.67842 23.2648 11.6596 17.1595 13.8373 14.1073 10.6134 37.7223 16.1735 27.3796 19.5709 17.2446 15.1087 12.0043 13.7409 13.6463 11.5896 15.2579 25.2842 13.6689 11.9426 9.67719 9.39541 8.74839 8.69345 8.84608 14.3902 11.9884 11.4679
threshold=34.510505676269538 87.889499664306655 0 0.98776626586914074 1 2 1.0393108725547793 2.9511451721191411 3 1.5000000000000002 0.39315128326416021 4 5 6 1.5000000000000002 7 8 -3.9742414951324458 2.9699037075042729 9 1.2869445085525515 10 1.7949279546737673 0.58608606457710277 2.6258656978607182 3.7840986251831059 2.9963179826736455 11 19.38604831695557 12
decision_type=2 2 9 2 9 9 2 2 9 2 2 9 9 9 2 9 9 2 2 9 2 9 10 2 2 2 2 9 2 9
left_child=1 7 -3 4 -4 6 -5 9 24 10 13 -12 -11 -1 15 -10 23 21 25 20 -20 -14 -15 -16 -9 26 29 -28 -29 -19
right_child=-2 2 3 5 -6 -7 -8 8 14 12 11 -13 17 22 16 -17 -18 18 19 -21 -22 -23 -24 -25 -26 -27 27 28 -30 -31
leaf_value=0.0045040724572168143 0.027030307235932156 0.014237632115711243 0.014155106503221191 -0.020591523822950465 -0.00018023801452368815 0.0024072335776182288 0.00040309431392568487 -0.008750394729015341 0.0016292438046016146 -0.0030421687636433604 0.010468827181941549 0.003675271985330113 -0.0022794583040124652 -0.00079937458659600229 0.0012329529085795344 -0.0049632616840415266 -0.00099700639689274343 0.0049899926387116976 -0.063272003145744049 0.0049915931085476473 -0.016309390932987923 0.021823469249072362 -0.029753655564554719 0.010146246877704783 -0.044635495436410086 -0.021200778171251447 -0.0080016386079597625 0.039453070750081025 0.0060934363153799451 -0.00041330914823568322
leaf_weight=15097 3170 4381 5530 2887 9240 7005 2408 13144 8254 46517 11031 31247 3176 36893 10679 11750 22577 21996 2350 4929 2789 4040 2662 8239 2011 2352 3317 3626 3138 93592
leaf_count=15097 3170 4381 5530 2887 9240 7005 2408 13144 8254 46517 11031 31247 3176 36893 10679 11750 22577 21996 2350 4929 2789 4040 2662 8239 2011 2352 3317 3626 3138 93592
internal_value=0.000155736 0.000115354 0.00139029 0.000512366 0.00202706 -0.00130626 -0.00438382 5.58268e-06 -0.000831159 0.000227731 0.00106994 0.00259837 -0.000197881 -0.000112693 5.03909e-05 -0.00155891 0.000826406 0.000231344 6.79223e-05 -0.00292915 -0.00684241 0.00335455 -0.000934428 0.00240997 -0.00440329 0.000303833 0.000394179 0.00266574 0.00477594 0.000195851
internal_weight=400027 396857 31451 27070 14770 12300 5295 365406 76654 288752 96930 42278 191822 54652 61499 20004 41495 145305 138089 10068 5139 7216 39555 18918 15155 128021 125669 10081 6764 115588
internal_count=400027 396857 31451 27070 14770 12300 5295 365406 76654 288752 96930 42278 191822 54652 61499 20004 41495 145305 138089 10068 5139 7216 39555 18918 15155 128021 125669 10081 6764 115588
cat_boundaries=0 32 58 87 119 151 183 215 247 276 308 337 366 398
cat_threshold=322 0 0 7600 0 0 207616 0 0 823296 0 0 0 0 0 53477376 0 0 33554432 0 0 268435456 0 0 0 32 0 0 14336 0 0 2560 128 0 0 8256 0 0 54272 0 0 81920 0 0 35389440 0 0 1015021568 0 0 201326592 3 0 3758096384 0 0 0 272 0 0 0 8192 0 0 53248 0 0 0 0 0 0 0 0 1015021568 0 0 3976200192 3 0 3221225472 3 0 0 540 0 0 32 0 0 0 128 0 0 3584 0 0 2211840 0 0 720896 0 0 485490688 0 0 167772160 1 0 268435456 8 0 0 519 0 0 1040 0 0 18688 72 0 0 1024 0 0 28928 0 0 2306048 0 0 16973824 0 0 739246080 0 0 4026531840 0 0 0 8 0 0 512 0 0 8224 0 0 104704 324 0 0 5824 0 0 82176 0 0 393216 0 0 14680064 0 0 33554432 0 0 167772160 2 0 0 0 0 0 0 0 0 12448 0 0 130560 640 0 0 4288 0 0 5632 0 0 147456 0 0 1048576 0 0 0 0 0 134217728 0 0 0 40 0 0 992 0 0 16176 0 0 116992 36 0 0 9728 0 0 229632 0 0 1048576 0 0 11796480 0 0 50331648 0 0 3221225472 0 0 3221225472 23 0 0 152 0 0 192 0 0 34304 195 0 0 5648 0 0 114688 0 0 1966080 0 0 65011712 0 0 0 0 0 2147483648 2 0 3758096384 0 0 0 48 0 0 4096 0 0 0 0 0 0 0 0 0 65536 0 0 131072 0 0 32505856 0 0 620756992 0 0 4026531840 32 0 0 231 0 0 3584 0 0 256 0 0 0 0 0 0 0 0 0 16384 0 0 16908288 0 0 606076928 0 0 3221225472 0 0 536870912 23 0 0 906 0 0 2128 0 0 0 0 0 0 0 0 0 0 0 0 0 0 0 4194304 0 0 83886080 0 0 1879048192 0 0 0 13 0 0 336 512 0 0 0 0 0 131072 0 0 8192 0 0 0 0 0 140509184 0 0 1140850688 0 0 1879048192 0 0 0 6 0 0 1040 0 0 256
is_linear=0
shrinkage=0.08


Tree=112
num_leaves=31
num_cat=11
split_feature=5 36 5 43 23 7 33 34 5 31 39 5 5 6 5 32 31 5 32 5 43 27 5 31 11 31 5 24 31 30
split_gain=9.26933 13.4301 35.8169 10.9194 10.3049 11.5268 8.4856 19.7492 15.386 12.4008 12.4688 28.3866 10.8774 11.3532 10.6224 9.00451 8.91612 11.5335 9.41411 9.02354 8.12072 9.17224 15.274 9.32011 7.80907 10.1464 8.39056 7.58722 7.45658 9.59089
threshold=0 96.931457519531264 1 33.383216857910163 30.479167938232425 1.5000000000000002 20.498111724853519 3.8872375488281254 2 75.169490814208999 0.47290517389774328 3 4 5 6 942.10128784179699 77.411575317382827 7 577.22348022460949 8 1.0000000180025095e-35 1004.6585083007814 9 85.581043243408217 0.26732090115547186 85.694946289062514 10 27.983627319335941 56.439182281494148 574.18750000000011
decision_type=9 2 9 2 2 2 2 2 9 2 2 9 9 1 9 2 2 9 2 9 2 2 9 2 2 2 9 2 2 2
left_child=4 3 -3 6 -1 -6 8 12 15 10 11 27 13 -8 -12 24 17 18 -15 -18 -11 23 -23 -22 26 -26 -2 -10 29 -7
right_child=1 2 -4 -5 5 28 7 -9 9 20 14 -13 -14 16 -16 -17 19 -19 -20 -21 21 22 -24 -25 25 -27 -28 -29 -30 -31
leaf_value=0.0010623930210450893 0.0044206244695405416 0.010406078810804971 -0.0011552187220916466 -0.025735374565508239 0.02248460940593219 0.0080184959540287089 0.013860772386289924 0.016513796848497009 -0.008638715721868185 -0.027366573931826503 0.0058376221988748964 0.00044042367908367911 -0.00098560229199904379 -0.0087073451682993415 -0.0054230240320269733 0.0023051514974213208 0.0072222562692319768 0.0017590464650932348 0.0011820097967652999 0.0011007687864081105 -0.011160226681553666 0.0096251629510962292 0.0010251323111317846 0.0028485392591349524 -0.0059884095343697655 0.00072708904306139743 -0.0018524288455695626 -0.028141704189783071 0.017456358112176246 -0.034454796544557527
leaf_weight=111846 2201 9454 15074 2170 5065 3549 2638 2616 3079 2774 12319 6120 53923 2956 17555 4230 4591 18659 2004 8540 4072 11037 40553 3357 31167 5580 3186 2101 4886 2044
leaf_count=111846 2201 9454 15074 2170 5065 3549 2638 2616 3079 2774 12319 6120 53923 2956 17555 4230 4591 18659 2004 8540 4072 11037 40553 3357 31167 5580 3186 2101 4886 2044
internal_value=0.000151143 -0.000112657 0.00167251 -0.000289689 0.00071423 0.00264369 -0.000239575 0.00034752 -0.000616709 -7.16595e-05 -0.00114705 -0.00340937 0.000154949 0.00116525 -0.000290456 -0.00182649 0.000799565 -0.000129502 -0.0035502 0.00247013 0.000644953 0.000843992 0.00122248 -0.0017825 -0.00218014 -0.00259706 0.000663331 -0.00775385 0.00112689 -0.000867392
internal_weight=399346 271956 24528 247428 127390 15544 245258 95927 149331 102967 41174 11300 93311 39388 29874 46364 36750 23619 4960 13131 61793 59019 51590 7429 42134 36747 5387 5180 10479 5593
internal_count=399346 271956 24528 247428 127390 15544 245258 95927 149331 102967 41174 11300 93311 39388 29874 46364 36750 23619 4960 13131 61793 59019 51590 7429 42134 36747 5387 5180 10479 5593
cat_boundaries=0 29 52 84 110 142 143 172 188 217 246 262
cat_threshold=272 0 0 16 0 0 2560 0 0 1114112 0 0 5242880 0 0 201326592 0 0 989855744 0 0 4026531840 57 0 0 230 0 0 3104 228 0 0 1920 0 0 61440 0 0 446464 0 0 0 0 0 65011712 0 0 1140850688 0 0 0 6 47 0 0 3840 0 0 61440 0 0 192512 0 0 65536 0 0 34603008 0 0 0 0 0 0 0 0 0 1 0 0 384 0 0 97536 512 0 0 8224 0 0 0 0 0 2883584 0 0 61341696 0 0 832569344 0 0 1073741824 0 0 0 2 0 0 776 14 0 0 6208 0 0 17664 0 0 2273280 0 0 60882944 0 0 537919488 0 0 2214592512 3 0 0 4 0 0 513 0 0 128 0 0 69888 8 0 0 0 8192 0 0 196608 0 0 2359296 0 0 25821184 0 0 805306368 0 0 1073741824 0 0 0 2 0 0 776 0 0 528 0 0 0 2048 0 0 0 0 0 12288 0 0 8454144 0 0 1048576 0 0 0 2048 0 0 1024 0 0 2109440 0 0 58785792 0 0 536870912 0 0 2214592512 0 0 0 0 0 0 512 0 0 128 0 0 0 96 0 0 0 0 0 262144 0 0 2883584 0 0 14680064 0 0 67108864 0 0 0 0 0 0 792 0 0 12288 0 0 0 3840 0 0 4096 0 0 24576 0 0 0 0 0 34603008
is_linear=0
shrinkage=0.08


Tree=113
num_leaves=31
num_cat=11
split_feature=5 10 40 23 29 31 44 5 5 41 27 5 5 29 25 10 5 30 20 20 43 6 5 41 5 29 5 5 40 24
split_gain=9.3316 9.2773 24.5126 9.38353 16.4505 17.4559 9.61991 8.05207 7.83907 7.66955 13.9669 23.3658 21.8613 19.1305 14.3642 16.049 12.6957 13.6672 13.1985 10.3413 12.9402 10.1941 24.6323 9.92959 14.0422 9.23784 19.925 11.686 8.17064 7.96193
threshold=0 3.1220432519912724 3.7030792236328129 30.197971343994144 0.071640014648437514 53.76359939575196 -9.4182066917419416 1 2 27.587244987487797 1008.0150756835939 3 4 0.86574172973632824 3.4453496932983403 0.79296112060546886 5 736.81250000000011 0.48049592971801763 1.3481741547584536 29.530437469482425 6 7 27.464397430419925 8 0.91201400756835949 9 10 0.78900527954101574 32.174285888671882
decision_type=9 2 2 2 2 2 2 9 9 2 2 9 9 2 2 2 9 2 2 2 2 1 9 2 9 2 9 9 2 2
left_child=1 3 7 6 -5 -6 -1 -3 -7 16 12 13 19 14 15 -12 17 29 -19 20 28 22 -14 -18 -25 26 -23 -27 -11 -2
right_child=9 2 -4 4 5 8 -8 -9 -10 10 11 -13 21 -15 -16 -17 23 18 -20 -21 -22 25 -24 24 -26 27 -28 -29 -30 -31
leaf_value=0.021954051919055358 0.00054851788999066287 -0.043862298861836561 0.0062841370554703249 0.03373886505859261 -0.020251274347649541 0.004230189463715419 0.0014354256689282608 -0.0117429141927704 0.027122260203226816 -0.0064087180615401704 0.007723778990576591 -0.00083597499733457426 -0.0032242697938772834 -0.015214587927241041 -0.0074270615636444857 -0.014001784211329991 -0.00077199406305886956 0.011709389143457401 0.0040605113638970637 -0.027616992860430543 0.008101141607358784 0.004767440519497939 0.012735708685897294 0.0084684786336941906 -0.0030375107555875047 0.0074440483986408876 -0.0057632064838927027 0.0002373395423617808 -0.00089657315585881751 0.019561549555626598
leaf_weight=4488 42246 2163 6648 3716 3332 3553 73759 2445 3450 4842 2331 40497 2915 2295 4347 2120 133976 3354 7528 2996 4598 4137 3659 3522 2253 6611 6707 8310 4982 2506
leaf_count=4488 42246 2163 6648 3716 3332 3553 73759 2445 3450 4842 2331 40497 2915 2295 4347 2120 133976 3354 7528 2996 4598 4137 3659 3522 2253 6611 6707 8310 4982 2506
internal_value=0.000135999 0.000789773 -0.0013776 0.0010543 0.00295712 0.00131271 0.000712269 -0.00585535 0.00357907 -9.21982e-05 -0.000656886 -0.00157907 0.000299395 -0.00482858 -0.00312897 6.72495e-05 0.000200722 0.00122255 0.00376423 -0.00198417 -0.00109479 0.00152971 0.00433728 -0.000206194 0.00303889 0.000810549 -0.000965543 0.00210167 -0.00273337 0.000604084
internal_weight=400286 103554 11256 92298 14051 10335 78247 4608 7003 296732 101347 51590 49757 11093 8798 4451 195385 55634 10882 17418 14422 32339 6574 139751 5775 25765 10844 14921 9824 44752
internal_count=400286 103554 11256 92298 14051 10335 78247 4608 7003 296732 101347 51590 49757 11093 8798 4451 195385 55634 10882 17418 14422 32339 6574 139751 5775 25765 10844 14921 9824 44752
cat_boundaries=0 29 58 84 110 139 158 159 182 202 234 253
cat_threshold=16 0 0 0 0 0 0 0 0 65536 0 0 19136512 0 0 201326592 0 0 1023410176 0 0 4026531840 44 0 0 102 0 0 6656 0 0 0 0 0 0 0 0 0 65536 0 0 0 0 0 0 0 0 83886080 0 0 4026531840 0 0 0 34 0 0 4096 0 0 0 0 0 0 0 0 0 0 0 0 2097152 0 0 201326592 0 0 1006632960 0 0 2147483648 0 0 0 2 0 0 0 3968 0 0 38912 0 0 135168 0 0 4259840 0 0 328204288 0 0 3254779904 3 0 0 1 0 0 1 15 0 0 112 0 0 9216 0 0 3203072 0 0 1703936 0 0 284164096 0 0 1073741824 1 0 0 0 0 0 1 0 0 48 99 0 0 1456 0 0 38912 0 0 2269184 0 0 4915200 0 0 284164096 0 0 1073741824 2 0 0 0 384 0 0 6144 0 0 4096 0 0 65536 0 0 50331648 0 0 2181038080 0 0 0 1 388 0 0 12288 0 0 197376 0 0 1572864 0 0 41943040 0 0 16777216 0 0 33554432 3 64 0 0 3072 0 0 164096 0 0 4096 0 0 12648448 0 0 587202560 0 0 2147483648 2 0 0 1 0 0 0 0 0 0 0 0 256 448 0 0 8064 0 0 6656 0 0 131072 0 0 65536 0 0 536870912 0 0 33554432
is_linear=0
shrinkage=0.08


Tree=114
num_leaves=31
num_cat=9
split_feature=45 0 16 41 45 3 5 13 5 14 5 45 12 5 5 41 9 19 16 27 5 30 41 45 26 16 36 5 34 5
split_gain=13.092 6.96586 10.3023 9.96132 25.0596 20.2099 17.9144 16.1171 22.8648 21.8985 29.1704 20.6834 15.3565 20.2693 14.4033 12.9895 12.539 12.2886 16.6517 11.2149 11.8218 11.0741 20.2175 12.9373 10.4265 10.4641 10.3458 10.2582 9.93202 12.8358
threshold=34.510505676269538 35.250000000000007 4.4963481426239023 25.763653755187992 26.844254493713382 486.62585449218756 0 1.1181027293205263 1 1.0114517807960512 2 29.504062652587894 0.62879097461700451 3 4 31.840277671813968 5 0.97652113437652599 0.75451380014419567 1008.3405761718751 6 629.31250000000011 27.399603843688968 27.745410919189457 9.16650438308716 0.31239286065101629 12.212276458740236 7 -3.9027404785156246 8
decision_type=2 2 8 2 2 2 9 2 9 2 9 2 2 9 9 2 1 2 8 2 9 2 2 2 2 10 2 9 2 9
left_child=1 3 -3 4 6 7 -1 9 26 11 -11 12 14 -14 21 -10 -16 18 -12 28 -21 24 -23 -24 25 -5 -9 -19 -18 -30
right_child=-2 2 -4 5 -6 -7 -8 8 15 10 17 -13 13 -15 16 -17 19 27 -20 20 -22 22 23 -25 -26 -27 -28 -29 29 -31
leaf_value=0.0073381788696892866 0.02611881991670046 -0.0029576353051095697 -0.049363759830021114 0.0038008140385093728 0.022477222929645536 -0.010535007515751716 0.00050204056229253169 0.0081951487786423634 0.0022341972038104532 0.0018003706368679674 -0.010817000781467101 0.010854903476691363 0.0078313078208631735 8.3001863941234433e-06 0.0015715017430402156 -0.026964516755378226 -0.0019745454259889072 -0.045189648052587759 -0.0034426171490957815 -0.0054291025584843316 -0.0019848488642015385 0.008602633465361862 -0.0044748458266124658 0.0015734976439485137 -0.0037081534698935317 -0.00075375227128816392 0.02078195912267404 -0.015110950395758493 0.0095171990168005753 -0.00010400004038444876
leaf_weight=25836 3170 23623 2590 2897 3339 12059 114502 5775 18607 16291 2410 4171 9955 15378 12560 2074 8468 2089 13133 9692 26458 6321 3149 16788 3222 16940 7041 4217 2436 5127
leaf_count=25836 3170 23623 2590 2897 3339 12059 114502 5775 18607 16291 2410 4171 9955 15378 12560 2074 8468 2089 13133 9692 26458 6321 3149 16788 3222 16940 7041 4217 2436 5127
internal_value=0.000157771 0.00011683 -0.00114327 0.000205907 0.000727275 -0.000123731 0.000564027 5.49234e-05 0.00166711 -0.000242362 -0.001946 0.000210347 4.40456e-05 0.00182536 -0.00035172 2.02889e-05 -0.00113618 -0.00385477 -0.00264515 -0.00168234 -0.0024635 0.000678193 0.00180143 0.000550459 -0.000600806 8.56553e-05 0.0043191 -0.00683344 7.85487e-05 0.00218408
internal_weight=400318 397148 26213 370935 143677 227258 140338 215199 33497 181702 38140 143562 139391 25333 114058 20681 64741 21849 15543 52181 36150 49317 26258 19937 23059 19837 12816 6306 16031 7563
internal_count=400318 397148 26213 370935 143677 227258 140338 215199 33497 181702 38140 143562 139391 25333 114058 20681 64741 21849 15543 52181 36150 49317 26258 19937 23059 19837 12816 6306 16031 7563
cat_boundaries=0 29 52 81 100 116 117 130 153 166
cat_threshold=0 0 0 192 0 0 63488 0 0 4190208 0 0 14417920 0 0 1048576 0 0 536870912 0 0 0 0 0 0 0 0 0 1888 402 0 0 6976 0 0 229376 0 0 3932160 0 0 41943040 0 0 204472320 0 0 2432696320 2 0 4026531840 1 133 0 0 0 0 0 141312 0 0 245760 0 0 3145728 0 0 868220928 0 0 738197504 0 0 4026531840 0 0 0 7 0 0 32 49 0 0 10256 0 0 237568 0 0 3538944 0 0 35454976 0 0 774897664 0 0 1073741824 88 0 0 2032 0 0 3840 0 0 2224128 0 0 19857408 0 0 740294656 25 128 0 0 2048 0 0 65536 0 0 917504 0 0 12582912 0 0 0 128 0 0 0 0 0 0 0 0 0 0 0 3145728 0 0 3221225472 2 0 0 1 128 0 0 2048 0 0 0 0 0 917504 0 0 12582912
is_linear=0
shrinkage=0.08


Tree=115
num_leaves=31
num_cat=11
split_feature=45 5 44 3 25 45 44 5 5 41 5 30 5 39 18 40 45 44 5 34 5 38 5 5 5 23 18 43 25 5
split_gain=12.4988 20.2834 12.8971 8.29308 6.85876 6.45574 17.0596 18.8825 13.4721 12.8336 10.2108 7.66253 7.47138 10.8478 7.06018 6.05501 18.2643 42.8886 17.0361 10.9571 26.0473 10.6007 18.9455 11.5315 10.3136 10.2141 9.77393 11.2629 9.47626 7.7468
threshold=31.64718055725098 0 31.674928665161136 244.35803985595706 11.140342235565187 29.504062652587894 29.675170898437504 1 2 29.723137855529789 3 1190.0625000000002 4 2.9520348310470585 0.40841551125049597 2.7732894420623784 20.528858184814457 19.276341438293461 5 -8.9011535644531232 6 1.6669664382934573 7 8 9 22.561508178710941 2.6545767784118657 17.567671775817875 1.683280944824219 10
decision_type=2 9 2 2 2 2 2 9 9 2 9 2 9 2 2 2 2 2 9 2 9 2 9 9 9 2 2 2 2 9
left_child=2 -2 4 -3 5 6 12 -8 -7 10 -10 -11 14 15 -1 19 17 24 -18 20 -14 23 -23 -21 -17 -20 -25 -28 -27 -22
right_child=1 3 -4 -5 -6 8 7 -9 9 11 -12 -13 13 -15 -16 16 18 -19 25 21 29 22 -24 26 -26 28 27 -29 -30 -31
leaf_value=0.002243471592400965 -0.019794586242058047 0.025703994098360709 -0.029544154610296403 0.0017269700861808701 0.0037971719118768022 -0.0021758304222983327 0.0012781449534151079 -0.026913366552898312 0.0097054016159071922 0.012360328615068781 0.021565813125863541 -0.011884782143254143 0.011551179796572626 -0.02690977402932191 -0.0012838545132832025 0.010139380680926209 0.0011385538860381671 -0.024004741641094507 0.036835120456010485 0.0045576673157683122 -0.0050842452525992603 -0.023131057934677204 0.0016665999665839237 0.00030717887206471061 -0.00098850177514322015 0.028415487557887077 0.0039398556781392816 -0.026128457198732847 0.0058050905524728337 -0.019672198609870292
leaf_weight=4728 2640 8394 2567 3175 3103 9307 2013 2085 3445 2646 2318 2072 3461 2545 86106 12540 7148 2118 2230 45486 6071 4845 7776 129880 23641 2274 2355 2532 3886 6769
leaf_count=4728 2640 8394 2567 3175 3103 9307 2013 2085 3445 2646 2318 2072 3461 2545 86106 12540 7148 2118 2230 45486 6071 4845 7776 129880 23641 2274 2355 2532 3886 6769
internal_value=0.000130746 0.00246009 4.49273e-05 0.00390198 8.28399e-05 5.22237e-05 -2.50209e-05 -0.00515093 0.00145873 0.00342253 0.00595531 0.000329949 3.40628e-05 0.00024829 -0.000592159 0.000298682 0.00105521 0.000116422 0.00336764 0.000103927 -0.00188707 0.000272288 -0.00196817 0.000429262 0.000765384 0.00580737 5.74239e-05 -0.00345109 0.00412318 -0.00354588
internal_weight=400156 14209 385947 11569 383380 380277 360489 4098 19788 10481 5763 4718 356391 265557 90834 263012 53837 38299 15538 209175 16301 192874 12621 180253 36181 8390 134767 4887 6160 12840
internal_count=400156 14209 385947 11569 383380 380277 360489 4098 19788 10481 5763 4718 356391 265557 90834 263012 53837 38299 15538 209175 16301 192874 12621 180253 36181 8390 134767 4887 6160 12840
cat_boundaries=0 32 64 93 125 157 183 215 247 279 308 340
cat_threshold=0 0 0 0 0 0 0 0 0 0 0 0 262144 0 0 65011712 0 0 0 0 0 0 0 0 0 5 0 0 32 0 0 256 0 0 0 96 0 0 8192 0 0 0 0 0 40173568 0 0 500170752 0 0 2952790016 3 0 3489660928 0 0 0 1 0 0 32 0 0 4096 18 0 0 192 0 0 3840 0 0 57344 0 0 15990784 0 0 870318080 0 0 385875968 2 0 268435456 1 0 0 0 0 0 48 8 0 0 272 0 0 0 0 0 65536 0 0 34209792 0 0 202375168 0 0 3758096384 0 0 2684354560 0 0 0 2 0 0 0 0 0 256 328 0 0 2912 0 0 143360 0 0 393216 0 0 50528256 0 0 268435456 0 0 16777216 2 0 536870912 0 0 0 10 0 0 8208 0 0 32512 0 0 0 128 0 0 3072 0 0 3784704 0 0 16515072 0 0 136314880 0 0 67108864 0 0 3489660928 32 0 0 4 0 0 0 0 0 0 16384 0 0 28672 0 0 8388608 0 0 2097152 0 0 4026531840 1 0 0 0 0 0 448 0 0 0 0 0 65536 0 0 0 0 0 0 512 0 0 3149824 0 0 0 0 0 20971520 0 0 1040187392 0 0 3221225472 63 0 0 816 0 0 64 0 0 65536 0 0 0 0 0 0 2048 0 0 622592 0 0 3670016 0 0 10485760 0 0 201326592 0 0 2147483648 30 0 0 180 0 0 7680 0 0 65536 0 0 0 0 0 0 0 0 0 65536 0 0 3932160 0 0 183500800 0 0 1040187392 0 0 3221225472 34 0 0 548 0 0 320 0 0 0 0 0 0 0 0 0 1048576 0 0 4194304 0 0 223346688 0 0 100663296 0 0 0 13 0 0 560 0 0 192 0 0 32768
is_linear=0
shrinkage=0.08


Tree=116
num_leaves=31
num_cat=0
split_feature=45 3 12 20 44 34 38 34 38 40 10 45 44 43 38 35 45 27 20 42 38 45 44 45 2 11 45 10 11 29
split_gain=12.3237 11.623 10.9648 14.3736 9.22754 7.67628 13.4715 6.26353 6.19945 6.56426 26.1162 10.1619 21.6874 14.6759 13.0294 14.438 8.64518 11.8727 8.55218 9.82271 12.7862 10.4836 8.03482 22.4188 14.8421 13.9267 8.35895 8.35151 8.00548 7.87798
threshold=30.196853637695316 244.35803985595706 2.439576387405396 1.8734380006790163 30.635472297668461 -6.1772155761718741 1.8341054916381838 -16.401916503906246 -6.3870093822479239 3.1643615961074834 2.4935541152954106 20.528858184814457 19.276341438293461 21.323054313659672 2.3984535932540898 0.017642974853515628 25.217026710510257 1009.1011657714845 1.1044000983238222 8.2283630371093768 -0.93760967254638661 -4.9262075424194327 26.259904861450199 26.899627685546879 1.0000000180025095e-35 0.53752189874649059 26.270361900329593 0.40459579229354864 0.90292194485664379 0.81206893920898449
decision_type=2 2 2 2 2 2 2 2 2 2 2 2 2 2 2 2 2 2 2 2 2 2 2 2 2 2 2 2 2 2
left_child=4 2 3 -2 7 6 -3 -1 -9 10 22 12 14 -13 -11 -16 28 -18 -12 21 -21 -20 24 26 -10 27 -24 -26 -15 -25
right_child=1 5 -4 -5 -6 -7 -8 8 9 11 18 13 -14 16 15 -17 17 -19 19 20 -22 -23 23 29 25 -27 -28 -29 -30 -31
leaf_value=-0.018428337072416028 0.013731668186437389 -0.036200640231585764 0.042758707218060861 -0.019756738467031028 -0.02204031628222566 0.005872249126879012 0.0058127250901301867 -0.020066148358784924 0.0012566465079493661 0.0083038986372550028 0.0008772086946936497 0.029358203535953819 -0.016159449222969614 -0.0066715130197111706 -0.036378263932078027 -9.3089524868865685e-05 0.00046019534984040436 0.02356733706207784 -0.034052334098312792 -0.0081096566921645772 -0.054447285072374431 0.0038460230189969512 -0.015625096420918326 0.00098753709033758239 -0.0027123701949255973 0.013636704342999054 -0.0025408085198135666 0.0037813658755385406 0.007321954932035411 -0.00060331426847284322
leaf_weight=2911 12438 2226 2137 2039 2237 4247 2430 3202 105832 23237 3958 2414 2233 2119 2139 8703 3331 3244 4387 2151 2883 3812 3388 88274 2418 4077 18427 6371 2204 70865
leaf_count=2911 12438 2226 2137 2039 2237 4247 2430 3202 105832 23237 3958 2414 2233 2119 2139 8703 3331 3244 4387 2151 2883 3812 3388 88274 2418 4077 18427 6371 2204 70865
internal_value=0.000180345 0.00188115 0.00313041 0.00233727 6.45098e-05 -0.000451027 -0.00269181 9.53327e-05 0.000124486 0.000155153 2.11455e-05 0.0010106 0.000317163 0.00290047 0.000818446 -0.0014707 0.0016465 0.00347153 -0.00301029 -0.0039855 -0.00676447 -0.00227311 0.000195153 -0.000140359 0.000706608 0.0032712 -0.00254479 0.00147517 -0.00113086 0.000189382
internal_weight=400334 25517 16614 14477 374817 8903 4656 372580 369669 366467 316843 49624 36312 13312 34079 10842 10898 6575 17191 13233 5034 8199 299652 180954 118698 12866 21815 8789 4323 159139
internal_count=400334 25517 16614 14477 374817 8903 4656 372580 369669 366467 316843 49624 36312 13312 34079 10842 10898 6575 17191 13233 5034 8199 299652 180954 118698 12866 21815 8789 4323 159139
is_linear=0
shrinkage=0.08


Tree=117
num_leaves=31
num_cat=0
split_feature=45 19 41 34 27 16 24 16 42 45 44 26 41 1 45 41 34 33 24 17 41 21 26 1 45 44 44 39 16 16
split_gain=11.6277 9.42795 9.58554 9.91879 24.5019 15.5371 8.61748 15.3717 11.9528 8.89138 17.7103 9.13084 9.95764 7.72851 6.84647 22.2729 13.2142 18.2669 10.5561 11.845 10.029 13.1855 12.6391 10.5663 9.3235 9.00811 8.11747 7.8894 6.70749 6.5788
threshold=30.732134819030765 0.91166290640831005 30.544645309448246 -5.4425354003906241 1002.0603942871095 2.3883563280105595 33.580108642578132 1.0501890182495119 28.968132019042972 28.941106796264652 28.973555564880375 8.1646938323974627 28.629814147949222 85.750000000000014 27.985341072082523 27.587244987487797 -2.0714416503906246 17.979840278625492 29.307998657226566 0.6834968924522401 27.587244987487797 0.52283439040184032 5.5091784000396737 84.250000000000014 27.513121604919437 28.055340766906742 27.729922294616703 0.12981939315795901 0.522741198539734 1.1205481886863711
decision_type=2 2 2 2 2 10 2 10 2 2 2 2 2 2 2 2 2 2 2 10 2 2 2 2 2 2 2 2 10 10
left_child=6 -2 -3 4 5 -4 9 -8 -9 10 14 12 -11 -12 20 -16 18 -18 19 27 24 22 -22 29 26 -26 -1 -17 -29 -23
right_child=1 2 3 -5 -6 -7 7 8 -10 11 13 -13 -14 -15 15 16 17 -19 -20 -21 21 23 -24 -25 25 -27 -28 28 -30 -31
leaf_value=0.00021219307261228338 0.015901766462338783 0.019111111351791978 0.032440913574114348 0.011696943508560338 -0.033420013699548154 -0.019228255754661704 -0.017844254097358885 0.013914455081694185 -0.0089596617349782543 0.0096545207225572933 -0.010966075486263875 0.006220792197357241 0.00024530471776657237 -0.0018405299859461622 0.012110233702485047 -0.0016295913048659828 -0.01029262865962167 0.0002132751869908134 -0.0019837440813557095 0.011575257329163051 -0.00013585577499640068 -0.0064353954056404206 -0.0048557479806832053 0.0040152375062949379 0.0059341424184542295 -0.0011332498402678937 -0.0074437823503726011 0.0052490943888739141 0.00021571456646171327 0.0012013984380284627
leaf_weight=236328 4310 3723 2848 3884 3640 2040 2545 2848 8118 3711 4030 4083 17891 2966 4372 3619 3588 10352 8678 5430 6113 3756 10076 8783 9131 4147 4614 5341 4617 3855
leaf_count=236328 4310 3723 2848 3884 3640 2040 2545 2848 8118 3711 4030 4083 17891 2966 4372 3619 3588 10352 8678 5430 6113 3756 10076 8783 9131 4147 4614 5341 4617 3855
internal_value=0.000165078 0.00202298 0.00113348 6.44019e-05 -0.0014617 0.00223765 6.48018e-05 -0.0019185 -0.000615889 0.00013817 2.9664e-05 0.00157307 0.000916158 -0.0039509 0.000113458 0.00101941 0.000448181 -0.00155986 0.00145947 0.00251459 -3.18675e-05 -0.00135305 -0.00297179 0.000246281 0.000137513 0.00220048 2.37392e-05 0.00124972 0.00241172 -0.00193413
internal_weight=399437 20445 16135 12412 8528 4888 378992 13511 10966 365481 339796 25685 21602 6996 332800 45997 41625 13940 27685 19007 286803 32583 16189 16394 254220 13278 240942 13577 9958 7611
internal_count=399437 20445 16135 12412 8528 4888 378992 13511 10966 365481 339796 25685 21602 6996 332800 45997 41625 13940 27685 19007 286803 32583 16189 16394 254220 13278 240942 13577 9958 7611
is_linear=0
shrinkage=0.08


Tree=118
num_leaves=31
num_cat=11
split_feature=31 5 5 31 35 29 5 14 5 36 5 5 45 44 14 5 10 33 33 41 10 38 6 5 5 38 14 32 5 41
split_gain=7.33627 19.3437 11.3912 12.3527 16.0023 12.0178 16.0712 13.7998 16.4816 13.7811 25.5332 14.4368 11.5956 11.467 11.2934 14.1526 10.4278 10.9217 10.1209 17.3337 17.2638 16.9082 23.9855 11.7767 10.6019 10.0038 9.65591 9.22054 13.0103 9.10306
threshold=84.646900177001967 0 1 72.250705718994155 0.75483322143554699 0.67303085327148449 2 3.2328228950500493 3 1.3003349304199221 4 5 31.153537750244144 26.609130859375004 2.2258104085922246 6 2.9229067564010625 18.54547214508057 15.294528007507326 26.041644096374515 1.1866422295570376 -2.1274013519287105 7 8 9 1.0697524547576907 2.6714397668838505 670.99288940429699 10 28.150588989257816
decision_type=2 9 9 2 2 2 9 2 9 2 9 9 2 2 2 9 2 2 2 2 2 2 1 9 9 2 2 2 9 2
left_child=2 -2 3 4 12 7 27 9 -9 11 -11 -4 13 -1 29 -16 -10 -18 -13 20 24 -22 -23 -21 -20 -5 -14 28 -7 -8
right_child=1 -3 5 25 -6 6 14 8 16 10 -12 18 26 -15 15 -17 17 -19 19 23 21 22 -24 -25 -26 -27 -28 -29 -30 -31
leaf_value=0.0020173283298618116 -0.0021784971405370613 0.0031249789614492584 0.00058139131889134888 0.0016836479586351772 -0.013869363373670751 -0.0054510887853902543 -0.0013782738929801041 0.029817798358241988 0.016864924766259577 0.0059230349772403205 -0.00086179604339058362 -0.022621505308464782 0.025552211258400986 -0.0061095784389431172 -0.047799225684227516 -0.014875407894693176 -0.039863583574307491 0.0080504258008784295 0.016482475551531765 -0.010636649104025864 0.0053538310895293508 -0.0021041651235540427 -0.035120740194172981 -0.0035215908856547173 0.0023539386827395961 0.012104149938486781 -0.0042649979568364672 0.0017188691477583974 0.0018483958768629983 -0.0073853202931563541
leaf_weight=37089 21448 52312 28565 28764 10057 10221 23691 6186 4282 21667 42083 2558 4984 8593 2064 5324 2523 2583 2276 4242 3758 3902 2397 13371 4875 9940 2450 19015 9798 8759
leaf_count=37089 21448 52312 28565 28764 10057 10221 23691 6186 4282 21667 42083 2558 4984 8593 2064 5324 2523 2583 2276 4242 3758 3902 2397 13371 4875 9940 2450 19015 9798 8759
internal_value=0.00011351 0.000833943 -4.95051e-05 0.000651835 -3.76684e-05 -0.000368308 -0.00116326 6.33269e-05 0.00231263 -0.000206933 0.000631744 -0.00101768 0.000516508 3.93942e-05 -0.00229314 -0.0051149 0.000195578 -0.00224394 -0.00205193 -0.00169447 0.000111511 -0.00202444 -0.0045554 -0.00345798 0.00311409 0.00177713 0.00344438 -9.21801e-06 -0.00120725 -0.00165003
internal_weight=399777 73760 326017 101877 63173 224140 78872 145268 15574 129694 63750 65944 53116 45682 39838 7388 9388 5106 37379 34821 17208 10057 6299 17613 7151 38704 7434 39034 20019 32450
internal_count=399777 73760 326017 101877 63173 224140 78872 145268 15574 129694 63750 65944 53116 45682 39838 7388 9388 5106 37379 34821 17208 10057 6299 17613 7151 38704 7434 39034 20019 32450
cat_boundaries=0 32 64 96 128 160 192 224 225 257 289 318
cat_threshold=0 0 0 352 0 0 5120 0 0 4096 0 0 25231360 0 0 672137216 0 0 4143972352 1 0 0 9 0 0 205 0 0 272 0 0 24832 0 0 0 320 0 0 512 0 0 69632 0 0 25165824 0 0 201326592 0 0 4110417920 0 0 4026531840 3 0 0 126 0 0 9248 0 0 65792 1008 0 0 7696 0 0 7424 0 0 262144 0 0 65536 0 0 808452096 0 0 33554432 0 0 0 52 0 0 896 0 0 2112 0 0 1536 0 0 0 0 0 0 0 0 0 0 0 0 3932160 0 0 65011712 0 0 0 0 0 0 0 0 0 512 0 0 6912 0 0 34816 258 0 0 32 0 0 137216 0 0 3842048 0 0 41877504 0 0 30408704 0 0 134217728 0 0 0 8 0 0 0 0 0 528 0 0 45568 525 0 0 15392 0 0 75008 0 0 57344 0 0 655360 0 0 269484032 0 0 33554432 3 0 0 24 0 0 1 0 0 464 0 0 18432 0 0 0 0 0 0 0 0 0 0 0 0 3276800 0 0 62914560 0 0 134217728 2 0 0 8 0 0 1 0 0 16 0 0 16384 10 114 0 0 128 0 0 0 0 0 1835008 0 0 4194304 0 0 2097152 0 0 0 0 0 0 0 0 0 0 0 0 0 0 0 4096 0 0 0 128 0 0 36864 0 0 393216 0 0 4194304 0 0 37748736 0 0 134217728 0 0 0 0 0 0 128 0 0 4608 0 0 13312 992 0 0 4608 0 0 7168 0 0 0 0 0 0 0 0 3145728 0 0 0 0 0 0 0 0 0 256 0 0 2048
is_linear=0
shrinkage=0.08


Tree=119
num_leaves=31
num_cat=3
split_feature=45 25 24 34 6 22 27 30 16 40 13 26 12 37 30 0 33 38 38 45 33 38 45 34 6 27 23 45 36 6
split_gain=8.8682 6.38167 9.33135 6.12904 24.0867 21.2384 16.7515 30.221 16.6064 13.4977 12.1988 11.9565 11.4556 10.017 12.1726 9.8169 10.795 8.87326 8.79722 8.79456 8.3835 9.24071 7.86149 16.0786 20.8885 21.9962 9.5861 17.2159 13.2892 13.724
threshold=34.510505676269538 10.689398765563967 28.493011474609379 -6.0003051757812491 0 1.3689994812011721 1006.797821044922 117.43750000000001 1.356146037578583 3.366209983825684 0.82718572020530712 4.7701706886291513 1.0188549757003786 1.1400489807128908 1.5312500000000002 35.750000000000007 25.212287902832035 -0.65850353240966786 -0.32696914672851557 28.124294281005863 20.046527862548832 1.1184444427490237 -3.3140602111816402 3.6267700195312504 1 1022.4835205078126 26.15400314331055 26.375752449035648 4.307270050048829 2
decision_type=2 2 2 2 1 2 2 2 8 2 2 2 2 2 2 2 2 2 2 2 2 2 2 2 1 2 2 2 2 1
left_child=1 3 -3 4 5 9 7 -5 11 -1 18 12 -6 22 20 17 -17 -10 -9 -20 -15 -22 23 24 25 -8 28 -28 29 -24
right_child=-2 2 -4 6 8 -7 13 10 15 -11 -12 -13 -14 14 -16 16 -18 -19 19 -21 21 -23 26 -25 -26 -27 27 -29 -30 -31
leaf_value=-0.016858789939907873 0.021405047719154455 -0.00043107112600708318 0.0073464799897379153 0.020259205105903535 -0.012329167841154743 -0.043796478002152153 -0.068648910996133738 0.0042360202522707625 -0.0016082884773328044 0.017313817342162564 0.01243792243102476 0.00062692134922563984 0.0022606736106150116 0.0085139066766478245 0.00051580271629546814 -0.023554533868250724 0.012234028628212315 0.009911766118411337 -0.0048138737343667512 0.0001817704397926434 0.042860106955719034 0.007949052247897867 0.011968088841678579 0.0080843156553509488 -0.0034940975541964646 -0.011688010721926396 -0.0085322103603513704 -0.00026752911166369133 0.0055042573180076456 -0.001446730164805672
leaf_weight=8089 3110 2291 2440 3414 9793 3364 2684 4372 10722 2997 7955 10730 3490 5628 15401 3201 2023 27487 3470 7758 2929 2268 8179 7411 9050 3624 5905 134585 36566 49249
leaf_count=8089 3110 2291 2440 3414 9793 3364 2684 4372 10722 2997 7955 10730 3490 5628 15401 3201 2023 27487 3470 7758 2929 2268 8179 7411 9050 3624 5905 134585 36566 49249
internal_value=0.000148977 0.000115592 0.00303312 8.03356e-05 -0.000535248 -0.00349689 0.000242738 0.0021476 0.000100199 -0.00180606 0.00112625 -0.00158765 -0.00319115 6.14486e-05 0.00155054 0.00103354 -0.00221628 0.00147832 -0.000174247 -0.00135967 0.00360498 0.00591896 -9.04133e-05 -0.00150928 -0.00298542 -0.00651075 4.74213e-05 -0.000370961 0.000672737 -8.6354e-05
internal_weight=400185 397075 4731 392344 81896 14450 310448 26969 67446 11086 23555 24013 13283 283479 26226 43433 5224 38209 15600 11228 10825 5197 257253 22769 15358 6308 234484 140490 93994 57428
internal_count=400185 397075 4731 392344 81896 14450 310448 26969 67446 11086 23555 24013 13283 283479 26226 43433 5224 38209 15600 11228 10825 5197 257253 22769 15358 6308 234484 140490 93994 57428
cat_boundaries=0 1 2 3
cat_threshold=2 8 2
is_linear=0
shrinkage=0.08


Tree=120
num_leaves=31
num_cat=17
split_feature=35 5 5 40 37 5 5 23 6 5 5 12 5 26 5 30 41 44 27 5 10 5 6 5 26 5 6 5 16 5
split_gain=7.49109 16.1793 6.82782 6.94433 6.77894 39.8807 12.4915 11.0511 7.68892 7.45531 6.29872 6.2363 6.43858 9.58245 16.0218 16.3312 19.8692 15.476 13.0427 12.0325 13.5733 13.1677 11.3955 14.5391 9.51844 9.5125 9.11863 14.474 9.10631 16.297
threshold=29.974460601806644 0 1 0.95778751373291027 -1.1808280944824217 2 3 26.25437164306641 4 5 6 4.1923348903656015 7 6.4083104133605966 8 601.56250000000011 27.447614669799808 26.540179252624515 1007.9593811035157 9 0.59146553277969371 10 11 12 8.5354518890380877 13 14 15 0.58257412910461437 16
decision_type=2 9 9 2 2 9 9 2 1 9 9 2 9 2 9 2 2 2 2 9 2 9 1 9 2 9 1 9 10 9
left_child=2 -2 3 -1 5 7 8 9 -7 -4 -5 12 -6 19 22 17 -17 -16 -18 -14 21 -21 23 -15 -19 -22 28 -28 -23 -30
right_child=1 -3 4 10 11 6 -8 -9 -10 -11 -12 -13 13 14 15 16 18 24 -20 20 25 26 -24 -25 -26 -27 27 -29 29 -31
leaf_value=-0.00055823521841048775 0.017370957944858104 2.4371044918325426e-06 4.5464702078703568e-05 0.0064027754419423389 0.0015569242228352209 0.0039027405971511797 0.013457437163758641 -0.030565200568670861 -0.015585975226499968 -0.028536845982385657 0.0031690128027116772 -0.029458779154345506 -0.0033332697283799465 0.015202167268250549 0.0011772542383033625 0.0092473280758598262 0.0011820208716011393 -0.0038753531023940015 -0.006120980081297276 0.010361994305282353 -0.0057678256929435184 0.00018915461736185079 0.0016240341851938922 0.0029428363855654996 -0.0097271521662597848 -0.0014056954440312098 0.0017869285277692627 -0.0057459349364216905 0.014491891128807737 0.0014719160384909459
leaf_weight=35923 2711 5162 2091 3055 77337 5291 6369 3103 3549 2618 84840 2081 19673 2664 4047 3535 9045 3881 3536 5426 10453 9371 17740 3283 2112 53076 6538 5829 2167 3338
leaf_count=35923 2711 5162 2091 3055 77337 5291 6369 3103 3549 2618 84840 2081 19673 2664 4047 3535 9045 3881 3536 5426 10453 9371 17740 3283 2112 53076 6538 5829 2167 3338
internal_value=0.000189269 0.00263098 0.00014016 0.00063147 -8.67351e-05 -0.00139898 0.000988903 -0.00603677 -0.000957111 -0.00358974 0.0010145 3.65502e-05 7.39732e-05 -0.00020732 0.000720117 -0.000644866 0.000932655 -0.00317612 -0.000557541 -0.000606312 -0.000237378 0.00108755 0.00222635 0.00525222 -0.00575379 -0.000918806 0.000368998 -0.00123517 0.00170247 0.00428286
internal_weight=399844 7873 391971 123818 268153 23021 15209 7812 8840 4709 87895 245132 243051 165714 49843 26156 16116 10040 12581 115871 96198 32669 23687 5947 5993 63529 27243 12367 14876 5505
internal_count=399844 7873 391971 123818 268153 23021 15209 7812 8840 4709 87895 245132 243051 165714 49843 26156 16116 10040 12581 115871 96198 32669 23687 5947 5993 63529 27243 12367 14876 5505
cat_boundaries=0 29 58 90 122 123 152 162 194 226 258 290 291 301 314 315 341 370
cat_threshold=728 0 0 5760 0 0 12288 0 0 770048 0 0 35389440 0 0 104857600 0 0 738197504 2 0 2147483648 3 0 0 0 0 0 64 522 0 0 0 0 0 196608 0 0 532480 0 0 2621440 0 0 360710144 0 0 939524096 0 0 4026531840 57 0 0 469 0 0 2560 192 0 0 2368 0 0 54272 0 0 3457024 0 0 4653056 0 0 40894464 0 0 117440512 0 0 0 0 0 0 0 0 0 144 0 0 7936 272 0 0 512 0 0 8192 0 0 65536 0 0 51380224 0 0 671088640 0 0 1073741824 2 0 0 4 0 0 552 0 0 352 0 0 106496 6 0 0 0 0 0 0 4096 0 0 1097728 0 0 458752 0 0 3145728 0 0 50331648 0 0 0 0 0 0 0 0 0 128 514 0 0 0 0 0 196608 0 0 524288 64 0 0 0 0 0 0 0 0 1052672 0 0 1507328 0 0 175112192 0 0 1191182336 0 0 0 0 0 0 8 0 0 496 0 0 6912 437 0 0 7296 0 0 6144 0 0 245760 0 0 0 0 0 0 0 0 0 0 0 0 0 0 0 2 0 0 9216 0 0 114688 433 0 0 6656 0 0 4096 0 0 0 0 0 0 0 0 0 0 0 0 0 0 0 0 0 0 0 0 0 1024 0 0 24576 0 0 0 0 0 0 1024 0 0 114688 0 0 20971520 0 0 0 0 0 0 0 0 0 6 0 0 32 0 0 0 0 0 1024 3 384 0 0 6144 0 0 4096 0 0 65536 4 0 0 1056 0 0 24576 0 0 475136 0 0 4194304 10 4 0 0 176 0 0 35072 0 0 393216 0 0 8388608 0 0 536870912 0 0 0 2 0 0 0 0 0 2 0 0 0 1312 0 0 58112 0 0 262144 0 0 0 0 0 0 0 0 2147483648 2 0 0 0 0 0 0 0 0 8192
is_linear=0
shrinkage=0.08


Tree=121
num_leaves=31
num_cat=11
split_feature=45 44 45 31 5 44 5 31 5 31 5 5 24 33 32 33 32 16 34 5 5 6 33 30 5 10 5 5 18 33
split_gain=8.70814 8.57661 10.1402 10.6755 9.25821 6.70577 6.33131 7.78119 13.9457 12.8974 20.5032 13.6267 11.6964 15.9495 14.1422 10.8084 9.42817 9.13016 12.801 16.6376 11.7028 9.00743 13.5738 7.80109 10.174 7.4449 6.55031 6.24254 6.17939 7.93127
threshold=34.510505676269538 33.848781585693366 31.64718055725098 53.296745300292976 0 31.674928665161136 1 39.357360839843757 2 66.835334777832045 3 4 -4.1370544433593741 18.906815528869632 793.39987182617199 23.643839836120609 306.88388061523443 1.6755703687667849 -6.0003051757812491 5 6 7 19.440959930419925 765.56250000000011 8 1.8610587716102602 9 10 1.1936388015747073 14.342207908630373
decision_type=2 2 2 2 9 2 9 2 9 2 9 9 2 2 2 2 2 10 2 9 9 1 2 2 9 2 9 9 2 2
left_child=1 2 5 4 -4 6 -1 8 15 10 16 17 -10 14 -14 -8 -9 18 19 -11 -20 22 -18 24 -23 -22 -15 -19 -12 -30
right_child=-2 -3 3 -5 -6 -7 7 9 12 11 28 -13 13 26 -16 -17 21 27 20 -21 25 23 -24 -25 -26 -27 -28 -29 29 -31
leaf_value=-0.00093062605900101408 0.022447923276480423 -0.01837786231873139 -0.012906954667116964 0.024204986479685643 0.015331934225527349 -0.023310037137738746 0.012699259105356901 0.0018679870036731928 0.020540608228937388 0.0092002004845385694 0.0059674744581538165 0.0001584490721748466 -0.0011809086524009161 -0.0050709287643041631 -0.041949892398327096 0.039682349639685789 -0.031926801435733905 0.023428931342046155 0.01461209006604264 -0.017184855697869778 0.0036628913842599786 0.0032640613258334383 -0.0062138365042618202 -0.035367966741661691 -0.013341592496295646 -0.006082018111531369 0.013367122458536614 0.0080544029292552825 -0.020213225415781935 0.0011878072020485319
leaf_weight=100922 3173 3134 2284 3612 2282 2374 5247 4906 3887 2974 4011 154400 2327 2947 2046 2538 2040 5673 4733 4933 15865 4639 2375 2005 9253 3466 4343 6196 2760 28857
leaf_count=100922 3173 3134 2284 3612 2282 2374 5247 4906 3887 2974 4011 154400 2327 2947 2046 2538 2040 5673 4733 4933 15865 4639 2375 2005 9253 3466 4343 6196 2760 28857
internal_value=0.000111241 7.78261e-05 0.000111042 0.00289692 0.000323427 5.1902e-05 7.82047e-05 0.000272552 0.00167145 0.000146509 -0.000872223 0.000459218 0.000285164 -0.000981753 -0.0047958 0.00443049 -0.00261669 0.0017036 0.000999969 -0.00179108 0.00191742 -0.00337762 -0.00657046 -0.00248162 -0.00180693 0.00104077 0.00130959 0.00359795 0.000363555 -1.20151e-05
internal_weight=400202 397029 393895 8178 4566 385717 383343 282421 23335 259086 60846 198240 15550 11663 4373 7785 25218 43840 31971 7907 24064 20312 4415 15897 13892 19331 7290 11869 35628 31617
internal_count=400202 397029 393895 8178 4566 385717 383343 282421 23335 259086 60846 198240 15550 11663 4373 7785 25218 43840 31971 7907 24064 20312 4415 15897 13892 19331 7290 11869 35628 31617
cat_boundaries=0 26 58 87 119 151 183 212 213 245 277 300
cat_threshold=0 0 0 0 0 0 2048 0 0 0 0 0 3145728 0 0 66060288 0 0 939524096 0 0 1073741824 0 0 0 7 284 0 0 4352 0 0 65792 0 0 114688 0 0 27328512 0 0 268435456 0 0 2197815296 0 0 268435456 0 0 0 771 0 0 144 0 0 62208 0 0 0 0 0 0 0 0 0 0 0 0 1179648 0 0 633339904 0 0 2080374784 0 0 3221225472 25 0 0 72 0 0 1600 32 0 0 8384 0 0 164864 0 0 3416064 0 0 393216 0 0 650117120 0 0 1946157056 0 0 2147483648 53 0 0 240 0 0 0 0 0 65536 0 0 0 192 0 0 1024 0 0 0 0 0 786432 0 0 639631360 0 0 872415232 0 0 3758096384 5 0 0 16 0 0 12320 0 0 3072 0 0 0 128 0 0 0 0 0 0 0 0 0 0 0 0 0 0 872415232 0 0 1610612736 4 0 0 16 0 0 12288 0 0 1024 0 0 0 0 0 0 0 0 0 0 0 0 786432 0 0 35651584 0 0 0 0 0 536870912 0 0 0 16 0 0 32 1 0 0 0 8192 0 0 163840 0 0 2367488 0 0 131072 0 0 641728512 0 0 1879048192 0 0 2147483648 0 0 0 0 0 0 0 0 0 65536 0 0 0 0 0 0 3072 0 0 0 0 0 0 0 0 36700160 0 0 0 0 0 0 0 0 0 16 0 0 12320 0 0 1024 0 0 0 128 0 0 0 0 0 0 0 0 0 0 0 102760448 0 0 872415232 0 0 2147483648 1
is_linear=0
shrinkage=0.08


Tree=122
num_leaves=31
num_cat=3
split_feature=45 31 30 24 29 45 31 21 38 31 14 31 12 34 30 6 45 8 30 31 29 29 33 25 24 6 19 41 26 34
split_gain=8.09451 17.9913 12.0312 7.94479 7.52284 6.20187 6.63386 5.65027 17.7201 14.5193 9.77825 12.6699 15.8581 15.5788 17.2586 16.8797 27.8777 21.4537 13.3447 13.3172 13.313 11.9035 20.4179 16.9216 20.6568 20.2736 16.0948 15.2827 12.6044 18.7809
threshold=31.153537750244144 32.944164276123054 1766.1250000000002 35.911651611328132 0.054439544677734382 32.573343276977546 56.867021560668952 1.8347746133804324 -0.82873439788818348 45.376791000366218 2.8226450681686406 66.530151367187514 1.2380757927894595 2.0746459960937504 57.812500000000007 0 26.150158882141117 1 1174.8125000000002 72.649261474609389 0.12016677856445314 0.75458908081054699 15.356735706329347 6.0721077919006357 28.742294311523441 2 0.53875851631164562 28.976665496826175 5.0552365779876718 -6.8395080566406241
decision_type=2 2 2 2 2 2 2 2 2 2 2 2 2 2 2 1 2 1 2 2 2 2 2 2 2 1 2 2 2 2
left_child=3 -2 4 7 -3 6 -6 10 9 -9 11 18 13 14 20 16 -15 19 -1 -17 -13 22 -16 24 -23 -26 -25 28 29 -24
right_child=1 2 -4 -5 5 -7 -8 8 -10 -11 -12 12 -14 15 21 17 -18 -19 -20 -21 -22 23 27 26 25 -27 -28 -29 -30 -31
leaf_value=-0.0019994906476966889 -0.014050150139952677 0.034009373272695882 -0.012677402889495966 -0.015635259949664401 -0.0081634399511642634 0.024127471017184234 0.016173523907108349 0.022287484955575112 -0.011844980051337472 -0.0027010438504777314 0.0062730986210445747 -0.0024505855878899042 0.0079320690138413846 0.010366238092112567 0.013375320539333159 -0.0037063419359527928 -0.0045062075816289142 0.00012886905945819649 -0.03339566574466353 -0.021525961717941584 0.0057369354275533628 -0.00039691267311766867 -0.019846618853550879 -0.00011975564175799036 -0.0056374436287210021 -0.022828963490439804 0.0068772079961230762 0.0063266421157319999 -0.0013476574524074181 0.0024169448595909417
leaf_weight=60413 3733 2996 2049 3019 2298 4079 2257 6745 28111 12321 29407 4044 28167 4287 6371 2064 3894 4040 2014 3745 18933 40071 2162 27121 19088 2740 8603 6467 28929 29984
leaf_count=60413 3733 2996 2049 3019 2298 4079 2257 6745 28111 12321 29407 4044 28167 4287 6371 2064 3894 4040 2014 3745 18933 40071 2162 27121 19088 2740 8603 6467 28929 29984
internal_value=0.000136545 0.00182298 0.00316605 5.97779e-05 0.00416151 0.00295696 0.000924425 9.23285e-05 -0.000726895 0.00115538 0.000208568 7.34297e-05 0.000336823 0.000100398 0.000308961 -0.00214856 0.000538959 -0.00437532 -0.00094207 -0.00748926 0.00236743 3.31107e-05 0.000798939 -0.000546741 -0.00134682 -0.00332631 0.000839537 0.000390218 -1.63706e-06 0.00108844
internal_weight=400152 17412 13679 382740 11630 8634 4555 379721 47177 19066 332544 303137 240710 212543 194513 18030 8181 9849 62427 5809 22977 171536 73913 97623 61899 21828 35724 67542 61075 32146
internal_count=400152 17412 13679 382740 11630 8634 4555 379721 47177 19066 332544 303137 240710 212543 194513 18030 8181 9849 62427 5809 22977 171536 73913 97623 61899 21828 35724 67542 61075 32146
cat_boundaries=0 1 2 3
cat_threshold=3 2 6
is_linear=0
shrinkage=0.08


end of trees

feature_importances:
region_id=691
blend_pred=429
now_msl_anom=171
exp_climatology=133
now_ssrd_MJ=132
season_id=120
now_t2m_C_mean=115
now_rh_pct_mean=108
now_anomaly=102
rmse30_climatology=92
now_tcc_mean=91
now_cape_max=88
now_msl_hPa_mean=83
mae7_climatology=81
now_tp_mm=68
exp_anom_persistence=65
now_t2m_C_max=63
now_wind_speed_max=63
now_target_tendency=63
exp_recent3=60
regmae_persistence=58
rmse30_recent3=56
now_wind_speed_mean=54
now_msl_hPa_min=53
regmae_anom_persistence=49
exp_persistence=48
lead_days=43
regmae_climatology=43
elev_proxy_m=40
expert_range=40
now_blh_mean=31
mae7_recent3=30
now_tp7=30
expert_spread=28
regmae_recent3=26
rmse30_anom_persistence=24
now_tp3=23
latitude=20
rmse30_persistence=17
lead_bucket_id=16
mae7_anom_persistence=16
longitude=11
regime_id=11
mae7_persistence=11
is_ocean=6

parameters:
[boosting: gbdt]
[objective: quantile]
[metric: quantile]
[tree_learner: serial]
[device_type: cpu]
[data_sample_strategy: bagging]
[data: ]
[valid: ]
[num_iterations: 600]
[learning_rate: 0.08]
[num_leaves: 31]
[num_threads: 16]
[seed: 42]
[deterministic: 0]
[force_col_wise: 0]
[force_row_wise: 0]
[histogram_pool_size: -1]
[max_depth: -1]
[min_data_in_leaf: 2000]
[min_sum_hessian_in_leaf: 0.001]
[bagging_fraction: 0.8]
[pos_bagging_fraction: 1]
[neg_bagging_fraction: 1]
[bagging_freq: 1]
[bagging_seed: 400]
[bagging_by_query: 0]
[feature_fraction: 0.6]
[feature_fraction_bynode: 1]
[feature_fraction_seed: 30056]
[extra_trees: 0]
[extra_seed: 12879]
[early_stopping_round: 0]
[early_stopping_min_delta: 0]
[first_metric_only: 0]
[max_delta_step: 0]
[lambda_l1: 0]
[lambda_l2: 10]
[linear_lambda: 0]
[min_gain_to_split: 0]
[drop_rate: 0.1]
[max_drop: 50]
[skip_drop: 0.5]
[xgboost_dart_mode: 0]
[uniform_drop: 0]
[drop_seed: 17869]
[top_rate: 0.2]
[other_rate: 0.1]
[min_data_per_group: 100]
[max_cat_threshold: 32]
[cat_l2: 10]
[cat_smooth: 10]
[max_cat_to_onehot: 4]
[top_k: 20]
[monotone_constraints: ]
[monotone_constraints_method: basic]
[monotone_penalty: 0]
[feature_contri: ]
[forcedsplits_filename: ]
[refit_decay_rate: 0.9]
[cegb_tradeoff: 1]
[cegb_penalty_split: 0]
[cegb_penalty_feature_lazy: ]
[cegb_penalty_feature_coupled: ]
[path_smooth: 0]
[interaction_constraints: ]
[verbosity: -1]
[saved_feature_importance_type: 0]
[use_quantized_grad: 0]
[num_grad_quant_bins: 4]
[quant_train_renew_leaf: 0]
[stochastic_rounding: 1]
[linear_tree: 0]
[max_bin: 255]
[max_bin_by_feature: ]
[min_data_in_bin: 3]
[bin_construct_sample_cnt: 200000]
[data_random_seed: 175]
[is_enable_sparse: 1]
[enable_bundle: 1]
[use_missing: 1]
[zero_as_missing: 0]
[feature_pre_filter: 1]
[pre_partition: 0]
[two_round: 0]
[header: 0]
[label_column: ]
[weight_column: ]
[group_column: ]
[ignore_column: ]
[categorical_feature: 5,6,8,9]
[forcedbins_filename: ]
[precise_float_parser: 0]
[parser_config_file: ]
[objective_seed: 16083]
[num_class: 1]
[is_unbalance: 0]
[scale_pos_weight: 1]
[sigmoid: 1]
[boost_from_average: 1]
[reg_sqrt: 0]
[alpha: 0.25]
[fair_c: 1]
[poisson_max_delta_step: 0.7]
[tweedie_variance_power: 1.5]
[lambdarank_truncation_level: 30]
[lambdarank_norm: 1]
[label_gain: ]
[lambdarank_position_bias_regularization: 0]
[eval_at: ]
[multi_error_top_k: 1]
[auc_mu_weights: ]
[num_machines: 1]
[local_listen_port: 12400]
[time_out: 120]
[machine_list_filename: ]
[machines: ]
[gpu_platform_id: -1]
[gpu_device_id: -1]
[gpu_device_id_list: ]
[gpu_use_dp: 0]
[num_gpu: 1]

end of parameters

pandas_categorical:[]
