{"type":"FeatureCollection","features":[{"type":"Feature","properties":{"name":"Andaman and Nicobar Islands","code":"IN-AN"},"geometry":{"type":"MultiPolygon","coordinates":[[[[92.9709864,12.0645337],[92.9694843,12.063697],[92.9710561,12.0642871],[92.9709864,12.0645337]]],[[[93.6082557,8.579182],[93.6066471,8.5815881],[93.6082377,8.5790851],[93.6082557,8.579182]]],[[[92.6904541,11.611227],[92.6904756,11.607843],[92.6910013,11.6116158],[92.6904541,11.611227]]],[[[92.8896993,13.5733013],[92.9013777,13.6033459],[92.8838414,13.5928188],[92.8890127,13.5727799],[92.8896993,13.5733013]]],[[[93.0043048,13.5850339],[93.0041009,13.5842465],[93.0043745,13.584987],[93.0043048,13.5850339]]],[[[93.0520883,13.5631196],[93.0576485,13.5668352],[93.0519971,13.5633413],[93.0520883,13.5631196]]],[[[93.0467963,13.622449],[93.0631202,13.6545464],[93.0424887,13.6382558],[93.0467588,13.6225741],[93.0467963,13.622449]]],[[[93.0122924,13.6731658],[92.9777294,13.6540199],[93.0299842,13.627785],[93.0125821,13.6725299],[93.0122924,13.6731658]]],[[[92.8757382,13.5351042],[92.874856,13.5408461],[92.8755976,13.5351653],[92.8757382,13.5351042]]],[[[92.8680646,13.5116517],[92.873138,13.5023306],[92.8686172,13.5125853],[92.8680646,13.5116517]]],[[[92.8161263,13.4076074],[92.8124785,13.4193586],[92.8157991,13.4071848],[92.8161263,13.4076074]]],[[[92.8437531,13.4395564],[92.8219601,13.435878],[92.8223276,13.4210857],[92.8436994,13.4380433],[92.8437531,13.4395564]]],[[[92.8783214,13.4357189],[92.8725815,13.4364572],[92.8779536,13.4355679],[92.8783214,13.4357189]]],[[[92.8496258,13.4172362],[92.8505686,13.4171801],[92.8496794,13.4174618],[92.8496258,13.4172362]]],[[[92.8501609,13.4138901],[92.8527653,13.4133839],[92.8502092,13.4141353],[92.8501609,13.4138901]]],[[[92.8670025,13.4119255],[92.8641647,13.413123],[92.8669918,13.4118028],[92.8670025,13.4119255]]],[[[92.8150964,13.2874099],[92.817328,13.2845293],[92.815197,13.2876879],[92.8150964,13.2874099]]],[[[92.8260022,13.2936487],[92.8313197,13.2931188],[92.8260666,13.2943613],[92.8260022,13.2936487]]],[[[92.7564593,13.2016665],[92.7554722,13.2005593],[92.7564096,13.2014968],[92.7564593,13.2016665]]],[[[92.7949288,13.1673069],[92.7968198,13.1705349],[92.794725,13.1673147],[92.7949288,13.1673069]]],[[[92.7063864,13.0709035],[92.7194783,13.099289],[92.6954806,13.0957648],[92.7058393,13.0705691],[92.7063864,13.0709035]]],[[[92.7289894,13.0903962],[92.7312921,13.0952946],[92.7288178,13.0901846],[92.7289894,13.0903962]]],[[[92.7222034,12.8977598],[92.7203125,12.9785686],[92.6922083,12.9921934],[92.66906,12.96156],[92.6801035,12.9427219],[92.6482764,12.8617564],[92.6683259,12.7827736],[92.6890571,12.8170288],[92.6728749,12.8370573],[92.7011454,12.8410663],[92.7221364,12.8970133],[92.7222034,12.8977598]]],[[[92.7670124,12.9170975],[92.7680692,12.9163707],[92.7669373,12.9171262],[92.7670124,12.9170975]]],[[[92.7720147,12.9186556],[92.77536,12.93091],[92.7719048,12.9188491],[92.7720147,12.9186556]]],[[[92.7640218,12.9179262],[92.7667791,12.925207],[92.7639091,12.9182321],[92.7640218,12.9179262]]],[[[92.7624835,12.9262945],[92.7618009,12.9356376],[92.7623266,12.9263115],[92.7624835,12.9262945]]],[[[92.7763599,12.8652943],[92.7783903,12.8653623],[92.7762043,12.8653074],[92.7763599,12.8652943]]],[[[92.7636292,12.855352],[92.765977,12.8724953],[92.7635282,12.8555589],[92.7636292,12.855352]]],[[[92.7570721,12.8762922],[92.7604732,12.8778192],[92.7570507,12.8763576],[92.7570721,12.8762922]]],[[[92.7489424,12.8926888],[92.7514529,12.8966996],[92.7489182,12.8930497],[92.7489424,12.8926888]]],[[[92.7530542,12.8906756],[92.7546233,12.9128256],[92.753073,12.8908952],[92.7530542,12.8906756]]],[[[92.7819818,12.8862412],[92.791729,12.8912927],[92.7824914,12.886487],[92.7819818,12.8862412]]],[[[92.79232,12.89232],[92.79207,12.91639],[92.7743483,12.9117694],[92.79158,12.89265],[92.79232,12.89232]]],[[[92.7125695,12.8341425],[92.7270673,12.8654685],[92.7125395,12.8342425],[92.7125695,12.8341425]]],[[[92.7299309,12.854811],[92.7315672,12.8563915],[92.7295822,12.8550202],[92.7299309,12.854811]]],[[[92.6554741,12.7690498],[92.6561634,12.7752297],[92.6554272,12.768987],[92.6554741,12.7690498]]],[[[92.7179379,12.7738794],[92.7168202,12.7741834],[92.7178108,12.7735586],[92.7179379,12.7738794]]],[[[92.7174479,12.7761138],[92.7158171,12.7766946],[92.7173191,12.775779],[92.7174479,12.7761138]]],[[[92.716096,12.7836158],[92.7164984,12.7826402],[92.7163348,12.7837283],[92.716096,12.7836158]]],[[[92.724773,12.7619175],[92.7173889,12.7879056],[92.724486,12.7618626],[92.724773,12.7619175]]],[[[92.7180889,12.7899406],[92.7176651,12.7905056],[92.7180755,12.7897601],[92.7180889,12.7899406]]],[[[92.7154174,12.796838],[92.7154201,12.7947664],[92.7155972,12.7971257],[92.7154174,12.796838]]],[[[92.7160424,12.8008189],[92.7168256,12.7985721],[92.716198,12.800934],[92.7160424,12.8008189]]],[[[92.7174398,12.8039706],[92.7162731,12.8022731],[92.7173942,12.803743],[92.7174398,12.8039706]]],[[[92.716316,12.7209039],[92.7253926,12.7479872],[92.7086878,12.830025],[92.6944613,12.7973271],[92.71607,12.72108],[92.716316,12.7209039]]],[[[92.7321759,12.7040409],[92.7305719,12.7022642],[92.7324602,12.7038315],[92.7321759,12.7040409]]],[[[92.7272272,12.7357017],[92.7277905,12.7267018],[92.7273452,12.7353407],[92.7272272,12.7357017]]],[[[92.7025026,12.6380744],[92.702457,12.6416652],[92.7020386,12.6380064],[92.7025026,12.6380744]]],[[[92.6794302,12.5236972],[92.6737547,12.5420829],[92.6794302,12.5231238],[92.6794302,12.5236972]]],[[[92.6963469,12.2496849],[92.6995844,12.2435619],[92.6963121,12.2499182],[92.6963469,12.2496849]]],[[[92.7077275,12.2963869],[92.7109542,12.2300964],[92.7239013,12.2910092],[92.7086878,12.2964446],[92.7077275,12.2963869]]],[[[92.7383476,12.2754967],[92.7354965,12.2690676],[92.7390155,12.2751088],[92.7383476,12.2754967]]],[[[92.7704349,12.294935],[92.7667308,12.2888917],[92.7705985,12.2949691],[92.7704349,12.294935]]],[[[92.762002,12.2935513],[92.7529871,12.2775541],[92.7646574,12.2653091],[92.7620906,12.2936011],[92.762002,12.2935513]]],[[[92.7373579,12.2921414],[92.7356869,12.2813019],[92.7375108,12.2922698],[92.7373579,12.2921414]]],[[[92.7481109,12.2881264],[92.7348125,12.2479524],[92.7482665,12.2882627],[92.7481109,12.2881264]]],[[[92.7331388,12.184885],[92.7637213,12.1816812],[92.7682543,12.2003845],[92.7621281,12.2295145],[92.7400857,12.2361045],[92.7328974,12.2100687],[92.7299684,12.2423535],[92.7218467,12.1944491],[92.7329886,12.1854146],[92.7331388,12.184885]]],[[[92.7531266,12.2943873],[92.7522683,12.2925476],[92.7533171,12.2944162],[92.7531266,12.2943873]]],[[[92.7641639,12.2983944],[92.765336,12.296801],[92.7643543,12.2985149],[92.7641639,12.2983944]]],[[[92.8458211,12.151012],[92.8454161,12.147695],[92.8459176,12.1510723],[92.8458211,12.151012]]],[[[92.9327247,12.3078941],[92.928472,12.2802562],[92.9018444,12.2878958],[92.9008278,12.271948],[92.9208881,12.2669079],[92.9235756,12.2309405],[92.9421419,12.2764009],[92.9326898,12.3080696],[92.9327247,12.3078941]]],[[[92.9341811,12.2098904],[92.934737,12.2247423],[92.9328413,12.195874],[92.9341891,12.2097751],[92.9341811,12.2098904]]],[[[92.8972755,12.4106714],[92.8987813,12.4074853],[92.8974992,12.4110636],[92.8972755,12.4106714]]],[[[92.8888287,12.4141915],[92.8891683,12.412782],[92.8889403,12.4142149],[92.8888287,12.4141915]]],[[[92.8957558,12.3951626],[92.8966561,12.3921625],[92.8959006,12.395215],[92.8957558,12.3951626]]],[[[92.8803062,12.3836043],[92.8883743,12.4077289],[92.8435653,12.4019422],[92.8625044,12.3800282],[92.8800246,12.3837929],[92.8803062,12.3836043]]],[[[92.9097462,12.3392603],[92.9159099,12.3552591],[92.9094458,12.3396455],[92.9097462,12.3392603]]],[[[92.9050013,12.3396822],[92.9063666,12.3385162],[92.9048941,12.3398079],[92.9050013,12.3396822]]],[[[92.9112938,12.3350417],[92.9126805,12.3319995],[92.9113984,12.3352146],[92.9112938,12.3350417]]],[[[92.8641325,12.4199489],[92.8694379,12.4141232],[92.8643417,12.4201218],[92.8641325,12.4199489]]],[[[92.843914,12.4193254],[92.8454268,12.414689],[92.8440025,12.419349],[92.843914,12.4193254]]],[[[92.948724,12.4143327],[92.9375446,12.421091],[92.926172,12.4043994],[92.9177556,12.3685976],[92.9309088,12.3586167],[92.9553598,12.4353507],[92.9489922,12.4145004],[92.948724,12.4143327]]],[[[92.9031479,12.9389184],[92.8999186,12.9415873],[92.903164,12.9387824],[92.9031479,12.9389184]]],[[[92.8902358,12.934809],[92.8933498,12.9368532],[92.8900641,12.9345998],[92.8902358,12.934809]]],[[[92.8920624,12.9326183],[92.8905818,12.9320772],[92.892116,12.9325948],[92.8920624,12.9326183]]],[[[92.8871834,12.92911],[92.8875643,12.9278395],[92.8873578,12.9292695],[92.8871834,12.92911]]],[[[92.9130185,12.9179341],[92.9085982,12.914091],[92.9131955,12.9179079],[92.9130185,12.9179341]]],[[[92.934967,12.9134008],[92.9315391,12.9183837],[92.9348892,12.9133929],[92.934967,12.9134008]]],[[[92.872619,12.9158269],[92.8843296,12.9293688],[92.8602326,12.9332012],[92.87218,12.91591],[92.872619,12.9158269]]],[[[92.9718661,12.943527],[92.9822141,12.9339803],[92.9799664,12.9671517],[93.0060106,12.9979509],[92.97243,12.9694],[92.9616201,12.9896556],[92.9525918,12.980325],[92.9742747,12.9462561],[92.9524308,12.9408815],[92.9716301,12.943757],[92.9718661,12.943527]]],[[[92.9473078,13.0226524],[92.9455161,13.0254642],[92.9473212,13.022783],[92.9473078,13.0226524]]],[[[92.9095665,13.0077984],[92.9103336,13.0070117],[92.9097354,13.0078506],[92.9095665,13.0077984]]],[[[92.9108244,13.0047564],[92.9121011,13.0022501],[92.9110122,13.0050073],[92.9108244,13.0047564]]],[[[92.9332504,13.0529509],[92.9328722,13.0493058],[92.9334328,13.0529509],[92.9332504,13.0529509]]],[[[92.9168165,13.0475604],[92.9187262,13.0401499],[92.9171491,13.047644],[92.9168165,13.0475604]]],[[[92.93508,12.9977],[92.9428017,13.0185966],[92.92263,13.02875],[92.9164061,13.0104353],[92.9350568,12.997751],[92.93508,12.9977]]],[[[92.9734902,12.994309],[92.973808,12.9938294],[92.9735438,12.9942763],[92.9734902,12.994309]]],[[[92.9867282,12.9998091],[92.989558,13.0010714],[92.9868221,13.0000548],[92.9867282,12.9998091]]],[[[92.9916957,13.0258248],[92.9913577,13.0254537],[92.9918942,13.0257935],[92.9916957,13.0258248]]],[[[92.9917547,13.0234664],[92.9917721,13.0232744],[92.9918083,13.0234873],[92.9917547,13.0234664]]],[[[93.0612159,13.2270472],[93.0617952,13.2259088],[93.0611917,13.2271621],[93.0612159,13.2270472]]],[[[93.0603535,13.2216436],[93.0607451,13.2213394],[93.0604434,13.2216136],[93.0603535,13.2216436]]],[[[93.0575761,13.2259924],[93.0599365,13.2221645],[93.0577719,13.2261647],[93.0575761,13.2259924]]],[[[93.0491137,13.2943926],[93.0504066,13.2949878],[93.0494946,13.2943561],[93.0491137,13.2943926]]],[[[93.0692089,13.2677032],[93.0688682,13.2656825],[93.0692732,13.267899],[93.0692089,13.2677032]]],[[[93.0364765,13.3419847],[93.0385016,13.3436341],[93.0365865,13.3422405],[93.0364765,13.3419847]]],[[[92.9676712,13.332597],[92.9699349,13.3383257],[92.9675263,13.3325761],[92.9676712,13.332597]]],[[[93.020339,13.3385606],[93.0185071,13.3456384],[93.0204034,13.3384823],[93.020339,13.3385606]]],[[[93.0136576,13.3372296],[93.0158597,13.3387485],[93.0136214,13.3372309],[93.0136576,13.3372296]]],[[[93.0074054,13.3355906],[93.0094171,13.3366658],[93.0073571,13.3356284],[93.0074054,13.3355906]]],[[[93.0216426,13.3022653],[93.0180001,13.3290814],[93.0216292,13.3020982],[93.0216426,13.3022653]]],[[[93.0484083,13.374707],[93.0489582,13.3787855],[93.0483064,13.3746444],[93.0484083,13.374707]]],[[[93.0457234,13.3757325],[93.0450636,13.3762727],[93.0456617,13.3757012],[93.0457234,13.3757325]]],[[[93.0374542,13.3607329],[93.0357456,13.3610956],[93.0373979,13.3605685],[93.0374542,13.3607329]]],[[[93.071022,13.3061493],[93.0895239,13.3383623],[93.0544996,13.3821099],[93.0372074,13.3721236],[93.039946,13.3228122],[93.060776,13.3295982],[93.0629352,13.3067079],[93.0794093,13.2999421],[93.0711199,13.3059914],[93.071022,13.3061493]]],[[[93.0621707,13.3853586],[93.0619025,13.3827205],[93.0622432,13.3855412],[93.0621707,13.3853586]]],[[[93.069524,13.3832593],[93.0694181,13.383609],[93.0694918,13.3832907],[93.069524,13.3832593]]],[[[93.0798854,13.3769563],[93.0806726,13.3762283],[93.0799538,13.3769902],[93.0798854,13.3769563]]],[[[93.0822203,13.3695715],[93.0819587,13.3667923],[93.0823839,13.3695167],[93.0822203,13.3695715]]],[[[93.0761746,13.3663853],[93.0776712,13.3627658],[93.0762631,13.3663435],[93.0761746,13.3663853]]],[[[93.1036726,13.4299482],[93.0974069,13.4376442],[93.1034687,13.4297525],[93.1036726,13.4299482]]],[[[93.0880215,13.4326244],[93.0877992,13.4311874],[93.0881453,13.4325779],[93.0880215,13.4326244]]],[[[93.0777007,13.4331597],[93.0789681,13.4326392],[93.0780762,13.4331727],[93.0777007,13.4331597]]],[[[93.0716604,13.4134413],[93.0726394,13.4312265],[93.0716175,13.4133135],[93.0716604,13.4134413]]],[[[93.08881,13.41051],[93.0931985,13.4194942],[93.08814,13.41142],[93.08881,13.41051]]],[[[93.0167073,13.2849117],[93.0145776,13.2837501],[93.0167341,13.2848647],[93.0167073,13.2849117]]],[[[92.8642841,13.466326],[92.8654267,13.4662465],[92.8642935,13.4663443],[92.8642841,13.466326]]],[[[92.8615334,13.4651691],[92.8629845,13.4660704],[92.8614731,13.4652409],[92.8615334,13.4651691]]],[[[92.9218671,13.5123767],[92.9142147,13.5073537],[92.9217625,13.5123297],[92.9218671,13.5123767]]],[[[92.9079491,13.5309342],[92.9073429,13.5368955],[92.9073644,13.5308247],[92.9079491,13.5309342]]],[[[92.9788855,13.5367442],[92.9790142,13.5373284],[92.9788372,13.5370415],[92.9788855,13.5367442]]],[[[92.9232303,13.5127428],[92.9250348,13.495899],[92.9023701,13.497396],[92.900506,13.4773231],[92.8718948,13.4725158],[92.8841445,13.4313335],[92.8657231,13.4003097],[92.8453839,13.408051],[92.8431308,13.3933874],[92.8679144,13.3804817],[92.8388929,13.3743234],[92.8217375,13.310597],[92.8406337,13.3012316],[92.8223383,13.2708829],[92.8510407,13.2515455],[92.8481734,13.2381857],[92.8314257,13.2425616],[92.832697,13.2139969],[92.8172824,13.2022593],[92.8348549,13.1707034],[92.8148496,13.174455],[92.8095496,13.1532634],[92.8477925,13.1389997],[92.8425997,13.126676],[92.8097427,13.1268746],[92.8255194,13.1148507],[92.8226146,13.0951091],[92.8077257,13.1003497],[92.8100914,13.0736886],[92.7972329,13.0895106],[92.7878834,13.0193231],[92.8256,13.01352],[92.8088093,12.9979405],[92.8218931,12.9874184],[92.79486,12.98708],[92.7945802,12.9144099],[92.8029621,12.8987206],[92.8431201,12.891779],[92.8429216,12.8765197],[92.873657,12.8832108],[92.8759477,12.9080073],[92.8593394,12.9033208],[92.8540742,12.9257508],[92.8770822,12.9446353],[92.8814059,12.9823636],[92.8995484,12.99459],[92.9124284,12.9468573],[92.9376304,12.9696819],[92.9025364,13.0219834],[92.9363751,13.0742216],[92.9454142,13.0537269],[92.9346263,13.0425382],[92.9606505,13.0150909],[92.9757205,13.0140965],[92.9655227,13.0365125],[93.0032372,13.028391],[93.0204342,13.0501296],[93.0355149,13.0896255],[93.0319583,13.1784377],[93.0659205,13.2723578],[93.0446559,13.2582369],[93.0462974,13.2817792],[93.0114824,13.2765713],[93.0109459,13.2963765],[93.0217498,13.2948051],[93.0092454,13.320458],[92.9647314,13.3242008],[92.9517764,13.3422927],[92.9671132,13.3611452],[92.9863608,13.3288413],[93.003087,13.354308],[93.0319315,13.3451582],[93.0371618,13.3748192],[93.0687797,13.396829],[93.0619883,13.420423],[93.0456054,13.4029658],[93.0309445,13.4267419],[93.04501,13.5256508],[93.0279243,13.578336],[93.0105543,13.5428514],[92.9887748,13.573536],[92.9869294,13.5294165],[92.9653805,13.5434042],[92.9176104,13.536387],[92.9235005,13.5132112],[92.9232303,13.5127428]]],[[[92.8945059,12.3357098],[92.8931433,12.3405704],[92.8944173,12.3357858],[92.8945059,12.3357098]]],[[[92.8571588,12.3120791],[92.8586179,12.3112038],[92.8571266,12.312142],[92.8571588,12.3120791]]],[[[92.7267712,12.7530153],[92.7263099,12.7517857],[92.7267069,12.7526124],[92.7267712,12.7530153]]],[[[92.8928,12.8997063],[92.8922769,12.8975912],[92.8929073,12.8997298],[92.8928,12.8997063]]],[[[92.7395345,12.7119021],[92.7276456,12.6906124],[92.7360624,12.6396474],[92.7242607,12.6256868],[92.7157715,12.6429974],[92.7038437,12.6057471],[92.6846874,12.6087232],[92.7070168,12.5971273],[92.7092349,12.5759314],[92.6944077,12.5156062],[92.7085912,12.4927014],[92.700153,12.325915],[92.7196661,12.3004044],[92.7533305,12.2959519],[92.7713818,12.3167017],[92.8322169,12.3024616],[92.8780693,12.3137981],[92.8984433,12.3250005],[92.8789222,12.333328],[92.8902626,12.3496127],[92.8583121,12.3636301],[92.8335983,12.4095495],[92.8425997,12.420609],[92.8250098,12.4315999],[92.8987759,12.4159149],[92.8810358,12.4442457],[92.9153037,12.4064663],[92.9159474,12.4421451],[92.9574144,12.4673407],[92.9336125,12.4659055],[92.9300424,12.4796783],[92.9468223,12.4998033],[92.963841,12.4879092],[92.9753101,12.5417922],[92.9560116,12.622436],[92.9628271,12.6973738],[92.9801568,12.7088448],[92.9614779,12.7537425],[92.9337922,12.7737675],[92.95389,12.8064396],[92.9279718,12.8839429],[92.9042154,12.8868112],[92.922079,12.9125119],[92.898096,12.9265808],[92.8960696,12.8980905],[92.8449655,12.8750188],[92.8420365,12.8910312],[92.803064,12.8968722],[92.79427,12.8627],[92.7707809,12.8633776],[92.7674925,12.8479388],[92.7599555,12.8589218],[92.7437389,12.8241825],[92.7404183,12.836699],[92.7382725,12.8100437],[92.7302286,12.8348998],[92.72099,12.78872],[92.739796,12.712207],[92.7395345,12.7119021]]],[[[92.8717875,12.2277005],[92.8719404,12.2284555],[92.8717232,12.2277713],[92.8717875,12.2277005]]],[[[92.8664848,12.2356484],[92.8651142,12.2505552],[92.8664285,12.2356195],[92.8664848,12.2356484]]],[[[92.8999212,12.2611496],[92.9004925,12.2583949],[92.8999454,12.2612596],[92.8999212,12.2611496]]],[[[92.8810573,12.2454701],[92.880146,12.2501469],[92.8808615,12.2452447],[92.8810573,12.2454701]]],[[[92.8822052,12.239056],[92.882967,12.2403824],[92.8820872,12.239077],[92.8822052,12.239056]]],[[[92.8767335,12.2139747],[92.8912926,12.2340756],[92.9123479,12.2221379],[92.901485,12.2564553],[92.885491,12.2383666],[92.8709856,12.2451136],[92.8766477,12.2145357],[92.8767335,12.2139747]]],[[[92.7383155,12.1070801],[92.743004,12.1145438],[92.7383262,12.1073423],[92.7383155,12.1070801]]],[[[92.7547145,12.1411868],[92.7572116,12.1498426],[92.7545589,12.1412261],[92.7547145,12.1411868]]],[[[92.7620423,12.17988],[92.7588209,12.1662985],[92.7621147,12.1797804],[92.7620423,12.17988]]],[[[92.7533251,12.0753716],[92.7646762,12.0635475],[92.7922788,12.0800455],[92.7858817,12.1036235],[92.8111884,12.107678],[92.8010684,12.1305168],[92.8191358,12.1616445],[92.8549701,12.1705382],[92.845569,12.1972727],[92.8800192,12.1942866],[92.8588003,12.2443614],[92.8879344,12.2592493],[92.8717366,12.3007765],[92.7716124,12.3128705],[92.7818826,12.2849762],[92.764416,12.2636841],[92.750203,12.2738534],[92.7421376,12.2451451],[92.7706602,12.2311266],[92.7393132,12.0980374],[92.7519036,12.0747525],[92.7533251,12.0753716]]],[[[92.7168841,12.2587823],[92.7175739,12.256061],[92.7173151,12.2589964],[92.7168841,12.2587823]]],[[[92.8781283,12.2967905],[92.8772914,12.2936797],[92.8783241,12.2970709],[92.8781283,12.2967905]]],[[[92.8646019,12.3027171],[92.8664204,12.3056037],[92.8645496,12.302721],[92.8646019,12.3027171]]],[[[92.9261445,12.2052758],[92.9261345,12.2057033],[92.9261264,12.2052797],[92.9261445,12.2052758]]],[[[92.7271494,12.1844183],[92.7307034,12.1893184],[92.7268919,12.1843895],[92.7271494,12.1844183]]],[[[92.7298692,12.1925589],[92.7307811,12.1925405],[92.7299309,12.1926821],[92.7298692,12.1925589]]],[[[92.721101,12.19059],[92.7211869,12.1916753],[92.7208596,12.1913607],[92.721101,12.19059]]],[[[92.9010236,12.4261516],[92.9034135,12.4204728],[92.9012543,12.4261726],[92.9010236,12.4261516]]],[[[92.831262,12.8851822],[92.8320613,12.885428],[92.8311601,12.8852189],[92.831262,12.8851822]]],[[[92.8345263,12.8860529],[92.8362054,12.8875956],[92.8344834,12.8861157],[92.8345263,12.8860529]]],[[[92.7933919,12.8633645],[92.7939592,12.8632834],[92.7933007,12.8634207],[92.7933919,12.8633645]]],[[[92.7647674,12.8527766],[92.764188,12.8539612],[92.764585,12.8528472],[92.7647674,12.8527766]]],[[[92.7576435,12.9121459],[92.7581745,12.9139393],[92.7574664,12.9121772],[92.7576435,12.9121459]]],[[[92.7253094,12.8326481],[92.7277368,12.8379909],[92.7252129,12.8328651],[92.7253094,12.8326481]]],[[[94.2632733,13.4312135],[94.272506,13.4647702],[94.2493057,13.4459178],[94.2632774,13.431143],[94.2632733,13.4312135]]],[[[94.260115,13.4615107],[94.2610055,13.4613281],[94.2601258,13.4616568],[94.260115,13.4615107]]],[[[93.8487017,12.2862762],[93.8549405,12.2657416],[93.8760039,12.2713452],[93.8673297,12.2953203],[93.8488466,12.2864989],[93.8487017,12.2862762]]],[[[92.7727161,9.1256458],[92.8100311,9.1244217],[92.8309281,9.1624799],[92.8173146,9.2149816],[92.7756612,9.2562168],[92.767683,9.2162856],[92.7225146,9.2153245],[92.7187112,9.1589409],[92.7313511,9.1243316],[92.7723809,9.1259676],[92.7727161,9.1256458]]],[[[92.8580278,8.8204743],[92.8593837,8.8370965],[92.8579044,8.8205167],[92.8580278,8.8204743]]],[[[93.0557281,8.452756],[93.0420729,8.4691516],[93.0386263,8.4461391],[93.0574673,8.4395837],[93.0556181,8.4522678],[93.0557281,8.452756]]],[[[93.2040811,8.2131256],[93.1267717,8.273895],[93.1419772,8.3459603],[93.1023234,8.3460293],[93.0844948,8.2823594],[93.1054817,8.2411423],[93.1878417,8.1931272],[93.2037941,8.2123279],[93.2040811,8.2131256]]],[[[93.2389712,8.2226081],[93.2390651,8.2214533],[93.2390061,8.2226001],[93.2389712,8.2226081]]],[[[93.248595,8.2267918],[93.2382417,8.2606883],[93.2259196,8.2598841],[93.2226151,8.2414025],[93.2482329,8.2259675],[93.248595,8.2267918]]],[[[93.3985117,7.9767878],[93.398855,7.9752285],[93.3985788,7.9768356],[93.3985117,7.9767878]]],[[[93.3321753,7.9245677],[93.3428156,7.9434557],[93.3242226,7.9494487],[93.355186,7.9598936],[93.3664781,7.9341526],[93.3453262,7.9178226],[93.3530858,7.8917628],[93.3789718,7.8845468],[93.425712,7.9067177],[93.4612352,7.8727795],[93.4738925,7.8925678],[93.461718,7.9351276],[93.4305534,7.9672304],[93.4185343,7.9565586],[93.3980101,7.9725616],[93.4091628,8.0063482],[93.3795941,8.0239708],[93.3254403,7.997761],[93.3107713,7.9613838],[93.3320814,7.924508],[93.3321753,7.9245677]]],[[[93.5773359,7.9292566],[93.5773949,7.9289365],[93.5774003,7.9291915],[93.5773359,7.9292566]]],[[[93.5454579,7.9517438],[93.5455437,7.9524889],[93.545415,7.9517159],[93.5454579,7.9517438]]],[[[93.5290092,7.9667921],[93.577238,7.9293921],[93.5821599,7.9918485],[93.5627568,8.0246401],[93.5447364,8.0270676],[93.5523122,7.9873967],[93.5321823,8.0245445],[93.5246587,7.9925284],[93.5051993,7.9938432],[93.5284594,7.9671746],[93.5290092,7.9667921]]],[[[93.5745062,8.0946242],[93.5896204,8.0629569],[93.5745531,8.0728214],[93.5743761,8.0609014],[93.594081,8.0384348],[93.577356,8.1239098],[93.5622284,8.1193878],[93.5801469,8.1185315],[93.5745183,8.094652],[93.5745062,8.0946242]]],[[[93.5066128,8.1599405],[93.5068381,8.1621176],[93.5065752,8.1598954],[93.5066128,8.1599405]]],[[[93.5046279,8.165536],[93.543359,8.1951317],[93.5386062,8.2278483],[93.4936751,8.2209463],[93.4925634,8.1991086],[93.4570402,8.1742191],[93.4564568,8.144513],[93.4710293,8.1397324],[93.4605002,8.1202056],[93.4908253,8.0893656],[93.485367,8.0516369],[93.5150108,8.086398],[93.5408237,8.0678892],[93.5174757,8.0447345],[93.5103598,8.0676668],[93.5095391,8.0357524],[93.4855427,8.0442033],[93.5011572,7.9975007],[93.5071559,8.0341336],[93.5244065,8.0321032],[93.5308868,8.0509198],[93.5494316,8.0352531],[93.5511737,8.0745847],[93.4968871,8.1430659],[93.5046816,8.1652877],[93.5046279,8.165536]]],[[[93.6668935,7.3656337],[93.6668842,7.3653797],[93.6669405,7.3656284],[93.6668935,7.3656337]]],[[[93.6663102,7.3652546],[93.6663195,7.3649407],[93.66645,7.3653287],[93.6663102,7.3652546]]],[[[93.6672388,7.372473],[93.6669653,7.3723098],[93.6672886,7.3724822],[93.6672388,7.372473]]],[[[93.6684519,7.3738326],[93.668301,7.372899],[93.6684951,7.3737759],[93.6684519,7.3738326]]],[[[93.6816128,7.383937],[93.681762,7.3838731],[93.6816169,7.3839473],[93.6816128,7.383937]]],[[[93.6848838,7.3867303],[93.684985,7.3866318],[93.6848955,7.3867349],[93.6848838,7.3867303]]],[[[93.6841746,7.3859299],[93.68422,7.3858694],[93.6842009,7.385933],[93.6841746,7.3859299]]],[[[93.6825198,7.3852261],[93.6824505,7.3852288],[93.6825167,7.3852121],[93.6825198,7.3852261]]],[[[93.6952592,7.3912402],[93.6953303,7.3909715],[93.6953035,7.3912408],[93.6952592,7.3912402]]],[[[93.6977684,7.3929984],[93.6986992,7.3918446],[93.6979636,7.3931147],[93.6977684,7.3929984]]],[[[93.6911716,7.408665],[93.6885846,7.3972196],[93.6911152,7.4086371],[93.6911716,7.408665]]],[[[93.7060747,7.4116485],[93.7062115,7.4114283],[93.7060869,7.4116562],[93.7060747,7.4116485]]],[[[93.7106699,7.3825688],[93.7127526,7.3848457],[93.7104285,7.3825501],[93.7106699,7.3825688]]],[[[93.7533277,7.3589489],[93.7058996,7.4442652],[93.7131804,7.3771504],[93.7073493,7.3938868],[93.66937,7.3624735],[93.6650321,7.3792757],[93.63372,7.37195],[93.6375689,7.320994],[93.6225808,7.3089931],[93.6479632,7.2435022],[93.6790949,7.2853055],[93.7248494,7.3099216],[93.7528087,7.3587161],[93.7533277,7.3589489]]],[[[93.6500206,7.4755958],[93.6445749,7.4710253],[93.6501659,7.4755078],[93.6500206,7.4755958]]],[[[93.6324915,7.4767251],[93.6327919,7.4760809],[93.632462,7.4767909],[93.6324915,7.4767251]]],[[[93.6330789,7.4765955],[93.6332291,7.4761354],[93.6331594,7.4765915],[93.6330789,7.4765955]]],[[[93.6339118,7.4757857],[93.6340432,7.4758721],[93.6339097,7.4758049],[93.6339118,7.4757857]]],[[[93.6336945,7.4781751],[93.632855,7.4767657],[93.6336127,7.4780867],[93.6336945,7.4781751]]],[[[93.548238,7.5148586],[93.5410912,7.5236032],[93.5480529,7.5147357],[93.548238,7.5148586]]],[[[93.8449158,7.2872051],[93.8481183,7.290274],[93.844901,7.2873062],[93.8449158,7.2872051]]],[[[93.8053465,7.2279096],[93.8058923,7.2287957],[93.8055342,7.2282475],[93.8053465,7.2279096]]],[[[93.9032619,7.0785357],[93.9043871,7.0785051],[93.9031371,7.0786102],[93.9032619,7.0785357]]],[[[93.9442876,6.9922798],[93.9450198,6.9919297],[93.9444391,6.9922665],[93.9442876,6.9922798]]],[[[93.7859783,6.9033665],[93.7865362,6.9048617],[93.7859809,6.9041374],[93.7859783,6.9033665]]],[[[93.7864704,6.9030097],[93.7872979,6.8983512],[93.7865549,6.9029924],[93.7864704,6.9030097]]],[[[93.8537094,7.2137481],[93.8476952,7.2438654],[93.8066145,7.2333059],[93.8033536,7.2005867],[93.7771022,7.2112062],[93.7892371,7.1954775],[93.7787269,7.2051025],[93.7613046,7.1928589],[93.7604302,7.2138519],[93.7341164,7.1868262],[93.6860606,7.1893889],[93.6806828,7.1410284],[93.6565952,7.1246019],[93.6798593,7.1144296],[93.6589488,7.0983481],[93.6752164,7.0217395],[93.6645158,7.0077952],[93.7005043,7.0131781],[93.7051754,6.9918885],[93.7251592,6.9928282],[93.7511565,6.9571433],[93.7508279,6.9111138],[93.7667978,6.9179516],[93.7775132,6.8944822],[93.7906936,6.9038951],[93.7799775,6.8854438],[93.795319,6.8758993],[93.7805602,6.880638],[93.7765945,6.8636697],[93.7990326,6.8519205],[93.7887812,6.8320763],[93.8010523,6.816165],[93.8180548,6.8198296],[93.8057488,6.7684319],[93.8272695,6.7562874],[93.8494715,6.8156111],[93.8653019,6.8198536],[93.8816352,6.7944404],[93.9017773,6.8139385],[93.8963109,6.9029525],[93.9154096,6.912969],[93.9189273,6.9497909],[93.9444968,6.9551451],[93.9131493,6.9988144],[93.9279449,7.0114051],[93.9438148,6.9933482],[93.9456461,7.007513],[93.9158106,7.0247769],[93.887296,7.086469],[93.882063,7.2036868],[93.853932,7.2138106],[93.8537094,7.2137481]]],[[[93.7193227,7.2124655],[93.7087762,7.2305279],[93.7191135,7.2123218],[93.7193227,7.2124655]]],[[[93.7662104,7.4012786],[93.7716673,7.3950385],[93.7663485,7.4015459],[93.7662104,7.4012786]]],[[[93.5030923,8.0457208],[93.504294,8.0471725],[93.5030858,8.0457862],[93.5030923,8.0457208]]],[[[92.9501429,12.0893039],[92.947796,12.1159809],[92.9500034,12.090109],[92.9501429,12.0893039]]],[[[92.9768497,12.1045677],[92.9736122,12.1039094],[92.9769516,12.1043316],[92.9768497,12.1045677]]],[[[92.9778694,12.1106816],[92.9785381,12.1100688],[92.9781174,12.1108153],[92.9778694,12.1106816]]],[[[92.9935518,12.1105733],[92.992377,12.1107595],[92.993651,12.1100409],[92.9935518,12.1105733]]],[[[93.0023226,12.1076125],[93.0004692,12.1081055],[93.002328,12.1074944],[93.0023226,12.1076125]]],[[[93.0024594,12.113264],[92.9979184,12.1128391],[93.0021858,12.1130122],[93.0024594,12.113264]]],[[[92.9874122,12.0473055],[93.0005872,12.0507575],[93.0049327,12.1031584],[92.9611105,12.1081291],[92.9625213,12.0718884],[92.9873693,12.047636],[92.9874122,12.0473055]]],[[[92.9768416,12.1161998],[93.0005228,12.1180815],[92.9917896,12.1437932],[92.957857,12.1487727],[92.9767692,12.1164083],[92.9768416,12.1161998]]],[[[93.0400854,12.0483757],[93.0535608,12.0757912],[93.0337286,12.1001093],[93.0272672,12.166566],[93.0073142,12.1463368],[93.0025613,12.1099072],[93.0074,12.0760325],[93.0397636,12.0489371],[93.0400854,12.0483757]]],[[[93.1189531,12.1347282],[93.1165284,12.1480988],[93.1181914,12.1338078],[93.1189531,12.1347282]]],[[[93.085049,12.0892866],[93.0946657,12.1453928],[93.0875015,12.192357],[93.06862,12.21128],[93.0368936,12.1322868],[93.0692048,12.0870575],[93.0846289,12.0888318],[93.085049,12.0892866]]],[[[93.019643,12.2237108],[93.0211027,12.2245518],[93.0196322,12.2238523],[93.019643,12.2237108]]],[[[93.0966264,12.2096545],[93.1050888,12.2595245],[93.0884188,12.2369249],[93.07419,12.26029],[93.0636032,12.2291078],[93.0924207,12.2250818],[93.0961007,12.210011],[93.0966264,12.2096545]]],[[[93.0235362,12.2769801],[93.0296624,12.279103],[93.0243596,12.277596],[93.0235362,12.2769801]]],[[[93.0627353,12.3154674],[93.0732563,12.3169584],[93.0626871,12.3155224],[93.0627353,12.3154674]]],[[[92.9735318,12.0356008],[92.9729122,12.0364114],[92.9733869,12.0353464],[92.9735318,12.0356008]]],[[[93.0533141,11.8967664],[93.0089879,12.0194359],[92.9825856,12.0423635],[92.9695755,12.0318495],[92.9648052,12.0492269],[92.9260567,11.9957691],[92.9595146,11.9812416],[92.973792,11.9490302],[93.001872,11.9483558],[93.0319208,11.8835197],[93.0532926,11.8963989],[93.0533141,11.8967664]]],[[[92.7243036,11.9542258],[92.7243599,11.9520085],[92.7243626,11.9542599],[92.7243036,11.9542258]]],[[[92.7260256,11.9414832],[92.7330717,11.9589832],[92.7258915,11.9415934],[92.7260256,11.9414832]]],[[[92.7517292,11.9465661],[92.7655238,11.9653253],[92.7395976,11.9614707],[92.7514127,11.9464848],[92.7517292,11.9465661]]],[[[92.7339166,11.9783292],[92.7554172,11.9882076],[92.7393213,11.9969996],[92.7338013,11.9787044],[92.7339166,11.9783292]]],[[[92.7541083,11.9987469],[92.7666154,12.0108178],[92.7541512,11.9991824],[92.7541083,11.9987469]]],[[[92.7715507,12.0170538],[92.7743778,12.0130137],[92.7717036,12.0170013],[92.7715507,12.0170538]]],[[[92.7612913,11.6701384],[92.7655694,11.6809079],[92.7612457,11.6702382],[92.7612913,11.6701384]]],[[[92.722819,11.689103],[92.7263595,11.6884292],[92.7228244,11.689141],[92.722819,11.689103]]],[[[92.7006875,11.6601909],[92.6927433,11.6610085],[92.7007418,11.6600411],[92.7006875,11.6601909]]],[[[92.6871175,11.6403414],[92.6885444,11.6301588],[92.687332,11.6403361],[92.6871175,11.6403414]]],[[[92.7557015,11.6371469],[92.7553797,11.6368474],[92.7557874,11.6370313],[92.7557015,11.6371469]]],[[[92.7549183,11.6381609],[92.7541727,11.6373413],[92.7550471,11.6380769],[92.7549183,11.6381609]]],[[[92.6049507,11.9329178],[92.6039636,11.9352586],[92.6046556,11.93307],[92.6049507,11.9329178]]],[[[92.5957909,11.9052568],[92.6005599,11.9184814],[92.5956112,11.9053408],[92.5957909,11.9052568]]],[[[92.5638485,11.9484424],[92.569229,11.9447476],[92.563886,11.9486943],[92.5638485,11.9484424]]],[[[92.5827185,11.9760088],[92.5838229,11.982219],[92.5826803,11.9758864],[92.5827185,11.9760088]]],[[[92.5980198,11.928677],[92.6089337,11.9424987],[92.5936746,11.9771118],[92.5977892,11.9288554],[92.5980198,11.928677]]],[[[92.6295304,12.1156452],[92.6287388,12.1120664],[92.6295559,12.1156767],[92.6295304,12.1156452]]],[[[92.6822117,12.2152881],[92.6829641,12.2239336],[92.6822466,12.2153667],[92.6822117,12.2152881]]],[[[92.7062711,12.1969738],[92.707226,12.1975243],[92.7062497,12.1970393],[92.7062711,12.1969738]]],[[[92.7124751,12.1696206],[92.7133924,12.1705382],[92.7124804,12.1698041],[92.7124751,12.1696206]]],[[[92.7190706,12.1788286],[92.7195775,12.1798354],[92.7189794,12.1788339],[92.7190706,12.1788286]]],[[[92.7197398,12.1800019],[92.7207577,12.1818621],[92.7196607,12.179977],[92.7197398,12.1800019]]],[[[93.0534992,11.8137115],[93.0698003,11.8411612],[93.0352065,11.8359687],[93.0126464,11.849866],[93.0150309,11.8285367],[93.0530459,11.8135539],[93.0534992,11.8137115]]],[[[93.0783096,11.7795201],[93.08523,11.78908],[93.0782868,11.7795726],[93.0783096,11.7795201]]],[[[92.7153289,11.3160806],[92.6979246,11.3092429],[92.7120346,11.3031929],[92.7224958,11.3329639],[92.7153558,11.3162187],[92.7153289,11.3160806]]],[[[92.6909259,11.2711105],[92.6919186,11.2712437],[92.6909641,11.2711796],[92.6909259,11.2711105]]],[[[92.6879999,11.2427253],[92.7059251,11.2892567],[92.6878641,11.2429585],[92.6879999,11.2427253]]],[[[92.6762733,11.1782045],[92.6751977,11.1892664],[92.6762585,11.1782493],[92.6762733,11.1782045]]],[[[92.7240836,11.1408781],[92.7256447,11.1437519],[92.7238261,11.1409058],[92.7240836,11.1408781]]],[[[92.7275236,11.1449177],[92.7346328,11.1452874],[92.7274512,11.1450598],[92.7275236,11.1449177]]],[[[92.6640075,10.9826131],[92.6654613,10.9925739],[92.6637366,10.9825117],[92.6640075,10.9826131]]],[[[92.6175112,10.928106],[92.6061845,10.9372864],[92.6155401,10.9278544],[92.6175112,10.928106]]],[[[92.4540174,10.8660446],[92.4582821,10.8427897],[92.425417,10.8247519],[92.4141437,10.7908416],[92.3734224,10.7819728],[92.3816353,10.6687634],[92.4013817,10.657777],[92.419315,10.6142216],[92.3801708,10.5377549],[92.3976695,10.5291794],[92.4339116,10.5479809],[92.5132674,10.5121198],[92.5688106,10.5785172],[92.5425008,10.5963139],[92.5439036,10.6249129],[92.5970918,10.6808485],[92.5876343,10.7858039],[92.5644279,10.8042392],[92.5588489,10.8617984],[92.5209439,10.8986637],[92.4543393,10.86615],[92.4540174,10.8660446]]],[[[92.2241199,10.9730022],[92.2286475,10.9822103],[92.2133991,10.9784502],[92.2238463,10.9728969],[92.2241199,10.9730022]]],[[[92.2687948,11.5171426],[92.2736871,11.5209009],[92.2687358,11.5174369],[92.2687948,11.5171426]]],[[[92.2625405,11.5186255],[92.2774556,11.5357575],[92.2722602,11.5842667],[92.2120982,11.594991],[92.2055483,11.5349823],[92.2405672,11.5132554],[92.2225213,11.5283333],[92.2625084,11.518479],[92.2625405,11.5186255]]],[[[92.2697273,11.5572579],[92.2709998,11.5561289],[92.2697366,11.557279],[92.2697273,11.5572579]]],[[[92.5459447,11.396101],[92.5513092,11.3965875],[92.5463068,11.3963245],[92.5459447,11.396101]]],[[[92.5593634,11.3921761],[92.5627139,11.3971922],[92.5586717,11.3920377],[92.5593634,11.3921761]]],[[[92.591207,11.3782342],[92.5814599,11.3675977],[92.6029578,11.3466548],[92.6646298,11.3526454],[92.6903576,11.3704613],[92.693131,11.3871954],[92.6482469,11.4063999],[92.6854719,11.4364952],[92.6689643,11.4886462],[92.6432311,11.4963054],[92.6364478,11.5167405],[92.6118118,11.4619291],[92.6243859,11.4081457],[92.5873983,11.400747],[92.5915772,11.3787759],[92.591207,11.3782342]]],[[[92.5858158,11.5403749],[92.5838149,11.5348929],[92.5857246,11.540254],[92.5858158,11.5403749]]],[[[92.6059592,11.5214738],[92.6027244,11.5374736],[92.6058465,11.5215684],[92.6059592,11.5214738]]],[[[92.6138635,11.5098141],[92.609902,11.5037621],[92.6139935,11.5098721],[92.6138635,11.5098141]]],[[[92.6275831,11.5484532],[92.6275724,11.5420621],[92.6276421,11.5487213],[92.6275831,11.5484532]]],[[[92.6163661,11.5352661],[92.6124716,11.560636],[92.6018822,11.5531677],[92.616232,11.5349875],[92.6163661,11.5352661]]],[[[92.6097438,11.5558481],[92.6073003,11.5628932],[92.6096955,11.5557509],[92.6097438,11.5558481]]],[[[92.5987601,11.5608804],[92.5986475,11.5599816],[92.5988325,11.5608462],[92.5987601,11.5608804]]],[[[92.5763503,11.5705137],[92.5734481,11.5623519],[92.5764254,11.5705242],[92.5763503,11.5705137]]],[[[92.5952008,11.5328457],[92.5927104,11.5777542],[92.584126,11.5490629],[92.5950748,11.5328089],[92.5952008,11.5328457]]],[[[92.5782868,11.5848054],[92.577619,11.5817272],[92.5783619,11.5848527],[92.5782868,11.5848054]]],[[[92.5934373,11.5889346],[92.5950426,11.5890607],[92.593334,11.5889753],[92.5934373,11.5889346]]],[[[92.6142392,11.5633531],[92.6170206,11.5827296],[92.6015255,11.5855726],[92.614156,11.5635081],[92.6142392,11.5633531]]],[[[92.5614667,11.5179468],[92.558822,11.5413105],[92.5613165,11.5182228],[92.5614667,11.5179468]]],[[[92.5300956,11.5548364],[92.5653076,11.57337],[92.5666863,11.5924778],[92.5363558,11.6052576],[92.5301117,11.5550282],[92.5300956,11.5548364]]],[[[92.5645781,11.5682933],[92.5673689,11.5703166],[92.5646022,11.5684089],[92.5645781,11.5682933]]],[[[92.671169,11.4877709],[92.6727757,11.4892468],[92.6710445,11.4879257],[92.671169,11.4877709]]],[[[92.6444489,11.5138626],[92.6454681,11.5152766],[92.6445401,11.5142253],[92.6444489,11.5138626]]],[[[92.7558249,11.7189052],[92.7872765,11.9251237],[92.7709445,11.9397119],[92.7433486,11.9261491],[92.713725,11.9338008],[92.7327204,11.9686655],[92.7277744,11.9951945],[92.7540332,11.9987207],[92.73231,12.019184],[92.737889,12.0423845],[92.7621013,12.0221012],[92.7787122,12.0251181],[92.7818665,12.0464687],[92.7488994,12.0555001],[92.7578151,12.0647383],[92.7353758,12.0859677],[92.7573377,12.1769724],[92.7205914,12.1798774],[92.7037418,12.1635953],[92.7126145,12.1899843],[92.6970309,12.2397061],[92.6546466,12.180816],[92.6619047,12.2157993],[92.6242143,12.1029154],[92.6108837,11.8705218],[92.6038724,11.8582267],[92.6019037,11.8961758],[92.5869262,11.8862914],[92.5622123,11.9464218],[92.5136349,11.848963],[92.521652,11.826657],[92.5397408,11.8381292],[92.549217,11.8164602],[92.5610067,11.6954527],[92.5897801,11.7158876],[92.6081559,11.6339392],[92.6315394,11.6287375],[92.6313436,11.6519632],[92.6446634,11.6366162],[92.6356325,11.6148921],[92.6087728,11.620341],[92.6176643,11.5624334],[92.6315555,11.5804278],[92.6466966,11.5749834],[92.6461923,11.5234081],[92.6671296,11.5043167],[92.6996005,11.5077177],[92.7111527,11.4779218],[92.75651,11.66489],[92.7211587,11.6850803],[92.7163267,11.6651186],[92.7301776,11.6576452],[92.7074432,11.6423038],[92.6947027,11.6528642],[92.7035487,11.6183259],[92.6872677,11.6030138],[92.695207,11.620806],[92.6821688,11.6375541],[92.6740712,11.6244132],[92.6616499,11.6521418],[92.7084169,11.6706138],[92.6867044,11.7021331],[92.6975808,11.7018626],[92.6935092,11.7230758],[92.7115631,11.6955774],[92.7176611,11.7061752],[92.7398443,11.690545],[92.7555728,11.7188185],[92.7558249,11.7189052]]],[[[93.6341183,8.3963382],[93.6337059,8.3977101],[93.634062,8.396321],[93.6341183,8.3963382]]],[[[93.6353588,8.3956815],[93.6343959,8.3967349],[93.6353695,8.3956045],[93.6353588,8.3956815]]],[[[93.6412972,8.3933849],[93.6426946,8.3933172],[93.64121,8.3934711],[93.6412972,8.3933849]]],[[[93.6537239,8.3889469],[93.6438493,8.3936343],[93.6536676,8.3888143],[93.6537239,8.3889469]]],[[[93.6176455,8.5317537],[93.6223206,8.4224063],[93.626429,8.4670133],[93.6420335,8.4672362],[93.6129275,8.5755617],[93.6176012,8.5318041],[93.6176455,8.5317537]]],[[[93.6869162,7.4016537],[93.686994,7.4022681],[93.6868112,7.401821],[93.6869162,7.4016537]]],[[[93.5777865,7.9293788],[93.5778616,7.9293562],[93.5777785,7.9293921],[93.5777865,7.9293788]]]]}},{"type":"Feature","properties":{"name":"Andhra Pradesh","code":"IN-AP"},"geometry":{"type":"MultiPolygon","coordinates":[[[[83.163456,17.5598766],[83.1636267,17.5599078],[83.1634683,17.5599179],[83.163456,17.5598766]]],[[[83.2401949,17.6196282],[83.2406455,17.6202494],[83.2401842,17.6197355],[83.2401949,17.6196282]]],[[[82.3541473,16.8539045],[82.3604372,16.9576143],[82.3331845,16.993522],[82.3247516,16.9859613],[82.3618627,16.9282443],[82.3544276,16.8552304],[82.3541473,16.8539045]]],[[[83.3495513,17.7456569],[83.4097722,17.8103401],[83.4123847,17.8484393],[83.4581968,17.9037643],[83.5316652,17.9510551],[83.6038327,18.0372029],[83.7355721,18.1207263],[83.9473352,18.212116],[84.1271907,18.3142266],[84.1538143,18.3770693],[84.3555808,18.5567687],[84.3692976,18.5955311],[84.5527845,18.7923838],[84.5956171,18.8795645],[84.7539085,19.0613138],[84.7658033,19.0788084],[84.6979809,19.126376],[84.7125935,19.1578978],[84.6709549,19.1659141],[84.667452,19.1298883],[84.5959496,19.1322957],[84.6274495,19.0850745],[84.6594643,19.0933072],[84.6709013,19.0759591],[84.6608591,19.0632435],[84.6183515,19.0658699],[84.600842,19.0246647],[84.5817876,19.0300606],[84.5728612,19.0736169],[84.4945514,19.0291883],[84.4789517,18.9884509],[84.421134,19.0221594],[84.4524729,18.976175],[84.425962,18.9527164],[84.4385791,18.9210135],[84.42873,18.909636],[84.4181192,18.9183544],[84.4190204,18.8973847],[84.3784869,18.9033836],[84.3987429,18.8896295],[84.3932712,18.8764022],[84.3606233,18.8947455],[84.3836474,18.8739556],[84.3736267,18.8608895],[84.3369341,18.8901472],[84.3637669,18.836582],[84.3310439,18.8179581],[84.3445516,18.8018205],[84.3213344,18.7865447],[84.2886543,18.8046744],[84.2619502,18.7832841],[84.2263091,18.7987939],[84.0895378,18.7568016],[84.0384793,18.8164145],[83.9500952,18.8051416],[83.915602,18.8279608],[83.8931894,18.8144849],[83.8447953,18.8733097],[83.8479486,18.9125794],[83.8246115,18.9178897],[83.8224448,18.961574],[83.794719,19.0180182],[83.7460971,18.9897799],[83.7879181,18.9158476],[83.7539184,18.9249615],[83.7332117,18.9880147],[83.708514,19.0061328],[83.7298643,19.0219363],[83.7000382,19.0254964],[83.6259126,19.1627219],[83.598361,19.1306537],[83.6104631,19.0964299],[83.5855239,19.0864128],[83.5844618,19.0574735],[83.5638571,19.0573619],[83.5602522,19.0870718],[83.54918,19.0805321],[83.5575378,19.0560842],[83.5366702,19.0095411],[83.5008037,19.0208206],[83.4964049,19.0356693],[83.5192358,19.0392393],[83.5115754,19.0702504],[83.5006535,19.0605461],[83.4829402,19.0927699],[83.4679842,19.0931348],[83.478359,19.0793457],[83.4623837,19.0637505],[83.4826612,19.0151201],[83.4500026,19.0098251],[83.4677696,18.9910785],[83.4616864,18.9547458],[83.4005964,19.0094498],[83.3725834,19.0022577],[83.3676052,19.0163068],[83.3428323,19.0180211],[83.3388948,18.9969725],[83.3106887,18.9989609],[83.3389485,18.9537108],[83.3262241,18.9323193],[83.348465,18.9264128],[83.3517909,18.9673987],[83.387475,18.932918],[83.3706736,18.9262605],[83.3699655,18.9419093],[83.3523488,18.9434923],[83.3597302,18.9147311],[83.3923888,18.9087631],[83.3818531,18.8917105],[83.4147048,18.8746967],[83.4054565,18.8424105],[83.3784628,18.8306518],[83.3670366,18.8436492],[83.3298397,18.8065939],[83.2847357,18.7980931],[83.2713354,18.7644715],[83.2245684,18.7751377],[83.2121444,18.7303149],[83.206501,18.7513867],[83.1383514,18.785082],[83.0728304,18.7055719],[83.0580246,18.6654064],[83.0134356,18.6462858],[83.0006468,18.6078654],[83.0242342,18.5894145],[83.0525958,18.6010323],[83.0299044,18.5735348],[83.0453217,18.5438866],[83.0951786,18.5461447],[83.0211282,18.4558575],[83.0426287,18.4243669],[83.0672621,18.430006],[83.0577457,18.419145],[83.0771327,18.4033157],[83.0544734,18.3798387],[83.0208385,18.3914961],[82.9691362,18.359169],[82.9386065,18.358548],[82.8913402,18.3752751],[82.8949785,18.4241226],[82.8514623,18.4207025],[82.8037834,18.4494866],[82.783184,18.4293342],[82.7992773,18.407347],[82.7750945,18.3401363],[82.6671409,18.2983265],[82.6423359,18.3017287],[82.6520669,18.2495475],[82.6373791,18.2366679],[82.5877261,18.2759763],[82.5983906,18.3044382],[82.5820827,18.3150517],[82.6093339,18.3278033],[82.6022529,18.3514299],[82.6209211,18.3599021],[82.5950002,18.3890222],[82.5411415,18.4008317],[82.5617837,18.4476547],[82.5423217,18.4573637],[82.5394249,18.4439296],[82.519083,18.4662581],[82.5342321,18.4776757],[82.5323438,18.5112523],[82.5048566,18.5136533],[82.4821114,18.5484435],[82.3657036,18.422209],[82.3855519,18.3674168],[82.3393535,18.3259496],[82.3573565,18.3160396],[82.3893392,18.3284041],[82.3926973,18.2978783],[82.3768186,18.2804588],[82.3443961,18.2802346],[82.3247623,18.2319805],[82.3371005,18.223502],[82.3114586,18.2043424],[82.3158359,18.1840594],[82.3531508,18.1717866],[82.3723554,18.1470752],[82.362957,18.1347386],[82.3394608,18.148421],[82.3440742,18.057763],[82.3080414,18.0449764],[82.3010248,18.0698704],[82.2728777,18.0561105],[82.2645092,17.9961623],[82.1799445,18.0191197],[82.1690225,18.050949],[82.1376085,18.0436451],[82.1334886,18.0597011],[82.077291,18.0747764],[82.0650816,18.0554985],[82.0325517,18.0687587],[82.0080685,18.0572326],[82.0100426,18.0305667],[81.9629645,17.9990704],[81.8111514,17.9521166],[81.7245483,17.8764908],[81.7102145,17.8731416],[81.7021464,17.9004234],[81.6664409,17.8849043],[81.6182899,17.823223],[81.5772628,17.8375219],[81.4921402,17.8122733],[81.473515,17.8377465],[81.4331531,17.8315676],[81.4158153,17.8132948],[81.397102,17.8196905],[81.3874911,17.7956842],[81.3244056,17.8152968],[81.2539375,17.8121469],[81.159383,17.852734],[81.0889132,17.8108089],[81.1045074,17.7720132],[81.05846,17.733287],[80.9914634,17.7501831],[80.9729629,17.7794715],[80.9000077,17.7520534],[80.8854945,17.6837168],[80.9062489,17.6802914],[80.91092,17.6545188],[80.8889222,17.6321617],[80.8569288,17.6304234],[80.8556199,17.6030288],[80.9674358,17.5988257],[81.0198354,17.520104],[81.0986924,17.5043269],[81.1265874,17.5267746],[81.1423373,17.4884563],[81.1596965,17.4842505],[81.1482596,17.4632918],[81.1761224,17.4640082],[81.1724746,17.4490041],[81.1906922,17.4366601],[81.2052727,17.4495466],[81.3111234,17.4094308],[81.3226246,17.3745897],[81.2751388,17.3177015],[81.189512,17.3235806],[81.1766803,17.2876783],[81.1864523,17.2493396],[81.1706681,17.2313577],[81.079457,17.2154636],[81.0550386,17.2248267],[81.0311544,17.1906611],[80.9189191,17.2200354],[80.9239304,17.1578289],[80.8794594,17.1608531],[80.8678937,17.1235965],[80.8770341,17.070514],[80.8450627,17.0401677],[80.7392205,17.0788166],[80.6540251,17.0694002],[80.6705689,17.1011713],[80.5799639,17.1533901],[80.5628943,17.1332651],[80.5139172,17.1222636],[80.5055165,17.0689079],[80.4713452,17.0506817],[80.464822,17.0302891],[80.4385471,17.0378186],[80.4093861,17.0917164],[80.3857043,17.0667892],[80.4070258,17.0158242],[80.3633916,16.9760657],[80.4498982,16.9550083],[80.4936719,16.9279236],[80.4991007,16.9561987],[80.5261266,16.9479578],[80.5353856,16.9613709],[80.6024663,16.918919],[80.5870986,16.9034424],[80.5955113,16.8847329],[80.5682587,16.8697076],[80.5629051,16.8335741],[80.6129229,16.7935511],[80.5706191,16.7678712],[80.4646182,16.7953178],[80.4643178,16.819813],[80.3842056,16.865344],[80.3785515,16.8518214],[80.4079807,16.8488744],[80.381062,16.8171941],[80.3739381,16.8525812],[80.3218133,16.8788132],[80.3166622,16.9486865],[80.2922702,16.9982392],[80.2101087,17.0112794],[80.1965153,17.0440964],[80.1872671,17.0199484],[80.1403069,16.990349],[80.0956947,16.9906352],[80.0912702,16.9685993],[80.0547938,16.9713277],[80.0399923,16.9191477],[80.0172901,16.9151753],[79.9989867,16.8653954],[80.0466656,16.8535464],[80.0485325,16.8330298],[80.0731101,16.8173975],[80.0694334,16.796507],[80.0526979,16.7415733],[79.9976934,16.7021807],[79.9628317,16.6431291],[79.908454,16.6347634],[79.8783213,16.6969711],[79.8504113,16.705965],[79.8165966,16.6922672],[79.7760986,16.7315085],[79.7243002,16.6916908],[79.6805736,16.6943961],[79.6350963,16.6610339],[79.5984295,16.673424],[79.5408146,16.6317741],[79.4477774,16.6201408],[79.4175015,16.5800395],[79.2587169,16.5672367],[79.2147126,16.4877968],[79.2335104,16.4601022],[79.2110742,16.4445018],[79.2107084,16.356873],[79.2342633,16.3349961],[79.2174322,16.2284212],[79.1595005,16.2100902],[79.122238,16.2327176],[79.0992728,16.223948],[79.011104,16.2416867],[78.9880256,16.2124676],[78.9060445,16.184173],[78.9221104,16.1046895],[78.8955737,16.0859626],[78.8727465,16.1441848],[78.8344268,16.1457687],[78.8401494,16.0789729],[78.7839968,16.0215011],[78.7364389,16.0098168],[78.6817851,16.0345197],[78.6277932,16.0878311],[78.6022519,16.0845923],[78.5506987,16.0427199],[78.4073853,16.0749601],[78.3279705,16.0378533],[78.3147955,16.012816],[78.2596063,16.025562],[78.2521605,15.9364473],[78.1851039,15.9115199],[78.1764582,15.8582973],[78.1359029,15.8551265],[78.1338858,15.8366517],[78.0837393,15.8413067],[78.0320048,15.9077034],[78.0088842,15.861969],[77.8895497,15.9067314],[77.8571233,15.8836002],[77.8039849,15.8745078],[77.7248919,15.8960748],[77.65818,15.8860242],[77.611796,15.9188218],[77.2500014,15.9649394],[77.1581197,15.950766],[77.0740056,15.911356],[77.0251855,15.8375092],[77.0651865,15.8278885],[77.0675039,15.7900649],[77.0460892,15.7403385],[77.079606,15.7274713],[77.0785761,15.6952273],[77.1289372,15.6658501],[77.1213841,15.6309927],[77.0831895,15.6589803],[77.0304036,15.6345056],[77.0297813,15.5021529],[76.975708,15.510651],[76.9746861,15.4979555],[77.0310688,15.4330801],[77.0404565,15.3642842],[77.0647734,15.3442287],[77.0621127,15.3279015],[77.1133536,15.33382],[77.1183103,15.2948085],[77.151677,15.292242],[77.1476,15.2727643],[77.167148,15.2683552],[77.1250051,15.2269092],[77.1474927,15.2238035],[77.1690362,15.1713106],[77.1344036,15.1482593],[77.1571653,15.1403978],[77.1562743,15.1229839],[77.1300101,15.1004038],[77.112844,15.0339341],[77.0847773,15.0307012],[77.0825715,15.0060658],[77.0442652,15.0098523],[77.0495868,15.0330844],[77.004118,15.0337994],[76.9853103,15.0155518],[76.9183838,15.0358199],[76.8772817,15.0306494],[76.8661022,15.0600127],[76.8360937,15.0796135],[76.8003559,15.0961788],[76.7767525,15.0784118],[76.790185,15.020733],[76.7600837,14.989595],[76.7666888,14.9745434],[76.8288731,14.9561249],[76.8672502,14.9695166],[76.8695569,14.937767],[76.863817,14.8954581],[76.8457925,14.8917566],[76.8542683,14.8098404],[76.8372953,14.8110332],[76.8366408,14.7908995],[76.78231,14.7860863],[76.8035531,14.7424559],[76.7752558,14.6810442],[76.7650366,14.602044],[76.7819881,14.5964582],[76.8065142,14.5310592],[76.8558454,14.5093521],[76.8680119,14.4739723],[76.9007134,14.4892634],[76.9747853,14.4853005],[76.9598508,14.450535],[76.9447017,14.4508052],[76.9425559,14.400307],[76.9156694,14.4207154],[76.8852854,14.3920973],[76.8849635,14.3473651],[76.9565409,14.2943119],[76.9247675,14.273658],[76.9401526,14.2445427],[77.054286,14.2451875],[77.0812797,14.2141757],[77.1009135,14.217275],[77.1167278,14.226323],[77.1099901,14.2681472],[77.1395802,14.3400474],[77.2457528,14.3173446],[77.2866082,14.3402345],[77.2835398,14.2828909],[77.3638434,14.2758136],[77.3593926,14.2343307],[77.3926949,14.1989491],[77.4146461,14.2047736],[77.4178648,14.2258446],[77.376709,14.3074477],[77.4072861,14.3377606],[77.4315119,14.3127081],[77.4460601,14.3173238],[77.4504161,14.2805827],[77.4789977,14.2921026],[77.4985671,14.2787528],[77.4924409,14.2307637],[77.5170421,14.182858],[77.5036526,14.1572785],[77.393682,14.1742556],[77.3788762,14.1359722],[77.3519897,14.1311031],[77.3474192,14.103468],[77.4013853,14.1198247],[77.3601007,14.062113],[77.340424,14.0601356],[77.332313,14.0306807],[77.3902917,14.0166077],[77.381494,13.9761949],[77.4267268,13.9861895],[77.4388718,13.9755077],[77.4350738,13.9473748],[77.4119854,13.945917],[77.4346447,13.9147605],[77.3989461,13.8884859],[77.3976087,13.9065333],[77.358427,13.9035443],[77.3477196,13.916031],[77.371602,13.9531641],[77.3495865,13.9585159],[77.3608303,13.9911449],[77.3363256,13.9959753],[77.3220992,14.0300562],[77.2749781,14.0115695],[77.2700858,14.0344903],[77.2454631,14.0118922],[77.1409321,14.0038246],[77.1268344,14.0471468],[77.0315623,14.0569301],[77.0146751,14.1000966],[77.0221424,14.177397],[76.9613313,14.1815162],[76.9474911,14.1980754],[76.9421482,14.173257],[76.8945336,14.1678789],[76.8860149,14.1383651],[76.9249177,14.1370543],[76.945796,14.118701],[76.9482035,14.0919407],[76.9749999,14.0810327],[76.9717812,14.0583663],[76.9325781,14.0551192],[76.9311189,14.0302436],[76.999172,13.9904057],[76.9938505,13.9625453],[77.0414972,13.9334528],[77.0472264,13.9065958],[77.0229792,13.9026174],[77.0141559,13.8602332],[76.9781327,13.8269539],[76.9966721,13.7478058],[77.0163501,13.7384026],[77.0244276,13.7792244],[77.0434284,13.7777969],[77.0643496,13.7439602],[77.0856356,13.7423449],[77.0904207,13.7672515],[77.1729469,13.7620828],[77.178483,13.7830486],[77.1574759,13.8060129],[77.1686768,13.8295375],[77.1281862,13.8565181],[77.1684623,13.8645179],[77.1620572,13.9067624],[77.1847272,13.925143],[77.1814441,13.8698718],[77.2004342,13.8631013],[77.2116887,13.8857869],[77.2199392,13.8676844],[77.2358393,13.9040963],[77.2484135,13.9013052],[77.2568464,13.8465804],[77.288475,13.8474346],[77.3110699,13.8665178],[77.3256397,13.833017],[77.3627186,13.8542264],[77.3828029,13.8392675],[77.4324936,13.8432365],[77.4226713,13.7989279],[77.4645352,13.8080758],[77.4553004,13.6822469],[77.4918508,13.6900638],[77.4848985,13.7147883],[77.5143599,13.7130893],[77.5123107,13.6971416],[77.5283396,13.693045],[77.5366974,13.7307452],[77.5252712,13.7531936],[77.5473189,13.7531207],[77.5604081,13.7224803],[77.5997937,13.7506196],[77.630682,13.7360084],[77.6419473,13.7482748],[77.6177323,13.7628018],[77.6516139,13.7841114],[77.6801741,13.786758],[77.6714086,13.760478],[77.7033806,13.7697941],[77.717371,13.7410318],[77.7193773,13.8002303],[77.7815723,13.8182026],[77.7822697,13.8441116],[77.8370404,13.8699343],[77.8135443,13.9152395],[77.8265476,13.9447716],[77.895813,13.9410231],[77.8958022,13.9202902],[77.9267335,13.9053877],[77.9675674,13.9603068],[77.9874372,13.9555797],[77.9844975,13.8977225],[77.9493928,13.8872659],[77.9529547,13.8271831],[77.9762149,13.8296208],[78.0008912,13.8732257],[78.0459738,13.8621638],[78.0489564,13.8962228],[78.0789757,13.8812041],[78.0821943,13.860893],[78.114869,13.8628461],[78.1265902,13.7865705],[78.0917859,13.7423032],[78.1210756,13.7154762],[78.1134152,13.692503],[78.0694699,13.6976523],[78.0660224,13.6767024],[78.0894449,13.6595384],[78.0872938,13.6434484],[78.1562752,13.6584936],[78.1684492,13.6326385],[78.204123,13.6283986],[78.193121,13.5643932],[78.2371182,13.5988452],[78.2585158,13.5827199],[78.4019887,13.5879174],[78.3753598,13.5090437],[78.3817649,13.3971969],[78.3650494,13.3619699],[78.4086835,13.3428251],[78.37713,13.332062],[78.4011263,13.3153679],[78.440237,13.3283663],[78.4441638,13.3082374],[78.4834099,13.321194],[78.4794617,13.3012629],[78.5319686,13.2668678],[78.5391569,13.2876579],[78.5615265,13.2884723],[78.5654962,13.3117768],[78.587265,13.2803904],[78.5670841,13.2252717],[78.5789931,13.2130934],[78.5501969,13.200225],[78.5761607,13.186583],[78.579905,13.167414],[78.5500359,13.1636531],[78.5457659,13.1428629],[78.5175919,13.1324148],[78.5385775,13.1056659],[78.5102105,13.0920186],[78.5161435,13.0628823],[78.4622741,13.0433692],[78.4675419,12.9750139],[78.4353661,12.98113],[78.436718,12.9623214],[78.411119,12.9454457],[78.4183502,12.9228385],[78.4275985,12.9330653],[78.4665549,12.9053118],[78.4647471,12.8666985],[78.4449148,12.9120465],[78.4120845,12.9030529],[78.3983516,12.9175263],[78.3896398,12.9064621],[78.3527326,12.9388792],[78.3441067,12.9079681],[78.3234429,12.9019025],[78.3203745,12.8872818],[78.3369398,12.8823244],[78.3136797,12.8761746],[78.3123708,12.8583517],[78.2531261,12.8617616],[78.2313763,12.7621184],[78.2409303,12.7298647],[78.1994584,12.6945638],[78.2375287,12.6860913],[78.2445169,12.7064726],[78.2720668,12.7044981],[78.3004582,12.6652508],[78.3793054,12.6248415],[78.4271049,12.6352714],[78.4649133,12.6238599],[78.4678955,12.6758055],[78.4995917,12.6765657],[78.5029471,12.716634],[78.5197806,12.711893],[78.4931946,12.7470768],[78.5444569,12.7105324],[78.5300803,12.7104487],[78.5352516,12.6909814],[78.5560226,12.7002966],[78.5554647,12.7557621],[78.5925221,12.7826114],[78.6337101,12.9316223],[78.6569166,12.9320615],[78.6210179,12.9911976],[78.6562514,13.0311505],[78.7047672,13.0154712],[78.7141013,13.0686722],[78.7514591,13.0548766],[78.7934732,13.0660595],[78.8131848,13.0891814],[78.8420192,13.0788672],[78.8901937,13.097233],[78.8916635,13.0331364],[78.9371323,13.0304397],[78.9038408,13.0476231],[78.9240432,13.0809414],[78.9952612,13.0865845],[79.0632069,13.0533193],[79.0808558,13.0255687],[79.1146517,13.0393869],[79.1632747,13.0202378],[79.1931867,13.0467243],[79.1802692,13.0495044],[79.1920709,13.0559636],[79.1787028,13.0587227],[79.1921139,13.0672091],[79.1805267,13.0843273],[79.2344069,13.1051225],[79.2329049,13.1392688],[79.2099237,13.1484628],[79.2346215,13.1706525],[79.2451572,13.1384747],[79.2570877,13.1607906],[79.2806268,13.1526209],[79.2840761,13.1227813],[79.3127703,13.126104],[79.2943167,13.1094903],[79.3072128,13.1054778],[79.3412661,13.1369493],[79.3452787,13.1215066],[79.3607497,13.1235755],[79.3562221,13.1645307],[79.3796754,13.1629218],[79.3726373,13.1788843],[79.3877864,13.1773382],[79.3742251,13.1894348],[79.4387054,13.1883275],[79.4531035,13.2384834],[79.4311094,13.2297732],[79.4378793,13.2429637],[79.4185781,13.242995],[79.4084501,13.2654058],[79.43362,13.2748875],[79.4456792,13.3004485],[79.4188142,13.289694],[79.381907,13.3077572],[79.435633,13.3517293],[79.4564544,13.3384904],[79.4996452,13.3478045],[79.4973492,13.332417],[79.537282,13.3385345],[79.5347714,13.2752216],[79.5804977,13.2573231],[79.5987368,13.2857993],[79.6318459,13.2697917],[79.6424676,13.2902185],[79.6652984,13.2786675],[79.683001,13.2956352],[79.6957791,13.2670871],[79.6783554,13.2618031],[79.6842885,13.2443318],[79.7090828,13.251026],[79.7025597,13.2223786],[79.7165179,13.2164566],[79.7371173,13.2362275],[79.7543585,13.2062624],[79.7944897,13.2263161],[79.7947311,13.2419298],[79.7305298,13.282719],[79.7559035,13.2944761],[79.7606671,13.3184796],[79.791652,13.2935678],[79.8090649,13.3172998],[79.8629773,13.317091],[79.9159884,13.359997],[79.933176,13.351834],[79.9627125,13.3917592],[79.9344528,13.4166191],[79.973216,13.4295073],[79.9723792,13.4689919],[80.0075698,13.4785073],[80.0157881,13.4979125],[80.0466656,13.493656],[80.0485325,13.512601],[80.000601,13.5256724],[80.0018317,13.5464009],[80.0569975,13.5367077],[80.0814914,13.5488802],[80.0774789,13.4893785],[80.1382684,13.5045474],[80.2417803,13.4725393],[80.2679813,13.5639111],[80.2342433,13.6563969],[80.2525949,13.7799955],[80.1509982,14.0299573],[80.1270515,14.1582356],[80.13991,14.2742974],[80.1681523,14.3526219],[80.1941335,14.5883078],[80.0987649,14.7773412],[80.0480068,15.0820842],[80.0847101,15.189959],[80.0845948,15.2692039],[80.1099844,15.3442436],[80.205313,15.4740147],[80.2703351,15.6690524],[80.3434011,15.7481813],[80.4314506,15.8042646],[80.5430924,15.8519039],[80.6575081,15.8782032],[80.7234547,15.8766133],[80.8020401,15.8459719],[80.8123398,15.8287039],[80.7955396,15.8080645],[80.8139403,15.7398911],[80.7716491,15.8167495],[80.7687002,15.8070936],[80.7858503,15.7589254],[80.8258689,15.7158115],[80.9397282,15.720266],[81.0146964,15.7689306],[81.009009,15.8340621],[81.1389754,15.9762244],[81.1371181,16.0169952],[81.2082616,16.1409421],[81.2131984,16.195078],[81.2400744,16.2241317],[81.2186672,16.2126527],[81.2189333,16.2255944],[81.304536,16.3031606],[81.3917585,16.3422907],[81.484665,16.3521771],[81.6814667,16.3329762],[81.7226605,16.3103497],[81.8533534,16.3727785],[81.9411716,16.3944174],[82.2980529,16.5702334],[82.3176438,16.5936984],[82.3180246,16.6444875],[82.3669817,16.7293269],[82.3399678,16.7513623],[82.3556641,16.8508895],[82.3133803,16.850261],[82.2708178,16.8771409],[82.2450285,16.9402372],[82.2702911,16.9423418],[82.317751,17.057877],[82.4579394,17.1873812],[82.5824636,17.2743758],[82.9914361,17.4722837],[83.0203262,17.5070076],[83.2130925,17.5910724],[83.2478224,17.6236991],[83.2383066,17.615382],[83.2313517,17.6274786],[83.295262,17.6764156],[83.263844,17.7120814],[83.2799815,17.6951336],[83.2834482,17.7118055],[83.2835542,17.6893808],[83.3062202,17.68819],[83.3493313,17.7455484],[83.3495513,17.7456569]],[[82.2997447,16.7128402],[82.2627075,16.7054284],[82.2014224,16.7184086],[82.1862724,16.7365638],[82.205388,16.7343943],[82.2283218,16.7617041],[82.2169464,16.7334528],[82.2329121,16.72452],[82.2893652,16.7261281],[82.3057523,16.7483444],[82.3068901,16.7179779],[82.2997447,16.7128402]]]]}},{"type":"Feature","properties":{"name":"Arunachal Pradesh","code":"IN-AR"},"geometry":{"type":"Polygon","coordinates":[[[93.2751712,28.5585708],[93.1497658,28.4469997],[93.170768,28.4294302],[93.148613,28.3665682],[93.0659774,28.3063459],[93.0059808,28.2971555],[92.9918893,28.2711587],[92.9449771,28.2595398],[92.9276405,28.2307359],[92.9329267,28.2053643],[92.8827609,28.2009069],[92.8325329,28.1737723],[92.7784643,28.18504],[92.7628469,28.1613085],[92.7390826,28.1536087],[92.715786,28.167915],[92.6776561,28.1513143],[92.6568889,28.0769975],[92.731862,28.0545603],[92.7304887,27.9800008],[92.6671886,27.9426259],[92.6469755,27.9124436],[92.5993394,27.9146051],[92.5810146,27.8808493],[92.5004625,27.8521296],[92.4563434,27.7930959],[92.4263906,27.8029812],[92.4218416,27.8356987],[92.3246812,27.7975146],[92.2977733,27.8337253],[92.2939539,27.8722759],[92.2443866,27.887753],[92.0572757,27.7798604],[91.9784789,27.7790847],[91.9654155,27.738979],[91.9247579,27.7166256],[91.9031886,27.7292779],[91.8734586,27.7220845],[91.8296651,27.7905092],[91.7789483,27.7709373],[91.7445299,27.7999716],[91.7245316,27.7804679],[91.65614,27.8309908],[91.6111252,27.8418447],[91.5669411,27.8250273],[91.5784977,27.8115549],[91.6147321,27.821466],[91.644836,27.770221],[91.628826,27.6993451],[91.5728492,27.6608336],[91.5623082,27.6322086],[91.5844848,27.6084378],[91.5659726,27.5841435],[91.5819625,27.5570177],[91.6124672,27.5436689],[91.651964,27.4833721],[91.6945283,27.5055681],[91.7178234,27.4983493],[91.7148413,27.4744678],[91.7741904,27.465432],[91.8283609,27.4681767],[91.8494905,27.4863796],[91.943503,27.4598248],[92.0191698,27.4778242],[92.0224773,27.4465712],[92.0561467,27.3999338],[92.0476854,27.3622512],[92.0649877,27.327373],[92.1252136,27.2818898],[92.1037507,27.2680091],[92.0671881,27.277069],[92.037693,27.2584847],[92.0712315,27.2284618],[92.0569226,27.1882845],[92.0269266,27.1685743],[92.0359703,27.1372554],[92.0230984,27.1102014],[92.0365612,27.0633899],[92.0817027,27.0405751],[92.0779516,27.0179659],[92.1199585,26.9715912],[92.1150285,26.8945174],[92.1950438,26.8911555],[92.2543633,26.912118],[92.2762179,26.9023058],[92.3529319,26.9357566],[92.3997631,26.9263904],[92.4595286,26.9634093],[92.5853038,26.9620713],[92.6455154,26.9874939],[92.6392712,27.0187147],[92.6588957,27.0383392],[92.7690605,27.0329871],[92.8725352,27.0075645],[92.9166903,26.9848179],[92.9175823,26.9643013],[93.0192729,26.9170241],[93.0919728,26.9156861],[93.3272124,26.9611143],[93.4500357,26.9513653],[93.4710788,26.9369156],[93.6587904,26.9673659],[93.7190649,27.0191608],[93.8350278,27.0749122],[93.8256616,27.1195133],[93.7980089,27.1360157],[93.8073751,27.1502881],[94.0000521,27.3344908],[94.0607096,27.3634816],[94.1570481,27.4781065],[94.2639437,27.525788],[94.2565086,27.5574965],[94.2266259,27.575783],[94.2110155,27.6110179],[94.2520485,27.6409007],[94.2667669,27.6324265],[94.2542786,27.613694],[94.2761331,27.5931775],[94.2979877,27.6043277],[94.3555232,27.5775671],[94.4308991,27.6029897],[94.4598899,27.5574965],[94.4790683,27.5771211],[94.7075999,27.653586],[94.7208065,27.6698914],[94.7560414,27.6663233],[94.7928715,27.7028614],[94.8330188,27.700229],[94.9016188,27.7824424],[94.9972539,27.7732797],[95.309983,27.8692595],[95.3844715,27.8420518],[95.5197072,27.8814942],[95.604654,27.9548395],[95.8226755,27.9712428],[95.9705972,27.9631723],[95.9373701,27.8984397],[95.915215,27.8891754],[95.9249461,27.8820063],[95.8709908,27.8322831],[95.8375597,27.8240759],[95.779109,27.7331484],[95.7521152,27.7216762],[95.7681441,27.6868723],[95.7904386,27.6798038],[95.7702899,27.6576832],[95.7960525,27.6391699],[95.7782507,27.6230491],[95.7907819,27.5997761],[95.8159732,27.598445],[95.8148574,27.5742918],[95.8768594,27.5442641],[95.8865583,27.4973276],[95.8435678,27.4224238],[95.8604014,27.4082998],[95.8575046,27.4206239],[95.8838975,27.4347367],[95.8856034,27.3982129],[95.9093141,27.4353938],[95.9430885,27.436765],[95.9626364,27.4165954],[95.9691921,27.4286845],[96.0124397,27.3642593],[95.9891367,27.3563505],[95.9609628,27.3106591],[95.8978021,27.2824667],[95.8924913,27.2552782],[95.8560776,27.2710905],[95.8591246,27.2872248],[95.8053732,27.2730359],[95.8018756,27.2845549],[95.5986392,27.2230791],[95.5350923,27.265483],[95.5089783,27.2609815],[95.4579735,27.2099459],[95.4673934,27.1715632],[95.4538643,27.1301691],[95.4202294,27.1261587],[95.3747606,27.092867],[95.3548908,27.1039463],[95.2482033,27.0246194],[95.2315092,27.0436274],[95.1952135,27.0353996],[95.1916033,26.9843375],[95.2322173,26.9025917],[95.228076,26.8808517],[95.2083993,26.8822489],[95.1809871,26.8561787],[95.2027452,26.8456781],[95.2082384,26.7951238],[95.2423775,26.782587],[95.2099764,26.7286029],[95.2274215,26.7165667],[95.2332151,26.6829718],[95.2572774,26.676427],[95.2587942,26.6559292],[95.302841,26.650863],[95.4306772,26.7000927],[95.4591946,26.7428781],[95.4827724,26.7468467],[95.5066549,26.8080321],[95.5429056,26.8353867],[95.6028335,26.8114605],[95.6317845,26.8736599],[95.6668965,26.9032755],[95.7156128,26.8790111],[95.7447997,26.8965036],[95.7553215,26.9539482],[95.8015801,27.0148865],[95.8698787,27.0130842],[95.9457812,27.0514132],[96.0228479,27.1806796],[96.2285031,27.278722],[96.2709285,27.2713697],[96.3058981,27.294079],[96.3865938,27.2846422],[96.4576212,27.3068681],[96.5237249,27.2863625],[96.5514223,27.3185661],[96.5959412,27.3338026],[96.6053347,27.3658797],[96.6979221,27.3579493],[96.7035337,27.3724528],[96.7966013,27.3457714],[96.8478908,27.2902642],[96.8469495,27.2715247],[96.88462,27.2597599],[96.8853319,27.227248],[96.8544094,27.2108549],[96.8739219,27.181332],[96.9846069,27.1554116],[97.0306243,27.1313939],[97.0634739,27.0918137],[97.1018993,27.1091032],[97.1385085,27.0917751],[97.1629269,27.1442735],[97.0902936,27.2138741],[97.0885121,27.2389097],[97.0283637,27.309162],[96.9991759,27.3183478],[96.9628219,27.3735293],[96.9609853,27.4043614],[96.9029052,27.4534563],[96.9110857,27.487226],[96.9350116,27.5079866],[96.9074443,27.5437488],[96.9105723,27.5769724],[96.8920027,27.5778253],[96.89326,27.6135101],[96.9360939,27.6570779],[96.9847962,27.6673352],[97.0201429,27.742247],[97.0617038,27.7488367],[97.0880974,27.7354525],[97.1130932,27.7868342],[97.1648398,27.8150836],[97.2428228,27.8969881],[97.2978958,27.9162838],[97.3191061,27.8885753],[97.360184,27.8730554],[97.3791363,27.8920637],[97.3669267,27.9365412],[97.3771013,27.9497682],[97.3616885,27.9657567],[97.3946178,28.0134753],[97.3548626,28.0666308],[97.3122714,28.0623846],[97.3321328,28.1043631],[97.3256437,28.1398269],[97.3532177,28.1530102],[97.360964,28.2040966],[97.2840729,28.2315179],[97.2638676,28.2641338],[97.2434112,28.2648034],[97.2380143,28.2937316],[97.1268741,28.3616308],[97.0780093,28.3711577],[97.0156533,28.3204772],[96.9246376,28.3530882],[96.889683,28.385811],[96.892883,28.418581],[96.8622203,28.4527852],[96.8595165,28.4837166],[96.759798,28.519433],[96.7623511,28.5527037],[96.7227754,28.5792897],[96.71465,28.6100008],[96.6870197,28.5903057],[96.6455426,28.6194847],[96.6306779,28.7346854],[96.6035594,28.759114],[96.6035114,28.780653],[96.5740111,28.7832347],[96.5901723,28.8185539],[96.5237946,28.8624056],[96.5237828,28.9358387],[96.5041066,28.9481812],[96.4469919,28.94286],[96.4332879,29.0101114],[96.3640932,29.0426601],[96.3656585,29.0810645],[96.3070271,29.1255966],[96.3194725,29.1690704],[96.2868859,29.2097147],[96.2605044,29.2176036],[96.2653241,29.2453838],[96.1962182,29.2656811],[96.1527057,29.2965214],[96.1405027,29.3423985],[96.0627609,29.373566],[96.0193346,29.3607497],[95.9669042,29.3745566],[95.877492,29.314569],[95.841083,29.321233],[95.838883,29.353088],[95.812326,29.34753],[95.737147,29.297963],[95.752431,29.276162],[95.730275,29.239669],[95.743189,29.225688],[95.708829,29.204005],[95.698284,29.22474],[95.648046,29.210403],[95.605629,29.235996],[95.595676,29.18801],[95.5050038,29.193578],[95.5077871,29.1259826],[95.479851,29.1439512],[95.4596528,29.1372488],[95.4546797,29.1768227],[95.4331472,29.1901998],[95.419016,29.180664],[95.4133356,29.126702],[95.3053718,29.1405665],[95.2782835,29.1179313],[95.2650729,29.0714091],[95.2145245,29.1082214],[95.1501222,29.0906153],[95.1038865,29.0974076],[95.0978569,29.1430294],[95.058046,29.1413801],[94.9973537,29.1747687],[95.0217624,29.1275593],[94.9611621,29.1610259],[94.9164161,29.157737],[94.884191,29.179093],[94.847539,29.182577],[94.807259,29.164868],[94.803702,29.208415],[94.751664,29.22968],[94.7349261,29.2869657],[94.693603,29.317934],[94.5927608,29.2738484],[94.5397089,29.2187134],[94.512289,29.2298787],[94.491982,29.207762],[94.456855,29.213132],[94.448073,29.183376],[94.393205,29.184609],[94.378907,29.154127],[94.295003,29.1512924],[94.276863,29.093863],[94.315571,29.075864],[94.32757,29.040543],[94.366375,29.025931],[94.27396,28.967869],[94.257702,28.930225],[94.1797568,28.936924],[94.166448,28.923839],[94.174771,28.911839],[94.135869,28.890453],[94.0595284,28.873805],[94.0584634,28.8583361],[94.021487,28.839358],[94.019745,28.793489],[93.9868125,28.7952725],[93.9700874,28.8170923],[93.9158115,28.7733526],[93.9195946,28.741108],[93.8971873,28.756051],[93.861456,28.7382971],[93.7913362,28.7360215],[93.7851393,28.7117847],[93.7147106,28.6647447],[93.689955,28.6754543],[93.6393676,28.6546712],[93.6241521,28.6867562],[93.5219436,28.6733758],[93.5034718,28.6296396],[93.4618793,28.6186893],[93.4443439,28.5893214],[93.3992383,28.5655463],[93.389643,28.5311234],[93.3292664,28.5215716],[93.2791806,28.5540828],[93.2751712,28.5585708]]]}},{"type":"Feature","properties":{"name":"Assam","code":"IN-AS"},"geometry":{"type":"Polygon","coordinates":[[[89.7218321,26.1564347],[89.7466345,26.1586777],[89.765532,26.1285088],[89.756422,26.1089953],[89.779633,26.1081287],[89.7808253,26.0836165],[89.7947965,26.0877189],[89.7976112,26.0603298],[89.7739434,26.0378131],[89.7990489,26.0419582],[89.7958949,26.0224851],[89.8080396,26.0452935],[89.819777,25.9884078],[89.8361277,25.9825634],[89.8339605,26.0128431],[89.871211,25.9792843],[89.838767,25.9681152],[89.8495817,25.9492082],[89.8254244,25.9455367],[89.8872818,25.9452273],[89.8330751,25.8703205],[89.8169619,25.8147889],[89.8415115,25.7611157],[89.8277882,25.7289563],[89.8510359,25.7127827],[89.8822773,25.6215713],[89.8663831,25.5472234],[89.8522639,25.5387629],[89.8528711,25.4665198],[89.8867678,25.5083427],[89.8680138,25.5271457],[89.8790216,25.549837],[89.9724054,25.5729885],[90.0193548,25.6060627],[89.9501752,25.6556471],[89.8930978,25.7441628],[89.9366998,25.7463662],[89.9582862,25.7801072],[89.9483299,25.8263163],[90.0017166,25.8392949],[90.0231742,25.8672945],[90.0071668,25.8821606],[90.0247621,25.8956349],[90.0417137,25.8878748],[90.1164758,25.9569795],[90.1532035,25.9647897],[90.1826403,25.9442732],[90.2085089,25.9616677],[90.2741861,25.9606299],[90.3264141,25.974211],[90.3486657,26.0045507],[90.3998631,26.0116358],[90.4246688,25.9879063],[90.4740206,26.0090952],[90.4964238,25.997274],[90.5333948,25.9505588],[90.5126887,25.896104],[90.5755962,25.9362389],[90.5841057,25.957135],[90.6221025,25.9387794],[90.6043339,25.9172524],[90.6172943,25.8971019],[90.6322288,25.9203017],[90.7150769,25.9552665],[90.744866,25.9553168],[90.7385038,25.9381378],[90.7518768,25.9281755],[90.7372641,25.915361],[90.7577712,25.9205038],[90.7646227,25.9063283],[90.807844,25.9521085],[90.8346216,25.9360995],[90.881977,25.9491156],[90.9141397,25.9131995],[90.915883,25.9433812],[90.9452533,25.9468929],[90.9667539,25.8836664],[91.0277752,25.8880565],[91.0056138,25.8206184],[91.0492405,25.8488268],[91.0786772,25.8528409],[91.0496865,25.8287563],[91.0630668,25.820282],[91.1472987,25.8514225],[91.1790298,25.8425826],[91.1964242,25.859085],[91.2026684,25.8403525],[91.1769748,25.7784454],[91.1921453,25.7435443],[91.2240769,25.7234976],[91.2777455,25.7537846],[91.335504,25.8409171],[91.4189839,25.8546249],[91.4444066,25.8407986],[91.5308761,25.8723337],[91.5276789,25.8913495],[91.5110063,25.8659236],[91.4742493,25.874998],[91.5370989,25.9310315],[91.5020156,25.9182367],[91.5790915,26.0330316],[91.5964722,26.0185317],[91.6316843,26.021347],[91.6263413,25.9875399],[91.640954,25.9631765],[91.6110849,25.9379784],[91.6712522,25.9045719],[91.7195534,25.9518515],[91.7318037,26.0579255],[91.7919419,26.0848215],[91.8226431,26.1178571],[91.8789848,26.0970835],[91.8683426,26.0412678],[91.9156349,26.0187815],[91.9186232,25.9968455],[91.9905351,26.0369198],[92.1324505,26.044836],[92.1710092,26.0779502],[92.2796237,26.0684366],[92.2635698,26.0332726],[92.1814299,25.9853699],[92.1513891,25.9435548],[92.1546185,25.911501],[92.225579,25.9096481],[92.1779966,25.8731542],[92.150917,25.81775],[92.1626973,25.7409543],[92.1441793,25.7169848],[92.1567321,25.6730858],[92.1708298,25.6678368],[92.2255093,25.7159601],[92.3330283,25.7246787],[92.3839474,25.7547347],[92.381587,25.7420754],[92.4060702,25.7449552],[92.4432778,25.7204645],[92.440381,25.6916375],[92.4703574,25.6758773],[92.5056553,25.6164726],[92.5542998,25.6142282],[92.5572395,25.5715755],[92.5727963,25.5574643],[92.5945759,25.5519471],[92.6535844,25.5907557],[92.6612528,25.572377],[92.6431453,25.5348035],[92.5759721,25.4921904],[92.5652003,25.4649163],[92.5978589,25.4692364],[92.6063454,25.4132276],[92.6275456,25.4223268],[92.6252496,25.4351556],[92.6388967,25.4174333],[92.6538849,25.4335763],[92.6613736,25.4062792],[92.6731861,25.4143614],[92.7171636,25.3727235],[92.738353,25.3794799],[92.7496183,25.3440842],[92.7824056,25.3340773],[92.7922225,25.2842243],[92.7622032,25.247025],[92.8027367,25.2177154],[92.6629615,25.1762332],[92.6222026,25.1146002],[92.5225854,25.1394475],[92.5392365,25.0986188],[92.4809146,25.1055363],[92.4569034,25.0527905],[92.4640274,25.0360913],[92.4238157,25.0316537],[92.418513,24.9933927],[92.4206706,24.9670232],[92.4699037,24.9641646],[92.4511421,24.9404093],[92.4895706,24.9485786],[92.4994356,24.9064757],[92.4838114,24.8626721],[92.4549293,24.8740803],[92.3998046,24.8485806],[92.298181,24.9164968],[92.2341219,24.9015406],[92.2493809,24.8861883],[92.2442338,24.8425347],[92.2743684,24.8284848],[92.2745132,24.800368],[92.2900888,24.7884391],[92.2943187,24.7564332],[92.2812456,24.7453698],[92.2978806,24.7363054],[92.248587,24.6551739],[92.2324884,24.5296579],[92.2145927,24.5029747],[92.239199,24.4898299],[92.2311707,24.4603932],[92.2593319,24.4393944],[92.274127,24.3880654],[92.216738,24.248973],[92.4224131,24.2548467],[92.4184942,24.1924847],[92.4354887,24.154233],[92.4655187,24.136082],[92.484042,24.1632733],[92.5339258,24.1798006],[92.5506091,24.2472189],[92.611911,24.2536678],[92.6218164,24.331554],[92.6499581,24.3291491],[92.7039941,24.382019],[92.75406,24.502057],[92.7415221,24.5104576],[92.7591134,24.5231304],[92.7994001,24.4194549],[92.8295012,24.4003879],[92.8294086,24.3738373],[92.8601146,24.3987941],[92.9035234,24.3918958],[92.9094028,24.413078],[92.9595279,24.3917785],[92.9740333,24.4078218],[92.9953623,24.3991067],[93.0114555,24.4172788],[93.041625,24.4131952],[93.0462421,24.4746788],[93.0319047,24.4951937],[93.0536413,24.5513781],[93.0706787,24.5577798],[93.0583191,24.5742507],[93.1041526,24.5817049],[93.0705929,24.5999482],[93.1040454,24.6757024],[93.0729532,24.7072759],[93.1071192,24.7405222],[93.1098604,24.812174],[93.1398797,24.8102457],[93.1493425,24.7866079],[93.1917214,24.8048212],[93.1950152,24.8536528],[93.2266652,24.8731508],[93.2483053,24.9152611],[93.2367611,24.9371524],[93.2617378,24.962911],[93.2492924,24.9790171],[93.2598066,25.0014805],[93.2443356,24.9976883],[93.2433486,25.0171732],[93.2644415,25.0490776],[93.2995891,25.0457145],[93.3323335,25.0937219],[93.3459163,25.1700577],[93.3827805,25.241872],[93.4705783,25.3051956],[93.4482908,25.3407875],[93.4734857,25.3795082],[93.4567451,25.4328496],[93.3899581,25.4596806],[93.3854306,25.4908588],[93.327194,25.5471748],[93.3588333,25.5546566],[93.4261411,25.6322116],[93.461085,25.6324486],[93.4984589,25.6568559],[93.5228777,25.6963168],[93.5427474,25.7005706],[93.5414493,25.7302266],[93.6131501,25.771953],[93.6481261,25.8240758],[93.7028646,25.843447],[93.7016321,25.9288762],[93.7589872,25.9455904],[93.7680316,25.9716936],[93.7959856,25.9036985],[93.7755257,25.848801],[93.7959641,25.8077682],[93.8377046,25.8574761],[93.8789892,25.8428097],[93.9155101,25.8829714],[93.9772224,25.9151487],[93.9529753,26.0032586],[93.9872432,26.0670569],[94.001255,26.1722897],[94.0317464,26.1976685],[94.0474534,26.2494103],[94.0747905,26.2639585],[94.1052389,26.3201522],[94.1742039,26.3404414],[94.1603851,26.3517864],[94.1771006,26.3822779],[94.1720152,26.4300368],[94.2560542,26.541362],[94.2845768,26.5610941],[94.2896837,26.4799366],[94.3168437,26.4584425],[94.3247938,26.4825487],[94.3957436,26.5270406],[94.4133818,26.5776372],[94.4030499,26.6110905],[94.465642,26.6329972],[94.4600415,26.6616787],[94.4926035,26.6662809],[94.5392203,26.7053631],[94.5622873,26.7049893],[94.5633173,26.6841509],[94.5773828,26.7010788],[94.5939588,26.6969477],[94.5977998,26.7351283],[94.6096229,26.7379645],[94.6222293,26.7129058],[94.6918067,26.7323371],[94.7402036,26.7759973],[94.7595477,26.7675296],[94.7695684,26.7886784],[94.8039651,26.8022966],[94.7951782,26.8166121],[94.8143291,26.8195516],[94.8175478,26.8477936],[94.8737347,26.9177938],[94.9235541,26.9477065],[94.9820637,26.9129627],[95.0165891,26.9212664],[95.1026988,26.9624507],[95.1930088,27.035801],[95.2315092,27.0436274],[95.2482033,27.0246194],[95.3548908,27.1039463],[95.3747606,27.092867],[95.4202294,27.1261587],[95.4538643,27.1301691],[95.4673934,27.1715632],[95.4579735,27.2099459],[95.5089783,27.2609815],[95.5350923,27.265483],[95.5986392,27.2230791],[95.8018756,27.2845549],[95.8053732,27.2730359],[95.8591246,27.2872248],[95.8560776,27.2710905],[95.8924913,27.2552782],[95.8978021,27.2824667],[95.9609628,27.3106591],[95.9891367,27.3563505],[96.0124397,27.3642593],[95.9691921,27.4286845],[95.9626364,27.4165954],[95.9430885,27.436765],[95.9093141,27.4353938],[95.8856034,27.3982129],[95.8838975,27.4347367],[95.8575046,27.4206239],[95.8604014,27.4082998],[95.8435678,27.4224238],[95.8865583,27.4973276],[95.8768594,27.5442641],[95.8148574,27.5742918],[95.8159732,27.598445],[95.7907819,27.5997761],[95.7782507,27.6230491],[95.7960525,27.6391699],[95.7702899,27.6576832],[95.7904386,27.6798038],[95.7681441,27.6868723],[95.7521152,27.7216762],[95.779109,27.7331484],[95.8375597,27.8240759],[95.8709908,27.8322831],[95.9249461,27.8820063],[95.915215,27.8891754],[95.9373701,27.8984397],[95.9713583,27.9625787],[95.8226755,27.9712428],[95.604654,27.9548395],[95.5197072,27.8814942],[95.3844715,27.8420518],[95.309983,27.8692595],[94.9972539,27.7732797],[94.9016188,27.7824424],[94.8330188,27.700229],[94.7928715,27.7028614],[94.7560414,27.6663233],[94.7208065,27.6698914],[94.7075999,27.653586],[94.4790683,27.5771211],[94.4598899,27.5574965],[94.4308991,27.6029897],[94.3555232,27.5775671],[94.2979877,27.6043277],[94.2761331,27.5931775],[94.2542786,27.613694],[94.2667669,27.6324265],[94.2520485,27.6409007],[94.2110155,27.6110179],[94.2266259,27.575783],[94.2565086,27.5574965],[94.2639437,27.525788],[94.1570481,27.4781065],[94.0607096,27.3634816],[94.0000521,27.3344908],[93.8073751,27.1502881],[93.7980089,27.1360157],[93.8256616,27.1195133],[93.8350278,27.0749122],[93.7190649,27.0191608],[93.6738706,26.973229],[93.5877226,26.9516063],[93.4710788,26.9369156],[93.4500357,26.9513653],[93.3272124,26.9611143],[93.0919728,26.9156861],[93.0192729,26.9170241],[92.9175823,26.9643013],[92.9166903,26.9848179],[92.8725352,27.0075645],[92.7690605,27.0329871],[92.6588957,27.0383392],[92.6392712,27.0187147],[92.6455154,26.9874939],[92.5853038,26.9620713],[92.4595286,26.9634093],[92.3997631,26.9263904],[92.3529319,26.9357566],[92.2762179,26.9023058],[92.2543633,26.912118],[92.1950438,26.8911555],[92.1150285,26.8945174],[92.1025286,26.8694964],[92.056567,26.8496737],[91.987106,26.8608762],[91.8938271,26.9196926],[91.8593486,26.9133858],[91.8247896,26.8638803],[91.6915139,26.807182],[91.6271329,26.8211227],[91.4944493,26.7922837],[91.4080056,26.8389231],[91.3778173,26.7958175],[91.3386872,26.7806857],[91.2348032,26.8125427],[91.0974696,26.8217849],[91.0542963,26.7798159],[90.9953208,26.7906705],[90.7176303,26.7689857],[90.6462354,26.7781766],[90.6336879,26.7946546],[90.5475193,26.8164781],[90.4162359,26.904046],[90.3557259,26.9008155],[90.3438965,26.8731362],[90.3001714,26.8486455],[90.2339715,26.8592839],[90.2044537,26.8383858],[90.1836851,26.7992918],[90.1906371,26.7679982],[89.9685727,26.7219913],[89.8597599,26.734499],[89.8769343,26.6485062],[89.8582511,26.623378],[89.8784216,26.6155338],[89.8826022,26.5833931],[89.8644875,26.5732433],[89.8539736,26.4918345],[89.8721452,26.4520733],[89.8491551,26.4227911],[89.8574771,26.4119796],[89.8352544,26.4120203],[89.8299535,26.3970041],[89.8498812,26.4035889],[89.8588997,26.3840269],[89.8280157,26.3811315],[89.8227633,26.3516331],[89.8219224,26.3718102],[89.788858,26.3561068],[89.7642755,26.3160689],[89.7509837,26.3243834],[89.7575531,26.2904409],[89.7182393,26.3087849],[89.7378856,26.2701028],[89.7174503,26.2591573],[89.7046566,26.2719246],[89.7026158,26.2578633],[89.732158,26.2378299],[89.7003936,26.2184484],[89.7332303,26.2119921],[89.7116,26.2029669],[89.7130745,26.1877166],[89.6986005,26.191177],[89.7092373,26.1728078],[89.7365505,26.1727894],[89.7205203,26.1588688],[89.7218321,26.1564347]],[[89.8161323,26.3427283],[89.8174147,26.3209353],[89.7897213,26.3418328],[89.8161013,26.3427782],[89.8161323,26.3427283]]]}},{"type":"Feature","properties":{"name":"Bihar","code":"IN-BR"},"geometry":{"type":"Polygon","coordinates":[[[85.6193242,26.8695412],[85.5893041,26.8495513],[85.5753717,26.8610553],[85.5657649,26.8411053],[85.4542352,26.7818459],[85.4075605,26.7914216],[85.3357313,26.7422493],[85.2105875,26.7586238],[85.1765049,26.8102599],[85.1907447,26.8698969],[85.0240928,26.8543976],[85.028988,26.8755765],[85.0608362,26.8857614],[84.9691569,26.9164442],[84.9784027,26.9401139],[84.9624956,26.9605153],[84.8554074,26.985516],[84.8540968,27.0083656],[84.8253891,27.0209814],[84.7932429,26.9958807],[84.7733137,27.01773],[84.757532,27.0027579],[84.6432983,27.0461682],[84.6461974,27.0757952],[84.6745018,27.0965617],[84.6908813,27.2149332],[84.6221253,27.3364549],[84.2939619,27.3849153],[84.2540802,27.4528339],[84.2078114,27.442836],[84.2057578,27.4695695],[84.1489145,27.4862902],[84.1455518,27.5187032],[84.0986036,27.5173251],[84.0947336,27.4892381],[84.0268792,27.4333718],[83.9340205,27.4485451],[83.8629271,27.4280262],[83.8648965,27.3711772],[83.8370732,27.3206911],[83.8701653,27.3064455],[83.9155483,27.3253579],[83.933444,27.3096677],[83.9061284,27.2556787],[83.9709949,27.2232079],[83.9943838,27.1746557],[83.9586568,27.1367573],[83.9468121,27.0902689],[84.0306687,27.0975853],[83.9999842,27.0685843],[84.0494871,27.0436466],[84.0375781,27.0091832],[84.0567398,26.9887067],[84.0457176,26.981725],[84.0548515,26.9596393],[84.0324232,26.9396933],[84.0554523,26.9282686],[84.0604949,26.8876077],[84.0981102,26.8761434],[84.1114568,26.8993769],[84.1444158,26.8859427],[84.1419911,26.8500527],[84.1649483,26.8341865],[84.1822457,26.8335873],[84.1902923,26.8583993],[84.2197843,26.8716634],[84.2542791,26.8565042],[84.2596864,26.8015113],[84.2328643,26.7536198],[84.2400956,26.738597],[84.2549228,26.7264468],[84.3062495,26.7491362],[84.3326563,26.683516],[84.4108772,26.6702405],[84.4199963,26.6262727],[84.3074528,26.6163357],[84.2720968,26.599464],[84.1603374,26.6244422],[84.159308,26.6359511],[84.0868641,26.6391981],[84.0893447,26.6034452],[84.048715,26.5372058],[84.00756,26.5214351],[83.976611,26.5335465],[83.9734752,26.5075446],[83.9406564,26.5247288],[83.9079545,26.5190823],[83.9079561,26.4474055],[83.9905805,26.4325798],[84.0194981,26.4470374],[84.0345499,26.4117152],[84.0803802,26.382152],[84.1763102,26.3721488],[84.1858822,26.3118314],[84.165503,26.2424355],[84.1206578,26.2587167],[84.0856647,26.2203582],[84.0195464,26.2399318],[84.0280118,26.2001921],[84.0097308,26.1751759],[84.0334122,26.1616506],[84.0268442,26.1436689],[84.0502337,26.130533],[84.0547584,26.1022579],[84.1096009,26.0887858],[84.1725198,26.0247146],[84.1694391,25.9881558],[84.2060423,25.9998064],[84.2960787,25.9455036],[84.3536067,25.9585656],[84.4115638,25.9305298],[84.4263696,25.8907318],[84.5335936,25.8758475],[84.5423698,25.8600925],[84.5231652,25.8603435],[84.5297742,25.8319753],[84.5548367,25.8394494],[84.6243381,25.7924532],[84.6229219,25.7719337],[84.6036315,25.7614986],[84.6345091,25.7283902],[84.5606088,25.7373979],[84.5576048,25.6803445],[84.5351815,25.6916955],[84.539237,25.7267085],[84.52883,25.6829745],[84.498918,25.6756259],[84.4532347,25.7140269],[84.42976,25.7117069],[84.4265628,25.6928363],[84.4068002,25.6981923],[84.3891066,25.7459677],[84.3749278,25.7347488],[84.3366949,25.7442861],[84.3244901,25.671064],[84.2864011,25.676767],[84.2997587,25.6641124],[84.2785263,25.6594767],[84.2051839,25.6703076],[84.1987896,25.702446],[84.1547155,25.7297627],[84.1427851,25.7164628],[84.1298461,25.7174101],[84.1401672,25.7315604],[84.1030669,25.7207931],[84.0747857,25.6956787],[84.0805149,25.6372512],[84.0150904,25.6138606],[83.9231228,25.5535346],[83.8983821,25.521298],[83.8758945,25.517735],[83.8554047,25.4680803],[83.816692,25.4630263],[83.8129404,25.448843],[83.8463274,25.435118],[83.8013407,25.4304375],[83.8072819,25.4096834],[83.7723847,25.3868176],[83.7420241,25.4105321],[83.7109076,25.3852233],[83.7024996,25.3967697],[83.6821925,25.3795177],[83.694124,25.369439],[83.6560178,25.3684581],[83.6487222,25.3389257],[83.5972667,25.3284529],[83.5730624,25.3065346],[83.5397493,25.3156827],[83.5546088,25.3089206],[83.5053205,25.2808871],[83.4904289,25.2895404],[83.4690571,25.2524591],[83.4503889,25.2609979],[83.4369778,25.2442884],[83.4106707,25.2473355],[83.4023452,25.2090182],[83.3571553,25.1984371],[83.3520269,25.1585701],[83.3674764,25.126908],[83.3214712,25.0180288],[83.3526706,25.003328],[83.3446025,24.9652454],[83.3625412,24.9531743],[83.354426,24.9052093],[83.3692145,24.8785334],[83.3571879,24.8703538],[83.3968949,24.8311041],[83.3936217,24.7824287],[83.4592294,24.7312017],[83.4895277,24.7365417],[83.4854936,24.7019249],[83.5190105,24.6792316],[83.501544,24.6494355],[83.54815,24.6232606],[83.5226154,24.6013724],[83.5297823,24.565313],[83.4964671,24.5402797],[83.5016873,24.5264969],[83.7159484,24.5034485],[83.8006122,24.5301145],[83.8727889,24.5321963],[83.9332615,24.5476999],[84.0069218,24.6437603],[84.0496802,24.6114976],[84.1089248,24.4774235],[84.1399741,24.4996652],[84.1454458,24.5368366],[84.1632771,24.5332059],[84.1555738,24.5116534],[84.1777396,24.5047418],[84.17274,24.5448981],[84.188919,24.5530957],[84.2128658,24.5320932],[84.2366838,24.5496801],[84.2547941,24.5266663],[84.279449,24.5458545],[84.2709732,24.5600046],[84.2973232,24.5605511],[84.3275283,24.4923554],[84.295907,24.4729121],[84.2972588,24.4483412],[84.3291235,24.4383591],[84.3357968,24.4259145],[84.3200254,24.4212646],[84.3349431,24.420483],[84.3432212,24.3918567],[84.3878317,24.3886712],[84.4013929,24.3642403],[84.4310903,24.3567537],[84.4248136,24.3297362],[84.4584703,24.3370088],[84.4864082,24.3133696],[84.5050978,24.328934],[84.4843912,24.3025946],[84.4958389,24.285824],[84.5311045,24.3390812],[84.5269632,24.3762413],[84.5725179,24.3832577],[84.567647,24.4102057],[84.6650219,24.3907037],[84.6852565,24.4551973],[84.7858715,24.5035117],[84.8015141,24.5307658],[84.8393655,24.5101891],[84.8392367,24.4527948],[84.8541283,24.4665257],[84.8877311,24.4629515],[84.8822593,24.4246251],[84.9036741,24.3727232],[84.9753857,24.375352],[85.028665,24.4152859],[85.0632763,24.4079],[85.0801635,24.4321663],[85.0737905,24.3806193],[85.0907099,24.3726841],[85.1758861,24.4218507],[85.1548147,24.4461436],[85.1615953,24.4601194],[85.2273738,24.4625609],[85.2500009,24.4900777],[85.2855134,24.4927138],[85.2884531,24.5226839],[85.3911855,24.5302672],[85.3975868,24.5435318],[85.3707762,24.5553498],[85.4336439,24.5313155],[85.4914061,24.5481453],[85.524069,24.5212685],[85.5408168,24.5305315],[85.5406666,24.5626881],[85.5718982,24.5618879],[85.5659759,24.5871196],[85.5806391,24.6006488],[85.6143567,24.5808219],[85.6679964,24.5787585],[85.6763112,24.6162088],[85.6492192,24.6848126],[85.6818688,24.6918167],[85.7086587,24.7254131],[85.7077575,24.7801499],[85.7362834,24.8214444],[85.7779669,24.7962214],[85.867424,24.8050842],[85.9153175,24.7476108],[85.9597992,24.7313771],[86.0551048,24.7796926],[86.0359525,24.7432261],[86.0871579,24.7476896],[86.1277485,24.6984549],[86.1148095,24.6447938],[86.1233926,24.6115952],[86.1732602,24.5837928],[86.2077856,24.5907586],[86.2142512,24.6147124],[86.2582761,24.5787981],[86.3234796,24.5866311],[86.3006917,24.5603531],[86.3078856,24.5106186],[86.2765089,24.4663178],[86.3781165,24.4302713],[86.4053141,24.3881046],[86.4444637,24.3681886],[86.4722728,24.3937719],[86.4674449,24.4252112],[86.4908551,24.4280246],[86.4830905,24.4684724],[86.5168619,24.5350408],[86.5524387,24.5370319],[86.5590906,24.5649227],[86.5803102,24.5667305],[86.6082013,24.6080923],[86.6695118,24.5661716],[86.7426395,24.5861148],[86.7535495,24.6171817],[86.777343,24.6196193],[86.8109607,24.5993044],[86.801935,24.5706144],[86.8432025,24.5752556],[86.856048,24.5550741],[86.8812284,24.5743831],[86.9167149,24.5449956],[86.9092798,24.5962998],[86.9457578,24.6355491],[86.9400716,24.6531409],[86.9581818,24.6496891],[86.9523668,24.6316091],[86.9782447,24.639957],[86.9957971,24.6199639],[87.0108604,24.6319602],[87.0509672,24.6088699],[87.0543437,24.6690022],[87.0801043,24.7284341],[87.0712852,24.7466754],[87.0956787,24.8025074],[87.0746755,24.8079864],[87.0764695,24.8234718],[87.1425676,24.8603893],[87.1582368,24.8894562],[87.1430396,24.9139184],[87.1458721,25.0192343],[87.2116715,25.0899922],[87.2397923,25.0921479],[87.2395992,25.1172717],[87.2955178,25.0884751],[87.3278331,25.2237332],[87.3719805,25.206203],[87.4011325,25.2274213],[87.4778697,25.1941704],[87.4761721,25.2371183],[87.5005025,25.2597342],[87.4932621,25.3072689],[87.5429462,25.2810229],[87.5516846,25.3324986],[87.5842094,25.3489225],[87.584306,25.3308288],[87.6092398,25.3135955],[87.6919591,25.3115677],[87.7113569,25.2576697],[87.7559995,25.2631326],[87.8273463,25.2352243],[87.8552684,25.2552696],[87.8614296,25.2814222],[87.7959601,25.3262029],[87.792312,25.373548],[87.765876,25.3852703],[87.7645132,25.4137766],[87.7751923,25.4089097],[87.7872576,25.4504011],[87.824781,25.4379483],[87.8393461,25.4678411],[87.869307,25.4689965],[87.8843707,25.5205728],[87.9027617,25.5053242],[87.9277224,25.5371961],[87.9633339,25.5395352],[87.9937986,25.5224126],[87.9957753,25.4995445],[88.0135213,25.5112115],[88.0302773,25.491538],[88.0733801,25.4843119],[88.0765349,25.5080962],[88.0372757,25.5383222],[88.0258214,25.5588553],[88.0385117,25.5693978],[88.0202649,25.5911494],[88.0552608,25.637821],[88.0368009,25.6416427],[88.0481653,25.6462213],[88.0486501,25.6970871],[88.0206456,25.6958644],[87.9988548,25.7219036],[87.9657011,25.7256205],[87.9379726,25.7739322],[87.9041711,25.7711307],[87.8994578,25.807486],[87.9158848,25.8163962],[87.888037,25.830663],[87.9146902,25.8539469],[87.8298278,25.870648],[87.8073742,25.9298524],[87.8384338,25.9314931],[87.8559251,26.0359763],[87.9280484,26.0830673],[87.9455021,26.0607608],[87.9529125,26.0764672],[87.9856216,26.0776602],[87.9636055,26.0946263],[87.9868033,26.1014072],[87.9692715,26.1176215],[87.981397,26.1260571],[87.9749022,26.1433738],[87.9920707,26.1509604],[87.9998794,26.1383958],[88.037234,26.1787072],[88.0718483,26.1742024],[88.1144164,26.2237246],[88.1398154,26.227195],[88.1443979,26.2522412],[88.2106318,26.2777914],[88.2472527,26.3281209],[88.2746931,26.328571],[88.2789086,26.3493939],[88.2935328,26.350818],[88.276265,26.3794379],[88.232215,26.3795982],[88.2279377,26.3927474],[88.2695789,26.4204452],[88.2098231,26.4692253],[88.2243602,26.4819468],[88.2107336,26.4730923],[88.1798866,26.4876431],[88.2296833,26.5350447],[88.2254876,26.5567452],[88.2109533,26.56092],[88.2116103,26.539944],[88.1793929,26.5482542],[88.1300529,26.5160245],[88.1028557,26.5396437],[88.0951105,26.4378984],[88.0312353,26.3886058],[88.0301876,26.3650361],[87.9954881,26.3657396],[87.9916822,26.3927155],[87.9269206,26.4175272],[87.9159766,26.4316439],[87.925556,26.445],[87.8983782,26.4489376],[87.9088639,26.4608205],[87.8881188,26.4869511],[87.8486506,26.4368904],[87.792803,26.4690046],[87.7599646,26.4089857],[87.6774084,26.4356246],[87.6779435,26.4159333],[87.6500098,26.4060072],[87.6517134,26.3935809],[87.6057945,26.3805202],[87.54751,26.4184768],[87.4639078,26.4398641],[87.3686008,26.4081549],[87.3582201,26.3610975],[87.3409384,26.3477581],[87.3122259,26.3715997],[87.2658365,26.3739558],[87.2606873,26.4094151],[87.1616609,26.4042328],[87.0914995,26.450408],[87.0711578,26.5860156],[87.0446154,26.5873071],[87.0151705,26.5319823],[86.9318441,26.515929],[86.9292177,26.4890348],[86.8941007,26.4879638],[86.8941021,26.4619734],[86.8334002,26.4388673],[86.7654313,26.4593635],[86.730881,26.4224377],[86.6938773,26.4512215],[86.5700779,26.4965203],[86.5417837,26.5387041],[86.4977365,26.5423624],[86.3330643,26.6191208],[86.2524245,26.617186],[86.2172941,26.5885714],[86.1958444,26.5940437],[86.1925108,26.6147589],[86.1357955,26.6064042],[86.1387378,26.6289394],[86.0268816,26.6667628],[85.9560817,26.6489708],[85.9466779,26.6127567],[85.9278718,26.616601],[85.8490202,26.5687885],[85.8508715,26.6086141],[85.8173249,26.60292],[85.8014816,26.6243275],[85.7321472,26.6541461],[85.7344079,26.7959751],[85.7209228,26.8204411],[85.6238726,26.873879],[85.6193242,26.8695412]]]}},{"type":"Feature","properties":{"name":"Chandigarh","code":"IN-CH"},"geometry":{"type":"Polygon","coordinates":[[[76.8052374,30.7644451],[76.8205959,30.7741506],[76.7824065,30.7704633],[76.7717756,30.7949512],[76.7049857,30.7565113],[76.7364293,30.6923257],[76.8021691,30.664974],[76.831542,30.6830602],[76.849028,30.7182304],[76.8320918,30.7396779],[76.8400782,30.7602359],[76.8071097,30.7624107],[76.8052374,30.7644451]]]}},{"type":"Feature","properties":{"name":"Chhattisgarh","code":"IN-CT"},"geometry":{"type":"Polygon","coordinates":[[[81.7416316,23.5660081],[81.7582619,23.5498714],[81.8090694,23.5493413],[81.8206893,23.515242],[81.8364251,23.5109078],[81.9200475,23.5344817],[81.957911,23.5007021],[81.9549926,23.4671704],[81.9804045,23.4470404],[81.9853343,23.414495],[82.0254753,23.4248811],[82.021898,23.387322],[82.0560039,23.3767843],[82.0640624,23.3929382],[82.1034126,23.3982357],[82.1171374,23.3554605],[82.1457483,23.3611799],[82.1637288,23.3346724],[82.192076,23.3267748],[82.1933809,23.2779651],[82.1452745,23.2267153],[82.1443524,23.1656481],[82.1609191,23.1620522],[82.1613598,23.1431148],[82.1222495,23.1038014],[82.0722247,23.1183247],[82.0341886,23.0800474],[81.9422512,23.078965],[81.9215018,23.040814],[81.9504814,22.9829269],[81.9463076,22.9567787],[81.8782403,22.9098086],[81.866114,22.9158106],[81.8616266,22.889261],[81.7756831,22.8744368],[81.7613452,22.8302873],[81.7943917,22.7664599],[81.7535928,22.7285159],[81.7723707,22.6682061],[81.7526278,22.6444865],[81.7395284,22.6750868],[81.7131403,22.6480894],[81.6833154,22.6469066],[81.6472545,22.6132642],[81.6599315,22.5694555],[81.6290252,22.5633593],[81.6219425,22.5380155],[81.5695494,22.55073],[81.5700331,22.5322719],[81.5222305,22.5390125],[81.4847101,22.4878301],[81.4426062,22.4943509],[81.4466168,22.4697636],[81.4589274,22.4692925],[81.4278386,22.4798128],[81.4286994,22.4568885],[81.4067044,22.440951],[81.3900599,22.4522642],[81.3820553,22.5098183],[81.3265267,22.5261441],[81.313728,22.4829212],[81.2812693,22.5029542],[81.2321909,22.452155],[81.1994617,22.4630331],[81.1976665,22.4895666],[81.1726923,22.4879085],[81.1551153,22.4549146],[81.1111641,22.4375745],[81.1036631,22.3833676],[81.1212109,22.3425955],[81.1187182,22.2912605],[81.079549,22.2393777],[81.0500614,22.2445505],[81.0194627,22.2211845],[81.0316398,22.1996535],[81.0166578,22.1855291],[81.021913,22.132729],[80.9781433,22.1201052],[81.0113334,22.0955689],[81.0062048,22.0632074],[80.9943909,22.0492418],[80.9694029,22.0579912],[80.9716628,22.0830462],[80.9475775,22.1182659],[80.9079342,22.109573],[80.852673,21.9573074],[80.8254944,21.9584206],[80.8476965,21.9325331],[80.8320527,21.8903515],[80.8533093,21.8725712],[80.8197392,21.7480232],[80.7854326,21.7403079],[80.7559915,21.762065],[80.7261427,21.7136657],[80.7341365,21.6945068],[80.7143873,21.6615499],[80.730946,21.6173477],[80.7153557,21.58505],[80.7289145,21.572575],[80.719994,21.5549955],[80.7407816,21.5392259],[80.7275998,21.4961975],[80.7377536,21.4731242],[80.6600452,21.3340841],[80.6791949,21.2979313],[80.6143713,21.2270218],[80.463717,21.1745277],[80.4453921,21.1221951],[80.4573226,21.1138081],[80.4389763,21.0964322],[80.45228,21.0386647],[80.4240417,21.0099829],[80.443697,20.9936567],[80.4629874,20.9300173],[80.546844,20.9349876],[80.5613386,20.830978],[80.5517578,20.763919],[80.5876136,20.6847359],[80.5209767,20.6573117],[80.4812908,20.6187368],[80.5207622,20.5807245],[80.5801463,20.6084638],[80.6317091,20.5985217],[80.6171393,20.5846819],[80.6263983,20.563277],[80.6020117,20.4475622],[80.6133413,20.4348549],[80.5918622,20.3929455],[80.6242203,20.326901],[80.5496549,20.3082473],[80.5190134,20.2662432],[80.4817199,20.2747174],[80.3954816,20.2446631],[80.4223466,20.2020175],[80.3998589,20.1868128],[80.3949666,20.1549689],[80.4294276,20.1362341],[80.4621506,20.1505775],[80.5315876,20.1306939],[80.5521441,20.1183534],[80.5440974,20.0962189],[80.5567467,20.0704735],[80.5495262,19.9860535],[80.5294847,19.9387788],[80.4893589,19.9305486],[80.4515934,19.9574564],[80.4111242,19.938456],[80.4116392,19.9092046],[80.4908609,19.9013361],[80.5055379,19.8719164],[80.4389762,19.8090232],[80.4031849,19.8166339],[80.402069,19.7955371],[80.4646825,19.7952544],[80.4874706,19.7701364],[80.4853677,19.8014323],[80.470047,19.8102345],[80.4818058,19.8272317],[80.5463075,19.8177038],[80.5535602,19.7644823],[80.6699145,19.7024556],[80.6663632,19.6103307],[80.7197928,19.6149999],[80.7668066,19.5894695],[80.7751107,19.5624995],[80.834527,19.5666242],[80.8551264,19.5242405],[80.8952737,19.5191036],[80.8977842,19.4802881],[80.8746958,19.4453685],[80.8126616,19.4329445],[80.8098506,19.4087211],[80.8510923,19.361721],[80.7520008,19.2873069],[80.689516,19.2864765],[80.6927347,19.3153149],[80.6775426,19.3300562],[80.6117455,19.3107031],[80.5964828,19.3800204],[80.572408,19.4023627],[80.5191713,19.3471737],[80.4841447,19.3394915],[80.4469889,19.264271],[80.3932851,19.2459147],[80.3915408,19.1835984],[80.3333616,19.1454115],[80.3294349,19.0698854],[80.2980753,19.0505139],[80.3044152,19.0239243],[80.2726376,18.983038],[80.2718354,18.9358097],[80.3305086,18.8766741],[80.3538195,18.8210611],[80.2441803,18.7570259],[80.3020019,18.6911936],[80.3479611,18.5943768],[80.4559814,18.6309354],[80.5127279,18.6224275],[80.5332973,18.5896273],[80.6375505,18.5242087],[80.6562414,18.4768071],[80.7029685,18.445651],[80.6979815,18.4236714],[80.7340504,18.4156413],[80.7192259,18.3914045],[80.7902692,18.2436589],[80.7352654,18.2224292],[80.738003,18.1746655],[80.8145133,18.1768404],[80.8218804,18.2381952],[80.8333079,18.240754],[80.8684651,18.2302271],[80.8711698,18.206692],[80.8524757,18.2013281],[80.8701566,18.1363252],[80.9759958,18.1759637],[80.9475943,18.0821291],[80.997737,17.9193492],[81.0080074,17.7996052],[81.0442358,17.7822752],[81.0771943,17.7886557],[81.0889132,17.8108089],[81.159383,17.852734],[81.2539375,17.8121469],[81.3244056,17.8152968],[81.3929964,17.7953958],[81.3992286,17.8913571],[81.4461994,17.8868646],[81.4492035,17.9309062],[81.4824414,17.9744266],[81.4803815,18.0484804],[81.5135121,18.0996408],[81.5255499,18.1614295],[81.5075683,18.1891355],[81.5306783,18.2648],[81.5985703,18.3090626],[81.6618705,18.3215702],[81.6582227,18.3457068],[81.7504691,18.3525705],[81.7684936,18.4184631],[81.8575,18.4926334],[81.8688726,18.5240301],[81.9086766,18.5373765],[81.9126677,18.5715313],[81.9481587,18.5697006],[81.9641661,18.5892264],[81.8955016,18.6292066],[81.8943858,18.6572034],[81.9488239,18.6433378],[81.9674814,18.6961209],[82.0316505,18.7235477],[82.0862174,18.7192801],[82.0907878,18.762582],[82.1339607,18.7661172],[82.1657824,18.7978696],[82.1612763,18.8798944],[82.1774125,18.9015971],[82.2467422,18.9196231],[82.233696,19.0182239],[82.2035694,19.0649775],[82.2195768,19.0962677],[82.2062945,19.0969571],[82.2061229,19.1234567],[82.1832919,19.1307145],[82.1747732,19.1177597],[82.16496,19.1329964],[82.1862852,19.166279],[82.1623277,19.2019169],[82.1585941,19.2672347],[82.1790218,19.3197293],[82.1950292,19.3261685],[82.14926,19.3530361],[82.1477795,19.3719946],[82.1787,19.3791199],[82.1897077,19.4268333],[82.1248626,19.4298485],[82.1026754,19.4667541],[82.0999288,19.5165957],[82.0759391,19.5239574],[82.0286143,19.5078685],[82.0504153,19.5491139],[82.0396221,19.5972928],[82.0591915,19.62934],[82.0443535,19.7085968],[82.0652747,19.7894195],[81.9856667,19.800968],[81.9683504,19.859808],[81.8535518,19.9184446],[81.8452262,19.9597557],[81.8756814,20.0521431],[81.8964672,20.049723],[81.9459915,20.1055486],[81.9954299,20.0530691],[82.0123386,20.053835],[82.032659,20.0160064],[82.070092,20.0565964],[82.1272552,20.0144438],[82.1714795,20.0056833],[82.185148,19.9826354],[82.2380412,20.0027193],[82.2687578,19.976636],[82.304592,19.8894317],[82.3461556,19.8355681],[82.3608756,19.8627141],[82.4446034,19.9100116],[82.5971031,19.872542],[82.5752699,19.8333175],[82.5904083,19.7762749],[82.627337,19.7941439],[82.6523137,19.8316725],[82.7039194,19.832056],[82.7178883,19.8531479],[82.7236175,19.8754882],[82.7062154,19.9114844],[82.7149915,19.9961561],[82.6408349,20.0058096],[82.6006623,19.9910175],[82.3986559,20.05809],[82.3864212,20.1463902],[82.4207242,20.2068507],[82.412565,20.2701774],[82.4366775,20.2944025],[82.3997629,20.3432002],[82.4368535,20.4366177],[82.4191126,20.480576],[82.3943711,20.4617557],[82.3881966,20.5184133],[82.3577153,20.5290419],[82.3312779,20.5624703],[82.3753257,20.6321537],[82.3415949,20.7667913],[82.3494059,20.8882244],[82.3632178,20.8875328],[82.3640303,20.8702588],[82.4054478,20.8697695],[82.4195486,20.8320261],[82.464541,20.8293093],[82.4862608,20.8616716],[82.4874163,20.9098647],[82.559238,20.9477234],[82.6286585,21.0394383],[82.6115882,21.0764308],[82.6491487,21.1055208],[82.6393747,21.1552978],[82.7560723,21.1664839],[82.7939343,21.1424999],[82.8509474,21.1678245],[82.8831661,21.1480235],[82.9016197,21.1670942],[82.9422283,21.1601706],[82.9651022,21.1930548],[82.9660892,21.1755682],[82.9882121,21.1830313],[82.9809809,21.170946],[83.0025673,21.1698255],[82.9908514,21.1408888],[83.0146479,21.147213],[83.0750513,21.1138682],[83.1306696,21.1067018],[83.1967592,21.1466126],[83.2220793,21.2670201],[83.2476997,21.2826165],[83.2705736,21.2729789],[83.2781052,21.2958921],[83.2566261,21.3194413],[83.2686423,21.3783579],[83.3774113,21.3449055],[83.4044909,21.3512808],[83.3973455,21.4049505],[83.353765,21.4487948],[83.3377576,21.5036665],[83.3706307,21.5583378],[83.3821964,21.6197711],[83.443222,21.6552744],[83.458457,21.6089987],[83.472619,21.6319788],[83.4889698,21.6311012],[83.420547,21.6817945],[83.4338664,21.7002593],[83.4594655,21.6974481],[83.4904074,21.7445125],[83.4695077,21.788015],[83.4928751,21.818417],[83.5421419,21.7996506],[83.533237,21.8334961],[83.5787058,21.8324205],[83.5909259,21.8512025],[83.5743821,21.8748508],[83.6055601,21.9144219],[83.5564327,21.9381493],[83.5360479,21.9797025],[83.5559421,22.0078476],[83.5357904,22.0300357],[83.5427534,22.0564285],[83.5867738,22.0507208],[83.6056995,22.0672667],[83.5624837,22.106794],[83.6467266,22.2222903],[83.6975813,22.2464725],[83.7573409,22.2407029],[83.8645005,22.3430999],[83.8963222,22.3376519],[83.9229297,22.3582719],[84.0100264,22.372718],[84.0469122,22.4464133],[84.0451741,22.4715778],[83.9751685,22.5115857],[84.0099621,22.52776],[84.0093898,22.5744455],[84.0547871,22.5976288],[84.0834975,22.6379962],[84.153471,22.6367485],[84.2270279,22.6741742],[84.2307186,22.7393576],[84.2591715,22.7677135],[84.2867645,22.7631418],[84.314779,22.8005341],[84.323523,22.851065],[84.3723821,22.8654595],[84.375987,22.9072698],[84.3954277,22.9268757],[84.3730259,22.9793944],[84.2836579,22.9634629],[84.2780435,22.9926197],[84.2518115,22.9720158],[84.2191207,22.979513],[84.1850567,23.0266202],[84.1739416,22.9719862],[84.1496506,22.9657833],[84.1255491,23.0370802],[84.1331926,23.0837342],[84.0935826,23.1126347],[84.0666434,23.1108377],[84.0355406,23.1423419],[84.0328359,23.1639763],[84.0631127,23.2061083],[84.0535641,23.2473003],[84.0744632,23.3336779],[84.0503669,23.3743456],[84.0229225,23.3777334],[84.0118933,23.3534655],[83.9801788,23.3645757],[83.9667892,23.3876009],[83.9841914,23.4246021],[83.9742565,23.4608844],[84.0141248,23.5029223],[84.0277719,23.5464811],[84.0150946,23.6345484],[83.9318776,23.6202071],[83.9364909,23.5692582],[83.8078093,23.5873315],[83.7718801,23.6107275],[83.7515473,23.6392562],[83.7616324,23.6511679],[83.7230368,23.6842983],[83.7449169,23.7193148],[83.7067437,23.818838],[83.6638927,23.8284564],[83.6612749,23.8489863],[83.5717749,23.8615264],[83.5859106,23.8861229],[83.5535969,23.8971241],[83.5153365,23.9803772],[83.5148093,24.0276594],[83.450818,24.042976],[83.4355616,24.0835921],[83.4074735,24.0808299],[83.3895349,24.0988125],[83.3214712,24.1066864],[83.2826328,24.0503439],[83.2791567,24.018165],[83.2448029,24.012579],[83.2232487,23.9869682],[83.2078099,23.9217862],[83.1587535,23.9071757],[83.1417077,23.8859423],[83.0886583,23.8716378],[82.9506829,23.8706272],[82.8207756,23.9648746],[82.7544609,23.9341881],[82.7523838,23.9197898],[82.7035064,23.9244874],[82.6615901,23.9076418],[82.6510584,23.8894779],[82.6684478,23.8717908],[82.6604658,23.8551435],[82.5886197,23.8214385],[82.5330744,23.8221469],[82.5514745,23.790641],[82.5244621,23.7837413],[82.4974036,23.7849009],[82.4692581,23.8110597],[82.3346565,23.8025468],[82.2606107,23.8212405],[82.2318132,23.8053142],[82.2063125,23.8274112],[82.2117832,23.8520049],[82.1714624,23.8182401],[82.053581,23.8183752],[82.038416,23.8268405],[82.0441805,23.8416489],[82.0088132,23.8610785],[81.9577993,23.852284],[81.9289311,23.8707205],[81.8881575,23.8355482],[81.7911185,23.8093468],[81.7254739,23.839824],[81.7319778,23.8566779],[81.7074906,23.8611325],[81.7073101,23.8823592],[81.6630194,23.9245889],[81.6090176,23.9032048],[81.604235,23.8817518],[81.6222071,23.8702386],[81.6031818,23.8537101],[81.6132297,23.8344775],[81.635836,23.8345131],[81.6514467,23.7990553],[81.6446617,23.7701261],[81.6818492,23.7533029],[81.6959093,23.7213201],[81.6840781,23.6909196],[81.6555493,23.6820162],[81.6551724,23.6631363],[81.6145652,23.6629179],[81.611969,23.5952529],[81.5766845,23.5853445],[81.5829737,23.5553351],[81.610036,23.5556434],[81.6119911,23.5106843],[81.6340586,23.4899603],[81.6581651,23.5049075],[81.6589114,23.5289972],[81.6996447,23.5220168],[81.7415052,23.5659944],[81.7416316,23.5660081]]]}},{"type":"Feature","properties":{"name":"Dadra and Nagar Haveli and Daman and Diu","code":"IN-DH"},"geometry":{"type":"MultiPolygon","coordinates":[[[[70.9173971,20.7022649],[70.9180221,20.7026487],[70.917381,20.7023075],[70.9173971,20.7022649]]],[[[70.899834,20.6991687],[70.9278309,20.7119218],[70.9768537,20.7020365],[70.9980282,20.7161012],[70.9618896,20.7209559],[70.9597841,20.735877],[70.9070492,20.7351445],[70.8737386,20.7176461],[70.8998206,20.6992415],[70.899834,20.6991687]]],[[[71.0026156,20.7417778],[70.9825721,20.7248519],[71.0031281,20.7413081],[71.0026156,20.7417778]]],[[[70.9954125,20.7190429],[70.9964105,20.7191232],[70.9953243,20.7190538],[70.9954125,20.7190429]]],[[[71.1473206,20.7672656],[71.1491318,20.764515],[71.1474254,20.7677936],[71.1473206,20.7672656]]],[[[71.1447947,20.7584795],[71.1484409,20.7601983],[71.1451916,20.7599768],[71.1447947,20.7584795]]],[[[71.1530936,20.7613809],[71.1503669,20.7596994],[71.1533242,20.7613508],[71.1530936,20.7613809]]],[[[71.1514989,20.7628815],[71.1501114,20.7626378],[71.1513157,20.762637],[71.1514989,20.7628815]]],[[[71.147284,20.7636651],[71.1479565,20.760528],[71.1496149,20.7626637],[71.147284,20.7636651]]],[[[72.891745,20.370413],[72.8823356,20.404606],[72.9019576,20.4174767],[72.8591833,20.428465],[72.868326,20.4452825],[72.8923714,20.4467678],[72.8880364,20.4606904],[72.8562273,20.4696083],[72.8297057,20.4417433],[72.820137,20.371482],[72.8792645,20.370773],[72.891745,20.370413]]],[[[72.9320462,20.322015],[72.962349,20.3065247],[73.0014777,20.3342531],[72.9699394,20.3629207],[72.935768,20.3351773],[72.9320462,20.322015]]],[[[73.0144219,20.0966999],[73.0514967,20.0637795],[73.05585,20.098778],[73.1039098,20.0893521],[73.1116909,20.0741667],[73.1364225,20.0860034],[73.1789555,20.0473907],[73.1925767,20.0500921],[73.1888892,20.0772823],[73.2125462,20.0902952],[73.2147727,20.1189065],[73.1864118,20.1291627],[73.1848454,20.1493084],[73.2170105,20.18641],[73.1373596,20.2073539],[73.141179,20.1764607],[73.1146574,20.1532567],[73.0789089,20.1727951],[73.0739736,20.1560365],[73.0608844,20.1617975],[73.048954,20.2005877],[73.0640173,20.2277311],[73.0962896,20.228013],[73.1479168,20.2895311],[73.1661987,20.2838956],[73.166027,20.3107829],[73.1522083,20.3166589],[73.1009674,20.3022906],[73.1124258,20.3352512],[73.0971479,20.359796],[73.0772781,20.3237017],[73.0423772,20.3258647],[73.0343198,20.2910204],[73.0080127,20.3123928],[73.0103731,20.2921474],[72.9807767,20.2892189],[72.9839935,20.2718999],[72.9460826,20.2933084],[72.924674,20.27859],[72.9755193,20.2192705],[72.9599047,20.2008092],[72.9776287,20.1798947],[72.9639387,20.1267551],[72.9910075,20.11653],[73.0009961,20.1416735],[73.0139243,20.0986672],[73.0144219,20.0966999]],[[73.0058091,20.2372978],[73.0117404,20.2167299],[72.9900446,20.2153658],[72.9879744,20.235023],[73.0058091,20.2372978]]]]}},{"type":"Feature","properties":{"name":"Delhi","code":"IN-DL"},"geometry":{"type":"Polygon","coordinates":[[[77.2960797,28.5695146],[77.313382,28.5965248],[77.3412222,28.6051404],[77.3404229,28.6236487],[77.3168228,28.6377479],[77.3311068,28.7131973],[77.2912591,28.7063661],[77.2280336,28.7845746],[77.2072766,28.7866961],[77.2021248,28.8135672],[77.2236692,28.8223178],[77.2142359,28.8558176],[77.1751944,28.8585344],[77.1452792,28.8380509],[77.1402227,28.8617488],[77.1218601,28.8579549],[77.0825883,28.8834464],[77.0401717,28.8318035],[76.9943617,28.839624],[76.9492131,28.8160776],[76.9556504,28.7676623],[76.9444259,28.7538892],[76.9598369,28.7299219],[76.9481166,28.7124612],[76.968025,28.6991996],[76.9245164,28.6496429],[76.9423962,28.6272319],[76.8893571,28.6318048],[76.8646101,28.5855295],[76.8388351,28.5732306],[76.8458603,28.5500119],[76.8871384,28.5203063],[76.8854384,28.5013759],[76.9069036,28.5137629],[77.0100507,28.5147255],[77.007818,28.5409048],[77.0575428,28.5128211],[77.0939182,28.5138682],[77.119507,28.495139],[77.1124725,28.4731841],[77.1277292,28.4428335],[77.1628404,28.428515],[77.1740891,28.4046285],[77.2500228,28.4250334],[77.2330713,28.4585048],[77.2434354,28.4788202],[77.2902453,28.4964917],[77.3276031,28.489844],[77.3453379,28.5134531],[77.297364,28.5599651],[77.2960797,28.5695146]]]}},{"type":"Feature","properties":{"name":"Goa","code":"IN-GA"},"geometry":{"type":"MultiPolygon","coordinates":[[[[74.0638429,14.8926068],[74.0648836,14.8931045],[74.0639019,14.8928349],[74.0638429,14.8926068]]],[[[74.1116073,14.7612761],[74.1200244,14.7530388],[74.1116986,14.761026],[74.1116073,14.7612761]]],[[[74.0125953,15.0097318],[74.0142797,15.0066023],[74.0127522,15.0097694],[74.0125953,15.0097318]]],[[[73.7969103,15.3731939],[73.7943129,15.3782111],[73.7968131,15.3731398],[73.7969103,15.3731939]]],[[[73.7825484,15.3489509],[73.7687264,15.3519904],[73.782307,15.3488986],[73.7825484,15.3489509]]],[[[73.7653464,15.350832],[73.7615273,15.3537858],[73.7652904,15.3510369],[73.7653464,15.350832]]],[[[73.7643086,15.3493271],[73.7636547,15.3488908],[73.7643658,15.3491361],[73.7643086,15.3493271]]],[[[73.7602406,15.3442595],[73.7602771,15.3441019],[73.7602765,15.3442662],[73.7602406,15.3442595]]],[[[73.7157558,15.4123296],[73.7144169,15.4141251],[73.7152247,15.4123264],[73.7157558,15.4123296]]],[[[74.1644096,14.9586748],[74.201188,14.9264572],[74.2359924,14.9663242],[74.2538237,14.9612039],[74.2642608,14.9784624],[74.253416,14.9981835],[74.2967605,15.0409592],[74.2746806,15.1034078],[74.283328,15.1450023],[74.3181629,15.1839554],[74.3010735,15.224937],[74.2507124,15.2590554],[74.2763757,15.2835435],[74.3361139,15.2959831],[74.3168449,15.3301727],[74.3220377,15.3681637],[74.2753028,15.3917494],[74.2780065,15.4410226],[74.2507124,15.4912352],[74.2823624,15.532608],[74.2619991,15.5650223],[74.2448973,15.5670273],[74.2638874,15.615804],[74.2439103,15.6258059],[74.2504549,15.6578336],[74.224019,15.6690937],[74.2050934,15.6509326],[74.1814202,15.6821558],[74.1544318,15.6500441],[74.1177392,15.6516764],[74.0311145,15.6224996],[74.0213084,15.6063596],[73.9909673,15.6119395],[73.9613557,15.6419857],[73.9641022,15.6910441],[73.9442324,15.6990902],[73.9385891,15.7434984],[73.8751387,15.7515528],[73.8797736,15.7745783],[73.8571281,15.8007338],[73.825355,15.7423298],[73.7856365,15.7256691],[73.6771152,15.7294127],[73.7405777,15.6120015],[73.7320536,15.5905516],[73.7648558,15.4950978],[73.8141413,15.4918578],[73.7880152,15.4615909],[73.848494,15.452563],[73.862174,15.4291176],[73.88399,15.4333179],[73.8970363,15.4150351],[73.8726604,15.3959206],[73.7832248,15.4105643],[73.8413411,15.3607229],[73.8704094,15.3710422],[73.8941352,15.3325316],[73.9497342,15.1426591],[73.9120701,15.0845937],[73.9667845,15.0660889],[73.9889315,15.0208936],[74.0255704,15.0079637],[74.0496755,14.9578119],[74.0474144,14.9154486],[74.0848741,14.9002456],[74.1243481,14.9255241],[74.1614485,14.9124822],[74.1627359,14.9582187],[74.1644096,14.9586748]]]]}},{"type":"Feature","properties":{"name":"Gujarat","code":"IN-GJ"},"geometry":{"type":"MultiPolygon","coordinates":[[[[70.536679,20.804513],[70.5362821,20.8057416],[70.5365342,20.8044327],[70.536679,20.804513]]],[[[69.9069929,22.5038744],[69.9170887,22.5083744],[69.9065852,22.5038249],[69.9069929,22.5038744]]],[[[72.3579365,21.5923149],[72.350142,21.6095922],[72.3577112,21.592275],[72.3579365,21.5923149]]],[[[69.5798546,22.3478506],[69.5600961,22.3432487],[69.579581,22.3478431],[69.5798546,22.3478506]]],[[[69.485178,22.3966831],[69.4815892,22.3887225],[69.4853215,22.3965405],[69.485178,22.3966831]]],[[[69.4454491,22.3525416],[69.4583881,22.3528145],[69.444403,22.3528244],[69.4454491,22.3525416]]],[[[69.4040036,22.5326159],[69.4042128,22.5247274],[69.4042021,22.5326506],[69.4040036,22.5326159]]],[[[69.3516308,22.5049449],[69.3635049,22.5128989],[69.3517649,22.5255004],[69.3163168,22.5243211],[69.3512338,22.5047715],[69.3516308,22.5049449]]],[[[69.2929548,22.4584607],[69.32755,22.46223],[69.3007386,22.4737118],[69.2928046,22.4585896],[69.2929548,22.4584607]]],[[[69.325041,22.3026745],[69.3253157,22.3021476],[69.3251199,22.3026514],[69.325041,22.3026745]]],[[[69.3100803,22.3052097],[69.3118986,22.3037947],[69.3101604,22.3053988],[69.3100803,22.3052097]]],[[[69.3284431,22.336456],[69.3274802,22.3365032],[69.3283707,22.3363816],[69.3284431,22.336456]]],[[[69.3378147,22.3867087],[69.3229687,22.3818105],[69.3328956,22.373085],[69.3379703,22.3866888],[69.3378147,22.3867087]]],[[[69.2779317,22.4186482],[69.2766312,22.4193109],[69.2777789,22.4186036],[69.2779317,22.4186482]]],[[[69.2792299,22.4154769],[69.2800721,22.4175919],[69.2787284,22.4158067],[69.2792299,22.4154769]]],[[[69.2093235,22.4002355],[69.2094657,22.399959],[69.2093584,22.4002578],[69.2093235,22.4002355]]],[[[69.2065655,22.402636],[69.2065635,22.4025169],[69.2066018,22.4026322],[69.2065655,22.402636]]],[[[69.2058615,22.4031505],[69.2058702,22.4030321],[69.2058903,22.4031462],[69.2058615,22.4031505]]],[[[69.085097,22.4856949],[69.0883237,22.4898732],[69.0849629,22.4855313],[69.085097,22.4856949]]],[[[69.5340908,22.4135453],[69.508878,22.423917],[69.5341578,22.4130568],[69.5340908,22.4135453]]],[[[72.8616071,20.7349237],[72.8716171,20.7356763],[72.8616285,20.735014],[72.8616071,20.7349237]]],[[[72.8700292,20.7401413],[72.875694,20.7405639],[72.8699595,20.7401814],[72.8700292,20.7401413]]],[[[72.8618216,20.7425895],[72.8692406,20.7398754],[72.8617814,20.7428202],[72.8618216,20.7425895]]],[[[71.5471664,20.9131111],[71.5461042,20.9132288],[71.5468016,20.9130434],[71.5471664,20.9131111]]],[[[71.4935732,20.898408],[71.495145,20.8999666],[71.4922857,20.8982476],[71.4935732,20.898408]]],[[[71.457594,20.877907],[71.455974,20.8779897],[71.4572909,20.8777015],[71.457594,20.877907]]],[[[71.6754189,20.9856657],[71.6746706,20.9854378],[71.6752848,20.9854803],[71.6754189,20.9856657]]],[[[71.6755047,20.987033],[71.676178,20.9895548],[71.675431,20.9870856],[71.6755047,20.987033]]],[[[71.6754162,20.991438],[71.6773394,20.9937368],[71.6753277,20.991453],[71.6754162,20.991438]]],[[[71.175868,20.7665719],[71.1761902,20.7667989],[71.175847,20.7666068],[71.175868,20.7665719]]],[[[71.1753917,20.766681],[71.1752656,20.7665457],[71.1754033,20.7666112],[71.1753917,20.766681]]],[[[73.0058091,20.2372978],[72.9879744,20.235023],[72.9900446,20.2153658],[73.0117404,20.2167299],[73.0128043,20.2328483],[73.0058091,20.2372978]]],[[[72.591573,21.6135571],[72.6074839,21.6370451],[72.5909829,21.6325772],[72.588467,21.6128991],[72.591573,21.6135571]]],[[[71.5108895,20.9037051],[71.522077,20.9050281],[71.5108386,20.9037928],[71.5108895,20.9037051]]],[[[71.5252501,20.90367],[71.5303409,20.9044192],[71.5251696,20.9037251],[71.5252501,20.90367]]],[[[69.0855905,22.4211798],[69.1083089,22.4374973],[69.110814,22.4640527],[69.1395043,22.464422],[69.1429798,22.448024],[69.1477427,22.4734887],[69.0930685,22.46175],[69.0854444,22.4213756],[69.0855905,22.4211798]]],[[[69.2000297,22.3846006],[69.2020936,22.3874887],[69.1999412,22.3845237],[69.2000297,22.3846006]]],[[[69.2034964,22.389903],[69.2044386,22.389624],[69.203475,22.3899085],[69.2034964,22.389903]]],[[[69.2049522,22.3897715],[69.2054685,22.3895496],[69.2050112,22.3897833],[69.2049522,22.3897715]]],[[[69.2055979,22.3927326],[69.2053451,22.3920506],[69.2056125,22.3927185],[69.2055979,22.3927326]]],[[[69.2059694,22.3960743],[69.2052392,22.3954866],[69.2057025,22.3955188],[69.2059694,22.3960743]]],[[[69.2035595,22.4023917],[69.2053646,22.4025355],[69.2036533,22.4024264],[69.2035595,22.4023917]]],[[[69.208201,22.4022789],[69.2065421,22.4030141],[69.2081608,22.4022863],[69.208201,22.4022789]]],[[[69.2084223,22.4012708],[69.2082654,22.4015734],[69.2083526,22.4012646],[69.2084223,22.4012708]]],[[[69.2138377,22.3828521],[69.2128345,22.3846353],[69.213725,22.3830481],[69.2138377,22.3828521]]],[[[69.2170174,22.3823945],[69.2167653,22.3830059],[69.2168837,22.3823456],[69.2170174,22.3823945]]],[[[69.1945365,22.3680127],[69.1947484,22.3741664],[69.1944534,22.3679408],[69.1945365,22.3680127]]],[[[69.1850522,22.3642338],[69.1832444,22.3678192],[69.1850093,22.3641581],[69.1850522,22.3642338]]],[[[69.1830486,22.3742111],[69.1825873,22.3762325],[69.1829172,22.3740871],[69.1830486,22.3742111]]],[[[69.1761419,22.3480317],[69.1751052,22.34776],[69.1760936,22.3479672],[69.1761419,22.3480317]]],[[[69.6344912,22.4068379],[69.6565282,22.4267807],[69.6423662,22.4500821],[69.6276408,22.4596852],[69.5914686,22.4430368],[69.595052,22.4262576],[69.6335041,22.4070363],[69.6344912,22.4068379]]],[[[69.9440181,22.5237661],[69.91802,22.54916],[69.8965001,22.5250248],[69.8601615,22.5280077],[69.9129474,22.511997],[69.9439537,22.5224183],[69.9440181,22.5237661]]],[[[69.9437043,22.5370554],[69.9532771,22.5499718],[69.9433744,22.5370604],[69.9437043,22.5370554]]],[[[69.9773419,22.5480644],[70.0209385,22.563531],[70.0244629,22.586386],[69.9654972,22.576866],[69.9576008,22.5507199],[69.9754643,22.5480942],[69.9773419,22.5480644]]],[[[69.9570014,22.5958941],[69.9511313,22.604478],[69.9569021,22.5958223],[69.9570014,22.5958941]]],[[[69.6466746,22.7622021],[69.6332377,22.7620848],[69.6668088,22.7516874],[69.6495146,22.760834],[69.6466746,22.7622021]]],[[[68.7819671,23.872731],[68.5440874,23.7123603],[68.5397959,23.6883308],[68.5247887,23.6895451],[68.5227477,23.6512956],[68.5076522,23.6546272],[68.4820318,23.6166879],[68.4451246,23.6178085],[68.4572053,23.5718543],[68.4328078,23.5383372],[68.4239672,23.4627347],[68.3955574,23.4432858],[68.4146116,23.4015047],[68.5005282,23.3402858],[68.5136175,23.3138039],[68.5361694,23.3164052],[68.5409544,23.2687887],[68.6373424,23.1855272],[68.6273218,23.1757051],[68.7583661,23.0813484],[69.1965602,22.8378599],[69.3635921,22.820966],[69.4721587,22.7734328],[69.4846969,22.7861396],[69.4531853,22.8003037],[69.5368932,22.7852137],[69.5598673,22.7745766],[69.5496604,22.7530721],[69.5666306,22.7441417],[69.5731272,22.7681053],[69.5958848,22.7574544],[69.5892067,22.7439594],[69.6195549,22.757247],[69.6068915,22.7766605],[69.6401861,22.7663486],[69.6296957,22.7996201],[69.6552531,22.7577308],[69.6723375,22.7843724],[69.6629667,22.7356749],[69.6833766,22.7289411],[69.6821567,22.7393081],[69.7196584,22.7386617],[69.6829903,22.7735387],[69.7138202,22.748609],[69.6916652,22.7729467],[69.7136325,22.75272],[69.8596572,22.8541893],[70.104618,22.903297],[70.1339292,22.9144445],[70.139637,22.9499762],[70.2211547,22.9592429],[70.2308365,22.9737304],[70.2178717,23.0630898],[70.2346515,22.9862888],[70.2672028,22.9568917],[70.3454803,22.9317749],[70.3711616,22.9389369],[70.3854936,22.9094934],[70.3381633,22.8453306],[70.3425644,22.8261384],[70.3313184,22.8339598],[70.3288293,22.8088616],[70.3206968,22.8203729],[70.319066,22.8022155],[70.3137874,22.8143998],[70.2967071,22.8010286],[70.2818584,22.7611445],[70.2346515,22.7145984],[70.2274417,22.6978917],[70.2553367,22.6953578],[70.217142,22.6863305],[70.2359389,22.6571062],[70.2234935,22.6613833],[70.196886,22.6278758],[70.173583,22.5702681],[70.1213121,22.5445072],[70.0482702,22.5570712],[70.0451884,22.5711188],[70.0293338,22.5258721],[69.9858472,22.5138405],[69.9660551,22.4813429],[69.9178183,22.4851595],[69.9248886,22.4386141],[69.8971331,22.4597992],[69.8706114,22.4330657],[69.8700719,22.4455947],[69.8355684,22.4508531],[69.8342735,22.4751536],[69.8261645,22.4260468],[69.8034221,22.4248146],[69.8184177,22.4170068],[69.8086819,22.3940718],[69.7588465,22.4411304],[69.7554105,22.4225583],[69.7425735,22.4287741],[69.7277462,22.4711068],[69.7020292,22.4441524],[69.6719563,22.4507552],[69.7084075,22.4323368],[69.6996642,22.3961853],[69.6606347,22.3839719],[69.661662,22.3370415],[69.6214718,22.371448],[69.6052084,22.3221432],[69.5707968,22.3076119],[69.5651615,22.3369969],[69.5398119,22.346057],[69.5527428,22.3555978],[69.5446632,22.373478],[69.5147493,22.3707151],[69.4900093,22.3376113],[69.4225645,22.315798],[69.3328339,22.327992],[69.3366802,22.3052719],[69.2849377,22.2694938],[69.2368537,22.2522716],[69.1961566,22.2586737],[69.1910255,22.2463235],[69.1570111,22.3163551],[69.1737601,22.3767707],[69.2000431,22.3910983],[69.1943219,22.4211426],[69.128927,22.3895979],[69.1100563,22.4101421],[69.0673301,22.3876139],[69.045757,22.4012584],[69.0424928,22.4346747],[69.0739551,22.4540782],[69.083654,22.4739609],[69.0679952,22.4800009],[68.9842433,22.4130692],[68.9362451,22.3104383],[68.9575914,22.2381959],[69.2338604,21.9415229],[69.5907202,21.6336069],[69.5908294,21.617254],[69.5938465,21.6378615],[69.6139723,21.6269921],[70.0936452,21.1117888],[70.2580292,20.9736313],[70.438242,20.8536234],[70.6140983,20.7708459],[70.6744996,20.7655805],[70.7038075,20.7387617],[70.8265936,20.6906251],[70.8432877,20.70649],[70.8735913,20.7049645],[70.8787358,20.731161],[70.9153211,20.7456195],[71.071592,20.7355609],[71.0849976,20.755542],[71.1447947,20.7584795],[71.1553708,20.7777048],[71.2093985,20.8009726],[71.3818645,20.856942],[71.3802069,20.874837],[71.4732903,20.8780348],[71.4798135,20.9072906],[71.5173791,20.9246197],[71.5049779,20.9336899],[71.5190639,20.9504743],[71.5643178,20.9498687],[71.7152631,21.0204889],[71.805903,21.0384394],[71.7938706,21.0484002],[71.8127453,21.0686575],[71.8971598,21.1101499],[72.0096248,21.1347796],[72.0176339,21.1540621],[72.1113181,21.1993467],[72.0831522,21.2479098],[72.1246701,21.3296455],[72.2348553,21.456234],[72.270813,21.5763949],[72.305848,21.6281291],[72.2513723,21.7443331],[72.2622621,21.7525743],[72.2555351,21.8837416],[72.212884,21.9620581],[72.2227746,21.9852888],[72.2640323,21.9836622],[72.3107028,22.1187813],[72.2926354,22.2273555],[72.4446577,22.29778],[72.4530315,22.2840632],[72.4744946,22.2895084],[72.4908487,22.3277457],[72.543881,22.3121281],[72.553432,22.3171876],[72.5358581,22.3394778],[72.5659632,22.336203],[72.5717656,22.3514014],[72.5886548,22.3278667],[72.5811138,22.2971483],[72.7056098,22.2702533],[72.7601606,22.2318246],[72.7705407,22.1967828],[72.7590287,22.1714693],[72.6460755,22.2159039],[72.5821692,22.1993705],[72.5442803,22.1311253],[72.5093418,21.9653155],[72.5259018,21.876185],[72.5694501,21.8942545],[72.6174939,21.886111],[72.5511001,21.795132],[72.5206447,21.683404],[72.5544549,21.6589899],[72.6035678,21.6830127],[72.6727259,21.6865519],[72.7010956,21.6434151],[72.637707,21.6150233],[72.625794,21.5939385],[72.6442864,21.5773918],[72.6225525,21.5946841],[72.611255,21.579156],[72.6269478,21.567422],[72.6151402,21.5579087],[72.6243979,21.5449513],[72.6805901,21.5411641],[72.6937786,21.5218651],[72.6529272,21.462084],[72.653752,21.4096052],[72.6300681,21.3755805],[72.6393163,21.3649748],[72.5899368,21.2950174],[72.606765,21.2809219],[72.6097945,21.2942191],[72.6087606,21.2811519],[72.6273711,21.2868489],[72.6039403,21.2755776],[72.615155,21.257644],[72.5981069,21.2694546],[72.6070366,21.235546],[72.6352125,21.2606586],[72.6223433,21.2350598],[72.6394368,21.2416449],[72.6191837,21.1639451],[72.6281127,21.126566],[72.6390669,21.136918],[72.6285104,21.1259119],[72.622472,21.1386073],[72.6137026,21.0908028],[72.621662,21.0976709],[72.6356395,21.0807167],[72.6169671,21.0848063],[72.6501296,21.0517143],[72.6576837,21.072023],[72.7244969,21.0754079],[72.7519423,20.9478785],[72.7908719,20.9020939],[72.8501165,20.7565152],[72.8776199,20.7445861],[72.8529258,20.7318155],[72.8974843,20.5843454],[72.8853392,20.5012852],[72.8578398,20.4661155],[72.8880364,20.4606904],[72.8923714,20.4467678],[72.868326,20.4452825],[72.8591833,20.428465],[72.9019576,20.4174767],[72.8823356,20.404606],[72.8975814,20.3790022],[72.8349129,20.3733544],[72.7777532,20.3368054],[72.7779758,20.3012843],[72.7565154,20.2936669],[72.7405,20.2432739],[72.7501626,20.2020703],[72.7379143,20.1347534],[72.792288,20.1232898],[72.7887368,20.1490062],[72.8243243,20.1421369],[72.8161061,20.1840839],[72.8371239,20.1885146],[72.8385186,20.2088238],[72.8607273,20.2073136],[72.8586459,20.2244894],[72.9623937,20.2100119],[72.9697212,20.2339889],[72.9407304,20.2469232],[72.924674,20.27859],[72.9460826,20.2933084],[72.9839935,20.2718999],[72.9807767,20.2892189],[73.0103731,20.2921474],[73.0080127,20.3123928],[73.0343198,20.2910204],[73.0423772,20.3258647],[73.0772781,20.3237017],[73.0924701,20.3594339],[73.1124258,20.3352512],[73.1009674,20.3022906],[73.147788,20.3175443],[73.166027,20.3107829],[73.1668853,20.2891285],[73.1479168,20.2895311],[73.0962896,20.228013],[73.0640173,20.2277311],[73.048954,20.2005877],[73.0708837,20.1552308],[73.0789089,20.1727951],[73.1146574,20.1532567],[73.141179,20.1764607],[73.1332397,20.2049777],[73.1685161,20.2085218],[73.2178258,20.1837919],[73.2099294,20.1653426],[73.1889653,20.164134],[73.1864118,20.1291627],[73.2107502,20.1206437],[73.225381,20.1400743],[73.2251726,20.1235359],[73.2493472,20.122446],[73.2797205,20.150089],[73.2831296,20.1979672],[73.297466,20.2091108],[73.3442196,20.1996336],[73.3579606,20.2133394],[73.3664578,20.1954172],[73.3831036,20.2117033],[73.3888757,20.192774],[73.41676,20.1983876],[73.4183934,20.3303845],[73.4058487,20.3847895],[73.3835918,20.3719413],[73.3799225,20.3936444],[73.4194046,20.4126296],[73.4696907,20.5199507],[73.4936589,20.5375439],[73.4752429,20.5432981],[73.4730421,20.5846279],[73.4298103,20.5950455],[73.4209844,20.6262012],[73.3927891,20.6448865],[73.4330383,20.6663565],[73.4496009,20.716765],[73.4748566,20.7200929],[73.4898032,20.6554444],[73.5314311,20.6734096],[73.5515611,20.64798],[73.6153883,20.6250327],[73.62822,20.5829995],[73.6527488,20.5646808],[73.6948675,20.5784232],[73.7444334,20.5649218],[73.7759265,20.6007135],[73.8383442,20.6210212],[73.8393581,20.659204],[73.8114095,20.6921532],[73.8552421,20.6912147],[73.8743931,20.7293398],[73.9136204,20.7241783],[73.9419083,20.7415811],[73.9401394,20.8392956],[73.9244699,20.8511921],[73.9180541,20.9071679],[73.8881802,20.933607],[73.8923156,20.9550526],[73.9090419,20.9593757],[73.902068,20.981516],[73.8699674,20.985583],[73.7982344,21.0415486],[73.8077616,21.0849205],[73.7803602,21.0637568],[73.7298488,21.0829384],[73.744483,21.1151693],[73.7288189,21.1000357],[73.7035632,21.1185521],[73.6896372,21.1016772],[73.618741,21.1187523],[73.6176467,21.1427501],[73.5787868,21.1509953],[73.5768985,21.1690051],[73.6075187,21.1792097],[73.6075187,21.1597403],[73.6428809,21.139728],[73.6697674,21.1551177],[73.7325954,21.1420296],[73.7307715,21.1661837],[73.7727213,21.1654634],[73.7847161,21.1844118],[73.8160014,21.1740075],[73.8229537,21.2709793],[73.8808143,21.2665102],[73.9427304,21.3000304],[73.9392972,21.40542],[73.9593816,21.3956606],[74.0071463,21.4235884],[74.0452337,21.4203325],[74.0636658,21.4743163],[74.1010451,21.4483954],[74.1253567,21.4671076],[74.197669,21.4586804],[74.2139768,21.4816244],[74.2530298,21.4686652],[74.320879,21.499454],[74.3305778,21.5524305],[74.3031764,21.553149],[74.2986488,21.5691539],[74.2614412,21.540276],[74.2355633,21.5398968],[74.2298341,21.554067],[74.1970253,21.5321125],[74.1629076,21.5694332],[74.1367936,21.5474611],[74.0052795,21.5535282],[73.9977693,21.5391982],[73.9749383,21.5429106],[73.9822701,21.522598],[73.9566457,21.5413637],[73.9510882,21.5133387],[73.9055872,21.5243079],[73.8520717,21.4983559],[73.814156,21.6007792],[73.7797594,21.6277401],[73.8878417,21.6535592],[73.8944506,21.6765921],[73.8820481,21.7138955],[73.8247561,21.7593005],[73.8325131,21.8015732],[73.7976122,21.8276001],[73.8718343,21.841782],[74.1446155,21.9529011],[74.150595,21.9865907],[74.0980065,21.9983142],[74.0921419,22.0148337],[74.1401494,22.0403213],[74.1314073,22.0478312],[74.178653,22.0854767],[74.1525573,22.1060062],[74.1244618,22.097908],[74.1338568,22.1605414],[74.1214421,22.1674007],[74.1223289,22.2123968],[74.0721745,22.2191572],[74.0871828,22.2427948],[74.0523795,22.2940916],[74.0715689,22.3359877],[74.064766,22.3546066],[74.1050734,22.371815],[74.1278609,22.3327359],[74.1903338,22.3202599],[74.2040414,22.3667073],[74.2238798,22.3563651],[74.2237073,22.3799442],[74.2432944,22.3760522],[74.256735,22.3996523],[74.2911784,22.3940124],[74.2527857,22.4329477],[74.2016227,22.43451],[74.1934008,22.4754763],[74.1841259,22.4415388],[74.1604488,22.4312105],[74.1492096,22.4556583],[74.1191121,22.4187615],[74.0997461,22.4380401],[74.1041527,22.4645271],[74.075325,22.4642954],[74.082517,22.5067846],[74.0543692,22.5095564],[74.0333931,22.4898969],[74.0378942,22.5345132],[74.0746385,22.5514019],[74.1506681,22.5212677],[74.1895122,22.5535992],[74.1832955,22.566488],[74.2100331,22.5642589],[74.2635566,22.6439724],[74.3790603,22.6344334],[74.4337834,22.8078993],[74.4645757,22.8154406],[74.4764325,22.8548159],[74.4468328,22.9210812],[74.3934082,22.8966029],[74.3394952,22.9528889],[74.3654648,22.9758962],[74.3463847,23.02531],[74.3219267,23.0412226],[74.3107888,23.0754765],[74.280533,23.0900533],[74.2859582,23.1159921],[74.2407602,23.18426],[74.2026461,23.1903409],[74.1787684,23.1471941],[74.1215157,23.1761971],[74.1326204,23.2660663],[74.1004711,23.2937759],[74.0383361,23.2934903],[74.0448475,23.3087986],[74.0323797,23.3070431],[74.0286888,23.331709],[73.9819647,23.3378877],[73.9755091,23.3714663],[73.9573477,23.3795433],[73.9369702,23.3659635],[73.9357942,23.3382926],[73.8903125,23.3329901],[73.8290306,23.4463878],[73.7856472,23.4298837],[73.7562706,23.4538081],[73.7214229,23.4101397],[73.6972913,23.4566922],[73.6473546,23.4364443],[73.6269336,23.4484376],[73.6559158,23.5060305],[73.6337486,23.5284024],[73.6335061,23.5535718],[73.649222,23.5666437],[73.6555763,23.6212295],[73.6158258,23.6518907],[73.5719159,23.6534902],[73.5218943,23.6072629],[73.4945734,23.6325727],[73.5087128,23.6442927],[73.4973449,23.6493612],[73.507294,23.70311],[73.4743586,23.7048865],[73.4179949,23.7768827],[73.3994656,23.7848947],[73.3718173,23.7649638],[73.3526575,23.7891557],[73.368337,23.8141549],[73.3608198,23.8719853],[73.3890795,23.9170296],[73.4214377,23.9303476],[73.4151721,23.98539],[73.397963,23.9898206],[73.4032631,24.0435639],[73.3620214,24.0804577],[73.361721,24.1050411],[73.3262266,24.1086856],[73.3171395,24.0530515],[73.2418584,24.0026411],[73.1938791,24.0410556],[73.2138347,24.0780089],[73.1249141,24.1249787],[73.0693388,24.19178],[73.1360721,24.3071315],[73.1698465,24.3009519],[73.1796312,24.3415836],[73.1974411,24.3320037],[73.2186412,24.3646117],[73.1990718,24.3765737],[73.1531524,24.3553072],[73.0795955,24.3949444],[73.1034564,24.4326156],[73.0920409,24.4958186],[73.0355643,24.4649633],[72.9916191,24.4778921],[72.967844,24.4512517],[72.9816413,24.4351553],[72.9489827,24.3978365],[72.9770708,24.3728991],[72.9102087,24.3373607],[72.85223,24.3717264],[72.7321623,24.363324],[72.6920271,24.4057897],[72.6837659,24.4637523],[72.5764131,24.4784585],[72.5401497,24.5193455],[72.5045728,24.4580881],[72.492342,24.4591819],[72.50041,24.417103],[72.4577522,24.4144066],[72.4301147,24.4799623],[72.4407577,24.5147577],[72.3875856,24.5075729],[72.3530817,24.5642591],[72.3307657,24.5694892],[72.3291349,24.5529786],[72.291584,24.5470451],[72.28549,24.5657423],[72.2639894,24.5608634],[72.246437,24.5863099],[72.2694397,24.6060937],[72.3370313,24.5990312],[72.3479318,24.627747],[72.30564,24.6175218],[72.2302242,24.6399728],[72.196841,24.6149548],[72.1649233,24.6215184],[72.1506622,24.6434164],[72.1196738,24.6399403],[72.090544,24.65732],[72.08722,24.7027556],[72.0705999,24.7093146],[71.9940403,24.6926891],[71.9882858,24.6574824],[71.9408203,24.6330527],[71.9167659,24.6481594],[71.9172305,24.6729109],[71.872946,24.6804783],[71.8576127,24.6638164],[71.8654759,24.6297388],[71.8522514,24.6082608],[71.8058581,24.6264897],[71.8111122,24.6559232],[71.7917757,24.6753793],[71.6560272,24.6382184],[71.6074179,24.6746323],[71.4797471,24.678692],[71.3788472,24.62532],[71.3600825,24.6285041],[71.3450709,24.6576123],[71.2876859,24.6162542],[71.1178036,24.6710594],[71.0947638,24.6910085],[71.0746,24.66205],[70.99916,24.62252],[70.98746,24.54352],[71.00498,24.52321],[70.9985,24.44437],[71.10315,24.43572],[71.12577,24.42009],[71.1219,24.40572],[71.08428,24.39452],[71.04204,24.35105],[70.986,24.36528],[70.94692,24.34852],[70.87394,24.29485],[70.90668,24.2594],[70.80537,24.22083],[70.66818,24.21949],[70.57134,24.25175],[70.58466,24.29041],[70.56211,24.354],[70.6025,24.40815],[70.57314,24.42234],[70.36865,24.35091],[70.10992,24.295],[70.06654,24.19897],[70.02502,24.17103],[69.73152,24.17104],[69.59429,24.29238],[69.49398,24.26782],[69.31276,24.28143],[69.19416,24.23639],[69.09482,24.27444],[69.00342,24.22306],[68.9848464,24.2276651],[68.94538,24.30253],[68.90678,24.27983],[68.8660225,24.2122031],[68.82616,24.31736],[68.7646957,24.2957886],[68.7529913,23.9714238],[68.3909667,23.9667946],[68.3763691,23.9901267],[68.3592503,23.9865502],[68.3299883,23.9301861],[68.2808801,23.931418],[68.2080569,23.8675933],[68.1770885,23.6033183],[68.2444476,23.5699184],[68.3236879,23.5627386],[68.4646474,23.7057038],[68.5593646,23.7549074],[68.6472552,23.8340707],[68.7796281,23.8731235],[68.7819671,23.872731]],[[72.9320462,20.322015],[72.9699394,20.3629207],[73.0014777,20.3342531],[72.962349,20.3065247],[72.9341206,20.3194771],[72.9320462,20.322015]],[[74.1721449,22.4187498],[74.1791552,22.3879938],[74.1571175,22.4123329],[74.1711152,22.4183121],[74.1721449,22.4187498]]]]}},{"type":"Feature","properties":{"name":"Haryana","code":"IN-HR"},"geometry":{"type":"MultiPolygon","coordinates":[[[[76.4679479,30.0987766],[76.4601016,30.1299475],[76.4292455,30.1507865],[76.4407253,30.1674842],[76.4216065,30.193323],[76.3878751,30.172122],[76.4103842,30.1460921],[76.3918662,30.1355891],[76.3989687,30.1169557],[76.3628768,30.1204822],[76.3479852,30.1469828],[76.333909,30.1385583],[76.3598299,30.1202595],[76.3211631,30.0955712],[76.2087249,30.1567424],[76.223917,30.1279432],[76.2164068,30.1109047],[76.2537002,30.0898901],[76.2146553,30.032387],[76.2305259,30.0144833],[76.2093257,30.0049698],[76.1721182,29.9262626],[76.186409,29.920795],[76.1913442,29.8868112],[76.2458038,29.8769506],[76.2425851,29.8522203],[76.1968287,29.8444917],[76.1728908,29.8180604],[76.1449432,29.8193311],[76.1213415,29.7911429],[76.0971635,29.8103734],[76.0447498,29.7440197],[76.0254699,29.7556931],[75.9817958,29.7267155],[75.9368804,29.7322172],[75.9066001,29.7542208],[75.8692287,29.7497278],[75.836341,29.8148385],[75.7216788,29.8137074],[75.7064103,29.7538264],[75.6779471,29.7760653],[75.6435386,29.7758938],[75.6280923,29.7493163],[75.5791855,29.7403984],[75.5633442,29.769413],[75.5367575,29.7732878],[75.5224173,29.7586449],[75.5180718,29.7760995],[75.4581828,29.8071262],[75.4541533,29.7826142],[75.4060366,29.7610113],[75.3903138,29.7138801],[75.3463451,29.6955567],[75.3592236,29.6614747],[75.3330716,29.6730769],[75.3165191,29.6310553],[75.2954631,29.6241187],[75.290367,29.6076681],[75.3192449,29.5873673],[75.3092108,29.560465],[75.2370876,29.5429378],[75.2225659,29.5807073],[75.2358953,29.6029973],[75.1846044,29.6275418],[75.1877758,29.651873],[75.1675551,29.6696721],[75.202679,29.6826206],[75.200676,29.7266951],[75.2096895,29.7391393],[75.2313409,29.7326585],[75.2423573,29.7545837],[75.2095226,29.7941156],[75.2112871,29.8326182],[75.1919151,29.841105],[75.1650752,29.8244886],[75.1615461,29.778967],[75.1418977,29.7847618],[75.1354595,29.8077308],[75.1015517,29.8066963],[75.1181002,29.8316047],[75.0897722,29.8545215],[75.113665,29.878715],[75.096735,29.9144776],[75.0697423,29.877888],[75.0489493,29.8856205],[75.0226242,29.8668051],[74.9925316,29.8679631],[74.9782246,29.894386],[74.9490858,29.9053418],[74.9278159,29.9507645],[74.8968411,29.9399996],[74.8889245,29.9660522],[74.8541106,29.9569418],[74.8114555,29.9930427],[74.7304496,29.9618586],[74.7068664,29.9770615],[74.6540258,29.9311762],[74.6476353,29.9044737],[74.559599,29.9262165],[74.5312709,29.9496901],[74.5095242,29.9072848],[74.5405229,29.9022412],[74.5613158,29.8714783],[74.5401413,29.8419469],[74.4854882,29.8154687],[74.4772363,29.7455319],[74.5774698,29.7478726],[74.5874762,29.76713],[74.616231,29.7523831],[74.5748599,29.5649458],[74.6226933,29.5304693],[74.5845888,29.4597786],[74.5378999,29.4626852],[74.5358016,29.42834],[74.5653696,29.420697],[74.6022819,29.3651844],[74.5998734,29.3277452],[74.6539305,29.3330514],[74.6581749,29.3723745],[74.7606614,29.35471],[74.7889894,29.3623996],[74.8207988,29.3972657],[74.8564712,29.40221],[74.9388323,29.3617762],[74.9616283,29.3197047],[74.9493719,29.3014905],[74.960293,29.2812764],[75.0007127,29.2691942],[75.0504754,29.2865175],[75.0781357,29.2291838],[75.1192925,29.2229409],[75.1242046,29.2398791],[75.1586847,29.242792],[75.1886819,29.2685053],[75.2132424,29.2334704],[75.2389475,29.2312647],[75.2451857,29.2501815],[75.2829635,29.2483659],[75.2852708,29.2709257],[75.3222472,29.2892571],[75.3406406,29.2807706],[75.3279799,29.2351786],[75.3513976,29.2224202],[75.370629,29.2517877],[75.4103019,29.2547839],[75.3967287,29.2178531],[75.4136379,29.1817086],[75.3817492,29.1674871],[75.3713813,29.1373813],[75.4045783,29.1217251],[75.3929348,29.0610776],[75.4404245,29.0562746],[75.4523623,29.0402915],[75.4457229,29.0077458],[75.5210785,28.999994],[75.527242,28.9704411],[75.5111274,28.9427487],[75.4737568,28.923979],[75.4967158,28.8944052],[75.4984854,28.8484535],[75.5200262,28.8331616],[75.5039982,28.7820529],[75.5397975,28.7481058],[75.5423157,28.6602037],[75.5615085,28.6131032],[75.6203801,28.6026468],[75.6346726,28.5437132],[75.6656397,28.535552],[75.7023775,28.4916922],[75.7394242,28.4850065],[75.7355618,28.469012],[75.788337,28.4537885],[75.7889485,28.4336004],[75.7668793,28.4142765],[75.7771468,28.4001116],[75.8203947,28.4097753],[75.9177564,28.3718035],[75.9581089,28.3134268],[75.9724861,28.3185157],[75.9882714,28.2920901],[76.0265118,28.2750894],[76.0177298,28.2351386],[76.0559702,28.2204471],[76.0478553,28.1981447],[76.0719037,28.1940299],[76.0965562,28.1484389],[76.07346,28.1370588],[76.0688282,28.1655481],[76.0322182,28.1671488],[76.0060206,28.1517944],[75.9987578,28.1232688],[75.9434723,28.1010442],[75.9388053,28.0878742],[75.9827502,28.0808093],[75.9750429,28.0505969],[76.0165811,28.0487983],[76.0162847,28.0308105],[75.9749317,28.0301563],[75.971078,28.0157638],[75.9953858,28.0033977],[75.9661127,27.9984902],[75.9662609,27.9819991],[75.9993136,27.9756507],[75.9809345,27.9643929],[75.9742647,27.9332312],[75.9523283,27.9470456],[75.9323473,27.9300313],[75.9390628,27.9132594],[75.9873821,27.9036978],[75.971708,27.8518477],[76.0478553,27.8346134],[76.0864055,27.8444931],[76.0888731,27.8605623],[76.1233127,27.8509723],[76.1322606,27.8244839],[76.1751652,27.7980556],[76.2007213,27.8212863],[76.2182629,27.8165324],[76.2259205,27.8334589],[76.1949277,27.8594146],[76.2023091,27.8927978],[76.1692428,27.9031142],[76.1875892,27.9653992],[76.1586964,27.988793],[76.1779225,28.0214164],[76.2154535,28.0265256],[76.1800663,28.0545211],[76.2380938,28.0499429],[76.2601784,28.0676006],[76.2930459,28.0489291],[76.2938981,28.02525],[76.3210962,28.0160255],[76.3411798,28.0289788],[76.3560758,28.0699875],[76.3019019,28.0981678],[76.3371038,28.1043128],[76.3590402,28.1262753],[76.2979,28.1497362],[76.3047181,28.1582958],[76.2807808,28.1663321],[76.2925641,28.1794633],[76.3467912,28.1682186],[76.3566727,28.1437369],[76.3814316,28.1329788],[76.4759683,28.1481908],[76.4997336,28.0998456],[76.4640719,28.1082212],[76.4482835,28.0880603],[76.5013069,28.0592856],[76.4620845,28.0584209],[76.4549908,28.0420025],[76.5437035,28.0339141],[76.5447247,27.9633346],[76.5893847,27.9976553],[76.6683814,28.013447],[76.6519583,28.0555954],[76.6584172,28.0894483],[76.6879512,28.0869889],[76.7165744,28.1273315],[76.7434931,28.1209875],[76.7960128,28.1488966],[76.7928662,28.1840825],[76.8125188,28.1906999],[76.8086545,28.2106468],[76.8727317,28.2192674],[76.871518,28.2062643],[76.9072905,28.1996214],[76.892215,28.1842511],[76.9072905,28.1715816],[76.9704674,28.1387465],[76.9322036,27.9951792],[76.9320758,27.9226747],[76.9519423,27.91624],[76.9382082,27.8962562],[76.9428076,27.8439084],[76.934631,27.8291651],[76.9152755,27.8336843],[76.9200346,27.8054643],[76.8936203,27.7343876],[76.9242186,27.6999771],[76.8896598,27.6961876],[76.9138063,27.6534478],[76.9432867,27.6734196],[76.9795383,27.6533912],[77.0002353,27.7368188],[77.0358162,27.7482392],[77.0588129,27.7263585],[77.0853229,27.73778],[77.0759326,27.7661589],[77.0268731,27.7785935],[77.0446955,27.821482],[77.1094055,27.7856015],[77.1225647,27.7942478],[77.1339991,27.7759371],[77.1576985,27.7872968],[77.1602217,27.8171882],[77.1888078,27.8097303],[77.1686218,27.7914788],[77.1844833,27.7872729],[77.2023503,27.8239678],[77.2106866,27.8018763],[77.2425944,27.7855167],[77.2680504,27.8154086],[77.2839806,27.8015787],[77.2964546,27.8252121],[77.3363648,27.8342012],[77.3478206,27.8553434],[77.4219905,27.8543468],[77.4092722,27.8740241],[77.42007,27.8903915],[77.4618007,27.8767543],[77.4788977,27.895147],[77.4752185,27.9292815],[77.5282272,27.9251755],[77.5462004,27.9577867],[77.5187431,27.96211],[77.5424553,27.9890805],[77.5127368,28.0318953],[77.4829087,28.0407618],[77.5010916,28.0590035],[77.4756081,28.0851146],[77.4819912,28.1070514],[77.4999617,28.0951326],[77.5123773,28.1247858],[77.4913236,28.136738],[77.5017813,28.1606318],[77.5493204,28.1760805],[77.5436447,28.191246],[77.4997043,28.1819644],[77.4969282,28.2053939],[77.5305722,28.1985006],[77.5212474,28.2243954],[77.550424,28.2421001],[77.4927326,28.2519091],[77.5070685,28.3056742],[77.4713136,28.3346051],[77.5048913,28.3699962],[77.4733064,28.3968298],[77.4778196,28.4179709],[77.4360796,28.431679],[77.4335303,28.4548548],[77.3798847,28.4705022],[77.3717558,28.4981747],[77.3453379,28.5134531],[77.3141384,28.4834223],[77.2902453,28.4964917],[77.2434354,28.4788202],[77.2330713,28.4585048],[77.2500228,28.4250334],[77.1740891,28.4046285],[77.1628404,28.428515],[77.1277292,28.4428335],[77.1124725,28.4731841],[77.119507,28.495139],[77.0939182,28.5138682],[77.0575428,28.5128211],[77.007818,28.5409048],[77.0100507,28.5147255],[76.9069036,28.5137629],[76.8854384,28.5013759],[76.8871384,28.5203063],[76.8458603,28.5500119],[76.8388351,28.5732306],[76.8646101,28.5855295],[76.8893571,28.6318048],[76.9423962,28.6272319],[76.9245164,28.6496429],[76.968025,28.6991996],[76.9481166,28.7124612],[76.9598369,28.7299219],[76.9444259,28.7538892],[76.9512237,28.8182528],[76.9803353,28.8214864],[76.9943617,28.839624],[77.0401717,28.8318035],[77.0825883,28.8834464],[77.1218601,28.8579549],[77.1402227,28.8617488],[77.1422365,28.8394286],[77.157995,28.8368479],[77.1751944,28.8585344],[77.2099157,28.8577158],[77.189303,28.8678823],[77.1954643,28.8862062],[77.2281008,28.8811861],[77.2312337,28.9205307],[77.1959015,28.9393282],[77.2027411,28.9852625],[77.1891194,29.0276684],[77.1669739,29.033817],[77.1637626,29.0794258],[77.1339739,29.0960006],[77.1490846,29.1176475],[77.1314142,29.2174887],[77.150002,29.2327608],[77.1389539,29.2678433],[77.1617889,29.3314549],[77.1320699,29.3400601],[77.1243238,29.3693478],[77.1578836,29.3868494],[77.1335935,29.4070771],[77.1486674,29.4339323],[77.1236801,29.4578344],[77.1318243,29.4862912],[77.0963982,29.518006],[77.1267915,29.5593848],[77.0838761,29.5873968],[77.1075868,29.5957],[77.1049474,29.6323381],[77.1328854,29.6441063],[77.1564245,29.6945024],[77.1206346,29.7563514],[77.1729469,29.8017359],[77.178955,29.8480887],[77.2015285,29.8704942],[77.1870214,29.9106939],[77.2150039,29.9222085],[77.2472763,29.9768699],[77.2771034,29.9953953],[77.275591,30.0430902],[77.3330211,30.0533826],[77.3762682,30.0900254],[77.4230657,30.103557],[77.402501,30.1131692],[77.4237871,30.13043],[77.428379,30.1634214],[77.464219,30.171159],[77.5379987,30.2794702],[77.5805819,30.3056662],[77.5776775,30.3318776],[77.6021432,30.369654],[77.551589,30.3941255],[77.5237906,30.442477],[77.5019788,30.4033053],[77.4425411,30.3946437],[77.4220919,30.4077284],[77.458291,30.4312098],[77.4574756,30.454482],[77.4042177,30.4074138],[77.4066424,30.4260106],[77.388639,30.4381753],[77.363491,30.4304697],[77.3546542,30.4562261],[77.3210477,30.44416],[77.2632407,30.4793761],[77.2116994,30.4656167],[77.2124782,30.4968311],[77.1927094,30.5255038],[77.1359539,30.5441152],[77.1217433,30.5629481],[77.171359,30.6010358],[77.1614671,30.69022],[77.0966649,30.7379996],[77.0499944,30.749194],[77.0289874,30.7332227],[77.0178294,30.7652363],[77.0011139,30.7695323],[77.0178938,30.779285],[77.0115423,30.8101222],[76.9659662,30.8253621],[76.9421696,30.8173094],[76.9503665,30.8517083],[76.9165921,30.9005861],[76.8698787,30.8732957],[76.8404388,30.892153],[76.8223285,30.9287706],[76.7759585,30.9060727],[76.7785978,30.8924661],[76.814795,30.8429234],[76.8454599,30.835146],[76.8570041,30.7951565],[76.8320918,30.7396779],[76.849028,30.7182304],[76.8263411,30.6926003],[76.831693,30.6646549],[76.8511676,30.6577016],[76.876316,30.6808089],[76.8709048,30.6427673],[76.9252694,30.6098999],[76.9095793,30.5916934],[76.9160717,30.5540854],[76.886487,30.5509526],[76.9318485,30.5222322],[76.9305181,30.500751],[76.8990934,30.4885571],[76.9122147,30.4684464],[76.8868038,30.4290498],[76.9062758,30.4347424],[76.9112491,30.4003627],[76.9369125,30.3876102],[76.8962717,30.3608042],[76.8823671,30.4088572],[76.8469405,30.4383788],[76.8237662,30.4128544],[76.7890262,30.4159817],[76.777246,30.4417551],[76.7422485,30.4273983],[76.7134523,30.3908679],[76.7307043,30.3812056],[76.7194604,30.3653218],[76.7451667,30.3684321],[76.7458534,30.3508797],[76.6888189,30.3285829],[76.6237163,30.2669254],[76.5572834,30.2645903],[76.5474987,30.224328],[76.5966367,30.2568431],[76.595993,30.2390854],[76.626892,30.2263304],[76.6182661,30.2081592],[76.6528558,30.2031893],[76.6383504,30.1713614],[76.6351318,30.1990723],[76.6135025,30.2052663],[76.5991687,30.1870541],[76.6437439,30.1502113],[76.5439804,30.0764489],[76.5096296,30.0714441],[76.4893292,30.0942266],[76.4679479,30.0987766]],[[76.0078015,28.0590616],[76.0231983,28.0859176],[76.0409283,28.074088],[76.0253218,28.0541474],[76.0103698,28.0581425],[76.0078015,28.0590616]]],[[[76.4405273,28.1148327],[76.4285494,28.1384252],[76.4229593,28.1147963],[76.4401628,28.1142131],[76.4405273,28.1148327]]]]}},{"type":"Feature","properties":{"name":"Himachal Pradesh","code":"IN-HP"},"geometry":{"type":"Polygon","coordinates":[[[78.0167297,32.6201381],[77.9191954,32.6904396],[77.9342875,32.7265089],[77.9253884,32.7717115],[77.8833631,32.7878881],[77.8665816,32.8283536],[77.7869313,32.8595486],[77.7839328,32.8832726],[77.8124775,32.9054068],[77.7136698,32.9826377],[77.6829835,32.9891793],[77.6739328,32.9609211],[77.6012437,32.9425505],[77.5392127,32.8872908],[77.4973374,32.884083],[77.4697701,32.8589409],[77.4045103,32.8843746],[77.3746957,32.8558945],[77.3734991,32.8236179],[77.3392745,32.8170697],[77.3223574,32.8518845],[77.302475,32.8492246],[77.2740541,32.8738757],[77.2541313,32.864364],[77.187747,32.9281129],[77.1572483,32.912263],[77.1624938,32.9500438],[77.1483998,32.9560251],[77.1486599,32.9783797],[77.1159068,32.9845978],[77.0943834,32.9708049],[77.0482211,32.9981478],[77.012628,32.9883032],[76.9288293,33.0319174],[76.8910599,33.1180965],[76.8550964,33.1133588],[76.8175084,33.1593229],[76.8173802,33.1945216],[76.834314,33.2050534],[76.8433457,33.245935],[76.8201703,33.2331519],[76.7988501,33.2556686],[76.7737687,33.2523839],[76.7803165,33.2347807],[76.7473655,33.1790266],[76.6435709,33.1617278],[76.6121531,33.1724823],[76.5958606,33.205763],[76.5608462,33.2089787],[76.4787858,33.1790786],[76.4039156,33.1849104],[76.2860937,33.1018665],[76.2896218,33.0596366],[76.2733801,33.0372144],[76.242565,33.0200274],[76.1067155,33.004438],[76.0937279,32.9640677],[75.9523912,32.8742283],[75.9195759,32.9052428],[75.8447573,32.9285673],[75.7967592,32.8842339],[75.8794138,32.8115266],[75.8822342,32.7852014],[75.9232089,32.7441051],[75.8840709,32.6519146],[75.9333785,32.6474702],[75.9316254,32.6320555],[75.9181007,32.6338824],[75.9057426,32.5983124],[75.8783841,32.586706],[75.8630664,32.5605192],[75.8720557,32.5461136],[75.8317442,32.5105677],[75.9368593,32.3977738],[75.8515834,32.3834408],[75.8448028,32.3568358],[75.8066939,32.3429865],[75.8125304,32.3309482],[75.77116,32.2911234],[75.6173853,32.2360951],[75.6366812,32.2307148],[75.6243386,32.1898925],[75.6616545,32.1918568],[75.6721582,32.158123],[75.6007589,32.0930949],[75.5940485,32.0702472],[75.6562328,32.0791566],[75.7237804,32.0335689],[75.7426643,32.0404584],[75.7806014,32.0052375],[75.9072383,31.951747],[75.9856081,31.8201059],[75.93647,31.8150553],[76.0172367,31.6329217],[76.0575342,31.6050747],[76.0571479,31.5829958],[76.1675262,31.4120366],[76.1476993,31.3592807],[76.1798858,31.3396362],[76.1807001,31.3067419],[76.268978,31.312875],[76.2741709,31.3008666],[76.3215018,31.3218206],[76.3069749,31.3424961],[76.3544011,31.3451341],[76.3288601,31.3789746],[76.3310698,31.401632],[76.3679861,31.4043864],[76.3762664,31.4364993],[76.4334297,31.3259633],[76.4634919,31.3017834],[76.4398884,31.2790185],[76.4790916,31.3081452],[76.5016651,31.2669967],[76.5240025,31.2784592],[76.5260839,31.2574772],[76.5427938,31.282454],[76.5494728,31.2529464],[76.5889364,31.2727764],[76.610606,31.2513065],[76.5929608,31.2113216],[76.6396505,31.2219344],[76.6454345,31.2091271],[76.5999501,31.1794745],[76.6116554,31.1483796],[76.6007799,31.1255004],[76.6377304,31.1077016],[76.6113497,31.0471758],[76.6254136,30.9982932],[76.6735453,30.9684871],[76.708443,30.9702473],[76.7775062,30.8989372],[76.8223285,30.9287706],[76.8404388,30.892153],[76.8698787,30.8732957],[76.9165921,30.9005861],[76.9503665,30.8517083],[76.9421696,30.8173094],[76.9659662,30.8253621],[77.0115423,30.8101222],[77.0178938,30.779285],[77.0011139,30.7695323],[77.0178294,30.7652363],[77.0196475,30.7404185],[77.0966649,30.7379996],[77.1614671,30.69022],[77.171359,30.6010358],[77.1217433,30.5629481],[77.1359539,30.5441152],[77.1927094,30.5255038],[77.2124782,30.4968311],[77.2116994,30.4656167],[77.2632407,30.4793761],[77.3210477,30.44416],[77.3546542,30.4562261],[77.363491,30.4304697],[77.388639,30.4381753],[77.4066424,30.4260106],[77.4042177,30.4074138],[77.4574756,30.454482],[77.458291,30.4312098],[77.4220919,30.4077284],[77.4425411,30.3946437],[77.5019788,30.4033053],[77.5237906,30.442477],[77.5500655,30.3955691],[77.5796985,30.3771701],[77.57133,30.4092517],[77.5915432,30.42503],[77.6796913,30.445492],[77.8185375,30.5081249],[77.817192,30.5615219],[77.7729463,30.5585101],[77.7416825,30.593851],[77.7707147,30.5970279],[77.7721309,30.6173244],[77.7953696,30.6135018],[77.7821302,30.6468843],[77.7926874,30.6585691],[77.7479266,30.6797755],[77.7559089,30.7068626],[77.7343225,30.7349012],[77.7020931,30.7457455],[77.7038155,30.7653461],[77.7616435,30.8248613],[77.7431631,30.8500687],[77.7579688,30.8802019],[77.8056478,30.8567003],[77.8107762,30.9261937],[77.7635479,30.9212973],[77.7497291,30.9607559],[77.7711654,30.9768548],[77.8385424,30.9547939],[77.8145098,30.9622831],[77.8314297,30.9939728],[77.8007713,31.0143927],[77.7987384,31.0330787],[77.8303134,31.0297783],[77.8095475,31.0584678],[77.8527045,31.0751192],[77.9002332,31.1510832],[77.9702925,31.1722724],[78.0292151,31.1500072],[78.0452441,31.1780004],[78.1011199,31.1840952],[78.1622314,31.2252064],[78.248577,31.2285826],[78.2862235,31.2649043],[78.3122634,31.2598067],[78.3171097,31.2813451],[78.3758732,31.2850755],[78.4013986,31.273636],[78.4128141,31.2397746],[78.4376621,31.2533499],[78.4608363,31.2398847],[78.4885594,31.1973262],[78.5570229,31.2003751],[78.6052458,31.229077],[78.6508655,31.2145633],[78.6622524,31.185059],[78.6749839,31.1966507],[78.7729167,31.1854169],[78.8126717,31.1976365],[78.8324909,31.1426624],[78.891921,31.0975565],[78.9196041,31.1113718],[78.9529895,31.0980526],[79.0123843,31.1114462],[78.98763,31.1742],[78.958705,31.18725],[78.949106,31.217587],[78.928087,31.220818],[78.875958,31.303701],[78.861582,31.3153],[78.853411,31.294407],[78.791953,31.304182],[78.749814,31.365608],[78.796741,31.444074],[78.757541,31.482878],[78.725838,31.483803],[78.721776,31.512402],[78.735283,31.536477],[78.775209,31.543577],[78.846609,31.606852],[78.801893,31.647571],[78.798756,31.681553],[78.751134,31.680167],[78.7047735,31.7785738],[78.702198,31.807091],[78.7341967,31.8320867],[78.7489956,31.8733883],[78.7427484,31.9022342],[78.7693776,31.9285752],[78.7788651,31.9935742],[78.734384,32.004954],[78.705739,32.064442],[78.682642,32.0801],[78.6927864,32.0967236],[78.6825198,32.1148467],[78.6314525,32.1259138],[78.591592,32.167153],[78.595748,32.197991],[78.559918,32.202245],[78.520188,32.261967],[78.488363,32.275637],[78.510376,32.303065],[78.497358,32.324564],[78.478811,32.325087],[78.485231,32.358946],[78.454345,32.386462],[78.470926,32.397103],[78.4724284,32.4434269],[78.410867,32.522717],[78.3951122,32.5306879],[78.3489374,32.4650832],[78.3261871,32.4623079],[78.3293609,32.4437052],[78.2846111,32.4679769],[78.3118158,32.5669892],[78.4092844,32.6239905],[78.3781063,32.6588715],[78.387539,32.7551357],[78.3123793,32.743562],[78.3068549,32.7084357],[78.2608777,32.7034164],[78.245013,32.6719621],[78.1931777,32.6626015],[78.1761372,32.681443],[78.1427,32.6817242],[78.1470254,32.6538226],[78.110517,32.6621188],[78.0934491,32.6465926],[78.0975938,32.629431],[78.0602736,32.6291943],[78.0467324,32.6453657],[78.0183493,32.6203874],[78.0167297,32.6201381]]]}},{"type":"Feature","properties":{"name":"Jammu and Kashmir","code":"IN-JK"},"geometry":{"type":"MultiPolygon","coordinates":[[[[73.3903158,34.374897],[73.4061355,34.3462368],[73.429417,34.3438982],[73.4572906,34.2734618],[73.4823041,34.2865753],[73.4729547,34.2532313],[73.4968165,34.2088658],[73.4908513,34.1264472],[73.5136885,34.0013148],[73.5938498,33.8882665],[73.5596079,33.7813447],[73.6067547,33.7259531],[73.5670237,33.6668826],[73.578186,33.6394651],[73.5677018,33.6192939],[73.6094195,33.6040975],[73.6397607,33.5251937],[73.6024265,33.4973447],[73.6314493,33.4486554],[73.595894,33.4380221],[73.5862409,33.4257503],[73.6018219,33.4185619],[73.5663283,33.3693265],[73.5852582,33.3560482],[73.57164,33.3390923],[73.5796136,33.3270287],[73.6017272,33.3313739],[73.5984654,33.3018866],[73.6366118,33.210103],[73.6749603,33.1998843],[73.6629287,33.1586631],[73.6303573,33.1384255],[73.6376529,33.1000563],[73.6553984,33.0780875],[73.7497258,33.0531314],[73.7619337,32.9900899],[73.784266,32.9666077],[73.761683,32.9413959],[73.8913106,32.9245837],[74.008136,32.9431785],[74.0576108,32.9363467],[74.0799088,32.9101082],[74.314689,32.8204231],[74.3275444,32.7829551],[74.3466306,32.7760915],[74.3880819,32.8022216],[74.408611,32.771667],[74.4752242,32.775991],[74.511169,32.7644091],[74.5142968,32.7442201],[74.5661337,32.7600679],[74.6376307,32.7514702],[74.6320336,32.7760044],[74.6586371,32.7874585],[74.632886,32.8089145],[74.7052513,32.8419547],[74.6544721,32.7290994],[74.6662354,32.6756038],[74.6950998,32.6605712],[74.638435,32.6133251],[74.6590573,32.5967445],[74.651679,32.5630341],[74.673099,32.5679814],[74.6618844,32.545845],[74.6902298,32.5342565],[74.6814161,32.4927543],[74.7103774,32.4928617],[74.714017,32.4771903],[74.812594,32.4800549],[74.8200292,32.499531],[74.877163,32.4938754],[74.8763793,32.4772933],[74.9392494,32.4712834],[74.9516442,32.4464738],[75.0155009,32.4643859],[75.0265301,32.4975874],[75.0852207,32.4690859],[75.1088465,32.4739344],[75.1329117,32.4088308],[75.1917727,32.4261495],[75.1928197,32.4010051],[75.2569423,32.3894015],[75.2582499,32.372343],[75.2896896,32.3701123],[75.3271449,32.3278159],[75.3481006,32.3449624],[75.4310131,32.3155535],[75.489335,32.3455063],[75.4828334,32.3199962],[75.5110931,32.3086803],[75.5090761,32.2840488],[75.5337095,32.2773729],[75.538001,32.3337403],[75.5540943,32.3519778],[75.5964946,32.3778232],[75.7214641,32.4052553],[75.7269573,32.432317],[75.7418918,32.4317736],[75.7281589,32.4531058],[75.8236024,32.4953314],[75.8720557,32.5461136],[75.8630664,32.5605192],[75.8783841,32.586706],[75.9057426,32.5983124],[75.9181007,32.6338824],[75.9316254,32.6320555],[75.9333785,32.6474702],[75.8840709,32.6519146],[75.9224924,32.745886],[75.8822342,32.7852014],[75.8794138,32.8115266],[75.7967592,32.8842339],[75.8325962,32.9241287],[75.9160529,32.9068013],[75.9498792,32.8733889],[76.0937279,32.9640677],[76.1067155,33.004438],[76.242565,33.0200274],[76.2733801,33.0372144],[76.2896218,33.0596366],[76.2860937,33.1018665],[76.4039156,33.1849104],[76.4787858,33.1790786],[76.5608462,33.2089787],[76.5958606,33.205763],[76.6121531,33.1724823],[76.6435709,33.1617278],[76.7473655,33.1790266],[76.7803165,33.2347807],[76.7370128,33.2610827],[76.7165216,33.3329078],[76.6913405,33.3251321],[76.6681938,33.3417946],[76.6268876,33.4367444],[76.5825773,33.424132],[76.5699369,33.4647973],[76.5504965,33.4642854],[76.500848,33.5176653],[76.4592736,33.5329889],[76.4477069,33.5642465],[76.4283067,33.5379915],[76.3981899,33.5450935],[76.381073,33.551946],[76.3587141,33.6036825],[76.3116359,33.6097229],[76.3027954,33.5673594],[76.2211704,33.5521606],[76.2052059,33.5728303],[76.2390661,33.6027531],[76.229453,33.6301287],[76.2841701,33.6616034],[76.2658023,33.6801755],[76.2640282,33.746983],[76.2121841,33.7609043],[76.192563,33.7934176],[76.1636399,33.7997561],[76.1552619,33.846527],[76.122497,33.8877428],[76.0321161,33.9184633],[76.0468048,33.9342843],[76.0243674,33.9820894],[75.9778527,33.9712669],[75.9669229,33.9545156],[75.8929703,33.9689526],[75.8316963,33.9561091],[75.8224365,33.965934],[75.8420285,34.0061275],[75.7376775,34.0597789],[75.7437536,34.0728584],[75.6728685,34.1441176],[75.6929921,34.1582322],[75.689829,34.2017748],[75.6483738,34.2121877],[75.5947001,34.1976303],[75.5802941,34.2137896],[75.4955896,34.2335145],[75.4694874,34.2800518],[75.4031901,34.2848517],[75.4008326,34.3154011],[75.3764345,34.3413955],[75.3850483,34.3661426],[75.3659331,34.3955655],[75.3786713,34.4069409],[75.3269726,34.4393844],[75.3529959,34.469134],[75.3427933,34.4887433],[75.3664001,34.5380975],[75.2861067,34.5955278],[75.248544,34.6009539],[75.2662228,34.6383125],[75.0867461,34.6549567],[75.0251774,34.6289837],[74.9961063,34.6522781],[74.8728936,34.6815788],[74.8862454,34.7203101],[74.9353407,34.7397788],[74.9240109,34.7681277],[74.8387339,34.7867199],[74.8028138,34.7739424],[74.7957105,34.821806],[74.7453462,34.8287394],[74.662502,34.9032943],[74.6031587,34.9165914],[74.5771306,34.8993817],[74.564897,34.9675065],[74.585116,35.0026982],[74.5335946,35.0296332],[74.5394096,35.0635201],[74.5117053,35.0829163],[74.5152458,35.0948557],[74.463797,35.1060292],[74.4475321,35.1324441],[74.3726856,35.0606054],[74.2937974,35.0651243],[74.2584022,35.036665],[74.2347461,35.0495124],[74.2368134,35.0667393],[74.2140253,35.0645966],[74.206514,35.0904138],[74.1611975,35.0773209],[74.1164649,35.1170877],[74.0807259,35.090148],[74.0734633,35.0585737],[74.1085264,35.0145633],[74.0639429,34.9978361],[74.05165,34.955552],[73.983048,34.867493],[73.907761,34.82666],[73.833879,34.826942],[73.726379,34.775267],[73.703599,34.724709],[73.663604,34.694436],[73.674423,34.645828],[73.641098,34.566941],[73.581665,34.587768],[73.44832,34.56305],[73.3903426,34.3753021],[73.3903158,34.374897]]]]}},{"type":"Feature","properties":{"name":"Jharkhand","code":"IN-JH"},"geometry":{"type":"Polygon","coordinates":[[[84.2294264,24.5493677],[84.2144751,24.5320932],[84.1997766,24.5544033],[84.17274,24.5448981],[84.1777396,24.5047418],[84.1555738,24.5116534],[84.1632771,24.5332059],[84.1454458,24.5368366],[84.1399741,24.4996652],[84.1089248,24.4774235],[84.0496802,24.6114976],[84.0069218,24.6437603],[83.9332615,24.5476999],[83.8727889,24.5321963],[83.8006122,24.5301145],[83.7159484,24.5034485],[83.5016873,24.5264969],[83.4034421,24.503743],[83.3879203,24.4488978],[83.4063144,24.4358868],[83.4062117,24.4050312],[83.4360498,24.400924],[83.4585007,24.3644092],[83.3815902,24.3136922],[83.4090614,24.2665278],[83.3790636,24.2308031],[83.3831191,24.1981705],[83.3465552,24.1125817],[83.3281137,24.1020494],[83.4335017,24.0852376],[83.450818,24.042976],[83.5148093,24.0276594],[83.5153365,23.9803772],[83.5535969,23.8971241],[83.5859106,23.8861229],[83.5696292,23.8638419],[83.6612749,23.8489863],[83.6638927,23.8284564],[83.704834,23.8211151],[83.7449169,23.7193148],[83.7230368,23.6842983],[83.7616324,23.6511679],[83.7515473,23.6392562],[83.7718801,23.6107275],[83.8078093,23.5873315],[83.9364909,23.5692582],[83.9318776,23.6202071],[84.0150946,23.6345484],[84.0277719,23.5464811],[84.0141248,23.5029223],[83.9742565,23.4608844],[83.9841914,23.4246021],[83.9667892,23.3876009],[83.9801788,23.3645757],[84.0118933,23.3534655],[84.0229225,23.3777334],[84.0503669,23.3743456],[84.0744632,23.3336779],[84.0535641,23.2473003],[84.0631127,23.2061083],[84.0328359,23.1639763],[84.0355406,23.1423419],[84.0666434,23.1108377],[84.0935826,23.1126347],[84.1331926,23.0837342],[84.1255491,23.0370802],[84.1496506,22.9657833],[84.1739416,22.9719862],[84.1814518,23.0270349],[84.1984248,23.0222953],[84.2191207,22.979513],[84.2518115,22.9720158],[84.2780435,22.9926197],[84.2836579,22.9634629],[84.3730259,22.9793944],[84.3953847,22.9414795],[84.3723821,22.8654595],[84.3288598,22.8564947],[84.314779,22.8005341],[84.2867645,22.7631418],[84.2591715,22.7677135],[84.2307186,22.7393576],[84.2270279,22.6741742],[84.153471,22.6367485],[84.0834975,22.6379962],[84.0547871,22.5976288],[84.0093898,22.5744455],[84.0082987,22.5257633],[84.134438,22.4778038],[84.1414737,22.4250867],[84.1639209,22.4010898],[84.1977601,22.3773167],[84.2485285,22.379742],[84.2950779,22.3426576],[84.4305646,22.3530328],[84.4312191,22.3732339],[84.484241,22.3887895],[84.481194,22.4135677],[84.5360666,22.4267882],[84.6286404,22.4351978],[84.6687804,22.4188429],[84.7500264,22.4193996],[84.7591444,22.4469707],[84.8105478,22.4526999],[84.8361683,22.4316575],[84.8795557,22.4486146],[84.8861136,22.4199117],[84.9542843,22.4586065],[84.958992,22.4451242],[85.066731,22.4844061],[85.0767624,22.4636462],[85.059768,22.4487336],[85.086193,22.3948406],[85.0766444,22.354799],[85.0954842,22.3448166],[85.0927377,22.31554],[85.1178217,22.317525],[85.116663,22.2936827],[85.0704002,22.2738475],[85.0779319,22.2572265],[85.0534272,22.1821794],[85.0286436,22.1613347],[85.0244807,22.1195964],[84.9813531,22.0933074],[84.9860072,22.0821007],[85.0419903,22.1159187],[85.0973725,22.1062374],[85.1204824,22.0699314],[85.1565313,22.0770303],[85.1723885,22.0507605],[85.1766801,22.0738089],[85.2138233,22.0497264],[85.2197456,22.0178221],[85.2384703,22.0091661],[85.2862429,22.0947461],[85.3259611,22.1280245],[85.3656578,22.1247248],[85.3714299,22.1617322],[85.4230141,22.1583141],[85.545133,22.0899812],[85.5998361,22.0780498],[85.6531155,22.0952133],[85.683167,22.0548773],[85.7551574,22.0773683],[85.8069777,22.1160181],[85.8385134,22.0800001],[85.7955622,22.0806293],[85.765779,21.9949038],[85.825993,21.97488],[85.8993315,21.9823688],[85.9061819,21.9700317],[85.9182143,22.0092679],[85.9434181,22.0204583],[86.0088729,22.1153025],[85.9971141,22.1339876],[86.0312211,22.1900078],[85.9736718,22.2473418],[86.0171664,22.2972911],[86.0483336,22.3090288],[86.0156858,22.3124234],[86.0291183,22.3342182],[85.9982622,22.3405992],[86.0290861,22.3857638],[86.0146451,22.4288212],[85.95716,22.4650541],[85.9729743,22.5053612],[86.0265111,22.524004],[86.0240894,22.5446252],[86.0453831,22.5675932],[86.1169124,22.4869043],[86.2828941,22.4475943],[86.3241341,22.3805729],[86.4394334,22.303167],[86.4477253,22.3278072],[86.4970135,22.3472974],[86.5336843,22.2998967],[86.5821147,22.3014453],[86.5940451,22.2782357],[86.6595554,22.2563329],[86.6555421,22.2364284],[86.7519801,22.2114765],[86.7764136,22.2178646],[86.7776753,22.2365942],[86.7949051,22.2277877],[86.7790733,22.2169155],[86.8024146,22.2175498],[86.812023,22.2412268],[86.7948618,22.2431694],[86.7922617,22.266302],[86.8039925,22.2435846],[86.8135921,22.267391],[86.8182516,22.2537202],[86.8239556,22.2667552],[86.8863246,22.2572386],[86.8893097,22.2827192],[86.8877902,22.2974594],[86.8321107,22.3272278],[86.8463542,22.3990831],[86.7645311,22.4272629],[86.7510077,22.456706],[86.7498713,22.4829476],[86.7911737,22.4774257],[86.8016036,22.4888318],[86.7892874,22.5490032],[86.7690952,22.5545762],[86.7668552,22.5750227],[86.6595178,22.5750358],[86.6341097,22.6103881],[86.6360365,22.6649699],[86.5441953,22.7216029],[86.5113251,22.7049958],[86.4164858,22.7898983],[86.4388457,22.8310233],[86.4349712,22.8605124],[86.4507717,22.8615353],[86.467138,22.8999269],[86.4353401,22.9251852],[86.4763181,22.9511754],[86.4891334,22.9372428],[86.5025803,22.9518734],[86.52598,22.9476053],[86.5456062,22.9902783],[86.5211942,22.9707097],[86.5011475,22.9935903],[86.4192589,23.0002741],[86.3985478,22.9798933],[86.3727518,22.9981533],[86.3395333,22.9898141],[86.3037384,23.0159984],[86.2484992,22.9949103],[86.1865421,23.0049542],[86.14198,23.0542497],[86.1462571,23.0749591],[86.0512566,23.1055262],[86.0445219,23.1442378],[85.9576144,23.1610455],[85.8945422,23.1551283],[85.8825232,23.198729],[85.8638145,23.2223818],[85.836581,23.2205262],[85.8386057,23.2468344],[85.8196735,23.2681201],[85.8830678,23.3507821],[85.8708125,23.3888142],[85.9025429,23.3971147],[85.8825825,23.4305842],[85.8638924,23.4313559],[85.8700012,23.4749455],[86.0534596,23.4868218],[86.0162778,23.5473172],[86.0521605,23.5861507],[86.0808674,23.5656789],[86.1583469,23.5599805],[86.148825,23.4652573],[86.1782883,23.4698417],[86.2283833,23.4428824],[86.2326166,23.4622431],[86.2455672,23.4592949],[86.2298525,23.430852],[86.2473935,23.4111352],[86.2640928,23.4307684],[86.3105533,23.4113593],[86.3057663,23.4348246],[86.351459,23.4420937],[86.3640901,23.471689],[86.3794628,23.4736398],[86.3624199,23.4842486],[86.3751946,23.5103425],[86.3651078,23.5326896],[86.3881589,23.5739487],[86.4470844,23.5981359],[86.4618067,23.6302995],[86.5353974,23.6312369],[86.5975661,23.6737546],[86.7149477,23.6988756],[86.7473355,23.6787866],[86.7990376,23.6890325],[86.828366,23.7601953],[86.7994042,23.8322438],[86.8265356,23.8139398],[86.8742155,23.8473097],[86.8902968,23.8205022],[86.8802432,23.8623247],[86.8960124,23.8783318],[86.9155578,23.8824316],[86.947571,23.8461209],[86.9744808,23.868325],[87.1217762,23.7966547],[87.1504878,23.7975648],[87.1670157,23.8245264],[87.1300203,23.8539117],[87.1330643,23.8701907],[87.1961045,23.8578101],[87.1885824,23.8431548],[87.2336839,23.8571338],[87.2167166,23.8309519],[87.2412416,23.8276085],[87.2549387,23.8470353],[87.2451232,23.9082017],[87.2691496,23.874584],[87.2950331,23.902341],[87.2835447,23.9209068],[87.2932491,23.9586347],[87.2615317,23.9675752],[87.2641558,24.000608],[87.2505034,23.9970364],[87.2328878,24.0237437],[87.2453821,24.0451217],[87.2874582,24.0288625],[87.337123,24.0343095],[87.3191741,24.0084817],[87.3281661,23.9986651],[87.3604239,24.0130918],[87.4603943,23.9838291],[87.4383379,24.0135542],[87.4761291,24.0122702],[87.5119805,24.0358357],[87.4906142,24.0705943],[87.5107494,24.0822466],[87.48983,24.0901148],[87.4976167,24.1189733],[87.5599203,24.0819689],[87.5802213,24.0863688],[87.5765971,24.1122572],[87.6102302,24.1325337],[87.5761452,24.1612822],[87.6944234,24.1502424],[87.6986066,24.1878127],[87.6386059,24.2139894],[87.6466267,24.2315264],[87.6343746,24.2416529],[87.6387771,24.2543828],[87.6591663,24.2361196],[87.7058912,24.2614364],[87.7136738,24.2943992],[87.7293017,24.2884217],[87.7616024,24.3084671],[87.7644026,24.3393282],[87.8011028,24.3822172],[87.7939501,24.3992859],[87.8112769,24.4178338],[87.7888314,24.4165496],[87.8031362,24.4540016],[87.8237724,24.4584566],[87.8107042,24.4763634],[87.828151,24.4986154],[87.8116833,24.4907683],[87.8093395,24.5145176],[87.8012634,24.4937201],[87.7941433,24.5011374],[87.8085881,24.5466948],[87.7712177,24.5830194],[87.8121799,24.5785595],[87.8494078,24.5538351],[87.8892682,24.5650519],[87.8919315,24.5841816],[87.9132768,24.5934638],[87.9107675,24.6104344],[87.8758323,24.6152294],[87.9060342,24.6150055],[87.9057716,24.6292757],[87.8879168,24.630344],[87.9141417,24.6377095],[87.916609,24.665753],[87.8877491,24.6799872],[87.9083519,24.7216175],[87.8164082,24.7597019],[87.8362284,24.790213],[87.8374072,24.7657933],[87.8692317,24.7750211],[87.8816007,24.8053714],[87.869119,24.8246581],[87.9005277,24.8233045],[87.8913291,24.8560342],[87.952928,24.9077635],[87.9627974,24.9370573],[87.9405383,24.9908548],[87.8993604,25.0067847],[87.8572751,25.0546309],[87.8057904,25.0726523],[87.7929046,25.0953496],[87.7730584,25.2211416],[87.8400814,25.2014999],[87.8243745,25.2365017],[87.7525233,25.2637923],[87.7113569,25.2576697],[87.6919591,25.3115677],[87.6092398,25.3135955],[87.584306,25.3308288],[87.5842094,25.3489225],[87.5516846,25.3324986],[87.5429462,25.2810229],[87.4932621,25.3072689],[87.5005025,25.2597342],[87.4761721,25.2371183],[87.4778697,25.1941704],[87.4011325,25.2274213],[87.3719805,25.206203],[87.3278331,25.2237332],[87.2955178,25.0884751],[87.2395992,25.1172717],[87.2397923,25.0921479],[87.2116715,25.0899922],[87.1470737,25.0211982],[87.1430396,24.9139184],[87.1582368,24.8894562],[87.1425676,24.8603893],[87.0764695,24.8234718],[87.0746755,24.8079864],[87.0956787,24.8025074],[87.0712852,24.7466754],[87.0801043,24.7284341],[87.0543437,24.6690022],[87.0509672,24.6088699],[87.0108604,24.6319602],[86.9957971,24.6199639],[86.9782447,24.639957],[86.9523668,24.6316091],[86.9581818,24.6496891],[86.9400716,24.6531409],[86.9457578,24.6355491],[86.9092798,24.5962998],[86.9167149,24.5449956],[86.8812284,24.5743831],[86.856048,24.5550741],[86.8432025,24.5752556],[86.801935,24.5706144],[86.8109607,24.5993044],[86.777343,24.6196193],[86.7535495,24.6171817],[86.7426395,24.5861148],[86.6695118,24.5661716],[86.6082013,24.6080923],[86.5803102,24.5667305],[86.5590906,24.5649227],[86.5524387,24.5370319],[86.5168619,24.5350408],[86.4830905,24.4684724],[86.4908551,24.4280246],[86.4674449,24.4252112],[86.4722728,24.3937719],[86.4444637,24.3681886],[86.4053141,24.3881046],[86.3781165,24.4302713],[86.2765089,24.4663178],[86.3078856,24.5106186],[86.3006917,24.5603531],[86.3234796,24.5866311],[86.2582761,24.5787981],[86.2142512,24.6147124],[86.2077856,24.5907586],[86.1732602,24.5837928],[86.1233926,24.6115952],[86.1148095,24.6447938],[86.1277485,24.6984549],[86.0871579,24.7476896],[86.0359525,24.7432261],[86.0551048,24.7796926],[85.9597992,24.7313771],[85.9153175,24.7476108],[85.867424,24.8050842],[85.7779669,24.7962214],[85.7362834,24.8214444],[85.7077575,24.7801499],[85.7086587,24.7254131],[85.6818688,24.6918167],[85.6492192,24.6848126],[85.6763112,24.6162088],[85.6679964,24.5787585],[85.6143567,24.5808219],[85.5806391,24.6006488],[85.5659759,24.5871196],[85.5718982,24.5618879],[85.5406666,24.5626881],[85.5408168,24.5305315],[85.524069,24.5212685],[85.4914061,24.5481453],[85.4336439,24.5313155],[85.3707762,24.5553498],[85.3975868,24.5435318],[85.3911855,24.5302672],[85.2884531,24.5226839],[85.2855134,24.4927138],[85.2500009,24.4900777],[85.2273738,24.4625609],[85.1615953,24.4601194],[85.1548147,24.4461436],[85.1758861,24.4218507],[85.0978553,24.3731532],[85.0737905,24.3806193],[85.0801635,24.4321663],[85.0632763,24.4079],[85.028665,24.4152859],[84.9753857,24.375352],[84.9036741,24.3727232],[84.8822593,24.4246251],[84.8877311,24.4629515],[84.8541283,24.4665257],[84.8392367,24.4527948],[84.8393655,24.5101891],[84.8015141,24.5307658],[84.7858715,24.5035117],[84.6852565,24.4551973],[84.6650219,24.3907037],[84.567647,24.4102057],[84.5733976,24.3842936],[84.5269632,24.3762413],[84.5311045,24.3390812],[84.491601,24.285736],[84.4866657,24.3104364],[84.5050978,24.328934],[84.4864082,24.3133696],[84.4584703,24.3370088],[84.4248136,24.3297362],[84.4310903,24.3567537],[84.4013929,24.3642403],[84.3878317,24.3886712],[84.3432212,24.3918567],[84.3349431,24.420483],[84.3200254,24.4212646],[84.3357968,24.4259145],[84.3291235,24.4383591],[84.2972588,24.4483412],[84.295907,24.4729121],[84.3275283,24.4923554],[84.2973232,24.5605511],[84.2709732,24.5600046],[84.279449,24.5458545],[84.2547941,24.5266663],[84.2303538,24.549602],[84.2294264,24.5493677]]]}},{"type":"Feature","properties":{"name":"Karnataka","code":"IN-KA"},"geometry":{"type":"MultiPolygon","coordinates":[[[[74.6279249,13.7770857],[74.6273321,13.7777656],[74.6277639,13.7770909],[74.6279249,13.7770857]]],[[[74.6526445,13.6580399],[74.6522547,13.659352],[74.6526168,13.657809],[74.6526445,13.6580399]]],[[[74.652244,13.6569965],[74.6521796,13.657736],[74.6521153,13.6569776],[74.652244,13.6569965]]],[[[74.6650167,13.4523961],[74.6651392,13.4529259],[74.6648177,13.4524357],[74.6650167,13.4523961]]],[[[74.6591619,13.4239399],[74.6585584,13.4244512],[74.6590036,13.4239373],[74.6591619,13.4239399]]],[[[74.6589017,13.424686],[74.6584833,13.4251087],[74.6585906,13.4246443],[74.6589017,13.424686]]],[[[74.6915651,13.266663],[74.6911204,13.2668704],[74.6915469,13.2665623],[74.6915651,13.266663]]],[[[74.0891683,14.7951214],[74.0862286,14.7957853],[74.0888357,14.7950384],[74.0891683,14.7951214]]],[[[74.0632662,14.8216439],[74.0636632,14.8215946],[74.0632689,14.8217009],[74.0632662,14.8216439]]],[[[74.0871245,14.7927615],[74.0868938,14.7929482],[74.0870279,14.7927304],[74.0871245,14.7927615]]],[[[74.2728782,14.6246087],[74.2730713,14.6250603],[74.2727762,14.6247852],[74.2728782,14.6246087]]],[[[74.2823732,14.6345745],[74.2819011,14.6349222],[74.2820996,14.6345485],[74.2823732,14.6345745]]],[[[74.1643774,14.7338387],[74.1646644,14.7351331],[74.1642487,14.7340566],[74.1643774,14.7338387]]],[[[74.146235,14.7252576],[74.1484183,14.7254495],[74.1460365,14.725325],[74.146235,14.7252576]]],[[[74.398807,14.3132804],[74.4055065,14.3138103],[74.3994328,14.3135839],[74.398807,14.3132804]]],[[[74.1293612,14.7578839],[74.1276875,14.7586465],[74.1293639,14.757775],[74.1293612,14.7578839]]],[[[74.3262565,14.0141633],[74.3255124,14.0204314],[74.3261562,14.0141198],[74.3262565,14.0141633]]],[[[74.3230845,14.0101442],[74.3230435,14.0112103],[74.3228755,14.0100485],[74.3230845,14.0101442]]],[[[74.4886562,14.0193505],[74.4879195,14.0198292],[74.4882642,14.019298],[74.4886562,14.0193505]]],[[[74.4852836,14.0222292],[74.4872031,14.0244718],[74.4850403,14.0225046],[74.4852836,14.0222292]]],[[[74.153434,14.7415532],[74.1569853,14.7375585],[74.1536407,14.7418433],[74.153434,14.7415532]]],[[[74.7002529,13.2787898],[74.6991697,13.2809987],[74.700197,13.2787223],[74.7002529,13.2787898]]],[[[74.7002062,13.2811963],[74.7002614,13.2834212],[74.7000789,13.2816109],[74.7002062,13.2811963]]],[[[74.6905813,13.3331086],[74.6904203,13.3333017],[74.6903774,13.3332182],[74.6905813,13.3331086]]],[[[74.691033,13.3330629],[74.6918728,13.3309973],[74.6915686,13.3321749],[74.691033,13.3330629]]],[[[74.6752806,13.1937646],[74.6753839,13.1929419],[74.6753624,13.1938037],[74.6752806,13.1937646]]],[[[74.6750057,13.1946001],[74.6753651,13.1953444],[74.6750593,13.1945636],[74.6750057,13.1946001]]],[[[74.6707088,13.1986321],[74.6717441,13.1992484],[74.6706403,13.1986792],[74.6707088,13.1986321]]],[[[74.7211905,13.2425506],[74.7207345,13.2434508],[74.7211276,13.242439],[74.7211905,13.2425506]]],[[[74.6813223,13.3441848],[74.6809575,13.3448477],[74.681215,13.3442892],[74.6813223,13.3441848]]],[[[74.6834117,13.3460847],[74.6858793,13.3413114],[74.6836773,13.3459255],[74.6834117,13.3460847]]],[[[74.6828297,13.3471338],[74.6818695,13.3483826],[74.6825454,13.34728],[74.6828297,13.3471338]]],[[[74.6817353,13.3470347],[74.6813866,13.3475749],[74.6814993,13.3471129],[74.6817353,13.3470347]]],[[[74.6828029,13.3598509],[74.6823576,13.3605737],[74.6826312,13.3600153],[74.6828029,13.3598509]]],[[[74.265697,15.8273185],[74.2704298,15.7944838],[74.314429,15.7906545],[74.2942182,15.8303141],[74.265697,15.8273185]]],[[[77.2767053,18.4766494],[77.2721396,18.4515308],[77.3012422,18.4634708],[77.2850418,18.4743787],[77.2767053,18.4766494]]],[[[74.6729997,13.3813625],[74.6755931,13.3761343],[74.6730316,13.3812957],[74.6729997,13.3813625]]],[[[74.2401177,14.7086909],[74.2410913,14.7115343],[74.2400908,14.7086793],[74.2401177,14.7086909]]],[[[74.063462,14.8193517],[74.06572,14.81997],[74.063108,14.8194347],[74.063462,14.8193517]]],[[[74.0720397,14.8193102],[74.0707737,14.8197925],[74.0720397,14.8191494],[74.0720397,14.8193102]]],[[[74.0661362,14.8206767],[74.0666646,14.8200051],[74.066273,14.8205496],[74.0661362,14.8206767]]],[[[74.05682,14.8158],[74.0543908,14.8165253],[74.0565097,14.8159548],[74.05682,14.8158]]],[[[74.0569791,14.81561],[74.0573975,14.8154725],[74.0569925,14.815654],[74.0569791,14.81561]]],[[[74.09361,14.8360292],[74.09591,14.83801],[74.093374,14.836081],[74.09361,14.8360292]]],[[[74.1009754,14.8447874],[74.0965283,14.8458971],[74.1011685,14.8448548],[74.1009754,14.8447874]]],[[[74.1063381,14.8646598],[74.1071874,14.8654813],[74.1062687,14.8647165],[74.1063381,14.8646598]]],[[[74.0958671,14.8765844],[74.0971653,14.8783951],[74.0956311,14.8765559],[74.0958671,14.8765844]]],[[[74.0951162,14.8800534],[74.0941604,14.879854],[74.0953502,14.8798721],[74.0951162,14.8800534]]],[[[74.093734,14.8822579],[74.0937564,14.8823295],[74.0937069,14.8822592],[74.093734,14.8822579]]],[[[74.0922133,14.8815901],[74.0934156,14.883113],[74.0921623,14.8815998],[74.0922133,14.8815901]]],[[[74.2523056,14.7048539],[74.2530861,14.7044258],[74.2523861,14.7048773],[74.2523056,14.7048539]]],[[[74.2539981,14.7043714],[74.2543521,14.704335],[74.2540303,14.7044544],[74.2539981,14.7043714]]],[[[74.3104666,14.5235333],[74.3104626,14.5234269],[74.3105002,14.5235048],[74.3104666,14.5235333]]],[[[74.309843,14.521212],[74.3096727,14.5211562],[74.3098444,14.5211627],[74.309843,14.521212]]],[[[74.3183987,14.5177757],[74.3190982,14.5176074],[74.3183909,14.517806],[74.3183987,14.5177757]]],[[[74.3185897,14.5170151],[74.3190175,14.5174821],[74.3185294,14.5171097],[74.3185897,14.5170151]]],[[[74.3219504,14.5184477],[74.3216702,14.5185389],[74.3218526,14.5184195],[74.3219504,14.5184477]]],[[[74.3220042,14.5173263],[74.3218419,14.5175263],[74.3219492,14.5173237],[74.3220042,14.5173263]]],[[[74.4804141,14.087218],[74.480736,14.0869604],[74.4804208,14.0872375],[74.4804141,14.087218]]],[[[74.4801486,14.0871334],[74.4802183,14.087097],[74.480166,14.0871516],[74.4801486,14.0871334]]],[[[74.4799112,14.0871568],[74.4799903,14.0873533],[74.4798884,14.0871946],[74.4799112,14.0871568]]],[[[74.4797891,14.087551],[74.4798528,14.0876414],[74.4797588,14.0876032],[74.4797891,14.087551]]],[[[74.4816532,14.0863478],[74.4817498,14.0862398],[74.4817203,14.0863556],[74.4816532,14.0863478]]],[[[74.4788456,14.0820289],[74.4785124,14.0822893],[74.4787189,14.0820109],[74.4788456,14.0820289]]],[[[74.4792098,14.0811875],[74.4792418,14.0813762],[74.4791602,14.0812109],[74.4792098,14.0811875]]],[[[74.4799769,14.0807127],[74.4799521,14.0808155],[74.479934,14.0807413],[74.4799769,14.0807127]]],[[[74.47027,14.08309],[74.47164,14.08437],[74.4702,14.08308],[74.47027,14.08309]]],[[[74.6875144,13.3396867],[74.6890045,13.3364037],[74.6876301,13.3397736],[74.6875144,13.3396867]]],[[[74.6655683,13.3830884],[74.6649045,13.3835372],[74.6654651,13.3831824],[74.6655683,13.3830884]]],[[[74.6653095,13.3817864],[74.665001,13.3820682],[74.6651942,13.3817916],[74.6653095,13.3817864]]],[[[74.0571427,14.819305],[74.06177,14.82117],[74.0570944,14.8195954],[74.0571427,14.819305]]],[[[74.6364408,13.6844318],[74.6358731,13.6850009],[74.6361774,13.6844314],[74.6364408,13.6844318]]],[[[74.1214117,14.9201916],[74.0848741,14.9002456],[74.1260165,14.8211979],[74.1132599,14.7967033],[74.0934276,14.8029945],[74.2046803,14.7187307],[74.2049056,14.7367596],[74.2337769,14.7480638],[74.2621493,14.7194259],[74.2515812,14.7059464],[74.2822659,14.6752373],[74.2842695,14.632013],[74.2697353,14.6269822],[74.3100804,14.5539868],[74.3098792,14.521473],[74.3596584,14.5173497],[74.4414416,14.2243808],[74.4701117,14.1839606],[74.5146713,13.9874907],[74.5490947,13.9485566],[74.5700347,13.9464402],[74.60706,13.8685802],[74.6766579,13.5799342],[74.6905169,13.3488615],[74.7157323,13.3161514],[74.7996173,12.9295145],[74.8203275,12.9305888],[74.8150867,12.9164857],[74.8011376,12.9212145],[74.8464766,12.7949391],[74.8640682,12.7600633],[74.8830646,12.7552505],[75.0065993,12.7922612],[75.0109338,12.7684787],[74.9841118,12.7356734],[75.0134575,12.7286378],[75.0020957,12.716027],[75.0526929,12.7203702],[75.0433584,12.6714716],[75.0858017,12.6740047],[75.0857674,12.7035965],[75.121518,12.6789767],[75.1517215,12.6828137],[75.1613867,12.671523],[75.1407981,12.6424949],[75.1616764,12.6215147],[75.2005577,12.6288643],[75.2004933,12.5895491],[75.2201486,12.5692976],[75.2368855,12.5689835],[75.2738571,12.6188973],[75.327115,12.5920726],[75.3143263,12.5738738],[75.289607,12.5824603],[75.2742219,12.5715072],[75.2732563,12.5357546],[75.3024387,12.5215318],[75.3059149,12.5014216],[75.3320074,12.4986773],[75.3367924,12.4638365],[75.359559,12.4646117],[75.3821325,12.5008141],[75.4161283,12.5000289],[75.4236746,12.4673355],[75.3947496,12.4518936],[75.3654385,12.4578232],[75.3715646,12.4000823],[75.4217756,12.3715581],[75.4099846,12.3474851],[75.4323219,12.309644],[75.4155084,12.2882499],[75.4848578,12.2899964],[75.53931,12.2165071],[75.5322504,12.2014699],[75.5916184,12.1479101],[75.6381011,12.1471444],[75.660916,12.0995375],[75.701487,12.1093617],[75.7155633,12.0703147],[75.8031106,12.0783302],[75.8015013,12.0370541],[75.8294177,11.9861585],[75.8691788,11.9534124],[76.0036262,11.9312137],[76.1125536,11.9786826],[76.1201314,11.8506066],[76.1918737,11.8710337],[76.2218756,11.8101411],[76.2804932,11.8115352],[76.3403408,11.7382109],[76.4146881,11.757652],[76.4102618,11.7415322],[76.4273969,11.7261284],[76.4032517,11.7114577],[76.4157324,11.672535],[76.4609129,11.662387],[76.5139882,11.7056491],[76.5501152,11.677997],[76.5630495,11.6204632],[76.6174629,11.6079752],[76.7557264,11.6177871],[76.8538284,11.5971021],[76.8350744,11.6553887],[76.887238,11.7330501],[76.9071078,11.7955248],[76.9557836,11.7915391],[76.9683265,11.7772922],[76.982038,11.8118238],[77.0287299,11.8053967],[77.0343303,11.7703812],[77.066946,11.788026],[77.057333,11.7666945],[77.1157837,11.7213897],[77.1109342,11.7736476],[77.2378993,11.7947056],[77.250216,11.812895],[77.2939682,11.8089463],[77.3360252,11.7714],[77.3648214,11.7903891],[77.3926628,11.787858],[77.4281323,11.7609806],[77.4667883,11.8471281],[77.4617457,11.9002754],[77.486465,11.8882757],[77.4947047,11.9438082],[77.5381565,11.9324507],[77.6755592,11.9520457],[77.724072,12.0544479],[77.7787651,12.1084019],[77.7334868,12.177071],[77.6091095,12.2059696],[77.519297,12.1948911],[77.4724375,12.2078956],[77.4790463,12.269874],[77.5517462,12.2917279],[77.6168632,12.368257],[77.6350296,12.4874081],[77.6260042,12.4963729],[77.6060915,12.4745009],[77.5839531,12.4785472],[77.616218,12.5093024],[77.5872084,12.5147907],[77.5803081,12.5515804],[77.6060539,12.6281392],[77.5988817,12.6671789],[77.6632533,12.6832724],[77.6896487,12.6584938],[77.710863,12.6663936],[77.7119605,12.6833941],[77.7410016,12.6737335],[77.7375615,12.6983929],[77.7625707,12.6969587],[77.774408,12.7245132],[77.7629969,12.7364006],[77.7920018,12.7467495],[77.7789033,12.7679585],[77.8090335,12.7968339],[77.8100554,12.8310227],[77.7925886,12.843407],[77.8367365,12.8704003],[77.8906172,12.8698077],[77.9294394,12.8909806],[77.9269029,12.8741743],[77.9420208,12.8731977],[77.9205678,12.8275632],[77.9405052,12.8231857],[77.9403604,12.8545935],[77.9528558,12.8568781],[77.9884493,12.8086283],[78.0096947,12.8056928],[78.0036685,12.8251817],[78.0284303,12.845123],[78.0229979,12.8565505],[78.0540859,12.8535613],[78.1339696,12.7821215],[78.2313763,12.7621184],[78.2531261,12.8617616],[78.3123708,12.8583517],[78.3136797,12.8761746],[78.3369398,12.8823244],[78.3203745,12.8872818],[78.3234429,12.9019025],[78.3441067,12.9079681],[78.3557796,12.9406777],[78.3896398,12.9064621],[78.3983516,12.9175263],[78.4120845,12.9030529],[78.4449148,12.9120465],[78.4647471,12.8666985],[78.4665549,12.9053118],[78.4275985,12.9330653],[78.4183502,12.9228385],[78.411119,12.9454457],[78.436718,12.9623214],[78.4353661,12.98113],[78.4675419,12.9750139],[78.4622741,13.0433692],[78.5161435,13.0628823],[78.5102105,13.0920186],[78.5385775,13.1056659],[78.5175919,13.1324148],[78.5457659,13.1428629],[78.5500359,13.1636531],[78.579905,13.167414],[78.5761607,13.186583],[78.5501969,13.200225],[78.5789931,13.2130934],[78.5665369,13.220718],[78.5702169,13.2474753],[78.5875761,13.2719428],[78.5654962,13.3117768],[78.5615265,13.2884723],[78.5391569,13.2876579],[78.5319686,13.2668678],[78.4794617,13.3012629],[78.4834099,13.321194],[78.4441638,13.3082374],[78.440237,13.3283663],[78.4011263,13.3153679],[78.37713,13.332062],[78.4086835,13.3428251],[78.3650494,13.3619699],[78.3817649,13.3971969],[78.3753598,13.5090437],[78.4019887,13.5879174],[78.2585158,13.5827199],[78.2371182,13.5988452],[78.193121,13.5643932],[78.204123,13.6283986],[78.1684492,13.6326385],[78.1562752,13.6584936],[78.0872938,13.6434484],[78.0694699,13.6976523],[78.1134152,13.692503],[78.1210756,13.7154762],[78.0917859,13.7423032],[78.1265902,13.7865705],[78.1137156,13.807409],[78.1235862,13.8451845],[78.114869,13.8628461],[78.0814862,13.8613305],[78.0789757,13.8812041],[78.0489564,13.8962228],[78.0459738,13.8621638],[78.0008912,13.8732257],[77.9762149,13.8296208],[77.9529547,13.8271831],[77.9493928,13.8872659],[77.9844975,13.8977225],[77.9828882,13.9577246],[77.9675674,13.9603068],[77.9267335,13.9053877],[77.8958022,13.9202902],[77.895813,13.9410231],[77.8265476,13.9447716],[77.8135443,13.9152395],[77.8370404,13.8699343],[77.7822697,13.8441116],[77.7815723,13.8182026],[77.7193773,13.8002303],[77.717371,13.7410318],[77.7033806,13.7697941],[77.6714086,13.760478],[77.6801741,13.786758],[77.6211655,13.7684602],[77.6189983,13.7553091],[77.642312,13.747118],[77.6278818,13.734591],[77.5997937,13.7506196],[77.5604081,13.7224803],[77.5473189,13.7531207],[77.5280285,13.7539231],[77.5249815,13.6911583],[77.5143599,13.7130893],[77.4848985,13.7147883],[77.4918508,13.6900638],[77.4553004,13.6822469],[77.4645352,13.8080758],[77.4226713,13.7989279],[77.4324936,13.8432365],[77.3828029,13.8392675],[77.3627186,13.8542264],[77.3256397,13.833017],[77.3110699,13.8665178],[77.288475,13.8474346],[77.2568464,13.8465804],[77.2484135,13.9013052],[77.2358393,13.9040963],[77.2199392,13.8676844],[77.2116887,13.8857869],[77.2004342,13.8631013],[77.1814441,13.8698718],[77.1847272,13.925143],[77.1620572,13.9067624],[77.1684623,13.8645179],[77.1281862,13.8565181],[77.1686768,13.8295375],[77.1574759,13.8060129],[77.178483,13.7830486],[77.1729469,13.7620828],[77.0904207,13.7672515],[77.0856356,13.7423449],[77.0643496,13.7439602],[77.0434284,13.7777969],[77.0244276,13.7792244],[77.0166278,13.7387598],[76.9986892,13.7453046],[76.9781327,13.8269539],[77.0141559,13.8602332],[77.0229792,13.9026174],[77.0472264,13.9065958],[77.0414972,13.9334528],[76.9938505,13.9625453],[76.999172,13.9904057],[76.9311189,14.0302436],[76.9325781,14.0551192],[76.9717812,14.0583663],[76.9749999,14.0810327],[76.9482035,14.0919407],[76.945796,14.118701],[76.9249177,14.1370543],[76.8860149,14.1383651],[76.8945336,14.1678789],[76.9421482,14.173257],[76.9474911,14.1980754],[76.9613313,14.1815162],[77.0221424,14.177397],[77.0146751,14.1000966],[77.0315623,14.0569301],[77.1268344,14.0471468],[77.1409321,14.0038246],[77.2454631,14.0118922],[77.2700858,14.0344903],[77.2749781,14.0115695],[77.3220992,14.0300562],[77.3363256,13.9959753],[77.3608303,13.9911449],[77.3495865,13.9585159],[77.371602,13.9531641],[77.3477196,13.916031],[77.358427,13.9035443],[77.3976087,13.9065333],[77.3989461,13.8884859],[77.4346447,13.9147605],[77.4119854,13.945917],[77.4350738,13.9473748],[77.4388718,13.9755077],[77.4267268,13.9861895],[77.381494,13.9761949],[77.3902917,14.0166077],[77.332313,14.0306807],[77.340424,14.0601356],[77.3601007,14.062113],[77.4013853,14.1198247],[77.3474192,14.103468],[77.3519897,14.1311031],[77.3788762,14.1359722],[77.393682,14.1742556],[77.5036526,14.1572785],[77.5170421,14.182858],[77.4924409,14.2307637],[77.5035238,14.2651006],[77.4819803,14.2913748],[77.4504161,14.2805827],[77.4460601,14.3173238],[77.3930383,14.3358064],[77.3765588,14.3056596],[77.4197531,14.2116172],[77.3870301,14.1998851],[77.3841548,14.2209566],[77.3593926,14.2343307],[77.3638434,14.2758136],[77.2835398,14.2828909],[77.2866082,14.3402345],[77.2377491,14.3174277],[77.157197,14.3421263],[77.1356106,14.3367004],[77.1153116,14.2921234],[77.1096253,14.2207278],[77.0812797,14.2141757],[77.054286,14.2451875],[76.9401526,14.2445427],[76.9247675,14.273658],[76.9565409,14.2943119],[76.8849635,14.3473651],[76.8852854,14.3920973],[76.9156694,14.4207154],[76.9425559,14.400307],[76.9447017,14.4508052],[76.9598508,14.450535],[76.9747853,14.4853005],[76.9007134,14.4892634],[76.8680119,14.4739723],[76.8558454,14.5093521],[76.8065142,14.5310592],[76.7819881,14.5964582],[76.7650366,14.602044],[76.7752558,14.6810442],[76.8035531,14.7424559],[76.78231,14.7860863],[76.8366408,14.7908995],[76.8372953,14.8110332],[76.8542683,14.8098404],[76.8457925,14.8917566],[76.863817,14.8954581],[76.8695569,14.937767],[76.8672502,14.9695166],[76.8288731,14.9561249],[76.7666888,14.9745434],[76.7600837,14.989595],[76.790185,15.020733],[76.7767525,15.0784118],[76.8003559,15.0961788],[76.8360937,15.0796135],[76.8661022,15.0600127],[76.8772817,15.0306494],[76.9183838,15.0358199],[76.9853103,15.0155518],[77.004118,15.0337994],[77.0495868,15.0330844],[77.0442652,15.0098523],[77.0825715,15.0060658],[77.0847773,15.0307012],[77.112844,15.0339341],[77.1300101,15.1004038],[77.1562743,15.1229839],[77.1571653,15.1403978],[77.1344036,15.1482593],[77.1690362,15.1713106],[77.1474927,15.2238035],[77.1250051,15.2269092],[77.167148,15.2683552],[77.1476,15.2727643],[77.151677,15.292242],[77.1183103,15.2948085],[77.1133536,15.33382],[77.0621127,15.3279015],[77.0647734,15.3442287],[77.0404565,15.3642842],[77.0310688,15.4330801],[76.9746861,15.4979555],[76.975708,15.510651],[77.0297813,15.5021529],[77.0304036,15.6345056],[77.0831895,15.6589803],[77.1213841,15.6309927],[77.1289372,15.6658501],[77.0785761,15.6952273],[77.079606,15.7274713],[77.0490932,15.7302596],[77.0651865,15.8278885],[77.0251855,15.8375092],[77.0325494,15.8569739],[77.0860648,15.9196513],[77.1849632,15.9567697],[77.2500014,15.9649394],[77.5133402,15.9280671],[77.5140765,16.0087225],[77.4942492,16.0366513],[77.5067714,16.077969],[77.4923949,16.0857707],[77.5139191,16.1077628],[77.4896441,16.1194905],[77.4862978,16.1646846],[77.501342,16.2230927],[77.5157501,16.2254048],[77.4919713,16.2294863],[77.4900118,16.2552837],[77.5143579,16.2779507],[77.5373517,16.2669983],[77.5451552,16.2923818],[77.5681765,16.3045801],[77.5976293,16.2932653],[77.5891895,16.3441127],[77.5575716,16.344538],[77.4910668,16.3849805],[77.4189847,16.3663029],[77.3482112,16.3846153],[77.2874404,16.4090716],[77.236585,16.4699909],[77.2940933,16.4768586],[77.2980482,16.496531],[77.3694264,16.4881829],[77.3773446,16.5141141],[77.4173902,16.5208487],[77.4179274,16.5486625],[77.3922218,16.569654],[77.4231961,16.5685087],[77.4672468,16.5991509],[77.4522028,16.6155968],[77.4724645,16.6520639],[77.4432929,16.63831],[77.4184263,16.6686017],[77.468687,16.6843811],[77.4733268,16.716152],[77.425547,16.7225161],[77.4464448,16.7681797],[77.4381988,16.789988],[77.4687291,16.7811335],[77.4791435,16.8009082],[77.457055,16.8296598],[77.4529551,16.9145927],[77.4690936,16.9191876],[77.4794903,16.995695],[77.5031982,17.0137339],[77.4620499,17.1104337],[77.3660536,17.1547739],[77.3716087,17.1966093],[77.3939296,17.1937826],[77.4019289,17.2104587],[77.3788022,17.2220507],[77.4197166,17.2375301],[77.4580297,17.2800071],[77.4360704,17.2918573],[77.4557939,17.3311064],[77.4528803,17.3739303],[77.4787731,17.3697306],[77.4833659,17.3549902],[77.5284624,17.3701379],[77.5375491,17.4073073],[77.5137743,17.4119209],[77.5133123,17.4294861],[77.5375754,17.4427944],[77.5760829,17.430537],[77.5765591,17.4568535],[77.6139006,17.4467358],[77.6131262,17.4719836],[77.6385235,17.4733319],[77.6556826,17.5049682],[77.6536651,17.4830739],[77.6844212,17.4745359],[77.6916687,17.4968306],[77.6879902,17.5115352],[77.6193413,17.5290612],[77.6227276,17.5481377],[77.6011801,17.5413053],[77.5941773,17.5644629],[77.5491474,17.5507532],[77.5310478,17.5740337],[77.5064311,17.5413006],[77.4710304,17.5863047],[77.4445196,17.5835026],[77.4529389,17.6948351],[77.5703231,17.7418117],[77.5688694,17.7664301],[77.5059815,17.7863871],[77.5288974,17.83005],[77.5536177,17.8201121],[77.5763705,17.8754353],[77.5983522,17.8732783],[77.5862317,17.9082835],[77.6189265,17.9036895],[77.6245389,17.9594949],[77.6334601,17.9679494],[77.6495824,17.9500428],[77.6559078,17.9684465],[77.6496742,17.9979809],[77.6274537,17.9969847],[77.6048936,18.0201473],[77.5884795,18.012386],[77.5475089,18.0556508],[77.6014625,18.0932764],[77.5972343,18.1565527],[77.5630683,18.1954571],[77.5863998,18.217605],[77.5728047,18.2429819],[77.6034266,18.2793438],[77.5131713,18.3101532],[77.4938724,18.2691931],[77.4654124,18.2634144],[77.4477005,18.2698727],[77.4376829,18.3102948],[77.3657721,18.3089444],[77.3563009,18.3208867],[77.4005827,18.3475285],[77.394938,18.3694667],[77.41414,18.3922787],[77.3726413,18.4009351],[77.3661482,18.4507161],[77.3400931,18.4381545],[77.3210906,18.4591753],[77.3150008,18.4412645],[77.2401978,18.4133307],[77.2333774,18.3880455],[77.2485549,18.374435],[77.2254004,18.3651396],[77.2187546,18.3256376],[77.1987557,18.3145524],[77.2135787,18.2807959],[77.1747463,18.284758],[77.1511832,18.2167321],[77.0969428,18.1965518],[77.1120397,18.1569213],[77.064272,18.1518068],[77.0335734,18.1821781],[77.0237539,18.1585447],[77.0077634,18.1600623],[76.9914136,18.1907033],[76.9513324,18.1883085],[76.9179532,18.1241137],[76.9653511,18.0988631],[76.9440158,18.0833793],[76.953437,18.041985],[76.9144717,18.0355641],[76.9056888,18.0098573],[76.9188657,17.9164193],[76.9004064,17.9175479],[76.8841747,17.8942591],[76.8395874,17.8997937],[76.8055981,17.8708943],[76.7738041,17.8784664],[76.7682525,17.9024125],[76.7399633,17.8995418],[76.7384463,17.8560369],[76.7683474,17.8516986],[76.7906956,17.8250983],[76.7619149,17.7873963],[76.7142707,17.7813196],[76.7282942,17.7375617],[76.6992647,17.7283521],[76.7117638,17.6945004],[76.6935099,17.6959664],[76.6884022,17.6798276],[76.6647248,17.6874487],[76.6133934,17.7710422],[76.5802543,17.7055857],[76.571821,17.7612916],[76.524352,17.7598986],[76.5238949,17.7160142],[76.4871448,17.7135105],[76.4873504,17.6582036],[76.4277,17.6440639],[76.4184522,17.6045526],[76.3306474,17.5981303],[76.3413763,17.5438796],[76.3660097,17.5247284],[76.3446807,17.4955067],[76.374464,17.4938695],[76.3308191,17.4708651],[76.3340163,17.4353704],[76.3709235,17.4369467],[76.3632631,17.3786547],[76.4089036,17.3712209],[76.4114785,17.3523588],[76.3807726,17.3162471],[76.3545513,17.3152433],[76.3422346,17.3563526],[76.3118291,17.3471565],[76.3150263,17.3342526],[76.2767029,17.335584],[76.271553,17.3612474],[76.2497091,17.3634592],[76.2443018,17.3804772],[76.1722898,17.3551033],[76.1752939,17.3027059],[76.1625266,17.3450674],[76.1165643,17.3717944],[76.0788309,17.3331772],[76.0584243,17.356147],[76.0141777,17.3536745],[75.9315896,17.3219672],[75.8911032,17.3558699],[75.8846485,17.418675],[75.8594505,17.3853789],[75.8508286,17.4106794],[75.8232156,17.4218608],[75.8152741,17.3764926],[75.7961731,17.3689588],[75.7329335,17.4207886],[75.6868675,17.4121836],[75.6774899,17.4543589],[75.633316,17.4776398],[75.6079316,17.4227593],[75.6142187,17.3947293],[75.5752945,17.3835489],[75.5817961,17.3526456],[75.6099915,17.3450674],[75.6036615,17.3063115],[75.6324094,17.272027],[75.657386,17.270689],[75.6622922,17.2082474],[75.6283398,17.1892795],[75.6267464,17.1627507],[75.6474424,17.1150864],[75.6738885,17.1136929],[75.6783486,17.0628476],[75.6484222,17.055718],[75.6410622,17.0388547],[75.6691003,17.038349],[75.6719113,16.9630942],[75.6394904,16.9563995],[75.6336593,16.9714276],[75.6080912,16.9726796],[75.6068304,17.0064473],[75.5675645,17.010308],[75.5665514,16.9676916],[75.5295467,16.9707709],[75.4892719,16.9452516],[75.4663753,16.9891588],[75.4257482,16.9681486],[75.3915954,16.9813289],[75.3415793,16.9561723],[75.2831054,16.9552401],[75.2844434,16.8803109],[75.2144196,16.8419542],[75.1818608,16.8437383],[75.1896932,16.873591],[75.1355859,16.8749712],[75.1178472,16.9126558],[75.098197,16.913071],[75.0907463,16.950638],[75.0246977,16.9277986],[75.0270937,16.9443351],[74.9956798,16.9526274],[74.9678921,16.9511495],[74.9651207,16.9274869],[74.932144,16.9450203],[74.9219101,16.9294208],[74.9620933,16.9105649],[74.9628692,16.8794189],[74.9030558,16.8624086],[74.9222821,16.771485],[74.85042,16.7717688],[74.7744392,16.7503809],[74.7323513,16.7184944],[74.6914744,16.7164393],[74.6909439,16.6767473],[74.651056,16.6352327],[74.6882678,16.6094003],[74.6417493,16.611336],[74.6313044,16.5783073],[74.5684331,16.5544455],[74.5553097,16.5632759],[74.5600526,16.5931866],[74.5444221,16.5955896],[74.5442679,16.6340711],[74.49106,16.6297227],[74.4586372,16.648774],[74.4678444,16.6055265],[74.3984864,16.5824328],[74.3831635,16.526953],[74.3581256,16.539517],[74.3573828,16.5584477],[74.3234376,16.5565926],[74.3081098,16.5014165],[74.3023741,16.5297047],[74.2849797,16.5234607],[74.2840918,16.5394386],[74.2642712,16.5393559],[74.278387,16.5026712],[74.2488528,16.4958081],[74.2644632,16.4766297],[74.2925495,16.5033902],[74.2916699,16.4596813],[74.3342887,16.4533057],[74.3380551,16.401254],[74.3651662,16.4031596],[74.3572335,16.3655732],[74.3385011,16.3914418],[74.3211066,16.3798456],[74.3300268,16.3410427],[74.3184305,16.3258783],[74.3436628,16.2915428],[74.3254974,16.2872856],[74.3272814,16.2689993],[74.3550836,16.2815042],[74.3469059,16.2926378],[74.3859533,16.2897421],[74.3865749,16.2758027],[74.4117356,16.2821292],[74.4160377,16.2582951],[74.4967658,16.2319805],[74.506578,16.1891636],[74.4804531,16.1452732],[74.4829394,16.0883655],[74.42808,16.111558],[74.3722597,16.0769203],[74.3616243,16.0540227],[74.3818835,16.0344575],[74.430397,16.0590004],[74.4648351,16.0421033],[74.4320266,15.9533777],[74.3871784,15.9025217],[74.4069614,15.8542117],[74.3901016,15.8539182],[74.3657578,15.8928272],[74.3392966,15.8537657],[74.3827587,15.8478609],[74.3656438,15.8229851],[74.3689277,15.78648],[74.3487968,15.7666177],[74.3242303,15.7718166],[74.3213441,15.7564801],[74.2562264,15.7435458],[74.2321418,15.7538041],[74.2361559,15.7845789],[74.2087166,15.7801827],[74.2014026,15.7568603],[74.1613626,15.75083],[74.1250991,15.7226175],[74.1273737,15.6814689],[74.0887069,15.6710152],[74.1347122,15.6483808],[74.1658044,15.654817],[74.1814202,15.6821558],[74.2050934,15.6509326],[74.224019,15.6690937],[74.2504549,15.6578336],[74.2439103,15.6258059],[74.2638874,15.615804],[74.2448973,15.5670273],[74.2619991,15.5650223],[74.2823624,15.532608],[74.2507124,15.4912352],[74.2780065,15.4410226],[74.2753028,15.3917494],[74.3220377,15.3681637],[74.3168449,15.3301727],[74.3361139,15.2959831],[74.2763757,15.2835435],[74.2507124,15.2590554],[74.3010735,15.224937],[74.3181629,15.1839554],[74.283328,15.1450023],[74.2744445,15.0971927],[74.2967605,15.0409592],[74.253416,14.9981835],[74.2642608,14.9784624],[74.201188,14.9264572],[74.1644096,14.9586748],[74.1541232,14.9406888],[74.166491,14.9164426],[74.1219663,14.922186],[74.1214117,14.9201916]]]]}},{"type":"Feature","properties":{"name":"Kerala","code":"IN-KL"},"geometry":{"type":"MultiPolygon","coordinates":[[[[75.0306833,12.3914662],[75.0306178,12.3916562],[75.0306574,12.3914313],[75.0306833,12.3914662]]],[[[75.5417133,11.6629514],[75.5414101,11.6635214],[75.5414396,11.6631485],[75.5417133,11.6629514]]],[[[76.538976,8.9353736],[76.5394628,8.9360519],[76.5390916,8.9355961],[76.538976,8.9353736]]],[[[76.9753861,8.3858609],[76.9756289,8.3851179],[76.9754384,8.3858503],[76.9753861,8.3858609]]],[[[75.4500429,11.7695506],[75.4514739,11.7706462],[75.4501151,11.7696615],[75.4500429,11.7695506]]],[[[76.4039379,11.7068484],[76.4273969,11.7261284],[76.4133992,11.7586585],[76.3403408,11.7382109],[76.2804932,11.8115352],[76.2218756,11.8101411],[76.1918737,11.8710337],[76.1201314,11.8506066],[76.1125536,11.9786826],[76.0036262,11.9312137],[75.8691788,11.9534124],[75.8294177,11.9861585],[75.8015013,12.0370541],[75.8031106,12.0783302],[75.7155633,12.0703147],[75.701487,12.1093617],[75.660916,12.0995375],[75.6381011,12.1471444],[75.5916184,12.1479101],[75.5322504,12.2014699],[75.53931,12.2165071],[75.4848578,12.2899964],[75.4155084,12.2882499],[75.4323219,12.309644],[75.4099846,12.3474851],[75.4217756,12.3715581],[75.3715646,12.4000823],[75.3654385,12.4578232],[75.3947496,12.4518936],[75.4236746,12.4673355],[75.4161283,12.5000289],[75.3821325,12.5008141],[75.359559,12.4646117],[75.3367924,12.4638365],[75.3320074,12.4986773],[75.3059149,12.5014216],[75.3024387,12.5215318],[75.2732563,12.5357546],[75.2742219,12.5715072],[75.289607,12.5824603],[75.3143263,12.5738738],[75.327115,12.5920726],[75.2738571,12.6188973],[75.2368855,12.5689835],[75.2201486,12.5692976],[75.2004933,12.5895491],[75.2005577,12.6288643],[75.1616764,12.6215147],[75.1407981,12.6424949],[75.1613867,12.671523],[75.1517215,12.6828137],[75.121518,12.6789767],[75.0857674,12.7035965],[75.0864884,12.674549],[75.0470706,12.6687814],[75.0526929,12.7203702],[75.0020957,12.716027],[75.0134575,12.7286378],[74.9841118,12.7356734],[75.0109338,12.7684787],[75.0057542,12.7926243],[74.8640682,12.7600633],[74.9806288,12.4728639],[75.054343,12.358746],[75.2012591,12.0059342],[75.2293405,12.0213285],[75.2450609,12.0120797],[75.3551039,11.8598834],[75.3858018,11.8552394],[75.4535568,11.7712876],[75.5446822,11.70447],[75.5359304,11.6923862],[75.6171745,11.477312],[75.6821479,11.4491626],[75.7350481,11.350614],[75.7961901,11.155972],[75.8149794,11.1477032],[75.836767,11.0958719],[75.9085412,10.7866048],[76.0811216,10.4222445],[76.2245674,9.9738528],[76.2439113,9.97262],[76.3304071,9.4381515],[76.5184635,9.0188596],[76.5466726,8.9032504],[76.6331792,8.8347814],[76.9574261,8.4259298],[76.9896453,8.3635639],[77.0962964,8.2935318],[77.1397005,8.3297748],[77.1801137,8.3238642],[77.174358,8.3586871],[77.1529404,8.3550507],[77.1512317,8.3850489],[77.1685764,8.384137],[77.2067135,8.4448145],[77.2280261,8.4472326],[77.2026364,8.5014051],[77.2143049,8.5128026],[77.2400202,8.4969158],[77.2618378,8.5062196],[77.2838186,8.5465612],[77.200739,8.6690623],[77.2067466,8.6841862],[77.1701051,8.7418191],[77.1921598,8.7443269],[77.1974706,8.7690371],[77.2298001,8.784528],[77.2628861,8.8422216],[77.2563706,8.8788093],[77.1932152,8.9256998],[77.1967007,8.9535562],[77.1465424,9.0217642],[77.1674921,9.0453678],[77.1974496,9.0469338],[77.2124795,9.1004671],[77.2665122,9.1520784],[77.265091,9.1818381],[77.2515135,9.1883692],[77.2818494,9.2169615],[77.2830277,9.3012647],[77.2995569,9.3108505],[77.3000738,9.3366577],[77.3252493,9.3371002],[77.3493221,9.4411021],[77.3659051,9.460054],[77.3925338,9.4594507],[77.4123612,9.5090025],[77.4003882,9.5274563],[77.3852256,9.5191907],[77.3654343,9.535214],[77.3502652,9.5668887],[77.3611684,9.6022286],[77.3394765,9.5733512],[77.3178326,9.6025571],[77.2698843,9.5728159],[77.2342193,9.5815727],[77.2088424,9.6135261],[77.165861,9.6127905],[77.2067238,9.6948851],[77.2043866,9.7232917],[77.22354,9.7298524],[77.2227339,9.7878538],[77.2466845,9.7979099],[77.2219843,9.8225317],[77.23705,9.8513724],[77.212227,9.8775749],[77.2182614,9.9042905],[77.2465387,9.951347],[77.2728925,9.9646607],[77.253124,10.0127193],[77.261838,10.0301501],[77.2012647,10.1058285],[77.237937,10.129924],[77.2677609,10.1216831],[77.2953415,10.2200327],[77.2810185,10.2366199],[77.2590105,10.230337],[77.2631376,10.2632784],[77.2290801,10.3142438],[77.2367574,10.3522049],[77.1749748,10.3575344],[77.0435226,10.283785],[77.0453401,10.2559894],[76.9824635,10.2204226],[76.9105718,10.2358565],[76.8734481,10.2766416],[76.8732472,10.2986419],[76.8482492,10.2850958],[76.830193,10.3039451],[76.8485945,10.3688254],[76.8162346,10.4232416],[76.8431071,10.5372757],[76.8381643,10.5972973],[76.817726,10.6027655],[76.8108701,10.6233233],[76.8144653,10.6358341],[76.8825506,10.6394399],[76.866286,10.6853867],[76.9076683,10.7795401],[76.8994045,10.8084783],[76.8481046,10.8192432],[76.8536527,10.8388873],[76.8279693,10.8729775],[76.7408374,10.8910951],[76.6592596,10.930481],[76.7109898,11.0390469],[76.766538,11.0290375],[76.8009782,11.0542928],[76.7774165,11.0424107],[76.7460874,11.0552069],[76.748085,11.1362135],[76.7282297,11.1300211],[76.6896769,11.1594753],[76.6998804,11.1812647],[76.7288129,11.1909166],[76.7315647,11.2155646],[76.6982764,11.2397325],[76.6297147,11.1941329],[76.6009128,11.206543],[76.5338473,11.1967144],[76.5005381,11.2114217],[76.4723759,11.20875],[76.4584482,11.1876836],[76.4386241,11.1989498],[76.4532206,11.2394311],[76.5221244,11.2706426],[76.5455218,11.2995883],[76.547735,11.3582138],[76.5080584,11.353472],[76.5176401,11.370785],[76.4619255,11.3874846],[76.4152045,11.422658],[76.4187642,11.4417658],[76.397844,11.4347182],[76.3421207,11.4674834],[76.3254367,11.4533506],[76.2844385,11.4829981],[76.2476106,11.4685065],[76.2384322,11.5247987],[76.2518815,11.5377559],[76.2330606,11.5704088],[76.278921,11.6008997],[76.3022669,11.5712662],[76.377511,11.6017317],[76.3882398,11.6297954],[76.4326787,11.6314934],[76.4435318,11.6447354],[76.404749,11.7057859],[76.4039379,11.7068484]],[[75.5382612,11.7628245],[75.5542673,11.7218748],[75.5304001,11.7084629],[75.5380412,11.7624463],[75.5382612,11.7628245]]]]}},{"type":"Feature","properties":{"name":"Ladakh","code":"IN-LA"},"geometry":{"type":"MultiPolygon","coordinates":[[[[72.5058342,35.9183553],[72.525411,35.8806248],[72.5700962,35.8754977],[72.5813185,35.8566305],[72.6723094,35.8380907],[72.6978869,35.8596361],[72.7231641,35.8540536],[72.7419511,35.8137299],[72.8019661,35.8262421],[72.8243398,35.8838054],[72.8804001,35.8538415],[72.9003568,35.8131889],[72.9642258,35.836091],[73.0062998,35.8248856],[73.0861884,35.8728289],[73.1384984,35.8382874],[73.1754271,35.853211],[73.2015706,35.8174149],[73.1620777,35.7602297],[73.1242427,35.7572649],[73.1206702,35.7231807],[73.2365274,35.657824],[73.2806468,35.6708959],[73.3320331,35.658095],[73.3612578,35.5967815],[73.39868,35.5838864],[73.4018738,35.5161455],[73.4744614,35.5401437],[73.5051674,35.5312559],[73.5254234,35.5435135],[73.5560006,35.526541],[73.6181635,35.5475989],[73.6658639,35.5251614],[73.7280482,35.5319893],[73.7401718,35.5183328],[73.7897801,35.5178977],[73.7864962,35.4883981],[73.7066727,35.3959331],[73.68409,35.3268868],[73.7457444,35.2176668],[73.8083114,35.238663],[73.8668576,35.2026079],[73.9202381,35.2109965],[73.9535739,35.1661731],[74.001522,35.1820999],[74.0311374,35.1448847],[74.1070558,35.1471056],[74.1056396,35.1243065],[74.131615,35.1127004],[74.1429773,35.0868989],[74.164223,35.076759],[74.206514,35.0904138],[74.2463644,35.0379299],[74.2937974,35.0651243],[74.3726856,35.0606054],[74.4475321,35.1324441],[74.463797,35.1060292],[74.5152458,35.0948557],[74.5117053,35.0829163],[74.5394096,35.0635201],[74.5335946,35.0296332],[74.585116,35.0026982],[74.564897,34.9675065],[74.5771306,34.8993817],[74.6031587,34.9165914],[74.662502,34.9032943],[74.7453462,34.8287394],[74.7957105,34.821806],[74.8028138,34.7739424],[74.8387339,34.7867199],[74.9240109,34.7681277],[74.9353407,34.7397788],[74.8862454,34.7203101],[74.8728936,34.6815788],[74.9961063,34.6522781],[75.0251774,34.6289837],[75.0867461,34.6549567],[75.2662228,34.6383125],[75.248544,34.6009539],[75.2861067,34.5955278],[75.3664001,34.5380975],[75.3427933,34.4887433],[75.3529959,34.469134],[75.3269726,34.4393844],[75.3786713,34.4069409],[75.3659331,34.3955655],[75.3850483,34.3661426],[75.3764345,34.3413955],[75.4008326,34.3154011],[75.4031901,34.2848517],[75.4694874,34.2800518],[75.4955896,34.2335145],[75.5802941,34.2137896],[75.5947001,34.1976303],[75.6483738,34.2121877],[75.689829,34.2017748],[75.6929921,34.1582322],[75.6728685,34.1441176],[75.7437536,34.0728584],[75.7376775,34.0597789],[75.8420285,34.0061275],[75.8224365,33.965934],[75.8316963,33.9561091],[75.8929703,33.9689526],[75.9669229,33.9545156],[75.9778527,33.9712669],[76.0243674,33.9820894],[76.0468048,33.9342843],[76.0321161,33.9184633],[76.122497,33.8877428],[76.1552619,33.846527],[76.1636399,33.7997561],[76.192563,33.7934176],[76.2121841,33.7609043],[76.2640282,33.746983],[76.2658023,33.6801755],[76.2841701,33.6616034],[76.229453,33.6301287],[76.2390661,33.6027531],[76.2052059,33.5728303],[76.2211704,33.5521606],[76.3027954,33.5673594],[76.3051986,33.6075427],[76.3384151,33.6097229],[76.380381,33.5785019],[76.381073,33.551946],[76.4255333,33.5374958],[76.4516389,33.5613816],[76.4592736,33.5329889],[76.500848,33.5176653],[76.5504965,33.4642854],[76.5699369,33.4647973],[76.5825773,33.424132],[76.6268876,33.4367444],[76.6681938,33.3417946],[76.6913405,33.3251321],[76.7165216,33.3329078],[76.7370128,33.2610827],[76.7529332,33.2487351],[76.7988501,33.2556686],[76.8201703,33.2331519],[76.8433457,33.245935],[76.834314,33.2050534],[76.8173802,33.1945216],[76.8175084,33.1593229],[76.8550964,33.1133588],[76.8910599,33.1180965],[76.9288293,33.0319174],[76.9707226,33.0006166],[77.012628,32.9883032],[77.0482211,32.9981478],[77.0943834,32.9708049],[77.1159068,32.9845978],[77.1486599,32.9783797],[77.1483998,32.9560251],[77.1624938,32.9500438],[77.1572483,32.912263],[77.187747,32.9281129],[77.2541313,32.864364],[77.2740541,32.8738757],[77.302475,32.8492246],[77.3223574,32.8518845],[77.349839,32.8158968],[77.3734991,32.8236179],[77.3746957,32.8558945],[77.4045103,32.8843746],[77.4697701,32.8589409],[77.4973374,32.884083],[77.5392127,32.8872908],[77.6012437,32.9425505],[77.6739328,32.9609211],[77.6829835,32.9891793],[77.7136698,32.9826377],[77.8124775,32.9054068],[77.7839328,32.8832726],[77.7869313,32.8595486],[77.8665816,32.8283536],[77.8833631,32.7878881],[77.9253884,32.7717115],[77.9342875,32.7265089],[77.9191954,32.6904396],[78.0160025,32.6201247],[78.0467324,32.6453657],[78.0602736,32.6291943],[78.0975938,32.629431],[78.0934491,32.6465926],[78.110517,32.6621188],[78.1470254,32.6538226],[78.1427,32.6817242],[78.1761372,32.681443],[78.1931777,32.6626015],[78.245013,32.6719621],[78.2608777,32.7034164],[78.3068549,32.7084357],[78.3123793,32.743562],[78.387539,32.7551357],[78.3781063,32.6588715],[78.4092844,32.6239905],[78.3118158,32.5669892],[78.2842475,32.4691781],[78.31931,32.4436969],[78.3954969,32.5176379],[78.3929418,32.5395644],[78.416068,32.567467],[78.500948,32.583603],[78.52513,32.6202087],[78.5764507,32.6240103],[78.5982079,32.6002921],[78.630722,32.604405],[78.6341099,32.6453678],[78.7104797,32.6681214],[78.7394997,32.6957352],[78.742145,32.655287],[78.78136,32.616313],[78.757475,32.567181],[78.780829,32.515658],[78.779367,32.479016],[78.838598,32.41271],[78.892347,32.400518],[78.907529,32.372514],[78.968287,32.33574],[79.013599,32.381218],[79.060389,32.387138],[79.100153,32.370628],[79.105435,32.407469],[79.12643,32.421654],[79.117527,32.454475],[79.131546,32.480951],[79.183966,32.497826],[79.188294,32.515877],[79.248154,32.5167],[79.276039,32.556002],[79.293452,32.539559],[79.331177,32.565447],[79.350972,32.528539],[79.4134632,32.5202315],[79.4003522,32.6102956],[79.460728,32.7098224],[79.4152077,32.7356871],[79.4069967,32.7854596],[79.3024018,32.8869489],[79.3075212,32.9269089],[79.2838411,32.9526512],[79.2353974,32.9750777],[79.2153275,32.9613436],[79.1749633,32.9857514],[79.1431785,33.1056724],[79.16518,33.171496],[79.071653,33.224247],[79.079942,33.244917],[79.035201,33.272681],[79.026725,33.320346],[78.962535,33.339475],[78.936447,33.387175],[78.9135169,33.5546389],[78.885111,33.5762188],[78.9077147,33.621128],[79.0035273,33.6074032],[79.0851428,33.6195384],[79.0903822,33.6371889],[79.0639656,33.6664138],[79.0118554,33.6852115],[79.0282783,33.7536762],[78.9652226,33.8212529],[78.9371449,33.9126242],[78.8871763,33.9725866],[78.9116847,34.0097062],[78.9952038,34.036832],[79.029468,34.01042],[79.0994242,33.9899567],[79.1389232,33.9944776],[79.1896058,34.0251727],[79.2252977,34.010658],[79.2488543,34.0239829],[79.3161931,34.014941],[79.3665102,33.9943369],[79.4032813,34.0023299],[79.4304072,34.0613405],[79.4161304,34.1001257],[79.4856107,34.1255859],[79.4905886,34.1908996],[79.6073639,34.2382215],[79.6028087,34.3065503],[79.5747215,34.3190361],[79.5347804,34.4007544],[79.5305915,34.4426436],[79.5088509,34.453679],[79.5381633,34.4788814],[79.5611169,34.4584093],[79.600515,34.4662623],[79.6233578,34.449844],[79.6735645,34.454603],[79.70188,34.4860118],[79.7216296,34.4717351],[79.7967052,34.4822221],[79.8114542,34.5340769],[79.7882498,34.5640188],[79.8018136,34.5892643],[79.7865473,34.6273539],[79.8984776,34.69619],[79.9515387,34.6737465],[79.9721896,34.6997035],[80.0741464,34.7058061],[80.0669116,34.7622563],[80.0989921,34.7745363],[80.13685,34.8689383],[80.2050511,34.8912364],[80.1862573,34.9464874],[80.2335754,34.9895891],[80.2160831,34.9927029],[80.1936721,35.1184343],[80.2349567,35.148828],[80.2223395,35.1780178],[80.2563285,35.2041814],[80.2838801,35.203971],[80.2745397,35.2167348],[80.2942892,35.2678932],[80.2662115,35.2964467],[80.2858752,35.3542535],[80.3467536,35.3910228],[80.3769176,35.3923438],[80.429158,35.449781],[80.403017,35.499203],[80.35352,35.506322],[80.338058,35.531796],[80.302243,35.532776],[80.298614,35.55565],[80.278188,35.552709],[80.263387,35.569068],[80.224892,35.554819],[80.207126,35.575499],[80.1661973,35.5527572],[80.1825866,35.5088458],[80.1099998,35.4783793],[80.0809961,35.4504084],[80.0879898,35.4324557],[80.0549152,35.4234138],[79.9663197,35.5535653],[79.9653212,35.5747085],[79.9953187,35.5841024],[79.99895,35.6024167],[79.9545853,35.6162313],[79.9541906,35.633914],[79.8457333,35.5745558],[79.816842,35.6269739],[79.7042776,35.6390451],[79.6982418,35.6634505],[79.679405,35.6706898],[79.6786294,35.7002396],[79.6341109,35.7415782],[79.6385822,35.77773],[79.5925417,35.7888788],[79.5884125,35.8149615],[79.5719086,35.8126599],[79.56427,35.8297913],[79.5884336,35.8769776],[79.5721293,35.8965298],[79.5173407,35.8503163],[79.4888959,35.8492206],[79.4564592,35.8719631],[79.468368,35.9003393],[79.4396228,35.9341975],[79.4417273,35.9683213],[79.3434392,35.9878727],[79.3383831,35.9634717],[79.2695767,35.9274197],[79.077666,35.9469845],[79.0284243,35.91423],[79.0114975,35.9311568],[78.8558586,35.9742433],[78.8008537,35.8701812],[78.6760474,35.8531542],[78.6548267,35.8212671],[78.5813319,35.7999315],[78.5355862,35.7634995],[78.462723,35.7644065],[78.4405012,35.7807327],[78.4076214,35.7308893],[78.2436324,35.7252899],[78.2083065,35.6676586],[78.1817008,35.6673563],[78.1974223,35.6398436],[78.180038,35.6344016],[78.1812591,35.6007931],[78.1617348,35.5929304],[78.1571897,35.5509472],[78.1030736,35.5560904],[78.0905157,35.5334018],[78.04037,35.5868456],[78.0224262,35.5642328],[77.9776227,35.5721854],[77.9506423,35.5520644],[77.9378503,35.559317],[77.9109904,35.4620991],[77.8145556,35.522088],[77.7799063,35.4981911],[77.7428959,35.4966941],[77.7342433,35.4684271],[77.6903349,35.4515989],[77.6523853,35.4869248],[77.6295214,35.4622066],[77.6048052,35.4730055],[77.5943112,35.4631289],[77.5584395,35.4878445],[77.5047756,35.4860548],[77.4450559,35.461418],[77.3937599,35.4702891],[77.3029393,35.5462526],[77.1912534,35.5204854],[77.0938846,35.5648084],[77.064957,35.5968094],[76.9947443,35.6123716],[76.9648174,35.5937996],[76.8994697,35.617946],[76.8481551,35.6728459],[76.7640726,35.6610509],[76.7586798,35.681085],[76.6954154,35.72425],[76.689875,35.750079],[76.5872923,35.7743115],[76.5613095,35.8219091],[76.5877675,35.8425799],[76.5730285,35.8713036],[76.5991954,35.9004067],[76.5675631,35.9257121],[76.5438905,35.9242689],[76.5466168,35.9024388],[76.5168029,35.8816427],[76.4699244,35.8908417],[76.4283138,35.8527423],[76.3646559,35.8644421],[76.350838,35.8555877],[76.3599677,35.8275871],[76.2260962,35.8428107],[76.218419,35.8272751],[76.1657824,35.8223759],[76.1407135,35.8487182],[76.1604598,35.9186718],[76.1066246,35.9760708],[76.1022408,36.0152833],[75.9990566,36.0176286],[75.9427168,36.0707543],[75.9547282,36.0795382],[75.933003,36.1364653],[76.0136733,36.1717234],[76.0060118,36.2331457],[76.0615992,36.2267668],[76.0174559,36.301079],[75.9948572,36.3081912],[75.9849437,36.3510943],[76.0357695,36.4080529],[75.9872146,36.5079261],[75.9232812,36.5654323],[75.9449366,36.6027607],[75.8027413,36.7099764],[75.6744543,36.7657929],[75.5344324,36.7719056],[75.5340414,36.7211479],[75.4994191,36.7388603],[75.4703,36.7159619],[75.4534721,36.7228514],[75.4195125,36.7727067],[75.4321542,36.8319946],[75.4233395,36.8872366],[75.3868726,36.9044186],[75.3881395,36.9300081],[75.4107695,36.9458332],[75.4018366,36.9549707],[75.3756497,36.9465063],[75.29367,36.9759285],[75.2356946,36.9582736],[75.1598052,36.9894218],[75.1678286,37.0108589],[75.1418187,37.0278173],[75.1145659,37.006778],[75.060446,37.002078],[75.0292459,37.01624],[74.992298,36.990983],[74.9169698,36.978512],[74.9324329,36.946348],[74.9060629,36.92974],[74.8831105,36.9360494],[74.8812664,36.9602828],[74.8390148,37.0158332],[74.8436357,37.055752],[74.80157,37.051994],[74.7888851,37.027976],[74.7402126,37.0192002],[74.6948392,37.091675],[74.6732746,37.0705743],[74.622406,37.059823],[74.6151541,37.041754],[74.51893,37.017367],[74.543927,36.972763],[74.534055,36.957221],[74.426558,37.01115],[74.415585,36.975017],[74.347112,36.961087],[74.294881,36.912415],[74.239721,36.894784],[74.175927,36.916518],[74.119982,36.837992],[73.987346,36.831453],[73.932234,36.87474],[73.892667,36.878157],[73.90761,36.898855],[73.89062,36.912967],[73.843619,36.925977],[73.815059,36.890824],[73.75286,36.912156],[73.654106,36.908791],[73.7050407,36.8351307],[73.7641609,36.8146586],[73.7955648,36.8196105],[73.8002041,36.794943],[73.8482616,36.7917994],[73.8818066,36.7692193],[73.8896576,36.7542576],[73.8762158,36.7359564],[73.8889439,36.725088],[73.8741936,36.700867],[73.714557,36.7145995],[73.6900524,36.6907567],[73.5948891,36.6948582],[73.579544,36.7243253],[73.524944,36.7135506],[73.5178067,36.7261368],[73.5000826,36.7134552],[73.4653479,36.7368144],[73.4435793,36.7211788],[73.3624525,36.7392929],[73.3082094,36.7030605],[73.1739101,36.7265182],[73.1086042,36.6856057],[73.0717284,36.6825531],[73.072799,36.625294],[73.0969467,36.6067712],[73.0764866,36.5713362],[73.0565023,36.5655084],[73.0488892,36.5296721],[72.9798958,36.5123692],[72.9806095,36.4579498],[72.8984121,36.4556536],[72.8785468,36.4385255],[72.8746213,36.3871187],[72.854637,36.3643241],[72.8229952,36.3591513],[72.8018213,36.3283948],[72.686357,36.273277],[72.6751153,36.2530984],[72.6095941,36.2692211],[72.5781644,36.2515794],[72.5363219,36.1728928],[72.5582942,36.1354829],[72.5243213,36.1087256],[72.5186779,36.0783476],[72.5314648,36.0525143],[72.5863037,36.0241244],[72.5069052,35.9192462],[72.5058342,35.9183553]]]]}},{"type":"Feature","properties":{"name":"Lakshadweep","code":"IN-LD"},"geometry":{"type":"Polygon","coordinates":[[[72.1976503,12.4054705],[71.9560979,12.5861245],[71.8505011,12.5995718],[71.755805,12.563371],[71.6711201,12.4562227],[71.5255216,12.0173027],[71.5227251,11.9206036],[71.8004018,11.1217517],[72.0458562,9.9399568],[72.8339229,8.1778411],[72.88028,8.1220615],[72.9437787,8.0839975],[73.0176392,8.0658201],[73.0908111,8.0699995],[73.1839813,8.1170293],[73.2560931,8.2149818],[73.8434197,10.0015909],[73.8678904,10.1263961],[73.9005578,10.8615016],[73.8477515,10.9571121],[73.1401891,11.6449924],[72.2046301,12.3998196],[72.1976503,12.4054705]]]}},{"type":"Feature","properties":{"name":"Madhya Pradesh","code":"IN-MP"},"geometry":{"type":"MultiPolygon","coordinates":[[[[74.1721449,22.4187498],[74.1571175,22.4123329],[74.1791552,22.3879938],[74.1726548,22.4186819],[74.1721449,22.4187498]]],[[[81.7416316,23.5660081],[81.6996447,23.5220168],[81.6589114,23.5289972],[81.6581651,23.5049075],[81.6340586,23.4899603],[81.6119911,23.5106843],[81.610036,23.5556434],[81.5829737,23.5553351],[81.5766845,23.5853445],[81.611969,23.5952529],[81.6145652,23.6629179],[81.6551724,23.6631363],[81.6555493,23.6820162],[81.6840781,23.6909196],[81.6959093,23.7213201],[81.6818492,23.7533029],[81.6446617,23.7701261],[81.6514467,23.7990553],[81.635836,23.8345131],[81.6132297,23.8344775],[81.6031818,23.8537101],[81.6222071,23.8702386],[81.604235,23.8817518],[81.6090176,23.9032048],[81.6630194,23.9245889],[81.7073101,23.8823592],[81.7074906,23.8611325],[81.7319778,23.8566779],[81.7254739,23.839824],[81.7911185,23.8093468],[81.8881575,23.8355482],[81.9289311,23.8707205],[81.9577993,23.852284],[82.0088132,23.8610785],[82.0441805,23.8416489],[82.038416,23.8268405],[82.053581,23.8183752],[82.1714624,23.8182401],[82.2117832,23.8520049],[82.2063125,23.8274112],[82.2318132,23.8053142],[82.2606107,23.8212405],[82.3346565,23.8025468],[82.4692581,23.8110597],[82.4974036,23.7849009],[82.5233976,23.7836774],[82.5514745,23.790641],[82.5330744,23.8221469],[82.5886197,23.8214385],[82.6604658,23.8551435],[82.6684478,23.8717908],[82.6510584,23.8894779],[82.6615901,23.9076418],[82.7035064,23.9244874],[82.7523838,23.9197898],[82.7544609,23.9341881],[82.8126116,23.9598694],[82.8041829,24.0035247],[82.7507045,24.0119781],[82.7740195,24.0763043],[82.7138994,24.0762497],[82.6643048,24.12916],[82.682885,24.1545919],[82.7280776,24.1351429],[82.7444369,24.1654804],[82.7348137,24.2177804],[82.7590133,24.2363542],[82.7732185,24.3073627],[82.7693829,24.3706982],[82.7238357,24.3681772],[82.713207,24.3802358],[82.7392103,24.4276439],[82.7298949,24.4726515],[82.7435632,24.4953468],[82.7206341,24.5140324],[82.7310275,24.5350834],[82.7191827,24.55247],[82.7516391,24.5499068],[82.7555201,24.5374468],[82.807545,24.5489944],[82.8033822,24.5965476],[82.7654619,24.595771],[82.7795481,24.6139359],[82.7743017,24.6417747],[82.7067018,24.6362749],[82.7008885,24.6760187],[82.6708468,24.6970267],[82.5396345,24.6478514],[82.5229522,24.6762697],[82.4502384,24.6744097],[82.4530283,24.688537],[82.4304856,24.7025854],[82.4062045,24.6811195],[82.4161102,24.5911984],[82.3647673,24.5971982],[82.3386389,24.6203645],[82.2968041,24.6058404],[82.3031431,24.667103],[82.2687584,24.683405],[82.260874,24.6613124],[82.2397114,24.6612731],[82.2297113,24.6817872],[82.2501106,24.697453],[82.2509343,24.7699303],[82.2451605,24.7444106],[82.2264583,24.7612371],[82.2288405,24.7455828],[82.2065692,24.7471946],[82.2213045,24.7223278],[82.2140387,24.7344251],[82.1774543,24.7323253],[82.2032568,24.7583395],[82.1965451,24.7780595],[82.2179224,24.7766756],[82.2161504,24.794141],[82.1842573,24.795633],[82.2035916,24.8192047],[82.1666505,24.800875],[82.1789018,24.7950663],[82.1670211,24.7854419],[82.1386615,24.7994628],[82.1156092,24.7844363],[82.0976541,24.8161487],[82.0169399,24.8459801],[81.9652662,24.8270395],[81.9028363,24.8916753],[81.919645,24.9281249],[81.9072697,25.005673],[81.8955614,25.0095181],[81.8913135,24.9888682],[81.8348153,25.0169721],[81.7922127,25.0044074],[81.7315077,25.0486419],[81.6861359,25.0404086],[81.6665425,25.075111],[81.6114341,25.0565015],[81.6003506,25.0738463],[81.6408635,25.0984924],[81.6240816,25.120037],[81.6083167,25.0960549],[81.5980643,25.1313357],[81.6233203,25.1410394],[81.6262105,25.1604667],[81.5884634,25.1657697],[81.5956213,25.1818219],[81.5735684,25.1920619],[81.5146034,25.1843374],[81.5365001,25.1605479],[81.5272438,25.1380911],[81.4995098,25.1486817],[81.496384,25.12898],[81.4800549,25.1325492],[81.4903217,25.109445],[81.5180982,25.1007384],[81.4911345,25.0723237],[81.40727,25.1049143],[81.4476577,25.1071722],[81.4385247,25.1303347],[81.399921,25.1192192],[81.3345164,25.1692948],[81.3195634,25.1567826],[81.3214722,25.1127659],[81.3134303,25.1637355],[81.2775162,25.1660002],[81.2521373,25.1020766],[81.2666721,25.0843897],[81.2638211,25.0527645],[81.2089241,24.9926175],[81.2196374,24.9286192],[81.19291,24.9253522],[81.2071941,24.9304321],[81.168012,24.9552292],[81.1396043,24.8875274],[81.0963022,24.9211894],[81.0845072,24.9499079],[81.0337306,24.9526117],[81.0255788,24.9400536],[81.0162666,24.951503],[81.0230692,24.9276208],[80.9738513,24.9341924],[80.9571777,24.9178535],[80.9460041,24.9662652],[80.8991485,24.9486221],[80.9070764,24.9350521],[80.8917167,24.9451068],[80.8119911,24.9225478],[80.8200498,24.9329057],[80.7922077,24.9648684],[80.8517359,24.9882486],[80.8317817,25.0328737],[80.8780406,25.0654692],[80.8684388,25.1156796],[80.912912,25.1590831],[80.8846618,25.1879389],[80.8687926,25.1745109],[80.838143,25.180347],[80.8491039,25.1626017],[80.829886,25.1000632],[80.8083965,25.1367869],[80.7863764,25.1294424],[80.7787803,25.142261],[80.7419527,25.1236333],[80.7302416,25.1463188],[80.7043894,25.1283749],[80.7273516,25.1185525],[80.7254512,25.0914311],[80.7836336,25.0759489],[80.7757606,25.054824],[80.7207212,25.0640089],[80.6797369,25.0484571],[80.6850127,25.0766073],[80.6617364,25.0676054],[80.6559673,25.0847137],[80.6080819,25.098433],[80.6382269,25.1168674],[80.6285102,25.1333971],[80.6103385,25.1290136],[80.6065422,25.1503583],[80.5922863,25.0901973],[80.6131362,25.0656956],[80.5684466,25.086877],[80.5458002,25.0644018],[80.5215973,25.0760458],[80.5181317,25.094703],[80.4827222,25.100211],[80.5066275,25.0839742],[80.5005792,25.0415312],[80.5460686,25.0324176],[80.5494757,25.0024662],[80.4993023,25.0062146],[80.4786561,24.9739532],[80.4561447,24.981636],[80.4628546,25.0025334],[80.4370255,24.9945229],[80.4548724,25.0057291],[80.4330916,25.0237355],[80.4544499,25.042223],[80.5018766,25.0372488],[80.475147,25.0379405],[80.4496459,25.0784932],[80.4161061,25.0731755],[80.4087169,25.0552533],[80.4006231,25.0695725],[80.3880037,25.0509144],[80.3736589,25.0559116],[80.3964404,25.0119462],[80.3873155,25.0043144],[80.3629491,25.0235972],[80.330993,24.9921999],[80.273623,25.0259732],[80.2905377,25.0595389],[80.3113977,25.0442343],[80.3553346,25.0556349],[80.3484302,25.0866521],[80.3760823,25.1163592],[80.3545575,25.1383575],[80.4316659,25.1776171],[80.4033438,25.2440343],[80.3835765,25.237289],[80.3514265,25.2771574],[80.3107999,25.286407],[80.315411,25.3888712],[80.2638382,25.4240195],[80.2534192,25.4008344],[80.2208209,25.3967435],[80.2023719,25.4140365],[80.1949315,25.3781577],[80.1689618,25.3768589],[80.1310969,25.3342301],[80.0887808,25.3558547],[80.0726699,25.336947],[80.033415,25.3420236],[80.0177918,25.3225324],[80.0222127,25.2976162],[79.9989434,25.2859729],[80.005115,25.2657102],[79.9483304,25.2686624],[79.9175548,25.2268252],[79.9074883,25.2508899],[79.8513785,25.235559],[79.8685893,25.2164906],[79.8560198,25.1940523],[79.8664555,25.1498208],[79.8815301,25.142047],[79.8516169,25.1285494],[79.8615318,25.0962101],[79.7484993,25.1393513],[79.6833575,25.1351547],[79.6732217,25.1203581],[79.6227063,25.1406098],[79.6011388,25.1274868],[79.6069858,25.1527686],[79.5956862,25.1433677],[79.5693587,25.171802],[79.5179475,25.1270349],[79.5248946,25.0969731],[79.4915042,25.0796542],[79.4650246,25.0880456],[79.4772405,25.1274512],[79.4389206,25.1012212],[79.4391973,25.1278022],[79.4212965,25.1354325],[79.426134,25.1190553],[79.4057395,25.1063594],[79.3839454,25.1427066],[79.3899041,25.1701085],[79.4116319,25.1826977],[79.4120788,25.2003189],[79.4403707,25.1988195],[79.4488341,25.2150736],[79.4326569,25.2206371],[79.4624623,25.2646665],[79.494459,25.2669057],[79.467219,25.283297],[79.4374528,25.254877],[79.4088129,25.2560911],[79.4076139,25.2739159],[79.3685921,25.2924564],[79.3628991,25.2616964],[79.3583098,25.2842368],[79.3361473,25.2880963],[79.3522311,25.3298822],[79.2998861,25.3376345],[79.2705167,25.3097162],[79.2644659,25.2689452],[79.2826787,25.2621619],[79.2937874,25.2835836],[79.3165177,25.2559577],[79.3508622,25.2639201],[79.3435758,25.2270567],[79.3327571,25.2282796],[79.3518943,25.2121566],[79.3383635,25.1979586],[79.328527,25.2213228],[79.2792521,25.2447295],[79.2846166,25.1911877],[79.3085083,25.1982867],[79.3231975,25.1497604],[79.3136539,25.1362352],[79.2781811,25.1174304],[79.2599048,25.1252577],[79.2604741,25.1531129],[79.2479415,25.1159236],[79.2171756,25.110805],[79.1922096,25.1462139],[79.1761801,25.14006],[79.1859955,25.1149331],[79.1318865,25.1090141],[79.1160026,25.1396489],[79.1260936,25.1612199],[79.0906303,25.1908075],[79.0508056,25.1339841],[79.0293807,25.1402866],[79.0309138,25.1844807],[79.0523292,25.2074446],[79.0596661,25.190409],[79.0636834,25.2217578],[79.0217734,25.2415719],[79.0132216,25.2740499],[78.9943746,25.2731634],[78.9748443,25.2404934],[79.0011862,25.2336981],[79.0058735,25.1950472],[78.9538581,25.2189626],[78.8801515,25.1573464],[78.8704741,25.1879715],[78.8902473,25.2144346],[78.8687038,25.2303815],[78.8785422,25.2523621],[78.8987446,25.2430268],[78.9161467,25.273514],[78.9450502,25.2591737],[78.9554786,25.2825752],[78.9799619,25.2780155],[78.9578819,25.3022087],[78.9601564,25.3454805],[78.927648,25.3239144],[78.9211035,25.3434055],[78.9116621,25.3324094],[78.882029,25.3431922],[78.8626742,25.3148175],[78.8799691,25.2858153],[78.8499284,25.2284695],[78.8087726,25.270875],[78.8280201,25.3033144],[78.787154,25.2967186],[78.7973356,25.3135761],[78.8189435,25.3071748],[78.845669,25.3271438],[78.845669,25.3555834],[78.8802266,25.3859259],[78.9521741,25.3995049],[78.9380336,25.3745071],[78.8960195,25.3743133],[78.9380014,25.3473421],[78.958708,25.3710658],[78.9891243,25.3737898],[78.9701772,25.3897254],[78.9671945,25.4346905],[78.9513802,25.4407169],[78.9375615,25.4220943],[78.9089799,25.4423252],[78.9373898,25.4643544],[78.9429085,25.4830455],[78.9269829,25.4925778],[78.9415312,25.495483],[78.9200306,25.5157791],[78.9475608,25.5296435],[78.9513802,25.5486367],[78.9342785,25.5562641],[78.9230025,25.536033],[78.9111686,25.5551413],[78.8837886,25.5543476],[78.8847327,25.5158372],[78.8326764,25.5004799],[78.8655281,25.4662142],[78.8457441,25.4282375],[78.8210034,25.4383141],[78.8549173,25.4478474],[78.8404226,25.4617003],[78.8212824,25.4678415],[78.8078069,25.4536019],[78.8188147,25.4708249],[78.7966275,25.4829899],[78.7675953,25.4698756],[78.7444102,25.5000441],[78.7346792,25.4902535],[78.7316321,25.4578449],[78.7667799,25.4238966],[78.8018417,25.4371515],[78.8217115,25.4222687],[78.7480259,25.4094191],[78.7475109,25.3921098],[78.7674343,25.3998731],[78.75736,25.3853637],[78.7736678,25.3760388],[78.7740701,25.3530626],[78.7268901,25.3431922],[78.6996603,25.3818936],[78.6601782,25.3836965],[78.6661219,25.4154855],[78.6750269,25.3998634],[78.7111187,25.4283925],[78.6895537,25.4453673],[78.6820006,25.4334891],[78.6588692,25.4415501],[78.6421537,25.4348068],[78.6348796,25.4007163],[78.6091089,25.4156793],[78.5909128,25.386081],[78.5664511,25.3914701],[78.5616874,25.3782489],[78.5870504,25.3711337],[78.5846901,25.3465664],[78.5295653,25.3529656],[78.5525572,25.3196667],[78.5320759,25.3003658],[78.5100388,25.2954964],[78.50358,25.3210245],[78.47296,25.2855243],[78.4526771,25.301229],[78.4351516,25.2839139],[78.4502363,25.262104],[78.5040414,25.2898605],[78.5117769,25.2773753],[78.5309172,25.2843796],[78.5344791,25.2681002],[78.5781026,25.2526822],[78.5559368,25.2107655],[78.5700988,25.2233449],[78.5977363,25.1630176],[78.602736,25.0944215],[78.6277985,25.0866872],[78.6526167,25.0505925],[78.631731,24.9576941],[78.6633933,24.9384424],[78.6765598,24.8986312],[78.7700367,24.8590197],[78.7898391,24.8109779],[78.7703977,24.7884008],[78.7809999,24.7060757],[78.7439279,24.6540599],[78.7520302,24.6001799],[78.7837871,24.5885603],[78.8832326,24.6412935],[78.9532101,24.5468959],[78.9472554,24.502404],[78.9715215,24.4942418],[78.936219,24.4794226],[78.9205759,24.4997189],[78.9142095,24.4596177],[78.9474838,24.4366219],[78.9857612,24.4416837],[78.9936477,24.4227502],[78.971454,24.3476058],[78.9096377,24.297995],[78.9160702,24.2676263],[78.8843741,24.25],[78.8818541,24.2170092],[78.8267481,24.1954463],[78.8149462,24.2068045],[78.8126749,24.1810272],[78.792822,24.1768287],[78.7618916,24.2595369],[78.7504242,24.233887],[78.734166,24.2524051],[78.7030579,24.2269232],[78.6686337,24.2400373],[78.6600457,24.2675947],[78.625803,24.2805906],[78.6284428,24.303938],[78.6036463,24.3144997],[78.5860043,24.3537423],[78.5298842,24.3680952],[78.5183804,24.3878188],[78.5004777,24.3890736],[78.4742943,24.3563355],[78.4775814,24.3384844],[78.4438906,24.3193455],[78.41361,24.2726661],[78.3856689,24.2696687],[78.3486768,24.298964],[78.3292009,24.3294481],[78.3657865,24.3859762],[78.2696896,24.4469392],[78.2749791,24.4739234],[78.2458905,24.4861392],[78.2460165,24.509539],[78.2254185,24.521372],[78.2294432,24.537534],[78.2644694,24.5522023],[78.2779835,24.6147576],[78.2626736,24.6460018],[78.2766967,24.6629931],[78.2261432,24.746912],[78.2357446,24.7717482],[78.2166786,24.8085944],[78.1689705,24.8626199],[78.3338524,24.9954996],[78.3473727,25.0215315],[78.338635,25.0865814],[78.406818,25.1289326],[78.4447609,25.1205779],[78.4273813,25.1541036],[78.4582981,25.163635],[78.3956623,25.1870888],[78.3907383,25.2010146],[78.410952,25.212666],[78.3598,25.2421932],[78.3725142,25.2599069],[78.3501106,25.2773273],[78.3545858,25.2922544],[78.3117342,25.3033006],[78.3437932,25.3284558],[78.3280579,25.3525429],[78.3008012,25.3599315],[78.3054361,25.3770762],[78.3405303,25.3995207],[78.3545445,25.4519791],[78.3771045,25.4368864],[78.4155071,25.4756969],[78.4313025,25.4743011],[78.4193405,25.5329641],[78.4435992,25.5632036],[78.4646937,25.5455086],[78.4933385,25.5786978],[78.5877417,25.5566002],[78.6181362,25.5836626],[78.6307968,25.5789325],[78.624193,25.5673784],[78.6586749,25.5598867],[78.7173291,25.6053292],[78.7421494,25.5969932],[78.8117627,25.6207825],[78.8167042,25.6763215],[78.7999117,25.7050682],[78.7633317,25.7199297],[78.7528558,25.7500024],[78.7828829,25.758483],[78.8082876,25.8009712],[78.8286166,25.7957076],[78.8283102,25.8143382],[78.8062664,25.8130929],[78.8184353,25.8290073],[78.8455512,25.8215549],[78.8571476,25.7918152],[78.8724444,25.801379],[78.8725785,25.835093],[78.8514072,25.8384625],[78.8524062,25.8566465],[78.8730566,25.8751388],[78.8873791,25.8684948],[78.8846391,25.9139295],[78.9389565,25.9426871],[78.9331792,25.9793319],[78.9568143,25.996538],[78.948263,26.0277492],[79.0120632,26.0831848],[78.9488704,26.1286798],[78.9669558,26.1501426],[79.0048954,26.1480498],[79.0044687,26.1692156],[78.9831139,26.1843583],[78.9936657,26.1968917],[79.0258304,26.1917654],[79.0258215,26.220098],[78.9893556,26.234976],[79.0194422,26.2476091],[79.0345985,26.2253705],[79.0634447,26.2259047],[79.0696951,26.2456966],[79.0456441,26.2603073],[79.0770085,26.2806205],[79.0906482,26.2700279],[79.1019288,26.3068153],[79.1174166,26.2989057],[79.1155273,26.3204775],[79.1388308,26.3375134],[79.08417,26.3592697],[79.0952064,26.412636],[79.1259837,26.4112536],[79.1351751,26.4401277],[79.0526164,26.4537383],[79.0681269,26.4966211],[79.0396609,26.5151142],[79.028338,26.5466876],[79.0077436,26.5438697],[78.9897835,26.5784506],[78.9891381,26.595559],[79.0170629,26.601036],[78.9934602,26.6419072],[79.003779,26.673739],[78.9454879,26.6548216],[78.9560559,26.6916804],[78.9125639,26.7068343],[78.8723623,26.6977868],[78.8189903,26.7609418],[78.7719793,26.7586841],[78.7535969,26.7870122],[78.7271928,26.7764702],[78.7236493,26.7971257],[78.684525,26.7887538],[78.6705286,26.7624067],[78.6284461,26.7732292],[78.6129984,26.7524304],[78.5774637,26.7488552],[78.5232304,26.7803146],[78.4616975,26.7881856],[78.4342927,26.8257052],[78.3990484,26.81848],[78.3668774,26.8678639],[78.3042402,26.8624532],[78.2782378,26.8508561],[78.2691369,26.8138429],[78.2252485,26.830647],[78.1773071,26.825592],[78.1672677,26.8154126],[78.1840016,26.7838212],[78.1084021,26.7917386],[78.1025964,26.7654336],[78.123527,26.7468822],[78.0959301,26.7278017],[78.0897314,26.6744674],[78.0004319,26.6948568],[77.9531763,26.6589388],[77.9042594,26.6590635],[77.8942791,26.6147115],[77.8273261,26.596047],[77.8356794,26.5760313],[77.8220113,26.5495782],[77.7459096,26.5387542],[77.7270113,26.5023168],[77.6737165,26.5028343],[77.5383808,26.4112965],[77.4373492,26.4032769],[77.4446769,26.3617615],[77.3745194,26.365721],[77.3425095,26.3520186],[77.2697555,26.2668188],[77.2038889,26.2298668],[77.1347183,26.2329477],[77.0967513,26.1832379],[77.031622,26.1726106],[76.9976137,26.1290667],[76.9006951,26.0931546],[76.8848473,26.0480392],[76.8067798,25.9898081],[76.7890276,25.9410925],[76.7488557,25.9404695],[76.7566152,25.9210109],[76.716332,25.9011593],[76.6402644,25.9076099],[76.6232224,25.8705533],[76.5820528,25.8704213],[76.5210114,25.7935995],[76.5237672,25.7298318],[76.4734258,25.7099185],[76.4794511,25.6842034],[76.5038383,25.6732014],[76.5037587,25.5797721],[76.5166139,25.5266742],[76.555464,25.4825651],[76.5559762,25.4520301],[76.5862728,25.4335589],[76.5984655,25.3923297],[76.6227875,25.3767829],[76.639763,25.3835329],[76.6723943,25.3480909],[76.7338099,25.3519893],[76.7775652,25.3156086],[76.8572848,25.3327846],[76.901539,25.3236347],[76.9294083,25.3031864],[76.9232742,25.2854553],[76.9466178,25.2823325],[76.9737385,25.3004059],[77.0316904,25.2943874],[77.0458973,25.321439],[77.0700509,25.3184929],[77.0836734,25.3365577],[77.2094176,25.3063051],[77.205548,25.3264785],[77.2233687,25.3187909],[77.2339469,25.3337726],[77.2339435,25.3787009],[77.2938034,25.424295],[77.3154588,25.4314693],[77.3709462,25.4083328],[77.3505011,25.3840688],[77.366685,25.3603108],[77.3421215,25.3217707],[77.367607,25.3285975],[77.3778524,25.3157197],[77.3739514,25.2745212],[77.355091,25.263478],[77.4116965,25.2240105],[77.426616,25.1880743],[77.4001433,25.1838806],[77.3930011,25.1592295],[77.390582,25.1233863],[77.4066169,25.1116864],[77.394376,25.1199223],[77.3107479,25.0798451],[77.2700108,25.116094],[77.1744248,25.111809],[77.1671243,25.0846098],[77.1477213,25.0951105],[77.1225716,25.0666539],[77.0848289,25.0542395],[76.9990691,25.0748461],[76.968205,25.0511009],[76.8761587,25.0414003],[76.8760378,25.007064],[76.8567789,25.0024759],[76.8626886,24.9598018],[76.8904879,24.9196892],[76.9204155,24.9167742],[76.9130546,24.8878441],[76.9485633,24.8690715],[76.8978862,24.8382256],[76.8250801,24.8355483],[76.7998778,24.8240133],[76.8019968,24.8101337],[76.8475199,24.7692715],[76.8561298,24.7424864],[76.8894778,24.7472563],[76.9074936,24.7315944],[76.953965,24.7603603],[77.0016634,24.7160393],[77.0316663,24.711316],[77.0649858,24.6438443],[77.0713312,24.5727633],[77.0547104,24.5262774],[77.0368941,24.5278995],[77.0289728,24.4960796],[76.9776095,24.4613838],[76.9184204,24.4806911],[76.9178965,24.5434751],[76.9018661,24.5458508],[76.8843076,24.5214508],[76.8619215,24.5492986],[76.8163891,24.5335833],[76.8530832,24.465892],[76.8373785,24.4097086],[76.8513852,24.3705249],[76.8318849,24.3579681],[76.8410542,24.3224145],[76.862615,24.2733194],[76.9473974,24.2013105],[76.9357677,24.1837266],[76.9162928,24.187855],[76.9006002,24.1274324],[76.8545887,24.1358255],[76.8012869,24.1166729],[76.7579205,24.1682567],[76.6983126,24.1684673],[76.6758852,24.1908467],[76.7027304,24.2431993],[76.6927736,24.2864819],[76.6651316,24.2619343],[76.6176458,24.2588295],[76.6111985,24.238652],[76.5835448,24.2428658],[76.5952318,24.2233208],[76.5642735,24.1909452],[76.5777275,24.1791744],[76.5274239,24.1567343],[76.504535,24.203087],[76.4705099,24.2261504],[76.4522663,24.2093635],[76.4162164,24.2206344],[76.4116826,24.2005062],[76.3572097,24.2397448],[76.3229145,24.2455449],[76.2873604,24.2298605],[76.2823209,24.2073077],[76.2125548,24.2099399],[76.1945657,24.2747333],[76.2046565,24.3009769],[76.1855773,24.3291928],[76.1629485,24.2851004],[76.1366746,24.2707696],[76.1484389,24.2320079],[76.1175796,24.1946573],[76.1266587,24.0887054],[76.0424411,24.0660549],[75.9974632,24.0175699],[75.9633602,24.0186137],[75.9843667,23.9744703],[75.9807019,23.9287873],[75.9374541,23.8967012],[75.886534,23.8791506],[75.8530467,23.887555],[75.7939687,23.867049],[75.7813832,23.8487565],[75.7646131,23.8516768],[75.752794,23.887327],[75.7061089,23.8991003],[75.7015893,23.8728396],[75.7365527,23.8565379],[75.7191299,23.8411571],[75.7215082,23.8116798],[75.6901427,23.8133433],[75.7017965,23.7851564],[75.6867003,23.7559367],[75.6543445,23.7976358],[75.5837228,23.7948687],[75.5891458,23.8097732],[75.5604766,23.8161238],[75.5598142,23.8301963],[75.579736,23.8369821],[75.5620526,23.8583229],[75.4595284,23.919361],[75.4752321,23.9822662],[75.5216071,24.0258276],[75.5956623,23.9899561],[75.6743424,24.0176528],[75.7017504,23.9665786],[75.7175262,23.966839],[75.74114,23.9769169],[75.7422859,23.9927519],[75.7653936,23.9926195],[75.7815169,24.0432585],[75.8367593,24.0570583],[75.8356726,24.0921193],[75.7928566,24.091838],[75.7509592,24.1433323],[75.7774518,24.2099847],[75.8302507,24.233799],[75.813421,24.2455661],[75.8108742,24.2959873],[75.7664805,24.2980102],[75.7398493,24.3321227],[75.7277317,24.3905289],[75.7552864,24.4065342],[75.7476232,24.4242069],[75.7894069,24.4715546],[75.8139718,24.4613624],[75.8098452,24.4340513],[75.8387971,24.4141814],[75.9090622,24.4549885],[75.9116378,24.4919101],[75.8878643,24.508102],[75.920577,24.5216835],[75.9037304,24.5484112],[75.9144158,24.5722427],[75.8783339,24.5834271],[75.86296,24.6099799],[75.8325748,24.5956102],[75.8246535,24.6144544],[75.8473943,24.6478973],[75.8468522,24.6633605],[75.8250585,24.6674384],[75.8331767,24.7323219],[75.8021877,24.7565238],[75.7567443,24.7617611],[75.6833562,24.7253313],[75.6461975,24.6850927],[75.6105148,24.6803727],[75.5829055,24.7133946],[75.5339985,24.7122104],[75.4565618,24.6801282],[75.2643134,24.717823],[75.2282116,24.7176408],[75.2193548,24.7025786],[75.1857497,24.7497697],[75.2128488,24.8000315],[75.2542537,24.8184013],[75.2243663,24.8436325],[75.2772073,24.840691],[75.3094178,24.8010338],[75.4031985,24.8446621],[75.4256505,24.8695379],[75.4170488,24.8859395],[75.3739126,24.8678248],[75.3274049,24.8748957],[75.3091991,24.8560703],[75.2630559,24.8753149],[75.2710063,24.9033947],[75.2941096,24.9082275],[75.2666278,24.9477735],[75.2738718,24.9640931],[75.2852915,24.9647856],[75.3180924,24.8935845],[75.3370272,24.9553456],[75.3120603,24.9965774],[75.3502618,25.0175397],[75.3318427,25.0416007],[75.1986372,25.0332917],[75.1668878,25.0484977],[75.1516526,25.0203233],[75.1685695,25.0059305],[75.1136737,24.9667994],[75.1173368,24.8788504],[75.0552111,24.872071],[75.0331236,24.8443523],[74.9583141,24.8582754],[74.9526282,24.8806728],[74.9315908,24.8753833],[74.9135874,24.890221],[74.902421,24.9300416],[74.88037,24.9373859],[74.8691804,24.9249389],[74.8573166,24.9641934],[74.8332245,24.9600201],[74.8250783,24.9005916],[74.8609159,24.8215723],[74.8615264,24.8043142],[74.8386097,24.798036],[74.8494023,24.7761546],[74.8602905,24.7981119],[74.9147931,24.7688583],[75.0016285,24.7744785],[75.016008,24.7319861],[74.992393,24.7317644],[75.0018148,24.6864777],[74.9602412,24.6777034],[74.9623234,24.6564263],[74.9430697,24.6378059],[74.8891081,24.6338238],[74.7997105,24.7790101],[74.8038747,24.7339877],[74.7797917,24.7323658],[74.7875059,24.7042484],[74.7718278,24.6614744],[74.8142377,24.6658445],[74.814111,24.6500835],[74.7793984,24.6154571],[74.7863129,24.5859326],[74.7434166,24.5712473],[74.7555349,24.5348826],[74.7086147,24.4864283],[74.7772043,24.4604318],[74.8153096,24.4684841],[74.813756,24.4367498],[74.8538746,24.4445233],[74.8551343,24.4241659],[74.7811426,24.33844],[74.7813225,24.2894313],[74.7470621,24.2541651],[74.7656008,24.2397716],[74.8676369,24.2430511],[74.8970935,24.2273244],[74.9070068,24.1998685],[74.880012,24.1734804],[74.8967332,24.157253],[74.9036162,24.1093199],[74.9393975,24.0538677],[74.9823945,24.0252026],[74.9586574,23.970348],[74.9160708,23.931347],[74.9029134,23.8724352],[74.9140706,23.8407108],[74.9040368,23.7939353],[74.9243514,23.7965939],[74.9402536,23.764818],[74.9252256,23.7553629],[74.9363804,23.7295777],[74.9202537,23.7191966],[74.9215868,23.6946865],[74.8995234,23.6822164],[74.9365432,23.6287836],[74.9032335,23.6254021],[74.8469908,23.5520525],[74.8032962,23.5330842],[74.794079,23.5509092],[74.7743136,23.5445667],[74.7615752,23.5211932],[74.7354073,23.5206723],[74.7301616,23.4972124],[74.7026017,23.5047674],[74.6518837,23.4622797],[74.6038866,23.457265],[74.5990674,23.4287497],[74.5723502,23.4206667],[74.5689407,23.3763017],[74.5398166,23.3618656],[74.5352675,23.3308198],[74.5140368,23.3280456],[74.5466691,23.277121],[74.5743658,23.2951696],[74.6385555,23.2554093],[74.6767606,23.2738071],[74.6999554,23.2683656],[74.7151139,23.2366832],[74.6920658,23.2191516],[74.7475219,23.2266531],[74.7421361,23.2089123],[74.7150989,23.1907136],[74.6715441,23.1999599],[74.6066146,23.1425592],[74.5393733,23.1293016],[74.5455139,23.109844],[74.5058633,23.0851413],[74.4638438,23.081793],[74.4322548,23.1048975],[74.386202,23.1115179],[74.3189011,23.0586612],[74.3653233,22.9769662],[74.3394952,22.9528889],[74.3934082,22.8966029],[74.4468328,22.9210812],[74.4764325,22.8548159],[74.4645757,22.8154406],[74.4337834,22.8078993],[74.3790603,22.6344334],[74.2635566,22.6439724],[74.2100331,22.5642589],[74.1832955,22.566488],[74.1895122,22.5535992],[74.1506681,22.5212677],[74.0746385,22.5514019],[74.0411415,22.5417934],[74.0333931,22.4898969],[74.0543692,22.5095564],[74.082517,22.5067846],[74.075325,22.4642954],[74.1041527,22.4645271],[74.0997461,22.4380401],[74.1191121,22.4187615],[74.1492096,22.4556583],[74.1604488,22.4312105],[74.1841259,22.4415388],[74.1934008,22.4754763],[74.2016227,22.43451],[74.2527857,22.4329477],[74.2911784,22.3940124],[74.256735,22.3996523],[74.2432944,22.3760522],[74.2237073,22.3799442],[74.2238798,22.3563651],[74.2040414,22.3667073],[74.1903338,22.3202599],[74.1278609,22.3327359],[74.1050734,22.371815],[74.064766,22.3546066],[74.0715689,22.3359877],[74.0523795,22.2940916],[74.0871828,22.2427948],[74.0721745,22.2191572],[74.1223289,22.2123968],[74.1214421,22.1674007],[74.1338568,22.1605414],[74.1244618,22.097908],[74.1525573,22.1060062],[74.178653,22.0854767],[74.1314073,22.0478312],[74.1401494,22.0403213],[74.0920453,22.0136913],[74.0980065,21.9983142],[74.1504594,21.9867399],[74.1420677,21.9553745],[74.2018495,21.9259176],[74.2824432,21.9336729],[74.3076361,21.9717556],[74.3484216,21.9770007],[74.3871162,22.0199789],[74.4316399,22.0302694],[74.452181,22.0046529],[74.4323306,21.9994035],[74.4393896,21.976724],[74.4887304,21.9561694],[74.5240504,21.9111642],[74.4982107,21.7900887],[74.5139522,21.7656878],[74.5055882,21.7263061],[74.5473673,21.7196027],[74.5542047,21.6813624],[74.7828739,21.6106903],[74.8288583,21.6097933],[74.8627638,21.634455],[74.9016833,21.629238],[75.0150212,21.5696774],[75.0533154,21.5648245],[75.1071648,21.4626949],[75.2147015,21.4095745],[75.2953257,21.4135732],[75.2987402,21.3855673],[75.3571619,21.4008653],[75.3824384,21.3795424],[75.5200544,21.3870164],[75.5437243,21.368528],[75.6069396,21.3918441],[75.6230255,21.3750235],[75.6700903,21.3745793],[75.7284708,21.3886836],[75.8333637,21.3766365],[75.8856136,21.3947091],[75.9106581,21.3825745],[75.9630597,21.3897099],[76.0485857,21.3497337],[76.0965993,21.3717695],[76.1297404,21.2867046],[76.1593611,21.255975],[76.1420362,21.2281635],[76.1656591,21.2216159],[76.176396,21.1839952],[76.1716862,21.1665604],[76.1292607,21.1758218],[76.1114098,21.1611471],[76.1424684,21.1351528],[76.1379281,21.1198531],[76.1708871,21.1039331],[76.1680792,21.0793894],[76.260385,21.090583],[76.2801316,21.0706885],[76.3747665,21.0725531],[76.4131084,21.0885159],[76.4107093,21.1024533],[76.456031,21.1083202],[76.4905949,21.1921514],[76.529332,21.1820767],[76.567311,21.1991214],[76.6234887,21.1850389],[76.6413597,21.2362907],[76.6616463,21.2406564],[76.6626792,21.2806939],[76.6217763,21.3322707],[76.7395448,21.4106041],[76.7439691,21.4392709],[76.7840407,21.4625232],[76.7955048,21.4895772],[76.763445,21.520769],[76.7895198,21.5365536],[76.7814125,21.5647209],[76.7952621,21.5939108],[76.8329054,21.5889541],[76.8544866,21.613315],[76.901617,21.5968439],[77.0732187,21.719454],[77.1651228,21.7107378],[77.1760337,21.7257547],[77.2104244,21.6896451],[77.2269109,21.7167926],[77.287217,21.7219218],[77.2898879,21.7603449],[77.4041741,21.7524234],[77.4790941,21.7699869],[77.4794672,21.7541467],[77.5432257,21.7042775],[77.575517,21.6206392],[77.5771148,21.5551706],[77.5952923,21.5594315],[77.6114816,21.5388206],[77.5752276,21.5264585],[77.4548862,21.5538426],[77.4255574,21.5377404],[77.4421873,21.4699108],[77.4735981,21.4544465],[77.4880575,21.3743587],[77.5145238,21.3759396],[77.5317192,21.4191461],[77.5614613,21.3964566],[77.5634965,21.3693096],[77.5871111,21.3628396],[77.6078482,21.3649373],[77.6049656,21.3907346],[77.6531271,21.3914565],[77.6699085,21.3689235],[77.6919915,21.397565],[77.7099885,21.3574472],[77.7371076,21.3622023],[77.7500412,21.3828275],[77.7967675,21.3890106],[77.8011549,21.4095951],[77.883274,21.3760383],[77.9411888,21.3857716],[78.1762142,21.4997549],[78.1818867,21.5573431],[78.2738559,21.5692548],[78.2664754,21.5917326],[78.3029716,21.5837419],[78.3070505,21.5695734],[78.3427498,21.5890555],[78.3630617,21.5752038],[78.3816154,21.5920375],[78.3726373,21.6134451],[78.387425,21.614839],[78.4271875,21.5992068],[78.424238,21.5444363],[78.4496546,21.4955182],[78.5116449,21.5286901],[78.5701465,21.5142547],[78.5853352,21.4867217],[78.6889102,21.4819708],[78.7284659,21.462293],[78.7508485,21.4929839],[78.7761297,21.4645833],[78.8002569,21.4901552],[78.8908366,21.4852625],[78.8992586,21.5004616],[78.9366924,21.4857667],[78.9443927,21.5158752],[78.9067975,21.5532591],[78.9318633,21.5617601],[78.9137507,21.5709854],[78.9143521,21.5889862],[78.9755219,21.6176379],[78.9980123,21.6185735],[79.012369,21.5994462],[79.0939582,21.5981122],[79.1072064,21.6050267],[79.1005273,21.6176034],[79.1433004,21.6369641],[79.1483129,21.6611749],[79.2240204,21.6488038],[79.2311858,21.722284],[79.3523681,21.6780574],[79.3924871,21.6741197],[79.4221978,21.6918223],[79.4962061,21.674225],[79.517231,21.6257472],[79.503713,21.6145932],[79.5120284,21.5839734],[79.5425077,21.5682268],[79.5406107,21.5426801],[79.6520534,21.5559847],[79.660936,21.5768954],[79.7376286,21.6038563],[79.7920707,21.5865897],[79.8312491,21.5469248],[79.8912446,21.5181866],[79.9184649,21.5245445],[79.9359005,21.5562444],[79.9714828,21.5577177],[79.9968058,21.5336187],[80.0328654,21.556214],[80.0666863,21.5542024],[80.1197089,21.609879],[80.154617,21.606471],[80.1927783,21.6354505],[80.2534472,21.6247545],[80.3771949,21.5222466],[80.4221551,21.4405395],[80.3960352,21.4081072],[80.4075849,21.3802939],[80.4486317,21.3720539],[80.4575569,21.4026843],[80.5276224,21.3948705],[80.5694333,21.3434628],[80.6213379,21.3203687],[80.6713403,21.3384393],[80.7068158,21.4330735],[80.7352742,21.4609196],[80.7275998,21.4961975],[80.7407816,21.5392259],[80.7198145,21.5555307],[80.7289145,21.572575],[80.7163672,21.5990689],[80.7316388,21.62605],[80.7156648,21.6740404],[80.7559915,21.762065],[80.7854326,21.7403079],[80.8197392,21.7480232],[80.8533093,21.8725712],[80.8320527,21.8903515],[80.8476965,21.9325331],[80.8254944,21.9584206],[80.852673,21.9573074],[80.8826942,22.0590345],[80.9219517,22.1199505],[80.9569792,22.110418],[80.9700419,22.0574083],[80.9943909,22.0492418],[81.0052665,22.0615451],[81.0113334,22.0955689],[80.9781433,22.1201052],[81.021913,22.132729],[81.0166578,22.1855291],[81.0316398,22.1996535],[81.0194627,22.2211845],[81.0500614,22.2445505],[81.079549,22.2393777],[81.1187182,22.2912605],[81.1212109,22.3425955],[81.1036631,22.3833676],[81.1111641,22.4375745],[81.1551153,22.4549146],[81.1726923,22.4879085],[81.1976665,22.4895666],[81.1994617,22.4630331],[81.2321909,22.452155],[81.2812693,22.5029542],[81.313728,22.4829212],[81.3265267,22.5261441],[81.3820553,22.5098183],[81.3900599,22.4522642],[81.4067044,22.440951],[81.4286994,22.4568885],[81.4278386,22.4798128],[81.4589274,22.4692925],[81.4466168,22.4697636],[81.4426062,22.4943509],[81.4847101,22.4878301],[81.5222305,22.5390125],[81.5700331,22.5322719],[81.5695494,22.55073],[81.6219425,22.5380155],[81.6290252,22.5633593],[81.6599315,22.5694555],[81.6472545,22.6132642],[81.6833154,22.6469066],[81.7131403,22.6480894],[81.7395284,22.6750868],[81.7526278,22.6444865],[81.7723707,22.6682061],[81.7535928,22.7285159],[81.7943917,22.7664599],[81.7613452,22.8302873],[81.7756831,22.8744368],[81.8616266,22.889261],[81.866114,22.9158106],[81.8782403,22.9098086],[81.9463076,22.9567787],[81.9504814,22.9829269],[81.9215018,23.040814],[81.9422512,23.078965],[82.0341886,23.0800474],[82.0722247,23.1183247],[82.1222495,23.1038014],[82.1613598,23.1431148],[82.1609191,23.1620522],[82.1443524,23.1656481],[82.1452745,23.2267153],[82.1933809,23.2779651],[82.192076,23.3267748],[82.1637288,23.3346724],[82.1457483,23.3611799],[82.1171374,23.3554605],[82.1034126,23.3982357],[82.0640624,23.3929382],[82.0560039,23.3767843],[82.021898,23.387322],[82.0254753,23.4248811],[81.9853343,23.414495],[81.9804045,23.4470404],[81.9549926,23.4671704],[81.957911,23.5007021],[81.9200475,23.5344817],[81.8364251,23.5109078],[81.8206893,23.515242],[81.8090694,23.5493413],[81.7582619,23.5498714],[81.7419662,23.5660445],[81.7416316,23.5660081]],[[79.3811238,25.1217764],[79.3871906,25.0856966],[79.4259113,25.0585889],[79.4096017,25.0338628],[79.3690388,25.0543159],[79.3561071,25.0404694],[79.3511332,25.0688829],[79.3798061,25.0647923],[79.3796912,25.1012223],[79.3505843,25.1169847],[79.3581988,25.1432888],[79.3741963,25.1426037],[79.3638166,25.1256457],[79.3811238,25.1217787],[79.3811238,25.1217764]],[[75.2069611,24.8847088],[75.212801,24.8934742],[75.2237319,24.8740561],[75.2430438,24.8875266],[75.2474212,24.862531],[75.2193545,24.8453192],[75.205965,24.8813755],[75.2069611,24.8847088]],[[79.3544672,25.1758907],[79.3595206,25.188553],[79.3725559,25.1800159],[79.3556326,25.1749722],[79.3544672,25.1758907]]]]}},{"type":"Feature","properties":{"name":"Maharashtra","code":"IN-MH"},"geometry":{"type":"MultiPolygon","coordinates":[[[[73.456344,15.8882325],[73.4558505,15.8893469],[73.4564781,15.8881809],[73.456344,15.8882325]]],[[[73.4590745,15.8867517],[73.458581,15.8874534],[73.4589136,15.8868549],[73.4590745,15.8867517]]],[[[73.4641063,15.8869736],[73.462151,15.890028],[73.4640071,15.8869813],[73.4641063,15.8869736]]],[[[73.4655869,15.899],[73.4651148,15.8994025],[73.4656298,15.8987576],[73.4655869,15.899]]],[[[73.4669387,15.8936602],[73.4657049,15.8957704],[73.4666169,15.8936396],[73.4669387,15.8936602]]],[[[73.6512709,15.7458683],[73.6489534,15.746018],[73.651008,15.745796],[73.6512709,15.7458683]]],[[[73.6523598,15.7458734],[73.6534756,15.7464569],[73.6522686,15.7459354],[73.6523598,15.7458734]]],[[[73.4637147,15.9318821],[73.4631193,15.9326043],[73.4635323,15.9319802],[73.4637147,15.9318821]]],[[[73.4631944,15.9300612],[73.4628242,15.9304275],[73.4631944,15.9299942],[73.4631944,15.9300612]]],[[[73.46635,15.9251304],[73.4657239,15.9252063],[73.4663234,15.9249989],[73.46635,15.9251304]]],[[[73.4573097,15.9949961],[73.4574443,15.994926],[73.4573994,15.9949961],[73.4573097,15.9949961]]],[[[73.4579848,15.9938367],[73.4581362,15.9938996],[73.4580689,15.9939283],[73.4579848,15.9938367]]],[[[73.4563326,15.9874019],[73.4565252,15.9876284],[73.4562681,15.9874819],[73.4563326,15.9874019]]],[[[73.4626243,15.9884994],[73.4625532,15.98821],[73.462686,15.988476],[73.4626243,15.9884994]]],[[[73.4793683,15.9721131],[73.4795259,15.9717728],[73.4794128,15.9720915],[73.4793683,15.9721131]]],[[[73.4601699,16.0234231],[73.4601734,16.0232063],[73.4602294,16.0233778],[73.4601699,16.0234231]]],[[[73.443861,16.0998762],[73.4428298,16.1025957],[73.44381,16.0997113],[73.443861,16.0998762]]],[[[73.4444021,16.0988407],[73.4447813,16.098365],[73.4446128,16.0987293],[73.4444021,16.0988407]]],[[[72.7627536,19.3364954],[72.7635884,19.3371225],[72.7627388,19.3365657],[72.7627536,19.3364954]]],[[[72.790845,19.321248],[72.7980092,19.32043],[72.7913386,19.3214454],[72.790845,19.321248]]],[[[73.0895949,17.8104753],[73.0891281,17.8084453],[73.0894755,17.8102265],[73.0895949,17.8104753]]],[[[72.7636903,19.2856197],[72.7648501,19.2862285],[72.7635375,19.2856891],[72.7636903,19.2856197]]],[[[72.7621784,19.2816087],[72.7620264,19.2802983],[72.7622744,19.2815483],[72.7621784,19.2816087]]],[[[72.7582955,19.2679978],[72.7582352,19.2696542],[72.7582461,19.2678735],[72.7582955,19.2679978]]],[[[72.9656632,18.2988322],[72.9631944,18.300358],[72.9652877,18.2988475],[72.9656632,18.2988322]]],[[[72.9150119,18.5347638],[72.9155892,18.5355466],[72.9150276,18.5348732],[72.9150119,18.5347638]]],[[[72.8636654,18.6326505],[72.8656599,18.6381861],[72.8637153,18.6328005],[72.8636654,18.6326505]]],[[[72.8137135,18.7026096],[72.8123381,18.7061064],[72.8133434,18.7025029],[72.8137135,18.7026096]]],[[[72.84071,18.7042025],[72.8412142,18.7047945],[72.8406563,18.7041873],[72.84071,18.7042025]]],[[[72.8413376,18.7061181],[72.8426304,18.7083563],[72.8414771,18.7064331],[72.8413376,18.7061181]]],[[[72.9304299,18.9671206],[72.9346611,18.9525324],[72.9423872,18.9671679],[72.9304969,18.9668876],[72.9304299,18.9671206]]],[[[74.3305778,21.5524305],[74.320879,21.499454],[74.2530298,21.4686652],[74.2139768,21.4816244],[74.197669,21.4586804],[74.1253567,21.4671076],[74.1010451,21.4483954],[74.0636658,21.4743163],[74.0452337,21.4203325],[74.0071463,21.4235884],[73.9593816,21.3956606],[73.9392972,21.40542],[73.9427304,21.3000304],[73.8808143,21.2665102],[73.8229537,21.2709793],[73.8160014,21.1740075],[73.7847161,21.1844118],[73.7727213,21.1654634],[73.7307715,21.1661837],[73.7325954,21.1420296],[73.6697674,21.1551177],[73.6428809,21.139728],[73.6075187,21.1597403],[73.6075187,21.1792097],[73.5768985,21.1690051],[73.5787868,21.1509953],[73.6176467,21.1427501],[73.618741,21.1187523],[73.6896372,21.1016772],[73.7035632,21.1185521],[73.7288189,21.1000357],[73.744483,21.1151693],[73.7298488,21.0829384],[73.7803602,21.0637568],[73.8077616,21.0849205],[73.7982344,21.0415486],[73.9090848,20.9672504],[73.8881802,20.933607],[73.9180541,20.9071679],[73.9244699,20.8511921],[73.9401394,20.8392956],[73.9315671,20.7608466],[73.9422718,20.7423436],[73.9136204,20.7241783],[73.8743931,20.7293398],[73.8552421,20.6912147],[73.8114095,20.6921532],[73.8393581,20.659204],[73.8382208,20.6208354],[73.7759265,20.6007135],[73.7444334,20.5649218],[73.6948675,20.5784232],[73.6608249,20.5620615],[73.5820363,20.6460737],[73.5515611,20.64798],[73.5206419,20.6748902],[73.4898032,20.6554444],[73.4748566,20.7200929],[73.4496009,20.716765],[73.4330383,20.6663565],[73.3927891,20.6448865],[73.4209844,20.6262012],[73.4298103,20.5950455],[73.4730421,20.5846279],[73.4752429,20.5432981],[73.4936589,20.5375439],[73.4696907,20.5199507],[73.4194046,20.4126296],[73.3798662,20.3933955],[73.3835918,20.3719413],[73.4058487,20.3847895],[73.4134287,20.3566175],[73.4275478,20.2804085],[73.41205,20.265209],[73.416996,20.1985588],[73.3888757,20.192774],[73.3831036,20.2117033],[73.3664578,20.1954172],[73.3579606,20.2133394],[73.3442196,20.1996336],[73.2971603,20.2089169],[73.2831296,20.1979672],[73.2793719,20.1496357],[73.2493472,20.122446],[73.2180492,20.1365096],[73.212356,20.089799],[73.1888892,20.0772823],[73.1925767,20.0500921],[73.1789555,20.0473907],[73.1364225,20.0860034],[73.1116909,20.0741667],[73.1039098,20.0893521],[73.0626816,20.098705],[73.0523255,20.0645479],[73.0397755,20.0672084],[73.0014682,20.1118957],[73.0113924,20.1345217],[72.9978418,20.142298],[72.9773497,20.1126614],[72.9639387,20.1267551],[72.9776287,20.1798947],[72.9625224,20.182805],[72.9623937,20.2100119],[72.8586459,20.2244894],[72.8607273,20.2073136],[72.8385186,20.2088238],[72.8371239,20.1885146],[72.8161061,20.1840839],[72.8243243,20.1421369],[72.7887368,20.1490062],[72.792288,20.1232898],[72.7379143,20.1347534],[72.7268904,20.0836616],[72.707423,20.0699998],[72.7208125,19.9847831],[72.6644111,19.9339728],[72.6826072,19.8821826],[72.6526112,19.8322743],[72.6837766,19.8042385],[72.686255,19.7521284],[72.7102822,19.7026526],[72.7319598,19.5963831],[72.7157995,19.5915441],[72.7189243,19.5391852],[72.7660829,19.5045716],[72.7665496,19.4789428],[72.7441692,19.4600676],[72.7691081,19.393992],[72.7579665,19.375618],[72.7991652,19.3295702],[72.8232568,19.3326909],[72.8296459,19.3124444],[72.7886617,19.308526],[72.7786189,19.2786382],[72.7817899,19.1950878],[72.7967566,19.1965266],[72.7810013,19.1665171],[72.7860052,19.1325423],[72.8042561,19.1454495],[72.8262448,19.096478],[72.8175685,19.0428847],[72.8381297,19.0484251],[72.8313357,19.0225119],[72.8149044,19.0266958],[72.8126531,18.9822052],[72.7916763,18.9488968],[72.8234364,18.9414618],[72.8255072,18.9195774],[72.8048086,18.8991204],[72.8444463,18.9252994],[72.8610948,19.0021132],[72.88374,19.008657],[72.904458,18.9924937],[72.9576221,19.0262926],[72.9697148,19.1262942],[73.002651,19.0008274],[73.0327063,19.0012294],[72.9971444,18.9692149],[72.9554763,18.9733824],[72.927459,18.9276601],[72.9462544,18.9346026],[72.9572931,18.9091957],[72.9075089,18.9011738],[72.9271824,18.8510443],[72.9659772,18.8472944],[72.9884637,18.8655747],[72.9809328,18.8114101],[72.9678307,18.7915061],[72.941521,18.8289848],[72.9152425,18.7916942],[72.8689825,18.8063862],[72.8532225,18.7006279],[72.8663278,18.6480394],[72.9292769,18.5416672],[72.9157589,18.5287679],[72.9058072,18.540512],[72.911518,18.5069838],[72.8947297,18.4635054],[72.9063782,18.4032045],[72.9264361,18.3859322],[72.9145324,18.3547699],[72.9494709,18.338344],[72.9928851,18.2732256],[73.0045474,18.2847731],[73.0285156,18.264474],[73.0666673,18.272869],[73.0617481,18.2508415],[73.0803359,18.232011],[72.9819846,18.2427614],[72.9688377,18.2780915],[72.9357528,18.2812295],[72.9317066,18.2203428],[72.9572707,18.2188346],[72.9811853,18.1956409],[72.9870433,18.1491499],[72.9696143,18.1319296],[72.9992513,18.0739541],[72.990219,18.0560544],[73.0179584,18.029271],[73.0021763,18.0204358],[73.0181918,17.991198],[73.0416155,17.9860397],[73.0298138,17.9446963],[73.0524221,17.9314906],[73.1342107,17.7179426],[73.1156069,17.6807536],[73.1378826,17.6112533],[73.1696024,17.5829378],[73.1377566,17.5564976],[73.1761229,17.5158657],[73.1969798,17.4380829],[73.1676257,17.405131],[73.1776679,17.3873372],[73.2067645,17.3842656],[73.2189202,17.3293673],[73.2419819,17.3173533],[73.2258354,17.2824232],[73.2173431,17.3048877],[73.1933589,17.3119603],[73.1895602,17.2984503],[73.2428616,17.2243329],[73.2451791,17.2030729],[73.2308024,17.1994243],[73.2525766,17.1879142],[73.2664919,17.1124714],[73.2902884,17.0777281],[73.2771295,17.0346027],[73.2574582,17.0484917],[73.2548886,17.0270526],[73.2832557,17.0119001],[73.2712984,16.9869065],[73.2948983,16.9852046],[73.2771161,16.8921194],[73.3003617,16.8921711],[73.2861337,16.8741404],[73.2958084,16.8157307],[73.3176255,16.8062768],[73.3055878,16.7299305],[73.3285099,16.6878047],[73.323757,16.6364026],[73.339861,16.6350611],[73.3317071,16.6200314],[73.3511853,16.6251717],[73.3407891,16.6058745],[73.3529234,16.5970015],[73.3204687,16.6067176],[73.3227324,16.5838403],[73.3450109,16.5717425],[73.3111614,16.5413944],[73.4405136,16.1867437],[73.4656084,16.0718827],[73.4554026,16.0555724],[73.4823469,16.0368045],[73.510522,15.9372094],[73.5866055,15.9102287],[73.6265194,15.8506112],[73.6624825,15.7655749],[73.6543366,15.7428349],[73.6966357,15.7225469],[73.7440837,15.7358308],[73.7856365,15.7256691],[73.825355,15.7423298],[73.8635301,15.798964],[73.8751387,15.7515528],[73.9385891,15.7434984],[73.9442324,15.6990902],[73.9641022,15.6910441],[73.9613557,15.6419857],[73.9909673,15.6119395],[74.0213084,15.6063596],[74.0311145,15.6224996],[74.1134262,15.6459116],[74.0887069,15.6710152],[74.1273737,15.6814689],[74.1242408,15.7214195],[74.1613626,15.75083],[74.2014026,15.7568603],[74.2087166,15.7801827],[74.2361559,15.7845789],[74.241062,15.7444378],[74.3213441,15.7564801],[74.3242303,15.7718166],[74.3487968,15.7666177],[74.3689277,15.78648],[74.3668712,15.8264657],[74.3844231,15.8383079],[74.3392966,15.8537657],[74.3657578,15.8928272],[74.3901016,15.8539182],[74.4069614,15.8542117],[74.3871784,15.9025217],[74.4320266,15.9533777],[74.4648351,16.0421033],[74.430397,16.0590004],[74.3818835,16.0344575],[74.3616243,16.0540227],[74.3722597,16.0769203],[74.42808,16.111558],[74.4829394,16.0883655],[74.491114,16.1027888],[74.4804531,16.1452732],[74.506578,16.1891636],[74.4967658,16.2319805],[74.4160377,16.2582951],[74.4164577,16.2798001],[74.3865749,16.2758027],[74.3736666,16.2944218],[74.3469059,16.2926378],[74.3550836,16.2815042],[74.3272814,16.2689993],[74.3254974,16.2872856],[74.3436628,16.2915428],[74.3184305,16.3258783],[74.3300268,16.3410427],[74.3211066,16.3798456],[74.3385011,16.3914418],[74.3572335,16.3655732],[74.3651662,16.4031596],[74.3380551,16.401254],[74.3342887,16.4533057],[74.2916699,16.4596813],[74.2925495,16.5033902],[74.2644632,16.4766297],[74.2488528,16.4958081],[74.278387,16.5026712],[74.2734534,16.5468567],[74.2849797,16.5234607],[74.3023741,16.5297047],[74.3081098,16.5014165],[74.3234376,16.5565926],[74.3573828,16.5584477],[74.3581256,16.539517],[74.3831635,16.526953],[74.3984864,16.5824328],[74.4678444,16.6055265],[74.4586372,16.648774],[74.49106,16.6297227],[74.5442679,16.6340711],[74.5444221,16.5955896],[74.5600526,16.5931866],[74.5553097,16.5632759],[74.5684331,16.5544455],[74.6313044,16.5783073],[74.6417493,16.611336],[74.6882678,16.6094003],[74.651056,16.6352327],[74.6909439,16.6767473],[74.6914744,16.7164393],[74.7323513,16.7184944],[74.7744392,16.7503809],[74.85042,16.7717688],[74.9222821,16.771485],[74.9030558,16.8624086],[74.9628692,16.8794189],[74.9620933,16.9105649],[74.9219101,16.9294208],[74.932144,16.9450203],[74.9651207,16.9274869],[74.9678921,16.9511495],[74.9956798,16.9526274],[75.0270937,16.9443351],[75.0246977,16.9277986],[75.0907463,16.950638],[75.098197,16.913071],[75.1178472,16.9126558],[75.1355859,16.8749712],[75.1896932,16.873591],[75.1818608,16.8437383],[75.2144196,16.8419542],[75.2844434,16.8803109],[75.2831054,16.9552401],[75.3415793,16.9561723],[75.3915954,16.9813289],[75.4257482,16.9681486],[75.4663753,16.9891588],[75.4892719,16.9452516],[75.5295467,16.9707709],[75.5665514,16.9676916],[75.5675645,17.010308],[75.6068304,17.0064473],[75.6080912,16.9726796],[75.6336593,16.9714276],[75.6394904,16.9563995],[75.6719113,16.9630942],[75.6691003,17.038349],[75.6410622,17.0388547],[75.6484222,17.055718],[75.6783486,17.0628476],[75.6738885,17.1136929],[75.6474424,17.1150864],[75.6267464,17.1627507],[75.6283398,17.1892795],[75.6622922,17.2082474],[75.657386,17.270689],[75.6324094,17.272027],[75.6036615,17.3063115],[75.6099915,17.3450674],[75.5817961,17.3526456],[75.5752945,17.3835489],[75.6142187,17.3947293],[75.6079316,17.4227593],[75.633316,17.4776398],[75.6774899,17.4543589],[75.6868675,17.4121836],[75.7329335,17.4207886],[75.7961731,17.3689588],[75.8152741,17.3764926],[75.8232156,17.4218608],[75.8508286,17.4106794],[75.8594505,17.3853789],[75.8846485,17.418675],[75.8911032,17.3558699],[75.9315896,17.3219672],[76.0141777,17.3536745],[76.0584243,17.356147],[76.0788309,17.3331772],[76.1165643,17.3717944],[76.1625266,17.3450674],[76.1752939,17.3027059],[76.1722898,17.3551033],[76.2443018,17.3804772],[76.2497091,17.3634592],[76.271553,17.3612474],[76.2767029,17.335584],[76.3150263,17.3342526],[76.3118291,17.3471565],[76.3422346,17.3563526],[76.3545513,17.3152433],[76.3807726,17.3162471],[76.4114785,17.3523588],[76.4089036,17.3712209],[76.3632631,17.3786547],[76.3709235,17.4369467],[76.3340163,17.4353704],[76.3308191,17.4708651],[76.374464,17.4938695],[76.3446807,17.4955067],[76.3660097,17.5247284],[76.3413763,17.5438796],[76.3306474,17.5981303],[76.4184522,17.6045526],[76.4277,17.6440639],[76.4873504,17.6582036],[76.4871448,17.7135105],[76.5238949,17.7160142],[76.524352,17.7598986],[76.571821,17.7612916],[76.5802543,17.7055857],[76.6133934,17.7710422],[76.6647248,17.6874487],[76.6884022,17.6798276],[76.6935099,17.6959664],[76.7117638,17.6945004],[76.6992647,17.7283521],[76.7282942,17.7375617],[76.7142707,17.7813196],[76.7619149,17.7873963],[76.7906956,17.8250983],[76.7683474,17.8516986],[76.7384463,17.8560369],[76.7399633,17.8995418],[76.7682525,17.9024125],[76.7738041,17.8784664],[76.8055981,17.8708943],[76.8395874,17.8997937],[76.8841747,17.8942591],[76.9004064,17.9175479],[76.9188657,17.9164193],[76.9056888,18.0098573],[76.9144717,18.0355641],[76.953437,18.041985],[76.9440158,18.0833793],[76.9653511,18.0988631],[76.9179532,18.1241137],[76.9513324,18.1883085],[76.9914136,18.1907033],[77.0077634,18.1600623],[77.0237539,18.1585447],[77.0335734,18.1821781],[77.064272,18.1518068],[77.1120397,18.1569213],[77.0969428,18.1965518],[77.1511832,18.2167321],[77.1747463,18.284758],[77.2135787,18.2807959],[77.1987557,18.3145524],[77.2187546,18.3256376],[77.2254004,18.3651396],[77.2485549,18.374435],[77.2333774,18.3880455],[77.2401978,18.4133307],[77.3150008,18.4412645],[77.3210906,18.4591753],[77.3400931,18.4381545],[77.3661482,18.4507161],[77.3726413,18.4009351],[77.41414,18.3922787],[77.394938,18.3694667],[77.4005827,18.3475285],[77.3563009,18.3208867],[77.3661032,18.3087383],[77.4376829,18.3102948],[77.4477005,18.2698727],[77.4654124,18.2634144],[77.4938724,18.2691931],[77.5131713,18.3101532],[77.549798,18.2918848],[77.5736283,18.3030122],[77.5611475,18.33089],[77.5326605,18.3342643],[77.5189768,18.3578447],[77.5559203,18.4128749],[77.5279568,18.4420082],[77.5974514,18.4480694],[77.5487116,18.4666312],[77.572507,18.469052],[77.5765741,18.4868034],[77.6032385,18.4764113],[77.603686,18.4961779],[77.5853179,18.5044383],[77.5998008,18.5196301],[77.5882403,18.526446],[77.5964893,18.5493057],[77.6340985,18.5425808],[77.6476656,18.5554737],[77.655304,18.5315771],[77.7074507,18.5653034],[77.7383119,18.5568688],[77.7493429,18.5904264],[77.7286147,18.6653556],[77.7518749,18.7011411],[77.7671904,18.7060037],[77.7867865,18.6830003],[77.8420615,18.806929],[77.9479762,18.8304342],[77.9290644,18.8602751],[77.9028743,18.8674389],[77.8851448,18.9058094],[77.8426951,18.9102158],[77.8579172,18.949541],[77.8158766,18.9482767],[77.8201456,18.9798702],[77.7708791,18.9802014],[77.7606043,19.0325884],[77.765561,19.0634024],[77.8001126,19.0509143],[77.80536,19.101748],[77.8498256,19.0891203],[77.8519387,19.1168166],[77.8341389,19.1344041],[77.8601961,19.1801521],[77.8445223,19.1911044],[77.8699521,19.2492157],[77.9075109,19.2685443],[77.8664608,19.2841609],[77.8634021,19.3044391],[77.9498516,19.3385078],[78.0420878,19.2706012],[78.0355011,19.2502543],[78.0511449,19.2394995],[78.079069,19.2551897],[78.0886592,19.2400111],[78.1136237,19.2482778],[78.1397902,19.2301065],[78.1752733,19.2378869],[78.1933203,19.3186795],[78.1587499,19.3602451],[78.1942069,19.4369117],[78.242263,19.4232154],[78.266011,19.4322875],[78.2599625,19.4518648],[78.3080173,19.4555254],[78.2924716,19.5428193],[78.2743567,19.5558671],[78.3029859,19.5699284],[78.30657,19.6064827],[78.2635283,19.6658118],[78.2783911,19.6924952],[78.3123137,19.6916772],[78.3405926,19.7102063],[78.3652486,19.7792434],[78.3577752,19.8052995],[78.3340791,19.8146971],[78.3371277,19.8384388],[78.2861078,19.8474501],[78.3059396,19.9137987],[78.331073,19.9139809],[78.3336148,19.884818],[78.3793432,19.8812218],[78.3865285,19.8461546],[78.4224164,19.81838],[78.4714258,19.8176735],[78.4887286,19.7935454],[78.5051068,19.7947543],[78.5150599,19.8181176],[78.5517096,19.8239212],[78.6984157,19.7882484],[78.7180173,19.7667036],[78.7408376,19.7829281],[78.7833881,19.7792431],[78.8011336,19.7566672],[78.8408422,19.7619107],[78.8604176,19.6895014],[78.8523552,19.6582508],[78.8865069,19.6547154],[78.9049139,19.6699359],[78.9554594,19.6561554],[78.9504279,19.6085214],[78.9728391,19.581429],[78.9368967,19.5640792],[78.9395482,19.5523695],[78.980622,19.5616274],[78.997573,19.5423293],[79.045036,19.5492401],[79.0952372,19.533593],[79.1800582,19.4622062],[79.2229769,19.4683584],[79.204021,19.4942546],[79.2407897,19.5373447],[79.2532038,19.5931285],[79.2440501,19.6171628],[79.298402,19.5961987],[79.3118047,19.5662602],[79.3300705,19.5801729],[79.3657221,19.5769573],[79.4029438,19.5375751],[79.4334423,19.5376067],[79.4718569,19.5015338],[79.5183887,19.5202154],[79.5184513,19.5437628],[79.5397466,19.5555908],[79.5527318,19.5248229],[79.5957132,19.5080353],[79.6245292,19.5712864],[79.7088781,19.5844655],[79.7427312,19.6083848],[79.8146537,19.5756184],[79.8646327,19.5102543],[79.9153925,19.4953837],[79.947701,19.467501],[79.9796506,19.3905344],[79.9606971,19.3327702],[79.9665982,19.303598],[79.9216185,19.2160422],[79.9444005,19.1652651],[79.8763209,19.128592],[79.8569948,19.0950791],[79.8740978,19.0415167],[79.9273869,19.0533325],[79.941395,19.0335292],[79.9617882,18.8637907],[79.9106394,18.8257057],[79.9642315,18.7727146],[80.0213266,18.7685108],[80.0536719,18.7238307],[80.109699,18.6842225],[80.2468436,18.7014936],[80.2728751,18.7237235],[80.2462509,18.7629076],[80.2815548,18.7694335],[80.3538195,18.8210611],[80.3305086,18.8766741],[80.2718354,18.9358097],[80.2743315,18.9920118],[80.3044152,19.0239243],[80.2980753,19.0505139],[80.3294349,19.0698854],[80.3333616,19.1454115],[80.3915408,19.1835984],[80.3932851,19.2459147],[80.4469889,19.264271],[80.4841447,19.3394915],[80.5191713,19.3471737],[80.5779767,19.4018332],[80.6117455,19.3107031],[80.6775426,19.3300562],[80.6927347,19.3153149],[80.689516,19.2864765],[80.7520008,19.2873069],[80.8510923,19.361721],[80.8098506,19.4087211],[80.8126616,19.4329445],[80.8737302,19.4449233],[80.8951449,19.469991],[80.8952737,19.5191036],[80.8551264,19.5242405],[80.834527,19.5666242],[80.7751107,19.5624995],[80.7668066,19.5894695],[80.7197928,19.6149999],[80.6663632,19.6103307],[80.6699145,19.7024556],[80.5535602,19.7644823],[80.5463075,19.8177038],[80.4818058,19.8272317],[80.470047,19.8102345],[80.4853677,19.8014323],[80.4874706,19.7701364],[80.4646825,19.7952544],[80.402069,19.7955371],[80.4031849,19.8166339],[80.4389762,19.8090232],[80.5055379,19.8719164],[80.4908609,19.9013361],[80.4116392,19.9092046],[80.4111242,19.938456],[80.4515934,19.9574564],[80.4893589,19.9305486],[80.5294847,19.9387788],[80.5495262,19.9860535],[80.5567467,20.0704735],[80.5440974,20.0962189],[80.5521441,20.1183534],[80.5315876,20.1306939],[80.4621506,20.1505775],[80.4294276,20.1362341],[80.3949666,20.1549689],[80.3998589,20.1868128],[80.4223466,20.2020175],[80.3954816,20.2446631],[80.4817199,20.2747174],[80.5190134,20.2662432],[80.5496549,20.3082473],[80.6120109,20.3191541],[80.6263876,20.3355932],[80.5918622,20.3929455],[80.6133413,20.4348549],[80.6020117,20.4475622],[80.6263983,20.563277],[80.6171393,20.5846819],[80.6317091,20.5985217],[80.5801463,20.6084638],[80.5207622,20.5807245],[80.4812908,20.6187368],[80.5209767,20.6573117],[80.5876136,20.6847359],[80.5517578,20.763919],[80.5613386,20.830978],[80.546844,20.9349876],[80.4629874,20.9300173],[80.443697,20.9936567],[80.4239988,21.0091216],[80.45228,21.0386647],[80.4389763,21.0964322],[80.4573226,21.1138081],[80.4453921,21.1221951],[80.463717,21.1745277],[80.6143713,21.2270218],[80.6811368,21.3127847],[80.6623721,21.3348523],[80.5991961,21.3271226],[80.5276224,21.3948705],[80.4575569,21.4026843],[80.4486317,21.3720539],[80.412236,21.3767175],[80.3960352,21.4081072],[80.4221551,21.4405395],[80.3771949,21.5222466],[80.2534472,21.6247545],[80.1927783,21.6354505],[80.154617,21.606471],[80.1197089,21.609879],[80.0666863,21.5542024],[80.0328654,21.556214],[79.9968058,21.5336187],[79.9714828,21.5577177],[79.9359005,21.5562444],[79.9184649,21.5245445],[79.8912446,21.5181866],[79.8312491,21.5469248],[79.7920707,21.5865897],[79.7376286,21.6038563],[79.660936,21.5768954],[79.6520534,21.5559847],[79.5406107,21.5426801],[79.5425077,21.5682268],[79.5120284,21.5839734],[79.503713,21.6145932],[79.517231,21.6257472],[79.4962061,21.674225],[79.4221978,21.6918223],[79.3924871,21.6741197],[79.3523681,21.6780574],[79.2311858,21.722284],[79.2240204,21.6488038],[79.1483129,21.6611749],[79.1433004,21.6369641],[79.1005273,21.6176034],[79.1072064,21.6050267],[79.0939582,21.5981122],[79.012369,21.5994462],[78.9980123,21.6185735],[78.9755219,21.6176379],[78.9143521,21.5889862],[78.9137507,21.5709854],[78.9318633,21.5617601],[78.9067975,21.5532591],[78.9443927,21.5158752],[78.9366924,21.4857667],[78.8992586,21.5004616],[78.8908366,21.4852625],[78.8002569,21.4901552],[78.7761297,21.4645833],[78.7508485,21.4929839],[78.7284659,21.462293],[78.6889102,21.4819708],[78.5853352,21.4867217],[78.5701465,21.5142547],[78.5116449,21.5286901],[78.4496546,21.4955182],[78.424238,21.5444363],[78.4271875,21.5992068],[78.3868987,21.6147939],[78.3726373,21.6134451],[78.3816154,21.5920375],[78.3630617,21.5752038],[78.3427498,21.5890555],[78.3070505,21.5695734],[78.3029716,21.5837419],[78.2664754,21.5917326],[78.2738559,21.5692548],[78.1818867,21.5573431],[78.1762142,21.4997549],[77.9411888,21.3857716],[77.883274,21.3760383],[77.8011549,21.4095951],[77.7967675,21.3890106],[77.7500412,21.3828275],[77.7371076,21.3622023],[77.7099885,21.3574472],[77.6919915,21.397565],[77.6699085,21.3689235],[77.6531271,21.3914565],[77.6049656,21.3907346],[77.6078482,21.3649373],[77.5871111,21.3628396],[77.5634965,21.3693096],[77.5614613,21.3964566],[77.5317192,21.4191461],[77.5145238,21.3759396],[77.4880575,21.3743587],[77.4735981,21.4544465],[77.4421873,21.4699108],[77.4223058,21.5174799],[77.4255574,21.5377404],[77.4548862,21.5538426],[77.5752276,21.5264585],[77.6114816,21.5388206],[77.5952923,21.5594315],[77.5771148,21.5551706],[77.575517,21.6206392],[77.5421033,21.7061388],[77.4794672,21.7541467],[77.4790941,21.7699869],[77.4041741,21.7524234],[77.2898879,21.7603449],[77.287217,21.7219218],[77.2269109,21.7167926],[77.2104244,21.6896451],[77.1760337,21.7257547],[77.1651228,21.7107378],[77.0732187,21.719454],[76.901617,21.5968439],[76.8544866,21.613315],[76.8329054,21.5889541],[76.7952621,21.5939108],[76.7814125,21.5647209],[76.7895198,21.5365536],[76.763445,21.520769],[76.7955048,21.4895772],[76.7840407,21.4625232],[76.7439691,21.4392709],[76.7395448,21.4106041],[76.6217763,21.3322707],[76.6626792,21.2806939],[76.6616463,21.2406564],[76.6413597,21.2362907],[76.6234887,21.1850389],[76.567311,21.1991214],[76.529332,21.1820767],[76.4940691,21.193575],[76.456031,21.1083202],[76.4107093,21.1024533],[76.4131084,21.0885159],[76.3747665,21.0725531],[76.2801316,21.0706885],[76.260385,21.090583],[76.1674008,21.0794844],[76.1708871,21.1039331],[76.1379281,21.1198531],[76.1424684,21.1351528],[76.1134803,21.155394],[76.1292607,21.1758218],[76.1716862,21.1665604],[76.176396,21.1839952],[76.1656591,21.2216159],[76.1420362,21.2281635],[76.1593611,21.255975],[76.1297404,21.2867046],[76.0965993,21.3717695],[76.0489762,21.3497204],[75.9630597,21.3897099],[75.9106581,21.3825745],[75.8900303,21.3947088],[75.8333637,21.3766365],[75.7284708,21.3886836],[75.6700903,21.3745793],[75.6230255,21.3750235],[75.6069396,21.3918441],[75.5437243,21.368528],[75.5200544,21.3870164],[75.3824384,21.3795424],[75.3571619,21.4008653],[75.2987402,21.3855673],[75.2953257,21.4135732],[75.2189154,21.4083395],[75.1258301,21.4492612],[75.0533154,21.5648245],[75.0150212,21.5696774],[74.9016833,21.629238],[74.8627638,21.634455],[74.8288583,21.6097933],[74.7828739,21.6106903],[74.5820816,21.664989],[74.5798685,21.6833268],[74.5542047,21.6813624],[74.5473673,21.7196027],[74.5055882,21.7263061],[74.5139522,21.7656878],[74.4982107,21.7900887],[74.5242104,21.910582],[74.4887304,21.9561694],[74.4393896,21.976724],[74.4323306,21.9994035],[74.452181,22.0046529],[74.4316399,22.0302694],[74.3871162,22.0199789],[74.3484216,21.9770007],[74.3076361,21.9717556],[74.2811757,21.9331121],[74.1930803,21.9259711],[74.1446155,21.9529011],[73.8718343,21.841782],[73.7976122,21.8276001],[73.8325131,21.8015732],[73.8247561,21.7593005],[73.8820481,21.7138955],[73.8944506,21.6765921],[73.8878417,21.6535592],[73.7797594,21.6277401],[73.814156,21.6007792],[73.8520717,21.4983559],[73.9055872,21.5243079],[73.9510882,21.5133387],[73.9566457,21.5413637],[73.9822701,21.522598],[73.9749383,21.5429106],[73.9977693,21.5391982],[74.0052795,21.5535282],[74.1367936,21.5474611],[74.1755032,21.5692736],[74.1970253,21.5321125],[74.2298341,21.554067],[74.2355633,21.5398968],[74.2614412,21.540276],[74.2963099,21.5693933],[74.3031764,21.553149],[74.3296122,21.5523108],[74.3305778,21.5524305]],[[74.265697,15.8273185],[74.2942182,15.8303141],[74.314429,15.7906545],[74.2704298,15.7944838],[74.2717998,15.8155753],[74.265697,15.8273185]],[[77.2685623,18.4535269],[77.2767053,18.4766494],[77.3002553,18.4760136],[77.2954367,18.4572397],[77.2721396,18.4515308],[77.2685623,18.4535269]]],[[[72.9316342,18.3207961],[72.9333883,18.3227974],[72.9313123,18.3208419],[72.9316342,18.3207961]]],[[[72.7738226,19.1330445],[72.7734035,19.1338007],[72.7737563,19.1330441],[72.7738226,19.1330445]]],[[[72.905881,18.9581859],[72.8982423,18.9593431],[72.905712,18.9581872],[72.905881,18.9581859]]],[[[73.0836725,17.8143238],[73.0834767,17.8182589],[73.0834123,17.8141655],[73.0836725,17.8143238]]],[[[73.4594308,16.0435546],[73.460404,16.0389382],[73.4595059,16.0436876],[73.4594308,16.0435546]]],[[[73.4638944,16.0460455],[73.463484,16.0461846],[73.4639856,16.0458831],[73.4638944,16.0460455]]],[[[73.4647447,16.0477725],[73.4639078,16.0478911],[73.4648037,16.0476642],[73.4647447,16.0477725]]],[[[73.4613839,16.0518581],[73.4613839,16.0526185],[73.4612739,16.05192],[73.4613839,16.0518581]]],[[[72.7329118,19.4574029],[72.7267809,19.4685706],[72.7324533,19.4574577],[72.7329118,19.4574029]]],[[[72.7255386,19.5321074],[72.7262297,19.5328031],[72.7251551,19.5318647],[72.7255386,19.5321074]]],[[[72.7176678,19.5440699],[72.716985,19.5455879],[72.717492,19.5440663],[72.7176678,19.5440699]]],[[[72.8085748,19.0745842],[72.8092381,19.0797537],[72.8085755,19.0743523],[72.8085748,19.0745842]]],[[[72.7832087,19.1348374],[72.7838524,19.1305802],[72.7832862,19.1347023],[72.7832087,19.1348374]]]]}},{"type":"Feature","properties":{"name":"Manipur","code":"IN-MN"},"geometry":{"type":"Polygon","coordinates":[[[93.3251348,24.048582],[93.3383953,24.0621394],[93.3310997,24.0862465],[93.3539843,24.0913396],[93.3486628,24.1053153],[93.4141785,24.0743502],[93.431476,24.028426],[93.464822,23.997095],[93.465316,23.972085],[93.502778,23.948225],[93.555842,23.97889],[93.59474,23.96197],[93.626484,24.011684],[93.756605,24.006105],[93.810853,23.925344],[93.932078,23.950813],[93.973718,23.923367],[94.022069,23.925905],[94.046393,23.892326],[94.094924,23.885429],[94.116851,23.837881],[94.156096,23.847133],[94.1692047,23.9274479],[94.1900893,23.9330048],[94.202445,23.982037],[94.238196,24.033173],[94.228357,24.055485],[94.240274,24.052852],[94.255378,24.080845],[94.260365,24.164131],[94.276855,24.171061],[94.3219544,24.277196],[94.3221436,24.3289381],[94.3526046,24.3353078],[94.379597,24.377264],[94.362106,24.391799],[94.396102,24.408799],[94.4036999,24.4819958],[94.4226912,24.4829052],[94.4562109,24.5678197],[94.509656,24.59267],[94.541034,24.642682],[94.543742,24.703288],[94.569363,24.705013],[94.580695,24.722012],[94.586361,24.704767],[94.606808,24.711173],[94.62951,24.754053],[94.633165,24.835094],[94.71372,24.930192],[94.697214,24.960987],[94.703619,24.982667],[94.73721,25.00086],[94.737559,25.13495],[94.638729,25.16659],[94.577399,25.21581],[94.5856,25.267766],[94.634427,25.357616],[94.635598,25.395509],[94.660207,25.405275],[94.6816482,25.4568074],[94.6104812,25.4726459],[94.5559573,25.513281],[94.5666969,25.5484818],[94.5510006,25.580237],[94.5930737,25.6351643],[94.5720828,25.6416424],[94.5953536,25.6848164],[94.5702696,25.6918308],[94.5053279,25.613147],[94.468587,25.6150553],[94.4248992,25.5867447],[94.4159621,25.5359507],[94.3184424,25.5029976],[94.2214536,25.4924422],[94.178732,25.5508354],[94.1562732,25.5515276],[94.1397022,25.5194308],[94.1079437,25.5222055],[94.0849733,25.5305975],[94.0826135,25.5562942],[94.0668854,25.5526236],[94.0126462,25.5925323],[94.0079498,25.5673365],[93.962481,25.5516277],[93.8884091,25.5651492],[93.7661447,25.5385723],[93.7614119,25.495604],[93.8009691,25.496679],[93.8052247,25.4625404],[93.7091839,25.357949],[93.6857629,25.36046],[93.6052376,25.1991215],[93.5881519,25.2012232],[93.5535272,25.2469991],[93.501141,25.2426387],[93.5063787,25.269163],[93.471626,25.2716318],[93.4705783,25.3051956],[93.3827805,25.241872],[93.3459163,25.1700577],[93.3323335,25.0937219],[93.2995891,25.0457145],[93.2644415,25.0490776],[93.2433486,25.0171732],[93.2443356,24.9976883],[93.2598066,25.0014805],[93.2492924,24.9790171],[93.2617378,24.962911],[93.2367611,24.9371524],[93.2483053,24.9152611],[93.2266652,24.8731508],[93.1950152,24.8536528],[93.1968605,24.8118721],[93.1493425,24.7866079],[93.1398797,24.8102457],[93.1098604,24.812174],[93.1071192,24.7405222],[93.0729532,24.7072759],[93.1040454,24.6757024],[93.0705929,24.5999482],[93.1041526,24.5817049],[93.0588162,24.5750571],[93.0706787,24.5577798],[93.0536413,24.5513781],[93.0319047,24.4951937],[93.0462421,24.4746788],[93.0330871,24.4296642],[93.0429339,24.4163996],[93.0084844,24.4125008],[93.0258214,24.3908209],[93.0181932,24.3492862],[93.0407667,24.3425025],[93.0070996,24.2845038],[93.0218796,24.2178215],[92.9984521,24.1961643],[93.0060482,24.1612029],[92.9707074,24.1202589],[93.0478692,24.0900272],[93.0792403,24.1014763],[93.0991959,24.0433777],[93.1404376,24.0879213],[93.1653499,24.0737968],[93.1652212,24.052029],[93.2094455,24.0488742],[93.2201314,24.0835333],[93.2500005,24.0808593],[93.2634008,24.0592102],[93.2533049,24.0216243],[93.2869398,24.0527736],[93.3239972,24.0484725],[93.3251348,24.048582]]]}},{"type":"Feature","properties":{"name":"Meghalaya","code":"IN-ML"},"geometry":{"type":"Polygon","coordinates":[[[89.9617316,25.3021183],[89.9807405,25.2809348],[90.0544493,25.2614957],[90.1122726,25.2254014],[90.3301816,25.1938459],[90.3705464,25.1628859],[90.4410581,25.1446386],[90.5090634,25.1754492],[90.6418406,25.1749152],[90.6634091,25.1980425],[90.6661386,25.166028],[90.6744485,25.1766699],[90.6976934,25.1571037],[90.71,25.1681731],[90.7333024,25.1549708],[90.7802861,25.1863026],[90.8049916,25.1664904],[90.8627665,25.1578626],[91.0738743,25.1988049],[91.250751,25.1958698],[91.267892,25.2073482],[91.2865021,25.1854841],[91.4694657,25.1528975],[91.471075,25.1349615],[91.6127066,25.1762609],[91.6016779,25.143311],[91.6213735,25.1436043],[91.6375288,25.1227164],[91.6920353,25.1375774],[91.7040223,25.1600563],[91.7417082,25.1431053],[91.7521903,25.1756664],[91.7753944,25.1630461],[91.914971,25.1823904],[91.9760156,25.168339],[92.0630816,25.1870088],[92.120278,25.168611],[92.146111,25.142222],[92.193056,25.14],[92.2271132,25.0963064],[92.3108572,25.0703474],[92.3331141,25.0798877],[92.3475015,25.0736175],[92.3421854,25.0519497],[92.414251,25.0306475],[92.4640274,25.0360913],[92.4569034,25.0527905],[92.4821591,25.1065855],[92.5392365,25.0986188],[92.5215554,25.1393115],[92.6222026,25.1146002],[92.6629615,25.1762332],[92.8027367,25.2177154],[92.7622032,25.247025],[92.7922225,25.2842243],[92.7824056,25.3340773],[92.7496183,25.3440842],[92.738353,25.3794799],[92.7171636,25.3727235],[92.6731861,25.4143614],[92.6613736,25.4062792],[92.6538849,25.4335763],[92.6388967,25.4174333],[92.6252496,25.4351556],[92.6275456,25.4223268],[92.6063454,25.4132276],[92.5978589,25.4692364],[92.5652003,25.4649163],[92.5759721,25.4921904],[92.6431453,25.5348035],[92.6612528,25.572377],[92.6535844,25.5907557],[92.5945759,25.5519471],[92.5727963,25.5574643],[92.5572395,25.5715755],[92.5542998,25.6142282],[92.5056553,25.6164726],[92.4703574,25.6758773],[92.440381,25.6916375],[92.4432778,25.7204645],[92.4060702,25.7449552],[92.381587,25.7420754],[92.3839474,25.7547347],[92.3330283,25.7246787],[92.2255093,25.7159601],[92.1708298,25.6678368],[92.1567321,25.6730858],[92.1441793,25.7169848],[92.1626973,25.7409543],[92.150917,25.81775],[92.1779966,25.8731542],[92.225579,25.9096481],[92.1546185,25.911501],[92.1513891,25.9435548],[92.1814299,25.9853699],[92.2635698,26.0332726],[92.2796237,26.0684366],[92.1710092,26.0779502],[92.1324505,26.044836],[91.9905351,26.0369198],[91.9186232,25.9968455],[91.9156349,26.0187815],[91.8683426,26.0412678],[91.8789848,26.0970835],[91.8280428,26.1181651],[91.7318037,26.0579255],[91.7195534,25.9518515],[91.6712522,25.9045719],[91.6110849,25.9379784],[91.640954,25.9631765],[91.6263413,25.9875399],[91.6316843,26.021347],[91.5964722,26.0185317],[91.5790915,26.0330316],[91.5020156,25.9182367],[91.5370989,25.9310315],[91.4742493,25.874998],[91.5110063,25.8659236],[91.5276789,25.8913495],[91.5308761,25.8723337],[91.4444066,25.8407986],[91.4189839,25.8546249],[91.335504,25.8409171],[91.2777455,25.7537846],[91.2240769,25.7234976],[91.1921453,25.7435443],[91.1769748,25.7784454],[91.2026684,25.8403525],[91.1964242,25.859085],[91.1790298,25.8425826],[91.1472987,25.8514225],[91.0630668,25.820282],[91.0496865,25.8287563],[91.0786772,25.8528409],[91.0492405,25.8488268],[91.0056138,25.8206184],[91.0277752,25.8880565],[90.9667539,25.8836664],[90.9452533,25.9468929],[90.915883,25.9433812],[90.9141397,25.9131995],[90.881977,25.9491156],[90.8346216,25.9360995],[90.807844,25.9521085],[90.7646227,25.9063283],[90.7577712,25.9205038],[90.7372641,25.915361],[90.7518768,25.9281755],[90.7385038,25.9381378],[90.744866,25.9553168],[90.7150769,25.9552665],[90.6322288,25.9203017],[90.6172943,25.8971019],[90.6043339,25.9172524],[90.6221025,25.9387794],[90.5841057,25.957135],[90.5755962,25.9362389],[90.5126887,25.896104],[90.5333948,25.9505588],[90.4964238,25.997274],[90.4740206,26.0090952],[90.4246688,25.9879063],[90.3998631,26.0116358],[90.3486657,26.0045507],[90.3264141,25.974211],[90.2741861,25.9606299],[90.2085089,25.9616677],[90.1826403,25.9442732],[90.1532035,25.9647897],[90.1164758,25.9569795],[90.0417137,25.8878748],[90.0247621,25.8956349],[90.0071668,25.8821606],[90.0231742,25.8672945],[90.0017166,25.8392949],[89.9483299,25.8263163],[89.9582862,25.7801072],[89.9366998,25.7463662],[89.8930978,25.7441628],[89.9501752,25.6556471],[90.0193548,25.6060627],[89.9724054,25.5729885],[89.8790216,25.549837],[89.8680138,25.5271457],[89.8867678,25.5083427],[89.8395237,25.4497887],[89.814444,25.373889],[89.841472,25.3164142],[89.83085,25.296124],[89.8765547,25.2854994],[89.9067923,25.307881],[89.9491785,25.2929109],[89.959763,25.3024675],[89.9617316,25.3021183]]]}},{"type":"Feature","properties":{"name":"Mizoram","code":"IN-MZ"},"geometry":{"type":"Polygon","coordinates":[[[92.7523152,22.1256156],[92.8113229,22.0955801],[92.8418183,22.0596232],[92.8623736,22.0640013],[92.8645977,22.0253761],[92.8916125,22.0114865],[92.9062797,21.9402494],[92.9300099,22.0179961],[92.9566569,22.0299966],[92.984722,21.991389],[93.003611,21.999722],[92.989444,22.060833],[93.009722,22.1075],[93.0595478,22.1009036],[93.0374324,22.1454973],[93.048981,22.169022],[93.038019,22.1950174],[93.078056,22.211667],[93.128611,22.185278],[93.1573236,22.186836],[93.1419713,22.245452],[93.1991351,22.2553796],[93.1852954,22.428135],[93.1389848,22.4542866],[93.1285448,22.5242519],[93.1064675,22.5277221],[93.1408882,22.5912398],[93.0952775,22.6741602],[93.107327,22.7525638],[93.0953615,22.806921],[93.1105685,22.8180885],[93.1353895,22.911823],[93.1642207,22.9096146],[93.1375492,22.9511056],[93.1404587,22.990758],[93.1194304,23.0049646],[93.1373103,23.060811],[93.1541748,23.0434989],[93.2013934,23.0550412],[93.2397242,23.0076136],[93.2925924,23.0061482],[93.3522232,23.0711836],[93.3388776,23.0743107],[93.3552083,23.1161313],[93.3844938,23.1336196],[93.387078,23.1441792],[93.3679975,23.1441371],[93.3682319,23.1757816],[93.3889082,23.2171731],[93.3691064,23.2502032],[93.3728487,23.3286912],[93.3553657,23.3526817],[93.3875892,23.3596379],[93.4013712,23.3834984],[93.3880377,23.4216486],[93.394236,23.5040475],[93.4183164,23.5402034],[93.4094875,23.5638085],[93.4285174,23.5885723],[93.4163285,23.6480387],[93.4373696,23.6821729],[93.4072477,23.7074928],[93.393458,23.758927],[93.404271,23.79957],[93.3853575,23.8478984],[93.3935543,23.928829],[93.3507483,23.9416671],[93.3284062,23.9850448],[93.3375933,24.0409711],[93.2869398,24.0527736],[93.2533049,24.0216243],[93.2634008,24.0592102],[93.2500005,24.0808593],[93.2201314,24.0835333],[93.2094455,24.0488742],[93.1652212,24.052029],[93.1653499,24.0737968],[93.1404376,24.0879213],[93.0991959,24.0433777],[93.0792403,24.1014763],[93.0478692,24.0900272],[92.9727137,24.1128608],[93.0060482,24.1612029],[92.9984521,24.1961643],[93.0218796,24.2178215],[93.0034947,24.2592409],[93.0406594,24.3410167],[93.0181932,24.3492862],[93.0251884,24.3923648],[93.0071801,24.4122378],[92.9595279,24.3917785],[92.9094028,24.413078],[92.9035234,24.3918958],[92.8601146,24.3987941],[92.8294086,24.3738373],[92.8295012,24.4003879],[92.7994001,24.4194549],[92.7591134,24.5231304],[92.7415221,24.5104576],[92.75406,24.502057],[92.7039941,24.382019],[92.6499581,24.3291491],[92.6218164,24.331554],[92.611911,24.2536678],[92.5506091,24.2472189],[92.5343227,24.1803389],[92.484042,24.1632733],[92.4786025,24.1419906],[92.4354887,24.154233],[92.4184942,24.1924847],[92.4224131,24.2548467],[92.2920656,24.2478059],[92.298814,24.2215963],[92.3238873,24.2065374],[92.3357856,24.1487508],[92.3152077,24.0669103],[92.3309469,23.9905656],[92.3114633,23.9580482],[92.3319018,23.9088694],[92.3205292,23.8640872],[92.2918296,23.8702193],[92.2755861,23.8501246],[92.2859716,23.8156775],[92.2602224,23.8110839],[92.2655021,23.7261109],[92.2914755,23.7001226],[92.2729931,23.6423282],[92.2963391,23.6213381],[92.287182,23.5961416],[92.3017357,23.5924448],[92.3135374,23.5562136],[92.316976,23.4717302],[92.3574344,23.4107555],[92.3565171,23.372022],[92.3789243,23.361917],[92.3642901,23.3230855],[92.3856673,23.3063358],[92.3808769,23.2854548],[92.4041013,23.2405897],[92.3464383,23.2363823],[92.3680429,23.1272054],[92.3580114,23.1031632],[92.3923276,23.0564332],[92.3714788,22.9360965],[92.3961886,22.9310507],[92.4015959,22.9117617],[92.4202212,22.9186397],[92.4330958,22.8863813],[92.4506053,22.8923908],[92.4740871,22.7467356],[92.5129066,22.7334738],[92.528973,22.6654115],[92.5384734,22.575795],[92.5217686,22.5601316],[92.5513158,22.5136163],[92.5520561,22.4090437],[92.5813459,22.3220819],[92.5875954,22.2160269],[92.6109789,22.1384449],[92.6054664,22.1233192],[92.5781972,22.1435487],[92.5625471,22.1282673],[92.6026222,22.0618285],[92.592646,22.0411758],[92.6126152,21.9914299],[92.6041587,21.9775001],[92.634769,21.9834849],[92.6516192,22.0158474],[92.6768937,22.0124056],[92.6952169,22.1536211],[92.7264513,22.1510988],[92.7509416,22.1255997],[92.7523152,22.1256156]]]}},{"type":"Feature","properties":{"name":"Nagaland","code":"IN-NL"},"geometry":{"type":"Polygon","coordinates":[[[95.1507918,26.0864975],[95.1160793,26.1082834],[95.1221824,26.185998],[95.142751,26.2124887],[95.1142196,26.2328253],[95.1273467,26.2536128],[95.1211309,26.3497675],[95.1323104,26.3775105],[95.0997752,26.393984],[95.1039916,26.4205874],[95.0837731,26.4463875],[95.0617576,26.4497976],[95.1138782,26.5177673],[95.1075911,26.5417747],[95.1392627,26.5561518],[95.1541543,26.5828089],[95.148983,26.6159249],[95.2087212,26.6480532],[95.2339339,26.6824637],[95.2099764,26.7293407],[95.2422166,26.7833341],[95.2082384,26.7951238],[95.2027452,26.8456781],[95.1809871,26.8561787],[95.2083993,26.8822489],[95.228076,26.8808517],[95.2322173,26.9025917],[95.1916033,26.9843375],[95.1930088,27.035801],[95.1026988,26.9624507],[95.0165891,26.9212664],[94.9820637,26.9129627],[94.9235541,26.9477065],[94.8737347,26.9177938],[94.8175478,26.8477936],[94.8143291,26.8195516],[94.7951782,26.8166121],[94.8039651,26.8022966],[94.7695684,26.7886784],[94.7595477,26.7675296],[94.7402036,26.7759973],[94.6918067,26.7323371],[94.6222293,26.7129058],[94.6096229,26.7379645],[94.5977998,26.7351283],[94.5939588,26.6969477],[94.5773828,26.7010788],[94.5633173,26.6841509],[94.5622873,26.7049893],[94.5392203,26.7053631],[94.4926035,26.6662809],[94.4600415,26.6616787],[94.465642,26.6329972],[94.4030499,26.6110905],[94.4133818,26.5776372],[94.3957436,26.5270406],[94.3247938,26.4825487],[94.3168437,26.4584425],[94.2896837,26.4799366],[94.2845768,26.5610941],[94.2560542,26.541362],[94.1720152,26.4300368],[94.1771006,26.3822779],[94.1603851,26.3517864],[94.1742039,26.3404414],[94.1052389,26.3201522],[94.0747905,26.2639585],[94.0474534,26.2494103],[94.0317464,26.1976685],[94.001255,26.1722897],[93.9872432,26.0670569],[93.9529753,26.0032586],[93.9772224,25.9151487],[93.9155101,25.8829714],[93.8789892,25.8428097],[93.8377046,25.8574761],[93.7959641,25.8077682],[93.7755257,25.848801],[93.7959856,25.9036985],[93.7680316,25.9716936],[93.7589872,25.9455904],[93.7016321,25.9288762],[93.7028646,25.843447],[93.6481261,25.8240758],[93.6131501,25.771953],[93.5414493,25.7302266],[93.5427474,25.7005706],[93.5228777,25.6963168],[93.4984589,25.6568559],[93.461085,25.6324486],[93.4261411,25.6322116],[93.3588333,25.5546566],[93.3267005,25.5456938],[93.3854306,25.4908588],[93.3899581,25.4596806],[93.4567451,25.4328496],[93.4734857,25.3795082],[93.4482908,25.3407875],[93.4720552,25.3030913],[93.471626,25.2716318],[93.5063787,25.269163],[93.5022998,25.2418817],[93.5556435,25.246074],[93.5955723,25.1984274],[93.6452079,25.2666545],[93.6635864,25.3257473],[93.6808061,25.3290347],[93.6857629,25.36046],[93.7091839,25.357949],[93.8052247,25.4625404],[93.8009691,25.496679],[93.7614119,25.495604],[93.7655,25.5379805],[93.8165474,25.5401811],[93.8354731,25.5613794],[93.9612687,25.551376],[94.0079498,25.5673365],[94.0126462,25.5925323],[94.0668854,25.5526236],[94.0826135,25.5562942],[94.0849733,25.5305975],[94.1079437,25.5222055],[94.1397022,25.5194308],[94.1562732,25.5515276],[94.178732,25.5508354],[94.2214536,25.4924422],[94.3184424,25.5029976],[94.4159621,25.5359507],[94.4248992,25.5867447],[94.468587,25.6150553],[94.5053279,25.613147],[94.5731449,25.6921015],[94.5965874,25.6827666],[94.5720828,25.6416424],[94.59324,25.6358535],[94.5510006,25.580237],[94.5666969,25.5484818],[94.5564937,25.5119641],[94.6104812,25.4726459],[94.6659471,25.4554447],[94.7512791,25.4939069],[94.782863,25.481845],[94.807863,25.495518],[94.844971,25.560366],[94.8989001,25.565629],[94.8821997,25.5913773],[94.9148064,25.6075948],[94.9365166,25.6681337],[95.0028148,25.7288472],[95.0411544,25.7423715],[95.0495316,25.8011235],[95.0088331,25.8670568],[95.0115719,25.898248],[95.0310755,25.9314313],[95.0893424,25.9506196],[95.1589057,26.0250042],[95.1857753,26.0733017],[95.1517112,26.0869089],[95.1507918,26.0864975]]]}},{"type":"Feature","properties":{"name":"Odisha","code":"IN-OD"},"geometry":{"type":"MultiPolygon","coordinates":[[[[86.4096594,19.9791971],[86.3800907,19.963749],[86.4102816,19.9789551],[86.4096594,19.9791971]]],[[[86.3932979,19.9798727],[86.3960445,19.9825649],[86.3929546,19.9798324],[86.3932979,19.9798727]]],[[[86.4029539,19.9908276],[86.4086777,19.9939279],[86.40297,19.9909889],[86.4029539,19.9908276]]],[[[86.4138758,19.9959544],[86.4147127,19.9981926],[86.413511,19.9954705],[86.4138758,19.9959544]]],[[[86.417824,20.0038888],[86.4188862,19.997255],[86.417985,20.0045441],[86.417824,20.0038888]]],[[[86.7890203,20.3877664],[86.7921102,20.4239965],[86.7890203,20.3886011],[86.7890203,20.3877664]]],[[[87.0167646,20.7138938],[87.0022452,20.7088133],[87.0159352,20.7119644],[87.0167646,20.7138938]]],[[[87.0074057,20.7168817],[87.0022774,20.7104792],[87.0055175,20.7134296],[87.0074057,20.7168817]]],[[[86.8036866,20.502883],[86.8021953,20.5190011],[86.8029785,20.5024811],[86.8036866,20.502883]]],[[[87.0572895,20.7439339],[87.0495164,20.7429105],[87.0564097,20.744255],[87.0572895,20.7439339]]],[[[87.0706844,20.7355459],[87.0716822,20.7474004],[87.0695042,20.7351445],[87.0706844,20.7355459]]],[[[87.0747292,20.7457098],[87.0752442,20.7392834],[87.0743215,20.7459205],[87.0747292,20.7457098]]],[[[87.0800507,20.7588728],[87.0931345,20.7485341],[87.0789953,20.7591911],[87.0800507,20.7588728]]],[[[86.9843758,20.8287069],[86.9952885,20.8049289],[87.0224847,20.7938266],[87.009138,20.8288874],[86.9851054,20.8298902],[86.9843758,20.8287069]]],[[[84.6608591,19.0632435],[84.6709013,19.0759591],[84.6594643,19.0933072],[84.6274495,19.0850745],[84.5959496,19.1322957],[84.667452,19.1298883],[84.6709549,19.1659141],[84.7102975,19.1593977],[84.7028625,19.1178307],[84.7658033,19.0788084],[84.8086488,19.1545685],[84.9000511,19.2497347],[85.0855842,19.3782313],[85.0950343,19.4055921],[85.1676676,19.4642479],[85.3766549,19.6012599],[85.6965887,19.7507046],[86.152811,19.8769815],[86.3717008,19.9585052],[86.5279823,20.1758212],[86.583197,20.2220229],[86.6802819,20.2586633],[86.6674608,20.2608382],[86.6709468,20.282398],[86.6799858,20.2674547],[86.7155895,20.2865951],[86.7088786,20.2960946],[86.7919359,20.3487665],[86.8179721,20.4003921],[86.8074631,20.4427569],[86.8089073,20.3764458],[86.7769611,20.3376253],[86.7967719,20.3779431],[86.7292759,20.4049896],[86.7557519,20.5003424],[86.8043746,20.5527014],[87.069397,20.7225314],[87.0070302,20.6998374],[86.9991552,20.7613307],[86.9578493,20.7857972],[86.9737793,20.8471924],[86.959813,20.8448129],[86.8229986,21.1383921],[86.8417123,21.229237],[86.8945786,21.3169968],[86.9794144,21.4099456],[87.0738604,21.4639748],[87.1193165,21.509884],[87.2045106,21.5450311],[87.3662209,21.5516422],[87.3754557,21.5722052],[87.4058264,21.5624538],[87.4847457,21.6099784],[87.4860148,21.6322358],[87.4603704,21.6513973],[87.4691844,21.7325165],[87.4447782,21.7340321],[87.4455533,21.7681643],[87.3850627,21.7767671],[87.3696604,21.7654329],[87.3555165,21.7921733],[87.3385715,21.7847646],[87.2969822,21.8115544],[87.2773779,21.8050052],[87.2342608,21.9010538],[87.2494795,21.9359754],[87.1704137,21.9799379],[87.1614026,21.9349203],[87.0970997,21.9139375],[87.0979317,21.8669217],[87.0330189,21.870379],[86.9997218,21.9132455],[87.0303534,21.9853431],[87.0266956,22.0370857],[86.9647071,22.0857405],[86.8337382,22.0986998],[86.8246214,22.1189219],[86.8064141,22.1197053],[86.7938453,22.1574844],[86.7197107,22.1472815],[86.724962,22.2180201],[86.6555421,22.2364284],[86.6595554,22.2563329],[86.5940451,22.2782357],[86.5821147,22.3014453],[86.5336843,22.2998967],[86.4970135,22.3472974],[86.4317178,22.3069643],[86.3241341,22.3805729],[86.2828941,22.4475943],[86.1169124,22.4869043],[86.0453831,22.5675932],[86.0240894,22.5446252],[86.0265111,22.524004],[85.9729743,22.5053612],[85.95716,22.4650541],[86.0146451,22.4288212],[86.0290861,22.3857638],[85.9982622,22.3405992],[86.0291183,22.3342182],[86.0156858,22.3124234],[86.0483336,22.3090288],[86.0171664,22.2972911],[85.9736718,22.2473418],[86.0312211,22.1900078],[85.9971141,22.1339876],[86.0088729,22.1153025],[85.9434181,22.0204583],[85.9182143,22.0092679],[85.9061819,21.9700317],[85.8993315,21.9823688],[85.825993,21.97488],[85.765779,21.9949038],[85.7955622,22.0806293],[85.8385134,22.0800001],[85.8069777,22.1160181],[85.7551574,22.0773683],[85.683167,22.0548773],[85.6531155,22.0952133],[85.5998361,22.0780498],[85.545133,22.0899812],[85.4230141,22.1583141],[85.3714299,22.1617322],[85.3656578,22.1247248],[85.3259611,22.1280245],[85.2862429,22.0947461],[85.2384703,22.0091661],[85.2197456,22.0178221],[85.2138233,22.0497264],[85.1766801,22.0738089],[85.1723885,22.0507605],[85.1565313,22.0770303],[85.1204824,22.0699314],[85.0973725,22.1062374],[85.0419903,22.1159187],[84.9860072,22.0821007],[84.9813531,22.0933074],[85.0244807,22.1195964],[85.0286436,22.1613347],[85.0534272,22.1821794],[85.0779319,22.2572265],[85.0704002,22.2738475],[85.116663,22.2936827],[85.1178217,22.317525],[85.0927377,22.31554],[85.0954842,22.3448166],[85.0766444,22.354799],[85.086193,22.3948406],[85.059768,22.4487336],[85.0767624,22.4636462],[85.066731,22.4844061],[84.958992,22.4451242],[84.9542843,22.4586065],[84.8861136,22.4199117],[84.8795557,22.4486146],[84.8361683,22.4316575],[84.8105478,22.4526999],[84.7591444,22.4469707],[84.7500264,22.4193996],[84.6687804,22.4188429],[84.6286404,22.4351978],[84.5360666,22.4267882],[84.481194,22.4135677],[84.484241,22.3887895],[84.4312191,22.3732339],[84.4305646,22.3530328],[84.2950779,22.3426576],[84.2485285,22.379742],[84.1977601,22.3773167],[84.1639209,22.4010898],[84.1414737,22.4250867],[84.134438,22.4778038],[84.111784,22.4764355],[84.060173,22.5152925],[84.0034818,22.531942],[83.9828454,22.5228304],[83.9803719,22.5016145],[84.0463328,22.4699122],[84.0464401,22.4385993],[84.0100264,22.372718],[83.9229297,22.3582719],[83.8963222,22.3376519],[83.8645005,22.3430999],[83.7573409,22.2407029],[83.6975813,22.2464725],[83.6467266,22.2222903],[83.5624837,22.106794],[83.6056995,22.0672667],[83.5867738,22.0507208],[83.5427534,22.0564285],[83.5357904,22.0300357],[83.5559421,22.0078476],[83.5360479,21.9797025],[83.5564327,21.9381493],[83.6055601,21.9144219],[83.5743821,21.8748508],[83.5909259,21.8512025],[83.5787058,21.8324205],[83.533237,21.8334961],[83.5421419,21.7996506],[83.4928751,21.818417],[83.4695077,21.788015],[83.4904074,21.7445125],[83.4594655,21.6974481],[83.4338664,21.7002593],[83.420547,21.6817945],[83.4889698,21.6311012],[83.472619,21.6319788],[83.458457,21.6089987],[83.443222,21.6552744],[83.3821964,21.6197711],[83.3706307,21.5583378],[83.3377576,21.5036665],[83.353765,21.4487948],[83.3973455,21.4049505],[83.4044909,21.3512808],[83.3774113,21.3449055],[83.2686423,21.3783579],[83.2566261,21.3194413],[83.2781052,21.2958921],[83.2705736,21.2729789],[83.2476997,21.2826165],[83.2220793,21.2670201],[83.1967592,21.1466126],[83.1306696,21.1067018],[83.0750513,21.1138682],[83.0146479,21.147213],[82.9908514,21.1408888],[83.0025673,21.1698255],[82.9809809,21.170946],[82.9882121,21.1830313],[82.9660892,21.1755682],[82.9651022,21.1930548],[82.9422283,21.1601706],[82.9016197,21.1670942],[82.8831661,21.1480235],[82.8509474,21.1678245],[82.7939343,21.1424999],[82.7560723,21.1664839],[82.6393747,21.1552978],[82.6491487,21.1055208],[82.6115882,21.0764308],[82.6286585,21.0394383],[82.559238,20.9477234],[82.4874163,20.9098647],[82.4862608,20.8616716],[82.464541,20.8293093],[82.4195486,20.8320261],[82.4054478,20.8697695],[82.3640303,20.8702588],[82.3632178,20.8875328],[82.3486115,20.8866388],[82.3415949,20.7667913],[82.3753257,20.6321537],[82.3312779,20.5624703],[82.3577153,20.5290419],[82.3881966,20.5184133],[82.3943711,20.4617557],[82.4191126,20.480576],[82.4368535,20.4366177],[82.3997629,20.3432002],[82.4366775,20.2944025],[82.412565,20.2701774],[82.4207242,20.2068507],[82.3864212,20.1463902],[82.3986559,20.05809],[82.6006623,19.9910175],[82.6408349,20.0058096],[82.7149915,19.9961561],[82.7065372,19.9029098],[82.7236175,19.8754882],[82.7063012,19.833146],[82.6523137,19.8316725],[82.627337,19.7941439],[82.5904083,19.7762749],[82.5752699,19.8333175],[82.5981116,19.8717146],[82.4457621,19.9100923],[82.3608756,19.8627141],[82.3461556,19.8355681],[82.304592,19.8894317],[82.2687578,19.976636],[82.2380412,20.0027193],[82.185148,19.9826354],[82.1714795,20.0056833],[82.1272552,20.0144438],[82.070092,20.0565964],[82.032659,20.0160064],[82.0123386,20.053835],[81.9954299,20.0530691],[81.9459915,20.1055486],[81.8964672,20.049723],[81.8724127,20.047347],[81.8452262,19.9597557],[81.8535518,19.9184446],[81.9683504,19.859808],[81.9856667,19.800968],[82.0652747,19.7894195],[82.0443535,19.7085968],[82.0591915,19.62934],[82.0396221,19.5972928],[82.0504153,19.5491139],[82.0286143,19.5078685],[82.0759391,19.5239574],[82.0999288,19.5165957],[82.1026754,19.4667541],[82.1248626,19.4298485],[82.1897077,19.4268333],[82.1787,19.3791199],[82.1477795,19.3719946],[82.14926,19.3530361],[82.1950292,19.3261685],[82.1790218,19.3197293],[82.1585941,19.2672347],[82.1623277,19.2019169],[82.1862852,19.166279],[82.16496,19.1329964],[82.1747732,19.1177597],[82.1832919,19.1307145],[82.2061229,19.1234567],[82.2062945,19.0969571],[82.2195768,19.0962677],[82.2035694,19.0649775],[82.233696,19.0182239],[82.2467422,18.9196231],[82.1774125,18.9015971],[82.1612763,18.8798944],[82.1657824,18.7978696],[82.1339607,18.7661172],[82.0907878,18.762582],[82.0862174,18.7192801],[82.0316505,18.7235477],[81.9674814,18.6961209],[81.9488239,18.6433378],[81.8943858,18.6572034],[81.8955016,18.6292066],[81.9641661,18.5892264],[81.9481587,18.5697006],[81.9126677,18.5715313],[81.9086766,18.5373765],[81.8688726,18.5240301],[81.8575,18.4926334],[81.7684936,18.4184631],[81.7504691,18.3525705],[81.6582227,18.3457068],[81.6618705,18.3215702],[81.5985703,18.3090626],[81.5306783,18.2648],[81.5075683,18.1891355],[81.5255499,18.1614295],[81.5135121,18.0996408],[81.4803815,18.0484804],[81.4824414,17.9744266],[81.4492035,17.9309062],[81.4461994,17.8868646],[81.3992286,17.8913571],[81.3900232,17.8191577],[81.4158153,17.8132948],[81.4331531,17.8315676],[81.4747166,17.8378896],[81.4921402,17.8122733],[81.5772628,17.8375219],[81.6182899,17.823223],[81.6664409,17.8849043],[81.7021464,17.9004234],[81.7102145,17.8731416],[81.7245483,17.8764908],[81.8111514,17.9521166],[81.9629645,17.9990704],[82.0100426,18.0305667],[82.0080685,18.0572326],[82.0325517,18.0687587],[82.0650816,18.0554985],[82.077291,18.0747764],[82.1334886,18.0597011],[82.1376085,18.0436451],[82.1690225,18.050949],[82.1799445,18.0191197],[82.2645092,17.9961623],[82.2728777,18.0561105],[82.3010248,18.0698704],[82.3080414,18.0449764],[82.3440742,18.057763],[82.3394608,18.148421],[82.362957,18.1347386],[82.3723554,18.1470752],[82.3531508,18.1717866],[82.3158359,18.1840594],[82.3114586,18.2043424],[82.3371005,18.223502],[82.3247623,18.2319805],[82.3443961,18.2802346],[82.3768186,18.2804588],[82.3926973,18.2978783],[82.3893392,18.3284041],[82.3573565,18.3160396],[82.3393535,18.3259496],[82.3855519,18.3674168],[82.3657036,18.422209],[82.4821114,18.5484435],[82.5048566,18.5136533],[82.5323438,18.5112523],[82.5342321,18.4776757],[82.519083,18.4662581],[82.5394249,18.4439296],[82.5423217,18.4573637],[82.5617837,18.4476547],[82.5411415,18.4008317],[82.5950002,18.3890222],[82.6209211,18.3599021],[82.6022529,18.3514299],[82.6093339,18.3278033],[82.5820827,18.3150517],[82.5983906,18.3044382],[82.5877261,18.2759763],[82.6373791,18.2366679],[82.6520669,18.2495475],[82.6423359,18.3017287],[82.6671409,18.2983265],[82.7750945,18.3401363],[82.7992773,18.407347],[82.783184,18.4293342],[82.8037834,18.4494866],[82.8514623,18.4207025],[82.8949785,18.4241226],[82.8913402,18.3752751],[82.9386065,18.358548],[82.9691362,18.359169],[83.0208385,18.3914961],[83.0567693,18.381203],[83.0771327,18.4033157],[83.0577457,18.419145],[83.0672621,18.430006],[83.0426287,18.4243669],[83.0211282,18.4558575],[83.0951786,18.5461447],[83.0453217,18.5438866],[83.0299044,18.5735348],[83.0525958,18.6010323],[83.0242342,18.5894145],[83.0006468,18.6078654],[83.0134356,18.6462858],[83.0580246,18.6654064],[83.0728304,18.7055719],[83.1383514,18.785082],[83.206501,18.7513867],[83.2121444,18.7303149],[83.2245684,18.7751377],[83.2713354,18.7644715],[83.2847357,18.7980931],[83.3298397,18.8065939],[83.3670366,18.8436492],[83.3784628,18.8306518],[83.4054565,18.8424105],[83.4147048,18.8746967],[83.3818531,18.8917105],[83.3923888,18.9087631],[83.3597302,18.9147311],[83.3523488,18.9434923],[83.3699655,18.9419093],[83.3706736,18.9262605],[83.387475,18.932918],[83.3517909,18.9673987],[83.348465,18.9264128],[83.3262241,18.9323193],[83.3389485,18.9537108],[83.3106887,18.9989609],[83.3388948,18.9969725],[83.3428323,19.0180211],[83.3676052,19.0163068],[83.3725834,19.0022577],[83.4005964,19.0094498],[83.4616864,18.9547458],[83.4677696,18.9910785],[83.4500026,19.0098251],[83.4826612,19.0151201],[83.4623837,19.0637505],[83.478359,19.0793457],[83.4679842,19.0931348],[83.4829402,19.0927699],[83.5006535,19.0605461],[83.5115754,19.0702504],[83.5192358,19.0392393],[83.4964049,19.0356693],[83.5008037,19.0208206],[83.5366702,19.0095411],[83.5575378,19.0560842],[83.54918,19.0805321],[83.5602522,19.0870718],[83.5638571,19.0573619],[83.5844618,19.0574735],[83.5855239,19.0864128],[83.6104631,19.0964299],[83.598361,19.1306537],[83.6259126,19.1627219],[83.7000382,19.0254964],[83.7298643,19.0219363],[83.708514,19.0061328],[83.7332117,18.9880147],[83.7539184,18.9249615],[83.7879181,18.9158476],[83.7460971,18.9897799],[83.794719,19.0180182],[83.8224448,18.961574],[83.8246115,18.9178897],[83.8479486,18.9125794],[83.8447953,18.8733097],[83.8931894,18.8144849],[83.915602,18.8279608],[83.9500952,18.8051416],[84.0384793,18.8164145],[84.0895378,18.7568016],[84.2263091,18.7987939],[84.2619502,18.7832841],[84.2886543,18.8046744],[84.3213344,18.7865447],[84.3445516,18.8018205],[84.3310439,18.8179581],[84.3637669,18.836582],[84.3369341,18.8901472],[84.3736267,18.8608895],[84.3836474,18.8739556],[84.3606233,18.8947455],[84.3932712,18.8764022],[84.3987429,18.8896295],[84.3784869,18.9033836],[84.4190204,18.8973847],[84.4181192,18.9183544],[84.42873,18.909636],[84.4385791,18.9210135],[84.425962,18.9527164],[84.4524729,18.976175],[84.421134,19.0221594],[84.4789517,18.9884509],[84.4945514,19.0291883],[84.5728612,19.0736169],[84.5942223,19.0222],[84.6183515,19.0658699],[84.659754,19.0630812],[84.6608591,19.0632435]]]]}},{"type":"Feature","properties":{"name":"Puducherry","code":"IN-PY"},"geometry":{"type":"MultiPolygon","coordinates":[[[[82.2997447,16.7128402],[82.3137136,16.7280681],[82.3057523,16.7483444],[82.2893652,16.7261281],[82.2586414,16.7200624],[82.2169464,16.7334528],[82.2283218,16.7617041],[82.205388,16.7343943],[82.1862724,16.7365638],[82.2014224,16.7184086],[82.2962844,16.7068395],[82.2997447,16.7128402]]],[[[75.537837,11.6942539],[75.5359435,11.7094003],[75.5375193,11.6938575],[75.537837,11.6942539]]],[[[79.6886953,11.9712444],[79.6573077,11.9562137],[79.6799642,11.9466538],[79.6907952,11.9696418],[79.6886953,11.9712444]]],[[[79.6750085,11.8057765],[79.6812436,11.796741],[79.6908476,11.8088287],[79.6756137,11.8076696],[79.6750085,11.8057765]]],[[[79.6866544,11.9821529],[79.7203287,11.9963667],[79.6876084,12.0348107],[79.6602301,11.9990377],[79.6609933,11.9849193],[79.6832202,11.9837746],[79.6866544,11.9821529]]],[[[79.6931884,11.8157507],[79.7039515,11.812439],[79.6940163,11.821215],[79.6931884,11.8157507]]],[[[79.6966318,11.8662303],[79.6995202,11.874013],[79.69663,11.8705351],[79.6966318,11.8662303]]],[[[79.6292204,11.8550418],[79.6519399,11.8506866],[79.6617715,11.8643993],[79.6387448,11.8866505],[79.6001944,11.8845806],[79.5996769,11.8612946],[79.6263258,11.8700916],[79.6278782,11.8556025],[79.6292204,11.8550418]]],[[[79.7942371,12.0186554],[79.8037554,12.0257202],[79.7873462,12.0280067],[79.7924821,12.0187736],[79.7942371,12.0186554]]],[[[79.8500873,12.0509816],[79.8422702,12.0124773],[79.8588485,12.0088112],[79.8745961,12.0418114],[79.853932,12.0496059],[79.8500873,12.0509816]]],[[[79.6437676,11.8274105],[79.6715174,11.8136144],[79.6625757,11.8379555],[79.6480042,11.8440822],[79.6455656,11.8322714],[79.6437676,11.8274105]]],[[[79.8068027,11.8319533],[79.7693021,11.8222592],[79.7393311,11.8414671],[79.7380064,11.8071909],[79.7163147,11.7896388],[79.7535714,11.7752328],[79.7626787,11.7893076],[79.7962922,11.7851444],[79.8066348,11.8314179],[79.8068027,11.8319533]]],[[[79.7995269,10.9822814],[79.747889,11.0023764],[79.7620725,10.9606998],[79.7212815,10.9685574],[79.7202515,10.9519361],[79.7361946,10.9536004],[79.7234273,10.9298783],[79.7625339,10.9139817],[79.7562039,10.8918263],[79.7904289,10.9085879],[79.7832942,10.8890238],[79.8288059,10.8840931],[79.8113393,10.8803844],[79.8248577,10.8649594],[79.8080349,10.8555607],[79.8288274,10.8495757],[79.8309302,10.8277421],[79.8514695,10.8277759],[79.8514491,10.99403],[79.8154485,11.0029346],[79.7994304,10.9826816],[79.7995269,10.9822814]]],[[[79.7554194,11.8682683],[79.7697961,11.8746327],[79.7662781,11.8405629],[79.8007102,11.8554613],[79.8080003,11.8363754],[79.8410201,11.9581587],[79.815378,11.9797716],[79.8049815,11.9533063],[79.7846842,11.959942],[79.7504425,11.9200639],[79.7448111,11.9648173],[79.7237974,11.9759835],[79.7605942,11.9895703],[79.7472507,12.0076565],[79.6915305,11.9513866],[79.7110891,11.932965],[79.7097158,11.9498437],[79.7210123,11.9453174],[79.7175399,11.9289427],[79.7405251,11.9057124],[79.7110784,11.8909423],[79.7063736,11.9136351],[79.7186636,11.9185832],[79.6962248,11.9191299],[79.6953861,11.8948164],[79.673785,11.8845171],[79.709494,11.8893127],[79.7196346,11.8530344],[79.7338889,11.8655938],[79.7525239,11.8487766],[79.7545409,11.8667734],[79.7554194,11.8682683]],[[79.7813441,11.9029649],[79.7968174,11.9001752],[79.7850628,11.8629057],[79.76928,11.9005785],[79.7803412,11.9042051],[79.7813441,11.9029649]]],[[[79.6211091,12.0145524],[79.6292495,11.9537693],[79.6182632,11.925932],[79.6364808,11.9012833],[79.6689462,11.9183844],[79.6701693,11.9356314],[79.6579599,11.948878],[79.6427463,11.9420553],[79.6368027,11.9985633],[79.6513294,12.0229933],[79.6252799,12.0317866],[79.6238422,12.015144],[79.6211091,12.0145524]]],[[[75.5496264,11.730788],[75.5362012,11.762105],[75.5304001,11.7084629],[75.5500169,11.7305533],[75.5496264,11.730788]]]]}},{"type":"Feature","properties":{"name":"Punjab","code":"IN-PB"},"geometry":{"type":"Polygon","coordinates":[[[76.2892398,31.306222],[76.1882972,31.3008483],[76.1798858,31.3396362],[76.1501025,31.3537836],[76.1675262,31.4120366],[76.0571479,31.5829958],[76.0575342,31.6050747],[76.0172367,31.6329217],[75.93647,31.8150553],[75.9856081,31.8201059],[75.9072383,31.951747],[75.7806014,32.0052375],[75.7426643,32.0404584],[75.7237804,32.0335689],[75.6562328,32.0791566],[75.5940485,32.0702472],[75.6007589,32.0930949],[75.6721582,32.158123],[75.6616545,32.1918568],[75.6243386,32.1898925],[75.6366812,32.2307148],[75.6173853,32.2360951],[75.77116,32.2911234],[75.8125304,32.3309482],[75.8066939,32.3429865],[75.8448028,32.3568358],[75.8515834,32.3834408],[75.8753507,32.3951709],[75.9341097,32.3919208],[75.8997344,32.4519108],[75.8317442,32.5105677],[75.7785529,32.4663231],[75.7281589,32.4531058],[75.7418918,32.4317736],[75.7269573,32.432317],[75.7214641,32.4052553],[75.5608749,32.3579595],[75.538001,32.3337403],[75.5337095,32.2773729],[75.5090761,32.2840488],[75.5110931,32.3086803],[75.4828334,32.3199962],[75.489335,32.3455063],[75.4310131,32.3155535],[75.3414702,32.345325],[75.3208022,32.2972452],[75.3814778,32.2687872],[75.3723168,32.2257778],[75.3162201,32.208041],[75.3223126,32.1793277],[75.2853963,32.1516305],[75.2612419,32.1013334],[75.231364,32.0913923],[75.2354899,32.1034641],[75.2237526,32.0981354],[75.2156733,32.1211456],[75.2026134,32.1201277],[75.1983412,32.0827894],[75.1742722,32.067671],[75.1229146,32.0814668],[75.1048834,32.0586799],[75.0687101,32.0671757],[75.0124113,32.0356792],[74.9336364,32.0656466],[74.8794267,32.0537513],[74.8687842,32.0418598],[74.8799868,32.0318747],[74.8288604,31.9991808],[74.8190064,31.9587078],[74.7553938,31.9558218],[74.7563699,31.9437414],[74.7199374,31.9414469],[74.7190553,31.9237667],[74.6667139,31.9225945],[74.6362472,31.8842228],[74.6073929,31.890079],[74.6066071,31.8684918],[74.5579129,31.8047856],[74.5594188,31.7578568],[74.5038997,31.740302],[74.4882673,31.7203481],[74.535112,31.6776251],[74.5554712,31.6079079],[74.6158901,31.5690396],[74.6128569,31.5272547],[74.5842205,31.5207521],[74.5753597,31.5009072],[74.6366854,31.484739],[74.6277733,31.4768641],[74.6522362,31.4572079],[74.638629,31.4441692],[74.6546712,31.4259095],[74.6012549,31.4199341],[74.5834885,31.3790117],[74.5517374,31.3643995],[74.5487826,31.3348456],[74.5263732,31.3124266],[74.5420956,31.3037281],[74.5211302,31.2720819],[74.5326994,31.2494028],[74.5171691,31.2283995],[74.5260891,31.2119102],[74.5104074,31.1319629],[74.5484989,31.122039],[74.5605797,31.0825897],[74.6073603,31.0948003],[74.6032834,31.1336728],[74.6310067,31.1326994],[74.6363496,31.1181331],[74.6591806,31.1338198],[74.6890926,31.1279422],[74.7024178,31.0917134],[74.6670556,31.0521435],[74.5969856,31.0376201],[74.5691539,31.0588763],[74.5477617,31.0322421],[74.5457125,30.9921141],[74.4164943,30.9403476],[74.4138336,30.9295989],[74.4287681,30.9311082],[74.4102716,30.9234326],[74.4228351,30.9077573],[74.3659723,30.8929724],[74.3609512,30.8736456],[74.3821849,30.8603417],[74.3204391,30.8465501],[74.2947864,30.7944007],[74.3018353,30.7793495],[74.2611301,30.7746484],[74.2865145,30.7355282],[74.2324339,30.7244279],[74.1933857,30.6651251],[74.1488193,30.6314523],[74.127416,30.6347559],[74.1179647,30.6078866],[74.0959741,30.6114269],[74.1019664,30.5791641],[74.0734945,30.5546404],[74.0909172,30.5493936],[74.0723421,30.5228881],[74.057401,30.5186495],[74.0392574,30.542547],[74.0310718,30.5268725],[74.0119286,30.5336249],[74.0199764,30.5141465],[73.9820295,30.5039728],[73.9637274,30.4847875],[73.9641839,30.4564335],[73.9346566,30.4901599],[73.9265058,30.4389133],[73.9738169,30.4439521],[73.8798336,30.3597616],[73.9309504,30.3201418],[73.9597455,30.2700728],[73.9751827,30.1205392],[73.9035527,30.0491606],[73.8860631,30.0113957],[73.8942278,29.9735785],[74.5312709,29.9496901],[74.559599,29.9262165],[74.6414356,29.9038122],[74.7068664,29.9770615],[74.7304496,29.9618586],[74.8114555,29.9930427],[74.8541106,29.9569418],[74.8889245,29.9660522],[74.8968411,29.9399996],[74.9278159,29.9507645],[74.9490858,29.9053418],[74.9782246,29.894386],[74.9925316,29.8679631],[75.0226242,29.8668051],[75.0489493,29.8856205],[75.0697423,29.877888],[75.0903922,29.9172471],[75.113665,29.878715],[75.0896291,29.8566723],[75.1181002,29.8316047],[75.1015517,29.8066963],[75.1354595,29.8077308],[75.1418977,29.7847618],[75.1615461,29.778967],[75.1650752,29.8244886],[75.1919151,29.841105],[75.2112871,29.8326182],[75.2095226,29.7941156],[75.2423573,29.7545837],[75.2313409,29.7326585],[75.2096895,29.7391393],[75.200676,29.7266951],[75.202679,29.6826206],[75.1675551,29.6696721],[75.1877758,29.651873],[75.1846044,29.6275418],[75.2358953,29.6029973],[75.2225659,29.5807073],[75.2370876,29.5429378],[75.3092108,29.560465],[75.3192449,29.5873673],[75.290367,29.6076681],[75.2954631,29.6241187],[75.3165191,29.6310553],[75.3330716,29.6730769],[75.3592236,29.6614747],[75.3463451,29.6955567],[75.3903138,29.7138801],[75.4060366,29.7610113],[75.4541533,29.7826142],[75.4581828,29.8071262],[75.5180718,29.7760995],[75.5224173,29.7586449],[75.5367575,29.7732878],[75.5633442,29.769413],[75.5791855,29.7403984],[75.6280923,29.7493163],[75.6435386,29.7758938],[75.6779471,29.7760653],[75.7064103,29.7538264],[75.7216788,29.8137074],[75.836341,29.8148385],[75.8692287,29.7497278],[75.9066001,29.7542208],[75.9368804,29.7322172],[75.9817958,29.7267155],[76.0254699,29.7556931],[76.0447498,29.7440197],[76.0971635,29.8103734],[76.1213415,29.7911429],[76.1449432,29.8193311],[76.1843195,29.8232472],[76.1968287,29.8444917],[76.2197542,29.8382243],[76.2425851,29.8522203],[76.246233,29.8762064],[76.1913442,29.8868112],[76.1719894,29.9281595],[76.2093257,30.0049698],[76.2305259,30.0144833],[76.2146553,30.032387],[76.2537002,30.0898901],[76.2164068,30.1109047],[76.223917,30.1279432],[76.2087249,30.1567424],[76.3211631,30.0955712],[76.3598299,30.1202595],[76.333909,30.1385583],[76.3479852,30.1469828],[76.3628768,30.1204822],[76.3989687,30.1169557],[76.3918662,30.1355891],[76.4103842,30.1460921],[76.3878751,30.172122],[76.4216065,30.193323],[76.4407253,30.1674842],[76.4292455,30.1507865],[76.4601016,30.1299475],[76.461668,30.1036281],[76.5053773,30.0912083],[76.5096296,30.0714441],[76.5439804,30.0764489],[76.6437439,30.1502113],[76.6032457,30.1958082],[76.6382217,30.1968839],[76.6370201,30.1714727],[76.6556882,30.1873879],[76.6528558,30.2031893],[76.6156482,30.2109778],[76.626892,30.2263304],[76.595993,30.2390854],[76.5966367,30.2568431],[76.5474987,30.224328],[76.5572834,30.2645903],[76.6237163,30.2669254],[76.6888189,30.3285829],[76.7458534,30.3508797],[76.7451667,30.3684321],[76.7194604,30.3653218],[76.7307043,30.3812056],[76.7134523,30.3908679],[76.7422485,30.4273983],[76.777246,30.4417551],[76.7890262,30.4159817],[76.8237662,30.4128544],[76.8469405,30.4383788],[76.8823671,30.4088572],[76.8962717,30.3608042],[76.9390583,30.3950509],[76.9112491,30.4003627],[76.9062758,30.4347424],[76.8868038,30.4290498],[76.9122147,30.4684464],[76.8990934,30.4885571],[76.9305181,30.500751],[76.9318485,30.5222322],[76.886487,30.5509526],[76.9160717,30.5540854],[76.9095793,30.5916934],[76.9252694,30.6098999],[76.8709048,30.6427673],[76.876316,30.6808089],[76.8511676,30.6577016],[76.831693,30.6646549],[76.831542,30.6830602],[76.807099,30.6658737],[76.7769295,30.6703264],[76.7364293,30.6923257],[76.7312327,30.7217983],[76.7071672,30.7431082],[76.7064035,30.7579393],[76.7676973,30.7944099],[76.7837751,30.7880826],[76.7824065,30.7704633],[76.8142497,30.7801883],[76.8147296,30.7589594],[76.8400782,30.7602359],[76.8570041,30.7951565],[76.8454599,30.835146],[76.814795,30.8429234],[76.7393297,30.9289656],[76.7384489,30.949348],[76.6254136,30.9982932],[76.6113497,31.0471758],[76.6377304,31.1077016],[76.6007799,31.1255004],[76.6116554,31.1483796],[76.5999501,31.1794745],[76.6454345,31.2091271],[76.6396505,31.2219344],[76.5929608,31.2113216],[76.610606,31.2513065],[76.5889364,31.2727764],[76.5494728,31.2529464],[76.5427938,31.282454],[76.5260839,31.2574772],[76.5240025,31.2784592],[76.5016651,31.2669967],[76.4790916,31.3081452],[76.4398884,31.2790185],[76.4634919,31.3017834],[76.4334297,31.3259633],[76.3732329,31.4372998],[76.3679861,31.4043864],[76.3310698,31.401632],[76.3288601,31.3789746],[76.3544011,31.3451341],[76.3069749,31.3424961],[76.3215018,31.3218206],[76.2892964,31.3065628],[76.2892398,31.306222]]]}},{"type":"Feature","properties":{"name":"Rajasthan","code":"IN-RJ"},"geometry":{"type":"MultiPolygon","coordinates":[[[[77.6443148,27.2436006],[77.6169061,27.2569377],[77.621541,27.2749049],[77.5988653,27.2971664],[77.6217556,27.3137478],[77.6226577,27.3362047],[77.5838231,27.3212301],[77.5070428,27.3778649],[77.4404421,27.3902097],[77.4213434,27.42212],[77.4377466,27.4562111],[77.4015175,27.4757725],[77.3829795,27.5158137],[77.3405155,27.525471],[77.33662,27.5700078],[77.3580848,27.5887851],[77.3171138,27.6068548],[77.3526206,27.6509953],[77.3410063,27.703479],[77.3035981,27.7097313],[77.3188333,27.7365205],[77.3104776,27.7880671],[77.2680504,27.8154086],[77.2382825,27.7850928],[77.2023503,27.8239678],[77.1770024,27.7854512],[77.1686218,27.7914788],[77.1888078,27.8097303],[77.1602217,27.8171882],[77.1576985,27.7872968],[77.1339991,27.7759371],[77.1225647,27.7942478],[77.1094055,27.7856015],[77.0446955,27.821482],[77.0268731,27.7785935],[77.0759326,27.7661589],[77.0853229,27.73778],[77.0588129,27.7263585],[77.0358162,27.7482392],[77.0002353,27.7368188],[76.9795383,27.6533912],[76.9432867,27.6734196],[76.9113469,27.6552018],[76.8904583,27.6993267],[76.9242186,27.6999771],[76.8936203,27.7343876],[76.9200346,27.8054643],[76.9152755,27.8336843],[76.934631,27.8291651],[76.9428076,27.8439084],[76.9382082,27.8962562],[76.9519423,27.91624],[76.9320758,27.9226747],[76.9322036,27.9951792],[76.9704674,28.1387465],[76.9072905,28.1715816],[76.892215,28.1842511],[76.9072905,28.1996214],[76.871518,28.2062643],[76.8727317,28.2192674],[76.8086545,28.2106468],[76.8125188,28.1906999],[76.7928662,28.1840825],[76.7960128,28.1488966],[76.7434931,28.1209875],[76.7165744,28.1273315],[76.6879512,28.0869889],[76.6584172,28.0894483],[76.6519583,28.0555954],[76.6683814,28.013447],[76.5893847,27.9976553],[76.5447247,27.9633346],[76.5437035,28.0339141],[76.4549908,28.0420025],[76.4620845,28.0584209],[76.5013069,28.0592856],[76.4482835,28.0880603],[76.4640719,28.1082212],[76.4997336,28.0998456],[76.4759683,28.1481908],[76.3814316,28.1329788],[76.3566727,28.1437369],[76.3467912,28.1682186],[76.2925641,28.1794633],[76.2807808,28.1663321],[76.3047181,28.1582958],[76.2979,28.1497362],[76.3590402,28.1262753],[76.3371038,28.1043128],[76.3019019,28.0981678],[76.3560758,28.0699875],[76.3411798,28.0289788],[76.3210962,28.0160255],[76.2938981,28.02525],[76.2930459,28.0489291],[76.2601784,28.0676006],[76.2380938,28.0499429],[76.1800663,28.0545211],[76.2154535,28.0265256],[76.1779225,28.0214164],[76.1586964,27.988793],[76.1875892,27.9653992],[76.1692428,27.9031142],[76.2023091,27.8927978],[76.1949277,27.8594146],[76.2259205,27.8334589],[76.2182629,27.8165324],[76.2007213,27.8212863],[76.1751652,27.7980556],[76.1322606,27.8244839],[76.1233127,27.8509723],[76.0888731,27.8605623],[76.0864055,27.8444931],[76.0478553,27.8346134],[75.971708,27.8518477],[75.9873821,27.9036978],[75.9390628,27.9132594],[75.9323473,27.9300313],[75.9523283,27.9470456],[75.9742647,27.9332312],[75.9809345,27.9643929],[75.9993136,27.9756507],[75.9662609,27.9819991],[75.9661127,27.9984902],[75.9953858,28.0033977],[75.971078,28.0157638],[75.9749317,28.0301563],[76.0162847,28.0308105],[76.0165811,28.0487983],[75.9750429,28.0505969],[75.9827502,28.0808093],[75.9388053,28.0878742],[75.9434723,28.1010442],[75.9987578,28.1232688],[76.0060206,28.1517944],[76.0322182,28.1671488],[76.0688282,28.1655481],[76.07346,28.1370588],[76.0965562,28.1484389],[76.0719037,28.1940299],[76.0478553,28.1981447],[76.0559702,28.2204471],[76.0177298,28.2351386],[76.0265118,28.2750894],[75.9882714,28.2920901],[75.9724861,28.3185157],[75.9581089,28.3134268],[75.9177564,28.3718035],[75.8203947,28.4097753],[75.7771468,28.4001116],[75.7668793,28.4142765],[75.7889485,28.4336004],[75.788337,28.4537885],[75.7355618,28.469012],[75.7394242,28.4850065],[75.7023775,28.4916922],[75.6656397,28.535552],[75.6346726,28.5437132],[75.6203801,28.6026468],[75.5615085,28.6131032],[75.5423157,28.6602037],[75.5397975,28.7481058],[75.5039982,28.7820529],[75.5200262,28.8331616],[75.4984854,28.8484535],[75.4967158,28.8944052],[75.4737568,28.923979],[75.5111274,28.9427487],[75.527242,28.9704411],[75.5210785,28.999994],[75.4457229,29.0077458],[75.4523623,29.0402915],[75.4404245,29.0562746],[75.3929348,29.0610776],[75.4045783,29.1217251],[75.3713813,29.1373813],[75.3817492,29.1674871],[75.4136379,29.1817086],[75.3967287,29.2178531],[75.4103019,29.2547839],[75.370629,29.2517877],[75.3513976,29.2224202],[75.3279799,29.2351786],[75.3406406,29.2807706],[75.3222472,29.2892571],[75.2852708,29.2709257],[75.2829635,29.2483659],[75.2451857,29.2501815],[75.2389475,29.2312647],[75.2132424,29.2334704],[75.1886819,29.2685053],[75.1586847,29.242792],[75.1242046,29.2398791],[75.1192925,29.2229409],[75.0781357,29.2291838],[75.0504754,29.2865175],[75.0007127,29.2691942],[74.960293,29.2812764],[74.9493719,29.3014905],[74.9616283,29.3197047],[74.9388323,29.3617762],[74.8503668,29.4036641],[74.8207988,29.3972657],[74.7805005,29.3578275],[74.6581749,29.3723745],[74.6539305,29.3330514],[74.5998734,29.3277452],[74.6062878,29.35816],[74.5653696,29.420697],[74.5364692,29.4251832],[74.5348955,29.4486911],[74.5441951,29.4678754],[74.5845888,29.4597786],[74.622121,29.5249088],[74.5748599,29.5649458],[74.616231,29.7523831],[74.5874762,29.76713],[74.5774698,29.7478726],[74.4772363,29.7455319],[74.4735074,29.7706731],[74.4854882,29.8154687],[74.5401413,29.8419469],[74.5613158,29.8714783],[74.5405229,29.9022412],[74.5095242,29.9072848],[74.5261437,29.9423948],[73.8942278,29.9735785],[73.8860631,30.0113957],[73.9035527,30.0491606],[73.9751827,30.1205392],[73.9726891,30.198253],[73.806629,30.0679694],[73.5970993,30.0189421],[73.39699,29.945934],[73.2822833,29.5720188],[73.0844907,29.2362236],[73.0043951,29.1529968],[72.9457797,29.0278746],[72.7331019,28.9480146],[72.403847,28.7829506],[72.3546797,28.7334352],[72.2993095,28.6697095],[72.2061986,28.3938681],[72.1322575,28.3129475],[72.0043175,28.2185425],[71.9273326,28.1217026],[71.8987123,27.9597403],[71.6664858,27.8778073],[71.3830714,27.8725267],[71.2055689,27.8353371],[70.9631668,27.7292998],[70.8720032,27.7055479],[70.7594445,27.7212193],[70.7398454,27.741907],[70.6843463,27.8282],[70.6774143,27.9218286],[70.5894978,28.0104637],[70.5057143,28.0369769],[70.3722329,28.0118243],[70.296236,27.9360154],[70.2270004,27.9013766],[70.1325506,27.8059806],[70.0259269,27.5628686],[69.93375,27.4977403],[69.862888,27.4021543],[69.586829,27.1832511],[69.5133771,27.0099286],[69.4844368,26.8048731],[69.5103004,26.7435391],[69.7254963,26.6518788],[69.7919258,26.5982391],[69.8861612,26.5787327],[70.0562782,26.6005151],[70.1174482,26.5868953],[70.1742839,26.5513331],[70.1853506,26.374242],[70.1635563,26.2948616],[70.175154,26.2514802],[70.1424691,26.1588695],[70.0853411,26.0819078],[70.1010293,25.9388802],[70.1743785,25.8283566],[70.2523888,25.7560869],[70.2694211,25.7139835],[70.3870233,25.6737397],[70.5301665,25.6833728],[70.6086103,25.714852],[70.6601499,25.7020206],[70.6740233,25.6758045],[70.6672296,25.5312741],[70.6785568,25.5255422],[70.6648231,25.3968936],[70.7367863,25.332444],[70.7516714,25.2777077],[70.888493,25.1481038],[70.9377056,24.9386122],[71.0266801,24.8088347],[71.0655416,24.7173927],[71.1178036,24.6710594],[71.2876859,24.6162542],[71.3450709,24.6576123],[71.3600825,24.6285041],[71.3788472,24.62532],[71.4797471,24.678692],[71.6074179,24.6746323],[71.6560272,24.6382184],[71.7917757,24.6753793],[71.8111122,24.6559232],[71.8058581,24.6264897],[71.8522514,24.6082608],[71.8654759,24.6297388],[71.8576127,24.6638164],[71.872946,24.6804783],[71.9172305,24.6729109],[71.9167659,24.6481594],[71.9408203,24.6330527],[71.9882858,24.6574824],[71.9940403,24.6926891],[72.0705999,24.7093146],[72.08722,24.7027556],[72.090544,24.65732],[72.1196738,24.6399403],[72.1506622,24.6434164],[72.1649233,24.6215184],[72.196841,24.6149548],[72.2302242,24.6399728],[72.30564,24.6175218],[72.3479318,24.627747],[72.3370313,24.5990312],[72.2694397,24.6060937],[72.246437,24.5863099],[72.2639894,24.5608634],[72.28549,24.5657423],[72.291584,24.5470451],[72.3291349,24.5529786],[72.3307657,24.5694892],[72.3530817,24.5642591],[72.3875856,24.5075729],[72.4407577,24.5147577],[72.4301147,24.4799623],[72.4577522,24.4144066],[72.50041,24.417103],[72.492342,24.4591819],[72.5045728,24.4580881],[72.5401497,24.5193455],[72.5764131,24.4784585],[72.6837659,24.4637523],[72.6920271,24.4057897],[72.7321623,24.363324],[72.85223,24.3717264],[72.9102087,24.3373607],[72.9770708,24.3728991],[72.9489827,24.3978365],[72.9816413,24.4351553],[72.967844,24.4512517],[72.9916191,24.4778921],[73.0355643,24.4649633],[73.0883502,24.4980055],[73.1034564,24.4326156],[73.0795955,24.3949444],[73.1531524,24.3553072],[73.1990718,24.3765737],[73.2186412,24.3646117],[73.1974411,24.3320037],[73.1796312,24.3415836],[73.1698465,24.3009519],[73.1360721,24.3071315],[73.0693388,24.19178],[73.1249141,24.1249787],[73.2138347,24.0780089],[73.1938791,24.0410556],[73.2418584,24.0026411],[73.3171395,24.0530515],[73.3262266,24.1086856],[73.361721,24.1050411],[73.3620214,24.0804577],[73.4032631,24.0435639],[73.397963,23.9898206],[73.4151721,23.98539],[73.4214377,23.9303476],[73.3890795,23.9170296],[73.3608198,23.8719853],[73.368337,23.8141549],[73.3526575,23.7891557],[73.3718173,23.7649638],[73.3994656,23.7848947],[73.4179949,23.7768827],[73.4743586,23.7048865],[73.507294,23.70311],[73.4973449,23.6493612],[73.5087128,23.6442927],[73.4945734,23.6325727],[73.5218943,23.6072629],[73.5719159,23.6534902],[73.6158258,23.6518907],[73.6555763,23.6212295],[73.649222,23.5666437],[73.6335061,23.5535718],[73.6337486,23.5284024],[73.6559158,23.5060305],[73.6269336,23.4484376],[73.6473546,23.4364443],[73.6972913,23.4566922],[73.7214229,23.4101397],[73.7562706,23.4538081],[73.7856472,23.4298837],[73.8290306,23.4463878],[73.8918908,23.3324302],[73.9357942,23.3382926],[73.9369702,23.3659635],[73.9573477,23.3795433],[73.9747138,23.3723221],[73.9819647,23.3378877],[74.0286888,23.331709],[74.0323797,23.3070431],[74.0448475,23.3087986],[74.0383361,23.2934903],[74.1004711,23.2937759],[74.1326204,23.2660663],[74.1215157,23.1761971],[74.1787684,23.1471941],[74.2026461,23.1903409],[74.2407602,23.18426],[74.2859582,23.1159921],[74.280533,23.0900533],[74.3189011,23.0586612],[74.386202,23.1115179],[74.4322548,23.1048975],[74.4638438,23.081793],[74.5058633,23.0851413],[74.5455139,23.109844],[74.5393733,23.1293016],[74.6066146,23.1425592],[74.6715441,23.1999599],[74.7150989,23.1907136],[74.7421361,23.2089123],[74.7475219,23.2266531],[74.6920658,23.2191516],[74.7151139,23.2366832],[74.6999554,23.2683656],[74.6767606,23.2738071],[74.6385555,23.2554093],[74.5743658,23.2951696],[74.5466691,23.277121],[74.5140368,23.3280456],[74.5352675,23.3308198],[74.5398166,23.3618656],[74.5689407,23.3763017],[74.5723502,23.4206667],[74.5990674,23.4287497],[74.6038866,23.457265],[74.6518837,23.4622797],[74.7026017,23.5047674],[74.7301616,23.4972124],[74.7354073,23.5206723],[74.7615752,23.5211932],[74.7743136,23.5445667],[74.794079,23.5509092],[74.8032962,23.5330842],[74.8469908,23.5520525],[74.9032335,23.6254021],[74.9365432,23.6287836],[74.8995234,23.6822164],[74.9215868,23.6946865],[74.9202537,23.7191966],[74.9363804,23.7295777],[74.9252256,23.7553629],[74.9402536,23.764818],[74.9243514,23.7965939],[74.9040368,23.7939353],[74.9140706,23.8407108],[74.9029134,23.8724352],[74.9160708,23.931347],[74.9586574,23.970348],[74.9823945,24.0252026],[74.9393975,24.0538677],[74.9036162,24.1093199],[74.8967332,24.157253],[74.880012,24.1734804],[74.9070068,24.1998685],[74.8970935,24.2273244],[74.8676369,24.2430511],[74.7656008,24.2397716],[74.7470621,24.2541651],[74.7813225,24.2894313],[74.7811426,24.33844],[74.8551343,24.4241659],[74.8538746,24.4445233],[74.813756,24.4367498],[74.8153096,24.4684841],[74.7772043,24.4604318],[74.7086147,24.4864283],[74.7555349,24.5348826],[74.7434166,24.5712473],[74.7863129,24.5859326],[74.7793984,24.6154571],[74.814111,24.6500835],[74.8142377,24.6658445],[74.7718278,24.6614744],[74.7875059,24.7042484],[74.7797917,24.7323658],[74.8038747,24.7339877],[74.7997105,24.7790101],[74.8891081,24.6338238],[74.9430697,24.6378059],[74.9623234,24.6564263],[74.9602412,24.6777034],[75.0018148,24.6864777],[74.992393,24.7317644],[75.016008,24.7319861],[75.0016285,24.7744785],[74.9147931,24.7688583],[74.8602905,24.7981119],[74.8494023,24.7761546],[74.8386097,24.798036],[74.8615264,24.8043142],[74.8587837,24.8379374],[74.8250783,24.9005916],[74.8425187,24.9688587],[74.8591937,24.9618972],[74.8691804,24.9249389],[74.88037,24.9373859],[74.902421,24.9300416],[74.9239094,24.8783037],[74.9526282,24.8806728],[74.9583141,24.8582754],[75.0331236,24.8443523],[75.0552111,24.872071],[75.1173368,24.8788504],[75.1136737,24.9667994],[75.1685695,25.0059305],[75.1516526,25.0203233],[75.1668878,25.0484977],[75.1986372,25.0332917],[75.3318427,25.0416007],[75.3502618,25.0175397],[75.3120603,24.9965774],[75.3370272,24.9553456],[75.3180924,24.8935845],[75.2852915,24.9647856],[75.2738718,24.9640931],[75.2666278,24.9477735],[75.2941096,24.9082275],[75.2710063,24.9033947],[75.2630559,24.8753149],[75.3091991,24.8560703],[75.3274049,24.8748957],[75.3739126,24.8678248],[75.4170488,24.8859395],[75.4256505,24.8695379],[75.4031985,24.8446621],[75.3094178,24.8010338],[75.2772073,24.840691],[75.2243663,24.8436325],[75.2542537,24.8184013],[75.2128488,24.8000315],[75.1857497,24.7497697],[75.2193548,24.7025786],[75.2282116,24.7176408],[75.2643134,24.717823],[75.4565618,24.6801282],[75.5339985,24.7122104],[75.5829055,24.7133946],[75.6105148,24.6803727],[75.6461975,24.6850927],[75.6833562,24.7253313],[75.7567443,24.7617611],[75.8021877,24.7565238],[75.8331767,24.7323219],[75.8250585,24.6674384],[75.8468522,24.6633605],[75.8473943,24.6478973],[75.8246535,24.6144544],[75.8325748,24.5956102],[75.86296,24.6099799],[75.8783339,24.5834271],[75.9144158,24.5722427],[75.9037304,24.5484112],[75.920577,24.5216835],[75.8878643,24.508102],[75.9116378,24.4919101],[75.9090622,24.4549885],[75.8387971,24.4141814],[75.8098452,24.4340513],[75.8139718,24.4613624],[75.7894069,24.4715546],[75.7476232,24.4242069],[75.7552864,24.4065342],[75.7277317,24.3905289],[75.7398493,24.3321227],[75.7664805,24.2980102],[75.8108742,24.2959873],[75.813421,24.2455661],[75.8302507,24.233799],[75.7774518,24.2099847],[75.7509592,24.1433323],[75.7928566,24.091838],[75.8356726,24.0921193],[75.8367593,24.0570583],[75.7815169,24.0432585],[75.7653936,23.9926195],[75.7422859,23.9927519],[75.74114,23.9769169],[75.7175262,23.966839],[75.7017504,23.9665786],[75.6743424,24.0176528],[75.5956623,23.9899561],[75.5216071,24.0258276],[75.4752321,23.9822662],[75.4595284,23.919361],[75.5620526,23.8583229],[75.579736,23.8369821],[75.5598142,23.8301963],[75.5604766,23.8161238],[75.5891458,23.8097732],[75.5837228,23.7948687],[75.6543445,23.7976358],[75.6867003,23.7559367],[75.7017965,23.7851564],[75.6901427,23.8133433],[75.7215082,23.8116798],[75.7191299,23.8411571],[75.7365527,23.8565379],[75.7015893,23.8728396],[75.7061089,23.8991003],[75.752794,23.887327],[75.7646131,23.8516768],[75.7813832,23.8487565],[75.7939687,23.867049],[75.8530467,23.887555],[75.886534,23.8791506],[75.9374541,23.8967012],[75.9807019,23.9287873],[75.9843667,23.9744703],[75.9633602,24.0186137],[75.9974632,24.0175699],[76.0424411,24.0660549],[76.1266587,24.0887054],[76.1175796,24.1946573],[76.1484389,24.2320079],[76.1366746,24.2707696],[76.1629485,24.2851004],[76.1855773,24.3291928],[76.2046565,24.3009769],[76.1945657,24.2747333],[76.2125548,24.2099399],[76.2823209,24.2073077],[76.2873604,24.2298605],[76.3229145,24.2455449],[76.3572097,24.2397448],[76.4116826,24.2005062],[76.4162164,24.2206344],[76.4522663,24.2093635],[76.4705099,24.2261504],[76.504535,24.203087],[76.5274239,24.1567343],[76.5777275,24.1791744],[76.5642735,24.1909452],[76.5952318,24.2233208],[76.5835448,24.2428658],[76.6111985,24.238652],[76.6176458,24.2588295],[76.6651316,24.2619343],[76.6927736,24.2864819],[76.7027304,24.2431993],[76.6758852,24.1908467],[76.6983126,24.1684673],[76.7579205,24.1682567],[76.8012869,24.1166729],[76.8545887,24.1358255],[76.9012857,24.1282229],[76.9162928,24.187855],[76.9357677,24.1837266],[76.9473974,24.2013105],[76.862615,24.2733194],[76.8410542,24.3224145],[76.8318849,24.3579681],[76.8513852,24.3705249],[76.8373785,24.4097086],[76.8530832,24.465892],[76.8163891,24.5335833],[76.8619215,24.5492986],[76.8843076,24.5214508],[76.9018661,24.5458508],[76.9178965,24.5434751],[76.9184204,24.4806911],[76.9776095,24.4613838],[77.0289728,24.4960796],[77.0368941,24.5278995],[77.0547104,24.5262774],[77.0713312,24.5727633],[77.0649858,24.6438443],[77.0316663,24.711316],[77.0016634,24.7160393],[76.953965,24.7603603],[76.9074936,24.7315944],[76.8894778,24.7472563],[76.8561298,24.7424864],[76.8475199,24.7692715],[76.8019968,24.8101337],[76.7998778,24.8240133],[76.8250801,24.8355483],[76.8978862,24.8382256],[76.9485633,24.8690715],[76.9130546,24.8878441],[76.9204155,24.9167742],[76.8904879,24.9196892],[76.8626886,24.9598018],[76.8567789,25.0024759],[76.8760378,25.007064],[76.8761587,25.0414003],[76.968205,25.0511009],[76.9990691,25.0748461],[77.0848289,25.0542395],[77.1225716,25.0666539],[77.1477213,25.0951105],[77.1671243,25.0846098],[77.1744248,25.111809],[77.2700108,25.116094],[77.3107479,25.0798451],[77.394376,25.1199223],[77.4066169,25.1116864],[77.390582,25.1233863],[77.3930011,25.1592295],[77.4001433,25.1838806],[77.426616,25.1880743],[77.4116965,25.2240105],[77.355091,25.263478],[77.3739514,25.2745212],[77.3778524,25.3157197],[77.367607,25.3285975],[77.3421215,25.3217707],[77.366685,25.3603108],[77.3505011,25.3840688],[77.3709462,25.4083328],[77.3154588,25.4314693],[77.2938034,25.424295],[77.2339435,25.3787009],[77.2339469,25.3337726],[77.2233687,25.3187909],[77.205548,25.3264785],[77.2094176,25.3063051],[77.0836734,25.3365577],[77.0700509,25.3184929],[77.0458973,25.321439],[77.0316904,25.2943874],[76.9737385,25.3004059],[76.9466178,25.2823325],[76.9232742,25.2854553],[76.9294083,25.3031864],[76.901539,25.3236347],[76.8572848,25.3327846],[76.7775652,25.3156086],[76.7338099,25.3519893],[76.6723943,25.3480909],[76.639763,25.3835329],[76.6227875,25.3767829],[76.5984655,25.3923297],[76.5862728,25.4335589],[76.5559762,25.4520301],[76.555464,25.4825651],[76.5166139,25.5266742],[76.5037587,25.5797721],[76.5038383,25.6732014],[76.4794511,25.6842034],[76.4724584,25.707441],[76.5237672,25.7298318],[76.5210114,25.7935995],[76.5820528,25.8704213],[76.6232224,25.8705533],[76.6402644,25.9076099],[76.716332,25.9011593],[76.7566152,25.9210109],[76.7488557,25.9404695],[76.7890276,25.9410925],[76.8067798,25.9898081],[76.8848473,26.0480392],[76.9006951,26.0931546],[76.9976137,26.1290667],[77.031622,26.1726106],[77.0967513,26.1832379],[77.1347183,26.2329477],[77.2038889,26.2298668],[77.2697555,26.2668188],[77.3425095,26.3520186],[77.3745194,26.365721],[77.4446769,26.3617615],[77.4373492,26.4032769],[77.5383808,26.4112965],[77.6737165,26.5028343],[77.7270113,26.5023168],[77.7459096,26.5387542],[77.8220113,26.5495782],[77.8356794,26.5760313],[77.8273261,26.596047],[77.8942791,26.6147115],[77.9042594,26.6590635],[77.9531763,26.6589388],[78.0004319,26.6948568],[78.0897314,26.6744674],[78.0959301,26.7278017],[78.123527,26.7468822],[78.1025964,26.7654336],[78.1074263,26.7907759],[78.1840016,26.7838212],[78.1687225,26.8203949],[78.2218631,26.8300611],[78.1970787,26.881847],[78.2074642,26.8689849],[78.2330846,26.874038],[78.2720089,26.9221465],[78.2549459,26.9353203],[78.2384168,26.9266092],[78.2243993,26.9464385],[78.2097924,26.9311478],[78.1721878,26.9482015],[78.1169557,26.9460113],[78.1221056,26.9221465],[78.1019353,26.9172868],[78.1107008,26.8957984],[78.0486618,26.9100321],[78.0561937,26.8683018],[78.0269734,26.8499167],[78.0359707,26.8707551],[78.0144435,26.9022186],[77.947834,26.8933918],[77.9062095,26.9178744],[77.8970327,26.8839778],[77.8504547,26.9126802],[77.7605009,26.9326687],[77.7532011,26.9168064],[77.7317255,26.9202899],[77.7225549,26.8742789],[77.686428,26.8759206],[77.6077078,26.8278367],[77.6080386,26.8391591],[77.5253982,26.8188731],[77.520318,26.8416489],[77.5015014,26.8443148],[77.4874429,26.7872429],[77.5027778,26.7694768],[77.4546504,26.7419435],[77.467432,26.7735069],[77.4338226,26.7672636],[77.4291068,26.8015196],[77.3979471,26.8304371],[77.4307608,26.8483297],[77.4271738,26.8641317],[77.4857783,26.898822],[77.5831103,26.9239449],[77.6610369,26.9713041],[77.6719022,26.9607103],[77.7623033,27.0007713],[77.7478409,27.0306309],[77.7334642,27.0260053],[77.7303314,26.9941942],[77.7124357,26.9962018],[77.6792836,27.0465324],[77.6676321,27.0189518],[77.6417327,27.0256039],[77.6309609,27.0101773],[77.5795698,27.0373969],[77.5631118,27.0287577],[77.5773597,27.0683359],[77.5248098,27.0638647],[77.5252604,27.0870977],[77.5072145,27.0893329],[77.6006412,27.1202575],[77.6187515,27.1732813],[77.6422691,27.1640798],[77.6748848,27.1842953],[77.6667308,27.2087246],[77.6462414,27.2107781],[77.6439976,27.2398554],[77.6443148,27.2436006]],[[76.4405273,28.1148327],[76.4229593,28.1147963],[76.4285494,28.1384252],[76.4415114,28.1171654],[76.4405273,28.1148327]]],[[[75.2083341,24.8940368],[75.2014159,24.8682937],[75.2236767,24.8443814],[75.2505969,24.8812198],[75.220642,24.8738225],[75.208969,24.8943003],[75.2083341,24.8940368]]],[[[76.0078015,28.0590616],[76.0253218,28.0541474],[76.0409283,28.074088],[76.0231983,28.0859176],[76.0087996,28.0601128],[76.0078015,28.0590616]]]]}},{"type":"Feature","properties":{"name":"Sikkim","code":"IN-SK"},"geometry":{"type":"Polygon","coordinates":[[[88.7903932,27.1904951],[88.8023805,27.248585],[88.904196,27.2728502],[88.9211683,27.3274652],[88.8847053,27.3435351],[88.8611373,27.3863041],[88.8378958,27.3796103],[88.8056909,27.4070462],[88.8090373,27.4237113],[88.7768269,27.4692925],[88.792434,27.530152],[88.7771129,27.5325649],[88.7633024,27.5664244],[88.7918063,27.5742321],[88.8148218,27.6469139],[88.8482299,27.6681918],[88.8385062,27.7054067],[88.8670014,27.7427063],[88.8570853,27.8155275],[88.8881208,27.8564067],[88.8676359,27.9197106],[88.8376138,27.9285014],[88.836082,28.015297],[88.7547412,28.0803006],[88.6706135,28.0741145],[88.6329209,28.1240465],[88.6029173,28.0893634],[88.5544455,28.0822883],[88.5459517,28.0340007],[88.4949482,28.0552091],[88.4681543,28.0168915],[88.4173538,27.9999832],[88.4135914,27.981077],[88.3404003,27.9858068],[88.2513275,27.941664],[88.237638,27.969512],[88.2088465,27.9623736],[88.2069905,27.9406729],[88.1424595,27.9652766],[88.1181415,27.9169259],[88.1389987,27.8779644],[88.1961627,27.854216],[88.2011179,27.8376473],[88.1729883,27.8206628],[88.1971486,27.7910131],[88.1784098,27.7472236],[88.1582819,27.7409844],[88.1444803,27.6658166],[88.0818284,27.5851855],[88.0436016,27.4961706],[88.0799859,27.427075],[88.0467745,27.4055951],[88.0416691,27.3703676],[88.0664692,27.3361035],[88.0315767,27.2864117],[88.0135479,27.2129746],[88.0646601,27.214312],[88.0963073,27.133135],[88.1517807,27.1095764],[88.1810079,27.1324732],[88.2334422,27.1188877],[88.2790061,27.1318706],[88.3153373,27.1261513],[88.3215408,27.1047467],[88.4329466,27.0792596],[88.5323535,27.1500605],[88.5207655,27.1728896],[88.5429825,27.1831839],[88.5928626,27.1912186],[88.6602595,27.160552],[88.6880514,27.1793323],[88.7386248,27.1353996],[88.765067,27.1777748],[88.7903347,27.18958],[88.7903932,27.1904951]]]}},{"type":"Feature","properties":{"name":"Tamil Nadu","code":"IN-TN"},"geometry":{"type":"MultiPolygon","coordinates":[[[[79.2355871,9.2404082],[79.237529,9.2442204],[79.2353886,9.2403764],[79.2355871,9.2404082]]],[[[78.703858,9.1845356],[78.7035388,9.1846177],[78.7036809,9.1845436],[78.703858,9.1845356]]],[[[78.2108384,8.8375325],[78.2039396,8.8427749],[78.2104844,8.8374212],[78.2108384,8.8375325]]],[[[78.2264918,8.8691659],[78.2205519,8.8740962],[78.2265133,8.8689062],[78.2264918,8.8691659]]],[[[78.2509106,8.958968],[78.2542419,8.9538174],[78.2510072,8.9587561],[78.2509106,8.958968]]],[[[77.7141982,8.1562614],[77.7138001,8.1640933],[77.7140531,8.1562553],[77.7141982,8.1562614]]],[[[77.3056653,8.1287663],[77.3060288,8.1285924],[77.3057324,8.1289309],[77.3056653,8.1287663]]],[[[77.3055848,8.1283972],[77.3058142,8.1282259],[77.3057216,8.1283786],[77.3055848,8.1283972]]],[[[77.3059872,8.1278104],[77.30625,8.1276723],[77.306191,8.1277998],[77.3059872,8.1278104]]],[[[77.3061079,8.1275342],[77.3063654,8.1272607],[77.3063251,8.1275502],[77.3061079,8.1275342]]],[[[79.1812242,9.2408],[79.1847458,9.2485806],[79.1803336,9.2418907],[79.1812242,9.2408]]],[[[79.2015016,9.2415783],[79.2219776,9.2481226],[79.201346,9.2416631],[79.2015016,9.2415783]]],[[[79.1984521,9.2328106],[79.1824552,9.2416472],[79.1983339,9.232863],[79.1984521,9.2328106]]],[[[79.1291195,9.2169461],[79.121561,9.2160989],[79.1293716,9.216872],[79.1291195,9.2169461]]],[[[79.1402185,9.2143303],[79.1393185,9.2126213],[79.140358,9.2143568],[79.1402185,9.2143303]]],[[[79.1369516,9.2146639],[79.1375202,9.2151405],[79.1367692,9.2148016],[79.1369516,9.2146639]]],[[[79.061029,9.202453],[79.091633,9.1992916],[79.0611952,9.2025324],[79.061029,9.202453]]],[[[78.9352674,9.1835431],[78.898986,9.1792956],[78.9346435,9.183164],[78.9352674,9.1835431]]],[[[78.9360376,9.1833991],[78.940866,9.1846283],[78.9361453,9.1835374],[78.9360376,9.1833991]]],[[[78.9683291,9.183736],[78.9672026,9.1892011],[78.9681441,9.183728],[78.9683291,9.183736]]],[[[78.8241792,9.1643083],[78.8273281,9.1755303],[78.8240558,9.1644302],[78.8241792,9.1643083]]],[[[78.8194182,9.1590282],[78.8225216,9.1638476],[78.81925,9.15899],[78.8194182,9.1590282]]],[[[78.7311253,9.1520824],[78.7310609,9.1564782],[78.7310019,9.1519765],[78.7311253,9.1520824]]],[[[78.6941832,9.1512218],[78.6955672,9.1553687],[78.6937863,9.151243],[78.6941832,9.1512218]]],[[[78.5715446,9.1022451],[78.5877854,9.1089296],[78.5713166,9.1022159],[78.5715446,9.1022451]]],[[[78.5354421,9.1021603],[78.5390711,9.1056801],[78.5351819,9.1022186],[78.5354421,9.1021603]]],[[[78.4929585,9.0917306],[78.4878355,9.0897442],[78.4937739,9.0915293],[78.4929585,9.0917306]]],[[[79.4549354,9.1493788],[79.461,9.1408942],[79.4550847,9.1494276],[79.4549354,9.1493788]]],[[[79.2088616,9.2823247],[79.2171496,9.2519189],[79.2520237,9.2590189],[79.30673,9.2425949],[79.4493458,9.1501988],[79.3215456,9.2673235],[79.315277,9.2839973],[79.3349032,9.3112791],[79.3222895,9.3239556],[79.2090815,9.2825656],[79.2088616,9.2823247]]],[[[79.7813441,11.9029649],[79.76928,11.9005785],[79.7850628,11.8629057],[79.7968174,11.9001752],[79.7825002,11.8997505],[79.7813441,11.9029649]]],[[[77.5535618,8.0783092],[77.5541935,8.0774236],[77.5537107,8.0782614],[77.5535618,8.0783092]]],[[[77.555997,8.0774149],[77.554724,8.0784765],[77.5558123,8.077254],[77.555997,8.0774149]]],[[[77.2186606,9.1014631],[77.1974496,9.0469338],[77.1674921,9.0453678],[77.1465424,9.0217642],[77.1967007,8.9535562],[77.1932152,8.9256998],[77.2563706,8.8788093],[77.2628861,8.8422216],[77.2178823,8.768144],[77.1984505,8.7697049],[77.1929257,8.7450101],[77.1701051,8.7418191],[77.2067466,8.6841862],[77.200739,8.6690623],[77.2838186,8.5465612],[77.2618378,8.5062196],[77.2400202,8.4969158],[77.2143049,8.5128026],[77.2026364,8.5014051],[77.2280261,8.4472326],[77.2067135,8.4448145],[77.1685764,8.384137],[77.1512317,8.3850489],[77.1529404,8.3550507],[77.174358,8.3586871],[77.1801137,8.3238642],[77.1397005,8.3297748],[77.0962964,8.2935318],[77.3188101,8.1203224],[77.5514066,8.0772477],[77.5773409,8.1366603],[77.6469362,8.1589634],[77.7260291,8.160591],[77.70651,8.1644179],[77.7779406,8.1977865],[77.8022736,8.2394116],[78.0673698,8.3728292],[78.0566382,8.3850224],[78.0651265,8.4164719],[78.130116,8.4960504],[78.1362635,8.6887372],[78.1737789,8.7460524],[78.2259134,8.7482004],[78.1991928,8.7525601],[78.2136676,8.7568331],[78.1975615,8.7880415],[78.1839251,8.7900614],[78.1798428,8.7662785],[78.1569073,8.7726071],[78.1861943,8.9228643],[78.220312,8.9703712],[78.3816496,9.0904302],[78.4567273,9.1258206],[78.5763109,9.1304339],[78.6573029,9.1578949],[78.6430711,9.1768807],[78.6605,9.1931648],[78.717851,9.1902681],[78.7277055,9.2094375],[78.8608503,9.2537614],[78.9063084,9.2499281],[78.9767754,9.2736051],[79.09284,9.2603373],[79.1907889,9.2822823],[79.1050386,9.2889476],[79.036529,9.3169247],[78.9380228,9.4084567],[78.8978219,9.486297],[78.9144677,9.4940431],[78.9293432,9.5951327],[78.9806163,9.6891223],[79.1214001,9.8550892],[79.1189767,9.8763454],[79.1547447,9.9318947],[79.2665935,10.0380614],[79.2264435,10.1003918],[79.2414772,10.1816288],[79.2813027,10.213972],[79.2689699,10.2344027],[79.3957579,10.3179698],[79.7646468,10.2736117],[79.8445816,10.2773456],[79.8811948,10.2991385],[79.8514695,10.8277759],[79.8309302,10.8277421],[79.8288274,10.8495757],[79.8080349,10.8555607],[79.8248577,10.8649594],[79.8113393,10.8803844],[79.8288059,10.8840931],[79.7832942,10.8890238],[79.7904289,10.9085879],[79.7562039,10.8918263],[79.7625339,10.9139817],[79.7234273,10.9298783],[79.7361946,10.9536004],[79.719522,10.9555385],[79.7255301,10.9691472],[79.7620725,10.9606998],[79.7483504,11.0025449],[79.7976708,10.9819864],[79.8154485,11.0029346],[79.8402536,11.0026028],[79.8542609,10.9833425],[79.8583714,11.1490556],[79.8371878,11.3556196],[79.7586581,11.560975],[79.7962922,11.7851444],[79.7626787,11.7893076],[79.7535714,11.7752328],[79.7163147,11.7896388],[79.7380064,11.8071909],[79.7393311,11.8414671],[79.7731106,11.821928],[79.7979484,11.8234183],[79.8081225,11.845246],[79.7814917,11.8558314],[79.7662781,11.8405629],[79.7637784,11.8770523],[79.7525239,11.8487766],[79.7338889,11.8655938],[79.7196346,11.8530344],[79.709494,11.8893127],[79.6740103,11.880727],[79.6738279,11.8915827],[79.6953861,11.8948164],[79.6962248,11.9191299],[79.7186636,11.9185832],[79.7063736,11.9136351],[79.7110784,11.8909423],[79.7405251,11.9057124],[79.7175399,11.9289427],[79.7210123,11.9453174],[79.7097158,11.9498437],[79.7110891,11.932965],[79.6915305,11.9513866],[79.7472507,12.0076565],[79.7605942,11.9895703],[79.7237974,11.9759835],[79.7448111,11.9648173],[79.7504425,11.9200639],[79.7846842,11.959942],[79.8049815,11.9533063],[79.815378,11.9797716],[79.8410407,11.9581674],[79.8588485,12.0088112],[79.8422702,12.0124773],[79.8500873,12.0509816],[79.8745961,12.0418114],[80.0313154,12.2987246],[80.1541954,12.4659107],[80.254656,12.7805891],[80.2520842,12.8813233],[80.3069299,13.1017446],[80.2935067,13.0864147],[80.2984205,13.1378191],[80.3463141,13.2583594],[80.3388038,13.2757281],[80.3529767,13.2546441],[80.3456676,13.2784378],[80.3592971,13.302835],[80.3473195,13.2962005],[80.3474164,13.3145566],[80.3592923,13.3075206],[80.344466,13.3186257],[80.3241442,13.4528646],[80.2972108,13.4812668],[80.2679813,13.5639111],[80.2417803,13.4725393],[80.1382684,13.5045474],[80.0774789,13.4893785],[80.0814914,13.5488802],[80.0569975,13.5367077],[80.0018317,13.5464009],[80.000601,13.5256724],[80.0485325,13.512601],[80.0466656,13.493656],[80.0157881,13.4979125],[80.0075698,13.4785073],[79.9723792,13.4689919],[79.973216,13.4295073],[79.9344528,13.4166191],[79.9627125,13.3917592],[79.9381113,13.3557172],[79.9159884,13.359997],[79.8629773,13.317091],[79.8090649,13.3172998],[79.791652,13.2935678],[79.7606671,13.3184796],[79.7559035,13.2944761],[79.7335338,13.2887752],[79.7947311,13.2419298],[79.7944897,13.2263161],[79.7597122,13.207286],[79.7371173,13.2362275],[79.7183955,13.2163521],[79.7025597,13.2223786],[79.7126019,13.2444676],[79.6842885,13.2443318],[79.6783554,13.2618031],[79.6957791,13.2670871],[79.683001,13.2956352],[79.6652984,13.2786675],[79.6424676,13.2902185],[79.6318459,13.2697917],[79.5987368,13.2857993],[79.5804977,13.2573231],[79.5347714,13.2752216],[79.537282,13.3385345],[79.4973492,13.332417],[79.4996452,13.3478045],[79.4564544,13.3384904],[79.435633,13.3517293],[79.381907,13.3077572],[79.4188142,13.289694],[79.4456792,13.3004485],[79.43362,13.2748875],[79.4084501,13.2654058],[79.4185781,13.242995],[79.4378793,13.2429637],[79.4311094,13.2297732],[79.4531035,13.2384834],[79.4387054,13.1883275],[79.3742251,13.1894348],[79.3877864,13.1773382],[79.3726373,13.1788843],[79.3796754,13.1629218],[79.3562221,13.1645307],[79.3607497,13.1235755],[79.3452787,13.1215066],[79.3412661,13.1369493],[79.3072128,13.1054778],[79.2943167,13.1094903],[79.3127703,13.126104],[79.2840761,13.1227813],[79.2806268,13.1526209],[79.2570877,13.1607906],[79.2451572,13.1384747],[79.2346215,13.1706525],[79.2099237,13.1484628],[79.2329049,13.1392688],[79.2344069,13.1051225],[79.1805267,13.0843273],[79.1921139,13.0672091],[79.1787028,13.0587227],[79.1920709,13.0559636],[79.1802692,13.0495044],[79.1931867,13.0467243],[79.1632747,13.0202378],[79.1146517,13.0393869],[79.0808558,13.0255687],[79.0632069,13.0533193],[78.9952612,13.0865845],[78.9240432,13.0809414],[78.9038408,13.0476231],[78.9371323,13.0304397],[78.8916635,13.0331364],[78.8901937,13.097233],[78.8420192,13.0788672],[78.8131848,13.0891814],[78.7934732,13.0660595],[78.7514591,13.0548766],[78.7141013,13.0686722],[78.7047672,13.0154712],[78.6562514,13.0311505],[78.6210179,12.9911976],[78.6569166,12.9320615],[78.6337101,12.9316223],[78.5925221,12.7826114],[78.5554647,12.7557621],[78.5560226,12.7002966],[78.5361743,12.6903743],[78.5295868,12.7092975],[78.5444569,12.7105324],[78.5250163,12.715577],[78.5210252,12.7360889],[78.5171413,12.7244308],[78.4891605,12.7419596],[78.5197806,12.711893],[78.5029471,12.716634],[78.4995917,12.6765657],[78.4678955,12.6758055],[78.4649133,12.6238599],[78.4271049,12.6352714],[78.3726078,12.6268123],[78.3004582,12.6652508],[78.2678556,12.7056757],[78.2105026,12.6846881],[78.2065474,12.7075517],[78.2409303,12.7298647],[78.2313763,12.7621184],[78.1339696,12.7821215],[78.0540859,12.8535613],[78.0229979,12.8565505],[78.0284303,12.845123],[78.0036685,12.8251817],[78.0096947,12.8056928],[77.9884493,12.8086283],[77.9528558,12.8568781],[77.9403604,12.8545935],[77.9405052,12.8231857],[77.9205678,12.8275632],[77.9420208,12.8731977],[77.9269029,12.8741743],[77.9294394,12.8909806],[77.7990037,12.8519456],[77.8090335,12.7968339],[77.7789033,12.7679585],[77.7920018,12.7467495],[77.7629969,12.7364006],[77.774408,12.7245132],[77.7625707,12.6969587],[77.7375615,12.6983929],[77.7410016,12.6737335],[77.7119605,12.6833941],[77.710863,12.6663936],[77.6896487,12.6584938],[77.6632533,12.6832724],[77.5988817,12.6671789],[77.6060539,12.6281392],[77.5803081,12.5515804],[77.5872084,12.5147907],[77.616218,12.5093024],[77.5839531,12.4785472],[77.6060915,12.4745009],[77.6260042,12.4963729],[77.6350296,12.4874081],[77.6168632,12.368257],[77.5517462,12.2917279],[77.4886707,12.2795532],[77.4706385,12.2433585],[77.4823214,12.2309796],[77.4724375,12.2078956],[77.4941832,12.1974026],[77.6091095,12.2059696],[77.7272941,12.1816073],[77.7540895,12.1303949],[77.7792422,12.114267],[77.724072,12.0544479],[77.6755592,11.9520457],[77.5381565,11.9324507],[77.4947047,11.9438082],[77.486465,11.8882757],[77.4617457,11.9002754],[77.4667883,11.8471281],[77.4281323,11.7609806],[77.3926628,11.787858],[77.3648214,11.7903891],[77.3360252,11.7714],[77.2939682,11.8089463],[77.250216,11.812895],[77.2378993,11.7947056],[77.1109342,11.7736476],[77.1157837,11.7213897],[77.0579123,11.7659172],[77.0649075,11.7893073],[77.0288801,11.7746244],[77.0380211,11.7946846],[77.0128298,11.8147223],[76.982038,11.8118238],[76.9683265,11.7772922],[76.9557836,11.7915391],[76.9071078,11.7955248],[76.887238,11.7330501],[76.8350744,11.6553887],[76.8581575,11.6132605],[76.8463789,11.5945587],[76.7557264,11.6177871],[76.5697397,11.6173411],[76.5501152,11.677997],[76.5139882,11.7056491],[76.4609129,11.662387],[76.4312794,11.6660763],[76.4435318,11.6447354],[76.4326787,11.6314934],[76.3882398,11.6297954],[76.3542085,11.5894227],[76.3360207,11.595719],[76.3022669,11.5712662],[76.278921,11.6008997],[76.2330606,11.5704088],[76.2518815,11.5377559],[76.2384322,11.5247987],[76.2476106,11.4685065],[76.2844385,11.4829981],[76.3254367,11.4533506],[76.3421207,11.4674834],[76.397844,11.4347182],[76.4187642,11.4417658],[76.4152045,11.422658],[76.4619255,11.3874846],[76.5176401,11.370785],[76.5080584,11.353472],[76.547735,11.3582138],[76.5455218,11.2995883],[76.5221244,11.2706426],[76.4532206,11.2394311],[76.4386241,11.1989498],[76.4584482,11.1876836],[76.4723759,11.20875],[76.51048,11.2116272],[76.5338473,11.1967144],[76.6009128,11.206543],[76.6297147,11.1941329],[76.6982764,11.2397325],[76.7315647,11.2155646],[76.7288129,11.1909166],[76.6998804,11.1812647],[76.6896769,11.1594753],[76.7282297,11.1300211],[76.748085,11.1362135],[76.7460874,11.0552069],[76.7774165,11.0424107],[76.8009782,11.0542928],[76.766538,11.0290375],[76.7109898,11.0390469],[76.6592596,10.930481],[76.7408374,10.8910951],[76.8279693,10.8729775],[76.8536527,10.8388873],[76.8481046,10.8192432],[76.8994045,10.8084783],[76.9076683,10.7795401],[76.866286,10.6853867],[76.8825506,10.6394399],[76.8144653,10.6358341],[76.8108701,10.6233233],[76.817726,10.6027655],[76.8381643,10.5972973],[76.8431071,10.5372757],[76.8162346,10.4232416],[76.8485945,10.3688254],[76.830193,10.3039451],[76.8482492,10.2850958],[76.8732472,10.2986419],[76.8734481,10.2766416],[76.9105718,10.2358565],[76.9824635,10.2204226],[77.0453401,10.2559894],[77.0435226,10.283785],[77.1749748,10.3575344],[77.2367574,10.3522049],[77.2290801,10.3142438],[77.2631376,10.2632784],[77.2590105,10.230337],[77.2810185,10.2366199],[77.2953415,10.2200327],[77.2677609,10.1216831],[77.237937,10.129924],[77.2012647,10.1058285],[77.261838,10.0301501],[77.253124,10.0127193],[77.2728925,9.9646607],[77.2465387,9.951347],[77.2182614,9.9042905],[77.212227,9.8775749],[77.23705,9.8513724],[77.2219843,9.8225317],[77.2466845,9.7979099],[77.2227339,9.7878538],[77.22354,9.7298524],[77.2043866,9.7232917],[77.2067238,9.6948851],[77.165861,9.6127905],[77.2088424,9.6135261],[77.2342193,9.5815727],[77.2698843,9.5728159],[77.3178326,9.6025571],[77.3394765,9.5733512],[77.3611684,9.6022286],[77.3502652,9.5668887],[77.3654343,9.535214],[77.3852256,9.5191907],[77.4003882,9.5274563],[77.4123612,9.5090025],[77.3925338,9.4594507],[77.3619878,9.457203],[77.3394596,9.4203388],[77.3252493,9.3371002],[77.3000738,9.3366577],[77.2995569,9.3108505],[77.2822122,9.2985812],[77.2818494,9.2169615],[77.251769,9.1897292],[77.2665122,9.1520784],[77.2192209,9.1021629],[77.2186606,9.1014631]],[[79.6931884,11.8157507],[79.700143,11.8241956],[79.7039515,11.812439],[79.6926916,11.8129358],[79.6931884,11.8157507]],[[79.6750085,11.8057765],[79.6908476,11.8088287],[79.6766165,11.8016294],[79.6750085,11.8057765]],[[79.6966318,11.8662303],[79.6995202,11.874013],[79.6967052,11.8644091],[79.6966318,11.8662303]],[[79.6437676,11.8274105],[79.6480042,11.8440822],[79.6625757,11.8379555],[79.6715174,11.8136144],[79.6430366,11.8250398],[79.6437676,11.8274105]],[[79.6292204,11.8550418],[79.6263258,11.8700916],[79.5996769,11.8612946],[79.6001944,11.8845806],[79.6387448,11.8866505],[79.6617715,11.8643993],[79.6316857,11.8539491],[79.6292204,11.8550418]],[[79.6886953,11.9712444],[79.6799642,11.9466538],[79.6573077,11.9562137],[79.6874243,11.9711891],[79.6886953,11.9712444]],[[79.6866544,11.9821529],[79.6601347,11.9964621],[79.6876084,12.0348107],[79.7203287,11.9963667],[79.6868452,11.9851101],[79.6866544,11.9821529]],[[79.7942371,12.0186554],[79.7873462,12.0280067],[79.8037554,12.0257202],[79.7943553,12.0186471],[79.7942371,12.0186554]],[[79.6189713,11.9434409],[79.6271682,12.0322693],[79.6513294,12.0229933],[79.6365021,11.9782873],[79.6427463,11.9420553],[79.6579599,11.948878],[79.6689462,11.9183844],[79.6278762,11.9017872],[79.6179628,11.9360091],[79.6189713,11.9434409]]]]}},{"type":"Feature","properties":{"name":"Telangana","code":"IN-TG"},"geometry":{"type":"Polygon","coordinates":[[[77.5108193,15.9766536],[77.5133402,15.9280671],[77.6126024,15.9186295],[77.65818,15.8860242],[77.7248919,15.8960748],[77.8039849,15.8745078],[77.8571233,15.8836002],[77.8895497,15.9067314],[78.0088842,15.861969],[78.0320048,15.9077034],[78.0837393,15.8413067],[78.1338858,15.8366517],[78.1359029,15.8551265],[78.1764582,15.8582973],[78.1851039,15.9115199],[78.2521605,15.9364473],[78.2596063,16.025562],[78.3147955,16.012816],[78.3279705,16.0378533],[78.4073853,16.0749601],[78.5506987,16.0427199],[78.6022519,16.0845923],[78.6277932,16.0878311],[78.6817851,16.0345197],[78.7364389,16.0098168],[78.7839968,16.0215011],[78.8401494,16.0789729],[78.8344268,16.1457687],[78.8727465,16.1441848],[78.8955737,16.0859626],[78.9221104,16.1046895],[78.9060445,16.184173],[78.9880256,16.2124676],[79.011104,16.2416867],[79.0992728,16.223948],[79.122238,16.2327176],[79.1595005,16.2100902],[79.2174322,16.2284212],[79.2342633,16.3349961],[79.2107084,16.356873],[79.2110742,16.4445018],[79.2335104,16.4601022],[79.2147126,16.4877968],[79.2587169,16.5672367],[79.4175015,16.5800395],[79.4477774,16.6201408],[79.5408146,16.6317741],[79.5984295,16.673424],[79.6350963,16.6610339],[79.6805736,16.6943961],[79.7243002,16.6916908],[79.7760986,16.7315085],[79.8165966,16.6922672],[79.8504113,16.705965],[79.8783213,16.6969711],[79.908454,16.6347634],[79.950661,16.6361465],[79.9976934,16.7021807],[80.0526979,16.7415733],[80.0694334,16.796507],[80.0731101,16.8173975],[80.0485325,16.8330298],[80.0466656,16.8535464],[79.9989867,16.8653954],[80.0172901,16.9151753],[80.0399923,16.9191477],[80.0547938,16.9713277],[80.0912702,16.9685993],[80.0956947,16.9906352],[80.1403069,16.990349],[80.1872671,17.0199484],[80.1965153,17.0440964],[80.2101087,17.0112794],[80.2922702,16.9982392],[80.3166622,16.9486865],[80.3218133,16.8788132],[80.3739381,16.8525812],[80.381062,16.8171941],[80.4079807,16.8488744],[80.3785515,16.8518214],[80.3842056,16.865344],[80.4643178,16.819813],[80.4646182,16.7953178],[80.5706191,16.7678712],[80.6129229,16.7935511],[80.5629051,16.8335741],[80.5682587,16.8697076],[80.5955113,16.8847329],[80.5870986,16.9034424],[80.6024663,16.918919],[80.5353856,16.9613709],[80.5261266,16.9479578],[80.4991007,16.9561987],[80.4936719,16.9279236],[80.4498982,16.9550083],[80.3633916,16.9760657],[80.4070258,17.0158242],[80.3857043,17.0667892],[80.4093861,17.0917164],[80.4385471,17.0378186],[80.464822,17.0302891],[80.4713452,17.0506817],[80.5055165,17.0689079],[80.5139172,17.1222636],[80.5628943,17.1332651],[80.5799639,17.1533901],[80.6705689,17.1011713],[80.6540251,17.0694002],[80.7392205,17.0788166],[80.8450627,17.0401677],[80.8770341,17.070514],[80.8678937,17.1235965],[80.8794594,17.1608531],[80.9239304,17.1578289],[80.9194884,17.2204277],[81.0311544,17.1906611],[81.0550386,17.2248267],[81.079457,17.2154636],[81.1706681,17.2313577],[81.1864523,17.2493396],[81.1766803,17.2876783],[81.189512,17.3235806],[81.2736046,17.3173226],[81.3053298,17.3463987],[81.3226246,17.3745897],[81.3131511,17.4083149],[81.2052727,17.4495466],[81.2025475,17.4340602],[81.1824846,17.440652],[81.1761224,17.4640082],[81.1482596,17.4632918],[81.1596965,17.4842505],[81.1423373,17.4884563],[81.1275744,17.5262221],[81.0986924,17.5043269],[81.0198354,17.520104],[80.9674358,17.5988257],[80.8746957,17.5973122],[80.8511352,17.6140833],[80.8617782,17.6336545],[80.9084897,17.6470636],[80.9094054,17.675828],[80.8854945,17.6837168],[80.9000077,17.7520534],[80.9729629,17.7794715],[80.9914634,17.7501831],[81.05846,17.733287],[81.1045074,17.7720132],[81.0857407,17.79807],[81.0448545,17.7822157],[81.0080074,17.7996052],[80.997737,17.9193492],[80.9475943,18.0821291],[80.9759958,18.1759637],[80.8701566,18.1363252],[80.8524757,18.2013281],[80.8711698,18.206692],[80.8684651,18.2302271],[80.8333079,18.240754],[80.8218804,18.2381952],[80.8145133,18.1768404],[80.738003,18.1746655],[80.7352654,18.2224292],[80.7902692,18.2436589],[80.7192259,18.3914045],[80.7340504,18.4156413],[80.6979815,18.4236714],[80.7029685,18.445651],[80.6562414,18.4768071],[80.6375505,18.5242087],[80.5332973,18.5896273],[80.5127279,18.6224275],[80.4559814,18.6309354],[80.3503724,18.5931471],[80.2728751,18.7237235],[80.2468436,18.7014936],[80.109699,18.6842225],[80.0536719,18.7238307],[80.0213266,18.7685108],[79.9660053,18.7719593],[79.9218832,18.8087077],[79.9120539,18.8306364],[79.9617882,18.8637907],[79.941395,19.0335292],[79.9273869,19.0533325],[79.8740978,19.0415167],[79.8569948,19.0950791],[79.8763209,19.128592],[79.9444005,19.1652651],[79.9216185,19.2160422],[79.9665982,19.303598],[79.9606971,19.3327702],[79.9796506,19.3905344],[79.947701,19.467501],[79.9153925,19.4953837],[79.8646327,19.5102543],[79.7806053,19.598747],[79.7427312,19.6083848],[79.7088781,19.5844655],[79.6291818,19.5743703],[79.5957132,19.5080353],[79.5527318,19.5248229],[79.5366841,19.5547619],[79.5184513,19.5437628],[79.5183887,19.5202154],[79.4718569,19.5015338],[79.4334423,19.5376067],[79.4029438,19.5375751],[79.3657221,19.5769573],[79.3300705,19.5801729],[79.3118047,19.5662602],[79.298402,19.5961987],[79.2440501,19.6171628],[79.2532038,19.5931285],[79.2407897,19.5373447],[79.204021,19.4942546],[79.2229769,19.4683584],[79.1800582,19.4622062],[79.0952372,19.533593],[79.045036,19.5492401],[78.997573,19.5423293],[78.980622,19.5616274],[78.9395482,19.5523695],[78.9368967,19.5640792],[78.9728391,19.581429],[78.9504279,19.6085214],[78.9554594,19.6561554],[78.9049139,19.6699359],[78.8865069,19.6547154],[78.8523552,19.6582508],[78.8604176,19.6895014],[78.8408422,19.7619107],[78.8011336,19.7566672],[78.7833881,19.7792431],[78.7408376,19.7829281],[78.7180173,19.7667036],[78.6984157,19.7882484],[78.5517096,19.8239212],[78.5150599,19.8181176],[78.5051068,19.7947543],[78.4887286,19.7935454],[78.4714258,19.8176735],[78.4224164,19.81838],[78.3865285,19.8461546],[78.3803641,19.880381],[78.3336148,19.884818],[78.333253,19.9102253],[78.3161635,19.9166359],[78.2861078,19.8474501],[78.3371277,19.8384388],[78.3340791,19.8146971],[78.3577752,19.8052995],[78.3652486,19.7792434],[78.3405926,19.7102063],[78.3123137,19.6916772],[78.2783911,19.6924952],[78.2635283,19.6658118],[78.30657,19.6064827],[78.3029859,19.5699284],[78.2743567,19.5558671],[78.2924716,19.5428193],[78.3080173,19.4555254],[78.2599625,19.4518648],[78.266011,19.4322875],[78.242263,19.4232154],[78.1942069,19.4369117],[78.1587499,19.3602451],[78.1933203,19.3186795],[78.1752733,19.2378869],[78.1397902,19.2301065],[78.1136237,19.2482778],[78.0886592,19.2400111],[78.079069,19.2551897],[78.0511449,19.2394995],[78.0355011,19.2502543],[78.0420878,19.2706012],[77.9498516,19.3385078],[77.8634021,19.3044391],[77.8664608,19.2841609],[77.9075109,19.2685443],[77.8699521,19.2492157],[77.8445223,19.1911044],[77.8601961,19.1801521],[77.8341389,19.1344041],[77.8519387,19.1168166],[77.8498256,19.0891203],[77.80536,19.101748],[77.8001126,19.0509143],[77.765561,19.0634024],[77.7606043,19.0325884],[77.7708791,18.9802014],[77.8201456,18.9798702],[77.8158766,18.9482767],[77.8579172,18.949541],[77.8426951,18.9102158],[77.8851448,18.9058094],[77.9028743,18.8674389],[77.9290644,18.8602751],[77.9479762,18.8304342],[77.8420615,18.806929],[77.7867865,18.6830003],[77.7671904,18.7060037],[77.7518749,18.7011411],[77.7286147,18.6653556],[77.7493429,18.5904264],[77.7383119,18.5568688],[77.7074507,18.5653034],[77.655304,18.5315771],[77.6476656,18.5554737],[77.6340985,18.5425808],[77.5964893,18.5493057],[77.5882403,18.526446],[77.5998008,18.5196301],[77.5853179,18.5044383],[77.603686,18.4961779],[77.6032385,18.4764113],[77.5765741,18.4868034],[77.572507,18.469052],[77.5487116,18.4666312],[77.5951414,18.444227],[77.5270384,18.4405989],[77.5565648,18.419208],[77.5213133,18.3475703],[77.5735525,18.3125865],[77.549798,18.2918848],[77.6034266,18.2793438],[77.5728047,18.2429819],[77.5863998,18.217605],[77.5630683,18.1954571],[77.5972343,18.1565527],[77.6014625,18.0932764],[77.5475089,18.0556508],[77.5884795,18.012386],[77.6048936,18.0201473],[77.6274537,17.9969847],[77.6496742,17.9979809],[77.6559078,17.9684465],[77.6495824,17.9500428],[77.6334601,17.9679494],[77.6245389,17.9594949],[77.6189265,17.9036895],[77.5862317,17.9082835],[77.5983522,17.8732783],[77.5763705,17.8754353],[77.5536177,17.8201121],[77.5288974,17.83005],[77.5059815,17.7863871],[77.5688694,17.7664301],[77.5703231,17.7418117],[77.4529389,17.6948351],[77.4487331,17.6576752],[77.4445196,17.5835026],[77.4710304,17.5863047],[77.4972401,17.5679152],[77.5004583,17.5426915],[77.5310478,17.5740337],[77.5491474,17.5507532],[77.5920717,17.5650833],[77.6011801,17.5413053],[77.6227276,17.5481377],[77.6193413,17.5290612],[77.6879902,17.5115352],[77.6916687,17.4968306],[77.6844212,17.4745359],[77.6536651,17.4830739],[77.6556826,17.5049682],[77.6385235,17.4733319],[77.6131262,17.4719836],[77.6139006,17.4467358],[77.5765591,17.4568535],[77.5760829,17.430537],[77.5375754,17.4427944],[77.5133123,17.4294861],[77.5137743,17.4119209],[77.5375491,17.4073073],[77.5284624,17.3701379],[77.4833659,17.3549902],[77.4787731,17.3697306],[77.4528803,17.3739303],[77.4557939,17.3311064],[77.4360704,17.2918573],[77.4580297,17.2800071],[77.4197166,17.2375301],[77.3788022,17.2220507],[77.4019289,17.2104587],[77.3939296,17.1937826],[77.3716087,17.1966093],[77.3660536,17.1547739],[77.4620499,17.1104337],[77.5031982,17.0137339],[77.4794903,16.995695],[77.4690936,16.9191876],[77.4529551,16.9145927],[77.457055,16.8296598],[77.4791435,16.8009082],[77.4687291,16.7811335],[77.4381988,16.789988],[77.4464448,16.7681797],[77.425547,16.7225161],[77.4733268,16.716152],[77.468687,16.6843811],[77.4184263,16.6686017],[77.4432929,16.63831],[77.4724645,16.6520639],[77.4522028,16.6155968],[77.4672468,16.5991509],[77.4231961,16.5685087],[77.3922218,16.569654],[77.4179274,16.5486625],[77.4173902,16.5208487],[77.3773446,16.5141141],[77.3694264,16.4881829],[77.2980482,16.496531],[77.2940933,16.4768586],[77.236585,16.4699909],[77.2874404,16.4090716],[77.3482112,16.3846153],[77.4189847,16.3663029],[77.4910668,16.3849805],[77.5575716,16.344538],[77.5891895,16.3441127],[77.5976293,16.2932653],[77.5681765,16.3045801],[77.5451552,16.2923818],[77.5373517,16.2669983],[77.5143579,16.2779507],[77.4900118,16.2552837],[77.4919713,16.2294863],[77.5157501,16.2254048],[77.501342,16.2230927],[77.4862978,16.1646846],[77.4896441,16.1194905],[77.5139191,16.1077628],[77.4923949,16.0857707],[77.5067714,16.077969],[77.4942492,16.0366513],[77.5140765,16.0087225],[77.5107959,15.9767157],[77.5108193,15.9766536]]]}},{"type":"Feature","properties":{"name":"Tripura","code":"IN-TR"},"geometry":{"type":"Polygon","coordinates":[[[91.5204692,23.1133945],[91.5321153,23.0396532],[91.5516365,23.038345],[91.5439868,22.9998985],[91.5772351,22.9673258],[91.6061463,22.9719805],[91.6137315,22.958377],[91.6000771,22.9549949],[91.6178527,22.9376106],[91.6452455,22.9849059],[91.7102408,22.9821996],[91.7686218,23.0412082],[91.7796028,23.0285011],[91.7739969,23.0691037],[91.8063283,23.0634611],[91.8357548,23.093184],[91.8131304,23.0985404],[91.8099667,23.165335],[91.7599797,23.3004649],[91.8359452,23.3730653],[91.8410307,23.4094159],[91.8995833,23.4421858],[91.939728,23.4386299],[91.9336849,23.4659774],[91.9673292,23.4863896],[91.9276285,23.6823277],[91.9505051,23.7311651],[91.9764367,23.7362355],[92.0006785,23.6728336],[92.067959,23.647878],[92.0787898,23.6791958],[92.1195352,23.6958712],[92.1467972,23.7378707],[92.1716827,23.7422951],[92.1718007,23.720712],[92.2207564,23.6909884],[92.2079676,23.6727771],[92.2153383,23.6539294],[92.2319654,23.6683455],[92.2384939,23.7254832],[92.2661233,23.7287245],[92.2604155,23.8132237],[92.2859716,23.8156775],[92.2755861,23.8501246],[92.2918296,23.8702193],[92.3205292,23.8640872],[92.3315692,23.9065351],[92.3114633,23.9580482],[92.3309469,23.9905656],[92.3152077,24.0669103],[92.3357856,24.1487508],[92.3238873,24.2065374],[92.2947156,24.2277701],[92.298687,24.2526673],[92.216738,24.248973],[92.274127,24.3880654],[92.2593319,24.4393944],[92.2311707,24.4603932],[92.2311707,24.5041023],[92.1623754,24.5277058],[92.1531272,24.4893649],[92.1686706,24.4228374],[92.137785,24.4239706],[92.1221691,24.3809857],[92.0438808,24.3728747],[91.9972801,24.3914756],[91.9852424,24.3755866],[91.9718742,24.3826519],[91.99596,24.3222563],[91.9588709,24.3538312],[91.9221166,24.3326269],[91.9477773,24.2642146],[91.9061601,24.1378223],[91.8799013,24.1401745],[91.8719673,24.1731645],[91.8445229,24.190263],[91.8437397,24.2262291],[91.8173039,24.2086167],[91.7489961,24.2406743],[91.7605162,24.1406004],[91.6867393,24.160782],[91.6596758,24.2274179],[91.6369361,24.1022108],[91.593672,24.0970447],[91.5857515,24.0715193],[91.3759357,24.1053888],[91.3980424,24.0499569],[91.3757613,24.0040352],[91.3795835,23.9757],[91.3034061,23.9944324],[91.3015151,23.9715777],[91.2828622,23.9774242],[91.2656003,23.9445958],[91.2772304,23.9218941],[91.2375471,23.9263318],[91.2476402,23.9133492],[91.2296721,23.8863699],[91.2541231,23.8373454],[91.2281781,23.7921482],[91.2275076,23.7504903],[91.219245,23.7353282],[91.1671887,23.7479689],[91.1508098,23.7118593],[91.1577165,23.6902196],[91.2101188,23.6876676],[91.199787,23.6458412],[91.1600018,23.6634961],[91.1634645,23.5961976],[91.1796784,23.5920657],[91.1958361,23.5486203],[91.2142816,23.5510447],[91.202091,23.5206677],[91.2245384,23.5149766],[91.218458,23.4988377],[91.2492192,23.4904501],[91.2932244,23.3523894],[91.3210684,23.3613181],[91.2914407,23.3190307],[91.3143897,23.3067786],[91.3016854,23.2923599],[91.3276023,23.2511386],[91.3252258,23.1586842],[91.3707,23.0715295],[91.4123708,23.0637264],[91.3784757,23.1841452],[91.4086492,23.2866479],[91.4183226,23.2609181],[91.4553827,23.2612988],[91.443974,23.2471861],[91.4716583,23.2280788],[91.4528641,23.2198436],[91.4858955,23.2095003],[91.475392,23.1953004],[91.5041667,23.1931456],[91.4927325,23.1573426],[91.5163761,23.1459488],[91.5043491,23.1286909],[91.5204692,23.1146279],[91.5204692,23.1133945]]]}},{"type":"Feature","properties":{"name":"Uttar Pradesh","code":"IN-UP"},"geometry":{"type":"MultiPolygon","coordinates":[[[[77.2066403,28.7875253],[77.2280336,28.7845746],[77.2912591,28.7063661],[77.3311068,28.7131973],[77.3168228,28.6377479],[77.3404229,28.6236487],[77.3412222,28.6051404],[77.2948372,28.5815446],[77.297364,28.5599651],[77.3508666,28.5007625],[77.3717558,28.4981747],[77.3798847,28.4705022],[77.4335303,28.4548548],[77.4360796,28.431679],[77.4786032,28.4171143],[77.4733064,28.3968298],[77.5048913,28.3699962],[77.4713136,28.3346051],[77.5070685,28.3056742],[77.4927326,28.2519091],[77.550424,28.2421001],[77.5212474,28.2243954],[77.5305722,28.1985006],[77.4969282,28.2053939],[77.4997043,28.1819644],[77.5436447,28.191246],[77.5493204,28.1760805],[77.5017813,28.1606318],[77.4913236,28.136738],[77.5123773,28.1247858],[77.4999617,28.0951326],[77.4819912,28.1070514],[77.4756081,28.0851146],[77.5010916,28.0590035],[77.4829087,28.0407618],[77.5127368,28.0318953],[77.5424553,27.9890805],[77.5168763,27.9711205],[77.544223,27.9621543],[77.5365738,27.9339959],[77.4843467,27.9346011],[77.4712043,27.8829413],[77.4504927,27.8709955],[77.42007,27.8903915],[77.4092722,27.8740241],[77.4219905,27.8543468],[77.3478206,27.8553434],[77.3306605,27.8307381],[77.2964546,27.8252121],[77.2833037,27.7995836],[77.3104776,27.7880671],[77.3188333,27.7365205],[77.3030121,27.7112221],[77.3410063,27.703479],[77.3526206,27.6509953],[77.3171138,27.6068548],[77.3580848,27.5887851],[77.3370938,27.5714475],[77.3483169,27.543087],[77.3380722,27.5311737],[77.3829795,27.5158137],[77.4015175,27.4757725],[77.4377466,27.4562111],[77.4213434,27.42212],[77.4404421,27.3902097],[77.5070428,27.3778649],[77.5838231,27.3212301],[77.6226577,27.3362047],[77.6217556,27.3137478],[77.5988653,27.2971664],[77.621541,27.2749049],[77.6169061,27.2569377],[77.6437712,27.2479339],[77.6462414,27.2107781],[77.6800775,27.1951747],[77.6422691,27.1640798],[77.6187515,27.1732813],[77.6006412,27.1202575],[77.5072483,27.0955774],[77.5271702,27.0834296],[77.5187158,27.0665207],[77.5737548,27.0704186],[77.5631118,27.0287577],[77.5795698,27.0373969],[77.6309609,27.0101773],[77.6417327,27.0256039],[77.6676321,27.0189518],[77.6792836,27.0465324],[77.7124357,26.9962018],[77.7303314,26.9941942],[77.7372622,27.0293502],[77.7628183,27.0067935],[77.7435922,26.9830276],[77.676225,26.9732383],[77.6719022,26.9607103],[77.6610369,26.9713041],[77.5831103,26.9239449],[77.4857783,26.898822],[77.4271738,26.8641317],[77.4307608,26.8483297],[77.3979471,26.8304371],[77.4291068,26.8015196],[77.4338226,26.7672636],[77.4608455,26.777372],[77.469414,26.7646814],[77.4546504,26.7419435],[77.4850628,26.7479758],[77.5027778,26.7694768],[77.4874429,26.7872429],[77.5015014,26.8443148],[77.520318,26.8416489],[77.5253982,26.8188731],[77.6080386,26.8391591],[77.6077078,26.8278367],[77.686428,26.8759206],[77.7225549,26.8742789],[77.7317255,26.9202899],[77.7532011,26.9168064],[77.7605009,26.9326687],[77.8504547,26.9126802],[77.8970327,26.8839778],[77.9062095,26.9178744],[77.947834,26.8933918],[78.0144435,26.9022186],[78.0359707,26.8707551],[78.0269734,26.8499167],[78.0561937,26.8683018],[78.0486618,26.9100321],[78.1107008,26.8957984],[78.1019353,26.9172868],[78.1221056,26.9221465],[78.1169557,26.9460113],[78.1721878,26.9482015],[78.2097924,26.9311478],[78.2243993,26.9464385],[78.2709789,26.9155266],[78.2330846,26.874038],[78.2074642,26.8689849],[78.1970787,26.881847],[78.2219964,26.8304643],[78.2599613,26.8141677],[78.2724573,26.8159251],[78.2825134,26.8544354],[78.3626478,26.8692373],[78.3990484,26.81848],[78.4342927,26.8257052],[78.4616975,26.7881856],[78.5232304,26.7803146],[78.5768586,26.7489665],[78.6129984,26.7524304],[78.6284461,26.7732292],[78.6705286,26.7624067],[78.684525,26.7887538],[78.7229029,26.797268],[78.7271928,26.7764702],[78.7535969,26.7870122],[78.7719793,26.7586841],[78.8189903,26.7609418],[78.8723623,26.6977868],[78.9125639,26.7068343],[78.9560559,26.6916804],[78.9454879,26.6548216],[79.003779,26.673739],[78.9934602,26.6419072],[79.0170629,26.601036],[78.9875879,26.5863227],[79.0077436,26.5438697],[79.028338,26.5466876],[79.0396609,26.5151142],[79.0681269,26.4966211],[79.0526164,26.4537383],[79.1351751,26.4401277],[79.1259837,26.4112536],[79.0952064,26.412636],[79.0842441,26.3623205],[79.1388308,26.3375134],[79.1155273,26.3204775],[79.1185982,26.3003364],[79.1019288,26.3068153],[79.0906482,26.2700279],[79.0770085,26.2806205],[79.0456441,26.2603073],[79.0696951,26.2456966],[79.0634447,26.2259047],[79.0345985,26.2253705],[79.0194422,26.2476091],[78.9893556,26.234976],[79.0258215,26.220098],[79.0258304,26.1917654],[78.9936657,26.1968917],[78.9831139,26.1843583],[79.0044687,26.1692156],[79.0048954,26.1480498],[78.9669558,26.1501426],[78.9488704,26.1286798],[79.0120632,26.0831848],[78.948263,26.0277492],[78.9568143,25.996538],[78.9331792,25.9793319],[78.9389565,25.9426871],[78.8846391,25.9139295],[78.8873791,25.8684948],[78.8730566,25.8751388],[78.8524062,25.8566465],[78.8514072,25.8384625],[78.8725785,25.835093],[78.8724444,25.801379],[78.8571476,25.7918152],[78.8455512,25.8215549],[78.8184353,25.8290073],[78.8062664,25.8130929],[78.8283102,25.8143382],[78.8286166,25.7957076],[78.8082876,25.8009712],[78.7828829,25.758483],[78.7528558,25.7500024],[78.7633317,25.7199297],[78.7999117,25.7050682],[78.8167042,25.6763215],[78.8117627,25.6207825],[78.7421494,25.5969932],[78.7173291,25.6053292],[78.6586749,25.5598867],[78.624193,25.5673784],[78.6307968,25.5789325],[78.6181362,25.5836626],[78.5877417,25.5566002],[78.4933385,25.5786978],[78.4646937,25.5455086],[78.4435992,25.5632036],[78.4193405,25.5329641],[78.4313025,25.4743011],[78.4155071,25.4756969],[78.3771045,25.4368864],[78.3545445,25.4519791],[78.3405303,25.3995207],[78.305312,25.3767511],[78.3008012,25.3599315],[78.3280579,25.3525429],[78.3437932,25.3284558],[78.3117342,25.3033006],[78.3545858,25.2922544],[78.3501106,25.2773273],[78.3725142,25.2599069],[78.3598,25.2421932],[78.410952,25.212666],[78.3907383,25.2010146],[78.3956623,25.1870888],[78.4582981,25.163635],[78.4273813,25.1541036],[78.4447609,25.1205779],[78.406818,25.1289326],[78.338635,25.0865814],[78.3473727,25.0215315],[78.3338524,24.9954996],[78.1689705,24.8626199],[78.2166786,24.8085944],[78.2357446,24.7717482],[78.2261432,24.746912],[78.2766967,24.6629931],[78.2626736,24.6460018],[78.2779835,24.6147576],[78.2644694,24.5522023],[78.2294432,24.537534],[78.225822,24.5201123],[78.2460165,24.509539],[78.2458905,24.4861392],[78.2749791,24.4739234],[78.2696896,24.4469392],[78.3657865,24.3859762],[78.3290835,24.3271278],[78.3856689,24.2696687],[78.4310867,24.2840319],[78.4936191,24.381384],[78.5183804,24.3878188],[78.5298842,24.3680952],[78.5860043,24.3537423],[78.6036463,24.3144997],[78.6284428,24.303938],[78.625803,24.2805906],[78.6600457,24.2675947],[78.6686337,24.2400373],[78.7030579,24.2269232],[78.734166,24.2524051],[78.7504242,24.233887],[78.7618916,24.2595369],[78.7855445,24.1834966],[78.8055314,24.1781802],[78.8149462,24.2068045],[78.8267481,24.1954463],[78.8818541,24.2170092],[78.8843741,24.25],[78.9160702,24.2676263],[78.9096377,24.297995],[78.971454,24.3476058],[78.9936477,24.4227502],[78.9857612,24.4416837],[78.9474838,24.4366219],[78.9142095,24.4596177],[78.9205759,24.4997189],[78.936219,24.4794226],[78.9715215,24.4942418],[78.9472554,24.502404],[78.9532101,24.5468959],[78.8832326,24.6412935],[78.7837871,24.5885603],[78.7520302,24.6001799],[78.7439279,24.6540599],[78.7809999,24.7060757],[78.7703977,24.7884008],[78.7898391,24.8109779],[78.7700367,24.8590197],[78.6765598,24.8986312],[78.6633933,24.9384424],[78.631731,24.9576941],[78.6526167,25.0505925],[78.6277985,25.0866872],[78.602736,25.0944215],[78.5977363,25.1630176],[78.5700988,25.2233449],[78.5559368,25.2107655],[78.5781026,25.2526822],[78.5344791,25.2681002],[78.5309172,25.2843796],[78.5117769,25.2773753],[78.5040414,25.2898605],[78.4502363,25.262104],[78.4351516,25.2839139],[78.4526771,25.301229],[78.47296,25.2855243],[78.50358,25.3210245],[78.5100388,25.2954964],[78.5320759,25.3003658],[78.5525572,25.3196667],[78.5295653,25.3529656],[78.5846901,25.3465664],[78.5870504,25.3711337],[78.5616874,25.3782489],[78.5664511,25.3914701],[78.5909128,25.386081],[78.6091089,25.4156793],[78.6348796,25.4007163],[78.6421537,25.4348068],[78.6588692,25.4415501],[78.6820006,25.4334891],[78.6895537,25.4453673],[78.7111187,25.4283925],[78.6750269,25.3998634],[78.6661219,25.4154855],[78.6601782,25.3836965],[78.6996603,25.3818936],[78.7268901,25.3431922],[78.7740701,25.3530626],[78.7736678,25.3760388],[78.75736,25.3853637],[78.7674343,25.3998731],[78.7475109,25.3921098],[78.7480259,25.4094191],[78.8217115,25.4222687],[78.8018417,25.4371515],[78.7667799,25.4238966],[78.7316321,25.4578449],[78.7368679,25.4933331],[78.7675953,25.4698756],[78.7924218,25.4839971],[78.8173127,25.4720647],[78.8078069,25.4536019],[78.8212824,25.4678415],[78.8404226,25.4617003],[78.8549173,25.4478474],[78.8210034,25.4383141],[78.8457441,25.4282375],[78.8657856,25.4646063],[78.838191,25.5096984],[78.8847327,25.5158372],[78.8817072,25.5534184],[78.9111686,25.5551413],[78.9230025,25.536033],[78.9417672,25.5570578],[78.9528394,25.5377368],[78.9199877,25.5150238],[78.9425397,25.4786897],[78.9089799,25.4423252],[78.9375615,25.4220943],[78.9513802,25.4407169],[78.9671945,25.4346905],[78.9701772,25.3897254],[78.9891243,25.3737898],[78.958708,25.3710658],[78.9380014,25.3473421],[78.8960195,25.3743133],[78.9380336,25.3745071],[78.9521741,25.3995049],[78.8802266,25.3859259],[78.845669,25.3555834],[78.845669,25.3271438],[78.8189435,25.3071748],[78.7973356,25.3135761],[78.787154,25.2967186],[78.8280201,25.3033144],[78.8087726,25.270875],[78.8499284,25.2284695],[78.8799691,25.2858153],[78.8626742,25.3148175],[78.882029,25.3431922],[78.9116621,25.3324094],[78.9211035,25.3434055],[78.927648,25.3239144],[78.9601564,25.3454805],[78.9578819,25.3022087],[78.9799619,25.2780155],[78.9554786,25.2825752],[78.9450502,25.2591737],[78.9161467,25.273514],[78.8987446,25.2430268],[78.8785422,25.2523621],[78.8687038,25.2303815],[78.8902473,25.2144346],[78.8704741,25.1879715],[78.8801515,25.1573464],[78.9538581,25.2189626],[79.0058735,25.1950472],[79.0011862,25.2336981],[78.9748443,25.2404934],[78.9943746,25.2731634],[79.0132216,25.2740499],[79.0217734,25.2415719],[79.0636834,25.2217578],[79.0596661,25.190409],[79.0523292,25.2074446],[79.0309138,25.1844807],[79.0293807,25.1402866],[79.0508056,25.1339841],[79.0906303,25.1908075],[79.1260936,25.1612199],[79.1160026,25.1396489],[79.1318865,25.1090141],[79.1859955,25.1149331],[79.1761801,25.14006],[79.1922096,25.1462139],[79.2171756,25.110805],[79.2479415,25.1159236],[79.2604741,25.1531129],[79.2599048,25.1252577],[79.2781811,25.1174304],[79.3136539,25.1362352],[79.3231975,25.1497604],[79.3085083,25.1982867],[79.2846166,25.1911877],[79.2792521,25.2447295],[79.328527,25.2213228],[79.3383635,25.1979586],[79.3518943,25.2121566],[79.3327571,25.2282796],[79.3435758,25.2270567],[79.3508622,25.2639201],[79.3165177,25.2559577],[79.2937874,25.2835836],[79.2826787,25.2621619],[79.2644659,25.2689452],[79.2705167,25.3097162],[79.2998861,25.3376345],[79.3522311,25.3298822],[79.3361473,25.2880963],[79.3583098,25.2842368],[79.3628991,25.2616964],[79.3685921,25.2924564],[79.4076139,25.2739159],[79.4088129,25.2560911],[79.4374528,25.254877],[79.467219,25.283297],[79.494459,25.2669057],[79.4624623,25.2646665],[79.4326569,25.2206371],[79.4488341,25.2150736],[79.4403707,25.1988195],[79.4120788,25.2003189],[79.4116319,25.1826977],[79.3899041,25.1701085],[79.3839454,25.1427066],[79.4057395,25.1063594],[79.426134,25.1190553],[79.4212965,25.1354325],[79.4391973,25.1278022],[79.4389206,25.1012212],[79.4772405,25.1274512],[79.4650246,25.0880456],[79.4915042,25.0796542],[79.5248946,25.0969731],[79.5179475,25.1270349],[79.5693587,25.171802],[79.5956862,25.1433677],[79.6069858,25.1527686],[79.6011388,25.1274868],[79.6227063,25.1406098],[79.6732217,25.1203581],[79.6833575,25.1351547],[79.7484993,25.1393513],[79.8615318,25.0962101],[79.8516169,25.1285494],[79.8815301,25.142047],[79.8664555,25.1498208],[79.8560198,25.1940523],[79.8685893,25.2164906],[79.8513785,25.235559],[79.9074883,25.2508899],[79.9175548,25.2268252],[79.9483304,25.2686624],[80.005115,25.2657102],[79.9989434,25.2859729],[80.0222127,25.2976162],[80.0177918,25.3225324],[80.033415,25.3420236],[80.0726699,25.336947],[80.0887808,25.3558547],[80.1310969,25.3342301],[80.1689618,25.3768589],[80.1949315,25.3781577],[80.2023719,25.4140365],[80.2208209,25.3967435],[80.2534192,25.4008344],[80.2638382,25.4240195],[80.315411,25.3888712],[80.3107999,25.286407],[80.3514265,25.2771574],[80.3835765,25.237289],[80.4033438,25.2440343],[80.4316659,25.1776171],[80.3545575,25.1383575],[80.3760823,25.1163592],[80.3484302,25.0866521],[80.3553346,25.0556349],[80.3113977,25.0442343],[80.2905377,25.0595389],[80.273623,25.0259732],[80.330993,24.9921999],[80.3629491,25.0235972],[80.3873155,25.0043144],[80.3964404,25.0119462],[80.3736589,25.0559116],[80.3880037,25.0509144],[80.4006231,25.0695725],[80.4087169,25.0552533],[80.4161061,25.0731755],[80.4496459,25.0784932],[80.475147,25.0379405],[80.5018766,25.0372488],[80.4544499,25.042223],[80.4330916,25.0237355],[80.4548724,25.0057291],[80.4370255,24.9945229],[80.4628546,25.0025334],[80.4561447,24.981636],[80.4786561,24.9739532],[80.4993023,25.0062146],[80.5494757,25.0024662],[80.5460686,25.0324176],[80.5005792,25.0415312],[80.5066275,25.0839742],[80.4827222,25.100211],[80.5181317,25.094703],[80.5215973,25.0760458],[80.5458002,25.0644018],[80.5684466,25.086877],[80.6131362,25.0656956],[80.5922863,25.0901973],[80.6065422,25.1503583],[80.6103385,25.1290136],[80.6285102,25.1333971],[80.6382269,25.1168674],[80.6080819,25.098433],[80.6559673,25.0847137],[80.6617364,25.0676054],[80.6850127,25.0766073],[80.6797369,25.0484571],[80.7207212,25.0640089],[80.7757606,25.054824],[80.7836336,25.0759489],[80.7254512,25.0914311],[80.7273516,25.1185525],[80.7043894,25.1283749],[80.7302416,25.1463188],[80.7419527,25.1236333],[80.7787803,25.142261],[80.7863764,25.1294424],[80.8083965,25.1367869],[80.829886,25.1000632],[80.8491039,25.1626017],[80.838143,25.180347],[80.8687926,25.1745109],[80.8846618,25.1879389],[80.912912,25.1590831],[80.8684388,25.1156796],[80.8780406,25.0654692],[80.8317817,25.0328737],[80.8517359,24.9882486],[80.7922077,24.9648684],[80.8200498,24.9329057],[80.8119911,24.9225478],[80.8917167,24.9451068],[80.9070764,24.9350521],[80.8991485,24.9486221],[80.9460041,24.9662652],[80.9571777,24.9178535],[80.9738513,24.9341924],[81.0230692,24.9276208],[81.0162666,24.951503],[81.0255788,24.9400536],[81.0337306,24.9526117],[81.0845072,24.9499079],[81.0963022,24.9211894],[81.1396043,24.8875274],[81.168012,24.9552292],[81.2071941,24.9304321],[81.19291,24.9253522],[81.2196374,24.9286192],[81.2089241,24.9926175],[81.2638211,25.0527645],[81.2666721,25.0843897],[81.2521373,25.1020766],[81.2775162,25.1660002],[81.3134303,25.1637355],[81.3214722,25.1127659],[81.3195634,25.1567826],[81.3345164,25.1692948],[81.399921,25.1192192],[81.4385247,25.1303347],[81.4476577,25.1071722],[81.40727,25.1049143],[81.4911345,25.0723237],[81.5180982,25.1007384],[81.4903217,25.109445],[81.4800549,25.1325492],[81.496384,25.12898],[81.4995098,25.1486817],[81.5272438,25.1380911],[81.5365001,25.1605479],[81.5146034,25.1843374],[81.5785742,25.1908539],[81.5956213,25.1818219],[81.5884634,25.1657697],[81.6262105,25.1604667],[81.6233203,25.1410394],[81.5980643,25.1313357],[81.6083167,25.0960549],[81.6240816,25.120037],[81.6408635,25.0984924],[81.6003506,25.0738463],[81.6114341,25.0565015],[81.6665425,25.075111],[81.6861359,25.0404086],[81.7315077,25.0486419],[81.7922127,25.0044074],[81.8348153,25.0169721],[81.8913135,24.9888682],[81.8955614,25.0095181],[81.9072697,25.005673],[81.919645,24.9281249],[81.9028363,24.8916753],[81.9652662,24.8270395],[82.0169399,24.8459801],[82.0976541,24.8161487],[82.1156092,24.7844363],[82.1386615,24.7994628],[82.1670211,24.7854419],[82.1789018,24.7950663],[82.1666505,24.800875],[82.2035916,24.8192047],[82.1842573,24.795633],[82.2161504,24.794141],[82.2179224,24.7766756],[82.1965451,24.7780595],[82.2032568,24.7583395],[82.1774543,24.7323253],[82.2140387,24.7344251],[82.2213045,24.7223278],[82.2065692,24.7471946],[82.2288405,24.7455828],[82.2264583,24.7612371],[82.2451605,24.7444106],[82.2509343,24.7699303],[82.2501106,24.697453],[82.2297113,24.6817872],[82.2397114,24.6612731],[82.260874,24.6613124],[82.2687584,24.683405],[82.3031431,24.667103],[82.2968041,24.6058404],[82.3386389,24.6203645],[82.3647673,24.5971982],[82.4161102,24.5911984],[82.4062045,24.6811195],[82.4294479,24.7025857],[82.4530283,24.688537],[82.4502384,24.6744097],[82.5229522,24.6762697],[82.5396345,24.6478514],[82.6708468,24.6970267],[82.7008885,24.6760187],[82.7067018,24.6362749],[82.7743017,24.6417747],[82.7795481,24.6139359],[82.7654619,24.595771],[82.803031,24.597685],[82.807545,24.5489944],[82.7555201,24.5374468],[82.7516391,24.5499068],[82.7191827,24.55247],[82.7310275,24.5350834],[82.7206341,24.5140324],[82.7435632,24.4953468],[82.7298949,24.4726515],[82.7392103,24.4276439],[82.713207,24.3802358],[82.7259693,24.3679408],[82.7640063,24.3762693],[82.773638,24.3434221],[82.7592949,24.2370571],[82.7347147,24.217311],[82.7444369,24.1654804],[82.7280776,24.1351429],[82.682885,24.1545919],[82.665238,24.1244874],[82.7138994,24.0762497],[82.7740195,24.0763043],[82.7507045,24.0119781],[82.8041829,24.0035247],[82.8125776,23.9598956],[82.9389686,23.8756723],[83.0886583,23.8716378],[83.2068229,23.9207368],[83.2232487,23.9869682],[83.2448029,24.012579],[83.2791567,24.018165],[83.2940912,24.0703291],[83.3214712,24.1066864],[83.3465552,24.1125817],[83.3831191,24.1981705],[83.3790636,24.2308031],[83.4090614,24.2665278],[83.3815902,24.3136922],[83.4585007,24.3644092],[83.4360498,24.400924],[83.4062117,24.4050312],[83.4063144,24.4358868],[83.3866864,24.4549433],[83.3978659,24.4948129],[83.5016873,24.5264969],[83.4964671,24.5402797],[83.5297823,24.565313],[83.5226154,24.6013724],[83.54815,24.6232606],[83.501544,24.6494355],[83.5190105,24.6792316],[83.4854936,24.7019249],[83.4895277,24.7365417],[83.4592294,24.7312017],[83.3936217,24.7824287],[83.3968949,24.8311041],[83.3571879,24.8703538],[83.3692145,24.8785334],[83.354426,24.9052093],[83.3625412,24.9531743],[83.3446025,24.9652454],[83.3526706,25.003328],[83.3212566,25.0203621],[83.3674764,25.126908],[83.3520269,25.1585701],[83.3571553,25.1984371],[83.4023452,25.2090182],[83.4106707,25.2473355],[83.4369778,25.2442884],[83.4503889,25.2609979],[83.4690571,25.2524591],[83.4904289,25.2895404],[83.5053205,25.2808871],[83.5546088,25.3089206],[83.5397493,25.3156827],[83.5730624,25.3065346],[83.5972667,25.3284529],[83.6487222,25.3389257],[83.6560178,25.3684581],[83.694124,25.369439],[83.6821925,25.3795177],[83.7024996,25.3967697],[83.7109076,25.3852233],[83.7420241,25.4105321],[83.7723847,25.3868176],[83.8072819,25.4096834],[83.8013407,25.4304375],[83.8463274,25.435118],[83.8129404,25.448843],[83.816692,25.4630263],[83.8554047,25.4680803],[83.8758945,25.517735],[83.8983821,25.521298],[83.9231228,25.5535346],[84.0150904,25.6138606],[84.0805149,25.6372512],[84.0747857,25.6956787],[84.1030669,25.7207931],[84.1401672,25.7315604],[84.1298461,25.7174101],[84.1427851,25.7164628],[84.1547155,25.7297627],[84.1987896,25.702446],[84.2051839,25.6703076],[84.2785263,25.6594767],[84.2997587,25.6641124],[84.2864011,25.676767],[84.3244901,25.671064],[84.3366949,25.7442861],[84.3749278,25.7347488],[84.3891066,25.7459677],[84.4068002,25.6981923],[84.4265628,25.6928363],[84.42976,25.7117069],[84.4532347,25.7140269],[84.498918,25.6756259],[84.52883,25.6829745],[84.539237,25.7267085],[84.5351815,25.6916955],[84.5576048,25.6803445],[84.5606088,25.7373979],[84.6345091,25.7283902],[84.6036315,25.7614986],[84.6229219,25.7719337],[84.6243381,25.7924532],[84.5548367,25.8394494],[84.5297742,25.8319753],[84.5231652,25.8603435],[84.5423698,25.8600925],[84.5335936,25.8758475],[84.4263696,25.8907318],[84.4115638,25.9305298],[84.3536067,25.9585656],[84.2960787,25.9455036],[84.2060423,25.9998064],[84.1694391,25.9881558],[84.1725198,26.0247146],[84.1096009,26.0887858],[84.0547584,26.1022579],[84.0502337,26.130533],[84.0268442,26.1436689],[84.0334122,26.1616506],[84.0097308,26.1751759],[84.0280118,26.2001921],[84.0195464,26.2399318],[84.0856647,26.2203582],[84.1206578,26.2587167],[84.165503,26.2424355],[84.1858822,26.3118314],[84.1763102,26.3721488],[84.0803802,26.382152],[84.0345499,26.4117152],[84.0194981,26.4470374],[83.9905805,26.4325798],[83.9079561,26.4474055],[83.9079545,26.5190823],[83.9406564,26.5247288],[83.9734752,26.5075446],[83.976611,26.5335465],[84.00756,26.5214351],[84.048715,26.5372058],[84.0893447,26.6034452],[84.0868641,26.6391981],[84.159308,26.6359511],[84.1603374,26.6244422],[84.2720968,26.599464],[84.3074528,26.6163357],[84.4199963,26.6262727],[84.4108772,26.6702405],[84.3326563,26.683516],[84.3062495,26.7491362],[84.2549228,26.7264468],[84.2400956,26.738597],[84.2328643,26.7536198],[84.2596864,26.8015113],[84.2542791,26.8565042],[84.2197843,26.8716634],[84.1902923,26.8583993],[84.1822457,26.8335873],[84.1649483,26.8341865],[84.1419911,26.8500527],[84.1444158,26.8859427],[84.1114568,26.8993769],[84.0981102,26.8761434],[84.0604949,26.8876077],[84.0554523,26.9282686],[84.0324232,26.9396933],[84.0548515,26.9596393],[84.0457176,26.981725],[84.0567398,26.9887067],[84.0375781,27.0091832],[84.0494871,27.0436466],[83.9999842,27.0685843],[84.0306687,27.0975853],[83.9468121,27.0902689],[83.9586568,27.1367573],[83.9943838,27.1746557],[83.9709949,27.2232079],[83.9061284,27.2556787],[83.9341736,27.300058],[83.9250923,27.3213879],[83.8587928,27.3070366],[83.8370732,27.3206911],[83.8568879,27.349321],[83.8323122,27.3686619],[83.6145262,27.4692222],[83.3889139,27.4797631],[83.4017808,27.4570352],[83.3840406,27.4366814],[83.4094034,27.412479],[83.359182,27.3431148],[83.3171907,27.3301647],[83.2724657,27.3526667],[83.2722019,27.3834518],[83.1878974,27.4543758],[83.0346267,27.4487825],[82.9541429,27.4677793],[82.9293481,27.5012379],[82.7355705,27.502349],[82.7560426,27.5924351],[82.7350215,27.6110081],[82.7316735,27.6538482],[82.7123703,27.6629677],[82.708454,27.7226064],[82.4488049,27.6794928],[82.2091444,27.8427974],[82.121095,27.8658719],[82.0700183,27.9237103],[81.9682829,27.9290536],[81.9258888,27.8600718],[81.8849591,27.8569699],[81.6984631,27.9882002],[81.624785,28.0013357],[81.4783173,28.0825307],[81.4838055,28.1183729],[81.4267287,28.1706316],[81.3747155,28.1772053],[81.3712226,28.1423975],[81.3179327,28.1335715],[81.3280473,28.1482384],[81.3011744,28.1655696],[81.3219754,28.1696149],[81.320562,28.1972387],[81.2326763,28.2891834],[81.234511,28.3246346],[81.2105973,28.3605649],[81.0813668,28.3843444],[81.0358242,28.4137158],[81.0336375,28.3990962],[81.0176296,28.4160792],[81.0335567,28.4283103],[81.0131795,28.4384751],[81.017859,28.4518934],[80.9788841,28.4341014],[80.9647871,28.444498],[80.9796074,28.4555414],[80.952251,28.4479288],[80.9336142,28.4586105],[80.9440189,28.4682007],[80.9276797,28.4576555],[80.9141586,28.4683753],[80.9157352,28.4580715],[80.8961435,28.5069615],[80.861695,28.5045043],[80.8650411,28.490198],[80.7877981,28.5250243],[80.7682195,28.5656789],[80.7146672,28.5683948],[80.6901343,28.5871642],[80.6956555,28.6033549],[80.6775386,28.6045227],[80.6676122,28.6417542],[80.5901967,28.6477521],[80.58099,28.6836438],[80.5396515,28.6907478],[80.5064196,28.6712922],[80.5307159,28.572464],[80.5184017,28.5507014],[80.4695805,28.5839184],[80.4515031,28.6290034],[80.4150391,28.6394494],[80.3714004,28.6290807],[80.325743,28.6664896],[80.3159091,28.7005622],[80.256259,28.7293212],[80.2577138,28.7530196],[80.2159235,28.7554264],[80.1180415,28.8289048],[80.0747654,28.8244192],[80.0645318,28.8399417],[80.0661341,28.7800432],[80.0301218,28.748961],[79.9523704,28.7243243],[79.9440756,28.7640971],[79.9239921,28.7726247],[79.9406432,28.7874447],[79.8716223,28.7972309],[79.8734004,28.8121685],[79.9146365,28.8054215],[79.9129199,28.8192592],[79.8648333,28.8379447],[79.8463153,28.8246735],[79.8497485,28.8017361],[79.8076051,28.8006197],[79.8373031,28.8336966],[79.8294067,28.8539207],[79.8513793,28.8603856],[79.8299216,28.8860906],[79.7505712,28.8718859],[79.7065401,28.8426062],[79.6579814,28.8681278],[79.5764885,28.8504837],[79.5832872,28.8805668],[79.555132,28.899737],[79.5317459,28.870533],[79.42523,28.8662862],[79.427247,28.9210303],[79.4081926,28.9514896],[79.3850607,28.9509428],[79.3720605,28.9876736],[79.3638203,28.9667828],[79.3133926,28.9764213],[79.3065691,28.9662841],[79.2108281,29.0265243],[79.1660491,29.0169859],[79.17454,29.0473535],[79.1442697,29.0659119],[79.1539621,29.0990395],[79.1389054,29.1268416],[79.0390777,29.1690256],[79.0392456,29.1454897],[79.0174477,29.153498],[79.0150022,29.1320517],[79.0402793,29.1270472],[79.0268898,29.1124257],[79.0086507,29.1126131],[78.9831676,29.1423699],[78.9564453,29.119888],[78.9063344,29.125014],[78.9187581,29.1355345],[78.9087501,29.1785618],[78.8752161,29.2051682],[78.8744801,29.2302485],[78.8583388,29.2418412],[78.8073704,29.2366788],[78.7189722,29.3070396],[78.7706423,29.3380768],[78.7953615,29.3123534],[78.8266897,29.3706381],[78.849349,29.3447452],[78.8527822,29.3603902],[78.9112329,29.3921217],[78.9426726,29.4385842],[78.7961767,29.4656066],[78.7578105,29.4959044],[78.7034797,29.5044953],[78.5565233,29.6083827],[78.5211121,29.6523438],[78.5110044,29.7254397],[78.4294009,29.7643774],[78.3316706,29.7960279],[78.258748,29.7388181],[78.2028722,29.7377002],[78.1944179,29.6922283],[78.1778955,29.6977457],[78.1293582,29.6536729],[78.0794262,29.6354434],[78.0828165,29.6240378],[78.0572175,29.6306407],[78.0165124,29.5990025],[78.0215978,29.5808536],[77.9950192,29.595922],[77.9619884,29.5812763],[77.9312181,29.6002525],[77.9489651,29.6164362],[77.9756155,29.6137194],[77.9820943,29.6425957],[77.9384755,29.6967991],[77.9508465,29.7081504],[77.8811574,29.7027595],[77.8262257,29.6693168],[77.7979445,29.6893949],[77.8088517,29.7030418],[77.772045,29.7129541],[77.7732467,29.7919227],[77.7511024,29.811604],[77.7405023,29.8530392],[77.7141568,29.8704471],[77.746253,29.9101566],[77.7307605,29.9326225],[77.7474117,29.9529639],[77.7336788,29.957463],[77.78095,30.0202616],[77.7706718,30.048665],[77.800219,30.0970564],[77.8245735,30.0860655],[77.8559017,30.1106819],[77.946287,30.2333362],[77.8963634,30.266124],[77.8458594,30.2708543],[77.7192592,30.3308795],[77.6906776,30.3758372],[77.6477558,30.4048597],[77.5753165,30.3977064],[77.6021432,30.369654],[77.5776775,30.3318776],[77.5847411,30.3112271],[77.5379987,30.2794702],[77.4746847,30.1810444],[77.428379,30.1634214],[77.4237871,30.13043],[77.402501,30.1131692],[77.4230657,30.103557],[77.3762682,30.0900254],[77.3330211,30.0533826],[77.275591,30.0430902],[77.2771034,29.9953953],[77.2472763,29.9768699],[77.2150039,29.9222085],[77.1870214,29.9106939],[77.2015285,29.8704942],[77.178955,29.8480887],[77.1729469,29.8017359],[77.1206346,29.7563514],[77.1564245,29.6945024],[77.1328854,29.6441063],[77.1049474,29.6323381],[77.1075868,29.5957],[77.0838761,29.5873968],[77.1267915,29.5593848],[77.0963982,29.518006],[77.1318243,29.4862912],[77.1236801,29.4578344],[77.1486674,29.4339323],[77.1335935,29.4070771],[77.1578836,29.3868494],[77.1243238,29.3693478],[77.1320699,29.3400601],[77.1617889,29.3314549],[77.1389539,29.2678433],[77.150002,29.2327608],[77.1314142,29.2174887],[77.1490846,29.1176475],[77.1340817,29.095148],[77.1637626,29.0794258],[77.1669739,29.033817],[77.1891194,29.0276684],[77.2027411,28.9852625],[77.1964472,28.9382096],[77.2344964,28.9108046],[77.2266678,28.8800865],[77.1886824,28.8800774],[77.2220326,28.8339207],[77.2033005,28.791877],[77.2066403,28.7875253]]],[[[79.3580435,25.1834758],[79.3614649,25.171096],[79.3725559,25.1800159],[79.3580452,25.1834781],[79.3580435,25.1834758]]],[[[79.3581988,25.1432884],[79.3505843,25.1169847],[79.3796912,25.1012223],[79.3798061,25.0647923],[79.3511332,25.0688829],[79.3561071,25.0404694],[79.3690388,25.0543159],[79.3949582,25.0321199],[79.4130489,25.0352731],[79.4259113,25.0585889],[79.3871906,25.0856966],[79.3808952,25.122433],[79.3638166,25.1256457],[79.3741963,25.1426037],[79.3581988,25.1432888],[79.3581988,25.1432884]]]]}},{"type":"Feature","properties":{"name":"Uttarakhand","code":"IN-UT"},"geometry":{"type":"Polygon","coordinates":[[[80.5978489,30.4696485],[80.5411422,30.4488235],[80.499158,30.487941],[80.445976,30.496886],[80.418295,30.523591],[80.345478,30.520332],[80.31539,30.564537],[80.254515,30.564569],[80.211384,30.584509],[80.219409,30.64277],[80.192574,30.666027],[80.197811,30.686161],[80.232973,30.690488],[80.248781,30.720413],[80.238638,30.762319],[80.21254,30.752681],[80.172791,30.809018],[80.112388,30.779679],[80.008171,30.866245],[79.961515,30.888541],[79.930972,30.88054],[79.908398,30.914693],[79.888784,30.917653],[79.866039,30.971783],[79.816588,30.971682],[79.752312,31.005804],[79.734932,30.979515],[79.700733,30.970731],[79.665555,30.982895],[79.663156,30.96445],[79.600909,30.938809],[79.552631,30.957968],[79.516038,30.997456],[79.506865,31.03239],[79.427466,31.022924],[79.412762,31.108019],[79.321237,31.138566],[79.300861,31.219047],[79.226325,31.260592],[79.249211,31.284667],[79.220248,31.316502],[79.236496,31.334996],[79.170612,31.363133],[79.17725,31.385491],[79.142343,31.432088],[79.075166,31.459016],[79.060767,31.429558],[79.018892,31.426718],[79.018694,31.349011],[79.000465,31.341845],[78.979362,31.363938],[78.944818,31.36625],[78.899509,31.289732],[78.882566,31.284126],[78.93091,31.217775],[78.94989,31.216959],[78.958705,31.18725],[78.98763,31.1742],[79.0123843,31.1114462],[78.9529895,31.0980526],[78.9196041,31.1113718],[78.891921,31.0975565],[78.8324909,31.1426624],[78.8126717,31.1976365],[78.7729167,31.1854169],[78.6749839,31.1966507],[78.6622524,31.185059],[78.6508655,31.2145633],[78.6052458,31.229077],[78.5570229,31.2003751],[78.4885594,31.1973262],[78.4608363,31.2398847],[78.4376621,31.2533499],[78.4128141,31.2397746],[78.4013986,31.273636],[78.3758732,31.2850755],[78.3171097,31.2813451],[78.3122634,31.2598067],[78.2862235,31.2649043],[78.248577,31.2285826],[78.1622314,31.2252064],[78.1011199,31.1840952],[78.0452441,31.1780004],[78.0292151,31.1500072],[77.9702925,31.1722724],[77.9002332,31.1510832],[77.8527045,31.0751192],[77.8095475,31.0584678],[77.8303134,31.0297783],[77.7987384,31.0330787],[77.8007713,31.0143927],[77.8314297,30.9939728],[77.8145098,30.9622831],[77.8385424,30.9547939],[77.7711654,30.9768548],[77.7497291,30.9607559],[77.7635479,30.9212973],[77.8107762,30.9261937],[77.8056478,30.8567003],[77.7579688,30.8802019],[77.7431631,30.8500687],[77.7616435,30.8248613],[77.7038155,30.7653461],[77.7020931,30.7457455],[77.7343225,30.7349012],[77.7559089,30.7068626],[77.7479266,30.6797755],[77.7926874,30.6585691],[77.7821302,30.6468843],[77.7953696,30.6135018],[77.7721309,30.6173244],[77.7707147,30.5970279],[77.7416825,30.593851],[77.7729463,30.5585101],[77.817192,30.5615219],[77.8185375,30.5081249],[77.57133,30.4092517],[77.5753165,30.3977064],[77.6562595,30.4012326],[77.7192592,30.3308795],[77.8458594,30.2708543],[77.8963634,30.266124],[77.946287,30.2333362],[77.8559017,30.1106819],[77.8245735,30.0860655],[77.800219,30.0970564],[77.7706718,30.048665],[77.78095,30.0202616],[77.7336788,29.957463],[77.7474117,29.9529639],[77.7307605,29.9326225],[77.746253,29.9101566],[77.7145814,29.8817322],[77.7732467,29.7919227],[77.772045,29.7129541],[77.8088517,29.7030418],[77.7979445,29.6893949],[77.809448,29.6808671],[77.8324485,29.6696337],[77.8811574,29.7027595],[77.9099107,29.6952107],[77.9247012,29.7142973],[77.9447364,29.7130287],[77.9459595,29.6824417],[77.9820943,29.6425957],[77.9756155,29.6137194],[77.9489651,29.6164362],[77.9312181,29.6002525],[77.9675459,29.5797461],[77.9950192,29.595922],[78.0215978,29.5808536],[78.0165124,29.5990025],[78.0572175,29.6306407],[78.0828165,29.6240378],[78.0794262,29.6354434],[78.1293582,29.6536729],[78.1778955,29.6977457],[78.1944179,29.6922283],[78.2028722,29.7377002],[78.258748,29.7388181],[78.3316706,29.7960279],[78.4895467,29.7379238],[78.5156822,29.7183958],[78.5211121,29.6523438],[78.6183364,29.5592215],[78.7961767,29.4656066],[78.9426726,29.4385842],[78.9112329,29.3921217],[78.8527822,29.3603902],[78.849349,29.3447452],[78.8266897,29.3706381],[78.7953615,29.3123534],[78.7706423,29.3380768],[78.7189722,29.3070396],[78.8073704,29.2366788],[78.8583388,29.2418412],[78.8744801,29.2302485],[78.8752161,29.2051682],[78.9087501,29.1785618],[78.9187581,29.1355345],[78.9063344,29.125014],[78.9564453,29.119888],[78.9831676,29.1423699],[79.0086507,29.1126131],[79.0268898,29.1124257],[79.0402793,29.1270472],[79.0150022,29.1320517],[79.0174477,29.153498],[79.0392456,29.1454897],[79.0390777,29.1690256],[79.1334486,29.1295589],[79.1522026,29.1097261],[79.1442697,29.0659119],[79.17454,29.0473535],[79.1612825,29.0238215],[79.1721153,29.0116308],[79.2108281,29.0265243],[79.3065691,28.9662841],[79.3133926,28.9764213],[79.3638203,28.9667828],[79.3720605,28.9876736],[79.3850607,28.9509428],[79.4185352,28.9404111],[79.42523,28.8662862],[79.4400136,28.8615212],[79.5317459,28.870533],[79.555132,28.899737],[79.5832872,28.8805668],[79.5764885,28.8504837],[79.6579814,28.8681278],[79.7065401,28.8426062],[79.7505712,28.8718859],[79.8299216,28.8860906],[79.8513793,28.8603856],[79.8294067,28.8539207],[79.8373031,28.8336966],[79.8076051,28.8006197],[79.8497485,28.8017361],[79.8463153,28.8246735],[79.8648333,28.8379447],[79.9129199,28.8192592],[79.9146365,28.8054215],[79.8734004,28.8121685],[79.8716223,28.7972309],[79.9406432,28.7874447],[79.9239921,28.7726247],[79.9440756,28.7640971],[79.9523704,28.7243243],[80.0301218,28.748961],[80.0661341,28.7800432],[80.0586717,28.916607],[80.1003072,28.985913],[80.117519,28.9813091],[80.1352114,29.0073532],[80.128938,29.0627042],[80.1451573,29.1046845],[80.1837525,29.1373657],[80.2337243,29.1161941],[80.2716923,29.1386973],[80.2409094,29.2022671],[80.2525897,29.2219837],[80.2926787,29.1965368],[80.2902382,29.2314553],[80.318593,29.3033524],[80.2716345,29.3628529],[80.275642,29.3920464],[80.2421156,29.4112329],[80.2424883,29.4425452],[80.2757987,29.4585006],[80.3017658,29.4517468],[80.2868454,29.4767243],[80.3497741,29.5188557],[80.3578648,29.5331396],[80.3425718,29.5528699],[80.378934,29.560806],[80.4081896,29.5970691],[80.4201719,29.6391004],[80.3846535,29.674112],[80.3666307,29.7493506],[80.3970164,29.758766],[80.4067537,29.7948392],[80.4350146,29.8061672],[80.4940941,29.7958281],[80.5071436,29.8231041],[80.5528943,29.8507059],[80.5740102,29.9234357],[80.6012729,29.9578935],[80.6740646,29.9571059],[80.7201917,30.0008948],[80.7462262,30.0052664],[80.7607206,30.0493672],[80.8778549,30.1300069],[80.8625229,30.169295],[80.9063566,30.2197159],[80.9282386,30.1753405],[81.044362,30.205812],[81.02633,30.227219],[81.03086,30.247088],[81.004624,30.263625],[80.9356371,30.2634666],[80.907084,30.303679],[80.801598,30.323033],[80.734136,30.40061],[80.5988574,30.4714609],[80.5978489,30.4696485]]]}},{"type":"Feature","properties":{"name":"West Bengal","code":"IN-WB"},"geometry":{"type":"MultiPolygon","coordinates":[[[[89.8161323,26.3427283],[89.7897213,26.3418328],[89.8174147,26.3209353],[89.8185592,26.338832],[89.8161323,26.3427283]]],[[[88.0481082,21.9164176],[88.0748874,21.9273211],[88.1435269,22.0243164],[88.0805227,22.0045804],[88.0481243,21.9172636],[88.0481082,21.9164176]]],[[[88.1362083,21.8752368],[88.1301409,21.8835176],[88.1025194,21.8309117],[88.0418425,21.686203],[88.0433821,21.6549353],[88.0684393,21.633784],[88.1110435,21.6290815],[88.1533312,21.649361],[88.171353,21.8115815],[88.1363796,21.8749205],[88.1362083,21.8752368]]],[[[88.1673856,21.9213784],[88.1617983,21.9375446],[88.1666301,21.9205372],[88.1673856,21.9213784]]],[[[88.1244037,21.9234794],[88.1295267,21.9016309],[88.1408054,21.9136206],[88.1248865,21.9237556],[88.1244037,21.9234794]]],[[[88.1850833,21.5691664],[88.176527,21.597188],[88.1844932,21.5688296],[88.1850833,21.5691664]]],[[[88.2093734,21.6080736],[88.231523,21.6429139],[88.2263813,21.6696851],[88.1944952,21.6837853],[88.2141155,21.6996262],[88.2090122,21.7131504],[88.1823099,21.6863923],[88.2095477,21.6077419],[88.2093734,21.6080736]]],[[[88.1842624,21.6909883],[88.2037168,21.7207703],[88.1842785,21.6912026],[88.1842624,21.6909883]]],[[[88.1970405,21.7339985],[88.1999426,21.741929],[88.1965523,21.7339935],[88.1970405,21.7339985]]],[[[88.1955975,21.7597738],[88.2000607,21.7651046],[88.1956028,21.7604962],[88.1955975,21.7597738]]],[[[88.1819164,21.7890978],[88.1820183,21.7922185],[88.1817018,21.7895062],[88.1819164,21.7890978]]],[[[88.1687446,21.8415358],[88.1724567,21.8321244],[88.1688733,21.8415806],[88.1687446,21.8415358]]],[[[88.184001,21.8259994],[88.1739481,21.8381722],[88.1838615,21.8245353],[88.184001,21.8259994]]],[[[88.3007669,21.5894667],[88.2867068,21.5946293],[88.2860175,21.623899],[88.3032908,21.6798772],[88.2604104,21.7303011],[88.2726225,21.7541612],[88.2192894,21.7614204],[88.2219984,21.7018242],[88.2000821,21.689423],[88.2338163,21.6690047],[88.2358869,21.6382443],[88.2193511,21.61538],[88.2404815,21.6062806],[88.2386308,21.5750904],[88.2571112,21.560785],[88.2922509,21.5654098],[88.3010512,21.5892622],[88.3007669,21.5894667]]],[[[88.3613054,21.7965679],[88.3521098,21.8538388],[88.3317015,21.8606654],[88.2629532,21.8005421],[88.303196,21.7667521],[88.3063584,21.7108488],[88.331771,21.710376],[88.3414162,21.7589526],[88.3752522,21.7685019],[88.3793024,21.7878627],[88.3616333,21.7961126],[88.3613054,21.7965679]]],[[[88.2828363,21.7694912],[88.2857787,21.7878058],[88.2635204,21.7925901],[88.2821148,21.7701737],[88.2828363,21.7694912]]],[[[88.2989604,21.7063897],[88.3052716,21.7363244],[88.2890563,21.7797634],[88.2755756,21.7354387],[88.2986292,21.7062115],[88.2989604,21.7063897]]],[[[88.4871107,21.724072],[88.4887347,21.7224444],[88.4862792,21.7246326],[88.4871107,21.724072]]],[[[88.5018839,21.7775146],[88.5072245,21.7877684],[88.5011118,21.7768666],[88.5018839,21.7775146]]],[[[88.4613991,21.8019044],[88.496426,21.8096965],[88.4888703,21.8335098],[88.4508446,21.814012],[88.4606776,21.80239],[88.4613991,21.8019044]]],[[[88.5089707,21.859079],[88.5132515,21.8292335],[88.526228,21.8339691],[88.5089438,21.859811],[88.5089707,21.859079]]],[[[88.4767198,21.9001477],[88.4900772,21.8890729],[88.5104701,21.9119609],[88.4769988,21.9012377],[88.4767198,21.9001477]]],[[[88.4423163,21.9084773],[88.4562102,21.9134841],[88.4425416,21.9089353],[88.4423163,21.9084773]]],[[[88.4619476,21.7938229],[88.446769,21.8134318],[88.4886637,21.8404798],[88.4847598,21.880776],[88.4500989,21.9050602],[88.4211659,21.9027209],[88.3998558,21.8704949],[88.4024253,21.7999768],[88.4253716,21.8143893],[88.4618825,21.7935521],[88.4619476,21.7938229]]],[[[88.4674287,21.6776339],[88.4664551,21.6687653],[88.4674408,21.6776501],[88.4674287,21.6776339]]],[[[88.1715112,21.8095421],[88.1700555,21.7814013],[88.1716883,21.8092881],[88.1715112,21.8095421]]],[[[88.4121792,21.7339487],[88.4235102,21.7204727],[88.419385,21.7640384],[88.4423769,21.8002258],[88.4233546,21.8108469],[88.3833924,21.7786873],[88.4121202,21.7341493],[88.4121792,21.7339487]]],[[[88.3962335,21.7534113],[88.3706032,21.7269499],[88.4064862,21.715271],[88.3826307,21.6823048],[88.3849293,21.6168935],[88.4007999,21.6017244],[88.4279144,21.6286776],[88.4098792,21.6791892],[88.4281907,21.7022355],[88.3963637,21.7533461],[88.3962335,21.7534113]]],[[[88.3180806,21.6096034],[88.346225,21.6304629],[88.3489635,21.6761646],[88.3291366,21.7067411],[88.3037013,21.7074762],[88.3172585,21.6667188],[88.3062172,21.6138015],[88.3175455,21.6092343],[88.3180806,21.6096034]]],[[[88.5213581,21.9440396],[88.5248038,21.9164474],[88.4959925,21.8836758],[88.5263487,21.854272],[88.5469561,21.880715],[88.5400199,21.9034502],[88.5705917,21.9040847],[88.5490254,21.9209338],[88.5404866,21.9658752],[88.554992,21.9743797],[88.5759186,21.9596189],[88.5825142,21.9927202],[88.5561554,22.0045225],[88.5406207,21.9794302],[88.5177849,21.9875461],[88.4986719,21.9745376],[88.520293,21.9449911],[88.5213581,21.9440396]]],[[[88.6304158,21.6653204],[88.6310488,21.656441],[88.6304694,21.6654051],[88.6304158,21.6653204]]],[[[88.6201161,21.7261861],[88.598751,21.7156933],[88.6202677,21.7261537],[88.6201161,21.7261861]]],[[[88.5883869,21.6880709],[88.5884768,21.6578171],[88.6045546,21.6802125],[88.5877553,21.70078],[88.5886297,21.6880859],[88.5883869,21.6880709]]],[[[88.5990178,21.633759],[88.5674161,21.6909924],[88.5556693,21.6361525],[88.5912568,21.6196165],[88.5993531,21.633375],[88.5990178,21.633759]]],[[[88.5918296,21.720202],[88.6207062,21.734761],[88.5849094,21.7540193],[88.5821253,21.7780498],[88.5696852,21.7696406],[88.5908627,21.7205909],[88.5918296,21.720202]]],[[[88.6217804,21.7249752],[88.6231202,21.7722935],[88.6004931,21.7898829],[88.5862746,21.7566847],[88.6187938,21.7426614],[88.6209235,21.7255035],[88.6217804,21.7249752]]],[[[88.6121882,21.7985654],[88.6172971,21.8289396],[88.5904562,21.8521684],[88.5768601,21.8162406],[88.6121754,21.7985881],[88.6121882,21.7985654]]],[[[88.5835817,21.8751978],[88.5831391,21.8655499],[88.5840028,21.8754417],[88.5835817,21.8751978]]],[[[88.5789509,21.8904305],[88.6107069,21.9260323],[88.5456526,21.9723574],[88.550089,21.9220038],[88.5719369,21.9074579],[88.5796262,21.9226476],[88.5786975,21.8902351],[88.5789509,21.8904305]]],[[[88.5768145,21.9658329],[88.6128098,21.9329219],[88.5972932,21.9690964],[88.6051829,21.9983519],[88.5763317,21.9687084],[88.5768145,21.9658329]]],[[[88.8168513,21.9033527],[88.8214486,21.9015571],[88.8170123,21.9035418],[88.8168513,21.9033527]]],[[[88.8156062,21.8998043],[88.8005805,21.8708284],[88.8301357,21.8649464],[88.8399625,21.888164],[88.8158007,21.8999089],[88.8156062,21.8998043]]],[[[88.7224424,21.9310135],[88.7249333,21.9031442],[88.7672353,21.8793821],[88.7573809,21.9097785],[88.7711245,21.9250694],[88.7371999,21.9175],[88.7227804,21.9312822],[88.7224424,21.9310135]]],[[[88.7724173,21.9236635],[88.7583357,21.908803],[88.7904417,21.8648045],[88.8143,21.9019396],[88.7724388,21.9239994],[88.7724173,21.9236635]]],[[[88.7768268,21.8666068],[88.7710547,21.8469803],[88.7841654,21.8428375],[88.8003713,21.8557184],[88.8231164,21.8509337],[88.8206488,21.8395387],[88.8292989,21.8617253],[88.8006663,21.8779174],[88.7769878,21.8670648],[88.7768268,21.8666068]]],[[[88.8193238,21.8432259],[88.799631,21.8545484],[88.7688339,21.8425388],[88.7943712,21.791178],[88.8185699,21.8412601],[88.8193238,21.8432259]]],[[[88.7173649,21.9052979],[88.6980959,21.8497039],[88.7299847,21.8715154],[88.7519895,21.852268],[88.7800937,21.8592384],[88.7482774,21.8960563],[88.7173582,21.9053514],[88.7173649,21.9052979]]],[[[88.6973261,21.8410948],[88.7138915,21.8267934],[88.7513405,21.8517105],[88.7305802,21.8647995],[88.6972135,21.8413686],[88.6973261,21.8410948]]],[[[88.7083768,21.8115642],[88.7258461,21.7946087],[88.7439993,21.8205061],[88.7570858,21.781213],[88.7767088,21.8226102],[88.7637698,21.8286259],[88.7685012,21.8527908],[88.705523,21.8279786],[88.708291,21.8118431],[88.7083768,21.8115642]]],[[[88.7490713,21.8134467],[88.7272891,21.7934967],[88.7459117,21.7724553],[88.7497043,21.8140344],[88.7490713,21.8134467]]],[[[88.8224726,21.8221272],[88.7839722,21.7658967],[88.7924158,21.7494254],[88.830192,21.7668832],[88.8228803,21.8214947],[88.8224726,21.8221272]]],[[[88.7810325,21.8244229],[88.7495112,21.7697527],[88.7656044,21.7610243],[88.7565278,21.7338541],[88.7766954,21.731137],[88.7883737,21.74667],[88.793596,21.8074005],[88.7815475,21.8247217],[88.7810325,21.8244229]]],[[[88.7818801,21.7111495],[88.8125324,21.7199856],[88.8240377,21.6681109],[88.8103813,21.6409494],[88.8439035,21.6219005],[88.8278424,21.6494808],[88.8436943,21.627391],[88.8585108,21.6398325],[88.8389897,21.714688],[88.8642561,21.7592407],[88.8319623,21.765528],[88.7911056,21.7488263],[88.7815207,21.7113786],[88.7818801,21.7111495]]],[[[88.7801474,21.7088618],[88.7629223,21.701266],[88.7806034,21.7087172],[88.7801474,21.7088618]]],[[[88.881787,21.7435558],[88.8737726,21.6944525],[88.890523,21.6850315],[88.8887533,21.699648],[88.8874894,21.6590634],[88.9205222,21.6346628],[88.9396047,21.6944425],[88.8820016,21.7441388],[88.881787,21.7435558]]],[[[89.002984,21.6526318],[89.0134969,21.6581162],[89.0032361,21.6528861],[89.002984,21.6526318]]],[[[88.9550929,21.6766829],[88.9417398,21.6397776],[88.9578974,21.6204742],[88.9905453,21.6158462],[88.9921868,21.6427346],[88.9653041,21.6418754],[88.9553332,21.6768638],[88.9550929,21.6766829]]],[[[88.9513995,21.7007412],[88.9639163,21.6449882],[88.992852,21.643804],[88.9997828,21.6042805],[89.0338495,21.6124],[89.0218949,21.6536439],[88.9875626,21.6532053],[88.9865901,21.7037716],[88.9515835,21.7012362],[88.9513995,21.7007412]]],[[[88.9912339,21.7040218],[88.9902147,21.6536335],[89.0020466,21.6523376],[89.0178984,21.6611824],[89.0224582,21.6918305],[89.0064132,21.7053082],[89.0195131,21.7132028],[88.9760077,21.7267979],[88.9904701,21.7051487],[88.9912339,21.7040218]]],[[[89.0321289,21.7214469],[89.0558892,21.7267331],[89.0368187,21.7398835],[89.0320457,21.7215229],[89.0321289,21.7214469]]],[[[88.9222777,21.7610093],[88.9231762,21.7200154],[88.9496791,21.7029307],[88.9831048,21.7059262],[88.9687764,21.7217547],[88.9863771,21.7454792],[88.9683419,21.7388919],[88.9222374,21.7611712],[88.9222777,21.7610093]]],[[[88.9997291,21.7626534],[89.0173888,21.7189837],[89.0300757,21.7205884],[89.037563,21.7414232],[88.999654,21.7632712],[88.9997291,21.7626534]]],[[[88.989526,21.7886576],[88.9512056,21.7575027],[88.969033,21.7404361],[88.9879811,21.7466601],[88.9769518,21.7282929],[89.0148608,21.7185527],[88.9962208,21.7653338],[89.0111553,21.7805778],[88.9900356,21.7885729],[88.989526,21.7886576]]],[[[88.9952338,21.812356],[88.9899766,21.7905355],[89.0130436,21.7796663],[88.9987099,21.7671871],[89.0221752,21.759661],[89.0157741,21.811878],[88.9958346,21.8125303],[88.9952338,21.812356]]],[[[88.9969879,21.815424],[88.9720541,21.8445057],[88.9763403,21.8038892],[88.9423674,21.7853201],[88.9577512,21.7924545],[88.9727697,21.7758964],[88.9968538,21.815292],[88.9969879,21.815424]]],[[[88.9109427,21.7546121],[88.9351147,21.8221222],[88.8833052,21.807515],[88.8948226,21.7889514],[88.9048594,21.7946049],[88.8949191,21.7539146],[88.9095265,21.7540591],[88.9109427,21.7546121]]],[[[88.8535058,21.864899],[88.8376593,21.8430317],[88.8351381,21.7820225],[88.8685047,21.7739424],[88.9134613,21.7283427],[88.9195391,21.7442783],[88.8907885,21.7541538],[88.8827151,21.8142236],[88.8648677,21.8156531],[88.8785684,21.8197952],[88.8669491,21.8413138],[88.8763475,21.8522531],[88.8537472,21.8649987],[88.8535058,21.864899]]],[[[88.9135247,21.7568663],[88.9608478,21.7707641],[88.9388108,21.7908293],[88.9529514,21.8076844],[88.969962,21.8029479],[88.9759326,21.8205536],[88.9403611,21.8472791],[88.9247185,21.834995],[88.938387,21.8161062],[88.9131474,21.7575816],[88.9135247,21.7568663]]],[[[88.8832461,21.8299804],[88.8870012,21.8126474],[88.922696,21.8243333],[88.9387062,21.8504357],[88.8870656,21.8491412],[88.8846731,21.8307971],[88.8832461,21.8299804]]],[[[88.8900965,21.9138272],[88.870216,21.8984603],[88.9144563,21.8803567],[88.9185601,21.859791],[88.947941,21.8413238],[88.948633,21.884879],[88.9360964,21.8813522],[88.9334356,21.8971612],[88.9141345,21.8888339],[88.8902306,21.9131204],[88.8900965,21.9138272]]],[[[88.8203537,21.9279805],[88.8569945,21.887706],[88.8546645,21.8691657],[88.8673943,21.8735166],[88.8570034,21.8590193],[88.8774901,21.8541351],[88.882125,21.8309067],[88.8863253,21.8497587],[88.9148721,21.8456483],[88.913834,21.8790274],[88.8691055,21.8981668],[88.8865439,21.9146495],[88.848879,21.9112963],[88.820756,21.9281323],[88.8203537,21.9279805]]],[[[88.8932025,21.9157856],[88.9142525,21.8897895],[88.9335215,21.8985051],[88.9364129,21.8826713],[88.9499044,21.8861508],[88.9554472,21.8533996],[88.9768901,21.8676199],[88.9720031,21.8977885],[88.9201426,21.9250221],[88.8964158,21.9165519],[88.8932025,21.9157856]]],[[[88.9693772,21.8908499],[88.9801222,21.8677021],[88.9537775,21.8304784],[88.9734381,21.8469255],[88.9840972,21.8245126],[89.0180486,21.8172268],[89.0289598,21.8438882],[88.988614,21.8700319],[89.0152966,21.8502465],[89.0291368,21.8647647],[88.9694845,21.8910539],[88.9693772,21.8908499]]],[[[88.8768625,21.5584476],[88.8969791,21.5613113],[88.8931382,21.5769461],[88.8338721,21.6056671],[88.841452,21.5645354],[88.8748992,21.5589166],[88.8768625,21.5584476]]],[[[88.9234283,22.1224587],[88.9318961,22.0991573],[88.9014852,22.0650394],[88.9184864,21.9814796],[88.9348572,21.9913523],[88.922102,22.0599988],[88.9660406,22.0777908],[88.9836359,22.1211418],[88.9605823,22.1894838],[88.9426356,22.190584],[88.9193608,22.1603138],[88.8948011,22.1712731],[88.9215508,22.1248068],[88.9234283,22.1224587]]],[[[89.0720073,21.9699185],[89.0732753,22.0033991],[89.0316018,22.0822697],[89.0500474,22.1311253],[89.0177214,22.1547667],[89.013682,22.1950468],[88.9734864,22.1944632],[88.9974358,22.1299004],[88.9747739,22.0697126],[88.9352649,22.0555187],[88.9476961,21.9941698],[88.9265746,21.9621264],[88.9316171,21.9431177],[89.0128612,21.9031092],[89.0243903,21.932321],[89.0605818,21.933223],[89.0713455,21.9690392],[89.0720073,21.9699185]]],[[[88.7959215,22.1093933],[88.7479341,22.0598018],[88.7619406,22.0223364],[88.8033458,22.034061],[88.9006885,22.0182721],[88.9034821,22.0485741],[88.8910245,22.0565926],[88.9044034,22.086649],[88.8674399,22.0880283],[88.833298,22.124213],[88.8077151,22.1258876],[88.7977511,22.1111039],[88.7959215,22.1093933]]],[[[88.8703796,22.0172029],[88.8018116,22.0293171],[88.7621793,22.0146964],[88.7443184,21.9797124],[88.7253908,21.9783065],[88.7251685,21.9377274],[88.7406331,21.922397],[88.7899754,21.9207203],[88.8169366,21.9415005],[88.8563704,21.9194832],[88.9053019,21.9270723],[88.9031133,22.0090715],[88.8715571,22.0151253],[88.8703796,22.0172029]]],[[[88.6934409,21.9695205],[88.7149214,22.0010217],[88.65646,22.0178544],[88.6287206,21.9629125],[88.6775824,21.9439057],[88.6926752,21.9674995],[88.6934409,21.9695205]]],[[[88.3643889,21.7323218],[88.3850298,21.7396643],[88.3884671,21.7615624],[88.3451226,21.7555188],[88.3400237,21.7132956],[88.3597708,21.6875507],[88.394431,21.7141708],[88.3631632,21.7301889],[88.3643889,21.7323218]]],[[[88.5755055,21.695103],[88.5909712,21.6904673],[88.5704254,21.7323492],[88.5354119,21.7329572],[88.5265847,21.7169405],[88.5396069,21.7010292],[88.5746767,21.6942431],[88.5755055,21.695103]]],[[[88.5250049,21.5959761],[88.5494988,21.565936],[88.5811757,21.5823386],[88.5902738,21.6089537],[88.524614,21.6522137],[88.5104244,21.6025249],[88.5239562,21.5967341],[88.5250049,21.5959761]]],[[[88.5081875,21.5487633],[88.5372895,21.56646],[88.4967505,21.5991233],[88.4826368,21.5612365],[88.5035472,21.5494769],[88.5081875,21.5487633]]],[[[88.5685962,21.6751401],[88.5643396,21.7045332],[88.5432199,21.6988867],[88.5199705,21.7158291],[88.5402238,21.6410591],[88.551524,21.6373991],[88.5679686,21.6744734],[88.5685962,21.6751401]]],[[[88.751614,21.5852168],[88.7947708,21.5914046],[88.7713444,21.6228231],[88.7743485,21.646863],[88.7407511,21.6536389],[88.6968863,21.7043662],[88.6898213,21.6834589],[88.7207499,21.6387605],[88.7104475,21.5925842],[88.7337023,21.5760032],[88.7461719,21.5852443],[88.751614,21.5852168]]],[[[88.7595212,21.7109176],[88.7754019,21.7209118],[88.751142,21.7327928],[88.7583679,21.7590215],[88.7265675,21.774037],[88.7127247,21.8064443],[88.6961781,21.7457382],[88.7121534,21.6890841],[88.7467861,21.659572],[88.8023078,21.6597865],[88.8101935,21.7029208],[88.7645316,21.6921646],[88.758687,21.7096268],[88.7595212,21.7109176]]],[[[89.0265351,21.6582109],[89.0286916,21.6359531],[89.0513778,21.6213619],[89.091745,21.6384762],[89.0881669,21.6782671],[89.0581477,21.7216999],[89.0107906,21.7072719],[89.0256715,21.6600257],[89.0265351,21.6582109]]],[[[88.4326646,21.7044347],[88.4204605,21.6531778],[88.449887,21.625683],[88.4755612,21.793341],[88.445507,21.7973208],[88.4242773,21.7684337],[88.4325868,21.7044795],[88.4326646,21.7044347]]],[[[88.5575938,21.824662],[88.57627,21.8876492],[88.5441183,21.9050254],[88.550046,21.8805656],[88.5302728,21.8482326],[88.5552951,21.8226401],[88.5575938,21.824662]]],[[[88.6513799,21.8728384],[88.6670454,21.9126539],[88.6381285,21.9209575],[88.5944956,21.854653],[88.6207491,21.8319226],[88.6125,21.8165881],[88.6369496,21.7868693],[88.6524991,21.8686615],[88.6513799,21.8728384]]],[[[88.5049608,21.7582941],[88.5217004,21.7196615],[88.5401648,21.736702],[88.5700164,21.7335439],[88.5707259,21.7904284],[88.5416829,21.8108669],[88.5040005,21.7634406],[88.5049608,21.7582941]]],[[[88.6133194,22.0135401],[88.6248798,22.031791],[88.733764,22.0121923],[88.7429291,22.0737119],[88.8051161,22.1308544],[88.8444426,22.1234625],[88.8720694,22.0878419],[88.916169,22.0910729],[88.9245093,22.1081956],[88.8867143,22.1703689],[88.918603,22.1657761],[88.9647746,22.2116826],[89.0172735,22.2090131],[89.0229785,22.1668095],[89.0535128,22.1516465],[89.0615326,22.1292071],[89.096286,22.1539221],[89.0679967,22.1479102],[89.0695287,22.1986895],[89.0396187,22.2282015],[89.0331498,22.2585099],[89.0151227,22.253801],[89.0186975,22.2699372],[88.9959784,22.2857459],[89.0243729,22.2958241],[88.9847735,22.3261886],[88.992074,22.3911531],[88.9723429,22.4112788],[89.0000865,22.4295816],[88.9962042,22.4694074],[88.9614371,22.5489892],[88.9409143,22.5633552],[88.9385551,22.5901137],[88.9600096,22.6166466],[88.9345419,22.6189977],[88.9268534,22.6520653],[88.9621343,22.6941597],[88.9274341,22.7185508],[88.911741,22.7576992],[88.9591469,22.7968345],[88.968522,22.8449691],[88.9452782,22.8808118],[88.910689,22.879846],[88.8953899,22.9130906],[88.9081591,22.9196751],[88.887087,22.9336097],[88.8939693,22.9524104],[88.8595155,22.9426868],[88.8559425,22.9656645],[88.8711447,22.9785187],[88.8653177,23.0009049],[88.8449027,23.0092408],[88.8799706,23.0069289],[88.8840795,23.0403456],[88.8609142,23.077447],[88.8684233,23.1011008],[88.8997052,23.1113257],[88.9303642,23.1431933],[88.938664,23.1768782],[88.9620826,23.1931451],[88.9799518,23.1825671],[88.979892,23.212367],[88.9958861,23.2130182],[88.975189,23.2242545],[88.9425658,23.2062865],[88.9141842,23.2139362],[88.9067369,23.2360169],[88.8241259,23.2338799],[88.8116533,23.2566127],[88.8114514,23.2215728],[88.789814,23.2185165],[88.7693552,23.2452233],[88.724722,23.248056],[88.7244004,23.2719077],[88.696208,23.302238],[88.7105897,23.3130354],[88.7255269,23.2986297],[88.7304568,23.3197746],[88.7453055,23.3076162],[88.734722,23.341111],[88.7631738,23.3675273],[88.7463467,23.3963976],[88.7647462,23.4490735],[88.7887923,23.4471124],[88.7992072,23.4988489],[88.7711586,23.4983184],[88.774028,23.4799242],[88.7615415,23.4908486],[88.7608092,23.47867],[88.7429881,23.4808225],[88.7243628,23.5124065],[88.6576936,23.5479923],[88.6410669,23.6075947],[88.5776782,23.6026789],[88.5911076,23.6383896],[88.5618798,23.6351866],[88.5557976,23.6494897],[88.5705095,23.6693993],[88.5592615,23.7118271],[88.5786921,23.7620334],[88.5542365,23.7849991],[88.5722374,23.7851134],[88.5899358,23.7994168],[88.5844148,23.8148019],[88.600351,23.8166748],[88.5745832,23.8631689],[88.6192612,23.879154],[88.6259789,23.8670916],[88.669722,23.868056],[88.7369676,23.9191584],[88.7404926,23.9858722],[88.722778,24.002222],[88.7470533,24.0316089],[88.7224533,24.0423903],[88.725833,24.060278],[88.698611,24.090556],[88.708333,24.171389],[88.745278,24.192778],[88.721667,24.280556],[88.686111,24.318611],[88.652222,24.294167],[88.497778,24.320833],[88.323889,24.434444],[88.125556,24.508611],[88.082222,24.625556],[88.007915,24.6678238],[88.0627926,24.725324],[88.06765,24.7707103],[88.103657,24.7810872],[88.1090197,24.8125055],[88.1321166,24.8193729],[88.1452698,24.8540822],[88.1622588,24.8513729],[88.1602069,24.8966327],[88.135278,24.918333],[88.1368512,24.9375266],[88.2227518,24.9618552],[88.2634495,24.9200865],[88.264167,24.885556],[88.3425,24.870278],[88.396111,24.9375],[88.3936554,24.9618444],[88.4174323,24.9741349],[88.4136128,24.9934486],[88.4364735,25.0064692],[88.46,25.069444],[88.460833,25.147222],[88.4386866,25.2078061],[88.4631565,25.1953055],[88.4745296,25.2121903],[88.4987633,25.2108489],[88.53786,25.1977935],[88.5340328,25.1877534],[88.5581612,25.192839],[88.5638056,25.1752662],[88.6130734,25.2042073],[88.7090774,25.2075937],[88.7491124,25.1767476],[88.7691868,25.1899434],[88.8058201,25.1705327],[88.8435496,25.2135374],[88.8638329,25.1898009],[88.8746283,25.1962379],[88.8748965,25.1791396],[88.910736,25.1800112],[88.9227384,25.1644216],[88.9335673,25.1810505],[88.9480171,25.1766921],[88.9368529,25.2106541],[88.9608912,25.2086426],[88.9544452,25.2532041],[88.9886041,25.2748504],[89.0079472,25.264428],[89.0091658,25.3011861],[88.929667,25.304275],[88.9061191,25.3377469],[88.8842119,25.3256884],[88.8408379,25.3639731],[88.8410699,25.3976061],[88.8138262,25.4105853],[88.8303167,25.4177019],[88.8259589,25.4442246],[88.839595,25.4583322],[88.8289686,25.4903414],[88.8121983,25.4915526],[88.8103853,25.5233387],[88.7593827,25.5265852],[88.7655074,25.4960727],[88.744081,25.4881127],[88.7414251,25.5050491],[88.7225404,25.5020457],[88.6994113,25.4713136],[88.6468639,25.4779373],[88.6486089,25.4967968],[88.6233788,25.497229],[88.6088975,25.5165038],[88.5954625,25.506102],[88.5537355,25.5211555],[88.5392764,25.5090222],[88.5327252,25.5421271],[88.4937801,25.5593135],[88.4995327,25.5840526],[88.4445316,25.5971377],[88.4542444,25.6645068],[88.4034555,25.6722513],[88.4034983,25.6860717],[88.3711725,25.696774],[88.3742316,25.7170499],[88.3210876,25.7375306],[88.2664749,25.7832898],[88.2692283,25.8083869],[88.2366248,25.8100414],[88.210182,25.7863472],[88.1837892,25.8019017],[88.151801,25.7757646],[88.1441924,25.7937804],[88.1145054,25.798346],[88.1199779,25.8124636],[88.1010189,25.8292323],[88.1109918,25.8672721],[88.0938778,25.8736303],[88.1021972,25.8894585],[88.085681,25.916747],[88.1215747,25.9474755],[88.1150314,25.9624558],[88.1394478,26.0130068],[88.182271,26.0254777],[88.1695319,26.0459702],[88.1828148,26.0730648],[88.1586904,26.0800373],[88.1778508,26.1485228],[88.2419121,26.1888088],[88.2751979,26.1879108],[88.3507229,26.2204792],[88.3495412,26.2824716],[88.3845344,26.313463],[88.4151355,26.3153049],[88.4033457,26.3289511],[88.4352059,26.335562],[88.457624,26.3765599],[88.4823389,26.3498313],[88.523871,26.3597579],[88.4862941,26.4601153],[88.4195065,26.465849],[88.4056316,26.4860818],[88.371997,26.4880288],[88.3523696,26.4477655],[88.3315922,26.4819499],[88.4093822,26.635823],[88.4357721,26.5452658],[88.4851379,26.5411257],[88.4890723,26.5101743],[88.5213653,26.5105774],[88.5263154,26.4806979],[88.5567888,26.4854319],[88.5598929,26.4575762],[88.5919059,26.4495328],[88.5943408,26.4708622],[88.6228888,26.4710188],[88.623766,26.4350626],[88.6677686,26.4072368],[88.6859193,26.413016],[88.669566,26.3971974],[88.7017246,26.3888417],[88.6809531,26.3797918],[88.7046265,26.332605],[88.7460484,26.3474473],[88.734627,26.3279738],[88.747533,26.3214635],[88.6751471,26.3201688],[88.666487,26.2629947],[88.7213779,26.2814315],[88.7210924,26.2930243],[88.7455343,26.2893123],[88.7490835,26.3092266],[88.7635967,26.2994747],[88.7934488,26.3100595],[88.8191225,26.2946716],[88.8129548,26.2559286],[88.8417029,26.2307824],[88.8777936,26.2335177],[88.8617421,26.2734751],[88.8983441,26.2887677],[88.9265191,26.2825361],[88.9532528,26.2420565],[89.0507129,26.2415507],[89.060699,26.2915975],[89.0457186,26.2955898],[89.0398026,26.276626],[89.0200558,26.289381],[89.0215116,26.3093003],[89.0183347,26.2902724],[89.0068999,26.3047577],[88.9967576,26.2912181],[88.9823899,26.3088367],[89.0008786,26.3298263],[88.9862283,26.3318054],[88.9850965,26.3499666],[88.9611091,26.3519605],[88.9557175,26.3295893],[88.9533256,26.3651126],[88.9109822,26.3680593],[88.9181833,26.4003498],[88.9047234,26.4086703],[88.9272809,26.4075121],[88.926084,26.4306838],[88.9450659,26.4249249],[88.9461345,26.4479836],[88.9655054,26.4576596],[88.9937379,26.4128769],[89.0042321,26.4218833],[89.0334671,26.3955424],[89.0960839,26.3911994],[89.0794787,26.3629596],[89.0979563,26.3592582],[89.1010572,26.3371772],[89.083587,26.323278],[89.136206,26.3201974],[89.1232457,26.2871544],[89.1046849,26.3159112],[89.1000531,26.2795034],[89.1409092,26.2357422],[89.14926,26.2089007],[89.1355139,26.1800681],[89.1572183,26.1632945],[89.1553274,26.1383238],[89.229636,26.1239392],[89.2512343,26.0914039],[89.2674871,26.0921058],[89.2540688,26.0640906],[89.2822089,26.0656065],[89.2810619,26.0501819],[89.3239891,26.0381117],[89.3493369,26.0096081],[89.3932582,26.0066801],[89.3911044,26.0229095],[89.423717,26.0475073],[89.4300876,26.0115746],[89.463594,25.9981728],[89.5438706,26.0056548],[89.5402263,25.9701058],[89.557195,25.9655588],[89.5659509,25.9805524],[89.5761606,25.968672],[89.5785325,26.0262166],[89.6127269,26.0528603],[89.6050804,26.063649],[89.6501178,26.0628307],[89.629775,26.1072815],[89.6083935,26.0886605],[89.5939295,26.1024291],[89.6300519,26.1179921],[89.6257682,26.1287235],[89.604398,26.1171578],[89.5963682,26.1349891],[89.590835,26.1573032],[89.6089664,26.1533252],[89.6189797,26.167829],[89.6078706,26.1794011],[89.6472561,26.1645129],[89.6583753,26.1765417],[89.6276987,26.1845213],[89.6301075,26.1960708],[89.6486091,26.1906253],[89.6342379,26.2296043],[89.660019,26.2192558],[89.6856241,26.2310616],[89.6793399,26.2157634],[89.6913944,26.2116109],[89.6735551,26.2018014],[89.7012367,26.1725249],[89.6837308,26.1616901],[89.7020073,26.1519371],[89.7365505,26.1727894],[89.7092373,26.1728078],[89.6986005,26.191177],[89.7130745,26.1877166],[89.7116,26.2029669],[89.7332303,26.2119921],[89.7003936,26.2184484],[89.732158,26.2378299],[89.7026158,26.2578633],[89.7046566,26.2719246],[89.7174503,26.2591573],[89.7378856,26.2701028],[89.7182393,26.3087849],[89.7575531,26.2904409],[89.7509837,26.3243834],[89.7642755,26.3160689],[89.788858,26.3561068],[89.8219224,26.3718102],[89.8227633,26.3516331],[89.8280157,26.3811315],[89.8588997,26.3840269],[89.8498812,26.4035889],[89.8299535,26.3970041],[89.8352544,26.4120203],[89.8574771,26.4119796],[89.8491551,26.4227911],[89.8721452,26.4520733],[89.8539736,26.4918345],[89.8644875,26.5732433],[89.8826022,26.5833931],[89.8784216,26.6155338],[89.8582511,26.623378],[89.8769343,26.6485062],[89.8747744,26.6822705],[89.8371862,26.7067284],[89.7715969,26.7021871],[89.751606,26.7345917],[89.7257698,26.7233884],[89.6705473,26.7398923],[89.6577553,26.7185914],[89.6254327,26.7228744],[89.6497891,26.7766789],[89.6206261,26.7772068],[89.5584572,26.8135437],[89.4667868,26.8037289],[89.4395048,26.8404459],[89.3899128,26.8419399],[89.3789399,26.8622805],[89.3175195,26.8515261],[89.2623264,26.8154816],[89.1333927,26.8066943],[89.100021,26.8434722],[89.0956396,26.8917031],[89.0467643,26.898364],[89.0492796,26.9160914],[89.0215481,26.9408303],[88.9803169,26.9173182],[88.9452798,26.9327214],[88.9520304,26.9697046],[88.9225459,26.9930279],[88.8766694,26.9464608],[88.8699924,27.1098612],[88.8023919,27.1393428],[88.728962,27.1362688],[88.6915322,27.1783921],[88.6602595,27.160552],[88.5928626,27.1912186],[88.5429825,27.1831839],[88.5207655,27.1728896],[88.5323535,27.1500605],[88.4329466,27.0792596],[88.3215408,27.1047467],[88.3022935,27.1292902],[88.2300233,27.1189805],[88.1946268,27.1348499],[88.1563493,27.1100042],[88.1366336,27.1146458],[88.0888496,27.1432637],[88.0791661,27.2010873],[88.0272093,27.2208245],[88.0135479,27.2129746],[88.0192216,27.1711901],[87.9908064,27.1065591],[88.0209652,27.0878841],[88.037493,27.0367855],[88.077487,27.0355148],[88.0921216,27.0046811],[88.1354044,26.9850549],[88.1203237,26.9506055],[88.1458994,26.9211818],[88.1362424,26.8988756],[88.173383,26.8656669],[88.1674069,26.8379059],[88.1897754,26.7567836],[88.1609316,26.6367948],[88.1426718,26.6259947],[88.1301697,26.5737837],[88.1125187,26.5717055],[88.1028557,26.5396437],[88.1300529,26.5160245],[88.1793929,26.5482542],[88.2116103,26.539944],[88.2109533,26.56092],[88.2254876,26.5567452],[88.2296833,26.5350447],[88.1798866,26.4876431],[88.2107336,26.4730923],[88.2243602,26.4819468],[88.2098231,26.4692253],[88.2695789,26.4204452],[88.2279377,26.3927474],[88.232215,26.3795982],[88.276265,26.3794379],[88.2937958,26.3517297],[88.2746931,26.328571],[88.2472527,26.3281209],[88.2106318,26.2777914],[88.1443979,26.2522412],[88.1398154,26.227195],[88.1144164,26.2237246],[88.0718483,26.1742024],[88.037234,26.1787072],[87.9998794,26.1383958],[87.9920707,26.1509604],[87.9749022,26.1433738],[87.981397,26.1260571],[87.9692715,26.1176215],[87.9868033,26.1014072],[87.9636055,26.0946263],[87.9856216,26.0776602],[87.9529125,26.0764672],[87.9455021,26.0607608],[87.9280484,26.0830673],[87.8559251,26.0359763],[87.8384338,25.9314931],[87.8073742,25.9298524],[87.8298278,25.870648],[87.9146902,25.8539469],[87.888037,25.830663],[87.9158848,25.8163962],[87.8994578,25.807486],[87.9041711,25.7711307],[87.9379726,25.7739322],[87.9657011,25.7256205],[87.9988548,25.7219036],[88.0206456,25.6958644],[88.0481415,25.6978992],[88.0481653,25.6462213],[88.0368009,25.6416427],[88.0552608,25.637821],[88.0202649,25.5911494],[88.0385117,25.5693978],[88.0258214,25.5588553],[88.0372757,25.5383222],[88.0765349,25.5080962],[88.0733801,25.4843119],[88.0492614,25.4860134],[88.0135213,25.5112115],[87.9957753,25.4995445],[87.9937986,25.5224126],[87.9633339,25.5395352],[87.9277224,25.5371961],[87.9027617,25.5053242],[87.8843707,25.5205728],[87.8632318,25.4641125],[87.8393461,25.4678411],[87.8226837,25.437081],[87.7872576,25.4504011],[87.7751923,25.4089097],[87.7643249,25.41314],[87.7696626,25.3789767],[87.792312,25.373548],[87.7959601,25.3262029],[87.855435,25.2968851],[87.8624084,25.2741058],[87.8243745,25.2365017],[87.8400814,25.2014999],[87.7730584,25.2211416],[87.7923486,25.0966763],[87.8057904,25.0726523],[87.8572751,25.0546309],[87.8993604,25.0067847],[87.9405383,24.9908548],[87.9628253,24.934534],[87.952928,24.9077635],[87.8913291,24.8560342],[87.9005277,24.8233045],[87.869119,24.8246581],[87.8816007,24.8053714],[87.8692317,24.7750211],[87.8374072,24.7657933],[87.8362284,24.790213],[87.8164082,24.7597019],[87.9083519,24.7216175],[87.8877491,24.6799872],[87.916609,24.665753],[87.9141417,24.6377095],[87.8879168,24.630344],[87.9057716,24.6292757],[87.9060342,24.6150055],[87.8758323,24.6152294],[87.9107675,24.6104344],[87.9132768,24.5934638],[87.8919315,24.5841816],[87.8892682,24.5650519],[87.8494078,24.5538351],[87.8121799,24.5785595],[87.7712177,24.5830194],[87.8085881,24.5466948],[87.7941433,24.5011374],[87.8012634,24.4937201],[87.8093395,24.5145176],[87.8116833,24.4907683],[87.828151,24.4986154],[87.8107042,24.4763634],[87.8237724,24.4584566],[87.8031362,24.4540016],[87.7888314,24.4165496],[87.8112769,24.4178338],[87.7939501,24.3992859],[87.8011028,24.3822172],[87.7644026,24.3393282],[87.7616024,24.3084671],[87.7293017,24.2884217],[87.7136738,24.2943992],[87.7058912,24.2614364],[87.6591663,24.2361196],[87.6387771,24.2543828],[87.6343746,24.2416529],[87.6466267,24.2315264],[87.6386059,24.2139894],[87.6986066,24.1878127],[87.6944234,24.1502424],[87.5761452,24.1612822],[87.6102302,24.1325337],[87.5765971,24.1122572],[87.5802213,24.0863688],[87.5599203,24.0819689],[87.4976167,24.1189733],[87.48983,24.0901148],[87.5107494,24.0822466],[87.4906142,24.0705943],[87.5119805,24.0358357],[87.4761291,24.0122702],[87.4383379,24.0135542],[87.4603943,23.9838291],[87.3604239,24.0130918],[87.3281661,23.9986651],[87.3191741,24.0084817],[87.337123,24.0343095],[87.2874582,24.0288625],[87.2453821,24.0451217],[87.2328878,24.0237437],[87.2505034,23.9970364],[87.2641558,24.000608],[87.2615317,23.9675752],[87.2932491,23.9586347],[87.2835447,23.9209068],[87.2950331,23.902341],[87.2691496,23.874584],[87.2451232,23.9082017],[87.2549387,23.8470353],[87.2386986,23.8264276],[87.2165405,23.8317059],[87.2336839,23.8571338],[87.1885824,23.8431548],[87.1961045,23.8578101],[87.1330643,23.8701907],[87.1300203,23.8539117],[87.1670157,23.8245264],[87.1504878,23.7975648],[87.1217762,23.7966547],[86.9732392,23.8687727],[86.9461441,23.8465036],[86.9155578,23.8824316],[86.8802432,23.8623247],[86.8902968,23.8205022],[86.8742155,23.8473097],[86.8265356,23.8139398],[86.8047608,23.8368466],[86.8033575,23.801299],[86.828366,23.7601953],[86.7990376,23.6890325],[86.7473355,23.6787866],[86.7149477,23.6988756],[86.5975661,23.6737546],[86.5353974,23.6312369],[86.4618067,23.6302995],[86.4470844,23.5981359],[86.3881589,23.5739487],[86.3651078,23.5326896],[86.3751946,23.5103425],[86.3624199,23.4842486],[86.3794628,23.4736398],[86.3640901,23.471689],[86.351459,23.4420937],[86.3057663,23.4348246],[86.3105533,23.4113593],[86.2640928,23.4307684],[86.2473935,23.4111352],[86.2298525,23.430852],[86.2455672,23.4592949],[86.2326166,23.4622431],[86.2283833,23.4428824],[86.1782883,23.4698417],[86.148825,23.4652573],[86.1583469,23.5599805],[86.0808674,23.5656789],[86.077429,23.5792127],[86.0420644,23.5868814],[86.0162778,23.5473172],[86.0538364,23.4870567],[85.8700012,23.4749455],[85.8638924,23.4313559],[85.8825825,23.4305842],[85.9025429,23.3971147],[85.8708125,23.3888142],[85.8830678,23.3507821],[85.8196735,23.2681201],[85.8386057,23.2468344],[85.836581,23.2205262],[85.8638145,23.2223818],[85.8825232,23.198729],[85.8945422,23.1551283],[85.9576144,23.1610455],[86.0445219,23.1442378],[86.0512566,23.1055262],[86.1462571,23.0749591],[86.14198,23.0542497],[86.1850256,23.0053836],[86.2484992,22.9949103],[86.3037384,23.0159984],[86.3395333,22.9898141],[86.3727518,22.9981533],[86.3985478,22.9798933],[86.4192589,23.0002741],[86.5011475,22.9935903],[86.5211942,22.9707097],[86.5456062,22.9902783],[86.52598,22.9476053],[86.5025803,22.9518734],[86.4891334,22.9372428],[86.4763181,22.9511754],[86.4353401,22.9251852],[86.467138,22.8999269],[86.4507717,22.8615353],[86.4349712,22.8605124],[86.4388457,22.8310233],[86.4164858,22.7898983],[86.5113251,22.7049958],[86.5441953,22.7216029],[86.6360365,22.6649699],[86.6341097,22.6103881],[86.6595178,22.5750358],[86.7668552,22.5750227],[86.802388,22.5030404],[86.7925679,22.4777559],[86.7498713,22.4829476],[86.7618659,22.4317041],[86.8463542,22.3990831],[86.8321107,22.3272278],[86.8877902,22.2974594],[86.8863246,22.2572386],[86.8239556,22.2667552],[86.8182516,22.2537202],[86.8135921,22.267391],[86.8039925,22.2435846],[86.7922617,22.266302],[86.7948618,22.2431694],[86.812023,22.2412268],[86.8024146,22.2175498],[86.7790733,22.2169155],[86.7949051,22.2277877],[86.7776753,22.2365942],[86.7764136,22.2178646],[86.724962,22.2180201],[86.7197107,22.1472815],[86.7938453,22.1574844],[86.8064141,22.1197053],[86.8246214,22.1189219],[86.8337382,22.0986998],[86.9579597,22.0885526],[87.0266956,22.0370857],[87.0303534,21.9853431],[86.9997218,21.9132455],[87.035603,21.8691703],[87.0979317,21.8669217],[87.0970997,21.9139375],[87.1614026,21.9349203],[87.1704137,21.9799379],[87.2318051,21.9570435],[87.2498126,21.9349727],[87.2343815,21.9006383],[87.2767828,21.8055016],[87.2969822,21.8115544],[87.3385715,21.7847646],[87.3555165,21.7921733],[87.3696604,21.7654329],[87.3850627,21.7767671],[87.4455533,21.7681643],[87.4447782,21.7340321],[87.4691844,21.7325165],[87.4603704,21.6513973],[87.4860148,21.6322358],[87.4847457,21.6099784],[87.6822293,21.655739],[87.7523709,21.6843382],[87.7531243,21.6980402],[87.7850075,21.691689],[87.8217161,21.7128587],[87.9772389,21.8639133],[88.0525478,22.0110856],[88.1164146,22.0437488],[88.187007,21.9922348],[88.1547652,21.9593262],[88.1780612,21.9276894],[88.1643927,21.8813572],[88.2201029,21.7638805],[88.2746624,21.7550966],[88.2655455,21.7303198],[88.2799396,21.7566449],[88.2538363,21.783853],[88.2538632,21.8147291],[88.3087277,21.8367279],[88.3154574,21.8593977],[88.3568225,21.8622082],[88.3678103,21.8907924],[88.3470136,21.9477078],[88.3709871,21.8944337],[88.3552104,21.8269975],[88.3650487,21.7974204],[88.3830208,21.7928056],[88.3889258,21.8709927],[88.4171748,21.9052294],[88.4538969,21.9176269],[88.4738419,21.8962156],[88.5190585,21.9140486],[88.5212177,21.9407218],[88.4900156,21.9603503],[88.4965012,21.9757452],[88.5200054,21.989885],[88.5395453,21.979792],[88.5557605,22.0060276],[88.5949517,21.98725],[88.6131317,22.0128264],[88.6133194,22.0135401]],[[88.9302356,26.3027953],[88.9210041,26.3350921],[88.9383462,26.3350139],[88.9375313,26.3130229],[88.9516894,26.3166085],[88.9607931,26.2950428],[88.9850047,26.295598],[88.9535516,26.2748365],[88.9292189,26.302592],[88.9302356,26.3027953]],[[89.1332894,26.3225764],[89.1365765,26.3227241],[89.1345821,26.3220963],[89.1332894,26.3225764]]]]}}]}